Linux 5.15.36-xilinx-v2022.2 (xilinx-zcu102-20222) 	09/01/26 	_aarch64_	(4 CPU)

14:07:30     CPU    %usr   %nice    %sys %iowait    %irq   %soft  %steal  %guest  %gnice   %idle
14:07:31     all   13.32    0.00   12.81    0.00    0.00    0.00    0.00    0.00    0.00   73.87
14:07:31       0   12.24    0.00   20.41    0.00    0.00    0.00    0.00    0.00    0.00   67.35
14:07:31       1   10.00    0.00    3.00    0.00    0.00    0.00    0.00    0.00    0.00   87.00
14:07:31       2   22.77    0.00   25.74    0.00    0.00    0.00    0.00    0.00    0.00   51.49
14:07:31       3    8.08    0.00    2.02    0.00    0.00    0.00    0.00    0.00    0.00   89.90

14:07:31     CPU    %usr   %nice    %sys %iowait    %irq   %soft  %steal  %guest  %gnice   %idle
14:07:32     all   12.79    0.00    4.60    0.00    0.00    0.00    0.00    0.00    0.00   82.61
14:07:32       0   17.35    0.00    3.06    0.00    0.00    0.00    0.00    0.00    0.00   79.59
14:07:32       1    2.06    0.00    5.15    0.00    0.00    0.00    0.00    0.00    0.00   92.78
14:07:32       2   16.33    0.00    9.18    0.00    0.00    0.00    0.00    0.00    0.00   74.49
14:07:32       3   15.31    0.00    1.02    0.00    0.00    0.00    0.00    0.00    0.00   83.67

14:07:32     CPU    %usr   %nice    %sys %iowait    %irq   %soft  %steal  %guest  %gnice   %idle
14:07:33     all   14.67    0.00    4.40    0.00    0.00    0.00    0.00    0.00    0.00   80.93
14:07:33       0   22.12    0.00    0.96    0.00    0.00    0.00    0.00    0.00    0.00   76.92
14:07:33       1   13.46    0.00    2.88    0.00    0.00    0.00    0.00    0.00    0.00   83.65
14:07:33       2    4.08    0.00   13.27    0.00    0.00    0.00    0.00    0.00    0.00   82.65
14:07:33       3   18.45    0.00    0.97    0.00    0.00    0.00    0.00    0.00    0.00   80.58

14:07:33     CPU    %usr   %nice    %sys %iowait    %irq   %soft  %steal  %guest  %gnice   %idle
14:07:34     all   13.32    0.00    5.53    0.00    0.00    0.00    0.00    0.00    0.00   81.16
14:07:34       0   14.14    0.00    6.06    0.00    0.00    0.00    0.00    0.00    0.00   79.80
14:07:34       1   14.29    0.00    6.12    0.00    0.00    0.00    0.00    0.00    0.00   79.59
14:07:34       2    9.18    0.00    6.12    0.00    0.00    0.00    0.00    0.00    0.00   84.69
14:07:34       3   15.53    0.00    3.88    0.00    0.00    0.00    0.00    0.00    0.00   80.58

14:07:34     CPU    %usr   %nice    %sys %iowait    %irq   %soft  %steal  %guest  %gnice   %idle
14:07:35     all   13.49    0.00    4.07    0.00    0.00    0.00    0.00    0.00    0.00   82.44
14:07:35       0   20.00    0.00    5.00    0.00    0.00    0.00    0.00    0.00    0.00   75.00
14:07:35       1   17.00    0.00    0.00    0.00    0.00    0.00    0.00    0.00    0.00   83.00
14:07:35       2    6.32    0.00    7.37    0.00    0.00    0.00    0.00    0.00    0.00   86.32
14:07:35       3   10.20    0.00    4.08    0.00    0.00    0.00    0.00    0.00    0.00   85.71

14:07:35     CPU    %usr   %nice    %sys %iowait    %irq   %soft  %steal  %guest  %gnice   %idle
14:07:36     all   12.75    0.00    4.75    0.00    0.00    0.00    0.00    0.00    0.00   82.50
14:07:36       0   16.67    0.00    3.12    0.00    0.00    0.00    0.00    0.00    0.00   80.21
14:07:36       1   14.00    0.00    6.00    0.00    0.00    0.00    0.00    0.00    0.00   80.00
14:07:36       2   10.89    0.00    2.97    0.00    0.00    0.00    0.00    0.00    0.00   86.14
14:07:36       3    9.71    0.00    6.80    0.00    0.00    0.00    0.00    0.00    0.00   83.50

14:07:36     CPU    %usr   %nice    %sys %iowait    %irq   %soft  %steal  %guest  %gnice   %idle
14:07:37     all   13.20    0.00    5.58    0.00    0.00    0.00    0.00    0.00    0.00   81.22
14:07:37       0   15.31    0.00    9.18    0.00    0.00    0.00    0.00    0.00    0.00   75.51
14:07:37       1   16.83    0.00    5.94    0.00    0.00    0.00    0.00    0.00    0.00   77.23
14:07:37       2    7.29    0.00    4.17    0.00    0.00    0.00    0.00    0.00    0.00   88.54
14:07:37       3   13.13    0.00    3.03    0.00    0.00    0.00    0.00    0.00    0.00   83.84

14:07:37     CPU    %usr   %nice    %sys %iowait    %irq   %soft  %steal  %guest  %gnice   %idle
14:07:38     all   11.57    0.00    4.63    0.00    0.00    0.00    0.00    0.00    0.00   83.80
14:07:38       0   10.20    0.00    3.06    0.00    0.00    0.00    0.00    0.00    0.00   86.73
14:07:38       1   10.31    0.00    7.22    0.00    0.00    0.00    0.00    0.00    0.00   82.47
14:07:38       2   11.58    0.00    0.00    0.00    0.00    0.00    0.00    0.00    0.00   88.42
14:07:38       3   14.14    0.00    8.08    0.00    0.00    0.00    0.00    0.00    0.00   77.78

14:07:38     CPU    %usr   %nice    %sys %iowait    %irq   %soft  %steal  %guest  %gnice   %idle
14:07:39     all   14.14    0.00    5.46    0.00    0.00    0.00    0.00    0.00    0.00   80.40
14:07:39       0    9.09    0.00    7.07    0.00    0.00    0.00    0.00    0.00    0.00   83.84
14:07:39       1   14.00    0.00    5.00    0.00    0.00    0.00    0.00    0.00    0.00   81.00
14:07:39       2   15.53    0.00    3.88    0.00    0.00    0.00    0.00    0.00    0.00   80.58
14:07:39       3   17.82    0.00    5.94    0.00    0.00    0.00    0.00    0.00    0.00   76.24

14:07:39     CPU    %usr   %nice    %sys %iowait    %irq   %soft  %steal  %guest  %gnice   %idle
14:07:40     all   13.23    0.00    2.54    0.00    0.00    0.00    0.00    0.00    0.00   84.22
14:07:40       0   16.33    0.00    3.06    0.00    0.00    0.00    0.00    0.00    0.00   80.61
14:07:40       1   16.00    0.00    1.00    0.00    0.00    0.00    0.00    0.00    0.00   83.00
14:07:40       2    9.18    0.00    5.10    0.00    0.00    0.00    0.00    0.00    0.00   85.71
14:07:40       3   11.34    0.00    1.03    0.00    0.00    0.00    0.00    0.00    0.00   87.63

14:07:40     CPU    %usr   %nice    %sys %iowait    %irq   %soft  %steal  %guest  %gnice   %idle
14:07:41     all   13.38    0.00    3.79    0.00    0.00    0.00    0.00    0.00    0.00   82.83
14:07:41       0   12.50    0.00    5.21    0.00    0.00    0.00    0.00    0.00    0.00   82.29
14:07:41       1   16.16    0.00    1.01    0.00    0.00    0.00    0.00    0.00    0.00   82.83
14:07:41       2   10.00    0.00    3.00    0.00    0.00    0.00    0.00    0.00    0.00   87.00
14:07:41       3   14.85    0.00    5.94    0.00    0.00    0.00    0.00    0.00    0.00   79.21

14:07:41     CPU    %usr   %nice    %sys %iowait    %irq   %soft  %steal  %guest  %gnice   %idle
14:07:42     all   13.25    0.00    5.25    0.00    0.00    0.00    0.00    0.00    0.00   81.50
14:07:42       0   10.31    0.00    7.22    0.00    0.00    0.00    0.00    0.00    0.00   82.47
14:07:42       1   10.89    0.00    0.99    0.00    0.00    0.00    0.00    0.00    0.00   88.12
14:07:42       2   12.00    0.00    9.00    0.00    0.00    0.00    0.00    0.00    0.00   79.00
14:07:42       3   19.61    0.00    3.92    0.00    0.00    0.00    0.00    0.00    0.00   76.47

14:07:42     CPU    %usr   %nice    %sys %iowait    %irq   %soft  %steal  %guest  %gnice   %idle
14:07:43     all   13.72    0.00    3.99    0.00    0.00    0.00    0.00    0.00    0.00   82.29
14:07:43       0   17.35    0.00    3.06    0.00    0.00    0.00    0.00    0.00    0.00   79.59
14:07:43       1    9.00    0.00    7.00    0.00    0.00    0.00    0.00    0.00    0.00   84.00
14:07:43       2   11.65    0.00    3.88    0.00    0.00    0.00    0.00    0.00    0.00   84.47
14:07:43       3   17.00    0.00    2.00    0.00    0.00    0.00    0.00    0.00    0.00   81.00

14:07:43     CPU    %usr   %nice    %sys %iowait    %irq   %soft  %steal  %guest  %gnice   %idle
14:07:44     all   13.01    0.00    3.32    0.00    0.00    0.00    0.00    0.00    0.00   83.67
14:07:44       0    8.60    0.00    1.08    0.00    0.00    0.00    0.00    0.00    0.00   90.32
14:07:44       1   13.00    0.00    4.00    0.00    0.00    0.00    0.00    0.00    0.00   83.00
14:07:44       2   18.81    0.00    1.98    0.00    0.00    0.00    0.00    0.00    0.00   79.21
14:07:44       3   11.22    0.00    6.12    0.00    0.00    0.00    0.00    0.00    0.00   82.65

14:07:44     CPU    %usr   %nice    %sys %iowait    %irq   %soft  %steal  %guest  %gnice   %idle
14:07:45     all   13.10    0.00    5.29    0.00    0.00    0.00    0.00    0.00    0.00   81.61
14:07:45       0   14.29    0.00    9.18    0.00    0.00    0.00    0.00    0.00    0.00   76.53
14:07:45       1    9.90    0.00    5.94    0.00    0.00    0.00    0.00    0.00    0.00   84.16
14:07:45       2   16.49    0.00    5.15    0.00    0.00    0.00    0.00    0.00    0.00   78.35
14:07:45       3   11.88    0.00    0.99    0.00    0.00    0.00    0.00    0.00    0.00   87.13

14:07:45     CPU    %usr   %nice    %sys %iowait    %irq   %soft  %steal  %guest  %gnice   %idle
14:07:46     all   12.18    0.00    4.82    0.00    0.00    0.00    0.00    0.00    0.00   82.99
14:07:46       0    5.26    0.00   10.53    0.00    0.00    0.00    0.00    0.00    0.00   84.21
14:07:46       1   18.18    0.00    3.03    0.00    0.00    0.00    0.00    0.00    0.00   78.79
14:07:46       2   15.00    0.00    4.00    0.00    0.00    0.00    0.00    0.00    0.00   81.00
14:07:46       3   10.00    0.00    2.00    0.00    0.00    0.00    0.00    0.00    0.00   88.00

14:07:46     CPU    %usr   %nice    %sys %iowait    %irq   %soft  %steal  %guest  %gnice   %idle
14:07:47     all   13.38    0.00    3.54    0.00    0.00    0.00    0.00    0.00    0.00   83.08
14:07:47       0   14.00    0.00   10.00    0.00    0.00    0.00    0.00    0.00    0.00   76.00
14:07:47       1   12.87    0.00    2.97    0.00    0.00    0.00    0.00    0.00    0.00   84.16
14:07:47       2   12.37    0.00    1.03    0.00    0.00    0.00    0.00    0.00    0.00   86.60
14:07:47       3   14.29    0.00    0.00    0.00    0.00    0.00    0.00    0.00    0.00   85.71

14:07:47     CPU    %usr   %nice    %sys %iowait    %irq   %soft  %steal  %guest  %gnice   %idle
14:07:48     all   12.37    0.00    5.05    0.00    0.00    0.00    0.00    0.00    0.00   82.58
14:07:48       0   10.20    0.00    5.10    0.00    0.00    0.00    0.00    0.00    0.00   84.69
14:07:48       1   11.88    0.00    6.93    0.00    0.00    0.00    0.00    0.00    0.00   81.19
14:07:48       2   18.37    0.00    4.08    0.00    0.00    0.00    0.00    0.00    0.00   77.55
14:07:48       3    9.09    0.00    4.04    0.00    0.00    0.00    0.00    0.00    0.00   86.87

14:07:48     CPU    %usr   %nice    %sys %iowait    %irq   %soft  %steal  %guest  %gnice   %idle
14:07:49     all   12.91    0.00    4.81    0.00    0.00    0.00    0.00    0.00    0.00   82.28
14:07:49       0    8.33    0.00    4.17    0.00    0.00    0.00    0.00    0.00    0.00   87.50
14:07:49       1   17.82    0.00    3.96    0.00    0.00    0.00    0.00    0.00    0.00   78.22
14:07:49       2    9.09    0.00    7.07    0.00    0.00    0.00    0.00    0.00    0.00   83.84
14:07:49       3   16.16    0.00    4.04    0.00    0.00    0.00    0.00    0.00    0.00   79.80

14:07:49     CPU    %usr   %nice    %sys %iowait    %irq   %soft  %steal  %guest  %gnice   %idle
14:07:50     all   14.11    0.00    3.96    0.00    0.00    0.00    0.00    0.00    0.00   81.93
14:07:50       0   11.22    0.00    2.04    0.00    0.00    0.00    0.00    0.00    0.00   86.73
14:07:50       1   10.00    0.00    5.00    0.00    0.00    0.00    0.00    0.00    0.00   85.00
14:07:50       2   17.31    0.00    5.77    0.00    0.00    0.00    0.00    0.00    0.00   76.92
14:07:50       3   17.65    0.00    2.94    0.00    0.00    0.00    0.00    0.00    0.00   79.41

14:07:50     CPU    %usr   %nice    %sys %iowait    %irq   %soft  %steal  %guest  %gnice   %idle
14:07:51     all   13.00    0.00    5.50    0.00    0.00    0.00    0.00    0.00    0.00   81.50
14:07:51       0   11.22    0.00    5.10    0.00    0.00    0.00    0.00    0.00    0.00   83.67
14:07:51       1   14.00    0.00    6.00    0.00    0.00    0.00    0.00    0.00    0.00   80.00
14:07:51       2    7.92    0.00    2.97    0.00    0.00    0.00    0.00    0.00    0.00   89.11
14:07:51       3   18.81    0.00    7.92    0.00    0.00    0.00    0.00    0.00    0.00   73.27

14:07:51     CPU    %usr   %nice    %sys %iowait    %irq   %soft  %steal  %guest  %gnice   %idle
14:07:52     all   13.97    0.00    4.49    0.00    0.00    0.00    0.00    0.00    0.00   81.55
14:07:52       0   14.29    0.00    6.12    0.00    0.00    0.00    0.00    0.00    0.00   79.59
14:07:52       1   13.00    0.00    4.00    0.00    0.00    0.00    0.00    0.00    0.00   83.00
14:07:52       2   12.62    0.00    2.91    0.00    0.00    0.00    0.00    0.00    0.00   84.47
14:07:52       3   16.00    0.00    5.00    0.00    0.00    0.00    0.00    0.00    0.00   79.00

14:07:52     CPU    %usr   %nice    %sys %iowait    %irq   %soft  %steal  %guest  %gnice   %idle
14:07:53     all   14.14    0.00    4.71    0.00    0.00    0.00    0.00    0.00    0.00   81.14
14:07:53       0   19.80    0.00    6.93    0.00    0.00    0.00    0.00    0.00    0.00   73.27
14:07:53       1   17.48    0.00    2.91    0.00    0.00    0.00    0.00    0.00    0.00   79.61
14:07:53       2    9.18    0.00    6.12    0.00    0.00    0.00    0.00    0.00    0.00   84.69
14:07:53       3    9.90    0.00    2.97    0.00    0.00    0.00    0.00    0.00    0.00   87.13

14:07:53     CPU    %usr   %nice    %sys %iowait    %irq   %soft  %steal  %guest  %gnice   %idle
14:07:54     all   13.13    0.00    3.28    0.00    0.00    0.00    0.00    0.00    0.00   83.59
14:07:54       0   11.11    0.00    0.00    0.00    0.00    0.00    0.00    0.00    0.00   88.89
14:07:54       1   19.19    0.00    4.04    0.00    0.00    0.00    0.00    0.00    0.00   76.77
14:07:54       2   14.14    0.00    5.05    0.00    0.00    0.00    0.00    0.00    0.00   80.81
14:07:54       3    8.08    0.00    4.04    0.00    0.00    0.00    0.00    0.00    0.00   87.88

14:07:54     CPU    %usr   %nice    %sys %iowait    %irq   %soft  %steal  %guest  %gnice   %idle
14:07:55     all   13.70    0.00    2.58    0.00    0.00    0.00    0.00    0.00    0.00   83.72
14:07:55       0    9.38    0.00    2.08    0.00    0.00    0.00    0.00    0.00    0.00   88.54
14:07:55       1   16.33    0.00    2.04    0.00    0.00    0.00    0.00    0.00    0.00   81.63
14:07:55       2    9.57    0.00    3.19    0.00    0.00    0.00    0.00    0.00    0.00   87.23
14:07:55       3   19.19    0.00    3.03    0.00    0.00    0.00    0.00    0.00    0.00   77.78

14:07:55     CPU    %usr   %nice    %sys %iowait    %irq   %soft  %steal  %guest  %gnice   %idle
14:07:56     all   13.97    0.00    4.99    0.00    0.00    0.00    0.00    0.00    0.00   81.05
14:07:56       0   15.62    0.00    4.17    0.00    0.00    0.00    0.00    0.00    0.00   80.21
14:07:56       1   12.87    0.00    4.95    0.00    0.00    0.00    0.00    0.00    0.00   82.18
14:07:56       2   12.00    0.00    6.00    0.00    0.00    0.00    0.00    0.00    0.00   82.00
14:07:56       3   15.38    0.00    4.81    0.00    0.00    0.00    0.00    0.00    0.00   79.81

14:07:56     CPU    %usr   %nice    %sys %iowait    %irq   %soft  %steal  %guest  %gnice   %idle
14:07:57     all   13.53    0.00    3.51    0.00    0.00    0.00    0.00    0.00    0.00   82.96
14:07:57       0    9.47    0.00    4.21    0.00    0.00    0.00    0.00    0.00    0.00   86.32
14:07:57       1   18.63    0.00    1.96    0.00    0.00    0.00    0.00    0.00    0.00   79.41
14:07:57       2    9.09    0.00    7.07    0.00    0.00    0.00    0.00    0.00    0.00   83.84
14:07:57       3   16.50    0.00    0.97    0.00    0.00    0.00    0.00    0.00    0.00   82.52

14:07:57     CPU    %usr   %nice    %sys %iowait    %irq   %soft  %steal  %guest  %gnice   %idle
14:07:58     all   14.21    0.00    4.24    0.00    0.00    0.00    0.00    0.00    0.00   81.55
14:07:58       0   10.53    0.00    3.16    0.00    0.00    0.00    0.00    0.00    0.00   86.32
14:07:58       1   13.13    0.00    7.07    0.00    0.00    0.00    0.00    0.00    0.00   79.80
14:07:58       2   16.35    0.00    2.88    0.00    0.00    0.00    0.00    0.00    0.00   80.77
14:07:58       3   16.50    0.00    3.88    0.00    0.00    0.00    0.00    0.00    0.00   79.61

14:07:58     CPU    %usr   %nice    %sys %iowait    %irq   %soft  %steal  %guest  %gnice   %idle
14:07:59     all   14.04    0.00    4.01    0.00    0.00    0.00    0.00    0.00    0.00   81.95
14:07:59       0    8.33    0.00    5.21    0.00    0.00    0.00    0.00    0.00    0.00   86.46
14:07:59       1   15.53    0.00    2.91    0.00    0.00    0.00    0.00    0.00    0.00   81.55
14:07:59       2   17.35    0.00    5.10    0.00    0.00    0.00    0.00    0.00    0.00   77.55
14:07:59       3   14.71    0.00    2.94    0.00    0.00    0.00    0.00    0.00    0.00   82.35

14:07:59     CPU    %usr   %nice    %sys %iowait    %irq   %soft  %steal  %guest  %gnice   %idle
14:08:00     all   15.21    0.00    3.74    0.00    0.00    0.00    0.00    0.00    0.00   81.05
14:08:00       0    8.25    0.00    2.06    0.00    0.00    0.00    0.00    0.00    0.00   89.69
14:08:00       1   16.00    0.00    2.00    0.00    0.00    0.00    0.00    0.00    0.00   82.00
14:08:00       2   18.27    0.00    8.65    0.00    0.00    0.00    0.00    0.00    0.00   73.08
14:08:00       3   18.00    0.00    2.00    0.00    0.00    0.00    0.00    0.00    0.00   80.00

14:08:00     CPU    %usr   %nice    %sys %iowait    %irq   %soft  %steal  %guest  %gnice   %idle
14:08:01     all   13.10    0.00    3.27    0.00    0.00    0.00    0.00    0.00    0.00   83.63
14:08:01       0   10.31    0.00    2.06    0.00    0.00    0.00    0.00    0.00    0.00   87.63
14:08:01       1   20.79    0.00    0.99    0.00    0.00    0.00    0.00    0.00    0.00   78.22
14:08:01       2    4.17    0.00    8.33    0.00    0.00    0.00    0.00    0.00    0.00   87.50
14:08:01       3   16.50    0.00    1.94    0.00    0.00    0.00    0.00    0.00    0.00   81.55

14:08:01     CPU    %usr   %nice    %sys %iowait    %irq   %soft  %steal  %guest  %gnice   %idle
14:08:02     all   12.69    0.00    5.33    0.00    0.00    0.00    0.00    0.00    0.00   81.98
14:08:02       0   15.31    0.00    2.04    0.00    0.00    0.00    0.00    0.00    0.00   82.65
14:08:02       1   11.34    0.00    7.22    0.00    0.00    0.00    0.00    0.00    0.00   81.44
14:08:02       2   12.75    0.00    5.88    0.00    0.00    0.00    0.00    0.00    0.00   81.37
14:08:02       3   11.34    0.00    6.19    0.00    0.00    0.00    0.00    0.00    0.00   82.47

14:08:02     CPU    %usr   %nice    %sys %iowait    %irq   %soft  %steal  %guest  %gnice   %idle
14:08:03     all   13.13    0.00    4.55    0.00    0.00    0.00    0.00    0.00    0.00   82.32
14:08:03       0   15.31    0.00    3.06    0.00    0.00    0.00    0.00    0.00    0.00   81.63
14:08:03       1    9.09    0.00    9.09    0.00    0.00    0.00    0.00    0.00    0.00   81.82
14:08:03       2   12.00    0.00    4.00    0.00    0.00    0.00    0.00    0.00    0.00   84.00
14:08:03       3   16.16    0.00    2.02    0.00    0.00    0.00    0.00    0.00    0.00   81.82

14:08:03     CPU    %usr   %nice    %sys %iowait    %irq   %soft  %steal  %guest  %gnice   %idle
14:08:04     all   12.34    0.00    4.28    0.00    0.00    0.00    0.00    0.00    0.00   83.38
14:08:04       0    6.25    0.00    9.38    0.00    0.00    0.00    0.00    0.00    0.00   84.38
14:08:04       1   16.49    0.00    1.03    0.00    0.00    0.00    0.00    0.00    0.00   82.47
14:08:04       2   13.73    0.00    3.92    0.00    0.00    0.00    0.00    0.00    0.00   82.35
14:08:04       3   12.75    0.00    2.94    0.00    0.00    0.00    0.00    0.00    0.00   84.31

14:08:04     CPU    %usr   %nice    %sys %iowait    %irq   %soft  %steal  %guest  %gnice   %idle
14:08:05     all   12.85    0.00    4.28    0.00    0.00    0.00    0.00    0.00    0.00   82.87
14:08:05       0   11.58    0.00    5.26    0.00    0.00    0.00    0.00    0.00    0.00   83.16
14:08:05       1   15.15    0.00    1.01    0.00    0.00    0.00    0.00    0.00    0.00   83.84
14:08:05       2   13.59    0.00    5.83    0.00    0.00    0.00    0.00    0.00    0.00   80.58
14:08:05       3   11.00    0.00    5.00    0.00    0.00    0.00    0.00    0.00    0.00   84.00

14:08:05     CPU    %usr   %nice    %sys %iowait    %irq   %soft  %steal  %guest  %gnice   %idle
14:08:06     all   13.23    0.00    4.33    0.00    0.00    0.00    0.00    0.00    0.00   82.44
14:08:06       0    9.68    0.00    5.38    0.00    0.00    0.00    0.00    0.00    0.00   84.95
14:08:06       1   12.87    0.00    2.97    0.00    0.00    0.00    0.00    0.00    0.00   84.16
14:08:06       2   17.17    0.00    4.04    0.00    0.00    0.00    0.00    0.00    0.00   78.79
14:08:06       3   13.00    0.00    5.00    0.00    0.00    0.00    0.00    0.00    0.00   82.00

14:08:06     CPU    %usr   %nice    %sys %iowait    %irq   %soft  %steal  %guest  %gnice   %idle
14:08:07     all   13.20    0.00    3.81    0.00    0.00    0.00    0.00    0.00    0.00   82.99
14:08:07       0    9.28    0.00    1.03    0.00    0.00    0.00    0.00    0.00    0.00   89.69
14:08:07       1   17.17    0.00    8.08    0.00    0.00    0.00    0.00    0.00    0.00   74.75
14:08:07       2   12.24    0.00    4.08    0.00    0.00    0.00    0.00    0.00    0.00   83.67
14:08:07       3   14.00    0.00    2.00    0.00    0.00    0.00    0.00    0.00    0.00   84.00

14:08:07     CPU    %usr   %nice    %sys %iowait    %irq   %soft  %steal  %guest  %gnice   %idle
14:08:08     all   13.45    0.00    3.30    0.00    0.00    0.00    0.00    0.00    0.00   83.25
14:08:08       0   11.46    0.00    2.08    0.00    0.00    0.00    0.00    0.00    0.00   86.46
14:08:08       1   13.13    0.00    5.05    0.00    0.00    0.00    0.00    0.00    0.00   81.82
14:08:08       2    8.08    0.00    3.03    0.00    0.00    0.00    0.00    0.00    0.00   88.89
14:08:08       3   21.00    0.00    3.00    0.00    0.00    0.00    0.00    0.00    0.00   76.00

14:08:08     CPU    %usr   %nice    %sys %iowait    %irq   %soft  %steal  %guest  %gnice   %idle
14:08:09     all   13.92    0.00    3.04    0.00    0.00    0.00    0.00    0.00    0.00   83.04
14:08:09       0    9.18    0.00    4.08    0.00    0.00    0.00    0.00    0.00    0.00   86.73
14:08:09       1   19.80    0.00    0.99    0.00    0.00    0.00    0.00    0.00    0.00   79.21
14:08:09       2   16.00    0.00    4.00    0.00    0.00    0.00    0.00    0.00    0.00   80.00
14:08:09       3   10.42    0.00    3.12    0.00    0.00    0.00    0.00    0.00    0.00   86.46

14:08:09     CPU    %usr   %nice    %sys %iowait    %irq   %soft  %steal  %guest  %gnice   %idle
14:08:10     all   13.60    0.00    4.53    0.00    0.00    0.00    0.00    0.00    0.00   81.86
14:08:10       0   14.43    0.00    6.19    0.00    0.00    0.00    0.00    0.00    0.00   79.38
14:08:10       1   13.13    0.00    6.06    0.00    0.00    0.00    0.00    0.00    0.00   80.81
14:08:10       2   14.85    0.00    4.95    0.00    0.00    0.00    0.00    0.00    0.00   80.20
14:08:10       3   12.00    0.00    1.00    0.00    0.00    0.00    0.00    0.00    0.00   87.00

14:08:10     CPU    %usr   %nice    %sys %iowait    %irq   %soft  %steal  %guest  %gnice   %idle
14:08:11     all   13.25    0.00    4.00    0.00    0.00    0.00    0.00    0.00    0.00   82.75
14:08:11       0   12.87    0.00    6.93    0.00    0.00    0.00    0.00    0.00    0.00   80.20
14:08:11       1    8.08    0.00    6.06    0.00    0.00    0.00    0.00    0.00    0.00   85.86
14:08:11       2   15.31    0.00    1.02    0.00    0.00    0.00    0.00    0.00    0.00   83.67
14:08:11       3   16.67    0.00    1.96    0.00    0.00    0.00    0.00    0.00    0.00   81.37

14:08:11     CPU    %usr   %nice    %sys %iowait    %irq   %soft  %steal  %guest  %gnice   %idle
14:08:12     all   13.72    0.00    4.99    0.00    0.00    0.00    0.00    0.00    0.00   81.30
14:08:12       0   14.00    0.00    5.00    0.00    0.00    0.00    0.00    0.00    0.00   81.00
14:08:12       1   17.00    0.00    3.00    0.00    0.00    0.00    0.00    0.00    0.00   80.00
14:08:12       2   17.48    0.00    3.88    0.00    0.00    0.00    0.00    0.00    0.00   78.64
14:08:12       3    6.12    0.00    8.16    0.00    0.00    0.00    0.00    0.00    0.00   85.71

14:08:12     CPU    %usr   %nice    %sys %iowait    %irq   %soft  %steal  %guest  %gnice   %idle
14:08:13     all   13.50    0.00    6.25    0.00    0.00    0.00    0.00    0.00    0.00   80.25
14:08:13       0   11.22    0.00    8.16    0.00    0.00    0.00    0.00    0.00    0.00   80.61
14:08:13       1   12.00    0.00    3.00    0.00    0.00    0.00    0.00    0.00    0.00   85.00
14:08:13       2   15.53    0.00    6.80    0.00    0.00    0.00    0.00    0.00    0.00   77.67
14:08:13       3   15.15    0.00    7.07    0.00    0.00    0.00    0.00    0.00    0.00   77.78

14:08:13     CPU    %usr   %nice    %sys %iowait    %irq   %soft  %steal  %guest  %gnice   %idle
14:08:14     all   13.97    0.00    3.49    0.00    0.00    0.00    0.00    0.00    0.00   82.54
14:08:14       0   19.80    0.00    1.98    0.00    0.00    0.00    0.00    0.00    0.00   78.22
14:08:14       1   10.89    0.00    0.99    0.00    0.00    0.00    0.00    0.00    0.00   88.12
14:08:14       2   13.13    0.00    6.06    0.00    0.00    0.00    0.00    0.00    0.00   80.81
14:08:14       3   12.00    0.00    5.00    0.00    0.00    0.00    0.00    0.00    0.00   83.00

14:08:14     CPU    %usr   %nice    %sys %iowait    %irq   %soft  %steal  %guest  %gnice   %idle
14:08:15     all   11.81    0.00    5.28    0.00    0.00    0.00    0.00    0.00    0.00   82.91
14:08:15       0   17.00    0.00    3.00    0.00    0.00    0.00    0.00    0.00    0.00   80.00
14:08:15       1   11.22    0.00    2.04    0.00    0.00    0.00    0.00    0.00    0.00   86.73
14:08:15       2   11.00    0.00    8.00    0.00    0.00    0.00    0.00    0.00    0.00   81.00
14:08:15       3    8.00    0.00    8.00    0.00    0.00    0.00    0.00    0.00    0.00   84.00

14:08:15     CPU    %usr   %nice    %sys %iowait    %irq   %soft  %steal  %guest  %gnice   %idle
14:08:16     all   13.81    0.00    3.32    0.00    0.00    0.00    0.00    0.00    0.00   82.86
14:08:16       0   18.75    0.00    0.00    0.00    0.00    0.00    0.00    0.00    0.00   81.25
14:08:16       1   12.37    0.00    1.03    0.00    0.00    0.00    0.00    0.00    0.00   86.60
14:08:16       2    5.15    0.00   10.31    0.00    0.00    0.00    0.00    0.00    0.00   84.54
14:08:16       3   18.81    0.00    1.98    0.00    0.00    0.00    0.00    0.00    0.00   79.21

14:08:16     CPU    %usr   %nice    %sys %iowait    %irq   %soft  %steal  %guest  %gnice   %idle
14:08:17     all   12.88    0.00    4.80    0.00    0.00    0.00    0.00    0.00    0.00   82.32
14:08:17       0   16.67    0.00    4.90    0.00    0.00    0.00    0.00    0.00    0.00   78.43
14:08:17       1    7.14    0.00    5.10    0.00    0.00    0.00    0.00    0.00    0.00   87.76
14:08:17       2   12.24    0.00    7.14    0.00    0.00    0.00    0.00    0.00    0.00   80.61
14:08:17       3   15.31    0.00    2.04    0.00    0.00    0.00    0.00    0.00    0.00   82.65

14:08:17     CPU    %usr   %nice    %sys %iowait    %irq   %soft  %steal  %guest  %gnice   %idle
14:08:18     all   12.44    0.00    3.55    0.00    0.00    0.00    0.00    0.00    0.00   84.01
14:08:18       0    7.37    0.00    2.11    0.00    0.00    0.00    0.00    0.00    0.00   90.53
14:08:18       1   14.29    0.00    4.08    0.00    0.00    0.00    0.00    0.00    0.00   81.63
14:08:18       2   19.80    0.00    4.95    0.00    0.00    0.00    0.00    0.00    0.00   75.25
14:08:18       3    8.00    0.00    3.00    0.00    0.00    0.00    0.00    0.00    0.00   89.00

14:08:18     CPU    %usr   %nice    %sys %iowait    %irq   %soft  %steal  %guest  %gnice   %idle
14:08:19     all   13.92    0.00    4.05    0.00    0.00    0.00    0.00    0.00    0.00   82.03
14:08:19       0   12.37    0.00    3.09    0.00    0.00    0.00    0.00    0.00    0.00   84.54
14:08:19       1   12.87    0.00    1.98    0.00    0.00    0.00    0.00    0.00    0.00   85.15
14:08:19       2   15.00    0.00   10.00    0.00    0.00    0.00    0.00    0.00    0.00   75.00
14:08:19       3   15.46    0.00    1.03    0.00    0.00    0.00    0.00    0.00    0.00   83.51

14:08:19     CPU    %usr   %nice    %sys %iowait    %irq   %soft  %steal  %guest  %gnice   %idle
14:08:20     all   14.21    0.00    3.30    0.00    0.00    0.00    0.00    0.00    0.00   82.49
14:08:20       0   12.50    0.00    6.25    0.00    0.00    0.00    0.00    0.00    0.00   81.25
14:08:20       1   18.18    0.00    1.01    0.00    0.00    0.00    0.00    0.00    0.00   80.81
14:08:20       2   17.00    0.00    4.00    0.00    0.00    0.00    0.00    0.00    0.00   79.00
14:08:20       3    9.09    0.00    2.02    0.00    0.00    0.00    0.00    0.00    0.00   88.89

14:08:20     CPU    %usr   %nice    %sys %iowait    %irq   %soft  %steal  %guest  %gnice   %idle
14:08:21     all   12.41    0.00    4.81    0.00    0.00    0.00    0.00    0.00    0.00   82.78
14:08:21       0   10.20    0.00    8.16    0.00    0.00    0.00    0.00    0.00    0.00   81.63
14:08:21       1   16.16    0.00    1.01    0.00    0.00    0.00    0.00    0.00    0.00   82.83
14:08:21       2    8.25    0.00    6.19    0.00    0.00    0.00    0.00    0.00    0.00   85.57
14:08:21       3   14.85    0.00    3.96    0.00    0.00    0.00    0.00    0.00    0.00   81.19

14:08:21     CPU    %usr   %nice    %sys %iowait    %irq   %soft  %steal  %guest  %gnice   %idle
14:08:22     all   13.25    0.00    5.00    0.00    0.00    0.00    0.00    0.00    0.00   81.75
14:08:22       0   13.13    0.00    5.05    0.00    0.00    0.00    0.00    0.00    0.00   81.82
14:08:22       1   14.58    0.00    4.17    0.00    0.00    0.00    0.00    0.00    0.00   81.25
14:08:22       2   13.46    0.00    3.85    0.00    0.00    0.00    0.00    0.00    0.00   82.69
14:08:22       3   11.88    0.00    6.93    0.00    0.00    0.00    0.00    0.00    0.00   81.19

14:08:22     CPU    %usr   %nice    %sys %iowait    %irq   %soft  %steal  %guest  %gnice   %idle
14:08:23     all   13.64    0.00    4.04    0.00    0.00    0.00    0.00    0.00    0.00   82.32
14:08:23       0    6.19    0.00    8.25    0.00    0.00    0.00    0.00    0.00    0.00   85.57
14:08:23       1   19.19    0.00    3.03    0.00    0.00    0.00    0.00    0.00    0.00   77.78
14:08:23       2   16.67    0.00    0.98    0.00    0.00    0.00    0.00    0.00    0.00   82.35
14:08:23       3   12.24    0.00    4.08    0.00    0.00    0.00    0.00    0.00    0.00   83.67

14:08:23     CPU    %usr   %nice    %sys %iowait    %irq   %soft  %steal  %guest  %gnice   %idle
14:08:24     all   13.90    0.00    5.71    0.00    0.00    0.00    0.00    0.00    0.00   80.40
14:08:24       0   11.11    0.00   11.11    0.00    0.00    0.00    0.00    0.00    0.00   77.78
14:08:24       1   18.63    0.00    4.90    0.00    0.00    0.00    0.00    0.00    0.00   76.47
14:08:24       2   11.65    0.00    5.83    0.00    0.00    0.00    0.00    0.00    0.00   82.52
14:08:24       3   14.14    0.00    1.01    0.00    0.00    0.00    0.00    0.00    0.00   84.85

14:08:24     CPU    %usr   %nice    %sys %iowait    %irq   %soft  %steal  %guest  %gnice   %idle
14:08:25     all   11.22    0.00    4.08    0.00    0.00    0.00    0.00    0.00    0.00   84.69
14:08:25       0    9.68    0.00    6.45    0.00    0.00    0.00    0.00    0.00    0.00   83.87
14:08:25       1    8.16    0.00    3.06    0.00    0.00    0.00    0.00    0.00    0.00   88.78
14:08:25       2   10.00    0.00    4.00    0.00    0.00    0.00    0.00    0.00    0.00   86.00
14:08:25       3   16.83    0.00    2.97    0.00    0.00    0.00    0.00    0.00    0.00   80.20

14:08:25     CPU    %usr   %nice    %sys %iowait    %irq   %soft  %steal  %guest  %gnice   %idle
14:08:26     all   13.32    0.00    4.52    0.00    0.00    0.00    0.00    0.00    0.00   82.16
14:08:26       0   18.18    0.00    4.04    0.00    0.00    0.00    0.00    0.00    0.00   77.78
14:08:26       1   12.24    0.00    2.04    0.00    0.00    0.00    0.00    0.00    0.00   85.71
14:08:26       2   12.87    0.00    8.91    0.00    0.00    0.00    0.00    0.00    0.00   78.22
14:08:26       3   10.00    0.00    3.00    0.00    0.00    0.00    0.00    0.00    0.00   87.00

14:08:26     CPU    %usr   %nice    %sys %iowait    %irq   %soft  %steal  %guest  %gnice   %idle
14:08:27     all   12.05    0.00    4.36    0.00    0.00    0.00    0.00    0.00    0.00   83.59
14:08:27       0   16.33    0.00    2.04    0.00    0.00    0.00    0.00    0.00    0.00   81.63
14:08:27       1   13.86    0.00    4.95    0.00    0.00    0.00    0.00    0.00    0.00   81.19
14:08:27       2   13.27    0.00    2.04    0.00    0.00    0.00    0.00    0.00    0.00   84.69
14:08:27       3    4.30    0.00    8.60    0.00    0.00    0.00    0.00    0.00    0.00   87.10

14:08:27     CPU    %usr   %nice    %sys %iowait    %irq   %soft  %steal  %guest  %gnice   %idle
14:08:28     all   12.88    0.00    3.54    0.00    0.00    0.00    0.00    0.00    0.00   83.59
14:08:28       0   10.31    0.00    7.22    0.00    0.00    0.00    0.00    0.00    0.00   82.47
14:08:28       1    9.18    0.00    4.08    0.00    0.00    0.00    0.00    0.00    0.00   86.73
14:08:28       2   18.00    0.00    2.00    0.00    0.00    0.00    0.00    0.00    0.00   80.00
14:08:28       3   13.86    0.00    0.99    0.00    0.00    0.00    0.00    0.00    0.00   85.15

14:08:28     CPU    %usr   %nice    %sys %iowait    %irq   %soft  %steal  %guest  %gnice   %idle
14:08:29     all   13.60    0.00    4.28    0.00    0.00    0.00    0.00    0.00    0.00   82.12
14:08:29       0   14.43    0.00    5.15    0.00    0.00    0.00    0.00    0.00    0.00   80.41
14:08:29       1    8.08    0.00    6.06    0.00    0.00    0.00    0.00    0.00    0.00   85.86
14:08:29       2   18.81    0.00    4.95    0.00    0.00    0.00    0.00    0.00    0.00   76.24
14:08:29       3   13.00    0.00    1.00    0.00    0.00    0.00    0.00    0.00    0.00   86.00

14:08:29     CPU    %usr   %nice    %sys %iowait    %irq   %soft  %steal  %guest  %gnice   %idle
14:08:30     all   14.81    0.00    5.19    0.00    0.00    0.00    0.00    0.00    0.00   80.00
14:08:30       0    9.09    0.00    5.05    0.00    0.00    0.00    0.00    0.00    0.00   85.86
14:08:30       1   19.05    0.00    1.90    0.00    0.00    0.00    0.00    0.00    0.00   79.05
14:08:30       2   18.00    0.00    6.00    0.00    0.00    0.00    0.00    0.00    0.00   76.00
14:08:30       3   12.87    0.00    7.92    0.00    0.00    0.00    0.00    0.00    0.00   79.21

14:08:30     CPU    %usr   %nice    %sys %iowait    %irq   %soft  %steal  %guest  %gnice   %idle
14:08:31     all   13.60    0.00    4.28    0.00    0.00    0.00    0.00    0.00    0.00   82.12
14:08:31       0   15.15    0.00    2.02    0.00    0.00    0.00    0.00    0.00    0.00   82.83
14:08:31       1   13.13    0.00    4.04    0.00    0.00    0.00    0.00    0.00    0.00   82.83
14:08:31       2   11.22    0.00    7.14    0.00    0.00    0.00    0.00    0.00    0.00   81.63
14:08:31       3   14.85    0.00    3.96    0.00    0.00    0.00    0.00    0.00    0.00   81.19

14:08:31     CPU    %usr   %nice    %sys %iowait    %irq   %soft  %steal  %guest  %gnice   %idle
14:08:32     all   12.15    0.00    3.80    0.00    0.00    0.00    0.00    0.00    0.00   84.05
14:08:32       0   10.31    0.00    3.09    0.00    0.00    0.00    0.00    0.00    0.00   86.60
14:08:32       1   11.00    0.00    4.00    0.00    0.00    0.00    0.00    0.00    0.00   85.00
14:08:32       2   15.69    0.00    2.94    0.00    0.00    0.00    0.00    0.00    0.00   81.37
14:08:32       3   11.46    0.00    5.21    0.00    0.00    0.00    0.00    0.00    0.00   83.33

14:08:32     CPU    %usr   %nice    %sys %iowait    %irq   %soft  %steal  %guest  %gnice   %idle
14:08:33     all   13.01    0.00    3.57    0.00    0.00    0.00    0.00    0.00    0.00   83.42
14:08:33       0   10.53    0.00    3.16    0.00    0.00    0.00    0.00    0.00    0.00   86.32
14:08:33       1   14.14    0.00    1.01    0.00    0.00    0.00    0.00    0.00    0.00   84.85
14:08:33       2   11.22    0.00    5.10    0.00    0.00    0.00    0.00    0.00    0.00   83.67
14:08:33       3   16.00    0.00    5.00    0.00    0.00    0.00    0.00    0.00    0.00   79.00

14:08:33     CPU    %usr   %nice    %sys %iowait    %irq   %soft  %steal  %guest  %gnice   %idle
14:08:34     all   13.71    0.00    3.81    0.00    0.00    0.00    0.00    0.00    0.00   82.49
14:08:34       0   17.17    0.00    2.02    0.00    0.00    0.00    0.00    0.00    0.00   80.81
14:08:34       1   17.00    0.00    1.00    0.00    0.00    0.00    0.00    0.00    0.00   82.00
14:08:34       2    8.25    0.00    2.06    0.00    0.00    0.00    0.00    0.00    0.00   89.69
14:08:34       3   12.24    0.00   10.20    0.00    0.00    0.00    0.00    0.00    0.00   77.55

14:08:34     CPU    %usr   %nice    %sys %iowait    %irq   %soft  %steal  %guest  %gnice   %idle
14:08:35     all   13.20    0.00    3.05    0.00    0.00    0.00    0.00    0.00    0.00   83.76
14:08:35       0   11.46    0.00    5.21    0.00    0.00    0.00    0.00    0.00    0.00   83.33
14:08:35       1   18.00    0.00    1.00    0.00    0.00    0.00    0.00    0.00    0.00   81.00
14:08:35       2   15.00    0.00    2.00    0.00    0.00    0.00    0.00    0.00    0.00   83.00
14:08:35       3    8.16    0.00    4.08    0.00    0.00    0.00    0.00    0.00    0.00   87.76

14:08:35     CPU    %usr   %nice    %sys %iowait    %irq   %soft  %steal  %guest  %gnice   %idle
14:08:36     all   14.14    0.00    3.79    0.00    0.00    0.00    0.00    0.00    0.00   82.07
14:08:36       0    7.22    0.00    9.28    0.00    0.00    0.00    0.00    0.00    0.00   83.51
14:08:36       1   16.67    0.00    1.96    0.00    0.00    0.00    0.00    0.00    0.00   81.37
14:08:36       2   16.00    0.00    2.00    0.00    0.00    0.00    0.00    0.00    0.00   82.00
14:08:36       3   16.49    0.00    2.06    0.00    0.00    0.00    0.00    0.00    0.00   81.44

14:08:36     CPU    %usr   %nice    %sys %iowait    %irq   %soft  %steal  %guest  %gnice   %idle
14:08:37     all   13.07    0.00    4.77    0.00    0.00    0.00    0.00    0.00    0.00   82.16
14:08:37       0    5.43    0.00   11.96    0.00    0.00    0.00    0.00    0.00    0.00   82.61
14:08:37       1   16.83    0.00    0.00    0.00    0.00    0.00    0.00    0.00    0.00   83.17
14:08:37       2   12.75    0.00    4.90    0.00    0.00    0.00    0.00    0.00    0.00   82.35
14:08:37       3   16.50    0.00    2.91    0.00    0.00    0.00    0.00    0.00    0.00   80.58

14:08:37     CPU    %usr   %nice    %sys %iowait    %irq   %soft  %steal  %guest  %gnice   %idle
14:08:38     all   12.69    0.00    4.31    0.00    0.00    0.00    0.00    0.00    0.00   82.99
14:08:38       0   17.35    0.00    4.08    0.00    0.00    0.00    0.00    0.00    0.00   78.57
14:08:38       1   10.31    0.00    4.12    0.00    0.00    0.00    0.00    0.00    0.00   85.57
14:08:38       2   14.29    0.00    2.04    0.00    0.00    0.00    0.00    0.00    0.00   83.67
14:08:38       3    8.91    0.00    6.93    0.00    0.00    0.00    0.00    0.00    0.00   84.16

14:08:38     CPU    %usr   %nice    %sys %iowait    %irq   %soft  %steal  %guest  %gnice   %idle
14:08:39     all   12.78    0.00    4.26    0.00    0.00    0.00    0.00    0.00    0.00   82.96
14:08:39       0   16.16    0.00    5.05    0.00    0.00    0.00    0.00    0.00    0.00   78.79
14:08:39       1   11.88    0.00    0.99    0.00    0.00    0.00    0.00    0.00    0.00   87.13
14:08:39       2   12.37    0.00    6.19    0.00    0.00    0.00    0.00    0.00    0.00   81.44
14:08:39       3   10.78    0.00    4.90    0.00    0.00    0.00    0.00    0.00    0.00   84.31

14:08:39     CPU    %usr   %nice    %sys %iowait    %irq   %soft  %steal  %guest  %gnice   %idle
14:08:40     all   13.30    0.00    3.84    0.00    0.00    0.00    0.00    0.00    0.00   82.86
14:08:40       0   13.83    0.00    5.32    0.00    0.00    0.00    0.00    0.00    0.00   80.85
14:08:40       1   12.12    0.00    5.05    0.00    0.00    0.00    0.00    0.00    0.00   82.83
14:08:40       2   18.37    0.00    2.04    0.00    0.00    0.00    0.00    0.00    0.00   79.59
14:08:40       3    9.00    0.00    3.00    0.00    0.00    0.00    0.00    0.00    0.00   88.00

14:08:40     CPU    %usr   %nice    %sys %iowait    %irq   %soft  %steal  %guest  %gnice   %idle
14:08:41     all   13.38    0.00    4.04    0.00    0.00    0.00    0.00    0.00    0.00   82.58
14:08:41       0   14.14    0.00    7.07    0.00    0.00    0.00    0.00    0.00    0.00   78.79
14:08:41       1   13.13    0.00    4.04    0.00    0.00    0.00    0.00    0.00    0.00   82.83
14:08:41       2   13.00    0.00    2.00    0.00    0.00    0.00    0.00    0.00    0.00   85.00
14:08:41       3   13.27    0.00    3.06    0.00    0.00    0.00    0.00    0.00    0.00   83.67

14:08:41     CPU    %usr   %nice    %sys %iowait    %irq   %soft  %steal  %guest  %gnice   %idle
14:08:42     all   10.62    0.00    3.89    0.00    0.00    0.00    0.00    0.00    0.00   85.49
14:08:42       0    5.10    0.00    7.14    0.00    0.00    0.00    0.00    0.00    0.00   87.76
14:08:42       1   15.96    0.00    3.19    0.00    0.00    0.00    0.00    0.00    0.00   80.85
14:08:42       2   13.54    0.00    4.17    0.00    0.00    0.00    0.00    0.00    0.00   82.29
14:08:42       3    8.16    0.00    1.02    0.00    0.00    0.00    0.00    0.00    0.00   90.82

14:08:42     CPU    %usr   %nice    %sys %iowait    %irq   %soft  %steal  %guest  %gnice   %idle
14:08:43     all   13.71    0.00    3.30    0.00    0.00    0.00    0.00    0.00    0.00   82.99
14:08:43       0   17.00    0.00    3.00    0.00    0.00    0.00    0.00    0.00    0.00   80.00
14:08:43       1   17.35    0.00    1.02    0.00    0.00    0.00    0.00    0.00    0.00   81.63
14:08:43       2   11.22    0.00    6.12    0.00    0.00    0.00    0.00    0.00    0.00   82.65
14:08:43       3    9.18    0.00    3.06    0.00    0.00    0.00    0.00    0.00    0.00   87.76

14:08:43     CPU    %usr   %nice    %sys %iowait    %irq   %soft  %steal  %guest  %gnice   %idle
14:08:44     all   13.14    0.00    3.35    0.00    0.00    0.00    0.00    0.00    0.00   83.51
14:08:44       0   15.62    0.00    1.04    0.00    0.00    0.00    0.00    0.00    0.00   83.33
14:08:44       1   10.31    0.00    6.19    0.00    0.00    0.00    0.00    0.00    0.00   83.51
14:08:44       2    9.38    0.00    5.21    0.00    0.00    0.00    0.00    0.00    0.00   85.42
14:08:44       3   17.17    0.00    1.01    0.00    0.00    0.00    0.00    0.00    0.00   81.82

14:08:44     CPU    %usr   %nice    %sys %iowait    %irq   %soft  %steal  %guest  %gnice   %idle
14:08:45     all   14.84    0.00    5.11    0.00    0.00    0.00    0.00    0.00    0.00   80.05
14:08:45       0   14.42    0.00    6.73    0.00    0.00    0.00    0.00    0.00    0.00   78.85
14:08:45       1   13.86    0.00    5.94    0.00    0.00    0.00    0.00    0.00    0.00   80.20
14:08:45       2   13.59    0.00    2.91    0.00    0.00    0.00    0.00    0.00    0.00   83.50
14:08:45       3   17.48    0.00    4.85    0.00    0.00    0.00    0.00    0.00    0.00   77.67

14:08:45     CPU    %usr   %nice    %sys %iowait    %irq   %soft  %steal  %guest  %gnice   %idle
14:08:46     all   12.21    0.00    4.07    0.00    0.00    0.00    0.00    0.00    0.00   83.72
14:08:46       0    9.18    0.00    4.08    0.00    0.00    0.00    0.00    0.00    0.00   86.73
14:08:46       1   14.00    0.00    2.00    0.00    0.00    0.00    0.00    0.00    0.00   84.00
14:08:46       2   19.00    0.00    4.00    0.00    0.00    0.00    0.00    0.00    0.00   77.00
14:08:46       3    6.32    0.00    6.32    0.00    0.00    0.00    0.00    0.00    0.00   87.37

14:08:46     CPU    %usr   %nice    %sys %iowait    %irq   %soft  %steal  %guest  %gnice   %idle
14:08:47     all   14.07    0.00    6.17    0.00    0.00    0.00    0.00    0.00    0.00   79.75
14:08:47       0   15.53    0.00    4.85    0.00    0.00    0.00    0.00    0.00    0.00   79.61
14:08:47       1   17.14    0.00    5.71    0.00    0.00    0.00    0.00    0.00    0.00   77.14
14:08:47       2   13.40    0.00    3.09    0.00    0.00    0.00    0.00    0.00    0.00   83.51
14:08:47       3   10.00    0.00   11.00    0.00    0.00    0.00    0.00    0.00    0.00   79.00

14:08:47     CPU    %usr   %nice    %sys %iowait    %irq   %soft  %steal  %guest  %gnice   %idle
14:08:48     all   12.85    0.00    3.86    0.00    0.00    0.00    0.00    0.00    0.00   83.29
14:08:48       0    8.60    0.00    3.23    0.00    0.00    0.00    0.00    0.00    0.00   88.17
14:08:48       1   14.14    0.00    4.04    0.00    0.00    0.00    0.00    0.00    0.00   81.82
14:08:48       2   11.34    0.00    6.19    0.00    0.00    0.00    0.00    0.00    0.00   82.47
14:08:48       3   17.00    0.00    2.00    0.00    0.00    0.00    0.00    0.00    0.00   81.00

14:08:48     CPU    %usr   %nice    %sys %iowait    %irq   %soft  %steal  %guest  %gnice   %idle
14:08:49     all   12.09    0.00    4.28    0.00    0.00    0.00    0.00    0.00    0.00   83.63
14:08:49       0    7.92    0.00    5.94    0.00    0.00    0.00    0.00    0.00    0.00   86.14
14:08:49       1    8.33    0.00    6.25    0.00    0.00    0.00    0.00    0.00    0.00   85.42
14:08:49       2   15.00    0.00    2.00    0.00    0.00    0.00    0.00    0.00    0.00   83.00
14:08:49       3   17.00    0.00    3.00    0.00    0.00    0.00    0.00    0.00    0.00   80.00

14:08:49     CPU    %usr   %nice    %sys %iowait    %irq   %soft  %steal  %guest  %gnice   %idle
14:08:50     all   12.24    0.00    3.57    0.00    0.00    0.00    0.00    0.00    0.00   84.18
14:08:50       0    8.42    0.00    4.21    0.00    0.00    0.00    0.00    0.00    0.00   87.37
14:08:50       1   14.14    0.00    3.03    0.00    0.00    0.00    0.00    0.00    0.00   82.83
14:08:50       2   13.27    0.00    2.04    0.00    0.00    0.00    0.00    0.00    0.00   84.69
14:08:50       3   13.00    0.00    5.00    0.00    0.00    0.00    0.00    0.00    0.00   82.00

14:08:50     CPU    %usr   %nice    %sys %iowait    %irq   %soft  %steal  %guest  %gnice   %idle
14:08:51     all   12.28    0.00    4.09    0.00    0.00    0.00    0.00    0.00    0.00   83.63
14:08:51       0   10.64    0.00    5.32    0.00    0.00    0.00    0.00    0.00    0.00   84.04
14:08:51       1   15.15    0.00    4.04    0.00    0.00    0.00    0.00    0.00    0.00   80.81
14:08:51       2   11.11    0.00    4.04    0.00    0.00    0.00    0.00    0.00    0.00   84.85
14:08:51       3   12.12    0.00    3.03    0.00    0.00    0.00    0.00    0.00    0.00   84.85

14:08:51     CPU    %usr   %nice    %sys %iowait    %irq   %soft  %steal  %guest  %gnice   %idle
14:08:52     all   13.96    0.00    2.54    0.00    0.00    0.00    0.00    0.00    0.00   83.50
14:08:52       0   14.89    0.00    2.13    0.00    0.00    0.00    0.00    0.00    0.00   82.98
14:08:52       1   10.10    0.00    4.04    0.00    0.00    0.00    0.00    0.00    0.00   85.86
14:08:52       2   12.87    0.00    0.99    0.00    0.00    0.00    0.00    0.00    0.00   86.14
14:08:52       3   18.00    0.00    3.00    0.00    0.00    0.00    0.00    0.00    0.00   79.00

14:08:52     CPU    %usr   %nice    %sys %iowait    %irq   %soft  %steal  %guest  %gnice   %idle
14:08:53     all   13.85    0.00    4.79    0.00    0.00    0.00    0.00    0.00    0.00   81.36
14:08:53       0   14.14    0.00    3.03    0.00    0.00    0.00    0.00    0.00    0.00   82.83
14:08:53       1   14.85    0.00    3.96    0.00    0.00    0.00    0.00    0.00    0.00   81.19
14:08:53       2   14.14    0.00    5.05    0.00    0.00    0.00    0.00    0.00    0.00   80.81
14:08:53       3   12.24    0.00    7.14    0.00    0.00    0.00    0.00    0.00    0.00   80.61

14:08:53     CPU    %usr   %nice    %sys %iowait    %irq   %soft  %steal  %guest  %gnice   %idle
14:08:54     all   14.00    0.00    4.50    0.00    0.00    0.00    0.00    0.00    0.00   81.50
14:08:54       0   12.24    0.00    7.14    0.00    0.00    0.00    0.00    0.00    0.00   80.61
14:08:54       1   16.83    0.00    2.97    0.00    0.00    0.00    0.00    0.00    0.00   80.20
14:08:54       2   12.24    0.00    2.04    0.00    0.00    0.00    0.00    0.00    0.00   85.71
14:08:54       3   14.56    0.00    5.83    0.00    0.00    0.00    0.00    0.00    0.00   79.61

14:08:54     CPU    %usr   %nice    %sys %iowait    %irq   %soft  %steal  %guest  %gnice   %idle
14:08:55     all   11.96    0.00    4.58    0.00    0.00    0.00    0.00    0.00    0.00   83.46
14:08:55       0   15.46    0.00    0.00    0.00    0.00    0.00    0.00    0.00    0.00   84.54
14:08:55       1   13.40    0.00    3.09    0.00    0.00    0.00    0.00    0.00    0.00   83.51
14:08:55       2   14.14    0.00    2.02    0.00    0.00    0.00    0.00    0.00    0.00   83.84
14:08:55       3    5.00    0.00   13.00    0.00    0.00    0.00    0.00    0.00    0.00   82.00

14:08:55     CPU    %usr   %nice    %sys %iowait    %irq   %soft  %steal  %guest  %gnice   %idle
14:08:56     all   13.35    0.00    3.27    0.00    0.00    0.00    0.00    0.00    0.00   83.38
14:08:56       0    8.42    0.00    4.21    0.00    0.00    0.00    0.00    0.00    0.00   87.37
14:08:56       1   12.12    0.00    5.05    0.00    0.00    0.00    0.00    0.00    0.00   82.83
14:08:56       2   16.83    0.00    3.96    0.00    0.00    0.00    0.00    0.00    0.00   79.21
14:08:56       3   15.69    0.00    0.00    0.00    0.00    0.00    0.00    0.00    0.00   84.31

14:08:56     CPU    %usr   %nice    %sys %iowait    %irq   %soft  %steal  %guest  %gnice   %idle
14:08:57     all   13.72    0.00    4.99    0.00    0.00    0.00    0.00    0.00    0.00   81.30
14:08:57       0   10.10    0.00    6.06    0.00    0.00    0.00    0.00    0.00    0.00   83.84
14:08:57       1   13.40    0.00    4.12    0.00    0.00    0.00    0.00    0.00    0.00   82.47
14:08:57       2   17.65    0.00    5.88    0.00    0.00    0.00    0.00    0.00    0.00   76.47
14:08:57       3   13.59    0.00    3.88    0.00    0.00    0.00    0.00    0.00    0.00   82.52

14:08:57     CPU    %usr   %nice    %sys %iowait    %irq   %soft  %steal  %guest  %gnice   %idle
14:08:58     all   13.89    0.00    4.80    0.00    0.00    0.00    0.00    0.00    0.00   81.31
14:08:58       0   15.46    0.00    2.06    0.00    0.00    0.00    0.00    0.00    0.00   82.47
14:08:58       1    8.25    0.00   13.40    0.00    0.00    0.00    0.00    0.00    0.00   78.35
14:08:58       2   21.36    0.00    3.88    0.00    0.00    0.00    0.00    0.00    0.00   74.76
14:08:58       3   10.10    0.00    0.00    0.00    0.00    0.00    0.00    0.00    0.00   89.90

14:08:58     CPU    %usr   %nice    %sys %iowait    %irq   %soft  %steal  %guest  %gnice   %idle
14:08:59     all   10.74    0.00    4.35    0.00    0.00    0.00    0.00    0.00    0.00   84.91
14:08:59       0   12.37    0.00    2.06    0.00    0.00    0.00    0.00    0.00    0.00   85.57
14:08:59       1    7.29    0.00    6.25    0.00    0.00    0.00    0.00    0.00    0.00   86.46
14:08:59       2   12.12    0.00    3.03    0.00    0.00    0.00    0.00    0.00    0.00   84.85
14:08:59       3   11.11    0.00    6.06    0.00    0.00    0.00    0.00    0.00    0.00   82.83

14:08:59     CPU    %usr   %nice    %sys %iowait    %irq   %soft  %steal  %guest  %gnice   %idle
14:09:00     all   13.22    0.00    5.24    0.00    0.00    0.00    0.00    0.00    0.00   81.55
14:09:00       0   15.84    0.00    1.98    0.00    0.00    0.00    0.00    0.00    0.00   82.18
14:09:00       1   16.50    0.00    3.88    0.00    0.00    0.00    0.00    0.00    0.00   79.61
14:09:00       2    2.11    0.00   13.68    0.00    0.00    0.00    0.00    0.00    0.00   84.21
14:09:00       3   17.65    0.00    1.96    0.00    0.00    0.00    0.00    0.00    0.00   80.39

14:09:00     CPU    %usr   %nice    %sys %iowait    %irq   %soft  %steal  %guest  %gnice   %idle
14:09:01     all   13.53    0.00    5.01    0.00    0.00    0.00    0.00    0.00    0.00   81.45
14:09:01       0   13.27    0.00    5.10    0.00    0.00    0.00    0.00    0.00    0.00   81.63
14:09:01       1   12.12    0.00   10.10    0.00    0.00    0.00    0.00    0.00    0.00   77.78
14:09:01       2   15.69    0.00    3.92    0.00    0.00    0.00    0.00    0.00    0.00   80.39
14:09:01       3   13.00    0.00    1.00    0.00    0.00    0.00    0.00    0.00    0.00   86.00

14:09:01     CPU    %usr   %nice    %sys %iowait    %irq   %soft  %steal  %guest  %gnice   %idle
14:09:02     all   12.97    0.00    4.99    0.00    0.00    0.00    0.00    0.00    0.00   82.04
14:09:02       0   11.88    0.00    5.94    0.00    0.00    0.00    0.00    0.00    0.00   82.18
14:09:02       1   14.14    0.00    7.07    0.00    0.00    0.00    0.00    0.00    0.00   78.79
14:09:02       2   13.73    0.00    5.88    0.00    0.00    0.00    0.00    0.00    0.00   80.39
14:09:02       3   12.12    0.00    1.01    0.00    0.00    0.00    0.00    0.00    0.00   86.87

14:09:02     CPU    %usr   %nice    %sys %iowait    %irq   %soft  %steal  %guest  %gnice   %idle
14:09:03     all   13.32    0.00    4.02    0.00    0.00    0.00    0.00    0.00    0.00   82.66
14:09:03       0   14.00    0.00    2.00    0.00    0.00    0.00    0.00    0.00    0.00   84.00
14:09:03       1   10.31    0.00    6.19    0.00    0.00    0.00    0.00    0.00    0.00   83.51
14:09:03       2   13.86    0.00    4.95    0.00    0.00    0.00    0.00    0.00    0.00   81.19
14:09:03       3   15.00    0.00    3.00    0.00    0.00    0.00    0.00    0.00    0.00   82.00

14:09:03     CPU    %usr   %nice    %sys %iowait    %irq   %soft  %steal  %guest  %gnice   %idle
14:09:04     all   13.25    0.00    5.75    0.00    0.00    0.00    0.00    0.00    0.00   81.00
14:09:04       0   10.89    0.00    8.91    0.00    0.00    0.00    0.00    0.00    0.00   80.20
14:09:04       1   10.00    0.00    7.00    0.00    0.00    0.00    0.00    0.00    0.00   83.00
14:09:04       2   13.27    0.00    4.08    0.00    0.00    0.00    0.00    0.00    0.00   82.65
14:09:04       3   18.81    0.00    2.97    0.00    0.00    0.00    0.00    0.00    0.00   78.22

14:09:04     CPU    %usr   %nice    %sys %iowait    %irq   %soft  %steal  %guest  %gnice   %idle
14:09:05     all   12.34    0.00    3.86    0.00    0.00    0.00    0.00    0.00    0.00   83.80
14:09:05       0    8.42    0.00    3.16    0.00    0.00    0.00    0.00    0.00    0.00   88.42
14:09:05       1    9.38    0.00    7.29    0.00    0.00    0.00    0.00    0.00    0.00   83.33
14:09:05       2   17.17    0.00    3.03    0.00    0.00    0.00    0.00    0.00    0.00   79.80
14:09:05       3   14.14    0.00    2.02    0.00    0.00    0.00    0.00    0.00    0.00   83.84

14:09:05     CPU    %usr   %nice    %sys %iowait    %irq   %soft  %steal  %guest  %gnice   %idle
14:09:06     all   14.11    0.00    2.52    0.00    0.00    0.00    0.00    0.00    0.00   83.38
14:09:06       0   13.27    0.00    3.06    0.00    0.00    0.00    0.00    0.00    0.00   83.67
14:09:06       1   14.85    0.00    1.98    0.00    0.00    0.00    0.00    0.00    0.00   83.17
14:09:06       2   14.58    0.00    2.08    0.00    0.00    0.00    0.00    0.00    0.00   83.33
14:09:06       3   13.73    0.00    2.94    0.00    0.00    0.00    0.00    0.00    0.00   83.33

14:09:06     CPU    %usr   %nice    %sys %iowait    %irq   %soft  %steal  %guest  %gnice   %idle
14:09:07     all   12.82    0.00    3.59    0.00    0.00    0.00    0.00    0.00    0.00   83.59
14:09:07       0    9.38    0.00    4.17    0.00    0.00    0.00    0.00    0.00    0.00   86.46
14:09:07       1   15.46    0.00    3.09    0.00    0.00    0.00    0.00    0.00    0.00   81.44
14:09:07       2   14.00    0.00    6.00    0.00    0.00    0.00    0.00    0.00    0.00   80.00
14:09:07       3   12.37    0.00    1.03    0.00    0.00    0.00    0.00    0.00    0.00   86.60

14:09:07     CPU    %usr   %nice    %sys %iowait    %irq   %soft  %steal  %guest  %gnice   %idle
14:09:08     all   11.99    0.00    4.59    0.00    0.00    0.00    0.00    0.00    0.00   83.42
14:09:08       0   14.43    0.00    3.09    0.00    0.00    0.00    0.00    0.00    0.00   82.47
14:09:08       1   12.12    0.00    7.07    0.00    0.00    0.00    0.00    0.00    0.00   80.81
14:09:08       2    9.18    0.00    5.10    0.00    0.00    0.00    0.00    0.00    0.00   85.71
14:09:08       3   12.24    0.00    3.06    0.00    0.00    0.00    0.00    0.00    0.00   84.69

14:09:08     CPU    %usr   %nice    %sys %iowait    %irq   %soft  %steal  %guest  %gnice   %idle
14:09:09     all   13.74    0.00    3.82    0.00    0.00    0.00    0.00    0.00    0.00   82.44
14:09:09       0   16.49    0.00    4.12    0.00    0.00    0.00    0.00    0.00    0.00   79.38
14:09:09       1    7.29    0.00    8.33    0.00    0.00    0.00    0.00    0.00    0.00   84.38
14:09:09       2   17.82    0.00    1.98    0.00    0.00    0.00    0.00    0.00    0.00   80.20
14:09:09       3   13.13    0.00    1.01    0.00    0.00    0.00    0.00    0.00    0.00   85.86

14:09:09     CPU    %usr   %nice    %sys %iowait    %irq   %soft  %steal  %guest  %gnice   %idle
14:09:10     all   13.50    0.00    4.25    0.00    0.00    0.00    0.00    0.00    0.00   82.25
14:09:10       0   17.17    0.00    2.02    0.00    0.00    0.00    0.00    0.00    0.00   80.81
14:09:10       1   10.00    0.00    9.00    0.00    0.00    0.00    0.00    0.00    0.00   81.00
14:09:10       2   18.63    0.00    2.94    0.00    0.00    0.00    0.00    0.00    0.00   78.43
14:09:10       3    8.08    0.00    3.03    0.00    0.00    0.00    0.00    0.00    0.00   88.89

14:09:10     CPU    %usr   %nice    %sys %iowait    %irq   %soft  %steal  %guest  %gnice   %idle
14:09:11     all   11.73    0.00    5.10    0.00    0.00    0.00    0.00    0.00    0.00   83.16
14:09:11       0    9.28    0.00    8.25    0.00    0.00    0.00    0.00    0.00    0.00   82.47
14:09:11       1   12.24    0.00    4.08    0.00    0.00    0.00    0.00    0.00    0.00   83.67
14:09:11       2   12.37    0.00    2.06    0.00    0.00    0.00    0.00    0.00    0.00   85.57
14:09:11       3   13.00    0.00    6.00    0.00    0.00    0.00    0.00    0.00    0.00   81.00

14:09:11     CPU    %usr   %nice    %sys %iowait    %irq   %soft  %steal  %guest  %gnice   %idle
14:09:12     all   12.24    0.00    4.34    0.00    0.00    0.00    0.00    0.00    0.00   83.42
14:09:12       0    9.18    0.00    4.08    0.00    0.00    0.00    0.00    0.00    0.00   86.73
14:09:12       1   14.14    0.00    5.05    0.00    0.00    0.00    0.00    0.00    0.00   80.81
14:09:12       2   12.24    0.00    5.10    0.00    0.00    0.00    0.00    0.00    0.00   82.65
14:09:12       3   13.40    0.00    3.09    0.00    0.00    0.00    0.00    0.00    0.00   83.51

14:09:12     CPU    %usr   %nice    %sys %iowait    %irq   %soft  %steal  %guest  %gnice   %idle
14:09:13     all   13.58    0.00    4.69    0.00    0.00    0.00    0.00    0.00    0.00   81.73
14:09:13       0    3.06    0.00   13.27    0.00    0.00    0.00    0.00    0.00    0.00   83.67
14:09:13       1   18.45    0.00    0.97    0.00    0.00    0.00    0.00    0.00    0.00   80.58
14:09:13       2   11.88    0.00    2.97    0.00    0.00    0.00    0.00    0.00    0.00   85.15
14:09:13       3   20.39    0.00    1.94    0.00    0.00    0.00    0.00    0.00    0.00   77.67

14:09:13     CPU    %usr   %nice    %sys %iowait    %irq   %soft  %steal  %guest  %gnice   %idle
14:09:14     all   13.03    0.00    5.01    0.00    0.00    0.00    0.00    0.00    0.00   81.95
14:09:14       0   10.20    0.00    8.16    0.00    0.00    0.00    0.00    0.00    0.00   81.63
14:09:14       1   16.67    0.00    2.94    0.00    0.00    0.00    0.00    0.00    0.00   80.39
14:09:14       2    9.00    0.00    5.00    0.00    0.00    0.00    0.00    0.00    0.00   86.00
14:09:14       3   16.16    0.00    4.04    0.00    0.00    0.00    0.00    0.00    0.00   79.80

14:09:14     CPU    %usr   %nice    %sys %iowait    %irq   %soft  %steal  %guest  %gnice   %idle
14:09:15     all   12.47    0.00    3.64    0.00    0.00    0.00    0.00    0.00    0.00   83.90
14:09:15       0   15.79    0.00    2.11    0.00    0.00    0.00    0.00    0.00    0.00   82.11
14:09:15       1   14.29    0.00    6.12    0.00    0.00    0.00    0.00    0.00    0.00   79.59
14:09:15       2    8.33    0.00    2.08    0.00    0.00    0.00    0.00    0.00    0.00   89.58
14:09:15       3   11.46    0.00    4.17    0.00    0.00    0.00    0.00    0.00    0.00   84.38

14:09:15     CPU    %usr   %nice    %sys %iowait    %irq   %soft  %steal  %guest  %gnice   %idle
14:09:16     all   13.75    0.00    4.25    0.00    0.00    0.00    0.00    0.00    0.00   82.00
14:09:16       0   14.00    0.00    3.00    0.00    0.00    0.00    0.00    0.00    0.00   83.00
14:09:16       1   16.00    0.00    6.00    0.00    0.00    0.00    0.00    0.00    0.00   78.00
14:09:16       2   14.71    0.00    0.98    0.00    0.00    0.00    0.00    0.00    0.00   84.31
14:09:16       3   10.20    0.00    7.14    0.00    0.00    0.00    0.00    0.00    0.00   82.65

14:09:16     CPU    %usr   %nice    %sys %iowait    %irq   %soft  %steal  %guest  %gnice   %idle
14:09:17     all   13.23    0.00    2.80    0.00    0.00    0.00    0.00    0.00    0.00   83.97
14:09:17       0   14.58    0.00    3.12    0.00    0.00    0.00    0.00    0.00    0.00   82.29
14:09:17       1   10.31    0.00    2.06    0.00    0.00    0.00    0.00    0.00    0.00   87.63
14:09:17       2   17.82    0.00    1.98    0.00    0.00    0.00    0.00    0.00    0.00   80.20
14:09:17       3   10.10    0.00    4.04    0.00    0.00    0.00    0.00    0.00    0.00   85.86

14:09:17     CPU    %usr   %nice    %sys %iowait    %irq   %soft  %steal  %guest  %gnice   %idle
14:09:18     all   13.23    0.00    4.07    0.00    0.00    0.00    0.00    0.00    0.00   82.70
14:09:18       0   15.62    0.00    4.17    0.00    0.00    0.00    0.00    0.00    0.00   80.21
14:09:18       1   13.27    0.00    4.08    0.00    0.00    0.00    0.00    0.00    0.00   82.65
14:09:18       2    9.18    0.00    6.12    0.00    0.00    0.00    0.00    0.00    0.00   84.69
14:09:18       3   14.85    0.00    1.98    0.00    0.00    0.00    0.00    0.00    0.00   83.17

14:09:18     CPU    %usr   %nice    %sys %iowait    %irq   %soft  %steal  %guest  %gnice   %idle
14:09:19     all   12.79    0.00    3.58    0.00    0.00    0.00    0.00    0.00    0.00   83.63
14:09:19       0   14.00    0.00    4.00    0.00    0.00    0.00    0.00    0.00    0.00   82.00
14:09:19       1   18.18    0.00    1.01    0.00    0.00    0.00    0.00    0.00    0.00   80.81
14:09:19       2    8.42    0.00    8.42    0.00    0.00    0.00    0.00    0.00    0.00   83.16
14:09:19       3   10.31    0.00    1.03    0.00    0.00    0.00    0.00    0.00    0.00   88.66

14:09:19     CPU    %usr   %nice    %sys %iowait    %irq   %soft  %steal  %guest  %gnice   %idle
14:09:20     all   12.21    0.00    3.82    0.00    0.00    0.00    0.00    0.00    0.00   83.97
14:09:20       0   10.53    0.00    2.11    0.00    0.00    0.00    0.00    0.00    0.00   87.37
14:09:20       1   13.00    0.00    2.00    0.00    0.00    0.00    0.00    0.00    0.00   85.00
14:09:20       2   11.34    0.00    4.12    0.00    0.00    0.00    0.00    0.00    0.00   84.54
14:09:20       3   13.86    0.00    6.93    0.00    0.00    0.00    0.00    0.00    0.00   79.21

14:09:20     CPU    %usr   %nice    %sys %iowait    %irq   %soft  %steal  %guest  %gnice   %idle
14:09:21     all   14.29    0.00    6.02    0.00    0.00    0.00    0.00    0.00    0.00   79.70
14:09:21       0   18.56    0.00    3.09    0.00    0.00    0.00    0.00    0.00    0.00   78.35
14:09:21       1   12.00    0.00    5.00    0.00    0.00    0.00    0.00    0.00    0.00   83.00
14:09:21       2   13.86    0.00    3.96    0.00    0.00    0.00    0.00    0.00    0.00   82.18
14:09:21       3   12.87    0.00   11.88    0.00    0.00    0.00    0.00    0.00    0.00   75.25

14:09:21     CPU    %usr   %nice    %sys %iowait    %irq   %soft  %steal  %guest  %gnice   %idle
14:09:22     all   13.25    0.00    4.75    0.00    0.00    0.00    0.00    0.00    0.00   82.00
14:09:22       0   16.00    0.00    3.00    0.00    0.00    0.00    0.00    0.00    0.00   81.00
14:09:22       1    8.16    0.00    7.14    0.00    0.00    0.00    0.00    0.00    0.00   84.69
14:09:22       2    9.18    0.00    6.12    0.00    0.00    0.00    0.00    0.00    0.00   84.69
14:09:22       3   19.23    0.00    2.88    0.00    0.00    0.00    0.00    0.00    0.00   77.88

14:09:22     CPU    %usr   %nice    %sys %iowait    %irq   %soft  %steal  %guest  %gnice   %idle
14:09:23     all   12.47    0.00    4.49    0.00    0.00    0.00    0.00    0.00    0.00   83.04
14:09:23       0    7.22    0.00    9.28    0.00    0.00    0.00    0.00    0.00    0.00   83.51
14:09:23       1   11.88    0.00    4.95    0.00    0.00    0.00    0.00    0.00    0.00   83.17
14:09:23       2   14.85    0.00    1.98    0.00    0.00    0.00    0.00    0.00    0.00   83.17
14:09:23       3   15.69    0.00    1.96    0.00    0.00    0.00    0.00    0.00    0.00   82.35

14:09:23     CPU    %usr   %nice    %sys %iowait    %irq   %soft  %steal  %guest  %gnice   %idle
14:09:24     all   13.47    0.00    4.99    0.00    0.00    0.00    0.00    0.00    0.00   81.55
14:09:24       0    7.07    0.00   11.11    0.00    0.00    0.00    0.00    0.00    0.00   81.82
14:09:24       1    5.15    0.00    5.15    0.00    0.00    0.00    0.00    0.00    0.00   89.69
14:09:24       2   22.33    0.00    1.94    0.00    0.00    0.00    0.00    0.00    0.00   75.73
14:09:24       3   18.63    0.00    1.96    0.00    0.00    0.00    0.00    0.00    0.00   79.41

14:09:24     CPU    %usr   %nice    %sys %iowait    %irq   %soft  %steal  %guest  %gnice   %idle
14:09:25     all   14.04    0.00    4.51    0.00    0.00    0.00    0.00    0.00    0.00   81.45
14:09:25       0   14.14    0.00    4.04    0.00    0.00    0.00    0.00    0.00    0.00   81.82
14:09:25       1   13.13    0.00    8.08    0.00    0.00    0.00    0.00    0.00    0.00   78.79
14:09:25       2   10.31    0.00    1.03    0.00    0.00    0.00    0.00    0.00    0.00   88.66
14:09:25       3   18.27    0.00    4.81    0.00    0.00    0.00    0.00    0.00    0.00   76.92

14:09:25     CPU    %usr   %nice    %sys %iowait    %irq   %soft  %steal  %guest  %gnice   %idle
14:09:26     all   13.40    0.00    3.35    0.00    0.00    0.00    0.00    0.00    0.00   83.25
14:09:26       0   10.64    0.00    2.13    0.00    0.00    0.00    0.00    0.00    0.00   87.23
14:09:26       1   11.76    0.00    4.90    0.00    0.00    0.00    0.00    0.00    0.00   83.33
14:09:26       2   13.54    0.00    3.12    0.00    0.00    0.00    0.00    0.00    0.00   83.33
14:09:26       3   17.71    0.00    3.12    0.00    0.00    0.00    0.00    0.00    0.00   79.17

14:09:26     CPU    %usr   %nice    %sys %iowait    %irq   %soft  %steal  %guest  %gnice   %idle
14:09:27     all   12.41    0.00    3.80    0.00    0.00    0.00    0.00    0.00    0.00   83.80
14:09:27       0   13.40    0.00    6.19    0.00    0.00    0.00    0.00    0.00    0.00   80.41
14:09:27       1   16.16    0.00    1.01    0.00    0.00    0.00    0.00    0.00    0.00   82.83
14:09:27       2    9.00    0.00    4.00    0.00    0.00    0.00    0.00    0.00    0.00   87.00
14:09:27       3   11.11    0.00    4.04    0.00    0.00    0.00    0.00    0.00    0.00   84.85

14:09:27     CPU    %usr   %nice    %sys %iowait    %irq   %soft  %steal  %guest  %gnice   %idle
14:09:28     all   13.78    0.00    4.51    0.00    0.00    0.00    0.00    0.00    0.00   81.70
14:09:28       0   13.13    0.00    4.04    0.00    0.00    0.00    0.00    0.00    0.00   82.83
14:09:28       1   16.00    0.00    6.00    0.00    0.00    0.00    0.00    0.00    0.00   78.00
14:09:28       2   13.13    0.00    3.03    0.00    0.00    0.00    0.00    0.00    0.00   83.84
14:09:28       3   12.87    0.00    4.95    0.00    0.00    0.00    0.00    0.00    0.00   82.18

14:09:28     CPU    %usr   %nice    %sys %iowait    %irq   %soft  %steal  %guest  %gnice   %idle
14:09:29     all   12.21    0.00    4.07    0.00    0.00    0.00    0.00    0.00    0.00   83.72
14:09:29       0   13.27    0.00    4.08    0.00    0.00    0.00    0.00    0.00    0.00   82.65
14:09:29       1    8.33    0.00    7.29    0.00    0.00    0.00    0.00    0.00    0.00   84.38
14:09:29       2   10.00    0.00    3.00    0.00    0.00    0.00    0.00    0.00    0.00   87.00
14:09:29       3   17.17    0.00    2.02    0.00    0.00    0.00    0.00    0.00    0.00   80.81

14:09:29     CPU    %usr   %nice    %sys %iowait    %irq   %soft  %steal  %guest  %gnice   %idle
14:09:30     all   13.50    0.00    3.75    0.00    0.00    0.00    0.00    0.00    0.00   82.75
14:09:30       0   15.00    0.00    5.00    0.00    0.00    0.00    0.00    0.00    0.00   80.00
14:09:30       1   16.83    0.00    2.97    0.00    0.00    0.00    0.00    0.00    0.00   80.20
14:09:30       2    9.09    0.00    4.04    0.00    0.00    0.00    0.00    0.00    0.00   86.87
14:09:30       3   13.00    0.00    3.00    0.00    0.00    0.00    0.00    0.00    0.00   84.00

14:09:30     CPU    %usr   %nice    %sys %iowait    %irq   %soft  %steal  %guest  %gnice   %idle
14:09:31     all   14.18    0.00    4.98    0.00    0.00    0.00    0.00    0.00    0.00   80.85
14:09:31       0   12.87    0.00    6.93    0.00    0.00    0.00    0.00    0.00    0.00   80.20
14:09:31       1   11.00    0.00    4.00    0.00    0.00    0.00    0.00    0.00    0.00   85.00
14:09:31       2   14.85    0.00    6.93    0.00    0.00    0.00    0.00    0.00    0.00   78.22
14:09:31       3   18.00    0.00    2.00    0.00    0.00    0.00    0.00    0.00    0.00   80.00

14:09:31     CPU    %usr   %nice    %sys %iowait    %irq   %soft  %steal  %guest  %gnice   %idle
14:09:32     all   12.31    0.00    4.87    0.00    0.00    0.00    0.00    0.00    0.00   82.82
14:09:32       0    9.38    0.00    4.17    0.00    0.00    0.00    0.00    0.00    0.00   86.46
14:09:32       1   10.31    0.00    4.12    0.00    0.00    0.00    0.00    0.00    0.00   85.57
14:09:32       2   13.13    0.00    5.05    0.00    0.00    0.00    0.00    0.00    0.00   81.82
14:09:32       3   16.33    0.00    6.12    0.00    0.00    0.00    0.00    0.00    0.00   77.55

14:09:32     CPU    %usr   %nice    %sys %iowait    %irq   %soft  %steal  %guest  %gnice   %idle
14:09:33     all   15.00    0.00    3.50    0.00    0.00    0.00    0.00    0.00    0.00   81.50
14:09:33       0   12.37    0.00    4.12    0.00    0.00    0.00    0.00    0.00    0.00   83.51
14:09:33       1   19.61    0.00    5.88    0.00    0.00    0.00    0.00    0.00    0.00   74.51
14:09:33       2   14.85    0.00    1.98    0.00    0.00    0.00    0.00    0.00    0.00   83.17
14:09:33       3   13.00    0.00    2.00    0.00    0.00    0.00    0.00    0.00    0.00   85.00

14:09:33     CPU    %usr   %nice    %sys %iowait    %irq   %soft  %steal  %guest  %gnice   %idle
14:09:34     all   12.69    0.00    3.30    0.00    0.00    0.00    0.00    0.00    0.00   84.01
14:09:34       0    9.28    0.00    3.09    0.00    0.00    0.00    0.00    0.00    0.00   87.63
14:09:34       1   17.35    0.00    3.06    0.00    0.00    0.00    0.00    0.00    0.00   79.59
14:09:34       2   16.16    0.00    1.01    0.00    0.00    0.00    0.00    0.00    0.00   82.83
14:09:34       3    8.00    0.00    6.00    0.00    0.00    0.00    0.00    0.00    0.00   86.00

14:09:34     CPU    %usr   %nice    %sys %iowait    %irq   %soft  %steal  %guest  %gnice   %idle
14:09:35     all   12.85    0.00    4.79    0.00    0.00    0.00    0.00    0.00    0.00   82.37
14:09:35       0   18.18    0.00    3.03    0.00    0.00    0.00    0.00    0.00    0.00   78.79
14:09:35       1   17.82    0.00    1.98    0.00    0.00    0.00    0.00    0.00    0.00   80.20
14:09:35       2    3.06    0.00   12.24    0.00    0.00    0.00    0.00    0.00    0.00   84.69
14:09:35       3   12.12    0.00    2.02    0.00    0.00    0.00    0.00    0.00    0.00   85.86

14:09:35     CPU    %usr   %nice    %sys %iowait    %irq   %soft  %steal  %guest  %gnice   %idle
14:09:36     all   12.50    0.00    4.59    0.00    0.00    0.00    0.00    0.00    0.00   82.91
14:09:36       0    9.00    0.00    6.00    0.00    0.00    0.00    0.00    0.00    0.00   85.00
14:09:36       1   18.95    0.00    2.11    0.00    0.00    0.00    0.00    0.00    0.00   78.95
14:09:36       2   16.16    0.00    1.01    0.00    0.00    0.00    0.00    0.00    0.00   82.83
14:09:36       3    6.12    0.00    9.18    0.00    0.00    0.00    0.00    0.00    0.00   84.69

14:09:36     CPU    %usr   %nice    %sys %iowait    %irq   %soft  %steal  %guest  %gnice   %idle
14:09:37     all   13.53    0.00    3.01    0.00    0.00    0.00    0.00    0.00    0.00   83.46
14:09:37       0   11.34    0.00    2.06    0.00    0.00    0.00    0.00    0.00    0.00   86.60
14:09:37       1   17.48    0.00    3.88    0.00    0.00    0.00    0.00    0.00    0.00   78.64
14:09:37       2   14.14    0.00    4.04    0.00    0.00    0.00    0.00    0.00    0.00   81.82
14:09:37       3   11.00    0.00    2.00    0.00    0.00    0.00    0.00    0.00    0.00   87.00

14:09:37     CPU    %usr   %nice    %sys %iowait    %irq   %soft  %steal  %guest  %gnice   %idle
14:09:38     all   13.71    0.00    4.57    0.00    0.00    0.00    0.00    0.00    0.00   81.73
14:09:38       0    9.09    0.00    4.04    0.00    0.00    0.00    0.00    0.00    0.00   86.87
14:09:38       1   14.29    0.00    5.10    0.00    0.00    0.00    0.00    0.00    0.00   80.61
14:09:38       2   19.59    0.00    6.19    0.00    0.00    0.00    0.00    0.00    0.00   74.23
14:09:38       3   12.00    0.00    3.00    0.00    0.00    0.00    0.00    0.00    0.00   85.00

14:09:38     CPU    %usr   %nice    %sys %iowait    %irq   %soft  %steal  %guest  %gnice   %idle
14:09:39     all   13.24    0.00    6.37    0.00    0.00    0.00    0.00    0.00    0.00   80.39
14:09:39       0    9.80    0.00   14.71    0.00    0.00    0.00    0.00    0.00    0.00   75.49
14:09:39       1   13.73    0.00    3.92    0.00    0.00    0.00    0.00    0.00    0.00   82.35
14:09:39       2   16.50    0.00    2.91    0.00    0.00    0.00    0.00    0.00    0.00   80.58
14:09:39       3   12.87    0.00    3.96    0.00    0.00    0.00    0.00    0.00    0.00   83.17

14:09:39     CPU    %usr   %nice    %sys %iowait    %irq   %soft  %steal  %guest  %gnice   %idle
14:09:40     all   13.75    0.00    4.50    0.00    0.00    0.00    0.00    0.00    0.00   81.75
14:09:40       0   19.00    0.00    1.00    0.00    0.00    0.00    0.00    0.00    0.00   80.00
14:09:40       1   16.00    0.00    6.00    0.00    0.00    0.00    0.00    0.00    0.00   78.00
14:09:40       2    8.82    0.00    4.90    0.00    0.00    0.00    0.00    0.00    0.00   86.27
14:09:40       3   11.22    0.00    6.12    0.00    0.00    0.00    0.00    0.00    0.00   82.65

14:09:40     CPU    %usr   %nice    %sys %iowait    %irq   %soft  %steal  %guest  %gnice   %idle
14:09:41     all   13.35    0.00    3.27    0.00    0.00    0.00    0.00    0.00    0.00   83.38
14:09:41       0    9.47    0.00    5.26    0.00    0.00    0.00    0.00    0.00    0.00   85.26
14:09:41       1   16.83    0.00    0.99    0.00    0.00    0.00    0.00    0.00    0.00   82.18
14:09:41       2    9.09    0.00    3.03    0.00    0.00    0.00    0.00    0.00    0.00   87.88
14:09:41       3   17.65    0.00    3.92    0.00    0.00    0.00    0.00    0.00    0.00   78.43

14:09:41     CPU    %usr   %nice    %sys %iowait    %irq   %soft  %steal  %guest  %gnice   %idle
14:09:42     all   13.42    0.00    3.80    0.00    0.00    0.00    0.00    0.00    0.00   82.78
14:09:42       0   14.29    0.00    3.06    0.00    0.00    0.00    0.00    0.00    0.00   82.65
14:09:42       1   10.20    0.00    2.04    0.00    0.00    0.00    0.00    0.00    0.00   87.76
14:09:42       2   14.85    0.00    3.96    0.00    0.00    0.00    0.00    0.00    0.00   81.19
14:09:42       3   14.29    0.00    6.12    0.00    0.00    0.00    0.00    0.00    0.00   79.59

14:09:42     CPU    %usr   %nice    %sys %iowait    %irq   %soft  %steal  %guest  %gnice   %idle
14:09:43     all   13.04    0.00    4.60    0.00    0.00    0.00    0.00    0.00    0.00   82.35
14:09:43       0   15.79    0.00    4.21    0.00    0.00    0.00    0.00    0.00    0.00   80.00
14:09:43       1   10.31    0.00    2.06    0.00    0.00    0.00    0.00    0.00    0.00   87.63
14:09:43       2   11.11    0.00    3.03    0.00    0.00    0.00    0.00    0.00    0.00   85.86
14:09:43       3   15.00    0.00    9.00    0.00    0.00    0.00    0.00    0.00    0.00   76.00

14:09:43     CPU    %usr   %nice    %sys %iowait    %irq   %soft  %steal  %guest  %gnice   %idle
14:09:44     all   11.78    0.00    5.01    0.00    0.00    0.00    0.00    0.00    0.00   83.21
14:09:44       0   12.75    0.00    8.82    0.00    0.00    0.00    0.00    0.00    0.00   78.43
14:09:44       1   10.20    0.00    3.06    0.00    0.00    0.00    0.00    0.00    0.00   86.73
14:09:44       2   12.24    0.00    4.08    0.00    0.00    0.00    0.00    0.00    0.00   83.67
14:09:44       3   11.88    0.00    3.96    0.00    0.00    0.00    0.00    0.00    0.00   84.16

14:09:44     CPU    %usr   %nice    %sys %iowait    %irq   %soft  %steal  %guest  %gnice   %idle
14:09:45     all   13.38    0.00    4.29    0.00    0.00    0.00    0.00    0.00    0.00   82.32
14:09:45       0   13.54    0.00    4.17    0.00    0.00    0.00    0.00    0.00    0.00   82.29
14:09:45       1   10.78    0.00    7.84    0.00    0.00    0.00    0.00    0.00    0.00   81.37
14:09:45       2   15.31    0.00    2.04    0.00    0.00    0.00    0.00    0.00    0.00   82.65
14:09:45       3   14.00    0.00    3.00    0.00    0.00    0.00    0.00    0.00    0.00   83.00

14:09:45     CPU    %usr   %nice    %sys %iowait    %irq   %soft  %steal  %guest  %gnice   %idle
14:09:46     all   12.63    0.00    3.09    0.00    0.00    0.00    0.00    0.00    0.00   84.28
14:09:46       0   15.15    0.00    1.01    0.00    0.00    0.00    0.00    0.00    0.00   83.84
14:09:46       1   15.62    0.00    5.21    0.00    0.00    0.00    0.00    0.00    0.00   79.17
14:09:46       2   12.12    0.00    2.02    0.00    0.00    0.00    0.00    0.00    0.00   85.86
14:09:46       3    7.45    0.00    4.26    0.00    0.00    0.00    0.00    0.00    0.00   88.30

14:09:46     CPU    %usr   %nice    %sys %iowait    %irq   %soft  %steal  %guest  %gnice   %idle
14:09:47     all   14.39    0.00    4.47    0.00    0.00    0.00    0.00    0.00    0.00   81.14
14:09:47       0   11.22    0.00    7.14    0.00    0.00    0.00    0.00    0.00    0.00   81.63
14:09:47       1   11.22    0.00    6.12    0.00    0.00    0.00    0.00    0.00    0.00   82.65
14:09:47       2   18.87    0.00    1.89    0.00    0.00    0.00    0.00    0.00    0.00   79.25
14:09:47       3   15.84    0.00    2.97    0.00    0.00    0.00    0.00    0.00    0.00   81.19

14:09:47     CPU    %usr   %nice    %sys %iowait    %irq   %soft  %steal  %guest  %gnice   %idle
14:09:48     all   11.60    0.00    3.87    0.00    0.00    0.00    0.00    0.00    0.00   84.54
14:09:48       0   10.75    0.00    5.38    0.00    0.00    0.00    0.00    0.00    0.00   83.87
14:09:48       1   10.53    0.00    2.11    0.00    0.00    0.00    0.00    0.00    0.00   87.37
14:09:48       2   14.14    0.00    5.05    0.00    0.00    0.00    0.00    0.00    0.00   80.81
14:09:48       3   10.89    0.00    2.97    0.00    0.00    0.00    0.00    0.00    0.00   86.14

14:09:48     CPU    %usr   %nice    %sys %iowait    %irq   %soft  %steal  %guest  %gnice   %idle
14:09:49     all   13.01    0.00    3.83    0.00    0.00    0.00    0.00    0.00    0.00   83.16
14:09:49       0    5.32    0.00   10.64    0.00    0.00    0.00    0.00    0.00    0.00   84.04
14:09:49       1   13.00    0.00    3.00    0.00    0.00    0.00    0.00    0.00    0.00   84.00
14:09:49       2   15.31    0.00    1.02    0.00    0.00    0.00    0.00    0.00    0.00   83.67
14:09:49       3   18.00    0.00    1.00    0.00    0.00    0.00    0.00    0.00    0.00   81.00

14:09:49     CPU    %usr   %nice    %sys %iowait    %irq   %soft  %steal  %guest  %gnice   %idle
14:09:50     all   13.67    0.00    4.05    0.00    0.00    0.00    0.00    0.00    0.00   82.28
14:09:50       0   11.34    0.00    6.19    0.00    0.00    0.00    0.00    0.00    0.00   82.47
14:09:50       1   17.17    0.00    5.05    0.00    0.00    0.00    0.00    0.00    0.00   77.78
14:09:50       2   12.12    0.00    4.04    0.00    0.00    0.00    0.00    0.00    0.00   83.84
14:09:50       3   14.00    0.00    1.00    0.00    0.00    0.00    0.00    0.00    0.00   85.00

14:09:50     CPU    %usr   %nice    %sys %iowait    %irq   %soft  %steal  %guest  %gnice   %idle
14:09:51     all   13.93    0.00    3.73    0.00    0.00    0.00    0.00    0.00    0.00   82.34
14:09:51       0   19.00    0.00    1.00    0.00    0.00    0.00    0.00    0.00    0.00   80.00
14:09:51       1    8.16    0.00    7.14    0.00    0.00    0.00    0.00    0.00    0.00   84.69
14:09:51       2   16.50    0.00    6.80    0.00    0.00    0.00    0.00    0.00    0.00   76.70
14:09:51       3   11.88    0.00    0.00    0.00    0.00    0.00    0.00    0.00    0.00   88.12

14:09:51     CPU    %usr   %nice    %sys %iowait    %irq   %soft  %steal  %guest  %gnice   %idle
14:09:52     all   13.04    0.00    3.32    0.00    0.00    0.00    0.00    0.00    0.00   83.63
14:09:52       0   14.43    0.00    3.09    0.00    0.00    0.00    0.00    0.00    0.00   82.47
14:09:52       1    9.28    0.00    7.22    0.00    0.00    0.00    0.00    0.00    0.00   83.51
14:09:52       2   18.00    0.00    1.00    0.00    0.00    0.00    0.00    0.00    0.00   81.00
14:09:52       3   10.31    0.00    2.06    0.00    0.00    0.00    0.00    0.00    0.00   87.63

14:09:52     CPU    %usr   %nice    %sys %iowait    %irq   %soft  %steal  %guest  %gnice   %idle
14:09:53     all   13.78    0.00    4.76    0.00    0.00    0.00    0.00    0.00    0.00   81.45
14:09:53       0   14.71    0.00    3.92    0.00    0.00    0.00    0.00    0.00    0.00   81.37
14:09:53       1   17.65    0.00    6.86    0.00    0.00    0.00    0.00    0.00    0.00   75.49
14:09:53       2   11.22    0.00    6.12    0.00    0.00    0.00    0.00    0.00    0.00   82.65
14:09:53       3   11.34    0.00    2.06    0.00    0.00    0.00    0.00    0.00    0.00   86.60

14:09:53     CPU    %usr   %nice    %sys %iowait    %irq   %soft  %steal  %guest  %gnice   %idle
14:09:54     all   13.97    0.00    4.99    0.00    0.00    0.00    0.00    0.00    0.00   81.05
14:09:54       0   17.82    0.00    3.96    0.00    0.00    0.00    0.00    0.00    0.00   78.22
14:09:54       1   17.65    0.00    3.92    0.00    0.00    0.00    0.00    0.00    0.00   78.43
14:09:54       2    8.16    0.00    9.18    0.00    0.00    0.00    0.00    0.00    0.00   82.65
14:09:54       3   12.00    0.00    3.00    0.00    0.00    0.00    0.00    0.00    0.00   85.00

14:09:54     CPU    %usr   %nice    %sys %iowait    %irq   %soft  %steal  %guest  %gnice   %idle
14:09:55     all   12.56    0.00    4.52    0.00    0.00    0.00    0.00    0.00    0.00   82.91
14:09:55       0   13.27    0.00    2.04    0.00    0.00    0.00    0.00    0.00    0.00   84.69
14:09:55       1   11.76    0.00    2.94    0.00    0.00    0.00    0.00    0.00    0.00   85.29
14:09:55       2   13.40    0.00    5.15    0.00    0.00    0.00    0.00    0.00    0.00   81.44
14:09:55       3   11.88    0.00    7.92    0.00    0.00    0.00    0.00    0.00    0.00   80.20

14:09:55     CPU    %usr   %nice    %sys %iowait    %irq   %soft  %steal  %guest  %gnice   %idle
14:09:56     all   13.57    0.00    4.27    0.00    0.00    0.00    0.00    0.00    0.00   82.16
14:09:56       0   13.40    0.00    4.12    0.00    0.00    0.00    0.00    0.00    0.00   82.47
14:09:56       1   13.86    0.00    1.98    0.00    0.00    0.00    0.00    0.00    0.00   84.16
14:09:56       2   11.11    0.00    7.07    0.00    0.00    0.00    0.00    0.00    0.00   81.82
14:09:56       3   15.84    0.00    3.96    0.00    0.00    0.00    0.00    0.00    0.00   80.20

14:09:56     CPU    %usr   %nice    %sys %iowait    %irq   %soft  %steal  %guest  %gnice   %idle
14:09:57     all   12.44    0.00    4.31    0.00    0.00    0.00    0.00    0.00    0.00   83.25
14:09:57       0    9.47    0.00    4.21    0.00    0.00    0.00    0.00    0.00    0.00   86.32
14:09:57       1   14.14    0.00    0.00    0.00    0.00    0.00    0.00    0.00    0.00   85.86
14:09:57       2    9.00    0.00   11.00    0.00    0.00    0.00    0.00    0.00    0.00   80.00
14:09:57       3   17.00    0.00    2.00    0.00    0.00    0.00    0.00    0.00    0.00   81.00

14:09:57     CPU    %usr   %nice    %sys %iowait    %irq   %soft  %steal  %guest  %gnice   %idle
14:09:58     all   12.15    0.00    4.56    0.00    0.00    0.00    0.00    0.00    0.00   83.29
14:09:58       0   15.00    0.00    3.00    0.00    0.00    0.00    0.00    0.00    0.00   82.00
14:09:58       1   10.42    0.00    8.33    0.00    0.00    0.00    0.00    0.00    0.00   81.25
14:09:58       2   11.88    0.00    5.94    0.00    0.00    0.00    0.00    0.00    0.00   82.18
14:09:58       3   11.22    0.00    1.02    0.00    0.00    0.00    0.00    0.00    0.00   87.76

14:09:58     CPU    %usr   %nice    %sys %iowait    %irq   %soft  %steal  %guest  %gnice   %idle
14:09:59     all   12.05    0.00    4.36    0.00    0.00    0.00    0.00    0.00    0.00   83.59
14:09:59       0   11.34    0.00    4.12    0.00    0.00    0.00    0.00    0.00    0.00   84.54
14:09:59       1   10.10    0.00    3.03    0.00    0.00    0.00    0.00    0.00    0.00   86.87
14:09:59       2   13.27    0.00    7.14    0.00    0.00    0.00    0.00    0.00    0.00   79.59
14:09:59       3   13.54    0.00    3.12    0.00    0.00    0.00    0.00    0.00    0.00   83.33

14:09:59     CPU    %usr   %nice    %sys %iowait    %irq   %soft  %steal  %guest  %gnice   %idle
14:10:00     all   12.56    0.00    4.36    0.00    0.00    0.00    0.00    0.00    0.00   83.08
14:10:00       0    8.25    0.00    3.09    0.00    0.00    0.00    0.00    0.00    0.00   88.66
14:10:00       1   12.50    0.00    5.21    0.00    0.00    0.00    0.00    0.00    0.00   82.29
14:10:00       2   13.13    0.00    3.03    0.00    0.00    0.00    0.00    0.00    0.00   83.84
14:10:00       3   16.33    0.00    6.12    0.00    0.00    0.00    0.00    0.00    0.00   77.55

14:10:00     CPU    %usr   %nice    %sys %iowait    %irq   %soft  %steal  %guest  %gnice   %idle
14:10:01     all   13.82    0.00    3.77    0.00    0.00    0.00    0.00    0.00    0.00   82.41
14:10:01       0   15.84    0.00    0.99    0.00    0.00    0.00    0.00    0.00    0.00   83.17
14:10:01       1   10.20    0.00    4.08    0.00    0.00    0.00    0.00    0.00    0.00   85.71
14:10:01       2   17.82    0.00    3.96    0.00    0.00    0.00    0.00    0.00    0.00   78.22
14:10:01       3   11.22    0.00    6.12    0.00    0.00    0.00    0.00    0.00    0.00   82.65

14:10:01     CPU    %usr   %nice    %sys %iowait    %irq   %soft  %steal  %guest  %gnice   %idle
14:10:02     all   12.02    0.00    4.09    0.00    0.00    0.00    0.00    0.00    0.00   83.89
14:10:02       0   16.49    0.00    2.06    0.00    0.00    0.00    0.00    0.00    0.00   81.44
14:10:02       1   13.00    0.00    3.00    0.00    0.00    0.00    0.00    0.00    0.00   84.00
14:10:02       2    4.21    0.00   10.53    0.00    0.00    0.00    0.00    0.00    0.00   85.26
14:10:02       3   14.14    0.00    1.01    0.00    0.00    0.00    0.00    0.00    0.00   84.85

14:10:02     CPU    %usr   %nice    %sys %iowait    %irq   %soft  %steal  %guest  %gnice   %idle
14:10:03     all   13.01    0.00    3.57    0.00    0.00    0.00    0.00    0.00    0.00   83.42
14:10:03       0   17.89    0.00    1.05    0.00    0.00    0.00    0.00    0.00    0.00   81.05
14:10:03       1   13.40    0.00    2.06    0.00    0.00    0.00    0.00    0.00    0.00   84.54
14:10:03       2   11.00    0.00    8.00    0.00    0.00    0.00    0.00    0.00    0.00   81.00
14:10:03       3   10.00    0.00    3.00    0.00    0.00    0.00    0.00    0.00    0.00   87.00

14:10:03     CPU    %usr   %nice    %sys %iowait    %irq   %soft  %steal  %guest  %gnice   %idle
14:10:04     all   12.76    0.00    4.08    0.00    0.00    0.00    0.00    0.00    0.00   83.16
14:10:04       0   12.63    0.00    3.16    0.00    0.00    0.00    0.00    0.00    0.00   84.21
14:10:04       1   12.24    0.00    6.12    0.00    0.00    0.00    0.00    0.00    0.00   81.63
14:10:04       2    9.09    0.00    3.03    0.00    0.00    0.00    0.00    0.00    0.00   87.88
14:10:04       3   17.00    0.00    4.00    0.00    0.00    0.00    0.00    0.00    0.00   79.00

14:10:04     CPU    %usr   %nice    %sys %iowait    %irq   %soft  %steal  %guest  %gnice   %idle
14:10:05     all   13.86    0.00    4.21    0.00    0.00    0.00    0.00    0.00    0.00   81.93
14:10:05       0   19.42    0.00    4.85    0.00    0.00    0.00    0.00    0.00    0.00   75.73
14:10:05       1    9.90    0.00    3.96    0.00    0.00    0.00    0.00    0.00    0.00   86.14
14:10:05       2   18.81    0.00    1.98    0.00    0.00    0.00    0.00    0.00    0.00   79.21
14:10:05       3    7.07    0.00    6.06    0.00    0.00    0.00    0.00    0.00    0.00   86.87

14:10:05     CPU    %usr   %nice    %sys %iowait    %irq   %soft  %steal  %guest  %gnice   %idle
14:10:06     all   13.08    0.00    4.10    0.00    0.00    0.00    0.00    0.00    0.00   82.82
14:10:06       0   15.31    0.00    2.04    0.00    0.00    0.00    0.00    0.00    0.00   82.65
14:10:06       1    7.29    0.00    4.17    0.00    0.00    0.00    0.00    0.00    0.00   88.54
14:10:06       2   20.20    0.00    3.03    0.00    0.00    0.00    0.00    0.00    0.00   76.77
14:10:06       3    9.28    0.00    7.22    0.00    0.00    0.00    0.00    0.00    0.00   83.51

14:10:06     CPU    %usr   %nice    %sys %iowait    %irq   %soft  %steal  %guest  %gnice   %idle
14:10:07     all   12.88    0.00    4.29    0.00    0.00    0.00    0.00    0.00    0.00   82.83
14:10:07       0   10.10    0.00    5.05    0.00    0.00    0.00    0.00    0.00    0.00   84.85
14:10:07       1   10.89    0.00    2.97    0.00    0.00    0.00    0.00    0.00    0.00   86.14
14:10:07       2   13.40    0.00    4.12    0.00    0.00    0.00    0.00    0.00    0.00   82.47
14:10:07       3   17.17    0.00    5.05    0.00    0.00    0.00    0.00    0.00    0.00   77.78

14:10:07     CPU    %usr   %nice    %sys %iowait    %irq   %soft  %steal  %guest  %gnice   %idle
14:10:08     all   13.97    0.00    5.39    0.00    0.00    0.00    0.00    0.00    0.00   80.64
14:10:08       0   20.19    0.00    6.73    0.00    0.00    0.00    0.00    0.00    0.00   73.08
14:10:08       1   10.10    0.00    3.03    0.00    0.00    0.00    0.00    0.00    0.00   86.87
14:10:08       2   11.65    0.00    5.83    0.00    0.00    0.00    0.00    0.00    0.00   82.52
14:10:08       3   13.73    0.00    5.88    0.00    0.00    0.00    0.00    0.00    0.00   80.39

14:10:08     CPU    %usr   %nice    %sys %iowait    %irq   %soft  %steal  %guest  %gnice   %idle
14:10:09     all   12.34    0.00    3.60    0.00    0.00    0.00    0.00    0.00    0.00   84.06
14:10:09       0   15.31    0.00    3.06    0.00    0.00    0.00    0.00    0.00    0.00   81.63
14:10:09       1   16.00    0.00    0.00    0.00    0.00    0.00    0.00    0.00    0.00   84.00
14:10:09       2   10.42    0.00    5.21    0.00    0.00    0.00    0.00    0.00    0.00   84.38
14:10:09       3    7.37    0.00    6.32    0.00    0.00    0.00    0.00    0.00    0.00   86.32

14:10:09     CPU    %usr   %nice    %sys %iowait    %irq   %soft  %steal  %guest  %gnice   %idle
14:10:10     all   13.90    0.00    5.46    0.00    0.00    0.00    0.00    0.00    0.00   80.65
14:10:10       0    8.25    0.00    6.19    0.00    0.00    0.00    0.00    0.00    0.00   85.57
14:10:10       1   18.27    0.00    4.81    0.00    0.00    0.00    0.00    0.00    0.00   76.92
14:10:10       2   11.88    0.00    7.92    0.00    0.00    0.00    0.00    0.00    0.00   80.20
14:10:10       3   16.83    0.00    2.97    0.00    0.00    0.00    0.00    0.00    0.00   80.20

14:10:10     CPU    %usr   %nice    %sys %iowait    %irq   %soft  %steal  %guest  %gnice   %idle
14:10:11     all   12.79    0.00    4.09    0.00    0.00    0.00    0.00    0.00    0.00   83.12
14:10:11       0   18.75    0.00    2.08    0.00    0.00    0.00    0.00    0.00    0.00   79.17
14:10:11       1    9.18    0.00    7.14    0.00    0.00    0.00    0.00    0.00    0.00   83.67
14:10:11       2    9.18    0.00    7.14    0.00    0.00    0.00    0.00    0.00    0.00   83.67
14:10:11       3   14.14    0.00    0.00    0.00    0.00    0.00    0.00    0.00    0.00   85.86

14:10:11     CPU    %usr   %nice    %sys %iowait    %irq   %soft  %steal  %guest  %gnice   %idle
14:10:12     all   12.72    0.00    4.74    0.00    0.00    0.00    0.00    0.00    0.00   82.54
14:10:12       0    6.25    0.00    5.21    0.00    0.00    0.00    0.00    0.00    0.00   88.54
14:10:12       1   17.31    0.00    4.81    0.00    0.00    0.00    0.00    0.00    0.00   77.88
14:10:12       2   18.45    0.00    3.88    0.00    0.00    0.00    0.00    0.00    0.00   77.67
14:10:12       3    8.16    0.00    5.10    0.00    0.00    0.00    0.00    0.00    0.00   86.73

14:10:12     CPU    %usr   %nice    %sys %iowait    %irq   %soft  %steal  %guest  %gnice   %idle
14:10:13     all   12.21    0.00    4.83    0.00    0.00    0.00    0.00    0.00    0.00   82.95
14:10:13       0   10.31    0.00    4.12    0.00    0.00    0.00    0.00    0.00    0.00   85.57
14:10:13       1   15.15    0.00    5.05    0.00    0.00    0.00    0.00    0.00    0.00   79.80
14:10:13       2   13.13    0.00    4.04    0.00    0.00    0.00    0.00    0.00    0.00   82.83
14:10:13       3   10.20    0.00    6.12    0.00    0.00    0.00    0.00    0.00    0.00   83.67

14:10:13     CPU    %usr   %nice    %sys %iowait    %irq   %soft  %steal  %guest  %gnice   %idle
14:10:14     all   13.15    0.00    5.21    0.00    0.00    0.00    0.00    0.00    0.00   81.64
14:10:14       0   17.00    0.00    3.00    0.00    0.00    0.00    0.00    0.00    0.00   80.00
14:10:14       1    6.12    0.00   11.22    0.00    0.00    0.00    0.00    0.00    0.00   82.65
14:10:14       2   19.42    0.00    1.94    0.00    0.00    0.00    0.00    0.00    0.00   78.64
14:10:14       3    9.80    0.00    4.90    0.00    0.00    0.00    0.00    0.00    0.00   85.29

14:10:14     CPU    %usr   %nice    %sys %iowait    %irq   %soft  %steal  %guest  %gnice   %idle
14:10:15     all   11.69    0.00    3.12    0.00    0.00    0.00    0.00    0.00    0.00   85.19
14:10:15       0    9.68    0.00    5.38    0.00    0.00    0.00    0.00    0.00    0.00   84.95
14:10:15       1   11.22    0.00    3.06    0.00    0.00    0.00    0.00    0.00    0.00   85.71
14:10:15       2   13.68    0.00    2.11    0.00    0.00    0.00    0.00    0.00    0.00   84.21
14:10:15       3   12.12    0.00    2.02    0.00    0.00    0.00    0.00    0.00    0.00   85.86

14:10:15     CPU    %usr   %nice    %sys %iowait    %irq   %soft  %steal  %guest  %gnice   %idle
14:10:16     all   13.38    0.00    4.04    0.00    0.00    0.00    0.00    0.00    0.00   82.58
14:10:16       0    6.32    0.00    6.32    0.00    0.00    0.00    0.00    0.00    0.00   87.37
14:10:16       1   11.88    0.00    5.94    0.00    0.00    0.00    0.00    0.00    0.00   82.18
14:10:16       2   19.00    0.00    1.00    0.00    0.00    0.00    0.00    0.00    0.00   80.00
14:10:16       3   16.00    0.00    3.00    0.00    0.00    0.00    0.00    0.00    0.00   81.00

14:10:16     CPU    %usr   %nice    %sys %iowait    %irq   %soft  %steal  %guest  %gnice   %idle
14:10:17     all   13.60    0.00    4.79    0.00    0.00    0.00    0.00    0.00    0.00   81.61
14:10:17       0   13.40    0.00    4.12    0.00    0.00    0.00    0.00    0.00    0.00   82.47
14:10:17       1   18.81    0.00    0.99    0.00    0.00    0.00    0.00    0.00    0.00   80.20
14:10:17       2   10.00    0.00    9.00    0.00    0.00    0.00    0.00    0.00    0.00   81.00
14:10:17       3   12.12    0.00    5.05    0.00    0.00    0.00    0.00    0.00    0.00   82.83

14:10:17     CPU    %usr   %nice    %sys %iowait    %irq   %soft  %steal  %guest  %gnice   %idle
14:10:18     all   14.46    0.00    4.74    0.00    0.00    0.00    0.00    0.00    0.00   80.80
14:10:18       0   17.17    0.00    2.02    0.00    0.00    0.00    0.00    0.00    0.00   80.81
14:10:18       1    9.09    0.00    8.08    0.00    0.00    0.00    0.00    0.00    0.00   82.83
14:10:18       2   12.00    0.00    6.00    0.00    0.00    0.00    0.00    0.00    0.00   82.00
14:10:18       3   19.42    0.00    2.91    0.00    0.00    0.00    0.00    0.00    0.00   77.67

14:10:18     CPU    %usr   %nice    %sys %iowait    %irq   %soft  %steal  %guest  %gnice   %idle
14:10:19     all   11.39    0.00    4.56    0.00    0.00    0.00    0.00    0.00    0.00   84.05
14:10:19       0   10.31    0.00    5.15    0.00    0.00    0.00    0.00    0.00    0.00   84.54
14:10:19       1   12.37    0.00    3.09    0.00    0.00    0.00    0.00    0.00    0.00   84.54
14:10:19       2   13.27    0.00    3.06    0.00    0.00    0.00    0.00    0.00    0.00   83.67
14:10:19       3    9.71    0.00    6.80    0.00    0.00    0.00    0.00    0.00    0.00   83.50

14:10:19     CPU    %usr   %nice    %sys %iowait    %irq   %soft  %steal  %guest  %gnice   %idle
14:10:20     all   13.45    0.00    4.06    0.00    0.00    0.00    0.00    0.00    0.00   82.49
14:10:20       0   15.00    0.00    3.00    0.00    0.00    0.00    0.00    0.00    0.00   82.00
14:10:20       1    8.25    0.00   11.34    0.00    0.00    0.00    0.00    0.00    0.00   80.41
14:10:20       2   16.49    0.00    0.00    0.00    0.00    0.00    0.00    0.00    0.00   83.51
14:10:20       3   14.00    0.00    2.00    0.00    0.00    0.00    0.00    0.00    0.00   84.00

14:10:20     CPU    %usr   %nice    %sys %iowait    %irq   %soft  %steal  %guest  %gnice   %idle
14:10:21     all   15.23    0.00    5.41    0.00    0.00    0.00    0.00    0.00    0.00   79.36
14:10:21       0   15.15    0.00    7.07    0.00    0.00    0.00    0.00    0.00    0.00   77.78
14:10:21       1   13.86    0.00    6.93    0.00    0.00    0.00    0.00    0.00    0.00   79.21
14:10:21       2   18.10    0.00    5.71    0.00    0.00    0.00    0.00    0.00    0.00   76.19
14:10:21       3   13.73    0.00    1.96    0.00    0.00    0.00    0.00    0.00    0.00   84.31

14:10:21     CPU    %usr   %nice    %sys %iowait    %irq   %soft  %steal  %guest  %gnice   %idle
14:10:22     all   12.66    0.00    3.54    0.00    0.00    0.00    0.00    0.00    0.00   83.80
14:10:22       0    6.12    0.00   14.29    0.00    0.00    0.00    0.00    0.00    0.00   79.59
14:10:22       1   16.00    0.00    0.00    0.00    0.00    0.00    0.00    0.00    0.00   84.00
14:10:22       2   16.16    0.00    0.00    0.00    0.00    0.00    0.00    0.00    0.00   83.84
14:10:22       3   12.24    0.00    0.00    0.00    0.00    0.00    0.00    0.00    0.00   87.76

14:10:22     CPU    %usr   %nice    %sys %iowait    %irq   %soft  %steal  %guest  %gnice   %idle
14:10:23     all   13.18    0.00    5.97    0.00    0.00    0.00    0.00    0.00    0.00   80.85
14:10:23       0   12.12    0.00   12.12    0.00    0.00    0.00    0.00    0.00    0.00   75.76
14:10:23       1   11.88    0.00    2.97    0.00    0.00    0.00    0.00    0.00    0.00   85.15
14:10:23       2   16.00    0.00    3.00    0.00    0.00    0.00    0.00    0.00    0.00   81.00
14:10:23       3   12.75    0.00    5.88    0.00    0.00    0.00    0.00    0.00    0.00   81.37

14:10:23     CPU    %usr   %nice    %sys %iowait    %irq   %soft  %steal  %guest  %gnice   %idle
14:10:24     all   13.14    0.00    2.84    0.00    0.00    0.00    0.00    0.00    0.00   84.02
14:10:24       0   12.24    0.00    5.10    0.00    0.00    0.00    0.00    0.00    0.00   82.65
14:10:24       1   12.24    0.00    1.02    0.00    0.00    0.00    0.00    0.00    0.00   86.73
14:10:24       2   15.46    0.00    2.06    0.00    0.00    0.00    0.00    0.00    0.00   82.47
14:10:24       3   12.63    0.00    3.16    0.00    0.00    0.00    0.00    0.00    0.00   84.21

14:10:24     CPU    %usr   %nice    %sys %iowait    %irq   %soft  %steal  %guest  %gnice   %idle
14:10:25     all   12.91    0.00    4.56    0.00    0.00    0.00    0.00    0.00    0.00   82.53
14:10:25       0    8.33    0.00    4.17    0.00    0.00    0.00    0.00    0.00    0.00   87.50
14:10:25       1   16.00    0.00    5.00    0.00    0.00    0.00    0.00    0.00    0.00   79.00
14:10:25       2    8.08    0.00    0.00    0.00    0.00    0.00    0.00    0.00    0.00   91.92
14:10:25       3   19.00    0.00    9.00    0.00    0.00    0.00    0.00    0.00    0.00   72.00

14:10:25     CPU    %usr   %nice    %sys %iowait    %irq   %soft  %steal  %guest  %gnice   %idle
14:10:26     all   11.39    0.00    4.56    0.00    0.00    0.00    0.00    0.00    0.00   84.05
14:10:26       0    8.42    0.00    4.21    0.00    0.00    0.00    0.00    0.00    0.00   87.37
14:10:26       1   14.58    0.00    2.08    0.00    0.00    0.00    0.00    0.00    0.00   83.33
14:10:26       2   13.73    0.00    5.88    0.00    0.00    0.00    0.00    0.00    0.00   80.39
14:10:26       3    8.82    0.00    5.88    0.00    0.00    0.00    0.00    0.00    0.00   85.29

14:10:26     CPU    %usr   %nice    %sys %iowait    %irq   %soft  %steal  %guest  %gnice   %idle
14:10:27     all   13.35    0.00    4.53    0.00    0.00    0.00    0.00    0.00    0.00   82.12
14:10:27       0   15.46    0.00    4.12    0.00    0.00    0.00    0.00    0.00    0.00   80.41
14:10:27       1    8.08    0.00    7.07    0.00    0.00    0.00    0.00    0.00    0.00   84.85
14:10:27       2   19.42    0.00    3.88    0.00    0.00    0.00    0.00    0.00    0.00   76.70
14:10:27       3   10.20    0.00    3.06    0.00    0.00    0.00    0.00    0.00    0.00   86.73

14:10:27     CPU    %usr   %nice    %sys %iowait    %irq   %soft  %steal  %guest  %gnice   %idle
14:10:28     all   14.36    0.00    4.28    0.00    0.00    0.00    0.00    0.00    0.00   81.36
14:10:28       0   14.85    0.00    3.96    0.00    0.00    0.00    0.00    0.00    0.00   81.19
14:10:28       1   19.42    0.00    1.94    0.00    0.00    0.00    0.00    0.00    0.00   78.64
14:10:28       2   11.83    0.00    4.30    0.00    0.00    0.00    0.00    0.00    0.00   83.87
14:10:28       3   11.00    0.00    7.00    0.00    0.00    0.00    0.00    0.00    0.00   82.00

14:10:28     CPU    %usr   %nice    %sys %iowait    %irq   %soft  %steal  %guest  %gnice   %idle
14:10:29     all   13.82    0.00    3.52    0.00    0.00    0.00    0.00    0.00    0.00   82.66
14:10:29       0   16.33    0.00    2.04    0.00    0.00    0.00    0.00    0.00    0.00   81.63
14:10:29       1   17.82    0.00    0.99    0.00    0.00    0.00    0.00    0.00    0.00   81.19
14:10:29       2   11.11    0.00    6.06    0.00    0.00    0.00    0.00    0.00    0.00   82.83
14:10:29       3   10.00    0.00    5.00    0.00    0.00    0.00    0.00    0.00    0.00   85.00

14:10:29     CPU    %usr   %nice    %sys %iowait    %irq   %soft  %steal  %guest  %gnice   %idle
14:10:30     all   13.57    0.00    4.27    0.00    0.00    0.00    0.00    0.00    0.00   82.16
14:10:30       0   16.49    0.00    2.06    0.00    0.00    0.00    0.00    0.00    0.00   81.44
14:10:30       1   21.00    0.00    2.00    0.00    0.00    0.00    0.00    0.00    0.00   77.00
14:10:30       2    9.90    0.00    1.98    0.00    0.00    0.00    0.00    0.00    0.00   88.12
14:10:30       3    7.00    0.00   11.00    0.00    0.00    0.00    0.00    0.00    0.00   82.00

14:10:30     CPU    %usr   %nice    %sys %iowait    %irq   %soft  %steal  %guest  %gnice   %idle
14:10:31     all   13.60    0.00    3.27    0.00    0.00    0.00    0.00    0.00    0.00   83.12
14:10:31       0   20.00    0.00    1.00    0.00    0.00    0.00    0.00    0.00    0.00   79.00
14:10:31       1   18.18    0.00    1.01    0.00    0.00    0.00    0.00    0.00    0.00   80.81
14:10:31       2    9.80    0.00    1.96    0.00    0.00    0.00    0.00    0.00    0.00   88.24
14:10:31       3    6.25    0.00    9.38    0.00    0.00    0.00    0.00    0.00    0.00   84.38

14:10:31     CPU    %usr   %nice    %sys %iowait    %irq   %soft  %steal  %guest  %gnice   %idle
14:10:32     all   13.13    0.00    3.03    0.00    0.00    0.00    0.00    0.00    0.00   83.84
14:10:32       0   11.34    0.00    4.12    0.00    0.00    0.00    0.00    0.00    0.00   84.54
14:10:32       1   16.00    0.00    6.00    0.00    0.00    0.00    0.00    0.00    0.00   78.00
14:10:32       2   13.00    0.00    1.00    0.00    0.00    0.00    0.00    0.00    0.00   86.00
14:10:32       3   12.12    0.00    1.01    0.00    0.00    0.00    0.00    0.00    0.00   86.87

14:10:32     CPU    %usr   %nice    %sys %iowait    %irq   %soft  %steal  %guest  %gnice   %idle
14:10:33     all   14.04    0.00    4.68    0.00    0.00    0.00    0.00    0.00    0.00   81.28
14:10:33       0   13.13    0.00    4.04    0.00    0.00    0.00    0.00    0.00    0.00   82.83
14:10:33       1   13.13    0.00    5.05    0.00    0.00    0.00    0.00    0.00    0.00   81.82
14:10:33       2   15.38    0.00    4.81    0.00    0.00    0.00    0.00    0.00    0.00   79.81
14:10:33       3   14.42    0.00    4.81    0.00    0.00    0.00    0.00    0.00    0.00   80.77

14:10:33     CPU    %usr   %nice    %sys %iowait    %irq   %soft  %steal  %guest  %gnice   %idle
14:10:34     all    6.60    0.00    5.58    0.00    0.00    0.00    0.00    0.00    0.00   87.82
14:10:34       0    4.12    0.00    3.09    0.00    0.00    0.00    0.00    0.00    0.00   92.78
14:10:34       1    6.00    0.00    3.00    0.00    0.00    0.00    0.00    0.00    0.00   91.00
14:10:34       2   13.00    0.00   13.00    0.00    0.00    0.00    0.00    0.00    0.00   74.00
14:10:34       3    3.09    0.00    3.09    0.00    0.00    0.00    0.00    0.00    0.00   93.81

Average:     CPU    %usr   %nice    %sys %iowait    %irq   %soft  %steal  %guest  %gnice   %idle
Average:     all   13.15    0.00    4.33    0.00    0.00    0.00    0.00    0.00    0.00   82.52
Average:       0   12.69    0.00    4.70    0.00    0.00    0.00    0.00    0.00    0.00   82.60
Average:       1   13.44    0.00    4.12    0.00    0.00    0.00    0.00    0.00    0.00   82.43
Average:       2   13.31    0.00    4.57    0.00    0.00    0.00    0.00    0.00    0.00   82.12
Average:       3   13.16    0.00    3.92    0.00    0.00    0.00    0.00    0.00    0.00   82.92
