lane,patch,stage,kind,t0_ms,t1_ms
-1,0,read,read,0.24709,64.9164
-1,1,read,read,65.0567,152.271
-1,2,read,read,152.295,281.035
-1,3,read,read,445.216,547.963
-1,4,read,read,841.873,945.056
-1,5,read,read,1228.77,1357.68
-1,6,read,read,1621.02,1742.12
-1,7,read,read,2004.23,2112.41
-1,8,read,read,2398.9,2512.7
-1,9,read,read,2781.6,2856.29
-1,10,read,read,3152.24,3196.62
-1,11,read,read,3552.69,3629.15
-1,12,read,read,3946.09,4028.77
-1,13,read,read,4337.59,4382.2
-1,14,read,read,4737.41,4800.4
-1,15,read,read,5127.49,5217.58
0,0,normalize,cpu,65.4971,69.2687
0,0,g_a_cpu,cpu,86.4309,86.9801
0,0,g_a,dpu,86.9844,92.4347
0,0,g_a,dpu,92.4388,109.928
0,0,g_a_cpu,cpu,109.929,110.621
0,0,h_a,dpu,110.627,126.577
0,0,eb_enc,cpu,126.583,127.008
0,0,eb_dec,cpu,127.011,127.254
0,0,h_s,dpu,127.255,136.532
0,0,gc,cpu,136.544,207.775
0,24,normalize,cpu,208.364,212.073
0,24,g_a_cpu,cpu,212.078,212.51
0,24,g_a,dpu,212.518,218.536
0,24,g_a,dpu,218.539,243.556
0,24,g_a_cpu,cpu,243.559,244.275
0,24,h_a,dpu,244.281,261.328
0,24,eb_enc,cpu,261.33,261.618
0,24,eb_dec,cpu,261.624,261.835
0,24,h_s,dpu,261.836,279.142
0,24,gc,cpu,279.144,290.655
0,33,normalize,cpu,291.312,307.383
0,33,g_a_cpu,cpu,307.387,307.911
0,33,g_a,dpu,307.917,313.227
0,33,g_a,dpu,313.23,318.566
0,33,g_a_cpu,cpu,318.57,319.269
0,33,h_a,dpu,319.272,326.472
0,33,eb_enc,cpu,326.474,326.689
0,33,eb_dec,cpu,326.69,326.85
0,33,h_s,dpu,326.85,336.871
0,33,gc,cpu,336.873,349.459
0,43,normalize,cpu,350.062,355.901
0,43,g_a_cpu,cpu,355.909,356.634
0,43,g_a,dpu,356.644,378.434
0,43,g_a,dpu,378.442,403.028
0,43,g_a_cpu,cpu,403.03,403.567
0,43,h_a,dpu,403.571,408.702
0,43,eb_enc,cpu,408.703,408.871
0,43,eb_dec,cpu,408.872,409.033
0,43,h_s,dpu,409.033,415.458
0,43,gc,cpu,415.459,427.979
0,53,normalize,cpu,428.617,432.615
0,53,g_a_cpu,cpu,432.619,432.963
0,53,g_a,dpu,432.966,438.364
0,53,g_a,dpu,438.367,487.326
0,53,g_a_cpu,cpu,487.33,488.269
0,53,h_a,dpu,488.27,498.146
0,53,eb_enc,cpu,498.148,498.336
0,53,eb_dec,cpu,498.337,498.488
0,53,h_s,dpu,498.488,512.706
0,53,gc,cpu,512.708,524.924
0,67,normalize,cpu,525.727,530.663
0,67,g_a_cpu,cpu,530.669,531.311
0,67,g_a,dpu,531.318,588.267
0,67,g_a,dpu,588.268,609.931
0,67,g_a_cpu,cpu,609.933,610.671
0,67,h_a,dpu,610.674,622.352
0,67,eb_enc,cpu,622.353,622.485
0,67,eb_dec,cpu,622.486,622.613
0,67,h_s,dpu,622.613,625.527
0,67,gc,cpu,625.528,636.474
0,85,normalize,cpu,637.138,646.057
0,85,g_a_cpu,cpu,646.06,646.446
0,85,g_a,dpu,646.451,680.962
0,85,g_a,dpu,680.964,690.3
0,85,g_a_cpu,cpu,690.301,690.734
0,85,h_a,dpu,690.743,697.077
0,85,eb_enc,cpu,697.078,697.208
0,85,eb_dec,cpu,697.208,697.333
0,85,h_s,dpu,697.334,704.136
0,85,gc,cpu,704.141,716.548
0,96,normalize,cpu,717.118,721.702
0,96,g_a_cpu,cpu,721.707,722.23
0,96,g_a,dpu,722.233,758.93
0,96,g_a,dpu,758.932,776.706
0,96,g_a_cpu,cpu,776.709,777.109
0,96,h_a,dpu,777.111,778.774
0,96,eb_enc,cpu,778.774,778.967
0,96,eb_dec,cpu,778.968,779.117
0,96,h_s,dpu,779.117,788.624
0,96,gc,cpu,788.625,801.331
0,108,normalize,cpu,803.548,807.321
0,108,g_a_cpu,cpu,807.329,808.08
0,108,g_a,dpu,808.087,822.967
0,108,g_a,dpu,822.968,838.456
0,108,g_a_cpu,cpu,838.458,838.865
0,108,h_a,dpu,838.867,840.979
0,108,eb_enc,cpu,840.981,841.267
0,108,eb_dec,cpu,841.269,841.479
0,108,h_s,dpu,841.48,859.595
0,108,gc,cpu,859.596,872.061
0,119,normalize,cpu,872.667,876.323
0,119,g_a_cpu,cpu,876.331,877.116
0,119,g_a,dpu,877.123,917.032
0,119,g_a,dpu,917.036,922.714
0,119,g_a_cpu,cpu,922.72,923.405
0,119,h_a,dpu,923.412,925.118
0,119,eb_enc,cpu,925.119,925.257
0,119,eb_dec,cpu,925.258,925.383
0,119,h_s,dpu,925.384,926.641
0,119,gc,cpu,926.642,955.722
0,131,normalize,cpu,956.18,959.947
0,131,g_a_cpu,cpu,959.951,960.437
0,131,g_a,dpu,960.44,1002.51
0,131,g_a,dpu,1002.51,1020.69
0,131,g_a_cpu,cpu,1020.7,1021.4
0,131,h_a,dpu,1021.41,1023.99
0,131,eb_enc,cpu,1024,1024.15
0,131,eb_dec,cpu,1024.15,1024.28
0,131,h_s,dpu,1024.28,1026.32
0,131,gc,cpu,1026.32,1042.29
0,145,normalize,cpu,1043.06,1047.99
0,145,g_a_cpu,cpu,1048,1048.57
0,145,g_a,dpu,1048.57,1097.51
0,145,g_a,dpu,1097.52,1106.51
0,145,g_a_cpu,cpu,1106.51,1107
0,145,h_a,dpu,1107.01,1116.81
0,145,eb_enc,cpu,1116.82,1117.08
0,145,eb_dec,cpu,1117.08,1117.29
0,145,h_s,dpu,1117.29,1127.84
0,145,gc,cpu,1127.84,1149.35
0,160,normalize,cpu,1151.78,1155.44
0,160,g_a_cpu,cpu,1155.45,1156.07
0,160,g_a,dpu,1156.08,1176.5
0,160,g_a,dpu,1176.51,1181.82
0,160,g_a_cpu,cpu,1181.82,1182.24
0,160,h_a,dpu,1182.24,1183.72
0,160,eb_enc,cpu,1183.73,1183.88
0,160,eb_dec,cpu,1183.88,1184.02
0,160,h_s,dpu,1184.02,1184.99
0,160,gc,cpu,1185,1196.31
0,168,normalize,cpu,1197.23,1200.98
0,168,g_a_cpu,cpu,1200.99,1201.39
0,168,g_a,dpu,1201.39,1227.93
0,168,g_a,dpu,1227.94,1254.54
0,168,g_a_cpu,cpu,1254.55,1255.52
0,168,h_a,dpu,1255.52,1261.51
0,168,eb_enc,cpu,1261.51,1261.83
0,168,eb_dec,cpu,1261.83,1262.05
0,168,h_s,dpu,1262.05,1268.62
0,168,gc,cpu,1268.62,1294.76
0,182,normalize,cpu,1295.69,1299.34
0,182,g_a_cpu,cpu,1299.35,1299.69
0,182,g_a,dpu,1299.69,1314.57
0,182,g_a,dpu,1314.58,1320.33
0,182,g_a_cpu,cpu,1320.33,1320.78
0,182,h_a,dpu,1320.78,1322.78
0,182,eb_enc,cpu,1322.79,1323
0,182,eb_dec,cpu,1323,1323.13
0,182,h_s,dpu,1323.13,1324.44
0,182,gc,cpu,1324.44,1334.9
0,188,normalize,cpu,1335.39,1349.23
0,188,g_a_cpu,cpu,1349.23,1349.65
0,188,g_a,dpu,1349.65,1366.42
0,188,g_a,dpu,1366.42,1379.5
0,188,g_a_cpu,cpu,1379.5,1379.83
0,188,h_a,dpu,1379.84,1382.79
0,188,eb_enc,cpu,1382.79,1382.92
0,188,eb_dec,cpu,1382.93,1383.05
0,188,h_s,dpu,1383.06,1384.03
0,188,gc,cpu,1384.04,1393.98
0,195,normalize,cpu,1397.44,1405.09
0,195,g_a_cpu,cpu,1405.1,1405.42
0,195,g_a,dpu,1405.43,1429.06
0,195,g_a,dpu,1429.07,1447.75
0,195,g_a_cpu,cpu,1447.76,1448.13
0,195,h_a,dpu,1448.13,1449.81
0,195,eb_enc,cpu,1449.81,1449.98
0,195,eb_dec,cpu,1449.98,1450.14
0,195,h_s,dpu,1450.14,1455.86
0,195,gc,cpu,1455.86,1468.96
0,205,normalize,cpu,1469.48,1474.63
0,205,g_a_cpu,cpu,1474.63,1496.38
0,205,g_a,dpu,1496.38,1504.48
0,205,g_a,dpu,1504.48,1509.9
0,205,g_a_cpu,cpu,1509.9,1510.35
0,205,h_a,dpu,1510.36,1518.59
0,205,eb_enc,cpu,1518.59,1518.72
0,205,eb_dec,cpu,1518.72,1518.85
0,205,h_s,dpu,1518.85,1530.08
0,205,gc,cpu,1530.08,1540.75
0,217,normalize,cpu,1541.86,1545.99
0,217,g_a_cpu,cpu,1545.99,1546.37
0,217,g_a,dpu,1546.37,1567.69
0,217,g_a,dpu,1567.69,1582.49
0,217,g_a_cpu,cpu,1582.49,1583.2
0,217,h_a,dpu,1583.2,1585.07
0,217,eb_enc,cpu,1585.07,1585.21
0,217,eb_dec,cpu,1585.21,1585.34
0,217,h_s,dpu,1585.34,1586.44
0,217,gc,cpu,1586.44,1596.56
0,227,normalize,cpu,1597.39,1606.95
0,227,g_a_cpu,cpu,1606.96,1607.59
0,227,g_a,dpu,1607.6,1625.65
0,227,g_a,dpu,1625.65,1637.16
0,227,g_a_cpu,cpu,1637.16,1637.97
0,227,h_a,dpu,1637.98,1648.54
0,227,eb_enc,cpu,1648.54,1648.76
0,227,eb_dec,cpu,1648.77,1648.94
0,227,h_s,dpu,1648.94,1660.6
0,227,gc,cpu,1660.6,1671
0,237,normalize,cpu,1679.52,1685.9
0,237,g_a_cpu,cpu,1685.91,1686.65
0,237,g_a,dpu,1686.66,1692.57
0,237,g_a,dpu,1692.58,1717.48
0,237,g_a_cpu,cpu,1717.48,1717.88
0,237,h_a,dpu,1717.88,1719.47
0,237,eb_enc,cpu,1719.47,1719.64
0,237,eb_dec,cpu,1719.64,1719.78
0,237,h_s,dpu,1719.78,1731.72
0,237,gc,cpu,1731.73,1751.64
0,247,normalize,cpu,1752.65,1776.26
0,247,g_a_cpu,cpu,1776.26,1776.71
0,247,g_a,dpu,1776.71,1782.16
0,247,g_a,dpu,1782.16,1801.25
0,247,g_a_cpu,cpu,1801.25,1801.61
0,247,h_a,dpu,1801.61,1832.41
0,247,eb_enc,cpu,1832.41,1832.57
0,247,eb_dec,cpu,1832.57,1832.71
0,247,h_s,dpu,1832.71,1833.96
0,247,gc,cpu,1833.96,1851.78
0,263,normalize,cpu,1852.65,1857.26
0,263,g_a_cpu,cpu,1857.27,1857.69
0,263,g_a,dpu,1857.69,1865.08
0,263,g_a,dpu,1865.08,1870.24
0,263,g_a_cpu,cpu,1870.24,1870.8
0,263,h_a,dpu,1870.8,1872.38
0,263,eb_enc,cpu,1872.38,1872.51
0,263,eb_dec,cpu,1872.51,1872.64
0,263,h_s,dpu,1872.64,1873.96
0,263,gc,cpu,1873.96,1886.42
0,269,normalize,cpu,1887.41,1891.77
0,269,g_a_cpu,cpu,1891.77,1892.71
0,269,g_a,dpu,1892.71,1919.23
0,269,g_a,dpu,1919.24,1929.36
0,269,g_a_cpu,cpu,1929.36,1929.86
0,269,h_a,dpu,1929.86,1946.24
0,269,eb_enc,cpu,1946.24,1946.41
0,269,eb_dec,cpu,1946.41,1946.53
0,269,h_s,dpu,1946.53,1947.49
0,269,gc,cpu,1947.49,1957.96
0,281,normalize,cpu,1958.97,1962.89
0,281,g_a_cpu,cpu,1962.89,1963.27
0,281,g_a,dpu,1963.27,1990.54
0,281,g_a,dpu,1990.54,2010.47
0,281,g_a_cpu,cpu,2010.48,2010.86
0,281,h_a,dpu,2010.86,2024.74
0,281,eb_enc,cpu,2024.74,2024.93
0,281,eb_dec,cpu,2024.93,2025.15
0,281,h_s,dpu,2025.15,2039.57
0,281,gc,cpu,2039.57,2050.6
0,293,normalize,cpu,2051.1,2054.97
0,293,g_a_cpu,cpu,2054.98,2055.64
0,293,g_a,dpu,2055.65,2061.54
0,293,g_a,dpu,2061.54,2067.19
0,293,g_a_cpu,cpu,2067.19,2067.81
0,293,h_a,dpu,2067.82,2099.18
0,293,eb_enc,cpu,2099.18,2099.33
0,293,eb_dec,cpu,2099.33,2099.47
0,293,h_s,dpu,2099.47,2110.31
0,293,gc,cpu,2110.31,2131.43
0,306,normalize,cpu,2132.06,2135.75
0,306,g_a_cpu,cpu,2135.75,2136.26
0,306,g_a,dpu,2136.26,2147.78
0,306,g_a,dpu,2147.78,2159.71
0,306,g_a_cpu,cpu,2159.72,2160.87
0,306,h_a,dpu,2160.88,2184.03
0,306,eb_enc,cpu,2184.03,2184.21
0,306,eb_dec,cpu,2184.21,2184.42
0,306,h_s,dpu,2184.42,2195.83
0,306,gc,cpu,2195.83,2205.98
0,317,normalize,cpu,2206.59,2210.37
0,317,g_a_cpu,cpu,2210.38,2210.84
0,317,g_a,dpu,2210.85,2246.46
0,317,g_a,dpu,2246.46,2251.71
0,317,g_a_cpu,cpu,2251.72,2252.11
0,317,h_a,dpu,2252.11,2253.53
0,317,eb_enc,cpu,2253.53,2253.68
0,317,eb_dec,cpu,2253.68,2253.82
0,317,h_s,dpu,2253.82,2266.5
0,317,gc,cpu,2266.5,2276.57
0,329,normalize,cpu,2277.23,2281.79
0,329,g_a_cpu,cpu,2281.79,2282.19
0,329,g_a,dpu,2282.19,2306.91
0,329,g_a,dpu,2306.91,2318.53
0,329,g_a_cpu,cpu,2318.54,2319.17
0,329,h_a,dpu,2319.17,2320.51
0,329,eb_enc,cpu,2320.51,2320.68
0,329,eb_dec,cpu,2320.68,2320.82
0,329,h_s,dpu,2320.82,2331.46
0,329,gc,cpu,2331.46,2347.05
0,339,normalize,cpu,2347.74,2351.55
0,339,g_a_cpu,cpu,2351.55,2352.02
0,339,g_a,dpu,2352.02,2361.78
0,339,g_a,dpu,2361.78,2386.23
0,339,g_a_cpu,cpu,2386.23,2387
0,339,h_a,dpu,2387.01,2418.11
0,339,eb_enc,cpu,2418.11,2418.28
0,339,eb_dec,cpu,2418.28,2418.41
0,339,h_s,dpu,2418.41,2437.2
0,339,gc,cpu,2437.2,2449.7
0,355,normalize,cpu,2450.43,2454.86
0,355,g_a_cpu,cpu,2454.86,2456.5
0,355,g_a,dpu,2456.51,2487.88
0,355,g_a,dpu,2487.88,2498.57
0,355,g_a_cpu,cpu,2498.57,2499.33
0,355,h_a,dpu,2499.33,2514.89
0,355,eb_enc,cpu,2514.89,2515.1
0,355,eb_dec,cpu,2515.1,2515.26
0,355,h_s,dpu,2515.26,2522.01
0,355,gc,cpu,2522.01,2532.33
0,366,normalize,cpu,2532.9,2537.47
0,366,g_a_cpu,cpu,2537.47,2537.79
0,366,g_a,dpu,2537.79,2543.06
0,366,g_a,dpu,2543.06,2549.28
0,366,g_a_cpu,cpu,2549.28,2550.02
0,366,h_a,dpu,2550.02,2566.35
0,366,eb_enc,cpu,2566.35,2566.49
0,366,eb_dec,cpu,2566.49,2566.63
0,366,h_s,dpu,2566.63,2567.72
0,366,gc,cpu,2567.72,2582.17
0,373,normalize,cpu,2583.39,2608.85
0,373,g_a_cpu,cpu,2608.85,2609.2
0,373,g_a,dpu,2609.2,2623.51
0,373,g_a,dpu,2623.51,2633.37
0,373,g_a_cpu,cpu,2633.37,2633.74
0,373,h_a,dpu,2633.74,2635.61
0,373,eb_enc,cpu,2635.61,2635.78
0,373,eb_dec,cpu,2635.78,2635.92
0,373,h_s,dpu,2635.92,2648.62
0,373,gc,cpu,2648.62,2659.23
0,385,normalize,cpu,2661.04,2677.61
0,385,g_a_cpu,cpu,2677.62,2678.01
0,385,g_a,dpu,2678.01,2683.34
0,385,g_a,dpu,2683.34,2697.85
0,385,g_a_cpu,cpu,2697.85,2698.8
0,385,h_a,dpu,2698.81,2705.35
0,385,eb_enc,cpu,2705.35,2705.52
0,385,eb_dec,cpu,2705.52,2705.68
0,385,h_s,dpu,2705.68,2716.08
0,385,gc,cpu,2716.08,2726.25
0,395,normalize,cpu,2727.15,2730.84
0,395,g_a_cpu,cpu,2730.84,2731.22
0,395,g_a,dpu,2731.22,2751.01
0,395,g_a,dpu,2751.02,2762.64
0,395,g_a_cpu,cpu,2762.64,2763.67
0,395,h_a,dpu,2763.68,2765.6
0,395,eb_enc,cpu,2765.6,2765.76
0,395,eb_dec,cpu,2765.76,2765.9
0,395,h_s,dpu,2765.9,2769.91
0,395,gc,cpu,2769.91,2807.29
0,409,normalize,cpu,2808.12,2817.19
0,409,g_a_cpu,cpu,2817.2,2817.64
0,409,g_a,dpu,2817.64,2846.14
0,409,g_a,dpu,2846.14,2858.5
0,409,g_a_cpu,cpu,2858.51,2859.01
0,409,h_a,dpu,2859.02,2870.77
0,409,eb_enc,cpu,2870.77,2870.96
0,409,eb_dec,cpu,2870.96,2871.12
0,409,h_s,dpu,2871.12,2881.26
0,409,gc,cpu,2881.26,2900.09
0,421,normalize,cpu,2900.79,2904.53
0,421,g_a_cpu,cpu,2904.54,2905.03
0,421,g_a,dpu,2905.03,2915.3
0,421,g_a,dpu,2915.3,2942.52
0,421,g_a_cpu,cpu,2942.53,2943.14
0,421,h_a,dpu,2943.14,2958.5
0,421,eb_enc,cpu,2958.5,2958.64
0,421,eb_dec,cpu,2958.64,2958.77
0,421,h_s,dpu,2958.77,2959.78
0,421,gc,cpu,2959.78,2969.94
0,431,normalize,cpu,2971.38,2975.08
0,431,g_a_cpu,cpu,2975.08,2975.6
0,431,g_a,dpu,2975.6,2981.62
0,431,g_a,dpu,2981.62,2991.33
0,431,g_a_cpu,cpu,2991.34,2992.12
0,431,h_a,dpu,2992.13,3017.07
0,431,eb_enc,cpu,3017.08,3017.26
0,431,eb_dec,cpu,3017.26,3017.39
0,431,h_s,dpu,3017.39,3028.72
0,431,gc,cpu,3028.72,3045.09
0,445,normalize,cpu,3045.57,3049.28
0,445,g_a_cpu,cpu,3049.28,3052.93
0,445,g_a,dpu,3052.93,3083.29
0,445,g_a,dpu,3083.29,3088.45
0,445,g_a_cpu,cpu,3088.46,3088.89
0,445,h_a,dpu,3088.89,3090.6
0,445,eb_enc,cpu,3090.6,3090.78
0,445,eb_dec,cpu,3090.78,3090.91
0,445,h_s,dpu,3090.91,3111.59
0,445,gc,cpu,3111.59,3123.01
0,457,normalize,cpu,3123.54,3132.02
0,457,g_a_cpu,cpu,3132.03,3132.45
0,457,g_a,dpu,3132.45,3161.1
0,457,g_a,dpu,3161.1,3166.73
0,457,g_a_cpu,cpu,3166.74,3167.48
0,457,h_a,dpu,3167.49,3184.77
0,457,eb_enc,cpu,3184.77,3185.01
0,457,eb_dec,cpu,3185.02,3185.21
0,457,h_s,dpu,3185.22,3197.22
0,457,gc,cpu,3197.22,3220.54
0,470,normalize,cpu,3221.61,3225.39
0,470,g_a_cpu,cpu,3225.4,3225.72
0,470,g_a,dpu,3225.72,3247.24
0,470,g_a,dpu,3247.25,3252.56
0,470,g_a_cpu,cpu,3252.56,3253.21
0,470,h_a,dpu,3253.21,3269.36
0,470,eb_enc,cpu,3269.36,3269.49
0,470,eb_dec,cpu,3269.49,3269.62
0,470,h_s,dpu,3269.62,3270.63
0,470,gc,cpu,3270.63,3280.66
0,480,normalize,cpu,3281.21,3285
0,480,g_a_cpu,cpu,3285,3286.01
0,480,g_a,dpu,3286.01,3323.43
0,480,g_a,dpu,3323.43,3338.58
0,480,g_a_cpu,cpu,3338.58,3339.23
0,480,h_a,dpu,3339.23,3350.32
0,480,eb_enc,cpu,3350.32,3350.49
0,480,eb_dec,cpu,3350.49,3350.65
0,480,h_s,dpu,3350.65,3354.08
0,480,gc,cpu,3354.08,3364.51
0,490,normalize,cpu,3365.14,3379.97
0,490,g_a_cpu,cpu,3379.97,3380.35
0,490,g_a,dpu,3380.36,3393.91
0,490,g_a,dpu,3393.91,3412.36
0,490,g_a_cpu,cpu,3412.36,3412.75
0,490,h_a,dpu,3412.75,3414.95
0,490,eb_enc,cpu,3414.95,3415.1
0,490,eb_dec,cpu,3415.1,3415.23
0,490,h_s,dpu,3415.23,3416.86
0,490,gc,cpu,3416.86,3427.96
0,501,normalize,cpu,3428.63,3433.56
0,501,g_a_cpu,cpu,3433.57,3441.41
0,501,g_a,dpu,3441.41,3451.06
0,501,g_a,dpu,3451.07,3460.91
0,501,g_a_cpu,cpu,3460.91,3461.27
0,501,h_a,dpu,3461.28,3462.58
0,501,eb_enc,cpu,3462.58,3462.7
0,501,eb_dec,cpu,3462.7,3462.82
0,501,h_s,dpu,3462.82,3463.94
0,501,gc,cpu,3463.94,3474.94
0,508,normalize,cpu,3475.63,3480.3
0,508,g_a_cpu,cpu,3480.3,3480.72
0,508,g_a,dpu,3480.73,3493.67
0,508,g_a,dpu,3493.67,3506.43
0,508,g_a_cpu,cpu,3506.43,3506.92
0,508,h_a,dpu,3506.92,3515.8
0,508,eb_enc,cpu,3515.8,3516.15
0,508,eb_dec,cpu,3516.15,3516.34
0,508,h_s,dpu,3516.34,3571.9
0,508,gc,cpu,3571.9,3583.74
0,523,normalize,cpu,3584.5,3588.28
0,523,g_a_cpu,cpu,3588.29,3589.03
0,523,g_a,dpu,3589.03,3595.73
0,523,g_a,dpu,3595.73,3607.48
0,523,g_a_cpu,cpu,3607.49,3607.95
0,523,h_a,dpu,3607.95,3614.29
0,523,eb_enc,cpu,3614.29,3614.43
0,523,eb_dec,cpu,3614.43,3614.56
0,523,h_s,dpu,3614.56,3628.2
0,523,gc,cpu,3628.2,3650.23
0,534,normalize,cpu,3651.23,3660.38
0,534,g_a_cpu,cpu,3660.39,3662.86
0,534,g_a,dpu,3662.87,3690.59
0,534,g_a,dpu,3690.59,3712.16
0,534,g_a_cpu,cpu,3712.16,3712.71
0,534,h_a,dpu,3712.71,3714.07
0,534,eb_enc,cpu,3714.08,3714.29
0,534,eb_dec,cpu,3714.29,3714.43
0,534,h_s,dpu,3714.43,3715.82
0,534,gc,cpu,3715.82,3726.85
0,544,normalize,cpu,3727.56,3732.38
0,544,g_a_cpu,cpu,3732.39,3733.09
0,544,g_a,dpu,3733.09,3746.7
0,544,g_a,dpu,3746.71,3758.64
0,544,g_a_cpu,cpu,3758.64,3759.24
0,544,h_a,dpu,3759.25,3761.18
0,544,eb_enc,cpu,3761.18,3761.34
0,544,eb_dec,cpu,3761.34,3761.49
0,544,h_s,dpu,3761.49,3764
0,544,gc,cpu,3764,3777.9
0,553,normalize,cpu,3778.86,3796.76
0,553,g_a_cpu,cpu,3796.77,3797.3
0,553,g_a,dpu,3797.31,3819.95
0,553,g_a,dpu,3819.96,3831.21
0,553,g_a_cpu,cpu,3831.21,3831.86
0,553,h_a,dpu,3831.86,3840.3
0,553,eb_enc,cpu,3840.3,3840.43
0,553,eb_dec,cpu,3840.43,3840.56
0,553,h_s,dpu,3840.56,3841.8
0,553,gc,cpu,3841.8,3852.96
0,563,normalize,cpu,3853.83,3857.6
0,563,g_a_cpu,cpu,3857.61,3857.99
0,563,g_a,dpu,3857.99,3864.54
0,563,g_a,dpu,3864.54,3869.69
0,563,g_a_cpu,cpu,3869.7,3871.03
0,563,h_a,dpu,3871.04,3910.33
0,563,eb_enc,cpu,3910.33,3910.6
0,563,eb_dec,cpu,3910.6,3910.85
0,563,h_s,dpu,3910.85,3919.38
0,563,gc,cpu,3919.38,3930.09
0,575,normalize,cpu,3931.03,3934.82
0,575,g_a_cpu,cpu,3934.83,3935.23
0,575,g_a,dpu,3935.24,3949.48
0,575,g_a,dpu,3949.48,3960.6
0,575,g_a_cpu,cpu,3960.6,3961.3
0,575,h_a,dpu,3961.31,3986.3
0,575,eb_enc,cpu,3986.31,3986.53
0,575,eb_dec,cpu,3986.53,3986.72
0,575,h_s,dpu,3986.72,3996.67
0,575,gc,cpu,3996.68,4012.36
0,585,normalize,cpu,4013.08,4039.23
0,585,g_a_cpu,cpu,4039.23,4039.64
0,585,g_a,dpu,4039.64,4063.22
0,585,g_a,dpu,4063.26,4079.59
0,585,g_a_cpu,cpu,4079.59,4080.18
0,585,h_a,dpu,4080.19,4081.44
0,585,eb_enc,cpu,4081.44,4081.57
0,585,eb_dec,cpu,4081.57,4081.69
0,585,h_s,dpu,4081.69,4082.56
0,585,gc,cpu,4082.56,4092.91
0,597,normalize,cpu,4093.39,4098.64
0,597,g_a_cpu,cpu,4098.65,4099.22
0,597,g_a,dpu,4099.23,4111.37
0,597,g_a,dpu,4111.37,4118.2
0,597,g_a_cpu,cpu,4118.21,4118.83
0,597,h_a,dpu,4118.84,4128.92
0,597,eb_enc,cpu,4128.92,4129.09
0,597,eb_dec,cpu,4129.09,4129.23
0,597,h_s,dpu,4129.23,4130.62
0,597,gc,cpu,4130.63,4143.47
0,604,normalize,cpu,4144.49,4149.47
0,604,g_a_cpu,cpu,4149.47,4149.84
0,604,g_a,dpu,4149.84,4184.37
0,604,g_a,dpu,4184.37,4208.02
0,604,g_a_cpu,cpu,4208.02,4208.85
0,604,h_a,dpu,4208.85,4218.66
0,604,eb_enc,cpu,4218.66,4218.82
0,604,eb_dec,cpu,4218.82,4218.96
0,604,h_s,dpu,4218.96,4234.77
0,604,gc,cpu,4234.77,4246.46
0,622,normalize,cpu,4247.07,4250.95
0,622,g_a_cpu,cpu,4250.96,4251.42
0,622,g_a,dpu,4251.43,4257.48
0,622,g_a,dpu,4257.48,4277.97
0,622,g_a_cpu,cpu,4277.98,4279.29
0,622,h_a,dpu,4279.29,4302.68
0,622,eb_enc,cpu,4302.68,4302.91
0,622,eb_dec,cpu,4302.92,4303.08
0,622,h_s,dpu,4303.08,4312.37
0,622,gc,cpu,4312.37,4329.66
0,635,normalize,cpu,4330.62,4334.36
0,635,g_a_cpu,cpu,4334.37,4334.75
0,635,g_a,dpu,4334.75,4362.21
0,635,g_a,dpu,4362.21,4382.49
0,635,g_a_cpu,cpu,4382.49,4382.86
0,635,h_a,dpu,4382.86,4389.37
0,635,eb_enc,cpu,4389.37,4389.5
0,635,eb_dec,cpu,4389.5,4389.63
0,635,h_s,dpu,4389.63,4390.58
0,635,gc,cpu,4390.58,4402.18
0,644,normalize,cpu,4404.32,4410.47
0,644,g_a_cpu,cpu,4410.47,4410.88
0,644,g_a,dpu,4410.89,4425.7
0,644,g_a,dpu,4425.7,4432.68
0,644,g_a_cpu,cpu,4432.68,4433.27
0,644,h_a,dpu,4433.28,4462.05
0,644,eb_enc,cpu,4462.06,4462.29
0,644,eb_dec,cpu,4462.29,4462.45
0,644,h_s,dpu,4462.45,4473.87
0,644,gc,cpu,4473.87,4483.96
0,656,normalize,cpu,4484.72,4488.5
0,656,g_a_cpu,cpu,4488.5,4489.2
0,656,g_a,dpu,4489.2,4526.67
0,656,g_a,dpu,4526.67,4538.49
0,656,g_a_cpu,cpu,4538.5,4538.86
0,656,h_a,dpu,4538.87,4540.52
0,656,eb_enc,cpu,4540.52,4540.71
0,656,eb_dec,cpu,4540.71,4540.87
0,656,h_s,dpu,4540.87,4542.1
0,656,gc,cpu,4542.11,4563.35
0,668,normalize,cpu,4564.13,4576.37
0,668,g_a_cpu,cpu,4576.37,4576.76
0,668,g_a,dpu,4576.77,4589.28
0,668,g_a,dpu,4589.28,4598.97
0,668,g_a_cpu,cpu,4598.97,4599.28
0,668,h_a,dpu,4599.29,4612.63
0,668,eb_enc,cpu,4612.63,4612.78
0,668,eb_dec,cpu,4612.79,4612.93
0,668,h_s,dpu,4612.93,4642.56
0,668,gc,cpu,4642.56,4663.87
0,682,normalize,cpu,4666.3,4675.97
0,682,g_a_cpu,cpu,4675.98,4676.32
0,682,g_a,dpu,4676.32,4687.13
0,682,g_a,dpu,4687.13,4692.4
0,682,g_a_cpu,cpu,4692.4,4693.02
0,682,h_a,dpu,4693.02,4708.41
0,682,eb_enc,cpu,4708.41,4708.6
0,682,eb_dec,cpu,4708.6,4708.76
0,682,h_s,dpu,4708.76,4709.84
0,682,gc,cpu,4709.84,4728.5
0,693,normalize,cpu,4729.3,4734.98
0,693,g_a_cpu,cpu,4734.98,4756.65
0,693,g_a,dpu,4756.66,4766.46
0,693,g_a,dpu,4766.46,4778.79
0,693,g_a_cpu,cpu,4778.8,4779.78
0,693,h_a,dpu,4779.79,4782.38
0,693,eb_enc,cpu,4782.38,4782.58
0,693,eb_dec,cpu,4782.58,4782.74
0,693,h_s,dpu,4782.74,4784.39
0,693,gc,cpu,4784.39,4803.84
0,704,normalize,cpu,4804.86,4808.51
0,704,g_a_cpu,cpu,4808.51,4811.23
0,704,g_a,dpu,4811.24,4831.97
0,704,g_a,dpu,4831.97,4848.66
0,704,g_a_cpu,cpu,4848.66,4849.63
0,704,h_a,dpu,4849.63,4864.63
0,704,eb_enc,cpu,4864.63,4864.8
0,704,eb_dec,cpu,4864.8,4864.94
0,704,h_s,dpu,4864.94,4866.02
0,704,gc,cpu,4866.02,4877.57
0,716,normalize,cpu,4878.87,4897.76
0,716,g_a_cpu,cpu,4897.76,4898.05
0,716,g_a,dpu,4898.05,4905.53
0,716,g_a,dpu,4905.53,4911
0,716,g_a_cpu,cpu,4911.01,4911.83
0,716,h_a,dpu,4911.83,4913.7
0,716,eb_enc,cpu,4913.7,4913.84
0,716,eb_dec,cpu,4913.84,4913.96
0,716,h_s,dpu,4913.96,4915.01
0,716,gc,cpu,4915.01,4930
0,725,normalize,cpu,4930.67,4935.97
0,725,g_a_cpu,cpu,4935.98,4936.39
0,725,g_a,dpu,4936.39,4971.3
0,725,g_a,dpu,4971.3,4976.8
0,725,g_a_cpu,cpu,4976.81,4977.37
0,725,h_a,dpu,4977.38,4992.48
0,725,eb_enc,cpu,4992.48,4992.8
0,725,eb_dec,cpu,4992.8,4992.99
0,725,h_s,dpu,4992.99,5005.15
0,725,gc,cpu,5005.15,5015.91
0,738,normalize,cpu,5016.54,5020.23
0,738,g_a_cpu,cpu,5020.24,5020.6
0,738,g_a,dpu,5020.6,5045.14
0,738,g_a,dpu,5045.14,5065.75
0,738,g_a_cpu,cpu,5065.75,5066.41
0,738,h_a,dpu,5066.41,5076.9
0,738,eb_enc,cpu,5076.9,5077.11
0,738,eb_dec,cpu,5077.12,5077.34
0,738,h_s,dpu,5077.34,5080.58
0,738,gc,cpu,5080.58,5091.73
0,749,normalize,cpu,5092.42,5096.23
0,749,g_a_cpu,cpu,5096.24,5096.6
0,749,g_a,dpu,5096.61,5106.66
0,749,g_a,dpu,5106.66,5134.45
0,749,g_a_cpu,cpu,5134.45,5135.19
0,749,h_a,dpu,5135.2,5146.68
0,749,eb_enc,cpu,5146.68,5146.88
0,749,eb_dec,cpu,5146.88,5147.06
0,749,h_s,dpu,5147.06,5158.4
0,749,gc,cpu,5158.41,5169.2
0,760,normalize,cpu,5169.71,5174.38
0,760,g_a_cpu,cpu,5174.4,5175.07
0,760,g_a,dpu,5175.07,5180.82
0,760,g_a,dpu,5180.82,5190.6
0,760,g_a_cpu,cpu,5190.6,5191.41
0,760,h_a,dpu,5191.41,5205.75
0,760,eb_enc,cpu,5205.75,5206.01
0,760,eb_dec,cpu,5206.02,5206.21
0,760,h_s,dpu,5206.21,5242.57
0,760,gc,cpu,5242.57,5263.08
0,773,normalize,cpu,5263.73,5267.44
0,773,g_a_cpu,cpu,5267.44,5267.8
0,773,g_a,dpu,5267.8,5273.07
0,773,g_a,dpu,5273.07,5278.38
0,773,g_a_cpu,cpu,5278.38,5279.07
0,773,h_a,dpu,5279.07,5284.37
0,773,eb_enc,cpu,5284.37,5284.6
0,773,eb_dec,cpu,5284.6,5284.77
0,773,h_s,dpu,5284.77,5290.63
0,773,gc,cpu,5290.63,5301.12
0,779,normalize,cpu,5302.15,5306.5
0,779,g_a_cpu,cpu,5306.5,5307.47
0,779,g_a,dpu,5307.48,5362.57
0,779,g_a,dpu,5362.57,5383.77
0,779,g_a_cpu,cpu,5383.77,5384.17
0,779,h_a,dpu,5384.17,5385.56
0,779,eb_enc,cpu,5385.56,5385.7
0,779,eb_dec,cpu,5385.7,5385.83
0,779,h_s,dpu,5385.83,5386.94
0,779,gc,cpu,5386.94,5397.82
0,795,normalize,cpu,5399.18,5402.85
0,795,g_a_cpu,cpu,5402.86,5403.82
0,795,g_a,dpu,5403.83,5411.24
0,795,g_a,dpu,5411.24,5418.74
0,795,g_a_cpu,cpu,5418.75,5419.12
0,795,h_a,dpu,5419.12,5420.47
0,795,eb_enc,cpu,5420.47,5420.6
0,795,eb_dec,cpu,5420.61,5420.74
0,795,h_s,dpu,5420.74,5421.79
0,795,gc,cpu,5421.8,5432.91
0,801,normalize,cpu,5434.22,5437.89
0,801,g_a_cpu,cpu,5437.89,5438.41
0,801,g_a,dpu,5438.42,5468.03
0,801,g_a,dpu,5468.03,5481.4
0,801,g_a_cpu,cpu,5481.4,5481.77
0,801,h_a,dpu,5481.77,5484.88
0,801,eb_enc,cpu,5484.88,5485.04
0,801,eb_dec,cpu,5485.04,5485.17
0,801,h_s,dpu,5485.17,5487.24
0,801,gc,cpu,5487.24,5497.31
0,811,normalize,cpu,5498.25,5502.06
0,811,g_a_cpu,cpu,5502.07,5502.97
0,811,g_a,dpu,5502.98,5536.32
0,811,g_a,dpu,5536.32,5555.36
0,811,g_a_cpu,cpu,5555.36,5555.7
0,811,h_a,dpu,5555.7,5565.03
0,811,eb_enc,cpu,5565.03,5565.17
0,811,eb_dec,cpu,5565.17,5565.29
0,811,h_s,dpu,5565.29,5573.39
0,811,gc,cpu,5573.39,5589.26
0,823,normalize,cpu,5589.74,5599.59
0,823,g_a_cpu,cpu,5599.6,5600.22
0,823,g_a,dpu,5600.23,5615.11
0,823,g_a,dpu,5615.11,5642.67
0,823,g_a_cpu,cpu,5642.67,5643.18
0,823,h_a,dpu,5643.19,5656.28
0,823,eb_enc,cpu,5656.28,5656.44
0,823,eb_dec,cpu,5656.44,5656.59
0,823,h_s,dpu,5656.59,5663.51
0,823,gc,cpu,5663.52,5673.8
0,835,normalize,cpu,5674.39,5678.01
0,835,g_a_cpu,cpu,5678.01,5678.46
0,835,g_a,dpu,5678.46,5724.97
0,835,g_a,dpu,5724.97,5729.95
0,835,g_a_cpu,cpu,5729.96,5730.33
0,835,h_a,dpu,5730.33,5742.65
0,835,eb_enc,cpu,5742.65,5742.81
0,835,eb_dec,cpu,5742.81,5742.97
0,835,h_s,dpu,5742.97,5751.46
0,835,gc,cpu,5751.46,5761.98
0,850,normalize,cpu,5768.37,5778.44
0,850,g_a_cpu,cpu,5778.45,5779.41
0,850,g_a,dpu,5779.42,5790.63
0,850,g_a,dpu,5790.63,5815.86
0,850,g_a_cpu,cpu,5815.86,5816.46
0,850,h_a,dpu,5816.46,5817.9
0,850,eb_enc,cpu,5817.9,5818.03
0,850,eb_dec,cpu,5818.03,5818.16
0,850,h_s,dpu,5818.16,5819.17
0,850,gc,cpu,5819.18,5849.88
0,865,normalize,cpu,5850.42,5862.47
0,865,g_a_cpu,cpu,5862.47,5863.01
0,865,g_a,dpu,5863.01,5876.91
0,865,g_a,dpu,5876.91,5882.01
0,865,g_a_cpu,cpu,5882.01,5882.64
0,865,h_a,dpu,5882.64,5912.41
0,865,eb_enc,cpu,5912.42,5912.58
0,865,eb_dec,cpu,5912.58,5912.73
0,865,h_s,dpu,5912.73,5915.37
0,865,gc,cpu,5915.37,5926.37
0,876,normalize,cpu,5926.93,5931.53
0,876,g_a_cpu,cpu,5931.53,5931.89
0,876,g_a,dpu,5931.89,5938.22
0,876,g_a,dpu,5938.22,5953.85
0,876,g_a_cpu,cpu,5953.86,5954.59
0,876,h_a,dpu,5954.59,5971.59
0,876,eb_enc,cpu,5971.59,5971.75
0,876,eb_dec,cpu,5971.75,5971.89
0,876,h_s,dpu,5971.89,5973.07
0,876,gc,cpu,5973.07,6002.95
0,889,normalize,cpu,6003.71,6007.36
0,889,g_a_cpu,cpu,6007.36,6007.95
0,889,g_a,dpu,6007.95,6023.77
0,889,g_a,dpu,6023.78,6030.92
0,889,g_a_cpu,cpu,6030.93,6031.51
0,889,h_a,dpu,6031.51,6062.42
0,889,eb_enc,cpu,6062.42,6062.63
0,889,eb_dec,cpu,6062.63,6062.82
0,889,h_s,dpu,6062.82,6086.22
0,889,gc,cpu,6086.22,6096.58
0,902,normalize,cpu,6097.18,6100.83
0,902,g_a_cpu,cpu,6100.83,6101.36
0,902,g_a,dpu,6101.36,6110
0,902,g_a,dpu,6110,6117.5
0,902,g_a_cpu,cpu,6117.5,6118.37
0,902,h_a,dpu,6118.37,6138
0,902,eb_enc,cpu,6138,6138.22
0,902,eb_dec,cpu,6138.23,6138.44
0,902,h_s,dpu,6138.44,6155.69
0,902,gc,cpu,6155.69,6167.9
0,911,normalize,cpu,6169.19,6181.59
0,911,g_a_cpu,cpu,6181.6,6182.03
0,911,g_a,dpu,6182.03,6187.9
0,911,g_a,dpu,6187.91,6202.44
0,911,g_a_cpu,cpu,6202.44,6203.03
0,911,h_a,dpu,6203.03,6212.75
0,911,eb_enc,cpu,6212.75,6212.91
0,911,eb_dec,cpu,6212.91,6213.06
0,911,h_s,dpu,6213.06,6228.15
0,911,gc,cpu,6228.15,6239.06
0,922,normalize,cpu,6239.66,6243.33
0,922,g_a_cpu,cpu,6243.34,6243.65
0,922,g_a,dpu,6243.66,6249.07
0,922,g_a,dpu,6249.08,6254.45
0,922,g_a_cpu,cpu,6254.46,6254.88
0,922,h_a,dpu,6254.88,6256.43
0,922,eb_enc,cpu,6256.44,6256.58
0,922,eb_dec,cpu,6256.58,6256.71
0,922,h_s,dpu,6256.71,6257.84
0,922,gc,cpu,6257.84,6267.98
0,927,normalize,cpu,6268.54,6272.64
0,927,g_a_cpu,cpu,6272.65,6273.27
0,927,g_a,dpu,6273.27,6285.71
0,927,g_a,dpu,6285.71,6290.9
0,927,g_a_cpu,cpu,6290.9,6291.48
0,927,h_a,dpu,6291.48,6296.32
0,927,eb_enc,cpu,6296.32,6296.48
0,927,eb_dec,cpu,6296.49,6296.62
0,927,h_s,dpu,6296.62,6301.74
0,927,gc,cpu,6301.74,6311.79
1,1,normalize,cpu,65.4971,69.2646
1,1,g_a_cpu,cpu,82.1297,82.7159
1,1,g_a,dpu,82.7237,89.4388
1,1,g_a,dpu,89.4431,108.579
1,1,g_a_cpu,cpu,108.582,109.231
1,1,h_a,dpu,109.238,123.233
1,1,eb_enc,cpu,123.236,123.419
1,1,eb_dec,cpu,123.421,123.564
1,1,h_s,dpu,123.565,126.148
1,1,gc,cpu,126.158,179.021
1,15,normalize,cpu,179.547,195.503
1,15,g_a_cpu,cpu,195.507,196.09
1,15,g_a,dpu,196.096,242.618
1,15,g_a,dpu,242.62,258.94
1,15,g_a_cpu,cpu,258.944,259.508
1,15,h_a,dpu,259.515,262.29
1,15,eb_enc,cpu,262.292,262.423
1,15,eb_dec,cpu,262.425,262.546
1,15,h_s,dpu,262.547,263.685
1,15,gc,cpu,263.686,293.106
1,34,normalize,cpu,294.048,300.399
1,34,g_a_cpu,cpu,300.405,300.898
1,34,g_a,dpu,300.902,360.208
1,34,g_a,dpu,360.209,370.604
1,34,g_a_cpu,cpu,370.607,371.045
1,34,h_a,dpu,371.048,372.576
1,34,eb_enc,cpu,372.577,372.745
1,34,eb_dec,cpu,372.746,372.874
1,34,h_s,dpu,372.874,382.767
1,34,gc,cpu,382.768,393.255
1,49,normalize,cpu,393.985,397.642
1,49,g_a_cpu,cpu,397.644,397.973
1,49,g_a,dpu,397.979,430.42
1,49,g_a,dpu,430.427,435.708
1,49,g_a_cpu,cpu,435.709,436.247
1,49,h_a,dpu,436.249,463.56
1,49,eb_enc,cpu,463.561,463.692
1,49,eb_dec,cpu,463.692,463.807
1,49,h_s,dpu,463.807,464.971
1,49,gc,cpu,464.972,485.543
1,65,normalize,cpu,486.646,490.449
1,65,g_a_cpu,cpu,490.452,490.802
1,65,g_a,dpu,490.804,503.647
1,65,g_a,dpu,503.65,509.346
1,65,g_a_cpu,cpu,509.354,510.005
1,65,h_a,dpu,510.009,551.997
1,65,eb_enc,cpu,551.998,552.166
1,65,eb_dec,cpu,552.166,552.299
1,65,h_s,dpu,552.3,566.702
1,65,gc,cpu,566.705,579.5
1,76,normalize,cpu,579.981,587.204
1,76,g_a_cpu,cpu,587.208,587.728
1,76,g_a,dpu,587.731,634.583
1,76,g_a,dpu,634.585,639.921
1,76,g_a_cpu,cpu,639.922,640.44
1,76,h_a,dpu,640.444,652.984
1,76,eb_enc,cpu,652.986,653.205
1,76,eb_dec,cpu,653.208,653.355
1,76,h_s,dpu,653.356,654.779
1,76,gc,cpu,654.779,665.223
1,87,normalize,cpu,665.947,669.654
1,87,g_a_cpu,cpu,669.657,670.197
1,87,g_a,dpu,670.201,688.613
1,87,g_a,dpu,688.614,693.799
1,87,g_a_cpu,cpu,693.802,694.389
1,87,h_a,dpu,694.406,704.312
1,87,eb_enc,cpu,704.312,704.448
1,87,eb_dec,cpu,704.448,704.569
1,87,h_s,dpu,704.57,705.624
1,87,gc,cpu,705.626,728.66
1,99,normalize,cpu,729.114,748.902
1,99,g_a_cpu,cpu,748.906,749.336
1,99,g_a,dpu,749.339,760.535
1,99,g_a,dpu,760.537,777.795
1,99,g_a_cpu,cpu,777.798,778.362
1,99,h_a,dpu,778.366,807.814
1,99,eb_enc,cpu,807.817,808.076
1,99,eb_dec,cpu,808.077,808.255
1,99,h_s,dpu,808.256,811.592
1,99,gc,cpu,811.593,823.315
1,112,normalize,cpu,824.536,828.896
1,112,g_a_cpu,cpu,828.903,829.486
1,112,g_a,dpu,829.489,835.393
1,112,g_a,dpu,835.396,840.984
1,112,g_a_cpu,cpu,840.986,841.724
1,112,h_a,dpu,841.727,848.441
1,112,eb_enc,cpu,848.442,848.583
1,112,eb_dec,cpu,848.584,848.707
1,112,h_s,dpu,848.707,877.494
1,112,gc,cpu,877.495,889.915
1,122,normalize,cpu,891.067,896.591
1,122,g_a_cpu,cpu,896.595,897.27
1,122,g_a,dpu,897.277,909.273
1,122,g_a,dpu,909.274,914.907
1,122,g_a_cpu,cpu,914.911,915.471
1,122,h_a,dpu,915.475,918.044
1,122,eb_enc,cpu,918.048,918.336
1,122,eb_dec,cpu,918.338,918.5
1,122,h_s,dpu,918.501,920.063
1,122,gc,cpu,920.065,932.978
1,128,normalize,cpu,933.516,937.778
1,128,g_a_cpu,cpu,937.788,938.869
1,128,g_a,dpu,938.876,973.454
1,128,g_a,dpu,973.455,984.346
1,128,g_a_cpu,cpu,984.35,984.946
1,128,h_a,dpu,984.949,989.966
1,128,eb_enc,cpu,989.967,990.117
1,128,eb_dec,cpu,990.118,990.246
1,128,h_s,dpu,990.247,994.56
1,128,gc,cpu,994.561,1005.58
1,140,normalize,cpu,1009.91,1015.68
1,140,g_a_cpu,cpu,1015.7,1016.63
1,140,g_a,dpu,1016.64,1043.8
1,140,g_a,dpu,1043.8,1053.33
1,140,g_a_cpu,cpu,1053.33,1053.88
1,140,h_a,dpu,1053.88,1055.41
1,140,eb_enc,cpu,1055.41,1055.54
1,140,eb_dec,cpu,1055.54,1055.65
1,140,h_s,dpu,1055.65,1074.75
1,140,gc,cpu,1074.75,1084.98
1,150,normalize,cpu,1085.6,1091.09
1,150,g_a_cpu,cpu,1091.1,1091.6
1,150,g_a,dpu,1091.61,1116.55
1,150,g_a,dpu,1116.56,1127.81
1,150,g_a_cpu,cpu,1127.81,1128.62
1,150,h_a,dpu,1128.62,1130.39
1,150,eb_enc,cpu,1130.39,1130.6
1,150,eb_dec,cpu,1130.6,1130.74
1,150,h_s,dpu,1130.74,1152.67
1,150,gc,cpu,1152.68,1180.92
1,167,normalize,cpu,1181.58,1194.37
1,167,g_a_cpu,cpu,1194.38,1195.2
1,167,g_a,dpu,1195.21,1215.84
1,167,g_a,dpu,1215.84,1232.75
1,167,g_a_cpu,cpu,1232.75,1233.51
1,167,h_a,dpu,1233.52,1241.2
1,167,eb_enc,cpu,1241.2,1241.39
1,167,eb_dec,cpu,1241.39,1241.54
1,167,h_s,dpu,1241.54,1248.3
1,167,gc,cpu,1248.31,1262.92
1,176,normalize,cpu,1267.86,1271.6
1,176,g_a_cpu,cpu,1271.6,1272.02
1,176,g_a,dpu,1272.03,1301.03
1,176,g_a,dpu,1301.03,1306.79
1,176,g_a_cpu,cpu,1306.79,1307.3
1,176,h_a,dpu,1307.3,1310.17
1,176,eb_enc,cpu,1310.17,1310.36
1,176,eb_dec,cpu,1310.36,1310.5
1,176,h_s,dpu,1310.5,1312.31
1,176,gc,cpu,1312.31,1325.28
1,186,normalize,cpu,1325.75,1329.69
1,186,g_a_cpu,cpu,1329.69,1330.23
1,186,g_a,dpu,1330.24,1341.44
1,186,g_a,dpu,1341.44,1372.86
1,186,g_a_cpu,cpu,1372.86,1373.42
1,186,h_a,dpu,1373.42,1376.65
1,186,eb_enc,cpu,1376.65,1376.79
1,186,eb_dec,cpu,1376.79,1376.91
1,186,h_s,dpu,1376.91,1378.04
1,186,gc,cpu,1378.04,1403.53
1,198,normalize,cpu,1406.89,1410.88
1,198,g_a_cpu,cpu,1410.89,1411.39
1,198,g_a,dpu,1411.4,1429.67
1,198,g_a,dpu,1429.67,1445.05
1,198,g_a_cpu,cpu,1445.05,1445.56
1,198,h_a,dpu,1445.57,1452.83
1,198,eb_enc,cpu,1452.83,1453.1
1,198,eb_dec,cpu,1453.1,1453.26
1,198,h_s,dpu,1453.26,1476.46
1,198,gc,cpu,1476.46,1493.1
1,211,normalize,cpu,1494.03,1498.82
1,211,g_a_cpu,cpu,1498.83,1499.58
1,211,g_a,dpu,1499.61,1511.34
1,211,g_a,dpu,1511.34,1521.49
1,211,g_a_cpu,cpu,1521.5,1522.04
1,211,h_a,dpu,1522.04,1542.16
1,211,eb_enc,cpu,1542.17,1542.33
1,211,eb_dec,cpu,1542.34,1542.46
1,211,h_s,dpu,1542.46,1548.39
1,211,gc,cpu,1548.39,1558.7
1,220,normalize,cpu,1559.44,1563.66
1,220,g_a_cpu,cpu,1563.67,1564.35
1,220,g_a,dpu,1564.35,1571.44
1,220,g_a,dpu,1571.44,1599.07
1,220,g_a_cpu,cpu,1599.07,1599.59
1,220,h_a,dpu,1599.6,1610.76
1,220,eb_enc,cpu,1610.76,1610.93
1,220,eb_dec,cpu,1610.93,1611.06
1,220,h_s,dpu,1611.06,1612.49
1,220,gc,cpu,1612.49,1623.44
1,232,normalize,cpu,1624.2,1629.82
1,232,g_a_cpu,cpu,1629.83,1630.64
1,232,g_a,dpu,1630.65,1645.34
1,232,g_a,dpu,1645.34,1651.61
1,232,g_a_cpu,cpu,1651.61,1671.25
1,232,h_a,dpu,1671.27,1678.12
1,232,eb_enc,cpu,1678.12,1678.45
1,232,eb_dec,cpu,1678.46,1678.63
1,232,h_s,dpu,1678.63,1694.17
1,232,gc,cpu,1694.17,1705.41
1,241,normalize,cpu,1706.43,1710.18
1,241,g_a_cpu,cpu,1710.19,1713.48
1,241,g_a,dpu,1713.49,1720.99
1,241,g_a,dpu,1720.99,1726.7
1,241,g_a_cpu,cpu,1726.7,1727.15
1,241,h_a,dpu,1727.15,1729.33
1,241,eb_enc,cpu,1729.33,1729.48
1,241,eb_dec,cpu,1729.49,1729.61
1,241,h_s,dpu,1729.61,1731.19
1,241,gc,cpu,1731.19,1773.85
1,253,normalize,cpu,1779.59,1784.3
1,253,g_a_cpu,cpu,1784.31,1784.66
1,253,g_a,dpu,1784.66,1796.52
1,253,g_a,dpu,1796.52,1808.25
1,253,g_a_cpu,cpu,1808.25,1808.7
1,253,h_a,dpu,1808.7,1815.54
1,253,eb_enc,cpu,1815.54,1815.66
1,253,eb_dec,cpu,1815.67,1815.78
1,253,h_s,dpu,1815.78,1817.68
1,253,gc,cpu,1817.68,1843.6
1,262,normalize,cpu,1844.08,1847.79
1,262,g_a_cpu,cpu,1847.8,1848.26
1,262,g_a,dpu,1848.27,1873.27
1,262,g_a,dpu,1873.28,1888.52
1,262,g_a_cpu,cpu,1888.52,1889.24
1,262,h_a,dpu,1889.24,1900.7
1,262,eb_enc,cpu,1900.7,1900.87
1,262,eb_dec,cpu,1900.87,1901.02
1,262,h_s,dpu,1901.02,1906.59
1,262,gc,cpu,1906.6,1918.39
1,273,normalize,cpu,1925.96,1929.65
1,273,g_a_cpu,cpu,1929.66,1930.15
1,273,g_a,dpu,1930.15,1942.01
1,273,g_a,dpu,1942.01,1970.31
1,273,g_a_cpu,cpu,1970.31,1970.72
1,273,h_a,dpu,1970.72,1972.39
1,273,eb_enc,cpu,1972.39,1972.55
1,273,eb_dec,cpu,1972.55,1972.68
1,273,h_s,dpu,1972.68,1974.61
1,273,gc,cpu,1974.61,2000.33
1,286,normalize,cpu,2002.63,2006.36
1,286,g_a_cpu,cpu,2006.37,2006.94
1,286,g_a,dpu,2006.95,2020.13
1,286,g_a,dpu,2020.13,2046.55
1,286,g_a_cpu,cpu,2046.56,2047.18
1,286,h_a,dpu,2047.18,2048.91
1,286,eb_enc,cpu,2048.91,2049.04
1,286,eb_dec,cpu,2049.04,2049.16
1,286,h_s,dpu,2049.16,2050.23
1,286,gc,cpu,2050.23,2086.57
1,298,normalize,cpu,2087.46,2096.59
1,298,g_a_cpu,cpu,2096.59,2096.96
1,298,g_a,dpu,2096.96,2148.09
1,298,g_a,dpu,2148.09,2153.6
1,298,g_a_cpu,cpu,2153.6,2154.33
1,298,h_a,dpu,2154.33,2162.87
1,298,eb_enc,cpu,2162.87,2163.02
1,298,eb_dec,cpu,2163.03,2163.18
1,298,h_s,dpu,2163.18,2173.05
1,298,gc,cpu,2173.05,2186.42
1,314,normalize,cpu,2186.94,2191.24
1,314,g_a_cpu,cpu,2191.24,2191.58
1,314,g_a,dpu,2191.59,2216.44
1,314,g_a,dpu,2216.44,2229.5
1,314,g_a_cpu,cpu,2229.5,2230.04
1,314,h_a,dpu,2230.04,2238.63
1,314,eb_enc,cpu,2238.63,2238.78
1,314,eb_dec,cpu,2238.78,2238.91
1,314,h_s,dpu,2238.91,2245.16
1,314,gc,cpu,2245.16,2257.25
1,325,normalize,cpu,2257.82,2261.62
1,325,g_a_cpu,cpu,2261.62,2262.11
1,325,g_a,dpu,2262.12,2267.3
1,325,g_a,dpu,2267.3,2285.64
1,325,g_a_cpu,cpu,2285.64,2286.23
1,325,h_a,dpu,2286.23,2313.88
1,325,eb_enc,cpu,2313.88,2314.02
1,325,eb_dec,cpu,2314.02,2314.14
1,325,h_s,dpu,2314.14,2318.17
1,325,gc,cpu,2318.17,2328.98
1,334,normalize,cpu,2329.58,2333.38
1,334,g_a_cpu,cpu,2333.38,2333.78
1,334,g_a,dpu,2333.79,2339.35
1,334,g_a,dpu,2339.35,2344.97
1,334,g_a_cpu,cpu,2344.97,2350.66
1,334,h_a,dpu,2350.67,2361.86
1,334,eb_enc,cpu,2361.86,2362.12
1,334,eb_dec,cpu,2362.12,2362.31
1,334,h_s,dpu,2362.31,2385.08
1,334,gc,cpu,2385.08,2397.03
1,346,normalize,cpu,2397.67,2431.08
1,346,g_a_cpu,cpu,2431.09,2431.63
1,346,g_a,dpu,2431.63,2450.12
1,346,g_a,dpu,2450.12,2468.05
1,346,g_a_cpu,cpu,2468.05,2468.58
1,346,h_a,dpu,2468.58,2480.22
1,346,eb_enc,cpu,2480.22,2480.35
1,346,eb_dec,cpu,2480.36,2480.47
1,346,h_s,dpu,2480.47,2483.78
1,346,gc,cpu,2483.78,2494.95
1,361,normalize,cpu,2495.71,2521.63
1,361,g_a_cpu,cpu,2521.63,2522.15
1,361,g_a,dpu,2522.15,2555.94
1,361,g_a,dpu,2555.95,2562.41
1,361,g_a_cpu,cpu,2562.41,2562.79
1,361,h_a,dpu,2562.79,2580.36
1,361,eb_enc,cpu,2580.36,2580.52
1,361,eb_dec,cpu,2580.52,2580.65
1,361,h_s,dpu,2580.65,2595.38
1,361,gc,cpu,2595.39,2605.65
1,376,normalize,cpu,2613.17,2625.73
1,376,g_a_cpu,cpu,2625.73,2626.15
1,376,g_a,dpu,2626.15,2635.7
1,376,g_a,dpu,2635.7,2640.78
1,376,g_a_cpu,cpu,2640.78,2641.26
1,376,h_a,dpu,2641.27,2681.34
1,376,eb_enc,cpu,2681.34,2681.48
1,376,eb_dec,cpu,2681.48,2681.61
1,376,h_s,dpu,2681.61,2688.63
1,376,gc,cpu,2688.63,2700.84
1,394,normalize,cpu,2701.48,2706.17
1,394,g_a_cpu,cpu,2706.18,2706.66
1,394,g_a,dpu,2706.66,2734.06
1,394,g_a,dpu,2734.06,2760.64
1,394,g_a_cpu,cpu,2760.64,2761.08
1,394,h_a,dpu,2761.08,2767.85
1,394,eb_enc,cpu,2767.85,2767.98
1,394,eb_dec,cpu,2767.98,2768.11
1,394,h_s,dpu,2768.11,2772.33
1,394,gc,cpu,2772.33,2797.04
1,407,normalize,cpu,2797.82,2812.06
1,407,g_a_cpu,cpu,2812.07,2813.5
1,407,g_a,dpu,2813.51,2823.9
1,407,g_a,dpu,2823.91,2829.37
1,407,g_a_cpu,cpu,2829.37,2830.41
1,407,h_a,dpu,2830.41,2835.75
1,407,eb_enc,cpu,2835.75,2836.06
1,407,eb_dec,cpu,2836.06,2836.23
1,407,h_s,dpu,2836.23,2837.5
1,407,gc,cpu,2837.5,2849.96
1,413,normalize,cpu,2851.02,2867.92
1,413,g_a_cpu,cpu,2867.92,2868.71
1,413,g_a,dpu,2868.72,2886.55
1,413,g_a,dpu,2886.56,2913.57
1,413,g_a_cpu,cpu,2913.57,2914.06
1,413,h_a,dpu,2914.06,2923.4
1,413,eb_enc,cpu,2923.4,2923.53
1,413,eb_dec,cpu,2923.54,2923.66
1,413,h_s,dpu,2923.66,2952.71
1,413,gc,cpu,2952.71,2972.82
1,432,normalize,cpu,2973.37,2979.96
1,432,g_a_cpu,cpu,2979.96,2980.72
1,432,g_a,dpu,2980.73,2990.85
1,432,g_a,dpu,2990.85,3002.45
1,432,g_a_cpu,cpu,3002.45,3003.05
1,432,h_a,dpu,3003.05,3012.32
1,432,eb_enc,cpu,3012.32,3012.57
1,432,eb_dec,cpu,3012.57,3012.71
1,432,h_s,dpu,3012.72,3014.39
1,432,gc,cpu,3014.39,3033.22
1,442,normalize,cpu,3033.74,3037.47
1,442,g_a_cpu,cpu,3037.48,3037.86
1,442,g_a,dpu,3037.86,3043.38
1,442,g_a,dpu,3043.38,3057.66
1,442,g_a_cpu,cpu,3057.66,3058.37
1,442,h_a,dpu,3058.38,3065.75
1,442,eb_enc,cpu,3065.75,3065.89
1,442,eb_dec,cpu,3065.89,3066.01
1,442,h_s,dpu,3066.01,3081.09
1,442,gc,cpu,3081.09,3102.47
1,452,normalize,cpu,3103.13,3106.9
1,452,g_a_cpu,cpu,3106.91,3107.31
1,452,g_a,dpu,3107.31,3127.02
1,452,g_a,dpu,3127.02,3136.11
1,452,g_a_cpu,cpu,3136.11,3136.53
1,452,h_a,dpu,3136.53,3138.25
1,452,eb_enc,cpu,3138.25,3138.4
1,452,eb_dec,cpu,3138.4,3138.52
1,452,h_s,dpu,3138.52,3139.71
1,452,gc,cpu,3139.71,3150.36
1,462,normalize,cpu,3151.08,3163.12
1,462,g_a_cpu,cpu,3163.13,3164.99
1,462,g_a,dpu,3165.01,3184.23
1,462,g_a,dpu,3184.24,3218.07
1,462,g_a_cpu,cpu,3218.07,3218.8
1,462,h_a,dpu,3218.8,3224.78
1,462,eb_enc,cpu,3224.79,3225.01
1,462,eb_dec,cpu,3225.01,3225.16
1,462,h_s,dpu,3225.16,3232.19
1,462,gc,cpu,3232.19,3244.09
1,473,normalize,cpu,3244.68,3248.41
1,473,g_a_cpu,cpu,3248.42,3248.97
1,473,g_a,dpu,3248.97,3277.29
1,473,g_a,dpu,3277.29,3297.42
1,473,g_a_cpu,cpu,3297.42,3297.98
1,473,h_a,dpu,3297.98,3304.2
1,473,eb_enc,cpu,3304.2,3304.35
1,473,eb_dec,cpu,3304.35,3304.47
1,473,h_s,dpu,3304.47,3305.97
1,473,gc,cpu,3305.97,3318.92
1,486,normalize,cpu,3319.87,3323.63
1,486,g_a_cpu,cpu,3323.63,3324.21
1,486,g_a,dpu,3324.21,3356.61
1,486,g_a,dpu,3356.61,3392.31
1,486,g_a_cpu,cpu,3392.31,3392.67
1,486,h_a,dpu,3392.67,3394.8
1,486,eb_enc,cpu,3394.8,3394.93
1,486,eb_dec,cpu,3394.93,3395.06
1,486,h_s,dpu,3395.06,3396.33
1,486,gc,cpu,3396.33,3407.45
1,497,normalize,cpu,3408.53,3413.09
1,497,g_a_cpu,cpu,3413.1,3413.66
1,497,g_a,dpu,3413.67,3431.64
1,497,g_a,dpu,3431.65,3437.96
1,497,g_a_cpu,cpu,3437.96,3438.39
1,497,h_a,dpu,3438.39,3446.38
1,497,eb_enc,cpu,3446.38,3446.53
1,497,eb_dec,cpu,3446.54,3446.66
1,497,h_s,dpu,3446.66,3459.73
1,497,gc,cpu,3459.73,3470.67
1,507,normalize,cpu,3472.3,3486.75
1,507,g_a_cpu,cpu,3486.76,3488.12
1,507,g_a,dpu,3488.13,3502.42
1,507,g_a,dpu,3502.42,3507.49
1,507,g_a_cpu,cpu,3507.49,3507.85
1,507,h_a,dpu,3507.85,3509.55
1,507,eb_enc,cpu,3509.55,3509.7
1,507,eb_dec,cpu,3509.7,3509.83
1,507,h_s,dpu,3509.83,3530.91
1,507,gc,cpu,3530.91,3552.64
1,520,normalize,cpu,3559.86,3563.54
1,520,g_a_cpu,cpu,3563.55,3564.19
1,520,g_a,dpu,3564.19,3570.72
1,520,g_a,dpu,3570.73,3600.86
1,520,g_a_cpu,cpu,3600.86,3601.32
1,520,h_a,dpu,3601.32,3603.81
1,520,eb_enc,cpu,3603.81,3603.98
1,520,eb_dec,cpu,3603.99,3604.11
1,520,h_s,dpu,3604.12,3619.52
1,520,gc,cpu,3619.52,3647.59
1,535,normalize,cpu,3660.81,3675.47
1,535,g_a_cpu,cpu,3675.47,3675.85
1,535,g_a,dpu,3675.85,3702.54
1,535,g_a,dpu,3702.54,3719.49
1,535,g_a_cpu,cpu,3719.49,3719.88
1,535,h_a,dpu,3719.89,3721.58
1,535,eb_enc,cpu,3721.58,3721.73
1,535,eb_dec,cpu,3721.73,3721.86
1,535,h_s,dpu,3721.86,3723.2
1,535,gc,cpu,3723.2,3735.47
1,546,normalize,cpu,3736.01,3740.63
1,546,g_a_cpu,cpu,3740.63,3741.02
1,546,g_a,dpu,3741.02,3748.57
1,546,g_a,dpu,3748.57,3762.56
1,546,g_a_cpu,cpu,3762.56,3763.01
1,546,h_a,dpu,3763.02,3764.89
1,546,eb_enc,cpu,3764.89,3765.04
1,546,eb_dec,cpu,3765.04,3765.16
1,546,h_s,dpu,3765.16,3780.37
1,546,gc,cpu,3780.37,3790.79
1,554,normalize,cpu,3791.62,3795.54
1,554,g_a_cpu,cpu,3795.55,3796.26
1,554,g_a,dpu,3796.26,3811.41
1,554,g_a,dpu,3811.41,3816.73
1,554,g_a_cpu,cpu,3816.73,3817.42
1,554,h_a,dpu,3817.42,3824.1
1,554,eb_enc,cpu,3824.1,3824.28
1,554,eb_dec,cpu,3824.28,3824.42
1,554,h_s,dpu,3824.43,3826.13
1,554,gc,cpu,3826.13,3836.96
1,562,normalize,cpu,3837.69,3842.33
1,562,g_a_cpu,cpu,3842.33,3842.69
1,562,g_a,dpu,3842.7,3878.28
1,562,g_a,dpu,3878.28,3888.11
1,562,g_a_cpu,cpu,3888.11,3888.5
1,562,h_a,dpu,3888.51,3890.28
1,562,eb_enc,cpu,3890.28,3890.4
1,562,eb_dec,cpu,3890.41,3890.52
1,562,h_s,dpu,3890.52,3891.65
1,562,gc,cpu,3891.65,3902.44
1,572,normalize,cpu,3905.4,3914.88
1,572,g_a_cpu,cpu,3914.89,3915.58
1,572,g_a,dpu,3915.59,3949.43
1,572,g_a,dpu,3949.44,3965.49
1,572,g_a_cpu,cpu,3965.49,3966.04
1,572,h_a,dpu,3966.04,3971.03
1,572,eb_enc,cpu,3971.03,3971.16
1,572,eb_dec,cpu,3971.16,3971.27
1,572,h_s,dpu,3971.27,3973.19
1,572,gc,cpu,3973.19,3983.23
1,583,normalize,cpu,3984.43,3988.83
1,583,g_a_cpu,cpu,3988.84,3989.52
1,583,g_a,dpu,3989.52,4023.24
1,583,g_a,dpu,4023.24,4034.5
1,583,g_a_cpu,cpu,4034.5,4035.05
1,583,h_a,dpu,4035.06,4046.41
1,583,eb_enc,cpu,4046.41,4046.65
1,583,eb_dec,cpu,4046.65,4046.82
1,583,h_s,dpu,4046.82,4054.82
1,583,gc,cpu,4054.82,4065.15
1,594,normalize,cpu,4066,4069.77
1,594,g_a_cpu,cpu,4069.77,4070.17
1,594,g_a,dpu,4070.17,4075.4
1,594,g_a,dpu,4075.41,4086.66
1,594,g_a_cpu,cpu,4086.66,4087.42
1,594,h_a,dpu,4087.43,4090.15
1,594,eb_enc,cpu,4090.15,4090.38
1,594,eb_dec,cpu,4090.38,4090.51
1,594,h_s,dpu,4090.51,4091.98
1,594,gc,cpu,4091.98,4103.11
1,600,normalize,cpu,4103.61,4108.57
1,600,g_a_cpu,cpu,4108.58,4109.02
1,600,g_a,dpu,4109.03,4124.02
1,600,g_a,dpu,4124.06,4137.06
1,600,g_a_cpu,cpu,4137.06,4137.66
1,600,h_a,dpu,4137.66,4143.09
1,600,eb_enc,cpu,4143.09,4143.39
1,600,eb_dec,cpu,4143.39,4143.64
1,600,h_s,dpu,4143.64,4188.36
1,600,gc,cpu,4188.36,4199.15
1,614,normalize,cpu,4200.09,4204.79
1,614,g_a_cpu,cpu,4204.8,4205.5
1,614,g_a,dpu,4205.5,4212.38
1,614,g_a,dpu,4212.38,4223.85
1,614,g_a_cpu,cpu,4223.85,4224.25
1,614,h_a,dpu,4224.25,4225.99
1,614,eb_enc,cpu,4225.99,4226.12
1,614,eb_dec,cpu,4226.12,4226.23
1,614,h_s,dpu,4226.23,4227.69
1,614,gc,cpu,4227.69,4239.19
1,621,normalize,cpu,4244.28,4255.72
1,621,g_a_cpu,cpu,4255.73,4256.17
1,621,g_a,dpu,4256.17,4270.3
1,621,g_a,dpu,4270.3,4296.51
1,621,g_a_cpu,cpu,4296.51,4296.98
1,621,h_a,dpu,4296.98,4305.11
1,621,eb_enc,cpu,4305.11,4305.23
1,621,eb_dec,cpu,4305.23,4305.34
1,621,h_s,dpu,4305.34,4306.4
1,621,gc,cpu,4306.41,4318.09
1,632,normalize,cpu,4318.73,4322.53
1,632,g_a_cpu,cpu,4322.53,4323.02
1,632,g_a,dpu,4323.02,4353.25
1,632,g_a,dpu,4353.25,4367.92
1,632,g_a_cpu,cpu,4367.92,4368.59
1,632,h_a,dpu,4368.6,4393.79
1,632,eb_enc,cpu,4393.79,4393.92
1,632,eb_dec,cpu,4393.92,4394.04
1,632,h_s,dpu,4394.04,4410.68
1,632,gc,cpu,4410.68,4421.46
1,647,normalize,cpu,4422.18,4426.08
1,647,g_a_cpu,cpu,4426.1,4427.14
1,647,g_a,dpu,4427.14,4438.77
1,647,g_a,dpu,4438.77,4451.92
1,647,g_a_cpu,cpu,4451.92,4452.28
1,647,h_a,dpu,4452.29,4454.07
1,647,eb_enc,cpu,4454.07,4454.23
1,647,eb_dec,cpu,4454.23,4454.41
1,647,h_s,dpu,4454.41,4455.74
1,647,gc,cpu,4455.75,4467.42
1,654,normalize,cpu,4467.93,4471.66
1,654,g_a_cpu,cpu,4471.66,4472.22
1,654,g_a,dpu,4472.23,4487.5
1,654,g_a,dpu,4487.5,4502.55
1,654,g_a_cpu,cpu,4502.55,4503.03
1,654,h_a,dpu,4503.04,4514.56
1,654,eb_enc,cpu,4514.56,4514.8
1,654,eb_dec,cpu,4514.8,4514.96
1,654,h_s,dpu,4514.96,4527.4
1,654,gc,cpu,4527.4,4537.75
1,664,normalize,cpu,4538.38,4542.28
1,664,g_a_cpu,cpu,4542.28,4542.71
1,664,g_a,dpu,4542.71,4579.3
1,664,g_a,dpu,4579.31,4584.69
1,664,g_a_cpu,cpu,4584.7,4585.5
1,664,h_a,dpu,4585.5,4601.88
1,664,eb_enc,cpu,4601.88,4602.02
1,664,eb_dec,cpu,4602.02,4602.14
1,664,h_s,dpu,4602.14,4612.76
1,664,gc,cpu,4612.76,4625.06
1,676,normalize,cpu,4626.6,4630.23
1,676,g_a_cpu,cpu,4630.24,4630.65
1,676,g_a,dpu,4630.65,4667.36
1,676,g_a,dpu,4667.37,4693.54
1,676,g_a_cpu,cpu,4693.55,4694.06
1,676,h_a,dpu,4694.06,4705.04
1,676,eb_enc,cpu,4705.05,4705.19
1,676,eb_dec,cpu,4705.19,4705.32
1,676,h_s,dpu,4705.32,4709.22
1,676,gc,cpu,4709.22,4719.42
1,692,normalize,cpu,4720.15,4723.87
1,692,g_a_cpu,cpu,4723.88,4724.3
1,692,g_a,dpu,4724.31,4729.64
1,692,g_a,dpu,4729.65,4754.62
1,692,g_a_cpu,cpu,4754.63,4755.42
1,692,h_a,dpu,4755.43,4771.85
1,692,eb_enc,cpu,4771.86,4772.01
1,692,eb_dec,cpu,4772.01,4772.14
1,692,h_s,dpu,4772.14,4773.52
1,692,gc,cpu,4773.52,4793.57
1,702,normalize,cpu,4794.09,4797.76
1,702,g_a_cpu,cpu,4797.76,4798.17
1,702,g_a,dpu,4798.17,4822.63
1,702,g_a,dpu,4822.64,4833.31
1,702,g_a_cpu,cpu,4833.31,4833.79
1,702,h_a,dpu,4833.8,4840.45
1,702,eb_enc,cpu,4840.46,4840.58
1,702,eb_dec,cpu,4840.58,4840.69
1,702,h_s,dpu,4840.69,4842.03
1,702,gc,cpu,4842.03,4853.88
1,712,normalize,cpu,4854.5,4858.13
1,712,g_a_cpu,cpu,4858.13,4859.13
1,712,g_a,dpu,4859.14,4920.24
1,712,g_a,dpu,4920.25,4931.44
1,712,g_a_cpu,cpu,4931.44,4931.89
1,712,h_a,dpu,4931.89,4943.89
1,712,eb_enc,cpu,4943.89,4944.08
1,712,eb_dec,cpu,4944.08,4944.21
1,712,h_s,dpu,4944.21,4956.15
1,712,gc,cpu,4956.15,4966.63
1,729,normalize,cpu,4967.75,4972.34
1,729,g_a_cpu,cpu,4972.34,4972.91
1,729,g_a,dpu,4972.92,4991.72
1,729,g_a,dpu,4991.72,5003.9
1,729,g_a_cpu,cpu,5003.9,5004.43
1,729,h_a,dpu,5004.44,5023.42
1,729,eb_enc,cpu,5023.42,5023.56
1,729,eb_dec,cpu,5023.56,5023.67
1,729,h_s,dpu,5023.67,5024.72
1,729,gc,cpu,5024.72,5035.21
1,740,normalize,cpu,5035.84,5039.6
1,740,g_a_cpu,cpu,5039.6,5039.92
1,740,g_a,dpu,5039.92,5063.18
1,740,g_a,dpu,5063.18,5068.69
1,740,g_a_cpu,cpu,5068.69,5069.12
1,740,h_a,dpu,5069.13,5071.09
1,740,eb_enc,cpu,5071.09,5071.29
1,740,eb_dec,cpu,5071.29,5071.42
1,740,h_s,dpu,5071.42,5110.18
1,740,gc,cpu,5110.18,5120.45
1,752,normalize,cpu,5121.41,5125.15
1,752,g_a_cpu,cpu,5125.16,5125.68
1,752,g_a,dpu,5125.69,5172.51
1,752,g_a,dpu,5172.51,5205.81
1,752,g_a_cpu,cpu,5205.81,5206.49
1,752,h_a,dpu,5206.49,5218.35
1,752,eb_enc,cpu,5218.35,5218.48
1,752,eb_dec,cpu,5218.48,5218.59
1,752,h_s,dpu,5218.59,5225.34
1,752,gc,cpu,5225.34,5241.45
1,771,normalize,cpu,5253.25,5257.04
1,771,g_a_cpu,cpu,5257.04,5257.38
1,771,g_a,dpu,5257.38,5264.9
1,771,g_a,dpu,5264.9,5276.76
1,771,g_a_cpu,cpu,5276.76,5277.48
1,771,h_a,dpu,5277.49,5309.89
1,771,eb_enc,cpu,5309.89,5310.02
1,771,eb_dec,cpu,5310.02,5310.13
1,771,h_s,dpu,5310.13,5317.91
1,771,gc,cpu,5317.91,5328.35
1,783,normalize,cpu,5328.91,5332.7
1,783,g_a_cpu,cpu,5332.71,5333.17
1,783,g_a,dpu,5333.17,5341.49
1,783,g_a,dpu,5341.49,5359.91
1,783,g_a_cpu,cpu,5359.91,5360.5
1,783,h_a,dpu,5360.5,5376.21
1,783,eb_enc,cpu,5376.22,5376.37
1,783,eb_dec,cpu,5376.37,5376.5
1,783,h_s,dpu,5376.5,5377.73
1,783,gc,cpu,5377.73,5389.4
1,792,normalize,cpu,5390.02,5404.98
1,792,g_a_cpu,cpu,5404.99,5405.91
1,792,g_a,dpu,5405.92,5422.49
1,792,g_a,dpu,5422.5,5428.81
1,792,g_a_cpu,cpu,5428.81,5429.32
1,792,h_a,dpu,5429.32,5433.88
1,792,eb_enc,cpu,5433.88,5434.09
1,792,eb_dec,cpu,5434.09,5434.23
1,792,h_s,dpu,5434.23,5440.25
1,792,gc,cpu,5440.25,5450.12
1,803,normalize,cpu,5451.05,5454.77
1,803,g_a_cpu,cpu,5454.77,5455.3
1,803,g_a,dpu,5455.31,5479.13
1,803,g_a,dpu,5479.13,5484.55
1,803,g_a_cpu,cpu,5484.55,5485.04
1,803,h_a,dpu,5485.04,5506.47
1,803,eb_enc,cpu,5506.47,5506.59
1,803,eb_dec,cpu,5506.59,5506.7
1,803,h_s,dpu,5506.7,5507.76
1,803,gc,cpu,5507.76,5527.74
1,816,normalize,cpu,5528.41,5532.22
1,816,g_a_cpu,cpu,5532.22,5532.65
1,816,g_a,dpu,5532.65,5550.41
1,816,g_a,dpu,5550.42,5556.31
1,816,g_a_cpu,cpu,5556.31,5557.02
1,816,h_a,dpu,5557.02,5592.37
1,816,eb_enc,cpu,5592.37,5592.57
1,816,eb_dec,cpu,5592.57,5592.73
1,816,h_s,dpu,5592.73,5632.09
1,816,gc,cpu,5632.1,5642.57
1,833,normalize,cpu,5643.36,5647.03
1,833,g_a_cpu,cpu,5647.03,5647.4
1,833,g_a,dpu,5647.41,5660.03
1,833,g_a,dpu,5660.04,5680.93
1,833,g_a_cpu,cpu,5680.94,5681.43
1,833,h_a,dpu,5681.43,5683.67
1,833,eb_enc,cpu,5683.67,5683.88
1,833,eb_dec,cpu,5683.88,5684.03
1,833,h_s,dpu,5684.03,5685.95
1,833,gc,cpu,5685.96,5705.98
1,842,normalize,cpu,5706.59,5710.39
1,842,g_a_cpu,cpu,5710.39,5710.87
1,842,g_a,dpu,5710.87,5721.36
1,842,g_a,dpu,5721.36,5737.53
1,842,g_a_cpu,cpu,5737.53,5737.99
1,842,h_a,dpu,5738,5755.67
1,842,eb_enc,cpu,5755.67,5755.8
1,842,eb_dec,cpu,5755.8,5755.92
1,842,h_s,dpu,5755.92,5757.02
1,842,gc,cpu,5757.02,5771.98
1,852,normalize,cpu,5772.73,5782.07
1,852,g_a_cpu,cpu,5782.07,5782.66
1,852,g_a,dpu,5782.67,5789.92
1,852,g_a,dpu,5789.92,5807.96
1,852,g_a_cpu,cpu,5807.96,5808.71
1,852,h_a,dpu,5808.72,5815.32
1,852,eb_enc,cpu,5815.32,5815.45
1,852,eb_dec,cpu,5815.45,5815.59
1,852,h_s,dpu,5815.59,5816.93
1,852,gc,cpu,5816.93,5835.54
1,861,normalize,cpu,5835.99,5855.37
1,861,g_a_cpu,cpu,5855.38,5855.92
1,861,g_a,dpu,5855.92,5872.12
1,861,g_a,dpu,5872.12,5888.43
1,861,g_a_cpu,cpu,5888.43,5888.82
1,861,h_a,dpu,5888.82,5890.5
1,861,eb_enc,cpu,5890.51,5890.64
1,861,eb_dec,cpu,5890.64,5890.76
1,861,h_s,dpu,5890.76,5892.29
1,861,gc,cpu,5892.3,5913.65
1,874,normalize,cpu,5914.6,5918.22
1,874,g_a_cpu,cpu,5918.22,5923.93
1,874,g_a,dpu,5923.94,5943.97
1,874,g_a,dpu,5943.98,5955.88
1,874,g_a_cpu,cpu,5955.88,5956.26
1,874,h_a,dpu,5956.26,5957.85
1,874,eb_enc,cpu,5957.85,5957.98
1,874,eb_dec,cpu,5957.98,5958.09
1,874,h_s,dpu,5958.09,5959.25
1,874,gc,cpu,5959.25,5969.67
1,881,normalize,cpu,5970.23,6000.24
1,881,g_a_cpu,cpu,6000.25,6000.94
1,881,g_a,dpu,6000.95,6008.4
1,881,g_a,dpu,6008.4,6024.54
1,881,g_a_cpu,cpu,6024.54,6025.3
1,881,h_a,dpu,6025.3,6069.79
1,881,eb_enc,cpu,6069.79,6069.92
1,881,eb_dec,cpu,6069.92,6070.03
1,881,h_s,dpu,6070.03,6071.79
1,881,gc,cpu,6071.79,6081.57
1,900,normalize,cpu,6082.06,6091.89
1,900,g_a_cpu,cpu,6091.9,6092.48
1,900,g_a,dpu,6092.48,6107.23
1,900,g_a,dpu,6107.24,6136.89
1,900,g_a_cpu,cpu,6136.89,6137.78
1,900,h_a,dpu,6137.79,6143.03
1,900,eb_enc,cpu,6143.03,6143.26
1,900,eb_dec,cpu,6143.26,6143.42
1,900,h_s,dpu,6143.42,6149.68
1,900,gc,cpu,6149.68,6187.88
1,915,normalize,cpu,6188.59,6192.32
1,915,g_a_cpu,cpu,6192.33,6192.77
1,915,g_a,dpu,6192.77,6208.36
1,915,g_a,dpu,6208.36,6227.46
1,915,g_a_cpu,cpu,6227.46,6228.11
1,915,h_a,dpu,6228.12,6232.86
1,915,eb_enc,cpu,6232.87,6233.03
1,915,eb_dec,cpu,6233.03,6233.16
1,915,h_s,dpu,6233.16,6245.6
1,915,gc,cpu,6245.6,6271.09
2,8,normalize,cpu,78.8657,82.5468
2,8,g_a_cpu,cpu,82.6928,83.281
2,8,g_a,dpu,83.2885,91.4715
2,8,g_a,dpu,91.4754,107.023
2,8,g_a_cpu,cpu,107.027,107.685
2,8,h_a,dpu,107.692,149.836
2,8,eb_enc,cpu,149.839,150.039
2,8,eb_dec,cpu,150.04,150.186
2,8,h_s,dpu,150.186,152.069
2,8,gc,cpu,152.081,188.095
2,17,normalize,cpu,188.982,192.656
2,17,g_a_cpu,cpu,192.662,193.064
2,17,g_a,dpu,193.068,213.242
2,17,g_a,dpu,213.243,219.641
2,17,g_a_cpu,cpu,219.644,220.215
2,17,h_a,dpu,220.217,224.01
2,17,eb_enc,cpu,224.012,224.146
2,17,eb_dec,cpu,224.149,224.263
2,17,h_s,dpu,224.264,225.594
2,17,gc,cpu,225.595,236.33
2,28,normalize,cpu,237.102,241.056
2,28,g_a_cpu,cpu,241.067,241.692
2,28,g_a,dpu,241.699,291.833
2,28,g_a,dpu,291.835,297.371
2,28,g_a_cpu,cpu,297.376,297.887
2,28,h_a,dpu,297.892,318.057
2,28,eb_enc,cpu,318.058,318.246
2,28,eb_dec,cpu,318.247,318.397
2,28,h_s,dpu,318.397,330.316
2,28,gc,cpu,330.318,343.522
2,42,normalize,cpu,344.578,360.039
2,42,g_a_cpu,cpu,360.045,360.811
2,42,g_a,dpu,360.818,375.264
2,42,g_a,dpu,375.281,406.636
2,42,g_a_cpu,cpu,406.638,407.108
2,42,h_a,dpu,407.109,420.906
2,42,eb_enc,cpu,420.907,421.031
2,42,eb_dec,cpu,421.031,421.142
2,42,h_s,dpu,421.142,422.543
2,42,gc,cpu,422.544,433.536
2,55,normalize,cpu,434.661,439.664
2,55,g_a_cpu,cpu,439.668,440.055
2,55,g_a,dpu,440.059,493.952
2,55,g_a,dpu,493.953,515.898
2,55,g_a_cpu,cpu,515.901,516.709
2,55,h_a,dpu,516.712,533.523
2,55,eb_enc,cpu,533.525,533.754
2,55,eb_dec,cpu,533.755,533.897
2,55,h_s,dpu,533.898,542.653
2,55,gc,cpu,542.656,554.332
2,75,normalize,cpu,579.801,587.09
2,75,g_a_cpu,cpu,587.097,587.646
2,75,g_a,dpu,587.652,601.126
2,75,g_a,dpu,601.13,611.836
2,75,g_a_cpu,cpu,611.838,612.636
2,75,h_a,dpu,612.638,638.117
2,75,eb_enc,cpu,638.12,638.288
2,75,eb_dec,cpu,638.289,638.4
2,75,h_s,dpu,638.4,654.42
2,75,gc,cpu,654.422,667.267
2,88,normalize,cpu,669.168,673.004
2,88,g_a_cpu,cpu,673.008,673.411
2,88,g_a,dpu,673.415,679.24
2,88,g_a,dpu,679.243,685.791
2,88,g_a_cpu,cpu,685.793,686.423
2,88,h_a,dpu,686.432,689.668
2,88,eb_enc,cpu,689.669,689.836
2,88,eb_dec,cpu,689.836,689.95
2,88,h_s,dpu,689.95,710.861
2,88,gc,cpu,710.864,721.345
2,97,normalize,cpu,722.317,725.937
2,97,g_a_cpu,cpu,725.942,726.494
2,97,g_a,dpu,726.497,756.397
2,97,g_a,dpu,756.406,772.938
2,97,g_a_cpu,cpu,772.943,773.456
2,97,h_a,dpu,773.46,798.383
2,97,eb_enc,cpu,798.384,798.504
2,97,eb_dec,cpu,798.505,798.613
2,97,h_s,dpu,798.613,799.916
2,97,gc,cpu,799.917,811.2
2,110,normalize,cpu,811.983,817.126
2,110,g_a_cpu,cpu,817.132,817.554
2,110,g_a,dpu,817.558,867.649
2,110,g_a,dpu,867.652,888.066
2,110,g_a_cpu,cpu,888.071,888.926
2,110,h_a,dpu,888.932,903.663
2,110,eb_enc,cpu,903.664,903.79
2,110,eb_dec,cpu,903.79,903.901
2,110,h_s,dpu,903.901,905.311
2,110,gc,cpu,905.312,920.214
2,125,normalize,cpu,920.876,952.811
2,125,g_a_cpu,cpu,952.814,953.446
2,125,g_a,dpu,953.45,969.284
2,125,g_a,dpu,969.287,980.861
2,125,g_a_cpu,cpu,980.865,981.529
2,125,h_a,dpu,981.532,988.798
2,125,eb_enc,cpu,988.799,988.985
2,125,eb_dec,cpu,988.987,989.117
2,125,h_s,dpu,989.118,991.047
2,125,gc,cpu,991.049,1005.5
2,139,normalize,cpu,1009.87,1017.83
2,139,g_a_cpu,cpu,1017.84,1018.41
2,139,g_a,dpu,1018.41,1038.72
2,139,g_a,dpu,1038.73,1058.46
2,139,g_a_cpu,cpu,1058.46,1058.93
2,139,h_a,dpu,1058.93,1077.72
2,139,eb_enc,cpu,1077.73,1077.87
2,139,eb_dec,cpu,1077.87,1078
2,139,h_s,dpu,1078,1079.4
2,139,gc,cpu,1079.41,1097.24
2,153,normalize,cpu,1097.97,1102.62
2,153,g_a_cpu,cpu,1102.63,1103.13
2,153,g_a,dpu,1103.13,1108.56
2,153,g_a,dpu,1108.57,1123.61
2,153,g_a_cpu,cpu,1123.62,1124.05
2,153,h_a,dpu,1124.05,1154.83
2,153,eb_enc,cpu,1154.83,1154.98
2,153,eb_dec,cpu,1154.98,1155.1
2,153,h_s,dpu,1155.1,1160.18
2,153,gc,cpu,1160.18,1171.06
2,162,normalize,cpu,1184.11,1188.43
2,162,g_a_cpu,cpu,1188.43,1188.81
2,162,g_a,dpu,1188.81,1199.87
2,162,g_a,dpu,1199.87,1205.48
2,162,g_a_cpu,cpu,1205.49,1205.98
2,162,h_a,dpu,1205.99,1216.32
2,162,eb_enc,cpu,1216.32,1216.48
2,162,eb_dec,cpu,1216.48,1216.6
2,162,h_s,dpu,1216.6,1229.05
2,162,gc,cpu,1229.06,1247.66
2,174,normalize,cpu,1259.14,1265.6
2,174,g_a_cpu,cpu,1265.6,1265.99
2,174,g_a,dpu,1265.99,1294.53
2,174,g_a,dpu,1294.53,1315.35
2,174,g_a_cpu,cpu,1315.36,1316.21
2,174,h_a,dpu,1316.21,1332.46
2,174,eb_enc,cpu,1332.47,1332.66
2,174,eb_dec,cpu,1332.67,1332.81
2,174,h_s,dpu,1332.81,1348.27
2,174,gc,cpu,1348.27,1358.76
2,190,normalize,cpu,1359.61,1364.89
2,190,g_a_cpu,cpu,1364.89,1365.23
2,190,g_a,dpu,1365.23,1370.96
2,190,g_a,dpu,1370.96,1405.69
2,190,g_a_cpu,cpu,1405.69,1406.25
2,190,h_a,dpu,1406.28,1409.74
2,190,eb_enc,cpu,1409.74,1409.87
2,190,eb_dec,cpu,1409.87,1409.98
2,190,h_s,dpu,1409.98,1411.43
2,190,gc,cpu,1411.43,1422.78
2,201,normalize,cpu,1423.45,1427.94
2,201,g_a_cpu,cpu,1427.95,1428.29
2,201,g_a,dpu,1428.29,1433.75
2,201,g_a,dpu,1433.75,1451.17
2,201,g_a_cpu,cpu,1451.18,1452
2,201,h_a,dpu,1452,1496.2
2,201,eb_enc,cpu,1496.21,1496.36
2,201,eb_dec,cpu,1496.36,1496.48
2,201,h_s,dpu,1496.48,1513.41
2,201,gc,cpu,1513.41,1528.52
2,215,normalize,cpu,1529.44,1536.16
2,215,g_a_cpu,cpu,1536.17,1536.56
2,215,g_a,dpu,1536.56,1571.28
2,215,g_a,dpu,1571.28,1580.76
2,215,g_a_cpu,cpu,1580.76,1581.18
2,215,h_a,dpu,1581.19,1590.37
2,215,eb_enc,cpu,1590.37,1590.49
2,215,eb_dec,cpu,1590.49,1590.6
2,215,h_s,dpu,1590.6,1597.89
2,215,gc,cpu,1597.89,1613.47
2,230,normalize,cpu,1614.31,1618.03
2,230,g_a_cpu,cpu,1618.04,1618.76
2,230,g_a,dpu,1618.76,1667.47
2,230,g_a,dpu,1667.47,1673.37
2,230,g_a_cpu,cpu,1673.37,1673.83
2,230,h_a,dpu,1673.83,1697.72
2,230,eb_enc,cpu,1697.72,1697.89
2,230,eb_dec,cpu,1697.89,1698.01
2,230,h_s,dpu,1698.01,1699.97
2,230,gc,cpu,1699.97,1728.39
2,244,normalize,cpu,1730.14,1748.83
2,244,g_a_cpu,cpu,1748.83,1749.28
2,244,g_a,dpu,1749.28,1774.64
2,244,g_a,dpu,1774.64,1790.72
2,244,g_a_cpu,cpu,1790.72,1791.19
2,244,h_a,dpu,1791.19,1813
2,244,eb_enc,cpu,1813,1813.15
2,244,eb_dec,cpu,1813.15,1813.27
2,244,h_s,dpu,1813.27,1825.55
2,244,gc,cpu,1825.55,1839.74
2,261,normalize,cpu,1840.41,1844.1
2,261,g_a_cpu,cpu,1844.11,1844.43
2,261,g_a,dpu,1844.43,1856.07
2,261,g_a,dpu,1856.07,1861.78
2,261,g_a_cpu,cpu,1861.78,1862.23
2,261,h_a,dpu,1862.24,1877.64
2,261,eb_enc,cpu,1877.64,1877.78
2,261,eb_dec,cpu,1877.78,1877.89
2,261,h_s,dpu,1877.89,1893.7
2,261,gc,cpu,1893.7,1904.24
2,271,normalize,cpu,1904.8,1920.55
2,271,g_a_cpu,cpu,1920.55,1921.01
2,271,g_a,dpu,1921.02,1931.17
2,271,g_a,dpu,1931.17,1937.5
2,271,g_a_cpu,cpu,1937.5,1938.01
2,271,h_a,dpu,1938.01,1941.63
2,271,eb_enc,cpu,1941.63,1941.76
2,271,eb_dec,cpu,1941.76,1941.9
2,271,h_s,dpu,1941.9,1944.05
2,271,gc,cpu,1944.05,1959.7
2,282,normalize,cpu,1960.49,1964.31
2,282,g_a_cpu,cpu,1964.32,1964.74
2,282,g_a,dpu,1964.74,2019.82
2,282,g_a,dpu,2019.82,2026.88
2,282,g_a_cpu,cpu,2026.89,2027.53
2,282,h_a,dpu,2027.53,2042.71
2,282,eb_enc,cpu,2042.71,2042.99
2,282,eb_dec,cpu,2042.99,2043.14
2,282,h_s,dpu,2043.14,2076.1
2,282,gc,cpu,2076.11,2092.2
2,299,normalize,cpu,2093.2,2096.89
2,299,g_a_cpu,cpu,2096.9,2097.51
2,299,g_a,dpu,2097.51,2148.41
2,299,g_a,dpu,2148.42,2165.63
2,299,g_a_cpu,cpu,2165.64,2166.09
2,299,h_a,dpu,2166.1,2187.44
2,299,eb_enc,cpu,2187.45,2187.66
2,299,eb_dec,cpu,2187.66,2187.79
2,299,h_s,dpu,2187.79,2200.27
2,299,gc,cpu,2200.27,2224.55
2,320,normalize,cpu,2225.43,2230.57
2,320,g_a_cpu,cpu,2230.57,2231.21
2,320,g_a,dpu,2231.21,2263.5
2,320,g_a,dpu,2263.51,2269.01
2,320,g_a_cpu,cpu,2269.01,2269.38
2,320,h_a,dpu,2269.38,2272.42
2,320,eb_enc,cpu,2272.42,2272.58
2,320,eb_dec,cpu,2272.58,2272.69
2,320,h_s,dpu,2272.7,2273.95
2,320,gc,cpu,2273.95,2285.38
2,330,normalize,cpu,2286.36,2290.03
2,330,g_a_cpu,cpu,2290.03,2291.35
2,330,g_a,dpu,2291.36,2317.94
2,330,g_a,dpu,2317.94,2342.83
2,330,g_a_cpu,cpu,2342.83,2343.67
2,330,h_a,dpu,2343.67,2357.89
2,330,eb_enc,cpu,2357.9,2358.05
2,330,eb_dec,cpu,2358.05,2358.18
2,330,h_s,dpu,2358.18,2365.91
2,330,gc,cpu,2365.91,2376.05
2,343,normalize,cpu,2376.72,2381.12
2,343,g_a_cpu,cpu,2381.12,2381.54
2,343,g_a,dpu,2381.55,2387.66
2,343,g_a,dpu,2387.66,2399.81
2,343,g_a_cpu,cpu,2399.82,2401.52
2,343,h_a,dpu,2401.53,2410.58
2,343,eb_enc,cpu,2410.58,2410.75
2,343,eb_dec,cpu,2410.77,2410.9
2,343,h_s,dpu,2410.9,2413.26
2,343,gc,cpu,2413.27,2443.27
2,354,normalize,cpu,2443.97,2448.83
2,354,g_a_cpu,cpu,2448.84,2449.54
2,354,g_a,dpu,2449.55,2464.98
2,354,g_a,dpu,2464.98,2497.31
2,354,g_a_cpu,cpu,2497.31,2497.75
2,354,h_a,dpu,2497.75,2502.67
2,354,eb_enc,cpu,2502.67,2502.82
2,354,eb_dec,cpu,2502.82,2502.94
2,354,h_s,dpu,2502.94,2504.76
2,354,gc,cpu,2504.77,2524.69
2,365,normalize,cpu,2534.72,2540.99
2,365,g_a_cpu,cpu,2541,2541.53
2,365,g_a,dpu,2541.54,2559.28
2,365,g_a,dpu,2559.28,2569.5
2,365,g_a_cpu,cpu,2569.51,2569.98
2,365,h_a,dpu,2569.99,2576.13
2,365,eb_enc,cpu,2576.13,2576.3
2,365,eb_dec,cpu,2576.31,2576.43
2,365,h_s,dpu,2576.43,2579.73
2,365,gc,cpu,2579.73,2609.25
2,378,normalize,cpu,2613.17,2616.9
2,378,g_a_cpu,cpu,2616.91,2617.35
2,378,g_a,dpu,2617.35,2624.11
2,378,g_a,dpu,2624.11,2639.83
2,378,g_a_cpu,cpu,2639.83,2640.2
2,378,h_a,dpu,2640.21,2654.65
2,378,eb_enc,cpu,2654.65,2654.8
2,378,eb_dec,cpu,2654.81,2654.92
2,378,h_s,dpu,2654.92,2657.07
2,378,gc,cpu,2657.07,2667.59
2,386,normalize,cpu,2668.18,2672.01
2,386,g_a_cpu,cpu,2672.02,2672.42
2,386,g_a,dpu,2672.43,2693.75
2,386,g_a,dpu,2693.75,2714.21
2,386,g_a_cpu,cpu,2714.21,2714.63
2,386,h_a,dpu,2714.63,2735.66
2,386,eb_enc,cpu,2735.66,2735.78
2,386,eb_dec,cpu,2735.78,2735.89
2,386,h_s,dpu,2735.89,2737.15
2,386,gc,cpu,2737.15,2774.66
2,403,normalize,cpu,2775.17,2778.96
2,403,g_a_cpu,cpu,2778.97,2779.83
2,403,g_a,dpu,2779.84,2787.04
2,403,g_a,dpu,2787.05,2798.58
2,403,g_a_cpu,cpu,2798.58,2799
2,403,h_a,dpu,2799,2804.2
2,403,eb_enc,cpu,2804.2,2804.37
2,403,eb_dec,cpu,2804.37,2804.51
2,403,h_s,dpu,2804.51,2828.47
2,403,gc,cpu,2828.47,2850.16
2,414,normalize,cpu,2850.9,2861.79
2,414,g_a_cpu,cpu,2861.79,2862.21
2,414,g_a,dpu,2862.21,2867.8
2,414,g_a,dpu,2867.8,2887.58
2,414,g_a_cpu,cpu,2887.59,2888.5
2,414,h_a,dpu,2888.5,2920.41
2,414,eb_enc,cpu,2920.42,2920.57
2,414,eb_dec,cpu,2920.57,2920.69
2,414,h_s,dpu,2920.69,2922.37
2,414,gc,cpu,2922.37,2943.27
2,428,normalize,cpu,2946.03,2949.77
2,428,g_a_cpu,cpu,2949.77,2950.24
2,428,g_a,dpu,2950.25,2956.44
2,428,g_a,dpu,2956.45,2978.76
2,428,g_a_cpu,cpu,2978.77,2979.49
2,428,h_a,dpu,2979.49,2993.04
2,428,eb_enc,cpu,2993.04,2993.23
2,428,eb_dec,cpu,2993.23,2993.35
2,428,h_s,dpu,2993.35,3012.05
2,428,gc,cpu,3012.05,3022.99
2,441,normalize,cpu,3025.49,3029.15
2,441,g_a_cpu,cpu,3029.16,3029.62
2,441,g_a,dpu,3029.62,3044.41
2,441,g_a,dpu,3044.41,3059.86
2,441,g_a_cpu,cpu,3059.87,3060.59
2,441,h_a,dpu,3060.59,3080.35
2,441,eb_enc,cpu,3080.35,3080.51
2,441,eb_dec,cpu,3080.51,3080.63
2,441,h_s,dpu,3080.63,3092
2,441,gc,cpu,3092,3108.19
2,454,normalize,cpu,3108.76,3112.54
2,454,g_a_cpu,cpu,3112.55,3112.97
2,454,g_a,dpu,3112.97,3126.33
2,454,g_a,dpu,3126.34,3169.8
2,454,g_a_cpu,cpu,3169.8,3170.43
2,454,h_a,dpu,3170.44,3191.78
2,454,eb_enc,cpu,3191.78,3191.93
2,454,eb_dec,cpu,3191.93,3192.04
2,454,h_s,dpu,3192.04,3207.54
2,454,gc,cpu,3207.54,3217.73
2,469,normalize,cpu,3218.79,3222.61
2,469,g_a_cpu,cpu,3222.61,3223.02
2,469,g_a,dpu,3223.03,3242.29
2,469,g_a,dpu,3242.29,3266.39
2,469,g_a_cpu,cpu,3266.39,3267.53
2,469,h_a,dpu,3267.53,3282.2
2,469,eb_enc,cpu,3282.2,3282.37
2,469,eb_dec,cpu,3282.37,3282.49
2,469,h_s,dpu,3282.49,3284.37
2,469,gc,cpu,3284.37,3294.83
2,481,normalize,cpu,3295.51,3300.81
2,481,g_a_cpu,cpu,3300.82,3302.67
2,481,g_a,dpu,3302.68,3321.43
2,481,g_a,dpu,3321.43,3347.34
2,481,g_a_cpu,cpu,3347.34,3347.76
2,481,h_a,dpu,3347.76,3352.45
2,481,eb_enc,cpu,3352.45,3352.65
2,481,eb_dec,cpu,3352.65,3352.77
2,481,h_s,dpu,3352.77,3354.34
2,481,gc,cpu,3354.34,3373.12
2,492,normalize,cpu,3378.54,3395.83
2,492,g_a_cpu,cpu,3395.83,3401.6
2,492,g_a,dpu,3401.6,3458.22
2,492,g_a,dpu,3458.22,3496.04
2,492,g_a_cpu,cpu,3496.04,3496.74
2,492,h_a,dpu,3496.74,3512.54
2,492,eb_enc,cpu,3512.54,3512.68
2,492,eb_dec,cpu,3512.68,3512.79
2,492,h_s,dpu,3512.79,3540.53
2,492,gc,cpu,3540.53,3551.05
2,519,normalize,cpu,3551.77,3555.47
2,519,g_a_cpu,cpu,3555.48,3556.01
2,519,g_a,dpu,3556.01,3582.5
2,519,g_a,dpu,3582.5,3605.84
2,519,g_a_cpu,cpu,3605.84,3606.53
2,519,h_a,dpu,3606.53,3618.46
2,519,eb_enc,cpu,3618.46,3618.63
2,519,eb_dec,cpu,3618.63,3618.77
2,519,h_s,dpu,3618.77,3634.51
2,519,gc,cpu,3634.52,3644.79
2,531,normalize,cpu,3645.83,3658.7
2,531,g_a_cpu,cpu,3658.7,3659.16
2,531,g_a,dpu,3659.16,3708.63
2,531,g_a,dpu,3708.63,3747.65
2,531,g_a_cpu,cpu,3747.66,3748.19
2,531,h_a,dpu,3748.19,3764.69
2,531,eb_enc,cpu,3764.69,3764.88
2,531,eb_dec,cpu,3764.88,3765
2,531,h_s,dpu,3765,3791.86
2,531,gc,cpu,3791.86,3814.54
2,559,normalize,cpu,3815.24,3820.53
2,559,g_a_cpu,cpu,3820.53,3821.03
2,559,g_a,dpu,3821.03,3859.44
2,559,g_a,dpu,3859.44,3872.7
2,559,g_a_cpu,cpu,3872.7,3873.14
2,559,h_a,dpu,3873.14,3876.37
2,559,eb_enc,cpu,3876.38,3876.52
2,559,eb_dec,cpu,3876.52,3876.64
2,559,h_s,dpu,3876.64,3889.45
2,559,gc,cpu,3889.45,3908.46
2,574,normalize,cpu,3910.28,3915.1
2,574,g_a_cpu,cpu,3915.1,3915.93
2,574,g_a,dpu,3915.94,3939.42
2,574,g_a,dpu,3939.42,3958.65
2,574,g_a_cpu,cpu,3958.65,3959.26
2,574,h_a,dpu,3959.26,3990.14
2,574,eb_enc,cpu,3990.14,3990.33
2,574,eb_dec,cpu,3990.33,3990.45
2,574,h_s,dpu,3990.45,4008.66
2,574,gc,cpu,4008.66,4029.45
2,589,normalize,cpu,4029.95,4033.71
2,589,g_a_cpu,cpu,4033.71,4034.21
2,589,g_a,dpu,4034.22,4045.7
2,589,g_a,dpu,4045.71,4051.4
2,589,g_a_cpu,cpu,4051.4,4051.85
2,589,h_a,dpu,4051.85,4078.74
2,589,eb_enc,cpu,4078.74,4078.86
2,589,eb_dec,cpu,4078.86,4078.97
2,589,h_s,dpu,4078.97,4080.46
2,589,gc,cpu,4080.46,4100.65
2,598,normalize,cpu,4101.39,4105.95
2,598,g_a_cpu,cpu,4105.96,4106.53
2,598,g_a,dpu,4106.54,4124.02
2,598,g_a,dpu,4124.02,4138.55
2,598,g_a_cpu,cpu,4138.55,4139.16
2,598,h_a,dpu,4139.17,4155.9
2,598,eb_enc,cpu,4155.9,4156.08
2,598,eb_dec,cpu,4156.08,4156.2
2,598,h_s,dpu,4156.2,4157.61
2,598,gc,cpu,4157.61,4176.47
2,612,normalize,cpu,4179.61,4186.1
2,612,g_a_cpu,cpu,4186.11,4186.57
2,612,g_a,dpu,4186.58,4206.22
2,612,g_a,dpu,4206.22,4248.55
2,612,g_a_cpu,cpu,4248.55,4248.97
2,612,h_a,dpu,4248.98,4253.13
2,612,eb_enc,cpu,4253.14,4253.27
2,612,eb_dec,cpu,4253.27,4253.39
2,612,h_s,dpu,4253.39,4277.9
2,612,gc,cpu,4277.91,4295.88
2,630,normalize,cpu,4297.94,4301.66
2,630,g_a_cpu,cpu,4301.67,4303.49
2,630,g_a,dpu,4303.5,4328.73
2,630,g_a,dpu,4328.73,4338.67
2,630,g_a_cpu,cpu,4338.67,4339.45
2,630,h_a,dpu,4339.45,4358.81
2,630,eb_enc,cpu,4358.81,4358.99
2,630,eb_dec,cpu,4358.99,4359.13
2,630,h_s,dpu,4359.13,4388.47
2,630,gc,cpu,4388.48,4399.58
2,643,normalize,cpu,4400.74,4404.62
2,643,g_a_cpu,cpu,4404.62,4405.16
2,643,g_a,dpu,4405.16,4420.29
2,643,g_a,dpu,4420.29,4437.23
2,643,g_a_cpu,cpu,4437.23,4437.8
2,643,h_a,dpu,4437.81,4486.41
2,643,eb_enc,cpu,4486.41,4486.53
2,643,eb_dec,cpu,4486.53,4486.64
2,643,h_s,dpu,4486.64,4488.05
2,643,gc,cpu,4488.06,4498.74
2,657,normalize,cpu,4510.09,4513.87
2,657,g_a_cpu,cpu,4513.88,4514.69
2,657,g_a,dpu,4514.7,4521.94
2,657,g_a,dpu,4521.94,4550.21
2,657,g_a_cpu,cpu,4550.21,4550.78
2,657,h_a,dpu,4550.78,4554.38
2,657,eb_enc,cpu,4554.38,4554.52
2,657,eb_dec,cpu,4554.52,4554.65
2,657,h_s,dpu,4554.65,4556.29
2,657,gc,cpu,4556.29,4568.26
2,670,normalize,cpu,4568.7,4573.67
2,670,g_a_cpu,cpu,4573.67,4574.17
2,670,g_a,dpu,4574.17,4587.65
2,670,g_a,dpu,4587.65,4615.89
2,670,g_a_cpu,cpu,4615.9,4616.46
2,670,h_a,dpu,4616.46,4640.38
2,670,eb_enc,cpu,4640.39,4640.54
2,670,eb_dec,cpu,4640.54,4640.66
2,670,h_s,dpu,4640.66,4652.87
2,670,gc,cpu,4652.87,4665.24
2,684,normalize,cpu,4668.31,4671.99
2,684,g_a_cpu,cpu,4672,4672.57
2,684,g_a,dpu,4672.57,4687.99
2,684,g_a,dpu,4687.99,4702.41
2,684,g_a_cpu,cpu,4702.42,4703.06
2,684,h_a,dpu,4703.06,4738.63
2,684,eb_enc,cpu,4738.63,4738.79
2,684,eb_dec,cpu,4738.8,4738.93
2,684,h_s,dpu,4738.93,4740.64
2,684,gc,cpu,4740.64,4755.21
2,698,normalize,cpu,4756.42,4762.63
2,698,g_a_cpu,cpu,4762.63,4763.07
2,698,g_a,dpu,4763.08,4769.46
2,698,g_a,dpu,4769.47,4789.3
2,698,g_a_cpu,cpu,4789.3,4789.9
2,698,h_a,dpu,4789.9,4802.17
2,698,eb_enc,cpu,4802.17,4802.32
2,698,eb_dec,cpu,4802.32,4802.43
2,698,h_s,dpu,4802.43,4804.21
2,698,gc,cpu,4804.22,4836.21
2,710,normalize,cpu,4837.07,4847.88
2,710,g_a_cpu,cpu,4847.88,4848.2
2,710,g_a,dpu,4848.2,4854.1
2,710,g_a,dpu,4854.13,4860.09
2,710,g_a_cpu,cpu,4860.09,4860.54
2,710,h_a,dpu,4860.54,4872.19
2,710,eb_enc,cpu,4872.19,4872.32
2,710,eb_dec,cpu,4872.32,4872.43
2,710,h_s,dpu,4872.43,4873.85
2,710,gc,cpu,4873.85,4884.36
2,718,normalize,cpu,4884.95,4888.62
2,718,g_a_cpu,cpu,4888.63,4889.41
2,718,g_a,dpu,4889.42,4916.31
2,718,g_a,dpu,4916.31,4922.01
2,718,g_a_cpu,cpu,4922.01,4922.66
2,718,h_a,dpu,4922.67,4953.6
2,718,eb_enc,cpu,4953.6,4953.73
2,718,eb_dec,cpu,4953.73,4953.84
2,718,h_s,dpu,4953.84,4975.73
2,718,gc,cpu,4975.73,4986.04
2,733,normalize,cpu,4986.55,4990.17
2,733,g_a_cpu,cpu,4990.18,4990.61
2,733,g_a,dpu,4990.61,5007.18
2,733,g_a,dpu,5007.18,5012.71
2,733,g_a_cpu,cpu,5012.71,5013.12
2,733,h_a,dpu,5013.13,5017.49
2,733,eb_enc,cpu,5017.49,5017.67
2,733,eb_dec,cpu,5017.67,5017.78
2,733,h_s,dpu,5017.78,5035.67
2,733,gc,cpu,5035.67,5050.37
2,742,normalize,cpu,5051.58,5068.39
2,742,g_a_cpu,cpu,5068.4,5069.31
2,742,g_a,dpu,5069.32,5105.63
2,742,g_a,dpu,5105.63,5111.5
2,742,g_a_cpu,cpu,5111.5,5112.24
2,742,h_a,dpu,5112.24,5151.54
2,742,eb_enc,cpu,5151.54,5151.72
2,742,eb_dec,cpu,5151.72,5151.85
2,742,h_s,dpu,5151.85,5162.8
2,742,gc,cpu,5162.8,5180.94
2,763,normalize,cpu,5181.8,5187.64
2,763,g_a_cpu,cpu,5187.65,5188.21
2,763,g_a,dpu,5188.21,5201.84
2,763,g_a,dpu,5201.84,5234.45
2,763,g_a_cpu,cpu,5234.45,5235.22
2,763,h_a,dpu,5235.22,5251.19
2,763,eb_enc,cpu,5251.19,5251.42
2,763,eb_dec,cpu,5251.42,5251.58
2,763,h_s,dpu,5251.58,5278.2
2,763,gc,cpu,5278.2,5288.83
2,777,normalize,cpu,5290.37,5294.1
2,777,g_a_cpu,cpu,5294.11,5294.52
2,777,g_a,dpu,5294.52,5299.95
2,777,g_a,dpu,5299.95,5305.47
2,777,g_a_cpu,cpu,5305.47,5305.85
2,777,h_a,dpu,5305.85,5321.29
2,777,eb_enc,cpu,5321.29,5321.46
2,777,eb_dec,cpu,5321.46,5321.6
2,777,h_s,dpu,5321.6,5342.99
2,777,gc,cpu,5342.99,5353.29
2,788,normalize,cpu,5354.47,5358.45
2,788,g_a_cpu,cpu,5358.46,5359.08
2,788,g_a,dpu,5359.08,5370.9
2,788,g_a,dpu,5370.9,5422.44
2,788,g_a_cpu,cpu,5422.45,5423.21
2,788,h_a,dpu,5423.21,5442.43
2,788,eb_enc,cpu,5442.44,5442.57
2,788,eb_dec,cpu,5442.57,5442.69
2,788,h_s,dpu,5442.69,5457.53
2,788,gc,cpu,5457.53,5468.12
2,805,normalize,cpu,5469.25,5472.95
2,805,g_a_cpu,cpu,5472.95,5473.61
2,805,g_a,dpu,5473.62,5479.89
2,805,g_a,dpu,5479.89,5505.23
2,805,g_a_cpu,cpu,5505.23,5505.95
2,805,h_a,dpu,5505.95,5534.74
2,805,eb_enc,cpu,5534.74,5534.91
2,805,eb_dec,cpu,5534.91,5535.03
2,805,h_s,dpu,5535.03,5541.1
2,805,gc,cpu,5541.1,5552.17
2,819,normalize,cpu,5552.72,5557.87
2,819,g_a_cpu,cpu,5557.88,5558.48
2,819,g_a,dpu,5558.48,5642.5
2,819,g_a,dpu,5642.5,5648.36
2,819,g_a_cpu,cpu,5648.36,5648.91
2,819,h_a,dpu,5648.91,5670.46
2,819,eb_enc,cpu,5670.47,5670.6
2,819,eb_dec,cpu,5670.6,5670.72
2,819,h_s,dpu,5670.72,5672.26
2,819,gc,cpu,5672.26,5682.84
2,837,normalize,cpu,5684,5694.11
2,837,g_a_cpu,cpu,5694.11,5694.6
2,837,g_a,dpu,5694.6,5710.38
2,837,g_a,dpu,5710.39,5722.03
2,837,g_a_cpu,cpu,5722.03,5722.47
2,837,h_a,dpu,5722.47,5725.28
2,837,eb_enc,cpu,5725.28,5725.42
2,837,eb_dec,cpu,5725.42,5725.53
2,837,h_s,dpu,5725.53,5739.54
2,837,gc,cpu,5739.54,5750.18
2,846,normalize,cpu,5751.15,5754.95
2,846,g_a_cpu,cpu,5754.96,5755.57
2,846,g_a,dpu,5755.58,5789.34
2,846,g_a,dpu,5789.34,5795.6
2,846,g_a_cpu,cpu,5795.61,5796.16
2,846,h_a,dpu,5796.16,5810.48
2,846,eb_enc,cpu,5810.48,5810.65
2,846,eb_dec,cpu,5810.65,5810.77
2,846,h_s,dpu,5810.77,5812.69
2,846,gc,cpu,5812.69,5823.32
2,858,normalize,cpu,5824.01,5828.77
2,858,g_a_cpu,cpu,5828.78,5829.5
2,858,g_a,dpu,5829.5,5865.2
2,858,g_a,dpu,5865.2,5879.15
2,858,g_a_cpu,cpu,5879.15,5879.65
2,858,h_a,dpu,5879.65,5894.84
2,858,eb_enc,cpu,5894.84,5894.99
2,858,eb_dec,cpu,5894.99,5895.11
2,858,h_s,dpu,5895.11,5896.62
2,858,gc,cpu,5896.62,5907.04
2,872,normalize,cpu,5907.75,5915.44
2,872,g_a_cpu,cpu,5915.44,5915.81
2,872,g_a,dpu,5915.82,5945.63
2,872,g_a,dpu,5945.63,5951.08
2,872,g_a_cpu,cpu,5951.08,5951.55
2,872,h_a,dpu,5951.55,5975.79
2,872,eb_enc,cpu,5975.79,5975.94
2,872,eb_dec,cpu,5975.94,5976.06
2,872,h_s,dpu,5976.06,5977.48
2,872,gc,cpu,5977.48,5990.12
2,886,normalize,cpu,5990.87,5995.32
2,886,g_a_cpu,cpu,5995.33,5995.83
2,886,g_a,dpu,5995.83,6035.11
2,886,g_a,dpu,6035.11,6040.65
2,886,g_a_cpu,cpu,6040.65,6041.14
2,886,h_a,dpu,6041.15,6044.81
2,886,eb_enc,cpu,6044.81,6044.94
2,886,eb_dec,cpu,6044.94,6045.06
2,886,h_s,dpu,6045.06,6046.45
2,886,gc,cpu,6046.45,6056.57
2,896,normalize,cpu,6057.12,6060.98
2,896,g_a_cpu,cpu,6060.99,6061.47
2,896,g_a,dpu,6061.47,6088.94
2,896,g_a,dpu,6088.94,6094.53
2,896,g_a_cpu,cpu,6094.53,6095.08
2,896,h_a,dpu,6095.09,6126.12
2,896,eb_enc,cpu,6126.12,6126.28
2,896,eb_dec,cpu,6126.28,6126.39
2,896,h_s,dpu,6126.39,6128.19
2,896,gc,cpu,6128.19,6140.46
2,908,normalize,cpu,6141.33,6150.75
2,908,g_a_cpu,cpu,6150.75,6151.25
2,908,g_a,dpu,6151.26,6178.49
2,908,g_a,dpu,6178.49,6186.48
2,908,g_a_cpu,cpu,6186.49,6187.13
2,908,h_a,dpu,6187.13,6190.98
2,908,eb_enc,cpu,6190.98,6191.11
2,908,eb_dec,cpu,6191.11,6191.22
2,908,h_s,dpu,6191.22,6192.6
2,908,gc,cpu,6192.6,6206.56
2,921,normalize,cpu,6207.09,6210.77
2,921,g_a_cpu,cpu,6210.78,6211.36
2,921,g_a,dpu,6211.36,6228.83
2,921,g_a,dpu,6228.83,6258.89
2,921,g_a_cpu,cpu,6258.9,6259.34
2,921,h_a,dpu,6259.34,6275.24
2,921,eb_enc,cpu,6275.24,6275.38
2,921,eb_dec,cpu,6275.38,6275.49
2,921,h_s,dpu,6275.49,6278.66
2,921,gc,cpu,6278.66,6288.81
3,3,normalize,cpu,69.9584,73.6915
3,3,g_a_cpu,cpu,73.8623,74.1607
3,3,g_a,dpu,74.1877,114.725
3,3,g_a,dpu,114.73,133.502
3,3,g_a_cpu,cpu,133.507,134.247
3,3,h_a,dpu,134.302,139.777
3,3,eb_enc,cpu,139.779,139.94
3,3,eb_dec,cpu,139.941,140.053
3,3,h_s,dpu,140.053,141.235
3,3,gc,cpu,141.241,176.724
3,14,normalize,cpu,177.271,181.013
3,14,g_a_cpu,cpu,181.018,181.522
3,14,g_a,dpu,181.526,186.799
3,14,g_a,dpu,186.801,192.062
3,14,g_a_cpu,cpu,192.065,192.546
3,14,h_a,dpu,192.549,194.401
3,14,eb_enc,cpu,194.402,194.542
3,14,eb_dec,cpu,194.545,194.654
3,14,h_s,dpu,194.654,196.075
3,14,gc,cpu,196.076,207.079
3,23,normalize,cpu,208.654,212.447
3,23,g_a_cpu,cpu,212.451,214.174
3,23,g_a,dpu,214.179,248.41
3,23,g_a,dpu,248.413,254.028
3,23,g_a_cpu,cpu,254.032,254.67
3,23,h_a,dpu,254.675,267.126
3,23,eb_enc,cpu,267.132,267.317
3,23,eb_dec,cpu,267.318,267.445
3,23,h_s,dpu,267.445,280.378
3,23,gc,cpu,280.38,299.462
3,35,normalize,cpu,305.362,312.922
3,35,g_a_cpu,cpu,312.926,313.403
3,35,g_a,dpu,313.407,335.829
3,35,g_a,dpu,335.837,351.536
3,35,g_a_cpu,cpu,351.537,352.081
3,35,h_a,dpu,352.085,354.561
3,35,eb_enc,cpu,354.562,354.77
3,35,eb_dec,cpu,354.77,354.897
3,35,h_s,dpu,354.897,379.292
3,35,gc,cpu,379.293,399.943
3,52,normalize,cpu,400.51,404.344
3,52,g_a_cpu,cpu,404.35,404.999
3,52,g_a,dpu,405.001,414.641
3,52,g_a,dpu,414.643,455.243
3,52,g_a_cpu,cpu,455.245,455.908
3,52,h_a,dpu,455.913,458.384
3,52,eb_enc,cpu,458.385,458.539
3,52,eb_dec,cpu,458.54,458.656
3,52,h_s,dpu,458.656,459.855
3,52,gc,cpu,459.855,483.373
3,64,normalize,cpu,484.35,493.218
3,64,g_a_cpu,cpu,493.221,493.544
3,64,g_a,dpu,493.547,517.498
3,64,g_a,dpu,517.499,533.339
3,64,g_a_cpu,cpu,533.344,534.021
3,64,h_a,dpu,534.026,536.544
3,64,eb_enc,cpu,536.546,536.71
3,64,eb_dec,cpu,536.711,536.826
3,64,h_s,dpu,536.826,538.126
3,64,gc,cpu,538.126,550.937
3,71,normalize,cpu,551.92,556.358
3,71,g_a_cpu,cpu,556.364,557.095
3,71,g_a,dpu,557.104,592.931
3,71,g_a,dpu,592.933,597.982
3,71,g_a_cpu,cpu,597.983,598.468
3,71,h_a,dpu,598.483,611.335
3,71,eb_enc,cpu,611.336,611.465
3,71,eb_dec,cpu,611.465,611.569
3,71,h_s,dpu,611.57,623.717
3,71,gc,cpu,623.719,634.22
3,83,normalize,cpu,635.075,640.71
3,83,g_a_cpu,cpu,640.715,641.303
3,83,g_a,dpu,641.305,657.697
3,83,g_a,dpu,657.699,662.814
3,83,g_a_cpu,cpu,662.816,663.312
3,83,h_a,dpu,663.314,664.871
3,83,eb_enc,cpu,664.873,665.014
3,83,eb_dec,cpu,665.015,665.121
3,83,h_s,dpu,665.121,667.261
3,83,gc,cpu,667.264,680.515
3,90,normalize,cpu,681.426,685.171
3,90,g_a_cpu,cpu,685.175,685.63
3,90,g_a,dpu,685.636,695.916
3,90,g_a,dpu,695.921,702.456
3,90,g_a_cpu,cpu,702.457,703.17
3,90,h_a,dpu,703.174,714.603
3,90,eb_enc,cpu,714.608,714.864
3,90,eb_dec,cpu,714.865,714.993
3,90,h_s,dpu,714.994,730.485
3,90,gc,cpu,730.486,757.189
3,103,normalize,cpu,757.73,761.442
3,103,g_a_cpu,cpu,761.446,761.991
3,103,g_a,dpu,761.995,767.16
3,103,g_a,dpu,767.161,785.447
3,103,g_a_cpu,cpu,785.45,786.13
3,103,h_a,dpu,786.135,808.373
3,103,eb_enc,cpu,808.374,808.582
3,103,eb_dec,cpu,808.582,808.713
3,103,h_s,dpu,808.714,823.953
3,103,gc,cpu,823.954,834.777
3,114,normalize,cpu,841.555,857.765
3,114,g_a_cpu,cpu,857.769,858.087
3,114,g_a,dpu,858.09,879.271
3,114,g_a,dpu,879.274,885.9
3,114,g_a_cpu,cpu,885.907,886.83
3,114,h_a,dpu,886.836,911.171
3,114,eb_enc,cpu,911.174,911.325
3,114,eb_dec,cpu,911.325,911.435
3,114,h_s,dpu,911.436,923.758
3,114,gc,cpu,923.76,933.883
3,130,normalize,cpu,955.365,959.136
3,130,g_a_cpu,cpu,959.141,959.486
3,130,g_a,dpu,959.49,964.859
3,130,g_a,dpu,964.861,979.616
3,130,g_a_cpu,cpu,979.62,980.076
3,130,h_a,dpu,980.078,982.282
3,130,eb_enc,cpu,982.283,982.435
3,130,eb_dec,cpu,982.435,982.552
3,130,h_s,dpu,982.552,983.895
3,130,gc,cpu,983.897,1017.75
3,141,normalize,cpu,1019.64,1023.47
3,141,g_a_cpu,cpu,1023.48,1024.06
3,141,g_a,dpu,1024.07,1039.37
3,141,g_a,dpu,1039.37,1044.72
3,141,g_a_cpu,cpu,1044.72,1045.17
3,141,h_a,dpu,1045.17,1057.18
3,141,eb_enc,cpu,1057.18,1057.33
3,141,eb_dec,cpu,1057.33,1057.44
3,141,h_s,dpu,1057.44,1058.64
3,141,gc,cpu,1058.64,1071.6
3,149,normalize,cpu,1072.13,1080.86
3,149,g_a_cpu,cpu,1080.86,1081.19
3,149,g_a,dpu,1081.2,1092.84
3,149,g_a,dpu,1092.84,1111.17
3,149,g_a_cpu,cpu,1111.17,1111.64
3,149,h_a,dpu,1111.65,1122.36
3,149,eb_enc,cpu,1122.36,1122.51
3,149,eb_dec,cpu,1122.51,1122.62
3,149,h_s,dpu,1122.62,1133.67
3,149,gc,cpu,1133.67,1144.25
3,157,normalize,cpu,1144.9,1148.67
3,157,g_a_cpu,cpu,1148.68,1149.31
3,157,g_a,dpu,1149.32,1154.89
3,157,g_a,dpu,1154.89,1160.1
3,157,g_a_cpu,cpu,1160.11,1160.78
3,157,h_a,dpu,1160.78,1162.46
3,157,eb_enc,cpu,1162.46,1162.59
3,157,eb_dec,cpu,1162.59,1162.7
3,157,h_s,dpu,1162.7,1163.62
3,157,gc,cpu,1163.62,1175.09
3,165,normalize,cpu,1175.73,1196.35
3,165,g_a_cpu,cpu,1196.35,1196.94
3,165,g_a,dpu,1196.94,1212.98
3,165,g_a,dpu,1212.98,1243.94
3,165,g_a_cpu,cpu,1243.94,1244.47
3,165,h_a,dpu,1244.47,1259.99
3,165,eb_enc,cpu,1259.99,1260.24
3,165,eb_dec,cpu,1260.24,1260.38
3,165,h_s,dpu,1260.38,1267.76
3,165,gc,cpu,1267.76,1290.4
3,181,normalize,cpu,1291.11,1308.32
3,181,g_a_cpu,cpu,1308.33,1309.3
3,181,g_a,dpu,1309.31,1331.14
3,181,g_a,dpu,1331.14,1345.76
3,181,g_a_cpu,cpu,1345.77,1346.2
3,181,h_a,dpu,1346.2,1361.27
3,181,eb_enc,cpu,1361.27,1361.41
3,181,eb_dec,cpu,1361.41,1361.54
3,181,h_s,dpu,1361.54,1370.11
3,181,gc,cpu,1370.11,1391.81
3,193,normalize,cpu,1392.3,1396.06
3,193,g_a_cpu,cpu,1396.07,1396.47
3,193,g_a,dpu,1396.48,1411.87
3,193,g_a,dpu,1411.87,1416.89
3,193,g_a_cpu,cpu,1416.89,1417.28
3,193,h_a,dpu,1417.29,1418.91
3,193,eb_enc,cpu,1418.91,1419.05
3,193,eb_dec,cpu,1419.05,1419.16
3,193,h_s,dpu,1419.16,1454.85
3,193,gc,cpu,1454.85,1486.09
3,209,normalize,cpu,1487.5,1491.19
3,209,g_a_cpu,cpu,1491.19,1497.3
3,209,g_a,dpu,1497.31,1516.99
3,209,g_a,dpu,1517,1524.35
3,209,g_a_cpu,cpu,1524.35,1524.9
3,209,h_a,dpu,1524.9,1532.23
3,209,eb_enc,cpu,1532.24,1532.46
3,209,eb_dec,cpu,1532.46,1532.58
3,209,h_s,dpu,1532.58,1541.23
3,209,gc,cpu,1541.23,1562.91
3,221,normalize,cpu,1564.1,1573.08
3,221,g_a_cpu,cpu,1573.09,1573.68
3,221,g_a,dpu,1573.69,1591.34
3,221,g_a,dpu,1591.34,1596.49
3,221,g_a_cpu,cpu,1596.49,1597.1
3,221,h_a,dpu,1597.1,1602.69
3,221,eb_enc,cpu,1602.69,1602.9
3,221,eb_dec,cpu,1602.9,1603.02
3,221,h_s,dpu,1603.02,1608.74
3,221,gc,cpu,1608.74,1620.96
3,231,normalize,cpu,1627.34,1632.08
3,231,g_a_cpu,cpu,1632.09,1633.38
3,231,g_a,dpu,1633.39,1653.2
3,231,g_a,dpu,1653.21,1658.52
3,231,g_a_cpu,cpu,1658.52,1658.99
3,231,h_a,dpu,1658.99,1676.94
3,231,eb_enc,cpu,1676.94,1677.16
3,231,eb_dec,cpu,1677.16,1677.29
3,231,h_s,dpu,1677.29,1706.01
3,231,gc,cpu,1706.01,1732.65
3,251,normalize,cpu,1771.18,1774.87
3,251,g_a_cpu,cpu,1774.88,1776.13
3,251,g_a,dpu,1776.13,1806.72
3,251,g_a,dpu,1806.72,1816.17
3,251,g_a_cpu,cpu,1816.17,1816.94
3,251,h_a,dpu,1816.94,1828.36
3,251,eb_enc,cpu,1828.36,1828.5
3,251,eb_dec,cpu,1828.51,1828.61
3,251,h_s,dpu,1828.61,1829.61
3,251,gc,cpu,1829.61,1875.7
3,268,normalize,cpu,1876.47,1880.86
3,268,g_a_cpu,cpu,1880.87,1881.44
3,268,g_a,dpu,1881.44,1891.24
3,268,g_a,dpu,1891.25,1897.72
3,268,g_a_cpu,cpu,1897.72,1898.11
3,268,h_a,dpu,1898.12,1900.3
3,268,eb_enc,cpu,1900.3,1901.42
3,268,eb_dec,cpu,1901.42,1901.55
3,268,h_s,dpu,1901.55,1909.48
3,268,gc,cpu,1909.48,1921.65
3,275,normalize,cpu,1923.4,1928.4
3,275,g_a_cpu,cpu,1928.41,1928.9
3,275,g_a,dpu,1928.9,1955.04
3,275,g_a,dpu,1955.05,1960.28
3,275,g_a_cpu,cpu,1960.28,1960.86
3,275,h_a,dpu,1960.86,1967.25
3,275,eb_enc,cpu,1967.25,1967.41
3,275,eb_dec,cpu,1967.41,1967.53
3,275,h_s,dpu,1967.53,1968.58
3,275,gc,cpu,1968.58,1979.82
3,284,normalize,cpu,1982.05,1985.74
3,284,g_a_cpu,cpu,1985.75,1986.19
3,284,g_a,dpu,1986.19,2016.11
3,284,g_a,dpu,2016.12,2029.75
3,284,g_a_cpu,cpu,2029.75,2030.17
3,284,h_a,dpu,2030.17,2032.04
3,284,eb_enc,cpu,2032.04,2032.24
3,284,eb_dec,cpu,2032.24,2032.36
3,284,h_s,dpu,2032.37,2044.83
3,284,gc,cpu,2044.83,2055.25
3,295,normalize,cpu,2056.3,2072.52
3,295,g_a_cpu,cpu,2072.53,2076
3,295,g_a,dpu,2076.01,2081.55
3,295,g_a,dpu,2081.56,2091.06
3,295,g_a_cpu,cpu,2091.06,2091.87
3,295,h_a,dpu,2091.88,2094.43
3,295,eb_enc,cpu,2094.43,2094.67
3,295,eb_dec,cpu,2094.7,2094.85
3,295,h_s,dpu,2094.85,2097.44
3,295,gc,cpu,2097.44,2132.92
3,307,normalize,cpu,2133.69,2141.81
3,307,g_a_cpu,cpu,2141.81,2142.19
3,307,g_a,dpu,2142.19,2153.63
3,307,g_a,dpu,2153.63,2182.9
3,307,g_a_cpu,cpu,2182.9,2183.54
3,307,h_a,dpu,2183.54,2194.52
3,307,eb_enc,cpu,2194.53,2194.68
3,307,eb_dec,cpu,2194.68,2194.79
3,307,h_s,dpu,2194.79,2215.35
3,307,gc,cpu,2215.35,2226.47
3,321,normalize,cpu,2227.09,2230.78
3,321,g_a_cpu,cpu,2230.79,2231.46
3,321,g_a,dpu,2231.46,2276.99
3,321,g_a,dpu,2277,2295.74
3,321,g_a_cpu,cpu,2295.75,2296.14
3,321,h_a,dpu,2296.14,2313.32
3,321,eb_enc,cpu,2313.32,2313.57
3,321,eb_dec,cpu,2313.57,2313.71
3,321,h_s,dpu,2313.71,2321.35
3,321,gc,cpu,2321.35,2350.74
3,340,normalize,cpu,2351.57,2355.34
3,340,g_a_cpu,cpu,2355.35,2355.92
3,340,g_a,dpu,2355.93,2366.7
3,340,g_a,dpu,2366.7,2371.84
3,340,g_a_cpu,cpu,2371.84,2372.26
3,340,h_a,dpu,2372.26,2377.26
3,340,eb_enc,cpu,2377.27,2377.4
3,340,eb_dec,cpu,2377.4,2377.5
3,340,h_s,dpu,2377.5,2378.46
3,340,gc,cpu,2378.46,2398.84
3,347,normalize,cpu,2413.95,2417.71
3,347,g_a_cpu,cpu,2417.72,2430.55
3,347,g_a,dpu,2430.56,2447.11
3,347,g_a,dpu,2447.11,2453.71
3,347,g_a_cpu,cpu,2453.71,2454.17
3,347,h_a,dpu,2454.18,2456.33
3,347,eb_enc,cpu,2456.33,2456.56
3,347,eb_dec,cpu,2456.56,2456.76
3,347,h_s,dpu,2456.76,2468.36
3,347,gc,cpu,2468.36,2478.78
3,357,normalize,cpu,2479.89,2483.57
3,357,g_a_cpu,cpu,2483.58,2484.05
3,357,g_a,dpu,2484.05,2503.4
3,357,g_a,dpu,2503.4,2519.7
3,357,g_a_cpu,cpu,2519.71,2520.51
3,357,h_a,dpu,2520.51,2527.14
3,357,eb_enc,cpu,2527.14,2527.28
3,357,eb_dec,cpu,2527.28,2527.39
3,357,h_s,dpu,2527.39,2528.33
3,357,gc,cpu,2528.33,2538.25
3,369,normalize,cpu,2539.06,2549.01
3,369,g_a_cpu,cpu,2549.02,2549.73
3,369,g_a,dpu,2549.73,2563.53
3,369,g_a,dpu,2563.53,2577.95
3,369,g_a_cpu,cpu,2577.95,2578.89
3,369,h_a,dpu,2578.9,2586.93
3,369,eb_enc,cpu,2586.93,2587.14
3,369,eb_dec,cpu,2587.14,2587.29
3,369,h_s,dpu,2587.29,2588.76
3,369,gc,cpu,2588.76,2618.73
3,380,normalize,cpu,2619.26,2622.98
3,380,g_a_cpu,cpu,2622.98,2623.37
3,380,g_a,dpu,2623.37,2628.74
3,380,g_a,dpu,2628.74,2640.82
3,380,g_a_cpu,cpu,2640.82,2641.3
3,380,h_a,dpu,2641.3,2642.91
3,380,eb_enc,cpu,2642.91,2643.09
3,380,eb_dec,cpu,2643.09,2643.21
3,380,h_s,dpu,2643.21,2654.13
3,380,gc,cpu,2654.13,2694.36
3,391,normalize,cpu,2694.91,2698.65
3,391,g_a_cpu,cpu,2698.66,2699.29
3,391,g_a,dpu,2699.29,2710.02
3,391,g_a,dpu,2710.02,2737.82
3,391,g_a_cpu,cpu,2737.83,2738.19
3,391,h_a,dpu,2738.19,2739.89
3,391,eb_enc,cpu,2739.9,2740.19
3,391,eb_dec,cpu,2740.19,2740.33
3,391,h_s,dpu,2740.33,2764.37
3,391,gc,cpu,2764.38,2782.92
3,406,normalize,cpu,2783.85,2787.6
3,406,g_a_cpu,cpu,2787.6,2788.26
3,406,g_a,dpu,2788.26,2822.45
3,406,g_a,dpu,2822.45,2828.41
3,406,g_a_cpu,cpu,2828.41,2828.87
3,406,h_a,dpu,2828.87,2831.45
3,406,eb_enc,cpu,2831.45,2831.59
3,406,eb_dec,cpu,2831.59,2831.69
3,406,h_s,dpu,2831.69,2832.86
3,406,gc,cpu,2832.86,2843.44
3,412,normalize,cpu,2844.02,2847.9
3,412,g_a_cpu,cpu,2847.9,2848.35
3,412,g_a,dpu,2848.36,2868.4
3,412,g_a,dpu,2868.41,2885.77
3,412,g_a_cpu,cpu,2885.78,2886.39
3,412,h_a,dpu,2886.39,2889.05
3,412,eb_enc,cpu,2889.05,2889.18
3,412,eb_dec,cpu,2889.18,2889.29
3,412,h_s,dpu,2889.29,2890.31
3,412,gc,cpu,2890.31,2900.84
3,422,normalize,cpu,2901.45,2907.17
3,422,g_a_cpu,cpu,2907.17,2907.64
3,422,g_a,dpu,2907.64,2920.45
3,422,g_a,dpu,2920.45,2947.24
3,422,g_a_cpu,cpu,2947.24,2947.86
3,422,h_a,dpu,2947.86,2954.44
3,422,eb_enc,cpu,2954.44,2954.57
3,422,eb_dec,cpu,2954.57,2954.68
3,422,h_s,dpu,2954.68,2955.64
3,422,gc,cpu,2955.64,2973.41
3,433,normalize,cpu,2974.1,2977.77
3,433,g_a_cpu,cpu,2977.78,2978.14
3,433,g_a,dpu,2978.15,3005.43
3,433,g_a,dpu,3005.43,3010.69
3,433,g_a_cpu,cpu,3010.69,3011.35
3,433,h_a,dpu,3011.35,3013.54
3,433,eb_enc,cpu,3013.54,3013.71
3,433,eb_dec,cpu,3013.71,3013.83
3,433,h_s,dpu,3013.83,3015.14
3,433,gc,cpu,3015.14,3040.74
3,443,normalize,cpu,3041.34,3051.43
3,443,g_a_cpu,cpu,3051.43,3051.85
3,443,g_a,dpu,3051.85,3057.42
3,443,g_a,dpu,3057.42,3062.9
3,443,g_a_cpu,cpu,3062.9,3063.33
3,443,h_a,dpu,3063.33,3097.38
3,443,eb_enc,cpu,3097.38,3097.53
3,443,eb_dec,cpu,3097.53,3097.66
3,443,h_s,dpu,3097.66,3099.11
3,443,gc,cpu,3099.12,3109.83
3,455,normalize,cpu,3110.58,3129.32
3,455,g_a_cpu,cpu,3129.33,3129.91
3,455,g_a,dpu,3129.91,3141.06
3,455,g_a,dpu,3141.06,3146.21
3,455,g_a_cpu,cpu,3146.21,3146.64
3,455,h_a,dpu,3146.64,3148.57
3,455,eb_enc,cpu,3148.58,3148.78
3,455,eb_dec,cpu,3148.78,3148.9
3,455,h_s,dpu,3148.9,3179.82
3,455,gc,cpu,3179.82,3192.4
3,465,normalize,cpu,3193.2,3213.38
3,465,g_a_cpu,cpu,3213.39,3213.9
3,465,g_a,dpu,3213.9,3226.29
3,465,g_a,dpu,3226.3,3231.33
3,465,g_a_cpu,cpu,3231.33,3231.87
3,465,h_a,dpu,3231.88,3253.59
3,465,eb_enc,cpu,3253.6,3253.73
3,465,eb_dec,cpu,3253.74,3253.84
3,465,h_s,dpu,3253.84,3258.35
3,465,gc,cpu,3258.35,3270.51
3,478,normalize,cpu,3271.09,3276.12
3,478,g_a_cpu,cpu,3276.12,3276.45
3,478,g_a,dpu,3276.45,3281.72
3,478,g_a,dpu,3281.72,3298.46
3,478,g_a_cpu,cpu,3298.46,3298.87
3,478,h_a,dpu,3298.87,3300.14
3,478,eb_enc,cpu,3300.14,3300.26
3,478,eb_dec,cpu,3300.26,3300.37
3,478,h_s,dpu,3300.37,3301.34
3,478,gc,cpu,3301.35,3311.91
3,484,normalize,cpu,3312.61,3316.31
3,484,g_a_cpu,cpu,3316.31,3316.81
3,484,g_a,dpu,3316.82,3332.51
3,484,g_a,dpu,3332.51,3347.84
3,484,g_a_cpu,cpu,3347.84,3348.26
3,484,h_a,dpu,3348.26,3353.17
3,484,eb_enc,cpu,3353.17,3353.35
3,484,eb_dec,cpu,3353.35,3353.47
3,484,h_s,dpu,3353.47,3358.03
3,484,gc,cpu,3358.03,3369.32
3,491,normalize,cpu,3369.97,3373.7
3,491,g_a_cpu,cpu,3373.71,3374.53
3,491,g_a,dpu,3374.53,3400.88
3,491,g_a,dpu,3400.89,3406.34
3,491,g_a_cpu,cpu,3406.34,3407.07
3,491,h_a,dpu,3407.08,3425.53
3,491,eb_enc,cpu,3425.54,3425.73
3,491,eb_dec,cpu,3425.73,3425.85
3,491,h_s,dpu,3425.85,3434.48
3,491,gc,cpu,3434.49,3448.41
3,504,normalize,cpu,3448.93,3453.5
3,504,g_a_cpu,cpu,3453.5,3453.98
3,504,g_a,dpu,3453.98,3477.53
3,504,g_a,dpu,3477.54,3483
3,504,g_a_cpu,cpu,3483,3483.44
3,504,h_a,dpu,3483.45,3494.88
3,504,eb_enc,cpu,3494.88,3495.03
3,504,eb_dec,cpu,3495.03,3495.13
3,504,h_s,dpu,3495.13,3507.28
3,504,gc,cpu,3507.28,3517.67
3,513,normalize,cpu,3530.82,3534.46
3,513,g_a_cpu,cpu,3534.46,3534.93
3,513,g_a,dpu,3534.93,3565.54
3,513,g_a,dpu,3565.54,3584.46
3,513,g_a_cpu,cpu,3584.46,3584.93
3,513,h_a,dpu,3584.94,3589.46
3,513,eb_enc,cpu,3589.46,3589.62
3,513,eb_dec,cpu,3589.62,3589.73
3,513,h_s,dpu,3589.73,3602.83
3,513,gc,cpu,3602.83,3621.83
3,528,normalize,cpu,3622.41,3626.11
3,528,g_a_cpu,cpu,3626.11,3629.39
3,528,g_a,dpu,3629.39,3638.3
3,528,g_a,dpu,3638.3,3643.52
3,528,g_a_cpu,cpu,3643.52,3643.95
3,528,h_a,dpu,3643.96,3646.08
3,528,eb_enc,cpu,3646.09,3646.25
3,528,eb_dec,cpu,3646.27,3646.38
3,528,h_s,dpu,3646.38,3647.69
3,528,gc,cpu,3647.69,3659.6
3,536,normalize,cpu,3660.81,3674.98
3,536,g_a_cpu,cpu,3674.98,3675.36
3,536,g_a,dpu,3675.37,3680.67
3,536,g_a,dpu,3680.67,3686.02
3,536,g_a_cpu,cpu,3686.02,3686.55
3,536,h_a,dpu,3686.55,3691.68
3,536,eb_enc,cpu,3691.68,3691.86
3,536,eb_dec,cpu,3691.86,3691.98
3,536,h_s,dpu,3691.99,3712.99
3,536,gc,cpu,3712.99,3723.78
3,543,normalize,cpu,3724.39,3728.22
3,543,g_a_cpu,cpu,3728.23,3728.58
3,543,g_a,dpu,3728.59,3738.19
3,543,g_a,dpu,3738.19,3751.24
3,543,g_a_cpu,cpu,3751.24,3751.9
3,543,h_a,dpu,3751.9,3753.5
3,543,eb_enc,cpu,3753.5,3753.7
3,543,eb_dec,cpu,3753.71,3753.82
3,543,h_s,dpu,3753.82,3759.73
3,543,gc,cpu,3759.74,3773.93
3,552,normalize,cpu,3775.01,3778.89
3,552,g_a_cpu,cpu,3778.9,3780.77
3,552,g_a,dpu,3780.78,3810.51
3,552,g_a,dpu,3810.52,3824.52
3,552,g_a_cpu,cpu,3824.53,3825.21
3,552,h_a,dpu,3825.21,3837.35
3,552,eb_enc,cpu,3837.35,3837.53
3,552,eb_dec,cpu,3837.53,3837.65
3,552,h_s,dpu,3837.65,3850.01
3,552,gc,cpu,3850.01,3861.31
3,565,normalize,cpu,3862.23,3866.76
3,565,g_a_cpu,cpu,3866.77,3867.13
3,565,g_a,dpu,3867.14,3874.45
3,565,g_a,dpu,3874.45,3917.25
3,565,g_a_cpu,cpu,3917.25,3917.79
3,565,h_a,dpu,3917.8,3922.52
3,565,eb_enc,cpu,3922.52,3922.69
3,565,eb_dec,cpu,3922.69,3922.8
3,565,h_s,dpu,3922.8,3931.34
3,565,gc,cpu,3931.34,3941.77
3,578,normalize,cpu,3947.22,3951.04
3,578,g_a_cpu,cpu,3951.05,3951.91
3,578,g_a,dpu,3951.92,3982.8
3,578,g_a,dpu,3982.85,3992.46
3,578,g_a_cpu,cpu,3992.46,3992.99
3,578,h_a,dpu,3992.99,3995.32
3,578,eb_enc,cpu,3995.32,3995.58
3,578,eb_dec,cpu,3995.58,3995.74
3,578,h_s,dpu,3995.74,4007.93
3,578,gc,cpu,4007.94,4033.08
3,591,normalize,cpu,4033.58,4037.27
3,591,g_a_cpu,cpu,4037.27,4037.62
3,591,g_a,dpu,4037.63,4042.86
3,591,g_a,dpu,4042.86,4048.22
3,591,g_a_cpu,cpu,4048.22,4048.66
3,591,h_a,dpu,4048.67,4064.72
3,591,eb_enc,cpu,4064.73,4064.89
3,591,eb_dec,cpu,4064.9,4065
3,591,h_s,dpu,4065,4080.52
3,591,gc,cpu,4080.52,4091.77
3,601,normalize,cpu,4108.16,4113.02
3,601,g_a_cpu,cpu,4113.03,4113.42
3,601,g_a,dpu,4113.43,4127.93
3,601,g_a,dpu,4127.94,4139.85
3,601,g_a_cpu,cpu,4139.85,4140.27
3,601,h_a,dpu,4140.27,4142.41
3,601,eb_enc,cpu,4142.42,4142.61
3,601,eb_dec,cpu,4142.62,4142.76
3,601,h_s,dpu,4142.76,4144.33
3,601,gc,cpu,4144.33,4168.48
3,609,normalize,cpu,4169.02,4172.82
3,609,g_a_cpu,cpu,4172.82,4173.18
3,609,g_a,dpu,4173.18,4178.47
3,609,g_a,dpu,4178.48,4189.01
3,609,g_a_cpu,cpu,4189.01,4189.6
3,609,h_a,dpu,4189.6,4209.63
3,609,eb_enc,cpu,4209.63,4209.79
3,609,eb_dec,cpu,4209.79,4209.9
3,609,h_s,dpu,4209.9,4219.59
3,609,gc,cpu,4219.59,4229.98
3,620,normalize,cpu,4230.87,4235.53
3,620,g_a_cpu,cpu,4235.53,4235.93
3,620,g_a,dpu,4235.93,4267.66
3,620,g_a,dpu,4267.66,4308.82
3,620,g_a_cpu,cpu,4308.82,4309.22
3,620,h_a,dpu,4309.22,4310.84
3,620,eb_enc,cpu,4310.84,4311
3,620,eb_dec,cpu,4311,4311.11
3,620,h_s,dpu,4311.11,4327.25
3,620,gc,cpu,4327.25,4337.53
3,637,normalize,cpu,4338.28,4342.14
3,637,g_a_cpu,cpu,4342.15,4343
3,637,g_a,dpu,4343.01,4350.22
3,637,g_a,dpu,4350.23,4355.47
3,637,g_a_cpu,cpu,4355.48,4356.1
3,637,h_a,dpu,4356.11,4370.37
3,637,eb_enc,cpu,4370.38,4370.66
3,637,eb_dec,cpu,4370.66,4382.41
3,637,h_s,dpu,4382.41,4387.79
3,637,gc,cpu,4387.79,4398.41
3,642,normalize,cpu,4399.23,4404.83
3,642,g_a_cpu,cpu,4404.84,4405.37
3,642,g_a,dpu,4405.37,4416.44
3,642,g_a,dpu,4416.44,4439.13
3,642,g_a_cpu,cpu,4439.13,4439.62
3,642,h_a,dpu,4439.62,4441.22
3,642,eb_enc,cpu,4441.22,4441.35
3,642,eb_dec,cpu,4441.35,4441.46
3,642,h_s,dpu,4441.46,4442.4
3,642,gc,cpu,4442.4,4452.51
3,652,normalize,cpu,4453.15,4456.94
3,652,g_a_cpu,cpu,4456.94,4457.31
3,652,g_a,dpu,4457.31,4466.76
3,652,g_a,dpu,4466.76,4493.11
3,652,g_a_cpu,cpu,4493.12,4493.72
3,652,h_a,dpu,4493.72,4515.32
3,652,eb_enc,cpu,4515.32,4515.64
3,652,eb_dec,cpu,4515.64,4515.8
3,652,h_s,dpu,4515.8,4547.37
3,652,gc,cpu,4547.37,4557.93
3,666,normalize,cpu,4558.66,4562.54
3,666,g_a_cpu,cpu,4562.55,4562.99
3,666,g_a,dpu,4562.99,4569.12
3,666,g_a,dpu,4569.12,4574.45
3,666,g_a_cpu,cpu,4574.45,4575
3,666,h_a,dpu,4575.01,4576.48
3,666,eb_enc,cpu,4576.48,4576.66
3,666,eb_dec,cpu,4576.66,4576.77
3,666,h_s,dpu,4576.77,4577.84
3,666,gc,cpu,4577.84,4592.39
3,673,normalize,cpu,4594.35,4598.01
3,673,g_a_cpu,cpu,4598.02,4598.45
3,673,g_a,dpu,4598.46,4605.93
3,673,g_a,dpu,4605.93,4635.61
3,673,g_a_cpu,cpu,4635.61,4636.03
3,673,h_a,dpu,4636.03,4652.91
3,673,eb_enc,cpu,4652.91,4653.08
3,673,eb_dec,cpu,4653.08,4653.19
3,673,h_s,dpu,4653.19,4654.22
3,673,gc,cpu,4654.22,4667.25
3,683,normalize,cpu,4669.44,4673.84
3,683,g_a_cpu,cpu,4673.85,4683.45
3,683,g_a,dpu,4683.46,4701.71
3,683,g_a,dpu,4701.71,4714.94
3,683,g_a_cpu,cpu,4714.94,4715.35
3,683,h_a,dpu,4715.35,4717.01
3,683,eb_enc,cpu,4717.01,4717.16
3,683,eb_dec,cpu,4717.16,4717.27
3,683,h_s,dpu,4717.27,4718.32
3,683,gc,cpu,4718.32,4730.67
3,694,normalize,cpu,4731.34,4736.12
3,694,g_a_cpu,cpu,4736.12,4736.87
3,694,g_a,dpu,4736.87,4755.83
3,694,g_a,dpu,4755.83,4761.65
3,694,g_a_cpu,cpu,4761.65,4762.31
3,694,h_a,dpu,4762.31,4780.96
3,694,eb_enc,cpu,4780.96,4781.21
3,694,eb_dec,cpu,4781.21,4781.38
3,694,h_s,dpu,4781.39,4785.98
3,694,gc,cpu,4785.98,4797.09
3,703,normalize,cpu,4797.87,4814.95
3,703,g_a_cpu,cpu,4814.95,4815.38
3,703,g_a,dpu,4815.38,4827.33
3,703,g_a,dpu,4827.34,4836.6
3,703,g_a_cpu,cpu,4836.6,4837.34
3,703,h_a,dpu,4837.35,4850.55
3,703,eb_enc,cpu,4850.55,4850.71
3,703,eb_dec,cpu,4850.71,4850.84
3,703,h_s,dpu,4850.84,4851.87
3,703,gc,cpu,4851.87,4862.19
3,714,normalize,cpu,4863.03,4866.8
3,714,g_a_cpu,cpu,4866.81,4867.28
3,714,g_a,dpu,4867.28,4888.2
3,714,g_a,dpu,4888.2,4894.66
3,714,g_a_cpu,cpu,4894.67,4895.22
3,714,h_a,dpu,4895.22,4900.79
3,714,eb_enc,cpu,4900.79,4900.96
3,714,eb_dec,cpu,4900.96,4901.09
3,714,h_s,dpu,4901.09,4912.26
3,714,gc,cpu,4912.26,4927.05
3,723,normalize,cpu,4927.84,4932.78
3,723,g_a_cpu,cpu,4932.79,4933.33
3,723,g_a,dpu,4933.33,4948.4
3,723,g_a,dpu,4948.4,4960.91
3,723,g_a_cpu,cpu,4960.91,4961.49
3,723,h_a,dpu,4961.49,4962.81
3,723,eb_enc,cpu,4962.81,4962.95
3,723,eb_dec,cpu,4962.95,4963.05
3,723,h_s,dpu,4963.06,4964.09
3,723,gc,cpu,4964.09,4991.44
3,735,normalize,cpu,4992.73,4996.44
3,735,g_a_cpu,cpu,4996.44,4996.88
3,735,g_a,dpu,4996.88,5026.45
3,735,g_a,dpu,5026.45,5050.64
3,735,g_a_cpu,cpu,5050.64,5051.36
3,735,h_a,dpu,5051.37,5053.08
3,735,eb_enc,cpu,5053.08,5053.23
3,735,eb_dec,cpu,5053.23,5053.34
3,735,h_s,dpu,5053.34,5061.32
3,735,gc,cpu,5061.32,5075.58
3,747,normalize,cpu,5078.04,5083.04
3,747,g_a_cpu,cpu,5083.05,5084.28
3,747,g_a,dpu,5084.29,5091.13
3,747,g_a,dpu,5091.13,5099.04
3,747,g_a_cpu,cpu,5099.04,5099.45
3,747,h_a,dpu,5099.45,5101.9
3,747,eb_enc,cpu,5101.9,5102.14
3,747,eb_dec,cpu,5102.14,5102.3
3,747,h_s,dpu,5102.3,5117.83
3,747,gc,cpu,5117.83,5143.79
3,756,normalize,cpu,5144.38,5158.79
3,756,g_a_cpu,cpu,5158.8,5159.61
3,756,g_a,dpu,5159.62,5175.45
3,756,g_a,dpu,5175.46,5185.78
3,756,g_a_cpu,cpu,5185.79,5186.72
3,756,h_a,dpu,5186.72,5200.02
3,756,eb_enc,cpu,5200.02,5200.27
3,756,eb_dec,cpu,5200.27,5200.42
3,756,h_s,dpu,5200.42,5211.72
3,756,gc,cpu,5211.72,5223.17
3,766,normalize,cpu,5223.94,5238.53
3,766,g_a_cpu,cpu,5238.53,5238.91
3,766,g_a,dpu,5238.92,5257.65
3,766,g_a,dpu,5257.66,5263.65
3,766,g_a_cpu,cpu,5263.66,5264.19
3,766,h_a,dpu,5264.19,5265.81
3,766,eb_enc,cpu,5265.81,5265.97
3,766,eb_dec,cpu,5265.97,5266.09
3,766,h_s,dpu,5266.09,5267.08
3,766,gc,cpu,5267.08,5291.14
3,778,normalize,cpu,5292.07,5297.19
3,778,g_a_cpu,cpu,5297.2,5297.66
3,778,g_a,dpu,5297.67,5306.7
3,778,g_a,dpu,5306.71,5317.07
3,778,g_a_cpu,cpu,5317.07,5318.35
3,778,h_a,dpu,5318.35,5320.13
3,778,eb_enc,cpu,5320.13,5320.43
3,778,eb_dec,cpu,5320.43,5321.11
3,778,h_s,dpu,5321.11,5342.68
3,778,gc,cpu,5342.68,5354.37
3,789,normalize,cpu,5355.11,5359.39
3,789,g_a_cpu,cpu,5359.39,5359.91
3,789,g_a,dpu,5359.91,5394.09
3,789,g_a,dpu,5394.09,5402.52
3,789,g_a_cpu,cpu,5402.53,5403.32
3,789,h_a,dpu,5403.33,5406.4
3,789,eb_enc,cpu,5406.4,5406.6
3,789,eb_dec,cpu,5406.61,5406.74
3,789,h_s,dpu,5406.74,5414.34
3,789,gc,cpu,5414.34,5426.16
3,800,normalize,cpu,5426.84,5430.57
3,800,g_a_cpu,cpu,5430.57,5430.97
3,800,g_a,dpu,5430.98,5436.62
3,800,g_a,dpu,5436.62,5463.28
3,800,g_a_cpu,cpu,5463.28,5463.98
3,800,h_a,dpu,5463.98,5476.53
3,800,eb_enc,cpu,5476.53,5476.75
3,800,eb_dec,cpu,5476.75,5476.88
3,800,h_s,dpu,5476.88,5484.06
3,800,gc,cpu,5484.06,5494.19
3,809,normalize,cpu,5496.68,5501.69
3,809,g_a_cpu,cpu,5501.69,5502.15
3,809,g_a,dpu,5502.16,5526.46
3,809,g_a,dpu,5526.46,5541.47
3,809,g_a_cpu,cpu,5541.48,5542.14
3,809,h_a,dpu,5542.14,5557.45
3,809,eb_enc,cpu,5557.45,5557.64
3,809,eb_dec,cpu,5557.64,5557.76
3,809,h_s,dpu,5557.76,5566.38
3,809,gc,cpu,5566.38,5576.72
3,821,normalize,cpu,5577.29,5581.02
3,821,g_a_cpu,cpu,5581.02,5581.37
3,821,g_a,dpu,5581.37,5590.59
3,821,g_a,dpu,5590.6,5596.38
3,821,g_a_cpu,cpu,5596.38,5596.82
3,821,h_a,dpu,5596.82,5601.5
3,821,eb_enc,cpu,5601.5,5601.66
3,821,eb_dec,cpu,5601.66,5601.77
3,821,h_s,dpu,5601.77,5616.08
3,821,gc,cpu,5616.08,5626.5
3,831,normalize,cpu,5627.03,5630.81
3,831,g_a_cpu,cpu,5630.81,5631.32
3,831,g_a,dpu,5631.32,5648.36
3,831,g_a,dpu,5648.36,5660.85
3,831,g_a_cpu,cpu,5660.85,5661.28
3,831,h_a,dpu,5661.28,5662.63
3,831,eb_enc,cpu,5662.63,5662.8
3,831,eb_dec,cpu,5662.8,5662.92
3,831,h_s,dpu,5662.92,5665.9
3,831,gc,cpu,5665.91,5676.47
3,836,normalize,cpu,5677.13,5682.24
3,836,g_a_cpu,cpu,5682.24,5682.97
3,836,g_a,dpu,5682.98,5715.96
3,836,g_a,dpu,5715.96,5734.96
3,836,g_a_cpu,cpu,5734.97,5735.46
3,836,h_a,dpu,5735.47,5743.68
3,836,eb_enc,cpu,5743.68,5743.84
3,836,eb_dec,cpu,5743.84,5743.96
3,836,h_s,dpu,5743.96,5745.17
3,836,gc,cpu,5745.17,5756.2
3,848,normalize,cpu,5766.3,5770.03
3,848,g_a_cpu,cpu,5770.04,5780.41
3,848,g_a,dpu,5780.41,5798.95
3,848,g_a,dpu,5798.95,5806.55
3,848,g_a_cpu,cpu,5806.55,5806.99
3,848,h_a,dpu,5806.99,5809.57
3,848,eb_enc,cpu,5809.57,5809.76
3,848,eb_dec,cpu,5809.76,5809.93
3,848,h_s,dpu,5809.93,5811.37
3,848,gc,cpu,5811.37,5847.25
3,863,normalize,cpu,5847.83,5856.28
3,863,g_a_cpu,cpu,5856.29,5856.64
3,863,g_a,dpu,5856.64,5863.75
3,863,g_a,dpu,5863.75,5868.89
3,863,g_a_cpu,cpu,5868.9,5869.27
3,863,h_a,dpu,5869.27,5870.73
3,863,eb_enc,cpu,5870.73,5870.94
3,863,eb_dec,cpu,5870.94,5871.08
3,863,h_s,dpu,5871.08,5872.31
3,863,gc,cpu,5872.31,5885.95
3,869,normalize,cpu,5887.41,5892.01
3,869,g_a_cpu,cpu,5892.02,5892.7
3,869,g_a,dpu,5892.7,5933.62
3,869,g_a,dpu,5933.63,5947.37
3,869,g_a_cpu,cpu,5947.37,5947.75
3,869,h_a,dpu,5947.75,5949.25
3,869,eb_enc,cpu,5949.25,5949.48
3,869,eb_dec,cpu,5949.48,5949.62
3,869,h_s,dpu,5949.62,5962.24
3,869,gc,cpu,5962.25,5983.49
3,884,normalize,cpu,5984.06,5987.9
3,884,g_a_cpu,cpu,5987.9,5988.4
3,884,g_a,dpu,5988.4,5997.17
3,884,g_a,dpu,5997.17,6014.64
3,884,g_a_cpu,cpu,6014.64,6015.01
3,884,h_a,dpu,6015.01,6016.6
3,884,eb_enc,cpu,6016.6,6016.78
3,884,eb_dec,cpu,6016.78,6016.9
3,884,h_s,dpu,6016.9,6046.65
3,884,gc,cpu,6046.65,6056.67
3,897,normalize,cpu,6057.12,6060.88
3,897,g_a_cpu,cpu,6060.88,6061.34
3,897,g_a,dpu,6061.34,6078.69
3,897,g_a,dpu,6078.69,6085.05
3,897,g_a_cpu,cpu,6085.05,6085.67
3,897,h_a,dpu,6085.67,6105.38
3,897,eb_enc,cpu,6105.38,6105.55
3,897,eb_dec,cpu,6105.55,6105.67
3,897,h_s,dpu,6105.67,6112.04
3,897,gc,cpu,6112.04,6122.74
3,904,normalize,cpu,6123.79,6127.44
3,904,g_a_cpu,cpu,6127.45,6127.93
3,904,g_a,dpu,6127.94,6147.79
3,904,g_a,dpu,6147.79,6154.55
3,904,g_a_cpu,cpu,6154.55,6155.16
3,904,h_a,dpu,6155.17,6170.68
3,904,eb_enc,cpu,6170.68,6170.97
3,904,eb_dec,cpu,6170.97,6171.13
3,904,h_s,dpu,6171.13,6176.54
3,904,gc,cpu,6176.54,6195.12
3,918,normalize,cpu,6195.84,6199.56
3,918,g_a_cpu,cpu,6199.56,6200.67
3,918,g_a,dpu,6200.67,6211.84
3,918,g_a,dpu,6211.84,6226.97
3,918,g_a_cpu,cpu,6226.97,6229.37
3,918,h_a,dpu,6229.37,6271.47
3,918,eb_enc,cpu,6271.48,6271.69
3,918,eb_dec,cpu,6271.69,6271.82
3,918,h_s,dpu,6271.82,6274.85
3,918,gc,cpu,6274.85,6285.15
4,5,normalize,cpu,74.8783,84.3321
4,5,g_a_cpu,cpu,85.2346,85.6939
4,5,g_a,dpu,85.6982,99.1148
4,5,g_a,dpu,99.1233,118.145
4,5,g_a_cpu,cpu,118.147,118.714
4,5,h_a,dpu,118.724,121.368
4,5,eb_enc,cpu,121.375,121.616
4,5,eb_dec,cpu,121.616,121.75
4,5,h_s,dpu,121.751,133.161
4,5,gc,cpu,133.175,195.793
4,20,normalize,cpu,196.528,201.42
4,20,g_a_cpu,cpu,201.426,202.039
4,20,g_a,dpu,202.044,222.453
4,20,g_a,dpu,222.455,227.717
4,20,g_a_cpu,cpu,227.719,228.142
4,20,h_a,dpu,228.147,230.227
4,20,eb_enc,cpu,230.229,230.404
4,20,eb_dec,cpu,230.407,230.521
4,20,h_s,dpu,230.522,260.103
4,20,gc,cpu,260.105,272.421
4,30,normalize,cpu,273.092,279.139
4,30,g_a_cpu,cpu,279.144,304.406
4,30,g_a,dpu,304.41,309.596
4,30,g_a,dpu,309.597,314.829
4,30,g_a_cpu,cpu,314.83,315.34
4,30,h_a,dpu,315.342,317.605
4,30,eb_enc,cpu,317.606,317.732
4,30,eb_dec,cpu,317.733,317.839
4,30,h_s,dpu,317.839,319.187
4,30,gc,cpu,319.188,330.559
4,40,normalize,cpu,331.398,335.139
4,40,g_a_cpu,cpu,335.144,336.368
4,40,g_a,dpu,336.372,365.017
4,40,g_a,dpu,365.027,377.2
4,40,g_a_cpu,cpu,377.203,377.718
4,40,h_a,dpu,377.722,387.709
4,40,eb_enc,cpu,387.71,387.856
4,40,eb_dec,cpu,387.857,387.966
4,40,h_s,dpu,387.967,389.091
4,40,gc,cpu,389.092,399.786
4,51,normalize,cpu,400.508,404.166
4,51,g_a_cpu,cpu,404.17,404.882
4,51,g_a,dpu,404.886,421.756
4,51,g_a,dpu,421.759,455.339
4,51,g_a_cpu,cpu,455.341,456.017
4,51,h_a,dpu,456.019,458.511
4,51,eb_enc,cpu,458.512,458.643
4,51,eb_dec,cpu,458.644,458.748
4,51,h_s,dpu,458.748,460.121
4,51,gc,cpu,460.121,478.615
4,63,normalize,cpu,479.314,486.791
4,63,g_a_cpu,cpu,486.794,489.471
4,63,g_a,dpu,489.475,498.897
4,63,g_a,dpu,498.899,514.45
4,63,g_a_cpu,cpu,514.452,514.896
4,63,h_a,dpu,514.897,517.13
4,63,eb_enc,cpu,517.132,517.279
4,63,eb_dec,cpu,517.28,517.402
4,63,h_s,dpu,517.402,558.091
4,63,gc,cpu,558.093,568.315
4,73,normalize,cpu,569.092,584.872
4,73,g_a_cpu,cpu,584.876,585.404
4,73,g_a,dpu,585.408,590.621
4,73,g_a,dpu,590.623,596.138
4,73,g_a_cpu,cpu,596.142,596.675
4,73,h_a,dpu,596.69,603.225
4,73,eb_enc,cpu,603.226,603.401
4,73,eb_dec,cpu,603.402,603.516
4,73,h_s,dpu,603.516,613.129
4,73,gc,cpu,613.13,623.77
4,81,normalize,cpu,624.717,644.225
4,81,g_a_cpu,cpu,644.228,644.506
4,81,g_a,dpu,644.51,671.103
4,81,g_a,dpu,671.105,676.335
4,81,g_a_cpu,cpu,676.338,676.886
4,81,h_a,dpu,676.89,678.718
4,81,eb_enc,cpu,678.72,678.92
4,81,eb_dec,cpu,678.921,679.042
4,81,h_s,dpu,679.043,715.775
4,81,gc,cpu,715.782,727.828
4,98,normalize,cpu,728.373,732.085
4,98,g_a_cpu,cpu,732.089,732.524
4,98,g_a,dpu,732.527,739.402
4,98,g_a,dpu,739.405,748.441
4,98,g_a_cpu,cpu,748.444,748.838
4,98,h_a,dpu,748.841,762.306
4,98,eb_enc,cpu,762.307,762.438
4,98,eb_dec,cpu,762.439,762.546
4,98,h_s,dpu,762.547,779.591
4,98,gc,cpu,779.593,789.92
4,104,normalize,cpu,795.973,813.952
4,104,g_a_cpu,cpu,813.956,814.479
4,104,g_a,dpu,814.483,820.898
4,104,g_a,dpu,820.9,826.044
4,104,g_a_cpu,cpu,826.046,826.521
4,104,h_a,dpu,826.523,828.327
4,104,eb_enc,cpu,828.328,828.531
4,104,eb_dec,cpu,828.532,828.645
4,104,h_s,dpu,828.645,830.424
4,104,gc,cpu,830.427,841.807
4,115,normalize,cpu,853.216,856.984
4,115,g_a_cpu,cpu,856.989,857.345
4,115,g_a,dpu,857.35,871.271
4,115,g_a,dpu,871.277,884.104
4,115,g_a_cpu,cpu,884.108,884.717
4,115,h_a,dpu,884.721,893.96
4,115,eb_enc,cpu,893.962,894.152
4,115,eb_dec,cpu,894.153,894.314
4,115,h_s,dpu,894.315,897.377
4,115,gc,cpu,897.379,925.671
4,126,normalize,cpu,926.548,930.16
4,126,g_a_cpu,cpu,930.165,937.286
4,126,g_a,dpu,937.299,960.359
4,126,g_a,dpu,960.361,965.68
4,126,g_a_cpu,cpu,965.682,966.221
4,126,h_a,dpu,966.225,974.943
4,126,eb_enc,cpu,974.944,975.215
4,126,eb_dec,cpu,975.218,975.371
4,126,h_s,dpu,975.371,985.529
4,126,gc,cpu,985.531,1004.52
4,138,normalize,cpu,1005.13,1022.55
4,138,g_a_cpu,cpu,1022.56,1023.18
4,138,g_a,dpu,1023.18,1039.1
4,138,g_a,dpu,1039.11,1048.66
4,138,g_a_cpu,cpu,1048.66,1049.39
4,138,h_a,dpu,1049.39,1057.62
4,138,eb_enc,cpu,1057.63,1057.82
4,138,eb_dec,cpu,1057.82,1057.95
4,138,h_s,dpu,1057.95,1077.47
4,138,gc,cpu,1077.48,1093.55
4,152,normalize,cpu,1094.13,1097.79
4,152,g_a_cpu,cpu,1097.8,1098.2
4,152,g_a,dpu,1098.2,1123.06
4,152,g_a,dpu,1123.06,1135.39
4,152,g_a_cpu,cpu,1135.39,1136.06
4,152,h_a,dpu,1136.07,1146.48
4,152,eb_enc,cpu,1146.49,1146.63
4,152,eb_dec,cpu,1146.63,1146.74
4,152,h_s,dpu,1146.74,1151.75
4,152,gc,cpu,1151.75,1174.61
4,164,normalize,cpu,1175.47,1189.71
4,164,g_a_cpu,cpu,1189.71,1190.08
4,164,g_a,dpu,1190.08,1199.26
4,164,g_a,dpu,1199.26,1204.48
4,164,g_a_cpu,cpu,1204.49,1204.85
4,164,h_a,dpu,1204.85,1206.63
4,164,eb_enc,cpu,1206.63,1206.8
4,164,eb_dec,cpu,1206.8,1206.93
4,164,h_s,dpu,1206.93,1216.93
4,164,gc,cpu,1216.93,1227.65
4,172,normalize,cpu,1241.72,1245.5
4,172,g_a_cpu,cpu,1245.5,1246.18
4,172,g_a,dpu,1246.18,1266.74
4,172,g_a,dpu,1266.74,1272.23
4,172,g_a_cpu,cpu,1272.23,1272.78
4,172,h_a,dpu,1272.78,1285.25
4,172,eb_enc,cpu,1285.25,1285.37
4,172,eb_dec,cpu,1285.37,1285.48
4,172,h_s,dpu,1285.48,1286.7
4,172,gc,cpu,1286.7,1297.81
4,183,normalize,cpu,1298.39,1308.96
4,183,g_a_cpu,cpu,1308.97,1309.9
4,183,g_a,dpu,1309.9,1331.84
4,183,g_a,dpu,1331.84,1346.73
4,183,g_a_cpu,cpu,1346.73,1347.41
4,183,h_a,dpu,1347.42,1365.93
4,183,eb_enc,cpu,1365.93,1366.12
4,183,eb_dec,cpu,1366.12,1366.23
4,183,h_s,dpu,1366.23,1373.8
4,183,gc,cpu,1373.8,1392.93
4,194,normalize,cpu,1393.41,1397.13
4,194,g_a_cpu,cpu,1397.14,1397.8
4,194,g_a,dpu,1397.81,1419.53
4,194,g_a,dpu,1419.53,1434.31
4,194,g_a_cpu,cpu,1434.31,1434.92
4,194,h_a,dpu,1434.92,1446.63
4,194,eb_enc,cpu,1446.63,1446.84
4,194,eb_dec,cpu,1446.84,1446.95
4,194,h_s,dpu,1446.95,1454.39
4,194,gc,cpu,1454.39,1474.64
4,206,normalize,cpu,1481.47,1485.21
4,206,g_a_cpu,cpu,1485.21,1485.97
4,206,g_a,dpu,1485.98,1493.69
4,206,g_a,dpu,1493.69,1505.11
4,206,g_a_cpu,cpu,1505.11,1505.61
4,206,h_a,dpu,1505.62,1518.01
4,206,eb_enc,cpu,1518.01,1518.24
4,206,eb_dec,cpu,1518.24,1518.4
4,206,h_s,dpu,1518.4,1544.32
4,206,gc,cpu,1544.32,1555.21
4,218,normalize,cpu,1555.78,1559.63
4,218,g_a_cpu,cpu,1559.64,1560.09
4,218,g_a,dpu,1560.09,1565.53
4,218,g_a,dpu,1565.53,1576.58
4,218,g_a_cpu,cpu,1576.58,1576.99
4,218,h_a,dpu,1576.99,1581.79
4,218,eb_enc,cpu,1581.79,1581.93
4,218,eb_dec,cpu,1581.93,1582.04
4,218,h_s,dpu,1582.04,1590.97
4,218,gc,cpu,1590.97,1601.12
4,228,normalize,cpu,1611.76,1615.43
4,228,g_a_cpu,cpu,1615.44,1615.89
4,228,g_a,dpu,1615.89,1628.09
4,228,g_a,dpu,1628.09,1636.39
4,228,g_a_cpu,cpu,1636.39,1637.04
4,228,h_a,dpu,1637.05,1639.09
4,228,eb_enc,cpu,1639.09,1639.22
4,228,eb_dec,cpu,1639.22,1639.33
4,228,h_s,dpu,1639.33,1640.58
4,228,gc,cpu,1640.58,1654.45
4,234,normalize,cpu,1655.06,1660.04
4,234,g_a_cpu,cpu,1660.04,1660.89
4,234,g_a,dpu,1660.89,1690.49
4,234,g_a,dpu,1690.5,1710.77
4,234,g_a_cpu,cpu,1710.78,1711.72
4,234,h_a,dpu,1711.73,1716.27
4,234,eb_enc,cpu,1716.28,1716.51
4,234,eb_dec,cpu,1716.51,1716.65
4,234,h_s,dpu,1716.65,1722.15
4,234,gc,cpu,1722.15,1756.08
4,248,normalize,cpu,1756.59,1760.35
4,248,g_a_cpu,cpu,1760.35,1760.84
4,248,g_a,dpu,1760.85,1775.37
4,248,g_a,dpu,1775.38,1785.15
4,248,g_a_cpu,cpu,1785.15,1785.62
4,248,h_a,dpu,1785.62,1798.1
4,248,eb_enc,cpu,1798.1,1798.24
4,248,eb_dec,cpu,1798.24,1798.39
4,248,h_s,dpu,1798.39,1809.22
4,248,gc,cpu,1809.22,1819.96
4,257,normalize,cpu,1820.56,1834.41
4,257,g_a_cpu,cpu,1834.42,1834.82
4,257,g_a,dpu,1834.83,1845.19
4,257,g_a,dpu,1845.19,1850.39
4,257,g_a_cpu,cpu,1850.39,1851.38
4,257,h_a,dpu,1851.38,1861.27
4,257,eb_enc,cpu,1861.27,1861.44
4,257,eb_dec,cpu,1861.44,1861.54
4,257,h_s,dpu,1861.54,1864.22
4,257,gc,cpu,1864.22,1874.49
4,267,normalize,cpu,1875.38,1888.73
4,267,g_a_cpu,cpu,1888.74,1889.57
4,267,g_a,dpu,1889.58,1965.74
4,267,g_a,dpu,1965.74,1979.46
4,267,g_a_cpu,cpu,1979.46,1980.3
4,267,h_a,dpu,1980.3,1987.56
4,267,eb_enc,cpu,1987.57,1987.71
4,267,eb_dec,cpu,1987.71,1987.82
4,267,h_s,dpu,1987.82,1989.62
4,267,gc,cpu,1989.62,2004.19
4,289,normalize,cpu,2014.61,2018.31
4,289,g_a_cpu,cpu,2018.31,2018.83
4,289,g_a,dpu,2018.84,2030.95
4,289,g_a,dpu,2030.95,2036.68
4,289,g_a_cpu,cpu,2036.69,2037.13
4,289,h_a,dpu,2037.14,2055.88
4,289,eb_enc,cpu,2055.89,2056.05
4,289,eb_dec,cpu,2056.07,2056.2
4,289,h_s,dpu,2056.2,2069.51
4,289,gc,cpu,2069.51,2098.76
4,301,normalize,cpu,2118.79,2122.49
4,301,g_a_cpu,cpu,2122.49,2122.89
4,301,g_a,dpu,2122.89,2128.97
4,301,g_a,dpu,2128.97,2143.36
4,301,g_a_cpu,cpu,2143.36,2144.04
4,301,h_a,dpu,2144.04,2155.11
4,301,eb_enc,cpu,2155.11,2155.3
4,301,eb_dec,cpu,2155.3,2155.41
4,301,h_s,dpu,2155.41,2163.95
4,301,gc,cpu,2163.95,2174.16
4,313,normalize,cpu,2177.7,2181.4
4,313,g_a_cpu,cpu,2181.41,2181.85
4,313,g_a,dpu,2181.85,2194.56
4,313,g_a,dpu,2194.56,2221.48
4,313,g_a_cpu,cpu,2221.48,2221.82
4,313,h_a,dpu,2221.82,2224.2
4,313,eb_enc,cpu,2224.2,2224.34
4,313,eb_dec,cpu,2224.34,2224.45
4,313,h_s,dpu,2224.45,2239.63
4,313,gc,cpu,2239.63,2253.9
4,326,normalize,cpu,2257.82,2261.6
4,326,g_a_cpu,cpu,2261.6,2262.09
4,326,g_a,dpu,2262.1,2296.92
4,326,g_a,dpu,2296.92,2302.19
4,326,g_a_cpu,cpu,2302.2,2302.76
4,326,h_a,dpu,2302.77,2304.75
4,326,eb_enc,cpu,2304.75,2304.95
4,326,eb_dec,cpu,2304.95,2305.07
4,326,h_s,dpu,2305.07,2315.32
4,326,gc,cpu,2315.32,2343.79
4,337,normalize,cpu,2356.52,2360.22
4,337,g_a_cpu,cpu,2360.22,2362.52
4,337,g_a,dpu,2362.53,2395
4,337,g_a,dpu,2395,2400.32
4,337,g_a_cpu,cpu,2400.32,2400.7
4,337,h_a,dpu,2400.7,2412.4
4,337,eb_enc,cpu,2412.4,2412.58
4,337,eb_dec,cpu,2412.58,2412.68
4,337,h_s,dpu,2412.68,2414.21
4,337,gc,cpu,2414.22,2434.87
4,353,normalize,cpu,2435.93,2439.66
4,353,g_a_cpu,cpu,2439.66,2440.01
4,353,g_a,dpu,2440.01,2445.48
4,353,g_a,dpu,2445.48,2457.4
4,353,g_a_cpu,cpu,2457.4,2458.72
4,353,h_a,dpu,2458.72,2471.81
4,353,eb_enc,cpu,2471.81,2471.95
4,353,eb_dec,cpu,2471.95,2472.06
4,353,h_s,dpu,2472.06,2473.25
4,353,gc,cpu,2473.25,2501.69
4,362,normalize,cpu,2503.54,2518.03
4,362,g_a_cpu,cpu,2518.04,2518.7
4,362,g_a,dpu,2518.7,2578.54
4,362,g_a,dpu,2578.55,2600.74
4,362,g_a_cpu,cpu,2600.74,2601.09
4,362,h_a,dpu,2601.09,2602.62
4,362,eb_enc,cpu,2602.62,2602.78
4,362,eb_dec,cpu,2602.78,2602.9
4,362,h_s,dpu,2602.9,2604.12
4,362,gc,cpu,2604.12,2625.95
4,381,normalize,cpu,2627.03,2631.62
4,381,g_a_cpu,cpu,2631.63,2632.14
4,381,g_a,dpu,2632.15,2651.03
4,381,g_a,dpu,2651.03,2678.2
4,381,g_a_cpu,cpu,2678.2,2678.64
4,381,h_a,dpu,2678.64,2684.58
4,381,eb_enc,cpu,2684.58,2684.71
4,381,eb_dec,cpu,2684.71,2684.81
4,381,h_s,dpu,2684.81,2686.3
4,381,gc,cpu,2686.3,2697.35
4,392,normalize,cpu,2698.86,2703.33
4,392,g_a_cpu,cpu,2703.34,2704.54
4,392,g_a,dpu,2704.54,2717.85
4,392,g_a,dpu,2717.85,2723.06
4,392,g_a_cpu,cpu,2723.06,2723.62
4,392,h_a,dpu,2723.63,2738.43
4,392,eb_enc,cpu,2738.43,2738.57
4,392,eb_dec,cpu,2738.57,2738.68
4,392,h_s,dpu,2738.68,2750.8
4,392,gc,cpu,2750.8,2762.42
4,400,normalize,cpu,2764.13,2769.42
4,400,g_a_cpu,cpu,2769.42,2770.38
4,400,g_a,dpu,2770.38,2799.8
4,400,g_a,dpu,2799.8,2811.54
4,400,g_a_cpu,cpu,2811.55,2812.39
4,400,h_a,dpu,2812.4,2815.27
4,400,eb_enc,cpu,2815.27,2815.43
4,400,eb_dec,cpu,2815.43,2815.54
4,400,h_s,dpu,2815.54,2816.78
4,400,gc,cpu,2816.78,2828.97
4,411,normalize,cpu,2830.37,2834.15
4,411,g_a_cpu,cpu,2834.16,2836.22
4,411,g_a,dpu,2836.22,2873.29
4,411,g_a,dpu,2873.3,2891.2
4,411,g_a_cpu,cpu,2891.21,2891.58
4,411,h_a,dpu,2891.58,2893.12
4,411,eb_enc,cpu,2893.12,2893.25
4,411,eb_dec,cpu,2893.25,2893.36
4,411,h_s,dpu,2893.36,2894.5
4,411,gc,cpu,2894.5,2904.95
4,424,normalize,cpu,2905.76,2910.1
4,424,g_a_cpu,cpu,2910.1,2910.89
4,424,g_a,dpu,2910.89,2934.1
4,424,g_a,dpu,2934.11,2961.15
4,424,g_a_cpu,cpu,2961.15,2961.73
4,424,h_a,dpu,2961.73,2977.79
4,424,eb_enc,cpu,2977.8,2977.96
4,424,eb_dec,cpu,2977.96,2978.07
4,424,h_s,dpu,2978.07,2980.47
4,424,gc,cpu,2980.47,2991.36
4,437,normalize,cpu,2992.5,2996.64
4,437,g_a_cpu,cpu,2996.65,2997.1
4,437,g_a,dpu,2997.11,3023.8
4,437,g_a,dpu,3023.81,3047.96
4,437,g_a_cpu,cpu,3047.96,3048.57
4,437,h_a,dpu,3048.57,3059.24
4,437,eb_enc,cpu,3059.24,3059.41
4,437,eb_dec,cpu,3059.42,3059.54
4,437,h_s,dpu,3059.54,3066.7
4,437,gc,cpu,3066.7,3077.13
4,450,normalize,cpu,3078.04,3084.65
4,450,g_a_cpu,cpu,3084.66,3085.16
4,450,g_a,dpu,3085.17,3091.85
4,450,g_a,dpu,3091.86,3103.45
4,450,g_a_cpu,cpu,3103.46,3103.93
4,450,h_a,dpu,3103.94,3110.63
4,450,eb_enc,cpu,3110.64,3110.88
4,450,eb_dec,cpu,3110.88,3111.02
4,450,h_s,dpu,3111.02,3127.97
4,450,gc,cpu,3127.97,3146.86
4,461,normalize,cpu,3147.77,3159.01
4,461,g_a_cpu,cpu,3159.01,3159.82
4,461,g_a,dpu,3159.83,3173.76
4,461,g_a,dpu,3173.77,3199.34
4,461,g_a_cpu,cpu,3199.35,3199.74
4,461,h_a,dpu,3199.74,3201.31
4,461,eb_enc,cpu,3201.31,3201.44
4,461,eb_dec,cpu,3201.44,3201.54
4,461,h_s,dpu,3201.54,3203.56
4,461,gc,cpu,3203.56,3214.34
4,468,normalize,cpu,3214.91,3218.72
4,468,g_a_cpu,cpu,3218.73,3219.39
4,468,g_a,dpu,3219.39,3229.41
4,468,g_a,dpu,3229.41,3242.38
4,468,g_a_cpu,cpu,3242.38,3243.32
4,468,h_a,dpu,3243.33,3278.58
4,468,eb_enc,cpu,3278.59,3278.77
4,468,eb_dec,cpu,3278.77,3278.89
4,468,h_s,dpu,3278.89,3298.52
4,468,gc,cpu,3298.52,3309.11
4,483,normalize,cpu,3309.78,3321.52
4,483,g_a_cpu,cpu,3321.52,3322.05
4,483,g_a,dpu,3322.05,3333.69
4,483,g_a,dpu,3333.7,3351.18
4,483,g_a_cpu,cpu,3351.18,3351.67
4,483,h_a,dpu,3351.67,3377.56
4,483,eb_enc,cpu,3377.56,3377.7
4,483,eb_dec,cpu,3377.7,3377.81
4,483,h_s,dpu,3377.81,3379.17
4,483,gc,cpu,3379.17,3394.87
4,496,normalize,cpu,3395.52,3399.78
4,496,g_a_cpu,cpu,3399.78,3400.1
4,496,g_a,dpu,3400.11,3405.44
4,496,g_a,dpu,3405.45,3415.66
4,496,g_a_cpu,cpu,3415.67,3423.87
4,496,h_a,dpu,3423.88,3458.5
4,496,eb_enc,cpu,3458.5,3458.78
4,496,eb_dec,cpu,3458.78,3458.91
4,496,h_s,dpu,3458.91,3466.34
4,496,gc,cpu,3466.34,3477.13
4,509,normalize,cpu,3477.68,3481.45
4,509,g_a_cpu,cpu,3481.45,3481.89
4,509,g_a,dpu,3481.9,3487.18
4,509,g_a,dpu,3487.18,3492.42
4,509,g_a_cpu,cpu,3492.42,3492.84
4,509,h_a,dpu,3492.84,3495.34
4,509,eb_enc,cpu,3495.34,3495.62
4,509,eb_dec,cpu,3495.62,3495.76
4,509,h_s,dpu,3495.76,3516.81
4,509,gc,cpu,3516.81,3536
4,517,normalize,cpu,3540.01,3553.78
4,517,g_a_cpu,cpu,3553.79,3554.33
4,517,g_a,dpu,3554.34,3589.91
4,517,g_a,dpu,3589.92,3595.5
4,517,g_a_cpu,cpu,3595.5,3596.52
4,517,h_a,dpu,3596.53,3610.71
4,517,eb_enc,cpu,3610.71,3610.84
4,517,eb_dec,cpu,3610.84,3610.95
4,517,h_s,dpu,3610.95,3612.54
4,517,gc,cpu,3612.54,3635.93
4,530,normalize,cpu,3636.49,3640.21
4,530,g_a_cpu,cpu,3640.22,3644.55
4,530,g_a,dpu,3644.56,3672.17
4,530,g_a,dpu,3672.17,3677.5
4,530,g_a_cpu,cpu,3677.5,3677.86
4,530,h_a,dpu,3677.87,3680.25
4,530,eb_enc,cpu,3680.25,3680.42
4,530,eb_dec,cpu,3680.42,3680.54
4,530,h_s,dpu,3680.54,3682.05
4,530,gc,cpu,3682.05,3693.72
4,541,normalize,cpu,3694.3,3701.13
4,541,g_a_cpu,cpu,3701.13,3701.73
4,541,g_a,dpu,3701.73,3757.89
4,541,g_a,dpu,3757.89,3770.04
4,541,g_a_cpu,cpu,3770.04,3770.76
4,541,h_a,dpu,3770.76,3779.06
4,541,eb_enc,cpu,3779.06,3779.22
4,541,eb_dec,cpu,3779.22,3779.34
4,541,h_s,dpu,3779.35,3795.17
4,541,gc,cpu,3795.17,3805.59
4,556,normalize,cpu,3808.63,3816.65
4,556,g_a_cpu,cpu,3816.66,3817.38
4,556,g_a,dpu,3817.38,3822.92
4,556,g_a,dpu,3822.92,3835.55
4,556,g_a_cpu,cpu,3835.55,3836.48
4,556,h_a,dpu,3836.48,3870.68
4,556,eb_enc,cpu,3870.68,3870.93
4,556,eb_dec,cpu,3870.93,3871.07
4,556,h_s,dpu,3871.07,3883.48
4,556,gc,cpu,3883.48,3894.13
4,570,normalize,cpu,3894.73,3900.38
4,570,g_a_cpu,cpu,3900.38,3900.85
4,570,g_a,dpu,3900.85,3909.19
4,570,g_a,dpu,3909.2,3920.27
4,570,g_a_cpu,cpu,3920.27,3921.07
4,570,h_a,dpu,3921.07,3954.81
4,570,eb_enc,cpu,3954.82,3954.95
4,570,eb_dec,cpu,3954.95,3955.07
4,570,h_s,dpu,3955.07,3967.84
4,570,gc,cpu,3967.84,3977.96
4,582,normalize,cpu,3978.45,3982.09
4,582,g_a_cpu,cpu,3982.09,3984.97
4,582,g_a,dpu,3984.98,3994.03
4,582,g_a,dpu,3994.04,4039.24
4,582,g_a_cpu,cpu,4039.24,4039.69
4,582,h_a,dpu,4039.69,4048.15
4,582,eb_enc,cpu,4048.15,4048.32
4,582,eb_dec,cpu,4048.32,4048.44
4,582,h_s,dpu,4048.44,4055.69
4,582,gc,cpu,4055.69,4066.27
4,595,normalize,cpu,4066.96,4071.91
4,595,g_a_cpu,cpu,4071.91,4072.29
4,595,g_a,dpu,4072.29,4111.26
4,595,g_a,dpu,4111.26,4129.01
4,595,g_a_cpu,cpu,4129.01,4129.4
4,595,h_a,dpu,4129.41,4138.42
4,595,eb_enc,cpu,4138.43,4138.62
4,595,eb_dec,cpu,4138.62,4138.76
4,595,h_s,dpu,4138.76,4144.61
4,595,gc,cpu,4144.61,4159.98
4,607,normalize,cpu,4160.7,4164.65
4,607,g_a_cpu,cpu,4164.66,4165.22
4,607,g_a,dpu,4165.22,4182.14
4,607,g_a,dpu,4182.17,4199.24
4,607,g_a_cpu,cpu,4199.24,4199.89
4,607,h_a,dpu,4199.9,4205.84
4,607,eb_enc,cpu,4205.84,4206
4,607,eb_dec,cpu,4206,4206.11
4,607,h_s,dpu,4206.11,4213.35
4,607,gc,cpu,4213.35,4226.9
4,619,normalize,cpu,4227.99,4231.71
4,619,g_a_cpu,cpu,4231.72,4232.35
4,619,g_a,dpu,4232.36,4255.03
4,619,g_a,dpu,4255.04,4265.57
4,619,g_a_cpu,cpu,4265.57,4266.4
4,619,h_a,dpu,4266.4,4282.42
4,619,eb_enc,cpu,4282.43,4282.55
4,619,eb_dec,cpu,4282.55,4282.66
4,619,h_s,dpu,4282.66,4283.77
4,619,gc,cpu,4283.77,4296.63
4,631,normalize,cpu,4297.39,4301.8
4,631,g_a_cpu,cpu,4301.81,4303.25
4,631,g_a,dpu,4303.25,4325.55
4,631,g_a,dpu,4325.55,4343.51
4,631,g_a_cpu,cpu,4343.51,4344.19
4,631,h_a,dpu,4344.19,4355.4
4,631,eb_enc,cpu,4355.4,4355.62
4,631,eb_dec,cpu,4355.62,4355.76
4,631,h_s,dpu,4355.76,4370.91
4,631,gc,cpu,4370.91,4381.77
4,640,normalize,cpu,4382.36,4386.1
4,640,g_a_cpu,cpu,4386.11,4386.78
4,640,g_a,dpu,4386.79,4399.06
4,640,g_a,dpu,4399.07,4407.36
4,640,g_a_cpu,cpu,4407.37,4408.27
4,640,h_a,dpu,4408.27,4424.47
4,640,eb_enc,cpu,4424.47,4424.6
4,640,eb_dec,cpu,4424.6,4424.71
4,640,h_s,dpu,4424.71,4426.36
4,640,gc,cpu,4426.36,4448.19
4,650,normalize,cpu,4448.73,4457.16
4,650,g_a_cpu,cpu,4457.16,4457.58
4,650,g_a,dpu,4457.58,4462.99
4,650,g_a,dpu,4462.99,4468.25
4,650,g_a_cpu,cpu,4468.26,4468.86
4,650,h_a,dpu,4468.86,4523.5
4,650,eb_enc,cpu,4523.5,4523.62
4,650,eb_dec,cpu,4523.62,4523.73
4,650,h_s,dpu,4523.73,4524.78
4,650,gc,cpu,4524.78,4535.29
4,663,normalize,cpu,4535.95,4540.68
4,663,g_a_cpu,cpu,4540.68,4541.25
4,663,g_a,dpu,4541.25,4573.86
4,663,g_a,dpu,4573.87,4591.31
4,663,g_a_cpu,cpu,4591.31,4591.72
4,663,h_a,dpu,4591.72,4605.8
4,663,eb_enc,cpu,4605.8,4605.99
4,663,eb_dec,cpu,4605.99,4606.11
4,663,h_s,dpu,4606.11,4617.16
4,663,gc,cpu,4617.16,4627.58
4,678,normalize,cpu,4628.11,4632.73
4,678,g_a_cpu,cpu,4632.73,4633.4
4,678,g_a,dpu,4633.41,4642.66
4,678,g_a,dpu,4642.67,4647.86
4,678,g_a_cpu,cpu,4647.86,4648.29
4,678,h_a,dpu,4648.29,4650.05
4,678,eb_enc,cpu,4650.05,4650.18
4,678,eb_dec,cpu,4650.18,4650.32
4,678,h_s,dpu,4650.32,4660.4
4,678,gc,cpu,4660.4,4701.91
4,690,normalize,cpu,4702.75,4707.46
4,690,g_a_cpu,cpu,4707.46,4708.07
4,690,g_a,dpu,4708.07,4734.56
4,690,g_a,dpu,4734.57,4764.91
4,690,g_a_cpu,cpu,4764.92,4765.6
4,690,h_a,dpu,4765.61,4794.36
4,690,eb_enc,cpu,4794.37,4794.55
4,690,eb_dec,cpu,4794.55,4794.71
4,690,h_s,dpu,4794.71,4802.64
4,690,gc,cpu,4802.64,4813.45
4,705,normalize,cpu,4816.38,4820.13
4,705,g_a_cpu,cpu,4820.14,4820.5
4,705,g_a,dpu,4820.51,4828.63
4,705,g_a,dpu,4828.63,4838.1
4,705,g_a_cpu,cpu,4838.1,4838.61
4,705,h_a,dpu,4838.62,4851.05
4,705,eb_enc,cpu,4851.05,4851.21
4,705,eb_dec,cpu,4851.21,4851.32
4,705,h_s,dpu,4851.32,4855.1
4,705,gc,cpu,4855.1,4866.92
4,715,normalize,cpu,4867.69,4873.46
4,715,g_a_cpu,cpu,4873.46,4873.92
4,715,g_a,dpu,4873.93,4879.27
4,715,g_a,dpu,4879.27,4915.53
4,715,g_a_cpu,cpu,4915.54,4916.2
4,715,h_a,dpu,4916.21,4921.86
4,715,eb_enc,cpu,4921.87,4922.07
4,715,eb_dec,cpu,4922.07,4922.21
4,715,h_s,dpu,4922.21,4933.67
4,715,gc,cpu,4933.67,4944.09
4,726,normalize,cpu,4944.79,4948.49
4,726,g_a_cpu,cpu,4948.49,4949.28
4,726,g_a,dpu,4949.29,4960.91
4,726,g_a,dpu,4960.91,4978.48
4,726,g_a_cpu,cpu,4978.49,4979.14
4,726,h_a,dpu,4979.14,4993.42
4,726,eb_enc,cpu,4993.42,4993.61
4,726,eb_dec,cpu,4993.61,4993.72
4,726,h_s,dpu,4993.72,5005.14
4,726,gc,cpu,5005.14,5015.8
4,737,normalize,cpu,5016.54,5021.48
4,737,g_a_cpu,cpu,5021.48,5021.99
4,737,g_a,dpu,5022,5042.45
4,737,g_a,dpu,5042.45,5102.12
4,737,g_a_cpu,cpu,5102.12,5102.67
4,737,h_a,dpu,5102.68,5104.34
4,737,eb_enc,cpu,5104.34,5104.52
4,737,eb_dec,cpu,5104.52,5104.64
4,737,h_s,dpu,5104.64,5117.71
4,737,gc,cpu,5117.71,5128.19
4,754,normalize,cpu,5129.04,5132.87
4,754,g_a_cpu,cpu,5132.88,5133.32
4,754,g_a,dpu,5133.33,5166.91
4,754,g_a,dpu,5166.92,5182.57
4,754,g_a_cpu,cpu,5182.58,5183.01
4,754,h_a,dpu,5183.01,5200.65
4,754,eb_enc,cpu,5200.65,5200.79
4,754,eb_dec,cpu,5200.79,5200.89
4,754,h_s,dpu,5200.89,5211.28
4,754,gc,cpu,5211.28,5221.71
4,765,normalize,cpu,5222.21,5226
4,765,g_a_cpu,cpu,5226.01,5226.55
4,765,g_a,dpu,5226.56,5238.46
4,765,g_a,dpu,5238.46,5250.18
4,765,g_a_cpu,cpu,5250.18,5250.56
4,765,h_a,dpu,5250.57,5253.13
4,765,eb_enc,cpu,5253.13,5253.31
4,765,eb_dec,cpu,5253.31,5253.42
4,765,h_s,dpu,5253.42,5254.8
4,765,gc,cpu,5254.8,5271.66
4,775,normalize,cpu,5273.54,5282.52
4,775,g_a_cpu,cpu,5282.53,5283.04
4,775,g_a,dpu,5283.04,5298.04
4,775,g_a,dpu,5298.04,5314.85
4,775,g_a_cpu,cpu,5314.85,5315.32
4,775,h_a,dpu,5315.33,5316.88
4,775,eb_enc,cpu,5316.88,5317.01
4,775,eb_dec,cpu,5317.01,5317.12
4,775,h_s,dpu,5317.12,5330.56
4,775,gc,cpu,5330.56,5341.18
4,786,normalize,cpu,5342.14,5345.79
4,786,g_a_cpu,cpu,5345.8,5346.21
4,786,g_a,dpu,5346.21,5364.59
4,786,g_a,dpu,5364.59,5392.8
4,786,g_a_cpu,cpu,5392.81,5393.42
4,786,h_a,dpu,5393.42,5395.36
4,786,eb_enc,cpu,5395.36,5395.5
4,786,eb_dec,cpu,5395.5,5395.61
4,786,h_s,dpu,5395.61,5396.92
4,786,gc,cpu,5396.92,5410.48
4,797,normalize,cpu,5411.54,5432.98
4,797,g_a_cpu,cpu,5432.99,5433.85
4,797,g_a,dpu,5433.85,5439.22
4,797,g_a,dpu,5439.22,5456.31
4,797,g_a_cpu,cpu,5456.31,5456.93
4,797,h_a,dpu,5456.93,5498.78
4,797,eb_enc,cpu,5498.78,5498.92
4,797,eb_dec,cpu,5498.92,5499.02
4,797,h_s,dpu,5499.02,5500.49
4,797,gc,cpu,5500.49,5518.45
4,813,normalize,cpu,5519.13,5533.77
4,813,g_a_cpu,cpu,5533.77,5534.2
4,813,g_a,dpu,5534.2,5571.63
4,813,g_a,dpu,5571.63,5577
4,813,g_a_cpu,cpu,5577,5577.38
4,813,h_a,dpu,5577.38,5578.99
4,813,eb_enc,cpu,5578.99,5579.12
4,813,eb_dec,cpu,5579.12,5579.23
4,813,h_s,dpu,5579.23,5580.3
4,813,gc,cpu,5580.3,5591.34
4,824,normalize,cpu,5593.47,5597.32
4,824,g_a_cpu,cpu,5597.32,5597.77
4,824,g_a,dpu,5597.77,5615.06
4,824,g_a,dpu,5615.06,5620.49
4,824,g_a_cpu,cpu,5620.49,5621.08
4,824,h_a,dpu,5621.09,5623.37
4,824,eb_enc,cpu,5623.37,5623.49
4,824,eb_dec,cpu,5623.49,5623.6
4,824,h_s,dpu,5623.6,5624.8
4,824,gc,cpu,5624.81,5636.68
4,832,normalize,cpu,5637.54,5641.84
4,832,g_a_cpu,cpu,5641.85,5642.28
4,832,g_a,dpu,5642.29,5647.74
4,832,g_a,dpu,5647.74,5664.79
4,832,g_a_cpu,cpu,5664.8,5665.53
4,832,h_a,dpu,5665.53,5684.98
4,832,eb_enc,cpu,5684.98,5685.18
4,832,eb_dec,cpu,5685.18,5685.31
4,832,h_s,dpu,5685.31,5686.75
4,832,gc,cpu,5686.75,5700.05
4,841,normalize,cpu,5700.57,5704.39
4,841,g_a_cpu,cpu,5704.4,5704.76
4,841,g_a,dpu,5704.76,5716.16
4,841,g_a,dpu,5716.16,5732.12
4,841,g_a_cpu,cpu,5732.12,5732.5
4,841,h_a,dpu,5732.5,5746.43
4,841,eb_enc,cpu,5746.43,5746.61
4,841,eb_dec,cpu,5746.61,5746.74
4,841,h_s,dpu,5746.74,5750.85
4,841,gc,cpu,5750.85,5761.42
4,849,normalize,cpu,5761.95,5765.78
4,849,g_a_cpu,cpu,5765.79,5766.51
4,849,g_a,dpu,5766.51,5783.19
4,849,g_a,dpu,5783.19,5794.52
4,849,g_a_cpu,cpu,5794.52,5795.02
4,849,h_a,dpu,5795.02,5809.96
4,849,eb_enc,cpu,5809.96,5810.09
4,849,eb_dec,cpu,5810.09,5810.2
4,849,h_s,dpu,5810.2,5811.98
4,849,gc,cpu,5811.98,5822.4
4,857,normalize,cpu,5823.2,5837.74
4,857,g_a_cpu,cpu,5837.74,5838.07
4,857,g_a,dpu,5838.07,5858.11
4,857,g_a,dpu,5858.12,5877.51
4,857,g_a_cpu,cpu,5877.52,5878.23
4,857,h_a,dpu,5878.24,5894.45
4,857,eb_enc,cpu,5894.45,5894.6
4,857,eb_dec,cpu,5894.6,5894.71
4,857,h_s,dpu,5894.71,5906.79
4,857,gc,cpu,5906.8,5923.49
4,875,normalize,cpu,5926.25,5929.95
4,875,g_a_cpu,cpu,5929.95,5930.49
4,875,g_a,dpu,5930.49,5948.54
4,875,g_a,dpu,5948.54,5972.75
4,875,g_a_cpu,cpu,5972.75,5973.6
4,875,h_a,dpu,5973.6,5975.48
4,875,eb_enc,cpu,5975.48,5975.61
4,875,eb_dec,cpu,5975.61,5976.32
4,875,h_s,dpu,5976.32,5987.12
4,875,gc,cpu,5987.13,6001.06
4,888,normalize,cpu,6002.79,6006.49
4,888,g_a_cpu,cpu,6006.49,6008.12
4,888,g_a,dpu,6008.13,6025.97
4,888,g_a,dpu,6025.98,6066.78
4,888,g_a_cpu,cpu,6066.78,6067.29
4,888,h_a,dpu,6067.3,6070.85
4,888,eb_enc,cpu,6070.85,6070.98
4,888,eb_dec,cpu,6070.98,6071.09
4,888,h_s,dpu,6071.09,6072.53
4,888,gc,cpu,6072.53,6082.42
4,901,normalize,cpu,6082.96,6086.83
4,901,g_a_cpu,cpu,6086.84,6087.22
4,901,g_a,dpu,6087.22,6102.62
4,901,g_a,dpu,6102.62,6132
4,901,g_a_cpu,cpu,6132.01,6132.58
4,901,h_a,dpu,6132.59,6141.36
4,901,eb_enc,cpu,6141.36,6141.53
4,901,eb_dec,cpu,6141.53,6141.64
4,901,h_s,dpu,6141.64,6148.76
4,901,gc,cpu,6148.76,6166
4,910,normalize,cpu,6166.76,6173.17
4,910,g_a_cpu,cpu,6173.17,6173.53
4,910,g_a,dpu,6173.53,6198.48
4,910,g_a,dpu,6198.48,6213.07
4,910,g_a_cpu,cpu,6213.07,6213.69
4,910,h_a,dpu,6213.7,6229.18
4,910,eb_enc,cpu,6229.19,6229.4
4,910,eb_dec,cpu,6229.4,6229.53
4,910,h_s,dpu,6229.53,6233.87
4,910,gc,cpu,6233.88,6244.96
4,924,normalize,cpu,6245.59,6249.52
4,924,g_a_cpu,cpu,6249.52,6250.16
4,924,g_a,dpu,6250.17,6264.48
4,924,g_a,dpu,6264.49,6286.44
4,924,g_a_cpu,cpu,6286.44,6286.95
4,924,h_a,dpu,6286.95,6288.5
4,924,eb_enc,cpu,6288.5,6288.62
4,924,eb_dec,cpu,6288.62,6288.73
4,924,h_s,dpu,6288.73,6289.73
4,924,gc,cpu,6289.73,6302.67
5,6,normalize,cpu,74.8786,78.6412
5,6,g_a_cpu,cpu,84.6401,85.1565
5,6,g_a,dpu,85.1625,96.4885
5,6,g_a,dpu,96.4909,101.905
5,6,g_a_cpu,cpu,101.908,102.527
5,6,h_a,dpu,102.534,145.936
5,6,eb_enc,cpu,145.938,146.084
5,6,eb_dec,cpu,146.085,146.199
5,6,h_s,dpu,146.199,153.304
5,6,gc,cpu,153.312,199.493
5,21,normalize,cpu,200.03,215.288
5,21,g_a_cpu,cpu,215.293,215.731
5,21,g_a,dpu,215.738,286.509
5,21,g_a,dpu,286.512,306.598
5,21,g_a_cpu,cpu,306.602,307.053
5,21,h_a,dpu,307.056,329.099
5,21,eb_enc,cpu,329.1,329.235
5,21,eb_dec,cpu,329.238,329.354
5,21,h_s,dpu,329.355,342.597
5,21,gc,cpu,342.598,355.159
5,44,normalize,cpu,356.692,360.43
5,44,g_a_cpu,cpu,360.434,362.136
5,44,g_a,dpu,362.141,398.504
5,44,g_a,dpu,398.506,417.228
5,44,g_a_cpu,cpu,417.231,417.878
5,44,h_a,dpu,417.881,432.67
5,44,eb_enc,cpu,432.671,432.817
5,44,eb_dec,cpu,432.818,432.93
5,44,h_s,dpu,432.93,434.837
5,44,gc,cpu,434.838,445.176
5,57,normalize,cpu,445.671,449.561
5,57,g_a_cpu,cpu,449.565,449.93
5,57,g_a,dpu,449.933,488.911
5,57,g_a,dpu,488.916,505.166
5,57,g_a_cpu,cpu,505.174,506.054
5,57,h_a,dpu,506.06,525.786
5,57,eb_enc,cpu,525.791,525.951
5,57,eb_dec,cpu,525.952,526.073
5,57,h_s,dpu,526.074,528.727
5,57,gc,cpu,528.73,539.762
5,69,normalize,cpu,540.317,544.08
5,69,g_a_cpu,cpu,544.085,544.509
5,69,g_a,dpu,544.514,571.487
5,69,g_a,dpu,571.489,576.893
5,69,g_a_cpu,cpu,576.896,577.357
5,69,h_a,dpu,577.362,584.764
5,69,eb_enc,cpu,584.765,584.937
5,69,eb_dec,cpu,584.937,585.071
5,69,h_s,dpu,585.071,591.518
5,69,gc,cpu,591.52,602.061
5,79,normalize,cpu,602.965,608.043
5,79,g_a_cpu,cpu,608.051,608.637
5,79,g_a,dpu,608.641,634.576
5,79,g_a,dpu,634.58,652.03
5,79,g_a_cpu,cpu,652.031,652.438
5,79,h_a,dpu,652.44,669.211
5,79,eb_enc,cpu,669.212,669.343
5,79,eb_dec,cpu,669.343,669.449
5,79,h_s,dpu,669.449,694.572
5,79,gc,cpu,694.574,706.158
5,94,normalize,cpu,706.709,710.459
5,94,g_a_cpu,cpu,710.469,711.21
5,94,g_a,dpu,711.217,726.439
5,94,g_a,dpu,726.441,750.434
5,94,g_a_cpu,cpu,750.436,750.917
5,94,h_a,dpu,750.929,767.379
5,94,eb_enc,cpu,767.38,767.651
5,94,eb_dec,cpu,767.651,767.811
5,94,h_s,dpu,767.811,781.331
5,94,gc,cpu,781.332,791.813
5,106,normalize,cpu,792.295,796.089
5,106,g_a_cpu,cpu,796.094,796.564
5,106,g_a,dpu,796.568,810.096
5,106,g_a,dpu,810.097,821.256
5,106,g_a_cpu,cpu,821.259,821.68
5,106,h_a,dpu,821.682,825.683
5,106,eb_enc,cpu,825.684,825.83
5,106,eb_dec,cpu,825.831,825.961
5,106,h_s,dpu,825.961,869.369
5,106,gc,cpu,869.37,881.97
5,121,normalize,cpu,882.923,891.619
5,121,g_a_cpu,cpu,891.626,892.633
5,121,g_a,dpu,892.64,935.937
5,121,g_a,dpu,935.941,953.68
5,121,g_a_cpu,cpu,953.69,954.171
5,121,h_a,dpu,954.173,972.321
5,121,eb_enc,cpu,972.322,972.49
5,121,eb_dec,cpu,972.491,972.618
5,121,h_s,dpu,972.619,992.287
5,121,gc,cpu,992.288,1002.68
5,137,normalize,cpu,1003.47,1007.14
5,137,g_a_cpu,cpu,1007.15,1007.67
5,137,g_a,dpu,1007.67,1044.6
5,137,g_a,dpu,1044.6,1050.64
5,137,g_a_cpu,cpu,1050.64,1051.06
5,137,h_a,dpu,1051.06,1117.77
5,137,eb_enc,cpu,1117.77,1118.02
5,137,eb_dec,cpu,1118.02,1118.17
5,137,h_s,dpu,1118.17,1134.94
5,137,gc,cpu,1134.94,1147.24
5,158,normalize,cpu,1150.66,1160.33
5,158,g_a_cpu,cpu,1160.34,1161.06
5,158,g_a,dpu,1161.07,1177.27
5,158,g_a,dpu,1177.27,1186.93
5,158,g_a_cpu,cpu,1186.93,1187.42
5,158,h_a,dpu,1187.42,1209.03
5,158,eb_enc,cpu,1209.03,1209.19
5,158,eb_dec,cpu,1209.2,1209.32
5,158,h_s,dpu,1209.32,1217.61
5,158,gc,cpu,1217.61,1227.66
5,173,normalize,cpu,1229.69,1233.58
5,173,g_a_cpu,cpu,1233.59,1234.18
5,173,g_a,dpu,1234.18,1260.85
5,173,g_a,dpu,1260.85,1266.73
5,173,g_a_cpu,cpu,1266.74,1267.3
5,173,h_a,dpu,1267.3,1273.46
5,173,eb_enc,cpu,1273.46,1273.6
5,173,eb_dec,cpu,1273.6,1273.7
5,173,h_s,dpu,1273.7,1274.88
5,173,gc,cpu,1274.88,1285.97
5,180,normalize,cpu,1286.71,1290.58
5,180,g_a_cpu,cpu,1290.59,1291.07
5,180,g_a,dpu,1291.08,1321.29
5,180,g_a,dpu,1321.29,1327.55
5,180,g_a_cpu,cpu,1327.56,1328.05
5,180,h_a,dpu,1328.06,1357.15
5,180,eb_enc,cpu,1357.15,1357.31
5,180,eb_dec,cpu,1357.31,1357.43
5,180,h_s,dpu,1357.43,1407.24
5,180,gc,cpu,1407.25,1417.8
5,200,normalize,cpu,1418.8,1423.5
5,200,g_a_cpu,cpu,1423.5,1423.91
5,200,g_a,dpu,1423.92,1445.89
5,200,g_a,dpu,1445.89,1487.7
5,200,g_a_cpu,cpu,1487.7,1488.4
5,200,h_a,dpu,1488.4,1500.84
5,200,eb_enc,cpu,1500.84,1500.97
5,200,eb_dec,cpu,1500.97,1501.08
5,200,h_s,dpu,1501.08,1502.34
5,200,gc,cpu,1502.34,1512.58
5,214,normalize,cpu,1513.37,1517.78
5,214,g_a_cpu,cpu,1517.79,1518.39
5,214,g_a,dpu,1518.4,1523.76
5,214,g_a,dpu,1523.76,1529.8
5,214,g_a_cpu,cpu,1529.8,1530.37
5,214,h_a,dpu,1530.37,1565.77
5,214,eb_enc,cpu,1565.77,1565.93
5,214,eb_dec,cpu,1565.93,1566.06
5,214,h_s,dpu,1566.06,1573.98
5,214,gc,cpu,1573.98,1584.19
5,224,normalize,cpu,1585.14,1589.3
5,224,g_a_cpu,cpu,1589.31,1589.7
5,224,g_a,dpu,1589.7,1606.58
5,224,g_a,dpu,1606.59,1646.52
5,224,g_a_cpu,cpu,1646.52,1647.09
5,224,h_a,dpu,1647.1,1679.63
5,224,eb_enc,cpu,1679.63,1679.77
5,224,eb_dec,cpu,1679.77,1679.89
5,224,h_s,dpu,1679.89,1693.28
5,224,gc,cpu,1693.28,1718.52
5,242,normalize,cpu,1719.32,1744.28
5,242,g_a_cpu,cpu,1744.28,1744.72
5,242,g_a,dpu,1744.72,1779.7
5,242,g_a,dpu,1779.7,1785.8
5,242,g_a_cpu,cpu,1785.8,1786.51
5,242,h_a,dpu,1786.51,1810.43
5,242,eb_enc,cpu,1810.44,1810.61
5,242,eb_dec,cpu,1810.61,1810.72
5,242,h_s,dpu,1810.73,1824.53
5,242,gc,cpu,1824.53,1835.74
5,259,normalize,cpu,1836.24,1850.64
5,259,g_a_cpu,cpu,1850.65,1851.6
5,259,g_a,dpu,1851.6,1867.89
5,259,g_a,dpu,1867.9,1874.17
5,259,g_a_cpu,cpu,1874.17,1874.72
5,259,h_a,dpu,1874.72,1892.23
5,259,eb_enc,cpu,1892.23,1892.48
5,259,eb_dec,cpu,1892.48,1892.63
5,259,h_s,dpu,1892.63,1901.99
5,259,gc,cpu,1901.99,1930.36
5,276,normalize,cpu,1931.19,1942.93
5,276,g_a_cpu,cpu,1942.93,1943.73
5,276,g_a,dpu,1943.73,1950.6
5,276,g_a,dpu,1950.6,1961.81
5,276,g_a_cpu,cpu,1961.81,1962.44
5,276,h_a,dpu,1962.44,1978.39
5,276,eb_enc,cpu,1978.39,1978.52
5,276,eb_dec,cpu,1978.52,1978.63
5,276,h_s,dpu,1978.63,1981.09
5,276,gc,cpu,1981.09,2001.83
5,287,normalize,cpu,2002.63,2023.61
5,287,g_a_cpu,cpu,2023.61,2024.22
5,287,g_a,dpu,2024.23,2038.48
5,287,g_a,dpu,2038.49,2068.32
5,287,g_a_cpu,cpu,2068.32,2068.81
5,287,h_a,dpu,2068.81,2090.29
5,287,eb_enc,cpu,2090.29,2090.47
5,287,eb_dec,cpu,2090.47,2090.61
5,287,h_s,dpu,2090.61,2099.74
5,287,gc,cpu,2099.74,2110.08
5,305,normalize,cpu,2124.3,2127.95
5,305,g_a_cpu,cpu,2127.96,2128.63
5,305,g_a,dpu,2128.64,2159.06
5,305,g_a,dpu,2159.07,2176.9
5,305,g_a_cpu,cpu,2176.91,2177.33
5,305,h_a,dpu,2177.33,2181.02
5,305,eb_enc,cpu,2181.02,2181.16
5,305,eb_dec,cpu,2181.16,2181.28
5,305,h_s,dpu,2181.28,2193.5
5,305,gc,cpu,2193.5,2203.78
5,315,normalize,cpu,2204.68,2208.45
5,315,g_a_cpu,cpu,2208.45,2208.85
5,315,g_a,dpu,2208.86,2233.68
5,315,g_a,dpu,2233.68,2248.76
5,315,g_a_cpu,cpu,2248.76,2249.15
5,315,h_a,dpu,2249.15,2252.72
5,315,eb_enc,cpu,2252.72,2252.91
5,315,eb_dec,cpu,2252.91,2253.03
5,315,h_s,dpu,2253.03,2281.06
5,315,gc,cpu,2281.07,2291.95
5,331,normalize,cpu,2292.54,2296.24
5,331,g_a_cpu,cpu,2296.24,2296.61
5,331,g_a,dpu,2296.61,2302.37
5,331,g_a,dpu,2302.37,2308.04
5,331,g_a_cpu,cpu,2308.05,2308.57
5,331,h_a,dpu,2308.57,2312.88
5,331,eb_enc,cpu,2312.88,2313.15
5,331,eb_dec,cpu,2313.15,2313.31
5,331,h_s,dpu,2313.32,2337.74
5,331,gc,cpu,2337.74,2353.72
5,341,normalize,cpu,2354.41,2359.42
5,341,g_a_cpu,cpu,2359.43,2359.89
5,341,g_a,dpu,2359.9,2370.73
5,341,g_a,dpu,2370.73,2394.52
5,341,g_a_cpu,cpu,2394.52,2395.14
5,341,h_a,dpu,2395.15,2416.18
5,341,eb_enc,cpu,2416.18,2416.31
5,341,eb_dec,cpu,2416.31,2416.42
5,341,h_s,dpu,2416.42,2418.9
5,341,gc,cpu,2418.9,2429.55
5,351,normalize,cpu,2431.24,2434.93
5,351,g_a_cpu,cpu,2434.93,2436.96
5,351,g_a,dpu,2436.96,2452.02
5,351,g_a,dpu,2452.02,2470.47
5,351,g_a_cpu,cpu,2470.48,2471.04
5,351,h_a,dpu,2471.05,2474.72
5,351,eb_enc,cpu,2474.72,2474.85
5,351,eb_dec,cpu,2474.85,2474.96
5,351,h_s,dpu,2474.97,2476.28
5,351,gc,cpu,2476.28,2487.01
5,359,normalize,cpu,2490.16,2506.87
5,359,g_a_cpu,cpu,2506.88,2507.53
5,359,g_a,dpu,2507.53,2534.53
5,359,g_a,dpu,2534.53,2540.11
5,359,g_a_cpu,cpu,2540.11,2540.65
5,359,h_a,dpu,2540.66,2562.35
5,359,eb_enc,cpu,2562.36,2562.5
5,359,eb_dec,cpu,2562.51,2562.62
5,359,h_s,dpu,2562.62,2564.38
5,359,gc,cpu,2564.39,2575.76
5,372,normalize,cpu,2576.55,2593.25
5,372,g_a_cpu,cpu,2593.25,2593.62
5,372,g_a,dpu,2593.62,2602.82
5,372,g_a,dpu,2602.82,2608.23
5,372,g_a_cpu,cpu,2608.23,2608.6
5,372,h_a,dpu,2608.61,2611.83
5,372,eb_enc,cpu,2611.83,2611.96
5,372,eb_dec,cpu,2611.96,2612.07
5,372,h_s,dpu,2612.07,2613.76
5,372,gc,cpu,2613.77,2628.46
5,383,normalize,cpu,2629.98,2633.76
5,383,g_a_cpu,cpu,2633.76,2634.15
5,383,g_a,dpu,2634.16,2679.34
5,383,g_a,dpu,2679.35,2685.7
5,383,g_a_cpu,cpu,2685.71,2686.29
5,383,h_a,dpu,2686.29,2717.76
5,383,eb_enc,cpu,2717.77,2717.92
5,383,eb_dec,cpu,2717.93,2718.04
5,383,h_s,dpu,2718.05,2719.39
5,383,gc,cpu,2719.39,2729.49
5,396,normalize,cpu,2730.4,2734.62
5,396,g_a_cpu,cpu,2734.62,2735.11
5,396,g_a,dpu,2735.11,2761.86
5,396,g_a,dpu,2761.86,2768.42
5,396,g_a_cpu,cpu,2768.42,2769.03
5,396,h_a,dpu,2769.04,2778.45
5,396,eb_enc,cpu,2778.45,2778.59
5,396,eb_dec,cpu,2778.6,2778.71
5,396,h_s,dpu,2778.71,2780.37
5,396,gc,cpu,2780.37,2804
5,408,normalize,cpu,2810.13,2814.51
5,408,g_a_cpu,cpu,2814.52,2818.41
5,408,g_a,dpu,2818.41,2833.61
5,408,g_a,dpu,2833.61,2845.09
5,408,g_a_cpu,cpu,2845.1,2845.52
5,408,h_a,dpu,2845.53,2852.58
5,408,eb_enc,cpu,2852.58,2852.71
5,408,eb_dec,cpu,2852.71,2852.82
5,408,h_s,dpu,2852.82,2855.26
5,408,gc,cpu,2855.27,2866.65
5,418,normalize,cpu,2867.15,2873.4
5,418,g_a_cpu,cpu,2873.41,2873.98
5,418,g_a,dpu,2873.98,2892.96
5,418,g_a,dpu,2892.96,2898.51
5,418,g_a_cpu,cpu,2898.51,2899.06
5,418,h_a,dpu,2899.07,2917.54
5,418,eb_enc,cpu,2917.54,2917.67
5,418,eb_dec,cpu,2917.67,2917.78
5,418,h_s,dpu,2917.78,2928.63
5,418,gc,cpu,2928.63,2946.21
5,429,normalize,cpu,2946.85,2953.76
5,429,g_a_cpu,cpu,2953.77,2954.18
5,429,g_a,dpu,2954.18,2998.3
5,429,g_a,dpu,2998.3,3017.73
5,429,g_a_cpu,cpu,3017.74,3018.18
5,429,h_a,dpu,3018.18,3022.3
5,429,eb_enc,cpu,3022.3,3022.48
5,429,eb_dec,cpu,3022.48,3022.6
5,429,h_s,dpu,3022.6,3024.94
5,429,gc,cpu,3024.94,3044.65
5,444,normalize,cpu,3045.34,3053.85
5,444,g_a_cpu,cpu,3053.85,3054.23
5,444,g_a,dpu,3054.23,3076.36
5,444,g_a,dpu,3076.36,3102.16
5,444,g_a_cpu,cpu,3102.17,3102.67
5,444,h_a,dpu,3102.67,3120.96
5,444,eb_enc,cpu,3120.96,3121.1
5,444,eb_dec,cpu,3121.1,3121.21
5,444,h_s,dpu,3121.21,3134.12
5,444,gc,cpu,3134.12,3152.19
5,463,normalize,cpu,3152.95,3156.66
5,463,g_a_cpu,cpu,3156.66,3157.23
5,463,g_a,dpu,3157.23,3163.48
5,463,g_a,dpu,3163.48,3202.44
5,463,g_a_cpu,cpu,3202.45,3202.84
5,463,h_a,dpu,3202.84,3206.29
5,463,eb_enc,cpu,3206.29,3206.49
5,463,eb_dec,cpu,3206.49,3206.62
5,463,h_s,dpu,3206.62,3244.06
5,463,gc,cpu,3244.06,3255.2
5,474,normalize,cpu,3256.11,3261.4
5,474,g_a_cpu,cpu,3261.41,3261.89
5,474,g_a,dpu,3261.89,3279.23
5,474,g_a,dpu,3279.24,3296.35
5,474,g_a_cpu,cpu,3296.36,3296.78
5,474,h_a,dpu,3296.78,3310.52
5,474,eb_enc,cpu,3310.52,3310.65
5,474,eb_dec,cpu,3310.65,3310.76
5,474,h_s,dpu,3310.76,3312.23
5,474,gc,cpu,3312.23,3324.09
5,487,normalize,cpu,3325.08,3328.77
5,487,g_a_cpu,cpu,3328.77,3329.33
5,487,g_a,dpu,3329.33,3342.37
5,487,g_a,dpu,3342.37,3378.88
5,487,g_a_cpu,cpu,3378.88,3379.44
5,487,h_a,dpu,3379.44,3386.38
5,487,eb_enc,cpu,3386.39,3386.66
5,487,eb_dec,cpu,3386.66,3386.82
5,487,h_s,dpu,3386.82,3397.44
5,487,gc,cpu,3397.44,3411.49
5,499,normalize,cpu,3412.11,3415.8
5,499,g_a_cpu,cpu,3415.82,3416.7
5,499,g_a,dpu,3416.7,3431.64
5,499,g_a,dpu,3431.65,3441.17
5,499,g_a_cpu,cpu,3441.17,3441.57
5,499,h_a,dpu,3441.57,3466.77
5,499,eb_enc,cpu,3466.77,3466.9
5,499,eb_dec,cpu,3466.9,3467.01
5,499,h_s,dpu,3467.01,3468.23
5,499,gc,cpu,3468.24,3490.44
5,511,normalize,cpu,3491.17,3495.04
5,511,g_a_cpu,cpu,3495.04,3495.43
5,511,g_a,dpu,3495.44,3510.13
5,511,g_a,dpu,3510.13,3538.89
5,511,g_a_cpu,cpu,3538.9,3539.64
5,511,h_a,dpu,3539.65,3565.76
5,511,eb_enc,cpu,3565.77,3566
5,511,eb_dec,cpu,3566,3566.16
5,511,h_s,dpu,3566.16,3598.2
5,511,gc,cpu,3598.2,3609.31
5,526,normalize,cpu,3610.54,3632.72
5,526,g_a_cpu,cpu,3632.72,3633.13
5,526,g_a,dpu,3633.14,3640.6
5,526,g_a,dpu,3640.6,3646.74
5,526,g_a_cpu,cpu,3646.74,3647.3
5,526,h_a,dpu,3647.3,3658.19
5,526,eb_enc,cpu,3658.19,3658.37
5,526,eb_dec,cpu,3658.37,3658.5
5,526,h_s,dpu,3658.5,3662.59
5,526,gc,cpu,3662.59,3676.61
5,537,normalize,cpu,3677.21,3681.79
5,537,g_a_cpu,cpu,3681.79,3682.49
5,537,g_a,dpu,3682.49,3698
5,537,g_a,dpu,3698,3713.69
5,537,g_a_cpu,cpu,3713.69,3714.17
5,537,h_a,dpu,3714.17,3741.9
5,537,eb_enc,cpu,3741.9,3742.07
5,537,eb_dec,cpu,3742.07,3742.19
5,537,h_s,dpu,3742.19,3761.16
5,537,gc,cpu,3761.16,3773.19
5,551,normalize,cpu,3774.07,3781.18
5,551,g_a_cpu,cpu,3781.19,3781.85
5,551,g_a,dpu,3781.85,3797.27
5,551,g_a,dpu,3797.27,3816.62
5,551,g_a_cpu,cpu,3816.63,3817.34
5,551,h_a,dpu,3817.34,3826.52
5,551,eb_enc,cpu,3826.52,3826.76
5,551,eb_dec,cpu,3826.76,3826.89
5,551,h_s,dpu,3826.89,3844.56
5,551,gc,cpu,3844.56,3862.91
5,566,normalize,cpu,3863.63,3870.49
5,566,g_a_cpu,cpu,3870.49,3871.12
5,566,g_a,dpu,3871.12,3882.33
5,566,g_a,dpu,3882.33,3904.51
5,566,g_a_cpu,cpu,3904.51,3905.2
5,566,h_a,dpu,3905.21,3914.32
5,566,eb_enc,cpu,3914.32,3914.46
5,566,eb_dec,cpu,3914.46,3914.57
5,566,h_s,dpu,3914.57,3924.24
5,566,gc,cpu,3924.24,3946.01
5,579,normalize,cpu,3954.43,3958.21
5,579,g_a_cpu,cpu,3958.21,3958.99
5,579,g_a,dpu,3959,4002.32
5,579,g_a,dpu,4002.33,4019.82
5,579,g_a_cpu,cpu,4019.82,4020.39
5,579,h_a,dpu,4020.4,4025.14
5,579,eb_enc,cpu,4025.15,4025.3
5,579,eb_dec,cpu,4025.3,4025.42
5,579,h_s,dpu,4025.42,4027.05
5,579,gc,cpu,4027.05,4038.48
5,592,normalize,cpu,4039.19,4047.58
5,592,g_a_cpu,cpu,4047.59,4048.2
5,592,g_a,dpu,4048.2,4098.54
5,592,g_a,dpu,4098.54,4117.28
5,592,g_a_cpu,cpu,4117.28,4117.93
5,592,h_a,dpu,4117.93,4142.8
5,592,eb_enc,cpu,4142.81,4142.93
5,592,eb_dec,cpu,4142.93,4143.05
5,592,h_s,dpu,4143.05,4153.31
5,592,gc,cpu,4153.31,4170.01
5,610,normalize,cpu,4170.54,4174.32
5,610,g_a_cpu,cpu,4174.32,4174.79
5,610,g_a,dpu,4174.79,4180.64
5,610,g_a,dpu,4180.65,4186.08
5,610,g_a_cpu,cpu,4186.08,4186.57
5,610,h_a,dpu,4186.57,4190.47
5,610,eb_enc,cpu,4190.47,4190.61
5,610,eb_dec,cpu,4190.61,4190.72
5,610,h_s,dpu,4190.73,4194.64
5,610,gc,cpu,4194.64,4208.71
5,617,normalize,cpu,4210.01,4213.87
5,617,g_a_cpu,cpu,4213.87,4216.33
5,617,g_a,dpu,4216.33,4243.41
5,617,g_a,dpu,4243.42,4261.88
5,617,g_a_cpu,cpu,4261.88,4262.42
5,617,h_a,dpu,4262.42,4276.5
5,617,eb_enc,cpu,4276.5,4276.69
5,617,eb_dec,cpu,4276.69,4276.83
5,617,h_s,dpu,4276.83,4279.2
5,617,gc,cpu,4279.2,4289.15
5,629,normalize,cpu,4289.69,4293.52
5,629,g_a_cpu,cpu,4293.53,4294.15
5,629,g_a,dpu,4294.15,4304.1
5,629,g_a,dpu,4304.11,4369.65
5,629,g_a_cpu,cpu,4369.65,4370.47
5,629,h_a,dpu,4370.48,4404.37
5,629,eb_enc,cpu,4404.37,4404.51
5,629,eb_dec,cpu,4404.51,4404.62
5,629,h_s,dpu,4404.62,4409.28
5,629,gc,cpu,4409.28,4420.09
5,646,normalize,cpu,4420.77,4425.37
5,646,g_a_cpu,cpu,4425.37,4426.67
5,646,g_a,dpu,4426.68,4458.44
5,646,g_a,dpu,4458.45,4483.56
5,646,g_a_cpu,cpu,4483.57,4484.19
5,646,h_a,dpu,4484.2,4497.93
5,646,eb_enc,cpu,4497.93,4498.15
5,646,eb_dec,cpu,4498.15,4498.32
5,646,h_s,dpu,4498.32,4503.58
5,646,gc,cpu,4503.58,4513.64
5,661,normalize,cpu,4517.02,4520.79
5,661,g_a_cpu,cpu,4520.8,4521.29
5,661,g_a,dpu,4521.29,4527.37
5,661,g_a,dpu,4527.37,4532.95
5,661,g_a_cpu,cpu,4532.96,4533.36
5,661,h_a,dpu,4533.36,4536.82
5,661,eb_enc,cpu,4536.82,4536.99
5,661,eb_dec,cpu,4537,4537.12
5,661,h_s,dpu,4537.12,4567.48
5,661,gc,cpu,4567.48,4581.05
5,671,normalize,cpu,4581.69,4585.64
5,671,g_a_cpu,cpu,4585.65,4586.34
5,671,g_a,dpu,4586.34,4610.53
5,671,g_a,dpu,4610.53,4645.34
5,671,g_a_cpu,cpu,4645.34,4645.79
5,671,h_a,dpu,4645.79,4649.33
5,671,eb_enc,cpu,4649.33,4649.53
5,671,eb_dec,cpu,4649.53,4649.66
5,671,h_s,dpu,4649.66,4651.14
5,671,gc,cpu,4651.14,4682.62
5,686,normalize,cpu,4683.67,4687.35
5,686,g_a_cpu,cpu,4687.35,4687.86
5,686,g_a,dpu,4687.87,4697.16
5,686,g_a,dpu,4697.17,4733.37
5,686,g_a_cpu,cpu,4733.37,4733.82
5,686,h_a,dpu,4733.83,4752.34
5,686,eb_enc,cpu,4752.36,4752.53
5,686,eb_dec,cpu,4752.53,4752.66
5,686,h_s,dpu,4752.66,4760.42
5,686,gc,cpu,4760.42,4773.24
5,700,normalize,cpu,4775.1,4779.78
5,700,g_a_cpu,cpu,4779.8,4780.82
5,700,g_a,dpu,4780.83,4794.41
5,700,g_a,dpu,4794.43,4813.96
5,700,g_a_cpu,cpu,4813.97,4814.54
5,700,h_a,dpu,4814.54,4838.04
5,700,eb_enc,cpu,4838.04,4838.2
5,700,eb_dec,cpu,4838.2,4838.34
5,700,h_s,dpu,4838.34,4845.38
5,700,gc,cpu,4845.38,4856.5
5,713,normalize,cpu,4857.07,4862.12
5,713,g_a_cpu,cpu,4862.13,4862.71
5,713,g_a,dpu,4862.72,4890.67
5,713,g_a,dpu,4890.68,4930.95
5,713,g_a_cpu,cpu,4930.95,4931.38
5,713,h_a,dpu,4931.38,4936.02
5,713,eb_enc,cpu,4936.02,4936.19
5,713,eb_dec,cpu,4936.19,4936.32
5,713,h_s,dpu,4936.32,4937.64
5,713,gc,cpu,4937.64,4947.67
5,727,normalize,cpu,4949.01,4952.75
5,727,g_a_cpu,cpu,4952.75,4953.08
5,727,g_a,dpu,4953.08,4974.71
5,727,g_a,dpu,4974.71,4997.52
5,727,g_a_cpu,cpu,4997.52,4997.94
5,727,h_a,dpu,4997.94,5020.54
5,727,eb_enc,cpu,5020.54,5020.68
5,727,eb_dec,cpu,5020.69,5020.8
5,727,h_s,dpu,5020.8,5022.39
5,727,gc,cpu,5022.39,5032.61
5,739,normalize,cpu,5033.2,5043.16
5,739,g_a_cpu,cpu,5043.16,5047.55
5,739,g_a,dpu,5047.56,5066.46
5,739,g_a,dpu,5066.46,5072.15
5,739,g_a_cpu,cpu,5072.15,5072.78
5,739,h_a,dpu,5072.79,5094.49
5,739,eb_enc,cpu,5094.49,5094.65
5,739,eb_dec,cpu,5094.65,5094.77
5,739,h_s,dpu,5094.77,5112.94
5,739,gc,cpu,5112.94,5127.42
5,753,normalize,cpu,5138.56,5144.06
5,753,g_a_cpu,cpu,5144.07,5149.14
5,753,g_a,dpu,5149.15,5157.48
5,753,g_a,dpu,5157.48,5172
5,753,g_a_cpu,cpu,5172,5172.45
5,753,h_a,dpu,5172.45,5178.35
5,753,eb_enc,cpu,5178.35,5178.53
5,753,eb_dec,cpu,5178.53,5178.67
5,753,h_s,dpu,5178.67,5191.89
5,753,gc,cpu,5191.9,5202.94
5,764,normalize,cpu,5203.44,5207.2
5,764,g_a_cpu,cpu,5207.21,5207.83
5,764,g_a,dpu,5207.83,5239.71
5,764,g_a,dpu,5239.71,5256.38
5,764,g_a_cpu,cpu,5256.38,5256.85
5,764,h_a,dpu,5256.85,5281.14
5,764,eb_enc,cpu,5281.14,5281.28
5,764,eb_dec,cpu,5281.28,5281.38
5,764,h_s,dpu,5281.38,5294.06
5,764,gc,cpu,5294.07,5306.14
5,781,normalize,cpu,5307.48,5311.25
5,781,g_a_cpu,cpu,5311.25,5312.72
5,781,g_a,dpu,5312.73,5336.61
5,781,g_a,dpu,5336.61,5351.86
5,781,g_a_cpu,cpu,5351.87,5352.29
5,781,h_a,dpu,5352.29,5356.87
5,781,eb_enc,cpu,5356.88,5357.07
5,781,eb_dec,cpu,5357.07,5357.2
5,781,h_s,dpu,5357.2,5365.76
5,781,gc,cpu,5365.77,5377.27
5,791,normalize,cpu,5378.51,5382.22
5,791,g_a_cpu,cpu,5382.22,5382.63
5,791,g_a,dpu,5382.64,5410.29
5,791,g_a,dpu,5410.29,5433.25
5,791,g_a_cpu,cpu,5433.25,5434.07
5,791,h_a,dpu,5434.07,5450.18
5,791,eb_enc,cpu,5450.18,5450.41
5,791,eb_dec,cpu,5450.41,5450.54
5,791,h_s,dpu,5450.54,5459.97
5,791,gc,cpu,5459.97,5471.18
5,806,normalize,cpu,5471.82,5476.93
5,806,g_a_cpu,cpu,5476.93,5477.49
5,806,g_a,dpu,5477.5,5516.02
5,806,g_a,dpu,5516.03,5539.77
5,806,g_a_cpu,cpu,5539.77,5540.26
5,806,h_a,dpu,5540.27,5548.71
5,806,eb_enc,cpu,5548.71,5548.87
5,806,eb_dec,cpu,5548.87,5548.98
5,806,h_s,dpu,5548.98,5559.91
5,806,gc,cpu,5559.91,5570.28
5,820,normalize,cpu,5570.9,5574.6
5,820,g_a_cpu,cpu,5574.6,5575
5,820,g_a,dpu,5575,5595.73
5,820,g_a,dpu,5595.73,5601.57
5,820,g_a_cpu,cpu,5601.57,5602.16
5,820,h_a,dpu,5602.17,5606.07
5,820,eb_enc,cpu,5606.07,5606.19
5,820,eb_dec,cpu,5606.19,5606.33
5,820,h_s,dpu,5606.33,5607.66
5,820,gc,cpu,5607.66,5617.65
5,830,normalize,cpu,5618.11,5621.9
5,830,g_a_cpu,cpu,5621.9,5622.68
5,830,g_a,dpu,5622.69,5654.03
5,830,g_a,dpu,5654.03,5679.55
5,830,g_a_cpu,cpu,5679.55,5680.13
5,830,h_a,dpu,5680.13,5696.82
5,830,eb_enc,cpu,5696.82,5697
5,830,eb_dec,cpu,5697,5697.15
5,830,h_s,dpu,5697.15,5698.97
5,830,gc,cpu,5698.97,5709.47
5,844,normalize,cpu,5710.07,5715.03
5,844,g_a_cpu,cpu,5715.04,5715.56
5,844,g_a,dpu,5715.56,5730.55
5,844,g_a,dpu,5730.55,5767.28
5,844,g_a_cpu,cpu,5767.29,5767.76
5,844,h_a,dpu,5767.76,5784.24
5,844,eb_enc,cpu,5784.24,5784.45
5,844,eb_dec,cpu,5784.45,5784.56
5,844,h_s,dpu,5784.57,5796.96
5,844,gc,cpu,5796.97,5807.69
5,856,normalize,cpu,5808.96,5812.66
5,856,g_a_cpu,cpu,5812.66,5813.09
5,856,g_a,dpu,5813.09,5822.46
5,856,g_a,dpu,5822.46,5828.56
5,856,g_a_cpu,cpu,5828.57,5829.23
5,856,h_a,dpu,5829.23,5833.43
5,856,eb_enc,cpu,5833.43,5833.63
5,856,eb_dec,cpu,5833.63,5833.77
5,856,h_s,dpu,5833.77,5838.72
5,856,gc,cpu,5838.72,5851.39
5,866,normalize,cpu,5851.99,5858.88
5,866,g_a_cpu,cpu,5858.89,5859.31
5,866,g_a,dpu,5859.31,5870.73
5,866,g_a,dpu,5870.73,5885.03
5,866,g_a_cpu,cpu,5885.03,5885.49
5,866,h_a,dpu,5885.5,5936.76
5,866,eb_enc,cpu,5936.76,5936.89
5,866,eb_dec,cpu,5936.89,5937
5,866,h_s,dpu,5937,5955.23
5,866,gc,cpu,5955.23,5966.14
5,880,normalize,cpu,5966.71,5970.49
5,880,g_a_cpu,cpu,5970.5,5971.15
5,880,g_a,dpu,5971.15,5994.4
5,880,g_a,dpu,5994.4,6000.04
5,880,g_a_cpu,cpu,6000.04,6000.63
5,880,h_a,dpu,6000.63,6028.26
5,880,eb_enc,cpu,6028.27,6028.4
5,880,eb_dec,cpu,6028.4,6028.51
5,880,h_s,dpu,6028.51,6030.3
5,880,gc,cpu,6030.3,6040.42
5,894,normalize,cpu,6041.11,6044.85
5,894,g_a_cpu,cpu,6044.85,6045.19
5,894,g_a,dpu,6045.19,6078.56
5,894,g_a,dpu,6078.57,6100.47
5,894,g_a_cpu,cpu,6100.47,6100.93
5,894,h_a,dpu,6100.94,6142.53
5,894,eb_enc,cpu,6142.53,6142.7
5,894,eb_dec,cpu,6142.7,6142.82
5,894,h_s,dpu,6142.82,6157.55
5,894,gc,cpu,6157.55,6171.59
5,913,normalize,cpu,6172.18,6193.81
5,913,g_a_cpu,cpu,6193.81,6194.16
5,913,g_a,dpu,6194.17,6199.9
5,913,g_a,dpu,6199.9,6210
5,913,g_a_cpu,cpu,6210.01,6210.57
5,913,h_a,dpu,6210.57,6217.33
5,913,eb_enc,cpu,6217.33,6217.52
5,913,eb_dec,cpu,6217.52,6217.65
5,913,h_s,dpu,6217.65,6247.62
5,913,gc,cpu,6247.63,6262.08
5,926,normalize,cpu,6262.64,6272.06
5,926,g_a_cpu,cpu,6272.07,6272.97
5,926,g_a,dpu,6272.98,6290.35
5,926,g_a,dpu,6290.35,6296.03
5,926,g_a_cpu,cpu,6296.03,6296.47
5,926,h_a,dpu,6296.47,6299.15
5,926,eb_enc,cpu,6299.15,6299.28
5,926,eb_dec,cpu,6299.28,6299.38
5,926,h_s,dpu,6299.38,6300.62
5,926,gc,cpu,6300.62,6310.68
6,4,normalize,cpu,70.7395,80.4888
6,4,g_a_cpu,cpu,80.6105,81.2923
6,4,g_a,dpu,81.3022,87.2258
6,4,g_a,dpu,87.2284,97.1902
6,4,g_a_cpu,cpu,97.1916,97.647
6,4,h_a,dpu,97.6531,99.3965
6,4,eb_enc,cpu,99.3984,99.6363
6,4,eb_dec,cpu,99.6382,99.8221
6,4,h_s,dpu,99.8229,116.144
6,4,gc,cpu,116.158,130.217
6,12,normalize,cpu,131.121,154.2
6,12,g_a_cpu,cpu,154.203,154.596
6,12,g_a,dpu,154.599,160.021
6,12,g_a,dpu,160.023,165.115
6,12,g_a_cpu,cpu,165.117,165.474
6,12,h_a,dpu,165.476,166.731
6,12,eb_enc,cpu,166.732,166.855
6,12,eb_dec,cpu,166.858,166.962
6,12,h_s,dpu,166.963,169.88
6,12,gc,cpu,169.882,188.606
6,18,normalize,cpu,189.269,195.037
6,18,g_a_cpu,cpu,195.042,202.415
6,18,g_a,dpu,202.419,207.682
6,18,g_a,dpu,207.684,212.948
6,18,g_a_cpu,cpu,212.949,213.374
6,18,h_a,dpu,213.376,219.97
6,18,eb_enc,cpu,219.971,220.154
6,18,eb_dec,cpu,220.155,220.272
6,18,h_s,dpu,220.272,221.575
6,18,gc,cpu,221.576,232.088
6,27,normalize,cpu,232.623,236.415
6,27,g_a_cpu,cpu,236.422,236.924
6,27,g_a,dpu,236.931,266.198
6,27,g_a,dpu,266.206,275.033
6,27,g_a_cpu,cpu,275.035,275.467
6,27,h_a,dpu,275.469,277.652
6,27,eb_enc,cpu,277.66,277.821
6,27,eb_dec,cpu,277.822,277.937
6,27,h_s,dpu,277.937,288.736
6,27,gc,cpu,288.743,304.268
6,36,normalize,cpu,308.211,318.455
6,36,g_a_cpu,cpu,318.463,326.532
6,36,g_a,dpu,326.538,341.473
6,36,g_a,dpu,341.475,361.206
6,36,g_a_cpu,cpu,361.209,361.582
6,36,h_a,dpu,361.584,363.054
6,36,eb_enc,cpu,363.054,363.263
6,36,eb_dec,cpu,363.264,363.392
6,36,h_s,dpu,363.393,386.648
6,36,gc,cpu,386.651,396.722
6,50,normalize,cpu,397.346,401.242
6,50,g_a_cpu,cpu,401.248,402.398
6,50,g_a,dpu,402.401,422.453
6,50,g_a,dpu,422.454,427.644
6,50,g_a_cpu,cpu,427.646,428.031
6,50,h_a,dpu,428.033,430.354
6,50,eb_enc,cpu,430.356,430.506
6,50,eb_dec,cpu,430.507,430.618
6,50,h_s,dpu,430.619,431.972
6,50,gc,cpu,431.973,444.474
6,56,normalize,cpu,444.962,448.739
6,56,g_a_cpu,cpu,448.744,449.122
6,56,g_a,dpu,449.128,492.128
6,56,g_a,dpu,492.13,502.909
6,56,g_a_cpu,cpu,502.911,503.377
6,56,h_a,dpu,503.396,506.219
6,56,eb_enc,cpu,506.222,506.454
6,56,eb_dec,cpu,506.456,506.578
6,56,h_s,dpu,506.579,518.678
6,56,gc,cpu,518.679,530.397
6,68,normalize,cpu,531.39,537.777
6,68,g_a_cpu,cpu,537.784,548.95
6,68,g_a,dpu,548.954,554.056
6,68,g_a,dpu,554.058,582.662
6,68,g_a_cpu,cpu,582.663,583.056
6,68,h_a,dpu,583.059,604.922
6,68,eb_enc,cpu,604.923,605.056
6,68,eb_dec,cpu,605.057,605.161
6,68,h_s,dpu,605.161,614.079
6,68,gc,cpu,614.08,625.493
6,82,normalize,cpu,626.101,629.937
6,82,g_a_cpu,cpu,629.942,630.343
6,82,g_a,dpu,630.346,635.516
6,82,g_a,dpu,635.518,650.391
6,82,g_a_cpu,cpu,650.393,650.774
6,82,h_a,dpu,650.776,682.309
6,82,eb_enc,cpu,682.31,682.468
6,82,eb_dec,cpu,682.469,682.586
6,82,h_s,dpu,682.586,685.702
6,82,gc,cpu,685.703,696.208
6,92,normalize,cpu,697.068,700.751
6,92,g_a_cpu,cpu,700.756,701.365
6,92,g_a,dpu,701.368,743.977
6,92,g_a,dpu,743.981,749.514
6,92,g_a_cpu,cpu,749.515,750.016
6,92,h_a,dpu,750.019,760.336
6,92,eb_enc,cpu,760.337,760.515
6,92,eb_dec,cpu,760.516,760.638
6,92,h_s,dpu,760.64,768.184
6,92,gc,cpu,768.185,790.463
6,105,normalize,cpu,790.873,794.632
6,105,g_a_cpu,cpu,794.638,795.015
6,105,g_a,dpu,795.019,806.536
6,105,g_a,dpu,806.539,818.229
6,105,g_a_cpu,cpu,818.23,818.856
6,105,h_a,dpu,818.86,831.44
6,105,eb_enc,cpu,831.441,831.585
6,105,eb_dec,cpu,831.586,831.706
6,105,h_s,dpu,831.707,842.229
6,105,gc,cpu,842.23,858.531
6,117,normalize,cpu,859.46,863.16
6,117,g_a_cpu,cpu,863.167,863.708
6,117,g_a,dpu,863.716,869.193
6,117,g_a,dpu,869.195,874.524
6,117,g_a_cpu,cpu,874.528,875.196
6,117,h_a,dpu,875.202,887.546
6,117,eb_enc,cpu,887.548,887.789
6,117,eb_dec,cpu,887.791,889.957
6,117,h_s,dpu,889.96,912.146
6,117,gc,cpu,912.149,931.35
6,127,normalize,cpu,931.884,935.635
6,127,g_a_cpu,cpu,935.645,939.14
6,127,g_a,dpu,939.144,944.634
6,127,g_a,dpu,944.636,949.881
6,127,g_a_cpu,cpu,949.883,950.37
6,127,h_a,dpu,950.372,952.435
6,127,eb_enc,cpu,952.436,952.569
6,127,eb_dec,cpu,952.57,952.679
6,127,h_s,dpu,952.68,955.023
6,127,gc,cpu,955.042,967.511
6,133,normalize,cpu,968.224,971.961
6,133,g_a_cpu,cpu,971.965,972.962
6,133,g_a,dpu,972.966,1007.89
6,133,g_a,dpu,1007.89,1015.72
6,133,g_a_cpu,cpu,1015.72,1016.58
6,133,h_a,dpu,1016.58,1022.34
6,133,eb_enc,cpu,1022.34,1022.5
6,133,eb_dec,cpu,1022.5,1022.61
6,133,h_s,dpu,1022.61,1025.35
6,133,gc,cpu,1025.35,1036.74
6,143,normalize,cpu,1037.35,1041.19
6,143,g_a_cpu,cpu,1041.19,1041.74
6,143,g_a,dpu,1041.75,1055.98
6,143,g_a,dpu,1055.98,1076.6
6,143,g_a_cpu,cpu,1076.6,1077.02
6,143,h_a,dpu,1077.02,1078.39
6,143,eb_enc,cpu,1078.39,1078.52
6,143,eb_dec,cpu,1078.52,1078.63
6,143,h_s,dpu,1078.63,1087.09
6,143,gc,cpu,1087.09,1102.36
6,154,normalize,cpu,1103.16,1107.56
6,154,g_a_cpu,cpu,1107.56,1107.95
6,154,g_a,dpu,1107.95,1121.48
6,154,g_a,dpu,1121.48,1132.6
6,154,g_a_cpu,cpu,1132.6,1133.17
6,154,h_a,dpu,1133.18,1148.38
6,154,eb_enc,cpu,1148.38,1148.51
6,154,eb_dec,cpu,1148.51,1148.61
6,154,h_s,dpu,1148.61,1150.32
6,154,gc,cpu,1150.32,1171.06
6,163,normalize,cpu,1172.43,1176.26
6,163,g_a_cpu,cpu,1176.26,1178.66
6,163,g_a,dpu,1178.67,1208.51
6,163,g_a,dpu,1208.51,1239.25
6,163,g_a_cpu,cpu,1239.25,1240.06
6,163,h_a,dpu,1240.06,1258.08
6,163,eb_enc,cpu,1258.08,1258.5
6,163,eb_dec,cpu,1258.5,1258.68
6,163,h_s,dpu,1258.68,1264.01
6,163,gc,cpu,1264.01,1284.35
6,179,normalize,cpu,1285.09,1302.82
6,179,g_a_cpu,cpu,1302.82,1303.32
6,179,g_a,dpu,1303.32,1335.71
6,179,g_a,dpu,1335.72,1352.82
6,179,g_a_cpu,cpu,1352.83,1353.36
6,179,h_a,dpu,1353.36,1367.67
6,179,eb_enc,cpu,1367.67,1367.81
6,179,eb_dec,cpu,1367.81,1367.92
6,179,h_s,dpu,1367.92,1381.24
6,179,gc,cpu,1381.25,1398.83
6,196,normalize,cpu,1399.36,1403.16
6,196,g_a_cpu,cpu,1403.16,1403.52
6,196,g_a,dpu,1403.53,1433.49
6,196,g_a,dpu,1433.49,1438.59
6,196,g_a_cpu,cpu,1438.6,1439.08
6,196,h_a,dpu,1439.08,1452.15
6,196,eb_enc,cpu,1452.15,1452.36
6,196,eb_dec,cpu,1452.36,1452.5
6,196,h_s,dpu,1452.5,1456.61
6,196,gc,cpu,1456.61,1468.9
6,204,normalize,cpu,1469.48,1473.21
6,204,g_a_cpu,cpu,1473.22,1473.6
6,204,g_a,dpu,1473.6,1478.87
6,204,g_a,dpu,1478.88,1484.16
6,204,g_a_cpu,cpu,1484.16,1484.59
6,204,h_a,dpu,1484.59,1486.42
6,204,eb_enc,cpu,1486.42,1486.55
6,204,eb_dec,cpu,1486.55,1486.66
6,204,h_s,dpu,1486.66,1499.76
6,204,gc,cpu,1499.76,1510.21
6,213,normalize,cpu,1511.24,1516.75
6,213,g_a_cpu,cpu,1516.76,1517.65
6,213,g_a,dpu,1517.65,1529.06
6,213,g_a,dpu,1529.07,1536.97
6,213,g_a_cpu,cpu,1536.97,1537.46
6,213,h_a,dpu,1537.46,1539.87
6,213,eb_enc,cpu,1539.87,1540.14
6,213,eb_dec,cpu,1540.14,1540.27
6,213,h_s,dpu,1540.27,1568.63
6,213,gc,cpu,1568.63,1586.08
6,226,normalize,cpu,1587.19,1590.96
6,226,g_a_cpu,cpu,1590.96,1591.56
6,226,g_a,dpu,1591.56,1601.22
6,226,g_a,dpu,1601.23,1607.52
6,226,g_a_cpu,cpu,1607.52,1608.25
6,226,h_a,dpu,1608.25,1627.08
6,226,eb_enc,cpu,1627.09,1627.26
6,226,eb_dec,cpu,1627.26,1627.38
6,226,h_s,dpu,1627.38,1638.4
6,226,gc,cpu,1638.4,1663.85
6,236,normalize,cpu,1664.42,1669.03
6,236,g_a_cpu,cpu,1669.04,1669.55
6,236,g_a,dpu,1669.55,1675.27
6,236,g_a,dpu,1675.27,1687.27
6,236,g_a_cpu,cpu,1687.28,1687.94
6,236,h_a,dpu,1687.94,1712.54
6,236,eb_enc,cpu,1712.54,1712.86
6,236,eb_dec,cpu,1712.87,1713.03
6,236,h_s,dpu,1713.03,1720.31
6,236,gc,cpu,1720.32,1738.99
6,246,normalize,cpu,1739.51,1747.25
6,246,g_a_cpu,cpu,1747.25,1747.76
6,246,g_a,dpu,1747.76,1753.21
6,246,g_a,dpu,1753.21,1758.29
6,246,g_a_cpu,cpu,1758.29,1758.66
6,246,h_a,dpu,1758.66,1759.92
6,246,eb_enc,cpu,1759.92,1760.05
6,246,eb_dec,cpu,1760.05,1760.15
6,246,h_s,dpu,1760.15,1761.19
6,246,gc,cpu,1761.19,1772.48
6,252,normalize,cpu,1773.09,1777.09
6,252,g_a_cpu,cpu,1777.1,1777.72
6,252,g_a,dpu,1777.73,1796.82
6,252,g_a,dpu,1796.83,1820.81
6,252,g_a_cpu,cpu,1820.81,1821.21
6,252,h_a,dpu,1821.22,1822.86
6,252,eb_enc,cpu,1822.86,1823.05
6,252,eb_dec,cpu,1823.05,1823.18
6,252,h_s,dpu,1823.18,1831.43
6,252,gc,cpu,1831.43,1865.79
6,266,normalize,cpu,1866.43,1870.06
6,266,g_a_cpu,cpu,1870.07,1874.99
6,266,g_a,dpu,1874.99,1880.17
6,266,g_a,dpu,1880.17,1885.46
6,266,g_a_cpu,cpu,1885.46,1885.86
6,266,h_a,dpu,1885.86,1892.83
6,266,eb_enc,cpu,1892.83,1892.97
6,266,eb_dec,cpu,1892.98,1893.09
6,266,h_s,dpu,1893.09,1920.2
6,266,gc,cpu,1920.2,1938.49
6,278,normalize,cpu,1939.28,1950.79
6,278,g_a_cpu,cpu,1950.79,1951.3
6,278,g_a,dpu,1951.31,1964.94
6,278,g_a,dpu,1964.94,1973.15
6,278,g_a_cpu,cpu,1973.15,1973.66
6,278,h_a,dpu,1973.66,1976.64
6,278,eb_enc,cpu,1976.64,1976.79
6,278,eb_dec,cpu,1976.79,1976.9
6,278,h_s,dpu,1976.9,1979.15
6,278,gc,cpu,1979.15,2002.98
6,288,normalize,cpu,2010.92,2014.75
6,288,g_a_cpu,cpu,2014.76,2015.4
6,288,g_a,dpu,2015.4,2021.05
6,288,g_a,dpu,2021.05,2036.99
6,288,g_a_cpu,cpu,2036.99,2037.64
6,288,h_a,dpu,2037.64,2043.99
6,288,eb_enc,cpu,2043.99,2044.14
6,288,eb_dec,cpu,2044.15,2044.26
6,288,h_s,dpu,2044.26,2048.09
6,288,gc,cpu,2048.09,2092.4
6,300,normalize,cpu,2093.26,2111.05
6,300,g_a_cpu,cpu,2111.05,2111.4
6,300,g_a,dpu,2111.4,2116.68
6,300,g_a,dpu,2116.68,2121.87
6,300,g_a_cpu,cpu,2121.87,2122.33
6,300,h_a,dpu,2122.34,2128.79
6,300,eb_enc,cpu,2128.79,2129.03
6,300,eb_dec,cpu,2129.03,2129.14
6,300,h_s,dpu,2129.14,2135.65
6,300,gc,cpu,2135.65,2146.77
6,309,normalize,cpu,2147.41,2151.94
6,309,g_a_cpu,cpu,2151.94,2152.31
6,309,g_a,dpu,2152.31,2174.46
6,309,g_a,dpu,2174.46,2188.68
6,309,g_a_cpu,cpu,2188.68,2189.15
6,309,h_a,dpu,2189.15,2199.65
6,309,eb_enc,cpu,2199.65,2199.81
6,309,eb_dec,cpu,2199.81,2199.93
6,309,h_s,dpu,2199.93,2205
6,309,gc,cpu,2205,2215.42
6,318,normalize,cpu,2216.64,2220.48
6,318,g_a_cpu,cpu,2220.49,2220.89
6,318,g_a,dpu,2220.89,2227.48
6,318,g_a,dpu,2227.48,2254.07
6,318,g_a_cpu,cpu,2254.08,2254.71
6,318,h_a,dpu,2254.71,2278.97
6,318,eb_enc,cpu,2278.97,2279.18
6,318,eb_dec,cpu,2279.18,2279.3
6,318,h_s,dpu,2279.3,2297.7
6,318,gc,cpu,2297.7,2307.9
6,333,normalize,cpu,2308.72,2312.53
6,333,g_a_cpu,cpu,2312.54,2313.25
6,333,g_a,dpu,2313.26,2336.05
6,333,g_a,dpu,2336.05,2341.42
6,333,g_a_cpu,cpu,2341.42,2341.9
6,333,h_a,dpu,2341.9,2344.24
6,333,eb_enc,cpu,2344.24,2344.37
6,333,eb_dec,cpu,2344.37,2344.49
6,333,h_s,dpu,2344.49,2345.87
6,333,gc,cpu,2345.87,2362.95
6,342,normalize,cpu,2363.52,2367.25
6,342,g_a_cpu,cpu,2367.25,2367.69
6,342,g_a,dpu,2367.7,2406.44
6,342,g_a,dpu,2406.44,2411.71
6,342,g_a_cpu,cpu,2411.71,2412.54
6,342,h_a,dpu,2412.54,2420.2
6,342,eb_enc,cpu,2420.2,2420.34
6,342,eb_dec,cpu,2420.34,2420.45
6,342,h_s,dpu,2420.45,2421.84
6,342,gc,cpu,2421.84,2432.95
6,352,normalize,cpu,2433.53,2446.58
6,352,g_a_cpu,cpu,2446.58,2448.28
6,352,g_a,dpu,2448.29,2466.81
6,352,g_a,dpu,2466.82,2478.79
6,352,g_a_cpu,cpu,2478.79,2479.52
6,352,h_a,dpu,2479.52,2482.51
6,352,eb_enc,cpu,2482.51,2482.68
6,352,eb_dec,cpu,2482.68,2482.81
6,352,h_s,dpu,2482.81,2521.03
6,352,gc,cpu,2521.03,2544.23
6,370,normalize,cpu,2544.9,2548.63
6,370,g_a_cpu,cpu,2548.64,2549.26
6,370,g_a,dpu,2549.27,2557.55
6,370,g_a,dpu,2557.56,2572.75
6,370,g_a_cpu,cpu,2572.76,2573.44
6,370,h_a,dpu,2573.44,2584.31
6,370,eb_enc,cpu,2584.31,2584.43
6,370,eb_dec,cpu,2584.43,2584.54
6,370,h_s,dpu,2584.54,2585.98
6,370,gc,cpu,2585.98,2607.41
6,377,normalize,cpu,2613.17,2616.97
6,377,g_a_cpu,cpu,2616.98,2617.42
6,377,g_a,dpu,2617.43,2647.73
6,377,g_a,dpu,2647.74,2658.71
6,377,g_a_cpu,cpu,2658.71,2659.3
6,377,h_a,dpu,2659.3,2665.18
6,377,eb_enc,cpu,2665.18,2665.36
6,377,eb_dec,cpu,2665.37,2665.49
6,377,h_s,dpu,2665.49,2666.63
6,377,gc,cpu,2666.63,2676.94
6,389,normalize,cpu,2677.59,2682.57
6,389,g_a_cpu,cpu,2682.57,2683.22
6,389,g_a,dpu,2683.22,2702.81
6,389,g_a,dpu,2702.82,2714.55
6,389,g_a_cpu,cpu,2714.56,2714.96
6,389,h_a,dpu,2714.96,2733.23
6,389,eb_enc,cpu,2733.24,2733.4
6,389,eb_dec,cpu,2733.4,2733.51
6,389,h_s,dpu,2733.51,2752.02
6,389,gc,cpu,2752.02,2770.41
6,402,normalize,cpu,2771.21,2785.69
6,402,g_a_cpu,cpu,2785.7,2786.17
6,402,g_a,dpu,2786.18,2791.77
6,402,g_a,dpu,2791.77,2797.39
6,402,g_a_cpu,cpu,2797.39,2797.92
6,402,h_a,dpu,2797.92,2809.78
6,402,eb_enc,cpu,2809.78,2809.95
6,402,eb_dec,cpu,2809.96,2810.07
6,402,h_s,dpu,2810.07,2835.85
6,402,gc,cpu,2835.86,2856.34
6,415,normalize,cpu,2856.76,2860.46
6,415,g_a_cpu,cpu,2860.46,2860.88
6,415,g_a,dpu,2860.89,2875.35
6,415,g_a,dpu,2875.35,2880.36
6,415,g_a_cpu,cpu,2880.36,2880.79
6,415,h_a,dpu,2880.79,2887.09
6,415,eb_enc,cpu,2887.09,2887.24
6,415,eb_dec,cpu,2887.25,2889.54
6,415,h_s,dpu,2889.55,2891.21
6,415,gc,cpu,2891.21,2901.81
6,423,normalize,cpu,2902.51,2907.58
6,423,g_a_cpu,cpu,2907.58,2908.13
6,423,g_a,dpu,2908.13,2926.43
6,423,g_a,dpu,2926.44,2931.58
6,423,g_a_cpu,cpu,2931.58,2932.02
6,423,h_a,dpu,2932.02,2950.05
6,423,eb_enc,cpu,2950.05,2950.22
6,423,eb_dec,cpu,2950.22,2950.36
6,423,h_s,dpu,2950.36,2952.37
6,423,gc,cpu,2952.38,2974.9
6,434,normalize,cpu,2975.8,2983.5
6,434,g_a_cpu,cpu,2983.5,2984.01
6,434,g_a,dpu,2984.01,2995.88
6,434,g_a,dpu,2995.88,3000.85
6,434,g_a_cpu,cpu,3000.85,3001.43
6,434,h_a,dpu,3001.43,3016
6,434,eb_enc,cpu,3016,3016.18
6,434,eb_dec,cpu,3016.18,3016.3
6,434,h_s,dpu,3016.3,3029.66
6,434,gc,cpu,3029.67,3054.81
6,447,normalize,cpu,3055.46,3062.36
6,447,g_a_cpu,cpu,3062.37,3062.77
6,447,g_a,dpu,3062.77,3070.46
6,447,g_a,dpu,3070.46,3075.79
6,447,g_a_cpu,cpu,3075.79,3076.16
6,447,h_a,dpu,3076.16,3078.6
6,447,eb_enc,cpu,3078.6,3078.77
6,447,eb_dec,cpu,3078.77,3078.89
6,447,h_s,dpu,3078.89,3092.6
6,447,gc,cpu,3092.61,3103.91
6,453,normalize,cpu,3104.5,3109.56
6,453,g_a_cpu,cpu,3109.57,3109.89
6,453,g_a,dpu,3109.89,3136.01
6,453,g_a,dpu,3136.01,3153.28
6,453,g_a_cpu,cpu,3153.28,3153.76
6,453,h_a,dpu,3153.76,3155.82
6,453,eb_enc,cpu,3155.82,3155.98
6,453,eb_dec,cpu,3155.98,3156.1
6,453,h_s,dpu,3156.1,3186.5
6,453,gc,cpu,3186.51,3200.46
6,466,normalize,cpu,3201.09,3204.92
6,466,g_a_cpu,cpu,3204.92,3205.37
6,466,g_a,dpu,3205.37,3210.8
6,466,g_a,dpu,3210.81,3215.95
6,466,g_a_cpu,cpu,3215.95,3216.55
6,466,h_a,dpu,3216.56,3256.27
6,466,eb_enc,cpu,3256.27,3256.41
6,466,eb_dec,cpu,3256.41,3256.51
6,466,h_s,dpu,3256.51,3257.5
6,466,gc,cpu,3257.5,3270.4
6,477,normalize,cpu,3279.19,3285.06
6,477,g_a_cpu,cpu,3285.07,3285.52
6,477,g_a,dpu,3285.53,3328
6,477,g_a,dpu,3328,3343.2
6,477,g_a_cpu,cpu,3343.2,3343.74
6,477,h_a,dpu,3343.74,3351.26
6,477,eb_enc,cpu,3351.26,3351.42
6,477,eb_dec,cpu,3351.42,3351.53
6,477,h_s,dpu,3351.53,3356.6
6,477,gc,cpu,3356.6,3375.57
6,493,normalize,cpu,3377.28,3383.13
6,493,g_a_cpu,cpu,3383.13,3383.48
6,493,g_a,dpu,3383.49,3423.14
6,493,g_a,dpu,3423.14,3430.4
6,493,g_a_cpu,cpu,3430.4,3430.85
6,493,h_a,dpu,3430.85,3432.69
6,493,eb_enc,cpu,3432.69,3432.87
6,493,eb_dec,cpu,3432.87,3432.99
6,493,h_s,dpu,3432.99,3440.43
6,493,gc,cpu,3440.44,3451.17
6,505,normalize,cpu,3452.27,3455.99
6,505,g_a_cpu,cpu,3455.99,3458.31
6,505,g_a,dpu,3458.32,3488.99
6,505,g_a,dpu,3488.99,3499.93
6,505,g_a_cpu,cpu,3499.93,3500.29
6,505,h_a,dpu,3500.29,3501.79
6,505,eb_enc,cpu,3501.79,3501.96
6,505,eb_dec,cpu,3501.96,3502.1
6,505,h_s,dpu,3502.1,3513.88
6,505,gc,cpu,3513.88,3524.42
6,514,normalize,cpu,3524.93,3528.69
6,514,g_a_cpu,cpu,3528.69,3529.05
6,514,g_a,dpu,3529.05,3534.31
6,514,g_a,dpu,3534.32,3556.87
6,514,g_a_cpu,cpu,3556.88,3557.44
6,514,h_a,dpu,3557.44,3559.96
6,514,eb_enc,cpu,3559.96,3560.22
6,514,eb_dec,cpu,3560.22,3560.38
6,514,h_s,dpu,3560.38,3585.44
6,514,gc,cpu,3585.44,3597.71
6,524,normalize,cpu,3598.34,3601.96
6,524,g_a_cpu,cpu,3601.96,3602.86
6,524,g_a,dpu,3602.88,3613.21
6,524,g_a,dpu,3613.21,3619.35
6,524,g_a_cpu,cpu,3619.36,3620.06
6,524,h_a,dpu,3620.06,3656.44
6,524,eb_enc,cpu,3656.44,3656.59
6,524,eb_dec,cpu,3656.59,3656.7
6,524,h_s,dpu,3656.7,3670.64
6,524,gc,cpu,3670.64,3682.19
6,539,normalize,cpu,3682.91,3687.76
6,539,g_a_cpu,cpu,3687.77,3688.38
6,539,g_a,dpu,3688.38,3702.46
6,539,g_a,dpu,3702.46,3707.68
6,539,g_a_cpu,cpu,3707.69,3708.11
6,539,h_a,dpu,3708.12,3739
6,539,eb_enc,cpu,3739.01,3739.17
6,539,eb_dec,cpu,3739.17,3739.29
6,539,h_s,dpu,3739.29,3740.28
6,539,gc,cpu,3740.28,3750.81
6,548,normalize,cpu,3751.82,3772.54
6,548,g_a_cpu,cpu,3772.54,3773.1
6,548,g_a,dpu,3773.1,3778.75
6,548,g_a,dpu,3778.76,3790.6
6,548,g_a_cpu,cpu,3790.6,3791.16
6,548,h_a,dpu,3791.16,3797.9
6,548,eb_enc,cpu,3797.9,3798.06
6,548,eb_dec,cpu,3798.06,3798.18
6,548,h_s,dpu,3798.18,3799.27
6,548,gc,cpu,3799.27,3819.48
6,561,normalize,cpu,3820.32,3824.14
6,561,g_a_cpu,cpu,3824.15,3824.83
6,561,g_a,dpu,3824.83,3835.89
6,561,g_a,dpu,3835.97,3849.09
6,561,g_a_cpu,cpu,3849.09,3849.74
6,561,h_a,dpu,3849.75,3854.12
6,561,eb_enc,cpu,3854.12,3854.24
6,561,eb_dec,cpu,3854.24,3854.38
6,561,h_s,dpu,3854.38,3855.32
6,561,gc,cpu,3855.32,3865.82
6,567,normalize,cpu,3868.21,3872.58
6,567,g_a_cpu,cpu,3872.58,3873
6,567,g_a,dpu,3873.01,3903.68
6,567,g_a,dpu,3903.68,3909.15
6,567,g_a_cpu,cpu,3909.16,3909.78
6,567,h_a,dpu,3909.78,3918.56
6,567,eb_enc,cpu,3918.56,3918.7
6,567,eb_dec,cpu,3918.7,3918.82
6,567,h_s,dpu,3918.82,3923.51
6,567,gc,cpu,3923.51,3933.63
6,577,normalize,cpu,3934.17,3938.1
6,577,g_a_cpu,cpu,3938.1,3938.57
6,577,g_a,dpu,3938.57,3950.37
6,577,g_a,dpu,3950.38,3966.88
6,577,g_a_cpu,cpu,3966.88,3967.71
6,577,h_a,dpu,3967.72,3987.57
6,577,eb_enc,cpu,3987.57,3987.76
6,577,eb_dec,cpu,3987.76,3987.88
6,577,h_s,dpu,3987.88,3998.15
6,577,gc,cpu,3998.15,4021.93
6,587,normalize,cpu,4022.75,4043.65
6,587,g_a_cpu,cpu,4043.66,4044.18
6,587,g_a,dpu,4044.19,4058.49
6,587,g_a,dpu,4058.49,4075.03
6,587,g_a_cpu,cpu,4075.03,4075.56
6,587,h_a,dpu,4075.57,4089.65
6,587,eb_enc,cpu,4089.65,4089.83
6,587,eb_dec,cpu,4089.83,4089.94
6,587,h_s,dpu,4089.94,4091.97
6,587,gc,cpu,4091.97,4113.12
6,603,normalize,cpu,4113.86,4117.56
6,603,g_a_cpu,cpu,4117.56,4118.17
6,603,g_a,dpu,4118.17,4123.43
6,603,g_a,dpu,4123.43,4135.06
6,603,g_a_cpu,cpu,4135.06,4135.62
6,603,h_a,dpu,4135.62,4179.43
6,603,eb_enc,cpu,4179.43,4179.58
6,603,eb_dec,cpu,4179.58,4179.69
6,603,h_s,dpu,4179.69,4189.91
6,603,gc,cpu,4189.91,4202.73
6,616,normalize,cpu,4203.82,4208.26
6,616,g_a_cpu,cpu,4208.26,4209.19
6,616,g_a,dpu,4209.19,4231.89
6,616,g_a,dpu,4231.89,4239.33
6,616,g_a_cpu,cpu,4239.33,4239.91
6,616,h_a,dpu,4239.91,4242.79
6,616,eb_enc,cpu,4242.79,4242.92
6,616,eb_dec,cpu,4242.92,4243.04
6,616,h_s,dpu,4243.04,4244.65
6,616,gc,cpu,4244.65,4259.7
6,624,normalize,cpu,4260.34,4265.31
6,624,g_a_cpu,cpu,4265.31,4265.97
6,624,g_a,dpu,4265.99,4295.16
6,624,g_a,dpu,4295.16,4300.32
6,624,g_a_cpu,cpu,4300.32,4300.71
6,624,h_a,dpu,4300.72,4314.06
6,624,eb_enc,cpu,4314.06,4314.18
6,624,eb_dec,cpu,4314.18,4314.32
6,624,h_s,dpu,4314.32,4315.3
6,624,gc,cpu,4315.3,4325.31
6,634,normalize,cpu,4326.05,4350.73
6,634,g_a_cpu,cpu,4350.73,4351.32
6,634,g_a,dpu,4351.33,4367.14
6,634,g_a,dpu,4367.14,4403.03
6,634,g_a_cpu,cpu,4403.03,4403.6
6,634,h_a,dpu,4403.6,4411.41
6,634,eb_enc,cpu,4411.41,4411.55
6,634,eb_dec,cpu,4411.55,4411.65
6,634,h_s,dpu,4411.65,4427.1
6,634,gc,cpu,4427.1,4437.37
6,649,normalize,cpu,4438.22,4454.06
6,649,g_a_cpu,cpu,4454.06,4454.48
6,649,g_a,dpu,4454.49,4459.68
6,649,g_a,dpu,4459.68,4471.27
6,649,g_a_cpu,cpu,4471.27,4471.78
6,649,h_a,dpu,4471.78,4494.76
6,649,eb_enc,cpu,4494.76,4494.91
6,649,eb_dec,cpu,4494.92,4495.02
6,649,h_s,dpu,4495.02,4517.12
6,649,gc,cpu,4517.12,4528.02
6,662,normalize,cpu,4528.93,4544.13
6,662,g_a_cpu,cpu,4544.13,4544.47
6,662,g_a,dpu,4544.47,4552.84
6,662,g_a,dpu,4552.84,4562.52
6,662,g_a_cpu,cpu,4562.52,4562.99
6,662,h_a,dpu,4562.99,4564.53
6,662,eb_enc,cpu,4564.53,4564.67
6,662,eb_dec,cpu,4564.67,4564.79
6,662,h_s,dpu,4564.79,4579.4
6,662,gc,cpu,4579.41,4590.93
6,672,normalize,cpu,4592.93,4598.13
6,672,g_a_cpu,cpu,4598.13,4598.57
6,672,g_a,dpu,4598.58,4611.4
6,672,g_a,dpu,4611.41,4641.34
6,672,g_a_cpu,cpu,4641.35,4641.9
6,672,h_a,dpu,4641.9,4659.74
6,672,eb_enc,cpu,4659.74,4659.92
6,672,eb_dec,cpu,4659.92,4660.03
6,672,h_s,dpu,4660.03,4665.76
6,672,gc,cpu,4665.76,4683.76
6,687,normalize,cpu,4684.56,4690.01
6,687,g_a_cpu,cpu,4690.01,4690.63
6,687,g_a,dpu,4690.64,4707.02
6,687,g_a,dpu,4707.02,4727.08
6,687,g_a_cpu,cpu,4727.08,4727.74
6,687,h_a,dpu,4727.74,4733.28
6,687,eb_enc,cpu,4733.28,4733.45
6,687,eb_dec,cpu,4733.46,4733.58
6,687,h_s,dpu,4733.58,4735.48
6,687,gc,cpu,4735.48,4753.16
6,697,normalize,cpu,4754.09,4760.91
6,697,g_a_cpu,cpu,4760.91,4761.63
6,697,g_a,dpu,4761.64,4803.12
6,697,g_a,dpu,4803.12,4808.82
6,697,g_a_cpu,cpu,4808.82,4809.26
6,697,h_a,dpu,4809.27,4811.43
6,697,eb_enc,cpu,4811.44,4811.56
6,697,eb_dec,cpu,4811.56,4811.67
6,697,h_s,dpu,4811.67,4813.02
6,697,gc,cpu,4813.02,4824.43
6,706,normalize,cpu,4825.03,4828.87
6,706,g_a_cpu,cpu,4828.88,4829.38
6,706,g_a,dpu,4829.38,4841.4
6,706,g_a,dpu,4841.4,4876.16
6,706,g_a_cpu,cpu,4876.16,4876.53
6,706,h_a,dpu,4876.54,4877.97
6,706,eb_enc,cpu,4877.97,4878.1
6,706,eb_dec,cpu,4878.1,4878.21
6,706,h_s,dpu,4878.21,4879.32
6,706,gc,cpu,4879.32,4889.63
6,719,normalize,cpu,4890.39,4894.02
6,719,g_a_cpu,cpu,4894.02,4898.64
6,719,g_a,dpu,4898.64,4924.15
6,719,g_a,dpu,4924.15,4933.58
6,719,g_a_cpu,cpu,4933.58,4934.23
6,719,h_a,dpu,4934.23,4950.44
6,719,eb_enc,cpu,4950.44,4950.62
6,719,eb_dec,cpu,4950.62,4950.74
6,719,h_s,dpu,4950.74,4951.84
6,719,gc,cpu,4951.84,4969.5
6,730,normalize,cpu,4970.14,4973.98
6,730,g_a_cpu,cpu,4973.99,4974.38
6,730,g_a,dpu,4974.39,4990.97
6,730,g_a,dpu,4990.98,5002.88
6,730,g_a_cpu,cpu,5002.88,5003.29
6,730,h_a,dpu,5003.29,5027.46
6,730,eb_enc,cpu,5027.46,5027.59
6,730,eb_dec,cpu,5027.59,5027.69
6,730,h_s,dpu,5027.69,5092.17
6,730,gc,cpu,5092.18,5103.85
6,751,normalize,cpu,5105.06,5108.81
6,751,g_a_cpu,cpu,5108.83,5109.51
6,751,g_a,dpu,5109.52,5139.62
6,751,g_a,dpu,5139.63,5152.3
6,751,g_a_cpu,cpu,5152.3,5153.17
6,751,h_a,dpu,5153.18,5157.05
6,751,eb_enc,cpu,5157.05,5157.3
6,751,eb_dec,cpu,5157.3,5157.46
6,751,h_s,dpu,5157.46,5168.19
6,751,gc,cpu,5168.2,5179.97
6,762,normalize,cpu,5180.54,5185.86
6,762,g_a_cpu,cpu,5185.87,5186.8
6,762,g_a,dpu,5186.81,5204.66
6,762,g_a,dpu,5204.66,5227.06
6,762,g_a_cpu,cpu,5227.06,5227.46
6,762,h_a,dpu,5227.46,5229.52
6,762,eb_enc,cpu,5229.52,5229.67
6,762,eb_dec,cpu,5229.67,5229.78
6,762,h_s,dpu,5229.78,5230.82
6,762,gc,cpu,5230.82,5241.72
6,769,normalize,cpu,5242.37,5270.54
6,769,g_a_cpu,cpu,5270.54,5270.92
6,769,g_a,dpu,5270.92,5283.2
6,769,g_a,dpu,5283.2,5289.18
6,769,g_a_cpu,cpu,5289.18,5290.1
6,769,h_a,dpu,5290.1,5291.97
6,769,eb_enc,cpu,5291.97,5292.11
6,769,eb_dec,cpu,5292.11,5292.21
6,769,h_s,dpu,5292.21,5293.47
6,769,gc,cpu,5293.47,5303.94
6,780,normalize,cpu,5304.59,5308.39
6,780,g_a_cpu,cpu,5308.39,5309.2
6,780,g_a,dpu,5309.21,5338.52
6,780,g_a,dpu,5338.52,5358.01
6,780,g_a_cpu,cpu,5358.01,5358.53
6,780,h_a,dpu,5358.54,5404.24
6,780,eb_enc,cpu,5404.24,5404.39
6,780,eb_dec,cpu,5404.39,5404.55
6,780,h_s,dpu,5404.55,5412.61
6,780,gc,cpu,5412.61,5425.6
6,799,normalize,cpu,5426.14,5431.17
6,799,g_a_cpu,cpu,5431.17,5431.54
6,799,g_a,dpu,5431.55,5446.64
6,799,g_a,dpu,5446.64,5451.98
6,799,g_a_cpu,cpu,5451.98,5452.45
6,799,h_a,dpu,5452.46,5454.05
6,799,eb_enc,cpu,5454.05,5454.25
6,799,eb_dec,cpu,5454.25,5454.42
6,799,h_s,dpu,5454.42,5470
6,799,gc,cpu,5470,5483.76
6,808,normalize,cpu,5486.28,5493.13
6,808,g_a_cpu,cpu,5493.14,5493.5
6,808,g_a,dpu,5493.5,5499.4
6,808,g_a,dpu,5499.41,5510.36
6,808,g_a_cpu,cpu,5510.36,5510.76
6,808,h_a,dpu,5510.76,5512.2
6,808,eb_enc,cpu,5512.2,5512.34
6,808,eb_dec,cpu,5512.34,5512.45
6,808,h_s,dpu,5512.45,5513.45
6,808,gc,cpu,5513.45,5524.5
6,815,normalize,cpu,5525.13,5528.89
6,815,g_a_cpu,cpu,5528.89,5529.27
6,815,g_a,dpu,5529.27,5546.17
6,815,g_a,dpu,5546.17,5562.42
6,815,g_a_cpu,cpu,5562.42,5562.81
6,815,h_a,dpu,5562.81,5564.11
6,815,eb_enc,cpu,5564.11,5564.26
6,815,eb_dec,cpu,5564.26,5564.37
6,815,h_s,dpu,5564.37,5572.54
6,815,gc,cpu,5572.55,5600.93
6,827,normalize,cpu,5602.76,5606.56
6,827,g_a_cpu,cpu,5606.57,5607
6,827,g_a,dpu,5607,5638.09
6,827,g_a,dpu,5638.09,5655.03
6,827,g_a_cpu,cpu,5655.03,5655.62
6,827,h_a,dpu,5655.62,5664.32
6,827,eb_enc,cpu,5664.32,5664.45
6,827,eb_dec,cpu,5664.45,5664.56
6,827,h_s,dpu,5664.56,5666.78
6,827,gc,cpu,5666.79,5683.28
6,838,normalize,cpu,5683.96,5688.46
6,838,g_a_cpu,cpu,5688.47,5688.83
6,838,g_a,dpu,5688.84,5720.48
6,838,g_a,dpu,5720.48,5739.61
6,838,g_a_cpu,cpu,5739.61,5740.01
6,838,h_a,dpu,5740.01,5741.64
6,838,eb_enc,cpu,5741.64,5741.82
6,838,eb_dec,cpu,5741.82,5741.94
6,838,h_s,dpu,5741.94,5747.24
6,838,gc,cpu,5747.24,5763.13
6,851,normalize,cpu,5763.99,5770.42
6,851,g_a_cpu,cpu,5770.42,5771.05
6,851,g_a,dpu,5771.06,5778.59
6,851,g_a,dpu,5778.6,5785.56
6,851,g_a_cpu,cpu,5785.56,5786.24
6,851,h_a,dpu,5786.24,5828.56
6,851,eb_enc,cpu,5828.56,5828.78
6,851,eb_dec,cpu,5828.78,5828.91
6,851,h_s,dpu,5828.91,5834.62
6,851,gc,cpu,5834.62,5844.94
6,862,normalize,cpu,5845.49,5860.32
6,862,g_a_cpu,cpu,5860.33,5860.95
6,862,g_a,dpu,5860.95,5891.46
6,862,g_a,dpu,5891.46,5897.18
6,862,g_a_cpu,cpu,5897.18,5897.56
6,862,h_a,dpu,5897.56,5899.2
6,862,eb_enc,cpu,5899.2,5899.33
6,862,eb_dec,cpu,5899.33,5899.43
6,862,h_s,dpu,5899.43,5900.55
6,862,gc,cpu,5900.55,5927.75
6,877,normalize,cpu,5928.38,5932.26
6,877,g_a_cpu,cpu,5932.27,5932.64
6,877,g_a,dpu,5932.65,5942.94
6,877,g_a,dpu,5942.94,5958.47
6,877,g_a_cpu,cpu,5958.47,5958.95
6,877,h_a,dpu,5958.95,5961.33
6,877,eb_enc,cpu,5961.33,5961.52
6,877,eb_dec,cpu,5961.52,5961.65
6,877,h_s,dpu,5961.65,5974.46
6,877,gc,cpu,5974.46,5984.73
6,885,normalize,cpu,5985.35,5989.81
6,885,g_a_cpu,cpu,5989.81,5990.36
6,885,g_a,dpu,5990.36,6001.91
6,885,g_a,dpu,6001.91,6007.02
6,885,g_a_cpu,cpu,6007.03,6007.39
6,885,h_a,dpu,6007.39,6009.81
6,885,eb_enc,cpu,6009.82,6009.95
6,885,eb_dec,cpu,6009.95,6010.07
6,885,h_s,dpu,6010.07,6018.73
6,885,gc,cpu,6018.73,6029.3
6,891,normalize,cpu,6030.44,6034.08
6,891,g_a_cpu,cpu,6034.09,6034.55
6,891,g_a,dpu,6034.56,6067.07
6,891,g_a,dpu,6067.07,6090.61
6,891,g_a_cpu,cpu,6090.62,6091
6,891,h_a,dpu,6091.01,6092.49
6,891,eb_enc,cpu,6092.49,6092.63
6,891,eb_dec,cpu,6092.63,6092.74
6,891,h_s,dpu,6092.74,6094.09
6,891,gc,cpu,6094.09,6105.82
6,903,normalize,cpu,6106.47,6110.29
6,903,g_a_cpu,cpu,6110.29,6110.97
6,903,g_a,dpu,6110.98,6122.99
6,903,g_a,dpu,6122.99,6136.12
6,903,g_a_cpu,cpu,6136.13,6137
6,903,h_a,dpu,6137,6157.2
6,903,eb_enc,cpu,6157.2,6157.37
6,903,eb_dec,cpu,6157.37,6157.48
6,903,h_s,dpu,6157.48,6158.62
6,903,gc,cpu,6158.62,6184.32
6,914,normalize,cpu,6185,6195.39
6,914,g_a_cpu,cpu,6195.39,6195.86
6,914,g_a,dpu,6195.86,6207.16
6,914,g_a,dpu,6207.16,6222.31
6,914,g_a_cpu,cpu,6222.32,6222.94
6,914,h_a,dpu,6222.95,6241.08
6,914,eb_enc,cpu,6241.08,6241.23
6,914,eb_dec,cpu,6241.23,6241.33
6,914,h_s,dpu,6241.33,6242.47
6,914,gc,cpu,6242.47,6256.99
6,925,normalize,cpu,6257.77,6277.2
6,925,g_a_cpu,cpu,6277.2,6277.81
6,925,g_a,dpu,6277.81,6295.42
6,925,g_a,dpu,6295.42,6300.84
6,925,g_a_cpu,cpu,6300.84,6301.34
6,925,h_a,dpu,6301.34,6302.6
6,925,eb_enc,cpu,6302.6,6302.73
6,925,eb_dec,cpu,6302.73,6302.84
6,925,h_s,dpu,6302.84,6303.73
6,925,gc,cpu,6303.74,6313.69
7,9,normalize,cpu,79.7196,83.4139
7,9,g_a_cpu,cpu,83.5077,84.0001
7,9,g_a,dpu,84.0056,94.2459
7,9,g_a,dpu,94.291,113.322
7,9,g_a_cpu,cpu,113.324,114.213
7,9,h_a,dpu,114.224,152.185
7,9,eb_enc,cpu,152.187,152.365
7,9,eb_dec,cpu,152.367,152.487
7,9,h_s,dpu,152.487,153.952
7,9,gc,cpu,153.955,206.725
7,22,normalize,cpu,207.464,212.964
7,22,g_a_cpu,cpu,212.967,213.373
7,22,g_a,dpu,213.375,247.588
7,22,g_a,dpu,247.591,253.208
7,22,g_a_cpu,cpu,253.212,253.729
7,22,h_a,dpu,253.735,270.424
7,22,eb_enc,cpu,270.428,270.653
7,22,eb_dec,cpu,270.658,270.815
7,22,h_s,dpu,270.817,272.388
7,22,gc,cpu,272.389,287.213
7,32,normalize,cpu,288.415,298.869
7,32,g_a_cpu,cpu,298.873,299.28
7,32,g_a,dpu,299.287,304.569
7,32,g_a,dpu,304.57,339.608
7,32,g_a_cpu,cpu,339.611,339.989
7,32,h_a,dpu,339.991,342.407
7,32,eb_enc,cpu,342.408,342.555
7,32,eb_dec,cpu,342.556,342.672
7,32,h_s,dpu,342.672,345.008
7,32,gc,cpu,345.009,357.903
7,45,normalize,cpu,358.533,363.141
7,45,g_a_cpu,cpu,363.146,363.692
7,45,g_a,dpu,363.694,381.92
7,45,g_a,dpu,381.927,409.033
7,45,g_a_cpu,cpu,409.035,409.595
7,45,h_a,dpu,409.596,411.273
7,45,eb_enc,cpu,411.273,411.448
7,45,eb_dec,cpu,411.449,411.563
7,45,h_s,dpu,411.563,456.508
7,45,gc,cpu,456.512,477.369
7,61,normalize,cpu,478.029,481.71
7,61,g_a_cpu,cpu,481.719,482.144
7,61,g_a,dpu,482.149,527.82
7,61,g_a,dpu,527.827,550.432
7,61,g_a_cpu,cpu,550.434,550.984
7,61,h_a,dpu,550.988,567.8
7,61,eb_enc,cpu,567.802,567.939
7,61,eb_dec,cpu,567.94,568.047
7,61,h_s,dpu,568.047,569.257
7,61,gc,cpu,569.258,591.049
7,78,normalize,cpu,592.017,595.689
7,78,g_a_cpu,cpu,595.695,596.357
7,78,g_a,dpu,596.361,601.833
7,78,g_a,dpu,601.834,608.077
7,78,g_a_cpu,cpu,608.079,608.68
7,78,h_a,dpu,608.681,611.028
7,78,eb_enc,cpu,611.03,611.263
7,78,eb_dec,cpu,611.264,611.368
7,78,h_s,dpu,611.369,641.138
7,78,gc,cpu,641.139,651.28
7,86,normalize,cpu,651.977,667.593
7,86,g_a_cpu,cpu,667.596,667.995
7,86,g_a,dpu,667.998,683.858
7,86,g_a,dpu,683.859,725.63
7,86,g_a_cpu,cpu,725.632,726.11
7,86,h_a,dpu,726.13,732.405
7,86,eb_enc,cpu,732.406,732.596
7,86,eb_dec,cpu,732.597,732.72
7,86,h_s,dpu,732.72,734.826
7,86,gc,cpu,734.827,745.765
7,101,normalize,cpu,754.622,759.13
7,101,g_a_cpu,cpu,759.132,759.54
7,101,g_a,dpu,759.544,772.079
7,101,g_a,dpu,772.081,804.841
7,101,g_a_cpu,cpu,804.843,805.29
7,101,h_a,dpu,805.294,809.822
7,101,eb_enc,cpu,809.827,809.984
7,101,eb_dec,cpu,809.984,810.094
7,101,h_s,dpu,810.095,812.508
7,101,gc,cpu,812.509,822.747
7,113,normalize,cpu,835.531,839.192
7,113,g_a_cpu,cpu,839.196,839.735
7,113,g_a,dpu,839.738,876.018
7,113,g_a,dpu,876.019,890.82
7,113,g_a_cpu,cpu,890.826,891.439
7,113,h_a,dpu,891.443,896.159
7,113,eb_enc,cpu,896.161,896.331
7,113,eb_dec,cpu,896.333,896.459
7,113,h_s,dpu,896.459,901.022
7,113,gc,cpu,901.025,912.996
7,124,normalize,cpu,913.856,925.647
7,124,g_a_cpu,cpu,925.652,926.341
7,124,g_a,dpu,926.345,939.973
7,124,g_a,dpu,939.975,945.363
7,124,g_a_cpu,cpu,945.364,945.833
7,124,h_a,dpu,945.836,967.046
7,124,eb_enc,cpu,967.047,967.182
7,124,eb_dec,cpu,967.182,967.287
7,124,h_s,dpu,967.287,976.304
7,124,gc,cpu,976.305,988.424
7,135,normalize,cpu,989.244,993.87
7,135,g_a_cpu,cpu,993.873,1005.65
7,135,g_a,dpu,1005.65,1013.74
7,135,g_a,dpu,1013.74,1018.94
7,135,g_a_cpu,cpu,1018.94,1019.38
7,135,h_a,dpu,1019.38,1021.83
7,135,eb_enc,cpu,1021.84,1022.09
7,135,eb_dec,cpu,1022.09,1022.21
7,135,h_s,dpu,1022.21,1030.75
7,135,gc,cpu,1030.75,1042.53
7,146,normalize,cpu,1043.1,1047.75
7,146,g_a_cpu,cpu,1047.75,1048.33
7,146,g_a,dpu,1048.33,1073.58
7,146,g_a,dpu,1073.58,1097.51
7,146,g_a_cpu,cpu,1097.52,1098.02
7,146,h_a,dpu,1098.02,1118.36
7,146,eb_enc,cpu,1118.36,1118.54
7,146,eb_dec,cpu,1118.54,1118.67
7,146,h_s,dpu,1118.67,1129.1
7,146,gc,cpu,1129.1,1150.71
7,159,normalize,cpu,1151.81,1156.12
7,159,g_a_cpu,cpu,1156.12,1156.64
7,159,g_a,dpu,1156.65,1170.51
7,159,g_a,dpu,1170.51,1176.45
7,159,g_a_cpu,cpu,1176.45,1176.91
7,159,h_a,dpu,1176.91,1179.74
7,159,eb_enc,cpu,1179.74,1179.88
7,159,eb_dec,cpu,1179.88,1179.98
7,159,h_s,dpu,1179.98,1181.26
7,159,gc,cpu,1181.27,1198.75
7,170,normalize,cpu,1199.26,1202.95
7,170,g_a_cpu,cpu,1202.95,1203.31
7,170,g_a,dpu,1203.31,1211.28
7,170,g_a,dpu,1211.28,1226.11
7,170,g_a_cpu,cpu,1226.12,1226.68
7,170,h_a,dpu,1226.68,1239.29
7,170,eb_enc,cpu,1239.29,1239.63
7,170,eb_dec,cpu,1239.63,1239.81
7,170,h_s,dpu,1239.81,1257.38
7,170,gc,cpu,1257.38,1300.71
7,187,normalize,cpu,1327.47,1331.93
7,187,g_a_cpu,cpu,1331.94,1332.55
7,187,g_a,dpu,1332.56,1351.84
7,187,g_a,dpu,1351.85,1357.25
7,187,g_a_cpu,cpu,1357.25,1357.7
7,187,h_a,dpu,1357.71,1359.75
7,187,eb_enc,cpu,1359.76,1360.01
7,187,eb_dec,cpu,1360.01,1360.17
7,187,h_s,dpu,1360.17,1362.34
7,187,gc,cpu,1362.34,1406
7,199,normalize,cpu,1406.89,1410.62
7,199,g_a_cpu,cpu,1410.63,1411.2
7,199,g_a,dpu,1411.21,1424.44
7,199,g_a,dpu,1424.44,1440.3
7,199,g_a_cpu,cpu,1440.3,1442.54
7,199,h_a,dpu,1442.54,1450.36
7,199,eb_enc,cpu,1450.36,1450.59
7,199,eb_dec,cpu,1450.59,1450.72
7,199,h_s,dpu,1450.72,1462.76
7,199,gc,cpu,1462.76,1481.92
7,208,normalize,cpu,1482.56,1488.02
7,208,g_a_cpu,cpu,1488.03,1488.72
7,208,g_a,dpu,1488.72,1498.7
7,208,g_a,dpu,1498.71,1526.33
7,208,g_a_cpu,cpu,1526.33,1527.07
7,208,h_a,dpu,1527.08,1543.31
7,208,eb_enc,cpu,1543.31,1543.47
7,208,eb_dec,cpu,1543.47,1543.6
7,208,h_s,dpu,1543.6,1554.57
7,208,gc,cpu,1554.57,1573.31
7,223,normalize,cpu,1576.76,1584.04
7,223,g_a_cpu,cpu,1584.04,1584.79
7,223,g_a,dpu,1584.8,1608.7
7,223,g_a,dpu,1608.71,1623.12
7,223,g_a_cpu,cpu,1623.12,1623.65
7,223,h_a,dpu,1623.65,1631.61
7,223,eb_enc,cpu,1631.61,1631.82
7,223,eb_dec,cpu,1631.82,1631.96
7,223,h_s,dpu,1631.96,1647.05
7,223,gc,cpu,1647.05,1657.7
7,235,normalize,cpu,1658.39,1662.13
7,235,g_a_cpu,cpu,1662.13,1662.7
7,235,g_a,dpu,1662.7,1671.31
7,235,g_a,dpu,1671.31,1685.69
7,235,g_a_cpu,cpu,1685.69,1686.46
7,235,h_a,dpu,1686.46,1704.06
7,235,eb_enc,cpu,1704.06,1704.31
7,235,eb_dec,cpu,1704.31,1704.53
7,235,h_s,dpu,1704.53,1715.1
7,235,gc,cpu,1715.1,1731.83
7,245,normalize,cpu,1732.85,1745.37
7,245,g_a_cpu,cpu,1745.37,1745.78
7,245,g_a,dpu,1745.79,1762.49
7,245,g_a,dpu,1762.49,1780.37
7,245,g_a_cpu,cpu,1780.38,1780.92
7,245,h_a,dpu,1780.92,1787.01
7,245,eb_enc,cpu,1787.01,1787.21
7,245,eb_dec,cpu,1787.21,1787.33
7,245,h_s,dpu,1787.33,1799.12
7,245,gc,cpu,1799.12,1809.31
7,256,normalize,cpu,1810.85,1814.66
7,256,g_a_cpu,cpu,1814.67,1815
7,256,g_a,dpu,1815,1830.42
7,256,g_a,dpu,1830.42,1838.6
7,256,g_a_cpu,cpu,1838.6,1839.11
7,256,h_a,dpu,1839.11,1852.26
7,256,eb_enc,cpu,1852.26,1852.45
7,256,eb_dec,cpu,1852.45,1852.58
7,256,h_s,dpu,1852.58,1854.5
7,256,gc,cpu,1854.5,1865.25
7,265,normalize,cpu,1865.89,1870.32
7,265,g_a_cpu,cpu,1870.33,1870.84
7,265,g_a,dpu,1870.84,1883.85
7,265,g_a,dpu,1883.85,1898.89
7,265,g_a_cpu,cpu,1898.89,1899.54
7,265,h_a,dpu,1899.55,1917.57
7,265,eb_enc,cpu,1917.58,1917.73
7,265,eb_dec,cpu,1917.73,1917.84
7,265,h_s,dpu,1917.84,1919.35
7,265,gc,cpu,1919.35,1934.91
7,277,normalize,cpu,1935.48,1939.42
7,277,g_a_cpu,cpu,1939.42,1939.88
7,277,g_a,dpu,1939.89,1961.1
7,277,g_a,dpu,1961.1,1986.39
7,277,g_a_cpu,cpu,1986.39,1986.93
7,277,h_a,dpu,1986.93,1988.66
7,277,eb_enc,cpu,1988.66,1988.82
7,277,eb_dec,cpu,1988.82,1988.94
7,277,h_s,dpu,1988.94,1990.43
7,277,gc,cpu,1990.43,2004.77
7,290,normalize,cpu,2005.79,2009.53
7,290,g_a_cpu,cpu,2009.53,2009.86
7,290,g_a,dpu,2009.86,2025.01
7,290,g_a,dpu,2025.01,2067.5
7,290,g_a_cpu,cpu,2067.5,2068.17
7,290,h_a,dpu,2068.18,2071.09
7,290,eb_enc,cpu,2071.09,2071.24
7,290,eb_dec,cpu,2071.24,2071.36
7,290,h_s,dpu,2071.36,2073.2
7,290,gc,cpu,2073.21,2084.12
7,297,normalize,cpu,2085.09,2109.07
7,297,g_a_cpu,cpu,2109.08,2109.44
7,297,g_a,dpu,2109.45,2123.23
7,297,g_a,dpu,2123.23,2134.33
7,297,g_a_cpu,cpu,2134.33,2134.86
7,297,h_a,dpu,2134.86,2138.45
7,297,eb_enc,cpu,2138.45,2138.69
7,297,eb_dec,cpu,2138.69,2138.84
7,297,h_s,dpu,2138.84,2161.66
7,297,gc,cpu,2161.66,2171.89
7,311,normalize,cpu,2172.95,2177.36
7,311,g_a_cpu,cpu,2177.36,2177.85
7,311,g_a,dpu,2177.85,2184.39
7,311,g_a,dpu,2184.39,2189.77
7,311,g_a_cpu,cpu,2189.77,2190.36
7,311,h_a,dpu,2190.36,2231.12
7,311,eb_enc,cpu,2231.12,2231.35
7,311,eb_dec,cpu,2231.37,2231.49
7,311,h_s,dpu,2231.49,2232.8
7,311,gc,cpu,2232.8,2249.57
7,324,normalize,cpu,2255.63,2264.45
7,324,g_a_cpu,cpu,2264.46,2264.91
7,324,g_a,dpu,2264.92,2271.87
7,324,g_a,dpu,2271.87,2277.02
7,324,g_a_cpu,cpu,2277.02,2277.49
7,324,h_a,dpu,2277.49,2311.43
7,324,eb_enc,cpu,2311.43,2311.69
7,324,eb_dec,cpu,2311.69,2311.85
7,324,h_s,dpu,2311.86,2317.27
7,324,gc,cpu,2317.27,2329.59
7,335,normalize,cpu,2330.04,2345.46
7,335,g_a_cpu,cpu,2345.46,2345.97
7,335,g_a,dpu,2345.97,2355.11
7,335,g_a,dpu,2355.11,2360.44
7,335,g_a_cpu,cpu,2360.44,2360.97
7,335,h_a,dpu,2360.97,2390.21
7,335,eb_enc,cpu,2390.21,2390.4
7,335,eb_dec,cpu,2390.4,2390.51
7,335,h_s,dpu,2390.51,2402.33
7,335,gc,cpu,2402.33,2413.79
7,349,normalize,cpu,2414.5,2418.99
7,349,g_a_cpu,cpu,2419,2419.91
7,349,g_a,dpu,2419.92,2429.28
7,349,g_a,dpu,2429.29,2434.78
7,349,g_a_cpu,cpu,2434.78,2435.61
7,349,h_a,dpu,2435.62,2452.05
7,349,eb_enc,cpu,2452.06,2452.25
7,349,eb_dec,cpu,2452.25,2452.38
7,349,h_s,dpu,2452.38,2470.54
7,349,gc,cpu,2470.54,2484.59
7,358,normalize,cpu,2485.28,2507.01
7,358,g_a_cpu,cpu,2507.01,2507.64
7,358,g_a,dpu,2507.65,2514.69
7,358,g_a,dpu,2514.69,2521
7,358,g_a_cpu,cpu,2521,2521.58
7,358,h_a,dpu,2521.58,2524.19
7,358,eb_enc,cpu,2524.19,2524.32
7,358,eb_dec,cpu,2524.32,2524.46
7,358,h_s,dpu,2524.46,2525.68
7,358,gc,cpu,2525.68,2535.77
7,367,normalize,cpu,2536.35,2540.2
7,367,g_a_cpu,cpu,2540.2,2540.76
7,367,g_a,dpu,2540.76,2546.15
7,367,g_a,dpu,2546.15,2567.82
7,367,g_a_cpu,cpu,2567.82,2568.46
7,367,h_a,dpu,2568.47,2581.6
7,367,eb_enc,cpu,2581.6,2581.75
7,367,eb_dec,cpu,2581.75,2581.86
7,367,h_s,dpu,2581.86,2596.22
7,367,gc,cpu,2596.22,2609.91
7,379,normalize,cpu,2618.6,2622.32
7,379,g_a_cpu,cpu,2622.32,2622.76
7,379,g_a,dpu,2622.77,2630.95
7,379,g_a,dpu,2630.95,2646.42
7,379,g_a_cpu,cpu,2646.43,2646.96
7,379,h_a,dpu,2646.96,2659.49
7,379,eb_enc,cpu,2659.49,2659.64
7,379,eb_dec,cpu,2659.64,2659.75
7,379,h_s,dpu,2659.75,2661.68
7,379,gc,cpu,2661.68,2671.81
7,387,normalize,cpu,2672.44,2680.45
7,387,g_a_cpu,cpu,2680.46,2681.27
7,387,g_a,dpu,2681.27,2702.71
7,387,g_a,dpu,2702.72,2708.29
7,387,g_a_cpu,cpu,2708.29,2708.73
7,387,h_a,dpu,2708.73,2724.16
7,387,eb_enc,cpu,2724.16,2724.3
7,387,eb_dec,cpu,2724.3,2724.41
7,387,h_s,dpu,2724.41,2735.03
7,387,gc,cpu,2735.03,2745.34
7,397,normalize,cpu,2745.93,2749.72
7,397,g_a_cpu,cpu,2749.72,2750.09
7,397,g_a,dpu,2750.09,2755.49
7,397,g_a,dpu,2755.49,2766.44
7,397,g_a_cpu,cpu,2766.44,2767.06
7,397,h_a,dpu,2767.06,2769.9
7,397,eb_enc,cpu,2769.91,2770.06
7,397,eb_dec,cpu,2770.06,2770.17
7,397,h_s,dpu,2770.18,2771.44
7,397,gc,cpu,2771.44,2781.55
7,405,normalize,cpu,2792.32,2796.23
7,405,g_a_cpu,cpu,2796.24,2796.74
7,405,g_a,dpu,2796.75,2806.85
7,405,g_a,dpu,2806.86,2834.4
7,405,g_a_cpu,cpu,2834.41,2834.93
7,405,h_a,dpu,2834.93,2838.84
7,405,eb_enc,cpu,2838.84,2838.99
7,405,eb_dec,cpu,2838.99,2839.1
7,405,h_s,dpu,2839.1,2845.27
7,405,gc,cpu,2845.27,2866.52
7,417,normalize,cpu,2867.15,2878.84
7,417,g_a_cpu,cpu,2878.84,2879.18
7,417,g_a,dpu,2879.19,2908.47
7,417,g_a,dpu,2908.47,2919.51
7,417,g_a_cpu,cpu,2919.52,2919.89
7,417,h_a,dpu,2919.9,2921.68
7,417,eb_enc,cpu,2921.68,2921.82
7,417,eb_dec,cpu,2921.82,2921.93
7,417,h_s,dpu,2921.93,2935.01
7,417,gc,cpu,2935.01,2945.19
7,427,normalize,cpu,2946.03,2950.45
7,427,g_a_cpu,cpu,2950.45,2951.47
7,427,g_a,dpu,2951.48,2976.17
7,427,g_a,dpu,2976.17,2985.15
7,427,g_a_cpu,cpu,2985.15,2985.6
7,427,h_a,dpu,2985.6,2992.58
7,427,eb_enc,cpu,2992.58,2992.73
7,427,eb_dec,cpu,2992.74,2992.85
7,427,h_s,dpu,2992.85,3003.52
7,427,gc,cpu,3003.52,3013.65
7,439,normalize,cpu,3014.58,3018.98
7,439,g_a_cpu,cpu,3018.99,3019.64
7,439,g_a,dpu,3019.64,3052.78
7,439,g_a,dpu,3052.79,3064.06
7,439,g_a_cpu,cpu,3064.06,3064.49
7,439,h_a,dpu,3064.49,3072.67
7,439,eb_enc,cpu,3072.68,3072.81
7,439,eb_dec,cpu,3072.81,3072.92
7,439,h_s,dpu,3072.92,3074.06
7,439,gc,cpu,3074.06,3084.76
7,451,normalize,cpu,3085.5,3089.19
7,451,g_a_cpu,cpu,3089.2,3089.7
7,451,g_a,dpu,3089.71,3097.95
7,451,g_a,dpu,3097.95,3122.41
7,451,g_a_cpu,cpu,3122.42,3122.88
7,451,h_a,dpu,3122.89,3130.06
7,451,eb_enc,cpu,3130.06,3130.2
7,451,eb_dec,cpu,3130.2,3130.34
7,451,h_s,dpu,3130.34,3131.51
7,451,gc,cpu,3131.51,3142.47
7,459,normalize,cpu,3143.02,3146.76
7,459,g_a_cpu,cpu,3146.77,3147.2
7,459,g_a,dpu,3147.2,3158.56
7,459,g_a,dpu,3158.56,3168.74
7,459,g_a_cpu,cpu,3168.74,3169.45
7,459,h_a,dpu,3169.46,3194.49
7,459,eb_enc,cpu,3194.5,3194.84
7,459,eb_dec,cpu,3194.84,3195.02
7,459,h_s,dpu,3195.02,3221.51
7,459,gc,cpu,3221.51,3231.71
7,471,normalize,cpu,3232.43,3236.11
7,471,g_a_cpu,cpu,3236.12,3236.61
7,471,g_a,dpu,3236.61,3248.01
7,471,g_a,dpu,3248.01,3283.32
7,471,g_a_cpu,cpu,3283.32,3283.95
7,471,h_a,dpu,3283.96,3303
7,471,eb_enc,cpu,3303,3303.16
7,471,eb_dec,cpu,3303.16,3303.28
7,471,h_s,dpu,3303.28,3305.16
7,471,gc,cpu,3305.16,3315.85
7,485,normalize,cpu,3316.86,3320.64
7,485,g_a_cpu,cpu,3320.65,3321.14
7,485,g_a,dpu,3321.15,3328.9
7,485,g_a,dpu,3328.91,3345.49
7,485,g_a_cpu,cpu,3345.49,3345.89
7,485,h_a,dpu,3345.89,3375.66
7,485,eb_enc,cpu,3375.66,3375.87
7,485,eb_dec,cpu,3375.87,3376.05
7,485,h_s,dpu,3376.05,3387.53
7,485,gc,cpu,3387.53,3409.63
7,498,normalize,cpu,3415,3418.96
7,498,g_a_cpu,cpu,3418.96,3419.42
7,498,g_a,dpu,3419.42,3451.06
7,498,g_a,dpu,3451.07,3456.62
7,498,g_a_cpu,cpu,3456.63,3457.33
7,498,h_a,dpu,3457.33,3465.34
7,498,eb_enc,cpu,3465.34,3465.5
7,498,eb_dec,cpu,3465.5,3465.61
7,498,h_s,dpu,3465.61,3479.98
7,498,gc,cpu,3479.98,3491.33
7,512,normalize,cpu,3491.82,3495.59
7,512,g_a_cpu,cpu,3495.6,3497.48
7,512,g_a,dpu,3497.49,3514.65
7,512,g_a,dpu,3514.66,3538.89
7,512,g_a_cpu,cpu,3538.9,3539.73
7,512,h_a,dpu,3539.74,3550.44
7,512,eb_enc,cpu,3550.44,3550.6
7,512,eb_dec,cpu,3550.6,3550.72
7,512,h_s,dpu,3550.72,3562.7
7,512,gc,cpu,3562.71,3573.56
7,522,normalize,cpu,3574.5,3578.14
7,522,g_a_cpu,cpu,3578.15,3578.94
7,522,g_a,dpu,3578.95,3585.08
7,522,g_a,dpu,3585.08,3608.63
7,522,g_a_cpu,cpu,3608.63,3609.51
7,522,h_a,dpu,3609.52,3620.91
7,522,eb_enc,cpu,3620.91,3621.09
7,522,eb_dec,cpu,3621.1,3621.23
7,522,h_s,dpu,3621.23,3628.06
7,522,gc,cpu,3628.06,3649.11
7,533,normalize,cpu,3649.68,3653.38
7,533,g_a_cpu,cpu,3653.39,3653.8
7,533,g_a,dpu,3653.8,3692.33
7,533,g_a,dpu,3692.34,3697.45
7,533,g_a_cpu,cpu,3697.46,3697.87
7,533,h_a,dpu,3697.87,3704.72
7,533,eb_enc,cpu,3704.72,3704.89
7,533,eb_dec,cpu,3704.89,3705.01
7,533,h_s,dpu,3705.01,3732.53
7,533,gc,cpu,3732.53,3742.86
7,547,normalize,cpu,3743.49,3747.18
7,547,g_a_cpu,cpu,3747.18,3747.65
7,547,g_a,dpu,3747.66,3753.24
7,547,g_a,dpu,3753.24,3775.04
7,547,g_a_cpu,cpu,3775.04,3775.43
7,547,h_a,dpu,3775.44,3777.27
7,547,eb_enc,cpu,3777.28,3777.42
7,547,eb_dec,cpu,3777.42,3777.53
7,547,h_s,dpu,3777.53,3796.68
7,547,gc,cpu,3796.68,3807.94
7,558,normalize,cpu,3808.63,3812.99
7,558,g_a_cpu,cpu,3812.99,3813.43
7,558,g_a,dpu,3813.44,3840.9
7,558,g_a,dpu,3840.9,3866.2
7,558,g_a_cpu,cpu,3866.2,3866.66
7,558,h_a,dpu,3866.66,3869.04
7,558,eb_enc,cpu,3869.04,3869.21
7,558,eb_dec,cpu,3869.21,3869.33
7,558,h_s,dpu,3869.33,3879.35
7,558,gc,cpu,3879.36,3906.76
7,573,normalize,cpu,3907.41,3911.14
7,573,g_a_cpu,cpu,3911.15,3912.04
7,573,g_a,dpu,3912.04,3944.5
7,573,g_a,dpu,3944.51,3960.38
7,573,g_a_cpu,cpu,3960.38,3961.02
7,573,h_a,dpu,3961.02,3969.68
7,573,eb_enc,cpu,3969.68,3969.84
7,573,eb_dec,cpu,3969.84,3969.97
7,573,h_s,dpu,3969.97,3972.36
7,573,gc,cpu,3972.36,3982.24
7,584,normalize,cpu,3990.79,4009.39
7,584,g_a_cpu,cpu,4009.4,4009.89
7,584,g_a,dpu,4009.9,4045.01
7,584,g_a,dpu,4045.01,4053.45
7,584,g_a_cpu,cpu,4053.45,4054.25
7,584,h_a,dpu,4054.29,4064.93
7,584,eb_enc,cpu,4064.93,4065.09
7,584,eb_dec,cpu,4065.09,4065.21
7,584,h_s,dpu,4065.21,4066.57
7,584,gc,cpu,4066.57,4076.87
7,596,normalize,cpu,4077.44,4094.83
7,596,g_a_cpu,cpu,4094.84,4095.2
7,596,g_a,dpu,4095.21,4100.44
7,596,g_a,dpu,4100.44,4116.7
7,596,g_a_cpu,cpu,4116.71,4117.22
7,596,h_a,dpu,4117.22,4131.1
7,596,eb_enc,cpu,4131.1,4131.24
7,596,eb_dec,cpu,4131.24,4131.34
7,596,h_s,dpu,4131.34,4139.78
7,596,gc,cpu,4139.78,4150.17
7,606,normalize,cpu,4151.01,4154.67
7,606,g_a_cpu,cpu,4154.67,4155.76
7,606,g_a,dpu,4155.77,4161.46
7,606,g_a,dpu,4161.5,4174.5
7,606,g_a_cpu,cpu,4174.5,4174.99
7,606,h_a,dpu,4175,4177.42
7,606,eb_enc,cpu,4177.42,4177.61
7,606,eb_dec,cpu,4177.61,4177.73
7,606,h_s,dpu,4177.73,4191.3
7,606,gc,cpu,4191.3,4202.07
7,615,normalize,cpu,4202.74,4206.79
7,615,g_a_cpu,cpu,4206.8,4207.4
7,615,g_a,dpu,4207.41,4219.26
7,615,g_a,dpu,4219.27,4259.77
7,615,g_a_cpu,cpu,4259.78,4260.21
7,615,h_a,dpu,4260.22,4271.4
7,615,eb_enc,cpu,4271.4,4271.53
7,615,eb_dec,cpu,4271.53,4271.65
7,615,h_s,dpu,4271.65,4272.67
7,615,gc,cpu,4272.67,4289.13
7,628,normalize,cpu,4289.69,4301.36
7,628,g_a_cpu,cpu,4301.37,4302.16
7,628,g_a,dpu,4302.17,4330.38
7,628,g_a,dpu,4330.39,4348.4
7,628,g_a_cpu,cpu,4348.4,4349.34
7,628,h_a,dpu,4349.35,4358.1
7,628,eb_enc,cpu,4358.1,4358.36
7,628,eb_dec,cpu,4358.36,4358.49
7,628,h_s,dpu,4358.49,4372.56
7,628,gc,cpu,4372.56,4383.76
7,641,normalize,cpu,4384.26,4388.11
7,641,g_a_cpu,cpu,4388.11,4388.82
7,641,g_a,dpu,4388.82,4423.03
7,641,g_a,dpu,4423.03,4430.81
7,641,g_a_cpu,cpu,4430.81,4431.21
7,641,h_a,dpu,4431.22,4433.44
7,641,eb_enc,cpu,4433.45,4433.62
7,641,eb_dec,cpu,4433.62,4433.73
7,641,h_s,dpu,4433.73,4447.42
7,641,gc,cpu,4447.42,4457.54
7,653,normalize,cpu,4458.19,4462.68
7,653,g_a_cpu,cpu,4462.69,4463.05
7,653,g_a,dpu,4463.05,4473.05
7,653,g_a,dpu,4473.05,4492.06
7,653,g_a_cpu,cpu,4492.06,4492.48
7,653,h_a,dpu,4492.48,4495.25
7,653,eb_enc,cpu,4495.25,4495.42
7,653,eb_dec,cpu,4495.42,4495.53
7,653,h_s,dpu,4495.53,4496.7
7,653,gc,cpu,4496.7,4506.96
7,658,normalize,cpu,4507.52,4511.27
7,658,g_a_cpu,cpu,4511.27,4511.65
7,658,g_a,dpu,4511.65,4539.64
7,658,g_a,dpu,4539.64,4545.01
7,658,g_a_cpu,cpu,4545.01,4545.58
7,658,h_a,dpu,4545.59,4547.78
7,658,eb_enc,cpu,4547.78,4547.95
7,658,eb_dec,cpu,4547.95,4548.06
7,658,h_s,dpu,4548.06,4549.35
7,658,gc,cpu,4549.35,4560.31
7,667,normalize,cpu,4560.89,4564.64
7,667,g_a_cpu,cpu,4564.65,4565.08
7,667,g_a,dpu,4565.08,4600.02
7,667,g_a,dpu,4600.02,4610.86
7,667,g_a_cpu,cpu,4610.86,4611.66
7,667,h_a,dpu,4611.67,4634.06
7,667,eb_enc,cpu,4634.06,4634.21
7,667,eb_dec,cpu,4634.22,4634.36
7,667,h_s,dpu,4634.36,4642.65
7,667,gc,cpu,4642.65,4654.12
7,681,normalize,cpu,4654.72,4658.47
7,681,g_a_cpu,cpu,4658.48,4659.19
7,681,g_a,dpu,4659.2,4682.58
7,681,g_a,dpu,4682.58,4688.19
7,681,g_a_cpu,cpu,4688.2,4688.98
7,681,h_a,dpu,4688.99,4706.2
7,681,eb_enc,cpu,4706.2,4706.38
7,681,eb_dec,cpu,4706.38,4706.5
7,681,h_s,dpu,4706.5,4708.13
7,681,gc,cpu,4708.13,4718.43
7,691,normalize,cpu,4719.43,4732.91
7,691,g_a_cpu,cpu,4732.92,4733.44
7,691,g_a,dpu,4733.45,4759.88
7,691,g_a,dpu,4759.88,4783.97
7,691,g_a_cpu,cpu,4783.97,4784.87
7,691,h_a,dpu,4784.88,4804.5
7,691,eb_enc,cpu,4804.5,4804.72
7,691,eb_dec,cpu,4804.72,4804.85
7,691,h_s,dpu,4804.85,4806.02
7,691,gc,cpu,4806.02,4835.44
7,709,normalize,cpu,4836.09,4843.04
7,709,g_a_cpu,cpu,4843.04,4843.37
7,709,g_a,dpu,4843.37,4848.93
7,709,g_a,dpu,4848.93,4868.66
7,709,g_a_cpu,cpu,4868.66,4869.07
7,709,h_a,dpu,4869.07,4871.52
7,709,eb_enc,cpu,4871.52,4871.7
7,709,eb_dec,cpu,4871.7,4871.81
7,709,h_s,dpu,4871.81,4873.03
7,709,gc,cpu,4873.03,4883.32
7,717,normalize,cpu,4884.29,4888.88
7,717,g_a_cpu,cpu,4888.88,4889.61
7,717,g_a,dpu,4889.61,4895.84
7,717,g_a,dpu,4895.84,4903.91
7,717,g_a_cpu,cpu,4903.91,4904.31
7,717,h_a,dpu,4904.31,4906.2
7,717,eb_enc,cpu,4906.2,4906.39
7,717,eb_dec,cpu,4906.39,4906.5
7,717,h_s,dpu,4906.5,4907.68
7,717,gc,cpu,4907.68,4928.81
7,724,normalize,cpu,4929.78,4933.53
7,724,g_a_cpu,cpu,4933.54,4934.1
7,724,g_a,dpu,4934.1,4942.65
7,724,g_a,dpu,4942.65,4954.62
7,724,g_a_cpu,cpu,4954.63,4955.23
7,724,h_a,dpu,4955.23,4968.18
7,724,eb_enc,cpu,4968.19,4968.37
7,724,eb_dec,cpu,4968.37,4968.5
7,724,h_s,dpu,4968.5,4979.68
7,724,gc,cpu,4979.68,4990.62
7,734,normalize,cpu,4992.73,4996.49
7,734,g_a_cpu,cpu,4996.5,4996.98
7,734,g_a,dpu,4996.99,5015.86
7,734,g_a,dpu,5015.86,5021.25
7,734,g_a_cpu,cpu,5021.25,5021.73
7,734,h_a,dpu,5021.73,5025.7
7,734,eb_enc,cpu,5025.7,5025.86
7,734,eb_dec,cpu,5025.86,5025.98
7,734,h_s,dpu,5025.98,5048.42
7,734,gc,cpu,5048.42,5058.79
7,743,normalize,cpu,5059.54,5063.25
7,743,g_a_cpu,cpu,5063.26,5063.75
7,743,g_a,dpu,5063.75,5076.03
7,743,g_a,dpu,5076.03,5081.42
7,743,g_a_cpu,cpu,5081.43,5081.81
7,743,h_a,dpu,5081.81,5083.81
7,743,eb_enc,cpu,5083.81,5083.96
7,743,eb_dec,cpu,5083.96,5084.07
7,743,h_s,dpu,5084.07,5085.35
7,743,gc,cpu,5085.35,5100.34
7,750,normalize,cpu,5101.77,5105.53
7,750,g_a_cpu,cpu,5105.54,5105.94
7,750,g_a,dpu,5105.94,5116.72
7,750,g_a,dpu,5116.73,5134.5
7,750,g_a_cpu,cpu,5134.5,5135.28
7,750,h_a,dpu,5135.28,5146.58
7,750,eb_enc,cpu,5146.59,5146.76
7,750,eb_dec,cpu,5146.76,5146.89
7,750,h_s,dpu,5146.89,5149.06
7,750,gc,cpu,5149.06,5162.31
7,759,normalize,cpu,5162.83,5166.72
7,759,g_a_cpu,cpu,5166.74,5167.61
7,759,g_a,dpu,5167.61,5188.97
7,759,g_a,dpu,5188.97,5194.08
7,759,g_a_cpu,cpu,5194.08,5194.73
7,759,h_a,dpu,5194.73,5208.43
7,759,eb_enc,cpu,5208.43,5208.61
7,759,eb_dec,cpu,5208.61,5208.72
7,759,h_s,dpu,5208.72,5210.09
7,759,gc,cpu,5210.1,5256.36
7,772,normalize,cpu,5257.01,5260.74
7,772,g_a_cpu,cpu,5260.74,5261.09
7,772,g_a,dpu,5261.09,5302.78
7,772,g_a,dpu,5302.78,5308.13
7,772,g_a_cpu,cpu,5308.13,5308.78
7,772,h_a,dpu,5308.79,5320.63
7,772,eb_enc,cpu,5320.63,5320.8
7,772,eb_dec,cpu,5320.8,5320.91
7,772,h_s,dpu,5320.91,5322.16
7,772,gc,cpu,5322.16,5332.54
7,784,normalize,cpu,5333.27,5337.72
7,784,g_a_cpu,cpu,5337.72,5338.12
7,784,g_a,dpu,5338.12,5369.21
7,784,g_a,dpu,5369.21,5374.56
7,784,g_a_cpu,cpu,5374.56,5375.41
7,784,h_a,dpu,5375.41,5387.74
7,784,eb_enc,cpu,5387.74,5387.95
7,784,eb_dec,cpu,5387.95,5388.08
7,784,h_s,dpu,5388.08,5393.84
7,784,gc,cpu,5393.84,5407.84
7,796,normalize,cpu,5408.51,5423.45
7,796,g_a_cpu,cpu,5423.45,5424.02
7,796,g_a,dpu,5424.02,5451.08
7,796,g_a,dpu,5451.09,5473.34
7,796,g_a_cpu,cpu,5473.34,5473.91
7,796,h_a,dpu,5473.91,5503.89
7,796,eb_enc,cpu,5503.89,5504.02
7,796,eb_dec,cpu,5504.02,5504.12
7,796,h_s,dpu,5504.12,5505.17
7,796,gc,cpu,5505.17,5516.14
7,812,normalize,cpu,5516.96,5530.48
7,812,g_a_cpu,cpu,5530.49,5530.8
7,812,g_a,dpu,5530.8,5538.11
7,812,g_a,dpu,5538.11,5570.35
7,812,g_a_cpu,cpu,5570.35,5570.81
7,812,h_a,dpu,5570.81,5600.42
7,812,eb_enc,cpu,5600.42,5600.56
7,812,eb_dec,cpu,5600.56,5600.66
7,812,h_s,dpu,5600.66,5602.03
7,812,gc,cpu,5602.03,5612.78
7,828,normalize,cpu,5615.55,5630.73
7,828,g_a_cpu,cpu,5630.73,5631.24
7,828,g_a,dpu,5631.25,5641.23
7,828,g_a,dpu,5641.24,5652.21
7,828,g_a_cpu,cpu,5652.21,5652.62
7,828,h_a,dpu,5652.62,5654.47
7,828,eb_enc,cpu,5654.48,5654.74
7,828,eb_dec,cpu,5654.74,5654.89
7,828,h_s,dpu,5654.89,5667.61
7,828,gc,cpu,5667.61,5686.28
7,839,normalize,cpu,5686.86,5691.33
7,839,g_a_cpu,cpu,5691.33,5691.77
7,839,g_a,dpu,5691.78,5697.11
7,839,g_a,dpu,5697.11,5710.44
7,839,g_a_cpu,cpu,5710.44,5710.93
7,839,h_a,dpu,5710.93,5722.98
7,839,eb_enc,cpu,5722.98,5723.16
7,839,eb_dec,cpu,5723.16,5723.28
7,839,h_s,dpu,5723.28,5738.76
7,839,gc,cpu,5738.76,5750.32
7,847,normalize,cpu,5751.15,5765.88
7,847,g_a_cpu,cpu,5765.88,5766.58
7,847,g_a,dpu,5766.59,5771.94
7,847,g_a,dpu,5771.94,5777.21
7,847,g_a_cpu,cpu,5777.22,5777.7
7,847,h_a,dpu,5777.7,5784.74
7,847,eb_enc,cpu,5784.74,5784.92
7,847,eb_dec,cpu,5784.92,5785.05
7,847,h_s,dpu,5785.05,5799.8
7,847,gc,cpu,5799.81,5825.37
7,859,normalize,cpu,5825.94,5847.66
7,859,g_a_cpu,cpu,5847.66,5848.07
7,859,g_a,dpu,5848.07,5853.44
7,859,g_a,dpu,5853.44,5862.82
7,859,g_a_cpu,cpu,5862.83,5863.36
7,859,h_a,dpu,5863.37,5878.94
7,859,eb_enc,cpu,5878.94,5879.13
7,859,eb_dec,cpu,5879.13,5879.26
7,859,h_s,dpu,5879.26,5895.97
7,859,gc,cpu,5895.98,5906.16
7,871,normalize,cpu,5918.71,5922.47
7,871,g_a_cpu,cpu,5922.47,5922.9
7,871,g_a,dpu,5922.9,5929.12
7,871,g_a,dpu,5929.13,5934.44
7,871,g_a_cpu,cpu,5934.44,5935.01
7,871,h_a,dpu,5935.01,5950.07
7,871,eb_enc,cpu,5950.07,5950.21
7,871,eb_dec,cpu,5950.21,5950.37
7,871,h_s,dpu,5950.37,5974.41
7,871,gc,cpu,5974.41,5992.57
7,887,normalize,cpu,5993.39,5997.04
7,887,g_a_cpu,cpu,5997.04,5997.68
7,887,g_a,dpu,5997.68,6013.88
7,887,g_a,dpu,6013.88,6029.54
7,887,g_a_cpu,cpu,6029.54,6030.19
7,887,h_a,dpu,6030.19,6054.49
7,887,eb_enc,cpu,6054.49,6054.66
7,887,eb_dec,cpu,6054.66,6054.77
7,887,h_s,dpu,6054.77,6056.41
7,887,gc,cpu,6056.41,6067.11
7,898,normalize,cpu,6067.93,6082.94
7,898,g_a_cpu,cpu,6082.95,6083.3
7,898,g_a,dpu,6083.3,6093.21
7,898,g_a,dpu,6093.21,6111.96
7,898,g_a_cpu,cpu,6111.96,6112.36
7,898,h_a,dpu,6112.37,6139.21
7,898,eb_enc,cpu,6139.21,6139.39
7,898,eb_dec,cpu,6139.39,6139.5
7,898,h_s,dpu,6139.5,6144.28
7,898,gc,cpu,6144.29,6169.57
7,912,normalize,cpu,6172.99,6182.43
7,912,g_a_cpu,cpu,6182.44,6186.68
7,912,g_a,dpu,6186.68,6203.21
7,912,g_a,dpu,6203.21,6217.81
7,912,g_a_cpu,cpu,6217.82,6218.42
7,912,h_a,dpu,6218.42,6230.51
7,912,eb_enc,cpu,6230.51,6230.65
7,912,eb_dec,cpu,6230.65,6230.76
7,912,h_s,dpu,6230.76,6231.85
7,912,gc,cpu,6231.85,6242.09
7,923,normalize,cpu,6242.89,6247.12
7,923,g_a_cpu,cpu,6247.13,6247.64
7,923,g_a,dpu,6247.65,6252.99
7,923,g_a,dpu,6252.99,6258.34
7,923,g_a_cpu,cpu,6258.34,6258.73
7,923,h_a,dpu,6258.73,6270.48
7,923,eb_enc,cpu,6270.48,6270.7
7,923,eb_dec,cpu,6270.7,6270.84
7,923,h_s,dpu,6270.84,6272.7
7,923,gc,cpu,6272.7,6283.77
8,2,normalize,cpu,66.8405,79.1316
8,2,g_a_cpu,cpu,79.1822,79.5572
8,2,g_a,dpu,79.563,86.2341
8,2,g_a,dpu,86.2379,118
8,2,g_a_cpu,cpu,118.005,118.595
8,2,h_a,dpu,118.617,124.652
8,2,eb_enc,cpu,124.656,124.948
8,2,eb_dec,cpu,124.952,125.126
8,2,h_s,dpu,125.127,134.712
8,2,gc,cpu,134.719,186.247
8,19,normalize,cpu,190.475,204.867
8,19,g_a_cpu,cpu,204.871,205.354
8,19,g_a,dpu,205.359,254.649
8,19,g_a,dpu,254.653,261.414
8,19,g_a_cpu,cpu,261.418,262.168
8,19,h_a,dpu,262.17,265.329
8,19,eb_enc,cpu,265.33,265.5
8,19,eb_dec,cpu,265.503,265.625
8,19,h_s,dpu,265.625,307.965
8,19,gc,cpu,307.967,319.069
8,39,normalize,cpu,319.711,323.398
8,39,g_a_cpu,cpu,323.402,323.725
8,39,g_a,dpu,323.729,340.728
8,39,g_a,dpu,340.731,348.993
8,39,g_a_cpu,cpu,348.995,349.437
8,39,h_a,dpu,349.44,353.467
8,39,eb_enc,cpu,353.469,353.765
8,39,eb_dec,cpu,353.768,353.945
8,39,h_s,dpu,353.946,366.424
8,39,gc,cpu,366.424,386.185
8,48,normalize,cpu,388.041,396.286
8,48,g_a_cpu,cpu,396.291,396.647
8,48,g_a,dpu,396.651,411.831
8,48,g_a,dpu,411.842,428.868
8,48,g_a_cpu,cpu,428.872,429.697
8,48,h_a,dpu,429.701,450.521
8,48,eb_enc,cpu,450.524,450.749
8,48,eb_dec,cpu,450.751,450.914
8,48,h_s,dpu,450.915,452.457
8,48,gc,cpu,452.458,471.962
8,60,normalize,cpu,472.619,484.531
8,60,g_a_cpu,cpu,484.537,485.229
8,60,g_a,dpu,485.234,499.647
8,60,g_a,dpu,499.648,521.732
8,60,g_a_cpu,cpu,521.735,522.505
8,60,h_a,dpu,522.513,552.503
8,60,eb_enc,cpu,552.504,552.654
8,60,eb_dec,cpu,552.655,552.767
8,60,h_s,dpu,552.767,554.775
8,60,gc,cpu,554.777,565.362
8,72,normalize,cpu,565.891,588.764
8,72,g_a_cpu,cpu,588.769,589.274
8,72,g_a,dpu,589.279,606.221
8,72,g_a,dpu,606.222,621.255
8,72,g_a_cpu,cpu,621.259,622.031
8,72,h_a,dpu,622.034,646.535
8,72,eb_enc,cpu,646.537,646.719
8,72,eb_dec,cpu,646.721,646.848
8,72,h_s,dpu,646.849,670.922
8,72,gc,cpu,670.924,681.523
8,91,normalize,cpu,682.969,694.505
8,91,g_a_cpu,cpu,694.51,695.03
8,91,g_a,dpu,695.034,700.879
8,91,g_a,dpu,700.882,717.256
8,91,g_a_cpu,cpu,717.258,717.624
8,91,h_a,dpu,717.633,720.971
8,91,eb_enc,cpu,720.972,721.15
8,91,eb_dec,cpu,721.152,721.273
8,91,h_s,dpu,721.274,728.085
8,91,gc,cpu,728.086,738.617
8,100,normalize,cpu,740.397,744.085
8,100,g_a_cpu,cpu,744.092,744.619
8,100,g_a,dpu,744.623,778.85
8,100,g_a,dpu,778.851,815.272
8,100,g_a_cpu,cpu,815.273,815.645
8,100,h_a,dpu,815.647,829.003
8,100,eb_enc,cpu,829.004,829.205
8,100,eb_dec,cpu,829.206,829.341
8,100,h_s,dpu,829.342,831.754
8,100,gc,cpu,831.755,844.208
8,116,normalize,cpu,844.794,849.227
8,116,g_a_cpu,cpu,849.241,851.661
8,116,g_a,dpu,851.667,881.74
8,116,g_a,dpu,881.745,894.053
8,116,g_a_cpu,cpu,894.056,894.62
8,116,h_a,dpu,894.625,899.634
8,116,eb_enc,cpu,899.652,899.862
8,116,eb_dec,cpu,899.865,900.018
8,116,h_s,dpu,900.018,955.045
8,116,gc,cpu,955.046,966.479
8,132,normalize,cpu,967.749,971.676
8,132,g_a_cpu,cpu,971.68,972.117
8,132,g_a,dpu,972.12,1002.53
8,132,g_a,dpu,1002.53,1014.57
8,132,g_a_cpu,cpu,1014.58,1015.04
8,132,h_a,dpu,1015.04,1033.28
8,132,eb_enc,cpu,1033.29,1033.42
8,132,eb_dec,cpu,1033.42,1033.53
8,132,h_s,dpu,1033.53,1051.78
8,132,gc,cpu,1051.78,1062.55
8,147,normalize,cpu,1063.29,1067.08
8,147,g_a_cpu,cpu,1067.09,1067.47
8,147,g_a,dpu,1067.47,1072.91
8,147,g_a,dpu,1072.92,1086.85
8,147,g_a_cpu,cpu,1086.85,1087.41
8,147,h_a,dpu,1087.41,1091.8
8,147,eb_enc,cpu,1091.81,1091.97
8,147,eb_dec,cpu,1091.97,1092.09
8,147,h_s,dpu,1092.09,1093.63
8,147,gc,cpu,1093.63,1105.81
8,155,normalize,cpu,1106.35,1110.19
8,155,g_a_cpu,cpu,1110.19,1110.57
8,155,g_a,dpu,1110.58,1129.41
8,155,g_a,dpu,1129.41,1171.54
8,155,g_a_cpu,cpu,1171.54,1172.51
8,155,h_a,dpu,1172.64,1181.6
8,155,eb_enc,cpu,1181.6,1181.73
8,155,eb_dec,cpu,1181.73,1181.84
8,155,h_s,dpu,1181.84,1188.17
8,155,gc,cpu,1188.18,1198.46
8,169,normalize,cpu,1204.36,1208.17
8,169,g_a_cpu,cpu,1208.17,1210.22
8,169,g_a,dpu,1210.22,1222.46
8,169,g_a,dpu,1222.47,1235.91
8,169,g_a_cpu,cpu,1235.91,1236.51
8,169,h_a,dpu,1236.51,1254.67
8,169,eb_enc,cpu,1254.68,1255.03
8,169,eb_dec,cpu,1255.03,1255.21
8,169,h_s,dpu,1255.21,1283.61
8,169,gc,cpu,1283.64,1305.63
8,184,normalize,cpu,1312.38,1316.24
8,184,g_a_cpu,cpu,1316.25,1316.94
8,184,g_a,dpu,1316.95,1337.88
8,184,g_a,dpu,1337.89,1353.97
8,184,g_a_cpu,cpu,1353.98,1354.5
8,184,h_a,dpu,1354.5,1361.6
8,184,eb_enc,cpu,1361.6,1361.72
8,184,eb_dec,cpu,1361.72,1361.83
8,184,h_s,dpu,1361.83,1363.46
8,184,gc,cpu,1363.46,1374.61
8,191,normalize,cpu,1386.45,1390.2
8,191,g_a_cpu,cpu,1390.21,1390.64
8,191,g_a,dpu,1390.64,1439.23
8,191,g_a,dpu,1439.23,1462.6
8,191,g_a_cpu,cpu,1462.61,1463.27
8,191,h_a,dpu,1463.27,1473.22
8,191,eb_enc,cpu,1473.22,1473.39
8,191,eb_dec,cpu,1473.39,1473.52
8,191,h_s,dpu,1473.52,1476.7
8,191,gc,cpu,1476.7,1491.53
8,210,normalize,cpu,1492.07,1497.86
8,210,g_a_cpu,cpu,1497.86,1498.34
8,210,g_a,dpu,1499.99,1539.16
8,210,g_a,dpu,1539.17,1547.04
8,210,g_a_cpu,cpu,1547.05,1547.78
8,210,h_a,dpu,1547.78,1562.09
8,210,eb_enc,cpu,1562.09,1562.21
8,210,eb_dec,cpu,1562.22,1562.35
8,210,h_s,dpu,1562.35,1572.68
8,210,gc,cpu,1572.68,1584.44
8,225,normalize,cpu,1585.84,1603.51
8,225,g_a_cpu,cpu,1603.52,1604.17
8,225,g_a,dpu,1604.17,1618.47
8,225,g_a,dpu,1618.47,1624.49
8,225,g_a_cpu,cpu,1624.49,1625.04
8,225,h_a,dpu,1625.05,1650.51
8,225,eb_enc,cpu,1650.51,1650.65
8,225,eb_dec,cpu,1650.65,1650.76
8,225,h_s,dpu,1650.76,1652.34
8,225,gc,cpu,1652.34,1674.62
8,239,normalize,cpu,1675.74,1684.57
8,239,g_a_cpu,cpu,1684.57,1684.91
8,239,g_a,dpu,1684.91,1691.27
8,239,g_a,dpu,1691.28,1710.78
8,239,g_a_cpu,cpu,1710.79,1711.72
8,239,h_a,dpu,1711.73,1745.2
8,239,eb_enc,cpu,1745.2,1745.32
8,239,eb_dec,cpu,1745.32,1745.43
8,239,h_s,dpu,1745.43,1756.02
8,239,gc,cpu,1756.02,1767.54
8,250,normalize,cpu,1768.05,1778.96
8,250,g_a_cpu,cpu,1778.96,1779.32
8,250,g_a,dpu,1779.32,1797.47
8,250,g_a,dpu,1797.47,1818.23
8,250,g_a_cpu,cpu,1818.23,1818.7
8,250,h_a,dpu,1818.7,1822.22
8,250,eb_enc,cpu,1822.22,1822.46
8,250,eb_dec,cpu,1822.46,1822.59
8,250,h_s,dpu,1822.59,1842.87
8,250,gc,cpu,1842.87,1862.94
8,264,normalize,cpu,1863.95,1872.94
8,264,g_a_cpu,cpu,1872.94,1873.83
8,264,g_a,dpu,1873.83,1887.86
8,264,g_a,dpu,1887.86,1900.56
8,264,g_a_cpu,cpu,1900.56,1901.09
8,264,h_a,dpu,1901.09,1908.84
8,264,eb_enc,cpu,1908.84,1908.96
8,264,eb_dec,cpu,1908.96,1909.07
8,264,h_s,dpu,1909.07,1910.43
8,264,gc,cpu,1910.43,1944.81
8,280,normalize,cpu,1945.6,1949.26
8,280,g_a_cpu,cpu,1949.27,1949.57
8,280,g_a,dpu,1949.57,1966.82
8,280,g_a,dpu,1966.82,1972.35
8,280,g_a_cpu,cpu,1972.36,1972.81
8,280,h_a,dpu,1972.81,2003.26
8,280,eb_enc,cpu,2003.27,2003.4
8,280,eb_dec,cpu,2003.41,2003.52
8,280,h_s,dpu,2003.52,2005.32
8,280,gc,cpu,2005.32,2017.65
8,291,normalize,cpu,2018.42,2023.27
8,291,g_a_cpu,cpu,2023.27,2023.76
8,291,g_a,dpu,2023.77,2032.51
8,291,g_a,dpu,2032.52,2062.36
8,291,g_a_cpu,cpu,2062.36,2063.12
8,291,h_a,dpu,2063.12,2085.83
8,291,eb_enc,cpu,2085.84,2086.11
8,291,eb_dec,cpu,2086.11,2086.3
8,291,h_s,dpu,2086.3,2098.52
8,291,gc,cpu,2098.52,2114.58
8,304,normalize,cpu,2115.04,2119.61
8,304,g_a_cpu,cpu,2119.61,2119.98
8,304,g_a,dpu,2119.99,2125.46
8,304,g_a,dpu,2125.46,2131.05
8,304,g_a_cpu,cpu,2131.05,2131.49
8,304,h_a,dpu,2131.49,2142.8
8,304,eb_enc,cpu,2142.8,2143.09
8,304,eb_dec,cpu,2143.09,2143.27
8,304,h_s,dpu,2143.27,2160.72
8,304,gc,cpu,2160.72,2172.68
8,312,normalize,cpu,2173.36,2177.3
8,312,g_a_cpu,cpu,2177.3,2177.8
8,312,g_a,dpu,2177.81,2192.36
8,312,g_a,dpu,2192.36,2211.5
8,312,g_a_cpu,cpu,2211.5,2212.17
8,312,h_a,dpu,2212.18,2222.37
8,312,eb_enc,cpu,2222.37,2222.59
8,312,eb_dec,cpu,2222.59,2222.77
8,312,h_s,dpu,2222.78,2234.96
8,312,gc,cpu,2234.96,2245.53
8,323,normalize,cpu,2247.18,2250.86
8,323,g_a_cpu,cpu,2250.86,2251.35
8,323,g_a,dpu,2251.36,2279.69
8,323,g_a,dpu,2279.69,2287.67
8,323,g_a_cpu,cpu,2287.67,2288.1
8,323,h_a,dpu,2288.1,2291.25
8,323,eb_enc,cpu,2291.25,2291.43
8,323,eb_dec,cpu,2291.43,2291.55
8,323,h_s,dpu,2291.55,2292.96
8,323,gc,cpu,2292.96,2303.26
8,332,normalize,cpu,2304.12,2308.56
8,332,g_a_cpu,cpu,2308.56,2308.98
8,332,g_a,dpu,2308.98,2335.73
8,332,g_a,dpu,2335.73,2353.28
8,332,g_a_cpu,cpu,2353.28,2353.71
8,332,h_a,dpu,2353.72,2364.44
8,332,eb_enc,cpu,2364.44,2364.57
8,332,eb_dec,cpu,2364.58,2364.68
8,332,h_s,dpu,2364.68,2372.84
8,332,gc,cpu,2372.84,2383.37
8,345,normalize,cpu,2384.32,2390.01
8,345,g_a_cpu,cpu,2390.02,2391
8,345,g_a,dpu,2391,2424.33
8,345,g_a,dpu,2424.33,2435.94
8,345,g_a_cpu,cpu,2435.95,2436.42
8,345,h_a,dpu,2436.42,2446.4
8,345,eb_enc,cpu,2446.4,2446.58
8,345,eb_dec,cpu,2446.58,2446.71
8,345,h_s,dpu,2446.71,2459.59
8,345,gc,cpu,2459.6,2488.51
8,360,normalize,cpu,2489.59,2505.14
8,360,g_a_cpu,cpu,2505.15,2505.6
8,360,g_a,dpu,2505.61,2513.73
8,360,g_a,dpu,2513.73,2519.68
8,360,g_a_cpu,cpu,2519.69,2520.54
8,360,h_a,dpu,2520.54,2543.46
8,360,eb_enc,cpu,2543.46,2543.63
8,360,eb_dec,cpu,2543.63,2543.75
8,360,h_s,dpu,2543.75,2560.32
8,360,gc,cpu,2560.32,2570.77
8,371,normalize,cpu,2571.44,2576.67
8,371,g_a_cpu,cpu,2576.68,2577.27
8,371,g_a,dpu,2577.28,2585.09
8,371,g_a,dpu,2585.09,2597.96
8,371,g_a_cpu,cpu,2597.96,2598.56
8,371,h_a,dpu,2598.56,2642.91
8,371,eb_enc,cpu,2642.91,2643.07
8,371,eb_dec,cpu,2643.07,2643.19
8,371,h_s,dpu,2643.19,2644.4
8,371,gc,cpu,2644.4,2654.51
8,384,normalize,cpu,2655.09,2658.77
8,384,g_a_cpu,cpu,2658.78,2659.4
8,384,g_a,dpu,2659.4,2665.16
8,384,g_a,dpu,2665.17,2699.07
8,384,g_a_cpu,cpu,2699.08,2699.62
8,384,h_a,dpu,2699.62,2703.35
8,384,eb_enc,cpu,2703.35,2703.72
8,384,eb_dec,cpu,2703.72,2703.92
8,384,h_s,dpu,2703.92,2747.4
8,384,gc,cpu,2747.41,2765.41
8,401,normalize,cpu,2765.97,2783.82
8,401,g_a_cpu,cpu,2783.83,2784.39
8,401,g_a,dpu,2784.39,2815.88
8,401,g_a,dpu,2815.88,2821.61
8,401,g_a_cpu,cpu,2821.61,2822.09
8,401,h_a,dpu,2822.1,2838.37
8,401,eb_enc,cpu,2838.37,2838.51
8,401,eb_dec,cpu,2838.51,2838.62
8,401,h_s,dpu,2838.62,2840.11
8,401,gc,cpu,2840.12,2862.73
8,416,normalize,cpu,2863.44,2867.23
8,416,g_a_cpu,cpu,2867.23,2867.55
8,416,g_a,dpu,2867.55,2881.73
8,416,g_a,dpu,2881.73,2904.36
8,416,g_a_cpu,cpu,2904.36,2904.85
8,416,h_a,dpu,2904.85,2908.82
8,416,eb_enc,cpu,2908.82,2908.98
8,416,eb_dec,cpu,2908.98,2909.14
8,416,h_s,dpu,2909.14,2929.68
8,416,gc,cpu,2929.68,2939.9
8,426,normalize,cpu,2944.03,2953.35
8,426,g_a_cpu,cpu,2953.35,2953.74
8,426,g_a,dpu,2953.74,2962.4
8,426,g_a,dpu,2962.4,2967.79
8,426,g_a_cpu,cpu,2967.8,2968.18
8,426,h_a,dpu,2968.19,2973.03
8,426,eb_enc,cpu,2973.03,2973.17
8,426,eb_dec,cpu,2973.17,2973.29
8,426,h_s,dpu,2973.29,2999.33
8,426,gc,cpu,2999.33,3009.48
8,438,normalize,cpu,3010.05,3043.59
8,438,g_a_cpu,cpu,3043.6,3044.11
8,438,g_a,dpu,3044.12,3065.17
8,438,g_a,dpu,3065.17,3085.71
8,438,g_a_cpu,cpu,3085.71,3086.13
8,438,h_a,dpu,3086.13,3090.07
8,438,eb_enc,cpu,3090.07,3090.3
8,438,eb_dec,cpu,3090.3,3090.41
8,438,h_s,dpu,3090.41,3104.83
8,438,gc,cpu,3104.83,3116.49
8,456,normalize,cpu,3117.01,3121.38
8,456,g_a_cpu,cpu,3121.38,3121.87
8,456,g_a,dpu,3121.87,3182.53
8,456,g_a,dpu,3182.54,3188.45
8,456,g_a_cpu,cpu,3188.46,3188.92
8,456,h_a,dpu,3188.93,3249.11
8,456,eb_enc,cpu,3249.12,3249.26
8,456,eb_dec,cpu,3249.26,3249.37
8,456,h_s,dpu,3249.37,3250.57
8,456,gc,cpu,3250.57,3260.94
8,476,normalize,cpu,3261.91,3265.67
8,476,g_a_cpu,cpu,3265.67,3266.06
8,476,g_a,dpu,3266.06,3301.48
8,476,g_a,dpu,3301.49,3330.57
8,476,g_a_cpu,cpu,3330.57,3330.91
8,476,h_a,dpu,3330.91,3333.96
8,476,eb_enc,cpu,3333.96,3334.19
8,476,eb_dec,cpu,3334.19,3334.44
8,476,h_s,dpu,3334.44,3367.5
8,476,gc,cpu,3367.5,3377.76
8,495,normalize,cpu,3380.93,3385.31
8,495,g_a_cpu,cpu,3385.32,3385.7
8,495,g_a,dpu,3385.71,3405.97
8,495,g_a,dpu,3405.97,3413.57
8,495,g_a_cpu,cpu,3413.58,3414.32
8,495,h_a,dpu,3414.32,3423.19
8,495,eb_enc,cpu,3423.19,3423.44
8,495,eb_dec,cpu,3423.44,3423.6
8,495,h_s,dpu,3423.6,3443.23
8,495,gc,cpu,3443.23,3453.25
8,506,normalize,cpu,3453.95,3457.7
8,506,g_a_cpu,cpu,3457.71,3459.16
8,506,g_a,dpu,3459.16,3484.25
8,506,g_a,dpu,3484.25,3501.05
8,506,g_a_cpu,cpu,3501.05,3501.64
8,506,h_a,dpu,3501.64,3516.24
8,506,eb_enc,cpu,3516.24,3516.43
8,506,eb_dec,cpu,3516.43,3516.54
8,506,h_s,dpu,3516.54,3541.94
8,506,gc,cpu,3541.94,3552.68
8,521,normalize,cpu,3553.48,3557.29
8,521,g_a_cpu,cpu,3557.3,3557.85
8,521,g_a,dpu,3557.86,3594.57
8,521,g_a,dpu,3594.57,3611.34
8,521,g_a_cpu,cpu,3611.34,3612.07
8,521,h_a,dpu,3612.08,3626.6
8,521,eb_enc,cpu,3626.6,3626.86
8,521,eb_dec,cpu,3626.86,3627.03
8,521,h_s,dpu,3627.03,3635.65
8,521,gc,cpu,3635.65,3645.93
8,532,normalize,cpu,3657.13,3660.87
8,532,g_a_cpu,cpu,3660.88,3661.73
8,532,g_a,dpu,3661.73,3667.55
8,532,g_a,dpu,3667.55,3703.51
8,532,g_a_cpu,cpu,3703.51,3704.23
8,532,h_a,dpu,3704.23,3716.95
8,532,eb_enc,cpu,3716.95,3717.07
8,532,eb_dec,cpu,3717.07,3717.18
8,532,h_s,dpu,3717.18,3718.38
8,532,gc,cpu,3718.38,3728.55
8,545,normalize,cpu,3729.16,3732.84
8,545,g_a_cpu,cpu,3732.85,3733.43
8,545,g_a,dpu,3733.44,3739.04
8,545,g_a,dpu,3739.04,3765.29
8,545,g_a_cpu,cpu,3765.3,3765.87
8,545,h_a,dpu,3765.88,3780.15
8,545,eb_enc,cpu,3780.15,3780.34
8,545,eb_dec,cpu,3780.34,3780.48
8,545,h_s,dpu,3780.48,3782.56
8,545,gc,cpu,3782.56,3807.06
8,557,normalize,cpu,3807.83,3818.12
8,557,g_a_cpu,cpu,3818.13,3818.84
8,557,g_a,dpu,3818.85,3832.43
8,557,g_a,dpu,3832.44,3838.06
8,557,g_a_cpu,cpu,3838.06,3838.87
8,557,h_a,dpu,3838.87,3863.68
8,557,eb_enc,cpu,3863.68,3863.82
8,557,eb_dec,cpu,3863.82,3863.94
8,557,h_s,dpu,3863.94,3883.93
8,557,gc,cpu,3883.93,3900.98
8,571,normalize,cpu,3903.1,3913.75
8,571,g_a_cpu,cpu,3913.76,3914.15
8,571,g_a,dpu,3914.15,3922.87
8,571,g_a,dpu,3922.87,3952.35
8,571,g_a_cpu,cpu,3952.36,3953
8,571,h_a,dpu,3953.01,3962.45
8,571,eb_enc,cpu,3962.45,3962.62
8,571,eb_dec,cpu,3962.62,3962.75
8,571,h_s,dpu,3962.75,3992.26
8,571,gc,cpu,3992.26,4014.36
8,586,normalize,cpu,4015.61,4045.82
8,586,g_a_cpu,cpu,4045.82,4046.55
8,586,g_a,dpu,4046.56,4105.22
8,586,g_a,dpu,4105.22,4111.1
8,586,g_a_cpu,cpu,4111.1,4111.55
8,586,h_a,dpu,4111.55,4126.48
8,586,eb_enc,cpu,4126.48,4126.6
8,586,eb_dec,cpu,4126.6,4126.71
8,586,h_s,dpu,4126.71,4127.84
8,586,gc,cpu,4127.84,4148.49
8,605,normalize,cpu,4149.08,4176.05
8,605,g_a_cpu,cpu,4176.06,4176.81
8,605,g_a,dpu,4176.82,4226.43
8,605,g_a,dpu,4226.43,4232.73
8,605,g_a_cpu,cpu,4232.73,4233.54
8,605,h_a,dpu,4233.54,4264.94
8,605,eb_enc,cpu,4264.94,4265.07
8,605,eb_dec,cpu,4265.07,4265.2
8,605,h_s,dpu,4265.2,4267.06
8,605,gc,cpu,4267.06,4286.06
8,627,normalize,cpu,4286.7,4291.85
8,627,g_a_cpu,cpu,4291.86,4292.46
8,627,g_a,dpu,4292.47,4298.5
8,627,g_a,dpu,4298.5,4348.32
8,627,g_a_cpu,cpu,4348.33,4349.33
8,627,h_a,dpu,4349.33,4353.56
8,627,eb_enc,cpu,4353.56,4353.71
8,627,eb_dec,cpu,4353.71,4353.82
8,627,h_s,dpu,4353.82,4382.56
8,627,gc,cpu,4382.56,4403.22
8,645,normalize,cpu,4404.08,4408.44
8,645,g_a_cpu,cpu,4408.44,4418.55
8,645,g_a,dpu,4418.55,4432.15
8,645,g_a,dpu,4432.16,4463.59
8,645,g_a_cpu,cpu,4463.6,4464.09
8,645,h_a,dpu,4464.09,4467.57
8,645,eb_enc,cpu,4467.57,4467.71
8,645,eb_dec,cpu,4467.71,4467.82
8,645,h_s,dpu,4467.82,4499.29
8,645,gc,cpu,4499.29,4509.71
8,659,normalize,cpu,4516.93,4520.76
8,659,g_a_cpu,cpu,4520.77,4521.25
8,659,g_a,dpu,4521.26,4578.37
8,659,g_a,dpu,4578.37,4592.84
8,659,g_a_cpu,cpu,4592.84,4593.35
8,659,h_a,dpu,4593.36,4618.87
8,659,eb_enc,cpu,4618.88,4619.01
8,659,eb_dec,cpu,4619.01,4619.12
8,659,h_s,dpu,4619.12,4620.42
8,659,gc,cpu,4620.42,4630.76
8,679,normalize,cpu,4631.95,4636.89
8,679,g_a_cpu,cpu,4636.9,4637.49
8,679,g_a,dpu,4637.49,4657.89
8,679,g_a,dpu,4657.89,4667.52
8,679,g_a_cpu,cpu,4667.52,4667.92
8,679,h_a,dpu,4667.92,4671.62
8,679,eb_enc,cpu,4671.62,4671.75
8,679,eb_dec,cpu,4671.75,4671.86
8,679,h_s,dpu,4671.86,4674.49
8,679,gc,cpu,4674.49,4685.48
8,688,normalize,cpu,4686.35,4690.35
8,688,g_a_cpu,cpu,4690.35,4690.9
8,688,g_a,dpu,4690.9,4707.79
8,688,g_a,dpu,4707.79,4713.61
8,688,g_a_cpu,cpu,4713.61,4714.03
8,688,h_a,dpu,4714.04,4717.88
8,688,eb_enc,cpu,4717.88,4718.01
8,688,eb_dec,cpu,4718.01,4718.14
8,688,h_s,dpu,4718.14,4720.05
8,688,gc,cpu,4720.05,4738.81
8,696,normalize,cpu,4739.88,4755.15
8,696,g_a_cpu,cpu,4755.16,4756.04
8,696,g_a,dpu,4756.04,4776.43
8,696,g_a,dpu,4776.43,4782.47
8,696,g_a_cpu,cpu,4782.47,4782.95
8,696,h_a,dpu,4782.96,4797.7
8,696,eb_enc,cpu,4797.7,4797.85
8,696,eb_dec,cpu,4797.85,4797.97
8,696,h_s,dpu,4797.97,4815.24
8,696,gc,cpu,4815.24,4825.85
8,707,normalize,cpu,4826.48,4837.1
8,707,g_a_cpu,cpu,4837.1,4837.67
8,707,g_a,dpu,4837.67,4868.66
8,707,g_a,dpu,4868.68,4899.41
8,707,g_a_cpu,cpu,4899.42,4900.17
8,707,h_a,dpu,4900.17,4925.32
8,707,eb_enc,cpu,4925.33,4925.46
8,707,eb_dec,cpu,4925.46,4925.58
8,707,h_s,dpu,4925.58,4938.72
8,707,gc,cpu,4938.72,4949.61
8,728,normalize,cpu,4951.4,4960.05
8,728,g_a_cpu,cpu,4960.05,4960.4
8,728,g_a,dpu,4960.4,4992.32
8,728,g_a,dpu,4992.32,5040.38
8,728,g_a_cpu,cpu,5040.38,5040.92
8,728,h_a,dpu,5040.92,5046.95
8,728,eb_enc,cpu,5046.95,5047.09
8,728,eb_dec,cpu,5047.09,5047.24
8,728,h_s,dpu,5047.24,5052.21
8,728,gc,cpu,5052.21,5062.72
8,745,normalize,cpu,5063.47,5067.89
8,745,g_a_cpu,cpu,5067.89,5068.32
8,745,g_a,dpu,5068.32,5082.7
8,745,g_a,dpu,5082.7,5089.65
8,745,g_a_cpu,cpu,5089.66,5090.35
8,745,h_a,dpu,5090.35,5138.93
8,745,eb_enc,cpu,5138.93,5139.08
8,745,eb_dec,cpu,5139.08,5139.19
8,745,h_s,dpu,5139.19,5141.25
8,745,gc,cpu,5141.25,5155.09
8,758,normalize,cpu,5156.57,5161.6
8,758,g_a_cpu,cpu,5161.6,5161.94
8,758,g_a,dpu,5161.94,5189.72
8,758,g_a,dpu,5189.72,5207.16
8,758,g_a_cpu,cpu,5207.16,5207.82
8,758,h_a,dpu,5207.82,5243.2
8,758,eb_enc,cpu,5243.2,5243.33
8,758,eb_dec,cpu,5243.33,5243.44
8,758,h_s,dpu,5243.44,5259.15
8,758,gc,cpu,5259.16,5270.01
8,774,normalize,cpu,5272.06,5275.76
8,774,g_a_cpu,cpu,5275.76,5276.15
8,774,g_a,dpu,5276.15,5312
8,774,g_a,dpu,5312,5317.65
8,774,g_a_cpu,cpu,5317.65,5318.11
8,774,h_a,dpu,5318.11,5340.02
8,774,eb_enc,cpu,5340.02,5340.13
8,774,eb_dec,cpu,5340.14,5340.27
8,774,h_s,dpu,5340.27,5363.51
8,774,gc,cpu,5363.51,5373.62
8,790,normalize,cpu,5374.17,5377.85
8,790,g_a_cpu,cpu,5377.85,5378.57
8,790,g_a,dpu,5378.58,5398.48
8,790,g_a,dpu,5398.48,5404.54
8,790,g_a_cpu,cpu,5404.54,5405.52
8,790,h_a,dpu,5405.53,5426.36
8,790,eb_enc,cpu,5426.36,5426.54
8,790,eb_dec,cpu,5426.55,5426.67
8,790,h_s,dpu,5426.67,5443.58
8,790,gc,cpu,5443.58,5454.63
8,804,normalize,cpu,5456.06,5462.29
8,804,g_a_cpu,cpu,5462.3,5463.58
8,804,g_a,dpu,5463.59,5474.64
8,804,g_a,dpu,5474.64,5494.51
8,804,g_a_cpu,cpu,5494.51,5495.07
8,804,h_a,dpu,5495.08,5499.56
8,804,eb_enc,cpu,5499.57,5499.81
8,804,eb_dec,cpu,5499.81,5499.98
8,804,h_s,dpu,5499.98,5517.47
8,804,gc,cpu,5517.47,5532.68
8,817,normalize,cpu,5533.31,5537.09
8,817,g_a_cpu,cpu,5537.09,5537.52
8,817,g_a,dpu,5537.53,5546.36
8,817,g_a,dpu,5546.36,5558.67
8,817,g_a_cpu,cpu,5558.67,5559.18
8,817,h_a,dpu,5559.18,5582.03
8,817,eb_enc,cpu,5582.03,5582.18
8,817,eb_dec,cpu,5582.19,5582.33
8,817,h_s,dpu,5582.33,5583.63
8,817,gc,cpu,5583.63,5595.05
8,826,normalize,cpu,5598.57,5614.42
8,826,g_a_cpu,cpu,5614.42,5614.8
8,826,g_a,dpu,5614.8,5632.11
8,826,g_a,dpu,5632.11,5658.9
8,826,g_a_cpu,cpu,5658.9,5659.35
8,826,h_a,dpu,5659.35,5662.91
8,826,eb_enc,cpu,5662.91,5663.05
8,826,eb_dec,cpu,5663.05,5663.16
8,826,h_s,dpu,5663.17,5692.72
8,826,gc,cpu,5692.73,5707.39
8,843,normalize,cpu,5708.11,5712.94
8,843,g_a_cpu,cpu,5712.94,5713.46
8,843,g_a,dpu,5713.47,5738.18
8,843,g_a,dpu,5738.18,5775.54
8,843,g_a_cpu,cpu,5775.54,5775.96
8,843,h_a,dpu,5775.96,5780.77
8,843,eb_enc,cpu,5780.77,5780.96
8,843,eb_dec,cpu,5780.96,5781.09
8,843,h_s,dpu,5781.09,5803.59
8,843,gc,cpu,5803.59,5830.24
8,860,normalize,cpu,5830.91,5836.38
8,860,g_a_cpu,cpu,5836.38,5836.68
8,860,g_a,dpu,5836.68,5854.23
8,860,g_a,dpu,5854.23,5860.01
8,860,g_a_cpu,cpu,5860.02,5860.63
8,860,h_a,dpu,5860.64,5873.87
8,860,eb_enc,cpu,5873.87,5874.04
8,860,eb_dec,cpu,5874.04,5874.16
8,860,h_s,dpu,5874.16,5886.44
8,860,gc,cpu,5886.44,5896.86
8,870,normalize,cpu,5897.93,5912.35
8,870,g_a_cpu,cpu,5912.36,5912.7
8,870,g_a,dpu,5912.7,5918.62
8,870,g_a,dpu,5918.62,5924.39
8,870,g_a_cpu,cpu,5924.4,5925.01
8,870,h_a,dpu,5925.01,5940.69
8,870,eb_enc,cpu,5940.69,5940.86
8,870,eb_dec,cpu,5940.86,5940.98
8,870,h_s,dpu,5940.98,5952.84
8,870,gc,cpu,5952.84,5977.08
8,883,normalize,cpu,5977.65,5981.41
8,883,g_a_cpu,cpu,5981.41,5981.78
8,883,g_a,dpu,5981.78,5989.1
8,883,g_a,dpu,5989.1,6008.25
8,883,g_a_cpu,cpu,6008.25,6009.31
8,883,h_a,dpu,6009.32,6023.2
8,883,eb_enc,cpu,6023.2,6023.36
8,883,eb_dec,cpu,6023.36,6023.47
8,883,h_s,dpu,6023.47,6025.07
8,883,gc,cpu,6025.07,6036.66
8,892,normalize,cpu,6037.28,6042.36
8,892,g_a_cpu,cpu,6042.37,6043.06
8,892,g_a,dpu,6043.06,6064.22
8,892,g_a,dpu,6064.22,6108.94
8,892,g_a_cpu,cpu,6108.94,6109.32
8,892,h_a,dpu,6109.32,6113.08
8,892,eb_enc,cpu,6113.09,6113.25
8,892,eb_dec,cpu,6113.25,6113.37
8,892,h_s,dpu,6113.37,6114.64
8,892,gc,cpu,6114.65,6125.01
8,905,normalize,cpu,6125.75,6130.76
8,905,g_a_cpu,cpu,6130.77,6131.17
8,905,g_a,dpu,6131.17,6138.65
8,905,g_a,dpu,6138.66,6167.52
8,905,g_a_cpu,cpu,6167.53,6168.42
8,905,h_a,dpu,6168.43,6181.13
8,905,eb_enc,cpu,6181.14,6181.3
8,905,eb_dec,cpu,6181.3,6181.42
8,905,h_s,dpu,6181.42,6187.84
8,905,gc,cpu,6187.85,6198.04
8,919,normalize,cpu,6206.75,6210.51
8,919,g_a_cpu,cpu,6210.52,6211.19
8,919,g_a,dpu,6211.19,6223.13
8,919,g_a,dpu,6223.13,6252.61
8,919,g_a_cpu,cpu,6252.61,6253.08
8,919,h_a,dpu,6253.08,6263.66
8,919,eb_enc,cpu,6263.66,6263.79
8,919,eb_dec,cpu,6263.79,6263.9
8,919,h_s,dpu,6263.9,6265.63
8,919,gc,cpu,6265.63,6285.99
9,7,normalize,cpu,74.8786,78.6357
9,7,g_a_cpu,cpu,78.8367,79.1491
9,7,g_a,dpu,79.1564,104.243
9,7,g_a,dpu,104.245,124.427
9,7,g_a_cpu,cpu,124.432,125.276
9,7,h_a,dpu,125.293,128.595
9,7,eb_enc,cpu,128.599,128.839
9,7,eb_dec,cpu,128.84,128.959
9,7,h_s,dpu,128.96,138.695
9,7,gc,cpu,138.713,212.117
9,25,normalize,cpu,212.831,216.52
9,25,g_a_cpu,cpu,216.522,216.896
9,25,g_a,dpu,216.898,238.575
9,25,g_a,dpu,238.579,259.997
9,25,g_a_cpu,cpu,260.002,260.657
9,25,h_a,dpu,260.66,268.137
9,25,eb_enc,cpu,268.138,268.267
9,25,eb_dec,cpu,268.269,268.372
9,25,h_s,dpu,268.372,269.711
9,25,gc,cpu,269.712,284.342
9,31,normalize,cpu,284.945,288.794
9,31,g_a_cpu,cpu,288.798,289.291
9,31,g_a,dpu,289.295,294.569
9,31,g_a,dpu,294.571,299.767
9,31,g_a_cpu,cpu,299.769,300.258
9,31,h_a,dpu,300.261,302.306
9,31,eb_enc,cpu,302.307,302.461
9,31,eb_dec,cpu,302.463,302.567
9,31,h_s,dpu,302.567,303.588
9,31,gc,cpu,303.589,315.236
9,38,normalize,cpu,316.124,320.1
9,38,g_a_cpu,cpu,320.11,320.738
9,38,g_a,dpu,320.743,331.157
9,38,g_a,dpu,331.167,346.465
9,38,g_a_cpu,cpu,346.468,347.125
9,38,h_a,dpu,347.129,356.356
9,38,eb_enc,cpu,356.358,356.708
9,38,eb_dec,cpu,356.709,356.826
9,38,h_s,dpu,356.827,364.175
9,38,gc,cpu,364.177,384.702
9,47,normalize,cpu,387.231,392.387
9,47,g_a_cpu,cpu,392.393,392.714
9,47,g_a,dpu,392.718,398.05
9,47,g_a,dpu,398.051,407.602
9,47,g_a_cpu,cpu,407.603,408.135
9,47,h_a,dpu,408.137,409.704
9,47,eb_enc,cpu,409.705,409.847
9,47,eb_dec,cpu,409.847,409.951
9,47,h_s,dpu,409.952,442.602
9,47,gc,cpu,442.603,452.878
9,58,normalize,cpu,453.478,483.373
9,58,g_a_cpu,cpu,483.377,484.034
9,58,g_a,dpu,484.037,497.095
9,58,g_a,dpu,497.098,511.505
9,58,g_a_cpu,cpu,511.507,512.147
9,58,h_a,dpu,512.151,528.281
9,58,eb_enc,cpu,528.283,528.481
9,58,eb_dec,cpu,528.483,528.639
9,58,h_s,dpu,528.64,534.583
9,58,gc,cpu,534.585,548.163
9,70,normalize,cpu,548.643,553.419
9,70,g_a_cpu,cpu,553.422,553.933
9,70,g_a,dpu,553.936,577.998
9,70,g_a,dpu,578.001,603.649
9,70,g_a_cpu,cpu,603.656,604.261
9,70,h_a,dpu,604.274,613.265
9,70,eb_enc,cpu,613.266,613.42
9,70,eb_dec,cpu,613.421,613.528
9,70,h_s,dpu,613.529,624.686
9,70,gc,cpu,624.687,635.767
9,84,normalize,cpu,636.581,640.248
9,84,g_a_cpu,cpu,640.254,641.066
9,84,g_a,dpu,641.073,653.059
9,84,g_a,dpu,653.061,675.505
9,84,g_a_cpu,cpu,675.507,675.896
9,84,h_a,dpu,675.899,683.297
9,84,eb_enc,cpu,683.297,683.426
9,84,eb_dec,cpu,683.426,683.528
9,84,h_s,dpu,683.528,684.837
9,84,gc,cpu,684.837,698.102
9,93,normalize,cpu,698.706,714.617
9,93,g_a_cpu,cpu,714.626,715.196
9,93,g_a,dpu,715.2,739.134
9,93,g_a,dpu,739.137,754.403
9,93,g_a_cpu,cpu,754.412,754.964
9,93,h_a,dpu,754.966,762.319
9,93,eb_enc,cpu,762.319,762.456
9,93,eb_dec,cpu,762.457,762.578
9,93,h_s,dpu,762.578,786.97
9,93,gc,cpu,786.972,797.638
9,107,normalize,cpu,798.228,801.992
9,107,g_a_cpu,cpu,801.995,802.513
9,107,g_a,dpu,802.519,813.597
9,107,g_a,dpu,813.6,828.496
9,107,g_a_cpu,cpu,828.498,828.913
9,107,h_a,dpu,828.917,848.155
9,107,eb_enc,cpu,848.156,848.357
9,107,eb_dec,cpu,848.357,848.465
9,107,h_s,dpu,848.466,850.006
9,107,gc,cpu,850.007,880.081
9,120,normalize,cpu,881.031,884.698
9,120,g_a_cpu,cpu,884.706,885.245
9,120,g_a,dpu,885.25,902.455
9,120,g_a,dpu,902.457,909.277
9,120,g_a_cpu,cpu,909.278,909.697
9,120,h_a,dpu,909.699,936.51
9,120,eb_enc,cpu,936.512,936.706
9,120,eb_dec,cpu,936.707,936.824
9,120,h_s,dpu,936.825,938.72
9,120,gc,cpu,938.725,949.524
9,129,normalize,cpu,950.136,963.895
9,129,g_a_cpu,cpu,963.899,964.434
9,129,g_a,dpu,964.438,969.873
9,129,g_a,dpu,969.875,974.942
9,129,g_a_cpu,cpu,974.943,975.694
9,129,h_a,dpu,975.696,1009.09
9,129,eb_enc,cpu,1009.1,1009.37
9,129,eb_dec,cpu,1009.37,1009.51
9,129,h_s,dpu,1009.51,1010.96
9,129,gc,cpu,1010.96,1034.97
9,142,normalize,cpu,1035.64,1044.19
9,142,g_a_cpu,cpu,1044.19,1044.69
9,142,g_a,dpu,1044.7,1050.04
9,142,g_a,dpu,1050.05,1064.13
9,142,g_a_cpu,cpu,1064.13,1064.53
9,142,h_a,dpu,1064.53,1065.93
9,142,eb_enc,cpu,1065.93,1066.09
9,142,eb_dec,cpu,1066.09,1066.19
9,142,h_s,dpu,1066.19,1067.18
9,142,gc,cpu,1067.18,1086.85
9,151,normalize,cpu,1087.62,1091.29
9,151,g_a_cpu,cpu,1091.29,1091.85
9,151,g_a,dpu,1091.85,1115.77
9,151,g_a,dpu,1115.78,1126.95
9,151,g_a_cpu,cpu,1126.96,1127.42
9,151,h_a,dpu,1127.42,1134.73
9,151,eb_enc,cpu,1134.73,1134.91
9,151,eb_dec,cpu,1134.91,1135.02
9,151,h_s,dpu,1135.02,1136.69
9,151,gc,cpu,1136.69,1163.3
9,161,normalize,cpu,1178.62,1192.16
9,161,g_a_cpu,cpu,1192.17,1192.52
9,161,g_a,dpu,1192.53,1203.9
9,161,g_a,dpu,1203.9,1232.75
9,161,g_a_cpu,cpu,1232.75,1233.56
9,161,h_a,dpu,1233.56,1256.49
9,161,eb_enc,cpu,1256.49,1256.72
9,161,eb_dec,cpu,1256.72,1256.85
9,161,h_s,dpu,1256.85,1262.93
9,161,gc,cpu,1262.93,1283.97
9,178,normalize,cpu,1285.04,1303.99
9,178,g_a_cpu,cpu,1304,1304.54
9,178,g_a,dpu,1304.55,1340.48
9,178,g_a,dpu,1340.48,1359.77
9,178,g_a_cpu,cpu,1359.78,1360.46
9,178,h_a,dpu,1360.47,1369.23
9,178,eb_enc,cpu,1369.23,1369.39
9,178,eb_dec,cpu,1369.39,1369.5
9,178,h_s,dpu,1369.5,1382.07
9,178,gc,cpu,1382.07,1400.24
9,197,normalize,cpu,1400.88,1404.6
9,197,g_a_cpu,cpu,1404.61,1404.97
9,197,g_a,dpu,1404.98,1424.27
9,197,g_a,dpu,1424.27,1443.16
9,197,g_a_cpu,cpu,1443.16,1443.71
9,197,h_a,dpu,1443.71,1453.65
9,197,eb_enc,cpu,1453.65,1453.88
9,197,eb_dec,cpu,1453.88,1454
9,197,h_s,dpu,1454,1463.54
9,197,gc,cpu,1463.54,1475.77
9,207,normalize,cpu,1476.51,1480.19
9,207,g_a_cpu,cpu,1480.2,1480.62
9,207,g_a,dpu,1480.62,1492.99
9,207,g_a,dpu,1492.99,1498.5
9,207,g_a_cpu,cpu,1498.51,1499.24
9,207,h_a,dpu,1499.25,1511.63
9,207,eb_enc,cpu,1511.63,1511.88
9,207,eb_dec,cpu,1511.88,1512.04
9,207,h_s,dpu,1512.04,1519.92
9,207,gc,cpu,1519.92,1533.96
9,216,normalize,cpu,1534.81,1538.64
9,216,g_a_cpu,cpu,1538.65,1539.4
9,216,g_a,dpu,1539.41,1554.5
9,216,g_a,dpu,1554.5,1563.01
9,216,g_a_cpu,cpu,1563.01,1563.76
9,216,h_a,dpu,1563.76,1569.66
9,216,eb_enc,cpu,1569.66,1569.9
9,216,eb_dec,cpu,1569.9,1570.06
9,216,h_s,dpu,1570.06,1583.7
9,216,gc,cpu,1583.7,1606.08
9,229,normalize,cpu,1606.96,1610.66
9,229,g_a_cpu,cpu,1610.67,1611.08
9,229,g_a,dpu,1611.09,1632.44
9,229,g_a,dpu,1632.44,1644.17
9,229,g_a_cpu,cpu,1644.17,1644.57
9,229,h_a,dpu,1644.57,1646.68
9,229,eb_enc,cpu,1646.68,1646.93
9,229,eb_dec,cpu,1646.93,1647.09
9,229,h_s,dpu,1647.09,1661.53
9,229,gc,cpu,1661.53,1672.02
9,238,normalize,cpu,1672.71,1677.49
9,238,g_a_cpu,cpu,1677.5,1678.48
9,238,g_a,dpu,1678.49,1704.51
9,238,g_a,dpu,1704.52,1730.57
9,238,g_a_cpu,cpu,1730.58,1731.29
9,238,h_a,dpu,1731.3,1733.28
9,238,eb_enc,cpu,1733.28,1733.44
9,238,eb_dec,cpu,1733.44,1733.55
9,238,h_s,dpu,1733.55,1734.77
9,238,gc,cpu,1734.77,1764.8
9,249,normalize,cpu,1765.45,1769.21
9,249,g_a_cpu,cpu,1769.21,1769.58
9,249,g_a,dpu,1769.59,1776.79
9,249,g_a,dpu,1776.79,1786.79
9,249,g_a_cpu,cpu,1786.8,1787.19
9,249,h_a,dpu,1787.19,1788.48
9,249,eb_enc,cpu,1788.48,1788.65
9,249,eb_dec,cpu,1788.65,1788.76
9,249,h_s,dpu,1788.76,1824.53
9,249,gc,cpu,1824.53,1836.03
9,260,normalize,cpu,1836.43,1840.26
9,260,g_a_cpu,cpu,1840.26,1840.67
9,260,g_a,dpu,1840.67,1845.96
9,260,g_a,dpu,1845.96,1852.28
9,260,g_a_cpu,cpu,1852.28,1852.74
9,260,h_a,dpu,1852.74,1859
9,260,eb_enc,cpu,1859,1859.15
9,260,eb_dec,cpu,1859.15,1859.25
9,260,h_s,dpu,1859.26,1860.56
9,260,gc,cpu,1860.56,1886.84
9,270,normalize,cpu,1887.47,1891.16
9,270,g_a_cpu,cpu,1891.17,1892.01
9,270,g_a,dpu,1892.02,1924.68
9,270,g_a,dpu,1924.68,1942.47
9,270,g_a_cpu,cpu,1942.47,1943.08
9,270,h_a,dpu,1943.08,1945.21
9,270,eb_enc,cpu,1945.21,1945.43
9,270,eb_dec,cpu,1945.43,1945.56
9,270,h_s,dpu,1945.56,1965.74
9,270,gc,cpu,1965.74,1976.39
9,283,normalize,cpu,1976.95,1980.69
9,283,g_a_cpu,cpu,1980.69,1981.16
9,283,g_a,dpu,1981.17,1995.07
9,283,g_a,dpu,1995.07,2000.68
9,283,g_a_cpu,cpu,2000.68,2001.36
9,283,h_a,dpu,2001.36,2041.56
9,283,eb_enc,cpu,2041.56,2041.7
9,283,eb_dec,cpu,2041.7,2041.8
9,283,h_s,dpu,2041.81,2042.87
9,283,gc,cpu,2042.87,2053.28
9,294,normalize,cpu,2053.83,2069.61
9,294,g_a_cpu,cpu,2069.62,2070.45
9,294,g_a,dpu,2070.46,2076.52
9,294,g_a,dpu,2076.52,2086.31
9,294,g_a_cpu,cpu,2086.31,2086.94
9,294,h_a,dpu,2086.94,2092.66
9,294,eb_enc,cpu,2092.66,2092.85
9,294,eb_dec,cpu,2092.87,2093.01
9,294,h_s,dpu,2093.01,2095.86
9,294,gc,cpu,2095.86,2112.81
9,302,normalize,cpu,2113.38,2117.07
9,302,g_a_cpu,cpu,2117.07,2117.51
9,302,g_a,dpu,2117.51,2127.55
9,302,g_a,dpu,2127.56,2133.48
9,302,g_a_cpu,cpu,2133.48,2134.06
9,302,h_a,dpu,2134.06,2139.4
9,302,eb_enc,cpu,2139.4,2139.58
9,302,eb_dec,cpu,2139.58,2139.68
9,302,h_s,dpu,2139.68,2148.94
9,302,gc,cpu,2148.94,2160.49
9,310,normalize,cpu,2161.74,2176.06
9,310,g_a_cpu,cpu,2176.07,2176.44
9,310,g_a,dpu,2176.44,2193.23
9,310,g_a,dpu,2193.23,2214.31
9,310,g_a_cpu,cpu,2214.32,2214.91
9,310,h_a,dpu,2214.91,2217.01
9,310,eb_enc,cpu,2217.02,2217.18
9,310,eb_dec,cpu,2217.18,2217.28
9,310,h_s,dpu,2217.28,2218.31
9,310,gc,cpu,2218.31,2234.84
9,322,normalize,cpu,2235.69,2239.94
9,322,g_a_cpu,cpu,2239.95,2240.46
9,322,g_a,dpu,2240.47,2290.41
9,322,g_a,dpu,2290.41,2311.49
9,322,g_a_cpu,cpu,2311.49,2312.15
9,322,h_a,dpu,2312.15,2319.58
9,322,eb_enc,cpu,2319.58,2319.73
9,322,eb_dec,cpu,2319.73,2319.85
9,322,h_s,dpu,2319.85,2323.13
9,322,gc,cpu,2323.13,2334.65
9,336,normalize,cpu,2335.52,2346.02
9,336,g_a_cpu,cpu,2346.02,2346.47
9,336,g_a,dpu,2346.48,2351.73
9,336,g_a,dpu,2351.73,2357.12
9,336,g_a_cpu,cpu,2357.12,2357.66
9,336,h_a,dpu,2357.66,2388
9,336,eb_enc,cpu,2388,2388.25
9,336,eb_dec,cpu,2388.25,2388.37
9,336,h_s,dpu,2388.37,2389.38
9,336,gc,cpu,2389.38,2401
9,348,normalize,cpu,2401.74,2405.39
9,348,g_a_cpu,cpu,2405.39,2405.76
9,348,g_a,dpu,2405.77,2416.79
9,348,g_a,dpu,2416.79,2435.29
9,348,g_a_cpu,cpu,2435.29,2436.02
9,348,h_a,dpu,2436.02,2448.91
9,348,eb_enc,cpu,2448.92,2449.2
9,348,eb_dec,cpu,2449.2,2449.34
9,348,h_s,dpu,2449.35,2458.38
9,348,gc,cpu,2458.39,2469.53
9,356,normalize,cpu,2471.87,2476.06
9,356,g_a_cpu,cpu,2476.06,2489.23
9,356,g_a,dpu,2489.24,2508.16
9,356,g_a,dpu,2508.16,2513.78
9,356,g_a_cpu,cpu,2513.78,2514.39
9,356,h_a,dpu,2514.39,2523.93
9,356,eb_enc,cpu,2523.94,2524.09
9,356,eb_dec,cpu,2524.09,2524.2
9,356,h_s,dpu,2524.2,2525.29
9,356,gc,cpu,2525.29,2536.92
9,368,normalize,cpu,2537.48,2545.08
9,368,g_a_cpu,cpu,2545.08,2545.47
9,368,g_a,dpu,2545.47,2553.02
9,368,g_a,dpu,2553.02,2582.78
9,368,g_a_cpu,cpu,2582.78,2583.51
9,368,h_a,dpu,2583.52,2587.84
9,368,eb_enc,cpu,2587.84,2588.01
9,368,eb_dec,cpu,2588.02,2588.13
9,368,h_s,dpu,2588.13,2600.12
9,368,gc,cpu,2600.12,2627.16
9,382,normalize,cpu,2627.76,2631.57
9,382,g_a_cpu,cpu,2631.57,2632.14
9,382,g_a,dpu,2632.14,2653.13
9,382,g_a,dpu,2653.14,2679.27
9,382,g_a_cpu,cpu,2679.28,2679.97
9,382,h_a,dpu,2679.97,2684.59
9,382,eb_enc,cpu,2684.6,2684.73
9,382,eb_dec,cpu,2684.73,2684.83
9,382,h_s,dpu,2684.83,2687.19
9,382,gc,cpu,2687.19,2697.61
9,393,normalize,cpu,2700.15,2705.57
9,393,g_a_cpu,cpu,2705.58,2706.12
9,393,g_a,dpu,2706.12,2726.5
9,393,g_a,dpu,2726.5,2731.72
9,393,g_a_cpu,cpu,2731.72,2732.47
9,393,h_a,dpu,2732.48,2753.13
9,393,eb_enc,cpu,2753.13,2753.26
9,393,eb_dec,cpu,2753.26,2753.37
9,393,h_s,dpu,2753.37,2754.5
9,393,gc,cpu,2754.5,2780.26
9,404,normalize,cpu,2781.03,2792.37
9,404,g_a_cpu,cpu,2792.37,2793.03
9,404,g_a,dpu,2793.04,2802.56
9,404,g_a,dpu,2802.56,2808.08
9,404,g_a_cpu,cpu,2808.08,2808.87
9,404,h_a,dpu,2808.87,2850.9
9,404,eb_enc,cpu,2850.9,2851.1
9,404,eb_dec,cpu,2851.1,2851.21
9,404,h_s,dpu,2851.21,2869.66
9,404,gc,cpu,2869.67,2880.8
9,420,normalize,cpu,2881.82,2885.58
9,420,g_a_cpu,cpu,2885.58,2888.08
9,420,g_a,dpu,2888.1,2905.02
9,420,g_a,dpu,2905.02,2910.19
9,420,g_a_cpu,cpu,2910.2,2910.89
9,420,h_a,dpu,2910.9,2948.51
9,420,eb_enc,cpu,2948.51,2948.65
9,420,eb_dec,cpu,2948.65,2948.75
9,420,h_s,dpu,2948.75,2957.59
9,420,gc,cpu,2957.59,2975.06
9,435,normalize,cpu,2975.8,2980.82
9,435,g_a_cpu,cpu,2980.82,2981.33
9,435,g_a,dpu,2981.33,2986.59
9,435,g_a,dpu,2986.59,3021.82
9,435,g_a_cpu,cpu,3021.83,3022.37
9,435,h_a,dpu,3022.38,3024.53
9,435,eb_enc,cpu,3024.54,3024.75
9,435,eb_dec,cpu,3024.75,3024.92
9,435,h_s,dpu,3024.92,3039.67
9,435,gc,cpu,3039.67,3050.47
9,446,normalize,cpu,3051.06,3061.47
9,446,g_a_cpu,cpu,3061.47,3061.88
9,446,g_a,dpu,3061.88,3096.21
9,446,g_a,dpu,3096.21,3104.69
9,446,g_a_cpu,cpu,3104.69,3105.26
9,446,h_a,dpu,3105.26,3112.58
9,446,eb_enc,cpu,3112.58,3112.77
9,446,eb_dec,cpu,3112.77,3112.88
9,446,h_s,dpu,3112.88,3114.04
9,446,gc,cpu,3114.04,3125.33
9,458,normalize,cpu,3125.8,3129.6
9,458,g_a_cpu,cpu,3129.61,3130.67
9,458,g_a,dpu,3130.68,3171.83
9,458,g_a,dpu,3171.83,3177.46
9,458,g_a_cpu,cpu,3177.47,3178.04
9,458,h_a,dpu,3178.04,3196.14
9,458,eb_enc,cpu,3196.14,3196.39
9,458,eb_dec,cpu,3196.39,3196.52
9,458,h_s,dpu,3196.52,3197.99
9,458,gc,cpu,3197.99,3208.15
9,467,normalize,cpu,3208.66,3212.42
9,467,g_a_cpu,cpu,3212.42,3212.78
9,467,g_a,dpu,3212.79,3220.74
9,467,g_a,dpu,3220.74,3242.46
9,467,g_a_cpu,cpu,3242.46,3243.26
9,467,h_a,dpu,3243.26,3255.09
9,467,eb_enc,cpu,3255.09,3255.26
9,467,eb_dec,cpu,3255.27,3255.38
9,467,h_s,dpu,3255.38,3268.1
9,467,gc,cpu,3268.1,3279.72
9,479,normalize,cpu,3280.31,3284.05
9,479,g_a_cpu,cpu,3284.06,3284.75
9,479,g_a,dpu,3284.76,3311.11
9,479,g_a,dpu,3311.12,3318.43
9,479,g_a_cpu,cpu,3318.43,3319.03
9,479,h_a,dpu,3319.04,3333.9
9,479,eb_enc,cpu,3333.9,3334.14
9,479,eb_dec,cpu,3334.14,3334.36
9,479,h_s,dpu,3334.36,3349.4
9,479,gc,cpu,3349.4,3360.07
9,489,normalize,cpu,3360.61,3364.37
9,489,g_a_cpu,cpu,3364.38,3364.79
9,489,g_a,dpu,3364.8,3375.28
9,489,g_a,dpu,3375.28,3386.45
9,489,g_a_cpu,cpu,3386.45,3387.15
9,489,h_a,dpu,3387.15,3389.14
9,489,eb_enc,cpu,3389.14,3389.35
9,489,eb_dec,cpu,3389.35,3389.47
9,489,h_s,dpu,3389.47,3407.71
9,489,gc,cpu,3407.71,3418.9
9,500,normalize,cpu,3419.64,3424.28
9,500,g_a_cpu,cpu,3424.29,3425.02
9,500,g_a,dpu,3425.02,3439.25
9,500,g_a,dpu,3439.25,3456.16
9,500,g_a_cpu,cpu,3456.17,3456.74
9,500,h_a,dpu,3456.75,3471.56
9,500,eb_enc,cpu,3471.57,3471.7
9,500,eb_dec,cpu,3471.7,3471.81
9,500,h_s,dpu,3471.81,3472.91
9,500,gc,cpu,3472.91,3483.76
9,510,normalize,cpu,3484.73,3488.45
9,510,g_a_cpu,cpu,3488.46,3489.69
9,510,g_a,dpu,3489.69,3512.88
9,510,g_a,dpu,3512.88,3520.41
9,510,g_a_cpu,cpu,3520.42,3520.84
9,510,h_a,dpu,3520.84,3522.38
9,510,eb_enc,cpu,3522.38,3522.53
9,510,eb_dec,cpu,3522.53,3522.64
9,510,h_s,dpu,3522.64,3523.61
9,510,gc,cpu,3523.61,3541.15
9,518,normalize,cpu,3542.4,3546.11
9,518,g_a_cpu,cpu,3546.11,3546.49
9,518,g_a,dpu,3546.49,3570.58
9,518,g_a,dpu,3570.59,3579.45
9,518,g_a_cpu,cpu,3579.46,3581.31
9,518,h_a,dpu,3581.32,3587.95
9,518,eb_enc,cpu,3587.95,3588.2
9,518,eb_dec,cpu,3588.2,3588.32
9,518,h_s,dpu,3588.32,3590.86
9,518,gc,cpu,3590.86,3608.6
9,525,normalize,cpu,3609.99,3613.96
9,525,g_a_cpu,cpu,3613.97,3615.02
9,525,g_a,dpu,3615.03,3655.19
9,525,g_a,dpu,3655.2,3661.48
9,525,g_a_cpu,cpu,3661.48,3662.14
9,525,h_a,dpu,3662.14,3671.74
9,525,eb_enc,cpu,3671.74,3671.89
9,525,eb_dec,cpu,3671.89,3672
9,525,h_s,dpu,3672,3673.13
9,525,gc,cpu,3673.13,3683.76
9,540,normalize,cpu,3684.29,3688.09
9,540,g_a_cpu,cpu,3688.1,3688.75
9,540,g_a,dpu,3688.75,3726.32
9,540,g_a,dpu,3726.33,3731.41
9,540,g_a_cpu,cpu,3731.41,3731.77
9,540,h_a,dpu,3731.77,3733.47
9,540,eb_enc,cpu,3733.47,3733.63
9,540,eb_dec,cpu,3733.63,3733.75
9,540,h_s,dpu,3733.75,3752.29
9,540,gc,cpu,3752.29,3763.36
9,550,normalize,cpu,3764.27,3767.96
9,550,g_a_cpu,cpu,3767.96,3768.39
9,550,g_a,dpu,3768.39,3774.09
9,550,g_a,dpu,3774.09,3815.19
9,550,g_a_cpu,cpu,3815.19,3815.84
9,550,h_a,dpu,3815.84,3825.99
9,550,eb_enc,cpu,3825.99,3826.18
9,550,eb_dec,cpu,3826.18,3826.32
9,550,h_s,dpu,3826.32,3838.34
9,550,gc,cpu,3838.34,3859.32
9,564,normalize,cpu,3860.45,3868.37
9,564,g_a_cpu,cpu,3868.37,3868.94
9,564,g_a,dpu,3868.95,3878.98
9,564,g_a,dpu,3878.98,3898.58
9,564,g_a_cpu,cpu,3898.58,3899.57
9,564,h_a,dpu,3899.58,3912.39
9,564,eb_enc,cpu,3912.39,3912.58
9,564,eb_dec,cpu,3912.58,3912.7
9,564,h_s,dpu,3912.7,3921.74
9,564,gc,cpu,3921.74,3932.07
9,576,normalize,cpu,3932.61,3936.41
9,576,g_a_cpu,cpu,3936.42,3936.81
9,576,g_a,dpu,3936.81,3944.99
9,576,g_a,dpu,3944.99,3955.45
9,576,g_a_cpu,cpu,3955.45,3956.28
9,576,h_a,dpu,3956.29,3984.05
9,576,eb_enc,cpu,3984.06,3984.28
9,576,eb_dec,cpu,3984.28,3984.4
9,576,h_s,dpu,3984.41,3999.31
9,576,gc,cpu,3999.32,4028.26
9,588,normalize,cpu,4035.13,4038.86
9,588,g_a_cpu,cpu,4038.86,4041.05
9,588,g_a,dpu,4041.06,4053.56
9,588,g_a,dpu,4053.63,4069.62
9,588,g_a_cpu,cpu,4069.62,4070.03
9,588,h_a,dpu,4070.03,4088.01
9,588,eb_enc,cpu,4088.01,4088.22
9,588,eb_dec,cpu,4088.22,4088.34
9,588,h_s,dpu,4088.34,4091.16
9,588,gc,cpu,4091.16,4102.88
9,599,normalize,cpu,4103.54,4107.23
9,599,g_a_cpu,cpu,4107.23,4107.85
9,599,g_a,dpu,4107.85,4154.93
9,599,g_a,dpu,4154.93,4160.12
9,599,g_a_cpu,cpu,4160.13,4160.59
9,599,h_a,dpu,4160.59,4162.65
9,599,eb_enc,cpu,4162.65,4162.81
9,599,eb_dec,cpu,4162.81,4162.92
9,599,h_s,dpu,4162.92,4164.05
9,599,gc,cpu,4164.05,4174.2
9,611,normalize,cpu,4176.71,4180.91
9,611,g_a_cpu,cpu,4180.91,4181.44
9,611,g_a,dpu,4181.44,4203.18
9,611,g_a,dpu,4203.18,4216.96
9,611,g_a_cpu,cpu,4216.96,4217.32
9,611,h_a,dpu,4217.32,4233.45
9,611,eb_enc,cpu,4233.45,4233.63
9,611,eb_dec,cpu,4233.63,4233.74
9,611,h_s,dpu,4233.74,4240.5
9,611,gc,cpu,4240.5,4252.04
9,623,normalize,cpu,4252.89,4256.56
9,623,g_a_cpu,cpu,4256.56,4257.01
9,623,g_a,dpu,4257.02,4263.07
9,623,g_a,dpu,4263.07,4290.49
9,623,g_a_cpu,cpu,4290.5,4290.98
9,623,h_a,dpu,4290.98,4304.08
9,623,eb_enc,cpu,4304.08,4304.38
9,623,eb_dec,cpu,4304.38,4304.52
9,623,h_s,dpu,4304.52,4313.31
9,623,gc,cpu,4313.31,4323.62
9,633,normalize,cpu,4324.29,4328.11
9,633,g_a_cpu,cpu,4328.12,4328.51
9,633,g_a,dpu,4328.52,4338.67
9,633,g_a,dpu,4338.67,4344.4
9,633,g_a_cpu,cpu,4344.4,4345.14
9,633,h_a,dpu,4345.15,4357.39
9,633,eb_enc,cpu,4357.39,4357.7
9,633,eb_dec,cpu,4357.7,4357.85
9,633,h_s,dpu,4357.85,4370.92
9,633,gc,cpu,4370.92,4381.44
9,639,normalize,cpu,4382.07,4386.21
9,639,g_a_cpu,cpu,4386.22,4386.91
9,639,g_a,dpu,4386.92,4407.93
9,639,g_a,dpu,4407.93,4420.9
9,639,g_a_cpu,cpu,4420.9,4421.57
9,639,h_a,dpu,4421.57,4460.75
9,639,eb_enc,cpu,4460.76,4460.9
9,639,eb_dec,cpu,4460.9,4461
9,639,h_s,dpu,4461,4472.32
9,639,gc,cpu,4472.32,4483.25
9,655,normalize,cpu,4484.21,4488.04
9,655,g_a_cpu,cpu,4488.06,4488.9
9,655,g_a,dpu,4488.9,4499.75
9,655,g_a,dpu,4499.75,4513.97
9,655,g_a_cpu,cpu,4513.97,4514.71
9,655,h_a,dpu,4514.71,4546.02
9,655,eb_enc,cpu,4546.03,4546.17
9,655,eb_dec,cpu,4546.17,4546.31
9,655,h_s,dpu,4546.31,4548.16
9,655,gc,cpu,4548.16,4566.97
9,669,normalize,cpu,4574.69,4578.35
9,669,g_a_cpu,cpu,4578.36,4579.09
9,669,g_a,dpu,4579.1,4584.45
9,669,g_a,dpu,4584.45,4594.41
9,669,g_a_cpu,cpu,4594.41,4594.89
9,669,h_a,dpu,4594.89,4601.07
9,669,eb_enc,cpu,4601.08,4601.44
9,669,eb_dec,cpu,4601.44,4601.58
9,669,h_s,dpu,4601.58,4616.95
9,669,gc,cpu,4616.95,4627.26
9,677,normalize,cpu,4627.99,4631.78
9,677,g_a_cpu,cpu,4631.79,4632.29
9,677,g_a,dpu,4632.29,4651.64
9,677,g_a,dpu,4651.65,4664.5
9,677,g_a_cpu,cpu,4664.5,4665.17
9,677,h_a,dpu,4665.18,4667.21
9,677,eb_enc,cpu,4667.21,4667.36
9,677,eb_dec,cpu,4667.36,4667.47
9,677,h_s,dpu,4667.47,4669.66
9,677,gc,cpu,4669.66,4679.9
9,685,normalize,cpu,4680.46,4685.32
9,685,g_a_cpu,cpu,4685.32,4685.8
9,685,g_a,dpu,4685.81,4696.95
9,685,g_a,dpu,4696.95,4731.83
9,685,g_a_cpu,cpu,4731.83,4732.46
9,685,h_a,dpu,4732.46,4736.84
9,685,eb_enc,cpu,4736.84,4737.02
9,685,eb_dec,cpu,4737.02,4737.14
9,685,h_s,dpu,4737.14,4743.56
9,685,gc,cpu,4743.57,4757.89
9,699,normalize,cpu,4759.45,4773.44
9,699,g_a_cpu,cpu,4773.45,4773.93
9,699,g_a,dpu,4773.94,4790.57
9,699,g_a,dpu,4790.57,4795.79
9,699,g_a_cpu,cpu,4795.79,4796.19
9,699,h_a,dpu,4796.19,4798.23
9,699,eb_enc,cpu,4798.23,4798.47
9,699,eb_dec,cpu,4798.47,4798.59
9,699,h_s,dpu,4798.59,4804.47
9,699,gc,cpu,4804.48,4829.38
9,708,normalize,cpu,4829.94,4836.3
9,708,g_a_cpu,cpu,4836.3,4839.4
9,708,g_a,dpu,4839.41,4863.23
9,708,g_a,dpu,4863.24,4870.55
9,708,g_a_cpu,cpu,4870.55,4871
9,708,h_a,dpu,4871,4889.48
9,708,eb_enc,cpu,4889.48,4889.66
9,708,eb_dec,cpu,4889.66,4889.77
9,708,h_s,dpu,4889.77,4895.6
9,708,gc,cpu,4895.6,4907.57
9,721,normalize,cpu,4908.13,4912.03
9,721,g_a_cpu,cpu,4912.04,4912.62
9,721,g_a,dpu,4912.62,4919.49
9,721,g_a,dpu,4919.49,4928.8
9,721,g_a_cpu,cpu,4928.8,4929.38
9,721,h_a,dpu,4929.38,4956.08
9,721,eb_enc,cpu,4956.08,4956.31
9,721,eb_dec,cpu,4956.31,4956.42
9,721,h_s,dpu,4956.43,4972.25
9,721,gc,cpu,4972.26,4984.81
9,732,normalize,cpu,4985.4,4989.21
9,732,g_a_cpu,cpu,4989.21,4989.57
9,732,g_a,dpu,4989.57,4998.03
9,732,g_a,dpu,4998.03,5018.99
9,732,g_a_cpu,cpu,5018.99,5019.54
9,732,h_a,dpu,5019.54,5028.79
9,732,eb_enc,cpu,5028.79,5028.93
9,732,eb_dec,cpu,5028.93,5029.04
9,732,h_s,dpu,5029.04,5030.22
9,732,gc,cpu,5030.22,5040.55
9,741,normalize,cpu,5041.36,5045.69
9,741,g_a_cpu,cpu,5045.69,5046.19
9,741,g_a,dpu,5046.19,5070.52
9,741,g_a,dpu,5070.53,5075.8
9,741,g_a_cpu,cpu,5075.81,5076.42
9,741,h_a,dpu,5076.42,5078.54
9,741,eb_enc,cpu,5078.54,5078.68
9,741,eb_dec,cpu,5078.68,5078.79
9,741,h_s,dpu,5078.79,5079.73
9,741,gc,cpu,5079.73,5090.3
9,748,normalize,cpu,5091.02,5094.75
9,748,g_a_cpu,cpu,5094.76,5095.3
9,748,g_a,dpu,5095.31,5111.25
9,748,g_a,dpu,5111.25,5144.45
9,748,g_a_cpu,cpu,5144.45,5144.81
9,748,h_a,dpu,5144.81,5154.22
9,748,eb_enc,cpu,5154.22,5154.39
9,748,eb_dec,cpu,5154.39,5154.5
9,748,h_s,dpu,5154.5,5159.77
9,748,gc,cpu,5159.77,5170.14
9,761,normalize,cpu,5171.07,5181.68
9,761,g_a_cpu,cpu,5181.69,5182.07
9,761,g_a,dpu,5182.08,5198.43
9,761,g_a,dpu,5198.43,5210.65
9,761,g_a_cpu,cpu,5210.65,5211.3
9,761,h_a,dpu,5211.3,5213.74
9,761,eb_enc,cpu,5213.74,5213.93
9,761,eb_dec,cpu,5213.93,5214.04
9,761,h_s,dpu,5214.04,5217.91
9,761,gc,cpu,5217.91,5228.81
9,767,normalize,cpu,5229.74,5233.53
9,767,g_a_cpu,cpu,5233.54,5233.92
9,767,g_a,dpu,5233.93,5247.08
9,767,g_a,dpu,5247.08,5252.35
9,767,g_a_cpu,cpu,5252.36,5253.29
9,767,h_a,dpu,5253.3,5258.88
9,767,eb_enc,cpu,5258.88,5259.11
9,767,eb_dec,cpu,5259.11,5259.23
9,767,h_s,dpu,5259.23,5264.54
9,767,gc,cpu,5264.54,5280.93
9,776,normalize,cpu,5284.59,5288.4
9,776,g_a_cpu,cpu,5288.4,5289.09
9,776,g_a,dpu,5289.1,5301.44
9,776,g_a,dpu,5301.44,5311.51
9,776,g_a_cpu,cpu,5311.51,5311.89
9,776,h_a,dpu,5311.89,5339.7
9,776,eb_enc,cpu,5339.7,5339.84
9,776,eb_dec,cpu,5339.84,5339.94
9,776,h_s,dpu,5339.94,5341.23
9,776,gc,cpu,5341.23,5351.94
9,787,normalize,cpu,5352.7,5356.41
9,787,g_a_cpu,cpu,5356.41,5356.82
9,787,g_a,dpu,5356.82,5369.21
9,787,g_a,dpu,5369.21,5374.68
9,787,g_a_cpu,cpu,5374.68,5375.52
9,787,h_a,dpu,5375.52,5378.73
9,787,eb_enc,cpu,5378.73,5378.93
9,787,eb_dec,cpu,5378.93,5379.04
9,787,h_s,dpu,5379.04,5413.51
9,787,gc,cpu,5413.51,5424.92
9,798,normalize,cpu,5425.53,5429.54
9,798,g_a_cpu,cpu,5429.55,5442.1
9,798,g_a,dpu,5442.11,5458.65
9,798,g_a,dpu,5458.66,5474.67
9,798,g_a_cpu,cpu,5474.67,5475.29
9,798,h_a,dpu,5475.3,5483.22
9,798,eb_enc,cpu,5483.22,5483.37
9,798,eb_dec,cpu,5483.37,5483.48
9,798,h_s,dpu,5483.48,5486.48
9,798,gc,cpu,5486.48,5497.25
9,810,normalize,cpu,5498.25,5501.95
9,810,g_a_cpu,cpu,5501.95,5502.59
9,810,g_a,dpu,5502.59,5531.44
9,810,g_a,dpu,5531.45,5550.65
9,810,g_a_cpu,cpu,5550.65,5551.16
9,810,h_a,dpu,5551.17,5567.59
9,810,eb_enc,cpu,5567.59,5567.73
9,810,eb_dec,cpu,5567.73,5567.83
9,810,h_s,dpu,5567.83,5568.85
9,810,gc,cpu,5568.85,5592.54
9,825,normalize,cpu,5593.67,5602.5
9,825,g_a_cpu,cpu,5602.51,5603.21
9,825,g_a,dpu,5603.21,5625.14
9,825,g_a,dpu,5625.14,5630.34
9,825,g_a_cpu,cpu,5630.34,5630.73
9,825,h_a,dpu,5630.74,5632.99
9,825,eb_enc,cpu,5633,5633.13
9,825,eb_dec,cpu,5633.13,5633.24
9,825,h_s,dpu,5633.24,5649.37
9,825,gc,cpu,5649.37,5660.52
9,834,normalize,cpu,5661.13,5667.16
9,834,g_a_cpu,cpu,5667.16,5671.17
9,834,g_a,dpu,5671.18,5690.47
9,834,g_a,dpu,5690.47,5695.7
9,834,g_a_cpu,cpu,5695.7,5696.1
9,834,h_a,dpu,5696.1,5697.85
9,834,eb_enc,cpu,5697.86,5698.08
9,834,eb_dec,cpu,5698.08,5698.19
9,834,h_s,dpu,5698.19,5699.35
9,834,gc,cpu,5699.35,5709.55
9,845,normalize,cpu,5710.07,5715.03
9,845,g_a_cpu,cpu,5715.03,5715.53
9,845,g_a,dpu,5715.54,5767.1
9,845,g_a,dpu,5767.1,5772.51
9,845,g_a_cpu,cpu,5772.51,5773.02
9,845,h_a,dpu,5773.02,5780.35
9,845,eb_enc,cpu,5780.35,5780.54
9,845,eb_dec,cpu,5780.55,5780.65
9,845,h_s,dpu,5780.65,5791.42
9,845,gc,cpu,5791.43,5801.89
9,855,normalize,cpu,5802.67,5810.95
9,855,g_a_cpu,cpu,5810.96,5811.99
9,855,g_a,dpu,5811.99,5827.3
9,855,g_a,dpu,5827.31,5833.56
9,855,g_a_cpu,cpu,5833.56,5834.14
9,855,h_a,dpu,5834.14,5839.6
9,855,eb_enc,cpu,5839.6,5839.75
9,855,eb_dec,cpu,5839.75,5839.86
9,855,h_s,dpu,5839.86,5840.82
9,855,gc,cpu,5840.82,5861.21
9,867,normalize,cpu,5861.81,5870.1
9,867,g_a_cpu,cpu,5870.11,5870.79
9,867,g_a,dpu,5870.8,5886.74
9,867,g_a,dpu,5886.75,5911.19
9,867,g_a_cpu,cpu,5911.2,5911.91
9,867,h_a,dpu,5911.91,5914.42
9,867,eb_enc,cpu,5914.42,5914.65
9,867,eb_dec,cpu,5914.65,5914.76
9,867,h_s,dpu,5914.77,5917.14
9,867,gc,cpu,5917.14,5928.48
9,878,normalize,cpu,5933.1,5937.53
9,878,g_a_cpu,cpu,5937.54,5938
9,878,g_a,dpu,5938.03,5987.06
9,878,g_a,dpu,5987.06,5992.51
9,878,g_a_cpu,cpu,5992.52,5993.06
9,878,h_a,dpu,5993.06,6017.45
9,878,eb_enc,cpu,6017.45,6017.58
9,878,eb_dec,cpu,6017.58,6017.69
9,878,h_s,dpu,6017.69,6042.72
9,878,gc,cpu,6042.72,6053
9,895,normalize,cpu,6053.53,6061.76
9,895,g_a_cpu,cpu,6061.76,6062.13
9,895,g_a,dpu,6062.13,6099.01
9,895,g_a,dpu,6099.01,6104.11
9,895,g_a_cpu,cpu,6104.11,6104.66
9,895,h_a,dpu,6104.66,6111.15
9,895,eb_enc,cpu,6111.15,6111.34
9,895,eb_dec,cpu,6111.34,6111.45
9,895,h_s,dpu,6111.46,6139.3
9,895,gc,cpu,6139.3,6149.8
9,909,normalize,cpu,6150.7,6162.43
9,909,g_a_cpu,cpu,6162.44,6162.9
9,909,g_a,dpu,6162.9,6169.37
9,909,g_a,dpu,6169.37,6175.4
9,909,g_a_cpu,cpu,6175.4,6176.02
9,909,h_a,dpu,6176.02,6177.51
9,909,eb_enc,cpu,6177.51,6177.66
9,909,eb_dec,cpu,6177.66,6177.76
9,909,h_s,dpu,6177.76,6178.84
9,909,gc,cpu,6178.84,6201.33
9,920,normalize,cpu,6201.79,6205.45
9,920,g_a_cpu,cpu,6205.46,6205.9
9,920,g_a,dpu,6205.9,6217.56
9,920,g_a,dpu,6217.56,6233.03
9,920,g_a_cpu,cpu,6233.03,6233.52
9,920,h_a,dpu,6233.53,6273.14
9,920,eb_enc,cpu,6273.14,6273.33
9,920,eb_dec,cpu,6273.33,6273.44
9,920,h_s,dpu,6273.44,6275.84
9,920,gc,cpu,6275.84,6286.11
10,10,normalize,cpu,81.0212,84.8481
10,10,g_a_cpu,cpu,87.8668,88.5771
10,10,g_a,dpu,88.5832,103.975
10,10,g_a,dpu,103.978,131.653
10,10,g_a_cpu,cpu,131.658,132.364
10,10,h_a,dpu,132.38,135.216
10,10,eb_enc,cpu,135.218,135.497
10,10,eb_dec,cpu,135.5,135.675
10,10,h_s,dpu,135.675,142.547
10,10,gc,cpu,142.56,182.918
10,16,normalize,cpu,183.549,188.073
10,16,g_a_cpu,cpu,188.078,188.644
10,16,g_a,dpu,188.654,196.876
10,16,g_a,dpu,196.878,208.755
10,16,g_a_cpu,cpu,208.759,209.229
10,16,h_a,dpu,209.236,217.394
10,16,eb_enc,cpu,217.395,217.557
10,16,eb_dec,cpu,217.56,217.68
10,16,h_s,dpu,217.68,231.347
10,16,gc,cpu,231.349,242.895
10,29,normalize,cpu,243.935,247.627
10,29,g_a_cpu,cpu,247.632,248.056
10,29,g_a,dpu,248.058,268.74
10,29,g_a,dpu,268.744,291.895
10,29,g_a_cpu,cpu,291.896,292.307
10,29,h_a,dpu,292.31,294.361
10,29,eb_enc,cpu,294.362,294.488
10,29,eb_dec,cpu,294.489,294.599
10,29,h_s,dpu,294.599,295.966
10,29,gc,cpu,295.968,310.23
10,37,normalize,cpu,310.989,315.639
10,37,g_a_cpu,cpu,315.645,316.213
10,37,g_a,dpu,316.218,334.929
10,37,g_a,dpu,334.94,351.605
10,37,g_a_cpu,cpu,351.606,352.137
10,37,h_a,dpu,352.139,355.171
10,37,eb_enc,cpu,355.173,355.428
10,37,eb_dec,cpu,355.429,355.609
10,37,h_s,dpu,355.61,366.103
10,37,gc,cpu,366.104,376.14
10,46,normalize,cpu,376.633,380.951
10,46,g_a_cpu,cpu,380.955,381.326
10,46,g_a,dpu,381.33,404.137
10,46,g_a,dpu,404.141,416.123
10,46,g_a_cpu,cpu,416.124,416.585
10,46,h_a,dpu,416.588,437.124
10,46,eb_enc,cpu,437.125,437.256
10,46,eb_dec,cpu,437.257,437.361
10,46,h_s,dpu,437.361,438.676
10,46,gc,cpu,438.677,459.676
10,59,normalize,cpu,462.99,472.013
10,59,g_a_cpu,cpu,472.019,472.513
10,59,g_a,dpu,472.518,477.905
10,59,g_a,dpu,477.908,483.374
10,59,g_a_cpu,cpu,483.376,483.992
10,59,h_a,dpu,483.995,486.742
10,59,eb_enc,cpu,486.743,486.904
10,59,eb_dec,cpu,486.905,487.038
10,59,h_s,dpu,487.038,488.72
10,59,gc,cpu,488.72,511.432
10,66,normalize,cpu,512.426,516.115
10,66,g_a_cpu,cpu,516.126,516.885
10,66,g_a,dpu,516.89,522.606
10,66,g_a,dpu,522.609,556.739
10,66,g_a_cpu,cpu,556.743,557.421
10,66,h_a,dpu,557.441,559.299
10,66,eb_enc,cpu,559.3,559.446
10,66,eb_dec,cpu,559.447,559.565
10,66,h_s,dpu,559.565,578.585
10,66,gc,cpu,578.587,588.987
10,77,normalize,cpu,591.161,600.752
10,77,g_a_cpu,cpu,600.756,601.368
10,77,g_a,dpu,601.378,651.381
10,77,g_a,dpu,651.382,659.235
10,77,g_a_cpu,cpu,659.236,659.629
10,77,h_a,dpu,659.631,661.593
10,77,eb_enc,cpu,661.594,661.785
10,77,eb_dec,cpu,661.786,661.896
10,77,h_s,dpu,661.897,663.051
10,77,gc,cpu,663.052,674.482
10,89,normalize,cpu,675.117,680.235
10,89,g_a_cpu,cpu,680.238,680.709
10,89,g_a,dpu,680.713,720.429
10,89,g_a,dpu,720.432,730.329
10,89,g_a_cpu,cpu,730.33,730.752
10,89,h_a,dpu,730.754,733.512
10,89,eb_enc,cpu,733.513,733.631
10,89,eb_dec,cpu,733.632,733.735
10,89,h_s,dpu,733.735,740.689
10,89,gc,cpu,740.69,753.314
10,102,normalize,cpu,754.003,758.009
10,102,g_a_cpu,cpu,758.013,758.372
10,102,g_a,dpu,758.375,767.41
10,102,g_a,dpu,767.411,784.174
10,102,g_a_cpu,cpu,784.176,784.6
10,102,h_a,dpu,784.602,787.091
10,102,eb_enc,cpu,787.092,787.223
10,102,eb_dec,cpu,787.224,787.33
10,102,h_s,dpu,787.331,797.952
10,102,gc,cpu,797.953,822.712
10,111,normalize,cpu,824.577,829.659
10,111,g_a_cpu,cpu,829.668,830.808
10,111,g_a,dpu,830.818,858.635
10,111,g_a,dpu,858.637,866.498
10,111,g_a_cpu,cpu,866.503,867.16
10,111,h_a,dpu,867.166,879.045
10,111,eb_enc,cpu,879.046,879.219
10,111,eb_dec,cpu,879.22,879.355
10,111,h_s,dpu,879.356,892.199
10,111,gc,cpu,892.202,903.825
10,123,normalize,cpu,904.502,908.222
10,123,g_a_cpu,cpu,908.226,908.562
10,123,g_a,dpu,908.567,934.869
10,123,g_a,dpu,934.875,951.245
10,123,g_a_cpu,cpu,951.249,951.998
10,123,h_a,dpu,952.001,968.701
10,123,eb_enc,cpu,968.702,968.858
10,123,eb_dec,cpu,968.859,968.973
10,123,h_s,dpu,968.973,979.351
10,123,gc,cpu,979.353,990.106
10,136,normalize,cpu,991.366,995.031
10,136,g_a_cpu,cpu,995.033,995.388
10,136,g_a,dpu,995.392,1003.2
10,136,g_a,dpu,1003.2,1008.8
10,136,g_a_cpu,cpu,1008.81,1010.49
10,136,h_a,dpu,1010.5,1024.07
10,136,eb_enc,cpu,1024.07,1024.21
10,136,eb_dec,cpu,1024.21,1024.32
10,136,h_s,dpu,1024.32,1025.7
10,136,gc,cpu,1025.71,1041.29
10,144,normalize,cpu,1042.21,1047.49
10,144,g_a_cpu,cpu,1047.5,1047.97
10,144,g_a,dpu,1047.97,1062.41
10,144,g_a,dpu,1062.41,1087.01
10,144,g_a_cpu,cpu,1087.01,1087.53
10,144,h_a,dpu,1087.54,1089.56
10,144,eb_enc,cpu,1089.56,1089.76
10,144,eb_dec,cpu,1089.76,1089.88
10,144,h_s,dpu,1089.88,1099.74
10,144,gc,cpu,1099.75,1111.65
10,156,normalize,cpu,1112.59,1117.3
10,156,g_a_cpu,cpu,1117.31,1118
10,156,g_a,dpu,1118.01,1140.06
10,156,g_a,dpu,1140.06,1145.23
10,156,g_a_cpu,cpu,1145.23,1145.83
10,156,h_a,dpu,1145.84,1148.3
10,156,eb_enc,cpu,1148.3,1148.43
10,156,eb_dec,cpu,1148.43,1148.53
10,156,h_s,dpu,1148.53,1150.57
10,156,gc,cpu,1150.57,1200.52
10,171,normalize,cpu,1201.21,1209.21
10,171,g_a_cpu,cpu,1209.22,1209.67
10,171,g_a,dpu,1209.68,1221.48
10,171,g_a,dpu,1221.49,1237.6
10,171,g_a_cpu,cpu,1237.6,1238.34
10,171,h_a,dpu,1238.34,1245.2
10,171,eb_enc,cpu,1245.2,1245.36
10,171,eb_dec,cpu,1245.36,1245.47
10,171,h_s,dpu,1245.47,1247.1
10,171,gc,cpu,1247.1,1263.72
10,177,normalize,cpu,1264.28,1269.65
10,177,g_a_cpu,cpu,1269.65,1270
10,177,g_a,dpu,1270,1283.61
10,177,g_a,dpu,1283.62,1293.51
10,177,g_a_cpu,cpu,1293.52,1294.01
10,177,h_a,dpu,1294.01,1296.2
10,177,eb_enc,cpu,1296.2,1296.39
10,177,eb_dec,cpu,1296.39,1296.5
10,177,h_s,dpu,1296.5,1302.16
10,177,gc,cpu,1302.16,1315.01
10,185,normalize,cpu,1316.22,1319.94
10,185,g_a_cpu,cpu,1319.95,1320.47
10,185,g_a,dpu,1320.48,1327.21
10,185,g_a,dpu,1327.21,1336.62
10,185,g_a_cpu,cpu,1336.62,1337.22
10,185,h_a,dpu,1337.23,1368.03
10,185,eb_enc,cpu,1368.03,1368.28
10,185,eb_dec,cpu,1368.28,1368.42
10,185,h_s,dpu,1368.42,1375.6
10,185,gc,cpu,1375.6,1385.91
10,192,normalize,cpu,1391.35,1395.13
10,192,g_a_cpu,cpu,1395.13,1395.48
10,192,g_a,dpu,1395.49,1400.77
10,192,g_a,dpu,1400.77,1405.89
10,192,g_a_cpu,cpu,1405.9,1406.64
10,192,h_a,dpu,1406.65,1435.6
10,192,eb_enc,cpu,1435.6,1435.76
10,192,eb_dec,cpu,1435.76,1435.87
10,192,h_s,dpu,1435.87,1447.63
10,192,gc,cpu,1447.63,1458.58
10,203,normalize,cpu,1459.11,1464.39
10,203,g_a_cpu,cpu,1464.4,1464.77
10,203,g_a,dpu,1464.78,1469.95
10,203,g_a,dpu,1469.96,1475.26
10,203,g_a_cpu,cpu,1475.26,1475.82
10,203,h_a,dpu,1475.82,1482.54
10,203,eb_enc,cpu,1482.54,1482.71
10,203,eb_dec,cpu,1482.71,1482.82
10,203,h_s,dpu,1482.82,1484.17
10,203,gc,cpu,1484.17,1496.9
10,212,normalize,cpu,1497.74,1502.02
10,212,g_a_cpu,cpu,1502.02,1514.52
10,212,g_a,dpu,1514.52,1531.24
10,212,g_a,dpu,1531.24,1536.94
10,212,g_a_cpu,cpu,1536.94,1537.43
10,212,h_a,dpu,1537.43,1540.52
10,212,eb_enc,cpu,1540.52,1540.68
10,212,eb_dec,cpu,1540.68,1540.79
10,212,h_s,dpu,1540.79,1547.47
10,212,gc,cpu,1547.47,1557.58
10,219,normalize,cpu,1558.11,1569.78
10,219,g_a_cpu,cpu,1569.79,1570.44
10,219,g_a,dpu,1570.45,1603.78
10,219,g_a,dpu,1603.78,1618.37
10,219,g_a_cpu,cpu,1618.37,1618.96
10,219,h_a,dpu,1618.96,1629.68
10,219,eb_enc,cpu,1629.68,1629.82
10,219,eb_dec,cpu,1629.83,1629.96
10,219,h_s,dpu,1629.96,1637.85
10,219,gc,cpu,1637.85,1649.67
10,233,normalize,cpu,1650.42,1654.05
10,233,g_a_cpu,cpu,1654.06,1654.55
10,233,g_a,dpu,1654.55,1666.52
10,233,g_a,dpu,1666.52,1676.34
10,233,g_a_cpu,cpu,1676.34,1676.94
10,233,h_a,dpu,1676.94,1692.33
10,233,eb_enc,cpu,1692.34,1692.65
10,233,eb_dec,cpu,1692.66,1692.83
10,233,h_s,dpu,1692.83,1714.11
10,233,gc,cpu,1714.11,1724.58
10,243,normalize,cpu,1725.1,1740.87
10,243,g_a_cpu,cpu,1740.88,1741.28
10,243,g_a,dpu,1741.29,1746.51
10,243,g_a,dpu,1746.51,1751.66
10,243,g_a_cpu,cpu,1751.67,1752.39
10,243,h_a,dpu,1752.39,1763.89
10,243,eb_enc,cpu,1763.89,1764.02
10,243,eb_dec,cpu,1764.02,1764.12
10,243,h_s,dpu,1764.12,1765.28
10,243,gc,cpu,1765.28,1776.57
10,254,normalize,cpu,1777.4,1781.15
10,254,g_a_cpu,cpu,1781.16,1781.64
10,254,g_a,dpu,1781.64,1791.82
10,254,g_a,dpu,1791.82,1803.61
10,254,g_a_cpu,cpu,1803.61,1804.16
10,254,h_a,dpu,1804.16,1810.76
10,254,eb_enc,cpu,1810.76,1810.89
10,254,eb_dec,cpu,1810.89,1810.99
10,254,h_s,dpu,1810.99,1812.05
10,254,gc,cpu,1812.05,1823.01
10,258,normalize,cpu,1824.11,1838.42
10,258,g_a_cpu,cpu,1838.43,1838.95
10,258,g_a,dpu,1838.96,1858.98
10,258,g_a,dpu,1858.98,1878.16
10,258,g_a_cpu,cpu,1878.16,1878.6
10,258,h_a,dpu,1878.6,1890.4
10,258,eb_enc,cpu,1890.4,1890.53
10,258,eb_dec,cpu,1890.54,1890.65
10,258,h_s,dpu,1890.65,1907.46
10,258,gc,cpu,1907.46,1920.38
10,274,normalize,cpu,1922.17,1926.1
10,274,g_a_cpu,cpu,1926.1,1926.65
10,274,g_a,dpu,1926.66,1931.93
10,274,g_a,dpu,1931.93,1937.26
10,274,g_a_cpu,cpu,1937.26,1939.19
10,274,h_a,dpu,1939.19,1956.11
10,274,eb_enc,cpu,1956.11,1958.15
10,274,eb_dec,cpu,1958.15,1958.29
10,274,h_s,dpu,1958.29,1980.78
10,274,gc,cpu,1980.78,1991.9
10,285,normalize,cpu,1992.44,1996.2
10,285,g_a_cpu,cpu,1996.2,1996.64
10,285,g_a,dpu,1996.65,2002.16
10,285,g_a,dpu,2002.16,2015.24
10,285,g_a_cpu,cpu,2015.24,2019.98
10,285,h_a,dpu,2019.98,2039.15
10,285,eb_enc,cpu,2039.15,2039.33
10,285,eb_dec,cpu,2039.33,2039.5
10,285,h_s,dpu,2039.5,2057
10,285,gc,cpu,2057,2069.82
10,296,normalize,cpu,2072.94,2078.57
10,296,g_a_cpu,cpu,2078.58,2079.05
10,296,g_a,dpu,2079.05,2084.75
10,296,g_a,dpu,2084.76,2090.46
10,296,g_a_cpu,cpu,2090.46,2093.36
10,296,h_a,dpu,2093.36,2102.67
10,296,eb_enc,cpu,2102.67,2102.81
10,296,eb_dec,cpu,2102.82,2102.92
10,296,h_s,dpu,2102.92,2118.66
10,296,gc,cpu,2118.67,2138.4
10,308,normalize,cpu,2142.95,2146.64
10,308,g_a_cpu,cpu,2146.64,2147.07
10,308,g_a,dpu,2147.08,2160.14
10,308,g_a,dpu,2160.15,2171.89
10,308,g_a_cpu,cpu,2171.89,2172.62
10,308,h_a,dpu,2172.62,2198.71
10,308,eb_enc,cpu,2198.71,2198.92
10,308,eb_dec,cpu,2198.93,2199.05
10,308,h_s,dpu,2199.05,2211.57
10,308,gc,cpu,2211.57,2222.62
10,319,normalize,cpu,2223.82,2227.55
10,319,g_a_cpu,cpu,2227.55,2228.82
10,319,g_a,dpu,2228.83,2237.38
10,319,g_a,dpu,2237.39,2244.18
10,319,g_a_cpu,cpu,2244.19,2244.69
10,319,h_a,dpu,2244.69,2246.51
10,319,eb_enc,cpu,2246.51,2246.64
10,319,eb_dec,cpu,2246.65,2246.75
10,319,h_s,dpu,2246.75,2248.17
10,319,gc,cpu,2248.17,2263.09
10,327,normalize,cpu,2264.51,2268.25
10,327,g_a_cpu,cpu,2268.25,2268.55
10,327,g_a,dpu,2268.56,2290.33
10,327,g_a,dpu,2290.33,2309.43
10,327,g_a_cpu,cpu,2309.43,2309.83
10,327,h_a,dpu,2309.83,2316.3
10,327,eb_enc,cpu,2316.31,2316.44
10,327,eb_dec,cpu,2316.44,2316.55
10,327,h_s,dpu,2316.55,2327.38
10,327,gc,cpu,2327.38,2344.79
10,338,normalize,cpu,2345.85,2349.54
10,338,g_a_cpu,cpu,2349.54,2349.94
10,338,g_a,dpu,2349.94,2378.43
10,338,g_a,dpu,2378.43,2383.75
10,338,g_a_cpu,cpu,2383.75,2384.47
10,338,h_a,dpu,2384.47,2388.6
10,338,eb_enc,cpu,2388.6,2388.76
10,338,eb_dec,cpu,2388.76,2388.86
10,338,h_s,dpu,2388.86,2403.22
10,338,gc,cpu,2403.23,2423.1
10,350,normalize,cpu,2423.64,2428.17
10,350,g_a_cpu,cpu,2428.17,2428.63
10,350,g_a,dpu,2428.64,2462.8
10,350,g_a,dpu,2462.8,2478.67
10,350,g_a_cpu,cpu,2478.67,2479.44
10,350,h_a,dpu,2479.45,2482.48
10,350,eb_enc,cpu,2482.48,2482.65
10,350,eb_dec,cpu,2482.65,2482.77
10,350,h_s,dpu,2482.77,2491.97
10,350,gc,cpu,2491.98,2508.6
10,363,normalize,cpu,2510.35,2515.83
10,363,g_a_cpu,cpu,2515.84,2516.41
10,363,g_a,dpu,2516.42,2550.91
10,363,g_a,dpu,2550.91,2572.79
10,363,g_a_cpu,cpu,2572.8,2573.52
10,363,h_a,dpu,2573.52,2584.2
10,363,eb_enc,cpu,2584.2,2584.34
10,363,eb_dec,cpu,2584.34,2584.44
10,363,h_s,dpu,2584.44,2588.55
10,363,gc,cpu,2588.55,2599.05
10,375,normalize,cpu,2599.88,2620.49
10,375,g_a_cpu,cpu,2620.5,2620.9
10,375,g_a,dpu,2620.91,2626.36
10,375,g_a,dpu,2626.36,2655.69
10,375,g_a_cpu,cpu,2655.69,2656.18
10,375,h_a,dpu,2656.19,2658.07
10,375,eb_enc,cpu,2658.07,2658.29
10,375,eb_dec,cpu,2658.29,2658.43
10,375,h_s,dpu,2658.43,2682.79
10,375,gc,cpu,2682.79,2693.38
10,390,normalize,cpu,2694.09,2703.35
10,390,g_a_cpu,cpu,2703.35,2704.49
10,390,g_a,dpu,2704.5,2712.83
10,390,g_a,dpu,2712.83,2729.18
10,390,g_a_cpu,cpu,2729.18,2729.8
10,390,h_a,dpu,2729.81,2740.59
10,390,eb_enc,cpu,2740.59,2740.73
10,390,eb_dec,cpu,2740.73,2740.83
10,390,h_s,dpu,2740.83,2741.95
10,390,gc,cpu,2741.95,2752.35
10,398,normalize,cpu,2753.8,2777.61
10,398,g_a_cpu,cpu,2777.61,2777.97
10,398,g_a,dpu,2777.98,2789.12
10,398,g_a,dpu,2789.12,2794.89
10,398,g_a_cpu,cpu,2794.89,2795.64
10,398,h_a,dpu,2795.64,2801.61
10,398,eb_enc,cpu,2801.61,2801.9
10,398,eb_dec,cpu,2801.9,2802.04
10,398,h_s,dpu,2802.04,2813.17
10,398,gc,cpu,2813.17,2824.74
10,410,normalize,cpu,2825.7,2830.66
10,410,g_a_cpu,cpu,2830.66,2831.92
10,410,g_a,dpu,2831.92,2877.99
10,410,g_a,dpu,2877.99,2903.72
10,410,g_a_cpu,cpu,2903.72,2904.24
10,410,h_a,dpu,2904.24,2914.78
10,410,eb_enc,cpu,2914.78,2914.96
10,410,eb_dec,cpu,2914.96,2915.09
10,410,h_s,dpu,2915.09,2924.37
10,410,gc,cpu,2924.37,2935.02
10,425,normalize,cpu,2935.56,2939.23
10,425,g_a_cpu,cpu,2939.23,2939.56
10,425,g_a,dpu,2939.56,2944.89
10,425,g_a,dpu,2944.89,2950.3
10,425,g_a_cpu,cpu,2950.3,2950.82
10,425,h_a,dpu,2950.83,2962.35
10,425,eb_enc,cpu,2962.36,2962.5
10,425,eb_dec,cpu,2962.5,2962.61
10,425,h_s,dpu,2962.61,2963.77
10,425,gc,cpu,2963.77,2982.23
10,436,normalize,cpu,2982.99,2986.68
10,436,g_a_cpu,cpu,2986.69,2987.39
10,436,g_a,dpu,2987.39,2997.67
10,436,g_a,dpu,2997.67,3029.54
10,436,g_a_cpu,cpu,3029.55,3030.06
10,436,h_a,dpu,3030.06,3031.65
10,436,eb_enc,cpu,3031.65,3031.78
10,436,eb_dec,cpu,3031.78,3031.89
10,436,h_s,dpu,3031.89,3032.93
10,436,gc,cpu,3032.93,3054.94
10,448,normalize,cpu,3055.46,3059.39
10,448,g_a_cpu,cpu,3059.39,3060.19
10,448,g_a,dpu,3060.2,3071.3
10,448,g_a,dpu,3071.31,3085.93
10,448,g_a_cpu,cpu,3085.93,3086.43
10,448,h_a,dpu,3086.43,3093.18
10,448,eb_enc,cpu,3093.18,3093.34
10,448,eb_dec,cpu,3093.34,3093.46
10,448,h_s,dpu,3093.46,3128.84
10,448,gc,cpu,3128.84,3143.88
10,460,normalize,cpu,3144.44,3150.11
10,460,g_a_cpu,cpu,3150.11,3150.56
10,460,g_a,dpu,3150.56,3163.68
10,460,g_a,dpu,3163.68,3179.05
10,460,g_a_cpu,cpu,3179.05,3184.46
10,460,h_a,dpu,3184.46,3219.85
10,460,eb_enc,cpu,3219.85,3219.99
10,460,eb_dec,cpu,3219.99,3220.1
10,460,h_s,dpu,3220.1,3230.42
10,460,gc,cpu,3230.42,3240.72
10,472,normalize,cpu,3241.29,3245.07
10,472,g_a_cpu,cpu,3245.07,3245.44
10,472,g_a,dpu,3245.44,3253.79
10,472,g_a,dpu,3253.79,3266.63
10,472,g_a_cpu,cpu,3266.63,3267.6
10,472,h_a,dpu,3267.6,3285.48
10,472,eb_enc,cpu,3285.48,3285.61
10,472,eb_dec,cpu,3285.61,3285.72
10,472,h_s,dpu,3285.72,3286.96
10,472,gc,cpu,3286.96,3301.67
10,482,normalize,cpu,3302.83,3317.53
10,482,g_a_cpu,cpu,3317.54,3317.87
10,482,g_a,dpu,3317.87,3324.27
10,482,g_a,dpu,3324.27,3338.65
10,482,g_a_cpu,cpu,3338.65,3339.23
10,482,h_a,dpu,3339.23,3340.83
10,482,eb_enc,cpu,3340.83,3341.01
10,482,eb_dec,cpu,3341.01,3341.13
10,482,h_s,dpu,3341.13,3365.65
10,482,gc,cpu,3365.65,3376.32
10,494,normalize,cpu,3377.28,3391.78
10,494,g_a_cpu,cpu,3391.79,3393.34
10,494,g_a,dpu,3393.34,3410.94
10,494,g_a,dpu,3410.94,3420.55
10,494,g_a_cpu,cpu,3420.55,3420.94
10,494,h_a,dpu,3420.94,3422.57
10,494,eb_enc,cpu,3422.57,3422.7
10,494,eb_dec,cpu,3422.7,3422.82
10,494,h_s,dpu,3422.82,3424.86
10,494,gc,cpu,3424.86,3435.45
10,502,normalize,cpu,3435.99,3439.82
10,502,g_a_cpu,cpu,3439.83,3440.44
10,502,g_a,dpu,3440.45,3464.34
10,502,g_a,dpu,3464.34,3478.65
10,502,g_a_cpu,cpu,3478.66,3479.43
10,502,h_a,dpu,3479.44,3497.24
10,502,eb_enc,cpu,3497.24,3497.4
10,502,eb_dec,cpu,3497.4,3497.51
10,502,h_s,dpu,3497.51,3517.13
10,502,gc,cpu,3517.13,3533.79
10,516,normalize,cpu,3540.01,3549.78
10,516,g_a_cpu,cpu,3549.78,3550.13
10,516,g_a,dpu,3550.13,3561.38
10,516,g_a,dpu,3561.38,3576.8
10,516,g_a_cpu,cpu,3576.81,3577.38
10,516,h_a,dpu,3577.38,3580.24
10,516,eb_enc,cpu,3580.24,3580.46
10,516,eb_dec,cpu,3580.46,3580.59
10,516,h_s,dpu,3580.59,3621.98
10,516,gc,cpu,3621.98,3632.55
10,529,normalize,cpu,3633.2,3643.07
10,529,g_a_cpu,cpu,3643.08,3643.52
10,529,g_a,dpu,3643.52,3649.05
10,529,g_a,dpu,3649.05,3658.28
10,529,g_a_cpu,cpu,3658.29,3658.7
10,529,h_a,dpu,3658.71,3661.41
10,529,eb_enc,cpu,3661.41,3661.65
10,529,eb_dec,cpu,3661.66,3661.81
10,529,h_s,dpu,3661.81,3663.35
10,529,gc,cpu,3663.35,3679.27
10,538,normalize,cpu,3681.08,3699.57
10,538,g_a_cpu,cpu,3699.57,3699.94
10,538,g_a,dpu,3699.94,3709.39
10,538,g_a,dpu,3709.39,3714.88
10,538,g_a_cpu,cpu,3714.88,3715.63
10,538,h_a,dpu,3715.63,3730.51
10,538,eb_enc,cpu,3730.52,3730.66
10,538,eb_dec,cpu,3730.67,3730.78
10,538,h_s,dpu,3730.78,3747.87
10,538,gc,cpu,3747.87,3759.18
10,549,normalize,cpu,3760.23,3779.54
10,549,g_a_cpu,cpu,3779.55,3780.3
10,549,g_a,dpu,3780.3,3790.51
10,549,g_a,dpu,3790.52,3801.28
10,549,g_a_cpu,cpu,3801.28,3801.65
10,549,h_a,dpu,3801.66,3803.4
10,549,eb_enc,cpu,3803.4,3803.52
10,549,eb_dec,cpu,3803.53,3803.63
10,549,h_s,dpu,3803.63,3804.69
10,549,gc,cpu,3804.69,3815.25
10,560,normalize,cpu,3816.15,3820.72
10,560,g_a_cpu,cpu,3820.73,3821.23
10,560,g_a,dpu,3821.24,3830.83
10,560,g_a,dpu,3830.9,3858.48
10,560,g_a_cpu,cpu,3858.48,3858.89
10,560,h_a,dpu,3858.89,3861.05
10,560,eb_enc,cpu,3861.05,3861.18
10,560,eb_dec,cpu,3861.18,3861.29
10,560,h_s,dpu,3861.29,3871.97
10,560,gc,cpu,3871.97,3886.76
10,568,normalize,cpu,3887.54,3895.33
10,568,g_a_cpu,cpu,3895.33,3895.67
10,568,g_a,dpu,3895.68,3901.11
10,568,g_a,dpu,3901.12,3915.35
10,568,g_a_cpu,cpu,3915.36,3916.11
10,568,h_a,dpu,3916.11,3952.27
10,568,eb_enc,cpu,3952.28,3952.45
10,568,eb_dec,cpu,3952.45,3952.58
10,568,h_s,dpu,3952.58,3966.61
10,568,gc,cpu,3966.61,3977.21
10,581,normalize,cpu,3977.68,3982.17
10,581,g_a_cpu,cpu,3982.18,3982.86
10,581,g_a,dpu,3982.87,3988.65
10,581,g_a,dpu,3988.65,4007.73
10,581,g_a_cpu,cpu,4007.74,4008.39
10,581,h_a,dpu,4008.39,4016.14
10,581,eb_enc,cpu,4016.14,4016.29
10,581,eb_dec,cpu,4016.29,4016.4
10,581,h_s,dpu,4016.4,4017.71
10,581,gc,cpu,4017.72,4042.66
10,593,normalize,cpu,4043.3,4050.34
10,593,g_a_cpu,cpu,4050.34,4050.68
10,593,g_a,dpu,4050.68,4063.98
10,593,g_a,dpu,4063.98,4105.21
10,593,g_a_cpu,cpu,4105.21,4105.63
10,593,h_a,dpu,4105.63,4118.83
10,593,eb_enc,cpu,4118.83,4119.05
10,593,eb_dec,cpu,4119.05,4119.17
10,593,h_s,dpu,4119.17,4132.46
10,593,gc,cpu,4132.46,4163.3
10,608,normalize,cpu,4164.08,4167.81
10,608,g_a_cpu,cpu,4167.81,4168.14
10,608,g_a,dpu,4168.14,4187.23
10,608,g_a,dpu,4187.23,4204.04
10,608,g_a_cpu,cpu,4204.04,4204.65
10,608,h_a,dpu,4204.65,4207.56
10,608,eb_enc,cpu,4207.56,4207.76
10,608,eb_dec,cpu,4207.77,4207.89
10,608,h_s,dpu,4207.89,4214.35
10,608,gc,cpu,4214.35,4224.7
10,618,normalize,cpu,4225.5,4229.89
10,618,g_a_cpu,cpu,4229.89,4230.36
10,618,g_a,dpu,4230.37,4236.61
10,618,g_a,dpu,4236.61,4241.75
10,618,g_a_cpu,cpu,4241.75,4242.42
10,618,h_a,dpu,4242.42,4246.4
10,618,eb_enc,cpu,4246.4,4246.54
10,618,eb_dec,cpu,4246.54,4246.65
10,618,h_s,dpu,4246.65,4247.86
10,618,gc,cpu,4247.86,4261.6
10,625,normalize,cpu,4262.51,4266.81
10,625,g_a_cpu,cpu,4266.81,4296.76
10,625,g_a,dpu,4296.76,4302.63
10,625,g_a,dpu,4302.63,4311.02
10,625,g_a_cpu,cpu,4311.02,4311.5
10,625,h_a,dpu,4311.5,4331.62
10,625,eb_enc,cpu,4331.62,4331.76
10,625,eb_dec,cpu,4331.77,4331.88
10,625,h_s,dpu,4331.88,4333.07
10,625,gc,cpu,4333.07,4346.21
10,638,normalize,cpu,4347.38,4351.49
10,638,g_a_cpu,cpu,4351.49,4351.93
10,638,g_a,dpu,4351.94,4363.18
10,638,g_a,dpu,4363.18,4392.59
10,638,g_a_cpu,cpu,4392.59,4393.08
10,638,h_a,dpu,4393.09,4409.75
10,638,eb_enc,cpu,4409.75,4409.89
10,638,eb_dec,cpu,4409.89,4410.01
10,638,h_s,dpu,4410.01,4439.8
10,638,gc,cpu,4439.8,4451.17
10,651,normalize,cpu,4453.15,4465.8
10,651,g_a_cpu,cpu,4465.8,4466.21
10,651,g_a,dpu,4466.22,4477.64
10,651,g_a,dpu,4477.64,4482.87
10,651,g_a_cpu,cpu,4482.88,4483.68
10,651,h_a,dpu,4483.69,4521.98
10,651,eb_enc,cpu,4521.99,4522.24
10,651,eb_dec,cpu,4522.24,4522.45
10,651,h_s,dpu,4522.45,4529.19
10,651,gc,cpu,4529.19,4541.13
10,665,normalize,cpu,4545.11,4549.09
10,665,g_a_cpu,cpu,4549.1,4549.52
10,665,g_a,dpu,4549.52,4554.97
10,665,g_a,dpu,4554.97,4569.13
10,665,g_a_cpu,cpu,4569.13,4569.68
10,665,h_a,dpu,4569.68,4586.54
10,665,eb_enc,cpu,4586.54,4586.72
10,665,eb_dec,cpu,4586.72,4586.83
10,665,h_s,dpu,4586.83,4602.87
10,665,gc,cpu,4602.87,4614.54
10,675,normalize,cpu,4615.03,4620.18
10,675,g_a_cpu,cpu,4620.19,4620.58
10,675,g_a,dpu,4620.58,4625.82
10,675,g_a,dpu,4625.82,4631.16
10,675,g_a_cpu,cpu,4631.16,4631.74
10,675,h_a,dpu,4631.74,4635.17
10,675,eb_enc,cpu,4635.17,4635.29
10,675,eb_dec,cpu,4635.29,4635.4
10,675,h_s,dpu,4635.4,4636.59
10,675,gc,cpu,4636.59,4648.93
10,680,normalize,cpu,4649.85,4664.94
10,680,g_a_cpu,cpu,4664.94,4666.36
10,680,g_a,dpu,4666.37,4698.29
10,680,g_a,dpu,4698.29,4703.54
10,680,g_a_cpu,cpu,4703.54,4704.06
10,680,h_a,dpu,4704.06,4719.92
10,680,eb_enc,cpu,4719.92,4720.09
10,680,eb_dec,cpu,4720.09,4720.2
10,680,h_s,dpu,4720.2,4721.32
10,680,gc,cpu,4721.32,4736.49
10,695,normalize,cpu,4737.27,4740.95
10,695,g_a_cpu,cpu,4740.96,4741.43
10,695,g_a,dpu,4741.44,4769.7
10,695,g_a,dpu,4769.7,4799.18
10,695,g_a_cpu,cpu,4799.18,4799.7
10,695,h_a,dpu,4799.7,4801.67
10,695,eb_enc,cpu,4801.67,4801.83
10,695,eb_dec,cpu,4801.83,4801.94
10,695,h_s,dpu,4801.94,4824
10,695,gc,cpu,4824,4838.42
10,711,normalize,cpu,4839.67,4843.35
10,711,g_a_cpu,cpu,4843.35,4848.79
10,711,g_a,dpu,4848.8,4863.86
10,711,g_a,dpu,4863.86,4883.91
10,711,g_a_cpu,cpu,4883.92,4884.42
10,711,h_a,dpu,4884.42,4886.57
10,711,eb_enc,cpu,4886.58,4886.71
10,711,eb_dec,cpu,4886.71,4886.81
10,711,h_s,dpu,4886.81,4888.2
10,711,gc,cpu,4888.2,4903.43
10,720,normalize,cpu,4905.33,4917.04
10,720,g_a_cpu,cpu,4917.05,4917.7
10,720,g_a,dpu,4917.71,4926.79
10,720,g_a,dpu,4926.79,4949.12
10,720,g_a_cpu,cpu,4949.12,4950.38
10,720,h_a,dpu,4950.39,4963.28
10,720,eb_enc,cpu,4963.28,4963.44
10,720,eb_dec,cpu,4963.44,4963.55
10,720,h_s,dpu,4963.55,4966.74
10,720,gc,cpu,4966.74,4980.49
10,731,normalize,cpu,4981.03,4984.8
10,731,g_a_cpu,cpu,4984.8,4985.2
10,731,g_a,dpu,4985.21,4998.44
10,731,g_a,dpu,4998.44,5047.15
10,731,g_a_cpu,cpu,5047.15,5047.78
10,731,h_a,dpu,5047.78,5052.35
10,731,eb_enc,cpu,5052.35,5052.52
10,731,eb_dec,cpu,5052.52,5052.64
10,731,h_s,dpu,5052.64,5053.96
10,731,gc,cpu,5053.96,5069.77
10,746,normalize,cpu,5070.73,5074.52
10,746,g_a_cpu,cpu,5074.52,5075
10,746,g_a,dpu,5075.01,5097.24
10,746,g_a,dpu,5097.24,5108.99
10,746,g_a_cpu,cpu,5108.99,5109.64
10,746,h_a,dpu,5109.64,5111.45
10,746,eb_enc,cpu,5111.45,5111.72
10,746,eb_dec,cpu,5111.72,5111.87
10,746,h_s,dpu,5111.87,5121.98
10,746,gc,cpu,5121.98,5142.35
10,755,normalize,cpu,5142.88,5156.49
10,755,g_a_cpu,cpu,5156.51,5157.39
10,755,g_a,dpu,5157.4,5177.61
10,755,g_a,dpu,5177.61,5198.74
10,755,g_a_cpu,cpu,5198.74,5199.34
10,755,h_a,dpu,5199.34,5224.03
10,755,eb_enc,cpu,5224.04,5224.23
10,755,eb_dec,cpu,5224.24,5224.38
10,755,h_s,dpu,5224.38,5226.44
10,755,gc,cpu,5226.44,5237.07
10,768,normalize,cpu,5237.64,5241.34
10,768,g_a_cpu,cpu,5241.34,5241.72
10,768,g_a,dpu,5241.73,5281.68
10,768,g_a,dpu,5281.68,5286.97
10,768,g_a_cpu,cpu,5286.97,5287.42
10,768,h_a,dpu,5287.43,5289.42
10,768,eb_enc,cpu,5289.42,5289.75
10,768,eb_dec,cpu,5289.75,5289.92
10,768,h_s,dpu,5289.92,5315.84
10,768,gc,cpu,5315.84,5326.18
10,782,normalize,cpu,5326.79,5330.55
10,782,g_a_cpu,cpu,5330.55,5330.93
10,782,g_a,dpu,5330.94,5336.17
10,782,g_a,dpu,5336.17,5352.23
10,782,g_a_cpu,cpu,5352.23,5352.73
10,782,h_a,dpu,5352.73,5355.01
10,782,eb_enc,cpu,5355.02,5355.22
10,782,eb_dec,cpu,5355.22,5355.35
10,782,h_s,dpu,5355.35,5379.54
10,782,gc,cpu,5379.54,5392.38
10,793,normalize,cpu,5393.41,5397.32
10,793,g_a_cpu,cpu,5397.33,5397.7
10,793,g_a,dpu,5397.7,5403.45
10,793,g_a,dpu,5403.45,5409.45
10,793,g_a_cpu,cpu,5409.45,5409.87
10,793,h_a,dpu,5409.88,5424.09
10,793,eb_enc,cpu,5424.12,5424.31
10,793,eb_dec,cpu,5424.31,5424.44
10,793,h_s,dpu,5424.44,5429.87
10,793,gc,cpu,5429.87,5441.81
10,802,normalize,cpu,5443.15,5446.94
10,802,g_a_cpu,cpu,5446.95,5447.44
10,802,g_a,dpu,5447.45,5468.32
10,802,g_a,dpu,5468.33,5494.5
10,802,g_a_cpu,cpu,5494.5,5495.07
10,802,h_a,dpu,5495.08,5497.31
10,802,eb_enc,cpu,5497.31,5497.54
10,802,eb_dec,cpu,5497.54,5497.69
10,802,h_s,dpu,5497.69,5508.58
10,802,gc,cpu,5508.58,5520.47
10,814,normalize,cpu,5521.03,5526.81
10,814,g_a_cpu,cpu,5526.81,5527.5
10,814,g_a,dpu,5527.5,5561.07
10,814,g_a,dpu,5561.07,5597.24
10,814,g_a_cpu,cpu,5597.24,5597.7
10,814,h_a,dpu,5597.7,5603.74
10,814,eb_enc,cpu,5603.74,5603.88
10,814,eb_dec,cpu,5603.88,5603.98
10,814,h_s,dpu,5603.98,5605.11
10,814,gc,cpu,5605.11,5616.31
10,829,normalize,cpu,5616.79,5620.74
10,829,g_a_cpu,cpu,5620.74,5621.32
10,829,g_a,dpu,5621.33,5629.37
10,829,g_a,dpu,5629.38,5636.62
10,829,g_a_cpu,cpu,5636.62,5637.27
10,829,h_a,dpu,5637.28,5642.48
10,829,eb_enc,cpu,5642.48,5643.91
10,829,eb_dec,cpu,5643.91,5644.03
10,829,h_s,dpu,5644.03,5666.48
10,829,gc,cpu,5666.48,5695.11
10,840,normalize,cpu,5695.75,5711.9
10,840,g_a_cpu,cpu,5711.91,5712.58
10,840,g_a,dpu,5712.59,5727.56
10,840,g_a,dpu,5727.57,5743.35
10,840,g_a_cpu,cpu,5743.36,5743.87
10,840,h_a,dpu,5743.87,5764.99
10,840,eb_enc,cpu,5764.99,5765.12
10,840,eb_dec,cpu,5765.12,5765.23
10,840,h_s,dpu,5765.23,5766.79
10,840,gc,cpu,5766.79,5779.64
10,853,normalize,cpu,5780.55,5784.97
10,853,g_a_cpu,cpu,5784.97,5785.67
10,853,g_a,dpu,5785.68,5801.56
10,853,g_a,dpu,5801.56,5831.15
10,853,g_a_cpu,cpu,5831.15,5831.58
10,853,h_a,dpu,5831.58,5833.67
10,853,eb_enc,cpu,5833.67,5833.88
10,853,eb_dec,cpu,5833.88,5834
10,853,h_s,dpu,5834,5838.74
10,853,gc,cpu,5838.74,5849.71
10,864,normalize,cpu,5850.68,5855.1
10,864,g_a_cpu,cpu,5855.11,5855.68
10,864,g_a,dpu,5855.68,5867.47
10,864,g_a,dpu,5867.47,5883.72
10,864,g_a_cpu,cpu,5883.72,5884.23
10,864,h_a,dpu,5884.23,5897.09
10,864,eb_enc,cpu,5897.09,5897.22
10,864,eb_dec,cpu,5897.22,5897.34
10,864,h_s,dpu,5897.34,5899.89
10,864,gc,cpu,5899.89,5909.98
10,873,normalize,cpu,5914.24,5917.9
10,873,g_a_cpu,cpu,5917.91,5918.28
10,873,g_a,dpu,5918.28,5925.58
10,873,g_a,dpu,5925.58,5939.16
10,873,g_a_cpu,cpu,5939.16,5939.83
10,873,h_a,dpu,5939.83,5951.18
10,873,eb_enc,cpu,5951.18,5951.37
10,873,eb_dec,cpu,5951.37,5951.48
10,873,h_s,dpu,5951.48,5960.73
10,873,gc,cpu,5960.74,5971.48
10,882,normalize,cpu,5972.05,5975.72
10,882,g_a_cpu,cpu,5975.72,5976.06
10,882,g_a,dpu,5976.06,5993.78
10,882,g_a,dpu,5993.78,5998.98
10,882,g_a_cpu,cpu,5998.98,5999.42
10,882,h_a,dpu,5999.42,6001.7
10,882,eb_enc,cpu,6001.7,6001.85
10,882,eb_dec,cpu,6001.85,6001.96
10,882,h_s,dpu,6001.96,6003.67
10,882,gc,cpu,6003.67,6015.4
10,890,normalize,cpu,6016.2,6019.88
10,890,g_a_cpu,cpu,6019.88,6020.25
10,890,g_a,dpu,6020.25,6035.5
10,890,g_a,dpu,6035.51,6040.65
10,890,g_a_cpu,cpu,6040.65,6041.14
10,890,h_a,dpu,6041.14,6045.76
10,890,eb_enc,cpu,6045.76,6045.94
10,890,eb_dec,cpu,6045.94,6046.05
10,890,h_s,dpu,6046.05,6068.77
10,890,gc,cpu,6068.77,6079.77
10,899,normalize,cpu,6080.35,6084.08
10,899,g_a_cpu,cpu,6084.08,6084.72
10,899,g_a,dpu,6084.72,6097.98
10,899,g_a,dpu,6097.99,6117.73
10,899,g_a_cpu,cpu,6117.73,6118.47
10,899,h_a,dpu,6118.47,6124.39
10,899,eb_enc,cpu,6124.39,6124.53
10,899,eb_dec,cpu,6124.53,6124.64
10,899,h_s,dpu,6124.64,6125.93
10,899,gc,cpu,6125.93,6137.06
10,907,normalize,cpu,6139.13,6142.81
10,907,g_a_cpu,cpu,6142.82,6143.43
10,907,g_a,dpu,6143.44,6154.29
10,907,g_a,dpu,6154.29,6166.6
10,907,g_a_cpu,cpu,6166.61,6167.02
10,907,h_a,dpu,6167.02,6169.37
10,907,eb_enc,cpu,6169.37,6169.6
10,907,eb_dec,cpu,6169.6,6169.75
10,907,h_s,dpu,6169.75,6171.43
10,907,gc,cpu,6171.43,6188.99
10,916,normalize,cpu,6189.6,6205.02
10,916,g_a_cpu,cpu,6205.02,6205.56
10,916,g_a,dpu,6205.56,6222.67
10,916,g_a,dpu,6222.68,6238.47
10,916,g_a_cpu,cpu,6238.47,6238.87
10,916,h_a,dpu,6238.87,6241.59
10,916,eb_enc,cpu,6241.59,6241.77
10,916,eb_dec,cpu,6241.77,6241.88
10,916,h_s,dpu,6241.88,6244.62
10,916,gc,cpu,6244.62,6269.32
11,11,normalize,cpu,84.113,92.3947
11,11,g_a_cpu,cpu,92.5583,93.2898
11,11,g_a,dpu,93.2963,112.519
11,11,g_a,dpu,112.523,142.563
11,11,g_a_cpu,cpu,142.565,143.095
11,11,h_a,dpu,143.104,158.395
11,11,eb_enc,cpu,158.397,158.527
11,11,eb_dec,cpu,158.528,158.638
11,11,h_s,dpu,158.638,159.879
11,11,gc,cpu,159.883,175.706
11,13,normalize,cpu,176.269,180.022
11,13,g_a_cpu,cpu,180.026,180.331
11,13,g_a,dpu,180.335,186.224
11,13,g_a,dpu,186.226,192.073
11,13,g_a_cpu,cpu,192.075,192.566
11,13,h_a,dpu,192.568,197.139
11,13,eb_enc,cpu,197.14,197.27
11,13,eb_dec,cpu,197.273,197.377
11,13,h_s,dpu,197.378,198.959
11,13,gc,cpu,198.961,221.545
11,26,normalize,cpu,222.279,225.913
11,26,g_a_cpu,cpu,225.916,226.333
11,26,g_a,dpu,226.337,248.725
11,26,g_a,dpu,248.727,274.597
11,26,g_a_cpu,cpu,274.6,275.086
11,26,h_a,dpu,275.09,300.861
11,26,eb_enc,cpu,300.862,301.094
11,26,eb_dec,cpu,301.095,301.231
11,26,h_s,dpu,301.232,320.059
11,26,gc,cpu,320.06,331.391
11,41,normalize,cpu,332.039,346.578
11,41,g_a_cpu,cpu,346.583,347.304
11,41,g_a,dpu,347.315,358.804
11,41,g_a,dpu,358.811,364.459
11,41,g_a_cpu,cpu,364.46,364.848
11,41,h_a,dpu,364.85,401.681
11,41,eb_enc,cpu,401.681,401.873
11,41,eb_dec,cpu,401.875,402.026
11,41,h_s,dpu,402.027,418.673
11,41,gc,cpu,418.674,428.92
11,54,normalize,cpu,430.023,433.723
11,54,g_a_cpu,cpu,433.73,434.45
11,54,g_a,dpu,434.455,440.806
11,54,g_a,dpu,440.808,461.798
11,54,g_a_cpu,cpu,461.8,462.206
11,54,h_a,dpu,462.208,465.831
11,54,eb_enc,cpu,465.832,465.974
11,54,eb_dec,cpu,465.975,466.085
11,54,h_s,dpu,466.085,467.397
11,54,gc,cpu,467.398,477.507
11,62,normalize,cpu,478.029,490.806
11,62,g_a_cpu,cpu,490.809,491.272
11,62,g_a,dpu,491.274,510.822
11,62,g_a,dpu,510.829,547.768
11,62,g_a_cpu,cpu,547.771,548.142
11,62,h_a,dpu,548.144,558.37
11,62,eb_enc,cpu,558.37,558.523
11,62,eb_dec,cpu,558.524,558.637
11,62,h_s,dpu,558.637,560.013
11,62,gc,cpu,560.014,570.338
11,74,normalize,cpu,571.036,574.931
11,74,g_a_cpu,cpu,574.937,575.352
11,74,g_a,dpu,575.356,581.918
11,74,g_a,dpu,581.92,590.003
11,74,g_a_cpu,cpu,590.004,590.624
11,74,h_a,dpu,590.64,594.313
11,74,eb_enc,cpu,594.314,594.447
11,74,eb_dec,cpu,594.448,594.551
11,74,h_s,dpu,594.551,595.908
11,74,gc,cpu,595.909,610.223
11,80,normalize,cpu,611.869,639.044
11,80,g_a_cpu,cpu,639.047,639.467
11,80,g_a,dpu,639.473,660.314
11,80,g_a,dpu,660.315,666.047
11,80,g_a_cpu,cpu,666.048,666.538
11,80,h_a,dpu,666.541,692.696
11,80,eb_enc,cpu,692.698,692.851
11,80,eb_dec,cpu,692.854,692.964
11,80,h_s,dpu,692.965,702.078
11,80,gc,cpu,702.08,712.927
11,95,normalize,cpu,716.883,722.421
11,95,g_a_cpu,cpu,722.426,722.886
11,95,g_a,dpu,722.889,745.022
11,95,g_a,dpu,745.024,761.44
11,95,g_a_cpu,cpu,761.441,762.028
11,95,h_a,dpu,762.03,765.065
11,95,eb_enc,cpu,765.066,765.221
11,95,eb_dec,cpu,765.221,765.326
11,95,h_s,dpu,765.326,780.366
11,95,gc,cpu,780.366,803.999
11,109,normalize,cpu,804.509,809.204
11,109,g_a_cpu,cpu,809.216,809.918
11,109,g_a,dpu,809.94,839.438
11,109,g_a,dpu,839.44,845.447
11,109,g_a_cpu,cpu,845.449,845.833
11,109,h_a,dpu,845.836,850.925
11,109,eb_enc,cpu,850.925,851.071
11,109,eb_dec,cpu,851.071,851.183
11,109,h_s,dpu,851.183,852.785
11,109,gc,cpu,852.787,863.119
11,118,normalize,cpu,863.971,867.843
11,118,g_a_cpu,cpu,867.857,868.617
11,118,g_a,dpu,868.621,941.531
11,118,g_a,dpu,941.533,947.293
11,118,g_a_cpu,cpu,947.294,947.773
11,118,h_a,dpu,947.776,963.434
11,118,eb_enc,cpu,963.436,963.577
11,118,eb_dec,cpu,963.577,963.702
11,118,h_s,dpu,963.702,973.698
11,118,gc,cpu,973.699,984.917
11,134,normalize,cpu,985.709,989.445
11,134,g_a_cpu,cpu,989.45,990
11,134,g_a,dpu,990.004,1008.8
11,134,g_a,dpu,1008.8,1021.48
11,134,g_a_cpu,cpu,1021.49,1022.1
11,134,h_a,dpu,1022.1,1030.47
11,134,eb_enc,cpu,1030.47,1030.68
11,134,eb_dec,cpu,1030.68,1030.82
11,134,h_s,dpu,1030.82,1060.8
11,134,gc,cpu,1060.81,1071.15
11,148,normalize,cpu,1071.7,1075.45
11,148,g_a_cpu,cpu,1075.45,1075.86
11,148,g_a,dpu,1075.86,1103.71
11,148,g_a,dpu,1103.71,1113.55
11,148,g_a_cpu,cpu,1113.55,1113.92
11,148,h_a,dpu,1113.92,1132.79
11,148,eb_enc,cpu,1132.79,1133.03
11,148,eb_dec,cpu,1133.03,1133.18
11,148,h_s,dpu,1133.18,1161.8
11,148,gc,cpu,1161.82,1178.1
11,166,normalize,cpu,1179.53,1185.22
11,166,g_a_cpu,cpu,1185.22,1185.66
11,166,g_a,dpu,1185.66,1213.93
11,166,g_a,dpu,1213.93,1227.37
11,166,g_a_cpu,cpu,1227.37,1227.93
11,166,h_a,dpu,1227.93,1240.64
11,166,eb_enc,cpu,1240.64,1240.82
11,166,eb_dec,cpu,1240.82,1240.94
11,166,h_s,dpu,1240.94,1242.73
11,166,gc,cpu,1242.73,1253.3
11,175,normalize,cpu,1253.83,1257.68
11,175,g_a_cpu,cpu,1257.69,1258.63
11,175,g_a,dpu,1258.64,1299.85
11,175,g_a,dpu,1299.85,1306.09
11,175,g_a_cpu,cpu,1306.1,1306.66
11,175,h_a,dpu,1306.66,1341.31
11,175,eb_enc,cpu,1341.31,1341.5
11,175,eb_dec,cpu,1341.5,1341.64
11,175,h_s,dpu,1341.64,1343.39
11,175,gc,cpu,1343.4,1354.5
11,189,normalize,cpu,1355.23,1359.75
11,189,g_a_cpu,cpu,1359.76,1360.53
11,189,g_a,dpu,1360.53,1419.43
11,189,g_a,dpu,1419.44,1425.19
11,189,g_a_cpu,cpu,1425.19,1425.55
11,189,h_a,dpu,1425.55,1428.39
11,189,eb_enc,cpu,1428.39,1428.53
11,189,eb_dec,cpu,1428.53,1428.64
11,189,h_s,dpu,1428.64,1440.86
11,189,gc,cpu,1440.87,1452.86
11,202,normalize,cpu,1453.84,1467.58
11,202,g_a_cpu,cpu,1467.59,1467.96
11,202,g_a,dpu,1467.96,1492.94
11,202,g_a,dpu,1492.94,1511.59
11,202,g_a_cpu,cpu,1511.6,1512.43
11,202,h_a,dpu,1512.44,1533.7
11,202,eb_enc,cpu,1533.7,1533.9
11,202,eb_dec,cpu,1533.9,1534.02
11,202,h_s,dpu,1534.02,1548.55
11,202,gc,cpu,1548.55,1569.03
11,222,normalize,cpu,1570.05,1579.75
11,222,g_a_cpu,cpu,1579.75,1580.11
11,222,g_a,dpu,1580.12,1611.88
11,222,g_a,dpu,1611.88,1629.94
11,222,g_a_cpu,cpu,1629.94,1630.81
11,222,h_a,dpu,1630.81,1635.03
11,222,eb_enc,cpu,1635.03,1635.17
11,222,eb_dec,cpu,1635.17,1635.29
11,222,h_s,dpu,1635.29,1680.82
11,222,gc,cpu,1680.82,1693.42
11,240,normalize,cpu,1694.6,1699.31
11,240,g_a_cpu,cpu,1699.32,1710.91
11,240,g_a,dpu,1710.92,1742.51
11,240,g_a,dpu,1742.51,1750.54
11,240,g_a_cpu,cpu,1750.54,1750.91
11,240,h_a,dpu,1750.92,1754.85
11,240,eb_enc,cpu,1754.85,1755.01
11,240,eb_dec,cpu,1755.01,1755.13
11,240,h_s,dpu,1755.13,1792.02
11,240,gc,cpu,1792.02,1805.14
11,255,normalize,cpu,1805.73,1809.61
11,255,g_a_cpu,cpu,1809.61,1810.28
11,255,g_a,dpu,1810.29,1841.49
11,255,g_a,dpu,1841.49,1850.19
11,255,g_a_cpu,cpu,1850.2,1853.95
11,255,h_a,dpu,1853.96,1882.68
11,255,eb_enc,cpu,1882.68,1882.86
11,255,eb_dec,cpu,1882.87,1882.99
11,255,h_s,dpu,1882.99,1895.39
11,255,gc,cpu,1895.4,1905.87
11,272,normalize,cpu,1906.43,1910.05
11,272,g_a_cpu,cpu,1910.05,1910.47
11,272,g_a,dpu,1910.47,1916.06
11,272,g_a,dpu,1916.07,1921.85
11,272,g_a_cpu,cpu,1921.85,1922.31
11,272,h_a,dpu,1922.31,1925.76
11,272,eb_enc,cpu,1925.77,1925.98
11,272,eb_dec,cpu,1925.98,1926.11
11,272,h_s,dpu,1926.11,1932.41
11,272,gc,cpu,1932.42,1944.32
11,279,normalize,cpu,1946.05,1949.72
11,279,g_a_cpu,cpu,1949.72,1950.39
11,279,g_a,dpu,1950.39,1956.08
11,279,g_a,dpu,1956.09,1999.38
11,279,g_a_cpu,cpu,1999.38,1999.91
11,279,h_a,dpu,1999.92,2014.49
11,279,eb_enc,cpu,2014.49,2014.67
11,279,eb_dec,cpu,2014.67,2014.78
11,279,h_s,dpu,2014.78,2021.7
11,279,gc,cpu,2021.7,2033.91
11,292,normalize,cpu,2034.61,2038.44
11,292,g_a_cpu,cpu,2038.45,2039.94
11,292,g_a,dpu,2039.94,2073.87
11,292,g_a,dpu,2073.87,2096.13
11,292,g_a_cpu,cpu,2096.13,2096.6
11,292,h_a,dpu,2096.61,2102.1
11,292,eb_enc,cpu,2102.1,2102.24
11,292,eb_dec,cpu,2102.24,2102.37
11,292,h_s,dpu,2102.37,2103.8
11,292,gc,cpu,2103.8,2114.08
11,303,normalize,cpu,2114.66,2134.13
11,303,g_a_cpu,cpu,2134.14,2134.73
11,303,g_a,dpu,2134.74,2153.95
11,303,g_a,dpu,2153.95,2170.69
11,303,g_a_cpu,cpu,2170.69,2171.06
11,303,h_a,dpu,2171.06,2184.37
11,303,eb_enc,cpu,2184.37,2184.54
11,303,eb_dec,cpu,2184.54,2184.69
11,303,h_s,dpu,2184.69,2194.77
11,303,gc,cpu,2194.77,2205.75
11,316,normalize,cpu,2206.33,2210.1
11,316,g_a_cpu,cpu,2210.11,2210.63
11,316,g_a,dpu,2210.64,2228.14
11,316,g_a,dpu,2228.14,2240.03
11,316,g_a_cpu,cpu,2240.04,2240.54
11,316,h_a,dpu,2240.54,2243.45
11,316,eb_enc,cpu,2243.45,2243.61
11,316,eb_dec,cpu,2243.61,2243.72
11,316,h_s,dpu,2243.72,2254.55
11,316,gc,cpu,2254.55,2264.76
11,328,normalize,cpu,2265.38,2279.97
11,328,g_a_cpu,cpu,2279.98,2280.51
11,328,g_a,dpu,2280.51,2330.56
11,328,g_a,dpu,2330.56,2348.08
11,328,g_a_cpu,cpu,2348.08,2348.64
11,328,h_a,dpu,2348.65,2361.09
11,328,eb_enc,cpu,2361.09,2361.28
11,328,eb_dec,cpu,2361.3,2361.43
11,328,h_s,dpu,2361.43,2371.74
11,328,gc,cpu,2371.74,2381.8
11,344,normalize,cpu,2382.82,2386.59
11,344,g_a_cpu,cpu,2386.6,2387.34
11,344,g_a,dpu,2387.34,2429.83
11,344,g_a,dpu,2429.83,2442.08
11,344,g_a_cpu,cpu,2442.08,2442.82
11,344,h_a,dpu,2442.82,2455.82
11,344,eb_enc,cpu,2455.82,2456.1
11,344,eb_dec,cpu,2456.1,2456.26
11,344,h_s,dpu,2456.26,2490.81
11,344,gc,cpu,2490.81,2509.55
11,364,normalize,cpu,2510.66,2516.77
11,364,g_a_cpu,cpu,2516.77,2517.18
11,364,g_a,dpu,2517.18,2548.56
11,364,g_a,dpu,2548.56,2554.42
11,364,g_a_cpu,cpu,2554.42,2554.94
11,364,h_a,dpu,2554.95,2572.61
11,364,eb_enc,cpu,2572.61,2572.85
11,364,eb_dec,cpu,2572.85,2573
11,364,h_s,dpu,2573,2577.6
11,364,gc,cpu,2577.6,2588.65
11,374,normalize,cpu,2589.21,2596.78
11,374,g_a_cpu,cpu,2596.79,2597.16
11,374,g_a,dpu,2597.17,2629.46
11,374,g_a,dpu,2629.46,2635.02
11,374,g_a_cpu,cpu,2635.02,2635.57
11,374,h_a,dpu,2635.58,2650.49
11,374,eb_enc,cpu,2650.49,2650.63
11,374,eb_dec,cpu,2650.63,2650.75
11,374,h_s,dpu,2650.75,2666.51
11,374,gc,cpu,2666.51,2676.6
11,388,normalize,cpu,2677.46,2686.49
11,388,g_a_cpu,cpu,2686.49,2686.89
11,388,g_a,dpu,2686.89,2709.3
11,388,g_a,dpu,2709.3,2731.6
11,388,g_a_cpu,cpu,2731.6,2732.34
11,388,h_a,dpu,2732.34,2741.83
11,388,eb_enc,cpu,2741.83,2742.01
11,388,eb_dec,cpu,2742.01,2742.12
11,388,h_s,dpu,2742.12,2743.61
11,388,gc,cpu,2743.61,2754.93
11,399,normalize,cpu,2755.87,2759.57
11,399,g_a_cpu,cpu,2759.57,2760.04
11,399,g_a,dpu,2760.05,2809.83
11,399,g_a,dpu,2809.83,2826.92
11,399,g_a_cpu,cpu,2826.93,2827.59
11,399,h_a,dpu,2827.6,2849.35
11,399,eb_enc,cpu,2849.35,2849.48
11,399,eb_dec,cpu,2849.48,2849.59
11,399,h_s,dpu,2849.59,2854.07
11,399,gc,cpu,2854.07,2869.83
11,419,normalize,cpu,2870.76,2877.07
11,419,g_a_cpu,cpu,2877.07,2877.44
11,419,g_a,dpu,2877.44,2914.68
11,419,g_a,dpu,2914.68,2927.18
11,419,g_a_cpu,cpu,2927.19,2927.84
11,419,h_a,dpu,2927.84,2932.19
11,419,eb_enc,cpu,2932.19,2932.33
11,419,eb_dec,cpu,2932.33,2932.44
11,419,h_s,dpu,2932.44,2934.02
11,419,gc,cpu,2934.03,2946.22
11,430,normalize,cpu,2946.84,2951.5
11,430,g_a_cpu,cpu,2951.51,2970.49
11,430,g_a,dpu,2970.49,2983.95
11,430,g_a,dpu,2983.95,2989.42
11,430,g_a_cpu,cpu,2989.42,2989.92
11,430,h_a,dpu,2989.92,3001.99
11,430,eb_enc,cpu,3001.99,3002.13
11,430,eb_dec,cpu,3002.13,3002.28
11,430,h_s,dpu,3002.28,3005.53
11,430,gc,cpu,3005.54,3016.42
11,440,normalize,cpu,3017.93,3021.67
11,440,g_a_cpu,cpu,3021.68,3022.24
11,440,g_a,dpu,3022.25,3038.55
11,440,g_a,dpu,3038.56,3049.56
11,440,g_a_cpu,cpu,3049.57,3049.94
11,440,h_a,dpu,3049.95,3053.84
11,440,eb_enc,cpu,3053.84,3054.01
11,440,eb_dec,cpu,3054.01,3054.12
11,440,h_s,dpu,3054.12,3066.3
11,440,gc,cpu,3066.3,3076.66
11,449,normalize,cpu,3077.54,3081.38
11,449,g_a_cpu,cpu,3081.38,3081.9
11,449,g_a,dpu,3081.91,3097.12
11,449,g_a,dpu,3097.12,3118.45
11,449,g_a_cpu,cpu,3118.45,3118.86
11,449,h_a,dpu,3118.87,3131.32
11,449,eb_enc,cpu,3131.33,3131.53
11,449,eb_dec,cpu,3131.53,3131.67
11,449,h_s,dpu,3131.67,3172.96
11,449,gc,cpu,3172.96,3187.35
11,464,normalize,cpu,3187.97,3193.07
11,464,g_a_cpu,cpu,3193.08,3193.56
11,464,g_a,dpu,3193.57,3221.58
11,464,g_a,dpu,3221.58,3227.07
11,464,g_a_cpu,cpu,3227.07,3227.49
11,464,h_a,dpu,3227.5,3230.64
11,464,eb_enc,cpu,3230.64,3230.77
11,464,eb_dec,cpu,3230.77,3230.88
11,464,h_s,dpu,3230.88,3232.86
11,464,gc,cpu,3232.87,3255.66
11,475,normalize,cpu,3256.33,3271.91
11,475,g_a_cpu,cpu,3271.91,3272.21
11,475,g_a,dpu,3272.21,3291.41
11,475,g_a,dpu,3291.41,3306.66
11,475,g_a_cpu,cpu,3306.66,3307.15
11,475,h_a,dpu,3307.15,3325.15
11,475,eb_enc,cpu,3325.16,3325.29
11,475,eb_dec,cpu,3325.3,3325.4
11,475,h_s,dpu,3325.4,3335.33
11,475,gc,cpu,3335.33,3346.84
11,488,normalize,cpu,3347.46,3351.72
11,488,g_a_cpu,cpu,3351.73,3352.6
11,488,g_a,dpu,3352.6,3383.88
11,488,g_a,dpu,3383.88,3391.51
11,488,g_a_cpu,cpu,3391.52,3392.03
11,488,h_a,dpu,3392.03,3396.32
11,488,eb_enc,cpu,3396.32,3396.51
11,488,eb_dec,cpu,3396.51,3396.62
11,488,h_s,dpu,3396.62,3425.65
11,488,gc,cpu,3425.65,3436.22
11,503,normalize,cpu,3436.75,3440.41
11,503,g_a_cpu,cpu,3440.42,3440.9
11,503,g_a,dpu,3440.9,3463.36
11,503,g_a,dpu,3463.37,3489.75
11,503,g_a_cpu,cpu,3489.75,3490.2
11,503,h_a,dpu,3490.2,3504.1
11,503,eb_enc,cpu,3504.1,3504.23
11,503,eb_dec,cpu,3504.23,3504.34
11,503,h_s,dpu,3504.34,3517.99
11,503,gc,cpu,3517.99,3528.24
11,515,normalize,cpu,3528.83,3537.69
11,515,g_a_cpu,cpu,3537.7,3538.18
11,515,g_a,dpu,3538.18,3546.81
11,515,g_a,dpu,3546.81,3555.28
11,515,g_a_cpu,cpu,3555.29,3555.85
11,515,h_a,dpu,3555.85,3561.29
11,515,eb_enc,cpu,3561.29,3561.48
11,515,eb_dec,cpu,3561.49,3561.63
11,515,h_s,dpu,3561.63,3596.42
11,515,gc,cpu,3596.43,3614.92
11,527,normalize,cpu,3615.57,3655.01
11,527,g_a_cpu,cpu,3655.01,3655.84
11,527,g_a,dpu,3655.84,3678.43
11,527,g_a,dpu,3678.43,3686.51
11,527,g_a_cpu,cpu,3686.51,3686.97
11,527,h_a,dpu,3686.98,3690.52
11,527,eb_enc,cpu,3690.52,3690.75
11,527,eb_dec,cpu,3690.75,3690.89
11,527,h_s,dpu,3690.89,3693
11,527,gc,cpu,3693.01,3706.48
11,542,normalize,cpu,3707.01,3710.69
11,542,g_a_cpu,cpu,3710.69,3711.06
11,542,g_a,dpu,3711.06,3753.91
11,542,g_a,dpu,3753.91,3770.03
11,542,g_a_cpu,cpu,3770.03,3770.78
11,542,h_a,dpu,3770.79,3776.05
11,542,eb_enc,cpu,3776.05,3776.24
11,542,eb_dec,cpu,3776.24,3776.36
11,542,h_s,dpu,3776.36,3783.66
11,542,gc,cpu,3783.66,3794.61
11,555,normalize,cpu,3795.74,3800.7
11,555,g_a_cpu,cpu,3800.7,3802.21
11,555,g_a,dpu,3802.22,3822.02
11,555,g_a,dpu,3822.02,3843.36
11,555,g_a_cpu,cpu,3843.37,3843.79
11,555,h_a,dpu,3843.79,3867.42
11,555,eb_enc,cpu,3867.42,3867.76
11,555,eb_dec,cpu,3867.76,3867.93
11,555,h_s,dpu,3867.94,3877.47
11,555,gc,cpu,3877.47,3888.5
11,569,normalize,cpu,3889.05,3892.72
11,569,g_a_cpu,cpu,3892.73,3893.05
11,569,g_a,dpu,3893.05,3898.68
11,569,g_a,dpu,3898.68,3910.1
11,569,g_a_cpu,cpu,3910.1,3911.79
11,569,h_a,dpu,3911.79,3917.78
11,569,eb_enc,cpu,3917.78,3918.08
11,569,eb_dec,cpu,3918.08,3918.24
11,569,h_s,dpu,3918.24,3940.51
11,569,gc,cpu,3940.51,3951.68
11,580,normalize,cpu,3953.81,3957.62
11,580,g_a_cpu,cpu,3957.62,3958.09
11,580,g_a,dpu,3958.1,3978.54
11,580,g_a,dpu,3978.55,3984.5
11,580,g_a_cpu,cpu,3984.51,3985.29
11,580,h_a,dpu,3985.29,4006.47
11,580,eb_enc,cpu,4006.48,4006.78
11,580,eb_dec,cpu,4006.79,4006.97
11,580,h_s,dpu,4006.97,4021.34
11,580,gc,cpu,4021.35,4031.89
11,590,normalize,cpu,4032.39,4047.35
11,590,g_a_cpu,cpu,4047.36,4051.17
11,590,g_a,dpu,4051.17,4058.22
11,590,g_a,dpu,4058.22,4064.66
11,590,g_a_cpu,cpu,4064.66,4065.75
11,590,h_a,dpu,4065.75,4076.08
11,590,eb_enc,cpu,4076.08,4076.27
11,590,eb_dec,cpu,4076.27,4076.39
11,590,h_s,dpu,4076.39,4099.99
11,590,gc,cpu,4099.99,4110.56
11,602,normalize,cpu,4114.45,4118.2
11,602,g_a_cpu,cpu,4118.21,4118.74
11,602,g_a,dpu,4118.74,4133.45
11,602,g_a,dpu,4133.45,4148.39
11,602,g_a_cpu,cpu,4148.39,4148.84
11,602,h_a,dpu,4148.84,4152.16
11,602,eb_enc,cpu,4152.16,4152.32
11,602,eb_dec,cpu,4152.32,4152.44
11,602,h_s,dpu,4152.44,4166.48
11,602,gc,cpu,4166.49,4182.3
11,613,normalize,cpu,4182.98,4189.13
11,613,g_a_cpu,cpu,4189.14,4189.79
11,613,g_a,dpu,4189.79,4211.43
11,613,g_a,dpu,4211.44,4237.87
11,613,g_a_cpu,cpu,4237.87,4238.52
11,613,h_a,dpu,4238.53,4256.81
11,613,eb_enc,cpu,4256.81,4257.03
11,613,eb_dec,cpu,4257.03,4257.16
11,613,h_s,dpu,4257.16,4268.82
11,613,gc,cpu,4268.83,4281.04
11,626,normalize,cpu,4281.61,4295.44
11,626,g_a_cpu,cpu,4295.45,4295.89
11,626,g_a,dpu,4295.9,4309.27
11,626,g_a,dpu,4309.27,4318.43
11,626,g_a_cpu,cpu,4318.44,4318.82
11,626,h_a,dpu,4318.82,4322.06
11,626,eb_enc,cpu,4322.06,4322.21
11,626,eb_dec,cpu,4322.21,4322.34
11,626,h_s,dpu,4322.34,4323.95
11,626,gc,cpu,4323.95,4336.33
11,636,normalize,cpu,4336.82,4341.77
11,636,g_a_cpu,cpu,4341.77,4342.9
11,636,g_a,dpu,4342.92,4364.25
11,636,g_a,dpu,4364.26,4399.48
11,636,g_a_cpu,cpu,4399.48,4400.19
11,636,h_a,dpu,4400.19,4407.22
11,636,eb_enc,cpu,4407.22,4407.45
11,636,eb_dec,cpu,4407.45,4407.6
11,636,h_s,dpu,4407.6,4422.37
11,636,gc,cpu,4422.38,4433.78
11,648,normalize,cpu,4434.68,4438.33
11,648,g_a_cpu,cpu,4438.33,4438.81
11,648,g_a,dpu,4438.81,4478.45
11,648,g_a,dpu,4478.45,4494.49
11,648,g_a_cpu,cpu,4494.49,4494.89
11,648,h_a,dpu,4494.89,4501.9
11,648,eb_enc,cpu,4501.9,4502.03
11,648,eb_dec,cpu,4502.03,4502.15
11,648,h_s,dpu,4502.15,4504.98
11,648,gc,cpu,4504.99,4515.96
11,660,normalize,cpu,4517.03,4520.82
11,660,g_a_cpu,cpu,4520.82,4521.32
11,660,g_a,dpu,4521.32,4542.04
11,660,g_a,dpu,4542.08,4572.28
11,660,g_a_cpu,cpu,4572.28,4572.7
11,660,h_a,dpu,4572.71,4582.03
11,660,eb_enc,cpu,4582.03,4582.17
11,660,eb_dec,cpu,4582.17,4582.31
11,660,h_s,dpu,4582.31,4594.1
11,660,gc,cpu,4594.1,4604.48
11,674,normalize,cpu,4605.11,4609.4
11,674,g_a_cpu,cpu,4609.4,4609.87
11,674,g_a,dpu,4609.87,4631.86
11,674,g_a,dpu,4631.86,4637.86
11,674,g_a_cpu,cpu,4637.86,4638.36
11,674,h_a,dpu,4638.36,4662.01
11,674,eb_enc,cpu,4662.01,4662.17
11,674,eb_dec,cpu,4662.18,4662.33
11,674,h_s,dpu,4662.33,4673.43
11,674,gc,cpu,4673.43,4689.76
11,689,normalize,cpu,4690.63,4706.3
11,689,g_a_cpu,cpu,4706.3,4706.74
11,689,g_a,dpu,4706.74,4727.88
11,689,g_a,dpu,4727.89,4747.97
11,689,g_a_cpu,cpu,4747.98,4748.53
11,689,h_a,dpu,4748.54,4758.32
11,689,eb_enc,cpu,4758.32,4758.65
11,689,eb_dec,cpu,4758.65,4758.81
11,689,h_s,dpu,4758.81,4771.28
11,689,gc,cpu,4771.28,4782.85
11,701,normalize,cpu,4786.21,4791.3
11,701,g_a_cpu,cpu,4791.3,4791.8
11,701,g_a,dpu,4791.81,4834.44
11,701,g_a,dpu,4834.45,4843.92
11,701,g_a_cpu,cpu,4843.92,4844.58
11,701,h_a,dpu,4844.59,4863.03
11,701,eb_enc,cpu,4863.03,4863.21
11,701,eb_dec,cpu,4863.21,4863.38
11,701,h_s,dpu,4863.38,4901.16
11,701,gc,cpu,4901.16,4911.65
11,722,normalize,cpu,4912.59,4917.01
11,722,g_a_cpu,cpu,4917.02,4917.7
11,722,g_a,dpu,4917.7,4948.31
11,722,g_a,dpu,4948.31,4958.96
11,722,g_a_cpu,cpu,4958.96,4959.54
11,722,h_a,dpu,4959.54,4986.48
11,722,eb_enc,cpu,4986.48,4986.62
11,722,eb_dec,cpu,4986.62,4986.73
11,722,h_s,dpu,4986.73,4999.09
11,722,gc,cpu,4999.09,5010.91
11,736,normalize,cpu,5011.89,5015.62
11,736,g_a_cpu,cpu,5015.62,5017.24
11,736,g_a,dpu,5017.25,5028.46
11,736,g_a,dpu,5028.46,5034.09
11,736,g_a_cpu,cpu,5034.09,5034.57
11,736,h_a,dpu,5034.58,5043.53
11,736,eb_enc,cpu,5043.53,5043.66
11,736,eb_dec,cpu,5043.66,5043.77
11,736,h_s,dpu,5043.77,5048.62
11,736,gc,cpu,5048.62,5059.2
11,744,normalize,cpu,5059.68,5064.44
11,744,g_a_cpu,cpu,5064.44,5064.93
11,744,g_a,dpu,5064.93,5077.65
11,744,g_a,dpu,5077.65,5100.33
11,744,g_a_cpu,cpu,5100.33,5101.28
11,744,h_a,dpu,5101.28,5120.92
11,744,eb_enc,cpu,5120.92,5121.19
11,744,eb_dec,cpu,5121.2,5121.34
11,744,h_s,dpu,5121.34,5126.49
11,744,gc,cpu,5126.49,5148.47
11,757,normalize,cpu,5149.43,5153.12
11,757,g_a_cpu,cpu,5153.14,5154.08
11,757,g_a,dpu,5154.09,5184.09
11,757,g_a,dpu,5184.1,5196.6
11,757,g_a_cpu,cpu,5196.61,5197.13
11,757,h_a,dpu,5197.13,5212.69
11,757,eb_enc,cpu,5212.7,5212.94
11,757,eb_dec,cpu,5212.94,5213.08
11,757,h_s,dpu,5213.08,5214.97
11,757,gc,cpu,5214.97,5244.8
11,770,normalize,cpu,5245.43,5249.18
11,770,g_a_cpu,cpu,5249.18,5249.53
11,770,g_a,dpu,5249.53,5276.57
11,770,g_a,dpu,5276.57,5286.47
11,770,g_a_cpu,cpu,5286.48,5286.88
11,770,h_a,dpu,5286.89,5292.44
11,770,eb_enc,cpu,5292.45,5292.66
11,770,eb_dec,cpu,5292.66,5292.78
11,770,h_s,dpu,5292.78,5322.58
11,770,gc,cpu,5322.58,5336.09
11,785,normalize,cpu,5337,5340.77
11,785,g_a_cpu,cpu,5340.77,5342.29
11,785,g_a,dpu,5342.3,5361.84
11,785,g_a,dpu,5361.84,5376.24
11,785,g_a_cpu,cpu,5376.25,5376.62
11,785,h_a,dpu,5376.62,5380.78
11,785,eb_enc,cpu,5380.78,5380.92
11,785,eb_dec,cpu,5380.92,5381.02
11,785,h_s,dpu,5381.02,5382.3
11,785,gc,cpu,5382.3,5396.23
11,794,normalize,cpu,5406.85,5410.51
11,794,g_a_cpu,cpu,5410.52,5412.1
11,794,g_a,dpu,5412.11,5438.63
11,794,g_a,dpu,5438.63,5455.42
11,794,g_a_cpu,cpu,5455.42,5455.8
11,794,h_a,dpu,5455.8,5462.4
11,794,eb_enc,cpu,5462.4,5462.53
11,794,eb_dec,cpu,5462.53,5462.64
11,794,h_s,dpu,5462.64,5464.48
11,794,gc,cpu,5464.48,5476.04
11,807,normalize,cpu,5477.11,5480.84
11,807,g_a_cpu,cpu,5480.85,5482.34
11,807,g_a,dpu,5482.34,5510.21
11,807,g_a,dpu,5510.21,5522.43
11,807,g_a_cpu,cpu,5522.43,5522.82
11,807,h_a,dpu,5522.82,5526.13
11,807,eb_enc,cpu,5526.13,5526.32
11,807,eb_dec,cpu,5526.32,5526.44
11,807,h_s,dpu,5526.44,5528.24
11,807,gc,cpu,5528.24,5539.43
11,818,normalize,cpu,5540.14,5543.98
11,818,g_a_cpu,cpu,5543.99,5544.37
11,818,g_a,dpu,5544.37,5553.71
11,818,g_a,dpu,5553.71,5564.84
11,818,g_a_cpu,cpu,5564.85,5565.86
11,818,h_a,dpu,5565.86,5575.67
11,818,eb_enc,cpu,5575.67,5575.8
11,818,eb_dec,cpu,5575.8,5575.91
11,818,h_s,dpu,5575.91,5578.14
11,818,gc,cpu,5578.14,5588.47
11,822,normalize,cpu,5588.99,5592.83
11,822,g_a_cpu,cpu,5592.84,5593.64
11,822,g_a,dpu,5593.65,5684.85
11,822,g_a,dpu,5684.85,5716.91
11,822,g_a_cpu,cpu,5716.92,5717.51
11,822,h_a,dpu,5717.52,5733.05
11,822,eb_enc,cpu,5733.05,5733.24
11,822,eb_dec,cpu,5733.24,5733.36
11,822,h_s,dpu,5733.36,5769.4
11,822,gc,cpu,5769.4,5782.11
11,854,normalize,cpu,5782.93,5787.43
11,854,g_a_cpu,cpu,5787.44,5787.77
11,854,g_a,dpu,5787.78,5802.48
11,854,g_a,dpu,5802.48,5843.79
11,854,g_a_cpu,cpu,5843.8,5844.15
11,854,h_a,dpu,5844.15,5847.35
11,854,eb_enc,cpu,5847.35,5847.52
11,854,eb_dec,cpu,5847.52,5847.63
11,854,h_s,dpu,5847.63,5849.27
11,854,gc,cpu,5849.27,5868.24
11,868,normalize,cpu,5870.52,5874.88
11,868,g_a_cpu,cpu,5874.89,5875.3
11,868,g_a,dpu,5875.3,5891.76
11,868,g_a,dpu,5891.76,5912.74
11,868,g_a_cpu,cpu,5912.74,5913.38
11,868,h_a,dpu,5913.39,5927.58
11,868,eb_enc,cpu,5927.59,5927.72
11,868,eb_dec,cpu,5927.72,5927.83
11,868,h_s,dpu,5927.83,5929.44
11,868,gc,cpu,5929.44,5941.42
11,879,normalize,cpu,5942.01,5946.38
11,879,g_a_cpu,cpu,5946.39,5946.79
11,879,g_a,dpu,5946.8,5972.01
11,879,g_a,dpu,5972.02,6013.62
11,879,g_a_cpu,cpu,6013.62,6014.15
11,879,h_a,dpu,6014.15,6017.87
11,879,eb_enc,cpu,6017.87,6018.01
11,879,eb_dec,cpu,6018.01,6018.12
11,879,h_s,dpu,6018.12,6019.72
11,879,gc,cpu,6019.72,6036.95
11,893,normalize,cpu,6037.44,6043.83
11,893,g_a_cpu,cpu,6043.83,6044.2
11,893,g_a,dpu,6044.2,6059.35
11,893,g_a,dpu,6059.35,6083.66
11,893,g_a_cpu,cpu,6083.66,6084.23
11,893,h_a,dpu,6084.23,6103.7
11,893,eb_enc,cpu,6103.7,6103.88
11,893,eb_dec,cpu,6103.89,6104.02
11,893,h_s,dpu,6104.02,6119.04
11,893,gc,cpu,6119.04,6130.42
11,906,normalize,cpu,6131.01,6134.86
11,906,g_a_cpu,cpu,6134.86,6135.35
11,906,g_a,dpu,6135.35,6149.63
11,906,g_a,dpu,6149.63,6155.84
11,906,g_a_cpu,cpu,6155.84,6156.67
11,906,h_a,dpu,6156.68,6160.6
11,906,eb_enc,cpu,6160.61,6160.74
11,906,eb_dec,cpu,6160.74,6160.85
11,906,h_s,dpu,6160.85,6162.1
11,906,gc,cpu,6162.1,6189.63
11,917,normalize,cpu,6190.16,6197.8
11,917,g_a_cpu,cpu,6197.8,6198.21
11,917,g_a,dpu,6198.21,6204.87
11,917,g_a,dpu,6204.87,6215.05
11,917,g_a_cpu,cpu,6215.05,6215.45
11,917,h_a,dpu,6215.45,6246.35
11,917,eb_enc,cpu,6246.35,6246.5
11,917,eb_dec,cpu,6246.5,6246.62
11,917,h_s,dpu,6246.62,6261.17
11,917,gc,cpu,6261.18,6276.32
