lane,patch,stage,kind,t0_ms,t1_ms
-1,0,read,read,0.25378,64.2681
-1,1,read,read,64.3597,128.514
-1,2,read,read,128.54,192.345
-1,3,read,read,532.141,595.552
-1,4,read,read,992.535,1083.01
-1,5,read,read,1453.61,1538.55
-1,6,read,read,1905.35,1981.56
-1,7,read,read,2380.77,2447.19
-1,8,read,read,2824.64,2888.34
-1,9,read,read,3296.77,3332.42
-1,10,read,read,3753.43,3793.92
-1,11,read,read,4221.07,4258.04
-1,12,read,read,4683.9,4748.24
-1,13,read,read,5146.97,5185.19
-1,14,read,read,5620.96,5659.36
-1,15,read,read,6092.91,6132.43
0,0,normalize,cpu,64.8259,68.5761
0,0,g_a_cpu,cpu,73.751,74.1061
0,0,g_a,dpu,74.1103,79.4744
0,0,g_a,dpu,79.4778,89.0466
0,0,g_a_cpu,cpu,89.0501,89.6377
0,0,h_a,dpu,89.6423,93.2882
0,0,eb_enc,cpu,93.2893,93.4798
0,0,eb_dec,cpu,93.4805,93.6402
0,0,h_s,dpu,93.6405,96.0988
0,0,gc,cpu,96.1022,117.756
0,6,normalize,cpu,118.454,122.148
0,6,g_a_cpu,cpu,122.155,122.581
0,6,g_a,dpu,122.585,127.965
0,6,g_a,dpu,127.967,146.193
0,6,g_a_cpu,cpu,146.196,146.786
0,6,h_a,dpu,146.79,150.176
0,6,eb_enc,cpu,150.177,150.339
0,6,eb_dec,cpu,150.341,150.481
0,6,h_s,dpu,150.482,161.143
0,6,gc,cpu,161.144,171.969
0,12,normalize,cpu,173.021,176.722
0,12,g_a_cpu,cpu,176.73,177.253
0,12,g_a,dpu,177.26,194.999
0,12,g_a,dpu,195.002,205.806
0,12,g_a_cpu,cpu,205.811,206.323
0,12,h_a,dpu,206.328,209.507
0,12,eb_enc,cpu,209.508,209.641
0,12,eb_dec,cpu,209.642,209.767
0,12,h_s,dpu,209.767,211.34
0,12,gc,cpu,211.341,221.361
0,17,normalize,cpu,221.931,225.604
0,17,g_a_cpu,cpu,225.61,226.058
0,17,g_a,dpu,226.065,231.398
0,17,g_a,dpu,231.415,236.934
0,17,g_a_cpu,cpu,236.937,237.507
0,17,h_a,dpu,237.509,243.998
0,17,eb_enc,cpu,243.998,244.128
0,17,eb_dec,cpu,244.128,244.249
0,17,h_s,dpu,244.249,245.282
0,17,gc,cpu,245.282,255.507
0,21,normalize,cpu,256.078,259.728
0,21,g_a_cpu,cpu,259.733,260.229
0,21,g_a,dpu,260.233,265.396
0,21,g_a,dpu,265.398,275.421
0,21,g_a_cpu,cpu,275.423,275.889
0,21,h_a,dpu,275.891,279.189
0,21,eb_enc,cpu,279.19,279.33
0,21,eb_dec,cpu,279.331,279.467
0,21,h_s,dpu,279.467,283.653
0,21,gc,cpu,283.654,293.754
0,26,normalize,cpu,294.367,298.026
0,26,g_a_cpu,cpu,298.034,298.632
0,26,g_a,dpu,298.636,303.624
0,26,g_a,dpu,303.625,308.627
0,26,g_a_cpu,cpu,308.629,309.061
0,26,h_a,dpu,309.064,320.651
0,26,eb_enc,cpu,320.652,320.798
0,26,eb_dec,cpu,320.799,320.924
0,26,h_s,dpu,320.925,324.932
0,26,gc,cpu,324.933,344.694
0,33,normalize,cpu,345.264,348.959
0,33,g_a_cpu,cpu,348.962,349.58
0,33,g_a,dpu,349.588,355.013
0,33,g_a,dpu,355.018,364.066
0,33,g_a_cpu,cpu,364.069,364.476
0,33,h_a,dpu,364.486,367.068
0,33,eb_enc,cpu,367.069,367.199
0,33,eb_dec,cpu,367.2,367.324
0,33,h_s,dpu,367.324,368.432
0,33,gc,cpu,368.433,381.714
0,38,normalize,cpu,382.355,387.26
0,38,g_a_cpu,cpu,387.263,388.405
0,38,g_a,dpu,388.41,398.085
0,38,g_a,dpu,398.089,407.128
0,38,g_a_cpu,cpu,407.131,407.492
0,38,h_a,dpu,407.494,410.684
0,38,eb_enc,cpu,410.685,410.812
0,38,eb_dec,cpu,410.813,410.974
0,38,h_s,dpu,410.974,419.829
0,38,gc,cpu,419.831,434.291
0,45,normalize,cpu,434.914,439.902
0,45,g_a_cpu,cpu,439.904,440.334
0,45,g_a,dpu,440.338,445.379
0,45,g_a,dpu,445.38,463.9
0,45,g_a_cpu,cpu,463.904,464.52
0,45,h_a,dpu,464.524,467.415
0,45,eb_enc,cpu,467.416,467.558
0,45,eb_dec,cpu,467.558,467.69
0,45,h_s,dpu,467.69,468.893
0,45,gc,cpu,468.893,479.268
0,51,normalize,cpu,479.867,483.592
0,51,g_a_cpu,cpu,483.594,483.948
0,51,g_a,dpu,483.95,493.935
0,51,g_a,dpu,493.936,499.104
0,51,g_a_cpu,cpu,499.106,499.459
0,51,h_a,dpu,499.461,502.519
0,51,eb_enc,cpu,502.523,502.901
0,51,eb_dec,cpu,502.902,503.096
0,51,h_s,dpu,503.096,508.307
0,51,gc,cpu,508.308,518.709
0,54,normalize,cpu,519.322,523.069
0,54,g_a_cpu,cpu,523.073,523.53
0,54,g_a,dpu,523.534,534.764
0,54,g_a,dpu,534.765,539.907
0,54,g_a_cpu,cpu,539.908,540.328
0,54,h_a,dpu,540.33,546.111
0,54,eb_enc,cpu,546.112,546.297
0,54,eb_dec,cpu,546.297,546.432
0,54,h_s,dpu,546.432,547.958
0,54,gc,cpu,547.959,558.439
0,59,normalize,cpu,559.114,562.806
0,59,g_a_cpu,cpu,562.81,563.257
0,59,g_a,dpu,563.261,568.935
0,59,g_a,dpu,568.939,574.55
0,59,g_a_cpu,cpu,574.553,575.04
0,59,h_a,dpu,575.045,580.207
0,59,eb_enc,cpu,580.208,580.393
0,59,eb_dec,cpu,580.394,580.547
0,59,h_s,dpu,580.548,583.409
0,59,gc,cpu,583.411,594.06
0,63,normalize,cpu,594.897,611.942
0,63,g_a_cpu,cpu,611.945,612.281
0,63,g_a,dpu,612.284,617.32
0,63,g_a,dpu,617.321,627.975
0,63,g_a_cpu,cpu,627.976,628.325
0,63,h_a,dpu,628.327,631.164
0,63,eb_enc,cpu,631.166,631.358
0,63,eb_dec,cpu,631.36,631.496
0,63,h_s,dpu,631.496,632.709
0,63,gc,cpu,632.717,642.89
0,69,normalize,cpu,643.596,647.298
0,69,g_a_cpu,cpu,647.301,647.634
0,69,g_a,dpu,647.637,652.744
0,69,g_a,dpu,652.746,667.492
0,69,g_a_cpu,cpu,667.495,668.09
0,69,h_a,dpu,668.093,671.342
0,69,eb_enc,cpu,671.344,671.511
0,69,eb_dec,cpu,671.512,671.651
0,69,h_s,dpu,671.652,679.321
0,69,gc,cpu,679.322,689.347
0,74,normalize,cpu,690.015,693.671
0,74,g_a_cpu,cpu,693.675,694.05
0,74,g_a,dpu,694.055,699.268
0,74,g_a,dpu,699.27,704.319
0,74,g_a_cpu,cpu,704.322,704.645
0,74,h_a,dpu,704.647,707.993
0,74,eb_enc,cpu,707.995,708.153
0,74,eb_dec,cpu,708.154,708.285
0,74,h_s,dpu,708.285,709.499
0,74,gc,cpu,709.5,720.054
0,79,normalize,cpu,720.619,724.306
0,79,g_a_cpu,cpu,724.309,724.728
0,79,g_a,dpu,724.731,729.874
0,79,g_a,dpu,729.876,735.622
0,79,g_a_cpu,cpu,735.624,735.97
0,79,h_a,dpu,735.971,741.239
0,79,eb_enc,cpu,741.241,741.404
0,79,eb_dec,cpu,741.405,741.546
0,79,h_s,dpu,741.546,742.805
0,79,gc,cpu,742.806,753.365
0,84,normalize,cpu,753.976,757.633
0,84,g_a_cpu,cpu,757.64,758.066
0,84,g_a,dpu,758.07,763.787
0,84,g_a,dpu,763.789,768.717
0,84,g_a_cpu,cpu,768.721,769.323
0,84,h_a,dpu,769.326,772.447
0,84,eb_enc,cpu,772.448,772.602
0,84,eb_dec,cpu,772.603,772.736
0,84,h_s,dpu,772.736,773.937
0,84,gc,cpu,773.938,784.388
0,88,normalize,cpu,784.839,788.512
0,88,g_a_cpu,cpu,788.519,789.063
0,88,g_a,dpu,789.065,794.17
0,88,g_a,dpu,794.172,799.584
0,88,g_a_cpu,cpu,799.585,800.056
0,88,h_a,dpu,800.059,803.83
0,88,eb_enc,cpu,803.831,803.976
0,88,eb_dec,cpu,803.976,804.108
0,88,h_s,dpu,804.109,805.301
0,88,gc,cpu,805.302,819.309
0,93,normalize,cpu,819.949,824.381
0,93,g_a_cpu,cpu,824.384,824.718
0,93,g_a,dpu,824.72,837.593
0,93,g_a,dpu,837.595,847.772
0,93,g_a_cpu,cpu,847.776,848.141
0,93,h_a,dpu,848.144,851.875
0,93,eb_enc,cpu,851.875,852.01
0,93,eb_dec,cpu,852.011,852.132
0,93,h_s,dpu,852.132,855.292
0,93,gc,cpu,855.293,865.669
0,98,normalize,cpu,866.407,870.074
0,98,g_a_cpu,cpu,870.077,870.433
0,98,g_a,dpu,870.437,875.56
0,98,g_a,dpu,875.562,880.644
0,98,g_a_cpu,cpu,880.646,881.172
0,98,h_a,dpu,881.174,885.36
0,98,eb_enc,cpu,885.361,885.518
0,98,eb_dec,cpu,885.519,885.657
0,98,h_s,dpu,885.658,889.334
0,98,gc,cpu,889.336,899.436
0,103,normalize,cpu,900.848,905.233
0,103,g_a_cpu,cpu,905.237,905.761
0,103,g_a,dpu,905.764,915.451
0,103,g_a,dpu,915.453,928.985
0,103,g_a_cpu,cpu,928.987,929.408
0,103,h_a,dpu,929.41,932.732
0,103,eb_enc,cpu,932.733,932.859
0,103,eb_dec,cpu,932.86,932.98
0,103,h_s,dpu,932.98,935.74
0,103,gc,cpu,935.741,945.787
0,109,normalize,cpu,946.887,956.765
0,109,g_a_cpu,cpu,956.77,957.196
0,109,g_a,dpu,957.201,962.42
0,109,g_a,dpu,962.424,968.07
0,109,g_a_cpu,cpu,968.073,968.516
0,109,h_a,dpu,968.519,975.605
0,109,eb_enc,cpu,975.607,975.889
0,109,eb_dec,cpu,975.89,976.044
0,109,h_s,dpu,976.044,977.589
0,109,gc,cpu,977.59,987.737
0,114,normalize,cpu,988.381,992.053
0,114,g_a_cpu,cpu,992.059,992.66
0,114,g_a,dpu,992.663,998.085
0,114,g_a,dpu,998.087,1003.35
0,114,g_a_cpu,cpu,1003.35,1004.22
0,114,h_a,dpu,1004.22,1007.68
0,114,eb_enc,cpu,1007.69,1007.82
0,114,eb_dec,cpu,1007.83,1007.95
0,114,h_s,dpu,1007.95,1009.81
0,114,gc,cpu,1009.81,1020.21
0,118,normalize,cpu,1020.81,1025.17
0,118,g_a_cpu,cpu,1025.18,1025.76
0,118,g_a,dpu,1025.77,1031.1
0,118,g_a,dpu,1031.1,1036.78
0,118,g_a_cpu,cpu,1036.78,1037.39
0,118,h_a,dpu,1037.39,1050.17
0,118,eb_enc,cpu,1050.17,1050.32
0,118,eb_dec,cpu,1050.32,1050.46
0,118,h_s,dpu,1050.46,1052.23
0,118,gc,cpu,1052.24,1066.69
0,124,normalize,cpu,1068.38,1072.05
0,124,g_a_cpu,cpu,1072.06,1072.86
0,124,g_a,dpu,1072.88,1078.69
0,124,g_a,dpu,1078.69,1095.6
0,124,g_a_cpu,cpu,1095.6,1095.98
0,124,h_a,dpu,1095.98,1098.94
0,124,eb_enc,cpu,1098.94,1099.07
0,124,eb_dec,cpu,1099.07,1099.19
0,124,h_s,dpu,1099.19,1100.4
0,124,gc,cpu,1100.4,1110.32
0,129,normalize,cpu,1110.98,1114.61
0,129,g_a_cpu,cpu,1114.61,1114.96
0,129,g_a,dpu,1114.96,1122.95
0,129,g_a,dpu,1122.95,1127.94
0,129,g_a_cpu,cpu,1127.94,1128.49
0,129,h_a,dpu,1128.49,1131.73
0,129,eb_enc,cpu,1131.73,1131.86
0,129,eb_dec,cpu,1131.87,1131.99
0,129,h_s,dpu,1131.99,1136.81
0,129,gc,cpu,1136.81,1147.01
0,134,normalize,cpu,1147.73,1153.71
0,134,g_a_cpu,cpu,1153.72,1154.13
0,134,g_a,dpu,1154.14,1159.27
0,134,g_a,dpu,1159.27,1170.99
0,134,g_a_cpu,cpu,1171,1171.39
0,134,h_a,dpu,1171.39,1182.24
0,134,eb_enc,cpu,1182.25,1182.4
0,134,eb_dec,cpu,1182.4,1182.55
0,134,h_s,dpu,1182.55,1183.67
0,134,gc,cpu,1183.67,1193.71
0,140,normalize,cpu,1194.22,1197.93
0,140,g_a_cpu,cpu,1197.94,1198.27
0,140,g_a,dpu,1198.27,1204.43
0,140,g_a,dpu,1204.43,1213.71
0,140,g_a_cpu,cpu,1213.71,1214.2
0,140,h_a,dpu,1214.2,1217.19
0,140,eb_enc,cpu,1217.19,1217.32
0,140,eb_dec,cpu,1217.33,1217.45
0,140,h_s,dpu,1217.45,1218.86
0,140,gc,cpu,1218.86,1228.95
0,144,normalize,cpu,1229.53,1233.25
0,144,g_a_cpu,cpu,1233.25,1233.58
0,144,g_a,dpu,1233.59,1240.45
0,144,g_a,dpu,1240.45,1249.68
0,144,g_a_cpu,cpu,1249.68,1250.25
0,144,h_a,dpu,1250.25,1253.29
0,144,eb_enc,cpu,1253.29,1253.46
0,144,eb_dec,cpu,1253.46,1253.59
0,144,h_s,dpu,1253.59,1254.61
0,144,gc,cpu,1254.61,1265
0,150,normalize,cpu,1265.53,1269.26
0,150,g_a_cpu,cpu,1269.26,1269.7
0,150,g_a,dpu,1269.7,1278.44
0,150,g_a,dpu,1278.44,1290.33
0,150,g_a_cpu,cpu,1290.33,1290.79
0,150,h_a,dpu,1290.8,1293.82
0,150,eb_enc,cpu,1293.82,1293.96
0,150,eb_dec,cpu,1293.96,1294.09
0,150,h_s,dpu,1294.09,1299.24
0,150,gc,cpu,1299.24,1309.82
0,155,normalize,cpu,1310.34,1314.04
0,155,g_a_cpu,cpu,1314.05,1314.6
0,155,g_a,dpu,1314.6,1324.13
0,155,g_a,dpu,1324.13,1334.08
0,155,g_a_cpu,cpu,1334.09,1334.45
0,155,h_a,dpu,1334.45,1337.26
0,155,eb_enc,cpu,1337.27,1337.4
0,155,eb_dec,cpu,1337.4,1337.53
0,155,h_s,dpu,1337.53,1348.52
0,155,gc,cpu,1348.52,1358.86
0,160,normalize,cpu,1359.37,1363.1
0,160,g_a_cpu,cpu,1363.1,1363.48
0,160,g_a,dpu,1363.48,1368.67
0,160,g_a,dpu,1368.67,1378.62
0,160,g_a_cpu,cpu,1378.62,1378.97
0,160,h_a,dpu,1378.98,1384.15
0,160,eb_enc,cpu,1384.15,1384.29
0,160,eb_dec,cpu,1384.29,1384.42
0,160,h_s,dpu,1384.42,1393.73
0,160,gc,cpu,1393.74,1403.84
0,166,normalize,cpu,1404.54,1408.22
0,166,g_a_cpu,cpu,1408.23,1408.7
0,166,g_a,dpu,1408.71,1418.28
0,166,g_a,dpu,1418.29,1423.23
0,166,g_a_cpu,cpu,1423.23,1423.57
0,166,h_a,dpu,1423.57,1427.32
0,166,eb_enc,cpu,1427.32,1427.45
0,166,eb_dec,cpu,1427.45,1427.58
0,166,h_s,dpu,1427.58,1428.65
0,166,gc,cpu,1428.65,1438.63
0,170,normalize,cpu,1439.2,1442.9
0,170,g_a_cpu,cpu,1442.9,1443.22
0,170,g_a,dpu,1443.22,1448.4
0,170,g_a,dpu,1448.41,1457.6
0,170,g_a_cpu,cpu,1457.61,1458.32
0,170,h_a,dpu,1458.32,1461.94
0,170,eb_enc,cpu,1461.94,1462.16
0,170,eb_dec,cpu,1462.16,1462.29
0,170,h_s,dpu,1462.29,1469.57
0,170,gc,cpu,1469.57,1480.37
0,174,normalize,cpu,1480.89,1484.63
0,174,g_a_cpu,cpu,1484.63,1484.99
0,174,g_a,dpu,1485,1490.24
0,174,g_a,dpu,1490.25,1495.34
0,174,g_a_cpu,cpu,1495.34,1495.68
0,174,h_a,dpu,1495.68,1501.61
0,174,eb_enc,cpu,1501.61,1501.77
0,174,eb_dec,cpu,1501.77,1501.91
0,174,h_s,dpu,1501.92,1509.08
0,174,gc,cpu,1509.09,1520.21
0,178,normalize,cpu,1520.88,1524.63
0,178,g_a_cpu,cpu,1524.64,1525.04
0,178,g_a,dpu,1525.05,1530.38
0,178,g_a,dpu,1530.38,1541.46
0,178,g_a_cpu,cpu,1541.46,1542.04
0,178,h_a,dpu,1542.04,1549.15
0,178,eb_enc,cpu,1549.16,1549.31
0,178,eb_dec,cpu,1549.31,1549.43
0,178,h_s,dpu,1549.43,1557.36
0,178,gc,cpu,1557.36,1567.53
0,183,normalize,cpu,1568.11,1571.83
0,183,g_a_cpu,cpu,1571.84,1572.21
0,183,g_a,dpu,1572.22,1577.6
0,183,g_a,dpu,1577.6,1582.76
0,183,g_a_cpu,cpu,1582.76,1583.18
0,183,h_a,dpu,1583.18,1587.42
0,183,eb_enc,cpu,1587.42,1587.59
0,183,eb_dec,cpu,1587.59,1587.73
0,183,h_s,dpu,1587.73,1592.83
0,183,gc,cpu,1592.84,1603.54
0,189,normalize,cpu,1604.12,1607.86
0,189,g_a_cpu,cpu,1607.86,1608.21
0,189,g_a,dpu,1608.22,1613.53
0,189,g_a,dpu,1613.53,1618.6
0,189,g_a_cpu,cpu,1618.6,1619.24
0,189,h_a,dpu,1619.25,1622.99
0,189,eb_enc,cpu,1623,1623.19
0,189,eb_dec,cpu,1623.19,1623.36
0,189,h_s,dpu,1623.36,1624.81
0,189,gc,cpu,1624.81,1635.39
0,193,normalize,cpu,1636.07,1639.79
0,193,g_a_cpu,cpu,1639.8,1640.15
0,193,g_a,dpu,1640.15,1645.38
0,193,g_a,dpu,1645.38,1651.07
0,193,g_a_cpu,cpu,1651.07,1651.46
0,193,h_a,dpu,1651.46,1654.69
0,193,eb_enc,cpu,1654.69,1654.89
0,193,eb_dec,cpu,1654.89,1655.02
0,193,h_s,dpu,1655.02,1657.53
0,193,gc,cpu,1657.53,1667.87
0,198,normalize,cpu,1668.75,1672.49
0,198,g_a_cpu,cpu,1672.49,1672.89
0,198,g_a,dpu,1672.9,1678.26
0,198,g_a,dpu,1678.26,1683.36
0,198,g_a_cpu,cpu,1683.36,1683.83
0,198,h_a,dpu,1683.83,1686.96
0,198,eb_enc,cpu,1686.96,1687.1
0,198,eb_dec,cpu,1687.1,1687.23
0,198,h_s,dpu,1687.23,1688.7
0,198,gc,cpu,1688.71,1699.17
0,202,normalize,cpu,1699.71,1703.5
0,202,g_a_cpu,cpu,1703.51,1703.87
0,202,g_a,dpu,1703.87,1708.83
0,202,g_a,dpu,1708.83,1715.47
0,202,g_a_cpu,cpu,1715.48,1715.87
0,202,h_a,dpu,1715.87,1719.14
0,202,eb_enc,cpu,1719.14,1719.28
0,202,eb_dec,cpu,1719.29,1719.41
0,202,h_s,dpu,1719.41,1722.22
0,202,gc,cpu,1722.23,1732.5
0,207,normalize,cpu,1733.17,1736.91
0,207,g_a_cpu,cpu,1736.92,1737.22
0,207,g_a,dpu,1737.22,1742.31
0,207,g_a,dpu,1742.31,1747.55
0,207,g_a_cpu,cpu,1747.55,1747.9
0,207,h_a,dpu,1747.91,1750.67
0,207,eb_enc,cpu,1750.67,1750.81
0,207,eb_dec,cpu,1750.81,1750.96
0,207,h_s,dpu,1750.96,1758.01
0,207,gc,cpu,1758.01,1768.69
0,212,normalize,cpu,1769.39,1773.13
0,212,g_a_cpu,cpu,1773.14,1773.54
0,212,g_a,dpu,1773.54,1778.62
0,212,g_a,dpu,1778.63,1783.69
0,212,g_a_cpu,cpu,1783.7,1784.06
0,212,h_a,dpu,1784.07,1787.28
0,212,eb_enc,cpu,1787.28,1787.44
0,212,eb_dec,cpu,1787.44,1787.6
0,212,h_s,dpu,1787.6,1796.81
0,212,gc,cpu,1796.82,1807.04
0,217,normalize,cpu,1807.58,1811.3
0,217,g_a_cpu,cpu,1811.3,1811.72
0,217,g_a,dpu,1811.72,1816.74
0,217,g_a,dpu,1816.74,1821.76
0,217,g_a_cpu,cpu,1821.76,1822.38
0,217,h_a,dpu,1822.39,1826.27
0,217,eb_enc,cpu,1826.27,1826.43
0,217,eb_dec,cpu,1826.43,1826.57
0,217,h_s,dpu,1826.57,1827.75
0,217,gc,cpu,1827.75,1837.83
0,221,normalize,cpu,1838.46,1842.15
0,221,g_a_cpu,cpu,1842.15,1842.73
0,221,g_a,dpu,1842.74,1847.83
0,221,g_a,dpu,1847.83,1852.86
0,221,g_a_cpu,cpu,1852.86,1853.43
0,221,h_a,dpu,1853.44,1856.46
0,221,eb_enc,cpu,1856.46,1856.59
0,221,eb_dec,cpu,1856.59,1856.72
0,221,h_s,dpu,1856.72,1863.47
0,221,gc,cpu,1863.48,1874.15
0,226,normalize,cpu,1875.06,1878.7
0,226,g_a_cpu,cpu,1878.7,1879.28
0,226,g_a,dpu,1879.28,1884.32
0,226,g_a,dpu,1884.33,1889.41
0,226,g_a_cpu,cpu,1889.41,1889.83
0,226,h_a,dpu,1889.83,1893.44
0,226,eb_enc,cpu,1893.44,1893.59
0,226,eb_dec,cpu,1893.59,1893.73
0,226,h_s,dpu,1893.73,1895.03
0,226,gc,cpu,1895.03,1905.29
0,231,normalize,cpu,1907.59,1911.79
0,231,g_a_cpu,cpu,1911.8,1912.12
0,231,g_a,dpu,1912.13,1917.24
0,231,g_a,dpu,1917.25,1927.09
0,231,g_a_cpu,cpu,1927.1,1927.55
0,231,h_a,dpu,1927.56,1932
0,231,eb_enc,cpu,1932,1932.15
0,231,eb_dec,cpu,1932.15,1932.29
0,231,h_s,dpu,1932.29,1933.51
0,231,gc,cpu,1933.51,1946.18
0,234,normalize,cpu,1948.95,1952.75
0,234,g_a_cpu,cpu,1952.76,1953.3
0,234,g_a,dpu,1953.31,1969.81
0,234,g_a,dpu,1969.81,1978.46
0,234,g_a_cpu,cpu,1978.46,1979.23
0,234,h_a,dpu,1979.23,1986.16
0,234,eb_enc,cpu,1986.16,1986.29
0,234,eb_dec,cpu,1986.29,1986.41
0,234,h_s,dpu,1986.41,1996.07
0,234,gc,cpu,1996.07,2005.99
0,241,normalize,cpu,2007.04,2010.72
0,241,g_a_cpu,cpu,2010.72,2011.09
0,241,g_a,dpu,2011.09,2017.71
0,241,g_a,dpu,2017.71,2023.69
0,241,g_a_cpu,cpu,2023.7,2024.05
0,241,h_a,dpu,2024.06,2027.48
0,241,eb_enc,cpu,2027.48,2027.61
0,241,eb_dec,cpu,2027.62,2027.74
0,241,h_s,dpu,2027.74,2031.51
0,241,gc,cpu,2031.52,2041.67
0,245,normalize,cpu,2042.23,2045.88
0,245,g_a_cpu,cpu,2045.88,2046.21
0,245,g_a,dpu,2046.21,2053.69
0,245,g_a,dpu,2053.69,2058.79
0,245,g_a_cpu,cpu,2058.79,2059.36
0,245,h_a,dpu,2059.36,2066.48
0,245,eb_enc,cpu,2066.48,2066.61
0,245,eb_dec,cpu,2066.62,2066.74
0,245,h_s,dpu,2066.74,2070.78
0,245,gc,cpu,2070.78,2080.93
0,250,normalize,cpu,2081.71,2085.47
0,250,g_a_cpu,cpu,2085.48,2085.87
0,250,g_a,dpu,2085.88,2091.04
0,250,g_a,dpu,2091.05,2096.24
0,250,g_a_cpu,cpu,2096.24,2096.75
0,250,h_a,dpu,2096.75,2103.22
0,250,eb_enc,cpu,2103.22,2103.36
0,250,eb_dec,cpu,2103.36,2103.48
0,250,h_s,dpu,2103.48,2112.99
0,250,gc,cpu,2112.99,2123.7
0,255,normalize,cpu,2124.26,2127.99
0,255,g_a_cpu,cpu,2127.99,2128.38
0,255,g_a,dpu,2128.38,2133.63
0,255,g_a,dpu,2133.65,2138.69
0,255,g_a_cpu,cpu,2138.69,2139.2
0,255,h_a,dpu,2139.2,2142.36
0,255,eb_enc,cpu,2142.36,2142.49
0,255,eb_dec,cpu,2142.49,2142.62
0,255,h_s,dpu,2142.62,2145.12
0,255,gc,cpu,2145.12,2155.31
0,260,normalize,cpu,2155.99,2159.74
0,260,g_a_cpu,cpu,2159.75,2160.3
0,260,g_a,dpu,2160.3,2166.08
0,260,g_a,dpu,2166.09,2171.16
0,260,g_a_cpu,cpu,2171.16,2171.49
0,260,h_a,dpu,2171.49,2174.61
0,260,eb_enc,cpu,2174.61,2174.75
0,260,eb_dec,cpu,2174.75,2174.91
0,260,h_s,dpu,2174.91,2183.73
0,260,gc,cpu,2183.73,2194.18
0,265,normalize,cpu,2195.19,2198.93
0,265,g_a_cpu,cpu,2198.93,2199.29
0,265,g_a,dpu,2199.3,2204.36
0,265,g_a,dpu,2204.37,2210.27
0,265,g_a_cpu,cpu,2210.27,2210.69
0,265,h_a,dpu,2210.69,2224.61
0,265,eb_enc,cpu,2224.61,2224.76
0,265,eb_dec,cpu,2224.76,2224.88
0,265,h_s,dpu,2224.88,2233.8
0,265,gc,cpu,2233.8,2243.92
0,271,normalize,cpu,2244.54,2248.3
0,271,g_a_cpu,cpu,2248.3,2248.63
0,271,g_a,dpu,2248.64,2253.74
0,271,g_a,dpu,2253.74,2258.81
0,271,g_a_cpu,cpu,2258.82,2259.4
0,271,h_a,dpu,2259.4,2262.16
0,271,eb_enc,cpu,2262.16,2262.29
0,271,eb_dec,cpu,2262.29,2262.42
0,271,h_s,dpu,2262.42,2264.46
0,271,gc,cpu,2264.46,2274.54
0,275,normalize,cpu,2275.34,2278.99
0,275,g_a_cpu,cpu,2279,2279.45
0,275,g_a,dpu,2279.46,2284.75
0,275,g_a,dpu,2284.76,2290.48
0,275,g_a_cpu,cpu,2290.48,2290.91
0,275,h_a,dpu,2290.92,2294.81
0,275,eb_enc,cpu,2294.81,2294.97
0,275,eb_dec,cpu,2294.97,2295.09
0,275,h_s,dpu,2295.09,2304.49
0,275,gc,cpu,2304.49,2314.64
0,280,normalize,cpu,2315.29,2319.01
0,280,g_a_cpu,cpu,2319.02,2319.36
0,280,g_a,dpu,2319.36,2324.6
0,280,g_a,dpu,2324.6,2329.8
0,280,g_a_cpu,cpu,2329.8,2330.57
0,280,h_a,dpu,2330.58,2336.45
0,280,eb_enc,cpu,2336.45,2336.66
0,280,eb_dec,cpu,2336.66,2336.81
0,280,h_s,dpu,2336.81,2340.04
0,280,gc,cpu,2340.04,2350.54
0,285,normalize,cpu,2351.06,2354.8
0,285,g_a_cpu,cpu,2354.81,2355.23
0,285,g_a,dpu,2355.23,2360.39
0,285,g_a,dpu,2360.4,2365.74
0,285,g_a_cpu,cpu,2365.74,2366.39
0,285,h_a,dpu,2366.4,2369.28
0,285,eb_enc,cpu,2369.28,2369.42
0,285,eb_dec,cpu,2369.42,2369.57
0,285,h_s,dpu,2369.57,2370.79
0,285,gc,cpu,2370.79,2381.05
0,290,normalize,cpu,2381.96,2385.84
0,290,g_a_cpu,cpu,2385.84,2386.66
0,290,g_a,dpu,2386.67,2399.53
0,290,g_a,dpu,2399.53,2404.67
0,290,g_a_cpu,cpu,2404.67,2405.02
0,290,h_a,dpu,2405.03,2408.6
0,290,eb_enc,cpu,2408.61,2408.78
0,290,eb_dec,cpu,2408.78,2408.91
0,290,h_s,dpu,2408.91,2410.14
0,290,gc,cpu,2410.15,2421.13
0,294,normalize,cpu,2421.85,2425.61
0,294,g_a_cpu,cpu,2425.62,2426.27
0,294,g_a,dpu,2426.27,2431.82
0,294,g_a,dpu,2431.82,2445.38
0,294,g_a_cpu,cpu,2445.38,2445.73
0,294,h_a,dpu,2445.73,2449.97
0,294,eb_enc,cpu,2449.97,2450.1
0,294,eb_dec,cpu,2450.1,2450.23
0,294,h_s,dpu,2450.23,2451.3
0,294,gc,cpu,2451.31,2461.75
0,299,normalize,cpu,2462.31,2466.13
0,299,g_a_cpu,cpu,2466.13,2466.78
0,299,g_a,dpu,2466.79,2475.42
0,299,g_a,dpu,2475.42,2486.31
0,299,g_a_cpu,cpu,2486.31,2486.71
0,299,h_a,dpu,2486.71,2496.54
0,299,eb_enc,cpu,2496.55,2496.73
0,299,eb_dec,cpu,2496.73,2496.88
0,299,h_s,dpu,2496.88,2502.06
0,299,gc,cpu,2502.06,2512.23
0,305,normalize,cpu,2513.13,2516.87
0,305,g_a_cpu,cpu,2516.87,2517.26
0,305,g_a,dpu,2517.27,2524.16
0,305,g_a,dpu,2524.17,2530.35
0,305,g_a_cpu,cpu,2530.35,2530.88
0,305,h_a,dpu,2530.88,2538.34
0,305,eb_enc,cpu,2538.34,2538.5
0,305,eb_dec,cpu,2538.5,2538.64
0,305,h_s,dpu,2538.64,2541.36
0,305,gc,cpu,2541.36,2551.42
0,310,normalize,cpu,2551.94,2555.62
0,310,g_a_cpu,cpu,2555.62,2555.99
0,310,g_a,dpu,2555.99,2561.03
0,310,g_a,dpu,2561.03,2566.07
0,310,g_a_cpu,cpu,2566.07,2566.48
0,310,h_a,dpu,2566.48,2569.81
0,310,eb_enc,cpu,2569.81,2569.96
0,310,eb_dec,cpu,2569.96,2570.1
0,310,h_s,dpu,2570.1,2571.62
0,310,gc,cpu,2571.62,2581.6
0,314,normalize,cpu,2582.56,2586.24
0,314,g_a_cpu,cpu,2586.24,2586.56
0,314,g_a,dpu,2586.56,2591.69
0,314,g_a,dpu,2591.7,2596.76
0,314,g_a_cpu,cpu,2596.76,2597.12
0,314,h_a,dpu,2597.12,2600.09
0,314,eb_enc,cpu,2600.09,2600.29
0,314,eb_dec,cpu,2600.29,2600.45
0,314,h_s,dpu,2600.46,2601.82
0,314,gc,cpu,2601.82,2611.83
0,318,normalize,cpu,2612.72,2616.39
0,318,g_a_cpu,cpu,2616.39,2616.81
0,318,g_a,dpu,2616.81,2621.87
0,318,g_a,dpu,2621.88,2627.12
0,318,g_a_cpu,cpu,2627.12,2627.78
0,318,h_a,dpu,2627.79,2630.96
0,318,eb_enc,cpu,2630.96,2631.11
0,318,eb_dec,cpu,2631.11,2631.25
0,318,h_s,dpu,2631.25,2637
0,318,gc,cpu,2637,2646.98
0,323,normalize,cpu,2647.6,2651.24
0,323,g_a_cpu,cpu,2651.24,2651.68
0,323,g_a,dpu,2651.68,2656.96
0,323,g_a,dpu,2656.96,2662.31
0,323,g_a_cpu,cpu,2662.31,2662.64
0,323,h_a,dpu,2662.64,2666.19
0,323,eb_enc,cpu,2666.19,2666.32
0,323,eb_dec,cpu,2666.32,2666.45
0,323,h_s,dpu,2666.45,2667.85
0,323,gc,cpu,2667.85,2685.29
0,328,normalize,cpu,2686.07,2689.87
0,328,g_a_cpu,cpu,2689.87,2690.19
0,328,g_a,dpu,2690.2,2695.25
0,328,g_a,dpu,2695.25,2700.43
0,328,g_a_cpu,cpu,2700.43,2700.8
0,328,h_a,dpu,2700.8,2704.12
0,328,eb_enc,cpu,2704.12,2704.33
0,328,eb_dec,cpu,2704.33,2704.49
0,328,h_s,dpu,2704.49,2706.41
0,328,gc,cpu,2706.41,2716.71
0,332,normalize,cpu,2717.25,2721.05
0,332,g_a_cpu,cpu,2721.05,2721.39
0,332,g_a,dpu,2721.39,2726.49
0,332,g_a,dpu,2726.49,2731.66
0,332,g_a_cpu,cpu,2731.66,2732.11
0,332,h_a,dpu,2732.11,2735.55
0,332,eb_enc,cpu,2735.56,2735.71
0,332,eb_dec,cpu,2735.71,2735.87
0,332,h_s,dpu,2735.87,2740.86
0,332,gc,cpu,2740.86,2751.02
0,337,normalize,cpu,2751.73,2755.47
0,337,g_a_cpu,cpu,2755.48,2756
0,337,g_a,dpu,2756,2761.03
0,337,g_a,dpu,2761.03,2766.79
0,337,g_a_cpu,cpu,2766.79,2767.46
0,337,h_a,dpu,2767.46,2770.9
0,337,eb_enc,cpu,2770.9,2771.04
0,337,eb_dec,cpu,2771.05,2771.17
0,337,h_s,dpu,2771.17,2772.37
0,337,gc,cpu,2772.37,2787.84
0,341,normalize,cpu,2788.54,2792.28
0,341,g_a_cpu,cpu,2792.28,2792.68
0,341,g_a,dpu,2792.69,2797.85
0,341,g_a,dpu,2797.86,2803.44
0,341,g_a_cpu,cpu,2803.44,2803.82
0,341,h_a,dpu,2803.82,2807.07
0,341,eb_enc,cpu,2807.07,2807.21
0,341,eb_dec,cpu,2807.21,2807.34
0,341,h_s,dpu,2807.34,2809.61
0,341,gc,cpu,2809.61,2819.73
0,345,normalize,cpu,2820.32,2824.01
0,345,g_a_cpu,cpu,2824.01,2824.37
0,345,g_a,dpu,2824.38,2829.47
0,345,g_a,dpu,2829.47,2834.55
0,345,g_a_cpu,cpu,2834.55,2835.01
0,345,h_a,dpu,2835.01,2841.1
0,345,eb_enc,cpu,2841.1,2841.28
0,345,eb_dec,cpu,2841.28,2841.44
0,345,h_s,dpu,2841.44,2846.09
0,345,gc,cpu,2846.1,2856.5
0,350,normalize,cpu,2857.24,2878.62
0,350,g_a_cpu,cpu,2878.63,2879.2
0,350,g_a,dpu,2879.21,2886.42
0,350,g_a,dpu,2886.43,2895.64
0,350,g_a_cpu,cpu,2895.64,2896.04
0,350,h_a,dpu,2896.04,2899.3
0,350,eb_enc,cpu,2899.3,2899.43
0,350,eb_dec,cpu,2899.43,2899.55
0,350,h_s,dpu,2899.55,2902.8
0,350,gc,cpu,2902.8,2912.87
0,356,normalize,cpu,2913.44,2917.1
0,356,g_a_cpu,cpu,2917.11,2917.53
0,356,g_a,dpu,2917.53,2925.86
0,356,g_a,dpu,2925.86,2931.12
0,356,g_a_cpu,cpu,2931.13,2931.69
0,356,h_a,dpu,2931.69,2934.55
0,356,eb_enc,cpu,2934.55,2934.69
0,356,eb_dec,cpu,2934.69,2934.81
0,356,h_s,dpu,2934.81,2937.77
0,356,gc,cpu,2937.77,2947.78
0,362,normalize,cpu,2948.41,2952.06
0,362,g_a_cpu,cpu,2952.07,2952.48
0,362,g_a,dpu,2952.48,2958.5
0,362,g_a,dpu,2958.5,2963.48
0,362,g_a_cpu,cpu,2963.48,2963.81
0,362,h_a,dpu,2963.81,2966.61
0,362,eb_enc,cpu,2966.61,2966.73
0,362,eb_dec,cpu,2966.73,2966.89
0,362,h_s,dpu,2966.89,2967.91
0,362,gc,cpu,2967.91,2977.84
0,364,normalize,cpu,2978.44,2982.12
0,364,g_a_cpu,cpu,2982.13,2982.58
0,364,g_a,dpu,2982.58,2987.66
0,364,g_a,dpu,2987.66,2992.8
0,364,g_a_cpu,cpu,2992.8,2993.2
0,364,h_a,dpu,2993.2,3000.51
0,364,eb_enc,cpu,3000.51,3000.69
0,364,eb_dec,cpu,3000.69,3000.84
0,364,h_s,dpu,3000.84,3004.92
0,364,gc,cpu,3004.92,3014.98
0,369,normalize,cpu,3015.78,3019.56
0,369,g_a_cpu,cpu,3019.57,3019.94
0,369,g_a,dpu,3019.94,3025.16
0,369,g_a,dpu,3025.17,3030.78
0,369,g_a_cpu,cpu,3030.79,3031.15
0,369,h_a,dpu,3031.15,3034.26
0,369,eb_enc,cpu,3034.26,3034.42
0,369,eb_dec,cpu,3034.42,3034.55
0,369,h_s,dpu,3034.55,3040.41
0,369,gc,cpu,3040.41,3050.37
0,374,normalize,cpu,3050.79,3054.46
0,374,g_a_cpu,cpu,3054.47,3054.88
0,374,g_a,dpu,3054.88,3059.99
0,374,g_a,dpu,3060,3065.64
0,374,g_a_cpu,cpu,3065.64,3066.06
0,374,h_a,dpu,3066.07,3069.59
0,374,eb_enc,cpu,3069.59,3069.76
0,374,eb_dec,cpu,3069.76,3069.89
0,374,h_s,dpu,3069.89,3071.24
0,374,gc,cpu,3071.24,3081.35
0,379,normalize,cpu,3081.81,3085.5
0,379,g_a_cpu,cpu,3085.51,3086.29
0,379,g_a,dpu,3086.29,3091.46
0,379,g_a,dpu,3091.46,3096.75
0,379,g_a_cpu,cpu,3096.75,3097.12
0,379,h_a,dpu,3097.12,3099.72
0,379,eb_enc,cpu,3099.72,3099.86
0,379,eb_dec,cpu,3099.86,3099.99
0,379,h_s,dpu,3099.99,3109.31
0,379,gc,cpu,3109.31,3119.24
0,383,normalize,cpu,3119.77,3123.46
0,383,g_a_cpu,cpu,3123.46,3123.8
0,383,g_a,dpu,3123.8,3133.22
0,383,g_a,dpu,3133.22,3142.27
0,383,g_a_cpu,cpu,3142.27,3142.81
0,383,h_a,dpu,3142.81,3147.8
0,383,eb_enc,cpu,3147.8,3147.92
0,383,eb_dec,cpu,3147.92,3148.04
0,383,h_s,dpu,3148.04,3149.05
0,383,gc,cpu,3149.05,3159.05
0,387,normalize,cpu,3159.61,3163.31
0,387,g_a_cpu,cpu,3163.32,3163.98
0,387,g_a,dpu,3163.99,3171.33
0,387,g_a,dpu,3171.33,3181.22
0,387,g_a_cpu,cpu,3181.22,3181.61
0,387,h_a,dpu,3181.61,3184.52
0,387,eb_enc,cpu,3184.52,3184.67
0,387,eb_dec,cpu,3184.67,3184.8
0,387,h_s,dpu,3184.8,3186.66
0,387,gc,cpu,3186.66,3196.87
0,392,normalize,cpu,3197.42,3201.17
0,392,g_a_cpu,cpu,3201.17,3201.69
0,392,g_a,dpu,3201.69,3210.36
0,392,g_a,dpu,3210.36,3220.35
0,392,g_a_cpu,cpu,3220.36,3220.69
0,392,h_a,dpu,3220.7,3223.44
0,392,eb_enc,cpu,3223.44,3223.57
0,392,eb_dec,cpu,3223.57,3223.7
0,392,h_s,dpu,3223.7,3232.19
0,392,gc,cpu,3232.19,3242.38
0,397,normalize,cpu,3243,3246.6
0,397,g_a_cpu,cpu,3246.61,3247.03
0,397,g_a,dpu,3247.04,3256.54
0,397,g_a,dpu,3256.54,3262.99
0,397,g_a_cpu,cpu,3263,3263.34
0,397,h_a,dpu,3263.35,3266.23
0,397,eb_enc,cpu,3266.23,3266.43
0,397,eb_dec,cpu,3266.43,3266.57
0,397,h_s,dpu,3266.57,3276.73
0,397,gc,cpu,3276.73,3287.08
0,402,normalize,cpu,3287.61,3291.41
0,402,g_a_cpu,cpu,3291.42,3291.82
0,402,g_a,dpu,3291.82,3305.7
0,402,g_a,dpu,3305.7,3311.09
0,402,g_a_cpu,cpu,3311.1,3311.57
0,402,h_a,dpu,3311.57,3321.2
0,402,eb_enc,cpu,3321.21,3321.41
0,402,eb_dec,cpu,3321.41,3321.55
0,402,h_s,dpu,3321.55,3322.93
0,402,gc,cpu,3322.93,3343.82
0,410,normalize,cpu,3344.51,3348.86
0,410,g_a_cpu,cpu,3348.86,3349.25
0,410,g_a,dpu,3349.25,3354.9
0,410,g_a,dpu,3354.9,3359.83
0,410,g_a_cpu,cpu,3359.83,3360.47
0,410,h_a,dpu,3360.48,3364.03
0,410,eb_enc,cpu,3364.03,3364.19
0,410,eb_dec,cpu,3364.19,3364.33
0,410,h_s,dpu,3364.33,3368.43
0,410,gc,cpu,3368.43,3386.64
0,415,normalize,cpu,3388.29,3391.95
0,415,g_a_cpu,cpu,3391.96,3392.23
0,415,g_a,dpu,3392.23,3397.18
0,415,g_a,dpu,3397.18,3403.58
0,415,g_a_cpu,cpu,3403.59,3403.94
0,415,h_a,dpu,3403.94,3407.4
0,415,eb_enc,cpu,3407.4,3407.53
0,415,eb_dec,cpu,3407.53,3407.67
0,415,h_s,dpu,3407.67,3408.86
0,415,gc,cpu,3408.86,3421.77
0,419,normalize,cpu,3422.41,3427.86
0,419,g_a_cpu,cpu,3427.86,3428.5
0,419,g_a,dpu,3428.5,3439.37
0,419,g_a,dpu,3439.37,3444.44
0,419,g_a_cpu,cpu,3444.44,3444.9
0,419,h_a,dpu,3444.9,3451.64
0,419,eb_enc,cpu,3451.64,3451.78
0,419,eb_dec,cpu,3451.78,3451.92
0,419,h_s,dpu,3451.92,3456.31
0,419,gc,cpu,3456.31,3466.9
0,425,normalize,cpu,3467.51,3471.16
0,425,g_a_cpu,cpu,3471.16,3471.52
0,425,g_a,dpu,3471.52,3476.67
0,425,g_a,dpu,3476.67,3481.79
0,425,g_a_cpu,cpu,3481.79,3482.14
0,425,h_a,dpu,3482.14,3487.45
0,425,eb_enc,cpu,3487.45,3487.59
0,425,eb_dec,cpu,3487.59,3487.72
0,425,h_s,dpu,3487.72,3488.87
0,425,gc,cpu,3488.87,3506.19
0,430,normalize,cpu,3507.1,3516.57
0,430,g_a_cpu,cpu,3516.58,3517.17
0,430,g_a,dpu,3517.17,3530.59
0,430,g_a,dpu,3530.59,3539.81
0,430,g_a_cpu,cpu,3539.81,3540.14
0,430,h_a,dpu,3540.14,3546.95
0,430,eb_enc,cpu,3546.96,3547.09
0,430,eb_dec,cpu,3547.09,3547.22
0,430,h_s,dpu,3547.22,3549.24
0,430,gc,cpu,3549.24,3559.46
0,437,normalize,cpu,3559.98,3563.69
0,437,g_a_cpu,cpu,3563.69,3564.13
0,437,g_a,dpu,3564.13,3573.43
0,437,g_a,dpu,3573.43,3578.8
0,437,g_a_cpu,cpu,3578.8,3579.23
0,437,h_a,dpu,3579.23,3582.54
0,437,eb_enc,cpu,3582.54,3582.72
0,437,eb_dec,cpu,3582.72,3582.91
0,437,h_s,dpu,3582.91,3586.43
0,437,gc,cpu,3586.43,3596.88
0,443,normalize,cpu,3597.44,3601.28
0,443,g_a_cpu,cpu,3601.29,3601.83
0,443,g_a,dpu,3601.84,3609.57
0,443,g_a,dpu,3609.58,3622.03
0,443,g_a_cpu,cpu,3622.04,3622.68
0,443,h_a,dpu,3622.69,3625.72
0,443,eb_enc,cpu,3625.72,3625.86
0,443,eb_dec,cpu,3625.86,3625.99
0,443,h_s,dpu,3625.99,3628.87
0,443,gc,cpu,3628.87,3639.01
0,448,normalize,cpu,3639.55,3643.26
0,448,g_a_cpu,cpu,3643.27,3643.83
0,448,g_a,dpu,3643.83,3653.2
0,448,g_a,dpu,3653.21,3658.25
0,448,g_a_cpu,cpu,3658.25,3658.94
0,448,h_a,dpu,3658.94,3661.98
0,448,eb_enc,cpu,3661.98,3662.18
0,448,eb_dec,cpu,3662.18,3662.3
0,448,h_s,dpu,3662.3,3672.6
0,448,gc,cpu,3672.6,3682.74
0,453,normalize,cpu,3683.45,3687.1
0,453,g_a_cpu,cpu,3687.11,3687.56
0,453,g_a,dpu,3687.56,3692.68
0,453,g_a,dpu,3692.68,3698.26
0,453,g_a_cpu,cpu,3698.27,3698.9
0,453,h_a,dpu,3698.9,3701.66
0,453,eb_enc,cpu,3701.66,3701.8
0,453,eb_dec,cpu,3701.8,3701.92
0,453,h_s,dpu,3701.92,3703.11
0,453,gc,cpu,3703.12,3714.5
0,458,normalize,cpu,3715.16,3718.95
0,458,g_a_cpu,cpu,3718.95,3719.27
0,458,g_a,dpu,3719.27,3724.37
0,458,g_a,dpu,3724.37,3729.35
0,458,g_a_cpu,cpu,3729.36,3729.9
0,458,h_a,dpu,3729.9,3732.61
0,458,eb_enc,cpu,3732.61,3732.81
0,458,eb_dec,cpu,3732.82,3732.97
0,458,h_s,dpu,3732.97,3735.82
0,458,gc,cpu,3735.83,3745.85
0,460,normalize,cpu,3746.45,3750.16
0,460,g_a_cpu,cpu,3750.17,3750.53
0,460,g_a,dpu,3750.53,3766.51
0,460,g_a,dpu,3766.52,3783.12
0,460,g_a_cpu,cpu,3783.13,3783.82
0,460,h_a,dpu,3783.82,3788.37
0,460,eb_enc,cpu,3788.37,3788.52
0,460,eb_dec,cpu,3788.52,3788.66
0,460,h_s,dpu,3788.66,3790.18
0,460,gc,cpu,3790.18,3800.27
0,466,normalize,cpu,3800.81,3804.53
0,466,g_a_cpu,cpu,3804.54,3804.87
0,466,g_a,dpu,3804.87,3810.05
0,466,g_a,dpu,3810.06,3815.14
0,466,g_a_cpu,cpu,3815.14,3815.73
0,466,h_a,dpu,3815.74,3820.07
0,466,eb_enc,cpu,3820.07,3820.22
0,466,eb_dec,cpu,3820.22,3820.35
0,466,h_s,dpu,3820.35,3827.91
0,466,gc,cpu,3827.91,3838.54
0,471,normalize,cpu,3839.19,3842.93
0,471,g_a_cpu,cpu,3842.93,3843.4
0,471,g_a,dpu,3843.4,3848.61
0,471,g_a,dpu,3848.61,3858.61
0,471,g_a_cpu,cpu,3858.61,3859.16
0,471,h_a,dpu,3859.17,3862.2
0,471,eb_enc,cpu,3862.21,3862.34
0,471,eb_dec,cpu,3862.34,3862.46
0,471,h_s,dpu,3862.46,3868.66
0,471,gc,cpu,3868.66,3879.14
0,476,normalize,cpu,3879.91,3883.64
0,476,g_a_cpu,cpu,3883.65,3884.02
0,476,g_a,dpu,3884.03,3889.3
0,476,g_a,dpu,3889.3,3898.39
0,476,g_a_cpu,cpu,3898.4,3898.95
0,476,h_a,dpu,3898.95,3901.47
0,476,eb_enc,cpu,3901.47,3901.6
0,476,eb_dec,cpu,3901.6,3901.72
0,476,h_s,dpu,3901.72,3911.94
0,476,gc,cpu,3911.95,3922.12
0,482,normalize,cpu,3922.81,3926.55
0,482,g_a_cpu,cpu,3926.55,3926.88
0,482,g_a,dpu,3926.89,3932.06
0,482,g_a,dpu,3932.06,3938.09
0,482,g_a_cpu,cpu,3938.09,3938.97
0,482,h_a,dpu,3938.97,3942.27
0,482,eb_enc,cpu,3942.27,3942.39
0,482,eb_dec,cpu,3942.39,3942.51
0,482,h_s,dpu,3942.51,3953.83
0,482,gc,cpu,3953.83,3964.17
0,487,normalize,cpu,3964.92,3968.63
0,487,g_a_cpu,cpu,3968.64,3969.1
0,487,g_a,dpu,3969.1,3975.18
0,487,g_a,dpu,3975.19,3980.61
0,487,g_a_cpu,cpu,3980.62,3981.28
0,487,h_a,dpu,3981.28,3985.03
0,487,eb_enc,cpu,3985.03,3985.17
0,487,eb_dec,cpu,3985.17,3985.3
0,487,h_s,dpu,3985.3,3987.65
0,487,gc,cpu,3987.66,3998.27
0,492,normalize,cpu,3999.02,4002.71
0,492,g_a_cpu,cpu,4002.71,4003.22
0,492,g_a,dpu,4003.23,4008.53
0,492,g_a,dpu,4008.53,4013.56
0,492,g_a_cpu,cpu,4013.56,4013.9
0,492,h_a,dpu,4013.9,4016.66
0,492,eb_enc,cpu,4016.66,4016.8
0,492,eb_dec,cpu,4016.8,4016.93
0,492,h_s,dpu,4016.93,4023.68
0,492,gc,cpu,4023.68,4034
0,496,normalize,cpu,4034.64,4038.44
0,496,g_a_cpu,cpu,4038.44,4038.93
0,496,g_a,dpu,4038.94,4044.06
0,496,g_a,dpu,4044.07,4049.64
0,496,g_a_cpu,cpu,4049.64,4050.51
0,496,h_a,dpu,4050.52,4054.57
0,496,eb_enc,cpu,4054.57,4054.71
0,496,eb_dec,cpu,4054.71,4054.87
0,496,h_s,dpu,4054.87,4056.15
0,496,gc,cpu,4056.15,4075.23
0,502,normalize,cpu,4075.7,4079.84
0,502,g_a_cpu,cpu,4079.85,4080.21
0,502,g_a,dpu,4080.21,4085.61
0,502,g_a,dpu,4085.62,4092.36
0,502,g_a_cpu,cpu,4092.36,4092.83
0,502,h_a,dpu,4092.83,4096.28
0,502,eb_enc,cpu,4096.29,4096.42
0,502,eb_dec,cpu,4096.42,4096.55
0,502,h_s,dpu,4096.55,4097.73
0,502,gc,cpu,4097.73,4107.74
0,506,normalize,cpu,4108.38,4112.05
0,506,g_a_cpu,cpu,4112.06,4112.53
0,506,g_a,dpu,4112.54,4117.74
0,506,g_a,dpu,4117.74,4123.52
0,506,g_a_cpu,cpu,4123.52,4123.91
0,506,h_a,dpu,4123.95,4127.33
0,506,eb_enc,cpu,4127.33,4127.48
0,506,eb_dec,cpu,4127.48,4127.62
0,506,h_s,dpu,4127.62,4132.25
0,506,gc,cpu,4132.25,4142.23
0,511,normalize,cpu,4142.82,4146.46
0,511,g_a_cpu,cpu,4146.46,4146.79
0,511,g_a,dpu,4146.8,4151.81
0,511,g_a,dpu,4151.81,4157.56
0,511,g_a_cpu,cpu,4157.56,4158.01
0,511,h_a,dpu,4158.01,4167.96
0,511,eb_enc,cpu,4167.96,4168.11
0,511,eb_dec,cpu,4168.11,4168.25
0,511,h_s,dpu,4168.25,4169.87
0,511,gc,cpu,4169.87,4179.97
0,516,normalize,cpu,4180.58,4184.28
0,516,g_a_cpu,cpu,4184.28,4184.79
0,516,g_a,dpu,4184.8,4189.87
0,516,g_a,dpu,4189.88,4195.01
0,516,g_a_cpu,cpu,4195.01,4195.56
0,516,h_a,dpu,4195.56,4198.95
0,516,eb_enc,cpu,4198.96,4199.11
0,516,eb_dec,cpu,4199.11,4199.24
0,516,h_s,dpu,4199.24,4211.09
0,516,gc,cpu,4211.09,4221.02
0,521,normalize,cpu,4221.82,4225.47
0,521,g_a_cpu,cpu,4225.48,4226.28
0,521,g_a,dpu,4226.29,4231.95
0,521,g_a,dpu,4231.96,4242.52
0,521,g_a_cpu,cpu,4242.53,4243.29
0,521,h_a,dpu,4243.3,4248.24
0,521,eb_enc,cpu,4248.24,4248.41
0,521,eb_dec,cpu,4248.42,4248.56
0,521,h_s,dpu,4248.56,4250.14
0,521,gc,cpu,4250.15,4264.81
0,525,normalize,cpu,4265.34,4269.05
0,525,g_a_cpu,cpu,4269.05,4269.43
0,525,g_a,dpu,4269.43,4279.24
0,525,g_a,dpu,4279.24,4287.1
0,525,g_a_cpu,cpu,4287.11,4287.74
0,525,h_a,dpu,4287.74,4290.77
0,525,eb_enc,cpu,4290.77,4290.95
0,525,eb_dec,cpu,4290.95,4291.07
0,525,h_s,dpu,4291.08,4292.46
0,525,gc,cpu,4292.46,4302.52
0,530,normalize,cpu,4302.97,4306.58
0,530,g_a_cpu,cpu,4306.59,4307.08
0,530,g_a,dpu,4307.09,4312.19
0,530,g_a,dpu,4312.19,4317.49
0,530,g_a_cpu,cpu,4317.49,4317.92
0,530,h_a,dpu,4317.93,4321.66
0,530,eb_enc,cpu,4321.66,4321.81
0,530,eb_dec,cpu,4321.81,4321.93
0,530,h_s,dpu,4321.93,4332.39
0,530,gc,cpu,4332.39,4342.94
0,535,normalize,cpu,4343.69,4347.51
0,535,g_a_cpu,cpu,4347.51,4348.08
0,535,g_a,dpu,4348.09,4353.17
0,535,g_a,dpu,4353.18,4358.48
0,535,g_a_cpu,cpu,4358.49,4358.86
0,535,h_a,dpu,4358.86,4361.46
0,535,eb_enc,cpu,4361.46,4361.61
0,535,eb_dec,cpu,4361.61,4361.75
0,535,h_s,dpu,4361.75,4362.91
0,535,gc,cpu,4362.91,4377.59
0,539,normalize,cpu,4378.28,4383.17
0,539,g_a_cpu,cpu,4383.17,4383.78
0,539,g_a,dpu,4383.78,4394.73
0,539,g_a,dpu,4394.73,4401.87
0,539,g_a_cpu,cpu,4401.87,4402.27
0,539,h_a,dpu,4402.27,4406.19
0,539,eb_enc,cpu,4406.19,4406.35
0,539,eb_dec,cpu,4406.35,4406.49
0,539,h_s,dpu,4406.49,4407.61
0,539,gc,cpu,4407.61,4417.92
0,544,normalize,cpu,4418.39,4422.21
0,544,g_a_cpu,cpu,4422.21,4422.54
0,544,g_a,dpu,4422.55,4435.47
0,544,g_a,dpu,4435.47,4441.03
0,544,g_a_cpu,cpu,4441.03,4441.44
0,544,h_a,dpu,4441.44,4450.17
0,544,eb_enc,cpu,4450.18,4450.32
0,544,eb_dec,cpu,4450.32,4450.46
0,544,h_s,dpu,4450.46,4451.63
0,544,gc,cpu,4451.63,4466.17
0,551,normalize,cpu,4468.05,4472.36
0,551,g_a_cpu,cpu,4472.36,4472.66
0,551,g_a,dpu,4472.67,4477.62
0,551,g_a,dpu,4477.62,4482.97
0,551,g_a_cpu,cpu,4482.97,4483.28
0,551,h_a,dpu,4483.28,4486.6
0,551,eb_enc,cpu,4486.61,4486.75
0,551,eb_dec,cpu,4486.75,4486.95
0,551,h_s,dpu,4486.95,4488.51
0,551,gc,cpu,4488.51,4498.69
0,553,normalize,cpu,4499.3,4503.03
0,553,g_a_cpu,cpu,4503.04,4503.56
0,553,g_a,dpu,4503.56,4511.52
0,553,g_a,dpu,4511.53,4516.67
0,553,g_a_cpu,cpu,4516.67,4517.06
0,553,h_a,dpu,4517.06,4520
0,553,eb_enc,cpu,4520.01,4520.14
0,553,eb_dec,cpu,4520.14,4520.27
0,553,h_s,dpu,4520.27,4531.48
0,553,gc,cpu,4531.49,4541.63
0,559,normalize,cpu,4542.07,4545.78
0,559,g_a_cpu,cpu,4545.79,4546.11
0,559,g_a,dpu,4546.11,4551.27
0,559,g_a,dpu,4551.28,4556.45
0,559,g_a_cpu,cpu,4556.46,4556.81
0,559,h_a,dpu,4556.81,4562.01
0,559,eb_enc,cpu,4562.01,4562.14
0,559,eb_dec,cpu,4562.14,4562.26
0,559,h_s,dpu,4562.26,4566.79
0,559,gc,cpu,4566.79,4576.91
0,564,normalize,cpu,4577.66,4581.38
0,564,g_a_cpu,cpu,4581.39,4581.78
0,564,g_a,dpu,4581.78,4587.03
0,564,g_a,dpu,4587.03,4592.84
0,564,g_a_cpu,cpu,4592.84,4593.41
0,564,h_a,dpu,4593.41,4596.39
0,564,eb_enc,cpu,4596.39,4596.53
0,564,eb_dec,cpu,4596.53,4596.65
0,564,h_s,dpu,4596.65,4597.67
0,564,gc,cpu,4597.67,4607.97
0,568,normalize,cpu,4608.62,4612.35
0,568,g_a_cpu,cpu,4612.36,4612.67
0,568,g_a,dpu,4612.67,4617.81
0,568,g_a,dpu,4617.81,4622.98
0,568,g_a_cpu,cpu,4622.98,4623.83
0,568,h_a,dpu,4623.83,4630.6
0,568,eb_enc,cpu,4630.6,4630.74
0,568,eb_dec,cpu,4630.74,4630.9
0,568,h_s,dpu,4630.9,4633.65
0,568,gc,cpu,4633.65,4658.76
0,576,normalize,cpu,4659.3,4663.09
0,576,g_a_cpu,cpu,4663.1,4664.12
0,576,g_a,dpu,4664.12,4674.06
0,576,g_a,dpu,4674.07,4679.12
0,576,g_a_cpu,cpu,4679.12,4679.47
0,576,h_a,dpu,4679.48,4683.08
0,576,eb_enc,cpu,4683.09,4683.26
0,576,eb_dec,cpu,4683.26,4683.41
0,576,h_s,dpu,4683.41,4693.6
0,576,gc,cpu,4693.6,4703.95
0,581,normalize,cpu,4704.62,4708.47
0,581,g_a_cpu,cpu,4708.47,4709.03
0,581,g_a,dpu,4709.04,4714.28
0,581,g_a,dpu,4714.28,4720.39
0,581,g_a_cpu,cpu,4720.39,4721.04
0,581,h_a,dpu,4721.05,4725.78
0,581,eb_enc,cpu,4725.78,4725.96
0,581,eb_dec,cpu,4725.96,4726.11
0,581,h_s,dpu,4726.11,4727.75
0,581,gc,cpu,4727.75,4739.5
0,585,normalize,cpu,4740.1,4754.33
0,585,g_a_cpu,cpu,4754.53,4755.07
0,585,g_a,dpu,4755.07,4760.22
0,585,g_a,dpu,4760.23,4765.36
0,585,g_a_cpu,cpu,4765.36,4765.88
0,585,h_a,dpu,4765.88,4770.65
0,585,eb_enc,cpu,4770.65,4770.89
0,585,eb_dec,cpu,4770.89,4771.04
0,585,h_s,dpu,4771.04,4777.93
0,585,gc,cpu,4777.93,4791.79
0,591,normalize,cpu,4792.46,4797.26
0,591,g_a_cpu,cpu,4797.27,4797.76
0,591,g_a,dpu,4797.76,4804.49
0,591,g_a,dpu,4804.49,4809.71
0,591,g_a_cpu,cpu,4809.71,4810.18
0,591,h_a,dpu,4810.18,4813.28
0,591,eb_enc,cpu,4813.28,4813.44
0,591,eb_dec,cpu,4813.44,4813.58
0,591,h_s,dpu,4813.58,4815.14
0,591,gc,cpu,4815.15,4825.15
0,595,normalize,cpu,4825.77,4829.42
0,595,g_a_cpu,cpu,4829.42,4829.8
0,595,g_a,dpu,4829.8,4834.92
0,595,g_a,dpu,4834.92,4839.82
0,595,g_a_cpu,cpu,4839.83,4840.15
0,595,h_a,dpu,4840.15,4843.02
0,595,eb_enc,cpu,4843.02,4843.16
0,595,eb_dec,cpu,4843.16,4843.28
0,595,h_s,dpu,4843.28,4853.27
0,595,gc,cpu,4853.27,4863.32
0,601,normalize,cpu,4863.97,4867.64
0,601,g_a_cpu,cpu,4867.65,4868.04
0,601,g_a,dpu,4868.04,4873.28
0,601,g_a,dpu,4873.28,4878.3
0,601,g_a_cpu,cpu,4878.31,4879.02
0,601,h_a,dpu,4879.03,4881.65
0,601,eb_enc,cpu,4881.65,4881.8
0,601,eb_dec,cpu,4881.8,4881.96
0,601,h_s,dpu,4881.96,4884.01
0,601,gc,cpu,4884.01,4894.01
0,605,normalize,cpu,4894.43,4898.07
0,605,g_a_cpu,cpu,4898.08,4898.56
0,605,g_a,dpu,4898.56,4907.66
0,605,g_a,dpu,4907.66,4913.17
0,605,g_a_cpu,cpu,4913.17,4913.81
0,605,h_a,dpu,4913.82,4926.94
0,605,eb_enc,cpu,4926.94,4927.12
0,605,eb_dec,cpu,4927.12,4927.27
0,605,h_s,dpu,4927.27,4928.55
0,605,gc,cpu,4928.55,4938.53
0,611,normalize,cpu,4940.09,4943.85
0,611,g_a_cpu,cpu,4943.86,4944.35
0,611,g_a,dpu,4944.35,4949.48
0,611,g_a,dpu,4949.48,4954.59
0,611,g_a_cpu,cpu,4954.59,4955.33
0,611,h_a,dpu,4955.33,4958.37
0,611,eb_enc,cpu,4958.37,4958.56
0,611,eb_dec,cpu,4958.56,4958.71
0,611,h_s,dpu,4958.71,4959.97
0,611,gc,cpu,4959.97,4970.56
0,615,normalize,cpu,4971.25,4974.97
0,615,g_a_cpu,cpu,4974.97,4975.26
0,615,g_a,dpu,4975.27,4987.47
0,615,g_a,dpu,4987.48,4992.83
0,615,g_a_cpu,cpu,4992.83,4993.18
0,615,h_a,dpu,4993.18,4996.64
0,615,eb_enc,cpu,4996.64,4996.79
0,615,eb_dec,cpu,4996.79,4996.92
0,615,h_s,dpu,4996.93,5002.68
0,615,gc,cpu,5002.68,5013.52
0,621,normalize,cpu,5014.27,5017.99
0,621,g_a_cpu,cpu,5017.99,5018.37
0,621,g_a,dpu,5018.37,5026.93
0,621,g_a,dpu,5026.93,5037.7
0,621,g_a_cpu,cpu,5037.7,5038.24
0,621,h_a,dpu,5038.24,5040.88
0,621,eb_enc,cpu,5040.88,5041.04
0,621,eb_dec,cpu,5041.04,5041.17
0,621,h_s,dpu,5041.17,5044.01
0,621,gc,cpu,5044.01,5055.56
0,627,normalize,cpu,5056.23,5061.02
0,627,g_a_cpu,cpu,5061.02,5061.39
0,627,g_a,dpu,5061.4,5069.63
0,627,g_a,dpu,5069.63,5083.94
0,627,g_a_cpu,cpu,5083.94,5084.74
0,627,h_a,dpu,5084.75,5088
0,627,eb_enc,cpu,5088,5088.14
0,627,eb_dec,cpu,5088.14,5088.26
0,627,h_s,dpu,5088.26,5089.28
0,627,gc,cpu,5089.28,5099.2
0,630,normalize,cpu,5099.74,5103.42
0,630,g_a_cpu,cpu,5103.43,5103.8
0,630,g_a,dpu,5103.8,5110.97
0,630,g_a,dpu,5110.98,5120.35
0,630,g_a_cpu,cpu,5120.35,5120.87
0,630,h_a,dpu,5120.87,5123.8
0,630,eb_enc,cpu,5123.81,5123.93
0,630,eb_dec,cpu,5123.93,5124.05
0,630,h_s,dpu,5124.05,5135.54
0,630,gc,cpu,5135.54,5145.82
0,635,normalize,cpu,5146.39,5150.2
0,635,g_a_cpu,cpu,5150.21,5151.19
0,635,g_a,dpu,5151.2,5159.44
0,635,g_a,dpu,5159.44,5165.11
0,635,g_a_cpu,cpu,5165.11,5165.81
0,635,h_a,dpu,5165.81,5170.2
0,635,eb_enc,cpu,5170.2,5170.41
0,635,eb_dec,cpu,5170.41,5170.55
0,635,h_s,dpu,5170.55,5179.14
0,635,gc,cpu,5179.15,5192.53
0,640,normalize,cpu,5192.98,5196.7
0,640,g_a_cpu,cpu,5196.7,5197.06
0,640,g_a,dpu,5197.06,5212.51
0,640,g_a,dpu,5212.51,5220.86
0,640,g_a_cpu,cpu,5220.86,5221.24
0,640,h_a,dpu,5221.24,5224.55
0,640,eb_enc,cpu,5224.55,5224.68
0,640,eb_dec,cpu,5224.68,5224.8
0,640,h_s,dpu,5224.81,5225.89
0,640,gc,cpu,5225.89,5235.94
0,646,normalize,cpu,5236.7,5240.37
0,646,g_a_cpu,cpu,5240.38,5240.89
0,646,g_a,dpu,5240.89,5246.11
0,646,g_a,dpu,5246.11,5255.85
0,646,g_a_cpu,cpu,5255.85,5256.38
0,646,h_a,dpu,5256.38,5259.05
0,646,eb_enc,cpu,5259.05,5259.3
0,646,eb_dec,cpu,5259.3,5259.5
0,646,h_s,dpu,5259.5,5261.14
0,646,gc,cpu,5261.14,5271.23
0,650,normalize,cpu,5271.68,5275.44
0,650,g_a_cpu,cpu,5275.44,5275.84
0,650,g_a,dpu,5275.84,5284.89
0,650,g_a,dpu,5284.89,5293.85
0,650,g_a_cpu,cpu,5293.86,5294.35
0,650,h_a,dpu,5294.35,5297.6
0,650,eb_enc,cpu,5297.6,5297.78
0,650,eb_dec,cpu,5297.78,5297.96
0,650,h_s,dpu,5297.96,5299.27
0,650,gc,cpu,5299.27,5309.24
0,655,normalize,cpu,5309.75,5313.5
0,655,g_a_cpu,cpu,5313.5,5314.02
0,655,g_a,dpu,5314.02,5322.73
0,655,g_a,dpu,5322.73,5331.93
0,655,g_a_cpu,cpu,5331.93,5332.63
0,655,h_a,dpu,5332.63,5335.37
0,655,eb_enc,cpu,5335.37,5335.5
0,655,eb_dec,cpu,5335.5,5335.63
0,655,h_s,dpu,5335.63,5341.43
0,655,gc,cpu,5341.43,5351.4
0,661,normalize,cpu,5351.92,5355.61
0,661,g_a_cpu,cpu,5355.61,5356
0,661,g_a,dpu,5356,5365.09
0,661,g_a,dpu,5365.09,5375.15
0,661,g_a_cpu,cpu,5375.15,5375.56
0,661,h_a,dpu,5375.56,5382.64
0,661,eb_enc,cpu,5382.64,5382.88
0,661,eb_dec,cpu,5382.88,5383.02
0,661,h_s,dpu,5383.02,5384.21
0,661,gc,cpu,5384.21,5394.23
0,665,normalize,cpu,5395,5398.62
0,665,g_a_cpu,cpu,5398.62,5399.02
0,665,g_a,dpu,5399.02,5408.4
0,665,g_a,dpu,5408.4,5413.99
0,665,g_a_cpu,cpu,5413.99,5414.78
0,665,h_a,dpu,5414.79,5422.37
0,665,eb_enc,cpu,5422.37,5422.55
0,665,eb_dec,cpu,5422.55,5422.7
0,665,h_s,dpu,5422.7,5423.89
0,665,gc,cpu,5423.89,5434.32
0,670,normalize,cpu,5435.14,5438.76
0,670,g_a_cpu,cpu,5438.76,5439.16
0,670,g_a,dpu,5439.16,5444.37
0,670,g_a,dpu,5444.37,5450.01
0,670,g_a_cpu,cpu,5450.01,5450.38
0,670,h_a,dpu,5450.38,5453.01
0,670,eb_enc,cpu,5453.02,5453.18
0,670,eb_dec,cpu,5453.18,5453.32
0,670,h_s,dpu,5453.32,5454.8
0,670,gc,cpu,5454.8,5481.52
0,677,normalize,cpu,5482.02,5486.45
0,677,g_a_cpu,cpu,5486.45,5486.81
0,677,g_a,dpu,5486.81,5493.43
0,677,g_a,dpu,5493.43,5499.75
0,677,g_a_cpu,cpu,5499.75,5500.28
0,677,h_a,dpu,5500.28,5503.45
0,677,eb_enc,cpu,5503.45,5503.59
0,677,eb_dec,cpu,5503.59,5503.71
0,677,h_s,dpu,5503.71,5512.05
0,677,gc,cpu,5512.06,5521.94
0,682,normalize,cpu,5524.2,5532.62
0,682,g_a_cpu,cpu,5532.63,5532.99
0,682,g_a,dpu,5532.99,5539.84
0,682,g_a,dpu,5539.84,5548.96
0,682,g_a_cpu,cpu,5548.96,5549.43
0,682,h_a,dpu,5549.44,5554.94
0,682,eb_enc,cpu,5554.94,5555.1
0,682,eb_dec,cpu,5555.1,5555.23
0,682,h_s,dpu,5555.23,5561.27
0,682,gc,cpu,5561.27,5571.81
0,688,normalize,cpu,5572.39,5576.15
0,688,g_a_cpu,cpu,5576.15,5576.6
0,688,g_a,dpu,5576.61,5581.83
0,688,g_a,dpu,5581.83,5590.95
0,688,g_a_cpu,cpu,5590.95,5591.42
0,688,h_a,dpu,5591.42,5593.97
0,688,eb_enc,cpu,5593.97,5594.1
0,688,eb_dec,cpu,5594.1,5594.23
0,688,h_s,dpu,5594.23,5601.02
0,688,gc,cpu,5601.02,5611.3
0,693,normalize,cpu,5611.92,5615.69
0,693,g_a_cpu,cpu,5615.7,5616.07
0,693,g_a,dpu,5616.07,5624.31
0,693,g_a,dpu,5624.31,5630.05
0,693,g_a_cpu,cpu,5630.05,5630.52
0,693,h_a,dpu,5630.52,5634.99
0,693,eb_enc,cpu,5634.99,5635.16
0,693,eb_dec,cpu,5635.16,5635.3
0,693,h_s,dpu,5635.3,5637.16
0,693,gc,cpu,5637.16,5650.43
0,698,normalize,cpu,5651.51,5665.68
0,698,g_a_cpu,cpu,5665.69,5666.09
0,698,g_a,dpu,5666.09,5671.27
0,698,g_a,dpu,5671.28,5676.43
0,698,g_a_cpu,cpu,5676.44,5677.05
0,698,h_a,dpu,5677.05,5681.43
0,698,eb_enc,cpu,5681.43,5681.58
0,698,eb_dec,cpu,5681.58,5681.71
0,698,h_s,dpu,5681.71,5690.46
0,698,gc,cpu,5690.47,5705.3
0,704,normalize,cpu,5705.86,5709.77
0,704,g_a_cpu,cpu,5709.77,5710.45
0,704,g_a,dpu,5710.45,5719.08
0,704,g_a,dpu,5719.08,5724.21
0,704,g_a_cpu,cpu,5724.22,5724.56
0,704,h_a,dpu,5724.57,5730.94
0,704,eb_enc,cpu,5730.94,5731.08
0,704,eb_dec,cpu,5731.08,5731.21
0,704,h_s,dpu,5731.21,5740.63
0,704,gc,cpu,5740.63,5750.53
0,710,normalize,cpu,5751.23,5754.99
0,710,g_a_cpu,cpu,5755,5755.37
0,710,g_a,dpu,5755.38,5760.6
0,710,g_a,dpu,5760.6,5770.42
0,710,g_a_cpu,cpu,5770.42,5770.76
0,710,h_a,dpu,5770.77,5774.22
0,710,eb_enc,cpu,5774.22,5774.36
0,710,eb_dec,cpu,5774.36,5774.5
0,710,h_s,dpu,5774.5,5778.87
0,710,gc,cpu,5778.87,5794.56
0,716,normalize,cpu,5795.51,5800.89
0,716,g_a_cpu,cpu,5800.9,5801.22
0,716,g_a,dpu,5801.23,5809.1
0,716,g_a,dpu,5809.1,5817.36
0,716,g_a_cpu,cpu,5817.36,5817.73
0,716,h_a,dpu,5817.74,5821.3
0,716,eb_enc,cpu,5821.3,5821.45
0,716,eb_dec,cpu,5821.45,5821.57
0,716,h_s,dpu,5821.57,5825.51
0,716,gc,cpu,5825.52,5835.66
0,721,normalize,cpu,5836.29,5839.95
0,721,g_a_cpu,cpu,5839.96,5840.69
0,721,g_a,dpu,5840.7,5846
0,721,g_a,dpu,5846.01,5861.8
0,721,g_a_cpu,cpu,5861.8,5862.12
0,721,h_a,dpu,5862.12,5865.82
0,721,eb_enc,cpu,5865.82,5865.96
0,721,eb_dec,cpu,5865.96,5866.09
0,721,h_s,dpu,5866.09,5870.27
0,721,gc,cpu,5870.27,5880.72
0,727,normalize,cpu,5881.39,5885.04
0,727,g_a_cpu,cpu,5885.04,5885.35
0,727,g_a,dpu,5885.36,5890.53
0,727,g_a,dpu,5890.54,5902.78
0,727,g_a_cpu,cpu,5902.78,5903.17
0,727,h_a,dpu,5903.17,5905.93
0,727,eb_enc,cpu,5905.93,5906.06
0,727,eb_dec,cpu,5906.06,5906.18
0,727,h_s,dpu,5906.18,5915.29
0,727,gc,cpu,5915.3,5925.88
0,732,normalize,cpu,5926.37,5930.06
0,732,g_a_cpu,cpu,5930.07,5930.42
0,732,g_a,dpu,5930.43,5942.28
0,732,g_a,dpu,5942.28,5951.25
0,732,g_a_cpu,cpu,5951.25,5951.56
0,732,h_a,dpu,5951.56,5957.65
0,732,eb_enc,cpu,5957.65,5957.84
0,732,eb_dec,cpu,5957.84,5958
0,732,h_s,dpu,5958,5959.21
0,732,gc,cpu,5959.21,5969.12
0,738,normalize,cpu,5969.55,5973.29
0,738,g_a_cpu,cpu,5973.29,5973.84
0,738,g_a,dpu,5973.84,5982.09
0,738,g_a,dpu,5982.1,5991.1
0,738,g_a_cpu,cpu,5991.1,5991.55
0,738,h_a,dpu,5991.55,5994.72
0,738,eb_enc,cpu,5994.72,5994.89
0,738,eb_dec,cpu,5994.89,5995.03
0,738,h_s,dpu,5995.03,5996.6
0,738,gc,cpu,5996.6,6007.04
0,743,normalize,cpu,6007.65,6011.43
0,743,g_a_cpu,cpu,6011.43,6011.79
0,743,g_a,dpu,6011.8,6019.86
0,743,g_a,dpu,6019.86,6028.93
0,743,g_a_cpu,cpu,6028.93,6029.45
0,743,h_a,dpu,6029.45,6032.58
0,743,eb_enc,cpu,6032.58,6032.72
0,743,eb_dec,cpu,6032.72,6032.85
0,743,h_s,dpu,6032.85,6041.75
0,743,gc,cpu,6041.75,6052.26
0,748,normalize,cpu,6052.94,6056.67
0,748,g_a_cpu,cpu,6056.68,6057.02
0,748,g_a,dpu,6057.02,6062.16
0,748,g_a,dpu,6062.16,6067.18
0,748,g_a_cpu,cpu,6067.18,6067.69
0,748,h_a,dpu,6067.69,6071.18
0,748,eb_enc,cpu,6071.18,6071.33
0,748,eb_dec,cpu,6071.33,6071.47
0,748,h_s,dpu,6071.47,6082.78
0,748,gc,cpu,6082.78,6092.85
0,753,normalize,cpu,6093.9,6097.57
0,753,g_a_cpu,cpu,6097.57,6098.07
0,753,g_a,dpu,6098.07,6103.74
0,753,g_a,dpu,6103.75,6111.19
0,753,g_a_cpu,cpu,6111.2,6111.65
0,753,h_a,dpu,6111.65,6116.49
0,753,eb_enc,cpu,6116.49,6116.67
0,753,eb_dec,cpu,6116.67,6116.82
0,753,h_s,dpu,6116.82,6118.65
0,753,gc,cpu,6118.65,6128.88
0,757,normalize,cpu,6129.58,6142.05
0,757,g_a_cpu,cpu,6142.06,6142.73
0,757,g_a,dpu,6142.74,6148.11
0,757,g_a,dpu,6148.11,6165.23
0,757,g_a_cpu,cpu,6165.23,6166
0,757,h_a,dpu,6166.01,6180.22
0,757,eb_enc,cpu,6180.22,6180.39
0,757,eb_dec,cpu,6180.39,6180.54
0,757,h_s,dpu,6180.54,6181.64
0,757,gc,cpu,6181.64,6191.79
0,764,normalize,cpu,6192.4,6196.09
0,764,g_a_cpu,cpu,6196.1,6196.56
0,764,g_a,dpu,6196.56,6202.92
0,764,g_a,dpu,6202.92,6208.01
0,764,g_a_cpu,cpu,6208.02,6208.56
0,764,h_a,dpu,6208.57,6213.25
0,764,eb_enc,cpu,6213.25,6213.38
0,764,eb_dec,cpu,6213.38,6213.51
0,764,h_s,dpu,6213.51,6215.71
0,764,gc,cpu,6215.71,6225.73
0,768,normalize,cpu,6226.35,6230.07
0,768,g_a_cpu,cpu,6230.08,6230.5
0,768,g_a,dpu,6230.5,6236.79
0,768,g_a,dpu,6236.79,6245.89
0,768,g_a_cpu,cpu,6245.89,6246.45
0,768,h_a,dpu,6246.45,6254.67
0,768,eb_enc,cpu,6254.67,6254.89
0,768,eb_dec,cpu,6254.89,6255.03
0,768,h_s,dpu,6255.03,6256.43
0,768,gc,cpu,6256.43,6266.38
0,773,normalize,cpu,6266.88,6270.57
0,773,g_a_cpu,cpu,6270.58,6271.06
0,773,g_a,dpu,6271.06,6276.25
0,773,g_a,dpu,6276.25,6285.29
0,773,g_a_cpu,cpu,6285.29,6285.86
0,773,h_a,dpu,6285.87,6288.75
0,773,eb_enc,cpu,6288.75,6288.88
0,773,eb_dec,cpu,6288.88,6289
0,773,h_s,dpu,6289,6292.84
0,773,gc,cpu,6292.84,6303.11
0,777,normalize,cpu,6303.72,6307.41
0,777,g_a_cpu,cpu,6307.41,6307.77
0,777,g_a,dpu,6307.77,6318.44
0,777,g_a,dpu,6318.44,6323.44
0,777,g_a_cpu,cpu,6323.45,6323.75
0,777,h_a,dpu,6323.75,6329.49
0,777,eb_enc,cpu,6329.49,6329.65
0,777,eb_dec,cpu,6329.65,6329.78
0,777,h_s,dpu,6329.78,6331.05
0,777,gc,cpu,6331.05,6343.15
0,783,normalize,cpu,6344.01,6353.92
0,783,g_a_cpu,cpu,6353.92,6354.29
0,783,g_a,dpu,6354.3,6359.39
0,783,g_a,dpu,6359.39,6364.86
0,783,g_a_cpu,cpu,6364.87,6365.25
0,783,h_a,dpu,6365.25,6376.28
0,783,eb_enc,cpu,6376.28,6376.45
0,783,eb_dec,cpu,6376.45,6376.6
0,783,h_s,dpu,6376.6,6377.87
0,783,gc,cpu,6377.87,6391.56
0,790,normalize,cpu,6392.82,6396.54
0,790,g_a_cpu,cpu,6396.55,6396.89
0,790,g_a,dpu,6396.89,6409.76
0,790,g_a,dpu,6409.76,6420.46
0,790,g_a_cpu,cpu,6420.47,6420.92
0,790,h_a,dpu,6420.93,6424.39
0,790,eb_enc,cpu,6424.39,6424.52
0,790,eb_dec,cpu,6424.52,6424.65
0,790,h_s,dpu,6424.65,6427.75
0,790,gc,cpu,6427.75,6438.3
0,795,normalize,cpu,6439.05,6442.78
0,795,g_a_cpu,cpu,6442.78,6443.29
0,795,g_a,dpu,6443.3,6449.44
0,795,g_a,dpu,6449.44,6454.59
0,795,g_a_cpu,cpu,6454.59,6454.93
0,795,h_a,dpu,6454.93,6458.42
0,795,eb_enc,cpu,6458.42,6458.57
0,795,eb_dec,cpu,6458.57,6458.69
0,795,h_s,dpu,6458.69,6460.11
0,795,gc,cpu,6460.12,6470.2
0,800,normalize,cpu,6470.76,6474.47
0,800,g_a_cpu,cpu,6474.47,6475.06
0,800,g_a,dpu,6475.06,6480.79
0,800,g_a,dpu,6480.79,6492.52
0,800,g_a_cpu,cpu,6492.52,6492.97
0,800,h_a,dpu,6492.98,6496.09
0,800,eb_enc,cpu,6496.09,6496.22
0,800,eb_dec,cpu,6496.22,6496.34
0,800,h_s,dpu,6496.34,6498.82
0,800,gc,cpu,6498.85,6509.15
0,805,normalize,cpu,6509.81,6513.53
0,805,g_a_cpu,cpu,6513.54,6513.92
0,805,g_a,dpu,6513.92,6519.07
0,805,g_a,dpu,6519.07,6524.53
0,805,g_a_cpu,cpu,6524.53,6525
0,805,h_a,dpu,6525,6528.25
0,805,eb_enc,cpu,6528.25,6528.44
0,805,eb_dec,cpu,6528.44,6528.58
0,805,h_s,dpu,6528.58,6529.76
0,805,gc,cpu,6529.76,6539.95
0,808,normalize,cpu,6540.7,6544.5
0,808,g_a_cpu,cpu,6544.51,6544.94
0,808,g_a,dpu,6544.95,6551.04
0,808,g_a,dpu,6551.05,6556.39
0,808,g_a_cpu,cpu,6556.39,6556.81
0,808,h_a,dpu,6556.81,6560.98
0,808,eb_enc,cpu,6560.99,6561.15
0,808,eb_dec,cpu,6561.15,6561.29
0,808,h_s,dpu,6561.29,6567.07
0,808,gc,cpu,6567.07,6577.23
0,813,normalize,cpu,6577.88,6581.63
0,813,g_a_cpu,cpu,6581.63,6581.99
0,813,g_a,dpu,6581.99,6587.05
0,813,g_a,dpu,6587.05,6592.08
0,813,g_a_cpu,cpu,6592.08,6592.45
0,813,h_a,dpu,6592.46,6595.77
0,813,eb_enc,cpu,6595.77,6595.96
0,813,eb_dec,cpu,6595.96,6596.12
0,813,h_s,dpu,6596.12,6597.29
0,813,gc,cpu,6597.29,6607.98
0,818,normalize,cpu,6608.53,6612.26
0,818,g_a_cpu,cpu,6612.27,6612.77
0,818,g_a,dpu,6612.77,6618.01
0,818,g_a,dpu,6618.01,6623.13
0,818,g_a_cpu,cpu,6623.13,6623.54
0,818,h_a,dpu,6623.55,6626.41
0,818,eb_enc,cpu,6626.41,6626.54
0,818,eb_dec,cpu,6626.54,6626.67
0,818,h_s,dpu,6626.67,6629.47
0,818,gc,cpu,6629.47,6639.66
0,822,normalize,cpu,6640.24,6643.96
0,822,g_a_cpu,cpu,6643.96,6644.39
0,822,g_a,dpu,6644.4,6649.46
0,822,g_a,dpu,6649.46,6659.66
0,822,g_a_cpu,cpu,6659.66,6660.24
0,822,h_a,dpu,6660.24,6663
0,822,eb_enc,cpu,6663,6663.13
0,822,eb_dec,cpu,6663.13,6663.28
0,822,h_s,dpu,6663.28,6664.99
0,822,gc,cpu,6665,6675.29
0,826,normalize,cpu,6675.79,6679.52
0,826,g_a_cpu,cpu,6679.52,6679.98
0,826,g_a,dpu,6679.99,6685.26
0,826,g_a,dpu,6685.26,6694.7
0,826,g_a_cpu,cpu,6694.7,6695.28
0,826,h_a,dpu,6695.29,6697.95
0,826,eb_enc,cpu,6697.95,6698.09
0,826,eb_dec,cpu,6698.09,6698.21
0,826,h_s,dpu,6698.21,6706.41
0,826,gc,cpu,6706.41,6716.59
0,832,normalize,cpu,6717.06,6720.79
0,832,g_a_cpu,cpu,6720.79,6721.22
0,832,g_a,dpu,6721.23,6726.34
0,832,g_a,dpu,6726.34,6731.37
0,832,g_a_cpu,cpu,6731.38,6731.98
0,832,h_a,dpu,6731.98,6734.64
0,832,eb_enc,cpu,6734.64,6734.77
0,832,eb_dec,cpu,6734.77,6734.94
0,832,h_s,dpu,6734.94,6736.06
0,832,gc,cpu,6736.06,6746.28
0,835,normalize,cpu,6746.98,6750.77
0,835,g_a_cpu,cpu,6750.78,6751.52
0,835,g_a,dpu,6751.52,6756.65
0,835,g_a,dpu,6756.65,6761.68
0,835,g_a_cpu,cpu,6761.68,6762.32
0,835,h_a,dpu,6762.33,6767.69
0,835,eb_enc,cpu,6767.69,6767.89
0,835,eb_dec,cpu,6767.89,6768.06
0,835,h_s,dpu,6768.06,6769.35
0,835,gc,cpu,6769.35,6779.98
0,840,normalize,cpu,6780.62,6784.43
0,840,g_a_cpu,cpu,6784.43,6785.05
0,840,g_a,dpu,6785.06,6790.12
0,840,g_a,dpu,6790.12,6795.07
0,840,g_a_cpu,cpu,6795.07,6795.42
0,840,h_a,dpu,6795.42,6802.96
0,840,eb_enc,cpu,6802.96,6803.09
0,840,eb_dec,cpu,6803.09,6803.22
0,840,h_s,dpu,6803.22,6806.18
0,840,gc,cpu,6806.18,6816.96
0,845,normalize,cpu,6817.49,6821.31
0,845,g_a_cpu,cpu,6821.32,6821.85
0,845,g_a,dpu,6821.85,6827.13
0,845,g_a,dpu,6827.13,6832.12
0,845,g_a_cpu,cpu,6832.12,6832.48
0,845,h_a,dpu,6832.48,6837.15
0,845,eb_enc,cpu,6837.15,6837.29
0,845,eb_dec,cpu,6837.29,6837.42
0,845,h_s,dpu,6837.42,6840.24
0,845,gc,cpu,6840.24,6850.87
0,850,normalize,cpu,6851.55,6855.29
0,850,g_a_cpu,cpu,6855.3,6855.69
0,850,g_a,dpu,6855.7,6864.82
0,850,g_a,dpu,6864.82,6869.78
0,850,g_a_cpu,cpu,6869.78,6870.18
0,850,h_a,dpu,6870.18,6873.16
0,850,eb_enc,cpu,6873.16,6873.3
0,850,eb_dec,cpu,6873.3,6873.43
0,850,h_s,dpu,6873.43,6874.5
0,850,gc,cpu,6874.5,6884.49
0,855,normalize,cpu,6884.95,6888.71
0,855,g_a_cpu,cpu,6888.72,6889.57
0,855,g_a,dpu,6889.58,6894.95
0,855,g_a,dpu,6894.95,6907.27
0,855,g_a_cpu,cpu,6907.28,6907.83
0,855,h_a,dpu,6907.83,6910.98
0,855,eb_enc,cpu,6910.98,6911.13
0,855,eb_dec,cpu,6911.13,6911.26
0,855,h_s,dpu,6911.26,6915.66
0,855,gc,cpu,6915.67,6926.06
0,859,normalize,cpu,6926.57,6930.28
0,859,g_a_cpu,cpu,6930.28,6930.69
0,859,g_a,dpu,6930.7,6935.87
0,859,g_a,dpu,6935.87,6940.94
0,859,g_a_cpu,cpu,6940.94,6941.65
0,859,h_a,dpu,6941.65,6944.32
0,859,eb_enc,cpu,6944.32,6944.45
0,859,eb_dec,cpu,6944.45,6944.58
0,859,h_s,dpu,6944.58,6945.79
0,859,gc,cpu,6945.79,6956.25
0,862,normalize,cpu,6956.89,6960.73
0,862,g_a_cpu,cpu,6960.73,6961.32
0,862,g_a,dpu,6961.33,6966.37
0,862,g_a,dpu,6966.37,6971.41
0,862,g_a_cpu,cpu,6971.41,6971.9
0,862,h_a,dpu,6971.91,6978.5
0,862,eb_enc,cpu,6978.5,6978.65
0,862,eb_dec,cpu,6978.65,6978.77
0,862,h_s,dpu,6978.77,6980.06
0,862,gc,cpu,6980.07,6990.48
0,868,normalize,cpu,6990.99,6994.72
0,868,g_a_cpu,cpu,6994.72,6995.14
0,868,g_a,dpu,6995.14,7000.19
0,868,g_a,dpu,7000.19,7005.29
0,868,g_a_cpu,cpu,7005.29,7005.66
0,868,h_a,dpu,7005.66,7011.49
0,868,eb_enc,cpu,7011.49,7011.64
0,868,eb_dec,cpu,7011.64,7011.77
0,868,h_s,dpu,7011.77,7012.8
0,868,gc,cpu,7012.8,7023.32
0,871,normalize,cpu,7024.01,7027.82
0,871,g_a_cpu,cpu,7027.82,7028.21
0,871,g_a,dpu,7028.21,7033.39
0,871,g_a,dpu,7033.39,7038.39
0,871,g_a_cpu,cpu,7038.39,7038.75
0,871,h_a,dpu,7038.75,7041.5
0,871,eb_enc,cpu,7041.5,7041.64
0,871,eb_dec,cpu,7041.65,7041.78
0,871,h_s,dpu,7041.78,7042.85
0,871,gc,cpu,7042.85,7053.41
0,876,normalize,cpu,7053.9,7057.63
0,876,g_a_cpu,cpu,7057.64,7058.27
0,876,g_a,dpu,7058.27,7067.15
0,876,g_a,dpu,7067.16,7085.23
0,876,g_a_cpu,cpu,7085.24,7085.79
0,876,h_a,dpu,7085.79,7097.07
0,876,eb_enc,cpu,7097.07,7097.2
0,876,eb_dec,cpu,7097.2,7097.33
0,876,h_s,dpu,7097.33,7098.43
0,876,gc,cpu,7098.43,7108.57
0,883,normalize,cpu,7109.18,7112.97
0,883,g_a_cpu,cpu,7112.97,7113.3
0,883,g_a,dpu,7113.3,7118.35
0,883,g_a,dpu,7118.35,7124.16
0,883,g_a_cpu,cpu,7124.16,7124.86
0,883,h_a,dpu,7124.86,7128.53
0,883,eb_enc,cpu,7128.53,7128.68
0,883,eb_dec,cpu,7128.68,7128.81
0,883,h_s,dpu,7128.81,7133.71
0,883,gc,cpu,7133.72,7143.86
0,888,normalize,cpu,7144.34,7148.08
0,888,g_a_cpu,cpu,7148.09,7148.55
0,888,g_a,dpu,7148.55,7153.54
0,888,g_a,dpu,7153.54,7158.53
0,888,g_a_cpu,cpu,7158.53,7158.9
0,888,h_a,dpu,7158.9,7161.76
0,888,eb_enc,cpu,7161.76,7161.9
0,888,eb_dec,cpu,7161.9,7162.02
0,888,h_s,dpu,7162.02,7171.62
0,888,gc,cpu,7171.62,7182.28
0,892,normalize,cpu,7183.2,7186.94
0,892,g_a_cpu,cpu,7186.94,7187.3
0,892,g_a,dpu,7187.31,7192.41
0,892,g_a,dpu,7192.42,7197.54
0,892,g_a_cpu,cpu,7197.54,7198
0,892,h_a,dpu,7198.01,7204.21
0,892,eb_enc,cpu,7204.21,7204.4
0,892,eb_dec,cpu,7204.4,7204.58
0,892,h_s,dpu,7204.58,7206.47
0,892,gc,cpu,7206.47,7216.84
0,896,normalize,cpu,7217.66,7221.45
0,896,g_a_cpu,cpu,7221.45,7221.76
0,896,g_a,dpu,7221.76,7230.94
0,896,g_a,dpu,7230.95,7236.21
0,896,g_a_cpu,cpu,7236.22,7236.77
0,896,h_a,dpu,7236.78,7239.77
0,896,eb_enc,cpu,7239.77,7239.9
0,896,eb_dec,cpu,7239.9,7240.02
0,896,h_s,dpu,7240.02,7242.57
0,896,gc,cpu,7242.57,7253.11
0,901,normalize,cpu,7253.72,7257.47
0,901,g_a_cpu,cpu,7257.47,7257.88
0,901,g_a,dpu,7257.88,7263.12
0,901,g_a,dpu,7263.13,7268.26
0,901,g_a_cpu,cpu,7268.26,7268.6
0,901,h_a,dpu,7268.6,7278.93
0,901,eb_enc,cpu,7278.93,7279.06
0,901,eb_dec,cpu,7279.06,7279.19
0,901,h_s,dpu,7279.19,7281.45
0,901,gc,cpu,7281.45,7291.97
0,906,normalize,cpu,7292.48,7296.13
0,906,g_a_cpu,cpu,7296.13,7296.53
0,906,g_a,dpu,7296.53,7301.78
0,906,g_a,dpu,7301.79,7307.39
0,906,g_a_cpu,cpu,7307.4,7307.74
0,906,h_a,dpu,7307.74,7317.72
0,906,eb_enc,cpu,7317.72,7317.87
0,906,eb_dec,cpu,7317.87,7318.01
0,906,h_s,dpu,7318.01,7319.67
0,906,gc,cpu,7319.67,7330.27
0,911,normalize,cpu,7330.87,7334.55
0,911,g_a_cpu,cpu,7334.56,7334.99
0,911,g_a,dpu,7334.99,7340.3
0,911,g_a,dpu,7340.3,7346.43
0,911,g_a_cpu,cpu,7346.43,7347.17
0,911,h_a,dpu,7347.17,7351.5
0,911,eb_enc,cpu,7351.51,7351.66
0,911,eb_dec,cpu,7351.66,7351.79
0,911,h_s,dpu,7351.79,7352.85
0,911,gc,cpu,7352.85,7363.37
0,915,normalize,cpu,7364.03,7367.72
0,915,g_a_cpu,cpu,7367.72,7368.14
0,915,g_a,dpu,7368.14,7373.39
0,915,g_a,dpu,7373.4,7378.48
0,915,g_a_cpu,cpu,7378.49,7379.14
0,915,h_a,dpu,7379.14,7386.65
0,915,eb_enc,cpu,7386.65,7386.78
0,915,eb_dec,cpu,7386.78,7386.94
0,915,h_s,dpu,7386.94,7392.52
0,915,gc,cpu,7392.52,7402.67
0,920,normalize,cpu,7403.35,7407.06
0,920,g_a_cpu,cpu,7407.06,7407.46
0,920,g_a,dpu,7407.46,7412.62
0,920,g_a,dpu,7412.62,7421.69
0,920,g_a_cpu,cpu,7421.69,7422.23
0,920,h_a,dpu,7422.23,7426.65
0,920,eb_enc,cpu,7426.66,7426.8
0,920,eb_dec,cpu,7426.8,7426.95
0,920,h_s,dpu,7426.95,7429.14
0,920,gc,cpu,7429.14,7439.46
0,925,normalize,cpu,7440.11,7443.89
0,925,g_a_cpu,cpu,7443.89,7444.27
0,925,g_a,dpu,7444.28,7449.4
0,925,g_a,dpu,7449.4,7454.44
0,925,g_a_cpu,cpu,7454.44,7454.76
0,925,h_a,dpu,7454.76,7457.63
0,925,eb_enc,cpu,7457.64,7457.81
0,925,eb_dec,cpu,7457.81,7457.95
0,925,h_s,dpu,7457.95,7462.33
0,925,gc,cpu,7462.33,7472.64
1,2,normalize,cpu,69.2948,73.026
1,2,g_a_cpu,cpu,73.1708,73.5535
1,2,g_a,dpu,73.5817,80.385
1,2,g_a,dpu,80.3881,85.5555
1,2,g_a_cpu,cpu,85.5565,85.9609
1,2,h_a,dpu,85.9666,95.4344
1,2,eb_enc,cpu,95.4364,95.6154
1,2,eb_dec,cpu,95.616,95.7599
1,2,h_s,dpu,95.7602,108.907
1,2,gc,cpu,108.918,122.42
1,7,normalize,cpu,123.082,126.767
1,7,g_a_cpu,cpu,126.778,127.425
1,7,g_a,dpu,127.43,132.922
1,7,g_a,dpu,132.924,138.164
1,7,g_a_cpu,cpu,138.167,138.787
1,7,h_a,dpu,138.792,147.207
1,7,eb_enc,cpu,147.208,147.443
1,7,eb_dec,cpu,147.447,147.605
1,7,h_s,dpu,147.606,151.22
1,7,gc,cpu,151.221,161.641
1,11,normalize,cpu,162.423,166.318
1,11,g_a_cpu,cpu,166.329,167.099
1,11,g_a,dpu,167.106,173.007
1,11,g_a,dpu,173.011,183.014
1,11,g_a_cpu,cpu,183.018,183.714
1,11,h_a,dpu,183.719,200.428
1,11,eb_enc,cpu,200.452,200.589
1,11,eb_dec,cpu,200.59,200.715
1,11,h_s,dpu,200.715,202.175
1,11,gc,cpu,202.176,212.849
1,15,normalize,cpu,213.515,217.425
1,15,g_a_cpu,cpu,217.429,217.778
1,15,g_a,dpu,217.782,223.019
1,15,g_a,dpu,223.027,228.129
1,15,g_a_cpu,cpu,228.131,228.507
1,15,h_a,dpu,228.511,232.391
1,15,eb_enc,cpu,232.391,232.557
1,15,eb_dec,cpu,232.558,232.684
1,15,h_s,dpu,232.684,236.051
1,15,gc,cpu,236.053,247.372
1,20,normalize,cpu,248.298,252.243
1,20,g_a_cpu,cpu,252.247,252.725
1,20,g_a,dpu,252.729,257.896
1,20,g_a,dpu,257.898,263.054
1,20,g_a_cpu,cpu,263.056,263.503
1,20,h_a,dpu,263.506,266.454
1,20,eb_enc,cpu,266.456,266.578
1,20,eb_dec,cpu,266.578,266.689
1,20,h_s,dpu,266.689,270.759
1,20,gc,cpu,270.76,281.108
1,25,normalize,cpu,281.923,285.683
1,25,g_a_cpu,cpu,285.686,286.025
1,25,g_a,dpu,286.03,291.254
1,25,g_a,dpu,291.256,296.482
1,25,g_a_cpu,cpu,296.484,296.873
1,25,h_a,dpu,296.875,298.498
1,25,eb_enc,cpu,298.499,298.643
1,25,eb_dec,cpu,298.643,298.76
1,25,h_s,dpu,298.76,302.232
1,25,gc,cpu,302.233,312.425
1,30,normalize,cpu,312.997,316.67
1,30,g_a_cpu,cpu,316.673,316.935
1,30,g_a,dpu,316.94,322.024
1,30,g_a,dpu,322.025,329.43
1,30,g_a_cpu,cpu,329.432,329.832
1,30,h_a,dpu,329.845,331.367
1,30,eb_enc,cpu,331.37,331.497
1,30,eb_dec,cpu,331.498,331.612
1,30,h_s,dpu,331.613,335.166
1,30,gc,cpu,335.166,345.198
1,34,normalize,cpu,345.65,349.416
1,34,g_a_cpu,cpu,349.422,350.089
1,34,g_a,dpu,350.093,355.398
1,34,g_a,dpu,355.399,360.428
1,34,g_a_cpu,cpu,360.43,360.911
1,34,h_a,dpu,360.916,369.752
1,34,eb_enc,cpu,369.754,369.916
1,34,eb_dec,cpu,369.917,370.045
1,34,h_s,dpu,370.045,373.206
1,34,gc,cpu,373.207,383.69
1,39,normalize,cpu,384.381,388.218
1,39,g_a_cpu,cpu,388.222,388.669
1,39,g_a,dpu,388.671,397.921
1,39,g_a,dpu,397.923,404.035
1,39,g_a_cpu,cpu,404.038,404.408
1,39,h_a,dpu,404.411,414.273
1,39,eb_enc,cpu,414.275,414.402
1,39,eb_dec,cpu,414.402,414.523
1,39,h_s,dpu,414.523,417.49
1,39,gc,cpu,417.491,427.648
1,43,normalize,cpu,428.403,432.139
1,43,g_a_cpu,cpu,432.142,432.49
1,43,g_a,dpu,432.495,437.711
1,43,g_a,dpu,437.713,442.796
1,43,g_a_cpu,cpu,442.797,443.356
1,43,h_a,dpu,443.358,450.803
1,43,eb_enc,cpu,450.804,450.973
1,43,eb_dec,cpu,450.973,451.098
1,43,h_s,dpu,451.098,460.567
1,43,gc,cpu,460.568,475.546
1,49,normalize,cpu,476.173,481.735
1,49,g_a_cpu,cpu,481.739,482.165
1,49,g_a,dpu,482.167,489.433
1,49,g_a,dpu,489.435,501.453
1,49,g_a_cpu,cpu,501.454,501.873
1,49,h_a,dpu,501.875,503.778
1,49,eb_enc,cpu,503.78,503.911
1,49,eb_dec,cpu,503.911,504.035
1,49,h_s,dpu,504.035,514.567
1,49,gc,cpu,514.568,524.918
1,55,normalize,cpu,525.676,529.396
1,55,g_a_cpu,cpu,529.4,529.811
1,55,g_a,dpu,529.815,535.461
1,55,g_a,dpu,535.462,540.934
1,55,g_a_cpu,cpu,540.935,541.427
1,55,h_a,dpu,541.429,543.249
1,55,eb_enc,cpu,543.25,543.5
1,55,eb_dec,cpu,543.503,543.672
1,55,h_s,dpu,543.672,553.941
1,55,gc,cpu,553.942,569.673
1,60,normalize,cpu,570.553,575.78
1,60,g_a_cpu,cpu,575.786,576.37
1,60,g_a,dpu,576.376,582.287
1,60,g_a,dpu,582.291,595.86
1,60,g_a_cpu,cpu,595.862,596.221
1,60,h_a,dpu,596.223,597.596
1,60,eb_enc,cpu,597.597,597.746
1,60,eb_dec,cpu,597.746,597.865
1,60,h_s,dpu,597.865,599.269
1,60,gc,cpu,599.279,609.463
1,65,normalize,cpu,610.158,615.83
1,65,g_a_cpu,cpu,615.832,616.098
1,65,g_a,dpu,616.1,621.068
1,65,g_a,dpu,621.068,625.99
1,65,g_a_cpu,cpu,625.991,626.384
1,65,h_a,dpu,626.385,640.447
1,65,eb_enc,cpu,640.448,640.566
1,65,eb_dec,cpu,640.566,640.678
1,65,h_s,dpu,640.678,651.957
1,65,gc,cpu,651.958,662.035
1,71,normalize,cpu,662.574,666.321
1,71,g_a_cpu,cpu,666.325,666.698
1,71,g_a,dpu,666.702,672.127
1,71,g_a,dpu,672.128,677.314
1,71,g_a_cpu,cpu,677.315,677.732
1,71,h_a,dpu,677.734,679.151
1,71,eb_enc,cpu,679.152,679.331
1,71,eb_dec,cpu,679.331,679.475
1,71,h_s,dpu,679.475,685.877
1,71,gc,cpu,685.878,696.399
1,75,normalize,cpu,696.941,700.69
1,75,g_a_cpu,cpu,700.693,701.015
1,75,g_a,dpu,701.019,708.055
1,75,g_a,dpu,708.056,714.071
1,75,g_a_cpu,cpu,714.073,714.566
1,75,h_a,dpu,714.568,717.4
1,75,eb_enc,cpu,717.402,717.534
1,75,eb_dec,cpu,717.536,717.661
1,75,h_s,dpu,717.662,727.374
1,75,gc,cpu,727.375,737.914
1,80,normalize,cpu,738.552,742.347
1,80,g_a_cpu,cpu,742.352,742.792
1,80,g_a,dpu,742.796,747.941
1,80,g_a,dpu,747.944,757.215
1,80,g_a_cpu,cpu,757.216,757.645
1,80,h_a,dpu,757.647,759.249
1,80,eb_enc,cpu,759.25,759.408
1,80,eb_dec,cpu,759.41,759.535
1,80,h_s,dpu,759.536,761.481
1,80,gc,cpu,761.481,771.475
1,85,normalize,cpu,771.998,775.758
1,85,g_a_cpu,cpu,775.762,776.108
1,85,g_a,dpu,776.112,781.366
1,85,g_a,dpu,781.368,786.514
1,85,g_a_cpu,cpu,786.515,786.976
1,85,h_a,dpu,786.978,788.929
1,85,eb_enc,cpu,788.93,789.092
1,85,eb_dec,cpu,789.092,789.209
1,85,h_s,dpu,789.21,795.479
1,85,gc,cpu,795.483,806.386
1,90,normalize,cpu,806.923,810.596
1,90,g_a_cpu,cpu,810.6,811.028
1,90,g_a,dpu,811.032,816.277
1,90,g_a,dpu,816.279,821.373
1,90,g_a_cpu,cpu,821.375,821.878
1,90,h_a,dpu,821.881,823.242
1,90,eb_enc,cpu,823.243,823.362
1,90,eb_dec,cpu,823.362,823.476
1,90,h_s,dpu,823.476,827.9
1,90,gc,cpu,827.901,838.334
1,95,normalize,cpu,839.016,842.796
1,95,g_a_cpu,cpu,842.8,843.558
1,95,g_a,dpu,843.562,848.765
1,95,g_a,dpu,848.767,853.926
1,95,g_a_cpu,cpu,853.929,854.578
1,95,h_a,dpu,854.581,860.805
1,95,eb_enc,cpu,860.806,860.945
1,95,eb_dec,cpu,860.946,861.079
1,95,h_s,dpu,861.079,862.321
1,95,gc,cpu,862.322,872.835
1,99,normalize,cpu,873.379,877.137
1,99,g_a_cpu,cpu,877.139,877.487
1,99,g_a,dpu,877.49,883.001
1,99,g_a,dpu,883.003,888.2
1,99,g_a_cpu,cpu,888.204,888.84
1,99,h_a,dpu,888.843,890.582
1,99,eb_enc,cpu,890.583,890.741
1,99,eb_dec,cpu,890.742,890.896
1,99,h_s,dpu,890.896,892.125
1,99,gc,cpu,892.125,902.37
1,104,normalize,cpu,903.026,906.64
1,104,g_a_cpu,cpu,906.642,906.948
1,104,g_a,dpu,906.95,912.189
1,104,g_a,dpu,912.191,917.951
1,104,g_a_cpu,cpu,917.953,918.413
1,104,h_a,dpu,918.415,931.097
1,104,eb_enc,cpu,931.098,931.259
1,104,eb_dec,cpu,931.26,931.383
1,104,h_s,dpu,931.384,934.495
1,104,gc,cpu,934.498,944.718
1,108,normalize,cpu,945.477,949.257
1,108,g_a_cpu,cpu,949.263,949.743
1,108,g_a,dpu,949.746,954.99
1,108,g_a,dpu,954.992,960.204
1,108,g_a_cpu,cpu,960.206,960.574
1,108,h_a,dpu,960.576,963.441
1,108,eb_enc,cpu,963.442,963.587
1,108,eb_dec,cpu,963.588,963.709
1,108,h_s,dpu,963.709,965.407
1,108,gc,cpu,965.408,975.669
1,113,normalize,cpu,976.485,980.141
1,113,g_a_cpu,cpu,980.144,980.509
1,113,g_a,dpu,980.511,985.883
1,113,g_a,dpu,985.886,991.823
1,113,g_a_cpu,cpu,991.826,992.416
1,113,h_a,dpu,992.42,1014.94
1,113,eb_enc,cpu,1014.94,1015.08
1,113,eb_dec,cpu,1015.08,1015.21
1,113,h_s,dpu,1015.22,1016.87
1,113,gc,cpu,1016.87,1027.48
1,119,normalize,cpu,1028.1,1031.77
1,119,g_a_cpu,cpu,1031.77,1032.75
1,119,g_a,dpu,1032.75,1038.28
1,119,g_a,dpu,1038.28,1043.73
1,119,g_a_cpu,cpu,1043.73,1044.12
1,119,h_a,dpu,1044.13,1045.74
1,119,eb_enc,cpu,1045.74,1045.87
1,119,eb_dec,cpu,1045.88,1045.99
1,119,h_s,dpu,1045.99,1047.54
1,119,gc,cpu,1047.55,1065.51
1,123,normalize,cpu,1066.39,1070.87
1,123,g_a_cpu,cpu,1070.88,1071.4
1,123,g_a,dpu,1071.4,1077.29
1,123,g_a,dpu,1077.29,1083.86
1,123,g_a_cpu,cpu,1083.86,1084.26
1,123,h_a,dpu,1084.26,1085.52
1,123,eb_enc,cpu,1085.52,1085.64
1,123,eb_dec,cpu,1085.65,1085.76
1,123,h_s,dpu,1085.76,1086.92
1,123,gc,cpu,1086.92,1107.13
1,128,normalize,cpu,1107.7,1111.41
1,128,g_a_cpu,cpu,1111.41,1111.92
1,128,g_a,dpu,1111.92,1118.86
1,128,g_a,dpu,1118.86,1123.98
1,128,g_a_cpu,cpu,1123.98,1124.47
1,128,h_a,dpu,1124.47,1129.15
1,128,eb_enc,cpu,1129.15,1129.31
1,128,eb_dec,cpu,1129.31,1129.44
1,128,h_s,dpu,1129.44,1133.22
1,128,gc,cpu,1133.22,1143.38
1,133,normalize,cpu,1143.99,1147.73
1,133,g_a_cpu,cpu,1147.74,1148.06
1,133,g_a,dpu,1148.07,1153.1
1,133,g_a,dpu,1153.1,1158.24
1,133,g_a_cpu,cpu,1158.25,1158.69
1,133,h_a,dpu,1158.69,1164.85
1,133,eb_enc,cpu,1164.85,1164.99
1,133,eb_dec,cpu,1164.99,1165.13
1,133,h_s,dpu,1165.13,1168.84
1,133,gc,cpu,1168.84,1179.3
1,137,normalize,cpu,1180.05,1183.76
1,137,g_a_cpu,cpu,1183.77,1184.08
1,137,g_a,dpu,1184.09,1189.27
1,137,g_a,dpu,1189.27,1194.37
1,137,g_a_cpu,cpu,1194.37,1194.74
1,137,h_a,dpu,1194.74,1199.85
1,137,eb_enc,cpu,1199.86,1200.01
1,137,eb_dec,cpu,1200.01,1200.13
1,137,h_s,dpu,1200.13,1204.77
1,137,gc,cpu,1204.77,1215.1
1,142,normalize,cpu,1215.73,1219.44
1,142,g_a_cpu,cpu,1219.44,1219.75
1,142,g_a,dpu,1219.76,1224.88
1,142,g_a,dpu,1224.88,1230.05
1,142,g_a_cpu,cpu,1230.05,1230.43
1,142,h_a,dpu,1230.44,1235.91
1,142,eb_enc,cpu,1235.91,1236.06
1,142,eb_dec,cpu,1236.06,1236.19
1,142,h_s,dpu,1236.19,1240.74
1,142,gc,cpu,1240.74,1251.52
1,147,normalize,cpu,1252.08,1255.77
1,147,g_a_cpu,cpu,1255.77,1256.14
1,147,g_a,dpu,1256.14,1261.4
1,147,g_a,dpu,1261.4,1266.57
1,147,g_a_cpu,cpu,1266.57,1267.12
1,147,h_a,dpu,1267.12,1268.64
1,147,eb_enc,cpu,1268.64,1268.8
1,147,eb_dec,cpu,1268.8,1268.93
1,147,h_s,dpu,1268.93,1272.67
1,147,gc,cpu,1272.67,1282.63
1,151,normalize,cpu,1283.11,1286.79
1,151,g_a_cpu,cpu,1286.79,1287.18
1,151,g_a,dpu,1287.18,1292.3
1,151,g_a,dpu,1292.3,1297.29
1,151,g_a_cpu,cpu,1297.29,1297.73
1,151,h_a,dpu,1297.73,1299.14
1,151,eb_enc,cpu,1299.14,1299.29
1,151,eb_dec,cpu,1299.29,1299.41
1,151,h_s,dpu,1299.41,1300.82
1,151,gc,cpu,1300.82,1313.64
1,156,normalize,cpu,1327.01,1330.69
1,156,g_a_cpu,cpu,1330.69,1331.29
1,156,g_a,dpu,1331.29,1339.76
1,156,g_a,dpu,1339.76,1353.35
1,156,g_a_cpu,cpu,1353.35,1353.74
1,156,h_a,dpu,1353.74,1355.09
1,156,eb_enc,cpu,1355.09,1355.22
1,156,eb_dec,cpu,1355.22,1355.34
1,156,h_s,dpu,1355.34,1357.76
1,156,gc,cpu,1357.77,1367.71
1,162,normalize,cpu,1368.22,1371.98
1,162,g_a_cpu,cpu,1371.99,1372.4
1,162,g_a,dpu,1372.4,1380.21
1,162,g_a,dpu,1380.21,1391.5
1,162,g_a_cpu,cpu,1391.51,1391.9
1,162,h_a,dpu,1391.9,1393.43
1,162,eb_enc,cpu,1393.43,1393.59
1,162,eb_dec,cpu,1393.59,1393.73
1,162,h_s,dpu,1393.73,1395.06
1,162,gc,cpu,1395.06,1405.05
1,167,normalize,cpu,1405.59,1409.29
1,167,g_a_cpu,cpu,1409.29,1409.74
1,167,g_a,dpu,1409.74,1416.49
1,167,g_a,dpu,1416.49,1425.69
1,167,g_a_cpu,cpu,1425.69,1426.09
1,167,h_a,dpu,1426.09,1427.74
1,167,eb_enc,cpu,1427.74,1427.93
1,167,eb_dec,cpu,1427.93,1428.07
1,167,h_s,dpu,1428.07,1439.11
1,167,gc,cpu,1439.11,1449.3
1,172,normalize,cpu,1449.81,1453.47
1,172,g_a_cpu,cpu,1453.48,1454.11
1,172,g_a,dpu,1454.12,1462.69
1,172,g_a,dpu,1462.69,1474.44
1,172,g_a_cpu,cpu,1474.44,1475.09
1,172,h_a,dpu,1475.1,1476.92
1,172,eb_enc,cpu,1476.92,1477.07
1,172,eb_dec,cpu,1477.07,1477.22
1,172,h_s,dpu,1477.22,1478.75
1,172,gc,cpu,1478.76,1488.75
1,177,normalize,cpu,1489.27,1492.98
1,177,g_a_cpu,cpu,1492.98,1493.52
1,177,g_a,dpu,1493.52,1502.72
1,177,g_a,dpu,1502.73,1513.92
1,177,g_a_cpu,cpu,1513.93,1514.57
1,177,h_a,dpu,1514.57,1518.12
1,177,eb_enc,cpu,1518.13,1518.29
1,177,eb_dec,cpu,1518.29,1518.43
1,177,h_s,dpu,1518.43,1523.12
1,177,gc,cpu,1523.12,1538.63
1,182,normalize,cpu,1539.21,1543.04
1,182,g_a_cpu,cpu,1543.04,1543.46
1,182,g_a,dpu,1543.47,1550.52
1,182,g_a,dpu,1550.52,1561.83
1,182,g_a_cpu,cpu,1561.83,1562.22
1,182,h_a,dpu,1562.22,1563.66
1,182,eb_enc,cpu,1563.66,1563.83
1,182,eb_dec,cpu,1563.83,1563.97
1,182,h_s,dpu,1563.97,1574.32
1,182,gc,cpu,1574.32,1587.04
1,187,normalize,cpu,1587.82,1591.57
1,187,g_a_cpu,cpu,1591.57,1592.14
1,187,g_a,dpu,1592.14,1597.44
1,187,g_a,dpu,1597.44,1602.95
1,187,g_a_cpu,cpu,1602.95,1603.35
1,187,h_a,dpu,1603.35,1604.94
1,187,eb_enc,cpu,1604.94,1605.07
1,187,eb_dec,cpu,1605.07,1605.18
1,187,h_s,dpu,1605.18,1606.47
1,187,gc,cpu,1606.47,1619.34
1,192,normalize,cpu,1619.94,1624.47
1,192,g_a_cpu,cpu,1624.48,1624.93
1,192,g_a,dpu,1624.93,1630.22
1,192,g_a,dpu,1630.22,1640.94
1,192,g_a_cpu,cpu,1640.94,1641.52
1,192,h_a,dpu,1641.52,1646.41
1,192,eb_enc,cpu,1646.41,1646.56
1,192,eb_dec,cpu,1646.56,1646.69
1,192,h_s,dpu,1646.69,1648.06
1,192,gc,cpu,1648.06,1660.51
1,197,normalize,cpu,1661.11,1665.71
1,197,g_a_cpu,cpu,1665.72,1666.05
1,197,g_a,dpu,1666.06,1671.22
1,197,g_a,dpu,1671.22,1687.6
1,197,g_a_cpu,cpu,1687.61,1688.05
1,197,h_a,dpu,1688.05,1690.13
1,197,eb_enc,cpu,1690.13,1690.32
1,197,eb_dec,cpu,1690.32,1690.45
1,197,h_s,dpu,1690.46,1695.88
1,197,gc,cpu,1695.88,1706.09
1,203,normalize,cpu,1706.66,1710.31
1,203,g_a_cpu,cpu,1710.32,1710.89
1,203,g_a,dpu,1710.89,1716.09
1,203,g_a,dpu,1716.09,1721.2
1,203,g_a_cpu,cpu,1721.2,1721.65
1,203,h_a,dpu,1721.66,1723.44
1,203,eb_enc,cpu,1723.44,1723.57
1,203,eb_dec,cpu,1723.57,1723.69
1,203,h_s,dpu,1723.69,1725.02
1,203,gc,cpu,1725.02,1740.22
1,208,normalize,cpu,1740.99,1744.69
1,208,g_a_cpu,cpu,1744.69,1745.08
1,208,g_a,dpu,1745.08,1757.04
1,208,g_a,dpu,1757.04,1762.51
1,208,g_a_cpu,cpu,1762.51,1762.95
1,208,h_a,dpu,1762.95,1766.76
1,208,eb_enc,cpu,1766.76,1766.95
1,208,eb_dec,cpu,1766.95,1767.09
1,208,h_s,dpu,1767.09,1770.28
1,208,gc,cpu,1770.28,1780.34
1,213,normalize,cpu,1781.09,1784.77
1,213,g_a_cpu,cpu,1784.77,1785.19
1,213,g_a,dpu,1785.2,1794.81
1,213,g_a,dpu,1794.81,1801.44
1,213,g_a_cpu,cpu,1801.45,1802
1,213,h_a,dpu,1802,1809.68
1,213,eb_enc,cpu,1809.68,1809.89
1,213,eb_dec,cpu,1809.89,1810.01
1,213,h_s,dpu,1810.01,1813.8
1,213,gc,cpu,1813.8,1824.21
1,219,normalize,cpu,1824.71,1828.56
1,219,g_a_cpu,cpu,1828.56,1828.98
1,219,g_a,dpu,1828.98,1834.05
1,219,g_a,dpu,1834.05,1839.18
1,219,g_a_cpu,cpu,1839.19,1839.58
1,219,h_a,dpu,1839.58,1842.64
1,219,eb_enc,cpu,1842.64,1842.8
1,219,eb_dec,cpu,1842.8,1842.96
1,219,h_s,dpu,1842.96,1846.88
1,219,gc,cpu,1846.88,1856.95
1,223,normalize,cpu,1857.46,1861.2
1,223,g_a_cpu,cpu,1861.2,1861.57
1,223,g_a,dpu,1861.58,1867.95
1,223,g_a,dpu,1867.95,1873.14
1,223,g_a_cpu,cpu,1873.14,1873.59
1,223,h_a,dpu,1873.59,1875.1
1,223,eb_enc,cpu,1875.1,1875.23
1,223,eb_dec,cpu,1875.23,1875.35
1,223,h_s,dpu,1875.35,1881.87
1,223,gc,cpu,1881.88,1892.05
1,228,normalize,cpu,1892.86,1896.6
1,228,g_a_cpu,cpu,1896.61,1896.96
1,228,g_a,dpu,1896.96,1902.16
1,228,g_a,dpu,1902.17,1912.81
1,228,g_a_cpu,cpu,1912.81,1913.38
1,228,h_a,dpu,1913.39,1918.61
1,228,eb_enc,cpu,1918.62,1918.82
1,228,eb_dec,cpu,1918.82,1918.98
1,228,h_s,dpu,1918.98,1920.81
1,228,gc,cpu,1920.81,1931.86
1,233,normalize,cpu,1932.32,1936.09
1,233,g_a_cpu,cpu,1936.1,1936.45
1,233,g_a,dpu,1936.46,1941.62
1,233,g_a,dpu,1941.62,1946.81
1,233,g_a_cpu,cpu,1946.81,1947.25
1,233,h_a,dpu,1947.25,1949.07
1,233,eb_enc,cpu,1949.07,1949.2
1,233,eb_dec,cpu,1949.2,1949.31
1,233,h_s,dpu,1949.32,1950.94
1,233,gc,cpu,1950.94,1961.36
1,236,normalize,cpu,1962.04,1965.77
1,236,g_a_cpu,cpu,1965.78,1966.45
1,236,g_a,dpu,1966.46,1972.35
1,236,g_a,dpu,1972.35,1978.39
1,236,g_a_cpu,cpu,1978.4,1979.15
1,236,h_a,dpu,1979.15,1981.28
1,236,eb_enc,cpu,1981.28,1981.45
1,236,eb_dec,cpu,1981.45,1981.57
1,236,h_s,dpu,1981.57,1982.78
1,236,gc,cpu,1982.78,1993.43
1,239,normalize,cpu,1993.97,1997.74
1,239,g_a_cpu,cpu,1997.74,1998.03
1,239,g_a,dpu,1998.03,2006.5
1,239,g_a,dpu,2006.5,2011.84
1,239,g_a_cpu,cpu,2011.85,2012.27
1,239,h_a,dpu,2012.27,2019.12
1,239,eb_enc,cpu,2019.13,2019.36
1,239,eb_dec,cpu,2019.37,2019.52
1,239,h_s,dpu,2019.52,2021.34
1,239,gc,cpu,2021.34,2031.55
1,243,normalize,cpu,2032.18,2035.96
1,243,g_a_cpu,cpu,2035.96,2036.38
1,243,g_a,dpu,2036.38,2041.75
1,243,g_a,dpu,2041.75,2046.97
1,243,g_a_cpu,cpu,2046.97,2047.38
1,243,h_a,dpu,2047.38,2048.94
1,243,eb_enc,cpu,2048.94,2049.07
1,243,eb_dec,cpu,2049.07,2049.2
1,243,h_s,dpu,2049.2,2052.96
1,243,gc,cpu,2052.97,2063.35
1,248,normalize,cpu,2064.24,2067.96
1,248,g_a_cpu,cpu,2067.96,2068.45
1,248,g_a,dpu,2068.45,2075.3
1,248,g_a,dpu,2075.34,2080.53
1,248,g_a_cpu,cpu,2080.53,2080.98
1,248,h_a,dpu,2080.98,2082.47
1,248,eb_enc,cpu,2082.47,2082.6
1,248,eb_dec,cpu,2082.6,2082.72
1,248,h_s,dpu,2082.72,2085.49
1,248,gc,cpu,2085.49,2096.29
1,254,normalize,cpu,2097.01,2100.71
1,254,g_a_cpu,cpu,2100.72,2101.14
1,254,g_a,dpu,2101.15,2106.34
1,254,g_a,dpu,2106.34,2117.38
1,254,g_a_cpu,cpu,2117.39,2117.76
1,254,h_a,dpu,2117.77,2119.24
1,254,eb_enc,cpu,2119.24,2119.39
1,254,eb_dec,cpu,2119.39,2119.52
1,254,h_s,dpu,2119.52,2131.08
1,254,gc,cpu,2131.08,2141.28
1,259,normalize,cpu,2141.8,2145.61
1,259,g_a_cpu,cpu,2145.62,2145.98
1,259,g_a,dpu,2145.99,2151.02
1,259,g_a,dpu,2151.02,2156.04
1,259,g_a_cpu,cpu,2156.04,2156.44
1,259,h_a,dpu,2156.44,2158.93
1,259,eb_enc,cpu,2158.94,2159.08
1,259,eb_dec,cpu,2159.08,2159.21
1,259,h_s,dpu,2159.21,2160.76
1,259,gc,cpu,2160.76,2180.41
1,264,normalize,cpu,2180.92,2190.36
1,264,g_a_cpu,cpu,2190.36,2190.87
1,264,g_a,dpu,2190.87,2196.07
1,264,g_a,dpu,2196.07,2201.17
1,264,g_a_cpu,cpu,2201.18,2201.56
1,264,h_a,dpu,2201.56,2205.2
1,264,eb_enc,cpu,2205.2,2205.33
1,264,eb_dec,cpu,2205.33,2205.44
1,264,h_s,dpu,2205.44,2206.93
1,264,gc,cpu,2206.93,2216.94
1,269,normalize,cpu,2217.66,2221.46
1,269,g_a_cpu,cpu,2221.47,2221.98
1,269,g_a,dpu,2221.99,2227.28
1,269,g_a,dpu,2227.28,2238.26
1,269,g_a_cpu,cpu,2238.26,2238.69
1,269,h_a,dpu,2238.7,2249.24
1,269,eb_enc,cpu,2249.25,2249.41
1,269,eb_dec,cpu,2249.41,2249.53
1,269,h_s,dpu,2249.53,2251.29
1,269,gc,cpu,2251.29,2263.8
1,274,normalize,cpu,2265.42,2269.15
1,274,g_a_cpu,cpu,2269.15,2269.51
1,274,g_a,dpu,2269.52,2274.76
1,274,g_a,dpu,2274.76,2280.13
1,274,g_a_cpu,cpu,2280.13,2280.59
1,274,h_a,dpu,2280.6,2285.83
1,274,eb_enc,cpu,2285.83,2285.97
1,274,eb_dec,cpu,2285.97,2286.1
1,274,h_s,dpu,2286.1,2292.52
1,274,gc,cpu,2292.52,2302.33
1,279,normalize,cpu,2303.44,2307.19
1,279,g_a_cpu,cpu,2307.19,2307.59
1,279,g_a,dpu,2307.6,2312.92
1,279,g_a,dpu,2312.92,2327.63
1,279,g_a_cpu,cpu,2327.63,2328.09
1,279,h_a,dpu,2328.1,2331.11
1,279,eb_enc,cpu,2331.11,2331.24
1,279,eb_dec,cpu,2331.24,2331.36
1,279,h_s,dpu,2331.36,2337.65
1,279,gc,cpu,2337.65,2348.29
1,284,normalize,cpu,2349.18,2352.87
1,284,g_a_cpu,cpu,2352.88,2353.25
1,284,g_a,dpu,2353.25,2358.48
1,284,g_a,dpu,2358.48,2363.6
1,284,g_a_cpu,cpu,2363.6,2363.98
1,284,h_a,dpu,2363.98,2366.77
1,284,eb_enc,cpu,2366.77,2366.95
1,284,eb_dec,cpu,2366.95,2367.09
1,284,h_s,dpu,2367.09,2370.55
1,284,gc,cpu,2370.55,2380.72
1,289,normalize,cpu,2381.49,2385.17
1,289,g_a_cpu,cpu,2385.18,2385.66
1,289,g_a,dpu,2385.67,2391.13
1,289,g_a,dpu,2391.13,2396.21
1,289,g_a_cpu,cpu,2396.22,2396.65
1,289,h_a,dpu,2396.65,2412.29
1,289,eb_enc,cpu,2412.29,2412.46
1,289,eb_dec,cpu,2412.46,2412.59
1,289,h_s,dpu,2412.59,2417.91
1,289,gc,cpu,2417.91,2429.08
1,295,normalize,cpu,2429.72,2433.39
1,295,g_a_cpu,cpu,2433.4,2433.76
1,295,g_a,dpu,2433.77,2439.2
1,295,g_a,dpu,2439.2,2444.53
1,295,g_a_cpu,cpu,2444.53,2444.95
1,295,h_a,dpu,2444.96,2446.97
1,295,eb_enc,cpu,2446.97,2447.1
1,295,eb_dec,cpu,2447.1,2447.7
1,295,h_s,dpu,2447.7,2460.31
1,295,gc,cpu,2460.31,2470.73
1,300,normalize,cpu,2471.54,2475.18
1,300,g_a_cpu,cpu,2475.18,2475.64
1,300,g_a,dpu,2475.64,2480.75
1,300,g_a,dpu,2480.75,2486.1
1,300,g_a_cpu,cpu,2486.1,2486.53
1,300,h_a,dpu,2486.54,2488.35
1,300,eb_enc,cpu,2488.35,2488.51
1,300,eb_dec,cpu,2488.51,2488.66
1,300,h_s,dpu,2488.66,2497.87
1,300,gc,cpu,2497.87,2507.95
1,304,normalize,cpu,2508.68,2512.36
1,304,g_a_cpu,cpu,2512.36,2512.87
1,304,g_a,dpu,2512.88,2518.34
1,304,g_a,dpu,2518.34,2523.44
1,304,g_a_cpu,cpu,2523.45,2523.99
1,304,h_a,dpu,2523.99,2525.62
1,304,eb_enc,cpu,2525.62,2525.77
1,304,eb_dec,cpu,2525.77,2525.89
1,304,h_s,dpu,2525.9,2527.26
1,304,gc,cpu,2527.26,2537.27
1,309,normalize,cpu,2537.72,2541.4
1,309,g_a_cpu,cpu,2541.41,2541.84
1,309,g_a,dpu,2541.84,2546.97
1,309,g_a,dpu,2546.97,2552.14
1,309,g_a_cpu,cpu,2552.14,2552.64
1,309,h_a,dpu,2552.64,2554.18
1,309,eb_enc,cpu,2554.18,2554.32
1,309,eb_dec,cpu,2554.32,2554.44
1,309,h_s,dpu,2554.44,2555.75
1,309,gc,cpu,2555.75,2565.97
1,313,normalize,cpu,2566.6,2570.26
1,313,g_a_cpu,cpu,2570.27,2571.12
1,313,g_a,dpu,2571.12,2576.22
1,313,g_a,dpu,2576.22,2581.41
1,313,g_a_cpu,cpu,2581.41,2581.91
1,313,h_a,dpu,2581.91,2583.49
1,313,eb_enc,cpu,2583.49,2583.64
1,313,eb_dec,cpu,2583.64,2583.76
1,313,h_s,dpu,2583.77,2601.53
1,313,gc,cpu,2601.54,2612.71
1,319,normalize,cpu,2613.29,2617.7
1,319,g_a_cpu,cpu,2617.71,2618.16
1,319,g_a,dpu,2618.17,2628.97
1,319,g_a,dpu,2628.97,2635.06
1,319,g_a_cpu,cpu,2635.07,2635.53
1,319,h_a,dpu,2635.53,2646.14
1,319,eb_enc,cpu,2646.14,2646.27
1,319,eb_dec,cpu,2646.27,2646.4
1,319,h_s,dpu,2646.4,2652.83
1,319,gc,cpu,2652.84,2663.19
1,324,normalize,cpu,2664.23,2668.09
1,324,g_a_cpu,cpu,2668.09,2668.47
1,324,g_a,dpu,2668.47,2673.69
1,324,g_a,dpu,2673.69,2678.79
1,324,g_a_cpu,cpu,2678.79,2679.25
1,324,h_a,dpu,2679.26,2682.9
1,324,eb_enc,cpu,2682.91,2683.04
1,324,eb_dec,cpu,2683.04,2683.15
1,324,h_s,dpu,2683.15,2688.96
1,324,gc,cpu,2688.96,2699.69
1,330,normalize,cpu,2700.3,2705.26
1,330,g_a_cpu,cpu,2705.26,2705.85
1,330,g_a,dpu,2706.26,2722.55
1,330,g_a,dpu,2722.55,2731.03
1,330,g_a_cpu,cpu,2731.04,2731.46
1,330,h_a,dpu,2731.46,2733.32
1,330,eb_enc,cpu,2733.32,2733.45
1,330,eb_dec,cpu,2733.45,2733.57
1,330,h_s,dpu,2733.57,2736.64
1,330,gc,cpu,2736.64,2747.33
1,336,normalize,cpu,2747.92,2751.67
1,336,g_a_cpu,cpu,2751.67,2752.05
1,336,g_a,dpu,2752.05,2760.18
1,336,g_a,dpu,2760.18,2767.02
1,336,g_a_cpu,cpu,2767.02,2768.15
1,336,h_a,dpu,2768.15,2769.51
1,336,eb_enc,cpu,2769.51,2769.65
1,336,eb_dec,cpu,2769.65,2769.77
1,336,h_s,dpu,2769.77,2778.16
1,336,gc,cpu,2778.16,2788.47
1,342,normalize,cpu,2789.25,2792.99
1,342,g_a_cpu,cpu,2792.99,2793.57
1,342,g_a,dpu,2793.58,2799.36
1,342,g_a,dpu,2799.36,2808.66
1,342,g_a_cpu,cpu,2808.66,2809.16
1,342,h_a,dpu,2809.17,2810.71
1,342,eb_enc,cpu,2810.72,2810.91
1,342,eb_dec,cpu,2810.91,2811.03
1,342,h_s,dpu,2811.03,2812.37
1,342,gc,cpu,2812.37,2822.54
1,346,normalize,cpu,2823.21,2827.25
1,346,g_a_cpu,cpu,2827.25,2827.63
1,346,g_a,dpu,2827.63,2837.8
1,346,g_a,dpu,2837.8,2843.01
1,346,g_a_cpu,cpu,2843.01,2843.5
1,346,h_a,dpu,2843.5,2858.99
1,346,eb_enc,cpu,2858.99,2859.18
1,346,eb_dec,cpu,2859.18,2859.31
1,346,h_s,dpu,2859.31,2861.28
1,346,gc,cpu,2861.28,2871.9
1,352,normalize,cpu,2872.72,2876.51
1,352,g_a_cpu,cpu,2876.51,2877.11
1,352,g_a,dpu,2877.12,2882.68
1,352,g_a,dpu,2882.68,2888.25
1,352,g_a_cpu,cpu,2888.25,2888.65
1,352,h_a,dpu,2888.66,2897.24
1,352,eb_enc,cpu,2897.24,2897.48
1,352,eb_dec,cpu,2897.48,2897.64
1,352,h_s,dpu,2897.64,2900.69
1,352,gc,cpu,2900.7,2920.35
1,358,normalize,cpu,2922.32,2926.06
1,358,g_a_cpu,cpu,2926.07,2926.66
1,358,g_a,dpu,2926.67,2936.15
1,358,g_a,dpu,2936.15,2951.63
1,358,g_a_cpu,cpu,2951.63,2952.1
1,358,h_a,dpu,2952.1,2953.94
1,358,eb_enc,cpu,2953.94,2954.11
1,358,eb_dec,cpu,2954.11,2954.24
1,358,h_s,dpu,2954.25,2955.48
1,358,gc,cpu,2955.48,2965.55
1,363,normalize,cpu,2966.04,2969.71
1,363,g_a_cpu,cpu,2969.72,2970.02
1,363,g_a,dpu,2970.03,2975.08
1,363,g_a,dpu,2975.08,2980.24
1,363,g_a_cpu,cpu,2980.25,2980.86
1,363,h_a,dpu,2980.86,2982.43
1,363,eb_enc,cpu,2982.43,2982.58
1,363,eb_dec,cpu,2982.58,2982.7
1,363,h_s,dpu,2982.7,2987.73
1,363,gc,cpu,2987.73,2997.98
1,368,normalize,cpu,2998.54,3002.27
1,368,g_a_cpu,cpu,3002.28,3002.68
1,368,g_a,dpu,3002.69,3009.36
1,368,g_a,dpu,3009.36,3014.35
1,368,g_a_cpu,cpu,3014.35,3014.76
1,368,h_a,dpu,3014.76,3016.49
1,368,eb_enc,cpu,3016.49,3016.67
1,368,eb_dec,cpu,3016.67,3016.84
1,368,h_s,dpu,3016.84,3018.21
1,368,gc,cpu,3018.21,3037.2
1,372,normalize,cpu,3037.85,3044.21
1,372,g_a_cpu,cpu,3044.21,3044.69
1,372,g_a,dpu,3044.7,3052.19
1,372,g_a,dpu,3052.2,3065.62
1,372,g_a_cpu,cpu,3065.63,3066.08
1,372,h_a,dpu,3066.08,3067.5
1,372,eb_enc,cpu,3067.51,3067.64
1,372,eb_dec,cpu,3067.64,3067.76
1,372,h_s,dpu,3067.76,3071
1,372,gc,cpu,3071,3081.19
1,378,normalize,cpu,3081.81,3085.56
1,378,g_a_cpu,cpu,3085.56,3086.33
1,378,g_a,dpu,3086.33,3096.59
1,378,g_a,dpu,3096.59,3101.63
1,378,g_a_cpu,cpu,3101.63,3102.05
1,378,h_a,dpu,3102.05,3103.48
1,378,eb_enc,cpu,3103.49,3103.6
1,378,eb_dec,cpu,3103.61,3103.72
1,378,h_s,dpu,3103.72,3104.86
1,378,gc,cpu,3104.86,3116.54
1,381,normalize,cpu,3117.23,3124.63
1,381,g_a_cpu,cpu,3124.63,3125.01
1,381,g_a,dpu,3125.02,3130.25
1,381,g_a,dpu,3130.25,3139.46
1,381,g_a_cpu,cpu,3139.47,3139.96
1,381,h_a,dpu,3139.97,3143.34
1,381,eb_enc,cpu,3143.34,3143.48
1,381,eb_dec,cpu,3143.48,3143.6
1,381,h_s,dpu,3143.6,3151.05
1,381,gc,cpu,3151.05,3161.14
1,388,normalize,cpu,3161.84,3166.49
1,388,g_a_cpu,cpu,3166.49,3167.48
1,388,g_a,dpu,3167.48,3175.08
1,388,g_a,dpu,3175.09,3180.27
1,388,g_a_cpu,cpu,3180.27,3181.35
1,388,h_a,dpu,3181.36,3182.76
1,388,eb_enc,cpu,3182.76,3182.93
1,388,eb_dec,cpu,3182.93,3183.05
1,388,h_s,dpu,3183.05,3186.67
1,388,gc,cpu,3186.67,3200.66
1,393,normalize,cpu,3202.79,3207.04
1,393,g_a_cpu,cpu,3207.05,3207.34
1,393,g_a,dpu,3207.34,3215.71
1,393,g_a,dpu,3215.71,3231.28
1,393,g_a_cpu,cpu,3231.28,3231.82
1,393,h_a,dpu,3231.82,3233.35
1,393,eb_enc,cpu,3233.35,3233.48
1,393,eb_dec,cpu,3233.48,3233.59
1,393,h_s,dpu,3233.59,3241.18
1,393,gc,cpu,3241.18,3251.54
1,399,normalize,cpu,3252.28,3256.07
1,399,g_a_cpu,cpu,3256.07,3256.43
1,399,g_a,dpu,3256.43,3265.33
1,399,g_a,dpu,3265.33,3270.38
1,399,g_a_cpu,cpu,3270.38,3270.77
1,399,h_a,dpu,3270.77,3272.42
1,399,eb_enc,cpu,3272.42,3272.59
1,399,eb_dec,cpu,3272.59,3272.71
1,399,h_s,dpu,3272.71,3278.65
1,399,gc,cpu,3278.65,3288.92
1,403,normalize,cpu,3289.44,3293.2
1,403,g_a_cpu,cpu,3293.2,3293.66
1,403,g_a,dpu,3293.66,3298.98
1,403,g_a,dpu,3298.98,3304.79
1,403,g_a_cpu,cpu,3304.79,3306.48
1,403,h_a,dpu,3306.48,3313.26
1,403,eb_enc,cpu,3313.26,3313.41
1,403,eb_dec,cpu,3313.41,3313.53
1,403,h_s,dpu,3313.53,3323.33
1,403,gc,cpu,3323.33,3339.47
1,408,normalize,cpu,3340.07,3343.87
1,408,g_a_cpu,cpu,3343.87,3344.33
1,408,g_a,dpu,3344.34,3349.55
1,408,g_a,dpu,3349.55,3359.98
1,408,g_a_cpu,cpu,3359.98,3360.57
1,408,h_a,dpu,3360.57,3362.35
1,408,eb_enc,cpu,3362.35,3362.47
1,408,eb_dec,cpu,3362.48,3362.6
1,408,h_s,dpu,3362.6,3365.09
1,408,gc,cpu,3365.09,3375.42
1,413,normalize,cpu,3376.13,3379.87
1,413,g_a_cpu,cpu,3379.87,3380.24
1,413,g_a,dpu,3380.24,3385.48
1,413,g_a,dpu,3385.49,3394.5
1,413,g_a_cpu,cpu,3394.5,3394.94
1,413,h_a,dpu,3394.94,3398.01
1,413,eb_enc,cpu,3398.01,3398.15
1,413,eb_dec,cpu,3398.15,3398.27
1,413,h_s,dpu,3398.27,3399.7
1,413,gc,cpu,3399.7,3409.98
1,418,normalize,cpu,3410.46,3414.26
1,418,g_a_cpu,cpu,3414.26,3414.7
1,418,g_a,dpu,3414.71,3419.84
1,418,g_a,dpu,3419.84,3424.95
1,418,g_a_cpu,cpu,3424.95,3425.4
1,418,h_a,dpu,3425.4,3427.24
1,418,eb_enc,cpu,3427.24,3427.4
1,418,eb_dec,cpu,3427.4,3427.54
1,418,h_s,dpu,3427.54,3430.21
1,418,gc,cpu,3430.21,3440.27
1,422,normalize,cpu,3440.84,3444.6
1,422,g_a_cpu,cpu,3444.61,3445.02
1,422,g_a,dpu,3445.02,3450.22
1,422,g_a,dpu,3450.22,3455.22
1,422,g_a_cpu,cpu,3455.22,3455.73
1,422,h_a,dpu,3455.73,3464.3
1,422,eb_enc,cpu,3464.3,3464.49
1,422,eb_dec,cpu,3464.49,3464.63
1,422,h_s,dpu,3464.63,3476.76
1,422,gc,cpu,3476.76,3488.12
1,428,normalize,cpu,3488.95,3492.79
1,428,g_a_cpu,cpu,3492.79,3493.21
1,428,g_a,dpu,3493.21,3498.46
1,428,g_a,dpu,3498.46,3505.17
1,428,g_a_cpu,cpu,3505.17,3505.61
1,428,h_a,dpu,3505.61,3507.2
1,428,eb_enc,cpu,3507.2,3507.33
1,428,eb_dec,cpu,3507.33,3507.45
1,428,h_s,dpu,3507.45,3509.82
1,428,gc,cpu,3509.82,3521.23
1,433,normalize,cpu,3522.48,3526.22
1,433,g_a_cpu,cpu,3526.22,3526.65
1,433,g_a,dpu,3526.65,3535.13
1,433,g_a,dpu,3535.13,3541.34
1,433,g_a_cpu,cpu,3541.35,3541.89
1,433,h_a,dpu,3541.89,3543.56
1,433,eb_enc,cpu,3543.56,3543.75
1,433,eb_dec,cpu,3543.75,3543.88
1,433,h_s,dpu,3543.88,3548.51
1,433,gc,cpu,3548.51,3564.72
1,438,normalize,cpu,3565.2,3569.06
1,438,g_a_cpu,cpu,3569.07,3569.67
1,438,g_a,dpu,3569.68,3575.49
1,438,g_a,dpu,3575.49,3580.91
1,438,g_a_cpu,cpu,3580.91,3581.42
1,438,h_a,dpu,3581.42,3582.93
1,438,eb_enc,cpu,3582.93,3583.05
1,438,eb_dec,cpu,3583.05,3583.16
1,438,h_s,dpu,3583.16,3584.4
1,438,gc,cpu,3584.4,3595.1
1,442,normalize,cpu,3595.68,3599.39
1,442,g_a_cpu,cpu,3599.39,3599.72
1,442,g_a,dpu,3599.72,3604.88
1,442,g_a,dpu,3604.89,3610.91
1,442,g_a_cpu,cpu,3610.91,3611.3
1,442,h_a,dpu,3611.3,3623.35
1,442,eb_enc,cpu,3623.36,3623.54
1,442,eb_dec,cpu,3623.54,3623.69
1,442,h_s,dpu,3623.69,3627.22
1,442,gc,cpu,3627.22,3638.87
1,447,normalize,cpu,3639.55,3643.23
1,447,g_a_cpu,cpu,3643.23,3643.78
1,447,g_a,dpu,3643.79,3649.08
1,447,g_a,dpu,3649.09,3655.02
1,447,g_a_cpu,cpu,3655.02,3655.59
1,447,h_a,dpu,3655.59,3659.44
1,447,eb_enc,cpu,3659.44,3659.59
1,447,eb_dec,cpu,3659.59,3659.71
1,447,h_s,dpu,3659.72,3663.06
1,447,gc,cpu,3663.06,3673.18
1,452,normalize,cpu,3673.72,3677.46
1,452,g_a_cpu,cpu,3677.47,3677.81
1,452,g_a,dpu,3677.81,3683.01
1,452,g_a,dpu,3683.01,3688.19
1,452,g_a_cpu,cpu,3688.19,3688.67
1,452,h_a,dpu,3688.67,3693.68
1,452,eb_enc,cpu,3693.68,3693.86
1,452,eb_dec,cpu,3693.86,3693.98
1,452,h_s,dpu,3693.98,3696.56
1,452,gc,cpu,3696.56,3707.25
1,456,normalize,cpu,3707.91,3711.73
1,456,g_a_cpu,cpu,3711.73,3712.2
1,456,g_a,dpu,3712.21,3717.57
1,456,g_a,dpu,3717.57,3727.22
1,456,g_a_cpu,cpu,3727.22,3727.69
1,456,h_a,dpu,3727.69,3730.38
1,456,eb_enc,cpu,3730.38,3730.54
1,456,eb_dec,cpu,3730.54,3730.66
1,456,h_s,dpu,3730.66,3733.97
1,456,gc,cpu,3733.97,3753.4
1,463,normalize,cpu,3754.26,3757.94
1,463,g_a_cpu,cpu,3757.94,3758.42
1,463,g_a,dpu,3758.42,3769.97
1,463,g_a,dpu,3769.97,3776.15
1,463,g_a_cpu,cpu,3776.16,3778.45
1,463,h_a,dpu,3778.46,3784.32
1,463,eb_enc,cpu,3784.33,3784.46
1,463,eb_dec,cpu,3784.47,3784.73
1,463,h_s,dpu,3784.73,3790.55
1,463,gc,cpu,3790.56,3805.17
1,467,normalize,cpu,3808.39,3812.05
1,467,g_a_cpu,cpu,3812.06,3812.53
1,467,g_a,dpu,3812.53,3818.67
1,467,g_a,dpu,3818.67,3826.85
1,467,g_a_cpu,cpu,3826.85,3827.46
1,467,h_a,dpu,3827.47,3829.45
1,467,eb_enc,cpu,3829.45,3829.62
1,467,eb_dec,cpu,3829.62,3829.76
1,467,h_s,dpu,3829.76,3836.74
1,467,gc,cpu,3836.74,3848.77
1,474,normalize,cpu,3849.95,3855.4
1,474,g_a_cpu,cpu,3855.41,3855.79
1,474,g_a,dpu,3855.79,3860.88
1,474,g_a,dpu,3860.88,3865.89
1,474,g_a_cpu,cpu,3865.89,3866.41
1,474,h_a,dpu,3866.41,3868.06
1,474,eb_enc,cpu,3868.06,3868.18
1,474,eb_dec,cpu,3868.18,3868.29
1,474,h_s,dpu,3868.29,3871.05
1,474,gc,cpu,3871.06,3890.6
1,479,normalize,cpu,3891.25,3895.05
1,479,g_a_cpu,cpu,3895.06,3896.48
1,479,g_a,dpu,3896.48,3911.03
1,479,g_a,dpu,3911.03,3922.29
1,479,g_a_cpu,cpu,3922.29,3922.71
1,479,h_a,dpu,3922.72,3924.07
1,479,eb_enc,cpu,3924.07,3924.21
1,479,eb_dec,cpu,3924.22,3924.34
1,479,h_s,dpu,3924.34,3925.51
1,479,gc,cpu,3925.51,3935.42
1,484,normalize,cpu,3935.95,3939.7
1,484,g_a_cpu,cpu,3939.7,3940.05
1,484,g_a,dpu,3940.06,3951.13
1,484,g_a,dpu,3951.13,3958.29
1,484,g_a_cpu,cpu,3958.29,3958.89
1,484,h_a,dpu,3958.89,3960.51
1,484,eb_enc,cpu,3960.51,3960.63
1,484,eb_dec,cpu,3960.63,3960.75
1,484,h_s,dpu,3960.75,3965.62
1,484,gc,cpu,3965.62,3976.7
1,488,normalize,cpu,3977.21,3980.9
1,488,g_a_cpu,cpu,3980.91,3981.42
1,488,g_a,dpu,3981.43,3986.59
1,488,g_a,dpu,3986.6,3992.28
1,488,g_a_cpu,cpu,3992.29,3992.9
1,488,h_a,dpu,3992.9,3998.78
1,488,eb_enc,cpu,3998.78,3998.95
1,488,eb_dec,cpu,3998.95,3999.07
1,488,h_s,dpu,3999.07,4012.8
1,488,gc,cpu,4012.81,4022.86
1,495,normalize,cpu,4023.69,4027.43
1,495,g_a_cpu,cpu,4027.44,4027.79
1,495,g_a,dpu,4027.79,4037.26
1,495,g_a,dpu,4037.26,4046.39
1,495,g_a_cpu,cpu,4046.39,4046.85
1,495,h_a,dpu,4046.85,4050.95
1,495,eb_enc,cpu,4050.95,4051.08
1,495,eb_dec,cpu,4051.08,4051.2
1,495,h_s,dpu,4051.2,4052.33
1,495,gc,cpu,4052.33,4062.67
1,500,normalize,cpu,4063.28,4066.97
1,500,g_a_cpu,cpu,4066.97,4067.49
1,500,g_a,dpu,4067.49,4076.23
1,500,g_a,dpu,4076.23,4085.66
1,500,g_a_cpu,cpu,4085.66,4086.25
1,500,h_a,dpu,4086.26,4094.36
1,500,eb_enc,cpu,4094.36,4094.49
1,500,eb_dec,cpu,4094.49,4094.61
1,500,h_s,dpu,4094.61,4103.23
1,500,gc,cpu,4103.23,4115.02
1,507,normalize,cpu,4115.63,4120.02
1,507,g_a_cpu,cpu,4120.02,4120.34
1,507,g_a,dpu,4120.35,4125.41
1,507,g_a,dpu,4125.42,4131.34
1,507,g_a_cpu,cpu,4131.34,4131.9
1,507,h_a,dpu,4131.9,4146.19
1,507,eb_enc,cpu,4146.19,4146.32
1,507,eb_dec,cpu,4146.32,4146.44
1,507,h_s,dpu,4146.44,4152.74
1,507,gc,cpu,4152.74,4164.39
1,514,normalize,cpu,4168.44,4172.18
1,514,g_a_cpu,cpu,4172.19,4172.57
1,514,g_a,dpu,4172.57,4177.73
1,514,g_a,dpu,4177.73,4182.88
1,514,g_a_cpu,cpu,4182.88,4183.32
1,514,h_a,dpu,4183.37,4184.83
1,514,eb_enc,cpu,4184.83,4184.97
1,514,eb_dec,cpu,4184.97,4185.1
1,514,h_s,dpu,4185.1,4187.3
1,514,gc,cpu,4187.3,4197.58
1,517,normalize,cpu,4198.13,4201.81
1,517,g_a_cpu,cpu,4201.82,4202.17
1,517,g_a,dpu,4202.17,4224.48
1,517,g_a,dpu,4224.48,4237.6
1,517,g_a_cpu,cpu,4237.61,4238.31
1,517,h_a,dpu,4238.31,4245.53
1,517,eb_enc,cpu,4245.53,4245.74
1,517,eb_dec,cpu,4245.74,4245.88
1,517,h_s,dpu,4245.88,4251.13
1,517,gc,cpu,4251.13,4261.18
1,524,normalize,cpu,4261.68,4271.03
1,524,g_a_cpu,cpu,4271.03,4271.32
1,524,g_a,dpu,4271.33,4279.07
1,524,g_a,dpu,4279.07,4284.59
1,524,g_a_cpu,cpu,4284.59,4285.01
1,524,h_a,dpu,4285.01,4288.24
1,524,eb_enc,cpu,4288.24,4288.37
1,524,eb_dec,cpu,4288.37,4288.48
1,524,h_s,dpu,4288.48,4291.93
1,524,gc,cpu,4291.93,4301.99
1,529,normalize,cpu,4302.65,4306.33
1,529,g_a_cpu,cpu,4306.33,4306.76
1,529,g_a,dpu,4306.76,4311.93
1,529,g_a,dpu,4311.93,4317.66
1,529,g_a_cpu,cpu,4317.66,4318.15
1,529,h_a,dpu,4318.15,4319.82
1,529,eb_enc,cpu,4319.83,4319.95
1,529,eb_dec,cpu,4319.95,4320.06
1,529,h_s,dpu,4320.06,4322.78
1,529,gc,cpu,4322.79,4332.85
1,534,normalize,cpu,4333.42,4337.21
1,534,g_a_cpu,cpu,4337.21,4337.73
1,534,g_a,dpu,4337.74,4346.98
1,534,g_a,dpu,4346.98,4352.1
1,534,g_a_cpu,cpu,4352.1,4352.5
1,534,h_a,dpu,4352.5,4353.92
1,534,eb_enc,cpu,4353.92,4354.06
1,534,eb_dec,cpu,4354.06,4354.18
1,534,h_s,dpu,4354.18,4355.4
1,534,gc,cpu,4355.4,4365.28
1,537,normalize,cpu,4365.93,4369.69
1,537,g_a_cpu,cpu,4369.69,4370.09
1,537,g_a,dpu,4370.1,4377.3
1,537,g_a,dpu,4377.3,4386.46
1,537,g_a_cpu,cpu,4386.47,4386.87
1,537,h_a,dpu,4386.87,4395.62
1,537,eb_enc,cpu,4395.62,4395.77
1,537,eb_dec,cpu,4395.78,4395.9
1,537,h_s,dpu,4395.9,4403.95
1,537,gc,cpu,4403.95,4414.05
1,543,normalize,cpu,4415.07,4418.82
1,543,g_a_cpu,cpu,4418.85,4419.47
1,543,g_a,dpu,4419.47,4424.56
1,543,g_a,dpu,4424.56,4429.66
1,543,g_a_cpu,cpu,4429.66,4430.12
1,543,h_a,dpu,4430.12,4436.48
1,543,eb_enc,cpu,4436.48,4436.63
1,543,eb_dec,cpu,4436.63,4436.76
1,543,h_s,dpu,4436.76,4447.33
1,543,gc,cpu,4447.33,4462.77
1,550,normalize,cpu,4463.43,4467.22
1,550,g_a_cpu,cpu,4467.22,4467.59
1,550,g_a,dpu,4467.59,4475.7
1,550,g_a,dpu,4475.71,4485.62
1,550,g_a_cpu,cpu,4485.62,4486.15
1,550,h_a,dpu,4486.15,4487.84
1,550,eb_enc,cpu,4487.87,4488.77
1,550,eb_dec,cpu,4488.77,4488.89
1,550,h_s,dpu,4488.89,4490.12
1,550,gc,cpu,4490.12,4507.3
1,556,normalize,cpu,4508.02,4511.85
1,556,g_a_cpu,cpu,4511.85,4512.59
1,556,g_a,dpu,4512.59,4524.07
1,556,g_a,dpu,4524.08,4535.94
1,556,g_a_cpu,cpu,4535.94,4536.33
1,556,h_a,dpu,4536.34,4540.63
1,556,eb_enc,cpu,4540.63,4540.75
1,556,eb_dec,cpu,4540.76,4540.87
1,556,h_s,dpu,4540.87,4548
1,556,gc,cpu,4548,4560.76
1,562,normalize,cpu,4561.54,4565.66
1,562,g_a_cpu,cpu,4565.66,4566.21
1,562,g_a,dpu,4566.22,4577.04
1,562,g_a,dpu,4577.04,4585.25
1,562,g_a_cpu,cpu,4585.25,4585.62
1,562,h_a,dpu,4585.62,4588.09
1,562,eb_enc,cpu,4588.09,4588.24
1,562,eb_dec,cpu,4588.24,4588.37
1,562,h_s,dpu,4588.37,4593.33
1,562,gc,cpu,4593.34,4603.5
1,567,normalize,cpu,4604.08,4607.78
1,567,g_a_cpu,cpu,4607.78,4608.18
1,567,g_a,dpu,4608.18,4615.67
1,567,g_a,dpu,4615.67,4620.9
1,567,g_a_cpu,cpu,4620.91,4621.33
1,567,h_a,dpu,4621.33,4624.26
1,567,eb_enc,cpu,4624.26,4624.38
1,567,eb_dec,cpu,4624.39,4624.5
1,567,h_s,dpu,4624.5,4631.68
1,567,gc,cpu,4631.69,4642.05
1,572,normalize,cpu,4642.64,4646.38
1,572,g_a_cpu,cpu,4646.38,4646.71
1,572,g_a,dpu,4646.71,4651.89
1,572,g_a,dpu,4651.89,4657.1
1,572,g_a_cpu,cpu,4657.11,4657.62
1,572,h_a,dpu,4657.62,4663.69
1,572,eb_enc,cpu,4663.69,4663.84
1,572,eb_dec,cpu,4663.84,4663.97
1,572,h_s,dpu,4663.97,4667.46
1,572,gc,cpu,4667.47,4677.49
1,577,normalize,cpu,4678.02,4681.73
1,577,g_a_cpu,cpu,4681.73,4682.18
1,577,g_a,dpu,4682.19,4692.36
1,577,g_a,dpu,4692.37,4706.13
1,577,g_a_cpu,cpu,4706.14,4706.7
1,577,h_a,dpu,4706.7,4708.8
1,577,eb_enc,cpu,4708.8,4708.97
1,577,eb_dec,cpu,4708.97,4709.1
1,577,h_s,dpu,4709.1,4713.99
1,577,gc,cpu,4714,4724.73
1,582,normalize,cpu,4725.53,4729.25
1,582,g_a_cpu,cpu,4729.26,4729.74
1,582,g_a,dpu,4729.75,4735.27
1,582,g_a,dpu,4735.27,4741.6
1,582,g_a_cpu,cpu,4741.6,4742.02
1,582,h_a,dpu,4742.03,4743.88
1,582,eb_enc,cpu,4743.89,4744.05
1,582,eb_dec,cpu,4744.06,4744.19
1,582,h_s,dpu,4744.19,4745.97
1,582,gc,cpu,4745.97,4756.03
1,587,normalize,cpu,4756.71,4760.41
1,587,g_a_cpu,cpu,4760.41,4760.83
1,587,g_a,dpu,4760.83,4768.81
1,587,g_a,dpu,4768.81,4775.25
1,587,g_a_cpu,cpu,4775.25,4775.63
1,587,h_a,dpu,4775.64,4777.31
1,587,eb_enc,cpu,4777.31,4777.44
1,587,eb_dec,cpu,4777.44,4777.56
1,587,h_s,dpu,4777.56,4787.09
1,587,gc,cpu,4787.09,4797.08
1,592,normalize,cpu,4797.84,4801.51
1,592,g_a_cpu,cpu,4801.51,4801.82
1,592,g_a,dpu,4801.83,4807.01
1,592,g_a,dpu,4807.01,4812.84
1,592,g_a_cpu,cpu,4812.84,4813.28
1,592,h_a,dpu,4813.28,4814.97
1,592,eb_enc,cpu,4814.97,4815.11
1,592,eb_dec,cpu,4815.11,4815.23
1,592,h_s,dpu,4815.23,4816.55
1,592,gc,cpu,4816.55,4826.48
1,596,normalize,cpu,4827.1,4830.86
1,596,g_a_cpu,cpu,4830.87,4831.29
1,596,g_a,dpu,4831.29,4836.43
1,596,g_a,dpu,4836.43,4846.24
1,596,g_a_cpu,cpu,4846.24,4846.72
1,596,h_a,dpu,4846.72,4848.49
1,596,eb_enc,cpu,4848.49,4848.63
1,596,eb_dec,cpu,4848.63,4848.76
1,596,h_s,dpu,4848.76,4850.06
1,596,gc,cpu,4850.06,4861.41
1,600,normalize,cpu,4862.04,4865.72
1,600,g_a_cpu,cpu,4865.73,4866.09
1,600,g_a,dpu,4866.09,4871.22
1,600,g_a,dpu,4871.22,4876.39
1,600,g_a_cpu,cpu,4876.39,4876.93
1,600,h_a,dpu,4876.93,4879.51
1,600,eb_enc,cpu,4879.52,4879.65
1,600,eb_dec,cpu,4879.65,4879.76
1,600,h_s,dpu,4879.76,4882.99
1,600,gc,cpu,4882.99,4893.39
1,604,normalize,cpu,4893.99,4897.78
1,604,g_a_cpu,cpu,4897.78,4898.2
1,604,g_a,dpu,4898.21,4905.06
1,604,g_a,dpu,4905.06,4910.09
1,604,g_a_cpu,cpu,4910.09,4910.53
1,604,h_a,dpu,4910.53,4914.6
1,604,eb_enc,cpu,4914.6,4914.77
1,604,eb_dec,cpu,4914.77,4914.95
1,604,h_s,dpu,4914.95,4928.24
1,604,gc,cpu,4928.24,4938.34
1,610,normalize,cpu,4939.08,4942.8
1,610,g_a_cpu,cpu,4942.81,4943.23
1,610,g_a,dpu,4943.23,4948.39
1,610,g_a,dpu,4948.39,4953.49
1,610,g_a_cpu,cpu,4953.49,4953.97
1,610,h_a,dpu,4953.97,4956.04
1,610,eb_enc,cpu,4956.04,4956.17
1,610,eb_dec,cpu,4956.17,4956.28
1,610,h_s,dpu,4956.28,4959.93
1,610,gc,cpu,4959.93,4971.87
1,616,normalize,cpu,4972.46,4976.66
1,616,g_a_cpu,cpu,4976.66,4976.97
1,616,g_a,dpu,4976.97,4982.11
1,616,g_a,dpu,4982.11,4987.53
1,616,g_a_cpu,cpu,4987.53,4988.13
1,616,h_a,dpu,4988.14,4994.94
1,616,eb_enc,cpu,4994.94,4995.1
1,616,eb_dec,cpu,4995.1,4995.23
1,616,h_s,dpu,4995.23,4997.71
1,616,gc,cpu,4997.71,5007.78
1,620,normalize,cpu,5008.52,5012.34
1,620,g_a_cpu,cpu,5012.34,5012.69
1,620,g_a,dpu,5012.7,5017.92
1,620,g_a,dpu,5017.92,5023.06
1,620,g_a_cpu,cpu,5023.06,5023.57
1,620,h_a,dpu,5023.57,5032.34
1,620,eb_enc,cpu,5032.34,5032.53
1,620,eb_dec,cpu,5032.54,5032.66
1,620,h_s,dpu,5032.66,5036.88
1,620,gc,cpu,5036.88,5054.91
1,626,normalize,cpu,5055.58,5059.32
1,626,g_a_cpu,cpu,5059.32,5059.75
1,626,g_a,dpu,5059.76,5066.53
1,626,g_a,dpu,5066.53,5083.94
1,626,g_a_cpu,cpu,5083.94,5084.65
1,626,h_a,dpu,5084.66,5086.57
1,626,eb_enc,cpu,5086.57,5086.69
1,626,eb_dec,cpu,5086.69,5086.8
1,626,h_s,dpu,5086.8,5096.79
1,626,gc,cpu,5096.79,5106.85
1,632,normalize,cpu,5107.52,5111.22
1,632,g_a_cpu,cpu,5111.23,5111.78
1,632,g_a,dpu,5111.78,5120.3
1,632,g_a,dpu,5120.3,5133.31
1,632,g_a_cpu,cpu,5133.31,5133.67
1,632,h_a,dpu,5133.67,5135.28
1,632,eb_enc,cpu,5135.28,5135.44
1,632,eb_dec,cpu,5135.44,5135.57
1,632,h_s,dpu,5135.57,5136.77
1,632,gc,cpu,5136.77,5146.92
1,637,normalize,cpu,5154.24,5161.19
1,637,g_a_cpu,cpu,5161.19,5161.68
1,637,g_a,dpu,5161.69,5171.58
1,637,g_a,dpu,5171.58,5176.89
1,637,g_a_cpu,cpu,5176.89,5177.43
1,637,h_a,dpu,5177.44,5183.31
1,637,eb_enc,cpu,5183.31,5183.47
1,637,eb_dec,cpu,5183.47,5183.65
1,637,h_s,dpu,5183.65,5189.72
1,637,gc,cpu,5189.72,5199.61
1,642,normalize,cpu,5200.1,5203.79
1,642,g_a_cpu,cpu,5203.8,5204.16
1,642,g_a,dpu,5204.16,5215.01
1,642,g_a,dpu,5215.01,5220.18
1,642,g_a_cpu,cpu,5220.18,5220.75
1,642,h_a,dpu,5220.75,5224.32
1,642,eb_enc,cpu,5224.32,5224.45
1,642,eb_dec,cpu,5224.46,5224.58
1,642,h_s,dpu,5224.58,5225.9
1,642,gc,cpu,5225.9,5236.09
1,647,normalize,cpu,5236.7,5240.4
1,647,g_a_cpu,cpu,5240.4,5240.92
1,647,g_a,dpu,5240.92,5248.15
1,647,g_a,dpu,5248.15,5258.96
1,647,g_a_cpu,cpu,5258.96,5259.59
1,647,h_a,dpu,5259.59,5261.25
1,647,eb_enc,cpu,5261.25,5261.37
1,647,eb_dec,cpu,5261.37,5261.49
1,647,h_s,dpu,5261.49,5267.16
1,647,gc,cpu,5267.17,5276.94
1,652,normalize,cpu,5277.51,5281.27
1,652,g_a_cpu,cpu,5281.27,5281.59
1,652,g_a,dpu,5281.59,5286.62
1,652,g_a,dpu,5286.62,5295.79
1,652,g_a_cpu,cpu,5295.79,5296.21
1,652,h_a,dpu,5296.21,5297.71
1,652,eb_enc,cpu,5297.71,5297.92
1,652,eb_dec,cpu,5297.92,5298.07
1,652,h_s,dpu,5298.07,5312.17
1,652,gc,cpu,5312.17,5322.14
1,657,normalize,cpu,5322.67,5326.37
1,657,g_a_cpu,cpu,5326.37,5326.66
1,657,g_a,dpu,5326.67,5332.07
1,657,g_a,dpu,5332.07,5337.27
1,657,g_a_cpu,cpu,5337.27,5337.62
1,657,h_a,dpu,5337.62,5338.99
1,657,eb_enc,cpu,5339,5339.12
1,657,eb_dec,cpu,5339.13,5339.24
1,657,h_s,dpu,5339.24,5340.7
1,657,gc,cpu,5340.7,5350.6
1,659,normalize,cpu,5363.14,5366.76
1,659,g_a_cpu,cpu,5366.76,5367.09
1,659,g_a,dpu,5367.09,5372.09
1,659,g_a,dpu,5372.09,5377.07
1,659,g_a_cpu,cpu,5377.07,5377.51
1,659,h_a,dpu,5377.52,5378.86
1,659,eb_enc,cpu,5378.86,5378.98
1,659,eb_dec,cpu,5378.98,5379.09
1,659,h_s,dpu,5379.1,5387.28
1,659,gc,cpu,5387.28,5397.14
1,666,normalize,cpu,5397.68,5401.34
1,666,g_a_cpu,cpu,5401.34,5401.67
1,666,g_a,dpu,5401.67,5406.72
1,666,g_a,dpu,5406.72,5411.7
1,666,g_a_cpu,cpu,5411.71,5412.15
1,666,h_a,dpu,5412.16,5415.23
1,666,eb_enc,cpu,5415.23,5415.36
1,666,eb_dec,cpu,5415.36,5415.47
1,666,h_s,dpu,5415.47,5427.17
1,666,gc,cpu,5427.17,5437.69
1,672,normalize,cpu,5438.45,5442.2
1,672,g_a_cpu,cpu,5442.21,5442.63
1,672,g_a,dpu,5442.63,5447.73
1,672,g_a,dpu,5447.73,5453.08
1,672,g_a_cpu,cpu,5453.08,5453.47
1,672,h_a,dpu,5453.48,5455.17
1,672,eb_enc,cpu,5455.17,5455.3
1,672,eb_dec,cpu,5455.3,5455.42
1,672,h_s,dpu,5455.42,5460
1,672,gc,cpu,5460,5470.49
1,675,normalize,cpu,5471.08,5474.73
1,675,g_a_cpu,cpu,5474.74,5475.17
1,675,g_a,dpu,5475.17,5483.54
1,675,g_a,dpu,5483.55,5492.17
1,675,g_a_cpu,cpu,5492.17,5492.74
1,675,h_a,dpu,5492.74,5494.28
1,675,eb_enc,cpu,5494.28,5494.48
1,675,eb_dec,cpu,5494.48,5494.61
1,675,h_s,dpu,5494.61,5496.1
1,675,gc,cpu,5496.11,5507.78
1,681,normalize,cpu,5508.28,5512.08
1,681,g_a_cpu,cpu,5512.08,5512.4
1,681,g_a,dpu,5512.4,5517.38
1,681,g_a,dpu,5517.38,5522.4
1,681,g_a_cpu,cpu,5522.4,5523.11
1,681,h_a,dpu,5523.12,5525.08
1,681,eb_enc,cpu,5525.08,5525.21
1,681,eb_dec,cpu,5525.21,5525.33
1,681,h_s,dpu,5525.33,5526.94
1,681,gc,cpu,5526.94,5539.62
1,686,normalize,cpu,5540.32,5544
1,686,g_a_cpu,cpu,5544,5544.43
1,686,g_a,dpu,5544.43,5549.83
1,686,g_a,dpu,5549.83,5559.04
1,686,g_a_cpu,cpu,5559.04,5559.47
1,686,h_a,dpu,5559.47,5560.9
1,686,eb_enc,cpu,5560.9,5561.04
1,686,eb_dec,cpu,5561.04,5561.17
1,686,h_s,dpu,5561.17,5571.16
1,686,gc,cpu,5571.16,5580.98
1,691,normalize,cpu,5581.44,5585.86
1,691,g_a_cpu,cpu,5585.86,5586.23
1,691,g_a,dpu,5586.24,5594.48
1,691,g_a,dpu,5594.48,5607.08
1,691,g_a_cpu,cpu,5607.08,5607.49
1,691,h_a,dpu,5607.49,5609.29
1,691,eb_enc,cpu,5609.29,5609.42
1,691,eb_dec,cpu,5609.42,5609.54
1,691,h_s,dpu,5609.54,5610.82
1,691,gc,cpu,5610.82,5620.9
1,695,normalize,cpu,5621.77,5625.65
1,695,g_a_cpu,cpu,5625.65,5626.27
1,695,g_a,dpu,5626.27,5641.91
1,695,g_a,dpu,5641.91,5651.76
1,695,g_a_cpu,cpu,5651.77,5652.31
1,695,h_a,dpu,5652.32,5657.28
1,695,eb_enc,cpu,5657.28,5657.44
1,695,eb_dec,cpu,5657.44,5657.56
1,695,h_s,dpu,5657.56,5662.34
1,695,gc,cpu,5662.34,5672.6
1,700,normalize,cpu,5673.33,5677.07
1,700,g_a_cpu,cpu,5677.07,5677.5
1,700,g_a,dpu,5677.5,5683
1,700,g_a,dpu,5683,5688.1
1,700,g_a_cpu,cpu,5688.1,5688.5
1,700,h_a,dpu,5688.5,5692.63
1,700,eb_enc,cpu,5692.63,5692.81
1,700,eb_dec,cpu,5692.81,5692.94
1,700,h_s,dpu,5692.94,5699.06
1,700,gc,cpu,5699.06,5709.39
1,705,normalize,cpu,5710.41,5714.22
1,705,g_a_cpu,cpu,5714.22,5714.58
1,705,g_a,dpu,5714.58,5719.7
1,705,g_a,dpu,5719.7,5724.76
1,705,g_a_cpu,cpu,5724.76,5725.19
1,705,h_a,dpu,5725.19,5726.97
1,705,eb_enc,cpu,5726.97,5727.16
1,705,eb_dec,cpu,5727.16,5727.3
1,705,h_s,dpu,5727.3,5732.41
1,705,gc,cpu,5732.42,5742.65
1,709,normalize,cpu,5743.24,5746.97
1,709,g_a_cpu,cpu,5746.97,5747.32
1,709,g_a,dpu,5747.32,5752.44
1,709,g_a,dpu,5752.45,5757.61
1,709,g_a_cpu,cpu,5757.61,5758.16
1,709,h_a,dpu,5758.16,5765.87
1,709,eb_enc,cpu,5765.88,5766.02
1,709,eb_dec,cpu,5766.02,5766.14
1,709,h_s,dpu,5766.14,5767.4
1,709,gc,cpu,5767.4,5777.53
1,713,normalize,cpu,5778.44,5782.19
1,713,g_a_cpu,cpu,5782.19,5782.71
1,713,g_a,dpu,5782.72,5788.44
1,713,g_a,dpu,5788.44,5793.47
1,713,g_a_cpu,cpu,5793.47,5793.89
1,713,h_a,dpu,5793.89,5795.64
1,713,eb_enc,cpu,5795.64,5795.79
1,713,eb_dec,cpu,5795.79,5795.91
1,713,h_s,dpu,5795.91,5799.35
1,713,gc,cpu,5799.35,5809.38
1,718,normalize,cpu,5809.97,5813.73
1,718,g_a_cpu,cpu,5813.73,5814.15
1,718,g_a,dpu,5814.16,5819.22
1,718,g_a,dpu,5819.22,5824.31
1,718,g_a_cpu,cpu,5824.32,5824.89
1,718,h_a,dpu,5824.89,5826.57
1,718,eb_enc,cpu,5826.57,5826.69
1,718,eb_dec,cpu,5826.69,5826.81
1,718,h_s,dpu,5826.81,5838.62
1,718,gc,cpu,5838.62,5848.74
1,723,normalize,cpu,5849.23,5852.96
1,723,g_a_cpu,cpu,5852.97,5853.37
1,723,g_a,dpu,5853.37,5858.69
1,723,g_a,dpu,5858.69,5863.91
1,723,g_a_cpu,cpu,5863.91,5864.34
1,723,h_a,dpu,5864.35,5866.24
1,723,eb_enc,cpu,5866.24,5866.38
1,723,eb_dec,cpu,5866.38,5866.5
1,723,h_s,dpu,5866.5,5882.92
1,723,gc,cpu,5882.93,5893.37
1,728,normalize,cpu,5894.01,5897.7
1,728,g_a_cpu,cpu,5897.7,5898.06
1,728,g_a,dpu,5898.07,5903.46
1,728,g_a,dpu,5903.46,5913.32
1,728,g_a_cpu,cpu,5913.32,5913.72
1,728,h_a,dpu,5913.72,5915.79
1,728,eb_enc,cpu,5915.8,5915.93
1,728,eb_dec,cpu,5915.93,5916.04
1,728,h_s,dpu,5916.04,5922.42
1,728,gc,cpu,5922.42,5932.76
1,733,normalize,cpu,5933.43,5937.15
1,733,g_a_cpu,cpu,5937.15,5937.54
1,733,g_a,dpu,5937.55,5942.92
1,733,g_a,dpu,5942.93,5952.05
1,733,g_a_cpu,cpu,5952.05,5952.47
1,733,h_a,dpu,5952.48,5953.71
1,733,eb_enc,cpu,5953.71,5953.83
1,733,eb_dec,cpu,5953.83,5953.94
1,733,h_s,dpu,5953.94,5958.92
1,733,gc,cpu,5958.92,5968.82
1,737,normalize,cpu,5969.36,5973.2
1,737,g_a_cpu,cpu,5973.2,5973.77
1,737,g_a,dpu,5973.77,5979.04
1,737,g_a,dpu,5979.04,5989.52
1,737,g_a_cpu,cpu,5989.52,5989.99
1,737,h_a,dpu,5989.99,5992.9
1,737,eb_enc,cpu,5992.9,5993.03
1,737,eb_dec,cpu,5993.03,5993.15
1,737,h_s,dpu,5993.15,5996.29
1,737,gc,cpu,5996.29,6006.77
1,742,normalize,cpu,6007.93,6011.66
1,742,g_a_cpu,cpu,6011.66,6012.09
1,742,g_a,dpu,6012.09,6021.31
1,742,g_a,dpu,6021.31,6026.39
1,742,g_a_cpu,cpu,6026.39,6026.78
1,742,h_a,dpu,6026.78,6031.02
1,742,eb_enc,cpu,6031.02,6031.15
1,742,eb_dec,cpu,6031.15,6031.27
1,742,h_s,dpu,6031.27,6034.07
1,742,gc,cpu,6034.07,6044.19
1,747,normalize,cpu,6044.88,6048.67
1,747,g_a_cpu,cpu,6048.67,6049.02
1,747,g_a,dpu,6049.02,6054.21
1,747,g_a,dpu,6054.22,6059.34
1,747,g_a_cpu,cpu,6059.34,6059.9
1,747,h_a,dpu,6059.9,6068.89
1,747,eb_enc,cpu,6068.89,6069.02
1,747,eb_dec,cpu,6069.02,6069.13
1,747,h_s,dpu,6069.13,6072.29
1,747,gc,cpu,6072.3,6082.42
1,752,normalize,cpu,6083.19,6086.94
1,752,g_a_cpu,cpu,6086.95,6087.47
1,752,g_a,dpu,6087.48,6092.55
1,752,g_a,dpu,6092.55,6098.98
1,752,g_a_cpu,cpu,6098.98,6099.79
1,752,h_a,dpu,6099.79,6105.15
1,752,eb_enc,cpu,6105.15,6105.38
1,752,eb_dec,cpu,6105.39,6105.55
1,752,h_s,dpu,6105.55,6108.02
1,752,gc,cpu,6108.02,6125.84
1,756,normalize,cpu,6126.46,6132.73
1,756,g_a_cpu,cpu,6132.73,6133.04
1,756,g_a,dpu,6133.04,6151.27
1,756,g_a,dpu,6151.27,6156.33
1,756,g_a_cpu,cpu,6156.33,6156.75
1,756,h_a,dpu,6156.75,6166.6
1,756,eb_enc,cpu,6166.6,6166.73
1,756,eb_dec,cpu,6166.74,6166.88
1,756,h_s,dpu,6166.88,6176.8
1,756,gc,cpu,6176.81,6187.51
1,762,normalize,cpu,6188.18,6192.03
1,762,g_a_cpu,cpu,6192.03,6192.45
1,762,g_a,dpu,6192.45,6197.71
1,762,g_a,dpu,6197.72,6206.76
1,762,g_a_cpu,cpu,6206.76,6207.39
1,762,h_a,dpu,6207.39,6209.05
1,762,eb_enc,cpu,6209.05,6209.17
1,762,eb_dec,cpu,6209.17,6209.29
1,762,h_s,dpu,6209.29,6214.35
1,762,gc,cpu,6214.35,6224.57
1,767,normalize,cpu,6225.14,6228.97
1,767,g_a_cpu,cpu,6228.97,6229.37
1,767,g_a,dpu,6229.38,6234.51
1,767,g_a,dpu,6234.51,6239.58
1,767,g_a_cpu,cpu,6239.58,6239.96
1,767,h_a,dpu,6239.96,6246.94
1,767,eb_enc,cpu,6246.94,6247.09
1,767,eb_dec,cpu,6247.09,6247.25
1,767,h_s,dpu,6247.25,6256.02
1,767,gc,cpu,6256.03,6266.05
1,772,normalize,cpu,6266.7,6270.5
1,772,g_a_cpu,cpu,6270.5,6270.97
1,772,g_a,dpu,6270.97,6276.3
1,772,g_a,dpu,6276.3,6281.49
1,772,g_a_cpu,cpu,6281.49,6282.02
1,772,h_a,dpu,6282.02,6286.33
1,772,eb_enc,cpu,6286.33,6286.46
1,772,eb_dec,cpu,6286.46,6286.58
1,772,h_s,dpu,6286.58,6295.35
1,772,gc,cpu,6295.35,6305.55
1,778,normalize,cpu,6306.06,6309.79
1,778,g_a_cpu,cpu,6309.79,6310.16
1,778,g_a,dpu,6310.16,6315.27
1,778,g_a,dpu,6315.27,6324.4
1,778,g_a_cpu,cpu,6324.4,6324.93
1,778,h_a,dpu,6324.93,6326.59
1,778,eb_enc,cpu,6326.59,6326.73
1,778,eb_dec,cpu,6326.73,6326.88
1,778,h_s,dpu,6326.88,6330.82
1,778,gc,cpu,6330.82,6341.55
1,782,normalize,cpu,6342.31,6346.13
1,782,g_a_cpu,cpu,6346.14,6346.78
1,782,g_a,dpu,6346.78,6351.96
1,782,g_a,dpu,6351.97,6357.1
1,782,g_a_cpu,cpu,6357.11,6357.67
1,782,h_a,dpu,6357.68,6360.24
1,782,eb_enc,cpu,6360.24,6360.39
1,782,eb_dec,cpu,6360.4,6360.52
1,782,h_s,dpu,6360.52,6361.9
1,782,gc,cpu,6361.9,6372.46
1,786,normalize,cpu,6373.01,6376.92
1,786,g_a_cpu,cpu,6376.92,6377.6
1,786,g_a,dpu,6377.6,6382.93
1,786,g_a,dpu,6382.93,6388.21
1,786,g_a_cpu,cpu,6388.22,6388.69
1,786,h_a,dpu,6388.69,6391.72
1,786,eb_enc,cpu,6391.72,6391.88
1,786,eb_dec,cpu,6391.88,6392.01
1,786,h_s,dpu,6392.01,6398.93
1,786,gc,cpu,6398.93,6409.56
1,792,normalize,cpu,6410.93,6414.57
1,792,g_a_cpu,cpu,6414.57,6415.03
1,792,g_a,dpu,6415.03,6421.52
1,792,g_a,dpu,6421.52,6426.88
1,792,g_a_cpu,cpu,6426.88,6427.35
1,792,h_a,dpu,6427.35,6442.94
1,792,eb_enc,cpu,6442.94,6443.14
1,792,eb_dec,cpu,6443.14,6443.29
1,792,h_s,dpu,6443.29,6444.98
1,792,gc,cpu,6444.98,6455.07
1,797,normalize,cpu,6455.67,6459.35
1,797,g_a_cpu,cpu,6459.35,6459.92
1,797,g_a,dpu,6459.93,6465.12
1,797,g_a,dpu,6465.12,6474.23
1,797,g_a_cpu,cpu,6474.24,6474.77
1,797,h_a,dpu,6474.77,6476.2
1,797,eb_enc,cpu,6476.2,6476.35
1,797,eb_dec,cpu,6476.35,6476.47
1,797,h_s,dpu,6476.47,6477.63
1,797,gc,cpu,6477.63,6487.68
1,801,normalize,cpu,6488.23,6491.99
1,801,g_a_cpu,cpu,6491.99,6492.41
1,801,g_a,dpu,6492.42,6497.77
1,801,g_a,dpu,6497.77,6503.33
1,801,g_a_cpu,cpu,6503.33,6503.75
1,801,h_a,dpu,6503.75,6508.25
1,801,eb_enc,cpu,6508.25,6508.37
1,801,eb_dec,cpu,6508.38,6508.49
1,801,h_s,dpu,6508.49,6513.56
1,801,gc,cpu,6513.57,6523.71
1,806,normalize,cpu,6524.35,6528.06
1,806,g_a_cpu,cpu,6528.07,6528.44
1,806,g_a,dpu,6528.45,6534.21
1,806,g_a,dpu,6534.22,6539.33
1,806,g_a_cpu,cpu,6539.33,6539.75
1,806,h_a,dpu,6539.75,6546.29
1,806,eb_enc,cpu,6546.29,6546.48
1,806,eb_dec,cpu,6546.48,6546.61
1,806,h_s,dpu,6546.61,6552.96
1,806,gc,cpu,6552.96,6563.18
1,812,normalize,cpu,6563.6,6567.34
1,812,g_a_cpu,cpu,6567.35,6567.69
1,812,g_a,dpu,6567.69,6572.78
1,812,g_a,dpu,6572.78,6577.96
1,812,g_a_cpu,cpu,6577.97,6578.38
1,812,h_a,dpu,6578.39,6580.03
1,812,eb_enc,cpu,6580.03,6580.17
1,812,eb_dec,cpu,6580.17,6580.29
1,812,h_s,dpu,6580.29,6584.42
1,812,gc,cpu,6584.42,6594.43
1,816,normalize,cpu,6595.07,6598.7
1,816,g_a_cpu,cpu,6598.7,6599.06
1,816,g_a,dpu,6599.06,6604.13
1,816,g_a,dpu,6604.13,6609.34
1,816,g_a_cpu,cpu,6609.34,6609.91
1,816,h_a,dpu,6609.91,6612.49
1,816,eb_enc,cpu,6612.49,6612.68
1,816,eb_dec,cpu,6612.68,6612.83
1,816,h_s,dpu,6612.83,6620.55
1,816,gc,cpu,6620.55,6630.65
1,821,normalize,cpu,6631.27,6642.32
1,821,g_a_cpu,cpu,6642.32,6642.65
1,821,g_a,dpu,6642.65,6647.92
1,821,g_a,dpu,6647.93,6654.15
1,821,g_a_cpu,cpu,6654.16,6654.81
1,821,h_a,dpu,6654.81,6667.04
1,821,eb_enc,cpu,6667.05,6667.17
1,821,eb_dec,cpu,6667.17,6667.28
1,821,h_s,dpu,6667.28,6670.79
1,821,gc,cpu,6670.79,6680.69
1,829,normalize,cpu,6681.27,6685.06
1,829,g_a_cpu,cpu,6685.07,6685.64
1,829,g_a,dpu,6685.65,6694.77
1,829,g_a,dpu,6694.77,6705.49
1,829,g_a_cpu,cpu,6705.49,6705.93
1,829,h_a,dpu,6705.93,6718.13
1,829,eb_enc,cpu,6718.13,6718.28
1,829,eb_dec,cpu,6718.28,6718.4
1,829,h_s,dpu,6718.4,6724.02
1,829,gc,cpu,6724.02,6734.75
1,834,normalize,cpu,6735.35,6739.81
1,834,g_a_cpu,cpu,6739.81,6740.18
1,834,g_a,dpu,6740.18,6745.47
1,834,g_a,dpu,6745.47,6750.88
1,834,g_a_cpu,cpu,6750.88,6751.54
1,834,h_a,dpu,6751.54,6762.96
1,834,eb_enc,cpu,6762.96,6763.09
1,834,eb_dec,cpu,6763.09,6763.2
1,834,h_s,dpu,6763.2,6769.03
1,834,gc,cpu,6769.03,6779.04
1,839,normalize,cpu,6779.6,6783.28
1,839,g_a_cpu,cpu,6783.28,6783.65
1,839,g_a,dpu,6783.66,6788.96
1,839,g_a,dpu,6788.96,6798.95
1,839,g_a_cpu,cpu,6798.95,6799.42
1,839,h_a,dpu,6799.42,6801.22
1,839,eb_enc,cpu,6801.22,6801.35
1,839,eb_dec,cpu,6801.35,6801.46
1,839,h_s,dpu,6801.46,6804.93
1,839,gc,cpu,6804.94,6815.94
1,844,normalize,cpu,6816.57,6820.27
1,844,g_a_cpu,cpu,6820.28,6820.72
1,844,g_a,dpu,6820.72,6826
1,844,g_a,dpu,6826,6844.74
1,844,g_a_cpu,cpu,6844.74,6845.16
1,844,h_a,dpu,6845.16,6848.49
1,844,eb_enc,cpu,6848.49,6848.62
1,844,eb_dec,cpu,6848.62,6848.73
1,844,h_s,dpu,6848.73,6850.26
1,844,gc,cpu,6850.26,6861.86
1,851,normalize,cpu,6862.4,6866.05
1,851,g_a_cpu,cpu,6866.06,6866.35
1,851,g_a,dpu,6866.36,6871.48
1,851,g_a,dpu,6871.48,6887.61
1,851,g_a_cpu,cpu,6887.62,6888.09
1,851,h_a,dpu,6888.1,6890.32
1,851,eb_enc,cpu,6890.32,6890.48
1,851,eb_dec,cpu,6890.48,6890.62
1,851,h_s,dpu,6890.62,6895.38
1,851,gc,cpu,6895.38,6905.19
1,856,normalize,cpu,6905.65,6909.33
1,856,g_a_cpu,cpu,6909.33,6909.64
1,856,g_a,dpu,6909.64,6914.71
1,856,g_a,dpu,6914.71,6920.11
1,856,g_a_cpu,cpu,6920.11,6920.51
1,856,h_a,dpu,6920.52,6922.32
1,856,eb_enc,cpu,6922.32,6922.45
1,856,eb_dec,cpu,6922.45,6922.58
1,856,h_s,dpu,6922.58,6928.25
1,856,gc,cpu,6928.25,6940.23
1,861,normalize,cpu,6940.74,6944.41
1,861,g_a_cpu,cpu,6944.41,6944.73
1,861,g_a,dpu,6944.73,6950.26
1,861,g_a,dpu,6950.27,6956.68
1,861,g_a_cpu,cpu,6956.68,6957.15
1,861,h_a,dpu,6957.15,6958.98
1,861,eb_enc,cpu,6958.98,6959.13
1,861,eb_dec,cpu,6959.13,6959.24
1,861,h_s,dpu,6959.24,6971.09
1,861,gc,cpu,6971.09,6981.27
1,866,normalize,cpu,6981.85,6985.57
1,866,g_a_cpu,cpu,6985.57,6986.11
1,866,g_a,dpu,6986.11,6991.69
1,866,g_a,dpu,6991.69,6996.8
1,866,g_a_cpu,cpu,6996.8,6997.19
1,866,h_a,dpu,6997.2,7011.24
1,866,eb_enc,cpu,7011.24,7011.36
1,866,eb_dec,cpu,7011.36,7011.51
1,866,h_s,dpu,7011.51,7018.75
1,866,gc,cpu,7018.75,7029.18
1,873,normalize,cpu,7029.73,7034.06
1,873,g_a_cpu,cpu,7034.06,7034.52
1,873,g_a,dpu,7034.53,7051.91
1,873,g_a,dpu,7051.92,7057.29
1,873,g_a_cpu,cpu,7057.3,7057.94
1,873,h_a,dpu,7057.94,7062.55
1,873,eb_enc,cpu,7062.55,7062.69
1,873,eb_dec,cpu,7062.69,7062.81
1,873,h_s,dpu,7062.81,7064.06
1,873,gc,cpu,7064.06,7074.1
1,878,normalize,cpu,7074.59,7078.29
1,878,g_a_cpu,cpu,7078.29,7078.77
1,878,g_a,dpu,7078.77,7083.91
1,878,g_a,dpu,7083.92,7089.43
1,878,g_a_cpu,cpu,7089.43,7089.8
1,878,h_a,dpu,7089.8,7091.04
1,878,eb_enc,cpu,7091.04,7091.15
1,878,eb_dec,cpu,7091.16,7091.27
1,878,h_s,dpu,7091.27,7102.04
1,878,gc,cpu,7102.05,7114.33
1,884,normalize,cpu,7114.95,7118.67
1,884,g_a_cpu,cpu,7118.68,7119.71
1,884,g_a,dpu,7119.71,7125.72
1,884,g_a,dpu,7125.72,7131.41
1,884,g_a_cpu,cpu,7131.41,7131.83
1,884,h_a,dpu,7131.84,7138.93
1,884,eb_enc,cpu,7138.93,7139.05
1,884,eb_dec,cpu,7139.05,7139.16
1,884,h_s,dpu,7139.16,7140.56
1,884,gc,cpu,7140.57,7150.56
1,889,normalize,cpu,7151.08,7154.7
1,889,g_a_cpu,cpu,7154.7,7155.18
1,889,g_a,dpu,7155.19,7164.55
1,889,g_a,dpu,7164.55,7176.07
1,889,g_a_cpu,cpu,7176.07,7176.47
1,889,h_a,dpu,7176.47,7178.97
1,889,eb_enc,cpu,7178.98,7179.11
1,889,eb_dec,cpu,7179.11,7179.22
1,889,h_s,dpu,7179.22,7183.09
1,889,gc,cpu,7183.09,7193.02
1,894,normalize,cpu,7193.78,7198.1
1,894,g_a_cpu,cpu,7198.1,7198.51
1,894,g_a,dpu,7198.52,7205.53
1,894,g_a,dpu,7205.53,7215.02
1,894,g_a_cpu,cpu,7215.03,7215.43
1,894,h_a,dpu,7215.43,7216.98
1,894,eb_enc,cpu,7216.98,7217.17
1,894,eb_dec,cpu,7217.18,7217.32
1,894,h_s,dpu,7217.32,7218.92
1,894,gc,cpu,7218.92,7228.81
1,898,normalize,cpu,7229.43,7233.13
1,898,g_a_cpu,cpu,7233.13,7233.58
1,898,g_a,dpu,7233.58,7241.24
1,898,g_a,dpu,7241.24,7247.09
1,898,g_a_cpu,cpu,7247.09,7247.59
1,898,h_a,dpu,7247.59,7248.93
1,898,eb_enc,cpu,7248.93,7249.05
1,898,eb_dec,cpu,7249.05,7249.16
1,898,h_s,dpu,7249.16,7269.34
1,898,gc,cpu,7269.34,7280.03
1,905,normalize,cpu,7280.91,7287.31
1,905,g_a_cpu,cpu,7287.32,7287.78
1,905,g_a,dpu,7287.78,7293.02
1,905,g_a,dpu,7293.02,7298.48
1,905,g_a_cpu,cpu,7298.48,7298.88
1,905,h_a,dpu,7298.88,7302.81
1,905,eb_enc,cpu,7302.81,7302.98
1,905,eb_dec,cpu,7302.98,7303.11
1,905,h_s,dpu,7303.11,7304.77
1,905,gc,cpu,7304.77,7314.94
1,910,normalize,cpu,7315.66,7319.43
1,910,g_a_cpu,cpu,7319.43,7319.99
1,910,g_a,dpu,7319.99,7325.07
1,910,g_a,dpu,7325.07,7344.13
1,910,g_a_cpu,cpu,7344.13,7344.48
1,910,h_a,dpu,7344.49,7358.25
1,910,eb_enc,cpu,7358.26,7358.41
1,910,eb_dec,cpu,7358.41,7358.53
1,910,h_s,dpu,7358.53,7363.46
1,910,gc,cpu,7363.46,7374.23
1,918,normalize,cpu,7374.92,7378.53
1,918,g_a_cpu,cpu,7378.54,7379.22
1,918,g_a,dpu,7379.22,7384.47
1,918,g_a,dpu,7384.47,7389.59
1,918,g_a_cpu,cpu,7389.59,7390.11
1,918,h_a,dpu,7390.11,7391.55
1,918,eb_enc,cpu,7391.55,7391.71
1,918,eb_dec,cpu,7391.71,7391.84
1,918,h_s,dpu,7391.84,7403.18
1,918,gc,cpu,7403.18,7413.23
1,922,normalize,cpu,7413.79,7417.55
1,922,g_a_cpu,cpu,7417.55,7417.94
1,922,g_a,dpu,7417.94,7423.14
1,922,g_a,dpu,7423.14,7428.14
1,922,g_a_cpu,cpu,7428.14,7428.64
1,922,h_a,dpu,7428.65,7429.98
1,922,eb_enc,cpu,7429.98,7430.1
1,922,eb_dec,cpu,7430.1,7430.22
1,922,h_s,dpu,7430.22,7437.6
1,922,gc,cpu,7437.61,7447.74
1,926,normalize,cpu,7448.28,7452.01
1,926,g_a_cpu,cpu,7452.01,7452.44
1,926,g_a,dpu,7452.44,7461.51
1,926,g_a,dpu,7461.51,7466.79
1,926,g_a_cpu,cpu,7466.79,7467.22
1,926,h_a,dpu,7467.22,7468.49
1,926,eb_enc,cpu,7468.49,7468.64
1,926,eb_dec,cpu,7468.65,7468.78
1,926,h_s,dpu,7468.78,7470.21
1,926,gc,cpu,7470.21,7480.14
2,1,normalize,cpu,64.8259,68.576
2,1,g_a_cpu,cpu,73.2617,73.6552
2,1,g_a,dpu,73.6593,81.0386
2,1,g_a,dpu,81.0429,86.5462
2,1,g_a_cpu,cpu,86.5477,86.9923
2,1,h_a,dpu,87.0015,93.5312
2,1,eb_enc,cpu,93.5318,93.6569
2,1,eb_dec,cpu,93.6574,93.7697
2,1,h_s,dpu,93.7699,96.3865
2,1,gc,cpu,96.3905,111.464
2,5,normalize,cpu,112.128,115.929
2,5,g_a_cpu,cpu,115.939,116.658
2,5,g_a,dpu,116.664,127.164
2,5,g_a,dpu,127.168,133.754
2,5,g_a_cpu,cpu,133.756,134.262
2,5,h_a,dpu,134.264,139.748
2,5,eb_enc,cpu,139.751,139.902
2,5,eb_dec,cpu,139.909,140.025
2,5,h_s,dpu,140.025,148.242
2,5,gc,cpu,148.243,158.415
2,10,normalize,cpu,159.202,164.907
2,10,g_a_cpu,cpu,164.919,166.453
2,10,g_a,dpu,166.465,173.819
2,10,g_a,dpu,173.822,180.379
2,10,g_a_cpu,cpu,180.384,181.142
2,10,h_a,dpu,181.146,185.829
2,10,eb_enc,cpu,185.831,185.973
2,10,eb_dec,cpu,185.973,186.086
2,10,h_s,dpu,186.087,201.32
2,10,gc,cpu,201.322,212.962
2,16,normalize,cpu,213.515,229.185
2,16,g_a_cpu,cpu,229.188,229.488
2,16,g_a,dpu,229.491,234.955
2,16,g_a,dpu,234.96,240.889
2,16,g_a_cpu,cpu,240.892,241.408
2,16,h_a,dpu,241.41,243.21
2,16,eb_enc,cpu,243.21,243.34
2,16,eb_dec,cpu,243.341,243.456
2,16,h_s,dpu,243.456,249.387
2,16,gc,cpu,249.388,259.53
2,22,normalize,cpu,260.205,263.853
2,22,g_a_cpu,cpu,263.855,264.174
2,22,g_a,dpu,264.177,269.676
2,22,g_a,dpu,269.677,275.336
2,22,g_a_cpu,cpu,275.338,275.844
2,22,h_a,dpu,275.847,282.519
2,22,eb_enc,cpu,282.52,282.685
2,22,eb_dec,cpu,282.686,282.806
2,22,h_s,dpu,282.806,283.846
2,22,gc,cpu,283.846,295.225
2,28,normalize,cpu,295.846,301.257
2,28,g_a_cpu,cpu,301.26,301.607
2,28,g_a,dpu,301.612,312.046
2,28,g_a,dpu,312.049,317.331
2,28,g_a_cpu,cpu,317.332,317.775
2,28,h_a,dpu,317.778,323.102
2,28,eb_enc,cpu,323.103,323.22
2,28,eb_dec,cpu,323.22,323.326
2,28,h_s,dpu,323.326,324.654
2,28,gc,cpu,324.656,335.116
2,32,normalize,cpu,335.689,339.448
2,32,g_a_cpu,cpu,339.454,339.795
2,32,g_a,dpu,339.799,350.471
2,32,g_a,dpu,350.472,356.852
2,32,g_a_cpu,cpu,356.853,357.233
2,32,h_a,dpu,357.24,361.74
2,32,eb_enc,cpu,361.742,361.864
2,32,eb_dec,cpu,361.864,361.976
2,32,h_s,dpu,361.976,370.578
2,32,gc,cpu,370.58,380.98
2,37,normalize,cpu,381.695,385.384
2,37,g_a_cpu,cpu,385.388,385.769
2,37,g_a,dpu,385.774,391.321
2,37,g_a,dpu,391.322,396.981
2,37,g_a_cpu,cpu,396.982,397.347
2,37,h_a,dpu,397.348,399.417
2,37,eb_enc,cpu,399.418,399.575
2,37,eb_dec,cpu,399.575,399.699
2,37,h_s,dpu,399.7,408.792
2,37,gc,cpu,408.794,419.621
2,42,normalize,cpu,420.537,424.306
2,42,g_a_cpu,cpu,424.311,424.657
2,42,g_a,dpu,424.662,432.96
2,42,g_a,dpu,432.962,438.377
2,42,g_a_cpu,cpu,438.378,438.955
2,42,h_a,dpu,438.96,444.086
2,42,eb_enc,cpu,444.092,444.209
2,42,eb_dec,cpu,444.209,444.317
2,42,h_s,dpu,444.317,451.637
2,42,gc,cpu,451.638,461.56
2,47,normalize,cpu,462.052,465.892
2,47,g_a_cpu,cpu,465.894,466.246
2,47,g_a,dpu,466.249,473.459
2,47,g_a,dpu,473.462,478.992
2,47,g_a_cpu,cpu,478.994,479.448
2,47,h_a,dpu,479.45,481.199
2,47,eb_enc,cpu,481.2,481.33
2,47,eb_dec,cpu,481.33,481.473
2,47,h_s,dpu,481.474,486.783
2,47,gc,cpu,486.784,496.66
2,52,normalize,cpu,497.318,500.962
2,52,g_a_cpu,cpu,500.965,501.336
2,52,g_a,dpu,501.339,507.935
2,52,g_a,dpu,507.937,513.301
2,52,g_a_cpu,cpu,513.304,513.762
2,52,h_a,dpu,513.765,515.571
2,52,eb_enc,cpu,515.572,515.744
2,52,eb_dec,cpu,515.745,515.871
2,52,h_s,dpu,515.872,521.511
2,52,gc,cpu,521.512,532.059
2,57,normalize,cpu,532.733,536.435
2,57,g_a_cpu,cpu,536.439,537.032
2,57,g_a,dpu,537.035,543.06
2,57,g_a,dpu,543.062,551.204
2,57,g_a_cpu,cpu,551.205,551.63
2,57,h_a,dpu,551.632,553.798
2,57,eb_enc,cpu,553.799,553.96
2,57,eb_dec,cpu,553.961,554.088
2,57,h_s,dpu,554.088,555.407
2,57,gc,cpu,555.408,577.521
2,61,normalize,cpu,578.494,597.256
2,61,g_a_cpu,cpu,597.26,597.713
2,61,g_a,dpu,597.716,604.117
2,61,g_a,dpu,604.118,609.434
2,61,g_a_cpu,cpu,609.435,609.917
2,61,h_a,dpu,609.919,614.955
2,61,eb_enc,cpu,614.956,615.079
2,61,eb_dec,cpu,615.08,615.186
2,61,h_s,dpu,615.186,623.532
2,61,gc,cpu,623.546,633.992
2,68,normalize,cpu,634.513,638.285
2,68,g_a_cpu,cpu,638.29,638.743
2,68,g_a,dpu,638.745,644.455
2,68,g_a,dpu,644.457,649.827
2,68,g_a_cpu,cpu,649.828,650.203
2,68,h_a,dpu,650.205,651.93
2,68,eb_enc,cpu,651.932,652.074
2,68,eb_dec,cpu,652.074,652.189
2,68,h_s,dpu,652.19,654.955
2,68,gc,cpu,654.956,664.947
2,72,normalize,cpu,665.466,669.262
2,72,g_a_cpu,cpu,669.265,669.725
2,72,g_a,dpu,669.728,676.146
2,72,g_a,dpu,676.148,681.328
2,72,g_a_cpu,cpu,681.329,681.727
2,72,h_a,dpu,681.729,685.164
2,72,eb_enc,cpu,685.165,685.328
2,72,eb_dec,cpu,685.328,685.449
2,72,h_s,dpu,685.449,686.587
2,72,gc,cpu,686.588,709.216
2,78,normalize,cpu,710.135,713.817
2,78,g_a_cpu,cpu,713.82,715.218
2,78,g_a,dpu,715.223,720.906
2,78,g_a,dpu,720.907,726.245
2,78,g_a_cpu,cpu,726.246,726.625
2,78,h_a,dpu,726.627,728.268
2,78,eb_enc,cpu,728.269,728.396
2,78,eb_dec,cpu,728.397,728.506
2,78,h_s,dpu,728.506,734.749
2,78,gc,cpu,734.751,744.901
2,82,normalize,cpu,745.489,749.264
2,82,g_a_cpu,cpu,749.267,749.63
2,82,g_a,dpu,749.634,755.045
2,82,g_a,dpu,755.046,760.337
2,82,g_a_cpu,cpu,760.34,760.76
2,82,h_a,dpu,760.762,762.973
2,82,eb_enc,cpu,762.974,763.095
2,82,eb_dec,cpu,763.095,763.203
2,82,h_s,dpu,763.203,770.494
2,82,gc,cpu,770.495,780.73
2,86,normalize,cpu,781.496,785.264
2,86,g_a_cpu,cpu,785.268,785.635
2,86,g_a,dpu,785.639,794.046
2,86,g_a,dpu,794.047,800.325
2,86,g_a_cpu,cpu,800.326,800.734
2,86,h_a,dpu,800.737,802.483
2,86,eb_enc,cpu,802.483,802.609
2,86,eb_dec,cpu,802.61,802.717
2,86,h_s,dpu,802.718,803.684
2,86,gc,cpu,803.685,814.487
2,91,normalize,cpu,815.085,818.711
2,91,g_a_cpu,cpu,818.714,819.122
2,91,g_a,dpu,819.124,826.738
2,91,g_a,dpu,826.739,832.841
2,91,g_a_cpu,cpu,832.842,833.225
2,91,h_a,dpu,833.226,834.706
2,91,eb_enc,cpu,834.708,834.905
2,91,eb_dec,cpu,834.905,835.018
2,91,h_s,dpu,835.019,839.399
2,91,gc,cpu,839.401,850.086
2,96,normalize,cpu,850.811,854.566
2,96,g_a_cpu,cpu,854.572,855.224
2,96,g_a,dpu,855.23,860.883
2,96,g_a,dpu,860.883,873.658
2,96,g_a_cpu,cpu,873.659,874.083
2,96,h_a,dpu,874.085,875.818
2,96,eb_enc,cpu,875.819,875.957
2,96,eb_dec,cpu,875.958,876.096
2,96,h_s,dpu,876.097,881.568
2,96,gc,cpu,881.57,892.057
2,102,normalize,cpu,892.598,896.347
2,102,g_a_cpu,cpu,896.351,896.735
2,102,g_a,dpu,896.739,902.173
2,102,g_a,dpu,902.175,907.44
2,102,g_a_cpu,cpu,907.441,908.004
2,102,h_a,dpu,908.005,913.373
2,102,eb_enc,cpu,913.374,913.547
2,102,eb_dec,cpu,913.548,913.678
2,102,h_s,dpu,913.678,916.338
2,102,gc,cpu,916.338,926.335
2,106,normalize,cpu,926.848,930.625
2,106,g_a_cpu,cpu,930.63,931.234
2,106,g_a,dpu,931.236,939.455
2,106,g_a,dpu,939.456,944.871
2,106,g_a_cpu,cpu,944.873,945.344
2,106,h_a,dpu,945.346,947.93
2,106,eb_enc,cpu,947.93,948.054
2,106,eb_dec,cpu,948.054,948.162
2,106,h_s,dpu,948.162,949.33
2,106,gc,cpu,949.33,959.504
2,110,normalize,cpu,960.148,963.942
2,110,g_a_cpu,cpu,963.947,964.648
2,110,g_a,dpu,964.653,973.004
2,110,g_a,dpu,973.005,980.708
2,110,g_a_cpu,cpu,980.71,981.184
2,110,h_a,dpu,981.188,987.11
2,110,eb_enc,cpu,987.111,987.254
2,110,eb_dec,cpu,987.254,987.371
2,110,h_s,dpu,987.371,988.463
2,110,gc,cpu,988.464,1001.95
2,116,normalize,cpu,1002.64,1008.56
2,116,g_a_cpu,cpu,1008.57,1009.44
2,116,g_a,dpu,1009.45,1024.2
2,116,g_a,dpu,1024.2,1029.87
2,116,g_a_cpu,cpu,1029.87,1030.34
2,116,h_a,dpu,1030.34,1032.84
2,116,eb_enc,cpu,1032.84,1033
2,116,eb_dec,cpu,1033,1033.14
2,116,h_s,dpu,1033.14,1037.73
2,116,gc,cpu,1037.74,1048.44
2,121,normalize,cpu,1049.04,1060.53
2,121,g_a_cpu,cpu,1060.53,1061.1
2,121,g_a,dpu,1061.11,1067.5
2,121,g_a,dpu,1067.51,1074.18
2,121,g_a_cpu,cpu,1074.19,1074.82
2,121,h_a,dpu,1074.87,1078.98
2,121,eb_enc,cpu,1078.98,1079.17
2,121,eb_dec,cpu,1079.17,1079.3
2,121,h_s,dpu,1079.3,1080.52
2,121,gc,cpu,1080.52,1090.54
2,126,normalize,cpu,1091.19,1094.81
2,126,g_a_cpu,cpu,1094.82,1095.16
2,126,g_a,dpu,1095.16,1104.53
2,126,g_a,dpu,1104.53,1110.46
2,126,g_a_cpu,cpu,1110.46,1110.93
2,126,h_a,dpu,1110.93,1112.73
2,126,eb_enc,cpu,1112.73,1112.86
2,126,eb_dec,cpu,1112.87,1112.98
2,126,h_s,dpu,1112.98,1118.53
2,126,gc,cpu,1118.53,1128.99
2,131,normalize,cpu,1129.79,1133.59
2,131,g_a_cpu,cpu,1133.6,1133.91
2,131,g_a,dpu,1133.91,1139.33
2,131,g_a,dpu,1139.34,1144.94
2,131,g_a_cpu,cpu,1144.94,1145.4
2,131,h_a,dpu,1145.4,1147.18
2,131,eb_enc,cpu,1147.18,1147.35
2,131,eb_dec,cpu,1147.35,1147.48
2,131,h_s,dpu,1147.48,1150.56
2,131,gc,cpu,1150.56,1161.27
2,136,normalize,cpu,1161.77,1165.62
2,136,g_a_cpu,cpu,1165.63,1166.01
2,136,g_a,dpu,1166.02,1173.75
2,136,g_a,dpu,1173.75,1179.3
2,136,g_a_cpu,cpu,1179.31,1179.86
2,136,h_a,dpu,1179.87,1181.5
2,136,eb_enc,cpu,1181.5,1181.64
2,136,eb_dec,cpu,1181.64,1181.75
2,136,h_s,dpu,1181.75,1182.71
2,136,gc,cpu,1182.71,1193.07
2,139,normalize,cpu,1193.67,1197.57
2,139,g_a_cpu,cpu,1197.58,1197.97
2,139,g_a,dpu,1197.98,1203.65
2,139,g_a,dpu,1203.65,1209.88
2,139,g_a_cpu,cpu,1209.89,1210.37
2,139,h_a,dpu,1210.38,1213.99
2,139,eb_enc,cpu,1213.99,1214.21
2,139,eb_dec,cpu,1214.21,1214.33
2,139,h_s,dpu,1214.33,1218.77
2,139,gc,cpu,1218.77,1229.36
2,145,normalize,cpu,1229.99,1233.74
2,145,g_a_cpu,cpu,1233.74,1234.13
2,145,g_a,dpu,1234.13,1239.6
2,145,g_a,dpu,1239.6,1245.75
2,145,g_a_cpu,cpu,1245.76,1246.22
2,145,h_a,dpu,1246.22,1248.2
2,145,eb_enc,cpu,1248.2,1248.38
2,145,eb_dec,cpu,1248.38,1248.5
2,145,h_s,dpu,1248.5,1250.63
2,145,gc,cpu,1250.63,1260.91
2,148,normalize,cpu,1261.63,1265.51
2,148,g_a_cpu,cpu,1265.52,1265.82
2,148,g_a,dpu,1265.82,1271.63
2,148,g_a,dpu,1271.63,1277.29
2,148,g_a_cpu,cpu,1277.29,1277.7
2,148,h_a,dpu,1277.71,1279.65
2,148,eb_enc,cpu,1279.65,1279.77
2,148,eb_dec,cpu,1279.77,1279.91
2,148,h_s,dpu,1279.91,1291.21
2,148,gc,cpu,1291.21,1302.64
2,153,normalize,cpu,1303.29,1307.02
2,153,g_a_cpu,cpu,1307.02,1307.49
2,153,g_a,dpu,1307.5,1313.09
2,153,g_a,dpu,1313.1,1319.11
2,153,g_a_cpu,cpu,1319.11,1319.51
2,153,h_a,dpu,1319.51,1321.14
2,153,eb_enc,cpu,1321.14,1321.27
2,153,eb_dec,cpu,1321.27,1321.38
2,153,h_s,dpu,1321.38,1329.68
2,153,gc,cpu,1329.68,1340.1
2,158,normalize,cpu,1340.65,1344.38
2,158,g_a_cpu,cpu,1344.38,1344.68
2,158,g_a,dpu,1344.69,1350.33
2,158,g_a,dpu,1350.33,1356.34
2,158,g_a_cpu,cpu,1356.34,1356.93
2,158,h_a,dpu,1356.94,1358.66
2,158,eb_enc,cpu,1358.66,1358.79
2,158,eb_dec,cpu,1358.79,1358.93
2,158,h_s,dpu,1358.93,1361.68
2,158,gc,cpu,1361.68,1371.7
2,163,normalize,cpu,1372.31,1375.97
2,163,g_a_cpu,cpu,1375.97,1376.47
2,163,g_a,dpu,1376.47,1382.12
2,163,g_a,dpu,1382.12,1389.1
2,163,g_a_cpu,cpu,1389.1,1389.56
2,163,h_a,dpu,1389.56,1394.69
2,163,eb_enc,cpu,1394.69,1394.85
2,163,eb_dec,cpu,1394.85,1394.96
2,163,h_s,dpu,1394.96,1402.5
2,163,gc,cpu,1402.5,1413.74
2,168,normalize,cpu,1414.53,1418.8
2,168,g_a_cpu,cpu,1418.81,1419.24
2,168,g_a,dpu,1419.24,1424.6
2,168,g_a,dpu,1424.6,1435.07
2,168,g_a_cpu,cpu,1435.07,1435.53
2,168,h_a,dpu,1435.53,1437.34
2,168,eb_enc,cpu,1437.35,1437.48
2,168,eb_dec,cpu,1437.48,1437.6
2,168,h_s,dpu,1437.6,1442.65
2,168,gc,cpu,1442.65,1453.52
2,173,normalize,cpu,1455.71,1460.36
2,173,g_a_cpu,cpu,1460.36,1460.8
2,173,g_a,dpu,1460.81,1466.94
2,173,g_a,dpu,1466.94,1475.84
2,173,g_a_cpu,cpu,1475.85,1476.55
2,173,h_a,dpu,1476.55,1490.91
2,173,eb_enc,cpu,1490.91,1491.07
2,173,eb_dec,cpu,1491.07,1491.19
2,173,h_s,dpu,1491.19,1497.31
2,173,gc,cpu,1497.31,1509.55
2,179,normalize,cpu,1531.66,1535.33
2,179,g_a_cpu,cpu,1535.33,1535.7
2,179,g_a,dpu,1535.71,1541.2
2,179,g_a,dpu,1541.2,1546.69
2,179,g_a_cpu,cpu,1546.69,1547.09
2,179,h_a,dpu,1547.09,1556.14
2,179,eb_enc,cpu,1556.14,1556.31
2,179,eb_dec,cpu,1556.31,1556.44
2,179,h_s,dpu,1556.44,1557.94
2,179,gc,cpu,1557.94,1568.28
2,184,normalize,cpu,1568.72,1572.49
2,184,g_a_cpu,cpu,1572.49,1572.83
2,184,g_a,dpu,1572.84,1579.17
2,184,g_a,dpu,1579.17,1584.59
2,184,g_a_cpu,cpu,1584.59,1585.04
2,184,h_a,dpu,1585.05,1586.66
2,184,eb_enc,cpu,1586.66,1586.78
2,184,eb_dec,cpu,1586.78,1586.92
2,184,h_s,dpu,1586.92,1588.85
2,184,gc,cpu,1588.85,1601.74
2,188,normalize,cpu,1602.37,1615.11
2,188,g_a_cpu,cpu,1615.11,1615.4
2,188,g_a,dpu,1615.4,1620.8
2,188,g_a,dpu,1620.8,1628.11
2,188,g_a_cpu,cpu,1628.11,1628.51
2,188,h_a,dpu,1628.52,1631.2
2,188,eb_enc,cpu,1631.2,1631.32
2,188,eb_dec,cpu,1631.32,1631.43
2,188,h_s,dpu,1631.43,1632.59
2,188,gc,cpu,1632.59,1643.8
2,194,normalize,cpu,1644.4,1652.97
2,194,g_a_cpu,cpu,1652.98,1653.36
2,194,g_a,dpu,1653.37,1659.56
2,194,g_a,dpu,1659.56,1666.74
2,194,g_a_cpu,cpu,1666.74,1667.27
2,194,h_a,dpu,1667.27,1672.43
2,194,eb_enc,cpu,1672.43,1672.57
2,194,eb_dec,cpu,1672.57,1672.7
2,194,h_s,dpu,1672.7,1673.77
2,194,gc,cpu,1673.77,1683.91
2,201,normalize,cpu,1684.4,1688.15
2,201,g_a_cpu,cpu,1688.16,1688.76
2,201,g_a,dpu,1688.77,1694.54
2,201,g_a,dpu,1694.54,1700.68
2,201,g_a_cpu,cpu,1700.69,1701.11
2,201,h_a,dpu,1701.11,1706.56
2,201,eb_enc,cpu,1706.57,1706.71
2,201,eb_dec,cpu,1706.71,1706.85
2,201,h_s,dpu,1706.85,1711.14
2,201,gc,cpu,1711.14,1721.88
2,205,normalize,cpu,1722.96,1726.67
2,205,g_a_cpu,cpu,1726.67,1727.01
2,205,g_a,dpu,1727.01,1732.48
2,205,g_a,dpu,1732.48,1737.97
2,205,g_a_cpu,cpu,1737.97,1738.44
2,205,h_a,dpu,1738.44,1740.27
2,205,eb_enc,cpu,1740.27,1740.5
2,205,eb_dec,cpu,1740.5,1740.63
2,205,h_s,dpu,1740.63,1743.16
2,205,gc,cpu,1743.17,1753.41
2,209,normalize,cpu,1753.94,1757.7
2,209,g_a_cpu,cpu,1757.7,1758.29
2,209,g_a,dpu,1758.29,1763.64
2,209,g_a,dpu,1763.64,1769.08
2,209,g_a_cpu,cpu,1769.08,1769.55
2,209,h_a,dpu,1769.55,1771.26
2,209,eb_enc,cpu,1771.26,1771.4
2,209,eb_dec,cpu,1771.4,1771.53
2,209,h_s,dpu,1771.53,1772.58
2,209,gc,cpu,1772.58,1782.79
2,214,normalize,cpu,1783.38,1787.2
2,214,g_a_cpu,cpu,1787.2,1787.56
2,214,g_a,dpu,1787.56,1792.9
2,214,g_a,dpu,1792.91,1799.6
2,214,g_a_cpu,cpu,1799.6,1800.01
2,214,h_a,dpu,1800.02,1802.65
2,214,eb_enc,cpu,1802.65,1802.78
2,214,eb_dec,cpu,1802.79,1802.93
2,214,h_s,dpu,1802.93,1803.91
2,214,gc,cpu,1803.92,1824.05
2,218,normalize,cpu,1824.71,1828.44
2,218,g_a_cpu,cpu,1828.44,1828.86
2,218,g_a,dpu,1828.86,1836.2
2,218,g_a,dpu,1836.2,1842.04
2,218,g_a_cpu,cpu,1842.04,1842.73
2,218,h_a,dpu,1842.73,1844.66
2,218,eb_enc,cpu,1844.67,1844.8
2,218,eb_dec,cpu,1844.8,1844.91
2,218,h_s,dpu,1844.91,1853.81
2,218,gc,cpu,1853.81,1867.94
2,225,normalize,cpu,1868.51,1872.22
2,225,g_a_cpu,cpu,1872.23,1872.71
2,225,g_a,dpu,1872.71,1880.85
2,225,g_a,dpu,1880.85,1889.28
2,225,g_a_cpu,cpu,1889.28,1889.76
2,225,h_a,dpu,1889.76,1891.55
2,225,eb_enc,cpu,1891.55,1891.68
2,225,eb_dec,cpu,1891.68,1891.79
2,225,h_s,dpu,1891.79,1892.86
2,225,gc,cpu,1892.86,1903.03
2,230,normalize,cpu,1903.65,1907.35
2,230,g_a_cpu,cpu,1907.35,1907.77
2,230,g_a,dpu,1907.77,1913.41
2,230,g_a,dpu,1913.41,1919.31
2,230,g_a_cpu,cpu,1919.31,1920.02
2,230,h_a,dpu,1920.03,1921.96
2,230,eb_enc,cpu,1921.96,1922.09
2,230,eb_dec,cpu,1922.09,1922.2
2,230,h_s,dpu,1922.2,1930.8
2,230,gc,cpu,1930.8,1950.12
2,235,normalize,cpu,1950.88,1966.01
2,235,g_a_cpu,cpu,1966.01,1966.71
2,235,g_a,dpu,1966.71,1974.6
2,235,g_a,dpu,1974.61,1980.72
2,235,g_a_cpu,cpu,1980.72,1981.32
2,235,h_a,dpu,1981.32,1984.23
2,235,eb_enc,cpu,1984.23,1984.35
2,235,eb_dec,cpu,1984.35,1984.47
2,235,h_s,dpu,1984.47,1985.64
2,235,gc,cpu,1985.64,1996.73
2,240,normalize,cpu,1997.18,2000.92
2,240,g_a_cpu,cpu,2000.92,2001.2
2,240,g_a,dpu,2001.2,2007.01
2,240,g_a,dpu,2007.01,2016.59
2,240,g_a_cpu,cpu,2016.59,2017.07
2,240,h_a,dpu,2017.07,2019.48
2,240,eb_enc,cpu,2019.48,2019.64
2,240,eb_dec,cpu,2019.64,2019.76
2,240,h_s,dpu,2019.76,2025.56
2,240,gc,cpu,2025.57,2046.82
2,246,normalize,cpu,2047.42,2051.18
2,246,g_a_cpu,cpu,2051.18,2051.59
2,246,g_a,dpu,2051.6,2057.99
2,246,g_a,dpu,2057.99,2063.8
2,246,g_a_cpu,cpu,2063.81,2064.4
2,246,h_a,dpu,2064.41,2069.91
2,246,eb_enc,cpu,2069.91,2070.04
2,246,eb_dec,cpu,2070.04,2070.15
2,246,h_s,dpu,2070.15,2075.87
2,246,gc,cpu,2075.87,2088.94
2,251,normalize,cpu,2089.58,2094.14
2,251,g_a_cpu,cpu,2094.15,2094.63
2,251,g_a,dpu,2094.63,2100.26
2,251,g_a,dpu,2100.27,2108.38
2,251,g_a_cpu,cpu,2108.38,2108.73
2,251,h_a,dpu,2108.73,2119.68
2,251,eb_enc,cpu,2119.69,2119.84
2,251,eb_dec,cpu,2119.85,2119.96
2,251,h_s,dpu,2119.96,2121.16
2,251,gc,cpu,2121.16,2134.39
2,258,normalize,cpu,2135.12,2139.44
2,258,g_a_cpu,cpu,2139.45,2139.99
2,258,g_a,dpu,2139.99,2147.59
2,258,g_a,dpu,2147.6,2153.12
2,258,g_a_cpu,cpu,2153.12,2153.53
2,258,h_a,dpu,2153.53,2160.15
2,258,eb_enc,cpu,2160.15,2160.36
2,258,eb_dec,cpu,2160.36,2160.49
2,258,h_s,dpu,2160.49,2161.56
2,258,gc,cpu,2161.56,2171.66
2,262,normalize,cpu,2172.28,2176.02
2,262,g_a_cpu,cpu,2176.02,2176.36
2,262,g_a,dpu,2176.36,2181.8
2,262,g_a,dpu,2181.8,2187.37
2,262,g_a_cpu,cpu,2187.37,2187.79
2,262,h_a,dpu,2187.79,2189.83
2,262,eb_enc,cpu,2189.83,2189.98
2,262,eb_dec,cpu,2189.98,2190.09
2,262,h_s,dpu,2190.09,2195.45
2,262,gc,cpu,2195.45,2205.59
2,267,normalize,cpu,2206.45,2210.19
2,267,g_a_cpu,cpu,2210.2,2210.6
2,267,g_a,dpu,2210.61,2216.06
2,267,g_a,dpu,2216.06,2221.53
2,267,g_a_cpu,cpu,2221.53,2222.09
2,267,h_a,dpu,2222.09,2228.26
2,267,eb_enc,cpu,2228.26,2228.42
2,267,eb_dec,cpu,2228.42,2228.54
2,267,h_s,dpu,2228.54,2229.52
2,267,gc,cpu,2229.52,2239.58
2,270,normalize,cpu,2240.51,2244.28
2,270,g_a_cpu,cpu,2244.28,2244.66
2,270,g_a,dpu,2244.66,2250.11
2,270,g_a,dpu,2250.11,2256.11
2,270,g_a_cpu,cpu,2256.11,2256.5
2,270,h_a,dpu,2256.5,2258.4
2,270,eb_enc,cpu,2258.4,2258.57
2,270,eb_dec,cpu,2258.58,2258.71
2,270,h_s,dpu,2258.71,2264.54
2,270,gc,cpu,2264.54,2274.68
2,276,normalize,cpu,2275.34,2279.05
2,276,g_a_cpu,cpu,2279.05,2279.67
2,276,g_a,dpu,2279.67,2285.48
2,276,g_a,dpu,2285.48,2291.18
2,276,g_a_cpu,cpu,2291.19,2291.69
2,276,h_a,dpu,2291.69,2303.58
2,276,eb_enc,cpu,2303.58,2303.71
2,276,eb_dec,cpu,2303.71,2303.83
2,276,h_s,dpu,2303.83,2313.25
2,276,gc,cpu,2313.26,2323.23
2,281,normalize,cpu,2323.97,2327.68
2,281,g_a_cpu,cpu,2327.68,2328.42
2,281,g_a,dpu,2328.42,2334.12
2,281,g_a,dpu,2334.12,2342.33
2,281,g_a_cpu,cpu,2342.33,2342.71
2,281,h_a,dpu,2342.71,2345.08
2,281,eb_enc,cpu,2345.08,2345.21
2,281,eb_dec,cpu,2345.21,2345.33
2,281,h_s,dpu,2345.33,2346.28
2,281,gc,cpu,2346.28,2356.34
2,286,normalize,cpu,2356.9,2360.68
2,286,g_a_cpu,cpu,2360.69,2361.21
2,286,g_a,dpu,2361.22,2366.96
2,286,g_a,dpu,2366.97,2375.47
2,286,g_a_cpu,cpu,2375.48,2375.87
2,286,h_a,dpu,2375.87,2385.17
2,286,eb_enc,cpu,2385.17,2385.35
2,286,eb_dec,cpu,2385.35,2385.49
2,286,h_s,dpu,2385.49,2395.16
2,286,gc,cpu,2395.16,2405.43
2,291,normalize,cpu,2406.02,2409.81
2,291,g_a_cpu,cpu,2409.82,2410.26
2,291,g_a,dpu,2410.26,2416.33
2,291,g_a,dpu,2416.34,2423.28
2,291,g_a_cpu,cpu,2423.28,2423.73
2,291,h_a,dpu,2423.74,2426.98
2,291,eb_enc,cpu,2426.98,2427.18
2,291,eb_dec,cpu,2427.18,2427.31
2,291,h_s,dpu,2427.31,2432.68
2,291,gc,cpu,2432.68,2443.36
2,296,normalize,cpu,2443.99,2447.84
2,296,g_a_cpu,cpu,2447.84,2448.42
2,296,g_a,dpu,2448.42,2465.12
2,296,g_a,dpu,2465.12,2470.75
2,296,g_a_cpu,cpu,2470.75,2471.56
2,296,h_a,dpu,2471.56,2473.07
2,296,eb_enc,cpu,2473.07,2473.2
2,296,eb_dec,cpu,2473.2,2473.31
2,296,h_s,dpu,2473.31,2481.86
2,296,gc,cpu,2481.86,2492.63
2,302,normalize,cpu,2493.13,2496.84
2,302,g_a_cpu,cpu,2496.85,2497.33
2,302,g_a,dpu,2497.34,2502.77
2,302,g_a,dpu,2502.77,2508.1
2,302,g_a_cpu,cpu,2508.1,2508.58
2,302,h_a,dpu,2508.58,2511.79
2,302,eb_enc,cpu,2511.8,2511.99
2,302,eb_dec,cpu,2511.99,2512.13
2,302,h_s,dpu,2512.13,2513.88
2,302,gc,cpu,2513.88,2524.72
2,306,normalize,cpu,2525.62,2529.31
2,306,g_a_cpu,cpu,2529.31,2529.71
2,306,g_a,dpu,2529.71,2535.56
2,306,g_a,dpu,2535.56,2543.3
2,306,g_a_cpu,cpu,2543.3,2543.72
2,306,h_a,dpu,2543.73,2553.74
2,306,eb_enc,cpu,2553.74,2553.9
2,306,eb_dec,cpu,2553.91,2554.03
2,306,h_s,dpu,2554.03,2555.01
2,306,gc,cpu,2555.01,2565.04
2,312,normalize,cpu,2565.58,2569.32
2,312,g_a_cpu,cpu,2569.33,2569.69
2,312,g_a,dpu,2569.69,2575.24
2,312,g_a,dpu,2575.24,2580.66
2,312,g_a_cpu,cpu,2580.66,2581.05
2,312,h_a,dpu,2581.05,2583.09
2,312,eb_enc,cpu,2583.09,2583.25
2,312,eb_dec,cpu,2583.25,2583.38
2,312,h_s,dpu,2583.38,2584.29
2,312,gc,cpu,2584.29,2594.2
2,315,normalize,cpu,2594.74,2598.45
2,315,g_a_cpu,cpu,2598.45,2598.86
2,315,g_a,dpu,2598.87,2606.4
2,315,g_a,dpu,2606.4,2611.88
2,315,g_a_cpu,cpu,2611.88,2612.46
2,315,h_a,dpu,2612.46,2617.99
2,315,eb_enc,cpu,2617.99,2618.15
2,315,eb_dec,cpu,2618.16,2618.28
2,315,h_s,dpu,2618.28,2622.67
2,315,gc,cpu,2622.67,2633.23
2,321,normalize,cpu,2633.77,2637.51
2,321,g_a_cpu,cpu,2637.51,2637.87
2,321,g_a,dpu,2637.88,2643.21
2,321,g_a,dpu,2643.21,2648.63
2,321,g_a_cpu,cpu,2648.63,2648.99
2,321,h_a,dpu,2648.99,2653.12
2,321,eb_enc,cpu,2653.13,2653.25
2,321,eb_dec,cpu,2653.25,2653.36
2,321,h_s,dpu,2653.36,2657.85
2,321,gc,cpu,2657.85,2668.77
2,326,normalize,cpu,2669.35,2673.09
2,326,g_a_cpu,cpu,2673.1,2673.42
2,326,g_a,dpu,2673.42,2679.1
2,326,g_a,dpu,2679.1,2684.52
2,326,g_a_cpu,cpu,2684.52,2684.94
2,326,h_a,dpu,2684.94,2686.62
2,326,eb_enc,cpu,2686.62,2686.77
2,326,eb_dec,cpu,2686.77,2686.93
2,326,h_s,dpu,2686.93,2688.07
2,326,gc,cpu,2688.07,2698.54
2,329,normalize,cpu,2699.37,2703.06
2,329,g_a_cpu,cpu,2703.07,2703.46
2,329,g_a,dpu,2703.46,2709.22
2,329,g_a,dpu,2709.23,2715.21
2,329,g_a_cpu,cpu,2715.21,2715.61
2,329,h_a,dpu,2715.62,2723.64
2,329,eb_enc,cpu,2723.64,2723.78
2,329,eb_dec,cpu,2723.78,2723.89
2,329,h_s,dpu,2723.89,2727.25
2,329,gc,cpu,2727.25,2737.54
2,335,normalize,cpu,2738.07,2741.8
2,335,g_a_cpu,cpu,2741.8,2742.13
2,335,g_a,dpu,2742.14,2747.52
2,335,g_a,dpu,2747.52,2752.95
2,335,g_a_cpu,cpu,2752.95,2753.32
2,335,h_a,dpu,2753.33,2761.2
2,335,eb_enc,cpu,2761.2,2761.37
2,335,eb_dec,cpu,2761.38,2761.49
2,335,h_s,dpu,2761.49,2767.74
2,335,gc,cpu,2767.74,2778.4
2,340,normalize,cpu,2779.03,2782.68
2,340,g_a_cpu,cpu,2782.68,2783.22
2,340,g_a,dpu,2783.23,2788.95
2,340,g_a,dpu,2788.95,2796.22
2,340,g_a_cpu,cpu,2796.22,2796.59
2,340,h_a,dpu,2796.6,2803.38
2,340,eb_enc,cpu,2803.38,2803.53
2,340,eb_dec,cpu,2803.53,2803.67
2,340,h_s,dpu,2803.67,2804.97
2,340,gc,cpu,2804.98,2824.57
2,347,normalize,cpu,2826.36,2830.04
2,347,g_a_cpu,cpu,2830.05,2830.52
2,347,g_a,dpu,2830.53,2838.41
2,347,g_a,dpu,2838.41,2847.81
2,347,g_a_cpu,cpu,2847.81,2848.24
2,347,h_a,dpu,2848.24,2850.1
2,347,eb_enc,cpu,2850.1,2850.23
2,347,eb_dec,cpu,2850.23,2850.35
2,347,h_s,dpu,2850.35,2860.15
2,347,gc,cpu,2860.15,2871.14
2,351,normalize,cpu,2871.84,2875.55
2,351,g_a_cpu,cpu,2875.55,2875.96
2,351,g_a,dpu,2875.97,2882.48
2,351,g_a,dpu,2882.48,2888.67
2,351,g_a_cpu,cpu,2888.67,2889.07
2,351,h_a,dpu,2889.07,2890.69
2,351,eb_enc,cpu,2890.69,2890.89
2,351,eb_dec,cpu,2890.89,2892.14
2,351,h_s,dpu,2892.14,2898.27
2,351,gc,cpu,2898.27,2909.63
2,355,normalize,cpu,2910.26,2914.04
2,355,g_a_cpu,cpu,2914.04,2914.38
2,355,g_a,dpu,2914.38,2919.93
2,355,g_a,dpu,2919.94,2925.59
2,355,g_a_cpu,cpu,2925.59,2926.24
2,355,h_a,dpu,2926.25,2931.42
2,355,eb_enc,cpu,2931.42,2931.67
2,355,eb_dec,cpu,2931.67,2931.83
2,355,h_s,dpu,2931.83,2933.21
2,355,gc,cpu,2933.21,2943.22
2,359,normalize,cpu,2943.86,2947.73
2,359,g_a_cpu,cpu,2947.74,2948.42
2,359,g_a,dpu,2948.43,2954.07
2,359,g_a,dpu,2954.07,2960.22
2,359,g_a_cpu,cpu,2960.22,2960.6
2,359,h_a,dpu,2960.61,2962.36
2,359,eb_enc,cpu,2962.36,2962.5
2,359,eb_dec,cpu,2962.5,2962.61
2,359,h_s,dpu,2962.61,2976.8
2,359,gc,cpu,2976.8,2987.29
2,365,normalize,cpu,2987.98,2991.73
2,365,g_a_cpu,cpu,2991.73,2992.17
2,365,g_a,dpu,2992.17,2997.74
2,365,g_a,dpu,2997.74,3005.5
2,365,g_a_cpu,cpu,3005.5,3005.86
2,365,h_a,dpu,3005.87,3015.52
2,365,eb_enc,cpu,3015.52,3015.7
2,365,eb_dec,cpu,3015.71,3015.84
2,365,h_s,dpu,3015.84,3017.43
2,365,gc,cpu,3017.43,3027.8
2,371,normalize,cpu,3028.32,3032.06
2,371,g_a_cpu,cpu,3032.06,3032.47
2,371,g_a,dpu,3032.48,3039.23
2,371,g_a,dpu,3039.23,3044.72
2,371,g_a_cpu,cpu,3044.73,3045.16
2,371,h_a,dpu,3045.16,3053.17
2,371,eb_enc,cpu,3053.17,3053.29
2,371,eb_dec,cpu,3053.3,3053.41
2,371,h_s,dpu,3053.41,3054.45
2,371,gc,cpu,3054.46,3064.64
2,376,normalize,cpu,3065.1,3068.85
2,376,g_a_cpu,cpu,3068.85,3069.3
2,376,g_a,dpu,3069.31,3078.78
2,376,g_a,dpu,3078.78,3084.53
2,376,g_a_cpu,cpu,3084.53,3084.91
2,376,h_a,dpu,3084.91,3086.97
2,376,eb_enc,cpu,3086.97,3087.12
2,376,eb_dec,cpu,3087.12,3087.24
2,376,h_s,dpu,3087.24,3092.32
2,376,gc,cpu,3092.32,3102.43
2,380,normalize,cpu,3103.25,3107.02
2,380,g_a_cpu,cpu,3107.02,3107.58
2,380,g_a,dpu,3107.59,3113.16
2,380,g_a,dpu,3113.16,3119.11
2,380,g_a_cpu,cpu,3119.11,3119.55
2,380,h_a,dpu,3119.56,3121.26
2,380,eb_enc,cpu,3121.26,3121.39
2,380,eb_dec,cpu,3121.39,3121.5
2,380,h_s,dpu,3121.5,3122.52
2,380,gc,cpu,3122.52,3132.97
2,385,normalize,cpu,3133.73,3137.42
2,385,g_a_cpu,cpu,3137.42,3137.73
2,385,g_a,dpu,3137.73,3143.37
2,385,g_a,dpu,3143.37,3162.13
2,385,g_a_cpu,cpu,3162.13,3162.49
2,385,h_a,dpu,3162.49,3164.57
2,385,eb_enc,cpu,3164.57,3164.7
2,385,eb_dec,cpu,3164.7,3164.81
2,385,h_s,dpu,3164.81,3172.23
2,385,gc,cpu,3172.23,3182.63
2,390,normalize,cpu,3183.23,3187.06
2,390,g_a_cpu,cpu,3187.07,3187.4
2,390,g_a,dpu,3187.4,3192.91
2,390,g_a,dpu,3192.91,3200.92
2,390,g_a_cpu,cpu,3200.92,3201.37
2,390,h_a,dpu,3201.38,3203.25
2,390,eb_enc,cpu,3203.25,3203.37
2,390,eb_dec,cpu,3203.37,3203.48
2,390,h_s,dpu,3203.48,3211.13
2,390,gc,cpu,3211.13,3221
2,395,normalize,cpu,3221.65,3225.39
2,395,g_a_cpu,cpu,3225.4,3225.86
2,395,g_a,dpu,3225.86,3231.82
2,395,g_a,dpu,3231.82,3237.33
2,395,g_a_cpu,cpu,3237.33,3237.69
2,395,h_a,dpu,3237.69,3239.39
2,395,eb_enc,cpu,3239.39,3239.54
2,395,eb_dec,cpu,3239.54,3239.67
2,395,h_s,dpu,3239.67,3240.75
2,395,gc,cpu,3240.76,3259.4
2,400,normalize,cpu,3260.15,3266.08
2,400,g_a_cpu,cpu,3266.08,3266.48
2,400,g_a,dpu,3266.49,3271.99
2,400,g_a,dpu,3271.99,3277.54
2,400,g_a_cpu,cpu,3277.54,3277.94
2,400,h_a,dpu,3277.94,3279.54
2,400,eb_enc,cpu,3279.54,3279.66
2,400,eb_dec,cpu,3279.66,3279.77
2,400,h_s,dpu,3279.77,3282.7
2,400,gc,cpu,3282.7,3296.72
2,405,normalize,cpu,3297.43,3301.11
2,405,g_a_cpu,cpu,3301.11,3301.99
2,405,g_a,dpu,3302,3311.09
2,405,g_a,dpu,3311.1,3317.26
2,405,g_a_cpu,cpu,3317.27,3317.85
2,405,h_a,dpu,3317.86,3319.81
2,405,eb_enc,cpu,3319.81,3319.96
2,405,eb_dec,cpu,3319.96,3320.08
2,405,h_s,dpu,3320.08,3321.34
2,405,gc,cpu,3321.34,3331.59
2,407,normalize,cpu,3332.31,3336.05
2,407,g_a_cpu,cpu,3336.05,3336.38
2,407,g_a,dpu,3336.39,3341.88
2,407,g_a,dpu,3341.88,3347.47
2,407,g_a_cpu,cpu,3347.47,3347.95
2,407,h_a,dpu,3347.95,3355.41
2,407,eb_enc,cpu,3355.41,3355.58
2,407,eb_dec,cpu,3355.58,3355.7
2,407,h_s,dpu,3355.7,3360.98
2,407,gc,cpu,3360.98,3371.24
2,411,normalize,cpu,3371.8,3375.56
2,411,g_a_cpu,cpu,3375.56,3376
2,411,g_a,dpu,3376,3381.77
2,411,g_a,dpu,3381.77,3387.28
2,411,g_a_cpu,cpu,3387.28,3387.65
2,411,h_a,dpu,3387.66,3395.59
2,411,eb_enc,cpu,3395.59,3395.72
2,411,eb_dec,cpu,3395.72,3395.83
2,411,h_s,dpu,3395.83,3398.87
2,411,gc,cpu,3398.87,3409.01
2,417,normalize,cpu,3409.47,3413.22
2,417,g_a_cpu,cpu,3413.22,3413.58
2,417,g_a,dpu,3413.58,3419.09
2,417,g_a,dpu,3419.09,3424.49
2,417,g_a_cpu,cpu,3424.49,3424.9
2,417,h_a,dpu,3424.9,3427.24
2,417,eb_enc,cpu,3427.24,3427.4
2,417,eb_dec,cpu,3427.4,3427.53
2,417,h_s,dpu,3427.53,3428.68
2,417,gc,cpu,3428.68,3438.87
2,421,normalize,cpu,3439.39,3443.07
2,421,g_a_cpu,cpu,3443.08,3443.41
2,421,g_a,dpu,3443.42,3449.01
2,421,g_a,dpu,3449.01,3457.49
2,421,g_a_cpu,cpu,3457.49,3457.89
2,421,h_a,dpu,3457.89,3459.36
2,421,eb_enc,cpu,3459.36,3459.49
2,421,eb_dec,cpu,3459.49,3459.6
2,421,h_s,dpu,3459.6,3465.28
2,421,gc,cpu,3465.28,3475.34
2,426,normalize,cpu,3475.9,3479.58
2,426,g_a_cpu,cpu,3479.59,3479.91
2,426,g_a,dpu,3479.92,3485.19
2,426,g_a,dpu,3485.2,3494.27
2,426,g_a_cpu,cpu,3494.28,3494.72
2,426,h_a,dpu,3494.72,3499.47
2,426,eb_enc,cpu,3499.47,3499.63
2,426,eb_dec,cpu,3499.63,3499.77
2,426,h_s,dpu,3499.77,3500.9
2,426,gc,cpu,3500.9,3511.03
2,431,normalize,cpu,3511.62,3515.37
2,431,g_a_cpu,cpu,3515.38,3515.82
2,431,g_a,dpu,3515.83,3521.24
2,431,g_a,dpu,3521.24,3526.76
2,431,g_a_cpu,cpu,3526.76,3527.27
2,431,h_a,dpu,3527.28,3536.66
2,431,eb_enc,cpu,3536.66,3536.83
2,431,eb_dec,cpu,3536.83,3536.96
2,431,h_s,dpu,3536.96,3541.48
2,431,gc,cpu,3541.48,3551.69
2,435,normalize,cpu,3552.22,3556.03
2,435,g_a_cpu,cpu,3556.04,3556.67
2,435,g_a,dpu,3556.67,3562.3
2,435,g_a,dpu,3562.31,3568.39
2,435,g_a_cpu,cpu,3568.39,3568.81
2,435,h_a,dpu,3568.81,3570.81
2,435,eb_enc,cpu,3570.81,3571.02
2,435,eb_dec,cpu,3571.02,3571.14
2,435,h_s,dpu,3571.14,3574.26
2,435,gc,cpu,3574.26,3584.89
2,440,normalize,cpu,3585.43,3589.14
2,440,g_a_cpu,cpu,3589.14,3589.48
2,440,g_a,dpu,3589.48,3595.03
2,440,g_a,dpu,3595.03,3600.6
2,440,g_a_cpu,cpu,3600.6,3601.17
2,440,h_a,dpu,3601.17,3606.24
2,440,eb_enc,cpu,3606.24,3606.4
2,440,eb_dec,cpu,3606.4,3606.51
2,440,h_s,dpu,3606.51,3615.74
2,440,gc,cpu,3615.74,3627.46
2,445,normalize,cpu,3628.09,3631.94
2,445,g_a_cpu,cpu,3631.95,3632.32
2,445,g_a,dpu,3632.32,3648.4
2,445,g_a,dpu,3648.4,3654.16
2,445,g_a_cpu,cpu,3654.16,3654.58
2,445,h_a,dpu,3654.58,3656.49
2,445,eb_enc,cpu,3656.49,3656.63
2,445,eb_dec,cpu,3656.63,3656.74
2,445,h_s,dpu,3656.74,3660.35
2,445,gc,cpu,3660.35,3670.52
2,450,normalize,cpu,3671.47,3675.2
2,450,g_a_cpu,cpu,3675.2,3675.54
2,450,g_a,dpu,3675.55,3687.3
2,450,g_a,dpu,3687.3,3695.39
2,450,g_a_cpu,cpu,3695.39,3695.87
2,450,h_a,dpu,3695.87,3697.58
2,450,eb_enc,cpu,3697.58,3697.7
2,450,eb_dec,cpu,3697.7,3697.81
2,450,h_s,dpu,3697.81,3699.15
2,450,gc,cpu,3699.15,3709.26
2,457,normalize,cpu,3709.78,3713.58
2,457,g_a_cpu,cpu,3713.59,3713.91
2,457,g_a,dpu,3713.91,3719.43
2,457,g_a,dpu,3719.43,3726.62
2,457,g_a_cpu,cpu,3726.62,3727
2,457,h_a,dpu,3727,3734.68
2,457,eb_enc,cpu,3734.69,3734.81
2,457,eb_dec,cpu,3734.81,3734.96
2,457,h_s,dpu,3734.96,3736.15
2,457,gc,cpu,3736.15,3752.88
2,462,normalize,cpu,3753.4,3757.07
2,462,g_a_cpu,cpu,3757.07,3757.53
2,462,g_a,dpu,3757.53,3768.82
2,462,g_a,dpu,3768.83,3776.93
2,462,g_a_cpu,cpu,3776.94,3777.41
2,462,h_a,dpu,3777.42,3779.84
2,462,eb_enc,cpu,3779.84,3780.01
2,462,eb_dec,cpu,3780.01,3780.14
2,462,h_s,dpu,3780.14,3785.67
2,462,gc,cpu,3785.67,3807.27
2,468,normalize,cpu,3807.84,3811.61
2,468,g_a_cpu,cpu,3811.62,3811.95
2,468,g_a,dpu,3811.96,3817.59
2,468,g_a,dpu,3817.59,3825.79
2,468,g_a_cpu,cpu,3825.79,3826.17
2,468,h_a,dpu,3826.17,3829.76
2,468,eb_enc,cpu,3829.76,3829.88
2,468,eb_dec,cpu,3829.88,3829.99
2,468,h_s,dpu,3829.99,3830.91
2,468,gc,cpu,3830.91,3841.15
2,472,normalize,cpu,3841.92,3845.64
2,472,g_a_cpu,cpu,3845.64,3846.02
2,472,g_a,dpu,3846.02,3851.44
2,472,g_a,dpu,3851.44,3857.24
2,472,g_a_cpu,cpu,3857.24,3857.63
2,472,h_a,dpu,3857.63,3867.55
2,472,eb_enc,cpu,3867.55,3867.71
2,472,eb_dec,cpu,3867.71,3867.83
2,472,h_s,dpu,3867.83,3869.48
2,472,gc,cpu,3869.48,3879.66
2,477,normalize,cpu,3880.26,3884.11
2,477,g_a_cpu,cpu,3884.12,3884.54
2,477,g_a,dpu,3884.55,3889.97
2,477,g_a,dpu,3889.97,3895.41
2,477,g_a_cpu,cpu,3895.41,3895.76
2,477,h_a,dpu,3895.76,3897.56
2,477,eb_enc,cpu,3897.56,3897.69
2,477,eb_dec,cpu,3897.69,3897.8
2,477,h_s,dpu,3897.8,3903.76
2,477,gc,cpu,3903.76,3913.74
2,481,normalize,cpu,3914.2,3918.01
2,481,g_a_cpu,cpu,3918.01,3918.59
2,481,g_a,dpu,3918.6,3924.14
2,481,g_a,dpu,3924.14,3937.03
2,481,g_a_cpu,cpu,3937.03,3937.4
2,481,h_a,dpu,3937.41,3939.65
2,481,eb_enc,cpu,3939.65,3939.81
2,481,eb_dec,cpu,3939.81,3939.93
2,481,h_s,dpu,3939.93,3943.58
2,481,gc,cpu,3943.58,3953.44
2,486,normalize,cpu,3954.2,3957.98
2,486,g_a_cpu,cpu,3957.99,3958.55
2,486,g_a,dpu,3958.55,3964.51
2,486,g_a,dpu,3964.51,3973.34
2,486,g_a_cpu,cpu,3973.34,3973.71
2,486,h_a,dpu,3973.71,3975.87
2,486,eb_enc,cpu,3975.87,3976.04
2,486,eb_dec,cpu,3976.04,3976.17
2,486,h_s,dpu,3976.17,3981.6
2,486,gc,cpu,3981.61,3992.4
2,491,normalize,cpu,3993.2,3996.88
2,491,g_a_cpu,cpu,3996.88,3997.37
2,491,g_a,dpu,3997.37,4005.12
2,491,g_a,dpu,4005.12,4010.36
2,491,g_a_cpu,cpu,4010.36,4010.79
2,491,h_a,dpu,4010.8,4021.88
2,491,eb_enc,cpu,4021.88,4022.01
2,491,eb_dec,cpu,4022.01,4022.12
2,491,h_s,dpu,4022.12,4027.2
2,491,gc,cpu,4027.2,4038.49
2,497,normalize,cpu,4039.17,4043.29
2,497,g_a_cpu,cpu,4043.29,4043.57
2,497,g_a,dpu,4043.57,4049.83
2,497,g_a,dpu,4049.83,4060.23
2,497,g_a_cpu,cpu,4060.23,4060.63
2,497,h_a,dpu,4060.63,4062.49
2,497,eb_enc,cpu,4062.49,4062.63
2,497,eb_dec,cpu,4062.63,4062.79
2,497,h_s,dpu,4062.79,4063.87
2,497,gc,cpu,4063.87,4074.48
2,501,normalize,cpu,4075.13,4078.95
2,501,g_a_cpu,cpu,4078.95,4079.24
2,501,g_a,dpu,4079.25,4084.53
2,501,g_a,dpu,4084.53,4089.91
2,501,g_a_cpu,cpu,4089.91,4090.38
2,501,h_a,dpu,4090.39,4092.09
2,501,eb_enc,cpu,4092.09,4092.21
2,501,eb_dec,cpu,4092.21,4092.33
2,501,h_s,dpu,4092.33,4093.36
2,501,gc,cpu,4093.36,4104.3
2,505,normalize,cpu,4104.92,4108.72
2,505,g_a_cpu,cpu,4108.72,4109.21
2,505,g_a,dpu,4109.21,4114.76
2,505,g_a,dpu,4114.76,4122.5
2,505,g_a_cpu,cpu,4122.51,4122.99
2,505,h_a,dpu,4123.03,4126.51
2,505,eb_enc,cpu,4126.51,4126.67
2,505,eb_dec,cpu,4126.68,4126.8
2,505,h_s,dpu,4126.8,4127.91
2,505,gc,cpu,4127.91,4138.16
2,510,normalize,cpu,4138.9,4142.66
2,510,g_a_cpu,cpu,4142.66,4143.21
2,510,g_a,dpu,4143.21,4148.75
2,510,g_a,dpu,4148.75,4162.5
2,510,g_a_cpu,cpu,4162.5,4162.93
2,510,h_a,dpu,4162.94,4164.6
2,510,eb_enc,cpu,4164.6,4164.75
2,510,eb_dec,cpu,4164.75,4164.86
2,510,h_s,dpu,4164.86,4165.98
2,510,gc,cpu,4165.98,4176.05
2,515,normalize,cpu,4176.67,4180.5
2,515,g_a_cpu,cpu,4180.51,4180.86
2,515,g_a,dpu,4180.86,4186.23
2,515,g_a,dpu,4186.23,4192.19
2,515,g_a_cpu,cpu,4192.19,4192.61
2,515,h_a,dpu,4192.61,4194.46
2,515,eb_enc,cpu,4194.46,4194.58
2,515,eb_dec,cpu,4194.58,4194.7
2,515,h_s,dpu,4194.7,4195.85
2,515,gc,cpu,4195.85,4206.08
2,519,normalize,cpu,4206.62,4210.43
2,519,g_a_cpu,cpu,4210.44,4210.77
2,519,g_a,dpu,4210.78,4216.19
2,519,g_a,dpu,4216.19,4223.58
2,519,g_a_cpu,cpu,4223.58,4224.12
2,519,h_a,dpu,4224.12,4226.35
2,519,eb_enc,cpu,4226.35,4226.6
2,519,eb_dec,cpu,4226.6,4226.77
2,519,h_s,dpu,4226.77,4237.84
2,519,gc,cpu,4237.85,4249.18
2,523,normalize,cpu,4250.32,4254.15
2,523,g_a_cpu,cpu,4254.15,4254.56
2,523,g_a,dpu,4254.56,4260.14
2,523,g_a,dpu,4260.14,4265.51
2,523,g_a_cpu,cpu,4265.52,4265.87
2,523,h_a,dpu,4265.87,4267.46
2,523,eb_enc,cpu,4267.46,4267.61
2,523,eb_dec,cpu,4267.62,4267.72
2,523,h_s,dpu,4267.72,4274.82
2,523,gc,cpu,4274.82,4290.11
2,527,normalize,cpu,4291.27,4300.61
2,527,g_a_cpu,cpu,4300.61,4301.23
2,527,g_a,dpu,4301.23,4307.04
2,527,g_a,dpu,4307.04,4316.89
2,527,g_a_cpu,cpu,4316.9,4317.3
2,527,h_a,dpu,4317.3,4319.61
2,527,eb_enc,cpu,4319.61,4319.8
2,527,eb_dec,cpu,4319.8,4319.92
2,527,h_s,dpu,4319.92,4320.87
2,527,gc,cpu,4320.87,4331.15
2,533,normalize,cpu,4331.78,4335.6
2,533,g_a_cpu,cpu,4335.6,4336.05
2,533,g_a,dpu,4336.05,4341.64
2,533,g_a,dpu,4341.64,4347.51
2,533,g_a_cpu,cpu,4347.52,4348.05
2,533,h_a,dpu,4348.06,4372.21
2,533,eb_enc,cpu,4372.21,4372.33
2,533,eb_dec,cpu,4372.33,4372.44
2,533,h_s,dpu,4372.44,4373.51
2,533,gc,cpu,4373.51,4383.82
2,540,normalize,cpu,4384.64,4388.42
2,540,g_a_cpu,cpu,4388.43,4388.74
2,540,g_a,dpu,4388.75,4394.14
2,540,g_a,dpu,4394.14,4402.82
2,540,g_a_cpu,cpu,4402.82,4403.25
2,540,h_a,dpu,4403.26,4414.9
2,540,eb_enc,cpu,4414.9,4415.07
2,540,eb_dec,cpu,4415.07,4415.18
2,540,h_s,dpu,4415.19,4419.79
2,540,gc,cpu,4419.79,4430.3
2,546,normalize,cpu,4430.78,4434.46
2,546,g_a_cpu,cpu,4434.46,4434.85
2,546,g_a,dpu,4434.86,4440.32
2,546,g_a,dpu,4440.32,4445.64
2,546,g_a_cpu,cpu,4445.64,4446.1
2,546,h_a,dpu,4446.1,4447.64
2,546,eb_enc,cpu,4447.64,4447.78
2,546,eb_dec,cpu,4447.78,4447.89
2,546,h_s,dpu,4447.89,4448.83
2,546,gc,cpu,4448.83,4458.8
2,548,normalize,cpu,4459.45,4463.21
2,548,g_a_cpu,cpu,4463.21,4463.61
2,548,g_a,dpu,4463.61,4469.16
2,548,g_a,dpu,4469.16,4476.34
2,548,g_a_cpu,cpu,4476.34,4476.7
2,548,h_a,dpu,4476.71,4486.74
2,548,eb_enc,cpu,4486.75,4486.97
2,548,eb_dec,cpu,4486.97,4487.09
2,548,h_s,dpu,4487.09,4488.86
2,548,gc,cpu,4488.87,4498.85
2,554,normalize,cpu,4499.3,4503.02
2,554,g_a_cpu,cpu,4503.02,4503.54
2,554,g_a,dpu,4503.54,4509.08
2,554,g_a,dpu,4509.08,4517.01
2,554,g_a_cpu,cpu,4517.01,4517.42
2,554,h_a,dpu,4517.42,4525.03
2,554,eb_enc,cpu,4525.03,4525.18
2,554,eb_dec,cpu,4525.19,4525.3
2,554,h_s,dpu,4525.3,4526.27
2,554,gc,cpu,4526.27,4536.62
2,558,normalize,cpu,4537.16,4540.89
2,558,g_a_cpu,cpu,4540.89,4541.21
2,558,g_a,dpu,4541.21,4552.88
2,558,g_a,dpu,4552.88,4558.39
2,558,g_a_cpu,cpu,4558.39,4559.07
2,558,h_a,dpu,4559.08,4561.05
2,558,eb_enc,cpu,4561.05,4561.26
2,558,eb_dec,cpu,4561.26,4561.39
2,558,h_s,dpu,4561.39,4565.08
2,558,gc,cpu,4565.09,4575.39
2,563,normalize,cpu,4575.93,4579.61
2,563,g_a_cpu,cpu,4579.62,4579.96
2,563,g_a,dpu,4579.96,4586.22
2,563,g_a,dpu,4586.22,4591.83
2,563,g_a_cpu,cpu,4591.83,4592.31
2,563,h_a,dpu,4592.31,4594.61
2,563,eb_enc,cpu,4594.61,4594.74
2,563,eb_dec,cpu,4594.74,4594.88
2,563,h_s,dpu,4594.88,4599.84
2,563,gc,cpu,4599.84,4616.52
2,569,normalize,cpu,4617.14,4622.02
2,569,g_a_cpu,cpu,4622.03,4622.42
2,569,g_a,dpu,4622.43,4628.32
2,569,g_a,dpu,4628.32,4637.1
2,569,g_a_cpu,cpu,4637.11,4637.55
2,569,h_a,dpu,4637.55,4639.4
2,569,eb_enc,cpu,4639.4,4639.58
2,569,eb_dec,cpu,4639.58,4639.71
2,569,h_s,dpu,4639.71,4641.02
2,569,gc,cpu,4641.02,4650.95
2,573,normalize,cpu,4651.42,4655.1
2,573,g_a_cpu,cpu,4655.1,4655.48
2,573,g_a,dpu,4655.48,4661.04
2,573,g_a,dpu,4661.05,4666.36
2,573,g_a_cpu,cpu,4666.36,4666.78
2,573,h_a,dpu,4666.78,4669.94
2,573,eb_enc,cpu,4669.94,4670.09
2,573,eb_dec,cpu,4670.09,4670.2
2,573,h_s,dpu,4670.2,4680.98
2,573,gc,cpu,4680.98,4691.93
2,580,normalize,cpu,4693.07,4705.47
2,580,g_a_cpu,cpu,4705.47,4705.9
2,580,g_a,dpu,4705.91,4712.81
2,580,g_a,dpu,4712.81,4719.59
2,580,g_a_cpu,cpu,4719.6,4720.26
2,580,h_a,dpu,4720.27,4736.7
2,580,eb_enc,cpu,4736.7,4736.88
2,580,eb_dec,cpu,4736.89,4737.02
2,580,h_s,dpu,4737.02,4738.65
2,580,gc,cpu,4738.65,4749.08
2,586,normalize,cpu,4749.57,4753.28
2,586,g_a_cpu,cpu,4753.28,4753.65
2,586,g_a,dpu,4753.65,4759.8
2,586,g_a,dpu,4759.8,4767.45
2,586,g_a_cpu,cpu,4767.45,4767.79
2,586,h_a,dpu,4767.79,4770.57
2,586,eb_enc,cpu,4770.57,4770.8
2,586,eb_dec,cpu,4770.8,4770.97
2,586,h_s,dpu,4770.97,4775.13
2,586,gc,cpu,4775.13,4785.35
2,590,normalize,cpu,4786.09,4789.76
2,590,g_a_cpu,cpu,4789.77,4790.14
2,590,g_a,dpu,4790.14,4796.09
2,590,g_a,dpu,4796.09,4804.39
2,590,g_a_cpu,cpu,4804.39,4804.94
2,590,h_a,dpu,4804.95,4808.17
2,590,eb_enc,cpu,4808.18,4808.33
2,590,eb_dec,cpu,4808.33,4808.45
2,590,h_s,dpu,4808.45,4810.53
2,590,gc,cpu,4810.53,4820.79
2,594,normalize,cpu,4821.42,4825.11
2,594,g_a_cpu,cpu,4825.12,4825.55
2,594,g_a,dpu,4825.55,4831.21
2,594,g_a,dpu,4831.22,4838.96
2,594,g_a_cpu,cpu,4838.96,4839.29
2,594,h_a,dpu,4839.3,4847.32
2,594,eb_enc,cpu,4847.32,4847.45
2,594,eb_dec,cpu,4847.45,4847.56
2,594,h_s,dpu,4847.56,4849.4
2,594,gc,cpu,4849.41,4859.73
2,599,normalize,cpu,4860.35,4864.16
2,599,g_a_cpu,cpu,4864.17,4864.51
2,599,g_a,dpu,4864.52,4870.07
2,599,g_a,dpu,4870.07,4877.96
2,599,g_a_cpu,cpu,4877.96,4878.46
2,599,h_a,dpu,4878.46,4883.04
2,599,eb_enc,cpu,4883.04,4883.17
2,599,eb_dec,cpu,4883.17,4883.28
2,599,h_s,dpu,4883.28,4884.23
2,599,gc,cpu,4884.23,4894.37
2,606,normalize,cpu,4894.79,4898.49
2,606,g_a_cpu,cpu,4898.49,4899.06
2,606,g_a,dpu,4899.06,4904.51
2,606,g_a,dpu,4904.52,4911.92
2,606,g_a_cpu,cpu,4911.92,4912.4
2,606,h_a,dpu,4912.4,4914.92
2,606,eb_enc,cpu,4914.92,4915.04
2,606,eb_dec,cpu,4915.05,4915.15
2,606,h_s,dpu,4915.15,4916.04
2,606,gc,cpu,4916.04,4926.22
2,609,normalize,cpu,4926.8,4941.61
2,609,g_a_cpu,cpu,4941.61,4942.02
2,609,g_a,dpu,4942.02,4947.4
2,609,g_a,dpu,4947.4,4952.89
2,609,g_a_cpu,cpu,4952.89,4953.29
2,609,h_a,dpu,4953.29,4955.99
2,609,eb_enc,cpu,4955.99,4956.12
2,609,eb_dec,cpu,4956.12,4956.23
2,609,h_s,dpu,4956.23,4957.17
2,609,gc,cpu,4957.17,4967.2
2,614,normalize,cpu,4967.83,4971.49
2,614,g_a_cpu,cpu,4971.5,4971.81
2,614,g_a,dpu,4971.81,4977.25
2,614,g_a,dpu,4977.25,4983.87
2,614,g_a_cpu,cpu,4983.87,4984.32
2,614,h_a,dpu,4984.32,4988.99
2,614,eb_enc,cpu,4988.99,4989.14
2,614,eb_dec,cpu,4989.15,4989.27
2,614,h_s,dpu,4989.27,4995.75
2,614,gc,cpu,4995.75,5005.7
2,619,normalize,cpu,5006.33,5010.05
2,619,g_a_cpu,cpu,5010.05,5010.67
2,619,g_a,dpu,5010.67,5016.12
2,619,g_a,dpu,5016.12,5021.43
2,619,g_a_cpu,cpu,5021.43,5021.78
2,619,h_a,dpu,5021.79,5024.3
2,619,eb_enc,cpu,5024.3,5024.42
2,619,eb_dec,cpu,5024.42,5024.53
2,619,h_s,dpu,5024.53,5033.26
2,619,gc,cpu,5033.26,5043.7
2,623,normalize,cpu,5044.27,5048.02
2,623,g_a_cpu,cpu,5048.03,5048.39
2,623,g_a,dpu,5048.39,5053.93
2,623,g_a,dpu,5053.94,5059.42
2,623,g_a_cpu,cpu,5059.42,5059.86
2,623,h_a,dpu,5059.86,5067.62
2,623,eb_enc,cpu,5067.62,5067.75
2,623,eb_dec,cpu,5067.75,5067.86
2,623,h_s,dpu,5067.86,5070.37
2,623,gc,cpu,5070.37,5080.16
2,628,normalize,cpu,5080.66,5084.45
2,628,g_a_cpu,cpu,5084.46,5085.21
2,628,g_a,dpu,5085.21,5094.74
2,628,g_a,dpu,5094.74,5112.04
2,628,g_a_cpu,cpu,5112.04,5112.42
2,628,h_a,dpu,5112.42,5121.42
2,628,eb_enc,cpu,5121.42,5121.54
2,628,eb_dec,cpu,5121.54,5121.65
2,628,h_s,dpu,5121.65,5122.73
2,628,gc,cpu,5122.73,5132.63
2,633,normalize,cpu,5133.13,5136.83
2,633,g_a_cpu,cpu,5136.84,5137.4
2,633,g_a,dpu,5137.4,5142.92
2,633,g_a,dpu,5142.92,5148.79
2,633,g_a_cpu,cpu,5148.8,5149.36
2,633,h_a,dpu,5149.37,5152.09
2,633,eb_enc,cpu,5152.09,5152.28
2,633,eb_dec,cpu,5152.28,5152.44
2,633,h_s,dpu,5152.44,5160.48
2,633,gc,cpu,5160.48,5171.1
2,638,normalize,cpu,5171.81,5175.48
2,638,g_a_cpu,cpu,5175.48,5175.93
2,638,g_a,dpu,5175.94,5181.96
2,638,g_a,dpu,5181.96,5188.55
2,638,g_a_cpu,cpu,5188.56,5189.01
2,638,h_a,dpu,5189.01,5192.1
2,638,eb_enc,cpu,5192.1,5192.22
2,638,eb_dec,cpu,5192.22,5192.33
2,638,h_s,dpu,5192.33,5213.18
2,638,gc,cpu,5213.18,5223.18
2,643,normalize,cpu,5224.1,5227.77
2,643,g_a_cpu,cpu,5227.77,5228.13
2,643,g_a,dpu,5228.13,5233.72
2,643,g_a,dpu,5233.73,5239.11
2,643,g_a_cpu,cpu,5239.11,5239.49
2,643,h_a,dpu,5239.49,5243.59
2,643,eb_enc,cpu,5243.59,5243.74
2,643,eb_dec,cpu,5243.74,5243.85
2,643,h_s,dpu,5243.85,5251.37
2,643,gc,cpu,5251.37,5261.65
2,648,normalize,cpu,5262.33,5266.09
2,648,g_a_cpu,cpu,5266.1,5266.42
2,648,g_a,dpu,5266.42,5283.75
2,648,g_a,dpu,5283.75,5288.91
2,648,g_a_cpu,cpu,5288.91,5289.26
2,648,h_a,dpu,5289.26,5296.83
2,648,eb_enc,cpu,5296.83,5296.99
2,648,eb_dec,cpu,5296.99,5297.11
2,648,h_s,dpu,5297.11,5298.7
2,648,gc,cpu,5298.7,5308.59
2,654,normalize,cpu,5309.03,5319.1
2,654,g_a_cpu,cpu,5319.1,5319.48
2,654,g_a,dpu,5319.49,5324.92
2,654,g_a,dpu,5324.92,5330.12
2,654,g_a_cpu,cpu,5330.12,5330.51
2,654,h_a,dpu,5330.51,5339.43
2,654,eb_enc,cpu,5339.43,5339.58
2,654,eb_dec,cpu,5339.58,5339.7
2,654,h_s,dpu,5339.7,5351.1
2,654,gc,cpu,5351.11,5361.1
2,662,normalize,cpu,5361.59,5365.33
2,662,g_a_cpu,cpu,5365.33,5365.73
2,662,g_a,dpu,5365.73,5371.26
2,662,g_a,dpu,5371.26,5379.86
2,662,g_a_cpu,cpu,5379.87,5380.28
2,662,h_a,dpu,5380.28,5381.92
2,662,eb_enc,cpu,5381.92,5382.05
2,662,eb_dec,cpu,5382.05,5382.16
2,662,h_s,dpu,5382.16,5383.18
2,662,gc,cpu,5383.18,5397.98
2,667,normalize,cpu,5398.52,5403.16
2,667,g_a_cpu,cpu,5403.16,5403.43
2,667,g_a,dpu,5403.43,5409.14
2,667,g_a,dpu,5409.14,5419.13
2,667,g_a_cpu,cpu,5419.13,5419.55
2,667,h_a,dpu,5419.55,5421.2
2,667,eb_enc,cpu,5421.2,5421.34
2,667,eb_dec,cpu,5421.34,5421.45
2,667,h_s,dpu,5421.45,5422.65
2,667,gc,cpu,5422.65,5437.67
2,671,normalize,cpu,5438.45,5443.57
2,671,g_a_cpu,cpu,5443.57,5443.89
2,671,g_a,dpu,5443.89,5449.43
2,671,g_a,dpu,5449.43,5458.65
2,671,g_a_cpu,cpu,5458.65,5459.14
2,671,h_a,dpu,5459.14,5460.95
2,671,eb_enc,cpu,5460.95,5461.07
2,671,eb_dec,cpu,5461.07,5461.18
2,671,h_s,dpu,5461.18,5462.28
2,671,gc,cpu,5462.28,5472.27
2,676,normalize,cpu,5472.81,5476.55
2,676,g_a_cpu,cpu,5476.56,5476.94
2,676,g_a,dpu,5476.94,5482.7
2,676,g_a,dpu,5482.7,5488.58
2,676,g_a_cpu,cpu,5488.58,5488.99
2,676,h_a,dpu,5488.99,5493.42
2,676,eb_enc,cpu,5493.42,5493.61
2,676,eb_dec,cpu,5493.62,5493.75
2,676,h_s,dpu,5493.75,5495.19
2,676,gc,cpu,5495.19,5505.36
2,680,normalize,cpu,5505.98,5509.63
2,680,g_a_cpu,cpu,5509.64,5510.02
2,680,g_a,dpu,5510.02,5515.56
2,680,g_a,dpu,5515.56,5522.99
2,680,g_a_cpu,cpu,5523,5523.63
2,680,h_a,dpu,5523.64,5525.67
2,680,eb_enc,cpu,5525.67,5525.81
2,680,eb_dec,cpu,5525.81,5525.92
2,680,h_s,dpu,5525.92,5526.94
2,680,gc,cpu,5526.95,5537.24
2,685,normalize,cpu,5537.86,5541.56
2,685,g_a_cpu,cpu,5541.57,5541.89
2,685,g_a,dpu,5541.89,5547.15
2,685,g_a,dpu,5547.15,5552.31
2,685,g_a_cpu,cpu,5552.31,5552.7
2,685,h_a,dpu,5552.71,5560.12
2,685,eb_enc,cpu,5560.12,5560.28
2,685,eb_dec,cpu,5560.28,5560.4
2,685,h_s,dpu,5560.4,5561.94
2,685,gc,cpu,5561.94,5571.83
2,689,normalize,cpu,5572.39,5576.15
2,689,g_a_cpu,cpu,5576.15,5576.59
2,689,g_a,dpu,5576.6,5582.37
2,689,g_a,dpu,5582.37,5587.81
2,689,g_a_cpu,cpu,5587.81,5588.15
2,689,h_a,dpu,5588.15,5595.47
2,689,eb_enc,cpu,5595.47,5595.63
2,689,eb_dec,cpu,5595.63,5595.75
2,689,h_s,dpu,5595.75,5596.75
2,689,gc,cpu,5596.75,5606.74
2,692,normalize,cpu,5607.38,5611.08
2,692,g_a_cpu,cpu,5611.08,5611.44
2,692,g_a,dpu,5611.44,5616.88
2,692,g_a,dpu,5616.88,5622.68
2,692,g_a_cpu,cpu,5622.68,5623.25
2,692,h_a,dpu,5623.25,5634.99
2,692,eb_enc,cpu,5634.99,5635.15
2,692,eb_dec,cpu,5635.15,5635.26
2,692,h_s,dpu,5635.26,5637.01
2,692,gc,cpu,5637.01,5647.69
2,697,normalize,cpu,5648.58,5652.27
2,697,g_a_cpu,cpu,5652.28,5652.77
2,697,g_a,dpu,5652.78,5658.47
2,697,g_a,dpu,5658.47,5667.43
2,697,g_a_cpu,cpu,5667.43,5667.81
2,697,h_a,dpu,5667.81,5673.74
2,697,eb_enc,cpu,5673.74,5673.89
2,697,eb_dec,cpu,5673.89,5674.02
2,697,h_s,dpu,5674.02,5677.37
2,697,gc,cpu,5677.37,5687.52
2,702,normalize,cpu,5688.03,5691.71
2,702,g_a_cpu,cpu,5691.71,5692.01
2,702,g_a,dpu,5692.01,5697.83
2,702,g_a,dpu,5697.83,5707.6
2,702,g_a_cpu,cpu,5707.61,5708.1
2,702,h_a,dpu,5708.1,5710.61
2,702,eb_enc,cpu,5710.61,5710.74
2,702,eb_dec,cpu,5710.74,5710.88
2,702,h_s,dpu,5710.88,5726.15
2,702,gc,cpu,5726.15,5736.33
2,708,normalize,cpu,5736.89,5740.62
2,708,g_a_cpu,cpu,5740.62,5741.03
2,708,g_a,dpu,5741.03,5756.98
2,708,g_a,dpu,5756.98,5762.38
2,708,g_a_cpu,cpu,5762.38,5762.76
2,708,h_a,dpu,5762.77,5764.38
2,708,eb_enc,cpu,5764.38,5764.5
2,708,eb_dec,cpu,5764.5,5764.61
2,708,h_s,dpu,5764.61,5771.82
2,708,gc,cpu,5771.82,5782.19
2,714,normalize,cpu,5782.96,5786.58
2,714,g_a_cpu,cpu,5786.58,5787.1
2,714,g_a,dpu,5787.11,5792.6
2,714,g_a,dpu,5792.61,5798.09
2,714,g_a_cpu,cpu,5798.09,5798.59
2,714,h_a,dpu,5798.6,5801.69
2,714,eb_enc,cpu,5801.69,5801.84
2,714,eb_dec,cpu,5801.84,5801.96
2,714,h_s,dpu,5801.96,5810.33
2,714,gc,cpu,5810.34,5820.48
2,719,normalize,cpu,5821.15,5825
2,719,g_a_cpu,cpu,5825,5825.57
2,719,g_a,dpu,5825.58,5832.06
2,719,g_a,dpu,5832.06,5837.44
2,719,g_a_cpu,cpu,5837.44,5837.88
2,719,h_a,dpu,5837.88,5842.97
2,719,eb_enc,cpu,5842.97,5843.1
2,719,eb_dec,cpu,5843.1,5843.21
2,719,h_s,dpu,5843.21,5847.64
2,719,gc,cpu,5847.64,5858.01
2,724,normalize,cpu,5858.69,5863.28
2,724,g_a_cpu,cpu,5863.29,5863.68
2,724,g_a,dpu,5863.68,5874.79
2,724,g_a,dpu,5874.79,5880.55
2,724,g_a_cpu,cpu,5880.55,5880.98
2,724,h_a,dpu,5880.99,5882.8
2,724,eb_enc,cpu,5882.8,5883.01
2,724,eb_dec,cpu,5883.01,5883.12
2,724,h_s,dpu,5883.12,5891.76
2,724,gc,cpu,5891.77,5903.96
2,730,normalize,cpu,5904.44,5908.16
2,730,g_a_cpu,cpu,5908.17,5908.53
2,730,g_a,dpu,5908.53,5914.02
2,730,g_a,dpu,5914.02,5920.94
2,730,g_a_cpu,cpu,5920.94,5921.57
2,730,h_a,dpu,5921.57,5923.41
2,730,eb_enc,cpu,5923.41,5923.56
2,730,eb_dec,cpu,5923.56,5923.68
2,730,h_s,dpu,5923.68,5931.14
2,730,gc,cpu,5931.14,5942.05
2,735,normalize,cpu,5943.09,5947.49
2,735,g_a_cpu,cpu,5947.49,5948.26
2,735,g_a,dpu,5948.26,5955.13
2,735,g_a,dpu,5955.13,5975.91
2,735,g_a_cpu,cpu,5975.91,5976.26
2,735,h_a,dpu,5976.26,5984.56
2,735,eb_enc,cpu,5984.57,5984.68
2,735,eb_dec,cpu,5984.68,5984.79
2,735,h_s,dpu,5984.79,5991.93
2,735,gc,cpu,5991.93,6002.04
2,740,normalize,cpu,6002.59,6006.32
2,740,g_a_cpu,cpu,6006.33,6006.66
2,740,g_a,dpu,6006.66,6012.3
2,740,g_a,dpu,6012.31,6020.34
2,740,g_a_cpu,cpu,6020.34,6020.72
2,740,h_a,dpu,6020.73,6028.51
2,740,eb_enc,cpu,6028.51,6028.68
2,740,eb_dec,cpu,6028.68,6028.81
2,740,h_s,dpu,6028.82,6030.03
2,740,gc,cpu,6030.03,6040.1
2,746,normalize,cpu,6040.75,6044.45
2,746,g_a_cpu,cpu,6044.46,6044.92
2,746,g_a,dpu,6044.92,6050.58
2,746,g_a,dpu,6050.59,6057.09
2,746,g_a_cpu,cpu,6057.09,6057.58
2,746,h_a,dpu,6057.58,6060.68
2,746,eb_enc,cpu,6060.68,6060.8
2,746,eb_dec,cpu,6060.8,6060.91
2,746,h_s,dpu,6060.91,6068.14
2,746,gc,cpu,6068.14,6078.24
2,751,normalize,cpu,6078.75,6082.45
2,751,g_a_cpu,cpu,6082.45,6083.08
2,751,g_a,dpu,6083.08,6088.66
2,751,g_a,dpu,6088.66,6094.23
2,751,g_a_cpu,cpu,6094.23,6094.78
2,751,h_a,dpu,6094.79,6100.78
2,751,eb_enc,cpu,6100.79,6100.99
2,751,eb_dec,cpu,6101,6101.13
2,751,h_s,dpu,6101.13,6106.42
2,751,gc,cpu,6106.43,6117.14
2,754,normalize,cpu,6118.26,6122.07
2,754,g_a_cpu,cpu,6122.08,6122.49
2,754,g_a,dpu,6122.49,6128.2
2,754,g_a,dpu,6128.2,6133.67
2,754,g_a_cpu,cpu,6133.67,6134.02
2,754,h_a,dpu,6134.02,6143.81
2,754,eb_enc,cpu,6143.81,6143.94
2,754,eb_dec,cpu,6143.94,6144.06
2,754,h_s,dpu,6144.06,6149.77
2,754,gc,cpu,6149.77,6159.87
2,759,normalize,cpu,6160.46,6164.15
2,759,g_a_cpu,cpu,6164.15,6164.53
2,759,g_a,dpu,6164.53,6170.17
2,759,g_a,dpu,6170.17,6175.53
2,759,g_a_cpu,cpu,6175.54,6175.97
2,759,h_a,dpu,6175.97,6177.86
2,759,eb_enc,cpu,6177.86,6178.04
2,759,eb_dec,cpu,6178.04,6178.17
2,759,h_s,dpu,6178.17,6179.52
2,759,gc,cpu,6179.52,6191.88
2,765,normalize,cpu,6192.4,6196.77
2,765,g_a_cpu,cpu,6196.77,6197.1
2,765,g_a,dpu,6197.1,6202.97
2,765,g_a,dpu,6202.97,6210.44
2,765,g_a_cpu,cpu,6210.44,6210.8
2,765,h_a,dpu,6210.8,6214.6
2,765,eb_enc,cpu,6214.6,6214.75
2,765,eb_dec,cpu,6214.75,6214.91
2,765,h_s,dpu,6214.91,6216.04
2,765,gc,cpu,6216.04,6225.91
2,769,normalize,cpu,6226.35,6238.1
2,769,g_a_cpu,cpu,6238.1,6238.43
2,769,g_a,dpu,6238.43,6243.94
2,769,g_a,dpu,6243.94,6251.77
2,769,g_a_cpu,cpu,6251.77,6252.17
2,769,h_a,dpu,6252.17,6255.01
2,769,eb_enc,cpu,6255.01,6255.14
2,769,eb_dec,cpu,6255.14,6255.29
2,769,h_s,dpu,6255.29,6256.59
2,769,gc,cpu,6256.59,6272.85
2,775,normalize,cpu,6273.3,6277.79
2,775,g_a_cpu,cpu,6277.79,6278.08
2,775,g_a,dpu,6278.09,6283.45
2,775,g_a,dpu,6283.45,6294.19
2,775,g_a_cpu,cpu,6294.19,6294.64
2,775,h_a,dpu,6294.64,6302.81
2,775,eb_enc,cpu,6302.81,6303
2,775,eb_dec,cpu,6303,6303.12
2,775,h_s,dpu,6303.12,6314.02
2,775,gc,cpu,6314.02,6324.1
2,780,normalize,cpu,6324.89,6328.61
2,780,g_a_cpu,cpu,6328.61,6328.96
2,780,g_a,dpu,6328.96,6335.79
2,780,g_a,dpu,6335.8,6341.9
2,780,g_a_cpu,cpu,6341.91,6342.35
2,780,h_a,dpu,6342.35,6344.25
2,780,eb_enc,cpu,6344.25,6344.37
2,780,eb_dec,cpu,6344.38,6344.48
2,780,h_s,dpu,6344.48,6347.07
2,780,gc,cpu,6347.07,6357.43
2,785,normalize,cpu,6358.13,6361.8
2,785,g_a_cpu,cpu,6361.81,6362.38
2,785,g_a,dpu,6362.38,6367.97
2,785,g_a,dpu,6367.97,6373.42
2,785,g_a_cpu,cpu,6373.42,6373.86
2,785,h_a,dpu,6373.86,6375.46
2,785,eb_enc,cpu,6375.46,6375.59
2,785,eb_dec,cpu,6375.59,6375.7
2,785,h_s,dpu,6375.71,6376.66
2,785,gc,cpu,6376.66,6387.24
2,788,normalize,cpu,6387.98,6391.66
2,788,g_a_cpu,cpu,6391.66,6392.05
2,788,g_a,dpu,6392.06,6397.48
2,788,g_a,dpu,6397.48,6403.47
2,788,g_a_cpu,cpu,6403.47,6403.84
2,788,h_a,dpu,6403.84,6406.03
2,788,eb_enc,cpu,6406.03,6406.15
2,788,eb_dec,cpu,6406.15,6406.26
2,788,h_s,dpu,6406.26,6411.46
2,788,gc,cpu,6411.46,6421.64
2,793,normalize,cpu,6422.32,6425.97
2,793,g_a_cpu,cpu,6425.97,6426.35
2,793,g_a,dpu,6426.36,6433.89
2,793,g_a,dpu,6433.9,6439.4
2,793,g_a_cpu,cpu,6439.41,6439.75
2,793,h_a,dpu,6439.75,6441.26
2,793,eb_enc,cpu,6441.26,6441.39
2,793,eb_dec,cpu,6441.39,6441.51
2,793,h_s,dpu,6441.51,6444.99
2,793,gc,cpu,6444.99,6455.16
2,798,normalize,cpu,6455.67,6459.36
2,798,g_a_cpu,cpu,6459.37,6459.96
2,798,g_a,dpu,6459.96,6465.64
2,798,g_a,dpu,6465.64,6471.06
2,798,g_a_cpu,cpu,6471.06,6471.43
2,798,h_a,dpu,6471.43,6480
2,798,eb_enc,cpu,6480,6480.12
2,798,eb_dec,cpu,6480.12,6480.23
2,798,h_s,dpu,6480.23,6483.8
2,798,gc,cpu,6483.8,6494.46
2,803,normalize,cpu,6495.1,6498.98
2,803,g_a_cpu,cpu,6498.98,6499.38
2,803,g_a,dpu,6499.39,6504.76
2,803,g_a,dpu,6504.76,6510.12
2,803,g_a_cpu,cpu,6510.12,6510.6
2,803,h_a,dpu,6510.61,6515.95
2,803,eb_enc,cpu,6515.95,6516.08
2,803,eb_dec,cpu,6516.08,6516.2
2,803,h_s,dpu,6516.2,6520.11
2,803,gc,cpu,6520.11,6540.48
2,810,normalize,cpu,6540.94,6544.85
2,810,g_a_cpu,cpu,6544.85,6545.27
2,810,g_a,dpu,6545.28,6551.55
2,810,g_a,dpu,6551.55,6557.74
2,810,g_a_cpu,cpu,6557.74,6558.12
2,810,h_a,dpu,6558.12,6561.57
2,810,eb_enc,cpu,6561.57,6561.72
2,810,eb_dec,cpu,6561.72,6561.83
2,810,h_s,dpu,6561.83,6563.01
2,810,gc,cpu,6563.01,6579.64
2,815,normalize,cpu,6580.25,6595.06
2,815,g_a_cpu,cpu,6595.06,6595.48
2,815,g_a,dpu,6595.48,6601.17
2,815,g_a,dpu,6601.18,6607.24
2,815,g_a_cpu,cpu,6607.24,6607.69
2,815,h_a,dpu,6607.69,6610.72
2,815,eb_enc,cpu,6610.72,6610.87
2,815,eb_dec,cpu,6610.87,6610.98
2,815,h_s,dpu,6610.98,6613.56
2,815,gc,cpu,6613.56,6623.97
2,820,normalize,cpu,6624.56,6628.24
2,820,g_a_cpu,cpu,6628.24,6628.84
2,820,g_a,dpu,6628.84,6634.32
2,820,g_a,dpu,6634.32,6643.38
2,820,g_a_cpu,cpu,6643.39,6643.87
2,820,h_a,dpu,6643.87,6648.93
2,820,eb_enc,cpu,6648.93,6649.05
2,820,eb_dec,cpu,6649.05,6649.15
2,820,h_s,dpu,6649.15,6655.2
2,820,gc,cpu,6655.2,6665.17
2,825,normalize,cpu,6666.03,6669.73
2,825,g_a_cpu,cpu,6669.74,6670.14
2,825,g_a,dpu,6670.15,6687.77
2,825,g_a,dpu,6687.77,6692.94
2,825,g_a_cpu,cpu,6692.94,6693.28
2,825,h_a,dpu,6693.28,6700.74
2,825,eb_enc,cpu,6700.74,6700.94
2,825,eb_dec,cpu,6700.95,6701.1
2,825,h_s,dpu,6701.1,6702.57
2,825,gc,cpu,6702.57,6712.79
2,830,normalize,cpu,6713.34,6717.1
2,830,g_a_cpu,cpu,6717.11,6717.41
2,830,g_a,dpu,6717.42,6722.94
2,830,g_a,dpu,6722.95,6728.67
2,830,g_a_cpu,cpu,6728.68,6729.07
2,830,h_a,dpu,6729.07,6731.78
2,830,eb_enc,cpu,6731.78,6731.97
2,830,eb_dec,cpu,6731.97,6732.08
2,830,h_s,dpu,6732.08,6737.99
2,830,gc,cpu,6737.99,6748.58
2,836,normalize,cpu,6749.14,6752.84
2,836,g_a_cpu,cpu,6752.85,6753.54
2,836,g_a,dpu,6753.54,6759.18
2,836,g_a,dpu,6759.18,6764.57
2,836,g_a_cpu,cpu,6764.57,6765.01
2,836,h_a,dpu,6765.01,6766.73
2,836,eb_enc,cpu,6766.73,6766.9
2,836,eb_dec,cpu,6766.91,6767.02
2,836,h_s,dpu,6767.03,6768.04
2,836,gc,cpu,6768.05,6781.08
2,842,normalize,cpu,6781.57,6786.66
2,842,g_a_cpu,cpu,6786.67,6787.15
2,842,g_a,dpu,6787.16,6793.64
2,842,g_a,dpu,6793.64,6800.11
2,842,g_a_cpu,cpu,6800.11,6800.68
2,842,h_a,dpu,6800.68,6804.74
2,842,eb_enc,cpu,6804.74,6804.94
2,842,eb_dec,cpu,6804.94,6805.11
2,842,h_s,dpu,6805.11,6806.9
2,842,gc,cpu,6806.9,6817.42
2,846,normalize,cpu,6817.86,6821.64
2,846,g_a_cpu,cpu,6821.65,6822.22
2,846,g_a,dpu,6822.22,6829.34
2,846,g_a,dpu,6829.34,6834.69
2,846,g_a_cpu,cpu,6834.69,6835.11
2,846,h_a,dpu,6835.12,6839.24
2,846,eb_enc,cpu,6839.24,6839.37
2,846,eb_dec,cpu,6839.37,6839.48
2,846,h_s,dpu,6839.48,6840.54
2,846,gc,cpu,6840.54,6850.85
2,849,normalize,cpu,6851.55,6855.2
2,849,g_a_cpu,cpu,6855.2,6855.6
2,849,g_a,dpu,6855.61,6861.14
2,849,g_a,dpu,6861.15,6866.44
2,849,g_a_cpu,cpu,6866.44,6867.12
2,849,h_a,dpu,6867.12,6872.49
2,849,eb_enc,cpu,6872.49,6872.62
2,849,eb_dec,cpu,6872.63,6872.74
2,849,h_s,dpu,6872.74,6873.73
2,849,gc,cpu,6873.73,6883.63
2,854,normalize,cpu,6884.19,6887.89
2,854,g_a_cpu,cpu,6887.89,6888.37
2,854,g_a,dpu,6888.37,6894.2
2,854,g_a,dpu,6894.2,6902.74
2,854,g_a_cpu,cpu,6902.74,6903.26
2,854,h_a,dpu,6903.26,6904.8
2,854,eb_enc,cpu,6904.8,6904.92
2,854,eb_dec,cpu,6904.92,6905.03
2,854,h_s,dpu,6905.03,6913.79
2,854,gc,cpu,6913.79,6924.44
2,858,normalize,cpu,6924.95,6928.71
2,858,g_a_cpu,cpu,6928.71,6929.1
2,858,g_a,dpu,6929.1,6934.67
2,858,g_a,dpu,6934.67,6940.01
2,858,g_a_cpu,cpu,6940.01,6940.35
2,858,h_a,dpu,6940.35,6942.32
2,858,eb_enc,cpu,6942.32,6942.45
2,858,eb_dec,cpu,6942.45,6942.57
2,858,h_s,dpu,6942.57,6947.52
2,858,gc,cpu,6947.52,6957.61
2,863,normalize,cpu,6958.56,6962.26
2,863,g_a_cpu,cpu,6962.26,6962.67
2,863,g_a,dpu,6962.67,6976.05
2,863,g_a,dpu,6976.06,6984.55
2,863,g_a_cpu,cpu,6984.55,6984.97
2,863,h_a,dpu,6984.97,6986.93
2,863,eb_enc,cpu,6986.93,6987.08
2,863,eb_dec,cpu,6987.08,6987.2
2,863,h_s,dpu,6987.2,6988.48
2,863,gc,cpu,6988.48,6998.54
2,869,normalize,cpu,6999.32,7002.98
2,869,g_a_cpu,cpu,7002.98,7003.37
2,869,g_a,dpu,7003.37,7008.76
2,869,g_a,dpu,7008.76,7016.35
2,869,g_a_cpu,cpu,7016.36,7016.81
2,869,h_a,dpu,7016.81,7024.71
2,869,eb_enc,cpu,7024.72,7024.85
2,869,eb_dec,cpu,7024.85,7024.97
2,869,h_s,dpu,7024.97,7026.15
2,869,gc,cpu,7026.15,7036.29
2,874,normalize,cpu,7036.75,7040.44
2,874,g_a_cpu,cpu,7040.45,7040.77
2,874,g_a,dpu,7040.77,7046.42
2,874,g_a,dpu,7046.42,7052.08
2,874,g_a_cpu,cpu,7052.08,7052.58
2,874,h_a,dpu,7052.58,7058.97
2,874,eb_enc,cpu,7058.97,7059.1
2,874,eb_dec,cpu,7059.1,7059.21
2,874,h_s,dpu,7059.21,7067.93
2,874,gc,cpu,7067.93,7077.88
2,879,normalize,cpu,7078.42,7082.1
2,879,g_a_cpu,cpu,7082.1,7082.68
2,879,g_a,dpu,7082.68,7088
2,879,g_a,dpu,7088,7093.17
2,879,g_a_cpu,cpu,7093.17,7093.64
2,879,h_a,dpu,7093.64,7095.3
2,879,eb_enc,cpu,7095.3,7095.42
2,879,eb_dec,cpu,7095.43,7095.54
2,879,h_s,dpu,7095.54,7096.48
2,879,gc,cpu,7096.48,7106.5
2,882,normalize,cpu,7107.13,7110.77
2,882,g_a_cpu,cpu,7110.78,7111.13
2,882,g_a,dpu,7111.13,7116.61
2,882,g_a,dpu,7116.61,7124.08
2,882,g_a_cpu,cpu,7124.08,7124.77
2,882,h_a,dpu,7124.77,7126.74
2,882,eb_enc,cpu,7126.74,7126.93
2,882,eb_dec,cpu,7126.93,7127.04
2,882,h_s,dpu,7127.04,7128.05
2,882,gc,cpu,7128.05,7138.05
2,886,normalize,cpu,7138.56,7142.29
2,886,g_a_cpu,cpu,7142.29,7142.63
2,886,g_a,dpu,7142.64,7148.03
2,886,g_a,dpu,7148.03,7156.18
2,886,g_a_cpu,cpu,7156.18,7156.57
2,886,h_a,dpu,7156.58,7165.55
2,886,eb_enc,cpu,7165.55,7165.67
2,886,eb_dec,cpu,7165.67,7165.77
2,886,h_s,dpu,7165.78,7166.8
2,886,gc,cpu,7166.8,7179.47
2,891,normalize,cpu,7180.06,7195.88
2,891,g_a_cpu,cpu,7195.88,7196.3
2,891,g_a,dpu,7196.3,7201.69
2,891,g_a,dpu,7201.7,7209.26
2,891,g_a_cpu,cpu,7209.26,7209.73
2,891,h_a,dpu,7209.73,7217.58
2,891,eb_enc,cpu,7217.58,7217.74
2,891,eb_dec,cpu,7217.74,7217.87
2,891,h_s,dpu,7217.87,7222.49
2,891,gc,cpu,7222.49,7233.6
2,900,normalize,cpu,7234.23,7239.38
2,900,g_a_cpu,cpu,7239.38,7240.13
2,900,g_a,dpu,7240.13,7247.03
2,900,g_a,dpu,7247.03,7252.58
2,900,g_a_cpu,cpu,7252.59,7252.94
2,900,h_a,dpu,7252.95,7254.57
2,900,eb_enc,cpu,7254.57,7254.71
2,900,eb_dec,cpu,7254.71,7254.86
2,900,h_s,dpu,7254.86,7255.77
2,900,gc,cpu,7255.77,7266.32
2,903,normalize,cpu,7266.82,7270.61
2,903,g_a_cpu,cpu,7270.61,7271.11
2,903,g_a,dpu,7271.12,7276.53
2,903,g_a,dpu,7276.53,7285.01
2,903,g_a_cpu,cpu,7285.01,7285.64
2,903,h_a,dpu,7285.65,7287.26
2,903,eb_enc,cpu,7287.26,7287.41
2,903,eb_dec,cpu,7287.42,7287.53
2,903,h_s,dpu,7287.53,7288.61
2,903,gc,cpu,7288.61,7299
2,907,normalize,cpu,7299.54,7303.27
2,907,g_a_cpu,cpu,7303.27,7303.82
2,907,g_a,dpu,7303.83,7309.58
2,907,g_a,dpu,7309.59,7314.92
2,907,g_a_cpu,cpu,7314.92,7315.41
2,907,h_a,dpu,7315.41,7318.48
2,907,eb_enc,cpu,7318.48,7318.63
2,907,eb_dec,cpu,7318.63,7318.75
2,907,h_s,dpu,7318.75,7320.02
2,907,gc,cpu,7320.02,7330.47
2,912,normalize,cpu,7330.92,7334.63
2,912,g_a_cpu,cpu,7334.63,7335.13
2,912,g_a,dpu,7335.13,7340.86
2,912,g_a,dpu,7340.86,7346.62
2,912,g_a_cpu,cpu,7346.62,7347.3
2,912,h_a,dpu,7347.3,7348.9
2,912,eb_enc,cpu,7348.9,7349.02
2,912,eb_dec,cpu,7349.02,7349.13
2,912,h_s,dpu,7349.13,7356.98
2,912,gc,cpu,7356.98,7367.54
2,916,normalize,cpu,7368.23,7371.98
2,916,g_a_cpu,cpu,7371.98,7372.55
2,916,g_a,dpu,7372.56,7378.15
2,916,g_a,dpu,7378.15,7383.85
2,916,g_a_cpu,cpu,7383.85,7384.47
2,916,h_a,dpu,7384.47,7390.81
2,916,eb_enc,cpu,7390.82,7391.02
2,916,eb_dec,cpu,7391.02,7391.15
2,916,h_s,dpu,7391.15,7393.09
2,916,gc,cpu,7393.09,7414.69
2,923,normalize,cpu,7415.15,7418.82
2,923,g_a_cpu,cpu,7418.86,7419.2
2,923,g_a,dpu,7419.2,7424.5
2,923,g_a,dpu,7424.5,7436.39
2,923,g_a_cpu,cpu,7436.39,7436.89
2,923,h_a,dpu,7436.9,7438.77
2,923,eb_enc,cpu,7438.77,7438.92
2,923,eb_dec,cpu,7438.92,7439.02
2,923,h_s,dpu,7439.02,7440.09
2,923,gc,cpu,7440.09,7450.55
2,927,normalize,cpu,7451.1,7454.79
2,927,g_a_cpu,cpu,7454.79,7455.16
2,927,g_a,dpu,7455.16,7462.58
2,927,g_a,dpu,7462.58,7468.5
2,927,g_a_cpu,cpu,7468.5,7468.89
2,927,h_a,dpu,7468.9,7470.59
2,927,eb_enc,cpu,7470.59,7470.72
2,927,eb_dec,cpu,7470.72,7470.86
2,927,h_s,dpu,7470.86,7471.8
2,927,gc,cpu,7471.8,7481.62
3,4,normalize,cpu,74.253,78.5864
3,4,g_a_cpu,cpu,78.689,79.1492
3,4,g_a,dpu,79.1564,84.4136
3,4,g_a,dpu,84.4164,94.0267
3,4,g_a_cpu,cpu,94.028,94.6199
3,4,h_a,dpu,94.6278,106.971
3,4,eb_enc,cpu,106.975,107.184
3,4,eb_dec,cpu,107.185,107.331
3,4,h_s,dpu,107.331,108.982
3,4,gc,cpu,108.987,130.328
3,8,normalize,cpu,131.004,135.981
3,8,g_a_cpu,cpu,135.985,136.434
3,8,g_a,dpu,136.437,141.573
3,8,g_a,dpu,141.575,160.057
3,8,g_a_cpu,cpu,160.063,160.941
3,8,h_a,dpu,160.944,165.501
3,8,eb_enc,cpu,165.503,165.675
3,8,eb_dec,cpu,165.679,165.8
3,8,h_s,dpu,165.8,167.494
3,8,gc,cpu,167.497,178.062
3,13,normalize,cpu,179.106,182.756
3,13,g_a_cpu,cpu,182.762,183.531
3,13,g_a,dpu,183.538,199.582
3,13,g_a,dpu,199.585,210.471
3,13,g_a_cpu,cpu,210.473,211.074
3,13,h_a,dpu,211.077,214.213
3,13,eb_enc,cpu,214.214,214.357
3,13,eb_dec,cpu,214.357,214.47
3,13,h_s,dpu,214.47,215.581
3,13,gc,cpu,215.581,226.15
3,19,normalize,cpu,226.709,233.59
3,19,g_a_cpu,cpu,233.593,233.957
3,19,g_a,dpu,233.962,241.899
3,19,g_a,dpu,241.906,247.043
3,19,g_a_cpu,cpu,247.045,247.584
3,19,h_a,dpu,247.588,250.96
3,19,eb_enc,cpu,250.961,251.095
3,19,eb_dec,cpu,251.096,251.203
3,19,h_s,dpu,251.203,252.386
3,19,gc,cpu,252.387,265.387
3,24,normalize,cpu,266.811,276.434
3,24,g_a_cpu,cpu,276.439,276.893
3,24,g_a,dpu,276.896,282.033
3,24,g_a,dpu,282.034,292.821
3,24,g_a_cpu,cpu,292.824,293.202
3,24,h_a,dpu,293.206,296.483
3,24,eb_enc,cpu,296.484,296.651
3,24,eb_dec,cpu,296.652,296.767
3,24,h_s,dpu,296.767,298.264
3,24,gc,cpu,298.265,308.861
3,29,normalize,cpu,309.591,313.357
3,29,g_a_cpu,cpu,313.36,313.654
3,29,g_a,dpu,313.657,318.721
3,29,g_a,dpu,318.722,323.679
3,29,g_a_cpu,cpu,323.68,324.187
3,29,h_a,dpu,324.188,333.82
3,29,eb_enc,cpu,333.822,333.968
3,29,eb_dec,cpu,333.969,334.079
3,29,h_s,dpu,334.079,335.338
3,29,gc,cpu,335.339,345.745
3,35,normalize,cpu,346.154,349.884
3,35,g_a_cpu,cpu,349.889,350.381
3,35,g_a,dpu,350.384,359.549
3,35,g_a,dpu,359.551,368.641
3,35,g_a_cpu,cpu,368.642,369.193
3,35,h_a,dpu,369.205,372.118
3,35,eb_enc,cpu,372.119,372.259
3,35,eb_dec,cpu,372.26,372.371
3,35,h_s,dpu,372.371,373.944
3,35,gc,cpu,373.944,383.901
3,40,normalize,cpu,384.387,388.086
3,40,g_a_cpu,cpu,388.088,388.512
3,40,g_a,dpu,388.515,402.567
3,40,g_a,dpu,402.568,413.216
3,40,g_a_cpu,cpu,413.218,413.727
3,40,h_a,dpu,413.728,416.45
3,40,eb_enc,cpu,416.451,416.598
3,40,eb_dec,cpu,416.598,416.708
3,40,h_s,dpu,416.708,420.706
3,40,gc,cpu,420.706,430.541
3,44,normalize,cpu,431.143,434.875
3,44,g_a_cpu,cpu,434.879,435.246
3,44,g_a,dpu,435.249,440.417
3,44,g_a,dpu,440.418,449.857
3,44,g_a_cpu,cpu,449.858,450.356
3,44,h_a,dpu,450.358,458.966
3,44,eb_enc,cpu,458.967,459.194
3,44,eb_dec,cpu,459.195,459.339
3,44,h_s,dpu,459.34,460.832
3,44,gc,cpu,460.832,470.799
3,48,normalize,cpu,471.405,475.221
3,48,g_a_cpu,cpu,475.225,475.643
3,48,g_a,dpu,475.648,480.88
3,48,g_a,dpu,480.883,485.952
3,48,g_a_cpu,cpu,485.953,486.382
3,48,h_a,dpu,486.384,488.857
3,48,eb_enc,cpu,488.858,488.986
3,48,eb_dec,cpu,488.986,489.093
3,48,h_s,dpu,489.093,495.063
3,48,gc,cpu,495.065,505.684
3,53,normalize,cpu,506.159,510.075
3,53,g_a_cpu,cpu,510.077,510.393
3,53,g_a,dpu,510.395,515.502
3,53,g_a,dpu,515.526,520.673
3,53,g_a_cpu,cpu,520.675,521.207
3,53,h_a,dpu,521.211,524.551
3,53,eb_enc,cpu,524.553,524.708
3,53,eb_dec,cpu,524.709,524.831
3,53,h_s,dpu,524.832,526.062
3,53,gc,cpu,526.062,536.335
3,58,normalize,cpu,537.194,540.937
3,58,g_a_cpu,cpu,540.941,541.381
3,58,g_a,dpu,541.385,548.002
3,58,g_a,dpu,548.003,553.107
3,58,g_a_cpu,cpu,553.11,559.137
3,58,h_a,dpu,559.14,564.162
3,58,eb_enc,cpu,564.164,564.45
3,58,eb_dec,cpu,564.453,564.624
3,58,h_s,dpu,564.626,566.688
3,58,gc,cpu,566.688,577.579
3,62,normalize,cpu,578.495,582.394
3,62,g_a_cpu,cpu,582.405,583.185
3,62,g_a,dpu,583.191,588.49
3,62,g_a,dpu,588.494,593.845
3,62,g_a_cpu,cpu,593.849,594.304
3,62,h_a,dpu,594.308,598.017
3,62,eb_enc,cpu,598.017,598.164
3,62,eb_dec,cpu,598.164,598.272
3,62,h_s,dpu,598.272,599.458
3,62,gc,cpu,599.465,609.544
3,66,normalize,cpu,610.155,613.94
3,66,g_a_cpu,cpu,613.946,614.548
3,66,g_a,dpu,614.55,622.708
3,66,g_a,dpu,622.71,635.629
3,66,g_a_cpu,cpu,635.632,636.024
3,66,h_a,dpu,636.026,639.406
3,66,eb_enc,cpu,639.409,639.678
3,66,eb_dec,cpu,639.679,639.829
3,66,h_s,dpu,639.829,643.647
3,66,gc,cpu,643.648,653.562
3,70,normalize,cpu,654.171,657.844
3,70,g_a_cpu,cpu,657.848,658.214
3,70,g_a,dpu,658.223,672.172
3,70,g_a,dpu,672.173,677.213
3,70,g_a_cpu,cpu,677.214,677.628
3,70,h_a,dpu,677.631,684.719
3,70,eb_enc,cpu,684.721,684.886
3,70,eb_dec,cpu,684.886,684.995
3,70,h_s,dpu,684.995,690.929
3,70,gc,cpu,690.929,701.102
3,76,normalize,cpu,701.726,705.407
3,76,g_a_cpu,cpu,705.411,705.89
3,76,g_a,dpu,705.896,711.097
3,76,g_a,dpu,711.098,716.244
3,76,g_a_cpu,cpu,716.246,716.86
3,76,h_a,dpu,716.865,729.616
3,76,eb_enc,cpu,729.616,729.787
3,76,eb_dec,cpu,729.787,729.908
3,76,h_s,dpu,729.908,731.269
3,76,gc,cpu,731.27,746.289
3,83,normalize,cpu,746.77,751.3
3,83,g_a_cpu,cpu,751.304,751.774
3,83,g_a,dpu,751.778,757.029
3,83,g_a,dpu,757.03,779.097
3,83,g_a_cpu,cpu,779.1,779.522
3,83,h_a,dpu,779.525,783.161
3,83,eb_enc,cpu,783.162,783.298
3,83,eb_dec,cpu,783.299,783.407
3,83,h_s,dpu,783.407,788.046
3,83,gc,cpu,788.048,799.073
3,89,normalize,cpu,799.827,807.298
3,89,g_a_cpu,cpu,807.301,807.639
3,89,g_a,dpu,807.643,812.882
3,89,g_a,dpu,812.884,818.018
3,89,g_a_cpu,cpu,818.019,818.393
3,89,h_a,dpu,818.395,821.766
3,89,eb_enc,cpu,821.767,822.011
3,89,eb_dec,cpu,822.015,822.144
3,89,h_s,dpu,822.145,826.982
3,89,gc,cpu,826.983,837.335
3,94,normalize,cpu,839.016,842.746
3,94,g_a_cpu,cpu,842.751,843.504
3,94,g_a,dpu,843.513,853.302
3,94,g_a,dpu,853.305,859.009
3,94,g_a_cpu,cpu,859.01,859.413
3,94,h_a,dpu,859.415,868.263
3,94,eb_enc,cpu,868.264,868.39
3,94,eb_dec,cpu,868.39,868.496
3,94,h_s,dpu,868.496,869.624
3,94,gc,cpu,869.624,883.162
3,100,normalize,cpu,883.957,888.436
3,100,g_a_cpu,cpu,888.444,889.046
3,100,g_a,dpu,889.049,904.589
3,100,g_a,dpu,904.592,910.016
3,100,g_a_cpu,cpu,910.017,910.38
3,100,h_a,dpu,910.381,913.964
3,100,eb_enc,cpu,913.965,914.099
3,100,eb_dec,cpu,914.099,914.204
3,100,h_s,dpu,914.204,918.991
3,100,gc,cpu,918.992,928.764
3,107,normalize,cpu,929.429,933.122
3,107,g_a_cpu,cpu,933.125,933.499
3,107,g_a,dpu,933.501,938.77
3,107,g_a,dpu,938.772,943.875
3,107,g_a_cpu,cpu,943.877,944.254
3,107,h_a,dpu,944.257,948.138
3,107,eb_enc,cpu,948.139,948.277
3,107,eb_dec,cpu,948.278,948.395
3,107,h_s,dpu,948.396,950.382
3,107,gc,cpu,950.382,962.196
3,112,normalize,cpu,963.299,971.377
3,112,g_a_cpu,cpu,971.382,971.733
3,112,g_a,dpu,971.736,976.875
3,112,g_a,dpu,976.878,983.006
3,112,g_a_cpu,cpu,983.008,983.397
3,112,h_a,dpu,983.399,986.665
3,112,eb_enc,cpu,986.667,986.814
3,112,eb_dec,cpu,986.815,986.961
3,112,h_s,dpu,986.962,993.06
3,112,gc,cpu,993.063,1004.13
3,117,normalize,cpu,1005.13,1008.85
3,117,g_a_cpu,cpu,1008.85,1009.53
3,117,g_a,dpu,1009.54,1020.67
3,117,g_a,dpu,1020.68,1025.87
3,117,g_a_cpu,cpu,1025.87,1026.3
3,117,h_a,dpu,1026.3,1034.13
3,117,eb_enc,cpu,1034.13,1034.27
3,117,eb_dec,cpu,1034.27,1034.38
3,117,h_s,dpu,1034.38,1039.25
3,117,gc,cpu,1039.25,1057.2
3,122,normalize,cpu,1057.93,1061.7
3,122,g_a_cpu,cpu,1061.71,1062.22
3,122,g_a,dpu,1062.22,1067.91
3,122,g_a,dpu,1067.91,1073.37
3,122,g_a_cpu,cpu,1073.37,1074
3,122,h_a,dpu,1074,1079.37
3,122,eb_enc,cpu,1079.37,1079.58
3,122,eb_dec,cpu,1079.58,1079.72
3,122,h_s,dpu,1079.72,1089.3
3,122,gc,cpu,1089.3,1099.21
3,127,normalize,cpu,1100.03,1103.7
3,127,g_a_cpu,cpu,1103.7,1104.09
3,127,g_a,dpu,1104.1,1112.6
3,127,g_a,dpu,1112.6,1117.7
3,127,g_a_cpu,cpu,1117.7,1118.1
3,127,h_a,dpu,1118.1,1121.66
3,127,eb_enc,cpu,1121.66,1121.79
3,127,eb_dec,cpu,1121.8,1121.91
3,127,h_s,dpu,1121.91,1129.85
3,127,gc,cpu,1129.85,1139.93
3,132,normalize,cpu,1140.57,1144.29
3,132,g_a_cpu,cpu,1144.29,1144.66
3,132,g_a,dpu,1144.66,1149.81
3,132,g_a,dpu,1149.81,1163.78
3,132,g_a_cpu,cpu,1163.79,1164.34
3,132,h_a,dpu,1164.35,1167.54
3,132,eb_enc,cpu,1167.54,1167.68
3,132,eb_dec,cpu,1167.69,1167.79
3,132,h_s,dpu,1167.8,1169.16
3,132,gc,cpu,1169.16,1179.72
3,138,normalize,cpu,1180.31,1184
3,138,g_a_cpu,cpu,1184,1184.37
3,138,g_a,dpu,1184.37,1199.07
3,138,g_a,dpu,1199.07,1209.05
3,138,g_a_cpu,cpu,1209.05,1209.58
3,138,h_a,dpu,1209.58,1212.74
3,138,eb_enc,cpu,1212.74,1212.9
3,138,eb_dec,cpu,1212.9,1213.01
3,138,h_s,dpu,1213.01,1215.14
3,138,gc,cpu,1215.14,1225.14
3,143,normalize,cpu,1225.78,1229.52
3,143,g_a_cpu,cpu,1229.52,1229.93
3,143,g_a,dpu,1229.94,1235.11
3,143,g_a,dpu,1235.11,1245.11
3,143,g_a_cpu,cpu,1245.12,1245.58
3,143,h_a,dpu,1245.58,1249.53
3,143,eb_enc,cpu,1249.53,1249.77
3,143,eb_dec,cpu,1249.77,1249.91
3,143,h_s,dpu,1249.91,1253.7
3,143,gc,cpu,1253.7,1264.11
3,149,normalize,cpu,1264.62,1268.46
3,149,g_a_cpu,cpu,1268.46,1268.88
3,149,g_a,dpu,1268.88,1273.92
3,149,g_a,dpu,1273.92,1285.88
3,149,g_a_cpu,cpu,1285.88,1286.32
3,149,h_a,dpu,1286.33,1289.65
3,149,eb_enc,cpu,1289.65,1289.78
3,149,eb_dec,cpu,1289.78,1289.88
3,149,h_s,dpu,1289.88,1298.32
3,149,gc,cpu,1298.32,1309.22
3,154,normalize,cpu,1310,1313.9
3,154,g_a_cpu,cpu,1313.9,1314.49
3,154,g_a,dpu,1314.49,1319.64
3,154,g_a,dpu,1319.64,1328.73
3,154,g_a_cpu,cpu,1328.73,1329.33
3,154,h_a,dpu,1329.33,1332.85
3,154,eb_enc,cpu,1332.85,1332.98
3,154,eb_dec,cpu,1332.99,1333.1
3,154,h_s,dpu,1333.1,1340.63
3,154,gc,cpu,1340.63,1350.75
3,159,normalize,cpu,1351.51,1355.3
3,159,g_a_cpu,cpu,1355.31,1355.69
3,159,g_a,dpu,1355.7,1360.9
3,159,g_a,dpu,1360.9,1373.24
3,159,g_a_cpu,cpu,1373.24,1373.58
3,159,h_a,dpu,1373.58,1377.04
3,159,eb_enc,cpu,1377.05,1377.17
3,159,eb_dec,cpu,1377.17,1377.28
3,159,h_s,dpu,1377.28,1385.58
3,159,gc,cpu,1385.58,1395.64
3,164,normalize,cpu,1396.17,1399.92
3,164,g_a_cpu,cpu,1399.93,1400.3
3,164,g_a,dpu,1400.31,1408.71
3,164,g_a,dpu,1408.71,1413.75
3,164,g_a_cpu,cpu,1413.75,1414.28
3,164,h_a,dpu,1414.28,1417.42
3,164,eb_enc,cpu,1417.42,1417.55
3,164,eb_dec,cpu,1417.55,1417.66
3,164,h_s,dpu,1417.66,1426.59
3,164,gc,cpu,1426.59,1437.15
3,169,normalize,cpu,1437.72,1441.51
3,169,g_a_cpu,cpu,1441.51,1441.87
3,169,g_a,dpu,1441.87,1452.94
3,169,g_a,dpu,1452.94,1462.28
3,169,g_a_cpu,cpu,1462.28,1462.76
3,169,h_a,dpu,1462.76,1470.05
3,169,eb_enc,cpu,1470.05,1470.19
3,169,eb_dec,cpu,1470.19,1470.3
3,169,h_s,dpu,1470.3,1475.49
3,169,gc,cpu,1475.49,1485.7
3,175,normalize,cpu,1486.42,1494.59
3,175,g_a_cpu,cpu,1494.6,1494.99
3,175,g_a,dpu,1495,1501.68
3,175,g_a,dpu,1501.68,1507.09
3,175,g_a_cpu,cpu,1507.1,1507.65
3,175,h_a,dpu,1507.66,1513.68
3,175,eb_enc,cpu,1513.68,1515.67
3,175,eb_dec,cpu,1515.67,1515.79
3,175,h_s,dpu,1515.79,1519.04
3,175,gc,cpu,1519.04,1537.89
3,181,normalize,cpu,1538.4,1542.79
3,181,g_a_cpu,cpu,1542.8,1543.18
3,181,g_a,dpu,1543.18,1548.29
3,181,g_a,dpu,1548.3,1553.2
3,181,g_a_cpu,cpu,1553.2,1553.53
3,181,h_a,dpu,1553.53,1556.87
3,181,eb_enc,cpu,1556.87,1557.07
3,181,eb_dec,cpu,1557.07,1557.18
3,181,h_s,dpu,1557.18,1567.74
3,181,gc,cpu,1567.74,1578.11
3,186,normalize,cpu,1578.9,1582.52
3,186,g_a_cpu,cpu,1582.53,1582.99
3,186,g_a,dpu,1583,1588.08
3,186,g_a,dpu,1588.08,1593.37
3,186,g_a_cpu,cpu,1593.37,1593.87
3,186,h_a,dpu,1593.88,1596.72
3,186,eb_enc,cpu,1596.72,1596.87
3,186,eb_dec,cpu,1596.87,1596.98
3,186,h_s,dpu,1596.98,1598.36
3,186,gc,cpu,1598.36,1608.75
3,191,normalize,cpu,1609.39,1613.09
3,191,g_a_cpu,cpu,1613.09,1613.52
3,191,g_a,dpu,1613.52,1623.32
3,191,g_a,dpu,1623.32,1629.09
3,191,g_a_cpu,cpu,1629.09,1629.59
3,191,h_a,dpu,1629.59,1635.04
3,191,eb_enc,cpu,1635.04,1635.2
3,191,eb_dec,cpu,1635.2,1635.33
3,191,h_s,dpu,1635.33,1641.98
3,191,gc,cpu,1641.98,1652.26
3,196,normalize,cpu,1652.92,1656.64
3,196,g_a_cpu,cpu,1656.65,1657.2
3,196,g_a,dpu,1657.21,1662.3
3,196,g_a,dpu,1662.31,1667.42
3,196,g_a_cpu,cpu,1667.42,1668.12
3,196,h_a,dpu,1668.12,1670.9
3,196,eb_enc,cpu,1670.9,1671.04
3,196,eb_dec,cpu,1671.04,1671.16
3,196,h_s,dpu,1671.16,1673.53
3,196,gc,cpu,1673.53,1683.48
3,200,normalize,cpu,1684.28,1688.01
3,200,g_a_cpu,cpu,1688.01,1688.52
3,200,g_a,dpu,1688.52,1694.73
3,200,g_a,dpu,1694.73,1699.94
3,200,g_a_cpu,cpu,1699.94,1700.3
3,200,h_a,dpu,1700.3,1703.28
3,200,eb_enc,cpu,1703.28,1703.42
3,200,eb_dec,cpu,1703.42,1703.53
3,200,h_s,dpu,1703.53,1707.46
3,200,gc,cpu,1707.46,1717.7
3,204,normalize,cpu,1718.37,1722.15
3,204,g_a_cpu,cpu,1722.15,1723.03
3,204,g_a,dpu,1723.03,1728.15
3,204,g_a,dpu,1728.15,1733.21
3,204,g_a_cpu,cpu,1733.21,1733.62
3,204,h_a,dpu,1733.63,1741.28
3,204,eb_enc,cpu,1741.28,1741.41
3,204,eb_dec,cpu,1741.41,1741.52
3,204,h_s,dpu,1741.52,1745.94
3,204,gc,cpu,1745.94,1756.07
3,210,normalize,cpu,1756.57,1760.27
3,210,g_a_cpu,cpu,1760.27,1760.67
3,210,g_a,dpu,1760.67,1765.8
3,210,g_a,dpu,1765.8,1771.38
3,210,g_a_cpu,cpu,1771.38,1771.78
3,210,h_a,dpu,1771.78,1774.99
3,210,eb_enc,cpu,1774.99,1775.13
3,210,eb_dec,cpu,1775.13,1775.24
3,210,h_s,dpu,1775.24,1778.03
3,210,gc,cpu,1778.03,1789.04
3,215,normalize,cpu,1789.55,1795.79
3,215,g_a_cpu,cpu,1795.8,1796.11
3,215,g_a,dpu,1796.11,1802.72
3,215,g_a,dpu,1802.72,1808.42
3,215,g_a_cpu,cpu,1808.43,1809.13
3,215,h_a,dpu,1809.14,1812.63
3,215,eb_enc,cpu,1812.64,1812.85
3,215,eb_dec,cpu,1812.85,1812.97
3,215,h_s,dpu,1812.97,1815.93
3,215,gc,cpu,1815.93,1826.06
3,220,normalize,cpu,1826.59,1830.51
3,220,g_a_cpu,cpu,1830.51,1830.82
3,220,g_a,dpu,1830.82,1836.07
3,220,g_a,dpu,1836.08,1841.26
3,220,g_a_cpu,cpu,1841.26,1841.98
3,220,h_a,dpu,1841.99,1845.72
3,220,eb_enc,cpu,1845.72,1845.88
3,220,eb_dec,cpu,1845.88,1846
3,220,h_s,dpu,1846,1847.13
3,220,gc,cpu,1847.13,1857.27
3,224,normalize,cpu,1857.68,1861.43
3,224,g_a_cpu,cpu,1861.43,1861.81
3,224,g_a,dpu,1861.81,1866.81
3,224,g_a,dpu,1866.81,1871.85
3,224,g_a_cpu,cpu,1871.85,1872.32
3,224,h_a,dpu,1872.32,1876.02
3,224,eb_enc,cpu,1876.02,1876.17
3,224,eb_dec,cpu,1876.17,1876.28
3,224,h_s,dpu,1876.28,1878.73
3,224,gc,cpu,1878.73,1888.89
3,227,normalize,cpu,1889.63,1893.45
3,227,g_a_cpu,cpu,1893.45,1893.78
3,227,g_a,dpu,1893.78,1898.93
3,227,g_a,dpu,1898.94,1904.08
3,227,g_a_cpu,cpu,1904.08,1904.55
3,227,h_a,dpu,1904.55,1907.89
3,227,eb_enc,cpu,1907.89,1908.03
3,227,eb_dec,cpu,1908.03,1908.14
3,227,h_s,dpu,1908.14,1919.65
3,227,gc,cpu,1919.65,1931.48
3,232,normalize,cpu,1932.89,1947.51
3,232,g_a_cpu,cpu,1947.52,1947.97
3,232,g_a,dpu,1947.98,1954.38
3,232,g_a,dpu,1954.39,1963.21
3,232,g_a_cpu,cpu,1963.21,1963.7
3,232,h_a,dpu,1963.71,1969.03
3,232,eb_enc,cpu,1969.03,1969.29
3,232,eb_dec,cpu,1969.29,1969.42
3,232,h_s,dpu,1969.42,1973.77
3,232,gc,cpu,1973.77,1986.96
3,238,normalize,cpu,1987.47,1991.29
3,238,g_a_cpu,cpu,1991.29,1991.63
3,238,g_a,dpu,1991.64,2006.25
3,238,g_a,dpu,2006.26,2012.53
3,238,g_a_cpu,cpu,2012.53,2013.04
3,238,h_a,dpu,2013.04,2020.08
3,238,eb_enc,cpu,2020.08,2020.23
3,238,eb_dec,cpu,2020.24,2020.36
3,238,h_s,dpu,2020.36,2021.58
3,238,gc,cpu,2021.58,2032.17
3,244,normalize,cpu,2032.61,2036.4
3,244,g_a_cpu,cpu,2036.4,2036.81
3,244,g_a,dpu,2036.82,2042.75
3,244,g_a,dpu,2042.76,2047.84
3,244,g_a_cpu,cpu,2047.84,2048.38
3,244,h_a,dpu,2048.38,2051.77
3,244,eb_enc,cpu,2051.77,2051.94
3,244,eb_dec,cpu,2051.94,2052.05
3,244,h_s,dpu,2052.05,2053.31
3,244,gc,cpu,2053.31,2063.47
3,249,normalize,cpu,2064.24,2067.91
3,249,g_a_cpu,cpu,2067.91,2068.34
3,249,g_a,dpu,2068.34,2073.61
3,249,g_a,dpu,2073.61,2080.36
3,249,g_a_cpu,cpu,2080.36,2080.85
3,249,h_a,dpu,2080.85,2084.25
3,249,eb_enc,cpu,2084.25,2084.39
3,249,eb_dec,cpu,2084.39,2084.51
3,249,h_s,dpu,2084.51,2085.75
3,249,gc,cpu,2085.75,2095.9
3,253,normalize,cpu,2096.77,2100.42
3,253,g_a_cpu,cpu,2100.42,2100.88
3,253,g_a,dpu,2100.88,2106.03
3,253,g_a,dpu,2106.04,2111.01
3,253,g_a_cpu,cpu,2111.01,2111.34
3,253,h_a,dpu,2111.35,2114.88
3,253,eb_enc,cpu,2114.88,2115
3,253,eb_dec,cpu,2115,2115.11
3,253,h_s,dpu,2115.11,2120.89
3,253,gc,cpu,2120.89,2130.95
3,257,normalize,cpu,2131.53,2135.29
3,257,g_a_cpu,cpu,2135.29,2135.66
3,257,g_a,dpu,2135.66,2143.29
3,257,g_a,dpu,2143.29,2148.45
3,257,g_a_cpu,cpu,2148.45,2149.04
3,257,h_a,dpu,2149.04,2155.48
3,257,eb_enc,cpu,2155.48,2155.64
3,257,eb_dec,cpu,2155.64,2155.78
3,257,h_s,dpu,2155.78,2167.89
3,257,gc,cpu,2167.89,2177.95
3,263,normalize,cpu,2178.72,2182.48
3,263,g_a_cpu,cpu,2182.5,2183.33
3,263,g_a,dpu,2183.34,2188.5
3,263,g_a,dpu,2188.52,2194.4
3,263,g_a_cpu,cpu,2194.41,2195.11
3,263,h_a,dpu,2195.12,2198.28
3,263,eb_enc,cpu,2198.28,2198.42
3,263,eb_dec,cpu,2198.42,2198.52
3,263,h_s,dpu,2198.52,2203.04
3,263,gc,cpu,2203.04,2213.11
3,268,normalize,cpu,2213.65,2217.46
3,268,g_a_cpu,cpu,2217.47,2217.84
3,268,g_a,dpu,2217.84,2222.99
3,268,g_a,dpu,2222.99,2227.94
3,268,g_a_cpu,cpu,2227.94,2228.32
3,268,h_a,dpu,2228.32,2231.06
3,268,eb_enc,cpu,2231.06,2231.19
3,268,eb_dec,cpu,2231.19,2231.3
3,268,h_s,dpu,2231.3,2240.71
3,268,gc,cpu,2240.72,2250.73
3,273,normalize,cpu,2251.46,2255.25
3,273,g_a_cpu,cpu,2255.25,2255.6
3,273,g_a,dpu,2255.6,2263.42
3,273,g_a,dpu,2263.42,2274.8
3,273,g_a_cpu,cpu,2274.8,2275.34
3,273,h_a,dpu,2275.35,2278.46
3,273,eb_enc,cpu,2278.46,2278.59
3,273,eb_dec,cpu,2278.59,2278.7
3,273,h_s,dpu,2278.7,2282.01
3,273,gc,cpu,2282.01,2292.26
3,278,normalize,cpu,2292.97,2296.71
3,278,g_a_cpu,cpu,2296.72,2297.01
3,278,g_a,dpu,2297.02,2302.05
3,278,g_a,dpu,2302.05,2307.43
3,278,g_a_cpu,cpu,2307.43,2307.84
3,278,h_a,dpu,2307.84,2310.5
3,278,eb_enc,cpu,2310.5,2310.63
3,278,eb_dec,cpu,2310.63,2310.74
3,278,h_s,dpu,2310.74,2313.93
3,278,gc,cpu,2313.93,2324.01
3,283,normalize,cpu,2324.48,2329.58
3,283,g_a_cpu,cpu,2329.58,2330.39
3,283,g_a,dpu,2330.4,2336.02
3,283,g_a,dpu,2336.02,2343.4
3,283,g_a_cpu,cpu,2343.4,2343.96
3,283,h_a,dpu,2343.97,2347.66
3,283,eb_enc,cpu,2347.67,2347.8
3,283,eb_dec,cpu,2347.81,2347.91
3,283,h_s,dpu,2347.91,2349.25
3,283,gc,cpu,2349.25,2360.53
3,287,normalize,cpu,2361.42,2365.19
3,287,g_a_cpu,cpu,2365.19,2365.61
3,287,g_a,dpu,2365.62,2371.4
3,287,g_a,dpu,2371.4,2376.38
3,287,g_a_cpu,cpu,2376.38,2376.8
3,287,h_a,dpu,2376.8,2379.92
3,287,eb_enc,cpu,2379.92,2380.05
3,287,eb_dec,cpu,2380.05,2380.16
3,287,h_s,dpu,2380.16,2398.18
3,287,gc,cpu,2398.18,2408.2
3,293,normalize,cpu,2408.8,2413.13
3,293,g_a_cpu,cpu,2413.14,2413.74
3,293,g_a,dpu,2413.74,2427.03
3,293,g_a,dpu,2427.03,2440.64
3,293,g_a_cpu,cpu,2440.64,2441.28
3,293,h_a,dpu,2441.28,2447.24
3,293,eb_enc,cpu,2447.24,2447.38
3,293,eb_dec,cpu,2447.38,2447.49
3,293,h_s,dpu,2447.49,2448.76
3,293,gc,cpu,2448.76,2458.67
3,298,normalize,cpu,2459.52,2465.13
3,298,g_a_cpu,cpu,2465.14,2465.67
3,298,g_a,dpu,2465.67,2470.93
3,298,g_a,dpu,2470.93,2480.89
3,298,g_a_cpu,cpu,2480.89,2481.43
3,298,h_a,dpu,2481.44,2484.43
3,298,eb_enc,cpu,2484.43,2484.56
3,298,eb_dec,cpu,2484.57,2484.68
3,298,h_s,dpu,2484.68,2488.53
3,298,gc,cpu,2488.53,2499.62
3,303,normalize,cpu,2500.19,2504.9
3,303,g_a_cpu,cpu,2504.91,2505.27
3,303,g_a,dpu,2505.27,2511.94
3,303,g_a,dpu,2511.94,2518.48
3,303,g_a_cpu,cpu,2518.48,2518.9
3,303,h_a,dpu,2518.9,2522.26
3,303,eb_enc,cpu,2522.27,2522.44
3,303,eb_dec,cpu,2522.44,2522.55
3,303,h_s,dpu,2522.55,2524.79
3,303,gc,cpu,2524.8,2536.87
3,308,normalize,cpu,2537.45,2547.54
3,308,g_a_cpu,cpu,2547.54,2547.98
3,308,g_a,dpu,2547.98,2553.14
3,308,g_a,dpu,2553.14,2575.29
3,308,g_a_cpu,cpu,2575.29,2575.72
3,308,h_a,dpu,2575.73,2584.1
3,308,eb_enc,cpu,2584.1,2584.28
3,308,eb_dec,cpu,2584.28,2584.39
3,308,h_s,dpu,2584.39,2585.43
3,308,gc,cpu,2585.43,2595.62
3,316,normalize,cpu,2596.14,2600.06
3,316,g_a_cpu,cpu,2600.06,2600.54
3,316,g_a,dpu,2600.55,2605.75
3,316,g_a,dpu,2605.75,2610.88
3,316,g_a_cpu,cpu,2610.88,2611.25
3,316,h_a,dpu,2611.26,2614.81
3,316,eb_enc,cpu,2614.81,2614.97
3,316,eb_dec,cpu,2614.97,2615.08
3,316,h_s,dpu,2615.08,2619.05
3,316,gc,cpu,2619.05,2629.3
3,320,normalize,cpu,2630.1,2633.98
3,320,g_a_cpu,cpu,2633.99,2634.28
3,320,g_a,dpu,2634.29,2639.35
3,320,g_a,dpu,2639.35,2644.39
3,320,g_a_cpu,cpu,2644.39,2644.76
3,320,h_a,dpu,2644.76,2650.9
3,320,eb_enc,cpu,2650.9,2651.03
3,320,eb_dec,cpu,2651.03,2651.13
3,320,h_s,dpu,2651.13,2654.41
3,320,gc,cpu,2654.41,2666.65
3,325,normalize,cpu,2667.62,2671.36
3,325,g_a_cpu,cpu,2671.36,2671.72
3,325,g_a,dpu,2671.72,2676.79
3,325,g_a,dpu,2676.79,2681.87
3,325,g_a_cpu,cpu,2681.88,2682.42
3,325,h_a,dpu,2682.43,2687.77
3,325,eb_enc,cpu,2687.77,2687.98
3,325,eb_dec,cpu,2687.98,2688.14
3,325,h_s,dpu,2688.14,2693.31
3,325,gc,cpu,2693.31,2703.77
3,331,normalize,cpu,2704.44,2708.13
3,331,g_a_cpu,cpu,2708.13,2708.46
3,331,g_a,dpu,2708.46,2713.55
3,331,g_a,dpu,2713.55,2718.61
3,331,g_a_cpu,cpu,2718.61,2719.03
3,331,h_a,dpu,2719.03,2722
3,331,eb_enc,cpu,2722,2722.15
3,331,eb_dec,cpu,2722.15,2722.26
3,331,h_s,dpu,2722.26,2724.59
3,331,gc,cpu,2724.59,2734.68
3,334,normalize,cpu,2735.28,2739.06
3,334,g_a_cpu,cpu,2739.07,2739.38
3,334,g_a,dpu,2739.38,2744.52
3,334,g_a,dpu,2744.53,2749.59
3,334,g_a_cpu,cpu,2749.59,2749.96
3,334,h_a,dpu,2749.96,2755.18
3,334,eb_enc,cpu,2755.19,2755.32
3,334,eb_dec,cpu,2755.32,2755.45
3,334,h_s,dpu,2755.45,2762.33
3,334,gc,cpu,2762.33,2772.72
3,338,normalize,cpu,2773.18,2776.94
3,338,g_a_cpu,cpu,2776.94,2777.29
3,338,g_a,dpu,2777.29,2782.43
3,338,g_a,dpu,2782.43,2787.59
3,338,g_a_cpu,cpu,2787.59,2787.99
3,338,h_a,dpu,2787.99,2791.35
3,338,eb_enc,cpu,2791.35,2791.53
3,338,eb_dec,cpu,2791.53,2791.65
3,338,h_s,dpu,2791.65,2794.73
3,338,gc,cpu,2794.73,2805.14
3,343,normalize,cpu,2805.7,2809.46
3,343,g_a_cpu,cpu,2809.46,2809.95
3,343,g_a,dpu,2809.96,2815.38
3,343,g_a,dpu,2815.38,2820.77
3,343,g_a_cpu,cpu,2820.77,2821.2
3,343,h_a,dpu,2821.21,2824.59
3,343,eb_enc,cpu,2824.59,2824.74
3,343,eb_dec,cpu,2824.74,2824.85
3,343,h_s,dpu,2824.85,2833.28
3,343,gc,cpu,2833.28,2844.32
3,348,normalize,cpu,2845.58,2851.06
3,348,g_a_cpu,cpu,2851.06,2851.48
3,348,g_a,dpu,2851.48,2881.62
3,348,g_a,dpu,2881.62,2891.08
3,348,g_a_cpu,cpu,2891.08,2891.62
3,348,h_a,dpu,2891.62,2894.2
3,348,eb_enc,cpu,2894.2,2894.33
3,348,eb_dec,cpu,2894.33,2894.43
3,348,h_s,dpu,2894.43,2896.26
3,348,gc,cpu,2896.26,2906.34
3,354,normalize,cpu,2906.9,2910.6
3,354,g_a_cpu,cpu,2910.61,2910.96
3,354,g_a,dpu,2910.97,2916.13
3,354,g_a,dpu,2916.13,2921.26
3,354,g_a_cpu,cpu,2921.26,2921.78
3,354,h_a,dpu,2921.79,2928.6
3,354,eb_enc,cpu,2928.6,2928.73
3,354,eb_dec,cpu,2928.73,2928.84
3,354,h_s,dpu,2928.84,2936.97
3,354,gc,cpu,2936.97,2947.1
3,361,normalize,cpu,2947.81,2952.78
3,361,g_a_cpu,cpu,2952.78,2953.41
3,361,g_a,dpu,2953.41,2970.66
3,361,g_a,dpu,2970.66,2975.72
3,361,g_a_cpu,cpu,2975.72,2976.33
3,361,h_a,dpu,2976.34,2979.63
3,361,eb_enc,cpu,2979.63,2979.76
3,361,eb_dec,cpu,2979.76,2979.86
3,361,h_s,dpu,2979.86,2981.37
3,361,gc,cpu,2981.37,2991.51
3,366,normalize,cpu,2992.25,2996.05
3,366,g_a_cpu,cpu,2996.05,2996.42
3,366,g_a,dpu,2996.43,3001.51
3,366,g_a,dpu,3001.51,3006.5
3,366,g_a_cpu,cpu,3006.5,3006.9
3,366,h_a,dpu,3006.91,3009.5
3,366,eb_enc,cpu,3009.5,3009.65
3,366,eb_dec,cpu,3009.65,3009.76
3,366,h_s,dpu,3009.76,3016.74
3,366,gc,cpu,3016.74,3027.03
3,370,normalize,cpu,3027.71,3031.37
3,370,g_a_cpu,cpu,3031.37,3031.77
3,370,g_a,dpu,3031.77,3036.84
3,370,g_a,dpu,3036.84,3041.82
3,370,g_a_cpu,cpu,3041.82,3042.18
3,370,h_a,dpu,3042.18,3047.1
3,370,eb_enc,cpu,3047.1,3047.23
3,370,eb_dec,cpu,3047.23,3047.34
3,370,h_s,dpu,3047.34,3054.23
3,370,gc,cpu,3054.23,3064.51
3,375,normalize,cpu,3065.1,3068.86
3,375,g_a_cpu,cpu,3068.86,3069.33
3,375,g_a,dpu,3069.34,3074.44
3,375,g_a,dpu,3074.44,3079.56
3,375,g_a_cpu,cpu,3079.56,3080.11
3,375,h_a,dpu,3080.12,3087.99
3,375,eb_enc,cpu,3087.99,3088.12
3,375,eb_dec,cpu,3088.12,3088.23
3,375,h_s,dpu,3088.23,3108.52
3,375,gc,cpu,3108.52,3118.58
3,382,normalize,cpu,3119.2,3123.02
3,382,g_a_cpu,cpu,3123.03,3123.4
3,382,g_a,dpu,3123.4,3128.62
3,382,g_a,dpu,3128.63,3137.79
3,382,g_a_cpu,cpu,3137.8,3138.25
3,382,h_a,dpu,3138.25,3145.69
3,382,eb_enc,cpu,3145.69,3145.82
3,382,eb_dec,cpu,3145.83,3145.93
3,382,h_s,dpu,3145.93,3146.91
3,382,gc,cpu,3146.91,3156.9
3,386,normalize,cpu,3157.6,3161.36
3,386,g_a_cpu,cpu,3161.36,3161.78
3,386,g_a,dpu,3161.78,3166.86
3,386,g_a,dpu,3166.86,3176.7
3,386,g_a_cpu,cpu,3176.7,3177.19
3,386,h_a,dpu,3177.19,3180.76
3,386,eb_enc,cpu,3180.76,3180.94
3,386,eb_dec,cpu,3180.94,3181.07
3,386,h_s,dpu,3181.08,3185.87
3,386,gc,cpu,3185.87,3196.02
3,391,normalize,cpu,3196.53,3200.31
3,391,g_a_cpu,cpu,3200.31,3200.65
3,391,g_a,dpu,3200.65,3205.87
3,391,g_a,dpu,3205.87,3215.55
3,391,g_a_cpu,cpu,3215.55,3216.08
3,391,h_a,dpu,3216.08,3219.02
3,391,eb_enc,cpu,3219.02,3219.15
3,391,eb_dec,cpu,3219.15,3219.26
3,391,h_s,dpu,3219.26,3226.47
3,391,gc,cpu,3226.47,3236.89
3,396,normalize,cpu,3237.41,3241.22
3,396,g_a_cpu,cpu,3241.23,3241.57
3,396,g_a,dpu,3241.57,3246.72
3,396,g_a,dpu,3246.73,3251.98
3,396,g_a_cpu,cpu,3251.98,3252.45
3,396,h_a,dpu,3252.45,3255.98
3,396,eb_enc,cpu,3255.98,3256.12
3,396,eb_dec,cpu,3256.12,3256.23
3,396,h_s,dpu,3256.23,3260.83
3,396,gc,cpu,3260.83,3270.71
3,401,normalize,cpu,3271.52,3275.18
3,401,g_a_cpu,cpu,3275.18,3275.48
3,401,g_a,dpu,3275.49,3280.58
3,401,g_a,dpu,3280.58,3298.98
3,401,g_a_cpu,cpu,3298.98,3299.54
3,401,h_a,dpu,3299.54,3305.54
3,401,eb_enc,cpu,3305.54,3305.77
3,401,eb_dec,cpu,3305.77,3305.89
3,401,h_s,dpu,3305.89,3317.9
3,401,gc,cpu,3317.9,3329.51
3,406,normalize,cpu,3330.16,3336.84
3,406,g_a_cpu,cpu,3336.84,3337.24
3,406,g_a,dpu,3337.24,3342.3
3,406,g_a,dpu,3342.3,3347.47
3,406,g_a_cpu,cpu,3347.47,3347.94
3,406,h_a,dpu,3347.94,3351.23
3,406,eb_enc,cpu,3351.23,3351.37
3,406,eb_dec,cpu,3351.37,3351.48
3,406,h_s,dpu,3351.48,3361.29
3,406,gc,cpu,3361.29,3371.59
3,412,normalize,cpu,3372.07,3375.89
3,412,g_a_cpu,cpu,3375.89,3376.29
3,412,g_a,dpu,3376.29,3381.38
3,412,g_a,dpu,3381.38,3386.47
3,412,g_a_cpu,cpu,3386.47,3386.92
3,412,h_a,dpu,3386.92,3389.7
3,412,eb_enc,cpu,3389.7,3389.83
3,412,eb_dec,cpu,3389.83,3389.93
3,412,h_s,dpu,3389.93,3396.5
3,412,gc,cpu,3396.5,3406.68
3,416,normalize,cpu,3407.35,3411.14
3,416,g_a_cpu,cpu,3411.15,3411.5
3,416,g_a,dpu,3411.51,3416.66
3,416,g_a,dpu,3416.67,3421.73
3,416,g_a_cpu,cpu,3421.73,3422.19
3,416,h_a,dpu,3422.19,3428.24
3,416,eb_enc,cpu,3428.24,3428.46
3,416,eb_dec,cpu,3428.46,3428.58
3,416,h_s,dpu,3428.58,3433.81
3,416,gc,cpu,3433.81,3443.83
3,423,normalize,cpu,3444.54,3448.22
3,423,g_a_cpu,cpu,3448.22,3448.49
3,423,g_a,dpu,3448.49,3453.45
3,423,g_a,dpu,3453.45,3463.07
3,423,g_a_cpu,cpu,3463.07,3463.73
3,423,h_a,dpu,3463.73,3467.1
3,423,eb_enc,cpu,3467.1,3467.26
3,423,eb_dec,cpu,3467.26,3467.37
3,423,h_s,dpu,3467.37,3468.63
3,423,gc,cpu,3468.63,3478.74
3,427,normalize,cpu,3479.39,3483.18
3,427,g_a_cpu,cpu,3483.18,3483.6
3,427,g_a,dpu,3483.61,3488.61
3,427,g_a,dpu,3488.61,3493.81
3,427,g_a_cpu,cpu,3493.81,3494.32
3,427,h_a,dpu,3494.33,3497.47
3,427,eb_enc,cpu,3497.48,3497.61
3,427,eb_dec,cpu,3497.61,3497.72
3,427,h_s,dpu,3497.72,3500.63
3,427,gc,cpu,3500.64,3511.17
3,432,normalize,cpu,3511.62,3515.34
3,432,g_a_cpu,cpu,3515.34,3515.8
3,432,g_a,dpu,3515.8,3526.01
3,432,g_a,dpu,3526.02,3535.04
3,432,g_a_cpu,cpu,3535.05,3535.84
3,432,h_a,dpu,3535.84,3539.15
3,432,eb_enc,cpu,3539.15,3539.28
3,432,eb_dec,cpu,3539.28,3539.38
3,432,h_s,dpu,3539.38,3542.31
3,432,gc,cpu,3542.31,3552.61
3,436,normalize,cpu,3553.13,3556.9
3,436,g_a_cpu,cpu,3556.9,3557.39
3,436,g_a,dpu,3557.39,3562.42
3,436,g_a,dpu,3562.42,3567.61
3,436,g_a_cpu,cpu,3567.61,3568
3,436,h_a,dpu,3568,3572.06
3,436,eb_enc,cpu,3572.06,3572.18
3,436,eb_dec,cpu,3572.18,3572.29
3,436,h_s,dpu,3572.29,3576.47
3,436,gc,cpu,3576.47,3594.11
3,441,normalize,cpu,3594.65,3598.42
3,441,g_a_cpu,cpu,3598.42,3598.74
3,441,g_a,dpu,3598.74,3605.01
3,441,g_a,dpu,3605.01,3614.09
3,441,g_a_cpu,cpu,3614.09,3614.43
3,441,h_a,dpu,3614.44,3617.42
3,441,eb_enc,cpu,3617.43,3617.62
3,441,eb_dec,cpu,3617.62,3617.74
3,441,h_s,dpu,3617.74,3623.48
3,441,gc,cpu,3623.48,3633.66
3,446,normalize,cpu,3634.14,3637.88
3,446,g_a_cpu,cpu,3637.88,3638.17
3,446,g_a,dpu,3638.18,3643.28
3,446,g_a,dpu,3643.28,3648.59
3,446,g_a_cpu,cpu,3648.59,3649.13
3,446,h_a,dpu,3649.13,3658.22
3,446,eb_enc,cpu,3658.22,3658.49
3,446,eb_dec,cpu,3658.49,3658.64
3,446,h_s,dpu,3658.64,3662.04
3,446,gc,cpu,3662.04,3671.99
3,451,normalize,cpu,3672.5,3676.18
3,451,g_a_cpu,cpu,3676.18,3676.51
3,451,g_a,dpu,3676.51,3681.57
3,451,g_a,dpu,3681.58,3686.72
3,451,g_a_cpu,cpu,3686.73,3687.16
3,451,h_a,dpu,3687.16,3690.41
3,451,eb_enc,cpu,3690.41,3690.58
3,451,eb_dec,cpu,3690.58,3690.7
3,451,h_s,dpu,3690.7,3691.94
3,451,gc,cpu,3691.94,3702.2
3,455,normalize,cpu,3702.95,3706.68
3,455,g_a_cpu,cpu,3706.68,3707.1
3,455,g_a,dpu,3707.11,3712.31
3,455,g_a,dpu,3712.31,3717.48
3,455,g_a_cpu,cpu,3717.48,3717.98
3,455,h_a,dpu,3717.99,3721.83
3,455,eb_enc,cpu,3721.83,3722
3,455,eb_dec,cpu,3722,3722.12
3,455,h_s,dpu,3722.12,3728.26
3,455,gc,cpu,3728.26,3738.55
3,459,normalize,cpu,3739.13,3742.87
3,459,g_a_cpu,cpu,3742.87,3743.26
3,459,g_a,dpu,3743.26,3748.46
3,459,g_a,dpu,3748.46,3753.58
3,459,g_a_cpu,cpu,3753.59,3754.25
3,459,h_a,dpu,3754.25,3763.07
3,459,eb_enc,cpu,3763.07,3763.3
3,459,eb_dec,cpu,3763.3,3763.43
3,459,h_s,dpu,3763.43,3771.42
3,459,gc,cpu,3771.42,3782.21
3,465,normalize,cpu,3782.74,3786.41
3,465,g_a_cpu,cpu,3786.42,3786.9
3,465,g_a,dpu,3786.91,3792.33
3,465,g_a,dpu,3792.33,3797.47
3,465,g_a_cpu,cpu,3797.47,3797.84
3,465,h_a,dpu,3797.85,3800.66
3,465,eb_enc,cpu,3800.66,3800.81
3,465,eb_dec,cpu,3800.81,3800.92
3,465,h_s,dpu,3800.92,3801.99
3,465,gc,cpu,3801.99,3812.06
3,469,normalize,cpu,3812.82,3816.5
3,469,g_a_cpu,cpu,3816.51,3816.8
3,469,g_a,dpu,3816.8,3821.78
3,469,g_a,dpu,3821.78,3826.74
3,469,g_a_cpu,cpu,3826.74,3827.34
3,469,h_a,dpu,3827.34,3831.22
3,469,eb_enc,cpu,3831.22,3831.38
3,469,eb_dec,cpu,3831.38,3831.49
3,469,h_s,dpu,3831.49,3832.6
3,469,gc,cpu,3832.6,3843.12
3,473,normalize,cpu,3843.75,3847.41
3,473,g_a_cpu,cpu,3847.41,3847.77
3,473,g_a,dpu,3847.78,3854.05
3,473,g_a,dpu,3854.05,3863.11
3,473,g_a_cpu,cpu,3863.11,3863.46
3,473,h_a,dpu,3863.46,3866.05
3,473,eb_enc,cpu,3866.05,3866.23
3,473,eb_dec,cpu,3866.23,3866.36
3,473,h_s,dpu,3866.36,3869.74
3,473,gc,cpu,3869.74,3879.69
3,478,normalize,cpu,3880.26,3883.94
3,478,g_a_cpu,cpu,3883.95,3884.39
3,478,g_a,dpu,3884.39,3893.84
3,478,g_a,dpu,3893.84,3902.94
3,478,g_a_cpu,cpu,3902.94,3903.4
3,478,h_a,dpu,3903.4,3905.94
3,478,eb_enc,cpu,3905.94,3906.08
3,478,eb_dec,cpu,3906.08,3906.19
3,478,h_s,dpu,3906.19,3917.36
3,478,gc,cpu,3917.36,3927.51
3,483,normalize,cpu,3928.28,3931.99
3,483,g_a_cpu,cpu,3932,3932.48
3,483,g_a,dpu,3932.49,3942.79
3,483,g_a,dpu,3942.79,3955.54
3,483,g_a_cpu,cpu,3955.54,3955.92
3,483,h_a,dpu,3955.92,3959.35
3,483,eb_enc,cpu,3959.35,3959.61
3,483,eb_dec,cpu,3959.61,3959.75
3,483,h_s,dpu,3959.75,3963.89
3,483,gc,cpu,3963.89,3977.53
3,489,normalize,cpu,3977.98,3982.34
3,489,g_a_cpu,cpu,3982.34,3982.81
3,489,g_a,dpu,3982.81,3991.1
3,489,g_a,dpu,3991.1,3996.43
3,489,g_a_cpu,cpu,3996.43,3996.9
3,489,h_a,dpu,3996.9,4000.32
3,489,eb_enc,cpu,4000.32,4000.46
3,489,eb_dec,cpu,4000.46,4000.57
3,489,h_s,dpu,4000.57,4003.06
3,489,gc,cpu,4003.06,4013.11
3,493,normalize,cpu,4013.65,4017.41
3,493,g_a_cpu,cpu,4017.41,4017.72
3,493,g_a,dpu,4017.72,4022.79
3,493,g_a,dpu,4022.79,4036.25
3,493,g_a_cpu,cpu,4036.26,4036.62
3,493,h_a,dpu,4036.62,4040.12
3,493,eb_enc,cpu,4040.12,4040.25
3,493,eb_dec,cpu,4040.25,4040.35
3,493,h_s,dpu,4040.35,4047.41
3,493,gc,cpu,4047.42,4057.69
3,498,normalize,cpu,4058.27,4062.1
3,498,g_a_cpu,cpu,4062.1,4062.57
3,498,g_a,dpu,4062.57,4068.34
3,498,g_a,dpu,4068.34,4073.35
3,498,g_a_cpu,cpu,4073.36,4073.74
3,498,h_a,dpu,4073.75,4077.01
3,498,eb_enc,cpu,4077.01,4077.14
3,498,eb_dec,cpu,4077.14,4077.24
3,498,h_s,dpu,4077.24,4087.11
3,498,gc,cpu,4087.11,4097.79
3,503,normalize,cpu,4098.31,4102.04
3,503,g_a_cpu,cpu,4102.05,4102.37
3,503,g_a,dpu,4102.37,4107.52
3,503,g_a,dpu,4107.52,4112.66
3,503,g_a_cpu,cpu,4112.66,4113.04
3,503,h_a,dpu,4113.04,4117.34
3,503,eb_enc,cpu,4117.34,4117.5
3,503,eb_dec,cpu,4117.51,4117.62
3,503,h_s,dpu,4117.62,4119.13
3,503,gc,cpu,4119.13,4129.43
3,508,normalize,cpu,4129.93,4133.77
3,508,g_a_cpu,cpu,4133.77,4134.18
3,508,g_a,dpu,4134.18,4139.38
3,508,g_a,dpu,4139.38,4144.42
3,508,g_a_cpu,cpu,4144.42,4144.86
3,508,h_a,dpu,4144.86,4150.98
3,508,eb_enc,cpu,4150.99,4151.11
3,508,eb_dec,cpu,4151.11,4151.21
3,508,h_s,dpu,4151.21,4152.52
3,508,gc,cpu,4152.52,4162.65
3,512,normalize,cpu,4163.24,4167.03
3,512,g_a_cpu,cpu,4167.03,4167.32
3,512,g_a,dpu,4167.32,4172.48
3,512,g_a,dpu,4172.48,4177.68
3,512,g_a_cpu,cpu,4177.68,4178.15
3,512,h_a,dpu,4178.16,4181.34
3,512,eb_enc,cpu,4181.35,4181.53
3,512,eb_dec,cpu,4181.53,4181.64
3,512,h_s,dpu,4181.64,4188.58
3,512,gc,cpu,4188.59,4199.15
3,518,normalize,cpu,4199.97,4203.73
3,518,g_a_cpu,cpu,4203.73,4204.07
3,518,g_a,dpu,4204.07,4209.16
3,518,g_a,dpu,4209.17,4214.16
3,518,g_a_cpu,cpu,4214.17,4214.58
3,518,h_a,dpu,4214.63,4218.43
3,518,eb_enc,cpu,4218.44,4218.59
3,518,eb_dec,cpu,4218.59,4218.7
3,518,h_s,dpu,4218.71,4232.94
3,518,gc,cpu,4232.95,4247.81
3,522,normalize,cpu,4249.45,4262.34
3,522,g_a_cpu,cpu,4262.34,4262.64
3,522,g_a,dpu,4262.64,4267.98
3,522,g_a,dpu,4267.98,4273.01
3,522,g_a_cpu,cpu,4273.01,4273.38
3,522,h_a,dpu,4273.38,4276.63
3,522,eb_enc,cpu,4276.63,4276.76
3,522,eb_dec,cpu,4276.77,4276.88
3,522,h_s,dpu,4276.88,4280.08
3,522,gc,cpu,4280.08,4290.32
3,528,normalize,cpu,4290.9,4294.7
3,528,g_a_cpu,cpu,4294.7,4295.08
3,528,g_a,dpu,4295.08,4300.23
3,528,g_a,dpu,4300.23,4305.41
3,528,g_a_cpu,cpu,4305.41,4305.95
3,528,h_a,dpu,4305.96,4309.67
3,528,eb_enc,cpu,4309.67,4309.82
3,528,eb_dec,cpu,4309.82,4309.92
3,528,h_s,dpu,4309.92,4313.1
3,528,gc,cpu,4313.1,4326.93
3,532,normalize,cpu,4327.42,4331.16
3,532,g_a_cpu,cpu,4331.16,4331.57
3,532,g_a,dpu,4331.58,4336.86
3,532,g_a,dpu,4336.86,4342.15
3,532,g_a_cpu,cpu,4342.15,4342.74
3,532,h_a,dpu,4342.75,4350.28
3,532,eb_enc,cpu,4350.29,4350.44
3,532,eb_dec,cpu,4350.44,4350.55
3,532,h_s,dpu,4350.55,4363.67
3,532,gc,cpu,4363.67,4373.69
3,538,normalize,cpu,4374.15,4377.88
3,538,g_a_cpu,cpu,4377.88,4378.27
3,538,g_a,dpu,4378.27,4383.43
3,538,g_a,dpu,4383.43,4389.17
3,538,g_a_cpu,cpu,4389.18,4389.57
3,538,h_a,dpu,4389.57,4397.08
3,538,eb_enc,cpu,4397.08,4397.25
3,538,eb_dec,cpu,4397.26,4397.37
3,538,h_s,dpu,4397.37,4398.48
3,538,gc,cpu,4398.48,4408.46
3,542,normalize,cpu,4408.95,4412.7
3,542,g_a_cpu,cpu,4412.71,4413.04
3,542,g_a,dpu,4413.04,4418.86
3,542,g_a,dpu,4418.86,4430.87
3,542,g_a_cpu,cpu,4430.87,4431.29
3,542,h_a,dpu,4431.29,4434.32
3,542,eb_enc,cpu,4434.32,4434.47
3,542,eb_dec,cpu,4434.48,4434.59
3,542,h_s,dpu,4434.59,4440.16
3,542,gc,cpu,4440.16,4450.36
3,547,normalize,cpu,4451.19,4454.95
3,547,g_a_cpu,cpu,4454.96,4455.33
3,547,g_a,dpu,4455.33,4461.56
3,547,g_a,dpu,4461.56,4466.7
3,547,g_a_cpu,cpu,4466.7,4467.16
3,547,h_a,dpu,4467.16,4471.45
3,547,eb_enc,cpu,4471.45,4471.65
3,547,eb_dec,cpu,4471.65,4471.78
3,547,h_s,dpu,4471.78,4481.2
3,547,gc,cpu,4481.2,4491.78
3,552,normalize,cpu,4492.37,4496.18
3,552,g_a_cpu,cpu,4496.19,4496.58
3,552,g_a,dpu,4496.59,4501.82
3,552,g_a,dpu,4501.83,4506.96
3,552,g_a_cpu,cpu,4506.97,4507.51
3,552,h_a,dpu,4507.51,4511.64
3,552,eb_enc,cpu,4511.64,4511.8
3,552,eb_dec,cpu,4511.8,4511.92
3,552,h_s,dpu,4511.92,4513.29
3,552,gc,cpu,4513.3,4523.19
3,557,normalize,cpu,4523.64,4527.39
3,557,g_a_cpu,cpu,4527.39,4527.69
3,557,g_a,dpu,4527.69,4532.74
3,557,g_a,dpu,4532.74,4537.77
3,557,g_a_cpu,cpu,4537.77,4538.15
3,557,h_a,dpu,4538.16,4541.89
3,557,eb_enc,cpu,4541.89,4542.03
3,557,eb_dec,cpu,4542.03,4542.13
3,557,h_s,dpu,4542.13,4543.15
3,557,gc,cpu,4543.15,4553.75
3,560,normalize,cpu,4554.5,4558.27
3,560,g_a_cpu,cpu,4558.27,4558.94
3,560,g_a,dpu,4558.95,4564.24
3,560,g_a,dpu,4564.24,4569.47
3,560,g_a_cpu,cpu,4569.48,4569.85
3,560,h_a,dpu,4569.86,4573.62
3,560,eb_enc,cpu,4573.62,4573.76
3,560,eb_dec,cpu,4573.76,4573.88
3,560,h_s,dpu,4573.88,4577.92
3,560,gc,cpu,4577.92,4588.16
3,566,normalize,cpu,4588.81,4592.59
3,566,g_a_cpu,cpu,4592.6,4593.19
3,566,g_a,dpu,4593.19,4598.46
3,566,g_a,dpu,4598.46,4604.24
3,566,g_a_cpu,cpu,4604.25,4604.69
3,566,h_a,dpu,4604.69,4607.84
3,566,eb_enc,cpu,4607.84,4608.08
3,566,eb_dec,cpu,4608.08,4608.2
3,566,h_s,dpu,4608.2,4611.2
3,566,gc,cpu,4611.2,4621.61
3,570,normalize,cpu,4622.34,4626.15
3,570,g_a_cpu,cpu,4626.15,4626.44
3,570,g_a,dpu,4626.44,4631.46
3,570,g_a,dpu,4631.46,4636.47
3,570,g_a_cpu,cpu,4636.47,4636.89
3,570,h_a,dpu,4636.91,4641.03
3,570,eb_enc,cpu,4641.03,4641.19
3,570,eb_dec,cpu,4641.19,4641.29
3,570,h_s,dpu,4641.29,4642.34
3,570,gc,cpu,4642.34,4652.39
3,575,normalize,cpu,4653.04,4656.72
3,575,g_a_cpu,cpu,4656.73,4657.16
3,575,g_a,dpu,4657.17,4662.37
3,575,g_a,dpu,4662.37,4668.28
3,575,g_a_cpu,cpu,4668.28,4668.76
3,575,h_a,dpu,4668.76,4671.85
3,575,eb_enc,cpu,4671.85,4672
3,575,eb_dec,cpu,4672,4672.11
3,575,h_s,dpu,4672.11,4673.27
3,575,gc,cpu,4673.27,4683.86
3,579,normalize,cpu,4687.52,4691.28
3,579,g_a_cpu,cpu,4691.28,4691.57
3,579,g_a,dpu,4691.58,4696.87
3,579,g_a,dpu,4696.87,4702.03
3,579,g_a_cpu,cpu,4702.03,4702.51
3,579,h_a,dpu,4702.51,4707.35
3,579,eb_enc,cpu,4707.35,4707.66
3,579,eb_dec,cpu,4707.66,4707.83
3,579,h_s,dpu,4707.83,4712.01
3,579,gc,cpu,4712.01,4739.09
3,584,normalize,cpu,4739.8,4743.69
3,584,g_a_cpu,cpu,4743.7,4744.14
3,584,g_a,dpu,4744.15,4749.44
3,584,g_a,dpu,4749.44,4755.54
3,584,g_a_cpu,cpu,4755.55,4756.07
3,584,h_a,dpu,4756.08,4762.63
3,584,eb_enc,cpu,4762.63,4762.79
3,584,eb_dec,cpu,4762.79,4762.95
3,584,h_s,dpu,4762.96,4769.71
3,584,gc,cpu,4769.71,4780.08
3,588,normalize,cpu,4780.64,4784.39
3,588,g_a_cpu,cpu,4784.39,4784.76
3,588,g_a,dpu,4784.77,4789.91
3,588,g_a,dpu,4789.91,4795.08
3,588,g_a_cpu,cpu,4795.08,4795.47
3,588,h_a,dpu,4795.47,4799.11
3,588,eb_enc,cpu,4799.11,4799.26
3,588,eb_dec,cpu,4799.26,4799.37
3,588,h_s,dpu,4799.37,4800.59
3,588,gc,cpu,4800.59,4810.97
3,593,normalize,cpu,4811.53,4815.4
3,593,g_a_cpu,cpu,4815.4,4815.83
3,593,g_a,dpu,4815.83,4820.9
3,593,g_a,dpu,4820.9,4826.03
3,593,g_a_cpu,cpu,4826.04,4826.48
3,593,h_a,dpu,4826.48,4833.86
3,593,eb_enc,cpu,4833.86,4833.99
3,593,eb_dec,cpu,4833.99,4834.1
3,593,h_s,dpu,4834.1,4841.81
3,593,gc,cpu,4841.81,4852.1
3,598,normalize,cpu,4852.9,4856.72
3,598,g_a_cpu,cpu,4856.73,4857.1
3,598,g_a,dpu,4857.1,4862.97
3,598,g_a,dpu,4862.97,4868.15
3,598,g_a_cpu,cpu,4868.15,4868.52
3,598,h_a,dpu,4868.52,4872.83
3,598,eb_enc,cpu,4872.83,4873.05
3,598,eb_dec,cpu,4873.05,4873.2
3,598,h_s,dpu,4873.2,4877.47
3,598,gc,cpu,4877.47,4888.03
3,603,normalize,cpu,4888.56,4892.32
3,603,g_a_cpu,cpu,4892.32,4892.71
3,603,g_a,dpu,4892.71,4897.9
3,603,g_a,dpu,4897.9,4903.15
3,603,g_a_cpu,cpu,4903.15,4903.65
3,603,h_a,dpu,4903.65,4906.98
3,603,eb_enc,cpu,4906.98,4907.14
3,603,eb_dec,cpu,4907.14,4907.25
3,603,h_s,dpu,4907.25,4911.06
3,603,gc,cpu,4911.06,4921.46
3,607,normalize,cpu,4922,4925.74
3,607,g_a_cpu,cpu,4925.74,4926.08
3,607,g_a,dpu,4926.09,4931.22
3,607,g_a,dpu,4931.22,4936.29
3,607,g_a_cpu,cpu,4936.29,4936.71
3,607,h_a,dpu,4936.71,4939.88
3,607,eb_enc,cpu,4939.88,4940.1
3,607,eb_dec,cpu,4940.11,4940.23
3,607,h_s,dpu,4940.23,4941.38
3,607,gc,cpu,4941.38,4956.8
3,613,normalize,cpu,4958.98,4968.38
3,613,g_a_cpu,cpu,4968.38,4968.8
3,613,g_a,dpu,4968.8,4974
3,613,g_a,dpu,4974,4982.72
3,613,g_a_cpu,cpu,4982.72,4983.23
3,613,h_a,dpu,4983.23,4986.58
3,613,eb_enc,cpu,4986.58,4986.71
3,613,eb_dec,cpu,4986.71,4986.85
3,613,h_s,dpu,4986.85,4989.97
3,613,gc,cpu,4989.97,5002.31
3,618,normalize,cpu,5003.51,5008.26
3,618,g_a_cpu,cpu,5008.26,5008.9
3,618,g_a,dpu,5008.91,5022.39
3,618,g_a,dpu,5022.39,5031.42
3,618,g_a_cpu,cpu,5031.42,5031.88
3,618,h_a,dpu,5031.88,5035.04
3,618,eb_enc,cpu,5035.04,5035.17
3,618,eb_dec,cpu,5035.17,5035.27
3,618,h_s,dpu,5035.28,5037.58
3,618,gc,cpu,5037.58,5050.03
3,624,normalize,cpu,5050.58,5054.44
3,624,g_a_cpu,cpu,5054.44,5054.94
3,624,g_a,dpu,5054.94,5060.13
3,624,g_a,dpu,5060.13,5065.1
3,624,g_a_cpu,cpu,5065.1,5065.51
3,624,h_a,dpu,5065.51,5068.56
3,624,eb_enc,cpu,5068.56,5068.69
3,624,eb_dec,cpu,5068.69,5068.8
3,624,h_s,dpu,5068.8,5085.89
3,624,gc,cpu,5085.89,5096.48
3,629,normalize,cpu,5097.07,5100.83
3,629,g_a_cpu,cpu,5100.83,5101.18
3,629,g_a,dpu,5101.19,5106.35
3,629,g_a,dpu,5106.36,5115.67
3,629,g_a_cpu,cpu,5115.67,5116.17
3,629,h_a,dpu,5116.18,5118.85
3,629,eb_enc,cpu,5118.85,5118.98
3,629,eb_dec,cpu,5118.98,5119.09
3,629,h_s,dpu,5119.09,5128.91
3,629,gc,cpu,5128.91,5138.98
3,634,normalize,cpu,5139.53,5143.26
3,634,g_a_cpu,cpu,5143.26,5143.71
3,634,g_a,dpu,5143.71,5148.97
3,634,g_a,dpu,5148.98,5154.6
3,634,g_a_cpu,cpu,5154.6,5155.34
3,634,h_a,dpu,5155.34,5159.84
3,634,eb_enc,cpu,5159.84,5160.07
3,634,eb_dec,cpu,5160.07,5160.2
3,634,h_s,dpu,5160.2,5166.54
3,634,gc,cpu,5166.54,5176.8
3,639,normalize,cpu,5177.62,5182.06
3,639,g_a_cpu,cpu,5182.07,5183.04
3,639,g_a,dpu,5183.05,5202.17
3,639,g_a,dpu,5202.17,5207.12
3,639,g_a_cpu,cpu,5207.12,5207.44
3,639,h_a,dpu,5207.45,5210.61
3,639,eb_enc,cpu,5210.62,5210.74
3,639,eb_dec,cpu,5210.75,5210.88
3,639,h_s,dpu,5210.88,5221.11
3,639,gc,cpu,5221.11,5231.47
3,644,normalize,cpu,5232.01,5235.88
3,644,g_a_cpu,cpu,5235.88,5236.34
3,644,g_a,dpu,5236.35,5241.63
3,644,g_a,dpu,5241.63,5250.57
3,644,g_a_cpu,cpu,5250.57,5251
3,644,h_a,dpu,5251,5253.84
3,644,eb_enc,cpu,5253.84,5253.97
3,644,eb_dec,cpu,5253.97,5254.08
3,644,h_s,dpu,5254.08,5260.12
3,644,gc,cpu,5260.12,5270.35
3,649,normalize,cpu,5270.91,5274.64
3,649,g_a_cpu,cpu,5274.65,5275.1
3,649,g_a,dpu,5275.1,5280.42
3,649,g_a,dpu,5280.42,5289.41
3,649,g_a_cpu,cpu,5289.41,5289.89
3,649,h_a,dpu,5289.9,5292.96
3,649,eb_enc,cpu,5292.96,5293.09
3,649,eb_dec,cpu,5293.1,5293.21
3,649,h_s,dpu,5293.21,5298.15
3,649,gc,cpu,5298.15,5308.27
3,653,normalize,cpu,5308.79,5312.62
3,653,g_a_cpu,cpu,5312.63,5312.98
3,653,g_a,dpu,5312.98,5318.2
3,653,g_a,dpu,5318.2,5327.23
3,653,g_a_cpu,cpu,5327.23,5327.71
3,653,h_a,dpu,5327.71,5333.34
3,653,eb_enc,cpu,5333.34,5333.48
3,653,eb_dec,cpu,5333.48,5333.58
3,653,h_s,dpu,5333.58,5340.61
3,653,gc,cpu,5340.61,5350.6
3,660,normalize,cpu,5351.26,5355.07
3,660,g_a_cpu,cpu,5355.08,5355.39
3,660,g_a,dpu,5355.39,5360.61
3,660,g_a,dpu,5360.61,5369.62
3,660,g_a_cpu,cpu,5369.62,5370.08
3,660,h_a,dpu,5370.09,5373.68
3,660,eb_enc,cpu,5373.68,5373.83
3,660,eb_dec,cpu,5373.83,5373.94
3,660,h_s,dpu,5373.94,5378.09
3,660,gc,cpu,5378.09,5388.69
3,664,normalize,cpu,5389.22,5392.99
3,664,g_a_cpu,cpu,5392.99,5393.38
3,664,g_a,dpu,5393.39,5398.64
3,664,g_a,dpu,5398.64,5403.82
3,664,g_a_cpu,cpu,5403.82,5404.35
3,664,h_a,dpu,5404.35,5411.63
3,664,eb_enc,cpu,5411.63,5411.79
3,664,eb_dec,cpu,5411.79,5411.91
3,664,h_s,dpu,5411.91,5413.12
3,664,gc,cpu,5413.12,5424.01
3,669,normalize,cpu,5424.39,5428.17
3,669,g_a_cpu,cpu,5428.18,5428.59
3,669,g_a,dpu,5428.6,5433.89
3,669,g_a,dpu,5433.9,5439.36
3,669,g_a_cpu,cpu,5439.36,5439.81
3,669,h_a,dpu,5439.81,5442.9
3,669,eb_enc,cpu,5442.9,5443.05
3,669,eb_dec,cpu,5443.05,5443.19
3,669,h_s,dpu,5443.19,5448.64
3,669,gc,cpu,5448.64,5459.15
3,673,normalize,cpu,5460.1,5463.84
3,673,g_a_cpu,cpu,5463.85,5464.21
3,673,g_a,dpu,5464.21,5469.37
3,673,g_a,dpu,5469.37,5474.43
3,673,g_a_cpu,cpu,5474.43,5474.82
3,673,h_a,dpu,5474.82,5477.87
3,673,eb_enc,cpu,5477.87,5478.04
3,673,eb_dec,cpu,5478.04,5478.15
3,673,h_s,dpu,5478.15,5484.54
3,673,gc,cpu,5484.55,5495.02
3,679,normalize,cpu,5495.93,5499.63
3,679,g_a_cpu,cpu,5499.63,5500.15
3,679,g_a,dpu,5500.15,5505.27
3,679,g_a,dpu,5505.27,5510.35
3,679,g_a_cpu,cpu,5510.35,5511.11
3,679,h_a,dpu,5511.11,5517.84
3,679,eb_enc,cpu,5517.84,5518.03
3,679,eb_dec,cpu,5518.03,5518.15
3,679,h_s,dpu,5518.15,5523.67
3,679,gc,cpu,5523.67,5533.93
3,683,normalize,cpu,5534.57,5538.22
3,683,g_a_cpu,cpu,5538.22,5538.54
3,683,g_a,dpu,5538.55,5544.49
3,683,g_a,dpu,5544.49,5553.44
3,683,g_a_cpu,cpu,5553.45,5553.83
3,683,h_a,dpu,5553.83,5557.45
3,683,eb_enc,cpu,5557.45,5557.58
3,683,eb_dec,cpu,5557.58,5557.69
3,683,h_s,dpu,5557.69,5562.36
3,683,gc,cpu,5562.36,5572.64
3,690,normalize,cpu,5573.09,5576.84
3,690,g_a_cpu,cpu,5576.84,5577.28
3,690,g_a,dpu,5577.28,5586.38
3,690,g_a,dpu,5586.38,5595.4
3,690,g_a_cpu,cpu,5595.4,5595.84
3,690,h_a,dpu,5595.84,5598.62
3,690,eb_enc,cpu,5598.62,5598.75
3,690,eb_dec,cpu,5598.75,5598.88
3,690,h_s,dpu,5598.88,5609.96
3,690,gc,cpu,5609.96,5629.91
3,696,normalize,cpu,5630.65,5634.43
3,696,g_a_cpu,cpu,5634.44,5635.75
3,696,g_a,dpu,5635.76,5648.19
3,696,g_a,dpu,5648.2,5654.99
3,696,g_a_cpu,cpu,5654.99,5655.41
3,696,h_a,dpu,5655.42,5660.82
3,696,eb_enc,cpu,5660.82,5660.95
3,696,eb_dec,cpu,5660.95,5661.06
3,696,h_s,dpu,5661.06,5666.67
3,696,gc,cpu,5666.67,5679.16
3,701,normalize,cpu,5679.95,5683.71
3,701,g_a_cpu,cpu,5683.72,5684.14
3,701,g_a,dpu,5684.15,5689.24
3,701,g_a,dpu,5689.25,5697.4
3,701,g_a_cpu,cpu,5697.4,5697.85
3,701,h_a,dpu,5697.86,5711.27
3,701,eb_enc,cpu,5711.27,5711.44
3,701,eb_dec,cpu,5711.44,5711.57
3,701,h_s,dpu,5711.57,5712.67
3,701,gc,cpu,5712.67,5722.64
3,707,normalize,cpu,5723.15,5726.94
3,707,g_a_cpu,cpu,5726.95,5727.43
3,707,g_a,dpu,5727.43,5732.64
3,707,g_a,dpu,5732.64,5737.75
3,707,g_a_cpu,cpu,5737.75,5738.17
3,707,h_a,dpu,5738.18,5741.87
3,707,eb_enc,cpu,5741.87,5742
3,707,eb_dec,cpu,5742,5742.1
3,707,h_s,dpu,5742.1,5743.13
3,707,gc,cpu,5743.13,5753.12
3,711,normalize,cpu,5753.8,5757.5
3,711,g_a_cpu,cpu,5757.51,5758.09
3,711,g_a,dpu,5758.1,5765.09
3,711,g_a,dpu,5765.09,5776.21
3,711,g_a_cpu,cpu,5776.21,5776.62
3,711,h_a,dpu,5776.62,5782.44
3,711,eb_enc,cpu,5782.44,5782.64
3,711,eb_dec,cpu,5782.64,5782.77
3,711,h_s,dpu,5782.77,5783.98
3,711,gc,cpu,5783.99,5794.08
3,715,normalize,cpu,5795.09,5798.94
3,715,g_a_cpu,cpu,5798.95,5799.43
3,715,g_a,dpu,5799.45,5804.65
3,715,g_a,dpu,5804.65,5822.85
3,715,g_a_cpu,cpu,5822.85,5823.26
3,715,h_a,dpu,5823.26,5827.19
3,715,eb_enc,cpu,5827.19,5827.33
3,715,eb_dec,cpu,5827.33,5827.44
3,715,h_s,dpu,5827.44,5828.49
3,715,gc,cpu,5828.49,5840.21
3,722,normalize,cpu,5841.31,5845.02
3,722,g_a_cpu,cpu,5845.02,5845.35
3,722,g_a,dpu,5845.35,5852.13
3,722,g_a,dpu,5852.13,5857.23
3,722,g_a_cpu,cpu,5857.24,5857.79
3,722,h_a,dpu,5857.79,5861.39
3,722,eb_enc,cpu,5861.39,5861.54
3,722,eb_dec,cpu,5861.54,5861.66
3,722,h_s,dpu,5861.66,5864.86
3,722,gc,cpu,5864.86,5875.53
3,726,normalize,cpu,5876.41,5880.16
3,726,g_a_cpu,cpu,5880.17,5880.52
3,726,g_a,dpu,5880.52,5885.81
3,726,g_a,dpu,5885.81,5898.23
3,726,g_a_cpu,cpu,5898.24,5898.76
3,726,h_a,dpu,5898.76,5901.96
3,726,eb_enc,cpu,5901.96,5902.09
3,726,eb_dec,cpu,5902.09,5902.2
3,726,h_s,dpu,5902.2,5908.86
3,726,gc,cpu,5908.86,5919.53
3,731,normalize,cpu,5920.23,5924.06
3,731,g_a_cpu,cpu,5924.06,5924.66
3,731,g_a,dpu,5924.66,5937.71
3,731,g_a,dpu,5937.71,5946.8
3,731,g_a_cpu,cpu,5946.8,5947.25
3,731,h_a,dpu,5947.27,5950.33
3,731,eb_enc,cpu,5950.33,5950.48
3,731,eb_dec,cpu,5950.48,5950.6
3,731,h_s,dpu,5950.6,5957.45
3,731,gc,cpu,5957.45,5967.52
3,736,normalize,cpu,5968.13,5972
3,736,g_a_cpu,cpu,5972,5972.4
3,736,g_a,dpu,5972.41,5977.61
3,736,g_a,dpu,5977.61,5986.53
3,736,g_a_cpu,cpu,5986.54,5986.99
3,736,h_a,dpu,5986.99,5989.64
3,736,eb_enc,cpu,5989.64,5989.83
3,736,eb_dec,cpu,5989.83,5989.95
3,736,h_s,dpu,5989.95,5995.11
3,736,gc,cpu,5995.11,6005.36
3,741,normalize,cpu,6005.95,6009.79
3,741,g_a_cpu,cpu,6009.79,6010.16
3,741,g_a,dpu,6010.16,6015.27
3,741,g_a,dpu,6015.27,6024.39
3,741,g_a_cpu,cpu,6024.39,6024.86
3,741,h_a,dpu,6024.86,6027.91
3,741,eb_enc,cpu,6027.91,6028.06
3,741,eb_dec,cpu,6028.06,6028.18
3,741,h_s,dpu,6028.18,6029.74
3,741,gc,cpu,6029.75,6039.86
3,745,normalize,cpu,6040.75,6044.58
3,745,g_a_cpu,cpu,6044.58,6045.02
3,745,g_a,dpu,6045.03,6050.22
3,745,g_a,dpu,6050.23,6055.36
3,745,g_a_cpu,cpu,6055.37,6055.74
3,745,h_a,dpu,6055.74,6060.39
3,745,eb_enc,cpu,6060.4,6060.54
3,745,eb_dec,cpu,6060.54,6060.66
3,745,h_s,dpu,6060.66,6061.71
3,745,gc,cpu,6061.72,6071.83
3,750,normalize,cpu,6072.47,6076.2
3,750,g_a_cpu,cpu,6076.21,6076.61
3,750,g_a,dpu,6076.62,6081.74
3,750,g_a,dpu,6081.74,6091.62
3,750,g_a_cpu,cpu,6091.63,6091.99
3,750,h_a,dpu,6091.99,6105.15
3,750,eb_enc,cpu,6105.15,6105.4
3,750,eb_dec,cpu,6105.41,6105.54
3,750,h_s,dpu,6105.54,6107.64
3,750,gc,cpu,6107.64,6132.85
3,758,normalize,cpu,6143.31,6147.09
3,758,g_a_cpu,cpu,6147.1,6147.4
3,758,g_a,dpu,6147.4,6154.22
3,758,g_a,dpu,6154.23,6159.28
3,758,g_a_cpu,cpu,6159.28,6159.66
3,758,h_a,dpu,6159.66,6162.89
3,758,eb_enc,cpu,6162.89,6163.02
3,758,eb_dec,cpu,6163.02,6163.13
3,758,h_s,dpu,6163.13,6164.21
3,758,gc,cpu,6164.21,6174.72
3,761,normalize,cpu,6175.23,6179.01
3,761,g_a_cpu,cpu,6179.01,6179.47
3,761,g_a,dpu,6179.47,6193.19
3,761,g_a,dpu,6193.2,6198.34
3,761,g_a_cpu,cpu,6198.34,6198.91
3,761,h_a,dpu,6198.91,6205.33
3,761,eb_enc,cpu,6205.33,6205.46
3,761,eb_dec,cpu,6205.46,6205.56
3,761,h_s,dpu,6205.56,6212.25
3,761,gc,cpu,6212.25,6222.4
3,766,normalize,cpu,6223.04,6226.77
3,766,g_a_cpu,cpu,6226.78,6227.15
3,766,g_a,dpu,6227.16,6232.28
3,766,g_a,dpu,6232.28,6241.31
3,766,g_a_cpu,cpu,6241.31,6241.89
3,766,h_a,dpu,6241.9,6246.34
3,766,eb_enc,cpu,6246.34,6246.53
3,766,eb_dec,cpu,6246.53,6246.66
3,766,h_s,dpu,6246.66,6248.1
3,766,gc,cpu,6248.1,6258.12
3,771,normalize,cpu,6258.63,6262.38
3,771,g_a_cpu,cpu,6262.38,6262.74
3,771,g_a,dpu,6262.74,6271.16
3,771,g_a,dpu,6271.16,6280.78
3,771,g_a_cpu,cpu,6280.79,6281.24
3,771,h_a,dpu,6281.24,6286.14
3,771,eb_enc,cpu,6286.14,6286.32
3,771,eb_dec,cpu,6286.32,6286.43
3,771,h_s,dpu,6286.43,6287.46
3,771,gc,cpu,6287.46,6297.54
3,776,normalize,cpu,6298.04,6301.78
3,776,g_a_cpu,cpu,6301.79,6302.14
3,776,g_a,dpu,6302.14,6307.33
3,776,g_a,dpu,6307.33,6312.42
3,776,g_a_cpu,cpu,6312.42,6312.74
3,776,h_a,dpu,6312.74,6318.96
3,776,eb_enc,cpu,6318.96,6319.12
3,776,eb_dec,cpu,6319.12,6319.23
3,776,h_s,dpu,6319.23,6325.41
3,776,gc,cpu,6325.41,6335.98
3,781,normalize,cpu,6336.63,6340.37
3,781,g_a_cpu,cpu,6340.38,6340.79
3,781,g_a,dpu,6340.79,6346.01
3,781,g_a,dpu,6346.02,6351.61
3,781,g_a_cpu,cpu,6351.61,6352
3,781,h_a,dpu,6352.01,6355.58
3,781,eb_enc,cpu,6355.58,6355.71
3,781,eb_dec,cpu,6355.71,6355.82
3,781,h_s,dpu,6355.82,6362.96
3,781,gc,cpu,6362.96,6373.49
3,787,normalize,cpu,6374.14,6377.91
3,787,g_a_cpu,cpu,6377.91,6378.35
3,787,g_a,dpu,6378.35,6383.44
3,787,g_a,dpu,6383.44,6388.6
3,787,g_a_cpu,cpu,6388.6,6389.01
3,787,h_a,dpu,6389.01,6392.55
3,787,eb_enc,cpu,6392.55,6392.73
3,787,eb_dec,cpu,6392.73,6392.85
3,787,h_s,dpu,6392.85,6393.89
3,787,gc,cpu,6393.89,6403.94
3,791,normalize,cpu,6404.46,6408.14
3,791,g_a_cpu,cpu,6408.14,6408.42
3,791,g_a,dpu,6408.42,6415.93
3,791,g_a,dpu,6415.93,6424.96
3,791,g_a_cpu,cpu,6424.96,6425.34
3,791,h_a,dpu,6425.34,6428.87
3,791,eb_enc,cpu,6428.87,6429.03
3,791,eb_dec,cpu,6429.03,6429.15
3,791,h_s,dpu,6429.15,6433.87
3,791,gc,cpu,6433.87,6444.21
3,796,normalize,cpu,6450.19,6453.86
3,796,g_a_cpu,cpu,6453.87,6454.25
3,796,g_a,dpu,6454.26,6466.99
3,796,g_a,dpu,6466.99,6471.96
3,796,g_a_cpu,cpu,6471.96,6472.32
3,796,h_a,dpu,6472.33,6475.53
3,796,eb_enc,cpu,6475.53,6475.68
3,796,eb_dec,cpu,6475.68,6475.79
3,796,h_s,dpu,6475.79,6481.55
3,796,gc,cpu,6481.55,6492.12
3,802,normalize,cpu,6492.91,6496.68
3,802,g_a_cpu,cpu,6496.68,6497.05
3,802,g_a,dpu,6497.05,6502.19
3,802,g_a,dpu,6502.19,6507.22
3,802,g_a_cpu,cpu,6507.22,6507.81
3,802,h_a,dpu,6507.81,6512.54
3,802,eb_enc,cpu,6512.54,6512.69
3,802,eb_dec,cpu,6512.69,6512.81
3,802,h_s,dpu,6512.81,6516.86
3,802,gc,cpu,6516.86,6527.27
3,807,normalize,cpu,6527.88,6531.58
3,807,g_a_cpu,cpu,6531.58,6531.92
3,807,g_a,dpu,6531.92,6537.04
3,807,g_a,dpu,6537.04,6542.21
3,807,g_a_cpu,cpu,6542.21,6542.8
3,807,h_a,dpu,6542.8,6546.25
3,807,eb_enc,cpu,6546.25,6546.45
3,807,eb_dec,cpu,6546.46,6546.57
3,807,h_s,dpu,6546.57,6552.05
3,807,gc,cpu,6552.05,6562.24
3,811,normalize,cpu,6562.99,6566.69
3,811,g_a_cpu,cpu,6566.7,6567.11
3,811,g_a,dpu,6567.12,6572.38
3,811,g_a,dpu,6572.38,6577.63
3,811,g_a_cpu,cpu,6577.64,6578.07
3,811,h_a,dpu,6578.07,6582.98
3,811,eb_enc,cpu,6582.99,6583.16
3,811,eb_dec,cpu,6583.16,6583.27
3,811,h_s,dpu,6583.27,6584.6
3,811,gc,cpu,6584.6,6594.48
3,817,normalize,cpu,6596.59,6600.27
3,817,g_a_cpu,cpu,6600.27,6600.59
3,817,g_a,dpu,6600.59,6606.29
3,817,g_a,dpu,6606.29,6611.39
3,817,g_a_cpu,cpu,6611.4,6612.03
3,817,h_a,dpu,6612.03,6619.04
3,817,eb_enc,cpu,6619.04,6619.21
3,817,eb_dec,cpu,6619.21,6619.31
3,817,h_s,dpu,6619.31,6631.81
3,817,gc,cpu,6631.81,6641.71
3,823,normalize,cpu,6642.26,6645.96
3,823,g_a_cpu,cpu,6645.96,6646.31
3,823,g_a,dpu,6646.31,6654.14
3,823,g_a,dpu,6654.14,6664.27
3,823,g_a_cpu,cpu,6664.27,6664.79
3,823,h_a,dpu,6664.79,6668.19
3,823,eb_enc,cpu,6668.2,6668.34
3,823,eb_dec,cpu,6668.34,6668.44
3,823,h_s,dpu,6668.44,6669.64
3,823,gc,cpu,6669.64,6679.66
3,828,normalize,cpu,6680.16,6683.84
3,828,g_a_cpu,cpu,6683.85,6684.34
3,828,g_a,dpu,6684.35,6690.04
3,828,g_a,dpu,6690.04,6699.46
3,828,g_a_cpu,cpu,6699.46,6700
3,828,h_a,dpu,6700,6703.43
3,828,eb_enc,cpu,6703.43,6703.57
3,828,eb_dec,cpu,6703.57,6703.67
3,828,h_s,dpu,6703.67,6707.47
3,828,gc,cpu,6707.47,6717.42
3,833,normalize,cpu,6717.94,6721.83
3,833,g_a_cpu,cpu,6721.84,6722.3
3,833,g_a,dpu,6722.31,6735.93
3,833,g_a,dpu,6735.93,6742.44
3,833,g_a_cpu,cpu,6742.44,6742.91
3,833,h_a,dpu,6742.91,6746.23
3,833,eb_enc,cpu,6746.23,6746.41
3,833,eb_dec,cpu,6746.41,6746.53
3,833,h_s,dpu,6746.53,6751.9
3,833,gc,cpu,6751.9,6761.9
3,838,normalize,cpu,6762.93,6766.61
3,838,g_a_cpu,cpu,6766.61,6767
3,838,g_a,dpu,6767.01,6779.11
3,838,g_a,dpu,6779.11,6784.32
3,838,g_a_cpu,cpu,6784.32,6784.89
3,838,h_a,dpu,6784.89,6788.2
3,838,eb_enc,cpu,6788.2,6788.32
3,838,eb_dec,cpu,6788.32,6788.43
3,838,h_s,dpu,6788.43,6794.5
3,838,gc,cpu,6794.5,6804.94
3,843,normalize,cpu,6805.77,6809.42
3,843,g_a_cpu,cpu,6809.43,6809.79
3,843,g_a,dpu,6809.79,6815.02
3,843,g_a,dpu,6815.02,6820.29
3,843,g_a_cpu,cpu,6820.29,6820.74
3,843,h_a,dpu,6820.74,6824.33
3,843,eb_enc,cpu,6824.33,6824.5
3,843,eb_dec,cpu,6824.5,6824.6
3,843,h_s,dpu,6824.61,6827.15
3,843,gc,cpu,6827.15,6837.54
3,848,normalize,cpu,6837.99,6841.89
3,848,g_a_cpu,cpu,6841.9,6842.22
3,848,g_a,dpu,6842.22,6847.54
3,848,g_a,dpu,6847.55,6859.1
3,848,g_a_cpu,cpu,6859.1,6859.53
3,848,h_a,dpu,6859.53,6869.39
3,848,eb_enc,cpu,6869.39,6869.55
3,848,eb_dec,cpu,6869.55,6869.66
3,848,h_s,dpu,6869.66,6873.48
3,848,gc,cpu,6873.48,6883.59
3,853,normalize,cpu,6884.19,6889.15
3,853,g_a_cpu,cpu,6889.16,6889.97
3,853,g_a,dpu,6889.97,6902.74
3,853,g_a,dpu,6902.74,6912.94
3,853,g_a_cpu,cpu,6912.94,6913.39
3,853,h_a,dpu,6913.4,6919.01
3,853,eb_enc,cpu,6919.01,6919.16
3,853,eb_dec,cpu,6919.16,6919.27
3,853,h_s,dpu,6919.28,6923.12
3,853,gc,cpu,6923.12,6933.28
3,860,normalize,cpu,6933.94,6937.61
3,860,g_a_cpu,cpu,6937.61,6938.04
3,860,g_a,dpu,6938.04,6945.7
3,860,g_a,dpu,6945.71,6955.54
3,860,g_a_cpu,cpu,6955.54,6955.93
3,860,h_a,dpu,6955.94,6959.8
3,860,eb_enc,cpu,6959.8,6959.93
3,860,eb_dec,cpu,6959.93,6960.04
3,860,h_s,dpu,6960.04,6961.29
3,860,gc,cpu,6961.29,6971.4
3,865,normalize,cpu,6972.12,6975.86
3,865,g_a_cpu,cpu,6975.86,6976.72
3,865,g_a,dpu,6976.73,6981.78
3,865,g_a,dpu,6981.78,6987.53
3,865,g_a_cpu,cpu,6987.53,6988.1
3,865,h_a,dpu,6988.1,6994.06
3,865,eb_enc,cpu,6994.06,6994.2
3,865,eb_dec,cpu,6994.2,6994.31
3,865,h_s,dpu,6994.31,6998.6
3,865,gc,cpu,6998.6,7008.71
3,870,normalize,cpu,7009.41,7013.14
3,870,g_a_cpu,cpu,7013.15,7013.45
3,870,g_a,dpu,7013.45,7018.53
3,870,g_a,dpu,7018.53,7023.66
3,870,g_a_cpu,cpu,7023.66,7024.09
3,870,h_a,dpu,7024.09,7033.11
3,870,eb_enc,cpu,7033.11,7033.27
3,870,eb_dec,cpu,7033.27,7033.38
3,870,h_s,dpu,7033.38,7038.49
3,870,gc,cpu,7038.49,7050.22
3,875,normalize,cpu,7050.72,7056.17
3,875,g_a_cpu,cpu,7056.17,7056.51
3,875,g_a,dpu,7056.52,7061.7
3,875,g_a,dpu,7061.71,7079.57
3,875,g_a_cpu,cpu,7079.58,7080
3,875,h_a,dpu,7080,7083.15
3,875,eb_enc,cpu,7083.15,7083.31
3,875,eb_dec,cpu,7083.31,7083.42
3,875,h_s,dpu,7083.42,7084.94
3,875,gc,cpu,7084.94,7096.39
3,880,normalize,cpu,7096.96,7100.79
3,880,g_a_cpu,cpu,7100.79,7101.15
3,880,g_a,dpu,7101.16,7106.36
3,880,g_a,dpu,7106.36,7111.57
3,880,g_a_cpu,cpu,7111.58,7111.98
3,880,h_a,dpu,7111.99,7119.08
3,880,eb_enc,cpu,7119.08,7119.26
3,880,eb_dec,cpu,7119.26,7119.38
3,880,h_s,dpu,7119.38,7120.91
3,880,gc,cpu,7120.91,7131.31
3,885,normalize,cpu,7131.91,7135.71
3,885,g_a_cpu,cpu,7135.72,7136.09
3,885,g_a,dpu,7136.1,7141.24
3,885,g_a,dpu,7141.24,7146.27
3,885,g_a_cpu,cpu,7146.27,7146.65
3,885,h_a,dpu,7146.65,7151.14
3,885,eb_enc,cpu,7151.14,7151.3
3,885,eb_dec,cpu,7151.3,7151.41
3,885,h_s,dpu,7151.41,7152.69
3,885,gc,cpu,7152.69,7162.82
3,890,normalize,cpu,7163.25,7167
3,890,g_a_cpu,cpu,7167,7167.29
3,890,g_a,dpu,7167.3,7172.32
3,890,g_a,dpu,7172.32,7177.81
3,890,g_a_cpu,cpu,7177.81,7178.43
3,890,h_a,dpu,7178.43,7181.69
3,890,eb_enc,cpu,7181.69,7181.85
3,890,eb_dec,cpu,7181.85,7181.97
3,890,h_s,dpu,7181.97,7183.3
3,890,gc,cpu,7183.3,7193.27
3,895,normalize,cpu,7193.79,7197.51
3,895,g_a_cpu,cpu,7197.52,7197.95
3,895,g_a,dpu,7197.96,7203.19
3,895,g_a,dpu,7203.19,7208.62
3,895,g_a_cpu,cpu,7208.63,7209.01
3,895,h_a,dpu,7209.01,7212.53
3,895,eb_enc,cpu,7212.54,7212.67
3,895,eb_dec,cpu,7212.67,7212.78
3,895,h_s,dpu,7212.78,7218.77
3,895,gc,cpu,7218.77,7228.85
3,899,normalize,cpu,7229.43,7233.21
3,899,g_a_cpu,cpu,7233.21,7233.68
3,899,g_a,dpu,7233.68,7241.13
3,899,g_a,dpu,7241.13,7247.05
3,899,g_a_cpu,cpu,7247.05,7247.55
3,899,h_a,dpu,7247.56,7257.32
3,899,eb_enc,cpu,7257.32,7257.45
3,899,eb_dec,cpu,7257.45,7257.56
3,899,h_s,dpu,7257.56,7258.92
3,899,gc,cpu,7258.92,7269.28
3,904,normalize,cpu,7269.79,7273.48
3,904,g_a_cpu,cpu,7273.48,7273.83
3,904,g_a,dpu,7273.84,7278.91
3,904,g_a,dpu,7278.91,7283.9
3,904,g_a_cpu,cpu,7283.9,7284.27
3,904,h_a,dpu,7284.27,7288.52
3,904,eb_enc,cpu,7288.52,7288.71
3,904,eb_dec,cpu,7288.71,7288.82
3,904,h_s,dpu,7288.82,7293.98
3,904,gc,cpu,7293.98,7304.02
3,909,normalize,cpu,7304.67,7308.3
3,909,g_a_cpu,cpu,7308.31,7308.66
3,909,g_a,dpu,7308.66,7313.7
3,909,g_a,dpu,7313.7,7318.74
3,909,g_a_cpu,cpu,7318.74,7319.26
3,909,h_a,dpu,7319.26,7322.38
3,909,eb_enc,cpu,7322.38,7322.52
3,909,eb_dec,cpu,7322.52,7322.63
3,909,h_s,dpu,7322.63,7325.98
3,909,gc,cpu,7325.98,7336.08
3,913,normalize,cpu,7336.74,7341.14
3,913,g_a_cpu,cpu,7341.15,7341.79
3,913,g_a,dpu,7341.79,7351.03
3,913,g_a,dpu,7351.03,7356.11
3,913,g_a_cpu,cpu,7356.11,7356.69
3,913,h_a,dpu,7356.69,7360.07
3,913,eb_enc,cpu,7360.07,7360.21
3,913,eb_dec,cpu,7360.21,7360.32
3,913,h_s,dpu,7360.32,7361.53
3,913,gc,cpu,7361.53,7371.58
3,917,normalize,cpu,7372.42,7376.15
3,917,g_a_cpu,cpu,7376.16,7376.55
3,917,g_a,dpu,7376.55,7383.15
3,917,g_a,dpu,7383.15,7388.62
3,917,g_a_cpu,cpu,7388.62,7388.98
3,917,h_a,dpu,7388.98,7392.9
3,917,eb_enc,cpu,7392.9,7393.1
3,917,eb_dec,cpu,7393.1,7393.23
3,917,h_s,dpu,7393.23,7394.26
3,917,gc,cpu,7394.26,7404.23
3,921,normalize,cpu,7404.72,7408.56
3,921,g_a_cpu,cpu,7408.57,7408.98
3,921,g_a,dpu,7408.98,7417.2
3,921,g_a,dpu,7417.2,7427.22
3,921,g_a_cpu,cpu,7427.22,7427.61
3,921,h_a,dpu,7427.61,7430.96
3,921,eb_enc,cpu,7430.96,7431.09
3,921,eb_dec,cpu,7431.09,7431.2
3,921,h_s,dpu,7431.2,7432.32
3,921,gc,cpu,7432.32,7451.5
4,3,normalize,cpu,69.2948,73.0399
4,3,g_a_cpu,cpu,75.6164,76.3862
4,3,g_a,dpu,76.3917,92.1948
4,3,g_a,dpu,92.198,107.225
4,3,g_a_cpu,cpu,107.229,107.901
4,3,h_a,dpu,107.924,116.862
4,3,eb_enc,cpu,116.864,117.015
4,3,eb_dec,cpu,117.016,117.131
4,3,h_s,dpu,117.132,128.734
4,3,gc,cpu,128.744,141.74
4,9,normalize,cpu,142.502,147.466
4,9,g_a_cpu,cpu,147.471,148.058
4,9,g_a,dpu,148.06,160.055
4,9,g_a,dpu,160.063,177.935
4,9,g_a_cpu,cpu,177.938,178.65
4,9,h_a,dpu,178.656,181.256
4,9,eb_enc,cpu,181.258,181.423
4,9,eb_dec,cpu,181.426,181.547
4,9,h_s,dpu,181.547,183.454
4,9,gc,cpu,183.455,193.644
4,14,normalize,cpu,194.032,198.363
4,14,g_a_cpu,cpu,198.366,198.617
4,14,g_a,dpu,198.62,203.774
4,14,g_a,dpu,203.776,208.901
4,14,g_a_cpu,cpu,208.903,209.392
4,14,h_a,dpu,209.394,213.039
4,14,eb_enc,cpu,213.04,213.209
4,14,eb_dec,cpu,213.21,213.33
4,14,h_s,dpu,213.331,215.387
4,14,gc,cpu,215.387,225.427
4,18,normalize,cpu,226.141,229.897
4,18,g_a_cpu,cpu,229.899,230.423
4,18,g_a,dpu,230.426,235.62
4,18,g_a,dpu,235.627,240.708
4,18,g_a_cpu,cpu,240.71,241.23
4,18,h_a,dpu,241.233,248.588
4,18,eb_enc,cpu,248.589,248.755
4,18,eb_dec,cpu,248.756,248.878
4,18,h_s,dpu,248.879,252.726
4,18,gc,cpu,252.726,262.889
4,23,normalize,cpu,263.57,267.34
4,23,g_a_cpu,cpu,267.343,267.686
4,23,g_a,dpu,267.688,275.416
4,23,g_a,dpu,275.418,280.67
4,23,g_a_cpu,cpu,280.672,281.246
4,23,h_a,dpu,281.25,282.885
4,23,eb_enc,cpu,282.885,283.049
4,23,eb_dec,cpu,283.05,283.164
4,23,h_s,dpu,283.164,284.497
4,23,gc,cpu,284.497,295.142
4,27,normalize,cpu,295.846,299.804
4,27,g_a_cpu,cpu,299.808,300.234
4,27,g_a,dpu,300.237,305.347
4,27,g_a,dpu,305.349,310.432
4,27,g_a_cpu,cpu,310.434,310.86
4,27,h_a,dpu,310.863,312.132
4,27,eb_enc,cpu,312.134,312.265
4,27,eb_dec,cpu,312.266,312.378
4,27,h_s,dpu,312.378,321.688
4,27,gc,cpu,321.69,332.766
4,31,normalize,cpu,333.352,337.268
4,31,g_a_cpu,cpu,337.271,337.632
4,31,g_a,dpu,337.636,342.814
4,31,g_a,dpu,342.816,348.068
4,31,g_a_cpu,cpu,348.071,348.465
4,31,h_a,dpu,348.478,350.248
4,31,eb_enc,cpu,350.249,350.477
4,31,eb_dec,cpu,350.478,350.609
4,31,h_s,dpu,350.61,352.122
4,31,gc,cpu,352.123,362.896
4,36,normalize,cpu,363.426,367.243
4,36,g_a_cpu,cpu,367.246,367.562
4,36,g_a,dpu,367.565,373.062
4,36,g_a,dpu,373.065,385.986
4,36,g_a_cpu,cpu,385.987,386.375
4,36,h_a,dpu,386.377,387.956
4,36,eb_enc,cpu,387.957,388.082
4,36,eb_dec,cpu,388.083,388.197
4,36,h_s,dpu,388.197,392.352
4,36,gc,cpu,392.354,402.446
4,41,normalize,cpu,403.267,406.897
4,41,g_a_cpu,cpu,406.899,407.231
4,41,g_a,dpu,407.235,412.316
4,41,g_a,dpu,412.318,417.417
4,41,g_a_cpu,cpu,417.418,417.793
4,41,h_a,dpu,417.795,419.182
4,41,eb_enc,cpu,419.183,419.305
4,41,eb_dec,cpu,419.306,419.414
4,41,h_s,dpu,419.414,428.048
4,41,gc,cpu,428.05,438.225
4,46,normalize,cpu,439.086,442.719
4,46,g_a_cpu,cpu,442.723,443.275
4,46,g_a,dpu,443.281,448.954
4,46,g_a,dpu,448.955,459.032
4,46,g_a_cpu,cpu,459.035,459.729
4,46,h_a,dpu,459.732,464.914
4,46,eb_enc,cpu,464.915,465.037
4,46,eb_dec,cpu,465.038,465.149
4,46,h_s,dpu,465.149,468.598
4,46,gc,cpu,468.6,478.609
4,50,normalize,cpu,479.415,483.094
4,50,g_a_cpu,cpu,483.098,483.449
4,50,g_a,dpu,483.454,494.045
4,50,g_a,dpu,494.047,507.345
4,50,g_a_cpu,cpu,507.348,507.87
4,50,h_a,dpu,507.874,509.409
4,50,eb_enc,cpu,509.41,509.533
4,50,eb_dec,cpu,509.534,509.641
4,50,h_s,dpu,509.641,516.239
4,50,gc,cpu,516.24,529.254
4,56,normalize,cpu,529.886,533.598
4,56,g_a_cpu,cpu,533.601,534.036
4,56,g_a,dpu,534.04,546.892
4,56,g_a,dpu,546.895,559.231
4,56,g_a_cpu,cpu,559.232,559.645
4,56,h_a,dpu,559.647,561.314
4,56,eb_enc,cpu,561.315,561.459
4,56,eb_dec,cpu,561.46,561.571
4,56,h_s,dpu,561.571,566.481
4,56,gc,cpu,566.483,581.366
4,64,normalize,cpu,598.949,602.758
4,64,g_a_cpu,cpu,602.765,603.197
4,64,g_a,dpu,603.201,608.421
4,64,g_a,dpu,608.424,613.558
4,64,g_a_cpu,cpu,613.56,614.138
4,64,h_a,dpu,614.141,618.117
4,64,eb_enc,cpu,618.117,618.262
4,64,eb_dec,cpu,618.263,618.37
4,64,h_s,dpu,618.37,619.586
4,64,gc,cpu,619.591,632.818
4,67,normalize,cpu,633.316,637.16
4,67,g_a_cpu,cpu,637.164,637.571
4,67,g_a,dpu,637.574,642.702
4,67,g_a,dpu,642.706,648.085
4,67,g_a_cpu,cpu,648.087,648.566
4,67,h_a,dpu,648.569,653.551
4,67,eb_enc,cpu,653.552,653.676
4,67,eb_dec,cpu,653.677,653.79
4,67,h_s,dpu,653.79,659.089
4,67,gc,cpu,659.089,669.037
4,73,normalize,cpu,669.73,673.455
4,73,g_a_cpu,cpu,673.458,673.781
4,73,g_a,dpu,673.783,683.759
4,73,g_a,dpu,683.763,689.972
4,73,g_a_cpu,cpu,689.977,690.476
4,73,h_a,dpu,690.478,691.775
4,73,eb_enc,cpu,691.775,691.899
4,73,eb_dec,cpu,691.9,692.011
4,73,h_s,dpu,692.012,695.133
4,73,gc,cpu,695.135,705.225
4,77,normalize,cpu,705.952,709.688
4,77,g_a_cpu,cpu,709.696,710.194
4,77,g_a,dpu,710.198,718.64
4,77,g_a,dpu,718.642,723.635
4,77,g_a_cpu,cpu,723.636,723.982
4,77,h_a,dpu,723.984,725.327
4,77,eb_enc,cpu,725.328,725.465
4,77,eb_dec,cpu,725.465,725.579
4,77,h_s,dpu,725.579,730.982
4,77,gc,cpu,730.983,741.013
4,81,normalize,cpu,741.597,745.397
4,81,g_a_cpu,cpu,745.401,745.737
4,81,g_a,dpu,745.741,752.588
4,81,g_a,dpu,752.591,761.787
4,81,g_a_cpu,cpu,761.791,762.269
4,81,h_a,dpu,762.271,769.697
4,81,eb_enc,cpu,769.699,769.851
4,81,eb_dec,cpu,769.852,769.967
4,81,h_s,dpu,769.967,773.621
4,81,gc,cpu,773.622,783.757
4,87,normalize,cpu,784.295,788.056
4,87,g_a_cpu,cpu,788.062,788.829
4,87,g_a,dpu,788.833,794.005
4,87,g_a,dpu,794.007,799.584
4,87,g_a_cpu,cpu,799.585,800.062
4,87,h_a,dpu,800.063,801.653
4,87,eb_enc,cpu,801.654,801.807
4,87,eb_dec,cpu,801.807,801.925
4,87,h_s,dpu,801.926,805.089
4,87,gc,cpu,805.09,815.626
4,92,normalize,cpu,816.227,819.929
4,92,g_a_cpu,cpu,819.932,820.278
4,92,g_a,dpu,820.282,826.025
4,92,g_a,dpu,826.026,832.433
4,92,g_a_cpu,cpu,832.436,832.849
4,92,h_a,dpu,832.853,838.489
4,92,eb_enc,cpu,838.491,838.703
4,92,eb_dec,cpu,838.704,838.875
4,92,h_s,dpu,838.876,840.137
4,92,gc,cpu,840.138,850.234
4,97,normalize,cpu,850.811,854.529
4,97,g_a_cpu,cpu,854.533,855.156
4,97,g_a,dpu,855.163,860.41
4,97,g_a,dpu,860.412,865.559
4,97,g_a_cpu,cpu,865.561,866.051
4,97,h_a,dpu,866.054,867.388
4,97,eb_enc,cpu,867.389,867.516
4,97,eb_dec,cpu,867.517,867.625
4,97,h_s,dpu,867.625,874.774
4,97,gc,cpu,874.774,885.198
4,101,normalize,cpu,885.738,889.512
4,101,g_a_cpu,cpu,889.516,890.146
4,101,g_a,dpu,890.15,895.367
4,101,g_a,dpu,895.37,900.625
4,101,g_a_cpu,cpu,900.628,901.078
4,101,h_a,dpu,901.08,905.463
4,101,eb_enc,cpu,905.464,905.646
4,101,eb_dec,cpu,905.647,905.765
4,101,h_s,dpu,905.765,908.755
4,101,gc,cpu,908.756,918.957
4,105,normalize,cpu,919.508,923.268
4,105,g_a_cpu,cpu,923.272,923.607
4,105,g_a,dpu,923.612,928.877
4,105,g_a,dpu,928.879,934.164
4,105,g_a_cpu,cpu,934.166,935.099
4,105,h_a,dpu,935.101,947.476
4,105,eb_enc,cpu,947.478,947.643
4,105,eb_dec,cpu,947.644,947.751
4,105,h_s,dpu,947.752,949.587
4,105,gc,cpu,949.587,959.565
4,111,normalize,cpu,960.149,963.905
4,111,g_a_cpu,cpu,963.911,964.606
4,111,g_a,dpu,964.61,969.844
4,111,g_a,dpu,969.846,974.884
4,111,g_a_cpu,cpu,974.886,975.26
4,111,h_a,dpu,975.263,977.86
4,111,eb_enc,cpu,977.861,977.98
4,111,eb_dec,cpu,977.981,978.09
4,111,h_s,dpu,978.09,982.002
4,111,gc,cpu,982.003,992.426
4,115,normalize,cpu,993.365,997.024
4,115,g_a_cpu,cpu,997.028,997.454
4,115,g_a,dpu,997.459,1003.05
4,115,g_a,dpu,1003.05,1008.52
4,115,g_a_cpu,cpu,1008.52,1009.3
4,115,h_a,dpu,1009.3,1015.93
4,115,eb_enc,cpu,1015.93,1016.16
4,115,eb_dec,cpu,1016.16,1016.29
4,115,h_s,dpu,1016.29,1017.85
4,115,gc,cpu,1017.85,1028.11
4,120,normalize,cpu,1041.27,1045.01
4,120,g_a_cpu,cpu,1045.02,1045.66
4,120,g_a,dpu,1045.66,1051.03
4,120,g_a,dpu,1051.04,1056.93
4,120,g_a_cpu,cpu,1056.93,1057.43
4,120,h_a,dpu,1057.43,1059.44
4,120,eb_enc,cpu,1059.44,1059.6
4,120,eb_dec,cpu,1059.6,1059.72
4,120,h_s,dpu,1059.72,1061.63
4,120,gc,cpu,1061.63,1072.4
4,125,normalize,cpu,1073.5,1077.27
4,125,g_a_cpu,cpu,1077.28,1078.05
4,125,g_a,dpu,1078.06,1088.37
4,125,g_a,dpu,1088.37,1095.61
4,125,g_a_cpu,cpu,1095.61,1096.01
4,125,h_a,dpu,1096.01,1097.34
4,125,eb_enc,cpu,1097.34,1097.47
4,125,eb_dec,cpu,1097.48,1097.58
4,125,h_s,dpu,1097.58,1105.72
4,125,gc,cpu,1105.72,1115.88
4,130,normalize,cpu,1116.33,1120.06
4,130,g_a_cpu,cpu,1120.06,1120.47
4,130,g_a,dpu,1120.47,1128.69
4,130,g_a,dpu,1128.69,1134.33
4,130,g_a_cpu,cpu,1134.33,1134.73
4,130,h_a,dpu,1134.73,1136.3
4,130,eb_enc,cpu,1136.3,1136.42
4,130,eb_dec,cpu,1136.42,1136.53
4,130,h_s,dpu,1136.53,1148.19
4,130,gc,cpu,1148.19,1158.14
4,135,normalize,cpu,1158.79,1162.47
4,135,g_a_cpu,cpu,1162.48,1162.87
4,135,g_a,dpu,1162.88,1168.09
4,135,g_a,dpu,1168.09,1173.65
4,135,g_a_cpu,cpu,1173.65,1174.07
4,135,h_a,dpu,1174.08,1175.43
4,135,eb_enc,cpu,1175.43,1175.56
4,135,eb_dec,cpu,1175.56,1175.66
4,135,h_s,dpu,1175.66,1187.1
4,135,gc,cpu,1187.1,1197.29
4,141,normalize,cpu,1197.91,1202.26
4,141,g_a_cpu,cpu,1202.27,1202.6
4,141,g_a,dpu,1202.6,1207.63
4,141,g_a,dpu,1207.63,1213.17
4,141,g_a_cpu,cpu,1213.17,1213.78
4,141,h_a,dpu,1213.78,1217.71
4,141,eb_enc,cpu,1217.71,1217.87
4,141,eb_dec,cpu,1217.87,1217.99
4,141,h_s,dpu,1217.99,1230.8
4,141,gc,cpu,1230.8,1241.48
4,146,normalize,cpu,1241.96,1246.97
4,146,g_a_cpu,cpu,1246.98,1247.6
4,146,g_a,dpu,1247.6,1252.89
4,146,g_a,dpu,1252.89,1271.19
4,146,g_a_cpu,cpu,1271.2,1271.55
4,146,h_a,dpu,1271.55,1279.53
4,146,eb_enc,cpu,1279.53,1279.66
4,146,eb_dec,cpu,1279.66,1279.77
4,146,h_s,dpu,1279.77,1281.04
4,146,gc,cpu,1281.04,1291.11
4,152,normalize,cpu,1291.71,1295.39
4,152,g_a_cpu,cpu,1295.39,1295.71
4,152,g_a,dpu,1295.72,1304.28
4,152,g_a,dpu,1304.29,1309.49
4,152,g_a_cpu,cpu,1309.49,1309.94
4,152,h_a,dpu,1309.94,1311.36
4,152,eb_enc,cpu,1311.36,1311.48
4,152,eb_dec,cpu,1311.48,1311.59
4,152,h_s,dpu,1311.59,1314.39
4,152,gc,cpu,1314.39,1324.64
4,157,normalize,cpu,1325.14,1328.99
4,157,g_a_cpu,cpu,1329,1330.08
4,157,g_a,dpu,1330.09,1335.24
4,157,g_a,dpu,1335.25,1347.55
4,157,g_a_cpu,cpu,1347.56,1348.12
4,157,h_a,dpu,1348.13,1349.76
4,157,eb_enc,cpu,1349.76,1349.88
4,157,eb_dec,cpu,1349.88,1349.99
4,157,h_s,dpu,1349.99,1351.47
4,157,gc,cpu,1351.47,1365.52
4,161,normalize,cpu,1366.13,1370.02
4,161,g_a_cpu,cpu,1370.03,1370.42
4,161,g_a,dpu,1370.43,1375.65
4,161,g_a,dpu,1375.66,1384.76
4,161,g_a_cpu,cpu,1384.76,1385.2
4,161,h_a,dpu,1385.2,1388.1
4,161,eb_enc,cpu,1388.11,1388.23
4,161,eb_dec,cpu,1388.23,1388.33
4,161,h_s,dpu,1388.33,1390.22
4,161,gc,cpu,1390.22,1402.07
4,165,normalize,cpu,1402.7,1406.38
4,165,g_a_cpu,cpu,1406.39,1406.75
4,165,g_a,dpu,1406.75,1411.97
4,165,g_a,dpu,1411.98,1421.09
4,165,g_a_cpu,cpu,1421.09,1421.59
4,165,h_a,dpu,1421.59,1424.85
4,165,eb_enc,cpu,1424.85,1424.99
4,165,eb_dec,cpu,1424.99,1425.1
4,165,h_s,dpu,1425.1,1438.01
4,165,gc,cpu,1438.01,1447.97
4,171,normalize,cpu,1448.65,1452.3
4,171,g_a_cpu,cpu,1452.3,1452.63
4,171,g_a,dpu,1452.63,1458.04
4,171,g_a,dpu,1458.04,1467.27
4,171,g_a_cpu,cpu,1467.27,1467.61
4,171,h_a,dpu,1467.61,1469.44
4,171,eb_enc,cpu,1469.44,1469.59
4,171,eb_dec,cpu,1469.59,1469.71
4,171,h_s,dpu,1469.71,1477.4
4,171,gc,cpu,1477.4,1487.92
4,176,normalize,cpu,1488.46,1492.13
4,176,g_a_cpu,cpu,1492.13,1492.56
4,176,g_a,dpu,1492.56,1497.97
4,176,g_a,dpu,1497.97,1507.68
4,176,g_a_cpu,cpu,1507.68,1508.43
4,176,h_a,dpu,1508.43,1511.23
4,176,eb_enc,cpu,1511.23,1511.43
4,176,eb_dec,cpu,1511.43,1511.55
4,176,h_s,dpu,1511.55,1521.79
4,176,gc,cpu,1521.8,1536
4,180,normalize,cpu,1536.61,1540.36
4,180,g_a_cpu,cpu,1540.37,1540.71
4,180,g_a,dpu,1540.72,1546
4,180,g_a,dpu,1546.01,1555
4,180,g_a_cpu,cpu,1555.01,1555.51
4,180,h_a,dpu,1555.52,1556.97
4,180,eb_enc,cpu,1556.97,1562.92
4,180,eb_dec,cpu,1562.92,1563.05
4,180,h_s,dpu,1563.05,1564.52
4,180,gc,cpu,1564.52,1575.11
4,185,normalize,cpu,1575.67,1579.52
4,185,g_a_cpu,cpu,1579.53,1580.05
4,185,g_a,dpu,1580.06,1585.26
4,185,g_a,dpu,1585.26,1591.71
4,185,g_a_cpu,cpu,1591.71,1592.34
4,185,h_a,dpu,1592.34,1594.38
4,185,eb_enc,cpu,1594.38,1594.51
4,185,eb_dec,cpu,1594.52,1594.62
4,185,h_s,dpu,1594.62,1598
4,185,gc,cpu,1598,1608.03
4,190,normalize,cpu,1608.6,1612.29
4,190,g_a_cpu,cpu,1612.3,1612.69
4,190,g_a,dpu,1612.7,1617.93
4,190,g_a,dpu,1617.94,1623.18
4,190,g_a_cpu,cpu,1623.18,1623.78
4,190,h_a,dpu,1623.79,1630.12
4,190,eb_enc,cpu,1630.12,1630.32
4,190,eb_dec,cpu,1630.32,1630.45
4,190,h_s,dpu,1630.45,1636.22
4,190,gc,cpu,1636.22,1646.51
4,195,normalize,cpu,1647.27,1650.91
4,195,g_a_cpu,cpu,1650.91,1651.32
4,195,g_a,dpu,1651.32,1656.45
4,195,g_a,dpu,1656.45,1662.1
4,195,g_a_cpu,cpu,1662.1,1662.5
4,195,h_a,dpu,1662.5,1668.72
4,195,eb_enc,cpu,1668.72,1668.85
4,195,eb_dec,cpu,1668.85,1668.96
4,195,h_s,dpu,1668.96,1672.21
4,195,gc,cpu,1672.21,1682.12
4,199,normalize,cpu,1682.69,1686.49
4,199,g_a_cpu,cpu,1686.49,1686.9
4,199,g_a,dpu,1686.9,1693.51
4,199,g_a,dpu,1693.52,1704.48
4,199,g_a_cpu,cpu,1704.48,1704.94
4,199,h_a,dpu,1704.94,1709.61
4,199,eb_enc,cpu,1709.61,1709.73
4,199,eb_dec,cpu,1709.73,1709.84
4,199,h_s,dpu,1709.84,1711.68
4,199,gc,cpu,1711.68,1724.76
4,206,normalize,cpu,1735.27,1738.98
4,206,g_a_cpu,cpu,1738.99,1739.51
4,206,g_a,dpu,1739.51,1745.03
4,206,g_a,dpu,1745.04,1751.48
4,206,g_a_cpu,cpu,1751.49,1751.84
4,206,h_a,dpu,1751.84,1753.38
4,206,eb_enc,cpu,1753.38,1753.52
4,206,eb_dec,cpu,1753.52,1753.63
4,206,h_s,dpu,1753.63,1754.92
4,206,gc,cpu,1754.92,1767.26
4,211,normalize,cpu,1767.81,1776.95
4,211,g_a_cpu,cpu,1776.95,1777.31
4,211,g_a,dpu,1777.31,1785.2
4,211,g_a,dpu,1785.2,1790.29
4,211,g_a_cpu,cpu,1790.3,1790.74
4,211,h_a,dpu,1790.75,1792.07
4,211,eb_enc,cpu,1792.07,1792.18
4,211,eb_dec,cpu,1792.18,1792.29
4,211,h_s,dpu,1792.29,1793.9
4,211,gc,cpu,1793.9,1804.01
4,216,normalize,cpu,1804.64,1808.39
4,216,g_a_cpu,cpu,1808.4,1809.15
4,216,g_a,dpu,1809.15,1814.99
4,216,g_a,dpu,1814.99,1820.37
4,216,g_a_cpu,cpu,1820.37,1820.81
4,216,h_a,dpu,1820.82,1822.79
4,216,eb_enc,cpu,1822.79,1822.94
4,216,eb_dec,cpu,1822.94,1823.05
4,216,h_s,dpu,1823.05,1831.18
4,216,gc,cpu,1831.18,1843.94
4,222,normalize,cpu,1844.67,1849.59
4,222,g_a_cpu,cpu,1849.6,1849.94
4,222,g_a,dpu,1849.95,1862.45
4,222,g_a,dpu,1862.45,1877.82
4,222,g_a_cpu,cpu,1877.82,1878.31
4,222,h_a,dpu,1878.31,1879.74
4,222,eb_enc,cpu,1879.75,1879.92
4,222,eb_dec,cpu,1879.92,1880.03
4,222,h_s,dpu,1880.03,1882.81
4,222,gc,cpu,1882.81,1898.99
4,229,normalize,cpu,1899.61,1904
4,229,g_a_cpu,cpu,1904,1904.43
4,229,g_a,dpu,1904.44,1918.32
4,229,g_a,dpu,1918.32,1927.09
4,229,g_a_cpu,cpu,1927.1,1927.56
4,229,h_a,dpu,1927.57,1929.28
4,229,eb_enc,cpu,1929.29,1929.43
4,229,eb_dec,cpu,1929.43,1929.54
4,229,h_s,dpu,1929.54,1939.24
4,229,gc,cpu,1939.24,1955.65
4,237,normalize,cpu,1968.31,1972.15
4,237,g_a_cpu,cpu,1972.15,1972.92
4,237,g_a,dpu,1972.93,1983.16
4,237,g_a,dpu,1983.16,1995.04
4,237,g_a_cpu,cpu,1995.05,1995.5
4,237,h_a,dpu,1995.5,2007.52
4,237,eb_enc,cpu,2007.52,2007.66
4,237,eb_dec,cpu,2007.66,2007.77
4,237,h_s,dpu,2007.77,2009.16
4,237,gc,cpu,2009.17,2020.18
4,242,normalize,cpu,2020.96,2024.74
4,242,g_a_cpu,cpu,2024.74,2025.27
4,242,g_a,dpu,2025.28,2030.59
4,242,g_a,dpu,2030.6,2036.03
4,242,g_a_cpu,cpu,2036.03,2036.48
4,242,h_a,dpu,2036.48,2038.17
4,242,eb_enc,cpu,2038.17,2038.32
4,242,eb_dec,cpu,2038.32,2038.43
4,242,h_s,dpu,2038.43,2042.87
4,242,gc,cpu,2042.87,2053.04
4,247,normalize,cpu,2053.78,2057.51
4,247,g_a_cpu,cpu,2057.51,2057.94
4,247,g_a,dpu,2057.94,2063.21
4,247,g_a,dpu,2063.21,2068.55
4,247,g_a_cpu,cpu,2068.55,2069.13
4,247,h_a,dpu,2069.13,2074.45
4,247,eb_enc,cpu,2074.45,2074.57
4,247,eb_dec,cpu,2074.57,2074.67
4,247,h_s,dpu,2074.67,2080.42
4,247,gc,cpu,2080.42,2091.24
4,252,normalize,cpu,2091.88,2095.56
4,252,g_a_cpu,cpu,2095.56,2096.08
4,252,g_a,dpu,2096.08,2101.6
4,252,g_a,dpu,2101.6,2111.9
4,252,g_a_cpu,cpu,2111.9,2112.39
4,252,h_a,dpu,2112.39,2113.93
4,252,eb_enc,cpu,2113.93,2114.05
4,252,eb_dec,cpu,2114.05,2114.16
4,252,h_s,dpu,2114.16,2116.22
4,252,gc,cpu,2116.22,2128.6
4,256,normalize,cpu,2129.29,2132.96
4,256,g_a_cpu,cpu,2132.96,2133.32
4,256,g_a,dpu,2133.32,2138.59
4,256,g_a,dpu,2138.59,2144.02
4,256,g_a_cpu,cpu,2144.02,2144.7
4,256,h_a,dpu,2144.71,2149.63
4,256,eb_enc,cpu,2149.63,2149.76
4,256,eb_dec,cpu,2149.76,2149.86
4,256,h_s,dpu,2149.86,2157.12
4,256,gc,cpu,2157.12,2167.59
4,261,normalize,cpu,2168.19,2171.96
4,261,g_a_cpu,cpu,2171.96,2172.37
4,261,g_a,dpu,2172.37,2177.47
4,261,g_a,dpu,2177.49,2182.57
4,261,g_a_cpu,cpu,2182.58,2183.37
4,261,h_a,dpu,2183.37,2189.69
4,261,eb_enc,cpu,2189.69,2189.87
4,261,eb_dec,cpu,2189.87,2189.99
4,261,h_s,dpu,2189.99,2191.63
4,261,gc,cpu,2191.64,2203.69
4,266,normalize,cpu,2204.39,2216.83
4,266,g_a_cpu,cpu,2216.83,2217.29
4,266,g_a,dpu,2217.29,2222.71
4,266,g_a,dpu,2222.71,2232.93
4,266,g_a_cpu,cpu,2232.93,2233.39
4,266,h_a,dpu,2233.39,2235.88
4,266,eb_enc,cpu,2235.89,2236.02
4,266,eb_dec,cpu,2236.02,2236.13
4,266,h_s,dpu,2236.13,2237.32
4,266,gc,cpu,2237.32,2247.5
4,272,normalize,cpu,2248.12,2251.81
4,272,g_a_cpu,cpu,2251.81,2252.18
4,272,g_a,dpu,2252.18,2257.32
4,272,g_a,dpu,2257.32,2263.14
4,272,g_a_cpu,cpu,2263.15,2263.73
4,272,h_a,dpu,2263.73,2265.21
4,272,eb_enc,cpu,2265.21,2265.35
4,272,eb_dec,cpu,2265.35,2265.46
4,272,h_s,dpu,2265.46,2268.03
4,272,gc,cpu,2268.03,2278.89
4,277,normalize,cpu,2279.6,2284.48
4,277,g_a_cpu,cpu,2284.48,2285.25
4,277,g_a,dpu,2285.26,2290.96
4,277,g_a,dpu,2290.96,2302.08
4,277,g_a_cpu,cpu,2302.08,2302.69
4,277,h_a,dpu,2302.69,2311.8
4,277,eb_enc,cpu,2311.8,2311.92
4,277,eb_dec,cpu,2311.92,2312.02
4,277,h_s,dpu,2312.02,2313.69
4,277,gc,cpu,2313.69,2323.64
4,282,normalize,cpu,2324.23,2327.91
4,282,g_a_cpu,cpu,2327.91,2328.37
4,282,g_a,dpu,2328.37,2333.53
4,282,g_a,dpu,2333.53,2339
4,282,g_a_cpu,cpu,2339,2339.54
4,282,h_a,dpu,2339.54,2344.91
4,282,eb_enc,cpu,2344.91,2345.06
4,282,eb_dec,cpu,2345.06,2345.17
4,282,h_s,dpu,2345.17,2349.61
4,282,gc,cpu,2349.61,2364.62
4,288,normalize,cpu,2365.11,2369.41
4,288,g_a_cpu,cpu,2369.42,2369.84
4,288,g_a,dpu,2369.85,2376.48
4,288,g_a,dpu,2376.48,2381.78
4,288,g_a_cpu,cpu,2381.79,2382.3
4,288,h_a,dpu,2382.3,2384.65
4,288,eb_enc,cpu,2384.65,2384.82
4,288,eb_dec,cpu,2384.82,2384.94
4,288,h_s,dpu,2384.94,2386.92
4,288,gc,cpu,2386.92,2406.12
4,292,normalize,cpu,2406.71,2412.1
4,292,g_a_cpu,cpu,2412.11,2412.55
4,292,g_a,dpu,2412.56,2418
4,292,g_a,dpu,2418,2424.48
4,292,g_a_cpu,cpu,2424.48,2424.92
4,292,h_a,dpu,2424.92,2435.89
4,292,eb_enc,cpu,2435.89,2436.08
4,292,eb_dec,cpu,2436.09,2436.2
4,292,h_s,dpu,2436.2,2437.85
4,292,gc,cpu,2437.85,2449.82
4,297,normalize,cpu,2450.9,2458.42
4,297,g_a_cpu,cpu,2458.42,2458.87
4,297,g_a,dpu,2458.87,2464.15
4,297,g_a,dpu,2464.15,2469.37
4,297,g_a_cpu,cpu,2469.37,2469.73
4,297,h_a,dpu,2469.73,2476.27
4,297,eb_enc,cpu,2476.28,2476.45
4,297,eb_dec,cpu,2476.45,2476.56
4,297,h_s,dpu,2476.56,2477.78
4,297,gc,cpu,2477.79,2491.25
4,301,normalize,cpu,2491.75,2495.53
4,301,g_a_cpu,cpu,2495.53,2495.9
4,301,g_a,dpu,2495.9,2501.14
4,301,g_a,dpu,2501.14,2510.67
4,301,g_a_cpu,cpu,2510.68,2511.26
4,301,h_a,dpu,2511.27,2512.88
4,301,eb_enc,cpu,2512.88,2513.07
4,301,eb_dec,cpu,2513.07,2513.19
4,301,h_s,dpu,2513.19,2514.81
4,301,gc,cpu,2514.81,2525.17
4,307,normalize,cpu,2525.75,2529.48
4,307,g_a_cpu,cpu,2529.48,2529.89
4,307,g_a,dpu,2529.9,2535.22
4,307,g_a,dpu,2535.22,2540.41
4,307,g_a_cpu,cpu,2540.41,2540.98
4,307,h_a,dpu,2540.98,2542.47
4,307,eb_enc,cpu,2542.47,2542.61
4,307,eb_dec,cpu,2542.61,2542.72
4,307,h_s,dpu,2542.72,2544.43
4,307,gc,cpu,2544.43,2554.82
4,311,normalize,cpu,2555.54,2559.32
4,311,g_a_cpu,cpu,2559.32,2559.67
4,311,g_a,dpu,2559.67,2564.85
4,311,g_a,dpu,2564.86,2570.02
4,311,g_a_cpu,cpu,2570.02,2570.77
4,311,h_a,dpu,2570.77,2577.55
4,311,eb_enc,cpu,2577.55,2577.68
4,311,eb_dec,cpu,2577.68,2577.79
4,311,h_s,dpu,2577.79,2587.09
4,311,gc,cpu,2587.09,2596.93
4,317,normalize,cpu,2597.51,2611
4,317,g_a_cpu,cpu,2611,2611.44
4,317,g_a,dpu,2611.44,2616.74
4,317,g_a,dpu,2616.74,2623.43
4,317,g_a_cpu,cpu,2623.44,2623.8
4,317,h_a,dpu,2623.8,2628.3
4,317,eb_enc,cpu,2628.3,2628.42
4,317,eb_dec,cpu,2628.42,2628.53
4,317,h_s,dpu,2628.53,2632.1
4,317,gc,cpu,2632.1,2642.08
4,322,normalize,cpu,2642.6,2646.25
4,322,g_a_cpu,cpu,2646.25,2646.62
4,322,g_a,dpu,2646.62,2651.72
4,322,g_a,dpu,2651.72,2658.92
4,322,g_a_cpu,cpu,2658.93,2659.29
4,322,h_a,dpu,2659.29,2664.39
4,322,eb_enc,cpu,2664.39,2664.53
4,322,eb_dec,cpu,2664.53,2664.64
4,322,h_s,dpu,2664.64,2668.17
4,322,gc,cpu,2668.18,2681.07
4,327,normalize,cpu,2681.6,2686.69
4,327,g_a_cpu,cpu,2686.7,2687.1
4,327,g_a,dpu,2687.1,2692.42
4,327,g_a,dpu,2692.42,2703.53
4,327,g_a_cpu,cpu,2703.53,2704.01
4,327,h_a,dpu,2704.01,2705.91
4,327,eb_enc,cpu,2705.91,2706.03
4,327,eb_dec,cpu,2706.03,2706.14
4,327,h_s,dpu,2706.14,2710.45
4,327,gc,cpu,2710.45,2720.47
4,333,normalize,cpu,2721.03,2724.82
4,333,g_a_cpu,cpu,2724.83,2725.21
4,333,g_a,dpu,2725.21,2739.78
4,333,g_a,dpu,2739.78,2755.54
4,333,g_a_cpu,cpu,2755.54,2756.1
4,333,h_a,dpu,2756.1,2761.89
4,333,eb_enc,cpu,2761.89,2762.05
4,333,eb_dec,cpu,2762.05,2762.16
4,333,h_s,dpu,2762.16,2763.53
4,333,gc,cpu,2763.53,2773.64
4,339,normalize,cpu,2774.12,2777.89
4,339,g_a_cpu,cpu,2777.89,2778.46
4,339,g_a,dpu,2778.47,2788.15
4,339,g_a,dpu,2788.15,2793.56
4,339,g_a_cpu,cpu,2793.56,2794.2
4,339,h_a,dpu,2794.2,2798.74
4,339,eb_enc,cpu,2798.74,2798.92
4,339,eb_dec,cpu,2798.92,2799.05
4,339,h_s,dpu,2799.05,2800.65
4,339,gc,cpu,2800.65,2810.81
4,344,normalize,cpu,2811.57,2815.26
4,344,g_a_cpu,cpu,2815.27,2815.65
4,344,g_a,dpu,2815.66,2820.77
4,344,g_a,dpu,2820.77,2831.2
4,344,g_a_cpu,cpu,2831.2,2831.67
4,344,h_a,dpu,2831.68,2836.99
4,344,eb_enc,cpu,2836.99,2837.12
4,344,eb_dec,cpu,2837.12,2837.23
4,344,h_s,dpu,2837.23,2842.33
4,344,gc,cpu,2842.33,2853.14
4,349,normalize,cpu,2853.67,2857.46
4,349,g_a_cpu,cpu,2857.46,2857.84
4,349,g_a,dpu,2857.84,2863.39
4,349,g_a,dpu,2863.4,2868.96
4,349,g_a_cpu,cpu,2868.96,2869.44
4,349,h_a,dpu,2869.44,2871.41
4,349,eb_enc,cpu,2871.41,2871.59
4,349,eb_dec,cpu,2871.59,2871.72
4,349,h_s,dpu,2871.72,2873.6
4,349,gc,cpu,2873.6,2884.5
4,353,normalize,cpu,2885.28,2889.12
4,353,g_a_cpu,cpu,2889.12,2889.52
4,353,g_a,dpu,2889.52,2895.34
4,353,g_a,dpu,2895.34,2901.88
4,353,g_a_cpu,cpu,2901.88,2902.34
4,353,h_a,dpu,2902.35,2903.69
4,353,eb_enc,cpu,2903.69,2903.82
4,353,eb_dec,cpu,2903.82,2903.92
4,353,h_s,dpu,2903.92,2905.09
4,353,gc,cpu,2905.1,2915.11
4,357,normalize,cpu,2915.75,2919.5
4,357,g_a_cpu,cpu,2919.51,2919.86
4,357,g_a,dpu,2919.86,2925.08
4,357,g_a,dpu,2925.08,2930.29
4,357,g_a_cpu,cpu,2930.29,2930.73
4,357,h_a,dpu,2930.73,2932.44
4,357,eb_enc,cpu,2932.45,2932.59
4,357,eb_dec,cpu,2932.59,2932.7
4,357,h_s,dpu,2932.7,2935.54
4,357,gc,cpu,2935.55,2945.53
4,360,normalize,cpu,2946.08,2949.86
4,360,g_a_cpu,cpu,2949.87,2950.31
4,360,g_a,dpu,2950.32,2956.15
4,360,g_a,dpu,2956.16,2961.19
4,360,g_a_cpu,cpu,2961.19,2961.67
4,360,h_a,dpu,2961.67,2977.85
4,360,eb_enc,cpu,2977.85,2978.01
4,360,eb_dec,cpu,2978.01,2978.14
4,360,h_s,dpu,2978.14,2981.73
4,360,gc,cpu,2981.73,2994.28
4,367,normalize,cpu,2994.85,2998.58
4,367,g_a_cpu,cpu,2998.58,2998.95
4,367,g_a,dpu,2998.96,3004.06
4,367,g_a,dpu,3004.06,3021.77
4,367,g_a_cpu,cpu,3021.78,3022.15
4,367,h_a,dpu,3022.16,3026.15
4,367,eb_enc,cpu,3026.16,3026.32
4,367,eb_dec,cpu,3026.32,3026.42
4,367,h_s,dpu,3026.43,3027.84
4,367,gc,cpu,3027.84,3038.02
4,373,normalize,cpu,3038.48,3042.16
4,373,g_a_cpu,cpu,3042.16,3042.56
4,373,g_a,dpu,3042.56,3047.61
4,373,g_a,dpu,3047.61,3058.68
4,373,g_a_cpu,cpu,3058.69,3059.13
4,373,h_a,dpu,3059.14,3060.99
4,373,eb_enc,cpu,3060.99,3061.16
4,373,eb_dec,cpu,3061.16,3061.28
4,373,h_s,dpu,3061.28,3062.67
4,373,gc,cpu,3062.67,3078.5
4,377,normalize,cpu,3080.16,3083.93
4,377,g_a_cpu,cpu,3083.94,3084.33
4,377,g_a,dpu,3085.41,3091.96
4,377,g_a,dpu,3091.96,3106.14
4,377,g_a_cpu,cpu,3106.15,3106.49
4,377,h_a,dpu,3106.49,3108.25
4,377,eb_enc,cpu,3108.25,3108.47
4,377,eb_dec,cpu,3108.47,3108.62
4,377,h_s,dpu,3108.62,3114.24
4,377,gc,cpu,3114.24,3124.73
4,384,normalize,cpu,3125.33,3129.03
4,384,g_a_cpu,cpu,3129.04,3129.47
4,384,g_a,dpu,3129.47,3134.89
4,384,g_a,dpu,3134.89,3144.13
4,384,g_a_cpu,cpu,3144.13,3144.46
4,384,h_a,dpu,3144.46,3145.59
4,384,eb_enc,cpu,3145.59,3145.72
4,384,eb_dec,cpu,3145.72,3145.83
4,384,h_s,dpu,3145.83,3164.47
4,384,gc,cpu,3164.47,3174.73
4,389,normalize,cpu,3175.4,3179.13
4,389,g_a_cpu,cpu,3179.14,3179.62
4,389,g_a,dpu,3179.62,3184.93
4,389,g_a,dpu,3184.93,3191.12
4,389,g_a_cpu,cpu,3191.12,3191.5
4,389,h_a,dpu,3191.5,3192.86
4,389,eb_enc,cpu,3192.86,3193
4,389,eb_dec,cpu,3193,3193.12
4,389,h_s,dpu,3193.12,3194.41
4,389,gc,cpu,3194.42,3204.51
4,394,normalize,cpu,3205.01,3208.69
4,394,g_a_cpu,cpu,3208.69,3208.97
4,394,g_a,dpu,3208.98,3220.45
4,394,g_a,dpu,3220.45,3225.48
4,394,g_a_cpu,cpu,3225.49,3226.03
4,394,h_a,dpu,3226.03,3227.77
4,394,eb_enc,cpu,3227.77,3227.89
4,394,eb_dec,cpu,3227.89,3228
4,394,h_s,dpu,3228,3239.52
4,394,gc,cpu,3239.52,3249.75
4,398,normalize,cpu,3250.38,3254.16
4,398,g_a_cpu,cpu,3254.16,3254.62
4,398,g_a,dpu,3254.62,3259.84
4,398,g_a,dpu,3259.85,3275.65
4,398,g_a_cpu,cpu,3275.65,3276.23
4,398,h_a,dpu,3276.23,3281.42
4,398,eb_enc,cpu,3281.42,3281.54
4,398,eb_dec,cpu,3281.54,3281.65
4,398,h_s,dpu,3281.65,3283.06
4,398,gc,cpu,3283.06,3293.09
4,404,normalize,cpu,3293.74,3300.52
4,404,g_a_cpu,cpu,3300.54,3301.51
4,404,g_a,dpu,3301.52,3309.71
4,404,g_a,dpu,3309.71,3315.06
4,404,g_a_cpu,cpu,3315.06,3315.51
4,404,h_a,dpu,3315.51,3319.81
4,404,eb_enc,cpu,3319.81,3319.96
4,404,eb_dec,cpu,3319.96,3320.08
4,404,h_s,dpu,3320.08,3332.43
4,404,gc,cpu,3332.43,3342.4
4,409,normalize,cpu,3343.22,3346.93
4,409,g_a_cpu,cpu,3346.93,3347.35
4,409,g_a,dpu,3347.35,3354.46
4,409,g_a,dpu,3354.46,3365.93
4,409,g_a_cpu,cpu,3365.93,3366.29
4,409,h_a,dpu,3366.29,3367.79
4,409,eb_enc,cpu,3367.8,3367.94
4,409,eb_dec,cpu,3367.94,3368.05
4,409,h_s,dpu,3368.05,3369.37
4,409,gc,cpu,3369.37,3379.29
4,414,normalize,cpu,3379.84,3383.62
4,414,g_a_cpu,cpu,3383.63,3384.02
4,414,g_a,dpu,3384.03,3390.03
4,414,g_a,dpu,3390.03,3400.96
4,414,g_a_cpu,cpu,3400.96,3401.34
4,414,h_a,dpu,3401.34,3405.42
4,414,eb_enc,cpu,3405.42,3405.55
4,414,eb_dec,cpu,3405.55,3405.67
4,414,h_s,dpu,3405.67,3412.3
4,414,gc,cpu,3412.3,3422.75
4,420,normalize,cpu,3423.29,3427.11
4,420,g_a_cpu,cpu,3427.12,3427.56
4,420,g_a,dpu,3427.56,3432.85
4,420,g_a,dpu,3432.85,3438.33
4,420,g_a_cpu,cpu,3438.33,3438.69
4,420,h_a,dpu,3438.7,3446.58
4,420,eb_enc,cpu,3446.58,3446.71
4,420,eb_dec,cpu,3446.71,3446.85
4,420,h_s,dpu,3446.85,3452.72
4,420,gc,cpu,3452.73,3462.99
4,424,normalize,cpu,3464.13,3468.04
4,424,g_a_cpu,cpu,3468.04,3468.56
4,424,g_a,dpu,3468.56,3473.75
4,424,g_a,dpu,3473.76,3478.93
4,424,g_a_cpu,cpu,3478.93,3479.35
4,424,h_a,dpu,3479.36,3483.52
4,424,eb_enc,cpu,3483.52,3483.65
4,424,eb_dec,cpu,3483.66,3483.76
4,424,h_s,dpu,3483.76,3489.16
4,424,gc,cpu,3489.16,3499.39
4,429,normalize,cpu,3500.15,3503.82
4,429,g_a_cpu,cpu,3503.82,3504.25
4,429,g_a,dpu,3504.26,3509.75
4,429,g_a,dpu,3509.76,3514.93
4,429,g_a_cpu,cpu,3514.93,3515.31
4,429,h_a,dpu,3515.31,3521.33
4,429,eb_enc,cpu,3521.33,3521.49
4,429,eb_dec,cpu,3521.49,3521.6
4,429,h_s,dpu,3521.6,3528.09
4,429,gc,cpu,3528.09,3538
4,434,normalize,cpu,3538.6,3542.3
4,434,g_a_cpu,cpu,3542.31,3542.94
4,434,g_a,dpu,3542.95,3548.24
4,434,g_a,dpu,3548.24,3555.08
4,434,g_a_cpu,cpu,3555.08,3555.46
4,434,h_a,dpu,3555.47,3557.19
4,434,eb_enc,cpu,3557.2,3557.34
4,434,eb_dec,cpu,3557.34,3557.46
4,434,h_s,dpu,3557.46,3563.57
4,434,gc,cpu,3563.57,3574.01
4,439,normalize,cpu,3574.82,3578.48
4,439,g_a_cpu,cpu,3578.48,3578.91
4,439,g_a,dpu,3578.92,3585.52
4,439,g_a,dpu,3585.53,3590.91
4,439,g_a_cpu,cpu,3590.92,3591.3
4,439,h_a,dpu,3591.3,3599.35
4,439,eb_enc,cpu,3599.36,3599.5
4,439,eb_dec,cpu,3599.5,3599.62
4,439,h_s,dpu,3599.62,3602.01
4,439,gc,cpu,3602.01,3612.37
4,444,normalize,cpu,3612.84,3616.55
4,444,g_a_cpu,cpu,3616.56,3616.92
4,444,g_a,dpu,3616.92,3622.08
4,444,g_a,dpu,3622.09,3627.99
4,444,g_a_cpu,cpu,3628,3628.46
4,444,h_a,dpu,3628.46,3629.73
4,444,eb_enc,cpu,3629.74,3629.86
4,444,eb_dec,cpu,3629.86,3629.97
4,444,h_s,dpu,3629.97,3641.64
4,444,gc,cpu,3641.64,3652.74
4,449,normalize,cpu,3653.37,3658.01
4,449,g_a_cpu,cpu,3658.01,3658.55
4,449,g_a,dpu,3658.56,3664.58
4,449,g_a,dpu,3664.58,3669.72
4,449,g_a_cpu,cpu,3669.72,3670.09
4,449,h_a,dpu,3670.09,3671.94
4,449,eb_enc,cpu,3671.94,3672.08
4,449,eb_dec,cpu,3672.08,3672.19
4,449,h_s,dpu,3672.19,3681.69
4,449,gc,cpu,3681.69,3693.23
4,454,normalize,cpu,3694.02,3702.65
4,454,g_a_cpu,cpu,3702.66,3713.07
4,454,g_a,dpu,3713.08,3722.21
4,454,g_a,dpu,3722.21,3732.68
4,454,g_a_cpu,cpu,3732.68,3733.12
4,454,h_a,dpu,3733.12,3734.67
4,454,eb_enc,cpu,3734.67,3734.8
4,454,eb_dec,cpu,3734.8,3734.94
4,454,h_s,dpu,3734.94,3736.45
4,454,gc,cpu,3736.45,3746.33
4,461,normalize,cpu,3746.8,3750.52
4,461,g_a_cpu,cpu,3750.52,3750.92
4,461,g_a,dpu,3750.92,3759.1
4,461,g_a,dpu,3759.1,3764.79
4,461,g_a_cpu,cpu,3764.8,3765.43
4,461,h_a,dpu,3765.44,3767.91
4,461,eb_enc,cpu,3767.91,3768.07
4,461,eb_dec,cpu,3768.07,3768.19
4,461,h_s,dpu,3768.19,3770.66
4,461,gc,cpu,3770.66,3781.42
4,464,normalize,cpu,3781.97,3787.39
4,464,g_a_cpu,cpu,3787.39,3787.9
4,464,g_a,dpu,3787.9,3807.56
4,464,g_a,dpu,3807.56,3812.75
4,464,g_a_cpu,cpu,3812.75,3813.21
4,464,h_a,dpu,3813.21,3816.25
4,464,eb_enc,cpu,3816.25,3816.38
4,464,eb_dec,cpu,3816.38,3816.49
4,464,h_s,dpu,3816.49,3821.11
4,464,gc,cpu,3821.11,3831.19
4,470,normalize,cpu,3831.69,3835.45
4,470,g_a_cpu,cpu,3835.46,3835.81
4,470,g_a,dpu,3835.81,3841.08
4,470,g_a,dpu,3841.08,3846.36
4,470,g_a_cpu,cpu,3846.36,3846.79
4,470,h_a,dpu,3846.79,3849.51
4,470,eb_enc,cpu,3849.51,3849.65
4,470,eb_dec,cpu,3849.66,3849.77
4,470,h_s,dpu,3849.77,3852.47
4,470,gc,cpu,3852.47,3862.53
4,475,normalize,cpu,3863.02,3866.64
4,475,g_a_cpu,cpu,3866.64,3867.2
4,475,g_a,dpu,3867.21,3874.27
4,475,g_a,dpu,3874.28,3879.44
4,475,g_a_cpu,cpu,3879.44,3879.89
4,475,h_a,dpu,3879.9,3881.38
4,475,eb_enc,cpu,3881.38,3881.5
4,475,eb_dec,cpu,3881.5,3881.61
4,475,h_s,dpu,3881.61,3882.81
4,475,gc,cpu,3882.81,3892.75
4,480,normalize,cpu,3893.26,3896.96
4,480,g_a_cpu,cpu,3896.96,3897.41
4,480,g_a,dpu,3897.42,3902.5
4,480,g_a,dpu,3902.5,3916.46
4,480,g_a_cpu,cpu,3916.46,3916.93
4,480,h_a,dpu,3916.94,3918.78
4,480,eb_enc,cpu,3918.78,3918.94
4,480,eb_dec,cpu,3918.94,3919.05
4,480,h_s,dpu,3919.05,3928.17
4,480,gc,cpu,3928.17,3941.03
4,485,normalize,cpu,3941.58,3953.18
4,485,g_a_cpu,cpu,3953.18,3956.5
4,485,g_a,dpu,3956.5,3962.95
4,485,g_a,dpu,3962.95,3968.35
4,485,g_a_cpu,cpu,3968.36,3968.86
4,485,h_a,dpu,3968.87,3970.24
4,485,eb_enc,cpu,3970.24,3970.4
4,485,eb_dec,cpu,3970.4,3970.51
4,485,h_s,dpu,3970.51,3976
4,485,gc,cpu,3976,3986.46
4,490,normalize,cpu,3987.3,3990.95
4,490,g_a_cpu,cpu,3990.96,3991.42
4,490,g_a,dpu,3991.42,3996.85
4,490,g_a,dpu,3996.85,4002.1
4,490,g_a_cpu,cpu,4002.1,4002.56
4,490,h_a,dpu,4002.56,4003.98
4,490,eb_enc,cpu,4003.98,4004.14
4,490,eb_dec,cpu,4004.14,4004.25
4,490,h_s,dpu,4004.25,4011.59
4,490,gc,cpu,4011.59,4021.6
4,494,normalize,cpu,4022.14,4025.84
4,494,g_a_cpu,cpu,4025.84,4026.33
4,494,g_a,dpu,4026.34,4031.55
4,494,g_a,dpu,4031.55,4041.79
4,494,g_a_cpu,cpu,4041.79,4042.27
4,494,h_a,dpu,4042.27,4045.08
4,494,eb_enc,cpu,4045.08,4045.23
4,494,eb_dec,cpu,4045.23,4045.37
4,494,h_s,dpu,4045.37,4051.36
4,494,gc,cpu,4051.37,4061.56
4,499,normalize,cpu,4062.39,4066.05
4,499,g_a_cpu,cpu,4066.06,4066.38
4,499,g_a,dpu,4066.38,4071.64
4,499,g_a,dpu,4071.65,4080.82
4,499,g_a_cpu,cpu,4080.82,4081.33
4,499,h_a,dpu,4081.34,4086.87
4,499,eb_enc,cpu,4086.87,4087.03
4,499,eb_dec,cpu,4087.03,4087.16
4,499,h_s,dpu,4087.16,4091.09
4,499,gc,cpu,4091.09,4101.24
4,504,normalize,cpu,4101.81,4105.53
4,504,g_a_cpu,cpu,4105.53,4105.92
4,504,g_a,dpu,4105.93,4111.21
4,504,g_a,dpu,4111.21,4116.42
4,504,g_a_cpu,cpu,4116.42,4116.83
4,504,h_a,dpu,4116.83,4118.87
4,504,eb_enc,cpu,4118.88,4119.05
4,504,eb_dec,cpu,4119.05,4119.19
4,504,h_s,dpu,4119.19,4123.73
4,504,gc,cpu,4123.73,4133.77
4,509,normalize,cpu,4134.42,4138.11
4,509,g_a_cpu,cpu,4138.11,4138.52
4,509,g_a,dpu,4138.52,4143.78
4,509,g_a,dpu,4143.78,4148.89
4,509,g_a_cpu,cpu,4148.89,4149.29
4,509,h_a,dpu,4149.29,4152.92
4,509,eb_enc,cpu,4152.92,4153.06
4,509,eb_dec,cpu,4153.06,4153.17
4,509,h_s,dpu,4153.17,4154.39
4,509,gc,cpu,4154.39,4164.37
4,513,normalize,cpu,4164.95,4168.66
4,513,g_a_cpu,cpu,4168.66,4169.17
4,513,g_a,dpu,4169.17,4187.52
4,513,g_a,dpu,4187.53,4193.04
4,513,g_a_cpu,cpu,4193.04,4193.55
4,513,h_a,dpu,4193.55,4196.72
4,513,eb_enc,cpu,4196.72,4196.85
4,513,eb_dec,cpu,4196.85,4196.96
4,513,h_s,dpu,4196.96,4200.22
4,513,gc,cpu,4200.22,4210.03
4,520,normalize,cpu,4210.62,4214.32
4,520,g_a_cpu,cpu,4214.33,4214.73
4,520,g_a,dpu,4214.74,4219.89
4,520,g_a,dpu,4219.89,4231.26
4,520,g_a_cpu,cpu,4231.26,4231.99
4,520,h_a,dpu,4232.09,4244.03
4,520,eb_enc,cpu,4244.03,4244.29
4,520,eb_dec,cpu,4244.29,4244.45
4,520,h_s,dpu,4244.45,4249.93
4,520,gc,cpu,4249.94,4272.05
4,526,normalize,cpu,4282.11,4285.81
4,526,g_a_cpu,cpu,4285.82,4286.17
4,526,g_a,dpu,4286.18,4291.48
4,526,g_a,dpu,4291.48,4296.94
4,526,g_a_cpu,cpu,4296.95,4297.33
4,526,h_a,dpu,4297.33,4306.41
4,526,eb_enc,cpu,4306.41,4306.57
4,526,eb_dec,cpu,4306.57,4306.69
4,526,h_s,dpu,4306.69,4310.68
4,526,gc,cpu,4310.68,4320.92
4,531,normalize,cpu,4321.43,4325.2
4,531,g_a_cpu,cpu,4325.21,4325.58
4,531,g_a,dpu,4325.58,4337.01
4,531,g_a,dpu,4337.01,4342.35
4,531,g_a_cpu,cpu,4342.35,4343.15
4,531,h_a,dpu,4343.15,4344.61
4,531,eb_enc,cpu,4344.61,4344.73
4,531,eb_dec,cpu,4344.73,4344.84
4,531,h_s,dpu,4344.84,4351.33
4,531,gc,cpu,4351.33,4361.34
4,536,normalize,cpu,4361.84,4365.52
4,536,g_a_cpu,cpu,4365.52,4365.92
4,536,g_a,dpu,4365.92,4371.09
4,536,g_a,dpu,4371.09,4381.9
4,536,g_a_cpu,cpu,4381.9,4382.47
4,536,h_a,dpu,4382.47,4384.56
4,536,eb_enc,cpu,4384.56,4384.71
4,536,eb_dec,cpu,4384.71,4384.82
4,536,h_s,dpu,4384.82,4386.05
4,536,gc,cpu,4386.05,4396.66
4,541,normalize,cpu,4397.2,4400.84
4,541,g_a_cpu,cpu,4400.84,4401.15
4,541,g_a,dpu,4401.15,4406.27
4,541,g_a,dpu,4406.27,4412.13
4,541,g_a_cpu,cpu,4412.13,4412.52
4,541,h_a,dpu,4412.52,4414.17
4,541,eb_enc,cpu,4414.17,4414.4
4,541,eb_dec,cpu,4414.4,4414.55
4,541,h_s,dpu,4414.55,4415.94
4,541,gc,cpu,4415.95,4429.44
4,545,normalize,cpu,4430.08,4433.75
4,545,g_a_cpu,cpu,4433.75,4434.13
4,545,g_a,dpu,4434.13,4439.21
4,545,g_a,dpu,4439.21,4444.56
4,545,g_a_cpu,cpu,4444.57,4444.92
4,545,h_a,dpu,4444.93,4446.18
4,545,eb_enc,cpu,4446.18,4446.32
4,545,eb_dec,cpu,4446.32,4446.44
4,545,h_s,dpu,4446.44,4451.38
4,545,gc,cpu,4451.38,4461.27
4,549,normalize,cpu,4461.87,4465.55
4,549,g_a_cpu,cpu,4465.55,4465.94
4,549,g_a,dpu,4465.95,4471.14
4,549,g_a,dpu,4471.14,4480.18
4,549,g_a_cpu,cpu,4480.18,4480.6
4,549,h_a,dpu,4480.6,4484.55
4,549,eb_enc,cpu,4484.55,4484.68
4,549,eb_dec,cpu,4484.68,4484.79
4,549,h_s,dpu,4484.79,4488.22
4,549,gc,cpu,4488.22,4504.95
4,555,normalize,cpu,4505.6,4510.75
4,555,g_a_cpu,cpu,4510.76,4511.27
4,555,g_a,dpu,4511.27,4519.51
4,555,g_a,dpu,4519.51,4529.71
4,555,g_a_cpu,cpu,4529.71,4530.08
4,555,h_a,dpu,4530.08,4539.66
4,555,eb_enc,cpu,4539.66,4539.87
4,555,eb_dec,cpu,4539.87,4540
4,555,h_s,dpu,4540,4543.38
4,555,gc,cpu,4543.38,4554.15
4,561,normalize,cpu,4554.61,4558.44
4,561,g_a_cpu,cpu,4558.45,4559.12
4,561,g_a,dpu,4559.13,4565.73
4,561,g_a,dpu,4565.74,4571.24
4,561,g_a_cpu,cpu,4571.24,4571.66
4,561,h_a,dpu,4571.66,4573.4
4,561,eb_enc,cpu,4573.4,4573.54
4,561,eb_dec,cpu,4573.54,4573.68
4,561,h_s,dpu,4573.68,4574.95
4,561,gc,cpu,4574.95,4587.09
4,565,normalize,cpu,4588.52,4592.33
4,565,g_a_cpu,cpu,4592.33,4592.93
4,565,g_a,dpu,4592.94,4603.45
4,565,g_a,dpu,4603.45,4608.67
4,565,g_a_cpu,cpu,4608.67,4608.98
4,565,h_a,dpu,4608.99,4610.52
4,565,eb_enc,cpu,4610.52,4610.64
4,565,eb_dec,cpu,4610.64,4610.75
4,565,h_s,dpu,4610.75,4612.17
4,565,gc,cpu,4612.17,4622.56
4,571,normalize,cpu,4623.44,4627.09
4,571,g_a_cpu,cpu,4627.1,4627.52
4,571,g_a,dpu,4627.52,4632.63
4,571,g_a,dpu,4632.63,4638.06
4,571,g_a_cpu,cpu,4638.07,4638.7
4,571,h_a,dpu,4638.71,4640.17
4,571,eb_enc,cpu,4640.17,4640.33
4,571,eb_dec,cpu,4640.33,4640.45
4,571,h_s,dpu,4640.45,4642.12
4,571,gc,cpu,4642.12,4652.01
4,574,normalize,cpu,4652.59,4656.29
4,574,g_a_cpu,cpu,4656.29,4656.72
4,574,g_a,dpu,4656.72,4662.08
4,574,g_a,dpu,4662.08,4667.39
4,574,g_a_cpu,cpu,4667.39,4667.77
4,574,h_a,dpu,4667.77,4669.46
4,574,eb_enc,cpu,4669.46,4669.68
4,574,eb_dec,cpu,4669.69,4669.83
4,574,h_s,dpu,4669.83,4672.98
4,574,gc,cpu,4672.98,4682.97
4,578,normalize,cpu,4683.61,4687.28
4,578,g_a_cpu,cpu,4687.28,4687.66
4,578,g_a,dpu,4687.66,4701.44
4,578,g_a,dpu,4701.44,4710.88
4,578,g_a_cpu,cpu,4710.88,4711.48
4,578,h_a,dpu,4711.48,4715.4
4,578,eb_enc,cpu,4715.4,4715.6
4,578,eb_dec,cpu,4715.61,4715.74
4,578,h_s,dpu,4715.74,4721.22
4,578,gc,cpu,4721.23,4731.89
4,583,normalize,cpu,4732.65,4737.34
4,583,g_a_cpu,cpu,4737.35,4738.12
4,583,g_a,dpu,4738.12,4759.18
4,583,g_a,dpu,4759.19,4764.25
4,583,g_a_cpu,cpu,4764.25,4764.82
4,583,h_a,dpu,4764.82,4766.3
4,583,eb_enc,cpu,4766.3,4766.43
4,583,eb_dec,cpu,4766.43,4766.54
4,583,h_s,dpu,4766.54,4771.91
4,583,gc,cpu,4771.91,4781.99
4,589,normalize,cpu,4782.55,4786.29
4,589,g_a_cpu,cpu,4786.29,4786.63
4,589,g_a,dpu,4786.63,4791.88
4,589,g_a,dpu,4791.89,4796.95
4,589,g_a_cpu,cpu,4796.95,4797.42
4,589,h_a,dpu,4797.42,4798.87
4,589,eb_enc,cpu,4798.87,4799.02
4,589,eb_dec,cpu,4799.02,4799.14
4,589,h_s,dpu,4799.14,4805.77
4,589,gc,cpu,4805.77,4827.19
4,597,normalize,cpu,4827.68,4831.59
4,597,g_a_cpu,cpu,4831.59,4832.04
4,597,g_a,dpu,4832.04,4840.97
4,597,g_a,dpu,4840.97,4852.28
4,597,g_a_cpu,cpu,4852.28,4852.83
4,597,h_a,dpu,4852.84,4857.72
4,597,eb_enc,cpu,4857.72,4857.84
4,597,eb_dec,cpu,4857.84,4857.95
4,597,h_s,dpu,4857.95,4859.42
4,597,gc,cpu,4859.42,4871.05
4,602,normalize,cpu,4871.67,4875.93
4,602,g_a_cpu,cpu,4875.94,4876.27
4,602,g_a,dpu,4876.27,4881.94
4,602,g_a,dpu,4881.94,4899.6
4,602,g_a_cpu,cpu,4899.6,4900.05
4,602,h_a,dpu,4900.06,4908.54
4,602,eb_enc,cpu,4908.54,4908.69
4,602,eb_dec,cpu,4908.69,4908.81
4,602,h_s,dpu,4908.81,4913.24
4,602,gc,cpu,4913.24,4923.57
4,608,normalize,cpu,4924.14,4927.92
4,608,g_a_cpu,cpu,4927.93,4928.45
4,608,g_a,dpu,4928.45,4933.49
4,608,g_a,dpu,4933.49,4938.62
4,608,g_a_cpu,cpu,4938.62,4939.1
4,608,h_a,dpu,4939.1,4940.58
4,608,eb_enc,cpu,4940.58,4940.72
4,608,eb_dec,cpu,4940.72,4940.83
4,608,h_s,dpu,4940.83,4942.16
4,608,gc,cpu,4942.16,4955.12
4,612,normalize,cpu,4956.06,4959.92
4,612,g_a_cpu,cpu,4959.93,4960.32
4,612,g_a,dpu,4960.32,4965.46
4,612,g_a,dpu,4965.46,4970.6
4,612,g_a_cpu,cpu,4970.6,4971.05
4,612,h_a,dpu,4971.06,4974.92
4,612,eb_enc,cpu,4974.92,4975.05
4,612,eb_dec,cpu,4975.05,4975.17
4,612,h_s,dpu,4975.17,4978.41
4,612,gc,cpu,4978.41,4988.85
4,617,normalize,cpu,4989.45,4993.16
4,617,g_a_cpu,cpu,4993.16,4993.5
4,617,g_a,dpu,4993.5,4998.73
4,617,g_a,dpu,4998.73,5007.25
4,617,g_a_cpu,cpu,5007.25,5007.6
4,617,h_a,dpu,5007.61,5009.26
4,617,eb_enc,cpu,5009.26,5009.38
4,617,eb_dec,cpu,5009.38,5009.49
4,617,h_s,dpu,5009.49,5011.1
4,617,gc,cpu,5011.1,5021.04
4,622,normalize,cpu,5021.52,5025.22
4,622,g_a_cpu,cpu,5025.22,5025.52
4,622,g_a,dpu,5025.52,5030.49
4,622,g_a,dpu,5030.49,5035.56
4,622,g_a_cpu,cpu,5035.56,5036.21
4,622,h_a,dpu,5036.21,5038.61
4,622,eb_enc,cpu,5038.61,5038.73
4,622,eb_dec,cpu,5038.74,5038.87
4,622,h_s,dpu,5038.87,5042.09
4,622,gc,cpu,5042.09,5052.06
4,625,normalize,cpu,5052.67,5056.4
4,625,g_a_cpu,cpu,5056.41,5056.77
4,625,g_a,dpu,5056.77,5061.99
4,625,g_a,dpu,5061.99,5079.04
4,625,g_a_cpu,cpu,5079.04,5079.55
4,625,h_a,dpu,5079.56,5085.68
4,625,eb_enc,cpu,5085.68,5085.91
4,625,eb_dec,cpu,5085.91,5086.07
4,625,h_s,dpu,5086.07,5095.77
4,625,gc,cpu,5095.77,5105.68
4,631,normalize,cpu,5106.14,5109.87
4,631,g_a_cpu,cpu,5109.87,5110.21
4,631,g_a,dpu,5110.21,5115.53
4,631,g_a,dpu,5115.53,5126.98
4,631,g_a_cpu,cpu,5126.98,5127.33
4,631,h_a,dpu,5127.33,5128.64
4,631,eb_enc,cpu,5128.64,5131.01
4,631,eb_dec,cpu,5131.01,5131.13
4,631,h_s,dpu,5131.13,5132.39
4,631,gc,cpu,5132.39,5146.49
4,636,normalize,cpu,5147.05,5152.08
4,636,g_a_cpu,cpu,5152.09,5152.6
4,636,g_a,dpu,5152.6,5158.04
4,636,g_a,dpu,5158.04,5163.55
4,636,g_a_cpu,cpu,5163.56,5164.05
4,636,h_a,dpu,5164.05,5178.97
4,636,eb_enc,cpu,5178.97,5179.14
4,636,eb_dec,cpu,5179.14,5179.27
4,636,h_s,dpu,5179.27,5183.75
4,636,gc,cpu,5183.75,5194.01
4,641,normalize,cpu,5194.52,5198.26
4,641,g_a_cpu,cpu,5198.27,5198.56
4,641,g_a,dpu,5198.56,5203.67
4,641,g_a,dpu,5203.67,5208.69
4,641,g_a_cpu,cpu,5208.7,5209.23
4,641,h_a,dpu,5209.23,5215.77
4,641,eb_enc,cpu,5215.77,5215.91
4,641,eb_dec,cpu,5215.91,5216.02
4,641,h_s,dpu,5216.02,5217.35
4,641,gc,cpu,5217.35,5232.02
4,645,normalize,cpu,5232.53,5236.99
4,645,g_a_cpu,cpu,5236.99,5237.47
4,645,g_a,dpu,5237.48,5242.64
4,645,g_a,dpu,5242.64,5254.37
4,645,g_a_cpu,cpu,5254.37,5254.96
4,645,h_a,dpu,5254.96,5256.81
4,645,eb_enc,cpu,5256.81,5256.96
4,645,eb_dec,cpu,5256.96,5257.07
4,645,h_s,dpu,5257.07,5261.91
4,645,gc,cpu,5261.91,5272.1
4,651,normalize,cpu,5272.6,5276.35
4,651,g_a_cpu,cpu,5276.35,5276.64
4,651,g_a,dpu,5276.64,5281.84
4,651,g_a,dpu,5281.84,5291.18
4,651,g_a_cpu,cpu,5291.18,5291.73
4,651,h_a,dpu,5291.73,5294.74
4,651,eb_enc,cpu,5294.74,5294.93
4,651,eb_dec,cpu,5294.93,5295.03
4,651,h_s,dpu,5295.03,5299.13
4,651,gc,cpu,5299.14,5309.26
4,656,normalize,cpu,5309.75,5313.56
4,656,g_a_cpu,cpu,5313.56,5314.09
4,656,g_a,dpu,5314.09,5319.21
4,656,g_a,dpu,5319.21,5324.31
4,656,g_a_cpu,cpu,5324.31,5324.68
4,656,h_a,dpu,5324.68,5333.16
4,656,eb_enc,cpu,5333.16,5333.31
4,656,eb_dec,cpu,5333.32,5333.44
4,656,h_s,dpu,5333.44,5336.36
4,656,gc,cpu,5336.36,5346.67
4,658,normalize,cpu,5347.3,5351.13
4,658,g_a_cpu,cpu,5351.13,5351.64
4,658,g_a,dpu,5351.64,5356.78
4,658,g_a,dpu,5356.78,5361.82
4,658,g_a_cpu,cpu,5361.82,5362.18
4,658,h_a,dpu,5362.18,5370.58
4,658,eb_enc,cpu,5370.58,5370.72
4,658,eb_dec,cpu,5370.73,5370.88
4,658,h_s,dpu,5370.88,5374.7
4,658,gc,cpu,5374.7,5385.37
4,663,normalize,cpu,5385.97,5389.78
4,663,g_a_cpu,cpu,5389.78,5390.09
4,663,g_a,dpu,5390.09,5395.36
4,663,g_a,dpu,5395.36,5400.51
4,663,g_a_cpu,cpu,5400.52,5400.85
4,663,h_a,dpu,5400.86,5409.38
4,663,eb_enc,cpu,5409.38,5409.54
4,663,eb_dec,cpu,5409.55,5409.67
4,663,h_s,dpu,5409.67,5412.95
4,663,gc,cpu,5412.95,5423.71
4,668,normalize,cpu,5424.36,5428.12
4,668,g_a_cpu,cpu,5428.12,5428.55
4,668,g_a,dpu,5428.55,5433.89
4,668,g_a,dpu,5433.9,5439.36
4,668,g_a_cpu,cpu,5439.36,5439.84
4,668,h_a,dpu,5439.84,5445.43
4,668,eb_enc,cpu,5445.43,5445.58
4,668,eb_dec,cpu,5445.58,5445.69
4,668,h_s,dpu,5445.69,5450.5
4,668,gc,cpu,5450.5,5461.29
4,674,normalize,cpu,5462.11,5465.87
4,674,g_a_cpu,cpu,5465.87,5466.22
4,674,g_a,dpu,5466.22,5471.4
4,674,g_a,dpu,5471.4,5479.01
4,674,g_a_cpu,cpu,5479.01,5479.46
4,674,h_a,dpu,5479.46,5480.82
4,674,eb_enc,cpu,5480.82,5480.94
4,674,eb_dec,cpu,5480.94,5481.04
4,674,h_s,dpu,5481.04,5483.76
4,674,gc,cpu,5483.76,5493.93
4,678,normalize,cpu,5494.66,5498.52
4,678,g_a_cpu,cpu,5498.52,5499.03
4,678,g_a,dpu,5499.03,5504.3
4,678,g_a,dpu,5504.3,5509.42
4,678,g_a_cpu,cpu,5509.42,5509.8
4,678,h_a,dpu,5509.8,5522.04
4,678,eb_enc,cpu,5522.04,5522.16
4,678,eb_dec,cpu,5522.16,5522.28
4,678,h_s,dpu,5522.28,5524.64
4,678,gc,cpu,5524.64,5534.73
4,684,normalize,cpu,5535.36,5539.21
4,684,g_a_cpu,cpu,5539.22,5539.52
4,684,g_a,dpu,5539.52,5545.32
4,684,g_a,dpu,5545.32,5554.54
4,684,g_a_cpu,cpu,5554.55,5555.51
4,684,h_a,dpu,5555.52,5556.74
4,684,eb_enc,cpu,5556.74,5556.86
4,684,eb_dec,cpu,5556.86,5556.97
4,684,h_s,dpu,5556.97,5558.4
4,684,gc,cpu,5558.4,5569.28
4,687,normalize,cpu,5569.88,5584.48
4,687,g_a_cpu,cpu,5584.49,5584.82
4,687,g_a,dpu,5584.82,5589.89
4,687,g_a,dpu,5589.89,5600.1
4,687,g_a_cpu,cpu,5600.1,5600.56
4,687,h_a,dpu,5600.57,5602.04
4,687,eb_enc,cpu,5602.04,5602.16
4,687,eb_dec,cpu,5602.16,5602.27
4,687,h_s,dpu,5602.27,5603.42
4,687,gc,cpu,5603.42,5613.53
4,694,normalize,cpu,5614.06,5617.86
4,694,g_a_cpu,cpu,5617.86,5618.28
4,694,g_a,dpu,5618.28,5623.5
4,694,g_a,dpu,5623.51,5646.72
4,694,g_a_cpu,cpu,5646.72,5647.35
4,694,h_a,dpu,5647.35,5649.67
4,694,eb_enc,cpu,5649.68,5649.82
4,694,eb_dec,cpu,5649.82,5649.93
4,694,h_s,dpu,5649.93,5651.97
4,694,gc,cpu,5651.97,5662.46
4,699,normalize,cpu,5663.06,5666.86
4,699,g_a_cpu,cpu,5666.87,5667.31
4,699,g_a,dpu,5667.32,5672.55
4,699,g_a,dpu,5672.55,5678.35
4,699,g_a_cpu,cpu,5678.36,5678.87
4,699,h_a,dpu,5678.88,5680.43
4,699,eb_enc,cpu,5680.43,5680.56
4,699,eb_dec,cpu,5680.56,5680.67
4,699,h_s,dpu,5680.67,5682.47
4,699,gc,cpu,5682.47,5692.61
4,703,normalize,cpu,5693.43,5697.16
4,703,g_a_cpu,cpu,5697.17,5697.57
4,703,g_a,dpu,5697.57,5702.75
4,703,g_a,dpu,5702.76,5707.91
4,703,g_a_cpu,cpu,5707.91,5708.37
4,703,h_a,dpu,5708.38,5710.47
4,703,eb_enc,cpu,5710.47,5710.61
4,703,eb_dec,cpu,5710.61,5710.72
4,703,h_s,dpu,5710.72,5712.48
4,703,gc,cpu,5712.48,5722.45
4,706,normalize,cpu,5723.03,5726.85
4,706,g_a_cpu,cpu,5726.86,5727.58
4,706,g_a,dpu,5727.58,5732.77
4,706,g_a,dpu,5732.77,5737.86
4,706,g_a_cpu,cpu,5737.86,5738.3
4,706,h_a,dpu,5738.3,5740.09
4,706,eb_enc,cpu,5740.09,5740.22
4,706,eb_dec,cpu,5740.23,5740.34
4,706,h_s,dpu,5740.34,5752.12
4,706,gc,cpu,5752.12,5762.41
4,712,normalize,cpu,5763,5766.74
4,712,g_a_cpu,cpu,5766.75,5767.13
4,712,g_a,dpu,5767.14,5772.33
4,712,g_a,dpu,5772.33,5777.41
4,712,g_a_cpu,cpu,5777.41,5778
4,712,h_a,dpu,5778.01,5779.65
4,712,eb_enc,cpu,5779.65,5779.78
4,712,eb_dec,cpu,5779.78,5779.89
4,712,h_s,dpu,5779.89,5784.08
4,712,gc,cpu,5784.08,5795.61
4,717,normalize,cpu,5796.07,5799.85
4,717,g_a_cpu,cpu,5799.85,5800.5
4,717,g_a,dpu,5800.5,5806.26
4,717,g_a,dpu,5806.26,5811.22
4,717,g_a_cpu,cpu,5811.22,5811.56
4,717,h_a,dpu,5811.56,5812.76
4,717,eb_enc,cpu,5812.76,5812.91
4,717,eb_dec,cpu,5812.91,5813.02
4,717,h_s,dpu,5813.02,5814.37
4,717,gc,cpu,5814.37,5824.52
4,720,normalize,cpu,5825.54,5829.31
4,720,g_a_cpu,cpu,5829.31,5829.65
4,720,g_a,dpu,5829.66,5834.76
4,720,g_a,dpu,5834.76,5839.9
4,720,g_a_cpu,cpu,5839.91,5840.65
4,720,h_a,dpu,5840.65,5846.75
4,720,eb_enc,cpu,5846.75,5846.93
4,720,eb_dec,cpu,5846.93,5847.04
4,720,h_s,dpu,5847.04,5848.42
4,720,gc,cpu,5848.42,5858.44
4,725,normalize,cpu,5859.19,5862.89
4,725,g_a_cpu,cpu,5862.9,5863.23
4,725,g_a,dpu,5863.24,5869.37
4,725,g_a,dpu,5869.37,5874.79
4,725,g_a_cpu,cpu,5874.79,5875.25
4,725,h_a,dpu,5875.25,5876.74
4,725,eb_enc,cpu,5876.74,5876.87
4,725,eb_dec,cpu,5876.87,5876.97
4,725,h_s,dpu,5876.97,5883.86
4,725,gc,cpu,5883.86,5894.12
4,729,normalize,cpu,5894.58,5898.28
4,729,g_a_cpu,cpu,5898.29,5898.87
4,729,g_a,dpu,5898.87,5907.92
4,729,g_a,dpu,5907.92,5919.81
4,729,g_a_cpu,cpu,5919.81,5920.22
4,729,h_a,dpu,5920.23,5922.25
4,729,eb_enc,cpu,5922.25,5922.47
4,729,eb_dec,cpu,5922.47,5922.61
4,729,h_s,dpu,5922.61,5924.06
4,729,gc,cpu,5924.06,5934.44
4,734,normalize,cpu,5934.98,5938.74
4,734,g_a_cpu,cpu,5938.75,5939.11
4,734,g_a,dpu,5939.11,5947.46
4,734,g_a,dpu,5947.46,5956.56
4,734,g_a_cpu,cpu,5956.57,5957.07
4,734,h_a,dpu,5957.07,5958.47
4,734,eb_enc,cpu,5958.48,5958.62
4,734,eb_dec,cpu,5958.62,5958.74
4,734,h_s,dpu,5958.74,5959.99
4,734,gc,cpu,5959.99,5969.85
4,739,normalize,cpu,5970.3,5974.05
4,739,g_a_cpu,cpu,5974.06,5974.51
4,739,g_a,dpu,5974.51,5983.56
4,739,g_a,dpu,5983.56,5994.14
4,739,g_a_cpu,cpu,5994.14,5994.66
4,739,h_a,dpu,5994.66,6006.97
4,739,eb_enc,cpu,6006.97,6007.09
4,739,eb_dec,cpu,6007.1,6007.24
4,739,h_s,dpu,6007.24,6013.48
4,739,gc,cpu,6013.48,6023.85
4,744,normalize,cpu,6024.38,6028.12
4,744,g_a_cpu,cpu,6028.12,6028.59
4,744,g_a,dpu,6028.6,6034.26
4,744,g_a,dpu,6034.26,6039.36
4,744,g_a_cpu,cpu,6039.36,6039.71
4,744,h_a,dpu,6039.71,6045.56
4,744,eb_enc,cpu,6045.56,6045.73
4,744,eb_dec,cpu,6045.73,6045.85
4,744,h_s,dpu,6045.85,6052.12
4,744,gc,cpu,6052.12,6064.84
4,749,normalize,cpu,6065.34,6069.68
4,749,g_a_cpu,cpu,6069.68,6070.08
4,749,g_a,dpu,6070.09,6075.31
4,749,g_a,dpu,6075.32,6080.5
4,749,g_a_cpu,cpu,6080.5,6080.96
4,749,h_a,dpu,6080.97,6087
4,749,eb_enc,cpu,6087.01,6087.21
4,749,eb_dec,cpu,6087.21,6087.34
4,749,h_s,dpu,6087.34,6096.55
4,749,gc,cpu,6096.55,6120.18
4,755,normalize,cpu,6120.78,6129.5
4,755,g_a_cpu,cpu,6129.51,6129.9
4,755,g_a,dpu,6129.9,6135.13
4,755,g_a,dpu,6135.13,6142.42
4,755,g_a_cpu,cpu,6142.42,6143.16
4,755,h_a,dpu,6143.16,6148.92
4,755,eb_enc,cpu,6148.92,6149.05
4,755,eb_dec,cpu,6149.05,6149.16
4,755,h_s,dpu,6149.16,6150.53
4,755,gc,cpu,6150.53,6161.29
4,760,normalize,cpu,6161.84,6165.63
4,760,g_a_cpu,cpu,6165.64,6166.38
4,760,g_a,dpu,6166.38,6171.46
4,760,g_a,dpu,6171.46,6176.48
4,760,g_a_cpu,cpu,6176.48,6177.18
4,760,h_a,dpu,6177.18,6178.64
4,760,eb_enc,cpu,6178.64,6178.8
4,760,eb_dec,cpu,6178.8,6178.95
4,760,h_s,dpu,6178.95,6181.39
4,760,gc,cpu,6181.39,6191.46
4,763,normalize,cpu,6192.12,6195.86
4,763,g_a_cpu,cpu,6195.87,6196.27
4,763,g_a,dpu,6196.28,6202.26
4,763,g_a,dpu,6202.26,6211.32
4,763,g_a_cpu,cpu,6211.33,6211.81
4,763,h_a,dpu,6211.81,6213.05
4,763,eb_enc,cpu,6213.06,6213.2
4,763,eb_dec,cpu,6213.2,6213.33
4,763,h_s,dpu,6213.33,6215.49
4,763,gc,cpu,6215.49,6236.76
4,770,normalize,cpu,6237.5,6241.27
4,770,g_a_cpu,cpu,6241.27,6241.85
4,770,g_a,dpu,6241.86,6247.21
4,770,g_a,dpu,6247.21,6252.51
4,770,g_a_cpu,cpu,6252.51,6252.86
4,770,h_a,dpu,6252.86,6254.38
4,770,eb_enc,cpu,6254.38,6254.52
4,770,eb_dec,cpu,6254.52,6254.67
4,770,h_s,dpu,6254.67,6257.16
4,770,gc,cpu,6257.16,6271.89
4,774,normalize,cpu,6272.52,6276.24
4,774,g_a_cpu,cpu,6276.25,6276.82
4,774,g_a,dpu,6276.82,6286.22
4,774,g_a,dpu,6286.22,6291.9
4,774,g_a_cpu,cpu,6291.9,6292.4
4,774,h_a,dpu,6292.4,6293.66
4,774,eb_enc,cpu,6293.66,6293.78
4,774,eb_dec,cpu,6293.78,6293.92
4,774,h_s,dpu,6293.92,6296.74
4,774,gc,cpu,6296.74,6306.68
4,779,normalize,cpu,6307.24,6311.02
4,779,g_a_cpu,cpu,6311.03,6311.38
4,779,g_a,dpu,6311.39,6319.85
4,779,g_a,dpu,6319.85,6329.97
4,779,g_a_cpu,cpu,6329.97,6330.52
4,779,h_a,dpu,6330.52,6332.05
4,779,eb_enc,cpu,6332.05,6332.17
4,779,eb_dec,cpu,6332.17,6332.28
4,779,h_s,dpu,6332.28,6336.96
4,779,gc,cpu,6336.96,6348.27
4,784,normalize,cpu,6348.77,6352.62
4,784,g_a_cpu,cpu,6352.63,6353.15
4,784,g_a,dpu,6353.15,6361.82
4,784,g_a,dpu,6361.83,6367.45
4,784,g_a_cpu,cpu,6367.45,6367.88
4,784,h_a,dpu,6367.88,6369.38
4,784,eb_enc,cpu,6369.39,6369.52
4,784,eb_dec,cpu,6369.52,6369.63
4,784,h_s,dpu,6369.63,6378.36
4,784,gc,cpu,6378.36,6389.37
4,789,normalize,cpu,6390.47,6394.31
4,789,g_a_cpu,cpu,6394.31,6394.64
4,789,g_a,dpu,6394.65,6399.8
4,789,g_a,dpu,6399.8,6404.92
4,789,g_a_cpu,cpu,6404.92,6405.43
4,789,h_a,dpu,6405.44,6410.61
4,789,eb_enc,cpu,6410.61,6410.78
4,789,eb_dec,cpu,6410.78,6411.08
4,789,h_s,dpu,6411.08,6412.42
4,789,gc,cpu,6412.42,6422.65
4,794,normalize,cpu,6423.24,6427.12
4,794,g_a_cpu,cpu,6427.13,6427.63
4,794,g_a,dpu,6427.63,6432.72
4,794,g_a,dpu,6432.72,6438.43
4,794,g_a_cpu,cpu,6438.43,6438.91
4,794,h_a,dpu,6438.91,6444.01
4,794,eb_enc,cpu,6444.01,6444.18
4,794,eb_dec,cpu,6444.18,6444.31
4,794,h_s,dpu,6444.31,6445.95
4,794,gc,cpu,6445.95,6456.08
4,799,normalize,cpu,6456.8,6460.64
4,799,g_a_cpu,cpu,6460.64,6461.13
4,799,g_a,dpu,6461.14,6469.72
4,799,g_a,dpu,6469.73,6478.87
4,799,g_a_cpu,cpu,6478.87,6479.35
4,799,h_a,dpu,6479.35,6481.76
4,799,eb_enc,cpu,6481.76,6481.88
4,799,eb_dec,cpu,6481.88,6481.98
4,799,h_s,dpu,6481.98,6483.12
4,799,gc,cpu,6483.12,6503.65
4,804,normalize,cpu,6504.25,6509.21
4,804,g_a_cpu,cpu,6509.21,6509.61
4,804,g_a,dpu,6509.62,6514.88
4,804,g_a,dpu,6514.88,6523.68
4,804,g_a_cpu,cpu,6523.69,6524.1
4,804,h_a,dpu,6524.11,6525.72
4,804,eb_enc,cpu,6525.72,6525.9
4,804,eb_dec,cpu,6525.9,6526.01
4,804,h_s,dpu,6526.01,6529.47
4,804,gc,cpu,6529.47,6540.3
4,809,normalize,cpu,6540.81,6545.44
4,809,g_a_cpu,cpu,6545.45,6545.79
4,809,g_a,dpu,6545.79,6550.97
4,809,g_a,dpu,6550.97,6558.74
4,809,g_a_cpu,cpu,6558.75,6559.21
4,809,h_a,dpu,6559.21,6561.07
4,809,eb_enc,cpu,6561.07,6561.2
4,809,eb_dec,cpu,6561.2,6561.31
4,809,h_s,dpu,6561.31,6567.8
4,809,gc,cpu,6567.8,6578.71
4,814,normalize,cpu,6579.66,6583.53
4,814,g_a_cpu,cpu,6583.54,6584.17
4,814,g_a,dpu,6584.17,6589.29
4,814,g_a,dpu,6589.29,6594.32
4,814,g_a_cpu,cpu,6594.32,6594.74
4,814,h_a,dpu,6594.74,6596.25
4,814,eb_enc,cpu,6596.25,6596.5
4,814,eb_dec,cpu,6596.5,6596.64
4,814,h_s,dpu,6596.64,6602.4
4,814,gc,cpu,6602.4,6613.17
4,819,normalize,cpu,6614,6617.71
4,819,g_a_cpu,cpu,6617.72,6618.07
4,819,g_a,dpu,6618.07,6623.2
4,819,g_a,dpu,6623.2,6628.4
4,819,g_a_cpu,cpu,6628.4,6629.02
4,819,h_a,dpu,6629.03,6630.51
4,819,eb_enc,cpu,6630.51,6630.63
4,819,eb_dec,cpu,6630.63,6630.74
4,819,h_s,dpu,6630.74,6635.39
4,819,gc,cpu,6635.39,6645.55
4,824,normalize,cpu,6646.06,6649.9
4,824,g_a_cpu,cpu,6649.91,6650.3
4,824,g_a,dpu,6650.31,6658.72
4,824,g_a,dpu,6658.72,6664.02
4,824,g_a_cpu,cpu,6664.02,6664.56
4,824,h_a,dpu,6664.56,6666.23
4,824,eb_enc,cpu,6666.23,6666.41
4,824,eb_dec,cpu,6666.41,6666.54
4,824,h_s,dpu,6666.54,6669.38
4,824,gc,cpu,6669.38,6679.47
4,827,normalize,cpu,6680.16,6683.93
4,827,g_a_cpu,cpu,6683.93,6684.44
4,827,g_a,dpu,6684.44,6690.02
4,827,g_a,dpu,6690.02,6699.59
4,827,g_a_cpu,cpu,6699.59,6700.15
4,827,h_a,dpu,6700.16,6701.81
4,827,eb_enc,cpu,6701.81,6701.94
4,827,eb_dec,cpu,6701.94,6702.05
4,827,h_s,dpu,6702.05,6704.41
4,827,gc,cpu,6704.41,6715.46
4,831,normalize,cpu,6715.99,6719.75
4,831,g_a_cpu,cpu,6719.75,6720.12
4,831,g_a,dpu,6720.13,6725.31
4,831,g_a,dpu,6725.31,6730.36
4,831,g_a_cpu,cpu,6730.36,6730.92
4,831,h_a,dpu,6730.92,6737.07
4,831,eb_enc,cpu,6737.07,6737.21
4,831,eb_dec,cpu,6737.21,6737.32
4,831,h_s,dpu,6737.32,6738.74
4,831,gc,cpu,6738.74,6748.97
4,837,normalize,cpu,6749.39,6753.18
4,837,g_a_cpu,cpu,6753.19,6753.6
4,837,g_a,dpu,6753.6,6758.78
4,837,g_a,dpu,6758.78,6763.92
4,837,g_a_cpu,cpu,6763.92,6764.28
4,837,h_a,dpu,6764.28,6765.75
4,837,eb_enc,cpu,6765.75,6765.9
4,837,eb_dec,cpu,6765.9,6766.02
4,837,h_s,dpu,6766.02,6770.06
4,837,gc,cpu,6770.07,6780.07
4,841,normalize,cpu,6780.62,6784.34
4,841,g_a_cpu,cpu,6784.35,6784.96
4,841,g_a,dpu,6784.97,6793.51
4,841,g_a,dpu,6793.51,6803.49
4,841,g_a_cpu,cpu,6803.49,6804.1
4,841,h_a,dpu,6804.11,6806
4,841,eb_enc,cpu,6806,6806.18
4,841,eb_dec,cpu,6806.18,6806.32
4,841,h_s,dpu,6806.32,6815.97
4,841,gc,cpu,6815.97,6828.64
4,847,normalize,cpu,6829.15,6832.84
4,847,g_a_cpu,cpu,6832.84,6833.13
4,847,g_a,dpu,6833.13,6838.28
4,847,g_a,dpu,6838.28,6851.05
4,847,g_a_cpu,cpu,6851.05,6851.55
4,847,h_a,dpu,6851.56,6860.27
4,847,eb_enc,cpu,6860.27,6860.44
4,847,eb_dec,cpu,6860.44,6860.55
4,847,h_s,dpu,6860.55,6870.57
4,847,gc,cpu,6870.57,6880.71
4,852,normalize,cpu,6881.31,6885.12
4,852,g_a_cpu,cpu,6885.13,6885.47
4,852,g_a,dpu,6885.47,6892.16
4,852,g_a,dpu,6892.16,6897.12
4,852,g_a_cpu,cpu,6897.12,6897.46
4,852,h_a,dpu,6897.46,6908.19
4,852,eb_enc,cpu,6908.19,6908.32
4,852,eb_dec,cpu,6908.32,6908.46
4,852,h_s,dpu,6908.46,6912.03
4,852,gc,cpu,6912.03,6922.42
4,857,normalize,cpu,6923.22,6927.02
4,857,g_a_cpu,cpu,6927.02,6927.35
4,857,g_a,dpu,6927.36,6932.59
4,857,g_a,dpu,6932.6,6937.8
4,857,g_a_cpu,cpu,6937.8,6938.26
4,857,h_a,dpu,6938.26,6946.69
4,857,eb_enc,cpu,6946.69,6946.85
4,857,eb_dec,cpu,6946.85,6946.97
4,857,h_s,dpu,6946.97,6948.22
4,857,gc,cpu,6948.22,6958.39
4,864,normalize,cpu,6959.1,6962.94
4,864,g_a_cpu,cpu,6962.94,6963.28
4,864,g_a,dpu,6963.29,6968.35
4,864,g_a,dpu,6968.36,6973.38
4,864,g_a_cpu,cpu,6973.38,6973.76
4,864,h_a,dpu,6973.76,6975.06
4,864,eb_enc,cpu,6975.06,6975.18
4,864,eb_dec,cpu,6975.18,6975.29
4,864,h_s,dpu,6975.29,6979.72
4,864,gc,cpu,6979.72,6990.07
4,867,normalize,cpu,6990.55,6994.44
4,867,g_a_cpu,cpu,6994.44,6994.81
4,867,g_a,dpu,6994.82,7003.13
4,867,g_a,dpu,7003.14,7008.37
4,867,g_a_cpu,cpu,7008.37,7008.78
4,867,h_a,dpu,7008.79,7010.11
4,867,eb_enc,cpu,7010.11,7010.23
4,867,eb_dec,cpu,7010.23,7010.34
4,867,h_s,dpu,7010.34,7017.6
4,867,gc,cpu,7017.6,7027.71
4,872,normalize,cpu,7028.3,7032.03
4,872,g_a_cpu,cpu,7032.04,7032.42
4,872,g_a,dpu,7032.42,7037.59
4,872,g_a,dpu,7037.59,7047.32
4,872,g_a_cpu,cpu,7047.33,7047.83
4,872,h_a,dpu,7047.84,7049.2
4,872,eb_enc,cpu,7049.2,7049.33
4,872,eb_dec,cpu,7049.33,7049.43
4,872,h_s,dpu,7049.43,7053.42
4,872,gc,cpu,7053.42,7063.56
4,877,normalize,cpu,7064.08,7067.72
4,877,g_a_cpu,cpu,7067.73,7068.09
4,877,g_a,dpu,7068.09,7073.13
4,877,g_a,dpu,7073.13,7078.2
4,877,g_a_cpu,cpu,7078.21,7078.72
4,877,h_a,dpu,7078.72,7086.3
4,877,eb_enc,cpu,7086.3,7086.43
4,877,eb_dec,cpu,7086.43,7086.54
4,877,h_s,dpu,7086.54,7094.3
4,877,gc,cpu,7094.3,7104.57
4,881,normalize,cpu,7105.15,7108.89
4,881,g_a_cpu,cpu,7108.9,7109.28
4,881,g_a,dpu,7109.29,7114.62
4,881,g_a,dpu,7114.62,7119.79
4,881,g_a_cpu,cpu,7119.79,7120.37
4,881,h_a,dpu,7120.37,7125.48
4,881,eb_enc,cpu,7125.48,7125.62
4,881,eb_dec,cpu,7125.62,7125.74
4,881,h_s,dpu,7125.74,7129.6
4,881,gc,cpu,7129.61,7140.08
4,887,normalize,cpu,7147.5,7151.95
4,887,g_a_cpu,cpu,7151.95,7152.4
4,887,g_a,dpu,7152.4,7160.03
4,887,g_a,dpu,7160.03,7170.58
4,887,g_a_cpu,cpu,7170.58,7171.06
4,887,h_a,dpu,7171.06,7173.16
4,887,eb_enc,cpu,7173.16,7173.31
4,887,eb_dec,cpu,7173.31,7173.43
4,887,h_s,dpu,7173.43,7174.76
4,887,gc,cpu,7174.76,7185.1
4,893,normalize,cpu,7185.61,7189.34
4,893,g_a_cpu,cpu,7189.34,7189.73
4,893,g_a,dpu,7189.73,7194.97
4,893,g_a,dpu,7194.97,7200.15
4,893,g_a_cpu,cpu,7200.15,7200.48
4,893,h_a,dpu,7200.48,7204.04
4,893,eb_enc,cpu,7204.05,7204.19
4,893,eb_dec,cpu,7204.19,7204.31
4,893,h_s,dpu,7204.31,7210.48
4,893,gc,cpu,7210.48,7220.8
4,897,normalize,cpu,7221.34,7225.09
4,897,g_a_cpu,cpu,7225.1,7225.46
4,897,g_a,dpu,7225.46,7230.97
4,897,g_a,dpu,7230.97,7236.39
4,897,g_a_cpu,cpu,7236.39,7236.93
4,897,h_a,dpu,7236.93,7242.26
4,897,eb_enc,cpu,7242.26,7242.43
4,897,eb_dec,cpu,7242.44,7242.56
4,897,h_s,dpu,7242.56,7254.7
4,897,gc,cpu,7254.7,7265.5
4,902,normalize,cpu,7266.02,7269.81
4,902,g_a_cpu,cpu,7269.81,7270.11
4,902,g_a,dpu,7270.11,7275.28
4,902,g_a,dpu,7275.28,7280.33
4,902,g_a_cpu,cpu,7280.33,7280.97
4,902,h_a,dpu,7280.97,7286.01
4,902,eb_enc,cpu,7286.01,7286.14
4,902,eb_dec,cpu,7286.14,7286.25
4,902,h_s,dpu,7286.25,7290.01
4,902,gc,cpu,7290.02,7303.54
4,908,normalize,cpu,7304.33,7311.73
4,908,g_a_cpu,cpu,7311.73,7312.1
4,908,g_a,dpu,7312.1,7317.31
4,908,g_a,dpu,7317.31,7339.66
4,908,g_a_cpu,cpu,7339.66,7340.18
4,908,h_a,dpu,7340.18,7341.88
4,908,eb_enc,cpu,7341.88,7342.06
4,908,eb_dec,cpu,7342.07,7342.2
4,908,h_s,dpu,7342.2,7347.99
4,908,gc,cpu,7347.99,7357.86
4,914,normalize,cpu,7358.54,7362.25
4,914,g_a_cpu,cpu,7362.26,7362.57
4,914,g_a,dpu,7362.57,7371.07
4,914,g_a,dpu,7371.07,7376.42
4,914,g_a_cpu,cpu,7376.42,7376.86
4,914,h_a,dpu,7376.86,7384.05
4,914,eb_enc,cpu,7384.05,7384.25
4,914,eb_dec,cpu,7384.25,7384.37
4,914,h_s,dpu,7384.37,7388.07
4,914,gc,cpu,7388.08,7398.31
4,919,normalize,cpu,7398.8,7402.56
4,919,g_a_cpu,cpu,7402.57,7403.07
4,919,g_a,dpu,7403.08,7408.34
4,919,g_a,dpu,7408.34,7413.45
4,919,g_a_cpu,cpu,7413.45,7413.88
4,919,h_a,dpu,7413.88,7422.7
4,919,eb_enc,cpu,7422.71,7422.94
4,919,eb_dec,cpu,7422.94,7423.05
4,919,h_s,dpu,7423.05,7427.73
4,919,gc,cpu,7427.73,7438.07
4,924,normalize,cpu,7438.75,7442.4
4,924,g_a_cpu,cpu,7442.4,7442.77
4,924,g_a,dpu,7442.78,7451.85
4,924,g_a,dpu,7451.85,7456.98
4,924,g_a_cpu,cpu,7456.98,7457.43
4,924,h_a,dpu,7457.43,7458.81
4,924,eb_enc,cpu,7458.81,7458.96
4,924,eb_dec,cpu,7458.96,7459.06
4,924,h_s,dpu,7459.06,7463.6
4,924,gc,cpu,7463.6,7474.08
