lane,patch,stage,kind,t0_ms,t1_ms
-1,0,read,read,0.26065,64.6797
-1,1,read,read,64.7816,139.693
-1,2,read,read,139.718,250.473
-1,3,read,read,477.911,596.2
-1,4,read,read,908.039,1000.67
-1,5,read,read,1303.12,1411.46
-1,6,read,read,1716.47,1817.55
-1,7,read,read,2133.94,2226.29
-1,8,read,read,2550.68,2656.42
-1,9,read,read,2954.57,3030.84
-1,10,read,read,3363.69,3410.42
-1,11,read,read,3766.51,3806.85
-1,12,read,read,4182.87,4263.89
-1,13,read,read,4600.25,4645.64
-1,14,read,read,4990.13,5035.02
-1,15,read,read,5397.53,5448.19
0,0,normalize,cpu,65.2409,68.9957
0,0,g_a_cpu,cpu,79.8532,80.3423
0,0,g_a,dpu,80.3476,89.6004
0,0,g_a,dpu,89.6035,99.0454
0,0,g_a_cpu,cpu,99.0474,99.6592
0,0,h_a,dpu,99.6672,107.073
0,0,eb_enc,cpu,107.074,107.229
0,0,eb_dec,cpu,107.229,107.371
0,0,h_s,dpu,107.371,119.574
0,0,gc,cpu,119.584,157.718
0,10,normalize,cpu,158.324,162.041
0,10,g_a_cpu,cpu,162.047,162.447
0,10,g_a,dpu,162.453,170.419
0,10,g_a,dpu,170.42,179.751
0,10,g_a_cpu,cpu,179.752,180.447
0,10,h_a,dpu,180.451,193.239
0,10,eb_enc,cpu,193.24,193.461
0,10,eb_dec,cpu,193.466,193.753
0,10,h_s,dpu,193.753,198.95
0,10,gc,cpu,198.952,224.466
0,20,normalize,cpu,225.018,228.764
0,20,g_a_cpu,cpu,228.77,229.288
0,20,g_a,dpu,229.293,237.591
0,20,g_a,dpu,237.593,243.756
0,20,g_a_cpu,cpu,243.759,244.514
0,20,h_a,dpu,244.518,249.138
0,20,eb_enc,cpu,249.14,249.455
0,20,eb_dec,cpu,249.459,249.672
0,20,h_s,dpu,249.673,258.952
0,20,gc,cpu,258.953,271.003
0,25,normalize,cpu,271.585,275.247
0,25,g_a_cpu,cpu,275.252,275.619
0,25,g_a,dpu,275.623,288.17
0,25,g_a,dpu,288.178,293.441
0,25,g_a_cpu,cpu,293.444,294.04
0,25,h_a,dpu,294.049,308.253
0,25,eb_enc,cpu,308.254,308.402
0,25,eb_dec,cpu,308.403,308.537
0,25,h_s,dpu,308.538,318.222
0,25,gc,cpu,318.224,328.653
0,33,normalize,cpu,329.249,332.944
0,33,g_a_cpu,cpu,332.949,333.535
0,33,g_a,dpu,333.541,340.653
0,33,g_a,dpu,340.656,346.362
0,33,g_a_cpu,cpu,346.364,346.732
0,33,h_a,dpu,346.734,356.579
0,33,eb_enc,cpu,356.58,356.717
0,33,eb_dec,cpu,356.717,356.858
0,33,h_s,dpu,356.858,361.251
0,33,gc,cpu,361.252,372.391
0,41,normalize,cpu,372.932,376.705
0,41,g_a_cpu,cpu,376.71,377.09
0,41,g_a,dpu,377.092,382.344
0,41,g_a,dpu,382.346,387.648
0,41,g_a_cpu,cpu,387.652,388.53
0,41,h_a,dpu,388.532,392.663
0,41,eb_enc,cpu,392.664,392.894
0,41,eb_dec,cpu,392.894,393.081
0,41,h_s,dpu,393.081,396.992
0,41,gc,cpu,396.993,422.386
0,49,normalize,cpu,423.193,428.547
0,49,g_a_cpu,cpu,428.553,429.364
0,49,g_a,dpu,429.366,435.07
0,49,g_a,dpu,435.072,440.161
0,49,g_a_cpu,cpu,440.164,440.606
0,49,h_a,dpu,440.617,475.931
0,49,eb_enc,cpu,475.931,476.191
0,49,eb_dec,cpu,476.192,476.406
0,49,h_s,dpu,476.407,478.52
0,49,gc,cpu,478.521,490.098
0,59,normalize,cpu,490.582,494.334
0,59,g_a_cpu,cpu,494.339,494.656
0,59,g_a,dpu,494.66,499.97
0,59,g_a,dpu,499.973,507.166
0,59,g_a_cpu,cpu,507.169,508.041
0,59,h_a,dpu,508.043,511.43
0,59,eb_enc,cpu,511.432,511.594
0,59,eb_dec,cpu,511.595,511.756
0,59,h_s,dpu,511.757,513.085
0,59,gc,cpu,513.086,525.78
0,64,normalize,cpu,526.658,542.902
0,64,g_a_cpu,cpu,542.909,543.44
0,64,g_a,dpu,543.446,549.124
0,64,g_a,dpu,549.13,554.928
0,64,g_a_cpu,cpu,554.93,555.614
0,64,h_a,dpu,555.618,561.913
0,64,eb_enc,cpu,561.916,562.1
0,64,eb_dec,cpu,562.102,562.248
0,64,h_s,dpu,562.249,588.461
0,64,gc,cpu,588.463,598.944
0,72,normalize,cpu,599.454,603.898
0,72,g_a_cpu,cpu,603.901,604.306
0,72,g_a,dpu,604.309,609.387
0,72,g_a,dpu,609.389,639.072
0,72,g_a_cpu,cpu,639.073,639.7
0,72,h_a,dpu,639.706,648.268
0,72,eb_enc,cpu,648.268,648.415
0,72,eb_dec,cpu,648.416,648.544
0,72,h_s,dpu,648.545,651.459
0,72,gc,cpu,651.46,661.925
0,82,normalize,cpu,662.501,667.568
0,82,g_a_cpu,cpu,667.571,668.018
0,82,g_a,dpu,668.022,677.283
0,82,g_a,dpu,677.284,697.621
0,82,g_a_cpu,cpu,697.622,698.115
0,82,h_a,dpu,698.117,705.241
0,82,eb_enc,cpu,705.242,705.447
0,82,eb_dec,cpu,705.448,705.626
0,82,h_s,dpu,705.626,709.607
0,82,gc,cpu,709.608,721.03
0,90,normalize,cpu,721.608,725.421
0,90,g_a_cpu,cpu,725.426,725.915
0,90,g_a,dpu,725.918,737.744
0,90,g_a,dpu,737.746,754.422
0,90,g_a_cpu,cpu,754.424,755.03
0,90,h_a,dpu,755.033,764.591
0,90,eb_enc,cpu,764.594,764.813
0,90,eb_dec,cpu,764.814,764.982
0,90,h_s,dpu,764.982,770.732
0,90,gc,cpu,770.733,784.058
0,101,normalize,cpu,784.648,788.334
0,101,g_a_cpu,cpu,788.339,788.991
0,101,g_a,dpu,788.993,794.614
0,101,g_a,dpu,794.615,799.661
0,101,g_a_cpu,cpu,799.662,800.212
0,101,h_a,dpu,800.215,804.01
0,101,eb_enc,cpu,804.01,804.177
0,101,eb_dec,cpu,804.178,804.856
0,101,h_s,dpu,804.858,821.586
0,101,gc,cpu,821.6,831.863
0,106,normalize,cpu,832.509,836.321
0,106,g_a_cpu,cpu,836.327,837.201
0,106,g_a,dpu,837.207,845.986
0,106,g_a,dpu,845.988,868.621
0,106,g_a_cpu,cpu,868.622,869.315
0,106,h_a,dpu,869.321,878.842
0,106,eb_enc,cpu,878.844,878.995
0,106,eb_dec,cpu,878.995,879.133
0,106,h_s,dpu,879.133,884.848
0,106,gc,cpu,884.848,895.042
0,119,normalize,cpu,908.791,912.467
0,119,g_a_cpu,cpu,912.472,912.997
0,119,g_a,dpu,913,928.007
0,119,g_a,dpu,928.01,945.569
0,119,g_a_cpu,cpu,945.571,946.006
0,119,h_a,dpu,946.008,950.629
0,119,eb_enc,cpu,950.633,950.816
0,119,eb_dec,cpu,950.817,950.971
0,119,h_s,dpu,950.971,958.303
0,119,gc,cpu,958.304,974.266
0,126,normalize,cpu,974.863,981.32
0,126,g_a_cpu,cpu,981.333,982.574
0,126,g_a,dpu,982.586,994.754
0,126,g_a,dpu,994.76,1012.8
0,126,g_a_cpu,cpu,1012.81,1013.15
0,126,h_a,dpu,1013.15,1017.46
0,126,eb_enc,cpu,1017.46,1017.59
0,126,eb_dec,cpu,1017.59,1017.72
0,126,h_s,dpu,1017.72,1030.85
0,126,gc,cpu,1030.85,1040.87
0,134,normalize,cpu,1041.59,1046.54
0,134,g_a_cpu,cpu,1046.55,1047.26
0,134,g_a,dpu,1047.26,1052.81
0,134,g_a,dpu,1052.81,1057.92
0,134,g_a_cpu,cpu,1057.92,1058.56
0,134,h_a,dpu,1058.56,1070.98
0,134,eb_enc,cpu,1070.98,1071.17
0,134,eb_dec,cpu,1071.17,1071.32
0,134,h_s,dpu,1071.32,1076.13
0,134,gc,cpu,1076.13,1086.56
0,141,normalize,cpu,1087.4,1091.26
0,141,g_a_cpu,cpu,1091.27,1091.67
0,141,g_a,dpu,1091.67,1098.93
0,141,g_a,dpu,1098.93,1104.04
0,141,g_a_cpu,cpu,1104.05,1104.39
0,141,h_a,dpu,1104.39,1111.17
0,141,eb_enc,cpu,1111.17,1111.35
0,141,eb_dec,cpu,1111.35,1111.49
0,141,h_s,dpu,1111.49,1119.13
0,141,gc,cpu,1119.13,1129.73
0,148,normalize,cpu,1130.41,1134.19
0,148,g_a_cpu,cpu,1134.19,1134.54
0,148,g_a,dpu,1134.58,1140.22
0,148,g_a,dpu,1140.22,1145.28
0,148,g_a_cpu,cpu,1145.28,1145.86
0,148,h_a,dpu,1145.86,1149.43
0,148,eb_enc,cpu,1149.43,1149.59
0,148,eb_dec,cpu,1149.59,1149.73
0,148,h_s,dpu,1149.73,1151.25
0,148,gc,cpu,1151.25,1167.45
0,152,normalize,cpu,1168.17,1173.36
0,152,g_a_cpu,cpu,1173.36,1173.74
0,152,g_a,dpu,1173.74,1188.16
0,152,g_a,dpu,1188.16,1193.64
0,152,g_a_cpu,cpu,1193.64,1194.4
0,152,h_a,dpu,1194.4,1202.15
0,152,eb_enc,cpu,1202.15,1202.29
0,152,eb_dec,cpu,1202.29,1202.41
0,152,h_s,dpu,1202.41,1207.98
0,152,gc,cpu,1207.98,1218.57
0,161,normalize,cpu,1219.18,1222.87
0,161,g_a_cpu,cpu,1222.88,1223.33
0,161,g_a,dpu,1223.33,1228.72
0,161,g_a,dpu,1228.72,1238.87
0,161,g_a_cpu,cpu,1238.87,1239.43
0,161,h_a,dpu,1239.43,1256.72
0,161,eb_enc,cpu,1256.72,1256.88
0,161,eb_dec,cpu,1256.88,1257.03
0,161,h_s,dpu,1257.03,1262.76
0,161,gc,cpu,1262.76,1272.83
0,169,normalize,cpu,1273.59,1278.02
0,169,g_a_cpu,cpu,1278.03,1278.68
0,169,g_a,dpu,1278.68,1290.1
0,169,g_a,dpu,1290.1,1300.29
0,169,g_a_cpu,cpu,1300.29,1300.68
0,169,h_a,dpu,1300.69,1318.76
0,169,eb_enc,cpu,1318.77,1318.91
0,169,eb_dec,cpu,1318.91,1319.04
0,169,h_s,dpu,1319.04,1325.34
0,169,gc,cpu,1325.34,1340.93
0,177,normalize,cpu,1341.56,1350.83
0,177,g_a_cpu,cpu,1350.84,1353.36
0,177,g_a,dpu,1353.37,1364.35
0,177,g_a,dpu,1364.35,1369.96
0,177,g_a_cpu,cpu,1369.96,1370.32
0,177,h_a,dpu,1370.32,1374.38
0,177,eb_enc,cpu,1374.38,1374.55
0,177,eb_dec,cpu,1374.55,1374.7
0,177,h_s,dpu,1374.7,1391.42
0,177,gc,cpu,1391.42,1403.1
0,186,normalize,cpu,1403.76,1407.64
0,186,g_a_cpu,cpu,1407.64,1408.01
0,186,g_a,dpu,1408.01,1413.83
0,186,g_a,dpu,1413.83,1420.83
0,186,g_a_cpu,cpu,1420.84,1421.41
0,186,h_a,dpu,1421.41,1430.58
0,186,eb_enc,cpu,1430.58,1430.76
0,186,eb_dec,cpu,1430.76,1430.89
0,186,h_s,dpu,1430.89,1438.91
0,186,gc,cpu,1438.91,1449.39
0,192,normalize,cpu,1450.45,1454.31
0,192,g_a_cpu,cpu,1454.31,1454.74
0,192,g_a,dpu,1454.74,1467.33
0,192,g_a,dpu,1467.33,1487.59
0,192,g_a_cpu,cpu,1487.59,1488
0,192,h_a,dpu,1488,1495.53
0,192,eb_enc,cpu,1495.53,1495.73
0,192,eb_dec,cpu,1495.73,1495.87
0,192,h_s,dpu,1495.87,1506.13
0,192,gc,cpu,1506.13,1516.38
0,201,normalize,cpu,1516.97,1520.74
0,201,g_a_cpu,cpu,1520.74,1521.36
0,201,g_a,dpu,1521.37,1526.59
0,201,g_a,dpu,1526.59,1532.92
0,201,g_a_cpu,cpu,1532.93,1533.61
0,201,h_a,dpu,1533.61,1544.1
0,201,eb_enc,cpu,1544.1,1544.25
0,201,eb_dec,cpu,1544.27,1544.4
0,201,h_s,dpu,1544.4,1551.83
0,201,gc,cpu,1551.83,1562.53
0,209,normalize,cpu,1563.71,1567.36
0,209,g_a_cpu,cpu,1567.36,1567.7
0,209,g_a,dpu,1567.7,1573.52
0,209,g_a,dpu,1573.52,1581.76
0,209,g_a_cpu,cpu,1581.77,1592.22
0,209,h_a,dpu,1592.23,1601.77
0,209,eb_enc,cpu,1601.77,1601.93
0,209,eb_dec,cpu,1601.93,1602.08
0,209,h_s,dpu,1602.08,1613.82
0,209,gc,cpu,1613.82,1624.27
0,218,normalize,cpu,1625.08,1641.04
0,218,g_a_cpu,cpu,1641.04,1641.38
0,218,g_a,dpu,1641.39,1646.85
0,218,g_a,dpu,1646.85,1674.18
0,218,g_a_cpu,cpu,1674.18,1674.61
0,218,h_a,dpu,1674.62,1677.68
0,218,eb_enc,cpu,1677.68,1677.81
0,218,eb_dec,cpu,1677.81,1677.94
0,218,h_s,dpu,1677.94,1689.07
0,218,gc,cpu,1689.07,1699.04
0,226,normalize,cpu,1699.6,1709.71
0,226,g_a_cpu,cpu,1709.71,1710.1
0,226,g_a,dpu,1710.11,1721.25
0,226,g_a,dpu,1721.26,1732.78
0,226,g_a_cpu,cpu,1732.78,1733.34
0,226,h_a,dpu,1733.35,1744.73
0,226,eb_enc,cpu,1744.73,1744.92
0,226,eb_dec,cpu,1744.92,1745.06
0,226,h_s,dpu,1745.06,1764.25
0,226,gc,cpu,1764.25,1774.38
0,236,normalize,cpu,1775.05,1785.5
0,236,g_a_cpu,cpu,1785.5,1785.91
0,236,g_a,dpu,1785.92,1791.62
0,236,g_a,dpu,1791.63,1800.61
0,236,g_a_cpu,cpu,1800.61,1801.34
0,236,h_a,dpu,1801.35,1806.35
0,236,eb_enc,cpu,1806.36,1806.51
0,236,eb_dec,cpu,1806.51,1806.65
0,236,h_s,dpu,1806.65,1820.97
0,236,gc,cpu,1820.97,1831.46
0,244,normalize,cpu,1832.26,1835.88
0,244,g_a_cpu,cpu,1835.88,1836.3
0,244,g_a,dpu,1836.3,1841.38
0,244,g_a,dpu,1841.38,1846.52
0,244,g_a_cpu,cpu,1846.52,1847
0,244,h_a,dpu,1847,1850.69
0,244,eb_enc,cpu,1850.69,1850.84
0,244,eb_dec,cpu,1850.84,1850.97
0,244,h_s,dpu,1850.97,1881.41
0,244,gc,cpu,1881.42,1891.7
0,253,normalize,cpu,1892.43,1896.06
0,253,g_a_cpu,cpu,1896.07,1896.36
0,253,g_a,dpu,1896.37,1901.51
0,253,g_a,dpu,1901.51,1918.57
0,253,g_a_cpu,cpu,1918.58,1919.11
0,253,h_a,dpu,1919.11,1925.77
0,253,eb_enc,cpu,1925.77,1925.9
0,253,eb_dec,cpu,1925.9,1926.03
0,253,h_s,dpu,1926.03,1933.42
0,253,gc,cpu,1933.42,1943.99
0,262,normalize,cpu,1944.57,1948.42
0,262,g_a_cpu,cpu,1948.43,1948.81
0,262,g_a,dpu,1948.81,1956.28
0,262,g_a,dpu,1956.28,1961.34
0,262,g_a_cpu,cpu,1961.34,1961.95
0,262,h_a,dpu,1961.95,1974.28
0,262,eb_enc,cpu,1974.28,1974.44
0,262,eb_dec,cpu,1974.44,1974.58
0,262,h_s,dpu,1974.58,1976.66
0,262,gc,cpu,1976.66,1986.89
0,267,normalize,cpu,1987.46,1991.21
0,267,g_a_cpu,cpu,1991.21,1992.01
0,267,g_a,dpu,1992.02,2010.48
0,267,g_a,dpu,2010.48,2015.49
0,267,g_a_cpu,cpu,2015.49,2015.9
0,267,h_a,dpu,2015.91,2025.86
0,267,eb_enc,cpu,2025.86,2026
0,267,eb_dec,cpu,2026,2026.13
0,267,h_s,dpu,2026.13,2040.81
0,267,gc,cpu,2040.82,2056.35
0,277,normalize,cpu,2056.94,2061.59
0,277,g_a_cpu,cpu,2061.6,2062.01
0,277,g_a,dpu,2062.01,2077.42
0,277,g_a,dpu,2077.42,2089.61
0,277,g_a_cpu,cpu,2089.61,2090.14
0,277,h_a,dpu,2090.15,2110.9
0,277,eb_enc,cpu,2110.91,2111.04
0,277,eb_dec,cpu,2111.04,2111.17
0,277,h_s,dpu,2111.17,2115.09
0,277,gc,cpu,2115.09,2125.52
0,286,normalize,cpu,2126.32,2130.24
0,286,g_a_cpu,cpu,2130.25,2130.86
0,286,g_a,dpu,2130.86,2141.94
0,286,g_a,dpu,2141.94,2147.16
0,286,g_a_cpu,cpu,2147.17,2147.82
0,286,h_a,dpu,2147.82,2151.19
0,286,eb_enc,cpu,2151.19,2151.33
0,286,eb_dec,cpu,2151.33,2151.46
0,286,h_s,dpu,2151.47,2161.6
0,286,gc,cpu,2161.6,2173.22
0,294,normalize,cpu,2173.95,2177.89
0,294,g_a_cpu,cpu,2177.89,2178.44
0,294,g_a,dpu,2178.44,2198.87
0,294,g_a,dpu,2198.88,2232.66
0,294,g_a_cpu,cpu,2232.66,2233.04
0,294,h_a,dpu,2233.04,2237.05
0,294,eb_enc,cpu,2237.05,2237.19
0,294,eb_dec,cpu,2237.19,2237.33
0,294,h_s,dpu,2237.33,2255.49
0,294,gc,cpu,2255.49,2266.16
0,305,normalize,cpu,2267.22,2270.9
0,305,g_a_cpu,cpu,2270.91,2271.42
0,305,g_a,dpu,2271.43,2281.64
0,305,g_a,dpu,2281.64,2288.59
0,305,g_a_cpu,cpu,2288.59,2288.96
0,305,h_a,dpu,2288.96,2292.41
0,305,eb_enc,cpu,2292.41,2292.56
0,305,eb_dec,cpu,2292.56,2292.7
0,305,h_s,dpu,2292.7,2295.78
0,305,gc,cpu,2295.78,2306.31
0,312,normalize,cpu,2306.99,2310.76
0,312,g_a_cpu,cpu,2310.77,2311.53
0,312,g_a,dpu,2311.53,2317.89
0,312,g_a,dpu,2317.89,2332.46
0,312,g_a_cpu,cpu,2332.46,2333.04
0,312,h_a,dpu,2333.04,2337.67
0,312,eb_enc,cpu,2337.67,2337.8
0,312,eb_dec,cpu,2337.8,2337.93
0,312,h_s,dpu,2337.93,2345.41
0,312,gc,cpu,2345.42,2355.4
0,320,normalize,cpu,2357.78,2361.5
0,320,g_a_cpu,cpu,2361.51,2362.38
0,320,g_a,dpu,2362.38,2367.42
0,320,g_a,dpu,2367.43,2378.58
0,320,g_a_cpu,cpu,2378.58,2378.98
0,320,h_a,dpu,2378.98,2393.26
0,320,eb_enc,cpu,2393.26,2393.41
0,320,eb_dec,cpu,2393.41,2393.55
0,320,h_s,dpu,2393.55,2402.98
0,320,gc,cpu,2402.98,2413.39
0,329,normalize,cpu,2414.07,2417.97
0,329,g_a_cpu,cpu,2417.97,2418.38
0,329,g_a,dpu,2418.38,2426.08
0,329,g_a,dpu,2426.08,2444.28
0,329,g_a_cpu,cpu,2444.28,2444.92
0,329,h_a,dpu,2444.92,2448.72
0,329,eb_enc,cpu,2448.72,2448.95
0,329,eb_dec,cpu,2448.95,2449.11
0,329,h_s,dpu,2449.11,2453.69
0,329,gc,cpu,2453.69,2464.24
0,335,normalize,cpu,2464.97,2468.7
0,335,g_a_cpu,cpu,2468.71,2469.07
0,335,g_a,dpu,2469.07,2475.52
0,335,g_a,dpu,2475.52,2480.69
0,335,g_a_cpu,cpu,2480.69,2481.45
0,335,h_a,dpu,2481.45,2484.25
0,335,eb_enc,cpu,2484.25,2484.39
0,335,eb_dec,cpu,2484.39,2484.52
0,335,h_s,dpu,2484.52,2493.44
0,335,gc,cpu,2493.44,2512.88
0,343,normalize,cpu,2514.75,2518.45
0,343,g_a_cpu,cpu,2518.45,2518.93
0,343,g_a,dpu,2518.94,2524.81
0,343,g_a,dpu,2524.81,2529.9
0,343,g_a_cpu,cpu,2529.91,2530.26
0,343,h_a,dpu,2530.26,2547.93
0,343,eb_enc,cpu,2547.93,2548.17
0,343,eb_dec,cpu,2548.17,2548.37
0,343,h_s,dpu,2548.37,2564
0,343,gc,cpu,2564,2575.15
0,351,normalize,cpu,2575.83,2579.6
0,351,g_a_cpu,cpu,2579.6,2580.19
0,351,g_a,dpu,2580.2,2590.53
0,351,g_a,dpu,2590.54,2596.3
0,351,g_a_cpu,cpu,2596.3,2596.82
0,351,h_a,dpu,2596.83,2610.94
0,351,eb_enc,cpu,2610.94,2611.15
0,351,eb_dec,cpu,2611.15,2611.29
0,351,h_s,dpu,2611.29,2612.48
0,351,gc,cpu,2612.48,2622.69
0,357,normalize,cpu,2623.55,2632.07
0,357,g_a_cpu,cpu,2632.07,2632.57
0,357,g_a,dpu,2632.57,2641.78
0,357,g_a,dpu,2641.78,2647.48
0,357,g_a_cpu,cpu,2647.48,2648.32
0,357,h_a,dpu,2648.32,2654.88
0,357,eb_enc,cpu,2654.88,2655.04
0,357,eb_dec,cpu,2655.04,2655.18
0,357,h_s,dpu,2655.18,2656.41
0,357,gc,cpu,2656.41,2676.43
0,365,normalize,cpu,2676.93,2685.28
0,365,g_a_cpu,cpu,2685.28,2685.7
0,365,g_a,dpu,2685.7,2692.78
0,365,g_a,dpu,2692.79,2697.94
0,365,g_a_cpu,cpu,2697.95,2698.31
0,365,h_a,dpu,2698.31,2701.7
0,365,eb_enc,cpu,2701.7,2701.85
0,365,eb_dec,cpu,2701.85,2701.99
0,365,h_s,dpu,2701.99,2723.38
0,365,gc,cpu,2723.38,2741.31
0,373,normalize,cpu,2742.62,2746.4
0,373,g_a_cpu,cpu,2746.41,2748.19
0,373,g_a,dpu,2748.2,2760.74
0,373,g_a,dpu,2760.74,2775.04
0,373,g_a_cpu,cpu,2775.05,2775.5
0,373,h_a,dpu,2775.5,2778.65
0,373,eb_enc,cpu,2778.65,2778.82
0,373,eb_dec,cpu,2778.82,2778.94
0,373,h_s,dpu,2778.94,2797.6
0,373,gc,cpu,2797.6,2807.91
0,383,normalize,cpu,2809.08,2812.88
0,383,g_a_cpu,cpu,2812.88,2813.3
0,383,g_a,dpu,2813.3,2818.68
0,383,g_a,dpu,2818.68,2824.16
0,383,g_a_cpu,cpu,2824.17,2824.68
0,383,h_a,dpu,2824.69,2829.01
0,383,eb_enc,cpu,2829.01,2829.18
0,383,eb_dec,cpu,2829.18,2829.33
0,383,h_s,dpu,2829.33,2834.31
0,383,gc,cpu,2834.32,2844.79
0,389,normalize,cpu,2845.26,2848.99
0,389,g_a_cpu,cpu,2849,2849.77
0,389,g_a,dpu,2849.77,2855.23
0,389,g_a,dpu,2855.23,2860.24
0,389,g_a_cpu,cpu,2860.24,2860.6
0,389,h_a,dpu,2860.6,2867.11
0,389,eb_enc,cpu,2867.11,2867.33
0,389,eb_dec,cpu,2867.33,2867.49
0,389,h_s,dpu,2867.49,2872.26
0,389,gc,cpu,2872.27,2888.29
0,395,normalize,cpu,2888.8,2904.21
0,395,g_a_cpu,cpu,2904.22,2904.92
0,395,g_a,dpu,2904.93,2913.93
0,395,g_a,dpu,2913.93,2924.34
0,395,g_a_cpu,cpu,2924.34,2924.84
0,395,h_a,dpu,2924.84,2931.84
0,395,eb_enc,cpu,2931.84,2932.06
0,395,eb_dec,cpu,2932.06,2932.22
0,395,h_s,dpu,2932.22,2933.77
0,395,gc,cpu,2933.77,2954.5
0,405,normalize,cpu,2955.59,2960.62
0,405,g_a_cpu,cpu,2960.62,2961.51
0,405,g_a,dpu,2961.51,2967.36
0,405,g_a,dpu,2967.36,2974.49
0,405,g_a_cpu,cpu,2974.49,2975.21
0,405,h_a,dpu,2975.21,3007.92
0,405,eb_enc,cpu,3007.92,3008.08
0,405,eb_dec,cpu,3008.08,3008.2
0,405,h_s,dpu,3008.2,3009.44
0,405,gc,cpu,3009.44,3019.34
0,414,normalize,cpu,3019.83,3028.44
0,414,g_a_cpu,cpu,3028.44,3028.79
0,414,g_a,dpu,3028.79,3039.64
0,414,g_a,dpu,3039.7,3047.04
0,414,g_a_cpu,cpu,3047.04,3047.55
0,414,h_a,dpu,3047.55,3050.97
0,414,eb_enc,cpu,3050.97,3051.12
0,414,eb_dec,cpu,3051.12,3051.25
0,414,h_s,dpu,3051.25,3056.19
0,414,gc,cpu,3056.19,3070.81
0,421,normalize,cpu,3071.36,3075.17
0,421,g_a_cpu,cpu,3075.18,3075.47
0,421,g_a,dpu,3075.47,3080.77
0,421,g_a,dpu,3080.77,3095.83
0,421,g_a_cpu,cpu,3095.83,3096.4
0,421,h_a,dpu,3096.4,3104.54
0,421,eb_enc,cpu,3104.54,3104.69
0,421,eb_dec,cpu,3104.69,3104.82
0,421,h_s,dpu,3104.82,3111.33
0,421,gc,cpu,3111.33,3121.76
0,427,normalize,cpu,3122.38,3126.19
0,427,g_a_cpu,cpu,3126.2,3126.67
0,427,g_a,dpu,3126.68,3132.04
0,427,g_a,dpu,3132.05,3142.88
0,427,g_a_cpu,cpu,3142.88,3143.31
0,427,h_a,dpu,3143.31,3149.75
0,427,eb_enc,cpu,3149.75,3149.91
0,427,eb_dec,cpu,3149.91,3150.05
0,427,h_s,dpu,3150.05,3158.58
0,427,gc,cpu,3158.58,3169.4
0,435,normalize,cpu,3169.96,3173.74
0,435,g_a_cpu,cpu,3173.74,3174.38
0,435,g_a,dpu,3174.39,3180.04
0,435,g_a,dpu,3180.05,3190.04
0,435,g_a_cpu,cpu,3190.04,3190.56
0,435,h_a,dpu,3190.57,3194.41
0,435,eb_enc,cpu,3194.41,3194.58
0,435,eb_dec,cpu,3194.58,3194.71
0,435,h_s,dpu,3194.71,3213.38
0,435,gc,cpu,3213.38,3227.68
0,444,normalize,cpu,3228.82,3232.55
0,444,g_a_cpu,cpu,3232.55,3233.24
0,444,g_a,dpu,3233.25,3251.83
0,444,g_a,dpu,3251.83,3257.38
0,444,g_a_cpu,cpu,3257.38,3258.1
0,444,h_a,dpu,3258.11,3265.24
0,444,eb_enc,cpu,3265.24,3265.48
0,444,eb_dec,cpu,3265.48,3265.64
0,444,h_s,dpu,3265.64,3266.83
0,444,gc,cpu,3266.83,3289.81
0,452,normalize,cpu,3290.53,3294.36
0,452,g_a_cpu,cpu,3294.37,3294.76
0,452,g_a,dpu,3294.77,3304.47
0,452,g_a,dpu,3304.48,3309.56
0,452,g_a_cpu,cpu,3309.56,3309.95
0,452,h_a,dpu,3309.95,3319.11
0,452,eb_enc,cpu,3319.11,3319.38
0,452,eb_dec,cpu,3319.38,3319.55
0,452,h_s,dpu,3319.55,3328.58
0,452,gc,cpu,3328.58,3339.43
0,460,normalize,cpu,3340.43,3344.18
0,460,g_a_cpu,cpu,3344.18,3344.58
0,460,g_a,dpu,3344.58,3349.67
0,460,g_a,dpu,3349.67,3354.78
0,460,g_a_cpu,cpu,3354.79,3355.3
0,460,h_a,dpu,3355.31,3358.86
0,460,eb_enc,cpu,3358.86,3359.05
0,460,eb_dec,cpu,3359.05,3359.2
0,460,h_s,dpu,3359.2,3360.36
0,460,gc,cpu,3360.36,3392.69
0,468,normalize,cpu,3393.64,3397.4
0,468,g_a_cpu,cpu,3397.41,3398.07
0,468,g_a,dpu,3398.08,3403.69
0,468,g_a,dpu,3403.69,3420.36
0,468,g_a_cpu,cpu,3420.37,3420.88
0,468,h_a,dpu,3420.88,3425.04
0,468,eb_enc,cpu,3425.04,3425.18
0,468,eb_dec,cpu,3425.18,3425.31
0,468,h_s,dpu,3425.31,3433.19
0,468,gc,cpu,3433.19,3448.76
0,476,normalize,cpu,3454.28,3459.18
0,476,g_a_cpu,cpu,3459.19,3459.77
0,476,g_a,dpu,3459.78,3474.89
0,476,g_a,dpu,3474.9,3497.09
0,476,g_a_cpu,cpu,3497.09,3497.53
0,476,h_a,dpu,3497.54,3507.45
0,476,eb_enc,cpu,3507.45,3507.64
0,476,eb_dec,cpu,3507.64,3507.79
0,476,h_s,dpu,3507.79,3509.14
0,476,gc,cpu,3509.14,3519.46
0,485,normalize,cpu,3520.51,3524.15
0,485,g_a_cpu,cpu,3524.15,3524.49
0,485,g_a,dpu,3524.49,3529.63
0,485,g_a,dpu,3529.63,3535.19
0,485,g_a_cpu,cpu,3535.19,3535.77
0,485,h_a,dpu,3535.77,3546.44
0,485,eb_enc,cpu,3546.44,3546.61
0,485,eb_dec,cpu,3546.61,3546.78
0,485,h_s,dpu,3546.78,3554.94
0,485,gc,cpu,3554.94,3565.9
0,491,normalize,cpu,3566.54,3570.3
0,491,g_a_cpu,cpu,3570.3,3572.24
0,491,g_a,dpu,3572.25,3577.54
0,491,g_a,dpu,3577.54,3594.18
0,491,g_a_cpu,cpu,3594.18,3594.51
0,491,h_a,dpu,3594.52,3597.51
0,491,eb_enc,cpu,3597.51,3597.65
0,491,eb_dec,cpu,3597.65,3597.78
0,491,h_s,dpu,3597.78,3607.85
0,491,gc,cpu,3607.85,3619.05
0,499,normalize,cpu,3619.63,3623.32
0,499,g_a_cpu,cpu,3623.33,3624.01
0,499,g_a,dpu,3624.01,3638.53
0,499,g_a,dpu,3638.54,3651.86
0,499,g_a_cpu,cpu,3651.86,3652.37
0,499,h_a,dpu,3652.37,3660.07
0,499,eb_enc,cpu,3660.07,3660.25
0,499,eb_dec,cpu,3660.25,3660.39
0,499,h_s,dpu,3660.39,3675.52
0,499,gc,cpu,3675.52,3685.76
0,508,normalize,cpu,3686.28,3690.88
0,508,g_a_cpu,cpu,3690.89,3691.45
0,508,g_a,dpu,3691.45,3696.53
0,508,g_a,dpu,3696.54,3701.7
0,508,g_a_cpu,cpu,3701.7,3702.12
0,508,h_a,dpu,3702.12,3728.54
0,508,eb_enc,cpu,3728.54,3728.67
0,508,eb_dec,cpu,3728.67,3728.8
0,508,h_s,dpu,3728.8,3738.31
0,508,gc,cpu,3738.31,3748.13
0,518,normalize,cpu,3748.64,3752.41
0,518,g_a_cpu,cpu,3752.41,3752.88
0,518,g_a,dpu,3752.89,3765.9
0,518,g_a,dpu,3765.9,3778.34
0,518,g_a_cpu,cpu,3778.35,3779.18
0,518,h_a,dpu,3779.19,3796.22
0,518,eb_enc,cpu,3796.22,3796.38
0,518,eb_dec,cpu,3796.38,3796.52
0,518,h_s,dpu,3796.52,3798.37
0,518,gc,cpu,3798.37,3809.09
0,524,normalize,cpu,3810.38,3814.11
0,524,g_a_cpu,cpu,3814.12,3814.6
0,524,g_a,dpu,3814.6,3836.21
0,524,g_a,dpu,3836.21,3857.81
0,524,g_a_cpu,cpu,3857.81,3858.28
0,524,h_a,dpu,3858.28,3861.47
0,524,eb_enc,cpu,3861.47,3861.6
0,524,eb_dec,cpu,3861.6,3861.73
0,524,h_s,dpu,3861.73,3873.67
0,524,gc,cpu,3873.67,3884.14
0,534,normalize,cpu,3884.74,3888.5
0,534,g_a_cpu,cpu,3888.5,3888.87
0,534,g_a,dpu,3888.88,3896.43
0,534,g_a,dpu,3896.43,3901.87
0,534,g_a_cpu,cpu,3901.87,3902.34
0,534,h_a,dpu,3902.34,3920.97
0,534,eb_enc,cpu,3920.98,3921.13
0,534,eb_dec,cpu,3921.14,3921.27
0,534,h_s,dpu,3921.27,3922.52
0,534,gc,cpu,3922.52,3932.68
0,541,normalize,cpu,3933.18,3936.96
0,541,g_a_cpu,cpu,3936.96,3937.34
0,541,g_a,dpu,3937.34,3942.52
0,541,g_a,dpu,3942.53,3947.74
0,541,g_a_cpu,cpu,3947.74,3948.27
0,541,h_a,dpu,3948.28,3953.01
0,541,eb_enc,cpu,3953.01,3953.15
0,541,eb_dec,cpu,3953.15,3953.29
0,541,h_s,dpu,3953.29,3955.11
0,541,gc,cpu,3955.11,3965.72
0,546,normalize,cpu,3967.74,3971.46
0,546,g_a_cpu,cpu,3971.47,3971.87
0,546,g_a,dpu,3971.87,3977.36
0,546,g_a,dpu,3977.36,4000.83
0,546,g_a_cpu,cpu,4000.83,4001.27
0,546,h_a,dpu,4001.27,4011.81
0,546,eb_enc,cpu,4011.81,4011.98
0,546,eb_dec,cpu,4011.98,4012.11
0,546,h_s,dpu,4012.11,4016.26
0,546,gc,cpu,4016.26,4026.57
0,556,normalize,cpu,4027.06,4030.81
0,556,g_a_cpu,cpu,4030.81,4031.17
0,556,g_a,dpu,4031.18,4040.42
0,556,g_a,dpu,4040.42,4046.41
0,556,g_a_cpu,cpu,4046.42,4046.87
0,556,h_a,dpu,4046.87,4050.87
0,556,eb_enc,cpu,4050.87,4051.01
0,556,eb_dec,cpu,4051.01,4051.14
0,556,h_s,dpu,4051.14,4052.44
0,556,gc,cpu,4052.44,4063.21
0,561,normalize,cpu,4063.73,4067.52
0,561,g_a_cpu,cpu,4067.53,4067.89
0,561,g_a,dpu,4067.89,4073.24
0,561,g_a,dpu,4073.24,4086.62
0,561,g_a_cpu,cpu,4086.62,4087.13
0,561,h_a,dpu,4087.13,4090.72
0,561,eb_enc,cpu,4090.72,4090.86
0,561,eb_dec,cpu,4090.86,4091.01
0,561,h_s,dpu,4091.01,4100.74
0,561,gc,cpu,4100.74,4112.87
0,569,normalize,cpu,4113.41,4119.21
0,569,g_a_cpu,cpu,4119.22,4119.67
0,569,g_a,dpu,4119.68,4124.94
0,569,g_a,dpu,4124.94,4132.6
0,569,g_a_cpu,cpu,4132.6,4133.08
0,569,h_a,dpu,4133.08,4137.4
0,569,eb_enc,cpu,4137.4,4137.56
0,569,eb_dec,cpu,4137.56,4137.7
0,569,h_s,dpu,4137.7,4155.32
0,569,gc,cpu,4155.32,4165.69
0,577,normalize,cpu,4166.29,4170.04
0,577,g_a_cpu,cpu,4170.04,4170.39
0,577,g_a,dpu,4170.39,4175.48
0,577,g_a,dpu,4175.48,4180.62
0,577,g_a_cpu,cpu,4180.62,4181.01
0,577,h_a,dpu,4181.01,4184.1
0,577,eb_enc,cpu,4184.1,4184.25
0,577,eb_dec,cpu,4184.25,4184.39
0,577,h_s,dpu,4184.39,4191.94
0,577,gc,cpu,4191.94,4220.13
0,584,normalize,cpu,4221.23,4225.24
0,584,g_a_cpu,cpu,4225.25,4225.91
0,584,g_a,dpu,4225.92,4235.59
0,584,g_a,dpu,4235.6,4241.53
0,584,g_a_cpu,cpu,4241.54,4242
0,584,h_a,dpu,4242,4247.55
0,584,eb_enc,cpu,4247.55,4247.75
0,584,eb_dec,cpu,4247.76,4248
0,584,h_s,dpu,4248,4261.97
0,584,gc,cpu,4261.98,4274.73
0,591,normalize,cpu,4275.19,4278.88
0,591,g_a_cpu,cpu,4278.88,4279.31
0,591,g_a,dpu,4279.32,4289.22
0,591,g_a,dpu,4289.23,4301.07
0,591,g_a_cpu,cpu,4301.08,4301.62
0,591,h_a,dpu,4301.63,4311.12
0,591,eb_enc,cpu,4311.13,4311.27
0,591,eb_dec,cpu,4311.27,4311.4
0,591,h_s,dpu,4311.4,4313.96
0,591,gc,cpu,4313.96,4326.63
0,598,normalize,cpu,4327.12,4330.88
0,598,g_a_cpu,cpu,4330.89,4331.2
0,598,g_a,dpu,4331.21,4358.01
0,598,g_a,dpu,4358.01,4374.03
0,598,g_a_cpu,cpu,4374.03,4374.54
0,598,h_a,dpu,4374.54,4383.41
0,598,eb_enc,cpu,4383.41,4383.61
0,598,eb_dec,cpu,4383.62,4383.79
0,598,h_s,dpu,4383.79,4385.99
0,598,gc,cpu,4385.99,4396.22
0,608,normalize,cpu,4397.15,4400.82
0,608,g_a_cpu,cpu,4400.82,4401.31
0,608,g_a,dpu,4401.31,4412.74
0,608,g_a,dpu,4412.74,4432.18
0,608,g_a_cpu,cpu,4432.18,4432.58
0,608,h_a,dpu,4432.59,4436.43
0,608,eb_enc,cpu,4436.43,4436.6
0,608,eb_dec,cpu,4436.6,4436.74
0,608,h_s,dpu,4436.74,4438.64
0,608,gc,cpu,4438.64,4449.76
0,616,normalize,cpu,4450.52,4457.72
0,616,g_a_cpu,cpu,4457.72,4458.1
0,616,g_a,dpu,4458.11,4475.87
0,616,g_a,dpu,4475.87,4480.99
0,616,g_a_cpu,cpu,4480.99,4481.4
0,616,h_a,dpu,4481.4,4492.83
0,616,eb_enc,cpu,4492.84,4493.04
0,616,eb_dec,cpu,4493.04,4493.19
0,616,h_s,dpu,4493.19,4501.01
0,616,gc,cpu,4501.01,4511.39
0,625,normalize,cpu,4512.01,4515.67
0,625,g_a_cpu,cpu,4515.67,4516.14
0,625,g_a,dpu,4516.14,4523.99
0,625,g_a,dpu,4523.99,4531.76
0,625,g_a_cpu,cpu,4531.76,4532.15
0,625,h_a,dpu,4532.15,4544.65
0,625,eb_enc,cpu,4544.65,4544.9
0,625,eb_dec,cpu,4544.9,4545.08
0,625,h_s,dpu,4545.08,4555.09
0,625,gc,cpu,4555.09,4565.41
0,633,normalize,cpu,4566.53,4570.24
0,633,g_a_cpu,cpu,4570.24,4570.89
0,633,g_a,dpu,4570.89,4580.66
0,633,g_a,dpu,4580.66,4585.72
0,633,g_a_cpu,cpu,4585.72,4586.07
0,633,h_a,dpu,4586.07,4591.42
0,633,eb_enc,cpu,4591.42,4591.58
0,633,eb_dec,cpu,4591.58,4591.72
0,633,h_s,dpu,4591.72,4612.63
0,633,gc,cpu,4612.63,4623.33
0,641,normalize,cpu,4627.66,4631.38
0,641,g_a_cpu,cpu,4631.39,4631.8
0,641,g_a,dpu,4631.8,4661.02
0,641,g_a,dpu,4661.02,4670.79
0,641,g_a_cpu,cpu,4670.79,4671.22
0,641,h_a,dpu,4671.22,4688.09
0,641,eb_enc,cpu,4688.09,4688.25
0,641,eb_dec,cpu,4688.25,4688.41
0,641,h_s,dpu,4688.41,4701.17
0,641,gc,cpu,4701.17,4711.61
0,653,normalize,cpu,4712.21,4716.01
0,653,g_a_cpu,cpu,4716.01,4716.4
0,653,g_a,dpu,4716.4,4721.63
0,653,g_a,dpu,4721.63,4726.76
0,653,g_a_cpu,cpu,4726.76,4727.22
0,653,h_a,dpu,4727.23,4739.5
0,653,eb_enc,cpu,4739.5,4739.63
0,653,eb_dec,cpu,4739.63,4739.85
0,653,h_s,dpu,4739.85,4742.47
0,653,gc,cpu,4742.47,4760.23
0,660,normalize,cpu,4760.82,4765.43
0,660,g_a_cpu,cpu,4765.44,4765.85
0,660,g_a,dpu,4765.85,4771.3
0,660,g_a,dpu,4771.31,4789.48
0,660,g_a_cpu,cpu,4789.48,4790.1
0,660,h_a,dpu,4790.11,4796.93
0,660,eb_enc,cpu,4796.93,4797.12
0,660,eb_dec,cpu,4797.12,4797.27
0,660,h_s,dpu,4797.27,4803.76
0,660,gc,cpu,4803.76,4813.89
0,668,normalize,cpu,4814.63,4818.47
0,668,g_a_cpu,cpu,4818.47,4818.77
0,668,g_a,dpu,4818.78,4823.86
0,668,g_a,dpu,4823.87,4833.99
0,668,g_a_cpu,cpu,4834,4834.5
0,668,h_a,dpu,4834.5,4848.06
0,668,eb_enc,cpu,4848.06,4848.2
0,668,eb_dec,cpu,4848.21,4848.34
0,668,h_s,dpu,4848.34,4849.62
0,668,gc,cpu,4849.62,4860.39
0,674,normalize,cpu,4861.31,4865.99
0,674,g_a_cpu,cpu,4866,4866.89
0,674,g_a,dpu,4866.9,4876.08
0,674,g_a,dpu,4876.08,4882.27
0,674,g_a_cpu,cpu,4882.27,4883.83
0,674,h_a,dpu,4883.84,4895.31
0,674,eb_enc,cpu,4895.32,4895.59
0,674,eb_dec,cpu,4895.59,4895.79
0,674,h_s,dpu,4895.79,4902.58
0,674,gc,cpu,4902.58,4912.93
0,683,normalize,cpu,4913.48,4917.16
0,683,g_a_cpu,cpu,4917.16,4917.54
0,683,g_a,dpu,4917.55,4927.15
0,683,g_a,dpu,4927.16,4932.5
0,683,g_a_cpu,cpu,4932.5,4932.97
0,683,h_a,dpu,4932.97,4951.73
0,683,eb_enc,cpu,4951.73,4951.92
0,683,eb_dec,cpu,4951.92,4952.11
0,683,h_s,dpu,4952.11,4980.3
0,683,gc,cpu,4980.3,5012.2
0,697,normalize,cpu,5013.28,5016.97
0,697,g_a_cpu,cpu,5016.97,5017.79
0,697,g_a,dpu,5017.8,5030.49
0,697,g_a,dpu,5030.5,5040.45
0,697,g_a_cpu,cpu,5040.46,5040.95
0,697,h_a,dpu,5040.95,5059.99
0,697,eb_enc,cpu,5059.99,5060.14
0,697,eb_dec,cpu,5060.14,5060.27
0,697,h_s,dpu,5060.27,5068.38
0,697,gc,cpu,5068.38,5078.45
0,705,normalize,cpu,5079.04,5082.79
0,705,g_a_cpu,cpu,5082.8,5083.12
0,705,g_a,dpu,5083.12,5088.27
0,705,g_a,dpu,5088.28,5102.23
0,705,g_a_cpu,cpu,5102.23,5102.69
0,705,h_a,dpu,5102.7,5105.84
0,705,eb_enc,cpu,5105.84,5105.97
0,705,eb_dec,cpu,5105.97,5106.1
0,705,h_s,dpu,5106.1,5125.49
0,705,gc,cpu,5125.49,5135.98
0,714,normalize,cpu,5136.85,5140.67
0,714,g_a_cpu,cpu,5140.67,5141.08
0,714,g_a,dpu,5141.09,5146.16
0,714,g_a,dpu,5146.16,5153.18
0,714,g_a_cpu,cpu,5153.18,5153.67
0,714,h_a,dpu,5153.67,5157.14
0,714,eb_enc,cpu,5157.14,5157.29
0,714,eb_dec,cpu,5157.29,5157.43
0,714,h_s,dpu,5157.43,5158.86
0,714,gc,cpu,5158.86,5171.72
0,718,normalize,cpu,5172.29,5175.93
0,718,g_a_cpu,cpu,5175.93,5176.39
0,718,g_a,dpu,5176.4,5181.6
0,718,g_a,dpu,5181.6,5186.79
0,718,g_a_cpu,cpu,5186.79,5187.12
0,718,h_a,dpu,5187.12,5193.6
0,718,eb_enc,cpu,5193.6,5193.9
0,718,eb_dec,cpu,5193.9,5195.03
0,718,h_s,dpu,5195.03,5200.8
0,718,gc,cpu,5200.8,5216.35
0,724,normalize,cpu,5216.91,5220.71
0,724,g_a_cpu,cpu,5220.71,5221.2
0,724,g_a,dpu,5221.21,5235.15
0,724,g_a,dpu,5235.15,5245.4
0,724,g_a_cpu,cpu,5245.4,5245.99
0,724,h_a,dpu,5246,5256.38
0,724,eb_enc,cpu,5256.38,5256.52
0,724,eb_dec,cpu,5256.52,5256.66
0,724,h_s,dpu,5256.66,5259.6
0,724,gc,cpu,5259.6,5273.6
0,732,normalize,cpu,5274.28,5278.81
0,732,g_a_cpu,cpu,5278.81,5279.14
0,732,g_a,dpu,5279.14,5285
0,732,g_a,dpu,5285,5304.68
0,732,g_a_cpu,cpu,5304.68,5305.14
0,732,h_a,dpu,5305.15,5309.51
0,732,eb_enc,cpu,5309.51,5309.65
0,732,eb_dec,cpu,5309.65,5309.77
0,732,h_s,dpu,5309.77,5311.76
0,732,gc,cpu,5311.76,5322.22
0,740,normalize,cpu,5323.11,5326.86
0,740,g_a_cpu,cpu,5326.87,5327.18
0,740,g_a,dpu,5327.19,5344.15
0,740,g_a,dpu,5344.16,5349.43
0,740,g_a_cpu,cpu,5349.43,5350.04
0,740,h_a,dpu,5350.05,5362.67
0,740,eb_enc,cpu,5362.67,5362.81
0,740,eb_dec,cpu,5362.81,5362.94
0,740,h_s,dpu,5362.94,5373.78
0,740,gc,cpu,5373.78,5384.17
0,748,normalize,cpu,5385.29,5389.09
0,748,g_a_cpu,cpu,5389.09,5389.42
0,748,g_a,dpu,5389.43,5394.89
0,748,g_a,dpu,5394.9,5404.15
0,748,g_a_cpu,cpu,5404.15,5404.75
0,748,h_a,dpu,5404.75,5414.82
0,748,eb_enc,cpu,5414.82,5415.06
0,748,eb_dec,cpu,5415.06,5415.22
0,748,h_s,dpu,5415.22,5421.53
0,748,gc,cpu,5421.53,5432.35
0,755,normalize,cpu,5433.39,5437.18
0,755,g_a_cpu,cpu,5437.19,5438.9
0,755,g_a,dpu,5438.9,5448.41
0,755,g_a,dpu,5448.41,5464.14
0,755,g_a_cpu,cpu,5464.15,5464.66
0,755,h_a,dpu,5464.66,5471.2
0,755,eb_enc,cpu,5471.2,5471.32
0,755,eb_dec,cpu,5471.32,5471.46
0,755,h_s,dpu,5471.46,5485.32
0,755,gc,cpu,5485.32,5495.97
0,763,normalize,cpu,5496.56,5500.31
0,763,g_a_cpu,cpu,5500.32,5500.72
0,763,g_a,dpu,5500.73,5507.33
0,763,g_a,dpu,5507.33,5512.63
0,763,g_a_cpu,cpu,5512.63,5513.09
0,763,h_a,dpu,5513.09,5516.37
0,763,eb_enc,cpu,5516.37,5516.52
0,763,eb_dec,cpu,5516.52,5516.66
0,763,h_s,dpu,5516.66,5518.45
0,763,gc,cpu,5518.46,5532.31
0,770,normalize,cpu,5532.82,5537.23
0,770,g_a_cpu,cpu,5537.23,5537.56
0,770,g_a,dpu,5537.57,5554.01
0,770,g_a,dpu,5554.01,5564.55
0,770,g_a_cpu,cpu,5564.55,5564.98
0,770,h_a,dpu,5564.98,5573.63
0,770,eb_enc,cpu,5573.63,5573.92
0,770,eb_dec,cpu,5573.93,5574.14
0,770,h_s,dpu,5574.14,5579.82
0,770,gc,cpu,5579.82,5590.34
0,778,normalize,cpu,5591.27,5595.07
0,778,g_a_cpu,cpu,5595.08,5595.49
0,778,g_a,dpu,5595.49,5607.69
0,778,g_a,dpu,5607.69,5617.16
0,778,g_a_cpu,cpu,5617.16,5617.58
0,778,h_a,dpu,5617.59,5621.89
0,778,eb_enc,cpu,5621.89,5622.03
0,778,eb_dec,cpu,5622.03,5622.16
0,778,h_s,dpu,5622.16,5627.6
0,778,gc,cpu,5627.61,5638.36
0,786,normalize,cpu,5638.9,5642.6
0,786,g_a_cpu,cpu,5642.61,5643.28
0,786,g_a,dpu,5643.28,5653.79
0,786,g_a,dpu,5653.79,5667.35
0,786,g_a_cpu,cpu,5667.36,5667.93
0,786,h_a,dpu,5667.94,5675.56
0,786,eb_enc,cpu,5675.56,5675.78
0,786,eb_dec,cpu,5675.78,5676
0,786,h_s,dpu,5676,5677.65
0,786,gc,cpu,5677.65,5695.2
0,793,normalize,cpu,5696.06,5700.83
0,793,g_a_cpu,cpu,5700.84,5701.33
0,793,g_a,dpu,5701.33,5709.8
0,793,g_a,dpu,5709.8,5721.1
0,793,g_a_cpu,cpu,5721.1,5721.51
0,793,h_a,dpu,5721.51,5726.05
0,793,eb_enc,cpu,5726.05,5726.19
0,793,eb_dec,cpu,5726.19,5726.32
0,793,h_s,dpu,5726.32,5735.37
0,793,gc,cpu,5735.37,5749.53
0,801,normalize,cpu,5750.16,5753.94
0,801,g_a_cpu,cpu,5753.94,5754.35
0,801,g_a,dpu,5754.36,5759.64
0,801,g_a,dpu,5759.64,5764.96
0,801,g_a_cpu,cpu,5764.96,5765.55
0,801,h_a,dpu,5765.55,5779.16
0,801,eb_enc,cpu,5779.16,5779.4
0,801,eb_dec,cpu,5779.4,5779.58
0,801,h_s,dpu,5779.58,5789.49
0,801,gc,cpu,5789.49,5801.36
0,809,normalize,cpu,5802.57,5806.33
0,809,g_a_cpu,cpu,5806.33,5806.71
0,809,g_a,dpu,5806.72,5820.83
0,809,g_a,dpu,5820.83,5826.86
0,809,g_a_cpu,cpu,5826.87,5828.49
0,809,h_a,dpu,5828.5,5842.83
0,809,eb_enc,cpu,5842.83,5843.21
0,809,eb_dec,cpu,5843.21,5843.39
0,809,h_s,dpu,5843.39,5855.49
0,809,gc,cpu,5855.49,5866.08
0,818,normalize,cpu,5866.65,5871.37
0,818,g_a_cpu,cpu,5871.38,5871.89
0,818,g_a,dpu,5871.9,5879.88
0,818,g_a,dpu,5879.88,5885.02
0,818,g_a_cpu,cpu,5885.02,5885.54
0,818,h_a,dpu,5885.61,5890.12
0,818,eb_enc,cpu,5890.12,5890.32
0,818,eb_dec,cpu,5890.32,5890.47
0,818,h_s,dpu,5890.47,5918.06
0,818,gc,cpu,5918.06,5929.82
0,829,normalize,cpu,5930.52,5934.23
0,829,g_a_cpu,cpu,5934.24,5934.6
0,829,g_a,dpu,5934.6,5941.31
0,829,g_a,dpu,5941.32,5968.42
0,829,g_a_cpu,cpu,5968.42,5968.96
0,829,h_a,dpu,5968.97,5999.7
0,829,eb_enc,cpu,5999.7,5999.88
0,829,eb_dec,cpu,5999.88,6000.06
0,829,h_s,dpu,6000.06,6001.33
0,829,gc,cpu,6001.34,6012.34
0,839,normalize,cpu,6012.96,6016.62
0,839,g_a_cpu,cpu,6016.63,6017.15
0,839,g_a,dpu,6017.15,6022.4
0,839,g_a,dpu,6022.4,6027.72
0,839,g_a_cpu,cpu,6027.72,6028.17
0,839,h_a,dpu,6028.17,6036.15
0,839,eb_enc,cpu,6036.15,6036.29
0,839,eb_dec,cpu,6036.29,6036.42
0,839,h_s,dpu,6036.42,6039.37
0,839,gc,cpu,6039.37,6055.42
0,846,normalize,cpu,6056.07,6061.24
0,846,g_a_cpu,cpu,6061.25,6061.9
0,846,g_a,dpu,6061.91,6072.61
0,846,g_a,dpu,6072.61,6077.91
0,846,g_a_cpu,cpu,6077.91,6078.5
0,846,h_a,dpu,6078.5,6086.81
0,846,eb_enc,cpu,6086.81,6086.97
0,846,eb_dec,cpu,6086.97,6087.12
0,846,h_s,dpu,6087.12,6088.35
0,846,gc,cpu,6088.36,6110.38
0,854,normalize,cpu,6110.93,6115.35
0,854,g_a_cpu,cpu,6115.35,6115.87
0,854,g_a,dpu,6115.88,6121.18
0,854,g_a,dpu,6121.18,6126.91
0,854,g_a_cpu,cpu,6126.91,6127.37
0,854,h_a,dpu,6127.37,6144.67
0,854,eb_enc,cpu,6144.68,6144.92
0,854,eb_dec,cpu,6144.92,6145.07
0,854,h_s,dpu,6145.07,6155.9
0,854,gc,cpu,6155.9,6167.26
0,862,normalize,cpu,6167.8,6171.55
0,862,g_a_cpu,cpu,6171.55,6171.98
0,862,g_a,dpu,6171.99,6187.64
0,862,g_a,dpu,6187.64,6196.21
0,862,g_a_cpu,cpu,6196.21,6196.63
0,862,h_a,dpu,6196.63,6199.83
0,862,eb_enc,cpu,6199.83,6200.14
0,862,eb_dec,cpu,6200.14,6200.36
0,862,h_s,dpu,6200.36,6215.28
0,862,gc,cpu,6215.29,6225.21
0,871,normalize,cpu,6225.67,6229.46
0,871,g_a_cpu,cpu,6229.46,6229.79
0,871,g_a,dpu,6229.79,6235.27
0,871,g_a,dpu,6235.28,6250.7
0,871,g_a_cpu,cpu,6250.7,6251.15
0,871,h_a,dpu,6251.16,6255.13
0,871,eb_enc,cpu,6255.13,6255.33
0,871,eb_dec,cpu,6255.34,6255.51
0,871,h_s,dpu,6255.51,6264.39
0,871,gc,cpu,6264.39,6275.37
0,878,normalize,cpu,6275.92,6279.6
0,878,g_a_cpu,cpu,6279.6,6279.93
0,878,g_a,dpu,6279.93,6286.37
0,878,g_a,dpu,6286.38,6308.12
0,878,g_a_cpu,cpu,6308.12,6308.51
0,878,h_a,dpu,6308.51,6312.61
0,878,eb_enc,cpu,6312.62,6312.76
0,878,eb_dec,cpu,6312.76,6312.89
0,878,h_s,dpu,6312.89,6321.22
0,878,gc,cpu,6321.22,6331.48
0,886,normalize,cpu,6332.54,6336.22
0,886,g_a_cpu,cpu,6336.22,6336.64
0,886,g_a,dpu,6336.64,6352.16
0,886,g_a,dpu,6352.16,6361.98
0,886,g_a_cpu,cpu,6361.99,6362.35
0,886,h_a,dpu,6362.36,6372.02
0,886,eb_enc,cpu,6372.02,6372.15
0,886,eb_dec,cpu,6372.15,6372.28
0,886,h_s,dpu,6372.28,6374.07
0,886,gc,cpu,6374.07,6384.32
0,894,normalize,cpu,6384.91,6388.6
0,894,g_a_cpu,cpu,6388.6,6388.97
0,894,g_a,dpu,6388.97,6400.03
0,894,g_a,dpu,6400.04,6416.74
0,894,g_a_cpu,cpu,6416.74,6417.19
0,894,h_a,dpu,6417.2,6420.9
0,894,eb_enc,cpu,6420.9,6421.04
0,894,eb_dec,cpu,6421.04,6421.17
0,894,h_s,dpu,6421.17,6434.6
0,894,gc,cpu,6434.6,6444.89
0,902,normalize,cpu,6445.49,6449.23
0,902,g_a_cpu,cpu,6449.24,6449.56
0,902,g_a,dpu,6449.57,6454.81
0,902,g_a,dpu,6454.81,6460.03
0,902,g_a_cpu,cpu,6460.04,6460.59
0,902,h_a,dpu,6460.59,6464.21
0,902,eb_enc,cpu,6464.21,6464.35
0,902,eb_dec,cpu,6464.35,6464.48
0,902,h_s,dpu,6464.48,6465.78
0,902,gc,cpu,6465.78,6476.27
0,909,normalize,cpu,6476.8,6480.55
0,909,g_a_cpu,cpu,6480.56,6481.11
0,909,g_a,dpu,6481.11,6486.22
0,909,g_a,dpu,6486.22,6495.35
0,909,g_a_cpu,cpu,6495.35,6495.84
0,909,h_a,dpu,6495.84,6499.61
0,909,eb_enc,cpu,6499.61,6499.77
0,909,eb_dec,cpu,6499.77,6499.92
0,909,h_s,dpu,6499.92,6512.33
0,909,gc,cpu,6512.33,6528.84
0,917,normalize,cpu,6529.76,6541.66
0,917,g_a_cpu,cpu,6541.67,6542.15
0,917,g_a,dpu,6542.16,6556.07
0,917,g_a,dpu,6556.07,6561.66
0,917,g_a_cpu,cpu,6561.67,6562.28
0,917,h_a,dpu,6562.28,6586.92
0,917,eb_enc,cpu,6586.92,6587.08
0,917,eb_dec,cpu,6587.08,6587.22
0,917,h_s,dpu,6587.22,6588.54
0,917,gc,cpu,6588.54,6598.8
0,927,normalize,cpu,6599.5,6603.17
0,927,g_a_cpu,cpu,6603.17,6603.52
0,927,g_a,dpu,6603.52,6612.15
0,927,g_a,dpu,6612.15,6622.52
0,927,g_a_cpu,cpu,6622.53,6623.1
0,927,h_a,dpu,6623.1,6627.71
0,927,eb_enc,cpu,6627.71,6627.89
0,927,eb_dec,cpu,6627.89,6628.11
0,927,h_s,dpu,6628.11,6634.17
0,927,gc,cpu,6634.17,6644.1
1,6,normalize,cpu,75.526,79.2446
1,6,g_a_cpu,cpu,79.3401,79.8367
1,6,g_a,dpu,79.8438,88.116
1,6,g_a,dpu,88.1203,102.161
1,6,g_a_cpu,cpu,102.163,102.756
1,6,h_a,dpu,102.764,105.944
1,6,eb_enc,cpu,105.946,106.082
1,6,eb_dec,cpu,106.083,106.202
1,6,h_s,dpu,106.202,117.033
1,6,gc,cpu,117.056,158.053
1,12,normalize,cpu,158.555,162.328
1,12,g_a_cpu,cpu,162.332,162.805
1,12,g_a,dpu,162.808,168.118
1,12,g_a,dpu,168.126,173.586
1,12,g_a_cpu,cpu,173.589,174.284
1,12,h_a,dpu,174.285,181.201
1,12,eb_enc,cpu,181.201,181.343
1,12,eb_dec,cpu,181.346,181.46
1,12,h_s,dpu,181.46,195.78
1,12,gc,cpu,195.784,206.798
1,17,normalize,cpu,207.359,211.121
1,17,g_a_cpu,cpu,211.125,211.483
1,17,g_a,dpu,211.487,218.6
1,17,g_a,dpu,218.607,237.371
1,17,g_a_cpu,cpu,237.373,238.031
1,17,h_a,dpu,238.035,250.102
1,17,eb_enc,cpu,250.103,250.239
1,17,eb_dec,cpu,250.24,250.352
1,17,h_s,dpu,250.352,255.401
1,17,gc,cpu,255.402,265.822
1,24,normalize,cpu,266.373,270.193
1,24,g_a_cpu,cpu,270.197,270.61
1,24,g_a,dpu,270.613,275.901
1,24,g_a,dpu,275.907,281.433
1,24,g_a_cpu,cpu,281.435,281.927
1,24,h_a,dpu,281.93,294.781
1,24,eb_enc,cpu,294.784,294.945
1,24,eb_dec,cpu,294.946,295.072
1,24,h_s,dpu,295.073,309.325
1,24,gc,cpu,309.325,321.12
1,32,normalize,cpu,322.117,325.889
1,32,g_a_cpu,cpu,325.894,326.264
1,32,g_a,dpu,326.268,331.614
1,32,g_a,dpu,331.619,337.941
1,32,g_a_cpu,cpu,337.946,338.551
1,32,h_a,dpu,338.553,341.58
1,32,eb_enc,cpu,341.581,341.737
1,32,eb_dec,cpu,341.738,341.864
1,32,h_s,dpu,341.865,343.487
1,32,gc,cpu,343.488,354.369
1,39,normalize,cpu,356.165,359.849
1,39,g_a_cpu,cpu,359.852,361.163
1,39,g_a,dpu,361.17,371.403
1,39,g_a,dpu,371.406,387.47
1,39,g_a_cpu,cpu,387.473,388.382
1,39,h_a,dpu,388.385,392.064
1,39,eb_enc,cpu,392.065,392.262
1,39,eb_dec,cpu,392.263,392.42
1,39,h_s,dpu,392.421,393.963
1,39,gc,cpu,393.964,404.31
1,45,normalize,cpu,405.205,408.978
1,45,g_a_cpu,cpu,408.982,409.377
1,45,g_a,dpu,409.38,420.414
1,45,g_a,dpu,420.419,425.633
1,45,g_a_cpu,cpu,425.635,426.181
1,45,h_a,dpu,426.196,429.427
1,45,eb_enc,cpu,429.428,429.677
1,45,eb_dec,cpu,429.68,429.878
1,45,h_s,dpu,429.879,433.114
1,45,gc,cpu,433.115,444.563
1,53,normalize,cpu,445.221,460.015
1,53,g_a_cpu,cpu,460.032,460.58
1,53,g_a,dpu,460.584,465.845
1,53,g_a,dpu,465.847,471.246
1,53,g_a_cpu,cpu,471.247,471.678
1,53,h_a,dpu,471.684,473.283
1,53,eb_enc,cpu,473.285,473.451
1,53,eb_dec,cpu,473.452,473.591
1,53,h_s,dpu,473.591,489.917
1,53,gc,cpu,489.918,500.209
1,61,normalize,cpu,501.302,505.092
1,61,g_a_cpu,cpu,505.1,505.526
1,61,g_a,dpu,505.531,528.699
1,61,g_a,dpu,528.701,533.904
1,61,g_a_cpu,cpu,533.906,534.654
1,61,h_a,dpu,534.658,536.963
1,61,eb_enc,cpu,536.965,537.105
1,61,eb_dec,cpu,537.105,537.219
1,61,h_s,dpu,537.219,538.65
1,61,gc,cpu,538.651,550.35
1,67,normalize,cpu,551.338,555.319
1,67,g_a_cpu,cpu,555.328,556.238
1,67,g_a,dpu,556.249,586.208
1,67,g_a,dpu,586.212,606.099
1,67,g_a_cpu,cpu,606.1,606.474
1,67,h_a,dpu,606.475,610.351
1,67,eb_enc,cpu,610.351,610.473
1,67,eb_dec,cpu,610.473,610.584
1,67,h_s,dpu,610.584,623.308
1,67,gc,cpu,623.31,633.567
1,78,normalize,cpu,634.187,637.915
1,78,g_a_cpu,cpu,637.919,638.278
1,78,g_a,dpu,638.282,649.852
1,78,g_a,dpu,649.854,665.074
1,78,g_a_cpu,cpu,665.078,665.636
1,78,h_a,dpu,665.638,672.053
1,78,eb_enc,cpu,672.056,672.269
1,78,eb_dec,cpu,672.271,672.416
1,78,h_s,dpu,672.416,680.809
1,78,gc,cpu,680.81,691.616
1,86,normalize,cpu,692.509,696.357
1,86,g_a_cpu,cpu,696.361,696.87
1,86,g_a,dpu,696.875,702.163
1,86,g_a,dpu,702.164,707.308
1,86,g_a_cpu,cpu,707.312,707.858
1,86,h_a,dpu,707.861,716.582
1,86,eb_enc,cpu,716.583,716.805
1,86,eb_dec,cpu,716.806,716.946
1,86,h_s,dpu,716.946,729.573
1,86,gc,cpu,729.574,740.321
1,94,normalize,cpu,741.092,744.929
1,94,g_a_cpu,cpu,744.934,745.674
1,94,g_a,dpu,745.676,750.743
1,94,g_a,dpu,750.744,755.908
1,94,g_a_cpu,cpu,755.91,756.652
1,94,h_a,dpu,756.657,770.059
1,94,eb_enc,cpu,770.06,770.205
1,94,eb_dec,cpu,770.205,770.323
1,94,h_s,dpu,770.323,771.847
1,94,gc,cpu,771.857,783.473
1,100,normalize,cpu,784.208,788.656
1,100,g_a_cpu,cpu,788.66,789.249
1,100,g_a,dpu,789.251,803.339
1,100,g_a,dpu,803.341,820.17
1,100,g_a_cpu,cpu,820.174,820.992
1,100,h_a,dpu,820.998,823.352
1,100,eb_enc,cpu,823.354,823.568
1,100,eb_dec,cpu,823.568,823.726
1,100,h_s,dpu,823.726,824.992
1,100,gc,cpu,824.992,834.848
1,108,normalize,cpu,835.303,844.881
1,108,g_a_cpu,cpu,844.886,845.297
1,108,g_a,dpu,845.299,861.062
1,108,g_a,dpu,861.063,866.165
1,108,g_a_cpu,cpu,866.166,866.532
1,108,h_a,dpu,866.534,877.529
1,108,eb_enc,cpu,877.53,877.66
1,108,eb_dec,cpu,877.66,877.775
1,108,h_s,dpu,877.776,884.518
1,108,gc,cpu,884.518,895.042
1,115,normalize,cpu,895.676,899.435
1,115,g_a_cpu,cpu,899.439,899.989
1,115,g_a,dpu,899.993,905.427
1,115,g_a,dpu,905.429,912.292
1,115,g_a_cpu,cpu,912.293,912.83
1,115,h_a,dpu,912.834,922.717
1,115,eb_enc,cpu,922.724,922.871
1,115,eb_dec,cpu,922.872,922.994
1,115,h_s,dpu,922.995,937.649
1,115,gc,cpu,937.65,948.188
1,122,normalize,cpu,948.944,952.751
1,122,g_a_cpu,cpu,952.761,953.912
1,122,g_a,dpu,953.918,973.01
1,122,g_a,dpu,973.012,978.594
1,122,g_a_cpu,cpu,978.599,979.56
1,122,h_a,dpu,979.568,983.211
1,122,eb_enc,cpu,983.212,983.471
1,122,eb_dec,cpu,983.475,983.632
1,122,h_s,dpu,983.633,988.453
1,122,gc,cpu,988.456,1003.62
1,130,normalize,cpu,1004.21,1007.91
1,130,g_a_cpu,cpu,1007.92,1008.69
1,130,g_a,dpu,1008.69,1018.51
1,130,g_a,dpu,1018.51,1023.88
1,130,g_a_cpu,cpu,1023.88,1024.52
1,130,h_a,dpu,1024.52,1026.37
1,130,eb_enc,cpu,1026.37,1026.54
1,130,eb_dec,cpu,1026.54,1026.67
1,130,h_s,dpu,1026.67,1029.37
1,130,gc,cpu,1029.37,1040.97
1,135,normalize,cpu,1041.59,1045.31
1,135,g_a_cpu,cpu,1045.31,1045.95
1,135,g_a,dpu,1045.96,1064.69
1,135,g_a,dpu,1064.69,1069.91
1,135,g_a_cpu,cpu,1069.91,1070.34
1,135,h_a,dpu,1070.34,1082.7
1,135,eb_enc,cpu,1082.7,1082.92
1,135,eb_dec,cpu,1082.92,1083.07
1,135,h_s,dpu,1083.08,1087.72
1,135,gc,cpu,1087.72,1098.65
1,142,normalize,cpu,1099.3,1102.98
1,142,g_a_cpu,cpu,1102.99,1103.35
1,142,g_a,dpu,1103.36,1112.7
1,142,g_a,dpu,1112.7,1117.95
1,142,g_a_cpu,cpu,1117.95,1118.53
1,142,h_a,dpu,1118.53,1123.26
1,142,eb_enc,cpu,1123.26,1123.44
1,142,eb_dec,cpu,1123.44,1123.57
1,142,h_s,dpu,1123.57,1134.51
1,142,gc,cpu,1134.51,1145.37
1,149,normalize,cpu,1146.12,1149.81
1,149,g_a_cpu,cpu,1149.81,1150.4
1,149,g_a,dpu,1150.4,1155.83
1,149,g_a,dpu,1155.83,1161.12
1,149,g_a_cpu,cpu,1161.12,1161.52
1,149,h_a,dpu,1161.53,1163.73
1,149,eb_enc,cpu,1163.73,1163.88
1,149,eb_dec,cpu,1163.88,1164.03
1,149,h_s,dpu,1164.03,1165.56
1,149,gc,cpu,1165.56,1181.87
1,156,normalize,cpu,1182.45,1186.17
1,156,g_a_cpu,cpu,1186.18,1186.56
1,156,g_a,dpu,1186.56,1194.05
1,156,g_a,dpu,1194.06,1205.63
1,156,g_a_cpu,cpu,1205.64,1206.13
1,156,h_a,dpu,1206.13,1213.83
1,156,eb_enc,cpu,1213.83,1213.98
1,156,eb_dec,cpu,1213.98,1214.09
1,156,h_s,dpu,1214.09,1229.46
1,156,gc,cpu,1229.46,1240.06
1,164,normalize,cpu,1240.97,1244.64
1,164,g_a_cpu,cpu,1244.64,1245.04
1,164,g_a,dpu,1245.05,1253.97
1,164,g_a,dpu,1253.97,1259.02
1,164,g_a_cpu,cpu,1259.02,1259.39
1,164,h_a,dpu,1259.39,1285
1,164,eb_enc,cpu,1285,1285.2
1,164,eb_dec,cpu,1285.21,1285.34
1,164,h_s,dpu,1285.34,1290.75
1,164,gc,cpu,1290.75,1301.36
1,172,normalize,cpu,1301.89,1305.67
1,172,g_a_cpu,cpu,1305.67,1306.07
1,172,g_a,dpu,1306.07,1317.46
1,172,g_a,dpu,1317.46,1324.06
1,172,g_a_cpu,cpu,1324.06,1324.81
1,172,h_a,dpu,1324.82,1326.49
1,172,eb_enc,cpu,1326.49,1326.63
1,172,eb_dec,cpu,1326.63,1326.75
1,172,h_s,dpu,1326.75,1335.83
1,172,gc,cpu,1335.83,1347.83
1,179,normalize,cpu,1348.36,1352.16
1,179,g_a_cpu,cpu,1352.16,1353.27
1,179,g_a,dpu,1353.28,1369.14
1,179,g_a,dpu,1369.15,1378.91
1,179,g_a_cpu,cpu,1378.91,1379.45
1,179,h_a,dpu,1379.46,1382.79
1,179,eb_enc,cpu,1382.79,1382.92
1,179,eb_dec,cpu,1382.93,1383.04
1,179,h_s,dpu,1383.04,1384.59
1,179,gc,cpu,1384.59,1396.44
1,185,normalize,cpu,1397.13,1400.99
1,185,g_a_cpu,cpu,1401,1401.49
1,185,g_a,dpu,1401.49,1406.89
1,185,g_a,dpu,1406.89,1431.02
1,185,g_a_cpu,cpu,1431.02,1431.41
1,185,h_a,dpu,1431.42,1462.74
1,185,eb_enc,cpu,1462.74,1462.89
1,185,eb_dec,cpu,1462.9,1463.04
1,185,h_s,dpu,1463.04,1468.1
1,185,gc,cpu,1468.1,1478.29
1,197,normalize,cpu,1479.14,1482.85
1,197,g_a_cpu,cpu,1482.85,1483.49
1,197,g_a,dpu,1483.49,1489.78
1,197,g_a,dpu,1489.78,1504.14
1,197,g_a_cpu,cpu,1504.14,1505.13
1,197,h_a,dpu,1505.13,1507.93
1,197,eb_enc,cpu,1507.93,1508.13
1,197,eb_dec,cpu,1508.13,1508.82
1,197,h_s,dpu,1508.82,1515.47
1,197,gc,cpu,1515.47,1528.68
1,203,normalize,cpu,1529.42,1534.5
1,203,g_a_cpu,cpu,1534.5,1535.29
1,203,g_a,dpu,1535.29,1540.57
1,203,g_a,dpu,1540.57,1545.91
1,203,g_a_cpu,cpu,1545.91,1546.54
1,203,h_a,dpu,1546.55,1550.75
1,203,eb_enc,cpu,1550.75,1550.94
1,203,eb_dec,cpu,1550.94,1551.09
1,203,h_s,dpu,1551.09,1554.26
1,203,gc,cpu,1554.26,1566.89
1,210,normalize,cpu,1568.33,1572
1,210,g_a_cpu,cpu,1572,1573.37
1,210,g_a,dpu,1573.45,1581.13
1,210,g_a,dpu,1581.13,1596.95
1,210,g_a_cpu,cpu,1596.95,1597.35
1,210,h_a,dpu,1597.36,1603.85
1,210,eb_enc,cpu,1603.85,1604.03
1,210,eb_dec,cpu,1604.03,1604.15
1,210,h_s,dpu,1604.15,1627.31
1,210,gc,cpu,1627.31,1650.35
1,224,normalize,cpu,1650.79,1654.57
1,224,g_a_cpu,cpu,1654.58,1655.01
1,224,g_a,dpu,1655.01,1664.77
1,224,g_a,dpu,1664.77,1680.47
1,224,g_a_cpu,cpu,1680.47,1680.99
1,224,h_a,dpu,1681,1687.27
1,224,eb_enc,cpu,1687.27,1687.43
1,224,eb_dec,cpu,1687.43,1687.56
1,224,h_s,dpu,1687.56,1691.33
1,224,gc,cpu,1691.33,1706.9
1,231,normalize,cpu,1717.32,1733.13
1,231,g_a_cpu,cpu,1733.14,1733.74
1,231,g_a,dpu,1733.74,1743.74
1,231,g_a,dpu,1743.74,1761.16
1,231,g_a_cpu,cpu,1761.17,1761.59
1,231,h_a,dpu,1761.59,1764.13
1,231,eb_enc,cpu,1764.13,1764.3
1,231,eb_dec,cpu,1764.3,1764.43
1,231,h_s,dpu,1764.43,1772.3
1,231,gc,cpu,1772.31,1787.86
1,241,normalize,cpu,1804.01,1807.63
1,241,g_a_cpu,cpu,1807.64,1808.31
1,241,g_a,dpu,1808.32,1825.4
1,241,g_a,dpu,1825.4,1830.63
1,241,g_a_cpu,cpu,1830.63,1831.34
1,241,h_a,dpu,1831.34,1833.51
1,241,eb_enc,cpu,1833.51,1833.67
1,241,eb_dec,cpu,1833.67,1833.79
1,241,h_s,dpu,1833.79,1837.95
1,241,gc,cpu,1837.95,1848.26
1,247,normalize,cpu,1849.64,1853.51
1,247,g_a_cpu,cpu,1853.51,1855.02
1,247,g_a,dpu,1855.02,1880.13
1,247,g_a,dpu,1880.13,1886.89
1,247,g_a_cpu,cpu,1886.9,1887.26
1,247,h_a,dpu,1887.26,1890.42
1,247,eb_enc,cpu,1890.43,1890.58
1,247,eb_dec,cpu,1890.58,1890.7
1,247,h_s,dpu,1890.7,1901.21
1,247,gc,cpu,1901.22,1911.71
1,255,normalize,cpu,1912.62,1916.31
1,255,g_a_cpu,cpu,1916.31,1917.01
1,255,g_a,dpu,1917.01,1932.18
1,255,g_a,dpu,1932.18,1937.87
1,255,g_a_cpu,cpu,1937.87,1938.27
1,255,h_a,dpu,1938.28,1951.7
1,255,eb_enc,cpu,1951.7,1951.84
1,255,eb_dec,cpu,1951.84,1952.03
1,255,h_s,dpu,1952.03,1964.01
1,255,gc,cpu,1964.01,1974.27
1,264,normalize,cpu,1974.78,1978.49
1,264,g_a_cpu,cpu,1978.49,1978.85
1,264,g_a,dpu,1978.86,1984.22
1,264,g_a,dpu,1984.22,1989.61
1,264,g_a_cpu,cpu,1989.61,1989.99
1,264,h_a,dpu,1989.99,2000.13
1,264,eb_enc,cpu,2000.13,2000.33
1,264,eb_dec,cpu,2000.33,2000.45
1,264,h_s,dpu,2000.45,2002.26
1,264,gc,cpu,2002.26,2012.4
1,271,normalize,cpu,2012.9,2016.56
1,271,g_a_cpu,cpu,2016.57,2017.11
1,271,g_a,dpu,2017.11,2033.64
1,271,g_a,dpu,2033.64,2038.82
1,271,g_a_cpu,cpu,2038.82,2039.22
1,271,h_a,dpu,2039.22,2051.34
1,271,eb_enc,cpu,2051.34,2051.54
1,271,eb_dec,cpu,2051.54,2051.69
1,271,h_s,dpu,2051.69,2061.33
1,271,gc,cpu,2061.33,2071.79
1,279,normalize,cpu,2072.35,2076.14
1,279,g_a_cpu,cpu,2076.15,2076.58
1,279,g_a,dpu,2076.59,2082.3
1,279,g_a,dpu,2082.3,2090.88
1,279,g_a_cpu,cpu,2090.88,2091.46
1,279,h_a,dpu,2091.46,2102.64
1,279,eb_enc,cpu,2102.64,2102.78
1,279,eb_dec,cpu,2102.78,2102.89
1,279,h_s,dpu,2102.89,2112.52
1,279,gc,cpu,2112.52,2127.67
1,287,normalize,cpu,2128.35,2140.72
1,287,g_a_cpu,cpu,2140.72,2141.29
1,287,g_a,dpu,2141.3,2159.09
1,287,g_a,dpu,2159.1,2180.19
1,287,g_a_cpu,cpu,2180.19,2180.88
1,287,h_a,dpu,2180.89,2199.88
1,287,eb_enc,cpu,2199.88,2200.06
1,287,eb_dec,cpu,2200.06,2200.21
1,287,h_s,dpu,2200.21,2201.95
1,287,gc,cpu,2201.95,2212.88
1,299,normalize,cpu,2213.43,2217.16
1,299,g_a_cpu,cpu,2217.16,2218.09
1,299,g_a,dpu,2218.09,2226.43
1,299,g_a,dpu,2226.43,2254.51
1,299,g_a_cpu,cpu,2254.51,2255
1,299,h_a,dpu,2255,2256.88
1,299,eb_enc,cpu,2256.88,2257.07
1,299,eb_dec,cpu,2257.07,2257.22
1,299,h_s,dpu,2257.22,2262.99
1,299,gc,cpu,2262.99,2276.77
1,306,normalize,cpu,2277.52,2282.99
1,306,g_a_cpu,cpu,2283,2296.03
1,306,g_a,dpu,2296.04,2301.4
1,306,g_a,dpu,2301.4,2306.67
1,306,g_a_cpu,cpu,2306.67,2307.13
1,306,h_a,dpu,2307.13,2313.29
1,306,eb_enc,cpu,2313.29,2313.52
1,306,eb_dec,cpu,2313.52,2313.68
1,306,h_s,dpu,2313.68,2319.5
1,306,gc,cpu,2319.5,2329.84
1,315,normalize,cpu,2330.35,2334.05
1,315,g_a_cpu,cpu,2334.06,2334.93
1,315,g_a,dpu,2334.93,2344.45
1,315,g_a,dpu,2344.45,2361.89
1,315,g_a_cpu,cpu,2361.9,2362.47
1,315,h_a,dpu,2362.47,2368.3
1,315,eb_enc,cpu,2368.31,2368.43
1,315,eb_dec,cpu,2368.43,2368.54
1,315,h_s,dpu,2368.54,2382.27
1,315,gc,cpu,2382.27,2401.17
1,326,normalize,cpu,2404.29,2408.06
1,326,g_a_cpu,cpu,2408.06,2409.31
1,326,g_a,dpu,2409.31,2415.24
1,326,g_a,dpu,2415.24,2426.76
1,326,g_a_cpu,cpu,2426.76,2427.43
1,326,h_a,dpu,2427.44,2428.87
1,326,eb_enc,cpu,2428.87,2429.03
1,326,eb_dec,cpu,2429.03,2429.15
1,326,h_s,dpu,2429.15,2433.22
1,326,gc,cpu,2433.22,2443.64
1,333,normalize,cpu,2444.65,2448.36
1,333,g_a_cpu,cpu,2448.36,2449.02
1,333,g_a,dpu,2449.02,2458.19
1,333,g_a,dpu,2458.19,2463.76
1,333,g_a_cpu,cpu,2463.76,2464.28
1,333,h_a,dpu,2464.29,2470.9
1,333,eb_enc,cpu,2470.9,2471.15
1,333,eb_dec,cpu,2471.15,2471.32
1,333,h_s,dpu,2471.32,2493.48
1,333,gc,cpu,2493.49,2503.66
1,344,normalize,cpu,2514.71,2518.5
1,344,g_a_cpu,cpu,2518.5,2519
1,344,g_a,dpu,2519,2528.9
1,344,g_a,dpu,2528.91,2533.97
1,344,g_a_cpu,cpu,2533.97,2534.42
1,344,h_a,dpu,2534.42,2536.01
1,344,eb_enc,cpu,2536.01,2536.14
1,344,eb_dec,cpu,2536.14,2536.25
1,344,h_s,dpu,2536.25,2544.09
1,344,gc,cpu,2544.09,2558.27
1,348,normalize,cpu,2558.8,2562.58
1,348,g_a_cpu,cpu,2562.58,2563.1
1,348,g_a,dpu,2563.1,2575.71
1,348,g_a,dpu,2575.71,2582.13
1,348,g_a_cpu,cpu,2582.14,2582.6
1,348,h_a,dpu,2582.61,2591.53
1,348,eb_enc,cpu,2591.53,2591.7
1,348,eb_dec,cpu,2591.7,2591.87
1,348,h_s,dpu,2591.87,2597.65
1,348,gc,cpu,2597.66,2611.67
1,355,normalize,cpu,2625.24,2628.93
1,355,g_a_cpu,cpu,2628.93,2629.51
1,355,g_a,dpu,2629.51,2639.51
1,355,g_a,dpu,2639.51,2649.52
1,355,g_a_cpu,cpu,2649.52,2650.3
1,355,h_a,dpu,2650.3,2653.55
1,355,eb_enc,cpu,2653.55,2653.69
1,355,eb_dec,cpu,2653.69,2653.84
1,355,h_s,dpu,2653.84,2666.41
1,355,gc,cpu,2666.41,2678.29
1,366,normalize,cpu,2678.84,2686.59
1,366,g_a_cpu,cpu,2686.59,2686.95
1,366,g_a,dpu,2686.95,2694.09
1,366,g_a,dpu,2694.1,2720.32
1,366,g_a_cpu,cpu,2720.33,2721.01
1,366,h_a,dpu,2721.01,2723.53
1,366,eb_enc,cpu,2723.54,2723.69
1,366,eb_dec,cpu,2723.69,2723.81
1,366,h_s,dpu,2723.81,2740.79
1,366,gc,cpu,2740.79,2752.02
1,375,normalize,cpu,2755.57,2759.43
1,375,g_a_cpu,cpu,2759.43,2759.83
1,375,g_a,dpu,2759.84,2766.51
1,375,g_a,dpu,2766.51,2779.79
1,375,g_a_cpu,cpu,2779.79,2780.35
1,375,h_a,dpu,2780.36,2785.98
1,375,eb_enc,cpu,2785.98,2786.13
1,375,eb_dec,cpu,2786.14,2786.26
1,375,h_s,dpu,2786.26,2793.78
1,375,gc,cpu,2793.79,2806.92
1,382,normalize,cpu,2807.48,2812.93
1,382,g_a_cpu,cpu,2812.93,2813.36
1,382,g_a,dpu,2813.36,2818.69
1,382,g_a,dpu,2818.69,2824.17
1,382,g_a_cpu,cpu,2824.17,2824.76
1,382,h_a,dpu,2824.76,2826.96
1,382,eb_enc,cpu,2826.96,2827.13
1,382,eb_dec,cpu,2827.13,2827.26
1,382,h_s,dpu,2827.26,2833.23
1,382,gc,cpu,2833.23,2843.62
1,388,normalize,cpu,2844.2,2847.93
1,388,g_a_cpu,cpu,2847.93,2848.41
1,388,g_a,dpu,2848.41,2853.69
1,388,g_a,dpu,2853.69,2863.28
1,388,g_a_cpu,cpu,2863.28,2863.86
1,388,h_a,dpu,2863.86,2873.84
1,388,eb_enc,cpu,2873.84,2874.01
1,388,eb_dec,cpu,2874.01,2874.14
1,388,h_s,dpu,2874.14,2877.99
1,388,gc,cpu,2877.99,2892.53
1,396,normalize,cpu,2893.21,2896.99
1,396,g_a_cpu,cpu,2896.99,2897.36
1,396,g_a,dpu,2897.37,2903.6
1,396,g_a,dpu,2903.6,2909.21
1,396,g_a_cpu,cpu,2909.21,2909.89
1,396,h_a,dpu,2909.9,2915.15
1,396,eb_enc,cpu,2915.15,2915.35
1,396,eb_dec,cpu,2915.35,2915.48
1,396,h_s,dpu,2915.48,2923.01
1,396,gc,cpu,2923.01,2945.17
1,404,normalize,cpu,2946.47,2950.22
1,404,g_a_cpu,cpu,2950.23,2950.64
1,404,g_a,dpu,2950.65,2956.34
1,404,g_a,dpu,2956.37,2965.55
1,404,g_a_cpu,cpu,2965.55,2966.18
1,404,h_a,dpu,2966.19,2969
1,404,eb_enc,cpu,2969,2969.15
1,404,eb_dec,cpu,2969.15,2969.28
1,404,h_s,dpu,2969.28,2989.86
1,404,gc,cpu,2989.86,3000.22
1,411,normalize,cpu,3005.89,3009.79
1,411,g_a_cpu,cpu,3009.79,3010.27
1,411,g_a,dpu,3010.27,3020.73
1,411,g_a,dpu,3020.74,3036.77
1,411,g_a_cpu,cpu,3036.77,3037.24
1,411,h_a,dpu,3037.24,3042.4
1,411,eb_enc,cpu,3042.4,3042.61
1,411,eb_dec,cpu,3042.61,3042.74
1,411,h_s,dpu,3042.74,3055.34
1,411,gc,cpu,3055.34,3067.72
1,420,normalize,cpu,3068.61,3072.79
1,420,g_a_cpu,cpu,3072.79,3073.17
1,420,g_a,dpu,3073.17,3095.02
1,420,g_a,dpu,3095.02,3105.66
1,420,g_a_cpu,cpu,3105.66,3106.15
1,420,h_a,dpu,3106.15,3109.09
1,420,eb_enc,cpu,3109.09,3109.23
1,420,eb_dec,cpu,3109.23,3109.35
1,420,h_s,dpu,3109.35,3132.61
1,420,gc,cpu,3132.61,3150.82
1,432,normalize,cpu,3152.23,3156.61
1,432,g_a_cpu,cpu,3156.62,3157.48
1,432,g_a,dpu,3157.49,3165.46
1,432,g_a,dpu,3165.46,3170.82
1,432,g_a_cpu,cpu,3170.83,3171.23
1,432,h_a,dpu,3171.23,3173.15
1,432,eb_enc,cpu,3173.15,3173.3
1,432,eb_dec,cpu,3173.3,3173.42
1,432,h_s,dpu,3173.42,3180.25
1,432,gc,cpu,3180.25,3192.59
1,438,normalize,cpu,3193.19,3201.44
1,438,g_a_cpu,cpu,3201.44,3202.16
1,438,g_a,dpu,3202.16,3217.9
1,438,g_a,dpu,3217.9,3223.39
1,438,g_a_cpu,cpu,3223.39,3224.11
1,438,h_a,dpu,3224.12,3226.8
1,438,eb_enc,cpu,3226.8,3226.93
1,438,eb_dec,cpu,3226.93,3227.05
1,438,h_s,dpu,3227.05,3231.11
1,438,gc,cpu,3231.11,3241.98
1,446,normalize,cpu,3242.9,3246.59
1,446,g_a_cpu,cpu,3246.6,3247.32
1,446,g_a,dpu,3247.33,3252.65
1,446,g_a,dpu,3252.65,3258.11
1,446,g_a_cpu,cpu,3258.11,3258.78
1,446,h_a,dpu,3258.78,3287.78
1,446,eb_enc,cpu,3287.78,3287.91
1,446,eb_dec,cpu,3287.92,3288.06
1,446,h_s,dpu,3288.06,3289.98
1,446,gc,cpu,3289.98,3305.92
1,457,normalize,cpu,3306.46,3312.75
1,457,g_a_cpu,cpu,3312.76,3313.3
1,457,g_a,dpu,3313.3,3318.49
1,457,g_a,dpu,3318.49,3327.55
1,457,g_a_cpu,cpu,3327.56,3328.04
1,457,h_a,dpu,3328.04,3331.4
1,457,eb_enc,cpu,3331.41,3331.54
1,457,eb_dec,cpu,3331.54,3331.65
1,457,h_s,dpu,3331.65,3346.24
1,457,gc,cpu,3346.25,3379.4
1,466,normalize,cpu,3380.27,3384.04
1,466,g_a_cpu,cpu,3384.05,3384.81
1,466,g_a,dpu,3384.81,3390.76
1,466,g_a,dpu,3390.76,3397.12
1,466,g_a_cpu,cpu,3397.12,3397.66
1,466,h_a,dpu,3397.66,3405.04
1,466,eb_enc,cpu,3405.04,3405.29
1,466,eb_dec,cpu,3405.29,3405.46
1,466,h_s,dpu,3405.46,3412.47
1,466,gc,cpu,3412.47,3423.32
1,470,normalize,cpu,3433.44,3443.84
1,470,g_a_cpu,cpu,3443.84,3444.49
1,470,g_a,dpu,3444.49,3454
1,470,g_a,dpu,3454,3469.09
1,470,g_a_cpu,cpu,3469.09,3469.54
1,470,h_a,dpu,3469.54,3475.76
1,470,eb_enc,cpu,3475.76,3475.9
1,470,eb_dec,cpu,3475.9,3476.05
1,470,h_s,dpu,3476.05,3478.24
1,470,gc,cpu,3478.24,3494.89
1,481,normalize,cpu,3495.54,3500
1,481,g_a_cpu,cpu,3500.01,3500.38
1,481,g_a,dpu,3500.38,3507.41
1,481,g_a,dpu,3507.41,3514.88
1,481,g_a_cpu,cpu,3514.89,3515.61
1,481,h_a,dpu,3515.62,3521.18
1,481,eb_enc,cpu,3521.18,3521.35
1,481,eb_dec,cpu,3521.35,3521.47
1,481,h_s,dpu,3521.47,3526.61
1,481,gc,cpu,3526.61,3538.57
1,488,normalize,cpu,3539.15,3542.86
1,488,g_a_cpu,cpu,3542.87,3543.36
1,488,g_a,dpu,3543.36,3553.75
1,488,g_a,dpu,3553.75,3559.38
1,488,g_a_cpu,cpu,3559.38,3560.04
1,488,h_a,dpu,3560.05,3561.63
1,488,eb_enc,cpu,3561.64,3561.77
1,488,eb_dec,cpu,3561.77,3561.89
1,488,h_s,dpu,3561.89,3575.02
1,488,gc,cpu,3575.02,3586.23
1,495,normalize,cpu,3586.89,3591.92
1,495,g_a_cpu,cpu,3591.92,3592.96
1,495,g_a,dpu,3592.96,3601.49
1,495,g_a,dpu,3601.49,3621.01
1,495,g_a_cpu,cpu,3621.01,3621.4
1,495,h_a,dpu,3621.4,3628.28
1,495,eb_enc,cpu,3628.28,3628.56
1,495,eb_dec,cpu,3628.56,3628.79
1,495,h_s,dpu,3628.79,3635.37
1,495,gc,cpu,3635.37,3646.21
1,503,normalize,cpu,3647.05,3650.88
1,503,g_a_cpu,cpu,3650.89,3651.33
1,503,g_a,dpu,3651.33,3658.48
1,503,g_a,dpu,3658.49,3673.85
1,503,g_a_cpu,cpu,3673.86,3674.3
1,503,h_a,dpu,3674.3,3678.7
1,503,eb_enc,cpu,3678.7,3678.84
1,503,eb_dec,cpu,3678.84,3678.96
1,503,h_s,dpu,3678.96,3694.34
1,503,gc,cpu,3694.34,3704.51
1,513,normalize,cpu,3705.01,3708.82
1,513,g_a_cpu,cpu,3708.82,3709.29
1,513,g_a,dpu,3709.29,3720.86
1,513,g_a,dpu,3720.86,3730.86
1,513,g_a_cpu,cpu,3730.86,3731.26
1,513,h_a,dpu,3731.26,3732.74
1,513,eb_enc,cpu,3732.75,3732.97
1,513,eb_dec,cpu,3732.97,3733.1
1,513,h_s,dpu,3733.1,3744.29
1,513,gc,cpu,3744.29,3754.62
1,519,normalize,cpu,3761.91,3765.67
1,519,g_a_cpu,cpu,3765.67,3767.05
1,519,g_a,dpu,3767.06,3773.04
1,519,g_a,dpu,3773.04,3780.32
1,519,g_a_cpu,cpu,3780.33,3780.88
1,519,h_a,dpu,3780.88,3792.75
1,519,eb_enc,cpu,3792.75,3792.94
1,519,eb_dec,cpu,3792.94,3793.08
1,519,h_s,dpu,3793.08,3817.9
1,519,gc,cpu,3817.9,3831.2
1,528,normalize,cpu,3831.92,3835.74
1,528,g_a_cpu,cpu,3835.74,3836.16
1,528,g_a,dpu,3836.17,3846.85
1,528,g_a,dpu,3846.85,3852.38
1,528,g_a_cpu,cpu,3852.38,3852.77
1,528,h_a,dpu,3852.77,3873.56
1,528,eb_enc,cpu,3873.56,3873.8
1,528,eb_dec,cpu,3873.8,3873.94
1,528,h_s,dpu,3873.94,3878.38
1,528,gc,cpu,3878.38,3892.77
1,536,normalize,cpu,3893.36,3897.34
1,536,g_a_cpu,cpu,3897.35,3897.86
1,536,g_a,dpu,3897.87,3906.4
1,536,g_a,dpu,3906.41,3950.17
1,536,g_a_cpu,cpu,3950.17,3950.69
1,536,h_a,dpu,3950.7,3959.55
1,536,eb_enc,cpu,3959.55,3959.7
1,536,eb_dec,cpu,3959.7,3959.83
1,536,h_s,dpu,3959.83,3961.77
1,536,gc,cpu,3961.78,3977.63
1,548,normalize,cpu,3978.35,3982.03
1,548,g_a_cpu,cpu,3982.04,3982.36
1,548,g_a,dpu,3982.36,3992.81
1,548,g_a,dpu,3992.81,3998.03
1,548,g_a_cpu,cpu,3998.03,3998.43
1,548,h_a,dpu,3998.44,4002.51
1,548,eb_enc,cpu,4002.51,4002.68
1,548,eb_dec,cpu,4002.68,4002.82
1,548,h_s,dpu,4002.82,4013.16
1,548,gc,cpu,4013.16,4024.02
1,554,normalize,cpu,4036.4,4040.12
1,554,g_a_cpu,cpu,4040.12,4041.61
1,554,g_a,dpu,4041.61,4050.66
1,554,g_a,dpu,4050.66,4068.78
1,554,g_a_cpu,cpu,4068.79,4069.51
1,554,h_a,dpu,4069.51,4074.31
1,554,eb_enc,cpu,4074.31,4074.5
1,554,eb_dec,cpu,4074.5,4074.64
1,554,h_s,dpu,4074.64,4076.21
1,554,gc,cpu,4076.21,4086.84
1,565,normalize,cpu,4087.78,4091.5
1,565,g_a_cpu,cpu,4091.5,4092.32
1,565,g_a,dpu,4092.33,4116.13
1,565,g_a,dpu,4116.13,4126.6
1,565,g_a_cpu,cpu,4126.6,4127.06
1,565,h_a,dpu,4127.07,4133.59
1,565,eb_enc,cpu,4133.59,4133.82
1,565,eb_dec,cpu,4133.82,4133.98
1,565,h_s,dpu,4133.99,4138.68
1,565,gc,cpu,4138.68,4149.72
1,574,normalize,cpu,4150.4,4154.19
1,574,g_a_cpu,cpu,4154.2,4155.01
1,574,g_a,dpu,4155.01,4160.43
1,574,g_a,dpu,4160.43,4165.85
1,574,g_a_cpu,cpu,4165.85,4166.27
1,574,h_a,dpu,4166.28,4168.05
1,574,eb_enc,cpu,4168.05,4168.17
1,574,eb_dec,cpu,4168.18,4168.29
1,574,h_s,dpu,4168.29,4178.21
1,574,gc,cpu,4178.22,4188.71
1,581,normalize,cpu,4190.11,4195.7
1,581,g_a_cpu,cpu,4195.71,4196.69
1,581,g_a,dpu,4196.69,4213.44
1,581,g_a,dpu,4213.45,4245.08
1,581,g_a_cpu,cpu,4245.09,4245.69
1,581,h_a,dpu,4245.69,4250.41
1,581,eb_enc,cpu,4250.42,4250.58
1,581,eb_dec,cpu,4250.58,4250.69
1,581,h_s,dpu,4250.7,4255.3
1,581,gc,cpu,4255.3,4265.71
1,589,normalize,cpu,4266.2,4269.94
1,589,g_a_cpu,cpu,4269.95,4270.35
1,589,g_a,dpu,4270.36,4286.53
1,589,g_a,dpu,4286.53,4295.69
1,589,g_a_cpu,cpu,4295.69,4296.08
1,589,h_a,dpu,4296.08,4302.2
1,589,eb_enc,cpu,4302.21,4302.44
1,589,eb_dec,cpu,4302.44,4302.58
1,589,h_s,dpu,4302.58,4320.02
1,589,gc,cpu,4320.02,4330.47
1,599,normalize,cpu,4331.01,4334.76
1,599,g_a_cpu,cpu,4334.76,4335.11
1,599,g_a,dpu,4335.12,4342.12
1,599,g_a,dpu,4342.12,4347.35
1,599,g_a_cpu,cpu,4347.35,4347.98
1,599,h_a,dpu,4347.98,4358.86
1,599,eb_enc,cpu,4358.86,4358.99
1,599,eb_dec,cpu,4358.99,4359.1
1,599,h_s,dpu,4359.1,4364.21
1,599,gc,cpu,4364.21,4387.02
1,607,normalize,cpu,4387.52,4391.29
1,607,g_a_cpu,cpu,4391.3,4391.98
1,607,g_a,dpu,4391.98,4401.64
1,607,g_a,dpu,4401.64,4413.97
1,607,g_a_cpu,cpu,4413.97,4414.54
1,607,h_a,dpu,4414.55,4434.4
1,607,eb_enc,cpu,4434.4,4434.56
1,607,eb_dec,cpu,4434.56,4434.69
1,607,h_s,dpu,4434.69,4442.8
1,607,gc,cpu,4442.8,4453.56
1,617,normalize,cpu,4454.25,4458.01
1,617,g_a_cpu,cpu,4458.01,4458.43
1,617,g_a,dpu,4458.44,4463.61
1,617,g_a,dpu,4463.62,4469.07
1,617,g_a_cpu,cpu,4469.08,4469.77
1,617,h_a,dpu,4469.77,4471.28
1,617,eb_enc,cpu,4471.29,4471.45
1,617,eb_dec,cpu,4471.45,4471.58
1,617,h_s,dpu,4471.58,4483.7
1,617,gc,cpu,4483.7,4496.15
1,623,normalize,cpu,4497.29,4503.65
1,623,g_a_cpu,cpu,4503.65,4504.11
1,623,g_a,dpu,4504.11,4511.79
1,623,g_a,dpu,4511.79,4516.99
1,623,g_a_cpu,cpu,4516.99,4517.51
1,623,h_a,dpu,4517.51,4526.23
1,623,eb_enc,cpu,4526.23,4526.41
1,623,eb_dec,cpu,4526.41,4526.54
1,623,h_s,dpu,4526.54,4532.84
1,623,gc,cpu,4532.84,4543.5
1,629,normalize,cpu,4544.21,4547.98
1,629,g_a_cpu,cpu,4547.99,4548.35
1,629,g_a,dpu,4548.35,4553.64
1,629,g_a,dpu,4553.64,4559.59
1,629,g_a_cpu,cpu,4559.59,4560.08
1,629,h_a,dpu,4560.09,4561.83
1,629,eb_enc,cpu,4561.83,4561.98
1,629,eb_dec,cpu,4561.98,4562.1
1,629,h_s,dpu,4562.1,4568.42
1,629,gc,cpu,4568.42,4579.05
1,635,normalize,cpu,4579.65,4583.47
1,635,g_a_cpu,cpu,4583.47,4584.13
1,635,g_a,dpu,4584.14,4605.48
1,635,g_a,dpu,4605.48,4610.89
1,635,g_a_cpu,cpu,4610.89,4611.38
1,635,h_a,dpu,4611.38,4613.76
1,635,eb_enc,cpu,4613.76,4613.92
1,635,eb_dec,cpu,4613.92,4614.05
1,635,h_s,dpu,4614.05,4635.35
1,635,gc,cpu,4635.35,4645.7
1,643,normalize,cpu,4646.24,4649.93
1,643,g_a_cpu,cpu,4649.94,4650.28
1,643,g_a,dpu,4650.28,4655.46
1,643,g_a,dpu,4655.46,4660.77
1,643,g_a_cpu,cpu,4660.77,4661.49
1,643,h_a,dpu,4661.5,4672.8
1,643,eb_enc,cpu,4672.8,4672.93
1,643,eb_dec,cpu,4672.93,4673.04
1,643,h_s,dpu,4673.04,4689.34
1,643,gc,cpu,4689.34,4699.33
1,651,normalize,cpu,4700.89,4704.55
1,651,g_a_cpu,cpu,4704.56,4704.95
1,651,g_a,dpu,4704.95,4713.59
1,651,g_a,dpu,4713.59,4718.83
1,651,g_a_cpu,cpu,4718.83,4720.14
1,651,h_a,dpu,4720.14,4729.16
1,651,eb_enc,cpu,4729.17,4729.32
1,651,eb_dec,cpu,4729.32,4729.45
1,651,h_s,dpu,4729.45,4741.12
1,651,gc,cpu,4741.12,4751.58
1,658,normalize,cpu,4752.39,4756.26
1,658,g_a_cpu,cpu,4756.26,4757.02
1,658,g_a,dpu,4757.03,4762.36
1,658,g_a,dpu,4762.37,4767.66
1,658,g_a_cpu,cpu,4767.66,4768.16
1,658,h_a,dpu,4768.17,4772.51
1,658,eb_enc,cpu,4772.51,4772.66
1,658,eb_dec,cpu,4772.66,4772.78
1,658,h_s,dpu,4772.78,4777.78
1,658,gc,cpu,4777.79,4788.42
1,666,normalize,cpu,4789.06,4794.42
1,666,g_a_cpu,cpu,4794.43,4794.88
1,666,g_a,dpu,4794.88,4802.81
1,666,g_a,dpu,4802.81,4820.97
1,666,g_a_cpu,cpu,4820.97,4821.65
1,666,h_a,dpu,4821.65,4825.08
1,666,eb_enc,cpu,4825.08,4825.24
1,666,eb_dec,cpu,4825.24,4825.36
1,666,h_s,dpu,4825.36,4850.77
1,666,gc,cpu,4850.77,4868.28
1,677,normalize,cpu,4868.77,4877.16
1,677,g_a_cpu,cpu,4877.16,4877.56
1,677,g_a,dpu,4877.57,4882.78
1,677,g_a,dpu,4882.78,4887.94
1,677,g_a_cpu,cpu,4887.94,4888.45
1,677,h_a,dpu,4888.45,4890.13
1,677,eb_enc,cpu,4890.13,4890.28
1,677,eb_dec,cpu,4890.28,4890.42
1,677,h_s,dpu,4890.42,4902.12
1,677,gc,cpu,4902.12,4914.24
1,684,normalize,cpu,4914.75,4918.52
1,684,g_a_cpu,cpu,4918.53,4919.02
1,684,g_a,dpu,4919.03,4924.28
1,684,g_a,dpu,4924.28,4935.93
1,684,g_a_cpu,cpu,4935.93,4936.55
1,684,h_a,dpu,4936.56,4956.12
1,684,eb_enc,cpu,4956.13,4956.26
1,684,eb_dec,cpu,4956.26,4956.37
1,684,h_s,dpu,4956.37,4965.51
1,684,gc,cpu,4965.51,4975.73
1,691,normalize,cpu,4976.81,5000.38
1,691,g_a_cpu,cpu,5000.39,5000.83
1,691,g_a,dpu,5000.83,5024.86
1,691,g_a,dpu,5024.86,5032.43
1,691,g_a_cpu,cpu,5032.43,5032.79
1,691,h_a,dpu,5032.8,5045.5
1,691,eb_enc,cpu,5045.5,5045.64
1,691,eb_dec,cpu,5045.64,5045.76
1,691,h_s,dpu,5045.76,5047.18
1,691,gc,cpu,5047.18,5057.62
1,703,normalize,cpu,5058.48,5063.47
1,703,g_a_cpu,cpu,5063.47,5063.85
1,703,g_a,dpu,5063.85,5080.82
1,703,g_a,dpu,5080.82,5086.07
1,703,g_a_cpu,cpu,5086.07,5086.57
1,703,h_a,dpu,5086.58,5113.04
1,703,eb_enc,cpu,5113.04,5113.17
1,703,eb_dec,cpu,5113.17,5113.28
1,703,h_s,dpu,5113.28,5114.49
1,703,gc,cpu,5114.5,5133.1
1,713,normalize,cpu,5133.71,5138.42
1,713,g_a_cpu,cpu,5138.42,5140.07
1,713,g_a,dpu,5140.07,5151.41
1,713,g_a,dpu,5151.41,5156.6
1,713,g_a_cpu,cpu,5156.6,5157.73
1,713,h_a,dpu,5157.73,5160.45
1,713,eb_enc,cpu,5160.45,5160.6
1,713,eb_dec,cpu,5160.6,5160.72
1,713,h_s,dpu,5160.72,5162.15
1,713,gc,cpu,5162.16,5173.13
1,719,normalize,cpu,5184.18,5188.01
1,719,g_a_cpu,cpu,5188.02,5188.71
1,719,g_a,dpu,5188.71,5198.52
1,719,g_a,dpu,5198.52,5205.31
1,719,g_a_cpu,cpu,5205.31,5205.7
1,719,h_a,dpu,5205.7,5213.32
1,719,eb_enc,cpu,5213.32,5213.51
1,719,eb_dec,cpu,5213.51,5213.65
1,719,h_s,dpu,5213.65,5228.44
1,719,gc,cpu,5228.44,5239.98
1,729,normalize,cpu,5247.53,5251.22
1,729,g_a_cpu,cpu,5251.23,5251.82
1,729,g_a,dpu,5251.82,5258.58
1,729,g_a,dpu,5258.58,5265.2
1,729,g_a_cpu,cpu,5265.2,5265.6
1,729,h_a,dpu,5265.6,5267
1,729,eb_enc,cpu,5267.01,5267.13
1,729,eb_dec,cpu,5267.13,5267.25
1,729,h_s,dpu,5267.25,5288.33
1,729,gc,cpu,5288.33,5298.71
1,738,normalize,cpu,5299.19,5303.66
1,738,g_a_cpu,cpu,5303.67,5304.01
1,738,g_a,dpu,5304.01,5310.63
1,738,g_a,dpu,5310.63,5316.41
1,738,g_a_cpu,cpu,5316.42,5316.92
1,738,h_a,dpu,5316.92,5323.68
1,738,eb_enc,cpu,5323.68,5323.81
1,738,eb_dec,cpu,5323.81,5323.92
1,738,h_s,dpu,5323.92,5339.84
1,738,gc,cpu,5339.84,5350.95
1,746,normalize,cpu,5351.6,5355.42
1,746,g_a_cpu,cpu,5355.43,5355.92
1,746,g_a,dpu,5355.92,5366.89
1,746,g_a,dpu,5366.89,5378.4
1,746,g_a_cpu,cpu,5378.4,5378.95
1,746,h_a,dpu,5378.95,5385.58
1,746,eb_enc,cpu,5385.58,5385.72
1,746,eb_dec,cpu,5385.72,5385.84
1,746,h_s,dpu,5385.84,5387.35
1,746,gc,cpu,5387.35,5397.48
1,753,normalize,cpu,5398.29,5402.84
1,753,g_a_cpu,cpu,5402.84,5403.71
1,753,g_a,dpu,5403.72,5414.9
1,753,g_a,dpu,5414.9,5432.16
1,753,g_a_cpu,cpu,5432.16,5432.87
1,753,h_a,dpu,5432.88,5435.39
1,753,eb_enc,cpu,5435.39,5435.54
1,753,eb_dec,cpu,5435.54,5435.66
1,753,h_s,dpu,5435.66,5445.51
1,753,gc,cpu,5445.52,5456.86
1,759,normalize,cpu,5457.48,5461.25
1,759,g_a_cpu,cpu,5461.25,5461.64
1,759,g_a,dpu,5461.64,5467.03
1,759,g_a,dpu,5467.03,5477.49
1,759,g_a_cpu,cpu,5477.49,5478.04
1,759,h_a,dpu,5478.04,5493.09
1,759,eb_enc,cpu,5493.09,5493.21
1,759,eb_dec,cpu,5493.21,5493.32
1,759,h_s,dpu,5493.32,5496.42
1,759,gc,cpu,5496.42,5507.05
1,765,normalize,cpu,5507.76,5512.37
1,765,g_a_cpu,cpu,5512.37,5512.87
1,765,g_a,dpu,5512.87,5523.15
1,765,g_a,dpu,5523.15,5528.37
1,765,g_a_cpu,cpu,5528.37,5528.76
1,765,h_a,dpu,5528.77,5540.1
1,765,eb_enc,cpu,5540.1,5540.27
1,765,eb_dec,cpu,5540.27,5540.39
1,765,h_s,dpu,5540.39,5547.45
1,765,gc,cpu,5547.45,5567.87
1,775,normalize,cpu,5568.82,5572.56
1,775,g_a_cpu,cpu,5572.56,5573.01
1,775,g_a,dpu,5573.01,5578.53
1,775,g_a,dpu,5578.54,5596.99
1,775,g_a_cpu,cpu,5596.99,5597.67
1,775,h_a,dpu,5597.67,5608.6
1,775,eb_enc,cpu,5608.6,5608.79
1,775,eb_dec,cpu,5608.79,5608.93
1,775,h_s,dpu,5608.93,5610.84
1,775,gc,cpu,5610.84,5621.24
1,783,normalize,cpu,5621.81,5625.58
1,783,g_a_cpu,cpu,5625.58,5626.08
1,783,g_a,dpu,5626.08,5637.1
1,783,g_a,dpu,5637.1,5642.34
1,783,g_a_cpu,cpu,5642.35,5642.95
1,783,h_a,dpu,5642.96,5648.31
1,783,eb_enc,cpu,5648.32,5648.52
1,783,eb_dec,cpu,5648.52,5648.65
1,783,h_s,dpu,5648.65,5661.04
1,783,gc,cpu,5661.04,5672.65
1,789,normalize,cpu,5673.22,5688.44
1,789,g_a_cpu,cpu,5688.44,5689.08
1,789,g_a,dpu,5689.08,5694.39
1,789,g_a,dpu,5694.39,5699.66
1,789,g_a_cpu,cpu,5699.66,5700.11
1,789,h_a,dpu,5700.11,5705.17
1,789,eb_enc,cpu,5705.17,5705.34
1,789,eb_dec,cpu,5705.34,5705.49
1,789,h_s,dpu,5705.49,5710.15
1,789,gc,cpu,5710.15,5720.75
1,797,normalize,cpu,5721.37,5725.11
1,797,g_a_cpu,cpu,5725.11,5725.59
1,797,g_a,dpu,5725.59,5733.89
1,797,g_a,dpu,5733.89,5739.91
1,797,g_a_cpu,cpu,5739.92,5740.36
1,797,h_a,dpu,5740.37,5741.86
1,797,eb_enc,cpu,5741.86,5742.02
1,797,eb_dec,cpu,5742.02,5742.14
1,797,h_s,dpu,5742.14,5761.14
1,797,gc,cpu,5761.14,5771.63
1,805,normalize,cpu,5772.12,5775.83
1,805,g_a_cpu,cpu,5775.84,5776.37
1,805,g_a,dpu,5776.38,5788.48
1,805,g_a,dpu,5788.48,5801.55
1,805,g_a_cpu,cpu,5801.55,5802.34
1,805,h_a,dpu,5802.35,5804.21
1,805,eb_enc,cpu,5804.21,5804.34
1,805,eb_dec,cpu,5804.34,5804.45
1,805,h_s,dpu,5804.45,5818.98
1,805,gc,cpu,5818.99,5829.67
1,813,normalize,cpu,5830.2,5834
1,813,g_a_cpu,cpu,5834.01,5834.7
1,813,g_a,dpu,5834.71,5843.05
1,813,g_a,dpu,5843.05,5860.1
1,813,g_a_cpu,cpu,5860.1,5860.65
1,813,h_a,dpu,5860.65,5869.46
1,813,eb_enc,cpu,5869.46,5869.66
1,813,eb_dec,cpu,5869.66,5869.81
1,813,h_s,dpu,5869.81,5871.66
1,813,gc,cpu,5871.67,5882.56
1,822,normalize,cpu,5883.08,5886.85
1,822,g_a_cpu,cpu,5886.85,5887.42
1,822,g_a,dpu,5887.42,5904.57
1,822,g_a,dpu,5904.57,5909.94
1,822,g_a_cpu,cpu,5909.94,5910.36
1,822,h_a,dpu,5910.41,5916.36
1,822,eb_enc,cpu,5916.36,5916.5
1,822,eb_dec,cpu,5916.5,5916.62
1,822,h_s,dpu,5916.62,5929.76
1,822,gc,cpu,5929.76,5940.21
1,830,normalize,cpu,5941.11,5944.87
1,830,g_a_cpu,cpu,5944.88,5945.43
1,830,g_a,dpu,5945.44,5960.26
1,830,g_a,dpu,5960.26,5970.78
1,830,g_a_cpu,cpu,5970.78,5971.33
1,830,h_a,dpu,5971.33,5972.96
1,830,eb_enc,cpu,5972.96,5973.09
1,830,eb_dec,cpu,5973.09,5973.21
1,830,h_s,dpu,5973.21,5983.71
1,830,gc,cpu,5983.71,5994.84
1,837,normalize,cpu,5995.42,5999.18
1,837,g_a_cpu,cpu,5999.19,5999.8
1,837,g_a,dpu,5999.8,6005.77
1,837,g_a,dpu,6005.77,6030.85
1,837,g_a_cpu,cpu,6030.86,6031.23
1,837,h_a,dpu,6031.23,6032.99
1,837,eb_enc,cpu,6033,6033.17
1,837,eb_dec,cpu,6033.17,6033.32
1,837,h_s,dpu,6033.32,6046.3
1,837,gc,cpu,6046.3,6056.69
1,847,normalize,cpu,6057.29,6061.08
1,847,g_a_cpu,cpu,6061.09,6061.78
1,847,g_a,dpu,6061.78,6071.73
1,847,g_a,dpu,6071.74,6077.11
1,847,g_a_cpu,cpu,6077.11,6079.07
1,847,h_a,dpu,6079.07,6080.69
1,847,eb_enc,cpu,6080.69,6080.82
1,847,eb_dec,cpu,6080.82,6080.94
1,847,h_s,dpu,6080.94,6093.02
1,847,gc,cpu,6093.02,6103.72
1,853,normalize,cpu,6104.27,6107.99
1,853,g_a_cpu,cpu,6107.99,6108.38
1,853,g_a,dpu,6108.39,6113.71
1,853,g_a,dpu,6113.71,6118.99
1,853,g_a_cpu,cpu,6118.99,6119.46
1,853,h_a,dpu,6119.46,6121.96
1,853,eb_enc,cpu,6121.96,6122.08
1,853,eb_dec,cpu,6122.08,6122.19
1,853,h_s,dpu,6122.19,6129.58
1,853,gc,cpu,6129.58,6139.66
1,859,normalize,cpu,6140.28,6143.93
1,859,g_a_cpu,cpu,6143.94,6144.29
1,859,g_a,dpu,6144.29,6149.46
1,859,g_a,dpu,6149.46,6160.34
1,859,g_a_cpu,cpu,6160.34,6160.84
1,859,h_a,dpu,6160.85,6164.73
1,859,eb_enc,cpu,6164.73,6164.86
1,859,eb_dec,cpu,6164.86,6164.98
1,859,h_s,dpu,6164.98,6175.06
1,859,gc,cpu,6175.06,6185.35
1,866,normalize,cpu,6186.01,6189.81
1,866,g_a_cpu,cpu,6189.81,6190.17
1,866,g_a,dpu,6190.17,6212.57
1,866,g_a,dpu,6212.58,6232.75
1,866,g_a_cpu,cpu,6232.75,6233.12
1,866,h_a,dpu,6233.12,6241.67
1,866,eb_enc,cpu,6241.67,6241.84
1,866,eb_dec,cpu,6241.84,6241.97
1,866,h_s,dpu,6241.97,6243.43
1,866,gc,cpu,6243.43,6254.03
1,875,normalize,cpu,6254.6,6258.37
1,875,g_a_cpu,cpu,6258.37,6259.07
1,875,g_a,dpu,6259.08,6272.32
1,875,g_a,dpu,6272.32,6277.82
1,875,g_a_cpu,cpu,6277.82,6278.19
1,875,h_a,dpu,6278.19,6281.46
1,875,eb_enc,cpu,6281.46,6281.62
1,875,eb_dec,cpu,6281.62,6281.75
1,875,h_s,dpu,6281.75,6287.12
1,875,gc,cpu,6287.12,6298.64
1,882,normalize,cpu,6299.13,6303.02
1,882,g_a_cpu,cpu,6303.03,6303.87
1,882,g_a,dpu,6303.87,6314.83
1,882,g_a,dpu,6314.83,6320
1,882,g_a_cpu,cpu,6320,6320.52
1,882,h_a,dpu,6320.53,6331.25
1,882,eb_enc,cpu,6331.26,6331.44
1,882,eb_dec,cpu,6331.44,6331.59
1,882,h_s,dpu,6331.59,6337.38
1,882,gc,cpu,6337.38,6347.51
1,889,normalize,cpu,6348.08,6351.8
1,889,g_a_cpu,cpu,6351.81,6352.61
1,889,g_a,dpu,6352.62,6361.38
1,889,g_a,dpu,6361.39,6371.07
1,889,g_a_cpu,cpu,6371.07,6371.45
1,889,h_a,dpu,6371.45,6378.75
1,889,eb_enc,cpu,6378.75,6378.88
1,889,eb_dec,cpu,6378.88,6379
1,889,h_s,dpu,6379,6380.69
1,889,gc,cpu,6380.69,6394.54
1,897,normalize,cpu,6395.35,6402.86
1,897,g_a_cpu,cpu,6402.87,6403.25
1,897,g_a,dpu,6403.25,6417.93
1,897,g_a,dpu,6417.94,6432.98
1,897,g_a_cpu,cpu,6432.98,6433.64
1,897,h_a,dpu,6433.65,6436.99
1,897,eb_enc,cpu,6436.99,6437.13
1,897,eb_dec,cpu,6437.13,6437.25
1,897,h_s,dpu,6437.25,6445.48
1,897,gc,cpu,6445.49,6455.82
1,905,normalize,cpu,6456.75,6460.5
1,905,g_a_cpu,cpu,6460.5,6461.03
1,905,g_a,dpu,6461.03,6487.54
1,905,g_a,dpu,6487.54,6492.76
1,905,g_a_cpu,cpu,6492.76,6493.28
1,905,h_a,dpu,6493.29,6502.84
1,905,eb_enc,cpu,6502.84,6502.96
1,905,eb_dec,cpu,6502.96,6503.07
1,905,h_s,dpu,6503.07,6512.35
1,905,gc,cpu,6512.35,6528.16
1,916,normalize,cpu,6528.76,6537.36
1,916,g_a_cpu,cpu,6537.37,6537.93
1,916,g_a,dpu,6537.93,6548.19
1,916,g_a,dpu,6548.19,6557.55
1,916,g_a_cpu,cpu,6557.55,6558.09
1,916,h_a,dpu,6558.09,6562.81
1,916,eb_enc,cpu,6562.81,6562.94
1,916,eb_dec,cpu,6562.94,6563.05
1,916,h_s,dpu,6563.05,6571.94
1,916,gc,cpu,6571.94,6582.05
1,923,normalize,cpu,6582.52,6586.35
1,923,g_a_cpu,cpu,6586.35,6587.52
1,923,g_a,dpu,6587.52,6610.28
1,923,g_a,dpu,6610.28,6623.05
1,923,g_a_cpu,cpu,6623.05,6623.78
1,923,h_a,dpu,6623.78,6625.92
1,923,eb_enc,cpu,6625.92,6626.1
1,923,eb_dec,cpu,6626.1,6626.22
1,923,h_s,dpu,6626.22,6639.58
1,923,gc,cpu,6639.58,6649.59
2,1,normalize,cpu,65.2409,69.0077
2,1,g_a_cpu,cpu,74.503,75.0047
2,1,g_a,dpu,75.0154,89.0143
2,1,g_a,dpu,89.0173,103.369
2,1,g_a_cpu,cpu,103.374,103.916
2,1,h_a,dpu,103.923,118.339
2,1,eb_enc,cpu,118.342,118.576
2,1,eb_dec,cpu,118.577,118.728
2,1,h_s,dpu,118.728,122.174
2,1,gc,cpu,122.188,158.564
2,13,normalize,cpu,158.989,162.777
2,13,g_a_cpu,cpu,162.781,163.184
2,13,g_a,dpu,163.186,183.613
2,13,g_a,dpu,183.614,201.269
2,13,g_a_cpu,cpu,201.271,201.683
2,13,h_a,dpu,201.686,203.998
2,13,eb_enc,cpu,204.001,204.141
2,13,eb_dec,cpu,204.145,204.258
2,13,h_s,dpu,204.258,205.742
2,13,gc,cpu,205.745,222.074
2,19,normalize,cpu,222.624,226.4
2,19,g_a_cpu,cpu,226.405,226.828
2,19,g_a,dpu,226.832,232.953
2,19,g_a,dpu,232.955,243.94
2,19,g_a_cpu,cpu,243.942,244.663
2,19,h_a,dpu,244.665,252.941
2,19,eb_enc,cpu,252.942,253.075
2,19,eb_dec,cpu,253.075,253.183
2,19,h_s,dpu,253.183,262.778
2,19,gc,cpu,262.78,284.036
2,28,normalize,cpu,284.52,288.268
2,28,g_a_cpu,cpu,288.273,288.711
2,28,g_a,dpu,288.714,298.98
2,28,g_a,dpu,298.986,305.302
2,28,g_a_cpu,cpu,305.305,305.864
2,28,h_a,dpu,305.866,320.535
2,28,eb_enc,cpu,320.536,320.684
2,28,eb_dec,cpu,320.685,320.808
2,28,h_s,dpu,320.809,322.088
2,28,gc,cpu,322.088,336.392
2,35,normalize,cpu,337.183,341.92
2,35,g_a_cpu,cpu,341.925,342.505
2,35,g_a,dpu,342.509,352.277
2,35,g_a,dpu,352.279,367.54
2,35,g_a_cpu,cpu,367.541,368.131
2,35,h_a,dpu,368.133,374.234
2,35,eb_enc,cpu,374.235,374.389
2,35,eb_dec,cpu,374.389,374.504
2,35,h_s,dpu,374.504,375.551
2,35,gc,cpu,375.552,387.129
2,43,normalize,cpu,388.26,392
2,43,g_a_cpu,cpu,392.003,392.526
2,43,g_a,dpu,392.53,405.931
2,43,g_a,dpu,405.933,425.482
2,43,g_a_cpu,cpu,425.484,426.024
2,43,h_a,dpu,426.028,428.756
2,43,eb_enc,cpu,428.758,429.027
2,43,eb_dec,cpu,429.029,429.173
2,43,h_s,dpu,429.174,430.657
2,43,gc,cpu,430.658,441.585
2,52,normalize,cpu,442.384,447.256
2,52,g_a_cpu,cpu,447.26,447.9
2,52,g_a,dpu,447.905,453.854
2,52,g_a,dpu,453.855,473.255
2,52,g_a_cpu,cpu,473.256,473.706
2,52,h_a,dpu,473.714,477.422
2,52,eb_enc,cpu,477.423,477.557
2,52,eb_dec,cpu,477.557,477.67
2,52,h_s,dpu,477.67,489.384
2,52,gc,cpu,489.385,500.164
2,60,normalize,cpu,501.302,505.659
2,60,g_a_cpu,cpu,505.664,506.215
2,60,g_a,dpu,506.219,526.41
2,60,g_a,dpu,526.412,535.373
2,60,g_a_cpu,cpu,535.376,536.264
2,60,h_a,dpu,536.271,569.461
2,60,eb_enc,cpu,569.461,569.647
2,60,eb_dec,cpu,569.647,569.774
2,60,h_s,dpu,569.774,571.605
2,60,gc,cpu,571.606,581.881
2,69,normalize,cpu,582.717,586.41
2,69,g_a_cpu,cpu,586.416,587.074
2,69,g_a,dpu,587.079,600.179
2,69,g_a,dpu,600.181,612.527
2,69,g_a_cpu,cpu,612.529,612.893
2,69,h_a,dpu,612.895,614.512
2,69,eb_enc,cpu,614.514,614.642
2,69,eb_dec,cpu,614.643,614.754
2,69,h_s,dpu,614.755,622.289
2,69,gc,cpu,622.291,633.378
2,77,normalize,cpu,634.743,638.488
2,77,g_a_cpu,cpu,638.493,638.865
2,77,g_a,dpu,638.867,644.611
2,77,g_a,dpu,644.612,670.047
2,77,g_a_cpu,cpu,670.049,670.467
2,77,h_a,dpu,670.47,673.588
2,77,eb_enc,cpu,673.59,673.774
2,77,eb_dec,cpu,673.775,673.898
2,77,h_s,dpu,673.899,678.106
2,77,gc,cpu,678.107,688.478
2,85,normalize,cpu,689.169,692.934
2,85,g_a_cpu,cpu,692.94,693.385
2,85,g_a,dpu,693.387,698.964
2,85,g_a,dpu,698.965,710.829
2,85,g_a_cpu,cpu,710.831,711.293
2,85,h_a,dpu,711.297,713.227
2,85,eb_enc,cpu,713.23,713.392
2,85,eb_dec,cpu,713.393,713.513
2,85,h_s,dpu,713.513,717.65
2,85,gc,cpu,717.652,728.659
2,93,normalize,cpu,732.096,735.719
2,93,g_a_cpu,cpu,735.723,736.3
2,93,g_a,dpu,736.303,749.752
2,93,g_a,dpu,749.753,761.132
2,93,g_a_cpu,cpu,761.135,761.547
2,93,h_a,dpu,761.55,769.63
2,93,eb_enc,cpu,769.632,769.763
2,93,eb_dec,cpu,769.765,769.875
2,93,h_s,dpu,769.875,777.156
2,93,gc,cpu,777.158,787.75
2,102,normalize,cpu,789.515,793.279
2,102,g_a_cpu,cpu,793.283,793.731
2,102,g_a,dpu,793.734,801.545
2,102,g_a,dpu,801.547,821.537
2,102,g_a_cpu,cpu,821.539,822.073
2,102,h_a,dpu,822.077,837.821
2,102,eb_enc,cpu,837.822,838.023
2,102,eb_dec,cpu,838.024,838.176
2,102,h_s,dpu,838.176,846.9
2,102,gc,cpu,846.914,857.178
2,111,normalize,cpu,857.721,861.39
2,111,g_a_cpu,cpu,861.394,861.822
2,111,g_a,dpu,861.827,867.267
2,111,g_a,dpu,867.268,876.013
2,111,g_a_cpu,cpu,876.014,876.482
2,111,h_a,dpu,876.484,883.699
2,111,eb_enc,cpu,883.7,883.874
2,111,eb_dec,cpu,883.874,884.041
2,111,h_s,dpu,884.042,895.379
2,111,gc,cpu,895.38,905.591
2,118,normalize,cpu,906.216,915.523
2,118,g_a_cpu,cpu,915.527,915.938
2,118,g_a,dpu,915.94,922.026
2,118,g_a,dpu,922.029,927.689
2,118,g_a_cpu,cpu,927.69,929.285
2,118,h_a,dpu,929.292,953.838
2,118,eb_enc,cpu,953.842,954.111
2,118,eb_dec,cpu,954.112,954.274
2,118,h_s,dpu,954.274,957.298
2,118,gc,cpu,957.3,967.71
2,124,normalize,cpu,972.455,976.138
2,124,g_a_cpu,cpu,976.141,976.531
2,124,g_a,dpu,976.535,983.527
2,124,g_a,dpu,983.531,993.564
2,124,g_a_cpu,cpu,993.567,993.927
2,124,h_a,dpu,993.929,996.177
2,124,eb_enc,cpu,996.179,996.335
2,124,eb_dec,cpu,996.336,996.449
2,124,h_s,dpu,996.449,1019.35
2,124,gc,cpu,1019.35,1029.55
2,132,normalize,cpu,1030.18,1033.97
2,132,g_a_cpu,cpu,1033.97,1034.32
2,132,g_a,dpu,1034.33,1039.8
2,132,g_a,dpu,1039.81,1045.51
2,132,g_a_cpu,cpu,1045.51,1046.2
2,132,h_a,dpu,1046.21,1057.93
2,132,eb_enc,cpu,1057.93,1058.21
2,132,eb_dec,cpu,1058.21,1058.36
2,132,h_s,dpu,1058.36,1059.98
2,132,gc,cpu,1059.98,1070.59
2,138,normalize,cpu,1071.24,1074.94
2,138,g_a_cpu,cpu,1074.94,1075.3
2,138,g_a,dpu,1075.31,1083.53
2,138,g_a,dpu,1083.54,1093.07
2,138,g_a_cpu,cpu,1093.08,1093.45
2,138,h_a,dpu,1093.45,1106.21
2,138,eb_enc,cpu,1106.22,1106.35
2,138,eb_dec,cpu,1106.35,1106.45
2,138,h_s,dpu,1106.45,1107.63
2,138,gc,cpu,1107.63,1117.65
2,146,normalize,cpu,1118.58,1122.23
2,146,g_a_cpu,cpu,1122.24,1123.09
2,146,g_a,dpu,1123.09,1133.33
2,146,g_a,dpu,1133.33,1143.4
2,146,g_a_cpu,cpu,1143.4,1144.04
2,146,h_a,dpu,1144.05,1146.01
2,146,eb_enc,cpu,1146.01,1146.16
2,146,eb_dec,cpu,1146.16,1146.27
2,146,h_s,dpu,1146.27,1148.29
2,146,gc,cpu,1148.29,1176.19
2,155,normalize,cpu,1176.89,1180.76
2,155,g_a_cpu,cpu,1180.76,1181.24
2,155,g_a,dpu,1181.24,1193.19
2,155,g_a,dpu,1193.19,1198.88
2,155,g_a_cpu,cpu,1198.88,1199.26
2,155,h_a,dpu,1199.26,1206.71
2,155,eb_enc,cpu,1206.71,1206.94
2,155,eb_dec,cpu,1206.94,1207.1
2,155,h_s,dpu,1207.1,1215.21
2,155,gc,cpu,1215.21,1225.27
2,162,normalize,cpu,1225.84,1229.61
2,162,g_a_cpu,cpu,1229.62,1229.97
2,162,g_a,dpu,1229.97,1235.56
2,162,g_a,dpu,1235.56,1247.46
2,162,g_a_cpu,cpu,1247.47,1248.15
2,162,h_a,dpu,1248.16,1261.6
2,162,eb_enc,cpu,1261.6,1261.77
2,162,eb_dec,cpu,1261.77,1261.89
2,162,h_s,dpu,1261.89,1263.1
2,162,gc,cpu,1263.11,1280.94
2,171,normalize,cpu,1281.54,1287.47
2,171,g_a_cpu,cpu,1287.48,1287.84
2,171,g_a,dpu,1287.84,1304.24
2,171,g_a,dpu,1304.24,1314.24
2,171,g_a_cpu,cpu,1314.24,1314.98
2,171,h_a,dpu,1314.98,1319.24
2,171,eb_enc,cpu,1319.24,1319.48
2,171,eb_dec,cpu,1319.48,1319.64
2,171,h_s,dpu,1319.64,1322.06
2,171,gc,cpu,1322.06,1332.65
2,176,normalize,cpu,1333.23,1337.04
2,176,g_a_cpu,cpu,1337.05,1337.87
2,176,g_a,dpu,1337.87,1343.34
2,176,g_a,dpu,1343.34,1348.78
2,176,g_a_cpu,cpu,1348.78,1349.2
2,176,h_a,dpu,1349.2,1352.89
2,176,eb_enc,cpu,1352.89,1353.03
2,176,eb_dec,cpu,1353.03,1353.15
2,176,h_s,dpu,1353.15,1354.71
2,176,gc,cpu,1354.72,1382.79
2,184,normalize,cpu,1383.24,1386.92
2,184,g_a_cpu,cpu,1386.93,1387.45
2,184,g_a,dpu,1387.46,1394.27
2,184,g_a,dpu,1394.27,1408.95
2,184,g_a_cpu,cpu,1408.95,1409.43
2,184,h_a,dpu,1409.43,1416.68
2,184,eb_enc,cpu,1416.68,1416.82
2,184,eb_dec,cpu,1416.82,1416.93
2,184,h_s,dpu,1416.93,1450.84
2,184,gc,cpu,1450.85,1460.91
2,194,normalize,cpu,1461.8,1465.51
2,194,g_a_cpu,cpu,1465.52,1465.84
2,194,g_a,dpu,1465.84,1477.64
2,194,g_a,dpu,1477.65,1483.64
2,194,g_a_cpu,cpu,1483.64,1484.05
2,194,h_a,dpu,1484.06,1490.92
2,194,eb_enc,cpu,1490.92,1491.06
2,194,eb_dec,cpu,1491.06,1491.18
2,194,h_s,dpu,1491.18,1499.47
2,194,gc,cpu,1499.47,1510.06
2,200,normalize,cpu,1510.67,1514.38
2,200,g_a_cpu,cpu,1514.39,1514.73
2,200,g_a,dpu,1514.74,1521.13
2,200,g_a,dpu,1521.13,1526.99
2,200,g_a_cpu,cpu,1527,1527.51
2,200,h_a,dpu,1527.52,1532.85
2,200,eb_enc,cpu,1532.85,1533.06
2,200,eb_dec,cpu,1533.08,1533.23
2,200,h_s,dpu,1533.23,1535.74
2,200,gc,cpu,1535.74,1546.85
2,207,normalize,cpu,1547.53,1552.62
2,207,g_a_cpu,cpu,1552.63,1553.01
2,207,g_a,dpu,1553.01,1562.22
2,207,g_a,dpu,1562.22,1579.75
2,207,g_a_cpu,cpu,1579.76,1580.34
2,207,h_a,dpu,1580.35,1582.45
2,207,eb_enc,cpu,1582.45,1582.62
2,207,eb_dec,cpu,1582.62,1582.74
2,207,h_s,dpu,1582.74,1583.78
2,207,gc,cpu,1583.78,1595.38
2,215,normalize,cpu,1596.09,1601.78
2,215,g_a_cpu,cpu,1601.78,1602.16
2,215,g_a,dpu,1602.16,1612.13
2,215,g_a,dpu,1612.13,1626.15
2,215,g_a_cpu,cpu,1626.15,1626.59
2,215,h_a,dpu,1626.59,1628.22
2,215,eb_enc,cpu,1628.22,1628.37
2,215,eb_dec,cpu,1628.37,1628.48
2,215,h_s,dpu,1628.48,1629.53
2,215,gc,cpu,1629.53,1639.56
2,220,normalize,cpu,1642.6,1646.26
2,220,g_a_cpu,cpu,1646.26,1646.59
2,220,g_a,dpu,1646.59,1652.65
2,220,g_a,dpu,1652.65,1658.1
2,220,g_a_cpu,cpu,1658.11,1658.49
2,220,h_a,dpu,1658.49,1671.3
2,220,eb_enc,cpu,1671.3,1671.46
2,220,eb_dec,cpu,1671.46,1671.58
2,220,h_s,dpu,1671.58,1684.82
2,220,gc,cpu,1684.83,1706.29
2,229,normalize,cpu,1716.01,1719.66
2,229,g_a_cpu,cpu,1719.67,1720.21
2,229,g_a,dpu,1720.21,1726.02
2,229,g_a,dpu,1726.02,1736.26
2,229,g_a_cpu,cpu,1736.27,1736.96
2,229,h_a,dpu,1736.96,1750.22
2,229,eb_enc,cpu,1750.22,1750.39
2,229,eb_dec,cpu,1750.39,1750.51
2,229,h_s,dpu,1750.51,1754.4
2,229,gc,cpu,1754.4,1777.23
2,238,normalize,cpu,1777.69,1781.43
2,238,g_a_cpu,cpu,1781.43,1781.98
2,238,g_a,dpu,1781.98,1792.55
2,238,g_a,dpu,1792.56,1799.06
2,238,g_a_cpu,cpu,1799.06,1799.59
2,238,h_a,dpu,1799.6,1819.63
2,238,eb_enc,cpu,1819.63,1819.75
2,238,eb_dec,cpu,1819.75,1819.86
2,238,h_s,dpu,1819.86,1828.17
2,238,gc,cpu,1828.17,1847.74
2,246,normalize,cpu,1851.29,1858.59
2,246,g_a_cpu,cpu,1858.6,1858.94
2,246,g_a,dpu,1858.95,1864.7
2,246,g_a,dpu,1864.7,1891.08
2,246,g_a_cpu,cpu,1891.09,1891.56
2,246,h_a,dpu,1891.56,1900.79
2,246,eb_enc,cpu,1900.79,1900.91
2,246,eb_dec,cpu,1900.92,1902.11
2,246,h_s,dpu,1902.11,1912.15
2,246,gc,cpu,1912.15,1934.72
2,259,normalize,cpu,1935.44,1939.09
2,259,g_a_cpu,cpu,1939.1,1939.54
2,259,g_a,dpu,1939.55,1945.52
2,259,g_a,dpu,1945.52,1968.86
2,259,g_a_cpu,cpu,1968.87,1969.58
2,259,h_a,dpu,1969.58,1975.77
2,259,eb_enc,cpu,1975.77,1975.9
2,259,eb_dec,cpu,1975.9,1976.04
2,259,h_s,dpu,1976.04,1991.49
2,259,gc,cpu,1991.49,2002.94
2,269,normalize,cpu,2003.67,2008.59
2,269,g_a_cpu,cpu,2008.6,2009.53
2,269,g_a,dpu,2009.53,2014.86
2,269,g_a,dpu,2014.86,2020.23
2,269,g_a_cpu,cpu,2020.23,2020.87
2,269,h_a,dpu,2020.87,2049.48
2,269,eb_enc,cpu,2049.51,2049.79
2,269,eb_dec,cpu,2049.79,2049.97
2,269,h_s,dpu,2049.97,2052.28
2,269,gc,cpu,2052.28,2062.77
2,278,normalize,cpu,2063.29,2067.06
2,278,g_a_cpu,cpu,2067.06,2067.65
2,278,g_a,dpu,2067.67,2073.31
2,278,g_a,dpu,2073.32,2078.93
2,278,g_a_cpu,cpu,2078.93,2079.36
2,278,h_a,dpu,2079.36,2084.76
2,278,eb_enc,cpu,2084.76,2084.88
2,278,eb_dec,cpu,2084.88,2084.99
2,278,h_s,dpu,2084.99,2101.54
2,278,gc,cpu,2101.55,2111.97
2,285,normalize,cpu,2112.9,2116.64
2,285,g_a_cpu,cpu,2116.64,2117.03
2,285,g_a,dpu,2117.03,2122.62
2,285,g_a,dpu,2122.63,2128.61
2,285,g_a_cpu,cpu,2128.61,2128.97
2,285,h_a,dpu,2128.97,2130.88
2,285,eb_enc,cpu,2130.88,2131.02
2,285,eb_dec,cpu,2131.02,2131.13
2,285,h_s,dpu,2131.13,2132.18
2,285,gc,cpu,2132.18,2142.44
2,290,normalize,cpu,2143.42,2147.12
2,290,g_a_cpu,cpu,2147.13,2147.76
2,290,g_a,dpu,2147.77,2160.15
2,290,g_a,dpu,2160.16,2172.42
2,290,g_a_cpu,cpu,2172.42,2172.87
2,290,h_a,dpu,2172.87,2181.97
2,290,eb_enc,cpu,2181.98,2182.23
2,290,eb_dec,cpu,2182.24,2182.38
2,290,h_s,dpu,2182.38,2201.05
2,290,gc,cpu,2201.06,2211.58
2,298,normalize,cpu,2212.17,2215.9
2,298,g_a_cpu,cpu,2215.91,2216.33
2,298,g_a,dpu,2216.33,2222.59
2,298,g_a,dpu,2222.59,2228.22
2,298,g_a_cpu,cpu,2228.22,2228.76
2,298,h_a,dpu,2228.76,2242.81
2,298,eb_enc,cpu,2242.81,2242.99
2,298,eb_dec,cpu,2242.99,2243.11
2,298,h_s,dpu,2243.11,2252.31
2,298,gc,cpu,2252.31,2263
2,304,normalize,cpu,2263.63,2267.3
2,304,g_a_cpu,cpu,2267.31,2267.91
2,304,g_a,dpu,2267.91,2273.49
2,304,g_a,dpu,2273.5,2278.96
2,304,g_a_cpu,cpu,2278.96,2279.38
2,304,h_a,dpu,2279.39,2281.21
2,304,eb_enc,cpu,2281.21,2281.36
2,304,eb_dec,cpu,2281.36,2281.48
2,304,h_s,dpu,2281.48,2284.02
2,304,gc,cpu,2284.02,2294.26
2,310,normalize,cpu,2294.81,2299.23
2,310,g_a_cpu,cpu,2299.24,2299.7
2,310,g_a,dpu,2299.7,2314.97
2,310,g_a,dpu,2314.97,2324.98
2,310,g_a_cpu,cpu,2324.98,2325.39
2,310,h_a,dpu,2325.4,2327.24
2,310,eb_enc,cpu,2327.24,2327.39
2,310,eb_dec,cpu,2327.39,2327.53
2,310,h_s,dpu,2327.53,2336.13
2,310,gc,cpu,2336.13,2350.4
2,319,normalize,cpu,2350.93,2354.66
2,319,g_a_cpu,cpu,2354.67,2355.1
2,319,g_a,dpu,2355.11,2366.39
2,319,g_a,dpu,2366.39,2380.64
2,319,g_a_cpu,cpu,2380.64,2381.31
2,319,h_a,dpu,2381.32,2383.37
2,319,eb_enc,cpu,2383.37,2383.5
2,319,eb_dec,cpu,2383.5,2383.62
2,319,h_s,dpu,2383.62,2384.71
2,319,gc,cpu,2384.71,2397.79
2,324,normalize,cpu,2398.54,2402.23
2,324,g_a_cpu,cpu,2402.23,2402.76
2,324,g_a,dpu,2402.76,2408.44
2,324,g_a,dpu,2408.45,2414.15
2,324,g_a_cpu,cpu,2414.15,2414.54
2,324,h_a,dpu,2414.55,2421.41
2,324,eb_enc,cpu,2421.41,2421.61
2,324,eb_dec,cpu,2421.61,2421.77
2,324,h_s,dpu,2421.77,2429.68
2,324,gc,cpu,2429.68,2440.58
2,331,normalize,cpu,2441.35,2445.1
2,331,g_a_cpu,cpu,2445.1,2445.68
2,331,g_a,dpu,2445.68,2453.63
2,331,g_a,dpu,2453.63,2459.3
2,331,g_a_cpu,cpu,2459.3,2459.71
2,331,h_a,dpu,2459.71,2471.64
2,331,eb_enc,cpu,2471.64,2471.85
2,331,eb_dec,cpu,2471.85,2472.02
2,331,h_s,dpu,2472.03,2486.31
2,331,gc,cpu,2486.31,2502.81
2,339,normalize,cpu,2505.2,2513.1
2,339,g_a_cpu,cpu,2513.11,2513.54
2,339,g_a,dpu,2513.54,2525.47
2,339,g_a,dpu,2525.48,2532.8
2,339,g_a_cpu,cpu,2532.8,2533.3
2,339,h_a,dpu,2533.3,2546.29
2,339,eb_enc,cpu,2546.3,2546.47
2,339,eb_dec,cpu,2546.47,2546.6
2,339,h_s,dpu,2546.6,2548.92
2,339,gc,cpu,2548.92,2564.98
2,349,normalize,cpu,2565.94,2569.68
2,349,g_a_cpu,cpu,2569.69,2570.06
2,349,g_a,dpu,2570.06,2575.92
2,349,g_a,dpu,2575.92,2583.51
2,349,g_a_cpu,cpu,2583.51,2584.18
2,349,h_a,dpu,2584.18,2593.71
2,349,eb_enc,cpu,2593.71,2593.87
2,349,eb_dec,cpu,2593.87,2594
2,349,h_s,dpu,2594,2598.36
2,349,gc,cpu,2598.36,2614.53
2,356,normalize,cpu,2615.02,2630.75
2,356,g_a_cpu,cpu,2630.75,2631.31
2,356,g_a,dpu,2631.32,2638.19
2,356,g_a,dpu,2638.19,2648.52
2,356,g_a_cpu,cpu,2648.53,2649.12
2,356,h_a,dpu,2649.13,2653.55
2,356,eb_enc,cpu,2653.55,2653.69
2,356,eb_dec,cpu,2653.69,2653.8
2,356,h_s,dpu,2653.8,2659.38
2,356,gc,cpu,2659.39,2669.57
2,363,normalize,cpu,2670.09,2673.87
2,363,g_a_cpu,cpu,2673.87,2674.26
2,363,g_a,dpu,2674.26,2684.47
2,363,g_a,dpu,2684.47,2692.03
2,363,g_a_cpu,cpu,2692.03,2692.46
2,363,h_a,dpu,2692.47,2705.75
2,363,eb_enc,cpu,2705.75,2705.9
2,363,eb_dec,cpu,2705.9,2706.01
2,363,h_s,dpu,2706.01,2710.41
2,363,gc,cpu,2710.41,2720.5
2,370,normalize,cpu,2721.46,2726.18
2,370,g_a_cpu,cpu,2726.19,2726.52
2,370,g_a,dpu,2726.52,2739.5
2,370,g_a,dpu,2739.5,2752.28
2,370,g_a_cpu,cpu,2752.28,2752.68
2,370,h_a,dpu,2752.69,2755.13
2,370,eb_enc,cpu,2755.13,2755.27
2,370,eb_dec,cpu,2755.27,2755.39
2,370,h_s,dpu,2755.39,2768.29
2,370,gc,cpu,2768.29,2778.23
2,379,normalize,cpu,2778.81,2783.01
2,379,g_a_cpu,cpu,2783.01,2783.34
2,379,g_a,dpu,2783.34,2789.81
2,379,g_a,dpu,2789.81,2800.04
2,379,g_a_cpu,cpu,2800.04,2800.44
2,379,h_a,dpu,2800.45,2802.99
2,379,eb_enc,cpu,2802.99,2803.14
2,379,eb_dec,cpu,2803.14,2803.26
2,379,h_s,dpu,2803.26,2810.08
2,379,gc,cpu,2810.08,2820.22
2,385,normalize,cpu,2821.08,2824.8
2,385,g_a_cpu,cpu,2824.8,2826.99
2,385,g_a,dpu,2827,2848.27
2,385,g_a,dpu,2848.27,2854.36
2,385,g_a_cpu,cpu,2854.36,2854.75
2,385,h_a,dpu,2854.75,2864.59
2,385,eb_enc,cpu,2864.59,2864.73
2,385,eb_dec,cpu,2864.73,2864.84
2,385,h_s,dpu,2864.84,2872.68
2,385,gc,cpu,2872.68,2882.99
2,394,normalize,cpu,2883.54,2901.32
2,394,g_a_cpu,cpu,2901.33,2901.73
2,394,g_a,dpu,2901.74,2907.33
2,394,g_a,dpu,2907.33,2912.69
2,394,g_a_cpu,cpu,2912.69,2913.06
2,394,h_a,dpu,2913.06,2920.62
2,394,eb_enc,cpu,2920.62,2920.78
2,394,eb_dec,cpu,2920.78,2920.9
2,394,h_s,dpu,2920.9,2929.98
2,394,gc,cpu,2929.99,2940.58
2,401,normalize,cpu,2942.4,2955.11
2,401,g_a_cpu,cpu,2955.11,2955.84
2,401,g_a,dpu,2955.84,2962.47
2,401,g_a,dpu,2962.51,2972.8
2,401,g_a_cpu,cpu,2972.8,2973.19
2,401,h_a,dpu,2973.2,2975.75
2,401,eb_enc,cpu,2975.75,2975.92
2,401,eb_dec,cpu,2975.92,2976.07
2,401,h_s,dpu,2976.07,2977.48
2,401,gc,cpu,2977.48,2989.5
2,410,normalize,cpu,2990.5,2994.23
2,410,g_a_cpu,cpu,2994.23,2994.62
2,410,g_a,dpu,2994.63,3021.39
2,410,g_a,dpu,3021.39,3044.74
2,410,g_a_cpu,cpu,3044.75,3045.19
2,410,h_a,dpu,3045.19,3047.87
2,410,eb_enc,cpu,3047.87,3048.03
2,410,eb_dec,cpu,3048.03,3048.14
2,410,h_s,dpu,3048.14,3049.49
2,410,gc,cpu,3049.49,3059.58
2,418,normalize,cpu,3060.34,3063.99
2,418,g_a_cpu,cpu,3063.99,3064.39
2,418,g_a,dpu,3064.39,3085.08
2,418,g_a,dpu,3085.08,3094.43
2,418,g_a_cpu,cpu,3094.44,3094.85
2,418,h_a,dpu,3094.85,3100.86
2,418,eb_enc,cpu,3100.87,3101.13
2,418,eb_dec,cpu,3101.14,3101.3
2,418,h_s,dpu,3101.3,3108.32
2,418,gc,cpu,3108.32,3118.36
2,426,normalize,cpu,3119,3122.75
2,426,g_a_cpu,cpu,3122.75,3123.04
2,426,g_a,dpu,3123.04,3128.72
2,426,g_a,dpu,3128.73,3144.2
2,426,g_a_cpu,cpu,3144.2,3144.87
2,426,h_a,dpu,3144.87,3147.05
2,426,eb_enc,cpu,3147.05,3147.25
2,426,eb_dec,cpu,3147.25,3147.39
2,426,h_s,dpu,3147.39,3150.46
2,426,gc,cpu,3150.46,3168.38
2,434,normalize,cpu,3169,3174.66
2,434,g_a_cpu,cpu,3174.66,3175.1
2,434,g_a,dpu,3175.11,3185.67
2,434,g_a,dpu,3185.67,3191.47
2,434,g_a_cpu,cpu,3191.47,3191.99
2,434,h_a,dpu,3191.99,3203.94
2,434,eb_enc,cpu,3203.94,3204.1
2,434,eb_dec,cpu,3204.1,3204.21
2,434,h_s,dpu,3204.22,3213.77
2,434,gc,cpu,3213.77,3228.02
2,445,normalize,cpu,3229.35,3233.01
2,445,g_a_cpu,cpu,3233.02,3233.67
2,445,g_a,dpu,3233.67,3240.69
2,445,g_a,dpu,3240.69,3246.88
2,445,g_a_cpu,cpu,3246.88,3247.45
2,445,h_a,dpu,3247.45,3260.31
2,445,eb_enc,cpu,3260.31,3260.43
2,445,eb_dec,cpu,3260.43,3260.54
2,445,h_s,dpu,3260.54,3277.07
2,445,gc,cpu,3277.07,3300.42
2,456,normalize,cpu,3301.19,3310.97
2,456,g_a_cpu,cpu,3310.97,3311.45
2,456,g_a,dpu,3311.46,3324.04
2,456,g_a,dpu,3324.04,3338.28
2,456,g_a_cpu,cpu,3338.28,3338.91
2,456,h_a,dpu,3338.91,3347.65
2,456,eb_enc,cpu,3347.65,3347.8
2,456,eb_dec,cpu,3347.8,3347.92
2,456,h_s,dpu,3347.92,3355.72
2,456,gc,cpu,3355.72,3365.9
2,464,normalize,cpu,3366.74,3370.46
2,464,g_a_cpu,cpu,3370.46,3371
2,464,g_a,dpu,3371.01,3391.31
2,464,g_a,dpu,3391.31,3407.61
2,464,g_a_cpu,cpu,3407.61,3408.1
2,464,h_a,dpu,3408.11,3412.6
2,464,eb_enc,cpu,3412.6,3412.73
2,464,eb_dec,cpu,3412.73,3412.87
2,464,h_s,dpu,3412.87,3423.71
2,464,gc,cpu,3423.71,3438.14
2,473,normalize,cpu,3438.85,3442.59
2,473,g_a_cpu,cpu,3442.59,3443.06
2,473,g_a,dpu,3443.06,3455.13
2,473,g_a,dpu,3455.13,3460.63
2,473,g_a_cpu,cpu,3460.63,3460.98
2,473,h_a,dpu,3460.98,3471.76
2,473,eb_enc,cpu,3471.76,3471.89
2,473,eb_dec,cpu,3471.89,3472.03
2,473,h_s,dpu,3472.03,3477.78
2,473,gc,cpu,3477.78,3489.94
2,480,normalize,cpu,3490.5,3494.37
2,480,g_a_cpu,cpu,3494.37,3494.81
2,480,g_a,dpu,3494.81,3504.64
2,480,g_a,dpu,3504.64,3518.51
2,480,g_a_cpu,cpu,3518.51,3518.95
2,480,h_a,dpu,3518.95,3526.71
2,480,eb_enc,cpu,3526.71,3526.85
2,480,eb_dec,cpu,3526.85,3526.96
2,480,h_s,dpu,3526.96,3536.13
2,480,gc,cpu,3536.13,3546.7
2,490,normalize,cpu,3547.52,3551.19
2,490,g_a_cpu,cpu,3551.19,3551.58
2,490,g_a,dpu,3551.58,3565.73
2,490,g_a,dpu,3565.73,3589.65
2,490,g_a_cpu,cpu,3589.66,3590.17
2,490,h_a,dpu,3590.18,3592.1
2,490,eb_enc,cpu,3592.1,3592.28
2,490,eb_dec,cpu,3592.28,3592.4
2,490,h_s,dpu,3592.4,3601.43
2,490,gc,cpu,3601.44,3611.56
2,497,normalize,cpu,3612.06,3615.78
2,497,g_a_cpu,cpu,3615.78,3616.18
2,497,g_a,dpu,3616.18,3633.93
2,497,g_a,dpu,3633.93,3643.57
2,497,g_a_cpu,cpu,3643.58,3644.14
2,497,h_a,dpu,3644.15,3646.67
2,497,eb_enc,cpu,3646.67,3646.83
2,497,eb_dec,cpu,3646.83,3646.95
2,497,h_s,dpu,3646.95,3654.06
2,497,gc,cpu,3654.06,3668.64
2,506,normalize,cpu,3669.62,3673.27
2,506,g_a_cpu,cpu,3673.28,3673.7
2,506,g_a,dpu,3673.7,3688.24
2,506,g_a,dpu,3688.24,3708.69
2,506,g_a_cpu,cpu,3708.69,3709.17
2,506,h_a,dpu,3709.17,3716.12
2,506,eb_enc,cpu,3716.12,3716.29
2,506,eb_dec,cpu,3716.29,3716.42
2,506,h_s,dpu,3716.42,3725.99
2,506,gc,cpu,3725.99,3735.99
2,515,normalize,cpu,3736.66,3740.33
2,515,g_a_cpu,cpu,3740.33,3740.64
2,515,g_a,dpu,3740.64,3760.28
2,515,g_a,dpu,3760.29,3766.4
2,515,g_a_cpu,cpu,3766.4,3767.18
2,515,h_a,dpu,3767.18,3775.25
2,515,eb_enc,cpu,3775.26,3775.51
2,515,eb_dec,cpu,3775.51,3775.69
2,515,h_s,dpu,3775.69,3786.11
2,515,gc,cpu,3786.11,3796.96
2,523,normalize,cpu,3798.1,3801.87
2,523,g_a_cpu,cpu,3801.88,3802.24
2,523,g_a,dpu,3802.24,3816.71
2,523,g_a,dpu,3816.71,3830.12
2,523,g_a_cpu,cpu,3830.13,3830.56
2,523,h_a,dpu,3830.56,3832.25
2,523,eb_enc,cpu,3832.25,3832.37
2,523,eb_dec,cpu,3832.37,3832.48
2,523,h_s,dpu,3832.48,3852.16
2,523,gc,cpu,3852.16,3862.3
2,531,normalize,cpu,3862.83,3866.5
2,531,g_a_cpu,cpu,3866.5,3866.77
2,531,g_a,dpu,3866.77,3872.89
2,531,g_a,dpu,3872.89,3894.65
2,531,g_a_cpu,cpu,3894.65,3895.08
2,531,h_a,dpu,3895.09,3899.42
2,531,eb_enc,cpu,3899.42,3899.56
2,531,eb_dec,cpu,3899.56,3899.66
2,531,h_s,dpu,3899.66,3910.01
2,531,gc,cpu,3910.02,3923.11
2,540,normalize,cpu,3923.84,3928.62
2,540,g_a_cpu,cpu,3928.62,3928.99
2,540,g_a,dpu,3928.99,3936.57
2,540,g_a,dpu,3936.57,3942.05
2,540,g_a_cpu,cpu,3942.06,3942.57
2,540,h_a,dpu,3942.57,3952.55
2,540,eb_enc,cpu,3952.55,3952.69
2,540,eb_dec,cpu,3952.69,3952.8
2,540,h_s,dpu,3952.8,3961.32
2,540,gc,cpu,3961.32,3983.27
2,549,normalize,cpu,3984.27,3988.01
2,549,g_a_cpu,cpu,3988.02,3988.42
2,549,g_a,dpu,3988.42,3995.1
2,549,g_a,dpu,3995.1,4003.83
2,549,g_a_cpu,cpu,4003.83,4004.38
2,549,h_a,dpu,4004.38,4010.65
2,549,eb_enc,cpu,4010.65,4010.81
2,549,eb_dec,cpu,4010.81,4010.94
2,549,h_s,dpu,4010.94,4013.75
2,549,gc,cpu,4013.75,4024.15
2,555,normalize,cpu,4024.78,4028.53
2,555,g_a_cpu,cpu,4028.54,4028.88
2,555,g_a,dpu,4028.88,4038.36
2,555,g_a,dpu,4038.36,4043.78
2,555,g_a_cpu,cpu,4043.78,4044.24
2,555,h_a,dpu,4044.24,4070.41
2,555,eb_enc,cpu,4070.41,4070.54
2,555,eb_dec,cpu,4070.54,4070.65
2,555,h_s,dpu,4070.65,4075.37
2,555,gc,cpu,4075.37,4086.14
2,564,normalize,cpu,4087.14,4090.87
2,564,g_a_cpu,cpu,4090.87,4091.19
2,564,g_a,dpu,4091.19,4099.73
2,564,g_a,dpu,4099.73,4109.46
2,564,g_a_cpu,cpu,4109.46,4109.91
2,564,h_a,dpu,4109.91,4135.19
2,564,eb_enc,cpu,4135.19,4135.35
2,564,eb_dec,cpu,4135.35,4135.47
2,564,h_s,dpu,4135.47,4139.28
2,564,gc,cpu,4139.28,4149.64
2,573,normalize,cpu,4150.4,4154.18
2,573,g_a_cpu,cpu,4154.19,4155.07
2,573,g_a,dpu,4155.08,4168.8
2,573,g_a,dpu,4168.81,4174.21
2,573,g_a_cpu,cpu,4174.21,4174.72
2,573,h_a,dpu,4174.72,4190.35
2,573,eb_enc,cpu,4190.35,4190.49
2,573,eb_dec,cpu,4190.49,4190.61
2,573,h_s,dpu,4190.61,4196.46
2,573,gc,cpu,4196.46,4211.56
2,582,normalize,cpu,4212.21,4215.86
2,582,g_a_cpu,cpu,4215.87,4216.4
2,582,g_a,dpu,4216.41,4226.9
2,582,g_a,dpu,4226.91,4234.09
2,582,g_a_cpu,cpu,4234.1,4234.66
2,582,h_a,dpu,4234.67,4248.09
2,582,eb_enc,cpu,4248.09,4248.28
2,582,eb_dec,cpu,4248.28,4248.4
2,582,h_s,dpu,4248.4,4251.63
2,582,gc,cpu,4251.63,4273.74
2,590,normalize,cpu,4274.21,4277.93
2,590,g_a_cpu,cpu,4277.94,4278.23
2,590,g_a,dpu,4278.24,4283.69
2,590,g_a,dpu,4283.69,4289.18
2,590,g_a_cpu,cpu,4289.18,4289.8
2,590,h_a,dpu,4289.8,4297.88
2,590,eb_enc,cpu,4297.88,4298.03
2,590,eb_dec,cpu,4298.03,4298.14
2,590,h_s,dpu,4298.14,4303.39
2,590,gc,cpu,4303.4,4324.15
2,597,normalize,cpu,4324.68,4328.44
2,597,g_a_cpu,cpu,4328.44,4328.86
2,597,g_a,dpu,4328.87,4340.63
2,597,g_a,dpu,4340.63,4346.63
2,597,g_a_cpu,cpu,4346.63,4347.01
2,597,h_a,dpu,4347.01,4349.12
2,597,eb_enc,cpu,4349.12,4349.26
2,597,eb_dec,cpu,4349.26,4349.37
2,597,h_s,dpu,4349.37,4359.69
2,597,gc,cpu,4359.69,4370.07
2,603,normalize,cpu,4371.06,4376.05
2,603,g_a_cpu,cpu,4376.05,4376.47
2,603,g_a,dpu,4376.47,4389.14
2,603,g_a,dpu,4389.15,4394.8
2,603,g_a_cpu,cpu,4394.8,4395.24
2,603,h_a,dpu,4395.24,4403.26
2,603,eb_enc,cpu,4403.26,4403.38
2,603,eb_dec,cpu,4403.38,4403.49
2,603,h_s,dpu,4403.49,4418.2
2,603,gc,cpu,4418.2,4428.44
2,611,normalize,cpu,4429.1,4432.87
2,611,g_a_cpu,cpu,4432.87,4433.24
2,611,g_a,dpu,4433.24,4441.67
2,611,g_a,dpu,4441.67,4454.07
2,611,g_a_cpu,cpu,4454.07,4454.48
2,611,h_a,dpu,4454.48,4456.15
2,611,eb_enc,cpu,4456.15,4456.28
2,611,eb_dec,cpu,4456.28,4456.39
2,611,h_s,dpu,4456.39,4464.85
2,611,gc,cpu,4464.85,4477.59
2,619,normalize,cpu,4478.49,4482.3
2,619,g_a_cpu,cpu,4482.31,4482.7
2,619,g_a,dpu,4482.71,4500.95
2,619,g_a,dpu,4500.96,4506.69
2,619,g_a_cpu,cpu,4506.7,4507.3
2,619,h_a,dpu,4507.3,4518.29
2,619,eb_enc,cpu,4518.29,4518.45
2,619,eb_dec,cpu,4518.45,4518.56
2,619,h_s,dpu,4518.56,4527.3
2,619,gc,cpu,4527.31,4537.49
2,628,normalize,cpu,4538.36,4542.02
2,628,g_a_cpu,cpu,4542.03,4542.65
2,628,g_a,dpu,4542.66,4549.67
2,628,g_a,dpu,4549.67,4558.07
2,628,g_a_cpu,cpu,4558.08,4558.6
2,628,h_a,dpu,4558.6,4566.98
2,628,eb_enc,cpu,4566.98,4571.51
2,628,eb_dec,cpu,4571.51,4571.63
2,628,h_s,dpu,4571.63,4589.6
2,628,gc,cpu,4589.6,4599.64
2,638,normalize,cpu,4600.23,4603.89
2,638,g_a_cpu,cpu,4603.9,4604.46
2,638,g_a,dpu,4604.47,4610.58
2,638,g_a,dpu,4610.58,4642.65
2,638,g_a_cpu,cpu,4642.65,4643.08
2,638,h_a,dpu,4643.09,4645.79
2,638,eb_enc,cpu,4645.79,4645.93
2,638,eb_dec,cpu,4645.93,4646.04
2,638,h_s,dpu,4646.04,4647.06
2,638,gc,cpu,4647.06,4657.36
2,645,normalize,cpu,4657.91,4662.68
2,645,g_a_cpu,cpu,4662.69,4663.07
2,645,g_a,dpu,4663.07,4668.61
2,645,g_a,dpu,4668.61,4677.02
2,645,g_a_cpu,cpu,4677.02,4677.5
2,645,h_a,dpu,4677.51,4684.2
2,645,eb_enc,cpu,4684.2,4684.34
2,645,eb_dec,cpu,4684.34,4684.46
2,645,h_s,dpu,4684.46,4685.75
2,645,gc,cpu,4685.75,4696.52
2,650,normalize,cpu,4697.07,4707.84
2,650,g_a_cpu,cpu,4707.84,4708.25
2,650,g_a,dpu,4708.25,4719.18
2,650,g_a,dpu,4719.18,4745.87
2,650,g_a_cpu,cpu,4745.88,4746.4
2,650,h_a,dpu,4746.4,4756.09
2,650,eb_enc,cpu,4756.09,4756.23
2,650,eb_dec,cpu,4756.23,4756.35
2,650,h_s,dpu,4756.35,4757.76
2,650,gc,cpu,4757.76,4768.12
2,661,normalize,cpu,4768.86,4772.55
2,661,g_a_cpu,cpu,4772.55,4772.9
2,661,g_a,dpu,4772.9,4782.75
2,661,g_a,dpu,4782.76,4788.17
2,661,g_a_cpu,cpu,4788.17,4788.63
2,661,h_a,dpu,4788.63,4790.65
2,661,eb_enc,cpu,4790.65,4790.78
2,661,eb_dec,cpu,4790.78,4790.9
2,661,h_s,dpu,4790.9,4792.16
2,661,gc,cpu,4792.17,4804.2
2,667,normalize,cpu,4804.89,4809.13
2,667,g_a_cpu,cpu,4809.14,4809.53
2,667,g_a,dpu,4809.53,4815.2
2,667,g_a,dpu,4815.2,4821.23
2,667,g_a_cpu,cpu,4821.23,4821.99
2,667,h_a,dpu,4822,4841.88
2,667,eb_enc,cpu,4841.89,4842
2,667,eb_dec,cpu,4842,4842.11
2,667,h_s,dpu,4842.11,4845.72
2,667,gc,cpu,4845.72,4865.52
2,676,normalize,cpu,4871.38,4875.11
2,676,g_a_cpu,cpu,4875.11,4875.45
2,676,g_a,dpu,4875.45,4881.24
2,676,g_a,dpu,4881.24,4891.09
2,676,g_a_cpu,cpu,4891.09,4891.5
2,676,h_a,dpu,4891.5,4896.75
2,676,eb_enc,cpu,4896.75,4896.93
2,676,eb_dec,cpu,4896.93,4897.04
2,676,h_s,dpu,4897.04,4901.49
2,676,gc,cpu,4901.49,4911.9
2,682,normalize,cpu,4912.7,4916.57
2,682,g_a_cpu,cpu,4916.58,4917.23
2,682,g_a,dpu,4917.26,4931.7
2,682,g_a,dpu,4931.7,4943.25
2,682,g_a_cpu,cpu,4943.25,4943.66
2,682,h_a,dpu,4943.67,4945.58
2,682,eb_enc,cpu,4945.58,4945.71
2,682,eb_dec,cpu,4945.71,4945.82
2,682,h_s,dpu,4945.82,4954.37
2,682,gc,cpu,4954.37,4965.14
2,690,normalize,cpu,4965.96,4969.63
2,690,g_a_cpu,cpu,4969.64,4969.99
2,690,g_a,dpu,4970,4975.56
2,690,g_a,dpu,4975.56,4985.03
2,690,g_a_cpu,cpu,4985.03,4985.54
2,690,h_a,dpu,4985.54,4987.26
2,690,eb_enc,cpu,4987.26,4987.39
2,690,eb_dec,cpu,4987.39,4987.5
2,690,h_s,dpu,4987.5,4994.79
2,690,gc,cpu,4994.8,5006.22
2,696,normalize,cpu,5006.98,5010.69
2,696,g_a_cpu,cpu,5010.7,5011.21
2,696,g_a,dpu,5011.22,5019
2,696,g_a,dpu,5019,5040.21
2,696,g_a_cpu,cpu,5040.21,5040.72
2,696,h_a,dpu,5040.72,5044.81
2,696,eb_enc,cpu,5044.81,5044.96
2,696,eb_dec,cpu,5044.96,5045.07
2,696,h_s,dpu,5045.08,5051.11
2,696,gc,cpu,5051.12,5061.71
2,704,normalize,cpu,5062.27,5067.19
2,704,g_a_cpu,cpu,5067.2,5067.9
2,704,g_a,dpu,5067.9,5080.81
2,704,g_a,dpu,5080.82,5086.62
2,704,g_a_cpu,cpu,5086.62,5087.06
2,704,h_a,dpu,5087.06,5092.95
2,704,eb_enc,cpu,5092.96,5093.08
2,704,eb_dec,cpu,5093.08,5093.21
2,704,h_s,dpu,5093.21,5109.24
2,704,gc,cpu,5109.24,5119.23
2,711,normalize,cpu,5119.64,5123.41
2,711,g_a_cpu,cpu,5123.41,5123.76
2,711,g_a,dpu,5123.76,5135.56
2,711,g_a,dpu,5135.56,5148.56
2,711,g_a_cpu,cpu,5148.57,5149.2
2,711,h_a,dpu,5149.2,5165.6
2,711,eb_enc,cpu,5165.61,5165.76
2,711,eb_dec,cpu,5165.76,5165.88
2,711,h_s,dpu,5165.88,5175.72
2,711,gc,cpu,5175.72,5187.33
2,722,normalize,cpu,5188.34,5192.69
2,722,g_a_cpu,cpu,5192.7,5193.05
2,722,g_a,dpu,5193.06,5204.13
2,722,g_a,dpu,5204.13,5225.89
2,722,g_a_cpu,cpu,5225.89,5226.35
2,722,h_a,dpu,5226.35,5230.71
2,722,eb_enc,cpu,5230.71,5230.95
2,722,eb_dec,cpu,5230.95,5231.12
2,722,h_s,dpu,5231.12,5240.89
2,722,gc,cpu,5240.89,5252.04
2,731,normalize,cpu,5252.79,5256.52
2,731,g_a_cpu,cpu,5256.53,5256.9
2,731,g_a,dpu,5256.9,5276.01
2,731,g_a,dpu,5276.01,5281.55
2,731,g_a_cpu,cpu,5281.56,5282.07
2,731,h_a,dpu,5282.07,5284.06
2,731,eb_enc,cpu,5284.06,5284.28
2,731,eb_dec,cpu,5284.28,5284.45
2,731,h_s,dpu,5284.45,5286.01
2,731,gc,cpu,5286.01,5296.41
2,737,normalize,cpu,5297.2,5301.1
2,737,g_a_cpu,cpu,5301.11,5301.5
2,737,g_a,dpu,5301.5,5307.2
2,737,g_a,dpu,5307.2,5314.94
2,737,g_a_cpu,cpu,5314.94,5315.56
2,737,h_a,dpu,5315.57,5318.64
2,737,eb_enc,cpu,5318.64,5318.78
2,737,eb_dec,cpu,5318.78,5318.89
2,737,h_s,dpu,5318.89,5325.4
2,737,gc,cpu,5325.4,5337.84
2,743,normalize,cpu,5338.5,5342.36
2,743,g_a_cpu,cpu,5342.36,5342.68
2,743,g_a,dpu,5342.68,5348.44
2,743,g_a,dpu,5348.45,5359.89
2,743,g_a_cpu,cpu,5359.89,5360.37
2,743,h_a,dpu,5360.37,5368.01
2,743,eb_enc,cpu,5368.01,5368.17
2,743,eb_dec,cpu,5368.17,5368.3
2,743,h_s,dpu,5368.3,5371.47
2,743,gc,cpu,5371.47,5392.34
2,750,normalize,cpu,5393.03,5410.59
2,750,g_a_cpu,cpu,5410.6,5411.19
2,750,g_a,dpu,5411.2,5438.23
2,750,g_a,dpu,5438.23,5450.59
2,750,g_a_cpu,cpu,5450.59,5451.17
2,750,h_a,dpu,5451.17,5472.86
2,750,eb_enc,cpu,5472.86,5473.02
2,750,eb_dec,cpu,5473.02,5473.13
2,750,h_s,dpu,5473.13,5476.58
2,750,gc,cpu,5476.58,5489.37
2,769,normalize,cpu,5518.1,5521.83
2,769,g_a_cpu,cpu,5521.84,5522.21
2,769,g_a,dpu,5522.22,5529
2,769,g_a,dpu,5529,5546.3
2,769,g_a_cpu,cpu,5546.3,5546.73
2,769,h_a,dpu,5546.73,5551.83
2,769,eb_enc,cpu,5551.83,5551.98
2,769,eb_dec,cpu,5551.98,5552.09
2,769,h_s,dpu,5552.09,5556.72
2,769,gc,cpu,5556.72,5566.81
2,774,normalize,cpu,5567.32,5572.49
2,774,g_a_cpu,cpu,5572.49,5572.94
2,774,g_a,dpu,5572.95,5584.23
2,774,g_a,dpu,5584.23,5601.11
2,774,g_a_cpu,cpu,5601.12,5601.52
2,774,h_a,dpu,5601.52,5603.34
2,774,eb_enc,cpu,5603.34,5603.48
2,774,eb_dec,cpu,5603.48,5603.59
2,774,h_s,dpu,5603.59,5610.64
2,774,gc,cpu,5610.64,5621.02
2,782,normalize,cpu,5621.76,5625.41
2,782,g_a_cpu,cpu,5625.41,5625.83
2,782,g_a,dpu,5625.83,5647.9
2,782,g_a,dpu,5647.91,5659.46
2,782,g_a_cpu,cpu,5659.46,5660.04
2,782,h_a,dpu,5660.05,5670.03
2,782,eb_enc,cpu,5670.03,5670.22
2,782,eb_dec,cpu,5670.22,5670.33
2,782,h_s,dpu,5670.33,5677.62
2,782,gc,cpu,5677.62,5698.64
2,794,normalize,cpu,5699.32,5702.99
2,794,g_a_cpu,cpu,5703,5703.29
2,794,g_a,dpu,5703.29,5708.88
2,794,g_a,dpu,5708.88,5715.46
2,794,g_a_cpu,cpu,5715.46,5716.01
2,794,h_a,dpu,5716.01,5723.9
2,794,eb_enc,cpu,5723.9,5724.08
2,794,eb_dec,cpu,5724.08,5724.2
2,794,h_s,dpu,5724.2,5733.12
2,794,gc,cpu,5733.12,5745.23
2,800,normalize,cpu,5745.95,5749.64
2,800,g_a_cpu,cpu,5749.65,5750.04
2,800,g_a,dpu,5750.04,5759.64
2,800,g_a,dpu,5759.64,5775.66
2,800,g_a_cpu,cpu,5775.67,5776.21
2,800,h_a,dpu,5776.22,5778.66
2,800,eb_enc,cpu,5778.66,5778.78
2,800,eb_dec,cpu,5778.78,5778.88
2,800,h_s,dpu,5778.88,5780.11
2,800,gc,cpu,5780.11,5796.11
2,808,normalize,cpu,5796.78,5800.48
2,808,g_a_cpu,cpu,5800.48,5800.8
2,808,g_a,dpu,5800.8,5814.67
2,808,g_a,dpu,5814.67,5824.19
2,808,g_a_cpu,cpu,5824.19,5824.67
2,808,h_a,dpu,5824.68,5826.29
2,808,eb_enc,cpu,5826.29,5826.43
2,808,eb_dec,cpu,5826.43,5826.54
2,808,h_s,dpu,5826.54,5828.3
2,808,gc,cpu,5828.3,5841
2,815,normalize,cpu,5841.58,5847.44
2,815,g_a_cpu,cpu,5847.44,5847.76
2,815,g_a,dpu,5847.77,5853.45
2,815,g_a,dpu,5853.45,5868.25
2,815,g_a_cpu,cpu,5868.26,5868.87
2,815,h_a,dpu,5868.87,5887.51
2,815,eb_enc,cpu,5887.51,5887.68
2,815,eb_dec,cpu,5887.68,5887.8
2,815,h_s,dpu,5887.8,5895.57
2,815,gc,cpu,5895.57,5906.79
2,824,normalize,cpu,5907.45,5911.13
2,824,g_a_cpu,cpu,5911.13,5911.46
2,824,g_a,dpu,5911.46,5917.17
2,824,g_a,dpu,5917.17,5934.83
2,824,g_a_cpu,cpu,5934.84,5935.27
2,824,h_a,dpu,5935.32,5942.18
2,824,eb_enc,cpu,5942.19,5942.33
2,824,eb_dec,cpu,5942.33,5942.45
2,824,h_s,dpu,5942.45,5948.22
2,824,gc,cpu,5948.22,5958.8
2,832,normalize,cpu,5959.6,5964.14
2,832,g_a_cpu,cpu,5964.15,5964.6
2,832,g_a,dpu,5964.6,5973.48
2,832,g_a,dpu,5973.48,5980.31
2,832,g_a_cpu,cpu,5980.31,5980.69
2,832,h_a,dpu,5980.69,5987.74
2,832,eb_enc,cpu,5987.74,5987.99
2,832,eb_dec,cpu,5987.99,5988.12
2,832,h_s,dpu,5988.12,6007.78
2,832,gc,cpu,6007.78,6018.11
2,840,normalize,cpu,6018.7,6022.41
2,840,g_a_cpu,cpu,6022.41,6022.79
2,840,g_a,dpu,6022.8,6028.32
2,840,g_a,dpu,6028.32,6041.53
2,840,g_a_cpu,cpu,6041.54,6042.12
2,840,h_a,dpu,6042.12,6054.89
2,840,eb_enc,cpu,6054.9,6055.07
2,840,eb_dec,cpu,6055.07,6055.22
2,840,h_s,dpu,6055.22,6063.14
2,840,gc,cpu,6063.15,6073.89
2,850,normalize,cpu,6074.38,6078.13
2,850,g_a_cpu,cpu,6078.13,6078.61
2,850,g_a,dpu,6078.62,6091.85
2,850,g_a,dpu,6091.86,6117.23
2,850,g_a_cpu,cpu,6117.24,6117.69
2,850,h_a,dpu,6117.7,6125.38
2,850,eb_enc,cpu,6125.38,6125.54
2,850,eb_dec,cpu,6125.54,6125.65
2,850,h_s,dpu,6125.65,6127.76
2,850,gc,cpu,6127.76,6137.84
2,858,normalize,cpu,6138.41,6142.28
2,858,g_a_cpu,cpu,6142.29,6142.62
2,858,g_a,dpu,6142.62,6155.87
2,858,g_a,dpu,6155.88,6172.21
2,858,g_a_cpu,cpu,6172.21,6172.92
2,858,h_a,dpu,6172.92,6186.59
2,858,eb_enc,cpu,6186.59,6186.76
2,858,eb_dec,cpu,6186.77,6186.89
2,858,h_s,dpu,6186.9,6191.69
2,858,gc,cpu,6191.69,6202.09
2,868,normalize,cpu,6202.67,6206.62
2,868,g_a_cpu,cpu,6206.63,6207.01
2,868,g_a,dpu,6207.01,6213.26
2,868,g_a,dpu,6213.26,6218.82
2,868,g_a_cpu,cpu,6218.82,6219.21
2,868,h_a,dpu,6219.21,6234.71
2,868,eb_enc,cpu,6234.71,6234.83
2,868,eb_dec,cpu,6234.83,6234.95
2,868,h_s,dpu,6234.95,6242.7
2,868,gc,cpu,6242.7,6253.12
2,874,normalize,cpu,6253.74,6257.41
2,874,g_a_cpu,cpu,6257.42,6258.16
2,874,g_a,dpu,6258.16,6267.55
2,874,g_a,dpu,6267.55,6285.51
2,874,g_a_cpu,cpu,6285.51,6286.01
2,874,h_a,dpu,6286.01,6292.75
2,874,eb_enc,cpu,6292.75,6292.88
2,874,eb_dec,cpu,6292.89,6293.01
2,874,h_s,dpu,6293.01,6302.48
2,874,gc,cpu,6302.49,6313
2,883,normalize,cpu,6313.47,6317.2
2,883,g_a_cpu,cpu,6317.21,6317.56
2,883,g_a,dpu,6317.56,6323.85
2,883,g_a,dpu,6323.85,6329.8
2,883,g_a_cpu,cpu,6329.8,6330.59
2,883,h_a,dpu,6330.59,6333.06
2,883,eb_enc,cpu,6333.06,6333.21
2,883,eb_dec,cpu,6333.21,6333.33
2,883,h_s,dpu,6333.33,6334.29
2,883,gc,cpu,6334.29,6348.32
2,890,normalize,cpu,6348.95,6354.04
2,890,g_a_cpu,cpu,6354.05,6354.4
2,890,g_a,dpu,6354.4,6360.05
2,890,g_a,dpu,6360.05,6365.42
2,890,g_a_cpu,cpu,6365.42,6365.88
2,890,h_a,dpu,6365.88,6375.68
2,890,eb_enc,cpu,6375.68,6375.84
2,890,eb_dec,cpu,6375.84,6376
2,890,h_s,dpu,6376,6377.14
2,890,gc,cpu,6377.14,6389.24
2,895,normalize,cpu,6389.83,6393.68
2,895,g_a_cpu,cpu,6393.68,6394.03
2,895,g_a,dpu,6394.04,6404.97
2,895,g_a,dpu,6404.97,6411.5
2,895,g_a_cpu,cpu,6411.51,6411.89
2,895,h_a,dpu,6411.89,6437.71
2,895,eb_enc,cpu,6437.71,6437.93
2,895,eb_dec,cpu,6437.93,6438.06
2,895,h_s,dpu,6438.06,6439.26
2,895,gc,cpu,6439.26,6455.89
2,906,normalize,cpu,6456.81,6461.82
2,906,g_a_cpu,cpu,6461.83,6462.38
2,906,g_a,dpu,6462.39,6477.32
2,906,g_a,dpu,6477.32,6496.34
2,906,g_a_cpu,cpu,6496.34,6496.74
2,906,h_a,dpu,6496.74,6505.37
2,906,eb_enc,cpu,6505.37,6505.51
2,906,eb_dec,cpu,6505.51,6505.62
2,906,h_s,dpu,6505.62,6506.88
2,906,gc,cpu,6506.88,6526.52
2,914,normalize,cpu,6530.47,6535
2,914,g_a_cpu,cpu,6535.01,6535.38
2,914,g_a,dpu,6535.38,6542.51
2,914,g_a,dpu,6542.52,6548.92
2,914,g_a_cpu,cpu,6548.93,6549.36
2,914,h_a,dpu,6549.36,6559.02
2,914,eb_enc,cpu,6559.03,6559.21
2,914,eb_dec,cpu,6559.21,6559.33
2,914,h_s,dpu,6559.33,6564.25
2,914,gc,cpu,6564.25,6582.83
2,924,normalize,cpu,6583.33,6587.09
2,924,g_a_cpu,cpu,6587.1,6587.42
2,924,g_a,dpu,6587.42,6593.01
2,924,g_a,dpu,6593.02,6598.41
2,924,g_a_cpu,cpu,6598.41,6598.95
2,924,h_a,dpu,6598.95,6611.45
2,924,eb_enc,cpu,6611.45,6611.64
2,924,eb_dec,cpu,6611.64,6611.79
2,924,h_s,dpu,6611.79,6617.92
2,924,gc,cpu,6617.92,6628.98
3,3,normalize,cpu,69.6008,73.3479
3,3,g_a_cpu,cpu,73.4463,73.7924
3,3,g_a,dpu,73.7979,79.2715
3,3,g_a,dpu,79.2785,84.7093
3,3,g_a_cpu,cpu,84.7121,85.6149
3,3,h_a,dpu,85.6239,98.199
3,3,eb_enc,cpu,98.2004,98.3926
3,3,eb_dec,cpu,98.3935,98.5129
3,3,h_s,dpu,98.5132,119.764
3,3,gc,cpu,119.771,145.431
3,8,normalize,cpu,145.893,149.635
3,8,g_a_cpu,cpu,149.639,149.94
3,8,g_a,dpu,149.943,155.096
3,8,g_a,dpu,155.098,165.61
3,8,g_a_cpu,cpu,165.614,166.432
3,8,h_a,dpu,166.434,177.859
3,8,eb_enc,cpu,177.86,178.083
3,8,eb_dec,cpu,178.087,178.227
3,8,h_s,dpu,178.227,184.232
3,8,gc,cpu,184.233,197.396
3,16,normalize,cpu,208.078,211.834
3,16,g_a_cpu,cpu,211.838,212.912
3,16,g_a,dpu,212.924,232.478
3,16,g_a,dpu,232.482,255.269
3,16,g_a_cpu,cpu,255.27,255.674
3,16,h_a,dpu,255.676,259.206
3,16,eb_enc,cpu,259.207,259.356
3,16,eb_dec,cpu,259.356,259.466
3,16,h_s,dpu,259.466,261.671
3,16,gc,cpu,261.673,271.762
3,26,normalize,cpu,272.254,276.409
3,26,g_a_cpu,cpu,276.417,277.387
3,26,g_a,dpu,277.393,299.366
3,26,g_a,dpu,299.37,304.382
3,26,g_a_cpu,cpu,304.383,304.723
3,26,h_a,dpu,304.725,316.858
3,26,eb_enc,cpu,316.859,316.998
3,26,eb_dec,cpu,316.998,317.109
3,26,h_s,dpu,317.109,321.817
3,26,gc,cpu,321.818,332.474
3,34,normalize,cpu,333.493,337.605
3,34,g_a_cpu,cpu,337.609,338.296
3,34,g_a,dpu,338.303,352.797
3,34,g_a,dpu,352.799,357.785
3,34,g_a_cpu,cpu,357.786,358.152
3,34,h_a,dpu,358.154,362.036
3,34,eb_enc,cpu,362.036,362.202
3,34,eb_dec,cpu,362.203,362.31
3,34,h_s,dpu,362.31,372.282
3,34,gc,cpu,372.283,382.992
3,42,normalize,cpu,383.722,387.354
3,42,g_a_cpu,cpu,387.358,388.315
3,42,g_a,dpu,388.327,396.701
3,42,g_a,dpu,396.705,409.839
3,42,g_a_cpu,cpu,409.84,410.272
3,42,h_a,dpu,410.274,413.774
3,42,eb_enc,cpu,413.775,413.91
3,42,eb_dec,cpu,413.91,414.018
3,42,h_s,dpu,414.019,415.222
3,42,gc,cpu,415.224,431.05
3,50,normalize,cpu,431.604,441.945
3,50,g_a_cpu,cpu,441.95,442.506
3,50,g_a,dpu,442.51,447.903
3,50,g_a,dpu,447.904,454.024
3,50,g_a_cpu,cpu,454.025,454.81
3,50,h_a,dpu,454.826,458.758
3,50,eb_enc,cpu,458.759,458.935
3,50,eb_dec,cpu,458.936,459.057
3,50,h_s,dpu,459.058,460.29
3,50,gc,cpu,460.291,477.865
3,57,normalize,cpu,483.169,486.935
3,57,g_a_cpu,cpu,486.94,487.279
3,57,g_a,dpu,487.284,511.786
3,57,g_a,dpu,511.788,517.022
3,57,g_a_cpu,cpu,517.028,517.652
3,57,h_a,dpu,517.659,520.833
3,57,eb_enc,cpu,520.834,520.974
3,57,eb_dec,cpu,520.975,521.083
3,57,h_s,dpu,521.083,539.603
3,57,gc,cpu,539.603,550.143
3,68,normalize,cpu,568.32,582.314
3,68,g_a_cpu,cpu,582.319,582.804
3,68,g_a,dpu,582.809,590.288
3,68,g_a,dpu,590.291,595.563
3,68,g_a_cpu,cpu,595.565,596.123
3,68,h_a,dpu,596.128,607.562
3,68,eb_enc,cpu,607.563,607.738
3,68,eb_dec,cpu,607.738,607.848
3,68,h_s,dpu,607.848,609.017
3,68,gc,cpu,609.018,619.121
3,75,normalize,cpu,619.661,623.366
3,75,g_a_cpu,cpu,623.371,623.737
3,75,g_a,dpu,623.74,643.703
3,75,g_a,dpu,643.705,650.504
3,75,g_a_cpu,cpu,650.505,650.831
3,75,h_a,dpu,650.832,653.627
3,75,eb_enc,cpu,653.63,653.833
3,75,eb_dec,cpu,653.834,653.965
3,75,h_s,dpu,653.965,655.26
3,75,gc,cpu,655.26,668.222
3,83,normalize,cpu,668.801,674.717
3,83,g_a_cpu,cpu,674.72,675.29
3,83,g_a,dpu,675.294,684.186
3,83,g_a,dpu,684.188,689.445
3,83,g_a_cpu,cpu,689.45,690.255
3,83,h_a,dpu,690.261,702.684
3,83,eb_enc,cpu,702.684,702.851
3,83,eb_dec,cpu,702.851,702.966
3,83,h_s,dpu,702.967,708.609
3,83,gc,cpu,708.61,726.844
3,92,normalize,cpu,727.443,731.23
3,92,g_a_cpu,cpu,731.233,731.56
3,92,g_a,dpu,731.563,742.313
3,92,g_a,dpu,742.315,748.524
3,92,g_a_cpu,cpu,748.526,749.107
3,92,h_a,dpu,749.11,753.676
3,92,eb_enc,cpu,753.676,753.821
3,92,eb_dec,cpu,753.822,753.934
3,92,h_s,dpu,753.934,757.139
3,92,gc,cpu,757.14,767.62
3,98,normalize,cpu,768.082,771.899
3,98,g_a_cpu,cpu,771.902,772.263
3,98,g_a,dpu,772.266,781.82
3,98,g_a,dpu,781.824,787.405
3,98,g_a_cpu,cpu,787.408,787.905
3,98,h_a,dpu,787.908,796.349
3,98,eb_enc,cpu,796.35,796.521
3,98,eb_dec,cpu,796.522,796.641
3,98,h_s,dpu,796.642,811.02
3,98,gc,cpu,811.03,836.597
3,109,normalize,cpu,837.751,841.447
3,109,g_a_cpu,cpu,841.45,841.935
3,109,g_a,dpu,841.938,851.371
3,109,g_a,dpu,851.373,864.023
3,109,g_a_cpu,cpu,864.027,864.649
3,109,h_a,dpu,864.653,870.689
3,109,eb_enc,cpu,870.689,872.139
3,109,eb_dec,cpu,872.14,872.247
3,109,h_s,dpu,872.248,882.323
3,109,gc,cpu,882.324,892.443
3,114,normalize,cpu,892.98,896.735
3,114,g_a_cpu,cpu,896.738,897.086
3,114,g_a,dpu,897.089,912.126
3,114,g_a,dpu,912.128,921.343
3,114,g_a_cpu,cpu,921.346,922.037
3,114,h_a,dpu,922.041,936.107
3,114,eb_enc,cpu,936.109,936.359
3,114,eb_dec,cpu,936.36,936.52
3,114,h_s,dpu,936.522,956.021
3,114,gc,cpu,956.024,966.124
3,127,normalize,cpu,977.794,981.68
3,127,g_a_cpu,cpu,981.687,982.898
3,127,g_a,dpu,982.903,999.664
3,127,g_a,dpu,999.67,1023.9
3,127,g_a_cpu,cpu,1023.9,1024.58
3,127,h_a,dpu,1024.58,1028.33
3,127,eb_enc,cpu,1028.33,1028.48
3,127,eb_dec,cpu,1028.48,1028.59
3,127,h_s,dpu,1028.59,1048.94
3,127,gc,cpu,1048.94,1060.9
3,137,normalize,cpu,1061.5,1065.9
3,137,g_a_cpu,cpu,1065.91,1066.27
3,137,g_a,dpu,1066.28,1076.17
3,137,g_a,dpu,1076.17,1081.41
3,137,g_a_cpu,cpu,1081.41,1082.17
3,137,h_a,dpu,1082.18,1086.26
3,137,eb_enc,cpu,1086.26,1086.49
3,137,eb_dec,cpu,1086.49,1086.62
3,137,h_s,dpu,1086.62,1094.68
3,137,gc,cpu,1094.68,1110.83
3,144,normalize,cpu,1111.49,1115.89
3,144,g_a_cpu,cpu,1115.89,1116.32
3,144,g_a,dpu,1116.32,1121.62
3,144,g_a,dpu,1121.63,1128.32
3,144,g_a_cpu,cpu,1128.33,1128.83
3,144,h_a,dpu,1128.83,1138.43
3,144,eb_enc,cpu,1138.43,1138.63
3,144,eb_dec,cpu,1138.63,1138.73
3,144,h_s,dpu,1138.73,1139.84
3,144,gc,cpu,1139.84,1152.7
3,150,normalize,cpu,1153.3,1156.96
3,150,g_a_cpu,cpu,1156.96,1157.36
3,150,g_a,dpu,1157.37,1162.66
3,150,g_a,dpu,1162.67,1168.41
3,150,g_a_cpu,cpu,1168.41,1168.77
3,150,h_a,dpu,1168.77,1171.97
3,150,eb_enc,cpu,1171.97,1172.15
3,150,eb_dec,cpu,1172.15,1172.27
3,150,h_s,dpu,1172.27,1178.91
3,150,gc,cpu,1178.91,1190.2
3,158,normalize,cpu,1190.83,1196.05
3,158,g_a_cpu,cpu,1196.06,1196.61
3,158,g_a,dpu,1196.62,1206.88
3,158,g_a,dpu,1206.88,1233.23
3,158,g_a_cpu,cpu,1233.23,1233.66
3,158,h_a,dpu,1233.67,1238.29
3,158,eb_enc,cpu,1238.29,1238.42
3,158,eb_dec,cpu,1238.42,1238.52
3,158,h_s,dpu,1238.52,1241.88
3,158,gc,cpu,1241.88,1252.03
3,166,normalize,cpu,1252.48,1256.22
3,166,g_a_cpu,cpu,1256.22,1256.58
3,166,g_a,dpu,1256.58,1261.67
3,166,g_a,dpu,1261.67,1283.26
3,166,g_a_cpu,cpu,1283.26,1284.18
3,166,h_a,dpu,1284.19,1289.47
3,166,eb_enc,cpu,1289.47,1289.6
3,166,eb_dec,cpu,1289.6,1289.71
3,166,h_s,dpu,1289.71,1295.88
3,166,gc,cpu,1295.88,1305.93
3,174,normalize,cpu,1306.54,1311.89
3,174,g_a_cpu,cpu,1311.9,1312.45
3,174,g_a,dpu,1312.46,1321.14
3,174,g_a,dpu,1321.14,1346.09
3,174,g_a_cpu,cpu,1346.09,1346.7
3,174,h_a,dpu,1346.71,1352.73
3,174,eb_enc,cpu,1352.73,1352.88
3,174,eb_dec,cpu,1352.88,1352.99
3,174,h_s,dpu,1352.99,1354.71
3,174,gc,cpu,1354.71,1365.52
3,181,normalize,cpu,1366.5,1371.06
3,181,g_a_cpu,cpu,1371.06,1371.6
3,181,g_a,dpu,1371.6,1376.68
3,181,g_a,dpu,1376.68,1381.8
3,181,g_a_cpu,cpu,1381.8,1382.4
3,181,h_a,dpu,1382.41,1403.44
3,181,eb_enc,cpu,1403.44,1403.62
3,181,eb_dec,cpu,1403.62,1403.74
3,181,h_s,dpu,1403.74,1413.23
3,181,gc,cpu,1413.23,1424.3
3,188,normalize,cpu,1424.83,1428.58
3,188,g_a_cpu,cpu,1428.58,1429.08
3,188,g_a,dpu,1429.08,1434.27
3,188,g_a,dpu,1434.27,1439.34
3,188,g_a_cpu,cpu,1439.34,1439.65
3,188,h_a,dpu,1439.65,1443.16
3,188,eb_enc,cpu,1443.17,1443.33
3,188,eb_dec,cpu,1443.33,1443.45
3,188,h_s,dpu,1443.45,1447.6
3,188,gc,cpu,1447.6,1459.24
3,193,normalize,cpu,1461.63,1465.8
3,193,g_a_cpu,cpu,1465.81,1466.16
3,193,g_a,dpu,1466.16,1482.98
3,193,g_a,dpu,1482.98,1497.71
3,193,g_a_cpu,cpu,1497.72,1498.12
3,193,h_a,dpu,1498.12,1509.07
3,193,eb_enc,cpu,1509.07,1509.22
3,193,eb_dec,cpu,1509.22,1509.34
3,193,h_s,dpu,1509.34,1514.02
3,193,gc,cpu,1514.02,1530.43
3,204,normalize,cpu,1531.61,1541.08
3,204,g_a_cpu,cpu,1541.08,1541.56
3,204,g_a,dpu,1541.56,1549.71
3,204,g_a,dpu,1549.71,1556.07
3,204,g_a_cpu,cpu,1556.08,1556.5
3,204,h_a,dpu,1556.51,1568.48
3,204,eb_enc,cpu,1568.49,1568.71
3,204,eb_dec,cpu,1568.72,1568.85
3,204,h_s,dpu,1568.85,1575.04
3,204,gc,cpu,1575.05,1601.87
3,216,normalize,cpu,1602.54,1606.31
3,216,g_a_cpu,cpu,1606.32,1606.64
3,216,g_a,dpu,1606.65,1611.85
3,216,g_a,dpu,1611.85,1616.96
3,216,g_a_cpu,cpu,1616.96,1617.37
3,216,h_a,dpu,1617.38,1621.14
3,216,eb_enc,cpu,1621.14,1621.29
3,216,eb_dec,cpu,1621.29,1621.41
3,216,h_s,dpu,1621.41,1625.23
3,216,gc,cpu,1625.23,1636.23
3,219,normalize,cpu,1636.79,1641.91
3,219,g_a_cpu,cpu,1641.91,1642.81
3,219,g_a,dpu,1642.81,1664.69
3,219,g_a,dpu,1664.69,1678.67
3,219,g_a_cpu,cpu,1678.67,1679.01
3,219,h_a,dpu,1679.01,1682.14
3,219,eb_enc,cpu,1682.14,1682.27
3,219,eb_dec,cpu,1682.27,1682.37
3,219,h_s,dpu,1682.37,1690.18
3,219,gc,cpu,1690.18,1700.16
3,227,normalize,cpu,1700.83,1704.62
3,227,g_a_cpu,cpu,1704.63,1705
3,227,g_a,dpu,1705,1710.24
3,227,g_a,dpu,1710.24,1715.3
3,227,g_a_cpu,cpu,1715.3,1715.82
3,227,h_a,dpu,1715.82,1719.8
3,227,eb_enc,cpu,1719.8,1720.04
3,227,eb_dec,cpu,1720.04,1720.17
3,227,h_s,dpu,1720.17,1721.68
3,227,gc,cpu,1721.68,1731.91
3,234,normalize,cpu,1732.56,1738.05
3,234,g_a_cpu,cpu,1738.06,1738.69
3,234,g_a,dpu,1738.7,1747.3
3,234,g_a,dpu,1747.3,1752.29
3,234,g_a_cpu,cpu,1752.29,1752.96
3,234,h_a,dpu,1752.96,1757.54
3,234,eb_enc,cpu,1757.54,1757.73
3,234,eb_dec,cpu,1757.73,1757.85
3,234,h_s,dpu,1757.85,1781.41
3,234,gc,cpu,1781.42,1803.73
3,242,normalize,cpu,1804.61,1809.03
3,242,g_a_cpu,cpu,1809.03,1809.49
3,242,g_a,dpu,1809.5,1816.58
3,242,g_a,dpu,1816.58,1826.02
3,242,g_a_cpu,cpu,1826.02,1826.76
3,242,h_a,dpu,1826.77,1835.11
3,242,eb_enc,cpu,1835.11,1835.26
3,242,eb_dec,cpu,1835.26,1835.37
3,242,h_s,dpu,1835.37,1855.83
3,242,gc,cpu,1855.83,1866.62
3,250,normalize,cpu,1867.34,1874.24
3,250,g_a_cpu,cpu,1874.24,1874.81
3,250,g_a,dpu,1874.81,1879.82
3,250,g_a,dpu,1879.82,1886.44
3,250,g_a_cpu,cpu,1886.44,1886.89
3,250,h_a,dpu,1886.9,1899.99
3,250,eb_enc,cpu,1899.99,1900.18
3,250,eb_dec,cpu,1900.18,1900.3
3,250,h_s,dpu,1900.3,1914.11
3,250,gc,cpu,1914.11,1925.1
3,256,normalize,cpu,1925.73,1929.43
3,256,g_a_cpu,cpu,1929.43,1929.87
3,256,g_a,dpu,1929.87,1935.1
3,256,g_a,dpu,1935.1,1940.35
3,256,g_a_cpu,cpu,1940.35,1940.98
3,256,h_a,dpu,1940.99,1948.64
3,256,eb_enc,cpu,1948.64,1948.84
3,256,eb_dec,cpu,1948.85,1948.96
3,256,h_s,dpu,1948.96,1958.02
3,256,gc,cpu,1958.03,1968.34
3,263,normalize,cpu,1969.57,1973.25
3,263,g_a_cpu,cpu,1973.26,1973.61
3,263,g_a,dpu,1973.62,1990.01
3,263,g_a,dpu,1990.01,2004.91
3,263,g_a_cpu,cpu,2004.92,2005.32
3,263,h_a,dpu,2005.32,2008.92
3,263,eb_enc,cpu,2008.92,2009.07
3,263,eb_dec,cpu,2009.07,2009.18
3,263,h_s,dpu,2009.18,2021.48
3,263,gc,cpu,2021.48,2031.63
3,273,normalize,cpu,2032.3,2035.91
3,273,g_a_cpu,cpu,2035.91,2036.47
3,273,g_a,dpu,2036.47,2041.62
3,273,g_a,dpu,2041.62,2049.78
3,273,g_a_cpu,cpu,2049.79,2050.58
3,273,h_a,dpu,2050.58,2059.27
3,273,eb_enc,cpu,2059.27,2059.65
3,273,eb_dec,cpu,2059.65,2059.82
3,273,h_s,dpu,2059.82,2068.44
3,273,gc,cpu,2068.44,2078.52
3,281,normalize,cpu,2079.17,2083.06
3,281,g_a_cpu,cpu,2083.07,2084.02
3,281,g_a,dpu,2084.03,2100.58
3,281,g_a,dpu,2100.58,2107.79
3,281,g_a_cpu,cpu,2107.79,2108.46
3,281,h_a,dpu,2108.46,2117.58
3,281,eb_enc,cpu,2117.58,2117.78
3,281,eb_dec,cpu,2117.78,2117.9
3,281,h_s,dpu,2117.9,2128.05
3,281,gc,cpu,2128.05,2148.55
3,291,normalize,cpu,2149.25,2152.97
3,291,g_a_cpu,cpu,2152.98,2153.32
3,291,g_a,dpu,2153.33,2158.85
3,291,g_a,dpu,2158.85,2165.47
3,291,g_a_cpu,cpu,2165.47,2165.86
3,291,h_a,dpu,2165.87,2178.35
3,291,eb_enc,cpu,2178.35,2178.51
3,291,eb_dec,cpu,2178.51,2178.63
3,291,h_s,dpu,2178.63,2183.31
3,291,gc,cpu,2183.31,2193.63
3,295,normalize,cpu,2194.12,2197.87
3,295,g_a_cpu,cpu,2197.87,2198.19
3,295,g_a,dpu,2198.19,2221.89
3,295,g_a,dpu,2221.89,2227.07
3,295,g_a_cpu,cpu,2227.07,2227.46
3,295,h_a,dpu,2227.47,2231.22
3,295,eb_enc,cpu,2231.22,2231.41
3,295,eb_dec,cpu,2231.42,2231.53
3,295,h_s,dpu,2231.53,2244.01
3,295,gc,cpu,2244.01,2254.63
3,303,normalize,cpu,2256.28,2260.04
3,303,g_a_cpu,cpu,2260.04,2260.4
3,303,g_a,dpu,2260.41,2266.79
3,303,g_a,dpu,2266.79,2273.2
3,303,g_a_cpu,cpu,2273.21,2273.61
3,303,h_a,dpu,2273.61,2282.64
3,303,eb_enc,cpu,2282.64,2283.55
3,303,eb_dec,cpu,2283.55,2283.69
3,303,h_s,dpu,2283.69,2296.8
3,303,gc,cpu,2296.8,2307.66
3,313,normalize,cpu,2308.48,2312.18
3,313,g_a_cpu,cpu,2312.18,2312.92
3,313,g_a,dpu,2312.93,2322.51
3,313,g_a,dpu,2322.51,2327.86
3,313,g_a_cpu,cpu,2327.86,2328.49
3,313,h_a,dpu,2328.49,2331.8
3,313,eb_enc,cpu,2331.8,2331.94
3,313,eb_dec,cpu,2331.94,2332.07
3,313,h_s,dpu,2332.07,2334.61
3,313,gc,cpu,2334.61,2346.38
3,317,normalize,cpu,2347,2350.85
3,317,g_a_cpu,cpu,2350.86,2351.17
3,317,g_a,dpu,2351.18,2360.77
3,317,g_a,dpu,2360.77,2373.26
3,317,g_a_cpu,cpu,2373.26,2373.63
3,317,h_a,dpu,2373.63,2389.18
3,317,eb_enc,cpu,2389.19,2389.33
3,317,eb_dec,cpu,2389.34,2389.45
3,317,h_s,dpu,2389.45,2390.8
3,317,gc,cpu,2390.8,2404.59
3,327,normalize,cpu,2405.14,2408.91
3,327,g_a_cpu,cpu,2408.91,2409.4
3,327,g_a,dpu,2409.41,2414.92
3,327,g_a,dpu,2414.93,2421.38
3,327,g_a_cpu,cpu,2421.38,2421.97
3,327,h_a,dpu,2421.97,2430.15
3,327,eb_enc,cpu,2430.15,2430.31
3,327,eb_dec,cpu,2430.31,2430.44
3,327,h_s,dpu,2430.44,2433.71
3,327,gc,cpu,2433.71,2443.78
3,334,normalize,cpu,2444.61,2449.55
3,334,g_a_cpu,cpu,2449.55,2450.24
3,334,g_a,dpu,2450.24,2461.04
3,334,g_a,dpu,2461.04,2468.21
3,334,g_a_cpu,cpu,2468.21,2468.61
3,334,h_a,dpu,2468.61,2480.79
3,334,eb_enc,cpu,2480.8,2481.12
3,334,eb_dec,cpu,2481.12,2481.27
3,334,h_s,dpu,2481.27,2494.45
3,334,gc,cpu,2494.45,2504.44
3,340,normalize,cpu,2505.16,2508.9
3,340,g_a_cpu,cpu,2508.91,2509.55
3,340,g_a,dpu,2509.55,2514.85
3,340,g_a,dpu,2514.85,2520.1
3,340,g_a_cpu,cpu,2520.11,2520.88
3,340,h_a,dpu,2520.88,2528.01
3,340,eb_enc,cpu,2528.01,2528.17
3,340,eb_dec,cpu,2528.17,2528.29
3,340,h_s,dpu,2528.29,2540.38
3,340,gc,cpu,2540.38,2550.63
3,347,normalize,cpu,2551.15,2555.23
3,347,g_a_cpu,cpu,2555.23,2555.62
3,347,g_a,dpu,2555.62,2576.13
3,347,g_a,dpu,2576.13,2585.88
3,347,g_a_cpu,cpu,2585.88,2586.66
3,347,h_a,dpu,2586.66,2595.98
3,347,eb_enc,cpu,2595.98,2596.12
3,347,eb_dec,cpu,2596.12,2596.22
3,347,h_s,dpu,2596.22,2610.98
3,347,gc,cpu,2610.98,2627.52
3,359,normalize,cpu,2628.41,2652.36
3,359,g_a_cpu,cpu,2652.37,2653.18
3,359,g_a,dpu,2653.19,2658.48
3,359,g_a,dpu,2658.48,2664.01
3,359,g_a_cpu,cpu,2664.01,2664.61
3,359,h_a,dpu,2664.61,2673.85
3,359,eb_enc,cpu,2673.85,2674.03
3,359,eb_dec,cpu,2674.03,2674.16
3,359,h_s,dpu,2674.16,2675.67
3,359,gc,cpu,2675.67,2691.81
3,367,normalize,cpu,2693.86,2697.6
3,367,g_a_cpu,cpu,2697.6,2697.97
3,367,g_a,dpu,2697.97,2703.09
3,367,g_a,dpu,2703.09,2708.57
3,367,g_a_cpu,cpu,2708.58,2709.15
3,367,h_a,dpu,2709.15,2711.97
3,367,eb_enc,cpu,2711.97,2712.1
3,367,eb_dec,cpu,2712.1,2712.2
3,367,h_s,dpu,2712.21,2728.97
3,367,gc,cpu,2728.97,2739.2
3,372,normalize,cpu,2740.05,2743.81
3,372,g_a_cpu,cpu,2743.82,2744.25
3,372,g_a,dpu,2744.26,2753.39
3,372,g_a,dpu,2753.4,2765.47
3,372,g_a_cpu,cpu,2765.47,2765.99
3,372,h_a,dpu,2766,2769.75
3,372,eb_enc,cpu,2769.75,2769.89
3,372,eb_dec,cpu,2769.9,2770
3,372,h_s,dpu,2770,2782.08
3,372,gc,cpu,2782.09,2792.39
3,380,normalize,cpu,2793.03,2796.81
3,380,g_a_cpu,cpu,2796.82,2797.6
3,380,g_a,dpu,2797.61,2802.8
3,380,g_a,dpu,2802.8,2807.91
3,380,g_a_cpu,cpu,2807.91,2808.75
3,380,h_a,dpu,2808.75,2831.83
3,380,eb_enc,cpu,2831.83,2832
3,380,eb_dec,cpu,2832,2832.11
3,380,h_s,dpu,2832.11,2840.35
3,380,gc,cpu,2840.35,2851.54
3,391,normalize,cpu,2852.18,2856.13
3,391,g_a_cpu,cpu,2856.14,2856.59
3,391,g_a,dpu,2856.6,2866.47
3,391,g_a,dpu,2866.47,2871.7
3,391,g_a_cpu,cpu,2871.71,2872.94
3,391,h_a,dpu,2872.95,2876.66
3,391,eb_enc,cpu,2876.66,2876.87
3,391,eb_dec,cpu,2876.87,2876.99
3,391,h_s,dpu,2876.99,2878.24
3,391,gc,cpu,2878.24,2904.57
3,399,normalize,cpu,2905.55,2909.5
3,399,g_a_cpu,cpu,2909.51,2910.31
3,399,g_a,dpu,2910.32,2919.79
3,399,g_a,dpu,2919.8,2928.92
3,399,g_a_cpu,cpu,2928.93,2929.53
3,399,h_a,dpu,2929.53,2945.17
3,399,eb_enc,cpu,2945.17,2945.36
3,399,eb_dec,cpu,2945.36,2945.47
3,399,h_s,dpu,2945.47,2946.62
3,399,gc,cpu,2946.62,2973.29
3,408,normalize,cpu,2973.88,2978.31
3,408,g_a_cpu,cpu,2978.32,2978.69
3,408,g_a,dpu,2978.69,2984.13
3,408,g_a,dpu,2984.15,2989.71
3,408,g_a_cpu,cpu,2989.71,2990.43
3,408,h_a,dpu,2990.44,3005.45
3,408,eb_enc,cpu,3005.46,3005.61
3,408,eb_dec,cpu,3005.61,3005.72
3,408,h_s,dpu,3005.72,3006.82
3,408,gc,cpu,3006.82,3019.84
3,415,normalize,cpu,3020.26,3024.12
3,415,g_a_cpu,cpu,3024.12,3024.57
3,415,g_a,dpu,3024.58,3029.92
3,415,g_a,dpu,3029.92,3035.09
3,415,g_a_cpu,cpu,3035.09,3035.69
3,415,h_a,dpu,3035.69,3047.94
3,415,eb_enc,cpu,3047.94,3048.13
3,415,eb_dec,cpu,3048.13,3048.25
3,415,h_s,dpu,3048.25,3055.14
3,415,gc,cpu,3055.14,3075.69
3,422,normalize,cpu,3076.28,3079.93
3,422,g_a_cpu,cpu,3079.94,3080.44
3,422,g_a,dpu,3080.45,3085.79
3,422,g_a,dpu,3085.79,3100.55
3,422,g_a_cpu,cpu,3100.55,3101.3
3,422,h_a,dpu,3101.31,3107.15
3,422,eb_enc,cpu,3107.15,3107.45
3,422,eb_dec,cpu,3107.46,3107.61
3,422,h_s,dpu,3107.61,3112.17
3,422,gc,cpu,3112.17,3122.25
3,428,normalize,cpu,3122.68,3126.45
3,428,g_a_cpu,cpu,3126.45,3126.87
3,428,g_a,dpu,3126.87,3136.66
3,428,g_a,dpu,3136.66,3148.65
3,428,g_a_cpu,cpu,3148.65,3149.13
3,428,h_a,dpu,3149.14,3154.34
3,428,eb_enc,cpu,3154.35,3154.52
3,428,eb_dec,cpu,3154.52,3154.63
3,428,h_s,dpu,3154.63,3159.65
3,428,gc,cpu,3159.66,3170.78
3,436,normalize,cpu,3171.35,3175.2
3,436,g_a_cpu,cpu,3175.2,3175.84
3,436,g_a,dpu,3175.84,3184.69
3,436,g_a,dpu,3184.69,3194.93
3,436,g_a_cpu,cpu,3194.93,3195.7
3,436,h_a,dpu,3195.7,3200.58
3,436,eb_enc,cpu,3200.58,3200.78
3,436,eb_dec,cpu,3200.78,3200.91
3,436,h_s,dpu,3200.91,3202.94
3,436,gc,cpu,3202.94,3213.28
3,443,normalize,cpu,3219.49,3223.21
3,443,g_a_cpu,cpu,3223.21,3225.52
3,443,g_a,dpu,3225.53,3234.39
3,443,g_a,dpu,3234.39,3264.19
3,443,g_a_cpu,cpu,3264.19,3264.59
3,443,h_a,dpu,3264.59,3269.03
3,443,eb_enc,cpu,3269.03,3269.17
3,443,eb_dec,cpu,3269.17,3269.28
3,443,h_s,dpu,3269.28,3272.35
3,443,gc,cpu,3272.35,3282.49
3,451,normalize,cpu,3283.37,3287.08
3,451,g_a_cpu,cpu,3287.09,3287.7
3,451,g_a,dpu,3287.71,3293.14
3,451,g_a,dpu,3293.15,3298.36
3,451,g_a_cpu,cpu,3298.36,3299.14
3,451,h_a,dpu,3299.14,3302.93
3,451,eb_enc,cpu,3302.93,3303.07
3,451,eb_dec,cpu,3303.07,3303.18
3,451,h_s,dpu,3303.18,3304.6
3,451,gc,cpu,3304.61,3314.68
3,459,normalize,cpu,3315.12,3319.58
3,459,g_a_cpu,cpu,3319.59,3320.05
3,459,g_a,dpu,3320.05,3325.25
3,459,g_a,dpu,3325.25,3330.26
3,459,g_a_cpu,cpu,3330.26,3330.9
3,459,h_a,dpu,3330.9,3344.13
3,459,eb_enc,cpu,3344.13,3344.3
3,459,eb_dec,cpu,3344.3,3344.44
3,459,h_s,dpu,3344.44,3349.14
3,459,gc,cpu,3349.14,3361.62
3,462,normalize,cpu,3362.3,3366.1
3,462,g_a_cpu,cpu,3366.1,3366.64
3,462,g_a,dpu,3366.65,3373.05
3,462,g_a,dpu,3373.06,3388.27
3,462,g_a_cpu,cpu,3388.28,3388.98
3,462,h_a,dpu,3388.98,3402.37
3,462,eb_enc,cpu,3402.37,3402.6
3,462,eb_dec,cpu,3402.6,3402.73
3,462,h_s,dpu,3402.73,3406.71
3,462,gc,cpu,3406.72,3417.07
3,469,normalize,cpu,3417.59,3421.33
3,469,g_a_cpu,cpu,3421.33,3421.95
3,469,g_a,dpu,3421.95,3428.13
3,469,g_a,dpu,3428.14,3433.22
3,469,g_a_cpu,cpu,3433.22,3433.66
3,469,h_a,dpu,3433.66,3436.48
3,469,eb_enc,cpu,3436.48,3436.63
3,469,eb_dec,cpu,3436.63,3436.74
3,469,h_s,dpu,3436.74,3437.9
3,469,gc,cpu,3437.9,3448.49
3,475,normalize,cpu,3449.29,3452.97
3,475,g_a_cpu,cpu,3452.97,3453.66
3,475,g_a,dpu,3453.67,3459
3,475,g_a,dpu,3459,3464.22
3,475,g_a_cpu,cpu,3464.22,3465.05
3,475,h_a,dpu,3465.05,3467.87
3,475,eb_enc,cpu,3467.87,3468.05
3,475,eb_dec,cpu,3468.05,3468.17
3,475,h_s,dpu,3468.17,3478.24
3,475,gc,cpu,3478.24,3499.08
3,483,normalize,cpu,3499.88,3503.53
3,483,g_a_cpu,cpu,3503.53,3503.89
3,483,g_a,dpu,3503.9,3509.81
3,483,g_a,dpu,3509.81,3519.77
3,483,g_a_cpu,cpu,3519.78,3520.52
3,483,h_a,dpu,3520.52,3524.07
3,483,eb_enc,cpu,3524.07,3524.21
3,483,eb_dec,cpu,3524.21,3524.33
3,483,h_s,dpu,3524.33,3528.12
3,483,gc,cpu,3528.13,3541.07
3,489,normalize,cpu,3541.77,3546.59
3,489,g_a_cpu,cpu,3546.59,3547.16
3,489,g_a,dpu,3547.17,3552.29
3,489,g_a,dpu,3552.29,3559.58
3,489,g_a_cpu,cpu,3559.58,3560.2
3,489,h_a,dpu,3560.2,3593.44
3,489,eb_enc,cpu,3593.45,3593.61
3,489,eb_dec,cpu,3593.61,3593.72
3,489,h_s,dpu,3593.72,3602.38
3,489,gc,cpu,3602.38,3612.48
3,498,normalize,cpu,3612.94,3616.68
3,498,g_a_cpu,cpu,3616.69,3617.34
3,498,g_a,dpu,3617.35,3622.55
3,498,g_a,dpu,3622.55,3633.66
3,498,g_a_cpu,cpu,3633.67,3634.49
3,498,h_a,dpu,3634.49,3647.28
3,498,eb_enc,cpu,3647.28,3647.49
3,498,eb_dec,cpu,3647.49,3647.61
3,498,h_s,dpu,3647.61,3648.87
3,498,gc,cpu,3648.87,3659.63
3,505,normalize,cpu,3660.25,3663.88
3,505,g_a_cpu,cpu,3663.89,3664.34
3,505,g_a,dpu,3664.34,3670.4
3,505,g_a,dpu,3670.4,3675.53
3,505,g_a_cpu,cpu,3675.53,3675.99
3,505,h_a,dpu,3675.99,3691.81
3,505,eb_enc,cpu,3691.81,3692
3,505,eb_dec,cpu,3692,3692.13
3,505,h_s,dpu,3692.13,3693.51
3,505,gc,cpu,3693.51,3703.53
3,511,normalize,cpu,3704.42,3708.12
3,511,g_a_cpu,cpu,3708.13,3708.61
3,511,g_a,dpu,3708.61,3714.16
3,511,g_a,dpu,3714.16,3719.24
3,511,g_a_cpu,cpu,3719.24,3719.75
3,511,h_a,dpu,3719.75,3731.14
3,511,eb_enc,cpu,3731.14,3731.28
3,511,eb_dec,cpu,3731.28,3731.39
3,511,h_s,dpu,3731.39,3732.83
3,511,gc,cpu,3732.83,3747.01
3,516,normalize,cpu,3747.71,3751.41
3,516,g_a_cpu,cpu,3751.41,3751.78
3,516,g_a,dpu,3751.79,3760.95
3,516,g_a,dpu,3760.95,3770.68
3,516,g_a_cpu,cpu,3770.69,3771.72
3,516,h_a,dpu,3771.73,3778.38
3,516,eb_enc,cpu,3778.38,3778.69
3,516,eb_dec,cpu,3778.69,3778.85
3,516,h_s,dpu,3778.85,3804.2
3,516,gc,cpu,3804.2,3815.43
3,525,normalize,cpu,3816.58,3821.43
3,525,g_a_cpu,cpu,3821.44,3821.79
3,525,g_a,dpu,3821.8,3846.1
3,525,g_a,dpu,3846.11,3851.27
3,525,g_a_cpu,cpu,3851.27,3851.76
3,525,h_a,dpu,3851.76,3855.77
3,525,eb_enc,cpu,3855.77,3855.9
3,525,eb_dec,cpu,3855.9,3856.03
3,525,h_s,dpu,3856.03,3865.18
3,525,gc,cpu,3865.18,3875.53
3,532,normalize,cpu,3876.24,3880.11
3,532,g_a_cpu,cpu,3880.11,3880.48
3,532,g_a,dpu,3880.48,3885.68
3,532,g_a,dpu,3885.69,3890.9
3,532,g_a_cpu,cpu,3890.9,3891.24
3,532,h_a,dpu,3891.24,3899.44
3,532,eb_enc,cpu,3899.44,3899.57
3,532,eb_dec,cpu,3899.57,3899.68
3,532,h_s,dpu,3899.68,3900.94
3,532,gc,cpu,3900.94,3911.33
3,539,normalize,cpu,3912.21,3916.04
3,539,g_a_cpu,cpu,3916.04,3916.51
3,539,g_a,dpu,3916.52,3921.81
3,539,g_a,dpu,3921.81,3927.39
3,539,g_a_cpu,cpu,3927.39,3927.74
3,539,h_a,dpu,3927.75,3931
3,539,eb_enc,cpu,3931,3931.17
3,539,eb_dec,cpu,3931.17,3931.28
3,539,h_s,dpu,3931.28,3951.23
3,539,gc,cpu,3951.23,3961.64
3,545,normalize,cpu,3962.43,3966.16
3,545,g_a_cpu,cpu,3966.16,3966.61
3,545,g_a,dpu,3966.61,3972.62
3,545,g_a,dpu,3972.63,3983.22
3,545,g_a_cpu,cpu,3983.22,3983.93
3,545,h_a,dpu,3983.94,3997.97
3,545,eb_enc,cpu,3997.97,3998.14
3,545,eb_dec,cpu,3998.14,3998.25
3,545,h_s,dpu,3998.25,4000.19
3,545,gc,cpu,4000.19,4012.29
3,553,normalize,cpu,4013.39,4021.02
3,553,g_a_cpu,cpu,4021.03,4021.41
3,553,g_a,dpu,4021.42,4029.54
3,553,g_a,dpu,4029.54,4035.71
3,553,g_a_cpu,cpu,4035.71,4036.44
3,553,h_a,dpu,4036.44,4047.86
3,553,eb_enc,cpu,4047.86,4048.06
3,553,eb_dec,cpu,4048.06,4048.18
3,553,h_s,dpu,4048.18,4058.26
3,553,gc,cpu,4058.26,4068.33
3,562,normalize,cpu,4069.59,4073.81
3,562,g_a_cpu,cpu,4073.82,4074.43
3,562,g_a,dpu,4074.43,4091.75
3,562,g_a,dpu,4091.75,4098.66
3,562,g_a_cpu,cpu,4098.66,4099.1
3,562,h_a,dpu,4099.1,4103.9
3,562,eb_enc,cpu,4103.9,4104.14
3,562,eb_dec,cpu,4104.14,4104.26
3,562,h_s,dpu,4104.26,4117.07
3,562,gc,cpu,4117.07,4127.25
3,571,normalize,cpu,4128.01,4131.63
3,571,g_a_cpu,cpu,4131.63,4131.94
3,571,g_a,dpu,4131.94,4138.33
3,571,g_a,dpu,4138.33,4158.59
3,571,g_a_cpu,cpu,4158.59,4158.97
3,571,h_a,dpu,4158.97,4163.58
3,571,eb_enc,cpu,4163.58,4163.83
3,571,eb_dec,cpu,4163.83,4164.05
3,571,h_s,dpu,4164.05,4172.63
3,571,gc,cpu,4172.63,4182.8
3,579,normalize,cpu,4197.94,4201.84
3,579,g_a_cpu,cpu,4201.84,4202.35
3,579,g_a,dpu,4202.35,4220.44
3,579,g_a,dpu,4220.44,4229.32
3,579,g_a_cpu,cpu,4229.33,4229.94
3,579,h_a,dpu,4229.94,4238.52
3,579,eb_enc,cpu,4238.53,4238.66
3,579,eb_dec,cpu,4238.66,4238.77
3,579,h_s,dpu,4238.77,4250.37
3,579,gc,cpu,4250.37,4262.43
3,588,normalize,cpu,4263.11,4266.88
3,588,g_a_cpu,cpu,4266.89,4267.18
3,588,g_a,dpu,4267.18,4280.2
3,588,g_a,dpu,4280.2,4293.79
3,588,g_a_cpu,cpu,4293.79,4294.33
3,588,h_a,dpu,4294.33,4298.38
3,588,eb_enc,cpu,4298.38,4298.55
3,588,eb_dec,cpu,4298.55,4298.66
3,588,h_s,dpu,4298.66,4313.2
3,588,gc,cpu,4313.2,4323.56
3,596,normalize,cpu,4324.2,4328.62
3,596,g_a_cpu,cpu,4328.63,4329.04
3,596,g_a,dpu,4329.04,4342.01
3,596,g_a,dpu,4342.01,4347.16
3,596,g_a_cpu,cpu,4347.17,4347.81
3,596,h_a,dpu,4347.82,4351.21
3,596,eb_enc,cpu,4351.21,4351.34
3,596,eb_dec,cpu,4351.34,4351.44
3,596,h_s,dpu,4351.44,4370.69
3,596,gc,cpu,4370.69,4382.9
3,606,normalize,cpu,4383.72,4389.93
3,606,g_a_cpu,cpu,4389.93,4390.35
3,606,g_a,dpu,4390.35,4396.9
3,606,g_a,dpu,4396.9,4407.16
3,606,g_a_cpu,cpu,4407.16,4407.57
3,606,h_a,dpu,4407.58,4416.51
3,606,eb_enc,cpu,4416.51,4416.63
3,606,eb_dec,cpu,4416.63,4416.74
3,606,h_s,dpu,4416.74,4422.55
3,606,gc,cpu,4422.56,4434.6
3,613,normalize,cpu,4435.34,4449.39
3,613,g_a_cpu,cpu,4449.4,4449.91
3,613,g_a,dpu,4449.92,4456.67
3,613,g_a,dpu,4456.67,4469.56
3,613,g_a_cpu,cpu,4469.56,4470.09
3,613,h_a,dpu,4470.09,4477.05
3,613,eb_enc,cpu,4477.05,4477.19
3,613,eb_dec,cpu,4477.19,4477.3
3,613,h_s,dpu,4477.3,4478.69
3,613,gc,cpu,4478.69,4490.56
3,622,normalize,cpu,4491.33,4495.74
3,622,g_a_cpu,cpu,4495.75,4496.54
3,622,g_a,dpu,4496.54,4514.35
3,622,g_a,dpu,4514.36,4519.43
3,622,g_a_cpu,cpu,4519.43,4520.01
3,622,h_a,dpu,4520.02,4540.39
3,622,eb_enc,cpu,4540.39,4540.54
3,622,eb_dec,cpu,4540.54,4540.65
3,622,h_s,dpu,4540.65,4545.56
3,622,gc,cpu,4545.56,4559.43
3,632,normalize,cpu,4560.11,4564.37
3,632,g_a_cpu,cpu,4564.37,4564.71
3,632,g_a,dpu,4564.72,4569.86
3,632,g_a,dpu,4569.86,4575.93
3,632,g_a_cpu,cpu,4575.93,4576.83
3,632,h_a,dpu,4576.84,4580.57
3,632,eb_enc,cpu,4580.57,4580.72
3,632,eb_dec,cpu,4580.72,4580.83
3,632,h_s,dpu,4580.83,4582.15
3,632,gc,cpu,4582.15,4599.31
3,637,normalize,cpu,4600.08,4626.02
3,637,g_a_cpu,cpu,4626.03,4626.54
3,637,g_a,dpu,4626.55,4632.1
3,637,g_a,dpu,4632.1,4644.26
3,637,g_a_cpu,cpu,4644.27,4644.97
3,637,h_a,dpu,4644.97,4653.43
3,637,eb_enc,cpu,4653.43,4653.57
3,637,eb_dec,cpu,4653.57,4653.67
3,637,h_s,dpu,4653.68,4662.04
3,637,gc,cpu,4662.04,4673.38
3,648,normalize,cpu,4673.91,4679.03
3,648,g_a_cpu,cpu,4679.03,4679.42
3,648,g_a,dpu,4679.42,4684.6
3,648,g_a,dpu,4684.6,4700.32
3,648,g_a_cpu,cpu,4700.33,4701.1
3,648,h_a,dpu,4701.1,4709.4
3,648,eb_enc,cpu,4709.41,4709.56
3,648,eb_dec,cpu,4709.56,4709.67
3,648,h_s,dpu,4709.67,4719.83
3,648,gc,cpu,4719.84,4731.05
3,656,normalize,cpu,4731.88,4737.56
3,656,g_a_cpu,cpu,4737.56,4737.99
3,656,g_a,dpu,4737.99,4756.41
3,656,g_a,dpu,4756.41,4763.81
3,656,g_a_cpu,cpu,4763.82,4764.58
3,656,h_a,dpu,4764.59,4768.82
3,656,eb_enc,cpu,4768.82,4768.97
3,656,eb_dec,cpu,4768.97,4769.08
3,656,h_s,dpu,4769.08,4770.33
3,656,gc,cpu,4770.33,4780.74
3,663,normalize,cpu,4783.1,4790.71
3,663,g_a_cpu,cpu,4790.71,4791.35
3,663,g_a,dpu,4791.36,4808.59
3,663,g_a,dpu,4808.59,4813.66
3,663,g_a_cpu,cpu,4813.66,4814.17
3,663,h_a,dpu,4814.18,4829.31
3,663,eb_enc,cpu,4829.31,4829.51
3,663,eb_dec,cpu,4829.51,4829.63
3,663,h_s,dpu,4829.63,4836.74
3,663,gc,cpu,4836.74,4854.19
3,673,normalize,cpu,4854.89,4859.28
3,673,g_a_cpu,cpu,4859.29,4859.73
3,673,g_a,dpu,4859.74,4865.16
3,673,g_a,dpu,4865.16,4870.61
3,673,g_a_cpu,cpu,4870.61,4871.09
3,673,h_a,dpu,4871.09,4885.55
3,673,eb_enc,cpu,4885.55,4885.69
3,673,eb_dec,cpu,4885.69,4885.8
3,673,h_s,dpu,4885.81,4893.82
3,673,gc,cpu,4893.82,4905.63
3,681,normalize,cpu,4906.26,4910.64
3,681,g_a_cpu,cpu,4910.65,4911.02
3,681,g_a,dpu,4911.03,4916.37
3,681,g_a,dpu,4916.37,4922.45
3,681,g_a_cpu,cpu,4922.45,4923.05
3,681,h_a,dpu,4923.05,4926.56
3,681,eb_enc,cpu,4926.56,4926.76
3,681,eb_dec,cpu,4926.76,4926.9
3,681,h_s,dpu,4926.9,4944.06
3,681,gc,cpu,4944.06,4955.31
3,689,normalize,cpu,4956.18,4960.87
3,689,g_a_cpu,cpu,4960.88,4961.71
3,689,g_a,dpu,4961.73,4966.93
3,689,g_a,dpu,4966.93,4992.5
3,689,g_a_cpu,cpu,4992.51,4993.03
3,689,h_a,dpu,4993.03,5000.45
3,689,eb_enc,cpu,5000.45,5000.65
3,689,eb_dec,cpu,5000.65,5000.77
3,689,h_s,dpu,5000.77,5002.24
3,689,gc,cpu,5002.24,5019.4
3,698,normalize,cpu,5020.26,5023.91
3,698,g_a_cpu,cpu,5023.91,5024.64
3,698,g_a,dpu,5024.65,5035.24
3,698,g_a,dpu,5035.24,5060.89
3,698,g_a_cpu,cpu,5060.89,5061.57
3,698,h_a,dpu,5061.57,5069.26
3,698,eb_enc,cpu,5069.26,5069.39
3,698,eb_dec,cpu,5069.39,5069.49
3,698,h_s,dpu,5069.5,5070.49
3,698,gc,cpu,5070.49,5080.47
3,706,normalize,cpu,5081.13,5084.8
3,706,g_a_cpu,cpu,5084.8,5085.19
3,706,g_a,dpu,5085.19,5092.78
3,706,g_a,dpu,5092.78,5097.75
3,706,g_a_cpu,cpu,5097.76,5098.18
3,706,h_a,dpu,5098.19,5100.94
3,706,eb_enc,cpu,5100.94,5101.06
3,706,eb_dec,cpu,5101.06,5101.17
3,706,h_s,dpu,5101.17,5102.22
3,706,gc,cpu,5102.22,5118.93
3,710,normalize,cpu,5119.51,5128.47
3,710,g_a_cpu,cpu,5128.47,5128.83
3,710,g_a,dpu,5128.84,5134.73
3,710,g_a,dpu,5134.73,5140.77
3,710,g_a_cpu,cpu,5140.78,5141.23
3,710,h_a,dpu,5141.23,5152.77
3,710,eb_enc,cpu,5152.77,5152.95
3,710,eb_dec,cpu,5152.95,5153.09
3,710,h_s,dpu,5153.1,5168.12
3,710,gc,cpu,5168.12,5178.7
3,720,normalize,cpu,5179.3,5183.12
3,720,g_a_cpu,cpu,5183.12,5183.55
3,720,g_a,dpu,5183.57,5194.17
3,720,g_a,dpu,5194.17,5199.37
3,720,g_a_cpu,cpu,5199.37,5199.8
3,720,h_a,dpu,5199.81,5206.82
3,720,eb_enc,cpu,5206.82,5206.95
3,720,eb_dec,cpu,5206.95,5207.06
3,720,h_s,dpu,5207.06,5208.3
3,720,gc,cpu,5208.3,5220.58
3,725,normalize,cpu,5221.4,5229.56
3,725,g_a_cpu,cpu,5229.56,5229.87
3,725,g_a,dpu,5229.88,5239.88
3,725,g_a,dpu,5239.89,5250.05
3,725,g_a_cpu,cpu,5250.05,5250.52
3,725,h_a,dpu,5250.53,5258.89
3,725,eb_enc,cpu,5258.89,5259.03
3,725,eb_dec,cpu,5259.03,5259.14
3,725,h_s,dpu,5259.14,5260.67
3,725,gc,cpu,5260.67,5287.34
3,736,normalize,cpu,5288.15,5293.23
3,736,g_a_cpu,cpu,5293.23,5293.6
3,736,g_a,dpu,5293.6,5310.15
3,736,g_a,dpu,5310.15,5315.39
3,736,g_a_cpu,cpu,5315.39,5316.04
3,736,h_a,dpu,5316.05,5319.52
3,736,eb_enc,cpu,5319.52,5319.65
3,736,eb_dec,cpu,5319.65,5319.77
3,736,h_s,dpu,5319.77,5322.18
3,736,gc,cpu,5322.18,5333.38
3,741,normalize,cpu,5333.91,5337.66
3,741,g_a_cpu,cpu,5337.67,5338.06
3,741,g_a,dpu,5338.06,5354.09
3,741,g_a,dpu,5354.09,5363.63
3,741,g_a_cpu,cpu,5363.63,5364.02
3,741,h_a,dpu,5364.02,5367.04
3,741,eb_enc,cpu,5367.04,5367.2
3,741,eb_dec,cpu,5367.2,5367.32
3,741,h_s,dpu,5367.32,5379.46
3,741,gc,cpu,5379.47,5389.77
3,749,normalize,cpu,5394.92,5398.71
3,749,g_a_cpu,cpu,5398.71,5399.39
3,749,g_a,dpu,5399.39,5409.28
3,749,g_a,dpu,5409.29,5416.02
3,749,g_a_cpu,cpu,5416.03,5416.75
3,749,h_a,dpu,5416.76,5444.06
3,749,eb_enc,cpu,5444.06,5444.23
3,749,eb_dec,cpu,5444.23,5444.35
3,749,h_s,dpu,5444.35,5457.25
3,749,gc,cpu,5457.25,5469.32
3,761,normalize,cpu,5470.07,5474.74
3,761,g_a_cpu,cpu,5474.75,5475.39
3,761,g_a,dpu,5475.39,5482.4
3,761,g_a,dpu,5482.4,5487.67
3,761,g_a_cpu,cpu,5487.67,5488.36
3,761,h_a,dpu,5488.36,5492.97
3,761,eb_enc,cpu,5492.97,5493.14
3,761,eb_dec,cpu,5493.14,5493.25
3,761,h_s,dpu,5493.25,5501.2
3,761,gc,cpu,5501.2,5511.26
3,767,normalize,cpu,5512.21,5515.83
3,767,g_a_cpu,cpu,5515.83,5516.35
3,767,g_a,dpu,5516.36,5522.87
3,767,g_a,dpu,5522.87,5544.67
3,767,g_a_cpu,cpu,5544.67,5545.32
3,767,h_a,dpu,5545.32,5550.06
3,767,eb_enc,cpu,5550.06,5550.21
3,767,eb_dec,cpu,5550.21,5550.34
3,767,h_s,dpu,5550.34,5553.04
3,767,gc,cpu,5553.05,5564.22
3,772,normalize,cpu,5564.91,5568.89
3,772,g_a_cpu,cpu,5568.89,5579.36
3,772,g_a,dpu,5579.37,5584.5
3,772,g_a,dpu,5584.5,5589.66
3,772,g_a_cpu,cpu,5589.67,5590.07
3,772,h_a,dpu,5590.07,5594.05
3,772,eb_enc,cpu,5594.06,5594.19
3,772,eb_dec,cpu,5594.19,5594.3
3,772,h_s,dpu,5594.3,5599.81
3,772,gc,cpu,5599.81,5610.64
3,780,normalize,cpu,5611.44,5615.13
3,780,g_a_cpu,cpu,5615.14,5615.49
3,780,g_a,dpu,5615.49,5622.81
3,780,g_a,dpu,5622.81,5628.15
3,780,g_a_cpu,cpu,5628.15,5628.55
3,780,h_a,dpu,5628.55,5634.44
3,780,eb_enc,cpu,5634.44,5634.59
3,780,eb_dec,cpu,5634.59,5634.7
3,780,h_s,dpu,5634.7,5635.9
3,780,gc,cpu,5635.9,5646.46
3,788,normalize,cpu,5647.28,5651.15
3,788,g_a_cpu,cpu,5651.15,5651.54
3,788,g_a,dpu,5651.54,5662.89
3,788,g_a,dpu,5662.9,5674.4
3,788,g_a_cpu,cpu,5674.4,5674.79
3,788,h_a,dpu,5674.79,5679.91
3,788,eb_enc,cpu,5679.91,5680.12
3,788,eb_dec,cpu,5680.12,5680.23
3,788,h_s,dpu,5680.23,5681.52
3,788,gc,cpu,5681.52,5703.63
3,796,normalize,cpu,5704.68,5712.66
3,796,g_a_cpu,cpu,5712.66,5713.01
3,796,g_a,dpu,5713.01,5726.76
3,796,g_a,dpu,5726.77,5731.88
3,796,g_a_cpu,cpu,5731.88,5732.52
3,796,h_a,dpu,5732.57,5767.81
3,796,eb_enc,cpu,5767.81,5767.99
3,796,eb_dec,cpu,5767.99,5768.1
3,796,h_s,dpu,5768.1,5776.05
3,796,gc,cpu,5776.06,5786.98
3,806,normalize,cpu,5787.58,5791.26
3,806,g_a_cpu,cpu,5791.26,5791.7
3,806,g_a,dpu,5791.71,5797.09
3,806,g_a,dpu,5797.09,5802.42
3,806,g_a_cpu,cpu,5802.42,5803.14
3,806,h_a,dpu,5803.15,5817.86
3,806,eb_enc,cpu,5817.86,5818.04
3,806,eb_dec,cpu,5818.04,5818.16
3,806,h_s,dpu,5818.16,5824.7
3,806,gc,cpu,5824.71,5835.12
3,814,normalize,cpu,5835.68,5839.37
3,814,g_a_cpu,cpu,5839.37,5839.76
3,814,g_a,dpu,5839.76,5844.87
3,814,g_a,dpu,5844.87,5849.95
3,814,g_a_cpu,cpu,5849.95,5850.31
3,814,h_a,dpu,5850.31,5857
3,814,eb_enc,cpu,5857.01,5857.15
3,814,eb_dec,cpu,5857.16,5857.27
3,814,h_s,dpu,5857.27,5861.16
3,814,gc,cpu,5861.16,5875.46
3,821,normalize,cpu,5876.13,5879.83
3,821,g_a_cpu,cpu,5879.83,5880.3
3,821,g_a,dpu,5880.3,5889.57
3,821,g_a,dpu,5889.57,5896.01
3,821,g_a_cpu,cpu,5896.01,5896.49
3,821,h_a,dpu,5896.49,5908.76
3,821,eb_enc,cpu,5908.76,5908.94
3,821,eb_dec,cpu,5908.94,5909.05
3,821,h_s,dpu,5909.05,5918.94
3,821,gc,cpu,5918.94,5929.75
3,828,normalize,cpu,5930.52,5935.49
3,828,g_a_cpu,cpu,5935.49,5936.1
3,828,g_a,dpu,5936.11,5946.12
3,828,g_a,dpu,5946.12,5963.81
3,828,g_a_cpu,cpu,5963.81,5964.39
3,828,h_a,dpu,5964.4,5967.78
3,828,eb_enc,cpu,5967.78,5967.91
3,828,eb_dec,cpu,5967.91,5968.05
3,828,h_s,dpu,5968.05,5977.4
3,828,gc,cpu,5977.4,5987.56
3,836,normalize,cpu,5988.62,5992.32
3,836,g_a_cpu,cpu,5992.32,5992.89
3,836,g_a,dpu,5992.9,6003.68
3,836,g_a,dpu,6003.68,6012.18
3,836,g_a_cpu,cpu,6012.18,6012.62
3,836,h_a,dpu,6012.62,6015.71
3,836,eb_enc,cpu,6015.71,6015.85
3,836,eb_dec,cpu,6015.85,6016
3,836,h_s,dpu,6016,6017.4
3,836,gc,cpu,6017.4,6027.45
3,843,normalize,cpu,6028.01,6031.64
3,843,g_a_cpu,cpu,6031.64,6032.25
3,843,g_a,dpu,6032.25,6037.6
3,843,g_a,dpu,6037.61,6042.91
3,843,g_a_cpu,cpu,6042.91,6043.32
3,843,h_a,dpu,6043.32,6061.39
3,843,eb_enc,cpu,6061.39,6061.62
3,843,eb_dec,cpu,6061.62,6061.74
3,843,h_s,dpu,6061.74,6067.15
3,843,gc,cpu,6067.15,6077.8
3,851,normalize,cpu,6079.56,6083.28
3,851,g_a_cpu,cpu,6083.28,6083.61
3,851,g_a,dpu,6083.61,6088.8
3,851,g_a,dpu,6088.81,6094.71
3,851,g_a_cpu,cpu,6094.71,6095.12
3,851,h_a,dpu,6095.13,6120.49
3,851,eb_enc,cpu,6120.5,6120.63
3,851,eb_dec,cpu,6120.63,6120.74
3,851,h_s,dpu,6120.74,6130.88
3,851,gc,cpu,6130.89,6141.1
3,860,normalize,cpu,6141.64,6145.43
3,860,g_a_cpu,cpu,6145.43,6145.91
3,860,g_a,dpu,6145.91,6151.6
3,860,g_a,dpu,6151.61,6177.24
3,860,g_a_cpu,cpu,6177.24,6177.64
3,860,h_a,dpu,6177.64,6181.19
3,860,eb_enc,cpu,6181.19,6181.33
3,860,eb_dec,cpu,6181.33,6181.43
3,860,h_s,dpu,6181.43,6187.67
3,860,gc,cpu,6187.67,6197.93
3,867,normalize,cpu,6198.48,6202.19
3,867,g_a_cpu,cpu,6202.2,6202.59
3,867,g_a,dpu,6202.6,6207.86
3,867,g_a,dpu,6207.86,6214.01
3,867,g_a_cpu,cpu,6214.01,6214.71
3,867,h_a,dpu,6214.71,6224.43
3,867,eb_enc,cpu,6224.43,6224.56
3,867,eb_dec,cpu,6224.56,6224.67
3,867,h_s,dpu,6224.67,6241.03
3,867,gc,cpu,6241.03,6259.74
3,876,normalize,cpu,6260.26,6263.97
3,876,g_a_cpu,cpu,6263.97,6264.59
3,876,g_a,dpu,6264.6,6280.43
3,876,g_a,dpu,6280.44,6291.02
3,876,g_a_cpu,cpu,6291.02,6291.77
3,876,h_a,dpu,6291.77,6295.69
3,876,eb_enc,cpu,6295.69,6295.85
3,876,eb_dec,cpu,6295.85,6296.01
3,876,h_s,dpu,6296.01,6303.88
3,876,gc,cpu,6303.89,6314.2
3,884,normalize,cpu,6314.68,6318.41
3,884,g_a_cpu,cpu,6318.42,6318.79
3,884,g_a,dpu,6318.79,6323.83
3,884,g_a,dpu,6323.84,6329.11
3,884,g_a_cpu,cpu,6329.12,6329.9
3,884,h_a,dpu,6329.9,6335.08
3,884,eb_enc,cpu,6335.08,6335.21
3,884,eb_dec,cpu,6335.21,6335.32
3,884,h_s,dpu,6335.32,6340.29
3,884,gc,cpu,6340.29,6350.36
3,891,normalize,cpu,6350.91,6355.45
3,891,g_a_cpu,cpu,6355.45,6356.09
3,891,g_a,dpu,6356.09,6367.68
3,891,g_a,dpu,6367.69,6392.25
3,891,g_a_cpu,cpu,6392.25,6392.82
3,891,h_a,dpu,6392.82,6399.66
3,891,eb_enc,cpu,6399.66,6399.91
3,891,eb_dec,cpu,6399.91,6400.14
3,891,h_s,dpu,6400.14,6401.67
3,891,gc,cpu,6401.67,6412.37
3,899,normalize,cpu,6413,6416.68
3,899,g_a_cpu,cpu,6416.68,6417.1
3,899,g_a,dpu,6417.11,6422.75
3,899,g_a,dpu,6422.75,6432.95
3,899,g_a_cpu,cpu,6432.96,6433.73
3,899,h_a,dpu,6433.73,6443.14
3,899,eb_enc,cpu,6443.14,6443.28
3,899,eb_dec,cpu,6443.28,6443.4
3,899,h_s,dpu,6443.4,6464.16
3,899,gc,cpu,6464.16,6475.22
3,908,normalize,cpu,6475.69,6481.89
3,908,g_a_cpu,cpu,6481.89,6482.34
3,908,g_a,dpu,6482.34,6490.82
3,908,g_a,dpu,6490.82,6499.9
3,908,g_a_cpu,cpu,6499.9,6500.5
3,908,h_a,dpu,6500.51,6503.86
3,908,eb_enc,cpu,6503.86,6504.02
3,908,eb_dec,cpu,6504.02,6504.14
3,908,h_s,dpu,6504.14,6517.21
3,908,gc,cpu,6517.22,6527.54
3,915,normalize,cpu,6532.76,6536.46
3,915,g_a_cpu,cpu,6536.47,6536.94
3,915,g_a,dpu,6536.95,6542.34
3,915,g_a,dpu,6542.34,6551.54
3,915,g_a_cpu,cpu,6551.54,6552.17
3,915,h_a,dpu,6552.17,6570.6
3,915,eb_enc,cpu,6570.6,6570.78
3,915,eb_dec,cpu,6570.78,6570.89
3,915,h_s,dpu,6570.89,6576.72
3,915,gc,cpu,6576.72,6586.53
3,925,normalize,cpu,6587.16,6591.06
3,925,g_a_cpu,cpu,6591.06,6591.49
3,925,g_a,dpu,6591.49,6596.66
3,925,g_a,dpu,6596.67,6601.89
3,925,g_a_cpu,cpu,6601.9,6602.49
3,925,h_a,dpu,6602.49,6606.05
3,925,eb_enc,cpu,6606.05,6606.29
3,925,eb_dec,cpu,6606.29,6606.43
3,925,h_s,dpu,6606.43,6618.19
3,925,gc,cpu,6618.19,6633.7
4,4,normalize,cpu,73.9132,77.6505
4,4,g_a_cpu,cpu,82.465,83.8853
4,4,g_a,dpu,83.9003,92.7202
4,4,g_a,dpu,92.724,106.903
4,4,g_a_cpu,cpu,106.905,107.911
4,4,h_a,dpu,107.917,110.58
4,4,eb_enc,cpu,110.58,110.823
4,4,eb_dec,cpu,110.823,110.987
4,4,h_s,dpu,110.987,118.772
4,4,gc,cpu,118.784,168.552
4,15,normalize,cpu,169.519,173.159
4,15,g_a_cpu,cpu,173.164,173.595
4,15,g_a,dpu,173.599,183.03
4,15,g_a,dpu,183.031,193.663
4,15,g_a_cpu,cpu,193.666,194.85
4,15,h_a,dpu,194.855,197.549
4,15,eb_enc,cpu,197.553,197.807
4,15,eb_dec,cpu,197.814,197.982
4,15,h_s,dpu,197.982,215.072
4,15,gc,cpu,215.073,226.465
4,21,normalize,cpu,227.132,230.815
4,21,g_a_cpu,cpu,230.822,231.372
4,21,g_a,dpu,231.377,242.321
4,21,g_a,dpu,242.325,251.79
4,21,g_a_cpu,cpu,251.791,252.273
4,21,h_a,dpu,252.275,261.993
4,21,eb_enc,cpu,261.993,262.143
4,21,eb_dec,cpu,262.143,262.255
4,21,h_s,dpu,262.255,276.625
4,21,gc,cpu,276.626,298.571
4,31,normalize,cpu,299.167,302.926
4,31,g_a_cpu,cpu,302.929,303.239
4,31,g_a,dpu,303.242,312.102
4,31,g_a,dpu,312.11,317.131
4,31,g_a_cpu,cpu,317.134,317.714
4,31,h_a,dpu,317.717,320.01
4,31,eb_enc,cpu,320.011,320.158
4,31,eb_dec,cpu,320.159,320.276
4,31,h_s,dpu,320.276,353.517
4,31,gc,cpu,353.519,364.398
4,40,normalize,cpu,365.023,368.749
4,40,g_a_cpu,cpu,368.756,369.647
4,40,g_a,dpu,369.653,379.105
4,40,g_a,dpu,379.107,394.065
4,40,g_a_cpu,cpu,394.068,394.505
4,40,h_a,dpu,394.507,405.221
4,40,eb_enc,cpu,405.222,405.424
4,40,eb_dec,cpu,405.424,405.535
4,40,h_s,dpu,405.536,407.343
4,40,gc,cpu,407.344,417.541
4,48,normalize,cpu,418.296,422.098
4,48,g_a_cpu,cpu,422.102,422.579
4,48,g_a,dpu,422.582,440.162
4,48,g_a,dpu,440.164,445.461
4,48,g_a_cpu,cpu,445.463,445.947
4,48,h_a,dpu,445.95,449.368
4,48,eb_enc,cpu,449.369,449.613
4,48,eb_dec,cpu,449.613,449.748
4,48,h_s,dpu,449.749,455.46
4,48,gc,cpu,455.461,465.993
4,56,normalize,cpu,466.533,470.298
4,56,g_a_cpu,cpu,470.303,470.806
4,56,g_a,dpu,470.809,476.068
4,56,g_a,dpu,476.069,483.07
4,56,g_a_cpu,cpu,483.073,483.462
4,56,h_a,dpu,483.472,502.249
4,56,eb_enc,cpu,502.25,502.422
4,56,eb_dec,cpu,502.423,502.585
4,56,h_s,dpu,502.585,507.739
4,56,gc,cpu,507.742,518.086
4,62,normalize,cpu,518.657,522.502
4,62,g_a_cpu,cpu,522.506,522.917
4,62,g_a,dpu,522.923,538.8
4,62,g_a,dpu,538.802,566.223
4,62,g_a_cpu,cpu,566.226,566.593
4,62,h_a,dpu,566.596,568.889
4,62,eb_enc,cpu,568.893,569.078
4,62,eb_dec,cpu,569.079,569.209
4,62,h_s,dpu,569.209,571.232
4,62,gc,cpu,571.234,585.039
4,71,normalize,cpu,585.512,589.235
4,71,g_a_cpu,cpu,589.238,589.564
4,71,g_a,dpu,589.567,594.972
4,71,g_a,dpu,594.974,601.391
4,71,g_a_cpu,cpu,601.393,601.942
4,71,h_a,dpu,601.946,603.404
4,71,eb_enc,cpu,603.405,603.525
4,71,eb_dec,cpu,603.526,603.63
4,71,h_s,dpu,603.631,616.136
4,71,gc,cpu,616.137,629.65
4,76,normalize,cpu,630.279,634.204
4,76,g_a_cpu,cpu,634.207,634.516
4,76,g_a,dpu,634.518,639.778
4,76,g_a,dpu,639.78,645.167
4,76,g_a_cpu,cpu,645.171,646.019
4,76,h_a,dpu,646.024,654.531
4,76,eb_enc,cpu,654.531,654.671
4,76,eb_dec,cpu,654.671,654.784
4,76,h_s,dpu,654.784,665.12
4,76,gc,cpu,665.122,675.799
4,84,normalize,cpu,676.387,680.128
4,84,g_a_cpu,cpu,680.135,680.715
4,84,g_a,dpu,680.719,686.003
4,84,g_a,dpu,686.005,691.359
4,84,g_a_cpu,cpu,691.36,691.999
4,84,h_a,dpu,692.005,700.149
4,84,eb_enc,cpu,700.15,700.283
4,84,eb_dec,cpu,700.285,700.396
4,84,h_s,dpu,700.396,713.367
4,84,gc,cpu,713.368,724.725
4,91,normalize,cpu,725.706,729.456
4,91,g_a_cpu,cpu,729.46,729.939
4,91,g_a,dpu,729.944,735.071
4,91,g_a,dpu,735.074,740.235
4,91,g_a_cpu,cpu,740.241,740.78
4,91,h_a,dpu,740.782,749.445
4,91,eb_enc,cpu,749.446,749.567
4,91,eb_dec,cpu,749.567,749.679
4,91,h_s,dpu,749.68,755.638
4,91,gc,cpu,755.639,767.369
4,97,normalize,cpu,768.034,781.48
4,97,g_a_cpu,cpu,781.486,782.111
4,97,g_a,dpu,782.114,794.034
4,97,g_a,dpu,794.037,809.034
4,97,g_a_cpu,cpu,809.036,809.41
4,97,h_a,dpu,809.412,815.553
4,97,eb_enc,cpu,815.554,815.732
4,97,eb_dec,cpu,815.733,815.857
4,97,h_s,dpu,815.857,823.823
4,97,gc,cpu,823.831,833.927
4,107,normalize,cpu,834.4,839.364
4,107,g_a_cpu,cpu,839.367,839.886
4,107,g_a,dpu,839.889,849.164
4,107,g_a,dpu,849.166,855.019
4,107,g_a_cpu,cpu,855.023,855.666
4,107,h_a,dpu,855.672,869.888
4,107,eb_enc,cpu,869.89,870.175
4,107,eb_dec,cpu,870.177,870.327
4,107,h_s,dpu,870.327,879.995
4,107,gc,cpu,879.996,902.479
4,116,normalize,cpu,903.043,907.601
4,116,g_a_cpu,cpu,907.603,908.005
4,116,g_a,dpu,921.211,928.23
4,116,g_a,dpu,928.233,951.691
4,116,g_a_cpu,cpu,951.697,952.657
4,116,h_a,dpu,952.667,955.846
4,116,eb_enc,cpu,955.853,956.217
4,116,eb_dec,cpu,956.219,956.374
4,116,h_s,dpu,956.374,968.585
4,116,gc,cpu,968.587,987.703
4,128,normalize,cpu,996.377,1001.81
4,128,g_a_cpu,cpu,1001.82,1008.42
4,128,g_a,dpu,1008.42,1013.81
4,128,g_a,dpu,1013.82,1044.76
4,128,g_a_cpu,cpu,1044.76,1045.13
4,128,h_a,dpu,1045.13,1047.54
4,128,eb_enc,cpu,1047.54,1047.68
4,128,eb_dec,cpu,1047.68,1047.79
4,128,h_s,dpu,1047.79,1061.32
4,128,gc,cpu,1061.32,1071.77
4,139,normalize,cpu,1072.71,1076.47
4,139,g_a_cpu,cpu,1076.47,1076.96
4,139,g_a,dpu,1076.96,1082.58
4,139,g_a,dpu,1082.58,1091.01
4,139,g_a_cpu,cpu,1091.02,1091.4
4,139,h_a,dpu,1091.4,1093.96
4,139,eb_enc,cpu,1093.96,1094.17
4,139,eb_dec,cpu,1094.17,1094.29
4,139,h_s,dpu,1094.3,1098.66
4,139,gc,cpu,1098.66,1110.96
4,145,normalize,cpu,1111.49,1115.24
4,145,g_a_cpu,cpu,1115.24,1115.66
4,145,g_a,dpu,1115.66,1126.27
4,145,g_a,dpu,1126.27,1136.38
4,145,g_a_cpu,cpu,1136.38,1136.93
4,145,h_a,dpu,1136.93,1155.15
4,145,eb_enc,cpu,1155.15,1155.28
4,145,eb_dec,cpu,1155.28,1155.38
4,145,h_s,dpu,1155.38,1156.81
4,145,gc,cpu,1156.81,1167.56
4,153,normalize,cpu,1168.17,1180.56
4,153,g_a_cpu,cpu,1180.56,1181.05
4,153,g_a,dpu,1181.06,1189.29
4,153,g_a,dpu,1189.29,1200.84
4,153,g_a_cpu,cpu,1200.84,1201.4
4,153,h_a,dpu,1201.41,1212.65
4,153,eb_enc,cpu,1212.65,1212.82
4,153,eb_dec,cpu,1212.83,1212.95
4,153,h_s,dpu,1212.95,1214.81
4,153,gc,cpu,1214.82,1228.42
4,163,normalize,cpu,1229.67,1233.46
4,163,g_a_cpu,cpu,1233.47,1233.86
4,163,g_a,dpu,1233.87,1240.89
4,163,g_a,dpu,1240.9,1246.36
4,163,g_a_cpu,cpu,1246.36,1246.72
4,163,h_a,dpu,1246.72,1248.84
4,163,eb_enc,cpu,1248.84,1248.97
4,163,eb_dec,cpu,1248.97,1249.08
4,163,h_s,dpu,1249.08,1263.59
4,163,gc,cpu,1263.59,1278.38
4,170,normalize,cpu,1279.54,1283.35
4,170,g_a_cpu,cpu,1283.36,1284.24
4,170,g_a,dpu,1284.25,1291.42
4,170,g_a,dpu,1291.42,1312.82
4,170,g_a_cpu,cpu,1312.82,1313.38
4,170,h_a,dpu,1313.39,1315.93
4,170,eb_enc,cpu,1315.93,1316.16
4,170,eb_dec,cpu,1316.16,1316.28
4,170,h_s,dpu,1316.28,1338.09
4,170,gc,cpu,1338.09,1357.01
4,180,normalize,cpu,1365.54,1369.53
4,180,g_a_cpu,cpu,1369.54,1371.17
4,180,g_a,dpu,1371.17,1383.78
4,180,g_a,dpu,1383.78,1412.19
4,180,g_a_cpu,cpu,1412.19,1412.72
4,180,h_a,dpu,1412.72,1415.31
4,180,eb_enc,cpu,1415.31,1415.47
4,180,eb_dec,cpu,1415.47,1415.59
4,180,h_s,dpu,1415.59,1422.16
4,180,gc,cpu,1422.16,1435.72
4,190,normalize,cpu,1436.31,1440.96
4,190,g_a_cpu,cpu,1440.96,1441.4
4,190,g_a,dpu,1441.41,1446.64
4,190,g_a,dpu,1446.64,1455.63
4,190,g_a_cpu,cpu,1455.63,1456.01
4,190,h_a,dpu,1456.01,1468.68
4,190,eb_enc,cpu,1468.68,1468.85
4,190,eb_dec,cpu,1468.86,1468.98
4,190,h_s,dpu,1468.98,1485.25
4,190,gc,cpu,1485.26,1497.58
4,199,normalize,cpu,1498.17,1501.93
4,199,g_a_cpu,cpu,1501.93,1502.22
4,199,g_a,dpu,1502.22,1513.02
4,199,g_a,dpu,1513.02,1531.3
4,199,g_a_cpu,cpu,1531.31,1532.04
4,199,h_a,dpu,1532.04,1534.15
4,199,eb_enc,cpu,1534.15,1534.29
4,199,eb_dec,cpu,1534.29,1534.39
4,199,h_s,dpu,1534.4,1545.41
4,199,gc,cpu,1545.41,1556.39
4,208,normalize,cpu,1557.45,1561.14
4,208,g_a_cpu,cpu,1561.14,1561.68
4,208,g_a,dpu,1561.69,1567.3
4,208,g_a,dpu,1567.3,1572.56
4,208,g_a_cpu,cpu,1572.56,1572.91
4,208,h_a,dpu,1572.91,1575.06
4,208,eb_enc,cpu,1575.06,1575.28
4,208,eb_dec,cpu,1575.28,1575.4
4,208,h_s,dpu,1575.4,1582.47
4,208,gc,cpu,1582.47,1593.23
4,214,normalize,cpu,1594.11,1598.65
4,214,g_a_cpu,cpu,1598.65,1599.11
4,214,g_a,dpu,1599.11,1607.35
4,214,g_a,dpu,1607.35,1618.31
4,214,g_a_cpu,cpu,1618.31,1618.78
4,214,h_a,dpu,1618.78,1620.55
4,214,eb_enc,cpu,1620.55,1620.68
4,214,eb_dec,cpu,1620.69,1620.8
4,214,h_s,dpu,1620.8,1634.47
4,214,gc,cpu,1634.47,1649.94
4,223,normalize,cpu,1650.55,1654.39
4,223,g_a_cpu,cpu,1654.39,1654.84
4,223,g_a,dpu,1654.84,1660.09
4,223,g_a,dpu,1660.09,1676.03
4,223,g_a_cpu,cpu,1676.03,1676.52
4,223,h_a,dpu,1676.52,1686.07
4,223,eb_enc,cpu,1686.08,1686.29
4,223,eb_dec,cpu,1686.29,1686.43
4,223,h_s,dpu,1686.43,1708.27
4,223,gc,cpu,1708.28,1724.82
4,233,normalize,cpu,1725.4,1729.22
4,233,g_a_cpu,cpu,1729.23,1729.73
4,233,g_a,dpu,1729.74,1739.07
4,233,g_a,dpu,1739.07,1754.99
4,233,g_a_cpu,cpu,1754.99,1755.61
4,233,h_a,dpu,1755.61,1759.51
4,233,eb_enc,cpu,1759.51,1759.65
4,233,eb_dec,cpu,1759.65,1759.77
4,233,h_s,dpu,1759.77,1764.95
4,233,gc,cpu,1764.95,1796.64
4,240,normalize,cpu,1797.62,1810.17
4,240,g_a_cpu,cpu,1810.18,1810.6
4,240,g_a,dpu,1810.61,1848.64
4,240,g_a,dpu,1848.65,1853.83
4,240,g_a_cpu,cpu,1853.83,1854.19
4,240,h_a,dpu,1854.2,1861.2
4,240,eb_enc,cpu,1861.2,1861.34
4,240,eb_dec,cpu,1861.34,1861.46
4,240,h_s,dpu,1861.46,1869.06
4,240,gc,cpu,1869.06,1878.94
4,251,normalize,cpu,1879.42,1889.38
4,251,g_a_cpu,cpu,1889.39,1889.77
4,251,g_a,dpu,1889.77,1895.01
4,251,g_a,dpu,1895.01,1905.69
4,251,g_a_cpu,cpu,1905.7,1906.1
4,251,h_a,dpu,1906.1,1913.69
4,251,eb_enc,cpu,1913.7,1913.93
4,251,eb_dec,cpu,1913.93,1914.09
4,251,h_s,dpu,1914.09,1919.49
4,251,gc,cpu,1919.49,1935.89
4,260,normalize,cpu,1936.61,1941.71
4,260,g_a_cpu,cpu,1941.71,1942.22
4,260,g_a,dpu,1942.22,1947.46
4,260,g_a,dpu,1947.46,1956.96
4,260,g_a_cpu,cpu,1956.96,1957.53
4,260,h_a,dpu,1957.53,1962.53
4,260,eb_enc,cpu,1962.53,1962.69
4,260,eb_dec,cpu,1962.69,1962.83
4,260,h_s,dpu,1962.83,1992.66
4,260,gc,cpu,1992.66,2003.25
4,270,normalize,cpu,2003.71,2007.42
4,270,g_a_cpu,cpu,2007.42,2007.81
4,270,g_a,dpu,2007.81,2013.02
4,270,g_a,dpu,2013.03,2029.08
4,270,g_a_cpu,cpu,2029.08,2029.59
4,270,h_a,dpu,2029.59,2031.28
4,270,eb_enc,cpu,2031.28,2031.41
4,270,eb_dec,cpu,2031.41,2031.51
4,270,h_s,dpu,2031.51,2032.82
4,270,gc,cpu,2032.82,2043.01
4,275,normalize,cpu,2043.78,2047.44
4,275,g_a_cpu,cpu,2047.44,2047.78
4,275,g_a,dpu,2047.79,2054.72
4,275,g_a,dpu,2054.72,2066.06
4,275,g_a_cpu,cpu,2066.07,2066.67
4,275,h_a,dpu,2066.67,2084.58
4,275,eb_enc,cpu,2084.58,2084.72
4,275,eb_dec,cpu,2084.72,2084.83
4,275,h_s,dpu,2084.83,2091.67
4,275,gc,cpu,2091.67,2101.68
4,283,normalize,cpu,2102.64,2106.3
4,283,g_a_cpu,cpu,2106.31,2106.89
4,283,g_a,dpu,2106.89,2112.14
4,283,g_a,dpu,2112.15,2119.72
4,283,g_a_cpu,cpu,2119.72,2120.15
4,283,h_a,dpu,2120.16,2137.3
4,283,eb_enc,cpu,2137.3,2137.48
4,283,eb_dec,cpu,2137.48,2137.6
4,283,h_s,dpu,2137.6,2147.98
4,283,gc,cpu,2147.98,2158.23
4,292,normalize,cpu,2158.92,2162.62
4,292,g_a_cpu,cpu,2162.62,2163.08
4,292,g_a,dpu,2163.09,2168.56
4,292,g_a,dpu,2168.56,2173.77
4,292,g_a_cpu,cpu,2173.78,2174.26
4,292,h_a,dpu,2174.26,2176.89
4,292,eb_enc,cpu,2176.9,2177.07
4,292,eb_dec,cpu,2177.07,2177.22
4,292,h_s,dpu,2177.22,2188.82
4,292,gc,cpu,2188.82,2198.86
4,297,normalize,cpu,2199.75,2221.17
4,297,g_a_cpu,cpu,2221.17,2221.6
4,297,g_a,dpu,2221.61,2235.77
4,297,g_a,dpu,2235.77,2240.86
4,297,g_a_cpu,cpu,2240.86,2241.25
4,297,h_a,dpu,2241.25,2250.96
4,297,eb_enc,cpu,2250.97,2251.11
4,297,eb_dec,cpu,2251.11,2251.23
4,297,h_s,dpu,2251.23,2257.57
4,297,gc,cpu,2257.57,2277.03
4,307,normalize,cpu,2277.67,2281.42
4,307,g_a_cpu,cpu,2281.44,2282.87
4,307,g_a,dpu,2282.87,2289.56
4,307,g_a,dpu,2289.56,2294.88
4,307,g_a_cpu,cpu,2294.88,2295.37
4,307,h_a,dpu,2295.38,2311.9
4,307,eb_enc,cpu,2311.91,2312.2
4,307,eb_dec,cpu,2312.21,2312.36
4,307,h_s,dpu,2312.36,2318.54
4,307,gc,cpu,2318.54,2329.43
4,314,normalize,cpu,2330.06,2333.7
4,314,g_a_cpu,cpu,2333.71,2334.33
4,314,g_a,dpu,2334.33,2339.86
4,314,g_a,dpu,2339.86,2356.82
4,314,g_a_cpu,cpu,2356.82,2357.56
4,314,h_a,dpu,2357.57,2362.27
4,314,eb_enc,cpu,2362.27,2362.44
4,314,eb_dec,cpu,2362.44,2362.56
4,314,h_s,dpu,2362.56,2375.58
4,314,gc,cpu,2375.58,2386.08
4,323,normalize,cpu,2386.7,2390.37
4,323,g_a_cpu,cpu,2390.38,2390.92
4,323,g_a,dpu,2390.92,2402.01
4,323,g_a,dpu,2402.02,2420.11
4,323,g_a_cpu,cpu,2420.12,2420.68
4,323,h_a,dpu,2420.68,2426.96
4,323,eb_enc,cpu,2426.96,2427.17
4,323,eb_dec,cpu,2427.17,2427.32
4,323,h_s,dpu,2427.32,2431.23
4,323,gc,cpu,2431.23,2441.4
4,332,normalize,cpu,2441.95,2447.23
4,332,g_a_cpu,cpu,2447.24,2447.61
4,332,g_a,dpu,2447.61,2452.8
4,332,g_a,dpu,2452.8,2469.67
4,332,g_a_cpu,cpu,2469.67,2470.27
4,332,h_a,dpu,2470.27,2485.35
4,332,eb_enc,cpu,2485.35,2485.51
4,332,eb_dec,cpu,2485.51,2485.64
4,332,h_s,dpu,2485.64,2487.04
4,332,gc,cpu,2487.04,2507.93
4,341,normalize,cpu,2508.62,2512.3
4,341,g_a_cpu,cpu,2512.3,2512.65
4,341,g_a,dpu,2512.65,2519.62
4,341,g_a,dpu,2519.62,2544.88
4,341,g_a_cpu,cpu,2544.88,2545.48
4,341,h_a,dpu,2545.48,2547.82
4,341,eb_enc,cpu,2547.82,2548.04
4,341,eb_dec,cpu,2548.04,2548.17
4,341,h_s,dpu,2548.17,2550.1
4,341,gc,cpu,2550.1,2571.12
4,350,normalize,cpu,2571.83,2581.11
4,350,g_a_cpu,cpu,2581.12,2581.96
4,350,g_a,dpu,2581.97,2587.42
4,350,g_a,dpu,2587.42,2605.13
4,350,g_a_cpu,cpu,2605.13,2605.73
4,350,h_a,dpu,2605.74,2608.83
4,350,eb_enc,cpu,2608.84,2609.12
4,350,eb_dec,cpu,2609.13,2609.34
4,350,h_s,dpu,2609.34,2612.75
4,350,gc,cpu,2612.75,2622.96
4,358,normalize,cpu,2623.66,2627.65
4,358,g_a_cpu,cpu,2627.66,2628.29
4,358,g_a,dpu,2628.3,2634.65
4,358,g_a,dpu,2634.66,2644.61
4,358,g_a_cpu,cpu,2644.63,2645.38
4,358,h_a,dpu,2645.38,2649.09
4,358,eb_enc,cpu,2649.09,2649.24
4,358,eb_dec,cpu,2649.24,2649.37
4,358,h_s,dpu,2649.37,2665.44
4,358,gc,cpu,2665.44,2675.65
4,364,normalize,cpu,2678.04,2681.75
4,364,g_a_cpu,cpu,2681.76,2682.86
4,364,g_a,dpu,2682.86,2689.29
4,364,g_a,dpu,2689.29,2704.54
4,364,g_a_cpu,cpu,2704.54,2704.99
4,364,h_a,dpu,2704.99,2709.6
4,364,eb_enc,cpu,2709.6,2709.76
4,364,eb_dec,cpu,2709.76,2709.87
4,364,h_s,dpu,2709.87,2746.12
4,364,gc,cpu,2746.12,2756.86
4,376,normalize,cpu,2757.59,2761.42
4,376,g_a_cpu,cpu,2761.43,2761.95
4,376,g_a,dpu,2761.95,2770.31
4,376,g_a,dpu,2770.31,2788.64
4,376,g_a_cpu,cpu,2788.64,2789.02
4,376,h_a,dpu,2789.03,2790.59
4,376,eb_enc,cpu,2790.6,2790.77
4,376,eb_dec,cpu,2790.77,2790.89
4,376,h_s,dpu,2790.89,2802.76
4,376,gc,cpu,2802.76,2818.3
4,384,normalize,cpu,2819.85,2823.53
4,384,g_a_cpu,cpu,2823.53,2825.74
4,384,g_a,dpu,2825.75,2831.41
4,384,g_a,dpu,2831.41,2839.46
4,384,g_a_cpu,cpu,2839.46,2840.05
4,384,h_a,dpu,2840.05,2861.83
4,384,eb_enc,cpu,2861.83,2861.98
4,384,eb_dec,cpu,2861.98,2862.11
4,384,h_s,dpu,2862.11,2863.58
4,384,gc,cpu,2863.58,2874.88
4,392,normalize,cpu,2875.47,2879.26
4,392,g_a_cpu,cpu,2879.27,2879.62
4,392,g_a,dpu,2879.62,2884.84
4,392,g_a,dpu,2884.84,2891.01
4,392,g_a_cpu,cpu,2891.01,2891.39
4,392,h_a,dpu,2891.39,2893.02
4,392,eb_enc,cpu,2893.02,2893.16
4,392,eb_dec,cpu,2893.16,2893.28
4,392,h_s,dpu,2893.28,2894.53
4,392,gc,cpu,2894.53,2906.24
4,400,normalize,cpu,2906.74,2910.66
4,400,g_a_cpu,cpu,2910.67,2911.06
4,400,g_a,dpu,2911.06,2919.21
4,400,g_a,dpu,2919.21,2930.46
4,400,g_a_cpu,cpu,2930.46,2931.04
4,400,h_a,dpu,2931.04,2933.43
4,400,eb_enc,cpu,2933.44,2940.13
4,400,eb_dec,cpu,2940.13,2940.27
4,400,h_s,dpu,2940.27,2942.16
4,400,gc,cpu,2942.16,2956.33
4,406,normalize,cpu,2957.44,2962.89
4,406,g_a_cpu,cpu,2962.9,2963.74
4,406,g_a,dpu,2963.75,2970.62
4,406,g_a,dpu,2970.62,2992.91
4,406,g_a_cpu,cpu,2992.92,2993.32
4,406,h_a,dpu,2993.32,2996.93
4,406,eb_enc,cpu,2996.93,2997.05
4,406,eb_dec,cpu,2997.05,2997.15
4,406,h_s,dpu,2997.15,3022.8
4,406,gc,cpu,3022.8,3033.16
4,416,normalize,cpu,3033.68,3040.95
4,416,g_a_cpu,cpu,3040.95,3041.3
4,416,g_a,dpu,3041.31,3046.61
4,416,g_a,dpu,3046.62,3052.92
4,416,g_a_cpu,cpu,3052.93,3053.35
4,416,h_a,dpu,3053.35,3065.64
4,416,eb_enc,cpu,3065.65,3065.81
4,416,eb_dec,cpu,3065.81,3065.92
4,416,h_s,dpu,3065.92,3086.62
4,416,gc,cpu,3086.62,3098.13
4,425,normalize,cpu,3098.73,3102.8
4,425,g_a_cpu,cpu,3102.81,3103.28
4,425,g_a,dpu,3103.28,3110.35
4,425,g_a,dpu,3110.36,3127.55
4,425,g_a_cpu,cpu,3127.56,3128.2
4,425,h_a,dpu,3128.21,3137.58
4,425,eb_enc,cpu,3137.58,3137.74
4,425,eb_dec,cpu,3137.74,3137.87
4,425,h_s,dpu,3137.87,3145.98
4,425,gc,cpu,3145.99,3160.62
4,433,normalize,cpu,3161.55,3166.24
4,433,g_a_cpu,cpu,3166.25,3166.72
4,433,g_a,dpu,3166.72,3176.78
4,433,g_a,dpu,3176.8,3184.65
4,433,g_a_cpu,cpu,3184.65,3185.22
4,433,h_a,dpu,3185.23,3196.12
4,433,eb_enc,cpu,3196.12,3196.35
4,433,eb_dec,cpu,3196.35,3196.48
4,433,h_s,dpu,3196.48,3202.22
4,433,gc,cpu,3202.22,3212.64
4,441,normalize,cpu,3215.67,3220.31
4,441,g_a_cpu,cpu,3220.31,3220.96
4,441,g_a,dpu,3220.96,3232.8
4,441,g_a,dpu,3232.8,3246.11
4,441,g_a_cpu,cpu,3246.11,3248.18
4,441,h_a,dpu,3248.18,3259.5
4,441,eb_enc,cpu,3259.5,3259.77
4,441,eb_dec,cpu,3259.77,3259.94
4,441,h_s,dpu,3259.94,3266.51
4,441,gc,cpu,3266.51,3276.64
4,450,normalize,cpu,3277.34,3281.1
4,450,g_a_cpu,cpu,3281.11,3281.44
4,450,g_a,dpu,3281.44,3288.14
4,450,g_a,dpu,3288.14,3293.43
4,450,g_a_cpu,cpu,3293.44,3293.85
4,450,h_a,dpu,3293.85,3299.61
4,450,eb_enc,cpu,3299.61,3299.73
4,450,eb_dec,cpu,3299.73,3299.84
4,450,h_s,dpu,3299.84,3304.35
4,450,gc,cpu,3304.35,3314.54
4,458,normalize,cpu,3315.12,3319.88
4,458,g_a_cpu,cpu,3319.88,3320.36
4,458,g_a,dpu,3320.36,3333.09
4,458,g_a,dpu,3333.09,3345.97
4,458,g_a_cpu,cpu,3345.98,3346.73
4,458,h_a,dpu,3346.74,3357.1
4,458,eb_enc,cpu,3357.1,3357.23
4,458,eb_dec,cpu,3357.23,3357.34
4,458,h_s,dpu,3357.34,3373.72
4,458,gc,cpu,3373.73,3384.37
4,467,normalize,cpu,3385.21,3396.64
4,467,g_a_cpu,cpu,3396.64,3397.06
4,467,g_a,dpu,3397.06,3405.04
4,467,g_a,dpu,3405.04,3411.27
4,467,g_a_cpu,cpu,3411.27,3411.89
4,467,h_a,dpu,3411.89,3422.83
4,467,eb_enc,cpu,3422.86,3423.01
4,467,eb_dec,cpu,3423.01,3423.14
4,467,h_s,dpu,3423.14,3426.57
4,467,gc,cpu,3426.57,3453.02
4,477,normalize,cpu,3454.68,3458.42
4,477,g_a_cpu,cpu,3458.43,3458.83
4,477,g_a,dpu,3458.83,3464.35
4,477,g_a,dpu,3464.36,3476.96
4,477,g_a_cpu,cpu,3476.96,3485.27
4,477,h_a,dpu,3485.28,3492.24
4,477,eb_enc,cpu,3492.25,3492.44
4,477,eb_dec,cpu,3492.44,3492.57
4,477,h_s,dpu,3492.57,3499.41
4,477,gc,cpu,3499.41,3511.65
4,484,normalize,cpu,3512.23,3515.89
4,484,g_a_cpu,cpu,3515.89,3516.56
4,484,g_a,dpu,3516.57,3525.24
4,484,g_a,dpu,3525.25,3536.48
4,484,g_a_cpu,cpu,3536.49,3536.97
4,484,h_a,dpu,3536.98,3543.18
4,484,eb_enc,cpu,3543.18,3543.34
4,484,eb_dec,cpu,3543.34,3543.46
4,484,h_s,dpu,3543.46,3555.97
4,484,gc,cpu,3555.97,3566.77
4,492,normalize,cpu,3567.27,3571.13
4,492,g_a_cpu,cpu,3571.14,3571.47
4,492,g_a,dpu,3571.48,3584.37
4,492,g_a,dpu,3584.37,3590.1
4,492,g_a_cpu,cpu,3590.11,3590.62
4,492,h_a,dpu,3590.62,3600.63
4,492,eb_enc,cpu,3600.63,3600.77
4,492,eb_dec,cpu,3600.77,3600.89
4,492,h_s,dpu,3600.89,3617.84
4,492,gc,cpu,3617.84,3628.56
4,500,normalize,cpu,3629.83,3633.47
4,500,g_a_cpu,cpu,3633.48,3634.21
4,500,g_a,dpu,3634.22,3639.94
4,500,g_a,dpu,3639.97,3645.2
4,500,g_a_cpu,cpu,3645.21,3645.8
4,500,h_a,dpu,3645.8,3652.85
4,500,eb_enc,cpu,3652.85,3653.02
4,500,eb_dec,cpu,3653.02,3653.15
4,500,h_s,dpu,3653.15,3661.38
4,500,gc,cpu,3661.39,3671.63
4,507,normalize,cpu,3672.45,3676.11
4,507,g_a_cpu,cpu,3676.11,3676.48
4,507,g_a,dpu,3676.48,3684.01
4,507,g_a,dpu,3684.01,3689.07
4,507,g_a_cpu,cpu,3689.08,3689.46
4,507,h_a,dpu,3689.46,3691.32
4,507,eb_enc,cpu,3691.32,3691.49
4,507,eb_dec,cpu,3691.49,3691.6
4,507,h_s,dpu,3691.6,3710.76
4,507,gc,cpu,3710.76,3721.14
4,514,normalize,cpu,3721.76,3725.53
4,514,g_a_cpu,cpu,3725.54,3726.09
4,514,g_a,dpu,3726.1,3737.33
4,514,g_a,dpu,3737.33,3764.81
4,514,g_a_cpu,cpu,3764.82,3765.22
4,514,h_a,dpu,3765.22,3772.55
4,514,eb_enc,cpu,3772.55,3772.74
4,514,eb_dec,cpu,3772.74,3772.85
4,514,h_s,dpu,3772.85,3780.39
4,514,gc,cpu,3780.39,3791.32
4,522,normalize,cpu,3792.75,3796.49
4,522,g_a_cpu,cpu,3796.49,3797.17
4,522,g_a,dpu,3797.18,3812.84
4,522,g_a,dpu,3812.84,3820.25
4,522,g_a_cpu,cpu,3820.25,3820.64
4,522,h_a,dpu,3820.64,3837.27
4,522,eb_enc,cpu,3837.27,3837.42
4,522,eb_dec,cpu,3837.42,3837.53
4,522,h_s,dpu,3837.53,3839.83
4,522,gc,cpu,3839.84,3849.8
4,530,normalize,cpu,3850.45,3854.16
4,530,g_a_cpu,cpu,3854.17,3854.76
4,530,g_a,dpu,3854.76,3864.24
4,530,g_a,dpu,3864.24,3878.17
4,530,g_a_cpu,cpu,3878.17,3878.75
4,530,h_a,dpu,3878.76,3880.13
4,530,eb_enc,cpu,3880.13,3880.29
4,530,eb_dec,cpu,3880.29,3880.41
4,530,h_s,dpu,3880.41,3881.95
4,530,gc,cpu,3881.95,3891.94
4,537,normalize,cpu,3897.13,3900.84
4,537,g_a_cpu,cpu,3900.85,3901.24
4,537,g_a,dpu,3901.25,3911.05
4,537,g_a,dpu,3911.05,3916.44
4,537,g_a_cpu,cpu,3916.45,3916.96
4,537,h_a,dpu,3916.96,3922.77
4,537,eb_enc,cpu,3922.77,3922.91
4,537,eb_dec,cpu,3922.91,3923.02
4,537,h_s,dpu,3923.02,3924.33
4,537,gc,cpu,3924.34,3939.18
4,542,normalize,cpu,3939.78,3943.61
4,542,g_a_cpu,cpu,3943.62,3944.09
4,542,g_a,dpu,3944.1,3960.24
4,542,g_a,dpu,3960.24,3965.8
4,542,g_a_cpu,cpu,3965.8,3966.23
4,542,h_a,dpu,3966.23,3967.91
4,542,eb_enc,cpu,3967.91,3968.12
4,542,eb_dec,cpu,3968.12,3968.24
4,542,h_s,dpu,3968.24,3978.01
4,542,gc,cpu,3978.01,3993.35
4,550,normalize,cpu,3994.09,3999.32
4,550,g_a_cpu,cpu,3999.32,4000.95
4,550,g_a,dpu,4000.95,4009.45
4,550,g_a,dpu,4009.45,4015.25
4,550,g_a_cpu,cpu,4015.25,4015.8
4,550,h_a,dpu,4015.8,4017.24
4,550,eb_enc,cpu,4017.25,4017.37
4,550,eb_dec,cpu,4017.37,4017.48
4,550,h_s,dpu,4017.48,4033.57
4,550,gc,cpu,4033.58,4051.73
4,559,normalize,cpu,4052.56,4056.29
4,559,g_a_cpu,cpu,4056.29,4056.67
4,559,g_a,dpu,4056.67,4076.16
4,559,g_a,dpu,4076.16,4083.07
4,559,g_a_cpu,cpu,4083.07,4083.46
4,559,h_a,dpu,4083.46,4094.13
4,559,eb_enc,cpu,4094.13,4094.3
4,559,eb_dec,cpu,4094.3,4094.43
4,559,h_s,dpu,4094.43,4101.12
4,559,gc,cpu,4101.12,4111.5
4,568,normalize,cpu,4112.04,4115.78
4,568,g_a_cpu,cpu,4115.79,4116.9
4,568,g_a,dpu,4116.91,4122.09
4,568,g_a,dpu,4122.09,4133.52
4,568,g_a_cpu,cpu,4133.52,4134.77
4,568,h_a,dpu,4134.77,4140.96
4,568,eb_enc,cpu,4140.96,4141.08
4,568,eb_dec,cpu,4141.09,4141.2
4,568,h_s,dpu,4141.2,4143.73
4,568,gc,cpu,4143.73,4156.61
4,576,normalize,cpu,4157.23,4162.65
4,576,g_a_cpu,cpu,4162.65,4163.01
4,576,g_a,dpu,4163.01,4171.65
4,576,g_a,dpu,4171.66,4188.25
4,576,g_a_cpu,cpu,4188.25,4189.33
4,576,h_a,dpu,4189.34,4194.85
4,576,eb_enc,cpu,4194.85,4195.07
4,576,eb_dec,cpu,4195.07,4195.21
4,576,h_s,dpu,4195.21,4204.37
4,576,gc,cpu,4204.38,4215.93
4,583,normalize,cpu,4216.76,4221.96
4,583,g_a_cpu,cpu,4221.97,4223.05
4,583,g_a,dpu,4223.06,4240.19
4,583,g_a,dpu,4240.19,4254.82
4,583,g_a_cpu,cpu,4254.82,4255.23
4,583,h_a,dpu,4255.23,4257.2
4,583,eb_enc,cpu,4257.2,4257.34
4,583,eb_dec,cpu,4257.34,4257.46
4,583,h_s,dpu,4257.46,4268.14
4,583,gc,cpu,4268.14,4278.21
4,592,normalize,cpu,4278.72,4283.66
4,592,g_a_cpu,cpu,4283.67,4284.1
4,592,g_a,dpu,4284.11,4291.12
4,592,g_a,dpu,4291.13,4302.96
4,592,g_a_cpu,cpu,4302.96,4303.69
4,592,h_a,dpu,4303.69,4315.76
4,592,eb_enc,cpu,4315.76,4315.91
4,592,eb_dec,cpu,4315.91,4316.07
4,592,h_s,dpu,4316.07,4329.62
4,592,gc,cpu,4329.62,4339.88
4,600,normalize,cpu,4340.44,4344.85
4,600,g_a_cpu,cpu,4344.85,4345.24
4,600,g_a,dpu,4345.25,4354.24
4,600,g_a,dpu,4354.24,4359.44
4,600,g_a_cpu,cpu,4359.45,4364.45
4,600,h_a,dpu,4364.45,4365.77
4,600,eb_enc,cpu,4365.77,4365.9
4,600,eb_dec,cpu,4365.9,4366.01
4,600,h_s,dpu,4366.01,4367.22
4,600,gc,cpu,4367.22,4379.1
4,604,normalize,cpu,4379.79,4384.56
4,604,g_a_cpu,cpu,4384.57,4385.22
4,604,g_a,dpu,4385.23,4396.03
4,604,g_a,dpu,4396.03,4408.32
4,604,g_a_cpu,cpu,4408.32,4408.78
4,604,h_a,dpu,4408.78,4421.86
4,604,eb_enc,cpu,4421.86,4421.98
4,604,eb_dec,cpu,4421.99,4422.09
4,604,h_s,dpu,4422.09,4423.7
4,604,gc,cpu,4423.7,4434.07
4,612,normalize,cpu,4435.4,4439.25
4,612,g_a_cpu,cpu,4439.25,4439.63
4,612,g_a,dpu,4439.64,4447.63
4,612,g_a,dpu,4447.63,4453.07
4,612,g_a_cpu,cpu,4453.07,4453.45
4,612,h_a,dpu,4453.46,4463.28
4,612,eb_enc,cpu,4463.29,4463.42
4,612,eb_dec,cpu,4463.42,4463.53
4,612,h_s,dpu,4463.53,4474.41
4,612,gc,cpu,4474.41,4485.27
4,621,normalize,cpu,4485.76,4489.52
4,621,g_a_cpu,cpu,4489.53,4490.04
4,621,g_a,dpu,4490.04,4499.93
4,621,g_a,dpu,4499.93,4506.37
4,621,g_a_cpu,cpu,4506.38,4508.49
4,621,h_a,dpu,4508.49,4525.11
4,621,eb_enc,cpu,4525.11,4525.3
4,621,eb_dec,cpu,4525.3,4525.43
4,621,h_s,dpu,4525.43,4533.79
4,621,gc,cpu,4533.79,4551.35
4,630,normalize,cpu,4552.07,4556.91
4,630,g_a_cpu,cpu,4556.91,4557.3
4,630,g_a,dpu,4557.3,4565.51
4,630,g_a,dpu,4565.51,4571.92
4,630,g_a_cpu,cpu,4571.92,4572.35
4,630,h_a,dpu,4572.35,4587.55
4,630,eb_enc,cpu,4587.55,4587.71
4,630,eb_dec,cpu,4587.71,4587.83
4,630,h_s,dpu,4587.83,4593.09
4,630,gc,cpu,4593.09,4603.26
4,640,normalize,cpu,4604.19,4608.81
4,640,g_a_cpu,cpu,4608.81,4609.33
4,640,g_a,dpu,4609.34,4623.22
4,640,g_a,dpu,4623.22,4629.14
4,640,g_a_cpu,cpu,4629.14,4629.58
4,640,h_a,dpu,4629.58,4633.15
4,640,eb_enc,cpu,4633.15,4633.33
4,640,eb_dec,cpu,4633.33,4633.62
4,640,h_s,dpu,4633.63,4655.02
4,640,gc,cpu,4655.02,4667.72
4,647,normalize,cpu,4669.27,4674.39
4,647,g_a_cpu,cpu,4674.4,4674.71
4,647,g_a,dpu,4674.71,4682.94
4,647,g_a,dpu,4682.94,4699.58
4,647,g_a_cpu,cpu,4699.59,4700.37
4,647,h_a,dpu,4700.38,4706.15
4,647,eb_enc,cpu,4706.15,4706.29
4,647,eb_dec,cpu,4706.3,4706.41
4,647,h_s,dpu,4706.41,4713.63
4,647,gc,cpu,4713.63,4728.7
4,655,normalize,cpu,4729.48,4733.81
4,655,g_a_cpu,cpu,4733.82,4734.19
4,655,g_a,dpu,4734.2,4739.98
4,655,g_a,dpu,4739.98,4754.7
4,655,g_a_cpu,cpu,4754.7,4755.24
4,655,h_a,dpu,4755.25,4765.23
4,655,eb_enc,cpu,4765.23,4765.36
4,655,eb_dec,cpu,4765.36,4765.47
4,655,h_s,dpu,4765.47,4776.71
4,655,gc,cpu,4776.72,4786.87
4,665,normalize,cpu,4787.39,4792.32
4,665,g_a_cpu,cpu,4792.32,4792.75
4,665,g_a,dpu,4792.75,4797.87
4,665,g_a,dpu,4797.87,4814.85
4,665,g_a_cpu,cpu,4814.86,4815.23
4,665,h_a,dpu,4815.23,4817.24
4,665,eb_enc,cpu,4817.24,4817.39
4,665,eb_dec,cpu,4817.39,4817.51
4,665,h_s,dpu,4817.51,4831.04
4,665,gc,cpu,4831.04,4843.28
4,672,normalize,cpu,4843.81,4847.56
4,672,g_a_cpu,cpu,4847.56,4847.83
4,672,g_a,dpu,4847.84,4865.08
4,672,g_a,dpu,4865.08,4871.57
4,672,g_a_cpu,cpu,4871.57,4872.16
4,672,h_a,dpu,4872.17,4877.11
4,672,eb_enc,cpu,4877.11,4877.26
4,672,eb_dec,cpu,4877.26,4877.38
4,672,h_s,dpu,4877.38,4882.56
4,672,gc,cpu,4882.56,4893.35
4,680,normalize,cpu,4894.04,4897.8
4,680,g_a_cpu,cpu,4897.8,4898.21
4,680,g_a,dpu,4898.22,4907.21
4,680,g_a,dpu,4907.21,4912.4
4,680,g_a_cpu,cpu,4912.4,4912.85
4,680,h_a,dpu,4912.85,4917.36
4,680,eb_enc,cpu,4917.36,4917.51
4,680,eb_dec,cpu,4917.52,4917.63
4,680,h_s,dpu,4917.63,4932.75
4,680,gc,cpu,4932.75,4943.59
4,687,normalize,cpu,4944.51,4948.25
4,687,g_a_cpu,cpu,4948.26,4948.7
4,687,g_a,dpu,4948.7,4954.17
4,687,g_a,dpu,4954.17,4959.44
4,687,g_a_cpu,cpu,4959.44,4959.99
4,687,h_a,dpu,4959.99,4962.13
4,687,eb_enc,cpu,4962.13,4962.26
4,687,eb_dec,cpu,4962.26,4962.38
4,687,h_s,dpu,4962.38,4966.93
4,687,gc,cpu,4966.93,4990.1
4,695,normalize,cpu,4991.03,4994.74
4,695,g_a_cpu,cpu,4994.74,4995.28
4,695,g_a,dpu,4995.28,5000.69
4,695,g_a,dpu,5000.69,5019.93
4,695,g_a_cpu,cpu,5019.94,5020.59
4,695,h_a,dpu,5020.6,5022.84
4,695,eb_enc,cpu,5022.85,5023.01
4,695,eb_dec,cpu,5023.01,5023.13
4,695,h_s,dpu,5023.13,5025.24
4,695,gc,cpu,5025.25,5037.23
4,699,normalize,cpu,5037.71,5051.82
4,699,g_a_cpu,cpu,5051.83,5052.31
4,699,g_a,dpu,5052.31,5057.61
4,699,g_a,dpu,5057.62,5067.22
4,699,g_a_cpu,cpu,5067.22,5067.93
4,699,h_a,dpu,5067.93,5069.22
4,699,eb_enc,cpu,5069.22,5069.35
4,699,eb_dec,cpu,5069.35,5069.46
4,699,h_s,dpu,5069.46,5088.41
4,699,gc,cpu,5088.41,5099
4,708,normalize,cpu,5099.51,5103.17
4,708,g_a_cpu,cpu,5103.17,5103.55
4,708,g_a,dpu,5103.56,5124.19
4,708,g_a,dpu,5124.2,5130.19
4,708,g_a_cpu,cpu,5130.19,5130.74
4,708,h_a,dpu,5130.74,5135.92
4,708,eb_enc,cpu,5135.92,5136.09
4,708,eb_dec,cpu,5136.09,5136.21
4,708,h_s,dpu,5136.21,5150
4,708,gc,cpu,5150,5160.3
4,716,normalize,cpu,5160.84,5164.53
4,716,g_a_cpu,cpu,5164.53,5164.98
4,716,g_a,dpu,5164.98,5172.65
4,716,g_a,dpu,5172.65,5178.61
4,716,g_a_cpu,cpu,5178.62,5179.02
4,716,h_a,dpu,5179.02,5201.64
4,716,eb_enc,cpu,5201.64,5201.76
4,716,eb_dec,cpu,5201.76,5201.87
4,716,h_s,dpu,5201.87,5213.71
4,716,gc,cpu,5213.71,5223.66
4,726,normalize,cpu,5224.52,5228.31
4,726,g_a_cpu,cpu,5228.32,5228.72
4,726,g_a,dpu,5228.72,5235.66
4,726,g_a,dpu,5235.66,5241.51
4,726,g_a_cpu,cpu,5241.51,5242.01
4,726,h_a,dpu,5242.01,5252.15
4,726,eb_enc,cpu,5252.15,5252.34
4,726,eb_dec,cpu,5252.34,5252.47
4,726,h_s,dpu,5252.47,5264.12
4,726,gc,cpu,5264.13,5275.64
4,733,normalize,cpu,5276.3,5290.62
4,733,g_a_cpu,cpu,5290.62,5291.62
4,733,g_a,dpu,5291.63,5300.77
4,733,g_a,dpu,5300.78,5306.03
4,733,g_a_cpu,cpu,5306.04,5306.64
4,733,h_a,dpu,5306.64,5321.58
4,733,eb_enc,cpu,5321.58,5321.71
4,733,eb_dec,cpu,5321.71,5321.84
4,733,h_s,dpu,5321.84,5331.45
4,733,gc,cpu,5331.45,5341.38
4,744,normalize,cpu,5341.9,5345.71
4,744,g_a_cpu,cpu,5345.71,5346.11
4,744,g_a,dpu,5346.12,5351.41
4,744,g_a,dpu,5351.41,5356.6
4,744,g_a_cpu,cpu,5356.6,5357.11
4,744,h_a,dpu,5357.11,5365.3
4,744,eb_enc,cpu,5365.3,5365.46
4,744,eb_dec,cpu,5365.46,5365.57
4,744,h_s,dpu,5365.57,5368.54
4,744,gc,cpu,5368.54,5380.71
4,747,normalize,cpu,5381.37,5385.14
4,747,g_a_cpu,cpu,5385.15,5386.27
4,747,g_a,dpu,5386.27,5400.2
4,747,g_a,dpu,5400.2,5405.67
4,747,g_a_cpu,cpu,5405.67,5406.29
4,747,h_a,dpu,5406.3,5410.68
4,747,eb_enc,cpu,5410.68,5410.91
4,747,eb_dec,cpu,5410.91,5411.04
4,747,h_s,dpu,5411.05,5422.36
4,747,gc,cpu,5422.36,5434.63
4,756,normalize,cpu,5436.22,5439.88
4,756,g_a_cpu,cpu,5439.89,5440.61
4,756,g_a,dpu,5440.62,5456.22
4,756,g_a,dpu,5456.22,5471.69
4,756,g_a_cpu,cpu,5471.69,5472.17
4,756,h_a,dpu,5472.17,5475.65
4,756,eb_enc,cpu,5475.65,5475.83
4,756,eb_dec,cpu,5475.83,5475.99
4,756,h_s,dpu,5475.99,5479.77
4,756,gc,cpu,5479.77,5490.41
4,762,normalize,cpu,5491.08,5495.32
4,762,g_a_cpu,cpu,5495.32,5495.65
4,762,g_a,dpu,5495.66,5511.09
4,762,g_a,dpu,5511.1,5516.42
4,762,g_a_cpu,cpu,5516.42,5516.81
4,762,h_a,dpu,5516.81,5523.83
4,762,eb_enc,cpu,5523.83,5524.06
4,762,eb_dec,cpu,5524.06,5524.18
4,762,h_s,dpu,5524.18,5530.36
4,762,gc,cpu,5530.36,5540.27
4,771,normalize,cpu,5540.99,5544.7
4,771,g_a_cpu,cpu,5544.7,5545.3
4,771,g_a,dpu,5545.31,5550.7
4,771,g_a,dpu,5550.7,5568.25
4,771,g_a_cpu,cpu,5568.25,5568.83
4,771,h_a,dpu,5568.84,5575.19
4,771,eb_enc,cpu,5575.19,5575.33
4,771,eb_dec,cpu,5575.33,5575.44
4,771,h_s,dpu,5575.44,5585.45
4,771,gc,cpu,5585.45,5595.88
4,779,normalize,cpu,5597.11,5600.79
4,779,g_a_cpu,cpu,5600.79,5602.37
4,779,g_a,dpu,5602.38,5608.54
4,779,g_a,dpu,5608.54,5616.15
4,779,g_a_cpu,cpu,5616.16,5616.53
4,779,h_a,dpu,5616.53,5630.68
4,779,eb_enc,cpu,5630.68,5630.81
4,779,eb_dec,cpu,5630.81,5630.93
4,779,h_s,dpu,5630.93,5632.16
4,779,gc,cpu,5632.16,5645.05
4,787,normalize,cpu,5645.61,5650.66
4,787,g_a_cpu,cpu,5650.67,5651.06
4,787,g_a,dpu,5651.06,5659.79
4,787,g_a,dpu,5659.8,5668.16
4,787,g_a_cpu,cpu,5668.17,5668.85
4,787,h_a,dpu,5668.85,5676.39
4,787,eb_enc,cpu,5676.4,5676.61
4,787,eb_dec,cpu,5676.61,5676.75
4,787,h_s,dpu,5676.75,5681.89
4,787,gc,cpu,5681.89,5701.63
4,795,normalize,cpu,5702.19,5710.6
4,795,g_a_cpu,cpu,5710.61,5711.04
4,795,g_a,dpu,5711.05,5719.1
4,795,g_a,dpu,5719.1,5729.19
4,795,g_a_cpu,cpu,5729.19,5729.65
4,795,h_a,dpu,5729.65,5736.06
4,795,eb_enc,cpu,5736.07,5736.2
4,795,eb_dec,cpu,5736.2,5736.32
4,795,h_s,dpu,5736.32,5746.57
4,795,gc,cpu,5746.57,5756.97
4,803,normalize,cpu,5757.52,5765.21
4,803,g_a_cpu,cpu,5765.22,5765.8
4,803,g_a,dpu,5765.81,5775.03
4,803,g_a,dpu,5775.04,5783.89
4,803,g_a_cpu,cpu,5783.9,5784.43
4,803,h_a,dpu,5784.43,5787.12
4,803,eb_enc,cpu,5787.12,5787.27
4,803,eb_dec,cpu,5787.27,5787.39
4,803,h_s,dpu,5787.39,5797.44
4,803,gc,cpu,5797.44,5810.66
4,811,normalize,cpu,5811.28,5815.04
4,811,g_a_cpu,cpu,5815.05,5815.58
4,811,g_a,dpu,5815.58,5823.74
4,811,g_a,dpu,5823.74,5831.83
4,811,g_a_cpu,cpu,5831.83,5832.4
4,811,h_a,dpu,5832.4,5835.15
4,811,eb_enc,cpu,5835.16,5835.33
4,811,eb_dec,cpu,5835.33,5835.44
4,811,h_s,dpu,5835.44,5844.87
4,811,gc,cpu,5844.87,5866.23
4,819,normalize,cpu,5866.65,5870.39
4,819,g_a_cpu,cpu,5870.39,5871.16
4,819,g_a,dpu,5871.16,5885.79
4,819,g_a,dpu,5885.79,5894.9
4,819,g_a_cpu,cpu,5894.9,5895.43
4,819,h_a,dpu,5895.43,5898.1
4,819,eb_enc,cpu,5898.1,5898.23
4,819,eb_dec,cpu,5898.23,5898.34
4,819,h_s,dpu,5898.34,5900.16
4,819,gc,cpu,5900.16,5910.45
4,825,normalize,cpu,5910.97,5914.77
4,825,g_a_cpu,cpu,5914.78,5915.57
4,825,g_a,dpu,5915.58,5932.86
4,825,g_a,dpu,5932.86,5939.38
4,825,g_a_cpu,cpu,5939.38,5939.78
4,825,h_a,dpu,5939.79,5946.97
4,825,eb_enc,cpu,5946.97,5947.1
4,825,eb_dec,cpu,5947.1,5947.21
4,825,h_s,dpu,5947.21,5949.06
4,825,gc,cpu,5949.06,5958.96
4,833,normalize,cpu,5959.98,5965.15
4,833,g_a_cpu,cpu,5965.15,5965.51
4,833,g_a,dpu,5965.52,5976.52
4,833,g_a,dpu,5976.52,5992.66
4,833,g_a_cpu,cpu,5992.66,5993.19
4,833,h_a,dpu,5993.27,6004.57
4,833,eb_enc,cpu,6004.57,6004.71
4,833,eb_dec,cpu,6004.71,6004.84
4,833,h_s,dpu,6004.84,6007.53
4,833,gc,cpu,6007.53,6020.33
4,842,normalize,cpu,6020.86,6025.43
4,842,g_a_cpu,cpu,6025.43,6025.79
4,842,g_a,dpu,6025.79,6038.23
4,842,g_a,dpu,6038.23,6043.9
4,842,g_a_cpu,cpu,6043.9,6044.31
4,842,h_a,dpu,6044.31,6045.95
4,842,eb_enc,cpu,6045.95,6046.11
4,842,eb_dec,cpu,6046.11,6046.22
4,842,h_s,dpu,6046.22,6047.39
4,842,gc,cpu,6047.39,6058.6
4,848,normalize,cpu,6059.83,6064.47
4,848,g_a_cpu,cpu,6064.48,6065.03
4,848,g_a,dpu,6065.03,6092.82
4,848,g_a,dpu,6092.82,6097.97
4,848,g_a_cpu,cpu,6097.97,6098.45
4,848,h_a,dpu,6098.45,6101.23
4,848,eb_enc,cpu,6101.23,6101.35
4,848,eb_dec,cpu,6101.35,6101.47
4,848,h_s,dpu,6101.47,6103.03
4,848,gc,cpu,6103.03,6114.3
4,857,normalize,cpu,6115.04,6118.72
4,857,g_a_cpu,cpu,6118.72,6119.18
4,857,g_a,dpu,6119.18,6130.01
4,857,g_a,dpu,6130.01,6153.99
4,857,g_a_cpu,cpu,6153.99,6154.36
4,857,h_a,dpu,6154.36,6163.76
4,857,eb_enc,cpu,6163.77,6164
4,857,eb_dec,cpu,6164,6164.12
4,857,h_s,dpu,6164.12,6173.94
4,857,gc,cpu,6173.94,6184.34
4,865,normalize,cpu,6185.01,6189.4
4,865,g_a_cpu,cpu,6189.41,6189.79
4,865,g_a,dpu,6189.8,6195.08
4,865,g_a,dpu,6195.09,6200.34
4,865,g_a_cpu,cpu,6200.34,6201
4,865,h_a,dpu,6201.01,6209.38
4,865,eb_enc,cpu,6209.38,6209.56
4,865,eb_dec,cpu,6209.56,6209.68
4,865,h_s,dpu,6209.68,6221.97
4,865,gc,cpu,6221.97,6231.93
4,873,normalize,cpu,6233.65,6237.87
4,873,g_a_cpu,cpu,6237.87,6238.2
4,873,g_a,dpu,6238.2,6245.55
4,873,g_a,dpu,6245.55,6251.98
4,873,g_a_cpu,cpu,6251.98,6252.61
4,873,h_a,dpu,6252.61,6257.29
4,873,eb_enc,cpu,6257.29,6257.52
4,873,eb_dec,cpu,6257.52,6257.67
4,873,h_s,dpu,6257.67,6262.53
4,873,gc,cpu,6262.53,6283.83
4,881,normalize,cpu,6284.4,6292.51
4,881,g_a_cpu,cpu,6292.51,6293.61
4,881,g_a,dpu,6293.62,6303
4,881,g_a,dpu,6303,6310.14
4,881,g_a_cpu,cpu,6310.14,6310.66
4,881,h_a,dpu,6310.66,6332.86
4,881,eb_enc,cpu,6332.86,6333.02
4,881,eb_dec,cpu,6333.02,6333.15
4,881,h_s,dpu,6333.15,6352.21
4,881,gc,cpu,6352.21,6362.61
4,892,normalize,cpu,6363.26,6366.91
4,892,g_a_cpu,cpu,6366.92,6367.51
4,892,g_a,dpu,6367.51,6380.52
4,892,g_a,dpu,6380.53,6396.84
4,892,g_a_cpu,cpu,6396.84,6397.44
4,892,h_a,dpu,6397.44,6401.07
4,892,eb_enc,cpu,6401.07,6401.28
4,892,eb_dec,cpu,6401.28,6401.42
4,892,h_s,dpu,6401.42,6406.13
4,892,gc,cpu,6406.14,6416.27
4,900,normalize,cpu,6418.95,6423.18
4,900,g_a_cpu,cpu,6423.19,6423.65
4,900,g_a,dpu,6423.65,6442.52
4,900,g_a,dpu,6442.53,6462.26
4,900,g_a_cpu,cpu,6462.27,6462.7
4,900,h_a,dpu,6462.7,6469.24
4,900,eb_enc,cpu,6469.24,6469.39
4,900,eb_dec,cpu,6469.39,6469.51
4,900,h_s,dpu,6469.51,6478.54
4,900,gc,cpu,6478.54,6489.01
4,910,normalize,cpu,6489.56,6493.22
4,910,g_a_cpu,cpu,6493.23,6493.76
4,910,g_a,dpu,6493.77,6504.22
4,910,g_a,dpu,6504.22,6521.74
4,910,g_a_cpu,cpu,6521.75,6522.11
4,910,h_a,dpu,6522.11,6523.92
4,910,eb_enc,cpu,6523.92,6524.08
4,910,eb_dec,cpu,6524.08,6524.19
4,910,h_s,dpu,6524.19,6530.63
4,910,gc,cpu,6530.63,6541.2
4,918,normalize,cpu,6541.86,6545.55
4,918,g_a_cpu,cpu,6545.55,6545.99
4,918,g_a,dpu,6545.99,6552.85
4,918,g_a,dpu,6552.85,6563.76
4,918,g_a_cpu,cpu,6563.77,6564.5
4,918,h_a,dpu,6564.5,6565.93
4,918,eb_enc,cpu,6565.93,6566.06
4,918,eb_dec,cpu,6566.06,6566.17
4,918,h_s,dpu,6566.17,6567.36
4,918,gc,cpu,6567.36,6577.51
4,922,normalize,cpu,6577.97,6589.73
4,922,g_a_cpu,cpu,6589.74,6590.17
4,922,g_a,dpu,6590.18,6595.4
4,922,g_a,dpu,6595.41,6600.57
4,922,g_a_cpu,cpu,6600.57,6601.23
4,922,h_a,dpu,6601.23,6607.45
4,922,eb_enc,cpu,6607.45,6607.61
4,922,eb_dec,cpu,6607.61,6607.72
4,922,h_s,dpu,6607.72,6612.46
4,922,gc,cpu,6612.46,6627.04
5,2,normalize,cpu,68.6344,72.3791
5,2,g_a_cpu,cpu,72.5263,72.8158
5,2,g_a,dpu,72.8423,82.9032
5,2,g_a,dpu,82.9072,94.1684
5,2,g_a_cpu,cpu,94.1704,94.8157
5,2,h_a,dpu,94.8292,108.115
5,2,eb_enc,cpu,108.115,108.381
5,2,eb_dec,cpu,108.383,108.534
5,2,h_s,dpu,108.534,111.839
5,2,gc,cpu,111.847,157.943
5,11,normalize,cpu,158.509,162.248
5,11,g_a_cpu,cpu,162.252,162.723
5,11,g_a,dpu,162.727,174.483
5,11,g_a,dpu,174.484,189.43
5,11,g_a_cpu,cpu,189.431,189.971
5,11,h_a,dpu,189.973,195.899
5,11,eb_enc,cpu,195.902,196.309
5,11,eb_dec,cpu,196.316,196.454
5,11,h_s,dpu,196.455,198.949
5,11,gc,cpu,198.951,209.806
5,18,normalize,cpu,210.33,214.176
5,18,g_a_cpu,cpu,214.182,214.704
5,18,g_a,dpu,214.713,238.358
5,18,g_a,dpu,238.361,254.219
5,18,g_a_cpu,cpu,254.22,254.653
5,18,h_a,dpu,254.656,260.005
5,18,eb_enc,cpu,260.006,260.138
5,18,eb_dec,cpu,260.139,260.242
5,18,h_s,dpu,260.243,270.324
5,18,gc,cpu,270.325,280.568
5,27,normalize,cpu,288.931,292.623
5,27,g_a_cpu,cpu,292.628,293.074
5,27,g_a,dpu,293.077,314.37
5,27,g_a,dpu,314.376,327.077
5,27,g_a_cpu,cpu,327.079,327.569
5,27,h_a,dpu,327.571,333.043
5,27,eb_enc,cpu,333.044,333.29
5,27,eb_dec,cpu,333.292,333.434
5,27,h_s,dpu,333.435,334.866
5,27,gc,cpu,334.867,345.741
5,37,normalize,cpu,346.39,350.095
5,37,g_a_cpu,cpu,350.099,350.439
5,37,g_a,dpu,350.442,372.54
5,37,g_a,dpu,372.541,378.096
5,37,g_a_cpu,cpu,378.098,378.63
5,37,h_a,dpu,378.633,389.195
5,37,eb_enc,cpu,389.197,389.464
5,37,eb_dec,cpu,389.466,389.606
5,37,h_s,dpu,389.607,397.641
5,37,gc,cpu,397.642,415.599
5,47,normalize,cpu,416.333,425.684
5,47,g_a_cpu,cpu,425.69,426.239
5,47,g_a,dpu,426.242,432.064
5,47,g_a,dpu,432.066,448.515
5,47,g_a_cpu,cpu,448.517,449.265
5,47,h_a,dpu,449.267,453.152
5,47,eb_enc,cpu,453.153,453.316
5,47,eb_dec,cpu,453.317,453.433
5,47,h_s,dpu,453.433,455.134
5,47,gc,cpu,455.136,465.531
5,55,normalize,cpu,466.241,470.141
5,55,g_a_cpu,cpu,470.147,470.605
5,55,g_a,dpu,470.61,488.388
5,55,g_a,dpu,488.389,500.984
5,55,g_a_cpu,cpu,500.987,501.57
5,55,h_a,dpu,501.581,504.219
5,55,eb_enc,cpu,504.22,504.371
5,55,eb_dec,cpu,504.372,504.485
5,55,h_s,dpu,504.485,518.029
5,55,gc,cpu,518.031,528.302
5,65,normalize,cpu,534.426,540.045
5,65,g_a_cpu,cpu,540.048,540.385
5,65,g_a,dpu,540.389,546.425
5,65,g_a,dpu,546.428,552.815
5,65,g_a_cpu,cpu,552.819,553.36
5,65,h_a,dpu,553.363,571.384
5,65,eb_enc,cpu,571.385,571.524
5,65,eb_dec,cpu,571.525,571.633
5,65,h_s,dpu,571.633,572.971
5,65,gc,cpu,572.973,584.253
5,70,normalize,cpu,584.871,592.618
5,70,g_a_cpu,cpu,592.622,593.048
5,70,g_a,dpu,593.052,605.095
5,70,g_a,dpu,605.098,621.916
5,70,g_a_cpu,cpu,621.92,632.326
5,70,h_a,dpu,632.329,634.133
5,70,eb_enc,cpu,634.134,634.284
5,70,eb_dec,cpu,634.284,634.397
5,70,h_s,dpu,634.398,646.024
5,70,gc,cpu,646.025,656.412
5,80,normalize,cpu,656.933,660.714
5,80,g_a_cpu,cpu,660.723,661.427
5,80,g_a,dpu,661.431,676.417
5,80,g_a,dpu,676.418,691.158
5,80,g_a_cpu,cpu,691.161,693.09
5,80,h_a,dpu,693.095,695.113
5,80,eb_enc,cpu,695.114,695.247
5,80,eb_dec,cpu,695.247,695.355
5,80,h_s,dpu,695.356,701.698
5,80,gc,cpu,701.699,713.542
5,89,normalize,cpu,714.354,718.062
5,89,g_a_cpu,cpu,718.067,719.198
5,89,g_a,dpu,719.204,737.07
5,89,g_a,dpu,737.071,742.909
5,89,g_a_cpu,cpu,742.91,743.272
5,89,h_a,dpu,743.275,745.751
5,89,eb_enc,cpu,745.752,745.908
5,89,eb_dec,cpu,745.909,746.022
5,89,h_s,dpu,746.022,760.034
5,89,gc,cpu,760.036,770.894
5,99,normalize,cpu,771.679,775.395
5,99,g_a_cpu,cpu,775.401,775.782
5,99,g_a,dpu,775.785,786.773
5,99,g_a,dpu,786.776,792.197
5,99,g_a_cpu,cpu,792.198,792.613
5,99,h_a,dpu,792.615,804.327
5,99,eb_enc,cpu,804.327,804.504
5,99,eb_dec,cpu,804.505,804.617
5,99,h_s,dpu,804.617,805.862
5,99,gc,cpu,805.863,815.921
5,105,normalize,cpu,816.88,820.627
5,105,g_a_cpu,cpu,820.634,823.262
5,105,g_a,dpu,823.269,841.809
5,105,g_a,dpu,841.811,852.129
5,105,g_a_cpu,cpu,852.131,852.606
5,105,h_a,dpu,852.608,856.403
5,105,eb_enc,cpu,856.404,856.58
5,105,eb_dec,cpu,856.582,856.694
5,105,h_s,dpu,856.694,870.96
5,105,gc,cpu,870.969,881.544
5,113,normalize,cpu,882.116,885.96
5,113,g_a_cpu,cpu,885.962,886.272
5,113,g_a,dpu,886.275,900.245
5,113,g_a,dpu,900.246,906.66
5,113,g_a_cpu,cpu,906.661,907.038
5,113,h_a,dpu,907.04,914.783
5,113,eb_enc,cpu,914.784,914.931
5,113,eb_dec,cpu,914.932,915.041
5,113,h_s,dpu,915.042,929.33
5,113,gc,cpu,929.331,940.239
5,121,normalize,cpu,942.302,946.843
5,121,g_a_cpu,cpu,946.847,947.376
5,121,g_a,dpu,947.384,964.119
5,121,g_a,dpu,964.123,974.002
5,121,g_a_cpu,cpu,974.005,974.421
5,121,h_a,dpu,974.423,980.728
5,121,eb_enc,cpu,980.731,981.081
5,121,eb_dec,cpu,981.083,981.261
5,121,h_s,dpu,981.262,984.521
5,121,gc,cpu,984.523,995.737
5,129,normalize,cpu,996.411,1000.11
5,129,g_a_cpu,cpu,1000.11,1000.69
5,129,g_a,dpu,1000.7,1009.21
5,129,g_a,dpu,1009.21,1014.72
5,129,g_a_cpu,cpu,1014.72,1015.16
5,129,h_a,dpu,1015.17,1025.22
5,129,eb_enc,cpu,1025.22,1025.49
5,129,eb_dec,cpu,1025.49,1025.65
5,129,h_s,dpu,1025.65,1027.21
5,129,gc,cpu,1027.22,1037.37
5,133,normalize,cpu,1037.96,1041.78
5,133,g_a_cpu,cpu,1041.79,1042.14
5,133,g_a,dpu,1042.15,1060.21
5,133,g_a,dpu,1060.21,1077.19
5,133,g_a_cpu,cpu,1077.19,1077.63
5,133,h_a,dpu,1077.63,1084.15
5,133,eb_enc,cpu,1084.15,1084.29
5,133,eb_dec,cpu,1084.29,1084.4
5,133,h_s,dpu,1084.4,1089.11
5,133,gc,cpu,1089.11,1100.03
5,143,normalize,cpu,1100.54,1104.27
5,143,g_a_cpu,cpu,1104.27,1104.64
5,143,g_a,dpu,1104.64,1121.33
5,143,g_a,dpu,1121.34,1127.44
5,143,g_a_cpu,cpu,1127.44,1127.83
5,143,h_a,dpu,1127.83,1137.66
5,143,eb_enc,cpu,1137.66,1137.8
5,143,eb_dec,cpu,1137.8,1137.9
5,143,h_s,dpu,1137.9,1149.11
5,143,gc,cpu,1149.11,1159.94
5,154,normalize,cpu,1172.7,1176.4
5,154,g_a_cpu,cpu,1176.4,1176.87
5,154,g_a,dpu,1176.87,1182.63
5,154,g_a,dpu,1182.63,1188.16
5,154,g_a_cpu,cpu,1188.17,1188.67
5,154,h_a,dpu,1188.67,1196.01
5,154,eb_enc,cpu,1196.01,1196.22
5,154,eb_dec,cpu,1196.22,1196.35
5,154,h_s,dpu,1196.35,1200.67
5,154,gc,cpu,1200.67,1211.11
5,159,normalize,cpu,1212.15,1216.01
5,159,g_a_cpu,cpu,1216.01,1216.38
5,159,g_a,dpu,1216.39,1222.2
5,159,g_a,dpu,1222.21,1227.83
5,159,g_a_cpu,cpu,1227.84,1228.44
5,159,h_a,dpu,1228.44,1236
5,159,eb_enc,cpu,1236,1236.19
5,159,eb_dec,cpu,1236.19,1236.32
5,159,h_s,dpu,1236.32,1241.09
5,159,gc,cpu,1241.09,1251.39
5,165,normalize,cpu,1251.88,1255.66
5,165,g_a_cpu,cpu,1255.66,1256.04
5,165,g_a,dpu,1256.04,1277.11
5,165,g_a,dpu,1277.11,1282.74
5,165,g_a_cpu,cpu,1282.74,1283.15
5,165,h_a,dpu,1283.16,1286.2
5,165,eb_enc,cpu,1286.2,1286.33
5,165,eb_dec,cpu,1286.33,1286.44
5,165,h_s,dpu,1286.44,1293
5,165,gc,cpu,1293,1303.05
5,173,normalize,cpu,1303.77,1308.55
5,173,g_a_cpu,cpu,1308.56,1309.04
5,173,g_a,dpu,1309.04,1329.22
5,173,g_a,dpu,1329.22,1334.7
5,173,g_a_cpu,cpu,1334.7,1335.13
5,173,h_a,dpu,1335.13,1340.92
5,173,eb_enc,cpu,1340.92,1341.11
5,173,eb_dec,cpu,1341.11,1341.23
5,173,h_s,dpu,1341.23,1347.11
5,173,gc,cpu,1347.11,1369.78
5,183,normalize,cpu,1380.14,1383.76
5,183,g_a_cpu,cpu,1383.77,1391.42
5,183,g_a,dpu,1391.43,1399.92
5,183,g_a,dpu,1399.92,1419.54
5,183,g_a_cpu,cpu,1419.55,1419.99
5,183,h_a,dpu,1419.99,1426.72
5,183,eb_enc,cpu,1426.72,1426.87
5,183,eb_dec,cpu,1426.87,1426.99
5,183,h_s,dpu,1426.99,1428.28
5,183,gc,cpu,1428.28,1438.75
5,191,normalize,cpu,1439.33,1443.11
5,191,g_a_cpu,cpu,1443.11,1443.46
5,191,g_a,dpu,1443.46,1448.94
5,191,g_a,dpu,1448.94,1459.49
5,191,g_a_cpu,cpu,1459.49,1459.86
5,191,h_a,dpu,1459.86,1462.73
5,191,eb_enc,cpu,1462.73,1462.9
5,191,eb_dec,cpu,1462.9,1463.02
5,191,h_s,dpu,1463.02,1469.49
5,191,gc,cpu,1469.49,1480.82
5,198,normalize,cpu,1481.54,1486.97
5,198,g_a_cpu,cpu,1486.97,1487.31
5,198,g_a,dpu,1487.32,1492.74
5,198,g_a,dpu,1492.74,1504.17
5,198,g_a_cpu,cpu,1504.17,1505.11
5,198,h_a,dpu,1505.12,1508.32
5,198,eb_enc,cpu,1508.32,1508.52
5,198,eb_dec,cpu,1508.52,1508.63
5,198,h_s,dpu,1508.63,1509.66
5,198,gc,cpu,1509.66,1523.48
5,202,normalize,cpu,1524.08,1529.11
5,202,g_a_cpu,cpu,1529.12,1529.54
5,202,g_a,dpu,1529.54,1541.63
5,202,g_a,dpu,1541.63,1550.74
5,202,g_a_cpu,cpu,1550.74,1551.3
5,202,h_a,dpu,1551.3,1560.03
5,202,eb_enc,cpu,1560.03,1560.17
5,202,eb_dec,cpu,1560.18,1560.29
5,202,h_s,dpu,1560.29,1564.21
5,202,gc,cpu,1564.21,1574.36
5,211,normalize,cpu,1575.44,1579.12
5,211,g_a_cpu,cpu,1579.13,1579.64
5,211,g_a,dpu,1579.64,1591.78
5,211,g_a,dpu,1591.78,1598
5,211,g_a_cpu,cpu,1598,1598.5
5,211,h_a,dpu,1598.5,1600.61
5,211,eb_enc,cpu,1600.61,1600.78
5,211,eb_dec,cpu,1600.78,1600.89
5,211,h_s,dpu,1600.89,1604.73
5,211,gc,cpu,1604.73,1614.95
5,217,normalize,cpu,1615.51,1619.27
5,217,g_a_cpu,cpu,1619.3,1619.91
5,217,g_a,dpu,1619.91,1633.33
5,217,g_a,dpu,1633.33,1640.38
5,217,g_a_cpu,cpu,1640.38,1640.76
5,217,h_a,dpu,1640.76,1643.1
5,217,eb_enc,cpu,1643.11,1643.25
5,217,eb_dec,cpu,1643.25,1643.36
5,217,h_s,dpu,1643.36,1647.67
5,217,gc,cpu,1647.67,1657.56
5,225,normalize,cpu,1658.22,1662.05
5,225,g_a_cpu,cpu,1662.05,1662.37
5,225,g_a,dpu,1662.37,1667.68
5,225,g_a,dpu,1667.68,1672.93
5,225,g_a_cpu,cpu,1672.93,1673.33
5,225,h_a,dpu,1673.33,1687.84
5,225,eb_enc,cpu,1687.84,1688.06
5,225,eb_dec,cpu,1688.06,1688.17
5,225,h_s,dpu,1688.17,1689.81
5,225,gc,cpu,1689.81,1710.1
5,230,normalize,cpu,1716.01,1719.69
5,230,g_a_cpu,cpu,1719.69,1720.2
5,230,g_a,dpu,1720.2,1731.08
5,230,g_a,dpu,1731.08,1741.27
5,230,g_a_cpu,cpu,1741.27,1741.74
5,230,h_a,dpu,1741.75,1756.35
5,230,eb_enc,cpu,1756.35,1756.53
5,230,eb_dec,cpu,1756.53,1756.66
5,230,h_s,dpu,1756.66,1757.89
5,230,gc,cpu,1757.89,1768.85
5,235,normalize,cpu,1769.35,1773.13
5,235,g_a_cpu,cpu,1773.13,1773.44
5,235,g_a,dpu,1773.44,1779.13
5,235,g_a,dpu,1779.13,1785.2
5,235,g_a_cpu,cpu,1785.2,1785.62
5,235,h_a,dpu,1785.62,1788.09
5,235,eb_enc,cpu,1788.09,1788.24
5,235,eb_dec,cpu,1788.24,1788.36
5,235,h_s,dpu,1788.36,1802.06
5,235,gc,cpu,1802.06,1812.83
5,243,normalize,cpu,1813.48,1817.2
5,243,g_a_cpu,cpu,1817.2,1817.66
5,243,g_a,dpu,1817.67,1823.03
5,243,g_a,dpu,1823.03,1830.68
5,243,g_a_cpu,cpu,1830.68,1831.35
5,243,h_a,dpu,1831.35,1836.87
5,243,eb_enc,cpu,1836.87,1837.07
5,243,eb_dec,cpu,1837.07,1837.18
5,243,h_s,dpu,1837.18,1853.14
5,243,gc,cpu,1853.14,1863.45
5,249,normalize,cpu,1864.03,1867.77
5,249,g_a_cpu,cpu,1867.78,1868.53
5,249,g_a,dpu,1868.53,1873.9
5,249,g_a,dpu,1873.9,1897.03
5,249,g_a_cpu,cpu,1897.04,1897.59
5,249,h_a,dpu,1897.59,1907.75
5,249,eb_enc,cpu,1907.76,1907.92
5,249,eb_dec,cpu,1907.93,1908.08
5,249,h_s,dpu,1908.08,1919.49
5,249,gc,cpu,1919.49,1930.75
5,258,normalize,cpu,1931.37,1943.26
5,258,g_a_cpu,cpu,1943.27,1943.68
5,258,g_a,dpu,1943.69,1953.7
5,258,g_a,dpu,1953.7,1958.96
5,258,g_a_cpu,cpu,1958.96,1959.42
5,258,h_a,dpu,1959.42,1964.1
5,258,eb_enc,cpu,1964.11,1964.25
5,258,eb_dec,cpu,1964.25,1964.36
5,258,h_s,dpu,1964.36,1965.26
5,258,gc,cpu,1965.26,1979.56
5,265,normalize,cpu,1980.44,1984.17
5,265,g_a_cpu,cpu,1984.17,1984.59
5,265,g_a,dpu,1984.59,1990.72
5,265,g_a,dpu,1990.72,1997.56
5,265,g_a_cpu,cpu,1997.56,1997.98
5,265,h_a,dpu,1997.98,2000.36
5,265,eb_enc,cpu,2000.36,2000.52
5,265,eb_dec,cpu,2000.52,2000.63
5,265,h_s,dpu,2000.63,2017.51
5,265,gc,cpu,2017.51,2030.21
5,272,normalize,cpu,2031.13,2036.93
5,272,g_a_cpu,cpu,2036.94,2037.53
5,272,g_a,dpu,2037.53,2048.38
5,272,g_a,dpu,2048.38,2053.73
5,272,g_a_cpu,cpu,2053.73,2054.1
5,272,h_a,dpu,2054.11,2061.15
5,272,eb_enc,cpu,2061.15,2061.41
5,272,eb_dec,cpu,2061.41,2061.55
5,272,h_s,dpu,2061.55,2065.85
5,272,gc,cpu,2065.85,2076.25
5,280,normalize,cpu,2077.02,2080.93
5,280,g_a_cpu,cpu,2080.93,2081.46
5,280,g_a,dpu,2081.47,2087.51
5,280,g_a,dpu,2087.51,2106.3
5,280,g_a_cpu,cpu,2106.3,2106.88
5,280,h_a,dpu,2106.88,2113.43
5,280,eb_enc,cpu,2113.43,2113.56
5,280,eb_dec,cpu,2113.56,2113.67
5,280,h_s,dpu,2113.67,2118.2
5,280,gc,cpu,2118.21,2133.44
5,288,normalize,cpu,2133.95,2137.93
5,288,g_a_cpu,cpu,2137.93,2138.32
5,288,g_a,dpu,2138.32,2166.56
5,288,g_a,dpu,2166.56,2184.18
5,288,g_a_cpu,cpu,2184.18,2184.74
5,288,h_a,dpu,2184.74,2187.42
5,288,eb_enc,cpu,2187.42,2187.55
5,288,eb_dec,cpu,2187.55,2187.66
5,288,h_s,dpu,2187.66,2208.15
5,288,gc,cpu,2208.15,2229.03
5,300,normalize,cpu,2229.76,2235.41
5,300,g_a_cpu,cpu,2235.41,2235.84
5,300,g_a,dpu,2235.84,2242.93
5,300,g_a,dpu,2242.94,2248.51
5,300,g_a_cpu,cpu,2248.51,2249
5,300,h_a,dpu,2249,2257.35
5,300,eb_enc,cpu,2257.35,2261.18
5,300,eb_dec,cpu,2261.18,2261.3
5,300,h_s,dpu,2261.3,2267.16
5,300,gc,cpu,2267.16,2287.21
5,308,normalize,cpu,2287.84,2297.55
5,308,g_a_cpu,cpu,2297.55,2297.92
5,308,g_a,dpu,2297.93,2303.64
5,308,g_a,dpu,2303.64,2309.54
5,308,g_a_cpu,cpu,2309.54,2312.17
5,308,h_a,dpu,2312.17,2314.43
5,308,eb_enc,cpu,2314.43,2314.61
5,308,eb_dec,cpu,2314.61,2314.72
5,308,h_s,dpu,2314.72,2335.3
5,308,gc,cpu,2335.31,2350.3
5,318,normalize,cpu,2350.93,2354.72
5,318,g_a_cpu,cpu,2354.72,2355.18
5,318,g_a,dpu,2355.18,2361.2
5,318,g_a,dpu,2361.21,2374.11
5,318,g_a_cpu,cpu,2374.11,2374.68
5,318,h_a,dpu,2374.68,2376.85
5,318,eb_enc,cpu,2376.85,2376.99
5,318,eb_dec,cpu,2377,2377.1
5,318,h_s,dpu,2377.1,2381.82
5,318,gc,cpu,2381.82,2397.98
5,325,normalize,cpu,2398.54,2402.94
5,325,g_a_cpu,cpu,2402.94,2403.32
5,325,g_a,dpu,2403.32,2421.24
5,325,g_a,dpu,2421.24,2427
5,325,g_a_cpu,cpu,2427.01,2427.6
5,325,h_a,dpu,2427.61,2432.66
5,325,eb_enc,cpu,2432.66,2432.8
5,325,eb_dec,cpu,2432.8,2432.91
5,325,h_s,dpu,2432.91,2456.58
5,325,gc,cpu,2456.58,2467.33
5,336,normalize,cpu,2467.88,2471.65
5,336,g_a_cpu,cpu,2471.65,2472.32
5,336,g_a,dpu,2472.32,2492.02
5,336,g_a,dpu,2492.02,2505.79
5,336,g_a_cpu,cpu,2505.79,2506.21
5,336,h_a,dpu,2506.21,2508.22
5,336,eb_enc,cpu,2508.22,2508.39
5,336,eb_dec,cpu,2508.39,2508.5
5,336,h_s,dpu,2508.5,2509.87
5,336,gc,cpu,2509.87,2520.99
5,345,normalize,cpu,2521.59,2525.32
5,345,g_a_cpu,cpu,2525.33,2525.95
5,345,g_a,dpu,2525.96,2537.53
5,345,g_a,dpu,2537.53,2542.82
5,345,g_a_cpu,cpu,2542.82,2543.31
5,345,h_a,dpu,2543.32,2548.47
5,345,eb_enc,cpu,2548.47,2548.73
5,345,eb_dec,cpu,2548.73,2548.86
5,345,h_s,dpu,2548.86,2560.33
5,345,gc,cpu,2560.33,2575.78
5,352,normalize,cpu,2576.53,2580.25
5,352,g_a_cpu,cpu,2580.25,2582.68
5,352,g_a,dpu,2582.68,2592.78
5,352,g_a,dpu,2592.78,2604.99
5,352,g_a_cpu,cpu,2604.99,2605.62
5,352,h_a,dpu,2605.63,2609.39
5,352,eb_enc,cpu,2609.4,2609.71
5,352,eb_dec,cpu,2609.71,2609.87
5,352,h_s,dpu,2609.87,2620.59
5,352,gc,cpu,2620.6,2646.56
5,360,normalize,cpu,2647.39,2651.1
5,360,g_a_cpu,cpu,2651.1,2651.93
5,360,g_a,dpu,2651.94,2671.37
5,360,g_a,dpu,2671.37,2679.58
5,360,g_a_cpu,cpu,2679.58,2680.09
5,360,h_a,dpu,2680.1,2681.91
5,360,eb_enc,cpu,2681.91,2682.11
5,360,eb_dec,cpu,2682.11,2682.22
5,360,h_s,dpu,2682.22,2683.56
5,360,gc,cpu,2683.56,2694.85
5,368,normalize,cpu,2695.44,2700.34
5,368,g_a_cpu,cpu,2700.35,2700.72
5,368,g_a,dpu,2700.72,2706.63
5,368,g_a,dpu,2706.63,2725.28
5,368,g_a_cpu,cpu,2725.28,2725.68
5,368,h_a,dpu,2725.68,2729.95
5,368,eb_enc,cpu,2729.96,2730.13
5,368,eb_dec,cpu,2730.13,2730.24
5,368,h_s,dpu,2730.24,2731.31
5,368,gc,cpu,2731.31,2742.35
5,374,normalize,cpu,2742.97,2746.68
5,374,g_a_cpu,cpu,2746.69,2747.3
5,374,g_a,dpu,2747.3,2761.23
5,374,g_a,dpu,2761.23,2767.2
5,374,g_a_cpu,cpu,2767.2,2767.57
5,374,h_a,dpu,2767.57,2781.18
5,374,eb_enc,cpu,2781.18,2781.31
5,374,eb_dec,cpu,2781.31,2781.42
5,374,h_s,dpu,2781.42,2786.81
5,374,gc,cpu,2786.81,2797.04
5,381,normalize,cpu,2797.92,2801.6
5,381,g_a_cpu,cpu,2801.61,2802.33
5,381,g_a,dpu,2802.33,2808.11
5,381,g_a,dpu,2808.11,2825.38
5,381,g_a_cpu,cpu,2825.38,2826.27
5,381,h_a,dpu,2826.28,2832.55
5,381,eb_enc,cpu,2832.55,2832.71
5,381,eb_dec,cpu,2832.71,2832.83
5,381,h_s,dpu,2832.83,2835.67
5,381,gc,cpu,2835.67,2845.94
5,390,normalize,cpu,2846.46,2851
5,390,g_a_cpu,cpu,2851.01,2851.49
5,390,g_a,dpu,2851.49,2862.2
5,390,g_a,dpu,2862.21,2872.35
5,390,g_a_cpu,cpu,2872.35,2884.34
5,390,h_a,dpu,2884.34,2886.13
5,390,eb_enc,cpu,2886.14,2886.3
5,390,eb_dec,cpu,2886.3,2886.42
5,390,h_s,dpu,2886.42,2887.6
5,390,gc,cpu,2887.61,2897.68
5,398,normalize,cpu,2898.31,2904.39
5,398,g_a_cpu,cpu,2904.39,2905.1
5,398,g_a,dpu,2905.11,2918.5
5,398,g_a,dpu,2918.5,2927.72
5,398,g_a_cpu,cpu,2927.72,2928.25
5,398,h_a,dpu,2928.26,2941.75
5,398,eb_enc,cpu,2941.75,2941.9
5,398,eb_dec,cpu,2941.9,2942.01
5,398,h_s,dpu,2942.01,2943.11
5,398,gc,cpu,2943.11,2957.92
5,407,normalize,cpu,2958.82,2963.67
5,407,g_a_cpu,cpu,2963.68,2964.57
5,407,g_a,dpu,2964.58,2988.13
5,407,g_a,dpu,2988.16,2999.4
5,407,g_a_cpu,cpu,2999.41,2999.78
5,407,h_a,dpu,2999.78,3001.93
5,407,eb_enc,cpu,3001.93,3002.14
5,407,eb_dec,cpu,3002.14,3002.26
5,407,h_s,dpu,3002.26,3003.7
5,407,gc,cpu,3003.7,3013.9
5,413,normalize,cpu,3014.4,3018.25
5,413,g_a_cpu,cpu,3018.26,3018.81
5,413,g_a,dpu,3018.81,3039.76
5,413,g_a,dpu,3039.76,3065.36
5,413,g_a_cpu,cpu,3065.37,3065.85
5,413,h_a,dpu,3065.85,3067.98
5,413,eb_enc,cpu,3067.98,3068.15
5,413,eb_dec,cpu,3068.15,3068.27
5,413,h_s,dpu,3068.27,3069.82
5,413,gc,cpu,3069.82,3079.72
5,423,normalize,cpu,3080.57,3084.25
5,423,g_a_cpu,cpu,3084.25,3084.54
5,423,g_a,dpu,3084.54,3101.68
5,423,g_a,dpu,3101.68,3116.26
5,423,g_a_cpu,cpu,3116.26,3116.8
5,423,h_a,dpu,3116.8,3129.32
5,423,eb_enc,cpu,3129.32,3129.47
5,423,eb_dec,cpu,3129.47,3129.58
5,423,h_s,dpu,3129.58,3138.41
5,423,gc,cpu,3138.42,3148.82
5,431,normalize,cpu,3149.46,3153.16
5,431,g_a_cpu,cpu,3153.17,3153.61
5,431,g_a,dpu,3153.62,3168.12
5,431,g_a,dpu,3168.12,3178.94
5,431,g_a_cpu,cpu,3178.94,3179.42
5,431,h_a,dpu,3179.43,3188.07
5,431,eb_enc,cpu,3188.07,3188.24
5,431,eb_dec,cpu,3188.25,3188.36
5,431,h_s,dpu,3188.36,3197.17
5,431,gc,cpu,3197.18,3207.7
5,440,normalize,cpu,3208.25,3212
5,440,g_a_cpu,cpu,3212,3212.34
5,440,g_a,dpu,3212.34,3218.4
5,440,g_a,dpu,3218.4,3224.37
5,440,g_a_cpu,cpu,3224.38,3224.86
5,440,h_a,dpu,3224.86,3234.18
5,440,eb_enc,cpu,3234.18,3234.34
5,440,eb_dec,cpu,3234.34,3234.46
5,440,h_s,dpu,3234.46,3235.69
5,440,gc,cpu,3235.69,3246.19
5,447,normalize,cpu,3247.01,3250.7
5,447,g_a_cpu,cpu,3250.71,3251.02
5,447,g_a,dpu,3251.03,3256.72
5,447,g_a,dpu,3256.72,3262.32
5,447,g_a_cpu,cpu,3262.32,3262.72
5,447,h_a,dpu,3262.72,3264.34
5,447,eb_enc,cpu,3264.34,3264.51
5,447,eb_dec,cpu,3264.51,3264.62
5,447,h_s,dpu,3264.62,3283.44
5,447,gc,cpu,3283.44,3296.42
5,454,normalize,cpu,3296.97,3302.3
5,454,g_a_cpu,cpu,3302.31,3303.46
5,454,g_a,dpu,3303.46,3316.19
5,454,g_a,dpu,3316.19,3329.08
5,454,g_a_cpu,cpu,3329.08,3329.52
5,454,h_a,dpu,3329.52,3339.05
5,454,eb_enc,cpu,3339.05,3339.26
5,454,eb_dec,cpu,3339.27,3339.39
5,454,h_s,dpu,3339.39,3341.14
5,454,gc,cpu,3341.14,3351.59
5,461,normalize,cpu,3352.14,3355.78
5,461,g_a_cpu,cpu,3355.78,3356.41
5,461,g_a,dpu,3356.41,3372.2
5,461,g_a,dpu,3372.21,3396.67
5,461,g_a_cpu,cpu,3396.67,3397.14
5,461,h_a,dpu,3397.15,3399.93
5,461,eb_enc,cpu,3399.93,3400.13
5,461,eb_dec,cpu,3400.13,3400.26
5,461,h_s,dpu,3400.26,3411.52
5,461,gc,cpu,3411.52,3432.83
5,472,normalize,cpu,3433.5,3437.27
5,472,g_a_cpu,cpu,3437.28,3437.68
5,472,g_a,dpu,3437.69,3443.67
5,472,g_a,dpu,3443.67,3449.83
5,472,g_a_cpu,cpu,3449.83,3450.47
5,472,h_a,dpu,3450.48,3470.26
5,472,eb_enc,cpu,3470.26,3470.54
5,472,eb_dec,cpu,3470.54,3470.7
5,472,h_s,dpu,3470.7,3476.7
5,472,gc,cpu,3476.71,3487.18
5,479,normalize,cpu,3487.76,3491.5
5,479,g_a_cpu,cpu,3491.5,3491.85
5,479,g_a,dpu,3491.86,3497.76
5,479,g_a,dpu,3497.76,3512.58
5,479,g_a_cpu,cpu,3512.58,3512.97
5,479,h_a,dpu,3512.97,3516.62
5,479,eb_enc,cpu,3516.62,3516.77
5,479,eb_dec,cpu,3516.78,3516.89
5,479,h_s,dpu,3516.89,3521.95
5,479,gc,cpu,3521.95,3532.52
5,487,normalize,cpu,3533.13,3537.08
5,487,g_a_cpu,cpu,3537.09,3537.49
5,487,g_a,dpu,3537.49,3551.58
5,487,g_a,dpu,3551.58,3570.67
5,487,g_a_cpu,cpu,3570.67,3571.1
5,487,h_a,dpu,3571.1,3573.27
5,487,eb_enc,cpu,3573.27,3573.48
5,487,eb_dec,cpu,3573.48,3573.6
5,487,h_s,dpu,3573.6,3578.27
5,487,gc,cpu,3578.27,3588.44
5,496,normalize,cpu,3589.27,3593.31
5,496,g_a_cpu,cpu,3593.31,3593.67
5,496,g_a,dpu,3593.68,3602.94
5,496,g_a,dpu,3602.94,3616.41
5,496,g_a_cpu,cpu,3616.41,3617.08
5,496,h_a,dpu,3617.08,3635.03
5,496,eb_enc,cpu,3635.03,3635.21
5,496,eb_dec,cpu,3635.21,3635.33
5,496,h_s,dpu,3635.33,3639.72
5,496,gc,cpu,3639.72,3651.46
5,504,normalize,cpu,3653.56,3657.4
5,504,g_a_cpu,cpu,3657.4,3657.77
5,504,g_a,dpu,3657.77,3666.17
5,504,g_a,dpu,3666.17,3671.62
5,504,g_a_cpu,cpu,3671.62,3672.18
5,504,h_a,dpu,3672.19,3678.24
5,504,eb_enc,cpu,3678.24,3678.41
5,504,eb_dec,cpu,3678.41,3678.52
5,504,h_s,dpu,3678.52,3680.16
5,504,gc,cpu,3680.16,3690.28
5,510,normalize,cpu,3691.38,3697.83
5,510,g_a_cpu,cpu,3697.83,3698.19
5,510,g_a,dpu,3698.2,3718.95
5,510,g_a,dpu,3718.95,3724.29
5,510,g_a_cpu,cpu,3724.29,3724.68
5,510,h_a,dpu,3724.68,3748.46
5,510,eb_enc,cpu,3748.46,3748.61
5,510,eb_dec,cpu,3748.61,3748.72
5,510,h_s,dpu,3748.72,3750
5,510,gc,cpu,3750,3764.25
5,520,normalize,cpu,3764.96,3776.27
5,520,g_a_cpu,cpu,3776.28,3776.79
5,520,g_a,dpu,3776.79,3791.22
5,520,g_a,dpu,3791.22,3808.25
5,520,g_a_cpu,cpu,3808.25,3809
5,520,h_a,dpu,3809,3814.35
5,520,eb_enc,cpu,3814.35,3814.53
5,520,eb_dec,cpu,3814.53,3814.66
5,520,h_s,dpu,3814.66,3816.06
5,520,gc,cpu,3816.06,3827.11
5,527,normalize,cpu,3827.59,3832.99
5,527,g_a_cpu,cpu,3832.99,3833.34
5,527,g_a,dpu,3833.34,3838.65
5,527,g_a,dpu,3838.65,3847.17
5,527,g_a_cpu,cpu,3847.18,3847.7
5,527,h_a,dpu,3847.7,3855.02
5,527,eb_enc,cpu,3855.03,3855.27
5,527,eb_dec,cpu,3855.27,3855.39
5,527,h_s,dpu,3855.39,3868.95
5,527,gc,cpu,3868.95,3881.28
5,533,normalize,cpu,3892.34,3898.44
5,533,g_a_cpu,cpu,3898.44,3898.84
5,533,g_a,dpu,3898.84,3908.88
5,533,g_a,dpu,3908.88,3914.87
5,533,g_a_cpu,cpu,3914.87,3915.3
5,533,h_a,dpu,3915.3,3930.63
5,533,eb_enc,cpu,3930.63,3930.79
5,533,eb_dec,cpu,3930.79,3930.91
5,533,h_s,dpu,3930.91,3932.62
5,533,gc,cpu,3932.62,3946.04
5,544,normalize,cpu,3946.7,3952.1
5,544,g_a_cpu,cpu,3952.1,3952.58
5,544,g_a,dpu,3952.58,3959.63
5,544,g_a,dpu,3959.63,3973.29
5,544,g_a_cpu,cpu,3973.29,3973.67
5,544,h_a,dpu,3973.68,3975.49
5,544,eb_enc,cpu,3975.5,3975.64
5,544,eb_dec,cpu,3975.64,3975.75
5,544,h_s,dpu,3975.75,3984.44
5,544,gc,cpu,3984.44,3994.85
5,552,normalize,cpu,3995.41,3999.13
5,552,g_a_cpu,cpu,3999.14,3999.88
5,552,g_a,dpu,3999.89,4008.9
5,552,g_a,dpu,4008.9,4023.12
5,552,g_a_cpu,cpu,4023.12,4023.64
5,552,h_a,dpu,4023.65,4040.05
5,552,eb_enc,cpu,4040.05,4040.25
5,552,eb_dec,cpu,4040.25,4040.37
5,552,h_s,dpu,4040.37,4041.85
5,552,gc,cpu,4041.85,4052.29
5,560,normalize,cpu,4053.09,4056.74
5,560,g_a_cpu,cpu,4056.74,4057.23
5,560,g_a,dpu,4057.23,4062.76
5,560,g_a,dpu,4062.76,4071.42
5,560,g_a_cpu,cpu,4071.42,4071.88
5,560,h_a,dpu,4071.88,4078.34
5,560,eb_enc,cpu,4078.34,4078.52
5,560,eb_dec,cpu,4078.52,4078.64
5,560,h_s,dpu,4078.64,4093.09
5,560,gc,cpu,4093.09,4103.26
5,567,normalize,cpu,4104.08,4107.71
5,567,g_a_cpu,cpu,4107.71,4108.25
5,567,g_a,dpu,4108.26,4115.58
5,567,g_a,dpu,4115.58,4123.9
5,567,g_a_cpu,cpu,4123.9,4124.33
5,567,h_a,dpu,4124.33,4136.41
5,567,eb_enc,cpu,4136.41,4136.57
5,567,eb_dec,cpu,4136.57,4136.68
5,567,h_s,dpu,4136.68,4142.56
5,567,gc,cpu,4142.56,4154.72
5,575,normalize,cpu,4156.42,4160.14
5,575,g_a_cpu,cpu,4160.14,4161.65
5,575,g_a,dpu,4161.65,4194.54
5,575,g_a,dpu,4194.54,4200.56
5,575,g_a_cpu,cpu,4200.56,4201.02
5,575,h_a,dpu,4201.03,4208.09
5,575,eb_enc,cpu,4208.09,4208.23
5,575,eb_dec,cpu,4208.24,4208.34
5,575,h_s,dpu,4208.34,4222.14
5,575,gc,cpu,4222.14,4240.63
5,587,normalize,cpu,4243.02,4246.94
5,587,g_a_cpu,cpu,4246.95,4248.32
5,587,g_a,dpu,4248.33,4254.14
5,587,g_a,dpu,4254.14,4261.56
5,587,g_a_cpu,cpu,4261.56,4268.22
5,587,h_a,dpu,4268.23,4281.92
5,587,eb_enc,cpu,4281.92,4282.09
5,587,eb_dec,cpu,4282.1,4282.21
5,587,h_s,dpu,4282.21,4295.55
5,587,gc,cpu,4295.55,4305.77
5,593,normalize,cpu,4306.28,4310.04
5,593,g_a_cpu,cpu,4310.05,4310.46
5,593,g_a,dpu,4310.47,4325.09
5,593,g_a,dpu,4325.09,4334.44
5,593,g_a_cpu,cpu,4334.45,4334.86
5,593,h_a,dpu,4334.86,4337.29
5,593,eb_enc,cpu,4337.3,4337.51
5,593,eb_dec,cpu,4337.51,4337.64
5,593,h_s,dpu,4337.64,4353.55
5,593,gc,cpu,4353.55,4363.78
5,602,normalize,cpu,4364.45,4368.21
5,602,g_a_cpu,cpu,4368.22,4368.57
5,602,g_a,dpu,4368.58,4374.58
5,602,g_a,dpu,4374.58,4380.13
5,602,g_a_cpu,cpu,4380.13,4380.53
5,602,h_a,dpu,4380.54,4384.62
5,602,eb_enc,cpu,4384.62,4384.84
5,602,eb_dec,cpu,4384.84,4384.96
5,602,h_s,dpu,4384.96,4386.21
5,602,gc,cpu,4386.21,4396.38
5,609,normalize,cpu,4397.15,4400.82
5,609,g_a_cpu,cpu,4400.82,4401.32
5,609,g_a,dpu,4401.32,4407.13
5,609,g_a,dpu,4407.13,4412.58
5,609,g_a_cpu,cpu,4412.59,4413.34
5,609,h_a,dpu,4413.34,4415.52
5,609,eb_enc,cpu,4415.52,4415.67
5,609,eb_dec,cpu,4415.67,4415.79
5,609,h_s,dpu,4415.79,4435.29
5,609,gc,cpu,4435.3,4446.41
5,615,normalize,cpu,4447.06,4460.96
5,615,g_a_cpu,cpu,4460.96,4462.51
5,615,g_a,dpu,4462.51,4473.1
5,615,g_a,dpu,4473.1,4488.46
5,615,g_a_cpu,cpu,4488.47,4489.05
5,615,h_a,dpu,4489.06,4495.16
5,615,eb_enc,cpu,4495.16,4495.32
5,615,eb_dec,cpu,4495.32,4495.43
5,615,h_s,dpu,4495.43,4498.06
5,615,gc,cpu,4498.06,4508.92
5,624,normalize,cpu,4509.63,4513.3
5,624,g_a_cpu,cpu,4513.31,4513.69
5,624,g_a,dpu,4513.69,4520.59
5,624,g_a,dpu,4520.59,4526.39
5,624,g_a_cpu,cpu,4526.39,4526.88
5,624,h_a,dpu,4526.88,4538.55
5,624,eb_enc,cpu,4538.55,4538.74
5,624,eb_dec,cpu,4538.74,4538.87
5,624,h_s,dpu,4538.87,4542.64
5,624,gc,cpu,4542.64,4552.95
5,631,normalize,cpu,4553.54,4557.23
5,631,g_a_cpu,cpu,4557.23,4557.62
5,631,g_a,dpu,4557.62,4563.05
5,631,g_a,dpu,4563.05,4574.81
5,631,g_a_cpu,cpu,4574.81,4575.21
5,631,h_a,dpu,4575.22,4577.46
5,631,eb_enc,cpu,4577.46,4577.6
5,631,eb_dec,cpu,4577.6,4577.71
5,631,h_s,dpu,4577.71,4588.63
5,631,gc,cpu,4588.63,4599.32
5,639,normalize,cpu,4601.2,4606.56
5,639,g_a_cpu,cpu,4606.56,4607.29
5,639,g_a,dpu,4607.3,4620.72
5,639,g_a,dpu,4620.72,4633.6
5,639,g_a_cpu,cpu,4633.6,4634.35
5,639,h_a,dpu,4634.36,4636.99
5,639,eb_enc,cpu,4636.99,4637.2
5,639,eb_dec,cpu,4637.2,4637.31
5,639,h_s,dpu,4637.31,4651.91
5,639,gc,cpu,4651.92,4664.38
5,646,normalize,cpu,4664.97,4668.66
5,646,g_a_cpu,cpu,4668.67,4669.15
5,646,g_a,dpu,4669.15,4683.18
5,646,g_a,dpu,4683.19,4705.64
5,646,g_a_cpu,cpu,4705.64,4706.2
5,646,h_a,dpu,4706.2,4708
5,646,eb_enc,cpu,4708,4708.16
5,646,eb_dec,cpu,4708.17,4708.28
5,646,h_s,dpu,4708.28,4709.51
5,646,gc,cpu,4709.52,4719.57
5,654,normalize,cpu,4720.58,4724.32
5,654,g_a_cpu,cpu,4724.32,4724.64
5,654,g_a,dpu,4724.65,4730.41
5,654,g_a,dpu,4730.42,4736.52
5,654,g_a_cpu,cpu,4736.52,4737.02
5,654,h_a,dpu,4737.02,4741.07
5,654,eb_enc,cpu,4741.07,4741.25
5,654,eb_dec,cpu,4741.26,4741.36
5,654,h_s,dpu,4741.36,4751.59
5,654,gc,cpu,4751.59,4770.97
5,662,normalize,cpu,4772.25,4777.89
5,662,g_a_cpu,cpu,4777.9,4778.41
5,662,g_a,dpu,4778.41,4794.35
5,662,g_a,dpu,4794.35,4802.24
5,662,g_a_cpu,cpu,4802.24,4802.89
5,662,h_a,dpu,4802.89,4822.65
5,662,eb_enc,cpu,4822.65,4822.82
5,662,eb_dec,cpu,4822.82,4822.94
5,662,h_s,dpu,4822.94,4825.88
5,662,gc,cpu,4825.88,4836.01
5,671,normalize,cpu,4836.77,4840.54
5,671,g_a_cpu,cpu,4840.54,4841.15
5,671,g_a,dpu,4841.15,4856.65
5,671,g_a,dpu,4856.66,4862.47
5,671,g_a_cpu,cpu,4862.47,4862.99
5,671,h_a,dpu,4862.99,4866.75
5,671,eb_enc,cpu,4866.75,4866.98
5,671,eb_dec,cpu,4866.98,4867.1
5,671,h_s,dpu,4867.1,4871.37
5,671,gc,cpu,4871.37,4881.85
5,678,normalize,cpu,4882.64,4886.32
5,678,g_a_cpu,cpu,4886.33,4886.75
5,678,g_a,dpu,4886.76,4900.5
5,678,g_a,dpu,4900.5,4923.2
5,678,g_a_cpu,cpu,4923.2,4923.62
5,678,h_a,dpu,4923.62,4925.36
5,678,eb_enc,cpu,4925.36,4925.5
5,678,eb_dec,cpu,4925.5,4925.61
5,678,h_s,dpu,4925.61,4928.11
5,678,gc,cpu,4928.12,4938.22
5,686,normalize,cpu,4938.9,4942.61
5,686,g_a_cpu,cpu,4942.61,4943.08
5,686,g_a,dpu,4943.08,4948.91
5,686,g_a,dpu,4948.91,4956.82
5,686,g_a_cpu,cpu,4956.82,4957.22
5,686,h_a,dpu,4957.22,4967.38
5,686,eb_enc,cpu,4967.38,4967.53
5,686,eb_dec,cpu,4967.53,4967.65
5,686,h_s,dpu,4967.65,4968.71
5,686,gc,cpu,4968.72,4978.97
5,693,normalize,cpu,4979.5,4983.36
5,693,g_a_cpu,cpu,4983.36,4983.73
5,693,g_a,dpu,4983.73,4989.94
5,693,g_a,dpu,4989.94,4996.35
5,693,g_a_cpu,cpu,4996.35,4997.23
5,693,h_a,dpu,4997.24,5026.61
5,693,eb_enc,cpu,5026.61,5026.82
5,693,eb_dec,cpu,5026.83,5026.95
5,693,h_s,dpu,5026.95,5036.02
5,693,gc,cpu,5036.02,5046.14
5,701,normalize,cpu,5046.81,5050.49
5,701,g_a_cpu,cpu,5050.5,5050.98
5,701,g_a,dpu,5050.98,5056.71
5,701,g_a,dpu,5056.72,5065.47
5,701,g_a_cpu,cpu,5065.48,5065.94
5,701,h_a,dpu,5065.94,5091.91
5,701,eb_enc,cpu,5091.91,5092.08
5,701,eb_dec,cpu,5092.08,5092.18
5,701,h_s,dpu,5092.18,5108.46
5,701,gc,cpu,5108.46,5118.62
5,709,normalize,cpu,5119.23,5122.99
5,709,g_a_cpu,cpu,5122.99,5123.31
5,709,g_a,dpu,5123.31,5129.43
5,709,g_a,dpu,5129.43,5143.46
5,709,g_a_cpu,cpu,5143.46,5144.01
5,709,h_a,dpu,5144.01,5166.78
5,709,eb_enc,cpu,5166.78,5166.91
5,709,eb_dec,cpu,5166.91,5167.01
5,709,h_s,dpu,5167.01,5174.67
5,709,gc,cpu,5174.68,5185.01
5,721,normalize,cpu,5185.67,5189.6
5,721,g_a_cpu,cpu,5189.6,5190.18
5,721,g_a,dpu,5190.18,5199.03
5,721,g_a,dpu,5199.03,5212.03
5,721,g_a_cpu,cpu,5212.03,5212.7
5,721,h_a,dpu,5212.7,5214.49
5,721,eb_enc,cpu,5214.49,5214.62
5,721,eb_dec,cpu,5214.62,5214.72
5,721,h_s,dpu,5214.72,5225
5,721,gc,cpu,5225,5237.95
5,728,normalize,cpu,5238.51,5242.36
5,728,g_a_cpu,cpu,5242.36,5242.75
5,728,g_a,dpu,5242.76,5253.37
5,728,g_a,dpu,5253.37,5286.86
5,728,g_a_cpu,cpu,5286.86,5287.37
5,728,h_a,dpu,5287.37,5291.08
5,728,eb_enc,cpu,5291.08,5291.21
5,728,eb_dec,cpu,5291.21,5291.32
5,728,h_s,dpu,5291.32,5305.68
5,728,gc,cpu,5305.68,5316.23
5,739,normalize,cpu,5316.95,5320.62
5,739,g_a_cpu,cpu,5320.63,5321.27
5,739,g_a,dpu,5321.28,5330.21
5,739,g_a,dpu,5330.22,5354.69
5,739,g_a_cpu,cpu,5354.69,5355.28
5,739,h_a,dpu,5355.28,5362.3
5,739,eb_enc,cpu,5362.3,5362.46
5,739,eb_dec,cpu,5362.46,5362.57
5,739,h_s,dpu,5362.57,5370.83
5,739,gc,cpu,5370.83,5392.97
5,751,normalize,cpu,5393.43,5402.62
5,751,g_a_cpu,cpu,5402.62,5403.21
5,751,g_a,dpu,5403.21,5410.4
5,751,g_a,dpu,5410.4,5420.7
5,751,g_a_cpu,cpu,5420.7,5421.78
5,751,h_a,dpu,5421.79,5438.68
5,751,eb_enc,cpu,5438.68,5438.86
5,751,eb_dec,cpu,5438.86,5439
5,751,h_s,dpu,5439,5441.79
5,751,gc,cpu,5441.79,5452.3
5,757,normalize,cpu,5452.91,5456.71
5,757,g_a_cpu,cpu,5456.71,5457.17
5,757,g_a,dpu,5457.18,5462.75
5,757,g_a,dpu,5462.75,5468.34
5,757,g_a_cpu,cpu,5468.34,5468.77
5,757,h_a,dpu,5468.77,5484.35
5,757,eb_enc,cpu,5484.35,5484.5
5,757,eb_dec,cpu,5484.51,5484.61
5,757,h_s,dpu,5484.62,5488.69
5,757,gc,cpu,5488.69,5500.49
5,764,normalize,cpu,5501.07,5517.11
5,764,g_a_cpu,cpu,5517.12,5517.95
5,764,g_a,dpu,5517.96,5523.89
5,764,g_a,dpu,5523.89,5541.07
5,764,g_a_cpu,cpu,5541.07,5541.64
5,764,h_a,dpu,5541.64,5543.34
5,764,eb_enc,cpu,5543.34,5543.46
5,764,eb_dec,cpu,5543.47,5543.57
5,764,h_s,dpu,5543.57,5555.83
5,764,gc,cpu,5555.84,5566.05
5,773,normalize,cpu,5566.7,5570.55
5,773,g_a_cpu,cpu,5570.56,5570.91
5,773,g_a,dpu,5570.91,5579.15
5,773,g_a,dpu,5579.15,5590.62
5,773,g_a_cpu,cpu,5590.63,5591.19
5,773,h_a,dpu,5591.19,5598.51
5,773,eb_enc,cpu,5598.52,5598.65
5,773,eb_dec,cpu,5598.65,5598.76
5,773,h_s,dpu,5598.76,5609.73
5,773,gc,cpu,5609.73,5620.19
5,781,normalize,cpu,5621.25,5624.9
5,781,g_a_cpu,cpu,5624.9,5625.24
5,781,g_a,dpu,5625.24,5631.09
5,781,g_a,dpu,5631.09,5652.93
5,781,g_a_cpu,cpu,5652.93,5653.25
5,781,h_a,dpu,5653.26,5661.24
5,781,eb_enc,cpu,5661.24,5661.37
5,781,eb_dec,cpu,5661.37,5661.48
5,781,h_s,dpu,5661.48,5669.96
5,781,gc,cpu,5669.96,5680.85
5,790,normalize,cpu,5681.68,5685.43
5,790,g_a_cpu,cpu,5685.44,5685.79
5,790,g_a,dpu,5685.8,5691.69
5,790,g_a,dpu,5691.69,5697.23
5,790,g_a_cpu,cpu,5697.23,5697.62
5,790,h_a,dpu,5697.63,5706.98
5,790,eb_enc,cpu,5706.99,5707.16
5,790,eb_dec,cpu,5707.16,5707.29
5,790,h_s,dpu,5707.29,5715.63
5,790,gc,cpu,5715.63,5726.41
5,798,normalize,cpu,5726.99,5730.68
5,798,g_a_cpu,cpu,5730.68,5731.14
5,798,g_a,dpu,5731.14,5737.11
5,798,g_a,dpu,5737.11,5742.62
5,798,g_a_cpu,cpu,5742.63,5743.09
5,798,h_a,dpu,5743.09,5750.76
5,798,eb_enc,cpu,5750.76,5750.92
5,798,eb_dec,cpu,5750.92,5751.03
5,798,h_s,dpu,5751.03,5752.31
5,798,gc,cpu,5752.31,5763
5,804,normalize,cpu,5763.58,5767.34
5,804,g_a_cpu,cpu,5767.35,5768.27
5,804,g_a,dpu,5768.28,5784.85
5,804,g_a,dpu,5784.86,5790.46
5,804,g_a_cpu,cpu,5790.46,5790.83
5,804,h_a,dpu,5790.83,5803.39
5,804,eb_enc,cpu,5803.39,5803.62
5,804,eb_dec,cpu,5803.62,5803.76
5,804,h_s,dpu,5803.76,5805.52
5,804,gc,cpu,5805.53,5815.8
5,812,normalize,cpu,5816.52,5821.28
5,812,g_a_cpu,cpu,5821.29,5821.79
5,812,g_a,dpu,5821.8,5832.87
5,812,g_a,dpu,5832.88,5839.03
5,812,g_a_cpu,cpu,5839.03,5839.39
5,812,h_a,dpu,5839.4,5844.35
5,812,eb_enc,cpu,5844.35,5844.49
5,812,eb_dec,cpu,5844.49,5844.61
5,812,h_s,dpu,5844.61,5854.57
5,812,gc,cpu,5854.57,5874.81
5,820,normalize,cpu,5875.48,5879.14
5,820,g_a_cpu,cpu,5879.14,5879.5
5,820,g_a,dpu,5879.5,5885.5
5,820,g_a,dpu,5885.5,5897.2
5,820,g_a_cpu,cpu,5897.2,5897.71
5,820,h_a,dpu,5897.77,5916.55
5,820,eb_enc,cpu,5916.55,5916.68
5,820,eb_dec,cpu,5916.68,5916.79
5,820,h_s,dpu,5916.79,5918.08
5,820,gc,cpu,5918.08,5928.18
5,826,normalize,cpu,5929.11,5933.74
5,826,g_a_cpu,cpu,5933.75,5934.13
5,826,g_a,dpu,5934.13,5942.19
5,826,g_a,dpu,5942.2,5947.85
5,826,g_a_cpu,cpu,5947.85,5948.44
5,826,h_a,dpu,5948.44,5961.49
5,826,eb_enc,cpu,5961.5,5961.7
5,826,eb_dec,cpu,5961.7,5961.83
5,826,h_s,dpu,5961.83,5969.35
5,826,gc,cpu,5969.36,5979.69
5,834,normalize,cpu,5980.25,5983.93
5,834,g_a_cpu,cpu,5983.93,5984.3
5,834,g_a,dpu,5984.3,5989.88
5,834,g_a,dpu,5989.89,5995.39
5,834,g_a_cpu,cpu,5995.39,5995.76
5,834,h_a,dpu,5995.77,5997.65
5,834,eb_enc,cpu,5997.66,5997.83
5,834,eb_dec,cpu,5997.83,5997.96
5,834,h_s,dpu,5997.96,5999.12
5,834,gc,cpu,5999.12,6018.66
5,841,normalize,cpu,6019.15,6022.92
5,841,g_a_cpu,cpu,6022.92,6023.45
5,841,g_a,dpu,6023.45,6033.79
5,841,g_a,dpu,6033.8,6057.26
5,841,g_a_cpu,cpu,6057.27,6057.69
5,841,h_a,dpu,6057.69,6060.07
5,841,eb_enc,cpu,6060.08,6060.24
5,841,eb_dec,cpu,6060.24,6060.35
5,841,h_s,dpu,6060.35,6062.25
5,841,gc,cpu,6062.26,6073.11
5,849,normalize,cpu,6073.86,6077.54
5,849,g_a_cpu,cpu,6077.55,6078.09
5,849,g_a,dpu,6078.09,6084.34
5,849,g_a,dpu,6084.34,6098.04
5,849,g_a_cpu,cpu,6098.04,6098.5
5,849,h_a,dpu,6098.5,6100.88
5,849,eb_enc,cpu,6100.89,6101.07
5,849,eb_dec,cpu,6101.07,6101.2
5,849,h_s,dpu,6101.2,6102.39
5,849,gc,cpu,6102.39,6112.99
5,856,normalize,cpu,6113.59,6117.39
5,856,g_a_cpu,cpu,6117.39,6117.95
5,856,g_a,dpu,6117.95,6128.56
5,856,g_a,dpu,6128.56,6150.07
5,856,g_a_cpu,cpu,6150.07,6150.43
5,856,h_a,dpu,6150.43,6161.46
5,856,eb_enc,cpu,6161.46,6161.61
5,856,eb_dec,cpu,6161.61,6161.72
5,856,h_s,dpu,6161.72,6162.95
5,856,gc,cpu,6162.96,6173.71
5,864,normalize,cpu,6174.49,6179.25
5,864,g_a_cpu,cpu,6179.26,6179.69
5,864,g_a,dpu,6179.7,6186.65
5,864,g_a,dpu,6186.65,6196.7
5,864,g_a_cpu,cpu,6196.7,6197.15
5,864,h_a,dpu,6197.15,6213.86
5,864,eb_enc,cpu,6213.87,6214.13
5,864,eb_dec,cpu,6214.13,6214.26
5,864,h_s,dpu,6214.26,6215.57
5,864,gc,cpu,6215.58,6225.7
5,872,normalize,cpu,6226.08,6229.8
5,872,g_a_cpu,cpu,6229.8,6230.15
5,872,g_a,dpu,6230.15,6235.77
5,872,g_a,dpu,6235.78,6241.74
5,872,g_a_cpu,cpu,6241.74,6242.29
5,872,h_a,dpu,6242.29,6256.69
5,872,eb_enc,cpu,6256.69,6256.98
5,872,eb_dec,cpu,6256.99,6257.14
5,872,h_s,dpu,6257.14,6258.48
5,872,gc,cpu,6258.48,6269.7
5,877,normalize,cpu,6270.16,6286.39
5,877,g_a_cpu,cpu,6286.4,6287.13
5,877,g_a,dpu,6287.14,6292.96
5,877,g_a,dpu,6292.96,6300.57
5,877,g_a_cpu,cpu,6300.57,6300.93
5,877,h_a,dpu,6300.93,6304.99
5,877,eb_enc,cpu,6304.99,6305.14
5,877,eb_dec,cpu,6305.14,6305.25
5,877,h_s,dpu,6305.25,6312.31
5,877,gc,cpu,6312.32,6325.3
5,885,normalize,cpu,6325.86,6338.62
5,885,g_a_cpu,cpu,6338.63,6338.95
5,885,g_a,dpu,6338.95,6344.41
5,885,g_a,dpu,6344.41,6349.96
5,885,g_a_cpu,cpu,6349.96,6350.41
5,885,h_a,dpu,6350.41,6356.65
5,885,eb_enc,cpu,6356.65,6356.84
5,885,eb_dec,cpu,6356.84,6356.97
5,885,h_s,dpu,6356.97,6368.6
5,885,gc,cpu,6368.6,6378.81
5,893,normalize,cpu,6379.47,6383.17
5,893,g_a_cpu,cpu,6383.17,6383.49
5,893,g_a,dpu,6383.5,6389.3
5,893,g_a,dpu,6389.3,6395.66
5,893,g_a_cpu,cpu,6395.66,6396.12
5,893,h_a,dpu,6396.12,6398.67
5,893,eb_enc,cpu,6398.67,6398.82
5,893,eb_dec,cpu,6398.82,6398.93
5,893,h_s,dpu,6398.93,6408.95
5,893,gc,cpu,6408.96,6419.89
5,901,normalize,cpu,6420.51,6424.28
5,901,g_a_cpu,cpu,6424.29,6424.75
5,901,g_a,dpu,6424.75,6430.16
5,901,g_a,dpu,6430.16,6437.66
5,901,g_a_cpu,cpu,6437.66,6438.22
5,901,h_a,dpu,6438.22,6457.48
5,901,eb_enc,cpu,6457.48,6457.65
5,901,eb_dec,cpu,6457.65,6457.77
5,901,h_s,dpu,6457.77,6461.21
5,901,gc,cpu,6461.21,6471.83
5,907,normalize,cpu,6472.45,6476.22
5,907,g_a_cpu,cpu,6476.22,6476.55
5,907,g_a,dpu,6476.56,6485.61
5,907,g_a,dpu,6485.61,6491.46
5,907,g_a_cpu,cpu,6491.46,6492.08
5,907,h_a,dpu,6492.08,6499.51
5,907,eb_enc,cpu,6499.51,6499.7
5,907,eb_dec,cpu,6499.7,6499.81
5,907,h_s,dpu,6499.81,6500.95
5,907,gc,cpu,6500.95,6511.59
5,911,normalize,cpu,6512.15,6515.88
5,911,g_a_cpu,cpu,6515.88,6516.46
5,911,g_a,dpu,6516.46,6522.21
5,911,g_a,dpu,6522.22,6527.98
5,911,g_a_cpu,cpu,6527.98,6528.35
5,911,h_a,dpu,6528.35,6530.5
5,911,eb_enc,cpu,6530.5,6530.72
5,911,eb_dec,cpu,6530.72,6530.83
5,911,h_s,dpu,6530.83,6532.67
5,911,gc,cpu,6532.68,6543.9
5,919,normalize,cpu,6544.67,6548.45
5,919,g_a_cpu,cpu,6548.46,6548.96
5,919,g_a,dpu,6548.96,6554.44
5,919,g_a,dpu,6554.44,6564.06
5,919,g_a_cpu,cpu,6564.06,6570.48
5,919,h_a,dpu,6570.49,6575.57
5,919,eb_enc,cpu,6575.57,6575.72
5,919,eb_dec,cpu,6575.72,6575.83
5,919,h_s,dpu,6575.83,6576.93
5,919,gc,cpu,6576.93,6589.72
5,926,normalize,cpu,6590.37,6594.15
5,926,g_a_cpu,cpu,6594.16,6594.56
5,926,g_a,dpu,6594.57,6603.68
5,926,g_a,dpu,6603.68,6611.1
5,926,g_a_cpu,cpu,6611.1,6611.58
5,926,h_a,dpu,6611.58,6626.44
5,926,eb_enc,cpu,6626.44,6626.59
5,926,eb_dec,cpu,6626.59,6626.7
5,926,h_s,dpu,6626.7,6628.09
5,926,gc,cpu,6628.09,6638.26
6,5,normalize,cpu,75.264,79.0036
6,5,g_a_cpu,cpu,84.9989,85.7913
6,5,g_a,dpu,85.8035,94.3871
6,5,g_a,dpu,94.3903,104.16
6,5,g_a_cpu,cpu,104.162,104.699
6,5,h_a,dpu,104.712,114.871
6,5,eb_enc,cpu,114.875,115.146
6,5,eb_dec,cpu,115.15,115.306
6,5,h_s,dpu,115.307,122.51
6,5,gc,cpu,122.517,152.282
6,9,normalize,cpu,152.798,164.194
6,9,g_a_cpu,cpu,164.2,164.751
6,9,g_a,dpu,164.755,175.144
6,9,g_a,dpu,175.146,186.223
6,9,g_a_cpu,cpu,186.225,186.653
6,9,h_a,dpu,186.655,212.148
6,9,eb_enc,cpu,212.149,212.294
6,9,eb_dec,cpu,212.298,212.429
6,9,h_s,dpu,212.429,219.634
6,9,gc,cpu,219.637,229.862
6,22,normalize,cpu,230.635,235.407
6,22,g_a_cpu,cpu,235.413,236.064
6,22,g_a,dpu,236.067,248.755
6,22,g_a,dpu,248.758,260.76
6,22,g_a_cpu,cpu,260.762,261.326
6,22,h_a,dpu,261.33,280.544
6,22,eb_enc,cpu,280.545,280.686
6,22,eb_dec,cpu,280.687,280.796
6,22,h_s,dpu,280.796,282.406
6,22,gc,cpu,282.408,292.367
6,30,normalize,cpu,293.027,296.836
6,30,g_a_cpu,cpu,296.839,297.362
6,30,g_a,dpu,297.366,309.824
6,30,g_a,dpu,309.831,315.302
6,30,g_a_cpu,cpu,315.303,315.681
6,30,h_a,dpu,315.683,335.629
6,30,eb_enc,cpu,335.629,335.753
6,30,eb_dec,cpu,335.754,335.858
6,30,h_s,dpu,335.859,339.163
6,30,gc,cpu,339.164,349.463
6,38,normalize,cpu,349.995,354.312
6,38,g_a_cpu,cpu,354.316,354.816
6,38,g_a,dpu,354.819,363.234
6,38,g_a,dpu,363.236,368.766
6,38,g_a_cpu,cpu,368.768,369.537
6,38,h_a,dpu,369.541,382.56
6,38,eb_enc,cpu,382.561,382.74
6,38,eb_dec,cpu,382.741,382.855
6,38,h_s,dpu,382.855,396.088
6,38,gc,cpu,396.089,411.718
6,46,normalize,cpu,412.66,416.691
6,46,g_a_cpu,cpu,416.694,417.047
6,46,g_a,dpu,417.051,422.384
6,46,g_a,dpu,422.386,427.832
6,46,g_a_cpu,cpu,427.835,428.575
6,46,h_a,dpu,428.579,443.111
6,46,eb_enc,cpu,443.113,443.299
6,46,eb_dec,cpu,443.3,443.43
6,46,h_s,dpu,443.43,446.554
6,46,gc,cpu,446.555,457.162
6,54,normalize,cpu,461.777,465.514
6,54,g_a_cpu,cpu,465.519,466.868
6,54,g_a,dpu,466.874,472.395
6,54,g_a,dpu,472.397,488.154
6,54,g_a_cpu,cpu,488.248,489.168
6,54,h_a,dpu,489.18,506.104
6,54,eb_enc,cpu,506.105,506.278
6,54,eb_dec,cpu,506.279,506.402
6,54,h_s,dpu,506.402,508.014
6,54,gc,cpu,508.015,518.396
6,63,normalize,cpu,518.864,522.79
6,63,g_a_cpu,cpu,522.795,523.218
6,63,g_a,dpu,523.221,530.012
6,63,g_a,dpu,530.013,535.423
6,63,g_a_cpu,cpu,535.425,536.329
6,63,h_a,dpu,536.332,557.477
6,63,eb_enc,cpu,557.479,557.669
6,63,eb_dec,cpu,557.671,557.791
6,63,h_s,dpu,557.791,587.439
6,63,gc,cpu,587.441,601.174
6,73,normalize,cpu,602.07,610.737
6,73,g_a_cpu,cpu,610.74,611.069
6,73,g_a,dpu,611.072,616.095
6,73,g_a,dpu,616.097,621.2
6,73,g_a_cpu,cpu,621.203,621.924
6,73,h_a,dpu,621.93,630.548
6,73,eb_enc,cpu,630.549,630.671
6,73,eb_dec,cpu,630.672,630.781
6,73,h_s,dpu,630.782,631.885
6,73,gc,cpu,631.886,642.071
6,79,normalize,cpu,642.669,647.046
6,79,g_a_cpu,cpu,647.05,647.482
6,79,g_a,dpu,647.485,665.396
6,79,g_a,dpu,665.398,670.579
6,79,g_a_cpu,cpu,670.582,671.152
6,79,h_a,dpu,671.155,679.472
6,79,eb_enc,cpu,679.474,679.61
6,79,eb_dec,cpu,679.611,679.723
6,79,h_s,dpu,679.723,681.03
6,79,gc,cpu,681.031,695.615
6,87,normalize,cpu,696.158,700.555
6,87,g_a_cpu,cpu,700.561,701.242
6,87,g_a,dpu,701.246,710.235
6,87,g_a,dpu,710.237,715.346
6,87,g_a_cpu,cpu,715.35,716.043
6,87,h_a,dpu,716.046,728.084
6,87,eb_enc,cpu,728.086,728.232
6,87,eb_dec,cpu,728.234,728.347
6,87,h_s,dpu,728.347,729.761
6,87,gc,cpu,729.761,740.48
6,95,normalize,cpu,741.093,744.89
6,95,g_a_cpu,cpu,744.895,745.613
6,95,g_a,dpu,745.618,759.052
6,95,g_a,dpu,759.057,775.28
6,95,g_a_cpu,cpu,775.283,775.7
6,95,h_a,dpu,775.701,779.102
6,95,eb_enc,cpu,779.104,779.235
6,95,eb_dec,cpu,779.236,779.344
6,95,h_s,dpu,779.344,789.444
6,95,gc,cpu,789.445,800.652
6,103,normalize,cpu,801.28,805.112
6,103,g_a_cpu,cpu,805.116,805.663
6,103,g_a,dpu,805.665,814.558
6,103,g_a,dpu,814.56,820.442
6,103,g_a_cpu,cpu,820.445,821.381
6,103,h_a,dpu,821.382,827.273
6,103,eb_enc,cpu,827.274,827.404
6,103,eb_dec,cpu,827.404,827.512
6,103,h_s,dpu,827.512,839.103
6,103,gc,cpu,839.114,849.417
6,110,normalize,cpu,850.116,853.798
6,110,g_a_cpu,cpu,853.801,854.243
6,110,g_a,dpu,854.246,859.482
6,110,g_a,dpu,859.484,875.428
6,110,g_a_cpu,cpu,875.429,875.869
6,110,h_a,dpu,875.871,883.217
6,110,eb_enc,cpu,883.218,883.359
6,110,eb_dec,cpu,883.359,883.47
6,110,h_s,dpu,883.471,891.917
6,110,gc,cpu,891.92,903.406
6,117,normalize,cpu,904.021,908.872
6,117,g_a_cpu,cpu,908.877,909.416
6,117,g_a,dpu,909.421,916.805
6,117,g_a,dpu,916.807,940.894
6,117,g_a_cpu,cpu,940.897,941.407
6,117,h_a,dpu,941.412,945.455
6,117,eb_enc,cpu,945.457,945.612
6,117,eb_dec,cpu,945.613,945.736
6,117,h_s,dpu,945.737,957.449
6,117,gc,cpu,957.449,968.451
6,125,normalize,cpu,969.556,973.386
6,125,g_a_cpu,cpu,973.39,975.018
6,125,g_a,dpu,975.022,980.614
6,125,g_a,dpu,980.617,1018.37
6,125,g_a_cpu,cpu,1018.37,1018.94
6,125,h_a,dpu,1018.95,1021.93
6,125,eb_enc,cpu,1021.93,1022.06
6,125,eb_dec,cpu,1022.06,1022.17
6,125,h_s,dpu,1022.17,1047.71
6,125,gc,cpu,1047.71,1058.05
6,136,normalize,cpu,1059.07,1063.5
6,136,g_a_cpu,cpu,1063.5,1063.9
6,136,g_a,dpu,1063.91,1069.19
6,136,g_a,dpu,1069.19,1088.08
6,136,g_a_cpu,cpu,1088.08,1088.72
6,136,h_a,dpu,1088.73,1097.04
6,136,eb_enc,cpu,1097.04,1097.3
6,136,eb_dec,cpu,1097.3,1097.42
6,136,h_s,dpu,1097.42,1108.24
6,136,gc,cpu,1108.24,1122.87
6,147,normalize,cpu,1123.65,1129.25
6,147,g_a_cpu,cpu,1129.26,1129.59
6,147,g_a,dpu,1129.59,1134.78
6,147,g_a,dpu,1134.78,1154.15
6,147,g_a_cpu,cpu,1154.15,1154.73
6,147,h_a,dpu,1154.73,1168.5
6,147,eb_enc,cpu,1168.5,1168.64
6,147,eb_dec,cpu,1168.64,1168.75
6,147,h_s,dpu,1168.75,1169.88
6,147,gc,cpu,1169.88,1184.38
6,157,normalize,cpu,1185.22,1188.93
6,157,g_a_cpu,cpu,1188.94,1190.34
6,157,g_a,dpu,1190.34,1199.83
6,157,g_a,dpu,1199.83,1211.71
6,157,g_a_cpu,cpu,1211.72,1212.39
6,157,h_a,dpu,1212.39,1242.08
6,157,eb_enc,cpu,1242.08,1242.22
6,157,eb_dec,cpu,1242.22,1242.33
6,157,h_s,dpu,1242.33,1249.46
6,157,gc,cpu,1249.46,1263.17
6,167,normalize,cpu,1263.74,1267.49
6,167,g_a_cpu,cpu,1267.49,1267.81
6,167,g_a,dpu,1267.81,1273.01
6,167,g_a,dpu,1273.01,1278.64
6,167,g_a_cpu,cpu,1278.65,1279.4
6,167,h_a,dpu,1279.4,1287.09
6,167,eb_enc,cpu,1287.1,1287.23
6,167,eb_dec,cpu,1287.23,1287.34
6,167,h_s,dpu,1287.34,1292.41
6,167,gc,cpu,1292.42,1315.39
6,175,normalize,cpu,1316.2,1319.84
6,175,g_a_cpu,cpu,1319.84,1320.5
6,175,g_a,dpu,1320.51,1340.93
6,175,g_a,dpu,1340.94,1351.73
6,175,g_a_cpu,cpu,1351.73,1352.18
6,175,h_a,dpu,1352.19,1356.17
6,175,eb_enc,cpu,1356.17,1356.3
6,175,eb_dec,cpu,1356.3,1356.42
6,175,h_s,dpu,1356.42,1357.75
6,175,gc,cpu,1357.75,1368.28
6,182,normalize,cpu,1369,1379.42
6,182,g_a_cpu,cpu,1379.43,1380.07
6,182,g_a,dpu,1380.07,1393.22
6,182,g_a,dpu,1393.22,1399.45
6,182,g_a_cpu,cpu,1399.45,1399.86
6,182,h_a,dpu,1399.87,1413.26
6,182,eb_enc,cpu,1413.26,1413.39
6,182,eb_dec,cpu,1413.39,1413.49
6,182,h_s,dpu,1413.49,1415.19
6,182,gc,cpu,1415.19,1425.56
6,189,normalize,cpu,1426.18,1429.89
6,189,g_a_cpu,cpu,1429.89,1430.42
6,189,g_a,dpu,1430.42,1444.72
6,189,g_a,dpu,1444.72,1449.77
6,189,g_a_cpu,cpu,1449.77,1450.45
6,189,h_a,dpu,1450.45,1463.41
6,189,eb_enc,cpu,1463.41,1463.54
6,189,eb_dec,cpu,1463.55,1463.66
6,189,h_s,dpu,1463.66,1466.85
6,189,gc,cpu,1466.85,1477.31
6,196,normalize,cpu,1477.91,1481.62
6,196,g_a_cpu,cpu,1481.62,1482.06
6,196,g_a,dpu,1482.07,1493.02
6,196,g_a,dpu,1493.03,1503.91
6,196,g_a_cpu,cpu,1503.91,1504.96
6,196,h_a,dpu,1504.97,1512.11
6,196,eb_enc,cpu,1512.11,1512.25
6,196,eb_dec,cpu,1512.25,1512.37
6,196,h_s,dpu,1512.37,1522.17
6,196,gc,cpu,1522.17,1534.96
6,206,normalize,cpu,1535.81,1539.46
6,206,g_a_cpu,cpu,1539.47,1539.88
6,206,g_a,dpu,1539.89,1544.99
6,206,g_a,dpu,1544.99,1561.54
6,206,g_a_cpu,cpu,1561.55,1563.42
6,206,h_a,dpu,1563.42,1571.11
6,206,eb_enc,cpu,1571.11,1571.24
6,206,eb_dec,cpu,1571.24,1571.34
6,206,h_s,dpu,1571.34,1576.06
6,206,gc,cpu,1576.06,1586.9
6,212,normalize,cpu,1587.56,1591.3
6,212,g_a_cpu,cpu,1591.31,1591.82
6,212,g_a,dpu,1591.82,1597.29
6,212,g_a,dpu,1597.3,1602.54
6,212,g_a_cpu,cpu,1602.54,1603.18
6,212,h_a,dpu,1603.19,1615.25
6,212,eb_enc,cpu,1615.25,1615.4
6,212,eb_dec,cpu,1615.42,1615.53
6,212,h_s,dpu,1615.53,1623.78
6,212,gc,cpu,1623.78,1639.87
6,221,normalize,cpu,1640.46,1644.16
6,221,g_a_cpu,cpu,1644.16,1644.53
6,221,g_a,dpu,1644.53,1669.65
6,221,g_a,dpu,1669.65,1684
6,221,g_a_cpu,cpu,1684.01,1684.45
6,221,h_a,dpu,1684.45,1688.77
6,221,eb_enc,cpu,1688.77,1688.92
6,221,eb_dec,cpu,1688.92,1689.04
6,221,h_s,dpu,1689.04,1692.66
6,221,gc,cpu,1692.66,1703.09
6,228,normalize,cpu,1711.75,1715.44
6,228,g_a_cpu,cpu,1715.45,1716.01
6,228,g_a,dpu,1716.01,1737.55
6,228,g_a,dpu,1737.55,1742.78
6,228,g_a_cpu,cpu,1742.79,1743.3
6,228,h_a,dpu,1743.3,1747.58
6,228,eb_enc,cpu,1747.59,1747.71
6,228,eb_dec,cpu,1747.71,1747.82
6,228,h_s,dpu,1747.82,1765.82
6,228,gc,cpu,1765.82,1776.33
6,237,normalize,cpu,1776.88,1786.83
6,237,g_a_cpu,cpu,1786.84,1787.66
6,237,g_a,dpu,1787.67,1806.97
6,237,g_a,dpu,1806.97,1812.09
6,237,g_a_cpu,cpu,1812.09,1812.47
6,237,h_a,dpu,1812.47,1816.21
6,237,eb_enc,cpu,1816.22,1816.35
6,237,eb_dec,cpu,1816.35,1816.45
6,237,h_s,dpu,1816.45,1831.89
6,237,gc,cpu,1831.89,1842.32
6,245,normalize,cpu,1842.89,1846.62
6,245,g_a_cpu,cpu,1846.64,1847.12
6,245,g_a,dpu,1847.12,1852.22
6,245,g_a,dpu,1852.23,1859.75
6,245,g_a_cpu,cpu,1859.76,1860.51
6,245,h_a,dpu,1860.51,1867.25
6,245,eb_enc,cpu,1867.25,1867.45
6,245,eb_dec,cpu,1867.45,1867.62
6,245,h_s,dpu,1867.62,1882.38
6,245,gc,cpu,1882.38,1894.02
6,254,normalize,cpu,1894.51,1898.24
6,254,g_a_cpu,cpu,1898.25,1898.65
6,254,g_a,dpu,1898.65,1906.01
6,254,g_a,dpu,1906.01,1911.09
6,254,g_a_cpu,cpu,1911.1,1911.61
6,254,h_a,dpu,1911.61,1916.08
6,254,eb_enc,cpu,1916.08,1916.21
6,254,eb_dec,cpu,1916.21,1916.32
6,254,h_s,dpu,1916.32,1917.82
6,254,gc,cpu,1917.83,1929.59
6,257,normalize,cpu,1930.19,1934.79
6,257,g_a_cpu,cpu,1934.79,1935.27
6,257,g_a,dpu,1935.28,1944.99
6,257,g_a,dpu,1944.99,1950.11
6,257,g_a_cpu,cpu,1950.11,1950.45
6,257,h_a,dpu,1950.45,1961.86
6,257,eb_enc,cpu,1961.86,1962.05
6,257,eb_dec,cpu,1962.05,1962.18
6,257,h_s,dpu,1962.18,1970.25
6,257,gc,cpu,1970.25,1980.35
6,266,normalize,cpu,1980.94,1984.63
6,266,g_a_cpu,cpu,1984.63,1985.07
6,266,g_a,dpu,1985.08,1998.78
6,266,g_a,dpu,1998.79,2024.48
6,266,g_a_cpu,cpu,2024.48,2025.13
6,266,h_a,dpu,2025.14,2030.06
6,266,eb_enc,cpu,2030.06,2030.26
6,266,eb_dec,cpu,2030.26,2030.39
6,266,h_s,dpu,2030.39,2043.64
6,266,gc,cpu,2043.64,2053.98
6,276,normalize,cpu,2054.56,2058.32
6,276,g_a_cpu,cpu,2058.32,2058.65
6,276,g_a,dpu,2058.65,2063.9
6,276,g_a,dpu,2063.9,2082.42
6,276,g_a_cpu,cpu,2082.42,2083.23
6,276,h_a,dpu,2083.23,2089.99
6,276,eb_enc,cpu,2089.99,2090.24
6,276,eb_dec,cpu,2090.24,2090.38
6,276,h_s,dpu,2090.38,2091.93
6,276,gc,cpu,2091.93,2102.01
6,284,normalize,cpu,2102.69,2106.34
6,284,g_a_cpu,cpu,2106.35,2106.93
6,284,g_a,dpu,2106.93,2113.88
6,284,g_a,dpu,2113.88,2125.91
6,284,g_a_cpu,cpu,2125.91,2126.41
6,284,h_a,dpu,2126.41,2146.51
6,284,eb_enc,cpu,2146.51,2146.65
6,284,eb_dec,cpu,2146.65,2146.77
6,284,h_s,dpu,2146.77,2160.49
6,284,gc,cpu,2160.49,2171
6,293,normalize,cpu,2171.66,2175.34
6,293,g_a_cpu,cpu,2175.36,2176.3
6,293,g_a,dpu,2176.31,2181.97
6,293,g_a,dpu,2181.97,2205.71
6,293,g_a_cpu,cpu,2205.72,2206.22
6,293,h_a,dpu,2206.23,2216.2
6,293,eb_enc,cpu,2216.21,2216.37
6,293,eb_dec,cpu,2216.37,2216.48
6,293,h_s,dpu,2216.48,2218.41
6,293,gc,cpu,2218.41,2229.15
6,301,normalize,cpu,2229.76,2233.56
6,301,g_a_cpu,cpu,2233.56,2234.18
6,301,g_a,dpu,2234.19,2239.34
6,301,g_a,dpu,2239.34,2249.79
6,301,g_a_cpu,cpu,2249.79,2250.36
6,301,h_a,dpu,2250.37,2253.99
6,301,eb_enc,cpu,2254,2254.12
6,301,eb_dec,cpu,2254.12,2254.22
6,301,h_s,dpu,2254.22,2267.51
6,301,gc,cpu,2267.51,2289.94
6,309,normalize,cpu,2290.75,2298.87
6,309,g_a_cpu,cpu,2298.87,2299.35
6,309,g_a,dpu,2299.36,2304.68
6,309,g_a,dpu,2304.68,2310.1
6,309,g_a_cpu,cpu,2310.11,2310.77
6,309,h_a,dpu,2310.78,2317.19
6,309,eb_enc,cpu,2317.19,2317.32
6,309,eb_dec,cpu,2317.32,2317.43
6,309,h_s,dpu,2317.43,2320.6
6,309,gc,cpu,2320.6,2330.95
6,316,normalize,cpu,2331.51,2336.79
6,316,g_a_cpu,cpu,2336.8,2337.2
6,316,g_a,dpu,2337.2,2342.79
6,316,g_a,dpu,2342.79,2356.15
6,316,g_a_cpu,cpu,2356.15,2356.72
6,316,h_a,dpu,2356.72,2369.03
6,316,eb_enc,cpu,2369.03,2369.19
6,316,eb_dec,cpu,2369.19,2369.33
6,316,h_s,dpu,2369.33,2370.46
6,316,gc,cpu,2370.46,2380.96
6,322,normalize,cpu,2381.95,2385.72
6,322,g_a_cpu,cpu,2385.73,2386.05
6,322,g_a,dpu,2386.05,2391.24
6,322,g_a,dpu,2391.25,2396.46
6,322,g_a_cpu,cpu,2396.46,2396.82
6,322,h_a,dpu,2396.82,2400.41
6,322,eb_enc,cpu,2400.41,2400.54
6,322,eb_dec,cpu,2400.54,2400.65
6,322,h_s,dpu,2400.65,2404.53
6,322,gc,cpu,2404.54,2415.19
6,330,normalize,cpu,2416.4,2420.07
6,330,g_a_cpu,cpu,2420.08,2420.73
6,330,g_a,dpu,2420.73,2449.4
6,330,g_a,dpu,2449.4,2454.45
6,330,g_a_cpu,cpu,2454.46,2455.06
6,330,h_a,dpu,2455.06,2463.23
6,330,eb_enc,cpu,2463.23,2463.36
6,330,eb_dec,cpu,2463.37,2463.48
6,330,h_s,dpu,2463.48,2472.87
6,330,gc,cpu,2472.87,2482.91
6,338,normalize,cpu,2483.44,2493.6
6,338,g_a_cpu,cpu,2493.61,2494.17
6,338,g_a,dpu,2494.18,2499.34
6,338,g_a,dpu,2499.35,2504.58
6,338,g_a_cpu,cpu,2504.59,2505.15
6,338,h_a,dpu,2505.16,2520.07
6,338,eb_enc,cpu,2520.07,2520.34
6,338,eb_dec,cpu,2520.34,2520.47
6,338,h_s,dpu,2520.47,2534.9
6,338,gc,cpu,2534.91,2545.2
6,346,normalize,cpu,2546.21,2550.03
6,346,g_a_cpu,cpu,2550.03,2550.39
6,346,g_a,dpu,2550.39,2564.76
6,346,g_a,dpu,2564.76,2581.05
6,346,g_a_cpu,cpu,2581.05,2581.84
6,346,h_a,dpu,2581.84,2587.12
6,346,eb_enc,cpu,2587.12,2587.3
6,346,eb_dec,cpu,2587.3,2587.44
6,346,h_s,dpu,2587.44,2594.79
6,346,gc,cpu,2594.79,2605.04
6,354,normalize,cpu,2605.95,2609.78
6,354,g_a_cpu,cpu,2609.79,2610.68
6,354,g_a,dpu,2610.69,2628.96
6,354,g_a,dpu,2628.96,2635.64
6,354,g_a_cpu,cpu,2635.64,2636.24
6,354,h_a,dpu,2636.25,2642.51
6,354,eb_enc,cpu,2642.51,2642.7
6,354,eb_dec,cpu,2642.71,2642.82
6,354,h_s,dpu,2642.82,2650.93
6,354,gc,cpu,2650.94,2661.65
6,362,normalize,cpu,2662.19,2676.8
6,362,g_a_cpu,cpu,2676.8,2677.15
6,362,g_a,dpu,2677.16,2682.31
6,362,g_a,dpu,2682.31,2688.17
6,362,g_a_cpu,cpu,2688.17,2688.65
6,362,h_a,dpu,2688.65,2695.66
6,362,eb_enc,cpu,2695.66,2695.78
6,362,eb_dec,cpu,2695.78,2695.89
6,362,h_s,dpu,2695.89,2721.45
6,362,gc,cpu,2721.46,2731.77
6,371,normalize,cpu,2732.31,2736.1
6,371,g_a_cpu,cpu,2736.11,2736.6
6,371,g_a,dpu,2736.61,2741.58
6,371,g_a,dpu,2741.58,2746.63
6,371,g_a_cpu,cpu,2746.63,2747.12
6,371,h_a,dpu,2747.13,2755.93
6,371,eb_enc,cpu,2755.93,2756.13
6,371,eb_dec,cpu,2756.13,2756.24
6,371,h_s,dpu,2756.24,2757.55
6,371,gc,cpu,2757.55,2767.83
6,378,normalize,cpu,2768.5,2772.25
6,378,g_a_cpu,cpu,2772.25,2772.6
6,378,g_a,dpu,2772.6,2779.6
6,378,g_a,dpu,2779.6,2784.83
6,378,g_a_cpu,cpu,2784.83,2785.38
6,378,h_a,dpu,2785.38,2792.68
6,378,eb_enc,cpu,2792.68,2792.84
6,378,eb_dec,cpu,2792.84,2792.96
6,378,h_s,dpu,2792.96,2809.19
6,378,gc,cpu,2809.19,2824.16
6,386,normalize,cpu,2824.99,2828.86
6,386,g_a_cpu,cpu,2828.86,2829.3
6,386,g_a,dpu,2829.31,2834.64
6,386,g_a,dpu,2834.64,2849.11
6,386,g_a_cpu,cpu,2849.11,2849.89
6,386,h_a,dpu,2849.89,2857.31
6,386,eb_enc,cpu,2857.31,2857.46
6,386,eb_dec,cpu,2857.46,2857.58
6,386,h_s,dpu,2857.58,2865.62
6,386,gc,cpu,2865.62,2876.74
6,393,normalize,cpu,2877.49,2891.49
6,393,g_a_cpu,cpu,2891.5,2891.86
6,393,g_a,dpu,2891.86,2902.99
6,393,g_a,dpu,2903,2908.11
6,393,g_a_cpu,cpu,2908.12,2908.57
6,393,h_a,dpu,2908.58,2921.63
6,393,eb_enc,cpu,2921.63,2921.75
6,393,eb_dec,cpu,2921.75,2921.85
6,393,h_s,dpu,2921.85,2931.85
6,393,gc,cpu,2931.85,2942.83
6,402,normalize,cpu,2943.44,2947.18
6,402,g_a_cpu,cpu,2947.18,2947.52
6,402,g_a,dpu,2947.52,2952.82
6,402,g_a,dpu,2952.82,2958.2
6,402,g_a_cpu,cpu,2958.2,2958.86
6,402,h_a,dpu,2958.86,2967.18
6,402,eb_enc,cpu,2967.19,2967.44
6,402,eb_dec,cpu,2967.45,2967.61
6,402,h_s,dpu,2967.61,2971.85
6,402,gc,cpu,2971.85,2982.54
6,409,normalize,cpu,2983.32,2986.99
6,409,g_a_cpu,cpu,2987,2987.52
6,409,g_a,dpu,2987.52,2996.14
6,409,g_a,dpu,2996.14,3002
6,409,g_a_cpu,cpu,3002.01,3002.47
6,409,h_a,dpu,3002.48,3034.56
6,409,eb_enc,cpu,3034.56,3034.73
6,409,eb_dec,cpu,3034.73,3034.85
6,409,h_s,dpu,3034.86,3037.77
6,409,gc,cpu,3037.78,3048.09
6,417,normalize,cpu,3049.08,3052.72
6,417,g_a_cpu,cpu,3052.72,3053.12
6,417,g_a,dpu,3053.12,3058.4
6,417,g_a,dpu,3058.42,3063.54
6,417,g_a_cpu,cpu,3063.54,3063.93
6,417,h_a,dpu,3063.93,3069.29
6,417,eb_enc,cpu,3069.29,3069.42
6,417,eb_dec,cpu,3069.42,3069.53
6,417,h_s,dpu,3069.53,3082.34
6,417,gc,cpu,3082.34,3092.47
6,424,normalize,cpu,3092.95,3096.72
6,424,g_a_cpu,cpu,3096.72,3097.12
6,424,g_a,dpu,3097.13,3107.25
6,424,g_a,dpu,3107.25,3114.03
6,424,g_a_cpu,cpu,3114.04,3114.41
6,424,h_a,dpu,3114.42,3131.16
6,424,eb_enc,cpu,3131.16,3131.29
6,424,eb_dec,cpu,3131.29,3131.39
6,424,h_s,dpu,3131.39,3132.83
6,424,gc,cpu,3132.83,3142.86
6,430,normalize,cpu,3143.48,3153.31
6,430,g_a_cpu,cpu,3153.32,3153.79
6,430,g_a,dpu,3153.79,3159
6,430,g_a,dpu,3159,3164.15
6,430,g_a_cpu,cpu,3164.15,3164.6
6,430,h_a,dpu,3164.6,3171.86
6,430,eb_enc,cpu,3171.86,3172.17
6,430,eb_dec,cpu,3172.17,3172.32
6,430,h_s,dpu,3172.32,3186.93
6,430,gc,cpu,3186.93,3198.18
6,439,normalize,cpu,3198.74,3213.44
6,439,g_a_cpu,cpu,3213.44,3214.11
6,439,g_a,dpu,3214.11,3219.56
6,439,g_a,dpu,3219.56,3225.17
6,439,g_a_cpu,cpu,3225.17,3225.99
6,439,h_a,dpu,3225.99,3229.94
6,439,eb_enc,cpu,3229.94,3230.08
6,439,eb_dec,cpu,3230.08,3230.19
6,439,h_s,dpu,3230.19,3240.42
6,439,gc,cpu,3240.42,3251.71
6,448,normalize,cpu,3252.54,3256.2
6,448,g_a_cpu,cpu,3256.2,3256.62
6,448,g_a,dpu,3256.63,3269.36
6,448,g_a,dpu,3269.36,3274.4
6,448,g_a_cpu,cpu,3274.4,3274.8
6,448,h_a,dpu,3274.8,3278.28
6,448,eb_enc,cpu,3278.28,3278.41
6,448,eb_dec,cpu,3278.41,3278.51
6,448,h_s,dpu,3278.51,3279.67
6,448,gc,cpu,3279.67,3295.92
6,453,normalize,cpu,3296.58,3300.5
6,453,g_a_cpu,cpu,3300.5,3300.99
6,453,g_a,dpu,3300.99,3315.21
6,453,g_a,dpu,3315.21,3320.47
6,453,g_a_cpu,cpu,3320.47,3320.96
6,453,h_a,dpu,3320.96,3332.92
6,453,eb_enc,cpu,3332.92,3333.1
6,453,eb_dec,cpu,3333.1,3333.22
6,453,h_s,dpu,3333.22,3344.06
6,453,gc,cpu,3344.06,3363.6
6,463,normalize,cpu,3364.4,3375.83
6,463,g_a_cpu,cpu,3375.83,3376.33
6,463,g_a,dpu,3376.34,3393.19
6,463,g_a,dpu,3393.19,3398.83
6,463,g_a_cpu,cpu,3398.83,3399.65
6,463,h_a,dpu,3399.66,3410.88
6,463,eb_enc,cpu,3410.88,3411.05
6,463,eb_dec,cpu,3411.05,3411.18
6,463,h_s,dpu,3411.18,3413.9
6,463,gc,cpu,3413.9,3438.75
6,474,normalize,cpu,3439.23,3442.98
6,474,g_a_cpu,cpu,3442.99,3448.33
6,474,g_a,dpu,3448.34,3453.93
6,474,g_a,dpu,3453.94,3470.23
6,474,g_a_cpu,cpu,3470.23,3470.95
6,474,h_a,dpu,3470.95,3474.01
6,474,eb_enc,cpu,3474.01,3474.13
6,474,eb_dec,cpu,3474.13,3474.24
6,474,h_s,dpu,3474.24,3487.51
6,474,gc,cpu,3487.51,3497.81
6,482,normalize,cpu,3503.43,3507.18
6,482,g_a_cpu,cpu,3507.18,3508.36
6,482,g_a,dpu,3508.37,3517.12
6,482,g_a,dpu,3517.12,3541.03
6,482,g_a_cpu,cpu,3541.04,3541.49
6,482,h_a,dpu,3541.5,3554.61
6,482,eb_enc,cpu,3554.61,3554.76
6,482,eb_dec,cpu,3554.76,3554.91
6,482,h_s,dpu,3554.91,3560.46
6,482,gc,cpu,3560.46,3570.6
6,493,normalize,cpu,3571.22,3575.53
6,493,g_a_cpu,cpu,3575.53,3575.89
6,493,g_a,dpu,3575.89,3588.89
6,493,g_a,dpu,3588.89,3599.48
6,493,g_a_cpu,cpu,3599.48,3600.09
6,493,h_a,dpu,3600.1,3620.61
6,493,eb_enc,cpu,3620.62,3620.75
6,493,eb_dec,cpu,3620.75,3621.89
6,493,h_s,dpu,3621.89,3623.61
6,493,gc,cpu,3623.61,3635.42
6,501,normalize,cpu,3636.06,3640.84
6,501,g_a_cpu,cpu,3640.85,3641.34
6,501,g_a,dpu,3641.34,3647.29
6,501,g_a,dpu,3647.29,3665.18
6,501,g_a_cpu,cpu,3665.19,3665.63
6,501,h_a,dpu,3665.63,3674.9
6,501,eb_enc,cpu,3674.91,3675.08
6,501,eb_dec,cpu,3675.08,3675.24
6,501,h_s,dpu,3675.24,3679.4
6,501,gc,cpu,3679.4,3690.24
6,509,normalize,cpu,3691.4,3701.17
6,509,g_a_cpu,cpu,3701.18,3702.75
6,509,g_a,dpu,3702.76,3708.01
6,509,g_a,dpu,3708.01,3724.84
6,509,g_a_cpu,cpu,3724.84,3725.59
6,509,h_a,dpu,3725.6,3736.09
6,509,eb_enc,cpu,3736.09,3736.31
6,509,eb_dec,cpu,3736.32,3736.44
6,509,h_s,dpu,3736.44,3754.92
6,509,gc,cpu,3754.92,3766.41
6,521,normalize,cpu,3767.5,3771.31
6,521,g_a_cpu,cpu,3771.32,3772.38
6,521,g_a,dpu,3772.39,3784.65
6,521,g_a,dpu,3784.66,3807.11
6,521,g_a_cpu,cpu,3807.11,3807.49
6,521,h_a,dpu,3807.5,3811.48
6,521,eb_enc,cpu,3811.48,3811.63
6,521,eb_dec,cpu,3811.63,3811.74
6,521,h_s,dpu,3811.74,3815.54
6,521,gc,cpu,3815.54,3825.95
6,526,normalize,cpu,3826.42,3830.23
6,526,g_a_cpu,cpu,3830.23,3830.64
6,526,g_a,dpu,3830.65,3862.29
6,526,g_a,dpu,3862.29,3867.42
6,526,g_a_cpu,cpu,3867.42,3867.87
6,526,h_a,dpu,3867.88,3876.7
6,526,eb_enc,cpu,3876.7,3876.82
6,526,eb_dec,cpu,3876.82,3876.93
6,526,h_s,dpu,3876.93,3879.2
6,526,gc,cpu,3879.2,3889.38
6,535,normalize,cpu,3890.19,3893.85
6,535,g_a_cpu,cpu,3893.85,3894.23
6,535,g_a,dpu,3894.24,3908.75
6,535,g_a,dpu,3908.75,3914.41
6,535,g_a_cpu,cpu,3914.41,3914.83
6,535,h_a,dpu,3914.83,3918.49
6,535,eb_enc,cpu,3918.49,3918.62
6,535,eb_dec,cpu,3918.63,3918.74
6,535,h_s,dpu,3918.74,3931.58
6,535,gc,cpu,3931.58,3941.73
6,543,normalize,cpu,3942.46,3946.22
6,543,g_a_cpu,cpu,3946.23,3946.6
6,543,g_a,dpu,3946.61,3953.62
6,543,g_a,dpu,3953.62,3965.93
6,543,g_a_cpu,cpu,3965.93,3966.4
6,543,h_a,dpu,3966.4,3976.53
6,543,eb_enc,cpu,3976.53,3976.67
6,543,eb_dec,cpu,3976.67,3976.79
6,543,h_s,dpu,3976.79,3984.48
6,543,gc,cpu,3984.48,3994.69
6,551,normalize,cpu,3995.41,3999.23
6,551,g_a_cpu,cpu,3999.24,4000.17
6,551,g_a,dpu,4000.18,4007.11
6,551,g_a,dpu,4007.11,4012.66
6,551,g_a_cpu,cpu,4012.66,4013.39
6,551,h_a,dpu,4013.4,4017.67
6,551,eb_enc,cpu,4017.67,4017.79
6,551,eb_dec,cpu,4017.79,4017.9
6,551,h_s,dpu,4017.9,4022.37
6,551,gc,cpu,4022.38,4041.94
6,558,normalize,cpu,4042.7,4047.37
6,558,g_a_cpu,cpu,4047.38,4047.78
6,558,g_a,dpu,4047.78,4052.93
6,558,g_a,dpu,4052.94,4058.44
6,558,g_a_cpu,cpu,4058.44,4058.81
6,558,h_a,dpu,4058.81,4065.4
6,558,eb_enc,cpu,4065.4,4065.55
6,558,eb_dec,cpu,4065.55,4065.66
6,558,h_s,dpu,4065.66,4077.29
6,558,gc,cpu,4077.29,4087.52
6,566,normalize,cpu,4088.31,4092.17
6,566,g_a_cpu,cpu,4092.18,4093.07
6,566,g_a,dpu,4093.07,4103.25
6,566,g_a,dpu,4103.25,4110.04
6,566,g_a_cpu,cpu,4110.04,4115.45
6,566,h_a,dpu,4115.45,4118.88
6,566,eb_enc,cpu,4118.88,4119.04
6,566,eb_dec,cpu,4119.04,4119.16
6,566,h_s,dpu,4119.16,4127.71
6,566,gc,cpu,4127.71,4138.01
6,572,normalize,cpu,4138.94,4142.69
6,572,g_a_cpu,cpu,4142.69,4143.01
6,572,g_a,dpu,4143.01,4148.25
6,572,g_a,dpu,4148.26,4153.77
6,572,g_a_cpu,cpu,4153.78,4154.56
6,572,h_a,dpu,4154.57,4158.53
6,572,eb_enc,cpu,4158.53,4158.68
6,572,eb_dec,cpu,4158.68,4158.8
6,572,h_s,dpu,4158.8,4161.39
6,572,gc,cpu,4161.39,4171.77
6,578,normalize,cpu,4172.43,4176.09
6,578,g_a_cpu,cpu,4176.1,4176.6
6,578,g_a,dpu,4176.61,4193.36
6,578,g_a,dpu,4193.36,4201.66
6,578,g_a_cpu,cpu,4201.66,4202.16
6,578,h_a,dpu,4202.16,4207.57
6,578,eb_enc,cpu,4207.57,4207.7
6,578,eb_dec,cpu,4207.7,4207.81
6,578,h_s,dpu,4207.81,4214.36
6,578,gc,cpu,4214.36,4233.24
6,585,normalize,cpu,4238.53,4242.4
6,585,g_a_cpu,cpu,4242.4,4243.07
6,585,g_a,dpu,4243.07,4248.84
6,585,g_a,dpu,4248.84,4284.73
6,585,g_a_cpu,cpu,4284.73,4285.24
6,585,h_a,dpu,4285.24,4292.03
6,585,eb_enc,cpu,4292.03,4292.15
6,585,eb_dec,cpu,4292.15,4292.26
6,585,h_s,dpu,4292.26,4304.16
6,585,gc,cpu,4304.17,4314.39
6,595,normalize,cpu,4314.98,4318.73
6,595,g_a_cpu,cpu,4318.73,4319.05
6,595,g_a,dpu,4319.05,4335.89
6,595,g_a,dpu,4335.89,4351.91
6,595,g_a_cpu,cpu,4351.92,4352.3
6,595,h_a,dpu,4352.31,4356.05
6,595,eb_enc,cpu,4356.05,4356.18
6,595,eb_dec,cpu,4356.18,4356.29
6,595,h_s,dpu,4356.29,4371.81
6,595,gc,cpu,4371.81,4382.13
6,605,normalize,cpu,4382.82,4393.63
6,605,g_a_cpu,cpu,4393.63,4394.08
6,605,g_a,dpu,4394.08,4402.42
6,605,g_a,dpu,4402.42,4417.35
6,605,g_a_cpu,cpu,4417.36,4417.83
6,605,h_a,dpu,4417.83,4420.38
6,605,eb_enc,cpu,4420.38,4420.5
6,605,eb_dec,cpu,4420.5,4420.6
6,605,h_s,dpu,4420.6,4429.64
6,605,gc,cpu,4429.64,4441.35
6,614,normalize,cpu,4442.6,4446.31
6,614,g_a_cpu,cpu,4446.32,4446.8
6,614,g_a,dpu,4446.81,4452.15
6,614,g_a,dpu,4452.15,4461.23
6,614,g_a_cpu,cpu,4461.23,4461.58
6,614,h_a,dpu,4461.58,4468.07
6,614,eb_enc,cpu,4468.07,4468.22
6,614,eb_dec,cpu,4468.22,4468.36
6,614,h_s,dpu,4468.36,4474.8
6,614,gc,cpu,4474.8,4485.09
6,620,normalize,cpu,4485.75,4489.68
6,620,g_a_cpu,cpu,4489.69,4490.26
6,620,g_a,dpu,4490.26,4495.79
6,620,g_a,dpu,4495.79,4504.62
6,620,g_a_cpu,cpu,4504.62,4505.01
6,620,h_a,dpu,4505.01,4514.53
6,620,eb_enc,cpu,4514.53,4514.67
6,620,eb_dec,cpu,4514.67,4514.81
6,620,h_s,dpu,4514.81,4519.25
6,620,gc,cpu,4519.25,4530.36
6,627,normalize,cpu,4530.89,4535.68
6,627,g_a_cpu,cpu,4535.68,4536.11
6,627,g_a,dpu,4536.12,4541.36
6,627,g_a,dpu,4541.37,4550.39
6,627,g_a_cpu,cpu,4550.39,4550.89
6,627,h_a,dpu,4550.89,4565.94
6,627,eb_enc,cpu,4565.94,4566.17
6,627,eb_dec,cpu,4566.17,4566.31
6,627,h_s,dpu,4566.31,4573.85
6,627,gc,cpu,4573.85,4584.94
6,636,normalize,cpu,4585.44,4590.43
6,636,g_a_cpu,cpu,4590.44,4590.76
6,636,g_a,dpu,4590.76,4599.6
6,636,g_a,dpu,4599.61,4605.07
6,636,g_a_cpu,cpu,4605.07,4605.79
6,636,h_a,dpu,4605.79,4614.97
6,636,eb_enc,cpu,4614.97,4615.12
6,636,eb_dec,cpu,4615.12,4615.24
6,636,h_s,dpu,4615.24,4624.44
6,636,gc,cpu,4624.45,4636.01
6,642,normalize,cpu,4637.12,4640.82
6,642,g_a_cpu,cpu,4640.82,4641.16
6,642,g_a,dpu,4641.16,4656.4
6,642,g_a,dpu,4656.4,4665.77
6,642,g_a_cpu,cpu,4665.77,4666.39
6,642,h_a,dpu,4666.39,4672.07
6,642,eb_enc,cpu,4672.08,4672.32
6,642,eb_dec,cpu,4672.33,4672.48
6,642,h_s,dpu,4672.48,4678.41
6,642,gc,cpu,4678.41,4688.66
6,649,normalize,cpu,4689.47,4693.23
6,649,g_a_cpu,cpu,4693.23,4693.58
6,649,g_a,dpu,4693.59,4698.76
6,649,g_a,dpu,4698.76,4704.02
6,649,g_a_cpu,cpu,4704.02,4704.41
6,649,h_a,dpu,4704.41,4712.18
6,649,eb_enc,cpu,4712.18,4712.31
6,649,eb_dec,cpu,4712.31,4712.42
6,649,h_s,dpu,4712.42,4721.02
6,649,gc,cpu,4721.03,4731.27
6,657,normalize,cpu,4731.88,4735.53
6,657,g_a_cpu,cpu,4735.53,4736.04
6,657,g_a,dpu,4736.04,4742.51
6,657,g_a,dpu,4742.52,4750.66
6,657,g_a_cpu,cpu,4750.66,4751.18
6,657,h_a,dpu,4751.19,4754.62
6,657,eb_enc,cpu,4754.62,4754.81
6,657,eb_dec,cpu,4754.81,4754.94
6,657,h_s,dpu,4754.95,4757.55
6,657,gc,cpu,4757.55,4780.95
6,664,normalize,cpu,4781.49,4786.04
6,664,g_a_cpu,cpu,4786.04,4786.39
6,664,g_a,dpu,4786.39,4796.53
6,664,g_a,dpu,4796.53,4801.63
6,664,g_a_cpu,cpu,4801.63,4802.24
6,664,h_a,dpu,4802.25,4805.84
6,664,eb_enc,cpu,4805.84,4805.97
6,664,eb_dec,cpu,4805.97,4806.08
6,664,h_s,dpu,4806.08,4823.64
6,664,gc,cpu,4823.64,4834.12
6,670,normalize,cpu,4834.85,4838.72
6,670,g_a_cpu,cpu,4838.73,4839.08
6,670,g_a,dpu,4839.08,4844.89
6,670,g_a,dpu,4844.9,4854.53
6,670,g_a_cpu,cpu,4854.53,4854.96
6,670,h_a,dpu,4854.97,4866.63
6,670,eb_enc,cpu,4866.63,4866.79
6,670,eb_dec,cpu,4866.79,4866.93
6,670,h_s,dpu,4866.93,4872.62
6,670,gc,cpu,4872.62,4884.06
6,679,normalize,cpu,4884.74,4888.5
6,679,g_a_cpu,cpu,4888.51,4888.97
6,679,g_a,dpu,4888.97,4894.66
6,679,g_a,dpu,4894.66,4899.85
6,679,g_a_cpu,cpu,4899.85,4900.23
6,679,h_a,dpu,4900.23,4917.82
6,679,eb_enc,cpu,4917.82,4917.99
6,679,eb_dec,cpu,4917.99,4918.1
6,679,h_s,dpu,4918.1,4919.46
6,679,gc,cpu,4919.46,4929.82
6,685,normalize,cpu,4930.39,4934.8
6,685,g_a_cpu,cpu,4934.8,4935.16
6,685,g_a,dpu,4935.17,4948.14
6,685,g_a,dpu,4948.14,4953.42
6,685,g_a_cpu,cpu,4953.42,4953.96
6,685,h_a,dpu,4953.97,4959.23
6,685,eb_enc,cpu,4959.23,4959.37
6,685,eb_dec,cpu,4959.37,4959.48
6,685,h_s,dpu,4959.48,4960.87
6,685,gc,cpu,4960.87,4977.48
6,692,normalize,cpu,4977.98,4981.73
6,692,g_a_cpu,cpu,4981.73,4982.1
6,692,g_a,dpu,4982.1,4987.75
6,692,g_a,dpu,4987.75,5017.26
6,692,g_a_cpu,cpu,5017.27,5018.08
6,692,h_a,dpu,5018.08,5023.34
6,692,eb_enc,cpu,5023.34,5023.52
6,692,eb_dec,cpu,5023.52,5023.66
6,692,h_s,dpu,5023.66,5027.88
6,692,gc,cpu,5027.88,5038.18
6,700,normalize,cpu,5038.65,5043.79
6,700,g_a_cpu,cpu,5043.79,5044.15
6,700,g_a,dpu,5044.16,5050.32
6,700,g_a,dpu,5050.33,5065.54
6,700,g_a_cpu,cpu,5065.54,5066.02
6,700,h_a,dpu,5066.02,5071.54
6,700,eb_enc,cpu,5071.54,5071.66
6,700,eb_dec,cpu,5071.66,5071.77
6,700,h_s,dpu,5071.77,5072.89
6,700,gc,cpu,5072.89,5083.84
6,707,normalize,cpu,5084.53,5089.48
6,707,g_a_cpu,cpu,5089.49,5089.89
6,707,g_a,dpu,5089.89,5106.78
6,707,g_a,dpu,5106.78,5128.99
6,707,g_a_cpu,cpu,5129,5129.39
6,707,h_a,dpu,5129.39,5138.57
6,707,eb_enc,cpu,5138.57,5138.72
6,707,eb_dec,cpu,5138.72,5138.84
6,707,h_s,dpu,5138.84,5146.43
6,707,gc,cpu,5146.43,5156.98
6,715,normalize,cpu,5157.52,5161.22
6,715,g_a_cpu,cpu,5161.23,5161.68
6,715,g_a,dpu,5161.68,5168.18
6,715,g_a,dpu,5168.18,5173.42
6,715,g_a_cpu,cpu,5173.43,5174.15
6,715,h_a,dpu,5174.15,5178.13
6,715,eb_enc,cpu,5178.13,5178.25
6,715,eb_dec,cpu,5178.25,5178.36
6,715,h_s,dpu,5178.36,5189.07
6,715,gc,cpu,5189.07,5199.43
6,723,normalize,cpu,5200.11,5203.74
6,723,g_a_cpu,cpu,5203.75,5204.15
6,723,g_a,dpu,5204.16,5214.94
6,723,g_a,dpu,5214.94,5230.37
6,723,g_a_cpu,cpu,5230.38,5230.89
6,723,h_a,dpu,5230.9,5234.5
6,723,eb_enc,cpu,5234.51,5234.64
6,723,eb_dec,cpu,5234.65,5234.76
6,723,h_s,dpu,5234.76,5236.85
6,723,gc,cpu,5236.85,5247.87
6,730,normalize,cpu,5248.51,5252.2
6,730,g_a_cpu,cpu,5252.21,5252.65
6,730,g_a,dpu,5252.66,5258.86
6,730,g_a,dpu,5258.86,5264
6,730,g_a_cpu,cpu,5264.01,5264.46
6,730,h_a,dpu,5264.46,5267.9
6,730,eb_enc,cpu,5267.9,5268.09
6,730,eb_dec,cpu,5268.09,5268.2
6,730,h_s,dpu,5268.2,5269.41
6,730,gc,cpu,5269.41,5279.44
6,734,normalize,cpu,5280.21,5283.93
6,734,g_a_cpu,cpu,5283.93,5284.5
6,734,g_a,dpu,5284.51,5300.17
6,734,g_a,dpu,5300.17,5320.03
6,734,g_a_cpu,cpu,5320.03,5320.64
6,734,h_a,dpu,5320.64,5324.73
6,734,eb_enc,cpu,5324.73,5324.85
6,734,eb_dec,cpu,5324.85,5324.95
6,734,h_s,dpu,5324.95,5326.19
6,734,gc,cpu,5326.19,5336.33
6,742,normalize,cpu,5336.84,5347.93
6,742,g_a_cpu,cpu,5347.93,5348.46
6,742,g_a,dpu,5348.47,5359.14
6,742,g_a,dpu,5359.14,5369.83
6,742,g_a_cpu,cpu,5369.83,5370.31
6,742,h_a,dpu,5370.31,5380.47
6,742,eb_enc,cpu,5380.47,5380.6
6,742,eb_dec,cpu,5380.6,5380.7
6,742,h_s,dpu,5380.7,5385.69
6,742,gc,cpu,5385.69,5395.85
6,752,normalize,cpu,5408.75,5412.43
6,752,g_a_cpu,cpu,5412.44,5412.96
6,752,g_a,dpu,5412.97,5420.8
6,752,g_a,dpu,5420.8,5426.63
6,752,g_a_cpu,cpu,5426.64,5427.13
6,752,h_a,dpu,5427.13,5431.3
6,752,eb_enc,cpu,5431.3,5431.45
6,752,eb_dec,cpu,5431.45,5431.56
6,752,h_s,dpu,5431.56,5441.52
6,752,gc,cpu,5441.52,5453.59
6,758,normalize,cpu,5454.11,5458.81
6,758,g_a_cpu,cpu,5458.81,5459.22
6,758,g_a,dpu,5459.22,5469.32
6,758,g_a,dpu,5469.32,5474.39
6,758,g_a_cpu,cpu,5474.4,5474.99
6,758,h_a,dpu,5474.99,5478.68
6,758,eb_enc,cpu,5478.68,5478.81
6,758,eb_dec,cpu,5478.81,5478.92
6,758,h_s,dpu,5478.92,5486.23
6,758,gc,cpu,5486.24,5511.35
6,766,normalize,cpu,5512.21,5515.83
6,766,g_a_cpu,cpu,5515.83,5518.8
6,766,g_a,dpu,5518.81,5529.05
6,766,g_a,dpu,5529.06,5549.39
6,766,g_a_cpu,cpu,5549.39,5550.05
6,766,h_a,dpu,5550.05,5553.66
6,766,eb_enc,cpu,5553.66,5553.78
6,766,eb_dec,cpu,5553.78,5553.99
6,766,h_s,dpu,5553.99,5569.3
6,766,gc,cpu,5569.3,5580.47
6,777,normalize,cpu,5581.13,5585.61
6,777,g_a_cpu,cpu,5585.62,5586.19
6,777,g_a,dpu,5586.19,5595.39
6,777,g_a,dpu,5595.4,5603.05
6,777,g_a_cpu,cpu,5603.05,5604.13
6,777,h_a,dpu,5604.14,5607.11
6,777,eb_enc,cpu,5607.11,5607.24
6,777,eb_dec,cpu,5607.24,5607.36
6,777,h_s,dpu,5607.37,5626.62
6,777,gc,cpu,5626.62,5636.93
6,785,normalize,cpu,5637.48,5641.26
6,785,g_a_cpu,cpu,5641.27,5641.68
6,785,g_a,dpu,5641.68,5647.06
6,785,g_a,dpu,5647.06,5658.37
6,785,g_a_cpu,cpu,5658.37,5658.93
6,785,h_a,dpu,5658.93,5663.32
6,785,eb_enc,cpu,5663.32,5663.46
6,785,eb_dec,cpu,5663.46,5663.58
6,785,h_s,dpu,5663.58,5671.6
6,785,gc,cpu,5671.6,5692.98
6,792,normalize,cpu,5693.73,5697.42
6,792,g_a_cpu,cpu,5697.43,5697.84
6,792,g_a,dpu,5697.85,5704.05
6,792,g_a,dpu,5704.06,5714.47
6,792,g_a_cpu,cpu,5714.47,5715.17
6,792,h_a,dpu,5715.17,5718.69
6,792,eb_enc,cpu,5718.69,5718.84
6,792,eb_dec,cpu,5718.84,5718.95
6,792,h_s,dpu,5718.95,5720.19
6,792,gc,cpu,5720.19,5730.36
6,799,normalize,cpu,5731.02,5734.68
6,799,g_a_cpu,cpu,5734.69,5735.61
6,799,g_a,dpu,5735.62,5740.76
6,799,g_a,dpu,5740.76,5751.45
6,799,g_a_cpu,cpu,5751.46,5755
6,799,h_a,dpu,5755.01,5770.4
6,799,eb_enc,cpu,5770.4,5770.68
6,799,eb_dec,cpu,5770.68,5770.83
6,799,h_s,dpu,5770.83,5777.72
6,799,gc,cpu,5777.72,5787.81
6,807,normalize,cpu,5788.33,5791.98
6,807,g_a_cpu,cpu,5791.99,5792.53
6,807,g_a,dpu,5792.53,5810
6,807,g_a,dpu,5810,5815.17
6,807,g_a_cpu,cpu,5815.17,5815.69
6,807,h_a,dpu,5815.69,5827.68
6,807,eb_enc,cpu,5827.68,5827.93
6,807,eb_dec,cpu,5827.93,5828.11
6,807,h_s,dpu,5828.11,5838.58
6,807,gc,cpu,5838.58,5848.83
6,816,normalize,cpu,5849.37,5853.12
6,816,g_a_cpu,cpu,5853.13,5853.74
6,816,g_a,dpu,5853.75,5868.2
6,816,g_a,dpu,5868.2,5874.13
6,816,g_a_cpu,cpu,5874.13,5874.54
6,816,h_a,dpu,5874.58,5877.97
6,816,eb_enc,cpu,5877.97,5878.1
6,816,eb_dec,cpu,5878.1,5878.21
6,816,h_s,dpu,5878.21,5888.53
6,816,gc,cpu,5888.54,5898.54
6,823,normalize,cpu,5899.64,5903.37
6,823,g_a_cpu,cpu,5903.38,5903.71
6,823,g_a,dpu,5903.71,5909.32
6,823,g_a,dpu,5909.32,5914.43
6,823,g_a_cpu,cpu,5914.43,5915.15
6,823,h_a,dpu,5915.15,5928.25
6,823,eb_enc,cpu,5928.25,5928.45
6,823,eb_dec,cpu,5928.45,5928.58
6,823,h_s,dpu,5928.58,5933.87
6,823,gc,cpu,5933.87,5944.24
6,831,normalize,cpu,5944.77,5948.49
6,831,g_a_cpu,cpu,5948.5,5948.9
6,831,g_a,dpu,5948.91,5954
6,831,g_a,dpu,5954,5959.18
6,831,g_a_cpu,cpu,5959.19,5959.77
6,831,h_a,dpu,5959.77,5963.48
6,831,eb_enc,cpu,5963.48,5963.6
6,831,eb_dec,cpu,5963.61,5963.76
6,831,h_s,dpu,5963.76,5971.82
6,831,gc,cpu,5971.85,5982.19
6,835,normalize,cpu,5982.96,5986.66
6,835,g_a_cpu,cpu,5986.66,5987.01
6,835,g_a,dpu,5987.01,5992.42
6,835,g_a,dpu,5992.43,5997.78
6,835,g_a_cpu,cpu,5997.78,5998.33
6,835,h_a,dpu,5998.33,6006.26
6,835,eb_enc,cpu,6006.27,6006.41
6,835,eb_dec,cpu,6006.41,6006.52
6,835,h_s,dpu,6006.52,6033.2
6,835,gc,cpu,6033.2,6044.39
6,844,normalize,cpu,6044.88,6048.65
6,844,g_a_cpu,cpu,6048.66,6049.01
6,844,g_a,dpu,6049.02,6054.29
6,844,g_a,dpu,6054.3,6059.76
6,844,g_a_cpu,cpu,6059.77,6060.27
6,844,h_a,dpu,6060.28,6065.67
6,844,eb_enc,cpu,6065.67,6065.8
6,844,eb_dec,cpu,6065.8,6065.91
6,844,h_s,dpu,6065.91,6078.3
6,844,gc,cpu,6078.3,6089
6,852,normalize,cpu,6089.95,6094.25
6,852,g_a_cpu,cpu,6094.26,6094.66
6,852,g_a,dpu,6094.66,6100.05
6,852,g_a,dpu,6100.06,6112.17
6,852,g_a_cpu,cpu,6112.18,6112.71
6,852,h_a,dpu,6112.71,6123.56
6,852,eb_enc,cpu,6123.56,6123.71
6,852,eb_dec,cpu,6123.71,6123.83
6,852,h_s,dpu,6123.83,6131.71
6,852,gc,cpu,6131.71,6141.76
6,861,normalize,cpu,6142.22,6146.66
6,861,g_a_cpu,cpu,6146.66,6147.15
6,861,g_a,dpu,6147.16,6161.5
6,861,g_a,dpu,6161.5,6183.04
6,861,g_a_cpu,cpu,6183.04,6183.55
6,861,h_a,dpu,6183.56,6190.99
6,861,eb_enc,cpu,6190.99,6191.11
6,861,eb_dec,cpu,6191.11,6191.22
6,861,h_s,dpu,6191.22,6201.44
6,861,gc,cpu,6201.44,6211.52
6,869,normalize,cpu,6212.11,6232.02
6,869,g_a_cpu,cpu,6232.02,6232.47
6,869,g_a,dpu,6232.48,6240.03
6,869,g_a,dpu,6240.03,6255.26
6,869,g_a_cpu,cpu,6255.26,6255.79
6,869,h_a,dpu,6255.79,6260.13
6,869,eb_enc,cpu,6260.13,6260.29
6,869,eb_dec,cpu,6260.29,6260.39
6,869,h_s,dpu,6260.39,6273.31
6,869,gc,cpu,6273.31,6283.55
6,880,normalize,cpu,6284.34,6290.5
6,880,g_a_cpu,cpu,6290.5,6290.89
6,880,g_a,dpu,6290.89,6296.38
6,880,g_a,dpu,6296.38,6301.54
6,880,g_a_cpu,cpu,6301.54,6302.04
6,880,h_a,dpu,6302.04,6306.4
6,880,eb_enc,cpu,6306.41,6306.53
6,880,eb_dec,cpu,6306.53,6306.63
6,880,h_s,dpu,6306.63,6322.15
6,880,gc,cpu,6322.15,6332.84
6,887,normalize,cpu,6333.49,6337.38
6,887,g_a_cpu,cpu,6337.38,6337.85
6,887,g_a,dpu,6337.85,6356.9
6,887,g_a,dpu,6356.9,6373.01
6,887,g_a_cpu,cpu,6373.01,6373.4
6,887,h_a,dpu,6373.4,6377.51
6,887,eb_enc,cpu,6377.52,6377.64
6,887,eb_dec,cpu,6377.64,6377.75
6,887,h_s,dpu,6377.75,6381.57
6,887,gc,cpu,6381.57,6391.57
6,896,normalize,cpu,6393.5,6397.31
6,896,g_a_cpu,cpu,6397.32,6398.08
6,896,g_a,dpu,6398.08,6408.16
6,896,g_a,dpu,6408.16,6427.19
6,896,g_a_cpu,cpu,6427.19,6427.52
6,896,h_a,dpu,6427.52,6432.34
6,896,eb_enc,cpu,6432.35,6432.48
6,896,eb_dec,cpu,6432.49,6432.62
6,896,h_s,dpu,6432.62,6443.47
6,896,gc,cpu,6443.47,6453.81
6,903,normalize,cpu,6454.43,6458.24
6,903,g_a_cpu,cpu,6458.25,6458.66
6,903,g_a,dpu,6458.66,6468.23
6,903,g_a,dpu,6468.24,6473.9
6,903,g_a_cpu,cpu,6473.9,6474.3
6,903,h_a,dpu,6474.3,6480.7
6,903,eb_enc,cpu,6480.7,6480.93
6,903,eb_dec,cpu,6480.93,6481.05
6,903,h_s,dpu,6481.05,6498.49
6,903,gc,cpu,6498.5,6520.58
6,913,normalize,cpu,6521.19,6526.11
6,913,g_a_cpu,cpu,6526.12,6526.47
6,913,g_a,dpu,6526.47,6531.82
6,913,g_a,dpu,6531.82,6546.98
6,913,g_a_cpu,cpu,6546.98,6547.51
6,913,h_a,dpu,6547.51,6556.98
6,913,eb_enc,cpu,6556.98,6557.11
6,913,eb_dec,cpu,6557.11,6557.24
6,913,h_s,dpu,6557.24,6565.01
6,913,gc,cpu,6565.01,6576.46
6,921,normalize,cpu,6584.54,6596.39
6,921,g_a_cpu,cpu,6596.4,6596.87
6,921,g_a,dpu,6596.87,6606.58
6,921,g_a,dpu,6606.58,6616.95
6,921,g_a_cpu,cpu,6616.95,6617.41
6,921,h_a,dpu,6617.41,6620.9
6,921,eb_enc,cpu,6620.9,6621.04
6,921,eb_dec,cpu,6621.04,6621.15
6,921,h_s,dpu,6621.15,6628.65
6,921,gc,cpu,6628.65,6638.65
7,7,normalize,cpu,78.5725,82.2785
7,7,g_a_cpu,cpu,83.4578,84.3616
7,7,g_a,dpu,84.3668,97.5572
7,7,g_a,dpu,97.5606,113.32
7,7,g_a_cpu,cpu,113.324,113.781
7,7,h_a,dpu,113.797,120.085
7,7,eb_enc,cpu,120.087,120.286
7,7,eb_dec,cpu,120.287,120.42
7,7,h_s,dpu,120.421,135.182
7,7,gc,cpu,135.191,163.583
7,14,normalize,cpu,164.574,168.368
7,14,g_a_cpu,cpu,168.373,168.969
7,14,g_a,dpu,168.975,178.345
7,14,g_a,dpu,178.347,188.707
7,14,g_a_cpu,cpu,188.709,189.454
7,14,h_a,dpu,189.458,191.39
7,14,eb_enc,cpu,191.391,191.551
7,14,eb_dec,cpu,191.554,191.661
7,14,h_s,dpu,191.661,213.597
7,14,gc,cpu,213.6,230.456
7,23,normalize,cpu,231.284,235.101
7,23,g_a_cpu,cpu,235.108,235.778
7,23,g_a,dpu,235.786,247.067
7,23,g_a,dpu,247.075,257.943
7,23,g_a_cpu,cpu,257.945,258.512
7,23,h_a,dpu,258.514,269.398
7,23,eb_enc,cpu,269.4,269.583
7,23,eb_dec,cpu,269.584,269.707
7,23,h_s,dpu,269.707,278.027
7,23,gc,cpu,278.029,289.75
7,29,normalize,cpu,290.295,295.565
7,29,g_a_cpu,cpu,295.567,296.079
7,29,g_a,dpu,296.083,301.245
7,29,g_a,dpu,301.25,306.443
7,29,g_a_cpu,cpu,306.448,306.998
7,29,h_a,dpu,307,310.764
7,29,eb_enc,cpu,310.764,310.983
7,29,eb_dec,cpu,310.983,311.092
7,29,h_s,dpu,311.093,318.991
7,29,gc,cpu,318.993,336.855
7,36,normalize,cpu,337.387,343.023
7,36,g_a_cpu,cpu,343.026,354.78
7,36,g_a,dpu,354.785,360.118
7,36,g_a,dpu,360.121,365.765
7,36,g_a_cpu,cpu,365.767,366.167
7,36,h_a,dpu,366.169,370.402
7,36,eb_enc,cpu,370.403,370.54
7,36,eb_dec,cpu,370.541,370.647
7,36,h_s,dpu,370.647,379.618
7,36,gc,cpu,379.619,391.929
7,44,normalize,cpu,393.411,400.041
7,44,g_a_cpu,cpu,400.046,400.411
7,44,g_a,dpu,400.414,405.685
7,44,g_a,dpu,405.686,410.974
7,44,g_a_cpu,cpu,410.976,411.398
7,44,h_a,dpu,411.4,412.96
7,44,eb_enc,cpu,412.962,413.096
7,44,eb_dec,cpu,413.096,413.202
7,44,h_s,dpu,413.202,420.508
7,44,gc,cpu,420.51,439.499
7,51,normalize,cpu,440.179,446.259
7,51,g_a_cpu,cpu,446.262,446.772
7,51,g_a,dpu,446.774,452.022
7,51,g_a,dpu,452.023,457.811
7,51,g_a_cpu,cpu,457.813,458.184
7,51,h_a,dpu,458.195,459.57
7,51,eb_enc,cpu,459.571,459.718
7,51,eb_dec,cpu,459.719,459.826
7,51,h_s,dpu,459.827,465.917
7,51,gc,cpu,465.918,482.259
7,58,normalize,cpu,487.82,491.488
7,58,g_a_cpu,cpu,491.492,491.846
7,58,g_a,dpu,491.85,497.194
7,58,g_a,dpu,497.199,502.614
7,58,g_a_cpu,cpu,502.619,503.408
7,58,h_a,dpu,503.412,525.29
7,58,eb_enc,cpu,525.291,525.483
7,58,eb_dec,cpu,525.483,525.606
7,58,h_s,dpu,525.607,527.651
7,58,gc,cpu,527.652,538.217
7,66,normalize,cpu,538.996,546.88
7,66,g_a_cpu,cpu,546.884,547.455
7,66,g_a,dpu,547.461,554.149
7,66,g_a,dpu,554.152,580.229
7,66,g_a_cpu,cpu,580.231,580.644
7,66,h_a,dpu,580.646,582.519
7,66,eb_enc,cpu,582.521,582.727
7,66,eb_dec,cpu,582.727,582.84
7,66,h_s,dpu,582.84,584.54
7,66,gc,cpu,584.541,612.274
7,74,normalize,cpu,613.854,617.575
7,74,g_a_cpu,cpu,617.578,617.986
7,74,g_a,dpu,617.99,624.364
7,74,g_a,dpu,624.365,629.488
7,74,g_a_cpu,cpu,629.49,630.006
7,74,h_a,dpu,630.009,644.687
7,74,eb_enc,cpu,644.689,644.905
7,74,eb_dec,cpu,644.906,645.029
7,74,h_s,dpu,645.029,649.731
7,74,gc,cpu,649.733,660.444
7,81,normalize,cpu,661.548,666.003
7,81,g_a_cpu,cpu,666.009,666.535
7,81,g_a,dpu,666.541,672.097
7,81,g_a,dpu,672.101,678.334
7,81,g_a_cpu,cpu,678.335,678.819
7,81,h_a,dpu,678.821,690.941
7,81,eb_enc,cpu,690.943,691.14
7,81,eb_dec,cpu,691.141,691.259
7,81,h_s,dpu,691.259,692.993
7,81,gc,cpu,692.994,703.482
7,88,normalize,cpu,704.082,707.741
7,88,g_a_cpu,cpu,707.75,708.553
7,88,g_a,dpu,708.557,718.445
7,88,g_a,dpu,718.447,723.665
7,88,g_a_cpu,cpu,723.667,724.121
7,88,h_a,dpu,724.124,725.818
7,88,eb_enc,cpu,725.819,725.971
7,88,eb_dec,cpu,725.971,726.078
7,88,h_s,dpu,726.078,750.866
7,88,gc,cpu,750.867,763.811
7,96,normalize,cpu,764.883,768.641
7,96,g_a_cpu,cpu,768.644,769.011
7,96,g_a,dpu,769.015,788.127
7,96,g_a,dpu,788.129,798.659
7,96,g_a_cpu,cpu,798.664,799.297
7,96,h_a,dpu,799.302,801.037
7,96,eb_enc,cpu,801.038,801.198
7,96,eb_dec,cpu,801.198,801.306
7,96,h_s,dpu,801.306,805.32
7,96,gc,cpu,805.336,815.413
7,104,normalize,cpu,816.633,820.293
7,104,g_a_cpu,cpu,820.299,821.223
7,104,g_a,dpu,821.228,836.218
7,104,g_a,dpu,836.223,843.682
7,104,g_a_cpu,cpu,843.684,844.094
7,104,h_a,dpu,844.097,852.403
7,104,eb_enc,cpu,852.405,852.568
7,104,eb_dec,cpu,852.569,852.678
7,104,h_s,dpu,852.678,853.986
7,104,gc,cpu,853.987,864.254
7,112,normalize,cpu,865.023,868.696
7,112,g_a_cpu,cpu,868.702,869.427
7,112,g_a,dpu,869.431,874.596
7,112,g_a,dpu,874.598,879.633
7,112,g_a_cpu,cpu,879.635,880.095
7,112,h_a,dpu,880.097,881.72
7,112,eb_enc,cpu,881.721,881.873
7,112,eb_dec,cpu,881.873,881.983
7,112,h_s,dpu,881.984,901.614
7,112,gc,cpu,901.618,912.829
7,120,normalize,cpu,913.466,917.202
7,120,g_a_cpu,cpu,917.206,917.7
7,120,g_a,dpu,917.705,923.331
7,120,g_a,dpu,923.332,933.015
7,120,g_a_cpu,cpu,933.018,933.585
7,120,h_a,dpu,933.587,935.081
7,120,eb_enc,cpu,935.083,935.231
7,120,eb_dec,cpu,935.232,935.336
7,120,h_s,dpu,935.336,938.812
7,120,gc,cpu,938.813,949.323
7,123,normalize,cpu,950.116,953.991
7,123,g_a_cpu,cpu,953.997,954.893
7,123,g_a,dpu,954.899,986.028
7,123,g_a,dpu,986.032,991.425
7,123,g_a_cpu,cpu,991.429,991.903
7,123,h_a,dpu,991.908,1000.69
7,123,eb_enc,cpu,1000.69,1000.83
7,123,eb_dec,cpu,1000.83,1000.93
7,123,h_s,dpu,1000.93,1002.21
7,123,gc,cpu,1002.22,1012.12
7,131,normalize,cpu,1012.64,1016.3
7,131,g_a_cpu,cpu,1016.31,1016.69
7,131,g_a,dpu,1016.69,1029.94
7,131,g_a,dpu,1029.95,1056.72
7,131,g_a_cpu,cpu,1056.73,1057.24
7,131,h_a,dpu,1057.24,1059.08
7,131,eb_enc,cpu,1059.08,1059.22
7,131,eb_dec,cpu,1059.22,1059.33
7,131,h_s,dpu,1059.33,1072.28
7,131,gc,cpu,1072.28,1084.93
7,140,normalize,cpu,1085.5,1089.53
7,140,g_a_cpu,cpu,1089.53,1089.99
7,140,g_a,dpu,1090,1105.2
7,140,g_a,dpu,1105.2,1130.8
7,140,g_a_cpu,cpu,1130.8,1131.16
7,140,h_a,dpu,1131.16,1135.64
7,140,eb_enc,cpu,1135.64,1135.81
7,140,eb_dec,cpu,1135.81,1135.92
7,140,h_s,dpu,1135.92,1144.74
7,140,gc,cpu,1144.74,1166.56
7,151,normalize,cpu,1167.19,1171.02
7,151,g_a_cpu,cpu,1171.03,1171.41
7,151,g_a,dpu,1171.42,1177.61
7,151,g_a,dpu,1177.61,1183.3
7,151,g_a_cpu,cpu,1183.3,1183.75
7,151,h_a,dpu,1183.75,1195.23
7,151,eb_enc,cpu,1195.23,1195.51
7,151,eb_dec,cpu,1195.51,1195.65
7,151,h_s,dpu,1195.65,1203.66
7,151,gc,cpu,1203.66,1216.21
7,160,normalize,cpu,1216.78,1220.55
7,160,g_a_cpu,cpu,1220.56,1220.95
7,160,g_a,dpu,1220.95,1226.18
7,160,g_a,dpu,1226.18,1234.53
7,160,g_a_cpu,cpu,1234.54,1235.14
7,160,h_a,dpu,1235.14,1240.07
7,160,eb_enc,cpu,1240.07,1240.31
7,160,eb_dec,cpu,1240.31,1240.43
7,160,h_s,dpu,1240.43,1258.02
7,160,gc,cpu,1258.02,1268.5
7,168,normalize,cpu,1269.16,1273.01
7,168,g_a_cpu,cpu,1273.01,1273.51
7,168,g_a,dpu,1273.52,1278.86
7,168,g_a,dpu,1278.86,1284.59
7,168,g_a_cpu,cpu,1284.59,1285.24
7,168,h_a,dpu,1285.24,1291.92
7,168,eb_enc,cpu,1291.92,1292.11
7,168,eb_dec,cpu,1292.11,1292.23
7,168,h_s,dpu,1292.23,1320.77
7,168,gc,cpu,1320.77,1344.75
7,178,normalize,cpu,1345.35,1352.07
7,178,g_a_cpu,cpu,1352.07,1352.69
7,178,g_a,dpu,1352.69,1373.88
7,178,g_a,dpu,1373.88,1388.52
7,178,g_a_cpu,cpu,1388.53,1389.25
7,178,h_a,dpu,1389.25,1394.58
7,178,eb_enc,cpu,1394.58,1394.92
7,178,eb_dec,cpu,1394.92,1395.06
7,178,h_s,dpu,1395.06,1410.17
7,178,gc,cpu,1410.17,1421.06
7,187,normalize,cpu,1421.91,1425.66
7,187,g_a_cpu,cpu,1425.66,1426.07
7,187,g_a,dpu,1426.07,1431.81
7,187,g_a,dpu,1431.81,1436.97
7,187,g_a_cpu,cpu,1436.97,1437.41
7,187,h_a,dpu,1437.41,1461.33
7,187,eb_enc,cpu,1461.33,1461.59
7,187,eb_dec,cpu,1461.6,1461.72
7,187,h_s,dpu,1461.72,1464.61
7,187,gc,cpu,1464.61,1474.99
7,195,normalize,cpu,1475.6,1479.34
7,195,g_a_cpu,cpu,1479.34,1479.76
7,195,g_a,dpu,1479.76,1485.04
7,195,g_a,dpu,1485.04,1496
7,195,g_a_cpu,cpu,1496.01,1496.6
7,195,h_a,dpu,1496.61,1506.07
7,195,eb_enc,cpu,1506.07,1506.26
7,195,eb_dec,cpu,1506.26,1506.36
7,195,h_s,dpu,1506.36,1513.3
7,195,gc,cpu,1513.3,1534.43
7,205,normalize,cpu,1535.52,1539.23
7,205,g_a_cpu,cpu,1539.24,1539.66
7,205,g_a,dpu,1539.66,1550.67
7,205,g_a,dpu,1550.68,1558.29
7,205,g_a_cpu,cpu,1558.29,1559.04
7,205,h_a,dpu,1559.04,1562.74
7,205,eb_enc,cpu,1562.74,1563.03
7,205,eb_dec,cpu,1563.06,1563.2
7,205,h_s,dpu,1563.21,1580.96
7,205,gc,cpu,1580.96,1591.32
7,213,normalize,cpu,1596.1,1599.81
7,213,g_a_cpu,cpu,1599.82,1600.45
7,213,g_a,dpu,1600.46,1612.51
7,213,g_a,dpu,1612.51,1622.85
7,213,g_a_cpu,cpu,1622.86,1623.33
7,213,h_a,dpu,1623.33,1625.08
7,213,eb_enc,cpu,1625.09,1625.24
7,213,eb_dec,cpu,1625.24,1625.35
7,213,h_s,dpu,1625.35,1635.48
7,213,gc,cpu,1635.48,1645.73
7,222,normalize,cpu,1646.21,1657.43
7,222,g_a_cpu,cpu,1657.44,1657.83
7,222,g_a,dpu,1657.83,1670.21
7,222,g_a,dpu,1670.21,1685.18
7,222,g_a_cpu,cpu,1685.18,1685.8
7,222,h_a,dpu,1685.81,1688.39
7,222,eb_enc,cpu,1688.39,1688.54
7,222,eb_dec,cpu,1688.54,1688.64
7,222,h_s,dpu,1688.64,1690.42
7,222,gc,cpu,1690.42,1711.24
7,232,normalize,cpu,1722.3,1726.78
7,232,g_a_cpu,cpu,1726.78,1727.19
7,232,g_a,dpu,1727.2,1734.21
7,232,g_a,dpu,1734.22,1748.9
7,232,g_a_cpu,cpu,1748.9,1749.49
7,232,h_a,dpu,1749.49,1753.49
7,232,eb_enc,cpu,1753.49,1753.68
7,232,eb_dec,cpu,1753.68,1753.8
7,232,h_s,dpu,1753.8,1760.12
7,232,gc,cpu,1760.12,1783.05
7,239,normalize,cpu,1783.82,1789.38
7,239,g_a_cpu,cpu,1789.38,1789.98
7,239,g_a,dpu,1789.99,1795.82
7,239,g_a,dpu,1795.82,1818.32
7,239,g_a_cpu,cpu,1818.32,1818.93
7,239,h_a,dpu,1818.94,1827.31
7,239,eb_enc,cpu,1827.31,1827.48
7,239,eb_dec,cpu,1827.48,1827.6
7,239,h_s,dpu,1827.6,1836.24
7,239,gc,cpu,1836.24,1851.03
7,248,normalize,cpu,1851.65,1855.42
7,248,g_a_cpu,cpu,1855.43,1855.93
7,248,g_a,dpu,1855.93,1861.28
7,248,g_a,dpu,1861.28,1866.31
7,248,g_a_cpu,cpu,1866.31,1866.71
7,248,h_a,dpu,1866.71,1868.81
7,248,eb_enc,cpu,1868.81,1868.96
7,248,eb_dec,cpu,1868.96,1869.07
7,248,h_s,dpu,1869.07,1874.98
7,248,gc,cpu,1874.98,1886.17
7,252,normalize,cpu,1886.9,1890.82
7,252,g_a_cpu,cpu,1890.82,1891.32
7,252,g_a,dpu,1891.32,1899.62
7,252,g_a,dpu,1899.62,1912.68
7,252,g_a_cpu,cpu,1912.68,1913.4
7,252,h_a,dpu,1913.4,1923.85
7,252,eb_enc,cpu,1923.85,1924.01
7,252,eb_dec,cpu,1924.01,1924.12
7,252,h_s,dpu,1924.12,1927.35
7,252,gc,cpu,1927.35,1941.63
7,261,normalize,cpu,1942.44,1946.71
7,261,g_a_cpu,cpu,1946.71,1947.15
7,261,g_a,dpu,1947.15,1952.31
7,261,g_a,dpu,1952.32,1962.72
7,261,g_a_cpu,cpu,1962.72,1963.37
7,261,h_a,dpu,1963.37,1979.49
7,261,eb_enc,cpu,1979.49,1979.65
7,261,eb_dec,cpu,1979.65,1979.76
7,261,h_s,dpu,1979.76,1981.26
7,261,gc,cpu,1981.26,1993.53
7,268,normalize,cpu,1994.07,1997.76
7,268,g_a_cpu,cpu,1997.77,1998.17
7,268,g_a,dpu,1998.18,2008.22
7,268,g_a,dpu,2008.22,2020.2
7,268,g_a_cpu,cpu,2020.21,2020.89
7,268,h_a,dpu,2020.9,2025.77
7,268,eb_enc,cpu,2025.77,2025.92
7,268,eb_dec,cpu,2025.92,2026.03
7,268,h_s,dpu,2026.03,2027.28
7,268,gc,cpu,2027.28,2037.78
7,274,normalize,cpu,2038.38,2042.17
7,274,g_a_cpu,cpu,2042.17,2042.96
7,274,g_a,dpu,2042.96,2048.25
7,274,g_a,dpu,2048.25,2059.47
7,274,g_a_cpu,cpu,2059.48,2060.32
7,274,h_a,dpu,2060.32,2064.99
7,274,eb_enc,cpu,2064.99,2065.14
7,274,eb_dec,cpu,2065.14,2065.26
7,274,h_s,dpu,2065.26,2067.54
7,274,gc,cpu,2067.54,2085.53
7,282,normalize,cpu,2086.16,2089.93
7,282,g_a_cpu,cpu,2089.94,2090.6
7,282,g_a,dpu,2090.6,2096.42
7,282,g_a,dpu,2096.42,2104.13
7,282,g_a_cpu,cpu,2104.14,2104.58
7,282,h_a,dpu,2104.58,2109.28
7,282,eb_enc,cpu,2109.28,2109.47
7,282,eb_dec,cpu,2109.47,2109.58
7,282,h_s,dpu,2109.58,2123.71
7,282,gc,cpu,2123.71,2133.9
7,289,normalize,cpu,2134.48,2138.99
7,289,g_a_cpu,cpu,2139,2139.42
7,289,g_a,dpu,2139.42,2144.76
7,289,g_a,dpu,2144.77,2154.2
7,289,g_a_cpu,cpu,2154.21,2155.06
7,289,h_a,dpu,2155.06,2168.04
7,289,eb_enc,cpu,2168.04,2168.17
7,289,eb_dec,cpu,2168.18,2168.28
7,289,h_s,dpu,2168.28,2185.7
7,289,gc,cpu,2185.7,2195.73
7,296,normalize,cpu,2196.28,2200.16
7,296,g_a_cpu,cpu,2200.17,2200.93
7,296,g_a,dpu,2200.94,2207.2
7,296,g_a,dpu,2207.21,2231.14
7,296,g_a_cpu,cpu,2231.15,2231.72
7,296,h_a,dpu,2231.73,2234.76
7,296,eb_enc,cpu,2234.76,2234.94
7,296,eb_dec,cpu,2234.94,2235.06
7,296,h_s,dpu,2235.06,2238.08
7,296,gc,cpu,2238.08,2248.69
7,302,normalize,cpu,2249.38,2253.06
7,302,g_a_cpu,cpu,2253.06,2253.42
7,302,g_a,dpu,2253.42,2265.91
7,302,g_a,dpu,2265.92,2272.24
7,302,g_a_cpu,cpu,2272.24,2272.63
7,302,h_a,dpu,2272.63,2282.77
7,302,eb_enc,cpu,2282.77,2282.97
7,302,eb_dec,cpu,2282.97,2283.09
7,302,h_s,dpu,2283.09,2284.91
7,302,gc,cpu,2284.91,2295.54
7,311,normalize,cpu,2296.52,2304.63
7,311,g_a_cpu,cpu,2304.63,2305.2
7,311,g_a,dpu,2305.2,2312.85
7,311,g_a,dpu,2312.85,2319.48
7,311,g_a_cpu,cpu,2319.48,2320.1
7,311,h_a,dpu,2320.1,2333.7
7,311,eb_enc,cpu,2333.71,2334.04
7,311,eb_dec,cpu,2334.04,2334.19
7,311,h_s,dpu,2334.19,2344.18
7,311,gc,cpu,2344.18,2358.62
7,321,normalize,cpu,2359.24,2363.63
7,321,g_a_cpu,cpu,2363.64,2364.02
7,321,g_a,dpu,2364.02,2369.15
7,321,g_a,dpu,2369.15,2375.01
7,321,g_a_cpu,cpu,2375.02,2375.86
7,321,h_a,dpu,2375.86,2380.32
7,321,eb_enc,cpu,2380.32,2382.21
7,321,eb_dec,cpu,2382.21,2382.38
7,321,h_s,dpu,2382.38,2384.08
7,321,gc,cpu,2384.08,2401.69
7,328,normalize,cpu,2410.86,2414.63
7,328,g_a_cpu,cpu,2414.63,2416.08
7,328,g_a,dpu,2416.09,2431.4
7,328,g_a,dpu,2431.41,2445.66
7,328,g_a_cpu,cpu,2445.67,2446.21
7,328,h_a,dpu,2446.21,2455.67
7,328,eb_enc,cpu,2455.67,2455.83
7,328,eb_dec,cpu,2455.83,2455.94
7,328,h_s,dpu,2455.94,2465.11
7,328,gc,cpu,2465.12,2475.59
7,337,normalize,cpu,2476.14,2479.79
7,337,g_a_cpu,cpu,2479.79,2480.15
7,337,g_a,dpu,2480.15,2485.42
7,337,g_a,dpu,2485.42,2490.59
7,337,g_a_cpu,cpu,2490.59,2491
7,337,h_a,dpu,2491,2492.81
7,337,eb_enc,cpu,2492.81,2492.95
7,337,eb_dec,cpu,2492.95,2493.06
7,337,h_s,dpu,2493.06,2494.94
7,337,gc,cpu,2494.95,2510.66
7,342,normalize,cpu,2511.21,2515.56
7,342,g_a_cpu,cpu,2515.56,2516.12
7,342,g_a,dpu,2516.13,2524.34
7,342,g_a,dpu,2524.34,2539.49
7,342,g_a_cpu,cpu,2539.49,2540.03
7,342,h_a,dpu,2540.03,2565.96
7,342,eb_enc,cpu,2565.96,2566.09
7,342,eb_dec,cpu,2566.09,2566.2
7,342,h_s,dpu,2566.2,2567.78
7,342,gc,cpu,2567.78,2578.79
7,353,normalize,cpu,2579.53,2583.31
7,353,g_a_cpu,cpu,2583.31,2583.94
7,353,g_a,dpu,2583.94,2592.09
7,353,g_a,dpu,2592.1,2625.22
7,353,g_a_cpu,cpu,2625.22,2625.75
7,353,h_a,dpu,2625.75,2630.67
7,353,eb_enc,cpu,2630.67,2630.87
7,353,eb_dec,cpu,2630.87,2630.99
7,353,h_s,dpu,2630.99,2632.78
7,353,gc,cpu,2632.78,2648.4
7,361,normalize,cpu,2650.3,2662.64
7,361,g_a_cpu,cpu,2662.65,2663.08
7,361,g_a,dpu,2663.08,2674.78
7,361,g_a,dpu,2674.78,2698.75
7,361,g_a_cpu,cpu,2698.75,2699.22
7,361,h_a,dpu,2699.22,2703.98
7,361,eb_enc,cpu,2703.98,2704.16
7,361,eb_dec,cpu,2704.16,2704.27
7,361,h_s,dpu,2704.27,2707.66
7,361,gc,cpu,2707.66,2717.75
7,369,normalize,cpu,2718.23,2722.07
7,369,g_a_cpu,cpu,2722.08,2722.79
7,369,g_a,dpu,2722.79,2728.08
7,369,g_a,dpu,2728.08,2734.67
7,369,g_a_cpu,cpu,2734.67,2735.05
7,369,h_a,dpu,2735.05,2736.53
7,369,eb_enc,cpu,2736.53,2736.67
7,369,eb_dec,cpu,2736.67,2736.78
7,369,h_s,dpu,2736.78,2747.29
7,369,gc,cpu,2747.29,2757.86
7,377,normalize,cpu,2758.35,2762.13
7,377,g_a_cpu,cpu,2762.13,2762.71
7,377,g_a,dpu,2762.71,2776.06
7,377,g_a,dpu,2776.06,2795.21
7,377,g_a_cpu,cpu,2795.21,2795.69
7,377,h_a,dpu,2795.69,2797.63
7,377,eb_enc,cpu,2797.63,2797.81
7,377,eb_dec,cpu,2797.81,2797.92
7,377,h_s,dpu,2797.92,2814.15
7,377,gc,cpu,2814.15,2828.38
7,387,normalize,cpu,2829.06,2833.19
7,387,g_a_cpu,cpu,2833.2,2833.63
7,387,g_a,dpu,2833.63,2858.24
7,387,g_a,dpu,2858.24,2870.09
7,387,g_a_cpu,cpu,2870.09,2870.54
7,387,h_a,dpu,2870.55,2874.81
7,387,eb_enc,cpu,2874.81,2874.98
7,387,eb_dec,cpu,2874.98,2875.09
7,387,h_s,dpu,2875.09,2878.99
7,387,gc,cpu,2878.99,2893.11
7,397,normalize,cpu,2893.64,2897.45
7,397,g_a_cpu,cpu,2897.45,2902.48
7,397,g_a,dpu,2902.49,2914.35
7,397,g_a,dpu,2914.35,2925.28
7,397,g_a_cpu,cpu,2925.29,2925.81
7,397,h_a,dpu,2925.81,2931.53
7,397,eb_enc,cpu,2931.53,2931.69
7,397,eb_dec,cpu,2931.69,2931.81
7,397,h_s,dpu,2931.81,2933.58
7,397,gc,cpu,2933.58,2943.89
7,403,normalize,cpu,2944.55,2967.7
7,403,g_a_cpu,cpu,2967.71,2968.56
7,403,g_a,dpu,2968.57,2980.86
7,403,g_a,dpu,2980.87,2986.44
7,403,g_a_cpu,cpu,2986.45,2987.01
7,403,h_a,dpu,2987.01,2990.87
7,403,eb_enc,cpu,2990.87,2991.01
7,403,eb_dec,cpu,2991.01,2991.11
7,403,h_s,dpu,2991.11,2992.71
7,403,gc,cpu,2992.71,3003.48
7,412,normalize,cpu,3004.21,3018.02
7,412,g_a_cpu,cpu,3018.03,3018.44
7,412,g_a,dpu,3018.44,3025.52
7,412,g_a,dpu,3025.55,3030.74
7,412,g_a_cpu,cpu,3030.74,3031.17
7,412,h_a,dpu,3031.18,3040.85
7,412,eb_enc,cpu,3040.85,3040.98
7,412,eb_dec,cpu,3040.98,3041.09
7,412,h_s,dpu,3041.09,3052.05
7,412,gc,cpu,3052.05,3062.4
7,419,normalize,cpu,3063.02,3066.77
7,419,g_a_cpu,cpu,3066.78,3067.5
7,419,g_a,dpu,3067.51,3081.2
7,419,g_a,dpu,3081.2,3099.58
7,419,g_a_cpu,cpu,3099.59,3100.17
7,419,h_a,dpu,3100.18,3102.21
7,419,eb_enc,cpu,3102.21,3102.35
7,419,eb_dec,cpu,3102.35,3102.45
7,419,h_s,dpu,3102.45,3117.5
7,419,gc,cpu,3117.5,3128.21
7,429,normalize,cpu,3129.22,3144.93
7,429,g_a_cpu,cpu,3144.94,3145.51
7,429,g_a,dpu,3145.51,3151.71
7,429,g_a,dpu,3151.71,3156.99
7,429,g_a_cpu,cpu,3156.99,3157.93
7,429,h_a,dpu,3157.93,3166.2
7,429,eb_enc,cpu,3166.2,3166.4
7,429,eb_dec,cpu,3166.4,3166.51
7,429,h_s,dpu,3166.51,3173.98
7,429,gc,cpu,3173.98,3184.37
7,437,normalize,cpu,3185.26,3188.95
7,437,g_a_cpu,cpu,3188.95,3189.32
7,437,g_a,dpu,3189.33,3195.13
7,437,g_a,dpu,3195.14,3200.64
7,437,g_a_cpu,cpu,3200.64,3201.15
7,437,h_a,dpu,3201.15,3202.91
7,437,eb_enc,cpu,3202.92,3203.1
7,437,eb_dec,cpu,3203.1,3203.21
7,437,h_s,dpu,3203.21,3204.6
7,437,gc,cpu,3204.6,3214.85
7,442,normalize,cpu,3215.67,3219.35
7,442,g_a_cpu,cpu,3219.35,3219.89
7,442,g_a,dpu,3219.89,3228.22
7,442,g_a,dpu,3228.23,3239.41
7,442,g_a_cpu,cpu,3239.41,3239.97
7,442,h_a,dpu,3239.98,3241.48
7,442,eb_enc,cpu,3241.48,3241.67
7,442,eb_dec,cpu,3241.67,3241.78
7,442,h_s,dpu,3241.78,3248.22
7,442,gc,cpu,3248.22,3259.07
7,449,normalize,cpu,3260.23,3265.07
7,449,g_a_cpu,cpu,3265.07,3265.57
7,449,g_a,dpu,3265.57,3271.35
7,449,g_a,dpu,3271.35,3282.13
7,449,g_a_cpu,cpu,3282.14,3282.93
7,449,h_a,dpu,3282.93,3284.39
7,449,eb_enc,cpu,3284.39,3284.53
7,449,eb_dec,cpu,3284.53,3284.63
7,449,h_s,dpu,3284.63,3285.86
7,449,gc,cpu,3285.86,3298.69
7,455,normalize,cpu,3300.2,3303.92
7,455,g_a_cpu,cpu,3303.92,3316.45
7,455,g_a,dpu,3316.45,3323.03
7,455,g_a,dpu,3323.03,3337.63
7,455,g_a_cpu,cpu,3337.64,3338.16
7,455,h_a,dpu,3338.17,3340.12
7,455,eb_enc,cpu,3340.12,3340.34
7,455,eb_dec,cpu,3340.34,3340.46
7,455,h_s,dpu,3340.46,3347.75
7,455,gc,cpu,3347.75,3369.42
7,465,normalize,cpu,3370.21,3374
7,465,g_a_cpu,cpu,3374,3374.45
7,465,g_a,dpu,3374.46,3379.83
7,465,g_a,dpu,3379.83,3385.44
7,465,g_a_cpu,cpu,3385.45,3386.09
7,465,h_a,dpu,3386.09,3406.61
7,465,eb_enc,cpu,3406.61,3406.8
7,465,eb_dec,cpu,3406.8,3406.91
7,465,h_s,dpu,3406.91,3421.44
7,465,gc,cpu,3421.44,3431.75
7,471,normalize,cpu,3438.72,3442.49
7,471,g_a_cpu,cpu,3442.5,3442.95
7,471,g_a,dpu,3442.96,3449.14
7,471,g_a,dpu,3449.14,3458.75
7,471,g_a_cpu,cpu,3458.75,3459.2
7,471,h_a,dpu,3459.2,3465.54
7,471,eb_enc,cpu,3465.54,3465.71
7,471,eb_dec,cpu,3465.71,3465.82
7,471,h_s,dpu,3465.82,3468.89
7,471,gc,cpu,3468.89,3479.74
7,478,normalize,cpu,3480.41,3484.23
7,478,g_a_cpu,cpu,3484.24,3484.59
7,478,g_a,dpu,3484.6,3496.99
7,478,g_a,dpu,3496.99,3502.7
7,478,g_a_cpu,cpu,3502.7,3503.32
7,478,h_a,dpu,3503.32,3505.04
7,478,eb_enc,cpu,3505.04,3505.18
7,478,eb_dec,cpu,3505.18,3505.29
7,478,h_s,dpu,3505.29,3519.75
7,478,gc,cpu,3519.75,3530.12
7,486,normalize,cpu,3530.97,3534.64
7,486,g_a_cpu,cpu,3534.64,3535.1
7,486,g_a,dpu,3535.1,3542.82
7,486,g_a,dpu,3542.82,3548.2
7,486,g_a_cpu,cpu,3548.2,3548.59
7,486,h_a,dpu,3548.59,3553.12
7,486,eb_enc,cpu,3553.12,3553.25
7,486,eb_dec,cpu,3553.25,3553.36
7,486,h_s,dpu,3553.36,3573.43
7,486,gc,cpu,3573.43,3584.05
7,494,normalize,cpu,3585.05,3588.83
7,494,g_a_cpu,cpu,3588.84,3589.36
7,494,g_a,dpu,3589.36,3596.76
7,494,g_a,dpu,3596.76,3606.86
7,494,g_a_cpu,cpu,3606.87,3607.45
7,494,h_a,dpu,3607.45,3608.76
7,494,eb_enc,cpu,3608.76,3608.9
7,494,eb_dec,cpu,3608.9,3609.01
7,494,h_s,dpu,3609.01,3628.58
7,494,gc,cpu,3628.58,3641.4
7,502,normalize,cpu,3642.03,3647.31
7,502,g_a_cpu,cpu,3647.32,3647.84
7,502,g_a,dpu,3647.84,3653.59
7,502,g_a,dpu,3653.59,3669.02
7,502,g_a_cpu,cpu,3669.03,3669.76
7,502,h_a,dpu,3669.76,3677.68
7,502,eb_enc,cpu,3677.68,3677.86
7,502,eb_dec,cpu,3677.86,3677.97
7,502,h_s,dpu,3677.97,3693.27
7,502,gc,cpu,3693.27,3703.64
7,512,normalize,cpu,3704.42,3708.11
7,512,g_a_cpu,cpu,3708.12,3708.71
7,512,g_a,dpu,3708.71,3714.84
7,512,g_a,dpu,3714.84,3726.3
7,512,g_a_cpu,cpu,3726.3,3726.84
7,512,h_a,dpu,3726.85,3728.13
7,512,eb_enc,cpu,3728.13,3728.27
7,512,eb_dec,cpu,3728.27,3728.37
7,512,h_s,dpu,3728.37,3737.43
7,512,gc,cpu,3737.44,3747.61
7,517,normalize,cpu,3749.02,3763
7,517,g_a_cpu,cpu,3763.01,3763.47
7,517,g_a,dpu,3763.48,3789.69
7,517,g_a,dpu,3789.7,3795.76
7,517,g_a_cpu,cpu,3795.77,3797.35
7,517,h_a,dpu,3797.36,3809.8
7,517,eb_enc,cpu,3809.8,3809.93
7,517,eb_dec,cpu,3809.93,3810.04
7,517,h_s,dpu,3810.04,3825.25
7,517,gc,cpu,3825.25,3835.46
7,529,normalize,cpu,3846.43,3850.13
7,529,g_a_cpu,cpu,3850.13,3850.57
7,529,g_a,dpu,3850.57,3859.64
7,529,g_a,dpu,3859.65,3872.04
7,529,g_a_cpu,cpu,3872.05,3872.8
7,529,h_a,dpu,3872.8,3875.28
7,529,eb_enc,cpu,3875.28,3875.42
7,529,eb_dec,cpu,3875.42,3875.53
7,529,h_s,dpu,3875.53,3895.87
7,529,gc,cpu,3895.88,3906.28
7,538,normalize,cpu,3907.06,3910.77
7,538,g_a_cpu,cpu,3910.78,3911.22
7,538,g_a,dpu,3911.23,3921.05
7,538,g_a,dpu,3921.05,3944.71
7,538,g_a_cpu,cpu,3944.71,3945.04
7,538,h_a,dpu,3945.05,3948.71
7,538,eb_enc,cpu,3948.71,3948.9
7,538,eb_dec,cpu,3948.9,3949.01
7,538,h_s,dpu,3949.01,3954.5
7,538,gc,cpu,3954.5,3967.74
7,547,normalize,cpu,3968.99,3972.65
7,547,g_a_cpu,cpu,3972.66,3974.21
7,547,g_a,dpu,3974.21,3983
7,547,g_a,dpu,3983,4004.77
7,547,g_a_cpu,cpu,4004.77,4005.32
7,547,h_a,dpu,4005.32,4008.01
7,547,eb_enc,cpu,4008.01,4008.17
7,547,eb_dec,cpu,4008.17,4008.3
7,547,h_s,dpu,4008.3,4024.55
7,547,gc,cpu,4024.55,4035.3
7,557,normalize,cpu,4036.27,4040.02
7,557,g_a_cpu,cpu,4040.03,4040.48
7,557,g_a,dpu,4040.48,4045.97
7,557,g_a,dpu,4045.97,4057.21
7,557,g_a_cpu,cpu,4057.22,4057.74
7,557,h_a,dpu,4057.74,4060.16
7,557,eb_enc,cpu,4060.16,4060.3
7,557,eb_dec,cpu,4060.3,4060.41
7,557,h_s,dpu,4060.41,4066.49
7,557,gc,cpu,4066.49,4080
7,563,normalize,cpu,4080.53,4085.44
7,563,g_a_cpu,cpu,4085.44,4085.82
7,563,g_a,dpu,4085.83,4091.32
7,563,g_a,dpu,4091.32,4096.84
7,563,g_a_cpu,cpu,4096.84,4097.22
7,563,h_a,dpu,4097.22,4105.03
7,563,eb_enc,cpu,4105.03,4105.2
7,563,eb_dec,cpu,4105.2,4105.3
7,563,h_s,dpu,4105.3,4110.78
7,563,gc,cpu,4110.78,4122.75
7,570,normalize,cpu,4123.33,4127.25
7,570,g_a_cpu,cpu,4127.25,4128.25
7,570,g_a,dpu,4128.26,4141.65
7,570,g_a,dpu,4141.65,4152.61
7,570,g_a_cpu,cpu,4152.61,4153.08
7,570,h_a,dpu,4153.08,4164.78
7,570,eb_enc,cpu,4164.78,4164.92
7,570,eb_dec,cpu,4164.93,4165.03
7,570,h_s,dpu,4165.03,4175.5
7,570,gc,cpu,4175.5,4185.73
7,580,normalize,cpu,4186.25,4192.28
7,580,g_a_cpu,cpu,4192.29,4192.75
7,580,g_a,dpu,4192.76,4198.46
7,580,g_a,dpu,4198.46,4203.89
7,580,g_a_cpu,cpu,4203.9,4213.66
7,580,h_a,dpu,4213.66,4223.65
7,580,eb_enc,cpu,4223.65,4223.83
7,580,eb_dec,cpu,4223.83,4223.94
7,580,h_s,dpu,4223.94,4228.85
7,580,gc,cpu,4228.85,4239.73
7,586,normalize,cpu,4241.52,4245.25
7,586,g_a_cpu,cpu,4245.26,4245.92
7,586,g_a,dpu,4245.92,4260.86
7,586,g_a,dpu,4260.86,4280.74
7,586,g_a_cpu,cpu,4280.74,4281.24
7,586,h_a,dpu,4281.24,4294.75
7,586,eb_enc,cpu,4294.75,4294.91
7,586,eb_dec,cpu,4294.91,4295.01
7,586,h_s,dpu,4295.01,4299.5
7,586,gc,cpu,4299.5,4310.06
7,594,normalize,cpu,4310.73,4314.67
7,594,g_a_cpu,cpu,4314.68,4315.06
7,594,g_a,dpu,4315.07,4320.41
7,594,g_a,dpu,4320.42,4325.56
7,594,g_a_cpu,cpu,4325.56,4326
7,594,h_a,dpu,4326,4337.24
7,594,eb_enc,cpu,4337.25,4337.48
7,594,eb_dec,cpu,4337.48,4337.6
7,594,h_s,dpu,4337.6,4341.74
7,594,gc,cpu,4341.74,4352.46
7,601,normalize,cpu,4353.21,4356.96
7,601,g_a_cpu,cpu,4356.96,4357.31
7,601,g_a,dpu,4357.31,4376.4
7,601,g_a,dpu,4376.41,4381.62
7,601,g_a_cpu,cpu,4381.62,4382.03
7,601,h_a,dpu,4382.04,4384.04
7,601,eb_enc,cpu,4384.04,4384.28
7,601,eb_dec,cpu,4384.28,4384.43
7,601,h_s,dpu,4384.43,4397.29
7,601,gc,cpu,4397.29,4409.79
7,610,normalize,cpu,4410.35,4414.24
7,610,g_a_cpu,cpu,4414.24,4414.97
7,610,g_a,dpu,4414.97,4420.93
7,610,g_a,dpu,4420.94,4428.67
7,610,g_a_cpu,cpu,4428.67,4429.09
7,610,h_a,dpu,4429.09,4440.29
7,610,eb_enc,cpu,4440.29,4440.47
7,610,eb_dec,cpu,4440.47,4440.59
7,610,h_s,dpu,4440.59,4448.95
7,610,gc,cpu,4448.96,4459.54
7,618,normalize,cpu,4460.04,4463.72
7,618,g_a_cpu,cpu,4463.73,4464.49
7,618,g_a,dpu,4464.49,4473.81
7,618,g_a,dpu,4473.81,4492.87
7,618,g_a_cpu,cpu,4492.87,4493.4
7,618,h_a,dpu,4493.4,4497.2
7,618,eb_enc,cpu,4497.21,4497.36
7,618,eb_dec,cpu,4497.36,4497.47
7,618,h_s,dpu,4497.47,4509.47
7,618,gc,cpu,4509.47,4520.36
7,626,normalize,cpu,4520.9,4524.59
7,626,g_a_cpu,cpu,4524.59,4525.13
7,626,g_a,dpu,4525.14,4536.98
7,626,g_a,dpu,4536.98,4543.36
7,626,g_a_cpu,cpu,4543.36,4543.81
7,626,h_a,dpu,4543.82,4559.12
7,626,eb_enc,cpu,4559.12,4559.27
7,626,eb_dec,cpu,4559.27,4559.37
7,626,h_s,dpu,4559.37,4567.33
7,626,gc,cpu,4567.33,4577.94
7,634,normalize,cpu,4578.55,4582.27
7,634,g_a_cpu,cpu,4582.27,4582.93
7,634,g_a,dpu,4582.93,4588.32
7,634,g_a,dpu,4588.33,4617.39
7,634,g_a_cpu,cpu,4617.39,4617.75
7,634,h_a,dpu,4617.75,4619.81
7,634,eb_enc,cpu,4619.81,4619.97
7,634,eb_dec,cpu,4619.97,4620.08
7,634,h_s,dpu,4620.08,4637.73
7,634,gc,cpu,4637.73,4648.12
7,644,normalize,cpu,4648.56,4652.47
7,644,g_a_cpu,cpu,4652.48,4652.85
7,644,g_a,dpu,4652.86,4670.84
7,644,g_a,dpu,4670.84,4676.08
7,644,g_a_cpu,cpu,4676.08,4676.39
7,644,h_a,dpu,4676.39,4678.02
7,644,eb_enc,cpu,4678.02,4678.15
7,644,eb_dec,cpu,4678.15,4678.26
7,644,h_s,dpu,4678.26,4690.37
7,644,gc,cpu,4690.37,4702.11
7,652,normalize,cpu,4702.63,4706.59
7,652,g_a_cpu,cpu,4706.59,4707.13
7,652,g_a,dpu,4707.13,4730.08
7,652,g_a,dpu,4730.08,4735.28
7,652,g_a_cpu,cpu,4735.28,4735.78
7,652,h_a,dpu,4735.79,4737.44
7,652,eb_enc,cpu,4737.44,4737.58
7,652,eb_dec,cpu,4737.58,4737.69
7,652,h_s,dpu,4737.69,4747.12
7,652,gc,cpu,4747.13,4758.95
7,659,normalize,cpu,4759.74,4763.43
7,659,g_a_cpu,cpu,4763.43,4764.31
7,659,g_a,dpu,4764.32,4775.86
7,659,g_a,dpu,4775.87,4788.17
7,659,g_a_cpu,cpu,4788.17,4788.64
7,659,h_a,dpu,4788.64,4803.52
7,659,eb_enc,cpu,4803.52,4803.67
7,659,eb_dec,cpu,4803.67,4803.78
7,659,h_s,dpu,4803.78,4806.87
7,659,gc,cpu,4806.87,4817.09
7,669,normalize,cpu,4817.65,4821.37
7,669,g_a_cpu,cpu,4821.38,4822.15
7,669,g_a,dpu,4822.16,4828.7
7,669,g_a,dpu,4828.7,4834.01
7,669,g_a_cpu,cpu,4834.02,4834.53
7,669,h_a,dpu,4834.54,4839.71
7,669,eb_enc,cpu,4839.71,4839.84
7,669,eb_dec,cpu,4839.84,4839.98
7,669,h_s,dpu,4839.98,4851.81
7,669,gc,cpu,4851.81,4863.66
7,675,normalize,cpu,4864.5,4869.04
7,675,g_a_cpu,cpu,4869.04,4869.36
7,675,g_a,dpu,4869.37,4892.8
7,675,g_a,dpu,4892.8,4901.46
7,675,g_a_cpu,cpu,4901.46,4902.11
7,675,h_a,dpu,4902.12,4903.91
7,675,eb_enc,cpu,4903.91,4904.09
7,675,eb_dec,cpu,4904.09,4904.21
7,675,h_s,dpu,4904.21,4937.47
7,675,gc,cpu,4937.47,4947.63
7,688,normalize,cpu,4949.13,4952.85
7,688,g_a_cpu,cpu,4952.86,4954.16
7,688,g_a,dpu,4954.72,4966.11
7,688,g_a,dpu,4966.11,4972.16
7,688,g_a_cpu,cpu,4972.16,4972.58
7,688,h_a,dpu,4972.58,4974.15
7,688,eb_enc,cpu,4974.16,4974.31
7,688,eb_dec,cpu,4974.31,4974.41
7,688,h_s,dpu,4974.41,4977.03
7,688,gc,cpu,4977.03,4989.65
7,694,normalize,cpu,4997.14,5001.65
7,694,g_a_cpu,cpu,5001.66,5002.26
7,694,g_a,dpu,5002.27,5007.84
7,694,g_a,dpu,5007.85,5013.65
7,694,g_a_cpu,cpu,5013.65,5014.23
7,694,h_a,dpu,5014.23,5018.89
7,694,eb_enc,cpu,5018.89,5019.1
7,694,eb_dec,cpu,5019.1,5019.23
7,694,h_s,dpu,5019.23,5041.69
7,694,gc,cpu,5041.69,5052.07
7,702,normalize,cpu,5052.69,5056.44
7,702,g_a_cpu,cpu,5056.45,5057.17
7,702,g_a,dpu,5057.17,5062.57
7,702,g_a,dpu,5062.58,5090.74
7,702,g_a_cpu,cpu,5090.74,5091.19
7,702,h_a,dpu,5091.2,5107.61
7,702,eb_enc,cpu,5107.61,5107.75
7,702,eb_dec,cpu,5107.75,5107.85
7,702,h_s,dpu,5107.85,5112.35
7,702,gc,cpu,5112.35,5122.5
7,712,normalize,cpu,5123.08,5126.77
7,712,g_a_cpu,cpu,5126.78,5127.23
7,712,g_a,dpu,5127.23,5139.38
7,712,g_a,dpu,5139.38,5144.54
7,712,g_a_cpu,cpu,5144.54,5144.88
7,712,h_a,dpu,5144.88,5148.06
7,712,eb_enc,cpu,5148.06,5148.19
7,712,eb_dec,cpu,5148.19,5148.3
7,712,h_s,dpu,5148.3,5154.06
7,712,gc,cpu,5154.06,5164.5
7,717,normalize,cpu,5165.2,5169.84
7,717,g_a_cpu,cpu,5169.84,5170.31
7,717,g_a,dpu,5170.31,5187.88
7,717,g_a,dpu,5187.88,5193.63
7,717,g_a_cpu,cpu,5193.63,5194.27
7,717,h_a,dpu,5194.27,5202.86
7,717,eb_enc,cpu,5202.86,5203.01
7,717,eb_dec,cpu,5203.01,5203.11
7,717,h_s,dpu,5203.11,5216.63
7,717,gc,cpu,5216.63,5230.55
7,727,normalize,cpu,5231.53,5236.04
7,727,g_a_cpu,cpu,5236.04,5236.59
7,727,g_a,dpu,5236.59,5246.71
7,727,g_a,dpu,5246.71,5252.1
7,727,g_a_cpu,cpu,5252.1,5252.57
7,727,h_a,dpu,5252.57,5254.24
7,727,eb_enc,cpu,5254.24,5254.45
7,727,eb_dec,cpu,5254.46,5254.59
7,727,h_s,dpu,5254.59,5269.23
7,727,gc,cpu,5269.23,5279.47
7,735,normalize,cpu,5280.21,5284
7,735,g_a_cpu,cpu,5284.01,5284.57
7,735,g_a,dpu,5284.58,5289.91
7,735,g_a,dpu,5289.92,5296.17
7,735,g_a_cpu,cpu,5296.17,5296.69
7,735,h_a,dpu,5296.7,5322.81
7,735,eb_enc,cpu,5322.81,5323.01
7,735,eb_dec,cpu,5323.01,5323.13
7,735,h_s,dpu,5323.13,5338.78
7,735,gc,cpu,5338.79,5348.84
7,745,normalize,cpu,5349.82,5353.5
7,745,g_a_cpu,cpu,5353.5,5353.88
7,745,g_a,dpu,5353.88,5361.19
7,745,g_a,dpu,5361.19,5372.7
7,745,g_a_cpu,cpu,5372.7,5373.28
7,745,h_a,dpu,5373.28,5380.05
7,745,eb_enc,cpu,5380.05,5380.19
7,745,eb_dec,cpu,5380.19,5380.29
7,745,h_s,dpu,5380.29,5382.1
7,745,gc,cpu,5382.11,5403.07
7,754,normalize,cpu,5404.05,5407.71
7,754,g_a_cpu,cpu,5407.72,5414
7,754,g_a,dpu,5414.01,5419.94
7,754,g_a,dpu,5419.99,5437.01
7,754,g_a_cpu,cpu,5437.01,5437.84
7,754,h_a,dpu,5437.85,5440.57
7,754,eb_enc,cpu,5440.57,5440.82
7,754,eb_dec,cpu,5440.83,5440.96
7,754,h_s,dpu,5440.96,5452.09
7,754,gc,cpu,5452.09,5462.29
7,760,normalize,cpu,5463.03,5466.75
7,760,g_a_cpu,cpu,5466.75,5467.54
7,760,g_a,dpu,5467.55,5483.04
7,760,g_a,dpu,5483.04,5491.71
7,760,g_a_cpu,cpu,5491.71,5492.21
7,760,h_a,dpu,5492.22,5501.31
7,760,eb_enc,cpu,5501.32,5501.44
7,760,eb_dec,cpu,5501.44,5501.55
7,760,h_s,dpu,5501.55,5502.93
7,760,gc,cpu,5502.93,5515.46
7,768,normalize,cpu,5517.03,5530.63
7,768,g_a_cpu,cpu,5530.64,5530.93
7,768,g_a,dpu,5530.93,5536.03
7,768,g_a,dpu,5536.03,5541.14
7,768,g_a_cpu,cpu,5541.14,5541.72
7,768,h_a,dpu,5541.72,5554.92
7,768,eb_enc,cpu,5554.92,5555.07
7,768,eb_dec,cpu,5555.07,5555.17
7,768,h_s,dpu,5555.17,5556.84
7,768,gc,cpu,5556.84,5574.53
7,776,normalize,cpu,5575.29,5579.73
7,776,g_a_cpu,cpu,5579.73,5580.31
7,776,g_a,dpu,5580.32,5585.63
7,776,g_a,dpu,5585.63,5592.02
7,776,g_a_cpu,cpu,5592.02,5592.69
7,776,h_a,dpu,5592.7,5596.71
7,776,eb_enc,cpu,5596.71,5597.19
7,776,eb_dec,cpu,5597.19,5597.33
7,776,h_s,dpu,5597.34,5602.27
7,776,gc,cpu,5602.27,5623.87
7,784,normalize,cpu,5624.42,5628.87
7,784,g_a_cpu,cpu,5628.87,5629.28
7,784,g_a,dpu,5629.29,5648.92
7,784,g_a,dpu,5648.92,5654
7,784,g_a_cpu,cpu,5654,5654.57
7,784,h_a,dpu,5654.58,5668.68
7,784,eb_enc,cpu,5668.69,5668.92
7,784,eb_dec,cpu,5668.92,5669.05
7,784,h_s,dpu,5669.05,5677.28
7,784,gc,cpu,5677.28,5688.24
7,791,normalize,cpu,5690.47,5694.97
7,791,g_a_cpu,cpu,5694.98,5695.65
7,791,g_a,dpu,5695.66,5705.79
7,791,g_a,dpu,5705.79,5713.6
7,791,g_a_cpu,cpu,5713.6,5713.95
7,791,h_a,dpu,5713.96,5734.26
7,791,eb_enc,cpu,5734.26,5734.43
7,791,eb_dec,cpu,5734.43,5734.57
7,791,h_s,dpu,5734.57,5743.92
7,791,gc,cpu,5743.92,5754.02
7,802,normalize,cpu,5754.75,5758.48
7,802,g_a_cpu,cpu,5758.49,5758.82
7,802,g_a,dpu,5758.83,5764.2
7,802,g_a,dpu,5764.2,5769.33
7,802,g_a_cpu,cpu,5769.33,5769.7
7,802,h_a,dpu,5769.71,5771.49
7,802,eb_enc,cpu,5771.49,5771.62
7,802,eb_dec,cpu,5771.62,5771.75
7,802,h_s,dpu,5771.75,5792.8
7,802,gc,cpu,5792.8,5808.86
7,810,normalize,cpu,5809.49,5813.5
7,810,g_a_cpu,cpu,5813.5,5813.86
7,810,g_a,dpu,5813.86,5819.22
7,810,g_a,dpu,5819.22,5836.31
7,810,g_a_cpu,cpu,5836.31,5836.7
7,810,h_a,dpu,5836.7,5838.41
7,810,eb_enc,cpu,5838.41,5838.63
7,810,eb_dec,cpu,5838.66,5838.78
7,810,h_s,dpu,5838.78,5845.35
7,810,gc,cpu,5845.35,5858.34
7,817,normalize,cpu,5859.04,5864.2
7,817,g_a_cpu,cpu,5864.21,5864.6
7,817,g_a,dpu,5864.61,5870.14
7,817,g_a,dpu,5870.14,5881.23
7,817,g_a_cpu,cpu,5881.23,5881.81
7,817,h_a,dpu,5881.81,5900
7,817,eb_enc,cpu,5900,5900.16
7,817,eb_dec,cpu,5900.16,5900.27
7,817,h_s,dpu,5900.27,5906.01
7,817,gc,cpu,5906.01,5928.66
7,827,normalize,cpu,5929.3,5941.75
7,827,g_a_cpu,cpu,5941.76,5943.05
7,827,g_a,dpu,5943.05,5955.52
7,827,g_a,dpu,5955.52,5966.17
7,827,g_a_cpu,cpu,5966.17,5966.73
7,827,h_a,dpu,5966.77,5970.69
7,827,eb_enc,cpu,5970.72,5970.93
7,827,eb_dec,cpu,5970.93,5971.06
7,827,h_s,dpu,5971.06,5982.81
7,827,gc,cpu,5982.82,5999.44
7,838,normalize,cpu,6000.18,6004.67
7,838,g_a_cpu,cpu,6004.67,6005.06
7,838,g_a,dpu,6005.06,6010.41
7,838,g_a,dpu,6010.41,6015.63
7,838,g_a_cpu,cpu,6015.63,6016.84
7,838,h_a,dpu,6016.84,6029.64
7,838,eb_enc,cpu,6029.64,6029.79
7,838,eb_dec,cpu,6029.79,6029.9
7,838,h_s,dpu,6029.9,6042.98
7,838,gc,cpu,6042.99,6053.33
7,845,normalize,cpu,6053.95,6059.13
7,845,g_a_cpu,cpu,6059.14,6059.89
7,845,g_a,dpu,6059.9,6066.22
7,845,g_a,dpu,6066.22,6084.04
7,845,g_a_cpu,cpu,6084.04,6084.61
7,845,h_a,dpu,6084.62,6090.03
7,845,eb_enc,cpu,6090.03,6090.22
7,845,eb_dec,cpu,6090.22,6090.34
7,845,h_s,dpu,6090.34,6100.65
7,845,gc,cpu,6100.65,6110.97
7,855,normalize,cpu,6111.46,6115.32
7,855,g_a_cpu,cpu,6115.33,6115.84
7,855,g_a,dpu,6115.85,6124.35
7,855,g_a,dpu,6124.35,6144.74
7,855,g_a_cpu,cpu,6144.74,6145.28
7,855,h_a,dpu,6145.28,6146.99
7,855,eb_enc,cpu,6146.99,6147.21
7,855,eb_dec,cpu,6147.21,6147.33
7,855,h_s,dpu,6147.33,6156.99
7,855,gc,cpu,6156.99,6167.36
7,863,normalize,cpu,6167.8,6171.53
7,863,g_a_cpu,cpu,6171.54,6171.99
7,863,g_a,dpu,6171.99,6177.52
7,863,g_a,dpu,6177.52,6184.26
7,863,g_a_cpu,cpu,6184.26,6184.75
7,863,h_a,dpu,6184.75,6190.46
7,863,eb_enc,cpu,6190.46,6190.62
7,863,eb_dec,cpu,6190.62,6190.73
7,863,h_s,dpu,6190.73,6201.61
7,863,gc,cpu,6201.61,6211.74
7,870,normalize,cpu,6212.33,6220.96
7,870,g_a_cpu,cpu,6220.96,6221.3
7,870,g_a,dpu,6221.31,6240.03
7,870,g_a,dpu,6240.03,6261.31
7,870,g_a_cpu,cpu,6261.32,6261.66
7,870,h_a,dpu,6261.66,6263.66
7,870,eb_enc,cpu,6263.66,6263.79
7,870,eb_dec,cpu,6263.8,6263.9
7,870,h_s,dpu,6263.9,6268.82
7,870,gc,cpu,6268.83,6278.99
7,879,normalize,cpu,6279.52,6283.37
7,879,g_a_cpu,cpu,6283.37,6283.79
7,879,g_a,dpu,6283.79,6291.07
7,879,g_a,dpu,6291.07,6297.67
7,879,g_a_cpu,cpu,6297.67,6298.22
7,879,h_a,dpu,6298.22,6311.4
7,879,eb_enc,cpu,6311.4,6311.62
7,879,eb_dec,cpu,6311.62,6311.74
7,879,h_s,dpu,6311.74,6332.08
7,879,gc,cpu,6332.08,6344.39
7,888,normalize,cpu,6344.95,6348.72
7,888,g_a_cpu,cpu,6348.72,6349.16
7,888,g_a,dpu,6349.17,6355.21
7,888,g_a,dpu,6355.22,6366.49
7,888,g_a_cpu,cpu,6366.5,6367.13
7,888,h_a,dpu,6367.13,6375.22
7,888,eb_enc,cpu,6375.22,6375.41
7,888,eb_dec,cpu,6375.41,6375.53
7,888,h_s,dpu,6375.53,6390.74
7,888,gc,cpu,6390.75,6401.33
7,898,normalize,cpu,6402.08,6405.73
7,898,g_a_cpu,cpu,6405.73,6406.11
7,898,g_a,dpu,6406.12,6422.84
7,898,g_a,dpu,6422.84,6428.09
7,898,g_a_cpu,cpu,6428.09,6428.63
7,898,h_a,dpu,6428.63,6436.05
7,898,eb_enc,cpu,6436.05,6436.21
7,898,eb_dec,cpu,6436.21,6436.32
7,898,h_s,dpu,6436.32,6444.45
7,898,gc,cpu,6444.46,6454.68
7,904,normalize,cpu,6455.22,6459.61
7,904,g_a_cpu,cpu,6459.61,6460.28
7,904,g_a,dpu,6460.28,6482.9
7,904,g_a,dpu,6482.91,6497.39
7,904,g_a_cpu,cpu,6497.39,6497.91
7,904,h_a,dpu,6497.91,6501.92
7,904,eb_enc,cpu,6501.92,6502.1
7,904,eb_dec,cpu,6502.1,6502.21
7,904,h_s,dpu,6502.21,6505.55
7,904,gc,cpu,6505.55,6515.71
7,912,normalize,cpu,6516.52,6531.34
7,912,g_a_cpu,cpu,6531.35,6531.78
7,912,g_a,dpu,6531.79,6537.73
7,912,g_a,dpu,6537.73,6543.17
7,912,g_a_cpu,cpu,6543.17,6543.93
7,912,h_a,dpu,6543.93,6556.96
7,912,eb_enc,cpu,6556.96,6557.11
7,912,eb_dec,cpu,6557.11,6557.23
7,912,h_s,dpu,6557.23,6558.95
7,912,gc,cpu,6558.95,6569.6
7,920,normalize,cpu,6570.16,6574.55
7,920,g_a_cpu,cpu,6574.56,6574.91
7,920,g_a,dpu,6574.92,6605.19
7,920,g_a,dpu,6605.19,6616.09
7,920,g_a_cpu,cpu,6616.1,6616.44
7,920,h_a,dpu,6616.44,6623.72
7,920,eb_enc,cpu,6623.72,6623.88
7,920,eb_dec,cpu,6623.88,6624.03
7,920,h_s,dpu,6624.03,6629.19
7,920,gc,cpu,6629.19,6639.22
