lane,patch,stage,kind,t0_ms,t1_ms
-1,0,read,read,0.25891,67.6679
-1,1,read,read,67.8776,167.732
-1,2,read,read,167.756,224.387
-1,3,read,read,832.233,891.644
-1,4,read,read,2295.64,2358.66
-1,5,read,read,3759.01,3827.72
-1,6,read,read,5163.25,5238.8
-1,7,read,read,6600.67,6660.7
-1,8,read,read,8027.76,8088.58
-1,9,read,read,9497.83,9531.82
-1,10,read,read,10931.7,10967
-1,11,read,read,12354.9,12389.2
-1,12,read,read,13697.8,13755.7
-1,13,read,read,15140.4,15173.6
-1,14,read,read,16607.1,16645
-1,15,read,read,18034.8,18070.1
0,22,normalize,cpu,98.2883,106.591
0,22,g_a_cpu,cpu,106.692,107.215
0,22,g_a,dpu,107.22,311.298
0,22,g_a,dpu,311.3,347.575
0,22,g_a_cpu,cpu,347.576,347.992
0,22,eb_enc,cpu,347.996,354.134
0,32,normalize,cpu,354.75,358.387
0,32,g_a_cpu,cpu,358.39,358.665
0,32,g_a,dpu,358.668,710.431
0,32,g_a,dpu,710.437,750.013
0,32,g_a_cpu,cpu,750.015,750.511
0,32,eb_enc,cpu,750.514,755.436
0,51,normalize,cpu,755.911,759.599
0,51,g_a_cpu,cpu,759.601,759.875
0,51,g_a,dpu,759.877,1124.12
0,51,g_a,dpu,1124.12,1485.5
0,51,g_a_cpu,cpu,1485.51,1485.99
0,51,eb_enc,cpu,1486,1490.76
0,79,normalize,cpu,1491.25,1494.91
0,79,g_a_cpu,cpu,1494.92,1495.18
0,79,g_a,dpu,1495.19,1849.93
0,79,g_a,dpu,1849.93,2214.05
0,79,g_a_cpu,cpu,2214.05,2214.66
0,79,eb_enc,cpu,2214.66,2219.5
0,109,normalize,cpu,2220.01,2223.66
0,109,g_a_cpu,cpu,2223.66,2223.95
0,109,g_a,dpu,2223.95,2581.73
0,109,g_a,dpu,2581.73,2941.61
0,109,g_a_cpu,cpu,2941.61,2941.93
0,109,eb_enc,cpu,2941.93,2946.65
0,139,normalize,cpu,2947.11,2950.76
0,139,g_a_cpu,cpu,2950.76,2951.06
0,139,g_a,dpu,2951.07,3317.56
0,139,g_a,dpu,3317.57,3677.82
0,139,g_a_cpu,cpu,3677.82,3678.29
0,139,eb_enc,cpu,3678.29,3683.16
0,169,normalize,cpu,3683.68,3687.32
0,169,g_a_cpu,cpu,3687.32,3687.59
0,169,g_a,dpu,3687.6,4049.66
0,169,g_a,dpu,4049.66,4417.65
0,169,g_a_cpu,cpu,4417.66,4418.11
0,169,eb_enc,cpu,4418.11,4422.89
0,199,normalize,cpu,4423.36,4427.07
0,199,g_a_cpu,cpu,4427.07,4427.38
0,199,g_a,dpu,4427.38,4781.67
0,199,g_a,dpu,4781.67,5145.94
0,199,g_a_cpu,cpu,5145.94,5146.57
0,199,eb_enc,cpu,5146.57,5151.35
0,230,normalize,cpu,5151.82,5155.47
0,230,g_a_cpu,cpu,5155.47,5155.75
0,230,g_a,dpu,5155.75,5521.8
0,230,g_a,dpu,5521.8,5892.75
0,230,g_a_cpu,cpu,5892.75,5893.15
0,230,eb_enc,cpu,5893.15,5898.01
0,261,normalize,cpu,5898.45,5902.11
0,261,g_a_cpu,cpu,5902.11,5902.38
0,261,g_a,dpu,5902.38,6261.43
0,261,g_a,dpu,6261.43,6625.95
0,261,g_a_cpu,cpu,6625.95,6626.62
0,261,eb_enc,cpu,6626.62,6631.62
0,291,normalize,cpu,6632.16,6636.09
0,291,g_a_cpu,cpu,6636.1,6636.54
0,291,g_a,dpu,6636.54,6989.27
0,291,g_a,dpu,6989.28,7361.6
0,291,g_a_cpu,cpu,7361.6,7362.05
0,291,eb_enc,cpu,7362.07,7366.8
0,321,normalize,cpu,7367.24,7371.06
0,321,g_a_cpu,cpu,7371.06,7371.66
0,321,g_a,dpu,7371.67,7725.77
0,321,g_a,dpu,7725.77,8101.86
0,321,g_a_cpu,cpu,8101.86,8102.33
0,321,eb_enc,cpu,8102.34,8107.14
0,351,normalize,cpu,8107.6,8111.23
0,351,g_a_cpu,cpu,8111.23,8111.76
0,351,g_a,dpu,8111.77,8461.47
0,351,g_a,dpu,8461.47,8837.73
0,351,g_a_cpu,cpu,8837.74,8838.04
0,351,eb_enc,cpu,8838.04,8842.87
0,382,normalize,cpu,8843.39,8847.14
0,382,g_a_cpu,cpu,8847.14,8847.42
0,382,g_a,dpu,8847.43,9201.42
0,382,g_a,dpu,9201.42,9569.97
0,382,g_a_cpu,cpu,9569.97,9570.47
0,382,eb_enc,cpu,9570.48,9575.33
0,411,normalize,cpu,9575.78,9579.43
0,411,g_a_cpu,cpu,9579.44,9579.77
0,411,g_a,dpu,9579.77,9933.79
0,411,g_a,dpu,9933.79,10298.5
0,411,g_a_cpu,cpu,10298.5,10299
0,411,eb_enc,cpu,10299,10303.9
0,439,normalize,cpu,10304.7,10308.4
0,439,g_a_cpu,cpu,10308.4,10308.7
0,439,g_a,dpu,10308.7,10657.8
0,439,g_a,dpu,10657.8,11029.8
0,439,g_a_cpu,cpu,11029.8,11030.2
0,439,eb_enc,cpu,11030.2,11035
0,469,normalize,cpu,11035.5,11039.3
0,469,g_a_cpu,cpu,11039.3,11039.6
0,469,g_a,dpu,11039.6,11392.2
0,469,g_a,dpu,11392.2,11761.8
0,469,g_a_cpu,cpu,11761.8,11762.1
0,469,eb_enc,cpu,11762.1,11766.8
0,500,normalize,cpu,11767.3,11770.9
0,500,g_a_cpu,cpu,11770.9,11771.2
0,500,g_a,dpu,11771.2,12124.6
0,500,g_a,dpu,12124.6,12485.9
0,500,g_a_cpu,cpu,12485.9,12486.4
0,500,eb_enc,cpu,12486.4,12491.1
0,530,normalize,cpu,12491.6,12495.3
0,530,g_a_cpu,cpu,12495.3,12495.5
0,530,g_a,dpu,12495.5,12850.3
0,530,g_a,dpu,12850.3,13218
0,530,g_a_cpu,cpu,13218,13218.4
0,530,eb_enc,cpu,13218.4,13223.3
0,557,normalize,cpu,13223.7,13227.4
0,557,g_a_cpu,cpu,13227.4,13227.7
0,557,g_a,dpu,13227.7,13582.9
0,557,g_a,dpu,13582.9,14277.8
0,557,g_a_cpu,cpu,14277.8,14278.1
0,557,eb_enc,cpu,14278.1,14283
0,599,normalize,cpu,14283.5,14287.2
0,599,g_a_cpu,cpu,14287.2,14287.5
0,599,g_a,dpu,14287.5,14649.9
0,599,g_a,dpu,14649.9,15018
0,599,g_a_cpu,cpu,15018,15018.4
0,599,eb_enc,cpu,15018.4,15023.4
0,630,normalize,cpu,15023.9,15027.6
0,630,g_a_cpu,cpu,15027.6,15027.9
0,630,g_a,dpu,15027.9,15386.3
0,630,g_a,dpu,15386.3,15749.5
0,630,g_a_cpu,cpu,15749.5,15750.1
0,630,eb_enc,cpu,15750.1,15755
0,656,normalize,cpu,15755.6,15759.2
0,656,g_a_cpu,cpu,15759.2,15759.5
0,656,g_a,dpu,15759.5,16125.2
0,656,g_a,dpu,16125.2,16486.4
0,656,g_a_cpu,cpu,16486.4,16486.8
0,656,eb_enc,cpu,16486.8,16491.6
0,688,normalize,cpu,16492,16495.7
0,688,g_a_cpu,cpu,16495.7,16496
0,688,g_a,dpu,16496,16854
0,688,g_a,dpu,16854,17221.7
0,688,g_a_cpu,cpu,17221.7,17222.2
0,688,eb_enc,cpu,17222.2,17227.1
0,719,normalize,cpu,17227.5,17231.2
0,719,g_a_cpu,cpu,17231.2,17231.6
0,719,g_a,dpu,17231.6,17585.7
0,719,g_a,dpu,17585.7,17957.7
0,719,g_a_cpu,cpu,17957.7,17958.2
0,719,eb_enc,cpu,17958.2,17962.9
0,749,normalize,cpu,17963.3,17967
0,749,g_a_cpu,cpu,17967,17967.3
0,749,g_a,dpu,17967.3,18322.1
0,749,g_a,dpu,18322.1,18681.7
0,749,g_a_cpu,cpu,18681.7,18682.2
0,749,eb_enc,cpu,18682.2,18686.9
0,778,normalize,cpu,18687.6,18691.2
0,778,g_a_cpu,cpu,18691.2,18691.5
0,778,g_a,dpu,18691.5,19045.5
0,778,g_a,dpu,19045.5,19413.2
0,778,g_a_cpu,cpu,19413.2,19413.7
0,778,eb_enc,cpu,19413.7,19418.5
0,808,normalize,cpu,19419,19422.6
0,808,g_a_cpu,cpu,19422.6,19422.9
0,808,g_a,dpu,19422.9,19778.6
0,808,g_a,dpu,19778.6,20141.8
0,808,g_a_cpu,cpu,20141.8,20142.2
0,808,eb_enc,cpu,20142.2,20146.9
0,837,normalize,cpu,20147.4,20151.2
0,837,g_a_cpu,cpu,20151.2,20151.4
0,837,g_a,dpu,20151.5,20506
0,837,g_a,dpu,20506,20877.6
0,837,g_a_cpu,cpu,20877.6,20877.9
0,837,eb_enc,cpu,20877.9,20882.7
0,868,normalize,cpu,20883.2,20886.8
0,868,g_a_cpu,cpu,20886.8,20887.1
0,868,g_a,dpu,20887.1,21245.8
0,868,g_a,dpu,21245.8,21617.8
0,868,g_a_cpu,cpu,21617.8,21618.1
0,868,eb_enc,cpu,21618.1,21623
0,898,normalize,cpu,21623.4,21627.1
0,898,g_a_cpu,cpu,21627.1,21627.4
0,898,g_a,dpu,21627.4,21989.7
0,898,g_a,dpu,21989.7,22353.6
0,898,g_a_cpu,cpu,22353.6,22353.9
0,898,eb_enc,cpu,22353.9,22358.7
0,927,normalize,cpu,22359.1,22362.9
0,927,g_a_cpu,cpu,22362.9,22363.4
0,927,g_a,dpu,22363.4,22730.1
0,927,g_a,dpu,22730.1,22909.7
0,927,g_a_cpu,cpu,22909.7,22910
0,927,eb_enc,cpu,22910,22914.7
1,0,normalize,cpu,68.2795,72.0351
1,0,g_a_cpu,cpu,115.645,116.185
1,0,g_a,dpu,116.196,374.231
1,0,g_a,dpu,374.236,746.223
1,0,g_a_cpu,cpu,746.224,746.567
1,0,eb_enc,cpu,746.575,752.689
1,50,normalize,cpu,753.393,757.037
1,50,g_a_cpu,cpu,757.042,757.349
1,50,g_a,dpu,757.352,1114.26
1,50,g_a,dpu,1114.26,1474.68
1,50,g_a_cpu,cpu,1474.68,1475.16
1,50,eb_enc,cpu,1475.16,1480.15
1,77,normalize,cpu,1480.7,1484.37
1,77,g_a_cpu,cpu,1484.38,1484.69
1,77,g_a,dpu,1484.7,1838.01
1,77,g_a,dpu,1838.01,2206.91
1,77,g_a_cpu,cpu,2206.91,2207.34
1,77,eb_enc,cpu,2207.35,2212.25
1,107,normalize,cpu,2212.83,2220.51
1,107,g_a_cpu,cpu,2220.52,2220.91
1,107,g_a,dpu,2220.91,2569.83
1,107,g_a,dpu,2569.84,2929.95
1,107,g_a_cpu,cpu,2929.96,2930.55
1,107,eb_enc,cpu,2930.55,2935.34
1,137,normalize,cpu,2935.8,2939.44
1,137,g_a_cpu,cpu,2939.45,2939.81
1,137,g_a,dpu,2939.81,3294.88
1,137,g_a,dpu,3294.88,3657.79
1,137,g_a_cpu,cpu,3657.79,3658.3
1,137,eb_enc,cpu,3658.3,3663.06
1,167,normalize,cpu,3663.6,3667.29
1,167,g_a_cpu,cpu,3667.29,3667.52
1,167,g_a,dpu,3667.52,4018.41
1,167,g_a,dpu,4018.43,4385.74
1,167,g_a_cpu,cpu,4385.75,4386.11
1,167,eb_enc,cpu,4386.11,4390.81
1,197,normalize,cpu,4391.32,4395.01
1,197,g_a_cpu,cpu,4395.01,4395.31
1,197,g_a,dpu,4395.31,4754.26
1,197,g_a,dpu,4754.26,5117.88
1,197,g_a_cpu,cpu,5117.89,5118.24
1,197,eb_enc,cpu,5118.24,5123.03
1,228,normalize,cpu,5123.59,5127.23
1,228,g_a_cpu,cpu,5127.23,5127.52
1,228,g_a,dpu,5127.52,5481.85
1,228,g_a,dpu,5481.85,5853.96
1,228,g_a_cpu,cpu,5853.96,5854.59
1,228,eb_enc,cpu,5854.59,5859.67
1,258,normalize,cpu,5860.1,5863.74
1,258,g_a_cpu,cpu,5863.74,5864.15
1,258,g_a,dpu,5864.16,6221.85
1,258,g_a,dpu,6221.85,6595.4
1,258,g_a_cpu,cpu,6595.4,6595.79
1,258,eb_enc,cpu,6595.79,6600.61
1,289,normalize,cpu,6606.27,6609.9
1,289,g_a_cpu,cpu,6609.9,6610.35
1,289,g_a,dpu,6610.35,6962.48
1,289,g_a,dpu,6962.48,6998.91
1,289,g_a_cpu,cpu,6998.91,6999.35
1,289,eb_enc,cpu,6999.35,7004.1
1,302,normalize,cpu,7004.61,7008.27
1,302,g_a_cpu,cpu,7008.28,7008.53
1,302,g_a,dpu,7008.53,7701.89
1,302,g_a,dpu,7701.89,7738.34
1,302,g_a_cpu,cpu,7738.34,7738.8
1,302,eb_enc,cpu,7738.81,7743.53
1,332,normalize,cpu,7744.05,7747.71
1,332,g_a_cpu,cpu,7747.71,7747.98
1,332,g_a,dpu,7747.98,8441.91
1,332,g_a,dpu,8441.91,8478.25
1,332,g_a_cpu,cpu,8478.25,8478.6
1,332,eb_enc,cpu,8478.6,8483.36
1,360,normalize,cpu,8483.85,8487.6
1,360,g_a_cpu,cpu,8487.6,8488.06
1,360,g_a,dpu,8488.06,8845.95
1,360,g_a,dpu,8845.95,9213.75
1,360,g_a_cpu,cpu,9213.75,9214.11
1,360,eb_enc,cpu,9214.11,9218.87
1,390,normalize,cpu,9219.35,9223.75
1,390,g_a_cpu,cpu,9223.75,9224.05
1,390,g_a,dpu,9224.06,9582.13
1,390,g_a,dpu,9582.13,9945.77
1,390,g_a_cpu,cpu,9945.77,9946.36
1,390,eb_enc,cpu,9946.36,9951.04
1,421,normalize,cpu,9951.53,9955.17
1,421,g_a_cpu,cpu,9955.17,9955.44
1,421,g_a,dpu,9955.45,10309.9
1,421,g_a,dpu,10309.9,10681
1,421,g_a_cpu,cpu,10681,10681.5
1,421,eb_enc,cpu,10681.5,10686.2
1,451,normalize,cpu,10686.7,10690.4
1,451,g_a_cpu,cpu,10690.4,10690.6
1,451,g_a,dpu,10690.7,11042.3
1,451,g_a,dpu,11042.3,11405.4
1,451,g_a_cpu,cpu,11405.4,11405.9
1,451,eb_enc,cpu,11405.9,11410.7
1,481,normalize,cpu,11411.3,11414.9
1,481,g_a_cpu,cpu,11414.9,11415.2
1,481,g_a,dpu,11415.2,11773.9
1,481,g_a,dpu,11773.9,12133.3
1,481,g_a_cpu,cpu,12133.3,12133.8
1,481,eb_enc,cpu,12133.8,12138.5
1,511,normalize,cpu,12139.1,12142.8
1,511,g_a_cpu,cpu,12142.8,12143.1
1,511,g_a,dpu,12143.1,12501.3
1,511,g_a,dpu,12501.3,12869.8
1,511,g_a_cpu,cpu,12869.8,12870.3
1,511,eb_enc,cpu,12870.3,12875.1
1,544,normalize,cpu,12875.6,12879.2
1,544,g_a_cpu,cpu,12879.2,12879.5
1,544,g_a,dpu,12879.6,13237.7
1,544,g_a,dpu,13237.7,13597.3
1,544,g_a_cpu,cpu,13597.3,13597.8
1,544,eb_enc,cpu,13597.8,13602.5
1,572,normalize,cpu,13603,13606.7
1,572,g_a_cpu,cpu,13606.7,13607
1,572,g_a,dpu,13607,13957.8
1,572,g_a,dpu,13957.8,14321.4
1,572,g_a_cpu,cpu,14321.4,14321.9
1,572,eb_enc,cpu,14321.9,14326.6
1,602,normalize,cpu,14327.1,14330.8
1,602,g_a_cpu,cpu,14330.8,14331
1,602,g_a,dpu,14331.1,14691.5
1,602,g_a,dpu,14691.5,15057.9
1,602,g_a_cpu,cpu,15057.9,15058.4
1,602,eb_enc,cpu,15058.4,15063.2
1,632,normalize,cpu,15063.7,15067.4
1,632,g_a_cpu,cpu,15067.4,15067.7
1,632,g_a,dpu,15067.7,15428.2
1,632,g_a,dpu,15428.3,15464.7
1,632,g_a_cpu,cpu,15464.7,15465.1
1,632,eb_enc,cpu,15465.1,15469.9
1,650,normalize,cpu,15470.3,15474.1
1,650,g_a_cpu,cpu,15474.1,15474.4
1,650,g_a,dpu,15474.4,15826
1,650,g_a,dpu,15826,15862.6
1,650,g_a_cpu,cpu,15862.6,15863
1,650,eb_enc,cpu,15863,15867.9
1,664,normalize,cpu,15868.4,15872
1,664,g_a_cpu,cpu,15872,15872.3
1,664,g_a,dpu,15872.3,16238.5
1,664,g_a,dpu,16238.5,16601.9
1,664,g_a_cpu,cpu,16601.9,16602.3
1,664,eb_enc,cpu,16602.3,16607.1
1,695,normalize,cpu,16607.8,16611.5
1,695,g_a_cpu,cpu,16611.5,16612
1,695,g_a,dpu,16612,16969.7
1,695,g_a,dpu,16969.7,17334.4
1,695,g_a_cpu,cpu,17334.4,17335
1,695,eb_enc,cpu,17335,17339.9
1,725,normalize,cpu,17340.3,17344
1,725,g_a_cpu,cpu,17344,17344.3
1,725,g_a,dpu,17344.3,17709.7
1,725,g_a,dpu,17709.7,18082.6
1,725,g_a_cpu,cpu,18082.6,18083.1
1,725,eb_enc,cpu,18083.1,18087.9
1,756,normalize,cpu,18088.3,18092
1,756,g_a_cpu,cpu,18092,18092.3
1,756,g_a,dpu,18092.3,18445.8
1,756,g_a,dpu,18445.8,18816
1,756,g_a_cpu,cpu,18816,18816.5
1,756,eb_enc,cpu,18816.5,18821.2
1,784,normalize,cpu,18821.8,18826.1
1,784,g_a_cpu,cpu,18826.1,18826.5
1,784,g_a,dpu,18826.5,19185.7
1,784,g_a,dpu,19185.7,19557.8
1,784,g_a_cpu,cpu,19557.8,19558.3
1,784,eb_enc,cpu,19558.3,19563.3
1,814,normalize,cpu,19563.8,19567.5
1,814,g_a_cpu,cpu,19567.5,19567.9
1,814,g_a,dpu,19567.9,19932.1
1,814,g_a,dpu,19932.1,20302
1,814,g_a_cpu,cpu,20302,20302.4
1,814,eb_enc,cpu,20302.4,20307.2
1,846,normalize,cpu,20307.7,20311.3
1,846,g_a_cpu,cpu,20311.3,20311.6
1,846,g_a,dpu,20311.6,20672.7
1,846,g_a,dpu,20672.7,21033.2
1,846,g_a_cpu,cpu,21033.2,21033.8
1,846,eb_enc,cpu,21033.8,21038.5
1,877,normalize,cpu,21039,21042.6
1,877,g_a_cpu,cpu,21042.6,21043
1,877,g_a,dpu,21043,21393.6
1,877,g_a,dpu,21393.6,21770
1,877,g_a_cpu,cpu,21770,21770.8
1,877,eb_enc,cpu,21770.8,21775.7
1,907,normalize,cpu,21776.1,21779.8
1,907,g_a_cpu,cpu,21779.8,21780.2
1,907,g_a,dpu,21780.2,22145.7
1,907,g_a,dpu,22145.7,22509.8
1,907,g_a_cpu,cpu,22509.8,22510.3
1,907,eb_enc,cpu,22510.3,22515
2,26,normalize,cpu,106.252,109.92
2,26,g_a_cpu,cpu,113.971,114.421
2,26,g_a,dpu,114.426,427.837
2,26,g_a,dpu,427.84,806.349
2,26,g_a_cpu,cpu,806.35,806.693
2,26,eb_enc,cpu,806.699,812.805
2,55,normalize,cpu,813.277,816.93
2,55,g_a_cpu,cpu,816.932,817.234
2,55,g_a,dpu,817.237,1179.83
2,55,g_a,dpu,1179.83,1551.02
2,55,g_a_cpu,cpu,1551.02,1551.39
2,55,eb_enc,cpu,1551.4,1556.2
2,84,normalize,cpu,1556.67,1560.43
2,84,g_a_cpu,cpu,1560.44,1561.02
2,84,g_a,dpu,1561.02,1917.91
2,84,g_a,dpu,1917.91,2290.41
2,84,g_a_cpu,cpu,2290.42,2290.75
2,84,eb_enc,cpu,2290.76,2295.6
2,115,normalize,cpu,2296.42,2300.08
2,115,g_a_cpu,cpu,2300.08,2300.42
2,115,g_a,dpu,2300.42,2660.67
2,115,g_a,dpu,2660.67,3043.48
2,115,g_a_cpu,cpu,3043.48,3043.87
2,115,eb_enc,cpu,3043.87,3048.72
2,145,normalize,cpu,3049.21,3052.87
2,145,g_a_cpu,cpu,3052.87,3053.2
2,145,g_a,dpu,3053.2,3414.36
2,145,g_a,dpu,3414.37,3782.78
2,145,g_a_cpu,cpu,3782.78,3783.29
2,145,eb_enc,cpu,3783.29,3788.15
2,175,normalize,cpu,3788.73,3793.15
2,175,g_a_cpu,cpu,3793.16,3793.73
2,175,g_a,dpu,3793.74,4148.74
2,175,g_a,dpu,4148.75,4516.3
2,175,g_a_cpu,cpu,4516.3,4516.77
2,175,eb_enc,cpu,4516.77,4521.48
2,205,normalize,cpu,4522.03,4526.44
2,205,g_a_cpu,cpu,4526.45,4526.74
2,205,g_a,dpu,4526.74,4882.13
2,205,g_a,dpu,4882.13,5253.57
2,205,g_a_cpu,cpu,5253.57,5253.92
2,205,eb_enc,cpu,5253.92,5258.63
2,236,normalize,cpu,5259.15,5262.79
2,236,g_a_cpu,cpu,5262.79,5263.06
2,236,g_a,dpu,5263.06,5622.1
2,236,g_a,dpu,5622.1,5992.34
2,236,g_a_cpu,cpu,5992.34,5992.69
2,236,eb_enc,cpu,5992.69,5997.4
2,266,normalize,cpu,5997.92,6001.6
2,266,g_a_cpu,cpu,6001.61,6001.85
2,266,g_a,dpu,6001.85,6361.2
2,266,g_a,dpu,6361.2,6734.53
2,266,g_a_cpu,cpu,6734.53,6734.95
2,266,eb_enc,cpu,6734.95,6739.73
2,296,normalize,cpu,6740.25,6743.9
2,296,g_a_cpu,cpu,6743.9,6744.19
2,296,g_a,dpu,6744.2,7106.58
2,296,g_a,dpu,7106.58,7143.53
2,296,g_a_cpu,cpu,7143.54,7143.98
2,296,eb_enc,cpu,7143.99,7148.76
2,307,normalize,cpu,7149.3,7153.05
2,307,g_a_cpu,cpu,7153.05,7153.31
2,307,g_a,dpu,7153.32,7845.98
2,307,g_a,dpu,7845.98,7886.11
2,307,g_a_cpu,cpu,7886.11,7886.55
2,307,eb_enc,cpu,7886.56,7891.3
2,338,normalize,cpu,7891.74,7895.4
2,338,g_a_cpu,cpu,7895.4,7895.67
2,338,g_a,dpu,7895.67,8596.38
2,338,g_a,dpu,8596.38,8633.33
2,338,g_a_cpu,cpu,8633.33,8633.79
2,338,eb_enc,cpu,8633.8,8638.54
2,369,normalize,cpu,8638.97,8642.65
2,369,g_a_cpu,cpu,8642.66,8642.93
2,369,g_a,dpu,8642.93,9334.96
2,369,g_a,dpu,9334.96,9371.85
2,369,g_a_cpu,cpu,9371.85,9372.2
2,369,eb_enc,cpu,9372.2,9376.9
2,398,normalize,cpu,9377.39,9381.12
2,398,g_a_cpu,cpu,9381.12,9381.61
2,398,g_a,dpu,9381.61,10077.4
2,398,g_a,dpu,10077.4,10451.2
2,398,g_a_cpu,cpu,10451.2,10451.6
2,398,eb_enc,cpu,10451.6,10456.5
2,444,normalize,cpu,10457,10460.7
2,444,g_a_cpu,cpu,10460.7,10461
2,444,g_a,dpu,10461,10816.9
2,444,g_a,dpu,10816.9,11185.8
2,444,g_a_cpu,cpu,11185.8,11186.1
2,444,eb_enc,cpu,11186.1,11191
2,474,normalize,cpu,11191.4,11195.1
2,474,g_a_cpu,cpu,11195.1,11195.4
2,474,g_a,dpu,11195.4,11558.8
2,474,g_a,dpu,11558.8,11927.3
2,474,g_a_cpu,cpu,11927.3,11927.8
2,474,eb_enc,cpu,11927.8,11932.6
2,505,normalize,cpu,11933.1,11936.8
2,505,g_a_cpu,cpu,11936.8,11937
2,505,g_a,dpu,11937,12292.6
2,505,g_a,dpu,12292.6,12658.9
2,505,g_a_cpu,cpu,12658.9,12659.3
2,505,eb_enc,cpu,12659.3,12664.1
2,535,normalize,cpu,12664.6,12668.2
2,535,g_a_cpu,cpu,12668.2,12668.6
2,535,g_a,dpu,12668.6,13026.9
2,535,g_a,dpu,13026.9,13391.4
2,535,g_a_cpu,cpu,13391.4,13391.9
2,535,eb_enc,cpu,13391.9,13396.7
2,561,normalize,cpu,13397.2,13400.9
2,561,g_a_cpu,cpu,13400.9,13401.3
2,561,g_a,dpu,13401.3,13759.9
2,561,g_a,dpu,13759.9,14124.7
2,561,g_a_cpu,cpu,14124.7,14125.1
2,561,eb_enc,cpu,14125.1,14129.9
2,592,normalize,cpu,14130.5,14134.1
2,592,g_a_cpu,cpu,14134.1,14134.5
2,592,g_a,dpu,14134.5,14498.6
2,592,g_a,dpu,14498.6,14864.9
2,592,g_a_cpu,cpu,14864.9,14865.2
2,592,eb_enc,cpu,14865.2,14870
2,622,normalize,cpu,14870.7,14874.5
2,622,g_a_cpu,cpu,14874.5,14874.9
2,622,g_a,dpu,14874.9,15254.8
2,622,g_a,dpu,15254.8,15619.6
2,622,g_a_cpu,cpu,15619.6,15620
2,622,eb_enc,cpu,15620,15624.8
2,654,normalize,cpu,15625.3,15628.9
2,654,g_a_cpu,cpu,15628.9,15629.2
2,654,g_a,dpu,15629.2,15998.2
2,654,g_a,dpu,15998.2,16368.9
2,654,g_a_cpu,cpu,16368.9,16369.4
2,654,eb_enc,cpu,16369.4,16374.2
2,685,normalize,cpu,16374.7,16378.5
2,685,g_a_cpu,cpu,16378.5,16378.9
2,685,g_a,dpu,16378.9,16746.5
2,685,g_a,dpu,16746.5,16783.3
2,685,g_a_cpu,cpu,16783.3,16783.7
2,685,eb_enc,cpu,16783.7,16788.5
2,704,normalize,cpu,16789,16792.7
2,704,g_a_cpu,cpu,16792.7,16793
2,704,g_a,dpu,16793,17498.7
2,704,g_a,dpu,17498.7,17535.5
2,704,g_a_cpu,cpu,17535.5,17535.8
2,704,eb_enc,cpu,17535.8,17540.6
2,735,normalize,cpu,17541.1,17544.8
2,735,g_a_cpu,cpu,17544.8,17545.1
2,735,g_a,dpu,17545.1,18242.2
2,735,g_a,dpu,18242.2,18279
2,735,g_a_cpu,cpu,18279,18279.4
2,735,eb_enc,cpu,18279.4,18284.1
2,766,normalize,cpu,18284.7,18288.3
2,766,g_a_cpu,cpu,18288.3,18288.6
2,766,g_a,dpu,18288.6,18650.8
2,766,g_a,dpu,18650.8,19026.4
2,766,g_a_cpu,cpu,19026.4,19026.7
2,766,eb_enc,cpu,19026.7,19031.5
2,796,normalize,cpu,19032,19035.7
2,796,g_a_cpu,cpu,19035.7,19036
2,796,g_a,dpu,19036,19395.7
2,796,g_a,dpu,19395.7,19774.3
2,796,g_a_cpu,cpu,19774.3,19774.6
2,796,eb_enc,cpu,19774.6,19779.4
2,827,normalize,cpu,19779.9,19783.5
2,827,g_a_cpu,cpu,19783.5,19783.8
2,827,g_a,dpu,19783.8,20143.4
2,827,g_a,dpu,20143.4,20526.7
2,827,g_a_cpu,cpu,20526.7,20527.2
2,827,eb_enc,cpu,20527.2,20532.2
2,857,normalize,cpu,20532.6,20536.3
2,857,g_a_cpu,cpu,20536.3,20536.6
2,857,g_a,dpu,20536.6,20895.7
2,857,g_a,dpu,20895.7,21263.2
2,857,g_a_cpu,cpu,21263.2,21263.7
2,857,eb_enc,cpu,21263.7,21268.4
2,887,normalize,cpu,21268.9,21272.5
2,887,g_a_cpu,cpu,21272.5,21272.8
2,887,g_a,dpu,21272.8,21628.5
2,887,g_a,dpu,21628.5,22002.4
2,887,g_a_cpu,cpu,22002.4,22002.8
2,887,eb_enc,cpu,22002.8,22007.7
2,917,normalize,cpu,22008.1,22011.8
2,917,g_a_cpu,cpu,22011.8,22012
2,917,g_a,dpu,22012,22371.1
2,917,g_a,dpu,22371.1,22739.9
2,917,g_a_cpu,cpu,22739.9,22740.3
2,917,eb_enc,cpu,22740.3,22745
3,11,normalize,cpu,84.9553,88.6303
3,11,g_a_cpu,cpu,88.6956,89.048
3,11,g_a,dpu,89.0524,203.212
3,11,g_a,dpu,203.226,565.831
3,11,g_a_cpu,cpu,565.833,566.34
3,11,eb_enc,cpu,566.351,572.449
3,39,normalize,cpu,572.896,576.538
3,39,g_a_cpu,cpu,576.546,576.942
3,39,g_a,dpu,576.945,1269.72
3,39,g_a,dpu,1269.73,1629.39
3,39,g_a_cpu,cpu,1629.39,1629.88
3,39,eb_enc,cpu,1629.89,1634.64
3,89,normalize,cpu,1645.07,1648.75
3,89,g_a_cpu,cpu,1648.76,1649.02
3,89,g_a,dpu,1649.02,1993.32
3,89,g_a,dpu,1993.32,2361.62
3,89,g_a_cpu,cpu,2361.62,2362.08
3,89,eb_enc,cpu,2362.09,2366.85
3,119,normalize,cpu,2367.3,2370.97
3,119,g_a_cpu,cpu,2370.97,2371.23
3,119,g_a,dpu,2371.23,2725.48
3,119,g_a,dpu,2725.48,3093.72
3,119,g_a_cpu,cpu,3093.73,3094.16
3,119,eb_enc,cpu,3094.17,3098.92
3,148,normalize,cpu,3099.41,3103.08
3,148,g_a_cpu,cpu,3103.08,3103.34
3,148,g_a,dpu,3103.34,3461.76
3,148,g_a,dpu,3461.76,3827.91
3,148,g_a_cpu,cpu,3827.91,3828.44
3,148,eb_enc,cpu,3828.44,3833.17
3,178,normalize,cpu,3833.62,3837.26
3,178,g_a_cpu,cpu,3837.27,3837.6
3,178,g_a,dpu,3837.61,4197.67
3,178,g_a,dpu,4197.68,4561.63
3,178,g_a_cpu,cpu,4561.64,4562.1
3,178,eb_enc,cpu,4562.1,4566.83
3,208,normalize,cpu,4567.3,4570.98
3,208,g_a_cpu,cpu,4570.98,4571.23
3,208,g_a,dpu,4571.24,4929.67
3,208,g_a,dpu,4929.67,5305.09
3,208,g_a_cpu,cpu,5305.09,5305.44
3,208,eb_enc,cpu,5305.44,5310.2
3,239,normalize,cpu,5310.71,5314.35
3,239,g_a_cpu,cpu,5314.35,5314.71
3,239,g_a,dpu,5314.71,5666.03
3,239,g_a,dpu,5666.03,6042.74
3,239,g_a_cpu,cpu,6042.74,6043.18
3,239,eb_enc,cpu,6043.18,6047.96
3,269,normalize,cpu,6048.47,6052.1
3,269,g_a_cpu,cpu,6052.11,6052.43
3,269,g_a,dpu,6052.43,6405.82
3,269,g_a,dpu,6405.82,6770.64
3,269,g_a_cpu,cpu,6770.65,6771.08
3,269,eb_enc,cpu,6771.09,6775.92
3,298,normalize,cpu,6776.48,6780.16
3,298,g_a_cpu,cpu,6780.16,6780.52
3,298,g_a,dpu,6780.52,7137.61
3,298,g_a,dpu,7137.61,7505.82
3,298,g_a_cpu,cpu,7505.83,7506.3
3,298,eb_enc,cpu,7506.3,7511
3,328,normalize,cpu,7511.52,7515.16
3,328,g_a_cpu,cpu,7515.16,7515.43
3,328,g_a,dpu,7515.43,7873.61
3,328,g_a,dpu,7873.62,8246.03
3,328,g_a_cpu,cpu,8246.03,8246.46
3,328,eb_enc,cpu,8246.47,8251.22
3,357,normalize,cpu,8251.73,8255.45
3,357,g_a_cpu,cpu,8255.45,8255.71
3,357,g_a,dpu,8255.71,8609.76
3,357,g_a,dpu,8609.76,8985.34
3,357,g_a_cpu,cpu,8985.34,8985.78
3,357,eb_enc,cpu,8985.78,8990.55
3,385,normalize,cpu,8991.17,8994.8
3,385,g_a_cpu,cpu,8994.81,8995.13
3,385,g_a,dpu,8995.14,9345.11
3,385,g_a,dpu,9345.11,9713.63
3,385,g_a_cpu,cpu,9713.63,9713.99
3,385,eb_enc,cpu,9713.99,9718.7
3,414,normalize,cpu,9719.21,9722.87
3,414,g_a_cpu,cpu,9722.87,9723.12
3,414,g_a,dpu,9723.12,10077.9
3,414,g_a,dpu,10077.9,10442.5
3,414,g_a_cpu,cpu,10442.5,10443
3,414,eb_enc,cpu,10443,10447.7
3,443,normalize,cpu,10448.2,10451.9
3,443,g_a_cpu,cpu,10451.9,10452.3
3,443,g_a,dpu,10452.3,10805.6
3,443,g_a,dpu,10805.6,11173.4
3,443,g_a_cpu,cpu,11173.4,11173.8
3,443,eb_enc,cpu,11173.8,11178.6
3,473,normalize,cpu,11179.1,11182.7
3,473,g_a_cpu,cpu,11182.8,11183.1
3,473,g_a,dpu,11183.1,11535.9
3,473,g_a,dpu,11535.9,11909.3
3,473,g_a_cpu,cpu,11909.3,11909.7
3,473,eb_enc,cpu,11909.7,11914.5
3,503,normalize,cpu,11915,11918.8
3,503,g_a_cpu,cpu,11918.8,11919.1
3,503,g_a,dpu,11919.1,12268.4
3,503,g_a,dpu,12268.4,12629.9
3,503,g_a_cpu,cpu,12629.9,12630.3
3,503,eb_enc,cpu,12630.3,12635.1
3,533,normalize,cpu,12635.6,12639.3
3,533,g_a_cpu,cpu,12639.3,12639.6
3,533,g_a,dpu,12639.6,13001.8
3,533,g_a,dpu,13001.8,13361.5
3,533,g_a_cpu,cpu,13361.5,13361.9
3,533,eb_enc,cpu,13361.9,13366.6
3,559,normalize,cpu,13367.1,13370.7
3,559,g_a_cpu,cpu,13370.7,13371
3,559,g_a,dpu,13371,13728.5
3,559,g_a,dpu,13728.5,14089.7
3,559,g_a_cpu,cpu,14089.7,14090.2
3,559,eb_enc,cpu,14090.2,14094.9
3,590,normalize,cpu,14095.5,14099.1
3,590,g_a_cpu,cpu,14099.1,14099.4
3,590,g_a,dpu,14099.4,14464.3
3,590,g_a,dpu,14464.3,14829.7
3,590,g_a_cpu,cpu,14829.7,14830
3,590,eb_enc,cpu,14830,14834.8
3,620,normalize,cpu,14835.3,14839.1
3,620,g_a_cpu,cpu,14839.1,14839.4
3,620,g_a,dpu,14839.4,15205.9
3,620,g_a,dpu,15205.9,15897.6
3,620,g_a_cpu,cpu,15897.6,15898
3,620,eb_enc,cpu,15898,15902.9
3,666,normalize,cpu,15903.4,15907.1
3,666,g_a_cpu,cpu,15907.1,15907.4
3,666,g_a,dpu,15907.4,16268.7
3,666,g_a,dpu,16268.7,16630.4
3,666,g_a_cpu,cpu,16630.4,16630.8
3,666,eb_enc,cpu,16630.8,16638.4
3,696,normalize,cpu,16639,16646.9
3,696,g_a_cpu,cpu,16646.9,16647.3
3,696,g_a,dpu,16647.3,17001.7
3,696,g_a,dpu,17001.7,17365.3
3,696,g_a_cpu,cpu,17365.3,17365.7
3,696,eb_enc,cpu,17365.7,17370.5
3,727,normalize,cpu,17371.1,17374.8
3,727,g_a_cpu,cpu,17374.8,17375.2
3,727,g_a,dpu,17375.2,17734.6
3,727,g_a,dpu,17734.6,18101.7
3,727,g_a_cpu,cpu,18101.7,18102.2
3,727,eb_enc,cpu,18102.2,18107
3,758,normalize,cpu,18107.6,18111.2
3,758,g_a_cpu,cpu,18111.2,18111.5
3,758,g_a,dpu,18111.5,18465.8
3,758,g_a,dpu,18465.8,18825.3
3,758,g_a_cpu,cpu,18825.3,18825.7
3,758,eb_enc,cpu,18825.7,18830.4
3,785,normalize,cpu,18830.9,18834.6
3,785,g_a_cpu,cpu,18834.6,18835
3,785,g_a,dpu,18835,19193.6
3,785,g_a,dpu,19193.6,19557.8
3,785,g_a_cpu,cpu,19557.8,19558.3
3,785,eb_enc,cpu,19558.3,19563.3
3,815,normalize,cpu,19563.8,19567.5
3,815,g_a_cpu,cpu,19567.5,19567.9
3,815,g_a,dpu,19567.9,19922.6
3,815,g_a,dpu,19922.6,20289.8
3,815,g_a_cpu,cpu,20289.8,20290.2
3,815,eb_enc,cpu,20290.2,20294.9
3,845,normalize,cpu,20295.4,20299.2
3,845,g_a_cpu,cpu,20299.2,20299.6
3,845,g_a,dpu,20299.6,20653.5
3,845,g_a,dpu,20653.5,21029.8
3,845,g_a_cpu,cpu,21029.8,21030.2
3,845,eb_enc,cpu,21030.2,21035.8
3,876,normalize,cpu,21036.4,21040
3,876,g_a_cpu,cpu,21040,21040.4
3,876,g_a,dpu,21040.4,21389.8
3,876,g_a,dpu,21389.8,21769.8
3,876,g_a_cpu,cpu,21769.8,21770.5
3,876,eb_enc,cpu,21770.5,21775.6
3,906,normalize,cpu,21776.1,21779.9
3,906,g_a_cpu,cpu,21779.9,21780.3
3,906,g_a,dpu,21780.3,22138
3,906,g_a,dpu,22138,22505.8
3,906,g_a_cpu,cpu,22505.8,22506.1
3,906,eb_enc,cpu,22506.1,22510.9
4,20,normalize,cpu,96.3799,100.051
4,20,g_a_cpu,cpu,100.055,100.421
4,20,g_a,dpu,100.425,229.489
4,20,g_a,dpu,229.493,593.789
4,20,g_a_cpu,cpu,593.79,594.232
4,20,eb_enc,cpu,594.237,600.214
4,41,normalize,cpu,600.717,604.438
4,41,g_a_cpu,cpu,604.441,604.785
4,41,g_a,dpu,604.789,970.465
4,41,g_a,dpu,970.471,1330.57
4,41,g_a_cpu,cpu,1330.58,1331.15
4,41,eb_enc,cpu,1331.16,1335.88
4,69,normalize,cpu,1336.44,1340.11
4,69,g_a_cpu,cpu,1340.11,1340.34
4,69,g_a,dpu,1340.34,1693.8
4,69,g_a,dpu,1693.81,2054.26
4,69,g_a_cpu,cpu,2054.26,2054.83
4,69,eb_enc,cpu,2054.83,2059.59
4,98,normalize,cpu,2060.07,2063.77
4,98,g_a_cpu,cpu,2063.78,2064.3
4,98,g_a,dpu,2064.31,2426.05
4,98,g_a,dpu,2426.05,2785.65
4,98,g_a_cpu,cpu,2785.65,2786.25
4,98,eb_enc,cpu,2786.26,2790.93
4,128,normalize,cpu,2791.36,2795.05
4,128,g_a_cpu,cpu,2795.05,2795.31
4,128,g_a,dpu,2795.32,3150.66
4,128,g_a,dpu,3150.66,3510.58
4,128,g_a_cpu,cpu,3510.58,3511
4,128,eb_enc,cpu,3511,3515.76
4,157,normalize,cpu,3516.21,3519.85
4,157,g_a_cpu,cpu,3519.85,3520.14
4,157,g_a,dpu,3520.15,3874.61
4,157,g_a,dpu,3874.62,4234.48
4,157,g_a_cpu,cpu,4234.48,4234.96
4,157,eb_enc,cpu,4234.96,4239.66
4,188,normalize,cpu,4240.11,4243.77
4,188,g_a_cpu,cpu,4243.78,4244.05
4,188,g_a,dpu,4244.05,4610
4,188,g_a,dpu,4610,4969.88
4,188,g_a_cpu,cpu,4969.88,4970.33
4,188,eb_enc,cpu,4970.33,4975.08
4,217,normalize,cpu,4975.52,4979.2
4,217,g_a_cpu,cpu,4979.21,4979.47
4,217,g_a,dpu,4979.47,5338.15
4,217,g_a,dpu,5338.15,5701.97
4,217,g_a_cpu,cpu,5701.97,5702.56
4,217,eb_enc,cpu,5702.57,5707.32
4,246,normalize,cpu,5707.73,5711.4
4,246,g_a_cpu,cpu,5711.4,5711.68
4,246,g_a,dpu,5711.69,6077.94
4,246,g_a,dpu,6077.94,6441.85
4,246,g_a_cpu,cpu,6441.85,6442.47
4,246,eb_enc,cpu,6442.48,6447.34
4,278,normalize,cpu,6447.79,6451.47
4,278,g_a_cpu,cpu,6451.48,6451.74
4,278,g_a,dpu,6451.75,6818.26
4,278,g_a,dpu,6818.27,7181.79
4,278,g_a_cpu,cpu,7181.79,7182.17
4,278,eb_enc,cpu,7182.18,7187.07
4,310,normalize,cpu,7187.51,7191.14
4,310,g_a_cpu,cpu,7191.14,7191.43
4,310,g_a,dpu,7191.43,7557.88
4,310,g_a,dpu,7557.89,7921.8
4,310,g_a_cpu,cpu,7921.81,7922.13
4,310,eb_enc,cpu,7922.13,7926.84
4,339,normalize,cpu,7927.29,7930.95
4,339,g_a_cpu,cpu,7930.95,7931.29
4,339,g_a,dpu,7931.29,8297.78
4,339,g_a,dpu,8297.78,8662.14
4,339,g_a_cpu,cpu,8662.14,8662.57
4,339,eb_enc,cpu,8662.57,8667.32
4,370,normalize,cpu,8667.81,8671.48
4,370,g_a_cpu,cpu,8671.48,8671.83
4,370,g_a,dpu,8671.83,9361.67
4,370,g_a,dpu,9361.67,9726.05
4,370,g_a_cpu,cpu,9726.06,9726.49
4,370,eb_enc,cpu,9726.5,9731.23
4,415,normalize,cpu,9731.7,9735.35
4,415,g_a_cpu,cpu,9735.35,9735.66
4,415,g_a,dpu,9735.66,10090.2
4,415,g_a,dpu,10090.2,10453.9
4,415,g_a_cpu,cpu,10453.9,10454.2
4,415,eb_enc,cpu,10454.2,10459.1
4,445,normalize,cpu,10459.6,10463.3
4,445,g_a_cpu,cpu,10463.3,10463.6
4,445,g_a,dpu,10463.6,10824.9
4,445,g_a,dpu,10824.9,11186.1
4,445,g_a_cpu,cpu,11186.1,11186.5
4,445,eb_enc,cpu,11186.5,11191.3
4,475,normalize,cpu,11191.8,11195.5
4,475,g_a_cpu,cpu,11195.5,11195.8
4,475,g_a,dpu,11195.8,11549.4
4,475,g_a,dpu,11549.4,11917.6
4,475,g_a_cpu,cpu,11917.6,11918.2
4,475,eb_enc,cpu,11918.2,11922.9
4,504,normalize,cpu,11923.4,11927
4,504,g_a_cpu,cpu,11927,11927.4
4,504,g_a,dpu,11927.4,12277.5
4,504,g_a,dpu,12277.5,12645.6
4,504,g_a_cpu,cpu,12645.6,12645.9
4,504,eb_enc,cpu,12645.9,12650.7
4,534,normalize,cpu,12651.1,12654.8
4,534,g_a_cpu,cpu,12654.8,12655
4,534,g_a,dpu,12655.1,13013.9
4,534,g_a,dpu,13013.9,13381.4
4,534,g_a_cpu,cpu,13381.4,13382
4,534,eb_enc,cpu,13382,13386.7
4,560,normalize,cpu,13387.2,13390.8
4,560,g_a_cpu,cpu,13390.8,13391.1
4,560,g_a,dpu,13391.1,13741.6
4,560,g_a,dpu,13741.6,14105.6
4,560,g_a_cpu,cpu,14105.6,14106.1
4,560,eb_enc,cpu,14106.1,14110.8
4,591,normalize,cpu,14111.3,14114.9
4,591,g_a_cpu,cpu,14114.9,14115.2
4,591,g_a,dpu,14115.2,14472.7
4,591,g_a,dpu,14472.7,14837.6
4,591,g_a_cpu,cpu,14837.6,14838.2
4,591,eb_enc,cpu,14838.2,14842.9
4,621,normalize,cpu,14843.4,14847.1
4,621,g_a_cpu,cpu,14847.1,14847.4
4,621,g_a,dpu,14847.4,15212.4
4,621,g_a,dpu,15212.4,15572.5
4,621,g_a_cpu,cpu,15572.5,15573.1
4,621,eb_enc,cpu,15573.1,15577.9
4,652,normalize,cpu,15578.4,15582
4,652,g_a_cpu,cpu,15582,15582.3
4,652,g_a,dpu,15582.3,15938.6
4,652,g_a,dpu,15938.6,16310.5
4,652,g_a_cpu,cpu,16310.5,16310.9
4,652,eb_enc,cpu,16310.9,16315.7
4,683,normalize,cpu,16316.2,16319.9
4,683,g_a_cpu,cpu,16319.9,16320.1
4,683,g_a,dpu,16320.1,16677.2
4,683,g_a,dpu,16677.3,17042
4,683,g_a_cpu,cpu,17042,17042.4
4,683,eb_enc,cpu,17042.4,17047.3
4,713,normalize,cpu,17047.8,17051.5
4,713,g_a_cpu,cpu,17051.5,17051.8
4,713,g_a,dpu,17051.8,17409.7
4,713,g_a,dpu,17409.7,17782.2
4,713,g_a_cpu,cpu,17782.2,17782.5
4,713,eb_enc,cpu,17782.5,17787.2
4,743,normalize,cpu,17787.7,17791.4
4,743,g_a_cpu,cpu,17791.4,17791.6
4,743,g_a,dpu,17791.6,18154.6
4,743,g_a,dpu,18154.6,18518.3
4,743,g_a_cpu,cpu,18518.3,18518.7
4,743,eb_enc,cpu,18518.7,18523.5
4,774,normalize,cpu,18523.9,18527.5
4,774,g_a_cpu,cpu,18527.5,18527.9
4,774,g_a,dpu,18527.9,18889.8
4,774,g_a,dpu,18889.8,19257.7
4,774,g_a_cpu,cpu,19257.7,19258
4,774,eb_enc,cpu,19258,19262.7
4,804,normalize,cpu,19263.1,19266.8
4,804,g_a_cpu,cpu,19266.8,19267.1
4,804,g_a,dpu,19267.1,19638
4,804,g_a,dpu,19638,19674.4
4,804,g_a_cpu,cpu,19674.4,19674.9
4,804,eb_enc,cpu,19674.9,19679.7
4,822,normalize,cpu,19680.3,19684
4,822,g_a_cpu,cpu,19684,19684.3
4,822,g_a,dpu,19684.3,20374.2
4,822,g_a,dpu,20374.2,20410.6
4,822,g_a_cpu,cpu,20410.6,20411.1
4,822,eb_enc,cpu,20411.1,20416
4,851,normalize,cpu,20416.5,20420.1
4,851,g_a_cpu,cpu,20420.1,20420.5
4,851,g_a,dpu,20420.5,21105.2
4,851,g_a,dpu,21105.2,21141.6
4,851,g_a_cpu,cpu,21141.6,21142.1
4,851,eb_enc,cpu,21142.2,21146.9
4,881,normalize,cpu,21147.3,21151
4,881,g_a_cpu,cpu,21151,21151.3
4,881,g_a,dpu,21151.3,21842.6
4,881,g_a,dpu,21842.6,21879
4,881,g_a_cpu,cpu,21879,21879.5
4,881,eb_enc,cpu,21879.5,21884.2
4,911,normalize,cpu,21884.7,21888.3
4,911,g_a_cpu,cpu,21888.3,21888.6
4,911,g_a,dpu,21888.6,22583
4,911,g_a,dpu,22583,22619.5
4,911,g_a_cpu,cpu,22619.5,22620.1
4,911,eb_enc,cpu,22620.1,22625
5,14,normalize,cpu,90.1901,93.9133
5,14,g_a_cpu,cpu,94.0537,94.9638
5,14,g_a,dpu,94.9739,168.477
5,14,g_a,dpu,168.48,537.676
5,14,g_a_cpu,cpu,537.678,538.081
5,14,eb_enc,cpu,538.089,544.164
5,37,normalize,cpu,544.655,548.338
5,37,g_a_cpu,cpu,548.34,548.616
5,37,g_a,dpu,548.619,921.295
5,37,g_a,dpu,921.299,1288.87
5,37,g_a_cpu,cpu,1288.88,1289.21
5,37,eb_enc,cpu,1289.22,1293.9
5,66,normalize,cpu,1294.65,1298.32
5,66,g_a_cpu,cpu,1298.32,1298.67
5,66,g_a,dpu,1298.68,1663.15
5,66,g_a,dpu,1663.15,2027.03
5,66,g_a_cpu,cpu,2027.03,2027.54
5,66,eb_enc,cpu,2027.55,2032.29
5,97,normalize,cpu,2032.77,2036.44
5,97,g_a_cpu,cpu,2036.45,2036.73
5,97,g_a,dpu,2036.74,2405
5,97,g_a,dpu,2405,2774.21
5,97,g_a_cpu,cpu,2774.21,2774.57
5,97,eb_enc,cpu,2774.57,2779.29
5,127,normalize,cpu,2779.8,2783.44
5,127,g_a_cpu,cpu,2783.45,2783.79
5,127,g_a,dpu,2783.79,3158.63
5,127,g_a,dpu,3158.64,3523.78
5,127,g_a_cpu,cpu,3523.78,3524.14
5,127,eb_enc,cpu,3524.14,3528.87
5,158,normalize,cpu,3529.38,3533.07
5,158,g_a_cpu,cpu,3533.08,3533.39
5,158,g_a,dpu,3533.39,3892.62
5,158,g_a,dpu,3892.62,3929.33
5,158,g_a_cpu,cpu,3929.33,3929.67
5,158,eb_enc,cpu,3929.67,3934.33
5,180,normalize,cpu,3934.85,3938.5
5,180,g_a_cpu,cpu,3938.51,3938.8
5,180,g_a,dpu,3938.8,4625.51
5,180,g_a,dpu,4625.52,4991.36
5,180,g_a_cpu,cpu,4991.36,4991.81
5,180,eb_enc,cpu,4991.82,4996.54
5,218,normalize,cpu,4997.05,5000.8
5,218,g_a_cpu,cpu,5000.81,5001.01
5,218,g_a,dpu,5001.02,5366.62
5,218,g_a,dpu,5366.62,5731.13
5,218,g_a_cpu,cpu,5731.13,5731.55
5,218,eb_enc,cpu,5731.55,5736.25
5,247,normalize,cpu,5736.73,5740.48
5,247,g_a_cpu,cpu,5740.48,5740.89
5,247,g_a,dpu,5740.9,6106.53
5,247,g_a,dpu,6106.53,6470.29
5,247,g_a_cpu,cpu,6470.29,6470.64
5,247,eb_enc,cpu,6470.65,6475.42
5,279,normalize,cpu,6476.05,6479.84
5,279,g_a_cpu,cpu,6479.84,6480.17
5,279,g_a,dpu,6480.17,6850.95
5,279,g_a,dpu,6850.95,7221.77
5,279,g_a_cpu,cpu,7221.77,7222.31
5,279,eb_enc,cpu,7222.31,7227.18
5,312,normalize,cpu,7227.76,7231.4
5,312,g_a_cpu,cpu,7231.4,7231.82
5,312,g_a,dpu,7231.82,7590.58
5,312,g_a,dpu,7590.59,7965.93
5,312,g_a_cpu,cpu,7965.94,7966.35
5,312,eb_enc,cpu,7966.36,7971.13
5,343,normalize,cpu,7971.73,7975.43
5,343,g_a_cpu,cpu,7975.43,7975.66
5,343,g_a,dpu,7975.66,8341.09
5,343,g_a,dpu,8341.09,8706.44
5,343,g_a_cpu,cpu,8706.44,8706.84
5,343,eb_enc,cpu,8706.84,8711.54
5,374,normalize,cpu,8712.03,8715.66
5,374,g_a_cpu,cpu,8715.67,8715.99
5,374,g_a,dpu,8716,9076.58
5,374,g_a,dpu,9076.58,9446.51
5,374,g_a_cpu,cpu,9446.51,9446.85
5,374,eb_enc,cpu,9446.85,9451.64
5,402,normalize,cpu,9452.16,9455.83
5,402,g_a_cpu,cpu,9455.83,9456.19
5,402,g_a,dpu,9456.19,9822.46
5,402,g_a,dpu,9822.46,10190.6
5,402,g_a_cpu,cpu,10190.6,10191.1
5,402,eb_enc,cpu,10191.1,10196
5,433,normalize,cpu,10196.5,10200.2
5,433,g_a_cpu,cpu,10200.2,10200.5
5,433,g_a,dpu,10200.5,10561.8
5,433,g_a,dpu,10561.8,10926.5
5,433,g_a_cpu,cpu,10926.5,10926.9
5,433,eb_enc,cpu,10926.9,10931.6
5,463,normalize,cpu,10932.4,10936.2
5,463,g_a_cpu,cpu,10936.2,10936.7
5,463,g_a,dpu,10936.7,11299.8
5,463,g_a,dpu,11299.8,11668
5,463,g_a_cpu,cpu,11668,11668.5
5,463,eb_enc,cpu,11668.5,11673.2
5,495,normalize,cpu,11673.6,11677.3
5,495,g_a_cpu,cpu,11677.3,11677.6
5,495,g_a,dpu,11677.6,12036.6
5,495,g_a,dpu,12036.6,12403.3
5,495,g_a_cpu,cpu,12403.3,12403.7
5,495,eb_enc,cpu,12403.7,12408.4
5,525,normalize,cpu,12408.9,12412.6
5,525,g_a_cpu,cpu,12412.6,12412.9
5,525,g_a,dpu,12412.9,13099.8
5,525,g_a,dpu,13099.8,13136.7
5,525,g_a_cpu,cpu,13136.7,13137.2
5,525,eb_enc,cpu,13137.2,13141.9
5,555,normalize,cpu,13142.5,13146.1
5,555,g_a_cpu,cpu,13146.1,13146.5
5,555,g_a,dpu,13146.5,13500.5
5,555,g_a,dpu,13500.5,13869
5,555,g_a_cpu,cpu,13869,13869.3
5,555,eb_enc,cpu,13869.3,13874.1
5,585,normalize,cpu,13874.8,13878.5
5,585,g_a_cpu,cpu,13878.5,13878.8
5,585,g_a,dpu,13878.8,14234.5
5,585,g_a,dpu,14234.5,14610.1
5,585,g_a_cpu,cpu,14610.1,14610.6
5,585,eb_enc,cpu,14610.6,14615.4
5,615,normalize,cpu,14615.9,14619.7
5,615,g_a_cpu,cpu,14619.7,14620.2
5,615,g_a,dpu,14620.3,14974.8
5,615,g_a,dpu,14974.8,15364.1
5,615,g_a_cpu,cpu,15364.1,15364.6
5,615,eb_enc,cpu,15364.6,15369.3
5,648,normalize,cpu,15369.8,15373.4
5,648,g_a_cpu,cpu,15373.4,15373.8
5,648,g_a,dpu,15373.8,15729.1
5,648,g_a,dpu,15729.1,16114.3
5,648,g_a_cpu,cpu,16114.3,16114.8
5,648,eb_enc,cpu,16114.8,16119.5
5,678,normalize,cpu,16120,16123.7
5,678,g_a_cpu,cpu,16123.7,16124
5,678,g_a,dpu,16124,16478.1
5,678,g_a,dpu,16478.1,16862.3
5,678,g_a_cpu,cpu,16862.3,16862.7
5,678,eb_enc,cpu,16862.7,16867.4
5,708,normalize,cpu,16867.9,16871.5
5,708,g_a_cpu,cpu,16871.5,16871.8
5,708,g_a,dpu,16871.8,17231
5,708,g_a,dpu,17231,17614.2
5,708,g_a_cpu,cpu,17614.2,17614.6
5,708,eb_enc,cpu,17614.7,17619.3
5,738,normalize,cpu,17619.9,17627.9
5,738,g_a_cpu,cpu,17627.9,17628.3
5,738,g_a,dpu,17628.3,18315.4
5,738,g_a,dpu,18315.4,18352.1
5,738,g_a_cpu,cpu,18352.1,18352.5
5,738,eb_enc,cpu,18352.5,18357.3
5,768,normalize,cpu,18357.9,18361.5
5,768,g_a_cpu,cpu,18361.5,18361.9
5,768,g_a,dpu,18361.9,19066.2
5,768,g_a,dpu,19066.2,19103.1
5,768,g_a_cpu,cpu,19103.1,19103.5
5,768,eb_enc,cpu,19103.5,19108.3
5,799,normalize,cpu,19108.8,19112.5
5,799,g_a_cpu,cpu,19112.5,19112.9
5,799,g_a,dpu,19112.9,19814.1
5,799,g_a,dpu,19814.1,20179.8
5,799,g_a_cpu,cpu,20179.8,20180.1
5,799,eb_enc,cpu,20180.1,20184.8
5,838,normalize,cpu,20185.3,20188.9
5,838,g_a_cpu,cpu,20188.9,20189.3
5,838,g_a,dpu,20189.3,20563.6
5,838,g_a,dpu,20563.6,20932.5
5,838,g_a_cpu,cpu,20932.5,20933
5,838,eb_enc,cpu,20933,20937.8
5,870,normalize,cpu,20938.2,20941.8
5,870,g_a_cpu,cpu,20941.8,20942.2
5,870,g_a,dpu,20942.2,21299.6
5,870,g_a,dpu,21299.6,21664.9
5,870,g_a_cpu,cpu,21664.9,21665.3
5,870,eb_enc,cpu,21665.3,21670.1
5,900,normalize,cpu,21670.5,21674.2
5,900,g_a_cpu,cpu,21674.2,21674.5
5,900,g_a,dpu,21674.5,22038.8
5,900,g_a,dpu,22038.9,22407.5
5,900,g_a_cpu,cpu,22407.5,22407.9
5,900,eb_enc,cpu,22407.9,22412.7
6,8,normalize,cpu,78.2493,81.9966
6,8,g_a_cpu,cpu,82.1275,82.5037
6,8,g_a,dpu,82.5099,130.185
6,8,g_a,dpu,130.188,491.851
6,8,g_a_cpu,cpu,491.852,492.308
6,8,eb_enc,cpu,492.316,498.395
6,33,normalize,cpu,498.891,502.748
6,33,g_a_cpu,cpu,502.75,503.099
6,33,g_a,dpu,503.102,862.684
6,33,g_a,dpu,862.69,1232.11
6,33,g_a_cpu,cpu,1232.11,1232.47
6,33,eb_enc,cpu,1232.48,1237.1
6,64,normalize,cpu,1237.64,1241.31
6,64,g_a_cpu,cpu,1241.31,1241.64
6,64,g_a,dpu,1241.65,1593.42
6,64,g_a,dpu,1593.42,1957.33
6,64,g_a_cpu,cpu,1957.33,1957.78
6,64,eb_enc,cpu,1957.79,1962.48
6,94,normalize,cpu,1963.03,1966.7
6,94,g_a_cpu,cpu,1966.7,1966.98
6,94,g_a,dpu,1966.98,2325.19
6,94,g_a,dpu,2325.19,2689.5
6,94,g_a_cpu,cpu,2689.51,2689.94
6,94,eb_enc,cpu,2689.94,2694.63
6,124,normalize,cpu,2695.16,2698.82
6,124,g_a_cpu,cpu,2698.83,2699.16
6,124,g_a,dpu,2699.16,3057.77
6,124,g_a,dpu,3057.77,3425.83
6,124,g_a_cpu,cpu,3425.83,3426.24
6,124,eb_enc,cpu,3426.24,3430.96
6,154,normalize,cpu,3431.47,3435.15
6,154,g_a_cpu,cpu,3435.15,3435.44
6,154,g_a,dpu,3435.44,3789.91
6,154,g_a,dpu,3789.91,4157.41
6,154,g_a_cpu,cpu,4157.41,4157.77
6,154,eb_enc,cpu,4157.77,4162.47
6,185,normalize,cpu,4163.65,4167.29
6,185,g_a_cpu,cpu,4167.29,4167.6
6,185,g_a,dpu,4167.6,4525.72
6,185,g_a,dpu,4525.73,4889.5
6,185,g_a_cpu,cpu,4889.51,4889.87
6,185,eb_enc,cpu,4889.88,4894.54
6,214,normalize,cpu,4895.02,4898.67
6,214,g_a_cpu,cpu,4898.67,4898.99
6,214,g_a,dpu,4898.99,5593.63
6,214,g_a,dpu,5593.63,5969.88
6,214,g_a_cpu,cpu,5969.89,5970.39
6,214,eb_enc,cpu,5970.39,5975.14
6,265,normalize,cpu,5975.73,5979.4
6,265,g_a_cpu,cpu,5979.41,5979.67
6,265,g_a,dpu,5979.67,6661.92
6,265,g_a,dpu,6661.92,7025.19
6,265,g_a_cpu,cpu,7025.2,7025.55
6,265,eb_enc,cpu,7025.56,7030.19
6,303,normalize,cpu,7030.75,7034.44
6,303,g_a_cpu,cpu,7034.44,7034.81
6,303,g_a,dpu,7034.81,7397.54
6,303,g_a,dpu,7397.54,7761.62
6,303,g_a_cpu,cpu,7761.62,7762.11
6,303,eb_enc,cpu,7762.11,7766.86
6,333,normalize,cpu,7767.35,7771
6,333,g_a_cpu,cpu,7771,7771.3
6,333,g_a,dpu,7771.3,8137.87
6,333,g_a,dpu,8137.87,8497.35
6,333,g_a_cpu,cpu,8497.35,8497.79
6,333,eb_enc,cpu,8497.8,8502.46
6,362,normalize,cpu,8502.95,8506.59
6,362,g_a_cpu,cpu,8506.59,8506.95
6,362,g_a,dpu,8506.95,8877.77
6,362,g_a,dpu,8877.77,9237.3
6,362,g_a_cpu,cpu,9237.3,9237.73
6,362,eb_enc,cpu,9237.73,9242.43
6,391,normalize,cpu,9242.99,9246.67
6,391,g_a_cpu,cpu,9246.68,9246.94
6,391,g_a,dpu,9246.94,9605.96
6,391,g_a,dpu,9605.97,9969.75
6,391,g_a_cpu,cpu,9969.75,9970.17
6,391,eb_enc,cpu,9970.17,9974.85
6,422,normalize,cpu,9975.34,9979
6,422,g_a_cpu,cpu,9979.01,9979.31
6,422,g_a,dpu,9979.31,10334.4
6,422,g_a,dpu,10334.4,10693.8
6,422,g_a_cpu,cpu,10693.8,10694.2
6,422,eb_enc,cpu,10694.2,10699
6,452,normalize,cpu,10699.5,10703.2
6,452,g_a_cpu,cpu,10703.2,10703.4
6,452,g_a,dpu,10703.4,11065.6
6,452,g_a,dpu,11065.6,11428.1
6,452,g_a_cpu,cpu,11428.1,11428.5
6,452,eb_enc,cpu,11428.5,11433.2
6,482,normalize,cpu,11433.8,11437.4
6,482,g_a_cpu,cpu,11437.4,11437.8
6,482,g_a,dpu,11437.8,11801.7
6,482,g_a,dpu,11801.7,12160.5
6,482,g_a_cpu,cpu,12160.5,12161
6,482,eb_enc,cpu,12161,12165.7
6,512,normalize,cpu,12166.3,12170
6,512,g_a_cpu,cpu,12170,12170.3
6,512,g_a,dpu,12170.3,12521.7
6,512,g_a,dpu,12521.7,12886.2
6,512,g_a_cpu,cpu,12886.2,12886.6
6,512,eb_enc,cpu,12886.6,12891.3
6,545,normalize,cpu,12891.9,12895.5
6,545,g_a_cpu,cpu,12895.5,12895.8
6,545,g_a,dpu,12895.8,13253.9
6,545,g_a,dpu,13253.9,13618.8
6,545,g_a_cpu,cpu,13618.8,13619.2
6,545,eb_enc,cpu,13619.2,13623.9
6,574,normalize,cpu,13624.4,13628.1
6,574,g_a_cpu,cpu,13628.1,13628.4
6,574,g_a,dpu,13628.4,13982.1
6,574,g_a,dpu,13982.1,14353.2
6,574,g_a_cpu,cpu,14353.2,14353.7
6,574,eb_enc,cpu,14353.8,14358.6
6,604,normalize,cpu,14359,14362.7
6,604,g_a_cpu,cpu,14362.7,14363
6,604,g_a,dpu,14363,14722
6,604,g_a,dpu,14722,15094
6,604,g_a_cpu,cpu,15094,15094.5
6,604,eb_enc,cpu,15094.5,15099.5
6,634,normalize,cpu,15099.9,15103.6
6,634,g_a_cpu,cpu,15103.6,15103.9
6,634,g_a,dpu,15103.9,15458.1
6,634,g_a,dpu,15458.1,15821.4
6,634,g_a_cpu,cpu,15821.4,15821.7
6,634,eb_enc,cpu,15821.7,15826.4
6,661,normalize,cpu,15827,15830.6
6,661,g_a_cpu,cpu,15830.6,15831
6,661,g_a,dpu,15831,16196.9
6,661,g_a,dpu,16196.9,16558.4
6,661,g_a_cpu,cpu,16558.4,16558.9
6,661,eb_enc,cpu,16558.9,16563.6
6,692,normalize,cpu,16564,16567.7
6,692,g_a_cpu,cpu,16567.7,16568
6,692,g_a,dpu,16568,16929.6
6,692,g_a,dpu,16929.6,17293.5
6,692,g_a_cpu,cpu,17293.5,17294
6,692,eb_enc,cpu,17294,17298.7
6,722,normalize,cpu,17299.3,17302.9
6,722,g_a_cpu,cpu,17302.9,17303.2
6,722,g_a,dpu,17303.2,17662.8
6,722,g_a,dpu,17662.8,18029.6
6,722,g_a_cpu,cpu,18029.6,18030
6,722,eb_enc,cpu,18030,18034.7
6,753,normalize,cpu,18035.6,18039.2
6,753,g_a_cpu,cpu,18039.2,18039.7
6,753,g_a,dpu,18039.7,18393.9
6,753,g_a,dpu,18393.9,18753.5
6,753,g_a_cpu,cpu,18753.5,18754
6,753,eb_enc,cpu,18754,18758.7
6,781,normalize,cpu,18759.2,18762.8
6,781,g_a_cpu,cpu,18762.8,18763.2
6,781,g_a,dpu,18763.2,19121.8
6,781,g_a,dpu,19121.8,19485.1
6,781,g_a_cpu,cpu,19485.2,19485.7
6,781,eb_enc,cpu,19485.7,19490.6
6,811,normalize,cpu,19491.1,19494.8
6,811,g_a_cpu,cpu,19494.8,19495.1
6,811,g_a,dpu,19495.1,19850.4
6,811,g_a,dpu,19850.4,20213.7
6,811,g_a_cpu,cpu,20213.7,20214.2
6,811,eb_enc,cpu,20214.2,20222.7
6,840,normalize,cpu,20223.2,20229.6
6,840,g_a_cpu,cpu,20229.6,20230.2
6,840,g_a,dpu,20230.2,20581.7
6,840,g_a,dpu,20581.7,20954.1
6,840,g_a_cpu,cpu,20954.1,20954.5
6,840,eb_enc,cpu,20954.5,20959.2
6,871,normalize,cpu,20959.7,20963.4
6,871,g_a_cpu,cpu,20963.4,20963.7
6,871,g_a,dpu,20963.7,21317.6
6,871,g_a,dpu,21317.6,21693.7
6,871,g_a_cpu,cpu,21693.7,21694.1
6,871,eb_enc,cpu,21694.1,21698.9
6,901,normalize,cpu,21699.5,21707.6
6,901,g_a_cpu,cpu,21707.6,21708
6,901,g_a,dpu,21708,22065.8
6,901,g_a,dpu,22065.8,22429.6
6,901,g_a_cpu,cpu,22429.6,22430.1
6,901,eb_enc,cpu,22430.1,22438
7,24,normalize,cpu,103.092,106.811
7,24,g_a_cpu,cpu,106.869,107.373
7,24,g_a,dpu,107.377,338.289
7,24,g_a,dpu,338.293,709.79
7,24,g_a_cpu,cpu,709.791,710.146
7,24,eb_enc,cpu,710.152,716.325
7,48,normalize,cpu,716.847,720.511
7,48,g_a_cpu,cpu,720.517,720.827
7,48,g_a,dpu,720.831,1078.31
7,48,g_a,dpu,1078.31,1438.63
7,48,g_a_cpu,cpu,1438.63,1439.21
7,48,eb_enc,cpu,1439.22,1444.03
7,76,normalize,cpu,1444.48,1448.12
7,76,g_a_cpu,cpu,1448.12,1448.55
7,76,g_a,dpu,1448.55,1802.03
7,76,g_a,dpu,1802.03,2170.94
7,76,g_a_cpu,cpu,2170.94,2171.4
7,76,eb_enc,cpu,2171.41,2176.3
7,105,normalize,cpu,2176.84,2180.53
7,105,g_a_cpu,cpu,2180.54,2180.89
7,105,g_a,dpu,2180.89,2533.87
7,105,g_a,dpu,2533.87,2893.78
7,105,g_a_cpu,cpu,2893.79,2894.36
7,105,eb_enc,cpu,2894.36,2899.11
7,136,normalize,cpu,2899.54,2903.23
7,136,g_a_cpu,cpu,2903.23,2903.61
7,136,g_a,dpu,2903.61,3258.89
7,136,g_a,dpu,3258.89,3621.8
7,136,g_a_cpu,cpu,3621.8,3622.25
7,136,eb_enc,cpu,3622.26,3627.05
7,165,normalize,cpu,3627.59,3631.22
7,165,g_a_cpu,cpu,3631.23,3631.59
7,165,g_a,dpu,3631.59,3982.42
7,165,g_a,dpu,3982.43,4346.71
7,165,g_a_cpu,cpu,4346.71,4347.07
7,165,eb_enc,cpu,4347.08,4351.84
7,195,normalize,cpu,4352.35,4356.03
7,195,g_a_cpu,cpu,4356.04,4356.33
7,195,g_a,dpu,4356.33,4717.86
7,195,g_a,dpu,4717.87,5077.93
7,195,g_a_cpu,cpu,5077.93,5078.27
7,195,eb_enc,cpu,5078.27,5082.99
7,225,normalize,cpu,5083.5,5087.17
7,225,g_a_cpu,cpu,5087.17,5087.48
7,225,g_a,dpu,5087.48,5445.94
7,225,g_a,dpu,5445.94,5810.05
7,225,g_a_cpu,cpu,5810.05,5810.49
7,225,eb_enc,cpu,5810.49,5819.61
7,255,normalize,cpu,5820.05,5823.74
7,255,g_a_cpu,cpu,5823.74,5824.25
7,255,g_a,dpu,5824.25,6185.63
7,255,g_a,dpu,6185.63,6557.93
7,255,g_a_cpu,cpu,6557.93,6558.33
7,255,eb_enc,cpu,6558.33,6563.12
7,286,normalize,cpu,6563.65,6567.4
7,286,g_a_cpu,cpu,6567.4,6567.68
7,286,g_a,dpu,6567.69,6926.56
7,286,g_a,dpu,6926.56,7298.43
7,286,g_a_cpu,cpu,7298.43,7298.86
7,286,eb_enc,cpu,7298.86,7303.59
7,318,normalize,cpu,7304.15,7307.78
7,318,g_a_cpu,cpu,7307.78,7308.12
7,318,g_a,dpu,7308.12,7665.9
7,318,g_a,dpu,7665.9,8039.04
7,318,g_a_cpu,cpu,8039.04,8039.55
7,318,eb_enc,cpu,8039.56,8044.46
7,348,normalize,cpu,8044.99,8048.63
7,348,g_a_cpu,cpu,8048.64,8049.03
7,348,g_a,dpu,8049.03,8406.01
7,348,g_a,dpu,8406.01,8773.82
7,348,g_a_cpu,cpu,8773.82,8774.25
7,348,eb_enc,cpu,8774.25,8778.95
7,379,normalize,cpu,8779.46,8783.11
7,379,g_a_cpu,cpu,8783.11,8783.51
7,379,g_a,dpu,8783.51,9137.79
7,379,g_a,dpu,9137.79,9506.8
7,379,g_a_cpu,cpu,9506.81,9507.28
7,379,eb_enc,cpu,9507.28,9512.5
7,407,normalize,cpu,9513.25,9516.94
7,407,g_a_cpu,cpu,9516.94,9517.48
7,407,g_a,dpu,9517.49,9871.86
7,407,g_a,dpu,9871.86,10237.9
7,407,g_a_cpu,cpu,10237.9,10238.3
7,407,eb_enc,cpu,10238.3,10243
7,436,normalize,cpu,10243.6,10247.3
7,436,g_a_cpu,cpu,10247.3,10247.5
7,436,g_a,dpu,10247.5,10605.6
7,436,g_a,dpu,10605.6,10970.2
7,436,g_a_cpu,cpu,10970.2,10970.6
7,436,eb_enc,cpu,10970.6,10975.3
7,466,normalize,cpu,10975.8,10979.5
7,466,g_a_cpu,cpu,10979.5,10979.8
7,466,g_a,dpu,10979.9,11333.6
7,466,g_a,dpu,11333.6,11697.8
7,466,g_a_cpu,cpu,11697.8,11698.2
7,466,eb_enc,cpu,11698.2,11702.9
7,497,normalize,cpu,11703.4,11707.8
7,497,g_a_cpu,cpu,11707.8,11708.1
7,497,g_a,dpu,11708.1,12061.5
7,497,g_a,dpu,12061.5,12426.9
7,497,g_a_cpu,cpu,12426.9,12427.3
7,497,eb_enc,cpu,12427.3,12432
7,527,normalize,cpu,12432.6,12436.2
7,527,g_a_cpu,cpu,12436.2,12436.5
7,527,g_a,dpu,12436.5,12797.8
7,527,g_a,dpu,12797.8,13161.8
7,527,g_a_cpu,cpu,13161.8,13162.2
7,527,eb_enc,cpu,13162.2,13167
7,556,normalize,cpu,13167.5,13171.2
7,556,g_a_cpu,cpu,13171.2,13171.6
7,556,g_a,dpu,13171.6,13525.3
7,556,g_a,dpu,13525.3,13885.9
7,556,g_a_cpu,cpu,13885.9,13886.4
7,556,eb_enc,cpu,13886.4,13891.1
7,587,normalize,cpu,13891.7,13895.3
7,587,g_a_cpu,cpu,13895.3,13895.7
7,587,g_a,dpu,13895.7,14249.5
7,587,g_a,dpu,14249.5,14617.7
7,587,g_a_cpu,cpu,14617.7,14618.1
7,587,eb_enc,cpu,14618.1,14622.9
7,617,normalize,cpu,14623.4,14627
7,617,g_a_cpu,cpu,14627,14627.3
7,617,g_a,dpu,14627.3,14981.9
7,617,g_a,dpu,14981.9,15356.2
7,617,g_a_cpu,cpu,15356.2,15356.7
7,617,eb_enc,cpu,15356.7,15361.5
7,647,normalize,cpu,15362,15365.6
7,647,g_a_cpu,cpu,15365.7,15366.1
7,647,g_a,dpu,15366.1,15716.5
7,647,g_a,dpu,15716.5,16089.9
7,647,g_a_cpu,cpu,16089.9,16090.4
7,647,eb_enc,cpu,16090.4,16095.2
7,677,normalize,cpu,16095.6,16099.3
7,677,g_a_cpu,cpu,16099.3,16099.7
7,677,g_a,dpu,16099.7,16454.3
7,677,g_a,dpu,16454.3,16821.3
7,677,g_a_cpu,cpu,16821.3,16821.7
7,677,eb_enc,cpu,16821.7,16826.5
7,706,normalize,cpu,16827.2,16830.8
7,706,g_a_cpu,cpu,16830.9,16831.2
7,706,g_a,dpu,16831.2,17189.5
7,706,g_a,dpu,17189.5,17557.8
7,706,g_a_cpu,cpu,17557.8,17558.2
7,706,eb_enc,cpu,17558.2,17562.9
7,736,normalize,cpu,17563.4,17567.1
7,736,g_a_cpu,cpu,17567.1,17567.4
7,736,g_a,dpu,17567.4,17933.7
7,736,g_a,dpu,17933.7,18299
7,736,g_a_cpu,cpu,18299,18299.5
7,736,eb_enc,cpu,18299.5,18304.2
7,767,normalize,cpu,18304.7,18308.4
7,767,g_a_cpu,cpu,18308.4,18308.7
7,767,g_a,dpu,18308.7,18669.8
7,767,g_a,dpu,18669.9,19037.9
7,767,g_a_cpu,cpu,19037.9,19038.3
7,767,eb_enc,cpu,19038.3,19043.1
7,797,normalize,cpu,19043.6,19047.3
7,797,g_a_cpu,cpu,19047.3,19047.6
7,797,g_a,dpu,19047.6,19410
7,797,g_a,dpu,19410,19785.9
7,797,g_a_cpu,cpu,19785.9,19786.3
7,797,eb_enc,cpu,19786.3,19791.1
7,828,normalize,cpu,19791.5,19795.2
7,828,g_a_cpu,cpu,19795.3,19795.5
7,828,g_a,dpu,19795.6,20150.4
7,828,g_a,dpu,20150.4,20525.9
7,828,g_a_cpu,cpu,20525.9,20526.3
7,828,eb_enc,cpu,20526.3,20531.1
7,856,normalize,cpu,20531.6,20535.3
7,856,g_a_cpu,cpu,20535.3,20535.6
7,856,g_a,dpu,20535.6,20889.1
7,856,g_a,dpu,20889.1,21249.4
7,856,g_a_cpu,cpu,21249.4,21249.9
7,856,eb_enc,cpu,21249.9,21254.6
7,886,normalize,cpu,21255.1,21258.8
7,886,g_a_cpu,cpu,21258.8,21259.1
7,886,g_a,dpu,21259.1,21622.1
7,886,g_a,dpu,21622.1,21996.3
7,886,g_a_cpu,cpu,21996.3,21996.7
7,886,eb_enc,cpu,21996.7,22001.5
7,916,normalize,cpu,22002,22005.6
7,916,g_a_cpu,cpu,22005.6,22006.1
7,916,g_a,dpu,22006.1,22694.2
7,916,g_a,dpu,22694.3,22842
7,916,g_a_cpu,cpu,22842,22842.3
7,916,eb_enc,cpu,22842.3,22847
8,4,normalize,cpu,72.7967,76.5722
8,4,g_a_cpu,cpu,112.677,113.089
8,4,g_a,dpu,113.098,318.212
8,4,g_a,dpu,318.215,690.225
8,4,g_a_cpu,cpu,690.226,690.56
8,4,eb_enc,cpu,690.565,696.553
8,47,normalize,cpu,697.01,700.668
8,47,g_a_cpu,cpu,700.671,700.991
8,47,g_a,dpu,700.994,1070.37
8,47,g_a,dpu,1070.38,1438.13
8,47,g_a_cpu,cpu,1438.13,1438.48
8,47,eb_enc,cpu,1438.48,1443.36
8,75,normalize,cpu,1443.8,1447.52
8,75,g_a_cpu,cpu,1447.52,1447.83
8,75,g_a,dpu,1447.83,1808.84
8,75,g_a,dpu,1808.84,2173.75
8,75,g_a_cpu,cpu,2173.75,2174.24
8,75,eb_enc,cpu,2174.25,2179.13
8,106,normalize,cpu,2179.59,2183.23
8,106,g_a_cpu,cpu,2183.23,2183.5
8,106,g_a,dpu,2183.5,2550.88
8,106,g_a,dpu,2550.88,2926.48
8,106,g_a_cpu,cpu,2926.48,2926.8
8,106,eb_enc,cpu,2926.8,2935.73
8,138,normalize,cpu,2936.18,2939.85
8,138,g_a_cpu,cpu,2939.85,2940.16
8,138,g_a,dpu,2940.16,3304.4
8,138,g_a,dpu,3304.4,3672.79
8,138,g_a_cpu,cpu,3672.79,3673.27
8,138,eb_enc,cpu,3673.27,3678.18
8,168,normalize,cpu,3678.95,3682.62
8,168,g_a_cpu,cpu,3682.62,3682.94
8,168,g_a,dpu,3682.94,4039.35
8,168,g_a,dpu,4039.36,4406.71
8,168,g_a_cpu,cpu,4406.71,4407.18
8,168,eb_enc,cpu,4407.18,4411.91
8,198,normalize,cpu,4412.39,4416.1
8,198,g_a_cpu,cpu,4416.1,4416.32
8,198,g_a,dpu,4416.32,4771.17
8,198,g_a,dpu,4771.17,5142.59
8,198,g_a_cpu,cpu,5142.59,5143.02
8,198,eb_enc,cpu,5143.02,5148.17
8,229,normalize,cpu,5148.7,5152.36
8,229,g_a_cpu,cpu,5152.37,5152.68
8,229,g_a,dpu,5152.69,5512.09
8,229,g_a,dpu,5512.09,5882.68
8,229,g_a_cpu,cpu,5882.68,5883.15
8,229,eb_enc,cpu,5883.15,5887.88
8,259,normalize,cpu,5888.34,5892.01
8,259,g_a_cpu,cpu,5892.01,5892.38
8,259,g_a,dpu,5892.38,6252.04
8,259,g_a,dpu,6252.04,6620.38
8,259,g_a_cpu,cpu,6620.38,6620.76
8,259,eb_enc,cpu,6620.76,6625.65
8,290,normalize,cpu,6626.45,6630.1
8,290,g_a_cpu,cpu,6630.11,6630.47
8,290,g_a,dpu,6630.47,6996.78
8,290,g_a,dpu,6996.78,7368.44
8,290,g_a_cpu,cpu,7368.44,7368.78
8,290,eb_enc,cpu,7368.79,7373.66
8,322,normalize,cpu,7374.24,7377.91
8,322,g_a_cpu,cpu,7377.91,7378.25
8,322,g_a,dpu,7378.25,7736.32
8,322,g_a,dpu,7736.32,8117.64
8,322,g_a_cpu,cpu,8117.65,8118.03
8,322,eb_enc,cpu,8118.04,8122.87
8,353,normalize,cpu,8123.33,8126.98
8,353,g_a_cpu,cpu,8126.98,8127.39
8,353,g_a,dpu,8127.39,8818.15
8,353,g_a,dpu,8818.15,8855.13
8,353,g_a_cpu,cpu,8855.13,8855.44
8,353,eb_enc,cpu,8855.45,8860.16
8,383,normalize,cpu,8860.6,8864.24
8,383,g_a_cpu,cpu,8864.25,8864.53
8,383,g_a,dpu,8864.53,9222.26
8,383,g_a,dpu,9222.26,9259.12
8,383,g_a_cpu,cpu,9259.12,9259.46
8,383,eb_enc,cpu,9259.47,9264.21
8,392,normalize,cpu,9264.69,9268.37
8,392,g_a_cpu,cpu,9268.37,9268.68
8,392,g_a,dpu,9268.68,9638.34
8,392,g_a,dpu,9638.34,10004.6
8,392,g_a_cpu,cpu,10004.6,10005
8,392,eb_enc,cpu,10005,10009.8
8,423,normalize,cpu,10010.3,10014
8,423,g_a_cpu,cpu,10014.1,10014.4
8,423,g_a,dpu,10014.4,10378.1
8,423,g_a,dpu,10378.1,10744.1
8,423,g_a_cpu,cpu,10744.1,10744.6
8,423,eb_enc,cpu,10744.6,10749.3
8,454,normalize,cpu,10749.8,10753.4
8,454,g_a_cpu,cpu,10753.4,10753.9
8,454,g_a,dpu,10753.9,11112.5
8,454,g_a,dpu,11112.5,11484
8,454,g_a_cpu,cpu,11484,11484.3
8,454,eb_enc,cpu,11484.3,11489.1
8,486,normalize,cpu,11489.6,11493.2
8,486,g_a_cpu,cpu,11493.2,11493.5
8,486,g_a,dpu,11493.5,11854.3
8,486,g_a,dpu,11854.3,12219.7
8,486,g_a_cpu,cpu,12219.7,12220.2
8,486,eb_enc,cpu,12220.2,12224.9
8,516,normalize,cpu,12225.4,12229.1
8,516,g_a_cpu,cpu,12229.1,12229.4
8,516,g_a,dpu,12229.4,12586.2
8,516,g_a,dpu,12586.2,12953.6
8,516,g_a_cpu,cpu,12953.6,12954.1
8,516,eb_enc,cpu,12954.1,12958.9
8,549,normalize,cpu,12959.4,12963.1
8,549,g_a_cpu,cpu,12963.1,12966
8,549,g_a,dpu,12966,13318.6
8,549,g_a,dpu,13318.6,13686.3
8,549,g_a_cpu,cpu,13686.3,13686.7
8,549,eb_enc,cpu,13686.8,13691.5
8,578,normalize,cpu,13691.9,13695.7
8,578,g_a_cpu,cpu,13695.7,13696.1
8,578,g_a,dpu,13696.1,14052
8,578,g_a,dpu,14052,14422.2
8,578,g_a_cpu,cpu,14422.2,14422.5
8,578,eb_enc,cpu,14422.5,14427.2
8,608,normalize,cpu,14427.6,14435.7
8,608,g_a_cpu,cpu,14435.7,14436.1
8,608,g_a,dpu,14436.1,14792.2
8,608,g_a,dpu,14792.2,15178
8,608,g_a_cpu,cpu,15178,15178.3
8,608,eb_enc,cpu,15178.3,15183.2
8,640,normalize,cpu,15183.8,15187.4
8,640,g_a_cpu,cpu,15187.5,15187.8
8,640,g_a,dpu,15187.8,15546.8
8,640,g_a,dpu,15546.8,15921.5
8,640,g_a_cpu,cpu,15921.5,15922
8,640,eb_enc,cpu,15922,15926.7
8,668,normalize,cpu,15927.2,15930.9
8,668,g_a_cpu,cpu,15930.9,15931.1
8,668,g_a,dpu,15931.1,16296.1
8,668,g_a,dpu,16296.1,16671
8,668,g_a_cpu,cpu,16671,16671.4
8,668,eb_enc,cpu,16671.4,16676.2
8,699,normalize,cpu,16676.6,16680.9
8,699,g_a_cpu,cpu,16680.9,16681.2
8,699,g_a,dpu,16681.2,17386.2
8,699,g_a,dpu,17386.2,17423
8,699,g_a_cpu,cpu,17423,17423.3
8,699,eb_enc,cpu,17423.3,17428.1
8,729,normalize,cpu,17428.5,17432.2
8,729,g_a_cpu,cpu,17432.2,17432.5
8,729,g_a,dpu,17432.5,18131
8,729,g_a,dpu,18131,18167.8
8,729,g_a_cpu,cpu,18167.8,18168.2
8,729,eb_enc,cpu,18168.2,18173
8,760,normalize,cpu,18178.1,18181.8
8,760,g_a_cpu,cpu,18181.8,18182.2
8,760,g_a,dpu,18182.2,18536.6
8,760,g_a,dpu,18536.6,18910.3
8,760,g_a_cpu,cpu,18910.3,18910.7
8,760,eb_enc,cpu,18910.7,18915.4
8,790,normalize,cpu,18915.9,18919.5
8,790,g_a_cpu,cpu,18919.5,18919.8
8,790,g_a,dpu,18919.8,19286.3
8,790,g_a,dpu,19286.3,19658.3
8,790,g_a_cpu,cpu,19658.3,19658.6
8,790,eb_enc,cpu,19658.6,19663.3
8,820,normalize,cpu,19663.8,19667.4
8,820,g_a_cpu,cpu,19667.4,19667.7
8,820,g_a,dpu,19667.7,20034
8,820,g_a,dpu,20034,20410.2
8,820,g_a_cpu,cpu,20410.2,20410.5
8,820,eb_enc,cpu,20410.5,20415.4
8,850,normalize,cpu,20415.8,20419.5
8,850,g_a_cpu,cpu,20419.6,20419.9
8,850,g_a,dpu,20419.9,20785.9
8,850,g_a,dpu,20785.9,20822.9
8,850,g_a_cpu,cpu,20822.9,20823.3
8,850,eb_enc,cpu,20823.3,20828
8,866,normalize,cpu,20828.4,20832.1
8,866,g_a_cpu,cpu,20832.1,20832.4
8,866,g_a,dpu,20832.4,21518.5
8,866,g_a,dpu,21518.5,21555.3
8,866,g_a_cpu,cpu,21555.3,21555.8
8,866,eb_enc,cpu,21555.8,21560.4
8,896,normalize,cpu,21560.9,21564.5
8,896,g_a_cpu,cpu,21564.5,21564.8
8,896,g_a,dpu,21564.8,21925.6
8,896,g_a,dpu,21925.6,22298.3
8,896,g_a_cpu,cpu,22298.3,22298.7
8,896,eb_enc,cpu,22298.7,22303.5
8,925,normalize,cpu,22303.9,22307.6
8,925,g_a_cpu,cpu,22307.6,22307.9
8,925,g_a,dpu,22307.9,22666.8
8,925,g_a,dpu,22666.8,22850.4
8,925,g_a_cpu,cpu,22850.4,22850.7
8,925,eb_enc,cpu,22850.7,22855.5
9,27,normalize,cpu,108.839,112.49
9,27,g_a_cpu,cpu,115.756,116.359
9,27,g_a,dpu,116.364,419.737
9,27,g_a,dpu,419.741,789.023
9,27,g_a_cpu,cpu,789.025,789.505
9,27,eb_enc,cpu,789.518,795.83
9,54,normalize,cpu,796.343,800.006
9,54,g_a_cpu,cpu,800.008,800.268
9,54,g_a,dpu,800.271,1159.98
9,54,g_a,dpu,1159.98,1521.42
9,54,g_a_cpu,cpu,1521.42,1521.89
9,54,eb_enc,cpu,1521.89,1526.69
9,82,normalize,cpu,1527.21,1530.85
9,82,g_a_cpu,cpu,1530.85,1531.12
9,82,g_a,dpu,1531.12,1885.63
9,82,g_a,dpu,1885.64,2249.91
9,82,g_a_cpu,cpu,2249.91,2250.35
9,82,eb_enc,cpu,2250.36,2255.24
9,111,normalize,cpu,2255.85,2259.49
9,111,g_a_cpu,cpu,2259.49,2259.78
9,111,g_a,dpu,2259.79,2617.59
9,111,g_a,dpu,2617.59,2981.82
9,111,g_a_cpu,cpu,2981.82,2982.14
9,111,eb_enc,cpu,2982.14,2986.87
9,141,normalize,cpu,2987.4,2991.08
9,141,g_a_cpu,cpu,2991.09,2991.35
9,141,g_a,dpu,2991.36,3353.5
9,141,g_a,dpu,3353.5,3713.75
9,141,g_a_cpu,cpu,3713.75,3714.09
9,141,eb_enc,cpu,3714.09,3718.84
9,171,normalize,cpu,3719.38,3723.02
9,171,g_a_cpu,cpu,3723.02,3723.33
9,171,g_a,dpu,3723.33,4085.59
9,171,g_a,dpu,4085.61,4453.57
9,171,g_a_cpu,cpu,4453.58,4453.99
9,171,eb_enc,cpu,4454,4458.76
9,201,normalize,cpu,4459.24,4462.88
9,201,g_a_cpu,cpu,4462.88,4463.17
9,201,g_a,dpu,4463.17,4817.64
9,201,g_a,dpu,4817.64,5181.93
9,201,g_a_cpu,cpu,5181.93,5182.32
9,201,eb_enc,cpu,5182.32,5187.21
9,232,normalize,cpu,5187.76,5191.42
9,232,g_a_cpu,cpu,5191.43,5191.76
9,232,g_a,dpu,5191.76,5557.72
9,232,g_a,dpu,5557.72,5929.67
9,232,g_a_cpu,cpu,5929.67,5930.12
9,232,eb_enc,cpu,5930.12,5934.92
9,263,normalize,cpu,5935.39,5939.05
9,263,g_a_cpu,cpu,5939.06,5939.33
9,263,g_a,dpu,5939.33,6297.34
9,263,g_a,dpu,6297.34,6333.77
9,263,g_a_cpu,cpu,6333.77,6334.21
9,263,eb_enc,cpu,6334.21,6338.97
9,274,normalize,cpu,6339.43,6343.14
9,274,g_a_cpu,cpu,6343.14,6343.43
9,274,g_a,dpu,6343.43,6698.34
9,274,g_a,dpu,6698.34,7061.72
9,274,g_a_cpu,cpu,7061.72,7062.06
9,274,eb_enc,cpu,7062.06,7066.79
9,304,normalize,cpu,7067.29,7071.81
9,304,g_a_cpu,cpu,7071.81,7072.15
9,304,g_a,dpu,7072.15,7433.91
9,304,g_a,dpu,7433.92,7797.51
9,304,g_a_cpu,cpu,7797.51,7797.89
9,304,eb_enc,cpu,7797.9,7802.58
9,334,normalize,cpu,7803.07,7806.83
9,334,g_a_cpu,cpu,7806.84,7807.12
9,334,g_a,dpu,7807.12,8173.81
9,334,g_a,dpu,8173.82,8533.36
9,334,g_a_cpu,cpu,8533.36,8533.72
9,334,eb_enc,cpu,8533.72,8538.42
9,364,normalize,cpu,8538.94,8542.57
9,364,g_a_cpu,cpu,8542.57,8542.9
9,364,g_a,dpu,8542.9,8913.63
9,364,g_a,dpu,8913.63,9273.25
9,364,g_a_cpu,cpu,9273.25,9273.64
9,364,eb_enc,cpu,9273.64,9278.36
9,393,normalize,cpu,9278.91,9282.56
9,393,g_a_cpu,cpu,9282.57,9282.85
9,393,g_a,dpu,9282.85,9641.84
9,393,g_a,dpu,9641.84,10005.9
9,393,g_a_cpu,cpu,10005.9,10006.3
9,393,eb_enc,cpu,10006.3,10011.2
9,424,normalize,cpu,10011.6,10015.3
9,424,g_a_cpu,cpu,10015.3,10015.7
9,424,g_a,dpu,10015.7,10370.3
9,424,g_a,dpu,10370.3,10729.6
9,424,g_a_cpu,cpu,10729.6,10730
9,424,eb_enc,cpu,10730,10734.7
9,453,normalize,cpu,10735.3,10738.9
9,453,g_a_cpu,cpu,10738.9,10739.2
9,453,g_a,dpu,10739.2,11101.7
9,453,g_a,dpu,11101.7,11464
9,453,g_a_cpu,cpu,11464,11464.5
9,453,eb_enc,cpu,11464.5,11469.2
9,484,normalize,cpu,11469.8,11473.4
9,484,g_a_cpu,cpu,11473.4,11473.8
9,484,g_a,dpu,11473.8,11837.6
9,484,g_a,dpu,11837.6,12196.4
9,484,g_a_cpu,cpu,12196.4,12196.9
9,484,eb_enc,cpu,12196.9,12201.6
9,514,normalize,cpu,12202.1,12205.9
9,514,g_a_cpu,cpu,12205.9,12206.3
9,514,g_a,dpu,12206.3,12557.7
9,514,g_a,dpu,12557.7,12922.1
9,514,g_a_cpu,cpu,12922.1,12922.5
9,514,eb_enc,cpu,12922.5,12927.3
9,547,normalize,cpu,12927.9,12931.6
9,547,g_a_cpu,cpu,12931.6,12931.9
9,547,g_a,dpu,12931.9,13289.8
9,547,g_a,dpu,13289.8,13656.4
9,547,g_a_cpu,cpu,13656.4,13656.8
9,547,eb_enc,cpu,13656.8,13661.6
9,576,normalize,cpu,13662.2,13665.8
9,576,g_a_cpu,cpu,13665.8,13666.1
9,576,g_a,dpu,13666.1,14018
9,576,g_a,dpu,14018,14389.1
9,576,g_a_cpu,cpu,14389.1,14389.5
9,576,eb_enc,cpu,14389.5,14394.4
9,606,normalize,cpu,14395,14398.6
9,606,g_a_cpu,cpu,14398.7,14399
9,606,g_a,dpu,14399,14757.9
9,606,g_a,dpu,14757.9,15129.9
9,606,g_a_cpu,cpu,15129.9,15130.2
9,606,eb_enc,cpu,15130.2,15135.2
9,635,normalize,cpu,15135.7,15139.4
9,635,g_a_cpu,cpu,15139.4,15139.8
9,635,g_a,dpu,15139.8,15494.4
9,635,g_a,dpu,15494.4,15861.7
9,635,g_a_cpu,cpu,15861.7,15862.1
9,635,eb_enc,cpu,15862.1,15867
9,663,normalize,cpu,15867.5,15871.1
9,663,g_a_cpu,cpu,15871.1,15871.4
9,663,g_a,dpu,15871.4,16232.8
9,663,g_a,dpu,16232.8,16594.4
9,663,g_a_cpu,cpu,16594.4,16594.9
9,663,eb_enc,cpu,16594.9,16599.7
9,694,normalize,cpu,16600.3,16604
9,694,g_a_cpu,cpu,16604,16604.4
9,694,g_a,dpu,16604.4,16965.5
9,694,g_a,dpu,16965.5,17329.4
9,694,g_a_cpu,cpu,17329.4,17329.9
9,694,eb_enc,cpu,17329.9,17334.7
9,724,normalize,cpu,17335.5,17339.2
9,724,g_a_cpu,cpu,17339.2,17339.5
9,724,g_a,dpu,17339.5,17698.7
9,724,g_a,dpu,17698.7,18065.7
9,724,g_a_cpu,cpu,18065.7,18066.3
9,724,eb_enc,cpu,18066.3,18071.2
9,755,normalize,cpu,18071.7,18075.3
9,755,g_a_cpu,cpu,18075.4,18075.6
9,755,g_a,dpu,18075.6,18429.8
9,755,g_a,dpu,18429.8,18789.3
9,755,g_a_cpu,cpu,18789.3,18789.8
9,755,eb_enc,cpu,18789.8,18794.6
9,783,normalize,cpu,18795,18798.7
9,783,g_a_cpu,cpu,18798.7,18799
9,783,g_a,dpu,18799,19157.8
9,783,g_a,dpu,19157.8,19521.3
9,783,g_a_cpu,cpu,19521.3,19521.6
9,783,eb_enc,cpu,19521.6,19526.4
9,813,normalize,cpu,19526.9,19530.5
9,813,g_a_cpu,cpu,19530.5,19530.8
9,813,g_a,dpu,19530.8,19886.7
9,813,g_a,dpu,19886.7,20249.7
9,813,g_a_cpu,cpu,20249.7,20250
9,813,eb_enc,cpu,20250,20262
9,844,normalize,cpu,20262.7,20266.3
9,844,g_a_cpu,cpu,20266.3,20266.7
9,844,g_a,dpu,20266.7,20617.6
9,844,g_a,dpu,20617.6,20990
9,844,g_a_cpu,cpu,20990,20990.3
9,844,eb_enc,cpu,20990.3,20995.1
9,874,normalize,cpu,20995.6,20999.3
9,874,g_a_cpu,cpu,20999.3,20999.5
9,874,g_a,dpu,20999.5,21353.4
9,874,g_a,dpu,21353.4,21729.7
9,874,g_a_cpu,cpu,21729.7,21730
9,874,eb_enc,cpu,21730,21734.9
9,904,normalize,cpu,21735.3,21739
9,904,g_a_cpu,cpu,21739,21739.3
9,904,g_a,dpu,21739.3,22102.1
9,904,g_a,dpu,22102.1,22465.5
9,904,g_a_cpu,cpu,22465.5,22465.9
9,904,eb_enc,cpu,22465.9,22470.6
10,1,normalize,cpu,68.2793,72.0284
10,1,g_a_cpu,cpu,83.2566,83.5828
10,1,g_a,dpu,83.5877,120.457
10,1,g_a,dpu,120.461,157.343
10,1,g_a_cpu,cpu,157.347,158.041
10,1,eb_enc,cpu,158.051,164.63
10,30,normalize,cpu,165.211,169.657
10,30,g_a_cpu,cpu,169.66,170.029
10,30,g_a,dpu,170.032,861.938
10,30,g_a,dpu,861.943,898.659
10,30,g_a_cpu,cpu,898.661,899.117
10,30,eb_enc,cpu,899.118,903.882
10,59,normalize,cpu,904.385,908.04
10,59,g_a_cpu,cpu,908.043,908.306
10,59,g_a,dpu,908.309,1258.48
10,59,g_a,dpu,1258.48,1621.82
10,59,g_a_cpu,cpu,1621.82,1622.23
10,59,eb_enc,cpu,1622.25,1627.11
10,88,normalize,cpu,1627.72,1631.47
10,88,g_a_cpu,cpu,1631.47,1631.82
10,88,g_a,dpu,1631.82,1982.25
10,88,g_a,dpu,1982.25,2354.16
10,88,g_a_cpu,cpu,2354.17,2354.56
10,88,eb_enc,cpu,2354.56,2359.36
10,118,normalize,cpu,2359.81,2363.55
10,118,g_a_cpu,cpu,2363.56,2363.92
10,118,g_a,dpu,2363.92,2713.64
10,118,g_a,dpu,2713.64,3078.67
10,118,g_a_cpu,cpu,3078.67,3079.1
10,118,eb_enc,cpu,3079.1,3083.97
10,146,normalize,cpu,3084.51,3088.19
10,146,g_a_cpu,cpu,3088.2,3088.49
10,146,g_a,dpu,3088.49,3438.69
10,146,g_a,dpu,3438.7,3802.44
10,146,g_a_cpu,cpu,3802.44,3803.14
10,146,eb_enc,cpu,3803.14,3808.22
10,176,normalize,cpu,3808.91,3812.58
10,176,g_a_cpu,cpu,3812.58,3812.95
10,176,g_a,dpu,3812.96,4162.67
10,176,g_a,dpu,4162.67,4537.97
10,176,g_a_cpu,cpu,4537.98,4538.37
10,176,eb_enc,cpu,4538.37,4543.05
10,206,normalize,cpu,4543.58,4547.22
10,206,g_a_cpu,cpu,4547.22,4547.48
10,206,g_a,dpu,4547.49,4898.04
10,206,g_a,dpu,4898.04,5266.08
10,206,g_a_cpu,cpu,5266.08,5266.6
10,206,eb_enc,cpu,5266.61,5271.39
10,237,normalize,cpu,5271.86,5275.54
10,237,g_a_cpu,cpu,5275.54,5275.78
10,237,g_a,dpu,5275.79,5625.84
10,237,g_a,dpu,5625.85,6005.89
10,237,g_a_cpu,cpu,6005.89,6006.43
10,237,eb_enc,cpu,6006.44,6011.23
10,267,normalize,cpu,6011.72,6015.41
10,267,g_a_cpu,cpu,6015.41,6015.66
10,267,g_a,dpu,6015.67,6365.76
10,267,g_a,dpu,6365.76,6745.88
10,267,g_a_cpu,cpu,6745.88,6746.28
10,267,eb_enc,cpu,6746.28,6751.01
10,297,normalize,cpu,6751.56,6755.19
10,297,g_a_cpu,cpu,6755.19,6755.49
10,297,g_a,dpu,6755.49,7108.83
10,297,g_a,dpu,7108.84,7481.98
10,297,g_a_cpu,cpu,7481.99,7482.36
10,297,eb_enc,cpu,7482.36,7487.07
10,327,normalize,cpu,7487.62,7491.25
10,327,g_a_cpu,cpu,7491.25,7491.54
10,327,g_a,dpu,7491.55,7846.6
10,327,g_a,dpu,7846.61,8221.62
10,327,g_a_cpu,cpu,8221.62,8221.99
10,327,eb_enc,cpu,8221.99,8226.74
10,356,normalize,cpu,8227.26,8230.92
10,356,g_a_cpu,cpu,8230.92,8231.19
10,356,g_a,dpu,8231.19,8917.86
10,356,g_a,dpu,8917.86,9289.78
10,356,g_a_cpu,cpu,9289.78,9290.21
10,356,eb_enc,cpu,9290.22,9295
10,394,normalize,cpu,9295.51,9299.16
10,394,g_a_cpu,cpu,9299.17,9299.53
10,394,g_a,dpu,9299.53,9654.09
10,394,g_a,dpu,9654.09,10018.2
10,394,g_a_cpu,cpu,10018.2,10018.6
10,394,eb_enc,cpu,10018.6,10023.3
10,425,normalize,cpu,10023.8,10027.5
10,425,g_a_cpu,cpu,10027.5,10027.8
10,425,g_a,dpu,10027.8,10381.9
10,425,g_a,dpu,10381.9,10752.9
10,425,g_a_cpu,cpu,10752.9,10753.4
10,425,eb_enc,cpu,10753.4,10758.2
10,455,normalize,cpu,10758.7,10762.3
10,455,g_a_cpu,cpu,10762.3,10762.6
10,455,g_a,dpu,10762.6,11114.3
10,455,g_a,dpu,11114.3,11477.4
10,455,g_a_cpu,cpu,11477.4,11477.8
10,455,eb_enc,cpu,11477.8,11482.5
10,485,normalize,cpu,11483.1,11486.7
10,485,g_a_cpu,cpu,11486.7,11487.1
10,485,g_a,dpu,11487.1,11845.7
10,485,g_a,dpu,11845.7,12205.4
10,485,g_a_cpu,cpu,12205.4,12205.9
10,485,eb_enc,cpu,12205.9,12210.7
10,515,normalize,cpu,12211.3,12215
10,515,g_a_cpu,cpu,12215,12215.2
10,515,g_a,dpu,12215.2,12573.2
10,515,g_a,dpu,12573.2,12941.8
10,515,g_a_cpu,cpu,12941.8,12942.3
10,515,eb_enc,cpu,12942.3,12947.1
10,548,normalize,cpu,12947.6,12951.3
10,548,g_a_cpu,cpu,12951.3,12951.6
10,548,g_a,dpu,12951.6,13309.5
10,548,g_a,dpu,13309.5,13669.3
10,548,g_a_cpu,cpu,13669.3,13669.7
10,548,eb_enc,cpu,13669.7,13674.5
10,577,normalize,cpu,13675.1,13678.8
10,577,g_a_cpu,cpu,13678.8,13679
10,577,g_a,dpu,13679,14033.7
10,577,g_a,dpu,14033.7,14393.4
10,577,g_a_cpu,cpu,14393.4,14393.9
10,577,eb_enc,cpu,14393.9,14398.6
10,607,normalize,cpu,14399.2,14402.9
10,607,g_a_cpu,cpu,14402.9,14403.1
10,607,g_a,dpu,14403.1,14765.7
10,607,g_a,dpu,14765.7,15134
10,607,g_a_cpu,cpu,15134,15134.6
10,607,eb_enc,cpu,15134.6,15139.4
10,636,normalize,cpu,15140,15143.7
10,636,g_a_cpu,cpu,15143.7,15144.3
10,636,g_a,dpu,15144.3,15500.6
10,636,g_a,dpu,15500.6,16202.6
10,636,g_a_cpu,cpu,16202.6,16203
10,636,eb_enc,cpu,16203,16207.7
10,681,normalize,cpu,16208.2,16211.9
10,681,g_a_cpu,cpu,16211.9,16212.2
10,681,g_a,dpu,16212.2,16565.9
10,681,g_a,dpu,16565.9,16931.2
10,681,g_a_cpu,cpu,16931.2,16931.5
10,681,eb_enc,cpu,16931.5,16936.9
10,711,normalize,cpu,16937.4,16941.1
10,711,g_a_cpu,cpu,16941.1,16941.3
10,711,g_a,dpu,16941.4,17298.4
10,711,g_a,dpu,17298.4,17670.2
10,711,g_a_cpu,cpu,17670.2,17670.5
10,711,eb_enc,cpu,17670.5,17675.3
10,741,normalize,cpu,17675.8,17679.4
10,741,g_a_cpu,cpu,17679.4,17679.8
10,741,g_a,dpu,17679.8,18046.1
10,741,g_a,dpu,18046.1,18407.3
10,741,g_a_cpu,cpu,18407.3,18407.7
10,741,eb_enc,cpu,18407.7,18412.4
10,771,normalize,cpu,18412.9,18416.6
10,771,g_a_cpu,cpu,18416.6,18416.9
10,771,g_a,dpu,18416.9,18780.1
10,771,g_a,dpu,18780.1,19146.3
10,771,g_a_cpu,cpu,19146.3,19146.6
10,771,eb_enc,cpu,19146.6,19151.4
10,801,normalize,cpu,19151.9,19155.5
10,801,g_a_cpu,cpu,19155.5,19155.8
10,801,g_a,dpu,19155.8,19521.2
10,801,g_a,dpu,19521.2,20226
10,801,g_a_cpu,cpu,20226,20226.3
10,801,eb_enc,cpu,20226.3,20231.1
10,842,normalize,cpu,20231.6,20235.2
10,842,g_a_cpu,cpu,20235.2,20235.5
10,842,g_a,dpu,20235.5,20598.7
10,842,g_a,dpu,20598.7,20961
10,842,g_a_cpu,cpu,20961,20961.4
10,842,eb_enc,cpu,20961.4,20966.3
10,872,normalize,cpu,20966.7,20970.5
10,872,g_a_cpu,cpu,20970.5,20970.8
10,872,g_a,dpu,20970.8,21321.8
10,872,g_a,dpu,21321.8,21697.8
10,872,g_a_cpu,cpu,21697.8,21698.3
10,872,eb_enc,cpu,21698.3,21703.2
10,902,normalize,cpu,21703.8,21707.4
10,902,g_a_cpu,cpu,21707.5,21707.9
10,902,g_a,dpu,21707.9,22069.8
10,902,g_a,dpu,22069.8,22434.9
10,902,g_a_cpu,cpu,22434.9,22435.3
10,902,eb_enc,cpu,22435.3,22440.1
11,25,normalize,cpu,103.739,107.433
11,25,g_a_cpu,cpu,107.512,107.969
11,25,g_a,dpu,107.974,391.52
11,25,g_a,dpu,391.523,766.326
11,25,g_a_cpu,cpu,766.328,766.668
11,25,eb_enc,cpu,766.678,772.773
11,52,normalize,cpu,773.266,776.921
11,52,g_a_cpu,cpu,776.925,777.262
11,52,g_a,dpu,777.265,1143.52
11,52,g_a,dpu,1143.53,1514.52
11,52,g_a_cpu,cpu,1514.52,1514.98
11,52,eb_enc,cpu,1514.98,1519.81
11,81,normalize,cpu,1520.32,1524.07
11,81,g_a_cpu,cpu,1524.07,1524.45
11,81,g_a,dpu,1524.45,1881.57
11,81,g_a,dpu,1881.57,2250.83
11,81,g_a_cpu,cpu,2250.84,2251.22
11,81,eb_enc,cpu,2251.23,2256.18
11,112,normalize,cpu,2256.65,2260.32
11,112,g_a_cpu,cpu,2260.32,2260.61
11,112,g_a,dpu,2260.61,2970.03
11,112,g_a,dpu,2970.03,3340.74
11,112,g_a_cpu,cpu,3340.75,3341.19
11,112,eb_enc,cpu,3341.19,3345.96
11,152,normalize,cpu,3355.99,3359.63
11,152,g_a_cpu,cpu,3359.64,3359.93
11,152,g_a,dpu,3359.93,3709.31
11,152,g_a,dpu,3709.31,4076.07
11,152,g_a_cpu,cpu,4076.07,4076.57
11,152,eb_enc,cpu,4076.57,4081.34
11,183,normalize,cpu,4081.91,4085.61
11,183,g_a_cpu,cpu,4085.61,4086.09
11,183,g_a,dpu,4086.09,4443.26
11,183,g_a,dpu,4443.27,4807.48
11,183,g_a_cpu,cpu,4807.48,4807.94
11,183,eb_enc,cpu,4807.95,4812.75
11,212,normalize,cpu,4813.25,4816.95
11,212,g_a_cpu,cpu,4816.95,4817.2
11,212,g_a,dpu,4817.2,5179.42
11,212,g_a,dpu,5179.43,5548.38
11,212,g_a_cpu,cpu,5548.38,5548.83
11,212,eb_enc,cpu,5548.83,5553.56
11,241,normalize,cpu,5554.31,5558.1
11,241,g_a_cpu,cpu,5558.11,5558.44
11,241,g_a,dpu,5558.45,5919.09
11,241,g_a,dpu,5919.09,6288.38
11,241,g_a_cpu,cpu,6288.38,6288.84
11,241,eb_enc,cpu,6288.85,6293.6
11,272,normalize,cpu,6294.4,6298.65
11,272,g_a_cpu,cpu,6298.66,6298.93
11,272,g_a,dpu,6298.94,6658.87
11,272,g_a,dpu,6658.87,6695.72
11,272,g_a_cpu,cpu,6695.73,6696.1
11,272,eb_enc,cpu,6696.1,6701.77
11,294,normalize,cpu,6702.21,6705.86
11,294,g_a_cpu,cpu,6705.86,6706.14
11,294,g_a,dpu,6706.15,7406.09
11,294,g_a,dpu,7406.09,7443.02
11,294,g_a_cpu,cpu,7443.02,7443.54
11,294,eb_enc,cpu,7443.55,7448.48
11,325,normalize,cpu,7449.04,7452.69
11,325,g_a_cpu,cpu,7452.69,7453.03
11,325,g_a,dpu,7453.03,8158.3
11,325,g_a,dpu,8158.3,8523.39
11,325,g_a_cpu,cpu,8523.39,8523.86
11,325,eb_enc,cpu,8523.87,8528.59
11,363,normalize,cpu,8529.1,8532.77
11,363,g_a_cpu,cpu,8532.77,8533.11
11,363,g_a,dpu,8533.11,8894.36
11,363,g_a,dpu,8894.36,9599.74
11,363,g_a_cpu,cpu,9599.74,9600.1
11,363,eb_enc,cpu,9600.1,9604.83
11,412,normalize,cpu,9605.31,9609.05
11,412,g_a_cpu,cpu,9609.05,9609.33
11,412,g_a,dpu,9609.33,9968.26
11,412,g_a,dpu,9968.26,10340.3
11,412,g_a_cpu,cpu,10340.3,10340.6
11,412,eb_enc,cpu,10340.6,10345.4
11,441,normalize,cpu,10346,10349.6
11,441,g_a_cpu,cpu,10349.6,10350
11,441,g_a,dpu,10350,10707.7
11,441,g_a,dpu,10707.7,11073.5
11,441,g_a_cpu,cpu,11073.5,11073.9
11,441,eb_enc,cpu,11073.9,11078.7
11,471,normalize,cpu,11079.4,11083.1
11,471,g_a_cpu,cpu,11083.1,11083.4
11,471,g_a,dpu,11083.4,11777.9
11,471,g_a,dpu,11777.9,11814.8
11,471,g_a_cpu,cpu,11814.8,11815.2
11,471,eb_enc,cpu,11815.2,11820.3
11,502,normalize,cpu,11820.7,11824.4
11,502,g_a_cpu,cpu,11824.4,11824.7
11,502,g_a,dpu,11824.7,12513
11,502,g_a,dpu,12513,12549.9
11,502,g_a_cpu,cpu,12549.9,12550.3
11,502,eb_enc,cpu,12550.3,12555.1
11,532,normalize,cpu,12555.6,12559.3
11,532,g_a_cpu,cpu,12559.3,12559.6
11,532,g_a,dpu,12559.6,13245.8
11,532,g_a,dpu,13245.8,13610
11,532,g_a_cpu,cpu,13610,13610.6
11,532,eb_enc,cpu,13610.6,13615.3
11,573,normalize,cpu,13615.9,13619.5
11,573,g_a_cpu,cpu,13619.5,13619.9
11,573,g_a,dpu,13619.9,13979.3
11,573,g_a,dpu,13979.3,14343.7
11,573,g_a_cpu,cpu,14343.7,14344
11,573,eb_enc,cpu,14344.1,14348.8
11,603,normalize,cpu,14349.3,14353
11,603,g_a_cpu,cpu,14353,14353.5
11,603,g_a,dpu,14353.5,14719.1
11,603,g_a,dpu,14719.1,15089.1
11,603,g_a_cpu,cpu,15089.1,15089.5
11,603,eb_enc,cpu,15089.5,15094.3
11,633,normalize,cpu,15095.1,15098.8
11,633,g_a_cpu,cpu,15098.8,15099.1
11,633,g_a,dpu,15099.1,15473.4
11,633,g_a,dpu,15473.4,15842.2
11,633,g_a_cpu,cpu,15842.2,15842.6
11,633,eb_enc,cpu,15842.6,15847.4
11,662,normalize,cpu,15847.9,15851.6
11,662,g_a_cpu,cpu,15851.6,15851.9
11,662,g_a,dpu,15851.9,16223.6
11,662,g_a,dpu,16223.6,16590.2
11,662,g_a_cpu,cpu,16590.2,16590.6
11,662,eb_enc,cpu,16590.6,16595.5
11,693,normalize,cpu,16596,16599.7
11,693,g_a_cpu,cpu,16599.7,16600
11,693,g_a,dpu,16600,16972.2
11,693,g_a,dpu,16972.2,17346.3
11,693,g_a_cpu,cpu,17346.3,17346.7
11,693,eb_enc,cpu,17346.7,17351.5
11,726,normalize,cpu,17352,17355.6
11,726,g_a_cpu,cpu,17355.6,17355.9
11,726,g_a,dpu,17355.9,17723.4
11,726,g_a,dpu,17723.4,18094.3
11,726,g_a_cpu,cpu,18094.3,18094.7
11,726,eb_enc,cpu,18094.7,18099.5
11,757,normalize,cpu,18100,18107.9
11,757,g_a_cpu,cpu,18107.9,18108.3
11,757,g_a,dpu,18108.3,18797.1
11,757,g_a,dpu,18797.1,18834.1
11,757,g_a_cpu,cpu,18834.1,18834.5
11,757,eb_enc,cpu,18834.5,18839.4
11,786,normalize,cpu,18839.9,18843.6
11,786,g_a_cpu,cpu,18843.6,18843.8
11,786,g_a,dpu,18843.8,19542.2
11,786,g_a,dpu,19542.2,19579.2
11,786,g_a_cpu,cpu,19579.2,19579.6
11,786,eb_enc,cpu,19579.6,19584.4
11,816,normalize,cpu,19584.8,19588.6
11,816,g_a_cpu,cpu,19588.6,19588.9
11,816,g_a,dpu,19588.9,20298.2
11,816,g_a,dpu,20298.2,20335.1
11,816,g_a_cpu,cpu,20335.1,20335.6
11,816,eb_enc,cpu,20335.6,20340.6
11,847,normalize,cpu,20341.1,20344.8
11,847,g_a_cpu,cpu,20344.8,20345.1
11,847,g_a,dpu,20345.1,20710.2
11,847,g_a,dpu,20710.2,20747.1
11,847,g_a_cpu,cpu,20747.1,20747.6
11,847,eb_enc,cpu,20747.6,20752.4
11,862,normalize,cpu,20752.9,20756.6
11,862,g_a_cpu,cpu,20756.6,20756.8
11,862,g_a,dpu,20756.8,21445
11,862,g_a,dpu,21445,21481.8
11,862,g_a_cpu,cpu,21481.8,21482.3
11,862,eb_enc,cpu,21482.3,21487
11,892,normalize,cpu,21487.5,21491.1
11,892,g_a_cpu,cpu,21491.1,21491.5
11,892,g_a,dpu,21491.5,22184.2
11,892,g_a,dpu,22184.2,22221.2
11,892,g_a_cpu,cpu,22221.2,22221.5
11,892,eb_enc,cpu,22221.5,22226.3
11,922,normalize,cpu,22226.8,22230.5
11,922,g_a_cpu,cpu,22230.5,22230.8
11,922,g_a,dpu,22230.8,22776.2
11,922,g_a,dpu,22776.2,22886.6
11,922,g_a_cpu,cpu,22886.6,22887
11,922,eb_enc,cpu,22887,22891.8
12,21,normalize,cpu,98.2883,101.94
12,21,g_a_cpu,cpu,102.022,102.425
12,21,g_a,dpu,102.429,275.432
12,21,g_a,dpu,275.434,637.815
12,21,g_a_cpu,cpu,637.818,638.371
12,21,eb_enc,cpu,638.387,644.531
12,44,normalize,cpu,644.99,648.673
12,44,g_a_cpu,cpu,648.677,648.927
12,44,g_a,dpu,648.93,1009.56
12,44,g_a,dpu,1009.56,1377.69
12,44,g_a_cpu,cpu,1377.69,1378.13
12,44,eb_enc,cpu,1378.13,1382.94
12,72,normalize,cpu,1383.39,1387.04
12,72,g_a_cpu,cpu,1387.05,1387.32
12,72,g_a,dpu,1387.33,1737.94
12,72,g_a,dpu,1737.94,2101.85
12,72,g_a_cpu,cpu,2101.85,2102.18
12,72,eb_enc,cpu,2102.19,2106.94
12,102,normalize,cpu,2107.39,2111.07
12,102,g_a_cpu,cpu,2111.07,2111.38
12,102,g_a,dpu,2111.38,2469.98
12,102,g_a,dpu,2469.98,2833.48
12,102,g_a_cpu,cpu,2833.49,2833.98
12,102,eb_enc,cpu,2833.99,2838.75
12,132,normalize,cpu,2839.24,2842.89
12,132,g_a_cpu,cpu,2842.89,2843.22
12,132,g_a,dpu,2843.22,3205.57
12,132,g_a,dpu,3205.57,3569.54
12,132,g_a_cpu,cpu,3569.54,3570.04
12,132,eb_enc,cpu,3570.04,3574.82
12,162,normalize,cpu,3575.3,3578.98
12,162,g_a_cpu,cpu,3578.98,3579.21
12,162,g_a,dpu,3579.22,3936.01
12,162,g_a,dpu,3936.02,4305.39
12,162,g_a_cpu,cpu,4305.39,4305.74
12,162,eb_enc,cpu,4305.74,4310.5
12,192,normalize,cpu,4311.23,4314.89
12,192,g_a_cpu,cpu,4314.89,4315.23
12,192,g_a,dpu,4315.23,4669.22
12,192,g_a,dpu,4669.23,5037.48
12,192,g_a_cpu,cpu,5037.48,5038.03
12,192,eb_enc,cpu,5038.04,5042.88
12,222,normalize,cpu,5043.44,5047.11
12,222,g_a_cpu,cpu,5047.12,5047.44
12,222,g_a,dpu,5047.45,5413.82
12,222,g_a,dpu,5413.82,5777.74
12,222,g_a_cpu,cpu,5777.74,5778.16
12,222,eb_enc,cpu,5778.17,5782.93
12,252,normalize,cpu,5783.39,5787.04
12,252,g_a_cpu,cpu,5787.04,5787.31
12,252,g_a,dpu,5787.31,6153.65
12,252,g_a,dpu,6153.65,6517.06
12,252,g_a_cpu,cpu,6517.06,6517.38
12,252,eb_enc,cpu,6517.38,6522.31
12,283,normalize,cpu,6522.8,6526.47
12,283,g_a_cpu,cpu,6526.47,6526.79
12,283,g_a,dpu,6526.8,6881.64
12,283,g_a,dpu,6881.64,7245.38
12,283,g_a_cpu,cpu,7245.39,7245.75
12,283,eb_enc,cpu,7245.75,7250.52
12,314,normalize,cpu,7251.04,7254.69
12,314,g_a_cpu,cpu,7254.69,7254.98
12,314,g_a,dpu,7254.98,7618
12,314,g_a,dpu,7618,7981.45
12,314,g_a_cpu,cpu,7981.45,7981.81
12,314,eb_enc,cpu,7981.82,7986.5
12,344,normalize,cpu,7987.19,7990.82
12,344,g_a_cpu,cpu,7990.83,7991.13
12,344,g_a,dpu,7991.13,8353.71
12,344,g_a,dpu,8353.71,8721.77
12,344,g_a_cpu,cpu,8721.78,8722.07
12,344,eb_enc,cpu,8722.07,8726.78
12,375,normalize,cpu,8727.24,8730.91
12,375,g_a_cpu,cpu,8730.91,8731.19
12,375,g_a,dpu,8731.19,9092.98
12,375,g_a,dpu,9092.98,9453.01
12,375,g_a_cpu,cpu,9453.01,9453.35
12,375,eb_enc,cpu,9453.35,9458.18
12,403,normalize,cpu,9458.63,9462.3
12,403,g_a_cpu,cpu,9462.3,9462.55
12,403,g_a,dpu,9462.56,9825.53
12,403,g_a,dpu,9825.53,10189.8
12,403,g_a_cpu,cpu,10189.8,10190.1
12,403,eb_enc,cpu,10190.1,10195
12,432,normalize,cpu,10195.5,10199.2
12,432,g_a_cpu,cpu,10199.2,10199.6
12,432,g_a,dpu,10199.6,10550.2
12,432,g_a,dpu,10550.2,10913.3
12,432,g_a_cpu,cpu,10913.3,10913.6
12,432,eb_enc,cpu,10913.6,10918.3
12,462,normalize,cpu,10919,10922.6
12,462,g_a_cpu,cpu,10922.6,10922.9
12,462,g_a,dpu,10923,11284.1
12,462,g_a,dpu,11284.2,11643.6
12,462,g_a_cpu,cpu,11643.6,11643.9
12,462,eb_enc,cpu,11643.9,11648.7
12,493,normalize,cpu,11649.2,11652.8
12,493,g_a_cpu,cpu,11652.8,11653.2
12,493,g_a,dpu,11653.2,12017.1
12,493,g_a,dpu,12017.1,12376.5
12,493,g_a_cpu,cpu,12376.5,12377
12,493,eb_enc,cpu,12377,12382
12,523,normalize,cpu,12382.6,12390.1
12,523,g_a_cpu,cpu,12390.1,12390.4
12,523,g_a,dpu,12390.4,13073.7
12,523,g_a,dpu,13073.7,13433.4
12,523,g_a_cpu,cpu,13433.4,13434
12,523,eb_enc,cpu,13434,13438.8
12,565,normalize,cpu,13439.2,13442.9
12,565,g_a_cpu,cpu,13442.9,13443.2
12,565,g_a,dpu,13443.2,13800.2
12,565,g_a,dpu,13800.2,14161.8
12,565,g_a_cpu,cpu,14161.8,14162.3
12,565,eb_enc,cpu,14162.3,14167.1
12,596,normalize,cpu,14167.6,14171.3
12,596,g_a_cpu,cpu,14171.3,14171.6
12,596,g_a,dpu,14171.6,14536.5
12,596,g_a,dpu,14536.5,14906.1
12,596,g_a_cpu,cpu,14906.1,14906.5
12,596,eb_enc,cpu,14906.5,14911.4
12,626,normalize,cpu,14911.9,14915.5
12,626,g_a_cpu,cpu,14915.5,14915.8
12,626,g_a,dpu,14915.8,15605.8
12,626,g_a,dpu,15605.8,16304.5
12,626,g_a_cpu,cpu,16304.5,16304.9
12,626,eb_enc,cpu,16304.9,16309.6
12,682,normalize,cpu,16310,16317.1
12,682,g_a_cpu,cpu,16317.1,16317.5
12,682,g_a,dpu,16317.5,16670
12,682,g_a,dpu,16670,17037.5
12,682,g_a_cpu,cpu,17037.5,17037.9
12,682,eb_enc,cpu,17037.9,17046.4
12,712,normalize,cpu,17047,17050.7
12,712,g_a_cpu,cpu,17050.7,17051.1
12,712,g_a,dpu,17051.1,17401.7
12,712,g_a,dpu,17401.7,17770.4
12,712,g_a_cpu,cpu,17770.4,17771
12,712,eb_enc,cpu,17771,17775.7
12,742,normalize,cpu,17776.1,17779.8
12,742,g_a_cpu,cpu,17779.8,17780.1
12,742,g_a,dpu,17780.1,18137.5
12,742,g_a,dpu,18137.5,18501.6
12,742,g_a_cpu,cpu,18501.6,18502
12,742,eb_enc,cpu,18502,18506.8
12,773,normalize,cpu,18507.3,18510.9
12,773,g_a_cpu,cpu,18510.9,18511.2
12,773,g_a,dpu,18511.2,18861.9
12,773,g_a,dpu,18861.9,19229.5
12,773,g_a_cpu,cpu,19229.5,19229.8
12,773,eb_enc,cpu,19229.8,19234.6
12,803,normalize,cpu,19235,19238.7
12,803,g_a_cpu,cpu,19238.7,19239
12,803,g_a,dpu,19239,19598.1
12,803,g_a,dpu,19598.1,19958.9
12,803,g_a_cpu,cpu,19958.9,19959.2
12,803,eb_enc,cpu,19959.2,19965.1
12,831,normalize,cpu,19965.6,19970
12,831,g_a_cpu,cpu,19970,19970.3
12,831,g_a,dpu,19970.3,20325.6
12,831,g_a,dpu,20325.6,20689.4
12,831,g_a_cpu,cpu,20689.4,20689.7
12,831,eb_enc,cpu,20689.7,20694.4
12,860,normalize,cpu,20694.9,20698.5
12,860,g_a_cpu,cpu,20698.5,20698.8
12,860,g_a,dpu,20698.8,21065.8
12,860,g_a,dpu,21065.8,21425.5
12,860,g_a_cpu,cpu,21425.5,21425.9
12,860,eb_enc,cpu,21425.9,21430.7
12,890,normalize,cpu,21431.1,21434.8
12,890,g_a_cpu,cpu,21434.8,21435.1
12,890,g_a,dpu,21435.1,21806.1
12,890,g_a,dpu,21806.1,22173.8
12,890,g_a_cpu,cpu,22173.8,22174.3
12,890,eb_enc,cpu,22174.3,22179.1
12,920,normalize,cpu,22179.5,22183.3
12,920,g_a_cpu,cpu,22183.3,22183.6
12,920,g_a,dpu,22183.6,22545.8
12,920,g_a,dpu,22545.8,22802
12,920,g_a_cpu,cpu,22802,22802.5
12,920,eb_enc,cpu,22802.5,22807.5
13,3,normalize,cpu,72.7968,76.5639
13,3,g_a_cpu,cpu,76.7318,77.1403
13,3,g_a,dpu,77.1712,481.904
13,3,g_a,dpu,481.907,518.35
13,3,g_a_cpu,cpu,518.351,518.683
13,3,eb_enc,cpu,518.689,524.719
13,35,normalize,cpu,525.254,529.04
13,35,g_a_cpu,cpu,529.043,529.38
13,35,g_a,dpu,529.386,1221.98
13,35,g_a,dpu,1221.99,1582.6
13,35,g_a_cpu,cpu,1582.6,1582.94
13,35,eb_enc,cpu,1582.94,1587.71
13,86,normalize,cpu,1588.21,1591.97
13,86,g_a_cpu,cpu,1591.98,1592.35
13,86,g_a,dpu,1592.35,1946.26
13,86,g_a,dpu,1946.27,2317.94
13,86,g_a_cpu,cpu,2317.94,2318.48
13,86,eb_enc,cpu,2318.5,2323.39
13,116,normalize,cpu,2323.91,2327.63
13,116,g_a_cpu,cpu,2327.63,2327.98
13,116,g_a,dpu,2327.99,2677.73
13,116,g_a,dpu,2677.73,3042.71
13,116,g_a_cpu,cpu,3042.72,3043.15
13,116,eb_enc,cpu,3043.15,3048.2
13,144,normalize,cpu,3048.69,3052.35
13,144,g_a_cpu,cpu,3052.35,3052.64
13,144,g_a,dpu,3052.64,3402.76
13,144,g_a,dpu,3402.76,3766.02
13,144,g_a_cpu,cpu,3766.02,3766.64
13,144,eb_enc,cpu,3766.65,3771.53
13,174,normalize,cpu,3772.14,3775.86
13,174,g_a_cpu,cpu,3775.87,3776.19
13,174,g_a,dpu,3776.2,4126.65
13,174,g_a,dpu,4126.66,4502.06
13,174,g_a_cpu,cpu,4502.07,4502.52
13,174,eb_enc,cpu,4502.52,4507.39
13,204,normalize,cpu,4507.92,4511.59
13,204,g_a_cpu,cpu,4511.59,4511.87
13,204,g_a,dpu,4511.87,4862.02
13,204,g_a,dpu,4862.02,5230.09
13,204,g_a_cpu,cpu,5230.1,5230.62
13,204,eb_enc,cpu,5230.62,5235.64
13,235,normalize,cpu,5236.19,5239.85
13,235,g_a_cpu,cpu,5239.85,5240.16
13,235,g_a,dpu,5240.16,5589.93
13,235,g_a,dpu,5589.93,5965.76
13,235,g_a_cpu,cpu,5965.76,5966.1
13,235,eb_enc,cpu,5966.1,5971.09
13,264,normalize,cpu,5971.63,5975.31
13,264,g_a_cpu,cpu,5975.32,5975.67
13,264,g_a,dpu,5975.68,6329.87
13,264,g_a,dpu,6329.88,6709.89
13,264,g_a_cpu,cpu,6709.89,6710.28
13,264,eb_enc,cpu,6710.28,6715.04
13,295,normalize,cpu,6715.53,6719.19
13,295,g_a_cpu,cpu,6719.19,6719.47
13,295,g_a,dpu,6719.47,7072.87
13,295,g_a,dpu,7072.88,7445.98
13,295,g_a_cpu,cpu,7445.98,7446.62
13,295,eb_enc,cpu,7446.62,7451.44
13,326,normalize,cpu,7451.9,7455.56
13,326,g_a_cpu,cpu,7455.57,7455.84
13,326,g_a,dpu,7455.84,7810.34
13,326,g_a,dpu,7810.34,8185.72
13,326,g_a_cpu,cpu,8185.72,8186.15
13,326,eb_enc,cpu,8186.16,8190.94
13,355,normalize,cpu,8191.46,8195.17
13,355,g_a_cpu,cpu,8195.17,8195.62
13,355,g_a,dpu,8195.62,8553.82
13,355,g_a,dpu,8553.82,8590.33
13,355,g_a_cpu,cpu,8590.34,8590.83
13,355,eb_enc,cpu,8590.83,8595.57
13,367,normalize,cpu,8596.1,8599.84
13,367,g_a_cpu,cpu,8599.85,8600.13
13,367,g_a,dpu,8600.14,8954.2
13,367,g_a,dpu,8954.2,9325.76
13,367,g_a_cpu,cpu,9325.76,9326.26
13,367,eb_enc,cpu,9326.26,9331.01
13,397,normalize,cpu,9331.53,9335.19
13,397,g_a_cpu,cpu,9335.19,9335.57
13,397,g_a,dpu,9335.57,9690.05
13,397,g_a,dpu,9690.05,10054.2
13,397,g_a_cpu,cpu,10054.2,10054.6
13,397,eb_enc,cpu,10054.6,10059.3
13,428,normalize,cpu,10059.9,10063.5
13,428,g_a_cpu,cpu,10063.5,10063.8
13,428,g_a,dpu,10063.8,10417.8
13,428,g_a,dpu,10417.8,10789
13,428,g_a_cpu,cpu,10789,10789.5
13,428,eb_enc,cpu,10789.5,10794.2
13,458,normalize,cpu,10794.7,10798.4
13,458,g_a_cpu,cpu,10798.4,10798.7
13,458,g_a,dpu,10798.7,11150.2
13,458,g_a,dpu,11150.2,11513.4
13,458,g_a_cpu,cpu,11513.4,11513.9
13,458,eb_enc,cpu,11513.9,11518.6
13,488,normalize,cpu,11519.2,11522.9
13,488,g_a_cpu,cpu,11522.9,11523.4
13,488,g_a,dpu,11523.4,11881.6
13,488,g_a,dpu,11881.6,12241.5
13,488,g_a_cpu,cpu,12241.5,12242
13,488,eb_enc,cpu,12242,12246.8
13,518,normalize,cpu,12247.4,12251
13,518,g_a_cpu,cpu,12251.1,12251.4
13,518,g_a,dpu,12251.4,12609.6
13,518,g_a,dpu,12609.6,12978
13,518,g_a_cpu,cpu,12978,12978.5
13,518,eb_enc,cpu,12978.5,12983.3
13,551,normalize,cpu,12983.8,12987.4
13,551,g_a_cpu,cpu,12987.4,12987.7
13,551,g_a,dpu,12987.7,13345.4
13,551,g_a,dpu,13345.4,13705.4
13,551,g_a_cpu,cpu,13705.4,13705.9
13,551,eb_enc,cpu,13705.9,13710.9
13,580,normalize,cpu,13711.6,13715.2
13,580,g_a_cpu,cpu,13715.2,13715.6
13,580,g_a,dpu,13715.6,14069.6
13,580,g_a,dpu,14069.6,14433.8
13,580,g_a_cpu,cpu,14433.8,14434.3
13,580,eb_enc,cpu,14434.3,14439.1
13,610,normalize,cpu,14439.6,14443.3
13,610,g_a_cpu,cpu,14443.3,14443.6
13,610,g_a,dpu,14443.6,14801.6
13,610,g_a,dpu,14801.6,15176.5
13,610,g_a_cpu,cpu,15176.5,15177
13,610,eb_enc,cpu,15177,15181.9
13,639,normalize,cpu,15182.6,15186.3
13,639,g_a_cpu,cpu,15186.3,15186.6
13,639,g_a,dpu,15186.6,15536.5
13,639,g_a,dpu,15536.5,15902
13,639,g_a_cpu,cpu,15902,15902.5
13,639,eb_enc,cpu,15902.5,15907.5
13,667,normalize,cpu,15908,15911.7
13,667,g_a_cpu,cpu,15911.7,15911.9
13,667,g_a,dpu,15911.9,16274.4
13,667,g_a,dpu,16274.4,16641.2
13,667,g_a_cpu,cpu,16641.2,16641.8
13,667,eb_enc,cpu,16641.8,16646.7
13,698,normalize,cpu,16647.3,16651
13,698,g_a_cpu,cpu,16651,16651.3
13,698,g_a,dpu,16651.3,17006.1
13,698,g_a,dpu,17006.1,17370.5
13,698,g_a_cpu,cpu,17370.5,17370.9
13,698,eb_enc,cpu,17370.9,17375.9
13,728,normalize,cpu,17376.3,17380
13,728,g_a_cpu,cpu,17380,17380.3
13,728,g_a,dpu,17380.3,17746.1
13,728,g_a,dpu,17746.1,18118.7
13,728,g_a_cpu,cpu,18118.7,18119.2
13,728,eb_enc,cpu,18119.2,18124
13,759,normalize,cpu,18124.5,18128.1
13,759,g_a_cpu,cpu,18128.1,18128.5
13,759,g_a,dpu,18128.5,18482.3
13,759,g_a,dpu,18482.3,18852
13,759,g_a_cpu,cpu,18852,18852.4
13,759,eb_enc,cpu,18852.4,18857.1
13,787,normalize,cpu,18857.6,18861.3
13,787,g_a_cpu,cpu,18861.3,18861.6
13,787,g_a,dpu,18861.6,19221.7
13,787,g_a,dpu,19221.8,19598
13,787,g_a_cpu,cpu,19598,19598.5
13,787,eb_enc,cpu,19598.5,19603.4
13,817,normalize,cpu,19603.8,19607.5
13,817,g_a_cpu,cpu,19607.5,19607.8
13,817,g_a,dpu,19607.8,19968.1
13,817,g_a,dpu,19968.1,20338.1
13,817,g_a_cpu,cpu,20338.1,20338.6
13,817,eb_enc,cpu,20338.6,20343.4
13,848,normalize,cpu,20343.9,20347.6
13,848,g_a_cpu,cpu,20347.6,20347.9
13,848,g_a,dpu,20347.9,20708.7
13,848,g_a,dpu,20708.7,21069.2
13,848,g_a_cpu,cpu,21069.2,21069.7
13,848,eb_enc,cpu,21069.7,21074.4
13,879,normalize,cpu,21074.9,21078.5
13,879,g_a_cpu,cpu,21078.5,21078.8
13,879,g_a,dpu,21078.9,21429.7
13,879,g_a,dpu,21429.7,21806.3
13,879,g_a_cpu,cpu,21806.3,21806.8
13,879,eb_enc,cpu,21806.8,21811.6
13,909,normalize,cpu,21812.1,21815.8
13,909,g_a_cpu,cpu,21815.8,21816.3
13,909,g_a,dpu,21816.3,22181.8
13,909,g_a,dpu,22181.8,22547.1
13,909,g_a_cpu,cpu,22547.1,22547.5
13,909,eb_enc,cpu,22547.5,22552.2
14,19,normalize,cpu,94.9164,98.5771
14,19,g_a_cpu,cpu,98.6868,99.0586
14,19,g_a,dpu,99.0654,206.412
14,19,g_a,dpu,206.419,575.939
14,19,g_a_cpu,cpu,575.941,576.394
14,19,eb_enc,cpu,576.407,582.566
14,40,normalize,cpu,583.098,586.744
14,40,g_a_cpu,cpu,586.747,587.043
14,40,g_a,dpu,587.046,957.741
14,40,g_a,dpu,957.747,1326.07
14,40,g_a_cpu,cpu,1326.07,1326.52
14,40,eb_enc,cpu,1326.53,1331.3
14,68,normalize,cpu,1331.92,1335.56
14,68,g_a_cpu,cpu,1335.57,1335.86
14,68,g_a,dpu,1335.86,1699.44
14,68,g_a,dpu,1699.44,2063.65
14,68,g_a_cpu,cpu,2063.65,2064.19
14,68,eb_enc,cpu,2064.2,2069.01
14,99,normalize,cpu,2069.61,2073.26
14,99,g_a_cpu,cpu,2073.26,2073.59
14,99,g_a,dpu,2073.6,2441.32
14,99,g_a,dpu,2441.32,2814.22
14,99,g_a_cpu,cpu,2814.22,2814.62
14,99,eb_enc,cpu,2814.63,2819.34
14,130,normalize,cpu,2819.87,2823.51
14,130,g_a_cpu,cpu,2823.51,2823.86
14,130,g_a,dpu,2823.86,3194.91
14,130,g_a,dpu,3194.91,3562.2
14,130,g_a_cpu,cpu,3562.2,3562.59
14,130,eb_enc,cpu,3562.59,3567.3
14,161,normalize,cpu,3567.83,3571.47
14,161,g_a_cpu,cpu,3571.48,3571.8
14,161,g_a,dpu,3571.81,4257.94
14,161,g_a,dpu,4257.95,4294.9
14,161,g_a_cpu,cpu,4294.9,4295.35
14,161,eb_enc,cpu,4295.35,4300.09
14,191,normalize,cpu,4300.61,4304.26
14,191,g_a_cpu,cpu,4304.27,4304.55
14,191,g_a,dpu,4304.56,4662.23
14,191,g_a,dpu,4662.23,5027.88
14,191,g_a_cpu,cpu,5027.88,5028.24
14,191,eb_enc,cpu,5028.25,5032.92
14,221,normalize,cpu,5033.46,5037.11
14,221,g_a_cpu,cpu,5037.11,5037.53
14,221,g_a,dpu,5037.53,5403.34
14,221,g_a,dpu,5403.35,5767.52
14,221,g_a_cpu,cpu,5767.52,5767.86
14,221,eb_enc,cpu,5767.86,5772.54
14,250,normalize,cpu,5773.05,5776.7
14,250,g_a_cpu,cpu,5776.7,5777.03
14,250,g_a,dpu,5777.04,6142.78
14,250,g_a,dpu,6142.78,6510.22
14,250,g_a_cpu,cpu,6510.22,6510.61
14,250,eb_enc,cpu,6510.61,6515.37
14,282,normalize,cpu,6515.84,6519.68
14,282,g_a_cpu,cpu,6519.69,6520.07
14,282,g_a,dpu,6520.07,6887.29
14,282,g_a,dpu,6887.29,7258.2
14,282,g_a_cpu,cpu,7258.2,7258.62
14,282,eb_enc,cpu,7258.62,7263.41
14,315,normalize,cpu,7263.92,7267.56
14,315,g_a_cpu,cpu,7267.57,7267.91
14,315,g_a,dpu,7267.92,7627.04
14,315,g_a,dpu,7627.04,8006.39
14,315,g_a_cpu,cpu,8006.39,8006.88
14,315,eb_enc,cpu,8006.89,8011.57
14,346,normalize,cpu,8012.13,8015.82
14,346,g_a_cpu,cpu,8015.83,8016.24
14,346,g_a,dpu,8016.24,8377.33
14,346,g_a,dpu,8377.33,8744.84
14,346,g_a_cpu,cpu,8744.84,8745.26
14,346,eb_enc,cpu,8745.27,8749.99
14,377,normalize,cpu,8750.56,8754.27
14,377,g_a_cpu,cpu,8754.27,8754.58
14,377,g_a,dpu,8754.59,9112.94
14,377,g_a,dpu,9112.94,9486.17
14,377,g_a_cpu,cpu,9486.17,9486.5
14,377,eb_enc,cpu,9486.5,9495.51
14,406,normalize,cpu,9495.99,9499.69
14,406,g_a_cpu,cpu,9499.7,9500.23
14,406,g_a,dpu,9500.23,9858.76
14,406,g_a,dpu,9858.76,9895.45
14,406,g_a_cpu,cpu,9895.45,9895.88
14,406,eb_enc,cpu,9895.89,9900.65
14,419,normalize,cpu,9901.1,9904.75
14,419,g_a_cpu,cpu,9904.75,9905.04
14,419,g_a,dpu,9905.04,10598.2
14,419,g_a,dpu,10598.2,10634.8
14,419,g_a_cpu,cpu,10634.9,10635.2
14,419,eb_enc,cpu,10635.2,10639.9
14,449,normalize,cpu,10640.5,10644.1
14,449,g_a_cpu,cpu,10644.2,10644.5
14,449,g_a,dpu,10644.5,11336.3
14,449,g_a,dpu,11336.3,11373.2
14,449,g_a_cpu,cpu,11373.2,11373.6
14,449,eb_enc,cpu,11373.6,11378.3
14,480,normalize,cpu,11378.8,11382.4
14,480,g_a_cpu,cpu,11382.4,11382.7
14,480,g_a,dpu,11382.7,12072.9
14,480,g_a,dpu,12072.9,12109.9
14,480,g_a_cpu,cpu,12109.9,12110.3
14,480,eb_enc,cpu,12110.3,12115
14,510,normalize,cpu,12115.6,12119.2
14,510,g_a_cpu,cpu,12119.2,12119.5
14,510,g_a,dpu,12119.5,12805
14,510,g_a,dpu,12805,12841.9
14,510,g_a_cpu,cpu,12841.9,12842.3
14,510,eb_enc,cpu,12842.3,12847
14,543,normalize,cpu,12847.4,12851.8
14,543,g_a_cpu,cpu,12851.8,12852.2
14,543,g_a,dpu,12852.2,13209.5
14,543,g_a,dpu,13209.5,13573.3
14,543,g_a_cpu,cpu,13573.3,13573.8
14,543,eb_enc,cpu,13573.8,13578.5
14,571,normalize,cpu,13579,13583.4
14,571,g_a_cpu,cpu,13583.4,13583.7
14,571,g_a,dpu,13583.7,13943
14,571,g_a,dpu,13943,14307.3
14,571,g_a_cpu,cpu,14307.3,14307.7
14,571,eb_enc,cpu,14307.7,14312.4
14,601,normalize,cpu,14312.9,14316.6
14,601,g_a_cpu,cpu,14316.6,14316.9
14,601,g_a,dpu,14316.9,14682.8
14,601,g_a,dpu,14682.8,15047.6
14,601,g_a_cpu,cpu,15047.6,15047.9
14,601,eb_enc,cpu,15047.9,15052.6
14,631,normalize,cpu,15053.3,15057
14,631,g_a_cpu,cpu,15057,15057.2
14,631,g_a,dpu,15057.2,15436.9
14,631,g_a,dpu,15436.9,15802.2
14,631,g_a_cpu,cpu,15802.2,15802.5
14,631,eb_enc,cpu,15802.5,15807.1
14,660,normalize,cpu,15807.7,15811.3
14,660,g_a_cpu,cpu,15811.3,15811.6
14,660,g_a,dpu,15811.6,16187.2
14,660,g_a,dpu,16187.2,16551
14,660,g_a_cpu,cpu,16551,16551.3
14,660,eb_enc,cpu,16551.3,16556.1
14,691,normalize,cpu,16556.6,16560.4
14,691,g_a_cpu,cpu,16560.4,16560.7
14,691,g_a,dpu,16560.7,16935.8
14,691,g_a,dpu,16935.8,17306.3
14,691,g_a_cpu,cpu,17306.3,17306.6
14,691,eb_enc,cpu,17306.6,17311.4
14,723,normalize,cpu,17311.9,17315.5
14,723,g_a_cpu,cpu,17315.5,17315.8
14,723,g_a,dpu,17315.8,17687.1
14,723,g_a,dpu,17687.1,18057
14,723,g_a_cpu,cpu,18057,18057.4
14,723,eb_enc,cpu,18057.4,18062.3
14,754,normalize,cpu,18062.9,18066.6
14,754,g_a_cpu,cpu,18066.6,18067.1
14,754,g_a,dpu,18067.1,18426.6
14,754,g_a,dpu,18426.6,18463.6
14,754,g_a_cpu,cpu,18463.6,18464
14,754,eb_enc,cpu,18464,18468.7
14,772,normalize,cpu,18469.2,18472.9
14,772,g_a_cpu,cpu,18472.9,18473.2
14,772,g_a,dpu,18473.2,19176.2
14,772,g_a,dpu,19176.2,19213
14,772,g_a_cpu,cpu,19213,19213.5
14,772,eb_enc,cpu,19213.5,19218.2
14,802,normalize,cpu,19218.8,19222.4
14,802,g_a_cpu,cpu,19222.4,19222.7
14,802,g_a,dpu,19222.7,19923.9
14,802,g_a,dpu,19923.9,19960.8
14,802,g_a_cpu,cpu,19960.8,19961.3
14,802,eb_enc,cpu,19961.3,19966.2
14,832,normalize,cpu,19966.6,19970.3
14,832,g_a_cpu,cpu,19970.3,19970.7
14,832,g_a,dpu,19970.7,20673.4
14,832,g_a,dpu,20673.4,21042.2
14,832,g_a_cpu,cpu,21042.2,21042.6
14,832,eb_enc,cpu,21042.6,21047.3
14,878,normalize,cpu,21047.8,21051.4
14,878,g_a_cpu,cpu,21051.4,21051.7
14,878,g_a,dpu,21051.8,21408.6
14,878,g_a,dpu,21408.6,21778.9
14,878,g_a_cpu,cpu,21778.9,21779.4
14,878,eb_enc,cpu,21779.4,21784.1
14,908,normalize,cpu,21784.6,21788.2
14,908,g_a_cpu,cpu,21788.2,21788.5
14,908,g_a,dpu,21788.5,22147.9
14,908,g_a,dpu,22147.9,22516.8
14,908,g_a_cpu,cpu,22516.8,22517.1
14,908,eb_enc,cpu,22517.1,22521.8
15,23,normalize,cpu,101.628,105.283
15,23,g_a_cpu,cpu,105.33,108.265
15,23,g_a,dpu,108.274,455.587
15,23,g_a,dpu,455.59,825.115
15,23,g_a_cpu,cpu,825.116,825.509
15,23,eb_enc,cpu,825.515,832.158
15,57,normalize,cpu,832.823,836.573
15,57,g_a_cpu,cpu,836.576,837.058
15,57,g_a,dpu,837.06,1196.25
15,57,g_a,dpu,1196.26,1557.4
15,57,g_a_cpu,cpu,1557.41,1557.85
15,57,eb_enc,cpu,1557.85,1562.78
15,85,normalize,cpu,1563.25,1566.89
15,85,g_a_cpu,cpu,1566.9,1567.17
15,85,g_a,dpu,1567.18,1921.5
15,85,g_a,dpu,1921.5,2285.88
15,85,g_a_cpu,cpu,2285.89,2286.24
15,85,eb_enc,cpu,2286.25,2291.27
15,114,normalize,cpu,2291.75,2295.42
15,114,g_a_cpu,cpu,2295.42,2295.82
15,114,g_a,dpu,2295.82,2653.59
15,114,g_a,dpu,2653.59,3021.72
15,114,g_a_cpu,cpu,3021.72,3022.15
15,114,eb_enc,cpu,3022.16,3026.97
15,143,normalize,cpu,3027.47,3031.12
15,143,g_a_cpu,cpu,3031.12,3031.42
15,143,g_a,dpu,3031.43,3389.93
15,143,g_a,dpu,3389.93,3753.76
15,143,g_a_cpu,cpu,3753.76,3754.19
15,143,eb_enc,cpu,3754.2,3758.95
15,173,normalize,cpu,3759.64,3763.32
15,173,g_a_cpu,cpu,3763.33,3763.68
15,173,g_a,dpu,3763.69,4121.56
15,173,g_a,dpu,4121.57,4489.68
15,173,g_a_cpu,cpu,4489.68,4490.15
15,173,eb_enc,cpu,4490.16,4494.92
15,203,normalize,cpu,4504.84,4508.52
15,203,g_a_cpu,cpu,4508.52,4508.86
15,203,g_a,dpu,4508.86,4853.79
15,203,g_a,dpu,4853.79,5222.02
15,203,g_a_cpu,cpu,5222.03,5222.48
15,203,eb_enc,cpu,5222.49,5227.5
15,234,normalize,cpu,5228.12,5231.81
15,234,g_a_cpu,cpu,5231.81,5232.27
15,234,g_a,dpu,5232.28,5269.01
15,234,g_a,dpu,5269.02,5629.99
15,234,g_a_cpu,cpu,5629.99,5630.4
15,234,eb_enc,cpu,5630.4,5635.17
15,243,normalize,cpu,5635.67,5639.31
15,243,g_a_cpu,cpu,5639.32,5639.6
15,243,g_a,dpu,5639.6,6006.12
15,243,g_a,dpu,6006.12,6369.66
15,243,g_a_cpu,cpu,6369.67,6370.06
15,243,eb_enc,cpu,6370.07,6374.81
15,275,normalize,cpu,6375.36,6378.99
15,275,g_a_cpu,cpu,6378.99,6379.29
15,275,g_a,dpu,6379.29,6734.26
15,275,g_a,dpu,6734.27,7101.71
15,275,g_a_cpu,cpu,7101.71,7102.12
15,275,eb_enc,cpu,7102.12,7106.93
15,306,normalize,cpu,7107.51,7111.28
15,306,g_a_cpu,cpu,7111.29,7111.59
15,306,g_a,dpu,7111.6,7469.93
15,306,g_a,dpu,7469.93,7837.73
15,306,g_a_cpu,cpu,7837.73,7838.13
15,306,eb_enc,cpu,7838.14,7842.92
15,336,normalize,cpu,7843.47,7847.37
15,336,g_a_cpu,cpu,7847.38,7847.67
15,336,g_a,dpu,7847.67,8210.13
15,336,g_a,dpu,8210.14,8569.8
15,336,g_a_cpu,cpu,8569.8,8570.12
15,336,eb_enc,cpu,8570.12,8574.88
15,366,normalize,cpu,8575.41,8579.06
15,366,g_a_cpu,cpu,8579.07,8579.35
15,366,g_a,dpu,8579.35,8949.48
15,366,g_a,dpu,8949.49,9309.22
15,366,g_a_cpu,cpu,9309.22,9309.61
15,366,eb_enc,cpu,9309.61,9314.43
15,396,normalize,cpu,9314.95,9318.6
15,396,g_a_cpu,cpu,9318.6,9318.87
15,396,g_a,dpu,9318.87,9677.76
15,396,g_a,dpu,9677.76,10041.9
15,396,g_a_cpu,cpu,10041.9,10042.3
15,396,eb_enc,cpu,10042.3,10047.1
15,427,normalize,cpu,10047.6,10051.3
15,427,g_a_cpu,cpu,10051.3,10051.6
15,427,g_a,dpu,10051.6,10406.6
15,427,g_a,dpu,10406.6,10769.8
15,427,g_a_cpu,cpu,10769.8,10770.2
15,427,eb_enc,cpu,10770.2,10775
15,456,normalize,cpu,10775.5,10779.1
15,456,g_a_cpu,cpu,10779.1,10779.4
15,456,g_a,dpu,10779.4,11137.6
15,456,g_a,dpu,11137.6,11500
15,456,g_a_cpu,cpu,11500,11500.4
15,456,eb_enc,cpu,11500.4,11505.2
15,487,normalize,cpu,11505.7,11509.3
15,487,g_a_cpu,cpu,11509.3,11509.6
15,487,g_a,dpu,11509.6,11873.5
15,487,g_a,dpu,11873.5,12232.4
15,487,g_a_cpu,cpu,12232.4,12232.8
15,487,eb_enc,cpu,12232.8,12237.6
15,517,normalize,cpu,12238.1,12241.9
15,517,g_a_cpu,cpu,12241.9,12242.4
15,517,g_a,dpu,12242.4,12594
15,517,g_a,dpu,12594,12963.4
15,517,g_a_cpu,cpu,12963.4,12963.8
15,517,eb_enc,cpu,12963.8,12968.6
15,550,normalize,cpu,12969.1,12972.8
15,550,g_a_cpu,cpu,12972.8,12973
15,550,g_a,dpu,12973,13325.6
15,550,g_a,dpu,13325.6,13692.4
15,550,g_a_cpu,cpu,13692.4,13692.8
15,550,eb_enc,cpu,13692.8,13697.7
15,579,normalize,cpu,13702.3,13710.4
15,579,g_a_cpu,cpu,13710.4,13710.9
15,579,g_a,dpu,13710.9,14053.9
15,579,g_a,dpu,14053.9,14428.3
15,579,g_a_cpu,cpu,14428.3,14428.7
15,579,eb_enc,cpu,14428.7,14433.5
15,609,normalize,cpu,14434.2,14437.9
15,609,g_a_cpu,cpu,14437.9,14438.2
15,609,g_a,dpu,14438.2,14793.8
15,609,g_a,dpu,14793.8,15169.9
15,609,g_a_cpu,cpu,15169.9,15170.4
15,609,eb_enc,cpu,15170.4,15175.4
15,638,normalize,cpu,15175.8,15183.5
15,638,g_a_cpu,cpu,15183.5,15183.9
15,638,g_a,dpu,15183.9,15530.2
15,638,g_a,dpu,15530.2,15566.5
15,638,g_a_cpu,cpu,15566.5,15566.8
15,638,eb_enc,cpu,15566.8,15571.7
15,651,normalize,cpu,15572.2,15575.9
15,651,g_a_cpu,cpu,15575.9,15576.3
15,651,g_a,dpu,15576.3,15937.9
15,651,g_a,dpu,15937.9,15974.4
15,651,g_a_cpu,cpu,15974.4,15975
15,651,eb_enc,cpu,15975,15979.9
15,670,normalize,cpu,15980.3,15984
15,670,g_a_cpu,cpu,15984,15984.3
15,670,g_a,dpu,15984.3,16341.7
15,670,g_a,dpu,16341.7,16706.3
15,670,g_a_cpu,cpu,16706.3,16706.7
15,670,eb_enc,cpu,16706.7,16711.6
15,700,normalize,cpu,16712.1,16716.4
15,700,g_a_cpu,cpu,16716.4,16716.7
15,700,g_a,dpu,16716.7,17073.7
15,700,g_a,dpu,17073.7,17437.6
15,700,g_a_cpu,cpu,17437.6,17438
15,700,eb_enc,cpu,17438,17442.8
15,730,normalize,cpu,17443.3,17447.7
15,730,g_a_cpu,cpu,17447.7,17448
15,730,g_a,dpu,17448,17806.4
15,730,g_a,dpu,17806.4,18173.4
15,730,g_a_cpu,cpu,18173.4,18173.8
15,730,eb_enc,cpu,18173.8,18178.6
15,761,normalize,cpu,18179.1,18182.8
15,761,g_a_cpu,cpu,18182.8,18183.1
15,761,g_a,dpu,18183.1,18537.5
15,761,g_a,dpu,18537.5,18897.8
15,761,g_a_cpu,cpu,18897.8,18898.1
15,761,eb_enc,cpu,18898.1,18902.9
15,789,normalize,cpu,18903.4,18907.1
15,789,g_a_cpu,cpu,18907.1,18907.4
15,789,g_a,dpu,18907.4,19269.7
15,789,g_a,dpu,19269.7,19634.2
15,789,g_a_cpu,cpu,19634.2,19634.6
15,789,eb_enc,cpu,19634.6,19639.4
15,819,normalize,cpu,19639.9,19643.5
15,819,g_a_cpu,cpu,19643.5,19643.8
15,819,g_a,dpu,19643.8,19996.7
15,819,g_a,dpu,19996.7,20033
15,819,g_a_cpu,cpu,20033,20033.4
15,819,eb_enc,cpu,20033.4,20038.2
15,833,normalize,cpu,20038.7,20042.4
15,833,g_a_cpu,cpu,20042.4,20042.7
15,833,g_a,dpu,20042.7,20397.8
15,833,g_a,dpu,20397.8,20765.6
15,833,g_a_cpu,cpu,20765.6,20766
15,833,eb_enc,cpu,20766,20770.7
15,863,normalize,cpu,20771.3,20774.9
15,863,g_a_cpu,cpu,20774.9,20775.2
15,863,g_a,dpu,20775.2,21138.1
15,863,g_a,dpu,21138.1,21502.4
15,863,g_a_cpu,cpu,21502.4,21502.8
15,863,eb_enc,cpu,21502.8,21507.8
15,893,normalize,cpu,21508.4,21512.1
15,893,g_a_cpu,cpu,21512.1,21512.5
15,893,g_a,dpu,21512.5,21877.9
15,893,g_a,dpu,21877.9,21914.2
15,893,g_a_cpu,cpu,21914.2,21914.5
15,893,eb_enc,cpu,21914.5,21919.4
15,912,normalize,cpu,21919.9,21923.6
15,912,g_a_cpu,cpu,21923.6,21923.9
15,912,g_a,dpu,21923.9,22281.8
15,912,g_a,dpu,22281.8,22655.6
15,912,g_a_cpu,cpu,22655.6,22655.9
15,912,eb_enc,cpu,22655.9,22660.8
16,18,normalize,cpu,94.8928,110.169
16,18,g_a_cpu,cpu,114.51,114.951
16,18,g_a,dpu,114.955,301.908
16,18,g_a,dpu,301.912,669.802
16,18,g_a_cpu,cpu,669.803,670.144
16,18,eb_enc,cpu,670.15,676.258
16,46,normalize,cpu,676.689,680.335
16,46,g_a_cpu,cpu,680.339,680.634
16,46,g_a,dpu,680.636,1042.35
16,46,g_a,dpu,1042.36,1402.62
16,46,g_a_cpu,cpu,1402.62,1403.17
16,46,eb_enc,cpu,1403.18,1407.89
16,74,normalize,cpu,1408.37,1412.04
16,74,g_a_cpu,cpu,1412.05,1412.29
16,74,g_a,dpu,1412.29,1766.09
16,74,g_a,dpu,1766.09,2129.84
16,74,g_a_cpu,cpu,2129.85,2130.16
16,74,eb_enc,cpu,2130.16,2134.89
16,103,normalize,cpu,2135.58,2139.36
16,103,g_a_cpu,cpu,2139.36,2139.71
16,103,g_a,dpu,2139.71,2497.89
16,103,g_a,dpu,2497.89,2857.72
16,103,g_a_cpu,cpu,2857.73,2858.34
16,103,eb_enc,cpu,2858.34,2863.03
16,134,normalize,cpu,2863.46,2867.13
16,134,g_a_cpu,cpu,2867.13,2867.39
16,134,g_a,dpu,2867.4,3222.92
16,134,g_a,dpu,3222.92,3585.8
16,134,g_a_cpu,cpu,3585.8,3586.25
16,134,eb_enc,cpu,3586.25,3591
16,163,normalize,cpu,3591.44,3595.08
16,163,g_a_cpu,cpu,3595.08,3595.38
16,163,g_a,dpu,3595.38,3946.47
16,163,g_a,dpu,3946.48,4310.02
16,163,g_a_cpu,cpu,4310.02,4310.46
16,163,eb_enc,cpu,4310.46,4315.24
16,193,normalize,cpu,4315.77,4319.46
16,193,g_a_cpu,cpu,4319.46,4319.74
16,193,g_a,dpu,4319.74,4681.84
16,193,g_a,dpu,4681.84,5041.93
16,193,g_a_cpu,cpu,5041.93,5042.47
16,193,eb_enc,cpu,5042.47,5047.26
16,223,normalize,cpu,5047.89,5051.56
16,223,g_a_cpu,cpu,5051.56,5051.8
16,223,g_a,dpu,5051.8,5410.02
16,223,g_a,dpu,5410.02,5773.98
16,223,g_a_cpu,cpu,5773.98,5774.46
16,223,eb_enc,cpu,5774.46,5779.35
16,251,normalize,cpu,5779.86,5783.53
16,251,g_a_cpu,cpu,5783.53,5783.87
16,251,g_a,dpu,5783.87,6149.77
16,251,g_a,dpu,6149.77,6517.99
16,251,g_a_cpu,cpu,6517.99,6518.56
16,251,eb_enc,cpu,6518.57,6523.47
16,284,normalize,cpu,6523.97,6527.67
16,284,g_a_cpu,cpu,6527.68,6527.97
16,284,g_a,dpu,6527.98,6890.12
16,284,g_a,dpu,6890.12,7261.97
16,284,g_a_cpu,cpu,7261.97,7262.38
16,284,eb_enc,cpu,7262.39,7267.22
16,316,normalize,cpu,7267.72,7271.37
16,316,g_a_cpu,cpu,7271.37,7271.65
16,316,g_a,dpu,7271.65,7629.91
16,316,g_a,dpu,7629.91,7997.85
16,316,g_a_cpu,cpu,7997.85,7998.16
16,316,eb_enc,cpu,7998.16,8002.88
16,345,normalize,cpu,8003.47,8007.17
16,345,g_a_cpu,cpu,8007.18,8007.53
16,345,g_a,dpu,8007.54,8370.09
16,345,g_a,dpu,8370.09,8734.19
16,345,g_a_cpu,cpu,8734.19,8734.52
16,345,eb_enc,cpu,8734.52,8739.24
16,376,normalize,cpu,8739.69,8743.34
16,376,g_a_cpu,cpu,8743.34,8743.63
16,376,g_a,dpu,8743.63,9101.81
16,376,g_a,dpu,9101.81,9469.62
16,376,g_a_cpu,cpu,9469.62,9469.98
16,376,eb_enc,cpu,9469.99,9474.69
16,404,normalize,cpu,9475.16,9478.82
16,404,g_a_cpu,cpu,9478.82,9479.09
16,404,g_a,dpu,9479.1,9835.95
16,404,g_a,dpu,9835.96,10201.9
16,404,g_a_cpu,cpu,10201.9,10202.3
16,404,eb_enc,cpu,10202.3,10207
16,434,normalize,cpu,10207.5,10211.2
16,434,g_a_cpu,cpu,10211.2,10211.4
16,434,g_a,dpu,10211.4,10569.9
16,434,g_a,dpu,10569.9,10934
16,434,g_a_cpu,cpu,10934,10934.8
16,434,eb_enc,cpu,10934.8,10940
16,464,normalize,cpu,10940.6,10944.3
16,464,g_a_cpu,cpu,10944.3,10944.8
16,464,g_a,dpu,10944.8,11297.6
16,464,g_a,dpu,11297.6,11657.8
16,464,g_a_cpu,cpu,11657.8,11658.2
16,464,eb_enc,cpu,11658.2,11662.9
16,494,normalize,cpu,11663.4,11667
16,494,g_a_cpu,cpu,11667,11667.3
16,494,g_a,dpu,11667.3,12025.6
16,494,g_a,dpu,12025.6,12385.7
16,494,g_a_cpu,cpu,12385.7,12386.2
16,494,eb_enc,cpu,12386.2,12391
16,524,normalize,cpu,12391.7,12395.3
16,524,g_a_cpu,cpu,12395.3,12395.6
16,524,g_a,dpu,12395.6,12761.9
16,524,g_a,dpu,12761.9,13121.8
16,524,g_a_cpu,cpu,13121.8,13122.2
16,524,eb_enc,cpu,13122.2,13126.9
16,554,normalize,cpu,13127.4,13131
16,554,g_a_cpu,cpu,13131,13131.3
16,554,g_a,dpu,13131.3,13489.4
16,554,g_a,dpu,13489.4,13849.4
16,554,g_a_cpu,cpu,13849.4,13849.7
16,554,eb_enc,cpu,13849.7,13854.5
16,584,normalize,cpu,13854.9,13858.6
16,584,g_a_cpu,cpu,13858.6,13858.9
16,584,g_a,dpu,13858.9,14213.5
16,584,g_a,dpu,14213.5,14580.9
16,584,g_a_cpu,cpu,14580.9,14581.3
16,584,eb_enc,cpu,14581.3,14586
16,614,normalize,cpu,14586.5,14590.2
16,614,g_a_cpu,cpu,14590.2,14590.4
16,614,g_a,dpu,14590.4,14945.7
16,614,g_a,dpu,14945.7,15320.2
16,614,g_a_cpu,cpu,15320.2,15320.7
16,614,eb_enc,cpu,15320.7,15325.4
16,644,normalize,cpu,15325.9,15329.6
16,644,g_a_cpu,cpu,15329.6,15330
16,644,g_a,dpu,15330,15680.6
16,644,g_a,dpu,15680.6,16050
16,644,g_a_cpu,cpu,16050,16050.5
16,644,eb_enc,cpu,16050.5,16055.3
16,674,normalize,cpu,16055.8,16059.5
16,674,g_a_cpu,cpu,16059.5,16059.8
16,674,g_a,dpu,16059.8,16418.3
16,674,g_a,dpu,16418.3,16785.4
16,674,g_a_cpu,cpu,16785.4,16786
16,674,eb_enc,cpu,16786,16790.8
16,705,normalize,cpu,16791.3,16795
16,705,g_a_cpu,cpu,16795,16795.2
16,705,g_a,dpu,16795.2,17153.5
16,705,g_a,dpu,17153.5,17517.6
16,705,g_a_cpu,cpu,17517.6,17518
16,705,eb_enc,cpu,17518,17522.7
16,734,normalize,cpu,17523.2,17526.9
16,734,g_a_cpu,cpu,17526.9,17527.1
16,734,g_a,dpu,17527.1,17897.7
16,734,g_a,dpu,17897.7,18263
16,734,g_a_cpu,cpu,18263,18263.5
16,734,eb_enc,cpu,18263.5,18268.3
16,765,normalize,cpu,18268.7,18272.4
16,765,g_a_cpu,cpu,18272.4,18272.7
16,765,g_a,dpu,18272.7,18633.9
16,765,g_a,dpu,18633.9,19001.9
16,765,g_a_cpu,cpu,19001.9,19002.4
16,765,eb_enc,cpu,19002.4,19007.3
16,795,normalize,cpu,19007.7,19012
16,795,g_a_cpu,cpu,19012,19012.3
16,795,g_a,dpu,19012.3,19374.1
16,795,g_a,dpu,19374.1,19749.8
16,795,g_a_cpu,cpu,19749.8,19750.3
16,795,eb_enc,cpu,19750.3,19755.1
16,826,normalize,cpu,19755.5,19759.1
16,826,g_a_cpu,cpu,19759.1,19759.4
16,826,g_a,dpu,19759.4,20114.4
16,826,g_a,dpu,20114.4,20486.4
16,826,g_a_cpu,cpu,20486.4,20486.7
16,826,eb_enc,cpu,20486.8,20499.1
16,855,normalize,cpu,20499.6,20503.4
16,855,g_a_cpu,cpu,20503.4,20503.6
16,855,g_a,dpu,20503.6,20853.1
16,855,g_a,dpu,20853.1,21213.5
16,855,g_a_cpu,cpu,21213.5,21213.9
16,855,eb_enc,cpu,21213.9,21218.6
16,884,normalize,cpu,21219,21222.7
16,884,g_a_cpu,cpu,21222.7,21223
16,884,g_a,dpu,21223,21586
16,884,g_a,dpu,21586.1,21960.4
16,884,g_a_cpu,cpu,21960.4,21960.9
16,884,eb_enc,cpu,21960.9,21965.8
16,914,normalize,cpu,21966.5,21970.1
16,914,g_a_cpu,cpu,21970.1,21970.4
16,914,g_a,dpu,21970.4,22326.3
16,914,g_a,dpu,22326.3,22362.8
16,914,g_a_cpu,cpu,22362.9,22363.4
16,914,eb_enc,cpu,22363.4,22368.2
17,17,normalize,cpu,94.8923,102.578
17,17,g_a_cpu,cpu,102.673,103.134
17,17,g_a,dpu,103.138,242.849
17,17,g_a,dpu,242.851,279.612
17,17,g_a_cpu,cpu,279.612,279.947
17,17,eb_enc,cpu,279.952,286.033
17,31,normalize,cpu,286.511,290.167
17,31,g_a_cpu,cpu,290.169,290.539
17,31,g_a,dpu,290.542,994.003
17,31,g_a,dpu,994.008,1030.81
17,31,g_a_cpu,cpu,1030.81,1031.17
17,31,eb_enc,cpu,1031.17,1036
17,61,normalize,cpu,1036.51,1040.25
17,61,g_a_cpu,cpu,1040.25,1040.48
17,61,g_a,dpu,1040.49,1735.74
17,61,g_a,dpu,1735.74,1772.48
17,61,g_a_cpu,cpu,1772.48,1772.92
17,61,eb_enc,cpu,1772.94,1777.75
17,91,normalize,cpu,1778.49,1782.14
17,91,g_a_cpu,cpu,1782.14,1782.44
17,91,g_a,dpu,1782.44,2477.57
17,91,g_a,dpu,2477.57,2850.69
17,91,g_a_cpu,cpu,2850.69,2851.02
17,91,eb_enc,cpu,2851.02,2855.85
17,133,normalize,cpu,2856.37,2860.16
17,133,g_a_cpu,cpu,2860.17,2860.51
17,133,g_a,dpu,2860.51,3231.64
17,133,g_a,dpu,3231.64,3598.65
17,133,g_a_cpu,cpu,3598.66,3598.99
17,133,eb_enc,cpu,3598.99,3603.71
17,164,normalize,cpu,3604.19,3607.93
17,164,g_a_cpu,cpu,3607.94,3608.22
17,164,g_a,dpu,3608.23,3966.13
17,164,g_a,dpu,3966.14,4331.52
17,164,g_a_cpu,cpu,4331.52,4331.87
17,164,eb_enc,cpu,4331.87,4336.63
17,194,normalize,cpu,4337.16,4340.83
17,194,g_a_cpu,cpu,4340.84,4341.15
17,194,g_a,dpu,4341.15,4698.53
17,194,g_a,dpu,4698.53,5066.33
17,194,g_a_cpu,cpu,5066.33,5066.7
17,194,eb_enc,cpu,5066.7,5071.48
17,224,normalize,cpu,5071.98,5075.73
17,224,g_a_cpu,cpu,5075.73,5076
17,224,g_a,dpu,5076,5439.6
17,224,g_a,dpu,5439.6,5806.12
17,224,g_a_cpu,cpu,5806.12,5806.45
17,224,eb_enc,cpu,5806.46,5819.48
17,254,normalize,cpu,5820,5823.66
17,254,g_a_cpu,cpu,5823.66,5824.14
17,254,g_a,dpu,5824.14,6179.03
17,254,g_a,dpu,6179.03,6215.69
17,254,g_a_cpu,cpu,6215.69,6216.1
17,254,eb_enc,cpu,6216.11,6220.85
17,271,normalize,cpu,6221.37,6225.02
17,271,g_a_cpu,cpu,6225.03,6225.35
17,271,g_a,dpu,6225.35,6923.72
17,271,g_a,dpu,6923.72,6960.44
17,271,g_a_cpu,cpu,6960.44,6960.92
17,271,eb_enc,cpu,6960.92,6965.66
17,301,normalize,cpu,6966.12,6969.76
17,301,g_a_cpu,cpu,6969.76,6970.05
17,301,g_a,dpu,6970.05,7663.3
17,301,g_a,dpu,7663.3,7699.99
17,301,g_a_cpu,cpu,7699.99,7700.45
17,301,eb_enc,cpu,7700.46,7705.21
17,331,normalize,cpu,7705.65,7709.3
17,331,g_a_cpu,cpu,7709.3,7709.6
17,331,g_a,dpu,7709.61,8413.72
17,331,g_a,dpu,8413.73,8781.31
17,331,g_a_cpu,cpu,8781.31,8781.66
17,331,eb_enc,cpu,8781.67,8786.44
17,380,normalize,cpu,8786.91,8790.57
17,380,g_a_cpu,cpu,8790.57,8790.84
17,380,g_a,dpu,8790.84,9149.3
17,380,g_a,dpu,9149.3,9526.95
17,380,g_a_cpu,cpu,9526.95,9527.46
17,380,eb_enc,cpu,9527.47,9532.49
17,408,normalize,cpu,9532.94,9536.7
17,408,g_a_cpu,cpu,9536.7,9537.06
17,408,g_a,dpu,9537.06,10230.4
17,408,g_a,dpu,10230.4,10267.3
17,408,g_a_cpu,cpu,10267.3,10267.8
17,408,eb_enc,cpu,10267.8,10272.6
17,438,normalize,cpu,10273.1,10276.8
17,438,g_a_cpu,cpu,10276.8,10277.1
17,438,g_a,dpu,10277.1,10963.6
17,438,g_a,dpu,10963.6,11000.7
17,438,g_a_cpu,cpu,11000.7,11001.2
17,438,eb_enc,cpu,11001.2,11006
17,468,normalize,cpu,11006.7,11010.3
17,468,g_a_cpu,cpu,11010.3,11010.6
17,468,g_a,dpu,11010.6,11704.6
17,468,g_a,dpu,11704.6,11741.4
17,468,g_a_cpu,cpu,11741.4,11741.8
17,468,eb_enc,cpu,11741.9,11746.6
17,499,normalize,cpu,11747.2,11750.8
17,499,g_a_cpu,cpu,11750.8,11751.1
17,499,g_a,dpu,11751.1,12439.7
17,499,g_a,dpu,12439.7,12476.6
17,499,g_a_cpu,cpu,12476.6,12477
17,499,eb_enc,cpu,12477,12481.8
17,529,normalize,cpu,12482.3,12486
17,529,g_a_cpu,cpu,12486,12486.6
17,529,g_a,dpu,12486.6,13173.2
17,529,g_a,dpu,13173.2,13536.7
17,529,g_a_cpu,cpu,13536.7,13537.2
17,529,eb_enc,cpu,13537.2,13541.9
17,568,normalize,cpu,13542.4,13546.1
17,568,g_a_cpu,cpu,13546.1,13546.3
17,568,g_a,dpu,13546.3,13906.3
17,568,g_a,dpu,13906.3,14270.8
17,568,g_a_cpu,cpu,14270.8,14271.2
17,568,eb_enc,cpu,14271.2,14276
17,598,normalize,cpu,14276.5,14280.2
17,598,g_a_cpu,cpu,14280.2,14280.6
17,598,g_a,dpu,14280.6,14646.5
17,598,g_a,dpu,14646.5,15011.1
17,598,g_a_cpu,cpu,15011.1,15011.5
17,598,eb_enc,cpu,15011.5,15016.4
17,628,normalize,cpu,15016.9,15020.7
17,628,g_a_cpu,cpu,15020.7,15021
17,628,g_a,dpu,15021,15400.5
17,628,g_a,dpu,15400.5,15765.6
17,628,g_a_cpu,cpu,15765.6,15766.1
17,628,eb_enc,cpu,15766.1,15770.9
17,658,normalize,cpu,15771.4,15775
17,658,g_a_cpu,cpu,15775,15775.3
17,658,g_a,dpu,15775.3,16150.7
17,658,g_a,dpu,16150.7,16514.5
17,658,g_a_cpu,cpu,16514.5,16514.8
17,658,eb_enc,cpu,16514.8,16519.6
17,689,normalize,cpu,16520.2,16523.9
17,689,g_a_cpu,cpu,16523.9,16524.2
17,689,g_a,dpu,16524.2,16898.8
17,689,g_a,dpu,16898.8,17267.3
17,689,g_a_cpu,cpu,17267.4,17267.7
17,689,eb_enc,cpu,17267.7,17272.6
17,721,normalize,cpu,17273.1,17276.7
17,721,g_a_cpu,cpu,17276.7,17277
17,721,g_a,dpu,17277,17650.6
17,721,g_a,dpu,17650.6,18019.5
17,721,g_a_cpu,cpu,18019.5,18019.9
17,721,eb_enc,cpu,18019.9,18024.7
17,752,normalize,cpu,18025.2,18028.8
17,752,g_a_cpu,cpu,18028.8,18029.1
17,752,g_a,dpu,18029.1,18390.3
17,752,g_a,dpu,18390.3,18760.6
17,752,g_a_cpu,cpu,18760.7,18761.1
17,752,eb_enc,cpu,18761.1,18765.9
17,782,normalize,cpu,18766.4,18770.2
17,782,g_a_cpu,cpu,18770.2,18770.5
17,782,g_a,dpu,18770.5,19139.5
17,782,g_a,dpu,19139.5,19505.3
17,782,g_a_cpu,cpu,19505.3,19505.7
17,782,eb_enc,cpu,19505.7,19510.6
17,812,normalize,cpu,19511.1,19514.7
17,812,g_a_cpu,cpu,19514.7,19515
17,812,g_a,dpu,19515,19887.5
17,812,g_a,dpu,19887.5,20254.8
17,812,g_a_cpu,cpu,20254.8,20255.1
17,812,eb_enc,cpu,20255.1,20259.9
17,843,normalize,cpu,20260.4,20264.1
17,843,g_a_cpu,cpu,20264.1,20264.4
17,843,g_a,dpu,20264.4,20636.7
17,843,g_a,dpu,20636.7,21005.5
17,843,g_a_cpu,cpu,21005.5,21005.9
17,843,eb_enc,cpu,21005.9,21010.6
17,875,normalize,cpu,21011.2,21014.8
17,875,g_a_cpu,cpu,21014.8,21015.1
17,875,g_a,dpu,21015.1,21372.3
17,875,g_a,dpu,21372.3,21742.2
17,875,g_a_cpu,cpu,21742.2,21742.6
17,875,eb_enc,cpu,21742.6,21747.4
17,905,normalize,cpu,21747.9,21751.5
17,905,g_a_cpu,cpu,21751.5,21751.8
17,905,g_a,dpu,21751.8,22111.6
17,905,g_a,dpu,22111.6,22480.3
17,905,g_a_cpu,cpu,22480.3,22480.8
17,905,eb_enc,cpu,22480.8,22485.5
18,16,normalize,cpu,91.4058,101.187
18,16,g_a_cpu,cpu,101.306,101.758
18,16,g_a,dpu,101.763,239.138
18,16,g_a,dpu,239.14,601.818
18,16,g_a_cpu,cpu,601.821,602.329
18,16,eb_enc,cpu,602.341,608.4
18,42,normalize,cpu,608.868,612.559
18,42,g_a_cpu,cpu,612.562,612.896
18,42,g_a,dpu,612.898,973.724
18,42,g_a,dpu,973.729,1341.74
18,42,g_a_cpu,cpu,1341.75,1342.14
18,42,eb_enc,cpu,1342.15,1346.85
18,70,normalize,cpu,1347.35,1351.01
18,70,g_a_cpu,cpu,1351.01,1351.31
18,70,g_a,dpu,1351.31,1701.68
18,70,g_a,dpu,1701.68,2065.89
18,70,g_a_cpu,cpu,2065.9,2066.36
18,70,eb_enc,cpu,2066.38,2071.19
18,100,normalize,cpu,2071.66,2075.39
18,100,g_a_cpu,cpu,2075.39,2075.69
18,100,g_a,dpu,2075.69,2433.71
18,100,g_a,dpu,2433.71,2797.43
18,100,g_a_cpu,cpu,2797.43,2797.9
18,100,eb_enc,cpu,2797.91,2802.59
18,129,normalize,cpu,2803.09,2806.79
18,129,g_a_cpu,cpu,2806.79,2807.08
18,129,g_a,dpu,2807.08,3169.74
18,129,g_a,dpu,3169.74,3533.59
18,129,g_a_cpu,cpu,3533.59,3534.08
18,129,eb_enc,cpu,3534.08,3538.82
18,159,normalize,cpu,3539.3,3542.97
18,159,g_a_cpu,cpu,3542.97,3543.24
18,159,g_a,dpu,3543.24,3899.65
18,159,g_a,dpu,3899.66,4269.47
18,159,g_a_cpu,cpu,4269.47,4269.89
18,159,eb_enc,cpu,4269.89,4274.73
18,189,normalize,cpu,4275.19,4278.82
18,189,g_a_cpu,cpu,4278.82,4279.14
18,189,g_a,dpu,4279.14,4633.4
18,189,g_a,dpu,4633.4,5001.5
18,189,g_a_cpu,cpu,5001.5,5001.99
18,189,eb_enc,cpu,5001.99,5006.79
18,219,normalize,cpu,5007.29,5010.94
18,219,g_a_cpu,cpu,5010.95,5011.23
18,219,g_a,dpu,5011.24,5377.53
18,219,g_a,dpu,5377.53,6078.61
18,219,g_a_cpu,cpu,6078.61,6078.95
18,219,eb_enc,cpu,6078.95,6083.74
18,270,normalize,cpu,6093.21,6096.88
18,270,g_a_cpu,cpu,6096.89,6097.23
18,270,g_a,dpu,6097.24,6441.98
18,270,g_a,dpu,6441.99,6806.6
18,270,g_a_cpu,cpu,6806.6,6806.97
18,270,eb_enc,cpu,6806.97,6811.82
18,300,normalize,cpu,6812.29,6816
18,300,g_a_cpu,cpu,6816,6816.29
18,300,g_a,dpu,6816.29,7173.5
18,300,g_a,dpu,7173.5,7541.76
18,300,g_a_cpu,cpu,7541.76,7542.08
18,300,eb_enc,cpu,7542.08,7546.84
18,330,normalize,cpu,7547.38,7551.04
18,330,g_a_cpu,cpu,7551.04,7551.3
18,330,g_a,dpu,7551.3,7909.54
18,330,g_a,dpu,7909.54,8281.95
18,330,g_a_cpu,cpu,8281.95,8282.37
18,330,eb_enc,cpu,8282.38,8287.05
18,359,normalize,cpu,8287.57,8291.23
18,359,g_a_cpu,cpu,8291.23,8291.51
18,359,g_a,dpu,8291.51,8645.77
18,359,g_a,dpu,8645.78,9021.23
18,359,g_a_cpu,cpu,9021.24,9021.66
18,359,eb_enc,cpu,9021.67,9026.42
18,387,normalize,cpu,9026.96,9030.7
18,387,g_a_cpu,cpu,9030.7,9031.08
18,387,g_a,dpu,9031.08,9381.09
18,387,g_a,dpu,9381.09,9753.8
18,387,g_a_cpu,cpu,9753.8,9754.23
18,387,eb_enc,cpu,9754.23,9759.05
18,417,normalize,cpu,9759.52,9763.21
18,417,g_a_cpu,cpu,9763.21,9763.52
18,417,g_a,dpu,9763.53,10113.7
18,417,g_a,dpu,10113.7,10478.4
18,417,g_a_cpu,cpu,10478.4,10478.9
18,417,eb_enc,cpu,10478.9,10483.6
18,446,normalize,cpu,10484.1,10487.8
18,446,g_a_cpu,cpu,10487.8,10488.1
18,446,g_a,dpu,10488.1,10841.5
18,446,g_a,dpu,10841.5,11212.3
18,446,g_a_cpu,cpu,11212.3,11212.7
18,446,eb_enc,cpu,11212.7,11217.4
18,476,normalize,cpu,11218,11221.6
18,476,g_a_cpu,cpu,11221.6,11221.9
18,476,g_a,dpu,11221.9,11571.8
18,476,g_a,dpu,11571.8,11945.2
18,476,g_a_cpu,cpu,11945.2,11945.7
18,476,eb_enc,cpu,11945.7,11950.4
18,506,normalize,cpu,11950.9,11954.7
18,506,g_a_cpu,cpu,11954.7,11955
18,506,g_a,dpu,11955,12304.4
18,506,g_a,dpu,12304.4,12665.9
18,506,g_a_cpu,cpu,12665.9,12666.4
18,506,eb_enc,cpu,12666.4,12671.1
18,536,normalize,cpu,12671.6,12675.3
18,536,g_a_cpu,cpu,12675.3,12675.6
18,536,g_a,dpu,12675.6,13037.8
18,536,g_a,dpu,13037.8,13397.5
18,536,g_a_cpu,cpu,13397.5,13397.9
18,536,eb_enc,cpu,13398,13402.8
18,562,normalize,cpu,13403.3,13406.9
18,562,g_a_cpu,cpu,13407,13407.2
18,562,g_a,dpu,13407.2,13764.4
18,562,g_a,dpu,13764.4,14125.9
18,562,g_a_cpu,cpu,14125.9,14126.4
18,562,eb_enc,cpu,14126.4,14131.2
18,593,normalize,cpu,14131.7,14135.4
18,593,g_a_cpu,cpu,14135.4,14135.7
18,593,g_a,dpu,14135.7,14500.6
18,593,g_a,dpu,14500.6,14869.1
18,593,g_a_cpu,cpu,14869.1,14869.5
18,593,eb_enc,cpu,14869.5,14874.4
18,623,normalize,cpu,14875,14878.8
18,623,g_a_cpu,cpu,14878.8,14879.1
18,623,g_a,dpu,14879.1,15241.8
18,623,g_a,dpu,15241.8,15278.1
18,623,g_a_cpu,cpu,15278.1,15278.5
18,623,eb_enc,cpu,15278.5,15283.3
18,642,normalize,cpu,15283.8,15287.5
18,642,g_a_cpu,cpu,15287.5,15287.9
18,642,g_a,dpu,15287.9,15641.7
18,642,g_a,dpu,15641.7,16010.7
18,642,g_a_cpu,cpu,16010.7,16011.2
18,642,eb_enc,cpu,16011.2,16016.2
18,671,normalize,cpu,16016.7,16020.4
18,671,g_a_cpu,cpu,16020.4,16020.8
18,671,g_a,dpu,16020.8,16378.2
18,671,g_a,dpu,16378.2,16745.9
18,671,g_a_cpu,cpu,16745.9,16746.3
18,671,eb_enc,cpu,16746.3,16751.4
18,702,normalize,cpu,16752,16755.6
18,702,g_a_cpu,cpu,16755.7,16756
18,702,g_a,dpu,16756,17110.1
18,702,g_a,dpu,17110.1,17477.7
18,702,g_a_cpu,cpu,17477.7,17478.2
18,702,eb_enc,cpu,17478.2,17483
18,732,normalize,cpu,17483.5,17487.2
18,732,g_a_cpu,cpu,17487.2,17487.5
18,732,g_a,dpu,17487.5,17842.3
18,732,g_a,dpu,17842.3,18213.8
18,732,g_a_cpu,cpu,18213.8,18214.3
18,732,eb_enc,cpu,18214.3,18219.1
18,763,normalize,cpu,18219.6,18223.2
18,763,g_a_cpu,cpu,18223.2,18223.7
18,763,g_a,dpu,18223.7,18573.5
18,763,g_a,dpu,18573.5,18937.8
18,763,g_a_cpu,cpu,18937.8,18938.3
18,763,eb_enc,cpu,18938.3,18943
18,791,normalize,cpu,18943.5,18947.2
18,791,g_a_cpu,cpu,18947.2,18947.5
18,791,g_a,dpu,18947.5,19305.7
18,791,g_a,dpu,19305.7,19670.1
18,791,g_a_cpu,cpu,19670.1,19670.6
18,791,eb_enc,cpu,19670.6,19675.4
18,821,normalize,cpu,19675.9,19679.7
18,821,g_a_cpu,cpu,19679.7,19680
18,821,g_a,dpu,19680,20361.5
18,821,g_a,dpu,20361.5,20729.7
18,821,g_a_cpu,cpu,20729.7,20730.2
18,821,eb_enc,cpu,20730.2,20734.9
18,861,normalize,cpu,20735.4,20739.1
18,861,g_a_cpu,cpu,20739.1,20739.3
18,861,g_a,dpu,20739.3,21102.1
18,861,g_a,dpu,21102.1,21465.5
18,861,g_a_cpu,cpu,21465.5,21465.9
18,861,eb_enc,cpu,21465.9,21470.6
18,891,normalize,cpu,21471.1,21474.7
18,891,g_a_cpu,cpu,21474.7,21475
18,891,g_a,dpu,21475,21842
18,891,g_a,dpu,21842,22209.7
18,891,g_a_cpu,cpu,22209.7,22210.1
18,891,eb_enc,cpu,22210.1,22214.9
18,921,normalize,cpu,22215.4,22219.1
18,921,g_a_cpu,cpu,22219.2,22219.5
18,921,g_a,dpu,22219.5,22581.6
18,921,g_a,dpu,22581.6,22837.9
18,921,g_a_cpu,cpu,22837.9,22838.3
18,921,eb_enc,cpu,22838.3,22843.2
19,15,normalize,cpu,90.1899,103.869
19,15,g_a_cpu,cpu,103.954,104.318
19,15,g_a,dpu,104.323,265.878
19,15,g_a,dpu,265.882,629.748
19,15,g_a_cpu,cpu,629.749,630.093
19,15,eb_enc,cpu,630.099,636.145
19,43,normalize,cpu,636.625,640.461
19,43,g_a_cpu,cpu,640.465,640.817
19,43,g_a,dpu,640.821,1006.39
19,43,g_a,dpu,1006.39,1366.56
19,43,g_a_cpu,cpu,1366.56,1367.01
19,43,eb_enc,cpu,1367.01,1371.72
19,71,normalize,cpu,1372.25,1375.92
19,71,g_a_cpu,cpu,1375.92,1376.16
19,71,g_a,dpu,1376.16,1729.73
19,71,g_a,dpu,1729.73,2090.31
19,71,g_a_cpu,cpu,2090.31,2090.66
19,71,eb_enc,cpu,2090.66,2095.44
19,101,normalize,cpu,2095.94,2099.61
19,101,g_a_cpu,cpu,2099.61,2099.86
19,101,g_a,dpu,2099.86,2461.97
19,101,g_a,dpu,2461.97,2821.65
19,101,g_a_cpu,cpu,2821.66,2822.24
19,101,eb_enc,cpu,2822.25,2827.09
19,131,normalize,cpu,2827.52,2831.17
19,131,g_a_cpu,cpu,2831.18,2831.43
19,131,g_a,dpu,2831.43,3186.58
19,131,g_a,dpu,3186.58,3546.57
19,131,g_a_cpu,cpu,3546.57,3546.91
19,131,eb_enc,cpu,3546.91,3551.74
19,160,normalize,cpu,3552.28,3555.94
19,160,g_a_cpu,cpu,3555.95,3556.23
19,160,g_a,dpu,3556.23,3910.5
19,160,g_a,dpu,3910.51,4270.44
19,160,g_a_cpu,cpu,4270.45,4270.81
19,160,eb_enc,cpu,4270.82,4275.71
19,190,normalize,cpu,4276.19,4279.83
19,190,g_a_cpu,cpu,4279.83,4280.14
19,190,g_a,dpu,4280.15,4645.92
19,190,g_a,dpu,4645.92,5005.87
19,190,g_a_cpu,cpu,5005.87,5006.36
19,190,eb_enc,cpu,5006.36,5011.22
19,220,normalize,cpu,5011.8,5015.49
19,220,g_a_cpu,cpu,5015.49,5015.73
19,220,g_a,dpu,5015.73,5374.07
19,220,g_a,dpu,5374.07,5737.99
19,220,g_a_cpu,cpu,5737.99,5738.43
19,220,eb_enc,cpu,5738.44,5743.39
19,248,normalize,cpu,5743.85,5747.5
19,248,g_a_cpu,cpu,5747.5,5747.79
19,248,g_a,dpu,5747.8,6113.83
19,248,g_a,dpu,6113.83,6478.24
19,248,g_a_cpu,cpu,6478.24,6478.59
19,248,eb_enc,cpu,6478.59,6483.64
19,280,normalize,cpu,6484.17,6487.82
19,280,g_a_cpu,cpu,6487.82,6488.15
19,280,g_a,dpu,6488.15,6854.15
19,280,g_a,dpu,6854.15,7221.88
19,280,g_a_cpu,cpu,7221.88,7222.38
19,280,eb_enc,cpu,7222.38,7227.36
19,313,normalize,cpu,7227.8,7231.46
19,313,g_a_cpu,cpu,7231.46,7231.86
19,313,g_a,dpu,7231.87,7593.82
19,313,g_a,dpu,7593.83,7961.85
19,313,g_a_cpu,cpu,7961.85,7962.26
19,313,eb_enc,cpu,7962.27,7967.13
19,342,normalize,cpu,7967.65,7971.31
19,342,g_a_cpu,cpu,7971.32,7971.73
19,342,g_a,dpu,7971.74,8334.17
19,342,g_a,dpu,8334.18,8698.13
19,342,g_a_cpu,cpu,8698.13,8698.53
19,342,eb_enc,cpu,8698.53,8703.27
19,373,normalize,cpu,8703.81,8707.49
19,373,g_a_cpu,cpu,8707.49,8707.79
19,373,g_a,dpu,8707.79,9065.89
19,373,g_a,dpu,9065.9,9433.62
19,373,g_a_cpu,cpu,9433.62,9434.1
19,373,eb_enc,cpu,9434.1,9438.89
19,401,normalize,cpu,9439.41,9443.05
19,401,g_a_cpu,cpu,9443.05,9443.37
19,401,g_a,dpu,9443.37,9800.03
19,401,g_a,dpu,9800.03,10162.1
19,401,g_a_cpu,cpu,10162.1,10162.5
19,401,eb_enc,cpu,10162.5,10167.3
19,431,normalize,cpu,10167.9,10171.5
19,431,g_a_cpu,cpu,10171.5,10171.8
19,431,g_a,dpu,10171.8,10533.8
19,431,g_a,dpu,10533.8,10896.9
19,431,g_a_cpu,cpu,10896.9,10897.2
19,431,eb_enc,cpu,10897.2,10902.1
19,461,normalize,cpu,10902.6,10906.2
19,461,g_a_cpu,cpu,10906.2,10906.5
19,461,g_a,dpu,10906.5,11261.8
19,461,g_a,dpu,11261.8,11621.3
19,461,g_a_cpu,cpu,11621.3,11621.6
19,461,eb_enc,cpu,11621.6,11626.4
19,491,normalize,cpu,11626.9,11630.5
19,491,g_a_cpu,cpu,11630.5,11630.8
19,491,g_a,dpu,11630.9,11989.6
19,491,g_a,dpu,11989.6,12349.5
19,491,g_a_cpu,cpu,12349.5,12350
19,491,eb_enc,cpu,12350,12354.9
19,521,normalize,cpu,12355.7,12359.3
19,521,g_a_cpu,cpu,12359.3,12359.8
19,521,g_a,dpu,12359.8,12725.9
19,521,g_a,dpu,12725.9,13085.8
19,521,g_a_cpu,cpu,13085.8,13086.3
19,521,eb_enc,cpu,13086.3,13091.1
19,553,normalize,cpu,13100.9,13104.6
19,553,g_a_cpu,cpu,13104.6,13104.9
19,553,g_a,dpu,13104.9,13453.4
19,553,g_a,dpu,13453.4,13813.4
19,553,g_a_cpu,cpu,13813.4,13813.8
19,553,eb_enc,cpu,13813.8,13818.6
19,582,normalize,cpu,13819.1,13822.8
19,582,g_a_cpu,cpu,13822.8,13823.1
19,582,g_a,dpu,13823.1,14177.6
19,582,g_a,dpu,14177.6,14544.9
19,582,g_a_cpu,cpu,14544.9,14545.3
19,582,eb_enc,cpu,14545.3,14550.1
19,612,normalize,cpu,14550.6,14554.3
19,612,g_a_cpu,cpu,14554.3,14554.6
19,612,g_a,dpu,14554.6,14909.8
19,612,g_a,dpu,14909.8,15284.4
19,612,g_a_cpu,cpu,15284.4,15284.8
19,612,eb_enc,cpu,15284.8,15289.7
19,643,normalize,cpu,15290.2,15293.9
19,643,g_a_cpu,cpu,15293.9,15294.2
19,643,g_a,dpu,15294.2,15644.6
19,643,g_a,dpu,15644.6,16010.8
19,643,g_a_cpu,cpu,16010.8,16011.4
19,643,eb_enc,cpu,16011.4,16016.3
19,672,normalize,cpu,16016.7,16020.4
19,672,g_a_cpu,cpu,16020.4,16020.8
19,672,g_a,dpu,16020.8,16382.3
19,672,g_a,dpu,16382.3,16749.3
19,672,g_a_cpu,cpu,16749.3,16749.8
19,672,eb_enc,cpu,16749.8,16754.7
19,703,normalize,cpu,16755.1,16758.8
19,703,g_a_cpu,cpu,16758.8,16759
19,703,g_a,dpu,16759,17117.5
19,703,g_a,dpu,17117.5,17481.7
19,703,g_a_cpu,cpu,17481.7,17482.2
19,703,eb_enc,cpu,17482.2,17487
19,733,normalize,cpu,17487.6,17491.2
19,733,g_a_cpu,cpu,17491.2,17491.5
19,733,g_a,dpu,17491.5,17861.8
19,733,g_a,dpu,17861.8,18227.1
19,733,g_a_cpu,cpu,18227.1,18227.6
19,733,eb_enc,cpu,18227.6,18232.4
19,764,normalize,cpu,18232.9,18236.6
19,764,g_a_cpu,cpu,18236.6,18236.9
19,764,g_a,dpu,18236.9,18597.8
19,764,g_a,dpu,18597.8,18961.8
19,764,g_a_cpu,cpu,18961.8,18962.2
19,764,eb_enc,cpu,18962.2,18967
19,793,normalize,cpu,18967.5,18971.1
19,793,g_a_cpu,cpu,18971.2,18971.4
19,793,g_a,dpu,18971.4,19337.7
19,793,g_a,dpu,19337.7,19710.5
19,793,g_a_cpu,cpu,19710.5,19710.8
19,793,eb_enc,cpu,19710.8,19715.7
19,824,normalize,cpu,19716.2,19719.9
19,824,g_a_cpu,cpu,19719.9,19720.1
19,824,g_a,dpu,19720.1,20077.8
19,824,g_a,dpu,20077.8,20449.8
19,824,g_a_cpu,cpu,20449.8,20450.1
19,824,eb_enc,cpu,20450.1,20455.1
19,852,normalize,cpu,20455.5,20459.2
19,852,g_a_cpu,cpu,20459.2,20459.5
19,852,g_a,dpu,20459.5,20817.1
19,852,g_a,dpu,20817.1,21177.6
19,852,g_a_cpu,cpu,21177.6,21178
19,852,eb_enc,cpu,21178,21182.8
19,882,normalize,cpu,21183.3,21186.9
19,882,g_a_cpu,cpu,21187,21187.2
19,882,g_a,dpu,21187.2,21546
19,882,g_a,dpu,21546,21918
19,882,g_a_cpu,cpu,21918,21918.4
19,882,eb_enc,cpu,21918.4,21923.3
19,913,normalize,cpu,21923.7,21927.5
19,913,g_a_cpu,cpu,21927.5,21927.8
19,913,g_a,dpu,21927.8,22290.2
19,913,g_a,dpu,22290.2,22658
19,913,g_a_cpu,cpu,22658,22658.5
19,913,eb_enc,cpu,22658.5,22663.4
20,12,normalize,cpu,86.2084,105.052
20,12,g_a_cpu,cpu,105.136,105.741
20,12,g_a,dpu,105.746,612.573
20,12,g_a,dpu,612.578,649.663
20,12,g_a_cpu,cpu,649.664,650.01
20,12,eb_enc,cpu,650.019,656.066
20,45,normalize,cpu,656.563,660.221
20,45,g_a_cpu,cpu,660.224,660.568
20,45,g_a,dpu,660.572,1362.48
20,45,g_a,dpu,1362.48,1399.37
20,45,g_a_cpu,cpu,1399.37,1399.67
20,45,eb_enc,cpu,1399.67,1404.63
20,73,normalize,cpu,1405.18,1408.85
20,73,g_a_cpu,cpu,1408.85,1409.2
20,73,g_a,dpu,1409.2,2100.21
20,73,g_a,dpu,2100.21,2137.16
20,73,g_a_cpu,cpu,2137.16,2137.64
20,73,eb_enc,cpu,2137.65,2142.48
20,104,normalize,cpu,2142.94,2146.6
20,104,g_a_cpu,cpu,2146.6,2146.87
20,104,g_a,dpu,2146.87,2514.43
20,104,g_a,dpu,2514.43,2890.16
20,104,g_a_cpu,cpu,2890.16,2890.62
20,104,eb_enc,cpu,2890.62,2897.54
20,135,normalize,cpu,2898.21,2901.85
20,135,g_a_cpu,cpu,2901.85,2902.4
20,135,g_a,dpu,2902.41,3268.02
20,135,g_a,dpu,3268.02,3636.35
20,135,g_a_cpu,cpu,3636.35,3636.77
20,135,eb_enc,cpu,3636.77,3641.47
20,166,normalize,cpu,3642.09,3645.72
20,166,g_a_cpu,cpu,3645.72,3646.04
20,166,g_a,dpu,3646.04,4002.94
20,166,g_a,dpu,4002.94,4370.25
20,166,g_a_cpu,cpu,4370.25,4370.72
20,166,eb_enc,cpu,4370.73,4375.45
20,196,normalize,cpu,4375.9,4379.63
20,196,g_a_cpu,cpu,4379.63,4379.87
20,196,g_a,dpu,4379.87,4734.79
20,196,g_a,dpu,4734.79,5106.19
20,196,g_a_cpu,cpu,5106.19,5106.7
20,196,eb_enc,cpu,5106.7,5111.57
20,226,normalize,cpu,5112.08,5115.78
20,226,g_a_cpu,cpu,5115.78,5116.13
20,226,g_a,dpu,5116.13,5475.85
20,226,g_a,dpu,5475.85,5846.26
20,226,g_a_cpu,cpu,5846.26,5846.66
20,226,eb_enc,cpu,5846.66,5851.42
20,256,normalize,cpu,5851.87,5855.65
20,256,g_a_cpu,cpu,5855.65,5856.04
20,256,g_a,dpu,5856.04,6546.6
20,256,g_a,dpu,6546.6,6583.49
20,256,g_a_cpu,cpu,6583.49,6583.98
20,256,eb_enc,cpu,6583.98,6588.72
20,287,normalize,cpu,6589.14,6592.91
20,287,g_a_cpu,cpu,6592.91,6593.32
20,287,g_a,dpu,6593.33,7294.65
20,287,g_a,dpu,7294.65,7331.84
20,287,g_a_cpu,cpu,7331.84,7332.31
20,287,eb_enc,cpu,7332.31,7337.3
20,320,normalize,cpu,7337.76,7341.4
20,320,g_a_cpu,cpu,7341.41,7341.69
20,320,g_a,dpu,7341.71,8043.17
20,320,g_a,dpu,8043.17,8080.98
20,320,g_a_cpu,cpu,8080.98,8081.53
20,320,eb_enc,cpu,8081.55,8086.52
20,350,normalize,cpu,8087.08,8090.73
20,350,g_a_cpu,cpu,8090.74,8091.02
20,350,g_a,dpu,8091.03,8450.08
20,350,g_a,dpu,8450.08,8486.92
20,350,g_a_cpu,cpu,8486.92,8487.43
20,350,eb_enc,cpu,8487.43,8492.18
20,361,normalize,cpu,8492.63,8496.29
20,361,g_a_cpu,cpu,8496.29,8496.59
20,361,g_a,dpu,8496.59,9185.8
20,361,g_a,dpu,9185.8,9563.34
20,361,g_a_cpu,cpu,9563.34,9563.75
20,361,eb_enc,cpu,9563.75,9568.46
20,410,normalize,cpu,9568.94,9572.6
20,410,g_a_cpu,cpu,9572.6,9572.99
20,410,g_a,dpu,9572.99,9931.87
20,410,g_a,dpu,9931.88,10303.7
20,410,g_a_cpu,cpu,10303.7,10304.2
20,410,eb_enc,cpu,10304.2,10309.1
20,440,normalize,cpu,10309.6,10313.3
20,440,g_a_cpu,cpu,10313.3,10313.6
20,440,g_a,dpu,10313.6,10671.2
20,440,g_a,dpu,10671.2,11037.1
20,440,g_a_cpu,cpu,11037.1,11037.6
20,440,eb_enc,cpu,11037.6,11042.4
20,470,normalize,cpu,11043,11046.7
20,470,g_a_cpu,cpu,11046.7,11047
20,470,g_a,dpu,11047,11410.3
20,470,g_a,dpu,11410.3,11447.4
20,470,g_a_cpu,cpu,11447.4,11447.8
20,470,eb_enc,cpu,11447.8,11452.5
20,483,normalize,cpu,11453,11456.7
20,483,g_a_cpu,cpu,11456.7,11456.9
20,483,g_a,dpu,11456.9,12146.3
20,483,g_a,dpu,12146.3,12183.2
20,483,g_a_cpu,cpu,12183.2,12183.6
20,483,eb_enc,cpu,12183.6,12188.4
20,513,normalize,cpu,12188.8,12192.5
20,513,g_a_cpu,cpu,12192.5,12192.8
20,513,g_a,dpu,12192.8,12880.5
20,513,g_a,dpu,12880.5,12917.2
20,513,g_a_cpu,cpu,12917.2,12917.6
20,513,eb_enc,cpu,12917.6,12922.3
20,546,normalize,cpu,12922.9,12926.7
20,546,g_a_cpu,cpu,12926.7,12927
20,546,g_a,dpu,12927,13282.4
20,546,g_a,dpu,13282.4,13646.4
20,546,g_a_cpu,cpu,13646.4,13646.7
20,546,eb_enc,cpu,13646.7,13651.5
20,575,normalize,cpu,13652,13655.6
20,575,g_a_cpu,cpu,13655.6,13655.9
20,575,g_a,dpu,13655.9,14015.6
20,575,g_a,dpu,14015.6,14382.2
20,575,g_a_cpu,cpu,14382.2,14382.5
20,575,eb_enc,cpu,14382.5,14387.3
20,605,normalize,cpu,14387.7,14391.4
20,605,g_a_cpu,cpu,14391.4,14391.8
20,605,g_a,dpu,14391.8,14755.9
20,605,g_a,dpu,14755.9,15134
20,605,g_a_cpu,cpu,15134,15134.5
20,605,eb_enc,cpu,15134.5,15139.4
20,637,normalize,cpu,15140,15143.8
20,637,g_a_cpu,cpu,15143.8,15144.4
20,637,g_a,dpu,15144.4,15510.1
20,637,g_a,dpu,15510.1,15882.4
20,637,g_a_cpu,cpu,15882.4,15882.7
20,637,eb_enc,cpu,15882.7,15887.4
20,665,normalize,cpu,15887.9,15891.6
20,665,g_a_cpu,cpu,15891.6,15891.8
20,665,g_a,dpu,15891.8,16259.9
20,665,g_a,dpu,16259.9,16634.1
20,665,g_a_cpu,cpu,16634.1,16634.9
20,665,eb_enc,cpu,16634.9,16639.9
20,697,normalize,cpu,16640.6,16644.2
20,697,g_a_cpu,cpu,16644.2,16644.7
20,697,g_a,dpu,16644.7,17008.5
20,697,g_a,dpu,17008.5,17045.5
20,697,g_a_cpu,cpu,17045.5,17046.1
20,697,eb_enc,cpu,17046.1,17050.9
20,714,normalize,cpu,17051.5,17055.2
20,714,g_a_cpu,cpu,17055.2,17055.5
20,714,g_a,dpu,17055.5,17759.8
20,714,g_a,dpu,17759.8,17796.6
20,714,g_a_cpu,cpu,17796.6,17797
20,714,eb_enc,cpu,17797,17801.7
20,744,normalize,cpu,17802.2,17805.8
20,744,g_a_cpu,cpu,17805.8,17807
20,744,g_a,dpu,17807,18499.9
20,744,g_a,dpu,18499.9,18872
20,744,g_a_cpu,cpu,18872,18872.3
20,744,eb_enc,cpu,18872.3,18877.1
20,788,normalize,cpu,18877.5,18881.2
20,788,g_a_cpu,cpu,18881.2,18881.5
20,788,g_a,dpu,18881.5,19249.5
20,788,g_a,dpu,19249.5,19618.2
20,788,g_a_cpu,cpu,19618.2,19618.5
20,788,eb_enc,cpu,19618.5,19623.3
20,818,normalize,cpu,19623.7,19627.4
20,818,g_a_cpu,cpu,19627.4,19627.7
20,818,g_a,dpu,19627.7,19997.5
20,818,g_a,dpu,19997.5,20371.5
20,818,g_a_cpu,cpu,20371.5,20371.8
20,818,eb_enc,cpu,20371.8,20376.6
20,849,normalize,cpu,20377,20380.6
20,849,g_a_cpu,cpu,20380.7,20381
20,849,g_a,dpu,20381,21079.9
20,849,g_a,dpu,21079.9,21116.8
20,849,g_a_cpu,cpu,21116.8,21117.2
20,849,eb_enc,cpu,21117.2,21122
20,880,normalize,cpu,21122.4,21126.1
20,880,g_a_cpu,cpu,21126.1,21126.3
20,880,g_a,dpu,21126.3,21815.5
20,880,g_a,dpu,21815.5,21852.4
20,880,g_a_cpu,cpu,21852.4,21852.8
20,880,eb_enc,cpu,21852.8,21857.6
20,910,normalize,cpu,21858,21861.7
20,910,g_a_cpu,cpu,21861.7,21862
20,910,g_a,dpu,21862,22554.1
20,910,g_a,dpu,22554.1,22591
20,910,g_a_cpu,cpu,22591,22591.3
20,910,eb_enc,cpu,22591.3,22596.1
21,10,normalize,cpu,82.3092,107.876
21,10,g_a_cpu,cpu,107.924,108.393
21,10,g_a,dpu,108.398,383.454
21,10,g_a,dpu,383.457,1081.77
21,10,g_a_cpu,cpu,1081.77,1082.09
21,10,eb_enc,cpu,1082.1,1088.1
21,63,normalize,cpu,1088.75,1092.43
21,63,g_a_cpu,cpu,1092.44,1092.76
21,63,g_a,dpu,1092.76,1449.56
21,63,g_a,dpu,1449.57,1813.84
21,63,g_a_cpu,cpu,1813.84,1814.24
21,63,eb_enc,cpu,1814.25,1819.27
21,93,normalize,cpu,1819.79,1823.46
21,93,g_a_cpu,cpu,1823.46,1823.73
21,93,g_a,dpu,1823.74,2177.96
21,93,g_a,dpu,2177.96,2545.74
21,93,g_a_cpu,cpu,2545.74,2546.13
21,93,eb_enc,cpu,2546.15,2551
21,122,normalize,cpu,2551.68,2555.34
21,122,g_a_cpu,cpu,2555.34,2555.59
21,122,g_a,dpu,2555.6,2905.55
21,122,g_a,dpu,2905.56,3281.66
21,122,g_a_cpu,cpu,3281.67,3282.14
21,122,eb_enc,cpu,3282.14,3286.95
21,151,normalize,cpu,3287.46,3291.15
21,151,g_a_cpu,cpu,3291.15,3291.38
21,151,g_a,dpu,3291.38,3641.46
21,151,g_a,dpu,3641.46,4009.64
21,151,g_a_cpu,cpu,4009.64,4010.01
21,151,eb_enc,cpu,4010.01,4014.76
21,182,normalize,cpu,4015.28,4019.1
21,182,g_a_cpu,cpu,4019.1,4019.37
21,182,g_a,dpu,4019.37,4381.81
21,182,g_a,dpu,4381.82,4741.65
21,182,g_a_cpu,cpu,4741.66,4742
21,182,eb_enc,cpu,4742,4746.75
21,211,normalize,cpu,4747.29,4750.92
21,211,g_a_cpu,cpu,4750.92,4751.23
21,211,g_a,dpu,4751.23,5449.66
21,211,g_a,dpu,5449.66,5813.82
21,211,g_a_cpu,cpu,5813.82,5814.19
21,211,eb_enc,cpu,5814.19,5819.21
21,253,normalize,cpu,5819.79,5823.46
21,253,g_a_cpu,cpu,5823.47,5823.84
21,253,g_a,dpu,5823.85,6189.65
21,253,g_a,dpu,6189.65,6553.89
21,253,g_a_cpu,cpu,6553.89,6554.3
21,253,eb_enc,cpu,6554.31,6559.11
21,285,normalize,cpu,6559.84,6563.48
21,285,g_a_cpu,cpu,6563.48,6563.81
21,285,g_a,dpu,6563.81,6917.53
21,285,g_a,dpu,6917.54,7285.72
21,285,g_a_cpu,cpu,7285.72,7286.08
21,285,eb_enc,cpu,7286.08,7290.83
21,317,normalize,cpu,7291.32,7294.99
21,317,g_a_cpu,cpu,7294.99,7295.34
21,317,g_a,dpu,7295.34,7653.9
21,317,g_a,dpu,7653.9,8022.59
21,317,g_a_cpu,cpu,8022.59,8022.91
21,317,eb_enc,cpu,8022.91,8027.69
21,347,normalize,cpu,8034.3,8037.94
21,347,g_a_cpu,cpu,8037.94,8038.35
21,347,g_a,dpu,8038.35,8389.65
21,347,g_a,dpu,8389.65,8761.79
21,347,g_a_cpu,cpu,8761.79,8762.1
21,347,eb_enc,cpu,8762.11,8766.88
21,378,normalize,cpu,8767.38,8771.09
21,378,g_a_cpu,cpu,8771.09,8771.43
21,378,g_a,dpu,8771.43,9129.28
21,378,g_a,dpu,9129.28,9489.84
21,378,g_a_cpu,cpu,9489.84,9490.29
21,378,eb_enc,cpu,9490.29,9495.06
21,405,normalize,cpu,9495.55,9499.3
21,405,g_a_cpu,cpu,9499.31,9499.79
21,405,g_a,dpu,9499.81,9861.89
21,405,g_a,dpu,9861.89,10226.6
21,405,g_a_cpu,cpu,10226.6,10227
21,405,eb_enc,cpu,10227,10232
21,435,normalize,cpu,10232.4,10236.1
21,435,g_a_cpu,cpu,10236.1,10236.4
21,435,g_a,dpu,10236.4,10586.1
21,435,g_a,dpu,10586.1,10954.5
21,435,g_a_cpu,cpu,10954.5,10954.8
21,435,eb_enc,cpu,10954.8,10959.9
21,465,normalize,cpu,10960.6,10964.4
21,465,g_a_cpu,cpu,10964.4,10964.9
21,465,g_a,dpu,10964.9,11320.4
21,465,g_a,dpu,11320.4,11681.7
21,465,g_a_cpu,cpu,11681.7,11682.1
21,465,eb_enc,cpu,11682.1,11686.8
21,496,normalize,cpu,11687.4,11691
21,496,g_a_cpu,cpu,11691,11691.3
21,496,g_a,dpu,11691.3,12052.9
21,496,g_a,dpu,12052.9,12413.9
21,496,g_a_cpu,cpu,12413.9,12414.2
21,496,eb_enc,cpu,12414.2,12419.1
21,526,normalize,cpu,12419.6,12423.3
21,526,g_a_cpu,cpu,12423.3,12423.6
21,526,g_a,dpu,12423.6,12777.9
21,526,g_a,dpu,12777.9,12814.3
21,526,g_a_cpu,cpu,12814.4,12814.8
21,526,eb_enc,cpu,12814.8,12819.6
21,541,normalize,cpu,12820.1,12823.8
21,541,g_a_cpu,cpu,12823.8,12824.1
21,541,g_a,dpu,12824.1,13182.2
21,541,g_a,dpu,13182.2,13546.9
21,541,g_a_cpu,cpu,13546.9,13547.3
21,541,eb_enc,cpu,13547.3,13552.3
21,569,normalize,cpu,13552.8,13556.4
21,569,g_a_cpu,cpu,13556.4,13556.7
21,569,g_a,dpu,13556.7,13909.8
21,569,g_a,dpu,13909.8,13946.1
21,569,g_a_cpu,cpu,13946.1,13946.6
21,569,eb_enc,cpu,13946.6,13951.4
21,588,normalize,cpu,13951.9,13955.6
21,588,g_a_cpu,cpu,13955.6,13955.8
21,588,g_a,dpu,13955.8,14317.1
21,588,g_a,dpu,14317.1,14686.1
21,588,g_a_cpu,cpu,14686.1,14686.5
21,588,eb_enc,cpu,14686.5,14691.4
21,618,normalize,cpu,14692.1,14695.8
21,618,g_a_cpu,cpu,14695.8,14696.1
21,618,g_a,dpu,14696.1,15057.7
21,618,g_a,dpu,15057.7,15422.2
21,618,g_a_cpu,cpu,15422.2,15422.6
21,618,eb_enc,cpu,15422.6,15427.4
21,649,normalize,cpu,15427.9,15431.7
21,649,g_a_cpu,cpu,15431.7,15431.9
21,649,g_a,dpu,15431.9,15785.5
21,649,g_a,dpu,15785.5,16161.1
21,649,g_a_cpu,cpu,16161.1,16161.5
21,649,eb_enc,cpu,16161.5,16166.4
21,679,normalize,cpu,16167.1,16170.7
21,679,g_a_cpu,cpu,16170.7,16171
21,679,g_a,dpu,16171,16522.4
21,679,g_a,dpu,16522.4,16889.9
21,679,g_a_cpu,cpu,16889.9,16890.2
21,679,eb_enc,cpu,16890.2,16895.1
21,709,normalize,cpu,16895.8,16899.4
21,709,g_a_cpu,cpu,16899.4,16899.8
21,709,g_a,dpu,16899.8,17257.6
21,709,g_a,dpu,17257.6,17621.6
21,709,g_a_cpu,cpu,17621.6,17622
21,709,eb_enc,cpu,17622,17626.8
21,739,normalize,cpu,17627.5,17631.1
21,739,g_a_cpu,cpu,17631.1,17631.4
21,739,g_a,dpu,17631.4,17993.6
21,739,g_a,dpu,17993.6,18358
21,739,g_a_cpu,cpu,18358,18358.5
21,739,eb_enc,cpu,18358.5,18363.4
21,769,normalize,cpu,18363.8,18367.5
21,769,g_a_cpu,cpu,18367.5,18367.8
21,769,g_a,dpu,18367.8,18717.6
21,769,g_a,dpu,18717.6,19081.4
21,769,g_a_cpu,cpu,19081.4,19081.8
21,769,eb_enc,cpu,19081.8,19086.5
21,798,normalize,cpu,19087,19090.7
21,798,g_a_cpu,cpu,19090.7,19090.9
21,798,g_a,dpu,19090.9,19449.2
21,798,g_a,dpu,19449.2,19814.4
21,798,g_a_cpu,cpu,19814.4,19814.9
21,798,eb_enc,cpu,19814.9,19819.9
21,829,normalize,cpu,19820.3,19824.7
21,829,g_a_cpu,cpu,19824.7,19825
21,829,g_a,dpu,19825,20177.8
21,829,g_a,dpu,20177.8,20542
21,829,g_a_cpu,cpu,20542,20542.3
21,829,eb_enc,cpu,20542.3,20547.1
21,858,normalize,cpu,20547.6,20551.2
21,858,g_a_cpu,cpu,20551.2,20551.5
21,858,g_a,dpu,20551.5,20917.7
21,858,g_a,dpu,20917.7,21281.7
21,858,g_a_cpu,cpu,21281.7,21282.1
21,858,eb_enc,cpu,21282.1,21287
21,888,normalize,cpu,21287.4,21291
21,888,g_a_cpu,cpu,21291,21291.3
21,888,g_a,dpu,21291.3,21657.8
21,888,g_a,dpu,21657.8,22026
21,888,g_a_cpu,cpu,22026,22026.4
21,888,eb_enc,cpu,22026.4,22031.2
21,918,normalize,cpu,22031.7,22035.4
21,918,g_a_cpu,cpu,22035.4,22035.7
21,918,g_a,dpu,22035.7,22393.7
21,918,g_a,dpu,22393.7,22766.1
21,918,g_a_cpu,cpu,22766.2,22766.7
21,918,eb_enc,cpu,22766.7,22771.5
22,6,normalize,cpu,77.2779,81.0389
22,6,g_a_cpu,cpu,81.2295,81.5774
22,6,g_a,dpu,81.585,446.018
22,6,g_a,dpu,446.022,825.114
22,6,g_a_cpu,cpu,825.115,825.497
22,6,eb_enc,cpu,825.506,832.158
22,56,normalize,cpu,832.823,836.517
22,56,g_a_cpu,cpu,836.523,837.008
22,56,g_a,dpu,837.019,1186.05
22,56,g_a,dpu,1186.05,1546.61
22,56,g_a_cpu,cpu,1546.61,1547.06
22,56,eb_enc,cpu,1547.06,1554.78
22,83,normalize,cpu,1555.31,1563.34
22,83,g_a_cpu,cpu,1563.35,1563.68
22,83,g_a,dpu,1563.69,1910.34
22,83,g_a,dpu,1910.35,2278.9
22,83,g_a_cpu,cpu,2278.9,2279.22
22,83,eb_enc,cpu,2279.23,2283.96
22,113,normalize,cpu,2284.46,2288.22
22,113,g_a_cpu,cpu,2288.22,2288.58
22,113,g_a,dpu,2288.59,2641.78
22,113,g_a,dpu,2641.79,3005.88
22,113,g_a_cpu,cpu,3005.88,3006.21
22,113,eb_enc,cpu,3006.21,3010.96
22,142,normalize,cpu,3011.46,3015.11
22,142,g_a_cpu,cpu,3015.12,3015.38
22,142,g_a,dpu,3015.39,3366.78
22,142,g_a,dpu,3366.78,3729.83
22,142,g_a_cpu,cpu,3729.84,3730.36
22,142,eb_enc,cpu,3730.36,3735.06
22,172,normalize,cpu,3735.6,3739.31
22,172,g_a_cpu,cpu,3739.31,3739.58
22,172,g_a,dpu,3739.59,4090.71
22,172,g_a,dpu,4090.72,4463.94
22,172,g_a_cpu,cpu,4463.94,4464.33
22,172,eb_enc,cpu,4464.33,4469.02
22,202,normalize,cpu,4469.54,4473.24
22,202,g_a_cpu,cpu,4473.25,4473.78
22,202,g_a,dpu,4473.78,4826.08
22,202,g_a,dpu,4826.09,5193.95
22,202,g_a_cpu,cpu,5193.95,5194.35
22,202,eb_enc,cpu,5194.35,5199.12
22,233,normalize,cpu,5199.68,5203.34
22,233,g_a_cpu,cpu,5203.35,5203.7
22,233,g_a,dpu,5203.71,5553.96
22,233,g_a,dpu,5553.97,5928.89
22,233,g_a_cpu,cpu,5928.89,5929.21
22,233,eb_enc,cpu,5929.21,5933.97
22,262,normalize,cpu,5934.6,5938.25
22,262,g_a_cpu,cpu,5938.25,5938.54
22,262,g_a,dpu,5938.55,6293.8
22,262,g_a,dpu,6293.8,6670.26
22,262,g_a_cpu,cpu,6670.26,6670.6
22,262,eb_enc,cpu,6670.61,6675.25
22,293,normalize,cpu,6675.78,6679.41
22,293,g_a_cpu,cpu,6679.42,6679.7
22,293,g_a,dpu,6679.7,7034.9
22,293,g_a,dpu,7034.9,7407.05
22,293,g_a_cpu,cpu,7407.05,7407.39
22,293,eb_enc,cpu,7407.39,7412.09
22,324,normalize,cpu,7412.61,7416.33
22,324,g_a_cpu,cpu,7416.33,7416.57
22,324,g_a,dpu,7416.57,7774.26
22,324,g_a,dpu,7774.26,8148.34
22,324,g_a_cpu,cpu,8148.34,8148.66
22,324,eb_enc,cpu,8148.67,8153.36
22,354,normalize,cpu,8153.93,8157.55
22,354,g_a_cpu,cpu,8157.55,8157.91
22,354,g_a,dpu,8157.91,8517.88
22,354,g_a,dpu,8517.88,8881.9
22,354,g_a_cpu,cpu,8881.91,8882.29
22,354,eb_enc,cpu,8882.29,8886.99
22,384,normalize,cpu,8887.5,8891.19
22,384,g_a_cpu,cpu,8891.2,8891.43
22,384,g_a,dpu,8891.44,9253.77
22,384,g_a,dpu,9253.77,9618.12
22,384,g_a_cpu,cpu,9618.13,9618.59
22,384,eb_enc,cpu,9618.59,9623.31
22,413,normalize,cpu,9623.83,9627.54
22,413,g_a_cpu,cpu,9627.55,9627.79
22,413,g_a,dpu,9627.79,9981.99
22,413,g_a,dpu,9982,10345.9
22,413,g_a_cpu,cpu,10345.9,10346.3
22,413,eb_enc,cpu,10346.3,10351.1
22,442,normalize,cpu,10351.6,10355.2
22,442,g_a_cpu,cpu,10355.2,10355.5
22,442,g_a,dpu,10355.5,10716.9
22,442,g_a,dpu,10716.9,11078.3
22,442,g_a_cpu,cpu,11078.3,11078.8
22,442,eb_enc,cpu,11078.8,11083.6
22,472,normalize,cpu,11084.1,11087.8
22,472,g_a_cpu,cpu,11087.8,11088
22,472,g_a,dpu,11088,11441.5
22,472,g_a,dpu,11441.5,11809.8
22,472,g_a_cpu,cpu,11809.8,11810.2
22,472,eb_enc,cpu,11810.2,11815
22,501,normalize,cpu,11815.6,11819.2
22,501,g_a_cpu,cpu,11819.2,11819.7
22,501,g_a,dpu,11819.7,12169.3
22,501,g_a,dpu,12169.4,12537.3
22,501,g_a_cpu,cpu,12537.3,12537.7
22,501,eb_enc,cpu,12537.7,12542.4
22,531,normalize,cpu,12542.9,12546.6
22,531,g_a_cpu,cpu,12546.6,12546.9
22,531,g_a,dpu,12546.9,12905.8
22,531,g_a,dpu,12905.8,13273.6
22,531,g_a_cpu,cpu,13273.6,13274.1
22,531,eb_enc,cpu,13274.1,13278.7
22,558,normalize,cpu,13279.3,13282.9
22,558,g_a_cpu,cpu,13282.9,13283.2
22,558,g_a,dpu,13283.2,13633.3
22,558,g_a,dpu,13633.3,13993.8
22,558,g_a_cpu,cpu,13993.8,13994.1
22,558,eb_enc,cpu,13994.1,13998.9
22,589,normalize,cpu,13999.4,14003
22,589,g_a_cpu,cpu,14003,14003.3
22,589,g_a,dpu,14003.3,14357.4
22,589,g_a,dpu,14357.4,14727.5
22,589,g_a_cpu,cpu,14727.5,14727.8
22,589,eb_enc,cpu,14727.8,14732.5
22,619,normalize,cpu,14733,14736.7
22,619,g_a_cpu,cpu,14736.7,14736.9
22,619,g_a,dpu,14736.9,15098
22,619,g_a,dpu,15098,15788.6
22,619,g_a_cpu,cpu,15788.6,15788.9
22,619,eb_enc,cpu,15788.9,15793.6
22,659,normalize,cpu,15794.1,15797.8
22,659,g_a_cpu,cpu,15797.8,15798.1
22,659,g_a,dpu,15798.1,16490.3
22,659,g_a,dpu,16490.4,16526.9
22,659,g_a_cpu,cpu,16526.9,16527.3
22,659,eb_enc,cpu,16527.3,16532
22,690,normalize,cpu,16532.5,16536.2
22,690,g_a_cpu,cpu,16536.2,16536.5
22,690,g_a,dpu,16536.5,17226
22,690,g_a,dpu,17226,17262.4
22,690,g_a_cpu,cpu,17262.4,17262.8
22,690,eb_enc,cpu,17262.8,17270.2
22,720,normalize,cpu,17270.9,17274.5
22,720,g_a_cpu,cpu,17274.5,17275
22,720,g_a,dpu,17275,17969.9
22,720,g_a,dpu,17969.9,18006.3
22,720,g_a_cpu,cpu,18006.3,18006.6
22,720,eb_enc,cpu,18006.6,18011.3
22,751,normalize,cpu,18011.8,18015.5
22,751,g_a_cpu,cpu,18015.5,18015.8
22,751,g_a,dpu,18015.8,18705.8
22,751,g_a,dpu,18705.8,18742.3
22,751,g_a_cpu,cpu,18742.3,18742.7
22,751,eb_enc,cpu,18742.7,18747.3
22,780,normalize,cpu,18747.9,18751.6
22,780,g_a_cpu,cpu,18751.6,18751.9
22,780,g_a,dpu,18751.9,19445.9
22,780,g_a,dpu,19445.9,19482.3
22,780,g_a_cpu,cpu,19482.3,19482.7
22,780,eb_enc,cpu,19482.7,19487.8
22,810,normalize,cpu,19488.4,19492.1
22,810,g_a_cpu,cpu,19492.1,19492.5
22,810,g_a,dpu,19492.5,19857.9
22,810,g_a,dpu,19857.9,19894.3
22,810,g_a_cpu,cpu,19894.3,19894.6
22,810,eb_enc,cpu,19894.6,19899.3
22,830,normalize,cpu,19899.8,19903.4
22,830,g_a_cpu,cpu,19903.5,19903.7
22,830,g_a,dpu,19903.7,20266.1
22,830,g_a,dpu,20266.1,20634.6
22,830,g_a_cpu,cpu,20634.6,20634.9
22,830,eb_enc,cpu,20634.9,20639.6
22,859,normalize,cpu,20640.1,20643.8
22,859,g_a_cpu,cpu,20643.8,20644
22,859,g_a,dpu,20644,20997.1
22,859,g_a,dpu,20997.1,21357.7
22,859,g_a_cpu,cpu,21357.7,21358.1
22,859,eb_enc,cpu,21358.1,21362.8
22,889,normalize,cpu,21363.3,21366.9
22,889,g_a_cpu,cpu,21366.9,21367.2
22,889,g_a,dpu,21367.2,21733.9
22,889,g_a,dpu,21733.9,22105.8
22,889,g_a_cpu,cpu,22105.8,22106.1
22,889,eb_enc,cpu,22106.1,22110.7
22,919,normalize,cpu,22111.2,22114.9
22,919,g_a_cpu,cpu,22114.9,22115.2
22,919,g_a,dpu,22115.2,22473.8
22,919,g_a,dpu,22473.8,22730.4
22,919,g_a_cpu,cpu,22730.4,22730.9
22,919,eb_enc,cpu,22730.9,22735.6
23,13,normalize,cpu,88.9413,92.6219
23,13,g_a_cpu,cpu,92.7735,93.1189
23,13,g_a,dpu,93.1277,131.228
23,13,g_a,dpu,131.232,501.107
23,13,g_a_cpu,cpu,501.11,501.604
23,13,eb_enc,cpu,501.619,507.745
23,34,normalize,cpu,508.227,511.896
23,34,g_a_cpu,cpu,511.898,512.205
23,34,g_a,dpu,512.208,884.42
23,34,g_a,dpu,884.428,1252.49
23,34,g_a_cpu,cpu,1252.49,1253.01
23,34,eb_enc,cpu,1253.01,1257.77
23,65,normalize,cpu,1258.35,1261.98
23,65,g_a_cpu,cpu,1261.98,1262.27
23,65,g_a,dpu,1262.27,1626.82
23,65,g_a,dpu,1626.82,1990.5
23,65,g_a_cpu,cpu,1990.5,1991.04
23,65,eb_enc,cpu,1991.06,1995.83
23,95,normalize,cpu,1996.29,1999.94
23,95,g_a_cpu,cpu,1999.94,2000.22
23,95,g_a,dpu,2000.23,2368.11
23,95,g_a,dpu,2368.11,2733.5
23,95,g_a_cpu,cpu,2733.5,2733.86
23,95,eb_enc,cpu,2733.86,2738.6
23,125,normalize,cpu,2739.13,2742.8
23,125,g_a_cpu,cpu,2742.8,2743.09
23,125,g_a,dpu,2743.09,3122.22
23,125,g_a,dpu,3122.23,3487.35
23,125,g_a_cpu,cpu,3487.35,3487.8
23,125,eb_enc,cpu,3487.8,3492.55
23,156,normalize,cpu,3493.09,3496.79
23,156,g_a_cpu,cpu,3496.79,3497.09
23,156,g_a,dpu,3497.09,3856.32
23,156,g_a,dpu,3856.33,4221.43
23,156,g_a_cpu,cpu,4221.43,4221.87
23,156,eb_enc,cpu,4221.87,4226.61
23,187,normalize,cpu,4227.09,4230.76
23,187,g_a_cpu,cpu,4230.76,4231.06
23,187,g_a,dpu,4231.06,4589.18
23,187,g_a,dpu,4589.18,4954.87
23,187,g_a_cpu,cpu,4954.87,4955.34
23,187,eb_enc,cpu,4955.34,4960.13
23,216,normalize,cpu,4960.63,4964.31
23,216,g_a_cpu,cpu,4964.32,4964.58
23,216,g_a,dpu,4964.58,5330.24
23,216,g_a,dpu,5330.24,5694.78
23,216,g_a_cpu,cpu,5694.78,5695.17
23,216,eb_enc,cpu,5695.17,5699.98
23,245,normalize,cpu,5700.5,5704.29
23,245,g_a_cpu,cpu,5704.29,5704.63
23,245,g_a,dpu,5704.63,6070.15
23,245,g_a,dpu,6070.15,6433.9
23,245,g_a_cpu,cpu,6433.9,6434.3
23,245,eb_enc,cpu,6434.3,6439.09
23,277,normalize,cpu,6439.69,6443.5
23,277,g_a_cpu,cpu,6443.5,6443.81
23,277,g_a,dpu,6443.81,6814.23
23,277,g_a,dpu,6814.23,7179.84
23,277,g_a_cpu,cpu,7179.84,7180.19
23,277,eb_enc,cpu,7180.2,7184.99
23,309,normalize,cpu,7185.8,7189.45
23,309,g_a_cpu,cpu,7189.45,7189.77
23,309,g_a,dpu,7189.78,7554.3
23,309,g_a,dpu,7554.3,7929.41
23,309,g_a_cpu,cpu,7929.42,7929.93
23,309,eb_enc,cpu,7929.94,7934.78
23,340,normalize,cpu,7935.24,7938.9
23,340,g_a_cpu,cpu,7938.91,7939.18
23,340,g_a,dpu,7939.19,8304.79
23,340,g_a,dpu,8304.79,8669.88
23,340,g_a_cpu,cpu,8669.88,8670.44
23,340,eb_enc,cpu,8670.44,8675.23
23,371,normalize,cpu,8675.67,8679.36
23,371,g_a_cpu,cpu,8679.37,8679.61
23,371,g_a,dpu,8679.62,9040.27
23,371,g_a,dpu,9040.27,9410.09
23,371,g_a_cpu,cpu,9410.09,9410.48
23,371,eb_enc,cpu,9410.49,9415.26
23,399,normalize,cpu,9415.76,9419.43
23,399,g_a_cpu,cpu,9419.44,9419.79
23,399,g_a,dpu,9419.8,9786.19
23,399,g_a,dpu,9786.19,10154
23,399,g_a_cpu,cpu,10154,10154.5
23,399,eb_enc,cpu,10154.5,10159.3
23,430,normalize,cpu,10159.9,10167.5
23,430,g_a_cpu,cpu,10167.5,10167.9
23,430,g_a,dpu,10167.9,10525.6
23,430,g_a,dpu,10525.6,10890
23,430,g_a_cpu,cpu,10890,10890.4
23,430,eb_enc,cpu,10890.4,10895.2
23,460,normalize,cpu,10895.7,10899.5
23,460,g_a_cpu,cpu,10899.5,10899.9
23,460,g_a,dpu,10899.9,11263.1
23,460,g_a,dpu,11263.1,11631.5
23,460,g_a_cpu,cpu,11631.5,11631.9
23,460,eb_enc,cpu,11632,11636.8
23,492,normalize,cpu,11637.4,11641
23,492,g_a_cpu,cpu,11641,11641.3
23,492,g_a,dpu,11641.3,12000.3
23,492,g_a,dpu,12000.3,12366.4
23,492,g_a_cpu,cpu,12366.4,12367
23,492,eb_enc,cpu,12367,12372.2
23,522,normalize,cpu,12372.9,12378.3
23,522,g_a_cpu,cpu,12378.3,12378.9
23,522,g_a,dpu,12378.9,12731.9
23,522,g_a,dpu,12731.9,12768.6
23,522,g_a_cpu,cpu,12768.6,12769.1
23,522,eb_enc,cpu,12769.1,12773.9
23,540,normalize,cpu,12774.5,12778.1
23,540,g_a_cpu,cpu,12778.1,12778.5
23,540,g_a,dpu,12778.5,13464.2
23,540,g_a,dpu,13464.2,13832.5
23,540,g_a_cpu,cpu,13832.5,13833
23,540,eb_enc,cpu,13833,13837.9
23,583,normalize,cpu,13838.3,13842.1
23,583,g_a_cpu,cpu,13842.1,13842.4
23,583,g_a,dpu,13842.4,14198.2
23,583,g_a,dpu,14198.2,14571.2
23,583,g_a_cpu,cpu,14571.2,14571.6
23,583,eb_enc,cpu,14571.6,14576.4
23,613,normalize,cpu,14576.9,14580.5
23,613,g_a_cpu,cpu,14580.5,14581
23,613,g_a,dpu,14581,14938.6
23,613,g_a,dpu,14938.6,15327.6
23,613,g_a_cpu,cpu,15327.6,15328.1
23,613,eb_enc,cpu,15328.1,15332.9
23,645,normalize,cpu,15333.4,15337
23,645,g_a_cpu,cpu,15337,15337.3
23,645,g_a,dpu,15337.3,15692.3
23,645,g_a,dpu,15692.4,16071.2
23,645,g_a_cpu,cpu,16071.2,16071.5
23,645,eb_enc,cpu,16071.5,16076.2
23,675,normalize,cpu,16076.8,16080.5
23,675,g_a_cpu,cpu,16080.5,16080.7
23,675,g_a,dpu,16080.7,16441.8
23,675,g_a,dpu,16441.8,16825.9
23,675,g_a_cpu,cpu,16825.9,16826.4
23,675,eb_enc,cpu,16826.4,16831.2
23,707,normalize,cpu,16831.8,16835.4
23,707,g_a_cpu,cpu,16835.4,16835.7
23,707,g_a,dpu,16835.7,17194.4
23,707,g_a,dpu,17194.4,17574.3
23,707,g_a_cpu,cpu,17574.3,17574.6
23,707,eb_enc,cpu,17574.6,17579.4
23,737,normalize,cpu,17579.9,17583.6
23,737,g_a_cpu,cpu,17583.6,17583.8
23,737,g_a,dpu,17583.8,17946.3
23,737,g_a,dpu,17946.3,17983.1
23,737,g_a_cpu,cpu,17983.1,17983.5
23,737,eb_enc,cpu,17983.5,17988.3
23,750,normalize,cpu,17988.8,17992.4
23,750,g_a_cpu,cpu,17992.4,17992.7
23,750,g_a,dpu,17992.8,18687.2
23,750,g_a,dpu,18687.2,18724.1
23,750,g_a_cpu,cpu,18724.1,18724.5
23,750,eb_enc,cpu,18724.5,18729.3
23,779,normalize,cpu,18729.8,18733.5
23,779,g_a_cpu,cpu,18733.5,18733.8
23,779,g_a,dpu,18733.8,19432.1
23,779,g_a,dpu,19432.1,19468.9
23,779,g_a_cpu,cpu,19468.9,19469.3
23,779,eb_enc,cpu,19469.3,19474.1
23,809,normalize,cpu,19474.6,19478.3
23,809,g_a_cpu,cpu,19478.3,19478.6
23,809,g_a,dpu,19478.6,19851.2
23,809,g_a,dpu,19851.2,20218.2
23,809,g_a_cpu,cpu,20218.2,20218.6
23,809,eb_enc,cpu,20218.6,20223.5
23,841,normalize,cpu,20223.9,20227.7
23,841,g_a_cpu,cpu,20227.7,20228
23,841,g_a,dpu,20228,20599.9
23,841,g_a,dpu,20599.9,20969.1
23,841,g_a_cpu,cpu,20969.1,20969.5
23,841,eb_enc,cpu,20969.5,20974.4
23,873,normalize,cpu,20974.8,20978.5
23,873,g_a_cpu,cpu,20978.5,20978.8
23,873,g_a,dpu,20978.8,21335.9
23,873,g_a,dpu,21335.9,21701.6
23,873,g_a_cpu,cpu,21701.6,21701.9
23,873,eb_enc,cpu,21701.9,21706.8
23,903,normalize,cpu,21707.3,21711
23,903,g_a_cpu,cpu,21711,21711.3
23,903,g_a,dpu,21711.3,22075.1
23,903,g_a,dpu,22075.1,22444
23,903,g_a_cpu,cpu,22444,22444.4
23,903,eb_enc,cpu,22444.4,22449.2
24,9,normalize,cpu,82.3103,86.0623
24,9,g_a_cpu,cpu,86.176,86.4932
24,9,g_a,dpu,86.4999,166.411
24,9,g_a,dpu,166.418,527.83
24,9,g_a_cpu,cpu,527.831,528.222
24,9,eb_enc,cpu,528.23,534.267
24,36,normalize,cpu,534.711,538.462
24,36,g_a_cpu,cpu,538.465,538.807
24,36,g_a,dpu,538.81,898.793
24,36,g_a,dpu,898.802,935.286
24,36,g_a_cpu,cpu,935.286,935.614
24,36,eb_enc,cpu,935.617,940.323
24,60,normalize,cpu,940.781,944.42
24,60,g_a_cpu,cpu,944.422,944.713
24,60,g_a,dpu,944.716,1305.88
24,60,g_a,dpu,1305.88,1665.28
24,60,g_a_cpu,cpu,1665.28,1665.62
24,60,eb_enc,cpu,1665.62,1670.34
24,90,normalize,cpu,1670.82,1674.46
24,90,g_a_cpu,cpu,1674.46,1674.76
24,90,g_a,dpu,1674.77,2029.97
24,90,g_a,dpu,2029.97,2397.48
24,90,g_a_cpu,cpu,2397.48,2397.85
24,90,eb_enc,cpu,2397.85,2402.61
24,120,normalize,cpu,2403.07,2406.79
24,120,g_a_cpu,cpu,2406.79,2407.06
24,120,g_a,dpu,2407.07,2761.48
24,120,g_a,dpu,2761.49,3129.6
24,120,g_a_cpu,cpu,3129.6,3129.98
24,120,eb_enc,cpu,3129.98,3134.67
24,149,normalize,cpu,3135.11,3138.76
24,149,g_a_cpu,cpu,3138.76,3139.06
24,149,g_a,dpu,3139.06,3497.68
24,149,g_a,dpu,3497.69,3863.78
24,149,g_a_cpu,cpu,3863.78,3864.28
24,149,eb_enc,cpu,3864.29,3868.97
24,179,normalize,cpu,3869.41,3873.06
24,179,g_a_cpu,cpu,3873.06,3873.37
24,179,g_a,dpu,3873.38,4233.59
24,179,g_a,dpu,4233.59,4597.5
24,179,g_a_cpu,cpu,4597.5,4597.97
24,179,eb_enc,cpu,4597.97,4602.71
24,209,normalize,cpu,4603.16,4606.79
24,209,g_a_cpu,cpu,4606.8,4607.09
24,209,g_a,dpu,4607.1,4965.59
24,209,g_a,dpu,4965.6,5341.65
24,209,g_a_cpu,cpu,5341.65,5342.1
24,209,eb_enc,cpu,5342.11,5346.82
24,240,normalize,cpu,5347.29,5350.98
24,240,g_a_cpu,cpu,5350.98,5351.22
24,240,g_a,dpu,5351.22,5702.11
24,240,g_a,dpu,5702.12,5738.73
24,240,g_a_cpu,cpu,5738.74,5739.15
24,240,eb_enc,cpu,5739.15,5743.96
24,249,normalize,cpu,5744.39,5748.03
24,249,g_a_cpu,cpu,5748.03,5748.36
24,249,g_a,dpu,5748.36,6117.77
24,249,g_a,dpu,6117.77,6480.85
24,249,g_a_cpu,cpu,6480.85,6481.39
24,249,eb_enc,cpu,6481.39,6486.38
24,281,normalize,cpu,6486.88,6490.54
24,281,g_a_cpu,cpu,6490.55,6490.84
24,281,g_a,dpu,6490.84,6845.76
24,281,g_a,dpu,6845.76,7209.41
24,281,g_a_cpu,cpu,7209.41,7209.94
24,281,eb_enc,cpu,7209.95,7214.65
24,311,normalize,cpu,7215.09,7218.79
24,311,g_a_cpu,cpu,7218.8,7219.07
24,311,g_a,dpu,7219.07,7581.72
24,311,g_a,dpu,7581.72,7945.45
24,311,g_a_cpu,cpu,7945.45,7945.96
24,311,eb_enc,cpu,7945.96,7950.71
24,341,normalize,cpu,7951.18,7954.82
24,341,g_a_cpu,cpu,7954.82,7955.11
24,341,g_a,dpu,7955.11,8317.85
24,341,g_a,dpu,8317.85,8681.76
24,341,g_a_cpu,cpu,8681.76,8682.1
24,341,eb_enc,cpu,8682.1,8686.82
24,372,normalize,cpu,8687.29,8690.94
24,372,g_a_cpu,cpu,8690.94,8691.21
24,372,g_a,dpu,8691.21,9057.11
24,372,g_a,dpu,9057.11,9417.08
24,372,g_a_cpu,cpu,9417.08,9417.55
24,372,eb_enc,cpu,9417.55,9422.33
24,400,normalize,cpu,9422.8,9426.45
24,400,g_a_cpu,cpu,9426.45,9426.73
24,400,g_a,dpu,9426.73,9789.64
24,400,g_a,dpu,9789.64,10149.6
24,400,g_a_cpu,cpu,10149.6,10149.9
24,400,eb_enc,cpu,10149.9,10154.7
24,429,normalize,cpu,10155.3,10159
24,429,g_a_cpu,cpu,10159,10159.3
24,429,g_a,dpu,10159.3,10514.3
24,429,g_a,dpu,10514.3,10877.4
24,429,g_a_cpu,cpu,10877.4,10877.9
24,429,eb_enc,cpu,10877.9,10882.6
24,459,normalize,cpu,10883.1,10886.7
24,459,g_a_cpu,cpu,10886.7,10887
24,459,g_a,dpu,10887,11248.3
24,459,g_a,dpu,11248.3,11607.6
24,459,g_a_cpu,cpu,11607.6,11608.1
24,459,eb_enc,cpu,11608.1,11612.8
24,490,normalize,cpu,11613.3,11617
24,490,g_a_cpu,cpu,11617,11617.2
24,490,g_a,dpu,11617.2,11981.2
24,490,g_a,dpu,11981.2,12340.2
24,490,g_a_cpu,cpu,12340.2,12340.7
24,490,eb_enc,cpu,12340.7,12345.5
24,520,normalize,cpu,12346,12349.6
24,520,g_a_cpu,cpu,12349.6,12350.2
24,520,g_a,dpu,12350.2,12701.9
24,520,g_a,dpu,12701.9,12738.3
24,520,g_a_cpu,cpu,12738.3,12738.6
24,520,eb_enc,cpu,12738.6,12743.3
24,539,normalize,cpu,12743.7,12747.4
24,539,g_a_cpu,cpu,12747.4,12747.7
24,539,g_a,dpu,12747.7,13109.8
24,539,g_a,dpu,13109.8,13469.3
24,539,g_a_cpu,cpu,13469.3,13469.7
24,539,eb_enc,cpu,13469.7,13474.4
24,566,normalize,cpu,13474.8,13478.4
24,566,g_a_cpu,cpu,13478.4,13478.7
24,566,g_a,dpu,13478.7,13836.2
24,566,g_a,dpu,13836.2,13872.7
24,566,g_a_cpu,cpu,13872.7,13873.1
24,566,eb_enc,cpu,13873.1,13877.9
24,586,normalize,cpu,13878.4,13882
24,586,g_a_cpu,cpu,13882,13882.3
24,586,g_a,dpu,13882.3,14574
24,586,g_a,dpu,14574,14613.9
24,586,g_a_cpu,cpu,14613.9,14614.5
24,586,eb_enc,cpu,14614.5,14619.3
24,616,normalize,cpu,14620.2,14623.8
24,616,g_a_cpu,cpu,14623.8,14624.1
24,616,g_a,dpu,14624.2,15314.1
24,616,g_a,dpu,15314.1,15350.4
24,616,g_a_cpu,cpu,15350.4,15350.9
24,616,eb_enc,cpu,15350.9,15355.7
24,646,normalize,cpu,15356.2,15359.8
24,646,g_a_cpu,cpu,15359.8,15360.3
24,646,g_a,dpu,15360.3,15713.7
24,646,g_a,dpu,15713.7,16085.8
24,646,g_a_cpu,cpu,16085.8,16086.1
24,646,eb_enc,cpu,16086.1,16095
24,676,normalize,cpu,16095.6,16099.2
24,676,g_a_cpu,cpu,16099.2,16099.8
24,676,g_a,dpu,16099.8,16781.8
24,676,g_a,dpu,16781.8,17145.9
24,676,g_a_cpu,cpu,17145.9,17146.4
24,676,eb_enc,cpu,17146.4,17151.2
24,716,normalize,cpu,17151.6,17155.3
24,716,g_a_cpu,cpu,17155.3,17155.6
24,716,g_a,dpu,17155.6,17513.6
24,716,g_a,dpu,17513.6,17878.1
24,716,g_a_cpu,cpu,17878.1,17878.5
24,716,eb_enc,cpu,17878.5,17883.4
24,746,normalize,cpu,17883.9,17887.5
24,746,g_a_cpu,cpu,17887.5,17887.8
24,746,g_a,dpu,17887.8,18249.7
24,746,g_a,dpu,18249.7,18609.4
24,746,g_a_cpu,cpu,18609.4,18610
24,746,eb_enc,cpu,18610,18614.8
24,776,normalize,cpu,18615.3,18618.9
24,776,g_a_cpu,cpu,18618.9,18619.2
24,776,g_a,dpu,18619.2,18973.7
24,776,g_a,dpu,18973.7,19341.5
24,776,g_a_cpu,cpu,19341.5,19342
24,776,eb_enc,cpu,19342,19346.7
24,806,normalize,cpu,19347.2,19350.9
24,806,g_a_cpu,cpu,19350.9,19351.1
24,806,g_a,dpu,19351.1,19706.1
24,806,g_a,dpu,19706.1,20069
24,806,g_a_cpu,cpu,20069,20069.6
24,806,eb_enc,cpu,20069.6,20074.3
24,835,normalize,cpu,20074.7,20078.3
24,835,g_a_cpu,cpu,20078.3,20078.7
24,835,g_a,dpu,20078.7,20433.7
24,835,g_a,dpu,20433.7,20801.5
24,835,g_a_cpu,cpu,20801.5,20801.9
24,835,eb_enc,cpu,20801.9,20806.6
24,865,normalize,cpu,20807,20810.7
24,865,g_a_cpu,cpu,20810.7,20811
24,865,g_a,dpu,20811,21173.9
24,865,g_a,dpu,21173.9,21541.8
24,865,g_a_cpu,cpu,21541.8,21542.1
24,865,eb_enc,cpu,21542.1,21546.9
24,895,normalize,cpu,21547.4,21551
24,895,g_a_cpu,cpu,21551,21551.3
24,895,g_a,dpu,21551.3,22245.6
24,895,g_a,dpu,22245.6,22617.5
24,895,g_a_cpu,cpu,22617.5,22617.8
24,895,eb_enc,cpu,22617.9,22622.7
25,7,normalize,cpu,78.2489,87.3864
25,7,g_a_cpu,cpu,87.4665,87.7968
25,7,g_a,dpu,87.8013,193.361
25,7,g_a,dpu,193.368,557.788
25,7,g_a_cpu,cpu,557.789,558.203
25,7,eb_enc,cpu,558.21,564.298
25,38,normalize,cpu,564.812,568.571
25,38,g_a_cpu,cpu,568.573,568.941
25,38,g_a,dpu,568.945,934.58
25,38,g_a,dpu,934.585,1294.55
25,38,g_a_cpu,cpu,1294.55,1295.04
25,38,eb_enc,cpu,1295.05,1299.87
25,67,normalize,cpu,1300.35,1304.02
25,67,g_a_cpu,cpu,1304.02,1304.26
25,67,g_a,dpu,1304.26,1657.76
25,67,g_a,dpu,1657.76,2018.25
25,67,g_a_cpu,cpu,2018.25,2018.71
25,67,eb_enc,cpu,2018.72,2023.47
25,96,normalize,cpu,2024.03,2027.77
25,96,g_a_cpu,cpu,2027.77,2028.18
25,96,g_a,dpu,2028.18,2390.11
25,96,g_a,dpu,2390.11,2749.65
25,96,g_a_cpu,cpu,2749.65,2750.21
25,96,eb_enc,cpu,2750.21,2754.97
25,126,normalize,cpu,2755.45,2759.11
25,126,g_a_cpu,cpu,2759.12,2759.37
25,126,g_a,dpu,2759.37,3114.66
25,126,g_a,dpu,3114.66,3474.68
25,126,g_a_cpu,cpu,3474.68,3475.08
25,126,eb_enc,cpu,3475.09,3479.87
25,155,normalize,cpu,3480.39,3484.05
25,155,g_a_cpu,cpu,3484.05,3484.32
25,155,g_a,dpu,3484.32,3838.65
25,155,g_a,dpu,3838.66,4198.54
25,155,g_a_cpu,cpu,4198.54,4199
25,155,eb_enc,cpu,4199,4203.74
25,186,normalize,cpu,4204.24,4207.88
25,186,g_a_cpu,cpu,4207.88,4208.2
25,186,g_a,dpu,4208.2,4574.01
25,186,g_a,dpu,4574.01,4933.9
25,186,g_a_cpu,cpu,4933.9,4934.34
25,186,eb_enc,cpu,4934.34,4939.14
25,215,normalize,cpu,4939.67,4943.33
25,215,g_a_cpu,cpu,4943.34,4943.61
25,215,g_a,dpu,4943.62,5302.27
25,215,g_a,dpu,5302.27,5661.77
25,215,g_a_cpu,cpu,5661.77,5662.11
25,215,eb_enc,cpu,5662.12,5666.98
25,244,normalize,cpu,5667.44,5671.08
25,244,g_a_cpu,cpu,5671.08,5671.36
25,244,g_a,dpu,5671.36,6042.03
25,244,g_a,dpu,6042.04,6401.67
25,244,g_a_cpu,cpu,6401.67,6402.04
25,244,eb_enc,cpu,6402.04,6406.87
25,276,normalize,cpu,6407.36,6411.05
25,276,g_a_cpu,cpu,6411.06,6411.34
25,276,g_a,dpu,6411.35,6781.9
25,276,g_a,dpu,6781.9,7144.75
25,276,g_a_cpu,cpu,7144.75,7145.14
25,276,eb_enc,cpu,7145.14,7149.95
25,308,normalize,cpu,7150.4,7154.05
25,308,g_a_cpu,cpu,7154.06,7154.36
25,308,g_a,dpu,7154.36,7521.95
25,308,g_a,dpu,7521.95,7882.6
25,308,g_a_cpu,cpu,7882.6,7882.96
25,308,eb_enc,cpu,7882.98,7887.93
25,337,normalize,cpu,7888.47,7892.12
25,337,g_a_cpu,cpu,7892.12,7892.43
25,337,g_a,dpu,7892.44,8261.81
25,337,g_a,dpu,8261.81,8626.18
25,337,g_a_cpu,cpu,8626.18,8626.6
25,337,eb_enc,cpu,8626.6,8631.38
25,368,normalize,cpu,8631.89,8635.6
25,368,g_a_cpu,cpu,8635.6,8635.99
25,368,g_a,dpu,8636,8990.18
25,368,g_a,dpu,8990.19,9029.95
25,368,g_a_cpu,cpu,9029.96,9030.46
25,368,eb_enc,cpu,9030.47,9035.3
25,388,normalize,cpu,9035.76,9039.41
25,388,g_a_cpu,cpu,9039.41,9039.74
25,388,g_a,dpu,9039.74,9397.67
25,388,g_a,dpu,9397.67,9762.14
25,388,g_a_cpu,cpu,9762.14,9762.51
25,388,eb_enc,cpu,9762.51,9767.25
25,418,normalize,cpu,9767.72,9771.39
25,418,g_a_cpu,cpu,9771.4,9771.69
25,418,g_a,dpu,9771.7,10126.1
25,418,g_a,dpu,10126.1,10493.9
25,418,g_a_cpu,cpu,10493.9,10494.3
25,418,eb_enc,cpu,10494.3,10499.1
25,448,normalize,cpu,10499.7,10503.3
25,448,g_a_cpu,cpu,10503.3,10503.6
25,448,g_a,dpu,10503.6,10860.8
25,448,g_a,dpu,10860.8,11225.8
25,448,g_a_cpu,cpu,11225.8,11226.3
25,448,eb_enc,cpu,11226.3,11231.2
25,477,normalize,cpu,11231.7,11235.3
25,477,g_a_cpu,cpu,11235.3,11235.6
25,477,g_a,dpu,11235.6,11585.3
25,477,g_a,dpu,11585.3,11953.7
25,477,g_a_cpu,cpu,11953.7,11954.2
25,477,eb_enc,cpu,11954.2,11959
25,507,normalize,cpu,11959.5,11963.1
25,507,g_a_cpu,cpu,11963.1,11963.4
25,507,g_a,dpu,11963.4,12313.4
25,507,g_a,dpu,12313.4,12685.8
25,507,g_a_cpu,cpu,12685.8,12686.2
25,507,eb_enc,cpu,12686.2,12691
25,537,normalize,cpu,12691.5,12695.1
25,537,g_a_cpu,cpu,12695.1,12695.6
25,537,g_a,dpu,12695.6,13049.8
25,537,g_a,dpu,13049.9,13417.4
25,537,g_a_cpu,cpu,13417.4,13417.9
25,537,eb_enc,cpu,13417.9,13422.7
25,563,normalize,cpu,13423.2,13426.8
25,563,g_a_cpu,cpu,13426.8,13427.1
25,563,g_a,dpu,13427.1,13777.5
25,563,g_a,dpu,13777.5,14141.6
25,563,g_a_cpu,cpu,14141.6,14142.1
25,563,eb_enc,cpu,14142.1,14146.8
25,594,normalize,cpu,14147.3,14151
25,594,g_a_cpu,cpu,14151,14151.3
25,594,g_a,dpu,14151.3,14509
25,594,g_a,dpu,14509,14873.7
25,594,g_a_cpu,cpu,14873.7,14874.2
25,594,eb_enc,cpu,14874.2,14879
25,624,normalize,cpu,14879.5,14883.2
25,624,g_a_cpu,cpu,14883.2,14883.5
25,624,g_a,dpu,14883.5,15248.3
25,624,g_a,dpu,15248.4,15608.5
25,624,g_a_cpu,cpu,15608.5,15609
25,624,eb_enc,cpu,15609,15613.8
25,653,normalize,cpu,15614.3,15617.9
25,653,g_a_cpu,cpu,15617.9,15618.2
25,653,g_a,dpu,15618.2,15974.6
25,653,g_a,dpu,15974.6,16346.4
25,653,g_a_cpu,cpu,16346.4,16346.8
25,653,eb_enc,cpu,16346.8,16351.6
25,684,normalize,cpu,16352.1,16355.8
25,684,g_a_cpu,cpu,16355.8,16356.1
25,684,g_a,dpu,16356.1,16713.3
25,684,g_a,dpu,16713.3,17081.5
25,684,g_a_cpu,cpu,17081.5,17082
25,684,eb_enc,cpu,17082,17086.7
25,715,normalize,cpu,17087.2,17090.9
25,715,g_a_cpu,cpu,17090.9,17091.2
25,715,g_a,dpu,17091.2,17445.8
25,715,g_a,dpu,17445.8,17821.8
25,715,g_a_cpu,cpu,17821.8,17822.1
25,715,eb_enc,cpu,17822.1,17826.9
25,745,normalize,cpu,17827.4,17831
25,745,g_a_cpu,cpu,17831,17831.3
25,745,g_a,dpu,17831.3,18190.7
25,745,g_a,dpu,18190.7,18557.7
25,745,g_a_cpu,cpu,18557.7,18558.1
25,745,eb_enc,cpu,18558.1,18562.9
25,775,normalize,cpu,18563.5,18567.2
25,775,g_a_cpu,cpu,18567.2,18567.4
25,775,g_a,dpu,18567.4,18925.8
25,775,g_a,dpu,18925.8,19297.8
25,775,g_a_cpu,cpu,19297.8,19298.1
25,775,eb_enc,cpu,19298.1,19302.8
25,805,normalize,cpu,19303.4,19307.1
25,805,g_a_cpu,cpu,19307.1,19307.4
25,805,g_a,dpu,19307.5,20004
25,805,g_a,dpu,20004,20040.5
25,805,g_a_cpu,cpu,20040.5,20040.9
25,805,eb_enc,cpu,20040.9,20045.6
25,834,normalize,cpu,20046.1,20049.8
25,834,g_a_cpu,cpu,20049.8,20050.1
25,834,g_a,dpu,20050.1,20744.7
25,834,g_a,dpu,20744.7,20781.1
25,834,g_a_cpu,cpu,20781.1,20781.6
25,834,eb_enc,cpu,20781.6,20786.4
25,864,normalize,cpu,20787,20790.6
25,864,g_a_cpu,cpu,20790.6,20791
25,864,g_a,dpu,20791,21465.9
25,864,g_a,dpu,21465.9,21502.5
25,864,g_a_cpu,cpu,21502.5,21502.9
25,864,eb_enc,cpu,21502.9,21507.9
25,894,normalize,cpu,21508.4,21512.1
25,894,g_a_cpu,cpu,21512.1,21512.5
25,894,g_a,dpu,21512.5,22217.9
25,894,g_a,dpu,22217.9,22254.3
25,894,g_a_cpu,cpu,22254.3,22254.7
25,894,eb_enc,cpu,22254.7,22259.5
25,923,normalize,cpu,22260,22263.7
25,923,g_a_cpu,cpu,22263.7,22264.1
25,923,g_a,dpu,22264.1,22766.5
25,923,g_a,dpu,22766.5,22805.9
25,923,g_a_cpu,cpu,22805.9,22806.3
25,923,eb_enc,cpu,22806.3,22811.1
26,5,normalize,cpu,74.297,110.273
26,5,g_a_cpu,cpu,115.097,115.502
26,5,g_a,dpu,115.505,354.695
26,5,g_a,dpu,354.7,728.449
26,5,g_a_cpu,cpu,728.45,728.817
26,5,eb_enc,cpu,728.824,734.831
26,49,normalize,cpu,735.371,739.035
26,49,g_a_cpu,cpu,739.038,739.312
26,49,g_a,dpu,739.316,1107.19
26,49,g_a,dpu,1107.19,1477.96
26,49,g_a_cpu,cpu,1477.96,1478.47
26,49,eb_enc,cpu,1478.47,1483.21
26,78,normalize,cpu,1483.7,1487.45
26,78,g_a_cpu,cpu,1487.45,1487.79
26,78,g_a,dpu,1487.79,1845.23
26,78,g_a,dpu,1845.24,2210.37
26,78,g_a_cpu,cpu,2210.38,2210.8
26,78,eb_enc,cpu,2210.81,2216
26,108,normalize,cpu,2216.55,2220.25
26,108,g_a_cpu,cpu,2220.26,2220.62
26,108,g_a,dpu,2220.62,2587.62
26,108,g_a,dpu,2587.62,2624.31
26,108,g_a_cpu,cpu,2624.31,2624.72
26,108,eb_enc,cpu,2624.72,2629.45
26,123,normalize,cpu,2630.05,2633.68
26,123,g_a_cpu,cpu,2633.69,2633.98
26,123,g_a,dpu,2633.99,3006.64
26,123,g_a,dpu,3006.64,3377.11
26,123,g_a_cpu,cpu,3377.11,3377.44
26,123,eb_enc,cpu,3377.44,3382.14
26,153,normalize,cpu,3382.63,3386.31
26,153,g_a_cpu,cpu,3386.32,3386.6
26,153,g_a,dpu,3386.6,3745.74
26,153,g_a,dpu,3745.74,4112.35
26,153,g_a_cpu,cpu,4112.36,4112.79
26,153,eb_enc,cpu,4112.79,4117.46
26,184,normalize,cpu,4117.99,4122.35
26,184,g_a_cpu,cpu,4122.35,4122.61
26,184,g_a,dpu,4122.62,4479.66
26,184,g_a,dpu,4479.66,4843.85
26,184,g_a_cpu,cpu,4843.85,4844.23
26,184,eb_enc,cpu,4844.23,4848.91
26,213,normalize,cpu,4849.43,4853.1
26,213,g_a_cpu,cpu,4853.11,4853.44
26,213,g_a,dpu,4853.44,5216.9
26,213,g_a,dpu,5216.9,5584.88
26,213,g_a_cpu,cpu,5584.88,5585.25
26,213,eb_enc,cpu,5585.25,5590
26,242,normalize,cpu,5590.68,5594.35
26,242,g_a_cpu,cpu,5594.36,5594.72
26,242,g_a,dpu,5594.72,5955.91
26,242,g_a,dpu,5955.91,6324.83
26,242,g_a_cpu,cpu,6324.83,6325.28
26,242,eb_enc,cpu,6325.28,6330.73
26,273,normalize,cpu,6331.27,6335.07
26,273,g_a_cpu,cpu,6335.07,6335.39
26,273,g_a,dpu,6335.39,7033.22
26,273,g_a,dpu,7033.22,7070.12
26,273,g_a_cpu,cpu,7070.12,7070.53
26,273,eb_enc,cpu,7070.54,7075.25
26,305,normalize,cpu,7075.7,7079.33
26,305,g_a_cpu,cpu,7079.33,7079.62
26,305,g_a,dpu,7079.62,7772.63
26,305,g_a,dpu,7772.63,7809.48
26,305,g_a_cpu,cpu,7809.48,7809.91
26,305,eb_enc,cpu,7809.93,7814.64
26,335,normalize,cpu,7815.13,7819.05
26,335,g_a_cpu,cpu,7819.06,7819.35
26,335,g_a,dpu,7819.36,8195.01
26,335,g_a,dpu,8195.02,8559.75
26,335,g_a_cpu,cpu,8559.75,8560.21
26,335,eb_enc,cpu,8560.21,8564.88
26,365,normalize,cpu,8565.41,8569.07
26,365,g_a_cpu,cpu,8569.07,8569.36
26,365,g_a,dpu,8569.36,8930.65
26,365,g_a,dpu,8930.65,9298.28
26,365,g_a_cpu,cpu,9298.28,9298.79
26,365,eb_enc,cpu,9298.79,9303.46
26,395,normalize,cpu,9303.95,9307.65
26,395,g_a_cpu,cpu,9307.66,9307.91
26,395,g_a,dpu,9307.91,9674.67
26,395,g_a,dpu,9674.67,10041
26,395,g_a_cpu,cpu,10041,10041.4
26,395,eb_enc,cpu,10041.4,10046.3
26,426,normalize,cpu,10046.7,10050.4
26,426,g_a_cpu,cpu,10050.4,10050.7
26,426,g_a,dpu,10050.7,10414.7
26,426,g_a,dpu,10414.7,10780.6
26,426,g_a_cpu,cpu,10780.6,10781
26,426,eb_enc,cpu,10781,10785.8
26,457,normalize,cpu,10786.3,10790
26,457,g_a_cpu,cpu,10790,10790.4
26,457,g_a,dpu,10790.4,11149.2
26,457,g_a,dpu,11149.2,11522.4
26,457,g_a_cpu,cpu,11522.4,11522.9
26,457,eb_enc,cpu,11522.9,11527.6
26,489,normalize,cpu,11528.1,11531.8
26,489,g_a_cpu,cpu,11531.8,11532
26,489,g_a,dpu,11532,11890.7
26,489,g_a,dpu,11890.7,12256.2
26,489,g_a_cpu,cpu,12256.2,12256.6
26,489,eb_enc,cpu,12256.6,12261.3
26,519,normalize,cpu,12261.9,12265.5
26,519,g_a_cpu,cpu,12265.5,12265.8
26,519,g_a,dpu,12265.8,12622.5
26,519,g_a,dpu,12622.5,12990.6
26,519,g_a_cpu,cpu,12990.6,12991.1
26,519,eb_enc,cpu,12991.1,12995.7
26,552,normalize,cpu,12996.3,12999.9
26,552,g_a_cpu,cpu,12999.9,13000.2
26,552,g_a,dpu,13000.2,13354.9
26,552,g_a,dpu,13354.9,13723
26,552,g_a_cpu,cpu,13723,13723.6
26,552,eb_enc,cpu,13723.6,13728.6
26,581,normalize,cpu,13729.6,13733.3
26,581,g_a_cpu,cpu,13733.3,13733.7
26,581,g_a,dpu,13733.8,14088.3
26,581,g_a,dpu,14088.3,14462.2
26,581,g_a_cpu,cpu,14462.2,14462.7
26,581,eb_enc,cpu,14462.7,14467.4
26,611,normalize,cpu,14467.9,14471.6
26,611,g_a_cpu,cpu,14471.6,14471.8
26,611,g_a,dpu,14471.8,14828.5
26,611,g_a,dpu,14828.5,15218.4
26,611,g_a_cpu,cpu,15218.4,15218.8
26,611,eb_enc,cpu,15218.8,15223.5
26,641,normalize,cpu,15224.1,15227.7
26,641,g_a_cpu,cpu,15227.7,15228
26,641,g_a,dpu,15228,15583.2
26,641,g_a,dpu,15583.3,15958
26,641,g_a_cpu,cpu,15958,15958.4
26,641,eb_enc,cpu,15958.4,15963.1
26,669,normalize,cpu,15963.6,15967.3
26,669,g_a_cpu,cpu,15967.3,15967.5
26,669,g_a,dpu,15967.6,16332.6
26,669,g_a,dpu,16332.6,16707.4
26,669,g_a_cpu,cpu,16707.4,16707.8
26,669,eb_enc,cpu,16707.8,16712.7
26,701,normalize,cpu,16713.2,16716.9
26,701,g_a_cpu,cpu,16716.9,16717.2
26,701,g_a,dpu,16717.2,17082.5
26,701,g_a,dpu,17082.5,17462.2
26,701,g_a_cpu,cpu,17462.2,17462.7
26,701,eb_enc,cpu,17462.7,17467.4
26,731,normalize,cpu,17468,17471.7
26,731,g_a_cpu,cpu,17471.7,17471.9
26,731,g_a,dpu,17471.9,17834.3
26,731,g_a,dpu,17834.3,18204.2
26,731,g_a_cpu,cpu,18204.2,18204.5
26,731,eb_enc,cpu,18204.5,18209.2
26,762,normalize,cpu,18209.8,18213.4
26,762,g_a_cpu,cpu,18213.4,18213.8
26,762,g_a,dpu,18213.8,18573
26,762,g_a,dpu,18573,18950.4
26,762,g_a_cpu,cpu,18950.4,18950.8
26,762,eb_enc,cpu,18950.8,18955.6
26,792,normalize,cpu,18956.1,18959.7
26,792,g_a_cpu,cpu,18959.7,18960.1
26,792,g_a,dpu,18960.1,19322.8
26,792,g_a,dpu,19322.8,19698.2
26,792,g_a_cpu,cpu,19698.2,19698.6
26,792,eb_enc,cpu,19698.6,19703.3
26,823,normalize,cpu,19703.8,19707.7
26,823,g_a_cpu,cpu,19707.7,19708
26,823,g_a,dpu,19708,20070.5
26,823,g_a,dpu,20070.5,20450.4
26,823,g_a_cpu,cpu,20450.4,20450.9
26,823,eb_enc,cpu,20450.9,20455.8
26,853,normalize,cpu,20456.2,20460
26,853,g_a_cpu,cpu,20460,20460.3
26,853,g_a,dpu,20460.3,21153.3
26,853,g_a,dpu,21153.3,21190.3
26,853,g_a_cpu,cpu,21190.3,21190.7
26,853,eb_enc,cpu,21190.7,21195.5
26,883,normalize,cpu,21196,21199.6
26,883,g_a_cpu,cpu,21199.6,21200
26,883,g_a,dpu,21200,21889
26,883,g_a,dpu,21889,22258.2
26,883,g_a_cpu,cpu,22258.3,22258.6
26,883,eb_enc,cpu,22258.6,22263.4
26,924,normalize,cpu,22264,22267.6
26,924,g_a_cpu,cpu,22267.6,22267.9
26,924,g_a,dpu,22267.9,22630.3
26,924,g_a,dpu,22630.3,22812.6
26,924,g_a_cpu,cpu,22812.6,22813
26,924,eb_enc,cpu,22813,22817.7
27,2,normalize,cpu,70.3771,109.279
27,2,g_a_cpu,cpu,113.909,114.347
27,2,g_a,dpu,114.354,673.916
27,2,g_a,dpu,673.921,1045.87
27,2,g_a_cpu,cpu,1045.87,1046.3
27,2,eb_enc,cpu,1046.3,1052.41
27,62,normalize,cpu,1052.89,1056.56
27,62,g_a_cpu,cpu,1056.56,1056.85
27,62,g_a,dpu,1056.85,1413.68
27,62,g_a,dpu,1413.69,1773.86
27,62,g_a_cpu,cpu,1773.86,1774.26
27,62,eb_enc,cpu,1774.26,1779.11
27,92,normalize,cpu,1779.58,1783.24
27,92,g_a_cpu,cpu,1783.24,1783.55
27,92,g_a,dpu,1783.55,2141.88
27,92,g_a,dpu,2141.89,2505.83
27,92,g_a_cpu,cpu,2505.83,2506.17
27,92,eb_enc,cpu,2506.17,2510.94
27,121,normalize,cpu,2511.44,2515.17
27,121,g_a_cpu,cpu,2515.17,2515.5
27,121,g_a,dpu,2515.5,2869.51
27,121,g_a,dpu,2869.51,3241.44
27,121,g_a_cpu,cpu,3241.44,3241.8
27,121,eb_enc,cpu,3241.8,3246.54
27,150,normalize,cpu,3247.05,3250.7
27,150,g_a_cpu,cpu,3250.7,3251.01
27,150,g_a,dpu,3251.02,3605.51
27,150,g_a,dpu,3605.51,3971.89
27,150,g_a_cpu,cpu,3971.89,3972.24
27,150,eb_enc,cpu,3972.24,3976.95
27,181,normalize,cpu,3977.44,3981.1
27,181,g_a_cpu,cpu,3981.1,3981.45
27,181,g_a,dpu,3981.45,4345.82
27,181,g_a,dpu,4345.82,4705.08
27,181,g_a_cpu,cpu,4705.08,4705.41
27,181,eb_enc,cpu,4705.42,4710.16
27,210,normalize,cpu,4710.64,4714.28
27,210,g_a_cpu,cpu,4714.28,4714.61
27,210,g_a,dpu,4714.61,5073.45
27,210,g_a,dpu,5073.45,5109.96
27,210,g_a_cpu,cpu,5109.96,5110.41
27,210,eb_enc,cpu,5110.42,5115.27
27,227,normalize,cpu,5115.77,5123.5
27,227,g_a_cpu,cpu,5123.51,5123.9
27,227,g_a,dpu,5123.91,5485.94
27,227,g_a,dpu,5485.95,5853.96
27,227,g_a_cpu,cpu,5853.96,5854.54
27,227,eb_enc,cpu,5854.54,5859.49
27,257,normalize,cpu,5860.07,5863.71
27,257,g_a_cpu,cpu,5863.71,5864.18
27,257,g_a,dpu,5864.18,6225.54
27,257,g_a,dpu,6225.54,6589.86
27,257,g_a_cpu,cpu,6589.86,6590.29
27,257,eb_enc,cpu,6590.29,6595.16
27,288,normalize,cpu,6595.66,6599.32
27,288,g_a_cpu,cpu,6599.32,6599.71
27,288,g_a,dpu,6599.72,6953.37
27,288,g_a,dpu,6953.37,7325.68
27,288,g_a_cpu,cpu,7325.69,7326.25
27,288,eb_enc,cpu,7326.25,7330.97
27,319,normalize,cpu,7331.49,7335.29
27,319,g_a_cpu,cpu,7335.29,7335.73
27,319,g_a,dpu,7335.73,7689.79
27,319,g_a,dpu,7689.8,8062.03
27,319,g_a_cpu,cpu,8062.03,8062.54
27,319,eb_enc,cpu,8062.56,8067.7
27,349,normalize,cpu,8068.42,8072.14
27,349,g_a_cpu,cpu,8072.15,8072.7
27,349,g_a,dpu,8072.7,8425.59
27,349,g_a,dpu,8425.59,8801.82
27,349,g_a_cpu,cpu,8801.82,8802.23
27,349,eb_enc,cpu,8802.23,8807
27,381,normalize,cpu,8807.59,8811.33
27,381,g_a_cpu,cpu,8811.33,8811.67
27,381,g_a,dpu,8811.68,9165.12
27,381,g_a,dpu,9165.12,9533.93
27,381,g_a_cpu,cpu,9533.93,9534.35
27,381,eb_enc,cpu,9534.36,9539.22
27,409,normalize,cpu,9539.67,9543.33
27,409,g_a_cpu,cpu,9543.33,9543.62
27,409,g_a,dpu,9543.62,9897.81
27,409,g_a,dpu,9897.81,10262.5
27,409,g_a_cpu,cpu,10262.6,10263
27,409,eb_enc,cpu,10263,10267.9
27,437,normalize,cpu,10268.6,10272.3
27,437,g_a_cpu,cpu,10272.3,10272.5
27,437,g_a,dpu,10272.6,10621.9
27,437,g_a,dpu,10621.9,10993.8
27,437,g_a_cpu,cpu,10993.8,10994.2
27,437,eb_enc,cpu,10994.2,10998.9
27,467,normalize,cpu,10999.4,11003.2
27,467,g_a_cpu,cpu,11003.2,11003.6
27,467,g_a,dpu,11003.6,11356.3
27,467,g_a,dpu,11356.3,11721.7
27,467,g_a_cpu,cpu,11721.7,11722.1
27,467,eb_enc,cpu,11722.1,11726.9
27,498,normalize,cpu,11727.5,11731.1
27,498,g_a_cpu,cpu,11731.1,11731.4
27,498,g_a,dpu,11731.4,12088.8
27,498,g_a,dpu,12088.8,12449.8
27,498,g_a_cpu,cpu,12449.8,12450.2
27,498,eb_enc,cpu,12450.2,12455
27,528,normalize,cpu,12455.5,12459.2
27,528,g_a_cpu,cpu,12459.2,12459.5
27,528,g_a,dpu,12459.5,13145.7
27,528,g_a,dpu,13145.7,13505.7
27,528,g_a_cpu,cpu,13505.7,13506.1
27,528,eb_enc,cpu,13506.1,13510.8
27,567,normalize,cpu,13511.4,13515.1
27,567,g_a_cpu,cpu,13515.1,13515.4
27,567,g_a,dpu,13515.4,14202.3
27,567,g_a,dpu,14202.3,14238.6
27,567,g_a_cpu,cpu,14238.6,14238.9
27,567,eb_enc,cpu,14238.9,14243.7
27,597,normalize,cpu,14244.2,14247.9
27,597,g_a_cpu,cpu,14247.9,14248.2
27,597,g_a,dpu,14248.2,14943.5
27,597,g_a,dpu,14943.5,14979.8
27,597,g_a_cpu,cpu,14979.8,14980.1
27,597,eb_enc,cpu,14980.1,14984.9
27,627,normalize,cpu,14985.3,14989
27,627,g_a_cpu,cpu,14989,14989.3
27,627,g_a,dpu,14989.3,15677.7
27,627,g_a,dpu,15677.7,16046.6
27,627,g_a_cpu,cpu,16046.6,16047
27,627,eb_enc,cpu,16047,16052
27,673,normalize,cpu,16052.5,16056.2
27,673,g_a_cpu,cpu,16056.2,16056.5
27,673,g_a,dpu,16056.5,16414.1
27,673,g_a,dpu,16414.1,16450.5
27,673,g_a_cpu,cpu,16450.5,16451
27,673,eb_enc,cpu,16451,16455.8
27,687,normalize,cpu,16456.2,16459.9
27,687,g_a_cpu,cpu,16459.9,16460.2
27,687,g_a,dpu,16460.2,16818.1
27,687,g_a,dpu,16818.1,17181.9
27,687,g_a_cpu,cpu,17181.9,17182.2
27,687,eb_enc,cpu,17182.2,17187
27,718,normalize,cpu,17187.5,17191.2
27,718,g_a_cpu,cpu,17191.2,17191.5
27,718,g_a,dpu,17191.5,17549.8
27,718,g_a,dpu,17549.8,17917.8
27,718,g_a_cpu,cpu,17917.8,17918.1
27,718,eb_enc,cpu,17918.1,17922.9
27,748,normalize,cpu,17923.5,17927.2
27,748,g_a_cpu,cpu,17927.2,17927.4
27,748,g_a,dpu,17927.4,18285.7
27,748,g_a,dpu,18285.7,18645.3
27,748,g_a_cpu,cpu,18645.3,18645.7
27,748,eb_enc,cpu,18645.7,18650.4
27,777,normalize,cpu,18651.1,18654.7
27,777,g_a_cpu,cpu,18654.7,18655.1
27,777,g_a,dpu,18655.1,19009.6
27,777,g_a,dpu,19009.6,19377.4
27,777,g_a_cpu,cpu,19377.4,19377.8
27,777,eb_enc,cpu,19377.8,19382.6
27,807,normalize,cpu,19383.1,19386.7
27,807,g_a_cpu,cpu,19386.7,19387.1
27,807,g_a,dpu,19387.1,19742.1
27,807,g_a,dpu,19742.1,20104.9
27,807,g_a_cpu,cpu,20104.9,20105.2
27,807,eb_enc,cpu,20105.2,20109.9
27,836,normalize,cpu,20110.4,20114
27,836,g_a_cpu,cpu,20114,20114.4
27,836,g_a,dpu,20114.4,20470
27,836,g_a,dpu,20470,20841.7
27,836,g_a_cpu,cpu,20841.7,20842.2
27,836,eb_enc,cpu,20842.2,20846.9
27,867,normalize,cpu,20847.4,20851.2
27,867,g_a_cpu,cpu,20851.2,20851.5
27,867,g_a,dpu,20851.5,21209.9
27,867,g_a,dpu,21209.9,21581.9
27,867,g_a_cpu,cpu,21581.9,21582.3
27,867,eb_enc,cpu,21582.3,21587.2
27,897,normalize,cpu,21587.6,21591.3
27,897,g_a_cpu,cpu,21591.3,21591.6
27,897,g_a,dpu,21591.6,21953.7
27,897,g_a,dpu,21953.7,22317.7
27,897,g_a_cpu,cpu,22317.7,22318.1
27,897,eb_enc,cpu,22318.1,22322.8
27,926,normalize,cpu,22323.4,22327.1
27,926,g_a_cpu,cpu,22327.1,22327.5
27,926,g_a,dpu,22327.5,22693.9
27,926,g_a,dpu,22693.9,22873.8
27,926,g_a_cpu,cpu,22873.8,22874.2
27,926,eb_enc,cpu,22874.2,22879
28,28,normalize,cpu,109.044,112.729
28,28,g_a_cpu,cpu,112.818,113.26
28,28,g_a,dpu,113.263,410.19
28,28,g_a,dpu,410.193,785.801
28,28,g_a_cpu,cpu,785.802,786.132
28,28,eb_enc,cpu,786.137,792.472
28,53,normalize,cpu,793.079,796.76
28,53,g_a_cpu,cpu,796.762,797.116
28,53,g_a,dpu,797.118,1150.15
28,53,g_a,dpu,1150.16,1510.64
28,53,g_a_cpu,cpu,1510.64,1511.13
28,53,eb_enc,cpu,1511.13,1515.96
28,80,normalize,cpu,1516.47,1520.16
28,80,g_a_cpu,cpu,1520.16,1520.52
28,80,g_a,dpu,1520.52,1874.41
28,80,g_a,dpu,1874.41,2242.9
28,80,g_a_cpu,cpu,2242.9,2243.32
28,80,eb_enc,cpu,2243.33,2248.05
28,110,normalize,cpu,2248.48,2255.38
28,110,g_a_cpu,cpu,2255.38,2255.78
28,110,g_a,dpu,2255.78,2605.84
28,110,g_a,dpu,2605.84,2965.93
28,110,g_a_cpu,cpu,2965.93,2966.23
28,110,eb_enc,cpu,2966.23,2971.13
28,140,normalize,cpu,2971.59,2975.23
28,140,g_a_cpu,cpu,2975.23,2975.51
28,140,g_a,dpu,2975.51,3330.85
28,140,g_a,dpu,3330.86,3693.84
28,140,g_a_cpu,cpu,3693.84,3694.24
28,140,eb_enc,cpu,3694.24,3699
28,170,normalize,cpu,3699.48,3703.11
28,170,g_a_cpu,cpu,3703.11,3703.43
28,170,g_a,dpu,3703.43,4054.34
28,170,g_a,dpu,4054.34,4425.85
28,170,g_a_cpu,cpu,4425.85,4426.21
28,170,eb_enc,cpu,4426.22,4430.92
28,200,normalize,cpu,4431.39,4435.08
28,200,g_a_cpu,cpu,4435.08,4435.33
28,200,g_a,dpu,4435.33,4790.18
28,200,g_a,dpu,4790.19,5157.91
28,200,g_a_cpu,cpu,5157.91,5158.46
28,200,eb_enc,cpu,5158.47,5163.2
28,231,normalize,cpu,5163.73,5167.39
28,231,g_a_cpu,cpu,5167.4,5167.78
28,231,g_a,dpu,5167.78,5517.77
28,231,g_a,dpu,5517.77,5890.15
28,231,g_a_cpu,cpu,5890.16,5890.53
28,231,eb_enc,cpu,5890.53,5895.44
28,260,normalize,cpu,5895.97,5899.62
28,260,g_a_cpu,cpu,5899.62,5899.95
28,260,g_a,dpu,5899.95,6257.79
28,260,g_a,dpu,6257.79,6634.14
28,260,g_a_cpu,cpu,6634.14,6634.79
28,260,eb_enc,cpu,6634.8,6639.78
28,292,normalize,cpu,6640.37,6644.08
28,292,g_a_cpu,cpu,6644.08,6644.52
28,292,g_a,dpu,6644.53,7334.46
28,292,g_a,dpu,7334.46,7370.99
28,292,g_a_cpu,cpu,7370.99,7371.59
28,292,eb_enc,cpu,7371.59,7376.41
28,323,normalize,cpu,7376.93,7380.59
28,323,g_a_cpu,cpu,7380.6,7380.89
28,323,g_a,dpu,7380.89,8075.37
28,323,g_a,dpu,8075.37,8111.96
28,323,g_a_cpu,cpu,8111.96,8112.29
28,323,eb_enc,cpu,8112.3,8117.13
28,352,normalize,cpu,8117.68,8121.37
28,352,g_a_cpu,cpu,8121.38,8121.73
28,352,g_a,dpu,8121.73,8809.92
28,352,g_a,dpu,8809.93,9173.61
28,352,g_a_cpu,cpu,9173.61,9173.98
28,352,eb_enc,cpu,9173.98,9178.71
28,389,normalize,cpu,9179.15,9182.8
28,389,g_a_cpu,cpu,9182.8,9183.12
28,389,g_a,dpu,9183.13,9545.99
28,389,g_a,dpu,9545.99,9907.9
28,389,g_a_cpu,cpu,9907.9,9908.2
28,389,eb_enc,cpu,9908.2,9912.9
28,420,normalize,cpu,9913.38,9917.02
28,420,g_a_cpu,cpu,9917.02,9917.31
28,420,g_a,dpu,9917.31,10273.9
28,420,g_a,dpu,10273.9,10641.6
28,420,g_a_cpu,cpu,10641.6,10642
28,420,eb_enc,cpu,10642,10646.7
28,450,normalize,cpu,10647.2,10650.9
28,450,g_a_cpu,cpu,10650.9,10651.2
28,450,g_a,dpu,10651.2,11006.3
28,450,g_a,dpu,11006.3,11369.4
28,450,g_a_cpu,cpu,11369.4,11369.9
28,450,eb_enc,cpu,11369.9,11374.8
28,479,normalize,cpu,11375.3,11379
28,479,g_a_cpu,cpu,11379,11379.3
28,479,g_a,dpu,11379.3,11737.8
28,479,g_a,dpu,11737.8,12097.4
28,479,g_a_cpu,cpu,12097.4,12097.9
28,479,eb_enc,cpu,12097.9,12102.5
28,509,normalize,cpu,12103,12106.6
28,509,g_a_cpu,cpu,12106.6,12106.9
28,509,g_a,dpu,12106.9,12464.9
28,509,g_a,dpu,12464.9,12833.8
28,509,g_a_cpu,cpu,12833.8,12834.2
28,509,eb_enc,cpu,12834.2,12839
28,542,normalize,cpu,12839.6,12843.2
28,542,g_a_cpu,cpu,12843.2,12843.5
28,542,g_a,dpu,12843.5,13201.8
28,542,g_a,dpu,13201.8,13561.3
28,542,g_a_cpu,cpu,13561.3,13561.8
28,542,eb_enc,cpu,13561.8,13566.6
28,570,normalize,cpu,13567.1,13570.7
28,570,g_a_cpu,cpu,13570.7,13571
28,570,g_a,dpu,13571,13921.8
28,570,g_a,dpu,13921.8,14285.5
28,570,g_a_cpu,cpu,14285.5,14285.9
28,570,eb_enc,cpu,14285.9,14290.7
28,600,normalize,cpu,14291.1,14294.8
28,600,g_a_cpu,cpu,14294.8,14295
28,600,g_a,dpu,14295,14655.5
28,600,g_a,dpu,14655.5,15018
28,600,g_a_cpu,cpu,15018,15018.5
28,600,eb_enc,cpu,15018.5,15023.3
28,629,normalize,cpu,15023.9,15027.6
28,629,g_a_cpu,cpu,15027.6,15028
28,629,g_a,dpu,15028,15392.2
28,629,g_a,dpu,15392.2,15752.6
28,629,g_a_cpu,cpu,15752.6,15753.1
28,629,eb_enc,cpu,15753.1,15758
28,657,normalize,cpu,15758.4,15762.1
28,657,g_a_cpu,cpu,15762.1,15762.3
28,657,g_a,dpu,15762.3,16125.9
28,657,g_a,dpu,16125.9,16162.4
28,657,g_a_cpu,cpu,16162.4,16162.7
28,657,eb_enc,cpu,16162.7,16167.7
28,680,normalize,cpu,16168.1,16171.8
28,680,g_a_cpu,cpu,16171.8,16172.1
28,680,g_a,dpu,16172.1,16857.2
28,680,g_a,dpu,16857.2,16893.7
28,680,g_a_cpu,cpu,16893.7,16894.2
28,680,eb_enc,cpu,16894.2,16899.8
28,710,normalize,cpu,16900.4,16904
28,710,g_a_cpu,cpu,16904,16904.3
28,710,g_a,dpu,16904.3,17597.8
28,710,g_a,dpu,17597.8,17634.2
28,710,g_a_cpu,cpu,17634.2,17634.6
28,710,eb_enc,cpu,17634.6,17639.4
28,740,normalize,cpu,17639.8,17643.5
28,740,g_a_cpu,cpu,17643.5,17643.8
28,740,g_a,dpu,17643.8,18335
28,740,g_a,dpu,18335,18371.4
28,740,g_a_cpu,cpu,18371.4,18371.8
28,740,eb_enc,cpu,18371.8,18376.6
28,770,normalize,cpu,18377,18380.7
28,770,g_a_cpu,cpu,18380.7,18381
28,770,g_a,dpu,18381,19073.8
28,770,g_a,dpu,19073.8,19110.3
28,770,g_a_cpu,cpu,19110.3,19110.8
28,770,eb_enc,cpu,19110.8,19115.6
28,800,normalize,cpu,19116,19119.7
28,800,g_a_cpu,cpu,19119.7,19120
28,800,g_a,dpu,19120,19821.9
28,800,g_a,dpu,19821.9,20186.4
28,800,g_a_cpu,cpu,20186.4,20186.7
28,800,eb_enc,cpu,20186.7,20191.5
28,839,normalize,cpu,20191.9,20195.5
28,839,g_a_cpu,cpu,20195.5,20195.8
28,839,g_a,dpu,20195.8,20562.7
28,839,g_a,dpu,20562.7,20925
28,839,g_a_cpu,cpu,20925,20925.4
28,839,eb_enc,cpu,20925.4,20930.2
28,869,normalize,cpu,20930.6,20934.4
28,869,g_a_cpu,cpu,20934.4,20934.9
28,869,g_a,dpu,20934.9,21285.4
28,869,g_a,dpu,21285.4,21658
28,869,g_a_cpu,cpu,21658,21658.5
28,869,eb_enc,cpu,21658.5,21663.2
28,899,normalize,cpu,21663.6,21667.5
28,899,g_a_cpu,cpu,21667.5,21667.8
28,899,g_a,dpu,21667.8,22034
28,899,g_a,dpu,22034,22398.8
28,899,g_a_cpu,cpu,22398.8,22399.2
28,899,eb_enc,cpu,22399.2,22404
29,29,normalize,cpu,110.823,117.008
29,29,g_a_cpu,cpu,118.077,118.429
29,29,g_a,dpu,118.435,464.665
29,29,g_a,dpu,464.668,846.433
29,29,g_a_cpu,cpu,846.434,846.827
29,29,eb_enc,cpu,846.834,853.241
29,58,normalize,cpu,853.879,857.504
29,58,g_a_cpu,cpu,857.507,857.901
29,58,g_a,dpu,857.905,1216.07
29,58,g_a,dpu,1216.08,1590.2
29,58,g_a_cpu,cpu,1590.2,1590.64
29,58,eb_enc,cpu,1590.64,1595.62
29,87,normalize,cpu,1596.04,1599.73
29,87,g_a_cpu,cpu,1599.73,1599.97
29,87,g_a,dpu,1599.97,1954.19
29,87,g_a,dpu,1954.2,2331.05
29,87,g_a_cpu,cpu,2331.06,2331.59
29,87,eb_enc,cpu,2331.61,2336.8
29,117,normalize,cpu,2337.51,2341.19
29,117,g_a_cpu,cpu,2341.2,2341.68
29,117,g_a,dpu,2341.68,2697.09
29,117,g_a,dpu,2697.09,3082.43
29,117,g_a_cpu,cpu,3082.43,3082.82
29,117,eb_enc,cpu,3082.82,3087.64
29,147,normalize,cpu,3088.12,3091.77
29,147,g_a_cpu,cpu,3091.77,3092.06
29,147,g_a,dpu,3092.06,3450.78
29,147,g_a,dpu,3450.78,3819.89
29,147,g_a_cpu,cpu,3819.9,3820.28
29,147,eb_enc,cpu,3820.29,3825.11
29,177,normalize,cpu,3825.61,3829.43
29,177,g_a_cpu,cpu,3829.43,3829.81
29,177,g_a,dpu,3829.81,4185.1
29,177,g_a,dpu,4185.11,4552.84
29,177,g_a_cpu,cpu,4552.84,4553.33
29,177,eb_enc,cpu,4553.33,4558.07
29,207,normalize,cpu,4558.6,4562.37
29,207,g_a_cpu,cpu,4562.37,4562.78
29,207,g_a,dpu,4562.79,4918.45
29,207,g_a,dpu,4918.45,5292.67
29,207,g_a_cpu,cpu,5292.67,5293.02
29,207,eb_enc,cpu,5293.02,5297.75
29,238,normalize,cpu,5298.25,5301.9
29,238,g_a_cpu,cpu,5301.9,5302.23
29,238,g_a,dpu,5302.23,5658.43
29,238,g_a,dpu,5658.43,6030.3
29,238,g_a_cpu,cpu,6030.3,6030.67
29,238,eb_enc,cpu,6030.67,6035.44
29,268,normalize,cpu,6035.93,6039.6
29,268,g_a_cpu,cpu,6039.6,6039.87
29,268,g_a,dpu,6039.87,6397.56
29,268,g_a,dpu,6397.56,6773.92
29,268,g_a_cpu,cpu,6773.93,6774.34
29,268,eb_enc,cpu,6774.34,6779.18
29,299,normalize,cpu,6779.69,6783.93
29,299,g_a_cpu,cpu,6783.93,6784.21
29,299,g_a,dpu,6784.22,7479.36
29,299,g_a,dpu,7479.36,7516.15
29,299,g_a_cpu,cpu,7516.16,7516.47
29,299,eb_enc,cpu,7516.48,7521.27
29,329,normalize,cpu,7521.89,7525.52
29,329,g_a_cpu,cpu,7525.52,7525.84
29,329,g_a,dpu,7525.84,8231.6
29,329,g_a,dpu,8231.61,8268.4
29,329,g_a_cpu,cpu,8268.4,8268.85
29,329,eb_enc,cpu,8268.86,8273.58
29,358,normalize,cpu,8274.14,8277.78
29,358,g_a_cpu,cpu,8277.79,8278.05
29,358,g_a,dpu,8278.06,8966.94
29,358,g_a,dpu,8966.94,9003.78
29,358,g_a_cpu,cpu,9003.78,9004.2
29,358,eb_enc,cpu,9004.2,9008.97
29,386,normalize,cpu,9009.47,9013.14
29,386,g_a_cpu,cpu,9013.15,9013.43
29,386,g_a,dpu,9013.43,9711.04
29,386,g_a,dpu,9711.04,9747.9
29,386,g_a_cpu,cpu,9747.9,9748.24
29,386,eb_enc,cpu,9748.24,9753
29,416,normalize,cpu,9753.59,9757.26
29,416,g_a_cpu,cpu,9757.26,9757.61
29,416,g_a,dpu,9757.61,10114.5
29,416,g_a,dpu,10114.5,10489.2
29,416,g_a_cpu,cpu,10489.2,10489.6
29,416,eb_enc,cpu,10489.6,10494.6
29,447,normalize,cpu,10495.1,10498.9
29,447,g_a_cpu,cpu,10498.9,10499.2
29,447,g_a,dpu,10499.2,10853.4
29,447,g_a,dpu,10853.4,11226.6
29,447,g_a_cpu,cpu,11226.6,11227.1
29,447,eb_enc,cpu,11227.1,11231.9
29,478,normalize,cpu,11232.4,11236.1
29,478,g_a_cpu,cpu,11236.1,11236.4
29,478,g_a,dpu,11236.4,11595.1
29,478,g_a,dpu,11595.1,11963.9
29,478,g_a_cpu,cpu,11963.9,11964.3
29,478,eb_enc,cpu,11964.3,11969.1
29,508,normalize,cpu,11969.6,11973.3
29,508,g_a_cpu,cpu,11973.3,11973.5
29,508,g_a,dpu,11973.5,12329
29,508,g_a,dpu,12329,12695.5
29,508,g_a_cpu,cpu,12695.5,12695.9
29,508,eb_enc,cpu,12695.9,12700.7
29,538,normalize,cpu,12701.2,12704.9
29,538,g_a_cpu,cpu,12704.9,12705.2
29,538,g_a,dpu,12705.2,13063.3
29,538,g_a,dpu,13063.3,13427.8
29,538,g_a_cpu,cpu,13427.9,13428.2
29,538,eb_enc,cpu,13428.2,13433
29,564,normalize,cpu,13433.7,13437.3
29,564,g_a_cpu,cpu,13437.3,13437.6
29,564,g_a,dpu,13437.6,13796.1
29,564,g_a,dpu,13796.1,14161.1
29,564,g_a_cpu,cpu,14161.1,14161.4
29,564,eb_enc,cpu,14161.4,14166.3
29,595,normalize,cpu,14167,14170.6
29,595,g_a_cpu,cpu,14170.6,14170.9
29,595,g_a,dpu,14170.9,14534.9
29,595,g_a,dpu,14534.9,14902.1
29,595,g_a_cpu,cpu,14902.1,14902.6
29,595,eb_enc,cpu,14902.6,14907.5
29,625,normalize,cpu,14908.2,14911.9
29,625,g_a_cpu,cpu,14911.9,14912.2
29,625,g_a,dpu,14912.3,15291.2
29,625,g_a,dpu,15291.2,15655.9
29,625,g_a_cpu,cpu,15655.9,15656.3
29,625,eb_enc,cpu,15656.3,15661.1
29,655,normalize,cpu,15661.6,15665.3
29,655,g_a_cpu,cpu,15665.3,15665.6
29,655,g_a,dpu,15665.6,16034.7
29,655,g_a,dpu,16034.7,16405.3
29,655,g_a_cpu,cpu,16405.3,16405.9
29,655,eb_enc,cpu,16405.9,16410.6
29,686,normalize,cpu,16411.1,16414.8
29,686,g_a_cpu,cpu,16414.8,16415.2
29,686,g_a,dpu,16415.2,17118.9
29,686,g_a,dpu,17118.9,17155.9
29,686,g_a_cpu,cpu,17155.9,17156.2
29,686,eb_enc,cpu,17156.2,17161
29,717,normalize,cpu,17161.5,17165.1
29,717,g_a_cpu,cpu,17165.1,17165.4
29,717,g_a,dpu,17165.4,17870.7
29,717,g_a,dpu,17870.7,17907.5
29,717,g_a_cpu,cpu,17907.5,17907.8
29,717,eb_enc,cpu,17907.8,17912.6
29,747,normalize,cpu,17913.1,17916.7
29,747,g_a_cpu,cpu,17916.7,17917
29,747,g_a,dpu,17917,18609.3
29,747,g_a,dpu,18609.3,18986.9
29,747,g_a_cpu,cpu,18986.9,18987.2
29,747,eb_enc,cpu,18987.2,18992.1
29,794,normalize,cpu,19001.6,19005.2
29,794,g_a_cpu,cpu,19005.2,19005.6
29,794,g_a,dpu,19005.6,19359.2
29,794,g_a,dpu,19359.2,19734.6
29,794,g_a_cpu,cpu,19734.6,19735
29,794,eb_enc,cpu,19735,19739.8
29,825,normalize,cpu,19740.3,19744
29,825,g_a_cpu,cpu,19744,19744.3
29,825,g_a,dpu,19744.3,20106.9
29,825,g_a,dpu,20106.9,20490
29,825,g_a_cpu,cpu,20490,20490.5
29,825,eb_enc,cpu,20490.5,20495.3
29,854,normalize,cpu,20495.8,20499.4
29,854,g_a_cpu,cpu,20499.4,20499.8
29,854,g_a,dpu,20499.8,20859.3
29,854,g_a,dpu,20859.3,21226.8
29,854,g_a_cpu,cpu,21226.8,21227.2
29,854,eb_enc,cpu,21227.2,21232
29,885,normalize,cpu,21232.5,21236.1
29,885,g_a_cpu,cpu,21236.1,21236.4
29,885,g_a,dpu,21236.5,21591.8
29,885,g_a,dpu,21591.8,21961.9
29,885,g_a_cpu,cpu,21961.9,21962.3
29,885,eb_enc,cpu,21962.3,21967.2
29,915,normalize,cpu,21967.6,21971.3
29,915,g_a_cpu,cpu,21971.3,21971.6
29,915,g_a,dpu,21971.6,22334.7
29,915,g_a,dpu,22334.7,22703.3
29,915,g_a_cpu,cpu,22703.3,22703.7
29,915,eb_enc,cpu,22703.7,22708.4
