lane,patch,stage,kind,t0_ms,t1_ms
-1,0,read,read,0.26344,66.5233
-1,1,read,read,66.8899,189.552
-1,2,read,read,189.619,256.474
-1,3,read,read,256.499,313.76
-1,4,read,read,1637.54,1701.84
-1,5,read,read,3105.19,3161.93
-1,6,read,read,4602.72,4668.67
-1,7,read,read,6010.99,6084.91
-1,8,read,read,7458.55,7521.38
-1,9,read,read,8851.86,8918.69
-1,10,read,read,10321.9,10381.8
-1,11,read,read,11741.6,11813.1
-1,12,read,read,13177,13241.7
-1,13,read,read,14562.7,14597.2
-1,14,read,read,16024.4,16056.2
-1,15,read,read,17492.5,17560.1
0,30,normalize,cpu,107.374,132.245
0,30,g_a_cpu,cpu,132.262,132.659
0,30,g_a,dpu,132.665,1060.34
0,30,g_a,dpu,1060.34,1096.71
0,30,g_a_cpu,cpu,1096.71,1097.03
0,30,eb_enc,cpu,1097.03,1102.05
0,83,normalize,cpu,1102.87,1106.59
0,83,g_a_cpu,cpu,1106.59,1107.05
0,83,g_a,dpu,1107.05,2658.47
0,83,g_a,dpu,2658.48,3467.31
0,83,g_a_cpu,cpu,3467.32,3467.72
0,83,eb_enc,cpu,3467.72,3472.54
0,190,normalize,cpu,3473.04,3476.68
0,190,g_a_cpu,cpu,3476.68,3476.93
0,190,g_a,dpu,3476.93,4270.48
0,190,g_a,dpu,4270.48,5082.67
0,190,g_a_cpu,cpu,5082.67,5083.09
0,190,eb_enc,cpu,5083.1,5087.97
0,253,normalize,cpu,5088.51,5092.17
0,253,g_a_cpu,cpu,5092.18,5092.42
0,253,g_a,dpu,5092.42,5886.59
0,253,g_a,dpu,5886.59,5923.14
0,253,g_a_cpu,cpu,5923.14,5923.65
0,253,eb_enc,cpu,5923.66,5928.58
0,284,normalize,cpu,5929.08,5932.91
0,284,g_a_cpu,cpu,5932.91,5933.48
0,284,g_a,dpu,5933.49,7499.07
0,284,g_a,dpu,7499.08,8303.77
0,284,g_a_cpu,cpu,8303.77,8304.19
0,284,eb_enc,cpu,8304.19,8309.04
0,383,normalize,cpu,8319.21,8322.86
0,383,g_a_cpu,cpu,8322.86,8323.13
0,383,g_a,dpu,8323.13,9101.92
0,383,g_a,dpu,9101.93,9914.74
0,383,g_a_cpu,cpu,9914.75,9915.2
0,383,eb_enc,cpu,9915.2,9920.27
0,447,normalize,cpu,9920.72,9924.35
0,447,g_a_cpu,cpu,9924.36,9924.64
0,447,g_a,dpu,9924.64,10715.5
0,447,g_a,dpu,10715.5,11519.2
0,447,g_a_cpu,cpu,11519.2,11519.6
0,447,eb_enc,cpu,11519.6,11524.4
0,513,normalize,cpu,11525,11528.6
0,513,g_a_cpu,cpu,11528.6,11528.9
0,513,g_a,dpu,11528.9,12326.7
0,513,g_a,dpu,12326.7,13130.6
0,513,g_a_cpu,cpu,13130.6,13130.9
0,513,eb_enc,cpu,13130.9,13135.8
0,577,normalize,cpu,13136.3,13140
0,577,g_a_cpu,cpu,13140,13140.3
0,577,g_a,dpu,13140.3,13939
0,577,g_a,dpu,13939,14738.6
0,577,g_a_cpu,cpu,14738.6,14738.9
0,577,eb_enc,cpu,14738.9,14743.8
0,644,normalize,cpu,14744.3,14748
0,644,g_a_cpu,cpu,14748,14748.3
0,644,g_a,dpu,14748.3,15550.7
0,644,g_a,dpu,15550.7,16347.3
0,644,g_a_cpu,cpu,16347.3,16347.7
0,644,eb_enc,cpu,16347.7,16352.6
0,709,normalize,cpu,16353.1,16356.8
0,709,g_a_cpu,cpu,16356.8,16357
0,709,g_a,dpu,16357,17140.5
0,709,g_a,dpu,17140.5,17962.7
0,709,g_a_cpu,cpu,17962.7,17963.2
0,709,eb_enc,cpu,17963.2,17968.2
0,775,normalize,cpu,17968.7,17972.3
0,775,g_a_cpu,cpu,17972.3,17972.6
0,775,g_a,dpu,17972.6,18762.8
0,775,g_a,dpu,18762.8,19579.1
0,775,g_a_cpu,cpu,19579.1,19579.4
0,775,eb_enc,cpu,19579.4,19584.3
0,842,normalize,cpu,19584.8,19588.5
0,842,g_a_cpu,cpu,19588.5,19588.8
0,842,g_a,dpu,19588.8,20390.7
0,842,g_a,dpu,20390.7,21199.4
0,842,g_a_cpu,cpu,21199.4,21199.9
0,842,eb_enc,cpu,21199.9,21204.7
0,908,normalize,cpu,21205.2,21208.9
0,908,g_a_cpu,cpu,21208.9,21209.1
0,908,g_a,dpu,21209.2,22006.2
0,908,g_a,dpu,22006.2,22710.6
0,908,g_a_cpu,cpu,22710.6,22711
0,908,eb_enc,cpu,22711,22715.8
1,26,normalize,cpu,103.404,108.982
1,26,g_a_cpu,cpu,156.482,156.799
1,26,g_a,dpu,156.802,547.421
1,26,g_a,dpu,547.425,1323.31
1,26,g_a_cpu,cpu,1323.31,1323.86
1,26,eb_enc,cpu,1323.87,1330.16
1,98,normalize,cpu,1331.01,1334.69
1,98,g_a_cpu,cpu,1334.69,1335.01
1,98,g_a,dpu,1335.01,2102.75
1,98,g_a,dpu,2102.76,2871.14
1,98,g_a_cpu,cpu,2871.14,2871.61
1,98,eb_enc,cpu,2871.61,2876.3
1,161,normalize,cpu,2876.79,2880.45
1,161,g_a_cpu,cpu,2880.46,2880.73
1,161,g_a,dpu,2880.73,3643.4
1,161,g_a,dpu,3643.4,4414.83
1,161,g_a_cpu,cpu,4414.83,4415.26
1,161,eb_enc,cpu,4415.27,4420.17
1,222,normalize,cpu,4420.67,4424.32
1,222,g_a_cpu,cpu,4424.32,4424.7
1,222,g_a,dpu,4424.7,5203.84
1,222,g_a,dpu,5203.84,5968.86
1,222,g_a_cpu,cpu,5968.86,5969.28
1,222,eb_enc,cpu,5969.28,5974
1,287,normalize,cpu,5974.51,5978.15
1,287,g_a_cpu,cpu,5978.16,5978.46
1,287,g_a,dpu,5978.47,6746.78
1,287,g_a,dpu,6746.78,7507.45
1,287,g_a_cpu,cpu,7507.45,7507.8
1,287,eb_enc,cpu,7507.8,7512.8
1,350,normalize,cpu,7513.4,7517.06
1,350,g_a_cpu,cpu,7517.07,7517.45
1,350,g_a,dpu,7517.46,8294.7
1,350,g_a,dpu,8294.71,9063.27
1,350,g_a_cpu,cpu,9063.28,9063.81
1,350,eb_enc,cpu,9063.82,9068.8
1,412,normalize,cpu,9069.34,9073.01
1,412,g_a_cpu,cpu,9073.02,9073.36
1,412,g_a,dpu,9073.36,9834.59
1,412,g_a,dpu,9834.59,10615.6
1,412,g_a_cpu,cpu,10615.6,10616
1,412,eb_enc,cpu,10616,10620.8
1,477,normalize,cpu,10621.4,10625
1,477,g_a_cpu,cpu,10625,10625.3
1,477,g_a,dpu,10625.3,11391.3
1,477,g_a,dpu,11391.3,12159.8
1,477,g_a_cpu,cpu,12159.8,12160.3
1,477,eb_enc,cpu,12160.3,12165.1
1,539,normalize,cpu,12165.6,12169.3
1,539,g_a_cpu,cpu,12169.3,12169.6
1,539,g_a,dpu,12169.6,12919.5
1,539,g_a,dpu,12919.5,13687
1,539,g_a_cpu,cpu,13687,13687.6
1,539,eb_enc,cpu,13687.6,13692.5
1,602,normalize,cpu,13693,13696.7
1,602,g_a_cpu,cpu,13696.7,13697.2
1,602,g_a,dpu,13697.2,14457.1
1,602,g_a,dpu,14457.1,15966.1
1,602,g_a_cpu,cpu,15966.1,15966.4
1,602,eb_enc,cpu,15966.4,15971.2
1,693,normalize,cpu,15971.7,15975.4
1,693,g_a_cpu,cpu,15975.4,15975.7
1,693,g_a,dpu,15975.7,16749.3
1,693,g_a,dpu,16749.3,17521.2
1,693,g_a_cpu,cpu,17521.2,17521.5
1,693,eb_enc,cpu,17521.5,17526.4
1,755,normalize,cpu,17527.7,17531.4
1,755,g_a_cpu,cpu,17531.4,17531.7
1,755,g_a,dpu,17531.7,18299.1
1,755,g_a,dpu,18299.1,19071.2
1,755,g_a_cpu,cpu,19071.2,19071.6
1,755,eb_enc,cpu,19071.6,19076.4
1,818,normalize,cpu,19076.9,19080.6
1,818,g_a_cpu,cpu,19080.6,19080.9
1,818,g_a,dpu,19080.9,19849.1
1,818,g_a,dpu,19849.1,20617.7
1,818,g_a_cpu,cpu,20617.7,20618.1
1,818,eb_enc,cpu,20618.1,20622.8
1,882,normalize,cpu,20623.3,20627
1,882,g_a_cpu,cpu,20627,20627.3
1,882,g_a,dpu,20627.3,21395.1
1,882,g_a,dpu,21395.1,22166.8
1,882,g_a_cpu,cpu,22166.8,22167.2
1,882,eb_enc,cpu,22167.2,22172
2,34,normalize,cpu,111.246,133.503
2,34,g_a_cpu,cpu,133.508,133.904
2,34,g_a,dpu,133.908,446.333
2,34,g_a,dpu,446.337,1219.3
2,34,g_a_cpu,cpu,1219.3,1219.75
2,34,eb_enc,cpu,1219.76,1225.9
2,94,normalize,cpu,1226.39,1230.04
2,94,g_a_cpu,cpu,1230.05,1230.35
2,94,g_a,dpu,1230.36,2003.5
2,94,g_a,dpu,2003.51,2783.3
2,94,g_a_cpu,cpu,2783.3,2783.63
2,94,eb_enc,cpu,2783.64,2788.36
2,158,normalize,cpu,2788.85,2792.48
2,158,g_a_cpu,cpu,2792.48,2792.75
2,158,g_a,dpu,2792.75,3570.98
2,158,g_a,dpu,3570.99,4349.69
2,158,g_a_cpu,cpu,4349.69,4350.16
2,158,eb_enc,cpu,4350.17,4354.91
2,220,normalize,cpu,4355.37,4359.02
2,220,g_a_cpu,cpu,4359.03,4359.31
2,220,g_a,dpu,4359.31,5135.41
2,220,g_a,dpu,5135.42,5172.36
2,220,g_a_cpu,cpu,5172.36,5172.83
2,220,eb_enc,cpu,5172.83,5177.62
2,258,normalize,cpu,5178.22,5181.88
2,258,g_a_cpu,cpu,5181.89,5182.14
2,258,g_a,dpu,5182.14,5962.88
2,258,g_a,dpu,5962.88,7489.98
2,258,g_a_cpu,cpu,7489.98,7490.47
2,258,eb_enc,cpu,7490.47,7495.59
2,349,normalize,cpu,7496.53,7500.34
2,349,g_a_cpu,cpu,7500.34,7500.83
2,349,g_a,dpu,7500.83,8278.48
2,349,g_a,dpu,8278.48,9806.76
2,349,g_a_cpu,cpu,9806.76,9807.22
2,349,eb_enc,cpu,9807.22,9812.03
2,443,normalize,cpu,9812.47,9816.14
2,443,g_a_cpu,cpu,9816.14,9816.41
2,443,g_a,dpu,9816.41,10584.5
2,443,g_a,dpu,10584.5,11363.2
2,443,g_a_cpu,cpu,11363.2,11363.6
2,443,eb_enc,cpu,11363.6,11368.4
2,507,normalize,cpu,11368.8,11372.4
2,507,g_a_cpu,cpu,11372.4,11372.7
2,507,g_a,dpu,11372.7,12135.6
2,507,g_a,dpu,12135.6,12911.1
2,507,g_a_cpu,cpu,12911.1,12911.4
2,507,eb_enc,cpu,12911.4,12916.4
2,569,normalize,cpu,12917,12920.8
2,569,g_a_cpu,cpu,12920.8,12921.2
2,569,g_a,dpu,12921.2,13698.2
2,569,g_a,dpu,13698.2,14476.3
2,569,g_a_cpu,cpu,14476.3,14476.8
2,569,eb_enc,cpu,14476.8,14481.6
2,632,normalize,cpu,14482.1,14486.5
2,632,g_a_cpu,cpu,14486.5,14486.8
2,632,g_a,dpu,14486.8,15258.2
2,632,g_a,dpu,15258.2,16037
2,632,g_a_cpu,cpu,16037,16037.4
2,632,eb_enc,cpu,16037.4,16042.5
2,696,normalize,cpu,16043.1,16046.9
2,696,g_a_cpu,cpu,16047,16047.3
2,696,g_a,dpu,16047.3,16827.9
2,696,g_a,dpu,16827.9,17600.4
2,696,g_a_cpu,cpu,17600.4,17600.8
2,696,eb_enc,cpu,17600.8,17605.6
2,757,normalize,cpu,17606.1,17609.7
2,757,g_a_cpu,cpu,17609.7,17610
2,757,g_a,dpu,17610,18390.9
2,757,g_a,dpu,18390.9,19162.5
2,757,g_a_cpu,cpu,19162.5,19163
2,757,eb_enc,cpu,19163,19167.8
2,821,normalize,cpu,19168.3,19172.1
2,821,g_a_cpu,cpu,19172.1,19172.3
2,821,g_a,dpu,19172.3,19940.3
2,821,g_a,dpu,19940.3,20712.7
2,821,g_a_cpu,cpu,20712.7,20713.2
2,821,eb_enc,cpu,20713.2,20718
2,884,normalize,cpu,20718.4,20722.1
2,884,g_a_cpu,cpu,20722.1,20722.4
2,884,g_a,dpu,20722.4,21488.2
2,884,g_a,dpu,21488.2,22256.3
2,884,g_a_cpu,cpu,22256.3,22256.7
2,884,eb_enc,cpu,22256.7,22261.5
3,0,normalize,cpu,67.3226,100.165
3,0,g_a_cpu,cpu,153.9,154.294
3,0,g_a,dpu,154.3,732.843
3,0,g_a,dpu,732.846,1534.68
3,0,g_a_cpu,cpu,1534.69,1535.03
3,0,eb_enc,cpu,1535.04,1541.06
3,110,normalize,cpu,1541.56,1545.26
3,110,g_a_cpu,cpu,1545.27,1545.67
3,110,g_a,dpu,1545.67,2331.98
3,110,g_a,dpu,2331.98,3135.8
3,110,g_a_cpu,cpu,3135.81,3136.33
3,110,eb_enc,cpu,3136.34,3141.52
3,174,normalize,cpu,3142.23,3145.93
3,174,g_a_cpu,cpu,3145.94,3146.43
3,174,g_a,dpu,3146.43,3946.73
3,174,g_a,dpu,3946.74,4747.31
3,174,g_a_cpu,cpu,4747.31,4747.81
3,174,eb_enc,cpu,4747.82,4752.78
3,235,normalize,cpu,4753.29,4756.98
3,235,g_a_cpu,cpu,4756.98,4757.3
3,235,g_a,dpu,4757.3,5558.82
3,235,g_a,dpu,5558.82,6362.52
3,235,g_a_cpu,cpu,6362.53,6362.95
3,235,eb_enc,cpu,6362.95,6367.77
3,304,normalize,cpu,6368.28,6375.78
3,304,g_a_cpu,cpu,6375.79,6376.18
3,304,g_a,dpu,6376.18,7170.8
3,304,g_a,dpu,7170.8,7978.73
3,304,g_a_cpu,cpu,7978.73,7979.18
3,304,eb_enc,cpu,7979.18,7984.01
3,370,normalize,cpu,7984.51,7988.15
3,370,g_a_cpu,cpu,7988.15,7988.48
3,370,g_a,dpu,7988.48,8774.75
3,370,g_a,dpu,8774.75,10354.8
3,370,g_a_cpu,cpu,10354.8,10355.4
3,370,eb_enc,cpu,10355.4,10360.8
3,465,normalize,cpu,10361.8,10365.5
3,465,g_a_cpu,cpu,10365.5,10366
3,465,g_a,dpu,10366,11154.8
3,465,g_a,dpu,11154.8,11957.2
3,465,g_a_cpu,cpu,11957.2,11957.5
3,465,eb_enc,cpu,11957.5,11962.3
3,531,normalize,cpu,11962.8,11966.4
3,531,g_a_cpu,cpu,11966.4,11966.8
3,531,g_a,dpu,11966.8,12770.6
3,531,g_a,dpu,12770.6,13570.6
3,531,g_a_cpu,cpu,13570.6,13571
3,531,eb_enc,cpu,13571,13575.8
3,597,normalize,cpu,13576.3,13580.1
3,597,g_a_cpu,cpu,13580.1,13580.5
3,597,g_a,dpu,13580.5,14375.5
3,597,g_a,dpu,14375.5,15182.9
3,597,g_a_cpu,cpu,15182.9,15183.4
3,597,eb_enc,cpu,15183.4,15188.4
3,663,normalize,cpu,15189,15192.7
3,663,g_a_cpu,cpu,15192.7,15193
3,663,g_a,dpu,15193,15983.2
3,663,g_a,dpu,15983.2,16780.7
3,663,g_a_cpu,cpu,16780.7,16781.2
3,663,eb_enc,cpu,16781.2,16786.1
3,729,normalize,cpu,16786.8,16790.4
3,729,g_a_cpu,cpu,16790.4,16790.7
3,729,g_a,dpu,16790.7,17582.9
3,729,g_a,dpu,17582.9,18398.9
3,729,g_a_cpu,cpu,18398.9,18399.4
3,729,eb_enc,cpu,18399.4,18404.2
3,795,normalize,cpu,18404.7,18408.4
3,795,g_a_cpu,cpu,18408.4,18408.6
3,795,g_a,dpu,18408.6,19206.9
3,795,g_a,dpu,19206.9,20026.7
3,795,g_a_cpu,cpu,20026.7,20027.2
3,795,eb_enc,cpu,20027.2,20032.2
3,861,normalize,cpu,20032.7,20036.4
3,861,g_a_cpu,cpu,20036.4,20036.7
3,861,g_a,dpu,20036.7,20827.2
3,861,g_a,dpu,20827.2,21642.9
3,861,g_a_cpu,cpu,21642.9,21643.2
3,861,eb_enc,cpu,21643.2,21648.1
4,29,normalize,cpu,103.405,123.826
4,29,g_a_cpu,cpu,123.904,124.314
4,29,g_a,dpu,124.318,1730.95
4,29,g_a,dpu,1730.96,1767.41
4,29,g_a_cpu,cpu,1767.41,1767.88
4,29,eb_enc,cpu,1767.89,1772.74
4,124,normalize,cpu,1773.25,1776.93
4,124,g_a_cpu,cpu,1776.93,1777.24
4,124,g_a,dpu,1777.25,3278.86
4,124,g_a,dpu,3278.86,3315.39
4,124,g_a_cpu,cpu,3315.39,3315.85
4,124,eb_enc,cpu,3315.85,3320.63
4,183,normalize,cpu,3321.11,3324.99
4,183,g_a_cpu,cpu,3324.99,3325.26
4,183,g_a,dpu,3325.26,4082.71
4,183,g_a,dpu,4082.71,4866.91
4,183,g_a_cpu,cpu,4866.91,4867.32
4,183,eb_enc,cpu,4867.33,4872.09
4,243,normalize,cpu,4872.66,4876.4
4,243,g_a_cpu,cpu,4876.4,4876.78
4,243,g_a,dpu,4876.78,5643.68
4,243,g_a,dpu,5643.69,6410.74
4,243,g_a_cpu,cpu,6410.74,6411.3
4,243,eb_enc,cpu,6411.3,6416.19
4,306,normalize,cpu,6416.61,6420.27
4,306,g_a_cpu,cpu,6420.27,6420.54
4,306,g_a,dpu,6420.55,7179.4
4,306,g_a,dpu,7179.4,7215.82
4,306,g_a_cpu,cpu,7215.82,7216.18
4,306,eb_enc,cpu,7216.18,7220.96
4,339,normalize,cpu,7221.43,7225.13
4,339,g_a_cpu,cpu,7225.13,7225.37
4,339,g_a,dpu,7225.37,7998.74
4,339,g_a,dpu,7998.74,8764.12
4,339,g_a_cpu,cpu,8764.12,8764.54
4,339,eb_enc,cpu,8764.55,8769.29
4,401,normalize,cpu,8769.76,8773.42
4,401,g_a_cpu,cpu,8773.42,8773.72
4,401,g_a,dpu,8773.72,9543.13
4,401,g_a,dpu,9543.13,9579.45
4,401,g_a_cpu,cpu,9579.45,9579.88
4,401,eb_enc,cpu,9579.88,9588.4
4,432,normalize,cpu,9588.91,9592.57
4,432,g_a_cpu,cpu,9592.58,9592.94
4,432,g_a,dpu,9592.95,10358.4
4,432,g_a,dpu,10358.4,11135.1
4,432,g_a_cpu,cpu,11135.1,11135.4
4,432,eb_enc,cpu,11135.4,11140.4
4,497,normalize,cpu,11141,11144.6
4,497,g_a_cpu,cpu,11144.6,11145
4,497,g_a,dpu,11145,11906.7
4,497,g_a,dpu,11906.7,12664.2
4,497,g_a_cpu,cpu,12664.2,12664.6
4,497,eb_enc,cpu,12664.6,12669.3
4,560,normalize,cpu,12669.8,12673.4
4,560,g_a_cpu,cpu,12673.5,12673.8
4,560,g_a,dpu,12673.8,13430.2
4,560,g_a,dpu,13430.2,14934.8
4,560,g_a_cpu,cpu,14934.8,14935.3
4,560,eb_enc,cpu,14935.4,14940.1
4,654,normalize,cpu,14940.6,14944.3
4,654,g_a_cpu,cpu,14944.3,14944.6
4,654,g_a,dpu,14944.6,16451
4,654,g_a,dpu,16451,16487.5
4,654,g_a_cpu,cpu,16487.5,16487.9
4,654,eb_enc,cpu,16487.9,16493.1
4,715,normalize,cpu,16493.6,16497.3
4,715,g_a_cpu,cpu,16497.3,16497.7
4,715,g_a,dpu,16497.7,17999.1
4,715,g_a,dpu,17999.1,18035.8
4,715,g_a_cpu,cpu,18035.8,18036.1
4,715,eb_enc,cpu,18036.1,18041
4,779,normalize,cpu,18041.4,18045.1
4,779,g_a_cpu,cpu,18045.1,18045.4
4,779,g_a,dpu,18045.4,18814.8
4,779,g_a,dpu,18814.8,19583.3
4,779,g_a_cpu,cpu,19583.3,19583.7
4,779,eb_enc,cpu,19583.7,19588.6
4,843,normalize,cpu,19589.1,19592.8
4,843,g_a_cpu,cpu,19592.8,19593.1
4,843,g_a,dpu,19593.1,20358.8
4,843,g_a,dpu,20358.8,21139
4,843,g_a_cpu,cpu,21139,21139.6
4,843,eb_enc,cpu,21139.6,21144.4
4,906,normalize,cpu,21144.9,21148.5
4,906,g_a_cpu,cpu,21148.5,21148.8
4,906,g_a,dpu,21148.8,21907.2
4,906,g_a,dpu,21907.2,22570.9
4,906,g_a_cpu,cpu,22570.9,22571.4
4,906,eb_enc,cpu,22571.4,22576.1
5,15,normalize,cpu,87.3924,97.9983
5,15,g_a_cpu,cpu,98.0931,98.4558
5,15,g_a,dpu,98.4597,887.117
5,15,g_a,dpu,887.12,1668.93
5,15,g_a_cpu,cpu,1668.94,1669.6
5,15,eb_enc,cpu,1669.62,1675.25
5,118,normalize,cpu,1675.96,1679.64
5,118,g_a_cpu,cpu,1679.65,1680.2
5,118,g_a,dpu,1680.21,3199.26
5,118,g_a,dpu,3199.27,3236.12
5,118,g_a_cpu,cpu,3236.12,3236.45
5,118,eb_enc,cpu,3236.45,3241.3
5,178,normalize,cpu,3241.79,3245.53
5,178,g_a_cpu,cpu,3245.54,3245.87
5,178,g_a,dpu,3245.88,4758.37
5,178,g_a,dpu,4758.37,5544.39
5,178,g_a_cpu,cpu,5544.4,5544.74
5,178,eb_enc,cpu,5544.75,5549.6
5,273,normalize,cpu,5550.11,5553.81
5,273,g_a_cpu,cpu,5553.81,5554.09
5,273,g_a,dpu,5554.09,6339.37
5,273,g_a,dpu,6339.37,7115.28
5,273,g_a_cpu,cpu,7115.29,7115.64
5,273,eb_enc,cpu,7115.64,7120.51
5,335,normalize,cpu,7121.03,7124.71
5,335,g_a_cpu,cpu,7124.72,7124.96
5,335,g_a,dpu,7124.96,7903.95
5,335,g_a,dpu,7903.95,8683.96
5,335,g_a_cpu,cpu,8683.96,8684.31
5,335,eb_enc,cpu,8684.31,8689.19
5,396,normalize,cpu,8689.73,8693.5
5,396,g_a_cpu,cpu,8693.51,8693.78
5,396,g_a,dpu,8693.78,9476.43
5,396,g_a,dpu,9476.44,10248.8
5,396,g_a_cpu,cpu,10248.8,10249.2
5,396,eb_enc,cpu,10249.2,10254.1
5,460,normalize,cpu,10254.6,10258.2
5,460,g_a_cpu,cpu,10258.2,10258.5
5,460,g_a,dpu,10258.5,11028
5,460,g_a,dpu,11028,11805.6
5,460,g_a_cpu,cpu,11805.6,11806
5,460,eb_enc,cpu,11806,11811.2
5,523,normalize,cpu,11811.9,11815.5
5,523,g_a_cpu,cpu,11815.5,11815.8
5,523,g_a,dpu,11815.8,12575
5,523,g_a,dpu,12575,13363.9
5,523,g_a_cpu,cpu,13363.9,13364.2
5,523,eb_enc,cpu,13364.2,13369.2
5,589,normalize,cpu,13369.6,13373.3
5,589,g_a_cpu,cpu,13373.3,13373.6
5,589,g_a,dpu,13373.6,14142.9
5,589,g_a,dpu,14142.9,14920.6
5,589,g_a_cpu,cpu,14920.6,14921
5,589,eb_enc,cpu,14921,14925.8
5,652,normalize,cpu,14926.3,14930
5,652,g_a_cpu,cpu,14930,14930.4
5,652,g_a,dpu,14930.4,15700.8
5,652,g_a,dpu,15700.8,16487
5,652,g_a_cpu,cpu,16487,16487.4
5,652,eb_enc,cpu,16487.4,16493.2
5,716,normalize,cpu,16493.6,16497.3
5,716,g_a_cpu,cpu,16497.3,16497.7
5,716,g_a,dpu,16497.7,17266.9
5,716,g_a,dpu,17266.9,18055.1
5,716,g_a_cpu,cpu,18055.1,18055.5
5,716,eb_enc,cpu,18055.5,18060.4
5,780,normalize,cpu,18061,18064.6
5,780,g_a_cpu,cpu,18064.6,18064.9
5,780,g_a,dpu,18064.9,18830.8
5,780,g_a,dpu,18830.8,19607.2
5,780,g_a_cpu,cpu,19607.2,19607.7
5,780,eb_enc,cpu,19607.7,19612.6
5,844,normalize,cpu,19613.1,19616.8
5,844,g_a_cpu,cpu,19616.8,19617
5,844,g_a,dpu,19617,20383.1
5,844,g_a,dpu,20383.1,21155.6
5,844,g_a_cpu,cpu,21155.6,21156.1
5,844,eb_enc,cpu,21156.1,21160.9
5,907,normalize,cpu,21161.4,21165.8
5,907,g_a_cpu,cpu,21165.8,21166.1
5,907,g_a,dpu,21166.1,21927.2
5,907,g_a,dpu,21927.2,22622.1
5,907,g_a_cpu,cpu,22622.1,22622.5
5,907,eb_enc,cpu,22622.6,22627.4
6,1,normalize,cpu,67.3034,144.047
6,1,g_a_cpu,cpu,144.067,144.483
6,1,g_a,dpu,144.488,409.033
6,1,g_a,dpu,409.038,1206.56
6,1,g_a_cpu,cpu,1206.56,1207.02
6,1,eb_enc,cpu,1207.03,1212.02
6,92,normalize,cpu,1212.56,1216.25
6,92,g_a_cpu,cpu,1216.25,1216.59
6,92,g_a,dpu,1216.6,2007.24
6,92,g_a,dpu,2007.25,2806.61
6,92,g_a_cpu,cpu,2806.61,2806.97
6,92,eb_enc,cpu,2806.97,2811.73
6,159,normalize,cpu,2812.19,2815.85
6,159,g_a_cpu,cpu,2815.85,2816.26
6,159,g_a,dpu,2816.26,3610.95
6,159,g_a,dpu,3610.95,4418.75
6,159,g_a_cpu,cpu,4418.75,4419.26
6,159,eb_enc,cpu,4419.27,4424.09
6,223,normalize,cpu,4424.65,4428.29
6,223,g_a_cpu,cpu,4428.3,4428.57
6,223,g_a,dpu,4428.57,5226.78
6,223,g_a,dpu,5226.78,6034.73
6,223,g_a_cpu,cpu,6034.74,6035.37
6,223,eb_enc,cpu,6035.38,6040.35
6,290,normalize,cpu,6040.85,6044.55
6,290,g_a_cpu,cpu,6044.56,6044.98
6,290,g_a,dpu,6044.99,6839.23
6,290,g_a,dpu,6839.23,7650.61
6,290,g_a_cpu,cpu,7650.62,7651.17
6,290,eb_enc,cpu,7651.18,7656
6,357,normalize,cpu,7656.47,7660.18
6,357,g_a_cpu,cpu,7660.18,7660.49
6,357,g_a,dpu,7660.5,8447.45
6,357,g_a,dpu,8447.45,9250.82
6,357,g_a_cpu,cpu,9250.83,9251.22
6,357,eb_enc,cpu,9251.22,9258.73
6,422,normalize,cpu,9259.24,9262.89
6,422,g_a_cpu,cpu,9262.89,9263.16
6,422,g_a,dpu,9263.17,10059.3
6,422,g_a,dpu,10059.3,10862.6
6,422,g_a_cpu,cpu,10862.6,10863.1
6,422,eb_enc,cpu,10863.1,10867.9
6,489,normalize,cpu,10868.4,10872
6,489,g_a_cpu,cpu,10872,10872.3
6,489,g_a,dpu,10872.3,11663.5
6,489,g_a,dpu,11663.5,12474.6
6,489,g_a_cpu,cpu,12474.6,12475
6,489,eb_enc,cpu,12475,12479.8
6,553,normalize,cpu,12480.5,12484.2
6,553,g_a_cpu,cpu,12484.2,12484.7
6,553,g_a,dpu,12484.7,13278.5
6,553,g_a,dpu,13278.5,14086.7
6,553,g_a_cpu,cpu,14086.7,14087.1
6,553,eb_enc,cpu,14087.1,14092
6,617,normalize,cpu,14092.4,14096.1
6,617,g_a_cpu,cpu,14096.1,14096.5
6,617,g_a,dpu,14096.5,14890.6
6,617,g_a,dpu,14890.6,15694.7
6,617,g_a_cpu,cpu,15694.7,15695.2
6,617,eb_enc,cpu,15695.2,15700
6,682,normalize,cpu,15700.4,15704.8
6,682,g_a_cpu,cpu,15704.8,15705.1
6,682,g_a,dpu,15705.1,16491.6
6,682,g_a,dpu,16491.6,17286.7
6,682,g_a_cpu,cpu,17286.7,17287.1
6,682,eb_enc,cpu,17287.1,17291.9
6,746,normalize,cpu,17292.4,17296.1
6,746,g_a_cpu,cpu,17296.1,17296.4
6,746,g_a,dpu,17296.4,18108
6,746,g_a,dpu,18108,18910.8
6,746,g_a_cpu,cpu,18910.8,18911.4
6,746,eb_enc,cpu,18911.4,18916.2
6,811,normalize,cpu,18916.6,18920.3
6,811,g_a_cpu,cpu,18920.3,18920.6
6,811,g_a,dpu,18920.6,19731.1
6,811,g_a,dpu,19731.1,20534.4
6,811,g_a_cpu,cpu,20534.4,20535
6,811,eb_enc,cpu,20535,20539.8
6,879,normalize,cpu,20540.3,20544
6,879,g_a_cpu,cpu,20544,20544.2
6,879,g_a,dpu,20544.2,21347.1
6,879,g_a,dpu,21347.1,22150.6
6,879,g_a_cpu,cpu,22150.6,22151
6,879,eb_enc,cpu,22151,22155.7
7,3,normalize,cpu,71.3967,93.3214
7,3,g_a_cpu,cpu,93.4268,93.8295
7,3,g_a,dpu,93.8344,148.432
7,3,g_a,dpu,148.436,185.828
7,3,g_a_cpu,cpu,185.834,186.377
7,3,eb_enc,cpu,186.393,209.447
7,64,normalize,cpu,210.02,213.703
7,64,g_a_cpu,cpu,213.707,214.092
7,64,g_a,dpu,214.095,951.45
7,64,g_a,dpu,951.454,987.924
7,64,g_a_cpu,cpu,987.925,988.346
7,64,eb_enc,cpu,988.348,993.131
7,79,normalize,cpu,993.614,997.984
7,79,g_a_cpu,cpu,997.988,998.274
7,79,g_a,dpu,998.276,2506.87
7,79,g_a,dpu,2506.87,2543.23
7,79,g_a_cpu,cpu,2543.23,2543.69
7,79,eb_enc,cpu,2543.7,2548.48
7,146,normalize,cpu,2549.01,2553.39
7,146,g_a_cpu,cpu,2553.39,2553.69
7,146,g_a,dpu,2553.69,4046.75
7,146,g_a,dpu,4046.75,4823.04
7,146,g_a_cpu,cpu,4823.04,4823.5
7,146,eb_enc,cpu,4823.5,4828.42
7,240,normalize,cpu,4828.9,4832.58
7,240,g_a_cpu,cpu,4832.59,4833.17
7,240,g_a,dpu,4833.17,5607.69
7,240,g_a,dpu,5607.69,6371.14
7,240,g_a_cpu,cpu,6371.14,6371.49
7,240,eb_enc,cpu,6371.49,6376.36
7,305,normalize,cpu,6377.01,6380.66
7,305,g_a_cpu,cpu,6380.67,6380.95
7,305,g_a,dpu,6380.95,7143.48
7,305,g_a,dpu,7143.49,7926.7
7,305,g_a_cpu,cpu,7926.7,7927.13
7,305,eb_enc,cpu,7927.13,7931.95
7,369,normalize,cpu,7932.5,7936.15
7,369,g_a_cpu,cpu,7936.15,7936.46
7,369,g_a,dpu,7936.47,8692.12
7,369,g_a,dpu,8692.13,9470.7
7,369,g_a_cpu,cpu,9470.7,9471.18
7,369,eb_enc,cpu,9471.19,9476.12
7,430,normalize,cpu,9476.88,9480.53
7,430,g_a_cpu,cpu,9480.53,9480.84
7,430,g_a,dpu,9480.84,10243
7,430,g_a,dpu,10243,11026.8
7,430,g_a_cpu,cpu,11026.8,11027.2
7,430,eb_enc,cpu,11027.2,11032
7,495,normalize,cpu,11032.5,11036.1
7,495,g_a_cpu,cpu,11036.2,11036.4
7,495,g_a,dpu,11036.4,11795.1
7,495,g_a,dpu,11795.1,12555.9
7,495,g_a_cpu,cpu,12555.9,12556.3
7,495,eb_enc,cpu,12556.3,12561.3
7,557,normalize,cpu,12561.8,12565.4
7,557,g_a_cpu,cpu,12565.4,12565.7
7,557,g_a,dpu,12565.8,13321.9
7,557,g_a,dpu,13321.9,14095.3
7,557,g_a_cpu,cpu,14095.3,14095.8
7,557,eb_enc,cpu,14095.8,14100.6
7,618,normalize,cpu,14101.1,14104.7
7,618,g_a_cpu,cpu,14104.7,14105.1
7,618,g_a,dpu,14105.1,14862.8
7,618,g_a,dpu,14862.8,15630.8
7,618,g_a_cpu,cpu,15630.8,15631.3
7,618,eb_enc,cpu,15631.3,15636.1
7,680,normalize,cpu,15636.6,15640.2
7,680,g_a_cpu,cpu,15640.2,15640.5
7,680,g_a,dpu,15640.5,16414.9
7,680,g_a,dpu,16414.9,17923.3
7,680,g_a_cpu,cpu,17923.3,17923.6
7,680,eb_enc,cpu,17923.6,17928.5
7,773,normalize,cpu,17928.9,17932.6
7,773,g_a_cpu,cpu,17932.6,17932.9
7,773,g_a,dpu,17932.9,18706.9
7,773,g_a,dpu,18706.9,19474.8
7,773,g_a_cpu,cpu,19474.8,19475.3
7,773,eb_enc,cpu,19475.3,19480.1
7,836,normalize,cpu,19480.5,19484.2
7,836,g_a_cpu,cpu,19484.2,19484.5
7,836,g_a,dpu,19484.5,20250.9
7,836,g_a,dpu,20250.9,21030.8
7,836,g_a_cpu,cpu,21030.8,21031.3
7,836,eb_enc,cpu,21031.3,21036.2
7,899,normalize,cpu,21036.7,21040.4
7,899,g_a_cpu,cpu,21040.4,21040.6
7,899,g_a,dpu,21040.6,21794.4
7,899,g_a,dpu,21794.4,22498.7
7,899,g_a_cpu,cpu,22498.7,22499.2
7,899,eb_enc,cpu,22499.2,22504
8,5,normalize,cpu,71.3948,117.527
8,5,g_a_cpu,cpu,117.593,118.049
8,5,g_a,dpu,118.053,1033.28
8,5,g_a,dpu,1033.29,1070.19
8,5,g_a_cpu,cpu,1070.19,1070.63
8,5,eb_enc,cpu,1070.68,1076.82
8,82,normalize,cpu,1077.29,1080.97
8,82,g_a_cpu,cpu,1080.97,1081.28
8,82,g_a,dpu,1081.29,2594.66
8,82,g_a,dpu,2594.66,3388.04
8,82,g_a_cpu,cpu,3388.04,3388.48
8,82,eb_enc,cpu,3388.48,3393.18
8,187,normalize,cpu,3393.71,3397.37
8,187,g_a_cpu,cpu,3397.38,3397.73
8,187,g_a,dpu,3397.73,4911.46
8,187,g_a,dpu,4911.46,4948.26
8,187,g_a_cpu,cpu,4948.26,4948.69
8,187,eb_enc,cpu,4948.69,4953.5
8,247,normalize,cpu,4953.98,4957.66
8,247,g_a_cpu,cpu,4957.66,4957.94
8,247,g_a,dpu,4957.95,6488.25
8,247,g_a,dpu,6488.25,6525.4
8,247,g_a_cpu,cpu,6525.4,6525.84
8,247,eb_enc,cpu,6525.84,6530.74
8,313,normalize,cpu,6531.18,6534.9
8,313,g_a_cpu,cpu,6534.9,6535.28
8,313,g_a,dpu,6535.28,8050.28
8,313,g_a,dpu,8050.28,8836.63
8,313,g_a_cpu,cpu,8836.63,8837.01
8,313,eb_enc,cpu,8837.01,8841.76
8,404,normalize,cpu,8842.2,8845.84
8,404,g_a_cpu,cpu,8845.85,8846.12
8,404,g_a,dpu,8846.12,9623.04
8,404,g_a,dpu,9623.04,10398.9
8,404,g_a_cpu,cpu,10398.9,10399.4
8,404,eb_enc,cpu,10399.4,10404.2
8,468,normalize,cpu,10404.8,10408.5
8,468,g_a_cpu,cpu,10408.5,10408.8
8,468,g_a,dpu,10408.8,11175.4
8,468,g_a,dpu,11175.4,11212.4
8,468,g_a_cpu,cpu,11212.4,11212.7
8,468,eb_enc,cpu,11212.7,11217.6
8,500,normalize,cpu,11218.1,11221.7
8,500,g_a_cpu,cpu,11221.7,11222
8,500,g_a,dpu,11222,12727.1
8,500,g_a,dpu,12727.1,12763.9
8,500,g_a_cpu,cpu,12763.9,12764.3
8,500,eb_enc,cpu,12764.3,12769
8,563,normalize,cpu,12769.5,12773.3
8,563,g_a_cpu,cpu,12773.3,12773.6
8,563,g_a,dpu,12773.6,13552.1
8,563,g_a,dpu,13552.1,14325.9
8,563,g_a_cpu,cpu,14325.9,14326.4
8,563,eb_enc,cpu,14326.4,14331.2
8,626,normalize,cpu,14331.7,14335.3
8,626,g_a_cpu,cpu,14335.4,14335.6
8,626,g_a,dpu,14335.6,15111.7
8,626,g_a,dpu,15111.7,15883
8,626,g_a_cpu,cpu,15883,15883.4
8,626,eb_enc,cpu,15883.4,15888.1
8,689,normalize,cpu,15888.8,15892.5
8,689,g_a_cpu,cpu,15892.5,15892.8
8,689,g_a,dpu,15892.8,16676.8
8,689,g_a,dpu,16676.8,16713.9
8,689,g_a_cpu,cpu,16713.9,16714.3
8,689,eb_enc,cpu,16714.3,16719
8,726,normalize,cpu,16719.5,16723.2
8,726,g_a_cpu,cpu,16723.2,16723.5
8,726,g_a,dpu,16723.5,18245
8,726,g_a,dpu,18245,18281.7
8,726,g_a_cpu,cpu,18281.7,18282.1
8,726,eb_enc,cpu,18282.1,18286.9
8,789,normalize,cpu,18287.5,18291.1
8,789,g_a_cpu,cpu,18291.1,18291.6
8,789,g_a,dpu,18291.6,19789.8
8,789,g_a,dpu,19789.8,19826.7
8,789,g_a_cpu,cpu,19826.7,19827.1
8,789,eb_enc,cpu,19827.1,19831.9
8,853,normalize,cpu,19832.4,19836
8,853,g_a_cpu,cpu,19836,19836.3
8,853,g_a,dpu,19836.3,21338
8,853,g_a,dpu,21338,21374.8
8,853,g_a_cpu,cpu,21374.8,21375.1
8,853,eb_enc,cpu,21375.1,21379.9
8,915,normalize,cpu,21380.5,21388.1
8,915,g_a_cpu,cpu,21388.1,21388.4
8,915,g_a,dpu,21388.5,22146.7
8,915,g_a,dpu,22146.7,22771.2
8,915,g_a_cpu,cpu,22771.2,22771.6
8,915,eb_enc,cpu,22771.6,22776.4
9,2,normalize,cpu,67.3033,91.094
9,2,g_a_cpu,cpu,145.821,146.136
9,2,g_a,dpu,146.141,1242.46
9,2,g_a,dpu,1242.46,1278.79
9,2,g_a_cpu,cpu,1278.79,1279.15
9,2,eb_enc,cpu,1279.15,1285.22
9,95,normalize,cpu,1285.7,1290.1
9,95,g_a_cpu,cpu,1290.1,1290.34
9,95,g_a,dpu,1290.34,2846.6
9,95,g_a,dpu,2846.61,3647.37
9,95,g_a_cpu,cpu,3647.38,3647.86
9,95,eb_enc,cpu,3647.86,3652.72
9,195,normalize,cpu,3653.22,3656.9
9,195,g_a_cpu,cpu,3656.91,3657.17
9,195,g_a,dpu,3657.17,4454.79
9,195,g_a,dpu,4454.79,5262.68
9,195,g_a_cpu,cpu,5262.68,5263.04
9,195,eb_enc,cpu,5263.05,5267.78
9,260,normalize,cpu,5268.3,5271.96
9,260,g_a_cpu,cpu,5271.97,5272.23
9,260,g_a,dpu,5272.23,6070.92
9,260,g_a,dpu,6070.92,6875.55
9,260,g_a_cpu,cpu,6875.55,6876.04
9,260,eb_enc,cpu,6876.05,6880.8
9,326,normalize,cpu,6881.34,6884.99
9,326,g_a_cpu,cpu,6884.99,6885.35
9,326,g_a,dpu,6885.35,7686.59
9,326,g_a,dpu,7686.59,8483.77
9,326,g_a_cpu,cpu,8483.77,8484.25
9,326,eb_enc,cpu,8484.25,8489
9,388,normalize,cpu,8489.53,8493.18
9,388,g_a_cpu,cpu,8493.18,8493.49
9,388,g_a,dpu,8493.5,9290.86
9,388,g_a,dpu,9290.87,10095.2
9,388,g_a_cpu,cpu,10095.2,10095.5
9,388,eb_enc,cpu,10095.5,10100.4
9,452,normalize,cpu,10100.8,10108.6
9,452,g_a_cpu,cpu,10108.6,10108.9
9,452,g_a,dpu,10108.9,10898.7
9,452,g_a,dpu,10898.7,11699.4
9,452,g_a_cpu,cpu,11699.4,11699.8
9,452,eb_enc,cpu,11699.8,11704.6
9,520,normalize,cpu,11705.1,11708.8
9,520,g_a_cpu,cpu,11708.8,11709.1
9,520,g_a,dpu,11709.1,12515.9
9,520,g_a,dpu,12515.9,13314.8
9,520,g_a_cpu,cpu,13314.8,13315.3
9,520,eb_enc,cpu,13315.3,13320
9,585,normalize,cpu,13320.5,13324.2
9,585,g_a_cpu,cpu,13324.2,13324.5
9,585,g_a,dpu,13324.5,14122.7
9,585,g_a,dpu,14122.7,14927
9,585,g_a_cpu,cpu,14927,14927.4
9,585,eb_enc,cpu,14927.4,14932.3
9,653,normalize,cpu,14932.7,14936.4
9,653,g_a_cpu,cpu,14936.4,14936.7
9,653,g_a,dpu,14936.7,15730.6
9,653,g_a,dpu,15730.6,16528.1
9,653,g_a_cpu,cpu,16528.1,16528.6
9,653,eb_enc,cpu,16528.6,16533.5
9,718,normalize,cpu,16533.9,16537.6
9,718,g_a_cpu,cpu,16537.6,16537.9
9,718,g_a,dpu,16537.9,17322.6
9,718,g_a,dpu,17322.6,18144.4
9,718,g_a_cpu,cpu,18144.4,18144.9
9,718,eb_enc,cpu,18144.9,18149.7
9,784,normalize,cpu,18150.1,18153.8
9,784,g_a_cpu,cpu,18153.8,18154.2
9,784,g_a,dpu,18154.2,18946.7
9,784,g_a,dpu,18946.7,19767
9,784,g_a_cpu,cpu,19767,19767.4
9,784,eb_enc,cpu,19767.4,19772.1
9,850,normalize,cpu,19772.6,19776.3
9,850,g_a_cpu,cpu,19776.3,19776.6
9,850,g_a,dpu,19776.6,20570.3
9,850,g_a,dpu,20570.3,21383.1
9,850,g_a_cpu,cpu,21383.1,21383.5
9,850,eb_enc,cpu,21383.5,21388.3
9,916,normalize,cpu,21388.8,21392.5
9,916,g_a_cpu,cpu,21392.5,21392.7
9,916,g_a,dpu,21392.7,22190.7
9,916,g_a,dpu,22190.7,22786.7
9,916,g_a_cpu,cpu,22786.7,22787.1
9,916,eb_enc,cpu,22787.1,22791.8
10,6,normalize,cpu,75.4095,120.89
10,6,g_a_cpu,cpu,120.939,121.486
10,6,g_a,dpu,121.491,221.917
10,6,g_a,dpu,221.922,258.504
10,6,g_a_cpu,cpu,258.507,259.15
10,6,eb_enc,cpu,259.157,266.247
10,66,normalize,cpu,266.829,270.438
10,66,g_a_cpu,cpu,270.443,270.882
10,66,g_a,dpu,270.886,1026.8
10,66,g_a,dpu,1026.8,1063.29
10,66,g_a_cpu,cpu,1063.29,1063.72
10,66,eb_enc,cpu,1063.72,1068.47
10,81,normalize,cpu,1068.91,1072.58
10,81,g_a_cpu,cpu,1072.58,1072.91
10,81,g_a,dpu,1072.92,1842.79
10,81,g_a,dpu,1842.79,2615.04
10,81,g_a_cpu,cpu,2615.05,2615.52
10,81,eb_enc,cpu,2615.53,2620.33
10,147,normalize,cpu,2620.8,2624.6
10,147,g_a_cpu,cpu,2624.6,2624.92
10,147,g_a,dpu,2624.93,3387.33
10,147,g_a,dpu,3387.33,4155.01
10,147,g_a_cpu,cpu,4155.01,4155.48
10,147,eb_enc,cpu,4155.48,4160.23
10,209,normalize,cpu,4160.7,4164.52
10,209,g_a_cpu,cpu,4164.52,4164.81
10,209,g_a,dpu,4164.81,4946.77
10,209,g_a,dpu,4946.77,4983.32
10,209,g_a_cpu,cpu,4983.32,4983.64
10,209,eb_enc,cpu,4983.64,4992.52
10,250,normalize,cpu,4992.92,4996.58
10,250,g_a_cpu,cpu,4996.59,4997.01
10,250,g_a,dpu,4997.02,5751.93
10,250,g_a,dpu,5751.94,6524.81
10,250,g_a_cpu,cpu,6524.81,6525.3
10,250,eb_enc,cpu,6525.3,6530.24
10,312,normalize,cpu,6530.74,6534.35
10,312,g_a_cpu,cpu,6534.36,6534.75
10,312,g_a,dpu,6534.75,7289.96
10,312,g_a,dpu,7289.97,8071.14
10,312,g_a_cpu,cpu,8071.14,8071.61
10,312,eb_enc,cpu,8071.61,8076.4
10,373,normalize,cpu,8076.88,8080.53
10,373,g_a_cpu,cpu,8080.53,8080.84
10,373,g_a,dpu,8080.85,8839.33
10,373,g_a,dpu,8839.34,8878.94
10,373,g_a_cpu,cpu,8878.95,8879.5
10,373,eb_enc,cpu,8879.5,8892.25
10,407,normalize,cpu,8893.03,8896.74
10,407,g_a_cpu,cpu,8896.75,8897.25
10,407,g_a,dpu,8897.27,9651.43
10,407,g_a,dpu,9651.43,9687.76
10,407,g_a_cpu,cpu,9687.76,9688.07
10,407,eb_enc,cpu,9688.07,9693.13
10,435,normalize,cpu,9693.67,9697.35
10,435,g_a_cpu,cpu,9697.35,9697.86
10,435,g_a,dpu,9697.86,10470.9
10,435,g_a,dpu,10470.9,11246.6
10,435,g_a_cpu,cpu,11246.6,11247.1
10,435,eb_enc,cpu,11247.1,11252.2
10,501,normalize,cpu,11252.7,11256.4
10,501,g_a_cpu,cpu,11256.4,11256.7
10,501,g_a,dpu,11256.7,12015
10,501,g_a,dpu,12015,12774.7
10,501,g_a_cpu,cpu,12774.7,12775.1
10,501,eb_enc,cpu,12775.1,12779.9
10,564,normalize,cpu,12780.3,12784
10,564,g_a_cpu,cpu,12784,12784.3
10,564,g_a,dpu,12784.3,13541.5
10,564,g_a,dpu,13541.5,14313.2
10,564,g_a_cpu,cpu,14313.2,14313.7
10,564,eb_enc,cpu,14313.7,14318.4
10,625,normalize,cpu,14318.9,14322.6
10,625,g_a_cpu,cpu,14322.6,14322.8
10,625,g_a,dpu,14322.8,15079.2
10,625,g_a,dpu,15079.2,15847.5
10,625,g_a_cpu,cpu,15847.5,15848.1
10,625,eb_enc,cpu,15848.1,15853
10,688,normalize,cpu,15853.4,15857.1
10,688,g_a_cpu,cpu,15857.1,15857.4
10,688,g_a,dpu,15857.4,16637.2
10,688,g_a,dpu,16637.2,17411.2
10,688,g_a_cpu,cpu,17411.2,17411.5
10,688,eb_enc,cpu,17411.5,17416.4
10,749,normalize,cpu,17416.9,17420.6
10,749,g_a_cpu,cpu,17420.6,17420.9
10,749,g_a,dpu,17420.9,18190.8
10,749,g_a,dpu,18190.8,18227.2
10,749,g_a_cpu,cpu,18227.2,18227.6
10,749,eb_enc,cpu,18227.6,18232.4
10,788,normalize,cpu,18232.8,18236.5
10,788,g_a_cpu,cpu,18236.5,18236.8
10,788,g_a,dpu,18236.8,18998.8
10,788,g_a,dpu,18998.8,19774.9
10,788,g_a_cpu,cpu,19774.9,19775.2
10,788,eb_enc,cpu,19775.2,19780
10,851,normalize,cpu,19780.5,19784.1
10,851,g_a_cpu,cpu,19784.1,19784.4
10,851,g_a,dpu,19784.4,20545.8
10,851,g_a,dpu,20545.8,21323.2
10,851,g_a_cpu,cpu,21323.2,21323.7
10,851,eb_enc,cpu,21323.7,21328.5
10,914,normalize,cpu,21328.9,21332.5
10,914,g_a_cpu,cpu,21332.5,21332.8
10,914,g_a,dpu,21332.8,22090.8
10,914,g_a,dpu,22090.8,22682.8
10,914,g_a_cpu,cpu,22682.8,22683.3
10,914,eb_enc,cpu,22683.3,22688.1
11,8,normalize,cpu,75.4072,91.7243
11,8,g_a_cpu,cpu,91.8294,92.135
11,8,g_a,dpu,92.162,147.985
11,8,g_a,dpu,147.99,665.799
11,8,g_a_cpu,cpu,665.801,666.218
11,8,eb_enc,cpu,666.226,672.353
11,74,normalize,cpu,672.837,676.489
11,74,g_a_cpu,cpu,676.492,676.784
11,74,g_a,dpu,676.788,1443.28
11,74,g_a,dpu,1443.29,2224.72
11,74,g_a_cpu,cpu,2224.72,2225.14
11,74,eb_enc,cpu,2225.15,2229.91
11,137,normalize,cpu,2230.36,2234.02
11,137,g_a_cpu,cpu,2234.03,2234.29
11,137,g_a,dpu,2234.29,3015.1
11,137,g_a,dpu,3015.1,3792.64
11,137,g_a_cpu,cpu,3792.64,3793.07
11,137,eb_enc,cpu,3793.08,3797.87
11,199,normalize,cpu,3798.71,3802.35
11,199,g_a_cpu,cpu,3802.36,3802.69
11,199,g_a,dpu,3802.69,4572.48
11,199,g_a,dpu,4572.48,5355.31
11,199,g_a_cpu,cpu,5355.31,5355.75
11,199,eb_enc,cpu,5355.75,5360.54
11,264,normalize,cpu,5361.05,5364.69
11,264,g_a_cpu,cpu,5364.7,5364.99
11,264,g_a,dpu,5364.99,6155.38
11,264,g_a,dpu,6155.38,6933
11,264,g_a_cpu,cpu,6933,6933.41
11,264,eb_enc,cpu,6933.41,6938.2
11,328,normalize,cpu,6938.72,6942.34
11,328,g_a_cpu,cpu,6942.34,6942.65
11,328,g_a,dpu,6942.66,7719.2
11,328,g_a,dpu,7719.2,8500.4
11,328,g_a_cpu,cpu,8500.4,8500.88
11,328,eb_enc,cpu,8500.88,8505.66
11,389,normalize,cpu,8506.15,8509.79
11,389,g_a_cpu,cpu,8509.8,8510.13
11,389,g_a,dpu,8510.13,9291.72
11,389,g_a,dpu,9291.72,10066
11,389,g_a_cpu,cpu,10066,10066.4
11,389,eb_enc,cpu,10066.4,10071.2
11,451,normalize,cpu,10071.7,10075.4
11,451,g_a_cpu,cpu,10075.4,10075.7
11,451,g_a,dpu,10075.7,10842.9
11,451,g_a,dpu,10843,11621.9
11,451,g_a_cpu,cpu,11621.9,11622.3
11,451,eb_enc,cpu,11622.3,11627.1
11,516,normalize,cpu,11628.3,11632
11,516,g_a_cpu,cpu,11632,11632.2
11,516,g_a,dpu,11632.2,12392.4
11,516,g_a,dpu,12392.4,13177.9
11,516,g_a_cpu,cpu,13177.9,13178.7
11,516,eb_enc,cpu,13178.7,13184.2
11,581,normalize,cpu,13184.6,13188.3
11,581,g_a_cpu,cpu,13188.3,13188.7
11,581,g_a,dpu,13188.7,13959
11,581,g_a,dpu,13959,14734.2
11,581,g_a_cpu,cpu,14734.2,14734.6
11,581,eb_enc,cpu,14734.6,14739.5
11,643,normalize,cpu,14740.3,14744
11,643,g_a_cpu,cpu,14744,14744.3
11,643,g_a,dpu,14744.3,15514.5
11,643,g_a,dpu,15514.5,16297.7
11,643,g_a_cpu,cpu,16297.7,16298
11,643,eb_enc,cpu,16298,16302.9
11,707,normalize,cpu,16303.6,16307.2
11,707,g_a_cpu,cpu,16307.2,16307.5
11,707,g_a,dpu,16307.5,17083.9
11,707,g_a,dpu,17083.9,17859.4
11,707,g_a_cpu,cpu,17859.4,17859.7
11,707,eb_enc,cpu,17859.7,17864.5
11,770,normalize,cpu,17865,17868.6
11,770,g_a_cpu,cpu,17868.6,17868.9
11,770,g_a,dpu,17868.9,18648.3
11,770,g_a,dpu,18648.3,19421.3
11,770,g_a_cpu,cpu,19421.3,19421.8
11,770,eb_enc,cpu,19421.8,19426.6
11,833,normalize,cpu,19427,19430.8
11,833,g_a_cpu,cpu,19430.8,19431.3
11,833,g_a,dpu,19431.3,20200.4
11,833,g_a,dpu,20200.4,20971.7
11,833,g_a_cpu,cpu,20971.7,20972.1
11,833,eb_enc,cpu,20972.1,20981
11,896,normalize,cpu,20981.5,20985.1
11,896,g_a_cpu,cpu,20985.2,20985.4
11,896,g_a,dpu,20985.4,21744.3
11,896,g_a,dpu,21744.3,22476.4
11,896,g_a_cpu,cpu,22476.4,22476.8
11,896,eb_enc,cpu,22476.8,22481.6
12,49,normalize,cpu,135.138,138.906
12,49,g_a_cpu,cpu,138.932,139.348
12,49,g_a,dpu,139.353,336.37
12,49,g_a,dpu,336.373,1134.71
12,49,g_a_cpu,cpu,1134.71,1135.19
12,49,eb_enc,cpu,1135.2,1140.73
12,86,normalize,cpu,1141.27,1144.96
12,86,g_a_cpu,cpu,1144.96,1145.34
12,86,g_a,dpu,1145.34,1935.43
12,86,g_a,dpu,1935.44,2730.71
12,86,g_a_cpu,cpu,2730.71,2731.19
12,86,eb_enc,cpu,2731.19,2736.28
12,154,normalize,cpu,2736.73,2740.38
12,154,g_a_cpu,cpu,2740.38,2740.69
12,154,g_a,dpu,2740.69,3539.08
12,154,g_a,dpu,3539.08,4342.96
12,154,g_a_cpu,cpu,4342.96,4343.44
12,154,eb_enc,cpu,4343.45,4348.33
12,219,normalize,cpu,4348.84,4352.56
12,219,g_a_cpu,cpu,4352.56,4353.04
12,219,g_a,dpu,4353.05,5154.45
12,219,g_a,dpu,5154.46,5959.01
12,219,g_a_cpu,cpu,5959.01,5959.53
12,219,eb_enc,cpu,5959.54,5964.62
12,286,normalize,cpu,5965.07,5968.74
12,286,g_a_cpu,cpu,5968.75,5969.1
12,286,g_a,dpu,5969.1,6767.37
12,286,g_a,dpu,6767.38,7571.54
12,286,g_a_cpu,cpu,7571.55,7571.94
12,286,eb_enc,cpu,7571.94,7576.84
12,352,normalize,cpu,7577.34,7581.06
12,352,g_a_cpu,cpu,7581.06,7581.39
12,352,g_a,dpu,7581.39,8375.66
12,352,g_a,dpu,8375.67,9174.91
12,352,g_a_cpu,cpu,9174.91,9175.43
12,352,eb_enc,cpu,9175.44,9180.35
12,417,normalize,cpu,9180.8,9184.47
12,417,g_a_cpu,cpu,9184.48,9184.74
12,417,g_a,dpu,9184.74,9986.93
12,417,g_a,dpu,9986.93,10787.8
12,417,g_a_cpu,cpu,10787.8,10788.2
12,417,eb_enc,cpu,10788.2,10793.2
12,484,normalize,cpu,10793.7,10797.4
12,484,g_a_cpu,cpu,10797.4,10797.7
12,484,g_a,dpu,10797.7,11591
12,484,g_a,dpu,11591,12398.6
12,484,g_a_cpu,cpu,12398.6,12399
12,484,eb_enc,cpu,12399,12403.9
12,550,normalize,cpu,12404.3,12408
12,550,g_a_cpu,cpu,12408,12408.3
12,550,g_a,dpu,12408.3,13206.7
12,550,g_a,dpu,13206.7,14775.6
12,550,g_a_cpu,cpu,14775.6,14776
12,550,eb_enc,cpu,14776,14780.9
12,646,normalize,cpu,14781.4,14785.2
12,646,g_a_cpu,cpu,14785.2,14785.5
12,646,g_a,dpu,14785.5,15586.5
12,646,g_a,dpu,15586.5,16383.3
12,646,g_a_cpu,cpu,16383.3,16383.7
12,646,eb_enc,cpu,16383.7,16388.7
12,712,normalize,cpu,16389.3,16393
12,712,g_a_cpu,cpu,16393,16393.2
12,712,g_a,dpu,16393.2,17176.4
12,712,g_a,dpu,17176.4,17998.9
12,712,g_a_cpu,cpu,17998.9,17999.3
12,712,eb_enc,cpu,17999.3,18004.2
12,777,normalize,cpu,18004.7,18008.4
12,777,g_a_cpu,cpu,18008.4,18008.6
12,777,g_a,dpu,18008.6,18798.7
12,777,g_a,dpu,18798.7,19618.8
12,777,g_a_cpu,cpu,19618.8,19619.1
12,777,eb_enc,cpu,19619.1,19624.1
12,845,normalize,cpu,19624.6,19628.4
12,845,g_a_cpu,cpu,19628.4,19628.6
12,845,g_a,dpu,19628.6,20426.5
12,845,g_a,dpu,20426.5,21235.5
12,845,g_a_cpu,cpu,21235.5,21235.9
12,845,eb_enc,cpu,21235.9,21241
12,911,normalize,cpu,21241.5,21245.1
12,911,g_a_cpu,cpu,21245.1,21245.4
12,911,g_a,dpu,21245.4,22042
12,911,g_a,dpu,22042,22746.5
12,911,g_a_cpu,cpu,22746.5,22746.9
12,911,eb_enc,cpu,22746.9,22751.8
13,11,normalize,cpu,79.3901,115.175
13,11,g_a_cpu,cpu,154.787,155.332
13,11,g_a,dpu,155.338,619.763
13,11,g_a,dpu,619.766,656.148
13,11,g_a_cpu,cpu,656.15,656.499
13,11,eb_enc,cpu,656.505,662.666
13,73,normalize,cpu,663.157,667.838
13,73,g_a_cpu,cpu,667.841,668.179
13,73,g_a,dpu,668.182,1431.3
13,73,g_a,dpu,1431.31,1467.86
13,73,g_a_cpu,cpu,1467.86,1468.23
13,73,eb_enc,cpu,1468.23,1473.2
13,106,normalize,cpu,1473.63,1477.3
13,106,g_a_cpu,cpu,1477.3,1477.65
13,106,g_a,dpu,1477.65,2254.73
13,106,g_a,dpu,2254.74,3015.78
13,106,g_a_cpu,cpu,3015.79,3016.31
13,106,eb_enc,cpu,3016.31,3021.06
13,168,normalize,cpu,3021.55,3025.26
13,168,g_a_cpu,cpu,3025.26,3025.5
13,168,g_a,dpu,3025.5,3791.94
13,168,g_a,dpu,3791.94,4559.2
13,168,g_a_cpu,cpu,4559.2,4559.6
13,168,eb_enc,cpu,4559.6,4568.56
13,230,normalize,cpu,4568.96,4572.81
13,230,g_a_cpu,cpu,4572.81,4573.19
13,230,g_a,dpu,4573.19,5354.67
13,230,g_a,dpu,5354.67,6855
13,230,g_a_cpu,cpu,6855,6855.44
13,230,eb_enc,cpu,6855.45,6860.31
13,325,normalize,cpu,6869.71,6873.4
13,325,g_a_cpu,cpu,6873.41,6873.69
13,325,g_a,dpu,6873.69,7622.8
13,325,g_a,dpu,7622.81,8403.2
13,325,g_a_cpu,cpu,8403.2,8403.64
13,325,eb_enc,cpu,8403.64,8408.45
13,387,normalize,cpu,8409.01,8412.71
13,387,g_a_cpu,cpu,8412.71,8412.99
13,387,g_a,dpu,8412.99,9171.41
13,387,g_a,dpu,9171.41,9946.76
13,387,g_a_cpu,cpu,9946.76,9947.1
13,387,eb_enc,cpu,9947.1,9952.08
13,448,normalize,cpu,9952.61,9956.31
13,448,g_a_cpu,cpu,9956.31,9956.8
13,448,g_a,dpu,9956.8,10727.2
13,448,g_a,dpu,10727.2,11499.6
13,448,g_a_cpu,cpu,11499.6,11499.9
13,448,eb_enc,cpu,11499.9,11504.8
13,512,normalize,cpu,11505.3,11509
13,512,g_a_cpu,cpu,11509,11509.3
13,512,g_a,dpu,11509.3,12267.7
13,512,g_a,dpu,12267.7,13028
13,512,g_a_cpu,cpu,13028,13028.3
13,512,eb_enc,cpu,13028.3,13033.2
13,575,normalize,cpu,13033.6,13037.3
13,575,g_a_cpu,cpu,13037.3,13037.5
13,575,g_a,dpu,13037.5,13799.2
13,575,g_a,dpu,13799.2,14566.8
13,575,g_a_cpu,cpu,14566.8,14567.2
13,575,eb_enc,cpu,14567.2,14572.2
13,638,normalize,cpu,14573,14576.7
13,638,g_a_cpu,cpu,14576.7,14577.2
13,638,g_a,dpu,14577.2,15334.8
13,638,g_a,dpu,15334.8,16118.4
13,638,g_a_cpu,cpu,16118.4,16118.9
13,638,eb_enc,cpu,16119,16123.8
13,700,normalize,cpu,16124.3,16128.1
13,700,g_a_cpu,cpu,16128.1,16128.5
13,700,g_a,dpu,16128.5,16894.9
13,700,g_a,dpu,16894.9,17670.7
13,700,g_a_cpu,cpu,17670.7,17671.2
13,700,eb_enc,cpu,17671.2,17676.1
13,761,normalize,cpu,17676.7,17680.3
13,761,g_a_cpu,cpu,17680.3,17680.7
13,761,g_a,dpu,17680.7,18446
13,761,g_a,dpu,18446,19215.7
13,761,g_a_cpu,cpu,19215.7,19216
13,761,eb_enc,cpu,19216,19220.9
13,824,normalize,cpu,19221.4,19225.1
13,824,g_a_cpu,cpu,19225.1,19225.3
13,824,g_a,dpu,19225.3,19994.7
13,824,g_a,dpu,19994.7,20762.8
13,824,g_a_cpu,cpu,20762.8,20763.1
13,824,eb_enc,cpu,20763.1,20767.9
13,887,normalize,cpu,20768.4,20772.1
13,887,g_a_cpu,cpu,20772.1,20772.4
13,887,g_a,dpu,20772.4,21539.6
13,887,g_a,dpu,21539.6,22314.5
13,887,g_a_cpu,cpu,22314.5,22315
13,887,eb_enc,cpu,22315,22319.7
14,9,normalize,cpu,79.3901,94.9609
14,9,g_a_cpu,cpu,95.0913,95.4816
14,9,g_a,dpu,95.4879,186.982
14,9,g_a,dpu,186.987,224.861
14,9,g_a_cpu,cpu,224.862,225.375
14,9,eb_enc,cpu,225.382,232.102
14,65,normalize,cpu,232.812,236.514
14,65,g_a_cpu,cpu,236.519,236.991
14,65,g_a,dpu,236.995,996.764
14,65,g_a,dpu,996.772,1784.03
14,65,g_a_cpu,cpu,1784.03,1784.45
14,65,eb_enc,cpu,1784.45,1789.25
14,125,normalize,cpu,1789.69,1793.4
14,125,g_a_cpu,cpu,1793.41,1793.78
14,125,g_a,dpu,1793.78,2558.27
14,125,g_a,dpu,2558.27,3351.05
14,125,g_a_cpu,cpu,3351.05,3351.56
14,125,eb_enc,cpu,3351.57,3356.63
14,184,normalize,cpu,3357.2,3361.87
14,184,g_a_cpu,cpu,3361.87,3362.21
14,184,g_a,dpu,3362.21,4128.48
14,184,g_a,dpu,4128.48,4165.45
14,184,g_a_cpu,cpu,4165.45,4165.78
14,184,eb_enc,cpu,4165.79,4170.57
14,210,normalize,cpu,4171.04,4174.69
14,210,g_a_cpu,cpu,4174.7,4175.04
14,210,g_a,dpu,4175.04,5696.27
14,210,g_a,dpu,5696.27,5733.01
14,210,g_a_cpu,cpu,5733.02,5733.38
14,210,eb_enc,cpu,5733.38,5738.12
14,277,normalize,cpu,5738.59,5742.23
14,277,g_a_cpu,cpu,5742.24,5742.61
14,277,g_a,dpu,5742.61,7268.53
14,277,g_a,dpu,7268.54,7305.41
14,277,g_a_cpu,cpu,7305.41,7305.71
14,277,eb_enc,cpu,7305.72,7310.51
14,342,normalize,cpu,7310.96,7314.65
14,342,g_a_cpu,cpu,7314.66,7314.96
14,342,g_a,dpu,7314.96,8087.42
14,342,g_a,dpu,8087.42,8875.65
14,342,g_a_cpu,cpu,8875.66,8876.03
14,342,eb_enc,cpu,8876.04,8885.18
14,406,normalize,cpu,8885.69,8889.35
14,406,g_a_cpu,cpu,8889.36,8889.68
14,406,g_a,dpu,8889.68,9659.36
14,406,g_a,dpu,9659.36,10438
14,406,g_a_cpu,cpu,10438,10438.5
14,406,eb_enc,cpu,10438.5,10443.3
14,471,normalize,cpu,10443.8,10447.4
14,471,g_a_cpu,cpu,10447.4,10447.7
14,471,g_a,dpu,10447.7,11951.6
14,471,g_a,dpu,11951.6,11988.6
14,471,g_a_cpu,cpu,11988.6,11989
14,471,eb_enc,cpu,11989,11993.8
14,533,normalize,cpu,11994.2,11997.9
14,533,g_a_cpu,cpu,11997.9,11998.2
14,533,g_a,dpu,11998.2,13515.3
14,533,g_a,dpu,13515.3,14289.5
14,533,g_a_cpu,cpu,14289.5,14289.9
14,533,eb_enc,cpu,14289.9,14294.6
14,623,normalize,cpu,14295.1,14298.7
14,623,g_a_cpu,cpu,14298.7,14299
14,623,g_a,dpu,14299,15075.3
14,623,g_a,dpu,15075.3,15846.7
14,623,g_a_cpu,cpu,15846.7,15847.3
14,623,eb_enc,cpu,15847.3,15852.2
14,687,normalize,cpu,15852.6,15856.3
14,687,g_a_cpu,cpu,15856.3,15856.6
14,687,g_a,dpu,15856.6,16640.3
14,687,g_a,dpu,16640.3,17413.1
14,687,g_a_cpu,cpu,17413.1,17413.7
14,687,eb_enc,cpu,17413.7,17418.6
14,750,normalize,cpu,17419.1,17422.8
14,750,g_a_cpu,cpu,17422.8,17423.1
14,750,g_a,dpu,17423.1,18208.2
14,750,g_a,dpu,18208.2,18979.5
14,750,g_a_cpu,cpu,18979.5,18980
14,750,eb_enc,cpu,18980,18984.9
14,813,normalize,cpu,18985.4,18989
14,813,g_a_cpu,cpu,18989,18989.3
14,813,g_a,dpu,18989.3,19753.4
14,813,g_a,dpu,19753.4,20529.8
14,813,g_a_cpu,cpu,20529.8,20530.2
14,813,eb_enc,cpu,20530.2,20535.2
14,878,normalize,cpu,20535.8,20539.4
14,878,g_a_cpu,cpu,20539.4,20539.7
14,878,g_a,dpu,20539.7,21301.6
14,878,g_a,dpu,21301.6,22074
14,878,g_a_cpu,cpu,22074,22074.5
14,878,eb_enc,cpu,22074.5,22080.3
15,12,normalize,cpu,83.3729,96.5333
15,12,g_a_cpu,cpu,96.5876,96.9161
15,12,g_a,dpu,96.9203,154.526
15,12,g_a,dpu,154.528,589.272
15,12,g_a_cpu,cpu,589.274,589.699
15,12,eb_enc,cpu,589.707,595.855
15,72,normalize,cpu,596.351,600.006
15,72,g_a_cpu,cpu,600.008,600.302
15,72,g_a,dpu,600.305,1390.59
15,72,g_a,dpu,1390.6,2188.01
15,72,g_a_cpu,cpu,2188.01,2188.5
15,72,eb_enc,cpu,2188.5,2193.31
15,135,normalize,cpu,2193.8,2197.48
15,135,g_a_cpu,cpu,2197.48,2197.72
15,135,g_a,dpu,2197.73,2991.12
15,135,g_a,dpu,2991.12,3797.65
15,135,g_a_cpu,cpu,3797.66,3798.14
15,135,eb_enc,cpu,3798.16,3803.05
15,200,normalize,cpu,3803.52,3807.15
15,200,g_a_cpu,cpu,3807.15,3807.45
15,200,g_a,dpu,3807.45,4598.97
15,200,g_a,dpu,4598.97,5414.49
15,200,g_a_cpu,cpu,5414.49,5414.92
15,200,eb_enc,cpu,5414.92,5419.76
15,265,normalize,cpu,5420.26,5423.93
15,265,g_a_cpu,cpu,5423.93,5424.19
15,265,g_a,dpu,5424.2,6215.05
15,265,g_a,dpu,6215.05,7022.46
15,265,g_a_cpu,cpu,7022.46,7022.87
15,265,eb_enc,cpu,7022.87,7027.71
15,330,normalize,cpu,7028.19,7031.87
15,330,g_a_cpu,cpu,7031.87,7032.11
15,330,g_a,dpu,7032.12,7834.74
15,330,g_a,dpu,7834.75,8630.9
15,330,g_a_cpu,cpu,8630.91,8631.35
15,330,eb_enc,cpu,8631.35,8636.13
15,394,normalize,cpu,8636.64,8640.3
15,394,g_a_cpu,cpu,8640.31,8640.57
15,394,g_a,dpu,8640.57,9436.93
15,394,g_a,dpu,9436.93,10239.9
15,394,g_a_cpu,cpu,10239.9,10240.2
15,394,eb_enc,cpu,10240.2,10245.9
15,459,normalize,cpu,10246.3,10250.1
15,459,g_a_cpu,cpu,10250.1,10250.4
15,459,g_a,dpu,10250.4,11046.7
15,459,g_a,dpu,11046.7,11849.2
15,459,g_a_cpu,cpu,11849.2,11849.6
15,459,eb_enc,cpu,11849.6,11854.6
15,527,normalize,cpu,11855.1,11858.7
15,527,g_a_cpu,cpu,11858.7,11859
15,527,g_a,dpu,11859,12659.9
15,527,g_a,dpu,12659.9,13458.5
15,527,g_a_cpu,cpu,13458.5,13459
15,527,eb_enc,cpu,13459,13463.8
15,592,normalize,cpu,13464.3,13468.7
15,592,g_a_cpu,cpu,13468.7,13469
15,592,g_a,dpu,13469,14266.8
15,592,g_a,dpu,14266.8,15070.7
15,592,g_a_cpu,cpu,15070.7,15071
15,592,eb_enc,cpu,15071,15075.8
15,660,normalize,cpu,15076.3,15080.6
15,660,g_a_cpu,cpu,15080.6,15080.8
15,660,g_a,dpu,15080.8,15874.7
15,660,g_a,dpu,15874.7,16672.9
15,660,g_a_cpu,cpu,16672.9,16673.3
15,660,eb_enc,cpu,16673.3,16678.4
15,724,normalize,cpu,16678.9,16682.5
15,724,g_a_cpu,cpu,16682.5,16682.9
15,724,g_a,dpu,16682.9,17470.6
15,724,g_a,dpu,17470.6,18288.5
15,724,g_a_cpu,cpu,18288.5,18288.9
15,724,eb_enc,cpu,18288.9,18293.7
15,790,normalize,cpu,18294.2,18297.8
15,790,g_a_cpu,cpu,18297.8,18298.1
15,790,g_a,dpu,18298.1,19094.6
15,790,g_a,dpu,19094.6,19915.1
15,790,g_a_cpu,cpu,19915.1,19915.5
15,790,eb_enc,cpu,19915.5,19920.3
15,857,normalize,cpu,19920.7,19924.4
15,857,g_a_cpu,cpu,19924.4,19924.7
15,857,g_a,dpu,19924.7,20714.8
15,857,g_a,dpu,20714.9,20751.3
15,857,g_a_cpu,cpu,20751.3,20751.6
15,857,eb_enc,cpu,20751.6,20756.4
15,886,normalize,cpu,20756.8,20760.5
15,886,g_a_cpu,cpu,20760.5,20760.8
15,886,g_a,dpu,20760.8,21570.8
15,886,g_a,dpu,21570.8,22370.6
15,886,g_a_cpu,cpu,22370.6,22371
15,886,eb_enc,cpu,22371,22375.7
16,4,normalize,cpu,71.3948,151.076
16,4,g_a_cpu,cpu,151.098,151.657
16,4,g_a,dpu,151.664,731.114
16,4,g_a,dpu,731.117,1506.86
16,4,g_a_cpu,cpu,1506.86,1507.24
16,4,eb_enc,cpu,1507.25,1512.15
16,108,normalize,cpu,1512.62,1516.3
16,108,g_a_cpu,cpu,1516.3,1516.56
16,108,g_a,dpu,1516.56,2290.69
16,108,g_a,dpu,2290.7,3051.99
16,108,g_a_cpu,cpu,3052,3052.43
16,108,eb_enc,cpu,3052.44,3057.23
16,170,normalize,cpu,3057.7,3061.47
16,170,g_a_cpu,cpu,3061.47,3061.7
16,170,g_a,dpu,3061.7,3827.93
16,170,g_a,dpu,3827.93,4595.21
16,170,g_a_cpu,cpu,4595.21,4595.56
16,170,eb_enc,cpu,4595.57,4600.57
16,231,normalize,cpu,4601.02,4604.68
16,231,g_a_cpu,cpu,4604.69,4605.18
16,231,g_a,dpu,4605.18,5391.04
16,231,g_a,dpu,5391.04,6151.5
16,231,g_a_cpu,cpu,6151.5,6151.87
16,231,eb_enc,cpu,6151.88,6157.36
16,296,normalize,cpu,6157.8,6161.48
16,296,g_a_cpu,cpu,6161.48,6161.72
16,296,g_a,dpu,6161.73,6926.96
16,296,g_a,dpu,6926.96,7697.05
16,296,g_a_cpu,cpu,7697.05,7697.5
16,296,eb_enc,cpu,7697.5,7702.33
16,360,normalize,cpu,7702.86,7706.48
16,360,g_a_cpu,cpu,7706.48,7706.97
16,360,g_a,dpu,7706.98,8475.12
16,360,g_a,dpu,8475.13,9246.82
16,360,g_a_cpu,cpu,9246.82,9247.29
16,360,eb_enc,cpu,9247.29,9252.19
16,421,normalize,cpu,9252.66,9256.46
16,421,g_a_cpu,cpu,9256.47,9256.8
16,421,g_a,dpu,9256.81,10023.5
16,421,g_a,dpu,10023.5,10802.8
16,421,g_a_cpu,cpu,10802.8,10803.3
16,421,eb_enc,cpu,10803.3,10808.2
16,485,normalize,cpu,10808.8,10812.4
16,485,g_a_cpu,cpu,10812.5,10812.8
16,485,g_a,dpu,10812.8,11574.7
16,485,g_a,dpu,11574.7,12339.7
16,485,g_a_cpu,cpu,12339.7,12340.1
16,485,eb_enc,cpu,12340.1,12344.9
16,547,normalize,cpu,12345.5,12349.1
16,547,g_a_cpu,cpu,12349.1,12349.4
16,547,g_a,dpu,12349.4,13102.7
16,547,g_a,dpu,13102.7,13874.7
16,547,g_a_cpu,cpu,13874.7,13875.1
16,547,eb_enc,cpu,13875.1,13879.9
16,608,normalize,cpu,13880.4,13884
16,608,g_a_cpu,cpu,13884,13884.3
16,608,g_a,dpu,13884.3,14638.9
16,608,g_a,dpu,14638.9,15407
16,608,g_a_cpu,cpu,15407,15407.4
16,608,eb_enc,cpu,15407.4,15413.4
16,673,normalize,cpu,15413.9,15417.6
16,673,g_a_cpu,cpu,15417.6,15417.9
16,673,g_a,dpu,15417.9,16190.3
16,673,g_a,dpu,16190.3,16966.8
16,673,g_a_cpu,cpu,16966.8,16967.1
16,673,eb_enc,cpu,16967.1,16971.9
16,736,normalize,cpu,16972.4,16976.2
16,736,g_a_cpu,cpu,16976.2,16976.5
16,736,g_a,dpu,16976.5,17742.7
16,736,g_a,dpu,17742.7,18522.8
16,736,g_a_cpu,cpu,18522.8,18523.3
16,736,eb_enc,cpu,18523.3,18528.1
16,800,normalize,cpu,18528.6,18532.3
16,800,g_a_cpu,cpu,18532.3,18532.6
16,800,g_a,dpu,18532.6,19290.9
16,800,g_a,dpu,19290.9,20066.8
16,800,g_a_cpu,cpu,20066.8,20067.2
16,800,eb_enc,cpu,20067.2,20072
16,864,normalize,cpu,20072.5,20076.2
16,864,g_a_cpu,cpu,20076.2,20076.5
16,864,g_a,dpu,20076.5,20838.7
16,864,g_a,dpu,20838.7,21611.5
16,864,g_a_cpu,cpu,21611.5,21611.9
16,864,eb_enc,cpu,21611.9,21616.8
17,13,normalize,cpu,83.3735,126.885
17,13,g_a_cpu,cpu,127.019,127.602
17,13,g_a,dpu,127.61,373.001
17,13,g_a,dpu,373.005,1144.29
17,13,g_a_cpu,cpu,1144.29,1144.66
17,13,eb_enc,cpu,1144.67,1149.49
17,88,normalize,cpu,1149.96,1153.63
17,88,g_a_cpu,cpu,1153.64,1153.9
17,88,g_a,dpu,1153.9,1930.28
17,88,g_a,dpu,1930.29,2704.16
17,88,g_a_cpu,cpu,2704.16,2704.49
17,88,eb_enc,cpu,2704.49,2709.24
17,152,normalize,cpu,2709.74,2713.41
17,152,g_a_cpu,cpu,2713.41,2713.67
17,152,g_a,dpu,2713.67,3497.54
17,152,g_a,dpu,3497.54,4276.79
17,152,g_a_cpu,cpu,4276.79,4277.2
17,152,eb_enc,cpu,4277.21,4282
17,216,normalize,cpu,4282.41,4286.06
17,216,g_a_cpu,cpu,4286.06,4286.35
17,216,g_a,dpu,4286.35,5060.07
17,216,g_a,dpu,5060.07,5096.98
17,216,g_a_cpu,cpu,5096.98,5097.33
17,216,eb_enc,cpu,5097.33,5102.06
17,254,normalize,cpu,5102.55,5106.2
17,254,g_a_cpu,cpu,5106.21,5106.49
17,254,g_a,dpu,5106.49,6636.54
17,254,g_a,dpu,6636.54,6674.93
17,254,g_a_cpu,cpu,6674.93,6675.41
17,254,eb_enc,cpu,6675.41,6680.19
17,319,normalize,cpu,6680.67,6684.33
17,319,g_a_cpu,cpu,6684.33,6684.62
17,319,g_a,dpu,6684.62,8198.88
17,319,g_a,dpu,8198.89,8235.98
17,319,g_a_cpu,cpu,8235.98,8236.35
17,319,eb_enc,cpu,8236.35,8241.32
17,381,normalize,cpu,8241.83,8245.52
17,381,g_a_cpu,cpu,8245.53,8245.83
17,381,g_a,dpu,8245.83,9023.35
17,381,g_a,dpu,9023.35,9060.02
17,381,g_a_cpu,cpu,9060.02,9060.45
17,381,eb_enc,cpu,9060.46,9065.52
17,411,normalize,cpu,9066.45,9070.09
17,411,g_a_cpu,cpu,9070.1,9070.43
17,411,g_a,dpu,9070.43,9843.31
17,411,g_a,dpu,9843.31,9880.13
17,411,g_a_cpu,cpu,9880.13,9880.48
17,411,eb_enc,cpu,9880.48,9885.25
17,445,normalize,cpu,9885.73,9889.39
17,445,g_a_cpu,cpu,9889.39,9889.66
17,445,g_a,dpu,9889.66,11401.9
17,445,g_a,dpu,11401.9,11438.8
17,445,g_a_cpu,cpu,11438.8,11439.2
17,445,eb_enc,cpu,11439.2,11443.9
17,509,normalize,cpu,11444.5,11448.2
17,509,g_a_cpu,cpu,11448.2,11448.5
17,509,g_a,dpu,11448.5,12950.9
17,509,g_a,dpu,12950.9,12987.7
17,509,g_a_cpu,cpu,12987.7,12988.1
17,509,eb_enc,cpu,12988.1,12992.9
17,572,normalize,cpu,12993.5,12997.1
17,572,g_a_cpu,cpu,12997.1,12997.4
17,572,g_a,dpu,12997.4,13771.6
17,572,g_a,dpu,13771.6,14549.2
17,572,g_a_cpu,cpu,14549.2,14549.5
17,572,eb_enc,cpu,14549.5,14554.2
17,636,normalize,cpu,14554.8,14558.4
17,636,g_a_cpu,cpu,14558.4,14558.8
17,636,g_a,dpu,14558.8,15331.6
17,636,g_a,dpu,15331.6,16115.1
17,636,g_a_cpu,cpu,16115.1,16115.5
17,636,eb_enc,cpu,16115.5,16120.6
17,699,normalize,cpu,16121.2,16124.9
17,699,g_a_cpu,cpu,16124.9,16125.3
17,699,g_a,dpu,16125.3,16901.4
17,699,g_a,dpu,16901.4,17675.2
17,699,g_a_cpu,cpu,17675.2,17675.7
17,699,eb_enc,cpu,17675.7,17680.5
17,762,normalize,cpu,17681.1,17684.8
17,762,g_a_cpu,cpu,17684.8,17685
17,762,g_a,dpu,17685,18464.1
17,762,g_a,dpu,18464.1,19239.1
17,762,g_a_cpu,cpu,19239.1,19239.6
17,762,eb_enc,cpu,19239.6,19244.7
17,825,normalize,cpu,19245.2,19248.9
17,825,g_a_cpu,cpu,19248.9,19249.3
17,825,g_a,dpu,19249.3,20749.1
17,825,g_a,dpu,20749.1,20785.9
17,825,g_a_cpu,cpu,20785.9,20786.3
17,825,eb_enc,cpu,20786.3,20791.7
17,888,normalize,cpu,20792.3,20795.9
17,888,g_a_cpu,cpu,20795.9,20796.2
17,888,g_a,dpu,20796.2,22292.6
17,888,g_a,dpu,22292.6,22329.5
17,888,g_a_cpu,cpu,22329.5,22329.9
17,888,eb_enc,cpu,22329.9,22334.6
18,7,normalize,cpu,75.4072,151.237
18,7,g_a_cpu,cpu,152.168,152.546
18,7,g_a,dpu,152.55,879.088
18,7,g_a,dpu,879.091,1682.96
18,7,g_a_cpu,cpu,1682.96,1683.53
18,7,eb_enc,cpu,1683.55,1688.61
18,119,normalize,cpu,1695.25,1698.94
18,119,g_a_cpu,cpu,1698.95,1699.35
18,119,g_a,dpu,1699.35,3249.44
18,119,g_a,dpu,3249.45,3285.89
18,119,g_a_cpu,cpu,3285.89,3286.33
18,119,eb_enc,cpu,3286.34,3291.14
18,181,normalize,cpu,3291.61,3295.26
18,181,g_a_cpu,cpu,3295.26,3295.56
18,181,g_a,dpu,3295.56,4090.79
18,181,g_a,dpu,4090.79,4898.74
18,181,g_a_cpu,cpu,4898.75,4899.21
18,181,eb_enc,cpu,4899.23,4904.01
18,245,normalize,cpu,4904.44,4908.09
18,245,g_a_cpu,cpu,4908.09,4908.37
18,245,g_a,dpu,4908.38,5702.94
18,245,g_a,dpu,5702.94,6510.68
18,245,g_a_cpu,cpu,6510.68,6511.18
18,245,eb_enc,cpu,6511.18,6515.97
18,311,normalize,cpu,6516.45,6520.1
18,311,g_a_cpu,cpu,6520.11,6520.39
18,311,g_a,dpu,6520.4,7318.56
18,311,g_a,dpu,7318.56,8122.41
18,311,g_a_cpu,cpu,8122.41,8122.76
18,311,eb_enc,cpu,8122.77,8127.73
18,375,normalize,cpu,8128.25,8131.94
18,375,g_a_cpu,cpu,8131.94,8132.28
18,375,g_a,dpu,8132.28,8919.38
18,375,g_a,dpu,8919.39,9727.37
18,375,g_a_cpu,cpu,9727.37,9727.84
18,375,eb_enc,cpu,9727.84,9732.64
18,438,normalize,cpu,9733.07,9737.05
18,438,g_a_cpu,cpu,9737.05,9737.33
18,438,g_a,dpu,9737.34,10535.5
18,438,g_a,dpu,10535.5,11334.9
18,438,g_a_cpu,cpu,11334.9,11335.2
18,438,eb_enc,cpu,11335.2,11339.9
18,505,normalize,cpu,11340.4,11344
18,505,g_a_cpu,cpu,11344,11344.3
18,505,g_a,dpu,11344.3,12138.4
18,505,g_a,dpu,12138.4,12950.1
18,505,g_a_cpu,cpu,12950.1,12950.6
18,505,eb_enc,cpu,12950.6,12955.4
18,571,normalize,cpu,12955.9,12959.5
18,571,g_a_cpu,cpu,12959.5,12959.8
18,571,g_a,dpu,12959.8,13759.1
18,571,g_a,dpu,13759.1,14555.6
18,571,g_a_cpu,cpu,14555.6,14556
18,571,eb_enc,cpu,14556,14560.9
18,637,normalize,cpu,14561.3,14565
18,637,g_a_cpu,cpu,14565,14565.5
18,637,g_a,dpu,14565.5,15367
18,637,g_a,dpu,15367,15403.3
18,637,g_a_cpu,cpu,15403.3,15403.8
18,637,eb_enc,cpu,15403.8,15408.8
18,671,normalize,cpu,15409.5,15413.1
18,671,g_a_cpu,cpu,15413.1,15413.4
18,671,g_a,dpu,15413.4,16202.7
18,671,g_a,dpu,16202.7,16996.6
18,671,g_a_cpu,cpu,16996.6,16997.1
18,671,eb_enc,cpu,16997.1,17001.8
18,738,normalize,cpu,17002.3,17005.9
18,738,g_a_cpu,cpu,17005.9,17006.2
18,738,g_a,dpu,17006.2,17807.9
18,738,g_a,dpu,17807.9,18618.6
18,738,g_a_cpu,cpu,18618.6,18619.1
18,738,eb_enc,cpu,18619.1,18623.9
18,803,normalize,cpu,18624.4,18628.1
18,803,g_a_cpu,cpu,18628.1,18628.3
18,803,g_a,dpu,18628.3,19430.8
18,803,g_a,dpu,19430.8,20246.6
18,803,g_a_cpu,cpu,20246.6,20247
18,803,eb_enc,cpu,20247,20251.8
18,869,normalize,cpu,20252.3,20255.9
18,869,g_a_cpu,cpu,20255.9,20256.2
18,869,g_a,dpu,20256.2,21046.8
18,869,g_a,dpu,21046.8,21862.6
18,869,g_a_cpu,cpu,21862.6,21863.1
18,869,eb_enc,cpu,21863.1,21867.8
19,51,normalize,cpu,136.169,139.924
19,51,g_a_cpu,cpu,139.95,140.371
19,51,g_a,dpu,140.377,583.758
19,51,g_a,dpu,583.762,1359.38
19,51,g_a_cpu,cpu,1359.39,1359.83
19,51,eb_enc,cpu,1359.84,1364.78
19,101,normalize,cpu,1365.33,1369.04
19,101,g_a_cpu,cpu,1369.05,1369.35
19,101,g_a,dpu,1369.36,2139.12
19,101,g_a,dpu,2139.12,2907.23
19,101,g_a_cpu,cpu,2907.23,2907.78
19,101,eb_enc,cpu,2907.79,2912.63
19,163,normalize,cpu,2913.07,2916.76
19,163,g_a_cpu,cpu,2916.77,2917
19,163,g_a,dpu,2917.01,3679.76
19,163,g_a,dpu,3679.76,4450.83
19,163,g_a_cpu,cpu,4450.83,4451.3
19,163,eb_enc,cpu,4451.31,4456.17
19,224,normalize,cpu,4456.62,4463.33
19,224,g_a_cpu,cpu,4463.33,4463.75
19,224,g_a,dpu,4463.75,5240.21
19,224,g_a,dpu,5240.21,6005.67
19,224,g_a_cpu,cpu,6005.67,6006.07
19,224,eb_enc,cpu,6006.08,6010.9
19,289,normalize,cpu,6011.53,6015.18
19,289,g_a_cpu,cpu,6015.19,6015.56
19,289,g_a,dpu,6015.56,6782.72
19,289,g_a,dpu,6782.72,7546.71
19,289,g_a_cpu,cpu,7546.71,7547.04
19,289,eb_enc,cpu,7547.04,7551.78
19,351,normalize,cpu,7552.29,7555.95
19,351,g_a_cpu,cpu,7555.96,7556.22
19,351,g_a,dpu,7556.22,8330.79
19,351,g_a,dpu,8330.8,9099.24
19,351,g_a_cpu,cpu,9099.24,9099.73
19,351,eb_enc,cpu,9099.73,9104.55
19,414,normalize,cpu,9104.99,9108.65
19,414,g_a_cpu,cpu,9108.65,9108.89
19,414,g_a,dpu,9108.89,9870.55
19,414,g_a,dpu,9870.55,10651.5
19,414,g_a_cpu,cpu,10651.5,10651.8
19,414,eb_enc,cpu,10651.8,10656.6
19,478,normalize,cpu,10657.1,10661.6
19,478,g_a_cpu,cpu,10661.6,10661.9
19,478,g_a,dpu,10661.9,11427.2
19,478,g_a,dpu,11427.2,12195.8
19,478,g_a_cpu,cpu,12195.8,12196.2
19,478,eb_enc,cpu,12196.2,12201.2
19,541,normalize,cpu,12201.7,12205.4
19,541,g_a_cpu,cpu,12205.4,12205.6
19,541,g_a,dpu,12205.6,12955.4
19,541,g_a,dpu,12955.4,13726.8
19,541,g_a_cpu,cpu,13726.8,13727.2
19,541,eb_enc,cpu,13727.2,13732
19,603,normalize,cpu,13732.5,13736.2
19,603,g_a_cpu,cpu,13736.2,13736.5
19,603,g_a,dpu,13736.5,14493.5
19,603,g_a,dpu,14493.5,15262.8
19,603,g_a_cpu,cpu,15262.8,15263.3
19,603,eb_enc,cpu,15263.3,15268.1
19,667,normalize,cpu,15268.5,15272.2
19,667,g_a_cpu,cpu,15272.2,15272.5
19,667,g_a,dpu,15272.5,16046.3
19,667,g_a,dpu,16046.3,16822.1
19,667,g_a_cpu,cpu,16822.1,16822.5
19,667,eb_enc,cpu,16822.5,16827.2
19,731,normalize,cpu,16827.8,16831.4
19,731,g_a_cpu,cpu,16831.4,16831.7
19,731,g_a,dpu,16831.7,17595.4
19,731,g_a,dpu,17595.4,18371.1
19,731,g_a_cpu,cpu,18371.1,18371.5
19,731,eb_enc,cpu,18371.5,18376.3
19,794,normalize,cpu,18376.8,18380.4
19,794,g_a_cpu,cpu,18380.4,18380.8
19,794,g_a,dpu,18380.8,19143.3
19,794,g_a,dpu,19143.3,19922.8
19,794,g_a_cpu,cpu,19922.8,19923.2
19,794,eb_enc,cpu,19923.2,19928
19,858,normalize,cpu,19928.5,19932.2
19,858,g_a_cpu,cpu,19932.2,19932.4
19,858,g_a,dpu,19932.4,20690.1
19,858,g_a,dpu,20690.1,21467.6
19,858,g_a_cpu,cpu,21467.6,21468
19,858,eb_enc,cpu,21468,21472.9
19,921,normalize,cpu,21473.3,21477
19,921,g_a_cpu,cpu,21477,21477.3
19,921,g_a,dpu,21477.3,22242.7
19,921,g_a,dpu,22242.7,22754.8
19,921,g_a_cpu,cpu,22754.8,22755.2
19,921,eb_enc,cpu,22755.2,22760
20,10,normalize,cpu,79.3901,99.7578
20,10,g_a_cpu,cpu,146.795,147.148
20,10,g_a,dpu,147.153,556.035
20,10,g_a,dpu,556.038,1329.02
20,10,g_a_cpu,cpu,1329.03,1329.38
20,10,eb_enc,cpu,1329.39,1335.62
20,99,normalize,cpu,1336.11,1339.79
20,99,g_a_cpu,cpu,1339.79,1340.02
20,99,g_a,dpu,1340.02,2115.23
20,99,g_a,dpu,2115.23,2899.11
20,99,g_a_cpu,cpu,2899.11,2899.45
20,99,eb_enc,cpu,2899.45,2904.21
20,162,normalize,cpu,2904.77,2908.49
20,162,g_a_cpu,cpu,2908.5,2908.82
20,162,g_a,dpu,2908.82,3680.8
20,162,g_a,dpu,3680.81,4459.83
20,162,g_a_cpu,cpu,4459.83,4460.17
20,162,eb_enc,cpu,4460.18,4465.04
20,225,normalize,cpu,4465.47,4469.14
20,225,g_a_cpu,cpu,4469.15,4469.39
20,225,g_a,dpu,4469.39,5245.17
20,225,g_a,dpu,5245.17,6038.94
20,225,g_a_cpu,cpu,6038.94,6039.47
20,225,eb_enc,cpu,6039.48,6044.43
20,291,normalize,cpu,6045.08,6048.75
20,291,g_a_cpu,cpu,6048.76,6049.1
20,291,g_a,dpu,6049.1,6823.14
20,291,g_a,dpu,6823.14,7607.05
20,291,g_a_cpu,cpu,7607.05,7607.49
20,291,eb_enc,cpu,7607.5,7612.23
20,354,normalize,cpu,7612.74,7616.44
20,354,g_a_cpu,cpu,7616.45,7616.76
20,354,g_a,dpu,7616.76,8391.15
20,354,g_a,dpu,8391.15,9171.22
20,354,g_a_cpu,cpu,9171.22,9171.85
20,354,eb_enc,cpu,9171.85,9176.9
20,416,normalize,cpu,9177.44,9181.1
20,416,g_a_cpu,cpu,9181.1,9181.41
20,416,g_a,dpu,9181.41,9955.88
20,416,g_a,dpu,9955.88,10731.7
20,416,g_a_cpu,cpu,10731.7,10732.1
20,416,eb_enc,cpu,10732.1,10736.9
20,482,normalize,cpu,10737.4,10741
20,482,g_a_cpu,cpu,10741,10741.4
20,482,g_a,dpu,10741.4,11512
20,482,g_a,dpu,11512,12281.7
20,482,g_a_cpu,cpu,12281.7,12282.1
20,482,eb_enc,cpu,12282.1,12286.9
20,544,normalize,cpu,12287.4,12291.1
20,544,g_a_cpu,cpu,12291.1,12291.6
20,544,g_a,dpu,12291.6,13063.5
20,544,g_a,dpu,13063.5,13847.3
20,544,g_a_cpu,cpu,13847.3,13847.7
20,544,eb_enc,cpu,13847.7,13852.5
20,607,normalize,cpu,13853,13856.7
20,607,g_a_cpu,cpu,13856.7,13857
20,607,g_a,dpu,13857,14624.7
20,607,g_a,dpu,14624.7,15404.7
20,607,g_a_cpu,cpu,15404.7,15405.3
20,607,eb_enc,cpu,15405.3,15410.5
20,672,normalize,cpu,15411.1,15414.8
20,672,g_a_cpu,cpu,15414.8,15415.1
20,672,g_a,dpu,15415.1,16187.9
20,672,g_a,dpu,16187.9,16974.2
20,672,g_a_cpu,cpu,16974.2,16974.7
20,672,eb_enc,cpu,16974.7,16979.5
20,737,normalize,cpu,16979.9,16983.5
20,737,g_a_cpu,cpu,16983.5,16983.8
20,737,g_a,dpu,16983.8,17747.9
20,737,g_a,dpu,17747.9,18537
20,737,g_a_cpu,cpu,18537,18537.3
20,737,eb_enc,cpu,18537.3,18542.1
20,801,normalize,cpu,18542.6,18546.2
20,801,g_a_cpu,cpu,18546.2,18546.5
20,801,g_a,dpu,18546.6,19311.9
20,801,g_a,dpu,19311.9,20091.3
20,801,g_a_cpu,cpu,20091.3,20091.7
20,801,eb_enc,cpu,20091.7,20096.5
20,865,normalize,cpu,20096.9,20100.7
20,865,g_a_cpu,cpu,20100.7,20101
20,865,g_a,dpu,20101,20859.8
20,865,g_a,dpu,20859.8,21635.1
20,865,g_a_cpu,cpu,21635.2,21635.5
20,865,eb_enc,cpu,21635.5,21640.4
21,17,normalize,cpu,87.3924,115.728
21,17,g_a_cpu,cpu,115.915,116.386
21,17,g_a,dpu,116.392,517.126
21,17,g_a,dpu,517.132,1318.75
21,17,g_a_cpu,cpu,1318.75,1319.25
21,17,eb_enc,cpu,1319.26,1325.71
21,97,normalize,cpu,1326.33,1330
21,97,g_a_cpu,cpu,1330.01,1330.45
21,97,g_a,dpu,1330.46,2115.9
21,97,g_a,dpu,2115.9,2919.1
21,97,g_a_cpu,cpu,2919.1,2919.52
21,97,eb_enc,cpu,2919.52,2924.36
21,164,normalize,cpu,2924.84,2928.51
21,164,g_a_cpu,cpu,2928.52,2928.8
21,164,g_a,dpu,2928.8,3722.7
21,164,g_a,dpu,3722.7,4527
21,164,g_a_cpu,cpu,4527,4527.47
21,164,eb_enc,cpu,4527.48,4532.23
21,227,normalize,cpu,4532.75,4536.43
21,227,g_a_cpu,cpu,4536.44,4536.91
21,227,g_a,dpu,4536.92,5342.72
21,227,g_a,dpu,5342.72,6143.21
21,227,g_a_cpu,cpu,6143.22,6143.7
21,227,eb_enc,cpu,6143.71,6148.51
21,295,normalize,cpu,6149.04,6152.76
21,295,g_a_cpu,cpu,6152.76,6153.11
21,295,g_a,dpu,6153.11,6950.7
21,295,g_a,dpu,6950.7,7758.89
21,295,g_a_cpu,cpu,7758.9,7759.38
21,295,eb_enc,cpu,7759.38,7764.15
21,362,normalize,cpu,7764.63,7768.31
21,362,g_a_cpu,cpu,7768.31,7768.6
21,362,g_a,dpu,7768.61,8558.67
21,362,g_a,dpu,8558.68,9362.56
21,362,g_a_cpu,cpu,9362.57,9362.91
21,362,eb_enc,cpu,9362.92,9367.72
21,425,normalize,cpu,9368.16,9371.83
21,425,g_a_cpu,cpu,9371.83,9372.16
21,425,g_a,dpu,9372.16,10167.6
21,425,g_a,dpu,10167.6,10970.7
21,425,g_a_cpu,cpu,10970.7,10971
21,425,eb_enc,cpu,10971,10975.8
21,492,normalize,cpu,10976.3,10980
21,492,g_a_cpu,cpu,10980,10980.3
21,492,g_a,dpu,10980.3,11771.5
21,492,g_a,dpu,11771.5,11808.2
21,492,g_a_cpu,cpu,11808.2,11808.7
21,492,eb_enc,cpu,11808.7,11813.8
21,524,normalize,cpu,11814.2,11817.9
21,524,g_a_cpu,cpu,11817.9,11818.2
21,524,g_a,dpu,11818.2,13386.7
21,524,g_a,dpu,13386.7,14194.3
21,524,g_a_cpu,cpu,14194.3,14194.8
21,524,eb_enc,cpu,14194.8,14199.5
21,619,normalize,cpu,14200.1,14203.7
21,619,g_a_cpu,cpu,14203.7,14204.1
21,619,g_a,dpu,14204.2,14998.8
21,619,g_a,dpu,14998.8,15802.4
21,619,g_a_cpu,cpu,15802.4,15802.9
21,619,eb_enc,cpu,15802.9,15807.6
21,685,normalize,cpu,15808.1,15812.4
21,685,g_a_cpu,cpu,15812.4,15812.7
21,685,g_a,dpu,15812.7,16600.3
21,685,g_a,dpu,16600.3,17394.4
21,685,g_a_cpu,cpu,17394.4,17394.8
21,685,eb_enc,cpu,17394.8,17399.6
21,748,normalize,cpu,17400.1,17403.8
21,748,g_a_cpu,cpu,17403.8,17404.1
21,748,g_a,dpu,17404.1,18216.3
21,748,g_a,dpu,18216.3,19802.8
21,748,g_a_cpu,cpu,19802.8,19803.1
21,748,eb_enc,cpu,19803.1,19807.9
21,852,normalize,cpu,19808.4,19812.1
21,852,g_a_cpu,cpu,19812.1,19812.3
21,852,g_a,dpu,19812.3,20606.8
21,852,g_a,dpu,20606.8,21422.7
21,852,g_a_cpu,cpu,21422.7,21423.1
21,852,eb_enc,cpu,21423.1,21427.9
21,918,normalize,cpu,21428.4,21432.1
21,918,g_a_cpu,cpu,21432.1,21432.5
21,918,g_a,dpu,21432.5,22226.6
21,918,g_a,dpu,22226.6,22826.6
21,918,g_a_cpu,cpu,22826.6,22827
21,918,eb_enc,cpu,22827,22831.8
22,18,normalize,cpu,91.342,119.084
22,18,g_a_cpu,cpu,119.153,119.801
22,18,g_a,dpu,119.806,402.703
22,18,g_a,dpu,402.706,1174.87
22,18,g_a_cpu,cpu,1174.87,1175.36
22,18,eb_enc,cpu,1175.37,1181.53
22,90,normalize,cpu,1182.16,1185.96
22,90,g_a_cpu,cpu,1185.96,1186.29
22,90,g_a,dpu,1186.3,1951.15
22,90,g_a,dpu,1951.15,2725.52
22,90,g_a_cpu,cpu,2725.52,2725.95
22,90,eb_enc,cpu,2725.95,2730.77
22,153,normalize,cpu,2731.63,2735.36
22,153,g_a_cpu,cpu,2735.36,2735.69
22,153,g_a,dpu,2735.7,3495.68
22,153,g_a,dpu,3495.68,4266.72
22,153,g_a_cpu,cpu,4266.72,4267.24
22,153,eb_enc,cpu,4267.24,4272.78
22,215,normalize,cpu,4273.22,4278.93
22,215,g_a_cpu,cpu,4278.93,4279.34
22,215,g_a,dpu,4279.34,5787.87
22,215,g_a,dpu,5787.88,5824.24
22,215,g_a_cpu,cpu,5824.24,5824.69
22,215,eb_enc,cpu,5824.7,5829.41
22,280,normalize,cpu,5829.85,5833.51
22,280,g_a_cpu,cpu,5833.51,5833.84
22,280,g_a,dpu,5833.84,7325.92
22,280,g_a,dpu,7325.92,7362.33
22,280,g_a_cpu,cpu,7362.33,7362.72
22,280,eb_enc,cpu,7362.72,7367.64
22,344,normalize,cpu,7368.12,7371.77
22,344,g_a_cpu,cpu,7371.78,7372.07
22,344,g_a,dpu,7372.07,9615.41
22,344,g_a,dpu,9615.42,10394.5
22,344,g_a_cpu,cpu,10394.5,10394.8
22,344,eb_enc,cpu,10394.8,10399.8
22,467,normalize,cpu,10400.4,10404.1
22,467,g_a_cpu,cpu,10404.1,10404.4
22,467,g_a,dpu,10404.4,11174.7
22,467,g_a,dpu,11174.7,11943.1
22,467,g_a_cpu,cpu,11943.1,11943.5
22,467,eb_enc,cpu,11943.5,11948.3
22,530,normalize,cpu,11948.8,11953.2
22,530,g_a_cpu,cpu,11953.2,11953.5
22,530,g_a,dpu,11953.5,12702.8
22,530,g_a,dpu,12702.8,13466.2
22,530,g_a_cpu,cpu,13466.2,13466.6
22,530,eb_enc,cpu,13466.6,13471.4
22,593,normalize,cpu,13471.9,13475.6
22,593,g_a_cpu,cpu,13475.6,13475.8
22,593,g_a,dpu,13475.8,14240.8
22,593,g_a,dpu,14240.8,15007.2
22,593,g_a_cpu,cpu,15007.2,15007.7
22,593,eb_enc,cpu,15007.7,15012.4
22,657,normalize,cpu,15012.9,15016.6
22,657,g_a_cpu,cpu,15016.6,15016.9
22,657,g_a,dpu,15016.9,15775
22,657,g_a,dpu,15775,16563.4
22,657,g_a_cpu,cpu,16563.4,16563.7
22,657,eb_enc,cpu,16563.7,16597.7
22,721,normalize,cpu,16598.2,16602
22,721,g_a_cpu,cpu,16602,16602.3
22,721,g_a,dpu,16602.3,17338.8
22,721,g_a,dpu,17338.8,18110.8
22,721,g_a_cpu,cpu,18110.8,18111.1
22,721,eb_enc,cpu,18111.1,18115.9
22,782,normalize,cpu,18116.4,18120
22,782,g_a_cpu,cpu,18120,18120.3
22,782,g_a,dpu,18120.4,18886.8
22,782,g_a,dpu,18886.8,19661.3
22,782,g_a_cpu,cpu,19661.3,19661.8
22,782,eb_enc,cpu,19661.8,19666.5
22,846,normalize,cpu,19667,19670.6
22,846,g_a_cpu,cpu,19670.6,19670.9
22,846,g_a,dpu,19670.9,20434.7
22,846,g_a,dpu,20434.7,21210.9
22,846,g_a_cpu,cpu,21210.9,21211.3
22,846,eb_enc,cpu,21211.3,21216.1
22,909,normalize,cpu,21216.5,21220.2
22,909,g_a_cpu,cpu,21220.2,21220.5
22,909,g_a,dpu,21220.5,21979
22,909,g_a,dpu,21979,22606.9
22,909,g_a_cpu,cpu,22606.9,22607.3
22,909,eb_enc,cpu,22607.3,22612.1
23,21,normalize,cpu,95.3051,122.504
23,21,g_a_cpu,cpu,122.592,123.069
23,21,g_a,dpu,123.075,811.95
23,21,g_a,dpu,811.952,848.917
23,21,g_a_cpu,cpu,848.918,849.262
23,21,eb_enc,cpu,849.269,855.402
23,77,normalize,cpu,855.855,859.498
23,77,g_a_cpu,cpu,859.501,859.815
23,77,g_a,dpu,859.818,3125.3
23,77,g_a,dpu,3125.31,3902.99
23,77,g_a_cpu,cpu,3902.99,3903.68
23,77,eb_enc,cpu,3903.69,3913.18
23,204,normalize,cpu,3922.71,3926.37
23,204,g_a_cpu,cpu,3926.38,3926.63
23,204,g_a,dpu,3926.63,4685.55
23,204,g_a,dpu,4685.55,5471.26
23,204,g_a_cpu,cpu,5471.26,5471.71
23,204,eb_enc,cpu,5471.72,5476.58
23,268,normalize,cpu,5477.17,5480.83
23,268,g_a_cpu,cpu,5480.83,5481.11
23,268,g_a,dpu,5481.11,6265.52
23,268,g_a,dpu,6265.52,7042.54
23,268,g_a_cpu,cpu,7042.54,7043.05
23,268,eb_enc,cpu,7043.05,7047.87
23,332,normalize,cpu,7048.33,7051.99
23,332,g_a_cpu,cpu,7051.99,7052.25
23,332,g_a,dpu,7052.25,7831.13
23,332,g_a,dpu,7831.13,8611.13
23,332,g_a_cpu,cpu,8611.13,8611.63
23,332,eb_enc,cpu,8611.63,8616.43
23,393,normalize,cpu,8616.92,8620.66
23,393,g_a_cpu,cpu,8620.66,8620.95
23,393,g_a,dpu,8620.96,10139.1
23,393,g_a,dpu,10139.1,10175.9
23,393,g_a_cpu,cpu,10175.9,10176.3
23,393,eb_enc,cpu,10176.4,10181.1
23,457,normalize,cpu,10181.6,10185.2
23,457,g_a_cpu,cpu,10185.2,10185.6
23,457,g_a,dpu,10185.6,11694.8
23,457,g_a,dpu,11694.8,12465.6
23,457,g_a_cpu,cpu,12465.6,12466
23,457,eb_enc,cpu,12466,12470.8
23,552,normalize,cpu,12471.3,12479.3
23,552,g_a_cpu,cpu,12479.3,12479.6
23,552,g_a,dpu,12479.6,13252.2
23,552,g_a,dpu,13252.2,13289
23,552,g_a_cpu,cpu,13289,13289.3
23,552,eb_enc,cpu,13289.3,13294.2
23,584,normalize,cpu,13294.6,13298.3
23,584,g_a_cpu,cpu,13298.3,13298.6
23,584,g_a,dpu,13298.6,14811.1
23,584,g_a,dpu,14811.1,14847.9
23,584,g_a_cpu,cpu,14847.9,14848.3
23,584,eb_enc,cpu,14848.3,14853.1
23,649,normalize,cpu,14853.7,14857.4
23,649,g_a_cpu,cpu,14857.4,14857.6
23,649,g_a,dpu,14857.6,15627.8
23,649,g_a,dpu,15627.8,16411.2
23,649,g_a_cpu,cpu,16411.2,16411.6
23,649,eb_enc,cpu,16411.6,16417.1
23,713,normalize,cpu,16417.6,16421.8
23,713,g_a_cpu,cpu,16421.8,16422.1
23,713,g_a,dpu,16422.1,17193.5
23,713,g_a,dpu,17193.5,17975.4
23,713,g_a_cpu,cpu,17975.4,17975.8
23,713,eb_enc,cpu,17975.8,17980.6
23,776,normalize,cpu,17981.1,17984.8
23,776,g_a_cpu,cpu,17984.8,17985
23,776,g_a,dpu,17985,18757.7
23,776,g_a,dpu,18757.7,19531.5
23,776,g_a_cpu,cpu,19531.5,19531.9
23,776,eb_enc,cpu,19531.9,19536.7
23,839,normalize,cpu,19537.3,19541
23,839,g_a_cpu,cpu,19541,19541.2
23,839,g_a,dpu,19541.2,20309.9
23,839,g_a,dpu,20309.9,21081.6
23,839,g_a_cpu,cpu,21081.6,21082
23,839,eb_enc,cpu,21082,21086.8
23,901,normalize,cpu,21087.3,21091.1
23,901,g_a_cpu,cpu,21091.1,21091.8
23,901,g_a,dpu,21091.8,21854.2
23,901,g_a,dpu,21854.2,22549.2
23,901,g_a_cpu,cpu,22549.2,22549.7
23,901,eb_enc,cpu,22549.7,22554.5
24,22,normalize,cpu,99.2364,125.276
24,22,g_a_cpu,cpu,125.374,125.953
24,22,g_a,dpu,125.957,552.99
24,22,g_a,dpu,552.993,1354.69
24,22,g_a_cpu,cpu,1354.7,1355.13
24,22,eb_enc,cpu,1355.15,1360.23
24,100,normalize,cpu,1360.75,1364.4
24,100,g_a_cpu,cpu,1364.4,1364.77
24,100,g_a,dpu,1364.77,2152.05
24,100,g_a,dpu,2152.06,2955.12
24,100,g_a_cpu,cpu,2955.12,2955.58
24,100,eb_enc,cpu,2955.58,2960.37
24,166,normalize,cpu,2960.87,2964.57
24,166,g_a_cpu,cpu,2964.57,2964.85
24,166,g_a,dpu,2964.85,3758.79
24,166,g_a,dpu,3758.79,4562.94
24,166,g_a_cpu,cpu,4562.94,4563.42
24,166,eb_enc,cpu,4563.43,4568.26
24,229,normalize,cpu,4568.76,4573.17
24,229,g_a_cpu,cpu,4573.18,4573.59
24,229,g_a,dpu,4573.59,5378.69
24,229,g_a,dpu,5378.69,6179.15
24,229,g_a_cpu,cpu,6179.15,6179.61
24,229,eb_enc,cpu,6179.61,6184.41
24,297,normalize,cpu,6184.9,6188.6
24,297,g_a_cpu,cpu,6188.61,6188.84
24,297,g_a,dpu,6188.84,6986.59
24,297,g_a,dpu,6986.59,7794.91
24,297,g_a_cpu,cpu,7794.91,7795.37
24,297,eb_enc,cpu,7795.37,7800.25
24,364,normalize,cpu,7800.71,7804.38
24,364,g_a_cpu,cpu,7804.38,7804.69
24,364,g_a,dpu,7804.69,8594.59
24,364,g_a,dpu,8594.59,9401
24,364,g_a_cpu,cpu,9401,9401.44
24,364,eb_enc,cpu,9401.44,9406.45
24,427,normalize,cpu,9407.13,9410.77
24,427,g_a_cpu,cpu,9410.78,9411.3
24,427,g_a,dpu,9411.3,10203.9
24,427,g_a,dpu,10203.9,11010.7
24,427,g_a_cpu,cpu,11010.7,11011.1
24,427,eb_enc,cpu,11011.1,11015.9
24,494,normalize,cpu,11016.5,11020.2
24,494,g_a_cpu,cpu,11020.2,11020.5
24,494,g_a,dpu,11020.5,12587.6
24,494,g_a,dpu,12587.6,12623.9
24,494,g_a_cpu,cpu,12623.9,12624.3
24,494,eb_enc,cpu,12624.3,12629.3
24,558,normalize,cpu,12629.7,12633.4
24,558,g_a_cpu,cpu,12633.4,12633.7
24,558,g_a,dpu,12633.7,13422.7
24,558,g_a,dpu,13422.7,14230.2
24,558,g_a_cpu,cpu,14230.2,14230.6
24,558,eb_enc,cpu,14230.6,14235.4
24,621,normalize,cpu,14235.9,14239.6
24,621,g_a_cpu,cpu,14239.6,14239.9
24,621,g_a,dpu,14239.9,15034.7
24,621,g_a,dpu,15034.7,15838.2
24,621,g_a_cpu,cpu,15838.2,15838.6
24,621,eb_enc,cpu,15838.6,15843.4
24,686,normalize,cpu,15843.9,15847.8
24,686,g_a_cpu,cpu,15847.8,15848.3
24,686,g_a,dpu,15848.3,16637
24,686,g_a,dpu,16637,17430.3
24,686,g_a_cpu,cpu,17430.3,17430.7
24,686,eb_enc,cpu,17430.7,17435.6
24,751,normalize,cpu,17436.1,17439.7
24,751,g_a_cpu,cpu,17439.7,17440
24,751,g_a,dpu,17440,18252.6
24,751,g_a,dpu,18252.6,19055.2
24,751,g_a_cpu,cpu,19055.2,19055.6
24,751,eb_enc,cpu,19055.6,19060.5
24,817,normalize,cpu,19061,19064.7
24,817,g_a_cpu,cpu,19064.7,19065
24,817,g_a,dpu,19065,20642.7
24,817,g_a,dpu,20642.7,21462.6
24,817,g_a_cpu,cpu,21462.6,21463.1
24,817,eb_enc,cpu,21463.1,21471.3
24,920,normalize,cpu,21471.9,21475.6
24,920,g_a_cpu,cpu,21475.6,21475.9
24,920,g_a,dpu,21475.9,22262.7
24,920,g_a,dpu,22262.7,22862.4
24,920,g_a_cpu,cpu,22862.4,22862.9
24,920,eb_enc,cpu,22862.9,22867.6
25,47,normalize,cpu,131.273,139.651
25,47,g_a_cpu,cpu,139.667,140.03
25,47,g_a,dpu,140.035,366.768
25,47,g_a,dpu,366.771,1138.33
25,47,g_a_cpu,cpu,1138.33,1138.74
25,47,eb_enc,cpu,1138.75,1143.64
25,87,normalize,cpu,1144.26,1147.92
25,87,g_a_cpu,cpu,1147.93,1148.25
25,87,g_a,dpu,1148.25,1914.8
25,87,g_a,dpu,1914.81,2686.99
25,87,g_a_cpu,cpu,2686.99,2687.34
25,87,eb_enc,cpu,2687.34,2692.15
25,151,normalize,cpu,2692.69,2696.33
25,151,g_a_cpu,cpu,2696.33,2696.64
25,151,g_a,dpu,2696.64,3459.27
25,151,g_a,dpu,3459.27,4226.93
25,151,g_a_cpu,cpu,4226.93,4227.27
25,151,eb_enc,cpu,4227.27,4232.04
25,212,normalize,cpu,4232.54,4240.69
25,212,g_a_cpu,cpu,4240.7,4241.2
25,212,g_a,dpu,4241.2,5022.93
25,212,g_a,dpu,5022.93,5059.35
25,212,g_a_cpu,cpu,5059.35,5059.68
25,212,eb_enc,cpu,5059.68,5064.44
25,252,normalize,cpu,5064.88,5068.52
25,252,g_a_cpu,cpu,5068.52,5068.84
25,252,g_a,dpu,5068.84,6560.77
25,252,g_a,dpu,6560.77,6597.19
25,252,g_a_cpu,cpu,6597.19,6597.52
25,252,eb_enc,cpu,6597.52,6602.32
25,316,normalize,cpu,6602.81,6606.42
25,316,g_a_cpu,cpu,6606.42,6606.73
25,316,g_a,dpu,6606.73,8107.15
25,316,g_a,dpu,8107.15,8143.64
25,316,g_a_cpu,cpu,8143.64,8143.99
25,316,eb_enc,cpu,8143.99,8148.8
25,377,normalize,cpu,8149.36,8152.98
25,377,g_a_cpu,cpu,8152.98,8153.3
25,377,g_a,dpu,8153.3,8915.16
25,377,g_a,dpu,8915.16,10434.9
25,377,g_a_cpu,cpu,10434.9,10435.4
25,377,eb_enc,cpu,10435.4,10440.4
25,470,normalize,cpu,10440.9,10444.5
25,470,g_a_cpu,cpu,10444.5,10444.9
25,470,g_a,dpu,10444.9,11210.7
25,470,g_a,dpu,11210.7,11979.1
25,470,g_a_cpu,cpu,11979.1,11979.5
25,470,eb_enc,cpu,11979.5,11984.3
25,532,normalize,cpu,11984.8,11988.5
25,532,g_a_cpu,cpu,11988.5,11988.9
25,532,g_a,dpu,11988.9,12738.7
25,532,g_a,dpu,12738.7,13505.5
25,532,g_a_cpu,cpu,13505.5,13506
25,532,eb_enc,cpu,13506,13510.7
25,595,normalize,cpu,13511.2,13514.9
25,595,g_a_cpu,cpu,13514.9,13515.2
25,595,g_a,dpu,13515.2,14276.7
25,595,g_a,dpu,14276.7,15043.2
25,595,g_a_cpu,cpu,15043.2,15043.7
25,595,eb_enc,cpu,15043.7,15048.5
25,659,normalize,cpu,15049,15052.6
25,659,g_a_cpu,cpu,15052.6,15052.9
25,659,g_a,dpu,15052.9,15811
25,659,g_a,dpu,15811,16600.4
25,659,g_a_cpu,cpu,16600.4,16600.9
25,659,eb_enc,cpu,16600.9,16609
25,722,normalize,cpu,16609.5,16613.2
25,722,g_a_cpu,cpu,16613.2,16613.7
25,722,g_a,dpu,16613.7,17374.7
25,722,g_a,dpu,17374.7,18150.8
25,722,g_a_cpu,cpu,18150.8,18151.2
25,722,eb_enc,cpu,18151.2,18156.1
25,785,normalize,cpu,18156.6,18160.2
25,785,g_a_cpu,cpu,18160.2,18160.5
25,785,g_a,dpu,18160.5,18922.9
25,785,g_a,dpu,18922.9,19697.3
25,785,g_a_cpu,cpu,19697.3,19697.6
25,785,eb_enc,cpu,19697.6,19702.3
25,848,normalize,cpu,19702.9,19706.5
25,848,g_a_cpu,cpu,19706.5,19706.8
25,848,g_a,dpu,19706.8,20471.1
25,848,g_a,dpu,20471.1,21246.9
25,848,g_a_cpu,cpu,21246.9,21247.3
25,848,eb_enc,cpu,21247.3,21252
25,912,normalize,cpu,21252.5,21256.1
25,912,g_a_cpu,cpu,21256.1,21256.4
25,912,g_a,dpu,21256.4,22015.5
25,912,g_a,dpu,22015.5,22642.9
25,912,g_a_cpu,cpu,22642.9,22643.2
25,912,eb_enc,cpu,22643.2,22648
26,24,normalize,cpu,99.7248,129.041
26,24,g_a_cpu,cpu,129.15,129.568
26,24,g_a,dpu,129.574,409.623
26,24,g_a,dpu,409.625,1182.57
26,24,g_a_cpu,cpu,1182.58,1183.16
26,24,eb_enc,cpu,1183.17,1189.33
26,91,normalize,cpu,1189.79,1193.45
26,91,g_a_cpu,cpu,1193.46,1193.76
26,91,g_a,dpu,1193.76,1966.63
26,91,g_a,dpu,1966.64,2743.42
26,91,g_a_cpu,cpu,2743.42,2743.75
26,91,eb_enc,cpu,2743.76,2748.61
26,155,normalize,cpu,2749.06,2752.73
26,155,g_a_cpu,cpu,2752.74,2753.07
26,155,g_a,dpu,2753.07,3533.88
26,155,g_a,dpu,3533.89,4313.2
26,155,g_a_cpu,cpu,4313.2,4313.63
26,155,eb_enc,cpu,4313.64,4318.35
26,218,normalize,cpu,4318.84,4322.47
26,218,g_a_cpu,cpu,4322.47,4322.84
26,218,g_a,dpu,4322.84,5844.08
26,218,g_a,dpu,5844.08,5880.92
26,218,g_a_cpu,cpu,5880.92,5881.27
26,218,eb_enc,cpu,5881.27,5886.03
26,283,normalize,cpu,5886.56,5890.21
26,283,g_a_cpu,cpu,5890.21,5890.52
26,283,g_a,dpu,5890.52,7416.46
26,283,g_a,dpu,7416.46,7453.22
26,283,g_a_cpu,cpu,7453.22,7453.76
26,283,eb_enc,cpu,7453.77,7458.49
26,347,normalize,cpu,7459.01,7462.7
26,347,g_a_cpu,cpu,7462.71,7463.47
26,347,g_a,dpu,7463.47,8986.63
26,347,g_a,dpu,8986.64,9770.22
26,347,g_a_cpu,cpu,9770.22,9770.73
26,347,eb_enc,cpu,9770.74,9775.46
26,440,normalize,cpu,9775.92,9779.58
26,440,g_a_cpu,cpu,9779.59,9779.89
26,440,g_a,dpu,9779.89,10547.6
26,440,g_a,dpu,10547.6,11324
26,440,g_a_cpu,cpu,11324,11324.3
26,440,eb_enc,cpu,11324.3,11329.1
26,504,normalize,cpu,11329.6,11333.2
26,504,g_a_cpu,cpu,11333.2,11333.5
26,504,g_a,dpu,11333.5,12099.1
26,504,g_a,dpu,12099.1,12873.1
26,504,g_a_cpu,cpu,12873.1,12873.5
26,504,eb_enc,cpu,12873.5,12878.3
26,567,normalize,cpu,12879,12882.6
26,567,g_a_cpu,cpu,12882.6,12882.9
26,567,g_a,dpu,12882.9,13661.7
26,567,g_a,dpu,13661.7,14440
26,567,g_a_cpu,cpu,14440,14440.4
26,567,eb_enc,cpu,14440.4,14445.2
26,631,normalize,cpu,14445.7,14450
26,631,g_a_cpu,cpu,14450,14450.3
26,631,g_a,dpu,14450.3,15221.6
26,631,g_a,dpu,15221.6,15999.9
26,631,g_a_cpu,cpu,15999.9,16000.4
26,631,eb_enc,cpu,16000.4,16005.4
26,694,normalize,cpu,16005.8,16009.4
26,694,g_a_cpu,cpu,16009.4,16009.8
26,694,g_a,dpu,16009.8,16791.4
26,694,g_a,dpu,16791.4,17564.1
26,694,g_a_cpu,cpu,17564.1,17564.6
26,694,eb_enc,cpu,17564.6,17569.3
26,756,normalize,cpu,17569.8,17573.5
26,756,g_a_cpu,cpu,17573.5,17573.8
26,756,g_a,dpu,17573.8,18354.5
26,756,g_a,dpu,18354.5,19126.1
26,756,g_a_cpu,cpu,19126.1,19126.6
26,756,eb_enc,cpu,19126.6,19131.4
26,819,normalize,cpu,19132.1,19135.8
26,819,g_a_cpu,cpu,19135.8,19136.2
26,819,g_a,dpu,19136.2,19903.9
26,819,g_a,dpu,19903.9,20676.4
26,819,g_a_cpu,cpu,20676.4,20676.8
26,819,eb_enc,cpu,20676.8,20681.6
26,883,normalize,cpu,20682,20685.7
26,883,g_a_cpu,cpu,20685.7,20686
26,883,g_a,dpu,20686,21451.6
26,883,g_a,dpu,21451.6,22219.9
26,883,g_a_cpu,cpu,22219.9,22220.4
26,883,eb_enc,cpu,22220.4,22225.1
27,14,normalize,cpu,83.3731,107.857
27,14,g_a_cpu,cpu,148.331,148.795
27,14,g_a,dpu,148.8,186.914
27,14,g_a,dpu,186.925,915.475
27,14,g_a_cpu,cpu,915.476,915.966
27,14,eb_enc,cpu,915.981,922.098
27,78,normalize,cpu,922.558,926.241
27,78,g_a_cpu,cpu,926.244,926.578
27,78,g_a,dpu,926.58,1719
27,78,g_a,dpu,1719,2514.7
27,78,g_a_cpu,cpu,2514.7,2515.12
27,78,eb_enc,cpu,2515.12,2519.91
27,145,normalize,cpu,2520.4,2524.71
27,145,g_a_cpu,cpu,2524.71,2525.04
27,145,g_a,dpu,2525.04,3321.92
27,145,g_a,dpu,3321.92,4126.63
27,145,g_a_cpu,cpu,4126.63,4127.08
27,145,eb_enc,cpu,4127.09,4131.9
27,208,normalize,cpu,4132.36,4136.05
27,208,g_a_cpu,cpu,4136.05,4136.35
27,208,g_a,dpu,4136.36,4934.7
27,208,g_a,dpu,4934.7,5738.84
27,208,g_a_cpu,cpu,5738.84,5739.22
27,208,eb_enc,cpu,5739.22,5744.39
27,278,normalize,cpu,5744.82,5748.52
27,278,g_a_cpu,cpu,5748.52,5748.79
27,278,g_a,dpu,5748.79,6546.61
27,278,g_a,dpu,6546.61,7354.41
27,278,g_a_cpu,cpu,7354.41,7354.87
27,278,eb_enc,cpu,7354.88,7359.68
27,343,normalize,cpu,7360.19,7363.93
27,343,g_a_cpu,cpu,7363.93,7364.31
27,343,g_a,dpu,7364.31,8159.69
27,343,g_a,dpu,8159.7,8955.39
27,343,g_a_cpu,cpu,8955.4,8956
27,343,eb_enc,cpu,8956,8960.95
27,410,normalize,cpu,8961.42,8965.06
27,410,g_a_cpu,cpu,8965.07,8965.46
27,410,g_a,dpu,8965.46,9763.33
27,410,g_a,dpu,9763.33,10571.4
27,410,g_a_cpu,cpu,10571.4,10571.8
27,410,eb_enc,cpu,10571.8,10576.6
27,475,normalize,cpu,10577.1,10580.8
27,475,g_a_cpu,cpu,10580.8,10581.2
27,475,g_a,dpu,10581.2,11374.7
27,475,g_a,dpu,11374.7,12174.3
27,475,g_a_cpu,cpu,12174.3,12174.8
27,475,eb_enc,cpu,12174.8,12179.6
27,540,normalize,cpu,12180.1,12183.8
27,540,g_a_cpu,cpu,12183.9,12184.1
27,540,g_a,dpu,12184.1,12986.1
27,540,g_a,dpu,12986.1,13794.9
27,540,g_a_cpu,cpu,13794.9,13795.4
27,540,eb_enc,cpu,13795.4,13800.9
27,604,normalize,cpu,13801.4,13805
27,604,g_a_cpu,cpu,13805,13805.4
27,604,g_a,dpu,13805.4,14594.9
27,604,g_a,dpu,14594.9,16165
27,604,g_a_cpu,cpu,16165,16165.3
27,604,eb_enc,cpu,16165.3,16170.1
27,702,normalize,cpu,16170.6,16174.2
27,702,g_a_cpu,cpu,16174.2,16174.6
27,702,g_a,dpu,16174.6,16960.7
27,702,g_a,dpu,16960.7,17766.7
27,702,g_a_cpu,cpu,17766.7,17767.1
27,702,eb_enc,cpu,17767.1,17771.8
27,764,normalize,cpu,17772.5,17776.2
27,764,g_a_cpu,cpu,17776.2,17776.5
27,764,g_a,dpu,17776.5,18582.8
27,764,g_a,dpu,18582.8,19394.8
27,764,g_a_cpu,cpu,19394.8,19395.2
27,764,eb_enc,cpu,19395.3,19400
27,831,normalize,cpu,19400.6,19404.3
27,831,g_a_cpu,cpu,19404.3,19404.7
27,831,g_a,dpu,19404.7,20210.7
27,831,g_a,dpu,20210.7,21010.9
27,831,g_a_cpu,cpu,21010.9,21011.3
27,831,eb_enc,cpu,21011.3,21016.1
27,898,normalize,cpu,21016.6,21020.3
27,898,g_a_cpu,cpu,21020.3,21020.6
27,898,g_a,dpu,21020.6,21826.8
27,898,g_a,dpu,21826.8,22594.7
27,898,g_a_cpu,cpu,22594.7,22595.1
27,898,eb_enc,cpu,22595.1,22599.9
28,16,normalize,cpu,87.3924,108.337
28,16,g_a_cpu,cpu,149.635,150.495
28,16,g_a,dpu,150.499,694.776
28,16,g_a,dpu,694.78,2214.78
28,16,g_a_cpu,cpu,2214.79,2215.15
28,16,eb_enc,cpu,2215.16,2221.24
28,136,normalize,cpu,2221.77,2225.49
28,136,g_a_cpu,cpu,2225.5,2225.89
28,136,g_a,dpu,2225.89,2979.3
28,136,g_a,dpu,2979.31,3754.73
28,136,g_a_cpu,cpu,3754.73,3755.11
28,136,eb_enc,cpu,3755.11,3759.95
28,198,normalize,cpu,3760.38,3764.03
28,198,g_a_cpu,cpu,3764.03,3764.37
28,198,g_a,dpu,3764.37,4522.8
28,198,g_a,dpu,4522.8,5314.74
28,198,g_a_cpu,cpu,5314.75,5315.07
28,198,eb_enc,cpu,5315.08,5319.93
28,263,normalize,cpu,5320.39,5324.02
28,263,g_a_cpu,cpu,5324.02,5324.37
28,263,g_a,dpu,5324.37,6078.08
28,263,g_a,dpu,6078.08,6114.58
28,263,g_a_cpu,cpu,6114.58,6114.95
28,263,eb_enc,cpu,6114.95,6119.74
28,293,normalize,cpu,6120.21,6123.9
28,293,g_a_cpu,cpu,6123.9,6124.26
28,293,g_a,dpu,6124.26,6890.94
28,293,g_a,dpu,6890.94,7658.87
28,293,g_a_cpu,cpu,7658.87,7659.28
28,293,eb_enc,cpu,7659.28,7663.95
28,358,normalize,cpu,7664.42,7668.06
28,358,g_a_cpu,cpu,7668.06,7668.44
28,358,g_a,dpu,7668.44,8439.19
28,358,g_a,dpu,8439.2,9207.42
28,358,g_a_cpu,cpu,9207.42,9207.77
28,358,eb_enc,cpu,9207.77,9212.88
28,418,normalize,cpu,9213.45,9217.11
28,418,g_a_cpu,cpu,9217.11,9217.56
28,418,g_a,dpu,9217.56,9986.98
28,418,g_a,dpu,9986.98,10763.1
28,418,g_a_cpu,cpu,10763.1,10763.4
28,418,eb_enc,cpu,10763.4,10768.8
28,483,normalize,cpu,10769.4,10773.1
28,483,g_a_cpu,cpu,10773.1,10773.4
28,483,g_a,dpu,10773.4,11538.8
28,483,g_a,dpu,11538.8,12303.7
28,483,g_a_cpu,cpu,12303.7,12304.1
28,483,eb_enc,cpu,12304.1,12308.9
28,546,normalize,cpu,12309.5,12313.1
28,546,g_a_cpu,cpu,12313.1,12313.5
28,546,g_a,dpu,12313.5,13066.8
28,546,g_a,dpu,13066.8,13835.1
28,546,g_a_cpu,cpu,13835.1,13835.5
28,546,eb_enc,cpu,13835.5,13840.2
28,606,normalize,cpu,13840.6,13844.3
28,606,g_a_cpu,cpu,13844.3,13844.7
28,606,g_a,dpu,13844.7,14602.9
28,606,g_a,dpu,14602.9,15370.8
28,606,g_a_cpu,cpu,15370.8,15371.3
28,606,eb_enc,cpu,15371.3,15376.1
28,670,normalize,cpu,15376.6,15380.3
28,670,g_a_cpu,cpu,15380.3,15380.6
28,670,g_a,dpu,15380.6,16154.4
28,670,g_a,dpu,16154.4,16930.8
28,670,g_a_cpu,cpu,16930.8,16931.2
28,670,eb_enc,cpu,16931.2,16936
28,734,normalize,cpu,16936.4,16940.1
28,734,g_a_cpu,cpu,16940.1,16940.5
28,734,g_a,dpu,16940.5,17706.7
28,734,g_a,dpu,17706.7,18481.9
28,734,g_a_cpu,cpu,18481.9,18482.3
28,734,eb_enc,cpu,18482.3,18486.9
28,797,normalize,cpu,18487.6,18491.2
28,797,g_a_cpu,cpu,18491.3,18491.6
28,797,g_a,dpu,18491.6,19254.9
28,797,g_a,dpu,19254.9,20030.8
28,797,g_a_cpu,cpu,20030.8,20031.3
28,797,eb_enc,cpu,20031.3,20036.1
28,862,normalize,cpu,20036.6,20040.3
28,862,g_a_cpu,cpu,20040.3,20040.6
28,862,g_a,dpu,20040.6,20802.7
28,862,g_a,dpu,20802.7,21575.5
28,862,g_a_cpu,cpu,21575.5,21575.9
28,862,eb_enc,cpu,21575.9,21580.7
28,925,normalize,cpu,21581.2,21584.9
28,925,g_a_cpu,cpu,21584.9,21585.2
28,925,g_a,dpu,21585.2,22350.4
28,925,g_a,dpu,22350.4,22790.9
28,925,g_a_cpu,cpu,22790.9,22791.4
28,925,eb_enc,cpu,22791.4,22796.1
29,19,normalize,cpu,91.3421,107.351
29,19,g_a_cpu,cpu,147.794,148.239
29,19,g_a,dpu,148.243,1479.96
29,19,g_a,dpu,1479.97,1517.01
29,19,g_a_cpu,cpu,1517.01,1517.38
29,19,eb_enc,cpu,1517.39,1523.51
29,109,normalize,cpu,1524.05,1527.77
29,109,g_a_cpu,cpu,1527.77,1528.08
29,109,g_a,dpu,1528.09,3051.41
29,109,g_a,dpu,3051.41,3088.38
29,109,g_a_cpu,cpu,3088.38,3088.89
29,109,eb_enc,cpu,3088.89,3093.79
29,171,normalize,cpu,3094.33,3097.98
29,171,g_a_cpu,cpu,3097.98,3098.35
29,171,g_a,dpu,3098.35,4609.06
29,171,g_a,dpu,4609.06,4646.92
29,171,g_a_cpu,cpu,4646.92,4647.45
29,171,eb_enc,cpu,4647.47,4652.58
29,234,normalize,cpu,4653.32,4657.02
29,234,g_a_cpu,cpu,4657.02,4657.48
29,234,g_a,dpu,4657.48,6192.26
29,234,g_a,dpu,6192.26,6229.09
29,234,g_a_cpu,cpu,6229.09,6229.57
29,234,eb_enc,cpu,6229.57,6234.34
29,299,normalize,cpu,6234.91,6238.52
29,299,g_a_cpu,cpu,6238.52,6238.89
29,299,g_a,dpu,6238.89,7755.61
29,299,g_a,dpu,7755.61,7792.43
29,299,g_a_cpu,cpu,7792.43,7792.84
29,299,eb_enc,cpu,7792.84,7797.7
29,363,normalize,cpu,7798.31,7802
29,363,g_a_cpu,cpu,7802,7802.36
29,363,g_a,dpu,7802.36,9328.09
29,363,g_a,dpu,9328.09,10102.6
29,363,g_a_cpu,cpu,10102.6,10103.1
29,363,eb_enc,cpu,10103.1,10107.9
29,454,normalize,cpu,10108.4,10112
29,454,g_a_cpu,cpu,10112,10112.4
29,454,g_a,dpu,10112.4,10879.5
29,454,g_a,dpu,10879.5,11658.3
29,454,g_a_cpu,cpu,11658.3,11658.8
29,454,eb_enc,cpu,11658.8,11663.6
29,518,normalize,cpu,11664.3,11667.9
29,518,g_a_cpu,cpu,11667.9,11668.2
29,518,g_a,dpu,11668.2,12429.2
29,518,g_a,dpu,12429.2,13215.3
29,518,g_a_cpu,cpu,13215.3,13216
29,518,eb_enc,cpu,13216,13221.2
29,583,normalize,cpu,13222,13225.7
29,583,g_a_cpu,cpu,13225.7,13226.3
29,583,g_a,dpu,13226.4,13995.3
29,583,g_a,dpu,13995.3,14770.7
29,583,g_a_cpu,cpu,14770.7,14771
29,583,eb_enc,cpu,14771,14783.2
29,647,normalize,cpu,14783.8,14787.5
29,647,g_a_cpu,cpu,14787.5,14787.9
29,647,g_a,dpu,14787.9,15551.5
29,647,g_a,dpu,15551.5,15588.2
29,647,g_a_cpu,cpu,15588.2,15588.6
29,647,eb_enc,cpu,15588.6,15593.6
29,677,normalize,cpu,15594.2,15597.9
29,677,g_a_cpu,cpu,15597.9,15598.3
29,677,g_a,dpu,15598.3,17120.3
29,677,g_a,dpu,17120.3,17157.1
29,677,g_a_cpu,cpu,17157.1,17157.5
29,677,eb_enc,cpu,17157.5,17162.3
29,741,normalize,cpu,17162.9,17166.5
29,741,g_a_cpu,cpu,17166.5,17166.9
29,741,g_a,dpu,17166.9,18684.5
29,741,g_a,dpu,18684.5,18721.3
29,741,g_a_cpu,cpu,18721.3,18721.7
29,741,eb_enc,cpu,18721.7,18726.5
29,804,normalize,cpu,18727.6,18731.2
29,804,g_a_cpu,cpu,18731.2,18731.7
29,804,g_a,dpu,18731.7,20236.7
29,804,g_a,dpu,20236.7,20273.4
29,804,g_a_cpu,cpu,20273.4,20273.9
29,804,eb_enc,cpu,20273.9,20278.7
29,870,normalize,cpu,20279.2,20282.9
29,870,g_a_cpu,cpu,20282.9,20283.3
29,870,g_a,dpu,20283.3,21781
29,870,g_a,dpu,21781,21817.7
29,870,g_a_cpu,cpu,21817.7,21818.3
29,870,eb_enc,cpu,21818.3,21823.1
30,20,normalize,cpu,95.3054,109.292
30,20,g_a_cpu,cpu,109.299,109.774
30,20,g_a,dpu,109.784,625.188
30,20,g_a,dpu,625.191,1426.48
30,20,g_a_cpu,cpu,1426.48,1427.01
30,20,eb_enc,cpu,1427.02,1433.1
30,104,normalize,cpu,1433.58,1437.23
30,104,g_a_cpu,cpu,1437.24,1437.59
30,104,g_a,dpu,1437.59,2223.99
30,104,g_a,dpu,2224,3027.52
30,104,g_a_cpu,cpu,3027.53,3027.98
30,104,eb_enc,cpu,3027.99,3032.74
30,169,normalize,cpu,3033.18,3036.83
30,169,g_a_cpu,cpu,3036.83,3037.17
30,169,g_a,dpu,3037.17,3833.52
30,169,g_a,dpu,3833.52,4635.13
30,169,g_a_cpu,cpu,4635.13,4635.65
30,169,eb_enc,cpu,4635.67,4640.91
30,233,normalize,cpu,4641.64,4645.35
30,233,g_a_cpu,cpu,4645.35,4645.98
30,233,g_a,dpu,4645.99,5450.45
30,233,g_a,dpu,5450.45,6250.99
30,233,g_a_cpu,cpu,6250.99,6251.34
30,233,eb_enc,cpu,6251.34,6256.13
30,300,normalize,cpu,6256.58,6260.24
30,300,g_a_cpu,cpu,6260.24,6260.57
30,300,g_a,dpu,6260.57,7058.46
30,300,g_a,dpu,7058.46,7871.06
30,300,g_a_cpu,cpu,7871.06,7871.54
30,300,eb_enc,cpu,7871.54,7876.26
30,367,normalize,cpu,7876.72,7880.43
30,367,g_a_cpu,cpu,7880.43,7880.68
30,367,g_a,dpu,7880.69,8666.82
30,367,g_a,dpu,8666.83,9472.82
30,367,g_a_cpu,cpu,9472.83,9473.22
30,367,eb_enc,cpu,9473.22,9478.29
30,431,normalize,cpu,9478.78,9482.39
30,431,g_a_cpu,cpu,9482.4,9482.75
30,431,g_a,dpu,9482.75,10278.8
30,431,g_a,dpu,10278.8,11082.5
30,431,g_a_cpu,cpu,11082.5,11083
30,431,eb_enc,cpu,11083,11087.7
30,496,normalize,cpu,11088.2,11091.8
30,496,g_a_cpu,cpu,11091.8,11092.2
30,496,g_a,dpu,11092.2,11885
30,496,g_a,dpu,11885,12695.8
30,496,g_a_cpu,cpu,12695.9,12696.2
30,496,eb_enc,cpu,12696.2,12701.1
30,562,normalize,cpu,12701.5,12705.2
30,562,g_a_cpu,cpu,12705.2,12705.6
30,562,g_a,dpu,12705.6,13494.5
30,562,g_a,dpu,13494.5,14303.2
30,562,g_a_cpu,cpu,14303.2,14303.7
30,562,eb_enc,cpu,14303.7,14308.4
30,624,normalize,cpu,14308.9,14312.6
30,624,g_a_cpu,cpu,14312.6,14312.9
30,624,g_a,dpu,14312.9,15110.7
30,624,g_a,dpu,15110.7,15911
30,624,g_a_cpu,cpu,15911,15911.5
30,624,eb_enc,cpu,15911.5,15916.2
30,690,normalize,cpu,15916.7,15920.3
30,690,g_a_cpu,cpu,15920.3,15920.7
30,690,g_a,dpu,15920.7,16708.9
30,690,g_a,dpu,16708.9,17507
30,690,g_a_cpu,cpu,17507,17507.4
30,690,eb_enc,cpu,17507.4,17512.3
30,754,normalize,cpu,17512.9,17516.5
30,754,g_a_cpu,cpu,17516.5,17516.9
30,754,g_a,dpu,17516.9,18326.7
30,754,g_a,dpu,18326.7,19131
30,754,g_a_cpu,cpu,19131,19131.4
30,754,eb_enc,cpu,19131.4,19136.2
30,820,normalize,cpu,19136.7,19140.4
30,820,g_a_cpu,cpu,19140.4,19140.7
30,820,g_a,dpu,19140.7,19954.6
30,820,g_a,dpu,19954.6,21534.4
30,820,g_a_cpu,cpu,21534.4,21534.8
30,820,eb_enc,cpu,21534.8,21540.2
30,923,normalize,cpu,21540.7,21544.3
30,923,g_a_cpu,cpu,21544.3,21544.6
30,923,g_a,dpu,21544.6,22334.7
30,923,g_a,dpu,22334.7,22934.2
30,923,g_a_cpu,cpu,22934.2,22934.6
30,923,eb_enc,cpu,22934.6,22939.3
31,23,normalize,cpu,99.2365,108.583
31,23,g_a_cpu,cpu,150.617,151.163
31,23,g_a,dpu,151.172,438.67
31,23,g_a,dpu,438.672,1210.9
31,23,g_a_cpu,cpu,1210.9,1211.29
31,23,eb_enc,cpu,1211.3,1217.43
31,93,normalize,cpu,1217.9,1221.59
31,93,g_a_cpu,cpu,1221.59,1221.98
31,93,g_a,dpu,1221.98,1987.13
31,93,g_a,dpu,1987.14,2761.5
31,93,g_a_cpu,cpu,2761.5,2761.87
31,93,eb_enc,cpu,2761.87,2770.81
31,156,normalize,cpu,2771.45,2775.11
31,156,g_a_cpu,cpu,2775.11,2775.46
31,156,g_a,dpu,2775.46,3531.66
31,156,g_a,dpu,3531.66,4302.72
31,156,g_a_cpu,cpu,4302.72,4303.09
31,156,eb_enc,cpu,4303.09,4308.02
31,217,normalize,cpu,4308.47,4312.12
31,217,g_a_cpu,cpu,4312.13,4312.44
31,217,g_a,dpu,4312.44,5095.98
31,217,g_a,dpu,5095.98,5860.31
31,217,g_a_cpu,cpu,5860.31,5860.83
31,217,eb_enc,cpu,5860.84,5865.51
31,282,normalize,cpu,5866.03,5869.72
31,282,g_a_cpu,cpu,5869.73,5870.08
31,282,g_a,dpu,5870.08,6634.79
31,282,g_a,dpu,6634.79,7398.71
31,282,g_a_cpu,cpu,7398.72,7399.14
31,282,eb_enc,cpu,7399.14,7403.88
31,346,normalize,cpu,7404.38,7408.02
31,346,g_a_cpu,cpu,7408.03,7408.38
31,346,g_a,dpu,7408.38,8182.69
31,346,g_a,dpu,8182.7,8951.2
31,346,g_a_cpu,cpu,8951.2,8951.6
31,346,eb_enc,cpu,8951.6,8957.2
31,409,normalize,cpu,8957.75,8961.41
31,409,g_a_cpu,cpu,8961.41,8961.78
31,409,g_a,dpu,8961.78,9726.75
31,409,g_a,dpu,9726.75,10507.3
31,409,g_a_cpu,cpu,10507.3,10507.8
31,409,eb_enc,cpu,10507.8,10512.7
31,473,normalize,cpu,10513.2,10516.8
31,473,g_a_cpu,cpu,10516.8,10517.2
31,473,g_a,dpu,10517.2,11282.6
31,473,g_a,dpu,11282.6,12051.4
31,473,g_a_cpu,cpu,12051.4,12051.9
31,473,eb_enc,cpu,12051.9,12056.7
31,535,normalize,cpu,12057.3,12060.9
31,535,g_a_cpu,cpu,12060.9,12061.3
31,535,g_a,dpu,12061.3,12810.7
31,535,g_a,dpu,12810.7,13577.6
31,535,g_a_cpu,cpu,13577.6,13578
31,535,eb_enc,cpu,13578,13582.8
31,598,normalize,cpu,13583.2,13586.9
31,598,g_a_cpu,cpu,13586.9,13587.2
31,598,g_a,dpu,13587.2,14349.1
31,598,g_a,dpu,14349.1,15115.5
31,598,g_a_cpu,cpu,15115.5,15116
31,598,eb_enc,cpu,15116,15120.7
31,661,normalize,cpu,15121.2,15124.9
31,661,g_a_cpu,cpu,15124.9,15125.2
31,661,g_a,dpu,15125.2,15888.5
31,661,g_a,dpu,15888.5,16674.8
31,661,g_a_cpu,cpu,16674.8,16675.3
31,661,eb_enc,cpu,16675.3,16680.1
31,725,normalize,cpu,16680.5,16684.2
31,725,g_a_cpu,cpu,16684.2,16684.5
31,725,g_a,dpu,16684.5,17449.2
31,725,g_a,dpu,17449.2,18959.2
31,725,g_a_cpu,cpu,18959.2,18959.5
31,725,eb_enc,cpu,18959.5,18964.3
31,812,normalize,cpu,18964.8,18968.5
31,812,g_a_cpu,cpu,18968.5,18968.8
31,812,g_a,dpu,18968.8,19738.7
31,812,g_a,dpu,19738.7,20507.2
31,812,g_a_cpu,cpu,20507.2,20507.5
31,812,eb_enc,cpu,20507.5,20512.3
31,877,normalize,cpu,20512.7,20516.4
31,877,g_a_cpu,cpu,20516.4,20516.7
31,877,g_a,dpu,20516.7,21286.8
31,877,g_a,dpu,21286.8,22051.4
31,877,g_a_cpu,cpu,22051.4,22051.7
31,877,eb_enc,cpu,22051.7,22056.5
32,38,normalize,cpu,116.279,125.133
32,38,g_a_cpu,cpu,125.197,125.802
32,38,g_a,dpu,125.806,592.552
32,38,g_a,dpu,592.559,1367.18
32,38,g_a_cpu,cpu,1367.18,1367.64
32,38,eb_enc,cpu,1367.65,1373.84
32,102,normalize,cpu,1374.31,1377.99
32,102,g_a_cpu,cpu,1377.99,1378.31
32,102,g_a,dpu,1378.31,2151.52
32,102,g_a,dpu,2151.53,2939.21
32,102,g_a_cpu,cpu,2939.21,2939.67
32,102,eb_enc,cpu,2939.68,2945.28
32,165,normalize,cpu,2945.75,2949.43
32,165,g_a_cpu,cpu,2949.43,2949.76
32,165,g_a,dpu,2949.76,3718.96
32,165,g_a,dpu,3718.96,4499.22
32,165,g_a_cpu,cpu,4499.22,4499.64
32,165,eb_enc,cpu,4499.65,4504.43
32,226,normalize,cpu,4504.94,4508.58
32,226,g_a_cpu,cpu,4508.59,4508.94
32,226,g_a,dpu,4508.94,5281.74
32,226,g_a,dpu,5281.74,6075.97
32,226,g_a_cpu,cpu,6075.97,6076.39
32,226,eb_enc,cpu,6076.4,6081.47
32,292,normalize,cpu,6082.02,6085.68
32,292,g_a_cpu,cpu,6085.68,6086.02
32,292,g_a,dpu,6086.02,6859.58
32,292,g_a,dpu,6859.58,7643.47
32,292,g_a_cpu,cpu,7643.47,7643.89
32,292,eb_enc,cpu,7643.9,7648.67
32,356,normalize,cpu,7649.2,7652.9
32,356,g_a_cpu,cpu,7652.91,7653.34
32,356,g_a,dpu,7653.35,8427.63
32,356,g_a,dpu,8427.64,9211.03
32,356,g_a_cpu,cpu,9211.03,9211.59
32,356,eb_enc,cpu,9211.59,9216.67
32,419,normalize,cpu,9217.36,9221.02
32,419,g_a_cpu,cpu,9221.02,9221.46
32,419,g_a,dpu,9221.46,9992.82
32,419,g_a,dpu,9992.82,10029.6
32,419,g_a_cpu,cpu,10029.6,10030
32,419,eb_enc,cpu,10030,10034.8
32,450,normalize,cpu,10035.3,10039
32,450,g_a_cpu,cpu,10039,10039.3
32,450,g_a,dpu,10039.3,11548.8
32,450,g_a,dpu,11548.8,11585.6
32,450,g_a_cpu,cpu,11585.6,11586
32,450,eb_enc,cpu,11586,11590.8
32,515,normalize,cpu,11591.4,11595
32,515,g_a_cpu,cpu,11595.1,11595.4
32,515,g_a,dpu,11595.4,13099.9
32,515,g_a,dpu,13099.9,13136.7
32,515,g_a_cpu,cpu,13136.7,13137.1
32,515,eb_enc,cpu,13137.1,13142.1
32,578,normalize,cpu,13142.6,13146.2
32,578,g_a_cpu,cpu,13146.2,13146.5
32,578,g_a,dpu,13146.5,14661
32,578,g_a,dpu,14661,14697.8
32,578,g_a_cpu,cpu,14697.8,14698.2
32,578,eb_enc,cpu,14698.2,14703.8
32,641,normalize,cpu,14704.2,14707.9
32,641,g_a_cpu,cpu,14707.9,14708.2
32,641,g_a,dpu,14708.2,16224.2
32,641,g_a,dpu,16224.2,16261.1
32,641,g_a_cpu,cpu,16261.1,16261.6
32,641,eb_enc,cpu,16261.6,16266.5
32,704,normalize,cpu,16267,16270.7
32,704,g_a_cpu,cpu,16270.7,16271.1
32,704,g_a,dpu,16271.1,17047.6
32,704,g_a,dpu,17047.6,17821.3
32,704,g_a_cpu,cpu,17821.3,17821.7
32,704,eb_enc,cpu,17821.7,17826.6
32,767,normalize,cpu,17827,17830.7
32,767,g_a_cpu,cpu,17830.7,17831
32,767,g_a,dpu,17831,18612
32,767,g_a,dpu,18612,19384.7
32,767,g_a_cpu,cpu,19384.7,19385.2
32,767,eb_enc,cpu,19385.2,19389.9
32,830,normalize,cpu,19390.4,19394
32,830,g_a_cpu,cpu,19394,19394.5
32,830,g_a,dpu,19394.5,20164.1
32,830,g_a,dpu,20164.1,20935.2
32,830,g_a_cpu,cpu,20935.2,20935.7
32,830,eb_enc,cpu,20935.7,20940.8
32,892,normalize,cpu,20941.2,20944.9
32,892,g_a_cpu,cpu,20944.9,20945.3
32,892,g_a,dpu,20945.3,21708
32,892,g_a,dpu,21708,22440
32,892,g_a_cpu,cpu,22440,22440.4
32,892,eb_enc,cpu,22440.4,22445.2
33,40,normalize,cpu,119.682,123.354
33,40,g_a_cpu,cpu,123.425,123.833
33,40,g_a,dpu,123.838,768.674
33,40,g_a,dpu,768.678,1573.4
33,40,g_a_cpu,cpu,1573.41,1573.83
33,40,eb_enc,cpu,1573.84,1580.03
33,113,normalize,cpu,1580.59,1584.31
33,113,g_a_cpu,cpu,1584.31,1584.67
33,113,g_a,dpu,1584.67,2367.93
33,113,g_a,dpu,2367.94,3171.74
33,113,g_a_cpu,cpu,3171.74,3172.08
33,113,eb_enc,cpu,3172.08,3176.97
33,175,normalize,cpu,3177.47,3181.16
33,175,g_a_cpu,cpu,3181.16,3181.44
33,175,g_a,dpu,3181.44,3982.63
33,175,g_a,dpu,3982.63,4783.22
33,175,g_a_cpu,cpu,4783.23,4783.61
33,175,eb_enc,cpu,4783.62,4792.66
33,238,normalize,cpu,4793.09,4796.8
33,238,g_a_cpu,cpu,4796.8,4797.16
33,238,g_a,dpu,4797.16,5594.8
33,238,g_a,dpu,5594.8,5631.11
33,238,g_a_cpu,cpu,5631.11,5631.53
33,238,eb_enc,cpu,5631.53,5636.39
33,275,normalize,cpu,5636.9,5640.61
33,275,g_a_cpu,cpu,5640.61,5640.85
33,275,g_a,dpu,5640.85,6434.75
33,275,g_a,dpu,6434.75,7243.01
33,275,g_a_cpu,cpu,7243.01,7243.36
33,275,eb_enc,cpu,7243.36,7248.22
33,341,normalize,cpu,7248.72,7252.37
33,341,g_a_cpu,cpu,7252.37,7252.7
33,341,g_a,dpu,7252.7,8050.57
33,341,g_a,dpu,8050.58,8846.59
33,341,g_a_cpu,cpu,8846.59,8847.04
33,341,eb_enc,cpu,8847.04,8851.81
33,405,normalize,cpu,8852.54,8856.18
33,405,g_a_cpu,cpu,8856.19,8856.63
33,405,g_a,dpu,8856.63,9655.57
33,405,g_a,dpu,9655.57,10463.3
33,405,g_a_cpu,cpu,10463.3,10463.7
33,405,eb_enc,cpu,10463.7,10468.6
33,472,normalize,cpu,10469.1,10472.9
33,472,g_a_cpu,cpu,10472.9,10473.2
33,472,g_a,dpu,10473.2,11263.1
33,472,g_a,dpu,11263.1,12066.6
33,472,g_a_cpu,cpu,12066.6,12067.1
33,472,eb_enc,cpu,12067.1,12072
33,537,normalize,cpu,12072.6,12076.3
33,537,g_a_cpu,cpu,12076.3,12076.6
33,537,g_a,dpu,12076.6,12878.3
33,537,g_a,dpu,12878.3,13686.7
33,537,g_a_cpu,cpu,13686.7,13687.3
33,537,eb_enc,cpu,13687.3,13692.4
33,601,normalize,cpu,13693,13696.7
33,601,g_a_cpu,cpu,13696.7,13697.2
33,601,g_a,dpu,13697.2,14483.8
33,601,g_a,dpu,14483.8,15290.7
33,601,g_a_cpu,cpu,15290.7,15291.1
33,601,eb_enc,cpu,15291.1,15296
33,668,normalize,cpu,15296.5,15300.2
33,668,g_a_cpu,cpu,15300.3,15300.6
33,668,g_a,dpu,15300.6,16091.6
33,668,g_a,dpu,16091.6,16888.9
33,668,g_a_cpu,cpu,16888.9,16889.4
33,668,eb_enc,cpu,16889.4,16894.2
33,733,normalize,cpu,16895.4,16899.1
33,733,g_a_cpu,cpu,16899.1,16899.4
33,733,g_a,dpu,16899.4,17691.1
33,733,g_a,dpu,17691.1,18506.6
33,733,g_a_cpu,cpu,18506.6,18507
33,733,eb_enc,cpu,18507,18511.9
33,799,normalize,cpu,18512.4,18516
33,799,g_a_cpu,cpu,18516,18516.3
33,799,g_a,dpu,18516.4,19315.1
33,799,g_a,dpu,19315.1,20135
33,799,g_a_cpu,cpu,20135,20135.3
33,799,eb_enc,cpu,20135.3,20140.3
33,868,normalize,cpu,20140.8,20144.5
33,868,g_a_cpu,cpu,20144.5,20144.8
33,868,g_a,dpu,20144.8,21718.6
33,868,g_a,dpu,21718.6,22482.6
33,868,g_a_cpu,cpu,22482.6,22483.1
33,868,eb_enc,cpu,22483.1,22488
34,44,normalize,cpu,127.139,151.605
34,44,g_a_cpu,cpu,151.611,152.088
34,44,g_a,dpu,152.092,767.06
34,44,g_a,dpu,767.063,1544.71
34,44,g_a_cpu,cpu,1544.71,1545.29
34,44,eb_enc,cpu,1545.3,1550.04
34,111,normalize,cpu,1550.54,1554.18
34,111,g_a_cpu,cpu,1554.19,1554.53
34,111,g_a,dpu,1554.53,2326.77
34,111,g_a,dpu,2326.78,3090.75
34,111,g_a_cpu,cpu,3090.75,3091.16
34,111,eb_enc,cpu,3091.16,3096.02
34,172,normalize,cpu,3096.49,3110.88
34,172,g_a_cpu,cpu,3110.88,3111.24
34,172,g_a,dpu,3111.24,3863.84
34,172,g_a,dpu,3863.84,4635.13
34,172,g_a_cpu,cpu,4635.13,4635.67
34,172,eb_enc,cpu,4635.68,4640.86
34,232,normalize,cpu,4641.64,4645.35
34,232,g_a_cpu,cpu,4645.35,4645.98
34,232,g_a,dpu,4645.98,5427.06
34,232,g_a,dpu,5427.07,6189.69
34,232,g_a_cpu,cpu,6189.69,6190.05
34,232,eb_enc,cpu,6190.05,6194.81
34,298,normalize,cpu,6195.24,6198.91
34,298,g_a_cpu,cpu,6198.91,6199.21
34,298,g_a,dpu,6199.21,6962.9
34,298,g_a,dpu,6962.9,7733.02
34,298,g_a_cpu,cpu,7733.02,7733.35
34,298,eb_enc,cpu,7733.35,7738.04
34,361,normalize,cpu,7738.51,7742.14
34,361,g_a_cpu,cpu,7742.14,7742.52
34,361,g_a,dpu,7742.53,8511.1
34,361,g_a,dpu,8511.11,9282.86
34,361,g_a_cpu,cpu,9282.86,9283.21
34,361,eb_enc,cpu,9283.21,9287.94
34,424,normalize,cpu,9288.44,9292.2
34,424,g_a_cpu,cpu,9292.2,9292.59
34,424,g_a,dpu,9292.59,10059.9
34,424,g_a,dpu,10059.9,10838.9
34,424,g_a_cpu,cpu,10838.9,10839.3
34,424,eb_enc,cpu,10839.3,10844.8
34,488,normalize,cpu,10845.2,10848.9
34,488,g_a_cpu,cpu,10848.9,10849.2
34,488,g_a,dpu,10849.2,11610.7
34,488,g_a,dpu,11610.7,12375.6
34,488,g_a_cpu,cpu,12375.6,12376.1
34,488,eb_enc,cpu,12376.1,12380.8
34,549,normalize,cpu,12381.3,12384.9
34,549,g_a_cpu,cpu,12384.9,12385.2
34,549,g_a,dpu,12385.2,13141.1
34,549,g_a,dpu,13141.1,13914.8
34,549,g_a_cpu,cpu,13914.8,13915.3
34,549,eb_enc,cpu,13915.3,13920.1
34,610,normalize,cpu,13920.6,13924.3
34,610,g_a_cpu,cpu,13924.4,13924.8
34,610,g_a,dpu,13924.8,14674.9
34,610,g_a,dpu,14674.9,15444.3
34,610,g_a_cpu,cpu,15444.3,15444.8
34,610,eb_enc,cpu,15444.8,15449.5
34,674,normalize,cpu,15450,15453.7
34,674,g_a_cpu,cpu,15453.7,15454
34,674,g_a,dpu,15454,16226.3
34,674,g_a,dpu,16226.3,17006.8
34,674,g_a_cpu,cpu,17006.8,17007.2
34,674,eb_enc,cpu,17007.2,17012
34,739,normalize,cpu,17012.4,17016.1
34,739,g_a_cpu,cpu,17016.1,17016.4
34,739,g_a,dpu,17016.4,17779.2
34,739,g_a,dpu,17779.2,18558.8
34,739,g_a_cpu,cpu,18558.8,18559.1
34,739,eb_enc,cpu,18559.1,18563.9
34,802,normalize,cpu,18564.4,18568.1
34,802,g_a_cpu,cpu,18568.1,18568.4
34,802,g_a,dpu,18568.4,19327.2
34,802,g_a,dpu,19327.2,20102.8
34,802,g_a_cpu,cpu,20102.8,20103.3
34,802,eb_enc,cpu,20103.3,20108.1
34,867,normalize,cpu,20108.6,20112.3
34,867,g_a_cpu,cpu,20112.3,20112.6
34,867,g_a,dpu,20112.6,20875.3
34,867,g_a,dpu,20875.3,21650.8
34,867,g_a_cpu,cpu,21650.8,21651.2
34,867,eb_enc,cpu,21651.2,21656
35,45,normalize,cpu,127.389,138.301
35,45,g_a_cpu,cpu,138.319,138.748
35,45,g_a,dpu,138.754,628.903
35,45,g_a,dpu,628.905,1403.5
35,45,g_a_cpu,cpu,1403.5,1403.86
35,45,eb_enc,cpu,1403.86,1408.61
35,103,normalize,cpu,1409.11,1412.76
35,103,g_a_cpu,cpu,1412.76,1413.12
35,103,g_a,dpu,1413.12,2187.86
35,103,g_a,dpu,2187.86,2975.61
35,103,g_a_cpu,cpu,2975.62,2975.97
35,103,eb_enc,cpu,2975.97,2980.83
35,167,normalize,cpu,2981.29,2984.94
35,167,g_a_cpu,cpu,2984.94,2985.26
35,167,g_a,dpu,2985.26,3755.99
35,167,g_a,dpu,3755.99,4535.9
35,167,g_a_cpu,cpu,4535.9,4536.37
35,167,eb_enc,cpu,4536.38,4541.1
35,228,normalize,cpu,4541.58,4545.26
35,228,g_a_cpu,cpu,4545.26,4545.56
35,228,g_a,dpu,4545.56,5318.76
35,228,g_a,dpu,5318.76,6115.42
35,228,g_a_cpu,cpu,6115.42,6115.88
35,228,eb_enc,cpu,6115.89,6120.74
35,294,normalize,cpu,6121.21,6124.87
35,294,g_a_cpu,cpu,6124.87,6125.22
35,294,g_a,dpu,6125.22,6895.98
35,294,g_a,dpu,6895.98,7679.95
35,294,g_a_cpu,cpu,7679.95,7680.31
35,294,eb_enc,cpu,7680.31,7685.05
35,359,normalize,cpu,7685.59,7689.33
35,359,g_a_cpu,cpu,7689.34,7689.66
35,359,g_a,dpu,7689.66,8464
35,359,g_a,dpu,8464.01,9255.02
35,359,g_a_cpu,cpu,9255.03,9255.58
35,359,eb_enc,cpu,9255.58,9260.41
35,423,normalize,cpu,9260.86,9264.52
35,423,g_a_cpu,cpu,9264.52,9264.92
35,423,g_a,dpu,9264.92,10768.1
35,423,g_a,dpu,10768.1,10805.1
35,423,g_a_cpu,cpu,10805.1,10805.6
35,423,eb_enc,cpu,10805.6,10810.4
35,486,normalize,cpu,10810.9,10814.5
35,486,g_a_cpu,cpu,10814.5,10814.9
35,486,g_a,dpu,10814.9,12319.2
35,486,g_a,dpu,12319.2,12356
35,486,g_a_cpu,cpu,12356,12356.5
35,486,eb_enc,cpu,12356.5,12361.2
35,548,normalize,cpu,12361.7,12365.4
35,548,g_a_cpu,cpu,12365.4,12365.7
35,548,g_a,dpu,12365.7,13883.8
35,548,g_a,dpu,13883.8,13920.9
35,548,g_a_cpu,cpu,13920.9,13921.3
35,548,eb_enc,cpu,13921.3,13926.1
35,611,normalize,cpu,13926.5,13930.2
35,611,g_a_cpu,cpu,13930.2,13930.6
35,611,g_a,dpu,13930.6,15441.1
35,611,g_a,dpu,15441.1,15478.1
35,611,g_a_cpu,cpu,15478.1,15478.5
35,611,eb_enc,cpu,15478.5,15483.9
35,675,normalize,cpu,15484.3,15488
35,675,g_a_cpu,cpu,15488,15488.3
35,675,g_a,dpu,15488.3,17010.8
35,675,g_a,dpu,17010.8,17784.7
35,675,g_a_cpu,cpu,17784.7,17785.1
35,675,eb_enc,cpu,17785.1,17789.8
35,765,normalize,cpu,17790.4,17794
35,765,g_a_cpu,cpu,17794,17794.3
35,765,g_a,dpu,17794.3,18575.2
35,765,g_a,dpu,18575.2,19348.2
35,765,g_a_cpu,cpu,19348.2,19348.7
35,765,eb_enc,cpu,19348.7,19353.4
35,827,normalize,cpu,19353.9,19361.9
35,827,g_a_cpu,cpu,19362,19362.4
35,827,g_a,dpu,19362.4,20127.7
35,827,g_a,dpu,20127.7,20896.1
35,827,g_a_cpu,cpu,20896.1,20896.5
35,827,eb_enc,cpu,20896.5,20901.4
35,890,normalize,cpu,20901.8,20905.5
35,890,g_a_cpu,cpu,20905.5,20905.8
35,890,g_a,dpu,20905.8,21671.7
35,890,g_a,dpu,21671.7,22403.5
35,890,g_a_cpu,cpu,22403.5,22404
35,890,eb_enc,cpu,22404,22408.7
36,42,normalize,cpu,123.334,143.724
36,42,g_a_cpu,cpu,143.738,144.124
36,42,g_a,dpu,144.13,661.086
36,42,g_a,dpu,661.092,1462.38
36,42,g_a_cpu,cpu,1462.38,1462.87
36,42,eb_enc,cpu,1462.88,1470.92
36,105,normalize,cpu,1471.7,1475.34
36,105,g_a_cpu,cpu,1475.34,1475.74
36,105,g_a,dpu,1475.74,2259.82
36,105,g_a,dpu,2259.82,2296.11
36,105,g_a_cpu,cpu,2296.11,2296.54
36,105,eb_enc,cpu,2296.55,2301.48
36,138,normalize,cpu,2302,2305.69
36,138,g_a_cpu,cpu,2305.69,2306.05
36,138,g_a,dpu,2306.05,3869.48
36,138,g_a,dpu,3869.48,3906.19
36,138,g_a_cpu,cpu,3906.19,3906.57
36,138,eb_enc,cpu,3906.58,3911.41
36,203,normalize,cpu,3911.87,3915.52
36,203,g_a_cpu,cpu,3915.52,3915.94
36,203,g_a,dpu,3915.94,4711.44
36,203,g_a,dpu,4711.45,5522.92
36,203,g_a_cpu,cpu,5522.92,5523.36
36,203,eb_enc,cpu,5523.36,5528.19
36,272,normalize,cpu,5528.69,5532.34
36,272,g_a_cpu,cpu,5532.34,5532.76
36,272,g_a,dpu,5532.77,6326.66
36,272,g_a,dpu,6326.67,7130.79
36,272,g_a_cpu,cpu,7130.79,7131.16
36,272,eb_enc,cpu,7131.17,7135.95
36,336,normalize,cpu,7136.44,7140.08
36,336,g_a_cpu,cpu,7140.08,7140.43
36,336,g_a,dpu,7140.43,7942.81
36,336,g_a,dpu,7942.82,8738.76
36,336,g_a_cpu,cpu,8738.76,8739.32
36,336,eb_enc,cpu,8739.32,8744.14
36,400,normalize,cpu,8744.61,8748.34
36,400,g_a_cpu,cpu,8748.34,8748.65
36,400,g_a,dpu,8748.65,9547.02
36,400,g_a,dpu,9547.02,9583.4
36,400,g_a_cpu,cpu,9583.41,9583.9
36,400,eb_enc,cpu,9583.9,9589.01
36,433,normalize,cpu,9589.43,9593.12
36,433,g_a_cpu,cpu,9593.12,9593.55
36,433,g_a,dpu,9593.56,10390.9
36,433,g_a,dpu,10390.9,11190.7
36,433,g_a_cpu,cpu,11190.7,11191.1
36,433,eb_enc,cpu,11191.1,11196
36,499,normalize,cpu,11196.5,11200.2
36,499,g_a_cpu,cpu,11200.2,11200.5
36,499,g_a,dpu,11200.5,11994.8
36,499,g_a,dpu,11994.8,12806.5
36,499,g_a_cpu,cpu,12806.5,12807
36,499,eb_enc,cpu,12807,12812.1
36,566,normalize,cpu,12812.5,12816.2
36,566,g_a_cpu,cpu,12816.2,12816.5
36,566,g_a,dpu,12816.5,13610.6
36,566,g_a,dpu,13610.6,14411.3
36,566,g_a_cpu,cpu,14411.4,14411.8
36,566,eb_enc,cpu,14411.9,14416.6
36,629,normalize,cpu,14417.1,14420.8
36,629,g_a_cpu,cpu,14420.8,14421.4
36,629,g_a,dpu,14421.4,15218.8
36,629,g_a,dpu,15218.8,16019.1
36,629,g_a_cpu,cpu,16019.1,16019.6
36,629,eb_enc,cpu,16019.6,16024.4
36,695,normalize,cpu,16025.1,16028.8
36,695,g_a_cpu,cpu,16028.8,16029.3
36,695,g_a,dpu,16029.3,16816.7
36,695,g_a,dpu,16816.7,17618.8
36,695,g_a_cpu,cpu,17618.8,17619.3
36,695,eb_enc,cpu,17619.3,17624.1
36,758,normalize,cpu,17624.6,17628.3
36,758,g_a_cpu,cpu,17628.3,17628.7
36,758,g_a,dpu,17628.7,18434.8
36,758,g_a,dpu,18434.8,19242.8
36,758,g_a_cpu,cpu,19242.8,19243.4
36,758,eb_enc,cpu,19243.4,19248.3
36,826,normalize,cpu,19248.7,19252.4
36,826,g_a_cpu,cpu,19252.4,19252.7
36,826,g_a,dpu,19252.7,20062.7
36,826,g_a,dpu,20062.7,20863
36,826,g_a_cpu,cpu,20863,20863.5
36,826,eb_enc,cpu,20863.5,20868.3
36,889,normalize,cpu,20868.8,20872.5
36,889,g_a_cpu,cpu,20872.5,20872.8
36,889,g_a,dpu,20872.8,21682.7
36,889,g_a,dpu,21682.7,22446.7
36,889,g_a_cpu,cpu,22446.7,22447.2
36,889,eb_enc,cpu,22447.2,22451.9
37,39,normalize,cpu,119.682,142.838
37,39,g_a_cpu,cpu,142.862,143.334
37,39,g_a,dpu,143.341,803.471
37,39,g_a,dpu,803.474,839.782
37,39,g_a_cpu,cpu,839.782,840.154
37,39,eb_enc,cpu,840.159,845.747
37,76,normalize,cpu,846.207,851.851
37,76,g_a_cpu,cpu,851.854,852.254
37,76,g_a,dpu,852.258,1616.77
37,76,g_a,dpu,1616.78,2399.07
37,76,g_a_cpu,cpu,2399.07,2399.5
37,76,eb_enc,cpu,2399.51,2404.32
37,142,normalize,cpu,2404.81,2408.45
37,142,g_a_cpu,cpu,2408.45,2408.84
37,142,g_a,dpu,2408.84,3167.2
37,142,g_a,dpu,3167.2,3938.91
37,142,g_a_cpu,cpu,3938.91,3939.34
37,142,eb_enc,cpu,3939.35,3944.2
37,205,normalize,cpu,3944.71,3948.44
37,205,g_a_cpu,cpu,3948.44,3948.88
37,205,g_a,dpu,3948.89,4712.01
37,205,g_a,dpu,4712.01,5499.31
37,205,g_a_cpu,cpu,5499.31,5499.74
37,205,eb_enc,cpu,5499.74,5504.55
37,270,normalize,cpu,5505.07,5508.73
37,270,g_a_cpu,cpu,5508.73,5509.12
37,270,g_a,dpu,5509.13,6999.21
37,270,g_a,dpu,6999.21,7035.65
37,270,g_a_cpu,cpu,7035.65,7036.08
37,270,eb_enc,cpu,7036.08,7040.84
37,331,normalize,cpu,7041.35,7045.04
37,331,g_a_cpu,cpu,7045.04,7045.43
37,331,g_a,dpu,7045.43,8547.46
37,331,g_a,dpu,8547.47,8583.99
37,331,g_a_cpu,cpu,8583.99,8584.46
37,331,eb_enc,cpu,8584.46,8589.22
37,392,normalize,cpu,8589.77,8593.43
37,392,g_a_cpu,cpu,8593.43,8593.77
37,392,g_a,dpu,8593.78,9359.01
37,392,g_a,dpu,9359.02,10135
37,392,g_a_cpu,cpu,10135,10135.5
37,392,eb_enc,cpu,10135.5,10140.4
37,456,normalize,cpu,10140.9,10144.5
37,456,g_a_cpu,cpu,10144.5,10144.8
37,456,g_a,dpu,10144.8,10914.7
37,456,g_a,dpu,10914.7,11686.8
37,456,g_a_cpu,cpu,11686.8,11687.2
37,456,eb_enc,cpu,11687.2,11692.2
37,519,normalize,cpu,11692.7,11696.4
37,519,g_a_cpu,cpu,11696.4,11696.7
37,519,g_a,dpu,11696.7,12448
37,519,g_a,dpu,12448.1,13213.4
37,519,g_a_cpu,cpu,13213.4,13214
37,519,eb_enc,cpu,13214,13219.3
37,582,normalize,cpu,13220.1,13223.8
37,582,g_a_cpu,cpu,13223.8,13224.3
37,582,g_a,dpu,13224.3,13987.2
37,582,g_a,dpu,13987.2,14750.8
37,582,g_a_cpu,cpu,14750.8,14751.2
37,582,eb_enc,cpu,14751.2,14756
37,645,normalize,cpu,14756.5,14760.2
37,645,g_a_cpu,cpu,14760.2,14760.5
37,645,g_a,dpu,14760.5,15518.8
37,645,g_a,dpu,15518.8,16299
37,645,g_a_cpu,cpu,16299,16299.5
37,645,eb_enc,cpu,16299.5,16304.3
37,708,normalize,cpu,16304.7,16308.4
37,708,g_a_cpu,cpu,16308.4,16308.8
37,708,g_a,dpu,16308.8,17079
37,708,g_a,dpu,17079,17851.1
37,708,g_a_cpu,cpu,17851.1,17851.6
37,708,eb_enc,cpu,17851.6,17856.4
37,769,normalize,cpu,17856.9,17860.7
37,769,g_a_cpu,cpu,17860.7,17861
37,769,g_a,dpu,17861,18634.7
37,769,g_a,dpu,18634.7,19402.8
37,769,g_a_cpu,cpu,19402.8,19403.3
37,769,eb_enc,cpu,19403.3,19408.1
37,832,normalize,cpu,19408.5,19412.2
37,832,g_a_cpu,cpu,19412.2,19412.5
37,832,g_a,dpu,19412.5,20175.4
37,832,g_a,dpu,20175.4,20950.9
37,832,g_a_cpu,cpu,20950.9,20951.4
37,832,eb_enc,cpu,20951.4,20956.1
37,894,normalize,cpu,20956.6,20960.3
37,894,g_a_cpu,cpu,20960.3,20960.6
37,894,g_a,dpu,20960.7,21722.6
37,894,g_a,dpu,21722.6,22426.7
37,894,g_a_cpu,cpu,22426.7,22427.1
37,894,eb_enc,cpu,22427.1,22431.9
38,37,normalize,cpu,115.312,136.607
38,37,g_a_cpu,cpu,136.624,137.255
38,37,g_a,dpu,137.26,482.795
38,37,g_a,dpu,482.799,519.685
38,37,g_a_cpu,cpu,519.688,520.145
38,37,eb_enc,cpu,520.152,526.264
38,71,normalize,cpu,526.845,530.495
38,71,g_a_cpu,cpu,530.497,530.81
38,71,g_a,dpu,530.812,2039.88
38,71,g_a,dpu,2039.88,2076.71
38,71,g_a_cpu,cpu,2076.71,2077.05
38,71,eb_enc,cpu,2077.05,2082.06
38,132,normalize,cpu,2082.6,2086.25
38,132,g_a_cpu,cpu,2086.26,2086.61
38,132,g_a,dpu,2086.62,3607.55
38,132,g_a,dpu,3607.55,3644.42
38,132,g_a_cpu,cpu,3644.43,3644.96
38,132,eb_enc,cpu,3644.97,3650.01
38,194,normalize,cpu,3650.62,3654.37
38,194,g_a_cpu,cpu,3654.38,3654.87
38,194,g_a,dpu,3654.88,4422.76
38,194,g_a,dpu,4422.76,5208.8
38,194,g_a_cpu,cpu,5208.8,5209.27
38,194,eb_enc,cpu,5209.27,5213.96
38,259,normalize,cpu,5214.42,5218.07
38,259,g_a_cpu,cpu,5218.07,5218.45
38,259,g_a,dpu,5218.45,5999.82
38,259,g_a,dpu,5999.83,6785.01
38,259,g_a_cpu,cpu,6785.02,6785.39
38,259,eb_enc,cpu,6785.4,6790.13
38,323,normalize,cpu,6790.59,6794.22
38,323,g_a_cpu,cpu,6794.23,6794.57
38,323,g_a,dpu,6794.57,8315.14
38,323,g_a,dpu,8315.15,8352.37
38,323,g_a_cpu,cpu,8352.37,8352.73
38,323,eb_enc,cpu,8352.73,8357.55
38,385,normalize,cpu,8358.02,8361.72
38,385,g_a_cpu,cpu,8361.73,8362.03
38,385,g_a,dpu,8362.04,10620.9
38,385,g_a,dpu,10620.9,10658
38,385,g_a_cpu,cpu,10658,10658.4
38,385,eb_enc,cpu,10658.4,10663.2
38,479,normalize,cpu,10681.9,10685.6
38,479,g_a_cpu,cpu,10685.6,10686
38,479,g_a,dpu,10686,12172.2
38,479,g_a,dpu,12172.2,12209
38,479,g_a_cpu,cpu,12209,12209.5
38,479,eb_enc,cpu,12209.5,12214.3
38,542,normalize,cpu,12214.7,12218.4
38,542,g_a_cpu,cpu,12218.4,12218.8
38,542,g_a,dpu,12218.8,13735.2
38,542,g_a,dpu,13735.2,14512.7
38,542,g_a_cpu,cpu,14512.7,14513.2
38,542,eb_enc,cpu,14513.2,14518
38,633,normalize,cpu,14518.4,14522.1
38,633,g_a_cpu,cpu,14522.1,14522.5
38,633,g_a,dpu,14522.5,15295.2
38,633,g_a,dpu,15295.2,16075.1
38,633,g_a_cpu,cpu,16075.1,16075.5
38,633,eb_enc,cpu,16075.5,16080.3
38,697,normalize,cpu,16080.7,16084.5
38,697,g_a_cpu,cpu,16084.5,16084.9
38,697,g_a,dpu,16084.9,16864.3
38,697,g_a,dpu,16864.3,17636.9
38,697,g_a_cpu,cpu,17636.9,17637.3
38,697,eb_enc,cpu,17637.3,17642.2
38,760,normalize,cpu,17642.6,17646.3
38,760,g_a_cpu,cpu,17646.3,17646.8
38,760,g_a,dpu,17646.8,18427.7
38,760,g_a,dpu,18427.7,19199
38,760,g_a_cpu,cpu,19199,19199.4
38,760,eb_enc,cpu,19199.4,19204.2
38,823,normalize,cpu,19204.6,19208.4
38,823,g_a_cpu,cpu,19208.4,19208.7
38,823,g_a,dpu,19208.7,19976.6
38,823,g_a,dpu,19976.6,20013.5
38,823,g_a_cpu,cpu,20013.5,20013.8
38,823,eb_enc,cpu,20013.8,20018.6
38,860,normalize,cpu,20019.1,20022.7
38,860,g_a_cpu,cpu,20022.7,20023.1
38,860,g_a,dpu,20023.1,21524.6
38,860,g_a,dpu,21524.6,21561.4
38,860,g_a_cpu,cpu,21561.4,21561.9
38,860,eb_enc,cpu,21561.9,21566.6
38,924,normalize,cpu,21567.1,21570.9
38,924,g_a_cpu,cpu,21570.9,21571.3
38,924,g_a,dpu,21571.3,22848.4
38,924,g_a,dpu,22848.4,22993.6
38,924,g_a_cpu,cpu,22993.6,22994
38,924,eb_enc,cpu,22994,22998.7
39,35,normalize,cpu,111.246,144.767
39,35,g_a_cpu,cpu,144.772,145.196
39,35,g_a,dpu,145.2,444.87
39,35,g_a,dpu,444.873,481.156
39,35,g_a_cpu,cpu,481.157,481.587
39,35,eb_enc,cpu,481.595,486.301
39,69,normalize,cpu,486.762,490.413
39,69,g_a_cpu,cpu,490.417,490.723
39,69,g_a,dpu,490.726,2043.56
39,69,g_a,dpu,2043.57,2080
39,69,g_a_cpu,cpu,2080,2080.51
39,69,eb_enc,cpu,2080.51,2085.28
39,133,normalize,cpu,2085.73,2089.39
39,133,g_a_cpu,cpu,2089.39,2089.7
39,133,g_a,dpu,2089.7,2883.06
39,133,g_a,dpu,2883.06,3683.24
39,133,g_a_cpu,cpu,3683.25,3683.59
39,133,eb_enc,cpu,3683.6,3688.36
39,196,normalize,cpu,3688.85,3692.53
39,196,g_a_cpu,cpu,3692.53,3692.79
39,196,g_a,dpu,3692.8,4491.14
39,196,g_a,dpu,4491.14,5302.71
39,196,g_a_cpu,cpu,5302.71,5303.07
39,196,eb_enc,cpu,5303.07,5309.14
39,262,normalize,cpu,5309.62,5313.28
39,262,g_a_cpu,cpu,5313.28,5313.64
39,262,g_a,dpu,5313.65,6107.31
39,262,g_a,dpu,6107.31,6911.45
39,262,g_a_cpu,cpu,6911.45,6911.82
39,262,eb_enc,cpu,6911.82,6916.62
39,327,normalize,cpu,6917.14,6920.77
39,327,g_a_cpu,cpu,6920.77,6921.16
39,327,g_a,dpu,6921.16,7722.97
39,327,g_a,dpu,7722.97,8519.65
39,327,g_a_cpu,cpu,8519.65,8520.01
39,327,eb_enc,cpu,8520.01,8524.75
39,390,normalize,cpu,8525.3,8528.95
39,390,g_a_cpu,cpu,8528.95,8529.31
39,390,g_a,dpu,8529.31,9326.72
39,390,g_a,dpu,9326.72,10131.6
39,390,g_a_cpu,cpu,10131.6,10132.1
39,390,eb_enc,cpu,10132.1,10137.1
39,455,normalize,cpu,10137.6,10142
39,455,g_a_cpu,cpu,10142,10142.3
39,455,g_a,dpu,10142.3,10934.5
39,455,g_a,dpu,10934.5,11735.2
39,455,g_a_cpu,cpu,11735.2,11735.7
39,455,eb_enc,cpu,11735.7,11741.5
39,521,normalize,cpu,11742.1,11745.8
39,521,g_a_cpu,cpu,11745.8,11746.2
39,521,g_a,dpu,11746.2,12551.7
39,521,g_a,dpu,12551.7,13350.8
39,521,g_a_cpu,cpu,13350.8,13351.2
39,521,eb_enc,cpu,13351.2,13357.2
39,587,normalize,cpu,13357.7,13361.4
39,587,g_a_cpu,cpu,13361.4,13361.8
39,587,g_a,dpu,13361.8,14158.5
39,587,g_a,dpu,14158.5,14963
39,587,g_a_cpu,cpu,14963,14963.5
39,587,eb_enc,cpu,14963.5,14968.2
39,656,normalize,cpu,14968.7,14972.5
39,656,g_a_cpu,cpu,14972.5,14972.8
39,656,g_a,dpu,14972.8,15766.5
39,656,g_a,dpu,15766.5,16564
39,656,g_a_cpu,cpu,16564,16564.6
39,656,eb_enc,cpu,16564.6,16569.4
39,719,normalize,cpu,16569.9,16573.6
39,719,g_a_cpu,cpu,16573.6,16574
39,719,g_a,dpu,16574,17358.5
39,719,g_a,dpu,17358.5,18180.3
39,719,g_a_cpu,cpu,18180.3,18180.9
39,719,eb_enc,cpu,18180.9,18185.5
39,787,normalize,cpu,18186,18189.7
39,787,g_a_cpu,cpu,18189.7,18190
39,787,g_a,dpu,18190,18982.9
39,787,g_a,dpu,18982.9,19019.3
39,787,g_a_cpu,cpu,19019.3,19019.7
39,787,eb_enc,cpu,19019.7,19024.4
39,814,normalize,cpu,19024.9,19028.6
39,814,g_a_cpu,cpu,19028.6,19028.9
39,814,g_a,dpu,19028.9,19842.8
39,814,g_a,dpu,19842.8,19879.2
39,814,g_a_cpu,cpu,19879.2,19879.8
39,814,eb_enc,cpu,19879.8,19884.4
39,855,normalize,cpu,19884.9,19888.6
39,855,g_a_cpu,cpu,19888.6,19889.1
39,855,g_a,dpu,19889.1,20678.7
39,855,g_a,dpu,20678.7,21498.5
39,855,g_a_cpu,cpu,21498.5,21499
39,855,eb_enc,cpu,21499,21503.8
39,922,normalize,cpu,21504.4,21508.1
39,922,g_a_cpu,cpu,21508.1,21508.3
39,922,g_a,dpu,21508.3,22298.7
39,922,g_a,dpu,22298.7,22898.3
39,922,g_a_cpu,cpu,22898.3,22898.8
39,922,eb_enc,cpu,22898.8,22903.5
40,31,normalize,cpu,107.375,135.051
40,31,g_a_cpu,cpu,135.084,135.562
40,31,g_a,dpu,135.567,330.636
40,31,g_a,dpu,330.656,1099.22
40,31,g_a_cpu,cpu,1099.22,1099.69
40,31,eb_enc,cpu,1099.7,1104.68
40,84,normalize,cpu,1105.12,1108.8
40,84,g_a_cpu,cpu,1108.81,1109.18
40,84,g_a,dpu,1109.18,1878.77
40,84,g_a,dpu,1878.78,2650.96
40,84,g_a_cpu,cpu,2650.97,2651.42
40,84,eb_enc,cpu,2651.42,2656.21
40,149,normalize,cpu,2656.76,2660.44
40,149,g_a_cpu,cpu,2660.44,2660.77
40,149,g_a,dpu,2660.77,3423.33
40,149,g_a,dpu,3423.33,4190.98
40,149,g_a_cpu,cpu,4190.98,4191.43
40,149,eb_enc,cpu,4191.45,4196.26
40,211,normalize,cpu,4196.77,4201.14
40,211,g_a_cpu,cpu,4201.15,4201.51
40,211,g_a,dpu,4201.51,5715.97
40,211,g_a,dpu,5715.97,6486.77
40,211,g_a_cpu,cpu,6486.77,6487.13
40,211,eb_enc,cpu,6487.13,6491.9
40,310,normalize,cpu,6492.37,6496.08
40,310,g_a_cpu,cpu,6496.09,6496.31
40,310,g_a,dpu,6496.32,7253.63
40,310,g_a,dpu,7253.63,8035.19
40,310,g_a_cpu,cpu,8035.2,8035.7
40,310,eb_enc,cpu,8035.7,8040.44
40,372,normalize,cpu,8040.98,8044.68
40,372,g_a_cpu,cpu,8044.68,8044.98
40,372,g_a,dpu,8044.98,8802.82
40,372,g_a,dpu,8802.83,10318.8
40,372,g_a_cpu,cpu,10318.8,10319.3
40,372,eb_enc,cpu,10319.3,10324.9
40,464,normalize,cpu,10325.5,10329.2
40,464,g_a_cpu,cpu,10329.2,10329.6
40,464,g_a,dpu,10329.6,11099.1
40,464,g_a,dpu,11099.1,11867.1
40,464,g_a_cpu,cpu,11867.1,11867.5
40,464,eb_enc,cpu,11867.5,11872.3
40,528,normalize,cpu,11872.8,11876.4
40,528,g_a_cpu,cpu,11876.4,11876.8
40,528,g_a,dpu,11876.9,12628.3
40,528,g_a,dpu,12628.3,13394.3
40,528,g_a_cpu,cpu,13394.3,13394.8
40,528,eb_enc,cpu,13394.8,13399.6
40,590,normalize,cpu,13400.1,13409.4
40,590,g_a_cpu,cpu,13409.4,13409.8
40,590,g_a,dpu,13409.8,14167.1
40,590,g_a,dpu,14167.1,14203.6
40,590,g_a_cpu,cpu,14203.6,14204.1
40,590,eb_enc,cpu,14204.1,14208.9
40,620,normalize,cpu,14209.4,14213
40,620,g_a_cpu,cpu,14213.1,14213.3
40,620,g_a,dpu,14213.3,14970.9
40,620,g_a,dpu,14970.9,15739.1
40,620,g_a_cpu,cpu,15739.1,15739.5
40,620,eb_enc,cpu,15739.5,15744.3
40,684,normalize,cpu,15744.8,15748.4
40,684,g_a_cpu,cpu,15748.4,15748.9
40,684,g_a,dpu,15748.9,16526.9
40,684,g_a,dpu,16526.9,17298.9
40,684,g_a_cpu,cpu,17298.9,17299.3
40,684,eb_enc,cpu,17299.3,17304.1
40,747,normalize,cpu,17304.7,17308.4
40,747,g_a_cpu,cpu,17308.4,17308.7
40,747,g_a,dpu,17308.7,18074.8
40,747,g_a,dpu,18074.8,18850.8
40,747,g_a_cpu,cpu,18850.8,18851.2
40,747,eb_enc,cpu,18851.2,18856
40,808,normalize,cpu,18856.5,18860.1
40,808,g_a_cpu,cpu,18860.1,18860.5
40,808,g_a,dpu,18860.5,19625.4
40,808,g_a,dpu,19625.4,20394.7
40,808,g_a_cpu,cpu,20394.7,20395.1
40,808,eb_enc,cpu,20395.1,20399.8
40,873,normalize,cpu,20400.3,20404
40,873,g_a_cpu,cpu,20404,20404.2
40,873,g_a,dpu,20404.2,21175
40,873,g_a,dpu,21175,21943.1
40,873,g_a_cpu,cpu,21943.1,21943.5
40,873,eb_enc,cpu,21943.5,21948.2
41,27,normalize,cpu,103.404,141.065
41,27,g_a_cpu,cpu,141.08,141.456
41,27,g_a,dpu,141.46,1255.65
41,27,g_a,dpu,1255.65,1292.43
41,27,g_a_cpu,cpu,1292.43,1292.86
41,27,eb_enc,cpu,1292.87,1297.75
41,96,normalize,cpu,1298.26,1301.97
41,96,g_a_cpu,cpu,1301.97,1302.22
41,96,g_a,dpu,1302.22,2823.24
41,96,g_a,dpu,2823.25,2860.02
41,96,g_a_cpu,cpu,2860.02,2860.39
41,96,eb_enc,cpu,2860.4,2865.2
41,160,normalize,cpu,2865.75,2869.43
41,160,g_a_cpu,cpu,2869.44,2869.7
41,160,g_a,dpu,2869.7,4386.17
41,160,g_a,dpu,4386.17,5919
41,160,g_a_cpu,cpu,5919,5919.38
41,160,eb_enc,cpu,5919.39,5924.42
41,285,normalize,cpu,5934.07,5937.73
41,285,g_a_cpu,cpu,5937.73,5938.07
41,285,g_a,dpu,5938.08,6711.5
41,285,g_a,dpu,6711.51,6748.58
41,285,g_a_cpu,cpu,6748.59,6749.02
41,285,eb_enc,cpu,6749.02,6753.84
41,322,normalize,cpu,6754.34,6757.99
41,322,g_a_cpu,cpu,6757.99,6758.32
41,322,g_a,dpu,6758.33,7531.65
41,322,g_a,dpu,7531.65,7568.53
41,322,g_a_cpu,cpu,7568.53,7568.88
41,322,eb_enc,cpu,7568.88,7581.14
41,353,normalize,cpu,7581.68,7585.34
41,353,g_a_cpu,cpu,7585.34,7585.68
41,353,g_a,dpu,7585.68,9096.5
41,353,g_a,dpu,9096.51,9133.28
41,353,g_a_cpu,cpu,9133.28,9133.65
41,353,eb_enc,cpu,9133.66,9138.5
41,415,normalize,cpu,9138.99,9142.61
41,415,g_a_cpu,cpu,9142.61,9142.95
41,415,g_a,dpu,9142.95,9919.39
41,415,g_a,dpu,9919.39,10695.3
41,415,g_a_cpu,cpu,10695.3,10695.7
41,415,eb_enc,cpu,10695.7,10700.5
41,481,normalize,cpu,10701,10704.7
41,481,g_a_cpu,cpu,10704.7,10705
41,481,g_a,dpu,10705,11475.4
41,481,g_a,dpu,11475.4,12245.4
41,481,g_a_cpu,cpu,12245.4,12245.8
41,481,eb_enc,cpu,12245.8,12250.7
41,543,normalize,cpu,12251.1,12254.9
41,543,g_a_cpu,cpu,12254.9,12255.2
41,543,g_a,dpu,12255.2,13027.2
41,543,g_a,dpu,13027.2,13808.1
41,543,g_a_cpu,cpu,13808.1,13808.5
41,543,eb_enc,cpu,13808.5,13813.3
41,605,normalize,cpu,13813.8,13817.4
41,605,g_a_cpu,cpu,13817.5,13817.8
41,605,g_a,dpu,13817.8,14587.8
41,605,g_a,dpu,14587.8,15368.3
41,605,g_a_cpu,cpu,15368.3,15368.7
41,605,eb_enc,cpu,15368.7,15373.6
41,669,normalize,cpu,15374.2,15377.8
41,669,g_a_cpu,cpu,15377.8,15378.2
41,669,g_a,dpu,15378.2,16151.5
41,669,g_a,dpu,16151.5,16937.8
41,669,g_a_cpu,cpu,16937.8,16938.2
41,669,eb_enc,cpu,16938.2,16943.1
41,735,normalize,cpu,16943.5,16947.2
41,735,g_a_cpu,cpu,16947.2,16947.5
41,735,g_a,dpu,16947.5,17711.5
41,735,g_a,dpu,17711.5,18500.5
41,735,g_a_cpu,cpu,18500.5,18500.9
41,735,eb_enc,cpu,18500.9,18505.7
41,798,normalize,cpu,18506.3,18514.2
41,798,g_a_cpu,cpu,18514.2,18514.6
41,798,g_a,dpu,18514.6,19275.5
41,798,g_a,dpu,19275.5,20051.4
41,798,g_a_cpu,cpu,20051.4,20051.8
41,798,eb_enc,cpu,20051.8,20056.6
41,863,normalize,cpu,20057.1,20060.8
41,863,g_a_cpu,cpu,20060.8,20061.2
41,863,g_a,dpu,20061.2,20823.1
41,863,g_a,dpu,20823.1,21597.8
41,863,g_a_cpu,cpu,21597.8,21598.2
41,863,eb_enc,cpu,21598.2,21603
41,926,normalize,cpu,21603.5,21607.1
41,926,g_a_cpu,cpu,21607.1,21607.7
41,926,g_a,dpu,21607.7,22367.1
41,926,g_a,dpu,22367.1,22884.7
41,926,g_a_cpu,cpu,22884.7,22885.1
41,926,eb_enc,cpu,22885.1,22889.9
42,25,normalize,cpu,101.01,142.476
42,25,g_a_cpu,cpu,142.495,142.947
42,25,g_a,dpu,142.955,372.719
42,25,g_a,dpu,372.722,1170.62
42,25,g_a_cpu,cpu,1170.63,1171.14
42,25,eb_enc,cpu,1171.15,1177.51
42,89,normalize,cpu,1178.09,1181.78
42,89,g_a_cpu,cpu,1181.78,1182.23
42,89,g_a,dpu,1182.23,1971.31
42,89,g_a,dpu,1971.32,2766.73
42,89,g_a_cpu,cpu,2766.73,2767.09
42,89,eb_enc,cpu,2767.09,2771.87
42,157,normalize,cpu,2772.34,2776
42,157,g_a_cpu,cpu,2776,2776.34
42,157,g_a,dpu,2776.34,3574.98
42,157,g_a,dpu,3574.98,4378.81
42,157,g_a_cpu,cpu,4378.81,4379.25
42,157,eb_enc,cpu,4379.26,4384.07
42,221,normalize,cpu,4384.52,4388.23
42,221,g_a_cpu,cpu,4388.23,4388.52
42,221,g_a,dpu,4388.52,5190.83
42,221,g_a,dpu,5190.83,5994.95
42,221,g_a_cpu,cpu,5994.95,5995.3
42,221,eb_enc,cpu,5995.3,6000.17
42,288,normalize,cpu,6000.67,6004.32
42,288,g_a_cpu,cpu,6004.32,6004.67
42,288,g_a,dpu,6004.67,6803.29
42,288,g_a,dpu,6803.29,7614.68
42,288,g_a_cpu,cpu,7614.68,7615.19
42,288,eb_enc,cpu,7615.19,7619.97
42,355,normalize,cpu,7620.47,7624.11
42,355,g_a_cpu,cpu,7624.12,7624.44
42,355,g_a,dpu,7624.44,8411.59
42,355,g_a,dpu,8411.6,9211.03
42,355,g_a_cpu,cpu,9211.03,9211.59
42,355,eb_enc,cpu,9211.59,9216.69
42,420,normalize,cpu,9217.36,9221.02
42,420,g_a_cpu,cpu,9221.02,9221.42
42,420,g_a,dpu,9221.43,10023.3
42,420,g_a,dpu,10023.3,10823.8
42,420,g_a_cpu,cpu,10823.8,10824.1
42,420,eb_enc,cpu,10824.1,10829
42,487,normalize,cpu,10829.4,10833
42,487,g_a_cpu,cpu,10833,10833.4
42,487,g_a,dpu,10833.4,11627.5
42,487,g_a,dpu,11627.5,12438.6
42,487,g_a_cpu,cpu,12438.6,12439.2
42,487,eb_enc,cpu,12439.2,12444
42,551,normalize,cpu,12444.4,12448.8
42,551,g_a_cpu,cpu,12448.8,12449.1
42,551,g_a,dpu,12449.1,13242.6
42,551,g_a,dpu,13242.6,14047.1
42,551,g_a_cpu,cpu,14047.1,14047.5
42,551,eb_enc,cpu,14047.5,14052.3
42,614,normalize,cpu,14052.7,14056.4
42,614,g_a_cpu,cpu,14056.4,14056.7
42,614,g_a,dpu,14056.7,14854.6
42,614,g_a,dpu,14854.6,15658.8
42,614,g_a_cpu,cpu,15658.8,15659.3
42,614,eb_enc,cpu,15659.3,15664.1
42,681,normalize,cpu,15664.9,15668.6
42,681,g_a_cpu,cpu,15668.6,15668.9
42,681,g_a,dpu,15668.9,16455.6
42,681,g_a,dpu,16455.6,17248.3
42,681,g_a_cpu,cpu,17248.3,17248.6
42,681,eb_enc,cpu,17248.6,17253.4
42,744,normalize,cpu,17253.9,17257.5
42,744,g_a_cpu,cpu,17257.5,17257.9
42,744,g_a,dpu,17257.9,18072.1
42,744,g_a,dpu,18072.1,18870.4
42,744,g_a_cpu,cpu,18870.4,18870.8
42,744,eb_enc,cpu,18870.8,18875.6
42,809,normalize,cpu,18876.1,18879.7
42,809,g_a_cpu,cpu,18879.7,18880.1
42,809,g_a,dpu,18880.1,19694.7
42,809,g_a,dpu,19694.7,20498.4
42,809,g_a_cpu,cpu,20498.4,20499
42,809,eb_enc,cpu,20499,20503.7
42,876,normalize,cpu,20504.1,20508.9
42,876,g_a_cpu,cpu,20508.9,20509.3
42,876,g_a,dpu,20509.3,21310.7
42,876,g_a,dpu,21310.7,22113.8
42,876,g_a_cpu,cpu,22113.8,22114.2
42,876,eb_enc,cpu,22114.2,22118.9
43,56,normalize,cpu,145.643,153.968
43,56,g_a_cpu,cpu,153.975,154.422
43,56,g_a,dpu,154.426,1580.78
43,56,g_a,dpu,1580.79,2363.09
43,56,g_a_cpu,cpu,2363.09,2363.57
43,56,eb_enc,cpu,2363.58,2368.49
43,140,normalize,cpu,2378.06,2381.71
43,140,g_a_cpu,cpu,2381.72,2382.09
43,140,g_a,dpu,2382.1,3130.77
43,140,g_a,dpu,3130.78,3899.79
43,140,g_a_cpu,cpu,3899.79,3900.14
43,140,eb_enc,cpu,3900.14,3905.28
43,202,normalize,cpu,3905.85,3909.66
43,202,g_a_cpu,cpu,3909.67,3910.01
43,202,g_a,dpu,3910.01,4675.52
43,202,g_a,dpu,4675.52,5463.01
43,202,g_a_cpu,cpu,5463.01,5463.56
43,202,eb_enc,cpu,5463.57,5468.31
43,267,normalize,cpu,5468.86,5476.23
43,267,g_a_cpu,cpu,5476.24,5476.65
43,267,g_a,dpu,5476.65,6226.78
43,267,g_a,dpu,6226.79,6263.24
43,267,g_a_cpu,cpu,6263.24,6263.67
43,267,eb_enc,cpu,6263.67,6268.43
43,301,normalize,cpu,6268.89,6272.53
43,301,g_a_cpu,cpu,6272.54,6272.85
43,301,g_a,dpu,6272.86,7770.8
43,301,g_a,dpu,7770.81,7807.3
43,301,g_a_cpu,cpu,7807.31,7807.66
43,301,eb_enc,cpu,7807.66,7812.37
43,365,normalize,cpu,7812.86,7816.51
43,365,g_a_cpu,cpu,7816.52,7816.85
43,365,g_a,dpu,7816.85,9322.68
43,365,g_a,dpu,9322.69,10095.9
43,365,g_a_cpu,cpu,10095.9,10096.3
43,365,eb_enc,cpu,10096.3,10101.3
43,453,normalize,cpu,10101.7,10105.5
43,453,g_a_cpu,cpu,10105.5,10105.9
43,453,g_a,dpu,10105.9,10878.8
43,453,g_a,dpu,10878.8,11646.7
43,453,g_a_cpu,cpu,11646.7,11647.1
43,453,eb_enc,cpu,11647.1,11651.8
43,517,normalize,cpu,11652.3,11656
43,517,g_a_cpu,cpu,11656,11656.3
43,517,g_a,dpu,11656.3,12411.6
43,517,g_a,dpu,12411.6,13177.2
43,517,g_a_cpu,cpu,13177.2,13178.1
43,517,eb_enc,cpu,13178.1,13183.6
43,580,normalize,cpu,13184.2,13187.8
43,580,g_a_cpu,cpu,13187.8,13188.3
43,580,g_a,dpu,13188.3,13950.8
43,580,g_a,dpu,13950.8,14710.9
43,580,g_a_cpu,cpu,14710.9,14711.3
43,580,eb_enc,cpu,14711.3,14716.1
43,642,normalize,cpu,14716.6,14720.2
43,642,g_a_cpu,cpu,14720.2,14720.6
43,642,g_a,dpu,14720.6,15482.9
43,642,g_a,dpu,15482.9,16262.8
43,642,g_a_cpu,cpu,16262.8,16263.3
43,642,eb_enc,cpu,16263.3,16268.2
43,705,normalize,cpu,16268.6,16272.3
43,705,g_a_cpu,cpu,16272.3,16272.7
43,705,g_a,dpu,16272.7,17042.7
43,705,g_a,dpu,17042.7,17815.1
43,705,g_a_cpu,cpu,17815.1,17815.5
43,705,eb_enc,cpu,17815.6,17820.4
43,766,normalize,cpu,17820.9,17824.5
43,766,g_a_cpu,cpu,17824.5,17824.9
43,766,g_a,dpu,17824.9,18598.8
43,766,g_a,dpu,18598.8,19363.2
43,766,g_a_cpu,cpu,19363.2,19363.6
43,766,eb_enc,cpu,19363.6,19368.4
43,829,normalize,cpu,19368.9,19372.5
43,829,g_a_cpu,cpu,19372.5,19372.9
43,829,g_a,dpu,19372.9,20138.9
43,829,g_a,dpu,20138.9,20911.4
43,829,g_a_cpu,cpu,20911.4,20911.7
43,829,eb_enc,cpu,20911.7,20916.7
43,891,normalize,cpu,20917.1,20920.8
43,891,g_a_cpu,cpu,20920.8,20921.2
43,891,g_a,dpu,20921.2,21686.7
43,891,g_a,dpu,21686.7,22386.5
43,891,g_a_cpu,cpu,22386.5,22386.9
43,891,eb_enc,cpu,22386.9,22391.7
44,46,normalize,cpu,131.245,134.947
44,46,g_a_cpu,cpu,134.98,135.484
44,46,g_a,dpu,135.494,702.054
44,46,g_a,dpu,702.057,738.823
44,46,g_a_cpu,cpu,738.823,739.242
44,46,eb_enc,cpu,739.247,745.427
44,75,normalize,cpu,745.927,749.588
44,75,g_a_cpu,cpu,749.591,749.926
44,75,g_a,dpu,749.929,2261.16
44,75,g_a,dpu,2261.17,2297.95
44,75,g_a_cpu,cpu,2297.95,2298.34
44,75,eb_enc,cpu,2298.35,2303.22
44,139,normalize,cpu,2303.67,2307.32
44,139,g_a_cpu,cpu,2307.32,2307.64
44,139,g_a,dpu,2307.64,3829.08
44,139,g_a,dpu,3829.08,3865.78
44,139,g_a_cpu,cpu,3865.78,3866.23
44,139,eb_enc,cpu,3866.23,3871.11
44,201,normalize,cpu,3871.55,3875.22
44,201,g_a_cpu,cpu,3875.22,3875.51
44,201,g_a,dpu,3875.52,5395.21
44,201,g_a,dpu,5395.21,5432.04
44,201,g_a_cpu,cpu,5432.04,5432.41
44,201,eb_enc,cpu,5432.42,5437.31
44,266,normalize,cpu,5437.82,5441.49
44,266,g_a_cpu,cpu,5441.49,5441.8
44,266,g_a,dpu,5441.8,6969.39
44,266,g_a,dpu,6969.39,7006.06
44,266,g_a_cpu,cpu,7006.06,7006.51
44,266,eb_enc,cpu,7006.51,7011.41
44,329,normalize,cpu,7011.94,7015.58
44,329,g_a_cpu,cpu,7015.58,7015.92
44,329,g_a,dpu,7015.92,8537
44,329,g_a,dpu,8537,8573.84
44,329,g_a_cpu,cpu,8573.84,8574.19
44,329,eb_enc,cpu,8574.19,8579.06
44,391,normalize,cpu,8579.57,8583.23
44,391,g_a_cpu,cpu,8583.23,8583.56
44,391,g_a,dpu,8583.57,9365.21
44,391,g_a,dpu,9365.21,9402.27
44,391,g_a_cpu,cpu,9402.28,9402.71
44,391,eb_enc,cpu,9402.71,9407.74
44,428,normalize,cpu,9408.2,9411.86
44,428,g_a_cpu,cpu,9411.87,9412.2
44,428,g_a,dpu,9412.2,10915.9
44,428,g_a,dpu,10915.9,10952.8
44,428,g_a_cpu,cpu,10952.8,10953.2
44,428,eb_enc,cpu,10953.2,10958.2
44,491,normalize,cpu,10958.6,10962.3
44,491,g_a_cpu,cpu,10962.3,10962.6
44,491,g_a,dpu,10962.6,11731.1
44,491,g_a,dpu,11731.1,12502.1
44,491,g_a_cpu,cpu,12502.1,12502.5
44,491,eb_enc,cpu,12502.5,12507.4
44,555,normalize,cpu,12507.9,12511.6
44,555,g_a_cpu,cpu,12511.6,12511.9
44,555,g_a,dpu,12511.9,14032.5
44,555,g_a,dpu,14032.5,14069.5
44,555,g_a_cpu,cpu,14069.5,14070
44,555,eb_enc,cpu,14070,14074.9
44,616,normalize,cpu,14075.4,14079.1
44,616,g_a_cpu,cpu,14079.1,14079.4
44,616,g_a,dpu,14079.4,16335.2
44,616,g_a,dpu,16335.2,16372
44,616,g_a_cpu,cpu,16372,16372.3
44,616,eb_enc,cpu,16372.3,16377.2
44,710,normalize,cpu,16378,16381.6
44,710,g_a_cpu,cpu,16381.6,16382
44,710,g_a,dpu,16382,17898.2
44,710,g_a,dpu,17898.2,17935
44,710,g_a_cpu,cpu,17935,17935.3
44,710,eb_enc,cpu,17935.3,17940.1
44,774,normalize,cpu,17940.7,17944.3
44,774,g_a_cpu,cpu,17944.3,17944.6
44,774,g_a,dpu,17944.6,19457.9
44,774,g_a,dpu,19457.9,19494.9
44,774,g_a_cpu,cpu,19494.9,19495.4
44,774,eb_enc,cpu,19495.4,19500.2
44,837,normalize,cpu,19500.7,19504.4
44,837,g_a_cpu,cpu,19504.4,19504.7
44,837,g_a,dpu,19504.7,21008.4
44,837,g_a,dpu,21008.4,21045.2
44,837,g_a_cpu,cpu,21045.2,21045.7
44,837,eb_enc,cpu,21045.7,21050.6
44,900,normalize,cpu,21051,21054.7
44,900,g_a_cpu,cpu,21054.7,21055
44,900,g_a,dpu,21055,22512.9
44,900,g_a,dpu,22512.9,22921
44,900,g_a_cpu,cpu,22921,22921.4
44,900,eb_enc,cpu,22921.4,22926.2
45,54,normalize,cpu,143.395,149.538
45,54,g_a_cpu,cpu,149.547,150.428
45,54,g_a,dpu,150.436,804.52
45,54,g_a,dpu,804.523,1609.26
45,54,g_a_cpu,cpu,1609.26,1609.7
45,54,eb_enc,cpu,1609.71,1614.53
45,114,normalize,cpu,1615.07,1618.8
45,114,g_a_cpu,cpu,1618.8,1619.12
45,114,g_a,dpu,1619.12,2403.87
45,114,g_a,dpu,2403.88,3210.72
45,114,g_a_cpu,cpu,3210.72,3211.1
45,114,eb_enc,cpu,3211.11,3215.87
45,177,normalize,cpu,3216.31,3219.96
45,177,g_a_cpu,cpu,3219.96,3220.28
45,177,g_a,dpu,3220.28,4018.53
45,177,g_a,dpu,4018.54,4822.87
45,177,g_a_cpu,cpu,4822.87,4823.28
45,177,eb_enc,cpu,4823.29,4828.16
45,239,normalize,cpu,4828.72,4832.38
45,239,g_a_cpu,cpu,4832.39,4832.99
45,239,g_a,dpu,4833,6398.43
45,239,g_a,dpu,6398.43,7207.1
45,239,g_a_cpu,cpu,7207.1,7207.61
45,239,eb_enc,cpu,7207.61,7212.45
45,338,normalize,cpu,7212.92,7216.64
45,338,g_a_cpu,cpu,7216.65,7216.98
45,338,g_a,dpu,7216.98,8014.66
45,338,g_a,dpu,8014.66,8810.72
45,338,g_a_cpu,cpu,8810.72,8811.15
45,338,eb_enc,cpu,8811.15,8815.94
45,403,normalize,cpu,8816.45,8820.13
45,403,g_a_cpu,cpu,8820.13,8820.41
45,403,g_a,dpu,8820.41,9619.3
45,403,g_a,dpu,9619.31,10427.3
45,403,g_a_cpu,cpu,10427.3,10427.8
45,403,eb_enc,cpu,10427.8,10432.5
45,469,normalize,cpu,10433.1,10436.9
45,469,g_a_cpu,cpu,10436.9,10437.3
45,469,g_a,dpu,10437.3,11226.6
45,469,g_a,dpu,11226.6,12030.6
45,469,g_a_cpu,cpu,12030.6,12031.1
45,469,eb_enc,cpu,12031.1,12035.8
45,534,normalize,cpu,12036.3,12039.9
45,534,g_a_cpu,cpu,12039.9,12040.3
45,534,g_a,dpu,12040.3,12842.4
45,534,g_a,dpu,12842.4,13646.6
45,534,g_a_cpu,cpu,13646.6,13646.9
45,534,eb_enc,cpu,13646.9,13652.6
45,600,normalize,cpu,13653.1,13656.8
45,600,g_a_cpu,cpu,13656.8,13657.2
45,600,g_a,dpu,13657.2,14447.3
45,600,g_a,dpu,14447.3,15254.7
45,600,g_a_cpu,cpu,15254.8,15255.2
45,600,eb_enc,cpu,15255.2,15260
45,666,normalize,cpu,15260.5,15264.2
45,666,g_a_cpu,cpu,15264.2,15264.6
45,666,g_a,dpu,15264.6,16055.2
45,666,g_a,dpu,16055.2,16853
45,666,g_a_cpu,cpu,16853,16853.6
45,666,eb_enc,cpu,16853.6,16858.3
45,732,normalize,cpu,16859,16862.7
45,732,g_a_cpu,cpu,16862.7,16863.1
45,732,g_a,dpu,16863.1,17654.8
45,732,g_a,dpu,17654.8,18470.7
45,732,g_a_cpu,cpu,18470.7,18471.2
45,732,eb_enc,cpu,18471.2,18475.9
45,796,normalize,cpu,18476.4,18480.1
45,796,g_a_cpu,cpu,18480.1,18480.4
45,796,g_a,dpu,18480.4,19278.8
45,796,g_a,dpu,19278.8,20099.1
45,796,g_a_cpu,cpu,20099.1,20099.6
45,796,eb_enc,cpu,20099.6,20104.5
45,866,normalize,cpu,20105,20108.7
45,866,g_a_cpu,cpu,20108.7,20109.1
45,866,g_a,dpu,20109.1,20899.1
45,866,g_a,dpu,20899.1,20935.6
45,866,g_a_cpu,cpu,20935.6,20936.1
45,866,eb_enc,cpu,20936.1,20941.1
45,893,normalize,cpu,20941.6,20945.2
45,893,g_a_cpu,cpu,20945.3,20945.6
45,893,g_a,dpu,20945.6,21754.5
45,893,g_a,dpu,21754.5,22518.5
45,893,g_a_cpu,cpu,22518.5,22518.9
45,893,eb_enc,cpu,22518.9,22523.8
46,53,normalize,cpu,140.592,144.331
46,53,g_a_cpu,cpu,144.338,144.764
46,53,g_a,dpu,144.768,1395.28
46,53,g_a,dpu,1395.29,2174.99
46,53,g_a_cpu,cpu,2174.99,2175.33
46,53,eb_enc,cpu,2175.34,2180.21
46,134,normalize,cpu,2180.66,2184.34
46,134,g_a_cpu,cpu,2184.34,2184.62
46,134,g_a,dpu,2184.63,2943.24
46,134,g_a,dpu,2943.24,3715.71
46,134,g_a_cpu,cpu,3715.71,3716.07
46,134,eb_enc,cpu,3716.08,3721.14
46,197,normalize,cpu,3721.59,3725.34
46,197,g_a_cpu,cpu,3725.35,3725.69
46,197,g_a,dpu,3725.69,4486.81
46,197,g_a,dpu,4486.81,5276.13
46,197,g_a_cpu,cpu,5276.13,5276.47
46,197,eb_enc,cpu,5276.48,5281.29
46,261,normalize,cpu,5282.46,5286.1
46,261,g_a_cpu,cpu,5286.11,5286.43
46,261,g_a,dpu,5286.43,6041.88
46,261,g_a,dpu,6041.88,6819.06
46,261,g_a_cpu,cpu,6819.06,6819.53
46,261,eb_enc,cpu,6819.53,6824.59
46,324,normalize,cpu,6825.02,6828.69
46,324,g_a_cpu,cpu,6828.69,6829
46,324,g_a,dpu,6829,7586.77
46,324,g_a,dpu,7586.77,8367.24
46,324,g_a_cpu,cpu,8367.24,8367.69
46,324,eb_enc,cpu,8367.69,8372.52
46,386,normalize,cpu,8372.97,8376.77
46,386,g_a_cpu,cpu,8376.77,8377.12
46,386,g_a,dpu,8377.12,9135.32
46,386,g_a,dpu,9135.34,9906.94
46,386,g_a_cpu,cpu,9906.94,9907.31
46,386,eb_enc,cpu,9907.31,9912.14
46,446,normalize,cpu,9912.58,9916.34
46,446,g_a_cpu,cpu,9916.34,9916.79
46,446,g_a,dpu,9916.79,10690.8
46,446,g_a,dpu,10690.8,11463.7
46,446,g_a_cpu,cpu,11463.7,11464.2
46,446,eb_enc,cpu,11464.2,11469
46,511,normalize,cpu,11469.5,11473.2
46,511,g_a_cpu,cpu,11473.2,11473.5
46,511,g_a,dpu,11473.5,12231.7
46,511,g_a,dpu,12231.7,12991.9
46,511,g_a_cpu,cpu,12991.9,12992.5
46,511,eb_enc,cpu,12992.5,12997.4
46,573,normalize,cpu,12997.9,13001.6
46,573,g_a_cpu,cpu,13001.6,13001.9
46,573,g_a,dpu,13001.9,13762.7
46,573,g_a,dpu,13762.7,14529.5
46,573,g_a_cpu,cpu,14529.5,14529.9
46,573,eb_enc,cpu,14529.9,14534.6
46,635,normalize,cpu,14535.1,14538.8
46,635,g_a_cpu,cpu,14538.8,14539.1
46,635,g_a,dpu,14539.1,15298.8
46,635,g_a,dpu,15298.8,16082.4
46,635,g_a_cpu,cpu,16082.4,16083
46,635,eb_enc,cpu,16083,16087.8
46,698,normalize,cpu,16088.3,16092
46,698,g_a_cpu,cpu,16092,16092.4
46,698,g_a,dpu,16092.4,16858.8
46,698,g_a,dpu,16858.8,17631.4
46,698,g_a_cpu,cpu,17631.5,17631.8
46,698,eb_enc,cpu,17631.8,17636.6
46,759,normalize,cpu,17637.3,17641
46,759,g_a_cpu,cpu,17641,17641.3
46,759,g_a,dpu,17641.3,18409.6
46,759,g_a,dpu,18409.6,19179.7
46,759,g_a_cpu,cpu,19179.7,19180.1
46,759,eb_enc,cpu,19180.1,19185
46,822,normalize,cpu,19185.4,19189
46,822,g_a_cpu,cpu,19189,19189.6
46,822,g_a,dpu,19189.6,19958.7
46,822,g_a,dpu,19958.7,20726
46,822,g_a_cpu,cpu,20726.1,20726.4
46,822,eb_enc,cpu,20726.4,20731.2
46,885,normalize,cpu,20731.6,20735.3
46,885,g_a_cpu,cpu,20735.3,20735.6
46,885,g_a,dpu,20735.6,21503.6
46,885,g_a,dpu,21503.6,22278.6
46,885,g_a_cpu,cpu,22278.6,22279.1
46,885,eb_enc,cpu,22279.1,22283.9
47,55,normalize,cpu,145.503,149.278
47,55,g_a_cpu,cpu,149.302,150.098
47,55,g_a,dpu,150.109,1595.16
47,55,g_a,dpu,1595.16,1632
47,55,g_a_cpu,cpu,1632,1632.46
47,55,eb_enc,cpu,1632.47,1637.45
47,115,normalize,cpu,1638.07,1641.73
47,115,g_a_cpu,cpu,1641.73,1642.14
47,115,g_a,dpu,1642.15,2411.61
47,115,g_a,dpu,2411.61,2448.32
47,115,g_a_cpu,cpu,2448.32,2448.74
47,115,eb_enc,cpu,2448.74,2453.64
47,143,normalize,cpu,2454.14,2457.8
47,143,g_a_cpu,cpu,2457.8,2458.12
47,143,g_a,dpu,2458.13,3979.25
47,143,g_a,dpu,3979.25,4016
47,143,g_a_cpu,cpu,4016,4016.33
47,143,eb_enc,cpu,4016.34,4021.91
47,207,normalize,cpu,4022.35,4026
47,207,g_a_cpu,cpu,4026,4026.31
47,207,g_a,dpu,4026.31,4795.26
47,207,g_a,dpu,4795.26,5583.13
47,207,g_a_cpu,cpu,5583.13,5583.54
47,207,eb_enc,cpu,5583.54,5588.42
47,274,normalize,cpu,5588.9,5592.56
47,274,g_a_cpu,cpu,5592.57,5592.88
47,274,g_a,dpu,5592.88,6375.94
47,274,g_a,dpu,6375.94,7155.19
47,274,g_a_cpu,cpu,7155.19,7155.54
47,274,eb_enc,cpu,7155.54,7160.44
47,337,normalize,cpu,7161,7164.65
47,337,g_a_cpu,cpu,7164.65,7164.98
47,337,g_a,dpu,7164.98,7940.77
47,337,g_a,dpu,7940.78,8723.16
47,337,g_a_cpu,cpu,8723.16,8723.53
47,337,eb_enc,cpu,8723.53,8735.22
47,399,normalize,cpu,8735.7,8739.47
47,399,g_a_cpu,cpu,8739.47,8739.88
47,399,g_a,dpu,8739.88,9512.78
47,399,g_a,dpu,9512.78,10285.4
47,399,g_a_cpu,cpu,10285.4,10285.8
47,399,eb_enc,cpu,10285.8,10290.8
47,462,normalize,cpu,10291.3,10295
47,462,g_a_cpu,cpu,10295,10295.3
47,462,g_a,dpu,10295.3,11064.4
47,462,g_a,dpu,11064.4,11842.1
47,462,g_a_cpu,cpu,11842.1,11842.5
47,462,eb_enc,cpu,11842.5,11847.5
47,526,normalize,cpu,11848.1,11851.9
47,526,g_a_cpu,cpu,11851.9,11852.3
47,526,g_a,dpu,11852.3,12611.4
47,526,g_a,dpu,12611.4,13403.5
47,526,g_a_cpu,cpu,13403.5,13403.9
47,526,eb_enc,cpu,13403.9,13408.8
47,591,normalize,cpu,13409.3,13413
47,591,g_a_cpu,cpu,13413,13413.3
47,591,g_a,dpu,13413.3,14179.3
47,591,g_a,dpu,14179.3,14959.2
47,591,g_a_cpu,cpu,14959.2,14959.6
47,591,eb_enc,cpu,14959.6,14964.6
47,655,normalize,cpu,14965.2,14968.8
47,655,g_a_cpu,cpu,14968.8,14969.2
47,655,g_a,dpu,14969.2,15737.1
47,655,g_a,dpu,15737.1,16527.3
47,655,g_a_cpu,cpu,16527.3,16527.8
47,655,eb_enc,cpu,16527.8,16532.9
47,717,normalize,cpu,16533.4,16537
47,717,g_a_cpu,cpu,16537,16537.4
47,717,g_a,dpu,16537.4,17303.9
47,717,g_a,dpu,17303.9,18095.1
47,717,g_a_cpu,cpu,18095.1,18095.5
47,717,eb_enc,cpu,18095.5,18100.4
47,781,normalize,cpu,18100.9,18104.6
47,781,g_a_cpu,cpu,18104.6,18104.8
47,781,g_a,dpu,18104.8,18867.6
47,781,g_a,dpu,18867.6,18904.4
47,781,g_a_cpu,cpu,18904.4,18904.8
47,781,eb_enc,cpu,18904.8,18909.6
47,810,normalize,cpu,18910.1,18913.8
47,810,g_a_cpu,cpu,18913.8,18914.3
47,810,g_a,dpu,18914.3,20419.9
47,810,g_a,dpu,20419.9,20456.7
47,810,g_a_cpu,cpu,20456.7,20457.2
47,810,eb_enc,cpu,20457.2,20462
47,874,normalize,cpu,20462.7,20466.3
47,874,g_a_cpu,cpu,20466.3,20466.8
47,874,g_a,dpu,20466.8,21964
47,874,g_a,dpu,21964,22000.8
47,874,g_a_cpu,cpu,22000.8,22001.3
47,874,eb_enc,cpu,22001.3,22006.9
48,57,normalize,cpu,150.134,153.85
48,57,g_a_cpu,cpu,154.88,155.395
48,57,g_a,dpu,155.399,843.045
48,57,g_a,dpu,843.051,1645.27
48,57,g_a_cpu,cpu,1645.27,1645.69
48,57,eb_enc,cpu,1645.7,1650.7
48,116,normalize,cpu,1651.24,1654.92
48,116,g_a_cpu,cpu,1654.92,1655.35
48,116,g_a,dpu,1655.36,2439.74
48,116,g_a,dpu,2439.74,2476.04
48,116,g_a_cpu,cpu,2476.04,2476.4
48,116,eb_enc,cpu,2476.4,2481.21
48,144,normalize,cpu,2481.71,2485.35
48,144,g_a_cpu,cpu,2485.36,2485.78
48,144,g_a,dpu,2485.79,4054.46
48,144,g_a,dpu,4054.46,4862.78
48,144,g_a_cpu,cpu,4862.79,4863.23
48,144,eb_enc,cpu,4863.25,4868.08
48,242,normalize,cpu,4868.57,4872.25
48,242,g_a_cpu,cpu,4872.25,4872.64
48,242,g_a,dpu,4872.65,5667.08
48,242,g_a,dpu,5667.09,6470.72
48,242,g_a_cpu,cpu,6470.72,6471.06
48,242,eb_enc,cpu,6471.06,6475.9
48,309,normalize,cpu,6476.43,6480.07
48,309,g_a_cpu,cpu,6480.07,6480.4
48,309,g_a,dpu,6480.41,7282.62
48,309,g_a,dpu,7282.62,8086.49
48,309,g_a_cpu,cpu,8086.49,8086.94
48,309,eb_enc,cpu,8086.94,8091.76
48,374,normalize,cpu,8092.23,8095.88
48,374,g_a_cpu,cpu,8095.89,8096.22
48,374,g_a,dpu,8096.22,8882.81
48,374,g_a,dpu,8882.81,9691.54
48,374,g_a_cpu,cpu,9691.54,9691.98
48,374,eb_enc,cpu,9691.99,9696.99
48,436,normalize,cpu,9697.75,9701.44
48,436,g_a_cpu,cpu,9701.44,9701.82
48,436,g_a,dpu,9701.82,10499.2
48,436,g_a,dpu,10499.2,11298.9
48,436,g_a_cpu,cpu,11298.9,11299.4
48,436,eb_enc,cpu,11299.4,11304.2
48,503,normalize,cpu,11304.7,11308.4
48,503,g_a_cpu,cpu,11308.4,11308.7
48,503,g_a,dpu,11308.7,12102.5
48,503,g_a,dpu,12102.5,12914.3
48,503,g_a_cpu,cpu,12914.3,12914.9
48,503,eb_enc,cpu,12914.9,12920.4
48,570,normalize,cpu,12921,12924.7
48,570,g_a_cpu,cpu,12924.7,12925
48,570,g_a,dpu,12925,13722.7
48,570,g_a,dpu,13722.7,14519.6
48,570,g_a_cpu,cpu,14519.6,14520.2
48,570,eb_enc,cpu,14520.2,14525
48,634,normalize,cpu,14525.5,14529.1
48,634,g_a_cpu,cpu,14529.1,14530.9
48,634,g_a,dpu,14530.9,15330.7
48,634,g_a,dpu,15330.7,16127.7
48,634,g_a_cpu,cpu,16127.7,16128
48,634,eb_enc,cpu,16128,16132.8
48,701,normalize,cpu,16133.3,16137.1
48,701,g_a_cpu,cpu,16137.1,16137.4
48,701,g_a,dpu,16137.4,16924.8
48,701,g_a,dpu,16924.8,17727
48,701,g_a_cpu,cpu,17727,17727.4
48,701,eb_enc,cpu,17727.4,17732.1
48,763,normalize,cpu,17732.7,17736.3
48,763,g_a_cpu,cpu,17736.3,17736.7
48,763,g_a,dpu,17736.7,18546.9
48,763,g_a,dpu,18546.9,19354.6
48,763,g_a_cpu,cpu,19354.6,19355
48,763,eb_enc,cpu,19355,19359.8
48,828,normalize,cpu,19360.3,19367.6
48,828,g_a_cpu,cpu,19367.7,19368
48,828,g_a,dpu,19368,20174.9
48,828,g_a,dpu,20174.9,20975
48,828,g_a_cpu,cpu,20975,20975.5
48,828,eb_enc,cpu,20975.5,20980.3
48,895,normalize,cpu,20980.8,20984.5
48,895,g_a_cpu,cpu,20984.5,20984.8
48,895,g_a,dpu,20984.8,21790.3
48,895,g_a,dpu,21790.3,22554.4
48,895,g_a_cpu,cpu,22554.5,22554.9
48,895,eb_enc,cpu,22554.9,22559.6
49,52,normalize,cpu,139.317,152.463
49,52,g_a_cpu,cpu,152.472,152.909
49,52,g_a,dpu,152.912,474.979
49,52,g_a,dpu,474.982,511.342
49,52,g_a_cpu,cpu,511.346,511.849
49,52,eb_enc,cpu,511.857,517.938
49,70,normalize,cpu,518.4,525.293
49,70,g_a_cpu,cpu,525.297,525.656
49,70,g_a,dpu,525.659,1286.8
49,70,g_a,dpu,1286.81,2062.73
49,70,g_a_cpu,cpu,2062.73,2063.09
49,70,eb_enc,cpu,2063.09,2067.85
49,131,normalize,cpu,2068.4,2072.05
49,131,g_a_cpu,cpu,2072.05,2072.4
49,131,g_a,dpu,2072.4,2834.72
49,131,g_a,dpu,2834.72,3606.74
49,131,g_a_cpu,cpu,3606.74,3607.07
49,131,eb_enc,cpu,3607.07,3611.91
49,193,normalize,cpu,3612.37,3616.02
49,193,g_a_cpu,cpu,3616.03,3616.35
49,193,g_a,dpu,3616.35,4378.41
49,193,g_a,dpu,4378.41,5167.9
49,193,g_a_cpu,cpu,5167.9,5168.37
49,193,eb_enc,cpu,5168.38,5173.24
49,257,normalize,cpu,5173.77,5177.43
49,257,g_a_cpu,cpu,5177.44,5177.82
49,257,g_a,dpu,5177.82,5932.82
49,257,g_a,dpu,5932.83,6707.2
49,257,g_a_cpu,cpu,6707.2,6707.54
49,257,eb_enc,cpu,6707.54,6712.38
49,320,normalize,cpu,6712.9,6716.61
49,320,g_a_cpu,cpu,6716.61,6716.95
49,320,g_a,dpu,6716.96,7471.2
49,320,g_a,dpu,7471.21,8255.09
49,320,g_a_cpu,cpu,8255.09,8255.45
49,320,eb_enc,cpu,8255.45,8260.2
49,382,normalize,cpu,8260.71,8264.36
49,382,g_a_cpu,cpu,8264.36,8264.7
49,382,g_a,dpu,8264.71,9026.82
49,382,g_a,dpu,9026.82,9798.61
49,382,g_a_cpu,cpu,9798.61,9799.11
49,382,eb_enc,cpu,9799.12,9803.93
49,441,normalize,cpu,9804.41,9808.27
49,441,g_a_cpu,cpu,9808.28,9808.68
49,441,g_a,dpu,9808.68,11318.9
49,441,g_a,dpu,11318.9,11355.3
49,441,g_a_cpu,cpu,11355.3,11355.8
49,441,eb_enc,cpu,11355.8,11360.5
49,506,normalize,cpu,11361,11364.7
49,506,g_a_cpu,cpu,11364.7,11365.1
49,506,g_a,dpu,11365.1,12847.1
49,506,g_a,dpu,12847.1,12883.4
49,506,g_a_cpu,cpu,12883.4,12883.9
49,506,eb_enc,cpu,12883.9,12888.6
49,568,normalize,cpu,12889.1,12892.8
49,568,g_a_cpu,cpu,12892.8,12893.1
49,568,g_a,dpu,12893.1,13650.9
49,568,g_a,dpu,13650.9,14421.1
49,568,g_a_cpu,cpu,14421.1,14421.7
49,568,eb_enc,cpu,14421.7,14426.4
49,630,normalize,cpu,14427,14430.6
49,630,g_a_cpu,cpu,14430.6,14431
49,630,g_a,dpu,14431,15187.6
49,630,g_a,dpu,15187.6,15224.1
49,630,g_a_cpu,cpu,15224.1,15224.5
49,630,eb_enc,cpu,15224.5,15229.3
49,665,normalize,cpu,15229.7,15233.4
49,665,g_a_cpu,cpu,15233.4,15233.7
49,665,g_a,dpu,15233.7,16002.9
49,665,g_a,dpu,16002.9,16785.4
49,665,g_a_cpu,cpu,16785.4,16785.8
49,665,eb_enc,cpu,16785.8,16790.6
49,730,normalize,cpu,16791.8,16795.5
49,730,g_a_cpu,cpu,16795.5,16795.8
49,730,g_a,dpu,16795.8,17558.9
49,730,g_a,dpu,17558.9,18335.1
49,730,g_a_cpu,cpu,18335.1,18335.5
49,730,eb_enc,cpu,18335.5,18340.3
49,792,normalize,cpu,18340.8,18344.4
49,792,g_a_cpu,cpu,18344.4,18344.8
49,792,g_a,dpu,18344.8,19107.2
49,792,g_a,dpu,19107.2,19885.2
49,792,g_a_cpu,cpu,19885.2,19885.5
49,792,eb_enc,cpu,19885.5,19890.3
49,856,normalize,cpu,19890.8,19894.4
49,856,g_a_cpu,cpu,19894.4,19894.7
49,856,g_a,dpu,19894.7,20653.6
49,856,g_a,dpu,20653.6,21431.5
49,856,g_a_cpu,cpu,21431.6,21432
49,856,eb_enc,cpu,21432,21436.8
49,919,normalize,cpu,21437.2,21440.9
49,919,g_a_cpu,cpu,21440.9,21441.3
49,919,g_a,dpu,21441.3,22206.8
49,919,g_a,dpu,22206.8,22718.8
49,919,g_a_cpu,cpu,22718.8,22719.3
49,919,eb_enc,cpu,22719.3,22724
50,50,normalize,cpu,135.137,153.049
50,50,g_a_cpu,cpu,153.053,153.447
50,50,g_a,dpu,153.45,775.161
50,50,g_a,dpu,775.165,1555.14
50,50,g_a_cpu,cpu,1555.14,1555.49
50,50,eb_enc,cpu,1555.5,1560.27
50,112,normalize,cpu,1560.74,1564.43
50,112,g_a_cpu,cpu,1564.43,1564.71
50,112,g_a,dpu,1564.71,2335.28
50,112,g_a,dpu,2335.29,2374.86
50,112,g_a_cpu,cpu,2374.86,2375.42
50,112,eb_enc,cpu,2375.43,2380.24
50,141,normalize,cpu,2380.7,2384.36
50,141,g_a_cpu,cpu,2384.36,2384.7
50,141,g_a,dpu,2384.7,3162.87
50,141,g_a,dpu,3162.87,3942.9
50,141,g_a_cpu,cpu,3942.9,3943.4
50,141,eb_enc,cpu,3943.41,3948.33
50,206,normalize,cpu,3948.95,3952.65
50,206,g_a_cpu,cpu,3952.65,3952.9
50,206,g_a,dpu,3952.9,4721.85
50,206,g_a,dpu,4721.86,5507.84
50,206,g_a_cpu,cpu,5507.84,5508.39
50,206,eb_enc,cpu,5508.39,5513.15
50,271,normalize,cpu,5513.62,5517.26
50,271,g_a_cpu,cpu,5517.27,5517.61
50,271,g_a,dpu,5517.61,6302.97
50,271,g_a,dpu,6302.98,7078.85
50,271,g_a_cpu,cpu,7078.86,7079.32
50,271,eb_enc,cpu,7079.33,7084.1
50,333,normalize,cpu,7084.54,7088.24
50,333,g_a_cpu,cpu,7088.25,7088.51
50,333,g_a,dpu,7088.51,7867.5
50,333,g_a,dpu,7867.5,8647.57
50,333,g_a_cpu,cpu,8647.58,8648.03
50,333,eb_enc,cpu,8648.03,8652.84
50,395,normalize,cpu,8653.31,8656.97
50,395,g_a_cpu,cpu,8656.97,8657.31
50,395,g_a,dpu,8657.32,9439.42
50,395,g_a,dpu,9439.42,10212.2
50,395,g_a_cpu,cpu,10212.2,10212.7
50,395,eb_enc,cpu,10212.7,10217.4
50,458,normalize,cpu,10217.8,10221.5
50,458,g_a_cpu,cpu,10221.5,10221.8
50,458,g_a,dpu,10221.8,10991.4
50,458,g_a,dpu,10991.4,11768.3
50,458,g_a_cpu,cpu,11768.3,11769
50,458,eb_enc,cpu,11769,11773.9
50,522,normalize,cpu,11774.4,11778
50,522,g_a_cpu,cpu,11778,11778.4
50,522,g_a,dpu,11778.4,12538.7
50,522,g_a,dpu,12538.7,13327.3
50,522,g_a_cpu,cpu,13327.3,13327.7
50,522,eb_enc,cpu,13327.7,13332.5
50,586,normalize,cpu,13333,13336.6
50,586,g_a_cpu,cpu,13336.6,13337
50,586,g_a,dpu,13337,14106.1
50,586,g_a,dpu,14106.1,14884.2
50,586,g_a_cpu,cpu,14884.2,14884.7
50,586,eb_enc,cpu,14884.7,14889.3
50,650,normalize,cpu,14889.8,14893.5
50,650,g_a_cpu,cpu,14893.5,14894
50,650,g_a,dpu,14894,15664.3
50,650,g_a,dpu,15664.3,16447.6
50,650,g_a_cpu,cpu,16447.6,16447.9
50,650,eb_enc,cpu,16448,16453.6
50,714,normalize,cpu,16454,16457.7
50,714,g_a_cpu,cpu,16457.7,16458
50,714,g_a,dpu,16458,17230.4
50,714,g_a,dpu,17230.4,18015.2
50,714,g_a_cpu,cpu,18015.2,18015.5
50,714,eb_enc,cpu,18015.5,18020.3
50,778,normalize,cpu,18020.7,18024.4
50,778,g_a_cpu,cpu,18024.4,18024.8
50,778,g_a,dpu,18024.8,18794.5
50,778,g_a,dpu,18794.5,19567.9
50,778,g_a_cpu,cpu,19567.9,19568.3
50,778,eb_enc,cpu,19568.3,19573.1
50,841,normalize,cpu,19573.6,19577.2
50,841,g_a_cpu,cpu,19577.2,19577.5
50,841,g_a,dpu,19577.5,20346.6
50,841,g_a,dpu,20346.6,21119.2
50,841,g_a_cpu,cpu,21119.2,21119.6
50,841,eb_enc,cpu,21119.6,21124.4
50,904,normalize,cpu,21124.8,21128.5
50,904,g_a_cpu,cpu,21128.5,21128.9
50,904,g_a,dpu,21128.9,21890.9
50,904,g_a,dpu,21890.9,22585.7
50,904,g_a_cpu,cpu,22585.7,22586.2
50,904,eb_enc,cpu,22586.2,22590.9
51,48,normalize,cpu,132.679,148.434
51,48,g_a_cpu,cpu,148.442,148.963
51,48,g_a,dpu,148.969,696.991
51,48,g_a,dpu,696.997,1498.28
51,48,g_a_cpu,cpu,1498.28,1498.66
51,48,eb_enc,cpu,1498.67,1503.6
51,107,normalize,cpu,1504.08,1507.72
51,107,g_a_cpu,cpu,1507.72,1508.11
51,107,g_a,dpu,1508.11,3063.47
51,107,g_a,dpu,3063.48,3099.88
51,107,g_a_cpu,cpu,3099.88,3100.32
51,107,eb_enc,cpu,3100.33,3105.14
51,173,normalize,cpu,3105.86,3109.51
51,173,g_a_cpu,cpu,3109.51,3109.89
51,173,g_a,dpu,3109.9,4674.98
51,173,g_a,dpu,4674.98,5486.92
51,173,g_a_cpu,cpu,5486.92,5487.35
51,173,eb_enc,cpu,5487.37,5492.23
51,269,normalize,cpu,5492.73,5496.39
51,269,g_a_cpu,cpu,5496.39,5496.77
51,269,g_a,dpu,5496.78,6290.7
51,269,g_a,dpu,6290.7,7094.81
51,269,g_a_cpu,cpu,7094.81,7095.29
51,269,eb_enc,cpu,7095.3,7100.14
51,334,normalize,cpu,7100.65,7104.31
51,334,g_a_cpu,cpu,7104.32,7104.66
51,334,g_a,dpu,7104.67,7906.94
51,334,g_a,dpu,7906.94,8702.72
51,334,g_a_cpu,cpu,8702.72,8703.18
51,334,eb_enc,cpu,8703.18,8707.96
51,397,normalize,cpu,8708.49,8712.17
51,397,g_a_cpu,cpu,8712.17,8712.47
51,397,g_a,dpu,8712.48,9510.74
51,397,g_a,dpu,9510.75,10314.7
51,397,g_a_cpu,cpu,10314.7,10315.1
51,397,eb_enc,cpu,10315.1,10320
51,463,normalize,cpu,10320.5,10324.2
51,463,g_a_cpu,cpu,10324.2,10324.7
51,463,g_a,dpu,10324.7,11118.4
51,463,g_a,dpu,11118.4,11921.3
51,463,g_a_cpu,cpu,11921.3,11921.8
51,463,eb_enc,cpu,11921.8,11926.6
51,529,normalize,cpu,11927.1,11930.7
51,529,g_a_cpu,cpu,11930.7,11931
51,529,g_a,dpu,11931,12734.6
51,529,g_a,dpu,12734.6,13530.3
51,529,g_a_cpu,cpu,13530.3,13530.8
51,529,eb_enc,cpu,13530.8,13535.5
51,596,normalize,cpu,13536.1,13539.8
51,596,g_a_cpu,cpu,13539.8,13540
51,596,g_a,dpu,13540,14339.1
51,596,g_a,dpu,14339.1,15147
51,596,g_a_cpu,cpu,15147,15147.5
51,596,eb_enc,cpu,15147.5,15152.5
51,662,normalize,cpu,15152.9,15156.6
51,662,g_a_cpu,cpu,15156.6,15156.9
51,662,g_a,dpu,15156.9,15946.9
51,662,g_a,dpu,15946.9,16744.8
51,662,g_a_cpu,cpu,16744.8,16745.2
51,662,eb_enc,cpu,16745.2,16755.7
51,727,normalize,cpu,16756.2,16759.8
51,727,g_a_cpu,cpu,16759.8,16760.2
51,727,g_a,dpu,16760.2,17546.9
51,727,g_a,dpu,17546.9,18363.1
51,727,g_a_cpu,cpu,18363.1,18363.5
51,727,eb_enc,cpu,18363.5,18368.3
51,793,normalize,cpu,18368.9,18372.7
51,793,g_a_cpu,cpu,18372.7,18373.1
51,793,g_a,dpu,18373.1,19170.9
51,793,g_a,dpu,19170.9,19990.5
51,793,g_a_cpu,cpu,19990.5,19990.9
51,793,eb_enc,cpu,19990.9,19995.8
51,859,normalize,cpu,19996.2,19999.9
51,859,g_a_cpu,cpu,19999.9,20000.2
51,859,g_a,dpu,20000.2,20790.8
51,859,g_a,dpu,20790.8,21606.9
51,859,g_a_cpu,cpu,21606.9,21607.4
51,859,eb_enc,cpu,21607.4,21615.8
51,927,normalize,cpu,21616.3,21620
51,927,g_a_cpu,cpu,21620,21620.3
51,927,g_a,dpu,21620.3,22410.8
51,927,g_a,dpu,22410.8,22970.7
51,927,g_a_cpu,cpu,22970.7,22971.1
51,927,eb_enc,cpu,22971.1,22975.8
52,43,normalize,cpu,127.139,130.878
52,43,g_a_cpu,cpu,130.919,131.414
52,43,g_a,dpu,131.418,294.774
52,43,g_a,dpu,294.781,1803.43
52,43,g_a_cpu,cpu,1803.43,1803.76
52,43,eb_enc,cpu,1803.76,1808.63
52,127,normalize,cpu,1809.16,1812.81
52,127,g_a_cpu,cpu,1812.81,1813.15
52,127,g_a,dpu,1813.15,2579.19
52,127,g_a,dpu,2579.2,3351.37
52,127,g_a_cpu,cpu,3351.37,3351.93
52,127,eb_enc,cpu,3351.94,3356.82
52,185,normalize,cpu,3357.22,3360.97
52,185,g_a_cpu,cpu,3360.98,3361.52
52,185,g_a,dpu,3361.53,4119.05
52,185,g_a,dpu,4119.05,4909.26
52,185,g_a_cpu,cpu,4909.26,4909.6
52,185,eb_enc,cpu,4909.6,4914.41
52,246,normalize,cpu,4914.9,4918.5
52,246,g_a_cpu,cpu,4918.51,4918.85
52,246,g_a,dpu,4918.85,5679.64
52,246,g_a,dpu,5679.64,6446.72
52,246,g_a_cpu,cpu,6446.72,6447.07
52,246,eb_enc,cpu,6447.08,6456.16
52,307,normalize,cpu,6456.61,6460.28
52,307,g_a_cpu,cpu,6460.28,6460.65
52,307,g_a,dpu,6460.65,7962.6
52,307,g_a,dpu,7962.6,8728.14
52,307,g_a_cpu,cpu,8728.14,8728.62
52,307,eb_enc,cpu,8728.62,8733.48
52,398,normalize,cpu,8733.97,8738.23
52,398,g_a_cpu,cpu,8738.23,8738.69
52,398,g_a,dpu,8738.69,9506.79
52,398,g_a,dpu,9506.8,10279.1
52,398,g_a_cpu,cpu,10279.1,10279.5
52,398,eb_enc,cpu,10279.5,10284.3
52,461,normalize,cpu,10284.8,10288.5
52,461,g_a_cpu,cpu,10288.5,10288.9
52,461,g_a,dpu,10288.9,11062.7
52,461,g_a,dpu,11062.7,11831.2
52,461,g_a_cpu,cpu,11831.2,11831.6
52,461,eb_enc,cpu,11831.6,11836.4
52,525,normalize,cpu,11836.9,11840.6
52,525,g_a_cpu,cpu,11840.6,11840.9
52,525,g_a,dpu,11840.9,12591.8
52,525,g_a,dpu,12591.8,13358.4
52,525,g_a_cpu,cpu,13358.4,13358.9
52,525,eb_enc,cpu,13358.9,13366.9
52,588,normalize,cpu,13367.6,13371.3
52,588,g_a_cpu,cpu,13371.3,13371.7
52,588,g_a,dpu,13371.7,14131.2
52,588,g_a,dpu,14131.2,14898.8
52,588,g_a_cpu,cpu,14898.8,14899.2
52,588,eb_enc,cpu,14899.2,14903.9
52,651,normalize,cpu,14904.5,14908.1
52,651,g_a_cpu,cpu,14908.1,14908.6
52,651,g_a,dpu,14908.6,15666.8
52,651,g_a,dpu,15666.8,15703.2
52,651,g_a_cpu,cpu,15703.2,15703.6
52,651,eb_enc,cpu,15703.6,15708.5
52,683,normalize,cpu,15708.9,15712.6
52,683,g_a_cpu,cpu,15712.6,15712.9
52,683,g_a,dpu,15712.9,17223.7
52,683,g_a,dpu,17223.7,17260.2
52,683,g_a_cpu,cpu,17260.2,17260.5
52,683,eb_enc,cpu,17260.5,17265.5
52,745,normalize,cpu,17266,17269.7
52,745,g_a_cpu,cpu,17269.7,17270.1
52,745,g_a,dpu,17270.1,18778.9
52,745,g_a,dpu,18778.9,19547.3
52,745,g_a_cpu,cpu,19547.3,19547.7
52,745,eb_enc,cpu,19547.7,19552.6
52,840,normalize,cpu,19553.1,19556.8
52,840,g_a_cpu,cpu,19556.8,19557.1
52,840,g_a,dpu,19557.1,20322.8
52,840,g_a,dpu,20322.8,21103
52,840,g_a_cpu,cpu,21103,21103.4
52,840,eb_enc,cpu,21103.4,21108.3
52,903,normalize,cpu,21108.8,21112.4
52,903,g_a_cpu,cpu,21112.4,21112.8
52,903,g_a,dpu,21112.8,21870.7
52,903,g_a,dpu,21870.7,22534.8
52,903,g_a_cpu,cpu,22534.8,22535.3
52,903,eb_enc,cpu,22535.3,22540.1
53,41,normalize,cpu,121.402,125.079
53,41,g_a_cpu,cpu,125.083,125.607
53,41,g_a,dpu,125.619,336.057
53,41,g_a,dpu,336.06,1106.67
53,41,g_a_cpu,cpu,1106.68,1107.16
53,41,eb_enc,cpu,1107.17,1112.09
53,85,normalize,cpu,1112.53,1116.21
53,85,g_a_cpu,cpu,1116.21,1116.53
53,85,g_a,dpu,1116.53,1893.54
53,85,g_a,dpu,1893.54,2667.69
53,85,g_a_cpu,cpu,2667.69,2668.15
53,85,eb_enc,cpu,2668.15,2672.95
53,150,normalize,cpu,2673.46,2677.14
53,150,g_a_cpu,cpu,2677.14,2677.43
53,150,g_a,dpu,2677.44,3460.72
53,150,g_a,dpu,3460.72,4240.3
53,150,g_a_cpu,cpu,4240.3,4240.74
53,150,eb_enc,cpu,4240.76,4245.64
53,214,normalize,cpu,4246.28,4250
53,214,g_a_cpu,cpu,4250,4250.29
53,214,g_a,dpu,4250.29,5023.62
53,214,g_a,dpu,5023.62,5807.63
53,214,g_a_cpu,cpu,5807.63,5808.09
53,214,eb_enc,cpu,5808.09,5812.87
53,279,normalize,cpu,5813.37,5817.13
53,279,g_a_cpu,cpu,5817.13,5817.46
53,279,g_a,dpu,5817.46,6599.63
53,279,g_a,dpu,6599.63,7379.97
53,279,g_a_cpu,cpu,7379.97,7380.46
53,279,eb_enc,cpu,7380.46,7385.38
53,345,normalize,cpu,7385.88,7389.53
53,345,g_a_cpu,cpu,7389.53,7389.86
53,345,g_a,dpu,7389.87,8160.59
53,345,g_a,dpu,8160.6,8950.26
53,345,g_a_cpu,cpu,8950.26,8950.68
53,345,eb_enc,cpu,8950.69,8955.68
53,408,normalize,cpu,8956.48,8960.14
53,408,g_a_cpu,cpu,8960.15,8960.52
53,408,g_a,dpu,8960.52,9733.82
53,408,g_a,dpu,9733.82,10511
53,408,g_a_cpu,cpu,10511,10511.5
53,408,eb_enc,cpu,10511.5,10516.3
53,474,normalize,cpu,10516.8,10520.5
53,474,g_a_cpu,cpu,10520.5,10520.8
53,474,g_a,dpu,10520.8,11287.6
53,474,g_a,dpu,11287.6,12062.2
53,474,g_a_cpu,cpu,12062.2,12062.5
53,474,eb_enc,cpu,12062.5,12067.5
53,536,normalize,cpu,12068.1,12071.7
53,536,g_a_cpu,cpu,12071.7,12072.2
53,536,g_a,dpu,12072.2,12836.8
53,536,g_a,dpu,12836.8,13625.3
53,536,g_a_cpu,cpu,13625.3,13625.8
53,536,eb_enc,cpu,13625.8,13630.6
53,599,normalize,cpu,13631.1,13634.7
53,599,g_a_cpu,cpu,13634.7,13635.2
53,599,g_a,dpu,13635.2,14403.2
53,599,g_a,dpu,14403.2,15185.1
53,599,g_a_cpu,cpu,15185.1,15185.6
53,599,eb_enc,cpu,15185.6,15190.6
53,664,normalize,cpu,15191.1,15194.7
53,664,g_a_cpu,cpu,15194.7,15195.1
53,664,g_a,dpu,15195.1,15963.1
53,664,g_a,dpu,15963.1,16751.3
53,664,g_a_cpu,cpu,16751.3,16751.6
53,664,eb_enc,cpu,16751.6,16756.7
53,728,normalize,cpu,16757.1,16760.8
53,728,g_a_cpu,cpu,16760.8,16761.2
53,728,g_a,dpu,16761.2,17526.9
53,728,g_a,dpu,17527,18318
53,728,g_a_cpu,cpu,18318,18318.6
53,728,eb_enc,cpu,18318.6,18323.4
53,791,normalize,cpu,18324,18327.6
53,791,g_a_cpu,cpu,18327.6,18328
53,791,g_a,dpu,18328,19089.4
53,791,g_a,dpu,19089.4,19867.1
53,791,g_a_cpu,cpu,19867.1,19867.5
53,791,eb_enc,cpu,19867.6,19872.4
53,854,normalize,cpu,19872.8,19876.5
53,854,g_a_cpu,cpu,19876.5,19876.8
53,854,g_a,dpu,19876.8,20639.6
53,854,g_a,dpu,20639.6,21415.1
53,854,g_a_cpu,cpu,21415.1,21415.6
53,854,eb_enc,cpu,21415.6,21420.4
53,917,normalize,cpu,21420.9,21428.8
53,917,g_a_cpu,cpu,21428.8,21429.3
53,917,g_a,dpu,21429.3,22183.2
53,917,g_a,dpu,22183.2,22811.2
53,917,g_a_cpu,cpu,22811.2,22811.5
53,917,eb_enc,cpu,22811.6,22816.3
54,36,normalize,cpu,115.037,118.697
54,36,g_a_cpu,cpu,118.836,119.603
54,36,g_a,dpu,119.62,222.964
54,36,g_a,dpu,222.968,1024.45
54,36,g_a_cpu,cpu,1024.45,1024.9
54,36,eb_enc,cpu,1024.91,1031.03
54,80,normalize,cpu,1031.49,1035.35
54,80,g_a_cpu,cpu,1035.35,1035.64
54,80,g_a,dpu,1035.64,1826.79
54,80,g_a,dpu,1826.8,2622.52
54,80,g_a_cpu,cpu,2622.52,2623.09
54,80,eb_enc,cpu,2623.1,2627.83
54,148,normalize,cpu,2628.26,2632
54,148,g_a_cpu,cpu,2632,2632.34
54,148,g_a,dpu,2632.34,3430.97
54,148,g_a,dpu,3430.97,4234.53
54,148,g_a_cpu,cpu,4234.53,4235.08
54,148,eb_enc,cpu,4235.08,4239.79
54,213,normalize,cpu,4241.88,4245.55
54,213,g_a_cpu,cpu,4245.55,4245.94
54,213,g_a,dpu,4245.95,5046.71
54,213,g_a,dpu,5046.71,5850.56
54,213,g_a_cpu,cpu,5850.56,5851.11
54,213,eb_enc,cpu,5851.12,5855.82
54,281,normalize,cpu,5856.25,5859.92
54,281,g_a_cpu,cpu,5859.92,5860.23
54,281,g_a,dpu,5860.23,6658.69
54,281,g_a,dpu,6658.69,7462.32
54,281,g_a_cpu,cpu,7462.33,7462.85
54,281,eb_enc,cpu,7462.85,7467.83
54,348,normalize,cpu,7468.33,7471.98
54,348,g_a_cpu,cpu,7471.98,7472.35
54,348,g_a,dpu,7472.36,8267.5
54,348,g_a,dpu,8267.5,9065.84
54,348,g_a_cpu,cpu,9065.84,9066.48
54,348,eb_enc,cpu,9066.48,9071.35
54,413,normalize,cpu,9071.83,9075.5
54,413,g_a_cpu,cpu,9075.5,9075.87
54,413,g_a,dpu,9075.87,9878.7
54,413,g_a,dpu,9878.7,10679.6
54,413,g_a_cpu,cpu,10679.6,10680.2
54,413,eb_enc,cpu,10680.2,10685
54,480,normalize,cpu,10685.5,10689.2
54,480,g_a_cpu,cpu,10689.2,10689.5
54,480,g_a,dpu,10689.5,11482.9
54,480,g_a,dpu,11482.9,13058.7
54,480,g_a_cpu,cpu,13058.7,13059.1
54,480,eb_enc,cpu,13059.1,13063.9
54,576,normalize,cpu,13064.5,13068.3
54,576,g_a_cpu,cpu,13068.3,13068.6
54,576,g_a,dpu,13068.6,13867.2
54,576,g_a,dpu,13867.2,14666.7
54,576,g_a_cpu,cpu,14666.7,14667.1
54,576,eb_enc,cpu,14667.1,14671.9
54,640,normalize,cpu,14672.3,14676
54,640,g_a_cpu,cpu,14676,14676.3
54,640,g_a,dpu,14676.3,15475.1
54,640,g_a,dpu,15475.1,16275
54,640,g_a_cpu,cpu,16275,16275.6
54,640,eb_enc,cpu,16275.6,16280.4
54,706,normalize,cpu,16280.8,16284.5
54,706,g_a_cpu,cpu,16284.5,16284.8
54,706,g_a,dpu,16284.8,17068.8
54,706,g_a,dpu,17068.8,17882.7
54,706,g_a_cpu,cpu,17882.7,17883.1
54,706,eb_enc,cpu,17883.1,17891.9
54,771,normalize,cpu,17892.4,17896.1
54,771,g_a_cpu,cpu,17896.1,17896.5
54,771,g_a,dpu,17896.5,18690.8
54,771,g_a,dpu,18690.8,19506.7
54,771,g_a_cpu,cpu,19506.7,19507.2
54,771,eb_enc,cpu,19507.2,19512
54,838,normalize,cpu,19512.5,19516.1
54,838,g_a_cpu,cpu,19516.1,19516.4
54,838,g_a,dpu,19516.4,20318.9
54,838,g_a,dpu,20318.9,21127
54,838,g_a_cpu,cpu,21127,21127.7
54,838,eb_enc,cpu,21127.7,21132.4
54,905,normalize,cpu,21132.8,21136.5
54,905,g_a_cpu,cpu,21136.5,21136.8
54,905,g_a,dpu,21136.8,21934.3
54,905,g_a,dpu,21934.3,22674.7
54,905,g_a_cpu,cpu,22674.7,22675.1
54,905,eb_enc,cpu,22675.2,22679.9
55,32,normalize,cpu,107.375,111.07
55,32,g_a_cpu,cpu,154.781,155.315
55,32,g_a,dpu,155.329,1250.81
55,32,g_a,dpu,1250.81,2023.05
55,32,g_a_cpu,cpu,2023.05,2023.42
55,32,eb_enc,cpu,2023.43,2029.46
55,130,normalize,cpu,2029.95,2033.65
55,130,g_a_cpu,cpu,2033.66,2034.02
55,130,g_a,dpu,2034.02,2798.78
55,130,g_a,dpu,2798.78,3567.57
55,130,g_a_cpu,cpu,3567.57,3567.93
55,130,eb_enc,cpu,3567.93,3573.01
55,192,normalize,cpu,3573.47,3577.21
55,192,g_a_cpu,cpu,3577.22,3577.55
55,192,g_a,dpu,3577.55,4342.41
55,192,g_a,dpu,4342.42,5131.97
55,192,g_a_cpu,cpu,5131.97,5132.43
55,192,eb_enc,cpu,5132.44,5137.95
55,256,normalize,cpu,5138.4,5142.04
55,256,g_a_cpu,cpu,5142.04,5142.39
55,256,g_a,dpu,5142.39,5896.35
55,256,g_a,dpu,5896.35,6671.18
55,256,g_a_cpu,cpu,6671.18,6671.73
55,256,eb_enc,cpu,6671.73,6676.62
55,318,normalize,cpu,6677.15,6680.82
55,318,g_a_cpu,cpu,6680.82,6681.19
55,318,g_a,dpu,6681.2,7434.66
55,318,g_a,dpu,7434.66,8219.07
55,318,g_a_cpu,cpu,8219.07,8219.56
55,318,eb_enc,cpu,8219.56,8224.34
55,379,normalize,cpu,8224.84,8228.55
55,379,g_a_cpu,cpu,8228.55,8228.82
55,379,g_a,dpu,8228.82,8990.83
55,379,g_a,dpu,8990.84,9762.7
55,379,g_a_cpu,cpu,9762.7,9763.17
55,379,eb_enc,cpu,9763.17,9767.95
55,439,normalize,cpu,9768.44,9772.18
55,439,g_a_cpu,cpu,9772.19,9772.55
55,439,g_a,dpu,9772.55,10543.2
55,439,g_a,dpu,10543.2,10579.7
55,439,g_a_cpu,cpu,10579.7,10580.1
55,439,eb_enc,cpu,10580.1,10584.9
55,476,normalize,cpu,10585.4,10589.1
55,476,g_a_cpu,cpu,10589.1,10589.4
55,476,g_a,dpu,10589.4,12087.5
55,476,g_a,dpu,12087.5,12123.9
55,476,g_a_cpu,cpu,12123.9,12124.3
55,476,eb_enc,cpu,12124.3,12129.1
55,538,normalize,cpu,12129.6,12133.3
55,538,g_a_cpu,cpu,12133.3,12133.6
55,538,g_a,dpu,12133.6,13614.7
55,538,g_a,dpu,13614.7,14385
55,538,g_a_cpu,cpu,14385,14385.4
55,538,eb_enc,cpu,14385.4,14390.2
55,628,normalize,cpu,14390.8,14394.4
55,628,g_a_cpu,cpu,14394.4,14394.7
55,628,g_a,dpu,14394.7,15151.5
55,628,g_a,dpu,15151.5,15926.9
55,628,g_a_cpu,cpu,15926.9,15927.4
55,628,eb_enc,cpu,15927.4,15932.3
55,692,normalize,cpu,15932.8,15936.4
55,692,g_a_cpu,cpu,15936.4,15936.8
55,692,g_a,dpu,15936.8,16713.3
55,692,g_a,dpu,16713.3,17485.1
55,692,g_a_cpu,cpu,17485.1,17485.5
55,692,eb_enc,cpu,17485.5,17490.4
55,752,normalize,cpu,17491,17494.7
55,752,g_a_cpu,cpu,17494.7,17495.1
55,752,g_a,dpu,17495.1,18263.1
55,752,g_a,dpu,18263.1,19035.2
55,752,g_a_cpu,cpu,19035.2,19035.7
55,752,eb_enc,cpu,19035.7,19040.5
55,815,normalize,cpu,19041,19044.7
55,815,g_a_cpu,cpu,19044.7,19045
55,815,g_a,dpu,19045,19813.2
55,815,g_a,dpu,19813.2,20581.7
55,815,g_a_cpu,cpu,20581.7,20582.2
55,815,eb_enc,cpu,20582.2,20586.9
55,880,normalize,cpu,20587.4,20591.1
55,880,g_a_cpu,cpu,20591.1,20591.4
55,880,g_a,dpu,20591.4,21359.1
55,880,g_a,dpu,21359.1,22126.9
55,880,g_a_cpu,cpu,22126.9,22127.3
55,880,eb_enc,cpu,22127.3,22132
56,33,normalize,cpu,110.415,114.102
56,33,g_a_cpu,cpu,114.195,114.748
56,33,g_a,dpu,114.769,262.023
56,33,g_a,dpu,262.026,299.611
56,33,g_a_cpu,cpu,299.615,300.157
56,33,eb_enc,cpu,300.174,307.204
56,68,normalize,cpu,307.838,311.493
56,68,g_a_cpu,cpu,311.498,311.939
56,68,g_a,dpu,311.945,1820.52
56,68,g_a,dpu,1820.53,1857.26
56,68,g_a_cpu,cpu,1857.26,1857.76
56,68,eb_enc,cpu,1857.76,1862.64
56,128,normalize,cpu,1863.2,1866.86
56,128,g_a_cpu,cpu,1866.86,1867.21
56,128,g_a,dpu,1867.21,2631.2
56,128,g_a,dpu,2631.2,3424.36
56,128,g_a_cpu,cpu,3424.36,3424.78
56,128,eb_enc,cpu,3424.78,3429.54
56,189,normalize,cpu,3430.06,3433.74
56,189,g_a_cpu,cpu,3433.74,3434.06
56,189,g_a,dpu,3434.06,4203.35
56,189,g_a,dpu,4203.36,4986.9
56,189,g_a_cpu,cpu,4986.9,4987.4
56,189,eb_enc,cpu,4987.4,4992.3
56,249,normalize,cpu,4992.87,4996.52
56,249,g_a_cpu,cpu,4996.53,4996.97
56,249,g_a,dpu,4996.97,5771.32
56,249,g_a,dpu,5771.32,6563.08
56,249,g_a_cpu,cpu,6563.08,6563.51
56,249,eb_enc,cpu,6563.51,6568.33
56,314,normalize,cpu,6568.83,6572.47
56,314,g_a_cpu,cpu,6572.48,6572.82
56,314,g_a,dpu,6572.82,7343.07
56,314,g_a,dpu,7343.08,8123.81
56,314,g_a_cpu,cpu,8123.81,8124.4
56,314,eb_enc,cpu,8124.4,8129.34
56,376,normalize,cpu,8129.83,8133.49
56,376,g_a_cpu,cpu,8133.49,8133.85
56,376,g_a,dpu,8133.86,8913.97
56,376,g_a,dpu,8913.98,9695.81
56,376,g_a_cpu,cpu,9695.81,9696.2
56,376,eb_enc,cpu,9696.2,9701.03
56,437,normalize,cpu,9701.54,9705.25
56,437,g_a_cpu,cpu,9705.26,9705.52
56,437,g_a,dpu,9705.53,10474.5
56,437,g_a,dpu,10474.5,11251.2
56,437,g_a_cpu,cpu,11251.2,11251.7
56,437,eb_enc,cpu,11251.7,11256.7
56,502,normalize,cpu,11257.2,11260.9
56,502,g_a_cpu,cpu,11260.9,11261.2
56,502,g_a,dpu,11261.2,12025.7
56,502,g_a,dpu,12025.7,12800.2
56,502,g_a_cpu,cpu,12800.2,12800.7
56,502,eb_enc,cpu,12800.7,12805.5
56,565,normalize,cpu,12806,12809.6
56,565,g_a_cpu,cpu,12809.7,12810
56,565,g_a,dpu,12810.1,13588.6
56,565,g_a,dpu,13588.6,14362.3
56,565,g_a_cpu,cpu,14362.3,14362.7
56,565,eb_enc,cpu,14362.7,14367.5
56,627,normalize,cpu,14368,14371.7
56,627,g_a_cpu,cpu,14371.7,14372
56,627,g_a,dpu,14372,15148.1
56,627,g_a,dpu,15148.1,15924.7
56,627,g_a_cpu,cpu,15924.7,15925.1
56,627,eb_enc,cpu,15925.1,15929.9
56,691,normalize,cpu,15930.7,15934.3
56,691,g_a_cpu,cpu,15934.3,15934.7
56,691,g_a,dpu,15934.7,17450
56,691,g_a,dpu,17450,17486.9
56,691,g_a_cpu,cpu,17486.9,17487.5
56,691,eb_enc,cpu,17487.5,17492.4
56,753,normalize,cpu,17493,17496.7
56,753,g_a_cpu,cpu,17496.7,17497.1
56,753,g_a,dpu,17497.1,19015.9
56,753,g_a,dpu,19015.9,19052.8
56,753,g_a_cpu,cpu,19052.8,19053.2
56,753,eb_enc,cpu,19053.2,19058.1
56,816,normalize,cpu,19058.7,19062.3
56,816,g_a_cpu,cpu,19062.3,19062.8
56,816,g_a,dpu,19062.8,20566.1
56,816,g_a,dpu,20566.1,20603.2
56,816,g_a_cpu,cpu,20603.2,20603.6
56,816,eb_enc,cpu,20603.6,20608.5
56,881,normalize,cpu,20609,20612.7
56,881,g_a_cpu,cpu,20612.7,20612.9
56,881,g_a,dpu,20612.9,22110.3
56,881,g_a,dpu,22110.3,22731.5
56,881,g_a_cpu,cpu,22731.5,22731.9
56,881,eb_enc,cpu,22731.9,22736.8
57,28,normalize,cpu,103.405,130.609
57,28,g_a_cpu,cpu,130.62,131.188
57,28,g_a,dpu,131.201,259.34
57,28,g_a,dpu,259.344,295.867
57,28,g_a_cpu,cpu,295.869,296.315
57,28,eb_enc,cpu,296.328,303.391
57,67,normalize,cpu,304.052,307.715
57,67,g_a_cpu,cpu,307.72,308.183
57,67,g_a,dpu,308.188,1863.2
57,67,g_a,dpu,1863.21,1899.57
57,67,g_a_cpu,cpu,1899.58,1900
57,67,eb_enc,cpu,1900,1904.77
57,129,normalize,cpu,1905.3,1909
57,129,g_a_cpu,cpu,1909,1909.32
57,129,g_a,dpu,1909.32,2694.84
57,129,g_a,dpu,2694.84,3503.21
57,129,g_a_cpu,cpu,3503.21,3503.63
57,129,eb_enc,cpu,3503.64,3508.4
57,191,normalize,cpu,3508.91,3512.55
57,191,g_a_cpu,cpu,3512.55,3512.91
57,191,g_a,dpu,3512.92,4306.46
57,191,g_a,dpu,4306.46,5118.55
57,191,g_a_cpu,cpu,5118.55,5119.04
57,191,eb_enc,cpu,5119.04,5123.82
57,255,normalize,cpu,5124.34,5128
57,255,g_a_cpu,cpu,5128,5128.31
57,255,g_a,dpu,5128.31,6695.07
57,255,g_a,dpu,6695.07,6731.42
57,255,g_a_cpu,cpu,6731.42,6731.82
57,255,eb_enc,cpu,6731.82,6736.62
57,321,normalize,cpu,6737.17,6740.83
57,321,g_a_cpu,cpu,6740.84,6741.18
57,321,g_a,dpu,6741.18,7535.61
57,321,g_a,dpu,7535.62,8339.7
57,321,g_a_cpu,cpu,8339.7,8340.13
57,321,eb_enc,cpu,8340.14,8345
57,384,normalize,cpu,8345.48,8349.16
57,384,g_a_cpu,cpu,8349.17,8349.46
57,384,g_a,dpu,8349.46,9137.91
57,384,g_a,dpu,9137.91,9950.76
57,384,g_a_cpu,cpu,9950.76,9951.24
57,384,eb_enc,cpu,9951.25,9956.23
57,449,normalize,cpu,9956.98,9960.64
57,449,g_a_cpu,cpu,9960.64,9960.93
57,449,g_a,dpu,9960.93,10751.4
57,449,g_a,dpu,10751.4,11555.1
57,449,g_a_cpu,cpu,11555.1,11555.5
57,449,eb_enc,cpu,11555.5,11560.3
57,514,normalize,cpu,11560.8,11564.4
57,514,g_a_cpu,cpu,11564.4,11564.8
57,514,g_a,dpu,11564.8,12362.7
57,514,g_a,dpu,12362.7,13170.7
57,514,g_a_cpu,cpu,13170.7,13171.1
57,514,eb_enc,cpu,13171.1,13175.9
57,579,normalize,cpu,13176.4,13181.3
57,579,g_a_cpu,cpu,13181.3,13181.8
57,579,g_a,dpu,13181.8,13974.8
57,579,g_a,dpu,13974.8,14011.1
57,579,g_a_cpu,cpu,14011.1,14011.6
57,579,eb_enc,cpu,14011.6,14016.4
57,612,normalize,cpu,14016.9,14020.6
57,612,g_a_cpu,cpu,14020.6,14020.9
57,612,g_a,dpu,14020.9,14818.7
57,612,g_a,dpu,14818.7,15622.9
57,612,g_a_cpu,cpu,15622.9,15623.3
57,612,eb_enc,cpu,15623.3,15628.3
57,679,normalize,cpu,15628.8,15632.4
57,679,g_a_cpu,cpu,15632.4,15632.8
57,679,g_a,dpu,15632.8,16419.2
57,679,g_a,dpu,16419.2,17212.3
57,679,g_a_cpu,cpu,17212.3,17212.8
57,679,eb_enc,cpu,17212.8,17217.6
57,743,normalize,cpu,17218.1,17221.8
57,743,g_a_cpu,cpu,17221.8,17222.1
57,743,g_a,dpu,17222.1,18035.7
57,743,g_a,dpu,18035.7,18834.5
57,743,g_a_cpu,cpu,18834.5,18835
57,743,eb_enc,cpu,18835,18839.8
57,807,normalize,cpu,18840.3,18844
57,807,g_a_cpu,cpu,18844,18844.3
57,807,g_a,dpu,18844.3,19658.8
57,807,g_a,dpu,19658.8,20462.6
57,807,g_a_cpu,cpu,20462.6,20463.1
57,807,eb_enc,cpu,20463.1,20467.9
57,875,normalize,cpu,20468.3,20472
57,875,g_a_cpu,cpu,20472,20472.4
57,875,g_a,dpu,20472.4,21274.8
57,875,g_a,dpu,21274.9,22077.9
57,875,g_a_cpu,cpu,22077.9,22078.4
57,875,eb_enc,cpu,22078.4,22083.3
58,58,normalize,cpu,190.252,193.907
58,58,g_a_cpu,cpu,193.959,194.779
58,58,g_a,dpu,194.784,878.93
58,58,g_a,dpu,878.934,1652.88
58,58,g_a_cpu,cpu,1652.89,1653.56
58,58,eb_enc,cpu,1653.57,1658.77
58,117,normalize,cpu,1659.37,1663.1
58,117,g_a_cpu,cpu,1663.11,1663.5
58,117,g_a,dpu,1663.51,2434.96
58,117,g_a,dpu,2434.97,3203.12
58,117,g_a_cpu,cpu,3203.12,3203.48
58,117,eb_enc,cpu,3203.48,3208.38
58,176,normalize,cpu,3208.84,3212.55
58,176,g_a_cpu,cpu,3212.55,3212.93
58,176,g_a,dpu,3212.94,3974.88
58,176,g_a,dpu,3974.88,4749.32
58,176,g_a_cpu,cpu,4749.32,4749.75
58,176,eb_enc,cpu,4749.77,4754.79
58,236,normalize,cpu,4755.25,4759.39
58,236,g_a_cpu,cpu,4759.4,4759.83
58,236,g_a,dpu,4759.83,5535.4
58,236,g_a,dpu,5535.4,6299.19
58,236,g_a_cpu,cpu,6299.2,6299.7
58,236,eb_enc,cpu,6299.7,6305.4
58,302,normalize,cpu,6305.82,6309.46
58,302,g_a_cpu,cpu,6309.46,6309.8
58,302,g_a,dpu,6309.8,7071.56
58,302,g_a,dpu,7071.56,7846.69
58,302,g_a_cpu,cpu,7846.69,7847.01
58,302,eb_enc,cpu,7847.01,7851.91
58,366,normalize,cpu,7852.35,7856
58,366,g_a_cpu,cpu,7856,7856.33
58,366,g_a,dpu,7856.33,8620.05
58,366,g_a,dpu,8620.07,9395.02
58,366,g_a_cpu,cpu,9395.02,9395.55
58,366,eb_enc,cpu,9395.55,9400.44
58,426,normalize,cpu,9402.85,9406.48
58,426,g_a_cpu,cpu,9406.48,9407.01
58,426,g_a,dpu,9407.01,10171
58,426,g_a,dpu,10171,10950.6
58,426,g_a_cpu,cpu,10950.6,10951.2
58,426,eb_enc,cpu,10951.2,10956.2
58,490,normalize,cpu,10956.7,10960.4
58,490,g_a_cpu,cpu,10960.4,10960.8
58,490,g_a,dpu,10960.8,11722.7
58,490,g_a,dpu,11722.7,12484
58,490,g_a_cpu,cpu,12484,12484.6
58,490,eb_enc,cpu,12484.6,12489.5
58,554,normalize,cpu,12490,12493.6
58,554,g_a_cpu,cpu,12493.6,12493.9
58,554,g_a,dpu,12493.9,13249.6
58,554,g_a,dpu,13249.6,14023.2
58,554,g_a_cpu,cpu,14023.2,14023.8
58,554,eb_enc,cpu,14023.8,14028.8
58,613,normalize,cpu,14029.3,14033.7
58,613,g_a_cpu,cpu,14033.7,14034
58,613,g_a,dpu,14034,14786.9
58,613,g_a,dpu,14786.9,14823.3
58,613,g_a_cpu,cpu,14823.3,14823.7
58,613,eb_enc,cpu,14823.7,14828.6
58,648,normalize,cpu,14829,14832.6
58,648,g_a_cpu,cpu,14832.6,14833
58,648,g_a,dpu,14833,16339
58,648,g_a,dpu,16339,16375.5
58,648,g_a_cpu,cpu,16375.5,16375.9
58,648,eb_enc,cpu,16375.9,16380.8
58,711,normalize,cpu,16381.3,16388.6
58,711,g_a_cpu,cpu,16388.6,16389.1
58,711,g_a,dpu,16389.1,17151.4
58,711,g_a,dpu,17151.4,17187.8
58,711,g_a_cpu,cpu,17187.8,17188.2
58,711,eb_enc,cpu,17188.2,17193.1
58,742,normalize,cpu,17194.3,17198
58,742,g_a_cpu,cpu,17198,17198.3
58,742,g_a,dpu,17198.3,17962.9
58,742,g_a,dpu,17962.9,18743
58,742,g_a_cpu,cpu,18743,18743.4
58,742,eb_enc,cpu,18743.4,18748.4
58,806,normalize,cpu,18748.8,18752.5
58,806,g_a_cpu,cpu,18752.5,18752.8
58,806,g_a,dpu,18752.8,19510.9
58,806,g_a,dpu,19510.9,20286.8
58,806,g_a_cpu,cpu,20286.8,20287.3
58,806,eb_enc,cpu,20287.3,20292.1
58,871,normalize,cpu,20292.5,20296.2
58,871,g_a_cpu,cpu,20296.2,20296.5
58,871,g_a,dpu,20296.5,21066.8
58,871,g_a,dpu,21066.8,21830.4
58,871,g_a_cpu,cpu,21830.4,21830.8
58,871,eb_enc,cpu,21830.8,21835.6
59,60,normalize,cpu,191.234,194.897
59,60,g_a_cpu,cpu,194.904,195.4
59,60,g_a,dpu,195.404,923.981
59,60,g_a,dpu,923.987,1705.99
59,60,g_a_cpu,cpu,1705.99,1706.32
59,60,eb_enc,cpu,1706.33,1711.09
59,121,normalize,cpu,1711.73,1715.41
59,121,g_a_cpu,cpu,1715.41,1715.71
59,121,g_a,dpu,1715.71,2484.94
59,121,g_a,dpu,2484.95,3275.09
59,121,g_a_cpu,cpu,3275.09,3275.57
59,121,eb_enc,cpu,3275.58,3281.03
59,180,normalize,cpu,3281.48,3285.12
59,180,g_a_cpu,cpu,3285.12,3285.46
59,180,g_a,dpu,3285.46,4055.09
59,180,g_a,dpu,4055.09,4832.3
59,180,g_a_cpu,cpu,4832.31,4832.91
59,180,eb_enc,cpu,4832.93,4837.73
59,241,normalize,cpu,4838.2,4841.89
59,241,g_a_cpu,cpu,4841.89,4842.23
59,241,g_a,dpu,4842.23,5623.16
59,241,g_a,dpu,5623.17,5659.89
59,241,g_a_cpu,cpu,5659.89,5660.35
59,241,eb_enc,cpu,5660.35,5665.04
59,276,normalize,cpu,5665.54,5669.91
59,276,g_a_cpu,cpu,5669.91,5670.26
59,276,g_a,dpu,5670.27,7195.09
59,276,g_a,dpu,7195.09,7232.05
59,276,g_a_cpu,cpu,7232.05,7232.55
59,276,eb_enc,cpu,7232.55,7237.33
59,340,normalize,cpu,7237.84,7241.48
59,340,g_a_cpu,cpu,7241.49,7241.81
59,340,g_a,dpu,7241.81,8763.33
59,340,g_a,dpu,8763.34,8800.14
59,340,g_a_cpu,cpu,8800.14,8800.67
59,340,eb_enc,cpu,8800.67,8805.43
59,402,normalize,cpu,8805.87,8809.5
59,402,g_a_cpu,cpu,8809.51,8809.87
59,402,g_a,dpu,8809.87,10322.1
59,402,g_a,dpu,10322.1,10360.3
59,402,g_a_cpu,cpu,10360.3,10360.9
59,402,eb_enc,cpu,10360.9,10366.2
59,466,normalize,cpu,10367,10370.9
59,466,g_a_cpu,cpu,10370.9,10371.3
59,466,g_a,dpu,10371.3,11878.6
59,466,g_a,dpu,11878.6,12647.9
59,466,g_a_cpu,cpu,12647.9,12648.3
59,466,eb_enc,cpu,12648.3,12653.1
59,559,normalize,cpu,12653.6,12657.3
59,559,g_a_cpu,cpu,12657.3,12657.6
59,559,g_a,dpu,12657.6,13439.8
59,559,g_a,dpu,13439.8,13476.7
59,559,g_a_cpu,cpu,13476.7,13477
59,559,eb_enc,cpu,13477,13481.8
59,594,normalize,cpu,13482.3,13485.9
59,594,g_a_cpu,cpu,13485.9,13486.3
59,594,g_a,dpu,13486.3,14999.6
59,594,g_a,dpu,14999.6,15036.3
59,594,g_a_cpu,cpu,15036.3,15036.7
59,594,eb_enc,cpu,15036.7,15041.4
59,658,normalize,cpu,15041.9,15049.2
59,658,g_a_cpu,cpu,15049.2,15049.6
59,658,g_a,dpu,15049.6,15810.2
59,658,g_a,dpu,15810.2,16603.8
59,658,g_a_cpu,cpu,16603.8,16604.2
59,658,eb_enc,cpu,16604.2,16609
59,723,normalize,cpu,16609.5,16613.2
59,723,g_a_cpu,cpu,16613.2,16613.7
59,723,g_a,dpu,16613.7,17376.6
59,723,g_a,dpu,17376.6,18171.8
59,723,g_a_cpu,cpu,18171.8,18172.2
59,723,eb_enc,cpu,18172.2,18176.9
59,786,normalize,cpu,18177.4,18181.1
59,786,g_a_cpu,cpu,18181.1,18181.5
59,786,g_a,dpu,18181.5,18943.1
59,786,g_a,dpu,18943.1,19716.9
59,786,g_a_cpu,cpu,19716.9,19717.3
59,786,eb_enc,cpu,19717.3,19722.1
59,849,normalize,cpu,19722.6,19726.3
59,849,g_a_cpu,cpu,19726.3,19726.6
59,849,g_a,dpu,19726.6,20493
59,849,g_a,dpu,20493,21265.3
59,849,g_a_cpu,cpu,21265.3,21265.7
59,849,eb_enc,cpu,21265.7,21270.4
59,913,normalize,cpu,21271,21274.7
59,913,g_a_cpu,cpu,21274.7,21275
59,913,g_a,dpu,21275,22037.2
59,913,g_a,dpu,22037.2,22695
59,913,g_a_cpu,cpu,22695,22695.5
59,913,eb_enc,cpu,22695.5,22700.2
60,62,normalize,cpu,195.362,199.013
60,62,g_a_cpu,cpu,199.017,199.596
60,62,g_a,dpu,199.602,987.986
60,62,g_a,dpu,987.99,1790.9
60,62,g_a_cpu,cpu,1790.91,1791.37
60,62,eb_enc,cpu,1791.38,1796.26
60,126,normalize,cpu,1796.72,1800.37
60,126,g_a_cpu,cpu,1800.38,1800.66
60,126,g_a,dpu,1800.66,2586.56
60,126,g_a,dpu,2586.56,3394.75
60,126,g_a_cpu,cpu,3394.75,3395.16
60,126,eb_enc,cpu,3395.17,3399.99
60,188,normalize,cpu,3400.46,3404.15
60,188,g_a_cpu,cpu,3404.15,3404.41
60,188,g_a,dpu,3404.42,4198.57
60,188,g_a,dpu,4198.57,5006.96
60,188,g_a_cpu,cpu,5006.96,5007.32
60,188,eb_enc,cpu,5007.33,5012.15
60,251,normalize,cpu,5012.69,5016.33
60,251,g_a_cpu,cpu,5016.33,5016.64
60,251,g_a,dpu,5016.64,5814.71
60,251,g_a,dpu,5814.72,6618.9
60,251,g_a_cpu,cpu,6618.9,6619.23
60,251,eb_enc,cpu,6619.24,6624.16
60,317,normalize,cpu,6624.69,6628.41
60,317,g_a_cpu,cpu,6628.42,6628.63
60,317,g_a,dpu,6628.64,7426.23
60,317,g_a,dpu,7426.23,8231.47
60,317,g_a_cpu,cpu,8231.48,8231.93
60,317,eb_enc,cpu,8231.93,8236.77
60,380,normalize,cpu,8237.3,8241.03
60,380,g_a_cpu,cpu,8241.03,8241.38
60,380,g_a,dpu,8241.38,9027.61
60,380,g_a,dpu,9027.61,9838.76
60,380,g_a_cpu,cpu,9838.76,9839.14
60,380,eb_enc,cpu,9839.14,9844.68
60,444,normalize,cpu,9845.15,9848.8
60,444,g_a_cpu,cpu,9848.8,9849.12
60,444,g_a,dpu,9849.12,10643.6
60,444,g_a,dpu,10643.6,11447
60,444,g_a_cpu,cpu,11447,11447.5
60,444,eb_enc,cpu,11447.5,11452.3
60,510,normalize,cpu,11452.8,11456.5
60,510,g_a_cpu,cpu,11456.5,11456.7
60,510,g_a,dpu,11456.7,12246.2
60,510,g_a,dpu,12246.2,12282.8
60,510,g_a_cpu,cpu,12282.8,12283.3
60,510,eb_enc,cpu,12283.3,12288.2
60,545,normalize,cpu,12288.6,12292.4
60,545,g_a_cpu,cpu,12292.4,12292.7
60,545,g_a,dpu,12292.7,13094.7
60,545,g_a,dpu,13094.7,13903.1
60,545,g_a_cpu,cpu,13903.1,13903.6
60,545,eb_enc,cpu,13903.6,13908.4
60,609,normalize,cpu,13908.9,13912.6
60,609,g_a_cpu,cpu,13912.6,13912.9
60,609,g_a,dpu,13912.9,14702.6
60,609,g_a,dpu,14702.6,15511
60,609,g_a_cpu,cpu,15511,15511.3
60,609,eb_enc,cpu,15511.3,15516.3
60,676,normalize,cpu,15516.7,15520.4
60,676,g_a_cpu,cpu,15520.4,15520.7
60,676,g_a,dpu,15520.7,16311
60,676,g_a,dpu,16311,17104.7
60,676,g_a_cpu,cpu,17104.7,17105.1
60,676,eb_enc,cpu,17105.2,17109.9
60,740,normalize,cpu,17110.4,17114.1
60,740,g_a_cpu,cpu,17114.1,17114.4
60,740,g_a,dpu,17114.4,17922.7
60,740,g_a,dpu,17922.7,18726.9
60,740,g_a_cpu,cpu,18726.9,18727.4
60,740,eb_enc,cpu,18727.4,18732.4
60,805,normalize,cpu,18732.8,18736.5
60,805,g_a_cpu,cpu,18736.5,18736.8
60,805,g_a,dpu,18736.8,19542.7
60,805,g_a,dpu,19542.7,20354.8
60,805,g_a_cpu,cpu,20354.8,20355.2
60,805,eb_enc,cpu,20355.2,20360.1
60,872,normalize,cpu,20360.5,20364.2
60,872,g_a_cpu,cpu,20364.2,20364.5
60,872,g_a,dpu,20364.5,21163.1
60,872,g_a,dpu,21163.1,21970.2
60,872,g_a_cpu,cpu,21970.2,21970.8
60,872,eb_enc,cpu,21970.8,21975.5
61,61,normalize,cpu,195.292,198.951
61,61,g_a_cpu,cpu,198.961,199.528
61,61,g_a,dpu,199.537,914.861
61,61,g_a,dpu,914.863,1689.3
61,61,g_a_cpu,cpu,1689.31,1689.79
61,61,eb_enc,cpu,1689.81,1694.82
61,120,normalize,cpu,1695.82,1699.5
61,120,g_a_cpu,cpu,1699.5,1700
61,120,g_a,dpu,1700,2470.92
61,120,g_a,dpu,2470.93,3242.82
61,120,g_a_cpu,cpu,3242.82,3243.29
61,120,eb_enc,cpu,3243.29,3248.03
61,179,normalize,cpu,3248.49,3252.19
61,179,g_a_cpu,cpu,3252.19,3252.46
61,179,g_a,dpu,3252.47,4010.8
61,179,g_a,dpu,4010.8,4786.9
61,179,g_a_cpu,cpu,4786.91,4787.42
61,179,eb_enc,cpu,4787.45,4792.26
61,237,normalize,cpu,4792.82,4797.13
61,237,g_a_cpu,cpu,4797.13,4797.53
61,237,g_a,dpu,4797.54,5571.75
61,237,g_a,dpu,5571.76,6335.13
61,237,g_a_cpu,cpu,6335.13,6335.59
61,237,eb_enc,cpu,6335.59,6340.59
61,303,normalize,cpu,6341.05,6344.74
61,303,g_a_cpu,cpu,6344.74,6345.02
61,303,g_a,dpu,6345.03,7107.51
61,303,g_a,dpu,7107.51,7886.78
61,303,g_a_cpu,cpu,7886.78,7887.15
61,303,eb_enc,cpu,7887.15,7891.88
61,368,normalize,cpu,7892.45,7896.08
61,368,g_a_cpu,cpu,7896.09,7896.46
61,368,g_a,dpu,7896.46,8656.09
61,368,g_a,dpu,8656.1,9430.99
61,368,g_a_cpu,cpu,9430.99,9431.37
61,368,eb_enc,cpu,9431.37,9436.13
61,429,normalize,cpu,9436.66,9440.95
61,429,g_a_cpu,cpu,9440.96,9441.27
61,429,g_a,dpu,9441.27,10206.9
61,429,g_a,dpu,10206.9,10986.7
61,429,g_a_cpu,cpu,10986.7,10987
61,429,eb_enc,cpu,10987,10992.5
61,493,normalize,cpu,10992.9,10996.6
61,493,g_a_cpu,cpu,10996.6,10996.9
61,493,g_a,dpu,10996.9,11758.9
61,493,g_a,dpu,11758.9,12520
61,493,g_a_cpu,cpu,12520,12520.4
61,493,eb_enc,cpu,12520.4,12525.2
61,556,normalize,cpu,12525.7,12529.3
61,556,g_a_cpu,cpu,12529.3,12529.7
61,556,g_a,dpu,12529.7,13285.9
61,556,g_a,dpu,13285.9,14059.2
61,556,g_a_cpu,cpu,14059.2,14059.7
61,556,eb_enc,cpu,14059.7,14064.5
61,615,normalize,cpu,14065,14068.7
61,615,g_a_cpu,cpu,14068.7,14069
61,615,g_a,dpu,14069,15554.8
61,615,g_a,dpu,15554.8,15591.2
61,615,g_a_cpu,cpu,15591.2,15591.7
61,615,eb_enc,cpu,15591.7,15596.7
61,678,normalize,cpu,15597.1,15600.8
61,678,g_a_cpu,cpu,15600.8,15601.1
61,678,g_a,dpu,15601.1,17115
61,678,g_a,dpu,17115,17887.1
61,678,g_a_cpu,cpu,17887.1,17887.7
61,678,eb_enc,cpu,17887.7,17892.5
61,772,normalize,cpu,17892.9,17896.6
61,772,g_a_cpu,cpu,17896.6,17896.9
61,772,g_a,dpu,17896.9,18670.6
61,772,g_a,dpu,18670.6,19438.8
61,772,g_a_cpu,cpu,19438.8,19439.2
61,772,eb_enc,cpu,19439.2,19444
61,834,normalize,cpu,19444.5,19448.1
61,834,g_a_cpu,cpu,19448.1,19448.5
61,834,g_a,dpu,19448.5,20211.8
61,834,g_a,dpu,20211.8,20986.9
61,834,g_a_cpu,cpu,20987,20987.3
61,834,eb_enc,cpu,20987.3,20992
61,897,normalize,cpu,20992.5,20996.2
61,897,g_a_cpu,cpu,20996.2,20996.6
61,897,g_a,dpu,20996.6,21758.5
61,897,g_a,dpu,21758.5,22462.7
61,897,g_a_cpu,cpu,22462.7,22463.2
61,897,eb_enc,cpu,22463.2,22468
62,59,normalize,cpu,190.254,193.907
62,59,g_a_cpu,cpu,193.946,194.444
62,59,g_a,dpu,194.452,960.278
62,59,g_a,dpu,960.282,1747.56
62,59,g_a_cpu,cpu,1747.56,1748.02
62,59,eb_enc,cpu,1748.03,1753.06
62,122,normalize,cpu,1753.48,1757.23
62,122,g_a_cpu,cpu,1757.23,1757.7
62,122,g_a,dpu,1757.71,2521.85
62,122,g_a,dpu,2521.85,3311.56
62,122,g_a_cpu,cpu,3311.56,3311.91
62,122,eb_enc,cpu,3311.92,3316.93
62,182,normalize,cpu,3317.44,3321.11
62,182,g_a_cpu,cpu,3321.11,3321.72
62,182,g_a,dpu,3321.73,4092.05
62,182,g_a,dpu,4092.05,4873.43
62,182,g_a_cpu,cpu,4873.43,4873.91
62,182,eb_enc,cpu,4873.91,4878.82
62,244,normalize,cpu,4879.24,4882.91
62,244,g_a_cpu,cpu,4882.91,4883.25
62,244,g_a,dpu,4883.25,6414.91
62,244,g_a,dpu,6414.91,6451.83
62,244,g_a_cpu,cpu,6451.83,6452.33
62,244,eb_enc,cpu,6452.33,6457.13
62,308,normalize,cpu,6457.57,6461.22
62,308,g_a_cpu,cpu,6461.22,6461.57
62,308,g_a,dpu,6461.57,7977.03
62,308,g_a,dpu,7977.03,8013.78
62,308,g_a_cpu,cpu,8013.78,8014.21
62,308,eb_enc,cpu,8014.21,8019.01
62,371,normalize,cpu,8019.45,8023.13
62,371,g_a_cpu,cpu,8023.13,8023.4
62,371,g_a,dpu,8023.4,9549.55
62,371,g_a,dpu,9549.55,9586.62
62,371,g_a_cpu,cpu,9586.62,9587.21
62,371,eb_enc,cpu,9587.22,9592.08
62,434,normalize,cpu,9592.62,9596.3
62,434,g_a_cpu,cpu,9596.3,9596.62
62,434,g_a,dpu,9596.62,11100.9
62,434,g_a,dpu,11100.9,11137.9
62,434,g_a_cpu,cpu,11137.9,11138.3
62,434,eb_enc,cpu,11138.3,11143.2
62,498,normalize,cpu,11143.7,11147.3
62,498,g_a_cpu,cpu,11147.3,11147.7
62,498,g_a,dpu,11147.7,11915.1
62,498,g_a,dpu,11915.1,12687.1
62,498,g_a_cpu,cpu,12687.1,12687.5
62,498,eb_enc,cpu,12687.5,12692.3
62,561,normalize,cpu,12692.8,12699.6
62,561,g_a_cpu,cpu,12699.6,12699.9
62,561,g_a,dpu,12699.9,14216.3
62,561,g_a,dpu,14216.3,14253.1
62,561,g_a_cpu,cpu,14253.1,14253.6
62,561,eb_enc,cpu,14253.6,14258.4
62,622,normalize,cpu,14258.9,14262.5
62,622,g_a_cpu,cpu,14262.5,14262.9
62,622,g_a,dpu,14262.9,15773.4
62,622,g_a,dpu,15773.4,16567
62,622,g_a_cpu,cpu,16567,16567.5
62,622,eb_enc,cpu,16567.5,16572.4
62,720,normalize,cpu,16596.2,16599.9
62,720,g_a_cpu,cpu,16599.9,16600.3
62,720,g_a,dpu,16600.3,17340.3
62,720,g_a,dpu,17340.3,18135.2
62,720,g_a_cpu,cpu,18135.2,18135.7
62,720,eb_enc,cpu,18135.7,18140.5
62,783,normalize,cpu,18140.9,18147.1
62,783,g_a_cpu,cpu,18147.2,18147.6
62,783,g_a,dpu,18147.6,19643.6
62,783,g_a,dpu,19643.6,19680.5
62,783,g_a_cpu,cpu,19680.5,19680.9
62,783,eb_enc,cpu,19680.9,19685.7
62,847,normalize,cpu,19686.2,19689.8
62,847,g_a_cpu,cpu,19689.8,19690.1
62,847,g_a,dpu,19690.2,21192
62,847,g_a,dpu,21192,21228.8
62,847,g_a_cpu,cpu,21228.8,21229.2
62,847,eb_enc,cpu,21229.2,21234
62,910,normalize,cpu,21234.4,21238.1
62,910,g_a_cpu,cpu,21238.1,21238.5
62,910,g_a,dpu,21238.5,22658.4
62,910,g_a,dpu,22658.4,22957.3
62,910,g_a_cpu,cpu,22957.3,22957.8
62,910,eb_enc,cpu,22957.8,22962.5
63,63,normalize,cpu,195.885,199.557
63,63,g_a_cpu,cpu,199.565,200.487
63,63,g_a,dpu,200.509,951.983
63,63,g_a,dpu,951.987,1754.92
63,63,g_a_cpu,cpu,1754.92,1755.43
63,63,eb_enc,cpu,1755.45,1760.27
63,123,normalize,cpu,1760.72,1764.43
63,123,g_a_cpu,cpu,1764.43,1764.68
63,123,g_a,dpu,1764.69,2550.73
63,123,g_a,dpu,2550.74,3357.93
63,123,g_a_cpu,cpu,3357.93,3358.3
63,123,eb_enc,cpu,3358.31,3363.16
63,186,normalize,cpu,3363.62,3367.31
63,186,g_a_cpu,cpu,3367.31,3367.57
63,186,g_a,dpu,3367.58,4162.66
63,186,g_a,dpu,4162.67,4971.04
63,186,g_a_cpu,cpu,4971.04,4971.51
63,186,eb_enc,cpu,4971.53,4976.39
63,248,normalize,cpu,4976.89,4980.52
63,248,g_a_cpu,cpu,4980.53,4980.92
63,248,g_a,dpu,4980.93,5778.75
63,248,g_a,dpu,5778.75,6582.99
63,248,g_a_cpu,cpu,6582.99,6583.45
63,248,eb_enc,cpu,6583.45,6588.23
63,315,normalize,cpu,6588.8,6592.44
63,315,g_a_cpu,cpu,6592.44,6592.78
63,315,g_a,dpu,6592.78,7390.37
63,315,g_a,dpu,7390.37,8195.55
63,315,g_a_cpu,cpu,8195.55,8195.98
63,315,eb_enc,cpu,8195.98,8201.03
63,378,normalize,cpu,8201.46,8205.2
63,378,g_a_cpu,cpu,8205.2,8205.44
63,378,g_a,dpu,8205.44,8991.27
63,378,g_a,dpu,8991.27,9799.29
63,378,g_a_cpu,cpu,9799.29,9799.69
63,378,eb_enc,cpu,9799.69,9804.6
63,442,normalize,cpu,9805.07,9808.71
63,442,g_a_cpu,cpu,9808.71,9809.15
63,442,g_a,dpu,9809.15,10607.3
63,442,g_a,dpu,10607.3,11411
63,442,g_a_cpu,cpu,11411,11411.5
63,442,eb_enc,cpu,11411.5,11416.3
63,508,normalize,cpu,11416.8,11420.4
63,508,g_a_cpu,cpu,11420.5,11420.8
63,508,g_a,dpu,11420.8,12210.2
63,508,g_a,dpu,12210.2,13022
63,508,g_a_cpu,cpu,13022,13022.3
63,508,eb_enc,cpu,13022.3,13027.1
63,574,normalize,cpu,13027.8,13031.6
63,574,g_a_cpu,cpu,13031.6,13032
63,574,g_a,dpu,13032,13830.9
63,574,g_a,dpu,13830.9,14630.8
63,574,g_a_cpu,cpu,14630.8,14631.2
63,574,eb_enc,cpu,14631.2,14636
63,639,normalize,cpu,14636.5,14640.3
63,639,g_a_cpu,cpu,14640.3,14640.6
63,639,g_a,dpu,14640.6,15439.2
63,639,g_a,dpu,15439.2,16238.9
63,639,g_a_cpu,cpu,16239,16239.4
63,639,eb_enc,cpu,16239.5,16244.2
63,703,normalize,cpu,16244.8,16248.4
63,703,g_a_cpu,cpu,16248.4,16248.7
63,703,g_a,dpu,16248.7,17032.5
63,703,g_a,dpu,17032.5,17843.8
63,703,g_a_cpu,cpu,17843.8,17844.1
63,703,eb_enc,cpu,17844.1,17849
63,768,normalize,cpu,17849.5,17853.2
63,768,g_a_cpu,cpu,17853.2,17853.6
63,768,g_a,dpu,17853.6,18654.5
63,768,g_a,dpu,18654.5,19466.7
63,768,g_a_cpu,cpu,19466.7,19467.1
63,768,eb_enc,cpu,19467.1,19471.8
63,835,normalize,cpu,19472.4,19476.2
63,835,g_a_cpu,cpu,19476.2,19476.5
63,835,g_a,dpu,19476.5,20282.5
63,835,g_a,dpu,20282.5,21090.9
63,835,g_a_cpu,cpu,21090.9,21091.6
63,835,eb_enc,cpu,21091.6,21096.4
63,902,normalize,cpu,21096.9,21100.6
63,902,g_a_cpu,cpu,21100.6,21100.8
63,902,g_a,dpu,21100.8,21898.5
63,902,g_a,dpu,21898.5,22634.7
63,902,g_a_cpu,cpu,22634.7,22635.1
63,902,eb_enc,cpu,22635.1,22639.9
