lane,patch,stage,kind,t0_ms,t1_ms
-1,0,read,read,0.2827,66.5543
-1,1,read,read,66.7188,143.256
-1,2,read,read,143.282,202.643
-1,3,read,read,1465.18,1535.37
-1,4,read,read,3035.67,3099.52
-1,5,read,read,4525.55,4590.95
-1,6,read,read,6097.24,6175.6
-1,7,read,read,7530.3,7594.9
-1,8,read,read,9007.77,9068.08
-1,9,read,read,10531.6,10563.2
-1,10,read,read,12169.5,12221.5
-1,11,read,read,13613.1,13646.2
-1,12,read,read,15116.3,15170
-1,13,read,read,16632.2,16675.9
-1,14,read,read,18135.8,18171.4
-1,15,read,read,19592.3,19624.4
0,0,normalize,cpu,67.1339,70.8696
0,0,g_a_cpu,cpu,71.1265,71.551
0,0,g_a,dpu,71.5853,108.303
0,0,g_a,dpu,108.308,324.456
0,0,g_a_cpu,cpu,324.457,324.774
0,0,h_a,dpu,324.779,420.764
0,0,eb_enc,cpu,420.765,420.924
0,0,eb_dec,cpu,420.926,421.077
0,0,h_s,dpu,421.077,464.517
0,0,gc,cpu,464.521,475.711
0,16,normalize,cpu,476.646,480.33
0,16,g_a_cpu,cpu,480.335,480.76
0,16,g_a,dpu,480.764,578.86
0,16,g_a,dpu,578.861,794.453
0,16,g_a_cpu,cpu,794.454,794.928
0,16,h_a,dpu,794.931,915.559
0,16,eb_enc,cpu,915.56,915.701
0,16,eb_dec,cpu,915.704,915.861
0,16,h_s,dpu,915.861,921.558
0,16,gc,cpu,921.558,931.323
0,32,normalize,cpu,931.926,935.602
0,32,g_a_cpu,cpu,935.606,935.956
0,32,g_a,dpu,935.96,1044.95
0,32,g_a,dpu,1044.95,1261.04
0,32,g_a_cpu,cpu,1261.04,1261.66
0,32,h_a,dpu,1261.67,1375.02
0,32,eb_enc,cpu,1375.02,1375.17
0,32,eb_dec,cpu,1375.17,1375.31
0,32,h_s,dpu,1375.31,1388.43
0,32,gc,cpu,1388.43,1398.45
0,49,normalize,cpu,1398.97,1402.62
0,49,g_a_cpu,cpu,1402.63,1402.99
0,49,g_a,dpu,1403,1530.52
0,49,g_a,dpu,1530.54,1711.55
0,49,g_a_cpu,cpu,1711.55,1711.98
0,49,h_a,dpu,1711.98,1803.81
0,49,eb_enc,cpu,1803.81,1804.02
0,49,eb_dec,cpu,1804.02,1804.27
0,49,h_s,dpu,1804.27,1851.67
0,49,gc,cpu,1851.67,1861.65
0,68,normalize,cpu,1862.26,1867.52
0,68,g_a_cpu,cpu,1867.52,1868.21
0,68,g_a,dpu,1868.22,1904.7
0,68,g_a,dpu,1904.71,1941.17
0,68,g_a_cpu,cpu,1941.17,1941.46
0,68,h_a,dpu,1941.46,1985.49
0,68,eb_enc,cpu,1985.5,1985.65
0,68,eb_dec,cpu,1985.65,1985.79
0,68,h_s,dpu,1985.79,2081.93
0,68,gc,cpu,2081.93,2091.6
0,78,normalize,cpu,2092.06,2095.82
0,78,g_a_cpu,cpu,2095.82,2096.22
0,78,g_a,dpu,2096.22,2248.41
0,78,g_a,dpu,2248.41,2436.33
0,78,g_a_cpu,cpu,2436.33,2437.03
0,78,h_a,dpu,2437.03,2488.1
0,78,eb_enc,cpu,2488.1,2488.26
0,78,eb_dec,cpu,2488.26,2488.4
0,78,h_s,dpu,2488.4,2553.06
0,78,gc,cpu,2553.06,2562.78
0,98,normalize,cpu,2563.22,2566.98
0,98,g_a_cpu,cpu,2566.98,2567.34
0,98,g_a,dpu,2567.35,2709.28
0,98,g_a,dpu,2709.29,2857.03
0,98,g_a_cpu,cpu,2857.03,2857.5
0,98,h_a,dpu,2857.51,2910.28
0,98,eb_enc,cpu,2910.28,2910.42
0,98,eb_dec,cpu,2910.42,2910.59
0,98,h_s,dpu,2910.59,3026.43
0,98,gc,cpu,3026.43,3036.36
0,116,normalize,cpu,3037.16,3040.9
0,116,g_a_cpu,cpu,3040.9,3041.49
0,116,g_a,dpu,3041.5,3226.41
0,116,g_a,dpu,3226.41,3306.15
0,116,g_a_cpu,cpu,3306.15,3306.47
0,116,h_a,dpu,3306.47,3402.04
0,116,eb_enc,cpu,3402.04,3402.17
0,116,eb_dec,cpu,3402.17,3402.31
0,116,h_s,dpu,3402.31,3466.6
0,116,gc,cpu,3466.61,3476.29
0,132,normalize,cpu,3476.84,3480.48
0,132,g_a_cpu,cpu,3480.49,3480.84
0,132,g_a,dpu,3480.85,3648.13
0,132,g_a,dpu,3648.13,4024.03
0,132,g_a_cpu,cpu,4024.03,4024.38
0,132,h_a,dpu,4024.38,4079.72
0,132,eb_enc,cpu,4079.72,4079.9
0,132,eb_dec,cpu,4079.9,4080.06
0,132,h_s,dpu,4080.06,4136.74
0,132,gc,cpu,4136.74,4146.64
0,160,normalize,cpu,4147.27,4150.99
0,160,g_a_cpu,cpu,4150.99,4151.29
0,160,g_a,dpu,4151.3,4328.25
0,160,g_a,dpu,4328.25,4475.7
0,160,g_a_cpu,cpu,4475.7,4476.01
0,160,h_a,dpu,4476.01,4529.86
0,160,eb_enc,cpu,4529.87,4530
0,160,eb_dec,cpu,4530,4530.15
0,160,h_s,dpu,4530.15,4601.55
0,160,gc,cpu,4601.55,4611.77
0,178,normalize,cpu,4612.48,4616.08
0,178,g_a_cpu,cpu,4616.09,4616.47
0,178,g_a,dpu,4616.47,4754.11
0,178,g_a,dpu,4754.11,4900.09
0,178,g_a_cpu,cpu,4900.09,4900.6
0,178,h_a,dpu,4900.61,4902.39
0,178,eb_enc,cpu,4902.39,4902.52
0,178,eb_dec,cpu,4902.52,4902.65
0,178,h_s,dpu,4902.66,4993.7
0,178,gc,cpu,4993.7,5003.58
0,190,normalize,cpu,5004.13,5007.77
0,190,g_a_cpu,cpu,5007.78,5008.16
0,190,g_a,dpu,5008.17,5161.72
0,190,g_a,dpu,5161.73,5348.21
0,190,g_a_cpu,cpu,5348.21,5348.81
0,190,h_a,dpu,5348.82,5415.76
0,190,eb_enc,cpu,5415.76,5415.89
0,190,eb_dec,cpu,5415.89,5416.03
0,190,h_s,dpu,5416.03,5472.8
0,190,gc,cpu,5472.8,5482.74
0,211,normalize,cpu,5483.26,5486.94
0,211,g_a_cpu,cpu,5486.95,5487.21
0,211,g_a,dpu,5487.21,5646.1
0,211,g_a,dpu,5646.1,5792.59
0,211,g_a_cpu,cpu,5792.59,5793.25
0,211,h_a,dpu,5793.26,5801.91
0,211,eb_enc,cpu,5801.91,5802.05
0,211,eb_dec,cpu,5802.05,5802.21
0,211,h_s,dpu,5802.21,6170.3
0,211,gc,cpu,6170.32,6180.61
0,234,normalize,cpu,6181.08,6189.03
0,234,g_a_cpu,cpu,6189.04,6189.37
0,234,g_a,dpu,6189.37,6376.48
0,234,g_a,dpu,6376.48,6524.36
0,234,g_a_cpu,cpu,6524.36,6524.84
0,234,h_a,dpu,6524.84,6645.28
0,234,eb_enc,cpu,6645.28,6645.41
0,234,eb_dec,cpu,6645.41,6645.55
0,234,h_s,dpu,6645.55,6694.71
0,234,gc,cpu,6694.71,6704.32
0,256,normalize,cpu,6704.79,6708.43
0,256,g_a_cpu,cpu,6708.44,6708.88
0,256,g_a,dpu,6708.88,6859.59
0,256,g_a,dpu,6859.59,6971.45
0,256,g_a_cpu,cpu,6971.46,6971.78
0,256,h_a,dpu,6971.78,7029.27
0,256,eb_enc,cpu,7029.27,7029.42
0,256,eb_dec,cpu,7029.42,7029.59
0,256,h_s,dpu,7029.59,7122.87
0,256,gc,cpu,7122.87,7132.6
0,273,normalize,cpu,7133.12,7136.76
0,273,g_a_cpu,cpu,7136.76,7137.01
0,273,g_a,dpu,7137.01,7320.31
0,273,g_a,dpu,7320.32,7475.07
0,273,g_a_cpu,cpu,7475.07,7475.54
0,273,h_a,dpu,7475.54,7560.63
0,273,eb_enc,cpu,7560.63,7560.79
0,273,eb_dec,cpu,7560.8,7560.95
0,273,h_s,dpu,7560.95,7622.3
0,273,gc,cpu,7622.3,7632.05
0,292,normalize,cpu,7632.54,7636.18
0,292,g_a_cpu,cpu,7636.18,7636.72
0,292,g_a,dpu,7636.72,7824.04
0,292,g_a,dpu,7824.05,8008.53
0,292,g_a_cpu,cpu,8008.53,8009.06
0,292,h_a,dpu,8009.06,8085.37
0,292,eb_enc,cpu,8085.37,8085.5
0,292,eb_dec,cpu,8085.5,8085.63
0,292,h_s,dpu,8085.63,8140.74
0,292,gc,cpu,8140.75,8150.38
0,309,normalize,cpu,8150.91,8154.55
0,309,g_a_cpu,cpu,8154.55,8154.86
0,309,g_a,dpu,8154.87,8269.27
0,309,g_a,dpu,8269.27,8453.62
0,309,g_a_cpu,cpu,8453.62,8453.97
0,309,h_a,dpu,8453.97,8542.69
0,309,eb_enc,cpu,8542.69,8542.82
0,309,eb_dec,cpu,8542.82,8542.95
0,309,h_s,dpu,8542.95,8546.55
0,309,gc,cpu,8546.55,8556.89
0,327,normalize,cpu,8557.45,8561.13
0,327,g_a_cpu,cpu,8561.13,8561.44
0,327,g_a,dpu,8561.44,8699.28
0,327,g_a,dpu,8699.29,8735.6
0,327,g_a_cpu,cpu,8735.6,8736.04
0,327,h_a,dpu,8736.04,8857.4
0,327,eb_enc,cpu,8857.4,8857.53
0,327,eb_dec,cpu,8857.53,8857.66
0,327,h_s,dpu,8857.66,8907.82
0,327,gc,cpu,8907.82,8917.48
0,339,normalize,cpu,8917.94,8921.63
0,339,g_a_cpu,cpu,8921.63,8921.91
0,339,g_a,dpu,8921.91,9072.52
0,339,g_a,dpu,9072.52,9220.79
0,339,g_a_cpu,cpu,9220.79,9221.2
0,339,h_a,dpu,9221.2,9322.86
0,339,eb_enc,cpu,9322.86,9322.99
0,339,eb_dec,cpu,9323,9323.13
0,339,h_s,dpu,9323.13,9381.63
0,339,gc,cpu,9381.63,9391.5
0,360,normalize,cpu,9392.07,9395.71
0,360,g_a_cpu,cpu,9395.71,9396.07
0,360,g_a,dpu,9396.07,9568.17
0,360,g_a,dpu,9568.17,9686.17
0,360,g_a_cpu,cpu,9686.17,9686.53
0,360,h_a,dpu,9686.53,9737.24
0,360,eb_enc,cpu,9737.24,9737.37
0,360,eb_dec,cpu,9737.37,9737.5
0,360,h_s,dpu,9737.5,9777.2
0,360,gc,cpu,9777.2,9786.99
0,375,normalize,cpu,9787.5,9791.19
0,375,g_a_cpu,cpu,9791.19,9791.42
0,375,g_a,dpu,9791.42,9947.96
0,375,g_a,dpu,9947.96,10130.4
0,375,g_a_cpu,cpu,10130.4,10131
0,375,h_a,dpu,10131,10155.5
0,375,eb_enc,cpu,10155.5,10155.6
0,375,eb_dec,cpu,10155.6,10155.7
0,375,h_s,dpu,10155.7,10203.7
0,375,gc,cpu,10203.7,10214.7
0,392,normalize,cpu,10215.3,10218.9
0,392,g_a_cpu,cpu,10218.9,10219.3
0,392,g_a,dpu,10219.3,10434.4
0,392,g_a,dpu,10434.4,10594.8
0,392,g_a_cpu,cpu,10594.8,10595.3
0,392,h_a,dpu,10595.3,10679.5
0,392,eb_enc,cpu,10679.5,10679.6
0,392,eb_dec,cpu,10679.6,10679.8
0,392,h_s,dpu,10679.8,10752.6
0,392,gc,cpu,10752.6,10762.4
0,412,normalize,cpu,10762.9,10766.7
0,412,g_a_cpu,cpu,10766.7,10767
0,412,g_a,dpu,10767,10935.1
0,412,g_a,dpu,10935.1,10971.7
0,412,g_a_cpu,cpu,10971.7,10972
0,412,h_a,dpu,10972,11034
0,412,eb_enc,cpu,11034,11034.2
0,412,eb_dec,cpu,11034.2,11034.3
0,412,h_s,dpu,11034.3,11077.2
0,412,gc,cpu,11077.2,11087.3
0,427,normalize,cpu,11087.8,11091.4
0,427,g_a_cpu,cpu,11091.4,11091.7
0,427,g_a,dpu,11091.7,11276.3
0,427,g_a,dpu,11276.4,11392.8
0,427,g_a_cpu,cpu,11392.8,11393.3
0,427,h_a,dpu,11393.3,11449.3
0,427,eb_enc,cpu,11449.3,11449.4
0,427,eb_dec,cpu,11449.4,11449.6
0,427,h_s,dpu,11449.6,11589.1
0,427,gc,cpu,11589.1,11599
0,444,normalize,cpu,11599.5,11603.3
0,444,g_a_cpu,cpu,11603.3,11603.6
0,444,g_a,dpu,11603.6,11770
0,444,g_a,dpu,11770,11806.4
0,444,g_a_cpu,cpu,11806.4,11806.8
0,444,h_a,dpu,11806.8,11808.5
0,444,eb_enc,cpu,11808.5,11808.6
0,444,eb_dec,cpu,11808.6,11808.8
0,444,h_s,dpu,11808.8,11854.3
0,444,gc,cpu,11854.3,11863.9
0,458,normalize,cpu,11864.4,11868.7
0,458,g_a_cpu,cpu,11868.7,11869
0,458,g_a,dpu,11869,12085.2
0,458,g_a,dpu,12085.2,12238.2
0,458,g_a_cpu,cpu,12238.2,12238.6
0,458,h_a,dpu,12238.6,12256
0,458,eb_enc,cpu,12256,12256.1
0,458,eb_dec,cpu,12256.1,12256.3
0,458,h_s,dpu,12256.3,12525.4
0,458,gc,cpu,12525.4,12535.2
0,477,normalize,cpu,12535.7,12539.4
0,477,g_a_cpu,cpu,12539.4,12539.8
0,477,g_a,dpu,12539.8,12653.4
0,477,g_a,dpu,12653.4,12810.3
0,477,g_a_cpu,cpu,12810.3,12810.7
0,477,h_a,dpu,12810.7,12891.5
0,477,eb_enc,cpu,12891.5,12891.6
0,477,eb_dec,cpu,12891.6,12891.7
0,477,h_s,dpu,12891.8,12997.8
0,477,gc,cpu,12997.8,13007.8
0,493,normalize,cpu,13008.7,13012.5
0,493,g_a_cpu,cpu,13012.5,13012.9
0,493,g_a,dpu,13012.9,13148.2
0,493,g_a,dpu,13148.2,13300.1
0,493,g_a_cpu,cpu,13300.1,13300.4
0,493,h_a,dpu,13300.5,13357.4
0,493,eb_enc,cpu,13357.4,13357.5
0,493,eb_dec,cpu,13357.5,13357.6
0,493,h_s,dpu,13357.6,13461
0,493,gc,cpu,13461,13470.9
0,516,normalize,cpu,13471.5,13475.1
0,516,g_a_cpu,cpu,13475.1,13475.5
0,516,g_a,dpu,13475.5,13600.7
0,516,g_a,dpu,13600.7,13748.8
0,516,g_a_cpu,cpu,13748.8,13749.2
0,516,h_a,dpu,13749.2,13834.5
0,516,eb_enc,cpu,13834.5,13834.7
0,516,eb_dec,cpu,13834.7,13834.8
0,516,h_s,dpu,13834.8,13888.5
0,516,gc,cpu,13888.5,13905.8
0,531,normalize,cpu,13906.4,13911.3
0,531,g_a_cpu,cpu,13911.3,13911.8
0,531,g_a,dpu,13911.8,14021.1
0,531,g_a,dpu,14021.1,14130.7
0,531,g_a_cpu,cpu,14130.7,14131.1
0,531,h_a,dpu,14131.1,14217.2
0,531,eb_enc,cpu,14217.2,14217.4
0,531,eb_dec,cpu,14217.4,14217.5
0,531,h_s,dpu,14217.5,14287.5
0,531,gc,cpu,14287.5,14297.2
0,546,normalize,cpu,14298.4,14302
0,546,g_a_cpu,cpu,14302,14302.3
0,546,g_a,dpu,14302.3,14427.4
0,546,g_a,dpu,14427.4,14463.9
0,546,g_a_cpu,cpu,14463.9,14464.3
0,546,h_a,dpu,14464.3,14525.5
0,546,eb_enc,cpu,14525.5,14525.6
0,546,eb_dec,cpu,14525.6,14525.8
0,546,h_s,dpu,14525.8,14595.3
0,546,gc,cpu,14595.3,14605.1
0,557,normalize,cpu,14605.7,14609.4
0,557,g_a_cpu,cpu,14609.4,14609.9
0,557,g_a,dpu,14609.9,14762.6
0,557,g_a,dpu,14762.6,14910
0,557,g_a_cpu,cpu,14910,14910.3
0,557,h_a,dpu,14910.3,15017.2
0,557,eb_enc,cpu,15017.2,15017.3
0,557,eb_dec,cpu,15017.3,15017.4
0,557,h_s,dpu,15017.4,15035.3
0,557,gc,cpu,15035.3,15045.6
0,578,normalize,cpu,15046.2,15049.9
0,578,g_a_cpu,cpu,15049.9,15050.2
0,578,g_a,dpu,15050.2,15253.2
0,578,g_a,dpu,15253.2,15402.5
0,578,g_a_cpu,cpu,15402.5,15402.9
0,578,h_a,dpu,15402.9,15435.9
0,578,eb_enc,cpu,15435.9,15436
0,578,eb_dec,cpu,15436,15436.2
0,578,h_s,dpu,15436.2,15473.5
0,578,gc,cpu,15473.5,15483.1
0,594,normalize,cpu,15483.6,15487.3
0,594,g_a_cpu,cpu,15487.3,15487.6
0,594,g_a,dpu,15487.6,15674
0,594,g_a,dpu,15674,15827.9
0,594,g_a_cpu,cpu,15827.9,15828.3
0,594,h_a,dpu,15828.3,15927.3
0,594,eb_enc,cpu,15927.3,15927.5
0,594,eb_dec,cpu,15927.5,15927.6
0,594,h_s,dpu,15927.6,16015.1
0,594,gc,cpu,16015.1,16024.8
0,613,normalize,cpu,16025.4,16029
0,613,g_a_cpu,cpu,16029,16029.4
0,613,g_a,dpu,16029.4,16160.3
0,613,g_a,dpu,16160.3,16389.8
0,613,g_a_cpu,cpu,16389.8,16390.1
0,613,h_a,dpu,16390.1,16392
0,613,eb_enc,cpu,16392,16392.2
0,613,eb_dec,cpu,16392.2,16392.3
0,613,h_s,dpu,16392.3,16484
0,613,gc,cpu,16484,16494
0,632,normalize,cpu,16494.6,16498.2
0,632,g_a_cpu,cpu,16498.2,16498.5
0,632,g_a,dpu,16498.5,16658.3
0,632,g_a,dpu,16658.3,16878.9
0,632,g_a_cpu,cpu,16878.9,16879.2
0,632,h_a,dpu,16879.2,16935.2
0,632,eb_enc,cpu,16935.2,16935.3
0,632,eb_dec,cpu,16935.3,16935.4
0,632,h_s,dpu,16935.4,17002.3
0,632,gc,cpu,17002.3,17012.2
0,652,normalize,cpu,17012.7,17016.3
0,652,g_a_cpu,cpu,17016.3,17016.6
0,652,g_a,dpu,17016.6,17185.3
0,652,g_a,dpu,17185.3,17221.6
0,652,g_a_cpu,cpu,17221.6,17221.9
0,652,h_a,dpu,17221.9,17302.1
0,652,eb_enc,cpu,17302.1,17302.2
0,652,eb_dec,cpu,17302.2,17302.4
0,652,h_s,dpu,17302.4,17388
0,652,gc,cpu,17388,17402.5
0,666,normalize,cpu,17403,17406.9
0,666,g_a_cpu,cpu,17406.9,17407.9
0,666,g_a,dpu,17407.9,17560.6
0,666,g_a,dpu,17560.6,17672.1
0,666,g_a_cpu,cpu,17672.1,17672.6
0,666,h_a,dpu,17672.6,17753.3
0,666,eb_enc,cpu,17753.3,17753.4
0,666,eb_dec,cpu,17753.4,17753.6
0,666,h_s,dpu,17753.6,17816.9
0,666,gc,cpu,17816.9,17827.6
0,682,normalize,cpu,17828,17833.5
0,682,g_a_cpu,cpu,17833.5,17833.8
0,682,g_a,dpu,17833.8,17976.1
0,682,g_a,dpu,17976.1,18126
0,682,g_a_cpu,cpu,18126,18126.6
0,682,h_a,dpu,18126.6,18260.8
0,682,eb_enc,cpu,18260.8,18260.9
0,682,eb_dec,cpu,18260.9,18261.1
0,682,h_s,dpu,18261.1,18325.3
0,682,gc,cpu,18325.3,18335.4
0,704,normalize,cpu,18335.8,18339.5
0,704,g_a_cpu,cpu,18339.5,18340
0,704,g_a,dpu,18340,18464.3
0,704,g_a,dpu,18464.3,18610.7
0,704,g_a_cpu,cpu,18610.7,18611.4
0,704,h_a,dpu,18611.4,18639.7
0,704,eb_enc,cpu,18639.7,18639.8
0,704,eb_dec,cpu,18639.8,18640
0,704,h_s,dpu,18640,18721.2
0,704,gc,cpu,18721.2,18730.8
0,719,normalize,cpu,18731.2,18734.9
0,719,g_a_cpu,cpu,18734.9,18735.2
0,719,g_a,dpu,18735.2,18910
0,719,g_a,dpu,18910,19095.2
0,719,g_a_cpu,cpu,19095.2,19095.8
0,719,h_a,dpu,19095.8,19124
0,719,eb_enc,cpu,19124,19124.2
0,719,eb_dec,cpu,19124.2,19124.4
0,719,h_s,dpu,19124.4,19268.1
0,719,gc,cpu,19268.1,19278
0,740,normalize,cpu,19278.6,19282.3
0,740,g_a_cpu,cpu,19282.3,19282.7
0,740,g_a,dpu,19282.7,19405.3
0,740,g_a,dpu,19405.3,19441.8
0,740,g_a_cpu,cpu,19441.8,19442.1
0,740,h_a,dpu,19442.1,19504.5
0,740,eb_enc,cpu,19504.5,19504.7
0,740,eb_dec,cpu,19504.7,19504.8
0,740,h_s,dpu,19504.8,19588.9
0,740,gc,cpu,19588.9,19599.5
0,754,normalize,cpu,19601.5,19605.2
0,754,g_a_cpu,cpu,19605.2,19605.7
0,754,g_a,dpu,19605.7,19642.5
0,754,g_a,dpu,19642.5,19797
0,754,g_a_cpu,cpu,19797,19797.4
0,754,h_a,dpu,19797.4,19841.2
0,754,eb_enc,cpu,19841.2,19841.3
0,754,eb_dec,cpu,19841.3,19841.4
0,754,h_s,dpu,19841.4,19895.1
0,754,gc,cpu,19895.2,19905
0,764,normalize,cpu,19905.5,19909.3
0,764,g_a_cpu,cpu,19909.3,19909.8
0,764,g_a,dpu,19909.8,20060
0,764,g_a,dpu,20060,20212
0,764,g_a_cpu,cpu,20212,20212.5
0,764,h_a,dpu,20212.5,20333.1
0,764,eb_enc,cpu,20333.1,20333.2
0,764,eb_dec,cpu,20333.2,20333.4
0,764,h_s,dpu,20333.4,20391.3
0,764,gc,cpu,20391.3,20401.8
0,785,normalize,cpu,20402.3,20406
0,785,g_a_cpu,cpu,20406,20406.3
0,785,g_a,dpu,20406.3,20549
0,785,g_a,dpu,20549,20663.5
0,785,g_a_cpu,cpu,20663.5,20664
0,785,h_a,dpu,20664,20749.1
0,785,eb_enc,cpu,20749.1,20749.4
0,785,eb_dec,cpu,20749.4,20749.6
0,785,h_s,dpu,20749.6,20964.4
0,785,gc,cpu,20964.4,20974.1
0,806,normalize,cpu,20974.9,20978.5
0,806,g_a_cpu,cpu,20978.5,20978.8
0,806,g_a,dpu,20978.8,21084
0,806,g_a,dpu,21084,21197.3
0,806,g_a_cpu,cpu,21197.3,21197.8
0,806,h_a,dpu,21197.8,21285.7
0,806,eb_enc,cpu,21285.7,21285.9
0,806,eb_dec,cpu,21285.9,21286
0,806,h_s,dpu,21286,21366.2
0,806,gc,cpu,21366.2,21375.7
0,822,normalize,cpu,21376.2,21379.8
0,822,g_a_cpu,cpu,21379.8,21380.1
0,822,g_a,dpu,21380.1,21570.1
0,822,g_a,dpu,21570.1,21728.1
0,822,g_a_cpu,cpu,21728.1,21728.5
0,822,h_a,dpu,21728.5,21813.1
0,822,eb_enc,cpu,21813.1,21813.2
0,822,eb_dec,cpu,21813.2,21813.4
0,822,h_s,dpu,21813.4,21895.1
0,822,gc,cpu,21895.1,21904.7
0,841,normalize,cpu,21905.2,21908.8
0,841,g_a_cpu,cpu,21908.8,21909.1
0,841,g_a,dpu,21909.1,22063.5
0,841,g_a,dpu,22063.5,22219.1
0,841,g_a_cpu,cpu,22219.1,22219.5
0,841,h_a,dpu,22219.6,22297.6
0,841,eb_enc,cpu,22297.6,22297.8
0,841,eb_dec,cpu,22297.8,22297.9
0,841,h_s,dpu,22297.9,22361.1
0,841,gc,cpu,22361.1,22371.3
0,860,normalize,cpu,22371.7,22375.5
0,860,g_a_cpu,cpu,22375.5,22375.7
0,860,g_a,dpu,22375.7,22520.2
0,860,g_a,dpu,22520.2,22556.5
0,860,g_a_cpu,cpu,22556.5,22556.8
0,860,h_a,dpu,22556.8,22603.2
0,860,eb_enc,cpu,22603.2,22603.4
0,860,eb_dec,cpu,22603.4,22603.5
0,860,h_s,dpu,22603.5,22673.3
0,860,gc,cpu,22673.3,22683.1
0,872,normalize,cpu,22683.5,22687.2
0,872,g_a_cpu,cpu,22687.2,22687.4
0,872,g_a,dpu,22687.4,22816.9
0,872,g_a,dpu,22816.9,23044.2
0,872,g_a_cpu,cpu,23044.2,23044.5
0,872,h_a,dpu,23044.5,23090.7
0,872,eb_enc,cpu,23090.7,23090.8
0,872,eb_dec,cpu,23090.8,23091
0,872,h_s,dpu,23091,23155.9
0,872,gc,cpu,23155.9,23165.9
0,891,normalize,cpu,23166.3,23171
0,891,g_a_cpu,cpu,23171,23171.4
0,891,g_a,dpu,23171.4,23321.3
0,891,g_a,dpu,23321.4,23505.6
0,891,g_a_cpu,cpu,23505.7,23506
0,891,h_a,dpu,23506,23520.9
0,891,eb_enc,cpu,23520.9,23521
0,891,eb_dec,cpu,23521,23521.2
0,891,h_s,dpu,23521.2,23546.1
0,891,gc,cpu,23546.1,23555.9
0,908,normalize,cpu,23556.4,23561
0,908,g_a_cpu,cpu,23561,23561.3
0,908,g_a,dpu,23561.3,23729.4
0,908,g_a,dpu,23729.4,23948.3
0,908,g_a_cpu,cpu,23948.3,23948.9
0,908,h_a,dpu,23948.9,24002.9
0,908,eb_enc,cpu,24002.9,24003.1
0,908,eb_dec,cpu,24003.1,24003.2
0,908,h_s,dpu,24003.2,24057.5
0,908,gc,cpu,24057.5,24073.3
1,12,normalize,cpu,84.8322,88.5103
1,12,g_a_cpu,cpu,90.4267,90.9264
1,12,g_a,dpu,90.9386,128.089
1,12,g_a,dpu,128.098,310.304
1,12,g_a_cpu,cpu,310.306,310.762
1,12,h_a,dpu,310.769,458.844
1,12,eb_enc,cpu,458.845,458.992
1,12,eb_dec,cpu,458.994,459.116
1,12,h_s,dpu,459.116,534.056
1,12,gc,cpu,534.07,556.466
1,26,normalize,cpu,557.28,560.917
1,26,g_a_cpu,cpu,560.92,561.361
1,26,g_a,dpu,561.364,769.419
1,26,g_a,dpu,769.42,913.65
1,26,g_a_cpu,cpu,913.651,914.024
1,26,h_a,dpu,914.026,920.54
1,26,eb_enc,cpu,920.541,920.672
1,26,eb_dec,cpu,920.674,920.789
1,26,h_s,dpu,920.79,1009.19
1,26,gc,cpu,1009.2,1019.88
1,46,normalize,cpu,1022.2,1025.85
1,46,g_a_cpu,cpu,1025.85,1026.15
1,46,g_a,dpu,1026.15,1155.55
1,46,g_a,dpu,1155.55,1301.37
1,46,g_a_cpu,cpu,1301.38,1301.82
1,46,h_a,dpu,1301.82,1382.25
1,46,eb_enc,cpu,1382.25,1382.37
1,46,eb_dec,cpu,1382.37,1382.5
1,46,h_s,dpu,1382.5,1452.63
1,46,gc,cpu,1452.63,1465.09
1,57,normalize,cpu,1465.74,1469.61
1,57,g_a_cpu,cpu,1469.61,1470.29
1,57,g_a,dpu,1470.3,1692.04
1,57,g_a,dpu,1692.05,1802.66
1,57,g_a_cpu,cpu,1802.66,1803.12
1,57,h_a,dpu,1803.12,1850.65
1,57,eb_enc,cpu,1850.65,1850.78
1,57,eb_dec,cpu,1850.78,1850.9
1,57,h_s,dpu,1850.9,1942.69
1,57,gc,cpu,1942.69,1952.56
1,77,normalize,cpu,1962.78,1966.43
1,77,g_a_cpu,cpu,1966.43,1966.8
1,77,g_a,dpu,1966.8,2057.39
1,77,g_a,dpu,2057.4,2132.68
1,77,g_a_cpu,cpu,2132.68,2133.04
1,77,h_a,dpu,2133.04,2206.67
1,77,eb_enc,cpu,2206.67,2206.8
1,77,eb_dec,cpu,2206.8,2206.93
1,77,h_s,dpu,2206.93,2363.61
1,77,gc,cpu,2363.62,2373.81
1,88,normalize,cpu,2374.35,2378.23
1,88,g_a_cpu,cpu,2378.23,2378.65
1,88,g_a,dpu,2378.66,2487
1,88,g_a,dpu,2487.01,2602.73
1,88,g_a_cpu,cpu,2602.73,2603.17
1,88,h_a,dpu,2603.17,2705.21
1,88,eb_enc,cpu,2705.21,2705.34
1,88,eb_dec,cpu,2705.34,2705.46
1,88,h_s,dpu,2705.46,2820.42
1,88,gc,cpu,2820.42,2830.15
1,106,normalize,cpu,2830.61,2834.25
1,106,g_a_cpu,cpu,2834.25,2834.59
1,106,g_a,dpu,2834.6,2871.97
1,106,g_a,dpu,2871.97,2946.45
1,106,g_a_cpu,cpu,2946.45,2946.89
1,106,h_a,dpu,2946.9,3034.92
1,106,eb_enc,cpu,3034.93,3035.06
1,106,eb_dec,cpu,3035.06,3035.18
1,106,h_s,dpu,3035.18,3154.57
1,106,gc,cpu,3154.57,3164.32
1,119,normalize,cpu,3164.79,3168.43
1,119,g_a_cpu,cpu,3168.44,3168.78
1,119,g_a,dpu,3168.79,3252.25
1,119,g_a,dpu,3252.25,3328.26
1,119,g_a_cpu,cpu,3328.26,3328.67
1,119,h_a,dpu,3328.67,3429.11
1,119,eb_enc,cpu,3429.11,3429.28
1,119,eb_dec,cpu,3429.28,3429.41
1,119,h_s,dpu,3429.41,3536.98
1,119,gc,cpu,3536.99,3547.21
1,134,normalize,cpu,3547.79,3551.46
1,134,g_a_cpu,cpu,3551.47,3551.87
1,134,g_a,dpu,3551.88,3628.31
1,134,g_a,dpu,3628.31,3664.83
1,134,g_a_cpu,cpu,3664.83,3665.18
1,134,h_a,dpu,3665.19,3737.29
1,134,eb_enc,cpu,3737.29,3737.41
1,134,eb_dec,cpu,3737.42,3737.53
1,134,h_s,dpu,3737.53,3874.9
1,134,gc,cpu,3874.9,3884.53
1,148,normalize,cpu,3884.99,3888.63
1,148,g_a_cpu,cpu,3888.63,3888.94
1,148,g_a,dpu,3888.94,3965.83
1,148,g_a,dpu,3965.83,4041.61
1,148,g_a_cpu,cpu,4041.61,4042.05
1,148,h_a,dpu,4042.06,4096.73
1,148,eb_enc,cpu,4096.73,4096.94
1,148,eb_dec,cpu,4096.94,4097.07
1,148,h_s,dpu,4097.07,4402.05
1,148,gc,cpu,4402.05,4412.21
1,167,normalize,cpu,4412.78,4416.43
1,167,g_a_cpu,cpu,4416.43,4416.73
1,167,g_a,dpu,4416.73,4453.47
1,167,g_a,dpu,4453.47,4490.37
1,167,g_a_cpu,cpu,4490.37,4490.84
1,167,h_a,dpu,4490.84,4600.18
1,167,eb_enc,cpu,4600.18,4600.31
1,167,eb_dec,cpu,4600.31,4600.42
1,167,h_s,dpu,4600.42,4717.03
1,167,gc,cpu,4717.03,4726.86
1,182,normalize,cpu,4727.31,4730.95
1,182,g_a_cpu,cpu,4730.96,4731.29
1,182,g_a,dpu,4731.29,4807.19
1,182,g_a,dpu,4807.19,4879.07
1,182,g_a_cpu,cpu,4879.08,4879.6
1,182,h_a,dpu,4879.6,4951.89
1,182,eb_enc,cpu,4951.89,4952.02
1,182,eb_dec,cpu,4952.02,4952.16
1,182,h_s,dpu,4952.16,5052.1
1,182,gc,cpu,5052.1,5061.94
1,195,normalize,cpu,5062.41,5066.11
1,195,g_a_cpu,cpu,5066.12,5066.52
1,195,g_a,dpu,5066.52,5212.5
1,195,g_a,dpu,5212.51,5324.7
1,195,g_a_cpu,cpu,5324.7,5325.1
1,195,h_a,dpu,5325.1,5347.35
1,195,eb_enc,cpu,5347.35,5347.5
1,195,eb_dec,cpu,5347.5,5347.62
1,195,h_s,dpu,5347.62,5498.8
1,195,gc,cpu,5498.81,5508.39
1,212,normalize,cpu,5508.86,5513.27
1,212,g_a_cpu,cpu,5513.28,5513.61
1,212,g_a,dpu,5513.61,5635.95
1,212,g_a,dpu,5635.95,5746.94
1,212,g_a_cpu,cpu,5746.94,5747.36
1,212,h_a,dpu,5747.36,5814.6
1,212,eb_enc,cpu,5814.6,5814.77
1,212,eb_dec,cpu,5814.77,5814.9
1,212,h_s,dpu,5814.9,5916.13
1,212,gc,cpu,5916.13,5925.76
1,228,normalize,cpu,5926.22,5929.92
1,228,g_a_cpu,cpu,5929.93,5930.19
1,228,g_a,dpu,5930.19,6065.14
1,228,g_a,dpu,6065.14,6141.18
1,228,g_a_cpu,cpu,6141.18,6141.6
1,228,h_a,dpu,6141.6,6248.98
1,228,eb_enc,cpu,6248.98,6249.11
1,228,eb_dec,cpu,6249.11,6249.24
1,228,h_s,dpu,6249.24,6335.61
1,228,gc,cpu,6335.61,6345.91
1,244,normalize,cpu,6346.47,6350.17
1,244,g_a_cpu,cpu,6350.17,6350.46
1,244,g_a,dpu,6350.46,6487.76
1,244,g_a,dpu,6487.77,6608.24
1,244,g_a_cpu,cpu,6608.24,6608.69
1,244,h_a,dpu,6608.69,6655
1,244,eb_enc,cpu,6655,6655.15
1,244,eb_dec,cpu,6655.15,6655.28
1,244,h_s,dpu,6655.28,6822.01
1,244,gc,cpu,6822.02,6831.81
1,260,normalize,cpu,6832.41,6836.02
1,260,g_a_cpu,cpu,6836.02,6836.45
1,260,g_a,dpu,6836.45,6910.56
1,260,g_a,dpu,6910.57,6988.18
1,260,g_a_cpu,cpu,6988.18,6988.52
1,260,h_a,dpu,6988.52,7082.24
1,260,eb_enc,cpu,7082.24,7082.37
1,260,eb_dec,cpu,7082.37,7082.49
1,260,h_s,dpu,7082.49,7205.4
1,260,gc,cpu,7205.4,7215.22
1,276,normalize,cpu,7215.72,7219.49
1,276,g_a_cpu,cpu,7219.49,7219.76
1,276,g_a,dpu,7219.77,7292.33
1,276,g_a,dpu,7292.33,7329.54
1,276,g_a_cpu,cpu,7329.54,7329.92
1,276,h_a,dpu,7329.92,7392.7
1,276,eb_enc,cpu,7392.7,7392.83
1,276,eb_dec,cpu,7392.83,7392.95
1,276,h_s,dpu,7392.95,7512.84
1,276,gc,cpu,7512.84,7522.54
1,288,normalize,cpu,7523.18,7526.82
1,288,g_a_cpu,cpu,7526.82,7527.2
1,288,g_a,dpu,7527.21,7636.37
1,288,g_a,dpu,7636.38,7713.73
1,288,g_a_cpu,cpu,7713.73,7714.19
1,288,h_a,dpu,7714.19,7787.28
1,288,eb_enc,cpu,7787.29,7787.44
1,288,eb_dec,cpu,7787.44,7787.57
1,288,h_s,dpu,7787.57,7864.98
1,288,gc,cpu,7864.98,7876.26
1,303,normalize,cpu,7876.86,7880.5
1,303,g_a_cpu,cpu,7880.51,7880.88
1,303,g_a,dpu,7880.88,8048.23
1,303,g_a,dpu,8048.23,8160.39
1,303,g_a_cpu,cpu,8160.39,8160.92
1,303,h_a,dpu,8160.93,8183.67
1,303,eb_enc,cpu,8183.67,8183.83
1,303,eb_dec,cpu,8183.83,8183.95
1,303,h_s,dpu,8183.95,8273
1,303,gc,cpu,8273,8282.82
1,319,normalize,cpu,8283.69,8288.31
1,319,g_a_cpu,cpu,8288.32,8288.7
1,319,g_a,dpu,8288.7,8432.15
1,319,g_a,dpu,8432.16,8541.57
1,319,g_a_cpu,cpu,8541.58,8542
1,319,h_a,dpu,8542.01,8545.06
1,319,eb_enc,cpu,8545.07,8545.26
1,319,eb_dec,cpu,8545.26,8545.39
1,319,h_s,dpu,8545.39,8652.65
1,319,gc,cpu,8652.65,8662.56
1,334,normalize,cpu,8663.21,8666.92
1,334,g_a_cpu,cpu,8666.92,8667.19
1,334,g_a,dpu,8667.19,8784.3
1,334,g_a,dpu,8784.3,8929.71
1,334,g_a_cpu,cpu,8929.71,8930.13
1,334,h_a,dpu,8930.13,8953.39
1,334,eb_enc,cpu,8953.4,8953.53
1,334,eb_dec,cpu,8953.53,8953.64
1,334,h_s,dpu,8953.64,9074.04
1,334,gc,cpu,9074.05,9083.69
1,350,normalize,cpu,9084.19,9087.81
1,350,g_a_cpu,cpu,9087.82,9088.22
1,350,g_a,dpu,9088.23,9211.23
1,350,g_a,dpu,9211.23,9321.72
1,350,g_a_cpu,cpu,9321.72,9322.12
1,350,h_a,dpu,9322.12,9380.22
1,350,eb_enc,cpu,9380.22,9380.35
1,350,eb_dec,cpu,9380.35,9380.47
1,350,h_s,dpu,9380.47,9530.91
1,350,gc,cpu,9530.91,9540.57
1,365,normalize,cpu,9541.05,9544.7
1,365,g_a_cpu,cpu,9544.7,9544.97
1,365,g_a,dpu,9544.97,9622.75
1,365,g_a,dpu,9622.75,9733.1
1,365,g_a_cpu,cpu,9733.1,9733.56
1,365,h_a,dpu,9733.56,9771.26
1,365,eb_enc,cpu,9771.27,9771.4
1,365,eb_dec,cpu,9771.4,9771.52
1,365,h_s,dpu,9771.52,9876.28
1,365,gc,cpu,9876.28,9887.16
1,380,normalize,cpu,9887.69,9891.38
1,380,g_a_cpu,cpu,9891.38,9891.64
1,380,g_a,dpu,9891.64,10004.3
1,380,g_a,dpu,10004.3,10077.9
1,380,g_a_cpu,cpu,10077.9,10078.2
1,380,h_a,dpu,10078.2,10123.2
1,380,eb_enc,cpu,10123.2,10123.3
1,380,eb_dec,cpu,10123.3,10123.4
1,380,h_s,dpu,10123.4,10248.6
1,380,gc,cpu,10248.6,10258.2
1,395,normalize,cpu,10258.7,10262.3
1,395,g_a_cpu,cpu,10262.3,10262.6
1,395,g_a,dpu,10262.6,10379
1,395,g_a,dpu,10379,10453.1
1,395,g_a_cpu,cpu,10453.1,10453.5
1,395,h_a,dpu,10453.5,10510.5
1,395,eb_enc,cpu,10510.5,10510.7
1,395,eb_dec,cpu,10510.7,10510.8
1,395,h_s,dpu,10510.8,10633.1
1,395,gc,cpu,10633.1,10642.9
1,409,normalize,cpu,10643.4,10647.1
1,409,g_a_cpu,cpu,10647.1,10647.4
1,409,g_a,dpu,10647.4,10792.2
1,409,g_a,dpu,10792.2,10904.3
1,409,g_a_cpu,cpu,10904.3,10905
1,409,h_a,dpu,10905.1,10924.3
1,409,eb_enc,cpu,10924.3,10924.5
1,409,eb_dec,cpu,10924.5,10924.7
1,409,h_s,dpu,10924.7,11014.1
1,409,gc,cpu,11014.1,11023.9
1,424,normalize,cpu,11024.4,11028
1,424,g_a_cpu,cpu,11028,11028.4
1,424,g_a,dpu,11028.4,11180.1
1,424,g_a,dpu,11180.1,11292.3
1,424,g_a_cpu,cpu,11292.3,11292.6
1,424,h_a,dpu,11292.6,11309.8
1,424,eb_enc,cpu,11309.8,11309.9
1,424,eb_dec,cpu,11309.9,11310.1
1,424,h_s,dpu,11310.1,11430.7
1,424,gc,cpu,11430.7,11440.5
1,441,normalize,cpu,11441.2,11444.9
1,441,g_a_cpu,cpu,11444.9,11445.3
1,441,g_a,dpu,11445.3,11557.1
1,441,g_a,dpu,11557.1,11672.3
1,441,g_a_cpu,cpu,11672.3,11672.7
1,441,h_a,dpu,11672.7,11710.6
1,441,eb_enc,cpu,11710.6,11710.7
1,441,eb_dec,cpu,11710.7,11710.9
1,441,h_s,dpu,11710.9,11829.2
1,441,gc,cpu,11829.2,11839.1
1,457,normalize,cpu,11839.6,11843.2
1,457,g_a_cpu,cpu,11843.2,11843.6
1,457,g_a,dpu,11843.6,11968.3
1,457,g_a,dpu,11968.3,12004.7
1,457,g_a_cpu,cpu,12004.7,12005.1
1,457,h_a,dpu,12005.1,12076.3
1,457,eb_enc,cpu,12076.3,12076.5
1,457,eb_dec,cpu,12076.5,12076.6
1,457,h_s,dpu,12076.6,12202.4
1,457,gc,cpu,12202.4,12213
1,466,normalize,cpu,12213.7,12217.6
1,466,g_a_cpu,cpu,12217.6,12218.3
1,466,g_a,dpu,12218.3,12255.1
1,466,g_a,dpu,12255.1,12364.9
1,466,g_a_cpu,cpu,12364.9,12365.4
1,466,h_a,dpu,12365.4,12524
1,466,eb_enc,cpu,12524,12524.1
1,466,eb_dec,cpu,12524.1,12524.3
1,466,h_s,dpu,12524.3,12617.3
1,466,gc,cpu,12617.3,12627.7
1,482,normalize,cpu,12628.2,12631.9
1,482,g_a_cpu,cpu,12631.9,12632.3
1,482,g_a,dpu,12632.3,12670.7
1,482,g_a,dpu,12670.7,12853
1,482,g_a_cpu,cpu,12853,12853.3
1,482,h_a,dpu,12853.3,12960.4
1,482,eb_enc,cpu,12960.4,12960.5
1,482,eb_dec,cpu,12960.5,12960.6
1,482,h_s,dpu,12960.6,13071.9
1,482,gc,cpu,13071.9,13081.9
1,502,normalize,cpu,13082.5,13086.2
1,502,g_a_cpu,cpu,13086.2,13086.5
1,502,g_a,dpu,13086.5,13168.2
1,502,g_a,dpu,13168.2,13240.1
1,502,g_a_cpu,cpu,13240.1,13240.5
1,502,h_a,dpu,13240.5,13342.4
1,502,eb_enc,cpu,13342.4,13342.5
1,502,eb_dec,cpu,13342.5,13342.6
1,502,h_s,dpu,13342.6,13453.2
1,502,gc,cpu,13453.2,13467.4
1,515,normalize,cpu,13467.9,13471.6
1,515,g_a_cpu,cpu,13471.6,13471.9
1,515,g_a,dpu,13471.9,13572.6
1,515,g_a,dpu,13572.7,13685.5
1,515,g_a_cpu,cpu,13685.5,13685.8
1,515,h_a,dpu,13685.8,13736.2
1,515,eb_enc,cpu,13736.2,13736.4
1,515,eb_dec,cpu,13736.4,13736.6
1,515,h_s,dpu,13736.6,13873.4
1,515,gc,cpu,13873.4,13883.5
1,530,normalize,cpu,13883.9,13887.7
1,530,g_a_cpu,cpu,13887.7,13888.1
1,530,g_a,dpu,13888.1,14065.3
1,530,g_a,dpu,14065.3,14176.3
1,530,g_a_cpu,cpu,14176.3,14176.8
1,530,h_a,dpu,14176.8,14247.8
1,530,eb_enc,cpu,14247.8,14248
1,530,eb_dec,cpu,14248,14248.1
1,530,h_s,dpu,14248.1,14354.8
1,530,gc,cpu,14354.8,14364.4
1,548,normalize,cpu,14365.6,14369.3
1,548,g_a_cpu,cpu,14369.3,14369.5
1,548,g_a,dpu,14369.5,14450.8
1,548,g_a,dpu,14450.8,14524.3
1,548,g_a_cpu,cpu,14524.3,14524.8
1,548,h_a,dpu,14524.8,14594.3
1,548,eb_enc,cpu,14594.3,14594.4
1,548,eb_dec,cpu,14594.4,14594.5
1,548,h_s,dpu,14594.5,14726.8
1,548,gc,cpu,14726.8,14736.3
1,563,normalize,cpu,14736.8,14740.5
1,563,g_a_cpu,cpu,14740.5,14740.8
1,563,g_a,dpu,14740.8,14828.2
1,563,g_a,dpu,14828.2,14942
1,563,g_a_cpu,cpu,14942.1,14942.5
1,563,h_a,dpu,14942.5,15017.9
1,563,eb_enc,cpu,15017.9,15018
1,563,eb_dec,cpu,15018,15018.1
1,563,h_s,dpu,15018.1,15106.5
1,563,gc,cpu,15106.5,15116.3
1,579,normalize,cpu,15116.8,15120.4
1,579,g_a_cpu,cpu,15120.5,15120.8
1,579,g_a,dpu,15120.8,15212.2
1,579,g_a,dpu,15212.2,15285.2
1,579,g_a_cpu,cpu,15285.2,15285.5
1,579,h_a,dpu,15285.5,15347.7
1,579,eb_enc,cpu,15347.7,15347.9
1,579,eb_dec,cpu,15347.9,15348
1,579,h_s,dpu,15348,15442.4
1,579,gc,cpu,15442.4,15452.4
1,593,normalize,cpu,15452.9,15456.5
1,593,g_a_cpu,cpu,15456.5,15456.8
1,593,g_a,dpu,15456.8,15550.1
1,593,g_a,dpu,15550.1,15624.3
1,593,g_a_cpu,cpu,15624.3,15624.7
1,593,h_a,dpu,15624.7,15664.1
1,593,eb_enc,cpu,15664.1,15664.2
1,593,eb_dec,cpu,15664.2,15664.4
1,593,h_s,dpu,15664.4,15789.2
1,593,gc,cpu,15789.2,15799
1,606,normalize,cpu,15799.5,15803.2
1,606,g_a_cpu,cpu,15803.2,15803.4
1,606,g_a,dpu,15803.4,15889.5
1,606,g_a,dpu,15889.5,15999.4
1,606,g_a_cpu,cpu,15999.4,15999.8
1,606,h_a,dpu,15999.8,16057.4
1,606,eb_enc,cpu,16057.4,16057.6
1,606,eb_dec,cpu,16057.6,16057.7
1,606,h_s,dpu,16057.7,16163.3
1,606,gc,cpu,16163.3,16174.2
1,621,normalize,cpu,16174.7,16178.4
1,621,g_a_cpu,cpu,16178.4,16178.6
1,621,g_a,dpu,16178.6,16308.2
1,621,g_a,dpu,16308.2,16383.8
1,621,g_a_cpu,cpu,16383.8,16384.2
1,621,h_a,dpu,16384.2,16482.6
1,621,eb_enc,cpu,16482.6,16482.7
1,621,eb_dec,cpu,16482.7,16482.9
1,621,h_s,dpu,16482.9,16622.1
1,621,gc,cpu,16622.1,16632.2
1,637,normalize,cpu,16633,16638.3
1,637,g_a_cpu,cpu,16638.3,16639.3
1,637,g_a,dpu,16639.3,16712.2
1,637,g_a,dpu,16712.2,16823.3
1,637,g_a_cpu,cpu,16823.3,16823.7
1,637,h_a,dpu,16823.7,16998.4
1,637,eb_enc,cpu,16998.4,16998.5
1,637,eb_dec,cpu,16998.5,16998.6
1,637,h_s,dpu,16998.6,17105
1,637,gc,cpu,17105,17116.1
1,658,normalize,cpu,17116.6,17120.3
1,658,g_a_cpu,cpu,17120.3,17120.8
1,658,g_a,dpu,17120.8,17190.5
1,658,g_a,dpu,17190.6,17300.3
1,658,g_a_cpu,cpu,17300.3,17300.6
1,658,h_a,dpu,17300.7,17386.9
1,658,eb_enc,cpu,17386.9,17387.1
1,658,eb_dec,cpu,17387.1,17387.2
1,658,h_s,dpu,17387.2,17484
1,658,gc,cpu,17484,17494
1,671,normalize,cpu,17494.8,17498.5
1,671,g_a_cpu,cpu,17498.5,17498.9
1,671,g_a,dpu,17498.9,17570
1,671,g_a,dpu,17570,17679.4
1,671,g_a_cpu,cpu,17679.4,17679.8
1,671,h_a,dpu,17679.8,17740.2
1,671,eb_enc,cpu,17740.2,17740.3
1,671,eb_dec,cpu,17740.3,17740.4
1,671,h_s,dpu,17740.4,17864.4
1,671,gc,cpu,17864.4,17874.6
1,684,normalize,cpu,17875.2,17878.9
1,684,g_a_cpu,cpu,17878.9,17879.4
1,684,g_a,dpu,17879.4,17916.4
1,684,g_a,dpu,17916.4,17991
1,684,g_a_cpu,cpu,17991,17991.5
1,684,h_a,dpu,17991.5,18119.7
1,684,eb_enc,cpu,18119.7,18119.8
1,684,eb_dec,cpu,18119.8,18120
1,684,h_s,dpu,18120,18202.6
1,684,gc,cpu,18202.6,18212.9
1,698,normalize,cpu,18213.5,18217.2
1,698,g_a_cpu,cpu,18217.2,18217.5
1,698,g_a,dpu,18217.6,18299.4
1,698,g_a,dpu,18299.4,18375.2
1,698,g_a_cpu,cpu,18375.2,18375.6
1,698,h_a,dpu,18375.6,18481.7
1,698,eb_enc,cpu,18481.7,18481.8
1,698,eb_dec,cpu,18481.8,18482
1,698,h_s,dpu,18482,18613.1
1,698,gc,cpu,18613.1,18623
1,714,normalize,cpu,18623.5,18627.1
1,714,g_a_cpu,cpu,18627.1,18627.4
1,714,g_a,dpu,18627.4,18676.5
1,714,g_a,dpu,18676.5,18713
1,714,g_a_cpu,cpu,18713,18713.4
1,714,h_a,dpu,18713.4,18799.7
1,714,eb_enc,cpu,18799.7,18799.8
1,714,eb_dec,cpu,18799.8,18799.9
1,714,h_s,dpu,18799.9,18911.6
1,714,gc,cpu,18911.6,18921.4
1,726,normalize,cpu,18921.9,18925.6
1,726,g_a_cpu,cpu,18925.6,18925.9
1,726,g_a,dpu,18925.9,19009.7
1,726,g_a,dpu,19009.7,19084
1,726,g_a_cpu,cpu,19084,19084.4
1,726,h_a,dpu,19084.4,19154.9
1,726,eb_enc,cpu,19154.9,19155
1,726,eb_dec,cpu,19155,19155.2
1,726,h_s,dpu,19155.2,19253.3
1,726,gc,cpu,19253.3,19263.3
1,739,normalize,cpu,19263.8,19267.4
1,739,g_a_cpu,cpu,19267.4,19267.8
1,739,g_a,dpu,19267.8,19386.4
1,739,g_a,dpu,19386.4,19422.8
1,739,g_a_cpu,cpu,19422.8,19423.1
1,739,h_a,dpu,19423.1,19507.8
1,739,eb_enc,cpu,19507.8,19507.9
1,739,eb_dec,cpu,19507.9,19508
1,739,h_s,dpu,19508,19602.1
1,739,gc,cpu,19602.1,19612.6
1,755,normalize,cpu,19613.4,19617.8
1,755,g_a_cpu,cpu,19617.8,19618.2
1,755,g_a,dpu,19618.2,19727.5
1,755,g_a,dpu,19727.5,19764
1,755,g_a_cpu,cpu,19764,19764.4
1,755,h_a,dpu,19764.4,19856.4
1,755,eb_enc,cpu,19856.4,19856.5
1,755,eb_dec,cpu,19856.6,19856.7
1,755,h_s,dpu,19856.7,20021.9
1,755,gc,cpu,20021.9,20032.3
1,769,normalize,cpu,20032.9,20036.5
1,769,g_a_cpu,cpu,20036.5,20036.9
1,769,g_a,dpu,20036.9,20073.4
1,769,g_a,dpu,20073.4,20110
1,769,g_a_cpu,cpu,20110,20110.4
1,769,h_a,dpu,20110.4,20236.3
1,769,eb_enc,cpu,20236.3,20236.5
1,769,eb_dec,cpu,20236.5,20236.6
1,769,h_s,dpu,20236.6,20323.5
1,769,gc,cpu,20323.5,20333.3
1,781,normalize,cpu,20333.9,20337.5
1,781,g_a_cpu,cpu,20337.5,20337.8
1,781,g_a,dpu,20337.8,20449.1
1,781,g_a,dpu,20449.1,20524.3
1,781,g_a_cpu,cpu,20524.3,20524.7
1,781,h_a,dpu,20524.7,20618.9
1,781,eb_enc,cpu,20618.9,20619
1,781,eb_dec,cpu,20619,20619.1
1,781,h_s,dpu,20619.1,20737.8
1,781,gc,cpu,20737.8,20749.3
1,797,normalize,cpu,20750.1,20753.8
1,797,g_a_cpu,cpu,20753.8,20754.1
1,797,g_a,dpu,20754.1,20836.3
1,797,g_a,dpu,20836.3,20948.3
1,797,g_a_cpu,cpu,20948.3,20948.7
1,797,h_a,dpu,20948.7,21047.5
1,797,eb_enc,cpu,21047.5,21047.7
1,797,eb_dec,cpu,21047.7,21047.9
1,797,h_s,dpu,21047.9,21161.4
1,797,gc,cpu,21161.4,21171.2
1,815,normalize,cpu,21171.6,21175.4
1,815,g_a_cpu,cpu,21175.4,21175.9
1,815,g_a,dpu,21175.9,21284.6
1,815,g_a,dpu,21284.6,21322.6
1,815,g_a_cpu,cpu,21322.6,21323.3
1,815,h_a,dpu,21323.3,21404.8
1,815,eb_enc,cpu,21404.8,21404.9
1,815,eb_dec,cpu,21404.9,21405
1,815,h_s,dpu,21405,21570.9
1,815,gc,cpu,21570.9,21580.7
1,830,normalize,cpu,21581.3,21585
1,830,g_a_cpu,cpu,21585,21585.3
1,830,g_a,dpu,21585.3,21692.3
1,830,g_a,dpu,21692.3,21776.2
1,830,g_a_cpu,cpu,21776.2,21776.6
1,830,h_a,dpu,21776.6,21856.9
1,830,eb_enc,cpu,21856.9,21857.1
1,830,eb_dec,cpu,21857.1,21857.2
1,830,h_s,dpu,21857.2,21991.1
1,830,gc,cpu,21991.1,22002.2
1,845,normalize,cpu,22002.6,22006.3
1,845,g_a_cpu,cpu,22006.3,22006.6
1,845,g_a,dpu,22006.6,22074.9
1,845,g_a,dpu,22074.9,22111.8
1,845,g_a_cpu,cpu,22111.8,22112.3
1,845,h_a,dpu,22112.3,22171.5
1,845,eb_enc,cpu,22171.5,22171.6
1,845,eb_dec,cpu,22171.6,22171.8
1,845,h_s,dpu,22171.8,22330.1
1,845,gc,cpu,22330.1,22339.8
1,859,normalize,cpu,22340.3,22343.9
1,859,g_a_cpu,cpu,22343.9,22344.2
1,859,g_a,dpu,22344.2,22444.3
1,859,g_a,dpu,22444.3,22528.3
1,859,g_a_cpu,cpu,22528.3,22528.7
1,859,h_a,dpu,22528.7,22592
1,859,eb_enc,cpu,22592,22592.2
1,859,eb_dec,cpu,22592.2,22592.3
1,859,h_s,dpu,22592.3,22742.5
1,859,gc,cpu,22742.5,22752.8
1,875,normalize,cpu,22753.4,22760.4
1,875,g_a_cpu,cpu,22760.4,22760.8
1,875,g_a,dpu,22760.8,22829.2
1,875,g_a,dpu,22829.2,22904.3
1,875,g_a_cpu,cpu,22904.3,22904.6
1,875,h_a,dpu,22904.6,22993.6
1,875,eb_enc,cpu,22993.6,22993.7
1,875,eb_dec,cpu,22993.7,22993.9
1,875,h_s,dpu,22993.9,23120.4
1,875,gc,cpu,23120.4,23130.6
1,888,normalize,cpu,23131.1,23134.8
1,888,g_a_cpu,cpu,23134.8,23135.2
1,888,g_a,dpu,23135.2,23208.1
1,888,g_a,dpu,23208.1,23292.2
1,888,g_a_cpu,cpu,23292.2,23292.7
1,888,h_a,dpu,23292.7,23344.9
1,888,eb_enc,cpu,23344.9,23345.1
1,888,eb_dec,cpu,23345.1,23345.3
1,888,h_s,dpu,23345.3,23507.2
1,888,gc,cpu,23507.2,23517.3
1,903,normalize,cpu,23517.8,23522.6
1,903,g_a_cpu,cpu,23522.6,23523
1,903,g_a,dpu,23523,23594.3
1,903,g_a,dpu,23594.3,23670.4
1,903,g_a_cpu,cpu,23670.4,23670.9
1,903,h_a,dpu,23670.9,23674.4
1,903,eb_enc,cpu,23674.4,23674.6
1,903,eb_dec,cpu,23674.6,23674.7
1,903,h_s,dpu,23674.7,23804.1
1,903,gc,cpu,23804.1,23813.7
1,917,normalize,cpu,23814.1,23817.8
1,917,g_a_cpu,cpu,23817.8,23818.2
1,917,g_a,dpu,23818.2,23928.5
1,917,g_a,dpu,23928.5,24001.9
1,917,g_a_cpu,cpu,24001.9,24002.3
1,917,h_a,dpu,24002.3,24059.6
1,917,eb_enc,cpu,24059.6,24059.7
1,917,eb_dec,cpu,24059.7,24059.8
1,917,h_s,dpu,24059.8,24144.4
1,917,gc,cpu,24144.4,24154
2,11,normalize,cpu,82.1321,85.8136
2,11,g_a_cpu,cpu,85.9109,86.3461
2,11,g_a,dpu,86.353,124.582
2,11,g_a,dpu,124.593,307.451
2,11,g_a_cpu,cpu,307.453,308.011
2,11,h_a,dpu,308.016,513.772
2,11,eb_enc,cpu,513.773,513.928
2,11,eb_dec,cpu,513.93,514.056
2,11,h_s,dpu,514.057,515.381
2,11,gc,cpu,515.386,541.942
2,24,normalize,cpu,542.751,547.009
2,24,g_a_cpu,cpu,547.014,547.376
2,24,g_a,dpu,547.381,616.167
2,24,g_a,dpu,616.168,798.434
2,24,g_a_cpu,cpu,798.435,798.775
2,24,h_a,dpu,798.776,976.518
2,24,eb_enc,cpu,976.519,976.645
2,24,eb_dec,cpu,976.647,976.763
2,24,h_s,dpu,976.763,985.281
2,24,gc,cpu,985.283,1001.31
2,40,normalize,cpu,1015.04,1018.78
2,40,g_a_cpu,cpu,1018.79,1019.13
2,40,g_a,dpu,1019.14,1153.86
2,40,g_a,dpu,1153.86,1339.82
2,40,g_a_cpu,cpu,1339.83,1340.45
2,40,h_a,dpu,1340.46,1450.29
2,40,eb_enc,cpu,1450.29,1450.44
2,40,eb_dec,cpu,1450.44,1450.56
2,40,h_s,dpu,1450.56,1472.64
2,40,gc,cpu,1472.64,1483.08
2,61,normalize,cpu,1483.6,1490.53
2,61,g_a_cpu,cpu,1490.53,1490.91
2,61,g_a,dpu,1490.91,1683.68
2,61,g_a,dpu,1683.68,1803.73
2,61,g_a_cpu,cpu,1803.74,1804.31
2,61,h_a,dpu,1804.32,1866.9
2,61,eb_enc,cpu,1866.9,1867.04
2,61,eb_dec,cpu,1867.04,1867.15
2,61,h_s,dpu,1867.15,1911.32
2,61,gc,cpu,1911.33,1921.41
2,74,normalize,cpu,1922.09,1925.77
2,74,g_a_cpu,cpu,1925.77,1926.28
2,74,g_a,dpu,1926.28,2008.26
2,74,g_a,dpu,2008.26,2120.51
2,74,g_a_cpu,cpu,2120.51,2120.88
2,74,h_a,dpu,2120.88,2249.15
2,74,eb_enc,cpu,2249.15,2249.3
2,74,eb_dec,cpu,2249.3,2249.42
2,74,h_s,dpu,2249.42,2290.32
2,74,gc,cpu,2290.32,2300.23
2,86,normalize,cpu,2300.79,2304.46
2,86,g_a_cpu,cpu,2304.46,2304.75
2,86,g_a,dpu,2304.75,2393.09
2,86,g_a,dpu,2393.1,2430
2,86,g_a_cpu,cpu,2430,2430.43
2,86,h_a,dpu,2430.43,2517.89
2,86,eb_enc,cpu,2517.89,2518.03
2,86,eb_dec,cpu,2518.03,2518.14
2,86,h_s,dpu,2518.14,2605.06
2,86,gc,cpu,2605.06,2614.81
2,99,normalize,cpu,2615.34,2618.99
2,99,g_a_cpu,cpu,2619,2619.31
2,99,g_a,dpu,2619.32,2742.56
2,99,g_a,dpu,2742.56,2857.73
2,99,g_a_cpu,cpu,2857.74,2858.13
2,99,h_a,dpu,2858.14,2931.98
2,99,eb_enc,cpu,2931.98,2932.16
2,99,eb_dec,cpu,2932.16,2932.29
2,99,h_s,dpu,2932.29,3020.55
2,99,gc,cpu,3020.55,3030.69
2,114,normalize,cpu,3031.34,3035.11
2,114,g_a_cpu,cpu,3035.11,3035.56
2,114,g_a,dpu,3035.57,3149.22
2,114,g_a,dpu,3149.22,3227.53
2,114,g_a_cpu,cpu,3227.53,3228.01
2,114,h_a,dpu,3228.01,3307.63
2,114,eb_enc,cpu,3307.63,3307.77
2,114,eb_dec,cpu,3307.77,3307.89
2,114,h_s,dpu,3307.89,3402.96
2,114,gc,cpu,3402.97,3412.64
2,130,normalize,cpu,3413.1,3416.81
2,130,g_a_cpu,cpu,3416.82,3417.04
2,130,g_a,dpu,3417.04,3502.94
2,130,g_a,dpu,3502.94,3614.84
2,130,g_a_cpu,cpu,3614.84,3615.22
2,130,h_a,dpu,3615.22,3688.08
2,130,eb_enc,cpu,3688.08,3688.27
2,130,eb_dec,cpu,3688.27,3688.4
2,130,h_s,dpu,3688.4,3709.29
2,130,gc,cpu,3709.3,3719.29
2,145,normalize,cpu,3719.8,3723.44
2,145,g_a_cpu,cpu,3723.44,3723.73
2,145,g_a,dpu,3723.74,3897.38
2,145,g_a,dpu,3897.38,4012.35
2,145,g_a_cpu,cpu,4012.36,4012.87
2,145,h_a,dpu,4012.87,4105.13
2,145,eb_enc,cpu,4105.13,4105.28
2,145,eb_dec,cpu,4105.28,4105.39
2,145,h_s,dpu,4105.39,4156.9
2,145,gc,cpu,4156.9,4166.6
2,162,normalize,cpu,4167.09,4170.77
2,162,g_a_cpu,cpu,4170.78,4171.06
2,162,g_a,dpu,4171.06,4287.59
2,162,g_a,dpu,4287.59,4402.95
2,162,g_a_cpu,cpu,4402.95,4403.42
2,162,h_a,dpu,4403.42,4516.99
2,162,eb_enc,cpu,4516.99,4517.14
2,162,eb_dec,cpu,4517.14,4517.25
2,162,h_s,dpu,4517.25,4533.98
2,162,gc,cpu,4533.98,4543.98
2,176,normalize,cpu,4546.18,4549.88
2,176,g_a_cpu,cpu,4549.88,4550.3
2,176,g_a,dpu,4550.3,4680.97
2,176,g_a,dpu,4680.97,4868.38
2,176,g_a_cpu,cpu,4868.39,4868.77
2,176,h_a,dpu,4868.77,5125.81
2,176,eb_enc,cpu,5125.81,5125.95
2,176,eb_dec,cpu,5125.95,5126.08
2,176,h_s,dpu,5126.08,5214.42
2,176,gc,cpu,5214.42,5224.49
2,198,normalize,cpu,5225.04,5228.71
2,198,g_a_cpu,cpu,5228.72,5229.09
2,198,g_a,dpu,5229.09,5300.68
2,198,g_a,dpu,5300.68,5344.32
2,198,g_a_cpu,cpu,5344.32,5344.69
2,198,h_a,dpu,5344.7,5609.16
2,198,eb_enc,cpu,5609.17,5609.29
2,198,eb_dec,cpu,5609.29,5609.4
2,198,h_s,dpu,5609.4,5675.11
2,198,gc,cpu,5675.12,5685.38
2,217,normalize,cpu,5685.92,5689.63
2,217,g_a_cpu,cpu,5689.64,5690.06
2,217,g_a,dpu,5690.07,5762.37
2,217,g_a,dpu,5762.37,5850.99
2,217,g_a_cpu,cpu,5850.99,5851.36
2,217,h_a,dpu,5851.36,5953.17
2,217,eb_enc,cpu,5953.17,5953.3
2,217,eb_dec,cpu,5953.3,5953.41
2,217,h_s,dpu,5953.41,6067.02
2,217,gc,cpu,6067.02,6076.71
2,230,normalize,cpu,6077.22,6080.87
2,230,g_a_cpu,cpu,6080.87,6081.41
2,230,g_a,dpu,6081.42,6208.87
2,230,g_a,dpu,6208.87,6301.12
2,230,g_a_cpu,cpu,6301.12,6301.66
2,230,h_a,dpu,6301.66,6450.8
2,230,eb_enc,cpu,6450.8,6450.92
2,230,eb_dec,cpu,6450.92,6451.04
2,230,h_s,dpu,6451.04,6526.33
2,230,gc,cpu,6526.33,6536.03
2,249,normalize,cpu,6545.37,6549.03
2,249,g_a_cpu,cpu,6549.03,6549.32
2,249,g_a,dpu,6549.32,6612.64
2,249,g_a,dpu,6612.64,6691.42
2,249,g_a_cpu,cpu,6691.42,6691.81
2,249,h_a,dpu,6691.81,6822.95
2,249,eb_enc,cpu,6822.95,6823.09
2,249,eb_dec,cpu,6823.09,6823.2
2,249,h_s,dpu,6823.2,6838.71
2,249,gc,cpu,6838.71,6848.8
2,262,normalize,cpu,6849.32,6852.98
2,262,g_a_cpu,cpu,6852.98,6853.26
2,262,g_a,dpu,6853.26,6965.29
2,262,g_a,dpu,6965.29,7079.31
2,262,g_a_cpu,cpu,7079.31,7079.69
2,262,h_a,dpu,7079.69,7204.5
2,262,eb_enc,cpu,7204.5,7204.64
2,262,eb_dec,cpu,7204.64,7204.76
2,262,h_s,dpu,7204.76,7255.42
2,262,gc,cpu,7255.42,7265.34
2,277,normalize,cpu,7265.91,7269.58
2,277,g_a_cpu,cpu,7269.58,7269.81
2,277,g_a,dpu,7269.81,7352.88
2,277,g_a,dpu,7352.88,7429.59
2,277,g_a_cpu,cpu,7429.59,7429.99
2,277,h_a,dpu,7429.99,7549.94
2,277,eb_enc,cpu,7549.94,7550.18
2,277,eb_dec,cpu,7550.18,7550.33
2,277,h_s,dpu,7550.33,7637.25
2,277,gc,cpu,7637.25,7647.16
2,293,normalize,cpu,7647.65,7651.31
2,293,g_a_cpu,cpu,7651.31,7651.6
2,293,g_a,dpu,7651.61,7734.76
2,293,g_a,dpu,7734.76,7868.96
2,293,g_a_cpu,cpu,7868.97,7869.44
2,293,h_a,dpu,7869.44,8009.43
2,293,eb_enc,cpu,8009.43,8009.58
2,293,eb_dec,cpu,8009.58,8009.7
2,293,h_s,dpu,8009.7,8086.6
2,293,gc,cpu,8086.6,8096.24
2,308,normalize,cpu,8096.73,8100.37
2,308,g_a_cpu,cpu,8100.38,8100.77
2,308,g_a,dpu,8100.78,8177.7
2,308,g_a,dpu,8177.7,8375.8
2,308,g_a_cpu,cpu,8375.8,8376.19
2,308,h_a,dpu,8376.2,8494.23
2,308,eb_enc,cpu,8494.23,8494.37
2,308,eb_dec,cpu,8494.37,8494.51
2,308,h_s,dpu,8494.51,8547.54
2,308,gc,cpu,8547.54,8561.69
2,328,normalize,cpu,8562.2,8565.85
2,328,g_a_cpu,cpu,8565.85,8566.14
2,328,g_a,dpu,8566.15,8713.88
2,328,g_a,dpu,8713.88,8866.09
2,328,g_a_cpu,cpu,8866.09,8866.54
2,328,h_a,dpu,8866.54,8957.4
2,328,eb_enc,cpu,8957.4,8957.54
2,328,eb_dec,cpu,8957.54,8957.66
2,328,h_s,dpu,8957.66,8985.87
2,328,gc,cpu,8985.87,9002.49
2,345,normalize,cpu,9003.07,9006.75
2,345,g_a_cpu,cpu,9006.75,9007.12
2,345,g_a,dpu,9007.12,9249.73
2,345,g_a,dpu,9249.73,9329.61
2,345,g_a_cpu,cpu,9329.61,9330.04
2,345,h_a,dpu,9330.05,9416.15
2,345,eb_enc,cpu,9416.15,9416.35
2,345,eb_dec,cpu,9416.35,9416.47
2,345,h_s,dpu,9416.47,9474.9
2,345,gc,cpu,9474.9,9484.88
2,364,normalize,cpu,9485.38,9489.02
2,364,g_a_cpu,cpu,9489.03,9489.32
2,364,g_a,dpu,9489.32,9612.55
2,364,g_a,dpu,9612.56,9728.37
2,364,g_a_cpu,cpu,9728.37,9728.72
2,364,h_a,dpu,9728.72,9873.07
2,364,eb_enc,cpu,9873.07,9873.22
2,364,eb_dec,cpu,9873.22,9873.34
2,364,h_s,dpu,9873.34,9926.65
2,364,gc,cpu,9926.65,9936.54
2,381,normalize,cpu,9937.07,9940.74
2,381,g_a_cpu,cpu,9940.74,9941.06
2,381,g_a,dpu,9941.06,10044.5
2,381,g_a,dpu,10044.5,10120.8
2,381,g_a_cpu,cpu,10120.8,10121.2
2,381,h_a,dpu,10121.2,10247.8
2,381,eb_enc,cpu,10247.8,10248
2,381,eb_dec,cpu,10248,10248.1
2,381,h_s,dpu,10248.1,10343
2,381,gc,cpu,10343,10352.8
2,396,normalize,cpu,10353.4,10357.1
2,396,g_a_cpu,cpu,10357.1,10357.4
2,396,g_a,dpu,10357.4,10428.7
2,396,g_a,dpu,10428.7,10465.6
2,396,g_a_cpu,cpu,10465.6,10466
2,396,h_a,dpu,10466,10595.7
2,396,eb_enc,cpu,10595.7,10595.8
2,396,eb_dec,cpu,10595.8,10596
2,396,h_s,dpu,10596,10680.4
2,396,gc,cpu,10680.4,10690
2,411,normalize,cpu,10690.5,10694.2
2,411,g_a_cpu,cpu,10694.2,10694.4
2,411,g_a,dpu,10694.5,10788.8
2,411,g_a,dpu,10788.8,10861.5
2,411,g_a_cpu,cpu,10861.5,10861.9
2,411,h_a,dpu,10861.9,10974
2,411,eb_enc,cpu,10974,10974.2
2,411,eb_dec,cpu,10974.2,10974.3
2,411,h_s,dpu,10974.3,11035.8
2,411,gc,cpu,11035.8,11045.7
2,426,normalize,cpu,11046.1,11049.9
2,426,g_a_cpu,cpu,11049.9,11050.4
2,426,g_a,dpu,11050.4,11189.3
2,426,g_a,dpu,11189.3,11265
2,426,g_a_cpu,cpu,11265,11265.4
2,426,h_a,dpu,11265.4,11355.8
2,426,eb_enc,cpu,11355.8,11356
2,426,eb_dec,cpu,11356,11356.1
2,426,h_s,dpu,11356.1,11374.7
2,426,gc,cpu,11374.7,11384.6
2,438,normalize,cpu,11385.1,11388.8
2,438,g_a_cpu,cpu,11388.8,11389.1
2,438,g_a,dpu,11389.1,11513.2
2,438,g_a,dpu,11513.2,11667.2
2,438,g_a_cpu,cpu,11667.2,11667.5
2,438,h_a,dpu,11667.5,11815.8
2,438,eb_enc,cpu,11815.8,11816.1
2,438,eb_dec,cpu,11816.1,11816.3
2,438,h_s,dpu,11816.3,11817.5
2,438,gc,cpu,11817.5,11827.8
2,455,normalize,cpu,11828.3,11835.3
2,455,g_a_cpu,cpu,11835.3,11835.6
2,455,g_a,dpu,11835.6,11963.8
2,455,g_a,dpu,11963.8,12073.3
2,455,g_a_cpu,cpu,12073.3,12073.7
2,455,h_a,dpu,12073.7,12201.1
2,455,eb_enc,cpu,12201.1,12201.2
2,455,eb_dec,cpu,12201.2,12201.4
2,455,h_s,dpu,12201.4,12203.1
2,455,gc,cpu,12203.1,12214.4
2,467,normalize,cpu,12215.2,12219.6
2,467,g_a_cpu,cpu,12219.6,12220.1
2,467,g_a,dpu,12220.1,12373.9
2,467,g_a,dpu,12373.9,12410.7
2,467,g_a_cpu,cpu,12410.7,12411
2,467,h_a,dpu,12411,12541.1
2,467,eb_enc,cpu,12541.1,12541.2
2,467,eb_dec,cpu,12541.2,12541.4
2,467,h_s,dpu,12541.4,12556
2,467,gc,cpu,12556,12565.8
2,478,normalize,cpu,12566.3,12570
2,478,g_a_cpu,cpu,12570,12570.2
2,478,g_a,dpu,12570.2,12686.3
2,478,g_a,dpu,12686.3,12805.7
2,478,g_a_cpu,cpu,12805.7,12806.1
2,478,h_a,dpu,12806.1,12993
2,478,eb_enc,cpu,12993,12993.1
2,478,eb_dec,cpu,12993.1,12993.2
2,478,h_s,dpu,12993.2,13010.8
2,478,gc,cpu,13010.8,13020.6
2,496,normalize,cpu,13021.1,13024.7
2,496,g_a_cpu,cpu,13024.7,13025
2,496,g_a,dpu,13025,13100.3
2,496,g_a,dpu,13100.3,13137.1
2,496,g_a_cpu,cpu,13137.1,13137.6
2,496,h_a,dpu,13137.6,13264.2
2,496,eb_enc,cpu,13264.2,13264.3
2,496,eb_dec,cpu,13264.3,13264.5
2,496,h_s,dpu,13264.5,13318.9
2,496,gc,cpu,13318.9,13328.8
2,509,normalize,cpu,13329.3,13333
2,509,g_a_cpu,cpu,13333,13333.3
2,509,g_a,dpu,13333.3,13456.9
2,509,g_a,dpu,13456.9,13576.4
2,509,g_a_cpu,cpu,13576.4,13576.9
2,509,h_a,dpu,13576.9,13712.4
2,509,eb_enc,cpu,13712.4,13712.5
2,509,eb_dec,cpu,13712.5,13712.6
2,509,h_s,dpu,13712.6,13797.6
2,509,gc,cpu,13797.6,13807.5
2,525,normalize,cpu,13808,13811.7
2,525,g_a_cpu,cpu,13811.7,13812.3
2,525,g_a,dpu,13812.3,13885.1
2,525,g_a,dpu,13885.1,14017
2,525,g_a_cpu,cpu,14017,14017.5
2,525,h_a,dpu,14017.5,14094.4
2,525,eb_enc,cpu,14094.4,14094.6
2,525,eb_dec,cpu,14094.6,14094.7
2,525,h_s,dpu,14094.7,14177.3
2,525,gc,cpu,14177.3,14187.1
2,542,normalize,cpu,14187.6,14191.2
2,542,g_a_cpu,cpu,14191.2,14191.5
2,542,g_a,dpu,14191.5,14284.4
2,542,g_a,dpu,14284.4,14401.3
2,542,g_a_cpu,cpu,14401.3,14401.9
2,542,h_a,dpu,14401.9,14502.1
2,542,eb_enc,cpu,14502.1,14502.2
2,542,eb_dec,cpu,14502.2,14502.3
2,542,h_s,dpu,14502.3,14599.2
2,542,gc,cpu,14599.2,14609.3
2,558,normalize,cpu,14609.9,14613.6
2,558,g_a_cpu,cpu,14613.6,14613.9
2,558,g_a,dpu,14613.9,14671.7
2,558,g_a,dpu,14671.7,14783.9
2,558,g_a_cpu,cpu,14783.9,14784.4
2,558,h_a,dpu,14784.4,14911.5
2,558,eb_enc,cpu,14911.5,14911.6
2,558,eb_dec,cpu,14911.6,14911.8
2,558,h_s,dpu,14911.8,15018.4
2,558,gc,cpu,15018.4,15028.9
2,573,normalize,cpu,15029.5,15033.1
2,573,g_a_cpu,cpu,15033.1,15033.5
2,573,g_a,dpu,15033.5,15110.6
2,573,g_a,dpu,15110.6,15224.3
2,573,g_a_cpu,cpu,15224.3,15224.6
2,573,h_a,dpu,15224.6,15329.6
2,573,eb_enc,cpu,15329.6,15329.7
2,573,eb_dec,cpu,15329.7,15329.8
2,573,h_s,dpu,15329.8,15398
2,573,gc,cpu,15398,15407.9
2,589,normalize,cpu,15408.5,15412.2
2,589,g_a_cpu,cpu,15412.2,15412.5
2,589,g_a,dpu,15412.5,15472.4
2,589,g_a,dpu,15472.4,15582.4
2,589,g_a_cpu,cpu,15582.4,15582.9
2,589,h_a,dpu,15582.9,15710.7
2,589,eb_enc,cpu,15710.7,15710.9
2,589,eb_dec,cpu,15710.9,15711
2,589,h_s,dpu,15711,15776.2
2,589,gc,cpu,15776.2,15786.2
2,603,normalize,cpu,15787,15790.8
2,603,g_a_cpu,cpu,15790.8,15791.1
2,603,g_a,dpu,15791.1,15865.5
2,603,g_a,dpu,15865.5,15974.8
2,603,g_a_cpu,cpu,15974.8,15975.2
2,603,h_a,dpu,15975.2,16086.5
2,603,eb_enc,cpu,16086.5,16086.6
2,603,eb_dec,cpu,16086.6,16086.7
2,603,h_s,dpu,16086.7,16155.2
2,603,gc,cpu,16155.2,16166.3
2,618,normalize,cpu,16166.9,16170.7
2,618,g_a_cpu,cpu,16170.7,16171.4
2,618,g_a,dpu,16171.4,16208.5
2,618,g_a,dpu,16208.5,16327.3
2,618,g_a_cpu,cpu,16327.3,16327.7
2,618,h_a,dpu,16327.7,16469.8
2,618,eb_enc,cpu,16469.8,16469.9
2,618,eb_dec,cpu,16469.9,16470
2,618,h_s,dpu,16470,16523.8
2,618,gc,cpu,16523.8,16533.6
2,633,normalize,cpu,16534.2,16537.8
2,633,g_a_cpu,cpu,16537.8,16538.1
2,633,g_a,dpu,16538.1,16636.4
2,633,g_a,dpu,16636.4,16686.5
2,633,g_a_cpu,cpu,16686.5,16687.1
2,633,h_a,dpu,16687.1,16880.4
2,633,eb_enc,cpu,16880.4,16880.5
2,633,eb_dec,cpu,16880.6,16880.7
2,633,h_s,dpu,16880.7,16936.4
2,633,gc,cpu,16936.4,16946.3
2,648,normalize,cpu,16946.9,16950.6
2,648,g_a_cpu,cpu,16950.6,16950.8
2,648,g_a,dpu,16950.8,17039.6
2,648,g_a,dpu,17039.6,17117.2
2,648,g_a_cpu,cpu,17117.2,17117.6
2,648,h_a,dpu,17117.6,17259.2
2,648,eb_enc,cpu,17259.2,17259.3
2,648,eb_dec,cpu,17259.3,17259.4
2,648,h_s,dpu,17259.4,17340.1
2,648,gc,cpu,17340.1,17351.1
2,664,normalize,cpu,17351.5,17355.2
2,664,g_a_cpu,cpu,17355.2,17355.5
2,664,g_a,dpu,17355.5,17432.2
2,664,g_a,dpu,17432.3,17506.5
2,664,g_a_cpu,cpu,17506.5,17506.9
2,664,h_a,dpu,17506.9,17634.2
2,664,eb_enc,cpu,17634.2,17634.3
2,664,eb_dec,cpu,17634.4,17634.5
2,664,h_s,dpu,17634.5,17716.3
2,664,gc,cpu,17716.3,17726
2,680,normalize,cpu,17726.5,17730.1
2,680,g_a_cpu,cpu,17730.1,17730.4
2,680,g_a,dpu,17730.4,17815.9
2,680,g_a,dpu,17815.9,17891
2,680,g_a_cpu,cpu,17891,17891.4
2,680,h_a,dpu,17891.4,18049.5
2,680,eb_enc,cpu,18049.5,18049.6
2,680,eb_dec,cpu,18049.6,18049.7
2,680,h_s,dpu,18049.7,18102.8
2,680,gc,cpu,18102.8,18113
2,693,normalize,cpu,18113.5,18117.2
2,693,g_a_cpu,cpu,18117.2,18117.7
2,693,g_a,dpu,18117.7,18208
2,693,g_a,dpu,18208,18245.1
2,693,g_a_cpu,cpu,18245.1,18245.5
2,693,h_a,dpu,18245.5,18352.2
2,693,eb_enc,cpu,18352.2,18352.3
2,693,eb_dec,cpu,18352.3,18352.4
2,693,h_s,dpu,18352.5,18453.1
2,693,gc,cpu,18453.1,18462.7
2,709,normalize,cpu,18463.3,18467.6
2,709,g_a_cpu,cpu,18467.6,18468
2,709,g_a,dpu,18468,18560.8
2,709,g_a,dpu,18560.8,18637.8
2,709,g_a_cpu,cpu,18637.8,18638.2
2,709,h_a,dpu,18638.2,18763.3
2,709,eb_enc,cpu,18763.4,18763.5
2,709,eb_dec,cpu,18763.5,18763.6
2,709,h_s,dpu,18763.6,18790.2
2,709,gc,cpu,18790.2,18800
2,722,normalize,cpu,18801,18804.7
2,722,g_a_cpu,cpu,18804.7,18805.1
2,722,g_a,dpu,18805.1,18919.7
2,722,g_a,dpu,18919.7,18959.1
2,722,g_a_cpu,cpu,18959.1,18959.4
2,722,h_a,dpu,18959.4,19137.2
2,722,eb_enc,cpu,19137.2,19137.3
2,722,eb_dec,cpu,19137.3,19137.4
2,722,h_s,dpu,19137.4,19198
2,722,gc,cpu,19198,19208
2,737,normalize,cpu,19208.5,19212.4
2,737,g_a_cpu,cpu,19212.4,19212.9
2,737,g_a,dpu,19212.9,19316.7
2,737,g_a,dpu,19316.7,19429.4
2,737,g_a_cpu,cpu,19429.4,19429.8
2,737,h_a,dpu,19429.8,19553.9
2,737,eb_enc,cpu,19553.9,19554
2,737,eb_dec,cpu,19554,19554.1
2,737,h_s,dpu,19554.1,19578.8
2,737,gc,cpu,19578.8,19592.3
2,753,normalize,cpu,19593.2,19596.8
2,753,g_a_cpu,cpu,19596.8,19597.4
2,753,g_a,dpu,19597.4,19702.6
2,753,g_a,dpu,19702.7,19817.7
2,753,g_a_cpu,cpu,19817.7,19818.2
2,753,h_a,dpu,19818.2,19983.5
2,753,eb_enc,cpu,19983.5,19983.7
2,753,eb_dec,cpu,19983.7,19983.8
2,753,h_s,dpu,19983.8,19999.2
2,753,gc,cpu,19999.2,20008.8
2,768,normalize,cpu,20009.3,20014
2,768,g_a_cpu,cpu,20014,20014.3
2,768,g_a,dpu,20014.3,20087.3
2,768,g_a,dpu,20087.3,20124.4
2,768,g_a_cpu,cpu,20124.4,20124.8
2,768,h_a,dpu,20124.8,20285.6
2,768,eb_enc,cpu,20285.6,20285.8
2,768,eb_dec,cpu,20285.8,20285.9
2,768,h_s,dpu,20285.9,20372.2
2,768,gc,cpu,20372.2,20382.1
2,783,normalize,cpu,20382.6,20386.3
2,783,g_a_cpu,cpu,20386.3,20386.7
2,783,g_a,dpu,20386.8,20431.1
2,783,g_a,dpu,20431.1,20543
2,783,g_a_cpu,cpu,20543,20543.4
2,783,h_a,dpu,20543.4,20627.2
2,783,eb_enc,cpu,20627.2,20627.4
2,783,eb_dec,cpu,20627.4,20627.5
2,783,h_s,dpu,20627.5,20710.9
2,783,gc,cpu,20710.9,20721.2
2,796,normalize,cpu,20721.7,20725.4
2,796,g_a_cpu,cpu,20725.4,20725.7
2,796,g_a,dpu,20725.7,20813.2
2,796,g_a,dpu,20813.2,20850.1
2,796,g_a_cpu,cpu,20850.1,20850.5
2,796,h_a,dpu,20850.5,20937.5
2,796,eb_enc,cpu,20937.5,20937.6
2,796,eb_dec,cpu,20937.6,20937.8
2,796,h_s,dpu,20937.8,21022.2
2,796,gc,cpu,21022.2,21032.2
2,808,normalize,cpu,21032.7,21036.4
2,808,g_a_cpu,cpu,21036.4,21036.7
2,808,g_a,dpu,21036.7,21128.8
2,808,g_a,dpu,21128.8,21244.8
2,808,g_a_cpu,cpu,21244.8,21245.2
2,808,h_a,dpu,21245.2,21385.6
2,808,eb_enc,cpu,21385.6,21385.8
2,808,eb_dec,cpu,21385.8,21385.9
2,808,h_s,dpu,21385.9,21437.2
2,808,gc,cpu,21437.2,21446.9
2,824,normalize,cpu,21447.4,21451
2,824,g_a_cpu,cpu,21451,21451.3
2,824,g_a,dpu,21451.3,21563
2,824,g_a,dpu,21563,21602.9
2,824,g_a_cpu,cpu,21602.9,21603.3
2,824,h_a,dpu,21603.3,21764.8
2,824,eb_enc,cpu,21764.8,21765
2,824,eb_dec,cpu,21765,21765.1
2,824,h_s,dpu,21765.1,21850.6
2,824,gc,cpu,21850.6,21860.8
2,839,normalize,cpu,21861.2,21864.9
2,839,g_a_cpu,cpu,21864.9,21865.2
2,839,g_a,dpu,21865.2,21972.5
2,839,g_a,dpu,21972.5,22052.9
2,839,g_a_cpu,cpu,22052.9,22053.3
2,839,h_a,dpu,22053.3,22182.2
2,839,eb_enc,cpu,22182.2,22182.3
2,839,eb_dec,cpu,22182.3,22182.4
2,839,h_s,dpu,22182.4,22222.6
2,839,gc,cpu,22222.6,22232.4
2,855,normalize,cpu,22232.9,22236.6
2,855,g_a_cpu,cpu,22236.6,22236.9
2,855,g_a,dpu,22236.9,22321
2,855,g_a,dpu,22321,22357.8
2,855,g_a_cpu,cpu,22357.8,22358.2
2,855,h_a,dpu,22358.2,22478.4
2,855,eb_enc,cpu,22478.4,22478.5
2,855,eb_dec,cpu,22478.5,22478.7
2,855,h_s,dpu,22478.7,22530.2
2,855,gc,cpu,22530.2,22540.1
2,868,normalize,cpu,22540.6,22544.2
2,868,g_a_cpu,cpu,22544.2,22544.7
2,868,g_a,dpu,22544.7,22629.4
2,868,g_a,dpu,22629.4,22712.7
2,868,g_a_cpu,cpu,22712.7,22713
2,868,h_a,dpu,22713,22854.4
2,868,eb_enc,cpu,22854.4,22854.5
2,868,eb_dec,cpu,22854.5,22854.6
2,868,h_s,dpu,22854.6,22906.6
2,868,gc,cpu,22906.6,22916.3
2,883,normalize,cpu,22916.7,22920.5
2,883,g_a_cpu,cpu,22920.5,22921
2,883,g_a,dpu,22921,23032.9
2,883,g_a,dpu,23032.9,23146
2,883,g_a_cpu,cpu,23146,23146.4
2,883,h_a,dpu,23146.4,23239.2
2,883,eb_enc,cpu,23239.2,23239.3
2,883,eb_dec,cpu,23239.3,23239.4
2,883,h_s,dpu,23239.4,23293.2
2,883,gc,cpu,23293.2,23302.9
2,898,normalize,cpu,23303.3,23308.1
2,898,g_a_cpu,cpu,23308.1,23308.4
2,898,g_a,dpu,23308.4,23381.3
2,898,g_a,dpu,23381.3,23456.4
2,898,g_a_cpu,cpu,23456.4,23456.8
2,898,h_a,dpu,23456.8,23582.8
2,898,eb_enc,cpu,23582.8,23582.9
2,898,eb_dec,cpu,23582.9,23583
2,898,h_s,dpu,23583,23634.3
2,898,gc,cpu,23634.3,23644.4
2,910,normalize,cpu,23644.9,23648.5
2,910,g_a_cpu,cpu,23648.5,23648.8
2,910,g_a,dpu,23648.8,23711
2,910,g_a,dpu,23711,23823.2
2,910,g_a_cpu,cpu,23823.2,23823.6
2,910,h_a,dpu,23823.6,23951.2
2,910,eb_enc,cpu,23951.2,23951.3
2,910,eb_dec,cpu,23951.3,23951.4
2,910,h_s,dpu,23951.4,24004.7
2,910,gc,cpu,24004.7,24014.7
2,923,normalize,cpu,24015.1,24018.8
2,923,g_a_cpu,cpu,24018.8,24019.2
2,923,g_a,dpu,24019.2,24056.4
2,923,g_a,dpu,24056.4,24171.2
2,923,g_a_cpu,cpu,24171.2,24171.6
2,923,h_a,dpu,24171.6,24261.5
2,923,eb_enc,cpu,24261.5,24261.6
2,923,eb_dec,cpu,24261.6,24261.8
2,923,h_s,dpu,24261.8,24265.7
2,923,gc,cpu,24265.7,24276.7
3,8,normalize,cpu,76.7382,80.3977
3,8,g_a_cpu,cpu,80.5288,80.856
3,8,g_a,dpu,80.863,144.814
3,8,g_a,dpu,144.82,361.088
3,8,g_a_cpu,cpu,361.09,361.55
3,8,h_a,dpu,361.556,458.148
3,8,eb_enc,cpu,458.149,458.297
3,8,eb_dec,cpu,458.298,458.421
3,8,h_s,dpu,458.421,467.667
3,8,gc,cpu,467.671,481.274
3,18,normalize,cpu,481.743,485.479
3,18,g_a_cpu,cpu,485.484,485.889
3,18,g_a,dpu,485.893,650.63
3,18,g_a,dpu,650.632,866.216
3,18,g_a_cpu,cpu,866.218,866.672
3,18,h_a,dpu,866.675,917.694
3,18,eb_enc,cpu,917.694,917.838
3,18,eb_dec,cpu,917.839,917.956
3,18,h_s,dpu,917.956,925.257
3,18,gc,cpu,925.257,935.136
3,34,normalize,cpu,935.748,939.447
3,34,g_a_cpu,cpu,939.453,939.93
3,34,g_a,dpu,939.934,1116.69
3,34,g_a,dpu,1116.69,1153.03
3,34,g_a_cpu,cpu,1153.03,1153.45
3,34,h_a,dpu,1153.45,1265.38
3,34,eb_enc,cpu,1265.38,1265.55
3,34,eb_dec,cpu,1265.55,1265.67
3,34,h_s,dpu,1265.67,1379.63
3,34,gc,cpu,1379.63,1389.68
3,48,normalize,cpu,1390.34,1394.01
3,48,g_a_cpu,cpu,1394.01,1394.4
3,48,g_a,dpu,1394.4,1493.96
3,48,g_a,dpu,1493.96,1674.04
3,48,g_a_cpu,cpu,1674.04,1674.4
3,48,h_a,dpu,1674.4,1765.48
3,48,eb_enc,cpu,1765.48,1765.62
3,48,eb_dec,cpu,1765.62,1765.73
3,48,h_s,dpu,1765.73,1810.34
3,48,gc,cpu,1810.34,1820.33
3,66,normalize,cpu,1822.38,1826.03
3,66,g_a_cpu,cpu,1826.04,1826.37
3,66,g_a,dpu,1826.37,2124.95
3,66,g_a,dpu,2124.95,2287.88
3,66,g_a_cpu,cpu,2287.88,2288.39
3,66,h_a,dpu,2288.39,2363.57
3,66,eb_enc,cpu,2363.57,2363.72
3,66,eb_dec,cpu,2363.72,2363.83
3,66,h_s,dpu,2363.83,2434.02
3,66,gc,cpu,2434.03,2445.38
3,91,normalize,cpu,2445.94,2449.59
3,91,g_a_cpu,cpu,2449.6,2449.92
3,91,g_a,dpu,2449.93,2560.25
3,91,g_a,dpu,2560.25,2673.33
3,91,g_a_cpu,cpu,2673.33,2673.8
3,91,h_a,dpu,2673.81,2751.69
3,91,eb_enc,cpu,2751.69,2751.83
3,91,eb_dec,cpu,2751.83,2751.94
3,91,h_s,dpu,2751.94,2859.14
3,91,gc,cpu,2859.14,2869.27
3,108,normalize,cpu,2870.11,2873.98
3,108,g_a_cpu,cpu,2873.99,2874.36
3,108,g_a,dpu,2874.36,2968.64
3,108,g_a,dpu,2968.64,3115.04
3,108,g_a_cpu,cpu,3115.04,3115.38
3,108,h_a,dpu,3115.38,3174.61
3,108,eb_enc,cpu,3174.62,3174.74
3,108,eb_dec,cpu,3174.74,3174.87
3,108,h_s,dpu,3174.87,3232.47
3,108,gc,cpu,3232.47,3242.56
3,123,normalize,cpu,3243.06,3246.72
3,123,g_a_cpu,cpu,3246.73,3246.99
3,123,g_a,dpu,3246.99,3384.46
3,123,g_a,dpu,3384.46,3530.11
3,123,g_a_cpu,cpu,3530.11,3530.46
3,123,h_a,dpu,3530.46,3553.37
3,123,eb_enc,cpu,3553.37,3553.49
3,123,eb_dec,cpu,3553.49,3553.6
3,123,h_s,dpu,3553.6,3623.06
3,123,gc,cpu,3623.06,3633.41
3,139,normalize,cpu,3633.98,3637.63
3,139,g_a_cpu,cpu,3637.64,3637.94
3,139,g_a,dpu,3637.94,3800.88
3,139,g_a,dpu,3800.88,3837.19
3,139,g_a_cpu,cpu,3837.19,3837.62
3,139,h_a,dpu,3837.62,3927.95
3,139,eb_enc,cpu,3927.96,3928.09
3,139,eb_dec,cpu,3928.09,3928.22
3,139,h_s,dpu,3928.22,4017.15
3,139,gc,cpu,4017.15,4028.4
3,152,normalize,cpu,4029.09,4032.79
3,152,g_a_cpu,cpu,4032.79,4033.21
3,152,g_a,dpu,4033.21,4142.61
3,152,g_a,dpu,4142.61,4292.16
3,152,g_a_cpu,cpu,4292.16,4292.59
3,152,h_a,dpu,4292.59,4344.28
3,152,eb_enc,cpu,4344.28,4344.42
3,152,eb_dec,cpu,4344.43,4344.54
3,152,h_s,dpu,4344.54,4445.3
3,152,gc,cpu,4445.3,4455.62
3,170,normalize,cpu,4456.29,4459.9
3,170,g_a_cpu,cpu,4459.91,4460.33
3,170,g_a,dpu,4460.33,4634.82
3,170,g_a,dpu,4634.82,4825.84
3,170,g_a_cpu,cpu,4825.84,4826.17
3,170,h_a,dpu,4826.17,4880.26
3,170,eb_enc,cpu,4880.26,4880.41
3,170,eb_dec,cpu,4880.41,4880.53
3,170,h_s,dpu,4880.53,4953.2
3,170,gc,cpu,4953.2,4963.29
3,187,normalize,cpu,4963.89,4967.57
3,187,g_a_cpu,cpu,4967.57,4967.98
3,187,g_a,dpu,4967.99,5087.86
3,187,g_a,dpu,5087.87,5306.77
3,187,g_a_cpu,cpu,5306.78,5307.14
3,187,h_a,dpu,5307.15,5338.43
3,187,eb_enc,cpu,5338.43,5338.57
3,187,eb_dec,cpu,5338.57,5338.69
3,187,h_s,dpu,5338.69,5350.98
3,187,gc,cpu,5350.98,5360.94
3,206,normalize,cpu,5361.5,5365.14
3,206,g_a_cpu,cpu,5365.15,5365.43
3,206,g_a,dpu,5365.43,5570.47
3,206,g_a,dpu,5570.48,5606.78
3,206,g_a_cpu,cpu,5606.78,5607.15
3,206,h_a,dpu,5607.15,5673.22
3,206,eb_enc,cpu,5673.23,5673.38
3,206,eb_dec,cpu,5673.38,5673.5
3,206,h_s,dpu,5673.51,5677.55
3,206,gc,cpu,5677.56,5687.71
3,218,normalize,cpu,5688.24,5691.9
3,218,g_a_cpu,cpu,5691.91,5692.23
3,218,g_a,dpu,5692.23,5915.38
3,218,g_a,dpu,5915.38,6061.77
3,218,g_a_cpu,cpu,6061.77,6062.25
3,218,h_a,dpu,6062.25,6104.17
3,218,eb_enc,cpu,6104.17,6104.32
3,218,eb_dec,cpu,6104.32,6104.46
3,218,h_s,dpu,6104.46,6210.32
3,218,gc,cpu,6210.32,6220.38
3,237,normalize,cpu,6220.97,6224.68
3,237,g_a_cpu,cpu,6224.69,6225.87
3,237,g_a,dpu,6225.87,6334.8
3,237,g_a,dpu,6334.81,6487.11
3,237,g_a_cpu,cpu,6487.11,6487.59
3,237,h_a,dpu,6487.59,6565.81
3,237,eb_enc,cpu,6565.81,6565.97
3,237,eb_dec,cpu,6565.97,6566.09
3,237,h_s,dpu,6566.09,6615.71
3,237,gc,cpu,6615.71,6625.61
3,254,normalize,cpu,6626.25,6629.9
3,254,g_a_cpu,cpu,6629.9,6630.18
3,254,g_a,dpu,6630.18,6784.87
3,254,g_a,dpu,6784.87,6933.73
3,254,g_a_cpu,cpu,6933.74,6934.1
3,254,h_a,dpu,6934.1,6989.98
3,254,eb_enc,cpu,6989.98,6990.12
3,254,eb_dec,cpu,6990.12,6990.24
3,254,h_s,dpu,6990.24,7083.29
3,254,gc,cpu,7083.29,7093.14
3,271,normalize,cpu,7094.45,7098.09
3,271,g_a_cpu,cpu,7098.1,7098.42
3,271,g_a,dpu,7098.42,7280.31
3,271,g_a,dpu,7280.31,7400.65
3,271,g_a_cpu,cpu,7400.65,7401.1
3,271,h_a,dpu,7401.1,7483.16
3,271,eb_enc,cpu,7483.16,7483.3
3,271,eb_dec,cpu,7483.3,7483.43
3,271,h_s,dpu,7483.43,7544.15
3,271,gc,cpu,7544.16,7554.2
3,290,normalize,cpu,7554.72,7558.38
3,290,g_a_cpu,cpu,7558.38,7559.59
3,290,g_a,dpu,7559.6,7769.87
3,290,g_a,dpu,7769.87,7861.12
3,290,g_a_cpu,cpu,7861.12,7861.46
3,290,h_a,dpu,7861.46,7974
3,290,eb_enc,cpu,7974,7974.13
3,290,eb_dec,cpu,7974.13,7974.24
3,290,h_s,dpu,7974.24,8025.26
3,290,gc,cpu,8025.26,8035.1
3,307,normalize,cpu,8035.68,8039.36
3,307,g_a_cpu,cpu,8039.36,8039.65
3,307,g_a,dpu,8039.65,8194.19
3,307,g_a,dpu,8194.2,8308.82
3,307,g_a_cpu,cpu,8308.82,8309.17
3,307,h_a,dpu,8309.17,8433.19
3,307,eb_enc,cpu,8433.2,8433.32
3,307,eb_dec,cpu,8433.32,8433.43
3,307,h_s,dpu,8433.43,8492.25
3,307,gc,cpu,8492.25,8502.03
3,323,normalize,cpu,8502.57,8506.35
3,323,g_a_cpu,cpu,8506.36,8506.71
3,323,g_a,dpu,8506.71,8645.14
3,323,g_a,dpu,8645.14,8808.22
3,323,g_a_cpu,cpu,8808.23,8808.56
3,323,h_a,dpu,8808.56,8966.64
3,323,eb_enc,cpu,8966.64,8966.77
3,323,eb_dec,cpu,8966.77,8966.88
3,323,h_s,dpu,8966.88,8968.3
3,323,gc,cpu,8968.3,8978.59
3,341,normalize,cpu,8979.09,8982.77
3,341,g_a_cpu,cpu,8982.77,8983.26
3,341,g_a,dpu,8983.26,9112.13
3,341,g_a,dpu,9112.13,9256.68
3,341,g_a_cpu,cpu,9256.68,9257.04
3,341,h_a,dpu,9257.04,9324.26
3,341,eb_enc,cpu,9324.26,9324.39
3,341,eb_dec,cpu,9324.39,9324.5
3,341,h_s,dpu,9324.5,9389.63
3,341,gc,cpu,9389.63,9400.52
3,361,normalize,cpu,9401.04,9404.7
3,361,g_a_cpu,cpu,9404.7,9404.99
3,361,g_a,dpu,9404.99,9604.01
3,361,g_a,dpu,9604.01,9759.58
3,361,g_a_cpu,cpu,9759.58,9760.02
3,361,h_a,dpu,9760.02,9775.63
3,361,eb_enc,cpu,9775.64,9775.76
3,361,eb_dec,cpu,9775.76,9775.87
3,361,h_s,dpu,9775.87,9856.33
3,361,gc,cpu,9856.33,9865.94
3,378,normalize,cpu,9866.39,9870.12
3,378,g_a_cpu,cpu,9870.13,9870.43
3,378,g_a,dpu,9870.43,10056.8
3,378,g_a,dpu,10056.8,10210.1
3,378,g_a_cpu,cpu,10210.1,10210.5
3,378,h_a,dpu,10210.6,10270.1
3,378,eb_enc,cpu,10270.1,10270.3
3,378,eb_dec,cpu,10270.3,10270.4
3,378,h_s,dpu,10270.4,10352.9
3,378,gc,cpu,10352.9,10362.9
3,397,normalize,cpu,10363.5,10367.2
3,397,g_a_cpu,cpu,10367.2,10367.5
3,397,g_a,dpu,10367.5,10557.3
3,397,g_a,dpu,10557.3,10744.4
3,397,g_a_cpu,cpu,10744.4,10745
3,397,h_a,dpu,10745,10829.3
3,397,eb_enc,cpu,10829.3,10829.5
3,397,eb_dec,cpu,10829.5,10829.6
3,397,h_s,dpu,10829.6,10864.8
3,397,gc,cpu,10864.8,10874.8
3,414,normalize,cpu,10875.3,10879
3,414,g_a_cpu,cpu,10879,10879.3
3,414,g_a,dpu,10879.3,11012.1
3,414,g_a,dpu,11012.1,11352.4
3,414,g_a_cpu,cpu,11352.4,11352.8
3,414,h_a,dpu,11352.8,11372.6
3,414,eb_enc,cpu,11372.6,11372.7
3,414,eb_dec,cpu,11372.7,11372.8
3,414,h_s,dpu,11372.8,11431.5
3,414,gc,cpu,11431.5,11441.6
3,442,normalize,cpu,11442.1,11445.7
3,442,g_a_cpu,cpu,11445.7,11446
3,442,g_a,dpu,11446,11623.8
3,442,g_a,dpu,11623.8,11974.9
3,442,g_a_cpu,cpu,11974.9,11975.2
3,442,h_a,dpu,11975.2,12151.3
3,442,eb_enc,cpu,12151.3,12151.4
3,442,eb_dec,cpu,12151.4,12151.5
3,442,h_s,dpu,12151.5,12157.3
3,442,gc,cpu,12157.3,12167.5
3,462,normalize,cpu,12168.2,12171.8
3,462,g_a_cpu,cpu,12171.8,12172.3
3,462,g_a,dpu,12172.3,12284.3
3,462,g_a,dpu,12284.3,12502
3,462,g_a_cpu,cpu,12502,12502.4
3,462,h_a,dpu,12502.4,12512.3
3,462,eb_enc,cpu,12512.3,12512.4
3,462,eb_dec,cpu,12512.4,12512.5
3,462,h_s,dpu,12512.5,12607.3
3,462,gc,cpu,12607.3,12619.9
3,480,normalize,cpu,12620.5,12624.2
3,480,g_a_cpu,cpu,12624.2,12624.6
3,480,g_a,dpu,12624.6,12736.9
3,480,g_a,dpu,12736.9,12955.7
3,480,g_a_cpu,cpu,12955.7,12956.2
3,480,h_a,dpu,12956.2,13008.4
3,480,eb_enc,cpu,13008.4,13008.6
3,480,eb_dec,cpu,13008.6,13008.7
3,480,h_s,dpu,13008.8,13056.4
3,480,gc,cpu,13056.4,13066.6
3,499,normalize,cpu,13067.1,13075.2
3,499,g_a_cpu,cpu,13075.2,13075.7
3,499,g_a,dpu,13075.7,13112.3
3,499,g_a,dpu,13112.3,13262.2
3,499,g_a_cpu,cpu,13262.2,13262.7
3,499,h_a,dpu,13262.7,13317.6
3,499,eb_enc,cpu,13317.6,13317.8
3,499,eb_dec,cpu,13317.8,13317.9
3,499,h_s,dpu,13317.9,13416.9
3,499,gc,cpu,13416.9,13426.6
3,511,normalize,cpu,13427.1,13430.8
3,511,g_a_cpu,cpu,13430.8,13431.1
3,511,g_a,dpu,13431.1,13527.4
3,511,g_a,dpu,13527.4,13711.4
3,511,g_a_cpu,cpu,13711.4,13711.9
3,511,h_a,dpu,13711.9,13835.9
3,511,eb_enc,cpu,13836,13836.1
3,511,eb_dec,cpu,13836.1,13836.2
3,511,h_s,dpu,13836.2,13897.4
3,511,gc,cpu,13897.4,13907.2
3,532,normalize,cpu,13907.8,13911.4
3,532,g_a_cpu,cpu,13911.4,13911.9
3,532,g_a,dpu,13911.9,14057.4
3,532,g_a,dpu,14057.4,14168.6
3,532,g_a_cpu,cpu,14168.6,14169.1
3,532,h_a,dpu,14169.1,14258.3
3,532,eb_enc,cpu,14258.3,14258.4
3,532,eb_dec,cpu,14258.4,14258.6
3,532,h_s,dpu,14258.6,14327.6
3,532,gc,cpu,14327.6,14337.4
3,547,normalize,cpu,14337.9,14341.5
3,547,g_a_cpu,cpu,14341.5,14341.8
3,547,g_a,dpu,14341.8,14501.3
3,547,g_a,dpu,14501.3,14616.2
3,547,g_a_cpu,cpu,14616.2,14616.6
3,547,h_a,dpu,14616.6,14677.3
3,547,eb_enc,cpu,14677.3,14677.5
3,547,eb_dec,cpu,14677.6,14677.7
3,547,h_s,dpu,14677.7,14785
3,547,gc,cpu,14785,14795
3,565,normalize,cpu,14795.6,14799.3
3,565,g_a_cpu,cpu,14799.3,14799.6
3,565,g_a,dpu,14799.6,14947.5
3,565,g_a,dpu,14947.5,15068.2
3,565,g_a_cpu,cpu,15068.2,15068.7
3,565,h_a,dpu,15068.7,15137.6
3,565,eb_enc,cpu,15137.6,15137.8
3,565,eb_dec,cpu,15137.8,15137.9
3,565,h_s,dpu,15137.9,15228.2
3,565,gc,cpu,15228.2,15238.1
3,583,normalize,cpu,15238.6,15242.3
3,583,g_a_cpu,cpu,15242.3,15242.7
3,583,g_a,dpu,15242.7,15366.7
3,583,g_a,dpu,15366.7,15556.4
3,583,g_a_cpu,cpu,15556.4,15556.8
3,583,h_a,dpu,15556.8,15626.2
3,583,eb_enc,cpu,15626.2,15626.3
3,583,eb_dec,cpu,15626.3,15626.4
3,583,h_s,dpu,15626.4,15665.5
3,583,gc,cpu,15665.5,15675.3
3,600,normalize,cpu,15675.7,15679.4
3,600,g_a_cpu,cpu,15679.4,15679.7
3,600,g_a,dpu,15679.7,15864.7
3,600,g_a,dpu,15864.7,16049
3,600,g_a_cpu,cpu,16049,16049.5
3,600,h_a,dpu,16049.5,16116.4
3,600,eb_enc,cpu,16116.4,16116.6
3,600,eb_dec,cpu,16116.6,16116.7
3,600,h_s,dpu,16116.7,16209.8
3,600,gc,cpu,16209.9,16219.7
3,622,normalize,cpu,16220.3,16224
3,622,g_a_cpu,cpu,16224,16224.3
3,622,g_a,dpu,16224.3,16353.9
3,622,g_a,dpu,16353.9,16506.4
3,622,g_a_cpu,cpu,16506.4,16506.8
3,622,h_a,dpu,16506.8,16560.9
3,622,eb_enc,cpu,16560.9,16561
3,622,eb_dec,cpu,16561,16561.1
3,622,h_s,dpu,16561.1,16639.1
3,622,gc,cpu,16639.2,16650
3,638,normalize,cpu,16650.9,16654.5
3,638,g_a_cpu,cpu,16654.5,16655
3,638,g_a,dpu,16655.1,16806.7
3,638,g_a,dpu,16806.7,16843
3,638,g_a_cpu,cpu,16843,16843.5
3,638,h_a,dpu,16843.5,16898
3,638,eb_enc,cpu,16898,16898.1
3,638,eb_dec,cpu,16898.1,16898.2
3,638,h_s,dpu,16898.2,16993.1
3,638,gc,cpu,16993.1,17003.1
3,651,normalize,cpu,17003.8,17007.4
3,651,g_a_cpu,cpu,17007.4,17007.8
3,651,g_a,dpu,17007.8,17149
3,651,g_a,dpu,17149,17295.8
3,651,g_a_cpu,cpu,17295.8,17296.1
3,651,h_a,dpu,17296.1,17377.2
3,651,eb_enc,cpu,17377.2,17377.3
3,651,eb_dec,cpu,17377.3,17377.4
3,651,h_s,dpu,17377.4,17433.3
3,651,gc,cpu,17433.3,17442.9
3,668,normalize,cpu,17443.4,17447.3
3,668,g_a_cpu,cpu,17447.3,17447.7
3,668,g_a,dpu,17447.7,17633.1
3,668,g_a,dpu,17633.1,17785
3,668,g_a_cpu,cpu,17785,17785.3
3,668,h_a,dpu,17785.3,17830.4
3,668,eb_enc,cpu,17830.4,17830.5
3,668,eb_dec,cpu,17830.5,17830.6
3,668,h_s,dpu,17830.6,17895.2
3,668,gc,cpu,17895.2,17905.5
3,688,normalize,cpu,17906,17909.7
3,688,g_a_cpu,cpu,17909.7,17910
3,688,g_a,dpu,17910,18088.2
3,688,g_a,dpu,18088.2,18200.2
3,688,g_a_cpu,cpu,18200.2,18200.6
3,688,h_a,dpu,18200.6,18262.2
3,688,eb_enc,cpu,18262.2,18262.3
3,688,eb_dec,cpu,18262.3,18262.5
3,688,h_s,dpu,18262.5,18332
3,688,gc,cpu,18332,18342.4
3,705,normalize,cpu,18342.9,18346.6
3,705,g_a_cpu,cpu,18346.6,18346.8
3,705,g_a,dpu,18346.8,18500.2
3,705,g_a,dpu,18500.2,18688
3,705,g_a_cpu,cpu,18688,18688.5
3,705,h_a,dpu,18688.5,18715
3,705,eb_enc,cpu,18715,18715.1
3,705,eb_dec,cpu,18715.1,18715.2
3,705,h_s,dpu,18715.2,18801.7
3,705,gc,cpu,18801.7,18811.4
3,723,normalize,cpu,18811.9,18815.6
3,723,g_a_cpu,cpu,18815.6,18815.9
3,723,g_a,dpu,18815.9,18947.5
3,723,g_a,dpu,18947.5,19136.1
3,723,g_a_cpu,cpu,19136.1,19136.6
3,723,h_a,dpu,19136.6,19197.1
3,723,eb_enc,cpu,19197.1,19197.2
3,723,eb_dec,cpu,19197.2,19197.4
3,723,h_s,dpu,19197.4,19277.8
3,723,gc,cpu,19277.8,19288.4
3,742,normalize,cpu,19289,19292.6
3,742,g_a_cpu,cpu,19292.6,19293
3,742,g_a,dpu,19293,19478.5
3,742,g_a,dpu,19478.5,19598.4
3,742,g_a_cpu,cpu,19598.4,19599.6
3,742,h_a,dpu,19599.6,19653.4
3,742,eb_enc,cpu,19653.4,19653.5
3,742,eb_dec,cpu,19653.5,19653.7
3,742,h_s,dpu,19653.7,19742.3
3,742,gc,cpu,19742.3,19752
3,760,normalize,cpu,19752.5,19756.2
3,760,g_a_cpu,cpu,19756.2,19756.5
3,760,g_a,dpu,19756.5,19945
3,760,g_a,dpu,19945,19981.4
3,760,g_a_cpu,cpu,19981.4,19981.8
3,760,h_a,dpu,19981.8,19997.9
3,760,eb_enc,cpu,19997.9,19998.1
3,760,eb_dec,cpu,19998.1,19998.2
3,760,h_s,dpu,19998.2,20051.1
3,760,gc,cpu,20051.1,20060.9
3,772,normalize,cpu,20061.4,20065
3,772,g_a_cpu,cpu,20065,20065.4
3,772,g_a,dpu,20065.4,20247.9
3,772,g_a,dpu,20247.9,20360.1
3,772,g_a_cpu,cpu,20360.1,20360.6
3,772,h_a,dpu,20360.6,20450.1
3,772,eb_enc,cpu,20450.1,20450.3
3,772,eb_dec,cpu,20450.3,20450.4
3,772,h_s,dpu,20450.4,20544.1
3,772,gc,cpu,20544.1,20553.9
3,791,normalize,cpu,20554.3,20557.9
3,791,g_a_cpu,cpu,20557.9,20558.2
3,791,g_a,dpu,20558.2,20699.4
3,791,g_a,dpu,20699.4,20786.3
3,791,g_a_cpu,cpu,20786.3,20786.7
3,791,h_a,dpu,20786.7,20909.7
3,791,eb_enc,cpu,20909.7,20909.8
3,791,eb_dec,cpu,20909.8,20909.9
3,791,h_s,dpu,20909.9,21004.6
3,791,gc,cpu,21004.6,21014.5
3,807,normalize,cpu,21015,21018.7
3,807,g_a_cpu,cpu,21018.7,21019
3,807,g_a,dpu,21019,21160.2
3,807,g_a,dpu,21160.2,21306
3,807,g_a_cpu,cpu,21306,21306.3
3,807,h_a,dpu,21306.3,21324.2
3,807,eb_enc,cpu,21324.2,21324.3
3,807,eb_dec,cpu,21324.3,21324.5
3,807,h_s,dpu,21324.5,21405.7
3,807,gc,cpu,21405.7,21415.6
3,823,normalize,cpu,21416.2,21419.8
3,823,g_a_cpu,cpu,21419.8,21420.1
3,823,g_a,dpu,21420.1,21608.2
3,823,g_a,dpu,21608.2,21801.1
3,823,g_a_cpu,cpu,21801.1,21801.6
3,823,h_a,dpu,21801.6,21851.9
3,823,eb_enc,cpu,21851.9,21852
3,823,eb_dec,cpu,21852,21852.1
3,823,h_s,dpu,21852.1,21935.5
3,823,gc,cpu,21935.5,21945.2
3,843,normalize,cpu,21945.7,21949.4
3,843,g_a_cpu,cpu,21949.4,21949.7
3,843,g_a,dpu,21949.7,22104.3
3,843,g_a,dpu,22104.3,22292.5
3,843,g_a_cpu,cpu,22292.5,22293
3,843,h_a,dpu,22293,22335.9
3,843,eb_enc,cpu,22335.9,22336
3,843,eb_dec,cpu,22336,22336.2
3,843,h_s,dpu,22336.2,22434.8
3,843,gc,cpu,22434.8,22445
3,862,normalize,cpu,22446.1,22449.9
3,862,g_a_cpu,cpu,22449.9,22460.5
3,862,g_a,dpu,22460.5,22630.6
3,862,g_a,dpu,22630.6,22666.9
3,862,g_a_cpu,cpu,22666.9,22667.4
3,862,h_a,dpu,22667.4,22715.3
3,862,eb_enc,cpu,22715.3,22715.4
3,862,eb_dec,cpu,22715.4,22715.5
3,862,h_s,dpu,22715.5,22721.1
3,862,gc,cpu,22721.1,22730.9
3,874,normalize,cpu,22731.3,22735
3,874,g_a_cpu,cpu,22735,22735.2
3,874,g_a,dpu,22735.2,22936.2
3,874,g_a,dpu,22936.2,23119.4
3,874,g_a_cpu,cpu,23119.4,23120
3,874,h_a,dpu,23120,23133.3
3,874,eb_enc,cpu,23133.3,23133.4
3,874,eb_dec,cpu,23133.4,23133.6
3,874,h_s,dpu,23133.6,23194.3
3,874,gc,cpu,23194.3,23204.2
3,894,normalize,cpu,23204.6,23208.6
3,894,g_a_cpu,cpu,23208.6,23208.9
3,894,g_a,dpu,23208.9,23429.8
3,894,g_a,dpu,23429.8,23581.8
3,894,g_a_cpu,cpu,23581.8,23582.3
3,894,h_a,dpu,23582.3,23633
3,894,eb_enc,cpu,23633,23633.1
3,894,eb_dec,cpu,23633.1,23633.2
3,894,h_s,dpu,23633.2,23665.5
3,894,gc,cpu,23665.5,23675.7
3,914,normalize,cpu,23676.2,23679.9
3,914,g_a_cpu,cpu,23679.9,23680.2
3,914,g_a,dpu,23680.2,23876.5
3,914,g_a,dpu,23876.5,24024.2
3,914,g_a_cpu,cpu,24024.2,24024.8
3,914,h_a,dpu,24024.8,24043.4
3,914,eb_enc,cpu,24043.4,24043.5
3,914,eb_dec,cpu,24043.5,24043.6
3,914,h_s,dpu,24043.6,24134.8
3,914,gc,cpu,24134.8,24145.3
4,13,normalize,cpu,85.0468,88.7141
4,13,g_a_cpu,cpu,91.1721,91.6405
4,13,g_a,dpu,91.6439,164.237
4,13,g_a,dpu,164.24,200.812
4,13,g_a_cpu,cpu,200.814,201.25
4,13,h_a,dpu,201.26,382.359
4,13,eb_enc,cpu,382.362,382.539
4,13,eb_dec,cpu,382.54,382.671
4,13,h_s,dpu,382.672,517.523
4,13,gc,cpu,517.527,541.331
4,23,normalize,cpu,542.054,551.696
4,23,g_a_cpu,cpu,551.702,552.162
4,23,g_a,dpu,552.167,588.697
4,23,g_a,dpu,588.698,625.069
4,23,g_a_cpu,cpu,625.07,625.386
4,23,h_a,dpu,625.387,801.233
4,23,eb_enc,cpu,801.234,801.379
4,23,eb_dec,cpu,801.381,801.501
4,23,h_s,dpu,801.501,977.772
4,23,gc,cpu,977.774,999.671
4,39,normalize,cpu,1000.39,1014.25
4,39,g_a_cpu,cpu,1014.25,1014.64
4,39,g_a,dpu,1014.64,1227.91
4,39,g_a,dpu,1227.92,1373.22
4,39,g_a_cpu,cpu,1373.22,1373.59
4,39,h_a,dpu,1373.59,1386.98
4,39,eb_enc,cpu,1386.98,1387.11
4,39,eb_dec,cpu,1387.11,1387.23
4,39,h_s,dpu,1387.23,1457.97
4,39,gc,cpu,1457.97,1469.16
4,59,normalize,cpu,1473.47,1477.16
4,59,g_a_cpu,cpu,1477.17,1477.6
4,59,g_a,dpu,1477.6,1620.18
4,59,g_a,dpu,1620.19,1764.04
4,59,g_a_cpu,cpu,1764.04,1764.65
4,59,h_a,dpu,1764.66,1809.32
4,59,eb_enc,cpu,1809.32,1809.46
4,59,eb_dec,cpu,1809.46,1809.58
4,59,h_s,dpu,1809.58,2176.64
4,59,gc,cpu,2176.65,2186.73
4,83,normalize,cpu,2187.27,2190.91
4,83,g_a_cpu,cpu,2190.92,2191.2
4,83,g_a,dpu,2191.21,2251.97
4,83,g_a,dpu,2251.98,2326.18
4,83,g_a_cpu,cpu,2326.18,2326.64
4,83,h_a,dpu,2326.64,2432.98
4,83,eb_enc,cpu,2432.98,2433.11
4,83,eb_dec,cpu,2433.11,2433.26
4,83,h_s,dpu,2433.26,2518.69
4,83,gc,cpu,2518.69,2528.27
4,97,normalize,cpu,2528.71,2532.42
4,97,g_a_cpu,cpu,2532.43,2532.71
4,97,g_a,dpu,2532.71,2641
4,97,g_a,dpu,2641,2714.78
4,97,g_a_cpu,cpu,2714.78,2715.25
4,97,h_a,dpu,2715.26,2821.02
4,97,eb_enc,cpu,2821.02,2821.2
4,97,eb_dec,cpu,2821.2,2821.33
4,97,h_s,dpu,2821.33,2931.23
4,97,gc,cpu,2931.23,2941.43
4,112,normalize,cpu,2941.98,2945.65
4,112,g_a_cpu,cpu,2945.65,2946.1
4,112,g_a,dpu,2946.11,2982.75
4,112,g_a,dpu,2982.75,3098.92
4,112,g_a_cpu,cpu,3098.93,3099.55
4,112,h_a,dpu,3099.56,3151.34
4,112,eb_enc,cpu,3151.34,3151.46
4,112,eb_dec,cpu,3151.46,3151.58
4,112,h_s,dpu,3151.58,3264.29
4,112,gc,cpu,3264.29,3274.08
4,124,normalize,cpu,3274.55,3278.31
4,124,g_a_cpu,cpu,3278.31,3278.7
4,124,g_a,dpu,3278.71,3365.11
4,124,g_a,dpu,3365.11,3548.72
4,124,g_a_cpu,cpu,3548.72,3549.07
4,124,h_a,dpu,3549.07,3620.62
4,124,eb_enc,cpu,3620.62,3620.75
4,124,eb_dec,cpu,3620.75,3620.86
4,124,h_s,dpu,3620.86,3693.17
4,124,gc,cpu,3693.17,3704.01
4,142,normalize,cpu,3704.72,3708.36
4,142,g_a_cpu,cpu,3708.36,3708.84
4,142,g_a,dpu,3708.84,3745.39
4,142,g_a,dpu,3745.39,3926.88
4,142,g_a_cpu,cpu,3926.88,3927.34
4,142,h_a,dpu,3927.34,4015.65
4,142,eb_enc,cpu,4015.66,4015.78
4,142,eb_dec,cpu,4015.78,4015.9
4,142,h_s,dpu,4015.9,4105.92
4,142,gc,cpu,4105.92,4115.66
4,159,normalize,cpu,4116.27,4119.89
4,159,g_a_cpu,cpu,4119.89,4120.21
4,159,g_a,dpu,4120.21,4232.2
4,159,g_a,dpu,4232.2,4304.67
4,159,g_a_cpu,cpu,4304.67,4305
4,159,h_a,dpu,4305,4406.04
4,159,eb_enc,cpu,4406.05,4406.17
4,159,eb_dec,cpu,4406.17,4406.29
4,159,h_s,dpu,4406.29,4518.21
4,159,gc,cpu,4518.22,4528.44
4,174,normalize,cpu,4529.48,4544.77
4,174,g_a_cpu,cpu,4544.78,4545.4
4,174,g_a,dpu,4545.4,4653.56
4,174,g_a,dpu,4653.56,4732.96
4,174,g_a_cpu,cpu,4732.96,4733.3
4,174,h_a,dpu,4733.3,4872.66
4,174,eb_enc,cpu,4872.66,4872.78
4,174,eb_dec,cpu,4872.78,4872.89
4,174,h_s,dpu,4872.89,5012.09
4,174,gc,cpu,5012.09,5021.9
4,192,normalize,cpu,5022.39,5026.11
4,192,g_a_cpu,cpu,5026.12,5026.4
4,192,g_a,dpu,5026.41,5063.12
4,192,g_a,dpu,5063.12,5099.57
4,192,g_a_cpu,cpu,5099.58,5100.08
4,192,h_a,dpu,5100.08,5117.18
4,192,eb_enc,cpu,5117.18,5117.33
4,192,eb_dec,cpu,5117.33,5117.44
4,192,h_s,dpu,5117.44,5310.59
4,192,gc,cpu,5310.59,5320.46
4,202,normalize,cpu,5320.94,5324.6
4,202,g_a_cpu,cpu,5324.6,5324.96
4,202,g_a,dpu,5324.96,5378.28
4,202,g_a,dpu,5378.28,5414.64
4,202,g_a_cpu,cpu,5414.64,5415.12
4,202,h_a,dpu,5415.13,5471.36
4,202,eb_enc,cpu,5471.36,5471.5
4,202,eb_dec,cpu,5471.5,5471.61
4,202,h_s,dpu,5471.61,5610.28
4,202,gc,cpu,5610.29,5619.97
4,214,normalize,cpu,5620.49,5624.3
4,214,g_a_cpu,cpu,5624.3,5624.61
4,214,g_a,dpu,5624.61,5710.98
4,214,g_a,dpu,5710.98,5782.83
4,214,g_a_cpu,cpu,5782.83,5783.34
4,214,h_a,dpu,5783.34,5853.16
4,214,eb_enc,cpu,5853.16,5853.29
4,214,eb_dec,cpu,5853.29,5853.41
4,214,h_s,dpu,5853.41,5954.28
4,214,gc,cpu,5954.28,5964.28
4,229,normalize,cpu,5964.78,5968.42
4,229,g_a_cpu,cpu,5968.43,5968.74
4,229,g_a,dpu,5968.75,6103.07
4,229,g_a,dpu,6103.07,6181.69
4,229,g_a_cpu,cpu,6181.69,6182.3
4,229,h_a,dpu,6182.3,6252.14
4,229,eb_enc,cpu,6252.14,6252.28
4,229,eb_dec,cpu,6252.28,6252.4
4,229,h_s,dpu,6252.4,6336.93
4,229,gc,cpu,6336.93,6347.57
4,245,normalize,cpu,6348.03,6351.68
4,245,g_a_cpu,cpu,6351.68,6351.97
4,245,g_a,dpu,6351.97,6451.73
4,245,g_a,dpu,6451.73,6564.32
4,245,g_a_cpu,cpu,6564.32,6564.94
4,245,h_a,dpu,6564.94,6614.71
4,245,eb_enc,cpu,6614.71,6614.84
4,245,eb_dec,cpu,6614.84,6614.97
4,245,h_s,dpu,6614.97,6749.11
4,245,gc,cpu,6749.11,6758.77
4,259,normalize,cpu,6759.26,6763.09
4,259,g_a_cpu,cpu,6763.1,6763.4
4,259,g_a,dpu,6763.4,6836.33
4,259,g_a,dpu,6836.34,6874.61
4,259,g_a_cpu,cpu,6874.61,6875.09
4,259,h_a,dpu,6875.09,6967.77
4,259,eb_enc,cpu,6967.77,6967.91
4,259,eb_dec,cpu,6967.91,6968.03
4,259,h_s,dpu,6968.03,7092.98
4,259,gc,cpu,7092.98,7102.89
4,272,normalize,cpu,7103.45,7107.12
4,272,g_a_cpu,cpu,7107.12,7107.39
4,272,g_a,dpu,7107.39,7180.28
4,272,g_a,dpu,7180.28,7253.47
4,272,g_a_cpu,cpu,7253.47,7253.94
4,272,h_a,dpu,7253.95,7315.55
4,272,eb_enc,cpu,7315.55,7315.68
4,272,eb_dec,cpu,7315.68,7315.79
4,272,h_s,dpu,7315.79,7439.14
4,272,gc,cpu,7439.14,7449.22
4,286,normalize,cpu,7449.71,7453.37
4,286,g_a_cpu,cpu,7453.38,7453.66
4,286,g_a,dpu,7453.66,7558.86
4,286,g_a,dpu,7558.86,7676.17
4,286,g_a_cpu,cpu,7676.17,7676.66
4,286,h_a,dpu,7676.67,7776.31
4,286,eb_enc,cpu,7776.31,7776.47
4,286,eb_dec,cpu,7776.47,7776.6
4,286,h_s,dpu,7776.6,7863.81
4,286,gc,cpu,7863.81,7873.76
4,302,normalize,cpu,7874.33,7877.98
4,302,g_a_cpu,cpu,7877.99,7878.37
4,302,g_a,dpu,7878.37,8012.18
4,302,g_a,dpu,8012.18,8124.23
4,302,g_a_cpu,cpu,8124.23,8124.69
4,302,h_a,dpu,8124.69,8180.69
4,302,eb_enc,cpu,8180.69,8180.84
4,302,eb_dec,cpu,8180.85,8180.96
4,302,h_s,dpu,8180.96,8270.41
4,302,gc,cpu,8270.41,8280.27
4,318,normalize,cpu,8280.88,8286.28
4,318,g_a_cpu,cpu,8286.28,8286.61
4,318,g_a,dpu,8286.62,8323.19
4,318,g_a,dpu,8323.19,8469.6
4,318,g_a_cpu,cpu,8469.6,8470.09
4,318,h_a,dpu,8470.09,8532.44
4,318,eb_enc,cpu,8532.44,8532.57
4,318,eb_dec,cpu,8532.57,8532.69
4,318,h_s,dpu,8532.69,8647.24
4,318,gc,cpu,8647.24,8657.76
4,332,normalize,cpu,8658.38,8662.15
4,332,g_a_cpu,cpu,8662.16,8662.56
4,332,g_a,dpu,8662.56,8712.3
4,332,g_a,dpu,8712.31,8856.33
4,332,g_a_cpu,cpu,8856.33,8856.84
4,332,h_a,dpu,8856.84,8906.84
4,332,eb_enc,cpu,8906.84,8906.97
4,332,eb_dec,cpu,8906.97,8907.11
4,332,h_s,dpu,8907.11,8996.06
4,332,gc,cpu,8996.06,9006.13
4,347,normalize,cpu,9006.62,9010.29
4,347,g_a_cpu,cpu,9010.29,9010.9
4,347,g_a,dpu,9010.9,9099.59
4,347,g_a,dpu,9099.59,9247.2
4,347,g_a_cpu,cpu,9247.2,9247.57
4,347,h_a,dpu,9247.57,9293.12
4,347,eb_enc,cpu,9293.12,9293.26
4,347,eb_dec,cpu,9293.26,9293.37
4,347,h_s,dpu,9293.37,9378.75
4,347,gc,cpu,9378.75,9388.85
4,359,normalize,cpu,9389.72,9393.38
4,359,g_a_cpu,cpu,9393.39,9393.84
4,359,g_a,dpu,9393.86,9473.02
4,359,g_a,dpu,9473.02,9584.42
4,359,g_a_cpu,cpu,9584.42,9584.94
4,359,h_a,dpu,9584.95,9654.91
4,359,eb_enc,cpu,9654.91,9655.04
4,359,eb_dec,cpu,9655.04,9655.15
4,359,h_s,dpu,9655.15,9797.93
4,359,gc,cpu,9797.93,9807.57
4,376,normalize,cpu,9808.05,9811.69
4,376,g_a_cpu,cpu,9811.69,9812.04
4,376,g_a,dpu,9812.04,9849.88
4,376,g_a,dpu,9849.88,9924.21
4,376,g_a_cpu,cpu,9924.21,9924.71
4,376,h_a,dpu,9924.71,9970.59
4,376,eb_enc,cpu,9970.59,9970.73
4,376,eb_dec,cpu,9970.73,9970.84
4,376,h_s,dpu,9970.84,10136.9
4,376,gc,cpu,10136.9,10147
4,389,normalize,cpu,10147.6,10151.2
4,389,g_a_cpu,cpu,10151.2,10151.5
4,389,g_a,dpu,10151.5,10228.7
4,389,g_a,dpu,10228.7,10342.1
4,389,g_a_cpu,cpu,10342.1,10342.5
4,389,h_a,dpu,10342.5,10355.3
4,389,eb_enc,cpu,10355.3,10355.4
4,389,eb_dec,cpu,10355.4,10355.5
4,389,h_s,dpu,10355.5,10513.8
4,389,gc,cpu,10513.8,10523.7
4,402,normalize,cpu,10524.2,10533
4,402,g_a_cpu,cpu,10533,10533.7
4,402,g_a,dpu,10533.7,10604.4
4,402,g_a,dpu,10604.4,10640.9
4,402,g_a_cpu,cpu,10640.9,10641.4
4,402,h_a,dpu,10641.4,10712.4
4,402,eb_enc,cpu,10712.4,10712.5
4,402,eb_dec,cpu,10712.5,10712.6
4,402,h_s,dpu,10712.6,10893.2
4,402,gc,cpu,10893.2,10902.9
4,415,normalize,cpu,10903.5,10908.5
4,415,g_a_cpu,cpu,10908.5,10912.3
4,415,g_a,dpu,10912.3,10996.2
4,415,g_a,dpu,10996.2,11108.2
4,415,g_a_cpu,cpu,11108.2,11108.7
4,415,h_a,dpu,11108.7,11191.3
4,415,eb_enc,cpu,11191.3,11191.5
4,415,eb_dec,cpu,11191.5,11191.6
4,415,h_s,dpu,11191.6,11354.2
4,415,gc,cpu,11354.2,11364.2
4,435,normalize,cpu,11364.7,11368.4
4,435,g_a_cpu,cpu,11368.4,11368.8
4,435,g_a,dpu,11368.8,11412.3
4,435,g_a,dpu,11412.3,11485.2
4,435,g_a_cpu,cpu,11485.3,11485.7
4,435,h_a,dpu,11485.7,11630.8
4,435,eb_enc,cpu,11630.8,11630.9
4,435,eb_dec,cpu,11630.9,11631
4,435,h_s,dpu,11631,11809.1
4,435,gc,cpu,11809.1,11819.1
4,452,normalize,cpu,11819.7,11823.4
4,452,g_a_cpu,cpu,11823.4,11823.9
4,452,g_a,dpu,11823.9,11860.6
4,452,g_a,dpu,11860.6,12150.2
4,452,g_a_cpu,cpu,12150.2,12150.7
4,452,h_a,dpu,12150.7,12156.2
4,452,eb_enc,cpu,12156.2,12156.3
4,452,eb_dec,cpu,12156.3,12156.4
4,452,h_s,dpu,12156.4,12242.2
4,452,gc,cpu,12242.2,12252.5
4,473,normalize,cpu,12253.2,12265
4,473,g_a_cpu,cpu,12265,12265.5
4,473,g_a,dpu,12265.5,12400.9
4,473,g_a,dpu,12400.9,12509.9
4,473,g_a_cpu,cpu,12509.9,12510.5
4,473,h_a,dpu,12510.5,12606.3
4,473,eb_enc,cpu,12606.3,12606.4
4,473,eb_dec,cpu,12606.4,12606.6
4,473,h_s,dpu,12606.6,12657
4,473,gc,cpu,12657,12666.9
4,486,normalize,cpu,12667.4,12671
4,486,g_a_cpu,cpu,12671,12671.4
4,486,g_a,dpu,12671.4,12780.6
4,486,g_a,dpu,12780.6,12817
4,486,g_a_cpu,cpu,12817,12817.5
4,486,h_a,dpu,12817.5,12921.8
4,486,eb_enc,cpu,12921.8,12921.9
4,486,eb_dec,cpu,12921.9,12922
4,486,h_s,dpu,12922,13069.8
4,486,gc,cpu,13069.8,13080.2
4,501,normalize,cpu,13080.9,13084.6
4,501,g_a_cpu,cpu,13084.6,13084.9
4,501,g_a,dpu,13084.9,13132.2
4,501,g_a,dpu,13132.2,13204.1
4,501,g_a_cpu,cpu,13204.1,13204.6
4,501,h_a,dpu,13204.6,13337.8
4,501,eb_enc,cpu,13337.8,13337.9
4,501,eb_dec,cpu,13337.9,13338
4,501,h_s,dpu,13338,13448.2
4,501,gc,cpu,13448.2,13458.6
4,512,normalize,cpu,13459.3,13463.5
4,512,g_a_cpu,cpu,13463.5,13463.9
4,512,g_a,dpu,13463.9,13500.7
4,512,g_a,dpu,13500.7,13612.3
4,512,g_a_cpu,cpu,13612.3,13612.8
4,512,h_a,dpu,13612.8,13730.3
4,512,eb_enc,cpu,13730.3,13730.4
4,512,eb_dec,cpu,13730.4,13730.5
4,512,h_s,dpu,13730.5,13864.3
4,512,gc,cpu,13864.3,13874.2
4,528,normalize,cpu,13874.7,13878.5
4,528,g_a_cpu,cpu,13878.5,13878.9
4,528,g_a,dpu,13878.9,13915.5
4,528,g_a,dpu,13915.5,14028.2
4,528,g_a_cpu,cpu,14028.2,14028.6
4,528,h_a,dpu,14028.6,14132.5
4,528,eb_enc,cpu,14132.5,14132.7
4,528,eb_dec,cpu,14132.7,14132.8
4,528,h_s,dpu,14132.8,14243.8
4,528,gc,cpu,14243.8,14253.6
4,544,normalize,cpu,14254,14257.8
4,544,g_a_cpu,cpu,14257.8,14258.2
4,544,g_a,dpu,14258.2,14336.3
4,544,g_a,dpu,14336.3,14412.3
4,544,g_a_cpu,cpu,14412.3,14412.9
4,544,h_a,dpu,14412.9,14517.2
4,544,eb_enc,cpu,14517.2,14517.3
4,544,eb_dec,cpu,14517.3,14517.4
4,544,h_s,dpu,14517.4,14617
4,544,gc,cpu,14617,14626.9
4,559,normalize,cpu,14627.4,14631.1
4,559,g_a_cpu,cpu,14631.1,14631.3
4,559,g_a,dpu,14631.3,14713.4
4,559,g_a,dpu,14713.4,14787.6
4,559,g_a_cpu,cpu,14787.6,14788.1
4,559,h_a,dpu,14788.1,14866.4
4,559,eb_enc,cpu,14866.4,14866.5
4,559,eb_dec,cpu,14866.5,14866.7
4,559,h_s,dpu,14866.7,14986.7
4,559,gc,cpu,14986.7,14996.7
4,572,normalize,cpu,14997.2,15000.9
4,572,g_a_cpu,cpu,15000.9,15001.2
4,572,g_a,dpu,15001.2,15100.2
4,572,g_a,dpu,15100.2,15173.8
4,572,g_a_cpu,cpu,15173.8,15174.1
4,572,h_a,dpu,15174.1,15270.9
4,572,eb_enc,cpu,15270.9,15271
4,572,eb_dec,cpu,15271,15271.1
4,572,h_s,dpu,15271.1,15405.6
4,572,gc,cpu,15405.6,15415.5
4,590,normalize,cpu,15415.9,15419.6
4,590,g_a_cpu,cpu,15419.6,15419.8
4,590,g_a,dpu,15419.8,15476.3
4,590,g_a,dpu,15476.3,15586
4,590,g_a_cpu,cpu,15586,15586.4
4,590,h_a,dpu,15586.4,15661.3
4,590,eb_enc,cpu,15661.3,15661.5
4,590,eb_dec,cpu,15661.5,15661.6
4,590,h_s,dpu,15661.6,15787.4
4,590,gc,cpu,15787.4,15797.3
4,605,normalize,cpu,15797.9,15801.6
4,605,g_a_cpu,cpu,15801.6,15801.9
4,605,g_a,dpu,15801.9,15853.6
4,605,g_a,dpu,15853.6,15963.4
4,605,g_a_cpu,cpu,15963.4,15963.9
4,605,h_a,dpu,15963.9,16055.2
4,605,eb_enc,cpu,16055.2,16055.3
4,605,eb_dec,cpu,16055.3,16055.5
4,605,h_s,dpu,16055.5,16162.6
4,605,gc,cpu,16162.6,16173.1
4,620,normalize,cpu,16174,16177.6
4,620,g_a_cpu,cpu,16177.6,16178
4,620,g_a,dpu,16178,16272.2
4,620,g_a,dpu,16272.2,16346.3
4,620,g_a_cpu,cpu,16346.3,16346.8
4,620,h_a,dpu,16346.8,16442.7
4,620,eb_enc,cpu,16442.7,16442.8
4,620,eb_dec,cpu,16442.8,16442.9
4,620,h_s,dpu,16442.9,16580.7
4,620,gc,cpu,16580.7,16590.3
4,635,normalize,cpu,16590.8,16594.5
4,635,g_a_cpu,cpu,16594.5,16594.8
4,635,g_a,dpu,16594.8,16675.1
4,635,g_a,dpu,16675.1,16748
4,635,g_a_cpu,cpu,16748,16748.4
4,635,h_a,dpu,16748.4,16802.1
4,635,eb_enc,cpu,16802.1,16802.3
4,635,eb_dec,cpu,16802.3,16802.4
4,635,h_s,dpu,16802.4,16918.9
4,635,gc,cpu,16918.9,16928.6
4,647,normalize,cpu,16929,16932.7
4,647,g_a_cpu,cpu,16932.7,16933
4,647,g_a,dpu,16933,17010.3
4,647,g_a,dpu,17010.3,17088.3
4,647,g_a_cpu,cpu,17088.3,17088.8
4,647,h_a,dpu,17088.8,17231.1
4,647,eb_enc,cpu,17231.1,17231.3
4,647,eb_dec,cpu,17231.3,17231.4
4,647,h_s,dpu,17231.4,17334.4
4,647,gc,cpu,17334.5,17344.4
4,663,normalize,cpu,17344.9,17348.7
4,663,g_a_cpu,cpu,17348.7,17349.1
4,663,g_a,dpu,17349.1,17416.2
4,663,g_a,dpu,17416.2,17492.3
4,663,g_a_cpu,cpu,17492.3,17492.8
4,663,h_a,dpu,17492.8,17584
4,663,eb_enc,cpu,17584,17584.1
4,663,eb_dec,cpu,17584.1,17584.2
4,663,h_s,dpu,17584.2,17673.8
4,663,gc,cpu,17673.8,17683.8
4,678,normalize,cpu,17684.3,17687.9
4,678,g_a_cpu,cpu,17687.9,17688.2
4,678,g_a,dpu,17688.2,17792.2
4,678,g_a,dpu,17792.2,17868.4
4,678,g_a_cpu,cpu,17868.4,17869.1
4,678,h_a,dpu,17869.1,17933.8
4,678,eb_enc,cpu,17933.8,17933.9
4,678,eb_dec,cpu,17933.9,17934
4,678,h_s,dpu,17934,18090.1
4,678,gc,cpu,18090.1,18100
4,692,normalize,cpu,18100.5,18105.7
4,692,g_a_cpu,cpu,18105.7,18106.1
4,692,g_a,dpu,18106.1,18184.3
4,692,g_a,dpu,18184.3,18220.8
4,692,g_a_cpu,cpu,18220.8,18221.2
4,692,h_a,dpu,18221.2,18284
4,692,eb_enc,cpu,18284,18284.2
4,692,eb_dec,cpu,18284.2,18284.3
4,692,h_s,dpu,18284.3,18389.6
4,692,gc,cpu,18389.6,18399.8
4,707,normalize,cpu,18400.3,18403.9
4,707,g_a_cpu,cpu,18403.9,18404.3
4,707,g_a,dpu,18404.3,18489
4,707,g_a,dpu,18489,18525.4
4,707,g_a_cpu,cpu,18525.4,18526
4,707,h_a,dpu,18526,18599.9
4,707,eb_enc,cpu,18599.9,18600
4,707,eb_dec,cpu,18600,18600.2
4,707,h_s,dpu,18600.2,18762.6
4,707,gc,cpu,18762.6,18772.5
4,720,normalize,cpu,18773.1,18776.7
4,720,g_a_cpu,cpu,18776.7,18777.1
4,720,g_a,dpu,18777.1,18826.1
4,720,g_a,dpu,18826.1,18934.5
4,720,g_a_cpu,cpu,18934.5,18935
4,720,h_a,dpu,18935,18961.3
4,720,eb_enc,cpu,18961.3,18961.4
4,720,eb_dec,cpu,18961.4,18961.6
4,720,h_s,dpu,18961.6,19138.3
4,720,gc,cpu,19138.3,19148.1
4,735,normalize,cpu,19148.6,19152.3
4,735,g_a_cpu,cpu,19152.3,19152.6
4,735,g_a,dpu,19152.6,19233.9
4,735,g_a,dpu,19233.9,19502.7
4,735,g_a_cpu,cpu,19502.7,19503
4,735,h_a,dpu,19503.1,19587.7
4,735,eb_enc,cpu,19587.7,19587.9
4,735,eb_dec,cpu,19587.9,19588
4,735,h_s,dpu,19588,19715.4
4,735,gc,cpu,19715.4,19725.4
4,758,normalize,cpu,19725.9,19730.3
4,758,g_a_cpu,cpu,19730.3,19730.6
4,758,g_a,dpu,19730.6,19800.8
4,758,g_a,dpu,19800.8,19877.5
4,758,g_a_cpu,cpu,19877.5,19877.9
4,758,h_a,dpu,19877.9,19933.7
4,758,eb_enc,cpu,19933.7,19933.8
4,758,eb_dec,cpu,19933.8,19933.9
4,758,h_s,dpu,19933.9,20097.1
4,758,gc,cpu,20097.1,20107.1
4,773,normalize,cpu,20107.9,20111.6
4,773,g_a_cpu,cpu,20111.6,20112
4,773,g_a,dpu,20112,20148.6
4,773,g_a,dpu,20148.6,20256.5
4,773,g_a_cpu,cpu,20256.5,20257
4,773,h_a,dpu,20257,20276.7
4,773,eb_enc,cpu,20276.7,20276.9
4,773,eb_dec,cpu,20276.9,20277
4,773,h_s,dpu,20277,20362.2
4,773,gc,cpu,20362.2,20376.3
4,782,normalize,cpu,20377.1,20380.8
4,782,g_a_cpu,cpu,20380.8,20381.2
4,782,g_a,dpu,20381.2,20488.4
4,782,g_a,dpu,20488.4,20707.8
4,782,g_a_cpu,cpu,20707.8,20708.5
4,782,h_a,dpu,20708.5,20737.6
4,782,eb_enc,cpu,20737.6,20737.7
4,782,eb_dec,cpu,20737.7,20737.9
4,782,h_s,dpu,20737.9,20740.4
4,782,gc,cpu,20740.4,20751.9
4,799,normalize,cpu,20752.4,20765.8
4,799,g_a_cpu,cpu,20765.8,20766.2
4,799,g_a,dpu,20766.2,21020.3
4,799,g_a,dpu,21020.3,21096.4
4,799,g_a_cpu,cpu,21096.4,21096.8
4,799,h_a,dpu,21096.8,21169.8
4,799,eb_enc,cpu,21169.8,21170
4,799,eb_dec,cpu,21170,21170.1
4,799,h_s,dpu,21170.1,21309.4
4,799,gc,cpu,21309.4,21319.3
4,820,normalize,cpu,21319.8,21324.7
4,820,g_a_cpu,cpu,21324.7,21325.2
4,820,g_a,dpu,21325.2,21434.8
4,820,g_a,dpu,21434.8,21474.4
4,820,g_a_cpu,cpu,21474.4,21474.8
4,820,h_a,dpu,21474.8,21565.5
4,820,eb_enc,cpu,21565.5,21565.6
4,820,eb_dec,cpu,21565.6,21565.7
4,820,h_s,dpu,21565.7,21688.8
4,820,gc,cpu,21688.8,21698.9
4,834,normalize,cpu,21699.4,21703.1
4,834,g_a_cpu,cpu,21703.1,21703.5
4,834,g_a,dpu,21703.5,21740.2
4,834,g_a,dpu,21740.2,21849.6
4,834,g_a_cpu,cpu,21849.6,21850.2
4,834,h_a,dpu,21850.2,21934.5
4,834,eb_enc,cpu,21934.5,21934.7
4,834,eb_dec,cpu,21934.7,21934.8
4,834,h_s,dpu,21934.8,22065.6
4,834,gc,cpu,22065.6,22075.5
4,849,normalize,cpu,22076.3,22079.9
4,849,g_a_cpu,cpu,22079.9,22080.3
4,849,g_a,dpu,22080.3,22147.8
4,849,g_a,dpu,22147.8,22221.7
4,849,g_a_cpu,cpu,22221.7,22222.1
4,849,h_a,dpu,22222.1,22284.3
4,849,eb_enc,cpu,22284.3,22284.4
4,849,eb_dec,cpu,22284.4,22284.6
4,849,h_s,dpu,22284.6,22405.6
4,849,gc,cpu,22405.6,22415.6
4,861,normalize,cpu,22416.1,22419.8
4,861,g_a_cpu,cpu,22419.8,22420.1
4,861,g_a,dpu,22420.1,22492.3
4,861,g_a,dpu,22492.3,22566.1
4,861,g_a_cpu,cpu,22566.1,22566.7
4,861,h_a,dpu,22566.7,22672.2
4,861,eb_enc,cpu,22672.2,22672.4
4,861,eb_dec,cpu,22672.4,22672.5
4,861,h_s,dpu,22672.5,22781
4,861,gc,cpu,22781,22790.9
4,878,normalize,cpu,22791.4,22795.3
4,878,g_a_cpu,cpu,22795.3,22795.6
4,878,g_a,dpu,22795.6,22868.5
4,878,g_a,dpu,22868.5,22942.5
4,878,g_a_cpu,cpu,22942.5,22942.9
4,878,h_a,dpu,22942.9,23035
4,878,eb_enc,cpu,23035,23035.2
4,878,eb_dec,cpu,23035.2,23035.3
4,878,h_s,dpu,23035.3,23161.3
4,878,gc,cpu,23161.3,23171.1
4,892,normalize,cpu,23171.7,23175.4
4,892,g_a_cpu,cpu,23175.4,23175.6
4,892,g_a,dpu,23175.6,23244
4,892,g_a,dpu,23244.1,23329.1
4,892,g_a_cpu,cpu,23329.1,23329.4
4,892,h_a,dpu,23329.4,23383.5
4,892,eb_enc,cpu,23383.5,23383.6
4,892,eb_dec,cpu,23383.6,23383.7
4,892,h_s,dpu,23383.7,23507.9
4,892,gc,cpu,23507.9,23517.9
4,904,normalize,cpu,23518.5,23523.6
4,904,g_a_cpu,cpu,23523.6,23523.9
4,904,g_a,dpu,23523.9,23630.2
4,904,g_a,dpu,23630.2,23706.4
4,904,g_a_cpu,cpu,23706.4,23706.7
4,904,h_a,dpu,23706.7,23786.7
4,904,eb_enc,cpu,23786.7,23786.8
4,904,eb_dec,cpu,23786.8,23786.9
4,904,h_s,dpu,23786.9,23950.4
4,904,gc,cpu,23950.4,23960.5
4,920,normalize,cpu,23961,23964.7
4,920,g_a_cpu,cpu,23964.7,23965.2
4,920,g_a,dpu,23965.2,24040.7
4,920,g_a,dpu,24040.7,24080.5
4,920,g_a_cpu,cpu,24080.5,24080.9
4,920,h_a,dpu,24080.9,24210.6
4,920,eb_enc,cpu,24210.6,24210.7
4,920,eb_dec,cpu,24210.7,24210.8
4,920,h_s,dpu,24210.8,24262.4
4,920,gc,cpu,24262.4,24272.6
5,1,normalize,cpu,67.1337,70.8915
5,1,g_a_cpu,cpu,90.6061,91.0821
5,1,g_a,dpu,91.0874,234.794
5,1,g_a,dpu,234.796,419.091
5,1,g_a_cpu,cpu,419.091,419.476
5,1,h_a,dpu,419.481,523.845
5,1,eb_enc,cpu,523.846,524.029
5,1,eb_dec,cpu,524.031,524.213
5,1,h_s,dpu,524.213,526.485
5,1,gc,cpu,526.492,556.708
5,27,normalize,cpu,557.281,560.925
5,27,g_a_cpu,cpu,560.928,561.366
5,27,g_a,dpu,561.368,688.831
5,27,g_a,dpu,688.832,874.731
5,27,g_a_cpu,cpu,874.732,875.226
5,27,h_a,dpu,875.227,989.4
5,27,eb_enc,cpu,989.402,989.598
5,27,eb_dec,cpu,989.604,989.737
5,27,h_s,dpu,989.738,991.498
5,27,gc,cpu,991.499,1016.82
5,45,normalize,cpu,1017.39,1021.07
5,45,g_a_cpu,cpu,1021.07,1021.42
5,45,g_a,dpu,1021.43,1190.16
5,45,g_a,dpu,1190.16,1226.95
5,45,g_a_cpu,cpu,1226.95,1227.41
5,45,h_a,dpu,1227.41,1406.27
5,45,eb_enc,cpu,1406.27,1406.42
5,45,eb_dec,cpu,1406.43,1406.54
5,45,h_s,dpu,1406.55,1469.45
5,45,gc,cpu,1469.45,1482
5,60,normalize,cpu,1482.71,1486.38
5,60,g_a_cpu,cpu,1486.39,1486.75
5,60,g_a,dpu,1486.76,1610.99
5,60,g_a,dpu,1610.99,1727.17
5,60,g_a_cpu,cpu,1727.17,1727.56
5,60,h_a,dpu,1727.56,1859.18
5,60,eb_enc,cpu,1859.18,1859.33
5,60,eb_dec,cpu,1859.33,1859.44
5,60,h_s,dpu,1859.44,1912.26
5,60,gc,cpu,1912.26,1922.7
5,76,normalize,cpu,1923.24,1926.9
5,76,g_a_cpu,cpu,1926.9,1927.17
5,76,g_a,dpu,1927.17,2080.92
5,76,g_a,dpu,2080.92,2197.45
5,76,g_a_cpu,cpu,2197.45,2197.78
5,76,h_a,dpu,2197.79,2361.51
5,76,eb_enc,cpu,2361.51,2361.63
5,76,eb_dec,cpu,2361.63,2361.74
5,76,h_s,dpu,2361.74,2379.05
5,76,gc,cpu,2379.05,2388.92
5,90,normalize,cpu,2389.44,2393.77
5,90,g_a_cpu,cpu,2393.78,2394.14
5,90,g_a,dpu,2394.14,2512.72
5,90,g_a,dpu,2512.72,2662.19
5,90,g_a_cpu,cpu,2662.19,2662.54
5,90,h_a,dpu,2662.54,2782.03
5,90,eb_enc,cpu,2782.03,2782.2
5,90,eb_dec,cpu,2782.2,2782.33
5,90,h_s,dpu,2782.33,2791.15
5,90,gc,cpu,2791.16,2801.1
5,105,normalize,cpu,2801.57,2805.21
5,105,g_a_cpu,cpu,2805.21,2805.5
5,105,g_a,dpu,2805.51,2909
5,105,g_a,dpu,2909.01,3024.33
5,105,g_a_cpu,cpu,3024.33,3024.81
5,105,h_a,dpu,3024.82,3153.41
5,105,eb_enc,cpu,3153.41,3153.55
5,105,eb_dec,cpu,3153.55,3153.66
5,105,h_s,dpu,3153.66,3212.93
5,105,gc,cpu,3212.93,3222.72
5,121,normalize,cpu,3223.2,3228.63
5,121,g_a_cpu,cpu,3228.63,3228.96
5,121,g_a,dpu,3228.96,3313.97
5,121,g_a,dpu,3313.97,3350.92
5,121,g_a_cpu,cpu,3350.92,3351.32
5,121,h_a,dpu,3351.32,3493.86
5,121,eb_enc,cpu,3493.87,3493.99
5,121,eb_dec,cpu,3493.99,3494.11
5,121,h_s,dpu,3494.11,3551.87
5,121,gc,cpu,3551.87,3561.87
5,135,normalize,cpu,3562.41,3566.06
5,135,g_a_cpu,cpu,3566.07,3566.43
5,135,g_a,dpu,3566.43,3660.69
5,135,g_a,dpu,3660.69,3780.55
5,135,g_a_cpu,cpu,3780.55,3780.89
5,135,h_a,dpu,3780.89,3950.04
5,135,eb_enc,cpu,3950.04,3950.2
5,135,eb_dec,cpu,3950.2,3950.32
5,135,h_s,dpu,3950.32,4002.61
5,135,gc,cpu,4002.62,4012.51
5,151,normalize,cpu,4013.18,4016.83
5,151,g_a_cpu,cpu,4016.83,4017.23
5,151,g_a,dpu,4017.23,4094.32
5,151,g_a,dpu,4094.32,4176.58
5,151,g_a_cpu,cpu,4176.59,4176.94
5,151,h_a,dpu,4176.94,4365.29
5,151,eb_enc,cpu,4365.29,4365.45
5,151,eb_dec,cpu,4365.45,4365.57
5,151,h_s,dpu,4365.57,4381.22
5,151,gc,cpu,4381.22,4391.04
5,166,normalize,cpu,4391.58,4395.26
5,166,g_a_cpu,cpu,4395.26,4395.51
5,166,g_a,dpu,4395.51,4484.19
5,166,g_a,dpu,4484.2,4596.69
5,166,g_a_cpu,cpu,4596.69,4597.1
5,166,h_a,dpu,4597.11,4598.55
5,166,eb_enc,cpu,4598.56,4598.68
5,166,eb_dec,cpu,4598.68,4598.79
5,166,h_s,dpu,4598.79,4655.88
5,166,gc,cpu,4655.88,4665.77
5,180,normalize,cpu,4666.3,4670.02
5,180,g_a_cpu,cpu,4670.03,4670.22
5,180,g_a,dpu,4670.22,4832.06
5,180,g_a,dpu,4832.06,4946.92
5,180,g_a_cpu,cpu,4946.92,4947.28
5,180,h_a,dpu,4947.29,5050.15
5,180,eb_enc,cpu,5050.15,5050.27
5,180,eb_dec,cpu,5050.27,5050.38
5,180,h_s,dpu,5050.38,5101.4
5,180,gc,cpu,5101.41,5111.35
5,197,normalize,cpu,5111.88,5115.61
5,197,g_a_cpu,cpu,5115.62,5116.05
5,197,g_a,dpu,5116.05,5189.83
5,197,g_a,dpu,5189.83,5262.72
5,197,g_a_cpu,cpu,5262.72,5263.14
5,197,h_a,dpu,5263.14,5387.13
5,197,eb_enc,cpu,5387.13,5387.27
5,197,eb_dec,cpu,5387.27,5387.39
5,197,h_s,dpu,5387.39,5454.47
5,197,gc,cpu,5454.48,5464.49
5,210,normalize,cpu,5464.98,5468.61
5,210,g_a_cpu,cpu,5468.61,5468.96
5,210,g_a,dpu,5468.96,5550.09
5,210,g_a,dpu,5550.09,5659.32
5,210,g_a_cpu,cpu,5659.33,5659.71
5,210,h_a,dpu,5659.71,5793.75
5,210,eb_enc,cpu,5793.75,5793.88
5,210,eb_dec,cpu,5793.88,5794
5,210,h_s,dpu,5794,5802.98
5,210,gc,cpu,5802.99,5813.35
5,223,normalize,cpu,5814.04,5817.7
5,223,g_a_cpu,cpu,5817.7,5818.05
5,223,g_a,dpu,5818.06,5973.85
5,223,g_a,dpu,5973.85,6124.91
5,223,g_a_cpu,cpu,6124.91,6125.32
5,223,h_a,dpu,6125.32,6225.27
5,223,eb_enc,cpu,6225.28,6225.4
5,223,eb_dec,cpu,6225.4,6225.52
5,223,h_s,dpu,6225.52,6265.63
5,223,gc,cpu,6265.63,6275.6
5,243,normalize,cpu,6276.23,6279.83
5,243,g_a_cpu,cpu,6279.84,6280.19
5,243,g_a,dpu,6280.19,6454.75
5,243,g_a,dpu,6454.75,6533.46
5,243,g_a_cpu,cpu,6533.47,6533.92
5,243,h_a,dpu,6533.92,6638.36
5,243,eb_enc,cpu,6638.36,6638.53
5,243,eb_dec,cpu,6638.53,6638.67
5,243,h_s,dpu,6638.67,6720.98
5,243,gc,cpu,6720.98,6731.07
5,257,normalize,cpu,6731.58,6735.31
5,257,g_a_cpu,cpu,6735.32,6735.68
5,257,g_a,dpu,6735.69,6842.85
5,257,g_a,dpu,6842.85,6928.77
5,257,g_a_cpu,cpu,6928.78,6929.22
5,257,h_a,dpu,6929.22,7091.79
5,257,eb_enc,cpu,7091.79,7091.92
5,257,eb_dec,cpu,7091.92,7092.03
5,257,h_s,dpu,7092.03,7139.5
5,257,gc,cpu,7139.5,7149.38
5,274,normalize,cpu,7149.93,7153.63
5,274,g_a_cpu,cpu,7153.63,7153.9
5,274,g_a,dpu,7153.9,7236.93
5,274,g_a,dpu,7236.94,7313.3
5,274,g_a_cpu,cpu,7313.3,7313.67
5,274,h_a,dpu,7313.67,7438.36
5,274,eb_enc,cpu,7438.37,7438.51
5,274,eb_dec,cpu,7438.52,7438.63
5,274,h_s,dpu,7438.63,7520.22
5,274,gc,cpu,7520.23,7530.23
5,289,normalize,cpu,7530.96,7534.61
5,289,g_a_cpu,cpu,7534.62,7535.05
5,289,g_a,dpu,7535.05,7620.88
5,289,g_a,dpu,7620.88,7697.56
5,289,g_a_cpu,cpu,7697.56,7697.91
5,289,h_a,dpu,7697.91,7825.21
5,289,eb_enc,cpu,7825.21,7825.35
5,289,eb_dec,cpu,7825.35,7825.47
5,289,h_s,dpu,7825.47,7933.38
5,289,gc,cpu,7933.38,7943.41
5,305,normalize,cpu,7943.94,7948.76
5,305,g_a_cpu,cpu,7948.76,7949.08
5,305,g_a,dpu,7949.08,8022.16
5,305,g_a,dpu,8022.16,8101.08
5,305,g_a_cpu,cpu,8101.08,8101.57
5,305,h_a,dpu,8101.57,8231.55
5,305,eb_enc,cpu,8231.55,8231.69
5,305,eb_dec,cpu,8231.69,8231.8
5,305,h_s,dpu,8231.8,8285.07
5,305,gc,cpu,8285.07,8295.07
5,320,normalize,cpu,8295.61,8299.26
5,320,g_a_cpu,cpu,8299.26,8299.7
5,320,g_a,dpu,8299.7,8416.04
5,320,g_a,dpu,8416.04,8491.18
5,320,g_a_cpu,cpu,8491.18,8491.55
5,320,h_a,dpu,8491.55,8608.67
5,320,eb_enc,cpu,8608.67,8608.81
5,320,eb_dec,cpu,8608.81,8608.93
5,320,h_s,dpu,8608.93,8635.68
5,320,gc,cpu,8635.68,8646.4
5,331,normalize,cpu,8647.12,8650.86
5,331,g_a_cpu,cpu,8650.87,8651.19
5,331,g_a,dpu,8651.2,8792.67
5,331,g_a,dpu,8792.67,8829.67
5,331,g_a_cpu,cpu,8829.67,8830.08
5,331,h_a,dpu,8830.09,8956.61
5,331,eb_enc,cpu,8956.61,8956.75
5,331,eb_dec,cpu,8956.75,8956.87
5,331,h_s,dpu,8956.87,8985
5,331,gc,cpu,8985,8996.28
5,344,normalize,cpu,8997.04,9000.81
5,344,g_a_cpu,cpu,9000.82,9001.21
5,344,g_a,dpu,9001.22,9098.58
5,344,g_a,dpu,9098.58,9135.29
5,344,g_a_cpu,cpu,9135.29,9135.75
5,344,h_a,dpu,9135.75,9258.27
5,344,eb_enc,cpu,9258.27,9258.42
5,344,eb_dec,cpu,9258.42,9258.54
5,344,h_s,dpu,9258.54,9325.17
5,344,gc,cpu,9325.17,9336.63
5,355,normalize,cpu,9337.21,9341
5,355,g_a_cpu,cpu,9341.01,9341.4
5,355,g_a,dpu,9341.41,9425.95
5,355,g_a,dpu,9425.96,9501.43
5,355,g_a_cpu,cpu,9501.43,9501.77
5,355,h_a,dpu,9501.78,9649.83
5,355,eb_enc,cpu,9649.83,9649.95
5,355,eb_dec,cpu,9649.96,9650.07
5,355,h_s,dpu,9650.07,9735.48
5,355,gc,cpu,9735.48,9745.4
5,371,normalize,cpu,9745.93,9749.62
5,371,g_a_cpu,cpu,9749.63,9749.95
5,371,g_a,dpu,9749.96,9816.85
5,371,g_a,dpu,9816.86,9892.98
5,371,g_a_cpu,cpu,9892.98,9893.37
5,371,h_a,dpu,9893.37,10057.7
5,371,eb_enc,cpu,10057.7,10057.8
5,371,eb_dec,cpu,10057.8,10057.9
5,371,h_s,dpu,10057.9,10116.9
5,371,gc,cpu,10116.9,10127.1
5,386,normalize,cpu,10127.6,10131.3
5,386,g_a_cpu,cpu,10131.3,10131.9
5,386,g_a,dpu,10131.9,10200.6
5,386,g_a,dpu,10200.6,10276.6
5,386,g_a_cpu,cpu,10276.6,10277.1
5,386,h_a,dpu,10277.1,10474.3
5,386,eb_enc,cpu,10474.3,10474.4
5,386,eb_dec,cpu,10474.4,10474.5
5,386,h_s,dpu,10474.5,10476.1
5,386,gc,cpu,10476.1,10485.9
5,400,normalize,cpu,10486.3,10490
5,400,g_a_cpu,cpu,10490,10490.2
5,400,g_a,dpu,10490.2,10561.6
5,400,g_a,dpu,10561.6,10673.1
5,400,g_a_cpu,cpu,10673.1,10673.5
5,400,h_a,dpu,10673.5,10854.9
5,400,eb_enc,cpu,10854.9,10855.1
5,400,eb_dec,cpu,10855.1,10855.2
5,400,h_s,dpu,10855.2,10909
5,400,gc,cpu,10909,10919
5,417,normalize,cpu,10919.5,10923.2
5,417,g_a_cpu,cpu,10923.2,10923.4
5,417,g_a,dpu,10923.4,10999.5
5,417,g_a,dpu,10999.5,11073
5,417,g_a_cpu,cpu,11073,11073.3
5,417,h_a,dpu,11073.3,11232.7
5,417,eb_enc,cpu,11232.7,11232.8
5,417,eb_dec,cpu,11232.8,11233
5,417,h_s,dpu,11233,11296.4
5,417,gc,cpu,11296.4,11306.5
5,431,normalize,cpu,11307,11310.7
5,431,g_a_cpu,cpu,11310.7,11311.1
5,431,g_a,dpu,11311.1,11389.9
5,431,g_a,dpu,11389.9,11549.7
5,431,g_a_cpu,cpu,11549.7,11550
5,431,h_a,dpu,11550,11732.9
5,431,eb_enc,cpu,11732.9,11733
5,431,eb_dec,cpu,11733,11733.1
5,431,h_s,dpu,11733.1,11762.5
5,431,gc,cpu,11762.5,11773.2
5,449,normalize,cpu,11773.8,11777.5
5,449,g_a_cpu,cpu,11777.5,11777.8
5,449,g_a,dpu,11777.9,11815.1
5,449,g_a,dpu,11815.1,11852.5
5,449,g_a_cpu,cpu,11852.5,11852.8
5,449,h_a,dpu,11852.8,12012.5
5,449,eb_enc,cpu,12012.5,12012.6
5,449,eb_dec,cpu,12012.6,12012.7
5,449,h_s,dpu,12012.7,12152.2
5,449,gc,cpu,12152.2,12162.2
5,461,normalize,cpu,12162.8,12166.4
5,461,g_a_cpu,cpu,12166.4,12166.7
5,461,g_a,dpu,12166.7,12212.4
5,461,g_a,dpu,12212.4,12264.3
5,461,g_a_cpu,cpu,12264.3,12264.8
5,461,h_a,dpu,12264.8,12465.7
5,461,eb_enc,cpu,12465.7,12465.8
5,461,eb_dec,cpu,12465.8,12465.9
5,461,h_s,dpu,12465.9,12510.9
5,461,gc,cpu,12510.9,12520.9
5,476,normalize,cpu,12521.4,12525
5,476,g_a_cpu,cpu,12525,12525.4
5,476,g_a,dpu,12525.4,12562.4
5,476,g_a,dpu,12562.4,12648.8
5,476,g_a_cpu,cpu,12648.8,12649.2
5,476,h_a,dpu,12649.2,12774
5,476,eb_enc,cpu,12774,12774.1
5,476,eb_dec,cpu,12774.1,12774.2
5,476,h_s,dpu,12774.2,12854.6
5,476,gc,cpu,12854.7,12864.7
5,492,normalize,cpu,12865.2,12868.8
5,492,g_a_cpu,cpu,12868.9,12869.1
5,492,g_a,dpu,12869.1,12996.8
5,492,g_a,dpu,12996.8,13050
5,492,g_a_cpu,cpu,13050,13050.3
5,492,h_a,dpu,13050.3,13184.8
5,492,eb_enc,cpu,13184.8,13185
5,492,eb_dec,cpu,13185,13185.1
5,492,h_s,dpu,13185.1,13240.9
5,492,gc,cpu,13240.9,13256.7
5,506,normalize,cpu,13257.3,13261
5,506,g_a_cpu,cpu,13261,13261.3
5,506,g_a,dpu,13261.3,13378.9
5,506,g_a,dpu,13378.9,13497.3
5,506,g_a_cpu,cpu,13497.3,13497.7
5,506,h_a,dpu,13497.7,13601.9
5,506,eb_enc,cpu,13601.9,13602
5,506,eb_dec,cpu,13602,13602.1
5,506,h_s,dpu,13602.1,13723.1
5,506,gc,cpu,13723.1,13733.8
5,523,normalize,cpu,13734.4,13738.1
5,523,g_a_cpu,cpu,13738.1,13738.5
5,523,g_a,dpu,13738.5,13809.4
5,523,g_a,dpu,13809.4,13848.5
5,523,g_a_cpu,cpu,13848.5,13848.9
5,523,h_a,dpu,13848.9,13984.5
5,523,eb_enc,cpu,13984.5,13984.6
5,523,eb_dec,cpu,13984.6,13984.7
5,523,h_s,dpu,13984.7,14103.7
5,523,gc,cpu,14103.7,14113.6
5,538,normalize,cpu,14114.1,14117.9
5,538,g_a_cpu,cpu,14117.9,14118.2
5,538,g_a,dpu,14118.2,14172.4
5,538,g_a,dpu,14172.4,14245.4
5,538,g_a_cpu,cpu,14245.4,14245.8
5,538,h_a,dpu,14245.8,14353.6
5,538,eb_enc,cpu,14353.6,14353.7
5,538,eb_dec,cpu,14353.7,14353.9
5,538,h_s,dpu,14353.9,14414.9
5,538,gc,cpu,14414.9,14424.8
5,552,normalize,cpu,14425.3,14429.8
5,552,g_a_cpu,cpu,14429.8,14430.1
5,552,g_a,dpu,14430.1,14554.5
5,552,g_a,dpu,14554.5,14632.7
5,552,g_a_cpu,cpu,14632.7,14633.1
5,552,h_a,dpu,14633.1,14763.7
5,552,eb_enc,cpu,14763.7,14763.8
5,552,eb_dec,cpu,14763.8,14763.9
5,552,h_s,dpu,14763.9,14829.1
5,552,gc,cpu,14829.1,14839
5,568,normalize,cpu,14839.5,14843.2
5,568,g_a_cpu,cpu,14843.2,14843.5
5,568,g_a,dpu,14843.5,14939.5
5,568,g_a,dpu,14939.5,15015.1
5,568,g_a_cpu,cpu,15015.1,15015.4
5,568,h_a,dpu,15015.4,15105.7
5,568,eb_enc,cpu,15105.7,15105.8
5,568,eb_dec,cpu,15105.8,15105.9
5,568,h_s,dpu,15105.9,15176.3
5,568,gc,cpu,15176.3,15186.6
5,582,normalize,cpu,15187,15190.8
5,582,g_a_cpu,cpu,15190.8,15191.2
5,582,g_a,dpu,15191.2,15344.4
5,582,g_a,dpu,15344.4,15432.7
5,582,g_a_cpu,cpu,15432.7,15433.1
5,582,h_a,dpu,15433.1,15595.5
5,582,eb_enc,cpu,15595.5,15595.6
5,582,eb_dec,cpu,15595.6,15595.7
5,582,h_s,dpu,15595.7,15664.4
5,582,gc,cpu,15664.4,15674.5
5,599,normalize,cpu,15675,15678.7
5,599,g_a_cpu,cpu,15678.7,15679
5,599,g_a,dpu,15679,15738.4
5,599,g_a,dpu,15738.4,15817.2
5,599,g_a_cpu,cpu,15817.2,15820.8
5,599,h_a,dpu,15820.8,15940.5
5,599,eb_enc,cpu,15940.5,15940.6
5,599,eb_dec,cpu,15940.6,15940.7
5,599,h_s,dpu,15940.7,16042.5
5,599,gc,cpu,16042.5,16052.5
5,614,normalize,cpu,16053.4,16057.5
5,614,g_a_cpu,cpu,16057.5,16057.8
5,614,g_a,dpu,16057.8,16132.7
5,614,g_a,dpu,16132.8,16246.3
5,614,g_a_cpu,cpu,16246.3,16246.7
5,614,h_a,dpu,16246.7,16391.5
5,614,eb_enc,cpu,16391.5,16391.7
5,614,eb_dec,cpu,16391.7,16391.8
5,614,h_s,dpu,16391.8,16393.4
5,614,gc,cpu,16393.4,16403.5
5,627,normalize,cpu,16404.2,16407.8
5,627,g_a_cpu,cpu,16407.8,16408.3
5,627,g_a,dpu,16408.3,16520.6
5,627,g_a,dpu,16520.6,16596.6
5,627,g_a_cpu,cpu,16596.6,16597
5,627,h_a,dpu,16597,16697.1
5,627,eb_enc,cpu,16697.1,16697.2
5,627,eb_dec,cpu,16697.2,16697.4
5,627,h_s,dpu,16697.4,16751.4
5,627,gc,cpu,16751.4,16761.5
5,643,normalize,cpu,16762,16765.7
5,643,g_a_cpu,cpu,16765.7,16766
5,643,g_a,dpu,16766,16914.1
5,643,g_a,dpu,16914.1,16951.2
5,643,g_a_cpu,cpu,16951.2,16951.6
5,643,h_a,dpu,16951.6,16992.4
5,643,eb_enc,cpu,16992.4,16992.5
5,643,eb_dec,cpu,16992.5,16992.7
5,643,h_s,dpu,16992.7,17048.2
5,643,gc,cpu,17048.2,17058.2
5,655,normalize,cpu,17058.7,17062.4
5,655,g_a_cpu,cpu,17062.4,17062.7
5,655,g_a,dpu,17062.7,17192.7
5,655,g_a,dpu,17192.7,17345.6
5,655,g_a_cpu,cpu,17345.6,17346
5,655,h_a,dpu,17346,17444.9
5,655,eb_enc,cpu,17444.9,17445.1
5,655,eb_dec,cpu,17445.1,17445.2
5,655,h_s,dpu,17445.2,17495.4
5,655,gc,cpu,17495.4,17505.4
5,673,normalize,cpu,17506,17510.8
5,673,g_a_cpu,cpu,17510.8,17511.1
5,673,g_a,dpu,17511.2,17621.8
5,673,g_a,dpu,17621.8,17735.1
5,673,g_a_cpu,cpu,17735.1,17735.4
5,673,h_a,dpu,17735.4,17859.4
5,673,eb_enc,cpu,17859.4,17859.5
5,673,eb_dec,cpu,17859.5,17859.7
5,673,h_s,dpu,17859.7,17870.5
5,673,gc,cpu,17870.5,17881
5,687,normalize,cpu,17881.4,17885.1
5,687,g_a_cpu,cpu,17885.1,17885.4
5,687,g_a,dpu,17885.4,18006.9
5,687,g_a,dpu,18006.9,18043.7
5,687,g_a_cpu,cpu,18043.7,18044.1
5,687,h_a,dpu,18044.1,18127.2
5,687,eb_enc,cpu,18127.2,18127.3
5,687,eb_dec,cpu,18127.3,18127.5
5,687,h_s,dpu,18127.5,18221.7
5,687,gc,cpu,18221.7,18231.6
5,700,normalize,cpu,18232,18235.7
5,700,g_a_cpu,cpu,18235.7,18236
5,700,g_a,dpu,18236,18320.5
5,700,g_a,dpu,18320.5,18442.3
5,700,g_a_cpu,cpu,18442.3,18442.6
5,700,h_a,dpu,18442.6,18574.3
5,700,eb_enc,cpu,18574.3,18574.4
5,700,eb_dec,cpu,18574.4,18574.6
5,700,h_s,dpu,18574.6,18602.5
5,700,gc,cpu,18602.5,18613.2
5,713,normalize,cpu,18613.7,18617.5
5,713,g_a_cpu,cpu,18617.5,18617.9
5,713,g_a,dpu,18617.9,18717.9
5,713,g_a,dpu,18717.9,18840.6
5,713,g_a_cpu,cpu,18840.6,18841
5,713,h_a,dpu,18841,18984.7
5,713,eb_enc,cpu,18984.7,18984.8
5,713,eb_dec,cpu,18984.8,18984.9
5,713,h_s,dpu,18984.9,19048.1
5,713,gc,cpu,19048.1,19057.9
5,731,normalize,cpu,19058.4,19062.7
5,731,g_a_cpu,cpu,19062.7,19063
5,731,g_a,dpu,19063,19152.8
5,731,g_a,dpu,19152.8,19266.8
5,731,g_a_cpu,cpu,19266.8,19267.2
5,731,h_a,dpu,19267.2,19368.7
5,731,eb_enc,cpu,19368.7,19368.8
5,731,eb_dec,cpu,19368.8,19368.9
5,731,h_s,dpu,19368.9,19430.9
5,731,gc,cpu,19430.9,19441.3
5,747,normalize,cpu,19441.9,19445.6
5,747,g_a_cpu,cpu,19445.6,19445.9
5,747,g_a,dpu,19445.9,19585.1
5,747,g_a,dpu,19585.1,19666.2
5,747,g_a_cpu,cpu,19666.2,19666.6
5,747,h_a,dpu,19666.6,19834.9
5,747,eb_enc,cpu,19834.9,19835.1
5,747,eb_dec,cpu,19835.1,19835.2
5,747,h_s,dpu,19835.2,19878.4
5,747,gc,cpu,19878.4,19888.4
5,762,normalize,cpu,19889,19892.6
5,762,g_a_cpu,cpu,19892.6,19893.1
5,762,g_a,dpu,19893.1,19970.4
5,762,g_a,dpu,19970.4,20047.7
5,762,g_a_cpu,cpu,20047.7,20048.1
5,762,h_a,dpu,20048.1,20175
5,762,eb_enc,cpu,20175,20175.2
5,762,eb_dec,cpu,20175.2,20175.3
5,762,h_s,dpu,20175.3,20259.3
5,762,gc,cpu,20259.3,20269.4
5,778,normalize,cpu,20269.9,20274.4
5,778,g_a_cpu,cpu,20274.5,20274.9
5,778,g_a,dpu,20274.9,20390.3
5,778,g_a,dpu,20390.3,20504
5,778,g_a_cpu,cpu,20504,20504.3
5,778,h_a,dpu,20504.3,20625.4
5,778,eb_enc,cpu,20625.4,20625.5
5,778,eb_dec,cpu,20625.5,20625.6
5,778,h_s,dpu,20625.6,20710
5,778,gc,cpu,20710,20720.5
5,795,normalize,cpu,20721.1,20724.7
5,795,g_a_cpu,cpu,20724.7,20725.1
5,795,g_a,dpu,20725.1,20776.8
5,795,g_a,dpu,20776.8,20924.5
5,795,g_a_cpu,cpu,20924.5,20924.8
5,795,h_a,dpu,20924.8,21047
5,795,eb_enc,cpu,21047,21047.2
5,795,eb_dec,cpu,21047.2,21047.3
5,795,h_s,dpu,21047.3,21099.5
5,795,gc,cpu,21099.5,21109.7
5,813,normalize,cpu,21110.1,21113.8
5,813,g_a_cpu,cpu,21113.8,21114.1
5,813,g_a,dpu,21114.1,21208.5
5,813,g_a,dpu,21208.5,21320.9
5,813,g_a_cpu,cpu,21321,21321.3
5,813,h_a,dpu,21321.3,21609.1
5,813,eb_enc,cpu,21609.1,21609.3
5,813,eb_dec,cpu,21609.3,21609.4
5,813,h_s,dpu,21609.4,21693.2
5,813,gc,cpu,21693.2,21703.5
5,835,normalize,cpu,21704.1,21707.8
5,835,g_a_cpu,cpu,21707.8,21708.2
5,835,g_a,dpu,21708.2,21745.2
5,835,g_a,dpu,21745.2,21854.6
5,835,g_a_cpu,cpu,21854.6,21855
5,835,h_a,dpu,21855,21990.2
5,835,eb_enc,cpu,21990.2,21990.4
5,835,eb_dec,cpu,21990.4,21990.5
5,835,h_s,dpu,21990.5,22039
5,835,gc,cpu,22039,22049
5,847,normalize,cpu,22049.5,22053.2
5,847,g_a_cpu,cpu,22053.2,22053.6
5,847,g_a,dpu,22053.6,22132.7
5,847,g_a,dpu,22132.7,22207.9
5,847,g_a_cpu,cpu,22208,22208.4
5,847,h_a,dpu,22208.4,22367.6
5,847,eb_enc,cpu,22367.6,22367.7
5,847,eb_dec,cpu,22367.7,22367.8
5,847,h_s,dpu,22367.8,22446.7
5,847,gc,cpu,22446.7,22456.9
5,863,normalize,cpu,22457.5,22461.2
5,863,g_a_cpu,cpu,22461.2,22461.5
5,863,g_a,dpu,22461.5,22516.6
5,863,g_a,dpu,22516.6,22589.8
5,863,g_a_cpu,cpu,22589.8,22590.2
5,863,h_a,dpu,22590.2,22741.7
5,863,eb_enc,cpu,22741.7,22741.8
5,863,eb_dec,cpu,22741.8,22741.9
5,863,h_s,dpu,22741.9,22757.2
5,863,gc,cpu,22757.2,22767.1
5,877,normalize,cpu,22767.6,22771.3
5,877,g_a_cpu,cpu,22771.3,22771.6
5,877,g_a,dpu,22771.6,22841.7
5,877,g_a,dpu,22841.7,22918.2
5,877,g_a_cpu,cpu,22918.2,22918.6
5,877,h_a,dpu,22918.6,23083.3
5,877,eb_enc,cpu,23083.3,23083.5
5,877,eb_dec,cpu,23083.5,23083.6
5,877,h_s,dpu,23083.6,23129.8
5,877,gc,cpu,23129.8,23139.7
5,889,normalize,cpu,23140.2,23143.8
5,889,g_a_cpu,cpu,23143.8,23144.1
5,889,g_a,dpu,23144.2,23230.6
5,889,g_a,dpu,23230.6,23306.6
5,889,g_a_cpu,cpu,23306.6,23307
5,889,h_a,dpu,23307,23469.4
5,889,eb_enc,cpu,23469.4,23469.5
5,889,eb_dec,cpu,23469.5,23469.6
5,889,h_s,dpu,23469.6,23519.8
5,889,gc,cpu,23519.8,23530.2
5,906,normalize,cpu,23530.7,23534.4
5,906,g_a_cpu,cpu,23534.4,23534.7
5,906,g_a,dpu,23534.7,23660.3
5,906,g_a,dpu,23660.3,23747.3
5,906,g_a_cpu,cpu,23747.3,23747.6
5,906,h_a,dpu,23747.6,23949.3
5,906,eb_enc,cpu,23949.3,23949.4
5,906,eb_dec,cpu,23949.4,23949.5
5,906,h_s,dpu,23949.5,24003.8
5,906,gc,cpu,24003.9,24014.1
5,922,normalize,cpu,24014.7,24019.5
5,922,g_a_cpu,cpu,24019.5,24019.9
5,922,g_a,dpu,24019.9,24096.6
5,922,g_a,dpu,24096.6,24133.6
5,922,g_a_cpu,cpu,24133.6,24134
5,922,h_a,dpu,24134.1,24218
5,922,eb_enc,cpu,24218,24218.1
5,922,eb_dec,cpu,24218.1,24218.3
5,922,h_s,dpu,24218.3,24230.4
5,922,gc,cpu,24230.4,24240.3
6,9,normalize,cpu,80.6915,84.3424
6,9,g_a_cpu,cpu,84.4528,84.9722
6,9,g_a,dpu,84.9812,181.014
6,9,g_a,dpu,181.024,396.981
6,9,g_a_cpu,cpu,396.982,397.445
6,9,h_a,dpu,397.451,459.2
6,9,eb_enc,cpu,459.201,459.341
6,9,eb_dec,cpu,459.341,459.463
6,9,h_s,dpu,459.463,468.651
6,9,gc,cpu,468.655,483.203
6,19,normalize,cpu,483.736,487.408
6,19,g_a_cpu,cpu,487.412,487.728
6,19,g_a,dpu,487.729,686.448
6,19,g_a,dpu,686.449,902.104
6,19,g_a_cpu,cpu,902.106,902.696
6,19,h_a,dpu,902.698,918.753
6,19,eb_enc,cpu,918.754,918.898
6,19,eb_dec,cpu,918.9,919.018
6,19,h_s,dpu,919.018,932.756
6,19,gc,cpu,932.757,946.998
6,35,normalize,cpu,947.46,951.096
6,35,g_a_cpu,cpu,951.101,951.417
6,35,g_a,dpu,951.421,1332.83
6,35,g_a,dpu,1332.83,1448.75
6,35,g_a_cpu,cpu,1448.75,1449.08
6,35,h_a,dpu,1449.09,1471
6,35,eb_enc,cpu,1471,1471.13
6,35,eb_dec,cpu,1471.13,1471.25
6,35,h_s,dpu,1471.25,1684.63
6,35,gc,cpu,1684.63,1695.49
6,63,normalize,cpu,1695.97,1699.65
6,63,g_a_cpu,cpu,1699.65,1699.93
6,63,g_a,dpu,1699.93,1857.67
6,63,g_a,dpu,1857.68,1980.16
6,63,g_a_cpu,cpu,1980.17,1980.51
6,63,h_a,dpu,1980.51,2058.39
6,63,eb_enc,cpu,2058.39,2058.54
6,63,eb_dec,cpu,2058.54,2058.66
6,63,h_s,dpu,2058.66,2160.84
6,63,gc,cpu,2160.84,2171.2
6,79,normalize,cpu,2171.75,2175.48
6,79,g_a_cpu,cpu,2175.48,2175.82
6,79,g_a,dpu,2175.83,2360.68
6,79,g_a,dpu,2360.68,2480.15
6,79,g_a_cpu,cpu,2480.15,2480.51
6,79,h_a,dpu,2480.51,2566.37
6,79,eb_enc,cpu,2566.37,2566.49
6,79,eb_dec,cpu,2566.49,2566.6
6,79,h_s,dpu,2566.6,2666.5
6,79,gc,cpu,2666.5,2676.54
6,101,normalize,cpu,2677.11,2680.78
6,101,g_a_cpu,cpu,2680.78,2681.13
6,101,g_a,dpu,2681.13,2818.82
6,101,g_a,dpu,2818.82,2930.38
6,101,g_a_cpu,cpu,2930.38,2930.88
6,101,h_a,dpu,2930.89,3019.67
6,101,eb_enc,cpu,3019.67,3019.81
6,101,eb_dec,cpu,3019.81,3019.93
6,101,h_s,dpu,3019.93,3075.63
6,101,gc,cpu,3075.64,3086.33
6,117,normalize,cpu,3086.91,3090.66
6,117,g_a_cpu,cpu,3090.66,3091.05
6,117,g_a,dpu,3091.05,3263.52
6,117,g_a,dpu,3263.52,3420.37
6,117,g_a_cpu,cpu,3420.38,3420.82
6,117,h_a,dpu,3420.83,3512.5
6,117,eb_enc,cpu,3512.5,3512.64
6,117,eb_dec,cpu,3512.64,3512.77
6,117,h_s,dpu,3512.77,3618.52
6,117,gc,cpu,3618.52,3628.57
6,137,normalize,cpu,3629.26,3632.92
6,137,g_a_cpu,cpu,3632.93,3633.29
6,137,g_a,dpu,3633.29,3728.97
6,137,g_a,dpu,3728.97,3873.1
6,137,g_a_cpu,cpu,3873.1,3873.7
6,137,h_a,dpu,3873.7,3928.97
6,137,eb_enc,cpu,3928.97,3929.11
6,137,eb_dec,cpu,3929.11,3929.23
6,137,h_s,dpu,3929.23,4018.15
6,137,gc,cpu,4018.15,4028.51
6,153,normalize,cpu,4029.09,4032.75
6,153,g_a_cpu,cpu,4032.75,4033.17
6,153,g_a,dpu,4033.18,4179.02
6,153,g_a,dpu,4179.02,4401.26
6,153,g_a_cpu,cpu,4401.26,4401.73
6,153,h_a,dpu,4401.73,4403.96
6,153,eb_enc,cpu,4403.97,4404.1
6,153,eb_dec,cpu,4404.1,4404.24
6,153,h_s,dpu,4404.24,4485.18
6,153,gc,cpu,4485.18,4495.08
6,172,normalize,cpu,4495.55,4499.22
6,172,g_a_cpu,cpu,4499.23,4499.51
6,172,g_a,dpu,4499.52,4670.79
6,172,g_a,dpu,4670.79,4862.49
6,172,g_a_cpu,cpu,4862.49,4862.85
6,172,h_a,dpu,4862.85,4881.33
6,172,eb_enc,cpu,4881.33,4881.47
6,172,eb_dec,cpu,4881.47,4881.58
6,172,h_s,dpu,4881.58,4955.12
6,172,gc,cpu,4955.12,4969.53
6,189,normalize,cpu,4970.13,4973.81
6,189,g_a_cpu,cpu,4973.81,4974.08
6,189,g_a,dpu,4974.09,5010.6
6,189,g_a,dpu,5010.6,5197.58
6,189,g_a_cpu,cpu,5197.58,5198.06
6,189,h_a,dpu,5198.07,5288.2
6,189,eb_enc,cpu,5288.2,5288.32
6,189,eb_dec,cpu,5288.33,5288.43
6,189,h_s,dpu,5288.43,5305.83
6,189,gc,cpu,5305.84,5316.73
6,200,normalize,cpu,5317.35,5321.09
6,200,g_a_cpu,cpu,5321.09,5321.45
6,200,g_a,dpu,5321.45,5460.9
6,200,g_a,dpu,5460.9,5497.31
6,200,g_a_cpu,cpu,5497.31,5497.65
6,200,h_a,dpu,5497.65,5599.91
6,200,eb_enc,cpu,5599.91,5600.06
6,200,eb_dec,cpu,5600.07,5600.22
6,200,h_s,dpu,5600.22,5665.04
6,200,gc,cpu,5665.04,5676.76
6,215,normalize,cpu,5677.38,5681.07
6,215,g_a_cpu,cpu,5681.07,5681.46
6,215,g_a,dpu,5681.47,5843.17
6,215,g_a,dpu,5843.18,5879.53
6,215,g_a_cpu,cpu,5879.53,5880.01
6,215,h_a,dpu,5880.01,5956.78
6,215,eb_enc,cpu,5956.78,5956.9
6,215,eb_dec,cpu,5956.9,5957.02
6,215,h_s,dpu,5957.02,6087.17
6,215,gc,cpu,6087.18,6097.12
6,231,normalize,cpu,6097.75,6101.4
6,231,g_a_cpu,cpu,6101.41,6102.12
6,231,g_a,dpu,6102.12,6176.21
6,231,g_a,dpu,6176.21,6216.32
6,231,g_a_cpu,cpu,6216.33,6216.71
6,231,h_a,dpu,6216.71,6259.2
6,231,eb_enc,cpu,6259.2,6259.35
6,231,eb_dec,cpu,6259.35,6259.47
6,231,h_s,dpu,6259.47,6458.79
6,231,gc,cpu,6458.79,6468.68
6,248,normalize,cpu,6469.17,6472.85
6,248,g_a_cpu,cpu,6472.86,6473.13
6,248,g_a,dpu,6473.14,6637.6
6,248,g_a,dpu,6637.6,6821.18
6,248,g_a_cpu,cpu,6821.19,6821.68
6,248,h_a,dpu,6821.68,6837.4
6,248,eb_enc,cpu,6837.4,6837.52
6,248,eb_dec,cpu,6837.52,6837.64
6,248,h_s,dpu,6837.64,6889.27
6,248,gc,cpu,6889.28,6899.87
6,265,normalize,cpu,6900.41,6904.05
6,265,g_a_cpu,cpu,6904.05,6904.32
6,265,g_a,dpu,6904.33,7090.86
6,265,g_a,dpu,7090.86,7241.24
6,265,g_a_cpu,cpu,7241.24,7241.67
6,265,h_a,dpu,7241.67,7293.35
6,265,eb_enc,cpu,7293.35,7293.5
6,265,eb_dec,cpu,7293.5,7293.61
6,265,h_s,dpu,7293.61,7390.58
6,265,gc,cpu,7390.58,7400.56
6,284,normalize,cpu,7401.2,7404.9
6,284,g_a_cpu,cpu,7404.9,7405.15
6,284,g_a,dpu,7405.15,7548.74
6,284,g_a,dpu,7548.74,7734
6,284,g_a_cpu,cpu,7734,7734.44
6,284,h_a,dpu,7734.45,7736.04
6,284,eb_enc,cpu,7736.04,7736.18
6,284,eb_dec,cpu,7736.18,7736.29
6,284,h_s,dpu,7736.29,7870.15
6,284,gc,cpu,7870.16,7880.23
6,304,normalize,cpu,7880.77,7884.44
6,304,g_a_cpu,cpu,7884.45,7884.81
6,304,g_a,dpu,7884.81,8045.55
6,304,g_a,dpu,8045.55,8230.66
6,304,g_a_cpu,cpu,8230.66,8231.21
6,304,h_a,dpu,8231.21,8283.77
6,304,eb_enc,cpu,8283.78,8283.91
6,304,eb_dec,cpu,8283.91,8284.02
6,304,h_s,dpu,8284.02,8379.76
6,304,gc,cpu,8379.76,8389.53
6,322,normalize,cpu,8390.04,8393.68
6,322,g_a_cpu,cpu,8393.69,8393.99
6,322,g_a,dpu,8394,8568.92
6,322,g_a,dpu,8568.92,8845.72
6,322,g_a_cpu,cpu,8845.73,8846.1
6,322,h_a,dpu,8846.1,8968.64
6,322,eb_enc,cpu,8968.65,8968.77
6,322,eb_dec,cpu,8968.77,8968.88
6,322,h_s,dpu,8968.88,8972.53
6,322,gc,cpu,8972.53,8982.95
6,343,normalize,cpu,8984.34,8987.96
6,343,g_a_cpu,cpu,8987.96,8988.38
6,343,g_a,dpu,8988.39,9148.42
6,343,g_a,dpu,9148.42,9184.85
6,343,g_a_cpu,cpu,9184.86,9185.45
6,343,h_a,dpu,9185.46,9285.37
6,343,eb_enc,cpu,9285.37,9285.49
6,343,eb_dec,cpu,9285.49,9285.6
6,343,h_s,dpu,9285.6,9334.04
6,343,gc,cpu,9334.05,9344.05
6,357,normalize,cpu,9344.61,9348.3
6,357,g_a_cpu,cpu,9348.3,9348.63
6,357,g_a,dpu,9348.63,9492.17
6,357,g_a,dpu,9492.18,9648.24
6,357,g_a_cpu,cpu,9648.24,9648.59
6,357,h_a,dpu,9648.59,9734.22
6,357,eb_enc,cpu,9734.23,9734.35
6,357,eb_dec,cpu,9734.35,9734.46
6,357,h_s,dpu,9734.46,9772.31
6,357,gc,cpu,9772.31,9782.3
6,374,normalize,cpu,9782.82,9786.48
6,374,g_a_cpu,cpu,9786.48,9786.79
6,374,g_a,dpu,9786.8,9912.06
6,374,g_a,dpu,9912.06,10093.7
6,374,g_a_cpu,cpu,10093.7,10094.1
6,374,h_a,dpu,10094.1,10117.9
6,374,eb_enc,cpu,10117.9,10118
6,374,eb_dec,cpu,10118,10118.1
6,374,h_s,dpu,10118.1,10163.2
6,374,gc,cpu,10163.2,10173.1
6,391,normalize,cpu,10173.8,10177.4
6,391,g_a_cpu,cpu,10177.4,10177.7
6,391,g_a,dpu,10177.7,10362.1
6,391,g_a,dpu,10362.1,10398.5
6,391,g_a_cpu,cpu,10398.5,10399
6,391,h_a,dpu,10399,10454.1
6,391,eb_enc,cpu,10454.2,10454.3
6,391,eb_dec,cpu,10454.3,10454.4
6,391,h_s,dpu,10454.4,10511.9
6,391,gc,cpu,10511.9,10530.1
6,404,normalize,cpu,10530.6,10537.3
6,404,g_a_cpu,cpu,10537.3,10537.8
6,404,g_a,dpu,10537.8,10708.1
6,404,g_a,dpu,10708.1,10891.3
6,404,g_a_cpu,cpu,10891.3,10891.9
6,404,h_a,dpu,10891.9,10912.6
6,404,eb_enc,cpu,10912.6,10912.8
6,404,eb_dec,cpu,10912.8,10912.9
6,404,h_s,dpu,10912.9,10963.2
6,404,gc,cpu,10963.2,10972.9
6,421,normalize,cpu,10973.7,10978.6
6,421,g_a_cpu,cpu,10978.6,10978.9
6,421,g_a,dpu,10978.9,11158.6
6,421,g_a,dpu,11158.6,11194.9
6,421,g_a_cpu,cpu,11194.9,11195.2
6,421,h_a,dpu,11195.2,11294
6,421,eb_enc,cpu,11294,11294.2
6,421,eb_dec,cpu,11294.2,11294.3
6,421,h_s,dpu,11294.3,11310.9
6,421,gc,cpu,11310.9,11321.3
6,432,normalize,cpu,11321.9,11325.6
6,432,g_a_cpu,cpu,11325.6,11325.9
6,432,g_a,dpu,11325.9,11475.9
6,432,g_a,dpu,11475.9,11660.1
6,432,g_a_cpu,cpu,11660.1,11660.6
6,432,h_a,dpu,11660.6,11710.9
6,432,eb_enc,cpu,11710.9,11711
6,432,eb_dec,cpu,11711,11711.2
6,432,h_s,dpu,11711.2,11749.2
6,432,gc,cpu,11749.2,11759.1
6,447,normalize,cpu,11759.7,11765.3
6,447,g_a_cpu,cpu,11765.3,11765.7
6,447,g_a,dpu,11765.7,11902.5
6,447,g_a,dpu,11902.5,12121.1
6,447,g_a_cpu,cpu,12121.1,12121.5
6,447,h_a,dpu,12121.5,12191.6
6,447,eb_enc,cpu,12191.6,12191.8
6,447,eb_dec,cpu,12191.8,12191.9
6,447,h_s,dpu,12191.9,12217.7
6,447,gc,cpu,12217.7,12228.1
6,468,normalize,cpu,12228.8,12232.4
6,468,g_a_cpu,cpu,12232.4,12232.9
6,468,g_a,dpu,12232.9,12393.2
6,468,g_a,dpu,12393.2,12540.2
6,468,g_a_cpu,cpu,12540.2,12540.7
6,468,h_a,dpu,12540.7,12555.2
6,468,eb_enc,cpu,12555.2,12555.3
6,468,eb_dec,cpu,12555.3,12555.4
6,468,h_s,dpu,12555.4,12610.5
6,468,gc,cpu,12610.5,12620.8
6,481,normalize,cpu,12621.3,12625
6,481,g_a_cpu,cpu,12625,12625.3
6,481,g_a,dpu,12625.3,12773.2
6,481,g_a,dpu,12773.2,12991.6
6,481,g_a_cpu,cpu,12991.6,12991.9
6,481,h_a,dpu,12991.9,13009.7
6,481,eb_enc,cpu,13009.7,13009.9
6,481,eb_dec,cpu,13009.9,13010
6,481,h_s,dpu,13010,13063.8
6,481,gc,cpu,13063.8,13077.1
6,500,normalize,cpu,13077.7,13081.4
6,500,g_a_cpu,cpu,13081.4,13081.7
6,500,g_a,dpu,13081.8,13224.2
6,500,g_a,dpu,13224.2,13372.7
6,500,g_a_cpu,cpu,13372.7,13373
6,500,h_a,dpu,13373,13396.2
6,500,eb_enc,cpu,13396.2,13396.3
6,500,eb_dec,cpu,13396.3,13396.4
6,500,h_s,dpu,13396.4,13502.7
6,500,gc,cpu,13502.7,13513.1
6,518,normalize,cpu,13513.7,13517.3
6,518,g_a_cpu,cpu,13517.3,13517.6
6,518,g_a,dpu,13517.6,13675.1
6,518,g_a,dpu,13675.1,13857.9
6,518,g_a_cpu,cpu,13857.9,13858.2
6,518,h_a,dpu,13858.2,13860
6,518,eb_enc,cpu,13860,13860.1
6,518,eb_dec,cpu,13860.1,13860.3
6,518,h_s,dpu,13860.3,13941.6
6,518,gc,cpu,13941.6,13952.7
6,533,normalize,cpu,13953.3,13957
6,533,g_a_cpu,cpu,13957,13957.3
6,533,g_a,dpu,13957.3,14093.3
6,533,g_a,dpu,14093.3,14206.2
6,533,g_a_cpu,cpu,14206.2,14206.6
6,533,h_a,dpu,14206.6,14297.9
6,533,eb_enc,cpu,14297.9,14298
6,533,eb_dec,cpu,14298,14298.2
6,533,h_s,dpu,14298.2,14402.6
6,533,gc,cpu,14402.6,14412.4
6,551,normalize,cpu,14413.4,14418.5
6,551,g_a_cpu,cpu,14418.5,14418.9
6,551,g_a,dpu,14418.9,14538
6,551,g_a,dpu,14538,14689.2
6,551,g_a_cpu,cpu,14689.2,14689.8
6,551,h_a,dpu,14689.8,14751.1
6,551,eb_enc,cpu,14751.2,14751.3
6,551,eb_dec,cpu,14751.3,14751.4
6,551,h_s,dpu,14751.4,14862.2
6,551,gc,cpu,14862.2,14872
6,569,normalize,cpu,14872.5,14876.2
6,569,g_a_cpu,cpu,14876.2,14876.5
6,569,g_a,dpu,14876.5,15032.5
6,569,g_a,dpu,15032.5,15144.1
6,569,g_a_cpu,cpu,15144.1,15144.6
6,569,h_a,dpu,15144.6,15249.2
6,569,eb_enc,cpu,15249.2,15249.3
6,569,eb_dec,cpu,15249.3,15249.5
6,569,h_s,dpu,15249.5,15345.4
6,569,gc,cpu,15345.4,15355.6
6,586,normalize,cpu,15356.3,15359.9
6,586,g_a_cpu,cpu,15359.9,15360.3
6,586,g_a,dpu,15360.3,15484.2
6,586,g_a,dpu,15484.2,15632.5
6,586,g_a_cpu,cpu,15632.5,15632.9
6,586,h_a,dpu,15632.9,15701.4
6,586,eb_enc,cpu,15701.4,15701.5
6,586,eb_dec,cpu,15701.5,15701.6
6,586,h_s,dpu,15701.6,15739.4
6,586,gc,cpu,15739.4,15749.3
6,601,normalize,cpu,15750.1,15753.7
6,601,g_a_cpu,cpu,15753.7,15754.1
6,601,g_a,dpu,15754.1,15900.6
6,601,g_a,dpu,15900.6,16084.9
6,601,g_a_cpu,cpu,16084.9,16085.3
6,601,h_a,dpu,16085.3,16153.9
6,601,eb_enc,cpu,16153.9,16154
6,601,eb_dec,cpu,16154,16154.1
6,601,h_s,dpu,16154.1,16249.8
6,601,gc,cpu,16249.8,16259.6
6,624,normalize,cpu,16260.3,16263.9
6,624,g_a_cpu,cpu,16263.9,16264.3
6,624,g_a,dpu,16264.3,16432.2
6,624,g_a,dpu,16432.2,16579.9
6,624,g_a_cpu,cpu,16579.9,16580.4
6,624,h_a,dpu,16580.4,16638.8
6,624,eb_enc,cpu,16638.8,16639.1
6,624,eb_dec,cpu,16639.1,16639.5
6,624,h_s,dpu,16639.5,16641.2
6,624,gc,cpu,16641.2,16652.2
6,639,normalize,cpu,16653,16656.7
6,639,g_a_cpu,cpu,16656.7,16657.2
6,639,g_a,dpu,16657.2,16954.7
6,639,g_a,dpu,16954.7,17028.4
6,639,g_a_cpu,cpu,17028.4,17028.9
6,639,h_a,dpu,17028.9,17089.4
6,639,eb_enc,cpu,17089.4,17089.5
6,639,eb_dec,cpu,17089.5,17089.7
6,639,h_s,dpu,17089.7,17232.2
6,639,gc,cpu,17232.2,17242.1
6,660,normalize,cpu,17242.6,17246.3
6,660,g_a_cpu,cpu,17246.3,17246.7
6,660,g_a,dpu,17246.7,17370.3
6,660,g_a,dpu,17370.3,17481.7
6,660,g_a_cpu,cpu,17481.7,17482
6,660,h_a,dpu,17482,17533.2
6,660,eb_enc,cpu,17533.2,17533.3
6,660,eb_dec,cpu,17533.3,17533.4
6,660,h_s,dpu,17533.4,17622.8
6,660,gc,cpu,17622.8,17632.8
6,676,normalize,cpu,17634.3,17638
6,676,g_a_cpu,cpu,17638,17638.4
6,676,g_a,dpu,17638.4,17821.7
6,676,g_a,dpu,17821.7,17940.1
6,676,g_a_cpu,cpu,17940.1,17940.6
6,676,h_a,dpu,17940.6,18027.9
6,676,eb_enc,cpu,18027.9,18028.1
6,676,eb_dec,cpu,18028.1,18028.2
6,676,h_s,dpu,18028.2,18125.2
6,676,gc,cpu,18125.2,18135.6
6,695,normalize,cpu,18136.7,18141.7
6,695,g_a_cpu,cpu,18141.7,18142.2
6,695,g_a,dpu,18142.2,18276.5
6,695,g_a,dpu,18276.5,18312.9
6,695,g_a_cpu,cpu,18312.9,18313.4
6,695,h_a,dpu,18313.4,18377.1
6,695,eb_enc,cpu,18377.1,18377.2
6,695,eb_dec,cpu,18377.2,18377.3
6,695,h_s,dpu,18377.3,18483.1
6,695,gc,cpu,18483.1,18493.2
6,710,normalize,cpu,18493.8,18497.5
6,710,g_a_cpu,cpu,18497.5,18497.8
6,710,g_a,dpu,18497.8,18652.2
6,710,g_a,dpu,18652.2,18800.3
6,710,g_a_cpu,cpu,18800.3,18801
6,710,h_a,dpu,18801,18935.6
6,710,eb_enc,cpu,18935.6,18935.8
6,710,eb_dec,cpu,18935.8,18935.9
6,710,h_s,dpu,18935.9,18962.3
6,710,gc,cpu,18962.3,18972.1
6,728,normalize,cpu,18972.6,18976.4
6,728,g_a_cpu,cpu,18976.5,18976.8
6,728,g_a,dpu,18976.8,19174.2
6,728,g_a,dpu,19174.2,19552.3
6,728,g_a_cpu,cpu,19552.3,19552.6
6,728,h_a,dpu,19552.6,19577.5
6,728,eb_enc,cpu,19577.5,19577.6
6,728,eb_dec,cpu,19577.6,19577.7
6,728,h_s,dpu,19577.7,19629.7
6,728,gc,cpu,19629.7,19639.4
6,756,normalize,cpu,19640,19644.5
6,756,g_a_cpu,cpu,19644.5,19644.8
6,756,g_a,dpu,19644.8,19833.7
6,756,g_a,dpu,19833.7,20019.5
6,756,g_a_cpu,cpu,20019.5,20019.8
6,756,h_a,dpu,20019.8,20021.6
6,756,eb_enc,cpu,20021.6,20021.7
6,756,eb_dec,cpu,20021.7,20021.8
6,756,h_s,dpu,20021.8,20274.3
6,756,gc,cpu,20274.3,20286
6,779,normalize,cpu,20286.7,20290.3
6,779,g_a_cpu,cpu,20290.3,20290.7
6,779,g_a,dpu,20290.7,20398.1
6,779,g_a,dpu,20398.1,20512.2
6,779,g_a_cpu,cpu,20512.3,20512.6
6,779,h_a,dpu,20512.6,20635.8
6,779,eb_enc,cpu,20635.8,20636
6,779,eb_dec,cpu,20636,20636.2
6,779,h_s,dpu,20636.2,20695.9
6,779,gc,cpu,20695.9,20706
6,794,normalize,cpu,20706.5,20710.8
6,794,g_a_cpu,cpu,20710.8,20711.3
6,794,g_a,dpu,20711.3,20823
6,794,g_a,dpu,20823,20936.4
6,794,g_a_cpu,cpu,20936.4,20937
6,794,h_a,dpu,20937,21021.3
6,794,eb_enc,cpu,21021.3,21021.4
6,794,eb_dec,cpu,21021.4,21021.5
6,794,h_s,dpu,21021.5,21085.9
6,794,gc,cpu,21085.9,21095.9
6,810,normalize,cpu,21096.6,21100.4
6,810,g_a_cpu,cpu,21100.4,21100.8
6,810,g_a,dpu,21100.8,21234.1
6,810,g_a,dpu,21234.1,21384.1
6,810,g_a_cpu,cpu,21384.1,21384.4
6,810,h_a,dpu,21384.4,21435.9
6,810,eb_enc,cpu,21435.9,21436
6,810,eb_dec,cpu,21436,21436.2
6,810,h_s,dpu,21436.2,21519
6,810,gc,cpu,21519,21529.2
6,827,normalize,cpu,21529.7,21533.4
6,827,g_a_cpu,cpu,21533.4,21533.9
6,827,g_a,dpu,21533.9,21652.2
6,827,g_a,dpu,21652.2,21876.2
6,827,g_a_cpu,cpu,21876.2,21876.5
6,827,h_a,dpu,21876.5,21925.3
6,827,eb_enc,cpu,21925.3,21925.4
6,827,eb_dec,cpu,21925.4,21925.5
6,827,h_s,dpu,21925.5,21976.1
6,827,gc,cpu,21976.1,21985.9
6,844,normalize,cpu,21986.4,21990.6
6,844,g_a_cpu,cpu,21990.6,21991
6,844,g_a,dpu,21991,22027.5
6,844,g_a,dpu,22027.5,22145.1
6,844,g_a_cpu,cpu,22145.1,22145.7
6,844,h_a,dpu,22145.7,22185.6
6,844,eb_enc,cpu,22185.6,22185.8
6,844,eb_dec,cpu,22185.8,22185.9
6,844,h_s,dpu,22185.9,22282.1
6,844,gc,cpu,22282.1,22292.2
6,857,normalize,cpu,22292.8,22296.5
6,857,g_a_cpu,cpu,22296.5,22297.1
6,857,g_a,dpu,22297.1,22441.4
6,857,g_a,dpu,22441.4,22593.9
6,857,g_a_cpu,cpu,22593.9,22594.2
6,857,h_a,dpu,22594.2,22640.7
6,857,eb_enc,cpu,22640.7,22640.8
6,857,eb_dec,cpu,22640.8,22640.9
6,857,h_s,dpu,22640.9,22714.6
6,857,gc,cpu,22714.6,22724.5
6,873,normalize,cpu,22725,22728.7
6,873,g_a_cpu,cpu,22728.7,22729
6,873,g_a,dpu,22729,22900.3
6,873,g_a,dpu,22900.3,23082.4
6,873,g_a_cpu,cpu,23082.4,23083
6,873,h_a,dpu,23083,23128.9
6,873,eb_enc,cpu,23128.9,23129
6,873,eb_dec,cpu,23129,23129.1
6,873,h_s,dpu,23129.1,23193.3
6,873,gc,cpu,23193.3,23203.3
6,893,normalize,cpu,23203.7,23207.4
6,893,g_a_cpu,cpu,23207.4,23207.7
6,893,g_a,dpu,23207.7,23393.9
6,893,g_a,dpu,23393.9,23544.2
6,893,g_a_cpu,cpu,23544.2,23544.9
6,893,h_a,dpu,23544.9,23631.1
6,893,eb_enc,cpu,23631.1,23631.3
6,893,eb_dec,cpu,23631.3,23631.4
6,893,h_s,dpu,23631.4,23661.8
6,893,gc,cpu,23661.8,23672.7
6,913,normalize,cpu,23673.2,23677
6,913,g_a_cpu,cpu,23677,23677.3
6,913,g_a,dpu,23677.3,23840.2
6,913,g_a,dpu,23840.2,23987.2
6,913,g_a_cpu,cpu,23987.2,23987.7
6,913,h_a,dpu,23987.7,24042.3
6,913,eb_enc,cpu,24042.3,24042.5
6,913,eb_dec,cpu,24042.5,24042.6
6,913,h_s,dpu,24042.6,24211.6
6,913,gc,cpu,24211.6,24222.5
7,3,normalize,cpu,71.5869,75.2729
7,3,g_a_cpu,cpu,75.4419,75.7674
7,3,g_a,dpu,75.7749,237.827
7,3,g_a,dpu,237.83,456.828
7,3,g_a_cpu,cpu,456.829,457.305
7,3,h_a,dpu,457.313,466.608
7,3,eb_enc,cpu,466.608,466.741
7,3,eb_dec,cpu,466.742,466.857
7,3,h_s,dpu,466.857,543.019
7,3,gc,cpu,543.025,571.042
7,30,normalize,cpu,571.683,575.372
7,30,g_a_cpu,cpu,575.375,575.817
7,30,g_a,dpu,575.82,697.607
7,30,g_a,dpu,697.608,841.685
7,30,g_a_cpu,cpu,841.687,842.106
7,30,h_a,dpu,842.108,915.821
7,30,eb_enc,cpu,915.821,915.975
7,30,eb_dec,cpu,915.977,916.149
7,30,h_s,dpu,916.149,1001.41
7,30,gc,cpu,1001.41,1011.86
7,44,normalize,cpu,1016.44,1020.05
7,44,g_a_cpu,cpu,1020.06,1020.47
7,44,g_a,dpu,1020.47,1119.64
7,44,g_a,dpu,1119.64,1264.32
7,44,g_a_cpu,cpu,1264.32,1264.74
7,44,h_a,dpu,1264.74,1378.62
7,44,eb_enc,cpu,1378.62,1378.74
7,44,eb_dec,cpu,1378.75,1378.87
7,44,h_s,dpu,1378.87,1451.93
7,44,gc,cpu,1451.93,1462.22
7,56,normalize,cpu,1463.83,1473.92
7,56,g_a_cpu,cpu,1473.93,1474.27
7,56,g_a,dpu,1474.27,1510.97
7,56,g_a,dpu,1510.99,1547.69
7,56,g_a_cpu,cpu,1547.69,1548.01
7,56,h_a,dpu,1548.01,1690.41
7,56,eb_enc,cpu,1690.41,1690.54
7,56,eb_dec,cpu,1690.54,1690.65
7,56,h_s,dpu,1690.65,1821.71
7,56,gc,cpu,1821.71,1831.79
7,67,normalize,cpu,1832.35,1836.02
7,67,g_a_cpu,cpu,1836.02,1836.27
7,67,g_a,dpu,1836.27,1872.88
7,67,g_a,dpu,1872.88,1909.35
7,67,g_a_cpu,cpu,1909.36,1909.88
7,67,h_a,dpu,1909.88,1971.54
7,67,eb_enc,cpu,1971.54,1971.67
7,67,eb_dec,cpu,1971.67,1971.78
7,67,h_s,dpu,1971.78,2164.4
7,67,gc,cpu,2164.4,2174.89
7,81,normalize,cpu,2175.4,2179.11
7,81,g_a_cpu,cpu,2179.11,2179.44
7,81,g_a,dpu,2179.44,2215.96
7,81,g_a,dpu,2215.97,2289.27
7,81,g_a_cpu,cpu,2289.28,2289.8
7,81,h_a,dpu,2289.81,2356.45
7,81,eb_enc,cpu,2356.45,2356.64
7,81,eb_dec,cpu,2356.64,2356.75
7,81,h_s,dpu,2356.75,2440.34
7,81,gc,cpu,2440.34,2450.77
7,93,normalize,cpu,2451.54,2455.19
7,93,g_a_cpu,cpu,2455.2,2455.48
7,93,g_a,dpu,2455.49,2565.27
7,93,g_a,dpu,2565.28,2676.99
7,93,g_a_cpu,cpu,2676.99,2677.37
7,93,h_a,dpu,2677.38,2781.28
7,93,eb_enc,cpu,2781.28,2781.49
7,93,eb_dec,cpu,2781.49,2781.64
7,93,h_s,dpu,2781.64,2894.58
7,93,gc,cpu,2894.58,2904.49
7,111,normalize,cpu,2905.08,2908.71
7,111,g_a_cpu,cpu,2908.71,2909.45
7,111,g_a,dpu,2909.45,3018.66
7,111,g_a,dpu,3018.66,3134.94
7,111,g_a_cpu,cpu,3134.94,3135.42
7,111,h_a,dpu,3135.43,3190.92
7,111,eb_enc,cpu,3190.93,3191.12
7,111,eb_dec,cpu,3191.13,3191.25
7,111,h_s,dpu,3191.25,3270.27
7,111,gc,cpu,3270.27,3280.41
7,125,normalize,cpu,3280.91,3284.56
7,125,g_a_cpu,cpu,3284.57,3284.92
7,125,g_a,dpu,3284.92,3400.99
7,125,g_a,dpu,3400.99,3511.36
7,125,g_a_cpu,cpu,3511.36,3511.82
7,125,h_a,dpu,3511.82,3617.12
7,125,eb_enc,cpu,3617.13,3617.26
7,125,eb_dec,cpu,3617.26,3617.37
7,125,h_s,dpu,3617.37,3688.91
7,125,gc,cpu,3688.91,3699.11
7,141,normalize,cpu,3699.63,3704.3
7,141,g_a_cpu,cpu,3704.31,3705
7,141,g_a,dpu,3705.01,3781.41
7,141,g_a,dpu,3781.41,3890.16
7,141,g_a_cpu,cpu,3890.16,3890.49
7,141,h_a,dpu,3890.49,3975.41
7,141,eb_enc,cpu,3975.41,3975.53
7,141,eb_dec,cpu,3975.53,3975.65
7,141,h_s,dpu,3975.65,4064.74
7,141,gc,cpu,4064.74,4075.16
7,156,normalize,cpu,4075.66,4079.31
7,156,g_a_cpu,cpu,4079.32,4079.69
7,156,g_a,dpu,4079.7,4154.93
7,156,g_a,dpu,4154.93,4268.73
7,156,g_a_cpu,cpu,4268.73,4269.17
7,156,h_a,dpu,4269.17,4365.93
7,156,eb_enc,cpu,4365.93,4366.05
7,156,eb_dec,cpu,4366.06,4366.17
7,156,h_s,dpu,4366.17,4514.07
7,156,gc,cpu,4514.07,4525.51
7,173,normalize,cpu,4526.3,4530.06
7,173,g_a_cpu,cpu,4530.06,4530.53
7,173,g_a,dpu,4530.54,4617.65
7,173,g_a,dpu,4617.65,4696.14
7,173,g_a_cpu,cpu,4696.14,4696.53
7,173,h_a,dpu,4696.53,4870.6
7,173,eb_enc,cpu,4870.6,4870.73
7,173,eb_dec,cpu,4870.73,4870.84
7,173,h_s,dpu,4870.84,5011.34
7,173,gc,cpu,5011.34,5021.23
7,193,normalize,cpu,5030.83,5034.5
7,193,g_a_cpu,cpu,5034.5,5034.82
7,193,g_a,dpu,5034.82,5140.18
7,193,g_a,dpu,5140.18,5250.32
7,193,g_a_cpu,cpu,5250.32,5250.63
7,193,h_a,dpu,5250.63,5302.73
7,193,eb_enc,cpu,5302.73,5302.85
7,193,eb_dec,cpu,5302.85,5302.97
7,193,h_s,dpu,5302.97,5424.35
7,193,gc,cpu,5424.36,5434.38
7,208,normalize,cpu,5434.91,5438.58
7,208,g_a_cpu,cpu,5438.58,5438.91
7,208,g_a,dpu,5438.91,5490.39
7,208,g_a,dpu,5490.39,5598.81
7,208,g_a_cpu,cpu,5598.81,5599.24
7,208,h_a,dpu,5599.24,5664.02
7,208,eb_enc,cpu,5664.03,5664.17
7,208,eb_dec,cpu,5664.17,5664.29
7,208,h_s,dpu,5664.29,5795.9
7,208,gc,cpu,5795.9,5806.44
7,221,normalize,cpu,5806.88,5812.62
7,221,g_a_cpu,cpu,5812.62,5813.05
7,221,g_a,dpu,5813.05,5883.13
7,221,g_a,dpu,5883.13,5993.22
7,221,g_a_cpu,cpu,5993.22,5993.62
7,221,h_a,dpu,5993.63,6128.45
7,221,eb_enc,cpu,6128.46,6128.6
7,221,eb_dec,cpu,6128.6,6128.71
7,221,h_s,dpu,6128.71,6218.02
7,221,gc,cpu,6218.02,6228.07
7,238,normalize,cpu,6228.59,6232.23
7,238,g_a_cpu,cpu,6232.23,6232.52
7,238,g_a,dpu,6232.52,6301.56
7,238,g_a,dpu,6301.56,6340.67
7,238,g_a_cpu,cpu,6340.68,6341.42
7,238,h_a,dpu,6341.43,6456.82
7,238,eb_enc,cpu,6456.82,6456.95
7,238,eb_dec,cpu,6456.95,6457.07
7,238,h_s,dpu,6457.07,6565.31
7,238,gc,cpu,6565.31,6575.7
7,251,normalize,cpu,6576.29,6579.91
7,251,g_a_cpu,cpu,6579.91,6580.33
7,251,g_a,dpu,6580.34,6720.16
7,251,g_a,dpu,6720.16,6798.39
7,251,g_a_cpu,cpu,6798.39,6798.73
7,251,h_a,dpu,6798.73,6884.88
7,251,eb_enc,cpu,6884.89,6885.03
7,251,eb_dec,cpu,6885.03,6885.16
7,251,h_s,dpu,6885.16,6981.06
7,251,gc,cpu,6981.06,6993.81
7,268,normalize,cpu,6994.34,6998.01
7,268,g_a_cpu,cpu,6998.01,6998.36
7,268,g_a,dpu,6998.36,7138.66
7,268,g_a,dpu,7138.67,7217.38
7,268,g_a_cpu,cpu,7217.38,7218.01
7,268,h_a,dpu,7218.01,7276.46
7,268,eb_enc,cpu,7276.46,7276.59
7,268,eb_dec,cpu,7276.59,7276.7
7,268,h_s,dpu,7276.7,7364.75
7,268,gc,cpu,7364.75,7377.94
7,282,normalize,cpu,7378.47,7382.14
7,282,g_a_cpu,cpu,7382.14,7382.45
7,282,g_a,dpu,7382.46,7482.12
7,282,g_a,dpu,7482.12,7596.69
7,282,g_a_cpu,cpu,7596.7,7597.1
7,282,h_a,dpu,7597.1,7624.64
7,282,eb_enc,cpu,7624.64,7624.82
7,282,eb_dec,cpu,7624.82,7624.95
7,282,h_s,dpu,7624.95,7777.61
7,282,gc,cpu,7777.61,7789.89
7,297,normalize,cpu,7790.43,7794.07
7,297,g_a_cpu,cpu,7794.07,7794.43
7,297,g_a,dpu,7794.44,7896.52
7,297,g_a,dpu,7896.52,8084.17
7,297,g_a_cpu,cpu,8084.17,8084.64
7,297,h_a,dpu,8084.64,8139.7
7,297,eb_enc,cpu,8139.71,8139.84
7,297,eb_dec,cpu,8139.84,8139.96
7,297,h_s,dpu,8139.96,8233.49
7,297,gc,cpu,8233.49,8243.16
7,317,normalize,cpu,8243.71,8247.47
7,317,g_a_cpu,cpu,8247.47,8247.76
7,317,g_a,dpu,8247.76,8359.04
7,317,g_a,dpu,8359.04,8395.51
7,317,g_a_cpu,cpu,8395.51,8395.83
7,317,h_a,dpu,8395.83,8454.71
7,317,eb_enc,cpu,8454.71,8454.96
7,317,eb_dec,cpu,8454.96,8455.1
7,317,h_s,dpu,8455.1,8607.1
7,317,gc,cpu,8607.11,8617.2
7,330,normalize,cpu,8617.72,8621.49
7,330,g_a_cpu,cpu,8621.49,8621.87
7,330,g_a,dpu,8621.87,8671.5
7,330,g_a,dpu,8671.5,8820.34
7,330,g_a_cpu,cpu,8820.35,8820.76
7,330,h_a,dpu,8820.76,8904.69
7,330,eb_enc,cpu,8904.7,8904.82
7,330,eb_dec,cpu,8904.83,8904.94
7,330,h_s,dpu,8904.94,8995.28
7,330,gc,cpu,8995.28,9005.99
7,346,normalize,cpu,9006.62,9010.29
7,346,g_a_cpu,cpu,9010.29,9010.91
7,346,g_a,dpu,9010.91,9063.57
7,346,g_a,dpu,9063.57,9173.43
7,346,g_a_cpu,cpu,9173.43,9173.9
7,346,h_a,dpu,9173.9,9254.32
7,346,eb_enc,cpu,9254.33,9254.45
7,346,eb_dec,cpu,9254.45,9254.56
7,346,h_s,dpu,9254.56,9336.42
7,346,gc,cpu,9336.43,9346.49
7,358,normalize,cpu,9346.94,9350.63
7,358,g_a_cpu,cpu,9350.64,9350.94
7,358,g_a,dpu,9350.94,9436.19
7,358,g_a,dpu,9436.19,9510.76
7,358,g_a_cpu,cpu,9510.76,9511.23
7,358,h_a,dpu,9511.24,9615.37
7,358,eb_enc,cpu,9615.38,9615.51
7,358,eb_dec,cpu,9615.52,9615.63
7,358,h_s,dpu,9615.63,9760.43
7,358,gc,cpu,9760.43,9770.28
7,373,normalize,cpu,9770.82,9776.18
7,373,g_a_cpu,cpu,9776.18,9776.61
7,373,g_a,dpu,9776.61,9813.18
7,373,g_a,dpu,9813.18,9886.02
7,373,g_a_cpu,cpu,9886.02,9886.35
7,373,h_a,dpu,9886.35,9967.92
7,373,eb_enc,cpu,9967.93,9968.06
7,373,eb_dec,cpu,9968.06,9968.2
7,373,h_s,dpu,9968.2,10132.5
7,373,gc,cpu,10132.5,10142.8
7,388,normalize,cpu,10143.4,10147.2
7,388,g_a_cpu,cpu,10147.2,10147.6
7,388,g_a,dpu,10147.6,10192.6
7,388,g_a,dpu,10192.6,10268.2
7,388,g_a_cpu,cpu,10268.2,10268.6
7,388,h_a,dpu,10268.6,10351.8
7,388,eb_enc,cpu,10351.8,10352
7,388,eb_dec,cpu,10352,10352.2
7,388,h_s,dpu,10352.2,10513.1
7,388,gc,cpu,10513.1,10523.4
7,401,normalize,cpu,10524.1,10527.8
7,401,g_a_cpu,cpu,10527.8,10528.2
7,401,g_a,dpu,10528.2,10565
7,401,g_a,dpu,10565,10677.7
7,401,g_a_cpu,cpu,10677.7,10678
7,401,h_a,dpu,10678,10751.2
7,401,eb_enc,cpu,10751.2,10751.3
7,401,eb_dec,cpu,10751.3,10751.4
7,401,h_s,dpu,10751.4,10896.9
7,401,gc,cpu,10896.9,10907
7,416,normalize,cpu,10907.6,10911.5
7,416,g_a_cpu,cpu,10911.5,10911.8
7,416,g_a,dpu,10911.8,10960.2
7,416,g_a,dpu,10960.2,11032.3
7,416,g_a_cpu,cpu,11032.3,11032.6
7,416,h_a,dpu,11032.6,11075.9
7,416,eb_enc,cpu,11075.9,11076
7,416,eb_dec,cpu,11076,11076.1
7,416,h_s,dpu,11076.1,11233.6
7,416,gc,cpu,11233.6,11243.3
7,429,normalize,cpu,11243.9,11247.5
7,429,g_a_cpu,cpu,11247.5,11247.9
7,429,g_a,dpu,11247.9,11332.3
7,429,g_a,dpu,11332.3,11370.6
7,429,g_a_cpu,cpu,11370.6,11371
7,429,h_a,dpu,11371,11430
7,429,eb_enc,cpu,11430,11430.2
7,429,eb_dec,cpu,11430.2,11430.3
7,429,h_s,dpu,11430.3,11585.6
7,429,gc,cpu,11585.6,11595.8
7,443,normalize,cpu,11596.5,11600.2
7,443,g_a_cpu,cpu,11600.2,11600.7
7,443,g_a,dpu,11600.7,11709.8
7,443,g_a,dpu,11709.8,11759.4
7,443,g_a_cpu,cpu,11759.4,11759.8
7,443,h_a,dpu,11759.8,11766.5
7,443,eb_enc,cpu,11766.5,11766.6
7,443,eb_dec,cpu,11766.6,11766.7
7,443,h_s,dpu,11766.7,11939.1
7,443,gc,cpu,11939.1,11948.9
7,459,normalize,cpu,11949.5,11953.1
7,459,g_a_cpu,cpu,11953.1,11953.4
7,459,g_a,dpu,11953.4,12114.3
7,459,g_a,dpu,12114.3,12189.8
7,459,g_a_cpu,cpu,12189.9,12190.5
7,459,h_a,dpu,12190.6,12216.3
7,459,eb_enc,cpu,12216.3,12216.5
7,459,eb_dec,cpu,12216.5,12216.6
7,459,h_s,dpu,12216.6,12502.8
7,459,gc,cpu,12502.8,12513
7,475,normalize,cpu,12513.5,12517.3
7,475,g_a_cpu,cpu,12517.3,12517.6
7,475,g_a,dpu,12517.6,12554.2
7,475,g_a,dpu,12554.2,12592.2
7,475,g_a_cpu,cpu,12592.2,12592.7
7,475,h_a,dpu,12592.7,12688.5
7,475,eb_enc,cpu,12688.5,12688.6
7,475,eb_dec,cpu,12688.6,12688.7
7,475,h_s,dpu,12688.7,12811.1
7,475,gc,cpu,12811.1,12820.8
7,491,normalize,cpu,12821.2,12824.9
7,491,g_a_cpu,cpu,12824.9,12825.2
7,491,g_a,dpu,12825.2,12927.8
7,491,g_a,dpu,12927.8,13001.1
7,491,g_a_cpu,cpu,13001.1,13001.5
7,491,h_a,dpu,13001.5,13052.8
7,491,eb_enc,cpu,13052.8,13052.9
7,491,eb_dec,cpu,13052.9,13053.1
7,491,h_s,dpu,13053.1,13185.6
7,491,gc,cpu,13185.6,13195.5
7,504,normalize,cpu,13196,13199.7
7,504,g_a_cpu,cpu,13199.7,13200
7,504,g_a,dpu,13200,13280.3
7,504,g_a,dpu,13280.3,13356.2
7,504,g_a_cpu,cpu,13356.2,13356.7
7,504,h_a,dpu,13356.7,13459.9
7,504,eb_enc,cpu,13459.9,13460.1
7,504,eb_dec,cpu,13460.1,13460.2
7,504,h_s,dpu,13460.2,13564.8
7,504,gc,cpu,13564.8,13575
7,519,normalize,cpu,13575.5,13579.2
7,519,g_a_cpu,cpu,13579.2,13579.6
7,519,g_a,dpu,13579.6,13722.2
7,519,g_a,dpu,13722.2,13833.4
7,519,g_a_cpu,cpu,13833.4,13833.8
7,519,h_a,dpu,13833.8,13887.4
7,519,eb_enc,cpu,13887.4,13887.5
7,519,eb_dec,cpu,13887.5,13887.6
7,519,h_s,dpu,13887.6,13985.3
7,519,gc,cpu,13985.3,13996.7
7,535,normalize,cpu,13997.2,14000.9
7,535,g_a_cpu,cpu,14000.9,14001.2
7,535,g_a,dpu,14001.2,14140.4
7,535,g_a,dpu,14140.4,14256.3
7,535,g_a_cpu,cpu,14256.3,14256.7
7,535,h_a,dpu,14256.7,14326.6
7,535,eb_enc,cpu,14326.6,14326.7
7,535,eb_dec,cpu,14326.7,14326.9
7,535,h_s,dpu,14326.9,14465.5
7,535,gc,cpu,14465.5,14475.2
7,553,normalize,cpu,14476.8,14481
7,553,g_a_cpu,cpu,14481,14481.3
7,553,g_a,dpu,14481.3,14561.6
7,553,g_a,dpu,14561.6,14635.1
7,553,g_a_cpu,cpu,14635.1,14635.5
7,553,h_a,dpu,14635.5,14673.8
7,553,eb_enc,cpu,14673.8,14673.9
7,553,eb_dec,cpu,14673.9,14674
7,553,h_s,dpu,14674,14802.4
7,553,gc,cpu,14802.4,14812.2
7,567,normalize,cpu,14812.7,14816.4
7,567,g_a_cpu,cpu,14816.4,14816.7
7,567,g_a,dpu,14816.7,14906.1
7,567,g_a,dpu,14906.1,15016
7,567,g_a_cpu,cpu,15016,15016.5
7,567,h_a,dpu,15016.5,15112.9
7,567,eb_enc,cpu,15112.9,15113.1
7,567,eb_dec,cpu,15113.1,15113.2
7,567,h_s,dpu,15113.2,15290
7,567,gc,cpu,15290,15299.6
7,584,normalize,cpu,15300.1,15303.7
7,584,g_a_cpu,cpu,15303.7,15304.1
7,584,g_a,dpu,15304.1,15360.6
7,584,g_a,dpu,15360.6,15397
7,584,g_a_cpu,cpu,15397,15397.5
7,584,h_a,dpu,15397.5,15436
7,584,eb_enc,cpu,15436,15436.2
7,584,eb_dec,cpu,15436.2,15436.3
7,584,h_s,dpu,15436.3,15596.6
7,584,gc,cpu,15596.6,15606.3
7,596,normalize,cpu,15606.8,15610.5
7,596,g_a_cpu,cpu,15610.5,15610.8
7,596,g_a,dpu,15610.8,15700.4
7,596,g_a,dpu,15700.4,15773.5
7,596,g_a_cpu,cpu,15773.5,15773.8
7,596,h_a,dpu,15773.8,15820.2
7,596,eb_enc,cpu,15820.2,15820.3
7,596,eb_dec,cpu,15820.3,15820.5
7,596,h_s,dpu,15820.5,15939.5
7,596,gc,cpu,15939.5,15949.5
7,611,normalize,cpu,15950,15953.7
7,611,g_a_cpu,cpu,15953.7,15954
7,611,g_a,dpu,15954,16078.3
7,611,g_a,dpu,16078.4,16152.8
7,611,g_a_cpu,cpu,16152.8,16153.3
7,611,h_a,dpu,16153.3,16248.8
7,611,eb_enc,cpu,16248.8,16248.9
7,611,eb_dec,cpu,16248.9,16249
7,611,h_s,dpu,16249,16392.4
7,611,gc,cpu,16392.4,16402.3
7,626,normalize,cpu,16404.1,16407.7
7,626,g_a_cpu,cpu,16407.7,16408.2
7,626,g_a,dpu,16408.2,16448.3
7,626,g_a,dpu,16448.3,16484.8
7,626,g_a_cpu,cpu,16484.8,16485.2
7,626,h_a,dpu,16485.2,16559.9
7,626,eb_enc,cpu,16559.9,16560.2
7,626,eb_dec,cpu,16560.2,16560.4
7,626,h_s,dpu,16560.4,16696.4
7,626,gc,cpu,16696.4,16706.3
7,641,normalize,cpu,16706.9,16710.5
7,641,g_a_cpu,cpu,16710.5,16710.8
7,641,g_a,dpu,16710.8,16787.3
7,641,g_a,dpu,16787.3,16896.9
7,641,g_a_cpu,cpu,16896.9,16897.3
7,641,h_a,dpu,16897.3,16991.5
7,641,eb_enc,cpu,16991.5,16991.7
7,641,eb_dec,cpu,16991.7,16991.8
7,641,h_s,dpu,16991.8,17102.8
7,641,gc,cpu,17102.8,17113
7,657,normalize,cpu,17113.9,17117.7
7,657,g_a_cpu,cpu,17117.7,17118.2
7,657,g_a,dpu,17118.2,17154.7
7,657,g_a,dpu,17154.7,17264.3
7,657,g_a_cpu,cpu,17264.3,17264.8
7,657,h_a,dpu,17264.8,17348
7,657,eb_enc,cpu,17348,17348.3
7,657,eb_dec,cpu,17348.3,17348.4
7,657,h_s,dpu,17348.4,17445.8
7,657,gc,cpu,17445.8,17456.8
7,669,normalize,cpu,17457.3,17461
7,669,g_a_cpu,cpu,17461,17461.3
7,669,g_a,dpu,17461.3,17532.2
7,669,g_a,dpu,17532.2,17643.4
7,669,g_a_cpu,cpu,17643.4,17643.8
7,669,h_a,dpu,17643.8,17738
7,669,eb_enc,cpu,17738,17738.1
7,669,eb_dec,cpu,17738.1,17738.2
7,669,h_s,dpu,17738.2,17860.2
7,669,gc,cpu,17860.2,17875.3
7,685,normalize,cpu,17875.8,17879.5
7,685,g_a_cpu,cpu,17879.5,17880
7,685,g_a,dpu,17880,17952.9
7,685,g_a,dpu,17952.9,18064.6
7,685,g_a_cpu,cpu,18064.6,18065
7,685,h_a,dpu,18065,18128.5
7,685,eb_enc,cpu,18128.5,18128.6
7,685,eb_dec,cpu,18128.6,18128.8
7,685,h_s,dpu,18128.8,18203.2
7,685,gc,cpu,18203.2,18213.3
7,699,normalize,cpu,18213.7,18217.3
7,699,g_a_cpu,cpu,18217.3,18217.7
7,699,g_a,dpu,18217.7,18339.3
7,699,g_a,dpu,18339.3,18450.6
7,699,g_a_cpu,cpu,18450.6,18451.1
7,699,h_a,dpu,18451.1,18521.5
7,699,eb_enc,cpu,18521.5,18521.6
7,699,eb_dec,cpu,18521.6,18521.7
7,699,h_s,dpu,18521.7,18688.8
7,699,gc,cpu,18688.9,18698.8
7,718,normalize,cpu,18699.3,18703
7,718,g_a_cpu,cpu,18703,18703.3
7,718,g_a,dpu,18703.3,18751.3
7,718,g_a,dpu,18751.3,18787.8
7,718,g_a_cpu,cpu,18787.8,18788.3
7,718,h_a,dpu,18788.3,18880.9
7,718,eb_enc,cpu,18880.9,18881.1
7,718,eb_dec,cpu,18881.1,18881.2
7,718,h_s,dpu,18881.2,19022.9
7,718,gc,cpu,19022.9,19032.7
7,730,normalize,cpu,19033.2,19036.8
7,730,g_a_cpu,cpu,19036.8,19037.2
7,730,g_a,dpu,19037.2,19123
7,730,g_a,dpu,19123,19196
7,730,g_a_cpu,cpu,19196,19196.5
7,730,h_a,dpu,19196.5,19276.4
7,730,eb_enc,cpu,19276.4,19276.6
7,730,eb_dec,cpu,19276.6,19276.8
7,730,h_s,dpu,19276.8,19369.5
7,730,gc,cpu,19369.5,19379.2
7,745,normalize,cpu,19379.7,19383.3
7,745,g_a_cpu,cpu,19383.3,19383.7
7,745,g_a,dpu,19383.7,19466.8
7,745,g_a,dpu,19466.8,19540.5
7,745,g_a_cpu,cpu,19540.5,19541
7,745,h_a,dpu,19541,19591.2
7,745,eb_enc,cpu,19591.2,19591.4
7,745,eb_dec,cpu,19591.4,19591.5
7,745,h_s,dpu,19591.5,19717
7,745,gc,cpu,19717,19726.9
7,759,normalize,cpu,19727.4,19731
7,759,g_a_cpu,cpu,19731,19731.3
7,759,g_a,dpu,19731.3,19836.7
7,759,g_a,dpu,19836.7,19914.5
7,759,g_a_cpu,cpu,19914.5,19914.8
7,759,h_a,dpu,19914.8,19972.5
7,759,eb_enc,cpu,19972.5,19972.7
7,759,eb_dec,cpu,19972.7,19972.8
7,759,h_s,dpu,19972.8,20098.6
7,759,gc,cpu,20098.6,20109
7,774,normalize,cpu,20109.7,20113.5
7,774,g_a_cpu,cpu,20113.5,20113.8
7,774,g_a,dpu,20113.8,20184.7
7,774,g_a,dpu,20184.7,20295.3
7,774,g_a_cpu,cpu,20295.3,20295.6
7,774,h_a,dpu,20295.6,20353.6
7,774,eb_enc,cpu,20353.6,20353.8
7,774,eb_dec,cpu,20353.8,20353.9
7,774,h_s,dpu,20353.9,20472.2
7,774,gc,cpu,20472.2,20482.1
7,788,normalize,cpu,20482.7,20486.3
7,788,g_a_cpu,cpu,20486.3,20486.7
7,788,g_a,dpu,20486.7,20562.1
7,788,g_a,dpu,20562.1,20671.8
7,788,g_a_cpu,cpu,20671.8,20672.3
7,788,h_a,dpu,20672.3,20734.9
7,788,eb_enc,cpu,20734.9,20735
7,788,eb_dec,cpu,20735,20735.1
7,788,h_s,dpu,20735.1,20824.6
7,788,gc,cpu,20824.6,20834.3
7,803,normalize,cpu,20834.8,20838.5
7,803,g_a_cpu,cpu,20838.5,20838.8
7,803,g_a,dpu,20838.8,20984.3
7,803,g_a,dpu,20984.3,21059.3
7,803,g_a_cpu,cpu,21059.3,21059.7
7,803,h_a,dpu,21059.7,21167.6
7,803,eb_enc,cpu,21167.6,21167.7
7,803,eb_dec,cpu,21167.7,21167.8
7,803,h_s,dpu,21167.8,21308.7
7,803,gc,cpu,21308.7,21318.6
7,819,normalize,cpu,21319.1,21322.7
7,819,g_a_cpu,cpu,21322.7,21323.5
7,819,g_a,dpu,21323.5,21361.7
7,819,g_a,dpu,21361.7,21398.1
7,819,g_a_cpu,cpu,21398.1,21398.4
7,819,h_a,dpu,21398.4,21526.6
7,819,eb_enc,cpu,21526.6,21526.8
7,819,eb_dec,cpu,21526.8,21526.9
7,819,h_s,dpu,21526.9,21612.3
7,819,gc,cpu,21612.3,21622.6
7,833,normalize,cpu,21623.1,21626.7
7,833,g_a_cpu,cpu,21626.7,21627
7,833,g_a,dpu,21627,21812.1
7,833,g_a,dpu,21812.1,21888.3
7,833,g_a_cpu,cpu,21888.3,21888.8
7,833,h_a,dpu,21888.8,21974.7
7,833,eb_enc,cpu,21974.7,21974.8
7,833,eb_dec,cpu,21974.8,21974.9
7,833,h_s,dpu,21974.9,22105.6
7,833,gc,cpu,22105.6,22115.8
7,852,normalize,cpu,22116.2,22119.9
7,852,g_a_cpu,cpu,22119.9,22120.2
7,852,g_a,dpu,22120.2,22184.6
7,852,g_a,dpu,22184.6,22260.3
7,852,g_a_cpu,cpu,22260.3,22260.8
7,852,h_a,dpu,22260.8,22360
7,852,eb_enc,cpu,22360,22360.2
7,852,eb_dec,cpu,22360.2,22360.3
7,852,h_s,dpu,22360.3,22480.4
7,852,gc,cpu,22480.4,22490.5
7,866,normalize,cpu,22491,22494.6
7,866,g_a_cpu,cpu,22494.6,22495
7,866,g_a,dpu,22495,22602.1
7,866,g_a,dpu,22602.2,22677.1
7,866,g_a_cpu,cpu,22677.1,22677.5
7,866,h_a,dpu,22677.5,22720.1
7,866,eb_enc,cpu,22720.1,22720.2
7,866,eb_dec,cpu,22720.2,22720.4
7,866,h_s,dpu,22720.4,22857
7,866,gc,cpu,22857,22867.2
7,882,normalize,cpu,22867.7,22871.4
7,882,g_a_cpu,cpu,22871.4,22871.7
7,882,g_a,dpu,22871.7,23014.4
7,882,g_a,dpu,23014.4,23089.6
7,882,g_a_cpu,cpu,23089.6,23090.1
7,882,h_a,dpu,23090.1,23154.4
7,882,eb_enc,cpu,23154.4,23154.6
7,882,eb_dec,cpu,23154.6,23154.7
7,882,h_s,dpu,23154.7,23245
7,882,gc,cpu,23245,23254.8
7,895,normalize,cpu,23255.3,23259.1
7,895,g_a_cpu,cpu,23259.1,23259.5
7,895,g_a,dpu,23259.5,23365.8
7,895,g_a,dpu,23365.8,23442.8
7,895,g_a_cpu,cpu,23442.8,23443.2
7,895,h_a,dpu,23443.2,23499.6
7,895,eb_enc,cpu,23499.6,23499.8
7,895,eb_dec,cpu,23499.8,23499.9
7,895,h_s,dpu,23499.9,23655.7
7,895,gc,cpu,23655.7,23665.8
7,911,normalize,cpu,23666.3,23670
7,911,g_a_cpu,cpu,23670,23672
7,911,g_a,dpu,23672,23779.9
7,911,g_a,dpu,23779.9,23854.5
7,911,g_a_cpu,cpu,23854.5,23854.9
7,911,h_a,dpu,23854.9,23941.3
7,911,eb_enc,cpu,23941.3,23941.5
7,911,eb_dec,cpu,23941.5,23941.6
7,911,h_s,dpu,23941.6,24062.9
7,911,gc,cpu,24062.9,24072.7
7,927,normalize,cpu,24073.1,24076.8
7,927,g_a_cpu,cpu,24076.8,24077
7,927,g_a,dpu,24077.1,24154.2
7,927,g_a,dpu,24154.2,24227
7,927,g_a_cpu,cpu,24227,24227.4
7,927,h_a,dpu,24227.4,24252.4
7,927,eb_enc,cpu,24252.4,24252.6
7,927,eb_dec,cpu,24252.6,24252.7
7,927,h_s,dpu,24252.7,24276.7
7,927,gc,cpu,24276.7,24286.5
8,6,normalize,cpu,76.7382,85.9461
8,6,g_a_cpu,cpu,85.9858,86.4368
8,6,g_a,dpu,86.4405,161.374
8,6,g_a,dpu,161.379,343.738
8,6,g_a_cpu,cpu,343.74,344.257
8,6,h_a,dpu,344.261,514.707
8,6,eb_enc,cpu,514.708,514.881
8,6,eb_dec,cpu,514.882,515.002
8,6,h_s,dpu,515.003,516.535
8,6,gc,cpu,516.538,529.068
8,21,normalize,cpu,529.718,533.536
8,21,g_a_cpu,cpu,533.544,534.395
8,21,g_a,dpu,534.407,579.336
8,21,g_a,dpu,579.337,761.602
8,21,g_a_cpu,cpu,761.602,761.964
8,21,h_a,dpu,761.966,975.617
8,21,eb_enc,cpu,975.618,975.774
8,21,eb_dec,cpu,975.777,975.895
8,21,h_s,dpu,975.895,978.734
8,21,gc,cpu,978.734,989.461
8,38,normalize,cpu,990.416,1006.35
8,38,g_a_cpu,cpu,1006.36,1006.7
8,38,g_a,dpu,1006.71,1043.72
8,38,g_a,dpu,1043.72,1376.2
8,38,g_a_cpu,cpu,1376.2,1376.62
8,38,h_a,dpu,1376.63,1451.12
8,38,eb_enc,cpu,1451.12,1451.27
8,38,eb_dec,cpu,1451.27,1451.38
8,38,h_s,dpu,1451.38,1473.57
8,38,gc,cpu,1473.57,1484.22
8,62,normalize,cpu,1484.84,1488.52
8,62,g_a_cpu,cpu,1488.53,1488.9
8,62,g_a,dpu,1488.91,1647.35
8,62,g_a,dpu,1647.35,1763.62
8,62,g_a_cpu,cpu,1763.62,1764.14
8,62,h_a,dpu,1764.14,1865.18
8,62,eb_enc,cpu,1865.18,1865.36
8,62,eb_dec,cpu,1865.37,1865.49
8,62,h_s,dpu,1865.49,1910.55
8,62,gc,cpu,1910.55,1921.53
8,75,normalize,cpu,1922.09,1925.75
8,75,g_a_cpu,cpu,1925.76,1926.27
8,75,g_a,dpu,1926.27,2044.52
8,75,g_a,dpu,2044.53,2159.69
8,75,g_a_cpu,cpu,2159.7,2160.14
8,75,h_a,dpu,2160.14,2288.76
8,75,eb_enc,cpu,2288.76,2288.89
8,75,eb_dec,cpu,2288.89,2289.01
8,75,h_s,dpu,2289.01,2365.07
8,75,gc,cpu,2365.07,2375.29
8,89,normalize,cpu,2375.79,2379.65
8,89,g_a_cpu,cpu,2379.66,2379.99
8,89,g_a,dpu,2379.99,2474.58
8,89,g_a,dpu,2474.58,2552.02
8,89,g_a_cpu,cpu,2552.02,2552.43
8,89,h_a,dpu,2552.43,2636.98
8,89,eb_enc,cpu,2636.98,2637.1
8,89,eb_dec,cpu,2637.11,2637.22
8,89,h_s,dpu,2637.22,2678.82
8,89,gc,cpu,2678.82,2688.68
8,102,normalize,cpu,2689.16,2692.8
8,102,g_a_cpu,cpu,2692.8,2693.11
8,102,g_a,dpu,2693.11,2818.33
8,102,g_a,dpu,2818.33,2945.87
8,102,g_a_cpu,cpu,2945.87,2946.36
8,102,h_a,dpu,2946.37,3079.06
8,102,eb_enc,cpu,3079.06,3079.27
8,102,eb_dec,cpu,3079.27,3079.39
8,102,h_s,dpu,3079.39,3173.62
8,102,gc,cpu,3173.62,3183.54
8,120,normalize,cpu,3184.05,3187.78
8,120,g_a_cpu,cpu,3187.78,3188.08
8,120,g_a,dpu,3188.08,3276.39
8,120,g_a,dpu,3276.39,3387.38
8,120,g_a_cpu,cpu,3387.38,3387.78
8,120,h_a,dpu,3387.78,3531.69
8,120,eb_enc,cpu,3531.69,3531.84
8,120,eb_dec,cpu,3531.84,3531.95
8,120,h_s,dpu,3531.95,3554.62
8,120,gc,cpu,3554.63,3564.67
8,136,normalize,cpu,3565.23,3568.89
8,136,g_a_cpu,cpu,3568.89,3569.16
8,136,g_a,dpu,3569.16,3697.99
8,136,g_a,dpu,3698,3735.08
8,136,g_a_cpu,cpu,3735.09,3735.48
8,136,h_a,dpu,3735.48,3874.09
8,136,eb_enc,cpu,3874.09,3874.25
8,136,eb_dec,cpu,3874.25,3874.37
8,136,h_s,dpu,3874.37,3929.88
8,136,gc,cpu,3929.89,3939.72
8,149,normalize,cpu,3940.25,3943.85
8,149,g_a_cpu,cpu,3943.86,3944.28
8,149,g_a,dpu,3944.29,4056.6
8,149,g_a,dpu,4056.61,4133.19
8,149,g_a_cpu,cpu,4133.19,4133.59
8,149,h_a,dpu,4133.59,4252.39
8,149,eb_enc,cpu,4252.39,4252.57
8,149,eb_dec,cpu,4252.57,4252.68
8,149,h_s,dpu,4252.68,4307.34
8,149,gc,cpu,4307.34,4317.29
8,165,normalize,cpu,4317.81,4321.5
8,165,g_a_cpu,cpu,4321.51,4321.79
8,165,g_a,dpu,4321.79,4443.82
8,165,g_a,dpu,4443.83,4521.55
8,165,g_a_cpu,cpu,4521.55,4521.95
8,165,h_a,dpu,4521.95,4523.56
8,165,eb_enc,cpu,4523.56,4523.7
8,165,eb_dec,cpu,4523.7,4523.81
8,165,h_s,dpu,4523.81,4545.63
8,165,gc,cpu,4545.63,4555.99
8,177,normalize,cpu,4556.53,4560.34
8,177,g_a_cpu,cpu,4560.35,4561.07
8,177,g_a,dpu,4561.07,4755.89
8,177,g_a,dpu,4755.89,4910.53
8,177,g_a_cpu,cpu,4910.53,4911.02
8,177,h_a,dpu,4911.02,5049.03
8,177,eb_enc,cpu,5049.03,5049.15
8,177,eb_dec,cpu,5049.15,5049.26
8,177,h_s,dpu,5049.26,5100.55
8,177,gc,cpu,5100.55,5110.69
8,196,normalize,cpu,5111.54,5115.34
8,196,g_a_cpu,cpu,5115.35,5115.75
8,196,g_a,dpu,5115.76,5153.58
8,196,g_a,dpu,5153.58,5226.38
8,196,g_a_cpu,cpu,5226.39,5226.92
8,196,h_a,dpu,5226.92,5349.22
8,196,eb_enc,cpu,5349.22,5349.35
8,196,eb_dec,cpu,5349.35,5349.47
8,196,h_s,dpu,5349.47,5416.65
8,196,gc,cpu,5416.66,5427.25
8,207,normalize,cpu,5427.86,5431.51
8,207,g_a_cpu,cpu,5431.52,5431.91
8,207,g_a,dpu,5431.92,5469.21
8,207,g_a,dpu,5469.21,5586.37
8,207,g_a_cpu,cpu,5586.37,5586.82
8,207,h_a,dpu,5586.82,5755.46
8,207,eb_enc,cpu,5755.46,5755.59
8,207,eb_dec,cpu,5755.59,5755.7
8,207,h_s,dpu,5755.7,5786.28
8,207,gc,cpu,5786.29,5796.54
8,219,normalize,cpu,5797.14,5800.87
8,219,g_a_cpu,cpu,5800.87,5801.2
8,219,g_a,dpu,5801.21,5900.57
8,219,g_a,dpu,5900.57,5937.37
8,219,g_a_cpu,cpu,5937.37,5937.82
8,219,h_a,dpu,5937.82,6062.72
8,219,eb_enc,cpu,6062.72,6062.86
8,219,eb_dec,cpu,6062.86,6062.97
8,219,h_s,dpu,6062.97,6105.2
8,219,gc,cpu,6105.2,6115.01
8,232,normalize,cpu,6115.56,6119.24
8,232,g_a_cpu,cpu,6119.25,6119.61
8,232,g_a,dpu,6119.61,6246.86
8,232,g_a,dpu,6246.86,6340.34
8,232,g_a_cpu,cpu,6340.34,6341.15
8,232,h_a,dpu,6341.16,6488.43
8,232,eb_enc,cpu,6488.43,6488.59
8,232,eb_dec,cpu,6488.59,6488.71
8,232,h_s,dpu,6488.71,6567.2
8,232,gc,cpu,6567.2,6581.78
8,252,normalize,cpu,6582.27,6585.92
8,252,g_a_cpu,cpu,6585.93,6586.25
8,252,g_a,dpu,6586.26,6652.64
8,252,g_a,dpu,6652.64,6732.92
8,252,g_a_cpu,cpu,6732.93,6733.42
8,252,h_a,dpu,6733.42,6897.74
8,252,eb_enc,cpu,6897.74,6897.9
8,252,eb_dec,cpu,6897.9,6898.04
8,252,h_s,dpu,6898.04,6948.45
8,252,gc,cpu,6948.45,6958.15
8,266,normalize,cpu,6958.62,6962.34
8,266,g_a_cpu,cpu,6962.34,6962.6
8,266,g_a,dpu,6962.61,7042.93
8,266,g_a,dpu,7042.93,7160.83
8,266,g_a_cpu,cpu,7160.83,7161.2
8,266,h_a,dpu,7161.2,7321.25
8,266,eb_enc,cpu,7321.25,7321.38
8,266,eb_dec,cpu,7321.38,7321.49
8,266,h_s,dpu,7321.49,7369.21
8,266,gc,cpu,7369.21,7379.08
8,283,normalize,cpu,7379.6,7383.26
8,283,g_a_cpu,cpu,7383.26,7383.55
8,283,g_a,dpu,7383.56,7466.11
8,283,g_a,dpu,7466.11,7542.16
8,283,g_a_cpu,cpu,7542.17,7542.57
8,283,h_a,dpu,7542.57,7697.62
8,283,eb_enc,cpu,7697.62,7697.77
8,283,eb_dec,cpu,7697.77,7697.89
8,283,h_s,dpu,7697.89,7717.06
8,283,gc,cpu,7717.06,7726.7
8,294,normalize,cpu,7727.13,7730.85
8,294,g_a_cpu,cpu,7730.85,7731.15
8,294,g_a,dpu,7731.16,7832.51
8,294,g_a,dpu,7832.51,7945.23
8,294,g_a_cpu,cpu,7945.23,7945.61
8,294,h_a,dpu,7945.62,8119.12
8,294,eb_enc,cpu,8119.12,8119.25
8,294,eb_dec,cpu,8119.25,8119.36
8,294,h_s,dpu,8119.36,8163.99
8,294,gc,cpu,8163.99,8178.95
8,312,normalize,cpu,8179.54,8183.26
8,312,g_a_cpu,cpu,8183.27,8183.65
8,312,g_a,dpu,8183.66,8265.13
8,312,g_a,dpu,8265.13,8302.39
8,312,g_a_cpu,cpu,8302.39,8302.74
8,312,h_a,dpu,8302.74,8455.35
8,312,eb_enc,cpu,8455.35,8455.51
8,312,eb_dec,cpu,8455.51,8455.62
8,312,h_s,dpu,8455.62,8543.97
8,312,gc,cpu,8543.97,8554.06
8,325,normalize,cpu,8554.65,8558.38
8,325,g_a_cpu,cpu,8558.39,8558.74
8,325,g_a,dpu,8558.75,8596.4
8,325,g_a,dpu,8596.4,8676.44
8,325,g_a_cpu,cpu,8676.44,8676.92
8,325,h_a,dpu,8676.93,8809.79
8,325,eb_enc,cpu,8809.8,8809.95
8,325,eb_dec,cpu,8809.95,8810.08
8,325,h_s,dpu,8810.08,8967.6
8,325,gc,cpu,8967.6,8978.12
8,340,normalize,cpu,8978.78,8982.46
8,340,g_a_cpu,cpu,8982.46,8982.85
8,340,g_a,dpu,8982.85,9020.69
8,340,g_a,dpu,9020.69,9171.67
8,340,g_a_cpu,cpu,9171.67,9172.08
8,340,h_a,dpu,9172.08,9295
8,340,eb_enc,cpu,9295,9295.13
8,340,eb_dec,cpu,9295.13,9295.24
8,340,h_s,dpu,9295.24,9325.97
8,340,gc,cpu,9325.97,9338.61
8,356,normalize,cpu,9339.17,9342.88
8,356,g_a_cpu,cpu,9342.88,9343.26
8,356,g_a,dpu,9343.26,9462.41
8,356,g_a,dpu,9462.41,9575.05
8,356,g_a_cpu,cpu,9575.05,9575.48
8,356,h_a,dpu,9575.48,9687.74
8,356,eb_enc,cpu,9687.74,9687.92
8,356,eb_dec,cpu,9687.92,9688.04
8,356,h_s,dpu,9688.04,9738.57
8,356,gc,cpu,9738.57,9748.54
8,372,normalize,cpu,9749.03,9752.68
8,372,g_a_cpu,cpu,9752.68,9752.96
8,372,g_a,dpu,9752.96,9853.2
8,372,g_a,dpu,9853.2,9965.67
8,372,g_a_cpu,cpu,9965.67,9966.1
8,372,h_a,dpu,9966.1,10131.6
8,372,eb_enc,cpu,10131.6,10131.8
8,372,eb_dec,cpu,10131.8,10131.9
8,372,h_s,dpu,10131.9,10156.8
8,372,gc,cpu,10156.8,10166.7
8,390,normalize,cpu,10167.2,10170.9
8,390,g_a_cpu,cpu,10170.9,10171.3
8,390,g_a,dpu,10171.3,10240.2
8,390,g_a,dpu,10240.2,10313
8,390,g_a_cpu,cpu,10313,10313.4
8,390,h_a,dpu,10313.4,10512.1
8,390,eb_enc,cpu,10512.1,10512.2
8,390,eb_dec,cpu,10512.3,10512.4
8,390,h_s,dpu,10512.4,10525.4
8,390,gc,cpu,10525.4,10535.7
8,406,normalize,cpu,10536.6,10540.2
8,406,g_a_cpu,cpu,10540.2,10540.7
8,406,g_a,dpu,10540.7,10636.8
8,406,g_a,dpu,10636.8,10709.5
8,406,g_a_cpu,cpu,10709.5,10709.9
8,406,h_a,dpu,10709.9,10892.2
8,406,eb_enc,cpu,10892.2,10892.3
8,406,eb_dec,cpu,10892.3,10892.4
8,406,h_s,dpu,10892.4,10913.6
8,406,gc,cpu,10913.6,10923.6
8,419,normalize,cpu,10924.5,10928.2
8,419,g_a_cpu,cpu,10928.2,10928.5
8,419,g_a,dpu,10928.5,11036.4
8,419,g_a,dpu,11036.4,11116.5
8,419,g_a_cpu,cpu,11116.5,11116.9
8,419,h_a,dpu,11117,11277.4
8,419,eb_enc,cpu,11277.4,11277.6
8,419,eb_dec,cpu,11277.6,11277.7
8,419,h_s,dpu,11277.7,11333.6
8,419,gc,cpu,11333.6,11343.3
8,434,normalize,cpu,11343.8,11347.5
8,434,g_a_cpu,cpu,11347.5,11347.8
8,434,g_a,dpu,11347.8,11427.6
8,434,g_a,dpu,11427.6,11587
8,434,g_a_cpu,cpu,11587,11587.3
8,434,h_a,dpu,11587.3,11734
8,434,eb_enc,cpu,11734,11734.2
8,434,eb_dec,cpu,11734.2,11734.3
8,434,h_s,dpu,11734.3,11763.3
8,434,gc,cpu,11763.3,11773.5
8,450,normalize,cpu,11774,11777.6
8,450,g_a_cpu,cpu,11777.7,11778
8,450,g_a,dpu,11778,11890.6
8,450,g_a,dpu,11890.6,12000.5
8,450,g_a_cpu,cpu,12000.5,12001
8,450,h_a,dpu,12001,12158.9
8,450,eb_enc,cpu,12158.9,12159
8,450,eb_dec,cpu,12159,12159.1
8,450,h_s,dpu,12159.1,12194.6
8,450,gc,cpu,12194.7,12207.7
8,464,normalize,cpu,12208.5,12212.2
8,464,g_a_cpu,cpu,12212.2,12212.8
8,464,g_a,dpu,12212.8,12300.7
8,464,g_a,dpu,12300.7,12484.2
8,464,g_a_cpu,cpu,12484.2,12484.6
8,464,h_a,dpu,12484.6,12614.8
8,464,eb_enc,cpu,12614.8,12614.9
8,464,eb_dec,cpu,12614.9,12615.1
8,464,h_s,dpu,12615.1,12619.9
8,464,gc,cpu,12619.9,12630.3
8,483,normalize,cpu,12630.9,12634.6
8,483,g_a_cpu,cpu,12634.7,12635
8,483,g_a,dpu,12635,12732.6
8,483,g_a,dpu,12732.6,12879.4
8,483,g_a_cpu,cpu,12879.4,12879.8
8,483,h_a,dpu,12879.8,12994.1
8,483,eb_enc,cpu,12994.1,12994.2
8,483,eb_dec,cpu,12994.2,12994.3
8,483,h_s,dpu,12994.3,13051.9
8,483,gc,cpu,13051.9,13062.3
8,497,normalize,cpu,13063.1,13073.5
8,497,g_a_cpu,cpu,13073.5,13073.9
8,497,g_a,dpu,13073.9,13210
8,497,g_a,dpu,13210,13246.9
8,497,g_a_cpu,cpu,13246.9,13247.4
8,497,h_a,dpu,13247.4,13374.2
8,497,eb_enc,cpu,13374.2,13374.3
8,497,eb_dec,cpu,13374.3,13374.4
8,497,h_s,dpu,13374.4,13397
8,497,gc,cpu,13397,13407
8,510,normalize,cpu,13407.5,13411.9
8,510,g_a_cpu,cpu,13411.9,13412.2
8,510,g_a,dpu,13412.2,13539
8,510,g_a,dpu,13539,13650.7
8,510,g_a_cpu,cpu,13650.7,13651.1
8,510,h_a,dpu,13651.1,13785.7
8,510,eb_enc,cpu,13785.7,13785.8
8,510,eb_dec,cpu,13785.8,13785.9
8,510,h_s,dpu,13785.9,13837.2
8,510,gc,cpu,13837.2,13847.1
8,526,normalize,cpu,13847.6,13851.3
8,526,g_a_cpu,cpu,13851.3,13851.6
8,526,g_a,dpu,13851.6,13940.6
8,526,g_a,dpu,13940.6,14053.4
8,526,g_a_cpu,cpu,14053.4,14053.9
8,526,h_a,dpu,14053.9,14132.3
8,526,eb_enc,cpu,14132.3,14132.5
8,526,eb_dec,cpu,14132.5,14132.6
8,526,h_s,dpu,14132.6,14218.2
8,526,gc,cpu,14218.2,14227.9
8,543,normalize,cpu,14228.4,14232.1
8,543,g_a_cpu,cpu,14232.1,14232.4
8,543,g_a,dpu,14232.4,14324.5
8,543,g_a,dpu,14324.5,14439
8,543,g_a_cpu,cpu,14439,14439.6
8,543,h_a,dpu,14439.6,14575.6
8,543,eb_enc,cpu,14575.6,14575.7
8,543,eb_dec,cpu,14575.7,14575.8
8,543,h_s,dpu,14575.8,14637.9
8,543,gc,cpu,14637.9,14647.9
8,560,normalize,cpu,14648.4,14652
8,560,g_a_cpu,cpu,14652,14652.3
8,560,g_a,dpu,14652.3,14711.1
8,560,g_a,dpu,14711.1,14821.4
8,560,g_a_cpu,cpu,14821.4,14821.8
8,560,h_a,dpu,14821.8,14948.4
8,560,eb_enc,cpu,14948.4,14948.5
8,560,eb_dec,cpu,14948.5,14948.6
8,560,h_s,dpu,14948.6,15021.2
8,560,gc,cpu,15021.2,15031.6
8,574,normalize,cpu,15033.1,15036.8
8,574,g_a_cpu,cpu,15036.8,15037.1
8,574,g_a,dpu,15037.1,15074.1
8,574,g_a,dpu,15074.1,15268.7
8,574,g_a_cpu,cpu,15268.7,15269.1
8,574,h_a,dpu,15269.1,15404.3
8,574,eb_enc,cpu,15404.3,15404.4
8,574,eb_dec,cpu,15404.4,15404.5
8,574,h_s,dpu,15404.5,15437.3
8,574,gc,cpu,15437.3,15447.3
8,592,normalize,cpu,15447.8,15451.4
8,592,g_a_cpu,cpu,15451.4,15451.8
8,592,g_a,dpu,15451.8,15546.1
8,592,g_a,dpu,15546.1,15658.7
8,592,g_a_cpu,cpu,15658.7,15659
8,592,h_a,dpu,15659,15786.5
8,592,eb_enc,cpu,15786.5,15786.7
8,592,eb_dec,cpu,15786.7,15786.8
8,592,h_s,dpu,15786.8,15817.7
8,592,gc,cpu,15817.7,15827.6
8,607,normalize,cpu,15828.3,15831.9
8,607,g_a_cpu,cpu,15831.9,15832.3
8,607,g_a,dpu,15832.3,15938.3
8,607,g_a,dpu,15938.3,16052.7
8,607,g_a_cpu,cpu,16052.7,16053.2
8,607,h_a,dpu,16053.2,16161.7
8,607,eb_enc,cpu,16161.7,16161.8
8,607,eb_dec,cpu,16161.9,16162
8,607,h_s,dpu,16162,16309
8,607,gc,cpu,16309,16319.1
8,625,normalize,cpu,16319.6,16323.2
8,625,g_a_cpu,cpu,16323.2,16323.5
8,625,g_a,dpu,16323.5,16440.6
8,625,g_a,dpu,16440.6,16556.9
8,625,g_a_cpu,cpu,16556.9,16557.3
8,625,h_a,dpu,16557.3,16695.6
8,625,eb_enc,cpu,16695.6,16695.7
8,625,eb_dec,cpu,16695.7,16695.8
8,625,h_s,dpu,16695.8,16750.6
8,625,gc,cpu,16750.6,16760.6
8,642,normalize,cpu,16761.2,16765
8,642,g_a_cpu,cpu,16765,16765.4
8,642,g_a,dpu,16765.4,16877.7
8,642,g_a,dpu,16877.7,16988.9
8,642,g_a_cpu,cpu,16988.9,16989.2
8,642,h_a,dpu,16989.2,17065.5
8,642,eb_enc,cpu,17065.5,17065.7
8,642,eb_dec,cpu,17065.7,17065.8
8,642,h_s,dpu,17065.8,17090.3
8,642,gc,cpu,17090.3,17100.2
8,656,normalize,cpu,17100.7,17112.8
8,656,g_a_cpu,cpu,17112.8,17113.6
8,656,g_a,dpu,17113.6,17272.8
8,656,g_a,dpu,17272.8,17384.5
8,656,g_a_cpu,cpu,17384.5,17384.9
8,656,h_a,dpu,17384.9,17483.2
8,656,eb_enc,cpu,17483.2,17483.4
8,656,eb_dec,cpu,17483.4,17483.5
8,656,h_s,dpu,17483.5,17534.1
8,656,gc,cpu,17534.1,17543.9
8,674,normalize,cpu,17544.4,17548.1
8,674,g_a_cpu,cpu,17548.1,17548.4
8,674,g_a,dpu,17548.4,17697.2
8,674,g_a,dpu,17697.2,17776.7
8,674,g_a_cpu,cpu,17776.7,17777.1
8,674,h_a,dpu,17777.1,17901.9
8,674,eb_enc,cpu,17901.9,17902.1
8,674,eb_dec,cpu,17902.1,17902.2
8,674,h_s,dpu,17902.2,17955.1
8,674,gc,cpu,17955.1,17964.8
8,690,normalize,cpu,17965.3,17969
8,690,g_a_cpu,cpu,17969,17969.2
8,690,g_a,dpu,17969.2,18080.7
8,690,g_a,dpu,18080.7,18167.1
8,690,g_a_cpu,cpu,18167.1,18167.5
8,690,h_a,dpu,18167.5,18313.8
8,690,eb_enc,cpu,18313.8,18313.9
8,690,eb_dec,cpu,18313.9,18314
8,690,h_s,dpu,18314,18378.4
8,690,gc,cpu,18378.4,18388.4
8,706,normalize,cpu,18390.1,18393.9
8,706,g_a_cpu,cpu,18393.9,18394.3
8,706,g_a,dpu,18394.3,18519.4
8,706,g_a,dpu,18519.4,18597.2
8,706,g_a_cpu,cpu,18597.2,18597.6
8,706,h_a,dpu,18597.6,18873.7
8,706,eb_enc,cpu,18873.7,18873.8
8,706,eb_dec,cpu,18873.8,18873.9
8,706,h_s,dpu,18873.9,18936.9
8,706,gc,cpu,18936.9,18946.6
8,727,normalize,cpu,18947,18950.8
8,727,g_a_cpu,cpu,18950.8,18951.1
8,727,g_a,dpu,18951.1,18998.7
8,727,g_a,dpu,18998.7,19071.8
8,727,g_a_cpu,cpu,19071.8,19072.2
8,727,h_a,dpu,19072.2,19212.2
8,727,eb_enc,cpu,19212.2,19212.4
8,727,eb_dec,cpu,19212.4,19212.5
8,727,h_s,dpu,19212.5,19272.3
8,727,gc,cpu,19272.3,19282.4
8,741,normalize,cpu,19283.1,19286.8
8,741,g_a_cpu,cpu,19286.8,19287.1
8,741,g_a,dpu,19287.1,19356.6
8,741,g_a,dpu,19356.6,19469.1
8,741,g_a_cpu,cpu,19469.1,19469.6
8,741,h_a,dpu,19469.6,19557
8,741,eb_enc,cpu,19557,19557.1
8,741,eb_dec,cpu,19557.1,19557.2
8,741,h_s,dpu,19557.2,19579.6
8,741,gc,cpu,19579.6,19589.8
8,752,normalize,cpu,19590.4,19598
8,752,g_a_cpu,cpu,19598,19598.8
8,752,g_a,dpu,19598.9,19739.3
8,752,g_a,dpu,19739.3,19854.2
8,752,g_a_cpu,cpu,19854.2,19854.6
8,752,h_a,dpu,19854.6,20021.1
8,752,eb_enc,cpu,20021.1,20021.2
8,752,eb_dec,cpu,20021.2,20021.3
8,752,h_s,dpu,20021.4,20022.9
8,752,gc,cpu,20022.9,20033.3
8,770,normalize,cpu,20033.8,20037.5
8,770,g_a_cpu,cpu,20037.5,20038
8,770,g_a,dpu,20038,20160.9
8,770,g_a,dpu,20160.9,20273
8,770,g_a_cpu,cpu,20273,20273.6
8,770,h_a,dpu,20273.6,20361.1
8,770,eb_enc,cpu,20361.1,20361.2
8,770,eb_dec,cpu,20361.2,20361.3
8,770,h_s,dpu,20361.3,20451.4
8,770,gc,cpu,20451.4,20461.1
8,787,normalize,cpu,20461.6,20465.2
8,787,g_a_cpu,cpu,20465.2,20465.5
8,787,g_a,dpu,20465.5,20580.4
8,787,g_a,dpu,20580.4,20692.7
8,787,g_a_cpu,cpu,20692.7,20693.1
8,787,h_a,dpu,20693.1,20748.5
8,787,eb_enc,cpu,20748.5,20748.7
8,787,eb_dec,cpu,20748.7,20748.8
8,787,h_s,dpu,20748.8,20797
8,787,gc,cpu,20797,20806.7
8,802,normalize,cpu,20807.2,20810.9
8,802,g_a_cpu,cpu,20810.9,20811.2
8,802,g_a,dpu,20811.2,20963.4
8,802,g_a,dpu,20963.4,21084
8,802,g_a_cpu,cpu,21084,21084.7
8,802,h_a,dpu,21084.7,21198.2
8,802,eb_enc,cpu,21198.2,21198.4
8,802,eb_dec,cpu,21198.4,21198.5
8,802,h_s,dpu,21198.5,21286.7
8,802,gc,cpu,21286.7,21296.9
8,817,normalize,cpu,21297.5,21301.2
8,817,g_a_cpu,cpu,21301.2,21301.5
8,817,g_a,dpu,21301.5,21402.6
8,817,g_a,dpu,21402.6,21517.9
8,817,g_a_cpu,cpu,21517.9,21518.3
8,817,h_a,dpu,21518.3,21611.5
8,817,eb_enc,cpu,21611.5,21611.7
8,817,eb_dec,cpu,21611.7,21611.8
8,817,h_s,dpu,21611.8,21698
8,817,gc,cpu,21698,21708
8,837,normalize,cpu,21708.5,21712.2
8,837,g_a_cpu,cpu,21712.2,21712.6
8,837,g_a,dpu,21712.6,21818
8,837,g_a,dpu,21818,21931.5
8,837,g_a_cpu,cpu,21931.5,21931.9
8,837,h_a,dpu,21931.9,22064.5
8,837,eb_enc,cpu,22064.5,22064.6
8,837,eb_dec,cpu,22064.6,22064.7
8,837,h_s,dpu,22064.7,22075.9
8,837,gc,cpu,22075.9,22085.9
8,850,normalize,cpu,22086.3,22090
8,850,g_a_cpu,cpu,22090,22090.3
8,850,g_a,dpu,22090.3,22169.3
8,850,g_a,dpu,22169.3,22281
8,850,g_a_cpu,cpu,22281,22281.4
8,850,h_a,dpu,22281.4,22404.7
8,850,eb_enc,cpu,22404.7,22404.9
8,850,eb_dec,cpu,22404.9,22405
8,850,h_s,dpu,22405,22450.3
8,850,gc,cpu,22450.3,22460.4
8,864,normalize,cpu,22461.1,22464.7
8,864,g_a_cpu,cpu,22464.7,22465
8,864,g_a,dpu,22465,22553.4
8,864,g_a,dpu,22553.4,22665.6
8,864,g_a_cpu,cpu,22665.6,22666.1
8,864,h_a,dpu,22666.1,22779.9
8,864,eb_enc,cpu,22779.9,22780
8,864,eb_dec,cpu,22780,22780.1
8,864,h_s,dpu,22780.1,22830.9
8,864,gc,cpu,22830.9,22840.9
8,880,normalize,cpu,22841.4,22845.3
8,880,g_a_cpu,cpu,22845.3,22845.6
8,880,g_a,dpu,22845.6,22991.1
8,880,g_a,dpu,22991.1,23108.2
8,880,g_a_cpu,cpu,23108.2,23108.6
8,880,h_a,dpu,23108.6,23202
8,880,eb_enc,cpu,23202,23202.2
8,880,eb_dec,cpu,23202.2,23202.3
8,880,h_s,dpu,23202.3,23248.4
8,880,gc,cpu,23248.4,23258.3
8,897,normalize,cpu,23258.8,23262.5
8,897,g_a_cpu,cpu,23262.5,23262.9
8,897,g_a,dpu,23262.9,23342.9
8,897,g_a,dpu,23342.9,23420
8,897,g_a_cpu,cpu,23420,23420.6
8,897,h_a,dpu,23420.6,23545.5
8,897,eb_enc,cpu,23545.5,23545.6
8,897,eb_dec,cpu,23545.6,23545.7
8,897,h_s,dpu,23545.7,23632.1
8,897,gc,cpu,23632.1,23642.3
8,909,normalize,cpu,23642.9,23646.6
8,909,g_a_cpu,cpu,23646.6,23646.9
8,909,g_a,dpu,23647,23784.6
8,909,g_a,dpu,23784.6,23896.9
8,909,g_a_cpu,cpu,23896.9,23897.4
8,909,h_a,dpu,23897.4,24025.2
8,909,eb_enc,cpu,24025.2,24025.4
8,909,eb_dec,cpu,24025.4,24025.5
8,909,h_s,dpu,24025.5,24044.7
8,909,gc,cpu,24044.7,24054.3
8,926,normalize,cpu,24054.8,24061.3
8,926,g_a_cpu,cpu,24061.3,24061.6
8,926,g_a,dpu,24061.6,24208.5
8,926,g_a,dpu,24208.5,24250.2
8,926,g_a_cpu,cpu,24250.2,24250.6
8,926,h_a,dpu,24250.6,24268.3
8,926,eb_enc,cpu,24268.3,24268.4
8,926,eb_dec,cpu,24268.4,24268.6
8,926,h_s,dpu,24268.6,24273.1
8,926,gc,cpu,24273.1,24283
9,10,normalize,cpu,80.6915,87.889
9,10,g_a_cpu,cpu,89.4753,89.7572
9,10,g_a,dpu,89.7604,216.933
9,10,g_a,dpu,216.937,432.872
9,10,g_a_cpu,cpu,432.875,433.447
9,10,h_a,dpu,433.453,460.279
9,10,eb_enc,cpu,460.28,460.403
9,10,eb_dec,cpu,460.403,460.519
9,10,h_s,dpu,460.52,469.519
9,10,gc,cpu,469.522,480.978
9,17,normalize,cpu,481.558,485.226
9,17,g_a_cpu,cpu,485.23,485.634
9,17,g_a,dpu,485.639,614.754
9,17,g_a,dpu,614.755,830.342
9,17,g_a_cpu,cpu,830.345,830.802
9,17,h_a,dpu,830.804,916.629
9,17,eb_enc,cpu,916.63,916.767
9,17,eb_dec,cpu,916.77,916.889
9,17,h_s,dpu,916.889,922.46
9,17,gc,cpu,922.46,932.393
9,33,normalize,cpu,932.996,936.684
9,33,g_a_cpu,cpu,936.686,937.004
9,33,g_a,dpu,937.007,1080.83
9,33,g_a,dpu,1080.83,1296.92
9,33,g_a_cpu,cpu,1296.92,1297.39
9,33,h_a,dpu,1297.39,1376.04
9,33,eb_enc,cpu,1376.04,1376.2
9,33,eb_dec,cpu,1376.2,1376.31
9,33,h_s,dpu,1376.31,1389.46
9,33,gc,cpu,1389.47,1399.48
9,50,normalize,cpu,1399.98,1403.62
9,50,g_a_cpu,cpu,1403.63,1403.9
9,50,g_a,dpu,1403.9,1566.4
9,50,g_a,dpu,1566.41,1747.45
9,50,g_a_cpu,cpu,1747.45,1747.94
9,50,h_a,dpu,1747.94,1805.1
9,50,eb_enc,cpu,1805.1,1805.24
9,50,eb_dec,cpu,1805.25,1805.35
9,50,h_s,dpu,1805.35,1853.17
9,50,gc,cpu,1853.17,1863.25
9,69,normalize,cpu,1863.89,1867.62
9,69,g_a_cpu,cpu,1867.63,1868.88
9,69,g_a,dpu,1868.88,2016.83
9,69,g_a,dpu,2016.83,2053.14
9,69,g_a_cpu,cpu,2053.15,2053.61
9,69,h_a,dpu,2053.62,2096.33
9,69,eb_enc,cpu,2096.33,2096.45
9,69,eb_dec,cpu,2096.45,2096.57
9,69,h_s,dpu,2096.57,2201.38
9,69,gc,cpu,2201.38,2211.19
9,84,normalize,cpu,2211.65,2215.58
9,84,g_a_cpu,cpu,2215.58,2216.1
9,84,g_a,dpu,2216.1,2399.96
9,84,g_a,dpu,2399.96,2516.91
9,84,g_a_cpu,cpu,2516.92,2517.37
9,84,h_a,dpu,2517.37,2603.79
9,84,eb_enc,cpu,2603.79,2603.92
9,84,eb_dec,cpu,2603.92,2604.03
9,84,h_s,dpu,2604.03,2706.25
9,84,gc,cpu,2706.25,2717.77
9,103,normalize,cpu,2718.24,2721.9
9,103,g_a_cpu,cpu,2721.9,2722.16
9,103,g_a,dpu,2722.16,2892.95
9,103,g_a,dpu,2892.95,3190.38
9,103,g_a_cpu,cpu,3190.38,3190.84
9,103,h_a,dpu,3190.86,3253.33
9,103,eb_enc,cpu,3253.33,3253.45
9,103,eb_dec,cpu,3253.46,3253.57
9,103,h_s,dpu,3253.57,3427.01
9,103,gc,cpu,3427.01,3436.72
9,131,normalize,cpu,3446.38,3450.06
9,131,g_a_cpu,cpu,3450.06,3450.32
9,131,g_a,dpu,3450.32,3575.47
9,131,g_a,dpu,3575.47,3684.85
9,131,g_a_cpu,cpu,3684.85,3685.22
9,131,h_a,dpu,3685.23,3705.98
9,131,eb_enc,cpu,3705.98,3706.1
9,131,eb_dec,cpu,3706.11,3706.22
9,131,h_s,dpu,3706.22,3784.67
9,131,gc,cpu,3784.67,3794.63
9,147,normalize,cpu,3795.14,3798.78
9,147,g_a_cpu,cpu,3798.78,3799.13
9,147,g_a,dpu,3799.13,3988.08
9,147,g_a,dpu,3988.08,4104.28
9,147,g_a_cpu,cpu,4104.28,4104.72
9,147,h_a,dpu,4104.72,4155.98
9,147,eb_enc,cpu,4155.99,4156.15
9,147,eb_dec,cpu,4156.15,4156.27
9,147,h_s,dpu,4156.27,4251.11
9,147,gc,cpu,4251.11,4261.3
9,163,normalize,cpu,4261.81,4265.49
9,163,g_a_cpu,cpu,4265.49,4265.81
9,163,g_a,dpu,4265.81,4438.24
9,163,g_a,dpu,4438.24,4596.93
9,163,g_a_cpu,cpu,4596.93,4597.34
9,163,h_a,dpu,4597.34,4654.96
9,163,eb_enc,cpu,4654.96,4655.1
9,163,eb_dec,cpu,4655.1,4655.22
9,163,h_s,dpu,4655.22,4795.71
9,163,gc,cpu,4795.71,4805.71
9,183,normalize,cpu,4806.26,4809.96
9,183,g_a_cpu,cpu,4809.96,4810.24
9,183,g_a,dpu,4810.24,4974.17
9,183,g_a,dpu,4974.17,5124.22
9,183,g_a_cpu,cpu,5124.22,5124.59
9,183,h_a,dpu,5124.59,5213.54
9,183,eb_enc,cpu,5213.54,5213.69
9,183,eb_dec,cpu,5213.69,5213.8
9,183,h_s,dpu,5213.8,5263.83
9,183,gc,cpu,5263.83,5275.04
9,199,normalize,cpu,5275.58,5279.23
9,199,g_a_cpu,cpu,5279.24,5279.53
9,199,g_a,dpu,5279.54,5423.11
9,199,g_a,dpu,5423.12,5753.9
9,199,g_a_cpu,cpu,5753.9,5754.24
9,199,h_a,dpu,5754.24,5785.06
9,199,eb_enc,cpu,5785.06,5785.18
9,199,eb_dec,cpu,5785.18,5785.29
9,199,h_s,dpu,5785.29,5857.17
9,199,gc,cpu,5857.17,5867.43
9,227,normalize,cpu,5868.05,5871.69
9,227,g_a_cpu,cpu,5871.69,5871.96
9,227,g_a,dpu,5871.96,6025.96
9,227,g_a,dpu,6025.96,6137.46
9,227,g_a_cpu,cpu,6137.46,6137.89
9,227,h_a,dpu,6137.89,6182.97
9,227,eb_enc,cpu,6182.97,6183.11
9,227,eb_dec,cpu,6183.11,6183.22
9,227,h_s,dpu,6183.22,6253.24
9,227,gc,cpu,6253.25,6264.26
9,241,normalize,cpu,6265.95,6269.68
9,241,g_a_cpu,cpu,6269.69,6270.08
9,241,g_a,dpu,6270.08,6561.3
9,241,g_a,dpu,6561.3,6674.35
9,241,g_a_cpu,cpu,6674.35,6674.67
9,241,h_a,dpu,6674.67,6725.2
9,241,eb_enc,cpu,6725.2,6725.33
9,241,eb_dec,cpu,6725.33,6725.45
9,241,h_s,dpu,6725.45,6882.76
9,241,gc,cpu,6882.77,6892.7
9,263,normalize,cpu,6893.45,6898.51
9,263,g_a_cpu,cpu,6898.51,6898.83
9,263,g_a,dpu,6898.83,7019.01
9,263,g_a,dpu,7019.02,7130.31
9,263,g_a_cpu,cpu,7130.32,7130.71
9,263,h_a,dpu,7130.71,7181.29
9,263,eb_enc,cpu,7181.29,7181.43
9,263,eb_dec,cpu,7181.43,7181.55
9,263,h_s,dpu,7181.55,7274.41
9,263,gc,cpu,7274.41,7284.85
9,278,normalize,cpu,7285.38,7289.03
9,278,g_a_cpu,cpu,7289.04,7289.41
9,278,g_a,dpu,7289.41,7437.59
9,278,g_a,dpu,7437.6,7586.08
9,278,g_a_cpu,cpu,7586.08,7586.48
9,278,h_a,dpu,7586.48,7677.36
9,278,eb_enc,cpu,7677.37,7677.5
9,278,eb_dec,cpu,7677.5,7677.61
9,278,h_s,dpu,7677.61,7778
9,278,gc,cpu,7778,7792.51
9,299,normalize,cpu,7793.04,7796.77
9,299,g_a_cpu,cpu,7796.77,7797.16
9,299,g_a,dpu,7797.16,7900.74
9,299,g_a,dpu,7900.75,8081.43
9,299,g_a_cpu,cpu,8081.43,8081.8
9,299,h_a,dpu,8081.8,8161.6
9,299,eb_enc,cpu,8161.6,8161.74
9,299,eb_dec,cpu,8161.74,8161.85
9,299,h_s,dpu,8161.85,8184.79
9,299,gc,cpu,8184.79,8195.71
9,314,normalize,cpu,8196.32,8199.94
9,314,g_a_cpu,cpu,8199.94,8200.28
9,314,g_a,dpu,8200.29,8345.57
9,314,g_a,dpu,8345.57,8492.18
9,314,g_a_cpu,cpu,8492.18,8492.56
9,314,h_a,dpu,8492.56,8545.98
9,314,eb_enc,cpu,8545.98,8546.11
9,314,eb_dec,cpu,8546.11,8546.22
9,314,h_s,dpu,8546.22,8556.43
9,314,gc,cpu,8556.43,8566.89
9,329,normalize,cpu,8567.42,8571.1
9,329,g_a_cpu,cpu,8571.1,8571.35
9,329,g_a,dpu,8571.35,8771.57
9,329,g_a,dpu,8771.57,8955.08
9,329,g_a_cpu,cpu,8955.08,8955.42
9,329,h_a,dpu,8955.42,8983.71
9,329,eb_enc,cpu,8983.72,8983.88
9,329,eb_dec,cpu,8983.88,8984.02
9,329,h_s,dpu,8984.02,9021.81
9,329,gc,cpu,9021.81,9033.02
9,349,normalize,cpu,9033.51,9037.23
9,349,g_a_cpu,cpu,9037.23,9037.64
9,349,g_a,dpu,9037.65,9294.2
9,349,g_a,dpu,9294.2,9414.58
9,349,g_a_cpu,cpu,9414.58,9414.91
9,349,h_a,dpu,9414.92,9473.98
9,349,eb_enc,cpu,9473.98,9474.12
9,349,eb_dec,cpu,9474.12,9474.23
9,349,h_s,dpu,9474.23,9576.15
9,349,gc,cpu,9576.15,9585.92
9,366,normalize,cpu,9586.59,9590.25
9,366,g_a_cpu,cpu,9590.25,9590.59
9,366,g_a,dpu,9590.59,9723.73
9,366,g_a,dpu,9723.73,9872.15
9,366,g_a_cpu,cpu,9872.15,9872.64
9,366,h_a,dpu,9872.65,9925.4
9,366,eb_enc,cpu,9925.4,9925.52
9,366,eb_dec,cpu,9925.52,9925.64
9,366,h_s,dpu,9925.64,9971.7
9,366,gc,cpu,9971.7,9981.53
9,383,normalize,cpu,9982.09,9985.84
9,383,g_a_cpu,cpu,9985.85,9986.15
9,383,g_a,dpu,9986.15,10172.8
9,383,g_a,dpu,10172.8,10325.3
9,383,g_a_cpu,cpu,10325.3,10325.7
9,383,h_a,dpu,10325.7,10416.7
9,383,eb_enc,cpu,10416.7,10416.9
9,383,eb_dec,cpu,10416.9,10417
9,383,h_s,dpu,10417,10468.8
9,383,gc,cpu,10468.8,10478.8
9,399,normalize,cpu,10479.3,10482.9
9,399,g_a_cpu,cpu,10483,10483.3
9,399,g_a,dpu,10483.3,10632.4
9,399,g_a,dpu,10632.4,10817.3
9,399,g_a_cpu,cpu,10817.3,10817.7
9,399,h_a,dpu,10817.7,10905.9
9,399,eb_enc,cpu,10905.9,10906
9,399,eb_dec,cpu,10906,10906.1
9,399,h_s,dpu,10906.1,10925.8
9,399,gc,cpu,10925.8,10935.5
9,420,normalize,cpu,10936.2,10939.8
9,420,g_a_cpu,cpu,10939.8,10940.1
9,420,g_a,dpu,10940.1,11121.9
9,420,g_a,dpu,11121.9,11316.5
9,420,g_a_cpu,cpu,11316.5,11317
9,420,h_a,dpu,11317,11334.5
9,420,eb_enc,cpu,11334.5,11334.7
9,420,eb_dec,cpu,11334.7,11334.8
9,420,h_s,dpu,11334.8,11391.3
9,420,gc,cpu,11391.3,11401
9,439,normalize,cpu,11401.5,11405.2
9,439,g_a_cpu,cpu,11405.2,11405.4
9,439,g_a,dpu,11405.5,11548.9
9,439,g_a,dpu,11548.9,11732
9,439,g_a_cpu,cpu,11732,11732.5
9,439,h_a,dpu,11732.5,11761.5
9,439,eb_enc,cpu,11761.5,11761.6
9,439,eb_dec,cpu,11761.6,11761.8
9,439,h_s,dpu,11761.8,11768
9,439,gc,cpu,11768,11778.4
9,451,normalize,cpu,11779,11782.7
9,451,g_a_cpu,cpu,11782.7,11783
9,451,g_a,dpu,11783,12011.6
9,451,g_a,dpu,12011.6,12196.4
9,451,g_a_cpu,cpu,12196.4,12196.8
9,451,h_a,dpu,12196.8,12199.9
9,451,eb_enc,cpu,12199.9,12200.2
9,451,eb_dec,cpu,12200.2,12200.3
9,451,h_s,dpu,12200.3,12222.1
9,451,gc,cpu,12222.1,12232.2
9,470,normalize,cpu,12232.9,12236.5
9,470,g_a_cpu,cpu,12236.5,12236.8
9,470,g_a,dpu,12236.8,12464.9
9,470,g_a,dpu,12464.9,12613.8
9,470,g_a_cpu,cpu,12613.8,12614.4
9,470,h_a,dpu,12614.4,12616.9
9,470,eb_enc,cpu,12616.9,12617.1
9,470,eb_dec,cpu,12617.1,12617.2
9,470,h_s,dpu,12617.2,12693.2
9,470,gc,cpu,12693.2,12703.9
9,490,normalize,cpu,12704.5,12708.8
9,490,g_a_cpu,cpu,12708.8,12709.1
9,490,g_a,dpu,12709.1,12919.8
9,490,g_a,dpu,12919.8,13068.8
9,490,g_a_cpu,cpu,13068.8,13069.5
9,490,h_a,dpu,13069.5,13094.1
9,490,eb_enc,cpu,13094.1,13094.2
9,490,eb_dec,cpu,13094.2,13094.4
9,490,h_s,dpu,13094.4,13248
9,490,gc,cpu,13248,13261.9
9,507,normalize,cpu,13262.7,13266.4
9,507,g_a_cpu,cpu,13266.4,13266.7
9,507,g_a,dpu,13266.7,13410.6
9,507,g_a,dpu,13410.6,13489.9
9,507,g_a_cpu,cpu,13489.9,13490.2
9,507,h_a,dpu,13490.2,13573.9
9,507,eb_enc,cpu,13573.9,13574
9,507,eb_dec,cpu,13574,13574.1
9,507,h_s,dpu,13574.1,13652.5
9,507,gc,cpu,13652.5,13662.5
9,522,normalize,cpu,13663,13666.6
9,522,g_a_cpu,cpu,13666.6,13666.9
9,522,g_a,dpu,13666.9,13822
9,522,g_a,dpu,13822,13983
9,522,g_a_cpu,cpu,13983,13983.3
9,522,h_a,dpu,13983.3,14102.8
9,522,eb_enc,cpu,14102.8,14102.9
9,522,eb_dec,cpu,14102.9,14103
9,522,h_s,dpu,14103,14134.6
9,522,gc,cpu,14134.6,14144.6
9,540,normalize,cpu,14145.2,14148.8
9,540,g_a_cpu,cpu,14148.8,14149.1
9,540,g_a,dpu,14149.1,14315.5
9,540,g_a,dpu,14315.5,14574
9,540,g_a_cpu,cpu,14574,14574.3
9,540,h_a,dpu,14574.3,14637
9,540,eb_enc,cpu,14637,14637.1
9,540,eb_dec,cpu,14637.1,14637.2
9,540,h_s,dpu,14637.2,14674.8
9,540,gc,cpu,14674.8,14684.9
9,562,normalize,cpu,14685.5,14689.2
9,562,g_a_cpu,cpu,14689.2,14689.8
9,562,g_a,dpu,14689.8,14838.3
9,562,g_a,dpu,14838.3,14984.4
9,562,g_a_cpu,cpu,14984.4,14984.9
9,562,h_a,dpu,14984.9,15022.3
9,562,eb_enc,cpu,15022.3,15022.5
9,562,eb_dec,cpu,15022.5,15022.6
9,562,h_s,dpu,15022.6,15034.2
9,562,gc,cpu,15034.2,15044.2
9,577,normalize,cpu,15044.7,15048.4
9,577,g_a_cpu,cpu,15048.4,15048.7
9,577,g_a,dpu,15048.7,15328
9,577,g_a,dpu,15328.1,15441.5
9,577,g_a_cpu,cpu,15441.5,15442.1
9,577,h_a,dpu,15442.1,15513.8
9,577,eb_enc,cpu,15513.8,15513.9
9,577,eb_dec,cpu,15513.9,15514
9,577,h_s,dpu,15514,15622.3
9,577,gc,cpu,15622.3,15632.2
9,597,normalize,cpu,15633.7,15637.4
9,597,g_a_cpu,cpu,15637.4,15637.8
9,597,g_a,dpu,15637.8,15785.6
9,597,g_a,dpu,15785.6,15938.6
9,597,g_a_cpu,cpu,15938.6,15939.2
9,597,h_a,dpu,15939.2,16041.3
9,597,eb_enc,cpu,16041.3,16041.4
9,597,eb_dec,cpu,16041.4,16041.5
9,597,h_s,dpu,16041.5,16095.2
9,597,gc,cpu,16095.2,16104.9
9,615,normalize,cpu,16105.4,16109
9,615,g_a_cpu,cpu,16109.1,16109.4
9,615,g_a,dpu,16109.4,16317.5
9,615,g_a,dpu,16317.6,16468.2
9,615,g_a_cpu,cpu,16468.2,16468.5
9,615,h_a,dpu,16468.5,16522.8
9,615,eb_enc,cpu,16522.8,16523
9,615,eb_dec,cpu,16523,16523.1
9,615,h_s,dpu,16523.1,16598.5
9,615,gc,cpu,16598.5,16608.4
9,636,normalize,cpu,16608.9,16612.6
9,636,g_a_cpu,cpu,16612.6,16612.8
9,636,g_a,dpu,16612.8,16733.4
9,636,g_a,dpu,16733.4,16917
9,636,g_a_cpu,cpu,16917,16917.5
9,636,h_a,dpu,16917.5,16973.4
9,636,eb_enc,cpu,16973.4,16973.5
9,636,eb_dec,cpu,16973.5,16973.6
9,636,h_s,dpu,16973.6,17040.5
9,636,gc,cpu,17040.5,17055
9,653,normalize,cpu,17055.7,17059.3
9,653,g_a_cpu,cpu,17059.3,17059.7
9,653,g_a,dpu,17059.7,17332.5
9,653,g_a,dpu,17332.5,17443.8
9,653,g_a_cpu,cpu,17443.8,17444.5
9,653,h_a,dpu,17444.5,17494.4
9,653,eb_enc,cpu,17494.4,17494.6
9,653,eb_dec,cpu,17494.6,17494.7
9,653,h_s,dpu,17494.7,17585.4
9,653,gc,cpu,17585.4,17595.1
9,675,normalize,cpu,17595.6,17599.9
9,675,g_a_cpu,cpu,17599.9,17600.2
9,675,g_a,dpu,17600.2,17749.1
9,675,g_a,dpu,17749.1,17900.2
9,675,g_a_cpu,cpu,17900.2,17900.5
9,675,h_a,dpu,17900.5,17953.9
9,675,eb_enc,cpu,17953.9,17954
9,675,eb_dec,cpu,17954,17954.1
9,675,h_s,dpu,17954.1,18120.8
9,675,gc,cpu,18120.8,18131.3
9,694,normalize,cpu,18131.8,18135.5
9,694,g_a_cpu,cpu,18135.5,18135.9
9,694,g_a,dpu,18135.9,18240.1
9,694,g_a,dpu,18240.1,18350.5
9,694,g_a_cpu,cpu,18350.5,18350.9
9,694,h_a,dpu,18350.9,18451.7
9,694,eb_enc,cpu,18451.7,18451.9
9,694,eb_dec,cpu,18451.9,18452
9,694,h_s,dpu,18452,18522.5
9,694,gc,cpu,18522.5,18532.4
9,711,normalize,cpu,18532.8,18536.6
9,711,g_a_cpu,cpu,18536.6,18537.2
9,711,g_a,dpu,18537.2,18724.6
9,711,g_a,dpu,18724.6,18761
9,711,g_a_cpu,cpu,18761,18761.4
9,711,h_a,dpu,18761.4,18789
9,711,eb_enc,cpu,18789,18789.1
9,711,eb_dec,cpu,18789.1,18789.2
9,711,h_s,dpu,18789.2,18882
9,711,gc,cpu,18882,18891.8
9,725,normalize,cpu,18892.2,18895.9
9,725,g_a_cpu,cpu,18895.9,18896.2
9,725,g_a,dpu,18896.2,19058.8
9,725,g_a,dpu,19058.8,19210.5
9,725,g_a_cpu,cpu,19210.5,19210.9
9,725,h_a,dpu,19210.9,19271
9,725,eb_enc,cpu,19271,19271.2
9,725,eb_dec,cpu,19271.2,19271.3
9,725,h_s,dpu,19271.3,19320.3
9,725,gc,cpu,19320.3,19330.3
9,744,normalize,cpu,19330.9,19334.5
9,744,g_a_cpu,cpu,19334.6,19334.8
9,744,g_a,dpu,19334.8,19516.3
9,744,g_a,dpu,19516.3,19760.3
9,744,g_a_cpu,cpu,19760.3,19760.7
9,744,h_a,dpu,19760.7,19837.7
9,744,eb_enc,cpu,19837.7,19837.9
9,744,eb_dec,cpu,19837.9,19838
9,744,h_s,dpu,19838,19894.2
9,744,gc,cpu,19894.2,19904.4
9,763,normalize,cpu,19905.1,19909.5
9,763,g_a_cpu,cpu,19909.5,19910
9,763,g_a,dpu,19910,20096.3
9,763,g_a,dpu,20096.3,20284.3
9,763,g_a_cpu,cpu,20284.3,20284.9
9,763,h_a,dpu,20285,20370.9
9,763,eb_enc,cpu,20370.9,20371
9,763,eb_dec,cpu,20371,20371.1
9,763,h_s,dpu,20371.1,20394.8
9,763,gc,cpu,20394.8,20404.7
9,786,normalize,cpu,20405.2,20408.9
9,786,g_a_cpu,cpu,20408.9,20409.1
9,786,g_a,dpu,20409.1,20585.3
9,786,g_a,dpu,20585.3,20735.3
9,786,g_a_cpu,cpu,20735.3,20735.7
9,786,h_a,dpu,20735.7,20754.7
9,786,eb_enc,cpu,20754.7,20754.9
9,786,eb_dec,cpu,20754.9,20755.1
9,786,h_s,dpu,20755.1,20851.2
9,786,gc,cpu,20851.2,20861.2
9,804,normalize,cpu,20861.9,20865.5
9,804,g_a_cpu,cpu,20865.5,20865.8
9,804,g_a,dpu,20865.8,21010.2
9,804,g_a,dpu,21010.2,21124.2
9,804,g_a_cpu,cpu,21124.2,21124.6
9,804,h_a,dpu,21124.6,21175.8
9,804,eb_enc,cpu,21175.8,21176
9,804,eb_dec,cpu,21176,21176.2
9,804,h_s,dpu,21176.2,21282.1
9,804,gc,cpu,21282.1,21297.8
9,818,normalize,cpu,21298.2,21301.9
9,818,g_a_cpu,cpu,21301.9,21302.2
9,818,g_a,dpu,21302.2,21457.6
9,818,g_a,dpu,21457.6,21493.9
9,818,g_a_cpu,cpu,21493.9,21494.3
9,818,h_a,dpu,21494.3,21495.7
9,818,eb_enc,cpu,21495.7,21495.8
9,818,eb_dec,cpu,21495.8,21496
9,818,h_s,dpu,21496,21566.5
9,818,gc,cpu,21566.5,21576.6
9,829,normalize,cpu,21577,21580.7
9,829,g_a_cpu,cpu,21580.7,21581
9,829,g_a,dpu,21581,21764
9,829,g_a,dpu,21764,21953
9,829,g_a_cpu,cpu,21953,21953.4
9,829,h_a,dpu,21953.4,22000.2
9,829,eb_enc,cpu,22000.2,22000.4
9,829,eb_dec,cpu,22000.4,22000.5
9,829,h_s,dpu,22000.5,22056.4
9,829,gc,cpu,22056.4,22066.3
9,848,normalize,cpu,22066.8,22070.5
9,848,g_a_cpu,cpu,22070.5,22070.8
9,848,g_a,dpu,22070.8,22255
9,848,g_a,dpu,22255,22403.9
9,848,g_a_cpu,cpu,22403.9,22404.3
9,848,h_a,dpu,22404.3,22449.3
9,848,eb_enc,cpu,22449.3,22449.4
9,848,eb_dec,cpu,22449.4,22449.6
9,848,h_s,dpu,22449.6,22480.2
9,848,gc,cpu,22480.2,22491
9,867,normalize,cpu,22491.4,22495.9
9,867,g_a_cpu,cpu,22495.9,22496.2
9,867,g_a,dpu,22496.2,22740.1
9,867,g_a,dpu,22740.1,22972.1
9,867,g_a_cpu,cpu,22972.1,22972.5
9,867,h_a,dpu,22972.5,23015.4
9,867,eb_enc,cpu,23015.4,23015.6
9,867,eb_dec,cpu,23015.6,23015.7
9,867,h_s,dpu,23015.7,23109.4
9,867,gc,cpu,23109.4,23119.1
9,887,normalize,cpu,23120,23127.7
9,887,g_a_cpu,cpu,23127.7,23128.3
9,887,g_a,dpu,23128.3,23238.3
9,887,g_a,dpu,23238.3,23466.4
9,887,g_a_cpu,cpu,23466.5,23466.8
9,887,h_a,dpu,23466.8,23517.6
9,887,eb_enc,cpu,23517.6,23517.7
9,887,eb_dec,cpu,23517.7,23517.8
9,887,h_s,dpu,23517.8,23539.5
9,887,gc,cpu,23539.5,23551
9,907,normalize,cpu,23551.5,23555.1
9,907,g_a_cpu,cpu,23555.1,23555.4
9,907,g_a,dpu,23555.4,23693.5
9,907,g_a,dpu,23693.5,23912.5
9,907,g_a_cpu,cpu,23912.5,23913
9,907,h_a,dpu,23913,23965.8
9,907,eb_enc,cpu,23965.8,23965.9
9,907,eb_dec,cpu,23965.9,23966.1
9,907,h_s,dpu,23966.1,24019.4
9,907,gc,cpu,24019.4,24029.3
9,924,normalize,cpu,24029.8,24033.5
9,924,g_a_cpu,cpu,24033.5,24033.8
9,924,g_a,dpu,24033.8,24143.4
9,924,g_a,dpu,24143.4,24260.4
9,924,g_a_cpu,cpu,24260.4,24261
9,924,h_a,dpu,24261,24264.3
9,924,eb_enc,cpu,24264.3,24264.5
9,924,eb_dec,cpu,24264.5,24264.6
9,924,h_s,dpu,24264.6,24268.4
9,924,gc,cpu,24268.4,24278.8
10,7,normalize,cpu,76.738,88.1973
10,7,g_a_cpu,cpu,90.3779,90.8653
10,7,g_a,dpu,90.8728,346.244
10,7,g_a,dpu,346.247,382.768
10,7,g_a_cpu,cpu,382.77,383.297
10,7,h_a,dpu,383.304,461.257
10,7,eb_enc,cpu,461.257,461.381
10,7,eb_dec,cpu,461.381,461.492
10,7,h_s,dpu,461.492,534.941
10,7,gc,cpu,534.944,571.117
10,31,normalize,cpu,571.683,575.37
10,31,g_a_cpu,cpu,575.375,575.801
10,31,g_a,dpu,575.808,733.574
10,31,g_a,dpu,733.574,877.753
10,31,g_a_cpu,cpu,877.755,878.212
10,31,h_a,dpu,878.214,918.446
10,31,eb_enc,cpu,918.447,918.589
10,31,eb_dec,cpu,918.592,919.133
10,31,h_s,dpu,919.133,1002.38
10,31,gc,cpu,1002.39,1023.68
10,47,normalize,cpu,1024.16,1027.76
10,47,g_a_cpu,cpu,1027.77,1028.13
10,47,g_a,dpu,1028.13,1191.46
10,47,g_a,dpu,1191.46,1337.33
10,47,g_a_cpu,cpu,1337.33,1337.79
10,47,h_a,dpu,1337.79,1384.83
10,47,eb_enc,cpu,1384.83,1384.96
10,47,eb_dec,cpu,1384.96,1385.07
10,47,h_s,dpu,1385.07,1457.15
10,47,gc,cpu,1457.15,1467.31
10,58,normalize,cpu,1467.84,1471.57
10,58,g_a_cpu,cpu,1471.57,1472.25
10,58,g_a,dpu,1472.26,1584.09
10,58,g_a,dpu,1584.1,1728.03
10,58,g_a_cpu,cpu,1728.03,1728.55
10,58,h_a,dpu,1728.55,1806.64
10,58,eb_enc,cpu,1806.64,1806.79
10,58,eb_dec,cpu,1806.79,1806.9
10,58,h_s,dpu,1806.91,1868.36
10,58,gc,cpu,1868.36,1878.87
10,72,normalize,cpu,1879.4,1883.09
10,72,g_a_cpu,cpu,1883.09,1883.39
10,72,g_a,dpu,1883.39,1984.09
10,72,g_a,dpu,1984.09,2094.42
10,72,g_a_cpu,cpu,2094.43,2094.81
10,72,h_a,dpu,2094.81,2200.33
10,72,eb_enc,cpu,2200.33,2200.46
10,72,eb_dec,cpu,2200.46,2200.57
10,72,h_s,dpu,2200.57,2362.82
10,72,gc,cpu,2362.82,2372.88
10,87,normalize,cpu,2373.45,2377.1
10,87,g_a_cpu,cpu,2377.1,2377.61
10,87,g_a,dpu,2377.62,2451
10,87,g_a,dpu,2451,2529.31
10,87,g_a_cpu,cpu,2529.32,2529.82
10,87,h_a,dpu,2529.82,2665.13
10,87,eb_enc,cpu,2665.13,2665.25
10,87,eb_dec,cpu,2665.25,2665.36
10,87,h_s,dpu,2665.37,2782.99
10,87,gc,cpu,2782.99,2793.77
10,104,normalize,cpu,2794.32,2798.02
10,104,g_a_cpu,cpu,2798.02,2798.36
10,104,g_a,dpu,2798.36,2835.05
10,104,g_a,dpu,2835.05,2908.02
10,104,g_a_cpu,cpu,2908.02,2908.39
10,104,h_a,dpu,2908.4,2986
10,104,eb_enc,cpu,2986,2986.14
10,104,eb_dec,cpu,2986.14,2986.27
10,104,h_s,dpu,2986.27,3116.56
10,104,gc,cpu,3116.57,3126.43
10,118,normalize,cpu,3126.94,3130.62
10,118,g_a_cpu,cpu,3130.62,3130.88
10,118,g_a,dpu,3130.88,3210.99
10,118,g_a,dpu,3210.99,3289.81
10,118,g_a_cpu,cpu,3289.81,3290.21
10,118,h_a,dpu,3290.21,3389.58
10,118,eb_enc,cpu,3389.58,3389.73
10,118,eb_dec,cpu,3389.73,3389.85
10,118,h_s,dpu,3389.85,3532.47
10,118,gc,cpu,3532.47,3542.39
10,133,normalize,cpu,3542.87,3546.53
10,133,g_a_cpu,cpu,3546.54,3546.85
10,133,g_a,dpu,3546.86,3592.19
10,133,g_a,dpu,3592.19,3703.08
10,133,g_a_cpu,cpu,3703.08,3703.42
10,133,h_a,dpu,3703.42,3783.67
10,133,eb_enc,cpu,3783.67,3783.8
10,133,eb_dec,cpu,3783.8,3783.92
10,133,h_s,dpu,3783.92,3950.85
10,133,gc,cpu,3950.85,3960.75
10,150,normalize,cpu,3961.26,3964.92
10,150,g_a_cpu,cpu,3964.92,3965.19
10,150,g_a,dpu,3965.19,4001.77
10,150,g_a,dpu,4001.77,4077.72
10,150,g_a_cpu,cpu,4077.72,4078.05
10,150,h_a,dpu,4078.05,4135.41
10,150,eb_enc,cpu,4135.41,4135.55
10,150,eb_dec,cpu,4135.55,4135.66
10,150,h_s,dpu,4135.66,4253.2
10,150,gc,cpu,4253.2,4263.05
10,164,normalize,cpu,4263.55,4267.2
10,164,g_a_cpu,cpu,4267.21,4267.51
10,164,g_a,dpu,4267.51,4343.26
10,164,g_a,dpu,4343.26,4380.27
10,164,g_a_cpu,cpu,4380.27,4380.77
10,164,h_a,dpu,4380.77,4447.31
10,164,eb_enc,cpu,4447.31,4447.44
10,164,eb_dec,cpu,4447.44,4447.55
10,164,h_s,dpu,4447.55,4708.3
10,164,gc,cpu,4708.3,4718.02
10,181,normalize,cpu,4718.83,4722.48
10,181,g_a_cpu,cpu,4722.48,4722.81
10,181,g_a,dpu,4722.81,4771.1
10,181,g_a,dpu,4771.1,4843.08
10,181,g_a_cpu,cpu,4843.09,4843.56
10,181,h_a,dpu,4843.56,4949.82
10,181,eb_enc,cpu,4949.82,4949.94
10,181,eb_dec,cpu,4949.94,4950.05
10,181,h_s,dpu,4950.05,5051.36
10,181,gc,cpu,5051.36,5061.27
10,194,normalize,cpu,5061.7,5066.08
10,194,g_a_cpu,cpu,5066.08,5066.5
10,194,g_a,dpu,5066.5,5176.57
10,194,g_a,dpu,5176.57,5287.08
10,194,g_a_cpu,cpu,5287.08,5287.55
10,194,h_a,dpu,5287.55,5304.82
10,194,eb_enc,cpu,5304.82,5304.96
10,194,eb_dec,cpu,5304.96,5305.09
10,194,h_s,dpu,5305.09,5425.11
10,194,gc,cpu,5425.12,5435.17
10,209,normalize,cpu,5435.59,5439.25
10,209,g_a_cpu,cpu,5439.25,5439.56
10,209,g_a,dpu,5439.56,5526.45
10,209,g_a,dpu,5526.45,5562.85
10,209,g_a_cpu,cpu,5562.86,5563.31
10,209,h_a,dpu,5563.31,5661.56
10,209,eb_enc,cpu,5661.57,5661.69
10,209,eb_dec,cpu,5661.69,5661.8
10,209,h_s,dpu,5661.8,5795.03
10,209,gc,cpu,5795.04,5805.91
10,220,normalize,cpu,5806.54,5810.23
10,220,g_a_cpu,cpu,5810.24,5810.59
10,220,g_a,dpu,5810.59,5847.21
10,220,g_a,dpu,5847.21,6029.13
10,220,g_a_cpu,cpu,6029.13,6029.56
10,220,h_a,dpu,6029.56,6169.06
10,220,eb_enc,cpu,6169.06,6169.23
10,220,eb_dec,cpu,6169.23,6169.35
10,220,h_s,dpu,6169.36,6223.31
10,220,gc,cpu,6223.31,6233.29
10,239,normalize,cpu,6233.75,6237.73
10,239,g_a_cpu,cpu,6237.73,6238.12
10,239,g_a,dpu,6238.13,6378.41
10,239,g_a,dpu,6378.41,6414.81
10,239,g_a_cpu,cpu,6414.81,6415.17
10,239,h_a,dpu,6415.17,6418.18
10,239,eb_enc,cpu,6418.18,6418.32
10,239,eb_dec,cpu,6418.32,6418.44
10,239,h_s,dpu,6418.44,6562.84
10,239,gc,cpu,6562.84,6573.03
10,250,normalize,cpu,6573.76,6577.59
10,250,g_a_cpu,cpu,6577.59,6577.92
10,250,g_a,dpu,6577.93,6684.17
10,250,g_a,dpu,6684.17,6762.48
10,250,g_a_cpu,cpu,6762.48,6762.98
10,250,h_a,dpu,6762.98,6881.76
10,250,eb_enc,cpu,6881.76,6881.89
10,250,eb_dec,cpu,6881.89,6882.01
10,250,h_s,dpu,6882.01,6972.94
10,250,gc,cpu,6972.94,6982.8
10,267,normalize,cpu,6983.52,6987.17
10,267,g_a_cpu,cpu,6987.18,6987.5
10,267,g_a,dpu,6987.5,7065.23
10,267,g_a,dpu,7065.23,7101.72
10,267,g_a_cpu,cpu,7101.72,7102.07
10,267,h_a,dpu,7102.08,7163.73
10,267,eb_enc,cpu,7163.73,7163.85
10,267,eb_dec,cpu,7163.85,7163.97
10,267,h_s,dpu,7163.97,7322.42
10,267,gc,cpu,7322.42,7332.76
10,281,normalize,cpu,7333.3,7336.96
10,281,g_a_cpu,cpu,7336.97,7337.26
10,281,g_a,dpu,7337.26,7408.24
10,281,g_a,dpu,7408.24,7519.19
10,281,g_a_cpu,cpu,7519.19,7519.75
10,281,h_a,dpu,7519.75,7584.28
10,281,eb_enc,cpu,7584.28,7584.44
10,281,eb_dec,cpu,7584.45,7584.58
10,281,h_s,dpu,7584.58,7772.16
10,281,gc,cpu,7772.17,7782.21
10,295,normalize,cpu,7782.74,7786.51
10,295,g_a_cpu,cpu,7786.51,7787.12
10,295,g_a,dpu,7787.13,7824.31
10,295,g_a,dpu,7824.32,7932.5
10,295,g_a_cpu,cpu,7932.5,7932.89
10,295,h_a,dpu,7932.89,7985.72
10,295,eb_enc,cpu,7985.72,7985.87
10,295,eb_dec,cpu,7985.87,7985.98
10,295,h_s,dpu,7985.98,8157.49
10,295,gc,cpu,8157.5,8168.08
10,310,normalize,cpu,8168.96,8173.25
10,310,g_a_cpu,cpu,8173.26,8173.63
10,310,g_a,dpu,8173.63,8210.32
10,310,g_a,dpu,8210.32,8282.44
10,310,g_a_cpu,cpu,8282.45,8283
10,310,h_a,dpu,8283,8378.36
10,310,eb_enc,cpu,8378.36,8378.48
10,310,eb_dec,cpu,8378.48,8378.6
10,310,h_s,dpu,8378.6,8495.09
10,310,gc,cpu,8495.09,8504.95
10,324,normalize,cpu,8505.45,8509.11
10,324,g_a_cpu,cpu,8509.11,8509.51
10,324,g_a,dpu,8509.52,8595.74
10,324,g_a,dpu,8595.74,8632.31
10,324,g_a_cpu,cpu,8632.31,8632.87
10,324,h_a,dpu,8632.87,8636.21
10,324,eb_enc,cpu,8636.21,8636.33
10,324,eb_dec,cpu,8636.33,8636.44
10,324,h_s,dpu,8636.44,8772.34
10,324,gc,cpu,8772.34,8782.2
10,338,normalize,cpu,8782.75,8786.48
10,338,g_a_cpu,cpu,8786.49,8786.79
10,338,g_a,dpu,8786.79,8965.64
10,338,g_a,dpu,8965.64,9025.16
10,338,g_a_cpu,cpu,9025.16,9025.6
10,338,h_a,dpu,9025.61,9174.31
10,338,eb_enc,cpu,9174.31,9174.47
10,338,eb_dec,cpu,9174.47,9174.6
10,338,h_s,dpu,9174.6,9296.15
10,338,gc,cpu,9296.15,9305.99
10,354,normalize,cpu,9306.53,9310.17
10,354,g_a_cpu,cpu,9310.17,9310.48
10,354,g_a,dpu,9310.49,9361.85
10,354,g_a,dpu,9361.86,9398.32
10,354,g_a_cpu,cpu,9398.32,9398.68
10,354,h_a,dpu,9398.68,9464.83
10,354,eb_enc,cpu,9464.83,9464.97
10,354,eb_dec,cpu,9464.97,9465.09
10,354,h_s,dpu,9465.09,9604.96
10,354,gc,cpu,9604.97,9614.67
10,368,normalize,cpu,9615.2,9619.33
10,368,g_a_cpu,cpu,9619.34,9619.69
10,368,g_a,dpu,9619.69,9697.24
10,368,g_a,dpu,9697.24,9774.47
10,368,g_a_cpu,cpu,9774.47,9774.98
10,368,h_a,dpu,9774.98,9855.32
10,368,eb_enc,cpu,9855.32,9855.44
10,368,eb_dec,cpu,9855.44,9855.56
10,368,h_s,dpu,9855.56,10020.8
10,368,gc,cpu,10020.8,10030.4
10,384,normalize,cpu,10030.9,10034.7
10,384,g_a_cpu,cpu,10034.7,10034.9
10,384,g_a,dpu,10034.9,10116.2
10,384,g_a,dpu,10116.2,10154.4
10,384,g_a_cpu,cpu,10154.4,10154.8
10,384,h_a,dpu,10154.8,10202.7
10,384,eb_enc,cpu,10202.7,10202.9
10,384,eb_dec,cpu,10202.9,10203
10,384,h_s,dpu,10203,10521.3
10,384,gc,cpu,10521.3,10531.5
10,405,normalize,cpu,10532.3,10536
10,405,g_a_cpu,cpu,10536,10536.7
10,405,g_a,dpu,10536.7,10720.2
10,405,g_a,dpu,10720.2,10828.3
10,405,g_a_cpu,cpu,10828.3,10828.8
10,405,h_a,dpu,10828.8,10863.8
10,405,eb_enc,cpu,10863.8,10863.9
10,405,eb_dec,cpu,10863.9,10864
10,405,h_s,dpu,10864,10975.2
10,405,gc,cpu,10975.2,10984.9
10,422,normalize,cpu,10985.5,10989.1
10,422,g_a_cpu,cpu,10989.1,10989.4
10,422,g_a,dpu,10989.4,11072.2
10,422,g_a,dpu,11072.2,11216
10,422,g_a_cpu,cpu,11216,11216.5
10,422,h_a,dpu,11216.6,11267.2
10,422,eb_enc,cpu,11267.2,11267.3
10,422,eb_dec,cpu,11267.3,11267.5
10,422,h_s,dpu,11267.5,11357
10,422,gc,cpu,11357,11366.9
10,436,normalize,cpu,11367.4,11371.2
10,436,g_a_cpu,cpu,11371.2,11371.5
10,436,g_a,dpu,11371.5,11448.3
10,436,g_a,dpu,11448.3,11593.1
10,436,g_a_cpu,cpu,11593.1,11593.5
10,436,h_a,dpu,11593.5,11669.4
10,436,eb_enc,cpu,11669.4,11669.5
10,436,eb_dec,cpu,11669.5,11669.6
10,436,h_s,dpu,11669.6,11816.9
10,436,gc,cpu,11816.9,11827.2
10,454,normalize,cpu,11827.7,11831.3
10,454,g_a_cpu,cpu,11831.3,11831.7
10,454,g_a,dpu,11831.7,11896.5
10,454,g_a,dpu,11896.5,12041.6
10,454,g_a_cpu,cpu,12041.6,12042
10,454,h_a,dpu,12042,12114.9
10,454,eb_enc,cpu,12114.9,12115.1
10,454,eb_dec,cpu,12115.1,12115.2
10,454,h_s,dpu,12115.2,12239.1
10,454,gc,cpu,12239.1,12249
10,471,normalize,cpu,12249.6,12253.2
10,471,g_a_cpu,cpu,12253.2,12253.6
10,471,g_a,dpu,12253.6,12293.1
10,471,g_a,dpu,12293.1,12436.8
10,471,g_a_cpu,cpu,12436.8,12437.3
10,471,h_a,dpu,12437.3,12609.5
10,471,eb_enc,cpu,12609.5,12609.7
10,471,eb_dec,cpu,12609.7,12609.8
10,471,h_s,dpu,12609.8,12665.2
10,471,gc,cpu,12665.2,12676.2
10,487,normalize,cpu,12676.8,12680.5
10,487,g_a_cpu,cpu,12680.5,12680.8
10,487,g_a,dpu,12680.8,12890.5
10,487,g_a,dpu,12890.5,12965.2
10,487,g_a_cpu,cpu,12965.2,12965.6
10,487,h_a,dpu,12965.6,13011.5
10,487,eb_enc,cpu,13011.5,13011.6
10,487,eb_dec,cpu,13011.6,13011.8
10,487,h_s,dpu,13011.8,13186.4
10,487,gc,cpu,13186.4,13196.4
10,505,normalize,cpu,13196.9,13200.6
10,505,g_a_cpu,cpu,13200.6,13200.9
10,505,g_a,dpu,13200.9,13316.2
10,505,g_a,dpu,13316.2,13393.3
10,505,g_a_cpu,cpu,13393.4,13393.7
10,505,h_a,dpu,13393.7,13500.2
10,505,eb_enc,cpu,13500.2,13500.3
10,505,eb_dec,cpu,13500.3,13500.5
10,505,h_s,dpu,13500.5,13603.1
10,505,gc,cpu,13603.1,13613
10,521,normalize,cpu,13614,13617.6
10,521,g_a_cpu,cpu,13617.6,13618.1
10,521,g_a,dpu,13618.1,13760.2
10,521,g_a,dpu,13760.2,13796.7
10,521,g_a_cpu,cpu,13796.7,13797.1
10,521,h_a,dpu,13797.1,13811.8
10,521,eb_enc,cpu,13811.8,13812
10,521,eb_dec,cpu,13812,13812.1
10,521,h_s,dpu,13812.1,13947.3
10,521,gc,cpu,13947.3,13957.2
10,534,normalize,cpu,13957.8,13961.4
10,534,g_a_cpu,cpu,13961.4,13961.7
10,534,g_a,dpu,13961.7,14101.3
10,534,g_a,dpu,14101.3,14216.2
10,534,g_a_cpu,cpu,14216.2,14216.6
10,534,h_a,dpu,14216.6,14286.5
10,534,eb_enc,cpu,14286.5,14286.6
10,534,eb_dec,cpu,14286.6,14286.7
10,534,h_s,dpu,14286.7,14391.5
10,534,gc,cpu,14391.5,14401.2
10,550,normalize,cpu,14402.1,14405.8
10,550,g_a_cpu,cpu,14405.8,14406.2
10,550,g_a,dpu,14406.2,14487.9
10,550,g_a,dpu,14487.9,14597.4
10,550,g_a_cpu,cpu,14597.5,14597.8
10,550,h_a,dpu,14597.8,14635
10,550,eb_enc,cpu,14635,14635.1
10,550,eb_dec,cpu,14635.1,14635.2
10,550,h_s,dpu,14635.2,14764.9
10,550,gc,cpu,14764.9,14774.8
10,564,normalize,cpu,14775.4,14779
10,564,g_a_cpu,cpu,14779,14779.3
10,564,g_a,dpu,14779.3,14868.3
10,564,g_a,dpu,14868.3,14978
10,564,g_a_cpu,cpu,14978,14978.3
10,564,h_a,dpu,14978.3,15020.1
10,564,eb_enc,cpu,15020.1,15020.3
10,564,eb_dec,cpu,15020.3,15020.5
10,564,h_s,dpu,15020.5,15107.2
10,564,gc,cpu,15107.2,15122.1
10,580,normalize,cpu,15122.6,15126.3
10,580,g_a_cpu,cpu,15126.3,15126.7
10,580,g_a,dpu,15126.7,15248.2
10,580,g_a,dpu,15248.2,15323.4
10,580,g_a_cpu,cpu,15323.4,15323.9
10,580,h_a,dpu,15323.9,15390.8
10,580,eb_enc,cpu,15390.8,15391
10,580,eb_dec,cpu,15391,15391.1
10,580,h_s,dpu,15391.1,15558.8
10,580,gc,cpu,15558.8,15568.7
10,595,normalize,cpu,15569.3,15572.9
10,595,g_a_cpu,cpu,15572.9,15573.2
10,595,g_a,dpu,15573.3,15663.4
10,595,g_a,dpu,15663.4,15737.4
10,595,g_a_cpu,cpu,15737.4,15737.8
10,595,h_a,dpu,15737.8,15780.2
10,595,eb_enc,cpu,15780.2,15780.4
10,595,eb_dec,cpu,15780.4,15780.5
10,595,h_s,dpu,15780.5,15902.8
10,595,gc,cpu,15902.8,15912.5
10,610,normalize,cpu,15912.9,15916.6
10,610,g_a_cpu,cpu,15916.6,15917
10,610,g_a,dpu,15917,16040.2
10,610,g_a,dpu,16040.2,16115.4
10,610,g_a_cpu,cpu,16115.4,16115.8
10,610,h_a,dpu,16115.8,16254.4
10,610,eb_enc,cpu,16254.4,16254.6
10,610,eb_dec,cpu,16254.6,16254.7
10,610,h_s,dpu,16254.7,16396.3
10,610,gc,cpu,16396.3,16411.1
10,628,normalize,cpu,16411.6,16415.4
10,628,g_a_cpu,cpu,16415.4,16415.7
10,628,g_a,dpu,16415.7,16521.8
10,628,g_a,dpu,16521.8,16600.3
10,628,g_a_cpu,cpu,16600.3,16600.8
10,628,h_a,dpu,16600.8,16648.9
10,628,eb_enc,cpu,16648.9,16649.1
10,628,eb_dec,cpu,16649.1,16649.2
10,628,h_s,dpu,16649.2,16770.9
10,628,gc,cpu,16770.9,16780.6
10,644,normalize,cpu,16781,16784.7
10,644,g_a_cpu,cpu,16784.7,16785
10,644,g_a,dpu,16785,16860.8
10,644,g_a,dpu,16860.8,16934.1
10,644,g_a_cpu,cpu,16934.1,16934.5
10,644,h_a,dpu,16934.5,17001.1
10,644,eb_enc,cpu,17001.1,17001.2
10,644,eb_dec,cpu,17001.2,17001.3
10,644,h_s,dpu,17001.3,17113.3
10,644,gc,cpu,17113.3,17124.4
10,659,normalize,cpu,17124.8,17128.5
10,659,g_a_cpu,cpu,17128.5,17128.8
10,659,g_a,dpu,17128.8,17226.5
10,659,g_a,dpu,17226.5,17338
10,659,g_a_cpu,cpu,17338,17338.6
10,659,h_a,dpu,17338.6,17394.7
10,659,eb_enc,cpu,17394.7,17394.9
10,659,eb_dec,cpu,17394.9,17395
10,659,h_s,dpu,17395,17489
10,659,gc,cpu,17489,17501.5
10,672,normalize,cpu,17502,17505.7
10,672,g_a_cpu,cpu,17505.7,17506.1
10,672,g_a,dpu,17506.1,17605.9
10,672,g_a,dpu,17605.9,17715.4
10,672,g_a_cpu,cpu,17715.4,17715.9
10,672,h_a,dpu,17715.9,17779.5
10,672,eb_enc,cpu,17779.6,17779.7
10,672,eb_dec,cpu,17779.7,17779.8
10,672,h_s,dpu,17779.8,17902.7
10,672,gc,cpu,17902.7,17912.6
10,689,normalize,cpu,17913,17916.8
10,689,g_a_cpu,cpu,17916.8,17917.2
10,689,g_a,dpu,17917.2,18026.9
10,689,g_a,dpu,18026.9,18101.8
10,689,g_a_cpu,cpu,18101.8,18102.4
10,689,h_a,dpu,18102.4,18171
10,689,eb_enc,cpu,18171,18171.2
10,689,eb_dec,cpu,18171.2,18171.3
10,689,h_s,dpu,18171.3,18314.7
10,689,gc,cpu,18314.7,18325.5
10,702,normalize,cpu,18326.1,18329.8
10,702,g_a_cpu,cpu,18329.8,18330.2
10,702,g_a,dpu,18330.2,18414.2
10,702,g_a,dpu,18414.2,18561.5
10,702,g_a_cpu,cpu,18561.5,18561.9
10,702,h_a,dpu,18561.9,18641
10,702,eb_enc,cpu,18641,18641.2
10,702,eb_dec,cpu,18641.2,18641.3
10,702,h_s,dpu,18641.3,18764.5
10,702,gc,cpu,18764.5,18774.4
10,721,normalize,cpu,18774.9,18778.6
10,721,g_a_cpu,cpu,18778.6,18778.8
10,721,g_a,dpu,18778.8,18862.1
10,721,g_a,dpu,18862.1,18898.6
10,721,g_a_cpu,cpu,18898.6,18899.1
10,721,h_a,dpu,18899.1,18922.5
10,721,eb_enc,cpu,18922.5,18922.6
10,721,eb_dec,cpu,18922.6,18922.7
10,721,h_s,dpu,18922.7,19096.2
10,721,gc,cpu,19096.2,19106.2
10,733,normalize,cpu,19106.8,19110.4
10,733,g_a_cpu,cpu,19110.4,19110.8
10,733,g_a,dpu,19110.8,19160.1
10,733,g_a,dpu,19160.1,19270
10,733,g_a_cpu,cpu,19270,19270.4
10,733,h_a,dpu,19270.4,19318.9
10,733,eb_enc,cpu,19318.9,19319
10,733,eb_dec,cpu,19319,19319.1
10,733,h_s,dpu,19319.1,19479.3
10,733,gc,cpu,19479.3,19488.8
10,748,normalize,cpu,19489.3,19492.9
10,748,g_a_cpu,cpu,19492.9,19493.2
10,748,g_a,dpu,19493.2,19576.5
10,748,g_a,dpu,19576.5,19652.3
10,748,g_a_cpu,cpu,19652.3,19652.7
10,748,h_a,dpu,19652.7,19741.3
10,748,eb_enc,cpu,19741.3,19741.4
10,748,eb_dec,cpu,19741.4,19741.5
10,748,h_s,dpu,19741.5,19909.1
10,748,gc,cpu,19909.1,19919.4
10,765,normalize,cpu,19919.9,19923.6
10,765,g_a_cpu,cpu,19923.6,19923.8
10,765,g_a,dpu,19923.8,19960.4
10,765,g_a,dpu,19960.4,19996.8
10,765,g_a_cpu,cpu,19996.8,19997.3
10,765,h_a,dpu,19997.3,20050
10,765,eb_enc,cpu,20050,20050.1
10,765,eb_dec,cpu,20050.1,20050.3
10,765,h_s,dpu,20050.3,20176.2
10,765,gc,cpu,20176.2,20185.8
10,776,normalize,cpu,20186.4,20190
10,776,g_a_cpu,cpu,20190,20190.3
10,776,g_a,dpu,20190.3,20332.1
10,776,g_a,dpu,20332.1,20412.3
10,776,g_a_cpu,cpu,20412.3,20412.7
10,776,h_a,dpu,20412.7,20506.3
10,776,eb_enc,cpu,20506.3,20506.5
10,776,eb_dec,cpu,20506.5,20506.6
10,776,h_s,dpu,20506.6,20626.6
10,776,gc,cpu,20626.6,20637.6
10,793,normalize,cpu,20638.2,20641.9
10,793,g_a_cpu,cpu,20641.9,20642.1
10,793,g_a,dpu,20642.1,20746.9
10,793,g_a,dpu,20747,20796.1
10,793,g_a_cpu,cpu,20796.1,20796.5
10,793,h_a,dpu,20796.5,20927
10,793,eb_enc,cpu,20927,20927.1
10,793,eb_dec,cpu,20927.1,20927.3
10,793,h_s,dpu,20927.3,21048.3
10,793,gc,cpu,21048.3,21057.9
10,809,normalize,cpu,21058.4,21062
10,809,g_a_cpu,cpu,21062,21062.3
10,809,g_a,dpu,21062.3,21137.3
10,809,g_a,dpu,21137.3,21211.8
10,809,g_a_cpu,cpu,21211.8,21212.2
10,809,h_a,dpu,21212.2,21325.2
10,809,eb_enc,cpu,21325.2,21325.4
10,809,eb_dec,cpu,21325.4,21325.5
10,809,h_s,dpu,21325.5,21494.7
10,809,gc,cpu,21494.7,21504.5
10,825,normalize,cpu,21505,21508.6
10,825,g_a_cpu,cpu,21508.6,21508.9
10,825,g_a,dpu,21508.9,21545.5
10,825,g_a,dpu,21545.5,21619.6
10,825,g_a_cpu,cpu,21619.6,21620.2
10,825,h_a,dpu,21620.2,21643.2
10,825,eb_enc,cpu,21643.2,21643.4
10,825,eb_dec,cpu,21643.4,21643.5
10,825,h_s,dpu,21643.5,21837.8
10,825,gc,cpu,21837.8,21847.4
10,838,normalize,cpu,21847.8,21851.5
10,838,g_a_cpu,cpu,21851.5,21851.9
10,838,g_a,dpu,21851.9,21924.3
10,838,g_a,dpu,21924.3,21999.1
10,838,g_a_cpu,cpu,21999.1,21999.6
10,838,h_a,dpu,21999.6,22055.3
10,838,eb_enc,cpu,22055.3,22055.5
10,838,eb_dec,cpu,22055.5,22055.6
10,838,h_s,dpu,22055.6,22183.3
10,838,gc,cpu,22183.3,22193.1
10,854,normalize,cpu,22193.5,22197.1
10,854,g_a_cpu,cpu,22197.1,22197.4
10,854,g_a,dpu,22197.4,22296.4
10,854,g_a,dpu,22296.4,22372
10,854,g_a_cpu,cpu,22372,22372.6
10,854,h_a,dpu,22372.6,22438.3
10,854,eb_enc,cpu,22438.3,22438.4
10,854,eb_dec,cpu,22438.4,22438.5
10,854,h_s,dpu,22438.5,22558
10,854,gc,cpu,22558,22567.8
10,869,normalize,cpu,22568.3,22571.9
10,869,g_a_cpu,cpu,22571.9,22572.2
10,869,g_a,dpu,22572.2,22639.7
10,869,g_a,dpu,22639.7,22714.1
10,869,g_a_cpu,cpu,22714.1,22714.7
10,869,h_a,dpu,22714.7,22717.5
10,869,eb_enc,cpu,22717.5,22717.6
10,869,eb_dec,cpu,22717.6,22717.7
10,869,h_s,dpu,22717.7,22855.6
10,869,gc,cpu,22855.6,22866
10,881,normalize,cpu,22866.5,22870.2
10,881,g_a_cpu,cpu,22870.3,22870.6
10,881,g_a,dpu,22870.6,22978.4
10,881,g_a,dpu,22978.4,23051.4
10,881,g_a_cpu,cpu,23051.4,23051.8
10,881,h_a,dpu,23051.8,23148.9
10,881,eb_enc,cpu,23148.9,23149
10,881,eb_dec,cpu,23149,23149.1
10,881,h_s,dpu,23149.1,23240.3
10,881,gc,cpu,23240.3,23258.2
10,896,normalize,cpu,23258.8,23262.5
10,896,g_a_cpu,cpu,23262.5,23262.9
10,896,g_a,dpu,23262.9,23401.7
10,896,g_a,dpu,23401.7,23478.8
10,896,g_a_cpu,cpu,23478.8,23479.1
10,896,h_a,dpu,23479.1,23501.7
10,896,eb_enc,cpu,23501.7,23501.9
10,896,eb_dec,cpu,23501.9,23502
10,896,h_s,dpu,23502,23656.5
10,896,gc,cpu,23656.5,23666.8
10,912,normalize,cpu,23667.3,23671.3
10,912,g_a_cpu,cpu,23671.3,23671.7
10,912,g_a,dpu,23671.7,23743.9
10,912,g_a,dpu,23743.9,23816.2
10,912,g_a_cpu,cpu,23816.2,23816.8
10,912,h_a,dpu,23816.8,23902.5
10,912,eb_enc,cpu,23902.5,23902.6
10,912,eb_dec,cpu,23902.6,23902.7
10,912,h_s,dpu,23902.7,24026.2
10,912,gc,cpu,24026.2,24036.4
10,925,normalize,cpu,24036.8,24041.2
10,925,g_a_cpu,cpu,24041.2,24041.7
10,925,g_a,dpu,24041.7,24117.4
10,925,g_a,dpu,24117.4,24191
10,925,g_a_cpu,cpu,24191,24191.5
10,925,h_a,dpu,24191.5,24213.7
10,925,eb_enc,cpu,24213.7,24213.8
10,925,eb_dec,cpu,24213.8,24214
10,925,h_s,dpu,24214,24265.4
10,925,gc,cpu,24265.4,24275.5
11,4,normalize,cpu,72.8134,87.5996
11,4,g_a_cpu,cpu,88.9323,89.3433
11,4,g_a,dpu,89.3504,198.454
11,4,g_a,dpu,198.461,380.099
11,4,g_a_cpu,cpu,380.104,380.53
11,4,h_a,dpu,380.537,516.216
11,4,eb_enc,cpu,516.216,516.352
11,4,eb_dec,cpu,516.353,516.467
11,4,h_s,dpu,516.467,523.277
11,4,gc,cpu,523.291,563.607
11,28,normalize,cpu,564.199,567.862
11,28,g_a_cpu,cpu,567.869,568.302
11,28,g_a,dpu,568.306,725.142
11,28,g_a,dpu,725.143,911.208
11,28,g_a_cpu,cpu,911.209,911.562
11,28,h_a,dpu,911.563,990.727
11,28,eb_enc,cpu,990.729,990.871
11,28,eb_dec,cpu,990.874,990.994
11,28,h_s,dpu,990.995,992.585
11,28,gc,cpu,992.586,1004.63
11,43,normalize,cpu,1007.95,1013.95
11,43,g_a_cpu,cpu,1013.95,1014.33
11,43,g_a,dpu,1014.33,1117.28
11,43,g_a,dpu,1117.28,1303.47
11,43,g_a_cpu,cpu,1303.47,1303.92
11,43,h_a,dpu,1303.92,1412.24
11,43,eb_enc,cpu,1412.25,1412.41
11,43,eb_dec,cpu,1412.41,1412.53
11,43,h_s,dpu,1412.53,1413.86
11,43,gc,cpu,1413.87,1423.77
11,55,normalize,cpu,1424.48,1428.1
11,55,g_a_cpu,cpu,1428.1,1428.41
11,55,g_a,dpu,1428.42,1537.03
11,55,g_a,dpu,1537.04,1573.83
11,55,g_a_cpu,cpu,1573.83,1574.19
11,55,h_a,dpu,1574.19,1748.35
11,55,eb_enc,cpu,1748.35,1748.49
11,55,eb_dec,cpu,1748.49,1748.6
11,55,h_s,dpu,1748.6,1806.38
11,55,gc,cpu,1806.38,1816.24
11,65,normalize,cpu,1816.72,1820.36
11,65,g_a_cpu,cpu,1820.37,1820.99
11,65,g_a,dpu,1821,1894.12
11,65,g_a,dpu,1894.12,1969.29
11,65,g_a_cpu,cpu,1969.29,1969.67
11,65,h_a,dpu,1969.67,2163.23
11,65,eb_enc,cpu,2163.23,2163.44
11,65,eb_dec,cpu,2163.44,2163.57
11,65,h_s,dpu,2163.57,2172.64
11,65,gc,cpu,2172.65,2185.29
11,82,normalize,cpu,2185.88,2189.63
11,82,g_a_cpu,cpu,2189.63,2189.93
11,82,g_a,dpu,2189.94,2317.6
11,82,g_a,dpu,2317.6,2354.34
11,82,g_a_cpu,cpu,2354.34,2354.71
11,82,h_a,dpu,2354.71,2439.11
11,82,eb_enc,cpu,2439.11,2439.23
11,82,eb_dec,cpu,2439.23,2439.36
11,82,h_s,dpu,2439.36,2493.29
11,82,gc,cpu,2493.29,2503.24
11,96,normalize,cpu,2503.73,2507.38
11,96,g_a_cpu,cpu,2507.38,2507.7
11,96,g_a,dpu,2507.7,2625.76
11,96,g_a,dpu,2625.76,2778.85
11,96,g_a_cpu,cpu,2778.85,2779.28
11,96,h_a,dpu,2779.29,2893.77
11,96,eb_enc,cpu,2893.77,2893.9
11,96,eb_dec,cpu,2893.9,2894.02
11,96,h_s,dpu,2894.02,3025.27
11,96,gc,cpu,3025.27,3035.61
11,115,normalize,cpu,3036.55,3040.22
11,115,g_a_cpu,cpu,3040.23,3041.62
11,115,g_a,dpu,3041.63,3112.85
11,115,g_a,dpu,3112.86,3188.37
11,115,g_a_cpu,cpu,3188.37,3188.83
11,115,h_a,dpu,3188.83,3269.01
11,115,eb_enc,cpu,3269.01,3269.16
11,115,eb_dec,cpu,3269.16,3269.27
11,115,h_s,dpu,3269.27,3329.24
11,115,gc,cpu,3329.24,3338.94
11,129,normalize,cpu,3339.44,3343.09
11,129,g_a_cpu,cpu,3343.1,3343.42
11,129,g_a,dpu,3343.42,3465.58
11,129,g_a,dpu,3465.58,3576.29
11,129,g_a_cpu,cpu,3576.29,3576.68
11,129,h_a,dpu,3576.68,3686.48
11,129,eb_enc,cpu,3686.48,3686.64
11,129,eb_dec,cpu,3686.64,3686.75
11,129,h_s,dpu,3686.75,3707.3
11,129,gc,cpu,3707.3,3717.65
11,144,normalize,cpu,3718.3,3722.04
11,144,g_a_cpu,cpu,3722.04,3722.36
11,144,g_a,dpu,3722.36,3860.84
11,144,g_a,dpu,3860.84,3973.19
11,144,g_a_cpu,cpu,3973.19,3973.57
11,144,h_a,dpu,3973.58,4063.53
11,144,eb_enc,cpu,4063.53,4063.66
11,144,eb_dec,cpu,4063.66,4063.77
11,144,h_s,dpu,4063.77,4082.9
11,144,gc,cpu,4082.91,4092.85
11,158,normalize,cpu,4093.32,4097.72
11,158,g_a_cpu,cpu,4097.72,4098.03
11,158,g_a,dpu,4098.03,4250.07
11,158,g_a,dpu,4250.07,4362.59
11,158,g_a_cpu,cpu,4362.59,4362.92
11,158,h_a,dpu,4362.93,4476.95
11,158,eb_enc,cpu,4476.95,4477.08
11,158,eb_dec,cpu,4477.08,4477.19
11,158,h_s,dpu,4477.19,4531.44
11,158,gc,cpu,4531.44,4541.76
11,175,normalize,cpu,4542.36,4547.24
11,175,g_a_cpu,cpu,4547.24,4547.73
11,175,g_a,dpu,4547.74,4644.55
11,175,g_a,dpu,4644.55,4794.66
11,175,g_a_cpu,cpu,4794.66,4795.06
11,175,h_a,dpu,4795.06,4938.15
11,175,eb_enc,cpu,4938.15,4938.34
11,175,eb_dec,cpu,4938.34,4938.46
11,175,h_s,dpu,4938.46,4954.94
11,175,gc,cpu,4954.95,4964.96
11,188,normalize,cpu,4965.49,4969.16
11,188,g_a_cpu,cpu,4969.16,4969.51
11,188,g_a,dpu,4969.51,5036.75
11,188,g_a,dpu,5036.75,5073.7
11,188,g_a_cpu,cpu,5073.71,5074.04
11,188,h_a,dpu,5074.04,5270.84
11,188,eb_enc,cpu,5270.84,5271.01
11,188,eb_dec,cpu,5271.01,5271.13
11,188,h_s,dpu,5271.13,5327.51
11,188,gc,cpu,5327.52,5337.1
11,203,normalize,cpu,5337.69,5341.36
11,203,g_a_cpu,cpu,5341.36,5341.7
11,203,g_a,dpu,5341.7,5392.73
11,203,g_a,dpu,5392.73,5432.42
11,203,g_a_cpu,cpu,5432.42,5432.9
11,203,h_a,dpu,5432.9,5608.36
11,203,eb_enc,cpu,5608.36,5608.5
11,203,eb_dec,cpu,5608.5,5608.63
11,203,h_s,dpu,5608.63,5674.29
11,203,gc,cpu,5674.29,5684.42
11,216,normalize,cpu,5684.92,5688.62
11,216,g_a_cpu,cpu,5688.62,5688.97
11,216,g_a,dpu,5688.98,5725.93
11,216,g_a,dpu,5725.93,5802.5
11,216,g_a_cpu,cpu,5802.5,5802.94
11,216,h_a,dpu,5802.95,5806.62
11,216,eb_enc,cpu,5806.63,5806.77
11,216,eb_dec,cpu,5806.77,5806.88
11,216,h_s,dpu,5806.88,5809.31
11,216,gc,cpu,5809.31,5819.87
11,225,normalize,cpu,5820.42,5824.02
11,225,g_a_cpu,cpu,5824.03,5824.32
11,225,g_a,dpu,5824.32,6047.01
11,225,g_a,dpu,6047.01,6083.87
11,225,g_a_cpu,cpu,6083.87,6084.27
11,225,h_a,dpu,6084.28,6139.36
11,225,eb_enc,cpu,6139.36,6139.55
11,225,eb_dec,cpu,6139.55,6139.68
11,225,h_s,dpu,6139.68,6183.9
11,225,gc,cpu,6183.9,6193.91
11,236,normalize,cpu,6194.36,6198.03
11,236,g_a_cpu,cpu,6198.04,6198.34
11,236,g_a,dpu,6198.35,6378.43
11,236,g_a,dpu,6378.43,6415.29
11,236,g_a_cpu,cpu,6415.29,6415.66
11,236,h_a,dpu,6415.66,6562.07
11,236,eb_enc,cpu,6562.07,6562.21
11,236,eb_dec,cpu,6562.21,6562.32
11,236,h_s,dpu,6562.32,6646.17
11,236,gc,cpu,6646.17,6656.09
11,255,normalize,cpu,6656.65,6660.3
11,255,g_a_cpu,cpu,6660.3,6660.64
11,255,g_a,dpu,6660.64,6769.37
11,255,g_a,dpu,6769.37,6806.22
11,255,g_a_cpu,cpu,6806.22,6806.66
11,255,h_a,dpu,6806.67,6935.21
11,255,eb_enc,cpu,6935.21,6935.33
11,255,eb_dec,cpu,6935.33,6935.45
11,255,h_s,dpu,6935.45,6990.97
11,255,gc,cpu,6990.97,7001.01
11,269,normalize,cpu,7001.45,7005.09
11,269,g_a_cpu,cpu,7005.1,7005.45
11,269,g_a,dpu,7005.45,7119.67
11,269,g_a,dpu,7119.67,7200.46
11,269,g_a_cpu,cpu,7200.46,7200.91
11,269,h_a,dpu,7200.92,7363.94
11,269,eb_enc,cpu,7363.94,7364.08
11,269,eb_dec,cpu,7364.09,7364.24
11,269,h_s,dpu,7364.24,7410.17
11,269,gc,cpu,7410.17,7419.82
11,285,normalize,cpu,7420.34,7423.95
11,285,g_a_cpu,cpu,7423.96,7424.31
11,285,g_a,dpu,7424.32,7503.41
11,285,g_a,dpu,7503.41,7581.02
11,285,g_a_cpu,cpu,7581.02,7581.47
11,285,h_a,dpu,7581.47,7770.63
11,285,eb_enc,cpu,7770.63,7770.75
11,285,eb_dec,cpu,7770.75,7770.86
11,285,h_s,dpu,7770.86,7772.44
11,285,gc,cpu,7772.44,7791.42
11,298,normalize,cpu,7791.99,7795.66
11,298,g_a_cpu,cpu,7795.66,7797.75
11,298,g_a,dpu,7797.75,7908.84
11,298,g_a,dpu,7908.84,7982.56
11,298,g_a_cpu,cpu,7982.56,7982.94
11,298,h_a,dpu,7982.94,8156.35
11,298,eb_enc,cpu,8156.35,8156.48
11,298,eb_dec,cpu,8156.48,8156.59
11,298,h_s,dpu,8156.59,8170.55
11,298,gc,cpu,8170.56,8180.44
11,313,normalize,cpu,8180.93,8185.7
11,313,g_a_cpu,cpu,8185.71,8186.19
11,313,g_a,dpu,8186.19,8228.76
11,313,g_a,dpu,8228.76,8339.49
11,313,g_a_cpu,cpu,8339.49,8339.9
11,313,h_a,dpu,8339.91,8456.17
11,313,eb_enc,cpu,8456.17,8456.32
11,313,eb_dec,cpu,8456.32,8456.44
11,313,h_s,dpu,8456.44,8544.82
11,313,gc,cpu,8544.82,8555.08
11,326,normalize,cpu,8555.74,8559.47
11,326,g_a_cpu,cpu,8559.47,8560.31
11,326,g_a,dpu,8560.32,8633.17
11,326,g_a,dpu,8633.18,8750.22
11,326,g_a_cpu,cpu,8750.22,8750.55
11,326,h_a,dpu,8750.55,8847.34
11,326,eb_enc,cpu,8847.34,8847.49
11,326,eb_dec,cpu,8847.49,8847.61
11,326,h_s,dpu,8847.61,8970.07
11,326,gc,cpu,8970.07,8980.25
11,342,normalize,cpu,8980.87,8984.64
11,342,g_a_cpu,cpu,8984.64,8985.23
11,342,g_a,dpu,8985.23,9061.65
11,342,g_a,dpu,9061.65,9212.64
11,342,g_a_cpu,cpu,9212.64,9212.98
11,342,h_a,dpu,9212.99,9333.1
11,342,eb_enc,cpu,9333.1,9333.24
11,342,eb_dec,cpu,9333.24,9333.35
11,342,h_s,dpu,9333.36,9437.09
11,342,gc,cpu,9437.09,9446.75
11,362,normalize,cpu,9447.19,9450.85
11,362,g_a_cpu,cpu,9450.86,9451.22
11,362,g_a,dpu,9451.22,9538.77
11,362,g_a,dpu,9538.78,9652.67
11,362,g_a_cpu,cpu,9652.67,9653.03
11,362,h_a,dpu,9653.04,9797.12
11,362,eb_enc,cpu,9797.12,9797.28
11,362,eb_dec,cpu,9797.28,9797.4
11,362,h_s,dpu,9797.4,9814.05
11,362,gc,cpu,9814.05,9823.8
11,377,normalize,cpu,9824.28,9827.9
11,377,g_a_cpu,cpu,9827.9,9828.23
11,377,g_a,dpu,9828.23,9929.32
11,377,g_a,dpu,9929.33,10008
11,377,g_a_cpu,cpu,10008,10008.5
11,377,h_a,dpu,10008.5,10173.7
11,377,eb_enc,cpu,10173.7,10173.8
11,377,eb_dec,cpu,10173.8,10173.9
11,377,h_s,dpu,10173.9,10229.6
11,377,gc,cpu,10229.6,10239.3
11,394,normalize,cpu,10239.7,10243.5
11,394,g_a_cpu,cpu,10243.5,10243.8
11,394,g_a,dpu,10243.8,10349.4
11,394,g_a,dpu,10349.4,10392.3
11,394,g_a_cpu,cpu,10392.3,10392.7
11,394,h_a,dpu,10392.7,10558.8
11,394,eb_enc,cpu,10558.8,10559
11,394,eb_dec,cpu,10559,10559.2
11,394,h_s,dpu,10559.2,10641.9
11,394,gc,cpu,10641.9,10651.9
11,410,normalize,cpu,10652.4,10656
11,410,g_a_cpu,cpu,10656,10656.4
11,410,g_a,dpu,10656.4,10749.1
11,410,g_a,dpu,10749.1,10825.1
11,410,g_a_cpu,cpu,10825.1,10825.5
11,410,h_a,dpu,10825.5,10973.1
11,410,eb_enc,cpu,10973.1,10973.3
11,410,eb_dec,cpu,10973.3,10973.4
11,410,h_s,dpu,10973.4,11035
11,410,gc,cpu,11035,11044.8
11,425,normalize,cpu,11045.3,11049
11,425,g_a_cpu,cpu,11049,11049.3
11,425,g_a,dpu,11049.3,11152.9
11,425,g_a,dpu,11152.9,11228.4
11,425,g_a_cpu,cpu,11228.4,11228.9
11,425,h_a,dpu,11228.9,11354.9
11,425,eb_enc,cpu,11354.9,11355.1
11,425,eb_dec,cpu,11355.1,11355.3
11,425,h_s,dpu,11355.3,11373.9
11,425,gc,cpu,11373.9,11384
11,437,normalize,cpu,11384.6,11388.2
11,437,g_a_cpu,cpu,11388.2,11388.6
11,437,g_a,dpu,11388.6,11476.8
11,437,g_a,dpu,11476.8,11628.6
11,437,g_a_cpu,cpu,11628.6,11629
11,437,h_a,dpu,11629,11808.1
11,437,eb_enc,cpu,11808.1,11808.3
11,437,eb_dec,cpu,11808.3,11808.4
11,437,h_s,dpu,11808.4,11809.5
11,437,gc,cpu,11809.5,11819.5
11,453,normalize,cpu,11820,11823.7
11,453,g_a_cpu,cpu,11823.7,11824.2
11,453,g_a,dpu,11824.2,11927.4
11,453,g_a,dpu,11927.4,12037
11,453,g_a_cpu,cpu,12037,12037.4
11,453,h_a,dpu,12037.4,12199.3
11,453,eb_enc,cpu,12199.3,12199.5
11,453,eb_dec,cpu,12199.5,12199.6
11,453,h_s,dpu,12199.6,12202.1
11,453,gc,cpu,12202.1,12212.8
11,465,normalize,cpu,12213.7,12217.4
11,465,g_a_cpu,cpu,12217.4,12218
11,465,g_a,dpu,12218,12337.5
11,465,g_a,dpu,12337.5,12521.6
11,465,g_a_cpu,cpu,12521.6,12522
11,465,h_a,dpu,12522,12616.4
11,465,eb_enc,cpu,12616.4,12616.6
11,465,eb_dec,cpu,12616.6,12616.7
11,465,h_s,dpu,12616.7,12626.4
11,465,gc,cpu,12626.4,12636.6
11,484,normalize,cpu,12637.1,12640.8
11,484,g_a_cpu,cpu,12640.8,12641
11,484,g_a,dpu,12641,12769.4
11,484,g_a,dpu,12769.4,12918.7
11,484,g_a_cpu,cpu,12918.7,12919.1
11,484,h_a,dpu,12919.1,13032.6
11,484,eb_enc,cpu,13032.6,13032.8
11,484,eb_dec,cpu,13032.8,13032.9
11,484,h_s,dpu,13032.9,13054.2
11,484,gc,cpu,13054.2,13064.2
11,498,normalize,cpu,13064.7,13068.4
11,498,g_a_cpu,cpu,13068.4,13069
11,498,g_a,dpu,13069,13173.4
11,498,g_a,dpu,13173.4,13335.2
11,498,g_a_cpu,cpu,13335.2,13335.5
11,498,h_a,dpu,13335.5,13447.3
11,498,eb_enc,cpu,13447.3,13447.4
11,498,eb_dec,cpu,13447.4,13447.5
11,498,h_s,dpu,13447.5,13448.7
11,498,gc,cpu,13448.7,13458.7
11,513,normalize,cpu,13459.3,13462.9
11,513,g_a_cpu,cpu,13462.9,13463.3
11,513,g_a,dpu,13463.3,13613.2
11,513,g_a,dpu,13613.2,13727.2
11,513,g_a_cpu,cpu,13727.2,13727.6
11,513,h_a,dpu,13727.6,13859.6
11,513,eb_enc,cpu,13859.6,13859.7
11,513,eb_dec,cpu,13859.7,13859.8
11,513,h_s,dpu,13859.8,13861
11,513,gc,cpu,13861,13870.8
11,527,normalize,cpu,13871.3,13878.3
11,527,g_a_cpu,cpu,13878.3,13878.7
11,527,g_a,dpu,13878.7,13980.6
11,527,g_a,dpu,13980.6,14089.7
11,527,g_a_cpu,cpu,14089.7,14090.1
11,527,h_a,dpu,14090.1,14169.5
11,527,eb_enc,cpu,14169.5,14169.7
11,527,eb_dec,cpu,14169.7,14169.8
11,527,h_s,dpu,14169.8,14259.3
11,527,gc,cpu,14259.3,14268.9
11,545,normalize,cpu,14269.4,14273.1
11,545,g_a_cpu,cpu,14273.1,14273.4
11,545,g_a,dpu,14273.4,14364.8
11,545,g_a,dpu,14364.8,14475.5
11,545,g_a_cpu,cpu,14475.5,14475.9
11,545,h_a,dpu,14475.9,14576.3
11,545,eb_enc,cpu,14576.3,14576.5
11,545,eb_dec,cpu,14576.5,14576.6
11,545,h_s,dpu,14576.6,14638.7
11,545,gc,cpu,14638.8,14648.6
11,561,normalize,cpu,14649.1,14652.7
11,561,g_a_cpu,cpu,14652.7,14653.7
11,561,g_a,dpu,14653.7,14747.5
11,561,g_a,dpu,14747.5,14858.6
11,561,g_a_cpu,cpu,14858.6,14859
11,561,h_a,dpu,14859,14985.2
11,561,eb_enc,cpu,14985.3,14985.4
11,561,eb_dec,cpu,14985.4,14985.5
11,561,h_s,dpu,14985.5,15023.8
11,561,gc,cpu,15023.8,15034.1
11,576,normalize,cpu,15034.9,15040.5
11,576,g_a_cpu,cpu,15040.5,15040.9
11,576,g_a,dpu,15040.9,15150.5
11,576,g_a,dpu,15150.5,15187.8
11,576,g_a_cpu,cpu,15187.8,15188.3
11,576,h_a,dpu,15188.3,15328.8
11,576,eb_enc,cpu,15328.8,15329
11,576,eb_dec,cpu,15329,15329.1
11,576,h_s,dpu,15329.1,15435
11,576,gc,cpu,15435,15444.9
11,591,normalize,cpu,15445.4,15449.1
11,591,g_a_cpu,cpu,15449.1,15449.5
11,591,g_a,dpu,15449.5,15509.8
11,591,g_a,dpu,15509.8,15619.1
11,591,g_a_cpu,cpu,15619.1,15619.4
11,591,h_a,dpu,15619.4,15748.5
11,591,eb_enc,cpu,15748.5,15748.7
11,591,eb_dec,cpu,15748.7,15748.8
11,591,h_s,dpu,15748.8,15778.4
11,591,gc,cpu,15778.4,15788.3
11,604,normalize,cpu,15789,15792.7
11,604,g_a_cpu,cpu,15792.7,15793.1
11,604,g_a,dpu,15793.1,15902
11,604,g_a,dpu,15902,16011.2
11,604,g_a_cpu,cpu,16011.2,16011.6
11,604,h_a,dpu,16011.6,16123.5
11,604,eb_enc,cpu,16123.5,16123.7
11,604,eb_dec,cpu,16123.7,16123.8
11,604,h_s,dpu,16123.8,16157
11,604,gc,cpu,16157,16167.3
11,619,normalize,cpu,16167.8,16172.9
11,619,g_a_cpu,cpu,16172.9,16174
11,619,g_a,dpu,16174,16290.9
11,619,g_a,dpu,16290.9,16403
11,619,g_a_cpu,cpu,16403,16403.4
11,619,h_a,dpu,16403.4,16508
11,619,eb_enc,cpu,16508,16508.2
11,619,eb_dec,cpu,16508.2,16508.3
11,619,h_s,dpu,16508.3,16562.1
11,619,gc,cpu,16562.1,16571.7
11,634,normalize,cpu,16572.2,16575.8
11,634,g_a_cpu,cpu,16575.8,16576.1
11,634,g_a,dpu,16576.1,16725.8
11,634,g_a,dpu,16725.8,16799.3
11,634,g_a_cpu,cpu,16799.3,16799.7
11,634,h_a,dpu,16799.7,16918
11,634,eb_enc,cpu,16918,16918.1
11,634,eb_dec,cpu,16918.1,16918.2
11,634,h_s,dpu,16918.2,16974.3
11,634,gc,cpu,16974.3,16984.2
11,650,normalize,cpu,16984.7,16988.4
11,650,g_a_cpu,cpu,16988.4,16988.6
11,650,g_a,dpu,16988.6,17080.6
11,650,g_a,dpu,17080.6,17229
11,650,g_a_cpu,cpu,17229,17229.4
11,650,h_a,dpu,17229.4,17333.3
11,650,eb_enc,cpu,17333.3,17333.4
11,650,eb_dec,cpu,17333.4,17333.5
11,650,h_s,dpu,17333.5,17378.4
11,650,gc,cpu,17378.4,17388.2
11,665,normalize,cpu,17388.7,17392.3
11,665,g_a_cpu,cpu,17392.3,17392.7
11,665,g_a,dpu,17392.7,17469.7
11,665,g_a,dpu,17469.7,17581.8
11,665,g_a_cpu,cpu,17581.8,17582.1
11,665,h_a,dpu,17582.1,17673
11,665,eb_enc,cpu,17673,17673.1
11,665,eb_dec,cpu,17673.1,17673.2
11,665,h_s,dpu,17673.2,17754.2
11,665,gc,cpu,17754.2,17764.1
11,681,normalize,cpu,17764.7,17768.3
11,681,g_a_cpu,cpu,17768.3,17768.7
11,681,g_a,dpu,17768.7,17853.3
11,681,g_a,dpu,17853.3,17931.6
11,681,g_a_cpu,cpu,17931.6,17932
11,681,h_a,dpu,17932,18089
11,681,eb_enc,cpu,18089,18089.1
11,681,eb_dec,cpu,18089.1,18089.2
11,681,h_s,dpu,18089.2,18140.4
11,681,gc,cpu,18140.4,18151.2
11,697,normalize,cpu,18151.9,18155.6
11,697,g_a_cpu,cpu,18155.6,18156.2
11,697,g_a,dpu,18156.2,18281.6
11,697,g_a,dpu,18281.6,18405.2
11,697,g_a_cpu,cpu,18405.2,18405.6
11,697,h_a,dpu,18405.6,18537.4
11,697,eb_enc,cpu,18537.4,18537.6
11,697,eb_dec,cpu,18537.6,18537.7
11,697,h_s,dpu,18537.7,18600.4
11,697,gc,cpu,18600.4,18610.3
11,712,normalize,cpu,18611.3,18615
11,712,g_a_cpu,cpu,18615,18615.4
11,712,g_a,dpu,18615.4,18681.6
11,712,g_a,dpu,18681.6,18797.2
11,712,g_a_cpu,cpu,18797.2,18797.7
11,712,h_a,dpu,18797.7,18910.8
11,712,eb_enc,cpu,18910.8,18911
11,712,eb_dec,cpu,18911,18911.1
11,712,h_s,dpu,18911.1,18973.9
11,712,gc,cpu,18973.9,18983.6
11,729,normalize,cpu,18984.7,18988.3
11,729,g_a_cpu,cpu,18988.3,18988.7
11,729,g_a,dpu,18988.7,19035.3
11,729,g_a,dpu,19035.3,19108.3
11,729,g_a_cpu,cpu,19108.3,19108.7
11,729,h_a,dpu,19108.7,19213.3
11,729,eb_enc,cpu,19213.3,19213.5
11,729,eb_dec,cpu,19213.5,19213.6
11,729,h_s,dpu,19213.6,19277.3
11,729,gc,cpu,19277.3,19293.9
11,743,normalize,cpu,19294.3,19298
11,743,g_a_cpu,cpu,19298,19298.3
11,743,g_a,dpu,19298.3,19393.1
11,743,g_a,dpu,19393.1,19505.5
11,743,g_a_cpu,cpu,19505.5,19505.9
11,743,h_a,dpu,19505.9,19600.5
11,743,eb_enc,cpu,19600.5,19600.7
11,743,eb_dec,cpu,19600.7,19600.8
11,743,h_s,dpu,19600.8,19654.8
11,743,gc,cpu,19654.8,19664.7
11,757,normalize,cpu,19665.2,19668.9
11,757,g_a_cpu,cpu,19668.9,19669.2
11,757,g_a,dpu,19669.2,19778.8
11,757,g_a,dpu,19778.8,19893
11,757,g_a_cpu,cpu,19893,19893.4
11,757,h_a,dpu,19893.4,20023.5
11,757,eb_enc,cpu,20023.5,20023.6
11,757,eb_dec,cpu,20023.6,20023.7
11,757,h_s,dpu,20023.7,20025
11,757,gc,cpu,20025,20034.9
11,771,normalize,cpu,20035.4,20039.1
11,771,g_a_cpu,cpu,20039.2,20039.5
11,771,g_a,dpu,20039.5,20197.3
11,771,g_a,dpu,20197.3,20234.1
11,771,g_a_cpu,cpu,20234.1,20234.4
11,771,h_a,dpu,20234.4,20322.7
11,771,eb_enc,cpu,20322.7,20322.9
11,771,eb_dec,cpu,20322.9,20323
11,771,h_s,dpu,20323,20373
11,771,gc,cpu,20373,20382.9
11,784,normalize,cpu,20383.4,20387.1
11,784,g_a_cpu,cpu,20387.1,20387.4
11,784,g_a,dpu,20387.4,20467.5
11,784,g_a,dpu,20467.5,20616.7
11,784,g_a_cpu,cpu,20616.7,20617
11,784,h_a,dpu,20617,20736.9
11,784,eb_enc,cpu,20736.9,20737.1
11,784,eb_dec,cpu,20737.1,20737.2
11,784,h_s,dpu,20737.2,20755.9
11,784,gc,cpu,20755.9,20766.4
11,801,normalize,cpu,20767,20770.7
11,801,g_a_cpu,cpu,20770.7,20771
11,801,g_a,dpu,20771,20887.5
11,801,g_a,dpu,20887.5,21000.7
11,801,g_a_cpu,cpu,21000.7,21001.1
11,801,h_a,dpu,21001.1,21085.4
11,801,eb_enc,cpu,21085.4,21085.5
11,801,eb_dec,cpu,21085.5,21085.6
11,801,h_s,dpu,21085.6,21138.6
11,801,gc,cpu,21138.6,21148.3
11,814,normalize,cpu,21148.9,21152.5
11,814,g_a_cpu,cpu,21152.5,21152.8
11,814,g_a,dpu,21152.8,21281.1
11,814,g_a,dpu,21281.1,21365.2
11,814,g_a_cpu,cpu,21365.2,21365.6
11,814,h_a,dpu,21365.6,21533.9
11,814,eb_enc,cpu,21533.9,21534.1
11,814,eb_dec,cpu,21534.1,21534.2
11,814,h_s,dpu,21534.2,21583.6
11,814,gc,cpu,21583.6,21593.3
11,831,normalize,cpu,21593.8,21597.7
11,831,g_a_cpu,cpu,21597.7,21598
11,831,g_a,dpu,21598,21641.1
11,831,g_a,dpu,21641.1,21679.7
11,831,g_a_cpu,cpu,21679.7,21680.2
11,831,h_a,dpu,21680.2,21877.8
11,831,eb_enc,cpu,21877.8,21877.9
11,831,eb_dec,cpu,21877.9,21878
11,831,h_s,dpu,21878,21926.2
11,831,gc,cpu,21926.2,21936.7
11,842,normalize,cpu,21937.2,21940.9
11,842,g_a_cpu,cpu,21940.9,21941.2
11,842,g_a,dpu,21941.2,22012.6
11,842,g_a,dpu,22012.6,22092.8
11,842,g_a_cpu,cpu,22092.8,22093.2
11,842,h_a,dpu,22093.2,22255.8
11,842,eb_enc,cpu,22255.8,22255.9
11,842,eb_dec,cpu,22255.9,22256
11,842,h_s,dpu,22256,22299
11,842,gc,cpu,22299,22308.9
11,858,normalize,cpu,22309.4,22313.1
11,858,g_a_cpu,cpu,22313.1,22313.4
11,858,g_a,dpu,22313.4,22397.4
11,858,g_a,dpu,22397.4,22475.2
11,858,g_a_cpu,cpu,22475.2,22475.5
11,858,h_a,dpu,22475.5,22779.1
11,858,eb_enc,cpu,22779.1,22779.3
11,858,eb_dec,cpu,22779.3,22779.4
11,858,h_s,dpu,22779.4,22830.1
11,858,gc,cpu,22830.1,22839.9
11,879,normalize,cpu,22840.4,22844.6
11,879,g_a_cpu,cpu,22844.6,22845
11,879,g_a,dpu,22845,22954.7
11,879,g_a,dpu,22954.7,23071.6
11,879,g_a_cpu,cpu,23071.6,23072.1
11,879,h_a,dpu,23072.1,23285.1
11,879,eb_enc,cpu,23285.1,23285.2
11,879,eb_dec,cpu,23285.2,23285.3
11,879,h_s,dpu,23285.3,23402.6
11,879,gc,cpu,23402.6,23412.4
11,899,normalize,cpu,23412.8,23416.4
11,899,g_a_cpu,cpu,23416.4,23416.7
11,899,g_a,dpu,23416.7,23497.6
11,899,g_a,dpu,23497.6,23538.4
11,899,g_a_cpu,cpu,23538.4,23538.8
11,899,h_a,dpu,23538.8,23657.2
11,899,eb_enc,cpu,23657.2,23657.3
11,899,eb_dec,cpu,23657.3,23657.5
11,899,h_s,dpu,23657.5,23708
11,899,gc,cpu,23708,23718.1
11,915,normalize,cpu,23718.6,23722.3
11,915,g_a_cpu,cpu,23722.3,23722.6
11,915,g_a,dpu,23722.6,23860.5
11,915,g_a,dpu,23860.5,23977.9
11,915,g_a_cpu,cpu,23977.9,23978.4
11,915,h_a,dpu,23978.4,24069.1
11,915,eb_enc,cpu,24069.1,24069.2
11,915,eb_dec,cpu,24069.2,24069.3
11,915,h_s,dpu,24069.3,24118.3
11,915,gc,cpu,24118.3,24128
12,2,normalize,cpu,68.71,86.8028
12,2,g_a_cpu,cpu,86.8774,87.2421
12,2,g_a,dpu,87.2471,252.746
12,2,g_a,dpu,252.75,476.173
12,2,g_a_cpu,cpu,476.175,476.718
12,2,h_a,dpu,476.732,478.668
12,2,eb_enc,cpu,478.67,478.825
12,2,eb_dec,cpu,478.826,478.945
12,2,h_s,dpu,478.945,480.544
12,2,gc,cpu,480.553,491.852
12,20,normalize,cpu,492.342,495.947
12,20,g_a_cpu,cpu,495.953,496.362
12,20,g_a,dpu,496.365,722.298
12,20,g_a,dpu,722.299,938.096
12,20,g_a_cpu,cpu,938.097,938.441
12,20,h_a,dpu,938.442,940.273
12,20,eb_enc,cpu,940.274,940.405
12,20,eb_dec,cpu,940.407,940.516
12,20,h_s,dpu,940.517,941.654
12,20,gc,cpu,941.655,951.991
12,36,normalize,cpu,952.571,956.2
12,36,g_a_cpu,cpu,956.203,956.468
12,36,g_a,dpu,956.472,1188.92
12,36,g_a,dpu,1188.92,1368.71
12,36,g_a_cpu,cpu,1368.72,1369.05
12,36,h_a,dpu,1369.06,1377.55
12,36,eb_enc,cpu,1377.55,1377.67
12,36,eb_dec,cpu,1377.68,1377.78
12,36,h_s,dpu,1377.78,1390.52
12,36,gc,cpu,1390.52,1400.61
12,51,normalize,cpu,1401.13,1404.85
12,51,g_a_cpu,cpu,1404.86,1405.12
12,51,g_a,dpu,1405.13,1602.28
12,51,g_a,dpu,1602.29,1784.68
12,51,g_a_cpu,cpu,1784.68,1785.1
12,51,h_a,dpu,1785.1,1807.35
12,51,eb_enc,cpu,1807.35,1807.48
12,51,eb_dec,cpu,1807.48,1807.59
12,51,h_s,dpu,1807.59,1854.18
12,51,gc,cpu,1854.18,1865.41
12,70,normalize,cpu,1866.34,1870
12,70,g_a_cpu,cpu,1870,1870.4
12,70,g_a,dpu,1870.41,2089.07
12,70,g_a,dpu,2089.08,2212.5
12,70,g_a_cpu,cpu,2212.51,2212.96
12,70,h_a,dpu,2212.96,2253.24
12,70,eb_enc,cpu,2253.24,2253.39
12,70,eb_dec,cpu,2253.39,2253.5
12,70,h_s,dpu,2253.5,2475.61
12,70,gc,cpu,2475.61,2485.43
12,94,normalize,cpu,2485.92,2492.6
12,94,g_a_cpu,cpu,2492.61,2493.02
12,94,g_a,dpu,2493.05,2631.96
12,94,g_a,dpu,2631.97,2781.06
12,94,g_a_cpu,cpu,2781.06,2781.56
12,94,h_a,dpu,2781.56,2789.92
12,94,eb_enc,cpu,2789.92,2790.04
12,94,eb_dec,cpu,2790.04,2790.15
12,94,h_s,dpu,2790.15,2872.34
12,94,gc,cpu,2872.34,2882.38
12,110,normalize,cpu,2882.85,2886.53
12,110,g_a_cpu,cpu,2886.54,2886.81
12,110,g_a,dpu,2886.81,3040.54
12,110,g_a,dpu,3040.54,3077.39
12,110,g_a_cpu,cpu,3077.4,3078.21
12,110,h_a,dpu,3078.24,3172.72
12,110,eb_enc,cpu,3172.72,3172.85
12,110,eb_dec,cpu,3172.86,3172.97
12,110,h_s,dpu,3172.97,3231.53
12,110,gc,cpu,3231.53,3241.67
12,122,normalize,cpu,3242.26,3245.91
12,122,g_a_cpu,cpu,3245.92,3246.2
12,122,g_a,dpu,3246.2,3348.13
12,122,g_a,dpu,3348.14,3492.26
12,122,g_a_cpu,cpu,3492.27,3492.59
12,122,h_a,dpu,3492.59,3550.6
12,122,eb_enc,cpu,3550.6,3550.73
12,122,eb_dec,cpu,3550.73,3550.84
12,122,h_s,dpu,3550.84,3622.05
12,122,gc,cpu,3622.06,3632.11
12,138,normalize,cpu,3632.68,3636.32
12,138,g_a_cpu,cpu,3636.32,3636.7
12,138,g_a,dpu,3636.7,3764.91
12,138,g_a,dpu,3764.92,3948.5
12,138,g_a_cpu,cpu,3948.5,3948.83
12,138,h_a,dpu,3948.83,4005.2
12,138,eb_enc,cpu,4005.2,4005.32
12,138,eb_dec,cpu,4005.33,4005.44
12,138,h_s,dpu,4005.44,4057.62
12,138,gc,cpu,4057.63,4067.95
12,154,normalize,cpu,4068.84,4072.52
12,154,g_a_cpu,cpu,4072.52,4072.91
12,154,g_a,dpu,4072.91,4214.9
12,154,g_a,dpu,4214.9,4251.27
12,154,g_a_cpu,cpu,4251.27,4251.92
12,154,h_a,dpu,4251.92,4306.43
12,154,eb_enc,cpu,4306.43,4306.57
12,154,eb_dec,cpu,4306.57,4306.68
12,154,h_s,dpu,4306.68,4407.46
12,154,gc,cpu,4407.46,4417.37
12,168,normalize,cpu,4418,4421.67
12,168,g_a_cpu,cpu,4421.67,4421.95
12,168,g_a,dpu,4421.95,4560.5
12,168,g_a,dpu,4560.5,4706.64
12,168,g_a_cpu,cpu,4706.64,4706.99
12,168,h_a,dpu,4706.99,4734.77
12,168,eb_enc,cpu,4734.77,4734.89
12,168,eb_dec,cpu,4734.89,4735
12,168,h_s,dpu,4735,4874.02
12,168,gc,cpu,4874.02,4884
12,184,normalize,cpu,4884.49,4888.15
12,184,g_a_cpu,cpu,4888.15,4888.45
12,184,g_a,dpu,4888.46,5048.14
12,184,g_a,dpu,5048.14,5269.92
12,184,g_a_cpu,cpu,5269.92,5270.47
12,184,h_a,dpu,5270.47,5326.58
12,184,eb_enc,cpu,5326.58,5326.71
12,184,eb_dec,cpu,5326.71,5326.83
12,184,h_s,dpu,5326.83,5349.43
12,184,gc,cpu,5349.43,5359.35
12,205,normalize,cpu,5359.87,5363.55
12,205,g_a_cpu,cpu,5363.55,5363.87
12,205,g_a,dpu,5363.87,5534.62
12,205,g_a,dpu,5534.62,5718.04
12,205,g_a_cpu,cpu,5718.04,5718.45
12,205,h_a,dpu,5718.46,5784.04
12,205,eb_enc,cpu,5784.04,5784.2
12,205,eb_dec,cpu,5784.2,5784.31
12,205,h_s,dpu,5784.31,5854.19
12,205,gc,cpu,5854.2,5863.94
12,226,normalize,cpu,5864.64,5868.29
12,226,g_a_cpu,cpu,5868.3,5868.7
12,226,g_a,dpu,5868.71,5990.07
12,226,g_a,dpu,5990.07,6100.4
12,226,g_a_cpu,cpu,6100.4,6100.86
12,226,h_a,dpu,6100.86,6145.49
12,226,eb_enc,cpu,6145.49,6145.67
12,226,eb_dec,cpu,6145.67,6145.79
12,226,h_s,dpu,6145.79,6250.02
12,226,gc,cpu,6250.02,6259.87
12,240,normalize,cpu,6260.68,6264.5
12,240,g_a_cpu,cpu,6264.51,6265.3
12,240,g_a,dpu,6265.3,6413.47
12,240,g_a,dpu,6413.47,6449.76
12,240,g_a_cpu,cpu,6449.76,6450.29
12,240,h_a,dpu,6450.3,6525.28
12,240,eb_enc,cpu,6525.28,6525.47
12,240,eb_dec,cpu,6525.47,6525.61
12,240,h_s,dpu,6525.61,6574.5
12,240,gc,cpu,6574.5,6584.68
12,253,normalize,cpu,6585.18,6588.87
12,253,g_a_cpu,cpu,6588.87,6589.14
12,253,g_a,dpu,6589.14,6711.85
12,253,g_a,dpu,6711.85,6895.66
12,253,g_a_cpu,cpu,6895.66,6896.05
12,253,h_a,dpu,6896.06,6947.54
12,253,eb_enc,cpu,6947.54,6947.67
12,253,eb_dec,cpu,6947.67,6947.78
12,253,h_s,dpu,6947.78,7006.49
12,253,gc,cpu,7006.49,7016.39
12,270,normalize,cpu,7017.04,7021.48
12,270,g_a_cpu,cpu,7021.49,7021.74
12,270,g_a,dpu,7021.75,7167.24
12,270,g_a,dpu,7167.24,7362.43
12,270,g_a_cpu,cpu,7362.43,7362.79
12,270,h_a,dpu,7362.79,7409.26
12,270,eb_enc,cpu,7409.26,7409.39
12,270,eb_dec,cpu,7409.39,7409.5
12,270,h_s,dpu,7409.5,7467.16
12,270,gc,cpu,7467.16,7477.46
12,287,normalize,cpu,7477.96,7481.59
12,287,g_a_cpu,cpu,7481.59,7481.93
12,287,g_a,dpu,7481.93,7623.06
12,287,g_a,dpu,7623.06,7659.45
12,287,g_a_cpu,cpu,7659.45,7659.78
12,287,h_a,dpu,7659.78,7714.87
12,287,eb_enc,cpu,7714.87,7715
12,287,eb_dec,cpu,7715,7715.11
12,287,h_s,dpu,7715.11,7788.78
12,287,gc,cpu,7788.78,7798.78
12,300,normalize,cpu,7799.27,7802.97
12,300,g_a_cpu,cpu,7802.97,7803.34
12,300,g_a,dpu,7803.34,7936.67
12,300,g_a,dpu,7936.67,8118.1
12,300,g_a_cpu,cpu,8118.1,8118.6
12,300,h_a,dpu,8118.61,8163.02
12,300,eb_enc,cpu,8163.02,8163.18
12,300,eb_dec,cpu,8163.18,8163.29
12,300,h_s,dpu,8163.29,8185.76
12,300,gc,cpu,8185.76,8196.36
12,315,normalize,cpu,8196.86,8200.54
12,315,g_a_cpu,cpu,8200.54,8200.92
12,315,g_a,dpu,8200.92,8381.87
12,315,g_a,dpu,8381.87,8532.16
12,315,g_a_cpu,cpu,8532.16,8532.5
12,315,h_a,dpu,8532.5,8633.58
12,315,eb_enc,cpu,8633.58,8633.73
12,315,eb_dec,cpu,8633.74,8633.85
12,315,h_s,dpu,8633.85,8751.99
12,315,gc,cpu,8751.99,8762.16
12,336,normalize,cpu,8762.74,8766.41
12,336,g_a_cpu,cpu,8766.41,8766.71
12,336,g_a,dpu,8766.72,8883.29
12,336,g_a,dpu,8883.29,8993.44
12,336,g_a_cpu,cpu,8993.44,8993.82
12,336,h_a,dpu,8993.83,9027.34
12,336,eb_enc,cpu,9027.34,9027.5
12,336,eb_dec,cpu,9027.5,9027.61
12,336,h_s,dpu,9027.61,9175.48
12,336,gc,cpu,9175.48,9185.81
12,352,normalize,cpu,9186.3,9189.98
12,352,g_a_cpu,cpu,9189.99,9190.27
12,352,g_a,dpu,9190.27,9332
12,352,g_a,dpu,9332,9452.15
12,352,g_a_cpu,cpu,9452.15,9452.6
12,352,h_a,dpu,9452.6,9511.91
12,352,eb_enc,cpu,9511.91,9512.04
12,352,eb_dec,cpu,9512.04,9512.18
12,352,h_s,dpu,9512.18,9616.42
12,352,gc,cpu,9616.42,9626.3
12,369,normalize,cpu,9626.76,9630.43
12,369,g_a_cpu,cpu,9630.43,9630.69
12,369,g_a,dpu,9630.7,9796.29
12,369,g_a,dpu,9796.29,9983.93
12,369,g_a_cpu,cpu,9983.93,9984.46
12,369,h_a,dpu,9984.47,10041.8
12,369,eb_enc,cpu,10041.8,10042
12,369,eb_dec,cpu,10042,10042.1
12,369,h_s,dpu,10042.1,10084.4
12,369,gc,cpu,10084.4,10094.3
12,385,normalize,cpu,10095,10098.7
12,385,g_a_cpu,cpu,10098.7,10099
12,385,g_a,dpu,10099,10247.1
12,385,g_a,dpu,10247.1,10472.3
12,385,g_a_cpu,cpu,10472.3,10472.7
12,385,h_a,dpu,10472.7,10474.7
12,385,eb_enc,cpu,10474.7,10474.8
12,385,eb_dec,cpu,10474.8,10474.9
12,385,h_s,dpu,10474.9,10514.3
12,385,gc,cpu,10514.3,10524.7
12,403,normalize,cpu,10525.4,10529.2
12,403,g_a_cpu,cpu,10529.2,10529.7
12,403,g_a,dpu,10529.7,10672.2
12,403,g_a,dpu,10672.2,10854.1
12,403,g_a_cpu,cpu,10854.1,10854.5
12,403,h_a,dpu,10854.5,10907.4
12,403,eb_enc,cpu,10907.5,10907.6
12,403,eb_dec,cpu,10907.6,10907.7
12,403,h_s,dpu,10907.7,10909.2
12,403,gc,cpu,10909.2,10919.7
12,418,normalize,cpu,10920.3,10924
12,418,g_a_cpu,cpu,10924,10924.8
12,418,g_a,dpu,10924.8,11049.9
12,418,g_a,dpu,11049.9,11231.6
12,418,g_a_cpu,cpu,11231.6,11232.2
12,418,h_a,dpu,11232.2,11295.1
12,418,eb_enc,cpu,11295.1,11295.2
12,418,eb_dec,cpu,11295.2,11295.3
12,418,h_s,dpu,11295.3,11312.5
12,418,gc,cpu,11312.5,11322.6
12,433,normalize,cpu,11323.1,11326.7
12,433,g_a_cpu,cpu,11326.7,11327
12,433,g_a,dpu,11327,11511.8
12,433,g_a,dpu,11511.8,11696
12,433,g_a_cpu,cpu,11696,11696.6
12,433,h_a,dpu,11696.6,11716.2
12,433,eb_enc,cpu,11716.2,11716.4
12,433,eb_dec,cpu,11716.4,11716.5
12,433,h_s,dpu,11716.5,11750.2
12,433,gc,cpu,11750.2,11761.3
12,448,normalize,cpu,11762.1,11765.9
12,448,g_a_cpu,cpu,11765.9,11766.3
12,448,g_a,dpu,11766.3,11938.3
12,448,g_a,dpu,11938.3,12156.9
12,448,g_a_cpu,cpu,12156.9,12157.3
12,448,h_a,dpu,12157.3,12193.1
12,448,eb_enc,cpu,12193.1,12193.2
12,448,eb_dec,cpu,12193.2,12193.4
12,448,h_s,dpu,12193.4,12219.1
12,448,gc,cpu,12219.1,12229.6
12,469,normalize,cpu,12230.1,12233.8
12,469,g_a_cpu,cpu,12233.8,12234.2
12,469,g_a,dpu,12234.2,12429
12,469,g_a,dpu,12429,12577.1
12,469,g_a_cpu,cpu,12577.1,12577.4
12,469,h_a,dpu,12577.4,12593.3
12,469,eb_enc,cpu,12593.3,12593.4
12,469,eb_dec,cpu,12593.4,12593.5
12,469,h_s,dpu,12593.5,12689.9
12,469,gc,cpu,12689.9,12699.8
12,489,normalize,cpu,12700.4,12704.2
12,489,g_a_cpu,cpu,12704.2,12704.5
12,489,g_a,dpu,12704.5,12884
12,489,g_a,dpu,12884,13031
12,489,g_a_cpu,cpu,13031.1,13031.4
12,489,h_a,dpu,13031.4,13052.9
12,489,eb_enc,cpu,13052.9,13053
12,489,eb_dec,cpu,13053,13053.1
12,489,h_s,dpu,13053.1,13258.1
12,489,gc,cpu,13258.1,13268.6
12,508,normalize,cpu,13269.1,13272.7
12,508,g_a_cpu,cpu,13272.8,13273
12,508,g_a,dpu,13273,13446.5
12,508,g_a,dpu,13446.5,13563.3
12,508,g_a_cpu,cpu,13563.3,13563.6
12,508,h_a,dpu,13563.6,13649.5
12,508,eb_enc,cpu,13649.5,13649.7
12,508,eb_dec,cpu,13649.7,13649.8
12,508,h_s,dpu,13649.8,13733.8
12,508,gc,cpu,13733.8,13743.8
12,524,normalize,cpu,13744.3,13747.9
12,524,g_a_cpu,cpu,13747.9,13748.2
12,524,g_a,dpu,13748.2,13784.8
12,524,g_a,dpu,13784.8,13946.3
12,524,g_a_cpu,cpu,13946.3,13946.8
12,524,h_a,dpu,13946.8,14029.3
12,524,eb_enc,cpu,14029.3,14029.4
12,524,eb_dec,cpu,14029.4,14029.6
12,524,h_s,dpu,14029.6,14133.6
12,524,gc,cpu,14133.6,14143.5
12,539,normalize,cpu,14144,14147.7
12,539,g_a_cpu,cpu,14147.7,14148.1
12,539,g_a,dpu,14148.1,14279.6
12,539,g_a,dpu,14279.6,14390.6
12,539,g_a_cpu,cpu,14390.6,14391.1
12,539,h_a,dpu,14391.1,14451.8
12,539,eb_enc,cpu,14451.8,14452
12,539,eb_dec,cpu,14452,14452.1
12,539,h_s,dpu,14452.1,14555.5
12,539,gc,cpu,14555.5,14565.3
12,555,normalize,cpu,14565.8,14569.4
12,555,g_a_cpu,cpu,14569.4,14569.7
12,555,g_a,dpu,14569.7,14725.2
12,555,g_a,dpu,14725.2,14874.2
12,555,g_a_cpu,cpu,14874.2,14874.6
12,555,h_a,dpu,14874.6,14980
12,555,eb_enc,cpu,14980,14980.1
12,555,eb_dec,cpu,14980.1,14980.3
12,555,h_s,dpu,14980.3,15021.5
12,555,gc,cpu,15021.5,15031.9
12,575,normalize,cpu,15032.4,15036.1
12,575,g_a_cpu,cpu,15036.1,15036.4
12,575,g_a,dpu,15036.5,15181
12,575,g_a,dpu,15181,15217.4
12,575,g_a_cpu,cpu,15217.4,15217.7
12,575,h_a,dpu,15217.7,15287
12,575,eb_enc,cpu,15287,15287.1
12,575,eb_dec,cpu,15287.1,15287.3
12,575,h_s,dpu,15287.3,15348.8
12,575,gc,cpu,15348.8,15358.7
12,587,normalize,cpu,15359.2,15362.9
12,587,g_a_cpu,cpu,15362.9,15363.1
12,587,g_a,dpu,15363.1,15520.6
12,587,g_a,dpu,15520.6,15709.9
12,587,g_a_cpu,cpu,15709.9,15710.3
12,587,h_a,dpu,15710.3,15775.3
12,587,eb_enc,cpu,15775.3,15775.4
12,587,eb_dec,cpu,15775.4,15775.5
12,587,h_s,dpu,15775.5,15822.3
12,587,gc,cpu,15822.3,15832.4
12,608,normalize,cpu,15833,15836.6
12,608,g_a_cpu,cpu,15836.6,15836.9
12,608,g_a,dpu,15836.9,15976.8
12,608,g_a,dpu,15976.8,16013.1
12,608,g_a_cpu,cpu,16013.1,16013.6
12,608,h_a,dpu,16013.6,16079.4
12,608,eb_enc,cpu,16079.4,16079.5
12,608,eb_dec,cpu,16079.5,16079.6
12,608,h_s,dpu,16079.6,16133.9
12,608,gc,cpu,16133.9,16143.7
12,617,normalize,cpu,16144.2,16147.8
12,617,g_a_cpu,cpu,16147.8,16148.1
12,617,g_a,dpu,16148.1,16245.1
12,617,g_a,dpu,16245.1,16281.5
12,617,g_a_cpu,cpu,16281.5,16282
12,617,h_a,dpu,16282,16347.5
12,617,eb_enc,cpu,16347.5,16347.6
12,617,eb_dec,cpu,16347.6,16347.7
12,617,h_s,dpu,16347.7,16443.7
12,617,gc,cpu,16443.7,16453.7
12,630,normalize,cpu,16454.2,16457.9
12,630,g_a_cpu,cpu,16457.9,16458.2
12,630,g_a,dpu,16458.2,16620.2
12,630,g_a,dpu,16620.2,16769.3
12,630,g_a_cpu,cpu,16769.3,16769.7
12,630,h_a,dpu,16769.7,16824.5
12,630,eb_enc,cpu,16824.5,16824.6
12,630,eb_dec,cpu,16824.6,16824.7
12,630,h_s,dpu,16824.7,16952.4
12,630,gc,cpu,16952.4,16962.5
12,649,normalize,cpu,16963,16966.7
12,649,g_a_cpu,cpu,16966.8,16967
12,649,g_a,dpu,16967,17064.4
12,649,g_a,dpu,17064.4,17258.3
12,649,g_a_cpu,cpu,17258.3,17258.7
12,649,h_a,dpu,17258.7,17339.2
12,649,eb_enc,cpu,17339.2,17339.3
12,649,eb_dec,cpu,17339.3,17339.4
12,649,h_s,dpu,17339.4,17395.8
12,649,gc,cpu,17395.8,17405.7
12,667,normalize,cpu,17406.4,17410.1
12,667,g_a_cpu,cpu,17410.2,17410.4
12,667,g_a,dpu,17410.4,17596.6
12,667,g_a,dpu,17596.6,17712.2
12,667,g_a_cpu,cpu,17712.2,17712.6
12,667,h_a,dpu,17712.6,17793.1
12,667,eb_enc,cpu,17793.1,17793.3
12,667,eb_dec,cpu,17793.3,17793.4
12,667,h_s,dpu,17793.4,17854.3
12,667,gc,cpu,17854.3,17869.1
12,683,normalize,cpu,17869.9,17873.7
12,683,g_a_cpu,cpu,17873.7,17874
12,683,g_a,dpu,17874,18048.7
12,683,g_a,dpu,18048.7,18163.5
12,683,g_a_cpu,cpu,18163.5,18163.8
12,683,h_a,dpu,18163.8,18259.4
12,683,eb_enc,cpu,18259.4,18259.5
12,683,eb_dec,cpu,18259.5,18259.7
12,683,h_s,dpu,18259.7,18323.9
12,683,gc,cpu,18323.9,18334
12,703,normalize,cpu,18334.5,18338.2
12,703,g_a_cpu,cpu,18338.2,18338.5
12,703,g_a,dpu,18338.6,18428.2
12,703,g_a,dpu,18428.2,18573.5
12,703,g_a_cpu,cpu,18573.5,18573.9
12,703,h_a,dpu,18573.9,18601.4
12,703,eb_enc,cpu,18601.4,18601.6
12,703,eb_dec,cpu,18601.6,18601.7
12,703,h_s,dpu,18601.7,18645.3
12,703,gc,cpu,18645.3,18655.4
12,717,normalize,cpu,18656.1,18659.7
12,717,g_a_cpu,cpu,18659.7,18660
12,717,g_a,dpu,18660,18872.2
12,717,g_a,dpu,18872.2,19020.9
12,717,g_a_cpu,cpu,19020.9,19021.4
12,717,h_a,dpu,19021.4,19086
12,717,eb_enc,cpu,19086,19086.1
12,717,eb_dec,cpu,19086.1,19086.2
12,717,h_s,dpu,19086.2,19156.3
12,717,gc,cpu,19156.3,19166
12,736,normalize,cpu,19166.5,19170.1
12,736,g_a_cpu,cpu,19170.1,19170.4
12,736,g_a,dpu,19170.4,19292.3
12,736,g_a,dpu,19292.3,19328.9
12,736,g_a_cpu,cpu,19328.9,19329.3
12,736,h_a,dpu,19329.3,19424.6
12,736,eb_enc,cpu,19424.6,19424.7
12,736,eb_dec,cpu,19424.7,19424.8
12,736,h_s,dpu,19424.8,19508.8
12,736,gc,cpu,19508.8,19518.8
12,749,normalize,cpu,19519.3,19522.9
12,749,g_a_cpu,cpu,19522.9,19523.2
12,749,g_a,dpu,19523.2,19678.3
12,749,g_a,dpu,19678.3,19870.8
12,749,g_a_cpu,cpu,19870.8,19871.2
12,749,h_a,dpu,19871.2,19916.4
12,749,eb_enc,cpu,19916.4,19916.5
12,749,eb_dec,cpu,19916.6,19916.7
12,749,h_s,dpu,19916.7,19973.9
12,749,gc,cpu,19973.9,19984.6
12,766,normalize,cpu,19985.2,19988.9
12,766,g_a_cpu,cpu,19988.9,19989.3
12,766,g_a,dpu,19989.3,20136.3
12,766,g_a,dpu,20136.3,20172.7
12,766,g_a_cpu,cpu,20172.7,20173
12,766,h_a,dpu,20173,20257.6
12,766,eb_enc,cpu,20257.6,20257.7
12,766,eb_dec,cpu,20257.7,20257.9
12,766,h_s,dpu,20257.9,20278.1
12,766,gc,cpu,20278.1,20288.3
12,780,normalize,cpu,20288.8,20292.4
12,780,g_a_cpu,cpu,20292.4,20292.7
12,780,g_a,dpu,20292.7,20434
12,780,g_a,dpu,20434,20624.3
12,780,g_a_cpu,cpu,20624.3,20624.9
12,780,h_a,dpu,20624.9,20709.1
12,780,eb_enc,cpu,20709.1,20709.2
12,780,eb_dec,cpu,20709.2,20709.3
12,780,h_s,dpu,20709.3,20738.8
12,780,gc,cpu,20738.8,20750.5
12,798,normalize,cpu,20751.2,20754.8
12,798,g_a_cpu,cpu,20754.8,20755.3
12,798,g_a,dpu,20755.3,20900.5
12,798,g_a,dpu,20900.5,21046.1
12,798,g_a_cpu,cpu,21046.1,21046.6
12,798,h_a,dpu,21046.6,21098.5
12,798,eb_enc,cpu,21098.5,21098.7
12,798,eb_dec,cpu,21098.7,21098.8
12,798,h_s,dpu,21098.8,21170.9
12,798,gc,cpu,21170.9,21180.9
12,816,normalize,cpu,21181.4,21185
12,816,g_a_cpu,cpu,21185,21185.3
12,816,g_a,dpu,21185.3,21348.2
12,816,g_a,dpu,21348.2,21532.8
12,816,g_a_cpu,cpu,21532.8,21533.3
12,816,h_a,dpu,21533.3,21582.6
12,816,eb_enc,cpu,21582.7,21582.8
12,816,eb_dec,cpu,21582.8,21582.9
12,816,h_s,dpu,21582.9,21604.7
12,816,gc,cpu,21604.7,21614.8
12,832,normalize,cpu,21615.2,21619
12,832,g_a_cpu,cpu,21619,21619.4
12,832,g_a,dpu,21619.4,21837
12,832,g_a,dpu,21837,21989.1
12,832,g_a_cpu,cpu,21989.1,21989.7
12,832,h_a,dpu,21989.7,22037.8
12,832,eb_enc,cpu,22037.8,22037.9
12,832,eb_dec,cpu,22037.9,22038
12,832,h_s,dpu,22038,22096.3
12,832,gc,cpu,22096.3,22106
12,851,normalize,cpu,22106.5,22110.2
12,851,g_a_cpu,cpu,22110.2,22110.5
12,851,g_a,dpu,22110.5,22329.3
12,851,g_a,dpu,22329.3,22477.3
12,851,g_a_cpu,cpu,22477.3,22477.9
12,851,h_a,dpu,22477.9,22529.3
12,851,eb_enc,cpu,22529.3,22529.4
12,851,eb_dec,cpu,22529.4,22529.6
12,851,h_s,dpu,22529.6,22593.1
12,851,gc,cpu,22593.1,22602.9
12,870,normalize,cpu,22603.4,22607.1
12,870,g_a_cpu,cpu,22607.1,22607.4
12,870,g_a,dpu,22607.4,22778.3
12,870,g_a,dpu,22778.3,23008.3
12,870,g_a_cpu,cpu,23008.3,23008.9
12,870,h_a,dpu,23008.9,23053.3
12,870,eb_enc,cpu,23053.3,23053.4
12,870,eb_dec,cpu,23053.4,23053.5
12,870,h_s,dpu,23053.5,23149.9
12,870,gc,cpu,23149.9,23159.7
12,890,normalize,cpu,23160.3,23164
12,890,g_a_cpu,cpu,23164,23164.4
12,890,g_a,dpu,23164.4,23201.1
12,890,g_a,dpu,23201.1,23357.2
12,890,g_a_cpu,cpu,23357.2,23357.6
12,890,h_a,dpu,23357.6,23406.7
12,890,eb_enc,cpu,23406.7,23406.8
12,890,eb_dec,cpu,23406.8,23406.9
12,890,h_s,dpu,23406.9,23461.3
12,890,gc,cpu,23461.3,23473.5
12,902,normalize,cpu,23474,23477.6
12,902,g_a_cpu,cpu,23477.6,23477.9
12,902,g_a,dpu,23477.9,23654.9
12,902,g_a,dpu,23654.9,23803.2
12,902,g_a_cpu,cpu,23803.2,23803.7
12,902,h_a,dpu,23803.7,23892.4
12,902,eb_enc,cpu,23892.4,23892.6
12,902,eb_dec,cpu,23892.6,23892.7
12,902,h_s,dpu,23892.7,23979.1
12,902,gc,cpu,23979.1,23989.2
12,921,normalize,cpu,23989.7,23993.3
12,921,g_a_cpu,cpu,23993.4,23993.6
12,921,g_a,dpu,23993.6,24105.5
12,921,g_a,dpu,24105.5,24216.9
12,921,g_a_cpu,cpu,24216.9,24217.5
12,921,h_a,dpu,24217.5,24229.5
12,921,eb_enc,cpu,24229.5,24229.6
12,921,eb_dec,cpu,24229.6,24229.8
12,921,h_s,dpu,24229.8,24254.3
12,921,gc,cpu,24254.3,24264.9
13,5,normalize,cpu,72.8982,87.6554
13,5,g_a_cpu,cpu,88.9776,89.3852
13,5,g_a,dpu,89.3894,273.792
13,5,g_a,dpu,273.795,418.649
13,5,g_a_cpu,cpu,418.65,418.99
13,5,h_a,dpu,418.996,463.213
13,5,eb_enc,cpu,463.213,463.336
13,5,eb_dec,cpu,463.337,463.448
13,5,h_s,dpu,463.448,542.093
13,5,gc,cpu,542.097,564.356
13,29,normalize,cpu,564.781,568.437
13,29,g_a_cpu,cpu,568.441,569.02
13,29,g_a,dpu,569.026,661.713
13,29,g_a,dpu,661.714,805.768
13,29,g_a_cpu,cpu,805.77,806.184
13,29,h_a,dpu,806.187,913.317
13,29,eb_enc,cpu,913.319,913.453
13,29,eb_dec,cpu,913.456,913.583
13,29,h_s,dpu,913.583,992.325
13,29,gc,cpu,992.326,1002.88
13,42,normalize,cpu,1003.38,1010.36
13,42,g_a_cpu,cpu,1010.37,1010.76
13,42,g_a,dpu,1010.76,1047.3
13,42,g_a,dpu,1047.3,1083.7
13,42,g_a_cpu,cpu,1083.7,1084.1
13,42,h_a,dpu,1084.1,1266.83
13,42,eb_enc,cpu,1266.83,1266.99
13,42,eb_dec,cpu,1266.99,1267.1
13,42,h_s,dpu,1267.1,1408.45
13,42,gc,cpu,1408.45,1418.45
13,52,normalize,cpu,1419,1422.73
13,52,g_a_cpu,cpu,1422.73,1423.09
13,52,g_a,dpu,1423.09,1468.49
13,52,g_a,dpu,1468.5,1656.1
13,52,g_a_cpu,cpu,1656.12,1656.53
13,52,h_a,dpu,1656.53,1766.49
13,52,eb_enc,cpu,1766.49,1766.66
13,52,eb_dec,cpu,1766.66,1766.79
13,52,h_s,dpu,1766.79,1866.1
13,52,gc,cpu,1866.1,1876.19
13,71,normalize,cpu,1876.67,1880.32
13,71,g_a_cpu,cpu,1880.33,1880.67
13,71,g_a,dpu,1880.67,1948.14
13,71,g_a,dpu,1948.14,2021.44
13,71,g_a_cpu,cpu,2021.44,2021.87
13,71,h_a,dpu,2021.87,2123.42
13,71,eb_enc,cpu,2123.42,2123.58
13,71,eb_dec,cpu,2123.58,2123.69
13,71,h_s,dpu,2123.69,2249.95
13,71,gc,cpu,2249.95,2259.89
13,85,normalize,cpu,2260.37,2263.99
13,85,g_a_cpu,cpu,2264,2264.34
13,85,g_a,dpu,2264.34,2362.1
13,85,g_a,dpu,2362.1,2414.9
13,85,g_a_cpu,cpu,2414.9,2415.37
13,85,h_a,dpu,2415.37,2515.21
13,85,eb_enc,cpu,2515.21,2515.34
13,85,eb_dec,cpu,2515.34,2515.45
13,85,h_s,dpu,2515.45,2632.73
13,85,gc,cpu,2632.73,2642.62
13,100,normalize,cpu,2643.07,2646.7
13,100,g_a_cpu,cpu,2646.71,2646.97
13,100,g_a,dpu,2646.98,2750.69
13,100,g_a,dpu,2750.69,2788.73
13,100,g_a_cpu,cpu,2788.73,2789.22
13,100,h_a,dpu,2789.24,2871.01
13,100,eb_enc,cpu,2871.01,2871.17
13,100,eb_dec,cpu,2871.17,2871.28
13,100,h_s,dpu,2871.28,2932.8
13,100,gc,cpu,2932.81,2942.59
13,113,normalize,cpu,2943.05,2947.34
13,113,g_a_cpu,cpu,2947.35,2947.79
13,113,g_a,dpu,2947.8,3062.29
13,113,g_a,dpu,3062.29,3170.98
13,113,g_a_cpu,cpu,3170.98,3171.29
13,113,h_a,dpu,3171.29,3230.15
13,113,eb_enc,cpu,3230.15,3230.28
13,113,eb_dec,cpu,3230.28,3230.39
13,113,h_s,dpu,3230.39,3308.45
13,113,gc,cpu,3308.45,3318.15
13,128,normalize,cpu,3318.64,3322.32
13,128,g_a_cpu,cpu,3322.32,3322.6
13,128,g_a,dpu,3322.6,3438.87
13,128,g_a,dpu,3438.88,3475.46
13,128,g_a_cpu,cpu,3475.46,3475.92
13,128,h_a,dpu,3475.93,3578.47
13,128,eb_enc,cpu,3578.47,3578.62
13,128,eb_dec,cpu,3578.62,3578.74
13,128,h_s,dpu,3578.74,3687.3
13,128,gc,cpu,3687.3,3697.71
13,140,normalize,cpu,3698.31,3701.96
13,140,g_a_cpu,cpu,3701.97,3702.33
13,140,g_a,dpu,3702.33,3817.79
13,140,g_a,dpu,3817.8,3854.14
13,140,g_a_cpu,cpu,3854.14,3854.57
13,140,h_a,dpu,3854.57,3936.77
13,140,eb_enc,cpu,3936.77,3937
13,140,eb_dec,cpu,3937,3937.13
13,140,h_s,dpu,3937.13,4062.77
13,140,gc,cpu,4062.78,4073.08
13,155,normalize,cpu,4073.75,4077.42
13,155,g_a_cpu,cpu,4077.43,4078.86
13,155,g_a,dpu,4078.86,4118.98
13,155,g_a,dpu,4118.98,4196.17
13,155,g_a_cpu,cpu,4196.17,4196.62
13,155,h_a,dpu,4196.62,4289.73
13,155,eb_enc,cpu,4289.73,4289.88
13,155,eb_dec,cpu,4289.88,4290
13,155,h_s,dpu,4290,4439.01
13,155,gc,cpu,4439.01,4451.09
13,169,normalize,cpu,4451.59,4455.29
13,169,g_a_cpu,cpu,4455.29,4455.62
13,169,g_a,dpu,4455.63,4528.35
13,169,g_a,dpu,4528.36,4581.69
13,169,g_a_cpu,cpu,4581.69,4582.15
13,169,h_a,dpu,4582.15,4758.27
13,169,eb_enc,cpu,4758.27,4758.44
13,169,eb_dec,cpu,4758.44,4758.55
13,169,h_s,dpu,4758.55,4900.93
13,169,gc,cpu,4900.93,4910.91
13,186,normalize,cpu,4911.55,4915.26
13,186,g_a_cpu,cpu,4915.26,4915.46
13,186,g_a,dpu,4915.46,4952.38
13,186,g_a,dpu,4952.38,4990.71
13,186,g_a_cpu,cpu,4990.71,4991.09
13,186,h_a,dpu,4991.09,5114.52
13,186,eb_enc,cpu,5114.52,5114.67
13,186,eb_dec,cpu,5114.67,5114.79
13,186,h_s,dpu,5114.79,5309.95
13,186,gc,cpu,5309.96,5319.85
13,201,normalize,cpu,5320.42,5324.04
13,201,g_a_cpu,cpu,5324.05,5324.35
13,201,g_a,dpu,5324.35,5452.57
13,201,g_a,dpu,5452.58,5671.94
13,201,g_a_cpu,cpu,5671.94,5672.46
13,201,h_a,dpu,5672.46,5675.9
13,201,eb_enc,cpu,5675.91,5676.04
13,201,eb_dec,cpu,5676.04,5676.18
13,201,h_s,dpu,5676.18,5796.6
13,201,gc,cpu,5796.6,5809.02
13,222,normalize,cpu,5812.15,5815.89
13,222,g_a_cpu,cpu,5815.89,5816.27
13,222,g_a,dpu,5816.28,5919.08
13,222,g_a,dpu,5919.08,5955.57
13,222,g_a_cpu,cpu,5955.57,5956.08
13,222,h_a,dpu,5956.08,6086.08
13,222,eb_enc,cpu,6086.08,6086.21
13,222,eb_dec,cpu,6086.21,6086.33
13,222,h_s,dpu,6086.33,6140.3
13,222,gc,cpu,6140.3,6150.37
13,233,normalize,cpu,6151.1,6154.79
13,233,g_a_cpu,cpu,6154.79,6155.31
13,233,g_a,dpu,6155.33,6220.45
13,233,g_a,dpu,6220.45,6257.03
13,233,g_a_cpu,cpu,6257.03,6257.41
13,233,h_a,dpu,6257.41,6264.44
13,233,eb_enc,cpu,6264.44,6264.76
13,233,eb_dec,cpu,6264.76,6264.92
13,233,h_s,dpu,6264.92,6377.68
13,233,gc,cpu,6377.68,6387.41
13,246,normalize,cpu,6387.86,6391.49
13,246,g_a_cpu,cpu,6391.49,6391.78
13,246,g_a,dpu,6391.79,6523.73
13,246,g_a,dpu,6523.74,6644.2
13,246,g_a_cpu,cpu,6644.2,6644.62
13,246,h_a,dpu,6644.62,6693.65
13,246,eb_enc,cpu,6693.65,6693.8
13,246,eb_dec,cpu,6693.8,6693.91
13,246,h_s,dpu,6693.91,6823.76
13,246,gc,cpu,6823.77,6833.71
13,261,normalize,cpu,6834.22,6838.89
13,261,g_a_cpu,cpu,6838.9,6839.33
13,261,g_a,dpu,6839.33,6946.56
13,261,g_a,dpu,6946.56,7028.19
13,261,g_a_cpu,cpu,7028.19,7028.58
13,261,h_a,dpu,7028.58,7121.83
13,261,eb_enc,cpu,7121.83,7121.96
13,261,eb_dec,cpu,7121.96,7122.09
13,261,h_s,dpu,7122.09,7281.21
13,261,gc,cpu,7281.21,7291.13
13,279,normalize,cpu,7291.56,7295.37
13,279,g_a_cpu,cpu,7295.38,7295.65
13,279,g_a,dpu,7295.65,7368.29
13,279,g_a,dpu,7368.29,7446.11
13,279,g_a_cpu,cpu,7446.11,7446.58
13,279,h_a,dpu,7446.58,7505.49
13,279,eb_enc,cpu,7505.5,7505.64
13,279,eb_dec,cpu,7505.64,7505.75
13,279,h_s,dpu,7505.75,7776.44
13,279,gc,cpu,7776.44,7786.48
13,296,normalize,cpu,7787.35,7791.13
13,296,g_a_cpu,cpu,7791.14,7791.46
13,296,g_a,dpu,7791.51,7860.13
13,296,g_a,dpu,7860.13,7972.26
13,296,g_a_cpu,cpu,7972.26,7972.72
13,296,h_a,dpu,7972.73,8024.21
13,296,eb_enc,cpu,8024.21,8024.34
13,296,eb_dec,cpu,8024.34,8024.46
13,296,h_s,dpu,8024.46,8158.27
13,296,gc,cpu,8158.28,8169.2
13,311,normalize,cpu,8169.81,8173.46
13,311,g_a_cpu,cpu,8173.47,8173.85
13,311,g_a,dpu,8173.85,8246.4
13,311,g_a,dpu,8246.41,8505.64
13,311,g_a_cpu,cpu,8505.65,8506.07
13,311,h_a,dpu,8506.08,8535.11
13,311,eb_enc,cpu,8535.12,8535.23
13,311,eb_dec,cpu,8535.23,8535.34
13,311,h_s,dpu,8535.34,8649
13,311,gc,cpu,8649,8658.97
13,333,normalize,cpu,8659.47,8663.15
13,333,g_a_cpu,cpu,8663.16,8663.58
13,333,g_a,dpu,8663.59,8748.19
13,333,g_a,dpu,8748.19,8893.76
13,333,g_a_cpu,cpu,8893.76,8894.22
13,333,h_a,dpu,8894.23,8914.39
13,333,eb_enc,cpu,8914.39,8914.52
13,333,eb_dec,cpu,8914.52,8914.63
13,333,h_s,dpu,8914.63,8996.93
13,333,gc,cpu,8996.93,9007.19
13,348,normalize,cpu,9007.77,9011.43
13,348,g_a_cpu,cpu,9011.44,9011.86
13,348,g_a,dpu,9011.87,9135.54
13,348,g_a,dpu,9135.54,9283.99
13,348,g_a_cpu,cpu,9284,9284.37
13,348,h_a,dpu,9284.37,9332.21
13,348,eb_enc,cpu,9332.21,9332.45
13,348,eb_dec,cpu,9332.46,9332.6
13,348,h_s,dpu,9332.6,9453
13,348,gc,cpu,9453,9462.75
13,363,normalize,cpu,9463.35,9467.5
13,363,g_a_cpu,cpu,9467.5,9467.74
13,363,g_a,dpu,9467.74,9548.33
13,363,g_a,dpu,9548.33,9660.32
13,363,g_a_cpu,cpu,9660.32,9660.71
13,363,h_a,dpu,9660.71,9731.21
13,363,eb_enc,cpu,9731.21,9731.34
13,363,eb_dec,cpu,9731.34,9731.45
13,363,h_s,dpu,9731.45,9874.31
13,363,gc,cpu,9874.31,9884.6
13,379,normalize,cpu,9885.19,9889
13,379,g_a_cpu,cpu,9889.01,9889.34
13,379,g_a,dpu,9889.34,9968.15
13,379,g_a,dpu,9968.15,10040.7
13,379,g_a_cpu,cpu,10040.7,10041.2
13,379,h_a,dpu,10041.2,10083.4
13,379,eb_enc,cpu,10083.4,10083.6
13,379,eb_dec,cpu,10083.6,10083.7
13,379,h_s,dpu,10083.7,10210.9
13,379,gc,cpu,10210.9,10220.8
13,393,normalize,cpu,10221.2,10224.9
13,393,g_a_cpu,cpu,10224.9,10225.2
13,393,g_a,dpu,10225.2,10306.2
13,393,g_a,dpu,10306.2,10415.7
13,393,g_a_cpu,cpu,10415.7,10416.1
13,393,h_a,dpu,10416.1,10467.8
13,393,eb_enc,cpu,10467.8,10467.9
13,393,eb_dec,cpu,10467.9,10468
13,393,h_s,dpu,10468,10596.5
13,393,gc,cpu,10596.5,10606.8
13,407,normalize,cpu,10607.3,10611
13,407,g_a_cpu,cpu,10611,10611.3
13,407,g_a,dpu,10611.3,10756.3
13,407,g_a,dpu,10756.3,10868.2
13,407,g_a_cpu,cpu,10868.2,10868.6
13,407,h_a,dpu,10868.6,10907.8
13,407,eb_enc,cpu,10907.8,10907.9
13,407,eb_dec,cpu,10907.9,10908.1
13,407,h_s,dpu,10908.1,11013.3
13,407,gc,cpu,11013.3,11023.6
13,423,normalize,cpu,11024.3,11027.9
13,423,g_a_cpu,cpu,11027.9,11028.3
13,423,g_a,dpu,11028.3,11144.2
13,423,g_a,dpu,11144.2,11256.2
13,423,g_a_cpu,cpu,11256.2,11256.6
13,423,h_a,dpu,11256.6,11307.2
13,423,eb_enc,cpu,11307.3,11307.4
13,423,eb_dec,cpu,11307.4,11307.5
13,423,h_s,dpu,11307.5,11429.9
13,423,gc,cpu,11429.9,11439.8
13,440,normalize,cpu,11440.8,11444.4
13,440,g_a_cpu,cpu,11444.4,11444.7
13,440,g_a,dpu,11444.7,11521.2
13,440,g_a,dpu,11521.2,11636.3
13,440,g_a_cpu,cpu,11636.3,11636.8
13,440,h_a,dpu,11636.8,11708.2
13,440,eb_enc,cpu,11708.2,11708.3
13,440,eb_dec,cpu,11708.3,11708.4
13,440,h_s,dpu,11708.4,11825.8
13,440,gc,cpu,11825.8,11835.7
13,456,normalize,cpu,11836.4,11840
13,456,g_a_cpu,cpu,11840,11840.3
13,456,g_a,dpu,11840.3,11932.4
13,456,g_a,dpu,11932.4,12078.3
13,456,g_a_cpu,cpu,12078.3,12078.8
13,456,h_a,dpu,12078.8,12117
13,456,eb_enc,cpu,12117,12117.2
13,456,eb_dec,cpu,12117.2,12117.3
13,456,h_s,dpu,12117.3,12239.7
13,456,gc,cpu,12239.7,12250.1
13,472,normalize,cpu,12250.6,12254.3
13,472,g_a_cpu,cpu,12254.3,12254.6
13,472,g_a,dpu,12254.6,12329.1
13,472,g_a,dpu,12329.1,12472.7
13,472,g_a_cpu,cpu,12472.7,12473.2
13,472,h_a,dpu,12473.2,12601.6
13,472,eb_enc,cpu,12601.6,12601.7
13,472,eb_dec,cpu,12601.7,12601.9
13,472,h_s,dpu,12601.9,12655
13,472,gc,cpu,12655,12664.8
13,485,normalize,cpu,12665.8,12669.6
13,485,g_a_cpu,cpu,12669.6,12670
13,485,g_a,dpu,12670,12707.5
13,485,g_a,dpu,12707.5,12743.9
13,485,g_a_cpu,cpu,12743.9,12744.2
13,485,h_a,dpu,12744.2,12882.3
13,485,eb_enc,cpu,12882.3,12882.4
13,485,eb_dec,cpu,12882.4,12882.6
13,485,h_s,dpu,12882.6,12995.2
13,485,gc,cpu,12995.2,13008.1
13,494,normalize,cpu,13008.8,13013.9
13,494,g_a_cpu,cpu,13013.9,13014.3
13,494,g_a,dpu,13014.3,13051
13,494,g_a,dpu,13051,13092.4
13,494,g_a_cpu,cpu,13092.4,13092.7
13,494,h_a,dpu,13092.7,13339.9
13,494,eb_enc,cpu,13339.9,13340.1
13,494,eb_dec,cpu,13340.1,13340.2
13,494,h_s,dpu,13340.2,13448.9
13,494,gc,cpu,13448.9,13459.5
13,514,normalize,cpu,13460.1,13463.9
13,514,g_a_cpu,cpu,13463.9,13464.3
13,514,g_a,dpu,13464.3,13536.7
13,514,g_a,dpu,13536.7,13648.5
13,514,g_a_cpu,cpu,13648.5,13648.8
13,514,h_a,dpu,13648.8,13732.7
13,514,eb_enc,cpu,13732.7,13732.8
13,514,eb_dec,cpu,13732.8,13733
13,514,h_s,dpu,13733,13864.4
13,514,gc,cpu,13864.4,13874.9
13,529,normalize,cpu,13875.4,13879
13,529,g_a_cpu,cpu,13879,13879.5
13,529,g_a,dpu,13879.5,13952.3
13,529,g_a,dpu,13952.3,13988.9
13,529,g_a_cpu,cpu,13988.9,13989.4
13,529,h_a,dpu,13989.4,14092
13,529,eb_enc,cpu,14092,14092.2
13,529,eb_dec,cpu,14092.2,14092.3
13,529,h_s,dpu,14092.3,14170.4
13,529,gc,cpu,14170.4,14180.4
13,541,normalize,cpu,14181,14184.7
13,541,g_a_cpu,cpu,14184.7,14185
13,541,g_a,dpu,14185,14296.3
13,541,g_a,dpu,14296.3,14372.3
13,541,g_a_cpu,cpu,14372.3,14372.7
13,541,h_a,dpu,14372.7,14478.7
13,541,eb_enc,cpu,14478.7,14478.8
13,541,eb_dec,cpu,14478.8,14479
13,541,h_s,dpu,14479,14577.1
13,541,gc,cpu,14577.1,14587
13,556,normalize,cpu,14587.6,14591.2
13,556,g_a_cpu,cpu,14591.2,14591.5
13,556,g_a,dpu,14591.5,14676.3
13,556,g_a,dpu,14676.3,14749.3
13,556,g_a_cpu,cpu,14749.3,14749.7
13,556,h_a,dpu,14749.7,14860.8
13,556,eb_enc,cpu,14860.8,14860.9
13,556,eb_dec,cpu,14860.9,14861.1
13,556,h_s,dpu,14861.1,14986.1
13,556,gc,cpu,14986.1,14996.1
13,571,normalize,cpu,14996.7,15000.3
13,571,g_a_cpu,cpu,15000.3,15000.7
13,571,g_a,dpu,15000.7,15064.2
13,571,g_a,dpu,15064.2,15136.2
13,571,g_a_cpu,cpu,15136.2,15136.8
13,571,h_a,dpu,15136.8,15227.2
13,571,eb_enc,cpu,15227.2,15227.3
13,571,eb_dec,cpu,15227.3,15227.4
13,571,h_s,dpu,15227.4,15330.8
13,571,gc,cpu,15330.8,15340.5
13,585,normalize,cpu,15341,15345.4
13,585,g_a_cpu,cpu,15345.4,15345.8
13,585,g_a,dpu,15345.8,15434.1
13,585,g_a,dpu,15434.1,15512.7
13,585,g_a_cpu,cpu,15512.7,15513.1
13,585,h_a,dpu,15513.1,15621.3
13,585,eb_enc,cpu,15621.3,15621.4
13,585,eb_dec,cpu,15621.4,15621.5
13,585,h_s,dpu,15621.5,15749.2
13,585,gc,cpu,15749.2,15759.3
13,602,normalize,cpu,15759.8,15763.4
13,602,g_a_cpu,cpu,15763.4,15763.8
13,602,g_a,dpu,15763.8,15816.2
13,602,g_a,dpu,15816.2,15925.5
13,602,g_a_cpu,cpu,15925.5,15925.8
13,602,h_a,dpu,15925.8,16014
13,602,eb_enc,cpu,16014,16014.1
13,602,eb_dec,cpu,16014.1,16014.2
13,602,h_s,dpu,16014.2,16124.3
13,602,gc,cpu,16124.3,16136.7
13,616,normalize,cpu,16137.3,16140.9
13,616,g_a_cpu,cpu,16140.9,16141.3
13,616,g_a,dpu,16141.4,16196.4
13,616,g_a,dpu,16196.4,16232.8
13,616,g_a_cpu,cpu,16232.8,16233.2
13,616,h_a,dpu,16233.2,16329.5
13,616,eb_enc,cpu,16329.5,16329.7
13,616,eb_dec,cpu,16329.7,16329.8
13,616,h_s,dpu,16329.8,16470.6
13,616,gc,cpu,16470.6,16480.8
13,631,normalize,cpu,16481.4,16485.6
13,631,g_a_cpu,cpu,16485.6,16486
13,631,g_a,dpu,16486,16559.6
13,631,g_a,dpu,16559.6,16636.6
13,631,g_a_cpu,cpu,16636.7,16637.7
13,631,h_a,dpu,16637.7,16688.9
13,631,eb_enc,cpu,16688.9,16689.1
13,631,eb_dec,cpu,16689.1,16689.2
13,631,h_s,dpu,16689.2,16881.3
13,631,gc,cpu,16881.3,16891.2
13,646,normalize,cpu,16891.7,16895.4
13,646,g_a_cpu,cpu,16895.4,16895.6
13,646,g_a,dpu,16895.6,16972.4
13,646,g_a,dpu,16972.4,17046.3
13,646,g_a_cpu,cpu,17046.3,17046.8
13,646,h_a,dpu,17046.8,17120
13,646,eb_enc,cpu,17120,17120.2
13,646,eb_dec,cpu,17120.2,17120.3
13,646,h_s,dpu,17120.3,17260
13,646,gc,cpu,17260,17269.9
13,662,normalize,cpu,17270.4,17274.1
13,662,g_a_cpu,cpu,17274.1,17274.4
13,662,g_a,dpu,17274.4,17376.2
13,662,g_a,dpu,17376.2,17452.7
13,662,g_a_cpu,cpu,17452.7,17453.1
13,662,h_a,dpu,17453.1,17508.8
13,662,eb_enc,cpu,17508.8,17508.9
13,662,eb_dec,cpu,17509,17509.1
13,662,h_s,dpu,17509.1,17635
13,662,gc,cpu,17635,17646.1
13,677,normalize,cpu,17646.5,17650.2
13,677,g_a_cpu,cpu,17650.2,17650.5
13,677,g_a,dpu,17650.5,17752.3
13,677,g_a,dpu,17752.3,17829.3
13,677,g_a_cpu,cpu,17829.3,17829.8
13,677,h_a,dpu,17829.8,17893.8
13,677,eb_enc,cpu,17893.8,17893.9
13,677,eb_dec,cpu,17893.9,17894.1
13,677,h_s,dpu,17894.1,18050.2
13,677,gc,cpu,18050.2,18059.8
13,691,normalize,cpu,18060.3,18064
13,691,g_a_cpu,cpu,18064,18064.4
13,691,g_a,dpu,18064.4,18139.1
13,691,g_a,dpu,18139.1,18257.6
13,691,g_a_cpu,cpu,18257.6,18258
13,691,h_a,dpu,18258,18322.8
13,691,eb_enc,cpu,18322.8,18322.9
13,691,eb_dec,cpu,18322.9,18323
13,691,h_s,dpu,18323,18390.3
13,691,gc,cpu,18390.3,18400.3
13,708,normalize,cpu,18400.7,18404.4
13,708,g_a_cpu,cpu,18404.4,18404.8
13,708,g_a,dpu,18404.8,18598.4
13,708,g_a,dpu,18598.4,18638.6
13,708,g_a_cpu,cpu,18638.6,18639.1
13,708,h_a,dpu,18639.1,18720
13,708,eb_enc,cpu,18720,18720.1
13,708,eb_dec,cpu,18720.1,18720.2
13,708,h_s,dpu,18720.2,18873
13,708,gc,cpu,18873,18883
13,724,normalize,cpu,18883.6,18887.3
13,724,g_a_cpu,cpu,18887.3,18887.6
13,724,g_a,dpu,18887.6,18972.9
13,724,g_a,dpu,18972.9,19046.1
13,724,g_a_cpu,cpu,19046.1,19046.5
13,724,h_a,dpu,19046.5,19110.9
13,724,eb_enc,cpu,19110.9,19111
13,724,eb_dec,cpu,19111,19111.1
13,724,h_s,dpu,19111.1,19214.1
13,724,gc,cpu,19214.1,19224.1
13,738,normalize,cpu,19224.6,19228.2
13,738,g_a_cpu,cpu,19228.3,19228.6
13,738,g_a,dpu,19228.6,19313.2
13,738,g_a,dpu,19313.2,19349.6
13,738,g_a_cpu,cpu,19349.6,19350
13,738,h_a,dpu,19350,19432.3
13,738,eb_enc,cpu,19432.3,19432.4
13,738,eb_dec,cpu,19432.4,19432.6
13,738,h_s,dpu,19432.6,19555
13,738,gc,cpu,19555,19565
13,751,normalize,cpu,19565.5,19569.2
13,751,g_a_cpu,cpu,19569.2,19569.4
13,751,g_a,dpu,19569.4,19615.8
13,751,g_a,dpu,19615.8,19690.6
13,751,g_a_cpu,cpu,19690.6,19690.9
13,751,h_a,dpu,19690.9,19780.9
13,751,eb_enc,cpu,19780.9,19781.1
13,751,eb_dec,cpu,19781.1,19781.2
13,751,h_s,dpu,19781.2,20097.8
13,751,gc,cpu,20097.8,20107.7
13,775,normalize,cpu,20118.6,20122.3
13,775,g_a_cpu,cpu,20122.3,20122.6
13,775,g_a,dpu,20122.6,20220.5
13,775,g_a,dpu,20220.5,20369.6
13,775,g_a_cpu,cpu,20369.6,20370.1
13,775,h_a,dpu,20370.1,20393.4
13,775,eb_enc,cpu,20393.4,20393.5
13,775,eb_dec,cpu,20393.5,20393.6
13,775,h_s,dpu,20393.6,20472.9
13,775,gc,cpu,20472.9,20482.8
13,789,normalize,cpu,20483.3,20486.9
13,789,g_a_cpu,cpu,20486.9,20487.3
13,789,g_a,dpu,20487.3,20598
13,789,g_a,dpu,20598,20634.5
13,789,g_a_cpu,cpu,20634.6,20635
13,789,h_a,dpu,20635,20694.9
13,789,eb_enc,cpu,20694.9,20695
13,789,eb_dec,cpu,20695,20695.1
13,789,h_s,dpu,20695.1,20749.6
13,789,gc,cpu,20749.6,20760
13,800,normalize,cpu,20760.7,20764.4
13,800,g_a_cpu,cpu,20764.4,20764.7
13,800,g_a,dpu,20764.8,20872.3
13,800,g_a,dpu,20872.3,20908.6
13,800,g_a_cpu,cpu,20908.6,20909
13,800,h_a,dpu,20909,21003.5
13,800,eb_enc,cpu,21003.5,21003.7
13,800,eb_dec,cpu,21003.7,21003.8
13,800,h_s,dpu,21003.8,21086.8
13,800,gc,cpu,21086.8,21097.9
13,811,normalize,cpu,21098.7,21103.3
13,811,g_a_cpu,cpu,21103.3,21103.8
13,811,g_a,dpu,21103.8,21174.7
13,811,g_a,dpu,21174.7,21248.6
13,811,g_a_cpu,cpu,21248.6,21249
13,811,h_a,dpu,21249,21328.2
13,811,eb_enc,cpu,21328.2,21328.3
13,811,eb_dec,cpu,21328.3,21328.5
13,811,h_s,dpu,21328.5,21496.9
13,811,gc,cpu,21496.9,21506.9
13,826,normalize,cpu,21507.4,21511.1
13,826,g_a_cpu,cpu,21511.1,21511.4
13,826,g_a,dpu,21511.4,21581.6
13,826,g_a,dpu,21581.6,21655.6
13,826,g_a_cpu,cpu,21655.6,21656
13,826,h_a,dpu,21656,21681.9
13,826,eb_enc,cpu,21681.9,21682.1
13,826,eb_dec,cpu,21682.1,21682.2
13,826,h_s,dpu,21682.2,21878.5
13,826,gc,cpu,21878.6,21889.3
13,840,normalize,cpu,21889.8,21893.5
13,840,g_a_cpu,cpu,21893.5,21893.8
13,840,g_a,dpu,21893.8,21962
13,840,g_a,dpu,21962,22036.7
13,840,g_a_cpu,cpu,22036.7,22037.1
13,840,h_a,dpu,22037.1,22095.2
13,840,eb_enc,cpu,22095.2,22095.3
13,840,eb_dec,cpu,22095.3,22095.4
13,840,h_s,dpu,22095.4,22256.6
13,840,gc,cpu,22256.6,22266.5
13,856,normalize,cpu,22266.9,22270.6
13,856,g_a_cpu,cpu,22270.6,22270.9
13,856,g_a,dpu,22270.9,22334.8
13,856,g_a,dpu,22334.8,22408.3
13,856,g_a_cpu,cpu,22408.3,22408.7
13,856,h_a,dpu,22408.8,22477.5
13,856,eb_enc,cpu,22477.5,22477.7
13,856,eb_dec,cpu,22477.7,22477.8
13,856,h_s,dpu,22477.8,22667.9
13,856,gc,cpu,22667.9,22677.7
13,871,normalize,cpu,22678.3,22682
13,871,g_a_cpu,cpu,22682,22682.3
13,871,g_a,dpu,22682.3,22751.8
13,871,g_a,dpu,22751.8,22793.3
13,871,g_a_cpu,cpu,22793.3,22793.8
13,871,h_a,dpu,22793.8,22844.1
13,871,eb_enc,cpu,22844.1,22844.3
13,871,eb_dec,cpu,22844.3,22844.4
13,871,h_s,dpu,22844.4,23045.7
13,871,gc,cpu,23045.7,23055.5
13,885,normalize,cpu,23055.9,23059.6
13,885,g_a_cpu,cpu,23059.6,23059.9
13,885,g_a,dpu,23059.9,23127.6
13,885,g_a,dpu,23127.6,23169.9
13,885,g_a_cpu,cpu,23169.9,23170.2
13,885,h_a,dpu,23170.2,23232.6
13,885,eb_enc,cpu,23232.6,23232.8
13,885,eb_dec,cpu,23232.8,23233
13,885,h_s,dpu,23233,23430.6
13,885,gc,cpu,23430.6,23440.2
13,900,normalize,cpu,23440.7,23445.5
13,900,g_a_cpu,cpu,23445.5,23445.8
13,900,g_a,dpu,23445.8,23516.4
13,900,g_a,dpu,23516.4,23557.4
13,900,g_a_cpu,cpu,23557.4,23557.7
13,900,h_a,dpu,23557.8,23623.7
13,900,eb_enc,cpu,23623.7,23623.9
13,900,eb_dec,cpu,23623.9,23624
13,900,h_s,dpu,23624,23767.5
13,900,gc,cpu,23767.5,23777.2
13,916,normalize,cpu,23777.7,23782.1
13,916,g_a_cpu,cpu,23782.1,23782.4
13,916,g_a,dpu,23782.4,23891.4
13,916,g_a,dpu,23891.4,23964.5
13,916,g_a_cpu,cpu,23964.5,23965
13,916,h_a,dpu,23965,24018.1
13,916,eb_enc,cpu,24018.1,24018.3
13,916,eb_dec,cpu,24018.3,24018.4
13,916,h_s,dpu,24018.4,24107.5
13,916,gc,cpu,24107.5,24117.1
14,14,normalize,cpu,88.209,93.8782
14,14,g_a_cpu,cpu,94.0423,94.4106
14,14,g_a,dpu,94.4159,271.11
14,14,g_a,dpu,271.116,455.92
14,14,g_a_cpu,cpu,455.921,456.326
14,14,h_a,dpu,456.332,532.305
14,14,eb_enc,cpu,532.307,532.449
14,14,eb_dec,cpu,532.45,532.573
14,14,h_s,dpu,532.574,534.477
14,14,gc,cpu,534.485,551.748
14,25,normalize,cpu,552.489,556.163
14,25,g_a_cpu,cpu,556.169,556.813
14,25,g_a,dpu,556.819,652.435
14,25,g_a,dpu,652.436,837.639
14,25,g_a_cpu,cpu,837.64,837.976
14,25,h_a,dpu,837.978,978.667
14,25,eb_enc,cpu,978.669,978.848
14,25,eb_dec,cpu,978.851,978.964
14,25,h_s,dpu,978.965,979.972
14,25,gc,cpu,979.973,1002.15
14,41,normalize,cpu,1002.72,1009.96
14,41,g_a_cpu,cpu,1009.96,1010.41
14,41,g_a,dpu,1010.42,1080.03
14,41,g_a,dpu,1080.03,1263.43
14,41,g_a_cpu,cpu,1263.44,1263.79
14,41,h_a,dpu,1263.8,1407.19
14,41,eb_enc,cpu,1407.19,1407.32
14,41,eb_dec,cpu,1407.32,1407.43
14,41,h_s,dpu,1407.43,1409.31
14,41,gc,cpu,1409.31,1419.36
14,53,normalize,cpu,1419.9,1423.64
14,53,g_a_cpu,cpu,1423.65,1424.26
14,53,g_a,dpu,1424.26,1462.48
14,53,g_a,dpu,1462.49,1499.86
14,53,g_a_cpu,cpu,1499.86,1500.39
14,53,h_a,dpu,1500.39,1675.6
14,53,eb_enc,cpu,1675.6,1675.75
14,53,eb_dec,cpu,1675.75,1675.87
14,53,h_s,dpu,1675.87,1766.83
14,53,gc,cpu,1766.83,1776.61
14,64,normalize,cpu,1777.05,1780.87
14,64,g_a_cpu,cpu,1780.87,1781.1
14,64,g_a,dpu,1781.1,1848.54
14,64,g_a,dpu,1848.54,1931.99
14,64,g_a_cpu,cpu,1931.99,1932.36
14,64,h_a,dpu,1932.36,2161.9
14,64,eb_enc,cpu,2161.9,2162.03
14,64,eb_dec,cpu,2162.03,2162.14
14,64,h_s,dpu,2162.14,2163.53
14,64,gc,cpu,2163.53,2173.94
14,80,normalize,cpu,2174.53,2178.35
14,80,g_a_cpu,cpu,2178.35,2178.68
14,80,g_a,dpu,2178.68,2243.46
14,80,g_a,dpu,2243.46,2280.35
14,80,g_a_cpu,cpu,2280.35,2280.71
14,80,h_a,dpu,2280.71,2437.56
14,80,eb_enc,cpu,2437.56,2437.7
14,80,eb_dec,cpu,2437.7,2437.81
14,80,h_s,dpu,2437.81,2489.44
14,80,gc,cpu,2489.44,2499.41
14,95,normalize,cpu,2499.98,2503.71
14,95,g_a_cpu,cpu,2503.71,2504.05
14,95,g_a,dpu,2504.06,2589.42
14,95,g_a,dpu,2589.42,2702.92
14,95,g_a_cpu,cpu,2702.92,2703.31
14,95,h_a,dpu,2703.32,2819.64
14,95,eb_enc,cpu,2819.64,2819.79
14,95,eb_dec,cpu,2819.79,2819.91
14,95,h_s,dpu,2819.91,2835.89
14,95,gc,cpu,2835.9,2845.64
14,107,normalize,cpu,2846.22,2849.89
14,107,g_a_cpu,cpu,2849.89,2850.18
14,107,g_a,dpu,2850.19,2983.53
14,107,g_a,dpu,2983.53,3072.75
14,107,g_a_cpu,cpu,3072.75,3073.23
14,107,h_a,dpu,3073.24,3227.19
14,107,eb_enc,cpu,3227.19,3227.31
14,107,eb_dec,cpu,3227.32,3227.44
14,107,h_s,dpu,3227.44,3291.58
14,107,gc,cpu,3291.58,3301.35
14,127,normalize,cpu,3301.78,3305.42
14,127,g_a_cpu,cpu,3305.43,3305.76
14,127,g_a,dpu,3305.76,3426.01
14,127,g_a,dpu,3426.01,3539.28
14,127,g_a_cpu,cpu,3539.28,3539.87
14,127,h_a,dpu,3539.87,3648.91
14,127,eb_enc,cpu,3648.91,3649.1
14,127,eb_dec,cpu,3649.11,3649.23
14,127,h_s,dpu,3649.23,3704.86
14,127,gc,cpu,3704.86,3715.34
14,143,normalize,cpu,3716.05,3719.73
14,143,g_a_cpu,cpu,3719.73,3720.15
14,143,g_a,dpu,3720.15,3824.55
14,143,g_a,dpu,3824.55,3933.72
14,143,g_a_cpu,cpu,3933.72,3934.1
14,143,h_a,dpu,3934.1,4061.84
14,143,eb_enc,cpu,4061.84,4061.97
14,143,eb_dec,cpu,4061.97,4062.11
14,143,h_s,dpu,4062.11,4082.05
14,143,gc,cpu,4082.05,4092.29
14,157,normalize,cpu,4092.88,4096.59
14,157,g_a_cpu,cpu,4096.59,4097
14,157,g_a,dpu,4097.01,4213.82
14,157,g_a,dpu,4213.82,4326.26
14,157,g_a_cpu,cpu,4326.27,4326.75
14,157,h_a,dpu,4326.75,4439.72
14,157,eb_enc,cpu,4439.72,4439.87
14,157,eb_dec,cpu,4439.87,4439.99
14,157,h_s,dpu,4439.99,4454.48
14,157,gc,cpu,4454.48,4464.65
14,171,normalize,cpu,4465.13,4468.78
14,171,g_a_cpu,cpu,4468.78,4469.07
14,171,g_a,dpu,4469.07,4559.78
14,171,g_a,dpu,4559.79,4718.37
14,171,g_a_cpu,cpu,4718.37,4718.89
14,171,h_a,dpu,4718.89,4864.06
14,171,eb_enc,cpu,4864.06,4864.22
14,171,eb_dec,cpu,4864.22,4864.34
14,171,h_s,dpu,4864.34,4882.73
14,171,gc,cpu,4882.73,4892.76
14,185,normalize,cpu,4893.22,4896.94
14,185,g_a_cpu,cpu,4896.94,4897.14
14,185,g_a,dpu,4897.14,4992.71
14,185,g_a,dpu,4992.71,5111.02
14,185,g_a_cpu,cpu,5111.02,5111.49
14,185,h_a,dpu,5111.49,5308.72
14,185,eb_enc,cpu,5308.73,5308.85
14,185,eb_dec,cpu,5308.85,5308.96
14,185,h_s,dpu,5308.96,5339.81
14,185,gc,cpu,5339.82,5357.34
14,204,normalize,cpu,5357.94,5361.6
14,204,g_a_cpu,cpu,5361.6,5362.01
14,204,g_a,dpu,5362.02,5512.66
14,204,g_a,dpu,5512.66,5622.89
14,204,g_a_cpu,cpu,5622.89,5623.39
14,204,h_a,dpu,5623.39,5756.57
14,204,eb_enc,cpu,5756.57,5756.74
14,204,eb_dec,cpu,5756.75,5756.86
14,204,h_s,dpu,5756.86,5787.07
14,204,gc,cpu,5787.07,5809.03
14,224,normalize,cpu,5814.19,5818.41
14,224,g_a_cpu,cpu,5818.41,5818.73
14,224,g_a,dpu,5818.73,6010.19
14,224,g_a,dpu,6010.2,6166.21
14,224,g_a_cpu,cpu,6166.21,6166.59
14,224,h_a,dpu,6166.59,6222.1
14,224,eb_enc,cpu,6222.11,6222.23
14,224,eb_dec,cpu,6222.23,6222.34
14,224,h_s,dpu,6222.34,6260.78
14,224,gc,cpu,6260.78,6271.39
14,242,normalize,cpu,6271.93,6275.57
14,242,g_a_cpu,cpu,6275.57,6275.93
14,242,g_a,dpu,6275.94,6496.99
14,242,g_a,dpu,6496.99,6572.51
14,242,g_a_cpu,cpu,6572.51,6572.99
14,242,h_a,dpu,6572.99,6675.89
14,242,eb_enc,cpu,6675.89,6676.03
14,242,eb_dec,cpu,6676.03,6676.18
14,242,h_s,dpu,6676.18,6726.54
14,242,gc,cpu,6726.54,6736.7
14,258,normalize,cpu,6737.19,6740.82
14,258,g_a_cpu,cpu,6740.83,6741.11
14,258,g_a,dpu,6741.11,6879.65
14,258,g_a,dpu,6879.65,7004.49
14,258,g_a_cpu,cpu,7004.49,7004.83
14,258,h_a,dpu,7004.84,7093.92
14,258,eb_enc,cpu,7093.92,7094.05
14,258,eb_dec,cpu,7094.05,7094.16
14,258,h_s,dpu,7094.16,7140.3
14,258,gc,cpu,7140.3,7150.52
14,275,normalize,cpu,7151.09,7154.77
14,275,g_a_cpu,cpu,7154.77,7155.08
14,275,g_a,dpu,7155.09,7273.38
14,275,g_a,dpu,7273.38,7389.46
14,275,g_a_cpu,cpu,7389.46,7389.87
14,275,h_a,dpu,7389.88,7511.73
14,275,eb_enc,cpu,7511.73,7511.85
14,275,eb_dec,cpu,7511.85,7511.96
14,275,h_s,dpu,7511.96,7597.63
14,275,gc,cpu,7597.63,7607.5
14,291,normalize,cpu,7608.01,7611.7
14,291,g_a_cpu,cpu,7611.7,7611.94
14,291,g_a,dpu,7611.94,7661.12
14,291,g_a,dpu,7661.12,7771.19
14,291,g_a_cpu,cpu,7771.19,7771.77
14,291,h_a,dpu,7771.78,7862.67
14,291,eb_enc,cpu,7862.67,7862.79
14,291,eb_dec,cpu,7862.8,7862.91
14,291,h_s,dpu,7862.91,7975.23
14,291,gc,cpu,7975.23,7984.95
14,306,normalize,cpu,7985.48,7989.12
14,306,g_a_cpu,cpu,7989.12,7989.4
14,306,g_a,dpu,7989.4,8064.52
14,306,g_a,dpu,8064.53,8137.46
14,306,g_a_cpu,cpu,8137.47,8137.84
14,306,h_a,dpu,8137.84,8232.69
14,306,eb_enc,cpu,8232.69,8232.82
14,306,eb_dec,cpu,8232.82,8232.93
14,306,h_s,dpu,8232.93,8285.96
14,306,gc,cpu,8285.96,8296.19
14,321,normalize,cpu,8296.75,8300.4
14,321,g_a_cpu,cpu,8300.4,8300.69
14,321,g_a,dpu,8300.7,8452.38
14,321,g_a,dpu,8452.39,8529.47
14,321,g_a_cpu,cpu,8529.47,8529.83
14,321,h_a,dpu,8529.83,8646.37
14,321,eb_enc,cpu,8646.37,8646.56
14,321,eb_dec,cpu,8646.57,8646.71
14,321,h_s,dpu,8646.71,8672.33
14,321,gc,cpu,8672.33,8682.37
14,335,normalize,cpu,8682.84,8686.51
14,335,g_a_cpu,cpu,8686.52,8686.79
14,335,g_a,dpu,8686.8,8902.58
14,335,g_a,dpu,8902.58,8951.15
14,335,g_a_cpu,cpu,8951.15,8951.53
14,335,h_a,dpu,8951.53,9073.27
14,335,eb_enc,cpu,9073.28,9073.41
14,335,eb_dec,cpu,9073.41,9073.53
14,335,h_s,dpu,9073.53,9174.58
14,335,gc,cpu,9174.58,9184.49
14,351,normalize,cpu,9185.21,9188.89
14,351,g_a_cpu,cpu,9188.89,9189.2
14,351,g_a,dpu,9189.2,9291.03
14,351,g_a,dpu,9291.03,9376.56
14,351,g_a_cpu,cpu,9376.56,9376.95
14,351,h_a,dpu,9376.95,9492.99
14,351,eb_enc,cpu,9492.99,9493.11
14,351,eb_dec,cpu,9493.11,9493.22
14,351,h_s,dpu,9493.22,9585.43
14,351,gc,cpu,9585.44,9595.34
14,367,normalize,cpu,9595.82,9599.48
14,367,g_a_cpu,cpu,9599.48,9599.76
14,367,g_a,dpu,9599.77,9692.18
14,367,g_a,dpu,9692.18,9768.13
14,367,g_a_cpu,cpu,9768.14,9768.5
14,367,h_a,dpu,9768.5,9875.05
14,367,eb_enc,cpu,9875.05,9875.17
14,367,eb_dec,cpu,9875.17,9875.28
14,367,h_s,dpu,9875.28,9930.4
14,367,gc,cpu,9930.4,9940.32
14,382,normalize,cpu,9940.86,9944.56
14,382,g_a_cpu,cpu,9944.57,9944.81
14,382,g_a,dpu,9944.81,10081.2
14,382,g_a,dpu,10081.2,10161.3
14,382,g_a_cpu,cpu,10161.3,10161.6
14,382,h_a,dpu,10161.6,10289.4
14,382,eb_enc,cpu,10289.4,10289.5
14,382,eb_dec,cpu,10289.5,10289.6
14,382,h_s,dpu,10289.6,10379.8
14,382,gc,cpu,10379.8,10389.5
14,398,normalize,cpu,10390,10393.8
14,398,g_a_cpu,cpu,10393.8,10394.1
14,398,g_a,dpu,10394.1,10508.5
14,398,g_a,dpu,10508.5,10598.7
14,398,g_a_cpu,cpu,10598.7,10599.1
14,398,h_a,dpu,10599.1,10745.5
14,398,eb_enc,cpu,10745.5,10745.7
14,398,eb_dec,cpu,10745.7,10745.8
14,398,h_s,dpu,10745.8,10830.2
14,398,gc,cpu,10830.2,10839.8
14,413,normalize,cpu,10840.3,10843.9
14,413,g_a_cpu,cpu,10843.9,10844.3
14,413,g_a,dpu,10844.3,10904.4
14,413,g_a,dpu,10904.4,10962.1
14,413,g_a_cpu,cpu,10962.1,10962.5
14,413,h_a,dpu,10962.5,11122.6
14,413,eb_enc,cpu,11122.6,11122.8
14,413,eb_dec,cpu,11122.8,11122.9
14,413,h_s,dpu,11122.9,11218.5
14,413,gc,cpu,11218.5,11228.2
14,428,normalize,cpu,11229,11233.2
14,428,g_a_cpu,cpu,11233.2,11233.6
14,428,g_a,dpu,11233.6,11304.8
14,428,g_a,dpu,11304.8,11353.2
14,428,g_a_cpu,cpu,11353.2,11353.9
14,428,h_a,dpu,11353.9,11512.9
14,428,eb_enc,cpu,11512.9,11513.2
14,428,eb_dec,cpu,11513.2,11513.3
14,428,h_s,dpu,11513.3,11595
14,428,gc,cpu,11595,11605.5
14,445,normalize,cpu,11605.9,11609.6
14,445,g_a_cpu,cpu,11609.6,11609.9
14,445,g_a,dpu,11609.9,11706.1
14,445,g_a,dpu,11706.1,11748.1
14,445,g_a_cpu,cpu,11748.1,11748.5
14,445,h_a,dpu,11748.5,11866.2
14,445,eb_enc,cpu,11866.2,11866.3
14,445,eb_dec,cpu,11866.3,11866.4
14,445,h_s,dpu,11866.4,12005.6
14,445,gc,cpu,12005.6,12016.2
14,460,normalize,cpu,12016.6,12020.4
14,460,g_a_cpu,cpu,12020.4,12020.6
14,460,g_a,dpu,12020.6,12112.7
14,460,g_a,dpu,12112.7,12153.7
14,460,g_a_cpu,cpu,12153.7,12154.2
14,460,h_a,dpu,12154.2,12241
14,460,eb_enc,cpu,12241,12241.1
14,460,eb_dec,cpu,12241.1,12241.2
14,460,h_s,dpu,12241.2,12257.3
14,460,gc,cpu,12257.3,12267.2
14,474,normalize,cpu,12267.7,12271.3
14,474,g_a_cpu,cpu,12271.3,12271.6
14,474,g_a,dpu,12271.6,12447.9
14,474,g_a,dpu,12447.9,12598.8
14,474,g_a_cpu,cpu,12598.8,12599.2
14,474,h_a,dpu,12599.2,12654.2
14,474,eb_enc,cpu,12654.2,12654.4
14,474,eb_dec,cpu,12654.4,12654.5
14,474,h_s,dpu,12654.5,12671.7
14,474,gc,cpu,12671.7,12681.6
14,488,normalize,cpu,12682.1,12685.8
14,488,g_a_cpu,cpu,12685.8,12686.1
14,488,g_a,dpu,12686.1,12843.1
14,488,g_a,dpu,12843.1,12958.2
14,488,g_a_cpu,cpu,12958.2,12958.6
14,488,h_a,dpu,12958.6,13070.7
14,488,eb_enc,cpu,13070.7,13070.8
14,488,eb_dec,cpu,13070.8,13070.9
14,488,h_s,dpu,13070.9,13095
14,488,gc,cpu,13095,13104.9
14,503,normalize,cpu,13105.3,13109
14,503,g_a_cpu,cpu,13109,13109.3
14,503,g_a,dpu,13109.3,13298.2
14,503,g_a,dpu,13298.2,13415.2
14,503,g_a_cpu,cpu,13415.2,13415.5
14,503,h_a,dpu,13415.5,13491.4
14,503,eb_enc,cpu,13491.4,13491.6
14,503,eb_dec,cpu,13491.6,13491.7
14,503,h_s,dpu,13491.7,13575.2
14,503,gc,cpu,13575.2,13585.3
14,520,normalize,cpu,13585.9,13589.5
14,520,g_a_cpu,cpu,13589.5,13589.8
14,520,g_a,dpu,13589.8,13690.7
14,520,g_a,dpu,13690.7,13772.7
14,520,g_a_cpu,cpu,13772.7,13773.2
14,520,h_a,dpu,13773.2,13910.3
14,520,eb_enc,cpu,13910.3,13910.4
14,520,eb_dec,cpu,13910.4,13910.5
14,520,h_s,dpu,13910.5,13991
14,520,gc,cpu,13991,14000.9
14,536,normalize,cpu,14001.6,14005.2
14,536,g_a_cpu,cpu,14005.2,14005.6
14,536,g_a,dpu,14005.6,14130
14,536,g_a,dpu,14130,14209
14,536,g_a_cpu,cpu,14209,14209.4
14,536,h_a,dpu,14209.4,14316.7
14,536,eb_enc,cpu,14316.7,14316.8
14,536,eb_dec,cpu,14316.8,14316.9
14,536,h_s,dpu,14316.9,14374
14,536,gc,cpu,14374,14383.6
14,549,normalize,cpu,14384.2,14387.8
14,549,g_a_cpu,cpu,14387.8,14388.2
14,549,g_a,dpu,14388.2,14515.1
14,549,g_a,dpu,14515.1,14591.9
14,549,g_a_cpu,cpu,14591.9,14592.3
14,549,h_a,dpu,14592.3,14726
14,549,eb_enc,cpu,14726,14726.1
14,549,eb_dec,cpu,14726.1,14726.2
14,549,h_s,dpu,14726.2,14788.6
14,549,gc,cpu,14788.6,14798.5
14,566,normalize,cpu,14799,14802.6
14,566,g_a_cpu,cpu,14802.6,14803.1
14,566,g_a,dpu,14803.1,14903.2
14,566,g_a,dpu,14903.2,14978.6
14,566,g_a_cpu,cpu,14978.6,14979.4
14,566,h_a,dpu,14979.4,15104.9
14,566,eb_enc,cpu,15104.9,15105
14,566,eb_dec,cpu,15105,15105.1
14,566,h_s,dpu,15105.1,15175.4
14,566,gc,cpu,15175.4,15186.1
14,581,normalize,cpu,15186.7,15190.4
14,581,g_a_cpu,cpu,15190.5,15190.8
14,581,g_a,dpu,15190.8,15307.7
14,581,g_a,dpu,15307.7,15388.6
14,581,g_a_cpu,cpu,15388.6,15389
14,581,h_a,dpu,15389,15558
14,581,eb_enc,cpu,15558,15558.2
14,581,eb_dec,cpu,15558.2,15558.3
14,581,h_s,dpu,15558.3,15627.6
14,581,gc,cpu,15627.6,15637.8
14,598,normalize,cpu,15638.7,15642.3
14,598,g_a_cpu,cpu,15642.3,15642.6
14,598,g_a,dpu,15642.6,15701.9
14,598,g_a,dpu,15701.9,15776.8
14,598,g_a_cpu,cpu,15776.8,15777.8
14,598,h_a,dpu,15777.8,15901.7
14,598,eb_enc,cpu,15901.7,15901.9
14,598,eb_dec,cpu,15901.9,15902
14,598,h_s,dpu,15902,16000.3
14,598,gc,cpu,16000.3,16010
14,612,normalize,cpu,16010.5,16016.6
14,612,g_a_cpu,cpu,16016.6,16017
14,612,g_a,dpu,16017,16094.2
14,612,g_a,dpu,16094.2,16170.7
14,612,g_a_cpu,cpu,16170.7,16171.2
14,612,h_a,dpu,16171.2,16173.1
14,612,eb_enc,cpu,16173.1,16173.3
14,612,eb_dec,cpu,16173.3,16173.4
14,612,h_s,dpu,16173.4,16233.8
14,612,gc,cpu,16233.8,16243.5
14,623,normalize,cpu,16244,16247.8
14,623,g_a_cpu,cpu,16247.8,16248.1
14,623,g_a,dpu,16248.1,16366.4
14,623,g_a,dpu,16366.4,16480
14,623,g_a_cpu,cpu,16480,16480.5
14,623,h_a,dpu,16480.5,16621.3
14,623,eb_enc,cpu,16621.3,16621.5
14,623,eb_dec,cpu,16621.5,16621.6
14,623,h_s,dpu,16621.6,16676.2
14,623,gc,cpu,16676.2,16686.2
14,640,normalize,cpu,16686.9,16690.6
14,640,g_a_cpu,cpu,16690.6,16690.9
14,640,g_a,dpu,16690.9,16762.8
14,640,g_a,dpu,16762.8,16840.6
14,640,g_a_cpu,cpu,16840.6,16840.9
14,640,h_a,dpu,16840.9,16991.5
14,640,eb_enc,cpu,16991.5,16991.7
14,640,eb_dec,cpu,16991.7,16991.8
14,640,h_s,dpu,16991.8,17047.3
14,640,gc,cpu,17047.3,17057.3
14,654,normalize,cpu,17057.7,17061.4
14,654,g_a_cpu,cpu,17061.4,17061.7
14,654,g_a,dpu,17061.7,17156.4
14,654,g_a,dpu,17156.4,17309.1
14,654,g_a_cpu,cpu,17309.1,17309.6
14,654,h_a,dpu,17309.6,17407.4
14,654,eb_enc,cpu,17407.4,17407.5
14,654,eb_dec,cpu,17407.5,17407.7
14,654,h_s,dpu,17407.7,17453.6
14,654,gc,cpu,17453.6,17463.6
14,670,normalize,cpu,17464.1,17467.8
14,670,g_a_cpu,cpu,17467.8,17468.1
14,670,g_a,dpu,17468.1,17545.4
14,670,g_a,dpu,17545.4,17660.7
14,670,g_a_cpu,cpu,17660.7,17661.2
14,670,h_a,dpu,17661.2,17822.6
14,670,eb_enc,cpu,17822.6,17822.8
14,670,eb_dec,cpu,17822.8,17822.9
14,670,h_s,dpu,17822.9,17869.6
14,670,gc,cpu,17869.6,17879.7
14,686,normalize,cpu,17880.5,17884.2
14,686,g_a_cpu,cpu,17884.2,17884.5
14,686,g_a,dpu,17884.5,17970.6
14,686,g_a,dpu,17970.6,18117.3
14,686,g_a_cpu,cpu,18117.3,18117.8
14,686,h_a,dpu,18117.8,18201.8
14,686,eb_enc,cpu,18201.8,18201.9
14,686,eb_dec,cpu,18201.9,18202
14,686,h_s,dpu,18202,18263.5
14,686,gc,cpu,18263.5,18273.4
14,701,normalize,cpu,18273.9,18277.6
14,701,g_a_cpu,cpu,18277.6,18277.9
14,701,g_a,dpu,18277.9,18368.6
14,701,g_a,dpu,18368.6,18479.5
14,701,g_a_cpu,cpu,18479.5,18479.9
14,701,h_a,dpu,18479.9,18611.9
14,701,eb_enc,cpu,18611.9,18612.1
14,701,eb_dec,cpu,18612.1,18612.2
14,701,h_s,dpu,18612.2,18640.7
14,701,gc,cpu,18640.7,18651
14,715,normalize,cpu,18651.6,18655.3
14,715,g_a_cpu,cpu,18655.3,18655.7
14,715,g_a,dpu,18655.7,18760.6
14,715,g_a,dpu,18760.6,18877.8
14,715,g_a_cpu,cpu,18877.8,18878.2
14,715,h_a,dpu,18878.2,19021.8
14,715,eb_enc,cpu,19021.8,19021.9
14,715,eb_dec,cpu,19021.9,19022
14,715,h_s,dpu,19022,19087
14,715,gc,cpu,19087,19101
14,732,normalize,cpu,19101.5,19105.2
14,732,g_a_cpu,cpu,19105.2,19105.5
14,732,g_a,dpu,19105.5,19192.6
14,732,g_a,dpu,19192.6,19229.6
14,732,g_a_cpu,cpu,19229.6,19230
14,732,h_a,dpu,19230,19330.8
14,732,eb_enc,cpu,19330.8,19330.9
14,732,eb_dec,cpu,19330.9,19331
14,732,h_s,dpu,19331,19425.8
14,732,gc,cpu,19425.8,19436.7
14,746,normalize,cpu,19437.2,19440.9
14,746,g_a_cpu,cpu,19440.9,19441.2
14,746,g_a,dpu,19441.2,19548.6
14,746,g_a,dpu,19548.6,19628.6
14,746,g_a_cpu,cpu,19628.6,19629
14,746,h_a,dpu,19629,19761.1
14,746,eb_enc,cpu,19761.1,19761.3
14,746,eb_dec,cpu,19761.3,19761.4
14,746,h_s,dpu,19761.4,19838.6
14,746,gc,cpu,19838.6,19848.4
14,761,normalize,cpu,19848.9,19852.5
14,761,g_a_cpu,cpu,19852.5,19852.8
14,761,g_a,dpu,19852.8,19931.5
14,761,g_a,dpu,19931.6,20011.3
14,761,g_a_cpu,cpu,20011.3,20011.7
14,761,h_a,dpu,20011.7,20174.2
14,761,eb_enc,cpu,20174.2,20174.3
14,761,eb_dec,cpu,20174.3,20174.5
14,761,h_s,dpu,20174.5,20258.5
14,761,gc,cpu,20258.5,20268.5
14,777,normalize,cpu,20269,20272.7
14,777,g_a_cpu,cpu,20272.7,20273
14,777,g_a,dpu,20273,20314.4
14,777,g_a,dpu,20314.4,20351.4
14,777,g_a_cpu,cpu,20351.4,20351.8
14,777,h_a,dpu,20351.8,20471.4
14,777,eb_enc,cpu,20471.4,20471.6
14,777,eb_dec,cpu,20471.6,20471.7
14,777,h_s,dpu,20471.7,20526.2
14,777,gc,cpu,20526.2,20535.9
14,790,normalize,cpu,20536.4,20540
14,790,g_a_cpu,cpu,20540,20540.7
14,790,g_a,dpu,20540.7,20656.4
14,790,g_a,dpu,20656.4,20732.6
14,790,g_a_cpu,cpu,20732.6,20733.1
14,790,h_a,dpu,20733.1,20823.8
14,790,eb_enc,cpu,20823.8,20824
14,790,eb_dec,cpu,20824,20824.1
14,790,h_s,dpu,20824.1,20910.6
14,790,gc,cpu,20910.6,20920.6
14,805,normalize,cpu,20921.1,20925.8
14,805,g_a_cpu,cpu,20925.8,20926.2
14,805,g_a,dpu,20926.2,21044.7
14,805,g_a,dpu,21044.7,21165.2
14,805,g_a_cpu,cpu,21165.2,21165.6
14,805,h_a,dpu,21165.6,21307.5
14,805,eb_enc,cpu,21307.5,21307.7
14,805,eb_dec,cpu,21307.7,21307.8
14,805,h_s,dpu,21307.8,21325.8
14,805,gc,cpu,21325.8,21335.6
14,821,normalize,cpu,21336,21339.7
14,821,g_a_cpu,cpu,21339.7,21340
14,821,g_a,dpu,21340,21444.7
14,821,g_a,dpu,21444.7,21481.5
14,821,g_a_cpu,cpu,21481.5,21481.9
14,821,h_a,dpu,21481.9,21610.4
14,821,eb_enc,cpu,21610.4,21610.5
14,821,eb_dec,cpu,21610.5,21610.6
14,821,h_s,dpu,21610.6,21697.2
14,821,gc,cpu,21697.2,21707.5
14,836,normalize,cpu,21708,21711.7
14,836,g_a_cpu,cpu,21711.7,21712
14,836,g_a,dpu,21712,21781.5
14,836,g_a,dpu,21781.5,21894
14,836,g_a_cpu,cpu,21894,21894.4
14,836,h_a,dpu,21894.4,22109.2
14,836,eb_enc,cpu,22109.2,22109.4
14,836,eb_dec,cpu,22109.4,22109.5
14,836,h_s,dpu,22109.5,22148.7
14,836,gc,cpu,22148.7,22158.6
14,853,normalize,cpu,22159.1,22162.7
14,853,g_a_cpu,cpu,22162.7,22163
14,853,g_a,dpu,22163,22244.4
14,853,g_a,dpu,22244.4,22433.7
14,853,g_a_cpu,cpu,22433.7,22434.1
14,853,h_a,dpu,22434.1,22740.9
14,853,eb_enc,cpu,22740.9,22741
14,853,eb_dec,cpu,22741,22741.1
14,853,h_s,dpu,22741.1,22753.2
14,853,gc,cpu,22753.2,22763.4
14,876,normalize,cpu,22763.9,22767.6
14,876,g_a_cpu,cpu,22767.6,22767.9
14,876,g_a,dpu,22767.9,22805.1
14,876,g_a,dpu,22805.1,22880.9
14,876,g_a_cpu,cpu,22880.9,22881.2
14,876,h_a,dpu,22881.2,23046.5
14,876,eb_enc,cpu,23046.5,23046.6
14,876,eb_dec,cpu,23046.6,23046.7
14,876,h_s,dpu,23046.7,23091.6
14,876,gc,cpu,23091.6,23101.6
14,886,normalize,cpu,23102.1,23105.8
14,886,g_a_cpu,cpu,23105.8,23106.1
14,886,g_a,dpu,23106.1,23192.3
14,886,g_a,dpu,23192.3,23269.2
14,886,g_a_cpu,cpu,23269.2,23269.6
14,886,h_a,dpu,23269.6,23468.5
14,886,eb_enc,cpu,23468.5,23468.6
14,886,eb_dec,cpu,23468.6,23468.8
14,886,h_s,dpu,23468.8,23519
14,886,gc,cpu,23519,23529.1
14,905,normalize,cpu,23529.6,23533.3
14,905,g_a_cpu,cpu,23533.3,23533.6
14,905,g_a,dpu,23533.6,23584.8
14,905,g_a,dpu,23584.8,23621.5
14,905,g_a_cpu,cpu,23621.6,23621.9
14,905,h_a,dpu,23621.9,23766.3
14,905,eb_enc,cpu,23766.3,23766.4
14,905,eb_dec,cpu,23766.4,23766.5
14,905,h_s,dpu,23766.5,23818.7
14,905,gc,cpu,23818.7,23828.9
14,918,normalize,cpu,23829.3,23833
14,918,g_a_cpu,cpu,23833,23833.3
14,918,g_a,dpu,23833.3,23939.2
14,918,g_a,dpu,23939.2,24015.7
14,918,g_a_cpu,cpu,24015.7,24016.2
14,918,h_a,dpu,24016.2,24106.6
14,918,eb_enc,cpu,24106.6,24106.8
14,918,eb_dec,cpu,24106.8,24106.9
14,918,h_s,dpu,24106.9,24155.1
14,918,gc,cpu,24155.1,24165.1
15,15,normalize,cpu,88.6943,95.1848
15,15,g_a_cpu,cpu,95.2482,95.6264
15,15,g_a,dpu,95.6305,288.665
15,15,g_a,dpu,288.667,512.101
15,15,g_a_cpu,cpu,512.102,512.464
15,15,h_a,dpu,512.47,514.184
15,15,eb_enc,cpu,514.185,514.336
15,15,eb_dec,cpu,514.336,514.455
15,15,h_s,dpu,514.456,516.004
15,15,gc,cpu,516.007,530.901
15,22,normalize,cpu,531.475,537.151
15,22,g_a_cpu,cpu,537.155,537.503
15,22,g_a,dpu,537.507,758.574
15,22,g_a,dpu,758.576,974.797
15,22,g_a_cpu,cpu,974.798,975.256
15,22,h_a,dpu,975.258,976.954
15,22,eb_enc,cpu,976.954,977.098
15,22,eb_dec,cpu,977.1,977.216
15,22,h_s,dpu,977.216,978.695
15,22,gc,cpu,978.696,988.814
15,37,normalize,cpu,990.599,1015.27
15,37,g_a_cpu,cpu,1015.27,1015.64
15,37,g_a,dpu,1015.64,1225.2
15,37,g_a,dpu,1225.2,1405.44
15,37,g_a_cpu,cpu,1405.44,1405.9
15,37,h_a,dpu,1405.9,1407.56
15,37,eb_enc,cpu,1407.56,1407.69
15,37,eb_dec,cpu,1407.69,1407.8
15,37,h_s,dpu,1407.8,1412.38
15,37,gc,cpu,1412.38,1422.34
15,54,normalize,cpu,1422.92,1426.63
15,54,g_a_cpu,cpu,1426.63,1426.95
15,54,g_a,dpu,1426.95,1638.15
15,54,g_a,dpu,1638.16,1820.75
15,54,g_a_cpu,cpu,1820.76,1821.4
15,54,h_a,dpu,1821.4,1823.17
15,54,eb_enc,cpu,1823.17,1823.3
15,54,eb_dec,cpu,1823.3,1823.41
15,54,h_s,dpu,1823.41,1895.19
15,54,gc,cpu,1895.19,1905.12
15,73,normalize,cpu,1905.82,1909.57
15,73,g_a_cpu,cpu,1909.58,1910.11
15,73,g_a,dpu,1910.11,2160.95
15,73,g_a,dpu,2160.95,2324.81
15,73,g_a_cpu,cpu,2324.81,2325.28
15,73,h_a,dpu,2325.28,2377.57
15,73,eb_enc,cpu,2377.57,2377.71
15,73,eb_dec,cpu,2377.72,2377.83
15,73,h_s,dpu,2377.83,2438.25
15,73,gc,cpu,2438.25,2448.66
15,92,normalize,cpu,2449.36,2453.74
15,92,g_a_cpu,cpu,2453.74,2454.05
15,92,g_a,dpu,2454.05,2596.09
15,92,g_a,dpu,2596.09,2745.15
15,92,g_a_cpu,cpu,2745.15,2745.59
15,92,h_a,dpu,2745.59,2752.69
15,92,eb_enc,cpu,2752.69,2752.83
15,92,eb_dec,cpu,2752.83,2752.95
15,92,h_s,dpu,2752.95,2861.27
15,92,gc,cpu,2861.27,2871.67
15,109,normalize,cpu,2873.12,2876.77
15,109,g_a_cpu,cpu,2876.78,2877.09
15,109,g_a,dpu,2877.09,3004.46
15,109,g_a,dpu,3004.46,3152.43
15,109,g_a_cpu,cpu,3152.43,3152.97
15,109,h_a,dpu,3152.98,3212.02
15,109,eb_enc,cpu,3212.02,3212.16
15,109,eb_dec,cpu,3212.16,3212.27
15,109,h_s,dpu,3212.27,3277.52
15,109,gc,cpu,3277.52,3287.75
15,126,normalize,cpu,3288.25,3292.79
15,126,g_a_cpu,cpu,3292.79,3293.15
15,126,g_a,dpu,3293.15,3456.3
15,126,g_a,dpu,3456.3,3611.27
15,126,g_a_cpu,cpu,3611.27,3611.67
15,126,h_a,dpu,3611.67,3666.65
15,126,eb_enc,cpu,3666.65,3666.77
15,126,eb_dec,cpu,3666.77,3666.89
15,126,h_s,dpu,3666.89,3738.69
15,126,gc,cpu,3738.69,3748.61
15,146,normalize,cpu,3749.06,3752.76
15,146,g_a_cpu,cpu,3752.76,3752.99
15,146,g_a,dpu,3753,3912.08
15,146,g_a,dpu,3912.09,4060.79
15,146,g_a_cpu,cpu,4060.79,4061.37
15,146,h_a,dpu,4061.37,4080.82
15,146,eb_enc,cpu,4080.82,4080.94
15,146,eb_dec,cpu,4080.94,4081.05
15,146,h_s,dpu,4081.05,4137.7
15,146,gc,cpu,4137.7,4148.67
15,161,normalize,cpu,4149.14,4152.81
15,161,g_a_cpu,cpu,4152.81,4153.11
15,161,g_a,dpu,4153.11,4364.08
15,161,g_a,dpu,4364.08,4513.27
15,161,g_a_cpu,cpu,4513.28,4513.72
15,161,h_a,dpu,4513.72,4532.56
15,161,eb_enc,cpu,4532.57,4532.7
15,161,eb_dec,cpu,4532.7,4532.82
15,161,h_s,dpu,4532.82,4605.22
15,161,gc,cpu,4605.23,4615.11
15,179,normalize,cpu,4615.58,4619.85
15,179,g_a_cpu,cpu,4619.86,4620.15
15,179,g_a,dpu,4620.15,4789.95
15,179,g_a,dpu,4789.95,4937.09
15,179,g_a_cpu,cpu,4937.09,4937.65
15,179,h_a,dpu,4937.65,4953.56
15,179,eb_enc,cpu,4953.56,4953.68
15,179,eb_dec,cpu,4953.68,4953.79
15,179,h_s,dpu,4953.79,4997.24
15,179,gc,cpu,4997.24,5007.17
15,191,normalize,cpu,5007.68,5011.5
15,191,g_a_cpu,cpu,5011.5,5011.89
15,191,g_a,dpu,5011.9,5233.55
15,191,g_a,dpu,5233.55,5385.63
15,191,g_a_cpu,cpu,5385.63,5385.97
15,191,h_a,dpu,5385.98,5453.57
15,191,eb_enc,cpu,5453.57,5453.7
15,191,eb_dec,cpu,5453.7,5453.81
15,191,h_s,dpu,5453.81,5513.76
15,191,gc,cpu,5513.76,5523.44
15,213,normalize,cpu,5524.02,5527.73
15,213,g_a_cpu,cpu,5527.73,5528.03
15,213,g_a,dpu,5528.03,5682.15
15,213,g_a,dpu,5682.15,5952.1
15,213,g_a_cpu,cpu,5952.1,5952.65
15,213,h_a,dpu,5952.66,6066.12
15,213,eb_enc,cpu,6066.13,6066.25
15,213,eb_dec,cpu,6066.25,6066.37
15,213,h_s,dpu,6066.37,6171.58
15,213,gc,cpu,6171.59,6181.88
15,235,normalize,cpu,6182.78,6186.95
15,235,g_a_cpu,cpu,6186.95,6187.27
15,235,g_a,dpu,6187.28,6261.72
15,235,g_a,dpu,6261.72,6298.09
15,235,g_a_cpu,cpu,6298.09,6298.45
15,235,h_a,dpu,6298.45,6342.34
15,235,eb_enc,cpu,6342.34,6342.52
15,235,eb_dec,cpu,6342.53,6342.65
15,235,h_s,dpu,6342.65,6457.85
15,235,gc,cpu,6457.85,6467.67
15,247,normalize,cpu,6468.18,6471.81
15,247,g_a_cpu,cpu,6471.81,6472.18
15,247,g_a,dpu,6472.19,6601.68
15,247,g_a,dpu,6601.68,6748.23
15,247,g_a_cpu,cpu,6748.23,6748.67
15,247,h_a,dpu,6748.68,6800.15
15,247,eb_enc,cpu,6800.15,6800.31
15,247,eb_dec,cpu,6800.31,6800.42
15,247,h_s,dpu,6800.42,6885.98
15,247,gc,cpu,6885.98,6896.27
15,264,normalize,cpu,6896.96,6900.63
15,264,g_a_cpu,cpu,6900.63,6900.95
15,264,g_a,dpu,6900.95,7054.89
15,264,g_a,dpu,7054.9,7203.55
15,264,g_a_cpu,cpu,7203.56,7204.06
15,264,h_a,dpu,7204.06,7254.51
15,264,eb_enc,cpu,7254.51,7254.65
15,264,eb_dec,cpu,7254.65,7254.76
15,264,h_s,dpu,7254.76,7316.52
15,264,gc,cpu,7316.52,7326.39
15,280,normalize,cpu,7327.17,7331.97
15,280,g_a_cpu,cpu,7331.98,7332.42
15,280,g_a,dpu,7332.43,7510.94
15,280,g_a,dpu,7510.94,7696.06
15,280,g_a_cpu,cpu,7696.06,7696.43
15,280,h_a,dpu,7696.43,7715.9
15,280,eb_enc,cpu,7715.9,7716.02
15,280,eb_dec,cpu,7716.02,7716.17
15,280,h_s,dpu,7716.17,7796.24
15,280,gc,cpu,7796.24,7806.11
15,301,normalize,cpu,7806.58,7810.23
15,301,g_a_cpu,cpu,7810.23,7810.55
15,301,g_a,dpu,7810.55,7972.57
15,301,g_a,dpu,7972.57,8155.43
15,301,g_a_cpu,cpu,8155.43,8155.9
15,301,h_a,dpu,8155.9,8169.6
15,301,eb_enc,cpu,8169.6,8169.77
15,301,eb_dec,cpu,8169.77,8169.89
15,301,h_s,dpu,8169.89,8186.88
15,301,gc,cpu,8186.88,8197.22
15,316,normalize,cpu,8197.65,8201.29
15,316,g_a_cpu,cpu,8201.3,8201.6
15,316,g_a,dpu,8201.6,8417.75
15,316,g_a,dpu,8417.76,8605.35
15,316,g_a_cpu,cpu,8605.35,8605.75
15,316,h_a,dpu,8605.75,8634.67
15,316,eb_enc,cpu,8634.67,8634.81
15,316,eb_dec,cpu,8634.81,8634.92
15,316,h_s,dpu,8634.92,8752.94
15,316,gc,cpu,8752.94,8763.03
15,337,normalize,cpu,8763.51,8767.17
15,337,g_a_cpu,cpu,8767.17,8767.47
15,337,g_a,dpu,8767.47,8919.22
15,337,g_a,dpu,8919.22,9036.4
15,337,g_a_cpu,cpu,9036.41,9037.07
15,337,h_a,dpu,9037.07,9137.09
15,337,eb_enc,cpu,9137.09,9137.22
15,337,eb_dec,cpu,9137.22,9137.33
15,337,h_s,dpu,9137.33,9250.67
15,337,gc,cpu,9250.67,9261.43
15,353,normalize,cpu,9261.93,9265.61
15,353,g_a_cpu,cpu,9265.62,9265.88
15,353,g_a,dpu,9265.89,9377.94
15,353,g_a,dpu,9377.95,9529.28
15,353,g_a_cpu,cpu,9529.28,9529.67
15,353,h_a,dpu,9529.68,9586.72
15,353,eb_enc,cpu,9586.72,9586.88
15,353,eb_dec,cpu,9586.89,9587
15,353,h_s,dpu,9587,9655.87
15,353,gc,cpu,9655.88,9665.73
15,370,normalize,cpu,9666.2,9669.91
15,370,g_a_cpu,cpu,9669.91,9670.16
15,370,g_a,dpu,9670.17,9836.17
15,370,g_a,dpu,9836.17,10019.9
15,370,g_a_cpu,cpu,10019.9,10020.4
15,370,h_a,dpu,10020.4,10079.7
15,370,eb_enc,cpu,10079.7,10079.8
15,370,eb_dec,cpu,10079.8,10080
15,370,h_s,dpu,10080,10124.6
15,370,gc,cpu,10124.6,10135.9
15,387,normalize,cpu,10136.6,10140.3
15,387,g_a_cpu,cpu,10140.3,10140.6
15,387,g_a,dpu,10140.6,10288.2
15,387,g_a,dpu,10288.2,10510.6
15,387,g_a_cpu,cpu,10510.6,10511
15,387,h_a,dpu,10511,10513.7
15,387,eb_enc,cpu,10513.7,10513.9
15,387,eb_dec,cpu,10513.9,10514
15,387,h_s,dpu,10514,10599.8
15,387,gc,cpu,10599.8,10609.9
15,408,normalize,cpu,10610.4,10614.1
15,408,g_a_cpu,cpu,10614.1,10614.4
15,408,g_a,dpu,10614.4,10781.5
15,408,g_a,dpu,10781.5,11086
15,408,g_a_cpu,cpu,11086,11086.5
15,408,h_a,dpu,11086.5,11217.2
15,408,eb_enc,cpu,11217.2,11217.3
15,408,eb_dec,cpu,11217.3,11217.4
15,408,h_s,dpu,11217.4,11268.3
15,408,gc,cpu,11268.3,11279.1
15,430,normalize,cpu,11279.6,11283.2
15,430,g_a_cpu,cpu,11283.2,11283.5
15,430,g_a,dpu,11283.5,11428.7
15,430,g_a,dpu,11428.7,11584.8
15,430,g_a_cpu,cpu,11584.8,11585.3
15,430,h_a,dpu,11585.3,11673.5
15,430,eb_enc,cpu,11673.5,11673.6
15,430,eb_dec,cpu,11673.6,11673.7
15,430,h_s,dpu,11673.7,11711.8
15,430,gc,cpu,11711.8,11721.5
15,446,normalize,cpu,11722,11725.6
15,446,g_a_cpu,cpu,11725.6,11725.9
15,446,g_a,dpu,11725.9,11865
15,446,g_a,dpu,11865,12048.4
15,446,g_a_cpu,cpu,12048.4,12048.8
15,446,h_a,dpu,12048.8,12153.1
15,446,eb_enc,cpu,12153.1,12153.2
15,446,eb_dec,cpu,12153.2,12153.3
15,446,h_s,dpu,12153.3,12159.4
15,446,gc,cpu,12159.4,12169.5
15,463,normalize,cpu,12173.7,12177.4
15,463,g_a_cpu,cpu,12177.4,12177.9
15,463,g_a,dpu,12177.9,12320.2
15,463,g_a,dpu,12320.2,12356.5
15,463,g_a_cpu,cpu,12356.5,12356.9
15,463,h_a,dpu,12356.9,12473.8
15,463,eb_enc,cpu,12473.8,12474
15,463,eb_dec,cpu,12474,12474.1
15,463,h_s,dpu,12474.1,12602.6
15,463,gc,cpu,12602.6,12612.4
15,479,normalize,cpu,12613.1,12618.8
15,479,g_a_cpu,cpu,12618.8,12619.2
15,479,g_a,dpu,12619.2,12701
15,479,g_a,dpu,12701,12848.1
15,479,g_a_cpu,cpu,12848.1,12848.5
15,479,h_a,dpu,12848.5,12928.9
15,479,eb_enc,cpu,12928.9,12929
15,479,eb_dec,cpu,12929,12929.1
15,479,h_s,dpu,12929.1,13002.3
15,479,gc,cpu,13002.3,13013
15,495,normalize,cpu,13013.6,13017.3
15,495,g_a_cpu,cpu,13017.3,13017.6
15,495,g_a,dpu,13017.6,13184
15,495,g_a,dpu,13184,13336.8
15,495,g_a_cpu,cpu,13336.8,13337.3
15,495,h_a,dpu,13337.3,13395.1
15,495,eb_enc,cpu,13395.1,13395.2
15,495,eb_dec,cpu,13395.2,13395.3
15,495,h_s,dpu,13395.3,13501.8
15,495,gc,cpu,13501.8,13511.8
15,517,normalize,cpu,13512.4,13516
15,517,g_a_cpu,cpu,13516,13516.4
15,517,g_a,dpu,13516.4,13639.1
15,517,g_a,dpu,13639.1,13909.2
15,517,g_a_cpu,cpu,13909.2,13909.8
15,517,h_a,dpu,13909.8,13990.1
15,517,eb_enc,cpu,13990.1,13990.2
15,517,eb_dec,cpu,13990.2,13990.3
15,517,h_s,dpu,13990.3,14093.5
15,517,gc,cpu,14093.5,14103.5
15,537,normalize,cpu,14113.2,14116.9
15,537,g_a_cpu,cpu,14116.9,14117.2
15,537,g_a,dpu,14117.2,14243
15,537,g_a,dpu,14243,14352.7
15,537,g_a_cpu,cpu,14352.7,14353.2
15,537,h_a,dpu,14353.2,14413.9
15,537,eb_enc,cpu,14414,14414.1
15,537,eb_dec,cpu,14414.1,14414.2
15,537,h_s,dpu,14414.2,14518.2
15,537,gc,cpu,14518.2,14529.1
15,554,normalize,cpu,14529.6,14533.3
15,554,g_a_cpu,cpu,14533.3,14533.6
15,554,g_a,dpu,14533.6,14653.1
15,554,g_a,dpu,14653.1,14800.7
15,554,g_a_cpu,cpu,14800.7,14801.1
15,554,h_a,dpu,14801.1,14869.7
15,554,eb_enc,cpu,14869.7,14869.8
15,554,eb_dec,cpu,14869.8,14870
15,554,h_s,dpu,14870,14940.6
15,554,gc,cpu,14940.6,14951.3
15,570,normalize,cpu,14951.8,14955.5
15,570,g_a_cpu,cpu,14955.5,14955.8
15,570,g_a,dpu,14955.8,15104.1
15,570,g_a,dpu,15104.1,15289.1
15,570,g_a_cpu,cpu,15289.2,15289.6
15,570,h_a,dpu,15289.6,15324.5
15,570,eb_enc,cpu,15324.5,15324.6
15,570,eb_dec,cpu,15324.6,15324.8
15,570,h_s,dpu,15324.8,15391.9
15,570,gc,cpu,15391.9,15405.7
15,588,normalize,cpu,15406.4,15410.1
15,588,g_a_cpu,cpu,15410.1,15410.6
15,588,g_a,dpu,15410.6,15594.6
15,588,g_a,dpu,15594.6,15746.8
15,588,g_a_cpu,cpu,15746.8,15747.2
15,588,h_a,dpu,15747.2,15777.4
15,588,eb_enc,cpu,15777.4,15777.5
15,588,eb_dec,cpu,15777.5,15777.7
15,588,h_s,dpu,15777.7,15823.3
15,588,gc,cpu,15823.3,15833.2
15,609,normalize,cpu,15833.7,15837.3
15,609,g_a_cpu,cpu,15837.3,15837.7
15,609,g_a,dpu,15837.7,16122.7
15,609,g_a,dpu,16122.7,16209.1
15,609,g_a_cpu,cpu,16209.1,16209.6
15,609,h_a,dpu,16209.6,16310
15,609,eb_enc,cpu,16310,16310.1
15,609,eb_dec,cpu,16310.1,16310.2
15,609,h_s,dpu,16310.2,16404.3
15,609,gc,cpu,16404.3,16414.2
15,629,normalize,cpu,16414.7,16418.3
15,629,g_a_cpu,cpu,16418.3,16418.6
15,629,g_a,dpu,16418.6,16544
15,629,g_a,dpu,16544,16694.7
15,629,g_a_cpu,cpu,16694.7,16695.2
15,629,h_a,dpu,16695.2,16749.3
15,629,eb_enc,cpu,16749.3,16749.4
15,629,eb_dec,cpu,16749.4,16749.5
15,629,h_s,dpu,16749.5,16803.2
15,629,gc,cpu,16803.2,16812.9
15,645,normalize,cpu,16813.4,16817.1
15,645,g_a_cpu,cpu,16817.1,16817.3
15,645,g_a,dpu,16817.3,16990.6
15,645,g_a,dpu,16990.6,17101.9
15,645,g_a_cpu,cpu,17101.9,17102.4
15,645,h_a,dpu,17102.4,17104
15,645,eb_enc,cpu,17104,17104.2
15,645,eb_dec,cpu,17104.2,17104.3
15,645,h_s,dpu,17104.3,17233.1
15,645,gc,cpu,17233.1,17243
15,661,normalize,cpu,17243.5,17247.2
15,661,g_a_cpu,cpu,17247.2,17247.5
15,661,g_a,dpu,17247.5,17406.3
15,661,g_a,dpu,17406.3,17524.8
15,661,g_a_cpu,cpu,17524.8,17525.2
15,661,h_a,dpu,17525.2,17607
15,661,eb_enc,cpu,17607,17607.1
15,661,eb_dec,cpu,17607.1,17607.2
15,661,h_s,dpu,17607.2,17698.6
15,661,gc,cpu,17698.6,17708.5
15,679,normalize,cpu,17709.1,17712.8
15,679,g_a_cpu,cpu,17712.8,17713.2
15,679,g_a,dpu,17713.2,17858.5
15,679,g_a,dpu,17858.5,18012
15,679,g_a_cpu,cpu,18012,18012.4
15,679,h_a,dpu,18012.4,18065.7
15,679,eb_enc,cpu,18065.7,18065.9
15,679,eb_dec,cpu,18065.9,18066
15,679,h_s,dpu,18066,18129.6
15,679,gc,cpu,18129.6,18140
15,696,normalize,cpu,18143.5,18147.2
15,696,g_a_cpu,cpu,18147.3,18147.8
15,696,g_a,dpu,18147.8,18388.6
15,696,g_a,dpu,18388.6,18536.3
15,696,g_a_cpu,cpu,18536.3,18536.9
15,696,h_a,dpu,18536.9,18599.4
15,696,eb_enc,cpu,18599.4,18599.6
15,696,eb_dec,cpu,18599.6,18599.7
15,696,h_s,dpu,18599.7,18642.4
15,696,gc,cpu,18642.4,18652.4
15,716,normalize,cpu,18653.1,18656.7
15,716,g_a_cpu,cpu,18656.7,18657
15,716,g_a,dpu,18657,18836.3
15,716,g_a,dpu,18836.3,18983.5
15,716,g_a_cpu,cpu,18983.5,18984
15,716,h_a,dpu,18984,19047.1
15,716,eb_enc,cpu,19047.1,19047.3
15,716,eb_dec,cpu,19047.3,19047.4
15,716,h_s,dpu,19047.4,19111.9
15,716,gc,cpu,19111.9,19121.6
15,734,normalize,cpu,19122,19125.7
15,734,g_a_cpu,cpu,19125.7,19126
15,734,g_a,dpu,19126,19252.2
15,734,g_a,dpu,19252.2,19367.1
15,734,g_a_cpu,cpu,19367.1,19367.5
15,734,h_a,dpu,19367.5,19429.3
15,734,eb_enc,cpu,19429.3,19429.4
15,734,eb_dec,cpu,19429.4,19429.5
15,734,h_s,dpu,19429.5,19509.7
15,734,gc,cpu,19509.7,19519.7
15,750,normalize,cpu,19520.3,19523.9
15,750,g_a_cpu,cpu,19523.9,19524.2
15,750,g_a,dpu,19524.2,19714.6
15,750,g_a,dpu,19714.6,19907.6
15,750,g_a_cpu,cpu,19907.6,19908
15,750,h_a,dpu,19908,19917.9
15,750,eb_enc,cpu,19917.9,19918
15,750,eb_dec,cpu,19918,19918.1
15,750,h_s,dpu,19918.1,19974.9
15,750,gc,cpu,19974.9,19984.7
15,767,normalize,cpu,19985.2,19989
15,767,g_a_cpu,cpu,19989,19989.4
15,767,g_a,dpu,19989.4,20321.5
15,767,g_a,dpu,20321.5,20469.9
15,767,g_a_cpu,cpu,20469.9,20470.2
15,767,h_a,dpu,20470.2,20525.3
15,767,eb_enc,cpu,20525.3,20525.5
15,767,eb_dec,cpu,20525.5,20525.6
15,767,h_s,dpu,20525.6,20619.9
15,767,gc,cpu,20619.9,20631.9
15,792,normalize,cpu,20632.5,20637.5
15,792,g_a_cpu,cpu,20637.5,20637.9
15,792,g_a,dpu,20637.9,20864.2
15,792,g_a,dpu,20864.2,20973.5
15,792,g_a_cpu,cpu,20973.5,20973.9
15,792,h_a,dpu,20973.9,21023.1
15,792,eb_enc,cpu,21023.2,21023.3
15,792,eb_dec,cpu,21023.3,21023.4
15,792,h_s,dpu,21023.4,21088.4
15,792,gc,cpu,21088.4,21099
15,812,normalize,cpu,21099.6,21103.3
15,812,g_a_cpu,cpu,21103.3,21103.7
15,812,g_a,dpu,21103.8,21270
15,812,g_a,dpu,21270,21421.6
15,812,g_a_cpu,cpu,21421.6,21422.1
15,812,h_a,dpu,21422.1,21438.1
15,812,eb_enc,cpu,21438.1,21438.2
15,812,eb_dec,cpu,21438.2,21438.3
15,812,h_s,dpu,21438.3,21519.9
15,812,gc,cpu,21519.9,21530.2
15,828,normalize,cpu,21530.7,21535.7
15,828,g_a_cpu,cpu,21535.8,21536.1
15,828,g_a,dpu,21536.1,21688.1
15,828,g_a,dpu,21688.1,21916.2
15,828,g_a_cpu,cpu,21916.2,21916.5
15,828,h_a,dpu,21916.5,21963
15,828,eb_enc,cpu,21963,21963.2
15,828,eb_dec,cpu,21963.2,21963.3
15,828,h_s,dpu,21963.3,22013.6
15,828,gc,cpu,22013.6,22023.2
15,846,normalize,cpu,22023.7,22027.4
15,846,g_a_cpu,cpu,22027.4,22027.9
15,846,g_a,dpu,22027.9,22181
15,846,g_a,dpu,22181,22365.9
15,846,g_a_cpu,cpu,22365.9,22366.3
15,846,h_a,dpu,22366.3,22445.5
15,846,eb_enc,cpu,22445.5,22445.6
15,846,eb_dec,cpu,22445.6,22445.7
15,846,h_s,dpu,22445.7,22479.2
15,846,gc,cpu,22479.2,22489.3
15,865,normalize,cpu,22489.9,22493.6
15,865,g_a_cpu,cpu,22493.6,22494
15,865,g_a,dpu,22494,22704.2
15,865,g_a,dpu,22704.2,22852.8
15,865,g_a_cpu,cpu,22852.8,22853.1
15,865,h_a,dpu,22853.1,22905.3
15,865,eb_enc,cpu,22905.3,22905.5
15,865,eb_dec,cpu,22905.5,22905.6
15,865,h_s,dpu,22905.6,22994.6
15,865,gc,cpu,22994.6,23004.6
15,884,normalize,cpu,23005.1,23008.9
15,884,g_a_cpu,cpu,23008.9,23009.3
15,884,g_a,dpu,23009.3,23160.4
15,884,g_a,dpu,23160.4,23284.2
15,884,g_a_cpu,cpu,23284.3,23284.7
15,884,h_a,dpu,23284.7,23405.2
15,884,eb_enc,cpu,23405.2,23405.3
15,884,eb_dec,cpu,23405.3,23405.5
15,884,h_s,dpu,23405.5,23457.5
15,884,gc,cpu,23457.5,23467.3
15,901,normalize,cpu,23468,23471.8
15,901,g_a_cpu,cpu,23471.8,23472.1
15,901,g_a,dpu,23472.1,23619
15,901,g_a,dpu,23619.1,23765.3
15,901,g_a_cpu,cpu,23765.3,23765.8
15,901,h_a,dpu,23765.8,23817.4
15,901,eb_enc,cpu,23817.4,23817.5
15,901,eb_dec,cpu,23817.5,23817.6
15,901,h_s,dpu,23817.6,23898
15,901,gc,cpu,23898,23907.8
15,919,normalize,cpu,23908.2,23911.8
15,919,g_a_cpu,cpu,23911.8,23912.2
15,919,g_a,dpu,23912.2,24062.1
15,919,g_a,dpu,24062.1,24181.1
15,919,g_a_cpu,cpu,24181.1,24181.6
15,919,h_a,dpu,24181.6,24228.1
15,919,eb_enc,cpu,24228.1,24228.3
15,919,eb_dec,cpu,24228.3,24228.4
15,919,h_s,dpu,24228.4,24253.5
15,919,gc,cpu,24253.5,24265.5
