lane,patch,stage,kind,t0_ms,t1_ms
-1,0,read,read,0.28991,65.4445
-1,1,read,read,65.66,158.298
-1,2,read,read,158.322,215.256
-1,3,read,read,1051.11,1110.83
-1,4,read,read,2747.32,2810.07
-1,5,read,read,4281.02,4365.96
-1,6,read,read,5812.38,5888.09
-1,7,read,read,7339.79,7401.09
-1,8,read,read,8794.17,8852.03
-1,9,read,read,10301.1,10336.4
-1,10,read,read,11745.9,11782.9
-1,11,read,read,13244.3,13280.3
-1,12,read,read,14645.1,14706.9
-1,13,read,read,16191.1,16235.3
-1,14,read,read,17656.3,17690.9
-1,15,read,read,19184.2,19223.1
0,31,normalize,cpu,116.218,119.895
0,31,g_a_cpu,cpu,121.038,121.578
0,31,g_a,dpu,121.584,456.908
0,31,g_a,dpu,456.913,817.957
0,31,g_a_cpu,cpu,817.958,818.466
0,31,h_a,dpu,818.474,833.451
0,31,eb_enc,cpu,833.452,833.571
0,31,eb_dec,cpu,833.571,833.712
0,31,h_s,dpu,833.712,952.208
0,31,gc,cpu,952.213,981.117
0,37,normalize,cpu,981.703,986.434
0,37,g_a_cpu,cpu,986.437,987.061
0,37,g_a,dpu,987.068,1571.36
0,37,g_a,dpu,1571.36,1756.73
0,37,g_a_cpu,cpu,1756.73,1757.23
0,37,h_a,dpu,1757.23,1808.81
0,37,eb_enc,cpu,1808.81,1809
0,37,eb_dec,cpu,1809,1809.17
0,37,h_s,dpu,1809.17,2350.12
0,37,gc,cpu,2350.12,2359.73
0,95,normalize,cpu,2360.19,2363.85
0,95,g_a_cpu,cpu,2363.85,2364.22
0,95,g_a,dpu,2364.22,2549.39
0,95,g_a,dpu,2549.39,2586.81
0,95,g_a_cpu,cpu,2586.82,2587.32
0,95,h_a,dpu,2587.32,2775.07
0,95,eb_enc,cpu,2775.07,2775.28
0,95,eb_dec,cpu,2775.28,2775.46
0,95,h_s,dpu,2775.46,3106.96
0,95,gc,cpu,3106.96,3116.58
0,124,normalize,cpu,3117.04,3121.64
0,124,g_a_cpu,cpu,3121.65,3121.97
0,124,g_a,dpu,3121.97,3314.3
0,124,g_a,dpu,3314.31,3350.65
0,124,g_a_cpu,cpu,3350.66,3351.01
0,124,h_a,dpu,3351.01,3394.14
0,124,eb_enc,cpu,3394.15,3394.29
0,124,eb_dec,cpu,3394.29,3394.44
0,124,h_s,dpu,3394.44,3647.35
0,124,gc,cpu,3647.35,3657.17
0,151,normalize,cpu,3657.69,3662.04
0,151,g_a_cpu,cpu,3662.04,3662.49
0,151,g_a,dpu,3662.49,3952.94
0,151,g_a,dpu,3952.94,4188.94
0,151,g_a_cpu,cpu,4188.94,4189.6
0,151,h_a,dpu,4189.6,4256.06
0,151,eb_enc,cpu,4256.06,4256.2
0,151,eb_dec,cpu,4256.21,4256.34
0,151,h_s,dpu,4256.34,4413.27
0,151,gc,cpu,4413.27,4423.73
0,183,normalize,cpu,4424.2,4427.87
0,183,g_a_cpu,cpu,4427.87,4428.26
0,183,g_a,dpu,4428.27,4772.26
0,183,g_a,dpu,4772.26,5031.77
0,183,g_a_cpu,cpu,5031.77,5032.33
0,183,h_a,dpu,5032.33,5093.96
0,183,eb_enc,cpu,5093.96,5094.13
0,183,eb_dec,cpu,5094.13,5094.28
0,183,h_s,dpu,5094.28,5346.31
0,183,gc,cpu,5346.31,5356.47
0,215,normalize,cpu,5357,5360.6
0,215,g_a_cpu,cpu,5360.61,5360.98
0,215,g_a,dpu,5360.98,5638.01
0,215,g_a,dpu,5638.01,5881.4
0,215,g_a_cpu,cpu,5881.41,5882.13
0,215,h_a,dpu,5882.16,6001.98
0,215,eb_enc,cpu,6001.98,6002.11
0,215,eb_dec,cpu,6002.11,6002.27
0,215,h_s,dpu,6002.27,6260.21
0,215,gc,cpu,6260.21,6270.26
0,249,normalize,cpu,6270.9,6274.55
0,249,g_a_cpu,cpu,6274.55,6274.99
0,249,g_a,dpu,6274.99,6534.88
0,249,g_a,dpu,6534.88,6799.65
0,249,g_a_cpu,cpu,6799.65,6800.24
0,249,h_a,dpu,6800.24,6976.96
0,249,eb_enc,cpu,6976.97,6977.19
0,249,eb_dec,cpu,6977.19,6977.36
0,249,h_s,dpu,6977.37,7126.34
0,249,gc,cpu,7126.34,7137.02
0,284,normalize,cpu,7137.56,7142.39
0,284,g_a_cpu,cpu,7142.39,7142.69
0,284,g_a,dpu,7142.7,7405.24
0,284,g_a,dpu,7405.24,7788.19
0,284,g_a_cpu,cpu,7788.19,7788.95
0,284,h_a,dpu,7788.96,7954.62
0,284,eb_enc,cpu,7954.62,7954.75
0,284,eb_dec,cpu,7954.75,7954.89
0,284,h_s,dpu,7954.89,8164.93
0,284,gc,cpu,8164.94,8174.58
0,323,normalize,cpu,8175.02,8178.72
0,323,g_a_cpu,cpu,8178.72,8179.01
0,323,g_a,dpu,8179.02,8361.12
0,323,g_a,dpu,8361.12,8592.55
0,323,g_a_cpu,cpu,8592.55,8593.17
0,323,h_a,dpu,8593.17,8746.86
0,323,eb_enc,cpu,8746.86,8746.99
0,323,eb_dec,cpu,8746.99,8747.13
0,323,h_s,dpu,8747.13,8974.54
0,323,gc,cpu,8974.54,8984.67
0,354,normalize,cpu,8985.25,8988.92
0,354,g_a_cpu,cpu,8988.93,8989.89
0,354,g_a,dpu,8989.9,9221.03
0,354,g_a,dpu,9221.03,9457.16
0,354,g_a_cpu,cpu,9457.16,9457.7
0,354,h_a,dpu,9457.7,9603.46
0,354,eb_enc,cpu,9603.46,9603.6
0,354,eb_dec,cpu,9603.6,9603.75
0,354,h_s,dpu,9603.75,9818.73
0,354,gc,cpu,9818.73,9828.3
0,390,normalize,cpu,9828.74,9832.39
0,390,g_a_cpu,cpu,9832.4,9832.68
0,390,g_a,dpu,9832.69,10061.7
0,390,g_a,dpu,10061.7,10290.5
0,390,g_a_cpu,cpu,10290.5,10291
0,390,h_a,dpu,10291,10447.7
0,390,eb_enc,cpu,10447.7,10447.8
0,390,eb_dec,cpu,10447.8,10447.9
0,390,h_s,dpu,10447.9,10683.3
0,390,gc,cpu,10683.3,10692.9
0,422,normalize,cpu,10693.4,10697
0,422,g_a_cpu,cpu,10697,10697.3
0,422,g_a,dpu,10697.3,10920.6
0,422,g_a,dpu,10920.6,11148.9
0,422,g_a_cpu,cpu,11148.9,11149.2
0,422,h_a,dpu,11149.2,11373
0,422,eb_enc,cpu,11373,11373.2
0,422,eb_dec,cpu,11373.2,11373.3
0,422,h_s,dpu,11373.3,11544
0,422,gc,cpu,11544,11553.8
0,455,normalize,cpu,11554.3,11558
0,455,g_a_cpu,cpu,11558,11558.4
0,455,g_a,dpu,11558.4,11792.9
0,455,g_a,dpu,11792.9,12063
0,455,g_a_cpu,cpu,12063,12063.5
0,455,h_a,dpu,12063.5,12167
0,455,eb_enc,cpu,12167,12167.2
0,455,eb_dec,cpu,12167.2,12167.3
0,455,h_s,dpu,12167.3,12437.6
0,455,gc,cpu,12437.6,12448
0,488,normalize,cpu,12448.5,12452.1
0,488,g_a_cpu,cpu,12452.1,12452.5
0,488,g_a,dpu,12452.5,12681
0,488,g_a,dpu,12681,12905.5
0,488,g_a_cpu,cpu,12905.5,12905.8
0,488,h_a,dpu,12905.8,13075.9
0,488,eb_enc,cpu,13075.9,13076.1
0,488,eb_dec,cpu,13076.1,13076.2
0,488,h_s,dpu,13076.2,13278.9
0,488,gc,cpu,13278.9,13288.6
0,523,normalize,cpu,13289.3,13293
0,523,g_a_cpu,cpu,13293,13293.3
0,523,g_a,dpu,13293.3,13582.8
0,523,g_a,dpu,13582.8,13771.1
0,523,g_a_cpu,cpu,13771.1,13771.7
0,523,h_a,dpu,13771.7,13940.3
0,523,eb_enc,cpu,13940.3,13940.4
0,523,eb_dec,cpu,13940.4,13940.6
0,523,h_s,dpu,13940.6,14193.8
0,523,gc,cpu,14193.8,14203.4
0,557,normalize,cpu,14203.9,14207.6
0,557,g_a_cpu,cpu,14207.6,14207.9
0,557,g_a,dpu,14207.9,14405.1
0,557,g_a,dpu,14405.1,14559.4
0,557,g_a_cpu,cpu,14559.4,14559.8
0,557,h_a,dpu,14559.8,15114.5
0,557,eb_enc,cpu,15114.5,15114.6
0,557,eb_dec,cpu,15114.6,15114.8
0,557,h_s,dpu,15114.8,15255.2
0,557,gc,cpu,15255.2,15265.8
0,599,normalize,cpu,15266.5,15270.3
0,599,g_a_cpu,cpu,15270.3,15270.6
0,599,g_a,dpu,15270.6,15396.1
0,599,g_a,dpu,15396.1,15578.2
0,599,g_a_cpu,cpu,15578.2,15578.5
0,599,h_a,dpu,15578.5,15752.5
0,599,eb_enc,cpu,15752.5,15752.6
0,599,eb_dec,cpu,15752.6,15752.7
0,599,h_s,dpu,15752.7,15984
0,599,gc,cpu,15984,15993.9
0,627,normalize,cpu,15994.4,15998.1
0,627,g_a_cpu,cpu,15998.1,15998.6
0,627,g_a,dpu,15998.6,16194.7
0,627,g_a,dpu,16194.7,16454.4
0,627,g_a_cpu,cpu,16454.4,16454.8
0,627,h_a,dpu,16454.8,16651.1
0,627,eb_enc,cpu,16651.1,16651.3
0,627,eb_dec,cpu,16651.3,16651.4
0,627,h_s,dpu,16651.4,16859.9
0,627,gc,cpu,16859.9,16869.7
0,663,normalize,cpu,16870.2,16874.5
0,663,g_a_cpu,cpu,16874.5,16874.8
0,663,g_a,dpu,16874.8,16983.9
0,663,g_a,dpu,16983.9,17129.8
0,663,g_a_cpu,cpu,17129.8,17130.2
0,663,h_a,dpu,17130.2,17355.5
0,663,eb_enc,cpu,17355.5,17355.7
0,663,eb_dec,cpu,17355.7,17355.8
0,663,h_s,dpu,17355.8,17490
0,663,gc,cpu,17490,17500.3
0,686,normalize,cpu,17500.8,17504.5
0,686,g_a_cpu,cpu,17504.5,17505.1
0,686,g_a,dpu,17505.1,17541.5
0,686,g_a,dpu,17541.5,17577.9
0,686,g_a_cpu,cpu,17577.9,17578.5
0,686,h_a,dpu,17578.5,17711.1
0,686,eb_enc,cpu,17711.1,17711.3
0,686,eb_dec,cpu,17711.3,17711.4
0,686,h_s,dpu,17711.4,17871.5
0,686,gc,cpu,17871.5,17881.2
0,701,normalize,cpu,17881.6,17885.3
0,701,g_a_cpu,cpu,17885.3,17885.5
0,701,g_a,dpu,17885.6,18137.7
0,701,g_a,dpu,18137.7,18174.1
0,701,g_a_cpu,cpu,18174.1,18174.4
0,701,h_a,dpu,18174.4,18308.6
0,701,eb_enc,cpu,18308.6,18308.7
0,701,eb_dec,cpu,18308.7,18308.9
0,701,h_s,dpu,18308.9,18527.3
0,701,gc,cpu,18527.3,18537.3
0,731,normalize,cpu,18537.8,18541.5
0,731,g_a_cpu,cpu,18541.5,18541.7
0,731,g_a,dpu,18541.7,18775
0,731,g_a,dpu,18775,19032.9
0,731,g_a_cpu,cpu,19032.9,19033.4
0,731,h_a,dpu,19033.4,19132.4
0,731,eb_enc,cpu,19132.4,19132.5
0,731,eb_dec,cpu,19132.5,19132.7
0,731,h_s,dpu,19132.7,19361.7
0,731,gc,cpu,19361.7,19372
0,762,normalize,cpu,19372.5,19376.2
0,762,g_a_cpu,cpu,19376.2,19376.5
0,762,g_a,dpu,19376.5,19638.8
0,762,g_a,dpu,19638.8,19912.5
0,762,g_a_cpu,cpu,19912.5,19913
0,762,h_a,dpu,19913,19969.1
0,762,eb_enc,cpu,19969.1,19969.3
0,762,eb_dec,cpu,19969.3,19969.5
0,762,h_s,dpu,19969.5,20174.1
0,762,gc,cpu,20174.1,20183.9
0,796,normalize,cpu,20184.3,20188.8
0,796,g_a_cpu,cpu,20188.8,20189.2
0,796,g_a,dpu,20189.2,20557.5
0,796,g_a,dpu,20557.5,20821
0,796,g_a_cpu,cpu,20821,20821.5
0,796,h_a,dpu,20821.5,20914.5
0,796,eb_enc,cpu,20914.5,20914.6
0,796,eb_dec,cpu,20914.6,20914.8
0,796,h_s,dpu,20914.8,21169.9
0,796,gc,cpu,21169.9,21180
0,834,normalize,cpu,21180.5,21184.3
0,834,g_a_cpu,cpu,21184.3,21184.6
0,834,g_a,dpu,21184.6,21467
0,834,g_a,dpu,21467,21694.5
0,834,g_a_cpu,cpu,21694.5,21694.9
0,834,h_a,dpu,21694.9,21777.3
0,834,eb_enc,cpu,21777.3,21777.5
0,834,eb_dec,cpu,21777.5,21777.6
0,834,h_s,dpu,21777.6,22018.1
0,834,gc,cpu,22018.1,22027.7
0,865,normalize,cpu,22028.1,22031.8
0,865,g_a_cpu,cpu,22031.8,22032.1
0,865,g_a,dpu,22032.1,22303
0,865,g_a,dpu,22303,22487.8
0,865,g_a_cpu,cpu,22487.8,22488.3
0,865,h_a,dpu,22488.4,22663
0,865,eb_enc,cpu,22663,22663.2
0,865,eb_dec,cpu,22663.2,22663.3
0,865,h_s,dpu,22663.3,22891.5
0,865,gc,cpu,22891.5,22901.4
0,896,normalize,cpu,22901.9,22905.5
0,896,g_a_cpu,cpu,22905.5,22905.8
0,896,g_a,dpu,22905.8,23134.1
0,896,g_a,dpu,23134.1,23558.9
0,896,g_a_cpu,cpu,23558.9,23559.4
0,896,h_a,dpu,23559.4,23723.6
0,896,eb_enc,cpu,23723.6,23723.8
0,896,eb_dec,cpu,23723.8,23723.9
0,896,h_s,dpu,23723.9,23885.3
0,896,gc,cpu,23885.3,23895.5
1,18,normalize,cpu,91.3652,95.0266
1,18,g_a_cpu,cpu,112.99,113.496
1,18,g_a,dpu,113.501,295.416
1,18,g_a,dpu,295.419,331.77
1,18,g_a_cpu,cpu,331.771,332.129
1,18,h_a,dpu,332.135,673.465
1,18,eb_enc,cpu,673.466,673.62
1,18,eb_dec,cpu,673.62,673.745
1,18,h_s,dpu,673.745,788.381
1,18,gc,cpu,788.385,799.506
1,32,normalize,cpu,799.999,803.669
1,32,g_a_cpu,cpu,803.672,803.948
1,32,g_a,dpu,803.951,942.95
1,32,g_a,dpu,942.954,1063.61
1,32,g_a_cpu,cpu,1063.62,1064.27
1,32,h_a,dpu,1064.27,1390.2
1,32,eb_enc,cpu,1390.2,1390.35
1,32,eb_dec,cpu,1390.35,1390.47
1,32,h_s,dpu,1390.48,1698.6
1,32,gc,cpu,1698.6,1708.54
1,68,normalize,cpu,1709.2,1712.81
1,68,g_a_cpu,cpu,1712.82,1713.12
1,68,g_a,dpu,1713.12,1807.84
1,68,g_a,dpu,1807.84,2018.39
1,68,g_a_cpu,cpu,2018.39,2018.87
1,68,h_a,dpu,2018.87,2273.39
1,68,eb_enc,cpu,2273.39,2273.54
1,68,eb_dec,cpu,2273.54,2273.66
1,68,h_s,dpu,2273.66,2492.16
1,68,gc,cpu,2492.16,2502.39
1,97,normalize,cpu,2502.95,2506.69
1,97,g_a_cpu,cpu,2506.7,2507.11
1,97,g_a,dpu,2507.11,2708.84
1,97,g_a,dpu,2708.84,3067.76
1,97,g_a_cpu,cpu,3067.76,3068.15
1,97,h_a,dpu,3068.16,3229.93
1,97,eb_enc,cpu,3229.93,3230.05
1,97,eb_dec,cpu,3230.05,3230.17
1,97,h_s,dpu,3230.17,3238.83
1,97,gc,cpu,3238.83,3249.53
1,130,normalize,cpu,3250.14,3253.82
1,130,g_a_cpu,cpu,3253.82,3254.32
1,130,g_a,dpu,3254.32,3536.8
1,130,g_a,dpu,3536.8,3796.38
1,130,g_a_cpu,cpu,3796.38,3796.74
1,130,h_a,dpu,3796.74,4110.71
1,130,eb_enc,cpu,4110.71,4110.85
1,130,eb_dec,cpu,4110.85,4110.98
1,130,h_s,dpu,4110.98,4175.66
1,130,gc,cpu,4175.66,4185.57
1,162,normalize,cpu,4186.08,4189.73
1,162,g_a_cpu,cpu,4189.73,4190.36
1,162,g_a,dpu,4190.36,4337.61
1,162,g_a,dpu,4337.62,4598.54
1,162,g_a_cpu,cpu,4598.54,4598.98
1,162,h_a,dpu,4598.99,4848.26
1,162,eb_enc,cpu,4848.27,4848.42
1,162,eb_dec,cpu,4848.42,4848.55
1,162,h_s,dpu,4848.55,4996.06
1,162,gc,cpu,4996.06,5005.85
1,198,normalize,cpu,5006.35,5010.72
1,198,g_a_cpu,cpu,5010.72,5011.18
1,198,g_a,dpu,5011.18,5196.07
1,198,g_a,dpu,5196.07,5643.07
1,198,g_a_cpu,cpu,5643.07,5643.51
1,198,h_a,dpu,5643.52,6119.09
1,198,eb_enc,cpu,6119.09,6119.24
1,198,eb_dec,cpu,6119.24,6119.36
1,198,h_s,dpu,6119.36,6381.32
1,198,gc,cpu,6381.32,6392.38
1,253,normalize,cpu,6392.88,6396.5
1,253,g_a_cpu,cpu,6396.5,6396.93
1,253,g_a,dpu,6396.94,6487.09
1,253,g_a,dpu,6487.09,6632.94
1,253,g_a_cpu,cpu,6632.94,6633.38
1,253,h_a,dpu,6633.38,6874.38
1,253,eb_enc,cpu,6874.38,6874.53
1,253,eb_dec,cpu,6874.53,6874.66
1,253,h_s,dpu,6874.66,7058.59
1,253,gc,cpu,7058.59,7071.61
1,281,normalize,cpu,7072.17,7075.82
1,281,g_a_cpu,cpu,7075.82,7076.15
1,281,g_a,dpu,7076.16,7316.93
1,281,g_a,dpu,7316.93,7502.52
1,281,g_a_cpu,cpu,7502.52,7502.87
1,281,h_a,dpu,7502.87,7707.03
1,281,eb_enc,cpu,7707.03,7707.18
1,281,eb_dec,cpu,7707.18,7707.3
1,281,h_s,dpu,7707.3,7843.22
1,281,gc,cpu,7843.22,7853.36
1,313,normalize,cpu,7854.14,7857.79
1,313,g_a_cpu,cpu,7857.8,7858.13
1,313,g_a,dpu,7858.13,8162.64
1,313,g_a,dpu,8162.64,8393.12
1,313,g_a_cpu,cpu,8393.13,8393.82
1,313,h_a,dpu,8393.82,8593.57
1,313,eb_enc,cpu,8593.57,8593.71
1,313,eb_dec,cpu,8593.71,8593.83
1,313,h_s,dpu,8593.83,8747.88
1,313,gc,cpu,8747.89,8757.69
1,346,normalize,cpu,8758.13,8761.79
1,346,g_a_cpu,cpu,8761.79,8762.13
1,346,g_a,dpu,8762.13,9012.73
1,346,g_a,dpu,9012.74,9049.12
1,346,g_a_cpu,cpu,9049.12,9049.61
1,346,h_a,dpu,9049.61,9258.56
1,346,eb_enc,cpu,9258.56,9258.7
1,346,eb_dec,cpu,9258.7,9258.82
1,346,h_s,dpu,9258.82,9404.13
1,346,gc,cpu,9404.13,9413.77
1,371,normalize,cpu,9414.25,9417.9
1,371,g_a_cpu,cpu,9417.91,9418.22
1,371,g_a,dpu,9418.23,9623.68
1,371,g_a,dpu,9623.68,9890.57
1,371,g_a_cpu,cpu,9890.57,9891.04
1,371,h_a,dpu,9891.05,10098.4
1,371,eb_enc,cpu,10098.4,10098.5
1,371,eb_dec,cpu,10098.5,10098.6
1,371,h_s,dpu,10098.6,10244.2
1,371,gc,cpu,10244.2,10254
1,404,normalize,cpu,10254.7,10258.3
1,404,g_a_cpu,cpu,10258.3,10258.7
1,404,g_a,dpu,10258.7,10454
1,404,g_a,dpu,10454,10719.2
1,404,g_a_cpu,cpu,10719.3,10719.6
1,404,h_a,dpu,10719.6,10921.5
1,404,eb_enc,cpu,10921.5,10921.6
1,404,eb_dec,cpu,10921.6,10921.7
1,404,h_s,dpu,10921.7,11067.5
1,404,gc,cpu,11067.5,11077.3
1,436,normalize,cpu,11077.8,11081.5
1,436,g_a_cpu,cpu,11081.5,11081.7
1,436,g_a,dpu,11081.7,11319.5
1,436,g_a,dpu,11319.5,11355.8
1,436,g_a_cpu,cpu,11355.8,11356.3
1,436,h_a,dpu,11356.3,11562.3
1,436,eb_enc,cpu,11562.3,11562.4
1,436,eb_dec,cpu,11562.4,11562.6
1,436,h_s,dpu,11562.6,11729.3
1,436,gc,cpu,11729.3,11739.8
1,460,normalize,cpu,11740.4,11744.2
1,460,g_a_cpu,cpu,11744.2,11744.7
1,460,g_a,dpu,11744.7,11984.8
1,460,g_a,dpu,11984.8,12249.1
1,460,g_a_cpu,cpu,12249.1,12249.6
1,460,h_a,dpu,12249.6,12445
1,460,eb_enc,cpu,12445,12445.2
1,460,eb_dec,cpu,12445.2,12445.3
1,460,h_s,dpu,12445.3,12562.1
1,460,gc,cpu,12562.1,12572
1,493,normalize,cpu,12572.5,12576.1
1,493,g_a_cpu,cpu,12576.1,12576.5
1,493,g_a,dpu,12576.5,12861.4
1,493,g_a,dpu,12861.4,13056.4
1,493,g_a_cpu,cpu,13056.4,13056.8
1,493,h_a,dpu,13056.8,13252.3
1,493,eb_enc,cpu,13252.3,13252.5
1,493,eb_dec,cpu,13252.5,13252.7
1,493,h_s,dpu,13252.7,13426
1,493,gc,cpu,13426,13436.6
1,528,normalize,cpu,13437.7,13441.4
1,528,g_a_cpu,cpu,13441.4,13441.8
1,528,g_a,dpu,13441.8,13857.5
1,528,g_a,dpu,13857.5,14118.9
1,528,g_a_cpu,cpu,14118.9,14119.5
1,528,h_a,dpu,14119.5,14326.5
1,528,eb_enc,cpu,14326.5,14326.7
1,528,eb_dec,cpu,14326.7,14326.8
1,528,h_s,dpu,14326.8,14449.5
1,528,gc,cpu,14449.5,14459.4
1,566,normalize,cpu,14459.9,14463.6
1,566,g_a_cpu,cpu,14463.6,14464
1,566,g_a,dpu,14464,14693.3
1,566,g_a,dpu,14693.3,14730.1
1,566,g_a_cpu,cpu,14730.1,14730.4
1,566,h_a,dpu,14730.4,14927.8
1,566,eb_enc,cpu,14927.8,14928
1,566,eb_dec,cpu,14928,14928.1
1,566,h_s,dpu,14928.1,15121.9
1,566,gc,cpu,15121.9,15131.9
1,592,normalize,cpu,15132.4,15136.1
1,592,g_a_cpu,cpu,15136.1,15136.4
1,592,g_a,dpu,15136.4,15344.8
1,592,g_a,dpu,15344.8,15605.8
1,592,g_a_cpu,cpu,15605.8,15606.1
1,592,h_a,dpu,15606.1,15814.8
1,592,eb_enc,cpu,15814.8,15814.9
1,592,eb_dec,cpu,15814.9,15815
1,592,h_s,dpu,15815,15908.5
1,592,gc,cpu,15908.5,15918.4
1,624,normalize,cpu,15918.9,15922.5
1,624,g_a_cpu,cpu,15922.5,15922.9
1,624,g_a,dpu,15922.9,16138.5
1,624,g_a,dpu,16138.6,16374.1
1,624,g_a_cpu,cpu,16374.1,16374.4
1,624,h_a,dpu,16374.4,16605.7
1,624,eb_enc,cpu,16605.7,16605.9
1,624,eb_dec,cpu,16605.9,16606
1,624,h_s,dpu,16606,16735.7
1,624,gc,cpu,16735.7,16745.5
1,656,normalize,cpu,16746.1,16749.8
1,656,g_a_cpu,cpu,16749.8,16750.1
1,656,g_a,dpu,16750.1,17052.9
1,656,g_a,dpu,17052.9,17323.6
1,656,g_a_cpu,cpu,17323.6,17324
1,656,h_a,dpu,17324,17801.4
1,656,eb_enc,cpu,17801.4,17801.6
1,656,eb_dec,cpu,17801.6,17801.7
1,656,h_s,dpu,17801.7,17976.9
1,656,gc,cpu,17976.9,17987.6
1,702,normalize,cpu,17988.2,17991.9
1,702,g_a_cpu,cpu,17991.9,17992.3
1,702,g_a,dpu,17992.3,18029
1,702,g_a,dpu,18029,18217.9
1,702,g_a_cpu,cpu,18217.9,18218.5
1,702,h_a,dpu,18218.5,18365.8
1,702,eb_enc,cpu,18365.8,18366
1,702,eb_dec,cpu,18366,18366.1
1,702,h_s,dpu,18366.1,18508.3
1,702,gc,cpu,18508.3,18518
1,729,normalize,cpu,18519,18523.6
1,729,g_a_cpu,cpu,18523.6,18524
1,729,g_a,dpu,18524,18797
1,729,g_a,dpu,18797,19053.2
1,729,g_a_cpu,cpu,19053.2,19053.8
1,729,h_a,dpu,19053.8,19187
1,729,eb_enc,cpu,19187,19187.2
1,729,eb_dec,cpu,19187.2,19187.4
1,729,h_s,dpu,19187.4,19292.8
1,729,gc,cpu,19292.8,19302.7
1,759,normalize,cpu,19303.2,19307.5
1,759,g_a_cpu,cpu,19307.5,19307.8
1,759,g_a,dpu,19307.8,19626.9
1,759,g_a,dpu,19626.9,20129
1,759,g_a_cpu,cpu,20129,20129.4
1,759,h_a,dpu,20129.4,20369.2
1,759,eb_enc,cpu,20369.2,20369.4
1,759,eb_dec,cpu,20369.4,20369.5
1,759,h_s,dpu,20369.5,20506.4
1,759,gc,cpu,20506.4,20516.5
1,803,normalize,cpu,20517,20520.7
1,803,g_a_cpu,cpu,20520.7,20520.9
1,803,g_a,dpu,20520.9,20702.9
1,803,g_a,dpu,20702.9,20857
1,803,g_a_cpu,cpu,20857,20857.4
1,803,h_a,dpu,20857.4,21066
1,803,eb_enc,cpu,21066,21066.1
1,803,eb_dec,cpu,21066.1,21066.3
1,803,h_s,dpu,21066.3,21256.7
1,803,gc,cpu,21256.7,21266.4
1,835,normalize,cpu,21266.9,21270.5
1,835,g_a_cpu,cpu,21270.5,21270.9
1,835,g_a,dpu,21270.9,21549.3
1,835,g_a,dpu,21549.3,21793
1,835,g_a_cpu,cpu,21793,21793.4
1,835,h_a,dpu,21793.4,22007.8
1,835,eb_enc,cpu,22007.8,22007.9
1,835,eb_dec,cpu,22007.9,22008.1
1,835,h_s,dpu,22008.1,22213.4
1,835,gc,cpu,22213.4,22223.5
1,869,normalize,cpu,22223.9,22227.7
1,869,g_a_cpu,cpu,22227.7,22228
1,869,g_a,dpu,22228,22435.4
1,869,g_a,dpu,22435.4,22704.1
1,869,g_a_cpu,cpu,22704.1,22704.5
1,869,h_a,dpu,22704.5,22907.7
1,869,eb_enc,cpu,22907.7,22907.8
1,869,eb_dec,cpu,22907.8,22907.9
1,869,h_s,dpu,22907.9,23023.4
1,869,gc,cpu,23023.4,23033.6
1,901,normalize,cpu,23034.1,23037.7
1,901,g_a_cpu,cpu,23037.7,23038
1,901,g_a,dpu,23038,23245
1,901,g_a,dpu,23245,23579.2
1,901,g_a_cpu,cpu,23579.2,23579.8
1,901,h_a,dpu,23579.8,23821.7
1,901,eb_enc,cpu,23821.7,23821.8
1,901,eb_dec,cpu,23821.8,23821.9
1,901,h_s,dpu,23821.9,23849
1,901,gc,cpu,23849,23858.9
2,30,normalize,cpu,110.608,114.263
2,30,g_a_cpu,cpu,114.33,114.797
2,30,g_a,dpu,114.802,299.139
2,30,g_a,dpu,299.142,629.295
2,30,g_a_cpu,cpu,629.298,629.716
2,30,h_a,dpu,629.722,882.04
2,30,eb_enc,cpu,882.04,882.164
2,30,eb_dec,cpu,882.164,882.282
2,30,h_s,dpu,882.282,919.014
2,30,gc,cpu,919.019,1003.62
2,43,normalize,cpu,1004.26,1007.94
2,43,g_a_cpu,cpu,1007.94,1008.2
2,43,g_a,dpu,1008.2,1215.23
2,43,g_a,dpu,1215.23,1545.25
2,43,g_a_cpu,cpu,1545.25,1545.6
2,43,h_a,dpu,1545.61,1692.27
2,43,eb_enc,cpu,1692.27,1692.39
2,43,eb_dec,cpu,1692.39,1692.51
2,43,h_s,dpu,1692.51,1838.61
2,43,gc,cpu,1838.61,1849.62
2,78,normalize,cpu,1853.36,1867.94
2,78,g_a_cpu,cpu,1867.94,1868.34
2,78,g_a,dpu,1868.34,2041.41
2,78,g_a,dpu,2041.41,2302.14
2,78,g_a_cpu,cpu,2302.14,2302.5
2,78,h_a,dpu,2302.5,2623.15
2,78,eb_enc,cpu,2623.15,2623.31
2,78,eb_dec,cpu,2623.31,2623.47
2,78,h_s,dpu,2623.47,2663.22
2,78,gc,cpu,2663.22,2678.37
2,111,normalize,cpu,2678.96,2682.64
2,111,g_a_cpu,cpu,2682.65,2683.04
2,111,g_a,dpu,2683.04,2850.76
2,111,g_a,dpu,2850.77,3076.62
2,111,g_a_cpu,cpu,3076.62,3076.99
2,111,h_a,dpu,3076.99,3375.33
2,111,eb_enc,cpu,3375.33,3375.46
2,111,eb_dec,cpu,3375.46,3375.57
2,111,h_s,dpu,3375.57,3514.06
2,111,gc,cpu,3514.06,3524.02
2,145,normalize,cpu,3524.47,3528.12
2,145,g_a_cpu,cpu,3528.12,3528.46
2,145,g_a,dpu,3528.46,3711.25
2,145,g_a,dpu,3711.26,3937.38
2,145,g_a_cpu,cpu,3937.38,3937.72
2,145,h_a,dpu,3937.72,4202.14
2,145,eb_enc,cpu,4202.14,4202.27
2,145,eb_dec,cpu,4202.27,4202.38
2,145,h_s,dpu,4202.38,4279.09
2,145,gc,cpu,4279.09,4289.54
2,176,normalize,cpu,4290.25,4294.03
2,176,g_a_cpu,cpu,4294.03,4294.69
2,176,g_a,dpu,4294.7,4495.06
2,176,g_a,dpu,4495.06,4717.42
2,176,g_a_cpu,cpu,4717.42,4717.82
2,176,h_a,dpu,4717.82,4933.05
2,176,eb_enc,cpu,4933.05,4933.18
2,176,eb_dec,cpu,4933.18,4933.3
2,176,h_s,dpu,4933.3,5154.78
2,176,gc,cpu,5154.78,5164.95
2,207,normalize,cpu,5165.43,5169.79
2,207,g_a_cpu,cpu,5169.79,5170.16
2,207,g_a,dpu,5170.16,5403.37
2,207,g_a,dpu,5403.37,5594.2
2,207,g_a_cpu,cpu,5594.2,5594.58
2,207,h_a,dpu,5594.59,5798.69
2,207,eb_enc,cpu,5798.7,5798.83
2,207,eb_dec,cpu,5798.83,5798.95
2,207,h_s,dpu,5798.95,6044.56
2,207,gc,cpu,6044.56,6054.37
2,242,normalize,cpu,6054.89,6058.57
2,242,g_a_cpu,cpu,6058.57,6058.94
2,242,g_a,dpu,6058.95,6270.88
2,242,g_a,dpu,6270.88,6499.82
2,242,g_a_cpu,cpu,6499.82,6500.25
2,242,h_a,dpu,6500.26,6634.1
2,242,eb_enc,cpu,6634.1,6634.25
2,242,eb_dec,cpu,6634.25,6634.36
2,242,h_s,dpu,6634.36,6875.18
2,242,gc,cpu,6875.18,6884.96
2,273,normalize,cpu,6885.56,6889.25
2,273,g_a_cpu,cpu,6889.25,6889.58
2,273,g_a,dpu,6889.58,7095.95
2,273,g_a,dpu,7095.95,7322.85
2,273,g_a_cpu,cpu,7322.85,7323.26
2,273,h_a,dpu,7323.26,7504.24
2,273,eb_enc,cpu,7504.24,7504.37
2,273,eb_dec,cpu,7504.37,7504.48
2,273,h_s,dpu,7504.48,7707.81
2,273,gc,cpu,7707.81,7717.57
2,306,normalize,cpu,7718.17,7721.89
2,306,g_a_cpu,cpu,7721.9,7722.22
2,306,g_a,dpu,7722.22,7916.12
2,306,g_a,dpu,7916.12,8066.5
2,306,g_a_cpu,cpu,8066.5,8066.88
2,306,h_a,dpu,8066.88,8239.18
2,306,eb_enc,cpu,8239.18,8239.31
2,306,eb_dec,cpu,8239.31,8239.43
2,306,h_s,dpu,8239.43,8399
2,306,gc,cpu,8399,8409.13
2,334,normalize,cpu,8409.71,8413.36
2,334,g_a_cpu,cpu,8413.37,8413.65
2,334,g_a,dpu,8413.65,8617.6
2,334,g_a,dpu,8617.6,8973.37
2,334,g_a_cpu,cpu,8973.37,8973.89
2,334,h_a,dpu,8973.89,9161.32
2,334,eb_enc,cpu,9161.32,9161.45
2,334,eb_dec,cpu,9161.45,9161.57
2,334,h_s,dpu,9161.57,9345.27
2,334,gc,cpu,9345.27,9354.97
2,370,normalize,cpu,9355.48,9359.14
2,370,g_a_cpu,cpu,9359.14,9359.4
2,370,g_a,dpu,9359.41,9561.46
2,370,g_a,dpu,9561.46,9753.18
2,370,g_a_cpu,cpu,9753.18,9753.56
2,370,h_a,dpu,9753.56,9965.91
2,370,eb_enc,cpu,9965.91,9966.03
2,370,eb_dec,cpu,9966.03,9966.15
2,370,h_s,dpu,9966.15,10175.1
2,370,gc,cpu,10175.1,10184.7
2,400,normalize,cpu,10185.2,10188.8
2,400,g_a_cpu,cpu,10188.8,10189.2
2,400,g_a,dpu,10189.2,10365.9
2,400,g_a,dpu,10365.9,10558.4
2,400,g_a_cpu,cpu,10558.4,10558.8
2,400,h_a,dpu,10558.8,10757.3
2,400,eb_enc,cpu,10757.3,10757.5
2,400,eb_dec,cpu,10757.5,10757.6
2,400,h_s,dpu,10757.6,10958.7
2,400,gc,cpu,10958.7,10968.6
2,431,normalize,cpu,10969.2,10972.8
2,431,g_a_cpu,cpu,10972.8,10973.3
2,431,g_a,dpu,10973.3,11108
2,431,g_a,dpu,11108,11258.9
2,431,g_a_cpu,cpu,11258.9,11259.2
2,431,h_a,dpu,11259.2,11432.8
2,431,eb_enc,cpu,11432.8,11433
2,431,eb_dec,cpu,11433,11433.1
2,431,h_s,dpu,11433.1,11638.5
2,431,gc,cpu,11638.5,11648.3
2,459,normalize,cpu,11648.8,11653.2
2,459,g_a_cpu,cpu,11653.2,11653.5
2,459,g_a,dpu,11653.5,11856
2,459,g_a,dpu,11856.1,12010.6
2,459,g_a_cpu,cpu,12010.6,12011
2,459,h_a,dpu,12011,12250.4
2,459,eb_enc,cpu,12250.4,12250.5
2,459,eb_dec,cpu,12250.5,12250.7
2,459,h_s,dpu,12250.7,12445.8
2,459,gc,cpu,12445.8,12455.9
2,490,normalize,cpu,12456.5,12460.2
2,490,g_a_cpu,cpu,12460.2,12460.4
2,490,g_a,dpu,12460.4,12605.1
2,490,g_a,dpu,12605.1,12724.8
2,490,g_a_cpu,cpu,12724.8,12725.2
2,490,h_a,dpu,12725.2,12941.9
2,490,eb_enc,cpu,12941.9,12942.1
2,490,eb_dec,cpu,12942.1,12942.2
2,490,h_s,dpu,12942.2,13100.7
2,490,gc,cpu,13100.7,13110.5
2,517,normalize,cpu,13110.9,13114.6
2,517,g_a_cpu,cpu,13114.6,13114.9
2,517,g_a,dpu,13114.9,13277.7
2,517,g_a,dpu,13277.8,13465.4
2,517,g_a_cpu,cpu,13465.4,13465.8
2,517,h_a,dpu,13465.8,13661.6
2,517,eb_enc,cpu,13661.6,13661.7
2,517,eb_dec,cpu,13661.7,13661.8
2,517,h_s,dpu,13661.8,13847.3
2,517,gc,cpu,13847.3,13857
2,545,normalize,cpu,13857.7,13862.2
2,545,g_a_cpu,cpu,13862.2,13862.5
2,545,g_a,dpu,13862.6,14061.4
2,545,g_a,dpu,14061.4,14098.1
2,545,g_a_cpu,cpu,14098.1,14098.4
2,545,h_a,dpu,14098.4,14350.9
2,545,eb_enc,cpu,14350.9,14351
2,545,eb_dec,cpu,14351,14351.1
2,545,h_s,dpu,14351.1,14517.3
2,545,gc,cpu,14517.3,14528.6
2,568,normalize,cpu,14529.2,14532.8
2,568,g_a_cpu,cpu,14532.8,14533.3
2,568,g_a,dpu,14533.3,14690.9
2,568,g_a,dpu,14690.9,15034.9
2,568,g_a_cpu,cpu,15034.9,15035.2
2,568,h_a,dpu,15035.2,15180
2,568,eb_enc,cpu,15180,15180.1
2,568,eb_dec,cpu,15180.1,15180.2
2,568,h_s,dpu,15180.2,15348.1
2,568,gc,cpu,15348.1,15358.2
2,604,normalize,cpu,15359.2,15362.9
2,604,g_a_cpu,cpu,15362.9,15363.3
2,604,g_a,dpu,15363.3,15562.1
2,604,g_a,dpu,15562.1,15750.3
2,604,g_a_cpu,cpu,15750.3,15750.7
2,604,h_a,dpu,15750.7,15983.1
2,604,eb_enc,cpu,15983.1,15983.2
2,604,eb_dec,cpu,15983.2,15983.4
2,604,h_s,dpu,15983.4,16122
2,604,gc,cpu,16122,16132.1
2,634,normalize,cpu,16132.6,16136.3
2,634,g_a_cpu,cpu,16136.3,16136.6
2,634,g_a,dpu,16136.6,16342.6
2,634,g_a,dpu,16342.6,16569.1
2,634,g_a_cpu,cpu,16569.1,16569.6
2,634,h_a,dpu,16569.6,16710.4
2,634,eb_enc,cpu,16710.4,16710.5
2,634,eb_dec,cpu,16710.5,16710.6
2,634,h_s,dpu,16710.6,16836.1
2,634,gc,cpu,16836.1,16846.3
2,661,normalize,cpu,16847,16851.2
2,661,g_a_cpu,cpu,16851.2,16851.7
2,661,g_a,dpu,16851.7,17122.7
2,661,g_a,dpu,17122.7,17159.5
2,661,g_a_cpu,cpu,17159.5,17159.9
2,661,h_a,dpu,17159.9,17398.3
2,661,eb_enc,cpu,17398.3,17398.4
2,661,eb_dec,cpu,17398.4,17398.5
2,661,h_s,dpu,17398.5,17579.6
2,661,gc,cpu,17579.6,17589.6
2,690,normalize,cpu,17590.1,17593.8
2,690,g_a_cpu,cpu,17593.8,17594.2
2,690,g_a,dpu,17594.2,17748
2,690,g_a,dpu,17748,17975.7
2,690,g_a_cpu,cpu,17975.7,17976.1
2,690,h_a,dpu,17976.1,18108.1
2,690,eb_enc,cpu,18108.1,18108.3
2,690,eb_dec,cpu,18108.3,18108.4
2,690,h_s,dpu,18108.4,18326.6
2,690,gc,cpu,18326.6,18336.6
2,719,normalize,cpu,18337.2,18340.8
2,719,g_a_cpu,cpu,18340.8,18341.1
2,719,g_a,dpu,18341.1,18504.7
2,719,g_a,dpu,18504.7,18729.7
2,719,g_a_cpu,cpu,18729.7,18730
2,719,h_a,dpu,18730,18944
2,719,eb_enc,cpu,18944,18944.1
2,719,eb_dec,cpu,18944.1,18944.2
2,719,h_s,dpu,18944.2,19111
2,719,gc,cpu,19111,19120.9
2,750,normalize,cpu,19121.3,19125
2,750,g_a_cpu,cpu,19125,19125.3
2,750,g_a,dpu,19125.3,19289
2,750,g_a,dpu,19289,19441.1
2,750,g_a_cpu,cpu,19441.1,19441.5
2,750,h_a,dpu,19441.5,19667.2
2,750,eb_enc,cpu,19667.2,19667.4
2,750,eb_dec,cpu,19667.4,19667.5
2,750,h_s,dpu,19667.5,19914.7
2,750,gc,cpu,19914.7,19924.4
2,780,normalize,cpu,19924.9,19928.6
2,780,g_a_cpu,cpu,19928.6,19929.1
2,780,g_a,dpu,19929.1,20049.4
2,780,g_a,dpu,20049.4,20086.2
2,780,g_a_cpu,cpu,20086.2,20086.6
2,780,h_a,dpu,20086.6,20396.4
2,780,eb_enc,cpu,20396.4,20396.6
2,780,eb_dec,cpu,20396.6,20396.7
2,780,h_s,dpu,20396.7,20634.4
2,780,gc,cpu,20634.4,20644.7
2,806,normalize,cpu,20645.3,20648.9
2,806,g_a_cpu,cpu,20648.9,20649.2
2,806,g_a,dpu,20649.2,20741.4
2,806,g_a,dpu,20741.4,20866
2,806,g_a_cpu,cpu,20866,20866.4
2,806,h_a,dpu,20866.4,21324.4
2,806,eb_enc,cpu,21324.4,21324.6
2,806,eb_dec,cpu,21324.6,21324.7
2,806,h_s,dpu,21324.7,21545.9
2,806,gc,cpu,21545.9,21556
2,842,normalize,cpu,21556.6,21560.2
2,842,g_a_cpu,cpu,21560.2,21560.6
2,842,g_a,dpu,21560.6,21659
2,842,g_a,dpu,21659,21774.5
2,842,g_a_cpu,cpu,21774.5,21774.8
2,842,h_a,dpu,21774.8,22016.8
2,842,eb_enc,cpu,22016.9,22017
2,842,eb_dec,cpu,22017,22017.1
2,842,h_s,dpu,22017.1,22266.4
2,842,gc,cpu,22266.4,22276.6
2,871,normalize,cpu,22277.3,22280.9
2,871,g_a_cpu,cpu,22280.9,22281.2
2,871,g_a,dpu,22281.2,22415.8
2,871,g_a,dpu,22415.8,22582.9
2,871,g_a_cpu,cpu,22582.9,22583.3
2,871,h_a,dpu,22583.3,22815.8
2,871,eb_enc,cpu,22815.8,22816
2,871,eb_dec,cpu,22816,22816.1
2,871,h_s,dpu,22816.1,23020.9
2,871,gc,cpu,23020.9,23031
2,900,normalize,cpu,23031.5,23035.1
2,900,g_a_cpu,cpu,23035.2,23035.5
2,900,g_a,dpu,23035.5,23105.8
2,900,g_a,dpu,23105.8,23142.7
2,900,g_a_cpu,cpu,23142.7,23143.1
2,900,h_a,dpu,23143.1,23428.1
2,900,eb_enc,cpu,23428.1,23428.2
2,900,eb_dec,cpu,23428.2,23428.3
2,900,h_s,dpu,23428.3,23706.5
2,900,gc,cpu,23706.5,23716.2
2,926,normalize,cpu,23716.6,23720.3
2,926,g_a_cpu,cpu,23720.3,23720.6
2,926,g_a,dpu,23720.6,23844.3
2,926,g_a,dpu,23844.3,23891.5
2,926,g_a_cpu,cpu,23891.5,23892
2,926,h_a,dpu,23892,24040.6
2,926,eb_enc,cpu,24040.6,24040.8
2,926,eb_dec,cpu,24040.8,24040.9
2,926,h_s,dpu,24040.9,24045.6
2,926,gc,cpu,24045.6,24055.4
3,14,normalize,cpu,85.7427,89.5132
3,14,g_a_cpu,cpu,89.6876,90.0384
3,14,g_a,dpu,90.0493,130.892
3,14,g_a,dpu,130.896,528.545
3,14,g_a_cpu,cpu,528.546,529.074
3,14,h_a,dpu,529.081,777.579
3,14,eb_enc,cpu,777.58,777.703
3,14,eb_dec,cpu,777.704,777.824
3,14,h_s,dpu,777.824,886.261
3,14,gc,cpu,886.265,971.527
3,35,normalize,cpu,972.122,976.027
3,35,g_a_cpu,cpu,976.032,976.399
3,35,g_a,dpu,976.402,1015.31
3,35,g_a,dpu,1015.31,1057.13
3,35,g_a_cpu,cpu,1057.13,1057.57
3,35,h_a,dpu,1057.57,1326.46
3,35,eb_enc,cpu,1326.46,1326.58
3,35,eb_dec,cpu,1326.58,1326.69
3,35,h_s,dpu,1326.69,1614.95
3,35,gc,cpu,1614.95,1626.46
3,65,normalize,cpu,1626.92,1630.57
3,65,g_a_cpu,cpu,1630.58,1630.87
3,65,g_a,dpu,1630.87,1794.08
3,65,g_a,dpu,1794.08,1946.4
3,65,g_a_cpu,cpu,1946.4,1946.9
3,65,h_a,dpu,1946.91,2227.01
3,65,eb_enc,cpu,2227.02,2227.14
3,65,eb_dec,cpu,2227.14,2227.25
3,65,h_s,dpu,2227.25,2573.03
3,65,gc,cpu,2573.04,2582.92
3,102,normalize,cpu,2583.41,2587.13
3,102,g_a_cpu,cpu,2587.14,2587.55
3,102,g_a,dpu,2587.55,2624.33
3,102,g_a,dpu,2624.35,2699.09
3,102,g_a_cpu,cpu,2699.09,2699.46
3,102,h_a,dpu,2699.46,2889.69
3,102,eb_enc,cpu,2889.7,2889.82
3,102,eb_dec,cpu,2889.82,2889.93
3,102,h_s,dpu,2889.93,3258.05
3,102,gc,cpu,3258.05,3267.95
3,132,normalize,cpu,3268.49,3272.13
3,132,g_a_cpu,cpu,3272.13,3272.45
3,132,g_a,dpu,3272.45,3462.03
3,132,g_a,dpu,3462.04,3625.09
3,132,g_a_cpu,cpu,3625.09,3625.5
3,132,h_a,dpu,3625.5,3979.15
3,132,eb_enc,cpu,3979.15,3979.27
3,132,eb_dec,cpu,3979.27,3979.4
3,132,h_s,dpu,3979.4,4209.89
3,132,gc,cpu,4209.9,4220.11
3,165,normalize,cpu,4220.9,4224.53
3,165,g_a_cpu,cpu,4224.53,4224.98
3,165,g_a,dpu,4224.98,4361.44
3,165,g_a,dpu,4361.45,4662.4
3,165,g_a_cpu,cpu,4662.41,4662.89
3,165,h_a,dpu,4662.9,4834.31
3,165,eb_enc,cpu,4834.31,4834.45
3,165,eb_dec,cpu,4834.45,4834.58
3,165,h_s,dpu,4834.58,4971.72
3,165,gc,cpu,4971.72,4981.75
3,197,normalize,cpu,4982.21,4985.88
3,197,g_a_cpu,cpu,4985.89,4986.22
3,197,g_a,dpu,4986.22,5265.94
3,197,g_a,dpu,5265.94,5302.32
3,197,g_a_cpu,cpu,5302.32,5302.8
3,197,h_a,dpu,5302.81,5444.52
3,197,eb_enc,cpu,5444.52,5444.65
3,197,eb_dec,cpu,5444.65,5444.77
3,197,h_s,dpu,5444.77,5681.76
3,197,gc,cpu,5681.76,5692.09
3,224,normalize,cpu,5692.65,5696.3
3,224,g_a_cpu,cpu,5696.3,5696.67
3,224,g_a,dpu,5696.67,5969.08
3,224,g_a,dpu,5969.08,6193.41
3,224,g_a_cpu,cpu,6193.41,6193.8
3,224,h_a,dpu,6193.81,6424.12
3,224,eb_enc,cpu,6424.12,6424.24
3,224,eb_dec,cpu,6424.24,6424.35
3,224,h_s,dpu,6424.35,6559.94
3,224,gc,cpu,6559.94,6569.84
3,257,normalize,cpu,6570.43,6574.65
3,257,g_a_cpu,cpu,6574.65,6574.93
3,257,g_a,dpu,6574.93,6611.3
3,257,g_a,dpu,6611.3,6873.52
3,257,g_a_cpu,cpu,6873.52,6873.99
3,257,h_a,dpu,6873.99,7057.53
3,257,eb_enc,cpu,7057.53,7057.67
3,257,eb_dec,cpu,7057.67,7057.79
3,257,h_s,dpu,7057.79,7242.8
3,257,gc,cpu,7242.81,7253.94
3,287,normalize,cpu,7254.39,7258.07
3,287,g_a_cpu,cpu,7258.07,7258.33
3,287,g_a,dpu,7258.33,7668.36
3,287,g_a,dpu,7668.36,7977.48
3,287,g_a_cpu,cpu,7977.48,7977.89
3,287,h_a,dpu,7977.89,8143.05
3,287,eb_enc,cpu,8143.05,8143.17
3,287,eb_dec,cpu,8143.17,8143.3
3,287,h_s,dpu,8143.3,8314.84
3,287,gc,cpu,8314.84,8324.97
3,329,normalize,cpu,8325.9,8329.61
3,329,g_a_cpu,cpu,8329.62,8329.95
3,329,g_a,dpu,8329.95,8556.07
3,329,g_a,dpu,8556.08,8788.84
3,329,g_a_cpu,cpu,8788.84,8789.26
3,329,h_a,dpu,8789.26,8976.7
3,329,eb_enc,cpu,8976.7,8976.96
3,329,eb_dec,cpu,8976.96,8977.1
3,329,h_s,dpu,8977.1,9162.92
3,329,gc,cpu,9162.92,9172.65
3,362,normalize,cpu,9173.22,9176.83
3,362,g_a_cpu,cpu,9176.83,9177.24
3,362,g_a,dpu,9177.24,9384.92
3,362,g_a,dpu,9384.93,9755.49
3,362,g_a_cpu,cpu,9755.49,9755.86
3,362,h_a,dpu,9755.86,9932.15
3,362,eb_enc,cpu,9932.15,9932.27
3,362,eb_dec,cpu,9932.27,9932.38
3,362,h_s,dpu,9932.38,10191.7
3,362,gc,cpu,10191.7,10201.5
3,401,normalize,cpu,10202,10207.1
3,401,g_a_cpu,cpu,10207.1,10207.5
3,401,g_a,dpu,10207.5,10404.3
3,401,g_a,dpu,10404.3,10626.1
3,401,g_a_cpu,cpu,10626.1,10626.5
3,401,h_a,dpu,10626.5,10868.2
3,401,eb_enc,cpu,10868.2,10868.3
3,401,eb_dec,cpu,10868.3,10868.4
3,401,h_s,dpu,10868.4,11055.9
3,401,gc,cpu,11055.9,11065.7
3,435,normalize,cpu,11066.2,11069.9
3,435,g_a_cpu,cpu,11069.9,11070.2
3,435,g_a,dpu,11070.2,11228.9
3,435,g_a,dpu,11228.9,11411.2
3,435,g_a_cpu,cpu,11411.2,11411.7
3,435,h_a,dpu,11411.7,11574.9
3,435,eb_enc,cpu,11574.9,11575
3,435,eb_dec,cpu,11575,11575.1
3,435,h_s,dpu,11575.1,11746.4
3,435,gc,cpu,11746.4,11757.7
3,464,normalize,cpu,11758.5,11762.2
3,464,g_a_cpu,cpu,11762.2,11762.7
3,464,g_a,dpu,11762.7,12025.9
3,464,g_a,dpu,12025.9,12290.3
3,464,g_a_cpu,cpu,12290.3,12290.7
3,464,h_a,dpu,12290.7,12401.5
3,464,eb_enc,cpu,12401.5,12401.6
3,464,eb_dec,cpu,12401.6,12401.7
3,464,h_s,dpu,12401.7,12593.2
3,464,gc,cpu,12593.2,12603.5
3,495,normalize,cpu,12604,12608.4
3,495,g_a_cpu,cpu,12608.4,12608.8
3,495,g_a,dpu,12608.8,12832.3
3,495,g_a,dpu,12832.3,12868.6
3,495,g_a_cpu,cpu,12868.6,12869.1
3,495,h_a,dpu,12869.1,13036.2
3,495,eb_enc,cpu,13036.2,13036.3
3,495,eb_dec,cpu,13036.3,13036.4
3,495,h_s,dpu,13036.4,13204.6
3,495,gc,cpu,13204.6,13218.6
3,519,normalize,cpu,13219.3,13223
3,519,g_a_cpu,cpu,13223,13223.3
3,519,g_a,dpu,13223.3,13473
3,519,g_a,dpu,13473,13731.8
3,519,g_a_cpu,cpu,13731.8,13732.1
3,519,h_a,dpu,13732.1,13824.2
3,519,eb_enc,cpu,13824.2,13824.4
3,519,eb_dec,cpu,13824.4,13824.5
3,519,h_s,dpu,13824.5,14045.8
3,519,gc,cpu,14045.8,14055.5
3,554,normalize,cpu,14056,14059.6
3,554,g_a_cpu,cpu,14059.6,14060
3,554,g_a,dpu,14060,14289.3
3,554,g_a,dpu,14289.3,14632.6
3,554,g_a_cpu,cpu,14632.6,14633.4
3,554,h_a,dpu,14633.4,14884.5
3,554,eb_enc,cpu,14884.5,14884.7
3,554,eb_dec,cpu,14884.7,14884.8
3,554,h_s,dpu,14884.8,15102.7
3,554,gc,cpu,15102.7,15113.8
3,589,normalize,cpu,15114.3,15118.7
3,589,g_a_cpu,cpu,15118.7,15119
3,589,g_a,dpu,15119.1,15308.7
3,589,g_a,dpu,15308.7,15804.7
3,589,g_a_cpu,cpu,15804.7,15805.2
3,589,h_a,dpu,15805.2,15906.2
3,589,eb_enc,cpu,15906.2,15906.4
3,589,eb_dec,cpu,15906.4,15906.5
3,589,h_s,dpu,15906.5,16066.3
3,589,gc,cpu,16066.3,16077.3
3,630,normalize,cpu,16077.8,16081.5
3,630,g_a_cpu,cpu,16081.5,16082.9
3,630,g_a,dpu,16082.9,16343.3
3,630,g_a,dpu,16343.3,16604.9
3,630,g_a_cpu,cpu,16604.9,16605.4
3,630,h_a,dpu,16605.4,16734.7
3,630,eb_enc,cpu,16734.7,16734.8
3,630,eb_dec,cpu,16734.8,16734.9
3,630,h_s,dpu,16734.9,16975
3,630,gc,cpu,16975,16985.1
3,668,normalize,cpu,16985.7,16989.4
3,668,g_a_cpu,cpu,16989.4,16989.7
3,668,g_a,dpu,16989.7,17166.5
3,668,g_a,dpu,17166.5,17202.9
3,668,g_a_cpu,cpu,17202.9,17203.3
3,668,h_a,dpu,17203.3,17395.2
3,668,eb_enc,cpu,17395.2,17395.4
3,668,eb_dec,cpu,17395.4,17395.5
3,668,h_s,dpu,17395.5,17600.7
3,668,gc,cpu,17600.7,17610.6
3,691,normalize,cpu,17611.2,17614.8
3,691,g_a_cpu,cpu,17614.8,17615.1
3,691,g_a,dpu,17615.1,17840
3,691,g_a,dpu,17840,18099.7
3,691,g_a_cpu,cpu,18099.7,18100.2
3,691,h_a,dpu,18100.2,18268.4
3,691,eb_enc,cpu,18268.4,18268.5
3,691,eb_dec,cpu,18268.5,18268.6
3,691,h_s,dpu,18268.6,18453.8
3,691,gc,cpu,18453.8,18463.7
3,727,normalize,cpu,18464.2,18467.8
3,727,g_a_cpu,cpu,18467.8,18468.2
3,727,g_a,dpu,18468.2,18701.9
3,727,g_a,dpu,18701.9,18959.2
3,727,g_a_cpu,cpu,18959.2,18959.6
3,727,h_a,dpu,18959.6,19091.9
3,727,eb_enc,cpu,19091.9,19092
3,727,eb_dec,cpu,19092,19092.2
3,727,h_s,dpu,19092.2,19287.5
3,727,gc,cpu,19287.5,19297.5
3,758,normalize,cpu,19298,19301.7
3,758,g_a_cpu,cpu,19301.7,19302
3,758,g_a,dpu,19302,19529.8
3,758,g_a,dpu,19529.9,19758.5
3,758,g_a_cpu,cpu,19758.5,19758.9
3,758,h_a,dpu,19758.9,19839.1
3,758,eb_enc,cpu,19839.1,19839.2
3,758,eb_dec,cpu,19839.2,19839.3
3,758,h_s,dpu,19839.3,20090.5
3,758,gc,cpu,20090.5,20100.2
3,791,normalize,cpu,20100.7,20104.4
3,791,g_a_cpu,cpu,20104.4,20104.7
3,791,g_a,dpu,20104.7,20331.9
3,791,g_a,dpu,20331.9,20630.8
3,791,g_a_cpu,cpu,20630.8,20631.4
3,791,h_a,dpu,20631.4,20699.9
3,791,eb_enc,cpu,20699.9,20700.1
3,791,eb_dec,cpu,20700.1,20700.2
3,791,h_s,dpu,20700.2,20817.8
3,791,gc,cpu,20817.8,20829.4
3,817,normalize,cpu,20830.6,20841.5
3,817,g_a_cpu,cpu,20841.5,20842.2
3,817,g_a,dpu,20842.2,21065.2
3,817,g_a,dpu,21065.2,21355.7
3,817,g_a_cpu,cpu,21355.7,21356.2
3,817,h_a,dpu,21356.2,21452.4
3,817,eb_enc,cpu,21452.4,21452.6
3,817,eb_dec,cpu,21452.6,21452.7
3,817,h_s,dpu,21452.7,21674.1
3,817,gc,cpu,21674.1,21684.2
3,850,normalize,cpu,21684.6,21688.3
3,850,g_a_cpu,cpu,21688.3,21688.5
3,850,g_a,dpu,21688.6,21933.2
3,850,g_a,dpu,21933.2,22188.9
3,850,g_a_cpu,cpu,22188.9,22189.4
3,850,h_a,dpu,22189.4,22333
3,850,eb_enc,cpu,22333,22333.2
3,850,eb_dec,cpu,22333.2,22333.3
3,850,h_s,dpu,22333.3,22558.4
3,850,gc,cpu,22558.4,22568.6
3,886,normalize,cpu,22569.2,22572.8
3,886,g_a_cpu,cpu,22572.8,22573.2
3,886,g_a,dpu,22573.2,22798.5
3,886,g_a,dpu,22798.5,23018
3,886,g_a_cpu,cpu,23018,23018.5
3,886,h_a,dpu,23018.5,23066.9
3,886,eb_enc,cpu,23066.9,23067
3,886,eb_dec,cpu,23067,23067.2
3,886,h_s,dpu,23067.2,23282.8
3,886,gc,cpu,23282.8,23295.8
3,915,normalize,cpu,23296.3,23300
3,915,g_a_cpu,cpu,23300,23300.4
3,915,g_a,dpu,23300.4,23594.8
3,915,g_a,dpu,23594.8,23858.1
3,915,g_a_cpu,cpu,23858.1,23858.7
3,915,h_a,dpu,23858.7,23894.3
3,915,eb_enc,cpu,23894.3,23894.4
3,915,eb_dec,cpu,23894.4,23894.5
3,915,h_s,dpu,23894.5,24041.7
3,915,gc,cpu,24041.7,24051.6
4,28,normalize,cpu,109.231,114.189
4,28,g_a_cpu,cpu,117.233,117.779
4,28,g_a,dpu,117.783,368.583
4,28,g_a,dpu,368.588,731.91
4,28,g_a_cpu,cpu,731.912,732.252
4,28,h_a,dpu,732.264,906.447
4,28,eb_enc,cpu,906.448,906.578
4,28,eb_dec,cpu,906.578,906.692
4,28,h_s,dpu,906.692,914.372
4,28,gc,cpu,914.377,1029.43
4,51,normalize,cpu,1032.04,1035.84
4,51,g_a_cpu,cpu,1035.84,1036.33
4,51,g_a,dpu,1036.33,1214.04
4,51,g_a,dpu,1214.05,1541.75
4,51,g_a_cpu,cpu,1541.75,1542.17
4,51,h_a,dpu,1542.17,1720.71
4,51,eb_enc,cpu,1720.71,1720.92
4,51,eb_dec,cpu,1720.92,1721.04
4,51,h_s,dpu,1721.04,1799.17
4,51,gc,cpu,1799.17,1810.16
4,74,normalize,cpu,1810.79,1814.45
4,74,g_a_cpu,cpu,1814.45,1814.77
4,74,g_a,dpu,1814.78,2127.65
4,74,g_a,dpu,2127.65,2460.83
4,74,g_a_cpu,cpu,2460.84,2461.27
4,74,h_a,dpu,2461.27,2511.15
4,74,eb_enc,cpu,2511.15,2511.33
4,74,eb_dec,cpu,2511.34,2511.47
4,74,h_s,dpu,2511.47,2623.28
4,74,gc,cpu,2623.28,2633.94
4,109,normalize,cpu,2634.46,2638.11
4,109,g_a_cpu,cpu,2638.12,2638.42
4,109,g_a,dpu,2638.42,2993.52
4,109,g_a,dpu,2993.54,3372.82
4,109,g_a_cpu,cpu,3372.82,3373.3
4,109,h_a,dpu,3373.3,3507.09
4,109,eb_enc,cpu,3507.09,3507.25
4,109,eb_dec,cpu,3507.25,3507.38
4,109,h_s,dpu,3507.38,3591.74
4,109,gc,cpu,3591.74,3602.16
4,147,normalize,cpu,3602.77,3606.54
4,147,g_a_cpu,cpu,3606.55,3606.99
4,147,g_a,dpu,3606.99,3905.92
4,147,g_a,dpu,3905.92,4164.98
4,147,g_a_cpu,cpu,4164.98,4165.52
4,147,h_a,dpu,4165.52,4278.25
4,147,eb_enc,cpu,4278.25,4278.4
4,147,eb_dec,cpu,4278.4,4278.51
4,147,h_s,dpu,4278.51,4345.09
4,147,gc,cpu,4345.09,4355.24
4,181,normalize,cpu,4355.73,4359.41
4,181,g_a_cpu,cpu,4359.41,4359.97
4,181,g_a,dpu,4359.97,4707.71
4,181,g_a,dpu,4707.71,4744.16
4,181,g_a_cpu,cpu,4744.16,4744.58
4,181,h_a,dpu,4744.58,4995.44
4,181,eb_enc,cpu,4995.44,4995.56
4,181,eb_dec,cpu,4995.56,4995.67
4,181,h_s,dpu,4995.67,5046.51
4,181,gc,cpu,5046.51,5056.63
4,203,normalize,cpu,5057.17,5060.78
4,203,g_a_cpu,cpu,5060.78,5061.12
4,203,g_a,dpu,5061.13,5308.11
4,203,g_a,dpu,5308.11,5344.5
4,203,g_a_cpu,cpu,5344.5,5344.97
4,203,h_a,dpu,5344.98,5565.84
4,203,eb_enc,cpu,5565.85,5565.98
4,203,eb_dec,cpu,5565.98,5566.09
4,203,h_s,dpu,5566.09,5750.59
4,203,gc,cpu,5750.59,5761.63
4,227,normalize,cpu,5762.3,5765.96
4,227,g_a_cpu,cpu,5765.97,5766.31
4,227,g_a,dpu,5766.31,5961.19
4,227,g_a,dpu,5961.19,6148.96
4,227,g_a_cpu,cpu,6148.96,6149.29
4,227,h_a,dpu,6149.29,6423.36
4,227,eb_enc,cpu,6423.36,6423.52
4,227,eb_dec,cpu,6423.52,6423.67
4,227,h_s,dpu,6423.67,6654.6
4,227,gc,cpu,6654.6,6665.26
4,263,normalize,cpu,6665.89,6670.69
4,263,g_a_cpu,cpu,6670.7,6671.04
4,263,g_a,dpu,6671.05,6757.08
4,263,g_a,dpu,6757.08,6939.44
4,263,g_a_cpu,cpu,6939.44,6939.89
4,263,h_a,dpu,6939.9,7139.28
4,263,eb_enc,cpu,7139.28,7139.44
4,263,eb_dec,cpu,7139.44,7139.56
4,263,h_s,dpu,7139.56,7363.52
4,263,gc,cpu,7363.52,7373.73
4,291,normalize,cpu,7374.31,7377.99
4,291,g_a_cpu,cpu,7377.99,7378.45
4,291,g_a,dpu,7378.45,7542.83
4,291,g_a,dpu,7542.83,7751.32
4,291,g_a_cpu,cpu,7751.32,7751.65
4,291,h_a,dpu,7751.66,7979.21
4,291,eb_enc,cpu,7979.21,7979.33
4,291,eb_dec,cpu,7979.33,7979.45
4,291,h_s,dpu,7979.45,8144.53
4,291,gc,cpu,8144.53,8154.27
4,322,normalize,cpu,8154.84,8158.47
4,322,g_a_cpu,cpu,8158.48,8158.81
4,322,g_a,dpu,8158.81,8352.7
4,322,g_a,dpu,8352.7,8597.81
4,322,g_a_cpu,cpu,8597.81,8598.16
4,322,h_a,dpu,8598.16,8838.59
4,322,eb_enc,cpu,8838.59,8838.77
4,322,eb_dec,cpu,8838.78,8838.9
4,322,h_s,dpu,8838.9,8978.37
4,322,gc,cpu,8978.37,8988.72
4,355,normalize,cpu,8990.18,8994.37
4,355,g_a_cpu,cpu,8994.37,8994.72
4,355,g_a,dpu,8994.72,9200.91
4,355,g_a,dpu,9200.92,9462.1
4,355,g_a_cpu,cpu,9462.1,9462.46
4,355,h_a,dpu,9462.46,9608.49
4,355,eb_enc,cpu,9608.49,9608.61
4,355,eb_dec,cpu,9608.61,9608.72
4,355,h_s,dpu,9608.72,9772.97
4,355,gc,cpu,9772.97,9782.88
4,388,normalize,cpu,9783.37,9787.02
4,388,g_a_cpu,cpu,9787.02,9787.53
4,388,g_a,dpu,9787.53,10078.3
4,388,g_a,dpu,10078.3,10339.3
4,388,g_a_cpu,cpu,10339.3,10339.7
4,388,h_a,dpu,10339.7,10514.5
4,388,eb_enc,cpu,10514.5,10514.6
4,388,eb_dec,cpu,10514.6,10514.7
4,388,h_s,dpu,10514.7,10641.6
4,388,gc,cpu,10641.6,10651.7
4,421,normalize,cpu,10652.2,10655.9
4,421,g_a_cpu,cpu,10655.9,10656.1
4,421,g_a,dpu,10656.2,10870.2
4,421,g_a,dpu,10870.2,11091.8
4,421,g_a_cpu,cpu,11091.8,11092.1
4,421,h_a,dpu,11092.1,11229.7
4,421,eb_enc,cpu,11229.7,11229.9
4,421,eb_dec,cpu,11229.9,11230
4,421,h_s,dpu,11230,11459.4
4,421,gc,cpu,11459.4,11469.3
4,453,normalize,cpu,11470.1,11473.7
4,453,g_a_cpu,cpu,11473.7,11474
4,453,g_a,dpu,11474,11731.6
4,453,g_a,dpu,11731.6,11948.4
4,453,g_a_cpu,cpu,11948.4,11948.8
4,453,h_a,dpu,11948.8,12180.4
4,453,eb_enc,cpu,12180.4,12180.5
4,453,eb_dec,cpu,12180.5,12180.7
4,453,h_s,dpu,12180.7,12319.5
4,453,gc,cpu,12319.5,12329.6
4,486,normalize,cpu,12330.1,12333.9
4,486,g_a_cpu,cpu,12333.9,12334.3
4,486,g_a,dpu,12334.3,12551.3
4,486,g_a,dpu,12551.3,12789.1
4,486,g_a_cpu,cpu,12789.1,12789.5
4,486,h_a,dpu,12789.5,13025.8
4,486,eb_enc,cpu,13025.8,13025.9
4,486,eb_dec,cpu,13025.9,13026
4,486,h_s,dpu,13026,13233.6
4,486,gc,cpu,13233.6,13244.2
4,521,normalize,cpu,13245.7,13249.5
4,521,g_a_cpu,cpu,13249.5,13250.7
4,521,g_a,dpu,13250.7,13475.1
4,521,g_a,dpu,13475.1,13697.9
4,521,g_a_cpu,cpu,13697.9,13698.3
4,521,h_a,dpu,13698.3,13885.9
4,521,eb_enc,cpu,13885.9,13886.1
4,521,eb_dec,cpu,13886.1,13886.2
4,521,h_s,dpu,13886.2,14099.8
4,521,gc,cpu,14099.8,14109.6
4,556,normalize,cpu,14119.8,14123.5
4,556,g_a_cpu,cpu,14123.5,14123.9
4,556,g_a,dpu,14123.9,14387.2
4,556,g_a,dpu,14387.2,14538
4,556,g_a_cpu,cpu,14538,14538.4
4,556,h_a,dpu,14538.4,14671.8
4,556,eb_enc,cpu,14671.8,14672
4,556,eb_dec,cpu,14672,14672.1
4,556,h_s,dpu,14672.1,15118.3
4,556,gc,cpu,15118.3,15128.3
4,591,normalize,cpu,15129.1,15132.7
4,591,g_a_cpu,cpu,15132.7,15133.1
4,591,g_a,dpu,15133.1,15308.8
4,591,g_a,dpu,15308.8,15569.9
4,591,g_a_cpu,cpu,15569.9,15570.3
4,591,h_a,dpu,15570.3,15813.9
4,591,eb_enc,cpu,15813.9,15814.1
4,591,eb_dec,cpu,15814.1,15814.2
4,591,h_s,dpu,15814.2,15907.5
4,591,gc,cpu,15907.5,15917.3
4,623,normalize,cpu,15917.8,15921.4
4,623,g_a_cpu,cpu,15921.4,15921.7
4,623,g_a,dpu,15921.7,16102.2
4,623,g_a,dpu,16102.2,16336.9
4,623,g_a_cpu,cpu,16336.9,16337.4
4,623,h_a,dpu,16337.4,16566.6
4,623,eb_enc,cpu,16566.6,16566.8
4,623,eb_dec,cpu,16566.8,16566.9
4,623,h_s,dpu,16566.9,16696
4,623,gc,cpu,16696,16706.3
4,653,normalize,cpu,16707.8,16711.5
4,653,g_a_cpu,cpu,16711.5,16711.9
4,653,g_a,dpu,16711.9,16748.6
4,653,g_a,dpu,16748.6,17016.9
4,653,g_a_cpu,cpu,17016.9,17017.4
4,653,h_a,dpu,17017.4,17803
4,653,eb_enc,cpu,17803,17803.1
4,653,eb_dec,cpu,17803.1,17803.2
4,653,h_s,dpu,17803.2,17982.1
4,653,gc,cpu,17982.1,17993.7
4,704,normalize,cpu,17994.2,17997.8
4,704,g_a_cpu,cpu,17997.8,17998.2
4,704,g_a,dpu,17998.2,18181.9
4,704,g_a,dpu,18181.9,18373.2
4,704,g_a_cpu,cpu,18373.2,18373.6
4,704,h_a,dpu,18373.6,18519.5
4,704,eb_enc,cpu,18519.5,18519.6
4,704,eb_dec,cpu,18519.6,18519.7
4,704,h_s,dpu,18519.7,18734.5
4,704,gc,cpu,18734.5,18744.6
4,736,normalize,cpu,18745,18748.7
4,736,g_a_cpu,cpu,18748.7,18749
4,736,g_a,dpu,18749,19017.3
4,736,g_a,dpu,19017.3,19214.8
4,736,g_a_cpu,cpu,19214.8,19215.2
4,736,h_a,dpu,19215.2,19420.4
4,736,eb_enc,cpu,19420.4,19420.5
4,736,eb_dec,cpu,19420.5,19420.7
4,736,h_s,dpu,19420.7,19594.3
4,736,gc,cpu,19594.3,19604.4
4,768,normalize,cpu,19605.1,19608.7
4,768,g_a_cpu,cpu,19608.7,19609.1
4,768,g_a,dpu,19609.1,19815.2
4,768,g_a,dpu,19815.2,20089.5
4,768,g_a_cpu,cpu,20089.5,20089.9
4,768,h_a,dpu,20089.9,20295.6
4,768,eb_enc,cpu,20295.6,20295.7
4,768,eb_dec,cpu,20295.7,20295.9
4,768,h_s,dpu,20295.9,20466.7
4,768,gc,cpu,20466.7,20476.5
4,802,normalize,cpu,20477,20480.6
4,802,g_a_cpu,cpu,20480.6,20481.1
4,802,g_a,dpu,20481.1,20664.9
4,802,g_a,dpu,20664.9,20813.6
4,802,g_a_cpu,cpu,20813.6,20813.9
4,802,h_a,dpu,20813.9,20990
4,802,eb_enc,cpu,20990,20990.1
4,802,eb_dec,cpu,20990.1,20990.2
4,802,h_s,dpu,20990.2,21107.4
4,802,gc,cpu,21107.4,21117.7
4,832,normalize,cpu,21118.2,21121.8
4,832,g_a_cpu,cpu,21121.8,21122.1
4,832,g_a,dpu,21122.1,21433
4,832,g_a,dpu,21433,21469.7
4,832,g_a_cpu,cpu,21469.7,21470
4,832,h_a,dpu,21470.1,21696.4
4,832,eb_enc,cpu,21696.4,21696.5
4,832,eb_dec,cpu,21696.6,21696.7
4,832,h_s,dpu,21696.7,21816
4,832,gc,cpu,21816,21826.5
4,857,normalize,cpu,21827,21830.7
4,857,g_a_cpu,cpu,21830.7,21831.1
4,857,g_a,dpu,21831.1,22098.4
4,857,g_a,dpu,22098.4,22322.6
4,857,g_a_cpu,cpu,22322.6,22323.1
4,857,h_a,dpu,22323.1,22488.6
4,857,eb_enc,cpu,22488.6,22488.7
4,857,eb_dec,cpu,22488.7,22488.8
4,857,h_s,dpu,22488.8,22660.3
4,857,gc,cpu,22660.3,22670.1
4,889,normalize,cpu,22670.6,22674.3
4,889,g_a_cpu,cpu,22674.3,22674.6
4,889,g_a,dpu,22674.6,22964.3
4,889,g_a,dpu,22964.3,23157.1
4,889,g_a_cpu,cpu,23157.1,23157.5
4,889,h_a,dpu,23157.5,23370.7
4,889,eb_enc,cpu,23370.7,23370.8
4,889,eb_dec,cpu,23370.8,23370.9
4,889,h_s,dpu,23370.9,23564.5
4,889,gc,cpu,23564.5,23574.6
4,922,normalize,cpu,23575.2,23578.8
4,922,g_a_cpu,cpu,23578.8,23579.3
4,922,g_a,dpu,23579.3,23807.7
4,922,g_a,dpu,23807.7,23965
4,922,g_a_cpu,cpu,23965,23965.3
4,922,h_a,dpu,23965.3,24026.8
4,922,eb_enc,cpu,24026.8,24026.9
4,922,eb_dec,cpu,24026.9,24027
4,922,h_s,dpu,24027,24029.9
4,922,gc,cpu,24029.9,24040.3
5,0,normalize,cpu,66.0683,74.4446
5,0,g_a_cpu,cpu,74.5654,74.9056
5,0,g_a,dpu,74.9339,114.507
5,0,g_a,dpu,114.513,262.787
5,0,g_a_cpu,cpu,262.788,263.204
5,0,h_a,dpu,263.211,658.948
5,0,eb_enc,cpu,658.949,659.068
5,0,eb_dec,cpu,659.069,659.181
5,0,h_s,dpu,659.181,903.518
5,0,gc,cpu,903.523,1053.28
5,59,normalize,cpu,1054.18,1059.46
5,59,g_a_cpu,cpu,1059.46,1059.83
5,59,g_a,dpu,1059.83,1363.2
5,59,g_a,dpu,1363.2,1697.46
5,59,g_a_cpu,cpu,1697.46,1697.94
5,59,h_a,dpu,1697.94,1771.11
5,59,eb_enc,cpu,1771.11,1771.25
5,59,eb_dec,cpu,1771.25,1771.36
5,59,h_s,dpu,1771.36,1874.24
5,59,gc,cpu,1874.24,1891.92
5,88,normalize,cpu,1892.57,1896.22
5,88,g_a_cpu,cpu,1896.22,1896.47
5,88,g_a,dpu,1896.48,2224.88
5,88,g_a,dpu,2224.88,2451.56
5,88,g_a_cpu,cpu,2451.56,2451.89
5,88,h_a,dpu,2451.89,2669.03
5,88,eb_enc,cpu,2669.04,2669.17
5,88,eb_dec,cpu,2669.17,2669.29
5,88,h_s,dpu,2669.29,2738.1
5,88,gc,cpu,2738.1,2747.95
5,116,normalize,cpu,2749.09,2756.84
5,116,g_a_cpu,cpu,2756.84,2757.61
5,116,g_a,dpu,2757.62,3040.27
5,116,g_a,dpu,3040.28,3156.47
5,116,g_a_cpu,cpu,3156.47,3156.84
5,116,h_a,dpu,3156.87,3450.51
5,116,eb_enc,cpu,3450.51,3450.65
5,116,eb_dec,cpu,3450.65,3450.76
5,116,h_s,dpu,3450.76,3588.66
5,116,gc,cpu,3588.66,3606.05
5,149,normalize,cpu,3606.77,3610.46
5,149,g_a_cpu,cpu,3610.47,3610.73
5,149,g_a,dpu,3610.73,3785.72
5,149,g_a,dpu,3785.72,3822.56
5,149,g_a_cpu,cpu,3822.57,3822.93
5,149,h_a,dpu,3822.93,4090.01
5,149,eb_enc,cpu,4090.01,4090.14
5,149,eb_dec,cpu,4090.14,4090.25
5,149,h_s,dpu,4090.26,4269.13
5,149,gc,cpu,4269.13,4280.96
5,173,normalize,cpu,4287.81,4291.5
5,173,g_a_cpu,cpu,4291.51,4291.87
5,173,g_a,dpu,4291.87,4422.42
5,173,g_a,dpu,4422.42,4641.58
5,173,g_a_cpu,cpu,4641.58,4641.94
5,173,h_a,dpu,4641.94,4857.76
5,173,eb_enc,cpu,4857.76,4857.91
5,173,eb_dec,cpu,4857.91,4858.02
5,173,h_s,dpu,4858.02,5079.35
5,173,gc,cpu,5079.35,5090.48
5,204,normalize,cpu,5090.99,5094.73
5,204,g_a_cpu,cpu,5094.74,5095.07
5,204,g_a,dpu,5095.07,5245.48
5,204,g_a,dpu,5245.49,5282.27
5,204,g_a_cpu,cpu,5282.27,5282.65
5,204,h_a,dpu,5282.66,5496.25
5,204,eb_enc,cpu,5496.25,5496.38
5,204,eb_dec,cpu,5496.38,5496.49
5,204,h_s,dpu,5496.49,5758.9
5,204,gc,cpu,5758.9,5768.8
5,228,normalize,cpu,5769.29,5772.94
5,228,g_a_cpu,cpu,5772.94,5773.2
5,228,g_a,dpu,5773.2,5956.1
5,228,g_a,dpu,5956.1,6154.49
5,228,g_a_cpu,cpu,6154.49,6154.86
5,228,h_a,dpu,6154.86,6335.52
5,228,eb_enc,cpu,6335.52,6335.66
5,228,eb_dec,cpu,6335.66,6335.77
5,228,h_s,dpu,6335.77,6573.79
5,228,gc,cpu,6573.79,6583.88
5,258,normalize,cpu,6584.39,6588.04
5,258,g_a_cpu,cpu,6588.04,6588.4
5,258,g_a,dpu,6588.4,6748.95
5,258,g_a,dpu,6748.95,6935.08
5,258,g_a_cpu,cpu,6935.08,6935.43
5,258,h_a,dpu,6935.44,7123.21
5,258,eb_enc,cpu,7123.21,7123.34
5,258,eb_dec,cpu,7123.34,7123.46
5,258,h_s,dpu,7123.46,7325.51
5,258,gc,cpu,7325.51,7335.49
5,288,normalize,cpu,7336.03,7339.68
5,288,g_a_cpu,cpu,7339.68,7340.1
5,288,g_a,dpu,7340.11,7529.26
5,288,g_a,dpu,7529.26,7754.87
5,288,g_a_cpu,cpu,7754.87,7755.3
5,288,h_a,dpu,7755.3,7937.93
5,288,eb_enc,cpu,7937.93,7938.06
5,288,eb_dec,cpu,7938.06,7938.17
5,288,h_s,dpu,7938.17,8130.47
5,288,gc,cpu,8130.47,8140.45
5,321,normalize,cpu,8141.17,8144.9
5,321,g_a_cpu,cpu,8144.9,8145.31
5,321,g_a,dpu,8145.31,8345.43
5,321,g_a,dpu,8345.43,8539.94
5,321,g_a_cpu,cpu,8539.94,8540.36
5,321,h_a,dpu,8540.37,8745.57
5,321,eb_enc,cpu,8745.57,8745.71
5,321,eb_dec,cpu,8745.71,8745.82
5,321,h_s,dpu,8745.82,8952.57
5,321,gc,cpu,8952.57,8962.51
5,352,normalize,cpu,8963.08,8966.75
5,352,g_a_cpu,cpu,8966.75,8967.02
5,352,g_a,dpu,8967.02,9137.25
5,352,g_a,dpu,9137.25,9290.14
5,352,g_a_cpu,cpu,9290.14,9290.57
5,352,h_a,dpu,9290.57,9546.76
5,352,eb_enc,cpu,9546.76,9546.92
5,352,eb_dec,cpu,9546.92,9547.04
5,352,h_s,dpu,9547.04,9719.64
5,352,gc,cpu,9719.64,9729.24
5,383,normalize,cpu,9729.69,9733.48
5,383,g_a_cpu,cpu,9733.48,9733.93
5,383,g_a,dpu,9733.93,9929.8
5,383,g_a,dpu,9929.8,10089.5
5,383,g_a_cpu,cpu,10089.5,10089.9
5,383,h_a,dpu,10090,10341.5
5,383,eb_enc,cpu,10341.5,10341.7
5,383,eb_dec,cpu,10341.7,10341.8
5,383,h_s,dpu,10341.8,10515.6
5,383,gc,cpu,10515.6,10525.5
5,413,normalize,cpu,10526,10530.6
5,413,g_a_cpu,cpu,10530.6,10531.1
5,413,g_a,dpu,10531.1,10718.2
5,413,g_a,dpu,10718.2,10754.9
5,413,g_a_cpu,cpu,10754.9,10755.3
5,413,h_a,dpu,10755.3,10908.3
5,413,eb_enc,cpu,10908.3,10908.4
5,413,eb_dec,cpu,10908.4,10908.5
5,413,h_s,dpu,10908.5,11112.1
5,413,gc,cpu,11112.1,11121.8
5,439,normalize,cpu,11122.3,11126
5,439,g_a_cpu,cpu,11126,11126.4
5,439,g_a,dpu,11126.4,11333.5
5,439,g_a,dpu,11333.5,11370.5
5,439,g_a_cpu,cpu,11370.5,11370.9
5,439,h_a,dpu,11370.9,11543.1
5,439,eb_enc,cpu,11543.1,11543.3
5,439,eb_dec,cpu,11543.3,11543.4
5,439,h_s,dpu,11543.4,11757.1
5,439,gc,cpu,11757.1,11768.1
5,465,normalize,cpu,11768.8,11772.5
5,465,g_a_cpu,cpu,11772.5,11773
5,465,g_a,dpu,11773,11937.5
5,465,g_a,dpu,11937.5,12126.2
5,465,g_a_cpu,cpu,12126.2,12126.5
5,465,h_a,dpu,12126.5,12363.4
5,465,eb_enc,cpu,12363.4,12363.5
5,465,eb_dec,cpu,12363.5,12363.6
5,465,h_s,dpu,12363.6,12594.1
5,465,gc,cpu,12594.1,12604.4
5,496,normalize,cpu,12605,12608.6
5,496,g_a_cpu,cpu,12608.7,12609
5,496,g_a,dpu,12609,12649.1
5,496,g_a,dpu,12649.1,12769.8
5,496,g_a_cpu,cpu,12769.9,12770.4
5,496,h_a,dpu,12770.4,12984.4
5,496,eb_enc,cpu,12984.4,12984.6
5,496,eb_dec,cpu,12984.6,12984.7
5,496,h_s,dpu,12984.7,13209.5
5,496,gc,cpu,13209.5,13219.6
5,520,normalize,cpu,13220.1,13223.7
5,520,g_a_cpu,cpu,13223.7,13224
5,520,g_a,dpu,13224,13387.3
5,520,g_a,dpu,13387.3,13544.8
5,520,g_a_cpu,cpu,13544.8,13545.2
5,520,h_a,dpu,13545.2,13778.8
5,520,eb_enc,cpu,13778.8,13778.9
5,520,eb_dec,cpu,13779,13779.1
5,520,h_s,dpu,13779.1,13961.4
5,520,gc,cpu,13961.4,13971.1
5,551,normalize,cpu,13971.6,13975.2
5,551,g_a_cpu,cpu,13975.2,13975.6
5,551,g_a,dpu,13975.6,14247.5
5,551,g_a,dpu,14247.5,14438.4
5,551,g_a_cpu,cpu,14438.4,14438.8
5,551,h_a,dpu,14438.8,14616.7
5,551,eb_enc,cpu,14616.7,14616.9
5,551,eb_dec,cpu,14616.9,14617
5,551,h_s,dpu,14617,14746.5
5,551,gc,cpu,14746.5,14756.2
5,583,normalize,cpu,14756.7,14760.3
5,583,g_a_cpu,cpu,14760.3,14760.6
5,583,g_a,dpu,14760.6,15111.9
5,583,g_a,dpu,15111.9,15210.8
5,583,g_a_cpu,cpu,15210.8,15211.1
5,583,h_a,dpu,15211.1,15423
5,583,eb_enc,cpu,15423,15423.1
5,583,eb_dec,cpu,15423.1,15423.2
5,583,h_s,dpu,15423.2,15687.7
5,583,gc,cpu,15687.7,15697.3
5,614,normalize,cpu,15697.8,15701.5
5,614,g_a_cpu,cpu,15701.5,15701.8
5,614,g_a,dpu,15701.8,15863.4
5,614,g_a,dpu,15863.4,16021.3
5,614,g_a_cpu,cpu,16021.3,16021.7
5,614,h_a,dpu,16021.7,16024.1
5,614,eb_enc,cpu,16024.1,16024.3
5,614,eb_dec,cpu,16024.3,16024.4
5,614,h_s,dpu,16024.4,16198.7
5,614,gc,cpu,16198.7,16209.5
5,640,normalize,cpu,16210.4,16214.3
5,640,g_a_cpu,cpu,16214.3,16214.8
5,640,g_a,dpu,16214.9,16454.2
5,640,g_a,dpu,16454.2,16772.3
5,640,g_a_cpu,cpu,16772.3,16772.6
5,640,h_a,dpu,16772.6,17054
5,640,eb_enc,cpu,17054,17054.1
5,640,eb_dec,cpu,17054.1,17054.3
5,640,h_s,dpu,17054.3,17203.7
5,640,gc,cpu,17203.7,17213.5
5,674,normalize,cpu,17213.9,17217.5
5,674,g_a_cpu,cpu,17217.5,17217.8
5,674,g_a,dpu,17217.8,17433
5,674,g_a,dpu,17433,17557.9
5,674,g_a_cpu,cpu,17557.9,17558.3
5,674,h_a,dpu,17558.3,17758.1
5,674,eb_enc,cpu,17758.1,17758.3
5,674,eb_dec,cpu,17758.3,17758.4
5,674,h_s,dpu,17758.4,17987.2
5,674,gc,cpu,17987.2,17997.2
5,705,normalize,cpu,17997.7,18001.4
5,705,g_a_cpu,cpu,18001.4,18001.6
5,705,g_a,dpu,18001.6,18177.6
5,705,g_a,dpu,18177.6,18214.6
5,705,g_a_cpu,cpu,18214.6,18215
5,705,h_a,dpu,18215,18375.5
5,705,eb_enc,cpu,18375.5,18375.6
5,705,eb_dec,cpu,18375.6,18375.8
5,705,h_s,dpu,18375.8,18520.3
5,705,gc,cpu,18520.3,18531.9
5,730,normalize,cpu,18532.4,18536.1
5,730,g_a_cpu,cpu,18536.1,18536.4
5,730,g_a,dpu,18536.4,18773.5
5,730,g_a,dpu,18773.5,18967.2
5,730,g_a_cpu,cpu,18967.2,18967.6
5,730,h_a,dpu,18967.6,19138.7
5,730,eb_enc,cpu,19138.7,19138.8
5,730,eb_dec,cpu,19138.8,19138.9
5,730,h_s,dpu,19138.9,19345.5
5,730,gc,cpu,19345.5,19355.1
5,761,normalize,cpu,19355.6,19359.3
5,761,g_a_cpu,cpu,19359.3,19359.6
5,761,g_a,dpu,19359.6,19552.2
5,761,g_a,dpu,19552.2,19588.9
5,761,g_a_cpu,cpu,19588.9,19589.3
5,761,h_a,dpu,19589.3,19778
5,761,eb_enc,cpu,19778,19778.1
5,761,eb_dec,cpu,19778.2,19778.3
5,761,h_s,dpu,19778.3,19958.8
5,761,gc,cpu,19958.8,19970.9
5,784,normalize,cpu,19971.5,19975.2
5,784,g_a_cpu,cpu,19975.2,19975.6
5,784,g_a,dpu,19975.6,20012.6
5,784,g_a,dpu,20012.6,20158.9
5,784,g_a_cpu,cpu,20158.9,20159.3
5,784,h_a,dpu,20159.3,20397.8
5,784,eb_enc,cpu,20397.8,20397.9
5,784,eb_dec,cpu,20397.9,20398.1
5,784,h_s,dpu,20398.1,20635.2
5,784,gc,cpu,20635.2,20645.8
5,807,normalize,cpu,20646.3,20649.9
5,807,g_a_cpu,cpu,20649.9,20650.2
5,807,g_a,dpu,20650.2,20778.1
5,807,g_a,dpu,20778.1,20909.2
5,807,g_a_cpu,cpu,20909.2,20909.6
5,807,h_a,dpu,20909.6,21160.8
5,807,eb_enc,cpu,21160.8,21161
5,807,eb_dec,cpu,21161,21161.1
5,807,h_s,dpu,21161.1,21395
5,807,gc,cpu,21395,21405.7
5,837,normalize,cpu,21406.3,21410
5,837,g_a_cpu,cpu,21410,21410.3
5,837,g_a,dpu,21410.3,21530.6
5,837,g_a,dpu,21530.6,21576.6
5,837,g_a_cpu,cpu,21576.6,21577
5,837,h_a,dpu,21577,21831.2
5,837,eb_enc,cpu,21831.2,21831.4
5,837,eb_dec,cpu,21831.4,21831.5
5,837,h_s,dpu,21831.5,22045.3
5,837,gc,cpu,22045.3,22055
5,866,normalize,cpu,22055.4,22059
5,866,g_a_cpu,cpu,22059,22059.3
5,866,g_a,dpu,22059.3,22289.5
5,866,g_a,dpu,22289.5,22622.1
5,866,g_a_cpu,cpu,22622.1,22622.5
5,866,h_a,dpu,22622.5,22854.5
5,866,eb_enc,cpu,22854.5,22854.6
5,866,eb_dec,cpu,22854.6,22854.8
5,866,h_s,dpu,22854.8,23095.5
5,866,gc,cpu,23095.5,23105.4
5,904,normalize,cpu,23106,23109.6
5,904,g_a_cpu,cpu,23109.6,23109.9
5,904,g_a,dpu,23109.9,23226.1
5,904,g_a,dpu,23226.1,23376.2
5,904,g_a_cpu,cpu,23376.2,23376.6
5,904,h_a,dpu,23376.6,23616.3
5,904,eb_enc,cpu,23616.3,23616.4
5,904,eb_dec,cpu,23616.4,23616.5
5,904,h_s,dpu,23616.5,23860
5,904,gc,cpu,23860,23870.3
6,27,normalize,cpu,109.027,112.654
6,27,g_a_cpu,cpu,112.744,113.191
6,27,g_a,dpu,113.204,492.689
6,27,g_a,dpu,492.692,853.871
6,27,g_a_cpu,cpu,853.872,854.362
6,27,h_a,dpu,854.371,857.049
6,27,eb_enc,cpu,857.05,857.173
6,27,eb_dec,cpu,857.174,857.286
6,27,h_s,dpu,857.286,953.333
6,27,gc,cpu,953.337,1028.51
6,50,normalize,cpu,1029.06,1041.72
6,50,g_a_cpu,cpu,1041.73,1042.26
6,50,g_a,dpu,1042.27,1389.41
6,50,g_a,dpu,1389.41,1680.66
6,50,g_a_cpu,cpu,1680.66,1681.25
6,50,h_a,dpu,1681.25,1791.11
6,50,eb_enc,cpu,1791.11,1791.24
6,50,eb_dec,cpu,1791.24,1791.36
6,50,h_s,dpu,1791.36,1902.02
6,50,gc,cpu,1902.02,1912.02
6,89,normalize,cpu,1912.5,1916.2
6,89,g_a_cpu,cpu,1916.2,1916.57
6,89,g_a,dpu,1916.58,2200.1
6,89,g_a,dpu,2200.1,2456.81
6,89,g_a_cpu,cpu,2456.81,2457.3
6,89,h_a,dpu,2457.3,2595.81
6,89,eb_enc,cpu,2595.81,2595.95
6,89,eb_dec,cpu,2595.95,2596.06
6,89,h_s,dpu,2596.06,2795.94
6,89,gc,cpu,2795.94,2806.25
6,120,normalize,cpu,2806.84,2810.55
6,120,g_a_cpu,cpu,2810.56,2810.95
6,120,g_a,dpu,2810.95,3004.08
6,120,g_a,dpu,3004.08,3040.43
6,120,g_a_cpu,cpu,3040.43,3040.97
6,120,h_a,dpu,3040.97,3158.65
6,120,eb_enc,cpu,3158.66,3158.79
6,120,eb_dec,cpu,3158.79,3158.9
6,120,h_s,dpu,3158.91,3451.47
6,120,gc,cpu,3451.47,3461.35
6,137,normalize,cpu,3461.99,3465.76
6,137,g_a_cpu,cpu,3465.76,3466.1
6,137,g_a,dpu,3466.1,3661.14
6,137,g_a,dpu,3661.14,3880.69
6,137,g_a_cpu,cpu,3880.69,3881.13
6,137,h_a,dpu,3881.13,3985.83
6,137,eb_enc,cpu,3985.83,3985.97
6,137,eb_dec,cpu,3985.97,3986.07
6,137,h_s,dpu,3986.07,4220.42
6,137,gc,cpu,4220.42,4231.37
6,168,normalize,cpu,4231.89,4235.54
6,168,g_a_cpu,cpu,4235.55,4235.91
6,168,g_a,dpu,4235.91,4469.73
6,168,g_a,dpu,4469.73,4506.02
6,168,g_a_cpu,cpu,4506.02,4506.48
6,168,h_a,dpu,4506.48,4719.72
6,168,eb_enc,cpu,4719.72,4719.85
6,168,eb_dec,cpu,4719.85,4719.96
6,168,h_s,dpu,4719.96,4933.97
6,168,gc,cpu,4933.97,4943.81
6,194,normalize,cpu,4944.27,4947.94
6,194,g_a_cpu,cpu,4947.95,4948.24
6,194,g_a,dpu,4948.25,5192.89
6,194,g_a,dpu,5192.89,5413.41
6,194,g_a_cpu,cpu,5413.41,5413.74
6,194,h_a,dpu,5413.75,5597.09
6,194,eb_enc,cpu,5597.09,5597.23
6,194,eb_dec,cpu,5597.23,5597.34
6,194,h_s,dpu,5597.34,5799.99
6,194,gc,cpu,5799.99,5810.09
6,230,normalize,cpu,5810.62,5814.3
6,230,g_a_cpu,cpu,5814.3,5814.67
6,230,g_a,dpu,5814.68,6081.53
6,230,g_a,dpu,6081.53,6348.91
6,230,g_a_cpu,cpu,6348.91,6349.25
6,230,h_a,dpu,6349.25,6712.24
6,230,eb_enc,cpu,6712.24,6712.53
6,230,eb_dec,cpu,6712.53,6712.67
6,230,h_s,dpu,6712.67,6795.35
6,230,gc,cpu,6795.35,6805.96
6,272,normalize,cpu,6815.51,6819.21
6,272,g_a_cpu,cpu,6819.21,6819.47
6,272,g_a,dpu,6819.47,7102.32
6,272,g_a,dpu,7102.32,7323.8
6,272,g_a_cpu,cpu,7323.8,7324.33
6,272,h_a,dpu,7324.33,7491.31
6,272,eb_enc,cpu,7491.31,7491.45
6,272,eb_dec,cpu,7491.45,7491.56
6,272,h_s,dpu,7491.56,7634.6
6,272,gc,cpu,7634.61,7644.54
6,305,normalize,cpu,7645.09,7648.7
6,305,g_a_cpu,cpu,7648.7,7649.04
6,305,g_a,dpu,7649.05,7941.55
6,305,g_a,dpu,7941.55,8166.28
6,305,g_a_cpu,cpu,8166.28,8166.6
6,305,h_a,dpu,8166.6,8347.52
6,305,eb_enc,cpu,8347.52,8347.65
6,305,eb_dec,cpu,8347.65,8347.76
6,305,h_s,dpu,8347.76,8557.58
6,305,gc,cpu,8557.58,8567.23
6,339,normalize,cpu,8567.75,8571.42
6,339,g_a_cpu,cpu,8571.42,8571.71
6,339,g_a,dpu,8571.71,8837.2
6,339,g_a,dpu,8837.2,9067.17
6,339,g_a_cpu,cpu,9067.17,9067.55
6,339,h_a,dpu,9067.56,9215.94
6,339,eb_enc,cpu,9215.94,9216.08
6,339,eb_dec,cpu,9216.08,9216.19
6,339,h_s,dpu,9216.19,9464.91
6,339,gc,cpu,9464.91,9474.65
6,373,normalize,cpu,9475.14,9478.87
6,373,g_a_cpu,cpu,9478.87,9479.22
6,373,g_a,dpu,9479.22,9645.52
6,373,g_a,dpu,9645.52,9876.92
6,373,g_a_cpu,cpu,9876.92,9877.29
6,373,h_a,dpu,9877.29,10044.8
6,373,eb_enc,cpu,10044.8,10045
6,373,eb_dec,cpu,10045,10045.1
6,373,h_s,dpu,10045.1,10231.1
6,373,gc,cpu,10231.1,10241.1
6,403,normalize,cpu,10241.7,10245.4
6,403,g_a_cpu,cpu,10245.4,10245.7
6,403,g_a,dpu,10245.7,10477.7
6,403,g_a,dpu,10477.7,10698
6,403,g_a_cpu,cpu,10698,10698.5
6,403,h_a,dpu,10698.5,10870.4
6,403,eb_enc,cpu,10870.4,10870.6
6,403,eb_dec,cpu,10870.6,10870.7
6,403,h_s,dpu,10870.7,11093.5
6,403,gc,cpu,11093.5,11103.3
6,437,normalize,cpu,11103.7,11107.4
6,437,g_a_cpu,cpu,11107.4,11107.7
6,437,g_a,dpu,11107.7,11265.7
6,437,g_a,dpu,11265.7,11302
6,437,g_a_cpu,cpu,11302,11302.4
6,437,h_a,dpu,11302.4,11498.9
6,437,eb_enc,cpu,11498.9,11499.1
6,437,eb_dec,cpu,11499.1,11499.2
6,437,h_s,dpu,11499.2,11734.2
6,437,gc,cpu,11734.2,11744.3
6,462,normalize,cpu,11745,11748.6
6,462,g_a_cpu,cpu,11748.6,11749.2
6,462,g_a,dpu,11749.2,11990
6,462,g_a,dpu,11990,12253.2
6,462,g_a_cpu,cpu,12253.2,12253.8
6,462,h_a,dpu,12253.8,12362.3
6,462,eb_enc,cpu,12362.3,12362.4
6,462,eb_dec,cpu,12362.4,12362.5
6,462,h_s,dpu,12362.5,12590.5
6,462,gc,cpu,12590.5,12600.8
6,494,normalize,cpu,12601.5,12605.3
6,494,g_a_cpu,cpu,12605.3,12605.8
6,494,g_a,dpu,12605.8,13098
6,494,g_a,dpu,13098,13324.7
6,494,g_a_cpu,cpu,13324.7,13325.3
6,494,h_a,dpu,13325.3,13504.5
6,494,eb_enc,cpu,13504.5,13504.7
6,494,eb_dec,cpu,13504.7,13504.8
6,494,h_s,dpu,13504.8,13701
6,494,gc,cpu,13701,13711.3
6,538,normalize,cpu,13711.9,13715.5
6,538,g_a_cpu,cpu,13715.5,13715.9
6,538,g_a,dpu,13715.9,13923.8
6,538,g_a,dpu,13923.8,14105.7
6,538,g_a_cpu,cpu,14105.7,14106.1
6,538,h_a,dpu,14106.1,14322.9
6,538,eb_enc,cpu,14322.9,14323.1
6,538,eb_dec,cpu,14323.1,14323.2
6,538,h_s,dpu,14323.2,14500.5
6,538,gc,cpu,14500.5,14510.2
6,567,normalize,cpu,14510.7,14514.3
6,567,g_a_cpu,cpu,14514.3,14514.7
6,567,g_a,dpu,14514.7,14670.8
6,567,g_a,dpu,14670.8,15109
6,567,g_a_cpu,cpu,15109,15109.4
6,567,h_a,dpu,15109.4,15173
6,567,eb_enc,cpu,15173,15173.1
6,567,eb_dec,cpu,15173.1,15173.2
6,567,h_s,dpu,15173.2,15386
6,567,gc,cpu,15386,15396
6,609,normalize,cpu,15396.7,15400.4
6,609,g_a_cpu,cpu,15400.4,15400.9
6,609,g_a,dpu,15400.9,15687
6,609,g_a,dpu,15687,15923.8
6,609,g_a_cpu,cpu,15923.8,15924.3
6,609,h_a,dpu,15924.3,16062.7
6,609,eb_enc,cpu,16062.7,16062.8
6,609,eb_dec,cpu,16062.8,16062.9
6,609,h_s,dpu,16062.9,16218.6
6,609,gc,cpu,16218.6,16228.8
6,642,normalize,cpu,16229.8,16233.4
6,642,g_a_cpu,cpu,16233.4,16234
6,642,g_a,dpu,16234,16492.6
6,642,g_a,dpu,16492.6,16754.4
6,642,g_a_cpu,cpu,16754.4,16754.9
6,642,h_a,dpu,16755,16889.2
6,642,eb_enc,cpu,16889.2,16889.3
6,642,eb_dec,cpu,16889.3,16889.4
6,642,h_s,dpu,16889.4,17131.9
6,642,gc,cpu,17131.9,17141.9
6,672,normalize,cpu,17142.4,17146
6,672,g_a_cpu,cpu,17146,17146.3
6,672,g_a,dpu,17146.3,17353.1
6,672,g_a,dpu,17353.1,17389.6
6,672,g_a_cpu,cpu,17389.6,17390.1
6,672,h_a,dpu,17390.1,17519.1
6,672,eb_enc,cpu,17519.1,17519.3
6,672,eb_dec,cpu,17519.3,17519.4
6,672,h_s,dpu,17519.4,17646.3
6,672,gc,cpu,17646.3,17656.3
6,695,normalize,cpu,17657.2,17660.8
6,695,g_a_cpu,cpu,17660.8,17661.4
6,695,g_a,dpu,17661.4,17949.4
6,695,g_a,dpu,17949.4,17985.8
6,695,g_a_cpu,cpu,17985.9,17986.7
6,695,h_a,dpu,17986.7,18141.2
6,695,eb_enc,cpu,18141.2,18141.4
6,695,eb_dec,cpu,18141.4,18141.5
6,695,h_s,dpu,18141.5,18297.1
6,695,gc,cpu,18297.1,18307.8
6,717,normalize,cpu,18308.4,18312
6,717,g_a_cpu,cpu,18312.1,18312.4
6,717,g_a,dpu,18312.4,18481
6,717,g_a,dpu,18481,18737.9
6,717,g_a_cpu,cpu,18737.9,18738.5
6,717,h_a,dpu,18738.5,18929.2
6,717,eb_enc,cpu,18929.2,18929.3
6,717,eb_dec,cpu,18929.3,18929.5
6,717,h_s,dpu,18929.5,19101.6
6,717,gc,cpu,19101.6,19113.1
6,749,normalize,cpu,19113.5,19117.2
6,749,g_a_cpu,cpu,19117.2,19117.6
6,749,g_a,dpu,19117.6,19344.3
6,749,g_a,dpu,19344.3,19601.7
6,749,g_a_cpu,cpu,19601.7,19602.4
6,749,h_a,dpu,19602.4,19716.3
6,749,eb_enc,cpu,19716.3,19716.4
6,749,eb_dec,cpu,19716.4,19716.5
6,749,h_s,dpu,19716.5,19933.9
6,749,gc,cpu,19933.9,19944
6,782,normalize,cpu,19944.6,19948.2
6,782,g_a_cpu,cpu,19948.2,19948.5
6,782,g_a,dpu,19948.5,20185
6,782,g_a,dpu,20185,20671.1
6,782,g_a_cpu,cpu,20671.1,20671.5
6,782,h_a,dpu,20671.5,20780.5
6,782,eb_enc,cpu,20780.5,20780.6
6,782,eb_dec,cpu,20780.6,20780.7
6,782,h_s,dpu,20780.7,20965.9
6,782,gc,cpu,20965.9,20975.7
6,824,normalize,cpu,20976.2,20979.9
6,824,g_a_cpu,cpu,20979.9,20980.3
6,824,g_a,dpu,20980.3,21211.3
6,824,g_a,dpu,21211.3,21502.7
6,824,g_a_cpu,cpu,21502.7,21503
6,824,h_a,dpu,21503,21532.7
6,824,eb_enc,cpu,21532.7,21532.8
6,824,eb_dec,cpu,21532.8,21533
6,824,h_s,dpu,21533,21756.3
6,824,gc,cpu,21756.3,21766.4
6,855,normalize,cpu,21766.8,21770.5
6,855,g_a_cpu,cpu,21770.5,21770.8
6,855,g_a,dpu,21770.8,21969.8
6,855,g_a,dpu,21969.8,22226.1
6,855,g_a_cpu,cpu,22226.1,22226.4
6,855,h_a,dpu,22226.4,22339.2
6,855,eb_enc,cpu,22339.2,22339.3
6,855,eb_dec,cpu,22339.3,22339.4
6,855,h_s,dpu,22339.4,22559.3
6,855,gc,cpu,22559.3,22569.6
6,887,normalize,cpu,22570,22573.8
6,887,g_a_cpu,cpu,22573.8,22574.6
6,887,g_a,dpu,22574.6,22834.9
6,887,g_a,dpu,22834.9,23093.1
6,887,g_a_cpu,cpu,23093.2,23093.5
6,887,h_a,dpu,23093.5,23144.9
6,887,eb_enc,cpu,23144.9,23145.1
6,887,eb_dec,cpu,23145.1,23145.2
6,887,h_s,dpu,23145.2,23429.3
6,887,gc,cpu,23429.3,23439
6,920,normalize,cpu,23439.5,23443.2
6,920,g_a_cpu,cpu,23443.2,23443.5
6,920,g_a,dpu,23443.5,23744.8
6,920,g_a,dpu,23744.8,23938.9
6,920,g_a_cpu,cpu,23938.9,23939.4
6,920,h_a,dpu,23939.4,23942.4
6,920,eb_enc,cpu,23942.4,23942.6
6,920,eb_dec,cpu,23942.6,23942.7
6,920,h_s,dpu,23942.7,24081.9
6,920,gc,cpu,24081.9,24091.7
7,3,normalize,cpu,69.6072,73.3912
7,3,g_a_cpu,cpu,75.682,76.2029
7,3,g_a,dpu,76.2086,115.276
7,3,g_a,dpu,115.282,695.273
7,3,g_a_cpu,cpu,695.274,695.624
7,3,h_a,dpu,695.628,904.903
7,3,eb_enc,cpu,904.905,905.042
7,3,eb_dec,cpu,905.043,905.163
7,3,h_s,dpu,905.163,910.582
7,3,gc,cpu,910.586,1066.12
7,62,normalize,cpu,1066.69,1071.6
7,62,g_a_cpu,cpu,1071.6,1072.01
7,62,g_a,dpu,1072.02,1396.25
7,62,g_a,dpu,1396.25,1687.77
7,62,g_a_cpu,cpu,1687.77,1688.21
7,62,h_a,dpu,1688.21,1831.81
7,62,eb_enc,cpu,1831.81,1831.94
7,62,eb_dec,cpu,1831.94,1832.05
7,62,h_s,dpu,1832.05,2188.56
7,62,gc,cpu,2188.56,2198.31
7,94,normalize,cpu,2198.83,2203.13
7,94,g_a_cpu,cpu,2203.13,2203.41
7,94,g_a,dpu,2203.41,2572.14
7,94,g_a,dpu,2572.14,3104.52
7,94,g_a_cpu,cpu,3104.52,3104.95
7,94,h_a,dpu,3104.95,3238.55
7,94,eb_enc,cpu,3238.55,3238.71
7,94,eb_dec,cpu,3238.71,3238.85
7,94,h_s,dpu,3238.85,3241.84
7,94,gc,cpu,3241.84,3252.07
7,131,normalize,cpu,3255.56,3259.39
7,131,g_a_cpu,cpu,3259.39,3259.7
7,131,g_a,dpu,3259.7,3609.24
7,131,g_a,dpu,3609.24,3943.54
7,131,g_a_cpu,cpu,3943.54,3944
7,131,h_a,dpu,3944,4152.78
7,131,eb_enc,cpu,4152.79,4152.95
7,131,eb_dec,cpu,4152.95,4153.07
7,131,h_s,dpu,4153.07,4253.91
7,131,gc,cpu,4253.91,4266.64
7,170,normalize,cpu,4267.68,4279.34
7,170,g_a_cpu,cpu,4279.35,4279.85
7,170,g_a,dpu,4279.86,4816.92
7,170,g_a,dpu,4816.92,4969.91
7,170,g_a_cpu,cpu,4969.92,4970.33
7,170,h_a,dpu,4970.33,5194.09
7,170,eb_enc,cpu,5194.09,5194.3
7,170,eb_dec,cpu,5194.3,5194.42
7,170,h_s,dpu,5194.42,5404.77
7,170,gc,cpu,5404.77,5414.54
7,218,normalize,cpu,5424.13,5427.79
7,218,g_a_cpu,cpu,5427.79,5428.08
7,218,g_a,dpu,5428.08,5679.06
7,218,g_a,dpu,5679.06,5842.06
7,218,g_a_cpu,cpu,5842.06,5842.5
7,218,h_a,dpu,5842.5,5844.98
7,218,eb_enc,cpu,5844.98,5845.13
7,218,eb_dec,cpu,5845.13,5845.24
7,218,h_s,dpu,5845.24,5960.64
7,218,gc,cpu,5960.64,5971.13
7,240,normalize,cpu,5971.62,5975.28
7,240,g_a_cpu,cpu,5975.28,5975.55
7,240,g_a,dpu,5975.55,6221.68
7,240,g_a,dpu,6221.68,6558.98
7,240,g_a_cpu,cpu,6558.98,6559.4
7,240,h_a,dpu,6559.41,6800.62
7,240,eb_enc,cpu,6800.62,6800.78
7,240,eb_dec,cpu,6800.78,6800.92
7,240,h_s,dpu,6800.92,6978.22
7,240,gc,cpu,6978.22,6987.87
7,278,normalize,cpu,6988.32,6992
7,278,g_a_cpu,cpu,6992.01,6992.3
7,278,g_a,dpu,6992.3,7165
7,278,g_a,dpu,7165,7201.57
7,278,g_a_cpu,cpu,7201.57,7201.91
7,278,h_a,dpu,7201.92,7406.9
7,278,eb_enc,cpu,7406.9,7407.04
7,278,eb_dec,cpu,7407.04,7407.15
7,278,h_s,dpu,7407.15,7567.48
7,278,gc,cpu,7567.49,7577.94
7,301,normalize,cpu,7578.43,7582.21
7,301,g_a_cpu,cpu,7582.22,7582.52
7,301,g_a,dpu,7582.53,7788.37
7,301,g_a,dpu,7788.37,7974.33
7,301,g_a_cpu,cpu,7974.34,7974.77
7,301,h_a,dpu,7974.77,8203.84
7,301,eb_enc,cpu,8203.84,8203.97
7,301,eb_dec,cpu,8203.97,8204.09
7,301,h_s,dpu,8204.09,8348.55
7,301,gc,cpu,8348.55,8358.49
7,331,normalize,cpu,8358.98,8362.67
7,331,g_a_cpu,cpu,8362.67,8362.97
7,331,g_a,dpu,8362.97,8634.81
7,331,g_a,dpu,8634.81,8857.14
7,331,g_a_cpu,cpu,8857.14,8857.51
7,331,h_a,dpu,8857.51,9068.84
7,331,eb_enc,cpu,9068.84,9069.02
7,331,eb_dec,cpu,9069.02,9069.13
7,331,h_s,dpu,9069.13,9217.02
7,331,gc,cpu,9217.03,9226.74
7,363,normalize,cpu,9227.24,9230.89
7,363,g_a_cpu,cpu,9230.9,9231.21
7,363,g_a,dpu,9231.21,9508.97
7,363,g_a,dpu,9508.97,9732.53
7,363,g_a_cpu,cpu,9732.53,9732.96
7,363,h_a,dpu,9732.97,9915.27
7,363,eb_enc,cpu,9915.27,9915.41
7,363,eb_dec,cpu,9915.41,9915.53
7,363,h_s,dpu,9915.53,10050
7,363,gc,cpu,10050,10060.1
7,396,normalize,cpu,10060.8,10064.6
7,396,g_a_cpu,cpu,10064.6,10064.8
7,396,g_a,dpu,10064.9,10303.2
7,396,g_a,dpu,10303.2,10526.8
7,396,g_a_cpu,cpu,10526.8,10527.1
7,396,h_a,dpu,10527.1,10699.8
7,396,eb_enc,cpu,10699.8,10699.9
7,396,eb_dec,cpu,10699.9,10700
7,396,h_s,dpu,10700,10872.5
7,396,gc,cpu,10872.5,10882.3
7,428,normalize,cpu,10882.8,10886.5
7,428,g_a_cpu,cpu,10886.5,10887
7,428,g_a,dpu,10887,11165.8
7,428,g_a,dpu,11165.8,11392.9
7,428,g_a_cpu,cpu,11392.9,11393.2
7,428,h_a,dpu,11393.2,11635.5
7,428,eb_enc,cpu,11635.5,11635.6
7,428,eb_dec,cpu,11635.6,11635.8
7,428,h_s,dpu,11635.8,11732.8
7,428,gc,cpu,11732.8,11743.4
7,461,normalize,cpu,11743.9,11751.6
7,461,g_a_cpu,cpu,11751.6,11752.3
7,461,g_a,dpu,11752.3,12057.1
7,461,g_a,dpu,12057.1,12325.9
7,461,g_a_cpu,cpu,12325.9,12326.4
7,461,h_a,dpu,12326.4,12757.9
7,461,eb_enc,cpu,12758,12758.1
7,461,eb_dec,cpu,12758.1,12758.2
7,461,h_s,dpu,12758.2,12882.3
7,461,gc,cpu,12882.3,12892.1
7,506,normalize,cpu,12892.6,12896.2
7,506,g_a_cpu,cpu,12896.2,12896.6
7,506,g_a,dpu,12896.6,13093.2
7,506,g_a,dpu,13093.2,13129.6
7,506,g_a_cpu,cpu,13129.6,13130.1
7,506,h_a,dpu,13130.1,13325.6
7,506,eb_enc,cpu,13325.6,13325.7
7,506,eb_dec,cpu,13325.7,13325.8
7,506,h_s,dpu,13325.8,13505.9
7,506,gc,cpu,13505.9,13516.7
7,531,normalize,cpu,13517.2,13520.8
7,531,g_a_cpu,cpu,13520.9,13521.2
7,531,g_a,dpu,13521.2,13777.8
7,531,g_a,dpu,13777.8,14265.6
7,531,g_a_cpu,cpu,14265.6,14266
7,531,h_a,dpu,14266,14405.9
7,531,eb_enc,cpu,14405.9,14406.1
7,531,eb_dec,cpu,14406.1,14406.2
7,531,h_s,dpu,14406.2,14536.2
7,531,gc,cpu,14536.2,14546.5
7,572,normalize,cpu,14547,14550.7
7,572,g_a_cpu,cpu,14550.7,14551.2
7,572,g_a,dpu,14551.2,14803.6
7,572,g_a,dpu,14803.7,15026
7,572,g_a_cpu,cpu,15026,15026.4
7,572,h_a,dpu,15026.5,15192
7,572,eb_enc,cpu,15192,15192.1
7,572,eb_dec,cpu,15192.1,15192.2
7,572,h_s,dpu,15192.2,15404.2
7,572,gc,cpu,15404.2,15414
7,610,normalize,cpu,15414.6,15418.4
7,610,g_a_cpu,cpu,15418.4,15418.7
7,610,g_a,dpu,15418.7,15643.9
7,610,g_a,dpu,15643.9,15904.9
7,610,g_a_cpu,cpu,15904.9,15905.3
7,610,h_a,dpu,15905.3,16073.5
7,610,eb_enc,cpu,16073.5,16073.6
7,610,eb_dec,cpu,16073.6,16073.8
7,610,h_s,dpu,16073.8,16190.2
7,610,gc,cpu,16190.2,16202.3
7,638,normalize,cpu,16203.2,16206.9
7,638,g_a_cpu,cpu,16206.9,16207.4
7,638,g_a,dpu,16207.4,16596
7,638,g_a,dpu,16596,16821
7,638,g_a_cpu,cpu,16821,16821.5
7,638,h_a,dpu,16821.5,16909.4
7,638,eb_enc,cpu,16909.4,16909.6
7,638,eb_dec,cpu,16909.6,16909.7
7,638,h_s,dpu,16909.7,17353
7,638,gc,cpu,17353,17364.1
7,680,normalize,cpu,17364.7,17368.4
7,680,g_a_cpu,cpu,17368.4,17368.7
7,680,g_a,dpu,17368.7,17598.8
7,680,g_a,dpu,17598.8,17830.1
7,680,g_a_cpu,cpu,17830.1,17830.5
7,680,h_a,dpu,17830.5,18061.9
7,680,eb_enc,cpu,18061.9,18062.1
7,680,eb_dec,cpu,18062.1,18062.2
7,680,h_s,dpu,18062.2,18223.9
7,680,gc,cpu,18224,18234.5
7,715,normalize,cpu,18235.2,18238.9
7,715,g_a_cpu,cpu,18238.9,18239.2
7,715,g_a,dpu,18239.2,18452.8
7,715,g_a,dpu,18452.8,18679.2
7,715,g_a_cpu,cpu,18679.2,18679.6
7,715,h_a,dpu,18679.6,18922.4
7,715,eb_enc,cpu,18922.4,18922.6
7,715,eb_dec,cpu,18922.6,18922.7
7,715,h_s,dpu,18922.7,19050.3
7,715,gc,cpu,19050.3,19060.3
7,744,normalize,cpu,19061,19064.8
7,744,g_a_cpu,cpu,19064.8,19065.3
7,744,g_a,dpu,19065.3,19286.7
7,744,g_a,dpu,19286.7,19589.8
7,744,g_a_cpu,cpu,19589.8,19590.3
7,744,h_a,dpu,19590.3,19796.2
7,744,eb_enc,cpu,19796.2,19796.3
7,744,eb_dec,cpu,19796.3,19796.4
7,744,h_s,dpu,19796.4,19840.1
7,744,gc,cpu,19840.1,19849.9
7,776,normalize,cpu,19850.5,19854.9
7,776,g_a_cpu,cpu,19854.9,19855.2
7,776,g_a,dpu,19855.2,20165
7,776,g_a,dpu,20165,20436.9
7,776,g_a_cpu,cpu,20436.9,20437.2
7,776,h_a,dpu,20437.2,20672.8
7,776,eb_enc,cpu,20672.8,20673
7,776,eb_dec,cpu,20673,20673.1
7,776,h_s,dpu,20673.1,20781.9
7,776,gc,cpu,20781.9,20792
7,814,normalize,cpu,20792.5,20796.2
7,814,g_a_cpu,cpu,20796.2,20796.5
7,814,g_a,dpu,20796.5,21013.1
7,814,g_a,dpu,21013.1,21322
7,814,g_a_cpu,cpu,21322,21322.4
7,814,h_a,dpu,21322.4,21543.9
7,814,eb_enc,cpu,21543.9,21544.1
7,814,eb_dec,cpu,21544.1,21544.2
7,814,h_s,dpu,21544.2,21586.2
7,814,gc,cpu,21586.2,21596.2
7,845,normalize,cpu,21596.6,21600.4
7,845,g_a_cpu,cpu,21600.4,21600.6
7,845,g_a,dpu,21600.6,21904.4
7,845,g_a,dpu,21904.4,21940.9
7,845,g_a_cpu,cpu,21940.9,21941.5
7,845,h_a,dpu,21941.5,22190
7,845,eb_enc,cpu,22190,22190.2
7,845,eb_dec,cpu,22190.2,22190.3
7,845,h_s,dpu,22190.3,22334.1
7,845,gc,cpu,22334.1,22343.9
7,873,normalize,cpu,22344.4,22348.1
7,873,g_a_cpu,cpu,22348.1,22348.4
7,873,g_a,dpu,22348.4,22595.2
7,873,g_a,dpu,22595.2,22852.7
7,873,g_a_cpu,cpu,22852.7,22853.1
7,873,h_a,dpu,22853.1,23094.7
7,873,eb_enc,cpu,23094.7,23094.9
7,873,eb_dec,cpu,23094.9,23095
7,873,h_s,dpu,23095,23146.4
7,873,gc,cpu,23146.4,23156.1
7,906,normalize,cpu,23156.6,23160.3
7,906,g_a_cpu,cpu,23160.3,23160.7
7,906,g_a,dpu,23160.7,23468.9
7,906,g_a,dpu,23468.9,23698.1
7,906,g_a_cpu,cpu,23698.1,23698.6
7,906,h_a,dpu,23698.6,23901.9
7,906,eb_enc,cpu,23901.9,23902.1
7,906,eb_dec,cpu,23902.1,23902.2
7,906,h_s,dpu,23902.2,23903.7
7,906,gc,cpu,23903.7,23913.9
8,1,normalize,cpu,66.0685,95.6898
8,1,g_a_cpu,cpu,118.369,118.876
8,1,g_a,dpu,118.884,371.871
8,1,g_a,dpu,371.874,701.961
8,1,g_a_cpu,cpu,701.962,702.326
8,1,h_a,dpu,702.33,884.358
8,1,eb_enc,cpu,884.358,884.484
8,1,eb_dec,cpu,884.485,884.602
8,1,h_s,dpu,884.603,921.139
8,1,gc,cpu,921.144,1022.27
8,48,normalize,cpu,1022.85,1027.94
8,48,g_a_cpu,cpu,1027.94,1029.92
8,48,g_a,dpu,1029.93,1178.8
8,48,g_a,dpu,1178.8,1508.89
8,48,g_a_cpu,cpu,1508.89,1509.31
8,48,h_a,dpu,1509.31,1691.25
8,48,eb_enc,cpu,1691.25,1691.38
8,48,eb_dec,cpu,1691.38,1691.49
8,48,h_s,dpu,1691.5,1837.82
8,48,gc,cpu,1837.82,1876.08
8,82,normalize,cpu,1876.69,1880.48
8,82,g_a_cpu,cpu,1880.48,1880.89
8,82,g_a,dpu,1880.9,2078.11
8,82,g_a,dpu,2078.11,2339.32
8,82,g_a_cpu,cpu,2339.32,2339.86
8,82,h_a,dpu,2339.86,2812.37
8,82,eb_enc,cpu,2812.37,2812.51
8,82,eb_dec,cpu,2812.52,2812.64
8,82,h_s,dpu,2812.64,3222.75
8,82,gc,cpu,3222.76,3233.24
8,126,normalize,cpu,3233.77,3237.43
8,126,g_a_cpu,cpu,3237.44,3238.23
8,126,g_a,dpu,3238.24,3278.56
8,126,g_a,dpu,3278.57,3315.63
8,126,g_a_cpu,cpu,3315.63,3316.06
8,126,h_a,dpu,3316.06,3907.15
8,126,eb_enc,cpu,3907.15,3907.28
8,126,eb_dec,cpu,3907.28,3907.4
8,126,h_s,dpu,3907.4,4113.47
8,126,gc,cpu,4113.47,4123.38
8,161,normalize,cpu,4123.86,4127.6
8,161,g_a_cpu,cpu,4127.61,4128.17
8,161,g_a,dpu,4128.18,4297.08
8,161,g_a,dpu,4297.09,4531.59
8,161,g_a_cpu,cpu,4531.59,4531.95
8,161,h_a,dpu,4531.95,4817.87
8,161,eb_enc,cpu,4817.87,4818.01
8,161,eb_dec,cpu,4818.01,4818.12
8,161,h_s,dpu,4818.12,5033.99
8,161,gc,cpu,5033.99,5044.33
8,199,normalize,cpu,5045.8,5049.61
8,199,g_a_cpu,cpu,5049.62,5049.98
8,199,g_a,dpu,5049.98,5089.1
8,199,g_a,dpu,5089.11,5207
8,199,g_a_cpu,cpu,5207,5207.44
8,199,h_a,dpu,5207.44,5458.84
8,199,eb_enc,cpu,5458.85,5458.96
8,199,eb_dec,cpu,5458.97,5459.08
8,199,h_s,dpu,5459.08,5713.49
8,199,gc,cpu,5713.49,5723.5
8,226,normalize,cpu,5724.2,5727.85
8,226,g_a_cpu,cpu,5727.86,5728.15
8,226,g_a,dpu,5728.15,5881.19
8,226,g_a,dpu,5881.2,5918.43
8,226,g_a_cpu,cpu,5918.44,5918.87
8,226,h_a,dpu,5918.88,6075.56
8,226,eb_enc,cpu,6075.56,6075.71
8,226,eb_dec,cpu,6075.71,6075.83
8,226,h_s,dpu,6075.83,6308.61
8,226,gc,cpu,6308.61,6318.39
8,251,normalize,cpu,6318.84,6322.55
8,251,g_a_cpu,cpu,6322.55,6322.85
8,251,g_a,dpu,6322.85,6575.58
8,251,g_a,dpu,6575.58,6612.65
8,251,g_a_cpu,cpu,6612.65,6613.09
8,251,h_a,dpu,6613.09,6711.34
8,251,eb_enc,cpu,6711.34,6711.5
8,251,eb_dec,cpu,6711.51,6711.63
8,251,h_s,dpu,6711.63,6951.45
8,251,gc,cpu,6951.45,6961.65
8,276,normalize,cpu,6962.22,6965.86
8,276,g_a_cpu,cpu,6965.87,6966.2
8,276,g_a,dpu,6966.2,7209.85
8,276,g_a,dpu,7209.85,7401.79
8,276,g_a_cpu,cpu,7401.79,7402.16
8,276,h_a,dpu,7402.16,7580.91
8,276,eb_enc,cpu,7580.91,7581.04
8,276,eb_dec,cpu,7581.04,7581.17
8,276,h_s,dpu,7581.17,7790.36
8,276,gc,cpu,7790.36,7800.34
8,308,normalize,cpu,7800.89,7804.51
8,308,g_a_cpu,cpu,7804.51,7804.88
8,308,g_a,dpu,7804.88,7993.44
8,308,g_a,dpu,7993.44,8181.01
8,308,g_a_cpu,cpu,8181.01,8181.39
8,308,h_a,dpu,8181.39,8394.64
8,308,eb_enc,cpu,8394.65,8394.78
8,308,eb_dec,cpu,8394.78,8394.89
8,308,h_s,dpu,8394.89,8594.43
8,308,gc,cpu,8594.43,8604.42
8,341,normalize,cpu,8604.92,8608.55
8,341,g_a_cpu,cpu,8608.55,8608.87
8,341,g_a,dpu,8608.87,8785.04
8,341,g_a,dpu,8785.04,8822.23
8,341,g_a_cpu,cpu,8822.23,8822.65
8,341,h_a,dpu,8822.66,9050.28
8,341,eb_enc,cpu,9050.28,9050.4
8,341,eb_dec,cpu,9050.4,9050.51
8,341,h_s,dpu,9050.51,9259.35
8,341,gc,cpu,9259.35,9269.1
8,366,normalize,cpu,9269.82,9273.51
8,366,g_a_cpu,cpu,9273.52,9273.83
8,366,g_a,dpu,9273.84,9440.41
8,366,g_a,dpu,9440.41,9600.5
8,366,g_a_cpu,cpu,9600.5,9600.89
8,366,h_a,dpu,9600.89,9817.8
8,366,eb_enc,cpu,9817.8,9817.94
8,366,eb_dec,cpu,9817.94,9818.06
8,366,h_s,dpu,9818.06,10025.7
8,366,gc,cpu,10025.7,10035.6
8,394,normalize,cpu,10036.2,10039.9
8,394,g_a_cpu,cpu,10039.9,10040.2
8,394,g_a,dpu,10040.2,10240.1
8,394,g_a,dpu,10240.1,10402.6
8,394,g_a_cpu,cpu,10402.6,10403
8,394,h_a,dpu,10403,10759.6
8,394,eb_enc,cpu,10759.6,10759.8
8,394,eb_dec,cpu,10759.8,10759.9
8,394,h_s,dpu,10759.9,10959.4
8,394,gc,cpu,10959.5,10969.7
8,432,normalize,cpu,10970.2,10973.9
8,432,g_a_cpu,cpu,10973.9,10974.2
8,432,g_a,dpu,10974.2,11144.9
8,432,g_a,dpu,11144.9,11572.5
8,432,g_a_cpu,cpu,11572.5,11573
8,432,h_a,dpu,11573,11735.2
8,432,eb_enc,cpu,11735.2,11735.4
8,432,eb_dec,cpu,11735.4,11735.5
8,432,h_s,dpu,11735.5,12141.7
8,432,gc,cpu,12141.7,12151.8
8,479,normalize,cpu,12152.3,12155.9
8,479,g_a_cpu,cpu,12155.9,12156.2
8,479,g_a,dpu,12156.2,12398.9
8,479,g_a,dpu,12398.9,12517.4
8,479,g_a_cpu,cpu,12517.4,12517.8
8,479,h_a,dpu,12517.8,12742
8,479,eb_enc,cpu,12742,12742.2
8,479,eb_dec,cpu,12742.2,12742.3
8,479,h_s,dpu,12742.3,12952.2
8,479,gc,cpu,12952.2,12962.3
8,511,normalize,cpu,12962.8,12966.6
8,511,g_a_cpu,cpu,12966.6,12966.9
8,511,g_a,dpu,12966.9,13230.5
8,511,g_a,dpu,13230.5,13423.8
8,511,g_a_cpu,cpu,13423.8,13424.3
8,511,h_a,dpu,13424.3,13550.4
8,511,eb_enc,cpu,13550.4,13550.6
8,511,eb_dec,cpu,13550.6,13550.7
8,511,h_s,dpu,13550.7,13735.3
8,511,gc,cpu,13735.3,13746.9
8,540,normalize,cpu,13748,13751.7
8,540,g_a_cpu,cpu,13751.7,13752
8,540,g_a,dpu,13752,13900.6
8,540,g_a,dpu,13900.6,14136.3
8,540,g_a_cpu,cpu,14136.3,14136.6
8,540,h_a,dpu,14136.6,14388.3
8,540,eb_enc,cpu,14388.3,14388.4
8,540,eb_dec,cpu,14388.4,14388.5
8,540,h_s,dpu,14388.5,14521.8
8,540,gc,cpu,14521.8,14532.4
8,569,normalize,cpu,14533.2,14536.9
8,569,g_a_cpu,cpu,14536.9,14537.3
8,569,g_a,dpu,14537.3,14727.9
8,569,g_a,dpu,14727.9,15072.4
8,569,g_a_cpu,cpu,15072.4,15072.9
8,569,h_a,dpu,15072.9,15181.1
8,569,eb_enc,cpu,15181.1,15181.3
8,569,eb_dec,cpu,15181.3,15181.4
8,569,h_s,dpu,15181.4,15353.9
8,569,gc,cpu,15353.9,15365.9
8,605,normalize,cpu,15366.6,15370.3
8,605,g_a_cpu,cpu,15370.3,15370.6
8,605,g_a,dpu,15370.6,15600.9
8,605,g_a,dpu,15600.9,15789.3
8,605,g_a_cpu,cpu,15789.3,15789.8
8,605,h_a,dpu,15789.8,15986.1
8,605,eb_enc,cpu,15986.1,15986.3
8,605,eb_dec,cpu,15986.3,15986.4
8,605,h_s,dpu,15986.4,16122.7
8,605,gc,cpu,16122.7,16132.6
8,635,normalize,cpu,16133.1,16136.7
8,635,g_a_cpu,cpu,16136.7,16137
8,635,g_a,dpu,16137,16379.1
8,635,g_a,dpu,16379.1,16416.1
8,635,g_a_cpu,cpu,16416.1,16416.4
8,635,h_a,dpu,16416.4,16597.4
8,635,eb_enc,cpu,16597.4,16597.5
8,635,eb_dec,cpu,16597.5,16597.6
8,635,h_s,dpu,16597.6,16756.9
8,635,gc,cpu,16756.9,16766.8
8,658,normalize,cpu,16767.2,16770.9
8,658,g_a_cpu,cpu,16770.9,16771.2
8,658,g_a,dpu,16771.2,16966.3
8,658,g_a,dpu,16966.3,17272.9
8,658,g_a_cpu,cpu,17272.9,17273.4
8,658,h_a,dpu,17273.4,17446.2
8,658,eb_enc,cpu,17446.2,17446.4
8,658,eb_dec,cpu,17446.4,17446.5
8,658,h_s,dpu,17446.5,17617.3
8,658,gc,cpu,17617.3,17627.5
8,693,normalize,cpu,17628,17631.7
8,693,g_a_cpu,cpu,17631.7,17632
8,693,g_a,dpu,17632,17670.1
8,693,g_a,dpu,17670.1,17862.6
8,693,g_a_cpu,cpu,17862.6,17863.1
8,693,h_a,dpu,17863.1,18034
8,693,eb_enc,cpu,18034,18034.2
8,693,eb_dec,cpu,18034.2,18034.3
8,693,h_s,dpu,18034.3,18213.3
8,693,gc,cpu,18213.3,18224.6
8,712,normalize,cpu,18225.2,18228.8
8,712,g_a_cpu,cpu,18228.8,18229.3
8,712,g_a,dpu,18229.3,18266.3
8,712,g_a,dpu,18266.3,18618.1
8,712,g_a_cpu,cpu,18618.1,18618.4
8,712,h_a,dpu,18618.4,18870.7
8,712,eb_enc,cpu,18870.7,18870.9
8,712,eb_dec,cpu,18870.9,18871
8,712,h_s,dpu,18871,19072.5
8,712,gc,cpu,19072.5,19082.4
8,747,normalize,cpu,19082.9,19086.5
8,747,g_a_cpu,cpu,19086.5,19086.8
8,747,g_a,dpu,19086.8,19211.9
8,747,g_a,dpu,19211.9,19401.8
8,747,g_a_cpu,cpu,19401.8,19402.2
8,747,h_a,dpu,19402.2,19629.4
8,747,eb_enc,cpu,19629.4,19629.6
8,747,eb_dec,cpu,19629.6,19629.7
8,747,h_s,dpu,19629.7,19869.8
8,747,gc,cpu,19869.8,19879.8
8,777,normalize,cpu,19880.2,19883.9
8,777,g_a_cpu,cpu,19883.9,19884.2
8,777,g_a,dpu,19884.2,19953.7
8,777,g_a,dpu,19953.7,20201.5
8,777,g_a_cpu,cpu,20201.5,20201.9
8,777,h_a,dpu,20201.9,20475.8
8,777,eb_enc,cpu,20475.8,20475.9
8,777,eb_dec,cpu,20475.9,20476.1
8,777,h_s,dpu,20476.1,20711.8
8,777,gc,cpu,20711.8,20721.9
8,813,normalize,cpu,20722.4,20726.1
8,813,g_a_cpu,cpu,20726.1,20726.3
8,813,g_a,dpu,20726.4,20829.1
8,813,g_a,dpu,20829.1,20951.9
8,813,g_a_cpu,cpu,20951.9,20952.4
8,813,h_a,dpu,20952.4,21249.9
8,813,eb_enc,cpu,21249.9,21250.1
8,813,eb_dec,cpu,21250.1,21250.2
8,813,h_s,dpu,21250.2,21541.8
8,813,gc,cpu,21541.8,21552.6
8,841,normalize,cpu,21553.3,21556.9
8,841,g_a_cpu,cpu,21556.9,21557.3
8,841,g_a,dpu,21557.3,21622.5
8,841,g_a,dpu,21622.5,21735
8,841,g_a_cpu,cpu,21735,21735.4
8,841,h_a,dpu,21735.4,21978.7
8,841,eb_enc,cpu,21978.7,21978.8
8,841,eb_dec,cpu,21978.8,21978.9
8,841,h_s,dpu,21978.9,22229
8,841,gc,cpu,22229,22238.9
8,870,normalize,cpu,22239.5,22243.1
8,870,g_a_cpu,cpu,22243.1,22243.4
8,870,g_a,dpu,22243.4,22377.8
8,870,g_a,dpu,22377.8,22740.2
8,870,g_a_cpu,cpu,22740.2,22740.7
8,870,h_a,dpu,22740.7,23001.2
8,870,eb_enc,cpu,23001.2,23001.4
8,870,eb_dec,cpu,23001.4,23001.5
8,870,h_s,dpu,23001.5,23172.2
8,870,gc,cpu,23172.2,23182.2
8,908,normalize,cpu,23182.7,23186.3
8,908,g_a_cpu,cpu,23186.3,23186.8
8,908,g_a,dpu,23186.8,23266.4
8,908,g_a,dpu,23266.4,23413.7
8,908,g_a_cpu,cpu,23413.8,23414.1
8,908,h_a,dpu,23414.1,23653.9
8,908,eb_enc,cpu,23653.9,23654.1
8,908,eb_dec,cpu,23654.1,23654.2
8,908,h_s,dpu,23654.2,23861.9
8,908,gc,cpu,23861.9,23872.3
9,9,normalize,cpu,77.8206,94.0936
9,9,g_a_cpu,cpu,105.321,105.726
9,9,g_a,dpu,105.732,564.442
9,9,g_a,dpu,564.445,600.748
9,9,g_a_cpu,cpu,600.75,601.22
9,9,h_a,dpu,601.227,782.253
9,9,eb_enc,cpu,782.254,782.406
9,9,eb_dec,cpu,782.407,782.527
9,9,h_s,dpu,782.527,892.256
9,9,gc,cpu,892.262,1027.9
9,49,normalize,cpu,1028.68,1034.42
9,49,g_a_cpu,cpu,1034.42,1034.79
9,49,g_a,dpu,1034.79,1281.4
9,49,g_a,dpu,1281.4,1607.21
9,49,g_a_cpu,cpu,1607.22,1607.66
9,49,h_a,dpu,1607.67,1746.68
9,49,eb_enc,cpu,1746.68,1746.81
9,49,eb_dec,cpu,1746.81,1746.92
9,49,h_s,dpu,1746.92,1859.13
9,49,gc,cpu,1859.13,1870.24
9,81,normalize,cpu,1870.82,1874.65
9,81,g_a_cpu,cpu,1874.66,1875.07
9,81,g_a,dpu,1875.08,2055.52
9,81,g_a,dpu,2055.52,2345.26
9,81,g_a_cpu,cpu,2345.26,2345.63
9,81,h_a,dpu,2345.63,2611.82
9,81,eb_enc,cpu,2611.83,2611.95
9,81,eb_dec,cpu,2611.95,2612.07
9,81,h_s,dpu,2612.07,2811.3
9,81,gc,cpu,2811.3,2822.97
9,122,normalize,cpu,2823.46,2827.15
9,122,g_a_cpu,cpu,2827.15,2827.45
9,122,g_a,dpu,2827.46,3149.46
9,122,g_a,dpu,3149.47,3387.4
9,122,g_a_cpu,cpu,3387.41,3387.96
9,122,h_a,dpu,3387.96,3433.08
9,122,eb_enc,cpu,3433.08,3433.23
9,122,eb_dec,cpu,3433.23,3433.35
9,122,h_s,dpu,3433.35,3685.91
9,122,gc,cpu,3685.91,3695.89
9,152,normalize,cpu,3696.42,3700.93
9,152,g_a_cpu,cpu,3700.93,3701.31
9,152,g_a,dpu,3701.31,4037.69
9,152,g_a,dpu,4037.69,4227.96
9,152,g_a_cpu,cpu,4227.96,4228.34
9,152,h_a,dpu,4228.35,4300.96
9,152,eb_enc,cpu,4300.96,4301.12
9,152,eb_dec,cpu,4301.12,4301.24
9,152,h_s,dpu,4301.24,4562.57
9,152,gc,cpu,4562.57,4572.78
9,187,normalize,cpu,4573.29,4576.95
9,187,g_a_cpu,cpu,4576.95,4577.25
9,187,g_a,dpu,4577.25,4847.29
9,187,g_a,dpu,4847.29,5077.53
9,187,g_a_cpu,cpu,5077.54,5078.04
9,187,h_a,dpu,5078.04,5169.36
9,187,eb_enc,cpu,5169.37,5169.5
9,187,eb_dec,cpu,5169.5,5169.62
9,187,h_s,dpu,5169.62,5383.93
9,187,gc,cpu,5383.93,5393.94
9,217,normalize,cpu,5394.43,5398.06
9,217,g_a_cpu,cpu,5398.07,5398.39
9,217,g_a,dpu,5398.4,5674.76
9,217,g_a,dpu,5674.76,5919.46
9,217,g_a_cpu,cpu,5919.46,5920.2
9,217,h_a,dpu,5920.22,6041.07
9,217,eb_enc,cpu,6041.07,6041.21
9,217,eb_dec,cpu,6041.21,6041.33
9,217,h_s,dpu,6041.33,6297.83
9,217,gc,cpu,6297.83,6307.8
9,250,normalize,cpu,6309.13,6312.77
9,250,g_a_cpu,cpu,6312.77,6313.23
9,250,g_a,dpu,6313.23,6572.15
9,250,g_a,dpu,6572.15,6836.53
9,250,g_a_cpu,cpu,6836.54,6837.04
9,250,h_a,dpu,6837.05,7017.41
9,250,eb_enc,cpu,7017.41,7017.54
9,250,eb_dec,cpu,7017.55,7017.66
9,250,h_s,dpu,7017.66,7204.67
9,250,gc,cpu,7204.67,7214.8
9,286,normalize,cpu,7215.28,7218.96
9,286,g_a_cpu,cpu,7218.96,7219.23
9,286,g_a,dpu,7219.23,7444.91
9,286,g_a,dpu,7444.91,7632.24
9,286,g_a_cpu,cpu,7632.24,7632.78
9,286,h_a,dpu,7632.79,7837.48
9,286,eb_enc,cpu,7837.48,7837.61
9,286,eb_dec,cpu,7837.62,7837.74
9,286,h_s,dpu,7837.74,8051.26
9,286,gc,cpu,8051.26,8061.41
9,318,normalize,cpu,8061.93,8065.58
9,318,g_a_cpu,cpu,8065.59,8065.88
9,318,g_a,dpu,8065.88,8280.83
9,318,g_a,dpu,8280.83,8482.28
9,318,g_a_cpu,cpu,8482.28,8482.82
9,318,h_a,dpu,8482.82,8663.23
9,318,eb_enc,cpu,8663.23,8663.37
9,318,eb_dec,cpu,8663.37,8663.5
9,318,h_s,dpu,8663.5,8861.85
9,318,gc,cpu,8861.85,8872.02
9,350,normalize,cpu,8872.49,8876.16
9,350,g_a_cpu,cpu,8876.16,8876.64
9,350,g_a,dpu,8876.65,9145.05
9,350,g_a,dpu,9145.06,9343.2
9,350,g_a_cpu,cpu,9343.2,9343.63
9,350,h_a,dpu,9343.64,9519.69
9,350,eb_enc,cpu,9519.69,9519.82
9,350,eb_dec,cpu,9519.82,9519.93
9,350,h_s,dpu,9519.93,9735.15
9,350,gc,cpu,9735.15,9744.76
9,384,normalize,cpu,9745.26,9748.92
9,384,g_a_cpu,cpu,9748.93,9749.18
9,384,g_a,dpu,9749.18,9951.9
9,384,g_a,dpu,9951.9,10172.9
9,384,g_a_cpu,cpu,10172.9,10173.3
9,384,h_a,dpu,10173.3,10324.7
9,384,eb_enc,cpu,10324.7,10325
9,384,eb_dec,cpu,10325,10325.1
9,384,h_s,dpu,10325.1,10530.5
9,384,gc,cpu,10530.5,10540.5
9,415,normalize,cpu,10541,10544.6
9,415,g_a_cpu,cpu,10544.6,10544.9
9,415,g_a,dpu,10544.9,10772.8
9,415,g_a,dpu,10772.8,10996.9
9,415,g_a_cpu,cpu,10996.9,10997.4
9,415,h_a,dpu,10997.4,11147.1
9,415,eb_enc,cpu,11147.1,11147.2
9,415,eb_dec,cpu,11147.2,11147.4
9,415,h_s,dpu,11147.4,11356.8
9,415,gc,cpu,11356.8,11366.6
9,447,normalize,cpu,11367.1,11370.9
9,447,g_a_cpu,cpu,11370.9,11371.4
9,447,g_a,dpu,11371.4,11598.2
9,447,g_a,dpu,11598.2,11634.5
9,447,g_a_cpu,cpu,11634.5,11635.1
9,447,h_a,dpu,11635.1,11731.3
9,447,eb_enc,cpu,11731.3,11731.5
9,447,eb_dec,cpu,11731.5,11731.7
9,447,h_s,dpu,11731.7,11903.5
9,447,gc,cpu,11903.5,11913.4
9,471,normalize,cpu,11914.1,11917.8
9,471,g_a_cpu,cpu,11917.8,11918.2
9,471,g_a,dpu,11918.2,12179.6
9,471,g_a,dpu,12179.6,12441.9
9,471,g_a_cpu,cpu,12441.9,12442.4
9,471,h_a,dpu,12442.4,12523
9,471,eb_enc,cpu,12523,12523.1
9,471,eb_dec,cpu,12523.1,12523.2
9,471,h_s,dpu,12523.2,12745.8
9,471,gc,cpu,12745.8,12757.8
9,503,normalize,cpu,12758.4,12762.1
9,503,g_a_cpu,cpu,12762.1,12762.4
9,503,g_a,dpu,12762.4,12988
9,503,g_a,dpu,12988,13024.3
9,503,g_a_cpu,cpu,13024.3,13024.7
9,503,h_a,dpu,13024.7,13232.6
9,503,eb_enc,cpu,13232.6,13232.7
9,503,eb_dec,cpu,13232.7,13232.9
9,503,h_s,dpu,13232.9,13432.2
9,503,gc,cpu,13432.2,13443.6
9,529,normalize,cpu,13444.1,13447.8
9,529,g_a_cpu,cpu,13447.8,13448.1
9,529,g_a,dpu,13448.1,13660
9,529,g_a,dpu,13660,13844.8
9,529,g_a_cpu,cpu,13844.8,13845.2
9,529,h_a,dpu,13845.2,14020.8
9,529,eb_enc,cpu,14020.8,14021
9,529,eb_dec,cpu,14021,14021.1
9,529,h_s,dpu,14021.1,14271.3
9,529,gc,cpu,14271.3,14281.3
9,560,normalize,cpu,14281.8,14285.5
9,560,g_a_cpu,cpu,14285.5,14285.8
9,560,g_a,dpu,14285.8,14479.2
9,560,g_a,dpu,14479.2,14515.6
9,560,g_a_cpu,cpu,14515.6,14516
9,560,h_a,dpu,14516,14652.1
9,560,eb_enc,cpu,14652.1,14652.3
9,560,eb_dec,cpu,14652.3,14652.4
9,560,h_s,dpu,14652.4,14878.3
9,560,gc,cpu,14878.3,14888.4
9,585,normalize,cpu,14889,14892.7
9,585,g_a_cpu,cpu,14892.7,14893.1
9,585,g_a,dpu,14893.1,15148.3
9,585,g_a,dpu,15148.3,15345.2
9,585,g_a_cpu,cpu,15345.2,15345.8
9,585,h_a,dpu,15345.8,15483.1
9,585,eb_enc,cpu,15483.1,15483.2
9,585,eb_dec,cpu,15483.2,15483.3
9,585,h_s,dpu,15483.3,15719.8
9,585,gc,cpu,15719.8,15731.5
9,617,normalize,cpu,15732.1,15735.8
9,617,g_a_cpu,cpu,15735.8,15736.2
9,617,g_a,dpu,15736.2,15997.7
9,617,g_a,dpu,15997.7,16158.5
9,617,g_a_cpu,cpu,16158.5,16158.9
9,617,h_a,dpu,16158.9,16571.6
9,617,eb_enc,cpu,16571.6,16571.7
9,617,eb_dec,cpu,16571.7,16571.8
9,617,h_s,dpu,16571.8,16711.8
9,617,gc,cpu,16711.8,16723.2
9,655,normalize,cpu,16723.7,16727.4
9,655,g_a_cpu,cpu,16727.4,16727.7
9,655,g_a,dpu,16727.7,16908.4
9,655,g_a,dpu,16908.4,17020.3
9,655,g_a_cpu,cpu,17020.3,17020.7
9,655,h_a,dpu,17020.7,17311.6
9,655,eb_enc,cpu,17311.6,17311.8
9,655,eb_dec,cpu,17311.8,17311.9
9,655,h_s,dpu,17311.9,17485.1
9,655,gc,cpu,17485.1,17495.1
9,684,normalize,cpu,17495.8,17499.4
9,684,g_a_cpu,cpu,17499.4,17499.8
9,684,g_a,dpu,17499.8,17764.3
9,684,g_a,dpu,17764.3,18023
9,684,g_a_cpu,cpu,18023,18023.4
9,684,h_a,dpu,18023.4,18217.1
9,684,eb_enc,cpu,18217.1,18217.3
9,684,eb_dec,cpu,18217.3,18217.4
9,684,h_s,dpu,18217.4,18376.5
9,684,gc,cpu,18376.5,18386.8
9,723,normalize,cpu,18387.4,18391
9,723,g_a_cpu,cpu,18391,18391.5
9,723,g_a,dpu,18391.5,18556.9
9,723,g_a,dpu,18556.9,18810.9
9,723,g_a_cpu,cpu,18810.9,18811.2
9,723,h_a,dpu,18811.2,18970
9,723,eb_enc,cpu,18970,18970.2
9,723,eb_dec,cpu,18970.2,18970.3
9,723,h_s,dpu,18970.3,19139.6
9,723,gc,cpu,19139.6,19150
9,752,normalize,cpu,19150.5,19154.2
9,752,g_a_cpu,cpu,19154.2,19154.5
9,752,g_a,dpu,19154.5,19418.1
9,752,g_a,dpu,19418.1,19675.5
9,752,g_a_cpu,cpu,19675.5,19675.9
9,752,h_a,dpu,19675.9,19761
9,752,eb_enc,cpu,19761,19761.1
9,752,eb_dec,cpu,19761.1,19761.2
9,752,h_s,dpu,19761.2,19979.7
9,752,gc,cpu,19979.7,19989.9
9,788,normalize,cpu,19990.5,19994.1
9,788,g_a_cpu,cpu,19994.1,19994.4
9,788,g_a,dpu,19994.4,20221.7
9,788,g_a,dpu,20221.7,20593.8
9,788,g_a_cpu,cpu,20593.8,20594.3
9,788,h_a,dpu,20594.3,20696.8
9,788,eb_enc,cpu,20696.8,20696.9
9,788,eb_dec,cpu,20696.9,20697.1
9,788,h_s,dpu,20697.1,20816.3
9,788,gc,cpu,20816.3,20826.2
9,816,normalize,cpu,20826.7,20831.6
9,816,g_a_cpu,cpu,20831.6,20831.9
9,816,g_a,dpu,20831.9,20876.9
9,816,g_a,dpu,20876.9,21102.3
9,816,g_a_cpu,cpu,21102.3,21102.7
9,816,h_a,dpu,21102.7,21105.9
9,816,eb_enc,cpu,21105.9,21106
9,816,eb_dec,cpu,21106,21106.2
9,816,h_s,dpu,21106.2,21325.3
9,816,gc,cpu,21325.3,21335.7
9,836,normalize,cpu,21336.2,21339.8
9,836,g_a_cpu,cpu,21339.8,21340.1
9,836,g_a,dpu,21340.2,21585
9,836,g_a,dpu,21585,21744.8
9,836,g_a_cpu,cpu,21744.8,21745.4
9,836,h_a,dpu,21745.4,21932.7
9,836,eb_enc,cpu,21932.7,21932.8
9,836,eb_dec,cpu,21932.8,21932.9
9,836,h_s,dpu,21932.9,22173.6
9,836,gc,cpu,22173.6,22183.7
9,868,normalize,cpu,22184.2,22187.9
9,868,g_a_cpu,cpu,22187.9,22188.2
9,868,g_a,dpu,22188.2,22414.3
9,868,g_a,dpu,22414.3,22610.5
9,868,g_a_cpu,cpu,22610.5,22610.8
9,868,h_a,dpu,22610.8,22823.4
9,868,eb_enc,cpu,22823.4,22823.5
9,868,eb_dec,cpu,22823.5,22823.6
9,868,h_s,dpu,22823.6,23005.8
9,868,gc,cpu,23005.8,23015.7
9,898,normalize,cpu,23016.3,23020
9,898,g_a_cpu,cpu,23020,23020.5
9,898,g_a,dpu,23020.5,23217
9,898,g_a,dpu,23217,23485
9,898,g_a_cpu,cpu,23485,23485.4
9,898,h_a,dpu,23485.4,23643.8
9,898,eb_enc,cpu,23643.8,23643.9
9,898,eb_dec,cpu,23643.9,23644
9,898,h_s,dpu,23644,23844.5
9,898,gc,cpu,23844.5,23854.5
10,2,normalize,cpu,69.6069,94.1738
10,2,g_a_cpu,cpu,106.361,106.752
10,2,g_a,dpu,106.758,223.607
10,2,g_a,dpu,223.613,619.98
10,2,g_a_cpu,cpu,619.981,620.338
10,2,h_a,dpu,620.343,893.805
10,2,eb_enc,cpu,893.805,893.949
10,2,eb_dec,cpu,893.95,894.07
10,2,h_s,dpu,894.07,895.761
10,2,gc,cpu,895.767,1048.9
10,58,normalize,cpu,1049.5,1061.92
10,58,g_a_cpu,cpu,1061.92,1062.37
10,58,g_a,dpu,1062.38,1358.89
10,58,g_a,dpu,1358.89,1650.94
10,58,g_a_cpu,cpu,1650.94,1651.31
10,58,h_a,dpu,1651.31,1830.91
10,58,eb_enc,cpu,1830.91,1831.05
10,58,eb_dec,cpu,1831.05,1831.17
10,58,h_s,dpu,1831.17,2003.7
10,58,gc,cpu,2003.7,2014.01
10,93,normalize,cpu,2014.59,2018.29
10,93,g_a_cpu,cpu,2018.3,2018.71
10,93,g_a,dpu,2018.71,2055.26
10,93,g_a,dpu,2055.26,2388.95
10,93,g_a_cpu,cpu,2388.95,2389.44
10,93,h_a,dpu,2389.44,2508.84
10,93,eb_enc,cpu,2508.84,2509.05
10,93,eb_dec,cpu,2509.05,2509.19
10,93,h_s,dpu,2509.19,2613.63
10,93,gc,cpu,2613.63,2626.07
10,107,normalize,cpu,2626.66,2630.33
10,107,g_a_cpu,cpu,2630.34,2630.7
10,107,g_a,dpu,2630.7,2921.22
10,107,g_a,dpu,2921.23,3296.1
10,107,g_a_cpu,cpu,3296.1,3296.42
10,107,h_a,dpu,3296.43,3463.31
10,107,eb_enc,cpu,3463.31,3463.47
10,107,eb_dec,cpu,3463.47,3463.59
10,107,h_s,dpu,3463.59,3594.02
10,107,gc,cpu,3594.02,3604.04
10,148,normalize,cpu,3604.68,3608.41
10,148,g_a_cpu,cpu,3608.41,3608.7
10,148,g_a,dpu,3608.7,3645.63
10,148,g_a,dpu,3645.63,3979.62
10,148,g_a_cpu,cpu,3979.63,3980.14
10,148,h_a,dpu,3980.14,4190.43
10,148,eb_enc,cpu,4190.43,4190.6
10,148,eb_dec,cpu,4190.61,4190.74
10,148,h_s,dpu,4190.74,4257.76
10,148,gc,cpu,4257.76,4269.02
10,171,normalize,cpu,4269.9,4273.58
10,171,g_a_cpu,cpu,4273.59,4273.98
10,171,g_a,dpu,4273.98,4488.92
10,171,g_a,dpu,4488.92,4780.12
10,171,g_a_cpu,cpu,4780.12,4780.45
10,171,h_a,dpu,4780.45,5032.69
10,171,eb_enc,cpu,5032.69,5032.84
10,171,eb_dec,cpu,5032.84,5032.97
10,171,h_s,dpu,5032.97,5035.12
10,171,gc,cpu,5035.12,5045.8
10,201,normalize,cpu,5046.39,5050.04
10,201,g_a_cpu,cpu,5050.05,5050.44
10,201,g_a,dpu,5050.44,5272.13
10,201,g_a,dpu,5272.13,5495.15
10,201,g_a_cpu,cpu,5495.16,5495.63
10,201,h_a,dpu,5495.64,5758.07
10,201,eb_enc,cpu,5758.07,5758.23
10,201,eb_dec,cpu,5758.23,5758.35
10,201,h_s,dpu,5758.35,5919.55
10,201,gc,cpu,5919.56,5930.22
10,236,normalize,cpu,5930.8,5934.69
10,236,g_a_cpu,cpu,5934.7,5935.21
10,236,g_a,dpu,5935.21,6111.57
10,236,g_a,dpu,6111.57,6333.75
10,236,g_a_cpu,cpu,6333.75,6334.07
10,236,h_a,dpu,6334.08,6573.01
10,236,eb_enc,cpu,6573.01,6573.17
10,236,eb_dec,cpu,6573.17,6573.29
10,236,h_s,dpu,6573.29,6705.85
10,236,gc,cpu,6705.86,6717.87
10,267,normalize,cpu,6718.36,6722.06
10,267,g_a_cpu,cpu,6722.06,6722.58
10,267,g_a,dpu,6722.58,6867.62
10,267,g_a,dpu,6867.62,7085.4
10,267,g_a_cpu,cpu,7085.4,7085.74
10,267,h_a,dpu,7085.74,7287.3
10,267,eb_enc,cpu,7287.31,7287.43
10,267,eb_dec,cpu,7287.43,7287.54
10,267,h_s,dpu,7287.54,7838.51
10,267,gc,cpu,7838.51,7849.08
10,311,normalize,cpu,7849.71,7853.37
10,311,g_a_cpu,cpu,7853.38,7853.81
10,311,g_a,dpu,7853.82,8090.43
10,311,g_a,dpu,8090.43,8275.53
10,311,g_a_cpu,cpu,8275.53,8275.96
10,311,h_a,dpu,8275.97,8446.34
10,311,eb_enc,cpu,8446.34,8446.51
10,311,eb_dec,cpu,8446.51,8446.64
10,311,h_s,dpu,8446.64,8658.1
10,311,gc,cpu,8658.1,8667.97
10,343,normalize,cpu,8668.72,8672.37
10,343,g_a_cpu,cpu,8672.37,8672.92
10,343,g_a,dpu,8672.92,8935.68
10,343,g_a,dpu,8935.69,9124.02
10,343,g_a_cpu,cpu,9124.02,9124.46
10,343,h_a,dpu,9124.46,9306.86
10,343,eb_enc,cpu,9306.86,9306.99
10,343,eb_dec,cpu,9306.99,9307.1
10,343,h_s,dpu,9307.1,9481.17
10,343,gc,cpu,9481.17,9490.92
10,374,normalize,cpu,9491.4,9495.06
10,374,g_a_cpu,cpu,9495.07,9495.51
10,374,g_a,dpu,9495.52,9696.47
10,374,g_a,dpu,9696.47,9964.2
10,374,g_a_cpu,cpu,9964.2,9964.52
10,374,h_a,dpu,9964.52,10174
10,374,eb_enc,cpu,10174,10174.1
10,374,eb_dec,cpu,10174.1,10174.2
10,374,h_s,dpu,10174.2,10326
10,374,gc,cpu,10326,10337
10,406,normalize,cpu,10337.5,10341.2
10,406,g_a_cpu,cpu,10341.2,10341.6
10,406,g_a,dpu,10341.6,10566.4
10,406,g_a,dpu,10566.5,10603
10,406,g_a_cpu,cpu,10603,10603.3
10,406,h_a,dpu,10603.3,10810.2
10,406,eb_enc,cpu,10810.2,10810.3
10,406,eb_dec,cpu,10810.3,10810.5
10,406,h_s,dpu,10810.5,10951.8
10,406,gc,cpu,10951.8,10963.3
10,430,normalize,cpu,10963.9,10967.6
10,430,g_a_cpu,cpu,10967.6,10968
10,430,g_a,dpu,10968,11205
10,430,g_a,dpu,11205,11241.5
10,430,g_a_cpu,cpu,11241.5,11241.8
10,430,h_a,dpu,11241.8,11412.2
10,430,eb_enc,cpu,11412.2,11412.3
10,430,eb_dec,cpu,11412.3,11412.4
10,430,h_s,dpu,11412.4,11576.2
10,430,gc,cpu,11576.2,11586.1
10,457,normalize,cpu,11586.5,11590.2
10,457,g_a_cpu,cpu,11590.2,11590.5
10,457,g_a,dpu,11590.5,11819.1
10,457,g_a,dpu,11819.1,12094.2
10,457,g_a_cpu,cpu,12094.2,12094.5
10,457,h_a,dpu,12094.5,12293.8
10,457,eb_enc,cpu,12293.8,12293.9
10,457,eb_dec,cpu,12293.9,12294
10,457,h_s,dpu,12294,12402.5
10,457,gc,cpu,12402.5,12412.5
10,487,normalize,cpu,12413,12416.6
10,487,g_a_cpu,cpu,12416.6,12417.2
10,487,g_a,dpu,12417.2,12629.9
10,487,g_a,dpu,12629.9,12933.8
10,487,g_a_cpu,cpu,12933.8,12934.1
10,487,h_a,dpu,12934.1,13098.8
10,487,eb_enc,cpu,13098.8,13098.9
10,487,eb_dec,cpu,13098.9,13099
10,487,h_s,dpu,13099,13240.5
10,487,gc,cpu,13240.5,13251.9
10,522,normalize,cpu,13253.1,13256.7
10,522,g_a_cpu,cpu,13256.7,13257.3
10,522,g_a,dpu,13257.3,13511.2
10,522,g_a,dpu,13511.2,13741.9
10,522,g_a_cpu,cpu,13741.9,13742.4
10,522,h_a,dpu,13742.4,13960.6
10,522,eb_enc,cpu,13960.6,13960.7
10,522,eb_dec,cpu,13960.7,13960.8
10,522,h_s,dpu,13960.8,14211.3
10,522,gc,cpu,14211.3,14221.3
10,558,normalize,cpu,14221.8,14225.5
10,558,g_a_cpu,cpu,14225.5,14225.8
10,558,g_a,dpu,14225.8,14425.7
10,558,g_a,dpu,14425.7,14875.6
10,558,g_a_cpu,cpu,14875.6,14875.9
10,558,h_a,dpu,14875.9,15110.7
10,558,eb_enc,cpu,15110.7,15110.8
10,558,eb_dec,cpu,15110.8,15111
10,558,h_s,dpu,15111,15174.3
10,558,gc,cpu,15174.3,15185
10,595,normalize,cpu,15185.5,15189.2
10,595,g_a_cpu,cpu,15189.2,15189.5
10,595,g_a,dpu,15189.5,15421.9
10,595,g_a,dpu,15421.9,15715.8
10,595,g_a_cpu,cpu,15715.8,15716.1
10,595,h_a,dpu,15716.1,15924.7
10,595,eb_enc,cpu,15924.7,15924.8
10,595,eb_dec,cpu,15924.8,15925
10,595,h_s,dpu,15925,16064.1
10,595,gc,cpu,16064.1,16077.6
10,631,normalize,cpu,16078.1,16081.8
10,631,g_a_cpu,cpu,16081.8,16082.3
10,631,g_a,dpu,16082.3,16300.9
10,631,g_a,dpu,16301,16558.8
10,631,g_a_cpu,cpu,16558.8,16559.3
10,631,h_a,dpu,16559.3,16755.3
10,631,eb_enc,cpu,16755.3,16755.4
10,631,eb_dec,cpu,16755.4,16755.6
10,631,h_s,dpu,16755.6,16890.2
10,631,gc,cpu,16890.2,16901.5
10,664,normalize,cpu,16902.1,16905.8
10,664,g_a_cpu,cpu,16905.8,16906.2
10,664,g_a,dpu,16906.2,17209.1
10,664,g_a,dpu,17209.1,17245.5
10,664,g_a_cpu,cpu,17245.5,17246
10,664,h_a,dpu,17246,17393
10,664,eb_enc,cpu,17393,17393.1
10,664,eb_dec,cpu,17393.1,17393.2
10,664,h_s,dpu,17393.2,17521.6
10,664,gc,cpu,17521.6,17531.8
10,689,normalize,cpu,17532.3,17536
10,689,g_a_cpu,cpu,17536,17536.3
10,689,g_a,dpu,17536.3,17757.1
10,689,g_a,dpu,17757.1,17987.2
10,689,g_a_cpu,cpu,17987.2,17987.8
10,689,h_a,dpu,17987.8,18212.5
10,689,eb_enc,cpu,18212.5,18212.6
10,689,eb_dec,cpu,18212.6,18212.7
10,689,h_s,dpu,18212.7,18353.1
10,689,gc,cpu,18353.1,18363.1
10,720,normalize,cpu,18363.8,18367.6
10,720,g_a_cpu,cpu,18367.6,18367.9
10,720,g_a,dpu,18367.9,18604.9
10,720,g_a,dpu,18604.9,18868.9
10,720,g_a_cpu,cpu,18868.9,18869.3
10,720,h_a,dpu,18869.3,19071.1
10,720,eb_enc,cpu,19071.1,19071.2
10,720,eb_dec,cpu,19071.2,19071.3
10,720,h_s,dpu,19071.3,19174
10,720,gc,cpu,19174,19184.1
10,753,normalize,cpu,19188.5,19200.5
10,753,g_a_cpu,cpu,19200.5,19201.1
10,753,g_a,dpu,19201.2,19477
10,753,g_a,dpu,19477,19739.2
10,753,g_a_cpu,cpu,19739.2,19739.7
10,753,h_a,dpu,19739.7,19953.4
10,753,eb_enc,cpu,19953.4,19953.6
10,753,eb_dec,cpu,19953.6,19953.8
10,753,h_s,dpu,19953.8,19970.3
10,753,gc,cpu,19970.4,19980.7
10,787,normalize,cpu,19981.3,19984.9
10,787,g_a_cpu,cpu,19984.9,19985.3
10,787,g_a,dpu,19985.3,20322.6
10,787,g_a,dpu,20322.7,20622.1
10,787,g_a_cpu,cpu,20622.1,20622.6
10,787,h_a,dpu,20622.6,20823.6
10,787,eb_enc,cpu,20823.6,20823.7
10,787,eb_dec,cpu,20823.8,20823.9
10,787,h_s,dpu,20823.9,20915.5
10,787,gc,cpu,20915.5,20925.3
10,823,normalize,cpu,20925.8,20929.5
10,823,g_a_cpu,cpu,20929.5,20929.8
10,823,g_a,dpu,20929.8,21248.5
10,823,g_a,dpu,21248.5,21507.7
10,823,g_a_cpu,cpu,21507.7,21508
10,823,h_a,dpu,21508,21699.3
10,823,eb_enc,cpu,21699.3,21699.4
10,823,eb_dec,cpu,21699.4,21699.5
10,823,h_s,dpu,21699.5,21817
10,823,gc,cpu,21817,21827.1
10,858,normalize,cpu,21827.5,21831.3
10,858,g_a_cpu,cpu,21831.3,21831.8
10,858,g_a,dpu,21831.8,22134.3
10,858,g_a,dpu,22134.3,22170.9
10,858,g_a_cpu,cpu,22170.9,22171.2
10,858,h_a,dpu,22171.2,22341.6
10,858,eb_enc,cpu,22341.6,22341.8
10,858,eb_dec,cpu,22341.8,22341.9
10,858,h_s,dpu,22341.9,22506.4
10,858,gc,cpu,22506.4,22516.5
10,883,normalize,cpu,22517,22520.6
10,883,g_a_cpu,cpu,22520.6,22521
10,883,g_a,dpu,22521,22557.6
10,883,g_a,dpu,22557.6,22814.6
10,883,g_a_cpu,cpu,22814.6,22815.2
10,883,h_a,dpu,22815.2,23019.9
10,883,eb_enc,cpu,23019.9,23020
10,883,eb_dec,cpu,23020,23020.2
10,883,h_s,dpu,23020.2,23068
10,883,gc,cpu,23068,23077.9
10,903,normalize,cpu,23078.4,23082.1
10,903,g_a_cpu,cpu,23082.1,23082.4
10,903,g_a,dpu,23082.4,23390.6
10,903,g_a,dpu,23390.6,23652.3
10,903,g_a_cpu,cpu,23652.3,23652.6
10,903,h_a,dpu,23652.6,23860.7
10,903,eb_enc,cpu,23860.7,23860.9
10,903,eb_dec,cpu,23860.9,23861
10,903,h_s,dpu,23861,23896.9
10,903,gc,cpu,23896.9,23907.8
11,5,normalize,cpu,73.5483,93.3569
11,5,g_a_cpu,cpu,97.3958,97.9662
11,5,g_a,dpu,97.9728,189.095
11,5,g_a,dpu,189.098,226.399
11,5,g_a_cpu,cpu,226.4,226.807
11,5,h_a,dpu,226.812,621.816
11,5,eb_enc,cpu,621.817,621.958
11,5,eb_dec,cpu,621.959,622.101
11,5,h_s,dpu,622.101,901.209
11,5,gc,cpu,901.221,1038.95
11,55,normalize,cpu,1039.49,1043.17
11,55,g_a_cpu,cpu,1043.17,1043.63
11,55,g_a,dpu,1043.63,1287.96
11,55,g_a,dpu,1287.96,1621.9
11,55,g_a_cpu,cpu,1621.91,1622.35
11,55,h_a,dpu,1622.35,1767.84
11,55,eb_enc,cpu,1767.84,1767.96
11,55,eb_dec,cpu,1767.97,1768.08
11,55,h_s,dpu,1768.08,1865.35
11,55,gc,cpu,1865.36,1878.34
11,83,normalize,cpu,1879.01,1882.68
11,83,g_a_cpu,cpu,1882.68,1883.12
11,83,g_a,dpu,1883.13,2114.41
11,83,g_a,dpu,2114.41,2375.79
11,83,g_a_cpu,cpu,2375.79,2376.13
11,83,h_a,dpu,2376.13,2661.54
11,83,eb_enc,cpu,2661.54,2661.7
11,83,eb_dec,cpu,2661.7,2661.83
11,83,h_s,dpu,2661.83,2737.37
11,83,gc,cpu,2737.37,2747.24
11,115,normalize,cpu,2747.99,2753.34
11,115,g_a_cpu,cpu,2753.34,2753.73
11,115,g_a,dpu,2753.74,2966.45
11,115,g_a,dpu,2966.46,3003.21
11,115,g_a_cpu,cpu,3003.21,3003.54
11,115,h_a,dpu,3003.55,3373.93
11,115,eb_enc,cpu,3373.93,3374.06
11,115,eb_dec,cpu,3374.06,3374.17
11,115,h_s,dpu,3374.17,3507.9
11,115,gc,cpu,3507.91,3517.86
11,144,normalize,cpu,3518.39,3522.04
11,144,g_a_cpu,cpu,3522.04,3522.46
11,144,g_a,dpu,3522.46,3674.19
11,144,g_a,dpu,3674.2,3896.23
11,144,g_a_cpu,cpu,3896.23,3896.59
11,144,h_a,dpu,3896.59,4128.95
11,144,eb_enc,cpu,4128.95,4129.12
11,144,eb_dec,cpu,4129.12,4129.24
11,144,h_s,dpu,4129.24,4277.25
11,144,gc,cpu,4277.25,4287.73
11,175,normalize,cpu,4288.3,4291.97
11,175,g_a_cpu,cpu,4291.97,4292.47
11,175,g_a,dpu,4292.47,4458.75
11,175,g_a,dpu,4458.75,4680.93
11,175,g_a_cpu,cpu,4680.93,4681.37
11,175,h_a,dpu,4681.38,4895.58
11,175,eb_enc,cpu,4895.58,4895.71
11,175,eb_dec,cpu,4895.71,4895.82
11,175,h_s,dpu,4895.82,5153.2
11,175,gc,cpu,5153.2,5163.08
11,206,normalize,cpu,5163.69,5167.38
11,206,g_a_cpu,cpu,5167.39,5167.77
11,206,g_a,dpu,5167.77,5366.87
11,206,g_a,dpu,5366.87,5517.75
11,206,g_a_cpu,cpu,5517.75,5518.12
11,206,h_a,dpu,5518.12,5686.07
11,206,eb_enc,cpu,5686.07,5686.22
11,206,eb_dec,cpu,5686.22,5686.33
11,206,h_s,dpu,5686.33,5926.54
11,206,gc,cpu,5926.55,5936.94
11,238,normalize,cpu,5937.42,5941.06
11,238,g_a_cpu,cpu,5941.07,5941.4
11,238,g_a,dpu,5941.41,6117.9
11,238,g_a,dpu,6117.9,6380.21
11,238,g_a_cpu,cpu,6380.21,6380.61
11,238,h_a,dpu,6380.61,6451.03
11,238,eb_enc,cpu,6451.03,6451.2
11,238,eb_dec,cpu,6451.2,6451.32
11,238,h_s,dpu,6451.32,6654.15
11,238,gc,cpu,6654.15,6664.7
11,262,normalize,cpu,6665.51,6669.28
11,262,g_a_cpu,cpu,6669.29,6669.64
11,262,g_a,dpu,6669.65,6898.77
11,262,g_a,dpu,6898.77,7169.36
11,262,g_a_cpu,cpu,7169.36,7169.71
11,262,h_a,dpu,7169.71,7355.09
11,262,eb_enc,cpu,7355.09,7355.23
11,262,eb_dec,cpu,7355.23,7355.34
11,262,h_s,dpu,7355.34,7485.98
11,262,gc,cpu,7485.98,7496.32
11,296,normalize,cpu,7497.04,7500.65
11,296,g_a_cpu,cpu,7500.65,7501.14
11,296,g_a,dpu,7501.15,7715
11,296,g_a,dpu,7715.01,7879.61
11,296,g_a_cpu,cpu,7879.61,7880.06
11,296,h_a,dpu,7880.07,8163.66
11,296,eb_enc,cpu,8163.66,8163.79
11,296,eb_dec,cpu,8163.79,8163.9
11,296,h_s,dpu,8163.9,8317.9
11,296,gc,cpu,8317.9,8327.81
11,330,normalize,cpu,8328.28,8331.94
11,330,g_a_cpu,cpu,8331.95,8332.28
11,330,g_a,dpu,8332.28,8503.57
11,330,g_a,dpu,8503.57,8741.43
11,330,g_a_cpu,cpu,8741.43,8741.79
11,330,h_a,dpu,8741.8,8972.63
11,330,eb_enc,cpu,8972.63,8972.76
11,330,eb_dec,cpu,8972.76,8972.91
11,330,h_s,dpu,8972.91,9147.08
11,330,gc,cpu,9147.09,9157.19
11,361,normalize,cpu,9157.9,9161.64
11,361,g_a_cpu,cpu,9161.64,9162.1
11,361,g_a,dpu,9162.1,9327.72
11,361,g_a,dpu,9327.72,9517.44
11,361,g_a_cpu,cpu,9517.44,9517.84
11,361,h_a,dpu,9517.84,9734.18
11,361,eb_enc,cpu,9734.18,9734.32
11,361,eb_dec,cpu,9734.32,9734.44
11,361,h_s,dpu,9734.44,9916.08
11,361,gc,cpu,9916.08,9925.8
11,392,normalize,cpu,9926.25,9930.48
11,392,g_a_cpu,cpu,9930.48,9930.84
11,392,g_a,dpu,9930.84,10126
11,392,g_a,dpu,10126,10162.8
11,392,g_a_cpu,cpu,10162.8,10163.3
11,392,h_a,dpu,10163.3,10378.6
11,392,eb_enc,cpu,10378.6,10378.7
11,392,eb_dec,cpu,10378.7,10378.8
11,392,h_s,dpu,10378.8,10553.2
11,392,gc,cpu,10553.2,10564.2
11,416,normalize,cpu,10565,10568.6
11,416,g_a_cpu,cpu,10568.6,10569
11,416,g_a,dpu,10569.1,10792.5
11,416,g_a,dpu,10792.5,10948.2
11,416,g_a_cpu,cpu,10948.2,10948.6
11,416,h_a,dpu,10948.6,11167.7
11,416,eb_enc,cpu,11167.7,11167.8
11,416,eb_dec,cpu,11167.8,11167.9
11,416,h_s,dpu,11167.9,11303.6
11,416,gc,cpu,11303.6,11313.3
11,446,normalize,cpu,11313.7,11317.4
11,446,g_a_cpu,cpu,11317.4,11317.7
11,446,g_a,dpu,11317.7,11535.7
11,446,g_a,dpu,11535.7,11725.1
11,446,g_a_cpu,cpu,11725.1,11725.4
11,446,h_a,dpu,11725.4,11898.9
11,446,eb_enc,cpu,11898.9,11899
11,446,eb_dec,cpu,11899,11899.1
11,446,h_s,dpu,11899.1,12140.4
11,446,gc,cpu,12140.4,12150.2
11,478,normalize,cpu,12150.7,12154.4
11,478,g_a_cpu,cpu,12154.4,12154.8
11,478,g_a,dpu,12154.8,12281.3
11,478,g_a,dpu,12281.3,12318.4
11,478,g_a_cpu,cpu,12318.4,12318.8
11,478,h_a,dpu,12318.8,12515.3
11,478,eb_enc,cpu,12515.3,12515.5
11,478,eb_dec,cpu,12515.5,12515.6
11,478,h_s,dpu,12515.6,12754.6
11,478,gc,cpu,12754.6,12764.7
11,504,normalize,cpu,12765.4,12769.1
11,504,g_a_cpu,cpu,12769.1,12769.4
11,504,g_a,dpu,12769.4,12921.4
11,504,g_a,dpu,12921.4,13113.9
11,504,g_a_cpu,cpu,13113.9,13114.3
11,504,h_a,dpu,13114.3,13549
11,504,eb_enc,cpu,13549,13549.1
11,504,eb_dec,cpu,13549.1,13549.3
11,504,h_s,dpu,13549.3,13734.6
11,504,gc,cpu,13734.6,13749.2
11,541,normalize,cpu,13749.8,13753.5
11,541,g_a_cpu,cpu,13753.5,13753.8
11,541,g_a,dpu,13753.8,13938
11,541,g_a,dpu,13938,14210.1
11,541,g_a_cpu,cpu,14210.1,14210.5
11,541,h_a,dpu,14210.5,14389.7
11,541,eb_enc,cpu,14389.7,14389.8
11,541,eb_dec,cpu,14389.8,14389.9
11,541,h_s,dpu,14389.9,14522.6
11,541,gc,cpu,14522.6,14533
11,570,normalize,cpu,14533.6,14538.5
11,570,g_a_cpu,cpu,14538.5,14539
11,570,g_a,dpu,14539,14764.4
11,570,g_a,dpu,14764.4,14801.2
11,570,g_a_cpu,cpu,14801.2,14801.6
11,570,h_a,dpu,14801.6,14989.6
11,570,eb_enc,cpu,14989.6,14989.7
11,570,eb_dec,cpu,14989.7,14989.9
11,570,h_s,dpu,14989.9,15154.6
11,570,gc,cpu,15154.6,15164.6
11,593,normalize,cpu,15165.6,15169.8
11,593,g_a_cpu,cpu,15169.8,15170.2
11,593,g_a,dpu,15170.2,15327.9
11,593,g_a,dpu,15327.9,15480.8
11,593,g_a_cpu,cpu,15480.8,15481.2
11,593,h_a,dpu,15481.2,15718.5
11,593,eb_enc,cpu,15718.5,15718.6
11,593,eb_dec,cpu,15718.6,15718.7
11,593,h_s,dpu,15718.7,15925.9
11,593,gc,cpu,15925.9,15935.5
11,625,normalize,cpu,15936,15939.7
11,625,g_a_cpu,cpu,15939.7,15939.9
11,625,g_a,dpu,15939.9,16100.6
11,625,g_a,dpu,16100.6,16306.3
11,625,g_a_cpu,cpu,16306.3,16306.8
11,625,h_a,dpu,16306.8,16559.9
11,625,eb_enc,cpu,16559.9,16560.1
11,625,eb_dec,cpu,16560.1,16560.2
11,625,h_s,dpu,16560.2,16756.2
11,625,gc,cpu,16756.2,16766.1
11,657,normalize,cpu,16766.7,16770.3
11,657,g_a_cpu,cpu,16770.3,16770.6
11,657,g_a,dpu,16770.6,16929.6
11,657,g_a,dpu,16929.6,17233.7
11,657,g_a_cpu,cpu,17233.7,17234.1
11,657,h_a,dpu,17234.1,17442
11,657,eb_enc,cpu,17442,17442.2
11,657,eb_dec,cpu,17442.2,17442.3
11,657,h_s,dpu,17442.3,17616.3
11,657,gc,cpu,17616.3,17626.2
11,692,normalize,cpu,17626.8,17630.5
11,692,g_a_cpu,cpu,17630.5,17630.8
11,692,g_a,dpu,17630.8,17823.9
11,692,g_a,dpu,17823.9,18059.1
11,692,g_a_cpu,cpu,18059.1,18059.5
11,692,h_a,dpu,18059.5,18219.1
11,692,eb_enc,cpu,18219.1,18219.3
11,692,eb_dec,cpu,18219.3,18219.4
11,692,h_s,dpu,18219.4,18366.7
11,692,gc,cpu,18366.7,18377.1
11,722,normalize,cpu,18377.7,18385.7
11,722,g_a_cpu,cpu,18385.7,18386.1
11,722,g_a,dpu,18386.1,18581.7
11,722,g_a,dpu,18581.7,18846.1
11,722,g_a_cpu,cpu,18846.1,18846.5
11,722,h_a,dpu,18846.5,19055.6
11,722,eb_enc,cpu,19055.6,19055.7
11,722,eb_dec,cpu,19055.7,19055.8
11,722,h_s,dpu,19055.8,19190.4
11,722,gc,cpu,19190.4,19201.9
11,756,normalize,cpu,19202.7,19206.4
11,756,g_a_cpu,cpu,19206.4,19206.9
11,756,g_a,dpu,19206.9,19365.5
11,756,g_a,dpu,19365.5,19711.4
11,756,g_a_cpu,cpu,19711.4,19711.7
11,756,h_a,dpu,19711.7,19929.5
11,756,eb_enc,cpu,19929.5,19929.6
11,756,eb_dec,cpu,19929.6,19929.7
11,756,h_s,dpu,19929.7,20113.2
11,756,gc,cpu,20113.2,20123.1
11,792,normalize,cpu,20123.7,20127.4
11,792,g_a_cpu,cpu,20127.4,20127.7
11,792,g_a,dpu,20127.7,20350.5
11,792,g_a,dpu,20350.5,20387.3
11,792,g_a_cpu,cpu,20387.3,20387.8
11,792,h_a,dpu,20387.8,20623.2
11,792,eb_enc,cpu,20623.2,20623.4
11,792,eb_dec,cpu,20623.4,20623.5
11,792,h_s,dpu,20623.5,20824.9
11,792,gc,cpu,20824.9,20837.5
11,819,normalize,cpu,20838.1,20841.8
11,819,g_a_cpu,cpu,20841.8,20842.4
11,819,g_a,dpu,20842.4,21329.3
11,819,g_a,dpu,21329.4,21366.2
11,819,g_a_cpu,cpu,21366.2,21366.6
11,819,h_a,dpu,21366.6,21591.3
11,819,eb_enc,cpu,21591.3,21591.4
11,819,eb_dec,cpu,21591.4,21591.5
11,819,h_s,dpu,21591.5,21747.1
11,819,gc,cpu,21747.1,21758
11,854,normalize,cpu,21758.5,21762.2
11,854,g_a_cpu,cpu,21762.2,21762.5
11,854,g_a,dpu,21762.5,21985.5
11,854,g_a,dpu,21985.5,22209
11,854,g_a_cpu,cpu,22209,22209.4
11,854,h_a,dpu,22209.4,22362.4
11,854,eb_enc,cpu,22362.4,22362.5
11,854,eb_dec,cpu,22362.5,22362.6
11,854,h_s,dpu,22362.6,22493.8
11,854,gc,cpu,22493.8,22503.9
11,881,normalize,cpu,22504.8,22508.4
11,881,g_a_cpu,cpu,22508.4,22508.8
11,881,g_a,dpu,22508.8,22546.1
11,881,g_a,dpu,22546.1,22813.3
11,881,g_a_cpu,cpu,22813.3,22813.7
11,881,h_a,dpu,22813.7,23003.7
11,881,eb_enc,cpu,23003.7,23003.8
11,881,eb_dec,cpu,23003.8,23003.9
11,881,h_s,dpu,23003.9,23173.8
11,881,gc,cpu,23173.8,23183.6
11,910,normalize,cpu,23184.1,23187.8
11,910,g_a_cpu,cpu,23187.8,23188.1
11,910,g_a,dpu,23188.1,23339.7
11,910,g_a,dpu,23339.7,23562.8
11,910,g_a_cpu,cpu,23562.8,23563.1
11,910,h_a,dpu,23563.1,23771.3
11,910,eb_enc,cpu,23771.3,23771.4
11,910,eb_dec,cpu,23771.4,23771.5
11,910,h_s,dpu,23771.5,23940.6
11,910,gc,cpu,23940.6,23950.5
12,11,normalize,cpu,81.4951,85.1489
12,11,g_a_cpu,cpu,97.138,97.6263
12,11,g_a,dpu,97.6375,420.95
12,11,g_a,dpu,420.953,781.985
12,11,g_a_cpu,cpu,781.986,782.502
12,11,h_a,dpu,782.508,831.341
12,11,eb_enc,cpu,831.342,831.469
12,11,eb_dec,cpu,831.469,831.582
12,11,h_s,dpu,831.582,951.41
12,11,gc,cpu,951.413,1012.02
12,44,normalize,cpu,1012.75,1016.44
12,44,g_a_cpu,cpu,1016.45,1016.83
12,44,g_a,dpu,1016.84,1207.96
12,44,g_a,dpu,1207.96,1244.22
12,44,g_a_cpu,cpu,1244.22,1244.74
12,44,h_a,dpu,1244.74,1548.13
12,44,eb_enc,cpu,1548.15,1548.28
12,44,eb_dec,cpu,1548.28,1548.39
12,44,h_s,dpu,1548.4,1693.53
12,44,gc,cpu,1693.53,1704.1
12,67,normalize,cpu,1704.68,1708.35
12,67,g_a_cpu,cpu,1708.35,1708.75
12,67,g_a,dpu,1708.76,1982.54
12,67,g_a,dpu,1982.55,2271.82
12,67,g_a_cpu,cpu,2271.82,2272.2
12,67,h_a,dpu,2272.2,2490.83
12,67,eb_enc,cpu,2490.83,2490.96
12,67,eb_dec,cpu,2490.96,2491.08
12,67,h_s,dpu,2491.08,2672.04
12,67,gc,cpu,2672.04,2682.35
12,112,normalize,cpu,2682.97,2686.65
12,112,g_a_cpu,cpu,2686.66,2687
12,112,g_a,dpu,2687,2821.5
12,112,g_a,dpu,2821.52,3077.03
12,112,g_a_cpu,cpu,3077.03,3077.44
12,112,h_a,dpu,3077.45,3160.75
12,112,eb_enc,cpu,3160.75,3160.91
12,112,eb_dec,cpu,3160.91,3161.03
12,112,h_s,dpu,3161.03,3453.81
12,112,gc,cpu,3453.81,3464.14
12,138,normalize,cpu,3464.65,3468.31
12,138,g_a_cpu,cpu,3468.31,3468.66
12,138,g_a,dpu,3468.67,3697.67
12,138,g_a,dpu,3697.68,4001.06
12,138,g_a_cpu,cpu,4001.07,4001.51
12,138,h_a,dpu,4001.51,4098.08
12,138,eb_enc,cpu,4098.09,4098.21
12,138,eb_dec,cpu,4098.21,4098.32
12,138,h_s,dpu,4098.32,4296
12,138,gc,cpu,4296,4318.25
12,178,normalize,cpu,4318.94,4322.7
12,178,g_a_cpu,cpu,4322.71,4323.21
12,178,g_a,dpu,4323.22,4552.91
12,178,g_a,dpu,4552.91,4589.28
12,178,g_a_cpu,cpu,4589.28,4589.65
12,178,h_a,dpu,4589.65,4832.19
12,178,eb_enc,cpu,4832.19,4832.32
12,178,eb_dec,cpu,4832.32,4832.43
12,178,h_s,dpu,4832.43,4970.94
12,178,gc,cpu,4970.94,4981.14
12,196,normalize,cpu,4981.73,4985.38
12,196,g_a_cpu,cpu,4985.39,4985.69
12,196,g_a,dpu,4985.69,5230.08
12,196,g_a,dpu,5230.08,5525.04
12,196,g_a_cpu,cpu,5525.04,5525.65
12,196,h_a,dpu,5525.66,5672.47
12,196,eb_enc,cpu,5672.47,5672.59
12,196,eb_dec,cpu,5672.59,5672.71
12,196,h_s,dpu,5672.71,5802.39
12,196,gc,cpu,5802.4,5812.32
12,231,normalize,cpu,5813.48,5817.14
12,231,g_a_cpu,cpu,5817.14,5817.53
12,231,g_a,dpu,5817.53,6117.85
12,231,g_a,dpu,6117.86,6385.68
12,231,g_a_cpu,cpu,6385.68,6386.09
12,231,h_a,dpu,6386.1,6615.22
12,231,eb_enc,cpu,6615.22,6615.37
12,231,eb_dec,cpu,6615.37,6615.49
12,231,h_s,dpu,6615.49,6712.37
12,231,gc,cpu,6712.37,6722.96
12,268,normalize,cpu,6723.55,6727.24
12,268,g_a_cpu,cpu,6727.24,6727.65
12,268,g_a,dpu,6727.65,7025.89
12,268,g_a,dpu,7025.89,7248.33
12,268,g_a_cpu,cpu,7248.34,7248.98
12,268,h_a,dpu,7248.98,7443.42
12,268,eb_enc,cpu,7443.42,7443.55
12,268,eb_dec,cpu,7443.55,7443.66
12,268,h_s,dpu,7443.67,7585.66
12,268,gc,cpu,7585.66,7597.19
12,303,normalize,cpu,7597.85,7601.52
12,303,g_a_cpu,cpu,7601.53,7601.89
12,303,g_a,dpu,7601.9,7868.78
12,303,g_a,dpu,7868.78,8090.23
12,303,g_a_cpu,cpu,8090.24,8090.75
12,303,h_a,dpu,8090.76,8227.17
12,303,eb_enc,cpu,8227.17,8227.3
12,303,eb_dec,cpu,8227.3,8227.44
12,303,h_s,dpu,8227.44,8437.76
12,303,gc,cpu,8437.76,8448.35
12,336,normalize,cpu,8448.82,8452.48
12,336,g_a_cpu,cpu,8452.48,8452.8
12,336,g_a,dpu,8452.81,8709.06
12,336,g_a,dpu,8709.06,8949.81
12,336,g_a_cpu,cpu,8949.81,8950.19
12,336,h_a,dpu,8950.19,9096.33
12,336,eb_enc,cpu,9096.33,9096.46
12,336,eb_dec,cpu,9096.46,9096.57
12,336,h_s,dpu,9096.57,9316.51
12,336,gc,cpu,9316.51,9326.56
12,369,normalize,cpu,9327.06,9330.87
12,369,g_a_cpu,cpu,9330.88,9331.14
12,369,g_a,dpu,9331.14,9569.31
12,369,g_a,dpu,9569.31,9605.62
12,369,g_a_cpu,cpu,9605.62,9606.01
12,369,h_a,dpu,9606.01,9755.51
12,369,eb_enc,cpu,9755.51,9755.65
12,369,eb_dec,cpu,9755.65,9755.77
12,369,h_s,dpu,9755.77,9967.18
12,369,gc,cpu,9967.18,9977.11
12,393,normalize,cpu,9977.66,9981.31
12,393,g_a_cpu,cpu,9981.32,9981.6
12,393,g_a,dpu,9981.6,10216.7
12,393,g_a,dpu,10216.7,10440.2
12,393,g_a_cpu,cpu,10440.2,10440.7
12,393,h_a,dpu,10440.7,10563.6
12,393,eb_enc,cpu,10563.6,10563.8
12,393,eb_dec,cpu,10563.8,10564
12,393,h_s,dpu,10564,10758.6
12,393,gc,cpu,10758.6,10768.8
12,425,normalize,cpu,10769.3,10773.6
12,425,g_a_cpu,cpu,10773.6,10773.9
12,425,g_a,dpu,10773.9,11032.8
12,425,g_a,dpu,11032.8,11187.1
12,425,g_a_cpu,cpu,11187.1,11187.7
12,425,h_a,dpu,11187.7,11377.6
12,425,eb_enc,cpu,11377.6,11377.7
12,425,eb_dec,cpu,11377.7,11377.8
12,425,h_s,dpu,11377.8,11544.8
12,425,gc,cpu,11544.8,11554.9
12,456,normalize,cpu,11555.4,11559.1
12,456,g_a_cpu,cpu,11559.1,11559.4
12,456,g_a,dpu,11559.5,11828.8
12,456,g_a,dpu,11828.8,12101.1
12,456,g_a_cpu,cpu,12101.2,12101.9
12,456,h_a,dpu,12101.9,12242.5
12,456,eb_enc,cpu,12242.5,12242.6
12,456,eb_dec,cpu,12242.6,12242.7
12,456,h_s,dpu,12242.7,12440.9
12,456,gc,cpu,12440.9,12454.7
12,489,normalize,cpu,12455.2,12458.9
12,489,g_a_cpu,cpu,12458.9,12459.2
12,489,g_a,dpu,12459.2,12716.9
12,489,g_a,dpu,12716.9,12949.1
12,489,g_a_cpu,cpu,12949.2,12949.6
12,489,h_a,dpu,12949.6,13153.4
12,489,eb_enc,cpu,13153.4,13153.6
12,489,eb_dec,cpu,13153.6,13153.7
12,489,h_s,dpu,13153.7,13353.9
12,489,gc,cpu,13353.9,13364.1
12,524,normalize,cpu,13364.5,13368.2
12,524,g_a_cpu,cpu,13368.2,13368.5
12,524,g_a,dpu,13368.5,13620.2
12,524,g_a,dpu,13620.2,13808
12,524,g_a_cpu,cpu,13808,13808.4
12,524,h_a,dpu,13808.4,13981
12,524,eb_enc,cpu,13981,13981.2
12,524,eb_dec,cpu,13981.2,13981.3
12,524,h_s,dpu,13981.3,14268.4
12,524,gc,cpu,14268.4,14278.2
12,559,normalize,cpu,14278.8,14282.5
12,559,g_a_cpu,cpu,14282.5,14282.8
12,559,g_a,dpu,14282.8,14443.3
12,559,g_a,dpu,14443.3,14595.3
12,559,g_a_cpu,cpu,14595.3,14595.8
12,559,h_a,dpu,14595.8,14841.5
12,559,eb_enc,cpu,14841.5,14841.6
12,559,eb_dec,cpu,14841.6,14841.8
12,559,h_s,dpu,14841.8,15064.5
12,559,gc,cpu,15064.5,15075
12,587,normalize,cpu,15075.5,15079.2
12,587,g_a_cpu,cpu,15079.2,15079.5
12,587,g_a,dpu,15079.5,15229.8
12,587,g_a,dpu,15229.8,15271.4
12,587,g_a_cpu,cpu,15271.4,15271.9
12,587,h_a,dpu,15271.9,15444.4
12,587,eb_enc,cpu,15444.4,15444.5
12,587,eb_dec,cpu,15444.5,15444.6
12,587,h_s,dpu,15444.6,15717.5
12,587,gc,cpu,15717.5,15727.5
12,616,normalize,cpu,15728.3,15732
12,616,g_a_cpu,cpu,15732,15732.4
12,616,g_a,dpu,15732.4,15768.9
12,616,g_a,dpu,15769,16035.2
12,616,g_a_cpu,cpu,16035.2,16035.8
12,616,h_a,dpu,16035.8,16183.4
12,616,eb_enc,cpu,16183.4,16183.5
12,616,eb_dec,cpu,16183.5,16183.7
12,616,h_s,dpu,16183.7,16378
12,616,gc,cpu,16378,16388.3
12,644,normalize,cpu,16388.9,16392.5
12,644,g_a_cpu,cpu,16392.5,16393.1
12,644,g_a,dpu,16393.1,16644.8
12,644,g_a,dpu,16644.8,16792.8
12,644,g_a_cpu,cpu,16792.8,16793.2
12,644,h_a,dpu,16793.2,16968.4
12,644,eb_enc,cpu,16968.4,16968.5
12,644,eb_dec,cpu,16968.5,16968.6
12,644,h_s,dpu,16968.6,17246.5
12,644,gc,cpu,17246.5,17256.1
12,675,normalize,cpu,17256.6,17260.3
12,675,g_a_cpu,cpu,17260.3,17260.6
12,675,g_a,dpu,17260.6,17429.3
12,675,g_a,dpu,17429.3,17615.5
12,675,g_a_cpu,cpu,17615.5,17616
12,675,h_a,dpu,17616,17787.1
12,675,eb_enc,cpu,17787.1,17787.2
12,675,eb_dec,cpu,17787.2,17787.3
12,675,h_s,dpu,17787.3,18029.9
12,675,gc,cpu,18029.9,18039.7
12,706,normalize,cpu,18040.3,18044
12,706,g_a_cpu,cpu,18044,18044.4
12,706,g_a,dpu,18044.4,18251.5
12,706,g_a,dpu,18251.5,18287.8
12,706,g_a_cpu,cpu,18287.9,18288.2
12,706,h_a,dpu,18288.2,18429.7
12,706,eb_enc,cpu,18429.7,18429.8
12,706,eb_dec,cpu,18429.8,18429.9
12,706,h_s,dpu,18429.9,18643.3
12,706,gc,cpu,18643.3,18653.1
12,734,normalize,cpu,18653.6,18657.3
12,734,g_a_cpu,cpu,18657.3,18657.8
12,734,g_a,dpu,18657.8,18921.6
12,734,g_a,dpu,18921.6,19108.4
12,734,g_a_cpu,cpu,19108.4,19108.8
12,734,h_a,dpu,19108.8,19251.4
12,734,eb_enc,cpu,19251.4,19251.5
12,734,eb_dec,cpu,19251.5,19251.6
12,734,h_s,dpu,19251.6,19516.9
12,734,gc,cpu,19516.9,19526.8
12,766,normalize,cpu,19527.4,19531.9
12,766,g_a_cpu,cpu,19531.9,19532.2
12,766,g_a,dpu,19532.2,19795.4
12,766,g_a,dpu,19795.4,20036.9
12,766,g_a_cpu,cpu,20036.9,20037.4
12,766,h_a,dpu,20037.4,20161.1
12,766,eb_enc,cpu,20161.1,20161.2
12,766,eb_dec,cpu,20161.2,20161.4
12,766,h_s,dpu,20161.4,20398.7
12,766,gc,cpu,20398.7,20408.5
12,799,normalize,cpu,20409.1,20412.8
12,799,g_a_cpu,cpu,20412.8,20413.3
12,799,g_a,dpu,20413.3,20449.8
12,799,g_a,dpu,20449.8,20709.3
12,799,g_a_cpu,cpu,20709.3,20709.9
12,799,h_a,dpu,20709.9,20787.5
12,799,eb_enc,cpu,20787.5,20787.7
12,799,eb_dec,cpu,20787.7,20787.8
12,799,h_s,dpu,20787.8,20969.9
12,799,gc,cpu,20969.9,20979.8
12,825,normalize,cpu,20980.4,20984
12,825,g_a_cpu,cpu,20984,20984.3
12,825,g_a,dpu,20984.3,21247.1
12,825,g_a,dpu,21247.1,21540.3
12,825,g_a_cpu,cpu,21540.3,21540.7
12,825,h_a,dpu,21540.7,21578.8
12,825,eb_enc,cpu,21578.8,21578.9
12,825,eb_dec,cpu,21578.9,21579
12,825,h_s,dpu,21579,21832.3
12,825,gc,cpu,21832.3,21842
12,859,normalize,cpu,21842.4,21846.1
12,859,g_a_cpu,cpu,21846.1,21846.5
12,859,g_a,dpu,21846.5,22081.1
12,859,g_a,dpu,22081.1,22340.2
12,859,g_a_cpu,cpu,22340.2,22340.9
12,859,h_a,dpu,22340.9,22504.9
12,859,eb_enc,cpu,22504.9,22505.1
12,859,eb_dec,cpu,22505.1,22505.2
12,859,h_s,dpu,22505.2,22706.5
12,859,gc,cpu,22706.5,22716.5
12,891,normalize,cpu,22717,22720.6
12,891,g_a_cpu,cpu,22720.6,22721
12,891,g_a,dpu,22721,22944.7
12,891,g_a,dpu,22944.7,23171.3
12,891,g_a_cpu,cpu,23171.3,23171.8
12,891,h_a,dpu,23171.8,23229.6
12,891,eb_enc,cpu,23229.6,23229.7
12,891,eb_dec,cpu,23229.7,23229.8
12,891,h_s,dpu,23229.8,23507.2
12,891,gc,cpu,23507.3,23517
12,921,normalize,cpu,23517.5,23521.2
12,921,g_a_cpu,cpu,23521.2,23521.4
12,921,g_a,dpu,23521.4,23820.9
12,921,g_a,dpu,23820.9,23976.8
12,921,g_a_cpu,cpu,23976.8,23977.2
12,921,h_a,dpu,23977.2,23985.1
12,921,eb_enc,cpu,23985.1,23985.2
12,921,eb_dec,cpu,23985.2,23985.3
12,921,h_s,dpu,23985.3,24083.6
12,921,gc,cpu,24083.6,24096.4
13,25,normalize,cpu,105.525,109.194
13,25,g_a_cpu,cpu,109.29,109.847
13,25,g_a,dpu,109.853,259.523
13,25,g_a,dpu,259.526,657.807
13,25,g_a_cpu,cpu,657.808,658.276
13,25,h_a,dpu,658.282,902.559
13,25,eb_enc,cpu,902.562,902.753
13,25,eb_dec,cpu,902.755,902.897
13,25,h_s,dpu,902.898,909.289
13,25,gc,cpu,909.302,1053.55
13,60,normalize,cpu,1054.22,1057.93
13,60,g_a_cpu,cpu,1057.93,1058.41
13,60,g_a,dpu,1058.41,1323.02
13,60,g_a,dpu,1323.02,1765.36
13,60,g_a_cpu,cpu,1765.36,1765.76
13,60,h_a,dpu,1765.76,1848.28
13,60,eb_enc,cpu,1848.29,1848.47
13,60,eb_dec,cpu,1848.48,1848.62
13,60,h_s,dpu,1848.62,1850.65
13,60,gc,cpu,1850.65,1861.43
13,79,normalize,cpu,1861.98,1865.77
13,79,g_a_cpu,cpu,1865.78,1866.38
13,79,g_a,dpu,1866.39,2201.32
13,79,g_a,dpu,2201.32,2535.36
13,79,g_a_cpu,cpu,2535.36,2535.71
13,79,h_a,dpu,2535.71,2550.72
13,79,eb_enc,cpu,2550.73,2550.92
13,79,eb_dec,cpu,2550.92,2551.04
13,79,h_s,dpu,2551.04,2772.44
13,79,gc,cpu,2772.44,2782.72
13,119,normalize,cpu,2783.45,2787.22
13,119,g_a_cpu,cpu,2787.23,2787.81
13,119,g_a,dpu,2787.82,3144.95
13,119,g_a,dpu,3144.96,3449.39
13,119,g_a_cpu,cpu,3449.39,3449.81
13,119,h_a,dpu,3449.81,3587.87
13,119,eb_enc,cpu,3587.87,3588.01
13,119,eb_dec,cpu,3588.01,3588.14
13,119,h_s,dpu,3588.14,3712.37
13,119,gc,cpu,3712.38,3722.55
13,155,normalize,cpu,3723.16,3726.85
13,155,g_a_cpu,cpu,3726.85,3727.24
13,155,g_a,dpu,3727.24,4051.5
13,155,g_a,dpu,4051.5,4293.4
13,155,g_a_cpu,cpu,4293.4,4293.99
13,155,h_a,dpu,4293.99,4773.82
13,155,eb_enc,cpu,4773.82,4773.96
13,155,eb_dec,cpu,4773.96,4774.08
13,155,h_s,dpu,4774.08,4912.44
13,155,gc,cpu,4912.44,4922.66
13,193,normalize,cpu,4923.12,4926.77
13,193,g_a_cpu,cpu,4926.78,4927.11
13,193,g_a,dpu,4927.11,5083.3
13,193,g_a,dpu,5083.31,5797.49
13,193,g_a_cpu,cpu,5797.49,5798
13,193,h_a,dpu,5798.01,6043.46
13,193,eb_enc,cpu,6043.47,6043.59
13,193,eb_dec,cpu,6043.59,6043.71
13,193,h_s,dpu,6043.71,6666.42
13,193,gc,cpu,6666.42,6677.95
13,264,normalize,cpu,6678.46,6682.11
13,264,g_a_cpu,cpu,6682.11,6682.46
13,264,g_a,dpu,6682.46,6793.01
13,264,g_a,dpu,6793.01,6976.34
13,264,g_a_cpu,cpu,6976.34,6976.73
13,264,h_a,dpu,6976.73,7406.11
13,264,eb_enc,cpu,7406.11,7406.24
13,264,eb_dec,cpu,7406.25,7406.37
13,264,h_s,dpu,7406.37,7566.56
13,264,gc,cpu,7566.56,7576.55
13,300,normalize,cpu,7577.2,7581.08
13,300,g_a_cpu,cpu,7581.08,7581.62
13,300,g_a,dpu,7581.62,7825.03
13,300,g_a,dpu,7825.03,7861.48
13,300,g_a_cpu,cpu,7861.49,7861.94
13,300,h_a,dpu,7861.94,8053.69
13,300,eb_enc,cpu,8053.69,8053.85
13,300,eb_dec,cpu,8053.85,8053.96
13,300,h_s,dpu,8053.96,8223.34
13,300,gc,cpu,8223.34,8233.65
13,325,normalize,cpu,8234.25,8237.94
13,325,g_a_cpu,cpu,8237.95,8238.54
13,325,g_a,dpu,8238.54,8481
13,325,g_a,dpu,8481,8708.37
13,325,g_a_cpu,cpu,8708.38,8708.88
13,325,h_a,dpu,8708.89,8913.89
13,325,eb_enc,cpu,8913.89,8914.06
13,325,eb_dec,cpu,8914.06,8914.18
13,325,h_s,dpu,8914.18,9057.56
13,325,gc,cpu,9057.56,9067.69
13,357,normalize,cpu,9068.52,9072.28
13,357,g_a_cpu,cpu,9072.28,9072.64
13,357,g_a,dpu,9072.65,9277
13,357,g_a,dpu,9277,9313.38
13,357,g_a_cpu,cpu,9313.38,9313.77
13,357,h_a,dpu,9313.77,9532.28
13,357,eb_enc,cpu,9532.29,9532.41
13,357,eb_dec,cpu,9532.41,9532.53
13,357,h_s,dpu,9532.53,9678.94
13,357,gc,cpu,9678.94,9688.9
13,382,normalize,cpu,9689.36,9693.01
13,382,g_a_cpu,cpu,9693.02,9693.35
13,382,g_a,dpu,9693.35,9928.22
13,382,g_a,dpu,9928.22,10190.8
13,382,g_a_cpu,cpu,10190.8,10191.2
13,382,h_a,dpu,10191.2,10368.3
13,382,eb_enc,cpu,10368.3,10368.5
13,382,eb_dec,cpu,10368.5,10368.6
13,382,h_s,dpu,10368.6,10560.4
13,382,gc,cpu,10560.4,10573.3
13,418,normalize,cpu,10573.9,10577.6
13,418,g_a_cpu,cpu,10577.6,10577.9
13,418,g_a,dpu,10577.9,10795.6
13,418,g_a,dpu,10795.6,11016.6
13,418,g_a_cpu,cpu,11016.6,11017
13,418,h_a,dpu,11017,11151.2
13,418,eb_enc,cpu,11151.2,11151.3
13,418,eb_dec,cpu,11151.3,11151.4
13,418,h_s,dpu,11151.4,11375.1
13,418,gc,cpu,11375.1,11385.5
13,449,normalize,cpu,11386.1,11389.8
13,449,g_a_cpu,cpu,11389.8,11390.2
13,449,g_a,dpu,11390.2,11621.5
13,449,g_a,dpu,11621.5,11856.5
13,449,g_a_cpu,cpu,11856.6,11856.9
13,449,h_a,dpu,11856.9,12102.4
13,449,eb_enc,cpu,12102.4,12102.6
13,449,eb_dec,cpu,12102.6,12102.7
13,449,h_s,dpu,12102.7,12243.8
13,449,gc,cpu,12243.9,12255.3
13,480,normalize,cpu,12255.9,12259.5
13,480,g_a_cpu,cpu,12259.6,12260.1
13,480,g_a,dpu,12260.1,12514.3
13,480,g_a,dpu,12514.3,12740.6
13,480,g_a_cpu,cpu,12740.6,12741.3
13,480,h_a,dpu,12741.3,12951.2
13,480,eb_enc,cpu,12951.2,12951.4
13,480,eb_dec,cpu,12951.4,12951.5
13,480,h_s,dpu,12951.5,13154.5
13,480,gc,cpu,13154.5,13164.3
13,518,normalize,cpu,13164.8,13168.5
13,518,g_a_cpu,cpu,13168.5,13168.8
13,518,g_a,dpu,13168.8,13429.8
13,518,g_a,dpu,13429.8,13586.8
13,518,g_a_cpu,cpu,13586.8,13587.2
13,518,h_a,dpu,13587.2,13772
13,518,eb_enc,cpu,13772,13772.3
13,518,eb_dec,cpu,13772.3,13772.4
13,518,h_s,dpu,13772.4,13941.7
13,518,gc,cpu,13941.7,13952.1
13,550,normalize,cpu,13952.6,13956.2
13,550,g_a_cpu,cpu,13956.2,13956.5
13,550,g_a,dpu,13956.5,14229.8
13,550,g_a,dpu,14229.8,14462.2
13,550,g_a_cpu,cpu,14462.2,14462.7
13,550,h_a,dpu,14462.7,14596.2
13,550,eb_enc,cpu,14596.2,14596.3
13,550,eb_dec,cpu,14596.3,14596.4
13,550,h_s,dpu,14596.4,14842.5
13,550,gc,cpu,14842.5,14852.6
13,584,normalize,cpu,14853.2,14857
13,584,g_a_cpu,cpu,14857,14857.3
13,584,g_a,dpu,14857.3,15100.4
13,584,g_a,dpu,15100.4,15253.1
13,584,g_a_cpu,cpu,15253.1,15253.5
13,584,h_a,dpu,15253.5,15359.5
13,584,eb_enc,cpu,15359.5,15359.7
13,584,eb_dec,cpu,15359.7,15359.8
13,584,h_s,dpu,15359.8,15485.4
13,584,gc,cpu,15485.4,15495.5
13,613,normalize,cpu,15496,15499.7
13,613,g_a_cpu,cpu,15499.7,15500
13,613,g_a,dpu,15500,15829.8
13,613,g_a,dpu,15829.8,16214
13,613,g_a_cpu,cpu,16214,16214.6
13,613,h_a,dpu,16214.7,16456
13,613,eb_enc,cpu,16456,16456.2
13,613,eb_dec,cpu,16456.2,16456.3
13,613,h_s,dpu,16456.3,16652.2
13,613,gc,cpu,16652.2,16662.3
13,651,normalize,cpu,16662.8,16666.5
13,651,g_a_cpu,cpu,16666.5,16666.9
13,651,g_a,dpu,16666.9,16895.9
13,651,g_a,dpu,16895.9,17173
13,651,g_a_cpu,cpu,17173,17173.5
13,651,h_a,dpu,17173.5,17390.4
13,651,eb_enc,cpu,17390.4,17390.5
13,651,eb_dec,cpu,17390.5,17390.6
13,651,h_s,dpu,17390.6,17514.8
13,651,gc,cpu,17514.8,17525
13,687,normalize,cpu,17525.5,17529.2
13,687,g_a_cpu,cpu,17529.2,17529.6
13,687,g_a,dpu,17529.6,17685.2
13,687,g_a,dpu,17685.2,17869
13,687,g_a_cpu,cpu,17869,17869.5
13,687,h_a,dpu,17869.5,18100.5
13,687,eb_enc,cpu,18100.5,18100.7
13,687,eb_dec,cpu,18100.7,18100.8
13,687,h_s,dpu,18100.8,18269.4
13,687,gc,cpu,18269.4,18279.3
13,716,normalize,cpu,18279.8,18283.4
13,716,g_a_cpu,cpu,18283.4,18283.8
13,716,g_a,dpu,18283.8,18489.7
13,716,g_a,dpu,18489.7,18942.8
13,716,g_a_cpu,cpu,18942.8,18943.3
13,716,h_a,dpu,18943.3,19110.2
13,716,eb_enc,cpu,19110.2,19110.4
13,716,eb_dec,cpu,19110.4,19110.5
13,716,h_s,dpu,19110.5,19252.7
13,716,gc,cpu,19252.7,19262.5
13,757,normalize,cpu,19263,19266.7
13,757,g_a_cpu,cpu,19266.7,19267
13,757,g_a,dpu,19267,19552.7
13,757,g_a,dpu,19552.7,19776.3
13,757,g_a_cpu,cpu,19776.3,19776.7
13,757,h_a,dpu,19776.7,19957.9
13,757,eb_enc,cpu,19957.9,19958.1
13,757,eb_dec,cpu,19958.1,19958.2
13,757,h_s,dpu,19958.2,19966.5
13,757,gc,cpu,19966.5,19977
13,786,normalize,cpu,19978.1,19982.3
13,786,g_a_cpu,cpu,19982.3,19982.7
13,786,g_a,dpu,19982.7,20249.2
13,786,g_a,dpu,20249.2,20285.7
13,786,g_a_cpu,cpu,20285.7,20286.1
13,786,h_a,dpu,20286.1,20594.7
13,786,eb_enc,cpu,20594.7,20594.8
13,786,eb_dec,cpu,20594.8,20594.9
13,786,h_s,dpu,20594.9,20697.8
13,786,gc,cpu,20697.8,20709.4
13,810,normalize,cpu,20710.5,20714.2
13,810,g_a_cpu,cpu,20714.2,20714.6
13,810,g_a,dpu,20714.6,20893
13,810,g_a,dpu,20893,21159
13,810,g_a_cpu,cpu,21159,21159.3
13,810,h_a,dpu,21159.3,21393.8
13,810,eb_enc,cpu,21393.8,21394
13,810,eb_dec,cpu,21394,21394.1
13,810,h_s,dpu,21394.1,21454.4
13,810,gc,cpu,21454.4,21464.8
13,839,normalize,cpu,21465.5,21469.2
13,839,g_a_cpu,cpu,21469.2,21469.7
13,839,g_a,dpu,21469.7,21754.3
13,839,g_a,dpu,21754.3,22015.8
13,839,g_a_cpu,cpu,22015.8,22016.2
13,839,h_a,dpu,22016.2,22265.6
13,839,eb_enc,cpu,22265.6,22265.8
13,839,eb_dec,cpu,22265.8,22265.9
13,839,h_s,dpu,22265.9,22379.4
13,839,gc,cpu,22379.4,22389.4
13,876,normalize,cpu,22389.8,22393.5
13,876,g_a_cpu,cpu,22393.5,22393.9
13,876,g_a,dpu,22393.9,22667.6
13,876,g_a,dpu,22667.6,22927.5
13,876,g_a_cpu,cpu,22927.5,22927.9
13,876,h_a,dpu,22927.9,23135.3
13,876,eb_enc,cpu,23135.3,23135.4
13,876,eb_dec,cpu,23135.4,23135.6
13,876,h_s,dpu,23135.6,23227.5
13,876,gc,cpu,23227.5,23237.6
13,913,normalize,cpu,23238.1,23241.8
13,913,g_a_cpu,cpu,23241.8,23242.1
13,913,g_a,dpu,23242.1,23543.1
13,913,g_a,dpu,23543.1,23770.1
13,913,g_a_cpu,cpu,23770.1,23770.6
13,913,h_a,dpu,23770.6,23939.8
13,913,eb_enc,cpu,23939.8,23939.9
13,913,eb_dec,cpu,23939.9,23940
13,913,h_s,dpu,23940,23943.8
13,913,gc,cpu,23943.8,23954
14,24,normalize,cpu,104.228,107.883
14,24,g_a_cpu,cpu,107.975,108.54
14,24,g_a,dpu,108.545,739.14
14,24,g_a,dpu,739.146,826.974
14,24,g_a_cpu,cpu,826.975,827.363
14,24,h_a,dpu,827.368,949.054
14,24,eb_enc,cpu,949.057,949.2
14,24,eb_dec,cpu,949.202,949.334
14,24,h_s,dpu,949.334,950.458
14,24,gc,cpu,950.463,1055.65
14,61,normalize,cpu,1056.28,1059.96
14,61,g_a_cpu,cpu,1059.96,1060.41
14,61,g_a,dpu,1060.41,1399.56
14,61,g_a,dpu,1399.57,1737.42
14,61,g_a_cpu,cpu,1737.43,1737.77
14,61,h_a,dpu,1737.78,1847.45
14,61,eb_enc,cpu,1847.45,1847.7
14,61,eb_dec,cpu,1847.71,1847.85
14,61,h_s,dpu,1847.85,1983.79
14,61,gc,cpu,1983.79,1993.53
14,92,normalize,cpu,1994,1997.68
14,92,g_a_cpu,cpu,1997.69,1997.97
14,92,g_a,dpu,1997.98,2265.78
14,92,g_a,dpu,2265.78,2488.63
14,92,g_a_cpu,cpu,2488.63,2489.03
14,92,h_a,dpu,2489.04,2670.65
14,92,eb_enc,cpu,2670.65,2670.8
14,92,eb_dec,cpu,2670.8,2670.91
14,92,h_s,dpu,2670.91,2741.78
14,92,gc,cpu,2741.78,2752.59
14,117,normalize,cpu,2753.25,2756.88
14,117,g_a_cpu,cpu,2756.88,2757.69
14,117,g_a,dpu,2757.69,3118.72
14,117,g_a,dpu,3118.73,3197.22
14,117,g_a_cpu,cpu,3197.22,3197.61
14,117,h_a,dpu,3197.61,3494.85
14,117,eb_enc,cpu,3494.85,3494.97
14,117,eb_dec,cpu,3494.97,3495.08
14,117,h_s,dpu,3495.08,3699.89
14,117,gc,cpu,3699.89,3709.72
14,154,normalize,cpu,3710.18,3713.97
14,154,g_a_cpu,cpu,3713.97,3714.35
14,154,g_a,dpu,3714.36,3974.65
14,154,g_a,dpu,3974.65,4095.81
14,154,g_a_cpu,cpu,4095.81,4096.24
14,154,h_a,dpu,4096.24,4294.97
14,154,eb_enc,cpu,4294.97,4295.16
14,154,eb_dec,cpu,4295.16,4295.29
14,154,h_s,dpu,4295.29,4506.82
14,154,gc,cpu,4506.82,4516.66
14,184,normalize,cpu,4517.49,4521.25
14,184,g_a_cpu,cpu,4521.26,4521.74
14,184,g_a,dpu,4521.74,4756.59
14,184,g_a,dpu,4756.59,5032.9
14,184,g_a_cpu,cpu,5032.9,5033.33
14,184,h_a,dpu,5033.33,5197.47
14,184,eb_enc,cpu,5197.47,5197.59
14,184,eb_dec,cpu,5197.59,5197.7
14,184,h_s,dpu,5197.7,5414.99
14,184,gc,cpu,5415,5424.79
14,219,normalize,cpu,5425.33,5428.98
14,219,g_a_cpu,cpu,5428.98,5429.35
14,219,g_a,dpu,5429.35,5633.5
14,219,g_a,dpu,5633.5,5789.28
14,219,g_a_cpu,cpu,5789.28,5789.62
14,219,h_a,dpu,5789.62,5962.41
14,219,eb_enc,cpu,5962.41,5962.53
14,219,eb_dec,cpu,5962.54,5962.65
14,219,h_s,dpu,5962.65,6157.6
14,219,gc,cpu,6157.6,6167.29
14,245,normalize,cpu,6167.78,6171.44
14,245,g_a_cpu,cpu,6171.44,6171.78
14,245,g_a,dpu,6171.78,6421.47
14,245,g_a,dpu,6421.48,6653.16
14,245,g_a_cpu,cpu,6653.16,6653.89
14,245,h_a,dpu,6653.9,6713.8
14,245,eb_enc,cpu,6713.81,6714
14,245,eb_dec,cpu,6714,6714.13
14,245,h_s,dpu,6714.13,6952.19
14,245,gc,cpu,6952.19,6962.14
14,277,normalize,cpu,6962.57,6966.2
14,277,g_a_cpu,cpu,6966.21,6966.64
14,277,g_a,dpu,6966.64,7246.26
14,277,g_a,dpu,7246.26,7440.52
14,277,g_a_cpu,cpu,7440.53,7441.05
14,277,h_a,dpu,7441.05,7584.33
14,277,eb_enc,cpu,7584.33,7584.45
14,277,eb_dec,cpu,7584.45,7584.57
14,277,h_s,dpu,7584.57,7792.45
14,277,gc,cpu,7792.45,7803.29
14,309,normalize,cpu,7803.86,7807.51
14,309,g_a_cpu,cpu,7807.51,7807.86
14,309,g_a,dpu,7807.86,8029.78
14,309,g_a,dpu,8029.78,8219.72
14,309,g_a_cpu,cpu,8219.72,8220.14
14,309,h_a,dpu,8220.15,8433.65
14,309,eb_enc,cpu,8433.66,8433.79
14,309,eb_dec,cpu,8433.79,8433.91
14,309,h_s,dpu,8433.91,8637.12
14,309,gc,cpu,8637.13,8647
14,342,normalize,cpu,8647.55,8651.23
14,342,g_a_cpu,cpu,8651.24,8651.6
14,342,g_a,dpu,8651.61,8862.04
14,342,g_a,dpu,8862.04,8899.62
14,342,g_a_cpu,cpu,8899.62,8900.08
14,342,h_a,dpu,8900.08,9087.69
14,342,eb_enc,cpu,9087.69,9087.82
14,342,eb_dec,cpu,9087.82,9087.93
14,342,h_s,dpu,9087.93,9261.71
14,342,gc,cpu,9261.71,9271.61
14,367,normalize,cpu,9272.05,9275.71
14,367,g_a_cpu,cpu,9275.72,9276.12
14,367,g_a,dpu,9276.12,9477.11
14,367,g_a,dpu,9477.11,9640.77
14,367,g_a_cpu,cpu,9640.77,9641.13
14,367,h_a,dpu,9641.13,9891.73
14,367,eb_enc,cpu,9891.74,9891.88
14,367,eb_dec,cpu,9891.88,9891.99
14,367,h_s,dpu,9891.99,10099.2
14,367,gc,cpu,10099.2,10108.9
14,398,normalize,cpu,10109.4,10113
14,398,g_a_cpu,cpu,10113,10113.4
14,398,g_a,dpu,10113.4,10280.4
14,398,g_a,dpu,10280.4,10318
14,398,g_a_cpu,cpu,10318,10318.5
14,398,h_a,dpu,10318.6,10528.7
14,398,eb_enc,cpu,10528.7,10528.8
14,398,eb_dec,cpu,10528.8,10529
14,398,h_s,dpu,10529,10701
14,398,gc,cpu,10701,10710.5
14,423,normalize,cpu,10711,10714.7
14,423,g_a_cpu,cpu,10714.7,10715
14,423,g_a,dpu,10715,10909.6
14,423,g_a,dpu,10909.6,11066.3
14,423,g_a_cpu,cpu,11066.3,11066.8
14,423,h_a,dpu,11066.8,11282.3
14,423,eb_enc,cpu,11282.3,11282.5
14,423,eb_dec,cpu,11282.5,11282.6
14,423,h_s,dpu,11282.6,11487.2
14,423,gc,cpu,11487.2,11496.9
14,454,normalize,cpu,11497.4,11501
14,454,g_a_cpu,cpu,11501,11501.4
14,454,g_a,dpu,11501.4,11688.8
14,454,g_a,dpu,11688.8,11892.5
14,454,g_a_cpu,cpu,11892.5,11892.9
14,454,h_a,dpu,11892.9,12096
14,454,eb_enc,cpu,12096,12096.1
14,454,eb_dec,cpu,12096.1,12096.2
14,454,h_s,dpu,12096.2,12295
14,454,gc,cpu,12295,12304.9
14,484,normalize,cpu,12305.5,12309.1
14,484,g_a_cpu,cpu,12309.1,12309.5
14,484,g_a,dpu,12309.5,12559.6
14,484,g_a,dpu,12559.6,12685.6
14,484,g_a_cpu,cpu,12685.6,12686
14,484,h_a,dpu,12686,12935.6
14,484,eb_enc,cpu,12935.6,12935.8
14,484,eb_dec,cpu,12935.8,12935.9
14,484,h_s,dpu,12935.9,13100
14,484,gc,cpu,13100,13109.9
14,516,normalize,cpu,13110.4,13115.2
14,516,g_a_cpu,cpu,13115.2,13115.7
14,516,g_a,dpu,13115.7,13314.2
14,516,g_a,dpu,13314.2,13350.9
14,516,g_a_cpu,cpu,13350.9,13351.5
14,516,h_a,dpu,13351.5,13353
14,516,eb_enc,cpu,13353,13353.2
14,516,eb_dec,cpu,13353.2,13353.3
14,516,h_s,dpu,13353.3,13584.4
14,516,gc,cpu,13584.4,13594.3
14,533,normalize,cpu,13594.7,13598.4
14,533,g_a_cpu,cpu,13598.4,13598.7
14,533,g_a,dpu,13598.7,13743.7
14,533,g_a,dpu,13743.7,13863.2
14,533,g_a_cpu,cpu,13863.2,13863.6
14,533,h_a,dpu,13863.6,14120.3
14,533,eb_enc,cpu,14120.3,14120.5
14,533,eb_dec,cpu,14120.5,14120.6
14,533,h_s,dpu,14120.6,14327.3
14,533,gc,cpu,14327.3,14337
14,561,normalize,cpu,14337.5,14341.2
14,561,g_a_cpu,cpu,14341.2,14341.5
14,561,g_a,dpu,14341.5,14485.8
14,561,g_a,dpu,14485.8,14649.1
14,561,g_a_cpu,cpu,14649.1,14649.7
14,561,h_a,dpu,14649.7,14877.4
14,561,eb_enc,cpu,14877.4,14877.5
14,561,eb_dec,cpu,14877.5,14877.6
14,561,h_s,dpu,14877.6,15112
14,561,gc,cpu,15112,15122.5
14,590,normalize,cpu,15123,15127.3
14,590,g_a_cpu,cpu,15127.3,15127.7
14,590,g_a,dpu,15127.7,15164.8
14,590,g_a,dpu,15164.8,15290.7
14,590,g_a_cpu,cpu,15290.7,15291.1
14,590,h_a,dpu,15291.1,15533.9
14,590,eb_enc,cpu,15533.9,15534.1
14,590,eb_dec,cpu,15534.1,15534.2
14,590,h_s,dpu,15534.2,15805.8
14,590,gc,cpu,15805.8,15815.4
14,619,normalize,cpu,15816.2,15819.9
14,619,g_a_cpu,cpu,15819.9,15820.3
14,619,g_a,dpu,15820.3,15945.2
14,619,g_a,dpu,15945.2,16137.6
14,619,g_a_cpu,cpu,16137.6,16137.9
14,619,h_a,dpu,16137.9,16338.1
14,619,eb_enc,cpu,16338.1,16338.2
14,619,eb_dec,cpu,16338.2,16338.4
14,619,h_s,dpu,16338.4,16567.4
14,619,gc,cpu,16567.4,16577.2
14,648,normalize,cpu,16577.7,16581.4
14,648,g_a_cpu,cpu,16581.4,16581.7
14,648,g_a,dpu,16581.7,16732.6
14,648,g_a,dpu,16732.6,16886.9
14,648,g_a_cpu,cpu,16886.9,16887.3
14,648,h_a,dpu,16887.3,17130.6
14,648,eb_enc,cpu,17130.6,17130.8
14,648,eb_dec,cpu,17130.8,17130.9
14,648,h_s,dpu,17130.9,17314.1
14,648,gc,cpu,17314.1,17323.7
14,678,normalize,cpu,17324.4,17328.1
14,678,g_a_cpu,cpu,17328.1,17328.4
14,678,g_a,dpu,17328.4,17513.8
14,678,g_a,dpu,17513.8,17707.3
14,678,g_a_cpu,cpu,17707.3,17707.7
14,678,h_a,dpu,17707.7,17870.2
14,678,eb_enc,cpu,17870.2,17870.3
14,678,eb_dec,cpu,17870.3,17870.4
14,678,h_s,dpu,17870.4,18101.9
14,678,gc,cpu,18101.9,18112.1
14,711,normalize,cpu,18112.5,18116.2
14,711,g_a_cpu,cpu,18116.2,18116.5
14,711,g_a,dpu,18116.5,18306.1
14,711,g_a,dpu,18306.1,18466.4
14,711,g_a_cpu,cpu,18466.4,18466.8
14,711,h_a,dpu,18466.8,18680.2
14,711,eb_enc,cpu,18680.2,18680.4
14,711,eb_dec,cpu,18680.4,18680.5
14,711,h_s,dpu,18680.5,18923.2
14,711,gc,cpu,18923.2,18935.6
14,740,normalize,cpu,18936.1,18939.7
14,740,g_a_cpu,cpu,18939.7,18940.1
14,740,g_a,dpu,18940.1,19089.8
14,740,g_a,dpu,19089.8,19248.8
14,740,g_a_cpu,cpu,19248.8,19249.2
14,740,h_a,dpu,19249.2,19478
14,740,eb_enc,cpu,19478,19478.1
14,740,eb_dec,cpu,19478.1,19478.2
14,740,h_s,dpu,19478.2,19717.9
14,740,gc,cpu,19717.9,19727.9
14,772,normalize,cpu,19728.5,19732.1
14,772,g_a_cpu,cpu,19732.1,19732.5
14,772,g_a,dpu,19732.5,19837
14,772,g_a,dpu,19837,19913.6
14,772,g_a_cpu,cpu,19913.6,19914.2
14,772,h_a,dpu,19914.2,20167.6
14,772,eb_enc,cpu,20167.6,20167.7
14,772,eb_dec,cpu,20167.7,20167.8
14,772,h_s,dpu,20167.8,20409.8
14,772,gc,cpu,20409.8,20419.9
14,801,normalize,cpu,20420.3,20424
14,801,g_a_cpu,cpu,20424,20424.4
14,801,g_a,dpu,20424.4,20583.9
14,801,g_a,dpu,20583.9,20693.9
14,801,g_a_cpu,cpu,20693.9,20694.3
14,801,h_a,dpu,20694.3,20815.4
14,801,eb_enc,cpu,20815.4,20815.5
14,801,eb_dec,cpu,20815.5,20815.6
14,801,h_s,dpu,20815.6,20991.2
14,801,gc,cpu,20991.2,21001.2
14,828,normalize,cpu,21001.8,21005.4
14,828,g_a_cpu,cpu,21005.4,21005.8
14,828,g_a,dpu,21005.8,21218.7
14,828,g_a,dpu,21218.7,21442.8
14,828,g_a_cpu,cpu,21442.8,21443.2
14,828,h_a,dpu,21443.2,21666
14,828,eb_enc,cpu,21666,21666.1
14,828,eb_dec,cpu,21666.1,21666.2
14,828,h_s,dpu,21666.2,21785.7
14,828,gc,cpu,21785.7,21796.4
14,856,normalize,cpu,21796.9,21800.5
14,856,g_a_cpu,cpu,21800.5,21800.9
14,856,g_a,dpu,21800.9,22025.6
14,856,g_a,dpu,22025.6,22249.9
14,856,g_a_cpu,cpu,22249.9,22250.3
14,856,h_a,dpu,22250.3,22473.3
14,856,eb_enc,cpu,22473.3,22473.4
14,856,eb_dec,cpu,22473.4,22473.5
14,856,h_s,dpu,22473.5,22613.3
14,856,gc,cpu,22613.3,22623
14,888,normalize,cpu,22623.6,22627.3
14,888,g_a_cpu,cpu,22627.3,22627.6
14,888,g_a,dpu,22627.6,22865.5
14,888,g_a,dpu,22865.5,23015
14,888,g_a_cpu,cpu,23015,23015.5
14,888,h_a,dpu,23015.5,23196.7
14,888,eb_enc,cpu,23196.7,23196.9
14,888,eb_dec,cpu,23196.9,23197
14,888,h_s,dpu,23197,23374.9
14,888,gc,cpu,23374.9,23385.1
14,919,normalize,cpu,23385.6,23389.3
14,919,g_a_cpu,cpu,23389.3,23389.7
14,919,g_a,dpu,23389.7,23641.7
14,919,g_a,dpu,23641.7,23800.3
14,919,g_a_cpu,cpu,23800.3,23800.8
14,919,h_a,dpu,23800.8,23924.5
14,919,eb_enc,cpu,23924.5,23924.6
14,919,eb_dec,cpu,23924.6,23924.7
14,919,h_s,dpu,23924.7,24025.7
14,919,gc,cpu,24025.7,24035.6
15,7,normalize,cpu,77.8118,95.4566
15,7,g_a_cpu,cpu,115.944,116.418
15,7,g_a,dpu,116.423,276.621
15,7,g_a,dpu,276.624,636.614
15,7,g_a_cpu,cpu,636.615,637.146
15,7,h_a,dpu,637.155,784.809
15,7,eb_enc,cpu,784.81,784.959
15,7,eb_dec,cpu,784.959,785.068
15,7,h_s,dpu,785.068,893.619
15,7,gc,cpu,893.626,1018.89
15,46,normalize,cpu,1022.47,1041.47
15,46,g_a_cpu,cpu,1041.48,1041.99
15,46,g_a,dpu,1041.99,1644.16
15,46,g_a,dpu,1644.16,1830
15,46,g_a_cpu,cpu,1830,1830.47
15,46,h_a,dpu,1830.48,2229.47
15,46,eb_enc,cpu,2229.47,2229.61
15,46,eb_dec,cpu,2229.62,2229.73
15,46,h_s,dpu,2229.73,2573.86
15,46,gc,cpu,2573.86,2584.22
15,103,normalize,cpu,2594.03,2597.67
15,103,g_a_cpu,cpu,2597.67,2598.05
15,103,g_a,dpu,2598.06,2661.06
15,103,g_a,dpu,2661.06,2735.79
15,103,g_a_cpu,cpu,2735.79,2736.14
15,103,h_a,dpu,2736.14,2929.2
15,103,eb_enc,cpu,2929.2,2929.33
15,103,eb_dec,cpu,2929.33,2929.45
15,103,h_s,dpu,2929.45,3298.72
15,103,gc,cpu,3298.72,3308.45
15,133,normalize,cpu,3308.95,3312.57
15,133,g_a_cpu,cpu,3312.57,3312.96
15,133,g_a,dpu,3312.96,3500.96
15,133,g_a,dpu,3500.97,3735.74
15,133,g_a_cpu,cpu,3735.74,3736.09
15,133,h_a,dpu,3736.1,3976.72
15,133,eb_enc,cpu,3976.72,3976.88
15,133,eb_dec,cpu,3976.88,3976.99
15,133,h_s,dpu,3976.99,4203.39
15,133,gc,cpu,4203.39,4213.71
15,164,normalize,cpu,4214.53,4218.2
15,164,g_a_cpu,cpu,4218.21,4218.68
15,164,g_a,dpu,4218.69,4325.24
15,164,g_a,dpu,4325.25,4809.75
15,164,g_a_cpu,cpu,4809.75,4810.1
15,164,h_a,dpu,4810.1,4952.39
15,164,eb_enc,cpu,4952.39,4952.51
15,164,eb_dec,cpu,4952.51,4952.62
15,164,h_s,dpu,4952.62,5085.65
15,164,gc,cpu,5085.65,5096.3
15,205,normalize,cpu,5096.76,5100.44
15,205,g_a_cpu,cpu,5100.44,5100.77
15,205,g_a,dpu,5100.78,5339.27
15,205,g_a,dpu,5339.27,5564.91
15,205,g_a_cpu,cpu,5564.92,5565.42
15,205,h_a,dpu,5565.42,5749.56
15,205,eb_enc,cpu,5749.56,5749.68
15,205,eb_dec,cpu,5749.68,5749.79
15,205,h_s,dpu,5749.79,5888.4
15,205,gc,cpu,5888.4,5898.31
15,235,normalize,cpu,5898.83,5902.58
15,235,g_a_cpu,cpu,5902.58,5902.94
15,235,g_a,dpu,5902.94,6155.5
15,235,g_a,dpu,6155.5,6459.42
15,235,g_a_cpu,cpu,6459.43,6459.79
15,235,h_a,dpu,6459.8,6657.21
15,235,eb_enc,cpu,6657.21,6657.34
15,235,eb_dec,cpu,6657.34,6657.47
15,235,h_s,dpu,6657.47,6714.85
15,235,gc,cpu,6714.86,6725.2
15,270,normalize,cpu,6725.7,6730.21
15,270,g_a_cpu,cpu,6730.22,6730.57
15,270,g_a,dpu,6730.57,7065.17
15,270,g_a,dpu,7065.17,7285.42
15,270,g_a_cpu,cpu,7285.42,7285.78
15,270,h_a,dpu,7285.78,7447.88
15,270,eb_enc,cpu,7447.88,7448.03
15,270,eb_dec,cpu,7448.04,7448.15
15,270,h_s,dpu,7448.15,7589.96
15,270,gc,cpu,7589.96,7600.43
15,304,normalize,cpu,7600.96,7604.67
15,304,g_a_cpu,cpu,7604.67,7605.1
15,304,g_a,dpu,7605.1,7904.64
15,304,g_a,dpu,7904.64,8128.71
15,304,g_a_cpu,cpu,8128.71,8129.24
15,304,h_a,dpu,8129.24,8307.93
15,304,eb_enc,cpu,8307.94,8308.07
15,304,eb_dec,cpu,8308.08,8308.2
15,304,h_s,dpu,8308.2,8519.71
15,304,gc,cpu,8519.71,8529.51
15,338,normalize,cpu,8530.03,8533.66
15,338,g_a_cpu,cpu,8533.67,8534.02
15,338,g_a,dpu,8534.03,8752.97
15,338,g_a,dpu,8752.97,8988.66
15,338,g_a_cpu,cpu,8988.66,8989.57
15,338,h_a,dpu,8989.57,9139.38
15,338,eb_enc,cpu,9139.38,9139.5
15,338,eb_dec,cpu,9139.5,9139.61
15,338,h_s,dpu,9139.61,9584.02
15,338,gc,cpu,9584.02,9594.24
15,377,normalize,cpu,9594.92,9598.59
15,377,g_a_cpu,cpu,9598.6,9598.97
15,377,g_a,dpu,9598.98,9804.98
15,377,g_a,dpu,9804.99,10023.6
15,377,g_a_cpu,cpu,10023.6,10024.1
15,377,h_a,dpu,10024.1,10202.6
15,377,eb_enc,cpu,10202.6,10202.8
15,377,eb_dec,cpu,10202.8,10202.9
15,377,h_s,dpu,10202.9,10380.5
15,377,gc,cpu,10380.5,10390.3
15,408,normalize,cpu,10390.8,10394.5
15,408,g_a_cpu,cpu,10394.5,10394.9
15,408,g_a,dpu,10394.9,10589.7
15,408,g_a,dpu,10589.7,10808.6
15,408,g_a_cpu,cpu,10808.6,10809
15,408,h_a,dpu,10809,10950.4
15,408,eb_enc,cpu,10950.4,10950.6
15,408,eb_dec,cpu,10950.6,10950.7
15,408,h_s,dpu,10950.7,11168.6
15,408,gc,cpu,11168.6,11178.8
15,441,normalize,cpu,11179.4,11183.1
15,441,g_a_cpu,cpu,11183.1,11183.4
15,441,g_a,dpu,11183.4,11375.3
15,441,g_a,dpu,11375.3,11865.1
15,441,g_a_cpu,cpu,11865.1,11865.6
15,441,h_a,dpu,11865.6,12012.9
15,441,eb_enc,cpu,12012.9,12013
15,441,eb_dec,cpu,12013,12013.2
15,441,h_s,dpu,12013.2,12251.4
15,441,gc,cpu,12251.4,12261.5
15,482,normalize,cpu,12261.9,12265.5
15,482,g_a_cpu,cpu,12265.5,12265.8
15,482,g_a,dpu,12265.8,12481.7
15,482,g_a,dpu,12481.7,12753.4
15,482,g_a_cpu,cpu,12753.4,12754.1
15,482,h_a,dpu,12754.1,12881.3
15,482,eb_enc,cpu,12881.3,12881.4
15,482,eb_dec,cpu,12881.4,12881.5
15,482,h_s,dpu,12881.5,13057.3
15,482,gc,cpu,13057.3,13067.3
15,514,normalize,cpu,13067.8,13071.4
15,514,g_a_cpu,cpu,13071.4,13071.8
15,514,g_a,dpu,13071.8,13288.3
15,514,g_a,dpu,13288.3,13546
15,514,g_a_cpu,cpu,13546,13546.4
15,514,h_a,dpu,13546.4,13668.1
15,514,eb_enc,cpu,13668.1,13668.2
15,514,eb_dec,cpu,13668.2,13668.3
15,514,h_s,dpu,13668.3,13860.4
15,514,gc,cpu,13860.4,13870.5
15,547,normalize,cpu,13871.1,13874.7
15,547,g_a_cpu,cpu,13874.7,13875.1
15,547,g_a,dpu,13875.1,14069.8
15,547,g_a,dpu,14069.8,14325.5
15,547,g_a_cpu,cpu,14325.6,14326.1
15,547,h_a,dpu,14326.1,14448.3
15,547,eb_enc,cpu,14448.3,14448.5
15,547,eb_dec,cpu,14448.5,14448.6
15,547,h_s,dpu,14448.6,14619.3
15,547,gc,cpu,14619.3,14629.8
15,578,normalize,cpu,14630.4,14635.5
15,578,g_a_cpu,cpu,14635.5,14635.9
15,578,g_a,dpu,14635.9,14854.5
15,578,g_a,dpu,14854.5,14891
15,578,g_a_cpu,cpu,14891,14891.4
15,578,h_a,dpu,14891.4,15117.2
15,578,eb_enc,cpu,15117.2,15117.3
15,578,eb_dec,cpu,15117.3,15117.4
15,578,h_s,dpu,15117.4,15258.1
15,578,gc,cpu,15258.1,15268.2
15,600,normalize,cpu,15268.7,15272.4
15,600,g_a_cpu,cpu,15272.4,15273.2
15,600,g_a,dpu,15273.2,15432.6
15,600,g_a,dpu,15432.7,15725
15,600,g_a_cpu,cpu,15725,15725.4
15,600,h_a,dpu,15725.4,15865.4
15,600,eb_enc,cpu,15865.4,15865.6
15,600,eb_dec,cpu,15865.6,15865.7
15,600,h_s,dpu,15865.7,16026.2
15,600,gc,cpu,16026.2,16036.6
15,628,normalize,cpu,16037.4,16041
15,628,g_a_cpu,cpu,16041,16041.5
15,628,g_a,dpu,16041.5,16270.9
15,628,g_a,dpu,16270.9,16565.7
15,628,g_a_cpu,cpu,16565.7,16566.2
15,628,h_a,dpu,16566.2,16694.6
15,628,eb_enc,cpu,16694.6,16694.7
15,628,eb_dec,cpu,16694.7,16694.8
15,628,h_s,dpu,16694.8,16898.1
15,628,gc,cpu,16898.1,16908.4
15,666,normalize,cpu,16909.9,16913.6
15,666,g_a_cpu,cpu,16913.6,16914.1
15,666,g_a,dpu,16914.1,17239.5
15,666,g_a,dpu,17239.5,17275.9
15,666,g_a_cpu,cpu,17275.9,17276.3
15,666,h_a,dpu,17276.3,17440.8
15,666,eb_enc,cpu,17440.8,17441
15,666,eb_dec,cpu,17441,17441.2
15,666,h_s,dpu,17441.2,17641.9
15,666,gc,cpu,17641.9,17652
15,694,normalize,cpu,17652.6,17656.2
15,694,g_a_cpu,cpu,17656.2,17656.8
15,694,g_a,dpu,17656.8,17913.6
15,694,g_a,dpu,17913.6,18362.5
15,694,g_a_cpu,cpu,18362.5,18362.9
15,694,h_a,dpu,18362.9,18506.8
15,694,eb_enc,cpu,18506.8,18507
15,694,eb_dec,cpu,18507,18507.1
15,694,h_s,dpu,18507.1,18753.9
15,694,gc,cpu,18753.9,18763.5
15,737,normalize,cpu,18764,18767.7
15,737,g_a_cpu,cpu,18767.7,18768
15,737,g_a,dpu,18768,18996.9
15,737,g_a,dpu,18996.9,19381.3
15,737,g_a_cpu,cpu,19381.3,19381.7
15,737,h_a,dpu,19381.7,19591.9
15,737,eb_enc,cpu,19591.9,19592
15,737,eb_dec,cpu,19592,19592.1
15,737,h_s,dpu,19592.1,19779.3
15,737,gc,cpu,19779.3,19789.2
15,774,normalize,cpu,19789.8,19793.5
15,774,g_a_cpu,cpu,19793.5,19793.8
15,774,g_a,dpu,19793.8,20001
15,774,g_a,dpu,20001,20258
15,774,g_a_cpu,cpu,20258,20258.3
15,774,h_a,dpu,20258.3,20427
15,774,eb_enc,cpu,20427,20427.1
15,774,eb_dec,cpu,20427.1,20427.2
15,774,h_s,dpu,20427.2,20625.5
15,774,gc,cpu,20625.5,20635.6
15,804,normalize,cpu,20636.2,20639.9
15,804,g_a_cpu,cpu,20639.9,20640.3
15,804,g_a,dpu,20640.3,21028.8
15,804,g_a,dpu,21028.8,21319
15,804,g_a_cpu,cpu,21319,21319.4
15,804,h_a,dpu,21319.4,21447.8
15,804,eb_enc,cpu,21447.8,21448
15,804,eb_dec,cpu,21448,21448.1
15,804,h_s,dpu,21448.1,21667.7
15,804,gc,cpu,21667.7,21677.9
15,848,normalize,cpu,21678.4,21682
15,848,g_a_cpu,cpu,21682,21682.5
15,848,g_a,dpu,21682.5,21861.3
15,848,g_a,dpu,21861.3,22117
15,848,g_a_cpu,cpu,22117,22117.5
15,848,h_a,dpu,22117.5,22292
15,848,eb_enc,cpu,22292,22292.1
15,848,eb_dec,cpu,22292.1,22292.2
15,848,h_s,dpu,22292.2,22514.2
15,848,gc,cpu,22514.2,22524.4
15,884,normalize,cpu,22525,22528.6
15,884,g_a_cpu,cpu,22528.7,22529.1
15,884,g_a,dpu,22529.1,22690
15,884,g_a,dpu,22690,22906.7
15,884,g_a_cpu,cpu,22906.7,22907.2
15,884,h_a,dpu,22907.2,23022.3
15,884,eb_enc,cpu,23022.3,23022.5
15,884,eb_dec,cpu,23022.5,23022.6
15,884,h_s,dpu,23022.6,23198.8
15,884,gc,cpu,23198.8,23208.6
15,912,normalize,cpu,23209.2,23212.8
15,912,g_a_cpu,cpu,23212.8,23213.1
15,912,g_a,dpu,23213.2,23449.1
15,912,g_a,dpu,23449.1,23781.2
15,912,g_a_cpu,cpu,23781.2,23781.6
15,912,h_a,dpu,23781.6,23847.4
15,912,eb_enc,cpu,23847.4,23847.5
15,912,eb_dec,cpu,23847.5,23847.7
15,912,h_s,dpu,23847.7,24003.4
15,912,gc,cpu,24003.4,24013.4
16,23,normalize,cpu,103.153,106.91
16,23,g_a_cpu,cpu,107.032,107.542
16,23,g_a,dpu,107.546,440.37
16,23,g_a,dpu,440.373,804.689
16,23,g_a_cpu,cpu,804.69,805.16
16,23,h_a,dpu,805.167,909.459
16,23,eb_enc,cpu,909.46,909.651
16,23,eb_dec,cpu,909.651,909.792
16,23,h_s,dpu,909.793,917.658
16,23,gc,cpu,917.662,1032.03
16,52,normalize,cpu,1032.56,1050.79
16,52,g_a_cpu,cpu,1050.8,1051.23
16,52,g_a,dpu,1051.23,1577.66
16,52,g_a,dpu,1577.66,1614.02
16,52,g_a_cpu,cpu,1614.02,1614.44
16,52,h_a,dpu,1614.44,1757.99
16,52,eb_enc,cpu,1757.99,1758.14
16,52,eb_dec,cpu,1758.15,1758.26
16,52,h_s,dpu,1758.26,1809.99
16,52,gc,cpu,1809.99,1819.97
16,75,normalize,cpu,1820.43,1824.07
16,75,g_a_cpu,cpu,1824.08,1824.51
16,75,g_a,dpu,1824.52,2163.55
16,75,g_a,dpu,2163.55,2496.9
16,75,g_a_cpu,cpu,2496.9,2497.3
16,75,h_a,dpu,2497.3,2498.82
16,75,eb_enc,cpu,2498.82,2498.96
16,75,eb_dec,cpu,2498.96,2499.08
16,75,h_s,dpu,2499.08,2500.88
16,75,gc,cpu,2500.88,2511.72
16,99,normalize,cpu,2513.95,2517.61
16,99,g_a_cpu,cpu,2517.61,2517.98
16,99,g_a,dpu,2517.99,2749.51
16,99,g_a,dpu,2749.54,2793.37
16,99,g_a_cpu,cpu,2793.37,2793.88
16,99,h_a,dpu,2793.88,2967.15
16,99,eb_enc,cpu,2967.15,2967.28
16,99,eb_dec,cpu,2967.28,2967.4
16,99,h_s,dpu,2967.4,3120.22
16,99,gc,cpu,3120.22,3130.18
16,125,normalize,cpu,3130.71,3134.36
16,125,g_a_cpu,cpu,3134.36,3134.71
16,125,g_a,dpu,3134.71,3412.97
16,125,g_a,dpu,3412.97,3683.22
16,125,g_a_cpu,cpu,3683.22,3683.58
16,125,h_a,dpu,3683.58,3954.11
16,125,eb_enc,cpu,3954.11,3954.23
16,125,eb_dec,cpu,3954.23,3954.35
16,125,h_s,dpu,3954.35,3986.86
16,125,gc,cpu,3986.86,3996.64
16,159,normalize,cpu,3997.14,4000.75
16,159,g_a_cpu,cpu,4000.76,4001.21
16,159,g_a,dpu,4001.21,4256.62
16,159,g_a,dpu,4256.62,4453
16,159,g_a_cpu,cpu,4453,4453.47
16,159,h_a,dpu,4453.47,4773.04
16,159,eb_enc,cpu,4773.04,4773.18
16,159,eb_dec,cpu,4773.18,4773.3
16,159,h_s,dpu,4773.3,4911.45
16,159,gc,cpu,4911.45,4921.36
16,192,normalize,cpu,4921.99,4925.62
16,192,g_a_cpu,cpu,4925.63,4925.96
16,192,g_a,dpu,4925.97,5046.88
16,192,g_a,dpu,5046.88,5235.4
16,192,g_a_cpu,cpu,5235.4,5235.77
16,192,h_a,dpu,5235.78,5526.06
16,192,eb_enc,cpu,5526.06,5526.2
16,192,eb_dec,cpu,5526.2,5526.31
16,192,h_s,dpu,5526.31,5673.83
16,192,gc,cpu,5673.83,5684.3
16,223,normalize,cpu,5684.76,5688.63
16,223,g_a_cpu,cpu,5688.63,5689.11
16,223,g_a,dpu,5689.12,5879.46
16,223,g_a,dpu,5879.46,6074.5
16,223,g_a_cpu,cpu,6074.5,6074.93
16,223,h_a,dpu,6074.93,6462.44
16,223,eb_enc,cpu,6462.44,6462.62
16,223,eb_dec,cpu,6462.62,6462.74
16,223,h_s,dpu,6462.74,6703.94
16,223,gc,cpu,6703.94,6723.42
16,269,normalize,cpu,6723.9,6727.6
16,269,g_a_cpu,cpu,6727.61,6728.16
16,269,g_a,dpu,6728.16,6903.57
16,269,g_a,dpu,6903.57,7122.08
16,269,g_a_cpu,cpu,7122.09,7122.52
16,269,h_a,dpu,7122.52,7324.7
16,269,eb_enc,cpu,7324.7,7324.84
16,269,eb_dec,cpu,7324.84,7325
16,269,h_s,dpu,7325,7492.85
16,269,gc,cpu,7492.87,7502.91
16,298,normalize,cpu,7503.58,7509.49
16,298,g_a_cpu,cpu,7509.49,7509.89
16,298,g_a,dpu,7509.89,7715.01
16,298,g_a,dpu,7715.01,7934.51
16,298,g_a_cpu,cpu,7934.51,7934.93
16,298,h_a,dpu,7934.93,8129.66
16,298,eb_enc,cpu,8129.67,8129.81
16,298,eb_dec,cpu,8129.81,8129.92
16,298,h_s,dpu,8129.92,8309.03
16,298,gc,cpu,8309.04,8321.23
16,328,normalize,cpu,8321.77,8325.47
16,328,g_a_cpu,cpu,8325.48,8326.03
16,328,g_a,dpu,8326.04,8556.17
16,328,g_a,dpu,8556.18,8781.97
16,328,g_a_cpu,cpu,8781.97,8782.37
16,328,h_a,dpu,8782.37,8990.38
16,328,eb_enc,cpu,8990.38,8990.51
16,328,eb_dec,cpu,8990.51,8990.64
16,328,h_s,dpu,8990.64,9140.72
16,328,gc,cpu,9140.72,9157.14
16,360,normalize,cpu,9157.9,9162.34
16,360,g_a_cpu,cpu,9162.34,9165.04
16,360,g_a,dpu,9165.05,9426.18
16,360,g_a,dpu,9426.18,9659.6
16,360,g_a_cpu,cpu,9659.6,9659.99
16,360,h_a,dpu,9659.99,9878.47
16,360,eb_enc,cpu,9878.47,9878.64
16,360,eb_dec,cpu,9878.64,9878.76
16,360,h_s,dpu,9878.76,10046.2
16,360,gc,cpu,10046.2,10056
16,395,normalize,cpu,10056.6,10060.3
16,395,g_a_cpu,cpu,10060.3,10060.8
16,395,g_a,dpu,10060.8,10267
16,395,g_a,dpu,10267,10489.9
16,395,g_a_cpu,cpu,10489.9,10490.3
16,395,h_a,dpu,10490.3,10698.9
16,395,eb_enc,cpu,10698.9,10699
16,395,eb_dec,cpu,10699.1,10699.2
16,395,h_s,dpu,10699.2,10871.5
16,395,gc,cpu,10871.5,10881.4
16,427,normalize,cpu,10881.9,10886.4
16,427,g_a_cpu,cpu,10886.4,10886.9
16,427,g_a,dpu,10886.9,11129.5
16,427,g_a,dpu,11129.5,11542
16,427,g_a_cpu,cpu,11542,11542.5
16,427,h_a,dpu,11542.5,11755.9
16,427,eb_enc,cpu,11755.9,11756.1
16,427,eb_dec,cpu,11756.1,11756.2
16,427,h_s,dpu,11756.2,11900.5
16,427,gc,cpu,11900.6,11910.6
16,469,normalize,cpu,11911.3,11915
16,469,g_a_cpu,cpu,11915,11915.5
16,469,g_a,dpu,11915.5,12173
16,469,g_a,dpu,12173,12209.4
16,469,g_a_cpu,cpu,12209.4,12209.7
16,469,h_a,dpu,12209.7,12443.9
16,469,eb_enc,cpu,12443.9,12444.1
16,469,eb_dec,cpu,12444.1,12444.3
16,469,h_s,dpu,12444.3,12561.1
16,469,gc,cpu,12561.1,12571.1
16,492,normalize,cpu,12571.9,12575.6
16,492,g_a_cpu,cpu,12575.6,12576
16,492,g_a,dpu,12576,12825.1
16,492,g_a,dpu,12825.1,13020.4
16,492,g_a_cpu,cpu,13020.4,13020.9
16,492,h_a,dpu,13020.9,13251
16,492,eb_enc,cpu,13251,13251.2
16,492,eb_dec,cpu,13251.2,13251.3
16,492,h_s,dpu,13251.3,13425
16,492,gc,cpu,13425,13435.6
16,527,normalize,cpu,13436.2,13440.1
16,527,g_a_cpu,cpu,13440.1,13440.5
16,527,g_a,dpu,13440.5,13623.4
16,527,g_a,dpu,13623.4,13659.9
16,527,g_a_cpu,cpu,13659.9,13660.3
16,527,h_a,dpu,13660.3,13846.5
16,527,eb_enc,cpu,13846.5,13846.6
16,527,eb_dec,cpu,13846.6,13846.7
16,527,h_s,dpu,13846.7,14021.9
16,527,gc,cpu,14021.9,14031.6
16,553,normalize,cpu,14032,14036.5
16,553,g_a_cpu,cpu,14036.5,14036.9
16,553,g_a,dpu,14036.9,14312.9
16,553,g_a,dpu,14312.9,14498.1
16,553,g_a_cpu,cpu,14498.1,14498.5
16,553,h_a,dpu,14498.5,14634
16,553,eb_enc,cpu,14634,14634.2
16,553,eb_dec,cpu,14634.2,14634.3
16,553,h_s,dpu,14634.3,14885.6
16,553,gc,cpu,14885.6,14896.7
16,586,normalize,cpu,14897.2,14900.8
16,586,g_a_cpu,cpu,14900.8,14901.1
16,586,g_a,dpu,14901.1,15138.6
16,586,g_a,dpu,15138.6,15381
16,586,g_a_cpu,cpu,15381,15381.4
16,586,h_a,dpu,15381.4,15542.2
16,586,eb_enc,cpu,15542.2,15542.4
16,586,eb_dec,cpu,15542.4,15542.5
16,586,h_s,dpu,15542.5,15713.8
16,586,gc,cpu,15713.8,15723.8
16,615,normalize,cpu,15724.3,15728
16,615,g_a_cpu,cpu,15728,15728.4
16,615,g_a,dpu,15728.4,15981.7
16,615,g_a,dpu,15981.7,16174.5
16,615,g_a_cpu,cpu,16174.5,16174.9
16,615,h_a,dpu,16174.9,16381.6
16,615,eb_enc,cpu,16381.6,16381.7
16,615,eb_dec,cpu,16381.7,16381.8
16,615,h_s,dpu,16381.8,16575.7
16,615,gc,cpu,16575.7,16585.7
16,649,normalize,cpu,16586.1,16589.8
16,649,g_a_cpu,cpu,16589.8,16590.4
16,649,g_a,dpu,16590.4,16785.1
16,649,g_a,dpu,16785.1,17090
16,649,g_a_cpu,cpu,17090,17090.3
16,649,h_a,dpu,17090.3,17391.5
16,649,eb_enc,cpu,17391.5,17391.6
16,649,eb_dec,cpu,17391.6,17391.8
16,649,h_s,dpu,17391.8,17520.6
16,649,gc,cpu,17520.6,17530.7
16,688,normalize,cpu,17531.2,17534.9
16,688,g_a_cpu,cpu,17534.9,17535.2
16,688,g_a,dpu,17535.2,17721.2
16,688,g_a,dpu,17721.2,17914.2
16,688,g_a_cpu,cpu,17914.2,17914.6
16,688,h_a,dpu,17914.6,18175.6
16,688,eb_enc,cpu,18175.6,18175.7
16,688,eb_dec,cpu,18175.7,18175.8
16,688,h_s,dpu,18175.8,18309.7
16,688,gc,cpu,18309.7,18319.8
16,718,normalize,cpu,18320.3,18324
16,718,g_a_cpu,cpu,18324,18324.3
16,718,g_a,dpu,18324.3,18563.2
16,718,g_a,dpu,18563.2,18833
16,718,g_a_cpu,cpu,18833,18833.4
16,718,h_a,dpu,18833.4,19033.8
16,718,eb_enc,cpu,19033.8,19033.9
16,718,eb_dec,cpu,19033.9,19034.1
16,718,h_s,dpu,19034.1,19133.4
16,718,gc,cpu,19133.5,19143.4
16,751,normalize,cpu,19143.9,19147.7
16,751,g_a_cpu,cpu,19147.7,19148.1
16,751,g_a,dpu,19148.1,19434.4
16,751,g_a,dpu,19434.4,19665.4
16,751,g_a_cpu,cpu,19665.4,19665.7
16,751,h_a,dpu,19665.7,19913.4
16,751,eb_enc,cpu,19913.4,19913.5
16,751,eb_dec,cpu,19913.5,19913.6
16,751,h_s,dpu,19913.6,19958.4
16,751,gc,cpu,19958.4,19968.5
16,783,normalize,cpu,19969.4,19984.1
16,783,g_a_cpu,cpu,19984.1,19984.5
16,783,g_a,dpu,19984.5,20548.7
16,783,g_a,dpu,20548.7,20738.9
16,783,g_a_cpu,cpu,20738.9,20739.5
16,783,h_a,dpu,20739.5,20986.3
16,783,eb_enc,cpu,20986.3,20986.4
16,783,eb_dec,cpu,20986.4,20986.5
16,783,h_s,dpu,20986.5,21101.3
16,783,gc,cpu,21101.3,21111.7
16,830,normalize,cpu,21112.3,21116
16,830,g_a_cpu,cpu,21116,21116.4
16,830,g_a,dpu,21116.4,21361.2
16,830,g_a,dpu,21361.2,21589.1
16,830,g_a_cpu,cpu,21589.1,21589.5
16,830,h_a,dpu,21589.5,21746
16,830,eb_enc,cpu,21746,21746.1
16,830,eb_dec,cpu,21746.1,21746.2
16,830,h_s,dpu,21746.2,21937.1
16,830,gc,cpu,21937.1,21948.6
16,861,normalize,cpu,21949.3,21952.9
16,861,g_a_cpu,cpu,21952.9,21953.4
16,861,g_a,dpu,21953.4,22213
16,861,g_a,dpu,22213,22399.5
16,861,g_a_cpu,cpu,22399.5,22399.9
16,861,h_a,dpu,22399.9,22574.5
16,861,eb_enc,cpu,22574.5,22574.7
16,861,eb_dec,cpu,22574.7,22574.8
16,861,h_s,dpu,22574.8,22821.1
16,861,gc,cpu,22821.1,22831.5
16,893,normalize,cpu,22832.1,22835.8
16,893,g_a_cpu,cpu,22835.8,22836.1
16,893,g_a,dpu,22836.1,23045
16,893,g_a,dpu,23045,23281
16,893,g_a_cpu,cpu,23281,23281.4
16,893,h_a,dpu,23281.4,23522.9
16,893,eb_enc,cpu,23522.9,23523.1
16,893,eb_dec,cpu,23523.1,23523.2
16,893,h_s,dpu,23523.2,23683.9
16,893,gc,cpu,23683.9,23693.9
16,925,normalize,cpu,23694.4,23698.2
16,925,g_a_cpu,cpu,23698.2,23698.7
16,925,g_a,dpu,23698.7,23883.4
16,925,g_a,dpu,23883.4,24039.5
16,925,g_a_cpu,cpu,24039.5,24040
16,925,h_a,dpu,24040,24044.8
16,925,eb_enc,cpu,24044.8,24045.2
16,925,eb_dec,cpu,24045.2,24045.3
16,925,h_s,dpu,24045.3,24050.1
16,925,gc,cpu,24050.1,24060
17,10,normalize,cpu,81.4949,93.668
17,10,g_a_cpu,cpu,98.7263,99.1739
17,10,g_a,dpu,99.1789,555.345
17,10,g_a,dpu,555.348,592.071
17,10,g_a_cpu,cpu,592.072,592.467
17,10,h_a,dpu,592.471,881.006
17,10,eb_enc,cpu,881.007,881.141
17,10,eb_dec,cpu,881.142,881.261
17,10,h_s,dpu,881.261,917.939
17,10,gc,cpu,917.944,1022.17
17,47,normalize,cpu,1022.85,1027.83
17,47,g_a_cpu,cpu,1027.83,1028.4
17,47,g_a,dpu,1028.4,1142.27
17,47,g_a,dpu,1142.27,1472.4
17,47,g_a_cpu,cpu,1472.4,1472.84
17,47,h_a,dpu,1472.84,1690.24
17,47,eb_enc,cpu,1690.24,1690.37
17,47,eb_dec,cpu,1690.37,1690.48
17,47,h_s,dpu,1690.48,1833.39
17,47,gc,cpu,1833.39,1843.37
17,77,normalize,cpu,1845.43,1852.25
17,77,g_a_cpu,cpu,1852.26,1852.67
17,77,g_a,dpu,1852.67,1890.53
17,77,g_a,dpu,1890.54,1927.6
17,77,g_a_cpu,cpu,1927.6,1927.94
17,77,h_a,dpu,1927.95,2239.04
17,77,eb_enc,cpu,2239.04,2239.19
17,77,eb_dec,cpu,2239.19,2239.31
17,77,h_s,dpu,2239.31,2494.62
17,77,gc,cpu,2494.62,2506.26
17,98,normalize,cpu,2506.9,2512.45
17,98,g_a_cpu,cpu,2512.46,2512.83
17,98,g_a,dpu,2512.84,2550.05
17,98,g_a,dpu,2550.06,2770.56
17,98,g_a_cpu,cpu,2770.56,2770.92
17,98,h_a,dpu,2770.92,3106.03
17,98,eb_enc,cpu,3106.03,3106.15
17,98,eb_dec,cpu,3106.16,3106.27
17,98,h_s,dpu,3106.27,3239.47
17,98,gc,cpu,3239.47,3249.48
17,129,normalize,cpu,3250.14,3253.81
17,129,g_a_cpu,cpu,3253.82,3254.31
17,129,g_a,dpu,3254.32,3352.04
17,129,g_a,dpu,3352.05,3430.69
17,129,g_a_cpu,cpu,3430.7,3431.14
17,129,h_a,dpu,3431.15,3685.01
17,129,eb_enc,cpu,3685.01,3685.14
17,129,eb_dec,cpu,3685.14,3685.26
17,129,h_s,dpu,3685.26,3954.93
17,129,gc,cpu,3954.93,3965.03
17,157,normalize,cpu,3965.84,3969.49
17,157,g_a_cpu,cpu,3969.49,3969.89
17,157,g_a,dpu,3969.9,4023.18
17,157,g_a,dpu,4023.18,4134.95
17,157,g_a_cpu,cpu,4134.96,4135.41
17,157,h_a,dpu,4135.41,4298.24
17,157,eb_enc,cpu,4298.24,4298.39
17,157,eb_dec,cpu,4298.39,4298.51
17,157,h_s,dpu,4298.51,4507.71
17,157,gc,cpu,4507.71,4517.96
17,185,normalize,cpu,4518.56,4522.27
17,185,g_a_cpu,cpu,4522.27,4522.62
17,185,g_a,dpu,4522.62,4793.14
17,185,g_a,dpu,4793.14,4949.49
17,185,g_a_cpu,cpu,4949.5,4949.84
17,185,h_a,dpu,4949.86,5084.36
17,185,eb_enc,cpu,5084.37,5084.5
17,185,eb_dec,cpu,5084.5,5084.61
17,185,h_s,dpu,5084.61,5303.19
17,185,gc,cpu,5303.2,5313.23
17,213,normalize,cpu,5313.73,5317.36
17,213,g_a_cpu,cpu,5317.36,5317.77
17,213,g_a,dpu,5317.77,5480.89
17,213,g_a,dpu,5480.89,5669.78
17,213,g_a_cpu,cpu,5669.78,5670.15
17,213,h_a,dpu,5670.16,5801
17,213,eb_enc,cpu,5801,5801.15
17,213,eb_dec,cpu,5801.15,5801.27
17,213,h_s,dpu,5801.27,6045.72
17,213,gc,cpu,6045.72,6055.66
17,243,normalize,cpu,6056.16,6059.86
17,243,g_a_cpu,cpu,6059.86,6060.19
17,243,g_a,dpu,6060.19,6307.23
17,243,g_a,dpu,6307.23,6536.36
17,243,g_a_cpu,cpu,6536.37,6536.88
17,243,h_a,dpu,6536.89,6672.28
17,243,eb_enc,cpu,6672.28,6672.41
17,243,eb_dec,cpu,6672.42,6672.53
17,243,h_s,dpu,6672.53,6876.72
17,243,gc,cpu,6876.72,6887.03
17,274,normalize,cpu,6887.58,6891.26
17,274,g_a_cpu,cpu,6891.26,6891.61
17,274,g_a,dpu,6891.61,7132.49
17,274,g_a,dpu,7132.49,7359.65
17,274,g_a_cpu,cpu,7359.65,7360.1
17,274,h_a,dpu,7360.11,7505.69
17,274,eb_enc,cpu,7505.69,7505.83
17,274,eb_dec,cpu,7505.83,7505.94
17,274,h_s,dpu,7505.94,7709.73
17,274,gc,cpu,7709.74,7720.58
17,307,normalize,cpu,7721.1,7724.71
17,307,g_a_cpu,cpu,7724.71,7725.06
17,307,g_a,dpu,7725.06,7952.56
17,307,g_a,dpu,7952.56,8140.3
17,307,g_a_cpu,cpu,8140.3,8140.9
17,307,h_a,dpu,8140.91,8313.5
17,307,eb_enc,cpu,8313.5,8313.62
17,307,eb_dec,cpu,8313.62,8313.75
17,307,h_s,dpu,8313.75,8484.16
17,307,gc,cpu,8484.16,8493.91
17,337,normalize,cpu,8494.42,8498.08
17,337,g_a_cpu,cpu,8498.08,8498.45
17,337,g_a,dpu,8498.45,8704.55
17,337,g_a,dpu,8704.55,9014.78
17,337,g_a_cpu,cpu,9014.78,9015.14
17,337,h_a,dpu,9015.14,9238.83
17,337,eb_enc,cpu,9238.84,9238.97
17,337,eb_dec,cpu,9238.97,9239.08
17,337,h_s,dpu,9239.08,9458.96
17,337,gc,cpu,9458.96,9473.42
17,372,normalize,cpu,9473.93,9477.73
17,372,g_a_cpu,cpu,9477.73,9478.15
17,372,g_a,dpu,9478.16,9677.94
17,372,g_a,dpu,9677.94,9849.26
17,372,g_a_cpu,cpu,9849.26,9849.61
17,372,h_a,dpu,9849.61,10079.3
17,372,eb_enc,cpu,10079.3,10079.4
17,372,eb_dec,cpu,10079.4,10079.5
17,372,h_s,dpu,10079.5,10291.3
17,372,gc,cpu,10291.3,10301.1
17,405,normalize,cpu,10301.8,10305.8
17,405,g_a_cpu,cpu,10305.8,10306.4
17,405,g_a,dpu,10306.4,10484.3
17,405,g_a,dpu,10484.3,10637.7
17,405,g_a_cpu,cpu,10637.7,10638.1
17,405,h_a,dpu,10638.1,10833
17,405,eb_enc,cpu,10833,10833.1
17,405,eb_dec,cpu,10833.1,10833.3
17,405,h_s,dpu,10833.3,11033.6
17,405,gc,cpu,11033.6,11043.2
17,434,normalize,cpu,11043.8,11047.4
17,434,g_a_cpu,cpu,11047.4,11047.7
17,434,g_a,dpu,11047.8,11220.2
17,434,g_a,dpu,11220.2,11457.5
17,434,g_a_cpu,cpu,11457.5,11457.9
17,434,h_a,dpu,11457.9,11658.4
17,434,eb_enc,cpu,11658.4,11658.5
17,434,eb_dec,cpu,11658.5,11658.7
17,434,h_s,dpu,11658.7,11866
17,434,gc,cpu,11866,11876.1
17,467,normalize,cpu,11876.6,11880.2
17,467,g_a_cpu,cpu,11880.2,11880.6
17,467,g_a,dpu,11880.6,12049.6
17,467,g_a,dpu,12049.6,12164.4
17,467,g_a_cpu,cpu,12164.4,12164.8
17,467,h_a,dpu,12164.8,12436.7
17,467,eb_enc,cpu,12436.7,12436.8
17,467,eb_dec,cpu,12436.8,12436.9
17,467,h_s,dpu,12436.9,12635.1
17,467,gc,cpu,12635.1,12645.1
17,498,normalize,cpu,12645.9,12649.6
17,498,g_a_cpu,cpu,12649.6,12650.1
17,498,g_a,dpu,12650.1,12806.2
17,498,g_a,dpu,12806.3,12996.7
17,498,g_a_cpu,cpu,12996.7,12997.1
17,498,h_a,dpu,12997.1,13202.6
17,498,eb_enc,cpu,13202.6,13202.8
17,498,eb_dec,cpu,13202.8,13202.9
17,498,h_s,dpu,13202.9,13399.4
17,498,gc,cpu,13399.4,13409.3
17,525,normalize,cpu,13409.9,13413.6
17,525,g_a_cpu,cpu,13413.6,13414
17,525,g_a,dpu,13414,13587.6
17,525,g_a,dpu,13587.6,13705.9
17,525,g_a_cpu,cpu,13705.9,13706.4
17,525,h_a,dpu,13706.4,13934.6
17,525,eb_enc,cpu,13934.6,13934.7
17,525,eb_dec,cpu,13934.7,13934.8
17,525,h_s,dpu,13934.8,14107.5
17,525,gc,cpu,14107.5,14117.3
17,555,normalize,cpu,14117.9,14123
17,555,g_a_cpu,cpu,14123,14123.4
17,555,g_a,dpu,14123.4,14359.7
17,555,g_a,dpu,14359.7,14522.4
17,555,g_a_cpu,cpu,14522.4,14522.9
17,555,h_a,dpu,14522.9,14952
17,555,eb_enc,cpu,14952,14952.2
17,555,eb_dec,cpu,14952.2,14952.3
17,555,h_s,dpu,14952.3,15149.9
17,555,gc,cpu,15149.9,15167.1
17,594,normalize,cpu,15167.8,15171.9
17,594,g_a_cpu,cpu,15171.9,15172.4
17,594,g_a,dpu,15172.4,15365
17,594,g_a,dpu,15365,15402.3
17,594,g_a_cpu,cpu,15402.3,15402.7
17,594,h_a,dpu,15402.7,15607.6
17,594,eb_enc,cpu,15607.6,15607.7
17,594,eb_dec,cpu,15607.7,15607.8
17,594,h_s,dpu,15607.8,15816.1
17,594,gc,cpu,15816.1,15826.1
17,620,normalize,cpu,15826.8,15831
17,620,g_a_cpu,cpu,15831.1,15831.4
17,620,g_a,dpu,15831.4,15981.3
17,620,g_a,dpu,15981.3,16177.3
17,620,g_a_cpu,cpu,16177.3,16177.9
17,620,h_a,dpu,16177.9,16376.7
17,620,eb_enc,cpu,16376.7,16376.8
17,620,eb_dec,cpu,16376.8,16376.9
17,620,h_s,dpu,16376.9,16606.5
17,620,gc,cpu,16606.5,16616.3
17,650,normalize,cpu,16616.8,16620.4
17,650,g_a_cpu,cpu,16620.4,16620.7
17,650,g_a,dpu,16620.7,16809.7
17,650,g_a,dpu,16809.7,17045.7
17,650,g_a_cpu,cpu,17045.7,17046
17,650,h_a,dpu,17046,17283.6
17,650,eb_enc,cpu,17283.6,17283.7
17,650,eb_dec,cpu,17283.7,17283.8
17,650,h_s,dpu,17283.8,17430
17,650,gc,cpu,17430,17440.4
17,681,normalize,cpu,17441.8,17447.3
17,681,g_a_cpu,cpu,17447.3,17447.7
17,681,g_a,dpu,17447.7,17595.3
17,681,g_a,dpu,17595.3,17784.4
17,681,g_a_cpu,cpu,17784.4,17784.7
17,681,h_a,dpu,17784.7,18145.9
17,681,eb_enc,cpu,18145.9,18146.1
17,681,eb_dec,cpu,18146.1,18146.2
17,681,h_s,dpu,18146.2,18364.1
17,681,gc,cpu,18364.1,18374.4
17,721,normalize,cpu,18375.2,18378.9
17,721,g_a_cpu,cpu,18378.9,18379.3
17,721,g_a,dpu,18379.3,18544.6
17,721,g_a,dpu,18544.6,18809.7
17,721,g_a_cpu,cpu,18809.7,18810.2
17,721,h_a,dpu,18810.2,19054.5
17,721,eb_enc,cpu,19054.5,19054.7
17,721,eb_dec,cpu,19054.7,19054.8
17,721,h_s,dpu,19054.8,19189.2
17,721,gc,cpu,19189.2,19200.8
17,755,normalize,cpu,19201.8,19205.4
17,755,g_a_cpu,cpu,19205.4,19206.1
17,755,g_a,dpu,19206.1,19329
17,755,g_a,dpu,19329,19515.9
17,755,g_a_cpu,cpu,19515.9,19516.3
17,755,h_a,dpu,19516.3,19740.3
17,755,eb_enc,cpu,19740.3,19740.4
17,755,eb_dec,cpu,19740.4,19740.6
17,755,h_s,dpu,19740.6,19954.4
17,755,gc,cpu,19954.4,19973.2
17,785,normalize,cpu,19973.9,19977.6
17,785,g_a_cpu,cpu,19977.6,19978.3
17,785,g_a,dpu,19978.3,20122.6
17,785,g_a,dpu,20122.6,20313.3
17,785,g_a_cpu,cpu,20313.3,20313.7
17,785,h_a,dpu,20313.7,20586.1
17,785,eb_enc,cpu,20586.1,20586.2
17,785,eb_dec,cpu,20586.2,20586.4
17,785,h_s,dpu,20586.4,20822.8
17,785,gc,cpu,20822.8,20833
17,818,normalize,cpu,20833.5,20837.2
17,818,g_a_cpu,cpu,20837.2,20837.7
17,818,g_a,dpu,20837.7,20989.1
17,818,g_a,dpu,20989.1,21026
17,818,g_a_cpu,cpu,21026,21026.4
17,818,h_a,dpu,21026.4,21323.1
17,818,eb_enc,cpu,21323.1,21323.2
17,818,eb_dec,cpu,21323.2,21323.3
17,818,h_s,dpu,21323.3,21545.2
17,818,gc,cpu,21545.2,21556.1
17,843,normalize,cpu,21556.6,21560.3
17,843,g_a_cpu,cpu,21560.3,21560.7
17,843,g_a,dpu,21560.7,21696
17,843,g_a,dpu,21696,21814.2
17,843,g_a_cpu,cpu,21814.2,21814.5
17,843,h_a,dpu,21814.5,22026.4
17,843,eb_enc,cpu,22026.4,22026.6
17,843,eb_dec,cpu,22026.6,22026.7
17,843,h_s,dpu,22026.7,22267.2
17,843,gc,cpu,22267.2,22277.4
17,872,normalize,cpu,22277.9,22281.5
17,872,g_a_cpu,cpu,22281.5,22281.9
17,872,g_a,dpu,22281.9,22453
17,872,g_a,dpu,22453,22490.6
17,872,g_a_cpu,cpu,22490.6,22491
17,872,h_a,dpu,22491,22705.5
17,872,eb_enc,cpu,22705.5,22705.7
17,872,eb_dec,cpu,22705.7,22705.8
17,872,h_s,dpu,22705.8,22908.8
17,872,gc,cpu,22908.8,22918.6
17,897,normalize,cpu,22919.1,22922.8
17,897,g_a_cpu,cpu,22922.8,22923.1
17,897,g_a,dpu,22923.1,23061.4
17,897,g_a,dpu,23061.4,23189.8
17,897,g_a_cpu,cpu,23189.8,23190.3
17,897,h_a,dpu,23190.3,23505.9
17,897,eb_enc,cpu,23505.9,23506.1
17,897,eb_dec,cpu,23506.1,23506.2
17,897,h_s,dpu,23506.2,23782
17,897,gc,cpu,23782,23791.9
18,22,normalize,cpu,100.311,103.988
18,22,g_a_cpu,cpu,104.081,104.555
18,22,g_a,dpu,104.56,166.905
18,22,g_a,dpu,166.91,203.583
18,22,g_a_cpu,cpu,203.588,204.072
18,22,h_a,dpu,204.095,779.685
18,22,eb_enc,cpu,779.686,779.805
18,22,eb_dec,cpu,779.805,779.914
18,22,h_s,dpu,779.914,889.787
18,22,gc,cpu,889.792,1033.05
18,53,normalize,cpu,1033.57,1040.26
18,53,g_a_cpu,cpu,1040.27,1040.79
18,53,g_a,dpu,1040.8,1317.26
18,53,g_a,dpu,1317.26,1353.54
18,53,g_a_cpu,cpu,1353.54,1354.06
18,53,h_a,dpu,1354.06,1660.95
18,53,eb_enc,cpu,1660.95,1661.11
18,53,eb_dec,cpu,1661.11,1661.23
18,53,h_s,dpu,1661.23,1770.12
18,53,gc,cpu,1770.12,1779.94
18,70,normalize,cpu,1780.4,1784.05
18,70,g_a_cpu,cpu,1784.05,1784.45
18,70,g_a,dpu,1784.46,1910.18
18,70,g_a,dpu,1910.19,2164.07
18,70,g_a_cpu,cpu,2164.07,2164.77
18,70,h_a,dpu,2164.77,2415.1
18,70,eb_enc,cpu,2415.1,2415.34
18,70,eb_dec,cpu,2415.35,2415.47
18,70,h_s,dpu,2415.47,2662.84
18,70,gc,cpu,2662.84,2677.27
18,110,normalize,cpu,2677.81,2681.49
18,110,g_a_cpu,cpu,2681.5,2681.96
18,110,g_a,dpu,2681.97,2785.36
18,110,g_a,dpu,2785.38,2965.52
18,110,g_a_cpu,cpu,2965.53,2965.9
18,110,h_a,dpu,2965.9,3081.88
18,110,eb_enc,cpu,3081.88,3082.01
18,110,eb_dec,cpu,3082.01,3082.12
18,110,h_s,dpu,3082.12,3377.13
18,110,gc,cpu,3377.13,3387.72
18,135,normalize,cpu,3388.46,3392.76
18,135,g_a_cpu,cpu,3392.76,3393.17
18,135,g_a,dpu,3393.17,3587.06
18,135,g_a,dpu,3587.06,3844.81
18,135,g_a_cpu,cpu,3844.81,3845.32
18,135,h_a,dpu,3845.32,3983.74
18,135,eb_enc,cpu,3983.74,3983.87
18,135,eb_dec,cpu,3983.87,3983.98
18,135,h_s,dpu,3983.98,4214.28
18,135,gc,cpu,4214.28,4224.77
18,166,normalize,cpu,4225.54,4232.12
18,166,g_a_cpu,cpu,4232.13,4232.49
18,166,g_a,dpu,4232.5,4698.28
18,166,g_a,dpu,4698.28,4957.02
18,166,g_a_cpu,cpu,4957.02,4957.53
18,166,h_a,dpu,4957.54,5041.13
18,166,eb_enc,cpu,5041.13,5041.28
18,166,eb_dec,cpu,5041.28,5041.4
18,166,h_s,dpu,5041.4,5198.72
18,166,gc,cpu,5198.72,5209.06
18,209,normalize,cpu,5209.76,5213.4
18,209,g_a_cpu,cpu,5213.4,5213.8
18,209,g_a,dpu,5213.81,5452.88
18,209,g_a,dpu,5452.88,5711.11
18,209,g_a_cpu,cpu,5711.11,5711.45
18,209,h_a,dpu,5711.46,5831.14
18,209,eb_enc,cpu,5831.14,5831.36
18,209,eb_dec,cpu,5831.36,5831.51
18,209,h_s,dpu,5831.51,6001.12
18,209,gc,cpu,6001.12,6011.46
18,241,normalize,cpu,6011.94,6015.67
18,241,g_a_cpu,cpu,6015.67,6015.9
18,241,g_a,dpu,6015.91,6270.91
18,241,g_a,dpu,6270.91,6307.41
18,241,g_a_cpu,cpu,6307.41,6308.29
18,241,h_a,dpu,6308.3,6538.72
18,241,eb_enc,cpu,6538.72,6538.86
18,241,eb_dec,cpu,6538.86,6538.98
18,241,h_s,dpu,6538.98,6673.22
18,241,gc,cpu,6673.22,6683.17
18,265,normalize,cpu,6683.65,6687.28
18,265,g_a_cpu,cpu,6687.28,6687.62
18,265,g_a,dpu,6687.63,6912.81
18,265,g_a,dpu,6912.82,7138.29
18,265,g_a_cpu,cpu,7138.29,7138.92
18,265,h_a,dpu,7138.93,7362.35
18,265,eb_enc,cpu,7362.35,7362.51
18,265,eb_dec,cpu,7362.51,7362.63
18,265,h_s,dpu,7362.63,7506.98
18,265,gc,cpu,7506.98,7516.99
18,299,normalize,cpu,7517.52,7521.15
18,299,g_a_cpu,cpu,7521.15,7521.49
18,299,g_a,dpu,7521.5,7752.27
18,299,g_a,dpu,7752.27,8015.57
18,299,g_a_cpu,cpu,8015.58,8015.92
18,299,h_a,dpu,8015.93,8183.25
18,299,eb_enc,cpu,8183.25,8183.39
18,299,eb_dec,cpu,8183.39,8183.5
18,299,h_s,dpu,8183.5,8396.02
18,299,gc,cpu,8396.02,8406.13
18,333,normalize,cpu,8406.66,8410.34
18,333,g_a_cpu,cpu,8410.35,8410.74
18,333,g_a,dpu,8410.75,8634.67
18,333,g_a,dpu,8634.67,8875.35
18,333,g_a_cpu,cpu,8875.35,8875.72
18,333,h_a,dpu,8875.72,9017.63
18,333,eb_enc,cpu,9017.63,9017.75
18,333,eb_dec,cpu,9017.75,9017.87
18,333,h_s,dpu,9017.87,9239.74
18,333,gc,cpu,9239.74,9249.66
18,364,normalize,cpu,9250.16,9253.94
18,364,g_a_cpu,cpu,9253.95,9254.45
18,364,g_a,dpu,9254.46,9494.83
18,364,g_a,dpu,9494.84,9681.42
18,364,g_a_cpu,cpu,9681.42,9681.96
18,364,h_a,dpu,9681.96,9852.13
18,364,eb_enc,cpu,9852.13,9852.28
18,364,eb_dec,cpu,9852.29,9852.4
18,364,h_s,dpu,9852.4,10080.6
18,364,gc,cpu,10080.6,10091.6
18,397,normalize,cpu,10092.1,10095.8
18,397,g_a_cpu,cpu,10095.8,10096.1
18,397,g_a,dpu,10096.1,10329.2
18,397,g_a,dpu,10329.2,10513.6
18,397,g_a_cpu,cpu,10513.6,10514.1
18,397,h_a,dpu,10514.1,10640.6
18,397,eb_enc,cpu,10640.6,10640.7
18,397,eb_dec,cpu,10640.7,10640.8
18,397,h_s,dpu,10640.8,10834.3
18,397,gc,cpu,10834.3,10844.2
18,426,normalize,cpu,10844.7,10848.5
18,426,g_a_cpu,cpu,10848.5,10848.8
18,426,g_a,dpu,10848.8,11109.8
18,426,g_a,dpu,11109.8,11716.9
18,426,g_a_cpu,cpu,11716.9,11717.5
18,426,h_a,dpu,11717.5,11895.1
18,426,eb_enc,cpu,11895.1,11895.2
18,426,eb_dec,cpu,11895.2,11895.3
18,426,h_s,dpu,11895.3,12096.8
18,426,gc,cpu,12096.8,12108.2
18,476,normalize,cpu,12108.8,12112.5
18,476,g_a_cpu,cpu,12112.5,12112.9
18,476,g_a,dpu,12112.9,12366.8
18,476,g_a,dpu,12366.8,12633
18,476,g_a_cpu,cpu,12633,12633.6
18,476,h_a,dpu,12633.6,12729.3
18,476,eb_enc,cpu,12729.3,12729.4
18,476,eb_dec,cpu,12729.4,12729.5
18,476,h_s,dpu,12729.5,12943.8
18,476,gc,cpu,12943.8,12954.9
18,510,normalize,cpu,12955.4,12959.1
18,510,g_a_cpu,cpu,12959.1,12959.8
18,510,g_a,dpu,12959.8,13172.8
18,510,g_a,dpu,13172.8,13397.6
18,510,g_a_cpu,cpu,13397.6,13398.1
18,510,h_a,dpu,13398.1,13547.3
18,510,eb_enc,cpu,13547.3,13547.5
18,510,eb_dec,cpu,13547.5,13547.6
18,510,h_s,dpu,13547.6,13780
18,510,gc,cpu,13780,13790.8
18,543,normalize,cpu,13791.3,13794.9
18,543,g_a_cpu,cpu,13794.9,13795.2
18,543,g_a,dpu,13795.2,13997.2
18,543,g_a,dpu,13997.2,14215.1
18,543,g_a_cpu,cpu,14215.1,14215.8
18,543,h_a,dpu,14215.8,14401.1
18,543,eb_enc,cpu,14401.1,14401.2
18,543,eb_dec,cpu,14401.2,14401.3
18,543,h_s,dpu,14401.3,14542.7
18,543,gc,cpu,14542.7,14552.9
18,575,normalize,cpu,14553.4,14557
18,575,g_a_cpu,cpu,14557,14557.4
18,575,g_a,dpu,14557.4,14744.6
18,575,g_a,dpu,14744.6,14963.8
18,575,g_a_cpu,cpu,14963.8,14964.3
18,575,h_a,dpu,14964.3,15124.4
18,575,eb_enc,cpu,15124.4,15124.6
18,575,eb_dec,cpu,15124.6,15124.7
18,575,h_s,dpu,15124.7,15272.8
18,575,gc,cpu,15272.8,15283
18,602,normalize,cpu,15283.5,15287.2
18,602,g_a_cpu,cpu,15287.2,15287.4
18,602,g_a,dpu,15287.4,15504.4
18,602,g_a,dpu,15504.4,15540.7
18,602,g_a_cpu,cpu,15540.7,15541.1
18,602,h_a,dpu,15541.1,15712.7
18,602,eb_enc,cpu,15712.7,15712.8
18,602,eb_dec,cpu,15712.8,15713
18,602,h_s,dpu,15713,15945.8
18,602,gc,cpu,15945.8,15955.6
18,626,normalize,cpu,15956.2,15959.8
18,626,g_a_cpu,cpu,15959.8,15960.2
18,626,g_a,dpu,15960.2,16120.7
18,626,g_a,dpu,16120.7,16379.8
18,626,g_a_cpu,cpu,16379.8,16380.3
18,626,h_a,dpu,16380.3,16574.2
18,626,eb_enc,cpu,16574.2,16574.3
18,626,eb_dec,cpu,16574.3,16574.5
18,626,h_s,dpu,16574.5,17435.5
18,626,gc,cpu,17435.5,17445.9
18,682,normalize,cpu,17446.6,17450.3
18,682,g_a_cpu,cpu,17450.3,17450.7
18,682,g_a,dpu,17450.7,17653.2
18,682,g_a,dpu,17653.2,17876.8
18,682,g_a_cpu,cpu,17876.8,17877.2
18,682,h_a,dpu,17877.2,18063.8
18,682,eb_enc,cpu,18063.8,18063.9
18,682,eb_dec,cpu,18063.9,18064
18,682,h_s,dpu,18064,18220.4
18,682,gc,cpu,18220.4,18230.6
18,714,normalize,cpu,18231.1,18234.8
18,714,g_a_cpu,cpu,18234.8,18235.3
18,714,g_a,dpu,18235.3,18404.4
18,714,g_a,dpu,18404.4,18629.1
18,714,g_a_cpu,cpu,18629.1,18629.5
18,714,h_a,dpu,18629.5,18849.3
18,714,eb_enc,cpu,18849.3,18849.4
18,714,eb_dec,cpu,18849.4,18849.5
18,714,h_s,dpu,18849.5,19056.6
18,714,gc,cpu,19056.6,19066.8
18,745,normalize,cpu,19067.4,19071.7
18,745,g_a_cpu,cpu,19071.7,19072.4
18,745,g_a,dpu,19072.4,19268.2
18,745,g_a,dpu,19268.2,19492.9
18,745,g_a_cpu,cpu,19492.9,19493.2
18,745,h_a,dpu,19493.2,19675
18,745,eb_enc,cpu,19675,19675.1
18,745,eb_dec,cpu,19675.1,19675.2
18,745,h_s,dpu,19675.2,19891.4
18,745,gc,cpu,19891.4,19901.4
18,779,normalize,cpu,19902,19905.7
18,779,g_a_cpu,cpu,19905.7,19906
18,779,g_a,dpu,19906,20111.2
18,779,g_a,dpu,20111.2,20367.7
18,779,g_a_cpu,cpu,20367.7,20368.1
18,779,h_a,dpu,20368.1,20505.4
18,779,eb_enc,cpu,20505.4,20505.6
18,779,eb_dec,cpu,20505.6,20505.7
18,779,h_s,dpu,20505.7,20666.2
18,779,gc,cpu,20666.2,20676.5
18,808,normalize,cpu,20677.1,20680.7
18,808,g_a_cpu,cpu,20680.7,20681.1
18,808,g_a,dpu,20681.1,20949.2
18,808,g_a,dpu,20949.2,21175.2
18,808,g_a_cpu,cpu,21175.2,21175.7
18,808,h_a,dpu,21175.7,21406.3
18,808,eb_enc,cpu,21406.3,21406.5
18,808,eb_dec,cpu,21406.5,21406.6
18,808,h_s,dpu,21406.6,21628.6
18,808,gc,cpu,21628.6,21638.4
18,846,normalize,cpu,21638.8,21642.4
18,846,g_a_cpu,cpu,21642.5,21642.9
18,846,g_a,dpu,21642.9,21783.8
18,846,g_a,dpu,21783.8,22006.2
18,846,g_a_cpu,cpu,22006.2,22006.5
18,846,h_a,dpu,22006.5,22211.9
18,846,eb_enc,cpu,22211.9,22212
18,846,eb_dec,cpu,22212,22212.1
18,846,h_s,dpu,22212.1,22363.6
18,846,gc,cpu,22363.6,22373.3
18,875,normalize,cpu,22373.7,22377.3
18,875,g_a_cpu,cpu,22377.4,22377.7
18,875,g_a,dpu,22377.7,22537.1
18,875,g_a,dpu,22537.1,22761.8
18,875,g_a_cpu,cpu,22761.8,22762.1
18,875,h_a,dpu,22762.1,22941.6
18,875,eb_enc,cpu,22941.6,22941.7
18,875,eb_dec,cpu,22941.7,22941.8
18,875,h_s,dpu,22941.8,23120.5
18,875,gc,cpu,23120.5,23130.3
18,905,normalize,cpu,23130.7,23134.4
18,905,g_a_cpu,cpu,23134.4,23135
18,905,g_a,dpu,23135,23369.9
18,905,g_a,dpu,23369.9,23667.7
18,905,g_a_cpu,cpu,23667.7,23668.1
18,905,h_a,dpu,23668.1,23802.6
18,905,eb_enc,cpu,23802.6,23802.8
18,905,eb_dec,cpu,23802.8,23802.9
18,905,h_s,dpu,23802.9,23925.4
18,905,gc,cpu,23925.4,23935.6
19,21,normalize,cpu,98.5863,102.267
19,21,g_a_cpu,cpu,102.468,102.967
19,21,g_a,dpu,102.975,187.596
19,21,g_a,dpu,187.605,584.066
19,21,g_a_cpu,cpu,584.067,584.546
19,21,h_a,dpu,584.552,892.093
19,21,eb_enc,cpu,892.094,892.278
19,21,eb_dec,cpu,892.279,892.413
19,21,h_s,dpu,892.413,894.131
19,21,gc,cpu,894.135,981.736
19,38,normalize,cpu,982.181,986.982
19,38,g_a_cpu,cpu,986.99,987.526
19,38,g_a,dpu,987.529,1135.88
19,38,g_a,dpu,1135.88,1468.95
19,38,g_a_cpu,cpu,1468.95,1469.31
19,38,h_a,dpu,1469.31,1682.35
19,38,eb_enc,cpu,1682.35,1682.51
19,38,eb_dec,cpu,1682.52,1682.63
19,38,h_s,dpu,1682.63,1792.25
19,38,gc,cpu,1792.25,1802.67
19,72,normalize,cpu,1803.26,1806.91
19,72,g_a_cpu,cpu,1806.92,1807.47
19,72,g_a,dpu,1807.48,1982.38
19,72,g_a,dpu,1982.38,2347.38
19,72,g_a_cpu,cpu,2347.38,2347.75
19,72,h_a,dpu,2347.75,2497.01
19,72,eb_enc,cpu,2497.01,2497.17
19,72,eb_dec,cpu,2497.17,2497.29
19,72,h_s,dpu,2497.29,2606.2
19,72,gc,cpu,2606.2,2616.34
19,106,normalize,cpu,2616.87,2621.65
19,106,g_a_cpu,cpu,2621.66,2622.56
19,106,g_a,dpu,2622.57,2659.43
19,106,g_a,dpu,2659.43,3029.45
19,106,g_a_cpu,cpu,3029.45,3029.86
19,106,h_a,dpu,3029.86,3224.93
19,106,eb_enc,cpu,3224.93,3225.05
19,106,eb_dec,cpu,3225.05,3225.17
19,106,h_s,dpu,3225.17,3229.24
19,106,gc,cpu,3229.25,3240.29
19,128,normalize,cpu,3241.01,3255.43
19,128,g_a_cpu,cpu,3255.43,3255.86
19,128,g_a,dpu,3255.87,3573.18
19,128,g_a,dpu,3573.19,3833.99
19,128,g_a_cpu,cpu,3834,3834.49
19,128,h_a,dpu,3834.5,4112.34
19,128,eb_enc,cpu,4112.34,4112.46
19,128,eb_dec,cpu,4112.46,4112.57
19,128,h_s,dpu,4112.57,4176.63
19,128,gc,cpu,4176.63,4186.9
19,163,normalize,cpu,4187.43,4191.27
19,163,g_a_cpu,cpu,4191.27,4191.68
19,163,g_a,dpu,4191.68,4373.58
19,163,g_a,dpu,4373.58,4931.98
19,163,g_a_cpu,cpu,4931.98,4932.42
19,163,h_a,dpu,4932.42,5153.94
19,163,eb_enc,cpu,5153.94,5154.08
19,163,eb_dec,cpu,5154.08,5154.22
19,163,h_s,dpu,5154.22,5289.99
19,163,gc,cpu,5289.99,5300.19
19,212,normalize,cpu,5300.77,5304.56
19,212,g_a_cpu,cpu,5304.56,5304.96
19,212,g_a,dpu,5304.96,5569.62
19,212,g_a,dpu,5569.62,5606
19,212,g_a_cpu,cpu,5606,5606.45
19,212,h_a,dpu,5606.46,5832.54
19,212,eb_enc,cpu,5832.55,5832.69
19,212,eb_dec,cpu,5832.69,5832.82
19,212,h_s,dpu,5832.82,5959.67
19,212,gc,cpu,5959.67,5969.79
19,239,normalize,cpu,5970.26,5973.97
19,239,g_a_cpu,cpu,5973.97,5974.35
19,239,g_a,dpu,5974.35,6185.73
19,239,g_a,dpu,6185.73,6371.87
19,239,g_a_cpu,cpu,6371.87,6372.32
19,239,h_a,dpu,6372.32,6837.42
19,239,eb_enc,cpu,6837.42,6837.54
19,239,eb_dec,cpu,6837.54,6837.66
19,239,h_s,dpu,6837.66,7018.41
19,239,gc,cpu,7018.42,7028.79
19,279,normalize,cpu,7029.27,7032.89
19,279,g_a_cpu,cpu,7032.9,7033.3
19,279,g_a,dpu,7033.3,7240.56
19,279,g_a,dpu,7240.56,7429.45
19,279,g_a_cpu,cpu,7429.46,7429.9
19,279,h_a,dpu,7429.9,7595.77
19,279,eb_enc,cpu,7595.77,7595.94
19,279,eb_dec,cpu,7595.94,7596.06
19,279,h_s,dpu,7596.06,7798.36
19,279,gc,cpu,7798.36,7808.42
19,310,normalize,cpu,7808.91,7812.52
19,310,g_a_cpu,cpu,7812.52,7812.9
19,310,g_a,dpu,7812.9,8012.58
19,310,g_a,dpu,8012.58,8236.84
19,310,g_a_cpu,cpu,8236.84,8237.26
19,310,h_a,dpu,8237.26,8398.1
19,310,eb_enc,cpu,8398.11,8398.24
19,310,eb_dec,cpu,8398.24,8398.36
19,310,h_s,dpu,8398.36,8579.7
19,310,gc,cpu,8579.7,8589.44
19,340,normalize,cpu,8589.93,8596.9
19,340,g_a_cpu,cpu,8596.91,8597.27
19,340,g_a,dpu,8597.28,8821.03
19,340,g_a,dpu,8821.03,9237.04
19,340,g_a_cpu,cpu,9237.04,9237.38
19,340,h_a,dpu,9237.39,9458.09
19,340,eb_enc,cpu,9458.09,9458.21
19,340,eb_dec,cpu,9458.21,9458.33
19,340,h_s,dpu,9458.33,9604.57
19,340,gc,cpu,9604.57,9614.53
19,379,normalize,cpu,9615.13,9618.8
19,379,g_a_cpu,cpu,9618.8,9619.2
19,379,g_a,dpu,9619.2,9854.57
19,379,g_a,dpu,9854.58,10116.5
19,379,g_a_cpu,cpu,10116.5,10117
19,379,h_a,dpu,10117,10330.7
19,379,eb_enc,cpu,10330.7,10330.9
19,379,eb_dec,cpu,10330.9,10331.1
19,379,h_s,dpu,10331.1,10485.3
19,379,gc,cpu,10485.3,10496.2
19,412,normalize,cpu,10496.6,10500.2
19,412,g_a_cpu,cpu,10500.2,10500.6
19,412,g_a,dpu,10500.6,10756
19,412,g_a,dpu,10756,10944.7
19,412,g_a_cpu,cpu,10944.7,10945.1
19,412,h_a,dpu,10945.1,11150.4
19,412,eb_enc,cpu,11150.4,11150.5
19,412,eb_dec,cpu,11150.5,11150.6
19,412,h_s,dpu,11150.6,11374.1
19,412,gc,cpu,11374.1,11384.5
19,448,normalize,cpu,11385.1,11388.7
19,448,g_a_cpu,cpu,11388.7,11389.2
19,448,g_a,dpu,11389.2,11585
19,448,g_a,dpu,11585,11782.5
19,448,g_a_cpu,cpu,11782.5,11783
19,448,h_a,dpu,11783,12027.1
19,448,eb_enc,cpu,12027.1,12027.2
19,448,eb_dec,cpu,12027.2,12027.3
19,448,h_s,dpu,12027.3,12128
19,448,gc,cpu,12128,12137.8
19,477,normalize,cpu,12138.5,12142.7
19,477,g_a_cpu,cpu,12142.7,12143.1
19,477,g_a,dpu,12143.1,12435.7
19,477,g_a,dpu,12435.7,12666.3
19,477,g_a_cpu,cpu,12666.3,12666.7
19,477,h_a,dpu,12666.7,12869.5
19,477,eb_enc,cpu,12869.5,12869.7
19,477,eb_dec,cpu,12869.7,12869.8
19,477,h_s,dpu,12869.8,13037.2
19,477,gc,cpu,13037.2,13047
19,513,normalize,cpu,13047.6,13051.2
19,513,g_a_cpu,cpu,13051.3,13051.6
19,513,g_a,dpu,13051.6,13240.6
19,513,g_a,dpu,13240.6,13277.2
19,513,g_a_cpu,cpu,13277.3,13277.6
19,513,h_a,dpu,13277.7,13510.1
19,513,eb_enc,cpu,13510.1,13510.2
19,513,eb_dec,cpu,13510.2,13510.3
19,513,h_s,dpu,13510.3,13666
19,513,gc,cpu,13666,13675.9
19,536,normalize,cpu,13676.4,13680
19,536,g_a_cpu,cpu,13680,13680.5
19,536,g_a,dpu,13680.5,13897.1
19,536,g_a,dpu,13897.1,14156.3
19,536,g_a_cpu,cpu,14156.3,14156.7
19,536,h_a,dpu,14156.7,14365.7
19,536,eb_enc,cpu,14365.7,14365.8
19,536,eb_dec,cpu,14365.9,14366
19,536,h_s,dpu,14366,14527
19,536,gc,cpu,14527,14540.2
19,571,normalize,cpu,14540.9,14544.7
19,571,g_a_cpu,cpu,14544.7,14545.2
19,571,g_a,dpu,14545.2,14767.7
19,571,g_a,dpu,14767.7,14988.4
19,571,g_a_cpu,cpu,14988.4,14988.9
19,571,h_a,dpu,14988.9,15153.7
19,571,eb_enc,cpu,15153.7,15153.9
19,571,eb_dec,cpu,15153.9,15154
19,571,h_s,dpu,15154,15250
19,571,gc,cpu,15250,15260
19,598,normalize,cpu,15260.4,15264.1
19,598,g_a_cpu,cpu,15264.1,15264.6
19,598,g_a,dpu,15264.6,15496.6
19,598,g_a,dpu,15496.6,15757
19,598,g_a_cpu,cpu,15757,15757.3
19,598,h_a,dpu,15757.3,15998.8
19,598,eb_enc,cpu,15998.8,15998.9
19,598,eb_dec,cpu,15998.9,15999
19,598,h_s,dpu,15999,16178.7
19,598,gc,cpu,16178.7,16191
19,637,normalize,cpu,16193.3,16197.1
19,637,g_a_cpu,cpu,16197.1,16198.2
19,637,g_a,dpu,16198.2,16413.8
19,637,g_a,dpu,16413.8,16450.2
19,637,g_a_cpu,cpu,16450.2,16450.5
19,637,h_a,dpu,16450.5,16718
19,637,eb_enc,cpu,16718,16718.2
19,637,eb_dec,cpu,16718.2,16718.3
19,637,h_s,dpu,16718.3,16850.5
19,637,gc,cpu,16850.5,16861.2
19,662,normalize,cpu,16861.6,16865.3
19,662,g_a_cpu,cpu,16865.3,16865.6
19,662,g_a,dpu,16865.6,17128.7
19,662,g_a,dpu,17128.7,17397.2
19,662,g_a_cpu,cpu,17397.2,17397.7
19,662,h_a,dpu,17397.7,17578.8
19,662,eb_enc,cpu,17578.8,17579
19,662,eb_dec,cpu,17579,17579.1
19,662,h_s,dpu,17579.1,17708.3
19,662,gc,cpu,17708.3,17718.3
19,696,normalize,cpu,17718.8,17722.5
19,696,g_a_cpu,cpu,17722.5,17722.8
19,696,g_a,dpu,17722.8,17951.1
19,696,g_a,dpu,17951.1,18107
19,696,g_a_cpu,cpu,18107,18107.5
19,696,h_a,dpu,18107.5,18325.5
19,696,eb_enc,cpu,18325.5,18325.6
19,696,eb_dec,cpu,18325.6,18325.7
19,696,h_s,dpu,18325.8,18468.5
19,696,gc,cpu,18468.5,18478.2
19,728,normalize,cpu,18478.7,18483.1
19,728,g_a_cpu,cpu,18483.1,18483.4
19,728,g_a,dpu,18483.4,18716.2
19,728,g_a,dpu,18716.2,18752.7
19,728,g_a_cpu,cpu,18752.7,18753.1
19,728,h_a,dpu,18753.1,18961
19,728,eb_enc,cpu,18961,18961.1
19,728,eb_dec,cpu,18961.1,18961.2
19,728,h_s,dpu,18961.2,19092.9
19,728,gc,cpu,19093,19106.8
19,748,normalize,cpu,19107.3,19111
19,748,g_a_cpu,cpu,19111,19111.4
19,748,g_a,dpu,19111.4,19323.5
19,748,g_a,dpu,19323.5,19360
19,748,g_a_cpu,cpu,19360,19360.3
19,748,h_a,dpu,19360.3,19602.8
19,748,eb_enc,cpu,19602.8,19603
19,748,eb_dec,cpu,19603,19603.1
19,748,h_s,dpu,19603.1,19717.5
19,748,gc,cpu,19717.5,19727.7
19,771,normalize,cpu,19728.3,19732
19,771,g_a_cpu,cpu,19732,19732.4
19,771,g_a,dpu,19732.4,19977
19,771,g_a,dpu,19977,20473.7
19,771,g_a_cpu,cpu,20473.7,20474.1
19,771,h_a,dpu,20474.1,20710.9
19,771,eb_enc,cpu,20710.9,20711
19,771,eb_dec,cpu,20711,20711.2
19,771,h_s,dpu,20711.2,20789
19,771,gc,cpu,20789,20798.9
19,815,normalize,cpu,20799.3,20803
19,815,g_a_cpu,cpu,20803,20803.3
19,815,g_a,dpu,20803.3,21049.1
19,815,g_a,dpu,21049.1,21085.4
19,815,g_a_cpu,cpu,21085.4,21085.7
19,815,h_a,dpu,21085.8,21356.7
19,815,eb_enc,cpu,21356.7,21356.8
19,815,eb_dec,cpu,21356.8,21356.9
19,815,h_s,dpu,21356.9,21453.5
19,815,gc,cpu,21453.5,21463.3
19,838,normalize,cpu,21463.8,21467.6
19,838,g_a_cpu,cpu,21467.6,21468
19,838,g_a,dpu,21468,21718.3
19,838,g_a,dpu,21718.3,21976.9
19,838,g_a_cpu,cpu,21976.9,21977.2
19,838,h_a,dpu,21977.2,22227.7
19,838,eb_enc,cpu,22227.7,22227.9
19,838,eb_dec,cpu,22227.9,22228
19,838,h_s,dpu,22228,22341
19,838,gc,cpu,22341,22351
19,874,normalize,cpu,22351.4,22355.1
19,874,g_a_cpu,cpu,22355.1,22355.3
19,874,g_a,dpu,22355.4,22631.6
19,874,g_a,dpu,22631.6,22890.5
19,874,g_a_cpu,cpu,22890.5,22890.9
19,874,h_a,dpu,22890.9,23097.7
19,874,eb_enc,cpu,23097.7,23097.8
19,874,eb_dec,cpu,23097.8,23097.9
19,874,h_s,dpu,23097.9,23149.9
19,874,gc,cpu,23149.9,23159.8
19,907,normalize,cpu,23160.5,23164.1
19,907,g_a_cpu,cpu,23164.1,23164.5
19,907,g_a,dpu,23164.5,23504.9
19,907,g_a,dpu,23504.9,23734.1
19,907,g_a_cpu,cpu,23734.1,23734.5
19,907,h_a,dpu,23734.5,23902.9
19,907,eb_enc,cpu,23902.9,23903
19,907,eb_dec,cpu,23903,23903.2
19,907,h_s,dpu,23903.2,23906.2
19,907,gc,cpu,23906.3,23916
20,20,normalize,cpu,98.1981,101.897
20,20,g_a_cpu,cpu,101.904,102.389
20,20,g_a,dpu,102.397,408.149
20,20,g_a,dpu,408.152,444.967
20,20,g_a_cpu,cpu,444.968,445.331
20,20,h_a,dpu,445.336,805.815
20,20,eb_enc,cpu,805.816,805.953
20,20,eb_dec,cpu,805.954,806.067
20,20,h_s,dpu,806.067,910.436
20,20,gc,cpu,910.441,1014.73
20,45,normalize,cpu,1015.56,1025.03
20,45,g_a_cpu,cpu,1025.04,1025.51
20,45,g_a,dpu,1025.52,1105.89
20,45,g_a,dpu,1105.89,1436
20,45,g_a_cpu,cpu,1436,1436.44
20,45,h_a,dpu,1436.44,1688.9
20,45,eb_enc,cpu,1688.9,1689.03
20,45,eb_dec,cpu,1689.03,1689.14
20,45,h_s,dpu,1689.14,1832.63
20,45,gc,cpu,1832.63,1842.94
20,76,normalize,cpu,1843.57,1847.45
20,76,g_a_cpu,cpu,1847.45,1848.18
20,76,g_a,dpu,1848.22,1965.65
20,76,g_a,dpu,1965.65,2002.54
20,76,g_a_cpu,cpu,2002.54,2002.95
20,76,h_a,dpu,2002.95,2349.22
20,76,eb_enc,cpu,2349.22,2349.35
20,76,eb_dec,cpu,2349.35,2349.47
20,76,h_s,dpu,2349.47,2512.13
20,76,gc,cpu,2512.13,2522.1
20,101,normalize,cpu,2522.54,2526.2
20,101,g_a_cpu,cpu,2526.2,2526.52
20,101,g_a,dpu,2526.52,2733.33
20,101,g_a,dpu,2733.33,2926.36
20,101,g_a_cpu,cpu,2926.36,2926.73
20,101,h_a,dpu,2926.73,3297.84
20,101,eb_enc,cpu,3297.84,3297.98
20,101,eb_dec,cpu,3297.98,3298.1
20,101,h_s,dpu,3298.1,3464.13
20,101,gc,cpu,3464.13,3477.39
20,139,normalize,cpu,3478.07,3481.74
20,139,g_a_cpu,cpu,3481.74,3482.24
20,139,g_a,dpu,3482.25,3589.28
20,139,g_a,dpu,3589.28,3749.41
20,139,g_a_cpu,cpu,3749.41,3749.89
20,139,h_a,dpu,3749.9,4052.51
20,139,eb_enc,cpu,4052.51,4052.65
20,139,eb_dec,cpu,4052.66,4052.78
20,139,h_s,dpu,4052.78,4229.92
20,139,gc,cpu,4229.92,4240.1
20,169,normalize,cpu,4240.57,4244.24
20,169,g_a_cpu,cpu,4244.25,4244.56
20,169,g_a,dpu,4244.56,4338.62
20,169,g_a,dpu,4338.62,4568.79
20,169,g_a_cpu,cpu,4568.8,4569.28
20,169,h_a,dpu,4569.28,4818.91
20,169,eb_enc,cpu,4818.91,4819.04
20,169,eb_dec,cpu,4819.04,4819.16
20,169,h_s,dpu,4819.16,5034.82
20,169,gc,cpu,5034.82,5045.29
20,200,normalize,cpu,5046.06,5050.41
20,200,g_a_cpu,cpu,5050.42,5050.93
20,200,g_a,dpu,5050.94,5130.35
20,200,g_a,dpu,5130.35,5441.57
20,200,g_a_cpu,cpu,5441.57,5441.92
20,200,h_a,dpu,5441.93,5680.47
20,200,eb_enc,cpu,5680.47,5680.6
20,200,eb_dec,cpu,5680.6,5680.71
20,200,h_s,dpu,5680.71,5920.65
20,200,gc,cpu,5920.65,5930.61
20,237,normalize,cpu,5931.02,5934.68
20,237,g_a_cpu,cpu,5934.68,5935.21
20,237,g_a,dpu,5935.21,6077.7
20,237,g_a,dpu,6077.7,6343.93
20,237,g_a_cpu,cpu,6343.93,6344.37
20,237,h_a,dpu,6344.37,6449.44
20,237,eb_enc,cpu,6449.44,6449.58
20,237,eb_dec,cpu,6449.58,6449.7
20,237,h_s,dpu,6449.7,6650.8
20,237,gc,cpu,6650.8,6661.85
20,260,normalize,cpu,6662.42,6666.08
20,260,g_a_cpu,cpu,6666.08,6666.62
20,260,g_a,dpu,6666.63,6825.48
20,260,g_a,dpu,6825.48,7014.48
20,260,g_a_cpu,cpu,7014.48,7014.84
20,260,h_a,dpu,7014.84,7203.41
20,260,eb_enc,cpu,7203.41,7203.53
20,260,eb_dec,cpu,7203.53,7203.64
20,260,h_s,dpu,7203.64,7407.7
20,260,gc,cpu,7407.7,7417.59
20,292,normalize,cpu,7418.14,7421.8
20,292,g_a_cpu,cpu,7421.8,7422.12
20,292,g_a,dpu,7422.12,7604.26
20,292,g_a,dpu,7604.27,7834.67
20,292,g_a_cpu,cpu,7834.67,7835.02
20,292,h_a,dpu,7835.02,8050.04
20,292,eb_enc,cpu,8050.04,8050.16
20,292,eb_dec,cpu,8050.16,8050.28
20,292,h_s,dpu,8050.28,8242.11
20,292,gc,cpu,8242.11,8251.91
20,327,normalize,cpu,8252.35,8256.01
20,327,g_a_cpu,cpu,8256.01,8256.36
20,327,g_a,dpu,8256.36,8429.63
20,327,g_a,dpu,8429.63,8654.17
20,327,g_a_cpu,cpu,8654.17,8654.53
20,327,h_a,dpu,8654.53,8858.18
20,327,eb_enc,cpu,8858.18,8858.31
20,327,eb_dec,cpu,8858.31,8858.42
20,327,h_s,dpu,8858.42,9069.76
20,327,gc,cpu,9069.76,9079.55
20,358,normalize,cpu,9080.01,9083.68
20,358,g_a_cpu,cpu,9083.68,9084.06
20,358,g_a,dpu,9084.06,9253.65
20,358,g_a,dpu,9253.65,9400.46
20,358,g_a_cpu,cpu,9400.46,9400.9
20,358,h_a,dpu,9400.9,9586.38
20,358,eb_enc,cpu,9586.38,9586.5
20,358,eb_dec,cpu,9586.5,9586.61
20,358,h_s,dpu,9586.61,9761.86
20,358,gc,cpu,9761.86,9771.68
20,387,normalize,cpu,9772.3,9775.94
20,387,g_a_cpu,cpu,9775.94,9776.33
20,387,g_a,dpu,9776.34,10005.2
20,387,g_a,dpu,10005.2,10199.4
20,387,g_a_cpu,cpu,10199.4,10199.8
20,387,h_a,dpu,10199.8,10379.6
20,387,eb_enc,cpu,10379.6,10379.7
20,387,eb_dec,cpu,10379.7,10379.8
20,387,h_s,dpu,10379.8,10553.9
20,387,gc,cpu,10553.9,10567.1
20,417,normalize,cpu,10567.8,10571.4
20,417,g_a_cpu,cpu,10571.5,10571.9
20,417,g_a,dpu,10571.9,10828.9
20,417,g_a,dpu,10828.9,10989.4
20,417,g_a_cpu,cpu,10989.4,10989.7
20,417,h_a,dpu,10989.7,11243.2
20,417,eb_enc,cpu,11243.2,11243.3
20,417,eb_dec,cpu,11243.3,11243.5
20,417,h_s,dpu,11243.5,11413.3
20,417,gc,cpu,11413.3,11423.4
20,451,normalize,cpu,11423.8,11427.5
20,451,g_a_cpu,cpu,11427.5,11427.8
20,451,g_a,dpu,11427.8,11649.2
20,451,g_a,dpu,11649.2,11782.3
20,451,g_a_cpu,cpu,11782.3,11782.8
20,451,h_a,dpu,11782.8,12058.3
20,451,eb_enc,cpu,12058.3,12058.4
20,451,eb_dec,cpu,12058.4,12058.5
20,451,h_s,dpu,12058.5,12292
20,451,gc,cpu,12292,12301.9
20,483,normalize,cpu,12302.6,12306.3
20,483,g_a_cpu,cpu,12306.3,12306.9
20,483,g_a,dpu,12306.9,12443.1
20,483,g_a,dpu,12443.1,12480.2
20,483,g_a_cpu,cpu,12480.2,12480.6
20,483,h_a,dpu,12480.6,12704.2
20,483,eb_enc,cpu,12704.2,12704.3
20,483,eb_dec,cpu,12704.3,12704.4
20,483,h_s,dpu,12704.4,12907.8
20,483,gc,cpu,12907.8,12917.7
20,507,normalize,cpu,12918.3,12922.6
20,507,g_a_cpu,cpu,12922.6,12922.9
20,507,g_a,dpu,12922.9,13151.3
20,507,g_a,dpu,13151.3,13501.7
20,507,g_a_cpu,cpu,13501.7,13502.1
20,507,h_a,dpu,13502.1,13699.7
20,507,eb_enc,cpu,13699.7,13699.8
20,507,eb_dec,cpu,13699.8,13699.9
20,507,h_s,dpu,13699.9,13886.7
20,507,gc,cpu,13886.7,13896.6
20,548,normalize,cpu,13897.3,13901.6
20,548,g_a_cpu,cpu,13901.6,13902
20,548,g_a,dpu,13902,14173.3
20,548,g_a,dpu,14173.3,14396.1
20,548,g_a_cpu,cpu,14396.1,14396.5
20,548,h_a,dpu,14396.5,14540.8
20,548,eb_enc,cpu,14540.8,14541
20,548,eb_dec,cpu,14541,14541.1
20,548,h_s,dpu,14541.1,14672.7
20,548,gc,cpu,14672.7,14682.7
20,581,normalize,cpu,14683.4,14687.2
20,581,g_a_cpu,cpu,14687.2,14687.9
20,581,g_a,dpu,14687.9,14998.5
20,581,g_a,dpu,14998.5,15247.8
20,581,g_a_cpu,cpu,15247.8,15248.3
20,581,h_a,dpu,15248.3,15460.1
20,581,eb_enc,cpu,15460.1,15460.3
20,581,eb_dec,cpu,15460.3,15460.4
20,581,h_s,dpu,15460.4,15728
20,581,gc,cpu,15728,15738.2
20,618,normalize,cpu,15738.7,15742.3
20,618,g_a_cpu,cpu,15742.3,15742.7
20,618,g_a,dpu,15742.7,15903.5
20,618,g_a,dpu,15903.5,16060.4
20,618,g_a_cpu,cpu,16060.4,16060.8
20,618,h_a,dpu,16060.8,16217.3
20,618,eb_enc,cpu,16217.3,16217.5
20,618,eb_dec,cpu,16217.5,16217.7
20,618,h_s,dpu,16217.7,16456.8
20,618,gc,cpu,16456.8,16466.6
20,647,normalize,cpu,16467.2,16470.9
20,647,g_a_cpu,cpu,16470.9,16471.2
20,647,g_a,dpu,16471.2,16689.4
20,647,g_a,dpu,16689.4,16846.9
20,647,g_a_cpu,cpu,16846.9,16847.3
20,647,h_a,dpu,16847.3,17091.8
20,647,eb_enc,cpu,17091.8,17091.9
20,647,eb_dec,cpu,17091.9,17092
20,647,h_s,dpu,17092,17277.5
20,647,gc,cpu,17277.5,17287.4
20,676,normalize,cpu,17288,17291.7
20,676,g_a_cpu,cpu,17291.7,17292.1
20,676,g_a,dpu,17292.1,17477.2
20,676,g_a,dpu,17477.2,17632.1
20,676,g_a_cpu,cpu,17632.1,17632.6
20,676,h_a,dpu,17632.6,17832
20,676,eb_enc,cpu,17832,17832.1
20,676,eb_dec,cpu,17832.1,17832.2
20,676,h_s,dpu,17832.2,18063.2
20,676,gc,cpu,18063.2,18073.5
20,710,normalize,cpu,18074,18077.7
20,710,g_a_cpu,cpu,18077.7,18078.1
20,710,g_a,dpu,18078.1,18389.9
20,710,g_a,dpu,18389.9,18426.8
20,710,g_a_cpu,cpu,18426.8,18427.2
20,710,h_a,dpu,18427.2,18642.4
20,710,eb_enc,cpu,18642.4,18642.5
20,710,eb_dec,cpu,18642.5,18642.6
20,710,h_s,dpu,18642.6,18885.8
20,710,gc,cpu,18885.8,18895.6
20,739,normalize,cpu,18896.1,18899.7
20,739,g_a_cpu,cpu,18899.7,18900
20,739,g_a,dpu,18900.1,19049.3
20,739,g_a,dpu,19049.3,19169.8
20,739,g_a_cpu,cpu,19169.8,19170.1
20,739,h_a,dpu,19170.1,19435.5
20,739,eb_enc,cpu,19435.5,19435.6
20,739,eb_dec,cpu,19435.6,19435.7
20,739,h_s,dpu,19435.7,19677.1
20,739,gc,cpu,19677.1,19686.9
20,770,normalize,cpu,19687.4,19691.1
20,770,g_a_cpu,cpu,19691.1,19691.4
20,770,g_a,dpu,19691.4,19798
20,770,g_a,dpu,19798,19876.5
20,770,g_a_cpu,cpu,19876.5,19877.1
20,770,h_a,dpu,19877.1,20166.5
20,770,eb_enc,cpu,20166.5,20166.7
20,770,eb_dec,cpu,20166.7,20166.8
20,770,h_s,dpu,20166.8,20406.6
20,770,gc,cpu,20406.6,20416.4
20,800,normalize,cpu,20416.9,20420.5
20,800,g_a_cpu,cpu,20420.5,20420.9
20,800,g_a,dpu,20420.9,20547.5
20,800,g_a,dpu,20547.5,20657.5
20,800,g_a_cpu,cpu,20657.5,20657.9
20,800,h_a,dpu,20657.9,20777.2
20,800,eb_enc,cpu,20777.2,20777.3
20,800,eb_dec,cpu,20777.3,20777.4
20,800,h_s,dpu,20777.4,20988.9
20,800,gc,cpu,20989,20999.1
20,827,normalize,cpu,20999.6,21003.3
20,827,g_a_cpu,cpu,21003.3,21003.8
20,827,g_a,dpu,21003.8,21403.5
20,827,g_a,dpu,21403.5,21493.5
20,827,g_a_cpu,cpu,21493.5,21493.8
20,827,h_a,dpu,21493.8,21755.3
20,827,eb_enc,cpu,21755.3,21755.5
20,827,eb_dec,cpu,21755.5,21755.6
20,827,h_s,dpu,21755.6,21934
20,827,gc,cpu,21934,21943.8
20,860,normalize,cpu,21944.3,21948.1
20,860,g_a_cpu,cpu,21948.1,21948.5
20,860,g_a,dpu,21948.5,22172.7
20,860,g_a,dpu,22172.7,22330.8
20,860,g_a_cpu,cpu,22330.8,22331.2
20,860,h_a,dpu,22331.2,23002.6
20,860,eb_enc,cpu,23002.6,23002.7
20,860,eb_dec,cpu,23002.7,23002.9
20,860,h_s,dpu,23002.9,23172.9
20,860,gc,cpu,23172.9,23182.8
20,909,normalize,cpu,23183.3,23186.9
20,909,g_a_cpu,cpu,23186.9,23187.4
20,909,g_a,dpu,23187.4,23303.3
20,909,g_a,dpu,23303.3,23453.6
20,909,g_a_cpu,cpu,23453.6,23454.1
20,909,h_a,dpu,23454.1,23662
20,909,eb_enc,cpu,23662,23662.2
20,909,eb_dec,cpu,23662.2,23662.3
20,909,h_s,dpu,23662.3,23862.7
20,909,gc,cpu,23862.7,23872.6
21,13,normalize,cpu,85.418,94.8371
21,13,g_a_cpu,cpu,109.045,109.504
21,13,g_a,dpu,109.512,385.056
21,13,g_a,dpu,385.059,746.114
21,13,g_a_cpu,cpu,746.115,746.553
21,13,h_a,dpu,746.557,829.2
21,13,eb_enc,cpu,829.201,829.326
21,13,eb_dec,cpu,829.327,829.44
21,13,h_s,dpu,829.441,950.46
21,13,gc,cpu,950.464,986.897
21,39,normalize,cpu,987.755,1003.05
21,39,g_a_cpu,cpu,1003.06,1003.54
21,39,g_a,dpu,1003.55,1171.7
21,39,g_a,dpu,1171.7,1534.61
21,39,g_a_cpu,cpu,1534.62,1535.01
21,39,h_a,dpu,1535.01,1744.5
21,39,eb_enc,cpu,1744.5,1744.64
21,39,eb_dec,cpu,1744.64,1744.76
21,39,h_s,dpu,1744.76,1858.2
21,39,gc,cpu,1858.2,1887.44
21,87,normalize,cpu,1888.01,1891.69
21,87,g_a_cpu,cpu,1891.7,1892.15
21,87,g_a,dpu,1892.15,2127.78
21,87,g_a,dpu,2127.78,2417.88
21,87,g_a_cpu,cpu,2417.88,2418.32
21,87,h_a,dpu,2418.33,2552.62
21,87,eb_enc,cpu,2552.62,2552.75
21,87,eb_dec,cpu,2552.75,2552.88
21,87,h_s,dpu,2552.88,2750.86
21,87,gc,cpu,2750.86,2761.93
21,118,normalize,cpu,2762.45,2766.09
21,118,g_a_cpu,cpu,2766.1,2766.49
21,118,g_a,dpu,2766.5,2929.61
21,118,g_a,dpu,2929.62,3221.2
21,118,g_a_cpu,cpu,3221.2,3221.54
21,118,h_a,dpu,3221.54,3224.2
21,118,eb_enc,cpu,3224.2,3224.36
21,118,eb_dec,cpu,3224.36,3224.48
21,118,h_s,dpu,3224.48,3496.12
21,118,gc,cpu,3496.12,3509.36
21,142,normalize,cpu,3509.84,3513.5
21,142,g_a_cpu,cpu,3513.5,3513.99
21,142,g_a,dpu,3513.99,3772.44
21,142,g_a,dpu,3772.44,4109.84
21,142,g_a_cpu,cpu,4109.84,4110.32
21,142,h_a,dpu,4110.32,4174.32
21,142,eb_enc,cpu,4174.32,4174.45
21,142,eb_dec,cpu,4174.45,4174.56
21,142,h_s,dpu,4174.56,4301.47
21,142,gc,cpu,4301.47,4311.5
21,177,normalize,cpu,4312.01,4327.7
21,177,g_a_cpu,cpu,4327.71,4328.27
21,177,g_a,dpu,4328.28,4626.09
21,177,g_a,dpu,4626.09,4920.23
21,177,g_a_cpu,cpu,4920.24,4920.7
21,177,h_a,dpu,4920.7,5091.5
21,177,eb_enc,cpu,5091.5,5091.64
21,177,eb_dec,cpu,5091.64,5091.76
21,177,h_s,dpu,5091.76,5345.45
21,177,gc,cpu,5345.45,5355.5
21,214,normalize,cpu,5356.18,5359.87
21,214,g_a_cpu,cpu,5359.88,5360.21
21,214,g_a,dpu,5360.21,5602.13
21,214,g_a,dpu,5602.14,5831.13
21,214,g_a_cpu,cpu,5831.13,5831.74
21,214,h_a,dpu,5831.75,5958.62
21,214,eb_enc,cpu,5958.63,5958.76
21,214,eb_dec,cpu,5958.76,5958.88
21,214,h_s,dpu,5958.88,6112.4
21,214,gc,cpu,6112.4,6122.94
21,244,normalize,cpu,6123.42,6127.09
21,244,g_a_cpu,cpu,6127.09,6127.4
21,244,g_a,dpu,6127.4,6422.53
21,244,g_a,dpu,6422.53,6647.91
21,244,g_a_cpu,cpu,6647.92,6648.46
21,244,h_a,dpu,6648.46,6787.84
21,244,eb_enc,cpu,6787.84,6787.96
21,244,eb_dec,cpu,6787.97,6788.09
21,244,h_s,dpu,6788.09,6940.47
21,244,gc,cpu,6940.47,6950.14
21,275,normalize,cpu,6950.93,6954.58
21,275,g_a_cpu,cpu,6954.58,6954.99
21,275,g_a,dpu,6955,7175.21
21,275,g_a,dpu,7175.21,7211.54
21,275,g_a_cpu,cpu,7211.54,7211.91
21,275,h_a,dpu,7211.91,7404
21,275,eb_enc,cpu,7404,7404.17
21,275,eb_dec,cpu,7404.18,7404.3
21,275,h_s,dpu,7404.3,7581.97
21,275,gc,cpu,7581.98,7592.06
21,302,normalize,cpu,7592.81,7597.27
21,302,g_a_cpu,cpu,7597.28,7597.72
21,302,g_a,dpu,7597.73,7832.87
21,302,g_a,dpu,7832.87,8052.24
21,302,g_a_cpu,cpu,8052.24,8052.8
21,302,h_a,dpu,8052.8,8222
21,302,eb_enc,cpu,8222.01,8222.14
21,302,eb_dec,cpu,8222.14,8222.25
21,302,h_s,dpu,8222.25,8434.57
21,302,gc,cpu,8434.57,8445.54
21,335,normalize,cpu,8446.37,8450.04
21,335,g_a_cpu,cpu,8450.05,8450.41
21,335,g_a,dpu,8450.41,8673.12
21,335,g_a,dpu,8673.12,8912.94
21,335,g_a_cpu,cpu,8912.94,8913.48
21,335,h_a,dpu,8913.48,9056.51
21,335,eb_enc,cpu,9056.51,9056.65
21,335,eb_dec,cpu,9056.65,9056.76
21,335,h_s,dpu,9056.76,9240.54
21,335,gc,cpu,9240.55,9250.52
21,365,normalize,cpu,9251.03,9254.77
21,365,g_a_cpu,cpu,9254.78,9255.14
21,365,g_a,dpu,9255.14,9530.85
21,365,g_a,dpu,9530.86,9717.31
21,365,g_a_cpu,cpu,9717.31,9717.65
21,365,h_a,dpu,9717.65,9892.18
21,365,eb_enc,cpu,9892.18,9892.36
21,365,eb_dec,cpu,9892.36,9892.48
21,365,h_s,dpu,9892.48,10118.9
21,365,gc,cpu,10118.9,10128.6
21,399,normalize,cpu,10129.1,10132.7
21,399,g_a_cpu,cpu,10132.7,10133.1
21,399,g_a,dpu,10133.1,10367.5
21,399,g_a,dpu,10367.5,10551.5
21,399,g_a_cpu,cpu,10551.5,10551.9
21,399,h_a,dpu,10552,10911.8
21,399,eb_enc,cpu,10911.8,10911.9
21,399,eb_dec,cpu,10911.9,10912
21,399,h_s,dpu,10912,11166.7
21,399,gc,cpu,11166.7,11176.5
21,440,normalize,cpu,11177.1,11180.7
21,440,g_a_cpu,cpu,11180.7,11181.1
21,440,g_a,dpu,11181.1,11339.3
21,440,g_a,dpu,11339.3,11561.3
21,440,g_a_cpu,cpu,11561.3,11561.8
21,440,h_a,dpu,11561.8,11728
21,440,eb_enc,cpu,11728,11728.1
21,440,eb_dec,cpu,11728.1,11728.2
21,440,h_s,dpu,11728.2,12097.7
21,440,gc,cpu,12097.7,12108.2
21,475,normalize,cpu,12108.8,12112.4
21,475,g_a_cpu,cpu,12112.4,12112.9
21,475,g_a,dpu,12112.9,12330.8
21,475,g_a,dpu,12330.9,12592.3
21,475,g_a_cpu,cpu,12592.3,12592.8
21,475,h_a,dpu,12592.8,12688.4
21,475,eb_enc,cpu,12688.4,12688.6
21,475,eb_dec,cpu,12688.6,12688.7
21,475,h_s,dpu,12688.7,12936.6
21,475,gc,cpu,12936.6,12947.2
21,508,normalize,cpu,12947.9,12951.8
21,508,g_a_cpu,cpu,12951.8,12960.3
21,508,g_a,dpu,12960.3,13208.7
21,508,g_a,dpu,13208.7,13437.1
21,508,g_a_cpu,cpu,13437.1,13437.9
21,508,h_a,dpu,13437.9,13747.2
21,508,eb_enc,cpu,13747.2,13747.3
21,508,eb_dec,cpu,13747.3,13747.4
21,508,h_s,dpu,13747.4,13935.4
21,508,gc,cpu,13935.5,13945.3
21,549,normalize,cpu,13945.9,13949.6
21,549,g_a_cpu,cpu,13949.6,13950
21,549,g_a,dpu,13950,14143.3
21,549,g_a,dpu,14143.3,14364.9
21,549,g_a_cpu,cpu,14364.9,14365.4
21,549,h_a,dpu,14365.4,14525.3
21,549,eb_enc,cpu,14525.3,14525.5
21,549,eb_dec,cpu,14525.5,14525.6
21,549,h_s,dpu,14525.6,14731.8
21,549,gc,cpu,14731.8,14741.5
21,582,normalize,cpu,14742,14745.8
21,582,g_a_cpu,cpu,14745.8,14746.3
21,582,g_a,dpu,14746.3,14999.7
21,582,g_a,dpu,14999.7,15190.4
21,582,g_a_cpu,cpu,15190.4,15190.8
21,582,h_a,dpu,15190.8,15564.2
21,582,eb_enc,cpu,15564.2,15564.3
21,582,eb_dec,cpu,15564.3,15564.4
21,582,h_s,dpu,15564.4,15867
21,582,gc,cpu,15867,15876.8
21,621,normalize,cpu,15877.4,15881.1
21,621,g_a_cpu,cpu,15881.1,15881.5
21,621,g_a,dpu,15881.5,16072.5
21,621,g_a,dpu,16072.5,16306.8
21,621,g_a_cpu,cpu,16306.8,16307.2
21,621,h_a,dpu,16307.2,16530.9
21,621,eb_enc,cpu,16530.9,16531.1
21,621,eb_dec,cpu,16531.1,16531.2
21,621,h_s,dpu,16531.2,16709.4
21,621,gc,cpu,16709.4,16719.6
21,654,normalize,cpu,16720.2,16723.9
21,654,g_a_cpu,cpu,16723.9,16724.2
21,654,g_a,dpu,16724.3,16872
21,654,g_a,dpu,16872,16947
21,654,g_a_cpu,cpu,16947,16947.3
21,654,h_a,dpu,16947.3,17236
21,654,eb_enc,cpu,17236,17236.1
21,654,eb_dec,cpu,17236.1,17236.2
21,654,h_s,dpu,17236.2,17443.3
21,654,gc,cpu,17443.3,17453.6
21,683,normalize,cpu,17454.1,17457.8
21,683,g_a_cpu,cpu,17457.8,17458.2
21,683,g_a,dpu,17458.2,17689.8
21,683,g_a,dpu,17689.8,18211.5
21,683,g_a_cpu,cpu,18211.5,18212
21,683,h_a,dpu,18212,18351.7
21,683,eb_enc,cpu,18351.7,18351.8
21,683,eb_dec,cpu,18351.8,18352
21,683,h_s,dpu,18352,18565
21,683,gc,cpu,18565.1,18574.7
21,732,normalize,cpu,18575.2,18578.8
21,732,g_a_cpu,cpu,18578.8,18579.2
21,732,g_a,dpu,18579.2,18848.3
21,732,g_a,dpu,18848.3,19069.9
21,732,g_a_cpu,cpu,19069.9,19070.5
21,732,h_a,dpu,19070.5,19172.6
21,732,eb_enc,cpu,19172.6,19172.7
21,732,eb_dec,cpu,19172.7,19172.9
21,732,h_s,dpu,19172.9,19436.7
21,732,gc,cpu,19436.8,19446.5
21,764,normalize,cpu,19447.1,19450.8
21,764,g_a_cpu,cpu,19450.8,19451.2
21,764,g_a,dpu,19451.2,19716.9
21,764,g_a,dpu,19716.9,19952.6
21,764,g_a_cpu,cpu,19952.6,19953
21,764,h_a,dpu,19953,19957
21,764,eb_enc,cpu,19957,19957.2
21,764,eb_dec,cpu,19957.2,19957.3
21,764,h_s,dpu,19957.3,20173.2
21,764,gc,cpu,20173.2,20183.1
21,795,normalize,cpu,20183.6,20187.4
21,795,g_a_cpu,cpu,20187.4,20187.8
21,795,g_a,dpu,20187.8,20521.7
21,795,g_a,dpu,20521.7,20784.9
21,795,g_a_cpu,cpu,20784.9,20785.5
21,795,h_a,dpu,20785.5,20912.1
21,795,eb_enc,cpu,20912.1,20912.2
21,795,eb_dec,cpu,20912.2,20912.4
21,795,h_s,dpu,20912.4,21161.8
21,795,gc,cpu,21161.8,21171.8
21,833,normalize,cpu,21172.3,21177.4
21,833,g_a_cpu,cpu,21177.4,21177.7
21,833,g_a,dpu,21177.7,21430.8
21,833,g_a,dpu,21430.8,21657.8
21,833,g_a_cpu,cpu,21657.8,21658.1
21,833,h_a,dpu,21658.1,21737.9
21,833,eb_enc,cpu,21737.9,21738.1
21,833,eb_dec,cpu,21738.1,21738.2
21,833,h_s,dpu,21738.2,21979.9
21,833,gc,cpu,21979.9,21989.9
21,863,normalize,cpu,21990.4,21994.1
21,863,g_a_cpu,cpu,21994.1,21994.5
21,863,g_a,dpu,21994.5,22264.8
21,863,g_a,dpu,22264.8,22450.2
21,863,g_a_cpu,cpu,22450.2,22450.6
21,863,h_a,dpu,22450.6,22585.2
21,863,eb_enc,cpu,22585.2,22585.3
21,863,eb_dec,cpu,22585.3,22585.5
21,863,h_s,dpu,22585.5,22816.8
21,863,gc,cpu,22816.8,22826.7
21,892,normalize,cpu,22827.2,22830.8
21,892,g_a_cpu,cpu,22830.8,22831.2
21,892,g_a,dpu,22831.2,23056.7
21,892,g_a,dpu,23056.7,23289.3
21,892,g_a_cpu,cpu,23289.3,23289.9
21,892,h_a,dpu,23289.9,23416.8
21,892,eb_enc,cpu,23416.8,23416.9
21,892,eb_dec,cpu,23416.9,23417.1
21,892,h_s,dpu,23417.1,23655.2
21,892,gc,cpu,23655.2,23665
21,924,normalize,cpu,23665.5,23670.1
21,924,g_a_cpu,cpu,23670.1,23670.5
21,924,g_a,dpu,23670.5,23901.1
21,924,g_a,dpu,23901.1,24024.9
21,924,g_a_cpu,cpu,24024.9,24025.4
21,924,h_a,dpu,24025.4,24028.6
21,924,eb_enc,cpu,24028.6,24028.7
21,924,eb_dec,cpu,24028.7,24028.9
21,924,h_s,dpu,24028.9,24092.2
21,924,gc,cpu,24092.2,24102.2
22,15,normalize,cpu,89.628,94.6196
22,15,g_a_cpu,cpu,107.619,108.183
22,15,g_a,dpu,108.19,476.305
22,15,g_a,dpu,476.308,842.183
22,15,g_a_cpu,cpu,842.186,842.747
22,15,h_a,dpu,842.752,914.305
22,15,eb_enc,cpu,914.307,914.478
22,15,eb_dec,cpu,914.48,914.627
22,15,h_s,dpu,914.627,919.363
22,15,gc,cpu,919.37,961.558
22,34,normalize,cpu,968.46,975.268
22,34,g_a_cpu,cpu,975.274,975.68
22,34,g_a,dpu,975.684,1099.87
22,34,g_a,dpu,1099.87,1432.14
22,34,g_a_cpu,cpu,1432.14,1432.49
22,34,h_a,dpu,1432.49,1681.53
22,34,eb_enc,cpu,1681.53,1681.69
22,34,eb_dec,cpu,1681.7,1681.82
22,34,h_s,dpu,1681.82,1786.57
22,34,gc,cpu,1786.57,1796.93
22,71,normalize,cpu,1797.66,1804.44
22,71,g_a_cpu,cpu,1804.45,1804.89
22,71,g_a,dpu,1804.89,1946.25
22,71,g_a,dpu,1946.26,2617.1
22,71,g_a_cpu,cpu,2617.1,2617.45
22,71,h_a,dpu,2617.46,2662.25
22,71,eb_enc,cpu,2662.25,2662.39
22,71,eb_dec,cpu,2662.39,2662.52
22,71,h_s,dpu,2662.52,2814.44
22,71,gc,cpu,2814.44,2824.45
22,123,normalize,cpu,2824.91,2828.53
22,123,g_a_cpu,cpu,2828.53,2828.9
22,123,g_a,dpu,2828.91,3182.32
22,123,g_a,dpu,3182.33,3218.68
22,123,g_a_cpu,cpu,3218.68,3219.16
22,123,h_a,dpu,3219.16,3424.22
22,123,eb_enc,cpu,3424.22,3424.36
22,123,eb_dec,cpu,3424.36,3424.48
22,123,h_s,dpu,3424.48,3473.94
22,123,gc,cpu,3473.94,3484.28
22,140,normalize,cpu,3484.83,3488.53
22,140,g_a_cpu,cpu,3488.53,3488.93
22,140,g_a,dpu,3488.93,3723.98
22,140,g_a,dpu,3723.98,4015.57
22,140,g_a_cpu,cpu,4015.57,4016.07
22,140,h_a,dpu,4016.08,4191.42
22,140,eb_enc,cpu,4191.42,4191.58
22,140,eb_dec,cpu,4191.58,4191.71
22,140,h_s,dpu,4191.71,4258.75
22,140,gc,cpu,4258.75,4269.61
22,172,normalize,cpu,4270.27,4273.98
22,172,g_a_cpu,cpu,4273.99,4274.46
22,172,g_a,dpu,4274.46,4525.34
22,172,g_a,dpu,4525.34,4561.66
22,172,g_a_cpu,cpu,4561.66,4562.11
22,172,h_a,dpu,4562.11,4811.28
22,172,eb_enc,cpu,4811.28,4811.43
22,172,eb_dec,cpu,4811.43,4811.55
22,172,h_s,dpu,4811.55,4953.73
22,172,gc,cpu,4953.73,4963.75
22,195,normalize,cpu,4964.25,4967.91
22,195,g_a_cpu,cpu,4967.91,4968.28
22,195,g_a,dpu,4968.28,5121.49
22,195,g_a,dpu,5121.49,5382.17
22,195,g_a_cpu,cpu,5382.17,5382.56
22,195,h_a,dpu,5382.57,5638.82
22,195,eb_enc,cpu,5638.82,5639.01
22,195,eb_dec,cpu,5639.01,5639.12
22,195,h_s,dpu,5639.12,5791.03
22,195,gc,cpu,5791.03,5800.79
22,229,normalize,cpu,5801.34,5805.08
22,229,g_a_cpu,cpu,5805.08,5805.47
22,229,g_a,dpu,5805.47,5998.78
22,229,g_a,dpu,5998.78,6257.65
22,229,g_a_cpu,cpu,6257.65,6258.02
22,229,h_a,dpu,6258.03,6461.16
22,229,eb_enc,cpu,6461.16,6461.36
22,229,eb_dec,cpu,6461.36,6461.5
22,229,h_s,dpu,6461.5,6463.21
22,229,gc,cpu,6463.22,6473.18
22,256,normalize,cpu,6473.63,6477.35
22,256,g_a_cpu,cpu,6477.35,6477.63
22,256,g_a,dpu,6477.64,6596.99
22,256,g_a,dpu,6596.99,6709.19
22,256,g_a_cpu,cpu,6709.19,6709.65
22,256,h_a,dpu,6709.66,6950.59
22,256,eb_enc,cpu,6950.59,6950.77
22,256,eb_dec,cpu,6950.77,6950.9
22,256,h_s,dpu,6950.9,7173.54
22,256,gc,cpu,7173.54,7183.32
22,285,normalize,cpu,7183.77,7187.49
22,285,g_a_cpu,cpu,7187.49,7187.77
22,285,g_a,dpu,7187.77,7393.33
22,285,g_a,dpu,7393.33,7578.86
22,285,g_a_cpu,cpu,7578.86,7579.24
22,285,h_a,dpu,7579.24,7789.43
22,285,eb_enc,cpu,7789.43,7789.57
22,285,eb_dec,cpu,7789.58,7789.7
22,285,h_s,dpu,7789.7,7955.67
22,285,gc,cpu,7955.67,7965.43
22,316,normalize,cpu,7965.97,7969.69
22,316,g_a_cpu,cpu,7969.7,7970.03
22,316,g_a,dpu,7970.03,8200.78
22,316,g_a,dpu,8200.79,8431.83
22,316,g_a_cpu,cpu,8431.83,8432.17
22,316,h_a,dpu,8432.17,8635.98
22,316,eb_enc,cpu,8635.98,8636.11
22,316,eb_dec,cpu,8636.11,8636.22
22,316,h_s,dpu,8636.22,8824.4
22,316,gc,cpu,8824.4,8835.06
22,348,normalize,cpu,8835.75,8840.67
22,348,g_a_cpu,cpu,8840.68,8841.24
22,348,g_a,dpu,8841.25,9086.67
22,348,g_a,dpu,9086.67,9545.57
22,348,g_a_cpu,cpu,9545.58,9546.12
22,348,h_a,dpu,9546.12,9718.82
22,348,eb_enc,cpu,9718.82,9718.96
22,348,eb_dec,cpu,9718.96,9719.07
22,348,h_s,dpu,9719.07,9893.33
22,348,gc,cpu,9893.33,9903.13
22,391,normalize,cpu,9903.61,9907.3
22,391,g_a_cpu,cpu,9907.3,9907.61
22,391,g_a,dpu,9907.61,10154.9
22,391,g_a,dpu,10154.9,10377.5
22,391,g_a_cpu,cpu,10377.5,10378
22,391,h_a,dpu,10378,10552.3
22,391,eb_enc,cpu,10552.3,10552.5
22,391,eb_dec,cpu,10552.5,10552.6
22,391,h_s,dpu,10552.6,10756.1
22,391,gc,cpu,10756.1,10766.2
22,424,normalize,cpu,10766.7,10770.4
22,424,g_a_cpu,cpu,10770.4,10770.8
22,424,g_a,dpu,10770.8,10980.6
22,424,g_a,dpu,10980.6,11430.9
22,424,g_a_cpu,cpu,11430.9,11431.4
22,424,h_a,dpu,11431.4,11637.7
22,424,eb_enc,cpu,11637.7,11637.9
22,424,eb_dec,cpu,11637.9,11638
22,424,h_s,dpu,11638,11735.8
22,424,gc,cpu,11735.8,11745.9
22,463,normalize,cpu,11747.1,11750.8
22,463,g_a_cpu,cpu,11750.8,11751.4
22,463,g_a,dpu,11751.4,12020.8
22,463,g_a,dpu,12020.8,12288.9
22,463,g_a_cpu,cpu,12288.9,12289.4
22,463,h_a,dpu,12289.4,12482.8
22,463,eb_enc,cpu,12482.8,12482.9
22,463,eb_dec,cpu,12482.9,12483
22,463,h_s,dpu,12483,12606.3
22,463,gc,cpu,12606.3,12616.1
22,497,normalize,cpu,12616.6,12620.2
22,497,g_a_cpu,cpu,12620.2,12620.6
22,497,g_a,dpu,12620.6,12897.4
22,497,g_a,dpu,12897.4,13547.1
22,497,g_a_cpu,cpu,13547.1,13547.6
22,497,h_a,dpu,13547.6,13733.4
22,497,eb_enc,cpu,13733.4,13733.5
22,497,eb_dec,cpu,13733.5,13733.6
22,497,h_s,dpu,13733.6,13825.6
22,497,gc,cpu,13825.6,13835.6
22,544,normalize,cpu,13836.2,13839.9
22,544,g_a_cpu,cpu,13839.9,13840.1
22,544,g_a,dpu,13840.1,14081.9
22,544,g_a,dpu,14081.9,14349
22,544,g_a_cpu,cpu,14349,14349.3
22,544,h_a,dpu,14349.3,14516.5
22,544,eb_enc,cpu,14516.5,14516.7
22,544,eb_dec,cpu,14516.7,14516.8
22,544,h_s,dpu,14516.8,14653.3
22,544,gc,cpu,14653.3,14664.2
22,580,normalize,cpu,14664.7,14668.3
22,580,g_a_cpu,cpu,14668.3,14668.7
22,580,g_a,dpu,14668.7,14951
22,580,g_a,dpu,14951,15177
22,580,g_a_cpu,cpu,15177,15177.4
22,580,h_a,dpu,15177.4,15346.3
22,580,eb_enc,cpu,15346.3,15346.4
22,580,eb_dec,cpu,15346.4,15346.5
22,580,h_s,dpu,15346.5,15484.4
22,580,gc,cpu,15484.4,15494.7
22,612,normalize,cpu,15495.2,15499
22,612,g_a_cpu,cpu,15499,15499.4
22,612,g_a,dpu,15499.4,15793.7
22,612,g_a,dpu,15793.7,16022.2
22,612,g_a_cpu,cpu,16022.2,16022.6
22,612,h_a,dpu,16022.6,16197.1
22,612,eb_enc,cpu,16197.1,16197.5
22,612,eb_dec,cpu,16197.5,16197.7
22,612,h_s,dpu,16197.7,16418
22,612,gc,cpu,16418,16427.7
22,646,normalize,cpu,16428.2,16431.8
22,646,g_a_cpu,cpu,16431.8,16432.2
22,646,g_a,dpu,16432.2,16633.5
22,646,g_a,dpu,16633.5,16857.1
22,646,g_a_cpu,cpu,16857.1,16857.5
22,646,h_a,dpu,16857.5,16910.3
22,646,eb_enc,cpu,16910.3,16910.5
22,646,eb_dec,cpu,16910.5,16910.6
22,646,h_s,dpu,16910.6,17160.6
22,646,gc,cpu,17160.6,17171.1
22,673,normalize,cpu,17171.5,17175.3
22,673,g_a_cpu,cpu,17175.3,17175.6
22,673,g_a,dpu,17175.6,17434.6
22,673,g_a,dpu,17434.6,17640.9
22,673,g_a_cpu,cpu,17640.9,17641.3
22,673,h_a,dpu,17641.3,17840.8
22,673,eb_enc,cpu,17840.8,17840.9
22,673,eb_dec,cpu,17840.9,17841.1
22,673,h_s,dpu,17841.1,18060.2
22,673,gc,cpu,18060.2,18070.5
22,709,normalize,cpu,18071.2,18074.9
22,709,g_a_cpu,cpu,18074.9,18075.2
22,709,g_a,dpu,18075.2,18293.8
22,709,g_a,dpu,18293.8,18525.7
22,709,g_a_cpu,cpu,18525.7,18526
22,709,h_a,dpu,18526,18738.9
22,709,eb_enc,cpu,18738.9,18739.1
22,709,eb_dec,cpu,18739.1,18739.2
22,709,h_s,dpu,18739.2,18930.7
22,709,gc,cpu,18930.7,18940.5
22,741,normalize,cpu,18941.1,18944.7
22,741,g_a_cpu,cpu,18944.7,18945.1
22,741,g_a,dpu,18945.1,19137.5
22,741,g_a,dpu,19137.5,19397.5
22,741,g_a_cpu,cpu,19397.5,19397.9
22,741,h_a,dpu,19397.9,19639.6
22,741,eb_enc,cpu,19639.6,19639.7
22,741,eb_dec,cpu,19639.7,19639.8
22,741,h_s,dpu,19639.8,19758.4
22,741,gc,cpu,19758.4,19768.2
22,773,normalize,cpu,19768.7,19772.3
22,773,g_a_cpu,cpu,19772.3,19772.7
22,773,g_a,dpu,19772.7,20015.6
22,773,g_a,dpu,20015.6,20358.6
22,773,g_a_cpu,cpu,20358.6,20359.1
22,773,h_a,dpu,20359.1,20631.9
22,773,eb_enc,cpu,20631.9,20632.1
22,773,eb_dec,cpu,20632.1,20632.2
22,773,h_s,dpu,20632.2,20701
22,773,gc,cpu,20701,20711.2
22,811,normalize,cpu,20712.1,20715.8
22,811,g_a_cpu,cpu,20715.8,20716.2
22,811,g_a,dpu,20716.2,20929
22,811,g_a,dpu,20929,21211.8
22,811,g_a_cpu,cpu,21211.8,21212.2
22,811,h_a,dpu,21212.2,21504.3
22,811,eb_enc,cpu,21504.3,21504.4
22,811,eb_dec,cpu,21504.4,21504.5
22,811,h_s,dpu,21504.5,21533.9
22,811,gc,cpu,21533.9,21544.6
22,840,normalize,cpu,21550.4,21554.2
22,840,g_a_cpu,cpu,21554.2,21554.7
22,840,g_a,dpu,21554.7,21830
22,840,g_a,dpu,21830,22062.4
22,840,g_a_cpu,cpu,22062.5,22063
22,840,h_a,dpu,22063,22303.8
22,840,eb_enc,cpu,22303.8,22303.9
22,840,eb_dec,cpu,22303.9,22304
22,840,h_s,dpu,22304,22664.5
22,840,gc,cpu,22664.5,22674.6
22,890,normalize,cpu,22675.1,22678.8
22,890,g_a_cpu,cpu,22678.8,22679.3
22,890,g_a,dpu,22679.3,23000.2
22,890,g_a,dpu,23000.2,23195.6
22,890,g_a_cpu,cpu,23195.6,23196.1
22,890,h_a,dpu,23196.1,23373.7
22,890,eb_enc,cpu,23373.7,23373.9
22,890,eb_dec,cpu,23373.9,23374
22,890,h_s,dpu,23374,23565.9
22,890,gc,cpu,23565.9,23576.1
22,923,normalize,cpu,23576.7,23580.3
22,923,g_a_cpu,cpu,23580.3,23580.6
22,923,g_a,dpu,23580.6,23843.6
22,923,g_a,dpu,23843.6,24001.6
22,923,g_a_cpu,cpu,24001.6,24002
22,923,h_a,dpu,24002,24028
22,923,eb_enc,cpu,24028,24028.2
22,923,eb_dec,cpu,24028.2,24028.3
22,923,h_s,dpu,24028.3,24034
22,923,gc,cpu,24034,24044.3
23,19,normalize,cpu,93.3677,97.01
23,19,g_a_cpu,cpu,117.095,117.641
23,19,g_a,dpu,117.648,335.531
23,19,g_a,dpu,335.536,665.631
23,19,g_a_cpu,cpu,665.632,666.089
23,19,h_a,dpu,666.094,883.363
23,19,eb_enc,cpu,883.364,883.496
23,19,eb_dec,cpu,883.497,883.612
23,19,h_s,dpu,883.613,920.216
23,19,gc,cpu,920.223,980.781
23,36,normalize,cpu,981.705,986.397
23,36,g_a_cpu,cpu,986.402,987.111
23,36,g_a,dpu,987.115,1030.69
23,36,g_a,dpu,1030.7,1068.49
23,36,g_a_cpu,cpu,1068.49,1069.04
23,36,h_a,dpu,1069.04,1359.88
23,36,eb_enc,cpu,1359.88,1360
23,36,eb_dec,cpu,1360.01,1360.12
23,36,h_s,dpu,1360.12,1644.83
23,36,gc,cpu,1644.83,1654.73
23,66,normalize,cpu,1655.16,1658.98
23,66,g_a_cpu,cpu,1658.98,1659.41
23,66,g_a,dpu,1659.41,1785.55
23,66,g_a,dpu,1785.55,1847.54
23,66,g_a_cpu,cpu,1847.54,1848.33
23,66,h_a,dpu,1848.33,2164.97
23,66,eb_enc,cpu,2164.97,2165.1
23,66,eb_dec,cpu,2165.1,2165.22
23,66,h_s,dpu,2165.22,2418.66
23,66,gc,cpu,2418.66,2429.46
23,96,normalize,cpu,2429.95,2433.61
23,96,g_a_cpu,cpu,2433.62,2433.9
23,96,g_a,dpu,2433.9,2593.37
23,96,g_a,dpu,2593.38,2812.35
23,96,g_a_cpu,cpu,2812.35,2812.76
23,96,h_a,dpu,2812.76,3145.96
23,96,eb_enc,cpu,3145.96,3146.09
23,96,eb_dec,cpu,3146.1,3146.21
23,96,h_s,dpu,3146.21,3501.92
23,96,gc,cpu,3501.92,3514.53
23,143,normalize,cpu,3515.23,3518.95
23,143,g_a_cpu,cpu,3518.96,3519.38
23,143,g_a,dpu,3519.39,3637.64
23,143,g_a,dpu,3637.64,3859.78
23,143,g_a_cpu,cpu,3859.78,3860.3
23,143,h_a,dpu,3860.3,4091.39
23,143,eb_enc,cpu,4091.39,4091.56
23,143,eb_dec,cpu,4091.56,4091.68
23,143,h_s,dpu,4091.68,4270.12
23,143,gc,cpu,4270.12,4281.41
23,174,normalize,cpu,4282.38,4286.03
23,174,g_a_cpu,cpu,4286.04,4286.57
23,174,g_a,dpu,4286.57,4385.67
23,174,g_a,dpu,4385.67,4605.2
23,174,g_a_cpu,cpu,4605.2,4605.74
23,174,h_a,dpu,4605.75,4819.94
23,174,eb_enc,cpu,4819.94,4820.09
23,174,eb_dec,cpu,4820.09,4820.21
23,174,h_s,dpu,4820.21,5037.2
23,174,gc,cpu,5037.2,5052.91
23,202,normalize,cpu,5053.4,5057.07
23,202,g_a_cpu,cpu,5057.07,5057.43
23,202,g_a,dpu,5057.44,5166.96
23,202,g_a,dpu,5166.96,5329.52
23,202,g_a_cpu,cpu,5329.52,5329.88
23,202,h_a,dpu,5329.88,5607.11
23,202,eb_enc,cpu,5607.11,5607.27
23,202,eb_dec,cpu,5607.27,5607.39
23,202,h_s,dpu,5607.39,5841.21
23,202,gc,cpu,5841.21,5851.51
23,233,normalize,cpu,5852.01,5855.67
23,233,g_a_cpu,cpu,5855.68,5856.02
23,233,g_a,dpu,5856.02,5997.45
23,233,g_a,dpu,5997.45,6191.82
23,233,g_a_cpu,cpu,6191.82,6192.22
23,233,h_a,dpu,6192.22,6372.97
23,233,eb_enc,cpu,6372.97,6373.12
23,233,eb_dec,cpu,6373.12,6373.24
23,233,h_s,dpu,6373.24,6612.08
23,233,gc,cpu,6612.08,6621.97
23,259,normalize,cpu,6622.43,6626.14
23,259,g_a_cpu,cpu,6626.14,6626.38
23,259,g_a,dpu,6626.38,6785.75
23,259,g_a,dpu,6785.75,6974.6
23,259,g_a_cpu,cpu,6974.6,6974.98
23,259,h_a,dpu,6974.98,7125.44
23,259,eb_enc,cpu,7125.44,7125.57
23,259,eb_dec,cpu,7125.57,7125.69
23,259,h_s,dpu,7125.69,7329.72
23,259,gc,cpu,7329.72,7339.72
23,289,normalize,cpu,7340.55,7344.2
23,289,g_a_cpu,cpu,7344.2,7344.67
23,289,g_a,dpu,7344.67,7565.55
23,289,g_a,dpu,7565.55,7791.64
23,289,g_a_cpu,cpu,7791.64,7792.17
23,289,h_a,dpu,7792.17,7975.5
23,289,eb_enc,cpu,7975.5,7975.63
23,289,eb_dec,cpu,7975.64,7975.75
23,289,h_s,dpu,7975.75,8204.63
23,289,gc,cpu,8204.63,8214.57
23,324,normalize,cpu,8215.12,8218.82
23,324,g_a_cpu,cpu,8218.82,8219.08
23,324,g_a,dpu,8219.08,8384.83
23,324,g_a,dpu,8384.83,8576.38
23,324,g_a_cpu,cpu,8576.38,8576.76
23,324,h_a,dpu,8576.76,8783.01
23,324,eb_enc,cpu,8783.01,8783.15
23,324,eb_dec,cpu,8783.15,8783.28
23,324,h_s,dpu,8783.28,8991.2
23,324,gc,cpu,8991.21,9001.21
23,356,normalize,cpu,9001.76,9005.47
23,356,g_a_cpu,cpu,9005.48,9005.79
23,356,g_a,dpu,9005.79,9177.5
23,356,g_a,dpu,9177.5,9364.15
23,356,g_a_cpu,cpu,9364.15,9364.63
23,356,h_a,dpu,9364.63,9584.98
23,356,eb_enc,cpu,9584.98,9585.11
23,356,eb_dec,cpu,9585.11,9585.23
23,356,h_s,dpu,9585.23,9756.85
23,356,gc,cpu,9756.88,9767.45
23,385,normalize,cpu,9767.99,9771.72
23,385,g_a_cpu,cpu,9771.73,9772.17
23,385,g_a,dpu,9772.17,9968.94
23,385,g_a,dpu,9968.95,10445.4
23,385,g_a_cpu,cpu,10445.4,10445.8
23,385,h_a,dpu,10445.8,10682.4
23,385,eb_enc,cpu,10682.4,10682.5
23,385,eb_dec,cpu,10682.5,10682.7
23,385,h_s,dpu,10682.7,10884.5
23,385,gc,cpu,10884.5,10894.4
23,429,normalize,cpu,10894.9,10898.6
23,429,g_a_cpu,cpu,10898.6,10899
23,429,g_a,dpu,10899,11029.6
23,429,g_a,dpu,11029.6,11183.8
23,429,g_a_cpu,cpu,11183.8,11184.3
23,429,h_a,dpu,11184.3,11394.9
23,429,eb_enc,cpu,11394.9,11395
23,429,eb_dec,cpu,11395,11395.1
23,429,h_s,dpu,11395.1,11636.3
23,429,gc,cpu,11636.3,11646.4
23,458,normalize,cpu,11647,11650.7
23,458,g_a_cpu,cpu,11650.7,11651.1
23,458,g_a,dpu,11651.1,11819.8
23,458,g_a,dpu,11819.8,11974.3
23,458,g_a_cpu,cpu,11974.3,11974.7
23,458,h_a,dpu,11974.7,12438.5
23,458,eb_enc,cpu,12438.5,12438.6
23,458,eb_dec,cpu,12438.6,12438.8
23,458,h_s,dpu,12438.8,12635.8
23,458,gc,cpu,12635.8,12646
23,499,normalize,cpu,12646.5,12650.2
23,499,g_a_cpu,cpu,12650.2,12650.6
23,499,g_a,dpu,12650.6,12842.5
23,499,g_a,dpu,12842.5,13033.9
23,499,g_a_cpu,cpu,13033.9,13034.3
23,499,h_a,dpu,13034.3,13203.7
23,499,eb_enc,cpu,13203.7,13203.8
23,499,eb_dec,cpu,13203.8,13203.9
23,499,h_s,dpu,13203.9,13400.1
23,499,gc,cpu,13400.1,13410.2
23,526,normalize,cpu,13410.7,13414.3
23,526,g_a_cpu,cpu,13414.3,13414.7
23,526,g_a,dpu,13414.7,13625
23,526,g_a,dpu,13625.1,13662.1
23,526,g_a_cpu,cpu,13662.1,13662.5
23,526,h_a,dpu,13662.5,13858.6
23,526,eb_enc,cpu,13858.6,13858.8
23,526,eb_dec,cpu,13858.8,13858.9
23,526,h_s,dpu,13858.9,13998
23,526,gc,cpu,13998,14007.7
23,552,normalize,cpu,14008.5,14012.2
23,552,g_a_cpu,cpu,14012.2,14012.5
23,552,g_a,dpu,14012.5,14284
23,552,g_a,dpu,14284,14320.8
23,552,g_a_cpu,cpu,14320.8,14321.2
23,552,h_a,dpu,14321.2,14499.2
23,552,eb_enc,cpu,14499.2,14499.3
23,552,eb_dec,cpu,14499.3,14499.4
23,552,h_s,dpu,14499.4,14634.9
23,552,gc,cpu,14634.9,14645
23,579,normalize,cpu,14646.5,14650.2
23,579,g_a_cpu,cpu,14650.2,14650.7
23,579,g_a,dpu,14650.7,14925.4
23,579,g_a,dpu,14925.4,14962.1
23,579,g_a_cpu,cpu,14962.1,14962.5
23,579,h_a,dpu,14962.5,15178.9
23,579,eb_enc,cpu,15178.9,15179.1
23,579,eb_dec,cpu,15179.1,15179.2
23,579,h_s,dpu,15179.2,15347.4
23,579,gc,cpu,15347.4,15357.3
23,603,normalize,cpu,15358.1,15361.7
23,603,g_a_cpu,cpu,15361.7,15362.2
23,603,g_a,dpu,15362.2,15525.4
23,603,g_a,dpu,15525.4,15709.8
23,603,g_a_cpu,cpu,15709.8,15710.2
23,603,h_a,dpu,15710.2,15944.7
23,603,eb_enc,cpu,15944.7,15944.9
23,603,eb_dec,cpu,15944.9,15945
23,603,h_s,dpu,15945,16083.3
23,603,gc,cpu,16083.3,16093.4
23,633,normalize,cpu,16093.9,16097.5
23,633,g_a_cpu,cpu,16097.5,16097.9
23,633,g_a,dpu,16097.9,16270
23,633,g_a,dpu,16270,16527.4
23,633,g_a_cpu,cpu,16527.4,16527.8
23,633,h_a,dpu,16527.8,16708.4
23,633,eb_enc,cpu,16708.4,16708.6
23,633,eb_dec,cpu,16708.6,16708.7
23,633,h_s,dpu,16708.7,16835.3
23,633,gc,cpu,16835.3,16845.6
23,660,normalize,cpu,16846.1,16851
23,660,g_a_cpu,cpu,16851,16851.5
23,660,g_a,dpu,16851.5,17085.9
23,660,g_a,dpu,17085.9,17348.1
23,660,g_a_cpu,cpu,17348.1,17348.5
23,660,h_a,dpu,17348.5,17486
23,660,eb_enc,cpu,17486,17486.1
23,660,eb_dec,cpu,17486.1,17486.2
23,660,h_s,dpu,17486.2,17728.5
23,660,gc,cpu,17728.5,17738.8
23,698,normalize,cpu,17739.2,17742.9
23,698,g_a_cpu,cpu,17742.9,17743.3
23,698,g_a,dpu,17743.3,17939.4
23,698,g_a,dpu,17939.4,18138.3
23,698,g_a_cpu,cpu,18138.3,18138.7
23,698,h_a,dpu,18138.7,18295.9
23,698,eb_enc,cpu,18295.9,18296
23,698,eb_dec,cpu,18296,18296.1
23,698,h_s,dpu,18296.1,18443
23,698,gc,cpu,18443,18453
23,726,normalize,cpu,18453.7,18457.4
23,726,g_a_cpu,cpu,18457.4,18457.8
23,726,g_a,dpu,18457.8,18656.4
23,726,g_a,dpu,18656.4,18886
23,726,g_a_cpu,cpu,18886,18886.5
23,726,h_a,dpu,18886.5,19061.7
23,726,eb_enc,cpu,19061.7,19061.8
23,726,eb_dec,cpu,19061.8,19061.9
23,726,h_s,dpu,19061.9,19419.7
23,726,gc,cpu,19419.7,19429.7
23,763,normalize,cpu,19430.2,19433.9
23,763,g_a_cpu,cpu,19433.9,19434.2
23,763,g_a,dpu,19434.3,19633.4
23,763,g_a,dpu,19633.4,19757.4
23,763,g_a_cpu,cpu,19757.4,19757.8
23,763,h_a,dpu,19757.8,19978.7
23,763,eb_enc,cpu,19978.7,19978.9
23,763,eb_dec,cpu,19978.9,19979
23,763,h_s,dpu,19979,20185.9
23,763,gc,cpu,20185.9,20195.8
23,797,normalize,cpu,20196.2,20199.9
23,797,g_a_cpu,cpu,20199.9,20200.2
23,797,g_a,dpu,20200.2,20503
23,797,g_a,dpu,20503,20620.1
23,797,g_a_cpu,cpu,20620.1,20620.5
23,797,h_a,dpu,20620.5,20776.1
23,797,eb_enc,cpu,20776.1,20776.3
23,797,eb_dec,cpu,20776.3,20776.4
23,797,h_s,dpu,20776.4,20988.2
23,797,gc,cpu,20988.2,20998.4
23,826,normalize,cpu,20998.9,21002.5
23,826,g_a_cpu,cpu,21002.5,21002.9
23,826,g_a,dpu,21002.9,21145.4
23,826,g_a,dpu,21145.4,21182.4
23,826,g_a_cpu,cpu,21182.4,21182.9
23,826,h_a,dpu,21182.9,21471.3
23,826,eb_enc,cpu,21471.3,21471.4
23,826,eb_dec,cpu,21471.4,21471.5
23,826,h_s,dpu,21471.5,21697.2
23,826,gc,cpu,21697.2,21707.2
23,851,normalize,cpu,21707.8,21711.5
23,851,g_a_cpu,cpu,21711.5,21711.9
23,851,g_a,dpu,21711.9,21857.4
23,851,g_a,dpu,21857.4,22062.1
23,851,g_a_cpu,cpu,22062.1,22062.6
23,851,h_a,dpu,22062.6,22286.3
23,851,eb_enc,cpu,22286.3,22286.4
23,851,eb_dec,cpu,22286.4,22286.5
23,851,h_s,dpu,22286.5,22451.7
23,851,gc,cpu,22451.7,22461.5
23,877,normalize,cpu,22462,22465.6
23,877,g_a_cpu,cpu,22465.6,22466.1
23,877,g_a,dpu,22466.1,22659.4
23,877,g_a,dpu,22659.4,22902.9
23,877,g_a_cpu,cpu,22903,22903.4
23,877,h_a,dpu,22903.4,23118.5
23,877,eb_enc,cpu,23118.5,23118.7
23,877,eb_dec,cpu,23118.7,23118.8
23,877,h_s,dpu,23118.8,23290.3
23,877,gc,cpu,23290.3,23300.3
23,916,normalize,cpu,23300.9,23304.6
23,916,g_a_cpu,cpu,23304.6,23305
23,916,g_a,dpu,23305,23490
23,916,g_a,dpu,23490,23680.6
23,916,g_a_cpu,cpu,23680.6,23681
23,916,h_a,dpu,23681,23845.8
23,916,eb_enc,cpu,23845.8,23845.9
23,916,eb_dec,cpu,23845.9,23846.1
23,916,h_s,dpu,23846.1,23978.6
23,916,gc,cpu,23978.6,23988.6
24,17,normalize,cpu,89.631,95.5386
24,17,g_a_cpu,cpu,118.37,118.886
24,17,g_a,dpu,118.89,312.867
24,17,g_a,dpu,312.871,672.528
24,17,g_a_cpu,cpu,672.529,673.063
24,17,h_a,dpu,673.072,787.012
24,17,eb_enc,cpu,787.013,787.128
24,17,eb_dec,cpu,787.128,787.242
24,17,h_s,dpu,787.242,894.763
24,17,gc,cpu,894.769,995.795
24,42,normalize,cpu,996.284,1000.17
24,42,g_a_cpu,cpu,1000.18,1000.55
24,42,g_a,dpu,1000.55,1135.32
24,42,g_a,dpu,1135.33,1462.82
24,42,g_a_cpu,cpu,1462.82,1463.3
24,42,h_a,dpu,1463.3,1742.4
24,42,eb_enc,cpu,1742.4,1742.52
24,42,eb_dec,cpu,1742.52,1742.63
24,42,h_s,dpu,1742.63,1857.29
24,42,gc,cpu,1857.29,1867.62
24,80,normalize,cpu,1869.4,1873.26
24,80,g_a_cpu,cpu,1873.26,1873.99
24,80,g_a,dpu,1874.07,2019.64
24,80,g_a,dpu,2019.64,2309.35
24,80,g_a_cpu,cpu,2309.35,2309.83
24,80,h_a,dpu,2309.84,2498.94
24,80,eb_enc,cpu,2498.94,2499.07
24,80,eb_dec,cpu,2499.07,2499.19
24,80,h_s,dpu,2499.19,2672.88
24,80,gc,cpu,2672.88,2683.16
24,113,normalize,cpu,2683.73,2687.38
24,113,g_a_cpu,cpu,2687.38,2687.82
24,113,g_a,dpu,2687.82,2857.44
24,113,g_a,dpu,2857.44,2893.73
24,113,g_a_cpu,cpu,2893.73,2894.15
24,113,h_a,dpu,2894.15,3079.8
24,113,eb_enc,cpu,3079.8,3079.93
24,113,eb_dec,cpu,3079.93,3080.04
24,113,h_s,dpu,3080.04,3376.28
24,113,gc,cpu,3376.29,3386.25
24,134,normalize,cpu,3386.81,3390.68
24,134,g_a_cpu,cpu,3390.68,3391.07
24,134,g_a,dpu,3391.08,3551.23
24,134,g_a,dpu,3551.23,3808.3
24,134,g_a_cpu,cpu,3808.3,3808.69
24,134,h_a,dpu,3808.69,3981.65
24,134,eb_enc,cpu,3981.65,3981.77
24,134,eb_dec,cpu,3981.77,3981.88
24,134,h_s,dpu,3981.88,4210.69
24,134,gc,cpu,4210.69,4225.86
24,167,normalize,cpu,4226.39,4230.06
24,167,g_a_cpu,cpu,4230.06,4230.83
24,167,g_a,dpu,4230.83,4397.49
24,167,g_a,dpu,4397.49,4433.85
24,167,g_a_cpu,cpu,4433.86,4434.31
24,167,h_a,dpu,4434.31,4644.45
24,167,eb_enc,cpu,4644.45,4644.6
24,167,eb_dec,cpu,4644.6,4644.72
24,167,h_s,dpu,4644.72,4858.68
24,167,gc,cpu,4858.68,4868.36
24,191,normalize,cpu,4868.82,4872.45
24,191,g_a_cpu,cpu,4872.46,4872.88
24,191,g_a,dpu,4872.88,5115.18
24,191,g_a,dpu,5115.18,5375.12
24,191,g_a_cpu,cpu,5375.12,5375.46
24,191,h_a,dpu,5375.47,5520
24,191,eb_enc,cpu,5520,5520.14
24,191,eb_dec,cpu,5520.14,5520.26
24,191,h_s,dpu,5520.26,5687.49
24,191,gc,cpu,5687.5,5697.73
24,225,normalize,cpu,5698.19,5701.83
24,225,g_a_cpu,cpu,5701.84,5702.19
24,225,g_a,dpu,5702.19,6005.06
24,225,g_a,dpu,6005.06,6230.9
24,225,g_a_cpu,cpu,6230.9,6231.38
24,225,h_a,dpu,6231.38,6234.16
24,225,eb_enc,cpu,6234.16,6234.29
24,225,eb_dec,cpu,6234.29,6234.41
24,225,h_s,dpu,6234.41,6448.36
24,225,gc,cpu,6448.36,6458.73
24,255,normalize,cpu,6459.25,6465.59
24,255,g_a_cpu,cpu,6465.59,6465.98
24,255,g_a,dpu,6465.98,6727.14
24,255,g_a,dpu,6727.14,6763.67
24,255,g_a_cpu,cpu,6763.67,6764.13
24,255,h_a,dpu,6764.14,6937.98
24,255,eb_enc,cpu,6937.98,6938.12
24,255,eb_dec,cpu,6938.13,6938.24
24,255,h_s,dpu,6938.24,7124.47
24,255,gc,cpu,7124.47,7134.83
24,283,normalize,cpu,7135.43,7139.76
24,283,g_a_cpu,cpu,7139.76,7140.21
24,283,g_a,dpu,7140.22,7369.3
24,283,g_a,dpu,7369.31,7522.29
24,283,g_a_cpu,cpu,7522.3,7522.7
24,283,h_a,dpu,7522.7,7717.97
24,283,eb_enc,cpu,7717.97,7718.13
24,283,eb_dec,cpu,7718.13,7718.24
24,283,h_s,dpu,7718.24,7935.43
24,283,gc,cpu,7935.43,7945.85
24,315,normalize,cpu,7946.28,7949.94
24,315,g_a_cpu,cpu,7949.94,7950.27
24,315,g_a,dpu,7950.27,8203.04
24,315,g_a,dpu,8203.04,8397.07
24,315,g_a_cpu,cpu,8397.07,8397.6
24,315,h_a,dpu,8397.61,8578.61
24,315,eb_enc,cpu,8578.61,8578.75
24,315,eb_dec,cpu,8578.75,8578.87
24,315,h_s,dpu,8578.87,8783.95
24,315,gc,cpu,8783.95,8794.09
24,347,normalize,cpu,8797.49,8801.12
24,347,g_a_cpu,cpu,8801.12,8801.5
24,347,g_a,dpu,8801.5,9031.16
24,347,g_a,dpu,9031.16,9257.06
24,347,g_a_cpu,cpu,9257.06,9257.39
24,347,h_a,dpu,9257.39,9402.72
24,347,eb_enc,cpu,9402.73,9402.87
24,347,eb_dec,cpu,9402.87,9402.98
24,347,h_s,dpu,9402.98,9587.76
24,347,gc,cpu,9587.76,9597.94
24,378,normalize,cpu,9598.5,9602.22
24,378,g_a_cpu,cpu,9602.23,9602.64
24,378,g_a,dpu,9602.64,9840.91
24,378,g_a,dpu,9840.91,10097.5
24,378,g_a_cpu,cpu,10097.5,10098
24,378,h_a,dpu,10098,10242.7
24,378,eb_enc,cpu,10242.7,10242.8
24,378,eb_dec,cpu,10242.8,10243
24,378,h_s,dpu,10243,10418
24,378,gc,cpu,10418,10428.1
24,410,normalize,cpu,10428.6,10432.3
24,410,g_a_cpu,cpu,10432.3,10432.6
24,410,g_a,dpu,10432.6,10662.1
24,410,g_a,dpu,10662.1,10883.6
24,410,g_a_cpu,cpu,10883.6,10884.1
24,410,h_a,dpu,10884.1,10993.2
24,410,eb_enc,cpu,10993.2,10993.3
24,410,eb_dec,cpu,10993.3,10993.5
24,410,h_s,dpu,10993.5,11244.1
24,410,gc,cpu,11244.1,11253.9
24,443,normalize,cpu,11254.4,11258
24,443,g_a_cpu,cpu,11258,11258.3
24,443,g_a,dpu,11258.3,11449.2
24,443,g_a,dpu,11449.2,11485.6
24,443,g_a_cpu,cpu,11485.6,11485.9
24,443,h_a,dpu,11485.9,11652
24,443,eb_enc,cpu,11652,11652.2
24,443,eb_dec,cpu,11652.2,11652.3
24,443,h_s,dpu,11652.3,11858.2
24,443,gc,cpu,11858.2,11869.1
24,466,normalize,cpu,11869.6,11873.2
24,466,g_a_cpu,cpu,11873.2,11873.6
24,466,g_a,dpu,11873.6,12138.4
24,466,g_a,dpu,12138.4,12405.1
24,466,g_a_cpu,cpu,12405.1,12405.5
24,466,h_a,dpu,12405.5,12520.5
24,466,eb_enc,cpu,12520.5,12520.7
24,466,eb_dec,cpu,12520.7,12520.8
24,466,h_s,dpu,12520.8,12743.4
24,466,gc,cpu,12743.4,12753.8
24,502,normalize,cpu,12756.2,12764.5
24,502,g_a_cpu,cpu,12764.5,12764.9
24,502,g_a,dpu,12764.9,13249.2
24,502,g_a,dpu,13249.2,13509
24,502,g_a_cpu,cpu,13509,13509.6
24,502,h_a,dpu,13509.6,13665
24,502,eb_enc,cpu,13665,13665.1
24,502,eb_dec,cpu,13665.1,13665.2
24,502,h_s,dpu,13665.2,13859.5
24,502,gc,cpu,13859.5,13869.6
24,546,normalize,cpu,13870.1,13873.8
24,546,g_a_cpu,cpu,13873.8,13874.1
24,546,g_a,dpu,13874.1,14033.9
24,546,g_a,dpu,14033.9,14252.4
24,546,g_a_cpu,cpu,14252.4,14252.9
24,546,h_a,dpu,14252.9,14440.6
24,546,eb_enc,cpu,14440.6,14440.8
24,546,eb_dec,cpu,14440.8,14440.9
24,546,h_s,dpu,14440.9,14617.6
24,546,gc,cpu,14617.6,14627.6
24,576,normalize,cpu,14628.2,14631.9
24,576,g_a_cpu,cpu,14631.9,14632.3
24,576,g_a,dpu,14632.3,14782.2
24,576,g_a,dpu,14782.2,15036.1
24,576,g_a_cpu,cpu,15036.1,15036.6
24,576,h_a,dpu,15036.6,15167.6
24,576,eb_enc,cpu,15167.6,15167.8
24,576,eb_dec,cpu,15167.8,15167.9
24,576,h_s,dpu,15167.9,15382
24,576,gc,cpu,15382,15392.1
24,607,normalize,cpu,15392.7,15396.5
24,607,g_a_cpu,cpu,15396.5,15397.1
24,607,g_a,dpu,15397.1,15614.8
24,607,g_a,dpu,15614.8,15851.9
24,607,g_a_cpu,cpu,15851.9,15852.4
24,607,h_a,dpu,15852.4,15985
24,607,eb_enc,cpu,15985,15985.2
24,607,eb_dec,cpu,15985.2,15985.3
24,607,h_s,dpu,15985.3,16176.3
24,607,gc,cpu,16176.3,16186.7
24,636,normalize,cpu,16187.3,16191
24,636,g_a_cpu,cpu,16191,16191.7
24,636,g_a,dpu,16191.7,16418.6
24,636,g_a,dpu,16418.6,16716.7
24,636,g_a_cpu,cpu,16716.7,16717.1
24,636,h_a,dpu,16717.1,16849.4
24,636,eb_enc,cpu,16849.4,16849.5
24,636,eb_dec,cpu,16849.5,16849.6
24,636,h_s,dpu,16849.6,17092.8
24,636,gc,cpu,17092.8,17103.2
24,671,normalize,cpu,17103.7,17107.4
24,671,g_a_cpu,cpu,17107.4,17107.7
24,671,g_a,dpu,17107.7,17313.3
24,671,g_a,dpu,17313.3,17505.4
24,671,g_a_cpu,cpu,17505.4,17505.8
24,671,h_a,dpu,17505.8,17825.9
24,671,eb_enc,cpu,17825.9,17826.1
24,671,eb_dec,cpu,17826.1,17826.2
24,671,h_s,dpu,17826.2,18030.6
24,671,gc,cpu,18030.6,18045.9
24,708,normalize,cpu,18046.4,18050
24,708,g_a_cpu,cpu,18050,18050.5
24,708,g_a,dpu,18050.5,18324.7
24,708,g_a,dpu,18324.7,18517.4
24,708,g_a_cpu,cpu,18517.4,18518
24,708,h_a,dpu,18518,18732.5
24,708,eb_enc,cpu,18732.5,18732.7
24,708,eb_dec,cpu,18732.7,18732.8
24,708,h_s,dpu,18732.8,18945.4
24,708,gc,cpu,18945.4,18955.2
24,742,normalize,cpu,18955.7,18959.4
24,742,g_a_cpu,cpu,18959.5,18959.8
24,742,g_a,dpu,18959.8,19148.1
24,742,g_a,dpu,19148.1,19185.2
24,742,g_a_cpu,cpu,19185.2,19186.2
24,742,h_a,dpu,19186.2,19291.2
24,742,eb_enc,cpu,19291.2,19291.4
24,742,eb_dec,cpu,19291.4,19291.5
24,742,h_s,dpu,19291.5,19590.9
24,742,gc,cpu,19590.9,19601.1
24,767,normalize,cpu,19602,19606.3
24,767,g_a_cpu,cpu,19606.3,19606.7
24,767,g_a,dpu,19606.7,19832.4
24,767,g_a,dpu,19832.5,19868.8
24,767,g_a_cpu,cpu,19868.8,19869.2
24,767,h_a,dpu,19869.2,19916.1
24,767,eb_enc,cpu,19916.1,19916.2
24,767,eb_dec,cpu,19916.2,19916.3
24,767,h_s,dpu,19916.3,20168.9
24,767,gc,cpu,20168.9,20182.3
24,794,normalize,cpu,20182.9,20186.6
24,794,g_a_cpu,cpu,20186.6,20187
24,794,g_a,dpu,20187,20485.7
24,794,g_a,dpu,20485.7,20747.7
24,794,g_a_cpu,cpu,20747.7,20748.2
24,794,h_a,dpu,20748.2,20868.9
24,794,eb_enc,cpu,20868.9,20869.1
24,794,eb_dec,cpu,20869.1,20869.2
24,794,h_s,dpu,20869.2,21087.1
24,794,gc,cpu,21087.2,21096.9
24,829,normalize,cpu,21097.3,21101
24,829,g_a_cpu,cpu,21101,21101.5
24,829,g_a,dpu,21101.5,21393
24,829,g_a,dpu,21393,21621
24,829,g_a_cpu,cpu,21621,21621.4
24,829,h_a,dpu,21621.4,21698.3
24,829,eb_enc,cpu,21698.3,21698.4
24,829,eb_dec,cpu,21698.4,21698.6
24,829,h_s,dpu,21698.6,22172.5
24,829,gc,cpu,22172.5,22182.6
24,867,normalize,cpu,22183.1,22186.8
24,867,g_a_cpu,cpu,22186.8,22187.2
24,867,g_a,dpu,22187.2,22378.4
24,867,g_a,dpu,22378.4,22573.2
24,867,g_a_cpu,cpu,22573.2,22573.8
24,867,h_a,dpu,22573.8,22816.2
24,867,eb_enc,cpu,22816.2,22816.3
24,867,eb_dec,cpu,22816.3,22816.4
24,867,h_s,dpu,22816.4,23004.9
24,867,gc,cpu,23004.9,23016.2
24,899,normalize,cpu,23016.6,23021.5
24,899,g_a_cpu,cpu,23021.5,23021.9
24,899,g_a,dpu,23021.9,23252.9
24,899,g_a,dpu,23252.9,23521.9
24,899,g_a_cpu,cpu,23521.9,23522.4
24,899,h_a,dpu,23522.4,23682.8
24,899,eb_enc,cpu,23682.8,23683
24,899,eb_dec,cpu,23683,23683.1
24,899,h_s,dpu,23683.1,23846.7
24,899,gc,cpu,23846.7,23857.2
25,16,normalize,cpu,89.6279,93.2876
25,16,g_a_cpu,cpu,117.095,117.641
25,16,g_a,dpu,117.648,404.484
25,16,g_a,dpu,404.488,768.7
25,16,g_a_cpu,cpu,768.702,769.175
25,16,h_a,dpu,769.181,907.871
25,16,eb_enc,cpu,907.872,908.023
25,16,eb_dec,cpu,908.023,908.145
25,16,h_s,dpu,908.145,916.016
25,16,gc,cpu,916.025,1045.39
25,56,normalize,cpu,1045.96,1049.64
25,56,g_a_cpu,cpu,1049.65,1050.06
25,56,g_a,dpu,1050.07,1249.96
25,56,g_a,dpu,1249.96,1286.27
25,56,g_a_cpu,cpu,1286.27,1286.62
25,56,h_a,dpu,1286.62,1608.07
25,56,eb_enc,cpu,1608.07,1608.22
25,56,eb_dec,cpu,1608.22,1608.34
25,56,h_s,dpu,1608.34,1747.71
25,56,gc,cpu,1747.71,1759.32
25,69,normalize,cpu,1759.78,1763.47
25,69,g_a_cpu,cpu,1763.47,1763.74
25,69,g_a,dpu,1763.74,1901.12
25,69,g_a,dpu,1901.12,2237.26
25,69,g_a_cpu,cpu,2237.26,2237.63
25,69,h_a,dpu,2237.63,2493.78
25,69,eb_enc,cpu,2493.78,2493.97
25,69,eb_dec,cpu,2493.97,2494.09
25,69,h_s,dpu,2494.09,2599.57
25,69,gc,cpu,2599.58,2609.54
25,104,normalize,cpu,2610.18,2614.01
25,104,g_a_cpu,cpu,2614.02,2614.62
25,104,g_a,dpu,2614.62,2848.96
25,104,g_a,dpu,2848.97,3493.04
25,104,g_a_cpu,cpu,3493.04,3493.39
25,104,h_a,dpu,3493.39,3698.62
25,104,eb_enc,cpu,3698.62,3698.76
25,104,eb_dec,cpu,3698.77,3698.88
25,104,h_s,dpu,3698.88,3898.01
25,104,gc,cpu,3898.01,3908.24
25,156,normalize,cpu,3917.79,3921.45
25,156,g_a_cpu,cpu,3921.45,3921.81
25,156,g_a,dpu,3921.81,4201.11
25,156,g_a,dpu,4201.11,4409.63
25,156,g_a_cpu,cpu,4409.63,4410
25,156,h_a,dpu,4410,4699.46
25,156,eb_enc,cpu,4699.46,4699.59
25,156,eb_dec,cpu,4699.59,4699.7
25,156,h_s,dpu,4699.7,4835.35
25,156,gc,cpu,4835.35,4845.09
25,190,normalize,cpu,4845.58,4849.39
25,190,g_a_cpu,cpu,4849.4,4849.71
25,190,g_a,dpu,4849.71,5009.09
25,190,g_a,dpu,5009.09,5159
25,190,g_a_cpu,cpu,5159,5159.41
25,190,h_a,dpu,5159.42,5377.4
25,190,eb_enc,cpu,5377.4,5377.55
25,190,eb_dec,cpu,5377.55,5377.68
25,190,h_s,dpu,5377.68,5521.38
25,190,gc,cpu,5521.38,5532.22
25,221,normalize,cpu,5532.74,5537.11
25,221,g_a_cpu,cpu,5537.11,5537.49
25,221,g_a,dpu,5537.5,5761.05
25,221,g_a,dpu,5761.05,5925.14
25,221,g_a_cpu,cpu,5925.15,5925.88
25,221,h_a,dpu,5925.89,6156.46
25,221,eb_enc,cpu,6156.46,6156.58
25,221,eb_dec,cpu,6156.58,6156.69
25,221,h_s,dpu,6156.7,6382.29
25,221,gc,cpu,6382.29,6392.25
25,252,normalize,cpu,6392.84,6396.54
25,252,g_a_cpu,cpu,6396.54,6396.99
25,252,g_a,dpu,6396.99,6523
25,252,g_a,dpu,6523,6670.33
25,252,g_a_cpu,cpu,6670.33,6670.69
25,252,h_a,dpu,6670.7,6875.91
25,252,eb_enc,cpu,6875.91,6876.07
25,252,eb_dec,cpu,6876.07,6876.18
25,252,h_s,dpu,6876.18,7059.59
25,252,gc,cpu,7059.59,7069.61
25,280,normalize,cpu,7070.31,7073.95
25,280,g_a_cpu,cpu,7073.96,7074.39
25,280,g_a,dpu,7074.4,7280.94
25,280,g_a,dpu,7280.94,7466.45
25,280,g_a_cpu,cpu,7466.45,7466.88
25,280,h_a,dpu,7466.88,7669.17
25,280,eb_enc,cpu,7669.17,7669.3
25,280,eb_dec,cpu,7669.3,7669.41
25,280,h_s,dpu,7669.41,7839.47
25,280,gc,cpu,7839.47,7849.52
25,312,normalize,cpu,7850.05,7853.71
25,312,g_a_cpu,cpu,7853.72,7854.25
25,312,g_a,dpu,7854.25,8126.29
25,312,g_a,dpu,8126.29,8311.47
25,312,g_a_cpu,cpu,8311.47,8311.87
25,312,h_a,dpu,8311.87,8483.23
25,312,eb_enc,cpu,8483.23,8483.36
25,312,eb_dec,cpu,8483.36,8483.48
25,312,h_s,dpu,8483.48,8664.33
25,312,gc,cpu,8664.33,8675.18
25,344,normalize,cpu,8675.62,8679.32
25,344,g_a_cpu,cpu,8679.32,8679.61
25,344,g_a,dpu,8679.61,8971.66
25,344,g_a,dpu,8971.66,9160.09
25,344,g_a_cpu,cpu,9160.09,9160.6
25,344,h_a,dpu,9160.6,9344.15
25,344,eb_enc,cpu,9344.16,9344.28
25,344,eb_dec,cpu,9344.29,9344.4
25,344,h_s,dpu,9344.4,9520.75
25,344,gc,cpu,9520.75,9531.37
25,375,normalize,cpu,9532.23,9536.02
25,375,g_a_cpu,cpu,9536.02,9536.39
25,375,g_a,dpu,9536.4,9777.02
25,375,g_a,dpu,9777.02,10041.4
25,375,g_a_cpu,cpu,10041.4,10041.8
25,375,h_a,dpu,10041.8,10254.6
25,375,eb_enc,cpu,10254.6,10254.7
25,375,eb_dec,cpu,10254.7,10254.8
25,375,h_s,dpu,10254.9,10406.9
25,375,gc,cpu,10406.9,10417.6
25,409,normalize,cpu,10418.3,10422
25,409,g_a_cpu,cpu,10422,10422.3
25,409,g_a,dpu,10422.3,10681
25,409,g_a,dpu,10681,10906.1
25,409,g_a_cpu,cpu,10906.1,10906.5
25,409,h_a,dpu,10906.5,11110.5
25,409,eb_enc,cpu,11110.5,11110.7
25,409,eb_dec,cpu,11110.7,11110.8
25,409,h_s,dpu,11110.8,11260.7
25,409,gc,cpu,11260.7,11270.6
25,444,normalize,cpu,11271.1,11274.7
25,444,g_a_cpu,cpu,11274.7,11275
25,444,g_a,dpu,11275.1,11469.3
25,444,g_a,dpu,11469.3,11694.4
25,444,g_a_cpu,cpu,11694.4,11694.8
25,444,h_a,dpu,11694.8,11912.7
25,444,eb_enc,cpu,11912.7,11912.8
25,444,eb_dec,cpu,11912.8,11913
25,444,h_s,dpu,11913,12053.1
25,444,gc,cpu,12053.1,12063.4
25,473,normalize,cpu,12064.4,12068.1
25,473,g_a_cpu,cpu,12068.1,12068.4
25,473,g_a,dpu,12068.4,12361.9
25,473,g_a,dpu,12361.9,12589.5
25,473,g_a_cpu,cpu,12589.5,12590
25,473,h_a,dpu,12590,12796
25,473,eb_enc,cpu,12796,12796.1
25,473,eb_dec,cpu,12796.1,12796.3
25,473,h_s,dpu,12796.3,12959.5
25,473,gc,cpu,12959.5,12969.5
25,512,normalize,cpu,12969.9,12973.6
25,512,g_a_cpu,cpu,12973.6,12973.9
25,512,g_a,dpu,12973.9,13165.7
25,512,g_a,dpu,13165.7,13393
25,512,g_a_cpu,cpu,13393,13393.3
25,512,h_a,dpu,13393.3,13621.4
25,512,eb_enc,cpu,13621.4,13621.5
25,512,eb_dec,cpu,13621.5,13621.7
25,512,h_s,dpu,13621.7,13744.8
25,512,gc,cpu,13744.8,13754.7
25,542,normalize,cpu,13755.2,13758.9
25,542,g_a_cpu,cpu,13758.9,13759.2
25,542,g_a,dpu,13759.2,13971.5
25,542,g_a,dpu,13971.5,14008
25,542,g_a_cpu,cpu,14008,14008.5
25,542,h_a,dpu,14008.5,14216.1
25,542,eb_enc,cpu,14216.1,14216.3
25,542,eb_dec,cpu,14216.3,14216.4
25,542,h_s,dpu,14216.4,14402.1
25,542,gc,cpu,14402.1,14418.9
25,564,normalize,cpu,14419.4,14423.1
25,564,g_a_cpu,cpu,14423.1,14423.5
25,564,g_a,dpu,14423.5,14578.6
25,564,g_a,dpu,14578.6,14614.9
25,564,g_a_cpu,cpu,14614.9,14615.3
25,564,h_a,dpu,14615.3,14745.5
25,564,eb_enc,cpu,14745.5,14745.7
25,564,eb_dec,cpu,14745.7,14745.8
25,564,h_s,dpu,14745.8,15074.4
25,564,gc,cpu,15074.4,15084.2
25,588,normalize,cpu,15084.7,15088.4
25,588,g_a_cpu,cpu,15088.4,15088.7
25,588,g_a,dpu,15088.8,15217.1
25,588,g_a,dpu,15217.1,15458.9
25,588,g_a_cpu,cpu,15458.9,15459.4
25,588,h_a,dpu,15459.4,15727
25,588,eb_enc,cpu,15727,15727.2
25,588,eb_dec,cpu,15727.2,15727.3
25,588,h_s,dpu,15727.3,15867.3
25,588,gc,cpu,15867.3,15877.2
25,622,normalize,cpu,15877.7,15881.4
25,622,g_a_cpu,cpu,15881.4,15881.8
25,622,g_a,dpu,15881.8,16065
25,622,g_a,dpu,16065,16265
25,622,g_a_cpu,cpu,16265,16265.5
25,622,h_a,dpu,16265.5,16529.8
25,622,eb_enc,cpu,16529.8,16530
25,622,eb_dec,cpu,16530,16530.1
25,622,h_s,dpu,16530.1,16692.5
25,622,gc,cpu,16692.5,16702.4
25,652,normalize,cpu,16703,16706.6
25,652,g_a_cpu,cpu,16706.6,16707.1
25,652,g_a,dpu,16707.1,16934
25,652,g_a,dpu,16934,16973.1
25,652,g_a_cpu,cpu,16973.1,16973.6
25,652,h_a,dpu,16973.6,17093.9
25,652,eb_enc,cpu,17093.9,17094
25,652,eb_dec,cpu,17094,17094.2
25,652,h_s,dpu,17094.2,17352.1
25,652,gc,cpu,17352.1,17362.1
25,679,normalize,cpu,17362.7,17366.3
25,679,g_a_cpu,cpu,17366.4,17366.7
25,679,g_a,dpu,17366.7,17562.9
25,679,g_a,dpu,17562.9,17794.1
25,679,g_a_cpu,cpu,17794.1,17794.6
25,679,h_a,dpu,17794.6,18024.5
25,679,eb_enc,cpu,18024.5,18024.7
25,679,eb_dec,cpu,18024.7,18024.8
25,679,h_s,dpu,18024.8,18218.4
25,679,gc,cpu,18218.4,18228.5
25,713,normalize,cpu,18229.1,18232.8
25,713,g_a_cpu,cpu,18232.8,18233.3
25,713,g_a,dpu,18233.3,18416.7
25,713,g_a,dpu,18416.7,18641.3
25,713,g_a_cpu,cpu,18641.3,18641.7
25,713,h_a,dpu,18641.7,18885
25,713,eb_enc,cpu,18885,18885.1
25,713,eb_dec,cpu,18885.1,18885.3
25,713,h_s,dpu,18885.3,19010
25,713,gc,cpu,19010,19019.8
25,743,normalize,cpu,19020.2,19023.9
25,743,g_a_cpu,cpu,19023.9,19024.2
25,743,g_a,dpu,19024.2,19250.7
25,743,g_a,dpu,19250.7,19514.3
25,743,g_a_cpu,cpu,19514.3,19514.7
25,743,h_a,dpu,19514.7,19722.1
25,743,eb_enc,cpu,19722.1,19722.2
25,743,eb_dec,cpu,19722.2,19722.3
25,743,h_s,dpu,19722.3,19799
25,743,gc,cpu,19799,19808.9
25,775,normalize,cpu,19809.4,19813
25,775,g_a_cpu,cpu,19813,19813.4
25,775,g_a,dpu,19813.4,20053.1
25,775,g_a,dpu,20053.1,20394.5
25,775,g_a_cpu,cpu,20394.5,20394.9
25,775,h_a,dpu,20394.9,20633.1
25,775,eb_enc,cpu,20633.1,20633.3
25,775,eb_dec,cpu,20633.3,20633.4
25,775,h_s,dpu,20633.4,20704.1
25,775,gc,cpu,20704.1,20716
25,812,normalize,cpu,20716.6,20720.2
25,812,g_a_cpu,cpu,20720.2,20720.7
25,812,g_a,dpu,20720.7,20965
25,812,g_a,dpu,20965,21286
25,812,g_a_cpu,cpu,21286,21286.4
25,812,h_a,dpu,21286.4,21542.6
25,812,eb_enc,cpu,21542.6,21542.7
25,812,eb_dec,cpu,21542.8,21542.9
25,812,h_s,dpu,21542.9,21579.8
25,812,gc,cpu,21579.8,21590.1
25,844,normalize,cpu,21590.7,21594.4
25,844,g_a_cpu,cpu,21594.4,21594.8
25,844,g_a,dpu,21594.8,21868.1
25,844,g_a,dpu,21868.1,22360.2
25,844,g_a_cpu,cpu,22360.2,22360.6
25,844,h_a,dpu,22360.6,22490.4
25,844,eb_enc,cpu,22490.4,22490.6
25,844,eb_dec,cpu,22490.6,22490.7
25,844,h_s,dpu,22490.7,22493.2
25,844,gc,cpu,22493.2,22503.9
25,882,normalize,cpu,22505.3,22509.1
25,882,g_a_cpu,cpu,22509.1,22509.5
25,882,g_a,dpu,22509.5,22742.3
25,882,g_a,dpu,22742.3,22778.7
25,882,g_a_cpu,cpu,22778.7,22779.1
25,882,h_a,dpu,22779.1,22982.1
25,882,eb_enc,cpu,22982.1,22982.2
25,882,eb_dec,cpu,22982.2,22982.3
25,882,h_s,dpu,22982.3,23064.8
25,882,gc,cpu,23064.8,23074.7
25,902,normalize,cpu,23075.1,23078.8
25,902,g_a_cpu,cpu,23078.9,23079.2
25,902,g_a,dpu,23079.2,23318.6
25,902,g_a,dpu,23318.6,23615.2
25,902,g_a_cpu,cpu,23615.2,23615.6
25,902,h_a,dpu,23615.6,23859.1
25,902,eb_enc,cpu,23859.1,23859.2
25,902,eb_dec,cpu,23859.2,23859.4
25,902,h_s,dpu,23859.4,23895.9
25,902,gc,cpu,23895.9,23909.2
26,29,normalize,cpu,113.644,120.258
26,29,g_a_cpu,cpu,120.265,120.732
26,29,g_a,dpu,120.738,481.768
26,29,g_a,dpu,481.771,775.382
26,29,g_a_cpu,cpu,775.383,775.766
26,29,h_a,dpu,775.774,885.375
26,29,eb_enc,cpu,885.376,885.515
26,29,eb_dec,cpu,885.516,885.629
26,29,h_s,dpu,885.629,922.363
26,29,gc,cpu,922.374,1038.07
26,54,normalize,cpu,1038.7,1042.51
26,54,g_a_cpu,cpu,1042.51,1042.96
26,54,g_a,dpu,1042.96,1251.62
26,54,g_a,dpu,1251.62,1585.45
26,54,g_a_cpu,cpu,1585.45,1585.91
26,54,h_a,dpu,1585.91,1766.47
26,54,eb_enc,cpu,1766.48,1766.61
26,54,eb_dec,cpu,1766.62,1766.73
26,54,h_s,dpu,1766.73,1850.16
26,54,gc,cpu,1850.16,1878.82
26,84,normalize,cpu,1879.32,1882.98
26,84,g_a_cpu,cpu,1882.98,1883.48
26,84,g_a,dpu,1883.48,2150.68
26,84,g_a,dpu,2150.68,2187.4
26,84,g_a_cpu,cpu,2187.41,2187.84
26,84,h_a,dpu,2187.84,2498.86
26,84,eb_enc,cpu,2498.86,2499.01
26,84,eb_dec,cpu,2499.01,2499.13
26,84,h_s,dpu,2499.13,2500.49
26,84,gc,cpu,2500.49,2512.06
26,100,normalize,cpu,2512.56,2516.23
26,100,g_a_cpu,cpu,2516.24,2516.62
26,100,g_a,dpu,2516.63,2696.87
26,100,g_a,dpu,2696.87,2887.5
26,100,g_a_cpu,cpu,2887.51,2887.88
26,100,h_a,dpu,2887.88,3257.09
26,100,eb_enc,cpu,3257.1,3257.23
26,100,eb_dec,cpu,3257.23,3257.35
26,100,h_s,dpu,3257.35,3426.13
26,100,gc,cpu,3426.13,3436.57
26,136,normalize,cpu,3437.04,3440.67
26,136,g_a_cpu,cpu,3440.68,3441.04
26,136,g_a,dpu,3441.05,3514.46
26,136,g_a,dpu,3514.47,3551.82
26,136,g_a_cpu,cpu,3551.82,3552.19
26,136,h_a,dpu,3552.19,3797.98
26,136,eb_enc,cpu,3797.98,3798.14
26,136,eb_dec,cpu,3798.14,3798.26
26,136,h_s,dpu,3798.26,4111.6
26,136,gc,cpu,4111.6,4121.57
26,160,normalize,cpu,4122.12,4125.8
26,160,g_a_cpu,cpu,4125.8,4126.15
26,160,g_a,dpu,4126.15,4213.31
26,160,g_a,dpu,4213.31,4250.6
26,160,g_a_cpu,cpu,4250.6,4251
26,160,h_a,dpu,4251,4411.46
26,160,eb_enc,cpu,4411.46,4411.6
26,160,eb_dec,cpu,4411.6,4411.72
26,160,h_s,dpu,4411.72,4700.66
26,160,gc,cpu,4700.66,4710.63
26,189,normalize,cpu,4711.1,4714.81
26,189,g_a_cpu,cpu,4714.82,4715.06
26,189,g_a,dpu,4715.07,4873.48
26,189,g_a,dpu,4873.48,4910.3
26,189,g_a_cpu,cpu,4910.3,4910.76
26,189,h_a,dpu,4910.78,5010.59
26,189,eb_enc,cpu,5010.59,5010.77
26,189,eb_dec,cpu,5010.77,5010.89
26,189,h_s,dpu,5010.89,5526.84
26,189,gc,cpu,5526.84,5537.12
26,222,normalize,cpu,5537.81,5541.48
26,222,g_a_cpu,cpu,5541.48,5541.74
26,222,g_a,dpu,5541.74,5710.25
26,222,g_a,dpu,5710.25,5827.53
26,222,g_a_cpu,cpu,5827.53,5827.95
26,222,h_a,dpu,5827.95,6000.22
26,222,eb_enc,cpu,6000.22,6000.35
26,222,eb_dec,cpu,6000.36,6000.47
26,222,h_s,dpu,6000.47,6195.11
26,222,gc,cpu,6195.11,6205.17
26,247,normalize,cpu,6205.68,6209.34
26,247,g_a_cpu,cpu,6209.34,6209.67
26,247,g_a,dpu,6209.68,6461.33
26,247,g_a,dpu,6461.33,6702.85
26,247,g_a_cpu,cpu,6702.85,6703.32
26,247,h_a,dpu,6703.33,6794.44
26,247,eb_enc,cpu,6794.44,6794.58
26,247,eb_dec,cpu,6794.58,6794.69
26,247,h_s,dpu,6794.69,7066.54
26,247,gc,cpu,7066.55,7077.05
26,282,normalize,cpu,7077.61,7081.24
26,282,g_a_cpu,cpu,7081.24,7081.55
26,282,g_a,dpu,7081.55,7286.48
26,282,g_a,dpu,7286.49,7484.79
26,282,g_a_cpu,cpu,7484.79,7485.3
26,282,h_a,dpu,7485.3,7633.35
26,282,eb_enc,cpu,7633.35,7633.48
26,282,eb_dec,cpu,7633.48,7633.59
26,282,h_s,dpu,7633.59,7905.76
26,282,gc,cpu,7905.76,7915.52
26,314,normalize,cpu,7916.73,7920.43
26,314,g_a_cpu,cpu,7920.44,7920.72
26,314,g_a,dpu,7920.72,8103.87
26,314,g_a,dpu,8103.88,8269.54
26,314,g_a_cpu,cpu,8269.54,8270.1
26,314,h_a,dpu,8270.1,8518.46
26,314,eb_enc,cpu,8518.46,8518.59
26,314,eb_dec,cpu,8518.59,8518.7
26,314,h_s,dpu,8518.7,8710.23
26,314,gc,cpu,8710.23,8720.09
26,345,normalize,cpu,8720.66,8724.3
26,345,g_a_cpu,cpu,8724.31,8724.65
26,345,g_a,dpu,8724.66,8936.97
26,345,g_a,dpu,8936.97,9094
26,345,g_a_cpu,cpu,9094,9094.43
26,345,h_a,dpu,9094.43,9315.28
26,345,eb_enc,cpu,9315.28,9315.41
26,345,eb_dec,cpu,9315.42,9315.53
26,345,h_s,dpu,9315.53,9533.47
26,345,gc,cpu,9533.47,9543.64
26,376,normalize,cpu,9544.14,9549.09
26,376,g_a_cpu,cpu,9549.09,9549.4
26,376,g_a,dpu,9549.41,9716.2
26,376,g_a,dpu,9716.2,9888.56
26,376,g_a_cpu,cpu,9888.57,9888.94
26,376,h_a,dpu,9888.95,10117.7
26,376,eb_enc,cpu,10117.7,10117.8
26,376,eb_dec,cpu,10117.8,10117.9
26,376,h_s,dpu,10117.9,10331.7
26,376,gc,cpu,10331.7,10342
26,407,normalize,cpu,10342.5,10346.2
26,407,g_a_cpu,cpu,10346.2,10346.5
26,407,g_a,dpu,10346.5,10521.7
26,407,g_a,dpu,10521.8,10681.7
26,407,g_a_cpu,cpu,10681.7,10682.4
26,407,h_a,dpu,10682.4,10907.3
26,407,eb_enc,cpu,10907.3,10907.4
26,407,eb_dec,cpu,10907.4,10907.5
26,407,h_s,dpu,10907.5,11111.3
26,407,gc,cpu,11111.3,11121.5
26,438,normalize,cpu,11122.1,11125.8
26,438,g_a_cpu,cpu,11125.8,11126.2
26,438,g_a,dpu,11126.2,11297.2
26,438,g_a,dpu,11297.2,11495.7
26,438,g_a_cpu,cpu,11495.7,11496.1
26,438,h_a,dpu,11496.1,11732.8
26,438,eb_enc,cpu,11732.8,11733
26,438,eb_dec,cpu,11733,11733.1
26,438,h_s,dpu,11733.1,11914.1
26,438,gc,cpu,11914.1,11924
26,472,normalize,cpu,11924.4,11928.1
26,472,g_a_cpu,cpu,11928.1,11928.4
26,472,g_a,dpu,11928.4,12089.5
26,472,g_a,dpu,12089.5,12357.3
26,472,g_a_cpu,cpu,12357.3,12357.6
26,472,h_a,dpu,12357.6,12552.3
26,472,eb_enc,cpu,12552.3,12552.5
26,472,eb_dec,cpu,12552.5,12552.6
26,472,h_s,dpu,12552.6,12759.4
26,472,gc,cpu,12759.4,12769.5
26,505,normalize,cpu,12770.5,12774.2
26,505,g_a_cpu,cpu,12774.2,12774.5
26,505,g_a,dpu,12774.5,12958.2
26,505,g_a,dpu,12958.2,13193.2
26,505,g_a_cpu,cpu,13193.2,13193.6
26,505,h_a,dpu,13193.6,13430.9
26,505,eb_enc,cpu,13430.9,13431
26,505,eb_dec,cpu,13431,13431.1
26,505,h_s,dpu,13431.1,13622.5
26,505,gc,cpu,13622.5,13632.7
26,534,normalize,cpu,13633.3,13637
26,534,g_a_cpu,cpu,13637,13637.3
26,534,g_a,dpu,13637.3,13785.5
26,534,g_a,dpu,13785.5,13978.2
26,534,g_a_cpu,cpu,13978.2,13978.6
26,534,h_a,dpu,13978.6,14267.5
26,534,eb_enc,cpu,14267.5,14267.6
26,534,eb_dec,cpu,14267.6,14267.7
26,534,h_s,dpu,14267.7,14406.8
26,534,gc,cpu,14406.8,14416.8
26,562,normalize,cpu,14417.5,14421.2
26,562,g_a_cpu,cpu,14421.2,14421.6
26,562,g_a,dpu,14421.6,14572.5
26,562,g_a,dpu,14572.5,14838.4
26,562,g_a_cpu,cpu,14838.4,14838.8
26,562,h_a,dpu,14838.8,15027.1
26,562,eb_enc,cpu,15027.1,15027.3
26,562,eb_dec,cpu,15027.3,15027.4
26,562,h_s,dpu,15027.4,15193.1
26,562,gc,cpu,15193.1,15203
26,596,normalize,cpu,15203.4,15207.1
26,596,g_a_cpu,cpu,15207.1,15207.5
26,596,g_a,dpu,15207.5,15442.3
26,596,g_a,dpu,15442.3,15673.5
26,596,g_a_cpu,cpu,15673.5,15673.9
26,596,h_a,dpu,15674,15906.8
26,596,eb_enc,cpu,15906.8,15907
26,596,eb_dec,cpu,15907,15907.1
26,596,h_s,dpu,15907.1,16074.3
26,596,gc,cpu,16074.3,16084.7
26,632,normalize,cpu,16085.4,16089.1
26,632,g_a_cpu,cpu,16089.1,16089.5
26,632,g_a,dpu,16089.5,16233.5
26,632,g_a,dpu,16233.5,16491.2
26,632,g_a_cpu,cpu,16491.2,16491.7
26,632,h_a,dpu,16491.7,16670.6
26,632,eb_enc,cpu,16670.6,16670.7
26,632,eb_dec,cpu,16670.7,16670.8
26,632,h_s,dpu,16670.8,16794.9
26,632,gc,cpu,16794.9,16804.8
26,659,normalize,cpu,16805.3,16809
26,659,g_a_cpu,cpu,16809,16809.4
26,659,g_a,dpu,16809.4,17009.4
26,659,g_a,dpu,17009.4,17309.4
26,659,g_a_cpu,cpu,17309.4,17309.8
26,659,h_a,dpu,17309.8,17483.8
26,659,eb_enc,cpu,17483.8,17483.9
26,659,eb_dec,cpu,17483.9,17484
26,659,h_s,dpu,17484,17727.8
26,659,gc,cpu,17727.8,17738.1
26,697,normalize,cpu,17738.7,17742.4
26,697,g_a_cpu,cpu,17742.4,17742.8
26,697,g_a,dpu,17742.8,17903.1
26,697,g_a,dpu,17903.1,18100.9
26,697,g_a_cpu,cpu,18100.9,18101.4
26,697,h_a,dpu,18101.4,18294.8
26,697,eb_enc,cpu,18294.8,18295
26,697,eb_dec,cpu,18295,18295.1
26,697,h_s,dpu,18295.1,18442.3
26,697,gc,cpu,18442.3,18452.2
26,725,normalize,cpu,18453,18460
26,725,g_a_cpu,cpu,18460,18460.3
26,725,g_a,dpu,18460.3,18693.4
26,725,g_a,dpu,18693.4,18926.2
26,725,g_a_cpu,cpu,18926.2,18926.6
26,725,h_a,dpu,18926.6,19100.3
26,725,eb_enc,cpu,19100.3,19100.4
26,725,eb_dec,cpu,19100.4,19100.6
26,725,h_s,dpu,19100.6,19306.3
26,725,gc,cpu,19306.3,19316.4
26,760,normalize,cpu,19316.9,19320.5
26,760,g_a_cpu,cpu,19320.5,19321
26,760,g_a,dpu,19321,19479.5
26,760,g_a,dpu,19479.5,19672.2
26,760,g_a_cpu,cpu,19672.2,19672.5
26,760,h_a,dpu,19672.5,19890.4
26,760,eb_enc,cpu,19890.4,19890.6
26,760,eb_dec,cpu,19890.6,19890.7
26,760,h_s,dpu,19890.7,20039.4
26,760,gc,cpu,20039.4,20050.1
26,789,normalize,cpu,20050.8,20054.5
26,789,g_a_cpu,cpu,20054.5,20054.8
26,789,g_a,dpu,20054.8,20238.7
26,789,g_a,dpu,20238.7,20423.9
26,789,g_a_cpu,cpu,20423.9,20424.3
26,789,h_a,dpu,20424.3,20624.2
26,789,eb_enc,cpu,20624.2,20624.4
26,789,eb_dec,cpu,20624.4,20624.5
26,789,h_s,dpu,20624.5,20830.5
26,789,gc,cpu,20830.5,20840.9
26,820,normalize,cpu,20841.9,20845.5
26,820,g_a_cpu,cpu,20845.5,20845.9
26,820,g_a,dpu,20845.9,21063.1
26,820,g_a,dpu,21063.1,21255
26,820,g_a_cpu,cpu,21255,21255.3
26,820,h_a,dpu,21255.3,21509.4
26,820,eb_enc,cpu,21509.4,21509.6
26,820,eb_dec,cpu,21509.6,21509.7
26,820,h_s,dpu,21509.7,21700.5
26,820,gc,cpu,21700.5,21710.4
26,852,normalize,cpu,21711,21714.6
26,852,g_a_cpu,cpu,21714.6,21715
26,852,g_a,dpu,21715,21894.2
26,852,g_a,dpu,21894.2,22099.7
26,852,g_a_cpu,cpu,22099.7,22100.2
26,852,h_a,dpu,22100.2,22323.7
26,852,eb_enc,cpu,22323.7,22323.9
26,852,eb_dec,cpu,22323.9,22324
26,852,h_s,dpu,22324,22489.4
26,852,gc,cpu,22489.4,22499.8
26,879,normalize,cpu,22500.3,22504
26,879,g_a_cpu,cpu,22504,22504.7
26,879,g_a,dpu,22504.7,22703.9
26,879,g_a,dpu,22703.9,22939.4
26,879,g_a_cpu,cpu,22939.4,22939.8
26,879,h_a,dpu,22939.8,23119.6
26,879,eb_enc,cpu,23119.6,23119.7
26,879,eb_dec,cpu,23119.7,23119.8
26,879,h_s,dpu,23119.8,23291
26,879,gc,cpu,23291,23301.1
26,917,normalize,cpu,23301.5,23305.9
26,917,g_a_cpu,cpu,23305.9,23306.2
26,917,g_a,dpu,23306.2,23526.5
26,917,g_a,dpu,23526.5,23721.5
26,917,g_a_cpu,cpu,23721.5,23721.8
26,917,h_a,dpu,23721.8,23884.5
26,917,eb_enc,cpu,23884.5,23884.6
26,917,eb_dec,cpu,23884.6,23884.7
26,917,h_s,dpu,23884.7,23979.3
26,917,gc,cpu,23979.3,23989.3
27,12,normalize,cpu,84.7037,88.3573
27,12,g_a_cpu,cpu,88.4671,93.3351
27,12,g_a,dpu,93.3465,348.745
27,12,g_a,dpu,348.747,709.401
27,12,g_a_cpu,cpu,709.403,709.812
27,12,h_a,dpu,709.817,790.523
27,12,eb_enc,cpu,790.523,790.685
27,12,eb_dec,cpu,790.685,790.801
27,12,h_s,dpu,790.802,895.801
27,12,gc,cpu,895.805,990.793
27,40,normalize,cpu,991.452,995.116
27,40,g_a_cpu,cpu,995.126,995.53
27,40,g_a,dpu,995.534,1099.24
27,40,g_a,dpu,1099.25,1426.12
27,40,g_a_cpu,cpu,1426.12,1426.49
27,40,h_a,dpu,1426.5,1740.29
27,40,eb_enc,cpu,1740.29,1740.42
27,40,eb_dec,cpu,1740.42,1740.53
27,40,h_s,dpu,1740.53,1849.49
27,40,gc,cpu,1849.49,1886.4
27,86,normalize,cpu,1886.93,1890.58
27,86,g_a_cpu,cpu,1890.58,1891.04
27,86,g_a,dpu,1891.05,2091.85
27,86,g_a,dpu,2091.85,2381.95
27,86,g_a_cpu,cpu,2381.95,2382.42
27,86,h_a,dpu,2382.43,2512
27,86,eb_enc,cpu,2512,2512.16
27,86,eb_dec,cpu,2512.16,2512.29
27,86,h_s,dpu,2512.29,2710.15
27,86,gc,cpu,2710.15,2719.94
27,114,normalize,cpu,2720.43,2724.08
27,114,g_a_cpu,cpu,2724.08,2724.52
27,114,g_a,dpu,2724.52,3185.36
27,114,g_a,dpu,3185.36,3423.34
27,114,g_a_cpu,cpu,3423.34,3423.86
27,114,h_a,dpu,3423.87,3472.81
27,114,eb_enc,cpu,3472.81,3472.98
27,114,eb_dec,cpu,3472.98,3473.13
27,114,h_s,dpu,3473.13,3687.98
27,114,gc,cpu,3687.98,3698.08
27,153,normalize,cpu,3698.81,3702.54
27,153,g_a_cpu,cpu,3702.54,3702.9
27,153,g_a,dpu,3702.9,4073.55
27,153,g_a,dpu,4073.55,4265.86
27,153,g_a_cpu,cpu,4265.86,4266.37
27,153,h_a,dpu,4266.37,4341.41
27,153,eb_enc,cpu,4341.41,4341.55
27,153,eb_dec,cpu,4341.55,4341.67
27,153,h_s,dpu,4341.67,4599.53
27,153,gc,cpu,4599.54,4609.61
27,188,normalize,cpu,4610.1,4613.75
27,188,g_a_cpu,cpu,4613.75,4614.1
27,188,g_a,dpu,4614.11,4884.24
27,188,g_a,dpu,4884.24,5151.5
27,188,g_a_cpu,cpu,5151.5,5152.04
27,188,h_a,dpu,5152.04,5284.48
27,188,eb_enc,cpu,5284.48,5284.62
27,188,eb_dec,cpu,5284.62,5284.74
27,188,h_s,dpu,5284.74,5497.14
27,188,gc,cpu,5497.15,5507.03
27,220,normalize,cpu,5507.5,5511.19
27,220,g_a_cpu,cpu,5511.19,5511.45
27,220,g_a,dpu,5511.45,5794.69
27,220,g_a,dpu,5794.69,6041.87
27,220,g_a_cpu,cpu,6041.87,6042.26
27,220,h_a,dpu,6042.27,6231.73
27,220,eb_enc,cpu,6231.74,6231.87
27,220,eb_dec,cpu,6231.87,6231.98
27,220,h_s,dpu,6231.98,6447.48
27,220,gc,cpu,6447.48,6457.63
27,254,normalize,cpu,6458.12,6461.93
27,254,g_a_cpu,cpu,6461.94,6462.59
27,254,g_a,dpu,6462.59,6690.65
27,254,g_a,dpu,6690.65,6948.78
27,254,g_a_cpu,cpu,6948.78,6949.2
27,254,h_a,dpu,6949.21,7172.2
27,254,eb_enc,cpu,7172.2,7172.33
27,254,eb_dec,cpu,7172.33,7172.44
27,254,h_s,dpu,7172.44,7356.5
27,254,gc,cpu,7356.5,7366.8
27,290,normalize,cpu,7367.39,7371.19
27,290,g_a_cpu,cpu,7371.2,7371.64
27,290,g_a,dpu,7371.65,7558.15
27,290,g_a,dpu,7558.15,7594.59
27,290,g_a_cpu,cpu,7594.6,7595.28
27,290,h_a,dpu,7595.29,7797.11
27,290,eb_enc,cpu,7797.12,7797.31
27,290,eb_dec,cpu,7797.31,7797.45
27,290,h_s,dpu,7797.45,7976.73
27,290,gc,cpu,7976.73,7986.82
27,317,normalize,cpu,7987.29,7990.96
27,317,g_a_cpu,cpu,7990.96,7991.29
27,317,g_a,dpu,7991.29,8240.52
27,317,g_a,dpu,8240.52,8437.88
27,317,g_a_cpu,cpu,8437.88,8438.27
27,317,h_a,dpu,8438.27,8657.05
27,317,eb_enc,cpu,8657.06,8657.19
27,317,eb_dec,cpu,8657.19,8657.3
27,317,h_s,dpu,8657.3,8859.08
27,317,gc,cpu,8859.08,8868.98
27,349,normalize,cpu,8869.48,8873.23
27,349,g_a_cpu,cpu,8873.24,8873.64
27,349,g_a,dpu,8873.64,9105.66
27,349,g_a,dpu,9105.67,9305.08
27,349,g_a_cpu,cpu,9305.08,9305.5
27,349,h_a,dpu,9305.51,9479.75
27,349,eb_enc,cpu,9479.75,9479.88
27,349,eb_dec,cpu,9479.88,9479.98
27,349,h_s,dpu,9479.98,9660.47
27,349,gc,cpu,9660.47,9670.24
27,381,normalize,cpu,9670.72,9674.42
27,381,g_a_cpu,cpu,9674.43,9674.74
27,381,g_a,dpu,9674.74,9914.48
27,381,g_a,dpu,9914.49,10136.9
27,381,g_a_cpu,cpu,10136.9,10137.3
27,381,h_a,dpu,10137.3,10321.2
27,381,eb_enc,cpu,10321.3,10321.4
27,381,eb_dec,cpu,10321.4,10321.5
27,381,h_s,dpu,10321.5,10529.7
27,381,gc,cpu,10529.7,10539.6
27,414,normalize,cpu,10540.1,10543.8
27,414,g_a_cpu,cpu,10543.8,10544.2
27,414,g_a,dpu,10544.2,10736.7
27,414,g_a,dpu,10736.7,10957.8
27,414,g_a_cpu,cpu,10957.8,10958.4
27,414,h_a,dpu,10958.4,11071.4
27,414,eb_enc,cpu,11071.4,11071.6
27,414,eb_dec,cpu,11071.6,11071.7
27,414,h_s,dpu,11071.7,11283.7
27,414,gc,cpu,11283.7,11293.4
27,445,normalize,cpu,11293.9,11297.6
27,445,g_a_cpu,cpu,11297.6,11298
27,445,g_a,dpu,11298,11524.9
27,445,g_a,dpu,11524.9,11754.4
27,445,g_a_cpu,cpu,11754.4,11755.2
27,445,h_a,dpu,11755.2,11898.9
27,445,eb_enc,cpu,11898.9,11899
27,445,eb_dec,cpu,11899,11899.1
27,445,h_s,dpu,11899.1,11900.3
27,445,gc,cpu,11900.3,11910.8
27,470,normalize,cpu,11911.3,11917.3
27,470,g_a_cpu,cpu,11917.3,11917.7
27,470,g_a,dpu,11917.7,11954.2
27,470,g_a,dpu,11954.2,12216.3
27,470,g_a_cpu,cpu,12216.3,12216.8
27,470,h_a,dpu,12216.8,12360.1
27,470,eb_enc,cpu,12360.1,12360.3
27,470,eb_dec,cpu,12360.3,12360.4
27,470,h_s,dpu,12360.4,12553.6
27,470,gc,cpu,12553.6,12566.7
27,491,normalize,cpu,12567.3,12570.9
27,491,g_a_cpu,cpu,12570.9,12571.3
27,491,g_a,dpu,12571.3,12795.2
27,491,g_a,dpu,12795.2,13062.1
27,491,g_a_cpu,cpu,13062.1,13062.6
27,491,h_a,dpu,13062.6,13239
27,491,eb_enc,cpu,13239,13239.1
27,491,eb_dec,cpu,13239.1,13239.2
27,491,h_s,dpu,13239.2,13433.1
27,491,gc,cpu,13433.1,13445.1
27,530,normalize,cpu,13445.5,13449.2
27,530,g_a_cpu,cpu,13449.2,13449.6
27,530,g_a,dpu,13449.6,13695.9
27,530,g_a,dpu,13695.9,13884.9
27,530,g_a_cpu,cpu,13884.9,13885.4
27,530,h_a,dpu,13885.4,14445.7
27,530,eb_enc,cpu,14445.8,14445.9
27,530,eb_dec,cpu,14445.9,14446
27,530,h_s,dpu,14446,14618.5
27,530,gc,cpu,14618.5,14628.5
27,577,normalize,cpu,14629.1,14632.8
27,577,g_a_cpu,cpu,14632.8,14633.7
27,577,g_a,dpu,14633.7,14818.1
27,577,g_a,dpu,14818.1,15072.1
27,577,g_a_cpu,cpu,15072.1,15072.5
27,577,h_a,dpu,15072.5,15170
27,577,eb_enc,cpu,15170,15170.2
27,577,eb_dec,cpu,15170.2,15170.3
27,577,h_s,dpu,15170.3,15382.8
27,577,gc,cpu,15382.8,15392.9
27,608,normalize,cpu,15393.5,15398
27,608,g_a_cpu,cpu,15398,15398.4
27,608,g_a,dpu,15398.4,15650.7
27,608,g_a,dpu,15650.7,15887.8
27,608,g_a_cpu,cpu,15887.8,15888.3
27,608,h_a,dpu,15888.3,16023.9
27,608,eb_enc,cpu,16023.9,16024.1
27,608,eb_dec,cpu,16024.1,16024.2
27,608,h_s,dpu,16024.2,16025.3
27,608,gc,cpu,16025.3,16036.8
27,629,normalize,cpu,16037.4,16041
27,629,g_a_cpu,cpu,16041,16041.5
27,629,g_a,dpu,16041.5,16234.6
27,629,g_a,dpu,16234.6,16528.5
27,629,g_a_cpu,cpu,16528.5,16528.9
27,629,h_a,dpu,16528.9,16691.4
27,629,eb_enc,cpu,16691.4,16691.6
27,629,eb_dec,cpu,16691.6,16691.7
27,629,h_s,dpu,16691.7,16897.3
27,629,gc,cpu,16897.3,16907.4
27,665,normalize,cpu,16907.9,16911.8
27,665,g_a_cpu,cpu,16911.8,16912.2
27,665,g_a,dpu,16912.2,17056.2
27,665,g_a,dpu,17056.2,17092.5
27,665,g_a_cpu,cpu,17092.5,17093.5
27,665,h_a,dpu,17093.5,17351
27,665,eb_enc,cpu,17351,17351.2
27,665,eb_dec,cpu,17351.2,17351.3
27,665,h_s,dpu,17351.3,17486.9
27,665,gc,cpu,17486.9,17497.3
27,685,normalize,cpu,17497.9,17501.5
27,685,g_a_cpu,cpu,17501.5,17501.9
27,685,g_a,dpu,17501.9,17800.6
27,685,g_a,dpu,17800.6,18060.5
27,685,g_a_cpu,cpu,18060.5,18060.9
27,685,h_a,dpu,18060.9,18222.3
27,685,eb_enc,cpu,18222.3,18222.4
27,685,eb_dec,cpu,18222.4,18222.6
27,685,h_s,dpu,18222.6,18380.8
27,685,gc,cpu,18380.8,18391
27,724,normalize,cpu,18391.7,18395.4
27,724,g_a_cpu,cpu,18395.4,18395.6
27,724,g_a,dpu,18395.6,18593.1
27,724,g_a,dpu,18593.1,18884.1
27,724,g_a_cpu,cpu,18884.1,18884.6
27,724,h_a,dpu,18884.6,19008.9
27,724,eb_enc,cpu,19008.9,19009
27,724,eb_dec,cpu,19009,19009.2
27,724,h_s,dpu,19009.2,19178.7
27,724,gc,cpu,19178.7,19190.3
27,754,normalize,cpu,19191.2,19194.9
27,754,g_a_cpu,cpu,19194.9,19195.4
27,754,g_a,dpu,19195.4,19232.3
27,754,g_a,dpu,19232.3,19456.4
27,754,g_a_cpu,cpu,19456.4,19456.8
27,754,h_a,dpu,19456.8,19635.8
27,754,eb_enc,cpu,19635.8,19635.9
27,754,eb_dec,cpu,19635.9,19636
27,754,h_s,dpu,19636,19889.5
27,754,gc,cpu,19889.5,19899.4
27,778,normalize,cpu,19900,19903.6
27,778,g_a_cpu,cpu,19903.6,19904.1
27,778,g_a,dpu,19904.1,20075.2
27,778,g_a,dpu,20075.2,20294.7
27,778,g_a_cpu,cpu,20294.7,20295.2
27,778,h_a,dpu,20295.2,20465.7
27,778,eb_enc,cpu,20465.7,20465.8
27,778,eb_dec,cpu,20465.8,20466
27,778,h_s,dpu,20466,20627.8
27,778,gc,cpu,20627.8,20639.1
27,805,normalize,cpu,20639.7,20643.4
27,805,g_a_cpu,cpu,20643.4,20643.8
27,805,g_a,dpu,20643.8,20912.8
27,805,g_a,dpu,20912.8,21139.2
27,805,g_a_cpu,cpu,21139.2,21139.7
27,805,h_a,dpu,21139.7,21450
27,805,eb_enc,cpu,21450,21450.1
27,805,eb_dec,cpu,21450.1,21450.2
27,805,h_s,dpu,21450.2,21668.6
27,805,gc,cpu,21668.6,21678.6
27,849,normalize,cpu,21679.1,21682.8
27,849,g_a_cpu,cpu,21682.8,21683.3
27,849,g_a,dpu,21683.3,21897.2
27,849,g_a,dpu,21897.2,22152.9
27,849,g_a_cpu,cpu,22152.9,22153.4
27,849,h_a,dpu,22153.4,22294.1
27,849,eb_enc,cpu,22294.1,22294.2
27,849,eb_dec,cpu,22294.2,22294.3
27,849,h_s,dpu,22294.3,22515.1
27,849,gc,cpu,22515.1,22525.4
27,885,normalize,cpu,22525.9,22529.6
27,885,g_a_cpu,cpu,22529.6,22529.9
27,885,g_a,dpu,22529.9,22725.9
27,885,g_a,dpu,22725.9,22981.1
27,885,g_a_cpu,cpu,22981.1,22981.6
27,885,h_a,dpu,22981.6,23063.4
27,885,eb_enc,cpu,23063.4,23063.6
27,885,eb_dec,cpu,23063.6,23063.7
27,885,h_s,dpu,23063.7,23281.9
27,885,gc,cpu,23281.9,23292.7
27,914,normalize,cpu,23293.3,23297
27,914,g_a_cpu,cpu,23297,23297.5
27,914,g_a,dpu,23297.5,23334
27,914,g_a,dpu,23334,23630.7
27,914,g_a_cpu,cpu,23630.7,23631.3
27,914,h_a,dpu,23631.3,23762.9
27,914,eb_enc,cpu,23762.9,23763.1
27,914,eb_dec,cpu,23763.1,23763.2
27,914,h_s,dpu,23763.2,23887.6
27,914,gc,cpu,23887.6,23898.7
28,8,normalize,cpu,77.8118,81.5061
28,8,g_a_cpu,cpu,83.124,83.5476
28,8,g_a,dpu,83.5522,151.571
28,8,g_a,dpu,151.579,548.106
28,8,g_a_cpu,cpu,548.107,548.582
28,8,h_a,dpu,548.588,854.751
28,8,eb_enc,cpu,854.751,854.938
28,8,eb_dec,cpu,854.939,855.061
28,8,h_s,dpu,855.062,858.051
28,8,gc,cpu,858.054,869.884
28,33,normalize,cpu,870.398,874.064
28,33,g_a_cpu,cpu,874.067,874.401
28,33,g_a,dpu,874.404,989.561
28,33,g_a,dpu,989.564,1026.29
28,33,g_a_cpu,cpu,1026.29,1026.76
28,33,h_a,dpu,1026.76,1245.14
28,33,eb_enc,cpu,1245.15,1245.27
28,33,eb_dec,cpu,1245.27,1245.38
28,33,h_s,dpu,1245.38,1549.17
28,33,gc,cpu,1549.17,1559.2
28,64,normalize,cpu,1559.71,1563.38
28,64,g_a_cpu,cpu,1563.39,1563.68
28,64,g_a,dpu,1563.69,1729.37
28,64,g_a,dpu,1729.37,1843.89
28,64,g_a_cpu,cpu,1843.89,1844.28
28,64,h_a,dpu,1844.28,1846.68
28,64,eb_enc,cpu,1846.69,1846.93
28,64,eb_dec,cpu,1846.93,1847.09
28,64,h_s,dpu,1847.09,1929.42
28,64,gc,cpu,1929.42,1939.54
28,91,normalize,cpu,1940.05,1943.76
28,91,g_a_cpu,cpu,1943.77,1944.04
28,91,g_a,dpu,1944.04,2275.01
28,91,g_a,dpu,2275.01,2311.41
28,91,g_a_cpu,cpu,2311.41,2311.84
28,91,h_a,dpu,2311.84,2495.96
28,91,eb_enc,cpu,2495.96,2496.11
28,91,eb_dec,cpu,2496.11,2496.23
28,91,h_s,dpu,2496.23,2602
28,91,gc,cpu,2602,2613.06
28,105,normalize,cpu,2622.08,2626.89
28,105,g_a_cpu,cpu,2626.91,2627.32
28,105,g_a,dpu,2627.32,2885.3
28,105,g_a,dpu,2885.3,3254.85
28,105,g_a_cpu,cpu,3254.85,3255.25
28,105,h_a,dpu,3255.25,3425.01
28,105,eb_enc,cpu,3425.01,3425.13
28,105,eb_dec,cpu,3425.13,3425.24
28,105,h_s,dpu,3425.24,3474.9
28,105,gc,cpu,3474.9,3485.6
28,141,normalize,cpu,3486.09,3489.77
28,141,g_a_cpu,cpu,3489.77,3490.17
28,141,g_a,dpu,3490.17,3760.48
28,141,g_a,dpu,3760.48,4088.47
28,141,g_a_cpu,cpu,4088.47,4088.83
28,141,h_a,dpu,4088.83,4268.27
28,141,eb_enc,cpu,4268.27,4268.43
28,141,eb_dec,cpu,4268.43,4268.55
28,141,h_s,dpu,4268.55,4342.97
28,141,gc,cpu,4342.97,4353.7
28,179,normalize,cpu,4354.24,4357.9
28,179,g_a_cpu,cpu,4357.9,4358.3
28,179,g_a,dpu,4358.31,4635.37
28,179,g_a,dpu,4635.37,4855.97
28,179,g_a_cpu,cpu,4855.97,4856.33
28,179,h_a,dpu,4856.33,5078.53
28,179,eb_enc,cpu,5078.53,5078.67
28,179,eb_dec,cpu,5078.67,5078.79
28,179,h_s,dpu,5078.79,5170.51
28,179,gc,cpu,5170.51,5180.54
28,208,normalize,cpu,5181.13,5184.75
28,208,g_a_cpu,cpu,5184.75,5185.17
28,208,g_a,dpu,5185.17,5421.25
28,208,g_a,dpu,5421.25,5457.69
28,208,g_a_cpu,cpu,5457.69,5458.18
28,208,h_a,dpu,5458.18,5712.69
28,208,eb_enc,cpu,5712.69,5712.82
28,208,eb_dec,cpu,5712.83,5712.98
28,208,h_s,dpu,5712.98,5833.26
28,208,gc,cpu,5833.27,5844.04
28,232,normalize,cpu,5845.08,5848.7
28,232,g_a_cpu,cpu,5848.7,5849.15
28,232,g_a,dpu,5849.16,6038.08
28,232,g_a,dpu,6038.09,6296.15
28,232,g_a_cpu,cpu,6296.15,6296.5
28,232,h_a,dpu,6296.5,6535.73
28,232,eb_enc,cpu,6535.73,6535.85
28,232,eb_dec,cpu,6535.85,6535.97
28,232,h_s,dpu,6535.97,6704.93
28,232,gc,cpu,6704.93,6716.97
28,266,normalize,cpu,6717.58,6721.29
28,266,g_a_cpu,cpu,6721.29,6721.97
28,266,g_a,dpu,6721.97,6831.28
28,266,g_a,dpu,6831.28,7049.35
28,266,g_a_cpu,cpu,7049.36,7049.82
28,266,h_a,dpu,7049.82,7249.49
28,266,eb_enc,cpu,7249.5,7249.67
28,266,eb_dec,cpu,7249.67,7249.79
28,266,h_s,dpu,7249.79,7444.51
28,266,gc,cpu,7444.52,7454.98
28,294,normalize,cpu,7455.5,7459.16
28,294,g_a_cpu,cpu,7459.16,7459.51
28,294,g_a,dpu,7459.51,7631.85
28,294,g_a,dpu,7631.85,8048.51
28,294,g_a_cpu,cpu,8048.51,8048.84
28,294,h_a,dpu,8048.87,8241.32
28,294,eb_enc,cpu,8241.32,8241.45
28,294,eb_dec,cpu,8241.45,8241.57
28,294,h_s,dpu,8241.57,8385.97
28,294,gc,cpu,8385.97,8396.17
28,332,normalize,cpu,8396.77,8401.02
28,332,g_a_cpu,cpu,8401.03,8401.39
28,332,g_a,dpu,8401.39,8670.84
28,332,g_a,dpu,8670.84,8898.67
28,332,g_a_cpu,cpu,8898.67,8899.04
28,332,h_a,dpu,8899.04,9145.94
28,332,eb_enc,cpu,9145.94,9146.06
28,332,eb_dec,cpu,9146.06,9146.17
28,332,h_s,dpu,9146.17,9291.25
28,332,gc,cpu,9291.25,9301.15
28,368,normalize,cpu,9301.73,9305.37
28,368,g_a_cpu,cpu,9305.37,9305.75
28,368,g_a,dpu,9305.75,9582.76
28,368,g_a,dpu,9582.76,9815.98
28,368,g_a_cpu,cpu,9815.98,9816.33
28,368,h_a,dpu,9816.33,10024.5
28,368,eb_enc,cpu,10024.5,10024.7
28,368,eb_dec,cpu,10024.7,10024.8
28,368,h_s,dpu,10024.8,10203.7
28,368,gc,cpu,10203.7,10213.8
28,402,normalize,cpu,10214.3,10218.7
28,402,g_a_cpu,cpu,10218.7,10219
28,402,g_a,dpu,10219,10417
28,402,g_a,dpu,10417,10644.9
28,402,g_a_cpu,cpu,10644.9,10645.5
28,402,h_a,dpu,10645.5,10847.5
28,402,eb_enc,cpu,10847.5,10847.7
28,402,eb_dec,cpu,10847.7,10847.8
28,402,h_s,dpu,10847.8,10991.1
28,402,gc,cpu,10991.1,11001.4
28,433,normalize,cpu,11001.9,11005.5
28,433,g_a_cpu,cpu,11005.5,11005.9
28,433,g_a,dpu,11005.9,11280.9
28,433,g_a,dpu,11280.9,11505.3
28,433,g_a_cpu,cpu,11505.3,11505.6
28,433,h_a,dpu,11505.6,11717.8
28,433,eb_enc,cpu,11717.8,11717.9
28,433,eb_dec,cpu,11717.9,11718
28,433,h_s,dpu,11718,11896.4
28,433,gc,cpu,11896.4,11907.1
28,468,normalize,cpu,11907.7,11911.5
28,468,g_a_cpu,cpu,11911.5,11911.9
28,468,g_a,dpu,11911.9,12137.1
28,468,g_a,dpu,12137.1,12399.8
28,468,g_a_cpu,cpu,12399.8,12400.4
28,468,h_a,dpu,12400.4,12633.9
28,468,eb_enc,cpu,12633.9,12634
28,468,eb_dec,cpu,12634,12634.1
28,468,h_s,dpu,12634.1,12730.3
28,468,gc,cpu,12730.3,12740.3
28,501,normalize,cpu,12741.4,12755
28,501,g_a_cpu,cpu,12755,12755.4
28,501,g_a,dpu,12755.4,12983.4
28,501,g_a,dpu,12983.4,13201.6
28,501,g_a_cpu,cpu,13201.6,13202
28,501,h_a,dpu,13202,13398.5
28,501,eb_enc,cpu,13398.5,13398.6
28,501,eb_dec,cpu,13398.6,13398.7
28,501,h_s,dpu,13398.7,13549
28,501,gc,cpu,13549,13559.2
28,532,normalize,cpu,13559.7,13563.4
28,532,g_a_cpu,cpu,13563.4,13563.7
28,532,g_a,dpu,13563.7,13821.5
28,532,g_a,dpu,13821.5,14044.9
28,532,g_a_cpu,cpu,14044.9,14045.3
28,532,h_a,dpu,14045.3,14253.3
28,532,eb_enc,cpu,14253.3,14253.5
28,532,eb_dec,cpu,14253.5,14253.6
28,532,h_s,dpu,14253.6,14441.7
28,532,gc,cpu,14441.7,14452
28,565,normalize,cpu,14452.5,14456.2
28,565,g_a_cpu,cpu,14456.2,14456.6
28,565,g_a,dpu,14456.7,14657.1
28,565,g_a,dpu,14657.1,14914.2
28,565,g_a_cpu,cpu,14914.2,14914.5
28,565,h_a,dpu,14914.5,15149.1
28,565,eb_enc,cpu,15149.1,15149.2
28,565,eb_dec,cpu,15149.2,15149.4
28,565,h_s,dpu,15149.4,15249
28,565,gc,cpu,15249,15259.7
28,597,normalize,cpu,15260.3,15264
28,597,g_a_cpu,cpu,15264,15264.6
28,597,g_a,dpu,15264.6,15532.9
28,597,g_a,dpu,15532.9,15865.9
28,597,g_a_cpu,cpu,15865.9,15866.5
28,597,h_a,dpu,15866.5,16036.3
28,597,eb_enc,cpu,16036.3,16036.5
28,597,eb_dec,cpu,16036.5,16036.6
28,597,h_s,dpu,16036.6,16185
28,597,gc,cpu,16185,16205.6
28,639,normalize,cpu,16206.4,16210.1
28,639,g_a_cpu,cpu,16210.1,16210.7
28,639,g_a,dpu,16210.7,16487
28,639,g_a,dpu,16487,16669.4
28,639,g_a_cpu,cpu,16669.4,16669.8
28,639,h_a,dpu,16669.8,16794.1
28,639,eb_enc,cpu,16794.1,16794.2
28,639,eb_dec,cpu,16794.2,16794.4
28,639,h_s,dpu,16794.4,16969.4
28,639,gc,cpu,16969.4,16986.9
28,669,normalize,cpu,16987.4,16991
28,669,g_a_cpu,cpu,16991,16991.4
28,669,g_a,dpu,16991.4,17282.5
28,669,g_a,dpu,17282.5,17482.7
28,669,g_a_cpu,cpu,17482.7,17483.1
28,669,h_a,dpu,17483.1,17726.6
28,669,eb_enc,cpu,17726.6,17726.7
28,669,eb_dec,cpu,17726.7,17726.9
28,669,h_s,dpu,17726.9,17866.8
28,669,gc,cpu,17866.8,17878
28,700,normalize,cpu,17878.8,17882.4
28,700,g_a_cpu,cpu,17882.4,17882.8
28,700,g_a,dpu,17882.8,18071
28,700,g_a,dpu,18071,18257
28,700,g_a_cpu,cpu,18257,18257.3
28,700,h_a,dpu,18257.3,18441.4
28,700,eb_enc,cpu,18441.4,18441.6
28,700,eb_dec,cpu,18441.6,18441.7
28,700,h_s,dpu,18441.7,18619.9
28,700,gc,cpu,18619.9,18630
28,733,normalize,cpu,18630.7,18634.3
28,733,g_a_cpu,cpu,18634.3,18634.6
28,733,g_a,dpu,18634.6,18906.8
28,733,g_a,dpu,18906.8,19099
28,733,g_a_cpu,cpu,19099,19099.6
28,733,h_a,dpu,19099.6,19305.5
28,733,eb_enc,cpu,19305.5,19305.6
28,733,eb_dec,cpu,19305.6,19305.8
28,733,h_s,dpu,19305.8,19443.2
28,733,gc,cpu,19443.2,19453.3
28,765,normalize,cpu,19453.8,19458.2
28,765,g_a_cpu,cpu,19458.2,19458.6
28,765,g_a,dpu,19458.6,19703.2
28,765,g_a,dpu,19703.2,19927.3
28,765,g_a_cpu,cpu,19927.3,19927.8
28,765,h_a,dpu,19927.8,20112.4
28,765,eb_enc,cpu,20112.4,20112.5
28,765,eb_dec,cpu,20112.5,20112.6
28,765,h_s,dpu,20112.6,20276.1
28,765,gc,cpu,20276.1,20286.1
28,798,normalize,cpu,20286.7,20290.4
28,798,g_a_cpu,cpu,20290.4,20290.7
28,798,g_a,dpu,20290.7,20584.7
28,798,g_a,dpu,20584.7,20774.9
28,798,g_a_cpu,cpu,20774.9,20775.4
28,798,h_a,dpu,20775.4,20987.1
28,798,eb_enc,cpu,20987.1,20987.2
28,798,eb_dec,cpu,20987.2,20987.3
28,798,h_s,dpu,20987.3,21102.4
28,798,gc,cpu,21102.4,21114.6
28,831,normalize,cpu,21115.1,21118.8
28,831,g_a_cpu,cpu,21118.8,21119.2
28,831,g_a,dpu,21119.2,21397.1
28,831,g_a,dpu,21397.1,21627.7
28,831,g_a_cpu,cpu,21627.7,21628.1
28,831,h_a,dpu,21628.1,21747.8
28,831,eb_enc,cpu,21747.8,21748
28,831,eb_dec,cpu,21748,21748.1
28,831,h_s,dpu,21748.1,21942.1
28,831,gc,cpu,21942.1,21952.4
28,862,normalize,cpu,21952.8,21956.4
28,862,g_a_cpu,cpu,21956.4,21956.8
28,862,g_a,dpu,21956.8,22249.3
28,862,g_a,dpu,22249.3,22471.5
28,862,g_a_cpu,cpu,22471.5,22471.8
28,862,h_a,dpu,22471.8,22612.1
28,862,eb_enc,cpu,22612.1,22612.2
28,862,eb_dec,cpu,22612.2,22612.3
28,862,h_s,dpu,22612.3,22825
28,862,gc,cpu,22825,22836.1
28,894,normalize,cpu,22836.6,22840.3
28,894,g_a_cpu,cpu,22840.3,22840.6
28,894,g_a,dpu,22840.6,23081.1
28,894,g_a,dpu,23081.1,23354.6
28,894,g_a_cpu,cpu,23354.6,23355
28,894,h_a,dpu,23355,23631.7
28,894,eb_enc,cpu,23631.7,23631.9
28,894,eb_dec,cpu,23631.9,23632
28,894,h_s,dpu,23632,23764
28,894,gc,cpu,23764,23775.2
28,927,normalize,cpu,23775.7,23779.4
28,927,g_a_cpu,cpu,23779.4,23779.7
28,927,g_a,dpu,23779.7,23923.5
28,927,g_a,dpu,23923.5,24080.5
28,927,g_a_cpu,cpu,24080.5,24080.9
28,927,h_a,dpu,24080.9,24082.2
28,927,eb_enc,cpu,24082.2,24082.4
28,927,eb_dec,cpu,24082.4,24082.5
28,927,h_s,dpu,24082.5,24089.3
28,927,gc,cpu,24089.3,24100.1
29,6,normalize,cpu,73.5483,82.004
29,6,g_a_cpu,cpu,82.0709,82.4539
29,6,g_a,dpu,82.4617,152.288
29,6,g_a,dpu,152.294,518.181
29,6,g_a_cpu,cpu,518.182,518.546
29,6,h_a,dpu,518.552,879.957
29,6,eb_enc,cpu,879.959,880.093
29,6,eb_dec,cpu,880.094,880.213
29,6,h_s,dpu,880.213,916.741
29,6,gc,cpu,916.747,1045.87
29,57,normalize,cpu,1046.44,1050.11
29,57,g_a_cpu,cpu,1050.11,1050.57
29,57,g_a,dpu,1050.57,1324.38
29,57,g_a,dpu,1324.38,1658.34
29,57,g_a_cpu,cpu,1658.34,1658.8
29,57,h_a,dpu,1658.8,1768.91
29,57,eb_enc,cpu,1768.91,1769.04
29,57,eb_dec,cpu,1769.04,1769.15
29,57,h_s,dpu,1769.15,1866.49
29,57,gc,cpu,1866.49,1883.97
29,85,normalize,cpu,1884.6,1888.31
29,85,g_a_cpu,cpu,1888.32,1888.8
29,85,g_a,dpu,1888.81,2412.97
29,85,g_a,dpu,2412.97,2660.21
29,85,g_a_cpu,cpu,2660.22,2660.83
29,85,h_a,dpu,2660.83,3031.39
29,85,eb_enc,cpu,3031.39,3031.52
29,85,eb_dec,cpu,3031.52,3031.64
29,85,h_s,dpu,3031.64,3226.2
29,85,gc,cpu,3226.2,3236.16
29,127,normalize,cpu,3236.67,3240.47
29,127,g_a_cpu,cpu,3240.48,3240.98
29,127,g_a,dpu,3240.99,3391.37
29,127,g_a,dpu,3391.38,3469.8
29,127,g_a_cpu,cpu,3469.81,3470.17
29,127,h_a,dpu,3470.17,3686.96
29,127,eb_enc,cpu,3686.96,3687.11
29,127,eb_dec,cpu,3687.11,3687.24
29,127,h_s,dpu,3687.24,3957.71
29,127,gc,cpu,3957.71,3967.93
29,158,normalize,cpu,3968.45,3972.12
29,158,g_a_cpu,cpu,3972.13,3972.46
29,158,g_a,dpu,3972.46,4059.51
29,158,g_a,dpu,4059.51,4171.39
29,158,g_a_cpu,cpu,4171.39,4171.76
29,158,h_a,dpu,4171.76,4299.94
29,158,eb_enc,cpu,4299.94,4300.1
29,158,eb_dec,cpu,4300.1,4300.21
29,158,h_s,dpu,4300.21,4509.72
29,158,gc,cpu,4509.72,4519.86
29,186,normalize,cpu,4520.41,4524.07
29,186,g_a_cpu,cpu,4524.07,4524.44
29,186,g_a,dpu,4524.44,4830.07
29,186,g_a,dpu,4830.07,4993.55
29,186,g_a_cpu,cpu,4993.55,4993.93
29,186,h_a,dpu,4993.94,5122.87
29,186,eb_enc,cpu,5122.87,5123.04
29,186,eb_dec,cpu,5123.04,5123.15
29,186,h_s,dpu,5123.15,5376.68
29,186,gc,cpu,5376.69,5386.51
29,216,normalize,cpu,5387.03,5390.73
29,216,g_a_cpu,cpu,5390.75,5391.08
29,216,g_a,dpu,5391.08,5557.89
29,216,g_a,dpu,5557.89,5746.62
29,216,g_a_cpu,cpu,5746.62,5746.99
29,216,h_a,dpu,5747,5881.12
29,216,eb_enc,cpu,5881.12,5881.28
29,216,eb_dec,cpu,5881.28,5881.4
29,216,h_s,dpu,5881.4,5883.2
29,216,gc,cpu,5883.2,5893.56
29,234,normalize,cpu,5894.08,5897.73
29,234,g_a_cpu,cpu,5897.74,5898.08
29,234,g_a,dpu,5898.08,6038.88
29,234,g_a,dpu,6038.88,6229.16
29,234,g_a_cpu,cpu,6229.16,6229.56
29,234,h_a,dpu,6229.56,6446.56
29,234,eb_enc,cpu,6446.56,6446.69
29,234,eb_dec,cpu,6446.69,6446.81
29,234,h_s,dpu,6446.82,6650.06
29,234,gc,cpu,6650.06,6663.08
29,261,normalize,cpu,6663.71,6667.53
29,261,g_a_cpu,cpu,6667.54,6668.02
29,261,g_a,dpu,6668.02,6861.82
29,261,g_a,dpu,6861.82,7054.71
29,261,g_a_cpu,cpu,7054.71,7055.08
29,261,h_a,dpu,7055.08,7241.56
29,261,eb_enc,cpu,7241.57,7241.69
29,261,eb_dec,cpu,7241.69,7241.8
29,261,h_s,dpu,7241.8,7446.16
29,261,gc,cpu,7446.16,7455.99
29,295,normalize,cpu,7456.49,7460.14
29,295,g_a_cpu,cpu,7460.14,7460.44
29,295,g_a,dpu,7460.44,7640.74
29,295,g_a,dpu,7640.74,7677.62
29,295,g_a_cpu,cpu,7677.62,7677.99
29,295,h_a,dpu,7677.99,7898.5
29,295,eb_enc,cpu,7898.5,7898.65
29,295,eb_dec,cpu,7898.65,7898.77
29,295,h_s,dpu,7898.77,8092.95
29,295,gc,cpu,8092.95,8102.88
29,320,normalize,cpu,8103.39,8107.09
29,320,g_a_cpu,cpu,8107.09,8107.39
29,320,g_a,dpu,8107.39,8305.8
29,320,g_a,dpu,8305.8,8466.15
29,320,g_a_cpu,cpu,8466.15,8466.52
29,320,h_a,dpu,8466.52,8671.98
29,320,eb_enc,cpu,8671.98,8672.11
29,320,eb_dec,cpu,8672.11,8672.22
29,320,h_s,dpu,8672.22,8877.12
29,320,gc,cpu,8877.12,8886.8
29,351,normalize,cpu,8887.33,8891.04
29,351,g_a_cpu,cpu,8891.04,8891.29
29,351,g_a,dpu,8891.3,9054.36
29,351,g_a,dpu,9054.36,9213.76
29,351,g_a_cpu,cpu,9213.76,9214.15
29,351,h_a,dpu,9214.15,9463.96
29,351,eb_enc,cpu,9463.96,9464.09
29,351,eb_dec,cpu,9464.09,9464.21
29,351,h_s,dpu,9464.21,9609.75
29,351,gc,cpu,9609.75,9619.66
29,380,normalize,cpu,9620.14,9624.62
29,380,g_a_cpu,cpu,9624.62,9624.97
29,380,g_a,dpu,9624.97,9812.95
29,380,g_a,dpu,9812.95,10042.4
29,380,g_a_cpu,cpu,10042.4,10042.9
29,380,h_a,dpu,10042.9,10230.1
29,380,eb_enc,cpu,10230.1,10230.3
29,380,eb_dec,cpu,10230.3,10230.4
29,380,h_s,dpu,10230.4,10441.9
29,380,gc,cpu,10441.9,10452.8
29,411,normalize,cpu,10453.2,10457
29,411,g_a_cpu,cpu,10457,10457.3
29,411,g_a,dpu,10457.3,10601.4
29,411,g_a,dpu,10601.4,10865.3
29,411,g_a_cpu,cpu,10865.3,10865.6
29,411,h_a,dpu,10865.6,11054.6
29,411,eb_enc,cpu,11054.6,11054.7
29,411,eb_dec,cpu,11054.7,11054.8
29,411,h_s,dpu,11054.8,11189.3
29,411,gc,cpu,11189.3,11198.9
29,442,normalize,cpu,11199.4,11203.1
29,442,g_a_cpu,cpu,11203.1,11203.4
29,442,g_a,dpu,11203.4,11421.1
29,442,g_a,dpu,11421.1,11612.5
29,442,g_a_cpu,cpu,11612.5,11613.1
29,442,h_a,dpu,11613.1,11820.5
29,442,eb_enc,cpu,11820.5,11820.7
29,442,eb_dec,cpu,11820.7,11820.8
29,442,h_s,dpu,11820.8,12064
29,442,gc,cpu,12064,12074
29,474,normalize,cpu,12074.5,12078.2
29,474,g_a_cpu,cpu,12078.2,12078.6
29,474,g_a,dpu,12078.6,12203.3
29,474,g_a,dpu,12203.3,12240.1
29,474,g_a_cpu,cpu,12240.1,12240.5
29,474,h_a,dpu,12240.5,12439.9
29,474,eb_enc,cpu,12439.9,12440.1
29,474,eb_dec,cpu,12440.1,12440.2
29,474,h_s,dpu,12440.2,12637.8
29,474,gc,cpu,12637.8,12647.6
29,500,normalize,cpu,12648.1,12651.9
29,500,g_a_cpu,cpu,12651.9,12652.2
29,500,g_a,dpu,12652.2,12879.2
29,500,g_a,dpu,12879.2,13073.7
29,500,g_a_cpu,cpu,13073.7,13074.1
29,500,h_a,dpu,13074.1,13438.7
29,500,eb_enc,cpu,13438.7,13438.9
29,500,eb_dec,cpu,13438.9,13439
29,500,h_s,dpu,13439,13623.3
29,500,gc,cpu,13623.3,13633.5
29,535,normalize,cpu,13634,13637.6
29,535,g_a_cpu,cpu,13637.6,13638
29,535,g_a,dpu,13638.1,13822.1
29,535,g_a,dpu,13822.1,14018
29,535,g_a_cpu,cpu,14018,14018.3
29,535,h_a,dpu,14018.3,14270
29,535,eb_enc,cpu,14270,14270.1
29,535,eb_dec,cpu,14270.1,14270.2
29,535,h_s,dpu,14270.2,14407.5
29,535,gc,cpu,14407.5,14417.6
29,563,normalize,cpu,14418.1,14421.8
29,563,g_a_cpu,cpu,14421.8,14422.2
29,563,g_a,dpu,14422.2,14609.4
29,563,g_a,dpu,14609.4,14881.5
29,563,g_a_cpu,cpu,14881.5,14881.9
29,563,h_a,dpu,14881.9,15101.5
29,563,eb_enc,cpu,15101.5,15101.6
29,563,eb_dec,cpu,15101.6,15101.7
29,563,h_s,dpu,15101.7,15358.4
29,563,gc,cpu,15358.4,15368.5
29,606,normalize,cpu,15369,15372.6
29,606,g_a_cpu,cpu,15372.6,15373
29,606,g_a,dpu,15373,15637.2
29,606,g_a,dpu,15637.2,15826.1
29,606,g_a_cpu,cpu,15826.1,15826.5
29,606,h_a,dpu,15826.5,16177.2
29,606,eb_enc,cpu,16177.2,16177.4
29,606,eb_dec,cpu,16177.4,16177.6
29,606,h_s,dpu,16177.6,16382.8
29,606,gc,cpu,16382.8,16393
29,645,normalize,cpu,16393.7,16397.3
29,645,g_a_cpu,cpu,16397.3,16397.6
29,645,g_a,dpu,16397.6,16612.1
29,645,g_a,dpu,16612.1,16648.9
29,645,g_a_cpu,cpu,16648.9,16649.3
29,645,h_a,dpu,16649.3,16859
29,645,eb_enc,cpu,16859,16859.1
29,645,eb_dec,cpu,16859.1,16859.3
29,645,h_s,dpu,16859.3,16911.1
29,645,gc,cpu,16911.1,16920.9
29,667,normalize,cpu,16921.4,16925.1
29,667,g_a_cpu,cpu,16925.1,16925.4
29,667,g_a,dpu,16925.4,17196.8
29,667,g_a,dpu,17196.8,17392.2
29,667,g_a_cpu,cpu,17392.2,17392.6
29,667,h_a,dpu,17392.6,17599.8
29,667,eb_enc,cpu,17599.8,17600
29,667,eb_dec,cpu,17600,17600.1
29,667,h_s,dpu,17600.1,17804.2
29,667,gc,cpu,17804.2,17814.1
29,699,normalize,cpu,17814.6,17818.3
29,699,g_a_cpu,cpu,17818.3,17818.7
29,699,g_a,dpu,17818.7,18022.5
29,699,g_a,dpu,18022.5,18349.5
29,699,g_a_cpu,cpu,18349.5,18349.9
29,699,h_a,dpu,18349.9,18564.2
29,699,eb_enc,cpu,18564.2,18564.3
29,699,eb_dec,cpu,18564.3,18564.4
29,699,h_s,dpu,18564.4,18812.4
29,699,gc,cpu,18812.4,18822.4
29,738,normalize,cpu,18822.9,18826.6
29,738,g_a_cpu,cpu,18826.6,18826.9
29,738,g_a,dpu,18826.9,19006.4
29,738,g_a,dpu,19006.4,19129.6
29,738,g_a_cpu,cpu,19129.6,19129.9
29,738,h_a,dpu,19129.9,19628
29,738,eb_enc,cpu,19628,19628.1
29,738,eb_dec,cpu,19628.1,19628.2
29,738,h_s,dpu,19628.2,20037.8
29,738,gc,cpu,20037.8,20048.1
29,790,normalize,cpu,20057.9,20061.6
29,790,g_a_cpu,cpu,20061.6,20061.9
29,790,g_a,dpu,20061.9,20275.1
29,790,g_a,dpu,20275.1,20463.4
29,790,g_a_cpu,cpu,20463.4,20463.8
29,790,h_a,dpu,20463.8,20626.4
29,790,eb_enc,cpu,20626.4,20626.6
29,790,eb_dec,cpu,20626.6,20626.7
29,790,h_s,dpu,20626.7,20831.4
29,790,gc,cpu,20831.4,20841.7
29,821,normalize,cpu,20842.5,20846.2
29,821,g_a_cpu,cpu,20846.2,20846.6
29,821,g_a,dpu,20846.6,21099.7
29,821,g_a,dpu,21099.7,21293
29,821,g_a_cpu,cpu,21293,21293.4
29,821,h_a,dpu,21293.4,21550.8
29,821,eb_enc,cpu,21550.8,21551
29,821,eb_dec,cpu,21551,21551.1
29,821,h_s,dpu,21551.1,21708.5
29,821,gc,cpu,21708.5,21718.7
29,853,normalize,cpu,21719.2,21722.9
29,853,g_a_cpu,cpu,21722.9,21723.3
29,853,g_a,dpu,21723.3,21930.5
29,853,g_a,dpu,21930.5,22136
29,853,g_a_cpu,cpu,22136.1,22136.5
29,853,h_a,dpu,22136.5,22361.3
29,853,eb_enc,cpu,22361.3,22361.4
29,853,eb_dec,cpu,22361.4,22361.6
29,853,h_s,dpu,22361.6,22491.9
29,853,gc,cpu,22491.9,22502.4
29,880,normalize,cpu,22503,22510.1
29,880,g_a_cpu,cpu,22510.1,22510.5
29,880,g_a,dpu,22510.5,22776.6
29,880,g_a,dpu,22776.6,22978.3
29,880,g_a_cpu,cpu,22978.3,22978.9
29,880,h_a,dpu,22978.9,23159.1
29,880,eb_enc,cpu,23159.1,23159.2
29,880,eb_dec,cpu,23159.2,23159.4
29,880,h_s,dpu,23159.4,23371.9
29,880,gc,cpu,23371.9,23382.6
29,918,normalize,cpu,23383.1,23386.8
29,918,g_a_cpu,cpu,23386.8,23387.2
29,918,g_a,dpu,23387.2,23605.4
29,918,g_a,dpu,23605.4,23760
29,918,g_a_cpu,cpu,23760,23760.4
29,918,h_a,dpu,23760.4,23886.3
29,918,eb_enc,cpu,23886.3,23886.4
29,918,eb_dec,cpu,23886.4,23886.5
29,918,h_s,dpu,23886.5,23980.1
29,918,gc,cpu,23980.1,23991
30,4,normalize,cpu,69.6095,94.6076
30,4,g_a_cpu,cpu,107.583,108.146
30,4,g_a,dpu,108.156,240.743
30,4,g_a,dpu,240.746,890.86
30,4,g_a_cpu,cpu,890.862,891.489
30,4,h_a,dpu,891.499,907.315
30,4,eb_enc,cpu,907.317,907.501
30,4,eb_dec,cpu,907.503,907.636
30,4,h_s,dpu,907.636,1136.88
30,4,gc,cpu,1136.88,1148.67
30,63,normalize,cpu,1149.19,1152.88
30,63,g_a_cpu,cpu,1152.89,1153.24
30,63,g_a,dpu,1153.24,1498.81
30,63,g_a,dpu,1498.81,1718.33
30,63,g_a_cpu,cpu,1718.33,1718.71
30,63,h_a,dpu,1718.71,1796.88
30,63,eb_enc,cpu,1796.89,1797.07
30,63,eb_dec,cpu,1797.07,1797.2
30,63,h_s,dpu,1797.2,1905.84
30,63,gc,cpu,1905.84,1915.74
30,90,normalize,cpu,1916.31,1919.95
30,90,g_a_cpu,cpu,1919.95,1920.29
30,90,g_a,dpu,1920.29,2235.94
30,90,g_a,dpu,2235.94,2492.75
30,90,g_a_cpu,cpu,2492.75,2493.46
30,90,h_a,dpu,2493.46,2598.55
30,90,eb_enc,cpu,2598.55,2598.71
30,90,eb_dec,cpu,2598.71,2598.83
30,90,h_s,dpu,2598.83,2806.05
30,90,gc,cpu,2806.05,2817.42
30,121,normalize,cpu,2817.95,2821.73
30,121,g_a_cpu,cpu,2821.74,2822.33
30,121,g_a,dpu,2822.33,3113.62
30,121,g_a,dpu,3113.63,3277.55
30,121,g_a_cpu,cpu,3277.55,3277.89
30,121,h_a,dpu,3277.89,3354.19
30,121,eb_enc,cpu,3354.19,3354.31
30,121,eb_dec,cpu,3354.31,3354.42
30,121,h_s,dpu,3354.42,3646.53
30,121,gc,cpu,3646.53,3656.52
30,150,normalize,cpu,3657.07,3660.68
30,150,g_a_cpu,cpu,3660.69,3661.11
30,150,g_a,dpu,3661.12,3916.65
30,150,g_a,dpu,3916.65,4151.23
30,150,g_a_cpu,cpu,4151.23,4151.58
30,150,h_a,dpu,4151.59,4252.87
30,150,eb_enc,cpu,4252.87,4253
30,150,eb_dec,cpu,4253,4253.11
30,150,h_s,dpu,4253.11,4412.37
30,150,gc,cpu,4412.37,4423.26
30,182,normalize,cpu,4423.79,4427.48
30,182,g_a_cpu,cpu,4427.48,4427.82
30,182,g_a,dpu,4427.82,4736.38
30,182,g_a,dpu,4736.38,4993.9
30,182,g_a_cpu,cpu,4993.9,4994.33
30,182,h_a,dpu,4994.33,5045.11
30,182,eb_enc,cpu,5045.12,5045.26
30,182,eb_dec,cpu,5045.27,5045.4
30,182,h_s,dpu,5045.4,5199.56
30,182,gc,cpu,5199.56,5210.65
30,210,normalize,cpu,5211.1,5214.75
30,210,g_a_cpu,cpu,5214.76,5215.09
30,210,g_a,dpu,5215.1,5488.72
30,210,g_a,dpu,5488.73,5756.38
30,210,g_a_cpu,cpu,5756.38,5756.77
30,210,h_a,dpu,5756.78,5999.66
30,210,eb_enc,cpu,5999.67,5999.81
30,210,eb_dec,cpu,5999.81,5999.93
30,210,h_s,dpu,5999.93,6259.37
30,210,gc,cpu,6259.38,6269.36
30,248,normalize,cpu,6269.9,6274.38
30,248,g_a_cpu,cpu,6274.38,6274.95
30,248,g_a,dpu,6274.96,6498.98
30,248,g_a,dpu,6498.98,6989.05
30,248,g_a_cpu,cpu,6989.05,6989.5
30,248,h_a,dpu,6989.5,7248.7
30,248,eb_enc,cpu,7248.7,7248.94
30,248,eb_dec,cpu,7248.95,7249.09
30,248,h_s,dpu,7249.09,7430.37
30,248,gc,cpu,7430.38,7440.91
30,293,normalize,cpu,7441.62,7445.88
30,293,g_a_cpu,cpu,7445.88,7447.26
30,293,g_a,dpu,7447.26,7483.7
30,293,g_a,dpu,7483.7,7705.44
30,293,g_a_cpu,cpu,7705.45,7705.79
30,293,h_a,dpu,7705.79,7841.71
30,293,eb_enc,cpu,7841.71,7841.84
30,293,eb_dec,cpu,7841.84,7841.95
30,293,h_s,dpu,7841.95,8053.72
30,293,gc,cpu,8053.72,8063.72
30,319,normalize,cpu,8064.26,8067.91
30,319,g_a_cpu,cpu,8067.91,8068.32
30,319,g_a,dpu,8068.32,8316.84
30,319,g_a,dpu,8316.84,8519.92
30,319,g_a_cpu,cpu,8519.92,8520.48
30,319,h_a,dpu,8520.48,8743.69
30,319,eb_enc,cpu,8743.69,8743.81
30,319,eb_dec,cpu,8743.81,8743.92
30,319,h_s,dpu,8743.92,8973.57
30,319,gc,cpu,8973.57,8983.75
30,353,normalize,cpu,8984.36,8988.07
30,353,g_a_cpu,cpu,8988.08,8989.15
30,353,g_a,dpu,8989.17,9182.89
30,353,g_a,dpu,9182.89,9421.27
30,353,g_a_cpu,cpu,9421.27,9421.73
30,353,h_a,dpu,9421.73,9563.46
30,353,eb_enc,cpu,9563.46,9563.58
30,353,eb_dec,cpu,9563.58,9563.69
30,353,h_s,dpu,9563.69,9778.29
30,353,gc,cpu,9778.29,9788.19
30,389,normalize,cpu,9788.68,9792.33
30,389,g_a_cpu,cpu,9792.33,9792.69
30,389,g_a,dpu,9792.69,9987.78
30,389,g_a,dpu,9987.78,10252.8
30,389,g_a_cpu,cpu,10252.8,10253.2
30,389,h_a,dpu,10253.2,10405.9
30,389,eb_enc,cpu,10405.9,10406
30,389,eb_dec,cpu,10406,10406.1
30,389,h_s,dpu,10406.1,10604.6
30,389,gc,cpu,10604.6,10614.3
30,420,normalize,cpu,10614.8,10618.5
30,420,g_a_cpu,cpu,10618.5,10618.8
30,420,g_a,dpu,10618.8,10846.6
30,420,g_a,dpu,10846.6,11072.9
30,420,g_a_cpu,cpu,11072.9,11073.3
30,420,h_a,dpu,11073.3,11222.4
30,420,eb_enc,cpu,11222.4,11222.5
30,420,eb_dec,cpu,11222.5,11222.6
30,420,h_s,dpu,11222.6,11431.9
30,420,gc,cpu,11431.9,11441.6
30,452,normalize,cpu,11442.1,11445.8
30,452,g_a_cpu,cpu,11445.8,11446.1
30,452,g_a,dpu,11446.1,11681
30,452,g_a,dpu,11681,11902.2
30,452,g_a_cpu,cpu,11902.2,11902.6
30,452,h_a,dpu,11902.6,12051.7
30,452,eb_enc,cpu,12051.7,12051.8
30,452,eb_dec,cpu,12051.8,12052
30,452,h_s,dpu,12052,12289.8
30,452,gc,cpu,12289.8,12306.4
30,485,normalize,cpu,12307.1,12310.8
30,485,g_a_cpu,cpu,12310.8,12311.2
30,485,g_a,dpu,12311.2,12519.1
30,485,g_a,dpu,12519.1,12555.4
30,485,g_a_cpu,cpu,12555.4,12555.8
30,485,h_a,dpu,12555.8,12727.2
30,485,eb_enc,cpu,12727.2,12727.3
30,485,eb_dec,cpu,12727.3,12727.4
30,485,h_s,dpu,12727.4,12942.9
30,485,gc,cpu,12942.9,12953.8
30,509,normalize,cpu,12954.4,12958.8
30,509,g_a_cpu,cpu,12958.8,12959.3
30,509,g_a,dpu,12959.3,13136.5
30,509,g_a,dpu,13136.5,13361.7
30,509,g_a_cpu,cpu,13361.7,13362.2
30,509,h_a,dpu,13362.2,13508
30,509,eb_enc,cpu,13508,13508.1
30,509,eb_dec,cpu,13508.1,13508.2
30,509,h_s,dpu,13508.2,13701.8
30,509,gc,cpu,13701.8,13712
30,539,normalize,cpu,13712.4,13716.1
30,539,g_a_cpu,cpu,13716.1,13716.5
30,539,g_a,dpu,13716.5,13959.7
30,539,g_a,dpu,13959.7,14179.1
30,539,g_a_cpu,cpu,14179.1,14179.7
30,539,h_a,dpu,14179.7,14399
30,539,eb_enc,cpu,14399,14399.1
30,539,eb_dec,cpu,14399.1,14399.2
30,539,h_s,dpu,14399.2,14541.8
30,539,gc,cpu,14541.8,14551.9
30,574,normalize,cpu,14552.3,14556
30,574,g_a_cpu,cpu,14556,14556.4
30,574,g_a,dpu,14556.4,14708.6
30,574,g_a,dpu,14708.6,14926.9
30,574,g_a_cpu,cpu,14926.9,14927.4
30,574,h_a,dpu,14927.4,15120.8
30,574,eb_enc,cpu,15120.8,15121
30,574,eb_dec,cpu,15121,15121.1
30,574,h_s,dpu,15121.1,15266.2
30,574,gc,cpu,15266.2,15276.3
30,601,normalize,cpu,15276.8,15280.5
30,601,g_a_cpu,cpu,15280.5,15281
30,601,g_a,dpu,15281,15468.5
30,601,g_a,dpu,15468.5,15961.8
30,601,g_a_cpu,cpu,15961.8,15962.3
30,601,h_a,dpu,15962.3,16140.7
30,601,eb_enc,cpu,16140.7,16140.9
30,601,eb_dec,cpu,16140.9,16141
30,601,h_s,dpu,16141,16375.7
30,601,gc,cpu,16375.7,16388.2
30,643,normalize,cpu,16388.9,16392.5
30,643,g_a_cpu,cpu,16392.5,16393.1
30,643,g_a,dpu,16393.1,16680.7
30,643,g_a,dpu,16680.7,16832.9
30,643,g_a_cpu,cpu,16832.9,16833.3
30,643,h_a,dpu,16833.3,17048.6
30,643,eb_enc,cpu,17048.6,17048.7
30,643,eb_dec,cpu,17048.7,17048.9
30,643,h_s,dpu,17048.9,17284.9
30,643,gc,cpu,17284.9,17294.8
30,677,normalize,cpu,17295.3,17298.9
30,677,g_a_cpu,cpu,17298.9,17299.3
30,677,g_a,dpu,17299.3,17469.4
30,677,g_a,dpu,17469.4,17725.7
30,677,g_a_cpu,cpu,17725.7,17726.3
30,677,h_a,dpu,17726.3,17865.7
30,677,eb_enc,cpu,17865.7,17865.9
30,677,eb_dec,cpu,17865.9,17866
30,677,h_s,dpu,17866,18035
30,677,gc,cpu,18035,18044.8
30,707,normalize,cpu,18045.4,18049
30,707,g_a_cpu,cpu,18049,18049.4
30,707,g_a,dpu,18049.4,18440.3
30,707,g_a,dpu,18440.3,18666
30,707,g_a_cpu,cpu,18666,18666.5
30,707,h_a,dpu,18666.5,18889.1
30,707,eb_enc,cpu,18889.1,18889.3
30,707,eb_dec,cpu,18889.3,18889.4
30,707,h_s,dpu,18889.4,19063.1
30,707,gc,cpu,19063.1,19073.3
30,746,normalize,cpu,19073.8,19077.4
30,746,g_a_cpu,cpu,19077.4,19077.8
30,746,g_a,dpu,19077.8,19304.3
30,746,g_a,dpu,19304.3,19565.6
30,746,g_a_cpu,cpu,19565.6,19566.1
30,746,h_a,dpu,19566.1,19714.2
30,746,eb_enc,cpu,19714.2,19714.3
30,746,eb_dec,cpu,19714.3,19714.5
30,746,h_s,dpu,19714.5,19930.5
30,746,gc,cpu,19930.5,19940.4
30,781,normalize,cpu,19941.3,19944.9
30,781,g_a_cpu,cpu,19944.9,19945.6
30,781,g_a,dpu,19945.6,20149
30,781,g_a,dpu,20149,20405.6
30,781,g_a_cpu,cpu,20405.6,20406.2
30,781,h_a,dpu,20406.2,20511.2
30,781,eb_enc,cpu,20511.2,20511.3
30,781,eb_dec,cpu,20511.3,20511.5
30,781,h_s,dpu,20511.5,20667
30,781,gc,cpu,20667,20678.9
30,809,normalize,cpu,20679.5,20683.2
30,809,g_a_cpu,cpu,20683.2,20683.6
30,809,g_a,dpu,20683.6,20985.1
30,809,g_a,dpu,20985.1,21283
30,809,g_a_cpu,cpu,21283,21283.7
30,809,h_a,dpu,21283.7,21445.7
30,809,eb_enc,cpu,21445.7,21445.8
30,809,eb_dec,cpu,21445.8,21446
30,809,h_s,dpu,21446,21666.9
30,809,gc,cpu,21666.9,21676.8
30,847,normalize,cpu,21677.4,21681.1
30,847,g_a_cpu,cpu,21681.1,21681.5
30,847,g_a,dpu,21681.5,21824.9
30,847,g_a,dpu,21825,22043.7
30,847,g_a_cpu,cpu,22043.7,22044.1
30,847,h_a,dpu,22044.1,22252.7
30,847,eb_enc,cpu,22252.7,22252.9
30,847,eb_dec,cpu,22252.9,22253
30,847,h_s,dpu,22253,22474.5
30,847,gc,cpu,22474.5,22484.5
30,878,normalize,cpu,22485,22489.8
30,878,g_a_cpu,cpu,22489.8,22490.4
30,878,g_a,dpu,22490.4,22652.9
30,878,g_a,dpu,22652.9,22870.8
30,878,g_a_cpu,cpu,22870.8,22871.3
30,878,h_a,dpu,22871.3,23017.7
30,878,eb_enc,cpu,23017.7,23017.8
30,878,eb_dec,cpu,23017.8,23017.9
30,878,h_s,dpu,23017.9,23198
30,878,gc,cpu,23198,23207.8
30,911,normalize,cpu,23208.3,23212.1
30,911,g_a_cpu,cpu,23212.1,23212.4
30,911,g_a,dpu,23212.4,23413.1
30,911,g_a,dpu,23413.1,23704.5
30,911,g_a_cpu,cpu,23704.5,23705.1
30,911,h_a,dpu,23705.1,23805.1
30,911,eb_enc,cpu,23805.1,23805.2
30,911,eb_dec,cpu,23805.2,23805.3
30,911,h_s,dpu,23805.3,23926.2
30,911,gc,cpu,23926.2,23936.1
31,26,normalize,cpu,114.113,122.267
31,26,g_a_cpu,cpu,122.281,122.715
31,26,g_a,dpu,122.72,512.204
31,26,g_a,dpu,512.208,878.166
31,26,g_a_cpu,cpu,878.167,878.502
31,26,h_a,dpu,878.509,915.637
31,26,eb_enc,cpu,915.638,915.803
31,26,eb_dec,cpu,915.805,915.977
31,26,h_s,dpu,915.978,920.926
31,26,gc,cpu,920.93,994.57
31,41,normalize,cpu,995.192,998.843
31,41,g_a_cpu,cpu,998.846,999.26
31,41,g_a,dpu,999.263,1178.14
31,41,g_a,dpu,1178.14,1505.81
31,41,g_a_cpu,cpu,1505.81,1506.3
31,41,h_a,dpu,1506.3,1719.9
31,41,eb_enc,cpu,1719.9,1720.04
31,41,eb_dec,cpu,1720.04,1720.16
31,41,h_s,dpu,1720.16,1798.15
31,41,gc,cpu,1798.15,1808.51
31,73,normalize,cpu,1809.08,1812.7
31,73,g_a_cpu,cpu,1812.71,1813.19
31,73,g_a,dpu,1813.19,2091.23
31,73,g_a,dpu,2091.23,2424.96
31,73,g_a_cpu,cpu,2424.96,2425.41
31,73,h_a,dpu,2425.41,2510.18
31,73,eb_enc,cpu,2510.18,2510.35
31,73,eb_dec,cpu,2510.35,2510.48
31,73,h_s,dpu,2510.48,2614.95
31,73,gc,cpu,2614.95,2626.57
31,108,normalize,cpu,2627.16,2630.84
31,108,g_a_cpu,cpu,2630.84,2631.27
31,108,g_a,dpu,2631.27,2957.61
31,108,g_a,dpu,2957.61,3336.92
31,108,g_a_cpu,cpu,3336.92,3337.41
31,108,h_a,dpu,3337.42,3505.82
31,108,eb_enc,cpu,3505.82,3505.96
31,108,eb_dec,cpu,3505.96,3506.07
31,108,h_s,dpu,3506.07,3590.78
31,108,gc,cpu,3590.78,3601.14
31,146,normalize,cpu,3601.96,3605.61
31,146,g_a_cpu,cpu,3605.61,3606.05
31,146,g_a,dpu,3606.05,3869.92
31,146,g_a,dpu,3869.92,4127.58
31,146,g_a_cpu,cpu,4127.58,4128.16
31,146,h_a,dpu,4128.16,4275.88
31,146,eb_enc,cpu,4275.89,4276.02
31,146,eb_dec,cpu,4276.02,4276.14
31,146,h_s,dpu,4276.14,4344.13
31,146,gc,cpu,4344.13,4354.54
31,180,normalize,cpu,4355,4358.66
31,180,g_a_cpu,cpu,4358.66,4359.14
31,180,g_a,dpu,4359.14,4671.71
31,180,g_a,dpu,4671.71,4894.5
31,180,g_a_cpu,cpu,4894.5,4894.95
31,180,h_a,dpu,4894.95,5152.37
31,180,eb_enc,cpu,5152.37,5152.54
31,180,eb_dec,cpu,5152.54,5152.66
31,180,h_s,dpu,5152.66,5285.51
31,180,gc,cpu,5285.51,5295.38
31,211,normalize,cpu,5295.87,5299.57
31,211,g_a_cpu,cpu,5299.58,5300
31,211,g_a,dpu,5300,5533.16
31,211,g_a,dpu,5533.16,5723.48
31,211,g_a_cpu,cpu,5723.48,5723.93
31,211,h_a,dpu,5723.95,6005.93
31,211,eb_enc,cpu,6005.93,6006.09
31,211,eb_dec,cpu,6006.09,6006.2
31,211,h_s,dpu,6006.21,6192.94
31,211,gc,cpu,6192.94,6202.95
31,246,normalize,cpu,6203.48,6207.13
31,246,g_a_cpu,cpu,6207.13,6207.56
31,246,g_a,dpu,6207.56,6409.05
31,246,g_a,dpu,6409.05,6445.43
31,246,g_a_cpu,cpu,6445.44,6445.88
31,246,h_a,dpu,6445.88,6648.92
31,246,eb_enc,cpu,6648.92,6649.06
31,246,eb_dec,cpu,6649.06,6649.17
31,246,h_s,dpu,6649.17,6788.96
31,246,gc,cpu,6788.96,6801.74
31,271,normalize,cpu,6802.22,6805.86
31,271,g_a_cpu,cpu,6805.87,6806.21
31,271,g_a,dpu,6806.21,7012.97
31,271,g_a,dpu,7012.97,7352.97
31,271,g_a_cpu,cpu,7352.98,7353.39
31,271,h_a,dpu,7353.39,7484.46
31,271,eb_enc,cpu,7484.46,7484.59
31,271,eb_dec,cpu,7484.59,7484.72
31,271,h_s,dpu,7484.72,7486.53
31,271,gc,cpu,7486.54,7496.53
31,297,normalize,cpu,7497.08,7500.73
31,297,g_a_cpu,cpu,7500.74,7501.21
31,297,g_a,dpu,7501.21,7672.88
31,297,g_a,dpu,7672.88,7897.42
31,297,g_a_cpu,cpu,7897.42,7897.86
31,297,h_a,dpu,7897.86,8091.76
31,297,eb_enc,cpu,8091.76,8091.89
31,297,eb_dec,cpu,8091.89,8092
31,297,h_s,dpu,8092,8228.28
31,297,gc,cpu,8228.28,8239.99
31,326,normalize,cpu,8240.72,8247.44
31,326,g_a_cpu,cpu,8247.44,8247.82
31,326,g_a,dpu,8247.83,8517.44
31,326,g_a,dpu,8517.44,8744.32
31,326,g_a_cpu,cpu,8744.32,8744.82
31,326,h_a,dpu,8744.82,8951.44
31,326,eb_enc,cpu,8951.44,8951.56
31,326,eb_dec,cpu,8951.56,8951.67
31,326,h_s,dpu,8951.67,9097.71
31,326,gc,cpu,9097.72,9107.56
31,359,normalize,cpu,9108.05,9111.73
31,359,g_a_cpu,cpu,9111.73,9112.09
31,359,g_a,dpu,9112.09,9352.98
31,359,g_a,dpu,9352.98,9389.39
31,359,g_a_cpu,cpu,9389.39,9389.77
31,359,h_a,dpu,9389.77,9607.31
31,359,eb_enc,cpu,9607.31,9607.46
31,359,eb_dec,cpu,9607.46,9607.57
31,359,h_s,dpu,9607.57,9761.18
31,359,gc,cpu,9761.18,9771.2
31,386,normalize,cpu,9771.8,9775.46
31,386,g_a_cpu,cpu,9775.46,9775.85
31,386,g_a,dpu,9775.86,10005.6
31,386,g_a,dpu,10005.6,10229
31,386,g_a_cpu,cpu,10229,10229.4
31,386,h_a,dpu,10229.4,10441.1
31,386,eb_enc,cpu,10441.1,10441.2
31,386,eb_dec,cpu,10441.2,10441.3
31,386,h_s,dpu,10441.3,10565.1
31,386,gc,cpu,10565.1,10575.4
31,419,normalize,cpu,10575.9,10579.6
31,419,g_a_cpu,cpu,10579.6,10579.9
31,419,g_a,dpu,10579.9,10832
31,419,g_a,dpu,10832,11053.5
31,419,g_a_cpu,cpu,11053.5,11053.9
31,419,h_a,dpu,11053.9,11188.1
31,419,eb_enc,cpu,11188.1,11188.2
31,419,eb_dec,cpu,11188.2,11188.3
31,419,h_s,dpu,11188.3,11379
31,419,gc,cpu,11379,11389.2
31,450,normalize,cpu,11389.8,11393.4
31,450,g_a_cpu,cpu,11393.4,11393.9
31,450,g_a,dpu,11393.9,11657.4
31,450,g_a,dpu,11657.4,11896.9
31,450,g_a_cpu,cpu,11896.9,11897.3
31,450,h_a,dpu,11897.3,12139.3
31,450,eb_enc,cpu,12139.3,12139.4
31,450,eb_dec,cpu,12139.4,12139.5
31,450,h_s,dpu,12139.5,12244.8
31,450,gc,cpu,12244.8,12255.5
31,481,normalize,cpu,12255.9,12259.6
31,481,g_a_cpu,cpu,12259.6,12260.1
31,481,g_a,dpu,12260.1,12477.9
31,481,g_a,dpu,12477.9,12703.1
31,481,g_a_cpu,cpu,12703.1,12703.5
31,481,h_a,dpu,12703.5,12907
31,481,eb_enc,cpu,12907,12907.1
31,481,eb_dec,cpu,12907.1,12907.3
31,481,h_s,dpu,12907.3,13077.4
31,481,gc,cpu,13077.4,13087.5
31,515,normalize,cpu,13088.1,13091.7
31,515,g_a_cpu,cpu,13091.7,13092
31,515,g_a,dpu,13092,13314.7
31,515,g_a,dpu,13314.7,13351.2
31,515,g_a_cpu,cpu,13351.2,13351.7
31,515,h_a,dpu,13351.7,13583.6
31,515,eb_enc,cpu,13583.6,13583.8
31,515,eb_dec,cpu,13583.8,13583.9
31,515,h_s,dpu,13583.9,13669.5
31,515,gc,cpu,13669.5,13679.7
31,537,normalize,cpu,13680.3,13683.9
31,537,g_a_cpu,cpu,13683.9,13684.2
31,537,g_a,dpu,13684.2,13933.6
31,537,g_a,dpu,13933.6,14192.2
31,537,g_a_cpu,cpu,14192.2,14192.6
31,537,h_a,dpu,14192.6,14366.9
31,537,eb_enc,cpu,14366.9,14367
31,537,eb_dec,cpu,14367,14367.1
31,537,h_s,dpu,14367.1,14535.1
31,537,gc,cpu,14535.1,14549.6
31,573,normalize,cpu,14550.4,14554.1
31,573,g_a_cpu,cpu,14554.1,14554.5
31,573,g_a,dpu,14554.5,14839.6
31,573,g_a,dpu,14839.6,15063.5
31,573,g_a_cpu,cpu,15063.5,15064
31,573,h_a,dpu,15064,15193.9
31,573,eb_enc,cpu,15193.9,15194
31,573,eb_dec,cpu,15194,15194.2
31,573,h_s,dpu,15194.2,15406
31,573,gc,cpu,15406,15415.9
31,611,normalize,cpu,15416.4,15420.1
31,611,g_a_cpu,cpu,15420.1,15420.4
31,611,g_a,dpu,15420.4,15679.8
31,611,g_a,dpu,15679.8,15942.9
31,611,g_a_cpu,cpu,15942.9,15943.2
31,611,h_a,dpu,15943.2,16082.3
31,611,eb_enc,cpu,16082.3,16082.5
31,611,eb_dec,cpu,16082.5,16082.6
31,611,h_s,dpu,16082.6,16191.4
31,611,gc,cpu,16191.4,16211.4
31,641,normalize,cpu,16212.2,16216
31,641,g_a_cpu,cpu,16216,16216.8
31,641,g_a,dpu,16216.8,16522.9
31,641,g_a,dpu,16522.9,16707.2
31,641,g_a_cpu,cpu,16707.2,16707.7
31,641,h_a,dpu,16707.7,16834.5
31,641,eb_enc,cpu,16834.5,16834.7
31,641,eb_dec,cpu,16834.7,16834.8
31,641,h_s,dpu,16834.8,17049.6
31,641,gc,cpu,17049.6,17060.3
31,670,normalize,cpu,17060.8,17064.5
31,670,g_a_cpu,cpu,17064.5,17064.8
31,670,g_a,dpu,17064.8,17360.7
31,670,g_a,dpu,17360.7,17526
31,670,g_a_cpu,cpu,17526,17526.4
31,670,h_a,dpu,17526.4,17802.2
31,670,eb_enc,cpu,17802.2,17802.4
31,670,eb_dec,cpu,17802.4,17802.5
31,670,h_s,dpu,17802.5,17977.9
31,670,gc,cpu,17977.9,17988.1
31,703,normalize,cpu,17988.6,17992.3
31,703,g_a_cpu,cpu,17992.3,17992.7
31,703,g_a,dpu,17992.7,18144.5
31,703,g_a,dpu,18144.5,18333.1
31,703,g_a_cpu,cpu,18333.1,18333.6
31,703,h_a,dpu,18333.6,18518.6
31,703,eb_enc,cpu,18518.6,18518.8
31,703,eb_dec,cpu,18518.8,18518.9
31,703,h_s,dpu,18518.9,18733.6
31,703,gc,cpu,18733.6,18744
31,735,normalize,cpu,18744.5,18748.1
31,735,g_a_cpu,cpu,18748.1,18748.5
31,735,g_a,dpu,18748.5,18981.2
31,735,g_a,dpu,18981.2,19176.9
31,735,g_a_cpu,cpu,19176.9,19177.4
31,735,h_a,dpu,19177.4,19418.9
31,735,eb_enc,cpu,19418.9,19419
31,735,eb_dec,cpu,19419,19419.1
31,735,h_s,dpu,19419.1,19593.3
31,735,gc,cpu,19593.3,19604.7
31,769,normalize,cpu,19605.2,19608.8
31,769,g_a_cpu,cpu,19608.8,19609.3
31,769,g_a,dpu,19609.3,19851.2
31,769,g_a,dpu,19851.2,19887.8
31,769,g_a_cpu,cpu,19887.8,19888.1
31,769,h_a,dpu,19888.1,20038.6
31,769,eb_enc,cpu,20038.6,20038.7
31,769,eb_dec,cpu,20038.7,20038.8
31,769,h_s,dpu,20038.8,20162.1
31,769,gc,cpu,20162.1,20172
31,793,normalize,cpu,20172.6,20176.3
31,793,g_a_cpu,cpu,20176.3,20176.7
31,793,g_a,dpu,20176.7,20213.3
31,793,g_a,dpu,20213.3,20511.8
31,793,g_a_cpu,cpu,20511.8,20512.3
31,793,h_a,dpu,20512.3,20748.6
31,793,eb_enc,cpu,20748.6,20748.8
31,793,eb_dec,cpu,20748.8,20748.9
31,793,h_s,dpu,20748.9,20869.9
31,793,gc,cpu,20870,20879.7
31,822,normalize,cpu,20880.2,20883.9
31,822,g_a_cpu,cpu,20883.9,20884.2
31,822,g_a,dpu,20884.2,21123
31,822,g_a,dpu,21123,21664.4
31,822,g_a_cpu,cpu,21664.4,21664.8
31,822,h_a,dpu,21664.8,21785
31,822,eb_enc,cpu,21785,21785.1
31,822,eb_dec,cpu,21785.1,21785.2
31,822,h_s,dpu,21785.2,21986.6
31,822,gc,cpu,21986.6,21996.4
31,864,normalize,cpu,21996.9,22000.5
31,864,g_a_cpu,cpu,22000.5,22000.8
31,864,g_a,dpu,22000.8,22285.3
31,864,g_a,dpu,22285.3,22513.2
31,864,g_a_cpu,cpu,22513.2,22513.7
31,864,h_a,dpu,22513.7,22653.7
31,864,eb_enc,cpu,22653.7,22653.8
31,864,eb_dec,cpu,22653.8,22653.9
31,864,h_s,dpu,22653.9,22866.4
31,864,gc,cpu,22866.4,22876.3
31,895,normalize,cpu,22876.7,22880.4
31,895,g_a_cpu,cpu,22880.4,22880.7
31,895,g_a,dpu,22880.7,23117.2
31,895,g_a,dpu,23117.2,23427
31,895,g_a_cpu,cpu,23427,23427.5
31,895,h_a,dpu,23427.5,23705.4
31,895,eb_enc,cpu,23705.4,23705.5
31,895,eb_dec,cpu,23705.5,23705.7
31,895,h_s,dpu,23705.7,23806.1
31,895,gc,cpu,23806.1,23816
