lane,patch,stage,kind,t0_ms,t1_ms
-1,0,read,read,0.27724,66.0824
-1,1,read,read,66.3555,186.595
-1,2,read,read,186.62,245.945
-1,3,read,read,1331.77,1520.43
-1,4,read,read,2601.92,2669.54
-1,5,read,read,4040.08,4137.17
-1,6,read,read,5451.72,5517.6
-1,7,read,read,7022.25,7093.02
-1,8,read,read,8554.66,8619.77
-1,9,read,read,10185.2,10240.9
-1,10,read,read,11517.7,11592.2
-1,11,read,read,13004.3,13054.5
-1,12,read,read,14738.1,14773.3
-1,13,read,read,16162.5,16207.3
-1,14,read,read,17538.8,17572.2
-1,15,read,read,19194.3,19235.2
0,29,normalize,cpu,103.066,108.743
0,29,g_a_cpu,cpu,108.84,109.202
0,29,g_a,dpu,109.205,691.918
0,29,g_a,dpu,691.922,1269.8
0,29,g_a_cpu,cpu,1269.8,1270.29
0,29,h_a,dpu,1270.3,1272.24
0,29,eb_enc,cpu,1272.24,1272.38
0,29,eb_dec,cpu,1272.38,1272.54
0,29,h_s,dpu,1272.54,1298.92
0,29,gc,cpu,1298.92,1419.5
0,73,normalize,cpu,1420.07,1442.84
0,73,g_a_cpu,cpu,1442.84,1443.81
0,73,g_a,dpu,1443.81,1986.38
0,73,g_a,dpu,1986.38,2022.79
0,73,g_a_cpu,cpu,2022.79,2023.23
0,73,h_a,dpu,2023.23,2024.73
0,73,eb_enc,cpu,2024.73,2024.87
0,73,eb_dec,cpu,2024.87,2025
0,73,h_s,dpu,2025,2025.92
0,73,gc,cpu,2025.92,2036
0,99,normalize,cpu,2036.51,2040.15
0,99,g_a_cpu,cpu,2040.16,2040.43
0,99,g_a,dpu,2040.43,2398.34
0,99,g_a,dpu,2398.35,2698.04
0,99,g_a_cpu,cpu,2698.05,2698.45
0,99,h_a,dpu,2698.45,3245.86
0,99,eb_enc,cpu,3245.86,3246
0,99,eb_dec,cpu,3246,3246.13
0,99,h_s,dpu,3246.13,3652.23
0,99,gc,cpu,3652.23,3663.26
0,151,normalize,cpu,3663.85,3667.63
0,151,g_a_cpu,cpu,3667.63,3668.03
0,151,g_a,dpu,3668.04,3851.85
0,151,g_a,dpu,3851.86,4403.59
0,151,g_a_cpu,cpu,4403.59,4404.02
0,151,h_a,dpu,4404.02,4744.45
0,151,eb_enc,cpu,4744.45,4744.59
0,151,eb_dec,cpu,4744.59,4744.73
0,151,h_s,dpu,4744.73,4904.65
0,151,gc,cpu,4904.65,4915.16
0,204,normalize,cpu,4917.12,4920.8
0,204,g_a_cpu,cpu,4920.81,4921.18
0,204,g_a,dpu,4921.18,5182.3
0,204,g_a,dpu,5182.3,5530.29
0,204,g_a_cpu,cpu,5530.29,5530.74
0,204,h_a,dpu,5530.74,6007.99
0,204,eb_enc,cpu,6007.99,6008.12
0,204,eb_dec,cpu,6008.12,6008.26
0,204,h_s,dpu,6008.27,6268.02
0,204,gc,cpu,6268.03,6277.88
0,259,normalize,cpu,6278.45,6282.06
0,259,g_a_cpu,cpu,6282.06,6282.45
0,259,g_a,dpu,6282.45,6720.74
0,259,g_a,dpu,6720.74,7520.33
0,259,g_a_cpu,cpu,7520.33,7520.7
0,259,h_a,dpu,7520.7,7521.89
0,259,eb_enc,cpu,7521.89,7522.01
0,259,eb_dec,cpu,7522.01,7522.15
0,259,h_s,dpu,7522.15,7523.39
0,259,gc,cpu,7523.39,7533.24
0,304,normalize,cpu,7533.76,7537.42
0,304,g_a_cpu,cpu,7537.42,7539.01
0,304,g_a,dpu,7539.02,7902.76
0,304,g_a,dpu,7902.76,8343.18
0,304,g_a_cpu,cpu,8343.18,8343.62
0,304,h_a,dpu,8343.63,8537.34
0,304,eb_enc,cpu,8537.34,8537.47
0,304,eb_dec,cpu,8537.47,8537.6
0,304,h_s,dpu,8537.6,8538.5
0,304,gc,cpu,8538.5,8548.59
0,346,normalize,cpu,8549.16,8552.81
0,346,g_a_cpu,cpu,8552.82,8553.29
0,346,g_a,dpu,8553.3,9141.76
0,346,g_a,dpu,9141.76,9439.02
0,346,g_a_cpu,cpu,9439.02,9439.43
0,346,h_a,dpu,9439.43,9703.51
0,346,eb_enc,cpu,9703.51,9703.67
0,346,eb_dec,cpu,9703.67,9703.81
0,346,h_s,dpu,9703.81,9982.83
0,346,gc,cpu,9982.83,9993.88
0,402,normalize,cpu,9994.53,9998.42
0,402,g_a_cpu,cpu,9998.43,9998.9
0,402,g_a,dpu,9998.9,10394.8
0,402,g_a,dpu,10394.8,10762.7
0,402,g_a_cpu,cpu,10762.7,10763.2
0,402,h_a,dpu,10763.2,10964.6
0,402,eb_enc,cpu,10964.6,10964.7
0,402,eb_dec,cpu,10964.7,10964.9
0,402,h_s,dpu,10964.9,11239
0,402,gc,cpu,11239,11249.3
0,450,normalize,cpu,11249.9,11254.8
0,450,g_a_cpu,cpu,11254.8,11255.1
0,450,g_a,dpu,11255.1,11581.7
0,450,g_a,dpu,11581.7,12059.2
0,450,g_a_cpu,cpu,12059.2,12059.5
0,450,h_a,dpu,12059.5,12257.1
0,450,eb_enc,cpu,12257.1,12257.2
0,450,eb_dec,cpu,12257.2,12257.4
0,450,h_s,dpu,12257.4,12367.5
0,450,gc,cpu,12367.5,12377.8
0,497,normalize,cpu,12378.4,12382
0,497,g_a_cpu,cpu,12382,12382.3
0,497,g_a,dpu,12382.3,12774.2
0,497,g_a,dpu,12774.2,13250.3
0,497,g_a_cpu,cpu,13250.3,13250.8
0,497,h_a,dpu,13250.8,13451.2
0,497,eb_enc,cpu,13451.2,13451.3
0,497,eb_dec,cpu,13451.3,13451.5
0,497,h_s,dpu,13451.5,13659.3
0,497,gc,cpu,13659.3,13670.7
0,544,normalize,cpu,13671.3,13675
0,544,g_a_cpu,cpu,13675,13675.4
0,544,g_a,dpu,13675.4,14005.4
0,544,g_a,dpu,14005.4,14482.6
0,544,g_a_cpu,cpu,14482.6,14483.2
0,544,h_a,dpu,14483.2,14725.4
0,544,eb_enc,cpu,14725.4,14725.6
0,544,eb_dec,cpu,14725.6,14725.7
0,544,h_s,dpu,14725.7,14938.1
0,544,gc,cpu,14938.1,14948.5
0,594,normalize,cpu,14948.9,14952.6
0,594,g_a_cpu,cpu,14952.6,14953
0,594,g_a,dpu,14953,15316
0,594,g_a,dpu,15316,15718
0,594,g_a_cpu,cpu,15718,15718.4
0,594,h_a,dpu,15718.4,15951.6
0,594,eb_enc,cpu,15951.6,15951.8
0,594,eb_dec,cpu,15951.8,15951.9
0,594,h_s,dpu,15951.9,16154
0,594,gc,cpu,16154,16164.4
0,638,normalize,cpu,16165.3,16169
0,638,g_a_cpu,cpu,16169,16169.8
0,638,g_a,dpu,16169.8,16474.5
0,638,g_a,dpu,16474.5,17183.3
0,638,g_a_cpu,cpu,17183.3,17183.6
0,638,h_a,dpu,17183.6,17184.8
0,638,eb_enc,cpu,17184.8,17185
0,638,eb_dec,cpu,17185,17185.1
0,638,h_s,dpu,17185.1,17379.2
0,638,gc,cpu,17379.2,17389.5
0,686,normalize,cpu,17390.4,17394
0,686,g_a_cpu,cpu,17394,17394.4
0,686,g_a,dpu,17394.4,17695.2
0,686,g_a,dpu,17695.2,18109.3
0,686,g_a_cpu,cpu,18109.3,18109.7
0,686,h_a,dpu,18109.7,18426.6
0,686,eb_enc,cpu,18426.6,18426.7
0,686,eb_dec,cpu,18426.8,18426.9
0,686,h_s,dpu,18426.9,18665.6
0,686,gc,cpu,18665.6,18675.6
0,734,normalize,cpu,18676.3,18680.2
0,734,g_a_cpu,cpu,18680.2,18680.5
0,734,g_a,dpu,18680.5,18963.8
0,734,g_a,dpu,18963.8,19380.1
0,734,g_a_cpu,cpu,19380.1,19380.6
0,734,h_a,dpu,19380.6,19659.9
0,734,eb_enc,cpu,19659.9,19660
0,734,eb_dec,cpu,19660,19660.2
0,734,h_s,dpu,19660.2,19851.9
0,734,gc,cpu,19851.9,19861.9
0,784,normalize,cpu,19862.6,19866.2
0,784,g_a_cpu,cpu,19866.2,19866.7
0,784,g_a,dpu,19866.7,20194.5
0,784,g_a,dpu,20194.5,20565
0,784,g_a_cpu,cpu,20565,20565.4
0,784,h_a,dpu,20565.4,20807
0,784,eb_enc,cpu,20807,20807.1
0,784,eb_dec,cpu,20807.1,20807.2
0,784,h_s,dpu,20807.2,21016
0,784,gc,cpu,21016,21026.3
0,831,normalize,cpu,21026.9,21030.8
0,831,g_a_cpu,cpu,21030.8,21031.2
0,831,g_a,dpu,21031.2,21840.5
0,831,g_a,dpu,21840.5,21876.9
0,831,g_a_cpu,cpu,21876.9,21877.2
0,831,h_a,dpu,21877.2,22665.8
0,831,eb_enc,cpu,22665.8,22665.9
0,831,eb_dec,cpu,22665.9,22666
0,831,h_s,dpu,22666,22667
0,831,gc,cpu,22667,22676.8
0,891,normalize,cpu,22677.2,22680.9
0,891,g_a_cpu,cpu,22680.9,22681.2
0,891,g_a,dpu,22681.2,23004.6
0,891,g_a,dpu,23004.6,23242.4
0,891,g_a_cpu,cpu,23242.4,23243.1
0,891,h_a,dpu,23243.1,23885.9
0,891,eb_enc,cpu,23885.9,23886
0,891,eb_dec,cpu,23886,23886.2
0,891,h_s,dpu,23886.2,24047.4
0,891,gc,cpu,24047.4,24057.6
1,0,normalize,cpu,66.7959,70.5663
1,0,g_a_cpu,cpu,110.65,111.165
1,0,g_a,dpu,111.172,238.534
1,0,g_a,dpu,238.54,275.023
1,0,g_a_cpu,cpu,275.023,275.414
1,0,h_a,dpu,275.422,1188.97
1,0,eb_enc,cpu,1188.97,1189.1
1,0,eb_dec,cpu,1189.1,1189.22
1,0,h_s,dpu,1189.22,1190.25
1,0,gc,cpu,1190.25,1201.87
1,50,normalize,cpu,1202.42,1206.04
1,50,g_a_cpu,cpu,1206.04,1206.51
1,50,g_a,dpu,1206.52,1446
1,50,g_a,dpu,1446.01,2019.26
1,50,g_a_cpu,cpu,2019.26,2019.6
1,50,h_a,dpu,2019.6,2021.1
1,50,eb_enc,cpu,2021.1,2021.23
1,50,eb_dec,cpu,2021.23,2021.35
1,50,h_s,dpu,2021.35,2630.17
1,50,gc,cpu,2630.17,2641.64
1,118,normalize,cpu,2642.54,2646.23
1,118,g_a_cpu,cpu,2646.24,2647.55
1,118,g_a,dpu,2647.56,2894.91
1,118,g_a,dpu,2894.91,3234.37
1,118,g_a_cpu,cpu,3234.37,3234.8
1,118,h_a,dpu,3234.8,3535.43
1,118,eb_enc,cpu,3535.43,3535.55
1,118,eb_dec,cpu,3535.55,3535.67
1,118,h_s,dpu,3535.67,3536.87
1,118,gc,cpu,3536.87,3547.14
1,149,normalize,cpu,3547.74,3551.47
1,149,g_a_cpu,cpu,3551.47,3551.78
1,149,g_a,dpu,3551.78,3952.51
1,149,g_a,dpu,3952.51,4255.13
1,149,g_a_cpu,cpu,4255.13,4255.67
1,149,h_a,dpu,4255.67,4452.39
1,149,eb_enc,cpu,4452.39,4452.51
1,149,eb_dec,cpu,4452.51,4452.63
1,149,h_s,dpu,4452.63,4752.62
1,149,gc,cpu,4752.62,4762.63
1,199,normalize,cpu,4763.23,4767.58
1,199,g_a_cpu,cpu,4767.59,4767.9
1,199,g_a,dpu,4767.9,5635.05
1,199,g_a,dpu,5635.05,5671.39
1,199,g_a_cpu,cpu,5671.39,5671.76
1,199,h_a,dpu,5671.76,5673.28
1,199,eb_enc,cpu,5673.28,5673.41
1,199,eb_dec,cpu,5673.41,5673.53
1,199,h_s,dpu,5673.53,5952.65
1,199,gc,cpu,5952.66,5965.85
1,243,normalize,cpu,5966.44,5970.06
1,243,g_a_cpu,cpu,5970.06,5970.57
1,243,g_a,dpu,5970.57,6679.63
1,243,g_a,dpu,6679.63,6716.02
1,243,g_a_cpu,cpu,6716.02,6716.44
1,243,h_a,dpu,6716.45,7207.35
1,243,eb_enc,cpu,7207.35,7207.48
1,243,eb_dec,cpu,7207.48,7207.6
1,243,h_s,dpu,7207.6,7551.58
1,243,gc,cpu,7551.58,7561.73
1,308,normalize,cpu,7562.97,7566.64
1,308,g_a_cpu,cpu,7566.65,7566.97
1,308,g_a,dpu,7566.97,7859.79
1,308,g_a,dpu,7859.79,8228.57
1,308,g_a_cpu,cpu,8228.57,8229.04
1,308,h_a,dpu,8229.05,8696.29
1,308,eb_enc,cpu,8696.29,8696.41
1,308,eb_dec,cpu,8696.41,8696.53
1,308,h_s,dpu,8696.53,8697.58
1,308,gc,cpu,8697.59,8707.73
1,352,normalize,cpu,8708.24,8711.89
1,352,g_a_cpu,cpu,8711.89,8712.21
1,352,g_a,dpu,8712.21,9305.63
1,352,g_a,dpu,9305.63,9610.4
1,352,g_a_cpu,cpu,9610.4,9610.74
1,352,h_a,dpu,9610.74,9912.9
1,352,eb_enc,cpu,9912.9,9913.05
1,352,eb_dec,cpu,9913.05,9913.17
1,352,h_s,dpu,9913.17,10222.6
1,352,gc,cpu,10222.6,10244.4
1,410,normalize,cpu,10244.9,10248.5
1,410,g_a_cpu,cpu,10248.5,10248.8
1,410,g_a,dpu,10248.8,10571.1
1,410,g_a,dpu,10571.1,10607.5
1,410,g_a_cpu,cpu,10607.5,10607.9
1,410,h_a,dpu,10607.9,11207.2
1,410,eb_enc,cpu,11207.2,11207.3
1,410,eb_dec,cpu,11207.3,11207.4
1,410,h_s,dpu,11207.4,11208.4
1,410,gc,cpu,11208.4,11218.7
1,447,normalize,cpu,11219.4,11223
1,447,g_a_cpu,cpu,11223,11223.6
1,447,g_a,dpu,11223.6,11410.5
1,447,g_a,dpu,11410.5,11862.7
1,447,g_a_cpu,cpu,11862.7,11863.1
1,447,h_a,dpu,11863.1,12232.4
1,447,eb_enc,cpu,12232.4,12232.5
1,447,eb_dec,cpu,12232.5,12232.7
1,447,h_s,dpu,12232.7,12392.5
1,447,gc,cpu,12392.5,12402.5
1,498,normalize,cpu,12403.1,12409.1
1,498,g_a_cpu,cpu,12409.1,12409.4
1,498,g_a,dpu,12409.4,12683
1,498,g_a,dpu,12683,13159.2
1,498,g_a_cpu,cpu,13159.2,13159.6
1,498,h_a,dpu,13159.6,13506.8
1,498,eb_enc,cpu,13506.8,13507
1,498,eb_dec,cpu,13507,13507.1
1,498,h_s,dpu,13507.1,13669.6
1,498,gc,cpu,13669.6,13679.7
1,546,normalize,cpu,13680.2,13683.8
1,546,g_a_cpu,cpu,13683.8,13684.3
1,546,g_a,dpu,13684.3,13947.3
1,546,g_a,dpu,13947.3,14386.9
1,546,g_a_cpu,cpu,14386.9,14387.4
1,546,h_a,dpu,14387.4,14728.7
1,546,eb_enc,cpu,14728.7,14728.8
1,546,eb_dec,cpu,14728.8,14729
1,546,h_s,dpu,14729,14730.5
1,546,gc,cpu,14730.5,14748.8
1,582,normalize,cpu,14749.6,14758.1
1,582,g_a_cpu,cpu,14758.1,14758.6
1,582,g_a,dpu,14758.6,15149.7
1,582,g_a,dpu,15149.7,15186.1
1,582,g_a_cpu,cpu,15186.1,15186.6
1,582,h_a,dpu,15186.6,15969.9
1,582,eb_enc,cpu,15969.9,15970
1,582,eb_dec,cpu,15970,15970.1
1,582,h_s,dpu,15970.1,15971.3
1,582,gc,cpu,15971.3,15987.5
1,630,normalize,cpu,15988.1,15991.7
1,630,g_a_cpu,cpu,15991.7,15992.2
1,630,g_a,dpu,15992.2,16179
1,630,g_a,dpu,16179,16215.9
1,630,g_a_cpu,cpu,16215.9,16216.2
1,630,h_a,dpu,16216.2,17089.3
1,630,eb_enc,cpu,17089.3,17089.4
1,630,eb_dec,cpu,17089.4,17089.5
1,630,h_s,dpu,17089.5,17090.5
1,630,gc,cpu,17090.5,17100.7
1,676,normalize,cpu,17101.3,17105.1
1,676,g_a_cpu,cpu,17105.1,17105.4
1,676,g_a,dpu,17105.4,17374.5
1,676,g_a,dpu,17374.5,17794.5
1,676,g_a_cpu,cpu,17794.5,17794.8
1,676,h_a,dpu,17794.8,18129
1,676,eb_enc,cpu,18129,18129.1
1,676,eb_dec,cpu,18129.1,18129.2
1,676,h_s,dpu,18129.2,18330.5
1,676,gc,cpu,18330.5,18340.6
1,723,normalize,cpu,18341.2,18345.8
1,723,g_a_cpu,cpu,18345.9,18346.2
1,723,g_a,dpu,18346.2,18614.5
1,723,g_a,dpu,18614.5,19024
1,723,g_a_cpu,cpu,19024,19024.4
1,723,h_a,dpu,19024.4,19340.2
1,723,eb_enc,cpu,19340.2,19340.3
1,723,eb_dec,cpu,19340.3,19340.4
1,723,h_s,dpu,19340.4,19571.1
1,723,gc,cpu,19571.1,19581.4
1,772,normalize,cpu,19582,19585.6
1,772,g_a_cpu,cpu,19585.6,19586
1,772,g_a,dpu,19586,19846.6
1,772,g_a,dpu,19846.6,20250.1
1,772,g_a_cpu,cpu,20250.1,20250.6
1,772,h_a,dpu,20250.6,20556.7
1,772,eb_enc,cpu,20556.7,20556.9
1,772,eb_dec,cpu,20556.9,20557
1,772,h_s,dpu,20557,20794.2
1,772,gc,cpu,20794.2,20804
1,819,normalize,cpu,20804.8,20809.1
1,819,g_a_cpu,cpu,20809.1,20809.6
1,819,g_a,dpu,20809.6,21102.3
1,819,g_a,dpu,21102.3,21475.8
1,819,g_a_cpu,cpu,21475.8,21476.3
1,819,h_a,dpu,21476.3,21744.8
1,819,eb_enc,cpu,21744.8,21745
1,819,eb_dec,cpu,21745,21745.1
1,819,h_s,dpu,21745.1,22016.1
1,819,gc,cpu,22016.1,22026.4
1,865,normalize,cpu,22027.3,22030.9
1,865,g_a_cpu,cpu,22030.9,22031.4
1,865,g_a,dpu,22031.4,22324.3
1,865,g_a,dpu,22324.3,22655.9
1,865,g_a_cpu,cpu,22655.9,22656.3
1,865,h_a,dpu,22656.3,22956.1
1,865,eb_enc,cpu,22956.1,22956.2
1,865,eb_dec,cpu,22956.2,22956.3
1,865,h_s,dpu,22956.3,23221.2
1,865,gc,cpu,23221.2,23231.4
1,911,normalize,cpu,23231.9,23235.7
1,911,g_a_cpu,cpu,23235.7,23236.1
1,911,g_a,dpu,23236.1,23504.5
1,911,g_a,dpu,23504.5,23910.5
1,911,g_a_cpu,cpu,23910.5,23910.9
1,911,h_a,dpu,23910.9,24100.8
1,911,eb_enc,cpu,24100.8,24100.9
1,911,eb_dec,cpu,24100.9,24101
1,911,h_s,dpu,24101,24135.4
1,911,gc,cpu,24135.4,24145.4
2,1,normalize,cpu,66.796,109.471
2,1,g_a_cpu,cpu,109.507,109.91
2,1,g_a,dpu,109.915,244.182
2,1,g_a,dpu,244.19,794.454
2,1,g_a_cpu,cpu,794.456,794.887
2,1,h_a,dpu,794.895,1278.54
2,1,eb_enc,cpu,1278.54,1278.73
2,1,eb_dec,cpu,1278.73,1278.86
2,1,h_s,dpu,1278.86,1338.56
2,1,gc,cpu,1338.57,1408.21
2,71,normalize,cpu,1408.91,1412.72
2,71,g_a_cpu,cpu,1412.72,1413.2
2,71,g_a,dpu,1413.2,1631.88
2,71,g_a,dpu,1631.88,2089.71
2,71,g_a_cpu,cpu,2089.71,2090.1
2,71,h_a,dpu,2090.1,2501.47
2,71,eb_enc,cpu,2501.48,2501.63
2,71,eb_dec,cpu,2501.64,2501.77
2,71,h_s,dpu,2501.77,2649.13
2,71,gc,cpu,2649.13,2661.31
2,121,normalize,cpu,2663.22,2666.92
2,121,g_a_cpu,cpu,2666.93,2667.42
2,121,g_a,dpu,2667.43,2925.97
2,121,g_a,dpu,2925.97,3346.76
2,121,g_a_cpu,cpu,3346.76,3347.17
2,121,h_a,dpu,3347.18,3746.9
2,121,eb_enc,cpu,3746.9,3747.04
2,121,eb_dec,cpu,3747.04,3747.16
2,121,h_s,dpu,3747.16,3955.62
2,121,gc,cpu,3955.62,3966.26
2,171,normalize,cpu,3966.83,3970.49
2,171,g_a_cpu,cpu,3970.49,3970.81
2,171,g_a,dpu,3970.81,4221.48
2,171,g_a,dpu,4221.49,4608.32
2,171,g_a_cpu,cpu,4608.32,4608.73
2,171,h_a,dpu,4608.73,4959.31
2,171,eb_enc,cpu,4959.31,4959.43
2,171,eb_dec,cpu,4959.43,4959.54
2,171,h_s,dpu,4959.54,5236.29
2,171,gc,cpu,5236.29,5246.94
2,217,normalize,cpu,5247.52,5252.14
2,217,g_a_cpu,cpu,5252.14,5252.49
2,217,g_a,dpu,5252.49,5841.26
2,217,g_a,dpu,5841.26,5877.99
2,217,g_a_cpu,cpu,5877.99,5878.42
2,217,h_a,dpu,5878.42,6308.49
2,217,eb_enc,cpu,6308.5,6308.63
2,217,eb_dec,cpu,6308.63,6308.75
2,217,h_s,dpu,6308.75,6514.87
2,217,gc,cpu,6514.87,6524.78
2,264,normalize,cpu,6525.37,6529.74
2,264,g_a_cpu,cpu,6529.75,6530.39
2,264,g_a,dpu,6530.39,6774.44
2,264,g_a,dpu,6774.44,7188.27
2,264,g_a_cpu,cpu,7188.28,7188.7
2,264,h_a,dpu,7188.7,7567.71
2,264,eb_enc,cpu,7567.71,7567.84
2,264,eb_dec,cpu,7567.85,7567.96
2,264,h_s,dpu,7567.96,7782.01
2,264,gc,cpu,7782.01,7792.76
2,316,normalize,cpu,7793.29,7796.98
2,316,g_a_cpu,cpu,7796.99,7797.31
2,316,g_a,dpu,7797.31,8012.55
2,316,g_a,dpu,8012.55,8463.28
2,316,g_a_cpu,cpu,8463.28,8463.76
2,316,h_a,dpu,8463.79,8822.87
2,316,eb_enc,cpu,8822.87,8823
2,316,eb_dec,cpu,8823,8823.12
2,316,h_s,dpu,8823.12,9063.6
2,316,gc,cpu,9063.6,9074.03
2,365,normalize,cpu,9074.75,9079.48
2,365,g_a_cpu,cpu,9079.48,9079.81
2,365,g_a,dpu,9079.82,9353.12
2,365,g_a,dpu,9353.12,9768.77
2,365,g_a_cpu,cpu,9768.77,9769.2
2,365,h_a,dpu,9769.2,10078.5
2,365,eb_enc,cpu,10078.5,10078.7
2,365,eb_dec,cpu,10078.7,10078.8
2,365,h_s,dpu,10078.8,10288.6
2,365,gc,cpu,10288.6,10298.7
2,414,normalize,cpu,10299.5,10305.7
2,414,g_a_cpu,cpu,10305.7,10306
2,414,g_a,dpu,10306,10609.6
2,414,g_a,dpu,10609.6,11023.6
2,414,g_a_cpu,cpu,11023.6,11024.1
2,414,h_a,dpu,11024.1,11342.8
2,414,eb_enc,cpu,11342.8,11343
2,414,eb_dec,cpu,11343,11343.1
2,414,h_s,dpu,11343.1,11755.7
2,414,gc,cpu,11755.7,11767.4
2,474,normalize,cpu,11768,11771.7
2,474,g_a_cpu,cpu,11771.7,11771.9
2,474,g_a,dpu,11771.9,12136.6
2,474,g_a,dpu,12136.6,12560.8
2,474,g_a_cpu,cpu,12560.8,12561.2
2,474,h_a,dpu,12561.2,12565.7
2,474,eb_enc,cpu,12565.7,12565.9
2,474,eb_dec,cpu,12565.9,12566
2,474,h_s,dpu,12566,12781.2
2,474,gc,cpu,12781.2,12792.5
2,513,normalize,cpu,12793.4,12797.1
2,513,g_a_cpu,cpu,12797.1,12797.5
2,513,g_a,dpu,12797.5,13343.8
2,513,g_a,dpu,13343.8,13689.1
2,513,g_a_cpu,cpu,13689.1,13689.5
2,513,h_a,dpu,13689.5,14044.1
2,513,eb_enc,cpu,14044.1,14044.3
2,513,eb_dec,cpu,14044.3,14044.4
2,513,h_s,dpu,14044.4,14291.5
2,513,gc,cpu,14291.5,14301.6
2,568,normalize,cpu,14302.3,14306.1
2,568,g_a_cpu,cpu,14306.1,14306.5
2,568,g_a,dpu,14306.5,14604.5
2,568,g_a,dpu,14604.5,14964.6
2,568,g_a_cpu,cpu,14964.6,14964.9
2,568,h_a,dpu,14964.9,15291.8
2,568,eb_enc,cpu,15291.8,15291.9
2,568,eb_dec,cpu,15291.9,15292
2,568,h_s,dpu,15292,15575.1
2,568,gc,cpu,15575.1,15585.2
2,616,normalize,cpu,15585.8,15589.5
2,616,g_a_cpu,cpu,15589.5,15589.9
2,616,g_a,dpu,15589.9,15894.2
2,616,g_a,dpu,15894.2,16235.1
2,616,g_a_cpu,cpu,16235.1,16235.5
2,616,h_a,dpu,16235.5,16631.3
2,616,eb_enc,cpu,16631.3,16631.5
2,616,eb_dec,cpu,16631.5,16631.6
2,616,h_s,dpu,16631.6,16908.6
2,616,gc,cpu,16908.6,16918.7
2,666,normalize,cpu,16919.4,16932.2
2,666,g_a_cpu,cpu,16932.2,16932.6
2,666,g_a,dpu,16932.6,17196.8
2,666,g_a,dpu,17196.8,17234
2,666,g_a_cpu,cpu,17234,17234.4
2,666,h_a,dpu,17234.4,17899.2
2,666,eb_enc,cpu,17899.2,17899.3
2,666,eb_dec,cpu,17899.3,17899.4
2,666,h_s,dpu,17899.4,17900.6
2,666,gc,cpu,17900.6,17910.6
2,705,normalize,cpu,17911.2,17930.4
2,705,g_a_cpu,cpu,17930.4,17930.8
2,705,g_a,dpu,17930.8,18652.9
2,705,g_a,dpu,18652.9,18690.1
2,705,g_a_cpu,cpu,18690.1,18690.6
2,705,h_a,dpu,18690.6,19186.3
2,705,eb_enc,cpu,19186.3,19186.5
2,705,eb_dec,cpu,19186.5,19186.6
2,705,h_s,dpu,19186.6,19480.9
2,705,gc,cpu,19480.9,19491.5
2,768,normalize,cpu,19495,19504.7
2,768,g_a_cpu,cpu,19504.7,19505
2,768,g_a,dpu,19505,19869.1
2,768,g_a,dpu,19869.1,19905.8
2,768,g_a_cpu,cpu,19905.8,19906.2
2,768,h_a,dpu,19906.2,20284.6
2,768,eb_enc,cpu,20284.6,20284.7
2,768,eb_dec,cpu,20284.7,20284.8
2,768,h_s,dpu,20284.8,20487.8
2,768,gc,cpu,20487.8,20497.8
2,804,normalize,cpu,20498.8,20502.5
2,804,g_a_cpu,cpu,20502.5,20502.9
2,804,g_a,dpu,20502.9,20743.7
2,804,g_a,dpu,20743.7,21131.4
2,804,g_a_cpu,cpu,21131.4,21131.9
2,804,h_a,dpu,21131.9,21551.7
2,804,eb_enc,cpu,21551.7,21551.9
2,804,eb_dec,cpu,21551.9,21552
2,804,h_s,dpu,21552,21974.3
2,804,gc,cpu,21974.3,21985.3
2,860,normalize,cpu,21986.2,21990
2,860,g_a_cpu,cpu,21990,21990.9
2,860,g_a,dpu,21990.9,22351.1
2,860,g_a,dpu,22351.1,22731.1
2,860,g_a_cpu,cpu,22731.1,22731.5
2,860,h_a,dpu,22731.5,23043.6
2,860,eb_enc,cpu,23043.6,23043.8
2,860,eb_dec,cpu,23043.8,23043.9
2,860,h_s,dpu,23043.9,23263.7
2,860,gc,cpu,23263.7,23273.8
2,917,normalize,cpu,23274.4,23278
2,917,g_a_cpu,cpu,23278,23278.4
2,917,g_a,dpu,23278.4,23576.2
2,917,g_a,dpu,23576.2,23916.3
2,917,g_a_cpu,cpu,23916.3,23916.8
2,917,h_a,dpu,23916.8,24054.7
2,917,eb_enc,cpu,24054.7,24054.8
2,917,eb_dec,cpu,24054.8,24055
2,917,h_s,dpu,24055,24073.9
2,917,gc,cpu,24073.9,24084
3,5,normalize,cpu,71.3281,82.6147
3,5,g_a_cpu,cpu,136.461,136.963
3,5,g_a,dpu,136.968,620.23
3,5,g_a,dpu,620.234,1198.02
3,5,g_a_cpu,cpu,1198.02,1198.72
3,5,h_a,dpu,1198.73,1294.41
3,5,eb_enc,cpu,1294.41,1294.6
3,5,eb_dec,cpu,1294.6,1294.73
3,5,h_s,dpu,1294.73,1314.56
3,5,gc,cpu,1314.57,1415.84
3,72,normalize,cpu,1416.43,1420.09
3,72,g_a_cpu,cpu,1420.1,1420.5
3,72,g_a,dpu,1420.5,1842.14
3,72,g_a,dpu,1842.14,2511.21
3,72,g_a_cpu,cpu,2511.21,2511.92
3,72,h_a,dpu,2511.92,2515.23
3,72,eb_enc,cpu,2515.23,2515.43
3,72,eb_dec,cpu,2515.43,2515.55
3,72,h_s,dpu,2515.55,2582.18
3,72,gc,cpu,2582.18,2599.67
3,117,normalize,cpu,2603.38,2607.07
3,117,g_a_cpu,cpu,2607.07,2607.7
3,117,g_a,dpu,2607.7,3063.69
3,117,g_a,dpu,3063.7,3572.52
3,117,g_a_cpu,cpu,3572.52,3573.04
3,117,h_a,dpu,3573.05,3675.31
3,117,eb_enc,cpu,3675.31,3675.45
3,117,eb_dec,cpu,3675.45,3675.56
3,117,h_s,dpu,3675.56,3740.41
3,117,gc,cpu,3740.41,3750.54
3,163,normalize,cpu,3751.02,3754.67
3,163,g_a_cpu,cpu,3754.68,3754.99
3,163,g_a,dpu,3755,4185.72
3,163,g_a,dpu,4185.72,4632.78
3,163,g_a_cpu,cpu,4632.78,4633.37
3,163,h_a,dpu,4633.38,4894.77
3,163,eb_enc,cpu,4894.77,4894.92
3,163,eb_dec,cpu,4894.92,4895.03
3,163,h_s,dpu,4895.03,5094.28
3,163,gc,cpu,5094.28,5104.34
3,211,normalize,cpu,5104.79,5110.59
3,211,g_a_cpu,cpu,5110.59,5110.98
3,211,g_a,dpu,5110.99,5414.85
3,211,g_a,dpu,5414.85,6163.19
3,211,g_a_cpu,cpu,6163.19,6163.54
3,211,h_a,dpu,6163.54,6164.76
3,211,eb_enc,cpu,6164.76,6164.9
3,211,eb_dec,cpu,6164.9,6165.02
3,211,h_s,dpu,6165.02,6607.72
3,211,gc,cpu,6607.72,6617.59
3,269,normalize,cpu,6618.09,6621.76
3,269,g_a_cpu,cpu,6621.76,6622.05
3,269,g_a,dpu,6622.05,7120.11
3,269,g_a,dpu,7120.11,7156.42
3,269,g_a_cpu,cpu,7156.42,7156.99
3,269,h_a,dpu,7156.99,7158.25
3,269,eb_enc,cpu,7158.25,7158.42
3,269,eb_dec,cpu,7158.42,7158.54
3,269,h_s,dpu,7158.54,7855.9
3,269,gc,cpu,7855.9,7866.06
3,320,normalize,cpu,7866.52,7870.14
3,320,g_a_cpu,cpu,7870.15,7870.93
3,320,g_a,dpu,7870.94,8534.27
3,320,g_a,dpu,8534.27,8773.81
3,320,g_a_cpu,cpu,8773.81,8774.16
3,320,h_a,dpu,8774.17,9105.82
3,320,eb_enc,cpu,9105.82,9105.98
3,320,eb_dec,cpu,9105.98,9106.09
3,320,h_s,dpu,9106.09,9367.34
3,320,gc,cpu,9367.35,9377.31
3,379,normalize,cpu,9377.77,9382.14
3,379,g_a_cpu,cpu,9382.14,9382.48
3,379,g_a,dpu,9382.49,9666.68
3,379,g_a,dpu,9666.68,9945.27
3,379,g_a_cpu,cpu,9945.28,9945.82
3,379,h_a,dpu,9945.82,10316.6
3,379,eb_enc,cpu,10316.6,10316.7
3,379,eb_dec,cpu,10316.7,10316.9
3,379,h_s,dpu,10316.9,10652.7
3,379,gc,cpu,10652.7,10662.7
3,426,normalize,cpu,10663.1,10666.8
3,426,g_a_cpu,cpu,10666.8,10667.3
3,426,g_a,dpu,10667.3,10890.5
3,426,g_a,dpu,10890.5,11199.7
3,426,g_a_cpu,cpu,11199.7,11200
3,426,h_a,dpu,11200,11502.6
3,426,eb_enc,cpu,11502.6,11502.8
3,426,eb_dec,cpu,11502.8,11502.9
3,426,h_s,dpu,11502.9,11503.8
3,426,gc,cpu,11503.8,11513.7
3,461,normalize,cpu,11514.3,11518
3,461,g_a_cpu,cpu,11518,11518.5
3,461,g_a,dpu,11518.5,11878.4
3,461,g_a,dpu,11878.4,12145.1
3,461,g_a_cpu,cpu,12145.1,12145.4
3,461,h_a,dpu,12145.4,12359.3
3,461,eb_enc,cpu,12359.3,12359.4
3,461,eb_dec,cpu,12359.4,12359.6
3,461,h_s,dpu,12359.6,12660
3,461,gc,cpu,12660,12669.9
3,510,normalize,cpu,12670.5,12674.1
3,510,g_a_cpu,cpu,12674.1,12674.5
3,510,g_a,dpu,12674.6,13069.6
3,510,g_a,dpu,13069.6,13376.6
3,510,g_a_cpu,cpu,13376.6,13377
3,510,h_a,dpu,13377.1,13652
3,510,eb_enc,cpu,13652,13652.2
3,510,eb_dec,cpu,13652.2,13652.4
3,510,h_s,dpu,13652.4,14262.5
3,510,gc,cpu,14262.5,14272.4
3,567,normalize,cpu,14273,14276.7
3,567,g_a_cpu,cpu,14276.7,14277
3,567,g_a,dpu,14277,14578.6
3,567,g_a,dpu,14578.6,14924.5
3,567,g_a_cpu,cpu,14924.5,14925.2
3,567,h_a,dpu,14925.2,15231
3,567,eb_enc,cpu,15231,15231.1
3,567,eb_dec,cpu,15231.1,15231.3
3,567,h_s,dpu,15231.3,15500.4
3,567,gc,cpu,15500.4,15510.1
3,615,normalize,cpu,15510.6,15514.3
3,615,g_a_cpu,cpu,15514.3,15514.6
3,615,g_a,dpu,15514.6,15804.8
3,615,g_a,dpu,15804.8,16421.1
3,615,g_a_cpu,cpu,16421.1,16421.4
3,615,h_a,dpu,16421.4,16422.6
3,615,eb_enc,cpu,16422.6,16422.7
3,615,eb_dec,cpu,16422.7,16422.8
3,615,h_s,dpu,16422.8,16423.7
3,615,gc,cpu,16423.7,16433.7
3,651,normalize,cpu,16434.4,16438.1
3,651,g_a_cpu,cpu,16438.1,16447.1
3,651,g_a,dpu,16447.1,16734.8
3,651,g_a,dpu,16734.8,17147.4
3,651,g_a_cpu,cpu,17147.4,17147.9
3,651,h_a,dpu,17147.9,17377.1
3,651,eb_enc,cpu,17377.1,17377.2
3,651,eb_dec,cpu,17377.2,17377.3
3,651,h_s,dpu,17377.3,17647.2
3,651,gc,cpu,17647.2,17656.9
3,697,normalize,cpu,17657.4,17661.1
3,697,g_a_cpu,cpu,17661.1,17661.6
3,697,g_a,dpu,17661.6,18244.2
3,697,g_a,dpu,18244.2,18589.3
3,697,g_a_cpu,cpu,18589.3,18589.6
3,697,h_a,dpu,18589.6,18920.4
3,697,eb_enc,cpu,18920.4,18920.6
3,697,eb_dec,cpu,18920.6,18920.7
3,697,h_s,dpu,18920.7,19186.6
3,697,gc,cpu,19186.6,19203.2
3,754,normalize,cpu,19204,19207.7
3,754,g_a_cpu,cpu,19207.7,19208.3
3,754,g_a,dpu,19208.3,19514.5
3,754,g_a,dpu,19514.5,19846.7
3,754,g_a_cpu,cpu,19846.7,19847.1
3,754,h_a,dpu,19847.1,20148.3
3,754,eb_enc,cpu,20148.3,20148.4
3,754,eb_dec,cpu,20148.4,20148.6
3,754,h_s,dpu,20148.6,20415.7
3,754,gc,cpu,20415.7,20425.3
3,800,normalize,cpu,20425.8,20429.5
3,800,g_a_cpu,cpu,20429.5,20429.8
3,800,g_a,dpu,20429.8,20694.7
3,800,g_a,dpu,20694.7,21007.3
3,800,g_a_cpu,cpu,21007.3,21007.9
3,800,h_a,dpu,21007.9,21009.4
3,800,eb_enc,cpu,21009.4,21009.5
3,800,eb_dec,cpu,21009.5,21009.6
3,800,h_s,dpu,21009.6,21010.5
3,800,gc,cpu,21010.5,21020.3
3,830,normalize,cpu,21020.8,21024.6
3,830,g_a_cpu,cpu,21024.6,21025
3,830,g_a,dpu,21025,21402.6
3,830,g_a,dpu,21402.6,21438.9
3,830,g_a_cpu,cpu,21438.9,21439.2
3,830,h_a,dpu,21439.2,22081.6
3,830,eb_enc,cpu,22081.6,22081.7
3,830,eb_dec,cpu,22081.7,22081.8
3,830,h_s,dpu,22081.8,22082.7
3,830,gc,cpu,22082.7,22093.8
3,869,normalize,cpu,22094.4,22100.7
3,869,g_a_cpu,cpu,22100.7,22101.1
3,869,g_a,dpu,22101.1,22339.6
3,869,g_a,dpu,22339.6,22814.5
3,869,g_a_cpu,cpu,22814.5,22814.9
3,869,h_a,dpu,22814.9,22816.4
3,869,eb_enc,cpu,22816.4,22816.6
3,869,eb_dec,cpu,22816.6,22816.7
3,869,h_s,dpu,22816.7,22817.6
3,869,gc,cpu,22817.6,22827.8
3,895,normalize,cpu,22828.5,22832.2
3,895,g_a_cpu,cpu,22832.2,22832.5
3,895,g_a,dpu,22832.5,23118.4
3,895,g_a,dpu,23118.4,23328.7
3,895,g_a_cpu,cpu,23328.7,23329.1
3,895,h_a,dpu,23329.1,23631.6
3,895,eb_enc,cpu,23631.6,23631.7
3,895,eb_dec,cpu,23631.7,23631.8
3,895,h_s,dpu,23631.8,24000.8
3,895,gc,cpu,24000.8,24010.5
4,4,normalize,cpu,71.0579,127.054
4,4,g_a_cpu,cpu,127.075,127.549
4,4,g_a,dpu,127.553,929.104
4,4,g_a,dpu,929.107,965.566
4,4,g_a_cpu,cpu,965.569,965.968
4,4,h_a,dpu,965.975,1483.84
4,4,eb_enc,cpu,1483.85,1484.04
4,4,eb_dec,cpu,1484.04,1484.16
4,4,h_s,dpu,1484.17,1485.92
4,4,gc,cpu,1485.93,1496.7
4,84,normalize,cpu,1497.49,1501.17
4,84,g_a_cpu,cpu,1501.17,1501.69
4,84,g_a,dpu,1501.69,1728.37
4,84,g_a,dpu,1728.37,2132.07
4,84,g_a_cpu,cpu,2132.07,2132.51
4,84,h_a,dpu,2132.51,2536.46
4,84,eb_enc,cpu,2536.47,2536.59
4,84,eb_dec,cpu,2536.6,2536.71
4,84,h_s,dpu,2536.71,2743.21
4,84,gc,cpu,2743.21,2760.21
4,123,normalize,cpu,2770.83,2780.13
4,123,g_a_cpu,cpu,2780.13,2780.58
4,123,g_a,dpu,2780.59,3417.65
4,123,g_a,dpu,3417.65,3454
4,123,g_a_cpu,cpu,3454,3454.41
4,123,h_a,dpu,3454.41,4029.88
4,123,eb_enc,cpu,4029.88,4030.01
4,123,eb_dec,cpu,4030.01,4030.13
4,123,h_s,dpu,4030.13,4031.14
4,123,gc,cpu,4031.14,4041.56
4,174,normalize,cpu,4042.4,4046.1
4,174,g_a_cpu,cpu,4046.1,4046.53
4,174,g_a,dpu,4046.53,4338.51
4,174,g_a,dpu,4338.51,4671.39
4,174,g_a_cpu,cpu,4671.39,4671.86
4,174,h_a,dpu,4671.86,4982.97
4,174,eb_enc,cpu,4982.97,4983.1
4,174,eb_dec,cpu,4983.1,4983.21
4,174,h_s,dpu,4983.21,5212.1
4,174,gc,cpu,5212.11,5222.23
4,214,normalize,cpu,5222.78,5226.91
4,214,g_a_cpu,cpu,5226.91,5227.29
4,214,g_a,dpu,5227.3,5483.56
4,214,g_a,dpu,5483.56,5898.37
4,214,g_a_cpu,cpu,5898.37,5898.8
4,214,h_a,dpu,5898.8,5903.45
4,214,eb_enc,cpu,5903.45,5903.59
4,214,eb_dec,cpu,5903.59,5903.7
4,214,h_s,dpu,5903.7,6517.31
4,214,gc,cpu,6517.32,6529.04
4,265,normalize,cpu,6529.68,6533.45
4,265,g_a_cpu,cpu,6533.46,6533.8
4,265,g_a,dpu,6533.8,6821.91
4,265,g_a,dpu,6821.91,7202.09
4,265,g_a_cpu,cpu,7202.09,7202.52
4,265,h_a,dpu,7202.52,7539.16
4,265,eb_enc,cpu,7539.17,7539.37
4,265,eb_dec,cpu,7539.37,7539.5
4,265,h_s,dpu,7539.5,7747.27
4,265,gc,cpu,7747.27,7758.57
4,313,normalize,cpu,7759.15,7762.8
4,313,g_a_cpu,cpu,7762.8,7763.17
4,313,g_a,dpu,7763.18,8154.4
4,313,g_a,dpu,8154.4,8462.58
4,313,g_a_cpu,cpu,8462.58,8463.06
4,313,h_a,dpu,8463.07,8694.94
4,313,eb_enc,cpu,8694.94,8695.08
4,313,eb_dec,cpu,8695.08,8695.19
4,313,h_s,dpu,8695.19,8991.98
4,313,gc,cpu,8991.98,9002.29
4,360,normalize,cpu,9002.92,9006.65
4,360,g_a_cpu,cpu,9006.65,9006.97
4,360,g_a,dpu,9006.97,9378.15
4,360,g_a,dpu,9378.15,9683.06
4,360,g_a_cpu,cpu,9683.06,9683.49
4,360,h_a,dpu,9683.49,9914.95
4,360,eb_enc,cpu,9914.95,9915.08
4,360,eb_dec,cpu,9915.08,9915.2
4,360,h_s,dpu,9915.2,10227.6
4,360,gc,cpu,10227.6,10242.8
4,409,normalize,cpu,10243.3,10247
4,409,g_a_cpu,cpu,10247,10247.4
4,409,g_a,dpu,10247.4,10535.2
4,409,g_a,dpu,10535.2,10975.1
4,409,g_a_cpu,cpu,10975.1,10975.6
4,409,h_a,dpu,10975.6,11206.2
4,409,eb_enc,cpu,11206.2,11206.4
4,409,eb_dec,cpu,11206.4,11206.5
4,409,h_s,dpu,11206.5,11365.7
4,409,gc,cpu,11365.7,11375.9
4,459,normalize,cpu,11376.4,11380.1
4,459,g_a_cpu,cpu,11380.1,11380.5
4,459,g_a,dpu,11380.5,11790.4
4,459,g_a,dpu,11790.4,12194.4
4,459,g_a_cpu,cpu,12194.4,12194.8
4,459,h_a,dpu,12194.8,12390.2
4,459,eb_enc,cpu,12390.2,12390.4
4,459,eb_dec,cpu,12390.4,12390.5
4,459,h_s,dpu,12390.5,12604.8
4,459,gc,cpu,12604.8,12615.4
4,508,normalize,cpu,12616,12619.7
4,508,g_a_cpu,cpu,12619.7,12620.1
4,508,g_a,dpu,12620.1,13050.9
4,508,g_a,dpu,13050.9,13466.9
4,508,g_a_cpu,cpu,13466.9,13467.2
4,508,h_a,dpu,13467.2,13666.4
4,508,eb_enc,cpu,13666.4,13666.5
4,508,eb_dec,cpu,13666.5,13666.7
4,508,h_s,dpu,13666.7,13869.8
4,508,gc,cpu,13869.8,13880.1
4,555,normalize,cpu,13880.6,13884.4
4,555,g_a_cpu,cpu,13884.4,13885.3
4,555,g_a,dpu,13885.3,14278.4
4,555,g_a,dpu,14278.4,14689.4
4,555,g_a_cpu,cpu,14689.4,14689.9
4,555,h_a,dpu,14689.9,14904.4
4,555,eb_enc,cpu,14904.4,14904.5
4,555,eb_dec,cpu,14904.5,14904.6
4,555,h_s,dpu,14904.7,15105.3
4,555,gc,cpu,15105.3,15116
4,600,normalize,cpu,15116.6,15120.8
4,600,g_a_cpu,cpu,15120.8,15121.3
4,600,g_a,dpu,15121.3,15491
4,600,g_a,dpu,15491,15527.4
4,600,g_a_cpu,cpu,15527.4,15527.9
4,600,h_a,dpu,15527.9,16134.8
4,600,eb_enc,cpu,16134.8,16135
4,600,eb_dec,cpu,16135,16135.1
4,600,h_s,dpu,16135.1,16136.1
4,600,gc,cpu,16136.1,16159.7
4,637,normalize,cpu,16171.7,16175.4
4,637,g_a_cpu,cpu,16175.4,16176.1
4,637,g_a,dpu,16176.1,16414.5
4,637,g_a,dpu,16414.5,16785
4,637,g_a_cpu,cpu,16785,16785.5
4,637,h_a,dpu,16785.5,17088.3
4,637,eb_enc,cpu,17088.3,17088.4
4,637,eb_dec,cpu,17088.4,17088.5
4,637,h_s,dpu,17088.5,17336.2
4,637,gc,cpu,17336.2,17346.6
4,684,normalize,cpu,17347.1,17350.8
4,684,g_a_cpu,cpu,17350.8,17351.1
4,684,g_a,dpu,17351.1,17722.5
4,684,g_a,dpu,17722.5,18091.9
4,684,g_a_cpu,cpu,18091.9,18092.3
4,684,h_a,dpu,18092.3,18328.3
4,684,eb_enc,cpu,18328.3,18328.4
4,684,eb_dec,cpu,18328.4,18328.5
4,684,h_s,dpu,18328.5,18568.9
4,684,gc,cpu,18568.9,18579.2
4,732,normalize,cpu,18579.8,18583.4
4,732,g_a_cpu,cpu,18583.4,18583.8
4,732,g_a,dpu,18583.8,18951.6
4,732,g_a,dpu,18951.6,19302.3
4,732,g_a_cpu,cpu,19302.3,19302.7
4,732,h_a,dpu,19302.7,19568.9
4,732,eb_enc,cpu,19568.9,19569
4,732,eb_dec,cpu,19569,19569.1
4,732,h_s,dpu,19569.1,19806.8
4,732,gc,cpu,19806.8,19816.8
4,782,normalize,cpu,19817.2,19820.9
4,782,g_a_cpu,cpu,19820.9,19821.3
4,782,g_a,dpu,19821.3,20177.8
4,782,g_a,dpu,20177.8,20790.3
4,782,g_a_cpu,cpu,20790.3,20790.7
4,782,h_a,dpu,20790.7,21064.7
4,782,eb_enc,cpu,21064.7,21064.8
4,782,eb_dec,cpu,21064.8,21064.9
4,782,h_s,dpu,21064.9,21667.3
4,782,gc,cpu,21667.3,21677.5
4,848,normalize,cpu,21678.1,21681.8
4,848,g_a_cpu,cpu,21681.8,21682.2
4,848,g_a,dpu,21682.2,21942.3
4,848,g_a,dpu,21942.3,22286.2
4,848,g_a_cpu,cpu,22286.2,22286.6
4,848,h_a,dpu,22286.6,22618.3
4,848,eb_enc,cpu,22618.3,22618.4
4,848,eb_dec,cpu,22618.4,22618.5
4,848,h_s,dpu,22618.5,22883.2
4,848,gc,cpu,22883.2,22894.6
4,897,normalize,cpu,22895.1,22898.7
4,897,g_a_cpu,cpu,22898.7,22899
4,897,g_a,dpu,22899,23147.7
4,897,g_a,dpu,23147.7,23834.7
4,897,g_a_cpu,cpu,23834.7,23835.1
4,897,h_a,dpu,23835.1,24062.4
4,897,eb_enc,cpu,24062.4,24062.5
4,897,eb_dec,cpu,24062.5,24062.6
4,897,h_s,dpu,24062.6,24116.4
4,897,gc,cpu,24116.4,24127.3
5,7,normalize,cpu,75.0102,78.8801
5,7,g_a_cpu,cpu,78.9844,79.3137
5,7,g_a,dpu,79.3204,128.128
5,7,g_a,dpu,128.134,169.673
5,7,g_a_cpu,cpu,169.676,170.244
5,7,h_a,dpu,170.261,721.035
5,7,eb_enc,cpu,721.036,721.168
5,7,eb_dec,cpu,721.168,721.289
5,7,h_s,dpu,721.29,1272.67
5,7,gc,cpu,1272.68,1285.35
5,52,normalize,cpu,1285.83,1289.5
5,52,g_a_cpu,cpu,1289.5,1290
5,52,g_a,dpu,1290,1383.96
5,52,g_a,dpu,1383.97,1422.16
5,52,g_a_cpu,cpu,1422.16,1422.64
5,52,h_a,dpu,1422.64,1426.42
5,52,eb_enc,cpu,1426.42,1426.58
5,52,eb_dec,cpu,1426.58,1426.7
5,52,h_s,dpu,1426.7,1635.4
5,52,gc,cpu,1635.4,1645.49
5,90,normalize,cpu,1646.21,1649.86
5,90,g_a_cpu,cpu,1649.86,1650.38
5,90,g_a,dpu,1650.39,2126.04
5,90,g_a,dpu,2126.04,2538.15
5,90,g_a_cpu,cpu,2538.15,2538.64
5,90,h_a,dpu,2538.64,2964.73
5,90,eb_enc,cpu,2964.74,2964.86
5,90,eb_dec,cpu,2964.86,2964.98
5,90,h_s,dpu,2964.98,3385.04
5,90,gc,cpu,3385.05,3395.06
5,144,normalize,cpu,3395.61,3399.26
5,144,g_a_cpu,cpu,3399.26,3399.66
5,144,g_a,dpu,3399.66,3785.92
5,144,g_a,dpu,3785.93,4006.19
5,144,g_a_cpu,cpu,4006.19,4006.54
5,144,h_a,dpu,4006.54,4260.25
5,144,eb_enc,cpu,4260.25,4260.37
5,144,eb_dec,cpu,4260.37,4260.48
5,144,h_s,dpu,4260.48,4645.86
5,144,gc,cpu,4645.86,4656.04
5,193,normalize,cpu,4656.75,4660.43
5,193,g_a_cpu,cpu,4660.43,4660.83
5,193,g_a,dpu,4660.83,4998.13
5,193,g_a,dpu,4998.13,5286.96
5,193,g_a_cpu,cpu,5286.96,5287.37
5,193,h_a,dpu,5287.37,5541.29
5,193,eb_enc,cpu,5541.3,5541.42
5,193,eb_dec,cpu,5541.42,5541.53
5,193,h_s,dpu,5541.53,5960.79
5,193,gc,cpu,5960.8,5971.03
5,244,normalize,cpu,5971.95,5975.6
5,244,g_a_cpu,cpu,5975.6,5976.09
5,244,g_a,dpu,5976.09,6349.1
5,244,g_a,dpu,6349.11,6562.87
5,244,g_a_cpu,cpu,6562.87,6563.43
5,244,h_a,dpu,6563.43,6813.7
5,244,eb_enc,cpu,6813.7,6813.83
5,244,eb_dec,cpu,6813.83,6813.94
5,244,h_s,dpu,6813.94,7226.02
5,244,gc,cpu,7226.02,7236.04
5,294,normalize,cpu,7236.6,7240.33
5,294,g_a_cpu,cpu,7240.34,7240.72
5,294,g_a,dpu,7240.72,7606.48
5,294,g_a,dpu,7606.49,7643.16
5,294,g_a_cpu,cpu,7643.16,7643.59
5,294,h_a,dpu,7643.6,7825.41
5,294,eb_enc,cpu,7825.41,7825.55
5,294,eb_dec,cpu,7825.55,7825.67
5,294,h_s,dpu,7825.67,8086.99
5,294,gc,cpu,8086.99,8096.95
5,330,normalize,cpu,8097.56,8101.22
5,330,g_a_cpu,cpu,8101.23,8101.7
5,330,g_a,dpu,8101.71,8551.25
5,330,g_a,dpu,8551.25,8588.97
5,330,g_a_cpu,cpu,8588.98,8589.42
5,330,h_a,dpu,8589.42,9151.26
5,330,eb_enc,cpu,9151.26,9151.41
5,330,eb_dec,cpu,9151.41,9151.52
5,330,h_s,dpu,9151.52,9153.07
5,330,gc,cpu,9153.07,9164.06
5,370,normalize,cpu,9164.71,9168.38
5,370,g_a_cpu,cpu,9168.39,9168.78
5,370,g_a,dpu,9168.78,9205.74
5,370,g_a,dpu,9205.74,9547.77
5,370,g_a_cpu,cpu,9547.77,9548.21
5,370,h_a,dpu,9548.21,9996.18
5,370,eb_enc,cpu,9996.18,9996.33
5,370,eb_dec,cpu,9996.33,9996.45
5,370,h_s,dpu,9996.45,10277.3
5,370,gc,cpu,10277.3,10299.6
5,415,normalize,cpu,10300.5,10304.4
5,415,g_a_cpu,cpu,10304.4,10305
5,415,g_a,dpu,10305,10573.2
5,415,g_a,dpu,10573.2,10986.4
5,415,g_a_cpu,cpu,10986.4,10986.8
5,415,h_a,dpu,10986.8,11337.2
5,415,eb_enc,cpu,11337.2,11337.3
5,415,eb_dec,cpu,11337.3,11337.5
5,415,h_s,dpu,11337.5,11339.1
5,415,gc,cpu,11339.1,11349.4
5,456,normalize,cpu,11349.9,11353.5
5,456,g_a_cpu,cpu,11353.5,11353.9
5,456,g_a,dpu,11353.9,11632.2
5,456,g_a,dpu,11632.2,11977.8
5,456,g_a_cpu,cpu,11977.8,11978.1
5,456,h_a,dpu,11978.1,12290.2
5,456,eb_enc,cpu,12290.2,12290.4
5,456,eb_dec,cpu,12290.4,12290.5
5,456,h_s,dpu,12290.5,12578.5
5,456,gc,cpu,12578.5,12589.1
5,504,normalize,cpu,12589.7,12593.5
5,504,g_a_cpu,cpu,12593.5,12593.8
5,504,g_a,dpu,12593.8,13077.3
5,504,g_a,dpu,13077.3,13835.7
5,504,g_a_cpu,cpu,13835.7,13836.1
5,504,h_a,dpu,13836.1,13839.6
5,504,eb_enc,cpu,13839.6,13839.8
5,504,eb_dec,cpu,13839.8,13839.9
5,504,h_s,dpu,13839.9,14055.5
5,504,gc,cpu,14055.5,14075.2
5,565,normalize,cpu,14075.7,14079.4
5,565,g_a_cpu,cpu,14079.4,14079.7
5,565,g_a,dpu,14079.7,14448.7
5,565,g_a,dpu,14448.7,14485.8
5,565,g_a_cpu,cpu,14485.8,14486.3
5,565,h_a,dpu,14486.3,15124.5
5,565,eb_enc,cpu,15124.5,15124.7
5,565,eb_dec,cpu,15124.7,15124.8
5,565,h_s,dpu,15124.8,15125.9
5,565,gc,cpu,15125.9,15144.1
5,602,normalize,cpu,15144.7,15148.4
5,602,g_a_cpu,cpu,15148.4,15148.8
5,602,g_a,dpu,15148.9,15352.8
5,602,g_a,dpu,15352.8,16425.2
5,602,g_a_cpu,cpu,16425.2,16425.8
5,602,h_a,dpu,16425.8,16644.5
5,602,eb_enc,cpu,16644.5,16644.6
5,602,eb_dec,cpu,16644.6,16644.8
5,602,h_s,dpu,16644.8,16646.1
5,602,gc,cpu,16646.1,16656.1
5,660,normalize,cpu,16656.8,16661.2
5,660,g_a_cpu,cpu,16661.2,16661.6
5,660,g_a,dpu,16661.6,17075.7
5,660,g_a,dpu,17075.7,17491.8
5,660,g_a_cpu,cpu,17491.8,17492.2
5,660,h_a,dpu,17492.2,17711.7
5,660,eb_enc,cpu,17711.7,17711.9
5,660,eb_dec,cpu,17711.9,17712
5,660,h_s,dpu,17712,17923
5,660,gc,cpu,17923,17933.6
5,709,normalize,cpu,17934.1,17937.7
5,709,g_a_cpu,cpu,17937.7,17938.1
5,709,g_a,dpu,17938.1,18379.2
5,709,g_a,dpu,18379.2,18763
5,709,g_a_cpu,cpu,18763,18763.4
5,709,h_a,dpu,18763.4,18950.3
5,709,eb_enc,cpu,18950.3,18950.5
5,709,eb_dec,cpu,18950.5,18950.6
5,709,h_s,dpu,18950.6,19200.5
5,709,gc,cpu,19200.5,19211.5
5,756,normalize,cpu,19212.6,19216.5
5,756,g_a_cpu,cpu,19216.5,19217
5,756,g_a,dpu,19217,19590.9
5,756,g_a,dpu,19590.9,19978.7
5,756,g_a_cpu,cpu,19978.7,19979.1
5,756,h_a,dpu,19979.1,20289.5
5,756,eb_enc,cpu,20289.5,20289.7
5,756,eb_dec,cpu,20289.7,20289.8
5,756,h_s,dpu,20289.8,20492.4
5,756,gc,cpu,20492.4,20503.1
5,805,normalize,cpu,20503.8,20507.5
5,805,g_a_cpu,cpu,20507.5,20508
5,805,g_a,dpu,20508,20780
5,805,g_a,dpu,20780,21167.7
5,805,g_a_cpu,cpu,21167.7,21168.2
5,805,h_a,dpu,21168.2,21554.3
5,805,eb_enc,cpu,21554.3,21554.4
5,805,eb_dec,cpu,21554.4,21554.5
5,805,h_s,dpu,21554.5,21805.4
5,805,gc,cpu,21805.4,21815.5
5,853,normalize,cpu,21816,21819.6
5,853,g_a_cpu,cpu,21819.7,21820.1
5,853,g_a,dpu,21820.1,22084.7
5,853,g_a,dpu,22084.7,22770.4
5,853,g_a_cpu,cpu,22770.4,22770.8
5,853,h_a,dpu,22770.8,23048.6
5,853,eb_enc,cpu,23048.6,23048.7
5,853,eb_dec,cpu,23048.7,23048.8
5,853,h_s,dpu,23048.8,23264.9
5,853,gc,cpu,23264.9,23276.1
5,919,normalize,cpu,23295.3,23298.9
5,919,g_a_cpu,cpu,23298.9,23299.3
5,919,g_a,dpu,23299.3,23612.4
5,919,g_a,dpu,23612.4,23952.7
5,919,g_a_cpu,cpu,23952.7,23953
5,919,h_a,dpu,23953,24057.3
5,919,eb_enc,cpu,24057.3,24057.4
5,919,eb_dec,cpu,24057.4,24057.5
5,919,h_s,dpu,24057.5,24080.9
5,919,gc,cpu,24080.9,24091.2
6,11,normalize,cpu,80.7881,88.8141
6,11,g_a_cpu,cpu,135.407,135.778
6,11,g_a,dpu,135.782,1053.37
6,11,g_a,dpu,1053.37,1089.74
6,11,g_a_cpu,cpu,1089.75,1090.22
6,11,h_a,dpu,1090.23,1312.44
6,11,eb_enc,cpu,1312.44,1312.62
6,11,eb_dec,cpu,1312.62,1312.74
6,11,h_s,dpu,1312.74,1401.68
6,11,gc,cpu,1401.68,1422.9
6,74,normalize,cpu,1423.66,1427.32
6,74,g_a_cpu,cpu,1427.33,1427.96
6,74,g_a,dpu,1427.98,1878.33
6,74,g_a,dpu,1878.33,2285.51
6,74,g_a_cpu,cpu,2285.51,2285.87
6,74,h_a,dpu,2285.87,2516.11
6,74,eb_enc,cpu,2516.11,2516.26
6,74,eb_dec,cpu,2516.26,2516.38
6,74,h_s,dpu,2516.38,2583.34
6,74,gc,cpu,2583.34,2600.48
6,115,normalize,cpu,2608.83,2612.49
6,115,g_a_cpu,cpu,2612.49,2612.86
6,115,g_a,dpu,2612.86,3136.09
6,115,g_a,dpu,3136.09,3172.41
6,115,g_a_cpu,cpu,3172.41,3172.89
6,115,h_a,dpu,3172.89,3677.52
6,115,eb_enc,cpu,3677.52,3677.64
6,115,eb_dec,cpu,3677.64,3677.75
6,115,h_s,dpu,3677.75,3678.67
6,115,gc,cpu,3678.67,3689.19
6,155,normalize,cpu,3690.78,3694.45
6,155,g_a_cpu,cpu,3694.45,3694.85
6,155,g_a,dpu,3694.85,3887.78
6,155,g_a,dpu,3887.79,4439.43
6,155,g_a_cpu,cpu,4439.44,4439.93
6,155,h_a,dpu,4439.93,4903.37
6,155,eb_enc,cpu,4903.38,4903.52
6,155,eb_dec,cpu,4903.52,4903.64
6,155,h_s,dpu,4903.64,5145.57
6,155,gc,cpu,5145.57,5155.34
6,213,normalize,cpu,5155.8,5159.48
6,213,g_a_cpu,cpu,5159.48,5159.82
6,213,g_a,dpu,5159.82,5970.61
6,213,g_a,dpu,5970.61,6007.15
6,213,g_a_cpu,cpu,6007.15,6007.59
6,213,h_a,dpu,6007.6,6009.42
6,213,eb_enc,cpu,6009.42,6009.56
6,213,eb_dec,cpu,6009.56,6009.68
6,213,h_s,dpu,6009.68,6173.13
6,213,gc,cpu,6173.13,6195.51
6,252,normalize,cpu,6196.12,6199.8
6,252,g_a_cpu,cpu,6199.8,6200.19
6,252,g_a,dpu,6200.2,6418.67
6,252,g_a,dpu,6418.68,6866.16
6,252,g_a_cpu,cpu,6866.17,6866.63
6,252,h_a,dpu,6866.63,7164.35
6,252,eb_enc,cpu,7164.35,7164.51
6,252,eb_dec,cpu,7164.51,7164.63
6,252,h_s,dpu,7164.63,7358.47
6,252,gc,cpu,7358.47,7378.29
6,301,normalize,cpu,7380.68,7384.33
6,301,g_a_cpu,cpu,7384.34,7385.08
6,301,g_a,dpu,7385.08,7706.54
6,301,g_a,dpu,7706.55,7743
6,301,g_a_cpu,cpu,7743,7743.38
6,301,h_a,dpu,7743.39,8419.19
6,301,eb_enc,cpu,8419.19,8419.31
6,301,eb_dec,cpu,8419.31,8419.42
6,301,h_s,dpu,8419.42,8420.31
6,301,gc,cpu,8420.31,8432.24
6,338,normalize,cpu,8432.87,8436.53
6,338,g_a_cpu,cpu,8436.53,8436.9
6,338,g_a,dpu,8436.9,8628.72
6,338,g_a,dpu,8628.72,9360.39
6,338,g_a_cpu,cpu,9360.39,9360.74
6,338,h_a,dpu,9360.74,9361.96
6,338,eb_enc,cpu,9361.96,9362.09
6,338,eb_dec,cpu,9362.09,9362.2
6,338,h_s,dpu,9362.2,9789.6
6,338,gc,cpu,9789.6,9799.86
6,394,normalize,cpu,9800.54,9804.25
6,394,g_a_cpu,cpu,9804.26,9804.64
6,394,g_a,dpu,9804.64,10168.4
6,394,g_a,dpu,10168.4,10576.3
6,394,g_a_cpu,cpu,10576.3,10576.6
6,394,h_a,dpu,10576.6,10803.1
6,394,eb_enc,cpu,10803.1,10803.3
6,394,eb_dec,cpu,10803.3,10803.5
6,394,h_s,dpu,10803.5,10971.4
6,394,gc,cpu,10971.4,10983.9
6,439,normalize,cpu,10984.4,10988.1
6,439,g_a_cpu,cpu,10988.1,10988.6
6,439,g_a,dpu,10988.6,11354.6
6,439,g_a,dpu,11354.6,11690.9
6,439,g_a_cpu,cpu,11690.9,11691.4
6,439,h_a,dpu,11691.4,12062.6
6,439,eb_enc,cpu,12062.6,12062.8
6,439,eb_dec,cpu,12062.8,12062.9
6,439,h_s,dpu,12062.9,12259.4
6,439,gc,cpu,12259.4,12269.7
6,488,normalize,cpu,12270.1,12279.5
6,488,g_a_cpu,cpu,12279.6,12280
6,488,g_a,dpu,12280,13286.2
6,488,g_a,dpu,13286.2,13487.5
6,488,g_a_cpu,cpu,13487.5,13488
6,488,h_a,dpu,13488,13665.2
6,488,eb_enc,cpu,13665.2,13665.5
6,488,eb_dec,cpu,13665.5,13665.6
6,488,h_s,dpu,13665.7,13927.3
6,488,gc,cpu,13927.3,13937.4
6,560,normalize,cpu,13938,13941.6
6,560,g_a_cpu,cpu,13941.6,13942
6,560,g_a,dpu,13942,14410.8
6,560,g_a,dpu,14410.8,14723.6
6,560,g_a_cpu,cpu,14723.6,14724.1
6,560,h_a,dpu,14724.1,14935.9
6,560,eb_enc,cpu,14935.9,14936.1
6,560,eb_dec,cpu,14936.1,14936.2
6,560,h_s,dpu,14936.2,15243.7
6,560,gc,cpu,15243.7,15254.1
6,608,normalize,cpu,15254.6,15258.3
6,608,g_a_cpu,cpu,15258.3,15259.6
6,608,g_a,dpu,15259.6,15645.7
6,608,g_a,dpu,15645.7,15949.5
6,608,g_a_cpu,cpu,15949.5,15950
6,608,h_a,dpu,15950,16145.9
6,608,eb_enc,cpu,16145.9,16146.1
6,608,eb_dec,cpu,16146.1,16146.2
6,608,h_s,dpu,16146.2,16431.4
6,608,gc,cpu,16431.4,16443.8
6,654,normalize,cpu,16444.4,16448.1
6,654,g_a_cpu,cpu,16448.1,16448.5
6,654,g_a,dpu,16448.5,16770.7
6,654,g_a,dpu,16770.7,16807.1
6,654,g_a_cpu,cpu,16807.1,16807.6
6,654,h_a,dpu,16807.6,17378.2
6,654,eb_enc,cpu,17378.2,17378.3
6,654,eb_dec,cpu,17378.3,17378.5
6,654,h_s,dpu,17378.5,17655.4
6,654,gc,cpu,17655.4,17665.7
6,698,normalize,cpu,17666.5,17670.1
6,698,g_a_cpu,cpu,17670.1,17670.5
6,698,g_a,dpu,17670.5,18037.5
6,698,g_a,dpu,18037.5,18389.2
6,698,g_a_cpu,cpu,18389.2,18389.6
6,698,h_a,dpu,18389.6,18664
6,698,eb_enc,cpu,18664,18664.2
6,698,eb_dec,cpu,18664.2,18664.3
6,698,h_s,dpu,18664.3,18924.2
6,698,gc,cpu,18924.2,18934.4
6,746,normalize,cpu,18934.9,18938.7
6,746,g_a_cpu,cpu,18938.7,18939.2
6,746,g_a,dpu,18939.3,19235.8
6,746,g_a,dpu,19235.8,19550.4
6,746,g_a_cpu,cpu,19550.4,19550.8
6,746,h_a,dpu,19550.8,19848.3
6,746,eb_enc,cpu,19848.3,19848.5
6,746,eb_dec,cpu,19848.5,19848.6
6,746,h_s,dpu,19848.6,20149.5
6,746,gc,cpu,20149.5,20159.9
6,791,normalize,cpu,20160.6,20164.3
6,791,g_a_cpu,cpu,20164.3,20164.7
6,791,g_a,dpu,20164.7,20454.4
6,791,g_a,dpu,20454.4,20730.6
6,791,g_a_cpu,cpu,20730.6,20730.9
6,791,h_a,dpu,20730.9,21008.3
6,791,eb_enc,cpu,21008.3,21008.4
6,791,eb_dec,cpu,21008.4,21008.6
6,791,h_s,dpu,21008.6,21360.9
6,791,gc,cpu,21360.9,21371.2
6,841,normalize,cpu,21371.8,21375.4
6,841,g_a_cpu,cpu,21375.5,21375.8
6,841,g_a,dpu,21375.8,21768.6
6,841,g_a,dpu,21768.6,22044.1
6,841,g_a_cpu,cpu,22044.1,22044.6
6,841,h_a,dpu,22044.6,22248.6
6,841,eb_enc,cpu,22248.6,22248.7
6,841,eb_dec,cpu,22248.7,22248.8
6,841,h_s,dpu,22248.8,22665
6,841,gc,cpu,22665,22675.4
6,890,normalize,cpu,22676,22679.6
6,890,g_a_cpu,cpu,22679.6,22680
6,890,g_a,dpu,22680,22968.7
6,890,g_a,dpu,22968.7,23206.3
6,890,g_a_cpu,cpu,23206.3,23206.8
6,890,h_a,dpu,23206.8,23519.5
6,890,eb_enc,cpu,23519.5,23519.6
6,890,eb_dec,cpu,23519.6,23519.7
6,890,h_s,dpu,23519.7,23886.7
6,890,gc,cpu,23886.7,23896.9
7,6,normalize,cpu,75.01,125.42
7,6,g_a_cpu,cpu,125.438,125.894
7,6,g_a,dpu,125.898,419.634
7,6,g_a,dpu,419.638,456.004
7,6,g_a_cpu,cpu,456.004,456.384
7,6,h_a,dpu,456.388,457.857
7,6,eb_enc,cpu,457.857,457.988
7,6,eb_dec,cpu,457.989,458.099
7,6,h_s,dpu,458.1,967.344
7,6,gc,cpu,967.349,979.246
7,48,normalize,cpu,979.765,983.507
7,48,g_a_cpu,cpu,983.51,983.818
7,48,g_a,dpu,983.821,1308.31
7,48,g_a,dpu,1308.32,1345.32
7,48,g_a_cpu,cpu,1345.32,1345.79
7,48,h_a,dpu,1345.8,1488.98
7,48,eb_enc,cpu,1488.99,1489.14
7,48,eb_dec,cpu,1489.14,1489.26
7,48,h_s,dpu,1489.26,1692.49
7,48,gc,cpu,1692.49,1702.9
7,95,normalize,cpu,1703.33,1706.98
7,95,g_a_cpu,cpu,1706.98,1707.41
7,95,g_a,dpu,1707.42,2096.17
7,95,g_a,dpu,2096.17,2535.35
7,95,g_a_cpu,cpu,2535.35,2535.79
7,95,h_a,dpu,2535.79,2742.32
7,95,eb_enc,cpu,2742.32,2742.46
7,95,eb_dec,cpu,2742.46,2742.57
7,95,h_s,dpu,2742.57,2969.62
7,95,gc,cpu,2969.62,2979.66
7,138,normalize,cpu,2980.14,2983.8
7,138,g_a_cpu,cpu,2983.8,2984.22
7,138,g_a,dpu,2984.22,3309.81
7,138,g_a,dpu,3309.82,3651.38
7,138,g_a_cpu,cpu,3651.39,3651.94
7,138,h_a,dpu,3651.94,4027
7,138,eb_enc,cpu,4027,4027.13
7,138,eb_dec,cpu,4027.13,4027.25
7,138,h_s,dpu,4027.25,4294.27
7,138,gc,cpu,4294.27,4304.46
7,186,normalize,cpu,4304.91,4308.59
7,186,g_a_cpu,cpu,4308.6,4309.21
7,186,g_a,dpu,4309.22,4563.02
7,186,g_a,dpu,4563.02,4909.01
7,186,g_a_cpu,cpu,4909.01,4909.6
7,186,h_a,dpu,4909.6,5208.72
7,186,eb_enc,cpu,5208.72,5208.87
7,186,eb_dec,cpu,5208.87,5208.99
7,186,h_s,dpu,5208.99,5441.8
7,186,gc,cpu,5441.81,5452.13
7,232,normalize,cpu,5453.04,5456.7
7,232,g_a_cpu,cpu,5456.71,5457.23
7,232,g_a,dpu,5457.23,5714.46
7,232,g_a,dpu,5714.47,6751.92
7,232,g_a_cpu,cpu,6751.92,6752.29
7,232,h_a,dpu,6752.3,6753.72
7,232,eb_enc,cpu,6753.72,6753.84
7,232,eb_dec,cpu,6753.84,6753.96
7,232,h_s,dpu,6753.96,6754.94
7,232,gc,cpu,6754.94,6764.95
7,277,normalize,cpu,6765.58,6769.24
7,277,g_a_cpu,cpu,6769.25,6769.74
7,277,g_a,dpu,6769.75,6942.46
7,277,g_a,dpu,6942.46,6978.81
7,277,g_a_cpu,cpu,6978.81,6979.16
7,277,h_a,dpu,6979.16,7701.22
7,277,eb_enc,cpu,7701.22,7701.34
7,277,eb_dec,cpu,7701.34,7701.45
7,277,h_s,dpu,7701.45,7702.47
7,277,gc,cpu,7702.47,7712.61
7,309,normalize,cpu,7713.17,7716.82
7,309,g_a_cpu,cpu,7716.82,7717.24
7,309,g_a,dpu,7717.24,7973.3
7,309,g_a,dpu,7973.3,8278.43
7,309,g_a_cpu,cpu,8278.43,8278.94
7,309,h_a,dpu,8278.94,8653.19
7,309,eb_enc,cpu,8653.19,8653.35
7,309,eb_dec,cpu,8653.35,8653.47
7,309,h_s,dpu,8653.47,8951.22
7,309,gc,cpu,8951.22,8961.78
7,355,normalize,cpu,8962.51,8966.17
7,355,g_a_cpu,cpu,8966.17,8966.66
7,355,g_a,dpu,8966.66,9195.65
7,355,g_a,dpu,9195.65,9501.18
7,355,g_a_cpu,cpu,9501.18,9501.66
7,355,h_a,dpu,9501.66,9873.49
7,355,eb_enc,cpu,9873.49,9873.71
7,355,eb_dec,cpu,9873.71,9873.85
7,355,h_s,dpu,9873.85,10175.3
7,355,gc,cpu,10175.3,10185.1
7,405,normalize,cpu,10185.9,10189.6
7,405,g_a_cpu,cpu,10189.6,10190.2
7,405,g_a,dpu,10190.2,10388.8
7,405,g_a,dpu,10388.9,10757.6
7,405,g_a_cpu,cpu,10757.6,10758.1
7,405,h_a,dpu,10758.1,11163.2
7,405,eb_enc,cpu,11163.2,11163.3
7,405,eb_dec,cpu,11163.3,11163.4
7,405,h_s,dpu,11163.4,11322.1
7,405,gc,cpu,11322.1,11333.4
7,453,normalize,cpu,11334.1,11337.9
7,453,g_a_cpu,cpu,11337.9,11338.5
7,453,g_a,dpu,11338.5,11642.4
7,453,g_a,dpu,11642.4,11678.9
7,453,g_a_cpu,cpu,11678.9,11679.3
7,453,h_a,dpu,11679.3,11680.7
7,453,eb_enc,cpu,11680.7,11680.9
7,453,eb_dec,cpu,11680.9,11681
7,453,h_s,dpu,11681,12550.3
7,453,gc,cpu,12550.3,12560.4
7,501,normalize,cpu,12561,12564.7
7,501,g_a_cpu,cpu,12564.7,12565
7,501,g_a,dpu,12565,12866.4
7,501,g_a,dpu,12866.4,13284.8
7,501,g_a_cpu,cpu,13284.8,13285.3
7,501,h_a,dpu,13285.3,13619.2
7,501,eb_enc,cpu,13619.2,13619.3
7,501,eb_dec,cpu,13619.3,13619.4
7,501,h_s,dpu,13619.4,13824.2
7,501,gc,cpu,13824.2,13834.6
7,548,normalize,cpu,13835.2,13838.8
7,548,g_a_cpu,cpu,13838.8,13839.3
7,548,g_a,dpu,13839.3,14095.5
7,548,g_a,dpu,14095.5,14506.5
7,548,g_a_cpu,cpu,14506.5,14506.9
7,548,h_a,dpu,14506.9,14861.6
7,548,eb_enc,cpu,14861.6,14861.8
7,548,eb_dec,cpu,14861.8,14861.9
7,548,h_s,dpu,14861.9,15055.4
7,548,gc,cpu,15055.4,15065.3
7,596,normalize,cpu,15065.9,15069.5
7,596,g_a_cpu,cpu,15069.5,15070.1
7,596,g_a,dpu,15070.1,15309.5
7,596,g_a,dpu,15309.5,15750.4
7,596,g_a_cpu,cpu,15750.4,15750.7
7,596,h_a,dpu,15750.7,16092.9
7,596,eb_enc,cpu,16092.9,16093
7,596,eb_dec,cpu,16093,16093.1
7,596,h_s,dpu,16093.1,16327.4
7,596,gc,cpu,16327.4,16337.7
7,646,normalize,cpu,16338.4,16342
7,646,g_a_cpu,cpu,16342,16342.4
7,646,g_a,dpu,16342.4,16566.4
7,646,g_a,dpu,16566.4,16938.5
7,646,g_a_cpu,cpu,16938.5,16938.8
7,646,h_a,dpu,16938.8,17213
7,646,eb_enc,cpu,17213,17213.1
7,646,eb_dec,cpu,17213.1,17213.2
7,646,h_s,dpu,17213.2,17522.2
7,646,gc,cpu,17522.2,17532.3
7,694,normalize,cpu,17532.8,17536.5
7,694,g_a_cpu,cpu,17536.5,17536.8
7,694,g_a,dpu,17536.8,17907
7,694,g_a,dpu,17907,18450.6
7,694,g_a_cpu,cpu,18450.6,18451.1
7,694,h_a,dpu,18451.1,18760.3
7,694,eb_enc,cpu,18760.3,18760.4
7,694,eb_dec,cpu,18760.4,18760.5
7,694,h_s,dpu,18760.5,19100
7,694,gc,cpu,19100,19110.4
7,752,normalize,cpu,19110.9,19114.5
7,752,g_a_cpu,cpu,19114.5,19114.9
7,752,g_a,dpu,19114.9,19382.4
7,752,g_a,dpu,19382.4,19690.9
7,752,g_a_cpu,cpu,19690.9,19691.3
7,752,h_a,dpu,19691.3,19992.3
7,752,eb_enc,cpu,19992.3,19992.4
7,752,eb_dec,cpu,19992.4,19992.5
7,752,h_s,dpu,19992.5,20326.4
7,752,gc,cpu,20326.4,20336.6
7,798,normalize,cpu,20337.1,20340.9
7,798,g_a_cpu,cpu,20341,20341.2
7,798,g_a,dpu,20341.2,20598.4
7,798,g_a,dpu,20598.4,20912.9
7,798,g_a_cpu,cpu,20912.9,20913.3
7,798,h_a,dpu,20913.3,21247.6
7,798,eb_enc,cpu,21247.6,21247.7
7,798,eb_dec,cpu,21247.7,21247.8
7,798,h_s,dpu,21247.8,21551.7
7,798,gc,cpu,21551.7,21562.2
7,844,normalize,cpu,21562.9,21566.5
7,844,g_a_cpu,cpu,21566.5,21567
7,844,g_a,dpu,21567,21786.5
7,844,g_a,dpu,21786.5,22138.2
7,844,g_a_cpu,cpu,22138.2,22138.6
7,844,h_a,dpu,22138.6,22505.6
7,844,eb_enc,cpu,22505.6,22505.8
7,844,eb_dec,cpu,22505.8,22505.9
7,844,h_s,dpu,22505.9,22767.6
7,844,gc,cpu,22767.6,22777.7
7,892,normalize,cpu,22779.3,22783
7,892,g_a_cpu,cpu,22783,22783.3
7,892,g_a,dpu,22783.3,22997.2
7,892,g_a,dpu,22997.2,23345
7,892,g_a_cpu,cpu,23345,23345.6
7,892,h_a,dpu,23345.6,23686.9
7,892,eb_enc,cpu,23686.9,23687
7,892,eb_dec,cpu,23687,23687.1
7,892,h_s,dpu,23687.1,24022.3
7,892,gc,cpu,24022.3,24032.2
8,9,normalize,cpu,78.7954,125.061
8,9,g_a_cpu,cpu,125.075,125.525
8,9,g_a,dpu,125.532,536.345
8,9,g_a,dpu,536.348,1086.98
8,9,g_a_cpu,cpu,1086.98,1087.6
8,9,h_a,dpu,1087.61,1309.44
8,9,eb_enc,cpu,1309.44,1309.6
8,9,eb_dec,cpu,1309.6,1309.73
8,9,h_s,dpu,1309.73,1432.21
8,9,gc,cpu,1432.22,1457.76
8,82,normalize,cpu,1458.22,1461.87
8,82,g_a_cpu,cpu,1461.87,1462.44
8,82,g_a,dpu,1462.44,1869.14
8,82,g_a,dpu,1869.14,2453.68
8,82,g_a_cpu,cpu,2453.68,2454.02
8,82,h_a,dpu,2454.02,2808.97
8,82,eb_enc,cpu,2808.97,2809.1
8,82,eb_dec,cpu,2809.1,2809.21
8,82,h_s,dpu,2809.21,2810.62
8,82,gc,cpu,2810.62,2820.69
8,135,normalize,cpu,2821.16,2824.86
8,135,g_a_cpu,cpu,2824.86,2825.25
8,135,g_a,dpu,2825.25,3200.05
8,135,g_a,dpu,3200.05,3690.16
8,135,g_a_cpu,cpu,3690.16,3690.82
8,135,h_a,dpu,3690.82,3950.11
8,135,eb_enc,cpu,3950.11,3950.23
8,135,eb_dec,cpu,3950.23,3950.38
8,135,h_s,dpu,3950.38,4103.01
8,135,gc,cpu,4103.01,4121.61
8,182,normalize,cpu,4122.14,4125.8
8,182,g_a_cpu,cpu,4125.81,4126.09
8,182,g_a,dpu,4126.09,4498.4
8,182,g_a,dpu,4498.41,4952.31
8,182,g_a_cpu,cpu,4952.31,4952.66
8,182,h_a,dpu,4952.66,5232.91
8,182,eb_enc,cpu,5232.91,5233.03
8,182,eb_dec,cpu,5233.03,5233.14
8,182,h_s,dpu,5233.14,5389.17
8,182,gc,cpu,5389.17,5400.04
8,225,normalize,cpu,5401.2,5405
8,225,g_a_cpu,cpu,5405,5405.44
8,225,g_a,dpu,5405.45,5694.71
8,225,g_a,dpu,5694.71,6191.74
8,225,g_a_cpu,cpu,6191.74,6192.33
8,225,h_a,dpu,6192.33,6503.92
8,225,eb_enc,cpu,6503.92,6504.04
8,225,eb_dec,cpu,6504.04,6504.15
8,225,h_s,dpu,6504.15,6649.54
8,225,gc,cpu,6649.54,6662.42
8,273,normalize,cpu,6663.26,6669.87
8,273,g_a_cpu,cpu,6669.87,6670.29
8,273,g_a,dpu,6670.29,7004.52
8,273,g_a,dpu,7004.52,7485.28
8,273,g_a_cpu,cpu,7485.28,7485.68
8,273,h_a,dpu,7485.68,7767.05
8,273,eb_enc,cpu,7767.05,7767.17
8,273,eb_dec,cpu,7767.17,7767.28
8,273,h_s,dpu,7767.28,7889.16
8,273,gc,cpu,7889.16,7900.59
8,325,normalize,cpu,7901.09,7904.82
8,325,g_a_cpu,cpu,7904.83,7905.34
8,325,g_a,dpu,7905.35,8241.36
8,325,g_a,dpu,8241.36,8278.91
8,325,g_a_cpu,cpu,8278.91,8279.37
8,325,h_a,dpu,8279.38,8741.97
8,325,eb_enc,cpu,8741.97,8742.11
8,325,eb_dec,cpu,8742.11,8742.23
8,325,h_s,dpu,8742.23,9053.02
8,325,gc,cpu,9053.03,9063.29
8,362,normalize,cpu,9064.03,9069.17
8,362,g_a_cpu,cpu,9069.17,9069.67
8,362,g_a,dpu,9069.67,9244.04
8,362,g_a,dpu,9244.04,9657.93
8,362,g_a_cpu,cpu,9657.93,9658.3
8,362,h_a,dpu,9658.31,10071.9
8,362,eb_enc,cpu,10071.9,10072.1
8,362,eb_dec,cpu,10072.1,10072.2
8,362,h_s,dpu,10072.2,10283.6
8,362,gc,cpu,10283.6,10293.7
8,411,normalize,cpu,10294.2,10297.9
8,411,g_a_cpu,cpu,10297.9,10298.5
8,411,g_a,dpu,10298.5,10463.4
8,411,g_a,dpu,10463.4,10875.9
8,411,g_a_cpu,cpu,10875.9,10876.4
8,411,h_a,dpu,10876.4,11330.1
8,411,eb_enc,cpu,11330.1,11330.3
8,411,eb_dec,cpu,11330.3,11330.4
8,411,h_s,dpu,11330.4,11546.9
8,411,gc,cpu,11546.9,11563.8
8,467,normalize,cpu,11564.4,11568.1
8,467,g_a_cpu,cpu,11568.1,11568.7
8,467,g_a,dpu,11568.7,11868.1
8,467,g_a,dpu,11868.1,12246.1
8,467,g_a_cpu,cpu,12246.1,12246.6
8,467,h_a,dpu,12246.6,12570.9
8,467,eb_enc,cpu,12570.9,12571
8,467,eb_dec,cpu,12571,12571.1
8,467,h_s,dpu,12571.1,12783.2
8,467,gc,cpu,12783.2,12793.6
8,515,normalize,cpu,12794.1,12797.7
8,515,g_a_cpu,cpu,12797.7,12798.2
8,515,g_a,dpu,12798.2,13113.6
8,515,g_a,dpu,13113.6,13530.5
8,515,g_a_cpu,cpu,13530.5,13531
8,515,h_a,dpu,13531,13842.5
8,515,eb_enc,cpu,13842.5,13842.6
8,515,eb_dec,cpu,13842.6,13842.8
8,515,h_s,dpu,13842.8,14057.9
8,515,gc,cpu,14057.9,14068.6
8,562,normalize,cpu,14069.1,14072.8
8,562,g_a_cpu,cpu,14072.8,14073.3
8,562,g_a,dpu,14073.3,14375.8
8,562,g_a,dpu,14375.8,14829.7
8,562,g_a_cpu,cpu,14829.7,14830.1
8,562,h_a,dpu,14830.1,15118.9
8,562,eb_enc,cpu,15118.9,15119
8,562,eb_dec,cpu,15119,15119.1
8,562,h_s,dpu,15119.1,15303.4
8,562,gc,cpu,15303.4,15313.4
8,611,normalize,cpu,15314,15318.7
8,611,g_a_cpu,cpu,15318.7,15319
8,611,g_a,dpu,15319,15665.1
8,611,g_a,dpu,15665.1,16115
8,611,g_a_cpu,cpu,16115,16115.4
8,611,h_a,dpu,16115.4,16388.4
8,611,eb_enc,cpu,16388.4,16388.5
8,611,eb_dec,cpu,16388.5,16388.6
8,611,h_s,dpu,16388.6,16642.3
8,611,gc,cpu,16642.4,16652.4
8,659,normalize,cpu,16652.9,16656.6
8,659,g_a_cpu,cpu,16656.6,16658.4
8,659,g_a,dpu,16658.4,17038.3
8,659,g_a,dpu,17038.4,17454.7
8,659,g_a_cpu,cpu,17454.7,17455.1
8,659,h_a,dpu,17455.1,17709.6
8,659,eb_enc,cpu,17709.6,17709.7
8,659,eb_dec,cpu,17709.7,17709.8
8,659,h_s,dpu,17709.8,17914.9
8,659,gc,cpu,17914.9,17927.8
8,708,normalize,cpu,17928.3,17932
8,708,g_a_cpu,cpu,17932,17932.4
8,708,g_a,dpu,17932.4,18342.4
8,708,g_a,dpu,18342.4,18726.5
8,708,g_a_cpu,cpu,18726.5,18727
8,708,h_a,dpu,18727,18948.1
8,708,eb_enc,cpu,18948.1,18948.2
8,708,eb_dec,cpu,18948.2,18948.3
8,708,h_s,dpu,18948.3,19195.1
8,708,gc,cpu,19195.1,19207.2
8,755,normalize,cpu,19208.1,19212.7
8,755,g_a_cpu,cpu,19212.7,19213.5
8,755,g_a,dpu,19213.6,19554.3
8,755,g_a,dpu,19554.3,19942.2
8,755,g_a_cpu,cpu,19942.2,19942.8
8,755,h_a,dpu,19942.8,20287.4
8,755,eb_enc,cpu,20287.4,20287.6
8,755,eb_dec,cpu,20287.6,20287.7
8,755,h_s,dpu,20287.7,20488.8
8,755,gc,cpu,20488.8,20505.1
8,807,normalize,cpu,20505.6,20509.3
8,807,g_a_cpu,cpu,20509.3,20509.6
8,807,g_a,dpu,20509.6,20854
8,807,g_a,dpu,20854,21241.1
8,807,g_a_cpu,cpu,21241.1,21241.6
8,807,h_a,dpu,21241.6,21558.7
8,807,eb_enc,cpu,21558.7,21558.8
8,807,eb_dec,cpu,21558.8,21558.9
8,807,h_s,dpu,21558.9,21811.6
8,807,gc,cpu,21811.6,21822
8,855,normalize,cpu,21822.5,21826.3
8,855,g_a_cpu,cpu,21826.3,21826.8
8,855,g_a,dpu,21826.8,22158.6
8,855,g_a,dpu,22158.6,22465.1
8,855,g_a_cpu,cpu,22465.1,22465.5
8,855,h_a,dpu,22465.5,22812.2
8,855,eb_enc,cpu,22812.2,22812.3
8,855,eb_dec,cpu,22812.3,22812.5
8,855,h_s,dpu,22812.5,23087.7
8,855,gc,cpu,23087.7,23098.1
8,906,normalize,cpu,23098.6,23102.3
8,906,g_a_cpu,cpu,23102.3,23102.7
8,906,g_a,dpu,23102.7,23378
8,906,g_a,dpu,23378,23723.8
8,906,g_a_cpu,cpu,23723.9,23724.3
8,906,h_a,dpu,23724.3,23959
8,906,eb_enc,cpu,23959,23959.1
8,906,eb_dec,cpu,23959.1,23959.2
8,906,h_s,dpu,23959.2,24060.9
8,906,gc,cpu,24060.9,24071.1
9,13,normalize,cpu,82.9949,86.647
9,13,g_a_cpu,cpu,132.284,132.878
9,13,g_a,dpu,132.887,403.6
9,13,g_a,dpu,403.603,439.889
9,13,g_a_cpu,cpu,439.89,440.331
9,13,h_a,dpu,440.335,1282.52
9,13,eb_enc,cpu,1282.52,1282.64
9,13,eb_dec,cpu,1282.64,1282.75
9,13,h_s,dpu,1282.75,1283.75
9,13,gc,cpu,1283.75,1297.19
9,54,normalize,cpu,1298.05,1310.26
9,54,g_a_cpu,cpu,1310.27,1311.19
9,54,g_a,dpu,1311.19,1400.72
9,54,g_a,dpu,1400.72,1806.27
9,54,g_a_cpu,cpu,1806.27,1806.71
9,54,h_a,dpu,1806.71,2248.45
9,54,eb_enc,cpu,2248.45,2248.58
9,54,eb_dec,cpu,2248.58,2248.71
9,54,h_s,dpu,2248.71,2512.31
9,54,gc,cpu,2512.31,2523.18
9,105,normalize,cpu,2523.8,2527.45
9,105,g_a_cpu,cpu,2527.45,2527.8
9,105,g_a,dpu,2527.81,2955.55
9,105,g_a,dpu,2955.55,3463.9
9,105,g_a_cpu,cpu,3463.91,3464.29
9,105,h_a,dpu,3464.29,3671.96
9,105,eb_enc,cpu,3671.97,3672.12
9,105,eb_dec,cpu,3672.12,3672.24
9,105,h_s,dpu,3672.24,3726.6
9,105,gc,cpu,3726.6,3736.86
9,161,normalize,cpu,3737.4,3741.08
9,161,g_a_cpu,cpu,3741.08,3741.63
9,161,g_a,dpu,3741.64,3778.27
9,161,g_a,dpu,3778.27,4258.29
9,161,g_a_cpu,cpu,4258.29,4258.79
9,161,h_a,dpu,4258.8,4669.77
9,161,eb_enc,cpu,4669.77,4669.91
9,161,eb_dec,cpu,4669.91,4670.04
9,161,h_s,dpu,4670.04,4896.42
9,161,gc,cpu,4896.42,4910.76
9,203,normalize,cpu,4921.65,4925.39
9,203,g_a_cpu,cpu,4925.39,4925.82
9,203,g_a,dpu,4925.82,5292.31
9,203,g_a,dpu,5292.31,5638.91
9,203,g_a_cpu,cpu,5638.91,5639.35
9,203,h_a,dpu,5639.35,6011
9,203,eb_enc,cpu,6011,6011.16
9,203,eb_dec,cpu,6011.16,6011.28
9,203,h_s,dpu,6011.28,6179.72
9,203,gc,cpu,6179.72,6190.24
9,250,normalize,cpu,6190.92,6196.18
9,250,g_a_cpu,cpu,6196.18,6196.72
9,250,g_a,dpu,6196.72,6756.6
9,250,g_a,dpu,6756.6,6793.22
9,250,g_a_cpu,cpu,6793.22,6793.67
9,250,h_a,dpu,6793.68,7356.89
9,250,eb_enc,cpu,7356.89,7357.03
9,250,eb_dec,cpu,7357.03,7357.15
9,250,h_s,dpu,7357.15,7524.18
9,250,gc,cpu,7524.18,7534.27
9,305,normalize,cpu,7534.78,7538.45
9,305,g_a_cpu,cpu,7538.46,7539.3
9,305,g_a,dpu,7539.3,7938.7
9,305,g_a,dpu,7938.7,8379.03
9,305,g_a_cpu,cpu,8379.03,8379.57
9,305,h_a,dpu,8379.59,8380.88
9,305,eb_enc,cpu,8380.88,8381.02
9,305,eb_dec,cpu,8381.02,8381.14
9,305,h_s,dpu,8381.14,8544.44
9,305,gc,cpu,8544.44,8554.61
9,347,normalize,cpu,8555.35,8559.01
9,347,g_a_cpu,cpu,8559.01,8559.62
9,347,g_a,dpu,8559.62,8848.66
9,347,g_a,dpu,8848.67,9215.24
9,347,g_a_cpu,cpu,9215.25,9215.76
9,347,h_a,dpu,9215.76,9741.89
9,347,eb_enc,cpu,9741.89,9742.05
9,347,eb_dec,cpu,9742.05,9742.17
9,347,h_s,dpu,9742.17,9988.61
9,347,gc,cpu,9988.61,10000.6
9,403,normalize,cpu,10001.1,10004.8
9,403,g_a_cpu,cpu,10004.8,10005
9,403,g_a,dpu,10005,10430.9
9,403,g_a,dpu,10430.9,10798.6
9,403,g_a_cpu,cpu,10798.6,10799.1
9,403,h_a,dpu,10799.1,10965.4
9,403,eb_enc,cpu,10965.4,10965.5
9,403,eb_dec,cpu,10965.5,10965.6
9,403,h_s,dpu,10965.6,11239.6
9,403,gc,cpu,11239.6,11249.4
9,451,normalize,cpu,11249.9,11253.5
9,451,g_a_cpu,cpu,11253.5,11254
9,451,g_a,dpu,11254,11545.2
9,451,g_a,dpu,11545.2,12254.4
9,451,g_a_cpu,cpu,12254.4,12254.7
9,451,h_a,dpu,12254.8,12256
9,451,eb_enc,cpu,12256,12256.1
9,451,eb_dec,cpu,12256.1,12256.2
9,451,h_s,dpu,12256.2,12662.9
9,451,gc,cpu,12662.9,12672.9
9,512,normalize,cpu,12673.5,12677.1
9,512,g_a_cpu,cpu,12677.1,12677.6
9,512,g_a,dpu,12677.6,13141.8
9,512,g_a,dpu,13141.8,13448.3
9,512,g_a_cpu,cpu,13448.3,13448.8
9,512,h_a,dpu,13448.8,13654.1
9,512,eb_enc,cpu,13654.1,13654.3
9,512,eb_dec,cpu,13654.3,13654.4
9,512,h_s,dpu,13654.4,13925.2
9,512,gc,cpu,13925.2,13936
9,559,normalize,cpu,13936.6,13940.3
9,559,g_a_cpu,cpu,13940.3,13940.6
9,559,g_a,dpu,13940.6,14374.9
9,559,g_a,dpu,14374.9,14687
9,559,g_a_cpu,cpu,14687,14687.3
9,559,h_a,dpu,14687.3,14934.6
9,559,eb_enc,cpu,14934.6,14934.8
9,559,eb_dec,cpu,14934.8,14935
9,559,h_s,dpu,14935,15235.2
9,559,gc,cpu,15235.2,15249
9,607,normalize,cpu,15249.6,15253.3
9,607,g_a_cpu,cpu,15253.4,15253.9
9,607,g_a,dpu,15253.9,15609.8
9,607,g_a,dpu,15609.8,15912.9
9,607,g_a_cpu,cpu,15912.9,15913.2
9,607,h_a,dpu,15913.2,16144.6
9,607,eb_enc,cpu,16144.6,16144.8
9,607,eb_dec,cpu,16144.8,16144.9
9,607,h_s,dpu,16144.9,16426.2
9,607,gc,cpu,16426.3,16436.6
9,652,normalize,cpu,16437.1,16440.8
9,652,g_a_cpu,cpu,16440.8,16441.3
9,652,g_a,dpu,16441.3,17038.7
9,652,g_a,dpu,17038.7,17338.6
9,652,g_a_cpu,cpu,17338.6,17339
9,652,h_a,dpu,17339.1,17643.2
9,652,eb_enc,cpu,17643.2,17643.3
9,652,eb_dec,cpu,17643.3,17643.5
9,652,h_s,dpu,17643.5,17963.3
9,652,gc,cpu,17963.3,17973.2
9,710,normalize,cpu,17973.7,17977.4
9,710,g_a_cpu,cpu,17977.4,17977.8
9,710,g_a,dpu,17977.8,18280.3
9,710,g_a,dpu,18280.3,18316.6
9,710,g_a_cpu,cpu,18316.6,18317
9,710,h_a,dpu,18317,19183.6
9,710,eb_enc,cpu,19183.6,19183.7
9,710,eb_dec,cpu,19183.7,19183.9
9,710,h_s,dpu,19183.9,19475.8
9,710,gc,cpu,19475.8,19490.8
9,765,normalize,cpu,19492.4,19500.1
9,765,g_a_cpu,cpu,19500.1,19500.7
9,765,g_a,dpu,19500.7,19738.4
9,765,g_a,dpu,19738.4,20074.5
9,765,g_a_cpu,cpu,20074.5,20074.9
9,765,h_a,dpu,20074.9,20413
9,765,eb_enc,cpu,20413,20413.1
9,765,eb_dec,cpu,20413.1,20413.2
9,765,h_s,dpu,20413.2,20642.4
9,765,gc,cpu,20642.4,20653
9,811,normalize,cpu,20653.6,20657.4
9,811,g_a_cpu,cpu,20657.4,20657.9
9,811,g_a,dpu,20657.9,20899.2
9,811,g_a,dpu,20899.2,21250.5
9,811,g_a_cpu,cpu,21250.5,21250.9
9,811,h_a,dpu,21250.9,21694.7
9,811,eb_enc,cpu,21694.7,21694.9
9,811,eb_dec,cpu,21694.9,21695
9,811,h_s,dpu,21695,21991.9
9,811,gc,cpu,21991.9,22002
9,862,normalize,cpu,22002.6,22006.2
9,862,g_a_cpu,cpu,22006.2,22006.8
9,862,g_a,dpu,22006.8,22174.4
9,862,g_a,dpu,22174.4,22555.5
9,862,g_a_cpu,cpu,22555.6,22556
9,862,h_a,dpu,22556,22893.3
9,862,eb_enc,cpu,22893.3,22893.5
9,862,eb_dec,cpu,22893.5,22893.6
9,862,h_s,dpu,22893.6,23122.2
9,862,gc,cpu,23122.2,23132.3
9,908,normalize,cpu,23132.8,23136.6
9,908,g_a_cpu,cpu,23136.6,23137.2
9,908,g_a,dpu,23137.2,23374.5
9,908,g_a,dpu,23374.5,24164.4
9,908,g_a_cpu,cpu,24164.4,24164.9
9,908,h_a,dpu,24164.9,24182.9
9,908,eb_enc,cpu,24182.9,24183
9,908,eb_dec,cpu,24183,24183.1
9,908,h_s,dpu,24183.1,24185
9,908,gc,cpu,24185,24195
10,27,normalize,cpu,99.0316,106.711
10,27,g_a_cpu,cpu,134.894,135.295
10,27,g_a,dpu,135.299,602.319
10,27,g_a,dpu,602.349,1111.12
10,27,g_a_cpu,cpu,1111.12,1111.57
10,27,h_a,dpu,1111.58,1350.1
10,27,eb_enc,cpu,1350.11,1350.24
10,27,eb_dec,cpu,1350.24,1350.38
10,27,h_s,dpu,1350.38,1496.78
10,27,gc,cpu,1496.79,1509.89
10,86,normalize,cpu,1510.61,1514.23
10,86,g_a_cpu,cpu,1514.24,1514.69
10,86,g_a,dpu,1514.69,1801.8
10,86,g_a,dpu,1801.8,2239.83
10,86,g_a_cpu,cpu,2239.83,2240.28
10,86,h_a,dpu,2240.28,2576.92
10,86,eb_enc,cpu,2576.92,2577.11
10,86,eb_dec,cpu,2577.12,2577.26
10,86,h_s,dpu,2577.26,2753.42
10,86,gc,cpu,2753.42,2763.62
10,125,normalize,cpu,2764.11,2768.08
10,125,g_a_cpu,cpu,2768.08,2781.28
10,125,g_a,dpu,2781.29,3727.92
10,125,g_a,dpu,3727.92,3764.46
10,125,g_a_cpu,cpu,3764.47,3764.8
10,125,h_a,dpu,3764.8,4296.93
10,125,eb_enc,cpu,4296.94,4297.07
10,125,eb_dec,cpu,4297.07,4297.19
10,125,h_s,dpu,4297.19,4298.27
10,125,gc,cpu,4298.27,4308.48
10,188,normalize,cpu,4309.37,4313.69
10,188,g_a_cpu,cpu,4313.69,4314.01
10,188,g_a,dpu,4314.02,4634.92
10,188,g_a,dpu,4634.93,4981.79
10,188,g_a_cpu,cpu,4981.79,4982.29
10,188,h_a,dpu,4982.3,5210.83
10,188,eb_enc,cpu,5210.83,5210.96
10,188,eb_dec,cpu,5210.96,5211.07
10,188,h_s,dpu,5211.07,5447.65
10,188,gc,cpu,5447.66,5458.18
10,234,normalize,cpu,5460.14,5465.11
10,234,g_a_cpu,cpu,5465.11,5465.59
10,234,g_a,dpu,5465.59,5826.32
10,234,g_a,dpu,5826.34,6141.73
10,234,g_a_cpu,cpu,6141.73,6142.11
10,234,h_a,dpu,6142.12,6512.57
10,234,eb_enc,cpu,6512.57,6512.75
10,234,eb_dec,cpu,6512.75,6512.9
10,234,h_s,dpu,6512.9,6759.35
10,234,gc,cpu,6759.35,6769.32
10,280,normalize,cpu,6770.09,6776.37
10,280,g_a_cpu,cpu,6776.38,6776.75
10,280,g_a,dpu,6776.76,7390.7
10,280,g_a,dpu,7390.7,7427.03
10,280,g_a_cpu,cpu,7427.03,7427.49
10,280,h_a,dpu,7427.49,7937.31
10,280,eb_enc,cpu,7937.31,7937.46
10,280,eb_dec,cpu,7937.46,7937.57
10,280,h_s,dpu,7937.57,8235.89
10,280,gc,cpu,8235.89,8246.94
10,337,normalize,cpu,8247.72,8251.4
10,337,g_a_cpu,cpu,8251.4,8251.7
10,337,g_a,dpu,8251.71,8651.74
10,337,g_a,dpu,8651.74,8949.52
10,337,g_a_cpu,cpu,8949.52,8949.88
10,337,h_a,dpu,8949.89,9459.55
10,337,eb_enc,cpu,9459.55,9459.68
10,337,eb_dec,cpu,9459.68,9459.8
10,337,h_s,dpu,9459.8,9460.96
10,337,gc,cpu,9460.96,9471.23
10,384,normalize,cpu,9471.7,9475.36
10,384,g_a_cpu,cpu,9475.36,9475.8
10,384,g_a,dpu,9475.8,9872.38
10,384,g_a,dpu,9872.38,10173.7
10,384,g_a_cpu,cpu,10173.7,10174.1
10,384,h_a,dpu,10174.1,10352.5
10,384,eb_enc,cpu,10352.5,10352.6
10,384,eb_dec,cpu,10352.6,10352.7
10,384,h_s,dpu,10352.7,10684.7
10,384,gc,cpu,10684.7,10695.9
10,428,normalize,cpu,10696.4,10700.1
10,428,g_a_cpu,cpu,10700.1,10700.6
10,428,g_a,dpu,10700.6,11089
10,428,g_a,dpu,11089,11125.4
10,428,g_a_cpu,cpu,11125.4,11125.7
10,428,h_a,dpu,11125.7,11320.1
10,428,eb_enc,cpu,11320.1,11320.2
10,428,eb_dec,cpu,11320.2,11320.4
10,428,h_s,dpu,11320.4,11596.9
10,428,gc,cpu,11596.9,11607.2
10,469,normalize,cpu,11607.8,11611.5
10,469,g_a_cpu,cpu,11611.5,11611.9
10,469,g_a,dpu,11611.9,11974.9
10,469,g_a,dpu,11974.9,12274.6
10,469,g_a_cpu,cpu,12274.6,12275
10,469,h_a,dpu,12275,12276.7
10,469,eb_enc,cpu,12276.7,12276.8
10,469,eb_dec,cpu,12276.8,12276.9
10,469,h_s,dpu,12276.9,12829.3
10,469,gc,cpu,12829.3,12839.3
10,517,normalize,cpu,12839.7,12843.5
10,517,g_a_cpu,cpu,12843.5,12843.7
10,517,g_a,dpu,12843.7,13248.9
10,517,g_a,dpu,13248.9,13618.1
10,517,g_a_cpu,cpu,13618.1,13618.5
10,517,h_a,dpu,13618.5,13823.3
10,517,eb_enc,cpu,13823.3,13823.4
10,517,eb_dec,cpu,13823.4,13823.6
10,517,h_s,dpu,13823.6,14059.7
10,517,gc,cpu,14059.7,14069.9
10,563,normalize,cpu,14070.6,14074.2
10,563,g_a_cpu,cpu,14074.2,14074.8
10,563,g_a,dpu,14074.8,14470.5
10,563,g_a,dpu,14470.5,14860.6
10,563,g_a_cpu,cpu,14860.6,14861
10,563,h_a,dpu,14861,15054.5
10,563,eb_enc,cpu,15054.5,15054.6
10,563,eb_dec,cpu,15054.6,15054.7
10,563,h_s,dpu,15054.7,15263.5
10,563,gc,cpu,15263.5,15273.2
10,609,normalize,cpu,15273.8,15277.4
10,609,g_a_cpu,cpu,15277.5,15277.8
10,609,g_a,dpu,15277.8,15714.4
10,609,g_a,dpu,15714.4,16091.6
10,609,g_a_cpu,cpu,16091.6,16092.1
10,609,h_a,dpu,16092.1,16326.4
10,609,eb_enc,cpu,16326.4,16326.6
10,609,eb_dec,cpu,16326.6,16326.7
10,609,h_s,dpu,16326.7,16528.1
10,609,gc,cpu,16528.1,16537.8
10,657,normalize,cpu,16538.4,16542
10,657,g_a_cpu,cpu,16542,16542.3
10,657,g_a,dpu,16542.3,16902.4
10,657,g_a,dpu,16902.4,17519.2
10,657,g_a_cpu,cpu,17519.2,17519.6
10,657,h_a,dpu,17519.6,17521.2
10,657,eb_enc,cpu,17521.2,17521.3
10,657,eb_dec,cpu,17521.3,17521.5
10,657,h_s,dpu,17521.5,18133.5
10,657,gc,cpu,18133.5,18143.5
10,713,normalize,cpu,18144.2,18147.9
10,713,g_a_cpu,cpu,18147.9,18148.3
10,713,g_a,dpu,18148.3,18414.5
10,713,g_a,dpu,18414.5,18759.2
10,713,g_a_cpu,cpu,18759.2,18759.6
10,713,h_a,dpu,18759.6,19099
10,713,eb_enc,cpu,19099,19099.2
10,713,eb_dec,cpu,19099.2,19099.3
10,713,h_s,dpu,19099.3,19344.4
10,713,gc,cpu,19344.4,19354.4
10,759,normalize,cpu,19354.9,19358.6
10,759,g_a_cpu,cpu,19358.6,19359.1
10,759,g_a,dpu,19359.1,19618.4
10,759,g_a,dpu,19618.5,19955.1
10,759,g_a_cpu,cpu,19955.1,19955.6
10,759,h_a,dpu,19955.6,20324
10,759,eb_enc,cpu,20324,20324.1
10,759,eb_dec,cpu,20324.1,20324.3
10,759,h_s,dpu,20324.3,20560
10,759,gc,cpu,20560,20571.4
10,809,normalize,cpu,20572,20575.7
10,809,g_a_cpu,cpu,20575.7,20576.1
10,809,g_a,dpu,20576.1,20840.6
10,809,g_a,dpu,20840.6,21210.6
10,809,g_a_cpu,cpu,21210.6,21211
10,809,h_a,dpu,21211,21549.4
10,809,eb_enc,cpu,21549.4,21549.5
10,809,eb_dec,cpu,21549.5,21549.6
10,809,h_s,dpu,21549.6,21748.3
10,809,gc,cpu,21748.3,21758.3
10,849,normalize,cpu,21759,21762.7
10,849,g_a_cpu,cpu,21762.7,21763.2
10,849,g_a,dpu,21763.2,22062.4
10,849,g_a,dpu,22062.4,22468.5
10,849,g_a_cpu,cpu,22468.5,22469
10,849,h_a,dpu,22469,22765.7
10,849,eb_enc,cpu,22765.7,22765.8
10,849,eb_dec,cpu,22765.8,22765.9
10,849,h_s,dpu,22765.9,22960.6
10,849,gc,cpu,22960.6,22971
10,899,normalize,cpu,22971.5,22975.1
10,899,g_a_cpu,cpu,22975.1,22975.5
10,899,g_a,dpu,22975.5,23272.9
10,899,g_a,dpu,23272.9,23648.9
10,899,g_a_cpu,cpu,23648.9,23649.3
10,899,h_a,dpu,23649.3,24020.4
10,899,eb_enc,cpu,24020.4,24020.5
10,899,eb_dec,cpu,24020.5,24020.6
10,899,h_s,dpu,24020.6,24105
10,899,gc,cpu,24105,24116.4
11,28,normalize,cpu,99.6727,129.623
11,28,g_a_cpu,cpu,129.693,130.086
11,28,g_a,dpu,130.093,463.123
11,28,g_a,dpu,463.125,499.878
11,28,g_a_cpu,cpu,499.879,500.314
11,28,h_a,dpu,500.318,1304.6
11,28,eb_enc,cpu,1304.6,1304.73
11,28,eb_dec,cpu,1304.73,1304.85
11,28,h_s,dpu,1304.85,1306.16
11,28,gc,cpu,1306.16,1388.9
11,64,normalize,cpu,1389.5,1393.34
11,64,g_a_cpu,cpu,1393.34,1393.8
11,64,g_a,dpu,1393.8,1522.14
11,64,g_a,dpu,1522.14,1559.13
11,64,g_a_cpu,cpu,1559.13,1559.56
11,64,h_a,dpu,1559.56,2495.16
11,64,eb_enc,cpu,2495.16,2495.28
11,64,eb_dec,cpu,2495.28,2495.39
11,64,h_s,dpu,2495.39,2496.55
11,64,gc,cpu,2496.55,2506.81
11,104,normalize,cpu,2507.33,2511.05
11,104,g_a_cpu,cpu,2511.05,2511.77
11,104,g_a,dpu,2511.77,2685.89
11,104,g_a,dpu,2685.89,2722.75
11,104,g_a_cpu,cpu,2722.75,2723.12
11,104,h_a,dpu,2723.12,2966.98
11,104,eb_enc,cpu,2966.99,2967.16
11,104,eb_dec,cpu,2967.16,2967.29
11,104,h_s,dpu,2967.29,3386
11,104,gc,cpu,3386,3396.42
11,145,normalize,cpu,3396.99,3400.72
11,145,g_a_cpu,cpu,3400.72,3401.09
11,145,g_a,dpu,3401.1,3822.84
11,145,g_a,dpu,3822.84,4044.11
11,145,g_a_cpu,cpu,4044.12,4044.61
11,145,h_a,dpu,4044.61,4262.64
11,145,eb_enc,cpu,4262.64,4262.78
11,145,eb_dec,cpu,4262.78,4262.89
11,145,h_s,dpu,4262.89,4646.81
11,145,gc,cpu,4646.81,4656.75
11,194,normalize,cpu,4657.33,4660.99
11,194,g_a_cpu,cpu,4661,4661.43
11,194,g_a,dpu,4661.43,5034.49
11,194,g_a,dpu,5034.49,5323.28
11,194,g_a_cpu,cpu,5323.28,5323.76
11,194,h_a,dpu,5323.77,5543.4
11,194,eb_enc,cpu,5543.4,5543.52
11,194,eb_dec,cpu,5543.52,5543.63
11,194,h_s,dpu,5543.63,5962
11,194,gc,cpu,5962,5972.16
11,245,normalize,cpu,5972.74,5976.39
11,245,g_a_cpu,cpu,5976.4,5976.86
11,245,g_a,dpu,5976.87,6385.58
11,245,g_a,dpu,6385.58,6599.5
11,245,g_a_cpu,cpu,6599.5,6599.91
11,245,h_a,dpu,6599.92,6815.79
11,245,eb_enc,cpu,6815.79,6815.92
11,245,eb_dec,cpu,6815.92,6816.03
11,245,h_s,dpu,6816.03,7227.43
11,245,gc,cpu,7227.43,7237.51
11,295,normalize,cpu,7238.02,7242.45
11,295,g_a_cpu,cpu,7242.45,7242.81
11,295,g_a,dpu,7242.82,7822.75
11,295,g_a,dpu,7822.75,8085.9
11,295,g_a_cpu,cpu,8085.91,8086.39
11,295,h_a,dpu,8086.4,8089
11,295,eb_enc,cpu,8089,8089.13
11,295,eb_dec,cpu,8089.13,8089.24
11,295,h_s,dpu,8089.24,8090.46
11,295,gc,cpu,8090.46,8100.81
11,331,normalize,cpu,8101.53,8105.27
11,331,g_a_cpu,cpu,8105.28,8105.62
11,331,g_a,dpu,8105.63,8899.4
11,331,g_a,dpu,8899.4,8936.15
11,331,g_a_cpu,cpu,8936.16,8936.62
11,331,h_a,dpu,8936.63,9431.44
11,331,eb_enc,cpu,9431.44,9431.57
11,331,eb_dec,cpu,9431.57,9431.68
11,331,h_s,dpu,9431.68,9809.93
11,331,gc,cpu,9809.93,9819.98
11,398,normalize,cpu,9820.43,9824.09
11,398,g_a_cpu,cpu,9824.1,9824.46
11,398,g_a,dpu,9824.46,10154.2
11,398,g_a,dpu,10154.2,10409.6
11,398,g_a_cpu,cpu,10409.6,10410
11,398,h_a,dpu,10410,10688.3
11,398,eb_enc,cpu,10688.3,10688.4
11,398,eb_dec,cpu,10688.4,10688.5
11,398,h_s,dpu,10688.5,11067.5
11,398,gc,cpu,11067.5,11077.5
11,445,normalize,cpu,11078,11081.7
11,445,g_a_cpu,cpu,11081.7,11082
11,445,g_a,dpu,11082,11424.6
11,445,g_a,dpu,11424.6,11741.7
11,445,g_a_cpu,cpu,11741.7,11742.1
11,445,h_a,dpu,11742.1,12019
11,445,eb_enc,cpu,12019,12019.1
11,445,eb_dec,cpu,12019.1,12019.2
11,445,h_s,dpu,12019.2,12294.3
11,445,gc,cpu,12294.4,12304.4
11,493,normalize,cpu,12304.9,12308.6
11,493,g_a_cpu,cpu,12308.6,12308.9
11,493,g_a,dpu,12308.9,12660.3
11,493,g_a,dpu,12660.3,12697.2
11,493,g_a_cpu,cpu,12697.2,12697.5
11,493,h_a,dpu,12697.5,12700.1
11,493,eb_enc,cpu,12700.1,12700.2
11,493,eb_dec,cpu,12700.2,12700.3
11,493,h_s,dpu,12700.3,13575.7
11,493,gc,cpu,13575.7,13585.9
11,539,normalize,cpu,13586.5,13590.1
11,539,g_a_cpu,cpu,13590.1,13590.5
11,539,g_a,dpu,13590.5,13932.3
11,539,g_a,dpu,13932.3,14249
11,539,g_a_cpu,cpu,14249,14249.4
11,539,h_a,dpu,14249.4,14563.9
11,539,eb_enc,cpu,14563.9,14564
11,539,eb_dec,cpu,14564,14564.1
11,539,h_s,dpu,14564.1,14919.8
11,539,gc,cpu,14919.8,14931
11,590,normalize,cpu,14931.5,14936
11,590,g_a_cpu,cpu,14936,14936.5
11,590,g_a,dpu,14936.5,15216.3
11,590,g_a,dpu,15216.3,15500
11,590,g_a_cpu,cpu,15500,15500.6
11,590,h_a,dpu,15500.6,15853.6
11,590,eb_enc,cpu,15853.6,15853.7
11,590,eb_dec,cpu,15853.7,15853.8
11,590,h_s,dpu,15853.8,16180.3
11,590,gc,cpu,16180.3,16190.8
11,641,normalize,cpu,16191.6,16195.3
11,641,g_a_cpu,cpu,16195.3,16195.7
11,641,g_a,dpu,16195.7,16519.6
11,641,g_a,dpu,16519.6,16797.6
11,641,g_a_cpu,cpu,16797.6,16798.1
11,641,h_a,dpu,16798.1,17153.3
11,641,eb_enc,cpu,17153.3,17153.4
11,641,eb_dec,cpu,17153.4,17153.5
11,641,h_s,dpu,17153.5,17498.5
11,641,gc,cpu,17498.5,17508.8
11,690,normalize,cpu,17509.4,17513.1
11,690,g_a_cpu,cpu,17513.1,17513.7
11,690,g_a,dpu,17513.7,17787.1
11,690,g_a,dpu,17787.1,18069.3
11,690,g_a_cpu,cpu,18069.3,18069.7
11,690,h_a,dpu,18069.7,18460.9
11,690,eb_enc,cpu,18460.9,18461
11,690,eb_dec,cpu,18461,18461.1
11,690,h_s,dpu,18461.1,18771.4
11,690,gc,cpu,18771.4,18791.8
11,742,normalize,cpu,18792.8,18796.5
11,742,g_a_cpu,cpu,18796.5,18796.8
11,742,g_a,dpu,18796.8,19101.2
11,742,g_a,dpu,19101.2,19138.3
11,742,g_a_cpu,cpu,19138.4,19138.7
11,742,h_a,dpu,19138.7,19462.6
11,742,eb_enc,cpu,19462.6,19462.7
11,742,eb_dec,cpu,19462.7,19462.9
11,742,h_s,dpu,19462.9,19718.9
11,742,gc,cpu,19718.9,19728.9
11,780,normalize,cpu,19729.4,19733.2
11,780,g_a_cpu,cpu,19733.2,19733.6
11,780,g_a,dpu,19733.6,20133.1
11,780,g_a,dpu,20133.1,20407.4
11,780,g_a_cpu,cpu,20407.4,20407.8
11,780,h_a,dpu,20407.8,20650.8
11,780,eb_enc,cpu,20650.8,20651
11,780,eb_dec,cpu,20651,20651.1
11,780,h_s,dpu,20651.1,20935.8
11,780,gc,cpu,20935.8,20946.1
11,827,normalize,cpu,20946.7,20950.3
11,827,g_a_cpu,cpu,20950.3,20950.7
11,827,g_a,dpu,20950.7,21362.6
11,827,g_a,dpu,21362.6,21674.5
11,827,g_a_cpu,cpu,21674.5,21675
11,827,h_a,dpu,21675,21964.7
11,827,eb_enc,cpu,21964.7,21964.8
11,827,eb_dec,cpu,21964.8,21964.9
11,827,h_s,dpu,21964.9,22237.3
11,827,gc,cpu,22237.3,22252.8
11,878,normalize,cpu,22253.2,22256.9
11,878,g_a_cpu,cpu,22256.9,22257.5
11,878,g_a,dpu,22257.5,22584.3
11,878,g_a,dpu,22584.3,22998.8
11,878,g_a_cpu,cpu,22998.8,22999.2
11,878,h_a,dpu,22999.2,23252
11,878,eb_enc,cpu,23252,23252.1
11,878,eb_dec,cpu,23252.1,23252.2
11,878,h_s,dpu,23252.2,23461.2
11,878,gc,cpu,23461.2,23471.5
11,926,normalize,cpu,23472,23475.7
11,926,g_a_cpu,cpu,23475.7,23476.1
11,926,g_a,dpu,23476.1,23807.2
11,926,g_a,dpu,23807.2,24047.3
11,926,g_a_cpu,cpu,24047.3,24048
11,926,h_a,dpu,24048,24086.5
11,926,eb_enc,cpu,24086.5,24086.7
11,926,eb_dec,cpu,24086.7,24086.8
11,926,h_s,dpu,24086.8,24088.1
11,926,gc,cpu,24088.1,24098.1
12,24,normalize,cpu,95.0468,107.169
12,24,g_a_cpu,cpu,107.268,107.718
12,24,g_a,dpu,107.724,223.115
12,24,g_a,dpu,223.127,799.972
12,24,g_a_cpu,cpu,799.976,800.47
12,24,h_a,dpu,800.477,1274.41
12,24,eb_enc,cpu,1274.41,1274.54
12,24,eb_dec,cpu,1274.54,1274.65
12,24,h_s,dpu,1274.65,1275.66
12,24,gc,cpu,1275.66,1296.56
12,53,normalize,cpu,1297.57,1301.51
12,53,g_a_cpu,cpu,1301.51,1310.78
12,53,g_a,dpu,1310.8,1356.45
12,53,g_a,dpu,1356.45,1588.56
12,53,g_a_cpu,cpu,1588.56,1588.91
12,53,h_a,dpu,1588.91,1590.07
12,53,eb_enc,cpu,1590.07,1590.22
12,53,eb_dec,cpu,1590.22,1590.36
12,53,h_s,dpu,1590.36,2063.45
12,53,gc,cpu,2063.45,2073.14
12,100,normalize,cpu,2073.6,2077.24
12,100,g_a_cpu,cpu,2077.24,2077.56
12,100,g_a,dpu,2077.56,2471.26
12,100,g_a,dpu,2471.27,2733.9
12,100,g_a_cpu,cpu,2733.9,2734.24
12,100,h_a,dpu,2734.25,3247.06
12,100,eb_enc,cpu,3247.07,3247.22
12,100,eb_dec,cpu,3247.22,3247.33
12,100,h_s,dpu,3247.33,3654.83
12,100,gc,cpu,3654.83,3664.86
12,152,normalize,cpu,3665.41,3669.12
12,152,g_a_cpu,cpu,3669.12,3669.87
12,152,g_a,dpu,3669.87,3724.37
12,152,g_a,dpu,3724.38,4034.56
12,152,g_a_cpu,cpu,4034.57,4035.15
12,152,h_a,dpu,4035.15,4548.88
12,152,eb_enc,cpu,4548.88,4549.06
12,152,eb_dec,cpu,4549.06,4549.18
12,152,h_s,dpu,4549.18,4784.72
12,152,gc,cpu,4784.72,4794.91
12,201,normalize,cpu,4795.45,4799.17
12,201,g_a_cpu,cpu,4799.17,4799.42
12,201,g_a,dpu,4799.43,4983.83
12,201,g_a,dpu,4983.84,5747.35
12,201,g_a_cpu,cpu,5747.35,5747.9
12,201,h_a,dpu,5747.9,6013.41
12,201,eb_enc,cpu,6013.41,6013.55
12,201,eb_dec,cpu,6013.55,6013.66
12,201,h_s,dpu,6013.66,6187.48
12,201,gc,cpu,6187.48,6198.48
12,255,normalize,cpu,6201.39,6205.04
12,255,g_a_cpu,cpu,6205.05,6205.65
12,255,g_a,dpu,6205.66,6490.83
12,255,g_a,dpu,6490.83,6938.82
12,255,g_a_cpu,cpu,6938.82,6939.32
12,255,h_a,dpu,6939.32,7166.16
12,255,eb_enc,cpu,7166.16,7166.35
12,255,eb_dec,cpu,7166.35,7166.47
12,255,h_s,dpu,7166.47,7364.25
12,255,gc,cpu,7364.26,7379.25
12,303,normalize,cpu,7385.41,7389.05
12,303,g_a_cpu,cpu,7389.06,7389.38
12,303,g_a,dpu,7389.38,7779.89
12,303,g_a,dpu,7779.9,8156.8
12,303,g_a_cpu,cpu,8156.8,8157.16
12,303,h_a,dpu,8157.17,8421.04
12,303,eb_enc,cpu,8421.04,8421.21
12,303,eb_dec,cpu,8421.21,8421.33
12,303,h_s,dpu,8421.33,8592.86
12,303,gc,cpu,8592.86,8603.35
12,350,normalize,cpu,8604.1,8607.76
12,350,g_a_cpu,cpu,8607.77,8608.22
12,350,g_a,dpu,8608.23,8993.76
12,350,g_a,dpu,8993.76,9030.2
12,350,g_a_cpu,cpu,9030.2,9030.58
12,350,h_a,dpu,9030.59,9589.24
12,350,eb_enc,cpu,9589.24,9589.37
12,350,eb_dec,cpu,9589.37,9589.49
12,350,h_s,dpu,9589.49,9790.38
12,350,gc,cpu,9790.38,9800.24
12,395,normalize,cpu,9801.12,9804.76
12,395,g_a_cpu,cpu,9804.77,9805.22
12,395,g_a,dpu,9805.22,10204.4
12,395,g_a,dpu,10204.4,10241.1
12,395,g_a_cpu,cpu,10241.1,10241.6
12,395,h_a,dpu,10241.6,10804.1
12,395,eb_enc,cpu,10804.1,10804.2
12,395,eb_dec,cpu,10804.2,10804.3
12,395,h_s,dpu,10804.3,10805.2
12,395,gc,cpu,10805.2,10815.4
12,434,normalize,cpu,10816,10819.7
12,434,g_a_cpu,cpu,10819.7,10820.1
12,434,g_a,dpu,10820.1,11054.8
12,434,g_a,dpu,11054.8,11091.2
12,434,g_a_cpu,cpu,11091.2,11091.6
12,434,h_a,dpu,11091.6,11499.9
12,434,eb_enc,cpu,11499.9,11500.1
12,434,eb_dec,cpu,11500.1,11500.2
12,434,h_s,dpu,11500.2,11501.1
12,434,gc,cpu,11501.1,11517.7
12,463,normalize,cpu,11519.8,11523.5
12,463,g_a_cpu,cpu,11523.5,11524
12,463,g_a,dpu,11524,11986.9
12,463,g_a,dpu,11986.9,12023.3
12,463,g_a_cpu,cpu,12023.3,12023.9
12,463,h_a,dpu,12023.9,12362.8
12,463,eb_enc,cpu,12362.8,12362.9
12,463,eb_dec,cpu,12362.9,12363
12,463,h_s,dpu,12363,12364
12,463,gc,cpu,12364,12374.1
12,496,normalize,cpu,12374.7,12378.4
12,496,g_a_cpu,cpu,12378.4,12378.8
12,496,g_a,dpu,12378.8,12738.4
12,496,g_a,dpu,12738.4,13213.6
12,496,g_a_cpu,cpu,13213.6,13214
12,496,h_a,dpu,13214,13450.4
12,496,eb_enc,cpu,13450.4,13450.5
12,496,eb_dec,cpu,13450.5,13450.7
12,496,h_s,dpu,13450.7,13655.6
12,496,gc,cpu,13655.6,13667.9
12,543,normalize,cpu,13672.2,13675.9
12,543,g_a_cpu,cpu,13675.9,13676.5
12,543,g_a,dpu,13676.5,14041.3
12,543,g_a,dpu,14041.3,14518.5
12,543,g_a_cpu,cpu,14518.5,14519.1
12,543,h_a,dpu,14519.1,14727
12,543,eb_enc,cpu,14727,14727.2
12,543,eb_dec,cpu,14727.2,14727.3
12,543,h_s,dpu,14727.3,14941
12,543,gc,cpu,14941,14951.9
12,595,normalize,cpu,14952.4,14956.1
12,595,g_a_cpu,cpu,14956.1,14956.4
12,595,g_a,dpu,14956.4,15351.9
12,595,g_a,dpu,15351.9,15753.9
12,595,g_a_cpu,cpu,15753.9,15754.2
12,595,h_a,dpu,15754.2,15952.4
12,595,eb_enc,cpu,15952.4,15952.6
12,595,eb_dec,cpu,15952.6,15952.7
12,595,h_s,dpu,15952.7,16154.9
12,595,gc,cpu,16154.9,16165.6
12,639,normalize,cpu,16166.6,16210.2
12,639,g_a_cpu,cpu,16210.2,16210.7
12,639,g_a,dpu,16210.7,16952
12,639,g_a,dpu,16952,16988.3
12,639,g_a_cpu,cpu,16988.3,16988.7
12,639,h_a,dpu,16988.7,17191.3
12,639,eb_enc,cpu,17191.3,17191.5
12,639,eb_dec,cpu,17191.5,17191.6
12,639,h_s,dpu,17191.6,17659.4
12,639,gc,cpu,17659.4,17669.6
12,699,normalize,cpu,17670.1,17673.8
12,699,g_a_cpu,cpu,17673.8,17674.1
12,699,g_a,dpu,17674.1,18073.4
12,699,g_a,dpu,18073.4,18425.1
12,699,g_a_cpu,cpu,18425.1,18425.4
12,699,h_a,dpu,18425.4,18664.8
12,699,eb_enc,cpu,18664.8,18664.9
12,699,eb_dec,cpu,18664.9,18665.1
12,699,h_s,dpu,18665.1,18925
12,699,gc,cpu,18925,18935.5
12,747,normalize,cpu,18936.1,18939.8
12,747,g_a_cpu,cpu,18939.8,18940.5
12,747,g_a,dpu,18940.5,19307.5
12,747,g_a,dpu,19307.5,19623.1
12,747,g_a_cpu,cpu,19623.1,19623.6
12,747,h_a,dpu,19623.6,19849.9
12,747,eb_enc,cpu,19849.9,19850.1
12,747,eb_dec,cpu,19850.1,19850.2
12,747,h_s,dpu,19850.2,20151.1
12,747,gc,cpu,20151.1,20161.5
12,793,normalize,cpu,20162,20165.7
12,793,g_a_cpu,cpu,20165.7,20166.2
12,793,g_a,dpu,20166.2,20767.2
12,793,g_a,dpu,20767.2,20803.7
12,793,g_a_cpu,cpu,20803.7,20804.2
12,793,h_a,dpu,20804.2,20805.9
12,793,eb_enc,cpu,20805.9,20806.1
12,793,eb_dec,cpu,20806.1,20806.2
12,793,h_s,dpu,20806.2,21015.2
12,793,gc,cpu,21015.2,21029.5
12,832,normalize,cpu,21030.2,21033.8
12,832,g_a_cpu,cpu,21033.8,21034.3
12,832,g_a,dpu,21034.3,21475.6
12,832,g_a,dpu,21475.6,21913.6
12,832,g_a_cpu,cpu,21913.6,21914.1
12,832,h_a,dpu,21914.1,22083.4
12,832,eb_enc,cpu,22083.4,22083.6
12,832,eb_dec,cpu,22083.6,22083.7
12,832,h_s,dpu,22083.7,22258
12,832,gc,cpu,22258,22267.9
12,881,normalize,cpu,22268.6,22272.2
12,881,g_a_cpu,cpu,22272.2,22272.6
12,881,g_a,dpu,22272.6,22706.5
12,881,g_a,dpu,22706.5,23040.5
12,881,g_a_cpu,cpu,23040.5,23041.1
12,881,h_a,dpu,23041.1,23243.6
12,881,eb_enc,cpu,23243.6,23243.8
12,881,eb_dec,cpu,23243.8,23243.9
12,881,h_s,dpu,23243.9,23521.2
12,881,gc,cpu,23521.2,23530.8
13,39,normalize,cpu,115.517,124.011
13,39,g_a_cpu,cpu,124.03,124.492
13,39,g_a,dpu,124.496,530.071
13,39,g_a,dpu,530.074,1039.18
13,39,g_a_cpu,cpu,1039.18,1039.7
13,39,h_a,dpu,1039.71,1347.35
13,39,eb_enc,cpu,1347.35,1347.51
13,39,eb_dec,cpu,1347.51,1347.63
13,39,h_s,dpu,1347.63,1490.12
13,39,gc,cpu,1490.13,1507.3
13,85,normalize,cpu,1507.98,1511.67
13,85,g_a_cpu,cpu,1511.67,1512.14
13,85,g_a,dpu,1512.14,1765.47
13,85,g_a,dpu,1765.47,2203.9
13,85,g_a_cpu,cpu,2203.9,2204.36
13,85,h_a,dpu,2204.36,2574.9
13,85,eb_enc,cpu,2574.9,2575.09
13,85,eb_dec,cpu,2575.1,2575.22
13,85,h_s,dpu,2575.22,2752.59
13,85,gc,cpu,2752.59,2762.59
13,124,normalize,cpu,2763.09,2766.86
13,124,g_a_cpu,cpu,2766.87,2767.81
13,124,g_a,dpu,2767.81,3010.47
13,124,g_a,dpu,3010.47,3381.64
13,124,g_a_cpu,cpu,3381.65,3382.14
13,124,h_a,dpu,3382.14,3690.08
13,124,eb_enc,cpu,3690.08,3690.28
13,124,eb_dec,cpu,3690.28,3690.44
13,124,h_s,dpu,3690.44,4028.9
13,124,gc,cpu,4028.9,4039.99
13,173,normalize,cpu,4040.75,4044.49
13,173,g_a_cpu,cpu,4044.5,4045.01
13,173,g_a,dpu,4045.01,4490.58
13,173,g_a,dpu,4490.59,4837.02
13,173,g_a_cpu,cpu,4837.02,4837.46
13,173,h_a,dpu,4837.46,5206.25
13,173,eb_enc,cpu,5206.26,5206.4
13,173,eb_dec,cpu,5206.4,5206.51
13,173,h_s,dpu,5206.51,5440.04
13,173,gc,cpu,5440.04,5461.39
13,235,normalize,cpu,5471.54,5475.18
13,235,g_a_cpu,cpu,5475.19,5475.57
13,235,g_a,dpu,5475.58,5862.22
13,235,g_a,dpu,5862.22,6178.74
13,235,g_a_cpu,cpu,6178.75,6179.47
13,235,h_a,dpu,6179.47,6513.72
13,235,eb_enc,cpu,6513.72,6513.85
13,235,eb_dec,cpu,6513.85,6513.96
13,235,h_s,dpu,6513.96,6771.44
13,235,gc,cpu,6771.44,6794.52
13,284,normalize,cpu,6795.26,6798.95
13,284,g_a_cpu,cpu,6798.95,6799.25
13,284,g_a,dpu,6799.25,7165.66
13,284,g_a,dpu,7165.67,7537.68
13,284,g_a_cpu,cpu,7537.68,7538.14
13,284,h_a,dpu,7538.15,7745.96
13,284,eb_enc,cpu,7745.96,7746.09
13,284,eb_dec,cpu,7746.09,7746.2
13,284,h_s,dpu,7746.2,8046.06
13,284,gc,cpu,8046.06,8056.01
13,329,normalize,cpu,8056.45,8060.16
13,329,g_a_cpu,cpu,8060.17,8060.44
13,329,g_a,dpu,8060.44,8351.38
13,329,g_a,dpu,8351.38,8691.09
13,329,g_a_cpu,cpu,8691.09,8691.44
13,329,h_a,dpu,8691.45,8988.99
13,329,eb_enc,cpu,8988.99,8989.11
13,329,eb_dec,cpu,8989.11,8989.22
13,329,h_s,dpu,8989.22,9269.76
13,329,gc,cpu,9269.76,9279.53
13,377,normalize,cpu,9279.96,9283.64
13,377,g_a_cpu,cpu,9283.64,9283.94
13,377,g_a,dpu,9283.95,9574.36
13,377,g_a,dpu,9574.37,9911.81
13,377,g_a_cpu,cpu,9911.81,9912.25
13,377,h_a,dpu,9912.25,10220.9
13,377,eb_enc,cpu,10220.9,10221.1
13,377,eb_dec,cpu,10221.1,10221.2
13,377,h_s,dpu,10221.2,10461.8
13,377,gc,cpu,10461.8,10472
13,424,normalize,cpu,10472.4,10476.1
13,424,g_a_cpu,cpu,10476.1,10476.5
13,424,g_a,dpu,10476.5,10902.9
13,424,g_a,dpu,10902.9,11203.8
13,424,g_a_cpu,cpu,11203.8,11204.2
13,424,h_a,dpu,11204.2,11363.9
13,424,eb_enc,cpu,11363.9,11364.1
13,424,eb_dec,cpu,11364.1,11364.2
13,424,h_s,dpu,11364.2,11718.5
13,424,gc,cpu,11718.5,11729.3
13,471,normalize,cpu,11729.8,11733.5
13,471,g_a_cpu,cpu,11733.5,11733.8
13,471,g_a,dpu,11733.8,12122.6
13,471,g_a,dpu,12122.6,12388.1
13,471,g_a_cpu,cpu,12388.1,12388.5
13,471,h_a,dpu,12388.5,12602.7
13,471,eb_enc,cpu,12602.7,12602.9
13,471,eb_dec,cpu,12602.9,12603
13,471,h_s,dpu,12603,12976
13,471,gc,cpu,12976,12986.1
13,518,normalize,cpu,12986.7,12990.4
13,518,g_a_cpu,cpu,12990.4,12990.8
13,518,g_a,dpu,12990.8,13395
13,518,g_a,dpu,13395,13662.6
13,518,g_a_cpu,cpu,13662.6,13663.1
13,518,h_a,dpu,13663.1,13868.1
13,518,eb_enc,cpu,13868.1,13868.2
13,518,eb_dec,cpu,13868.2,13868.3
13,518,h_s,dpu,13868.3,14205.1
13,518,gc,cpu,14205.1,14215.3
13,566,normalize,cpu,14215.7,14219.4
13,566,g_a_cpu,cpu,14219.4,14219.7
13,566,g_a,dpu,14219.7,14617.2
13,566,g_a,dpu,14617.2,14901.1
13,566,g_a_cpu,cpu,14901.1,14901.6
13,566,h_a,dpu,14901.6,15103.5
13,566,eb_enc,cpu,15103.5,15103.7
13,566,eb_dec,cpu,15103.7,15103.8
13,566,h_s,dpu,15103.8,15418.7
13,566,gc,cpu,15418.7,15429.2
13,614,normalize,cpu,15429.6,15433.3
13,614,g_a_cpu,cpu,15433.3,15433.6
13,614,g_a,dpu,15433.6,15860.3
13,614,g_a,dpu,15860.3,16132.1
13,614,g_a_cpu,cpu,16132.1,16132.4
13,614,h_a,dpu,16132.4,16375.9
13,614,eb_enc,cpu,16375.9,16376
13,614,eb_dec,cpu,16376,16376.1
13,614,h_s,dpu,16376.1,16675.6
13,614,gc,cpu,16675.6,16685.5
13,661,normalize,cpu,16686,16689.6
13,661,g_a_cpu,cpu,16689.7,16690
13,661,g_a,dpu,16690,17260.9
13,661,g_a,dpu,17260.9,17979.5
13,661,g_a_cpu,cpu,17979.5,17979.9
13,661,h_a,dpu,17979.9,17981.6
13,661,eb_enc,cpu,17981.6,17981.7
13,661,eb_dec,cpu,17981.7,17981.8
13,661,h_s,dpu,17981.8,18455
13,661,gc,cpu,18455,18465.5
13,730,normalize,cpu,18466.6,18470.2
13,730,g_a_cpu,cpu,18470.2,18470.7
13,730,g_a,dpu,18470.7,18802.6
13,730,g_a,dpu,18802.6,19210
13,730,g_a_cpu,cpu,19210,19210.7
13,730,h_a,dpu,19210.7,19456.6
13,730,eb_enc,cpu,19456.6,19456.7
13,730,eb_dec,cpu,19456.7,19456.8
13,730,h_s,dpu,19456.8,19458.2
13,730,gc,cpu,19458.2,19468.4
13,762,normalize,cpu,19468.9,19472.7
13,762,g_a_cpu,cpu,19472.7,19473.3
13,762,g_a,dpu,19473.3,19730.8
13,762,g_a,dpu,19730.8,20067
13,762,g_a_cpu,cpu,20067,20067.4
13,762,h_a,dpu,20067.4,20436.1
13,762,eb_enc,cpu,20436.1,20436.2
13,762,eb_dec,cpu,20436.2,20436.4
13,762,h_s,dpu,20436.4,20673.5
13,762,gc,cpu,20673.5,20686.6
13,818,normalize,cpu,20687.2,20690.8
13,818,g_a_cpu,cpu,20690.8,20691.2
13,818,g_a,dpu,20691.2,20991
13,818,g_a,dpu,20991,21027.6
13,818,g_a_cpu,cpu,21027.6,21028.2
13,818,h_a,dpu,21028.2,21359.6
13,818,eb_enc,cpu,21359.6,21359.7
13,818,eb_dec,cpu,21359.7,21359.8
13,818,h_s,dpu,21359.8,21663.4
13,818,gc,cpu,21663.4,21673.2
13,847,normalize,cpu,21673.6,21677.4
13,847,g_a_cpu,cpu,21677.4,21677.9
13,847,g_a,dpu,21677.9,21906.4
13,847,g_a,dpu,21906.4,22250.2
13,847,g_a_cpu,cpu,22250.2,22250.8
13,847,h_a,dpu,22250.8,22617.2
13,847,eb_enc,cpu,22617.2,22617.3
13,847,eb_dec,cpu,22617.3,22617.5
13,847,h_s,dpu,22617.5,22882.4
13,847,gc,cpu,22882.4,22893.5
13,896,normalize,cpu,22894.1,22897.8
13,896,g_a_cpu,cpu,22897.8,22898.2
13,896,g_a,dpu,22898.2,23111.3
13,896,g_a,dpu,23111.3,23798.8
13,896,g_a_cpu,cpu,23798.8,23799.3
13,896,h_a,dpu,23799.3,24061.3
13,896,eb_enc,cpu,24061.3,24061.4
13,896,eb_dec,cpu,24061.4,24061.5
13,896,h_s,dpu,24061.5,24115.5
13,896,gc,cpu,24115.5,24129
14,12,normalize,cpu,82.9962,123.744
14,12,g_a_cpu,cpu,123.75,124.162
14,12,g_a,dpu,124.169,390.489
14,12,g_a,dpu,390.492,940.949
14,12,g_a_cpu,cpu,940.95,941.381
14,12,h_a,dpu,941.387,1295.64
14,12,eb_enc,cpu,1295.64,1295.84
14,12,eb_dec,cpu,1295.84,1295.97
14,12,h_s,dpu,1295.97,1446.4
14,12,gc,cpu,1446.4,1456.43
14,81,normalize,cpu,1456.9,1460.55
14,81,g_a_cpu,cpu,1460.56,1460.92
14,81,g_a,dpu,1460.92,1796.52
14,81,g_a,dpu,1796.52,2380.83
14,81,g_a_cpu,cpu,2380.83,2381.31
14,81,h_a,dpu,2381.31,2630.22
14,81,eb_enc,cpu,2630.22,2630.38
14,81,eb_dec,cpu,2630.39,2630.51
14,81,h_s,dpu,2630.51,2803.55
14,81,gc,cpu,2803.55,2814.01
14,134,normalize,cpu,2814.61,2818.23
14,134,g_a_cpu,cpu,2818.23,2818.69
14,134,g_a,dpu,2818.69,3163.66
14,134,g_a,dpu,3163.66,3652.42
14,134,g_a_cpu,cpu,3652.42,3652.95
14,134,h_a,dpu,3652.96,3947.62
14,134,eb_enc,cpu,3947.63,3947.75
14,134,eb_dec,cpu,3947.75,3947.86
14,134,h_s,dpu,3947.86,4101.8
14,134,gc,cpu,4101.81,4113.35
14,179,normalize,cpu,4116.29,4119.97
14,179,g_a_cpu,cpu,4119.98,4120.53
14,179,g_a,dpu,4120.53,4425.13
14,179,g_a,dpu,4425.14,4878.7
14,179,g_a_cpu,cpu,4878.7,4879.18
14,179,h_a,dpu,4879.18,5228.7
14,179,eb_enc,cpu,5228.7,5228.83
14,179,eb_dec,cpu,5228.83,5228.95
14,179,h_s,dpu,5228.95,5381.35
14,179,gc,cpu,5381.36,5409.9
14,230,normalize,cpu,5410.32,5413.96
14,230,g_a_cpu,cpu,5413.96,5414.49
14,230,g_a,dpu,5414.5,5804.95
14,230,g_a,dpu,5804.95,6303.19
14,230,g_a_cpu,cpu,6303.19,6303.55
14,230,h_a,dpu,6303.55,6511.28
14,230,eb_enc,cpu,6511.28,6511.42
14,230,eb_dec,cpu,6511.43,6511.54
14,230,h_s,dpu,6511.54,6664.86
14,230,gc,cpu,6664.87,6675.19
14,276,normalize,cpu,6675.74,6679.38
14,276,g_a_cpu,cpu,6679.38,6680.44
14,276,g_a,dpu,6680.44,7078.91
14,276,g_a,dpu,7078.91,7559.4
14,276,g_a_cpu,cpu,7559.4,7559.8
14,276,h_a,dpu,7559.8,7771.68
14,276,eb_enc,cpu,7771.68,7771.8
14,276,eb_dec,cpu,7771.8,7771.92
14,276,h_s,dpu,7771.92,7773.04
14,276,gc,cpu,7773.04,7787.61
14,314,normalize,cpu,7788.22,7791.9
14,314,g_a_cpu,cpu,7791.91,7792.37
14,314,g_a,dpu,7792.38,7939.58
14,314,g_a,dpu,7939.58,8389.37
14,314,g_a_cpu,cpu,8389.37,8389.8
14,314,h_a,dpu,8389.81,8818
14,314,eb_enc,cpu,8818,8818.13
14,314,eb_dec,cpu,8818.13,8818.25
14,314,h_s,dpu,8818.25,9058.93
14,314,gc,cpu,9058.93,9069.48
14,363,normalize,cpu,9070.12,9073.76
14,363,g_a_cpu,cpu,9073.77,9074.19
14,363,g_a,dpu,9074.2,9280.58
14,363,g_a,dpu,9280.59,9694.65
14,363,g_a_cpu,cpu,9694.65,9695.01
14,363,h_a,dpu,9695.01,10074
14,363,eb_enc,cpu,10074,10074.1
14,363,eb_dec,cpu,10074.1,10074.2
14,363,h_s,dpu,10074.2,10284.6
14,363,gc,cpu,10284.6,10295
14,412,normalize,cpu,10295.6,10299.3
14,412,g_a_cpu,cpu,10299.3,10299.9
14,412,g_a,dpu,10299.9,10500.2
14,412,g_a,dpu,10500.2,10536.9
14,412,g_a_cpu,cpu,10536.9,10537.4
14,412,h_a,dpu,10537.4,11333.1
14,412,eb_enc,cpu,11333.1,11333.2
14,412,eb_dec,cpu,11333.2,11333.4
14,412,h_s,dpu,11333.4,11334.9
14,412,gc,cpu,11334.9,11346.2
14,455,normalize,cpu,11346.9,11350.6
14,455,g_a_cpu,cpu,11350.6,11351.1
14,455,g_a,dpu,11351.1,11794.9
14,455,g_a,dpu,11794.9,12172.9
14,455,g_a_cpu,cpu,12172.9,12173.4
14,455,h_a,dpu,12173.4,12780.1
14,455,eb_enc,cpu,12780.1,12780.3
14,455,eb_dec,cpu,12780.3,12780.4
14,455,h_s,dpu,12780.4,12995.2
14,455,gc,cpu,12995.2,13005.3
14,522,normalize,cpu,13006.2,13009.9
14,522,g_a_cpu,cpu,13009.9,13010.3
14,522,g_a,dpu,13010.3,13453.4
14,522,g_a,dpu,13453.4,13799
14,522,g_a_cpu,cpu,13799,13799.5
14,522,h_a,dpu,13799.5,14050.4
14,522,eb_enc,cpu,14050.4,14050.6
14,522,eb_dec,cpu,14050.6,14050.7
14,522,h_s,dpu,14050.7,14294.7
14,522,gc,cpu,14294.7,14304.9
14,571,normalize,cpu,14305.5,14309.2
14,571,g_a_cpu,cpu,14309.2,14309.6
14,571,g_a,dpu,14309.7,14713.5
14,571,g_a,dpu,14713.5,15075.8
14,571,g_a_cpu,cpu,15075.8,15076.3
14,571,h_a,dpu,15076.3,15298.8
14,571,eb_enc,cpu,15298.8,15298.9
14,571,eb_dec,cpu,15298.9,15299.1
14,571,h_s,dpu,15299.1,15587.7
14,571,gc,cpu,15587.7,15597.8
14,619,normalize,cpu,15598.4,15602.1
14,619,g_a_cpu,cpu,15602.1,15602.5
14,619,g_a,dpu,15602.5,16004.9
14,619,g_a,dpu,16004.9,16344.4
14,619,g_a_cpu,cpu,16344.4,16344.9
14,619,h_a,dpu,16344.9,16637.6
14,619,eb_enc,cpu,16637.6,16637.7
14,619,eb_dec,cpu,16637.7,16637.9
14,619,h_s,dpu,16637.9,16920.7
14,619,gc,cpu,16920.7,16930.8
14,669,normalize,cpu,16931.3,16935
14,669,g_a_cpu,cpu,16935,16935.5
14,669,g_a,dpu,16935.5,17307.6
14,669,g_a,dpu,17307.6,17666.2
14,669,g_a_cpu,cpu,17666.2,17666.8
14,669,h_a,dpu,17666.8,17906.8
14,669,eb_enc,cpu,17906.8,17907
14,669,eb_dec,cpu,17907,17907.1
14,669,h_s,dpu,17907.1,18186
14,669,gc,cpu,18186,18196.8
14,715,normalize,cpu,18197.3,18201
14,715,g_a_cpu,cpu,18201,18201.7
14,715,g_a,dpu,18201.7,18543.5
14,715,g_a,dpu,18543.5,18901
14,715,g_a_cpu,cpu,18901,18901.3
14,715,h_a,dpu,18901.3,19179.7
14,715,eb_enc,cpu,19179.7,19179.9
14,715,eb_dec,cpu,19179.9,19180
14,715,h_s,dpu,19180,19473.3
14,715,gc,cpu,19473.3,19484.2
14,764,normalize,cpu,19484.8,19488.5
14,764,g_a_cpu,cpu,19488.5,19488.9
14,764,g_a,dpu,19488.9,19758.8
14,764,g_a,dpu,19758.8,19795.5
14,764,g_a_cpu,cpu,19795.5,19795.9
14,764,h_a,dpu,19795.9,20208.5
14,764,eb_enc,cpu,20208.5,20208.7
14,764,eb_dec,cpu,20208.7,20208.8
14,764,h_s,dpu,20208.8,20482.2
14,764,gc,cpu,20482.2,20493.4
14,803,normalize,cpu,20494.1,20497.8
14,803,g_a_cpu,cpu,20497.8,20498.3
14,803,g_a,dpu,20498.3,20707.3
14,803,g_a,dpu,20707.3,21095.1
14,803,g_a_cpu,cpu,21095.1,21095.6
14,803,h_a,dpu,21095.6,21548.9
14,803,eb_enc,cpu,21548.9,21549
14,803,eb_dec,cpu,21549,21549.2
14,803,h_s,dpu,21549.2,21758.9
14,803,gc,cpu,21758.9,21768.9
14,852,normalize,cpu,21769.6,21773.3
14,852,g_a_cpu,cpu,21773.3,21773.6
14,852,g_a,dpu,21773.6,22011.3
14,852,g_a,dpu,22011.3,22387.5
14,852,g_a_cpu,cpu,22387.5,22387.9
14,852,h_a,dpu,22387.9,22733.4
14,852,eb_enc,cpu,22733.4,22733.6
14,852,eb_dec,cpu,22733.6,22733.7
14,852,h_s,dpu,22733.7,23045
14,852,gc,cpu,23045,23054.8
14,901,normalize,cpu,23055.2,23058.9
14,901,g_a_cpu,cpu,23058.9,23059.3
14,901,g_a,dpu,23059.3,23301.5
14,901,g_a,dpu,23301.5,23649.9
14,901,g_a_cpu,cpu,23649.9,23650.5
14,901,h_a,dpu,23650.5,23955.5
14,901,eb_enc,cpu,23955.5,23955.7
14,901,eb_dec,cpu,23955.7,23955.8
14,901,h_s,dpu,23955.8,23956.9
14,901,gc,cpu,23956.9,23973.4
15,16,normalize,cpu,86.9338,114.632
15,16,g_a_cpu,cpu,114.784,115.391
15,16,g_a,dpu,115.403,259.157
15,16,g_a,dpu,259.161,835.836
15,16,g_a_cpu,cpu,835.837,836.216
15,16,h_a,dpu,836.222,1299.96
15,16,eb_enc,cpu,1299.97,1300.1
15,16,eb_dec,cpu,1300.1,1300.22
15,16,h_s,dpu,1300.22,1301.29
15,16,gc,cpu,1301.3,1326.95
15,55,normalize,cpu,1328.3,1339.46
15,55,g_a_cpu,cpu,1339.47,1340.33
15,55,g_a,dpu,1340.33,1442.86
15,55,g_a,dpu,1442.86,1950.43
15,55,g_a_cpu,cpu,1950.43,1950.88
15,55,h_a,dpu,1950.89,2323.14
15,55,eb_enc,cpu,2323.14,2323.27
15,55,eb_dec,cpu,2323.28,2323.39
15,55,h_s,dpu,2323.39,2552.93
15,55,gc,cpu,2552.93,2567.67
15,108,normalize,cpu,2573.86,2601.69
15,108,g_a_cpu,cpu,2601.7,2602.21
15,108,g_a,dpu,2602.22,2991.97
15,108,g_a,dpu,2991.97,3500.62
15,108,g_a_cpu,cpu,3500.63,3501.11
15,108,h_a,dpu,3501.12,3673.3
15,108,eb_enc,cpu,3673.3,3673.47
15,108,eb_dec,cpu,3673.47,3673.58
15,108,h_s,dpu,3673.58,3729.59
15,108,gc,cpu,3729.59,3741.3
15,162,normalize,cpu,3742.03,3745.85
15,162,g_a_cpu,cpu,3745.85,3746.29
15,162,g_a,dpu,3746.29,4149.83
15,162,g_a,dpu,4149.84,4596.89
15,162,g_a_cpu,cpu,4596.89,4597.41
15,162,h_a,dpu,4597.41,4893.95
15,162,eb_enc,cpu,4893.96,4894.12
15,162,eb_dec,cpu,4894.12,4894.24
15,162,h_s,dpu,4894.24,5093.6
15,162,gc,cpu,5093.6,5103.67
15,210,normalize,cpu,5104.24,5108.02
15,210,g_a_cpu,cpu,5108.02,5108.33
15,210,g_a,dpu,5108.34,5144.81
15,210,g_a,dpu,5144.81,5490.84
15,210,g_a_cpu,cpu,5490.84,5491.47
15,210,h_a,dpu,5491.48,5493.73
15,210,eb_enc,cpu,5493.73,5493.92
15,210,eb_dec,cpu,5493.92,5494.04
15,210,h_s,dpu,5494.04,6166.66
15,210,gc,cpu,6166.66,6198.47
15,253,normalize,cpu,6199.08,6202.8
15,253,g_a_cpu,cpu,6202.8,6203.39
15,253,g_a,dpu,6203.39,6454.95
15,253,g_a,dpu,6454.95,6902.06
15,253,g_a_cpu,cpu,6902.07,6902.47
15,253,h_a,dpu,6902.47,7165.17
15,253,eb_enc,cpu,7165.17,7165.33
15,253,eb_dec,cpu,7165.33,7165.44
15,253,h_s,dpu,7165.44,7363.43
15,253,gc,cpu,7363.43,7374.09
15,298,normalize,cpu,7375.2,7378.86
15,298,g_a_cpu,cpu,7378.87,7379.45
15,298,g_a,dpu,7379.46,7562.53
15,298,g_a,dpu,7562.53,7974.55
15,298,g_a_cpu,cpu,7974.55,7974.98
15,298,h_a,dpu,7975,8380.08
15,298,eb_enc,cpu,8380.08,8380.23
15,298,eb_dec,cpu,8380.23,8380.35
15,298,h_s,dpu,8380.35,8543.38
15,298,gc,cpu,8543.39,8559.41
15,349,normalize,cpu,8560.18,8563.87
15,349,g_a_cpu,cpu,8563.87,8564.45
15,349,g_a,dpu,8564.46,8884.5
15,349,g_a,dpu,8884.5,9251.16
15,349,g_a_cpu,cpu,9251.16,9251.6
15,349,h_a,dpu,9251.6,9550.92
15,349,eb_enc,cpu,9550.92,9551.07
15,349,eb_dec,cpu,9551.07,9551.18
15,349,h_s,dpu,9551.18,9743.46
15,349,gc,cpu,9743.46,9753.68
15,392,normalize,cpu,9754.23,9757.87
15,392,g_a_cpu,cpu,9757.87,9758.29
15,392,g_a,dpu,9758.29,10060.3
15,392,g_a,dpu,10060.3,10502.7
15,392,g_a_cpu,cpu,10502.7,10503.1
15,392,h_a,dpu,10503.1,10800.6
15,392,eb_enc,cpu,10800.6,10800.8
15,392,eb_dec,cpu,10800.8,10800.9
15,392,h_s,dpu,10800.9,10967.3
15,392,gc,cpu,10967.3,10978.2
15,438,normalize,cpu,10978.9,10982.6
15,438,g_a_cpu,cpu,10982.6,10983
15,438,g_a,dpu,10983,11318.6
15,438,g_a,dpu,11318.6,11654.2
15,438,g_a_cpu,cpu,11654.2,11654.6
15,438,h_a,dpu,11654.6,12061.5
15,438,eb_enc,cpu,12061.5,12061.6
15,438,eb_dec,cpu,12061.6,12061.7
15,438,h_s,dpu,12061.7,12258.6
15,438,gc,cpu,12258.6,12268.8
15,487,normalize,cpu,12269.3,12277.4
15,487,g_a_cpu,cpu,12277.4,12277.9
15,487,g_a,dpu,12277.9,12810.2
15,487,g_a,dpu,12810.2,12846.7
15,487,g_a_cpu,cpu,12846.7,12847.1
15,487,h_a,dpu,12847.1,12848.3
15,487,eb_enc,cpu,12848.3,12848.5
15,487,eb_dec,cpu,12848.5,12848.6
15,487,h_s,dpu,12848.6,13287.9
15,487,gc,cpu,13287.9,13298.8
15,527,normalize,cpu,13299.5,13305.3
15,527,g_a_cpu,cpu,13305.3,13305.7
15,527,g_a,dpu,13305.7,13845.9
15,527,g_a,dpu,13845.9,13882.4
15,527,g_a_cpu,cpu,13882.4,13882.9
15,527,h_a,dpu,13882.9,13885.1
15,527,eb_enc,cpu,13885.1,13885.3
15,527,eb_dec,cpu,13885.3,13885.4
15,527,h_s,dpu,13885.4,14527.3
15,527,gc,cpu,14527.3,14537.2
15,575,normalize,cpu,14537.8,14541.5
15,575,g_a_cpu,cpu,14541.5,14541.9
15,575,g_a,dpu,14541.9,15423.7
15,575,g_a,dpu,15423.7,15460.1
15,575,g_a_cpu,cpu,15460.1,15460.6
15,575,h_a,dpu,15460.6,15954
15,575,eb_enc,cpu,15954,15954.2
15,575,eb_dec,cpu,15954.2,15954.3
15,575,h_s,dpu,15954.3,16168.6
15,575,gc,cpu,16168.6,16198
15,642,normalize,cpu,16198.9,16202.6
15,642,g_a_cpu,cpu,16202.7,16203.1
15,642,g_a,dpu,16203.1,16879.7
15,642,g_a,dpu,16879.7,16916.1
15,642,g_a_cpu,cpu,16916.1,16916.6
15,642,h_a,dpu,16916.6,17380.6
15,642,eb_enc,cpu,17380.6,17380.8
15,642,eb_dec,cpu,17380.8,17380.9
15,642,h_s,dpu,17380.9,17382.3
15,642,gc,cpu,17382.3,17392.7
15,688,normalize,cpu,17393.3,17397
15,688,g_a_cpu,cpu,17397,17397.3
15,688,g_a,dpu,17397.3,17767.5
15,688,g_a,dpu,17767.5,18182.1
15,688,g_a_cpu,cpu,18182.1,18182.7
15,688,h_a,dpu,18182.7,18428.5
15,688,eb_enc,cpu,18428.5,18428.7
15,688,eb_dec,cpu,18428.7,18428.8
15,688,h_s,dpu,18428.8,18667.2
15,688,gc,cpu,18667.2,18677.8
15,736,normalize,cpu,18678.4,18682
15,736,g_a_cpu,cpu,18682,18682.4
15,736,g_a,dpu,18682.4,19036.1
15,736,g_a,dpu,19036.1,19452.7
15,736,g_a_cpu,cpu,19452.7,19453.2
15,736,h_a,dpu,19453.2,19661.8
15,736,eb_enc,cpu,19661.8,19661.9
15,736,eb_dec,cpu,19661.9,19662
15,736,h_s,dpu,19662,19855.2
15,736,gc,cpu,19855.2,19865.5
15,786,normalize,cpu,19866,19869.8
15,786,g_a_cpu,cpu,19869.8,19870.2
15,786,g_a,dpu,19870.2,20266.2
15,786,g_a,dpu,20266.2,20636.7
15,786,g_a_cpu,cpu,20636.7,20637.2
15,786,h_a,dpu,20637.2,20809.3
15,786,eb_enc,cpu,20809.3,20809.6
15,786,eb_dec,cpu,20809.6,20809.7
15,786,h_s,dpu,20809.7,21029.7
15,786,gc,cpu,21029.7,21040.1
15,834,normalize,cpu,21040.5,21044.2
15,834,g_a_cpu,cpu,21044.2,21044.5
15,834,g_a,dpu,21044.5,21547.7
15,834,g_a,dpu,21547.7,21985.5
15,834,g_a_cpu,cpu,21985.5,21986.2
15,834,h_a,dpu,21986.2,22086.2
15,834,eb_enc,cpu,22086.2,22086.3
15,834,eb_dec,cpu,22086.3,22086.4
15,834,h_s,dpu,22086.4,22932.7
15,834,gc,cpu,22932.7,22942.5
15,898,normalize,cpu,22942.9,22946.6
15,898,g_a_cpu,cpu,22946.6,22946.9
15,898,g_a,dpu,22946.9,23170.4
15,898,g_a,dpu,23170.4,23518.5
15,898,g_a_cpu,cpu,23518.5,23519.1
15,898,h_a,dpu,23519.1,23520.3
15,898,eb_enc,cpu,23520.3,23520.5
15,898,eb_dec,cpu,23520.5,23520.6
15,898,h_s,dpu,23520.6,23887.4
15,898,gc,cpu,23887.4,23897.3
16,19,normalize,cpu,91.0506,122.246
16,19,g_a_cpu,cpu,122.266,122.735
16,19,g_a,dpu,122.744,856.762
16,19,g_a,dpu,856.765,893.164
16,19,g_a_cpu,cpu,893.166,893.715
16,19,h_a,dpu,893.721,1378.58
16,19,eb_enc,cpu,1378.58,1378.75
16,19,eb_dec,cpu,1378.76,1378.88
16,19,h_s,dpu,1378.88,1506.75
16,19,gc,cpu,1506.77,1517.03
16,87,normalize,cpu,1517.63,1523.87
16,87,g_a_cpu,cpu,1523.88,1524.25
16,87,g_a,dpu,1524.26,1837.7
16,87,g_a,dpu,1837.7,2275.75
16,87,g_a_cpu,cpu,2275.76,2276.28
16,87,h_a,dpu,2276.28,2578.52
16,87,eb_enc,cpu,2578.52,2578.66
16,87,eb_dec,cpu,2578.67,2578.78
16,87,h_s,dpu,2578.78,2759.61
16,87,gc,cpu,2759.61,2772.95
16,126,normalize,cpu,2773.55,2777.26
16,126,g_a_cpu,cpu,2777.27,2777.74
16,126,g_a,dpu,2777.75,2822.56
16,126,g_a,dpu,2822.57,2859
16,126,g_a_cpu,cpu,2859,2859.47
16,126,h_a,dpu,2859.48,3532.58
16,126,eb_enc,cpu,3532.58,3532.7
16,126,eb_dec,cpu,3532.7,3532.81
16,126,h_s,dpu,3532.81,3533.83
16,126,gc,cpu,3533.83,3544.14
16,148,normalize,cpu,3544.72,3548.36
16,148,g_a_cpu,cpu,3548.36,3548.76
16,148,g_a,dpu,3548.77,3916.57
16,148,g_a,dpu,3916.58,4219.2
16,148,g_a_cpu,cpu,4219.2,4219.79
16,148,h_a,dpu,4219.79,4451.31
16,148,eb_enc,cpu,4451.31,4451.45
16,148,eb_dec,cpu,4451.45,4451.57
16,148,h_s,dpu,4451.57,5058.7
16,148,gc,cpu,5058.7,5069.01
16,209,normalize,cpu,5069.57,5073.31
16,209,g_a_cpu,cpu,5073.32,5073.66
16,209,g_a,dpu,5073.66,5325.88
16,209,g_a,dpu,5325.88,5599.14
16,209,g_a_cpu,cpu,5599.14,5599.62
16,209,h_a,dpu,5599.62,5942.38
16,209,eb_enc,cpu,5942.38,5942.51
16,209,eb_dec,cpu,5942.51,5942.63
16,209,h_s,dpu,5942.63,6325.52
16,209,gc,cpu,6325.52,6335.87
16,262,normalize,cpu,6336.39,6340.03
16,262,g_a_cpu,cpu,6340.03,6340.47
16,262,g_a,dpu,6340.47,6606.63
16,262,g_a,dpu,6606.63,6894.46
16,262,g_a_cpu,cpu,6894.46,6894.81
16,262,h_a,dpu,6894.81,7205
16,262,eb_enc,cpu,7205,7205.14
16,262,eb_dec,cpu,7205.14,7205.25
16,262,h_s,dpu,7205.25,7541.06
16,262,gc,cpu,7541.06,7551.21
16,307,normalize,cpu,7551.83,7555.5
16,307,g_a_cpu,cpu,7555.5,7555.94
16,307,g_a,dpu,7555.95,7823.21
16,307,g_a,dpu,7823.21,8499.39
16,307,g_a_cpu,cpu,8499.39,8499.85
16,307,h_a,dpu,8499.86,8502.08
16,307,eb_enc,cpu,8502.08,8502.23
16,307,eb_dec,cpu,8502.23,8502.38
16,307,h_s,dpu,8502.38,8995.5
16,307,gc,cpu,8995.51,9005.45
16,361,normalize,cpu,9006.4,9010.01
16,361,g_a_cpu,cpu,9010.01,9010.51
16,361,g_a,dpu,9010.51,9414.07
16,361,g_a,dpu,9414.07,9719
16,361,g_a_cpu,cpu,9719.01,9719.39
16,361,h_a,dpu,9719.4,9915.98
16,361,eb_enc,cpu,9915.98,9916.1
16,361,eb_dec,cpu,9916.1,9916.22
16,361,h_s,dpu,9916.22,10228.5
16,361,gc,cpu,10228.5,10242.4
16,408,normalize,cpu,10243.1,10246.8
16,408,g_a_cpu,cpu,10246.8,10247.2
16,408,g_a,dpu,10247.2,10498.9
16,408,g_a,dpu,10498.9,10938.9
16,408,g_a_cpu,cpu,10938.9,10939.5
16,408,h_a,dpu,10939.5,11204.8
16,408,eb_enc,cpu,11204.8,11205
16,408,eb_dec,cpu,11205,11205.1
16,408,h_s,dpu,11205.1,11364.8
16,408,gc,cpu,11364.8,11375.3
16,458,normalize,cpu,11375.9,11379.7
16,458,g_a_cpu,cpu,11379.7,11380.1
16,458,g_a,dpu,11380.1,11754.4
16,458,g_a,dpu,11754.4,12158.5
16,458,g_a_cpu,cpu,12158.5,12159
16,458,h_a,dpu,12159,12389.2
16,458,eb_enc,cpu,12389.2,12389.3
16,458,eb_dec,cpu,12389.3,12389.4
16,458,h_s,dpu,12389.4,12604
16,458,gc,cpu,12604,12614.3
16,507,normalize,cpu,12614.9,12618.7
16,507,g_a_cpu,cpu,12618.7,12619.1
16,507,g_a,dpu,12619.1,13014.6
16,507,g_a,dpu,13014.6,13430.9
16,507,g_a_cpu,cpu,13430.9,13431.4
16,507,h_a,dpu,13431.4,13663.8
16,507,eb_enc,cpu,13663.8,13663.9
16,507,eb_dec,cpu,13663.9,13664.1
16,507,h_s,dpu,13664.1,13869
16,507,gc,cpu,13869,13879.5
16,554,normalize,cpu,13880.3,13883.9
16,554,g_a_cpu,cpu,13883.9,13884.8
16,554,g_a,dpu,13884.8,14242.3
16,554,g_a,dpu,14242.3,14653.5
16,554,g_a_cpu,cpu,14653.5,14654
16,554,h_a,dpu,14654,14902.2
16,554,eb_enc,cpu,14902.2,14902.4
16,554,eb_dec,cpu,14902.4,14902.5
16,554,h_s,dpu,14902.5,15104.4
16,554,gc,cpu,15104.4,15115.2
16,599,normalize,cpu,15116.6,15120.4
16,599,g_a_cpu,cpu,15120.4,15120.8
16,599,g_a,dpu,15120.8,15454.6
16,599,g_a,dpu,15454.6,15896.2
16,599,g_a_cpu,cpu,15896.2,15896.7
16,599,h_a,dpu,15896.7,16133.8
16,599,eb_enc,cpu,16133.8,16134
16,599,eb_dec,cpu,16134,16134.1
16,599,h_s,dpu,16134.1,16376.8
16,599,gc,cpu,16376.8,16387.9
16,649,normalize,cpu,16388.5,16392.2
16,649,g_a_cpu,cpu,16392.2,16392.6
16,649,g_a,dpu,16392.6,16712.7
16,649,g_a,dpu,16712.7,17050.6
16,649,g_a_cpu,cpu,17050.6,17051.1
16,649,h_a,dpu,17051.1,17334.3
16,649,eb_enc,cpu,17334.3,17334.4
16,649,eb_dec,cpu,17334.4,17334.5
16,649,h_s,dpu,17334.5,17675.7
16,649,gc,cpu,17675.7,17685.5
16,700,normalize,cpu,17686,17689.7
16,700,g_a_cpu,cpu,17689.7,17690
16,700,g_a,dpu,17690,18019.6
16,700,g_a,dpu,18019.6,18290.4
16,700,g_a_cpu,cpu,18290.4,18290.8
16,700,h_a,dpu,18290.8,18567
16,700,eb_enc,cpu,18567,18567.1
16,700,eb_dec,cpu,18567.1,18567.2
16,700,h_s,dpu,18567.2,18911.8
16,700,gc,cpu,18911.8,18921.5
16,744,normalize,cpu,18922.1,18926.7
16,744,g_a_cpu,cpu,18926.7,18927.1
16,744,g_a,dpu,18927.1,19266.4
16,744,g_a,dpu,19266.4,19567.7
16,744,g_a_cpu,cpu,19567.7,19568.2
16,744,h_a,dpu,19568.2,19805.9
16,744,eb_enc,cpu,19805.9,19806
16,744,eb_dec,cpu,19806,19806.1
16,744,h_s,dpu,19806.1,20141.9
16,744,gc,cpu,20141.9,20166.8
16,795,normalize,cpu,20167.5,20171.7
16,795,g_a_cpu,cpu,20171.7,20172
16,795,g_a,dpu,20172,20482.5
16,795,g_a,dpu,20482.5,20518.9
16,795,g_a_cpu,cpu,20518.9,20519.4
16,795,h_a,dpu,20519.4,20792.2
16,795,eb_enc,cpu,20792.2,20792.4
16,795,eb_dec,cpu,20792.4,20792.5
16,795,h_s,dpu,20792.5,21065.6
16,795,gc,cpu,21065.6,21076.5
16,835,normalize,cpu,21077.2,21080.8
16,835,g_a_cpu,cpu,21080.8,21081.3
16,835,g_a,dpu,21081.3,21742.4
16,835,g_a,dpu,21742.4,22014.4
16,835,g_a_cpu,cpu,22014.4,22014.8
16,835,h_a,dpu,22014.8,22288.3
16,835,eb_enc,cpu,22288.3,22288.5
16,835,eb_dec,cpu,22288.5,22288.6
16,835,h_s,dpu,22288.6,22620
16,835,gc,cpu,22620,22631.6
16,889,normalize,cpu,22632,22635.7
16,889,g_a_cpu,cpu,22635.7,22636.1
16,889,g_a,dpu,22636.1,22955.1
16,889,g_a,dpu,22955.1,23219.6
16,889,g_a_cpu,cpu,23219.6,23219.9
16,889,h_a,dpu,23219.9,23468.1
16,889,eb_enc,cpu,23468.1,23468.3
16,889,eb_dec,cpu,23468.3,23468.4
16,889,h_s,dpu,23468.4,24063.7
16,889,gc,cpu,24063.7,24074.4
17,21,normalize,cpu,91.0485,132.445
17,21,g_a_cpu,cpu,132.468,133.084
17,21,g_a,dpu,133.09,1013.83
17,21,g_a,dpu,1013.83,1050.56
17,21,g_a_cpu,cpu,1050.57,1051.1
17,21,h_a,dpu,1051.1,1430.4
17,21,eb_enc,cpu,1430.4,1430.54
17,21,eb_dec,cpu,1430.54,1430.66
17,21,h_s,dpu,1430.66,1636.41
17,21,gc,cpu,1636.41,1646.76
17,92,normalize,cpu,1647.23,1650.9
17,92,g_a_cpu,cpu,1650.9,1651.44
17,92,g_a,dpu,1651.44,2198.55
17,92,g_a,dpu,2198.55,2766.75
17,92,g_a_cpu,cpu,2766.75,2767.7
17,92,h_a,dpu,2767.71,2781.85
17,92,eb_enc,cpu,2781.85,2782.01
17,92,eb_dec,cpu,2782.01,2782.13
17,92,h_s,dpu,2782.13,2974.86
17,92,gc,cpu,2974.86,2990.49
17,140,normalize,cpu,2991.16,2994.95
17,140,g_a_cpu,cpu,2994.95,2995.27
17,140,g_a,dpu,2995.28,3428.95
17,140,g_a,dpu,3428.96,3898.62
17,140,g_a_cpu,cpu,3898.62,3899.08
17,140,h_a,dpu,3899.08,4085.41
17,140,eb_enc,cpu,4085.42,4085.6
17,140,eb_dec,cpu,4085.6,4085.73
17,140,h_s,dpu,4085.73,4265.73
17,140,gc,cpu,4265.74,4275.88
17,183,normalize,cpu,4276.52,4280.17
17,183,g_a_cpu,cpu,4280.17,4280.59
17,183,g_a,dpu,4280.6,4692.75
17,183,g_a,dpu,4692.76,5109.04
17,183,g_a_cpu,cpu,5109.04,5109.56
17,183,h_a,dpu,5109.56,5362.44
17,183,eb_enc,cpu,5362.44,5362.58
17,183,eb_dec,cpu,5362.58,5362.69
17,183,h_s,dpu,5362.69,5363.86
17,183,gc,cpu,5363.86,5374.57
17,220,normalize,cpu,5375.46,5379.15
17,220,g_a_cpu,cpu,5379.16,5379.89
17,220,g_a,dpu,5379.89,6008.2
17,220,g_a,dpu,6008.2,6458.8
17,220,g_a_cpu,cpu,6458.8,6459.26
17,220,h_a,dpu,6459.26,6639.23
17,220,eb_enc,cpu,6639.23,6639.35
17,220,eb_dec,cpu,6639.35,6639.47
17,220,h_s,dpu,6639.47,6818.96
17,220,gc,cpu,6818.96,6829.62
17,286,normalize,cpu,6840.1,6843.77
17,286,g_a_cpu,cpu,6843.78,6844.08
17,286,g_a,dpu,6844.08,7301.48
17,286,g_a,dpu,7301.48,7753.92
17,286,g_a_cpu,cpu,7753.92,7754.42
17,286,h_a,dpu,7754.42,7875.75
17,286,eb_enc,cpu,7875.75,7875.87
17,286,eb_dec,cpu,7875.87,7875.99
17,286,h_s,dpu,7875.99,8091.4
17,286,gc,cpu,8091.4,8101.5
17,332,normalize,cpu,8102.1,8105.75
17,332,g_a_cpu,cpu,8105.76,8106.14
17,332,g_a,dpu,8106.15,8625.71
17,332,g_a,dpu,8625.71,8972.89
17,332,g_a_cpu,cpu,8972.9,8973.27
17,332,h_a,dpu,8973.28,9159.19
17,332,eb_enc,cpu,9159.19,9159.32
17,332,eb_dec,cpu,9159.32,9159.43
17,332,h_s,dpu,9159.43,9432.46
17,332,gc,cpu,9432.46,9442.31
17,380,normalize,cpu,9442.84,9446.51
17,380,g_a_cpu,cpu,9446.51,9446.9
17,380,g_a,dpu,9446.91,9883.09
17,380,g_a,dpu,9883.09,10234.7
17,380,g_a_cpu,cpu,10234.7,10235.3
17,380,h_a,dpu,10235.3,10414
17,380,eb_enc,cpu,10414,10414.1
17,380,eb_dec,cpu,10414.1,10414.3
17,380,h_s,dpu,10414.3,10690.8
17,380,gc,cpu,10690.8,10700.9
17,430,normalize,cpu,10701.4,10705.1
17,430,g_a_cpu,cpu,10705.1,10705.6
17,430,g_a,dpu,10705.6,11143.3
17,430,g_a,dpu,11143.3,11498
17,430,g_a_cpu,cpu,11498,11498.5
17,430,h_a,dpu,11498.5,11746.2
17,430,eb_enc,cpu,11746.2,11746.3
17,430,eb_dec,cpu,11746.3,11746.4
17,430,h_s,dpu,11746.4,12023.6
17,430,gc,cpu,12023.6,12033.7
17,477,normalize,cpu,12034.4,12038.1
17,477,g_a_cpu,cpu,12038.1,12038.6
17,477,g_a,dpu,12038.6,12334.7
17,477,g_a,dpu,12334.7,12980.7
17,477,g_a_cpu,cpu,12980.7,12981.2
17,477,h_a,dpu,12981.2,12984
17,477,eb_enc,cpu,12984,12984.1
17,477,eb_dec,cpu,12984.1,12984.2
17,477,h_s,dpu,12984.2,12985.5
17,477,gc,cpu,12985.5,12997.1
17,519,normalize,cpu,12997.7,13001.3
17,519,g_a_cpu,cpu,13001.3,13001.8
17,519,g_a,dpu,13001.8,13040.3
17,519,g_a,dpu,13040.3,13489.8
17,519,g_a_cpu,cpu,13489.8,13490.2
17,519,h_a,dpu,13490.2,13493.3
17,519,eb_enc,cpu,13493.3,13493.5
17,519,eb_dec,cpu,13493.5,13493.6
17,519,h_s,dpu,13493.6,14051.8
17,519,gc,cpu,14051.8,14062.6
17,561,normalize,cpu,14063.2,14066.9
17,561,g_a_cpu,cpu,14066.9,14067.5
17,561,g_a,dpu,14067.5,14339.2
17,561,g_a,dpu,14339.2,14793.4
17,561,g_a_cpu,cpu,14793.4,14793.8
17,561,h_a,dpu,14793.8,15115.7
17,561,eb_enc,cpu,15115.7,15115.8
17,561,eb_dec,cpu,15115.8,15115.9
17,561,h_s,dpu,15115.9,15302
17,561,gc,cpu,15302,15312.2
17,610,normalize,cpu,15312.8,15316.7
17,610,g_a_cpu,cpu,15316.7,15317.1
17,610,g_a,dpu,15317.2,15628.3
17,610,g_a,dpu,15628.3,16077.6
17,610,g_a_cpu,cpu,16077.6,16077.9
17,610,h_a,dpu,16077.9,16385.8
17,610,eb_enc,cpu,16385.8,16385.9
17,610,eb_dec,cpu,16385.9,16386.1
17,610,h_s,dpu,16386.1,16641.4
17,610,gc,cpu,16641.4,16651.4
17,658,normalize,cpu,16652,16655.8
17,658,g_a_cpu,cpu,16655.8,16656.2
17,658,g_a,dpu,16656.2,17001.8
17,658,g_a,dpu,17001.8,17417.7
17,658,g_a_cpu,cpu,17417.7,17418
17,658,h_a,dpu,17418,17707.1
17,658,eb_enc,cpu,17707.1,17707.3
17,658,eb_dec,cpu,17707.3,17707.4
17,658,h_s,dpu,17707.4,17913.8
17,658,gc,cpu,17913.8,17924.2
17,707,normalize,cpu,17924.7,17929.1
17,707,g_a_cpu,cpu,17929.1,17929.5
17,707,g_a,dpu,17929.5,18268.1
17,707,g_a,dpu,18268.1,18304.9
17,707,g_a_cpu,cpu,18304.9,18305.3
17,707,h_a,dpu,18305.3,18944.6
17,707,eb_enc,cpu,18944.6,18944.7
17,707,eb_dec,cpu,18944.7,18944.8
17,707,h_s,dpu,18944.8,18946
17,707,gc,cpu,18946,18956.4
17,749,normalize,cpu,18956.9,18960.6
17,749,g_a_cpu,cpu,18960.6,18961
17,749,g_a,dpu,18961,19517.5
17,749,g_a,dpu,19517.5,20282
17,749,g_a_cpu,cpu,20282,20282.4
17,749,h_a,dpu,20282.4,20486.7
17,749,eb_enc,cpu,20486.7,20486.8
17,749,eb_dec,cpu,20486.8,20486.9
17,749,h_s,dpu,20486.9,20661.3
17,749,gc,cpu,20661.3,20673.7
17,816,normalize,cpu,20682.6,20686.2
17,816,g_a_cpu,cpu,20686.2,20686.7
17,816,g_a,dpu,20686.7,21058.1
17,816,g_a,dpu,21058.1,21545.9
17,816,g_a_cpu,cpu,21545.9,21546.4
17,816,h_a,dpu,21546.4,21757.2
17,816,eb_enc,cpu,21757.2,21757.3
17,816,eb_dec,cpu,21757.3,21757.4
17,816,h_s,dpu,21757.4,21973.3
17,816,gc,cpu,21973.3,21983.4
17,859,normalize,cpu,21983.9,21987.7
17,859,g_a_cpu,cpu,21987.7,21988.8
17,859,g_a,dpu,21988.8,22314.8
17,859,g_a,dpu,22314.8,22694.7
17,859,g_a_cpu,cpu,22694.7,22695.2
17,859,h_a,dpu,22695.2,23041.5
17,859,eb_enc,cpu,23041.6,23041.7
17,859,eb_dec,cpu,23041.7,23041.8
17,859,h_s,dpu,23041.8,23256.4
17,859,gc,cpu,23256.4,23266.7
17,915,normalize,cpu,23267.3,23271
17,915,g_a_cpu,cpu,23271,23271.5
17,915,g_a,dpu,23271.5,23503.3
17,915,g_a,dpu,23503.3,23843.6
17,915,g_a_cpu,cpu,23843.6,23844.1
17,915,h_a,dpu,23844.1,24050.2
17,915,eb_enc,cpu,24050.2,24050.3
17,915,eb_dec,cpu,24050.3,24050.5
17,915,h_s,dpu,24050.5,24069.1
17,915,gc,cpu,24069.1,24079.3
18,23,normalize,cpu,95.0466,131.149
18,23,g_a_cpu,cpu,131.18,131.954
18,23,g_a,dpu,131.961,656.049
18,23,g_a,dpu,656.053,1233.91
18,23,g_a_cpu,cpu,1233.91,1234.36
18,23,h_a,dpu,1234.37,1295.49
18,23,eb_enc,cpu,1295.5,1295.68
18,23,eb_dec,cpu,1295.69,1295.82
18,23,h_s,dpu,1295.83,1318.68
18,23,gc,cpu,1318.69,1385.36
18,63,normalize,cpu,1386,1389.67
18,63,g_a_cpu,cpu,1389.68,1390.11
18,63,g_a,dpu,1390.11,1697.94
18,63,g_a,dpu,1697.94,2174.9
18,63,g_a_cpu,cpu,2174.9,2175.33
18,63,h_a,dpu,2175.33,2473.96
18,63,eb_enc,cpu,2473.96,2474.09
18,63,eb_dec,cpu,2474.1,2474.21
18,63,h_s,dpu,2474.21,2574.45
18,63,gc,cpu,2574.45,2585.8
18,110,normalize,cpu,2586.44,2590.06
18,110,g_a_cpu,cpu,2590.07,2590.55
18,110,g_a,dpu,2590.56,3318.88
18,110,g_a,dpu,3318.88,3355.19
18,110,g_a_cpu,cpu,3355.19,3355.55
18,110,h_a,dpu,3355.55,3681.11
18,110,eb_enc,cpu,3681.12,3681.25
18,110,eb_dec,cpu,3681.25,3681.36
18,110,h_s,dpu,3681.36,3682.29
18,110,gc,cpu,3682.29,3693.16
18,158,normalize,cpu,3693.7,3697.39
18,158,g_a_cpu,cpu,3697.39,3697.73
18,158,g_a,dpu,3697.74,3995.89
18,158,g_a,dpu,3995.9,4547.95
18,158,g_a_cpu,cpu,4547.95,4548.44
18,158,h_a,dpu,4548.45,4549.74
18,158,eb_enc,cpu,4549.74,4549.86
18,158,eb_dec,cpu,4549.86,4549.97
18,158,h_s,dpu,4549.97,4550.82
18,158,gc,cpu,4550.82,4560.72
18,191,normalize,cpu,4561.53,4565.3
18,191,g_a_cpu,cpu,4565.3,4565.73
18,191,g_a,dpu,4565.73,5020.11
18,191,g_a,dpu,5020.11,5056.74
18,191,g_a_cpu,cpu,5056.74,5057.32
18,191,h_a,dpu,5057.33,5748.33
18,191,eb_enc,cpu,5748.34,5748.46
18,191,eb_dec,cpu,5748.46,5748.57
18,191,h_s,dpu,5748.57,6014.19
18,191,gc,cpu,6014.2,6023.88
18,248,normalize,cpu,6024.34,6028.01
18,248,g_a_cpu,cpu,6028.01,6028.29
18,248,g_a,dpu,6028.3,6223.27
18,248,g_a,dpu,6223.27,6599.26
18,248,g_a_cpu,cpu,6599.26,6599.66
18,248,h_a,dpu,6599.66,7011.54
18,248,eb_enc,cpu,7011.54,7011.68
18,248,eb_dec,cpu,7011.68,7011.79
18,248,h_s,dpu,7011.79,7169.19
18,248,gc,cpu,7169.19,7179.41
18,291,normalize,cpu,7179.9,7183.54
18,291,g_a_cpu,cpu,7183.54,7183.92
18,291,g_a,dpu,7183.92,7446.41
18,291,g_a,dpu,7446.41,7851.67
18,291,g_a_cpu,cpu,7851.67,7852.18
18,291,h_a,dpu,7852.19,8159.15
18,291,eb_enc,cpu,8159.15,8159.3
18,291,eb_dec,cpu,8159.3,8159.41
18,291,h_s,dpu,8159.41,8422.7
18,291,gc,cpu,8422.71,8432.88
18,339,normalize,cpu,8433.34,8437
18,339,g_a_cpu,cpu,8437.01,8437.42
18,339,g_a,dpu,8437.43,8664.67
18,339,g_a,dpu,8664.67,9067.03
18,339,g_a_cpu,cpu,9067.03,9067.6
18,339,h_a,dpu,9067.61,9363.09
18,339,eb_enc,cpu,9363.09,9363.23
18,339,eb_dec,cpu,9363.23,9363.34
18,339,h_s,dpu,9363.34,9590.92
18,339,gc,cpu,9590.92,9600.79
18,386,normalize,cpu,9601.28,9604.96
18,386,g_a_cpu,cpu,9604.96,9605.3
18,386,g_a,dpu,9605.3,9836.59
18,386,g_a,dpu,9836.59,10278
18,386,g_a_cpu,cpu,10278.1,10278.6
18,386,h_a,dpu,10278.6,10650.1
18,386,eb_enc,cpu,10650.1,10650.3
18,386,eb_dec,cpu,10650.3,10650.4
18,386,h_s,dpu,10650.4,10806
18,386,gc,cpu,10806,10815.9
18,435,normalize,cpu,10816.4,10820
18,435,g_a_cpu,cpu,10820,10820.7
18,435,g_a,dpu,10820.7,11498.8
18,435,g_a,dpu,11498.8,11801.1
18,435,g_a_cpu,cpu,11801.1,11801.5
18,435,h_a,dpu,11801.5,12066.3
18,435,eb_enc,cpu,12066.3,12066.5
18,435,eb_dec,cpu,12066.5,12066.6
18,435,h_s,dpu,12066.6,12273.2
18,435,gc,cpu,12273.2,12283.3
18,491,normalize,cpu,12283.8,12287.5
18,491,g_a_cpu,cpu,12287.5,12288.1
18,491,g_a,dpu,12288.1,12514.2
18,491,g_a,dpu,12514.2,12920.2
18,491,g_a_cpu,cpu,12920.2,12920.5
18,491,h_a,dpu,12920.6,13296.4
18,491,eb_enc,cpu,13296.4,13296.6
18,491,eb_dec,cpu,13296.6,13296.7
18,491,h_s,dpu,13296.7,13489.1
18,491,gc,cpu,13489.1,13499.4
18,533,normalize,cpu,13500,13503.7
18,533,g_a_cpu,cpu,13503.7,13504.6
18,533,g_a,dpu,13504.6,13737.2
18,533,g_a,dpu,13737.2,14114.6
18,533,g_a_cpu,cpu,14114.6,14115
18,533,h_a,dpu,14115,14520.6
18,533,eb_enc,cpu,14520.6,14520.8
18,533,eb_dec,cpu,14520.8,14520.9
18,533,h_s,dpu,14520.9,14728.7
18,533,gc,cpu,14728.7,14738.8
18,580,normalize,cpu,14744.9,14748.6
18,580,g_a_cpu,cpu,14748.6,14749.2
18,580,g_a,dpu,14749.2,15013.1
18,580,g_a,dpu,15013.1,15049.4
18,580,g_a_cpu,cpu,15049.4,15049.9
18,580,h_a,dpu,15049.9,15756
18,580,eb_enc,cpu,15756,15756.1
18,580,eb_dec,cpu,15756.1,15756.2
18,580,h_s,dpu,15756.2,15757.1
18,580,gc,cpu,15757.1,15767.7
18,623,normalize,cpu,15768.6,15778.5
18,623,g_a_cpu,cpu,15778.5,15779
18,623,g_a,dpu,15779,16102.7
18,623,g_a,dpu,16102.7,16139.2
18,623,g_a_cpu,cpu,16139.2,16139.6
18,623,h_a,dpu,16139.6,16141.2
18,623,eb_enc,cpu,16141.2,16141.3
18,623,eb_dec,cpu,16141.3,16141.4
18,623,h_s,dpu,16141.4,16697
18,623,gc,cpu,16697,16707.2
18,662,normalize,cpu,16707.8,16711.6
18,662,g_a_cpu,cpu,16711.6,16712
18,662,g_a,dpu,16712,17075.1
18,662,g_a,dpu,17075.1,17111.5
18,662,g_a_cpu,cpu,17111.5,17111.9
18,662,h_a,dpu,17111.9,17376.3
18,662,eb_enc,cpu,17376.3,17376.4
18,662,eb_dec,cpu,17376.4,17376.6
18,662,h_s,dpu,17376.6,17644.9
18,662,gc,cpu,17644.9,17655.1
18,696,normalize,cpu,17657.3,17661.2
18,696,g_a_cpu,cpu,17661.2,17661.7
18,696,g_a,dpu,17661.7,18001.2
18,696,g_a,dpu,18001.2,18353.3
18,696,g_a_cpu,cpu,18353.3,18353.7
18,696,h_a,dpu,18353.7,18663.2
18,696,eb_enc,cpu,18663.2,18663.4
18,696,eb_dec,cpu,18663.4,18663.5
18,696,h_s,dpu,18663.5,18923.5
18,696,gc,cpu,18923.5,18933.6
18,745,normalize,cpu,18934.5,18938.2
18,745,g_a_cpu,cpu,18938.2,18940.2
18,745,g_a,dpu,18940.2,19271.6
18,745,g_a,dpu,19271.6,19587.2
18,745,g_a_cpu,cpu,19587.2,19587.7
18,745,h_a,dpu,19587.7,19849.1
18,745,eb_enc,cpu,19849.1,19849.3
18,745,eb_dec,cpu,19849.3,19849.4
18,745,h_s,dpu,19849.4,20150.3
18,745,gc,cpu,20150.3,20160.6
18,792,normalize,cpu,20161.3,20165.1
18,792,g_a_cpu,cpu,20165.1,20165.5
18,792,g_a,dpu,20165.5,20490.6
18,792,g_a,dpu,20490.6,20527
18,792,g_a_cpu,cpu,20527,20527.4
18,792,h_a,dpu,20527.4,20528.6
18,792,eb_enc,cpu,20528.6,20528.7
18,792,eb_dec,cpu,20528.7,20528.8
18,792,h_s,dpu,20528.8,21363.4
18,792,gc,cpu,21363.4,21373.3
18,842,normalize,cpu,21373.7,21377.4
18,842,g_a_cpu,cpu,21377.4,21377.7
18,842,g_a,dpu,21377.7,21804.6
18,842,g_a,dpu,21804.6,22080
18,842,g_a_cpu,cpu,22080,22080.4
18,842,h_a,dpu,22080.4,22250.2
18,842,eb_enc,cpu,22250.2,22250.4
18,842,eb_dec,cpu,22250.4,22250.5
18,842,h_s,dpu,22250.5,22251.9
18,842,gc,cpu,22251.9,22262.4
18,880,normalize,cpu,22263.1,22266.8
18,880,g_a_cpu,cpu,22266.8,22267.2
18,880,g_a,dpu,22267.2,22303.7
18,880,g_a,dpu,22303.7,22778.4
18,880,g_a_cpu,cpu,22778.4,22778.8
18,880,h_a,dpu,22778.8,23077.4
18,880,eb_enc,cpu,23077.4,23077.6
18,880,eb_dec,cpu,23077.6,23077.7
18,880,h_s,dpu,23077.7,23280.6
18,880,gc,cpu,23280.6,23290.3
18,918,normalize,cpu,23291.3,23295.2
18,918,g_a_cpu,cpu,23295.2,23295.6
18,918,g_a,dpu,23295.6,23594.5
18,918,g_a,dpu,23594.5,23963.1
18,918,g_a_cpu,cpu,23963.1,23963.5
18,918,h_a,dpu,23963.5,24085.9
18,918,eb_enc,cpu,24086,24086.1
18,918,eb_dec,cpu,24086.1,24086.2
18,918,h_s,dpu,24086.2,24087.3
18,918,gc,cpu,24087.3,24097.5
19,26,normalize,cpu,99.0313,102.696
19,26,g_a_cpu,cpu,102.92,103.426
19,26,g_a,dpu,103.434,202.35
19,26,g_a,dpu,202.354,711.68
19,26,g_a_cpu,cpu,711.684,712.127
19,26,h_a,dpu,712.134,1187.49
19,26,eb_enc,cpu,1187.49,1187.63
19,26,eb_dec,cpu,1187.63,1187.74
19,26,h_s,dpu,1187.75,1362.59
19,26,gc,cpu,1362.6,1431.45
19,77,normalize,cpu,1432.23,1435.97
19,77,g_a_cpu,cpu,1435.97,1436.38
19,77,g_a,dpu,1436.39,1616.79
19,77,g_a,dpu,1616.79,1653.36
19,77,g_a_cpu,cpu,1653.36,1653.84
19,77,h_a,dpu,1653.84,2423.4
19,77,eb_enc,cpu,2423.4,2423.53
19,77,eb_dec,cpu,2423.53,2423.64
19,77,h_s,dpu,2423.65,2424.66
19,77,gc,cpu,2424.67,2434.96
19,102,normalize,cpu,2435.5,2439.14
19,102,g_a_cpu,cpu,2439.14,2439.63
19,102,g_a,dpu,2439.63,2666.89
19,102,g_a,dpu,2666.89,2930.82
19,102,g_a_cpu,cpu,2930.82,2931.25
19,102,h_a,dpu,2931.25,3235.51
19,102,eb_enc,cpu,3235.51,3235.66
19,102,eb_dec,cpu,3235.66,3235.77
19,102,h_s,dpu,3235.77,3880.74
19,102,gc,cpu,3880.74,3890.91
19,168,normalize,cpu,3900.42,3904.18
19,168,g_a_cpu,cpu,3904.18,3904.58
19,168,g_a,dpu,3904.59,4183.28
19,168,g_a,dpu,4183.29,4450.18
19,168,g_a_cpu,cpu,4450.18,4450.67
19,168,h_a,dpu,4450.68,4750.54
19,168,eb_enc,cpu,4750.54,4750.66
19,168,eb_dec,cpu,4750.66,4750.77
19,168,h_s,dpu,4750.77,4751.8
19,168,gc,cpu,4751.8,4762.07
19,198,normalize,cpu,4762.79,4766.56
19,198,g_a_cpu,cpu,4766.57,4767.02
19,198,g_a,dpu,4767.03,5361.86
19,198,g_a,dpu,5361.86,5398.6
19,198,g_a_cpu,cpu,5398.61,5399.02
19,198,h_a,dpu,5399.02,5401.27
19,198,eb_enc,cpu,5401.27,5401.47
19,198,eb_dec,cpu,5401.47,5401.61
19,198,h_s,dpu,5401.61,5947.34
19,198,gc,cpu,5947.35,5958.88
19,242,normalize,cpu,5959.57,5963.35
19,242,g_a_cpu,cpu,5963.35,5963.75
19,242,g_a,dpu,5963.76,6398.8
19,242,g_a,dpu,6398.8,6435.13
19,242,g_a_cpu,cpu,6435.14,6435.57
19,242,h_a,dpu,6435.58,6897.45
19,242,eb_enc,cpu,6897.45,6897.57
19,242,eb_dec,cpu,6897.57,6897.67
19,242,h_s,dpu,6897.67,6898.68
19,242,gc,cpu,6898.68,6909.74
19,287,normalize,cpu,6910.26,6913.97
19,287,g_a_cpu,cpu,6913.97,6914.31
19,287,g_a,dpu,6914.32,7244.32
19,287,g_a,dpu,7244.32,7663.35
19,287,g_a_cpu,cpu,7663.35,7663.71
19,287,h_a,dpu,7663.72,7934.18
19,287,eb_enc,cpu,7934.18,7934.31
19,287,eb_dec,cpu,7934.31,7934.45
19,287,h_s,dpu,7934.45,8231.71
19,287,gc,cpu,8231.71,8242.1
19,334,normalize,cpu,8243.11,8246.77
19,334,g_a_cpu,cpu,8246.77,8247.27
19,334,g_a,dpu,8247.28,8543.59
19,334,g_a,dpu,8543.59,8841.73
19,334,g_a_cpu,cpu,8841.73,8842.16
19,334,h_a,dpu,8842.16,9152.35
19,334,eb_enc,cpu,9152.35,9152.53
19,334,eb_dec,cpu,9152.53,9152.65
19,334,h_s,dpu,9152.65,9454.9
19,334,gc,cpu,9454.9,9465.05
19,382,normalize,cpu,9465.84,9469.54
19,382,g_a_cpu,cpu,9469.55,9469.95
19,382,g_a,dpu,9469.96,10065.5
19,382,g_a,dpu,10065.5,10101.9
19,382,g_a_cpu,cpu,10101.9,10102.4
19,382,h_a,dpu,10102.4,10682.6
19,382,eb_enc,cpu,10682.6,10682.7
19,382,eb_dec,cpu,10682.7,10682.9
19,382,h_s,dpu,10682.9,11053.1
19,382,gc,cpu,11053.1,11063.6
19,443,normalize,cpu,11066.6,11070.3
19,443,g_a_cpu,cpu,11070.3,11070.9
19,443,g_a,dpu,11070.9,11282.7
19,443,g_a,dpu,11282.7,11558.6
19,443,g_a_cpu,cpu,11558.6,11559.1
19,443,h_a,dpu,11559.1,11937.5
19,443,eb_enc,cpu,11937.5,11937.7
19,443,eb_dec,cpu,11937.7,11937.8
19,443,h_s,dpu,11937.8,12236.6
19,443,gc,cpu,12236.6,12247.3
19,484,normalize,cpu,12247.9,12251.6
19,484,g_a_cpu,cpu,12251.6,12252.1
19,484,g_a,dpu,12252.1,12475.4
19,484,g_a,dpu,12475.4,12791.5
19,484,g_a_cpu,cpu,12791.5,12791.9
19,484,h_a,dpu,12791.9,13197.3
19,484,eb_enc,cpu,13197.3,13197.4
19,484,eb_dec,cpu,13197.4,13197.5
19,484,h_s,dpu,13197.5,13509.8
19,484,gc,cpu,13509.8,13520.1
19,537,normalize,cpu,13520.6,13524.2
19,537,g_a_cpu,cpu,13524.2,13524.6
19,537,g_a,dpu,13524.6,13749.6
19,537,g_a,dpu,13749.6,14055.6
19,537,g_a_cpu,cpu,14055.6,14056.2
19,537,h_a,dpu,14056.2,14425.7
19,537,eb_enc,cpu,14425.7,14425.8
19,537,eb_dec,cpu,14425.8,14425.9
19,537,h_s,dpu,14425.9,14752.4
19,537,gc,cpu,14752.4,14763.9
19,585,normalize,cpu,14764.5,14768.2
19,585,g_a_cpu,cpu,14768.2,14768.6
19,585,g_a,dpu,14768.6,14980.8
19,585,g_a,dpu,14980.8,15671.7
19,585,g_a_cpu,cpu,15671.7,15672.1
19,585,h_a,dpu,15672.1,15673.6
19,585,eb_enc,cpu,15673.6,15673.7
19,585,eb_dec,cpu,15673.7,15673.8
19,585,h_s,dpu,15673.8,15983.5
19,585,gc,cpu,15983.5,15994.2
19,632,normalize,cpu,15995.1,15998.8
19,632,g_a_cpu,cpu,15998.8,15999.1
19,632,g_a,dpu,15999.1,16252.6
19,632,g_a,dpu,16252.6,16525.1
19,632,g_a_cpu,cpu,16525.1,16525.5
19,632,h_a,dpu,16525.5,16860.6
19,632,eb_enc,cpu,16860.6,16860.7
19,632,eb_dec,cpu,16860.7,16860.9
19,632,h_s,dpu,16860.9,17096.2
19,632,gc,cpu,17096.2,17106.4
19,678,normalize,cpu,17106.8,17110.5
19,678,g_a_cpu,cpu,17110.5,17110.9
19,678,g_a,dpu,17110.9,17446.8
19,678,g_a,dpu,17446.8,17867.1
19,678,g_a_cpu,cpu,17867.1,17867.5
19,678,h_a,dpu,17867.5,18131.4
19,678,eb_enc,cpu,18131.4,18131.5
19,678,eb_dec,cpu,18131.5,18131.6
19,678,h_s,dpu,18131.6,18339.5
19,678,gc,cpu,18339.5,18350
19,725,normalize,cpu,18350.6,18354.3
19,725,g_a_cpu,cpu,18354.3,18354.6
19,725,g_a,dpu,18354.6,18686.5
19,725,g_a,dpu,18686.5,19096.7
19,725,g_a_cpu,cpu,19096.7,19097.2
19,725,h_a,dpu,19097.2,19342.5
19,725,eb_enc,cpu,19342.5,19342.7
19,725,eb_dec,cpu,19342.7,19342.8
19,725,h_s,dpu,19342.8,19575.4
19,725,gc,cpu,19575.4,19586
19,774,normalize,cpu,19586.7,19591.8
19,774,g_a_cpu,cpu,19591.8,19592.2
19,774,g_a,dpu,19592.2,19919.2
19,774,g_a,dpu,19919.2,20322.9
19,774,g_a_cpu,cpu,20322.9,20323.3
19,774,h_a,dpu,20323.3,20558.8
19,774,eb_enc,cpu,20558.8,20558.9
19,774,eb_dec,cpu,20558.9,20559
19,774,h_s,dpu,20559,20804.6
19,774,gc,cpu,20804.6,20815.9
19,821,normalize,cpu,20816.4,20820.4
19,821,g_a_cpu,cpu,20820.4,20820.8
19,821,g_a,dpu,20820.8,21138.3
19,821,g_a,dpu,21138.3,21512
19,821,g_a_cpu,cpu,21512,21512.5
19,821,h_a,dpu,21512.5,21745.9
19,821,eb_enc,cpu,21745.9,21746
19,821,eb_dec,cpu,21746,21746.1
19,821,h_s,dpu,21746.1,22025.5
19,821,gc,cpu,22025.5,22036.2
19,867,normalize,cpu,22036.7,22040.3
19,867,g_a_cpu,cpu,22040.3,22040.7
19,867,g_a,dpu,22040.7,22396.6
19,867,g_a,dpu,22396.6,22728.6
19,867,g_a_cpu,cpu,22728.6,22729.1
19,867,h_a,dpu,22729.1,22958.6
19,867,eb_enc,cpu,22958.6,22958.7
19,867,eb_dec,cpu,22958.7,22958.8
19,867,h_s,dpu,22958.8,23227.5
19,867,gc,cpu,23227.5,23237.8
19,913,normalize,cpu,23238.3,23242
19,913,g_a_cpu,cpu,23242,23242.7
19,913,g_a,dpu,23242.7,23576.9
19,913,g_a,dpu,23576.9,23983.3
19,913,g_a_cpu,cpu,23983.4,23983.8
19,913,h_a,dpu,23983.8,24103.1
19,913,eb_enc,cpu,24103.1,24103.2
19,913,eb_dec,cpu,24103.2,24103.3
19,913,h_s,dpu,24103.3,24130.2
19,913,gc,cpu,24130.2,24140.5
20,32,normalize,cpu,104.682,108.365
20,32,g_a_cpu,cpu,108.433,108.891
20,32,g_a,dpu,108.896,206.613
20,32,g_a,dpu,206.616,757.41
20,32,g_a_cpu,cpu,757.41,757.754
20,32,h_a,dpu,757.759,1275.09
20,32,eb_enc,cpu,1275.1,1275.23
20,32,eb_dec,cpu,1275.23,1275.36
20,32,h_s,dpu,1275.36,1337.5
20,32,gc,cpu,1337.51,1397.97
20,69,normalize,cpu,1409.05,1412.71
20,69,g_a_cpu,cpu,1412.72,1413.2
20,69,g_a,dpu,1413.2,1595.48
20,69,g_a,dpu,1595.48,2052.5
20,69,g_a_cpu,cpu,2052.5,2052.85
20,69,h_a,dpu,2052.85,2498.65
20,69,eb_enc,cpu,2498.65,2498.79
20,69,eb_dec,cpu,2498.79,2498.91
20,69,h_s,dpu,2498.91,2647.26
20,69,gc,cpu,2647.27,2658.16
20,120,normalize,cpu,2658.97,2662.82
20,120,g_a_cpu,cpu,2662.82,2663.42
20,120,g_a,dpu,2663.42,2889.64
20,120,g_a,dpu,2889.65,3310.45
20,120,g_a_cpu,cpu,3310.45,3310.89
20,120,h_a,dpu,3310.89,3743.82
20,120,eb_enc,cpu,3743.82,3743.95
20,120,eb_dec,cpu,3743.95,3744.07
20,120,h_s,dpu,3744.07,3954.68
20,120,gc,cpu,3954.68,3964.91
20,170,normalize,cpu,3965.43,3969.13
20,170,g_a_cpu,cpu,3969.13,3969.58
20,170,g_a,dpu,3969.59,4185.02
20,170,g_a,dpu,4185.03,4571.23
20,170,g_a_cpu,cpu,4571.23,4571.58
20,170,h_a,dpu,4571.58,4957.22
20,170,eb_enc,cpu,4957.22,4957.34
20,170,eb_dec,cpu,4957.34,4957.45
20,170,h_s,dpu,4957.46,5235.28
20,170,gc,cpu,5235.28,5245.45
20,216,normalize,cpu,5246,5251.09
20,216,g_a_cpu,cpu,5251.09,5252.99
20,216,g_a,dpu,5253,5501.12
20,216,g_a,dpu,5501.12,5538.44
20,216,g_a_cpu,cpu,5538.44,5538.78
20,216,h_a,dpu,5538.78,6310.95
20,216,eb_enc,cpu,6310.95,6311.08
20,216,eb_dec,cpu,6311.08,6311.2
20,216,h_s,dpu,6311.2,6312.41
20,216,gc,cpu,6312.41,6322.35
20,260,normalize,cpu,6322.87,6326.55
20,260,g_a_cpu,cpu,6326.55,6327.07
20,260,g_a,dpu,6327.08,6701.25
20,260,g_a,dpu,6701.25,7115.4
20,260,g_a_cpu,cpu,7115.4,7115.81
20,260,h_a,dpu,7115.81,7562.75
20,260,eb_enc,cpu,7562.75,7562.89
20,260,eb_dec,cpu,7562.89,7563
20,260,h_s,dpu,7563,7897.24
20,260,gc,cpu,7897.24,7908.82
20,328,normalize,cpu,7909.43,7913.1
20,328,g_a_cpu,cpu,7913.1,7913.43
20,328,g_a,dpu,7913.43,8352.48
20,328,g_a,dpu,8352.48,8814.98
20,328,g_a_cpu,cpu,8814.98,8815.39
20,328,h_a,dpu,8815.39,9057.49
20,328,eb_enc,cpu,9057.49,9057.62
20,328,eb_dec,cpu,9057.63,9057.74
20,328,h_s,dpu,9057.74,9207.69
20,328,gc,cpu,9207.69,9219.13
20,376,normalize,cpu,9219.61,9223.28
20,376,g_a_cpu,cpu,9223.29,9223.62
20,376,g_a,dpu,9223.62,9621.55
20,376,g_a,dpu,9621.55,10069.7
20,376,g_a_cpu,cpu,10069.7,10070.1
20,376,h_a,dpu,10070.1,10282.5
20,376,eb_enc,cpu,10282.5,10282.6
20,376,eb_dec,cpu,10282.6,10282.7
20,376,h_s,dpu,10282.7,10423.6
20,376,gc,cpu,10423.6,10434
20,423,normalize,cpu,10434.7,10438.4
20,423,g_a_cpu,cpu,10438.4,10438.7
20,423,g_a,dpu,10438.7,10839.6
20,423,g_a,dpu,10839.6,11326.6
20,423,g_a_cpu,cpu,11326.6,11327.1
20,423,h_a,dpu,11327.1,11545
20,423,eb_enc,cpu,11545,11545.1
20,423,eb_dec,cpu,11545.1,11545.3
20,423,h_s,dpu,11545.3,11752.9
20,423,gc,cpu,11752.9,11763
20,473,normalize,cpu,11763.6,11767.4
20,473,g_a_cpu,cpu,11767.4,11767.8
20,473,g_a,dpu,11767.8,12100.1
20,473,g_a,dpu,12100.1,12517.9
20,473,g_a_cpu,cpu,12517.9,12518.4
20,473,h_a,dpu,12518.4,12778
20,473,eb_enc,cpu,12778,12778.2
20,473,eb_dec,cpu,12778.2,12778.3
20,473,h_s,dpu,12778.3,12994.2
20,473,gc,cpu,12994.2,13004.3
20,521,normalize,cpu,13005.1,13008.8
20,521,g_a_cpu,cpu,13008.8,13009.3
20,521,g_a,dpu,13009.3,13416.8
20,521,g_a,dpu,13416.8,13762.6
20,521,g_a_cpu,cpu,13762.6,13763.1
20,521,h_a,dpu,13763.1,14048.4
20,521,eb_enc,cpu,14048.4,14048.5
20,521,eb_dec,cpu,14048.5,14048.6
20,521,h_s,dpu,14048.6,14293.6
20,521,gc,cpu,14293.6,14303.7
20,570,normalize,cpu,14304.2,14308.6
20,570,g_a_cpu,cpu,14308.6,14309.2
20,570,g_a,dpu,14309.2,14677.2
20,570,g_a,dpu,14677.2,15038.1
20,570,g_a_cpu,cpu,15038.1,15038.5
20,570,h_a,dpu,15038.5,15296.3
20,570,eb_enc,cpu,15296.3,15296.5
20,570,eb_dec,cpu,15296.5,15296.6
20,570,h_s,dpu,15296.6,15579.6
20,570,gc,cpu,15579.6,15589.9
20,618,normalize,cpu,15590.6,15595.5
20,618,g_a_cpu,cpu,15595.5,15595.9
20,618,g_a,dpu,15596,15967.9
20,618,g_a,dpu,15967.9,16307.7
20,618,g_a_cpu,cpu,16307.7,16308.2
20,618,h_a,dpu,16308.2,16635.5
20,618,eb_enc,cpu,16635.5,16635.6
20,618,eb_dec,cpu,16635.6,16635.7
20,618,h_s,dpu,16635.7,16919.7
20,618,gc,cpu,16919.7,16930.4
20,668,normalize,cpu,16931.1,16934.8
20,668,g_a_cpu,cpu,16934.8,16935.3
20,668,g_a,dpu,16935.4,17270.7
20,668,g_a,dpu,17270.7,17629.4
20,668,g_a_cpu,cpu,17629.4,17630
20,668,h_a,dpu,17630,17904.6
20,668,eb_enc,cpu,17904.6,17904.8
20,668,eb_dec,cpu,17904.8,17904.9
20,668,h_s,dpu,17904.9,18184.9
20,668,gc,cpu,18184.9,18195.5
20,714,normalize,cpu,18196,18199.7
20,714,g_a_cpu,cpu,18199.7,18200.1
20,714,g_a,dpu,18200.1,18506.8
20,714,g_a,dpu,18506.8,18864.5
20,714,g_a_cpu,cpu,18864.6,18865.1
20,714,h_a,dpu,18865.1,19177.6
20,714,eb_enc,cpu,19177.6,19177.8
20,714,eb_dec,cpu,19177.8,19177.9
20,714,h_s,dpu,19177.9,19472.2
20,714,gc,cpu,19472.2,19492.7
20,766,normalize,cpu,19493.4,19497.1
20,766,g_a_cpu,cpu,19497.1,19497.5
20,766,g_a,dpu,19497.5,20206.4
20,766,g_a,dpu,20206.4,20480.4
20,766,g_a_cpu,cpu,20480.4,20480.8
20,766,h_a,dpu,20480.8,20658.6
20,766,eb_enc,cpu,20658.6,20658.8
20,766,eb_dec,cpu,20658.8,20659
20,766,h_s,dpu,20659,20939.5
20,766,gc,cpu,20939.5,20949.5
20,829,normalize,cpu,20950,20953.7
20,829,g_a_cpu,cpu,20953.7,20954
20,829,g_a,dpu,20954,21435.7
20,829,g_a,dpu,21435.7,21747.3
20,829,g_a_cpu,cpu,21747.3,21747.8
20,829,h_a,dpu,21747.8,21969.8
20,829,eb_enc,cpu,21969.8,21970
20,829,eb_dec,cpu,21970,21970.1
20,829,h_s,dpu,21970.1,22240.4
20,829,gc,cpu,22240.4,22251.6
20,877,normalize,cpu,22252.2,22255.9
20,877,g_a_cpu,cpu,22255.9,22256.4
20,877,g_a,dpu,22256.4,22548
20,877,g_a,dpu,22548,22961.9
20,877,g_a_cpu,cpu,22961.9,22962.3
20,877,h_a,dpu,22962.3,23249.5
20,877,eb_enc,cpu,23249.6,23249.7
20,877,eb_dec,cpu,23249.7,23249.8
20,877,h_s,dpu,23249.8,23460.1
20,877,gc,cpu,23460.1,23470.5
20,925,normalize,cpu,23471.1,23474.8
20,925,g_a_cpu,cpu,23474.8,23475.2
20,925,g_a,dpu,23475.2,23770.9
20,925,g_a,dpu,23770.9,24010.1
20,925,g_a_cpu,cpu,24010.1,24010.6
20,925,h_a,dpu,24010.6,24066.5
20,925,eb_enc,cpu,24066.5,24066.6
20,925,eb_dec,cpu,24066.6,24066.7
20,925,h_s,dpu,24066.7,24068.1
20,925,gc,cpu,24068.1,24083.3
21,35,normalize,cpu,110.099,113.785
21,35,g_a_cpu,cpu,113.839,120.166
21,35,g_a,dpu,120.171,295.54
21,35,g_a,dpu,295.543,872.512
21,35,g_a_cpu,cpu,872.515,872.96
21,35,h_a,dpu,872.971,1279.38
21,35,eb_enc,cpu,1279.38,1279.51
21,35,eb_dec,cpu,1279.51,1279.63
21,35,h_s,dpu,1279.63,1320.53
21,35,gc,cpu,1320.54,1331.71
21,57,normalize,cpu,1332.45,1346.24
21,57,g_a_cpu,cpu,1346.25,1347.25
21,57,g_a,dpu,1347.26,2552.08
21,57,g_a,dpu,2552.09,2659.17
21,57,g_a_cpu,cpu,2659.17,2659.66
21,57,h_a,dpu,2659.66,2661.98
21,57,eb_enc,cpu,2661.98,2662.17
21,57,eb_dec,cpu,2662.18,2662.31
21,57,h_s,dpu,2662.31,3647.38
21,57,gc,cpu,3647.38,3658.2
21,153,normalize,cpu,3669.07,3674.42
21,153,g_a_cpu,cpu,3674.42,3675.07
21,153,g_a,dpu,3675.07,4783.93
21,153,g_a,dpu,4783.93,4947.9
21,153,g_a_cpu,cpu,4947.91,4948.38
21,153,h_a,dpu,4948.38,5365.49
21,153,eb_enc,cpu,5365.49,5365.62
21,153,eb_dec,cpu,5365.62,5365.74
21,153,h_s,dpu,5365.74,5370.76
21,153,gc,cpu,5370.76,5403.77
21,226,normalize,cpu,5404.45,5408.09
21,226,g_a_cpu,cpu,5408.09,5408.57
21,226,g_a,dpu,5408.58,5785.29
21,226,g_a,dpu,5785.3,6090.59
21,226,g_a_cpu,cpu,6090.6,6091.06
21,226,h_a,dpu,6091.07,6260.7
21,226,eb_enc,cpu,6260.7,6260.85
21,226,eb_dec,cpu,6260.85,6260.98
21,226,h_s,dpu,6260.98,6602.05
21,226,gc,cpu,6602.05,6612.18
21,267,normalize,cpu,6613,6616.66
21,267,g_a_cpu,cpu,6616.66,6617.04
21,267,g_a,dpu,6617.04,7048.18
21,267,g_a,dpu,7048.18,7241.04
21,267,g_a_cpu,cpu,7241.04,7241.55
21,267,h_a,dpu,7241.56,7483.26
21,267,eb_enc,cpu,7483.26,7483.4
21,267,eb_dec,cpu,7483.4,7483.51
21,267,h_s,dpu,7483.51,7853.41
21,267,gc,cpu,7853.41,7864.91
21,318,normalize,cpu,7865.5,7869.24
21,318,g_a_cpu,cpu,7869.25,7869.65
21,318,g_a,dpu,7869.65,8198.29
21,318,g_a,dpu,8198.29,8498.27
21,318,g_a_cpu,cpu,8498.27,8498.71
21,318,h_a,dpu,8498.72,8737.87
21,318,eb_enc,cpu,8737.87,8738.05
21,318,eb_dec,cpu,8738.05,8738.17
21,318,h_s,dpu,8738.17,9105.03
21,318,gc,cpu,9105.03,9116.14
21,367,normalize,cpu,9116.61,9120.26
21,367,g_a_cpu,cpu,9120.27,9120.58
21,367,g_a,dpu,9120.58,9403.12
21,367,g_a,dpu,9403.12,9702.57
21,367,g_a_cpu,cpu,9702.57,9703.11
21,367,h_a,dpu,9703.12,9704.38
21,367,eb_enc,cpu,9704.38,9704.52
21,367,eb_dec,cpu,9704.52,9704.64
21,367,h_s,dpu,9704.64,9983.59
21,367,gc,cpu,9983.59,9993.69
21,401,normalize,cpu,9994.53,9998.19
21,401,g_a_cpu,cpu,9998.19,9998.65
21,401,g_a,dpu,9998.66,10358.4
21,401,g_a,dpu,10358.4,10726.9
21,401,g_a_cpu,cpu,10726.9,10727.3
21,401,h_a,dpu,10727.3,10963.7
21,401,eb_enc,cpu,10963.7,10963.9
21,401,eb_dec,cpu,10963.9,10964
21,401,h_s,dpu,10964,11839.2
21,401,gc,cpu,11839.2,11849.1
21,476,normalize,cpu,11849.6,11853.3
21,476,g_a_cpu,cpu,11853.3,11853.7
21,476,g_a,dpu,11853.7,12109.2
21,476,g_a,dpu,12109.2,13029
21,476,g_a_cpu,cpu,13029,13029.6
21,476,h_a,dpu,13029.6,13031.8
21,476,eb_enc,cpu,13031.8,13032
21,476,eb_dec,cpu,13032,13032.1
21,476,h_s,dpu,13032.1,13033.6
21,476,gc,cpu,13033.6,13044.8
21,523,normalize,cpu,13045.4,13049.1
21,523,g_a_cpu,cpu,13049.1,13049.5
21,523,g_a,dpu,13049.5,13340.3
21,523,g_a,dpu,13340.3,13650.8
21,523,g_a_cpu,cpu,13650.8,13651.2
21,523,h_a,dpu,13651.2,13922.6
21,523,eb_enc,cpu,13922.6,13922.7
21,523,eb_dec,cpu,13922.7,13922.8
21,523,h_s,dpu,13922.8,13923.8
21,523,gc,cpu,13923.8,13934.2
21,557,normalize,cpu,13934.9,13938.7
21,557,g_a_cpu,cpu,13938.7,13939.1
21,557,g_a,dpu,13939.1,14302.6
21,557,g_a,dpu,14302.6,14614.4
21,557,g_a_cpu,cpu,14614.4,14614.8
21,557,h_a,dpu,14614.8,14925.7
21,557,eb_enc,cpu,14925.7,14925.9
21,557,eb_dec,cpu,14925.9,14926.1
21,557,h_s,dpu,14926.1,15231.8
21,557,gc,cpu,15231.8,15242.2
21,605,normalize,cpu,15243.2,15246.9
21,605,g_a_cpu,cpu,15246.9,15247.6
21,605,g_a,dpu,15247.6,15537
21,605,g_a,dpu,15537,15841.1
21,605,g_a_cpu,cpu,15841.1,15841.6
21,605,h_a,dpu,15841.6,16142.5
21,605,eb_enc,cpu,16142.5,16142.7
21,605,eb_dec,cpu,16142.7,16142.8
21,605,h_s,dpu,16142.8,16143.8
21,605,gc,cpu,16143.8,16154.9
21,635,normalize,cpu,16155.5,16169.5
21,635,g_a_cpu,cpu,16169.5,16170.3
21,635,g_a,dpu,16170.3,16510.4
21,635,g_a,dpu,16510.4,16842.9
21,635,g_a_cpu,cpu,16842.9,16843.3
21,635,h_a,dpu,16843.3,17185.6
21,635,eb_enc,cpu,17185.6,17185.8
21,635,eb_dec,cpu,17185.8,17185.9
21,635,h_s,dpu,17185.9,17379.9
21,635,gc,cpu,17379.9,17390.1
21,687,normalize,cpu,17390.7,17394.3
21,687,g_a_cpu,cpu,17394.4,17394.8
21,687,g_a,dpu,17394.8,17731.6
21,687,g_a,dpu,17731.6,18146.2
21,687,g_a_cpu,cpu,18146.2,18146.7
21,687,h_a,dpu,18146.7,18427.4
21,687,eb_enc,cpu,18427.4,18427.5
21,687,eb_dec,cpu,18427.5,18427.6
21,687,h_s,dpu,18427.6,18666.4
21,687,gc,cpu,18666.4,18676.7
21,735,normalize,cpu,18677.3,18680.9
21,735,g_a_cpu,cpu,18680.9,18681.3
21,735,g_a,dpu,18681.3,19000.2
21,735,g_a,dpu,19000.2,19416
21,735,g_a_cpu,cpu,19416,19416.4
21,735,h_a,dpu,19416.4,19661
21,735,eb_enc,cpu,19661,19661.2
21,735,eb_dec,cpu,19661.2,19661.3
21,735,h_s,dpu,19661.3,19852.6
21,735,gc,cpu,19852.6,19862.5
21,785,normalize,cpu,19862.9,19866.6
21,785,g_a_cpu,cpu,19866.6,19867.1
21,785,g_a,dpu,19867.1,20230.4
21,785,g_a,dpu,20230.4,20600.8
21,785,g_a_cpu,cpu,20600.8,20601.2
21,785,h_a,dpu,20601.2,20808.3
21,785,eb_enc,cpu,20808.3,20808.5
21,785,eb_dec,cpu,20808.5,20808.7
21,785,h_s,dpu,20808.7,21022.8
21,785,gc,cpu,21022.8,21033.1
21,833,normalize,cpu,21033.5,21037.2
21,833,g_a_cpu,cpu,21037.2,21037.6
21,833,g_a,dpu,21037.6,21511.7
21,833,g_a,dpu,21511.7,21949.5
21,833,g_a_cpu,cpu,21949.5,21949.9
21,833,h_a,dpu,21949.9,22084.6
21,833,eb_enc,cpu,22084.6,22084.7
21,833,eb_dec,cpu,22084.7,22084.8
21,833,h_s,dpu,22084.8,22264.5
21,833,gc,cpu,22264.5,22274.8
21,882,normalize,cpu,22275.2,22279.5
21,882,g_a_cpu,cpu,22279.5,22279.9
21,882,g_a,dpu,22279.9,22742.4
21,882,g_a,dpu,22742.4,23076.4
21,882,g_a_cpu,cpu,23076.4,23077
21,882,h_a,dpu,23077,23078.6
21,882,eb_enc,cpu,23078.6,23078.7
21,882,eb_dec,cpu,23078.7,23078.8
21,882,h_s,dpu,23078.8,23079.8
21,882,gc,cpu,23079.8,23091.2
21,904,normalize,cpu,23091.8,23095.4
21,904,g_a_cpu,cpu,23095.4,23095.9
21,904,g_a,dpu,23096,23926.4
21,904,g_a,dpu,23926.4,24084.3
21,904,g_a_cpu,cpu,24084.3,24084.7
21,904,h_a,dpu,24084.8,24172.2
21,904,eb_enc,cpu,24172.2,24172.3
21,904,eb_dec,cpu,24172.3,24172.4
21,904,h_s,dpu,24172.4,24173.5
21,904,gc,cpu,24173.5,24184.9
22,18,normalize,cpu,89.3141,92.9947
22,18,g_a_cpu,cpu,93.129,93.8351
22,18,g_a,dpu,93.843,747.622
22,18,g_a,dpu,747.625,783.974
22,18,g_a_cpu,cpu,783.975,784.482
22,18,h_a,dpu,784.489,1370.55
22,18,eb_enc,cpu,1370.55,1370.72
22,18,eb_dec,cpu,1370.72,1370.85
22,18,h_s,dpu,1370.85,1505.45
22,18,gc,cpu,1505.47,1519.97
22,88,normalize,cpu,1520.56,1525.12
22,88,g_a_cpu,cpu,1525.13,1525.49
22,88,g_a,dpu,1525.49,1874.03
22,88,g_a,dpu,1874.04,2311.7
22,88,g_a_cpu,cpu,2311.71,2312.23
22,88,h_a,dpu,2312.23,2580.07
22,88,eb_enc,cpu,2580.07,2580.24
22,88,eb_dec,cpu,2580.24,2580.38
22,88,h_s,dpu,2580.38,2760.61
22,88,gc,cpu,2760.61,2773.46
22,127,normalize,cpu,2773.94,2777.62
22,127,g_a_cpu,cpu,2777.62,2778.12
22,127,g_a,dpu,2778.12,3046.8
22,127,g_a,dpu,3046.81,3083.12
22,127,g_a_cpu,cpu,3083.12,3083.48
22,127,h_a,dpu,3083.48,3084.93
22,127,eb_enc,cpu,3084.93,3085.1
22,127,eb_dec,cpu,3085.1,3085.23
22,127,h_s,dpu,3085.23,3455.41
22,127,gc,cpu,3455.41,3467.02
22,147,normalize,cpu,3467.59,3471.25
22,147,g_a_cpu,cpu,3471.25,3471.59
22,147,g_a,dpu,3471.59,3801.22
22,147,g_a,dpu,3801.23,4067.07
22,147,g_a_cpu,cpu,4067.08,4067.49
22,147,h_a,dpu,4067.49,4339.54
22,147,eb_enc,cpu,4339.54,4339.67
22,147,eb_dec,cpu,4339.67,4339.79
22,147,h_s,dpu,4339.79,4672.36
22,147,gc,cpu,4672.36,4682.09
22,196,normalize,cpu,4682.55,4686.16
22,196,g_a_cpu,cpu,4686.17,4686.52
22,196,g_a,dpu,4686.52,5019.26
22,196,g_a,dpu,5019.26,5248.1
22,196,g_a_cpu,cpu,5248.1,5248.52
22,196,h_a,dpu,5248.52,5485.21
22,196,eb_enc,cpu,5485.21,5485.37
22,196,eb_dec,cpu,5485.37,5485.49
22,196,h_s,dpu,5485.49,5899.29
22,196,gc,cpu,5899.29,5909.13
22,240,normalize,cpu,5909.59,5913.26
22,240,g_a_cpu,cpu,5913.26,5913.57
22,240,g_a,dpu,5913.57,6287.21
22,240,g_a,dpu,6287.22,6323.67
22,240,g_a_cpu,cpu,6323.67,6324.14
22,240,h_a,dpu,6324.15,6530.74
22,240,eb_enc,cpu,6530.74,6530.92
22,240,eb_dec,cpu,6530.92,6531.03
22,240,h_s,dpu,6531.03,6779.09
22,240,gc,cpu,6779.1,6789.32
22,283,normalize,cpu,6789.86,6794.81
22,283,g_a_cpu,cpu,6794.82,6795.27
22,283,g_a,dpu,6795.28,7742.4
22,283,g_a,dpu,7742.4,8045.1
22,283,g_a_cpu,cpu,8045.1,8045.57
22,283,h_a,dpu,8045.58,8315.39
22,283,eb_enc,cpu,8315.39,8315.53
22,283,eb_dec,cpu,8315.53,8315.65
22,283,h_s,dpu,8315.65,8655.22
22,283,gc,cpu,8655.22,8665.13
22,351,normalize,cpu,8674.71,8678.35
22,351,g_a_cpu,cpu,8678.35,8678.71
22,351,g_a,dpu,8678.72,8987.88
22,351,g_a,dpu,8987.88,9268.05
22,351,g_a_cpu,cpu,9268.05,9268.42
22,351,h_a,dpu,9268.42,9538.3
22,351,eb_enc,cpu,9538.3,9538.49
22,351,eb_dec,cpu,9538.49,9538.62
22,351,h_s,dpu,9538.62,9875.95
22,351,gc,cpu,9875.95,9886.4
22,399,normalize,cpu,9886.85,9890.49
22,399,g_a_cpu,cpu,9890.49,9890.85
22,399,g_a,dpu,9890.85,10218.8
22,399,g_a,dpu,10218.8,10460.9
22,399,g_a_cpu,cpu,10460.9,10461.3
22,399,h_a,dpu,10461.3,10462.8
22,399,eb_enc,cpu,10462.8,10463
22,399,eb_dec,cpu,10463,10463.1
22,399,h_s,dpu,10463.1,11165.6
22,399,gc,cpu,11165.6,11175.3
22,446,normalize,cpu,11175.7,11179.4
22,446,g_a_cpu,cpu,11179.4,11179.7
22,446,g_a,dpu,11179.7,11362.5
22,446,g_a,dpu,11362.5,11716.7
22,446,g_a_cpu,cpu,11716.7,11717.1
22,446,h_a,dpu,11717.1,12086.3
22,446,eb_enc,cpu,12086.3,12086.4
22,446,eb_dec,cpu,12086.4,12086.5
22,446,h_s,dpu,12086.5,12352.2
22,446,gc,cpu,12352.2,12362.2
22,494,normalize,cpu,12363.6,12367.3
22,494,g_a_cpu,cpu,12367.3,12367.9
22,494,g_a,dpu,12367.9,12601.7
22,494,g_a,dpu,12601.7,13356.8
22,494,g_a_cpu,cpu,13356.8,13357.2
22,494,h_a,dpu,13357.2,13358.7
22,494,eb_enc,cpu,13358.7,13358.8
22,494,eb_dec,cpu,13358.8,13358.9
22,494,h_s,dpu,13358.9,13827.4
22,494,gc,cpu,13827.4,13837.9
22,550,normalize,cpu,13838.5,13842.2
22,550,g_a_cpu,cpu,13842.2,13843.1
22,550,g_a,dpu,13843.1,14167.8
22,550,g_a,dpu,14167.8,14204.1
22,550,g_a_cpu,cpu,14204.1,14204.5
22,550,h_a,dpu,14204.5,14864
22,550,eb_enc,cpu,14864,14864.1
22,550,eb_dec,cpu,14864.1,14864.3
22,550,h_s,dpu,14864.3,14865.3
22,550,gc,cpu,14865.3,14875.6
22,586,normalize,cpu,14876.1,14879.8
22,586,g_a_cpu,cpu,14879.8,14880.1
22,586,g_a,dpu,14880.1,15102.5
22,586,g_a,dpu,15102.5,15417.7
22,586,g_a_cpu,cpu,15417.7,15418.2
22,586,h_a,dpu,15418.2,15824.4
22,586,eb_enc,cpu,15824.4,15824.5
22,586,eb_dec,cpu,15824.5,15824.6
22,586,h_s,dpu,15824.6,16096.3
22,586,gc,cpu,16096.3,16106.1
22,633,normalize,cpu,16106.6,16110.2
22,633,g_a_cpu,cpu,16110.2,16110.5
22,633,g_a,dpu,16110.5,16374.4
22,633,g_a,dpu,16374.4,16674.6
22,633,g_a_cpu,cpu,16674.6,16675
22,633,h_a,dpu,16675,16676.6
22,633,eb_enc,cpu,16676.6,16676.7
22,633,eb_dec,cpu,16676.7,16676.9
22,633,h_s,dpu,16676.9,17214.9
22,633,gc,cpu,17214.9,17224.8
22,683,normalize,cpu,17225.7,17229.3
22,683,g_a_cpu,cpu,17229.3,17229.8
22,683,g_a,dpu,17229.8,17564.8
22,683,g_a,dpu,17564.8,17601.3
22,683,g_a_cpu,cpu,17601.3,17601.6
22,683,h_a,dpu,17601.6,18245.7
22,683,eb_enc,cpu,18245.7,18245.9
22,683,eb_dec,cpu,18245.9,18246
22,683,h_s,dpu,18246,18247
22,683,gc,cpu,18247,18257
22,720,normalize,cpu,18257.5,18261.1
22,720,g_a_cpu,cpu,18261.1,18261.5
22,720,g_a,dpu,18261.5,18494.1
22,720,g_a,dpu,18494.1,18838.9
22,720,g_a_cpu,cpu,18838.9,18839.3
22,720,h_a,dpu,18839.3,19211.3
22,720,eb_enc,cpu,19211.3,19211.5
22,720,eb_dec,cpu,19211.5,19211.7
22,720,h_s,dpu,19211.7,19994.1
22,720,gc,cpu,19994.1,20004.3
22,788,normalize,cpu,20004.6,20008.3
22,788,g_a_cpu,cpu,20008.3,20008.7
22,788,g_a,dpu,20008.7,20398.2
22,788,g_a,dpu,20398.3,20670.7
22,788,g_a_cpu,cpu,20670.7,20671.5
22,788,h_a,dpu,20671.6,20915
22,788,eb_enc,cpu,20915,20915.2
22,788,eb_dec,cpu,20915.2,20915.3
22,788,h_s,dpu,20915.3,21249.7
22,788,gc,cpu,21249.7,21259.6
22,838,normalize,cpu,21260,21263.7
22,838,g_a_cpu,cpu,21263.7,21264
22,838,g_a,dpu,21264,21623.6
22,838,g_a,dpu,21623.6,21858.9
22,838,g_a_cpu,cpu,21858.9,21859.2
22,838,h_a,dpu,21859.2,22140.7
22,838,eb_enc,cpu,22140.7,22140.9
22,838,eb_dec,cpu,22140.9,22141
22,838,h_s,dpu,22141,22507.4
22,838,gc,cpu,22507.4,22517.4
22,887,normalize,cpu,22517.8,22521.5
22,887,g_a_cpu,cpu,22521.5,22521.9
22,887,g_a,dpu,22521.9,22806.2
22,887,g_a,dpu,22806.2,23033.1
22,887,g_a_cpu,cpu,23033.1,23033.6
22,887,h_a,dpu,23033.7,23346.4
22,887,eb_enc,cpu,23346.4,23346.5
22,887,eb_dec,cpu,23346.5,23346.7
22,887,h_s,dpu,23346.7,23688.6
22,887,gc,cpu,23688.6,23698.6
23,22,normalize,cpu,95.0492,117.775
23,22,g_a_cpu,cpu,117.861,118.241
23,22,g_a,dpu,118.246,830.846
23,22,g_a,dpu,830.848,867.551
23,22,g_a_cpu,cpu,867.552,868.03
23,22,h_a,dpu,868.036,1286.56
23,22,eb_enc,cpu,1286.56,1286.76
23,22,eb_dec,cpu,1286.77,1286.89
23,22,h_s,dpu,1286.9,1341.44
23,22,gc,cpu,1341.44,1392.39
23,66,normalize,cpu,1393.03,1396.73
23,66,g_a_cpu,cpu,1396.73,1397.25
23,66,g_a,dpu,1397.26,1723.84
23,66,g_a,dpu,1723.84,2308.07
23,66,g_a_cpu,cpu,2308.08,2308.54
23,66,h_a,dpu,2308.54,2624.49
23,66,eb_enc,cpu,2624.49,2624.62
23,66,eb_dec,cpu,2624.63,2624.74
23,66,h_s,dpu,2624.74,2787.47
23,66,gc,cpu,2787.47,2797.41
23,132,normalize,cpu,2797.98,2801.71
23,132,g_a_cpu,cpu,2801.72,2802.11
23,132,g_a,dpu,2802.12,3084.5
23,132,g_a,dpu,3084.5,3542.79
23,132,g_a_cpu,cpu,3542.79,3543.41
23,132,h_a,dpu,3543.42,3906.39
23,132,eb_enc,cpu,3906.39,3906.57
23,132,eb_dec,cpu,3906.57,3906.68
23,132,h_s,dpu,3906.68,4096.22
23,132,gc,cpu,4096.23,4114.71
23,180,normalize,cpu,4115.37,4119.71
23,180,g_a_cpu,cpu,4119.71,4120.25
23,180,g_a,dpu,4120.26,5183.87
23,180,g_a,dpu,5183.88,5220.99
23,180,g_a_cpu,cpu,5221,5221.37
23,180,h_a,dpu,5221.37,5224.18
23,180,eb_enc,cpu,5224.18,5224.31
23,180,eb_dec,cpu,5224.31,5224.42
23,180,h_s,dpu,5224.42,5378.65
23,180,gc,cpu,5378.65,5404.54
23,228,normalize,cpu,5405.11,5408.76
23,228,g_a_cpu,cpu,5408.76,5409.33
23,228,g_a,dpu,5409.33,5731.08
23,228,g_a,dpu,5731.08,5768.13
23,228,g_a_cpu,cpu,5768.13,5768.54
23,228,h_a,dpu,5768.54,6506.35
23,228,eb_enc,cpu,6506.35,6506.51
23,228,eb_dec,cpu,6506.51,6506.61
23,228,h_s,dpu,6506.61,6650.61
23,228,gc,cpu,6650.61,6661.26
23,272,normalize,cpu,6661.79,6665.64
23,272,g_a_cpu,cpu,6665.64,6666
23,272,g_a,dpu,6666,6931.87
23,272,g_a,dpu,6931.88,7411.49
23,272,g_a_cpu,cpu,7411.49,7411.85
23,272,h_a,dpu,7411.85,7762.2
23,272,eb_enc,cpu,7762.2,7762.37
23,272,eb_dec,cpu,7762.37,7762.48
23,272,h_s,dpu,7762.48,7880.49
23,272,gc,cpu,7880.49,7904.18
23,326,normalize,cpu,7904.74,7908.41
23,326,g_a_cpu,cpu,7908.41,7908.79
23,326,g_a,dpu,7908.79,9014.46
23,326,g_a,dpu,9014.46,9051.23
23,326,g_a_cpu,cpu,9051.23,9051.58
23,326,h_a,dpu,9051.59,9436.6
23,326,eb_enc,cpu,9436.6,9436.73
23,326,eb_dec,cpu,9436.73,9436.84
23,326,h_s,dpu,9436.84,9438.09
23,326,gc,cpu,9438.09,9448.24
23,381,normalize,cpu,9448.71,9452.39
23,381,g_a_cpu,cpu,9452.39,9452.92
23,381,g_a,dpu,9452.92,9919.55
23,381,g_a,dpu,9919.55,10271.4
23,381,g_a_cpu,cpu,10271.4,10271.7
23,381,h_a,dpu,10271.7,10416.2
23,381,eb_enc,cpu,10416.2,10416.3
23,381,eb_dec,cpu,10416.3,10416.4
23,381,h_s,dpu,10416.4,10692.2
23,381,gc,cpu,10692.2,10702.3
23,431,normalize,cpu,10702.9,10706.6
23,431,g_a_cpu,cpu,10706.6,10707
23,431,g_a,dpu,10707,11180.4
23,431,g_a,dpu,11180.4,11535
23,431,g_a_cpu,cpu,11535,11535.4
23,431,h_a,dpu,11535.4,11748.6
23,431,eb_enc,cpu,11748.6,11748.7
23,431,eb_dec,cpu,11748.7,11748.9
23,431,h_s,dpu,11748.9,12025.5
23,431,gc,cpu,12025.5,12035.8
23,479,normalize,cpu,12036.3,12040
23,479,g_a_cpu,cpu,12040,12040.4
23,479,g_a,dpu,12040.4,12408.5
23,479,g_a,dpu,12408.5,12736.8
23,479,g_a_cpu,cpu,12736.8,12737.2
23,479,h_a,dpu,12737.2,12988.7
23,479,eb_enc,cpu,12988.7,12988.8
23,479,eb_dec,cpu,12988.8,12988.9
23,479,h_s,dpu,12988.9,13576.7
23,479,gc,cpu,13576.7,13587.6
23,540,normalize,cpu,13588.1,13591.7
23,540,g_a_cpu,cpu,13591.8,13592.1
23,540,g_a,dpu,13592.1,13968.6
23,540,g_a,dpu,13968.6,14285.4
23,540,g_a_cpu,cpu,14285.4,14285.8
23,540,h_a,dpu,14285.8,14566
23,540,eb_enc,cpu,14566,14566.1
23,540,eb_dec,cpu,14566.1,14566.2
23,540,h_s,dpu,14566.2,14920.8
23,540,gc,cpu,14920.8,14933.3
23,591,normalize,cpu,14933.8,14938.9
23,591,g_a_cpu,cpu,14938.9,14939.4
23,591,g_a,dpu,14939.4,15253.2
23,591,g_a,dpu,15253.2,15536.6
23,591,g_a_cpu,cpu,15536.6,15537
23,591,h_a,dpu,15537,15855.7
23,591,eb_enc,cpu,15855.7,15855.8
23,591,eb_dec,cpu,15855.8,15855.9
23,591,h_s,dpu,15855.9,16188.5
23,591,gc,cpu,16188.5,16206.4
23,645,normalize,cpu,16207.2,16210.9
23,645,g_a_cpu,cpu,16210.9,16211.3
23,645,g_a,dpu,16211.3,16629.2
23,645,g_a,dpu,16629.2,16907.5
23,645,g_a_cpu,cpu,16907.5,16907.9
23,645,h_a,dpu,16907.9,17159.9
23,645,eb_enc,cpu,17159.9,17160.1
23,645,eb_dec,cpu,17160.1,17160.2
23,645,h_s,dpu,17160.2,17514.6
23,645,gc,cpu,17514.7,17526.1
23,693,normalize,cpu,17526.6,17530.3
23,693,g_a_cpu,cpu,17530.3,17530.8
23,693,g_a,dpu,17530.8,17897
23,693,g_a,dpu,17897,18180.2
23,693,g_a_cpu,cpu,18180.2,18180.6
23,693,h_a,dpu,18180.6,18468.2
23,693,eb_enc,cpu,18468.2,18468.3
23,693,eb_dec,cpu,18468.3,18468.4
23,693,h_s,dpu,18468.4,18785
23,693,gc,cpu,18785,18795.1
23,743,normalize,cpu,18795.6,18799.2
23,743,g_a_cpu,cpu,18799.2,18799.6
23,743,g_a,dpu,18799.6,19457.6
23,743,g_a,dpu,19457.6,19717.1
23,743,g_a_cpu,cpu,19717.1,19717.5
23,743,h_a,dpu,19717.5,20369.7
23,743,eb_enc,cpu,20369.7,20369.8
23,743,eb_dec,cpu,20369.8,20369.9
23,743,h_s,dpu,20369.9,20371.1
23,743,gc,cpu,20371.1,20381.2
23,799,normalize,cpu,20381.8,20385.5
23,799,g_a_cpu,cpu,20385.5,20385.8
23,799,g_a,dpu,20385.8,20934.6
23,799,g_a,dpu,20934.6,21324.9
23,799,g_a_cpu,cpu,21324.9,21325.4
23,799,h_a,dpu,21325.4,21637.8
23,799,eb_enc,cpu,21637.8,21638
23,799,eb_dec,cpu,21638,21638.1
23,799,h_s,dpu,21638.1,21958.5
23,799,gc,cpu,21958.5,21968.2
23,858,normalize,cpu,21968.7,21972.4
23,858,g_a_cpu,cpu,21972.4,21972.9
23,858,g_a,dpu,21972.9,22278.1
23,858,g_a,dpu,22278.1,23036.2
23,858,g_a_cpu,cpu,23036.2,23036.5
23,858,h_a,dpu,23036.5,23039
23,858,eb_enc,cpu,23039,23039.2
23,858,eb_dec,cpu,23039.2,23039.3
23,858,h_s,dpu,23039.3,23255.4
23,858,gc,cpu,23255.4,23271.2
23,916,normalize,cpu,23271.9,23275.7
23,916,g_a_cpu,cpu,23275.7,23276.1
23,916,g_a,dpu,23276.1,23539.8
23,916,g_a,dpu,23539.8,23879.9
23,916,g_a_cpu,cpu,23879.9,23880.3
23,916,h_a,dpu,23880.4,24052.4
23,916,eb_enc,cpu,24052.4,24052.6
23,916,eb_dec,cpu,24052.6,24052.7
23,916,h_s,dpu,24052.7,24072.8
23,916,gc,cpu,24072.8,24084.8
24,25,normalize,cpu,99.034,126.371
24,25,g_a_cpu,cpu,126.39,126.947
24,25,g_a,dpu,126.952,548.058
24,25,g_a,dpu,548.06,584.322
24,25,g_a_cpu,cpu,584.324,584.799
24,25,h_a,dpu,584.805,1291.58
24,25,eb_enc,cpu,1291.58,1291.71
24,25,eb_dec,cpu,1291.71,1291.83
24,25,h_s,dpu,1291.83,1293
24,25,gc,cpu,1293.01,1380.21
24,62,normalize,cpu,1381.03,1384.69
24,62,g_a_cpu,cpu,1384.7,1385.24
24,62,g_a,dpu,1385.24,1661.93
24,62,g_a,dpu,1661.93,2139.05
24,62,g_a_cpu,cpu,2139.05,2139.53
24,62,h_a,dpu,2139.53,2473.17
24,62,eb_enc,cpu,2473.17,2473.3
24,62,eb_dec,cpu,2473.3,2473.42
24,62,h_s,dpu,2473.42,2568.17
24,62,gc,cpu,2568.17,2580.28
24,109,normalize,cpu,2581.16,2585.19
24,109,g_a_cpu,cpu,2585.2,2585.58
24,109,g_a,dpu,2585.58,2622.21
24,109,g_a,dpu,2622.21,3645.07
24,109,g_a_cpu,cpu,3645.07,3645.41
24,109,h_a,dpu,3645.42,3646.59
24,109,eb_enc,cpu,3646.59,3646.73
24,109,eb_dec,cpu,3646.73,3646.85
24,109,h_s,dpu,3646.85,3815.97
24,109,gc,cpu,3815.97,3826.15
24,166,normalize,cpu,3826.7,3830.38
24,166,g_a_cpu,cpu,3830.38,3830.63
24,166,g_a,dpu,3830.63,4367.7
24,166,g_a,dpu,4367.7,4743.46
24,166,g_a_cpu,cpu,4743.46,4744.06
24,166,h_a,dpu,4744.06,4745.6
24,166,eb_enc,cpu,4745.6,4745.73
24,166,eb_dec,cpu,4745.73,4745.84
24,166,h_s,dpu,4745.84,4905.44
24,166,gc,cpu,4905.44,4917.77
24,205,normalize,cpu,4918.39,4922.01
24,205,g_a_cpu,cpu,4922.01,4922.46
24,205,g_a,dpu,4922.47,5218.27
24,205,g_a,dpu,5218.27,5566.36
24,205,g_a_cpu,cpu,5566.36,5566.73
24,205,h_a,dpu,5566.73,6171.21
24,205,eb_enc,cpu,6171.21,6171.33
24,205,eb_dec,cpu,6171.33,6171.45
24,205,h_s,dpu,6171.45,6172.36
24,205,gc,cpu,6172.36,6184.23
24,249,normalize,cpu,6184.75,6188.53
24,249,g_a_cpu,cpu,6188.54,6189.03
24,249,g_a,dpu,6189.04,6310.47
24,249,g_a,dpu,6310.47,6346.93
24,249,g_a_cpu,cpu,6346.93,6347.46
24,249,h_a,dpu,6347.46,7159.05
24,249,eb_enc,cpu,7159.05,7159.17
24,249,eb_dec,cpu,7159.17,7159.28
24,249,h_s,dpu,7159.28,7160.17
24,249,gc,cpu,7160.17,7171.17
24,290,normalize,cpu,7171.67,7175.37
24,290,g_a_cpu,cpu,7175.38,7175.76
24,290,g_a,dpu,7175.76,7410.46
24,290,g_a,dpu,7410.46,7815.83
24,290,g_a_cpu,cpu,7815.83,7816.27
24,290,h_a,dpu,7816.28,8158.36
24,290,eb_enc,cpu,8158.36,8158.52
24,290,eb_dec,cpu,8158.52,8158.64
24,290,h_s,dpu,8158.64,8421.92
24,290,gc,cpu,8421.92,8434.08
24,340,normalize,cpu,8434.6,8438.22
24,340,g_a_cpu,cpu,8438.22,8438.75
24,340,g_a,dpu,8438.75,8701.02
24,340,g_a,dpu,8701.02,9102.96
24,340,g_a_cpu,cpu,9102.96,9103.51
24,340,h_a,dpu,9103.51,9363.9
24,340,eb_enc,cpu,9363.9,9364.03
24,340,eb_dec,cpu,9364.03,9364.15
24,340,h_s,dpu,9364.15,9591.63
24,340,gc,cpu,9591.63,9601.49
24,387,normalize,cpu,9602.01,9605.66
24,387,g_a_cpu,cpu,9605.66,9606.03
24,387,g_a,dpu,9606.04,9872.96
24,387,g_a,dpu,9872.97,10314.1
24,387,g_a_cpu,cpu,10314.1,10314.8
24,387,h_a,dpu,10314.8,10650.9
24,387,eb_enc,cpu,10650.9,10651
24,387,eb_dec,cpu,10651,10651.1
24,387,h_s,dpu,10651.1,10818.6
24,387,gc,cpu,10818.6,10828.8
24,436,normalize,cpu,10829.3,10833
24,436,g_a_cpu,cpu,10833,10833.3
24,436,g_a,dpu,10833.3,11127.9
24,436,g_a,dpu,11127.9,11836.9
24,436,g_a_cpu,cpu,11836.9,11837.3
24,436,h_a,dpu,11837.3,12067.2
24,436,eb_enc,cpu,12067.2,12067.3
24,436,eb_dec,cpu,12067.3,12067.4
24,436,h_s,dpu,12067.4,12068.3
24,436,gc,cpu,12068.3,12078.6
24,482,normalize,cpu,12079.1,12082.8
24,482,g_a_cpu,cpu,12082.8,12083.1
24,482,g_a,dpu,12083.1,12622.8
24,482,g_a,dpu,12622.8,12659.1
24,482,g_a_cpu,cpu,12659.1,12659.6
24,482,h_a,dpu,12659.6,12661
24,482,eb_enc,cpu,12661,12661.1
24,482,eb_dec,cpu,12661.1,12661.3
24,482,h_s,dpu,12661.3,12662.2
24,482,gc,cpu,12662.2,12672.2
24,511,normalize,cpu,12672.7,12676.4
24,511,g_a_cpu,cpu,12676.4,12676.7
24,511,g_a,dpu,12676.7,13105.9
24,511,g_a,dpu,13105.9,13412.4
24,511,g_a_cpu,cpu,13412.4,13413
24,511,h_a,dpu,13413,13653.3
24,511,eb_enc,cpu,13653.3,13653.4
24,511,eb_dec,cpu,13653.4,13653.6
24,511,h_s,dpu,13653.6,13924.5
24,511,gc,cpu,13924.5,13935.1
24,558,normalize,cpu,13935.6,13939.2
24,558,g_a_cpu,cpu,13939.2,13939.7
24,558,g_a,dpu,13939.7,14338.5
24,558,g_a,dpu,14338.5,14651.1
24,558,g_a_cpu,cpu,14651.1,14651.6
24,558,h_a,dpu,14651.6,14927.1
24,558,eb_enc,cpu,14927.1,14927.4
24,558,eb_dec,cpu,14927.4,14927.6
24,558,h_s,dpu,14927.6,15232.5
24,558,gc,cpu,15232.5,15242.8
24,606,normalize,cpu,15243.5,15247.2
24,606,g_a_cpu,cpu,15247.2,15247.8
24,606,g_a,dpu,15247.8,15573.4
24,606,g_a,dpu,15573.4,15877
24,606,g_a_cpu,cpu,15877,15877.5
24,606,h_a,dpu,15877.5,17002.7
24,606,eb_enc,cpu,17002.7,17002.9
24,606,eb_dec,cpu,17002.9,17003
24,606,h_s,dpu,17003,17193.4
24,606,gc,cpu,17193.4,17204
24,682,normalize,cpu,17204.5,17208.2
24,682,g_a_cpu,cpu,17208.2,17208.9
24,682,g_a,dpu,17208.9,17461.5
24,682,g_a,dpu,17461.5,17839.2
24,682,g_a_cpu,cpu,17839.2,17839.7
24,682,h_a,dpu,17839.7,18184.2
24,682,eb_enc,cpu,18184.2,18184.4
24,682,eb_dec,cpu,18184.4,18184.5
24,682,h_s,dpu,18184.5,18430.1
24,682,gc,cpu,18430.1,18440.2
24,727,normalize,cpu,18440.8,18444.5
24,727,g_a_cpu,cpu,18444.5,18445
24,727,g_a,dpu,18445,18738.9
24,727,g_a,dpu,18738.9,19108.8
24,727,g_a_cpu,cpu,19108.8,19109.3
24,727,h_a,dpu,19109.3,19455.3
24,727,eb_enc,cpu,19455.3,19455.4
24,727,eb_dec,cpu,19455.4,19455.6
24,727,h_s,dpu,19455.6,19663.6
24,727,gc,cpu,19663.6,19673.8
24,775,normalize,cpu,19674.6,19678.3
24,775,g_a_cpu,cpu,19678.3,19678.8
24,775,g_a,dpu,19678.8,19930.3
24,775,g_a,dpu,19930.3,20338.5
24,775,g_a_cpu,cpu,20338.5,20339.1
24,775,h_a,dpu,20339.1,20638.4
24,775,eb_enc,cpu,20638.4,20638.5
24,775,eb_dec,cpu,20638.5,20638.6
24,775,h_s,dpu,20638.6,20818.5
24,775,gc,cpu,20818.5,20828.6
24,823,normalize,cpu,20829.2,20832.8
24,823,g_a_cpu,cpu,20832.8,20833.2
24,823,g_a,dpu,20833.2,21106.5
24,823,g_a,dpu,21106.5,21620.4
24,823,g_a_cpu,cpu,21620.4,21620.9
24,823,h_a,dpu,21620.9,21988
24,823,eb_enc,cpu,21988,21988.2
24,823,eb_dec,cpu,21988.2,21988.3
24,823,h_s,dpu,21988.3,22087.8
24,823,gc,cpu,22087.8,22097.7
24,870,normalize,cpu,22098.1,22102
24,870,g_a_cpu,cpu,22102,22102.7
24,870,g_a,dpu,22102.7,22375.4
24,870,g_a,dpu,22375.4,23279.7
24,870,g_a_cpu,cpu,23279.7,23280.3
24,870,h_a,dpu,23280.3,23291.6
24,870,eb_enc,cpu,23291.6,23291.8
24,870,eb_dec,cpu,23291.8,23291.9
24,870,h_s,dpu,23291.9,23292.9
24,870,gc,cpu,23292.9,23303.1
24,920,normalize,cpu,23303.6,23307.7
24,920,g_a_cpu,cpu,23307.7,23308.1
24,920,g_a,dpu,23308.1,23630.7
24,920,g_a,dpu,23630.8,23999.9
24,920,g_a_cpu,cpu,23999.9,24000.5
24,920,h_a,dpu,24000.5,24184.1
24,920,eb_enc,cpu,24184.1,24184.3
24,920,eb_dec,cpu,24184.3,24184.4
24,920,h_s,dpu,24184.4,24186.9
24,920,gc,cpu,24186.9,24196.7
25,30,normalize,cpu,103.066,119.243
25,30,g_a_cpu,cpu,119.285,119.747
25,30,g_a,dpu,119.751,347.314
25,30,g_a,dpu,347.316,383.646
25,30,g_a_cpu,cpu,383.647,384.076
25,30,h_a,dpu,384.081,1192.38
25,30,eb_enc,cpu,1192.38,1192.51
25,30,eb_dec,cpu,1192.51,1192.62
25,30,h_s,dpu,1192.62,1193.76
25,30,gc,cpu,1193.77,1205.89
25,51,normalize,cpu,1206.6,1210.2
25,51,g_a_cpu,cpu,1210.2,1210.64
25,51,g_a,dpu,1210.64,1482.46
25,51,g_a,dpu,1482.46,1689.34
25,51,g_a_cpu,cpu,1689.34,1689.78
25,51,h_a,dpu,1689.78,2022.11
25,51,eb_enc,cpu,2022.11,2022.24
25,51,eb_dec,cpu,2022.24,2022.38
25,51,h_s,dpu,2022.38,2427.31
25,51,gc,cpu,2427.31,2438.76
25,103,normalize,cpu,2439.35,2443
25,103,g_a_cpu,cpu,2443,2443.34
25,103,g_a,dpu,2443.35,2703.61
25,103,g_a,dpu,2703.61,2966.72
25,103,g_a_cpu,cpu,2966.72,2967.24
25,103,h_a,dpu,2967.24,3236.61
25,103,eb_enc,cpu,3236.61,3236.78
25,103,eb_dec,cpu,3236.78,3236.9
25,103,h_s,dpu,3236.9,3538.75
25,103,gc,cpu,3538.75,3550.04
25,150,normalize,cpu,3550.53,3554.16
25,150,g_a_cpu,cpu,3554.17,3554.52
25,150,g_a,dpu,3554.52,3988.91
25,150,g_a,dpu,3988.92,4291.1
25,150,g_a_cpu,cpu,4291.1,4291.53
25,150,h_a,dpu,4291.53,4453.75
25,150,eb_enc,cpu,4453.75,4453.87
25,150,eb_dec,cpu,4453.87,4453.99
25,150,h_s,dpu,4454,4755.43
25,150,gc,cpu,4755.43,4765.62
25,200,normalize,cpu,4766.15,4769.8
25,200,g_a_cpu,cpu,4769.8,4770.14
25,200,g_a,dpu,4770.15,5169.24
25,200,g_a,dpu,5169.25,5437.31
25,200,g_a_cpu,cpu,5437.31,5437.64
25,200,h_a,dpu,5437.65,5674.69
25,200,eb_enc,cpu,5674.69,5674.84
25,200,eb_dec,cpu,5674.84,5674.97
25,200,h_s,dpu,5674.97,5953.52
25,200,gc,cpu,5953.52,5974.4
25,247,normalize,cpu,5974.89,5978.56
25,247,g_a_cpu,cpu,5978.56,5978.98
25,247,g_a,dpu,5978.98,6471.08
25,247,g_a,dpu,6471.08,6507.49
25,247,g_a_cpu,cpu,6507.49,6507.88
25,247,h_a,dpu,6507.88,6509.37
25,247,eb_enc,cpu,6509.37,6509.5
25,247,eb_dec,cpu,6509.5,6509.62
25,247,h_s,dpu,6509.62,7208.3
25,247,gc,cpu,7208.3,7218.8
25,293,normalize,cpu,7219.37,7223.01
25,293,g_a_cpu,cpu,7223.01,7223.32
25,293,g_a,dpu,7223.32,7627.39
25,293,g_a,dpu,7627.4,7933.05
25,293,g_a_cpu,cpu,7933.05,7933.47
25,293,h_a,dpu,7933.48,8230.75
25,293,eb_enc,cpu,8230.75,8230.88
25,293,eb_dec,cpu,8230.88,8231
25,293,h_s,dpu,8231,8507.52
25,293,gc,cpu,8507.52,8517.76
25,343,normalize,cpu,8518.49,8522.1
25,343,g_a_cpu,cpu,8522.11,8522.54
25,343,g_a,dpu,8522.54,8805.75
25,343,g_a,dpu,8805.76,9150.13
25,343,g_a_cpu,cpu,9150.13,9150.62
25,343,h_a,dpu,9150.62,9453.99
25,343,eb_enc,cpu,9453.99,9454.11
25,343,eb_dec,cpu,9454.11,9454.23
25,343,h_s,dpu,9454.23,9723.52
25,343,gc,cpu,9723.52,9733.71
25,390,normalize,cpu,9734.23,9737.89
25,390,g_a_cpu,cpu,9737.89,9738.24
25,390,g_a,dpu,9738.24,10029.2
25,390,g_a,dpu,10029.2,10679.4
25,390,g_a_cpu,cpu,10679.4,10679.7
25,390,h_a,dpu,10679.7,10681.2
25,390,eb_enc,cpu,10681.2,10681.3
25,390,eb_dec,cpu,10681.3,10681.5
25,390,h_s,dpu,10681.5,11209.3
25,390,gc,cpu,11209.3,11220.6
25,448,normalize,cpu,11221.2,11224.9
25,448,g_a_cpu,cpu,11224.9,11225.4
25,448,g_a,dpu,11225.4,11446.8
25,448,g_a,dpu,11446.8,11898.6
25,448,g_a_cpu,cpu,11898.6,11899
25,448,h_a,dpu,11899,12233.4
25,448,eb_enc,cpu,12233.4,12233.6
25,448,eb_dec,cpu,12233.6,12233.7
25,448,h_s,dpu,12233.7,12393.3
25,448,gc,cpu,12393.3,12403.2
25,499,normalize,cpu,12403.8,12407.6
25,499,g_a_cpu,cpu,12407.6,12408
25,499,g_a,dpu,12408,12646.6
25,499,g_a,dpu,12646.6,13123.2
25,499,g_a_cpu,cpu,13123.2,13123.7
25,499,h_a,dpu,13123.7,13505.6
25,499,eb_enc,cpu,13505.6,13505.7
25,499,eb_dec,cpu,13505.7,13505.8
25,499,h_s,dpu,13505.8,13668.7
25,499,gc,cpu,13668.7,13679.4
25,545,normalize,cpu,13680.1,13683.9
25,545,g_a_cpu,cpu,13683.9,13684.4
25,545,g_a,dpu,13684.4,13911.3
25,545,g_a,dpu,13911.3,14350.9
25,545,g_a_cpu,cpu,14350.9,14351.4
25,545,h_a,dpu,14351.4,14726.9
25,545,eb_enc,cpu,14726.9,14727
25,545,eb_dec,cpu,14727,14727.2
25,545,h_s,dpu,14727.2,14906.4
25,545,gc,cpu,14906.4,14916.3
25,587,normalize,cpu,14916.9,14921.3
25,587,g_a_cpu,cpu,14921.3,14921.6
25,587,g_a,dpu,14921.7,15563.3
25,587,g_a,dpu,15563.3,15599.9
25,587,g_a_cpu,cpu,15599.9,15600.4
25,587,h_a,dpu,15600.4,16140.2
25,587,eb_enc,cpu,16140.2,16140.4
25,587,eb_dec,cpu,16140.4,16140.6
25,587,h_s,dpu,16140.6,16378.7
25,587,gc,cpu,16378.7,16389.8
25,650,normalize,cpu,16390.2,16393.9
25,650,g_a_cpu,cpu,16393.9,16394.2
25,650,g_a,dpu,16394.2,16749.1
25,650,g_a,dpu,16749.1,17086.5
25,650,g_a_cpu,cpu,17086.5,17086.9
25,650,h_a,dpu,17086.9,17335.3
25,650,eb_enc,cpu,17335.3,17335.5
25,650,eb_dec,cpu,17335.5,17335.6
25,650,h_s,dpu,17335.6,17676.5
25,650,gc,cpu,17676.5,17686.4
25,701,normalize,cpu,17687.1,17690.8
25,701,g_a_cpu,cpu,17690.8,17691.2
25,701,g_a,dpu,17691.2,18055.5
25,701,g_a,dpu,18055.5,18327.2
25,701,g_a_cpu,cpu,18327.2,18327.6
25,701,h_a,dpu,18327.6,18568
25,701,eb_enc,cpu,18568,18568.1
25,701,eb_dec,cpu,18568.1,18568.2
25,701,h_s,dpu,18568.2,19214.7
25,701,gc,cpu,19214.7,19226.1
25,757,normalize,cpu,19226.9,19230.6
25,757,g_a_cpu,cpu,19230.6,19231.2
25,757,g_a,dpu,19231.2,19495.6
25,757,g_a,dpu,19495.6,19803.1
25,757,g_a_cpu,cpu,19803.1,19803.4
25,757,h_a,dpu,19803.4,19804.8
25,757,eb_enc,cpu,19804.8,19805
25,757,eb_dec,cpu,19805,19805.1
25,757,h_s,dpu,19805.1,20438.1
25,757,gc,cpu,20438.1,20449.6
25,802,normalize,cpu,20450.2,20453.9
25,802,g_a_cpu,cpu,20453.9,20455.1
25,802,g_a,dpu,20455.1,20754.4
25,802,g_a,dpu,20754.4,21063.6
25,802,g_a_cpu,cpu,21063.6,21064.1
25,802,h_a,dpu,21064.1,21362.5
25,802,eb_enc,cpu,21362.5,21362.7
25,802,eb_dec,cpu,21362.7,21362.8
25,802,h_s,dpu,21362.8,21364
25,802,gc,cpu,21364,21374.4
25,843,normalize,cpu,21374.9,21378.5
25,843,g_a_cpu,cpu,21378.5,21378.9
25,843,g_a,dpu,21378.9,21706.5
25,843,g_a,dpu,21706.5,21978.4
25,843,g_a_cpu,cpu,21978.4,21978.8
25,843,h_a,dpu,21978.8,22287.3
25,843,eb_enc,cpu,22287.3,22287.4
25,843,eb_dec,cpu,22287.4,22287.5
25,843,h_s,dpu,22287.5,22619.2
25,843,gc,cpu,22619.2,22629.6
25,888,normalize,cpu,22630.1,22633.8
25,888,g_a_cpu,cpu,22633.8,22634.2
25,888,g_a,dpu,22634.2,22919.1
25,888,g_a,dpu,22919.1,23183.6
25,888,g_a_cpu,cpu,23183.6,23184.1
25,888,h_a,dpu,23184.1,23836.5
25,888,eb_enc,cpu,23836.5,23836.7
25,888,eb_dec,cpu,23836.7,23836.8
25,888,h_s,dpu,23836.8,23837.8
25,888,gc,cpu,23837.8,23847.9
26,38,normalize,cpu,115.287,118.981
26,38,g_a_cpu,cpu,119.053,119.484
26,38,g_a,dpu,119.49,353.699
26,38,g_a,dpu,353.701,903.843
26,38,g_a_cpu,cpu,903.844,904.211
26,38,h_a,dpu,904.218,1289.63
26,38,eb_enc,cpu,1289.63,1289.81
26,38,eb_dec,cpu,1289.82,1289.95
26,38,h_s,dpu,1289.95,1345.41
26,38,gc,cpu,1345.42,1429.33
26,76,normalize,cpu,1430,1444.58
26,76,g_a_cpu,cpu,1444.58,1445.11
26,76,g_a,dpu,1445.11,2162.28
26,76,g_a,dpu,2162.28,2575.52
26,76,g_a_cpu,cpu,2575.52,2576.19
26,76,h_a,dpu,2576.19,2581.23
26,76,eb_enc,cpu,2581.24,2581.39
26,76,eb_dec,cpu,2581.4,2581.52
26,76,h_s,dpu,2581.52,2768.67
26,76,gc,cpu,2768.67,2781.89
26,129,normalize,cpu,2782.55,2786.17
26,129,g_a_cpu,cpu,2786.18,2786.83
26,129,g_a,dpu,2786.84,3011.39
26,129,g_a,dpu,3011.4,3465.5
26,129,g_a_cpu,cpu,3465.5,3465.91
26,129,h_a,dpu,3465.91,3901.27
26,129,eb_enc,cpu,3901.28,3901.42
26,129,eb_dec,cpu,3901.42,3901.53
26,129,h_s,dpu,3901.53,4087.64
26,129,gc,cpu,4087.64,4098.75
26,176,normalize,cpu,4100.19,4114.94
26,176,g_a_cpu,cpu,4114.95,4115.41
26,176,g_a,dpu,4115.41,4311.55
26,176,g_a,dpu,4311.55,4348.45
26,176,g_a_cpu,cpu,4348.45,4348.87
26,176,h_a,dpu,4348.87,4351.87
26,176,eb_enc,cpu,4351.87,4352.01
26,176,eb_dec,cpu,4352.01,4352.12
26,176,h_s,dpu,4352.12,5364.95
26,176,gc,cpu,5364.95,5383.84
26,222,normalize,cpu,5384.5,5388.28
26,222,g_a_cpu,cpu,5388.29,5398.45
26,222,g_a,dpu,5398.45,5621.87
26,222,g_a,dpu,5621.88,6118.08
26,222,g_a_cpu,cpu,6118.08,6118.53
26,222,h_a,dpu,6118.53,6499.47
26,222,eb_enc,cpu,6499.47,6499.6
26,222,eb_dec,cpu,6499.6,6499.71
26,222,h_s,dpu,6499.71,6644.7
26,222,gc,cpu,6644.7,6662.43
26,274,normalize,cpu,6663.26,6668.75
26,274,g_a_cpu,cpu,6668.75,6669.19
26,274,g_a,dpu,6669.19,6968.14
26,274,g_a,dpu,6968.14,7448.72
26,274,g_a_cpu,cpu,7448.72,7449.16
26,274,h_a,dpu,7449.16,7764.9
26,274,eb_enc,cpu,7764.9,7765.05
26,274,eb_dec,cpu,7765.05,7765.16
26,274,h_s,dpu,7765.16,7887.83
26,274,gc,cpu,7887.83,7898.47
26,324,normalize,cpu,7899.05,7902.89
26,324,g_a_cpu,cpu,7902.89,7903.6
26,324,g_a,dpu,7903.61,8204.36
26,324,g_a,dpu,8204.36,8735.93
26,324,g_a_cpu,cpu,8735.93,8736.26
26,324,h_a,dpu,8736.27,8739.56
26,324,eb_enc,cpu,8739.57,8739.7
26,324,eb_dec,cpu,8739.7,8739.81
26,324,h_s,dpu,8739.81,9168.08
26,324,gc,cpu,9168.08,9178.63
26,374,normalize,cpu,9179.13,9182.85
26,374,g_a_cpu,cpu,9182.85,9183.19
26,374,g_a,dpu,9183.19,9511.47
26,374,g_a,dpu,9511.47,9993.02
26,374,g_a_cpu,cpu,9993.02,9993.64
26,374,h_a,dpu,9993.65,10276.3
26,374,eb_enc,cpu,10276.3,10276.4
26,374,eb_dec,cpu,10276.4,10276.5
26,374,h_s,dpu,10276.5,10418.5
26,374,gc,cpu,10418.5,10429.4
26,421,normalize,cpu,10430,10433.8
26,421,g_a_cpu,cpu,10433.8,10434.4
26,421,g_a,dpu,10434.4,10765.8
26,421,g_a,dpu,10765.8,11253.6
26,421,g_a_cpu,cpu,11253.6,11254.2
26,421,h_a,dpu,11254.2,11540.1
26,421,eb_enc,cpu,11540.1,11540.2
26,421,eb_dec,cpu,11540.2,11540.3
26,421,h_s,dpu,11540.3,11541.6
26,421,gc,cpu,11541.6,11552.9
26,465,normalize,cpu,11553.5,11557.1
26,465,g_a_cpu,cpu,11557.1,11557.6
26,465,g_a,dpu,11557.6,11595.3
26,465,g_a,dpu,11595.3,12284.2
26,465,g_a_cpu,cpu,12284.2,12284.5
26,465,h_a,dpu,12284.5,12288
26,465,eb_enc,cpu,12288,12288.2
26,465,eb_dec,cpu,12288.2,12288.3
26,465,h_s,dpu,12288.3,12787.7
26,465,gc,cpu,12787.7,12798.1
26,516,normalize,cpu,12798.9,12802.6
26,516,g_a_cpu,cpu,12802.6,12802.9
26,516,g_a,dpu,12802.9,13149.9
26,516,g_a,dpu,13149.9,13566.9
26,516,g_a_cpu,cpu,13566.9,13567.2
26,516,h_a,dpu,13567.2,13844.8
26,516,eb_enc,cpu,13844.8,13845
26,516,eb_dec,cpu,13845,13845.1
26,516,h_s,dpu,13845.1,14059.8
26,516,gc,cpu,14059.8,14070
26,564,normalize,cpu,14070.6,14074.2
26,564,g_a_cpu,cpu,14074.2,14074.8
26,564,g_a,dpu,14074.8,14412.1
26,564,g_a,dpu,14412.1,14866.9
26,564,g_a_cpu,cpu,14866.9,14867.4
26,564,h_a,dpu,14867.4,15122.1
26,564,eb_enc,cpu,15122.1,15122.2
26,564,eb_dec,cpu,15122.2,15122.4
26,564,h_s,dpu,15122.4,15304.5
26,564,gc,cpu,15304.5,15315.3
26,612,normalize,cpu,15315.9,15319.6
26,612,g_a_cpu,cpu,15319.6,15319.9
26,612,g_a,dpu,15319.9,15701.6
26,612,g_a,dpu,15701.6,16152.7
26,612,g_a_cpu,cpu,16152.7,16153.4
26,612,h_a,dpu,16153.4,16157.2
26,612,eb_enc,cpu,16157.2,16157.3
26,612,eb_dec,cpu,16157.3,16157.4
26,612,h_s,dpu,16157.4,16158.9
26,612,gc,cpu,16158.9,16173.1
26,640,normalize,cpu,16173.8,16178.6
26,640,g_a_cpu,cpu,16178.6,16179.4
26,640,g_a,dpu,16179.4,17555.4
26,640,g_a,dpu,17555.4,17592.3
26,640,g_a_cpu,cpu,17592.3,17592.6
26,640,h_a,dpu,17592.7,18183
26,640,eb_enc,cpu,18183,18183.2
26,640,eb_dec,cpu,18183.2,18183.3
26,640,h_s,dpu,18183.3,18469.2
26,640,gc,cpu,18469.2,18479.1
26,731,normalize,cpu,18479.6,18483.3
26,731,g_a_cpu,cpu,18483.3,18483.6
26,731,g_a,dpu,18483.6,18828.2
26,731,g_a,dpu,18828.2,19175.4
26,731,g_a_cpu,cpu,19175.4,19175.8
26,731,h_a,dpu,19175.8,19470.5
26,731,eb_enc,cpu,19470.5,19470.6
26,731,eb_dec,cpu,19470.6,19470.8
26,731,h_s,dpu,19470.8,19719.9
26,731,gc,cpu,19719.9,19730
26,781,normalize,cpu,19730.6,19734.2
26,781,g_a_cpu,cpu,19734.2,19734.5
26,781,g_a,dpu,19734.5,20170
26,781,g_a,dpu,20170,20444
26,781,g_a_cpu,cpu,20444,20444.5
26,781,h_a,dpu,20444.5,20653.7
26,781,eb_enc,cpu,20653.7,20653.8
26,781,eb_dec,cpu,20653.8,20654
26,781,h_s,dpu,20654,20936.8
26,781,gc,cpu,20936.8,20947.1
26,828,normalize,cpu,20947.6,20951.4
26,828,g_a_cpu,cpu,20951.4,20951.8
26,828,g_a,dpu,20951.8,21399.4
26,828,g_a,dpu,21399.4,21710.9
26,828,g_a_cpu,cpu,21710.9,21711.4
26,828,h_a,dpu,21711.4,21967.1
26,828,eb_enc,cpu,21967.1,21967.2
26,828,eb_dec,cpu,21967.2,21967.3
26,828,h_s,dpu,21967.3,22239.4
26,828,gc,cpu,22239.4,22249.5
26,876,normalize,cpu,22251.9,22255.5
26,876,g_a_cpu,cpu,22255.5,22256
26,876,g_a,dpu,22256,22511.1
26,876,g_a,dpu,22511.1,22925.3
26,876,g_a_cpu,cpu,22925.3,22925.8
26,876,h_a,dpu,22925.8,23247.5
26,876,eb_enc,cpu,23247.5,23247.6
26,876,eb_dec,cpu,23247.6,23247.7
26,876,h_s,dpu,23247.7,23456.4
26,876,gc,cpu,23456.4,23476.1
27,42,normalize,cpu,121.451,125.156
27,42,g_a_cpu,cpu,125.186,125.657
27,42,g_a,dpu,125.664,981.042
27,42,g_a,dpu,981.047,1017.43
27,42,g_a_cpu,cpu,1017.43,1017.91
27,42,h_a,dpu,1017.92,1311.36
27,42,eb_enc,cpu,1311.36,1311.53
27,42,eb_dec,cpu,1311.54,1311.89
27,42,h_s,dpu,1311.89,1358.56
27,42,gc,cpu,1358.56,1376.17
27,61,normalize,cpu,1376.67,1380.33
27,61,g_a_cpu,cpu,1380.34,1381.12
27,61,g_a,dpu,1381.13,1625.99
27,61,g_a,dpu,1626,2102.37
27,61,g_a_cpu,cpu,2102.37,2102.72
27,61,h_a,dpu,2102.73,2472.06
27,61,eb_enc,cpu,2472.06,2472.19
27,61,eb_dec,cpu,2472.2,2472.31
27,61,h_s,dpu,2472.31,2567.2
27,61,gc,cpu,2567.2,2601.76
27,114,normalize,cpu,2602.56,2606.19
27,114,g_a_cpu,cpu,2606.2,2606.68
27,114,g_a,dpu,2606.68,3027.82
27,114,g_a,dpu,3027.82,3536.58
27,114,g_a_cpu,cpu,3536.58,3537.22
27,114,h_a,dpu,3537.23,3674.15
27,114,eb_enc,cpu,3674.15,3674.37
27,114,eb_dec,cpu,3674.37,3674.5
27,114,h_s,dpu,3674.5,3739.43
27,114,gc,cpu,3739.43,3750.96
27,164,normalize,cpu,3751.38,3755.04
27,164,g_a_cpu,cpu,3755.04,3755.48
27,164,g_a,dpu,3755.48,4222.15
27,164,g_a,dpu,4222.16,4668.76
27,164,g_a_cpu,cpu,4668.76,4669.24
27,164,h_a,dpu,4669.24,4895.56
27,164,eb_enc,cpu,4895.56,4895.68
27,164,eb_dec,cpu,4895.68,4895.8
27,164,h_s,dpu,4895.8,5107.22
27,164,gc,cpu,5107.22,5117.23
27,212,normalize,cpu,5117.7,5121.39
27,212,g_a_cpu,cpu,5121.39,5121.69
27,212,g_a,dpu,5121.69,5450.91
27,212,g_a,dpu,5450.91,5929.15
27,212,g_a_cpu,cpu,5929.15,5929.63
27,212,h_a,dpu,5929.64,6165.56
27,212,eb_enc,cpu,6165.56,6165.68
27,212,eb_dec,cpu,6165.68,6165.79
27,212,h_s,dpu,6165.79,6264.46
27,212,gc,cpu,6264.46,6274.51
27,258,normalize,cpu,6275.15,6278.8
27,258,g_a_cpu,cpu,6278.81,6279.33
27,258,g_a,dpu,6279.33,6648.38
27,258,g_a,dpu,6648.38,6684.88
27,258,g_a_cpu,cpu,6684.88,6685.32
27,258,h_a,dpu,6685.32,7157.42
27,258,eb_enc,cpu,7157.42,7157.57
27,258,eb_dec,cpu,7157.57,7157.7
27,258,h_s,dpu,7157.7,7350.92
27,258,gc,cpu,7350.92,7364.26
27,297,normalize,cpu,7365.47,7381.45
27,297,g_a_cpu,cpu,7381.45,7381.86
27,297,g_a,dpu,7381.87,7598.88
27,297,g_a,dpu,7598.88,8010.42
27,297,g_a_cpu,cpu,8010.43,8010.91
27,297,h_a,dpu,8010.92,8811.22
27,297,eb_enc,cpu,8811.22,8811.37
27,297,eb_dec,cpu,8811.37,8811.49
27,297,h_s,dpu,8811.49,9142.61
27,297,gc,cpu,9142.61,9152.75
27,368,normalize,cpu,9154.43,9158.06
27,368,g_a_cpu,cpu,9158.06,9158.5
27,368,g_a,dpu,9158.5,9475.92
27,368,g_a,dpu,9475.93,9981.2
27,368,g_a_cpu,cpu,9981.2,9981.58
27,368,h_a,dpu,9981.58,10317.5
27,368,eb_enc,cpu,10317.5,10317.6
27,368,eb_dec,cpu,10317.6,10317.7
27,368,h_s,dpu,10317.7,10653.5
27,368,gc,cpu,10653.5,10663.5
27,427,normalize,cpu,10664,10667.6
27,427,g_a_cpu,cpu,10667.6,10668.1
27,427,g_a,dpu,10668.1,10926.8
27,427,g_a,dpu,10926.8,11236.3
27,427,g_a_cpu,cpu,11236.4,11236.8
27,427,h_a,dpu,11236.8,11238.1
27,427,eb_enc,cpu,11238.1,11238.2
27,427,eb_dec,cpu,11238.2,11238.4
27,427,h_s,dpu,11238.4,11508.1
27,427,gc,cpu,11508.1,11518.2
27,464,normalize,cpu,11518.9,11522.8
27,464,g_a_cpu,cpu,11522.8,11523.4
27,464,g_a,dpu,11523.4,11950.6
27,464,g_a,dpu,11950.6,12217.6
27,464,g_a_cpu,cpu,12217.7,12218
27,464,h_a,dpu,12218,12361.5
27,464,eb_enc,cpu,12361.5,12361.7
27,464,eb_dec,cpu,12361.7,12361.8
27,464,h_s,dpu,12361.8,13303.6
27,464,gc,cpu,13303.6,13314.1
27,529,normalize,cpu,13314.7,13318.4
27,529,g_a_cpu,cpu,13318.4,13318.8
27,529,g_a,dpu,13318.8,13614.8
27,529,g_a,dpu,13614.8,13921.1
27,529,g_a_cpu,cpu,13921.1,13921.4
27,529,h_a,dpu,13921.4,14261.7
27,529,eb_enc,cpu,14261.7,14261.9
27,529,eb_dec,cpu,14261.9,14262
27,529,h_s,dpu,14262,14535.6
27,529,gc,cpu,14535.6,14545.6
27,578,normalize,cpu,14546.2,14549.8
27,578,g_a_cpu,cpu,14549.8,14550.1
27,578,g_a,dpu,14550.1,14888.5
27,578,g_a,dpu,14888.5,15230.1
27,578,g_a_cpu,cpu,15230.1,15230.6
27,578,h_a,dpu,15230.6,15499.5
27,578,eb_enc,cpu,15499.5,15499.7
27,578,eb_dec,cpu,15499.7,15499.8
27,578,h_s,dpu,15499.8,15768.9
27,578,gc,cpu,15769,15780.6
27,627,normalize,cpu,15781,15784.7
27,627,g_a_cpu,cpu,15784.7,15785
27,627,g_a,dpu,15785,16385.2
27,627,g_a,dpu,16385.2,16696.2
27,627,g_a_cpu,cpu,16696.2,16696.6
27,627,h_a,dpu,16696.6,16697.8
27,627,eb_enc,cpu,16697.8,16698
27,627,eb_dec,cpu,16698,16698.1
27,627,h_s,dpu,16698.1,16699
27,627,gc,cpu,16699,16709.1
27,663,normalize,cpu,16709.5,16713.2
27,663,g_a_cpu,cpu,16713.2,16713.7
27,663,g_a,dpu,16713.7,17375.5
27,663,g_a,dpu,17375.5,17962.5
27,663,g_a_cpu,cpu,17962.5,17963
27,663,h_a,dpu,17963,17964.2
27,663,eb_enc,cpu,17964.2,17964.3
27,663,eb_dec,cpu,17964.3,17964.5
27,663,h_s,dpu,17964.5,17965.4
27,663,gc,cpu,17965.4,17975.6
27,711,normalize,cpu,17976.1,17979.9
27,711,g_a_cpu,cpu,17979.9,17980.3
27,711,g_a,dpu,17980.3,18625.9
27,711,g_a,dpu,18625.9,18662.3
27,711,g_a_cpu,cpu,18662.3,18662.8
27,711,h_a,dpu,18662.8,19198.8
27,711,eb_enc,cpu,19198.8,19199
27,711,eb_dec,cpu,19199,19199.2
27,711,h_s,dpu,19199.2,19476.6
27,711,gc,cpu,19476.6,19498.7
27,771,normalize,cpu,19499.2,19502.9
27,771,g_a_cpu,cpu,19502.9,19503.3
27,771,g_a,dpu,19503.3,19810.7
27,771,g_a,dpu,19810.7,20147.3
27,771,g_a_cpu,cpu,20147.3,20147.8
27,771,h_a,dpu,20147.9,20414.9
27,771,eb_enc,cpu,20414.9,20415.1
27,771,eb_dec,cpu,20415.1,20415.2
27,771,h_s,dpu,20415.2,20654.7
27,771,gc,cpu,20654.7,20665.1
27,814,normalize,cpu,20665.6,20669.3
27,814,g_a_cpu,cpu,20669.3,20669.8
27,814,g_a,dpu,20669.8,20971.5
27,814,g_a,dpu,20971.5,21323.2
27,814,g_a_cpu,cpu,21323.2,21323.6
27,814,h_a,dpu,21323.6,21696.7
27,814,eb_enc,cpu,21696.7,21696.9
27,814,eb_dec,cpu,21696.9,21697
27,814,h_s,dpu,21697,21995.4
27,814,gc,cpu,21995.4,22005.5
27,864,normalize,cpu,22006.1,22010.7
27,864,g_a_cpu,cpu,22010.7,22011
27,864,g_a,dpu,22011,22247.4
27,864,g_a,dpu,22247.4,22664.2
27,864,g_a_cpu,cpu,22664.2,22664.6
27,864,h_a,dpu,22664.6,22931.6
27,864,eb_enc,cpu,22931.6,22931.7
27,864,eb_dec,cpu,22931.7,22931.8
27,864,h_s,dpu,22931.8,23125
27,864,gc,cpu,23125,23135.1
27,909,normalize,cpu,23135.7,23139.4
27,909,g_a_cpu,cpu,23139.4,23139.8
27,909,g_a,dpu,23139.8,23482.2
27,909,g_a,dpu,23482.2,23884.3
27,909,g_a_cpu,cpu,23884.3,23884.7
27,909,h_a,dpu,23884.7,24046.1
27,909,eb_enc,cpu,24046.1,24046.2
27,909,eb_dec,cpu,24046.2,24046.3
27,909,h_s,dpu,24046.3,24171.4
27,909,gc,cpu,24171.4,24181.6
28,44,normalize,cpu,127.119,130.822
28,44,g_a_cpu,cpu,130.827,131.55
28,44,g_a,dpu,131.569,638.163
28,44,g_a,dpu,638.165,1147.02
28,44,g_a_cpu,cpu,1147.02,1147.52
28,44,h_a,dpu,1147.53,1356.48
28,44,eb_enc,cpu,1356.48,1356.61
28,44,eb_dec,cpu,1356.62,1356.73
28,44,h_s,dpu,1356.73,1358.17
28,44,gc,cpu,1358.18,1395.69
28,68,normalize,cpu,1396.3,1402.94
28,68,g_a_cpu,cpu,1402.94,1403.7
28,68,g_a,dpu,1403.71,1542.63
28,68,g_a,dpu,1542.64,1579.03
28,68,g_a_cpu,cpu,1579.03,1579.38
28,68,h_a,dpu,1579.38,1580.82
28,68,eb_enc,cpu,1580.82,1580.98
28,68,eb_dec,cpu,1580.99,1581.1
28,68,h_s,dpu,1581.1,1983.38
28,68,gc,cpu,1983.38,1993.11
28,97,normalize,cpu,1993.59,1997.31
28,97,g_a_cpu,cpu,1997.31,1997.61
28,97,g_a,dpu,1997.62,2422.32
28,97,g_a,dpu,2422.32,2628.28
28,97,g_a_cpu,cpu,2628.28,2628.73
28,97,h_a,dpu,2628.73,3194.38
28,97,eb_enc,cpu,3194.38,3194.5
28,97,eb_dec,cpu,3194.5,3194.61
28,97,h_s,dpu,3194.61,3195.65
28,97,gc,cpu,3195.65,3205.59
28,142,normalize,cpu,3206.12,3209.79
28,142,g_a_cpu,cpu,3209.79,3210.1
28,142,g_a,dpu,3210.1,3879.87
28,142,g_a,dpu,3879.87,4147.38
28,142,g_a_cpu,cpu,4147.38,4147.82
28,142,h_a,dpu,4147.82,4414.2
28,142,eb_enc,cpu,4414.21,4414.39
28,142,eb_dec,cpu,4414.39,4414.51
28,142,h_s,dpu,4414.52,4749.58
28,142,gc,cpu,4749.58,4759.62
28,197,normalize,cpu,4760.32,4764.03
28,197,g_a_cpu,cpu,4764.03,4764.43
28,197,g_a,dpu,4764.43,4801.08
28,197,g_a,dpu,4801.08,5205.16
28,197,g_a_cpu,cpu,5205.16,5205.64
28,197,h_a,dpu,5205.65,5439.07
28,197,eb_enc,cpu,5439.07,5439.22
28,197,eb_dec,cpu,5439.22,5439.35
28,197,h_s,dpu,5439.35,5675.75
28,197,gc,cpu,5675.75,5685.68
28,238,normalize,cpu,5686.21,5689.89
28,238,g_a_cpu,cpu,5689.89,5690.19
28,238,g_a,dpu,5690.19,6362.44
28,238,g_a,dpu,6362.44,6642.65
28,238,g_a_cpu,cpu,6642.66,6643.1
28,238,h_a,dpu,6643.1,6896.43
28,238,eb_enc,cpu,6896.43,6896.57
28,238,eb_dec,cpu,6896.57,6896.69
28,238,h_s,dpu,6896.69,7206.42
28,238,gc,cpu,7206.42,7216.6
28,292,normalize,cpu,7217.29,7220.99
28,292,g_a_cpu,cpu,7220.99,7221.51
28,292,g_a,dpu,7221.52,7591.49
28,292,g_a,dpu,7591.49,7895.87
28,292,g_a_cpu,cpu,7895.87,7896.48
28,292,h_a,dpu,7896.49,8229.72
28,292,eb_enc,cpu,8229.72,8229.85
28,292,eb_dec,cpu,8229.85,8229.97
28,292,h_s,dpu,8229.97,8503.01
28,292,gc,cpu,8503.01,8513.13
28,342,normalize,cpu,8513.67,8517.34
28,342,g_a_cpu,cpu,8517.34,8517.9
28,342,g_a,dpu,8517.91,8769.37
28,342,g_a,dpu,8769.37,9114.11
28,342,g_a_cpu,cpu,9114.11,9114.78
28,342,h_a,dpu,9114.78,9452.81
28,342,eb_enc,cpu,9452.81,9452.99
28,342,eb_dec,cpu,9452.99,9453.14
28,342,h_s,dpu,9453.14,9722.62
28,342,gc,cpu,9722.62,9732.61
28,389,normalize,cpu,9733.3,9736.98
28,389,g_a_cpu,cpu,9736.98,9737.4
28,389,g_a,dpu,9737.4,9993.15
28,389,g_a,dpu,9993.15,10342.4
28,389,g_a_cpu,cpu,10342.4,10342.8
28,389,h_a,dpu,10342.8,10344.2
28,389,eb_enc,cpu,10344.2,10344.4
28,389,eb_dec,cpu,10344.4,10344.5
28,389,h_s,dpu,10344.5,11051.1
28,389,gc,cpu,11051.1,11060.9
28,442,normalize,cpu,11061.6,11065.3
28,442,g_a_cpu,cpu,11065.3,11065.6
28,442,g_a,dpu,11065.6,11246.1
28,442,g_a,dpu,11246.1,11522.2
28,442,g_a_cpu,cpu,11522.3,11523
28,442,h_a,dpu,11523,11936.5
28,442,eb_enc,cpu,11936.5,11936.6
28,442,eb_dec,cpu,11936.6,11936.8
28,442,h_s,dpu,11936.8,12235.8
28,442,gc,cpu,12235.8,12246.1
28,483,normalize,cpu,12246.8,12250.4
28,483,g_a_cpu,cpu,12250.4,12250.8
28,483,g_a,dpu,12250.8,12439.4
28,483,g_a,dpu,12439.4,12755.3
28,483,g_a_cpu,cpu,12755.3,12755.8
28,483,h_a,dpu,12755.8,13196.3
28,483,eb_enc,cpu,13196.3,13196.4
28,483,eb_dec,cpu,13196.4,13196.5
28,483,h_s,dpu,13196.5,13509
28,483,gc,cpu,13509,13519.3
28,536,normalize,cpu,13519.9,13523.6
28,536,g_a_cpu,cpu,13523.6,13523.9
28,536,g_a,dpu,13523.9,13713.3
28,536,g_a,dpu,13713.3,14019.6
28,536,g_a_cpu,cpu,14019.6,14020.1
28,536,h_a,dpu,14020.1,14424.7
28,536,eb_enc,cpu,14424.7,14424.8
28,536,eb_dec,cpu,14424.8,14424.9
28,536,h_s,dpu,14424.9,14751.2
28,536,gc,cpu,14751.2,14761.6
28,584,normalize,cpu,14762.2,14765.9
28,584,g_a_cpu,cpu,14765.9,14766.4
28,584,g_a,dpu,14766.4,14944.9
28,584,g_a,dpu,14944.9,15258.6
28,584,g_a_cpu,cpu,15258.6,15258.9
28,584,h_a,dpu,15258.9,15260.5
28,584,eb_enc,cpu,15260.5,15260.7
28,584,eb_dec,cpu,15260.7,15260.8
28,584,h_s,dpu,15260.8,15976.3
28,584,gc,cpu,15976.3,15989.3
28,631,normalize,cpu,15989.9,15993.6
28,631,g_a_cpu,cpu,15993.6,15994
28,631,g_a,dpu,15994,16450.9
28,631,g_a,dpu,16450.9,16487.4
28,631,g_a_cpu,cpu,16487.4,16487.7
28,631,h_a,dpu,16487.7,16489.1
28,631,eb_enc,cpu,16489.1,16489.3
28,631,eb_dec,cpu,16489.3,16489.4
28,631,h_s,dpu,16489.4,17337.1
28,631,gc,cpu,17337.1,17347.4
28,685,normalize,cpu,17347.9,17351.6
28,685,g_a_cpu,cpu,17351.6,17352
28,685,g_a,dpu,17352,17758.5
28,685,g_a,dpu,17758.5,18127.8
28,685,g_a_cpu,cpu,18127.8,18128.3
28,685,h_a,dpu,18128.3,18329.3
28,685,eb_enc,cpu,18329.3,18329.4
28,685,eb_dec,cpu,18329.4,18329.6
28,685,h_s,dpu,18329.6,18571.3
28,685,gc,cpu,18571.3,18581.9
28,733,normalize,cpu,18582.4,18586
28,733,g_a_cpu,cpu,18586,18586.4
28,733,g_a,dpu,18586.4,18988
28,733,g_a,dpu,18988,19339
28,733,g_a_cpu,cpu,19339,19339.6
28,733,h_a,dpu,19339.6,19570.2
28,733,eb_enc,cpu,19570.2,19570.4
28,733,eb_dec,cpu,19570.4,19570.5
28,733,h_s,dpu,19570.5,19807.6
28,733,gc,cpu,19807.6,19817.6
28,783,normalize,cpu,19818.1,19821.9
28,783,g_a_cpu,cpu,19821.9,19822.2
28,783,g_a,dpu,19822.2,20214.2
28,783,g_a,dpu,20214.2,20554.9
28,783,g_a_cpu,cpu,20554.9,20555.3
28,783,h_a,dpu,20555.3,20793.3
28,783,eb_enc,cpu,20793.3,20793.4
28,783,eb_dec,cpu,20793.4,20793.6
28,783,h_s,dpu,20793.6,21066.5
28,783,gc,cpu,21066.5,21076.7
28,836,normalize,cpu,21077.2,21080.8
28,836,g_a_cpu,cpu,21080.8,21081.3
28,836,g_a,dpu,21081.3,21403.2
28,836,g_a,dpu,21403.2,21439.7
28,836,g_a_cpu,cpu,21439.7,21440.3
28,836,h_a,dpu,21440.3,21743.5
28,836,eb_enc,cpu,21743.5,21743.6
28,836,eb_dec,cpu,21743.6,21743.7
28,836,h_s,dpu,21743.7,22015.2
28,836,gc,cpu,22015.2,22026.5
28,866,normalize,cpu,22027.3,22030.9
28,866,g_a_cpu,cpu,22030.9,22031.7
28,866,g_a,dpu,22031.7,22360.6
28,866,g_a,dpu,22360.6,22692.7
28,866,g_a_cpu,cpu,22692.7,22693.2
28,866,h_a,dpu,22693.2,22957.5
28,866,eb_enc,cpu,22957.5,22957.6
28,866,eb_dec,cpu,22957.6,22957.8
28,866,h_s,dpu,22957.8,23222.1
28,866,gc,cpu,23222.1,23232.4
28,912,normalize,cpu,23233,23236.7
28,912,g_a_cpu,cpu,23236.7,23237.2
28,912,g_a,dpu,23237.2,23540.5
28,912,g_a,dpu,23540.5,23947.4
28,912,g_a_cpu,cpu,23947.4,23947.9
28,912,h_a,dpu,23947.9,24102.1
28,912,eb_enc,cpu,24102.1,24102.2
28,912,eb_dec,cpu,24102.2,24102.4
28,912,h_s,dpu,24102.4,24119.8
28,912,gc,cpu,24119.8,24131.5
29,45,normalize,cpu,127.745,131.451
29,45,g_a_cpu,cpu,131.479,132.004
29,45,g_a,dpu,132.008,609.455
29,45,g_a,dpu,609.457,1160.64
29,45,g_a_cpu,cpu,1160.64,1161.13
29,45,h_a,dpu,1161.14,1327.2
29,45,eb_enc,cpu,1327.2,1327.36
29,45,eb_dec,cpu,1327.37,1327.49
29,45,h_s,dpu,1327.49,1439.78
29,45,gc,cpu,1439.79,1452.91
29,80,normalize,cpu,1453.49,1461.26
29,80,g_a_cpu,cpu,1461.26,1461.68
29,80,g_a,dpu,1461.68,1832.85
29,80,g_a,dpu,1832.85,2417.17
29,80,g_a_cpu,cpu,2417.17,2417.65
29,80,h_a,dpu,2417.65,2633.56
29,80,eb_enc,cpu,2633.56,2633.73
29,80,eb_dec,cpu,2633.73,2633.85
29,80,h_s,dpu,2633.85,2635.48
29,80,gc,cpu,2635.48,2651.41
29,119,normalize,cpu,2652.23,2655.9
29,119,g_a_cpu,cpu,2655.91,2656.56
29,119,g_a,dpu,2656.57,2852.89
29,119,g_a,dpu,2852.89,3272.89
29,119,g_a_cpu,cpu,3272.89,3273.26
29,119,h_a,dpu,3273.26,3952.23
29,119,eb_enc,cpu,3952.24,3952.36
29,119,eb_dec,cpu,3952.36,3952.46
29,119,h_s,dpu,3952.46,3953.7
29,119,gc,cpu,3953.7,3964.45
29,169,normalize,cpu,3965.05,3968.7
29,169,g_a_cpu,cpu,3968.7,3969.11
29,169,g_a,dpu,3969.11,4148.32
29,169,g_a,dpu,4148.33,4534.67
29,169,g_a_cpu,cpu,4534.67,4535.11
29,169,h_a,dpu,4535.12,4955.12
29,169,eb_enc,cpu,4955.12,4955.25
29,169,eb_dec,cpu,4955.25,4955.36
29,169,h_s,dpu,4955.37,5234.35
29,169,gc,cpu,5234.35,5245.01
29,215,normalize,cpu,5245.82,5249.57
29,215,g_a_cpu,cpu,5249.58,5250.28
29,215,g_a,dpu,5250.28,5425.62
29,215,g_a,dpu,5425.62,5463.2
29,215,g_a_cpu,cpu,5463.21,5463.76
29,215,h_a,dpu,5463.76,6306.05
29,215,eb_enc,cpu,6306.05,6306.17
29,215,eb_dec,cpu,6306.17,6306.28
29,215,h_s,dpu,6306.28,6512.81
29,215,gc,cpu,6512.81,6523.43
29,263,normalize,cpu,6524.05,6527.86
29,263,g_a_cpu,cpu,6527.87,6528.58
29,263,g_a,dpu,6528.59,6737.6
29,263,g_a,dpu,6737.6,7151.66
29,263,g_a_cpu,cpu,7151.66,7152.11
29,263,h_a,dpu,7152.11,7565.39
29,263,eb_enc,cpu,7565.39,7565.52
29,263,eb_dec,cpu,7565.52,7565.64
29,263,h_s,dpu,7565.64,7781.02
29,263,gc,cpu,7781.02,7791.3
29,315,normalize,cpu,7791.91,7795.59
29,315,g_a_cpu,cpu,7795.6,7795.99
29,315,g_a,dpu,7796,7976.05
29,315,g_a,dpu,7976.05,8425.92
29,315,g_a_cpu,cpu,8425.93,8426.62
29,315,h_a,dpu,8426.65,8820.27
29,315,eb_enc,cpu,8820.27,8820.41
29,315,eb_dec,cpu,8820.41,8820.52
29,315,h_s,dpu,8820.52,9059.93
29,315,gc,cpu,9059.93,9070.63
29,364,normalize,cpu,9071.28,9074.95
29,364,g_a_cpu,cpu,9074.95,9075.48
29,364,g_a,dpu,9075.48,9316.79
29,364,g_a,dpu,9316.79,9732.08
29,364,g_a_cpu,cpu,9732.08,9732.72
29,364,h_a,dpu,9732.73,10076.4
29,364,eb_enc,cpu,10076.4,10076.6
29,364,eb_dec,cpu,10076.6,10076.7
29,364,h_s,dpu,10076.7,10287.6
29,364,gc,cpu,10287.6,10297.7
29,413,normalize,cpu,10299.4,10303.9
29,413,g_a_cpu,cpu,10303.9,10304.6
29,413,g_a,dpu,10304.6,10912.3
29,413,g_a,dpu,10912.3,10949
29,413,g_a_cpu,cpu,10949,10949.5
29,413,h_a,dpu,10949.5,11549.8
29,413,eb_enc,cpu,11549.8,11550
29,413,eb_dec,cpu,11550,11550.1
29,413,h_s,dpu,11550.1,11551.6
29,413,gc,cpu,11551.6,11561.8
29,466,normalize,cpu,11562.6,11566.2
29,466,g_a_cpu,cpu,11566.2,11566.7
29,466,g_a,dpu,11566.7,11831.7
29,466,g_a,dpu,11831.7,12209.3
29,466,g_a_cpu,cpu,12209.3,12209.7
29,466,h_a,dpu,12209.7,12568.6
29,466,eb_enc,cpu,12568.6,12568.7
29,466,eb_dec,cpu,12568.7,12568.8
29,466,h_s,dpu,12568.8,12782.2
29,466,gc,cpu,12782.2,12792.7
29,514,normalize,cpu,12793.4,12797.1
29,514,g_a_cpu,cpu,12797.1,12797.6
29,514,g_a,dpu,12797.6,12834.9
29,514,g_a,dpu,12834.9,13186.3
29,514,g_a_cpu,cpu,13186.3,13186.7
29,514,h_a,dpu,13186.7,13569.1
29,514,eb_enc,cpu,13569.1,13569.3
29,514,eb_dec,cpu,13569.3,13569.4
29,514,h_s,dpu,13569.4,13845.9
29,514,gc,cpu,13845.9,13856.2
29,551,normalize,cpu,13856.8,13860.5
29,551,g_a_cpu,cpu,13860.5,13861
29,551,g_a,dpu,13861,14103.1
29,551,g_a,dpu,14103.1,14903.4
29,551,g_a_cpu,cpu,14903.4,14903.8
29,551,h_a,dpu,14903.8,14906.8
29,551,eb_enc,cpu,14906.8,14907
29,551,eb_dec,cpu,14907,14907.1
29,551,h_s,dpu,14907.1,15307.7
29,551,gc,cpu,15307.7,15318.1
29,613,normalize,cpu,15318.6,15322.2
29,613,g_a_cpu,cpu,15322.2,15322.6
29,613,g_a,dpu,15322.6,15737.9
29,613,g_a,dpu,15737.9,15775.4
29,613,g_a_cpu,cpu,15775.4,15776
29,613,h_a,dpu,15776,16167.4
29,613,eb_enc,cpu,16167.4,16167.6
29,613,eb_dec,cpu,16167.7,16167.8
29,613,h_s,dpu,16167.8,16430.8
29,613,gc,cpu,16430.8,16441.5
29,653,normalize,cpu,16442.1,16445.7
29,653,g_a_cpu,cpu,16445.8,16446.2
29,653,g_a,dpu,16446.2,16483.3
29,653,g_a,dpu,16483.3,16760.4
29,653,g_a_cpu,cpu,16760.4,16760.7
29,653,h_a,dpu,16760.7,17151.2
29,653,eb_enc,cpu,17151.2,17151.3
29,653,eb_dec,cpu,17151.3,17151.4
29,653,h_s,dpu,17151.4,17497.3
29,653,gc,cpu,17497.3,17507.8
29,689,normalize,cpu,17508.4,17512.1
29,689,g_a_cpu,cpu,17512.1,17512.5
29,689,g_a,dpu,17512.5,17750.8
29,689,g_a,dpu,17750.8,18032.2
29,689,g_a_cpu,cpu,18032.2,18032.6
29,689,h_a,dpu,18032.6,18458.2
29,689,eb_enc,cpu,18458.2,18458.4
29,689,eb_dec,cpu,18458.4,18458.5
29,689,h_s,dpu,18458.5,18770.4
29,689,gc,cpu,18770.4,18781.2
29,739,normalize,cpu,18781.9,18785.6
29,739,g_a_cpu,cpu,18785.6,18786.1
29,739,g_a,dpu,18786.1,18991.8
29,739,g_a,dpu,18991.8,19348.2
29,739,g_a_cpu,cpu,19348.2,19348.6
29,739,h_a,dpu,19348.6,20292.8
29,739,eb_enc,cpu,20292.8,20292.9
29,739,eb_dec,cpu,20292.9,20293
29,739,h_s,dpu,20293,20493.5
29,739,gc,cpu,20493.5,20504.2
29,806,normalize,cpu,20504.7,20508.4
29,806,g_a_cpu,cpu,20508.4,20508.8
29,806,g_a,dpu,20508.8,20817.4
29,806,g_a,dpu,20817.5,21204
29,806,g_a_cpu,cpu,21204,21204.4
29,806,h_a,dpu,21204.4,21556.5
29,806,eb_enc,cpu,21556.5,21556.6
29,806,eb_dec,cpu,21556.6,21556.7
29,806,h_s,dpu,21556.7,21806.4
29,806,gc,cpu,21806.4,21816.3
29,854,normalize,cpu,21816.8,21820.5
29,854,g_a_cpu,cpu,21820.5,21820.9
29,854,g_a,dpu,21820.9,22121.9
29,854,g_a,dpu,22121.9,22428
29,854,g_a_cpu,cpu,22428,22428.3
29,854,h_a,dpu,22428.3,22809.8
29,854,eb_enc,cpu,22809.8,22809.9
29,854,eb_dec,cpu,22809.9,22810
29,854,h_s,dpu,22810,23086.7
29,854,gc,cpu,23086.7,23096.8
29,905,normalize,cpu,23097.5,23101.1
29,905,g_a_cpu,cpu,23101.1,23101.5
29,905,g_a,dpu,23101.5,23341
29,905,g_a,dpu,23341,23687.5
29,905,g_a_cpu,cpu,23687.5,23688
29,905,h_a,dpu,23688,24059.7
29,905,eb_enc,cpu,24059.7,24059.9
29,905,eb_dec,cpu,24059.9,24060
29,905,h_s,dpu,24060,24082
29,905,gc,cpu,24082,24092.6
30,41,normalize,cpu,118.911,122.596
30,41,g_a_cpu,cpu,122.602,123.047
30,41,g_a,dpu,123.052,1125.65
30,41,g_a,dpu,1125.65,1162
30,41,g_a_cpu,cpu,1162.01,1162.51
30,41,h_a,dpu,1162.52,1313.66
30,41,eb_enc,cpu,1313.66,1313.84
30,41,eb_dec,cpu,1313.84,1313.98
30,41,h_s,dpu,1313.98,1403.44
30,41,gc,cpu,1403.46,1428.25
30,75,normalize,cpu,1429.01,1439.57
30,75,g_a_cpu,cpu,1439.57,1440.2
30,75,g_a,dpu,1440.21,1914.14
30,75,g_a,dpu,1914.14,2322.21
30,75,g_a_cpu,cpu,2322.22,2322.76
30,75,h_a,dpu,2322.76,2324.29
30,75,eb_enc,cpu,2324.29,2324.41
30,75,eb_dec,cpu,2324.41,2324.52
30,75,h_s,dpu,2324.52,2325.4
30,75,gc,cpu,2325.4,2335.72
30,101,normalize,cpu,2336.27,2339.92
30,101,g_a_cpu,cpu,2339.92,2340.29
30,101,g_a,dpu,2340.3,3208.37
30,101,g_a,dpu,3208.38,3244.82
30,101,g_a_cpu,cpu,3244.83,3245.38
30,101,h_a,dpu,3245.39,3651.21
30,101,eb_enc,cpu,3651.21,3651.4
30,101,eb_dec,cpu,3651.4,3651.53
30,101,h_s,dpu,3651.53,3679.46
30,101,gc,cpu,3679.46,3691.71
30,156,normalize,cpu,3692.34,3696.01
30,156,g_a_cpu,cpu,3696.01,3696.38
30,156,g_a,dpu,3696.39,3923.69
30,156,g_a,dpu,3923.69,4475.36
30,156,g_a_cpu,cpu,4475.36,4475.72
30,156,h_a,dpu,4475.72,4746.4
30,156,eb_enc,cpu,4746.4,4746.53
30,156,eb_dec,cpu,4746.53,4746.65
30,156,h_s,dpu,4746.65,4911.15
30,156,gc,cpu,4911.16,4921.43
30,206,normalize,cpu,4922.02,4925.7
30,206,g_a_cpu,cpu,4925.7,4926.12
30,206,g_a,dpu,4926.12,5328.18
30,206,g_a,dpu,5328.18,5674.86
30,206,g_a_cpu,cpu,5674.86,5675.33
30,206,h_a,dpu,5675.34,6011.81
30,206,eb_enc,cpu,6011.81,6011.94
30,206,eb_dec,cpu,6011.94,6012.06
30,206,h_s,dpu,6012.06,6180.63
30,206,gc,cpu,6180.63,6202.97
30,256,normalize,cpu,6203.73,6207.41
30,256,g_a_cpu,cpu,6207.41,6207.74
30,256,g_a,dpu,6207.74,6563.39
30,256,g_a,dpu,6563.39,7010.57
30,256,g_a_cpu,cpu,7010.57,7011.11
30,256,h_a,dpu,7011.11,7168.3
30,256,eb_enc,cpu,7168.3,7168.44
30,256,eb_dec,cpu,7168.44,7168.56
30,256,h_s,dpu,7168.56,7366.03
30,256,gc,cpu,7366.03,7377.9
30,299,normalize,cpu,7380,7383.68
30,299,g_a_cpu,cpu,7383.69,7384.15
30,299,g_a,dpu,7384.16,7670.62
30,299,g_a,dpu,7670.62,8416.8
30,299,g_a_cpu,cpu,8416.8,8417.19
30,299,h_a,dpu,8417.19,8418.4
30,299,eb_enc,cpu,8418.41,8418.54
30,299,eb_dec,cpu,8418.54,8418.67
30,299,h_s,dpu,8418.67,8812.87
30,299,gc,cpu,8812.87,8823.42
30,353,normalize,cpu,8823.96,8831.97
30,353,g_a_cpu,cpu,8831.97,8832.39
30,353,g_a,dpu,8832.4,9179.25
30,353,g_a,dpu,9179.25,9547.91
30,353,g_a_cpu,cpu,9547.91,9548.38
30,353,h_a,dpu,9548.38,9549.78
30,353,eb_enc,cpu,9549.78,9549.91
30,353,eb_dec,cpu,9549.91,9550.02
30,353,h_s,dpu,9550.02,9742.71
30,353,gc,cpu,9742.71,9752.72
30,391,normalize,cpu,9753.52,9757.17
30,391,g_a_cpu,cpu,9757.17,9757.55
30,391,g_a,dpu,9757.56,10024.4
30,391,g_a,dpu,10024.4,10466.8
30,391,g_a_cpu,cpu,10466.8,10467.3
30,391,h_a,dpu,10467.3,10799.5
30,391,eb_enc,cpu,10799.5,10799.7
30,391,eb_dec,cpu,10799.7,10799.8
30,391,h_s,dpu,10799.8,10966.5
30,391,gc,cpu,10966.5,10977
30,437,normalize,cpu,10978,10981.7
30,437,g_a_cpu,cpu,10981.7,10982.2
30,437,g_a,dpu,10982.3,11018.9
30,437,g_a,dpu,11018.9,11462.8
30,437,g_a_cpu,cpu,11462.8,11463.2
30,437,h_a,dpu,11463.2,11765.1
30,437,eb_enc,cpu,11765.1,11765.3
30,437,eb_dec,cpu,11765.3,11765.4
30,437,h_s,dpu,11765.4,12065.6
30,437,gc,cpu,12065.6,12075.6
30,481,normalize,cpu,12076.2,12079.9
30,481,g_a_cpu,cpu,12079.9,12080.2
30,481,g_a,dpu,12080.2,12586.7
30,481,g_a,dpu,12586.7,12992.8
30,481,g_a_cpu,cpu,12992.8,12993.5
30,481,h_a,dpu,12993.5,13298.7
30,481,eb_enc,cpu,13298.7,13298.9
30,481,eb_dec,cpu,13298.9,13299
30,481,h_s,dpu,13299,13494.9
30,481,gc,cpu,13494.9,13505.9
30,535,normalize,cpu,13506.7,13511.4
30,535,g_a_cpu,cpu,13511.4,13511.8
30,535,g_a,dpu,13511.8,13809.5
30,535,g_a,dpu,13809.5,14187.1
30,535,g_a_cpu,cpu,14187.1,14187.6
30,535,h_a,dpu,14187.6,14523.4
30,535,eb_enc,cpu,14523.4,14523.6
30,535,eb_dec,cpu,14523.6,14523.7
30,535,h_s,dpu,14523.7,14740.1
30,535,gc,cpu,14740.1,14750.7
30,583,normalize,cpu,14751.7,14755.5
30,583,g_a_cpu,cpu,14755.5,14756
30,583,g_a,dpu,14756,15085.3
30,583,g_a,dpu,15085.3,15496
30,583,g_a_cpu,cpu,15496,15496.4
30,583,h_a,dpu,15496.4,15757.9
30,583,eb_enc,cpu,15757.9,15758
30,583,eb_dec,cpu,15758,15758.1
30,583,h_s,dpu,15758.1,15759
30,583,gc,cpu,15759,15769.5
30,624,normalize,cpu,15770.1,15773.7
30,624,g_a_cpu,cpu,15773.7,15774.2
30,624,g_a,dpu,15774.2,15994.6
30,624,g_a,dpu,15994.6,16276.6
30,624,g_a_cpu,cpu,16276.6,16277
30,624,h_a,dpu,16277,16657.9
30,624,eb_enc,cpu,16657.9,16658.2
30,624,eb_dec,cpu,16658.2,16658.3
30,624,h_s,dpu,16658.3,16990.8
30,624,gc,cpu,16990.8,17000.8
30,671,normalize,cpu,17001.7,17005.4
30,671,g_a_cpu,cpu,17005.4,17005.9
30,671,g_a,dpu,17005.9,17229.2
30,671,g_a,dpu,17229.2,17570.1
30,671,g_a_cpu,cpu,17570.1,17570.6
30,671,h_a,dpu,17570.6,17913
30,671,eb_enc,cpu,17913,17913.2
30,671,eb_dec,cpu,17913.2,17913.3
30,671,h_s,dpu,17913.3,18187.5
30,671,gc,cpu,18187.5,18205.3
30,717,normalize,cpu,18205.7,18209.4
30,717,g_a_cpu,cpu,18209.4,18210
30,717,g_a,dpu,18210,18481.1
30,717,g_a,dpu,18481.1,18846.7
30,717,g_a_cpu,cpu,18846.7,18847.1
30,717,h_a,dpu,18847.1,19181.6
30,717,eb_enc,cpu,19181.6,19181.7
30,717,eb_dec,cpu,19181.7,19181.8
30,717,h_s,dpu,19181.8,19459.6
30,717,gc,cpu,19459.6,19491.7
30,769,normalize,cpu,19496.6,19500.3
30,769,g_a_cpu,cpu,19500.3,19500.8
30,769,g_a,dpu,19500.8,19774.2
30,769,g_a,dpu,19774.2,20111.3
30,769,g_a_cpu,cpu,20111.3,20111.8
30,769,h_a,dpu,20111.8,20414.1
30,769,eb_enc,cpu,20414.1,20414.3
30,769,eb_dec,cpu,20414.3,20414.4
30,769,h_s,dpu,20414.4,20647.3
30,769,gc,cpu,20647.3,20661.9
30,813,normalize,cpu,20662.5,20666.1
30,813,g_a_cpu,cpu,20666.1,20666.6
30,813,g_a,dpu,20666.6,20935.1
30,813,g_a,dpu,20935.1,21287.3
30,813,g_a_cpu,cpu,21287.3,21287.8
30,813,h_a,dpu,21287.8,21695.6
30,813,eb_enc,cpu,21695.6,21695.7
30,813,eb_dec,cpu,21695.7,21695.8
30,813,h_s,dpu,21695.8,21992.7
30,813,gc,cpu,21992.7,22003.2
30,863,normalize,cpu,22003.7,22007.4
30,863,g_a_cpu,cpu,22007.4,22007.9
30,863,g_a,dpu,22007.9,22211.3
30,863,g_a,dpu,22211.3,22627.3
30,863,g_a_cpu,cpu,22627.3,22627.7
30,863,h_a,dpu,22627.7,22930.8
30,863,eb_enc,cpu,22930.8,22930.9
30,863,eb_dec,cpu,22930.9,22931
30,863,h_s,dpu,22931,23124.2
30,863,gc,cpu,23124.2,23135.2
30,910,normalize,cpu,23135.7,23139.3
30,910,g_a_cpu,cpu,23139.3,23139.8
30,910,g_a,dpu,23139.8,23446.3
30,910,g_a,dpu,23446.3,23848.4
30,910,g_a_cpu,cpu,23848.4,23848.9
30,910,h_a,dpu,23848.9,24045.2
30,910,eb_enc,cpu,24045.2,24045.4
30,910,eb_dec,cpu,24045.4,24045.5
30,910,h_s,dpu,24045.5,24166.6
30,910,gc,cpu,24166.6,24178.3
31,15,normalize,cpu,85.033,88.7335
31,15,g_a_cpu,cpu,133.855,134.236
31,15,g_a,dpu,134.241,566.394
31,15,g_a,dpu,566.397,1075.17
31,15,g_a_cpu,cpu,1075.17,1075.66
31,15,h_a,dpu,1075.66,1348.92
31,15,eb_enc,cpu,1348.93,1349.08
31,15,eb_dec,cpu,1349.08,1349.19
31,15,h_s,dpu,1349.19,1495.74
31,15,gc,cpu,1495.76,1524.34
31,89,normalize,cpu,1524.94,1528.64
31,89,g_a_cpu,cpu,1528.64,1528.94
31,89,g_a,dpu,1528.94,1909.95
31,89,g_a,dpu,1909.95,2347.71
31,89,g_a_cpu,cpu,2347.72,2348.09
31,89,h_a,dpu,2348.09,2581.37
31,89,eb_enc,cpu,2581.37,2581.52
31,89,eb_dec,cpu,2581.52,2581.64
31,89,h_s,dpu,2581.64,2768.75
31,89,gc,cpu,2768.76,2780.01
31,128,normalize,cpu,2780.68,2784.95
31,128,g_a_cpu,cpu,2784.96,2785.34
31,128,g_a,dpu,2785.35,3494.38
31,128,g_a,dpu,3494.38,3837.21
31,128,g_a_cpu,cpu,3837.21,3837.64
31,128,h_a,dpu,3837.64,4069.15
31,128,eb_enc,cpu,4069.15,4069.3
31,128,eb_dec,cpu,4069.31,4069.42
31,128,h_s,dpu,4069.43,4340.78
31,128,gc,cpu,4340.78,4351
31,189,normalize,cpu,4351.57,4355.26
31,189,g_a_cpu,cpu,4355.26,4355.59
31,189,g_a,dpu,4355.59,4710.39
31,189,g_a,dpu,4710.4,5055.18
31,189,g_a_cpu,cpu,5055.18,5055.61
31,189,h_a,dpu,5055.61,5250.58
31,189,eb_enc,cpu,5250.58,5250.84
31,189,eb_dec,cpu,5250.84,5250.99
31,189,h_s,dpu,5250.99,5486.24
31,189,gc,cpu,5486.24,5496.74
31,236,normalize,cpu,5497.48,5501.29
31,236,g_a_cpu,cpu,5501.3,5501.8
31,236,g_a,dpu,5501.81,6214.84
31,236,g_a,dpu,6214.84,6251.18
31,236,g_a_cpu,cpu,6251.18,6251.6
31,236,h_a,dpu,6251.61,6526.65
31,236,eb_enc,cpu,6526.65,6526.8
31,236,eb_dec,cpu,6526.8,6526.94
31,236,h_s,dpu,6526.94,6775.5
31,236,gc,cpu,6775.5,6785.71
31,281,normalize,cpu,6786.57,6790.21
31,281,g_a_cpu,cpu,6790.21,6790.72
31,281,g_a,dpu,6790.73,7091.23
31,281,g_a,dpu,7091.23,7127.71
31,281,g_a_cpu,cpu,7127.71,7128.05
31,281,h_a,dpu,7128.06,7129.48
31,281,eb_enc,cpu,7129.48,7129.64
31,281,eb_dec,cpu,7129.64,7129.75
31,281,h_s,dpu,7129.75,7743.36
31,281,gc,cpu,7743.36,7753.44
31,311,normalize,cpu,7754.16,7757.83
31,311,g_a_cpu,cpu,7757.84,7758.35
31,311,g_a,dpu,7758.36,8082.43
31,311,g_a,dpu,8082.43,8387.72
31,311,g_a_cpu,cpu,8387.73,8388.18
31,311,h_a,dpu,8388.19,8692.91
31,311,eb_enc,cpu,8692.91,8693.05
31,311,eb_dec,cpu,8693.05,8693.15
31,311,h_s,dpu,8693.15,8990.29
31,311,gc,cpu,8990.29,9000.44
31,358,normalize,cpu,9001.04,9004.72
31,358,g_a_cpu,cpu,9004.73,9005.19
31,358,g_a,dpu,9005.2,9041.96
31,358,g_a,dpu,9041.96,9450.08
31,358,g_a_cpu,cpu,9450.08,9450.64
31,358,h_a,dpu,9450.64,9720.84
31,358,eb_enc,cpu,9720.84,9721
31,358,eb_dec,cpu,9721,9721.11
31,358,h_s,dpu,9721.11,9916.9
31,358,gc,cpu,9916.9,9926.68
31,400,normalize,cpu,9927.12,9930.77
31,400,g_a_cpu,cpu,9930.77,9931.1
31,400,g_a,dpu,9931.1,10264.4
31,400,g_a,dpu,10264.4,11012.3
31,400,g_a_cpu,cpu,11012.3,11012.6
31,400,h_a,dpu,11012.6,11014.1
31,400,eb_enc,cpu,11014.1,11014.2
31,400,eb_dec,cpu,11014.2,11014.4
31,400,h_s,dpu,11014.4,11367.3
31,400,gc,cpu,11367.3,11377.2
31,460,normalize,cpu,11377.8,11381.6
31,460,g_a_cpu,cpu,11381.6,11381.9
31,460,g_a,dpu,11381.9,11826.7
31,460,g_a,dpu,11826.7,12231.3
31,460,g_a_cpu,cpu,12231.3,12231.8
31,460,h_a,dpu,12231.8,12391.3
31,460,eb_enc,cpu,12391.3,12391.4
31,460,eb_dec,cpu,12391.4,12391.5
31,460,h_s,dpu,12391.5,12605.6
31,460,gc,cpu,12605.6,12615.7
31,509,normalize,cpu,12616.1,12619.8
31,509,g_a_cpu,cpu,12619.8,12620.2
31,509,g_a,dpu,12620.2,13087.3
31,509,g_a,dpu,13087.3,13503.9
31,509,g_a_cpu,cpu,13503.9,13504.7
31,509,h_a,dpu,13504.7,13667.7
31,509,eb_enc,cpu,13667.7,13667.8
31,509,eb_dec,cpu,13667.8,13668
31,509,h_s,dpu,13668,13875.5
31,509,gc,cpu,13875.5,13886.5
31,556,normalize,cpu,13887,13890.6
31,556,g_a_cpu,cpu,13890.6,13891
31,556,g_a,dpu,13891,14314.9
31,556,g_a,dpu,14314.9,14725.4
31,556,g_a_cpu,cpu,14725.4,14725.9
31,556,h_a,dpu,14725.9,14905.4
31,556,eb_enc,cpu,14905.4,14905.6
31,556,eb_dec,cpu,14905.6,14905.7
31,556,h_s,dpu,14905.7,15107.3
31,556,gc,cpu,15107.3,15117.6
31,601,normalize,cpu,15118.2,15122.7
31,601,g_a_cpu,cpu,15122.7,15123.1
31,601,g_a,dpu,15123.1,15932.1
31,601,g_a,dpu,15932.1,15968.6
31,601,g_a_cpu,cpu,15968.6,15969.2
31,601,h_a,dpu,15969.2,16377.7
31,601,eb_enc,cpu,16377.7,16377.9
31,601,eb_dec,cpu,16377.9,16378
31,601,h_s,dpu,16378,17012.2
31,601,gc,cpu,17012.2,17022.2
31,674,normalize,cpu,17022.8,17026.5
31,674,g_a_cpu,cpu,17026.5,17026.9
31,674,g_a,dpu,17026.9,17296.9
31,674,g_a,dpu,17296.9,17638
31,674,g_a_cpu,cpu,17638,17638.5
31,674,h_a,dpu,17638.5,17982.6
31,674,eb_enc,cpu,17982.6,17982.7
31,674,eb_dec,cpu,17982.7,17982.9
31,674,h_s,dpu,17982.9,18247.8
31,674,gc,cpu,18247.8,18257.6
31,721,normalize,cpu,18258.2,18261.8
31,721,g_a_cpu,cpu,18261.8,18262.3
31,721,g_a,dpu,18262.3,18530
31,721,g_a,dpu,18530,18874.8
31,721,g_a_cpu,cpu,18874.8,18875.3
31,721,h_a,dpu,18875.3,19213.3
31,721,eb_enc,cpu,19213.3,19213.5
31,721,eb_dec,cpu,19213.5,19213.7
31,721,h_s,dpu,19213.7,19459.2
31,721,gc,cpu,19459.2,19470.7
31,763,normalize,cpu,19471.8,19492.1
31,763,g_a_cpu,cpu,19492.1,19492.5
31,763,g_a,dpu,19492.5,19767.1
31,763,g_a,dpu,19767.1,20102.9
31,763,g_a_cpu,cpu,20102.9,20103.4
31,763,h_a,dpu,20103.4,20437.1
31,763,eb_enc,cpu,20437.1,20437.3
31,763,eb_dec,cpu,20437.3,20437.4
31,763,h_s,dpu,20437.4,20674.4
31,763,gc,cpu,20674.4,20684.3
31,817,normalize,cpu,20684.9,20688.6
31,817,g_a_cpu,cpu,20688.6,20688.9
31,817,g_a,dpu,20688.9,20954.5
31,817,g_a,dpu,20954.5,21322.3
31,817,g_a_cpu,cpu,21322.3,21322.8
31,817,h_a,dpu,21322.8,21661.3
31,817,eb_enc,cpu,21661.3,21661.5
31,817,eb_dec,cpu,21661.5,21661.6
31,817,h_s,dpu,21661.6,21861.6
31,817,gc,cpu,21861.6,21871.6
31,856,normalize,cpu,21872.1,21875.7
31,856,g_a_cpu,cpu,21875.7,21876.1
31,856,g_a,dpu,21876.1,22177.5
31,856,g_a,dpu,22177.5,22579.2
31,856,g_a_cpu,cpu,22579.2,22579.6
31,856,h_a,dpu,22579.6,22880
31,856,eb_enc,cpu,22880,22880.2
31,856,eb_dec,cpu,22880.2,22880.3
31,856,h_s,dpu,22880.3,23071.8
31,856,gc,cpu,23071.8,23086.4
31,903,normalize,cpu,23087,23090.8
31,903,g_a_cpu,cpu,23090.8,23091.2
31,903,g_a,dpu,23091.2,23386.5
31,903,g_a,dpu,23386.5,23762.8
31,903,g_a_cpu,cpu,23762.8,23763.3
31,903,h_a,dpu,23763.3,24060.2
31,903,eb_enc,cpu,24060.2,24060.3
31,903,eb_dec,cpu,24060.3,24060.4
31,903,h_s,dpu,24060.4,24132.6
31,903,gc,cpu,24132.6,24142.5
32,33,normalize,cpu,106.85,116.241
32,33,g_a_cpu,cpu,116.32,116.777
32,33,g_a,dpu,116.784,280.542
32,33,g_a,dpu,280.545,317.324
32,33,g_a_cpu,cpu,317.324,317.802
32,33,h_a,dpu,317.808,1282.14
32,33,eb_enc,cpu,1282.14,1282.29
32,33,eb_dec,cpu,1282.29,1282.48
32,33,h_s,dpu,1282.48,1340.21
32,33,gc,cpu,1340.22,1434.99
32,78,normalize,cpu,1435.6,1439.26
32,78,g_a_cpu,cpu,1439.27,1445.85
32,78,g_a,dpu,1445.85,1484.75
32,78,g_a,dpu,1484.75,1942.06
32,78,g_a_cpu,cpu,1942.06,1942.42
32,78,h_a,dpu,1942.42,2493.04
32,78,eb_enc,cpu,2493.04,2493.16
32,78,eb_dec,cpu,2493.16,2493.27
32,78,h_s,dpu,2493.27,2641.27
32,78,gc,cpu,2641.27,2662.75
32,122,normalize,cpu,2663.57,2667.25
32,122,g_a_cpu,cpu,2667.25,2667.92
32,122,g_a,dpu,2667.93,2962.27
32,122,g_a,dpu,2962.27,3383.25
32,122,g_a_cpu,cpu,3383.25,3383.64
32,122,h_a,dpu,3383.64,3749.45
32,122,eb_enc,cpu,3749.45,3749.62
32,122,eb_dec,cpu,3749.62,3749.75
32,122,h_s,dpu,3749.75,3959.62
32,122,gc,cpu,3959.62,3969.71
32,172,normalize,cpu,3970.42,3974.03
32,172,g_a_cpu,cpu,3974.03,3974.42
32,172,g_a,dpu,3974.42,4257.73
32,172,g_a,dpu,4257.74,4644.77
32,172,g_a_cpu,cpu,4644.78,4645.25
32,172,h_a,dpu,4645.26,4961.73
32,172,eb_enc,cpu,4961.73,4961.89
32,172,eb_dec,cpu,4961.89,4962.01
32,172,h_s,dpu,4962.01,5239.59
32,172,gc,cpu,5239.6,5250.22
32,218,normalize,cpu,5251.39,5255.05
32,218,g_a_cpu,cpu,5255.05,5255.4
32,218,g_a,dpu,5255.4,5914.53
32,218,g_a,dpu,5914.53,5951.49
32,218,g_a_cpu,cpu,5951.49,5952.12
32,218,h_a,dpu,5952.12,6517.1
32,218,eb_enc,cpu,6517.1,6517.25
32,218,eb_dec,cpu,6517.25,6517.38
32,218,h_s,dpu,6517.38,6519.01
32,218,gc,cpu,6519.01,6530.58
32,266,normalize,cpu,6531.3,6534.97
32,266,g_a_cpu,cpu,6534.97,6535.29
32,266,g_a,dpu,6535.29,6811.52
32,266,g_a,dpu,6811.52,7224.88
32,266,g_a_cpu,cpu,7224.88,7225.35
32,266,h_a,dpu,7225.35,7570.11
32,266,eb_enc,cpu,7570.11,7570.25
32,266,eb_dec,cpu,7570.25,7570.4
32,266,h_s,dpu,7570.4,7783
32,266,gc,cpu,7783,7793.32
32,317,normalize,cpu,7793.75,7797.49
32,317,g_a_cpu,cpu,7797.49,7797.86
32,317,g_a,dpu,7797.86,8049.09
32,317,g_a,dpu,8049.1,8500.18
32,317,g_a_cpu,cpu,8500.19,8500.62
32,317,h_a,dpu,8500.63,8825.19
32,317,eb_enc,cpu,8825.19,8825.34
32,317,eb_dec,cpu,8825.34,8825.46
32,317,h_s,dpu,8825.46,9071.57
32,317,gc,cpu,9071.58,9081.73
32,366,normalize,cpu,9082.17,9085.81
32,366,g_a_cpu,cpu,9085.82,9086.16
32,366,g_a,dpu,9086.16,9390.02
32,366,g_a,dpu,9390.02,9805.59
32,366,g_a_cpu,cpu,9805.59,9805.98
32,366,h_a,dpu,9805.98,10080.7
32,366,eb_enc,cpu,10080.7,10080.8
32,366,eb_dec,cpu,10080.8,10080.9
32,366,h_s,dpu,10080.9,10300
32,366,gc,cpu,10300,10310.5
32,416,normalize,cpu,10311.1,10314.7
32,416,g_a_cpu,cpu,10314.7,10315.5
32,416,g_a,dpu,10315.5,10645.9
32,416,g_a,dpu,10645.9,11060.2
32,416,g_a_cpu,cpu,11060.2,11060.6
32,416,h_a,dpu,11060.6,11345.9
32,416,eb_enc,cpu,11345.9,11346
32,416,eb_dec,cpu,11346,11346.1
32,416,h_s,dpu,11346.1,11552.7
32,416,gc,cpu,11552.7,11565.1
32,468,normalize,cpu,11565.7,11569.4
32,468,g_a_cpu,cpu,11569.4,11569.9
32,468,g_a,dpu,11569.9,11904.5
32,468,g_a,dpu,11904.5,11941.4
32,468,g_a_cpu,cpu,11941.4,11941.9
32,468,h_a,dpu,11941.9,12573.2
32,468,eb_enc,cpu,12573.2,12573.3
32,468,eb_dec,cpu,12573.3,12573.4
32,468,h_s,dpu,12573.5,12574.8
32,468,gc,cpu,12574.8,12592.3
32,506,normalize,cpu,12592.9,12596.6
32,506,g_a_cpu,cpu,12596.6,12596.9
32,506,g_a,dpu,12596.9,12908
32,506,g_a,dpu,12908,13260
32,506,g_a_cpu,cpu,13260,13260.4
32,506,h_a,dpu,13260.4,13573.7
32,506,eb_enc,cpu,13573.7,13573.8
32,506,eb_dec,cpu,13573.8,13573.9
32,506,h_s,dpu,13573.9,13851.5
32,506,gc,cpu,13851.5,13861.8
32,553,normalize,cpu,13862.5,13866.1
32,553,g_a_cpu,cpu,13866.1,13866.5
32,553,g_a,dpu,13866.5,14175.8
32,553,g_a,dpu,14175.8,14559.2
32,553,g_a_cpu,cpu,14559.2,14559.6
32,553,h_a,dpu,14559.6,14917.5
32,553,eb_enc,cpu,14917.5,14917.7
32,553,eb_dec,cpu,14917.7,14917.9
32,553,h_s,dpu,14917.9,15143.5
32,553,gc,cpu,15143.5,15154.3
32,604,normalize,cpu,15154.8,15159.6
32,604,g_a_cpu,cpu,15159.6,15159.9
32,604,g_a,dpu,15159.9,15425.9
32,604,g_a,dpu,15425.9,15849.2
32,604,g_a_cpu,cpu,15849.2,15849.6
32,604,h_a,dpu,15849.6,16176.5
32,604,eb_enc,cpu,16176.5,16176.7
32,604,eb_dec,cpu,16176.7,16176.8
32,604,h_s,dpu,16176.8,16440.3
32,604,gc,cpu,16440.3,16450.7
32,656,normalize,cpu,16451.3,16454.9
32,656,g_a_cpu,cpu,16454.9,16455.3
32,656,g_a,dpu,16455.3,16724.1
32,656,g_a,dpu,16724.1,17149
32,656,g_a_cpu,cpu,17149,17149.4
32,656,h_a,dpu,17149.4,17496.1
32,656,eb_enc,cpu,17496.1,17496.3
32,656,eb_dec,cpu,17496.3,17496.4
32,656,h_s,dpu,17496.4,17713.8
32,656,gc,cpu,17713.8,17723.8
32,703,normalize,cpu,17724.2,17727.9
32,703,g_a_cpu,cpu,17727.9,17728.2
32,703,g_a,dpu,17728.2,17995.9
32,703,g_a,dpu,17995.9,18452.5
32,703,g_a_cpu,cpu,18452.5,18452.9
32,703,h_a,dpu,18452.9,18768.9
32,703,eb_enc,cpu,18768.9,18769
32,703,eb_dec,cpu,18769,18769.1
32,703,h_s,dpu,18769.1,18955.6
32,703,gc,cpu,18955.6,18965.7
32,751,normalize,cpu,18966.2,18969.8
32,751,g_a_cpu,cpu,18969.8,18970.2
32,751,g_a,dpu,18970.2,19311.1
32,751,g_a,dpu,19311.1,20017.6
32,751,g_a_cpu,cpu,20017.6,20018
32,751,h_a,dpu,20018,20020.6
32,751,eb_enc,cpu,20020.6,20020.7
32,751,eb_dec,cpu,20020.7,20020.8
32,751,h_s,dpu,20020.8,20293.9
32,751,gc,cpu,20293.9,20303.8
32,797,normalize,cpu,20304.4,20308.1
32,797,g_a_cpu,cpu,20308.1,20308.4
32,797,g_a,dpu,20308.4,20566.8
32,797,g_a,dpu,20566.8,21277.6
32,797,g_a_cpu,cpu,21277.6,21277.9
32,797,h_a,dpu,21277.9,21280.4
32,797,eb_enc,cpu,21280.4,21280.6
32,797,eb_dec,cpu,21280.6,21280.7
32,797,h_s,dpu,21280.7,21560.8
32,797,gc,cpu,21560.8,21570.9
32,846,normalize,cpu,21571.3,21575.1
32,846,g_a_cpu,cpu,21575.1,21575.5
32,846,g_a,dpu,21575.5,21884.3
32,846,g_a,dpu,21884.3,22231.8
32,846,g_a_cpu,cpu,22231.8,22232.3
32,846,h_a,dpu,22232.3,22469.9
32,846,eb_enc,cpu,22469.9,22470
32,846,eb_dec,cpu,22470,22470.1
32,846,h_s,dpu,22470.1,22814.1
32,846,gc,cpu,22814.1,22824.2
32,894,normalize,cpu,22824.7,22828.5
32,894,g_a_cpu,cpu,22828.5,22828.9
32,894,g_a,dpu,22828.9,23170.2
32,894,g_a,dpu,23170.2,23450.6
32,894,g_a_cpu,cpu,23450.6,23451
32,894,h_a,dpu,23451,23728.8
32,894,eb_enc,cpu,23728.8,23729
32,894,eb_dec,cpu,23729,23729.1
32,894,h_s,dpu,23729.1,23964.2
32,894,gc,cpu,23964.2,23974.2
33,36,normalize,cpu,110.998,120.629
33,36,g_a_cpu,cpu,120.634,121.123
33,36,g_a,dpu,121.132,331.379
33,36,g_a,dpu,331.381,908.402
33,36,g_a_cpu,cpu,908.403,908.748
33,36,h_a,dpu,908.755,1280.65
33,36,eb_enc,cpu,1280.65,1280.84
33,36,eb_dec,cpu,1280.84,1280.97
33,36,h_s,dpu,1280.97,1302.16
33,36,gc,cpu,1302.17,1368.71
33,59,normalize,cpu,1369.25,1392.52
33,59,g_a_cpu,cpu,1392.53,1393.04
33,59,g_a,dpu,1393.05,1734.35
33,59,g_a,dpu,1734.36,2210.76
33,59,g_a_cpu,cpu,2210.76,2211.15
33,59,h_a,dpu,2211.15,2474.75
33,59,eb_enc,cpu,2474.75,2474.87
33,59,eb_dec,cpu,2474.87,2474.98
33,59,h_s,dpu,2474.98,2575.64
33,59,gc,cpu,2575.65,2598.73
33,113,normalize,cpu,2601.12,2611.24
33,113,g_a_cpu,cpu,2611.25,2611.68
33,113,g_a,dpu,2611.68,3099.66
33,113,g_a,dpu,3099.66,3608.42
33,113,g_a_cpu,cpu,3608.42,3608.76
33,113,h_a,dpu,3608.76,3676.23
33,113,eb_enc,cpu,3676.23,3676.42
33,113,eb_dec,cpu,3676.42,3676.56
33,113,h_s,dpu,3676.56,3778.99
33,113,gc,cpu,3778.99,3788.93
33,165,normalize,cpu,3789.41,3793.13
33,165,g_a_cpu,cpu,3793.14,3793.43
33,165,g_a,dpu,3793.44,4294.57
33,165,g_a,dpu,4294.57,4331
33,165,g_a_cpu,cpu,4331,4331.34
33,165,h_a,dpu,4331.34,4707.21
33,165,eb_enc,cpu,4707.21,4707.34
33,165,eb_dec,cpu,4707.34,4707.45
33,165,h_s,dpu,4707.45,5375.32
33,165,gc,cpu,5375.32,5393.7
33,224,normalize,cpu,5394.28,5397.93
33,224,g_a_cpu,cpu,5397.93,5409.42
33,224,g_a,dpu,5409.43,5856.97
33,224,g_a,dpu,5856.97,5893.28
33,224,g_a_cpu,cpu,5893.28,5893.75
33,224,h_a,dpu,5893.75,6262.62
33,224,eb_enc,cpu,6262.62,6262.75
33,224,eb_dec,cpu,6262.75,6262.86
33,224,h_s,dpu,6262.86,6263.73
33,224,gc,cpu,6263.73,6274.17
33,257,normalize,cpu,6275.05,6278.69
33,257,g_a_cpu,cpu,6278.7,6279.23
33,257,g_a,dpu,6279.24,7313.64
33,257,g_a,dpu,7313.64,7349.96
33,257,g_a_cpu,cpu,7349.96,7350.54
33,257,h_a,dpu,7350.54,7355.75
33,257,eb_enc,cpu,7355.75,7355.89
33,257,eb_dec,cpu,7355.89,7356
33,257,h_s,dpu,7356,7860.02
33,257,gc,cpu,7860.02,7870.28
33,321,normalize,cpu,7871.2,7874.88
33,321,g_a_cpu,cpu,7874.89,7875.34
33,321,g_a,dpu,7875.34,8307.33
33,321,g_a,dpu,8307.33,8810.27
33,321,g_a_cpu,cpu,8810.27,8810.83
33,321,h_a,dpu,8810.84,8812.06
33,321,eb_enc,cpu,8812.06,8812.2
33,321,eb_dec,cpu,8812.21,8812.32
33,321,h_s,dpu,8812.32,9143.29
33,321,gc,cpu,9143.29,9155.65
33,369,normalize,cpu,9156.47,9160.3
33,369,g_a_cpu,cpu,9160.3,9172.93
33,369,g_a,dpu,9172.93,9512.05
33,369,g_a,dpu,9512.06,9740.39
33,369,g_a_cpu,cpu,9740.39,9740.72
33,369,h_a,dpu,9740.73,9987.29
33,369,eb_enc,cpu,9987.29,9987.42
33,369,eb_dec,cpu,9987.42,9987.54
33,369,h_s,dpu,9987.54,10318.2
33,369,gc,cpu,10318.2,10328.2
33,418,normalize,cpu,10328.8,10332.5
33,418,g_a_cpu,cpu,10332.5,10332.8
33,418,g_a,dpu,10332.8,10690.4
33,418,g_a,dpu,10690.4,10962.8
33,418,g_a_cpu,cpu,10962.8,10963.3
33,418,h_a,dpu,10963.3,11237.3
33,418,eb_enc,cpu,11237.3,11237.4
33,418,eb_dec,cpu,11237.4,11237.6
33,418,h_s,dpu,11237.6,11507.3
33,418,gc,cpu,11507.3,11517.3
33,462,normalize,cpu,11517.9,11521.7
33,462,g_a_cpu,cpu,11521.7,11522.1
33,462,g_a,dpu,11522.1,11914.7
33,462,g_a,dpu,11914.7,12181.8
33,462,g_a_cpu,cpu,12181.8,12182.2
33,462,h_a,dpu,12182.2,12360.6
33,462,eb_enc,cpu,12360.6,12360.8
33,462,eb_dec,cpu,12360.8,12360.9
33,462,h_s,dpu,12360.9,13300.5
33,462,gc,cpu,13300.5,13311.1
33,528,normalize,cpu,13311.8,13315.4
33,528,g_a_cpu,cpu,13315.5,13315.9
33,528,g_a,dpu,13315.9,14223.1
33,528,g_a,dpu,14223.1,14259.4
33,528,g_a_cpu,cpu,14259.4,14259.7
33,528,h_a,dpu,14259.7,14260.9
33,528,eb_enc,cpu,14260.9,14261.1
33,528,eb_dec,cpu,14261.1,14261.2
33,528,h_s,dpu,14261.2,14528
33,528,gc,cpu,14528,14537.8
33,576,normalize,cpu,14538.4,14542
33,576,g_a_cpu,cpu,14542,14542.5
33,576,g_a,dpu,14542.5,14816.3
33,576,g_a,dpu,14816.3,15157.5
33,576,g_a_cpu,cpu,15157.5,15157.9
33,576,h_a,dpu,15157.9,15497.6
33,576,eb_enc,cpu,15497.6,15497.8
33,576,eb_dec,cpu,15497.8,15497.9
33,576,h_s,dpu,15497.9,15759.8
33,576,gc,cpu,15759.8,15769.9
33,625,normalize,cpu,15770.4,15774
33,625,g_a_cpu,cpu,15774,15774.6
33,625,g_a,dpu,15774.6,16030.5
33,625,g_a,dpu,16030.5,16312.5
33,625,g_a_cpu,cpu,16312.5,16312.9
33,625,h_a,dpu,16312.9,16659
33,625,eb_enc,cpu,16659,16659.2
33,625,eb_dec,cpu,16659.2,16659.3
33,625,h_s,dpu,16659.3,16991.5
33,625,gc,cpu,16991.5,17001.5
33,672,normalize,cpu,17003.2,17006.9
33,672,g_a_cpu,cpu,17006.9,17007.3
33,672,g_a,dpu,17007.3,17265.1
33,672,g_a,dpu,17265.1,17301.4
33,672,g_a_cpu,cpu,17301.4,17301.8
33,672,h_a,dpu,17301.8,18186.5
33,672,eb_enc,cpu,18186.5,18186.8
33,672,eb_dec,cpu,18186.8,18186.9
33,672,h_s,dpu,18186.9,18436.2
33,672,gc,cpu,18436.2,18446.2
33,729,normalize,cpu,18446.7,18450.4
33,729,g_a_cpu,cpu,18450.4,18450.9
33,729,g_a,dpu,18450.9,18774.9
33,729,g_a,dpu,18774.9,19144.7
33,729,g_a_cpu,cpu,19144.7,19145.1
33,729,h_a,dpu,19145.1,19456.6
33,729,eb_enc,cpu,19456.6,19456.7
33,729,eb_dec,cpu,19456.7,19456.8
33,729,h_s,dpu,19456.8,19457.8
33,729,gc,cpu,19457.8,19468.1
33,761,normalize,cpu,19468.7,19474.6
33,761,g_a_cpu,cpu,19474.6,19475
33,761,g_a,dpu,19475,19894.4
33,761,g_a,dpu,19894.4,20302.5
33,761,g_a_cpu,cpu,20302.5,20303
33,761,h_a,dpu,20303,20637.6
33,761,eb_enc,cpu,20637.6,20637.7
33,761,eb_dec,cpu,20637.7,20637.8
33,761,h_s,dpu,20637.8,20810.3
33,761,gc,cpu,20810.3,20822.1
33,822,normalize,cpu,20822.7,20826.3
33,822,g_a_cpu,cpu,20826.3,20826.8
33,822,g_a,dpu,20826.8,20863.3
33,822,g_a,dpu,20863.3,21214.5
33,822,g_a_cpu,cpu,21214.5,21214.9
33,822,h_a,dpu,21214.9,21693.9
33,822,eb_enc,cpu,21693.9,21694.1
33,822,eb_dec,cpu,21694.1,21694.2
33,822,h_s,dpu,21694.2,21991.2
33,822,gc,cpu,21991.2,22001.2
33,861,normalize,cpu,22001.9,22005.7
33,861,g_a_cpu,cpu,22005.7,22006.2
33,861,g_a,dpu,22006.2,22137.9
33,861,g_a,dpu,22137.9,22519.7
33,861,g_a_cpu,cpu,22519.7,22520.1
33,861,h_a,dpu,22520.1,22892.3
33,861,eb_enc,cpu,22892.3,22892.5
33,861,eb_dec,cpu,22892.5,22892.6
33,861,h_s,dpu,22892.6,23121.5
33,861,gc,cpu,23121.5,23131.9
33,907,normalize,cpu,23132.6,23136.4
33,907,g_a_cpu,cpu,23136.4,23136.9
33,907,g_a,dpu,23136.9,23410.4
33,907,g_a,dpu,23410.4,23812.5
33,907,g_a_cpu,cpu,23812.5,23813
33,907,h_a,dpu,23813,24044.4
33,907,eb_enc,cpu,24044.4,24044.6
33,907,eb_dec,cpu,24044.6,24044.7
33,907,h_s,dpu,24044.7,24166
33,907,gc,cpu,24166,24175.9
34,37,normalize,cpu,112.416,116.232
34,37,g_a_cpu,cpu,134.457,134.948
34,37,g_a,dpu,134.952,674.369
34,37,g_a,dpu,674.372,1182.97
34,37,g_a_cpu,cpu,1182.97,1183.43
34,37,h_a,dpu,1183.44,1504
34,37,eb_enc,cpu,1504.01,1504.16
34,37,eb_dec,cpu,1504.16,1504.28
34,37,h_s,dpu,1504.28,1729.68
34,37,gc,cpu,1729.69,1741.49
34,96,normalize,cpu,1742.01,1745.67
34,96,g_a_cpu,cpu,1745.67,1746.02
34,96,g_a,dpu,1746.02,2168.01
34,96,g_a,dpu,2168.01,2573.1
34,96,g_a_cpu,cpu,2573.11,2573.84
34,96,h_a,dpu,2573.84,2751.56
34,96,eb_enc,cpu,2751.56,2751.7
34,96,eb_dec,cpu,2751.71,2751.83
34,96,h_s,dpu,2751.83,2971.05
34,96,gc,cpu,2971.06,2986.39
34,139,normalize,cpu,2986.99,2990.69
34,139,g_a_cpu,cpu,2990.69,2991.26
34,139,g_a,dpu,2991.26,3345.77
34,139,g_a,dpu,3345.77,3688.21
34,139,g_a_cpu,cpu,3688.21,3689.1
34,139,h_a,dpu,3689.1,4028.01
34,139,eb_enc,cpu,4028.01,4028.14
34,139,eb_dec,cpu,4028.14,4028.25
34,139,h_s,dpu,4028.25,4295.33
34,139,gc,cpu,4295.33,4305.93
34,187,normalize,cpu,4306.51,4310.15
34,187,g_a_cpu,cpu,4310.15,4310.58
34,187,g_a,dpu,4310.58,4598.96
34,187,g_a,dpu,4598.97,4945.08
34,187,g_a_cpu,cpu,4945.08,4945.46
34,187,h_a,dpu,4945.46,5209.81
34,187,eb_enc,cpu,5209.81,5209.95
34,187,eb_dec,cpu,5209.95,5210.06
34,187,h_s,dpu,5210.06,5442.72
34,187,gc,cpu,5442.72,5454.02
34,233,normalize,cpu,5454.89,5458.55
34,233,g_a_cpu,cpu,5458.55,5459.01
34,233,g_a,dpu,5459.02,5754.5
34,233,g_a,dpu,5754.5,6069
34,233,g_a_cpu,cpu,6069,6069.35
34,233,h_a,dpu,6069.35,6510.42
34,233,eb_enc,cpu,6510.42,6510.56
34,233,eb_dec,cpu,6510.56,6510.68
34,233,h_s,dpu,6510.68,6755.74
34,233,gc,cpu,6755.74,6765.7
34,278,normalize,cpu,6766.24,6769.9
34,278,g_a_cpu,cpu,6769.9,6770.38
34,278,g_a,dpu,6770.39,7316.21
34,278,g_a,dpu,7316.21,7354.59
34,278,g_a_cpu,cpu,7354.59,7355.33
34,278,h_a,dpu,7355.33,7936.27
34,278,eb_enc,cpu,7936.27,7936.41
34,278,eb_dec,cpu,7936.41,7936.52
34,278,h_s,dpu,7936.52,8233.4
34,278,gc,cpu,8233.4,8244.47
34,336,normalize,cpu,8245.07,8248.83
34,336,g_a_cpu,cpu,8248.83,8249.18
34,336,g_a,dpu,8249.19,8615.8
34,336,g_a,dpu,8615.81,8913.58
34,336,g_a_cpu,cpu,8913.58,8914.03
34,336,h_a,dpu,8914.04,9155.04
34,336,eb_enc,cpu,9155.05,9155.19
34,336,eb_dec,cpu,9155.19,9155.3
34,336,h_s,dpu,9155.3,9156.62
34,336,gc,cpu,9156.63,9167.19
34,371,normalize,cpu,9168.03,9171.71
34,371,g_a_cpu,cpu,9171.71,9172.27
34,371,g_a,dpu,9172.27,9762.61
34,371,g_a,dpu,9762.61,9799.17
34,371,g_a_cpu,cpu,9799.17,9799.69
34,371,h_a,dpu,9799.69,10345.3
34,371,eb_enc,cpu,10345.3,10345.4
34,371,eb_dec,cpu,10345.4,10345.5
34,371,h_s,dpu,10345.5,10346.5
34,371,gc,cpu,10346.5,10356.2
34,419,normalize,cpu,10356.7,10360.4
34,419,g_a_cpu,cpu,10360.4,10360.7
34,419,g_a,dpu,10360.7,10721.7
34,419,g_a,dpu,10721.7,11162.1
34,419,g_a_cpu,cpu,11162.1,11162.6
34,419,h_a,dpu,11162.6,11321.1
34,419,eb_enc,cpu,11321.1,11321.3
34,419,eb_dec,cpu,11321.3,11321.4
34,419,h_s,dpu,11321.4,11599.3
34,419,gc,cpu,11599.3,11609.1
34,470,normalize,cpu,11609.6,11613.3
34,470,g_a_cpu,cpu,11613.3,11613.7
34,470,g_a,dpu,11613.7,12010.9
34,470,g_a,dpu,12010.9,12547.2
34,470,g_a_cpu,cpu,12547.2,12547.5
34,470,h_a,dpu,12547.5,12549
34,470,eb_enc,cpu,12549,12549.1
34,470,eb_dec,cpu,12549.1,12549.2
34,470,h_s,dpu,12549.2,13198.2
34,470,gc,cpu,13198.2,13207.9
34,524,normalize,cpu,13208.4,13212
34,524,g_a_cpu,cpu,13212,13212.4
34,524,g_a,dpu,13212.4,13545.7
34,524,g_a,dpu,13545.7,13785.6
34,524,g_a_cpu,cpu,13785.6,13786.1
34,524,h_a,dpu,13786.1,14056.8
34,524,eb_enc,cpu,14056.8,14057
34,524,eb_dec,cpu,14057,14057.1
34,524,h_s,dpu,14057.1,14426.6
34,524,gc,cpu,14426.6,14436.4
34,573,normalize,cpu,14437,14440.6
34,573,g_a_cpu,cpu,14440.6,14441
34,573,g_a,dpu,14441,14788.3
34,573,g_a,dpu,14788.3,15016.7
34,573,g_a_cpu,cpu,15016.7,15017.2
34,573,h_a,dpu,15017.2,15261.6
34,573,eb_enc,cpu,15261.6,15261.7
34,573,eb_dec,cpu,15261.7,15261.8
34,573,h_s,dpu,15261.8,15674.5
34,573,gc,cpu,15674.5,15684.4
34,621,normalize,cpu,15685,15688.6
34,621,g_a_cpu,cpu,15688.6,15689
34,621,g_a,dpu,15689,16019.3
34,621,g_a,dpu,16019.3,16288.7
34,621,g_a_cpu,cpu,16288.7,16289.3
34,621,h_a,dpu,16289.3,16526.2
34,621,eb_enc,cpu,16526.2,16526.4
34,621,eb_dec,cpu,16526.4,16526.5
34,621,h_s,dpu,16526.5,16861.5
34,621,gc,cpu,16861.5,16871.7
34,664,normalize,cpu,16872.3,16875.9
34,664,g_a_cpu,cpu,16875.9,16876.3
34,664,g_a,dpu,16876.3,17138.5
34,664,g_a,dpu,17138.5,17483.2
34,664,g_a_cpu,cpu,17483.2,17483.6
34,664,h_a,dpu,17483.6,17868.9
34,664,eb_enc,cpu,17868.9,17869
34,664,eb_dec,cpu,17869,17869.1
34,664,h_s,dpu,17869.1,18132.6
34,664,gc,cpu,18132.6,18142.6
34,712,normalize,cpu,18144.2,18147.9
34,712,g_a_cpu,cpu,18147.9,18148.4
34,712,g_a,dpu,18148.4,18378.5
34,712,g_a,dpu,18378.5,18722.5
34,712,g_a_cpu,cpu,18722.5,18722.8
34,712,h_a,dpu,18722.8,19098
34,712,eb_enc,cpu,19098,19098.1
34,712,eb_dec,cpu,19098.1,19098.2
34,712,h_s,dpu,19098.2,19343.4
34,712,gc,cpu,19343.4,19354.4
34,760,normalize,cpu,19354.9,19358.6
34,760,g_a_cpu,cpu,19358.7,19359.1
34,760,g_a,dpu,19359.1,19654.4
34,760,g_a,dpu,19654.4,19991
34,760,g_a_cpu,cpu,19991,19991.5
34,760,h_a,dpu,19991.5,20325.4
34,760,eb_enc,cpu,20325.4,20325.5
34,760,eb_dec,cpu,20325.5,20325.6
34,760,h_s,dpu,20325.6,20560.8
34,760,gc,cpu,20560.8,20571.3
34,808,normalize,cpu,20572,20575.7
34,808,g_a_cpu,cpu,20575.7,20576.1
34,808,g_a,dpu,20576.1,20876.9
34,808,g_a,dpu,20876.9,21246.5
34,808,g_a_cpu,cpu,21246.5,21247
34,808,h_a,dpu,21247,21550.7
34,808,eb_enc,cpu,21550.7,21550.9
34,808,eb_dec,cpu,21550.9,21551
34,808,h_s,dpu,21551,21749.1
34,808,gc,cpu,21749.1,21764.3
34,851,normalize,cpu,21764.8,21768.5
34,851,g_a_cpu,cpu,21768.5,21769.3
34,851,g_a,dpu,21769.3,22101.9
34,851,g_a,dpu,22101.9,22504.5
34,851,g_a_cpu,cpu,22504.5,22504.9
34,851,h_a,dpu,22504.9,22766.7
34,851,eb_enc,cpu,22766.7,22766.8
34,851,eb_dec,cpu,22766.8,22767
34,851,h_s,dpu,22767,22961.4
34,851,gc,cpu,22961.4,22971.3
34,900,normalize,cpu,22971.7,22975.4
34,900,g_a_cpu,cpu,22975.4,22975.8
34,900,g_a,dpu,22975.8,23308.9
34,900,g_a,dpu,23308.9,23685.7
34,900,g_a_cpu,cpu,23685.7,23686.2
34,900,h_a,dpu,23686.2,24021.4
34,900,eb_enc,cpu,24021.4,24021.5
34,900,eb_dec,cpu,24021.5,24021.6
34,900,h_s,dpu,24021.6,24105.8
34,900,gc,cpu,24105.8,24115.7
35,10,normalize,cpu,80.788,84.4847
35,10,g_a_cpu,cpu,127.405,127.884
35,10,g_a,dpu,127.889,645.848
35,10,g_a,dpu,645.851,682.523
35,10,g_a_cpu,cpu,682.524,682.974
35,10,h_a,dpu,682.979,1330.31
35,10,eb_enc,cpu,1330.32,1330.48
35,10,eb_dec,cpu,1330.49,1330.6
35,10,h_s,dpu,1330.6,1332.25
35,10,gc,cpu,1332.26,1404.21
35,70,normalize,cpu,1404.68,1408.37
35,70,g_a_cpu,cpu,1408.37,1408.87
35,70,g_a,dpu,1408.87,1979.2
35,70,g_a,dpu,1979.2,2015.97
35,70,g_a_cpu,cpu,2015.97,2016.37
35,70,h_a,dpu,2016.37,2645.58
35,70,eb_enc,cpu,2645.58,2645.78
35,70,eb_dec,cpu,2645.78,2645.9
35,70,h_s,dpu,2645.9,2816.53
35,70,gc,cpu,2816.53,2826.58
35,136,normalize,cpu,2827.02,2830.66
35,136,g_a_cpu,cpu,2830.66,2831
35,136,g_a,dpu,2831,3236.56
35,136,g_a,dpu,3236.56,3726.75
35,136,g_a_cpu,cpu,3726.75,3727.14
35,136,h_a,dpu,3727.14,3738.62
35,136,eb_enc,cpu,3738.62,3738.8
35,136,eb_dec,cpu,3738.8,3738.92
35,136,h_s,dpu,3738.92,4104.03
35,136,gc,cpu,4104.04,4115.7
35,181,normalize,cpu,4116.26,4119.93
35,181,g_a_cpu,cpu,4119.94,4120.5
35,181,g_a,dpu,4120.5,4388.64
35,181,g_a,dpu,4388.64,4842.31
35,181,g_a_cpu,cpu,4842.31,4842.77
35,181,h_a,dpu,4842.77,5226.39
35,181,eb_enc,cpu,5226.39,5226.53
35,181,eb_dec,cpu,5226.53,5226.64
35,181,h_s,dpu,5226.64,5380.35
35,181,gc,cpu,5380.35,5390.61
35,223,normalize,cpu,5391.24,5394.89
35,223,g_a_cpu,cpu,5394.9,5395.34
35,223,g_a,dpu,5395.35,5585.58
35,223,g_a,dpu,5585.58,6081.43
35,223,g_a_cpu,cpu,6081.43,6081.87
35,223,h_a,dpu,6081.87,6497.36
35,223,eb_enc,cpu,6497.36,6497.5
35,223,eb_dec,cpu,6497.5,6497.61
35,223,h_s,dpu,6497.61,6642.69
35,223,gc,cpu,6642.69,6653.48
35,270,normalize,cpu,6654.06,6657.75
35,270,g_a_cpu,cpu,6657.75,6658.22
35,270,g_a,dpu,6658.22,6858.66
35,270,g_a,dpu,6858.66,7337.79
35,270,g_a_cpu,cpu,7337.79,7338.26
35,270,h_a,dpu,7338.26,7756.84
35,270,eb_enc,cpu,7756.84,7757
35,270,eb_dec,cpu,7757,7757.11
35,270,h_s,dpu,7757.11,7876.83
35,270,gc,cpu,7876.83,7887.66
35,322,normalize,cpu,7888.64,7892.47
35,322,g_a_cpu,cpu,7892.48,7892.87
35,322,g_a,dpu,7892.88,8130.89
35,322,g_a,dpu,8130.89,8662.14
35,322,g_a_cpu,cpu,8662.14,8662.57
35,322,h_a,dpu,8662.58,8975.16
35,322,eb_enc,cpu,8975.16,8975.28
35,322,eb_dec,cpu,8975.28,8975.39
35,322,h_s,dpu,8975.39,9161.08
35,322,gc,cpu,9161.09,9173.63
35,373,normalize,cpu,9174.09,9177.74
35,373,g_a_cpu,cpu,9177.74,9178.19
35,373,g_a,dpu,9178.2,9474.74
35,373,g_a,dpu,9474.74,9956.36
35,373,g_a_cpu,cpu,9956.36,9956.78
35,373,h_a,dpu,9956.78,10274.2
35,373,eb_enc,cpu,10274.2,10274.3
35,373,eb_dec,cpu,10274.3,10274.5
35,373,h_s,dpu,10274.5,10417.5
35,373,gc,cpu,10417.5,10428.2
35,420,normalize,cpu,10428.9,10433.3
35,420,g_a_cpu,cpu,10433.4,10433.8
35,420,g_a,dpu,10433.8,10728.8
35,420,g_a,dpu,10728.8,11217
35,420,g_a_cpu,cpu,11217,11217.5
35,420,h_a,dpu,11217.5,11537.6
35,420,eb_enc,cpu,11537.6,11537.7
35,420,eb_dec,cpu,11537.7,11537.8
35,420,h_s,dpu,11537.8,11749.6
35,420,gc,cpu,11749.7,11759.8
35,472,normalize,cpu,11760.3,11764
35,472,g_a_cpu,cpu,11764,11764.8
35,472,g_a,dpu,11764.8,12063.2
35,472,g_a,dpu,12063.2,12481.7
35,472,g_a_cpu,cpu,12481.7,12482.1
35,472,h_a,dpu,12482.1,12775.6
35,472,eb_enc,cpu,12775.6,12775.7
35,472,eb_dec,cpu,12775.7,12775.8
35,472,h_s,dpu,12775.8,12992.7
35,472,gc,cpu,12992.7,13003
35,520,normalize,cpu,13003.6,13007.3
35,520,g_a_cpu,cpu,13007.3,13007.7
35,520,g_a,dpu,13007.7,13380.5
35,520,g_a,dpu,13380.5,13726.3
35,520,g_a_cpu,cpu,13726.3,13726.8
35,520,h_a,dpu,13726.8,14046.3
35,520,eb_enc,cpu,14046.3,14046.4
35,520,eb_dec,cpu,14046.4,14046.5
35,520,h_s,dpu,14046.5,14292.5
35,520,gc,cpu,14292.5,14303.5
35,569,normalize,cpu,14304.1,14307.8
35,569,g_a_cpu,cpu,14307.8,14308.2
35,569,g_a,dpu,14308.2,14640.9
35,569,g_a,dpu,14640.9,15001.7
35,569,g_a_cpu,cpu,15001.7,15002.2
35,569,h_a,dpu,15002.2,15294.2
35,569,eb_enc,cpu,15294.2,15294.3
35,569,eb_dec,cpu,15294.3,15294.5
35,569,h_s,dpu,15294.5,15576.1
35,569,gc,cpu,15576.1,15586.2
35,617,normalize,cpu,15586.9,15590.6
35,617,g_a_cpu,cpu,15590.6,15591.1
35,617,g_a,dpu,15591.1,15931
35,617,g_a,dpu,15931,16271.4
35,617,g_a_cpu,cpu,16271.4,16271.8
35,617,h_a,dpu,16271.8,16633.4
35,617,eb_enc,cpu,16633.4,16633.5
35,617,eb_dec,cpu,16633.5,16633.7
35,617,h_s,dpu,16633.7,16911.5
35,617,gc,cpu,16911.5,16923
35,667,normalize,cpu,16923.6,16927.3
35,667,g_a_cpu,cpu,16927.3,16927.7
35,667,g_a,dpu,16927.7,16964.9
35,667,g_a,dpu,16964.9,17380.7
35,667,g_a_cpu,cpu,17380.7,17381.1
35,667,h_a,dpu,17381.1,17705
35,667,eb_enc,cpu,17705,17705.2
35,667,eb_dec,cpu,17705.2,17705.3
35,667,h_s,dpu,17705.3,17910.9
35,667,gc,cpu,17910.9,17921.5
35,706,normalize,cpu,17922.3,17926.1
35,706,g_a_cpu,cpu,17926.1,17926.5
35,706,g_a,dpu,17926.5,18231.4
35,706,g_a,dpu,18231.4,18616.6
35,706,g_a_cpu,cpu,18616.6,18617
35,706,h_a,dpu,18617,18942.1
35,706,eb_enc,cpu,18942.1,18942.2
35,706,eb_dec,cpu,18942.2,18942.4
35,706,h_s,dpu,18942.4,19184.3
35,706,gc,cpu,19184.3,19194.2
35,753,normalize,cpu,19195.4,19199.1
35,753,g_a_cpu,cpu,19199.1,19200.1
35,753,g_a,dpu,19200.1,19238.4
35,753,g_a,dpu,19238.4,19627.4
35,753,g_a_cpu,cpu,19627.4,19627.8
35,753,h_a,dpu,19627.8,19981
35,753,eb_enc,cpu,19981,19981.2
35,753,eb_dec,cpu,19981.2,19981.3
35,753,h_s,dpu,19981.3,20290.6
35,753,gc,cpu,20290.6,20300.5
35,796,normalize,cpu,20301,20304.7
35,796,g_a_cpu,cpu,20304.7,20305.1
35,796,g_a,dpu,20305.1,20529.9
35,796,g_a,dpu,20529.9,20890.8
35,796,g_a_cpu,cpu,20890.8,20891.2
35,796,h_a,dpu,20891.2,20893.6
35,796,eb_enc,cpu,20893.6,20893.7
35,796,eb_dec,cpu,20893.7,20893.9
35,796,h_s,dpu,20893.9,21559.7
35,796,gc,cpu,21559.7,21570
35,845,normalize,cpu,21570.6,21574.2
35,845,g_a_cpu,cpu,21574.2,21574.7
35,845,g_a,dpu,21574.7,21847.9
35,845,g_a,dpu,21847.9,22195.5
35,845,g_a_cpu,cpu,22195.5,22196
35,845,h_a,dpu,22196,22467.4
35,845,eb_enc,cpu,22467.4,22467.5
35,845,eb_dec,cpu,22467.5,22467.6
35,845,h_s,dpu,22467.6,22813.2
35,845,gc,cpu,22813.2,22823.4
35,893,normalize,cpu,22823.9,22827.6
35,893,g_a_cpu,cpu,22827.6,22828.1
35,893,g_a,dpu,22828.1,23133.8
35,893,g_a,dpu,23133.8,23414.3
35,893,g_a_cpu,cpu,23414.3,23414.7
35,893,h_a,dpu,23414.7,23726.1
35,893,eb_enc,cpu,23726.1,23726.3
35,893,eb_dec,cpu,23726.3,23726.4
35,893,h_s,dpu,23726.4,23960.1
35,893,gc,cpu,23960.1,23970.3
36,31,normalize,cpu,103.068,106.731
36,31,g_a_cpu,cpu,106.857,107.565
36,31,g_a,dpu,107.576,475.78
36,31,g_a,dpu,475.783,512.098
36,31,g_a_cpu,cpu,512.099,512.661
36,31,h_a,dpu,512.668,1287.35
36,31,eb_enc,cpu,1287.36,1287.51
36,31,eb_dec,cpu,1287.51,1287.62
36,31,h_s,dpu,1287.62,1288.65
36,31,gc,cpu,1288.66,1329.46
36,56,normalize,cpu,1339.1,1344.65
36,56,g_a_cpu,cpu,1344.65,1345.26
36,56,g_a,dpu,1345.27,1479.11
36,56,g_a,dpu,1479.12,1515.98
36,56,g_a_cpu,cpu,1515.98,1516.37
36,56,h_a,dpu,1516.37,2553.66
36,56,eb_enc,cpu,2553.66,2553.78
36,56,eb_dec,cpu,2553.79,2553.9
36,56,h_s,dpu,2553.9,2554.88
36,56,gc,cpu,2554.88,2565.82
36,106,normalize,cpu,2566.74,2570.59
36,106,g_a_cpu,cpu,2570.59,2570.99
36,106,g_a,dpu,2570.99,2774.75
36,106,g_a,dpu,2774.76,3283
36,106,g_a_cpu,cpu,3283,3283.47
36,106,h_a,dpu,3283.47,3659.44
36,106,eb_enc,cpu,3659.44,3659.64
36,106,eb_dec,cpu,3659.64,3659.77
36,106,h_s,dpu,3659.78,3680.29
36,106,gc,cpu,3680.3,3692.17
36,157,normalize,cpu,3692.68,3696.34
36,157,g_a_cpu,cpu,3696.35,3696.79
36,157,g_a,dpu,3696.79,3960.03
36,157,g_a,dpu,3960.05,4512.06
36,157,g_a_cpu,cpu,4512.06,4512.59
36,157,h_a,dpu,4512.59,4747.98
36,157,eb_enc,cpu,4747.98,4748.17
36,157,eb_dec,cpu,4748.17,4748.32
36,157,h_s,dpu,4748.32,4912.11
36,157,gc,cpu,4912.11,4924.62
36,207,normalize,cpu,4925.2,4928.85
36,207,g_a_cpu,cpu,4928.86,4929.19
36,207,g_a,dpu,4929.19,5364.09
36,207,g_a,dpu,5364.09,5711.43
36,207,g_a_cpu,cpu,5711.43,5711.98
36,207,h_a,dpu,5711.99,6012.61
36,207,eb_enc,cpu,6012.61,6012.74
36,207,eb_dec,cpu,6012.74,6012.87
36,207,h_s,dpu,6012.87,6181.61
36,207,gc,cpu,6181.61,6191.92
36,251,normalize,cpu,6192.7,6196.37
36,251,g_a_cpu,cpu,6196.37,6196.92
36,251,g_a,dpu,6196.93,6382.79
36,251,g_a,dpu,6382.79,6830.2
36,251,g_a_cpu,cpu,6830.2,6830.88
36,251,h_a,dpu,6830.89,7163.2
36,251,eb_enc,cpu,7163.2,7163.32
36,251,eb_dec,cpu,7163.32,7163.43
36,251,h_s,dpu,7163.43,7357.74
36,251,gc,cpu,7357.74,7378.78
36,302,normalize,cpu,7383,7386.75
36,302,g_a_cpu,cpu,7386.76,7387.13
36,302,g_a,dpu,7387.13,8084.57
36,302,g_a,dpu,8084.57,8120.9
36,302,g_a_cpu,cpu,8120.9,8121.4
36,302,h_a,dpu,8121.41,8591.92
36,302,eb_enc,cpu,8591.93,8592.09
36,302,eb_dec,cpu,8592.09,8592.21
36,302,h_s,dpu,8592.21,8957.82
36,302,gc,cpu,8957.83,8968.09
36,357,normalize,cpu,8968.6,8972.27
36,357,g_a_cpu,cpu,8972.27,8972.65
36,357,g_a,dpu,8972.65,9324.53
36,357,g_a,dpu,9324.53,9588.32
36,357,g_a_cpu,cpu,9588.32,9588.9
36,357,h_a,dpu,9588.9,9590.12
36,357,eb_enc,cpu,9590.12,9590.24
36,357,eb_dec,cpu,9590.24,9590.4
36,357,h_s,dpu,9590.4,9799.31
36,357,gc,cpu,9799.31,9810.66
36,396,normalize,cpu,9811.21,9814.87
36,396,g_a_cpu,cpu,9814.88,9815.28
36,396,g_a,dpu,9815.29,10612.9
36,396,g_a,dpu,10612.9,10649.2
36,396,g_a_cpu,cpu,10649.2,10649.8
36,396,h_a,dpu,10649.8,10978
36,396,eb_enc,cpu,10978,10978.1
36,396,eb_dec,cpu,10978.1,10978.2
36,396,h_s,dpu,10978.2,10979.4
36,396,gc,cpu,10979.4,10989.7
36,441,normalize,cpu,10990.2,10993.8
36,441,g_a_cpu,cpu,10993.8,10994.1
36,441,g_a,dpu,10994.1,11426.9
36,441,g_a,dpu,11426.9,11763.8
36,441,g_a_cpu,cpu,11763.8,11764.6
36,441,h_a,dpu,11764.6,12064.7
36,441,eb_enc,cpu,12064.7,12064.9
36,441,eb_dec,cpu,12064.9,12065
36,441,h_s,dpu,12065,12272.2
36,441,gc,cpu,12272.2,12282.4
36,490,normalize,cpu,12282.9,12286.5
36,490,g_a_cpu,cpu,12286.5,12287
36,490,g_a,dpu,12287,12478.3
36,490,g_a,dpu,12478.3,12884.3
36,490,g_a_cpu,cpu,12884.3,12884.8
36,490,h_a,dpu,12884.8,13295.5
36,490,eb_enc,cpu,13295.5,13295.7
36,490,eb_dec,cpu,13295.7,13295.8
36,490,h_s,dpu,13295.8,13488.4
36,490,gc,cpu,13488.4,13498.7
36,532,normalize,cpu,13499.2,13502.9
36,532,g_a_cpu,cpu,13502.9,13503.3
36,532,g_a,dpu,13503.3,13540.3
36,532,g_a,dpu,13540.3,13576.6
36,532,g_a_cpu,cpu,13576.6,13577.1
36,532,h_a,dpu,13577.1,13578.8
36,532,eb_enc,cpu,13578.8,13579
36,532,eb_dec,cpu,13579,13579.1
36,532,h_s,dpu,13579.1,14524.2
36,532,gc,cpu,14524.2,14541.1
36,577,normalize,cpu,14541.9,14546.8
36,577,g_a_cpu,cpu,14546.8,14547.1
36,577,g_a,dpu,14547.2,14852.6
36,577,g_a,dpu,14852.6,15194.3
36,577,g_a_cpu,cpu,15194.3,15194.8
36,577,h_a,dpu,15194.8,15498.4
36,577,eb_enc,cpu,15498.4,15498.5
36,577,eb_dec,cpu,15498.5,15498.7
36,577,h_s,dpu,15498.7,15760.5
36,577,gc,cpu,15760.5,15771
36,626,normalize,cpu,15771.6,15775.4
36,626,g_a_cpu,cpu,15775.4,15776.1
36,626,g_a,dpu,15776.1,16066.4
36,626,g_a,dpu,16066.4,16348.4
36,626,g_a_cpu,cpu,16348.4,16348.8
36,626,h_a,dpu,16348.8,16660.2
36,626,eb_enc,cpu,16660.2,16660.4
36,626,eb_dec,cpu,16660.4,16660.5
36,626,h_s,dpu,16660.5,16995.2
36,626,gc,cpu,16995.2,17006.7
36,673,normalize,cpu,17007.4,17012
36,673,g_a_cpu,cpu,17012,17012.6
36,673,g_a,dpu,17012.6,17606
36,673,g_a,dpu,17606,17642.3
36,673,g_a_cpu,cpu,17642.3,17642.9
36,673,h_a,dpu,17642.9,17644.1
36,673,eb_enc,cpu,17644.1,17644.2
36,673,eb_dec,cpu,17644.2,17644.3
36,673,h_s,dpu,17644.3,18202
36,673,gc,cpu,18202,18213.6
36,719,normalize,cpu,18214.1,18217.8
36,719,g_a_cpu,cpu,18217.8,18218.1
36,719,g_a,dpu,18218.1,18553.3
36,719,g_a,dpu,18553.3,18919.3
36,719,g_a_cpu,cpu,18919.3,18920
36,719,h_a,dpu,18920,18921.6
36,719,eb_enc,cpu,18921.6,18921.7
36,719,eb_dec,cpu,18921.7,18921.8
36,719,h_s,dpu,18921.8,18922.7
36,719,gc,cpu,18922.7,18936
36,748,normalize,cpu,18936.5,18940.4
36,748,g_a_cpu,cpu,18940.4,18941
36,748,g_a,dpu,18941,19343.9
36,748,g_a,dpu,19343.9,19659
36,748,g_a_cpu,cpu,19659,19659.5
36,748,h_a,dpu,19659.5,19850.7
36,748,eb_enc,cpu,19850.7,19850.9
36,748,eb_dec,cpu,19850.9,19851
36,748,h_s,dpu,19851,20152
36,748,gc,cpu,20152,20162.5
36,794,normalize,cpu,20163.1,20166.7
36,794,g_a_cpu,cpu,20166.7,20167.1
36,794,g_a,dpu,20167.1,21359.9
36,794,g_a,dpu,21359.9,21732.7
36,794,g_a_cpu,cpu,21732.7,21733.2
36,794,h_a,dpu,21733.2,22007.7
36,794,eb_enc,cpu,22007.7,22007.9
36,794,eb_dec,cpu,22007.9,22008
36,794,h_s,dpu,22008,22175.5
36,794,gc,cpu,22175.5,22185.3
36,875,normalize,cpu,22185.8,22189.5
36,875,g_a_cpu,cpu,22189.5,22189.8
36,875,g_a,dpu,22189.8,22591.4
36,875,g_a,dpu,22591.4,22929.2
36,875,g_a_cpu,cpu,22929.2,22929.6
36,875,h_a,dpu,22929.6,23123
36,875,eb_enc,cpu,23123,23123.1
36,875,eb_dec,cpu,23123.1,23123.2
36,875,h_s,dpu,23123.2,23335.3
36,875,gc,cpu,23335.3,23345.6
36,923,normalize,cpu,23346.4,23350.2
36,923,g_a_cpu,cpu,23350.2,23350.6
36,923,g_a,dpu,23350.6,23740.2
36,923,g_a,dpu,23740.2,23776.6
36,923,g_a_cpu,cpu,23776.6,23777.1
36,923,h_a,dpu,23777.1,24043.2
36,923,eb_enc,cpu,24043.2,24043.4
36,923,eb_dec,cpu,24043.4,24043.5
36,923,h_s,dpu,24043.5,24165.3
36,923,gc,cpu,24165.3,24181.7
37,34,normalize,cpu,108.852,112.556
37,34,g_a_cpu,cpu,112.668,113.081
37,34,g_a,dpu,113.087,310.97
37,34,g_a,dpu,310.972,819.958
37,34,g_a_cpu,cpu,819.959,820.336
37,34,h_a,dpu,820.341,1191.28
37,34,eb_enc,cpu,1191.28,1191.42
37,34,eb_dec,cpu,1191.42,1191.54
37,34,h_s,dpu,1191.54,1371.61
37,34,gc,cpu,1371.62,1391.49
37,65,normalize,cpu,1392.04,1406.1
37,65,g_a_cpu,cpu,1406.1,1406.63
37,65,g_a,dpu,1406.63,1945.91
37,65,g_a,dpu,1945.91,1982.27
37,65,g_a_cpu,cpu,1982.27,1982.72
37,65,h_a,dpu,1982.72,2590.61
37,65,eb_enc,cpu,2590.61,2590.75
37,65,eb_dec,cpu,2590.75,2590.87
37,65,h_s,dpu,2590.87,2592.24
37,65,gc,cpu,2592.25,2602.6
37,116,normalize,cpu,2603.32,2607
37,116,g_a_cpu,cpu,2607.01,2607.64
37,116,g_a,dpu,2607.65,3120.97
37,116,g_a,dpu,3120.97,3157.36
37,116,g_a_cpu,cpu,3157.36,3157.78
37,116,h_a,dpu,3157.79,3495.44
37,116,eb_enc,cpu,3495.44,3495.58
37,116,eb_dec,cpu,3495.58,3495.7
37,116,h_s,dpu,3495.7,3838.17
37,116,gc,cpu,3838.17,3847.93
37,167,normalize,cpu,3848.42,3852.16
37,167,g_a_cpu,cpu,3852.16,3852.58
37,167,g_a,dpu,3852.58,4110.7
37,167,g_a,dpu,4110.7,4413.02
37,167,g_a_cpu,cpu,4413.02,4413.53
37,167,h_a,dpu,4413.53,4748.3
37,167,eb_enc,cpu,4748.3,4748.47
37,167,eb_dec,cpu,4748.47,4748.59
37,167,h_s,dpu,4748.59,5057.37
37,167,gc,cpu,5057.37,5067.3
37,208,normalize,cpu,5067.86,5071.62
37,208,g_a_cpu,cpu,5071.63,5072.05
37,208,g_a,dpu,5072.05,5289.43
37,208,g_a,dpu,5289.43,5563.16
37,208,g_a_cpu,cpu,5563.16,5563.69
37,208,h_a,dpu,5563.7,5940.96
37,208,eb_enc,cpu,5940.96,5941.09
37,208,eb_dec,cpu,5941.09,5941.2
37,208,h_s,dpu,5941.2,6324.64
37,208,gc,cpu,6324.64,6335.08
37,261,normalize,cpu,6335.69,6339.38
37,261,g_a_cpu,cpu,6339.39,6339.73
37,261,g_a,dpu,6339.73,6566.75
37,261,g_a,dpu,6566.75,6857.95
37,261,g_a_cpu,cpu,6857.96,6858.3
37,261,h_a,dpu,6858.3,7203.97
37,261,eb_enc,cpu,7203.97,7204.1
37,261,eb_dec,cpu,7204.1,7204.21
37,261,h_s,dpu,7204.21,7540.23
37,261,gc,cpu,7540.23,7550.12
37,306,normalize,cpu,7550.89,7554.57
37,306,g_a_cpu,cpu,7554.57,7554.98
37,306,g_a,dpu,7554.98,7786.67
37,306,g_a,dpu,7786.68,8190.78
37,306,g_a_cpu,cpu,8190.78,8191.15
37,306,h_a,dpu,8191.16,8192.56
37,306,eb_enc,cpu,8192.56,8192.78
37,306,eb_dec,cpu,8192.78,8192.91
37,306,h_s,dpu,8192.91,8500.36
37,306,gc,cpu,8500.37,8511.3
37,341,normalize,cpu,8511.91,8515.56
37,341,g_a_cpu,cpu,8515.56,8516.03
37,341,g_a,dpu,8516.03,8733.44
37,341,g_a,dpu,8733.44,9078.07
37,341,g_a_cpu,cpu,9078.07,9078.55
37,341,h_a,dpu,9078.55,9451.28
37,341,eb_enc,cpu,9451.28,9451.41
37,341,eb_dec,cpu,9451.41,9451.52
37,341,h_s,dpu,9451.52,9721.78
37,341,gc,cpu,9721.78,9731.81
37,388,normalize,cpu,9732.78,9736.46
37,388,g_a_cpu,cpu,9736.46,9736.84
37,388,g_a,dpu,9736.85,9954.39
37,388,g_a,dpu,9954.39,10300.9
37,388,g_a_cpu,cpu,10300.9,10301.3
37,388,h_a,dpu,10301.3,10303.1
37,388,eb_enc,cpu,10303.1,10303.3
37,388,eb_dec,cpu,10303.3,10303.4
37,388,h_s,dpu,10303.4,10304.8
37,388,gc,cpu,10304.8,10316.6
37,417,normalize,cpu,10317.3,10321.5
37,417,g_a_cpu,cpu,10321.5,10321.9
37,417,g_a,dpu,10321.9,10643.4
37,417,g_a,dpu,10643.4,11050.1
37,417,g_a_cpu,cpu,11050.1,11050.6
37,417,h_a,dpu,11050.6,11052.1
37,417,eb_enc,cpu,11052.1,11052.3
37,417,eb_dec,cpu,11052.3,11052.4
37,417,h_s,dpu,11052.4,11210.2
37,417,gc,cpu,11210.2,11220.7
37,449,normalize,cpu,11221.2,11224.9
37,449,g_a_cpu,cpu,11224.9,11225.4
37,449,g_a,dpu,11225.4,11482.7
37,449,g_a,dpu,11482.7,11935.4
37,449,g_a_cpu,cpu,11935.4,11935.9
37,449,h_a,dpu,11935.9,12234.8
37,449,eb_enc,cpu,12234.8,12235
37,449,eb_dec,cpu,12235,12235.1
37,449,h_s,dpu,12235.1,12403.6
37,449,gc,cpu,12403.6,12413.7
37,500,normalize,cpu,12414.1,12417.8
37,500,g_a_cpu,cpu,12417.8,12418.1
37,500,g_a,dpu,12418.1,12718.9
37,500,g_a,dpu,12718.9,13195.1
37,500,g_a_cpu,cpu,13195.1,13195.6
37,500,h_a,dpu,13195.6,13507.9
37,500,eb_enc,cpu,13507.9,13508.1
37,500,eb_dec,cpu,13508.1,13508.2
37,500,h_s,dpu,13508.2,13677.4
37,500,gc,cpu,13677.4,13687.8
37,547,normalize,cpu,13688.3,13692
37,547,g_a_cpu,cpu,13692,13692.4
37,547,g_a,dpu,13692.4,13983.3
37,547,g_a,dpu,13983.3,14422.9
37,547,g_a_cpu,cpu,14422.9,14423.3
37,547,h_a,dpu,14423.3,14907.5
37,547,eb_enc,cpu,14907.5,14907.6
37,547,eb_dec,cpu,14907.6,14907.7
37,547,h_s,dpu,14907.7,14908.8
37,547,gc,cpu,14908.9,14919.3
37,588,normalize,cpu,14922.6,14926.4
37,588,g_a_cpu,cpu,14926.4,14927.3
37,588,g_a,dpu,14927.3,15222.1
37,588,g_a,dpu,15222.1,15635.8
37,588,g_a_cpu,cpu,15635.8,15636.3
37,588,h_a,dpu,15636.3,15975.4
37,588,eb_enc,cpu,15975.4,15975.6
37,588,eb_dec,cpu,15975.6,15975.7
37,588,h_s,dpu,15975.7,16141.8
37,588,gc,cpu,16141.8,16152.7
37,634,normalize,cpu,16153.7,16189.5
37,634,g_a_cpu,cpu,16189.6,16204.9
37,634,g_a,dpu,16204.9,16821
37,634,g_a,dpu,16821,16857.4
37,634,g_a_cpu,cpu,16857.4,16857.7
37,634,h_a,dpu,16857.7,16859.2
37,634,eb_enc,cpu,16859.2,16859.4
37,634,eb_dec,cpu,16859.4,16859.5
37,634,h_s,dpu,16859.5,17095.4
37,634,gc,cpu,17095.4,17106
37,677,normalize,cpu,17106.6,17110.2
37,677,g_a_cpu,cpu,17110.2,17110.7
37,677,g_a,dpu,17110.7,17410.9
37,677,g_a,dpu,17410.9,17831.2
37,677,g_a_cpu,cpu,17831.2,17831.6
37,677,h_a,dpu,17831.6,18130.3
37,677,eb_enc,cpu,18130.3,18130.5
37,677,eb_dec,cpu,18130.5,18130.6
37,677,h_s,dpu,18130.6,18335.3
37,677,gc,cpu,18335.3,18345.3
37,724,normalize,cpu,18345.8,18349.5
37,724,g_a_cpu,cpu,18349.5,18349.9
37,724,g_a,dpu,18349.9,18650.4
37,724,g_a,dpu,18650.4,19060
37,724,g_a_cpu,cpu,19060,19060.3
37,724,h_a,dpu,19060.3,19341.2
37,724,eb_enc,cpu,19341.2,19341.3
37,724,eb_dec,cpu,19341.3,19341.4
37,724,h_s,dpu,19341.4,19572
37,724,gc,cpu,19572,19582.2
37,773,normalize,cpu,19583,19586.7
37,773,g_a_cpu,cpu,19586.7,19587.1
37,773,g_a,dpu,19587.1,19883
37,773,g_a,dpu,19883,20286
37,773,g_a_cpu,cpu,20286,20286.5
37,773,h_a,dpu,20286.5,20557.7
37,773,eb_enc,cpu,20557.7,20557.9
37,773,eb_dec,cpu,20557.9,20558
37,773,h_s,dpu,20558,20799.3
37,773,gc,cpu,20799.3,20814.9
37,820,normalize,cpu,20815.4,20830.7
37,820,g_a_cpu,cpu,20830.7,20831.1
37,820,g_a,dpu,20831.1,21174.2
37,820,g_a,dpu,21174.2,21548.1
37,820,g_a_cpu,cpu,21548.1,21548.7
37,820,h_a,dpu,21548.7,21747.2
37,820,eb_enc,cpu,21747.2,21747.4
37,820,eb_dec,cpu,21747.4,21747.5
37,820,h_s,dpu,21747.5,22026.4
37,820,gc,cpu,22026.4,22036.6
37,868,normalize,cpu,22037.1,22040.7
37,868,g_a_cpu,cpu,22040.7,22041.1
37,868,g_a,dpu,22041.1,22432.5
37,868,g_a,dpu,22432.5,22764.6
37,868,g_a_cpu,cpu,22764.6,22765
37,868,h_a,dpu,22765,22959.6
37,868,eb_enc,cpu,22959.6,22959.8
37,868,eb_dec,cpu,22959.8,22959.9
37,868,h_s,dpu,22959.9,23229.2
37,868,gc,cpu,23229.2,23239.3
37,914,normalize,cpu,23239.8,23243.7
37,914,g_a_cpu,cpu,23243.7,23244.2
37,914,g_a,dpu,23244.2,23613
37,914,g_a,dpu,23613,24019.3
37,914,g_a_cpu,cpu,24019.3,24019.7
37,914,h_a,dpu,24019.7,24104.1
37,914,eb_enc,cpu,24104.1,24104.2
37,914,eb_dec,cpu,24104.2,24104.3
37,914,h_s,dpu,24104.3,24131.3
37,914,gc,cpu,24131.3,24141.8
38,20,normalize,cpu,91.0485,94.7354
38,20,g_a_cpu,cpu,94.7437,95.2232
38,20,g_a,dpu,95.2301,426.835
38,20,g_a,dpu,426.838,977.504
38,20,g_a_cpu,cpu,977.51,978.036
38,20,h_a,dpu,978.045,1302.11
38,20,eb_enc,cpu,1302.11,1302.25
38,20,eb_dec,cpu,1302.25,1302.39
38,20,h_s,dpu,1302.39,1633.26
38,20,gc,cpu,1633.26,1645.7
38,91,normalize,cpu,1646.22,1649.92
38,91,g_a_cpu,cpu,1649.92,1650.47
38,91,g_a,dpu,1650.47,1687.46
38,91,g_a,dpu,1687.46,2271.76
38,91,g_a_cpu,cpu,2271.76,2272.25
38,91,h_a,dpu,2272.25,2621.75
38,91,eb_enc,cpu,2621.75,2621.89
38,91,eb_dec,cpu,2621.89,2622
38,91,h_s,dpu,2622,2783.03
38,91,gc,cpu,2783.04,2793.45
38,131,normalize,cpu,2793.98,2797.66
38,131,g_a_cpu,cpu,2797.67,2798.03
38,131,g_a,dpu,2798.04,3048.14
38,131,g_a,dpu,3048.14,3502.83
38,131,g_a_cpu,cpu,3502.83,3503.25
38,131,h_a,dpu,3503.25,3903.93
38,131,eb_enc,cpu,3903.94,3904.06
38,131,eb_dec,cpu,3904.06,3904.18
38,131,h_s,dpu,3904.18,4089.11
38,131,gc,cpu,4089.11,4100.52
38,177,normalize,cpu,4101.32,4121.92
38,177,g_a_cpu,cpu,4121.92,4122.31
38,177,g_a,dpu,4122.31,4461.58
38,177,g_a,dpu,4461.58,4915.82
38,177,g_a_cpu,cpu,4915.83,4916.4
38,177,h_a,dpu,4916.41,5230.8
38,177,eb_enc,cpu,5230.8,5230.92
38,177,eb_dec,cpu,5230.92,5231.04
38,177,h_s,dpu,5231.04,5387.8
38,177,gc,cpu,5387.8,5398.31
38,229,normalize,cpu,5410.27,5413.91
38,229,g_a_cpu,cpu,5413.92,5414.34
38,229,g_a,dpu,5414.35,6228.26
38,229,g_a,dpu,6228.26,6266.58
38,229,g_a_cpu,cpu,6266.59,6267.32
38,229,h_a,dpu,6267.32,6508.73
38,229,eb_enc,cpu,6508.73,6508.88
38,229,eb_dec,cpu,6508.88,6509
38,229,h_s,dpu,6509,6663.79
38,229,gc,cpu,6663.79,6673.94
38,275,normalize,cpu,6674.46,6678.1
38,275,g_a_cpu,cpu,6678.1,6678.5
38,275,g_a,dpu,6678.5,7041.25
38,275,g_a,dpu,7041.25,7522.48
38,275,g_a_cpu,cpu,7522.49,7523.18
38,275,h_a,dpu,7523.18,7769.51
38,275,eb_enc,cpu,7769.51,7769.65
38,275,eb_dec,cpu,7769.65,7769.76
38,275,h_s,dpu,7769.76,7895.98
38,275,gc,cpu,7895.98,7906.94
38,327,normalize,cpu,7907.6,7911.32
38,327,g_a_cpu,cpu,7911.32,7911.68
38,327,g_a,dpu,7911.68,8316.02
38,327,g_a,dpu,8316.03,8778.42
38,327,g_a_cpu,cpu,8778.42,8778.83
38,327,h_a,dpu,8778.84,9055.11
38,327,eb_enc,cpu,9055.11,9055.25
38,327,eb_dec,cpu,9055.25,9055.38
38,327,h_s,dpu,9055.38,9206.75
38,327,gc,cpu,9206.75,9216.8
38,375,normalize,cpu,9217.37,9221.07
38,375,g_a_cpu,cpu,9221.07,9221.5
38,375,g_a,dpu,9221.5,9585.08
38,375,g_a,dpu,9585.08,10032.6
38,375,g_a_cpu,cpu,10032.6,10033
38,375,h_a,dpu,10033,10279.9
38,375,eb_enc,cpu,10279.9,10280.1
38,375,eb_dec,cpu,10280.1,10280.2
38,375,h_s,dpu,10280.2,10419.5
38,375,gc,cpu,10419.5,10430.3
38,422,normalize,cpu,10431,10434.8
38,422,g_a_cpu,cpu,10434.8,10435.1
38,422,g_a,dpu,10435.1,10802.6
38,422,g_a,dpu,10802.6,11290
38,422,g_a_cpu,cpu,11290,11290.4
38,422,h_a,dpu,11290.4,11751.8
38,422,eb_enc,cpu,11751.8,11751.9
38,422,eb_dec,cpu,11751.9,11752
38,422,h_s,dpu,11752,12026.5
38,422,gc,cpu,12026.5,12036.6
38,480,normalize,cpu,12037.2,12040.8
38,480,g_a_cpu,cpu,12040.8,12041.2
38,480,g_a,dpu,12041.2,12444.9
38,480,g_a,dpu,12444.9,12773.1
38,480,g_a_cpu,cpu,12773.1,12773.5
38,480,h_a,dpu,12773.5,12991.3
38,480,eb_enc,cpu,12991.3,12991.5
38,480,eb_dec,cpu,12991.5,12991.6
38,480,h_s,dpu,12991.6,13307.4
38,480,gc,cpu,13307.4,13317.6
38,531,normalize,cpu,13318.1,13321.8
38,531,g_a_cpu,cpu,13321.8,13322.1
38,531,g_a,dpu,13322.1,14004.9
38,531,g_a,dpu,14004.9,14041.7
38,531,g_a_cpu,cpu,14041.7,14042.2
38,531,h_a,dpu,14042.2,14568.2
38,531,eb_enc,cpu,14568.2,14568.3
38,531,eb_dec,cpu,14568.3,14568.4
38,531,h_s,dpu,14568.4,14927.7
38,531,gc,cpu,14927.7,14938.9
38,592,normalize,cpu,14939.6,14943.4
38,592,g_a_cpu,cpu,14943.4,14943.9
38,592,g_a,dpu,14943.9,15289.7
38,592,g_a,dpu,15289.7,15573.9
38,592,g_a_cpu,cpu,15573.9,15574.5
38,592,h_a,dpu,15574.5,15857.8
38,592,eb_enc,cpu,15857.8,15858
38,592,eb_dec,cpu,15858,15858.1
38,592,h_s,dpu,15858.1,16190.1
38,592,gc,cpu,16190.1,16200.6
38,644,normalize,cpu,16201.2,16205.8
38,644,g_a_cpu,cpu,16205.8,16206.5
38,644,g_a,dpu,16206.5,16592.5
38,644,g_a,dpu,16592.5,16871.1
38,644,g_a_cpu,cpu,16871.1,16871.6
38,644,h_a,dpu,16871.6,17157.8
38,644,eb_enc,cpu,17157.8,17157.9
38,644,eb_dec,cpu,17157.9,17158
38,644,h_s,dpu,17158,17507.8
38,644,gc,cpu,17507.8,17517.9
38,692,normalize,cpu,17518.6,17526.8
38,692,g_a_cpu,cpu,17526.8,17527.1
38,692,g_a,dpu,17527.1,17860.2
38,692,g_a,dpu,17860.2,18142.9
38,692,g_a_cpu,cpu,18142.9,18143.3
38,692,h_a,dpu,18143.3,18465.8
38,692,eb_enc,cpu,18465.8,18466
38,692,eb_dec,cpu,18466,18466.1
38,692,h_s,dpu,18466.1,18777.3
38,692,gc,cpu,18777.3,18787.8
38,741,normalize,cpu,18788.4,18792
38,741,g_a_cpu,cpu,18792,18792.6
38,741,g_a,dpu,18792.6,19064.8
38,741,g_a,dpu,19064.8,19421
38,741,g_a_cpu,cpu,19421,19421.4
38,741,h_a,dpu,19421.4,19680.5
38,741,eb_enc,cpu,19680.5,19680.6
38,741,eb_dec,cpu,19680.6,19680.7
38,741,h_s,dpu,19680.7,20022.9
38,741,gc,cpu,20022.9,20033.4
38,790,normalize,cpu,20033.9,20037.5
38,790,g_a_cpu,cpu,20037.5,20037.9
38,790,g_a,dpu,20037.9,20367.6
38,790,g_a,dpu,20367.6,20639.8
38,790,g_a_cpu,cpu,20639.8,20640.4
38,790,h_a,dpu,20640.4,20897.8
38,790,eb_enc,cpu,20897.8,20897.9
38,790,eb_dec,cpu,20897.9,20898.1
38,790,h_s,dpu,20898.1,21288.4
38,790,gc,cpu,21288.4,21298.5
38,840,normalize,cpu,21299,21302.7
38,840,g_a_cpu,cpu,21302.7,21303
38,840,g_a,dpu,21303,21635.7
38,840,g_a,dpu,21635.7,21957.3
38,840,g_a_cpu,cpu,21957.3,21957.8
38,840,h_a,dpu,21957.8,22236.2
38,840,eb_enc,cpu,22236.2,22236.4
38,840,eb_dec,cpu,22236.4,22236.5
38,840,h_s,dpu,22236.5,22472.2
38,840,gc,cpu,22472.2,22482.1
38,885,normalize,cpu,22482.6,22486.4
38,885,g_a_cpu,cpu,22486.4,22486.7
38,885,g_a,dpu,22486.7,22888.9
38,885,g_a,dpu,22888.9,23245.3
38,885,g_a_cpu,cpu,23245.3,23245.7
38,885,h_a,dpu,23245.7,23455.4
38,885,eb_enc,cpu,23455.4,23455.6
38,885,eb_dec,cpu,23455.6,23455.7
38,885,h_s,dpu,23455.7,23730.9
38,885,gc,cpu,23730.9,23740.7
39,17,normalize,cpu,86.9336,97.8792
39,17,g_a_cpu,cpu,97.9291,98.3544
39,17,g_a,dpu,98.3589,727.775
39,17,g_a,dpu,727.778,764.065
39,17,g_a_cpu,cpu,764.066,764.501
39,17,h_a,dpu,764.506,1296.76
39,17,eb_enc,cpu,1296.76,1296.97
39,17,eb_dec,cpu,1296.97,1297.1
39,17,h_s,dpu,1297.1,1319.53
39,17,gc,cpu,1319.54,1395.66
39,67,normalize,cpu,1396.3,1399.97
39,67,g_a_cpu,cpu,1399.97,1400.53
39,67,g_a,dpu,1400.53,1770.3
39,67,g_a,dpu,1770.3,2247.47
39,67,g_a_cpu,cpu,2247.47,2248.02
39,67,h_a,dpu,2248.02,2249.59
39,67,eb_enc,cpu,2249.59,2249.73
39,67,eb_dec,cpu,2249.73,2249.85
39,67,h_s,dpu,2249.85,2578.01
39,67,gc,cpu,2578.01,2594.29
39,112,normalize,cpu,2594.93,2598.61
39,112,g_a_cpu,cpu,2598.62,2599.17
39,112,g_a,dpu,2599.17,2919.72
39,112,g_a,dpu,2919.72,3427.97
39,112,g_a_cpu,cpu,3427.97,3428.38
39,112,h_a,dpu,3428.39,3671.07
39,112,eb_enc,cpu,3671.07,3671.22
39,112,eb_dec,cpu,3671.22,3671.33
39,112,h_s,dpu,3671.33,3725.87
39,112,gc,cpu,3725.88,3736.06
39,160,normalize,cpu,3736.54,3742.7
39,160,g_a_cpu,cpu,3742.7,3743.19
39,160,g_a,dpu,3743.2,4074.58
39,160,g_a,dpu,4074.59,4111.31
39,160,g_a_cpu,cpu,4111.31,4111.84
39,160,h_a,dpu,4111.85,4113.91
39,160,eb_enc,cpu,4113.91,4114.07
39,160,eb_dec,cpu,4114.07,4114.19
39,160,h_s,dpu,4114.2,4555.23
39,160,gc,cpu,4555.23,4565.58
39,192,normalize,cpu,4566.19,4569.87
39,192,g_a_cpu,cpu,4569.87,4570.19
39,192,g_a,dpu,4570.2,4892.79
39,192,g_a,dpu,4892.79,5092.71
39,192,g_a_cpu,cpu,5092.71,5093.12
39,192,h_a,dpu,5093.12,5373.78
39,192,eb_enc,cpu,5373.79,5373.93
39,192,eb_dec,cpu,5373.93,5374.05
39,192,h_s,dpu,5374.05,5749.51
39,192,gc,cpu,5749.51,5759.91
39,239,normalize,cpu,5760.37,5764.03
39,239,g_a_cpu,cpu,5764.04,5764.42
39,239,g_a,dpu,5764.42,6054.28
39,239,g_a,dpu,6054.28,6259.13
39,239,g_a_cpu,cpu,6259.13,6259.52
39,239,h_a,dpu,6259.52,6601.23
39,239,eb_enc,cpu,6601.23,6601.38
39,239,eb_dec,cpu,6601.38,6601.49
39,239,h_s,dpu,6601.49,7012.33
39,239,gc,cpu,7012.33,7022.2
39,289,normalize,cpu,7022.71,7026.31
39,289,g_a_cpu,cpu,7026.32,7026.83
39,289,g_a,dpu,7026.84,7205.44
39,289,g_a,dpu,7205.45,7482.26
39,289,g_a_cpu,cpu,7482.26,7482.83
39,289,h_a,dpu,7482.85,7484.38
39,289,eb_enc,cpu,7484.38,7484.51
39,289,eb_dec,cpu,7484.51,7484.63
39,289,h_s,dpu,7484.63,7855.16
39,289,gc,cpu,7855.16,7865.69
39,319,normalize,cpu,7866.19,7869.84
39,319,g_a_cpu,cpu,7869.84,7870.29
39,319,g_a,dpu,7870.3,8234.17
39,319,g_a,dpu,8234.17,8270.65
39,319,g_a_cpu,cpu,8270.65,8271
39,319,h_a,dpu,8271.01,8535.49
39,319,eb_enc,cpu,8535.49,8535.61
39,319,eb_dec,cpu,8535.61,8535.72
39,319,h_s,dpu,8535.72,8536.61
39,319,gc,cpu,8536.61,8547.57
39,345,normalize,cpu,8548.4,8552.86
39,345,g_a_cpu,cpu,8552.86,8553.35
39,345,g_a,dpu,8553.36,8590.13
39,345,g_a,dpu,8590.13,8956.82
39,345,g_a_cpu,cpu,8956.83,8957.39
39,345,h_a,dpu,8957.39,9288.59
39,345,eb_enc,cpu,9288.59,9288.79
39,345,eb_dec,cpu,9288.79,9288.91
39,345,h_s,dpu,9288.91,9552.55
39,345,gc,cpu,9552.55,9562.68
39,385,normalize,cpu,9563.27,9567.01
39,385,g_a_cpu,cpu,9567.01,9567.26
39,385,g_a,dpu,9567.27,9788.8
39,385,g_a,dpu,9788.81,10132.5
39,385,g_a_cpu,cpu,10132.5,10133
39,385,h_a,dpu,10133,10540.3
39,385,eb_enc,cpu,10540.3,10540.5
39,385,eb_dec,cpu,10540.5,10540.6
39,385,h_s,dpu,10540.6,10802.3
39,385,gc,cpu,10802.3,10812.5
39,433,normalize,cpu,10813,10816.7
39,433,g_a_cpu,cpu,10816.7,10817.1
39,433,g_a,dpu,10817.1,11282.5
39,433,g_a,dpu,11282.5,11618.3
39,433,g_a_cpu,cpu,11618.3,11618.8
39,433,h_a,dpu,11618.8,12060.7
39,433,eb_enc,cpu,12060.7,12060.9
39,433,eb_dec,cpu,12060.9,12061
39,433,h_s,dpu,12061,12257.9
39,433,gc,cpu,12257.9,12268
39,486,normalize,cpu,12268.6,12272.5
39,486,g_a_cpu,cpu,12272.5,12273.1
39,486,g_a,dpu,12273.1,12316.6
39,486,g_a,dpu,12316.6,12352.9
39,486,g_a_cpu,cpu,12352.9,12353.4
39,486,h_a,dpu,12353.4,12354.6
39,486,eb_enc,cpu,12354.6,12354.8
39,486,eb_dec,cpu,12354.8,12354.9
39,486,h_s,dpu,12354.9,12355.8
39,486,gc,cpu,12355.8,12367.1
39,495,normalize,cpu,12368,12371.8
39,495,g_a_cpu,cpu,12371.8,12372.3
39,495,g_a,dpu,12372.3,12702.5
39,495,g_a,dpu,12702.5,13177.6
39,495,g_a_cpu,cpu,13177.6,13178.1
39,495,h_a,dpu,13178.1,13449.2
39,495,eb_enc,cpu,13449.2,13449.4
39,495,eb_dec,cpu,13449.4,13449.5
39,495,h_s,dpu,13449.5,13655
39,495,gc,cpu,13655,13666.6
39,542,normalize,cpu,13667.3,13671.1
39,542,g_a_cpu,cpu,13671.1,13671.6
39,542,g_a,dpu,13671.6,13969.6
39,542,g_a,dpu,13969.6,14446.7
39,542,g_a_cpu,cpu,14446.7,14447.3
39,542,h_a,dpu,14447.3,14724.6
39,542,eb_enc,cpu,14724.6,14724.7
39,542,eb_dec,cpu,14724.7,14724.8
39,542,h_s,dpu,14724.8,14937.3
39,542,gc,cpu,14937.3,14947.9
39,593,normalize,cpu,14948.5,14952.1
39,593,g_a_cpu,cpu,14952.1,14952.5
39,593,g_a,dpu,14952.5,15279.6
39,593,g_a,dpu,15279.6,15682.1
39,593,g_a_cpu,cpu,15682.1,15682.6
39,593,h_a,dpu,15682.6,15950.5
39,593,eb_enc,cpu,15950.5,15950.6
39,593,eb_dec,cpu,15950.6,15950.7
39,593,h_s,dpu,15950.7,16146.8
39,593,gc,cpu,16146.8,16157.2
39,636,normalize,cpu,16160.3,16178.3
39,636,g_a_cpu,cpu,16178.3,16179.3
39,636,g_a,dpu,16179.3,16546.8
39,636,g_a,dpu,16546.8,16583.1
39,636,g_a_cpu,cpu,16583.1,16583.5
39,636,h_a,dpu,16583.5,17186.4
39,636,eb_enc,cpu,17186.4,17186.5
39,636,eb_dec,cpu,17186.5,17186.6
39,636,h_s,dpu,17186.6,17187.6
39,636,gc,cpu,17187.6,17198.8
39,679,normalize,cpu,17199.5,17203.2
39,679,g_a_cpu,cpu,17203.2,17203.6
39,679,g_a,dpu,17203.6,17425.6
39,679,g_a,dpu,17425.6,17803.3
39,679,g_a_cpu,cpu,17803.3,17803.8
39,679,h_a,dpu,17803.8,18183
39,679,eb_enc,cpu,18183,18183.1
39,679,eb_dec,cpu,18183.1,18183.3
39,679,h_s,dpu,18183.3,18429.3
39,679,gc,cpu,18429.3,18439.5
39,726,normalize,cpu,18440.1,18443.8
39,726,g_a_cpu,cpu,18443.8,18444.2
39,726,g_a,dpu,18444.2,18703
39,726,g_a,dpu,18703,19072
39,726,g_a_cpu,cpu,19072,19072.3
39,726,h_a,dpu,19072.3,19453.6
39,726,eb_enc,cpu,19453.6,19453.8
39,726,eb_dec,cpu,19453.8,19453.9
39,726,h_s,dpu,19453.9,19663
39,726,gc,cpu,19663,19674.3
39,776,normalize,cpu,19675,19679.2
39,776,g_a_cpu,cpu,19679.2,19679.8
39,776,g_a,dpu,19679.8,19966.2
39,776,g_a,dpu,19966.2,20374.5
39,776,g_a_cpu,cpu,20374.5,20374.9
39,776,h_a,dpu,20374.9,20639.2
39,776,eb_enc,cpu,20639.2,20639.3
39,776,eb_dec,cpu,20639.3,20639.4
39,776,h_s,dpu,20639.4,20819.3
39,776,gc,cpu,20819.3,20829.8
39,824,normalize,cpu,20831.6,20835.3
39,824,g_a_cpu,cpu,20835.3,20835.6
39,824,g_a,dpu,20835.6,21178.6
39,824,g_a,dpu,21178.6,21693
39,824,g_a_cpu,cpu,21693,21693.5
39,824,h_a,dpu,21693.5,21990.3
39,824,eb_enc,cpu,21990.3,21990.5
39,824,eb_dec,cpu,21990.5,21990.6
39,824,h_s,dpu,21990.6,22096.2
39,824,gc,cpu,22096.2,22106.7
39,873,normalize,cpu,22107.2,22110.9
39,873,g_a_cpu,cpu,22110.9,22111.2
39,873,g_a,dpu,22111.2,22483.7
39,873,g_a,dpu,22483.7,22890.2
39,873,g_a_cpu,cpu,22890.2,22890.6
39,873,h_a,dpu,22890.6,23120.3
39,873,eb_enc,cpu,23120.3,23120.4
39,873,eb_dec,cpu,23120.4,23120.6
39,873,h_s,dpu,23120.6,23331
39,873,gc,cpu,23331,23341.2
39,922,normalize,cpu,23341.8,23346.7
39,922,g_a_cpu,cpu,23346.7,23347.3
39,922,g_a,dpu,23347.3,24038.4
39,922,g_a,dpu,24038.4,24127.6
39,922,g_a_cpu,cpu,24127.6,24128
39,922,h_a,dpu,24128,24174.3
39,922,eb_enc,cpu,24174.3,24174.5
39,922,eb_dec,cpu,24174.5,24174.6
39,922,h_s,dpu,24174.6,24175.6
39,922,gc,cpu,24175.6,24186.1
40,14,normalize,cpu,83.2315,96.5253
40,14,g_a_cpu,cpu,96.6291,97.0092
40,14,g_a,dpu,97.0141,1229.57
40,14,g_a,dpu,1229.58,1265.94
40,14,g_a_cpu,cpu,1265.94,1266.47
40,14,h_a,dpu,1266.48,1690.43
40,14,eb_enc,cpu,1690.43,1690.55
40,14,eb_dec,cpu,1690.55,1690.67
40,14,h_s,dpu,1690.67,2023.05
40,14,gc,cpu,2023.05,2033.07
40,98,normalize,cpu,2033.58,2037.25
40,98,g_a_cpu,cpu,2037.26,2037.66
40,98,g_a,dpu,2037.67,2463.14
40,98,g_a,dpu,2463.14,2739.53
40,98,g_a_cpu,cpu,2739.53,2739.9
40,98,h_a,dpu,2739.9,2967.86
40,98,eb_enc,cpu,2967.86,2968
40,98,eb_dec,cpu,2968,2968.11
40,98,h_s,dpu,2968.11,3237.92
40,98,gc,cpu,3237.92,3248.32
40,143,normalize,cpu,3248.78,3252.53
40,143,g_a_cpu,cpu,3252.53,3252.78
40,143,g_a,dpu,3252.79,3578.52
40,143,g_a,dpu,3578.52,4024.86
40,143,g_a_cpu,cpu,4024.86,4025.33
40,143,h_a,dpu,4025.33,4292.25
40,143,eb_enc,cpu,4292.26,4292.38
40,143,eb_dec,cpu,4292.38,4292.49
40,143,h_s,dpu,4292.5,4454.72
40,143,gc,cpu,4454.72,4464.88
40,190,normalize,cpu,4465.37,4469.06
40,190,g_a_cpu,cpu,4469.07,4469.34
40,190,g_a,dpu,4469.34,5094.56
40,190,g_a,dpu,5094.57,5131.03
40,190,g_a_cpu,cpu,5131.03,5131.38
40,190,h_a,dpu,5131.38,5132.84
40,190,eb_enc,cpu,5132.84,5132.97
40,190,eb_dec,cpu,5132.97,5133.09
40,190,h_s,dpu,5133.09,5943.29
40,190,gc,cpu,5943.29,5955.12
40,241,normalize,cpu,5955.67,5959.4
40,241,g_a_cpu,cpu,5959.4,5959.87
40,241,g_a,dpu,5959.87,5996.57
40,241,g_a,dpu,5996.57,6033.01
40,241,g_a_cpu,cpu,6033.01,6033.56
40,241,h_a,dpu,6033.56,6899.68
40,241,eb_enc,cpu,6899.69,6899.81
40,241,eb_dec,cpu,6899.81,6899.92
40,241,h_s,dpu,6899.92,6900.93
40,241,gc,cpu,6900.93,6910.74
40,288,normalize,cpu,6911.23,6914.88
40,288,g_a_cpu,cpu,6914.89,6915.25
40,288,g_a,dpu,6915.25,7280.26
40,288,g_a,dpu,7280.26,7700.07
40,288,g_a_cpu,cpu,7700.07,7700.59
40,288,h_a,dpu,7700.59,7935.21
40,288,eb_enc,cpu,7935.22,7935.36
40,288,eb_dec,cpu,7935.36,7935.47
40,288,h_s,dpu,7935.47,8232.56
40,288,gc,cpu,8232.56,8243.31
40,335,normalize,cpu,8243.86,8247.54
40,335,g_a_cpu,cpu,8247.55,8247.99
40,335,g_a,dpu,8247.99,8579.66
40,335,g_a,dpu,8579.67,8877.65
40,335,g_a_cpu,cpu,8877.65,8878.12
40,335,h_a,dpu,8878.13,9153.77
40,335,eb_enc,cpu,9153.77,9153.97
40,335,eb_dec,cpu,9153.98,9154.12
40,335,h_s,dpu,9154.12,9455.72
40,335,gc,cpu,9455.72,9465.79
40,383,normalize,cpu,9466.37,9470
40,383,g_a_cpu,cpu,9470,9470.61
40,383,g_a,dpu,9470.61,9836.42
40,383,g_a,dpu,9836.42,10137.8
40,383,g_a_cpu,cpu,10137.8,10138.3
40,383,h_a,dpu,10138.3,10351.4
40,383,eb_enc,cpu,10351.4,10351.6
40,383,eb_dec,cpu,10351.6,10351.7
40,383,h_s,dpu,10351.7,10683.9
40,383,gc,cpu,10683.9,10704.7
40,432,normalize,cpu,10705.5,10709.2
40,432,g_a_cpu,cpu,10709.2,10709.5
40,432,g_a,dpu,10709.5,11318.7
40,432,g_a,dpu,11318.7,11595.8
40,432,g_a_cpu,cpu,11595.8,11596.4
40,432,h_a,dpu,11596.4,11938.6
40,432,eb_enc,cpu,11938.6,11938.7
40,432,eb_dec,cpu,11938.7,11938.8
40,432,h_s,dpu,11938.8,12237.5
40,432,gc,cpu,12237.5,12248.8
40,485,normalize,cpu,12249.3,12253
40,485,g_a_cpu,cpu,12253,12253.3
40,485,g_a,dpu,12253.3,12511.3
40,485,g_a,dpu,12511.3,12828.4
40,485,g_a_cpu,cpu,12828.4,12828.9
40,485,h_a,dpu,12828.9,12830.4
40,485,eb_enc,cpu,12830.4,12830.6
40,485,eb_dec,cpu,12830.6,12830.7
40,485,h_s,dpu,12830.7,13207.3
40,485,gc,cpu,13207.3,13217.4
40,525,normalize,cpu,13217.9,13221.6
40,525,g_a_cpu,cpu,13221.6,13221.9
40,525,g_a,dpu,13221.9,13582.2
40,525,g_a,dpu,13582.2,13821.5
40,525,g_a_cpu,cpu,13821.5,13821.9
40,525,h_a,dpu,13821.9,14058.5
40,525,eb_enc,cpu,14058.5,14058.7
40,525,eb_dec,cpu,14058.7,14058.8
40,525,h_s,dpu,14058.8,14431.4
40,525,gc,cpu,14431.4,14441.3
40,574,normalize,cpu,14441.7,14445.4
40,574,g_a_cpu,cpu,14445.4,14445.7
40,574,g_a,dpu,14445.7,14824.2
40,574,g_a,dpu,14824.2,15052.7
40,574,g_a_cpu,cpu,15052.7,15053.1
40,574,h_a,dpu,15053.1,15262.6
40,574,eb_enc,cpu,15262.6,15262.7
40,574,eb_dec,cpu,15262.7,15262.9
40,574,h_s,dpu,15262.9,15675.3
40,574,gc,cpu,15675.3,15686.4
40,622,normalize,cpu,15686.9,15690.6
40,622,g_a_cpu,cpu,15690.6,15691
40,622,g_a,dpu,15691,16055.7
40,622,g_a,dpu,16055.7,16324.7
40,622,g_a_cpu,cpu,16324.7,16325
40,622,h_a,dpu,16325,16527.2
40,622,eb_enc,cpu,16527.2,16527.3
40,622,eb_dec,cpu,16527.3,16527.5
40,622,h_s,dpu,16527.5,16862.4
40,622,gc,cpu,16862.4,16872.6
40,665,normalize,cpu,16873,16876.7
40,665,g_a_cpu,cpu,16876.7,16877.1
40,665,g_a,dpu,16877.1,17174.4
40,665,g_a,dpu,17174.4,17211.2
40,665,g_a_cpu,cpu,17211.2,17211.6
40,665,h_a,dpu,17211.6,17869.9
40,665,eb_enc,cpu,17869.9,17870
40,665,eb_dec,cpu,17870,17870.1
40,665,h_s,dpu,17870.1,17871.2
40,665,gc,cpu,17871.2,17881.3
40,704,normalize,cpu,17881.8,17885.5
40,704,g_a_cpu,cpu,17885.5,17885.8
40,704,g_a,dpu,17885.8,18170.5
40,704,g_a,dpu,18170.5,18207.2
40,704,g_a_cpu,cpu,18207.2,18207.6
40,704,h_a,dpu,18207.6,18452.6
40,704,eb_enc,cpu,18452.6,18452.7
40,704,eb_dec,cpu,18452.7,18452.9
40,704,h_s,dpu,18452.9,18761.3
40,704,gc,cpu,18761.3,18771.3
40,737,normalize,cpu,18771.8,18775.6
40,737,g_a_cpu,cpu,18775.6,18776.3
40,737,g_a,dpu,18776.3,19137.8
40,737,g_a,dpu,19137.8,19418.3
40,737,g_a_cpu,cpu,19418.3,19418.8
40,737,h_a,dpu,19418.8,19692.1
40,737,eb_enc,cpu,19692.1,19692.2
40,737,eb_dec,cpu,19692.2,19692.3
40,737,h_s,dpu,19692.3,19993.2
40,737,gc,cpu,19993.2,20003.5
40,787,normalize,cpu,20004.1,20007.7
40,787,g_a_cpu,cpu,20007.7,20008.1
40,787,g_a,dpu,20008.1,20362.2
40,787,g_a,dpu,20362.2,20634.4
40,787,g_a_cpu,cpu,20634.4,20634.9
40,787,h_a,dpu,20634.9,20914
40,787,eb_enc,cpu,20914,20914.1
40,787,eb_dec,cpu,20914.1,20914.3
40,787,h_s,dpu,20914.3,21248.9
40,787,gc,cpu,21248.9,21258.7
40,837,normalize,cpu,21259.2,21262.9
40,837,g_a_cpu,cpu,21262.9,21263.2
40,837,g_a,dpu,21263.2,21587.6
40,837,g_a,dpu,21587.6,21822.9
40,837,g_a_cpu,cpu,21822.9,21823.4
40,837,h_a,dpu,21823.4,22139.7
40,837,eb_enc,cpu,22139.7,22139.9
40,837,eb_dec,cpu,22139.9,22140
40,837,h_s,dpu,22140,22506.5
40,837,gc,cpu,22506.5,22517.2
40,886,normalize,cpu,22517.8,22522.7
40,886,g_a_cpu,cpu,22522.7,22523
40,886,g_a,dpu,22523,22842.4
40,886,g_a,dpu,22842.4,22878.8
40,886,g_a_cpu,cpu,22878.8,22879.3
40,886,h_a,dpu,22879.3,23347.7
40,886,eb_enc,cpu,23347.7,23347.8
40,886,eb_dec,cpu,23347.8,23347.9
40,886,h_s,dpu,23347.9,23349
40,886,gc,cpu,23349,23358.7
40,924,normalize,cpu,23359.1,23362.8
40,924,g_a_cpu,cpu,23362.8,23363.2
40,924,g_a,dpu,23363.2,23726.5
40,924,g_a,dpu,23726.5,24058.3
40,924,g_a_cpu,cpu,24058.3,24058.7
40,924,h_a,dpu,24058.7,24106.8
40,924,eb_enc,cpu,24106.8,24106.9
40,924,eb_dec,cpu,24106.9,24107
40,924,h_s,dpu,24107,24108.1
40,924,gc,cpu,24108.1,24119.9
41,8,normalize,cpu,78.1552,81.8155
41,8,g_a_cpu,cpu,113.749,114.22
41,8,g_a,dpu,114.227,572.68
41,8,g_a,dpu,572.682,1123.51
41,8,g_a_cpu,cpu,1123.51,1123.88
41,8,h_a,dpu,1123.89,1314.23
41,8,eb_enc,cpu,1314.23,1314.41
41,8,eb_dec,cpu,1314.41,1314.54
41,8,h_s,dpu,1314.54,1433.22
41,8,gc,cpu,1433.23,1443.96
41,79,normalize,cpu,1444.6,1448.35
41,79,g_a_cpu,cpu,1448.36,1448.78
41,79,g_a,dpu,1448.78,1760.22
41,79,g_a,dpu,1760.22,2344.45
41,79,g_a_cpu,cpu,2344.45,2344.88
41,79,h_a,dpu,2344.89,2626.99
41,79,eb_enc,cpu,2626.99,2627.13
41,79,eb_dec,cpu,2627.13,2627.25
41,79,h_s,dpu,2627.25,2799.52
41,79,gc,cpu,2799.52,2809.38
41,133,normalize,cpu,2810.05,2814.53
41,133,g_a_cpu,cpu,2814.53,2814.92
41,133,g_a,dpu,2814.93,3126.74
41,133,g_a,dpu,3126.75,3615.72
41,133,g_a_cpu,cpu,3615.72,3616.26
41,133,h_a,dpu,3616.26,3945.55
41,133,eb_enc,cpu,3945.55,3945.68
41,133,eb_dec,cpu,3945.68,3945.79
41,133,h_s,dpu,3945.79,4100.49
41,133,gc,cpu,4100.5,4112.64
41,178,normalize,cpu,4113.76,4118.03
41,178,g_a_cpu,cpu,4118.03,4118.48
41,178,g_a,dpu,4118.48,4765.9
41,178,g_a,dpu,4765.91,4803.03
41,178,g_a_cpu,cpu,4803.03,4803.41
41,178,h_a,dpu,4803.41,4805.9
41,178,eb_enc,cpu,4805.9,4806.04
41,178,eb_dec,cpu,4806.04,4806.16
41,178,h_s,dpu,4806.16,5366.62
41,178,gc,cpu,5366.62,5379.66
41,221,normalize,cpu,5396.31,5400.14
41,221,g_a_cpu,cpu,5400.15,5400.93
41,221,g_a,dpu,5400.94,5658.24
41,221,g_a,dpu,5658.24,6154.51
41,221,g_a_cpu,cpu,6154.51,6155.15
41,221,h_a,dpu,6155.15,6501.85
41,221,eb_enc,cpu,6501.85,6501.98
41,221,eb_dec,cpu,6501.98,6502.09
41,221,h_s,dpu,6502.09,6647.48
41,221,gc,cpu,6647.48,6657.56
41,271,normalize,cpu,6658.27,6661.91
41,271,g_a_cpu,cpu,6661.91,6662.37
41,271,g_a,dpu,6662.37,6895.47
41,271,g_a,dpu,6895.47,7375.04
41,271,g_a_cpu,cpu,7375.05,7375.71
41,271,h_a,dpu,7375.71,7759.67
41,271,eb_enc,cpu,7759.67,7759.79
41,271,eb_dec,cpu,7759.79,7759.91
41,271,h_s,dpu,7759.91,7879.43
41,271,gc,cpu,7879.43,7889.48
41,323,normalize,cpu,7889.98,7893.65
41,323,g_a_cpu,cpu,7893.66,7894.21
41,323,g_a,dpu,7894.22,8167.45
41,323,g_a,dpu,8167.45,8699.56
41,323,g_a_cpu,cpu,8699.56,8700.11
41,323,h_a,dpu,8700.12,8977.62
41,323,eb_enc,cpu,8977.62,8977.77
41,323,eb_dec,cpu,8977.77,8977.9
41,323,h_s,dpu,8977.91,9162.12
41,323,gc,cpu,9162.12,9172.68
41,372,normalize,cpu,9173.26,9176.9
41,372,g_a_cpu,cpu,9176.91,9177.34
41,372,g_a,dpu,9177.35,9846.19
41,372,g_a,dpu,9846.19,10191.3
41,372,g_a_cpu,cpu,10191.3,10191.6
41,372,h_a,dpu,10191.6,10411.9
41,372,eb_enc,cpu,10411.9,10412
41,372,eb_dec,cpu,10412,10412.1
41,372,h_s,dpu,10412.1,10689.7
41,372,gc,cpu,10689.7,10699.9
41,429,normalize,cpu,10700.6,10704.4
41,429,g_a_cpu,cpu,10704.4,10705
41,429,g_a,dpu,10705,11106.9
41,429,g_a,dpu,11106.9,11460.8
41,429,g_a_cpu,cpu,11460.8,11461.2
41,429,h_a,dpu,11461.2,11744
41,429,eb_enc,cpu,11744,11744.2
41,429,eb_dec,cpu,11744.2,11744.3
41,429,h_s,dpu,11744.3,12020
41,429,gc,cpu,12020,12034.6
41,478,normalize,cpu,12035.1,12038.8
41,478,g_a_cpu,cpu,12038.8,12039.2
41,478,g_a,dpu,12039.2,12371.8
41,478,g_a,dpu,12371.8,13299.3
41,478,g_a_cpu,cpu,13299.3,13299.7
41,478,h_a,dpu,13299.7,13302.8
41,478,eb_enc,cpu,13302.8,13303
41,478,eb_dec,cpu,13303,13303.2
41,478,h_s,dpu,13303.2,13304.5
41,478,gc,cpu,13304.5,13314.9
41,530,normalize,cpu,13315.6,13319.2
41,530,g_a_cpu,cpu,13319.2,13319.6
41,530,g_a,dpu,13319.6,13614.2
41,530,g_a,dpu,13614.2,13651.5
41,530,g_a_cpu,cpu,13651.5,13652
41,530,h_a,dpu,13652,14287.7
41,530,eb_enc,cpu,14287.7,14287.8
41,530,eb_dec,cpu,14287.8,14287.9
41,530,h_s,dpu,14287.9,14289.1
41,530,gc,cpu,14289.1,14312.1
41,572,normalize,cpu,14312.5,14316.3
41,572,g_a_cpu,cpu,14316.3,14316.7
41,572,g_a,dpu,14316.7,14756.9
41,572,g_a,dpu,14756.9,15112.3
41,572,g_a_cpu,cpu,15112.3,15112.8
41,572,h_a,dpu,15112.8,15301
41,572,eb_enc,cpu,15301,15301.1
41,572,eb_dec,cpu,15301.1,15301.2
41,572,h_s,dpu,15301.2,15592.1
41,572,gc,cpu,15592.1,15603.1
41,620,normalize,cpu,15603.5,15607.2
41,620,g_a_cpu,cpu,15607.2,15607.5
41,620,g_a,dpu,15607.5,16041.3
41,620,g_a,dpu,16041.3,16382.6
41,620,g_a_cpu,cpu,16382.6,16383
41,620,h_a,dpu,16383.1,16640
41,620,eb_enc,cpu,16640,16640.1
41,620,eb_dec,cpu,16640.1,16640.2
41,620,h_s,dpu,16640.2,16921.8
41,620,gc,cpu,16921.8,16931.8
41,670,normalize,cpu,16932.3,16936
41,670,g_a_cpu,cpu,16936,16936.4
41,670,g_a,dpu,16936.4,17344.1
41,670,g_a,dpu,17344.2,17702.8
41,670,g_a_cpu,cpu,17702.8,17703.2
41,670,h_a,dpu,17703.2,17909.8
41,670,eb_enc,cpu,17909.8,17909.9
41,670,eb_dec,cpu,17909.9,17910
41,670,h_s,dpu,17910,18194.9
41,670,gc,cpu,18194.9,18205
41,716,normalize,cpu,18205.7,18209.6
41,716,g_a_cpu,cpu,18209.6,18210.2
41,716,g_a,dpu,18210.2,18580.2
41,716,g_a,dpu,18580.2,18938.6
41,716,g_a_cpu,cpu,18938.6,18939.2
41,716,h_a,dpu,18939.2,19182.7
41,716,eb_enc,cpu,19182.7,19182.8
41,716,eb_dec,cpu,19182.8,19183
41,716,h_s,dpu,19183,19479.9
41,716,gc,cpu,19479.9,19496.9
41,770,normalize,cpu,19497.7,19501.4
41,770,g_a_cpu,cpu,19501.4,19501.8
41,770,g_a,dpu,19501.8,19831.9
41,770,g_a,dpu,19831.9,20244.9
41,770,g_a_cpu,cpu,20244.9,20245.2
41,770,h_a,dpu,20245.2,20484.5
41,770,eb_enc,cpu,20484.5,20484.6
41,770,eb_dec,cpu,20484.6,20484.7
41,770,h_s,dpu,20484.7,20660.2
41,770,gc,cpu,20660.2,20670.3
41,815,normalize,cpu,20671.6,20684.5
41,815,g_a_cpu,cpu,20684.5,20685
41,815,g_a,dpu,20685,21472
41,815,g_a,dpu,21472,21508.8
41,815,g_a_cpu,cpu,21508.8,21509.2
41,815,h_a,dpu,21509.2,21972
41,815,eb_enc,cpu,21972,21972.2
41,815,eb_dec,cpu,21972.2,21972.3
41,815,h_s,dpu,21972.3,22241.5
41,815,gc,cpu,22241.5,22258.4
41,879,normalize,cpu,22258.9,22262.6
41,879,g_a_cpu,cpu,22262.6,22263.1
41,879,g_a,dpu,22263.1,22621.3
41,879,g_a,dpu,22621.3,22658.2
41,879,g_a_cpu,cpu,22658.2,22658.7
41,879,h_a,dpu,22658.7,23254.1
41,879,eb_enc,cpu,23254.1,23254.2
41,879,eb_dec,cpu,23254.2,23254.3
41,879,h_s,dpu,23254.3,23467
41,879,gc,cpu,23467,23477.2
42,3,normalize,cpu,71.0552,74.8324
42,3,g_a_cpu,cpu,75.0104,75.3538
42,3,g_a,dpu,75.3809,150.432
42,3,g_a,dpu,150.436,186.973
42,3,g_a_cpu,cpu,186.978,187.461
42,3,h_a,dpu,187.471,1270.71
42,3,eb_enc,cpu,1270.72,1270.85
42,3,eb_dec,cpu,1270.85,1270.98
42,3,h_s,dpu,1270.98,1297.98
42,3,gc,cpu,1297.99,1339.1
42,58,normalize,cpu,1339.94,1353.15
42,58,g_a_cpu,cpu,1353.15,1353.52
42,58,g_a,dpu,1353.53,1552.71
42,58,g_a,dpu,1552.71,2362.4
42,58,g_a_cpu,cpu,2362.4,2362.86
42,58,h_a,dpu,2362.87,2555.62
42,58,eb_enc,cpu,2555.62,2555.75
42,58,eb_dec,cpu,2555.75,2555.86
42,58,h_s,dpu,2555.86,2556.83
42,58,gc,cpu,2556.83,2567.45
42,107,normalize,cpu,2568.21,2571.97
42,107,g_a_cpu,cpu,2571.98,2572.44
42,107,g_a,dpu,2572.44,2810.68
42,107,g_a,dpu,2810.68,2847.12
42,107,g_a_cpu,cpu,2847.13,2847.48
42,107,h_a,dpu,2847.48,3660.41
42,107,eb_enc,cpu,3660.41,3660.54
42,107,eb_dec,cpu,3660.54,3660.66
42,107,h_s,dpu,3660.66,3661.71
42,107,gc,cpu,3661.71,3671.86
42,154,normalize,cpu,3672.37,3676.07
42,154,g_a_cpu,cpu,3676.07,3676.53
42,154,g_a,dpu,3676.53,3814.8
42,154,g_a,dpu,3814.8,4705.73
42,154,g_a_cpu,cpu,4705.73,4706.07
42,154,h_a,dpu,4706.07,4897.14
42,154,eb_enc,cpu,4897.14,4897.26
42,154,eb_dec,cpu,4897.26,4897.38
42,154,h_s,dpu,4897.38,4898.36
42,154,gc,cpu,4898.36,4908.42
42,202,normalize,cpu,4909.31,4924.08
42,202,g_a_cpu,cpu,4924.09,4924.59
42,202,g_a,dpu,4924.6,5256
42,202,g_a,dpu,5256,5603.04
42,202,g_a_cpu,cpu,5603.04,5603.49
42,202,h_a,dpu,5603.49,6010.2
42,202,eb_enc,cpu,6010.2,6010.38
42,202,eb_dec,cpu,6010.39,6010.5
42,202,h_s,dpu,6010.5,6173.86
42,202,gc,cpu,6173.86,6200.65
42,254,normalize,cpu,6201.39,6205.12
42,254,g_a_cpu,cpu,6205.13,6205.66
42,254,g_a,dpu,6205.66,6527.21
42,254,g_a,dpu,6527.21,6974.7
42,254,g_a_cpu,cpu,6974.7,6975.12
42,254,h_a,dpu,6975.12,7167.44
42,254,eb_enc,cpu,7167.44,7167.59
42,254,eb_dec,cpu,7167.59,7167.72
42,254,h_s,dpu,7167.72,7365.21
42,254,gc,cpu,7365.21,7379.34
42,300,normalize,cpu,7380,7383.65
42,300,g_a_cpu,cpu,7383.65,7384.2
42,300,g_a,dpu,7384.2,7634.75
42,300,g_a,dpu,7634.76,8046.55
42,300,g_a_cpu,cpu,8046.55,8047
42,300,h_a,dpu,8047.02,8048.29
42,300,eb_enc,cpu,8048.29,8048.42
42,300,eb_dec,cpu,8048.42,8048.54
42,300,h_s,dpu,8048.54,8548.79
42,300,gc,cpu,8548.79,8559.41
42,348,normalize,cpu,8560.18,8563.89
42,348,g_a_cpu,cpu,8563.89,8564.51
42,348,g_a,dpu,8564.51,8920.39
42,348,g_a,dpu,8920.39,9287.05
42,348,g_a_cpu,cpu,9287.06,9287.4
42,348,h_a,dpu,9287.4,9551.7
42,348,eb_enc,cpu,9551.71,9551.84
42,348,eb_dec,cpu,9551.84,9551.97
42,348,h_s,dpu,9551.97,9744.21
42,348,gc,cpu,9744.22,9754.37
42,393,normalize,cpu,9754.87,9758.51
42,393,g_a_cpu,cpu,9758.52,9758.92
42,393,g_a,dpu,9758.92,10096.3
42,393,g_a,dpu,10096.3,10539.4
42,393,g_a_cpu,cpu,10539.4,10539.9
42,393,h_a,dpu,10539.9,10801.4
42,393,eb_enc,cpu,10801.4,10801.5
42,393,eb_dec,cpu,10801.5,10801.7
42,393,h_s,dpu,10801.7,10968
42,393,gc,cpu,10968,10984.2
42,440,normalize,cpu,10984.6,10988.3
42,440,g_a_cpu,cpu,10988.3,10988.8
42,440,g_a,dpu,10988.8,11391
42,440,g_a,dpu,11391,11726.9
42,440,g_a_cpu,cpu,11726.9,11727.2
42,440,h_a,dpu,11727.2,12063.5
42,440,eb_enc,cpu,12063.5,12063.6
42,440,eb_dec,cpu,12063.6,12063.8
42,440,h_s,dpu,12063.8,12271.4
42,440,gc,cpu,12271.4,12281.9
42,489,normalize,cpu,12282.4,12287.2
42,489,g_a_cpu,cpu,12287.2,12287.7
42,489,g_a,dpu,12287.7,12550.5
42,489,g_a,dpu,12550.5,12956.8
42,489,g_a_cpu,cpu,12956.8,12957.3
42,489,h_a,dpu,12957.3,13297.9
42,489,eb_enc,cpu,13297.9,13298
42,489,eb_dec,cpu,13298,13298.1
42,489,h_s,dpu,13298.1,13490.6
42,489,gc,cpu,13490.6,13501.2
42,534,normalize,cpu,13501.8,13507.9
42,534,g_a_cpu,cpu,13507.9,13508.5
42,534,g_a,dpu,13508.5,13773.6
42,534,g_a,dpu,13773.6,14150.5
42,534,g_a_cpu,cpu,14150.5,14150.8
42,534,h_a,dpu,14150.8,14521.4
42,534,eb_enc,cpu,14521.4,14521.5
42,534,eb_dec,cpu,14521.5,14521.6
42,534,h_s,dpu,14521.6,14730
42,534,gc,cpu,14730,14740.4
42,581,normalize,cpu,14741.2,14745.1
42,581,g_a_cpu,cpu,14745.1,14745.7
42,581,g_a,dpu,14745.7,14976.8
42,581,g_a,dpu,14976.8,15387.8
42,581,g_a_cpu,cpu,15387.8,15388.2
42,581,h_a,dpu,15388.2,15755.2
42,581,eb_enc,cpu,15755.2,15755.4
42,581,eb_dec,cpu,15755.4,15755.5
42,581,h_s,dpu,15755.5,15953.3
42,581,gc,cpu,15953.3,15963.5
42,628,normalize,cpu,15964.1,15967.7
42,628,g_a_cpu,cpu,15967.8,15968.1
42,628,g_a,dpu,15968.2,16204.6
42,628,g_a,dpu,16204.6,16619
42,628,g_a_cpu,cpu,16619,16619.3
42,628,h_a,dpu,16619.3,16620.5
42,628,eb_enc,cpu,16620.5,16620.7
42,628,eb_dec,cpu,16620.7,16620.8
42,628,h_s,dpu,16620.8,17188.3
42,628,gc,cpu,17188.3,17204
42,681,normalize,cpu,17204.5,17208.2
42,681,g_a_cpu,cpu,17208.2,17208.8
42,681,g_a,dpu,17208.8,17497.4
42,681,g_a,dpu,17497.4,17875.1
42,681,g_a_cpu,cpu,17875.1,17875.5
42,681,h_a,dpu,17875.5,18185.2
42,681,eb_enc,cpu,18185.3,18185.4
42,681,eb_dec,cpu,18185.4,18185.5
42,681,h_s,dpu,18185.5,18435.3
42,681,gc,cpu,18435.3,18446
42,728,normalize,cpu,18446.6,18450.2
42,728,g_a_cpu,cpu,18450.2,18450.9
42,728,g_a,dpu,18450.9,18810.8
42,728,g_a,dpu,18810.8,19180.5
42,728,g_a_cpu,cpu,19180.5,19181.1
42,728,h_a,dpu,19181.1,19664.3
42,728,eb_enc,cpu,19664.3,19664.5
42,728,eb_dec,cpu,19664.5,19664.6
42,728,h_s,dpu,19664.6,19665.6
42,728,gc,cpu,19665.6,19675.9
42,777,normalize,cpu,19676.5,19680.2
42,777,g_a_cpu,cpu,19680.2,19681.2
42,777,g_a,dpu,19681.2,20002.7
42,777,g_a,dpu,20002.7,20411.2
42,777,g_a_cpu,cpu,20411.2,20411.8
42,777,h_a,dpu,20411.8,20640.9
42,777,eb_enc,cpu,20640.9,20641
42,777,eb_dec,cpu,20641,20641.1
42,777,h_s,dpu,20641.1,20820.1
42,777,gc,cpu,20820.1,20830.2
42,825,normalize,cpu,20830.7,20834.4
42,825,g_a_cpu,cpu,20834.4,20834.7
42,825,g_a,dpu,20834.7,21142.8
42,825,g_a,dpu,21142.8,21656.3
42,825,g_a_cpu,cpu,21656.3,21656.7
42,825,h_a,dpu,21656.7,21989.1
42,825,eb_enc,cpu,21989.1,21989.2
42,825,eb_dec,cpu,21989.2,21989.3
42,825,h_s,dpu,21989.3,22095.4
42,825,gc,cpu,22095.4,22105.5
42,872,normalize,cpu,22106,22109.7
42,872,g_a_cpu,cpu,22109.7,22110.2
42,872,g_a,dpu,22110.2,22447.2
42,872,g_a,dpu,22447.2,22854.3
42,872,g_a_cpu,cpu,22854.3,22854.7
42,872,h_a,dpu,22854.7,23119.5
42,872,eb_enc,cpu,23119.5,23119.7
42,872,eb_dec,cpu,23119.7,23119.8
42,872,h_s,dpu,23119.8,23330.3
42,872,gc,cpu,23330.3,23340.3
42,921,normalize,cpu,23340.9,23344.6
42,921,g_a_cpu,cpu,23344.6,23345
42,921,g_a,dpu,23345,23667.8
42,921,g_a,dpu,23667.8,23704.3
42,921,g_a_cpu,cpu,23704.3,23704.8
42,921,h_a,dpu,23704.8,24039.3
42,921,eb_enc,cpu,24039.3,24039.4
42,921,eb_dec,cpu,24039.4,24039.5
42,921,h_s,dpu,24039.5,24040.4
42,921,gc,cpu,24040.4,24051.1
43,2,normalize,cpu,66.9121,76.3707
43,2,g_a_cpu,cpu,76.4596,76.8343
43,2,g_a,dpu,76.8393,128.341
43,2,g_a,dpu,128.344,165.093
43,2,g_a_cpu,cpu,165.097,165.599
43,2,h_a,dpu,165.616,675.372
43,2,eb_enc,cpu,675.373,675.496
43,2,eb_dec,cpu,675.497,675.612
43,2,h_s,dpu,675.612,1183.94
43,2,gc,cpu,1183.95,1195.94
43,49,normalize,cpu,1196.54,1201
43,49,g_a_cpu,cpu,1201.01,1201.4
43,49,g_a,dpu,1201.4,1409.26
43,49,g_a,dpu,1409.26,2384.49
43,49,g_a_cpu,cpu,2384.49,2384.85
43,49,h_a,dpu,2384.85,2386.29
43,49,eb_enc,cpu,2386.3,2386.47
43,49,eb_dec,cpu,2386.47,2386.59
43,49,h_s,dpu,2386.59,2775.88
43,49,gc,cpu,2775.88,2785.97
43,130,normalize,cpu,2786.97,2790.74
43,130,g_a_cpu,cpu,2790.75,2791.21
43,130,g_a,dpu,2791.21,3193.34
43,130,g_a,dpu,3193.34,3531.43
43,130,g_a_cpu,cpu,3531.43,3531.91
43,130,h_a,dpu,3531.92,3843.49
43,130,eb_enc,cpu,3843.49,3843.63
43,130,eb_dec,cpu,3843.63,3843.74
43,130,h_s,dpu,3843.74,4070.21
43,130,gc,cpu,4070.21,4080.92
43,175,normalize,cpu,4083.28,4087.17
43,175,g_a_cpu,cpu,4087.17,4095.21
43,175,g_a,dpu,4095.22,4376.67
43,175,g_a,dpu,4376.67,4746.46
43,175,g_a_cpu,cpu,4746.46,4746.82
43,175,h_a,dpu,4746.82,5056.24
43,175,eb_enc,cpu,5056.24,5056.38
43,175,eb_dec,cpu,5056.38,5056.49
43,175,h_s,dpu,5056.49,5251.88
43,175,gc,cpu,5251.88,5261.74
43,219,normalize,cpu,5262.19,5265.83
43,219,g_a_cpu,cpu,5265.83,5266.19
43,219,g_a,dpu,5266.2,5526.66
43,219,g_a,dpu,5526.67,5939.79
43,219,g_a_cpu,cpu,5939.79,5940.27
43,219,h_a,dpu,5940.27,6529.18
43,219,eb_enc,cpu,6529.18,6529.34
43,219,eb_dec,cpu,6529.34,6529.46
43,219,h_s,dpu,6529.46,6778.22
43,219,gc,cpu,6778.22,6788.13
43,282,normalize,cpu,6788.65,6793.26
43,282,g_a_cpu,cpu,6793.26,6793.71
43,282,g_a,dpu,6793.72,7462.99
43,282,g_a,dpu,7463,7499.4
43,282,g_a_cpu,cpu,7499.4,7499.77
43,282,h_a,dpu,7499.77,7501.22
43,282,eb_enc,cpu,7501.23,7501.35
43,282,eb_dec,cpu,7501.35,7501.47
43,282,h_s,dpu,7501.47,7744.94
43,282,gc,cpu,7744.94,7756.25
43,312,normalize,cpu,7756.98,7761.13
43,312,g_a_cpu,cpu,7761.13,7761.52
43,312,g_a,dpu,7761.52,8118.43
43,312,g_a,dpu,8118.43,8426.13
43,312,g_a_cpu,cpu,8426.14,8426.85
43,312,h_a,dpu,8426.86,8693.93
43,312,eb_enc,cpu,8693.93,8694.06
43,312,eb_dec,cpu,8694.06,8694.17
43,312,h_s,dpu,8694.17,8991.05
43,312,gc,cpu,8991.05,9001.17
43,359,normalize,cpu,9001.69,9005.42
43,359,g_a_cpu,cpu,9005.42,9006.03
43,359,g_a,dpu,9006.04,9341.6
43,359,g_a,dpu,9341.6,9647.15
43,359,g_a_cpu,cpu,9647.16,9647.67
43,359,h_a,dpu,9647.67,9913.93
43,359,eb_enc,cpu,9913.93,9914.07
43,359,eb_dec,cpu,9914.07,9914.18
43,359,h_s,dpu,9914.18,10223.3
43,359,gc,cpu,10223.3,10233.6
43,407,normalize,cpu,10234.3,10239.7
43,407,g_a_cpu,cpu,10239.7,10240.1
43,407,g_a,dpu,10240.1,10829.6
43,407,g_a,dpu,10829.6,10866.1
43,407,g_a_cpu,cpu,10866.1,10866.5
43,407,h_a,dpu,10866.5,11167.5
43,407,eb_enc,cpu,11167.5,11167.6
43,407,eb_dec,cpu,11167.6,11167.7
43,407,h_s,dpu,11167.7,11323.7
43,407,gc,cpu,11323.7,11340
43,454,normalize,cpu,11340.6,11344.4
43,454,g_a_cpu,cpu,11344.4,11344.9
43,454,g_a,dpu,11344.9,12046.9
43,454,g_a,dpu,12046.9,12083.4
43,454,g_a_cpu,cpu,12083.4,12083.7
43,454,h_a,dpu,12083.7,12085.2
43,454,eb_enc,cpu,12085.2,12085.3
43,454,eb_dec,cpu,12085.3,12085.5
43,454,h_s,dpu,12085.5,12551.9
43,454,gc,cpu,12551.9,12561.6
43,502,normalize,cpu,12562.4,12566.1
43,502,g_a_cpu,cpu,12566.1,12566.6
43,502,g_a,dpu,12566.6,12902.7
43,502,g_a,dpu,12902.7,13320.9
43,502,g_a_cpu,cpu,13320.9,13321.4
43,502,h_a,dpu,13321.4,13620.2
43,502,eb_enc,cpu,13620.2,13620.3
43,502,eb_dec,cpu,13620.3,13620.4
43,502,h_s,dpu,13620.4,13825.1
43,502,gc,cpu,13825.1,13835.1
43,549,normalize,cpu,13836.9,13841.1
43,549,g_a_cpu,cpu,13841.1,13841.5
43,549,g_a,dpu,13841.5,14131.8
43,549,g_a,dpu,14131.8,14543.5
43,549,g_a_cpu,cpu,14543.5,14544
43,549,h_a,dpu,14544,14862.7
43,549,eb_enc,cpu,14862.7,14862.8
43,549,eb_dec,cpu,14862.8,14862.9
43,549,h_s,dpu,14862.9,15056.2
43,549,gc,cpu,15056.2,15066.1
43,597,normalize,cpu,15066.9,15070.7
43,597,g_a_cpu,cpu,15070.7,15071.1
43,597,g_a,dpu,15071.1,15345.5
43,597,g_a,dpu,15345.5,15787.3
43,597,g_a_cpu,cpu,15787.3,15787.7
43,597,h_a,dpu,15787.7,16093.9
43,597,eb_enc,cpu,16093.9,16094.1
43,597,eb_dec,cpu,16094.1,16094.2
43,597,h_s,dpu,16094.2,16328.2
43,597,gc,cpu,16328.2,16338.1
43,647,normalize,cpu,16338.9,16342.6
43,647,g_a_cpu,cpu,16342.6,16343.1
43,647,g_a,dpu,16343.1,16602.3
43,647,g_a,dpu,16602.3,16975.2
43,647,g_a_cpu,cpu,16975.2,16975.7
43,647,h_a,dpu,16975.7,17214
43,647,eb_enc,cpu,17214,17214.1
43,647,eb_dec,cpu,17214.1,17214.3
43,647,h_s,dpu,17214.3,17528.8
43,647,gc,cpu,17528.8,17538.7
43,695,normalize,cpu,17539.4,17543.1
43,695,g_a_cpu,cpu,17543.1,17543.6
43,695,g_a,dpu,17543.6,17943.5
43,695,g_a,dpu,17943.5,18244.3
43,695,g_a_cpu,cpu,18244.3,18245.1
43,695,h_a,dpu,18245.1,18454
43,695,eb_enc,cpu,18454,18454.2
43,695,eb_dec,cpu,18454.2,18454.3
43,695,h_s,dpu,18454.3,18762
43,695,gc,cpu,18762,18778.4
43,738,normalize,cpu,18779,18782.6
43,738,g_a_cpu,cpu,18782.6,18783.1
43,738,g_a,dpu,18783.1,19173.7
43,738,g_a,dpu,19173.7,19454.4
43,738,g_a_cpu,cpu,19454.4,19454.8
43,738,h_a,dpu,19454.8,19693.5
43,738,eb_enc,cpu,19693.5,19693.6
43,738,eb_dec,cpu,19693.6,19693.7
43,738,h_s,dpu,19693.7,19694.7
43,738,gc,cpu,19694.7,19704.7
43,779,normalize,cpu,19705.2,19708.9
43,779,g_a_cpu,cpu,19708.9,19709.2
43,779,g_a,dpu,19709.2,20030.6
43,779,g_a,dpu,20030.6,20434.2
43,779,g_a_cpu,cpu,20434.2,20434.6
43,779,h_a,dpu,20434.6,20672.5
43,779,eb_enc,cpu,20672.5,20672.7
43,779,eb_dec,cpu,20672.7,20672.8
43,779,h_s,dpu,20672.8,20915.9
43,779,gc,cpu,20915.9,20925.9
43,826,normalize,cpu,20926.4,20930
43,826,g_a_cpu,cpu,20930,20930.4
43,826,g_a,dpu,20930.4,21286.4
43,826,g_a,dpu,21286.4,21659.6
43,826,g_a_cpu,cpu,21659.6,21659.9
43,826,h_a,dpu,21659.9,21860.7
43,826,eb_enc,cpu,21860.7,21860.8
43,826,eb_dec,cpu,21860.8,21860.9
43,826,h_s,dpu,21860.9,22141.7
43,826,gc,cpu,22141.7,22151.3
43,874,normalize,cpu,22151.8,22155.4
43,874,g_a_cpu,cpu,22155.4,22155.8
43,874,g_a,dpu,22155.8,22543.3
43,874,g_a,dpu,22543.3,23069.1
43,874,g_a_cpu,cpu,23069.1,23069.5
43,874,h_a,dpu,23069.5,23070.9
43,874,eb_enc,cpu,23070.9,23071.1
43,874,eb_dec,cpu,23071.1,23071.2
43,874,h_s,dpu,23071.2,23689.5
43,874,gc,cpu,23689.5,23699.4
44,47,normalize,cpu,133.042,138.888
44,47,g_a_cpu,cpu,138.909,139.485
44,47,g_a,dpu,139.495,718.926
44,47,g_a,dpu,718.929,1271.51
44,47,g_a_cpu,cpu,1271.51,1271.96
44,47,h_a,dpu,1271.96,1335.79
44,47,eb_enc,cpu,1335.79,1335.99
44,47,eb_dec,cpu,1336,1336.15
44,47,h_s,dpu,1336.15,1444.54
44,47,gc,cpu,1444.55,1466.63
44,83,normalize,cpu,1467.2,1470.85
44,83,g_a_cpu,cpu,1470.85,1471.26
44,83,g_a,dpu,1471.27,1905.79
44,83,g_a,dpu,1905.79,2490.82
44,83,g_a_cpu,cpu,2490.83,2491.23
44,83,h_a,dpu,2491.23,2639.59
44,83,eb_enc,cpu,2639.59,2639.8
44,83,eb_dec,cpu,2639.81,2639.96
44,83,h_s,dpu,2639.96,3086.1
44,83,gc,cpu,3086.1,3095.79
44,141,normalize,cpu,3096.22,3099.97
44,141,g_a_cpu,cpu,3099.97,3100.39
44,141,g_a,dpu,3100.39,3579.27
44,141,g_a,dpu,3579.27,3942.71
44,141,g_a_cpu,cpu,3942.71,3943.06
44,141,h_a,dpu,3943.06,4099.11
44,141,eb_enc,cpu,4099.11,4099.26
44,141,eb_dec,cpu,4099.26,4099.38
44,141,h_s,dpu,4099.38,4267.43
44,141,gc,cpu,4267.43,4277.96
44,184,normalize,cpu,4278.48,4282.1
44,184,g_a_cpu,cpu,4282.1,4282.51
44,184,g_a,dpu,4282.51,4729.05
44,184,g_a,dpu,4729.06,5146.53
44,184,g_a_cpu,cpu,5146.53,5147.03
44,184,h_a,dpu,5147.03,5547.96
44,184,eb_enc,cpu,5547.96,5548.08
44,184,eb_dec,cpu,5548.08,5548.19
44,184,h_s,dpu,5548.19,5549.34
44,184,gc,cpu,5549.34,5559.08
44,237,normalize,cpu,5559.52,5563.44
44,237,g_a_cpu,cpu,5563.44,5564.01
44,237,g_a,dpu,5564.01,6045.09
44,237,g_a,dpu,6045.1,6495.11
44,237,g_a_cpu,cpu,6495.11,6495.52
44,237,h_a,dpu,6495.52,6641.34
44,237,eb_enc,cpu,6641.34,6641.47
44,237,eb_dec,cpu,6641.47,6641.58
44,237,h_s,dpu,6641.58,6819.94
44,237,gc,cpu,6819.94,6830.24
44,285,normalize,cpu,6831.12,6835
44,285,g_a_cpu,cpu,6835.01,6835.38
44,285,g_a,dpu,6835.38,7264.77
44,285,g_a,dpu,7264.77,7716.25
44,285,g_a_cpu,cpu,7716.25,7716.64
44,285,h_a,dpu,7716.64,7873.23
44,285,eb_enc,cpu,7873.23,7873.36
44,285,eb_dec,cpu,7873.37,7873.48
44,285,h_s,dpu,7873.49,8507.86
44,285,gc,cpu,8507.86,8518.18
44,344,normalize,cpu,8518.67,8522.27
44,344,g_a_cpu,cpu,8522.28,8522.78
44,344,g_a,dpu,8522.79,8862.64
44,344,g_a,dpu,8862.64,9147.99
44,344,g_a_cpu,cpu,9147.99,9148.45
44,344,h_a,dpu,9148.46,9429.3
44,344,eb_enc,cpu,9429.3,9429.44
44,344,eb_dec,cpu,9429.44,9429.56
44,344,h_s,dpu,9429.56,9808.91
44,344,gc,cpu,9808.91,9819.28
44,397,normalize,cpu,9819.82,9823.47
44,397,g_a_cpu,cpu,9823.48,9823.82
44,397,g_a,dpu,9823.82,10117.9
44,397,g_a,dpu,10117.9,10373.3
44,397,g_a_cpu,cpu,10373.3,10373.7
44,397,h_a,dpu,10373.7,10685.7
44,397,eb_enc,cpu,10685.7,10685.9
44,397,eb_dec,cpu,10685.9,10686
44,397,h_s,dpu,10686,11063.9
44,397,gc,cpu,11063.9,11073.9
44,444,normalize,cpu,11074.6,11078.2
44,444,g_a_cpu,cpu,11078.2,11078.7
44,444,g_a,dpu,11078.7,11388.2
44,444,g_a,dpu,11388.2,11705.3
44,444,g_a_cpu,cpu,11705.3,11705.8
44,444,h_a,dpu,11705.8,12016.9
44,444,eb_enc,cpu,12016.9,12017
44,444,eb_dec,cpu,12017,12017.2
44,444,h_s,dpu,12017.2,12293.3
44,444,gc,cpu,12293.3,12303.2
44,492,normalize,cpu,12303.8,12307.5
44,492,g_a_cpu,cpu,12307.5,12307.9
44,492,g_a,dpu,12307.9,12623.7
44,492,g_a,dpu,12623.7,12944.3
44,492,g_a_cpu,cpu,12944.3,12944.8
44,492,h_a,dpu,12944.8,13262.2
44,492,eb_enc,cpu,13262.2,13262.3
44,492,eb_dec,cpu,13262.3,13262.5
44,492,h_s,dpu,13262.5,13574.7
44,492,gc,cpu,13574.7,13585
44,538,normalize,cpu,13585.6,13589.3
44,538,g_a_cpu,cpu,13589.4,13589.7
44,538,g_a,dpu,13589.7,13895.1
44,538,g_a,dpu,13895.1,14212.6
44,538,g_a_cpu,cpu,14212.6,14213.1
44,538,h_a,dpu,14213.1,14561.4
44,538,eb_enc,cpu,14561.4,14561.5
44,538,eb_dec,cpu,14561.5,14561.6
44,538,h_s,dpu,14561.6,14918.7
44,538,gc,cpu,14918.7,14930
44,589,normalize,cpu,14930.6,14934.2
44,589,g_a_cpu,cpu,14934.2,14934.8
44,589,g_a,dpu,14934.8,15179.9
44,589,g_a,dpu,15179.9,15462.4
44,589,g_a_cpu,cpu,15462.4,15462.7
44,589,h_a,dpu,15462.7,15851.5
44,589,eb_enc,cpu,15851.5,15851.6
44,589,eb_dec,cpu,15851.6,15851.8
44,589,h_s,dpu,15851.8,16178.9
44,589,gc,cpu,16178.9,16200.2
44,643,normalize,cpu,16200.9,16204.7
44,643,g_a_cpu,cpu,16204.7,16205.4
44,643,g_a,dpu,16205.4,16556.1
44,643,g_a,dpu,16556.1,16833.9
44,643,g_a_cpu,cpu,16833.9,16834.3
44,643,h_a,dpu,16834.3,17155.7
44,643,eb_enc,cpu,17155.7,17155.8
44,643,eb_dec,cpu,17155.8,17155.9
44,643,h_s,dpu,17155.9,17499.5
44,643,gc,cpu,17499.5,17509.5
44,691,normalize,cpu,17510.1,17513.7
44,691,g_a_cpu,cpu,17513.7,17514.3
44,691,g_a,dpu,17514.3,17823.8
44,691,g_a,dpu,17823.8,18105.6
44,691,g_a_cpu,cpu,18105.6,18105.9
44,691,h_a,dpu,18106,18463.1
44,691,eb_enc,cpu,18463.1,18463.3
44,691,eb_dec,cpu,18463.3,18463.4
44,691,h_s,dpu,18463.4,18776.1
44,691,gc,cpu,18776.1,18786.5
44,740,normalize,cpu,18787,18790.6
44,740,g_a_cpu,cpu,18790.6,18791.1
44,740,g_a,dpu,18791.1,19028.5
44,740,g_a,dpu,19028.5,19384.5
44,740,g_a_cpu,cpu,19384.5,19385
44,740,h_a,dpu,19385,19677.1
44,740,eb_enc,cpu,19677.1,19677.2
44,740,eb_dec,cpu,19677.2,19677.3
44,740,h_s,dpu,19677.3,20022
44,740,gc,cpu,20022,20032
44,789,normalize,cpu,20032.4,20036.1
44,789,g_a_cpu,cpu,20036.1,20036.5
44,789,g_a,dpu,20036.5,20330.9
44,789,g_a,dpu,20330.9,20603.2
44,789,g_a_cpu,cpu,20603.2,20603.6
44,789,h_a,dpu,20603.6,20895.7
44,789,eb_enc,cpu,20895.7,20895.8
44,789,eb_dec,cpu,20895.8,20895.9
44,789,h_s,dpu,20895.9,21281.4
44,789,gc,cpu,21281.4,21291.8
44,839,normalize,cpu,21292.3,21296
44,839,g_a_cpu,cpu,21296,21296.4
44,839,g_a,dpu,21296.4,21598.8
44,839,g_a,dpu,21598.8,21921.1
44,839,g_a_cpu,cpu,21921.1,21921.5
44,839,h_a,dpu,21921.5,22234.1
44,839,eb_enc,cpu,22234.1,22234.2
44,839,eb_dec,cpu,22234.2,22234.4
44,839,h_s,dpu,22234.4,22471.2
44,839,gc,cpu,22471.2,22481.1
44,884,normalize,cpu,22481.6,22485.2
44,884,g_a_cpu,cpu,22485.2,22485.6
44,884,g_a,dpu,22485.6,22852.1
44,884,g_a,dpu,22852.1,23207.4
44,884,g_a_cpu,cpu,23207.4,23207.7
44,884,h_a,dpu,23207.7,23453.4
44,884,eb_enc,cpu,23453.4,23453.5
44,884,eb_dec,cpu,23453.5,23453.6
44,884,h_s,dpu,23453.6,23729.9
44,884,gc,cpu,23729.9,23739.8
45,43,normalize,cpu,122.36,126.033
45,43,g_a_cpu,cpu,126.038,126.517
45,43,g_a,dpu,126.525,367.658
45,43,g_a,dpu,367.663,945.094
45,43,g_a_cpu,cpu,945.096,945.519
45,43,h_a,dpu,945.529,1281.57
45,43,eb_enc,cpu,1281.58,1281.75
45,43,eb_dec,cpu,1281.75,1281.88
45,43,h_s,dpu,1281.88,1309.58
45,43,gc,cpu,1309.59,1374.07
45,60,normalize,cpu,1374.74,1380.04
45,60,g_a_cpu,cpu,1380.04,1380.54
45,60,g_a,dpu,1380.54,2062.27
45,60,g_a,dpu,2062.28,2434.31
45,60,g_a_cpu,cpu,2434.32,2434.73
45,60,h_a,dpu,2434.73,2557.67
45,60,eb_enc,cpu,2557.67,2557.79
45,60,eb_dec,cpu,2557.8,2557.92
45,60,h_s,dpu,2557.92,2558.88
45,60,gc,cpu,2558.88,2591.34
45,111,normalize,cpu,2592.14,2595.8
45,111,g_a_cpu,cpu,2595.81,2596.28
45,111,g_a,dpu,2596.28,2883.83
45,111,g_a,dpu,2883.84,3392.01
45,111,g_a_cpu,cpu,3392.02,3392.61
45,111,h_a,dpu,3392.62,3670.14
45,111,eb_enc,cpu,3670.14,3670.37
45,111,eb_dec,cpu,3670.37,3670.53
45,111,h_s,dpu,3670.53,3725.17
45,111,gc,cpu,3725.17,3735.52
45,159,normalize,cpu,3736.03,3744.78
45,159,g_a_cpu,cpu,3744.79,3745.31
45,159,g_a,dpu,3745.32,4820.54
45,159,g_a,dpu,4820.54,4856.87
45,159,g_a_cpu,cpu,4856.88,4857.38
45,159,h_a,dpu,4857.38,5371.55
45,159,eb_enc,cpu,5371.55,5371.68
45,159,eb_dec,cpu,5371.68,5371.8
45,159,h_s,dpu,5371.8,5372.96
45,159,gc,cpu,5372.96,5404.15
45,227,normalize,cpu,5404.69,5408.34
45,227,g_a_cpu,cpu,5408.35,5408.83
45,227,g_a,dpu,5408.84,5821.14
45,227,g_a,dpu,5821.14,6126.49
45,227,g_a_cpu,cpu,6126.49,6126.85
45,227,h_a,dpu,6126.85,6261.51
45,227,eb_enc,cpu,6261.51,6261.63
45,227,eb_dec,cpu,6261.63,6261.75
45,227,h_s,dpu,6261.75,6602.72
45,227,gc,cpu,6602.73,6613
45,268,normalize,cpu,6613.46,6617.11
45,268,g_a_cpu,cpu,6617.11,6617.55
45,268,g_a,dpu,6617.55,7084.23
45,268,g_a,dpu,7084.23,7276.97
45,268,g_a_cpu,cpu,7276.97,7277.32
45,268,h_a,dpu,7277.33,7852.6
45,268,eb_enc,cpu,7852.6,7852.74
45,268,eb_dec,cpu,7852.74,7852.86
45,268,h_s,dpu,7852.86,8159.96
45,268,gc,cpu,8159.97,8169.72
45,333,normalize,cpu,8170.2,8173.84
45,333,g_a_cpu,cpu,8173.85,8174.16
45,333,g_a,dpu,8174.16,8462.37
45,333,g_a,dpu,8462.37,8736.9
45,333,g_a_cpu,cpu,8736.9,8737.44
45,333,h_a,dpu,8737.45,9103.9
45,333,eb_enc,cpu,9103.9,9104.03
45,333,eb_dec,cpu,9104.03,9104.14
45,333,h_s,dpu,9104.14,9364.69
45,333,gc,cpu,9364.69,9374.58
45,378,normalize,cpu,9375.18,9378.96
45,378,g_a_cpu,cpu,9378.97,9379.33
45,378,g_a,dpu,9379.33,9630.36
45,378,g_a,dpu,9630.36,9909.34
45,378,g_a_cpu,cpu,9909.35,9909.82
45,378,h_a,dpu,9909.82,10315.4
45,378,eb_enc,cpu,10315.4,10315.5
45,378,eb_dec,cpu,10315.5,10315.6
45,378,h_s,dpu,10315.6,10652
45,378,gc,cpu,10652,10662.4
45,425,normalize,cpu,10663.1,10666.8
45,425,g_a_cpu,cpu,10666.8,10667.3
45,425,g_a,dpu,10667.3,10854.5
45,425,g_a,dpu,10854.5,11163.7
45,425,g_a_cpu,cpu,11163.7,11164.4
45,425,h_a,dpu,11164.5,11501.8
45,425,eb_enc,cpu,11501.8,11502
45,425,eb_dec,cpu,11502,11502.1
45,425,h_s,dpu,11502.1,11838.5
45,425,gc,cpu,11838.5,11848.5
45,475,normalize,cpu,11849.1,11852.7
45,475,g_a_cpu,cpu,11852.7,11853.1
45,475,g_a,dpu,11853.1,12404.4
45,475,g_a,dpu,12404.4,12440.7
45,475,g_a_cpu,cpu,12440.7,12441.1
45,475,h_a,dpu,12441.1,12442.3
45,475,eb_enc,cpu,12442.3,12442.5
45,475,eb_dec,cpu,12442.5,12442.6
45,475,h_s,dpu,12442.6,13287.2
45,475,gc,cpu,13287.2,13297.1
45,526,normalize,cpu,13297.9,13302.2
45,526,g_a_cpu,cpu,13302.2,13302.9
45,526,g_a,dpu,13302.9,13701.3
45,526,g_a,dpu,13701.3,14077.8
45,526,g_a_cpu,cpu,14077.8,14078.2
45,526,h_a,dpu,14078.2,14519.5
45,526,eb_enc,cpu,14519.5,14519.6
45,526,eb_dec,cpu,14519.6,14519.7
45,526,h_s,dpu,14519.7,14727.8
45,526,gc,cpu,14727.8,14738
45,579,normalize,cpu,14739.3,14743.1
45,579,g_a_cpu,cpu,14743.1,14743.6
45,579,g_a,dpu,14743.6,14780.4
45,579,g_a,dpu,14780.4,15121.4
45,579,g_a_cpu,cpu,15121.4,15122
45,579,h_a,dpu,15122,15496.8
45,579,eb_enc,cpu,15496.8,15497
45,579,eb_dec,cpu,15497,15497.1
45,579,h_s,dpu,15497.1,15954.9
45,579,gc,cpu,15954.9,15964.8
45,629,normalize,cpu,15965.3,15970.1
45,629,g_a_cpu,cpu,15970.1,15970.5
45,629,g_a,dpu,15970.5,16240.6
45,629,g_a,dpu,16240.6,16657
45,629,g_a_cpu,cpu,16657,16657.5
45,629,h_a,dpu,16657.5,16989.9
45,629,eb_enc,cpu,16989.9,16990.1
45,629,eb_dec,cpu,16990.1,16990.2
45,629,h_s,dpu,16990.2,17192.6
45,629,gc,cpu,17192.6,17203.7
45,680,normalize,cpu,17204.5,17208.2
45,680,g_a_cpu,cpu,17208.2,17208.9
45,680,g_a,dpu,17208.9,17533.5
45,680,g_a,dpu,17533.5,17911.9
45,680,g_a_cpu,cpu,17911.9,17912.5
45,680,h_a,dpu,17912.5,17926.6
45,680,eb_enc,cpu,17926.6,17926.7
45,680,eb_dec,cpu,17926.7,17926.9
45,680,h_s,dpu,17926.9,18200.9
45,680,gc,cpu,18200.9,18211.5
45,718,normalize,cpu,18212.1,18215.8
45,718,g_a_cpu,cpu,18215.8,18216.1
45,718,g_a,dpu,18216.2,18517.5
45,718,g_a,dpu,18517.5,18883.4
45,718,g_a_cpu,cpu,18883.4,18883.8
45,718,h_a,dpu,18883.8,19182.7
45,718,eb_enc,cpu,19182.7,19182.9
45,718,eb_dec,cpu,19182.9,19183
45,718,h_s,dpu,19183,19463.5
45,718,gc,cpu,19463.5,19490.8
45,767,normalize,cpu,19493.7,19497.4
45,767,g_a_cpu,cpu,19497.4,19497.9
45,767,g_a,dpu,19497.9,19702.1
45,767,g_a,dpu,19702.1,20038.6
45,767,g_a_cpu,cpu,20038.6,20039.1
45,767,h_a,dpu,20039.1,20412.2
45,767,eb_enc,cpu,20412.2,20412.3
45,767,eb_dec,cpu,20412.3,20412.4
45,767,h_s,dpu,20412.4,20641.7
45,767,gc,cpu,20641.7,20652.4
45,810,normalize,cpu,20653.1,20657.5
45,810,g_a_cpu,cpu,20657.5,20658
45,810,g_a,dpu,20658,21070.6
45,810,g_a,dpu,21070.6,21583.7
45,810,g_a_cpu,cpu,21583.7,21584.1
45,810,h_a,dpu,21584.1,21986.7
45,810,eb_enc,cpu,21986.7,21986.8
45,810,eb_dec,cpu,21986.8,21987
45,810,h_s,dpu,21987,22087
45,810,gc,cpu,22087,22105.1
45,871,normalize,cpu,22105.6,22109.3
45,871,g_a_cpu,cpu,22109.3,22109.7
45,871,g_a,dpu,22109.7,22411.3
45,871,g_a,dpu,22411.3,23556.9
45,871,g_a_cpu,cpu,23556.9,23557.3
45,871,h_a,dpu,23557.3,23558.5
45,871,eb_enc,cpu,23558.5,23558.6
45,871,eb_dec,cpu,23558.6,23558.8
45,871,h_s,dpu,23558.8,23927.2
45,871,gc,cpu,23927.2,23936.9
46,40,normalize,cpu,116.985,120.712
46,40,g_a_cpu,cpu,120.736,121.274
46,40,g_a,dpu,121.279,494.172
46,40,g_a,dpu,494.176,1003.21
46,40,g_a_cpu,cpu,1003.21,1003.68
46,40,h_a,dpu,1003.69,1487.32
46,40,eb_enc,cpu,1487.32,1487.53
46,40,eb_dec,cpu,1487.54,1487.69
46,40,h_s,dpu,1487.69,1691.66
46,40,gc,cpu,1691.67,1702.54
46,94,normalize,cpu,1703.16,1706.8
46,94,g_a_cpu,cpu,1706.8,1707.18
46,94,g_a,dpu,1707.18,2059.79
46,94,g_a,dpu,2059.79,2499.17
46,94,g_a_cpu,cpu,2499.18,2499.83
46,94,h_a,dpu,2499.83,2741.3
46,94,eb_enc,cpu,2741.3,2741.44
46,94,eb_dec,cpu,2741.44,2741.56
46,94,h_s,dpu,2741.56,2968.86
46,94,gc,cpu,2968.86,2979.03
46,137,normalize,cpu,2979.55,2983.22
46,137,g_a_cpu,cpu,2983.22,2983.69
46,137,g_a,dpu,2983.69,3273.87
46,137,g_a,dpu,3273.87,3614.47
46,137,g_a_cpu,cpu,3614.47,3614.84
46,137,h_a,dpu,3614.84,4025.93
46,137,eb_enc,cpu,4025.94,4026.06
46,137,eb_dec,cpu,4026.07,4026.2
46,137,h_s,dpu,4026.2,4293.47
46,137,gc,cpu,4293.47,4304.13
46,185,normalize,cpu,4304.85,4308.64
46,185,g_a_cpu,cpu,4308.64,4309.26
46,185,g_a,dpu,4309.26,4526.97
46,185,g_a,dpu,4526.97,4872.97
46,185,g_a_cpu,cpu,4872.97,4873.42
46,185,h_a,dpu,4873.42,5207.67
46,185,eb_enc,cpu,5207.67,5207.8
46,185,eb_dec,cpu,5207.8,5207.91
46,185,h_s,dpu,5207.91,5440.94
46,185,gc,cpu,5440.94,5451.64
46,231,normalize,cpu,5458.46,5462.09
46,231,g_a_cpu,cpu,5462.09,5462.55
46,231,g_a,dpu,5462.55,5790.41
46,231,g_a,dpu,5790.41,6105.74
46,231,g_a_cpu,cpu,6105.74,6106.26
46,231,h_a,dpu,6106.26,6511.45
46,231,eb_enc,cpu,6511.45,6511.61
46,231,eb_dec,cpu,6511.61,6511.73
46,231,h_s,dpu,6511.73,6758.29
46,231,gc,cpu,6758.29,6768.46
46,279,normalize,cpu,6769.02,6772.8
46,279,g_a_cpu,cpu,6772.8,6773.16
46,279,g_a,dpu,6773.16,7018.54
46,279,g_a,dpu,7018.55,7055.07
46,279,g_a_cpu,cpu,7055.08,7055.54
46,279,h_a,dpu,7055.54,7703.45
46,279,eb_enc,cpu,7703.45,7703.57
46,279,eb_dec,cpu,7703.57,7703.69
46,279,h_s,dpu,7703.69,7704.77
46,279,gc,cpu,7704.77,7714.7
46,310,normalize,cpu,7715.17,7718.85
46,310,g_a_cpu,cpu,7718.85,7719.16
46,310,g_a,dpu,7719.16,8009.23
46,310,g_a,dpu,8009.23,8314.37
46,310,g_a_cpu,cpu,8314.37,8314.78
46,310,h_a,dpu,8314.79,8654.26
46,310,eb_enc,cpu,8654.26,8654.4
46,310,eb_dec,cpu,8654.4,8654.52
46,310,h_s,dpu,8654.52,8952.03
46,310,gc,cpu,8952.03,8962.02
46,356,normalize,cpu,8962.54,8966.26
46,356,g_a_cpu,cpu,8966.26,8966.76
46,356,g_a,dpu,8966.77,9232.07
46,356,g_a,dpu,9232.07,9537.09
46,356,g_a_cpu,cpu,9537.09,9537.57
46,356,h_a,dpu,9537.58,9874.71
46,356,eb_enc,cpu,9874.71,9874.83
46,356,eb_dec,cpu,9874.83,9874.94
46,356,h_s,dpu,9874.94,10176.1
46,356,gc,cpu,10176.1,10185.9
46,406,normalize,cpu,10186.7,10190.4
46,406,g_a_cpu,cpu,10190.4,10190.9
46,406,g_a,dpu,10190.9,10424.9
46,406,g_a,dpu,10424.9,10793.5
46,406,g_a_cpu,cpu,10793.5,10793.9
46,406,h_a,dpu,10793.9,11164.6
46,406,eb_enc,cpu,11164.6,11164.8
46,406,eb_dec,cpu,11164.8,11164.9
46,406,h_s,dpu,11164.9,11322.9
46,406,gc,cpu,11322.9,11333
46,452,normalize,cpu,11333.5,11337.8
46,452,g_a_cpu,cpu,11337.8,11338.4
46,452,g_a,dpu,11338.4,12313.1
46,452,g_a,dpu,12313.1,12349.5
46,452,g_a_cpu,cpu,12349.5,12349.9
46,452,h_a,dpu,12349.9,12351.3
46,452,eb_enc,cpu,12351.3,12351.4
46,452,eb_dec,cpu,12351.4,12351.5
46,452,h_s,dpu,12351.5,12562.9
46,452,gc,cpu,12562.9,12573.3
46,503,normalize,cpu,12574,12577.7
46,503,g_a_cpu,cpu,12577.7,12578.3
46,503,g_a,dpu,12578.3,12938.7
46,503,g_a,dpu,12938.7,12975.1
46,503,g_a_cpu,cpu,12975.1,12975.5
46,503,h_a,dpu,12975.5,13621.2
46,503,eb_enc,cpu,13621.2,13621.3
46,503,eb_dec,cpu,13621.3,13621.4
46,503,h_s,dpu,13621.4,13622.4
46,503,gc,cpu,13622.4,13632.4
46,541,normalize,cpu,13633,13636.6
46,541,g_a_cpu,cpu,13636.6,13637
46,541,g_a,dpu,13637,13866.6
46,541,g_a,dpu,13866.6,14579.4
46,541,g_a_cpu,cpu,14579.4,14579.8
46,541,h_a,dpu,14579.8,14581.2
46,541,eb_enc,cpu,14581.2,14581.3
46,541,eb_dec,cpu,14581.3,14581.4
46,541,h_s,dpu,14581.4,15059.3
46,541,gc,cpu,15059.3,15069.6
46,598,normalize,cpu,15070.4,15074
46,598,g_a_cpu,cpu,15074,15074.4
46,598,g_a,dpu,15074.4,15381.8
46,598,g_a,dpu,15381.8,15823.2
46,598,g_a_cpu,cpu,15823.2,15823.7
46,598,h_a,dpu,15823.7,16095
46,598,eb_enc,cpu,16095,16095.1
46,598,eb_dec,cpu,16095.1,16095.2
46,598,h_s,dpu,16095.2,16331.3
46,598,gc,cpu,16331.4,16341.3
46,648,normalize,cpu,16341.8,16345.5
46,648,g_a_cpu,cpu,16345.5,16345.9
46,648,g_a,dpu,16345.9,16638.7
46,648,g_a,dpu,16638.7,17011.2
46,648,g_a_cpu,cpu,17011.2,17011.7
46,648,h_a,dpu,17011.7,17013.4
46,648,eb_enc,cpu,17013.4,17013.5
46,648,eb_dec,cpu,17013.5,17013.7
46,648,h_s,dpu,17013.7,17014.7
46,648,gc,cpu,17014.7,17024.7
46,675,normalize,cpu,17025.2,17028.9
46,675,g_a_cpu,cpu,17028.9,17029.2
46,675,g_a,dpu,17029.3,17333.2
46,675,g_a,dpu,17333.2,17674.1
46,675,g_a_cpu,cpu,17674.1,17674.5
46,675,h_a,dpu,17674.5,17983.7
46,675,eb_enc,cpu,17983.7,17983.8
46,675,eb_dec,cpu,17983.8,17983.9
46,675,h_s,dpu,17983.9,18251.5
46,675,gc,cpu,18251.5,18261.4
46,722,normalize,cpu,18262.1,18265.8
46,722,g_a_cpu,cpu,18265.8,18266.1
46,722,g_a,dpu,18266.1,18565.9
46,722,g_a,dpu,18565.9,18910.8
46,722,g_a_cpu,cpu,18910.8,18911.2
46,722,h_a,dpu,18911.2,18915.4
46,722,eb_enc,cpu,18915.4,18915.6
46,722,eb_dec,cpu,18915.6,18915.7
46,722,h_s,dpu,18915.7,19219.2
46,722,gc,cpu,19219.2,19230.9
46,758,normalize,cpu,19231.6,19235.3
46,758,g_a_cpu,cpu,19235.3,19236.4
46,758,g_a,dpu,19236.4,19531.3
46,758,g_a,dpu,19531.3,20138.9
46,758,g_a_cpu,cpu,20138.9,20139.3
46,758,h_a,dpu,20139.3,20140.7
46,758,eb_enc,cpu,20140.7,20140.8
46,758,eb_dec,cpu,20140.8,20140.9
46,758,h_s,dpu,20140.9,20439.3
46,758,gc,cpu,20439.3,20449.5
46,801,normalize,cpu,20450.2,20453.9
46,801,g_a_cpu,cpu,20453.9,20454.6
46,801,g_a,dpu,20454.6,20718.5
46,801,g_a,dpu,20718.5,21358.2
46,801,g_a_cpu,cpu,21358.2,21358.6
46,801,h_a,dpu,21358.7,21662.4
46,801,eb_enc,cpu,21662.4,21662.5
46,801,eb_dec,cpu,21662.5,21662.6
46,801,h_s,dpu,21662.6,21863.3
46,801,gc,cpu,21863.3,21873.2
46,857,normalize,cpu,21873.7,21877.4
46,857,g_a_cpu,cpu,21877.4,21877.8
46,857,g_a,dpu,21877.8,22213.9
46,857,g_a,dpu,22213.9,22616
46,857,g_a_cpu,cpu,22616,22616.5
46,857,h_a,dpu,22616.5,22881.4
46,857,eb_enc,cpu,22881.4,22881.6
46,857,eb_dec,cpu,22881.6,22881.7
46,857,h_s,dpu,22881.7,23075.4
46,857,gc,cpu,23075.4,23085.7
46,902,normalize,cpu,23091.9,23095.6
46,902,g_a_cpu,cpu,23095.6,23096.4
46,902,g_a,dpu,23096.4,23422.4
46,902,g_a,dpu,23422.4,23458.8
46,902,g_a_cpu,cpu,23458.8,23459.3
46,902,h_a,dpu,23459.3,23461.1
46,902,eb_enc,cpu,23461.1,23461.2
46,902,eb_dec,cpu,23461.2,23461.4
46,902,h_s,dpu,23461.4,23462.6
46,902,gc,cpu,23462.6,23473.9
46,927,normalize,cpu,23474.5,23478.1
46,927,g_a_cpu,cpu,23478.1,23478.5
46,927,g_a,dpu,23478.5,23874.4
46,927,g_a,dpu,23874.4,24099.7
46,927,g_a_cpu,cpu,24099.7,24100.1
46,927,h_a,dpu,24100.1,24117.4
46,927,eb_enc,cpu,24117.4,24117.5
46,927,eb_dec,cpu,24117.5,24117.7
46,927,h_s,dpu,24117.7,24119
46,927,gc,cpu,24119,24129
47,46,normalize,cpu,129.497,133.203
47,46,g_a_cpu,cpu,133.233,133.725
47,46,g_a,dpu,133.73,1197.31
47,46,g_a,dpu,1197.31,1234.96
47,46,g_a_cpu,cpu,1234.96,1235.4
47,46,h_a,dpu,1235.4,1442.67
47,46,eb_enc,cpu,1442.67,1442.84
47,46,eb_dec,cpu,1442.84,1443
47,46,h_s,dpu,1443,1643.89
47,46,gc,cpu,1643.9,1654.78
47,93,normalize,cpu,1655.27,1658.92
47,93,g_a_cpu,cpu,1658.92,1659.22
47,93,g_a,dpu,1659.23,2234.87
47,93,g_a,dpu,2234.87,2619.01
47,93,g_a_cpu,cpu,2619.01,2619.47
47,93,h_a,dpu,2619.47,2970.05
47,93,eb_enc,cpu,2970.05,2970.22
47,93,eb_dec,cpu,2970.23,2970.4
47,93,h_s,dpu,2970.4,3387.39
47,93,gc,cpu,3387.4,3397.84
47,146,normalize,cpu,3398.42,3402.07
47,146,g_a_cpu,cpu,3402.07,3402.44
47,146,g_a,dpu,3402.44,3859.27
47,146,g_a,dpu,3859.27,4081.4
47,146,g_a_cpu,cpu,4081.4,4081.92
47,146,h_a,dpu,4081.92,4264.71
47,146,eb_enc,cpu,4264.71,4264.83
47,146,eb_dec,cpu,4264.83,4264.94
47,146,h_s,dpu,4264.94,4651.53
47,146,gc,cpu,4651.53,4661.93
47,195,normalize,cpu,4662.4,4666.06
47,195,g_a_cpu,cpu,4666.06,4666.38
47,195,g_a,dpu,4666.39,5071.05
47,195,g_a,dpu,5071.06,5359.52
47,195,g_a_cpu,cpu,5359.52,5359.88
47,195,h_a,dpu,5359.89,5545.53
47,195,eb_enc,cpu,5545.53,5545.65
47,195,eb_dec,cpu,5545.65,5545.76
47,195,h_s,dpu,5545.76,5963.06
47,195,gc,cpu,5963.06,5973.93
47,246,normalize,cpu,5974.61,5978.23
47,246,g_a_cpu,cpu,5978.23,5978.66
47,246,g_a,dpu,5978.66,6422.06
47,246,g_a,dpu,6422.06,6636.93
47,246,g_a_cpu,cpu,6636.93,6637.33
47,246,h_a,dpu,6637.33,6817.89
47,246,eb_enc,cpu,6817.89,6818.02
47,246,eb_dec,cpu,6818.02,6818.13
47,246,h_s,dpu,6818.13,7228.48
47,246,gc,cpu,7228.48,7238.59
47,296,normalize,cpu,7239.11,7242.84
47,296,g_a_cpu,cpu,7242.85,7243.31
47,296,g_a,dpu,7243.31,7679.62
47,296,g_a,dpu,7679.63,7870.59
47,296,g_a_cpu,cpu,7870.6,7871.18
47,296,h_a,dpu,7871.18,8506.51
47,296,eb_enc,cpu,8506.52,8506.69
47,296,eb_dec,cpu,8506.69,8506.81
47,296,h_s,dpu,8506.81,8826.26
47,296,gc,cpu,8826.26,8836.27
47,354,normalize,cpu,8836.77,8840.45
47,354,g_a_cpu,cpu,8840.45,8840.77
47,354,g_a,dpu,8840.77,9111.4
47,354,g_a,dpu,9111.41,9426.39
47,354,g_a_cpu,cpu,9426.39,9426.72
47,354,h_a,dpu,9426.73,9807.84
47,354,eb_enc,cpu,9807.84,9807.98
47,354,eb_dec,cpu,9807.98,9808.1
47,354,h_s,dpu,9808.1,10081.7
47,354,gc,cpu,10081.7,10091.5
47,404,normalize,cpu,10092,10095.7
47,404,g_a_cpu,cpu,10095.7,10096
47,404,g_a,dpu,10096,10336.5
47,404,g_a,dpu,10336.5,10682.8
47,404,g_a_cpu,cpu,10682.8,10683.3
47,404,h_a,dpu,10683.3,11062.8
47,404,eb_enc,cpu,11062.8,11062.9
47,404,eb_dec,cpu,11062.9,11063
47,404,h_s,dpu,11063,11347.1
47,404,gc,cpu,11347.1,11357.2
47,457,normalize,cpu,11357.6,11361.3
47,457,g_a_cpu,cpu,11361.3,11361.5
47,457,g_a,dpu,11361.6,11668.5
47,457,g_a,dpu,11668.5,12014.8
47,457,g_a_cpu,cpu,12014.8,12015.2
47,457,h_a,dpu,12015.2,12292.3
47,457,eb_enc,cpu,12292.3,12292.4
47,457,eb_dec,cpu,12292.4,12292.6
47,457,h_s,dpu,12292.6,12579.5
47,457,gc,cpu,12579.5,12590.3
47,505,normalize,cpu,12590.9,12594.6
47,505,g_a_cpu,cpu,12594.6,12595
47,505,g_a,dpu,12595,12871.2
47,505,g_a,dpu,12871.2,13223.7
47,505,g_a_cpu,cpu,13223.7,13224.1
47,505,h_a,dpu,13224.1,13571.6
47,505,eb_enc,cpu,13571.6,13571.7
47,505,eb_dec,cpu,13571.7,13571.8
47,505,h_s,dpu,13571.8,13847.5
47,505,gc,cpu,13847.5,13857.8
47,552,normalize,cpu,13858.4,13862
47,552,g_a_cpu,cpu,13862,13862.5
47,552,g_a,dpu,13862.5,14139.5
47,552,g_a,dpu,14139.5,14522.4
47,552,g_a_cpu,cpu,14522.4,14523
47,552,h_a,dpu,14523,14914.5
47,552,eb_enc,cpu,14914.5,14914.7
47,552,eb_dec,cpu,14914.7,14914.8
47,552,h_s,dpu,14914.8,15135.6
47,552,gc,cpu,15135.6,15145.9
47,603,normalize,cpu,15146.6,15150.2
47,603,g_a_cpu,cpu,15150.2,15150.7
47,603,g_a,dpu,15150.7,15389.6
47,603,g_a,dpu,15389.6,15812
47,603,g_a_cpu,cpu,15812,15812.4
47,603,h_a,dpu,15812.4,16172.2
47,603,eb_enc,cpu,16172.2,16172.3
47,603,eb_dec,cpu,16172.3,16172.4
47,603,h_s,dpu,16172.4,16438.9
47,603,gc,cpu,16438.9,16449.7
47,655,normalize,cpu,16450.2,16454.7
47,655,g_a_cpu,cpu,16454.7,16455.1
47,655,g_a,dpu,16455.1,16687
47,655,g_a,dpu,16687,17112.5
47,655,g_a_cpu,cpu,17112.5,17112.9
47,655,h_a,dpu,17112.9,17494
47,655,eb_enc,cpu,17494,17494.2
47,655,eb_dec,cpu,17494.2,17494.3
47,655,h_s,dpu,17494.3,17712.8
47,655,gc,cpu,17712.8,17722.8
47,702,normalize,cpu,17723.4,17727.1
47,702,g_a_cpu,cpu,17727.1,17727.5
47,702,g_a,dpu,17727.5,17959.3
47,702,g_a,dpu,17959.3,18415.7
47,702,g_a_cpu,cpu,18415.7,18416.1
47,702,h_a,dpu,18416.2,18766.3
47,702,eb_enc,cpu,18766.3,18766.4
47,702,eb_dec,cpu,18766.4,18766.6
47,702,h_s,dpu,18766.6,18951.5
47,702,gc,cpu,18951.5,18961.5
47,750,normalize,cpu,18962,18966.4
47,750,g_a_cpu,cpu,18966.4,18966.8
47,750,g_a,dpu,18966.8,19274.8
47,750,g_a,dpu,19274.8,19664.9
47,750,g_a_cpu,cpu,19664.9,19665.4
47,750,h_a,dpu,19665.4,19668.8
47,750,eb_enc,cpu,19668.8,19668.9
47,750,eb_dec,cpu,19668.9,19669
47,750,h_s,dpu,19669,19670.4
47,750,gc,cpu,19670.4,19681.2
47,778,normalize,cpu,19681.8,19685.5
47,778,g_a_cpu,cpu,19685.5,19685.8
47,778,g_a,dpu,19685.8,20059.1
47,778,g_a,dpu,20059.1,20095.9
47,778,g_a_cpu,cpu,20095.9,20096.3
47,778,h_a,dpu,20096.3,20646.6
47,778,eb_enc,cpu,20646.6,20646.7
47,778,eb_dec,cpu,20646.7,20646.8
47,778,h_s,dpu,20646.9,20648.2
47,778,gc,cpu,20648.2,20659.3
47,812,normalize,cpu,20667.2,20671
47,812,g_a_cpu,cpu,20671,20671.9
47,812,g_a,dpu,20671.9,20978.9
47,812,g_a,dpu,20978.9,21021.5
47,812,g_a_cpu,cpu,21021.5,21022.2
47,812,h_a,dpu,21022.2,21750.5
47,812,eb_enc,cpu,21750.5,21750.7
47,812,eb_dec,cpu,21750.7,21750.8
47,812,h_s,dpu,21750.8,21752
47,812,gc,cpu,21752,21762.4
47,850,normalize,cpu,21763.1,21766.8
47,850,g_a_cpu,cpu,21766.8,21767.2
47,850,g_a,dpu,21767.2,21804.2
47,850,g_a,dpu,21804.2,22047.9
47,850,g_a_cpu,cpu,22047.9,22048.4
47,850,h_a,dpu,22048.4,22390.4
47,850,eb_enc,cpu,22390.4,22390.5
47,850,eb_dec,cpu,22390.5,22390.6
47,850,h_s,dpu,22390.6,22391.7
47,850,gc,cpu,22391.7,22401.8
47,883,normalize,cpu,22402.2,22405.9
47,883,g_a_cpu,cpu,22405.9,22406.2
47,883,g_a,dpu,22406.2,22807.7
47,883,g_a,dpu,22807.7,23085.3
47,883,g_a_cpu,cpu,23085.3,23085.7
47,883,h_a,dpu,23085.7,23304.2
47,883,eb_enc,cpu,23304.2,23304.4
47,883,eb_dec,cpu,23304.4,23304.5
47,883,h_s,dpu,23304.5,23651.1
47,883,gc,cpu,23651.1,23660.9
