lane,patch,stage,kind,t0_ms,t1_ms
-1,0,read,read,0.24027,65.5687
-1,1,read,read,65.6725,131.678
-1,2,read,read,131.703,189.411
-1,3,read,read,1672.46,1732.47
-1,4,read,read,3257.02,3315.05
-1,5,read,read,4864.08,4927.31
-1,6,read,read,6546.5,6618.32
-1,7,read,read,8220.73,8281.82
-1,8,read,read,9821.99,9878.94
-1,9,read,read,11507.2,11540.3
-1,10,read,read,13107,13137.4
-1,11,read,read,14740,14775.1
-1,12,read,read,16405.1,16462.7
-1,13,read,read,17995.7,18026.4
-1,14,read,read,19618.3,19654
-1,15,read,read,21288.6,21327.2
0,0,normalize,cpu,66.1269,69.8889
0,0,g_a_cpu,cpu,81.1387,81.5593
0,0,g_a,dpu,81.566,188.068
0,0,g_a,dpu,188.075,296.3
0,0,g_a_cpu,cpu,296.302,296.92
0,0,h_a,dpu,296.93,299.774
0,0,eb_enc,cpu,299.774,299.94
0,0,eb_dec,cpu,299.941,300.117
0,0,h_s,dpu,300.117,301.82
0,0,gc,cpu,301.826,330.138
0,14,normalize,cpu,330.684,334.327
0,14,g_a_cpu,cpu,334.33,334.664
0,14,g_a,dpu,334.678,423.078
0,14,g_a,dpu,423.079,530.656
0,14,g_a_cpu,cpu,530.657,531.186
0,14,h_a,dpu,531.187,538.444
0,14,eb_enc,cpu,538.444,538.583
0,14,eb_dec,cpu,538.586,538.726
0,14,h_s,dpu,538.726,551.645
0,14,gc,cpu,551.645,566.323
0,21,normalize,cpu,566.845,570.515
0,21,g_a_cpu,cpu,570.517,570.955
0,21,g_a,dpu,570.959,633.183
0,21,g_a,dpu,633.183,740.74
0,21,g_a_cpu,cpu,740.74,741.062
0,21,h_a,dpu,741.063,743.685
0,21,eb_enc,cpu,743.686,743.818
0,21,eb_dec,cpu,743.819,743.95
0,21,h_s,dpu,743.951,780.437
0,21,gc,cpu,780.437,803.151
0,27,normalize,cpu,803.79,815.128
0,27,g_a_cpu,cpu,815.131,815.456
0,27,g_a,dpu,815.458,902.446
0,27,g_a,dpu,902.452,1010
0,27,g_a_cpu,cpu,1010,1010.52
0,27,h_a,dpu,1010.52,1013.39
0,27,eb_enc,cpu,1013.39,1013.52
0,27,eb_dec,cpu,1013.52,1013.66
0,27,h_s,dpu,1013.66,1068.07
0,27,gc,cpu,1068.07,1078.79
0,39,normalize,cpu,1079.29,1082.94
0,39,g_a_cpu,cpu,1082.95,1083.21
0,39,g_a,dpu,1083.21,1183.49
0,39,g_a,dpu,1183.49,1256.38
0,39,g_a_cpu,cpu,1256.39,1256.98
0,39,h_a,dpu,1256.98,1263.32
0,39,eb_enc,cpu,1263.32,1263.52
0,39,eb_dec,cpu,1263.52,1263.66
0,39,h_s,dpu,1263.66,1290.84
0,39,gc,cpu,1290.84,1300.67
0,47,normalize,cpu,1301.11,1304.8
0,47,g_a_cpu,cpu,1304.8,1305.16
0,47,g_a,dpu,1305.16,1381.83
0,47,g_a,dpu,1381.83,1454
0,47,g_a_cpu,cpu,1454,1454.53
0,47,h_a,dpu,1454.53,1457.26
0,47,eb_enc,cpu,1457.26,1457.39
0,47,eb_dec,cpu,1457.39,1457.53
0,47,h_s,dpu,1457.53,1478.51
0,47,gc,cpu,1478.51,1488.47
0,50,normalize,cpu,1488.97,1494.31
0,50,g_a_cpu,cpu,1494.32,1494.95
0,50,g_a,dpu,1494.95,1531.45
0,50,g_a,dpu,1531.45,1567.8
0,50,g_a_cpu,cpu,1567.8,1568.14
0,50,h_a,dpu,1568.15,1622.06
0,50,eb_enc,cpu,1622.06,1622.23
0,50,eb_dec,cpu,1622.23,1622.37
0,50,h_s,dpu,1622.37,1662.52
0,50,gc,cpu,1662.52,1672.41
0,57,normalize,cpu,1672.94,1676.58
0,57,g_a_cpu,cpu,1676.58,1676.95
0,57,g_a,dpu,1676.96,1753.31
0,57,g_a,dpu,1753.31,1790.9
0,57,g_a_cpu,cpu,1790.9,1791.4
0,57,h_a,dpu,1791.4,1846.21
0,57,eb_enc,cpu,1846.21,1846.4
0,57,eb_dec,cpu,1846.4,1846.56
0,57,h_s,dpu,1846.56,1859.85
0,57,gc,cpu,1859.85,1870
0,64,normalize,cpu,1870.55,1874.21
0,64,g_a_cpu,cpu,1874.22,1874.48
0,64,g_a,dpu,1874.48,1978.03
0,64,g_a,dpu,1978.03,2053.9
0,64,g_a_cpu,cpu,2053.9,2054.34
0,64,h_a,dpu,2054.34,2070.08
0,64,eb_enc,cpu,2070.08,2070.2
0,64,eb_dec,cpu,2070.2,2070.36
0,64,h_s,dpu,2070.36,2120.13
0,64,gc,cpu,2120.13,2130.85
0,72,normalize,cpu,2131.61,2135.29
0,72,g_a_cpu,cpu,2135.29,2135.73
0,72,g_a,dpu,2135.73,2208.39
0,72,g_a,dpu,2208.39,2281.48
0,72,g_a_cpu,cpu,2281.49,2282.03
0,72,h_a,dpu,2282.03,2298.42
0,72,eb_enc,cpu,2298.42,2298.54
0,72,eb_dec,cpu,2298.54,2298.69
0,72,h_s,dpu,2298.69,2308.51
0,72,gc,cpu,2308.51,2318.11
0,80,normalize,cpu,2318.98,2322.71
0,80,g_a_cpu,cpu,2322.71,2323
0,80,g_a,dpu,2323,2471.68
0,80,g_a,dpu,2471.68,2508.03
0,80,g_a_cpu,cpu,2508.03,2508.61
0,80,h_a,dpu,2508.61,2522.74
0,80,eb_enc,cpu,2522.74,2522.87
0,80,eb_dec,cpu,2522.87,2523.01
0,80,h_s,dpu,2523.01,2534.23
0,80,gc,cpu,2534.23,2544.21
0,88,normalize,cpu,2544.65,2549.07
0,88,g_a_cpu,cpu,2549.08,2549.82
0,88,g_a,dpu,2549.82,2586.76
0,88,g_a,dpu,2586.77,2658.94
0,88,g_a_cpu,cpu,2658.94,2659.26
0,88,h_a,dpu,2659.27,2712.26
0,88,eb_enc,cpu,2712.26,2712.4
0,88,eb_dec,cpu,2712.4,2712.54
0,88,h_s,dpu,2712.54,2767.01
0,88,gc,cpu,2767.01,2776.92
0,95,normalize,cpu,2777.89,2781.62
0,95,g_a_cpu,cpu,2781.62,2781.96
0,95,g_a,dpu,2781.97,2818.45
0,95,g_a,dpu,2818.45,2890.12
0,95,g_a_cpu,cpu,2890.13,2890.66
0,95,h_a,dpu,2890.66,2943.09
0,95,eb_enc,cpu,2943.09,2943.24
0,95,eb_dec,cpu,2943.24,2943.38
0,95,h_s,dpu,2943.38,2991.64
0,95,gc,cpu,2991.64,3001.63
0,105,normalize,cpu,3002.3,3006.79
0,105,g_a_cpu,cpu,3006.79,3007.21
0,105,g_a,dpu,3007.22,3043.75
0,105,g_a,dpu,3043.75,3116.17
0,105,g_a_cpu,cpu,3116.17,3116.51
0,105,h_a,dpu,3116.51,3133.83
0,105,eb_enc,cpu,3133.83,3133.96
0,105,eb_dec,cpu,3133.96,3134.09
0,105,h_s,dpu,3134.09,3179.22
0,105,gc,cpu,3179.22,3189.08
0,110,normalize,cpu,3189.99,3193.69
0,110,g_a_cpu,cpu,3193.69,3194.06
0,110,g_a,dpu,3194.07,3270.65
0,110,g_a,dpu,3270.65,3456.21
0,110,g_a_cpu,cpu,3456.21,3456.58
0,110,h_a,dpu,3456.58,3471.37
0,110,eb_enc,cpu,3471.37,3471.5
0,110,eb_dec,cpu,3471.5,3471.64
0,110,h_s,dpu,3471.64,3513.35
0,110,gc,cpu,3513.35,3523.23
0,124,normalize,cpu,3533.19,3536.85
0,124,g_a_cpu,cpu,3536.85,3537.14
0,124,g_a,dpu,3537.14,3643.25
0,124,g_a,dpu,3643.25,3718.13
0,124,g_a_cpu,cpu,3718.13,3718.57
0,124,h_a,dpu,3718.57,3770.59
0,124,eb_enc,cpu,3770.59,3770.72
0,124,eb_dec,cpu,3770.72,3770.85
0,124,h_s,dpu,3770.85,3775.77
0,124,gc,cpu,3775.77,3785.73
0,132,normalize,cpu,3786.22,3789.87
0,132,g_a_cpu,cpu,3789.88,3790.21
0,132,g_a,dpu,3790.22,3865.69
0,132,g_a,dpu,3865.69,3941
0,132,g_a_cpu,cpu,3941.01,3941.34
0,132,h_a,dpu,3941.35,3957.87
0,132,eb_enc,cpu,3957.87,3958
0,132,eb_dec,cpu,3958,3958.13
0,132,h_s,dpu,3958.13,3974.48
0,132,gc,cpu,3974.48,3984.36
0,140,normalize,cpu,3984.83,3988.45
0,140,g_a_cpu,cpu,3988.46,3988.85
0,140,g_a,dpu,3988.86,4088.07
0,140,g_a,dpu,4088.07,4162.17
0,140,g_a_cpu,cpu,4162.18,4162.51
0,140,h_a,dpu,4162.51,4183.56
0,140,eb_enc,cpu,4183.56,4183.68
0,140,eb_dec,cpu,4183.68,4183.81
0,140,h_s,dpu,4183.82,4231.77
0,140,gc,cpu,4231.77,4242.32
0,148,normalize,cpu,4242.9,4246.63
0,148,g_a_cpu,cpu,4246.63,4247.06
0,148,g_a,dpu,4247.06,4283.67
0,148,g_a,dpu,4283.67,4394.24
0,148,g_a_cpu,cpu,4394.24,4394.58
0,148,h_a,dpu,4394.58,4408.26
0,148,eb_enc,cpu,4408.26,4408.45
0,148,eb_dec,cpu,4408.45,4408.6
0,148,h_s,dpu,4408.6,4458.13
0,148,gc,cpu,4458.14,4468.08
0,158,normalize,cpu,4468.63,4472.36
0,158,g_a_cpu,cpu,4472.36,4472.9
0,158,g_a,dpu,4472.91,4509.35
0,158,g_a,dpu,4509.36,4582.36
0,158,g_a_cpu,cpu,4582.36,4582.77
0,158,h_a,dpu,4582.78,4585.3
0,158,eb_enc,cpu,4585.3,4585.42
0,158,eb_dec,cpu,4585.43,4585.56
0,158,h_s,dpu,4585.56,4645.92
0,158,gc,cpu,4645.92,4655.75
0,167,normalize,cpu,4656.31,4659.92
0,167,g_a_cpu,cpu,4659.93,4660.21
0,167,g_a,dpu,4660.21,4778.06
0,167,g_a,dpu,4778.06,4814.82
0,167,g_a_cpu,cpu,4814.82,4815.33
0,167,h_a,dpu,4815.33,4818.12
0,167,eb_enc,cpu,4818.12,4818.25
0,167,eb_dec,cpu,4818.25,4818.39
0,167,h_s,dpu,4818.39,4869.93
0,167,gc,cpu,4869.93,4879.87
0,175,normalize,cpu,4880.4,4884.01
0,175,g_a_cpu,cpu,4884.01,4884.48
0,175,g_a,dpu,4884.49,4973.7
0,175,g_a,dpu,4973.71,5046.43
0,175,g_a_cpu,cpu,5046.43,5046.91
0,175,h_a,dpu,5046.91,5049.65
0,175,eb_enc,cpu,5049.65,5049.78
0,175,eb_dec,cpu,5049.78,5049.91
0,175,h_s,dpu,5049.91,5104.57
0,175,gc,cpu,5104.57,5114.26
0,183,normalize,cpu,5114.71,5118.35
0,183,g_a_cpu,cpu,5118.35,5118.66
0,183,g_a,dpu,5118.66,5215.37
0,183,g_a,dpu,5215.37,5288.32
0,183,g_a_cpu,cpu,5288.32,5288.81
0,183,h_a,dpu,5288.81,5291.53
0,183,eb_enc,cpu,5291.53,5291.66
0,183,eb_dec,cpu,5291.66,5291.8
0,183,h_s,dpu,5291.8,5330.3
0,183,gc,cpu,5330.3,5340.86
0,190,normalize,cpu,5341.4,5345.1
0,190,g_a_cpu,cpu,5345.1,5345.37
0,190,g_a,dpu,5345.37,5448.08
0,190,g_a,dpu,5448.09,5521.92
0,190,g_a_cpu,cpu,5521.93,5522.3
0,190,h_a,dpu,5522.3,5525.78
0,190,eb_enc,cpu,5525.78,5525.95
0,190,eb_dec,cpu,5525.95,5526.1
0,190,h_s,dpu,5526.1,5589.2
0,190,gc,cpu,5589.2,5600.48
0,198,normalize,cpu,5600.95,5604.62
0,198,g_a_cpu,cpu,5604.62,5604.9
0,198,g_a,dpu,5604.9,5672.51
0,198,g_a,dpu,5672.52,5746.97
0,198,g_a_cpu,cpu,5746.97,5747.44
0,198,h_a,dpu,5747.45,5764.84
0,198,eb_enc,cpu,5764.84,5764.97
0,198,eb_dec,cpu,5764.97,5765.1
0,198,h_s,dpu,5765.1,5883.99
0,198,gc,cpu,5883.99,5894.15
0,206,normalize,cpu,5895.11,5898.9
0,206,g_a_cpu,cpu,5898.9,5899.22
0,206,g_a,dpu,5899.22,5935.75
0,206,g_a,dpu,5935.76,6044.26
0,206,g_a_cpu,cpu,6044.26,6044.74
0,206,h_a,dpu,6044.75,6047.42
0,206,eb_enc,cpu,6047.43,6047.55
0,206,eb_dec,cpu,6047.56,6047.69
0,206,h_s,dpu,6047.69,6113.16
0,206,gc,cpu,6113.16,6124.9
0,214,normalize,cpu,6125.42,6129.09
0,214,g_a_cpu,cpu,6129.1,6129.59
0,214,g_a,dpu,6129.6,6202
0,214,g_a,dpu,6202,6311.58
0,214,g_a_cpu,cpu,6311.58,6312.12
0,214,h_a,dpu,6312.12,6314.84
0,214,eb_enc,cpu,6314.84,6315
0,214,eb_dec,cpu,6315,6315.17
0,214,h_s,dpu,6315.17,6338.27
0,214,gc,cpu,6338.27,6348.3
0,224,normalize,cpu,6348.81,6352.57
0,224,g_a_cpu,cpu,6352.58,6352.9
0,224,g_a,dpu,6352.91,6425.65
0,224,g_a,dpu,6425.66,6498.4
0,224,g_a_cpu,cpu,6498.4,6498.89
0,224,h_a,dpu,6498.89,6501.8
0,224,eb_enc,cpu,6501.8,6501.93
0,224,eb_dec,cpu,6501.93,6502.07
0,224,h_s,dpu,6502.07,6569.27
0,224,gc,cpu,6569.28,6579.55
0,233,normalize,cpu,6580.09,6583.74
0,233,g_a_cpu,cpu,6583.74,6584.08
0,233,g_a,dpu,6584.08,6687.03
0,233,g_a,dpu,6687.04,6725.06
0,233,g_a_cpu,cpu,6725.06,6732.79
0,233,h_a,dpu,6732.8,6735.88
0,233,eb_enc,cpu,6735.88,6736.01
0,233,eb_dec,cpu,6736.01,6736.15
0,233,h_s,dpu,6736.15,6830.18
0,233,gc,cpu,6830.18,6839.88
0,241,normalize,cpu,6841.6,6845.77
0,241,g_a_cpu,cpu,6845.78,6846.05
0,241,g_a,dpu,6846.05,6914.62
0,241,g_a,dpu,6914.62,6964.42
0,241,g_a_cpu,cpu,6964.42,6964.75
0,241,h_a,dpu,6964.75,7014.34
0,241,eb_enc,cpu,7014.34,7014.49
0,241,eb_dec,cpu,7014.49,7014.63
0,241,h_s,dpu,7014.63,7092.55
0,241,gc,cpu,7092.55,7102.45
0,250,normalize,cpu,7102.94,7106.6
0,250,g_a_cpu,cpu,7106.6,7106.87
0,250,g_a,dpu,7106.87,7148.45
0,250,g_a,dpu,7148.45,7224.26
0,250,g_a_cpu,cpu,7224.26,7224.7
0,250,h_a,dpu,7224.71,7277.45
0,250,eb_enc,cpu,7277.46,7277.61
0,250,eb_dec,cpu,7277.61,7277.76
0,250,h_s,dpu,7277.76,7366.36
0,250,gc,cpu,7366.36,7376.85
0,259,normalize,cpu,7377.67,7381.34
0,259,g_a_cpu,cpu,7381.35,7381.67
0,259,g_a,dpu,7381.68,7418.18
0,259,g_a,dpu,7418.18,7454.44
0,259,g_a_cpu,cpu,7454.45,7454.92
0,259,h_a,dpu,7454.92,7494.49
0,259,eb_enc,cpu,7494.49,7494.63
0,259,eb_dec,cpu,7494.63,7494.78
0,259,h_s,dpu,7494.78,7594.83
0,259,gc,cpu,7594.83,7604.79
0,267,normalize,cpu,7605.26,7608.95
0,267,g_a_cpu,cpu,7608.95,7609.32
0,267,g_a,dpu,7609.33,7645.77
0,267,g_a,dpu,7645.77,7682.19
0,267,g_a_cpu,cpu,7682.19,7682.85
0,267,h_a,dpu,7682.86,7691.78
0,267,eb_enc,cpu,7691.78,7691.91
0,267,eb_dec,cpu,7691.91,7692.06
0,267,h_s,dpu,7692.06,7780.32
0,267,gc,cpu,7780.32,7790.21
0,273,normalize,cpu,7790.72,7795.21
0,273,g_a_cpu,cpu,7795.21,7795.54
0,273,g_a,dpu,7795.55,7866.83
0,273,g_a,dpu,7866.84,7977.66
0,273,g_a_cpu,cpu,7977.66,7978.15
0,273,h_a,dpu,7978.16,7980.86
0,273,eb_enc,cpu,7980.86,7980.99
0,273,eb_dec,cpu,7980.99,7981.13
0,273,h_s,dpu,7981.13,8040.51
0,273,gc,cpu,8040.51,8050.23
0,285,normalize,cpu,8050.73,8054.38
0,285,g_a_cpu,cpu,8054.38,8054.68
0,285,g_a,dpu,8054.69,8133.52
0,285,g_a,dpu,8133.53,8205.41
0,285,g_a_cpu,cpu,8205.42,8205.94
0,285,h_a,dpu,8205.94,8208.84
0,285,eb_enc,cpu,8208.84,8209.02
0,285,eb_dec,cpu,8209.02,8209.19
0,285,h_s,dpu,8209.19,8245.68
0,285,gc,cpu,8245.68,8256.02
0,293,normalize,cpu,8256.76,8260.47
0,293,g_a_cpu,cpu,8260.48,8261.09
0,293,g_a,dpu,8261.1,8354.5
0,293,g_a,dpu,8354.5,8428.26
0,293,g_a_cpu,cpu,8428.27,8428.84
0,293,h_a,dpu,8428.84,8432.2
0,293,eb_enc,cpu,8432.23,8432.38
0,293,eb_dec,cpu,8432.38,8432.52
0,293,h_s,dpu,8432.52,8469.56
0,293,gc,cpu,8469.56,8479.77
0,298,normalize,cpu,8480.47,8484.15
0,298,g_a_cpu,cpu,8484.16,8484.6
0,298,g_a,dpu,8484.61,8540.95
0,298,g_a,dpu,8540.95,8612.69
0,298,g_a_cpu,cpu,8612.69,8613.22
0,298,h_a,dpu,8613.22,8632.53
0,298,eb_enc,cpu,8632.53,8632.67
0,298,eb_dec,cpu,8632.67,8632.83
0,298,h_s,dpu,8632.83,8657.98
0,298,gc,cpu,8657.98,8667.89
0,305,normalize,cpu,8668.35,8671.95
0,305,g_a_cpu,cpu,8671.95,8672.34
0,305,g_a,dpu,8672.34,8760.95
0,305,g_a,dpu,8760.95,8869.64
0,305,g_a_cpu,cpu,8869.64,8870.09
0,305,h_a,dpu,8870.09,8872.92
0,305,eb_enc,cpu,8872.92,8873.05
0,305,eb_dec,cpu,8873.05,8873.18
0,305,h_s,dpu,8873.18,8887.81
0,305,gc,cpu,8887.82,8897.67
0,312,normalize,cpu,8898.1,8901.74
0,312,g_a_cpu,cpu,8901.74,8902.02
0,312,g_a,dpu,8902.02,8980.88
0,312,g_a,dpu,8980.88,9089.59
0,312,g_a_cpu,cpu,9089.6,9090.03
0,312,h_a,dpu,9090.03,9092.55
0,312,eb_enc,cpu,9092.55,9092.67
0,312,eb_dec,cpu,9092.67,9092.8
0,312,h_s,dpu,9092.8,9149.45
0,312,gc,cpu,9149.45,9159.23
0,324,normalize,cpu,9159.87,9163.54
0,324,g_a_cpu,cpu,9163.54,9163.88
0,324,g_a,dpu,9163.88,9202.5
0,324,g_a,dpu,9202.5,9310.89
0,324,g_a_cpu,cpu,9310.9,9311.42
0,324,h_a,dpu,9311.42,9314.09
0,324,eb_enc,cpu,9314.09,9314.22
0,324,eb_dec,cpu,9314.22,9314.36
0,324,h_s,dpu,9314.36,9344.48
0,324,gc,cpu,9344.48,9356.68
0,328,normalize,cpu,9357.55,9362.71
0,328,g_a_cpu,cpu,9362.72,9363.07
0,328,g_a,dpu,9363.07,9468.32
0,328,g_a,dpu,9468.32,9540.49
0,328,g_a_cpu,cpu,9540.49,9540.82
0,328,h_a,dpu,9540.83,9543.7
0,328,eb_enc,cpu,9543.7,9543.85
0,328,eb_dec,cpu,9543.85,9543.99
0,328,h_s,dpu,9543.99,9566.21
0,328,gc,cpu,9566.22,9576.43
0,336,normalize,cpu,9576.99,9580.85
0,336,g_a_cpu,cpu,9580.85,9581.51
0,336,g_a,dpu,9581.51,9654.71
0,336,g_a,dpu,9654.71,9762.75
0,336,g_a_cpu,cpu,9762.75,9763.09
0,336,h_a,dpu,9763.09,9765.74
0,336,eb_enc,cpu,9765.75,9765.87
0,336,eb_dec,cpu,9765.88,9766.01
0,336,h_s,dpu,9766.01,9787.66
0,336,gc,cpu,9787.67,9797.9
0,343,normalize,cpu,9798.36,9802.81
0,343,g_a_cpu,cpu,9802.82,9803.4
0,343,g_a,dpu,9803.4,9949.95
0,343,g_a,dpu,9949.96,10022.2
0,343,g_a_cpu,cpu,10022.2,10022.5
0,343,h_a,dpu,10022.5,10025.4
0,343,eb_enc,cpu,10025.4,10025.6
0,343,eb_dec,cpu,10025.6,10025.7
0,343,h_s,dpu,10025.7,10085.3
0,343,gc,cpu,10085.3,10095.3
0,356,normalize,cpu,10096.2,10099.9
0,356,g_a_cpu,cpu,10099.9,10100.2
0,356,g_a,dpu,10100.2,10204.2
0,356,g_a,dpu,10204.2,10278.4
0,356,g_a_cpu,cpu,10278.4,10279
0,356,h_a,dpu,10279,10282.5
0,356,eb_enc,cpu,10282.5,10282.6
0,356,eb_dec,cpu,10282.6,10282.8
0,356,h_s,dpu,10282.8,10345
0,356,gc,cpu,10345,10354.9
0,364,normalize,cpu,10355.4,10359.1
0,364,g_a_cpu,cpu,10359.1,10359.3
0,364,g_a,dpu,10359.3,10466.6
0,364,g_a,dpu,10466.6,10547.6
0,364,g_a_cpu,cpu,10547.6,10547.9
0,364,h_a,dpu,10547.9,10560.2
0,364,eb_enc,cpu,10560.2,10560.3
0,364,eb_dec,cpu,10560.3,10560.4
0,364,h_s,dpu,10560.4,10606.3
0,364,gc,cpu,10606.3,10616
0,373,normalize,cpu,10616.6,10620.2
0,373,g_a_cpu,cpu,10620.2,10620.5
0,373,g_a,dpu,10620.5,10696
0,373,g_a,dpu,10696,10772.6
0,373,g_a_cpu,cpu,10772.6,10773.2
0,373,h_a,dpu,10773.2,10830.4
0,373,eb_enc,cpu,10830.4,10830.5
0,373,eb_dec,cpu,10830.5,10830.7
0,373,h_s,dpu,10830.7,10863.9
0,373,gc,cpu,10863.9,10873.8
0,381,normalize,cpu,10874.4,10878.1
0,381,g_a_cpu,cpu,10878.1,10878.4
0,381,g_a,dpu,10878.4,10924.4
0,381,g_a,dpu,10924.4,11032.4
0,381,g_a_cpu,cpu,11032.4,11032.7
0,381,h_a,dpu,11032.7,11051.7
0,381,eb_enc,cpu,11051.7,11051.8
0,381,eb_dec,cpu,11051.8,11052
0,381,h_s,dpu,11052,11087.6
0,381,gc,cpu,11087.6,11097.3
0,390,normalize,cpu,11097.7,11101.4
0,390,g_a_cpu,cpu,11101.4,11101.6
0,390,g_a,dpu,11101.6,11155.8
0,390,g_a,dpu,11155.8,11228
0,390,g_a_cpu,cpu,11228,11228.3
0,390,h_a,dpu,11228.3,11248.4
0,390,eb_enc,cpu,11248.4,11248.6
0,390,eb_dec,cpu,11248.6,11248.7
0,390,h_s,dpu,11248.7,11311.1
0,390,gc,cpu,11311.1,11320.9
0,398,normalize,cpu,11321.4,11325
0,398,g_a_cpu,cpu,11325,11325.3
0,398,g_a,dpu,11325.3,11376.7
0,398,g_a,dpu,11376.7,11413
0,398,g_a_cpu,cpu,11413,11413.4
0,398,h_a,dpu,11413.4,11435.7
0,398,eb_enc,cpu,11435.7,11435.9
0,398,eb_dec,cpu,11435.9,11436
0,398,h_s,dpu,11436,11497.6
0,398,gc,cpu,11497.6,11507.2
0,405,normalize,cpu,11507.9,11511.5
0,405,g_a_cpu,cpu,11511.5,11512
0,405,g_a,dpu,11512,11596.9
0,405,g_a,dpu,11596.9,11670.2
0,405,g_a_cpu,cpu,11670.2,11670.8
0,405,h_a,dpu,11670.8,11699.8
0,405,eb_enc,cpu,11699.8,11700
0,405,eb_dec,cpu,11700,11700.1
0,405,h_s,dpu,11700.1,11760.1
0,405,gc,cpu,11760.1,11769.9
0,414,normalize,cpu,11770.4,11774.1
0,414,g_a_cpu,cpu,11774.1,11774.3
0,414,g_a,dpu,11774.4,11819.5
0,414,g_a,dpu,11819.5,11856
0,414,g_a_cpu,cpu,11856,11856.3
0,414,h_a,dpu,11856.3,11884.1
0,414,eb_enc,cpu,11884.1,11884.2
0,414,eb_dec,cpu,11884.2,11884.4
0,414,h_s,dpu,11884.4,11947.3
0,414,gc,cpu,11947.3,11957.1
0,421,normalize,cpu,11957.5,11961.2
0,421,g_a_cpu,cpu,11961.2,11961.5
0,421,g_a,dpu,11961.5,12039.4
0,421,g_a,dpu,12039.5,12112.9
0,421,g_a_cpu,cpu,12112.9,12113.4
0,421,h_a,dpu,12113.4,12135.5
0,421,eb_enc,cpu,12135.5,12135.7
0,421,eb_dec,cpu,12135.7,12135.8
0,421,h_s,dpu,12135.8,12176.1
0,421,gc,cpu,12176.1,12186.2
0,429,normalize,cpu,12187.1,12190.8
0,429,g_a_cpu,cpu,12190.8,12191.2
0,429,g_a,dpu,12191.2,12261.2
0,429,g_a,dpu,12261.2,12298.1
0,429,g_a_cpu,cpu,12298.1,12298.6
0,429,h_a,dpu,12298.6,12318.9
0,429,eb_enc,cpu,12318.9,12319.1
0,429,eb_dec,cpu,12319.1,12319.2
0,429,h_s,dpu,12319.2,12326.4
0,429,gc,cpu,12326.4,12336.7
0,436,normalize,cpu,12337.2,12340.8
0,436,g_a_cpu,cpu,12340.8,12341.1
0,436,g_a,dpu,12341.1,12443.6
0,436,g_a,dpu,12443.6,12517.5
0,436,g_a_cpu,cpu,12517.5,12517.8
0,436,h_a,dpu,12517.8,12535.1
0,436,eb_enc,cpu,12535.1,12535.2
0,436,eb_dec,cpu,12535.2,12535.3
0,436,h_s,dpu,12535.3,12549.6
0,436,gc,cpu,12549.6,12560.7
0,444,normalize,cpu,12561.3,12564.9
0,444,g_a_cpu,cpu,12564.9,12565.2
0,444,g_a,dpu,12565.2,12664.8
0,444,g_a,dpu,12664.8,12738.5
0,444,g_a_cpu,cpu,12738.5,12738.9
0,444,h_a,dpu,12738.9,12741.7
0,444,eb_enc,cpu,12741.7,12741.8
0,444,eb_dec,cpu,12741.8,12742
0,444,h_s,dpu,12742,12846.2
0,444,gc,cpu,12846.2,12856.5
0,454,normalize,cpu,12857,12860.6
0,454,g_a_cpu,cpu,12860.6,12860.9
0,454,g_a,dpu,12860.9,12925.7
0,454,g_a,dpu,12925.7,12964.6
0,454,g_a_cpu,cpu,12964.6,12964.9
0,454,h_a,dpu,12964.9,13019.1
0,454,eb_enc,cpu,13019.1,13019.2
0,454,eb_dec,cpu,13019.2,13019.4
0,454,h_s,dpu,13019.4,13067.9
0,454,gc,cpu,13067.9,13078.2
0,461,normalize,cpu,13078.6,13082.3
0,461,g_a_cpu,cpu,13082.3,13082.6
0,461,g_a,dpu,13082.6,13149.2
0,461,g_a,dpu,13149.2,13224.9
0,461,g_a_cpu,cpu,13224.9,13225.4
0,461,h_a,dpu,13225.4,13278.5
0,461,eb_enc,cpu,13278.5,13278.7
0,461,eb_dec,cpu,13278.7,13278.8
0,461,h_s,dpu,13278.8,13335.8
0,461,gc,cpu,13335.8,13345.9
0,470,normalize,cpu,13346.5,13361.3
0,470,g_a_cpu,cpu,13361.3,13361.7
0,470,g_a,dpu,13361.7,13398.2
0,470,g_a,dpu,13398.2,13469.9
0,470,g_a_cpu,cpu,13469.9,13470.4
0,470,h_a,dpu,13470.4,13505.3
0,470,eb_enc,cpu,13505.3,13505.4
0,470,eb_dec,cpu,13505.4,13505.6
0,470,h_s,dpu,13505.6,13571.4
0,470,gc,cpu,13571.4,13581.4
0,478,normalize,cpu,13582.6,13586.2
0,478,g_a_cpu,cpu,13586.2,13586.6
0,478,g_a,dpu,13586.6,13623.2
0,478,g_a,dpu,13623.2,13694.9
0,478,g_a_cpu,cpu,13694.9,13695.5
0,478,h_a,dpu,13695.5,13746.1
0,478,eb_enc,cpu,13746.1,13746.2
0,478,eb_dec,cpu,13746.2,13746.4
0,478,h_s,dpu,13746.4,13795.9
0,478,gc,cpu,13795.9,13805.8
0,488,normalize,cpu,13806.3,13810.5
0,488,g_a_cpu,cpu,13810.5,13810.9
0,488,g_a,dpu,13810.9,13847.4
0,488,g_a,dpu,13847.4,13919.2
0,488,g_a_cpu,cpu,13919.2,13919.7
0,488,h_a,dpu,13919.7,13938.3
0,488,eb_enc,cpu,13938.3,13938.4
0,488,eb_dec,cpu,13938.4,13938.5
0,488,h_s,dpu,13938.5,14023.9
0,488,gc,cpu,14023.9,14034.6
0,495,normalize,cpu,14035.2,14043.3
0,495,g_a_cpu,cpu,14043.3,14043.6
0,495,g_a,dpu,14043.6,14151.7
0,495,g_a,dpu,14151.7,14223.5
0,495,g_a_cpu,cpu,14223.5,14224
0,495,h_a,dpu,14224,14226.8
0,495,eb_enc,cpu,14226.8,14226.9
0,495,eb_dec,cpu,14226.9,14227.1
0,495,h_s,dpu,14227.1,14251.8
0,495,gc,cpu,14251.8,14263
0,503,normalize,cpu,14264,14270.7
0,503,g_a_cpu,cpu,14270.7,14271.1
0,503,g_a,dpu,14271.1,14340.2
0,503,g_a,dpu,14340.2,14447.8
0,503,g_a_cpu,cpu,14447.8,14448.2
0,503,h_a,dpu,14448.2,14450.8
0,503,eb_enc,cpu,14450.8,14450.9
0,503,eb_dec,cpu,14450.9,14451
0,503,h_s,dpu,14451,14474.9
0,503,gc,cpu,14474.9,14485
0,510,normalize,cpu,14485.8,14489.7
0,510,g_a_cpu,cpu,14489.7,14490.4
0,510,g_a,dpu,14490.4,14562
0,510,g_a,dpu,14562,14669.6
0,510,g_a_cpu,cpu,14669.6,14670.1
0,510,h_a,dpu,14670.1,14672.6
0,510,eb_enc,cpu,14672.6,14672.7
0,510,eb_dec,cpu,14672.7,14672.9
0,510,h_s,dpu,14672.9,14729.6
0,510,gc,cpu,14729.6,14739.9
0,521,normalize,cpu,14740.7,14744.4
0,521,g_a_cpu,cpu,14744.4,14744.9
0,521,g_a,dpu,14744.9,14816.7
0,521,g_a,dpu,14816.7,14924.4
0,521,g_a_cpu,cpu,14924.4,14924.9
0,521,h_a,dpu,14924.9,14927.5
0,521,eb_enc,cpu,14927.5,14927.7
0,521,eb_dec,cpu,14927.7,14927.8
0,521,h_s,dpu,14927.8,14957.4
0,521,gc,cpu,14957.4,14968.4
0,527,normalize,cpu,14968.9,14972.7
0,527,g_a_cpu,cpu,14972.7,14976.1
0,527,g_a,dpu,14976.1,15118
0,527,g_a,dpu,15118,15154.3
0,527,g_a_cpu,cpu,15154.3,15154.7
0,527,h_a,dpu,15154.7,15157.6
0,527,eb_enc,cpu,15157.6,15157.7
0,527,eb_dec,cpu,15157.7,15157.8
0,527,h_s,dpu,15157.8,15178.1
0,527,gc,cpu,15178.1,15187.9
0,535,normalize,cpu,15188.4,15192
0,535,g_a_cpu,cpu,15192,15192.4
0,535,g_a,dpu,15192.4,15267.5
0,535,g_a,dpu,15267.5,15375.8
0,535,g_a_cpu,cpu,15375.8,15376.4
0,535,h_a,dpu,15376.4,15379.1
0,535,eb_enc,cpu,15379.1,15379.2
0,535,eb_dec,cpu,15379.2,15379.4
0,535,h_s,dpu,15379.4,15402.1
0,535,gc,cpu,15402.1,15411.9
0,543,normalize,cpu,15412.4,15416
0,543,g_a_cpu,cpu,15416,15416.8
0,543,g_a,dpu,15416.8,15454.3
0,543,g_a,dpu,15454.3,15562.7
0,543,g_a_cpu,cpu,15562.7,15563.1
0,543,h_a,dpu,15563.1,15581.6
0,543,eb_enc,cpu,15581.6,15581.7
0,543,eb_dec,cpu,15581.7,15581.8
0,543,h_s,dpu,15581.8,15623.5
0,543,gc,cpu,15623.5,15633.4
0,552,normalize,cpu,15633.8,15637.6
0,552,g_a_cpu,cpu,15637.6,15638.2
0,552,g_a,dpu,15638.2,15677
0,552,g_a,dpu,15677,15748.7
0,552,g_a_cpu,cpu,15748.7,15749.2
0,552,h_a,dpu,15749.2,15803.6
0,552,eb_enc,cpu,15803.6,15803.8
0,552,eb_dec,cpu,15803.8,15803.9
0,552,h_s,dpu,15803.9,15846.4
0,552,gc,cpu,15846.4,15856.5
0,558,normalize,cpu,15857.2,15861.1
0,558,g_a_cpu,cpu,15861.1,15861.6
0,558,g_a,dpu,15861.6,15898.9
0,558,g_a,dpu,15898.9,15971.2
0,558,g_a_cpu,cpu,15971.2,15971.6
0,558,h_a,dpu,15971.6,16023.1
0,558,eb_enc,cpu,16023.1,16023.2
0,558,eb_dec,cpu,16023.2,16023.4
0,558,h_s,dpu,16023.4,16068.2
0,558,gc,cpu,16068.2,16078.3
0,568,normalize,cpu,16078.9,16082.8
0,568,g_a_cpu,cpu,16082.8,16084.1
0,568,g_a,dpu,16084.1,16156.7
0,568,g_a,dpu,16156.7,16228.9
0,568,g_a_cpu,cpu,16228.9,16229.3
0,568,h_a,dpu,16229.3,16231.9
0,568,eb_enc,cpu,16231.9,16232
0,568,eb_dec,cpu,16232,16232.1
0,568,h_s,dpu,16232.1,16296.6
0,568,gc,cpu,16296.6,16306.5
0,578,normalize,cpu,16307.1,16310.8
0,578,g_a_cpu,cpu,16310.8,16311
0,578,g_a,dpu,16311,16389.4
0,578,g_a,dpu,16389.4,16462.9
0,578,g_a_cpu,cpu,16462.9,16463.3
0,578,h_a,dpu,16463.3,16466.1
0,578,eb_enc,cpu,16466.1,16466.2
0,578,eb_dec,cpu,16466.2,16466.4
0,578,h_s,dpu,16466.4,16523.8
0,578,gc,cpu,16523.8,16533.6
0,586,normalize,cpu,16534.1,16537.7
0,586,g_a_cpu,cpu,16537.7,16538
0,586,g_a,dpu,16538,16611.5
0,586,g_a,dpu,16611.5,16685.8
0,586,g_a_cpu,cpu,16685.8,16686.3
0,586,h_a,dpu,16686.3,16691
0,586,eb_enc,cpu,16691,16691.2
0,586,eb_dec,cpu,16691.2,16691.3
0,586,h_s,dpu,16691.3,16749.3
0,586,gc,cpu,16749.3,16758.9
0,593,normalize,cpu,16759.4,16763.1
0,593,g_a_cpu,cpu,16763.1,16763.3
0,593,g_a,dpu,16763.3,16837.3
0,593,g_a,dpu,16837.3,16911.3
0,593,g_a_cpu,cpu,16911.3,16911.8
0,593,h_a,dpu,16911.8,16914.5
0,593,eb_enc,cpu,16914.5,16914.7
0,593,eb_dec,cpu,16914.7,16914.8
0,593,h_s,dpu,16914.8,16974.5
0,593,gc,cpu,16974.5,16984.2
0,601,normalize,cpu,16984.7,16988.4
0,601,g_a_cpu,cpu,16988.4,16988.6
0,601,g_a,dpu,16988.6,17061.9
0,601,g_a,dpu,17061.9,17135.7
0,601,g_a_cpu,cpu,17135.7,17136.1
0,601,h_a,dpu,17136.1,17139.4
0,601,eb_enc,cpu,17139.4,17139.6
0,601,eb_dec,cpu,17139.6,17139.7
0,601,h_s,dpu,17139.7,17196.1
0,601,gc,cpu,17196.1,17205.8
0,609,normalize,cpu,17206.3,17209.9
0,609,g_a_cpu,cpu,17209.9,17210.2
0,609,g_a,dpu,17210.2,17283.6
0,609,g_a,dpu,17283.7,17359.5
0,609,g_a_cpu,cpu,17359.5,17360
0,609,h_a,dpu,17360,17375.7
0,609,eb_enc,cpu,17375.7,17375.8
0,609,eb_dec,cpu,17375.8,17376
0,609,h_s,dpu,17376,17462.5
0,609,gc,cpu,17462.5,17472.4
0,617,normalize,cpu,17472.8,17476.5
0,617,g_a_cpu,cpu,17476.5,17476.8
0,617,g_a,dpu,17476.8,17540.7
0,617,g_a,dpu,17540.7,17580.3
0,617,g_a_cpu,cpu,17580.3,17580.8
0,617,h_a,dpu,17580.8,17600.5
0,617,eb_enc,cpu,17600.5,17600.6
0,617,eb_dec,cpu,17600.6,17600.8
0,617,h_s,dpu,17600.8,17689.3
0,617,gc,cpu,17689.3,17699.4
0,625,normalize,cpu,17699.9,17703.6
0,625,g_a_cpu,cpu,17703.6,17703.8
0,625,g_a,dpu,17703.8,17765.3
0,625,g_a,dpu,17765.3,17851.6
0,625,g_a_cpu,cpu,17851.6,17852.1
0,625,h_a,dpu,17852.1,17859.4
0,625,eb_enc,cpu,17859.4,17859.6
0,625,eb_dec,cpu,17859.6,17859.7
0,625,h_s,dpu,17859.7,17947.6
0,625,gc,cpu,17947.6,17957.4
0,633,normalize,cpu,17957.9,17961.6
0,633,g_a_cpu,cpu,17961.6,17962.2
0,633,g_a,dpu,17962.2,18000.6
0,633,g_a,dpu,18000.6,18037.3
0,633,g_a_cpu,cpu,18037.3,18037.6
0,633,h_a,dpu,18037.6,18055.4
0,633,eb_enc,cpu,18055.4,18055.5
0,633,eb_dec,cpu,18055.5,18055.7
0,633,h_s,dpu,18055.7,18099.9
0,633,gc,cpu,18099.9,18109.9
0,641,normalize,cpu,18110.4,18114.3
0,641,g_a_cpu,cpu,18114.3,18114.6
0,641,g_a,dpu,18114.6,18222.4
0,641,g_a,dpu,18222.4,18296.5
0,641,g_a_cpu,cpu,18296.5,18296.9
0,641,h_a,dpu,18296.9,18319.8
0,641,eb_enc,cpu,18319.8,18320
0,641,eb_dec,cpu,18320,18320.2
0,641,h_s,dpu,18320.2,18358
0,641,gc,cpu,18358,18367.8
0,649,normalize,cpu,18368.4,18372.7
0,649,g_a_cpu,cpu,18372.7,18378.3
0,649,g_a,dpu,18378.4,18414.9
0,649,g_a,dpu,18414.9,18451.2
0,649,g_a_cpu,cpu,18451.2,18451.5
0,649,h_a,dpu,18451.5,18499.5
0,649,eb_enc,cpu,18499.5,18499.6
0,649,eb_dec,cpu,18499.6,18499.8
0,649,h_s,dpu,18499.8,18542.5
0,649,gc,cpu,18542.5,18552.4
0,656,normalize,cpu,18553,18556.6
0,656,g_a_cpu,cpu,18556.6,18556.9
0,656,g_a,dpu,18556.9,18599.1
0,656,g_a,dpu,18599.1,18637.8
0,656,g_a_cpu,cpu,18637.8,18638.2
0,656,h_a,dpu,18638.2,18691
0,656,eb_enc,cpu,18691,18691.2
0,656,eb_dec,cpu,18691.2,18691.3
0,656,h_s,dpu,18691.3,18772.3
0,656,gc,cpu,18772.3,18782
0,664,normalize,cpu,18782.5,18786.9
0,664,g_a_cpu,cpu,18786.9,18787.5
0,664,g_a,dpu,18787.5,18824
0,664,g_a,dpu,18824,18861.1
0,664,g_a_cpu,cpu,18861.1,18861.6
0,664,h_a,dpu,18861.6,18913.3
0,664,eb_enc,cpu,18913.3,18913.5
0,664,eb_dec,cpu,18913.5,18913.6
0,664,h_s,dpu,18913.6,18995.4
0,664,gc,cpu,18995.4,19005.3
0,672,normalize,cpu,19005.9,19010.2
0,672,g_a_cpu,cpu,19010.2,19010.6
0,672,g_a,dpu,19010.6,19047.1
0,672,g_a,dpu,19047.1,19119.4
0,672,g_a_cpu,cpu,19119.4,19120
0,672,h_a,dpu,19120,19172.5
0,672,eb_enc,cpu,19172.5,19172.6
0,672,eb_dec,cpu,19172.6,19172.8
0,672,h_s,dpu,19172.8,19185.6
0,672,gc,cpu,19185.6,19195.4
0,679,normalize,cpu,19196.9,19205.8
0,679,g_a_cpu,cpu,19205.8,19206.2
0,679,g_a,dpu,19206.2,19311.7
0,679,g_a,dpu,19311.7,19384.4
0,679,g_a_cpu,cpu,19384.4,19385.1
0,679,h_a,dpu,19385.1,19404.5
0,679,eb_enc,cpu,19404.5,19404.6
0,679,eb_dec,cpu,19404.6,19404.8
0,679,h_s,dpu,19404.8,19411.8
0,679,gc,cpu,19411.8,19422
0,690,normalize,cpu,19422.8,19427.8
0,690,g_a_cpu,cpu,19427.8,19428.1
0,690,g_a,dpu,19428.1,19533.9
0,690,g_a,dpu,19533.9,19606.6
0,690,g_a_cpu,cpu,19606.6,19607.2
0,690,h_a,dpu,19607.2,19612.5
0,690,eb_enc,cpu,19612.5,19612.6
0,690,eb_dec,cpu,19612.6,19612.7
0,690,h_s,dpu,19612.7,19680.2
0,690,gc,cpu,19680.2,19690.1
0,699,normalize,cpu,19690.6,19694.3
0,699,g_a_cpu,cpu,19694.3,19694.6
0,699,g_a,dpu,19694.6,19768.9
0,699,g_a,dpu,19768.9,19842
0,699,g_a_cpu,cpu,19842,19842.7
0,699,h_a,dpu,19842.7,19845.7
0,699,eb_enc,cpu,19845.7,19845.8
0,699,eb_dec,cpu,19845.8,19846
0,699,h_s,dpu,19846,19979.4
0,699,gc,cpu,19979.4,19989.9
0,708,normalize,cpu,19990.4,19994.1
0,708,g_a_cpu,cpu,19994.1,19994.6
0,708,g_a,dpu,19994.6,20031.1
0,708,g_a,dpu,20031.1,20103.8
0,708,g_a_cpu,cpu,20103.8,20104.3
0,708,h_a,dpu,20104.3,20107
0,708,eb_enc,cpu,20107,20107.1
0,708,eb_dec,cpu,20107.1,20107.2
0,708,h_s,dpu,20107.2,20210.7
0,708,gc,cpu,20210.7,20220.9
0,718,normalize,cpu,20221.3,20225
0,718,g_a_cpu,cpu,20225,20225.3
0,718,g_a,dpu,20225.3,20261.9
0,718,g_a,dpu,20261.9,20334.6
0,718,g_a_cpu,cpu,20334.6,20335.1
0,718,h_a,dpu,20335.1,20349.5
0,718,eb_enc,cpu,20349.5,20349.6
0,718,eb_dec,cpu,20349.6,20349.7
0,718,h_s,dpu,20349.7,20400.7
0,718,gc,cpu,20400.7,20410.8
0,723,normalize,cpu,20411.3,20415.1
0,723,g_a_cpu,cpu,20415.1,20415.5
0,723,g_a,dpu,20415.5,20452.2
0,723,g_a,dpu,20452.2,20560
0,723,g_a_cpu,cpu,20560,20560.5
0,723,h_a,dpu,20560.5,20574.1
0,723,eb_enc,cpu,20574.1,20574.2
0,723,eb_dec,cpu,20574.2,20574.3
0,723,h_s,dpu,20574.3,20625.9
0,723,gc,cpu,20625.9,20645
0,735,normalize,cpu,20645.5,20649.2
0,735,g_a_cpu,cpu,20649.2,20649.5
0,735,g_a,dpu,20649.5,20818.4
0,735,g_a,dpu,20818.4,20856
0,735,g_a_cpu,cpu,20856,20856.4
0,735,h_a,dpu,20856.4,20859.1
0,735,eb_enc,cpu,20859.1,20859.3
0,735,eb_dec,cpu,20859.3,20859.5
0,735,h_s,dpu,20859.5,20925.3
0,735,gc,cpu,20925.3,20934.8
0,744,normalize,cpu,20935.3,20939.9
0,744,g_a_cpu,cpu,20939.9,20940.1
0,744,g_a,dpu,20940.2,21047.4
0,744,g_a,dpu,21047.4,21085.1
0,744,g_a_cpu,cpu,21085.1,21085.4
0,744,h_a,dpu,21085.4,21088.3
0,744,eb_enc,cpu,21088.3,21088.5
0,744,eb_dec,cpu,21088.5,21088.6
0,744,h_s,dpu,21088.6,21150.4
0,744,gc,cpu,21150.4,21160.2
0,752,normalize,cpu,21160.8,21164.4
0,752,g_a_cpu,cpu,21164.4,21164.7
0,752,g_a,dpu,21164.7,21276.4
0,752,g_a,dpu,21276.4,21314.1
0,752,g_a_cpu,cpu,21314.1,21314.8
0,752,h_a,dpu,21314.8,21327.4
0,752,eb_enc,cpu,21327.4,21327.6
0,752,eb_dec,cpu,21327.6,21327.8
0,752,h_s,dpu,21327.8,21382
0,752,gc,cpu,21382,21392.6
0,760,normalize,cpu,21393.1,21396.8
0,760,g_a_cpu,cpu,21396.8,21397
0,760,g_a,dpu,21397,21501.1
0,760,g_a,dpu,21501.1,21539.2
0,760,g_a_cpu,cpu,21539.2,21540
0,760,h_a,dpu,21540,21558.1
0,760,eb_enc,cpu,21558.1,21558.2
0,760,eb_dec,cpu,21558.2,21558.4
0,760,h_s,dpu,21558.4,21603.6
0,760,gc,cpu,21603.6,21613.3
0,768,normalize,cpu,21613.7,21617.4
0,768,g_a_cpu,cpu,21617.4,21617.9
0,768,g_a,dpu,21617.9,21725.2
0,768,g_a,dpu,21725.2,21776.4
0,768,g_a_cpu,cpu,21776.4,21776.8
0,768,h_a,dpu,21776.8,21817.5
0,768,eb_enc,cpu,21817.5,21817.6
0,768,eb_dec,cpu,21817.6,21817.7
0,768,h_s,dpu,21817.7,21860.9
0,768,gc,cpu,21860.9,21870.7
0,776,normalize,cpu,21871.2,21874.9
0,776,g_a_cpu,cpu,21874.9,21875.2
0,776,g_a,dpu,21875.2,21959
0,776,g_a,dpu,21959,22084.6
0,776,g_a_cpu,cpu,22084.6,22085.1
0,776,h_a,dpu,22085.1,22088.4
0,776,eb_enc,cpu,22088.4,22088.5
0,776,eb_dec,cpu,22088.5,22088.7
0,776,h_s,dpu,22088.7,22122.9
0,776,gc,cpu,22122.9,22133.2
0,783,normalize,cpu,22133.8,22137.5
0,783,g_a_cpu,cpu,22137.5,22137.8
0,783,g_a,dpu,22137.8,22197.5
0,783,g_a,dpu,22197.5,22305.5
0,783,g_a_cpu,cpu,22305.5,22305.8
0,783,h_a,dpu,22305.8,22325.9
0,783,eb_enc,cpu,22325.9,22326
0,783,eb_dec,cpu,22326,22326.2
0,783,h_s,dpu,22326.2,22363.3
0,783,gc,cpu,22363.3,22373.3
0,792,normalize,cpu,22373.8,22377.5
0,792,g_a_cpu,cpu,22377.5,22377.8
0,792,g_a,dpu,22377.8,22418.3
0,792,g_a,dpu,22418.3,22454.6
0,792,g_a_cpu,cpu,22454.6,22455
0,792,h_a,dpu,22455,22507.7
0,792,eb_enc,cpu,22507.7,22507.8
0,792,eb_dec,cpu,22507.8,22507.9
0,792,h_s,dpu,22507.9,22547.8
0,792,gc,cpu,22547.8,22557.4
0,800,normalize,cpu,22557.9,22561.5
0,800,g_a_cpu,cpu,22561.5,22561.8
0,800,g_a,dpu,22561.8,22639.2
0,800,g_a,dpu,22639.2,22749.2
0,800,g_a_cpu,cpu,22749.2,22749.6
0,800,h_a,dpu,22749.6,22767.7
0,800,eb_enc,cpu,22767.7,22767.8
0,800,eb_dec,cpu,22767.8,22768
0,800,h_s,dpu,22768,22805.8
0,800,gc,cpu,22805.8,22815.7
0,808,normalize,cpu,22816.1,22819.8
0,808,g_a_cpu,cpu,22819.8,22820.1
0,808,g_a,dpu,22820.1,22862.3
0,808,g_a,dpu,22862.3,22970.3
0,808,g_a_cpu,cpu,22970.3,22970.9
0,808,h_a,dpu,22970.9,22987.5
0,808,eb_enc,cpu,22987.5,22987.7
0,808,eb_dec,cpu,22987.7,22987.8
0,808,h_s,dpu,22987.8,23027.6
0,808,gc,cpu,23027.6,23037.3
0,816,normalize,cpu,23037.7,23041.3
0,816,g_a_cpu,cpu,23041.3,23041.7
0,816,g_a,dpu,23041.7,23083.3
0,816,g_a,dpu,23083.4,23119.7
0,816,g_a_cpu,cpu,23119.7,23120.1
0,816,h_a,dpu,23120.1,23174.3
0,816,eb_enc,cpu,23174.3,23174.4
0,816,eb_dec,cpu,23174.4,23174.5
0,816,h_s,dpu,23174.5,23220.9
0,816,gc,cpu,23220.9,23230.8
0,824,normalize,cpu,23231.3,23235
0,824,g_a_cpu,cpu,23235,23235.2
0,824,g_a,dpu,23235.2,23302.4
0,824,g_a,dpu,23302.4,23340.3
0,824,g_a_cpu,cpu,23340.3,23340.8
0,824,h_a,dpu,23340.8,23399.2
0,824,eb_enc,cpu,23399.2,23399.3
0,824,eb_dec,cpu,23399.3,23399.5
0,824,h_s,dpu,23399.5,23445
0,824,gc,cpu,23445,23455.2
0,832,normalize,cpu,23455.7,23459.4
0,832,g_a_cpu,cpu,23459.4,23459.6
0,832,g_a,dpu,23459.6,23523.6
0,832,g_a,dpu,23523.6,23609.6
0,832,g_a_cpu,cpu,23609.6,23610
0,832,h_a,dpu,23610,23656
0,832,eb_enc,cpu,23656,23656.1
0,832,eb_dec,cpu,23656.1,23656.3
0,832,h_s,dpu,23656.3,23713.2
0,832,gc,cpu,23713.2,23724.7
0,841,normalize,cpu,23730,23733.6
0,841,g_a_cpu,cpu,23733.6,23734
0,841,g_a,dpu,23734,23838.7
0,841,g_a,dpu,23838.7,23911.8
0,841,g_a_cpu,cpu,23911.8,23912.3
0,841,h_a,dpu,23912.4,23915.1
0,841,eb_enc,cpu,23915.1,23915.2
0,841,eb_dec,cpu,23915.2,23915.3
0,841,h_s,dpu,23915.3,23973.9
0,841,gc,cpu,23973.9,23984.1
0,851,normalize,cpu,23984.6,23988.2
0,851,g_a_cpu,cpu,23988.2,23988.5
0,851,g_a,dpu,23988.5,24060.1
0,851,g_a,dpu,24060.1,24133.2
0,851,g_a_cpu,cpu,24133.2,24133.7
0,851,h_a,dpu,24133.7,24136.2
0,851,eb_enc,cpu,24136.2,24136.4
0,851,eb_dec,cpu,24136.4,24136.6
0,851,h_s,dpu,24136.6,24198.4
0,851,gc,cpu,24198.4,24208.9
0,859,normalize,cpu,24209.4,24213.1
0,859,g_a_cpu,cpu,24213.1,24213.5
0,859,g_a,dpu,24213.5,24280.2
0,859,g_a,dpu,24280.2,24352.9
0,859,g_a_cpu,cpu,24352.9,24353.5
0,859,h_a,dpu,24353.5,24360.6
0,859,eb_enc,cpu,24360.6,24360.8
0,859,eb_dec,cpu,24360.8,24360.9
0,859,h_s,dpu,24360.9,24497.5
0,859,gc,cpu,24497.5,24507.8
0,870,normalize,cpu,24508.5,24512.1
0,870,g_a_cpu,cpu,24512.1,24512.4
0,870,g_a,dpu,24512.5,24579.8
0,870,g_a,dpu,24579.8,24658.1
0,870,g_a_cpu,cpu,24658.1,24658.4
0,870,h_a,dpu,24658.4,24675.5
0,870,eb_enc,cpu,24675.5,24675.6
0,870,eb_dec,cpu,24675.6,24675.8
0,870,h_s,dpu,24675.8,24729
0,870,gc,cpu,24729,24739.1
0,879,normalize,cpu,24739.5,24743.2
0,879,g_a_cpu,cpu,24743.2,24743.5
0,879,g_a,dpu,24743.5,24815.7
0,879,g_a,dpu,24815.7,24889
0,879,g_a_cpu,cpu,24889,24889.4
0,879,h_a,dpu,24889.4,24909.7
0,879,eb_enc,cpu,24909.7,24909.9
0,879,eb_dec,cpu,24909.9,24910
0,879,h_s,dpu,24910,24957.2
0,879,gc,cpu,24957.2,24967.2
0,887,normalize,cpu,24967.7,24971.4
0,887,g_a_cpu,cpu,24971.4,24971.8
0,887,g_a,dpu,24971.8,25043.3
0,887,g_a,dpu,25043.3,25116.9
0,887,g_a_cpu,cpu,25116.9,25117.4
0,887,h_a,dpu,25117.4,25119.9
0,887,eb_enc,cpu,25119.9,25120
0,887,eb_dec,cpu,25120,25120.2
0,887,h_s,dpu,25120.2,25180.1
0,887,gc,cpu,25180.1,25190
0,896,normalize,cpu,25190.4,25194.1
0,896,g_a_cpu,cpu,25194.1,25194.5
0,896,g_a,dpu,25194.5,25266.2
0,896,g_a,dpu,25266.2,25338.1
0,896,g_a_cpu,cpu,25338.1,25338.6
0,896,h_a,dpu,25338.6,25341.2
0,896,eb_enc,cpu,25341.2,25341.3
0,896,eb_dec,cpu,25341.3,25341.5
0,896,h_s,dpu,25341.5,25372.8
0,896,gc,cpu,25372.8,25384.6
0,901,normalize,cpu,25385.2,25388.9
0,901,g_a_cpu,cpu,25388.9,25389.4
0,901,g_a,dpu,25389.4,25496.1
0,901,g_a,dpu,25496.1,25569.3
0,901,g_a_cpu,cpu,25569.3,25570
0,901,h_a,dpu,25570,25572.8
0,901,eb_enc,cpu,25572.8,25573
0,901,eb_dec,cpu,25573,25573.1
0,901,h_s,dpu,25573.1,25633.3
0,901,gc,cpu,25633.3,25643
0,913,normalize,cpu,25643.5,25647.2
0,913,g_a_cpu,cpu,25647.2,25647.4
0,913,g_a,dpu,25647.4,25754.4
0,913,g_a,dpu,25754.4,25791.3
0,913,g_a_cpu,cpu,25791.3,25791.8
0,913,h_a,dpu,25791.8,25794.3
0,913,eb_enc,cpu,25794.3,25794.4
0,913,eb_dec,cpu,25794.4,25794.6
0,913,h_s,dpu,25794.6,25868.7
0,913,gc,cpu,25868.8,25878.7
0,921,normalize,cpu,25879.2,25882.8
0,921,g_a_cpu,cpu,25882.8,25883.1
0,921,g_a,dpu,25883.1,25975.4
0,921,g_a,dpu,25975.4,26048
0,921,g_a_cpu,cpu,26048,26048.6
0,921,h_a,dpu,26048.6,26051.5
0,921,eb_enc,cpu,26051.5,26051.6
0,921,eb_dec,cpu,26051.6,26051.8
0,921,h_s,dpu,26051.8,26061.7
0,921,gc,cpu,26061.7,26071.8
1,5,normalize,cpu,76.2068,79.8865
1,5,g_a_cpu,cpu,80.0108,80.3674
1,5,g_a,dpu,80.3731,147.877
1,5,g_a,dpu,147.884,255.886
1,5,g_a_cpu,cpu,255.887,256.372
1,5,h_a,dpu,256.379,298.068
1,5,eb_enc,cpu,298.069,298.188
1,5,eb_dec,cpu,298.188,298.304
1,5,h_s,dpu,298.304,308.609
1,5,gc,cpu,308.616,322.35
1,13,normalize,cpu,322.843,326.56
1,13,g_a_cpu,cpu,326.562,326.917
1,13,g_a,dpu,326.92,397.436
1,13,g_a,dpu,397.437,505.201
1,13,g_a_cpu,cpu,505.205,505.645
1,13,h_a,dpu,505.648,532.392
1,13,eb_enc,cpu,532.392,532.521
1,13,eb_dec,cpu,532.522,532.645
1,13,h_s,dpu,532.645,539.888
1,13,gc,cpu,539.889,550.348
1,17,normalize,cpu,551.231,564.865
1,17,g_a_cpu,cpu,564.87,565.296
1,17,g_a,dpu,565.3,631.092
1,17,g_a,dpu,631.093,739.612
1,17,g_a_cpu,cpu,739.616,740.117
1,17,h_a,dpu,740.119,779.75
1,17,eb_enc,cpu,779.751,779.892
1,17,eb_dec,cpu,779.893,780.009
1,17,h_s,dpu,780.009,784.423
1,17,gc,cpu,784.424,806.332
1,28,normalize,cpu,807.082,810.772
1,28,g_a_cpu,cpu,810.777,811.303
1,28,g_a,dpu,811.306,873.928
1,28,g_a,dpu,873.933,982.548
1,28,g_a_cpu,cpu,982.549,983.017
1,28,h_a,dpu,983.02,1011.8
1,28,eb_enc,cpu,1011.8,1011.94
1,28,eb_dec,cpu,1011.94,1012.06
1,28,h_s,dpu,1012.06,1015.3
1,28,gc,cpu,1015.3,1032.68
1,34,normalize,cpu,1033.45,1037.28
1,34,g_a_cpu,cpu,1037.29,1037.65
1,34,g_a,dpu,1037.65,1103.94
1,34,g_a,dpu,1103.94,1212.92
1,34,g_a_cpu,cpu,1212.92,1213.25
1,34,h_a,dpu,1213.26,1257.2
1,34,eb_enc,cpu,1257.21,1257.32
1,34,eb_dec,cpu,1257.33,1257.44
1,34,h_s,dpu,1257.44,1259.14
1,34,gc,cpu,1259.14,1281.66
1,46,normalize,cpu,1282.16,1285.86
1,46,g_a_cpu,cpu,1285.86,1286.08
1,46,g_a,dpu,1286.08,1362.6
1,46,g_a,dpu,1362.6,1471.22
1,46,g_a_cpu,cpu,1471.22,1471.7
1,46,h_a,dpu,1471.7,1493.07
1,46,eb_enc,cpu,1493.08,1493.2
1,46,eb_dec,cpu,1493.2,1493.31
1,46,h_s,dpu,1493.31,1502.64
1,46,gc,cpu,1502.64,1512.99
1,54,normalize,cpu,1513.46,1517.18
1,54,g_a_cpu,cpu,1517.18,1517.6
1,54,g_a,dpu,1517.6,1623.96
1,54,g_a,dpu,1623.96,1704.63
1,54,g_a_cpu,cpu,1704.63,1705.32
1,54,h_a,dpu,1705.34,1754.28
1,54,eb_enc,cpu,1754.28,1754.43
1,54,eb_dec,cpu,1754.43,1754.55
1,54,h_s,dpu,1754.55,1844.06
1,54,gc,cpu,1844.06,1854.07
1,63,normalize,cpu,1854.63,1858.41
1,63,g_a_cpu,cpu,1858.41,1859.35
1,63,g_a,dpu,1859.35,1895.95
1,63,g_a,dpu,1895.95,1933.24
1,63,g_a_cpu,cpu,1933.24,1933.72
1,63,h_a,dpu,1933.72,1981.15
1,63,eb_enc,cpu,1981.15,1981.28
1,63,eb_dec,cpu,1981.28,1981.39
1,63,h_s,dpu,1981.39,1994.73
1,63,gc,cpu,1994.73,2004.46
1,70,normalize,cpu,2004.93,2008.63
1,70,g_a_cpu,cpu,2008.63,2009.05
1,70,g_a,dpu,2009.06,2118.26
1,70,g_a,dpu,2118.26,2160.48
1,70,g_a_cpu,cpu,2160.48,2160.97
1,70,h_a,dpu,2160.97,2245.46
1,70,eb_enc,cpu,2245.46,2245.6
1,70,eb_dec,cpu,2245.6,2245.73
1,70,h_s,dpu,2245.73,2296.36
1,70,gc,cpu,2296.36,2306.18
1,79,normalize,cpu,2307.29,2310.96
1,79,g_a_cpu,cpu,2310.96,2311.23
1,79,g_a,dpu,2311.24,2347.68
1,79,g_a,dpu,2347.68,2420.85
1,79,g_a_cpu,cpu,2420.85,2421.28
1,79,h_a,dpu,2421.28,2508.98
1,79,eb_enc,cpu,2508.98,2509.13
1,79,eb_dec,cpu,2509.13,2509.24
1,79,h_s,dpu,2509.24,2523.73
1,79,gc,cpu,2523.73,2534.79
1,86,normalize,cpu,2535.29,2538.98
1,86,g_a_cpu,cpu,2538.98,2539.33
1,86,g_a,dpu,2539.33,2575.95
1,86,g_a,dpu,2575.95,2692.21
1,86,g_a_cpu,cpu,2692.21,2692.66
1,86,h_a,dpu,2692.66,2733.15
1,86,eb_enc,cpu,2733.15,2733.28
1,86,eb_dec,cpu,2733.28,2733.4
1,86,h_s,dpu,2733.4,2736.06
1,86,gc,cpu,2736.06,2745.67
1,94,normalize,cpu,2746.18,2749.87
1,94,g_a_cpu,cpu,2749.88,2750.1
1,94,g_a,dpu,2750.11,2804.45
1,94,g_a,dpu,2804.45,2840.82
1,94,g_a_cpu,cpu,2840.83,2841.15
1,94,h_a,dpu,2841.15,2891.03
1,94,eb_enc,cpu,2891.03,2891.15
1,94,eb_dec,cpu,2891.15,2891.27
1,94,h_s,dpu,2891.27,2944.15
1,94,gc,cpu,2944.15,2953.9
1,102,normalize,cpu,2954.49,2958.14
1,102,g_a_cpu,cpu,2958.14,2958.4
1,102,g_a,dpu,2958.4,3029.23
1,102,g_a,dpu,3029.23,3104.35
1,102,g_a_cpu,cpu,3104.36,3104.88
1,102,h_a,dpu,3104.88,3189.86
1,102,eb_enc,cpu,3189.87,3190.01
1,102,eb_dec,cpu,3190.01,3190.13
1,102,h_s,dpu,3190.13,3193.67
1,102,gc,cpu,3193.69,3203.71
1,112,normalize,cpu,3204.19,3207.88
1,112,g_a_cpu,cpu,3207.88,3208.13
1,112,g_a,dpu,3208.13,3254.04
1,112,g_a,dpu,3254.05,3291.22
1,112,g_a_cpu,cpu,3291.22,3291.87
1,112,h_a,dpu,3291.87,3381.1
1,112,eb_enc,cpu,3381.1,3381.27
1,112,eb_dec,cpu,3381.27,3381.39
1,112,h_s,dpu,3381.39,3384.45
1,112,gc,cpu,3384.45,3394.03
1,118,normalize,cpu,3394.52,3398.17
1,118,g_a_cpu,cpu,3398.17,3398.5
1,118,g_a,dpu,3398.51,3438.79
1,118,g_a,dpu,3438.79,3512.43
1,118,g_a_cpu,cpu,3512.43,3512.83
1,118,h_a,dpu,3512.84,3571.04
1,118,eb_enc,cpu,3571.04,3571.17
1,118,eb_dec,cpu,3571.17,3571.28
1,118,h_s,dpu,3571.28,3586.05
1,118,gc,cpu,3586.05,3595.78
1,126,normalize,cpu,3596.24,3599.89
1,126,g_a_cpu,cpu,3599.89,3600.19
1,126,g_a,dpu,3600.2,3664.43
1,126,g_a,dpu,3664.43,3737.93
1,126,g_a_cpu,cpu,3737.93,3738.35
1,126,h_a,dpu,3738.35,3792.73
1,126,eb_enc,cpu,3792.73,3792.89
1,126,eb_dec,cpu,3792.89,3793.01
1,126,h_s,dpu,3793.01,3812.92
1,126,gc,cpu,3812.92,3831.95
1,135,normalize,cpu,3832.69,3836.79
1,135,g_a_cpu,cpu,3836.8,3837.14
1,135,g_a,dpu,3837.14,3900.36
1,135,g_a,dpu,3900.36,3972.44
1,135,g_a_cpu,cpu,3972.44,3972.9
1,135,h_a,dpu,3972.9,4015.23
1,135,eb_enc,cpu,4015.23,4015.35
1,135,eb_dec,cpu,4015.35,4015.47
1,135,h_s,dpu,4015.47,4019.48
1,135,gc,cpu,4019.48,4029.58
1,143,normalize,cpu,4030.02,4033.68
1,143,g_a_cpu,cpu,4033.69,4034.01
1,143,g_a,dpu,4034.01,4120.13
1,143,g_a,dpu,4120.13,4193.98
1,143,g_a_cpu,cpu,4193.98,4194.41
1,143,h_a,dpu,4194.42,4321.21
1,143,eb_enc,cpu,4321.21,4321.34
1,143,eb_dec,cpu,4321.34,4321.45
1,143,h_s,dpu,4321.45,4368.51
1,143,gc,cpu,4368.52,4378.78
1,154,normalize,cpu,4379.25,4382.9
1,154,g_a_cpu,cpu,4382.9,4383.26
1,154,g_a,dpu,4383.26,4419.87
1,154,g_a,dpu,4419.87,4496.41
1,154,g_a_cpu,cpu,4496.41,4496.86
1,154,h_a,dpu,4496.86,4546.34
1,154,eb_enc,cpu,4546.34,4546.49
1,154,eb_dec,cpu,4546.49,4546.61
1,154,h_s,dpu,4546.61,4564.62
1,154,gc,cpu,4564.62,4574.36
1,161,normalize,cpu,4574.82,4578.51
1,161,g_a_cpu,cpu,4578.51,4578.77
1,161,g_a,dpu,4578.78,4645.03
1,161,g_a,dpu,4645.03,4753.58
1,161,g_a_cpu,cpu,4753.58,4754.01
1,161,h_a,dpu,4754.01,4778.86
1,161,eb_enc,cpu,4778.86,4779.01
1,161,eb_dec,cpu,4779.01,4779.13
1,161,h_s,dpu,4779.13,4787.86
1,161,gc,cpu,4787.86,4797.8
1,168,normalize,cpu,4798.36,4802.1
1,168,g_a_cpu,cpu,4802.1,4802.42
1,168,g_a,dpu,4802.42,4868.56
1,168,g_a,dpu,4868.56,4944.76
1,168,g_a_cpu,cpu,4944.76,4945.25
1,168,h_a,dpu,4945.25,5010.47
1,168,eb_enc,cpu,5010.47,5010.61
1,168,eb_dec,cpu,5010.61,5010.73
1,168,h_s,dpu,5010.73,5023.25
1,168,gc,cpu,5023.25,5032.91
1,176,normalize,cpu,5033.42,5037.11
1,176,g_a_cpu,cpu,5037.11,5037.4
1,176,g_a,dpu,5037.4,5142.88
1,176,g_a,dpu,5142.88,5179.4
1,176,g_a_cpu,cpu,5179.4,5179.96
1,176,h_a,dpu,5179.97,5252.24
1,176,eb_enc,cpu,5252.24,5252.48
1,176,eb_dec,cpu,5252.48,5252.64
1,176,h_s,dpu,5252.64,5254.11
1,176,gc,cpu,5254.11,5264.21
1,184,normalize,cpu,5264.8,5268.45
1,184,g_a_cpu,cpu,5268.45,5268.78
1,184,g_a,dpu,5268.79,5329.44
1,184,g_a,dpu,5329.44,5404.27
1,184,g_a_cpu,cpu,5404.27,5404.72
1,184,h_a,dpu,5404.73,5484.91
1,184,eb_enc,cpu,5484.91,5485.04
1,184,eb_dec,cpu,5485.04,5485.16
1,184,h_s,dpu,5485.16,5488.99
1,184,gc,cpu,5488.99,5498.86
1,193,normalize,cpu,5499.34,5503.02
1,193,g_a_cpu,cpu,5503.02,5503.35
1,193,g_a,dpu,5503.35,5552.36
1,193,g_a,dpu,5552.37,5624.99
1,193,g_a_cpu,cpu,5624.99,5625.44
1,193,h_a,dpu,5625.44,5673.53
1,193,eb_enc,cpu,5673.53,5673.68
1,193,eb_dec,cpu,5673.68,5673.81
1,193,h_s,dpu,5673.81,5688.49
1,193,gc,cpu,5688.49,5698.33
1,201,normalize,cpu,5698.83,5702.56
1,201,g_a_cpu,cpu,5702.57,5702.92
1,201,g_a,dpu,5702.93,5774.25
1,201,g_a,dpu,5774.25,5810.67
1,201,g_a_cpu,cpu,5810.67,5811.14
1,201,h_a,dpu,5811.14,5821.1
1,201,eb_enc,cpu,5821.1,5821.23
1,201,eb_dec,cpu,5821.23,5821.34
1,201,h_s,dpu,5821.34,5840.98
1,201,gc,cpu,5840.98,5850.87
1,205,normalize,cpu,5851.33,5855.07
1,205,g_a_cpu,cpu,5855.07,5855.24
1,205,g_a,dpu,5855.24,5966.29
1,205,g_a,dpu,5966.29,6039.21
1,205,g_a_cpu,cpu,6039.21,6039.63
1,205,h_a,dpu,6039.64,6117.86
1,205,eb_enc,cpu,6117.86,6118.01
1,205,eb_dec,cpu,6118.03,6118.15
1,205,h_s,dpu,6118.15,6138.57
1,205,gc,cpu,6138.57,6148.38
1,216,normalize,cpu,6148.91,6152.6
1,216,g_a_cpu,cpu,6152.6,6153.17
1,216,g_a,dpu,6153.17,6189.65
1,216,g_a,dpu,6189.65,6261.59
1,216,g_a_cpu,cpu,6261.59,6262.09
1,216,h_a,dpu,6262.09,6312.48
1,216,eb_enc,cpu,6312.48,6312.63
1,216,eb_dec,cpu,6312.63,6312.75
1,216,h_s,dpu,6312.75,6316.06
1,216,gc,cpu,6316.06,6326.12
1,222,normalize,cpu,6326.59,6330.29
1,222,g_a_cpu,cpu,6330.29,6330.54
1,222,g_a,dpu,6330.54,6380.62
1,222,g_a,dpu,6380.62,6456.33
1,222,g_a_cpu,cpu,6456.33,6456.75
1,222,h_a,dpu,6456.76,6535.1
1,222,eb_enc,cpu,6535.1,6535.23
1,222,eb_dec,cpu,6535.23,6535.35
1,222,h_s,dpu,6535.35,6536.55
1,222,gc,cpu,6536.55,6546.46
1,231,normalize,cpu,6546.98,6550.65
1,231,g_a_cpu,cpu,6550.65,6551.11
1,231,g_a,dpu,6551.11,6605.6
1,231,g_a,dpu,6605.6,6678.32
1,231,g_a_cpu,cpu,6678.32,6678.89
1,231,h_a,dpu,6678.89,6688.92
1,231,eb_enc,cpu,6688.92,6689.08
1,231,eb_dec,cpu,6689.08,6689.2
1,231,h_s,dpu,6689.2,6709.45
1,231,gc,cpu,6709.46,6723.99
1,236,normalize,cpu,6724.61,6728.24
1,236,g_a_cpu,cpu,6728.25,6728.82
1,236,g_a,dpu,6728.83,6828.87
1,236,g_a,dpu,6828.87,6902.78
1,236,g_a_cpu,cpu,6902.78,6903.17
1,236,h_a,dpu,6903.17,6916.54
1,236,eb_enc,cpu,6916.54,6916.68
1,236,eb_dec,cpu,6916.68,6916.8
1,236,h_s,dpu,6916.8,6918.53
1,236,gc,cpu,6918.54,6929.22
1,246,normalize,cpu,6929.76,6933.43
1,246,g_a_cpu,cpu,6933.43,6933.79
1,246,g_a,dpu,6933.79,7019.76
1,246,g_a,dpu,7019.76,7128.66
1,246,g_a_cpu,cpu,7128.66,7129.01
1,246,h_a,dpu,7129.01,7149.19
1,246,eb_enc,cpu,7149.19,7149.33
1,246,eb_dec,cpu,7149.33,7149.45
1,246,h_s,dpu,7149.45,7150.83
1,246,gc,cpu,7150.83,7160.85
1,254,normalize,cpu,7161.37,7165.04
1,254,g_a_cpu,cpu,7165.04,7165.45
1,254,g_a,dpu,7165.45,7255.33
1,254,g_a,dpu,7255.33,7363.89
1,254,g_a_cpu,cpu,7363.89,7364.34
1,254,h_a,dpu,7364.35,7365.58
1,254,eb_enc,cpu,7365.58,7365.72
1,254,eb_dec,cpu,7365.72,7365.84
1,254,h_s,dpu,7365.84,7367.14
1,254,gc,cpu,7367.14,7377.2
1,260,normalize,cpu,7383.61,7387.29
1,260,g_a_cpu,cpu,7387.29,7387.61
1,260,g_a,dpu,7387.61,7557.52
1,260,g_a,dpu,7557.52,7593.89
1,260,g_a_cpu,cpu,7593.89,7594.32
1,260,h_a,dpu,7594.32,7600.7
1,260,eb_enc,cpu,7600.7,7600.88
1,260,eb_dec,cpu,7600.88,7601
1,260,h_s,dpu,7601,7604.46
1,260,gc,cpu,7604.46,7614.65
1,269,normalize,cpu,7615.2,7618.86
1,269,g_a_cpu,cpu,7618.87,7619.14
1,269,g_a,dpu,7619.15,7741.86
1,269,g_a,dpu,7741.86,7778.2
1,269,g_a_cpu,cpu,7778.2,7778.69
1,269,h_a,dpu,7778.69,7793.27
1,269,eb_enc,cpu,7793.27,7793.41
1,269,eb_dec,cpu,7793.41,7793.53
1,269,h_s,dpu,7793.53,7794.97
1,269,gc,cpu,7794.98,7804.87
1,275,normalize,cpu,7805.38,7809.04
1,275,g_a_cpu,cpu,7809.04,7809.46
1,275,g_a,dpu,7809.46,7890.16
1,275,g_a,dpu,7890.16,7964.06
1,275,g_a_cpu,cpu,7964.07,7964.56
1,275,h_a,dpu,7964.56,8016.35
1,275,eb_enc,cpu,8016.35,8016.47
1,275,eb_dec,cpu,8016.47,8016.59
1,275,h_s,dpu,8016.59,8024.62
1,275,gc,cpu,8024.62,8034.88
1,284,normalize,cpu,8035.32,8039.01
1,284,g_a_cpu,cpu,8039.01,8039.45
1,284,g_a,dpu,8039.46,8120.17
1,284,g_a,dpu,8120.17,8193.55
1,284,g_a_cpu,cpu,8193.55,8194.06
1,284,h_a,dpu,8194.06,8209.15
1,284,eb_enc,cpu,8209.15,8209.29
1,284,eb_dec,cpu,8209.29,8209.41
1,284,h_s,dpu,8209.41,8210.86
1,284,gc,cpu,8210.86,8220.69
1,289,normalize,cpu,8221.44,8225.08
1,289,g_a_cpu,cpu,8225.09,8225.68
1,289,g_a,dpu,8225.68,8281.56
1,289,g_a,dpu,8281.56,8389.75
1,289,g_a_cpu,cpu,8389.75,8390.2
1,289,h_a,dpu,8390.2,8429.44
1,289,eb_enc,cpu,8429.44,8429.56
1,289,eb_dec,cpu,8429.56,8429.68
1,289,h_s,dpu,8429.68,8433.24
1,289,gc,cpu,8433.24,8443.2
1,295,normalize,cpu,8443.77,8447.47
1,295,g_a_cpu,cpu,8447.47,8447.75
1,295,g_a,dpu,8447.76,8508.41
1,295,g_a,dpu,8508.41,8544.77
1,295,g_a_cpu,cpu,8544.77,8545.1
1,295,h_a,dpu,8545.1,8613.56
1,295,eb_enc,cpu,8613.56,8613.69
1,295,eb_dec,cpu,8613.69,8613.81
1,295,h_s,dpu,8613.81,8633.55
1,295,gc,cpu,8633.55,8643.35
1,302,normalize,cpu,8643.91,8647.59
1,302,g_a_cpu,cpu,8647.59,8647.86
1,302,g_a,dpu,8647.87,8700.55
1,302,g_a,dpu,8700.55,8736.99
1,302,g_a_cpu,cpu,8736.99,8737.48
1,302,h_a,dpu,8737.48,8797.76
1,302,eb_enc,cpu,8797.76,8797.9
1,302,eb_dec,cpu,8797.9,8798.04
1,302,h_s,dpu,8798.04,8860.83
1,302,gc,cpu,8860.83,8870.54
1,310,normalize,cpu,8871.07,8874.73
1,310,g_a_cpu,cpu,8874.73,8874.99
1,310,g_a,dpu,8875,8923.93
1,310,g_a,dpu,8923.93,8960.89
1,310,g_a_cpu,cpu,8960.89,8961.28
1,310,h_a,dpu,8961.28,9053.63
1,310,eb_enc,cpu,9053.63,9053.78
1,310,eb_dec,cpu,9053.78,9053.9
1,310,h_s,dpu,9053.9,9075.03
1,310,gc,cpu,9075.03,9084.61
1,318,normalize,cpu,9085.09,9088.73
1,318,g_a_cpu,cpu,9088.73,9089.04
1,318,g_a,dpu,9089.04,9148.47
1,318,g_a,dpu,9148.47,9231.37
1,318,g_a_cpu,cpu,9231.37,9231.71
1,318,h_a,dpu,9231.71,9311.79
1,318,eb_enc,cpu,9311.79,9311.94
1,318,eb_dec,cpu,9311.94,9312.06
1,318,h_s,dpu,9312.06,9315.1
1,318,gc,cpu,9315.1,9325.05
1,326,normalize,cpu,9325.58,9329.21
1,326,g_a_cpu,cpu,9329.21,9329.55
1,326,g_a,dpu,9329.55,9380.41
1,326,g_a,dpu,9380.42,9489.35
1,326,g_a_cpu,cpu,9489.35,9489.7
1,326,h_a,dpu,9489.71,9542.04
1,326,eb_enc,cpu,9542.04,9542.2
1,326,eb_dec,cpu,9542.2,9542.33
1,326,h_s,dpu,9542.33,9544.73
1,326,gc,cpu,9544.73,9554.37
1,334,normalize,cpu,9554.83,9558.47
1,334,g_a_cpu,cpu,9558.48,9558.77
1,334,g_a,dpu,9558.78,9602.21
1,334,g_a,dpu,9602.21,9711.18
1,334,g_a_cpu,cpu,9711.18,9711.53
1,334,h_a,dpu,9711.53,9800.4
1,334,eb_enc,cpu,9800.4,9800.52
1,334,eb_dec,cpu,9800.52,9800.65
1,334,h_s,dpu,9800.65,9805.75
1,334,gc,cpu,9805.75,9815.77
1,346,normalize,cpu,9816.25,9819.99
1,346,g_a_cpu,cpu,9819.99,9820.44
1,346,g_a,dpu,9820.44,9857.13
1,346,g_a,dpu,9857.13,9966.15
1,346,g_a_cpu,cpu,9966.15,9966.53
1,346,h_a,dpu,9966.53,10023.8
1,346,eb_enc,cpu,10023.8,10023.9
1,346,eb_dec,cpu,10023.9,10024.1
1,346,h_s,dpu,10024.1,10026.5
1,346,gc,cpu,10026.5,10036.2
1,350,normalize,cpu,10036.8,10040.4
1,350,g_a_cpu,cpu,10040.4,10041
1,350,g_a,dpu,10041,10080.4
1,350,g_a,dpu,10080.4,10195.9
1,350,g_a_cpu,cpu,10195.9,10196.4
1,350,h_a,dpu,10196.4,10242
1,350,eb_enc,cpu,10242,10242.2
1,350,eb_dec,cpu,10242.2,10242.3
1,350,h_s,dpu,10242.3,10246.2
1,350,gc,cpu,10246.2,10256
1,360,normalize,cpu,10256.5,10260.1
1,360,g_a_cpu,cpu,10260.1,10260.4
1,360,g_a,dpu,10260.4,10344.1
1,360,g_a,dpu,10344.1,10417.8
1,360,g_a_cpu,cpu,10417.8,10418.3
1,360,h_a,dpu,10418.3,10468.6
1,360,eb_enc,cpu,10468.6,10468.7
1,360,eb_dec,cpu,10468.7,10468.8
1,360,h_s,dpu,10468.8,10470.5
1,360,gc,cpu,10470.5,10480.5
1,370,normalize,cpu,10481,10484.6
1,370,g_a_cpu,cpu,10484.6,10485.1
1,370,g_a,dpu,10485.1,10568.3
1,370,g_a,dpu,10568.3,10642.1
1,370,g_a_cpu,cpu,10642.1,10642.6
1,370,h_a,dpu,10642.6,10697.2
1,370,eb_enc,cpu,10697.2,10697.4
1,370,eb_dec,cpu,10697.4,10697.5
1,370,h_s,dpu,10697.5,10718.2
1,370,gc,cpu,10718.2,10728
1,379,normalize,cpu,10728.5,10732.1
1,379,g_a_cpu,cpu,10732.1,10732.4
1,379,g_a,dpu,10732.4,10789
1,379,g_a,dpu,10789,10860.9
1,379,g_a_cpu,cpu,10860.9,10861.4
1,379,h_a,dpu,10861.4,10884
1,379,eb_enc,cpu,10884,10884.2
1,379,eb_dec,cpu,10884.2,10884.3
1,379,h_s,dpu,10884.3,10897.6
1,379,gc,cpu,10897.6,10911.9
1,386,normalize,cpu,10912.5,10916.2
1,386,g_a_cpu,cpu,10916.2,10916.5
1,386,g_a,dpu,10916.5,11012.5
1,386,g_a,dpu,11012.5,11086.8
1,386,g_a_cpu,cpu,11086.8,11087.2
1,386,h_a,dpu,11087.2,11119.8
1,386,eb_enc,cpu,11119.8,11120
1,386,eb_dec,cpu,11120,11120.1
1,386,h_s,dpu,11120.1,11129.4
1,386,gc,cpu,11129.4,11139.5
1,394,normalize,cpu,11140.1,11143.7
1,394,g_a_cpu,cpu,11143.7,11144
1,394,g_a,dpu,11144,11236.2
1,394,g_a,dpu,11236.2,11309.1
1,394,g_a_cpu,cpu,11309.1,11309.6
1,394,h_a,dpu,11309.6,11340.1
1,394,eb_enc,cpu,11340.1,11340.2
1,394,eb_dec,cpu,11340.2,11340.4
1,394,h_s,dpu,11340.4,11359
1,394,gc,cpu,11359,11369.2
1,401,normalize,cpu,11369.7,11373.3
1,401,g_a_cpu,cpu,11373.3,11373.7
1,401,g_a,dpu,11373.7,11459.3
1,401,g_a,dpu,11459.3,11569.6
1,401,g_a_cpu,cpu,11569.6,11570.1
1,401,h_a,dpu,11570.1,11597.7
1,401,eb_enc,cpu,11597.7,11597.8
1,401,eb_dec,cpu,11597.8,11597.9
1,401,h_s,dpu,11597.9,11622
1,401,gc,cpu,11622,11631.8
1,411,normalize,cpu,11632.3,11635.9
1,411,g_a_cpu,cpu,11635.9,11636.2
1,411,g_a,dpu,11636.2,11685.8
1,411,g_a,dpu,11685.8,11757.8
1,411,g_a_cpu,cpu,11757.8,11758.3
1,411,h_a,dpu,11758.3,11782.8
1,411,eb_enc,cpu,11782.8,11782.9
1,411,eb_dec,cpu,11782.9,11783.1
1,411,h_s,dpu,11783.1,11809
1,411,gc,cpu,11809,11819.1
1,418,normalize,cpu,11819.6,11823.3
1,418,g_a_cpu,cpu,11823.4,11823.6
1,418,g_a,dpu,11823.6,11908.3
1,418,g_a,dpu,11908.3,11983.2
1,418,g_a_cpu,cpu,11983.2,11983.7
1,418,h_a,dpu,11983.7,12040.4
1,418,eb_enc,cpu,12040.4,12040.5
1,418,eb_dec,cpu,12040.5,12040.6
1,418,h_s,dpu,12040.6,12058
1,418,gc,cpu,12058,12067.7
1,427,normalize,cpu,12068.2,12071.8
1,427,g_a_cpu,cpu,12071.9,12072.1
1,427,g_a,dpu,12072.1,12138
1,427,g_a,dpu,12138,12213.4
1,427,g_a_cpu,cpu,12213.4,12213.8
1,427,h_a,dpu,12213.8,12262.2
1,427,eb_enc,cpu,12262.2,12262.3
1,427,eb_dec,cpu,12262.3,12262.5
1,427,h_s,dpu,12262.5,12316.9
1,427,gc,cpu,12316.9,12326.6
1,435,normalize,cpu,12327.1,12330.8
1,435,g_a_cpu,cpu,12330.8,12331.1
1,435,g_a,dpu,12331.1,12399.6
1,435,g_a,dpu,12399.6,12473
1,435,g_a_cpu,cpu,12473,12473.6
1,435,h_a,dpu,12473.6,12519
1,435,eb_enc,cpu,12519,12519.2
1,435,eb_dec,cpu,12519.2,12519.3
1,435,h_s,dpu,12519.3,12536.5
1,435,gc,cpu,12536.5,12546.2
1,442,normalize,cpu,12546.7,12553.5
1,442,g_a_cpu,cpu,12553.5,12553.8
1,442,g_a,dpu,12553.8,12622.4
1,442,g_a,dpu,12622.4,12658.7
1,442,g_a_cpu,cpu,12658.7,12659
1,442,h_a,dpu,12659,12702.5
1,442,eb_enc,cpu,12702.5,12702.7
1,442,eb_dec,cpu,12702.7,12702.8
1,442,h_s,dpu,12702.8,12706.1
1,442,gc,cpu,12706.1,12716.1
1,449,normalize,cpu,12716.7,12720.3
1,449,g_a_cpu,cpu,12720.3,12720.6
1,449,g_a,dpu,12720.6,12807.9
1,449,g_a,dpu,12807.9,12882
1,449,g_a_cpu,cpu,12882,12882.4
1,449,h_a,dpu,12882.4,12926.6
1,449,eb_enc,cpu,12926.6,12926.7
1,449,eb_dec,cpu,12926.7,12926.8
1,449,h_s,dpu,12926.8,12928.4
1,449,gc,cpu,12928.4,12938.4
1,457,normalize,cpu,12939.1,12942.7
1,457,g_a_cpu,cpu,12942.8,12943.1
1,457,g_a,dpu,12943.1,13030.3
1,457,g_a,dpu,13030.3,13103.9
1,457,g_a_cpu,cpu,13103.9,13104.6
1,457,h_a,dpu,13104.6,13150.4
1,457,eb_enc,cpu,13150.4,13150.6
1,457,eb_dec,cpu,13150.6,13150.7
1,457,h_s,dpu,13150.7,13151.8
1,457,gc,cpu,13151.8,13169.4
1,467,normalize,cpu,13169.9,13173.6
1,467,g_a_cpu,cpu,13173.6,13173.8
1,467,g_a,dpu,13173.8,13261.2
1,467,g_a,dpu,13261.2,13333.4
1,467,g_a_cpu,cpu,13333.4,13333.8
1,467,h_a,dpu,13333.8,13339.9
1,467,eb_enc,cpu,13339.9,13340
1,467,eb_dec,cpu,13340,13340.1
1,467,h_s,dpu,13340.1,13344.7
1,467,gc,cpu,13344.7,13355
1,473,normalize,cpu,13355.6,13359.3
1,473,g_a_cpu,cpu,13359.3,13359.7
1,473,g_a,dpu,13359.7,13424.4
1,473,g_a,dpu,13424.4,13532.4
1,473,g_a_cpu,cpu,13532.4,13532.8
1,473,h_a,dpu,13532.8,13580.6
1,473,eb_enc,cpu,13580.6,13580.8
1,473,eb_dec,cpu,13580.8,13580.9
1,473,h_s,dpu,13580.9,13587.5
1,473,gc,cpu,13587.5,13597.8
1,482,normalize,cpu,13598.5,13602.2
1,482,g_a_cpu,cpu,13602.2,13602.5
1,482,g_a,dpu,13602.5,13681.5
1,482,g_a,dpu,13681.5,13756.5
1,482,g_a_cpu,cpu,13756.5,13757
1,482,h_a,dpu,13757,13770.6
1,482,eb_enc,cpu,13770.6,13770.8
1,482,eb_dec,cpu,13770.8,13770.9
1,482,h_s,dpu,13770.9,13772.2
1,482,gc,cpu,13772.2,13782
1,487,normalize,cpu,13782.5,13786.2
1,487,g_a_cpu,cpu,13786.2,13786.5
1,487,g_a,dpu,13786.5,13873
1,487,g_a,dpu,13873,14021.4
1,487,g_a_cpu,cpu,14021.4,14021.7
1,487,h_a,dpu,14021.7,14029.5
1,487,eb_enc,cpu,14029.5,14029.6
1,487,eb_dec,cpu,14029.6,14029.8
1,487,h_s,dpu,14029.8,14038.6
1,487,gc,cpu,14038.6,14048.8
1,499,normalize,cpu,14049.3,14052.9
1,499,g_a_cpu,cpu,14052.9,14053.2
1,499,g_a,dpu,14053.2,14139
1,499,g_a,dpu,14139,14247.6
1,499,g_a_cpu,cpu,14247.6,14248
1,499,h_a,dpu,14248,14262.9
1,499,eb_enc,cpu,14262.9,14263.1
1,499,eb_dec,cpu,14263.1,14263.2
1,499,h_s,dpu,14263.2,14272.9
1,499,gc,cpu,14272.9,14283.3
1,507,normalize,cpu,14283.8,14287.5
1,507,g_a_cpu,cpu,14287.5,14287.8
1,507,g_a,dpu,14287.8,14363.4
1,507,g_a,dpu,14363.4,14471.1
1,507,g_a_cpu,cpu,14471.1,14471.6
1,507,h_a,dpu,14471.6,14487.5
1,507,eb_enc,cpu,14487.5,14487.7
1,507,eb_dec,cpu,14487.7,14487.8
1,507,h_s,dpu,14487.8,14493.4
1,507,gc,cpu,14493.4,14503.6
1,512,normalize,cpu,14504.2,14507.9
1,512,g_a_cpu,cpu,14507.9,14508.3
1,512,g_a,dpu,14508.3,14544.9
1,512,g_a,dpu,14544.9,14652.7
1,512,g_a_cpu,cpu,14652.7,14653.2
1,512,h_a,dpu,14653.2,14706.5
1,512,eb_enc,cpu,14706.5,14706.6
1,512,eb_dec,cpu,14706.6,14706.7
1,512,h_s,dpu,14706.7,14710.6
1,512,gc,cpu,14710.6,14720.4
1,518,normalize,cpu,14720.9,14724.5
1,518,g_a_cpu,cpu,14724.5,14724.8
1,518,g_a,dpu,14724.9,14772.8
1,518,g_a,dpu,14772.8,14845
1,518,g_a_cpu,cpu,14845,14845.5
1,518,h_a,dpu,14845.5,14925.2
1,518,eb_enc,cpu,14925.2,14925.4
1,518,eb_dec,cpu,14925.4,14925.5
1,518,h_s,dpu,14925.5,14928.6
1,518,gc,cpu,14928.6,14938.3
1,525,normalize,cpu,14938.8,14942.5
1,525,g_a_cpu,cpu,14942.5,14943
1,525,g_a,dpu,14943,14993.3
1,525,g_a,dpu,14993.3,15102
1,525,g_a_cpu,cpu,15102,15102.4
1,525,h_a,dpu,15102.4,15155.9
1,525,eb_enc,cpu,15155.9,15156
1,525,eb_dec,cpu,15156,15156.2
1,525,h_s,dpu,15156.2,15158.6
1,525,gc,cpu,15158.6,15168.1
1,533,normalize,cpu,15168.6,15172.2
1,533,g_a_cpu,cpu,15172.2,15172.5
1,533,g_a,dpu,15172.5,15216.5
1,533,g_a,dpu,15216.5,15325.5
1,533,g_a_cpu,cpu,15325.5,15325.8
1,533,h_a,dpu,15325.8,15376.7
1,533,eb_enc,cpu,15376.7,15376.9
1,533,eb_dec,cpu,15376.9,15377
1,533,h_s,dpu,15377,15380.1
1,533,gc,cpu,15380.1,15389.7
1,541,normalize,cpu,15390.2,15393.9
1,541,g_a_cpu,cpu,15393.9,15394.2
1,541,g_a,dpu,15394.2,15438
1,541,g_a,dpu,15438,15546.9
1,541,g_a_cpu,cpu,15546.9,15547.2
1,541,h_a,dpu,15547.2,15600.2
1,541,eb_enc,cpu,15600.2,15600.3
1,541,eb_dec,cpu,15600.3,15600.5
1,541,h_s,dpu,15600.5,15601.8
1,541,gc,cpu,15601.8,15611.8
1,549,normalize,cpu,15612.4,15616
1,549,g_a_cpu,cpu,15616,15616.4
1,549,g_a,dpu,15616.4,15660.5
1,549,g_a,dpu,15660.5,15733.7
1,549,g_a_cpu,cpu,15733.7,15734
1,549,h_a,dpu,15734,15821.4
1,549,eb_enc,cpu,15821.4,15821.5
1,549,eb_dec,cpu,15821.5,15821.6
1,549,h_s,dpu,15821.6,15824.7
1,549,gc,cpu,15824.7,15834.2
1,557,normalize,cpu,15834.7,15838.4
1,557,g_a_cpu,cpu,15838.4,15838.6
1,557,g_a,dpu,15838.6,15883.2
1,557,g_a,dpu,15883.2,15919.6
1,557,g_a_cpu,cpu,15919.6,15920
1,557,h_a,dpu,15920,15972.8
1,557,eb_enc,cpu,15972.8,15973
1,557,eb_dec,cpu,15973,15973.1
1,557,h_s,dpu,15973.1,16024.5
1,557,gc,cpu,16024.5,16034.5
1,565,normalize,cpu,16035,16038.7
1,565,g_a_cpu,cpu,16038.7,16038.9
1,565,g_a,dpu,16038.9,16108.4
1,565,g_a,dpu,16108.4,16183.2
1,565,g_a_cpu,cpu,16183.2,16183.6
1,565,h_a,dpu,16183.6,16266.5
1,565,eb_enc,cpu,16266.6,16266.7
1,565,eb_dec,cpu,16266.7,16266.8
1,565,h_s,dpu,16266.8,16268.6
1,565,gc,cpu,16268.6,16279
1,574,normalize,cpu,16279.6,16283.4
1,574,g_a_cpu,cpu,16283.4,16283.9
1,574,g_a,dpu,16283.9,16336.4
1,574,g_a,dpu,16336.4,16372.7
1,574,g_a_cpu,cpu,16372.7,16373
1,574,h_a,dpu,16373,16426.8
1,574,eb_enc,cpu,16426.8,16426.9
1,574,eb_dec,cpu,16426.9,16427.1
1,574,h_s,dpu,16427.1,16436.3
1,574,gc,cpu,16436.3,16446.7
1,581,normalize,cpu,16447.4,16452.8
1,581,g_a_cpu,cpu,16452.8,16453.2
1,581,g_a,dpu,16453.2,16522.9
1,581,g_a,dpu,16522.9,16600.3
1,581,g_a_cpu,cpu,16600.3,16600.8
1,581,h_a,dpu,16600.8,16649.6
1,581,eb_enc,cpu,16649.6,16649.8
1,581,eb_dec,cpu,16649.8,16649.9
1,581,h_s,dpu,16649.9,16653.2
1,581,gc,cpu,16653.2,16663
1,589,normalize,cpu,16663.5,16667.1
1,589,g_a_cpu,cpu,16667.1,16667.4
1,589,g_a,dpu,16667.4,16748.4
1,589,g_a,dpu,16748.4,16824.5
1,589,g_a_cpu,cpu,16824.5,16824.9
1,589,h_a,dpu,16824.9,16875.3
1,589,eb_enc,cpu,16875.3,16875.4
1,589,eb_dec,cpu,16875.4,16875.6
1,589,h_s,dpu,16875.6,16879.3
1,589,gc,cpu,16879.3,16889.1
1,597,normalize,cpu,16889.6,16893.3
1,597,g_a_cpu,cpu,16893.3,16893.6
1,597,g_a,dpu,16893.6,16973.2
1,597,g_a,dpu,16973.2,17046.4
1,597,g_a_cpu,cpu,17046.4,17046.7
1,597,h_a,dpu,17046.7,17099.7
1,597,eb_enc,cpu,17099.7,17099.9
1,597,eb_dec,cpu,17099.9,17100
1,597,h_s,dpu,17100,17103.8
1,597,gc,cpu,17103.8,17113.7
1,605,normalize,cpu,17114.1,17117.8
1,605,g_a_cpu,cpu,17117.8,17118.1
1,605,g_a,dpu,17118.1,17194.8
1,605,g_a,dpu,17194.8,17267.8
1,605,g_a_cpu,cpu,17267.8,17268.2
1,605,h_a,dpu,17268.2,17321.3
1,605,eb_enc,cpu,17321.3,17321.4
1,605,eb_dec,cpu,17321.4,17321.5
1,605,h_s,dpu,17321.5,17324.8
1,605,gc,cpu,17324.8,17334.6
1,614,normalize,cpu,17335,17338.7
1,614,g_a_cpu,cpu,17338.7,17339
1,614,g_a,dpu,17339,17425.3
1,614,g_a,dpu,17425.3,17535.8
1,614,g_a_cpu,cpu,17535.8,17536.1
1,614,h_a,dpu,17536.1,17544.4
1,614,eb_enc,cpu,17544.4,17544.5
1,614,eb_dec,cpu,17544.5,17544.6
1,614,h_s,dpu,17544.6,17546
1,614,gc,cpu,17546,17555.8
1,621,normalize,cpu,17556.4,17560
1,621,g_a_cpu,cpu,17560,17560.3
1,621,g_a,dpu,17560.3,17652.3
1,621,g_a,dpu,17652.3,17761.1
1,621,g_a_cpu,cpu,17761.1,17761.5
1,621,h_a,dpu,17761.5,17767.2
1,621,eb_enc,cpu,17767.2,17767.4
1,621,eb_dec,cpu,17767.4,17767.5
1,621,h_s,dpu,17767.5,17776.6
1,621,gc,cpu,17776.6,17786.9
1,631,normalize,cpu,17787.3,17791
1,631,g_a_cpu,cpu,17791,17791.3
1,631,g_a,dpu,17791.3,17873.1
1,631,g_a,dpu,17873.1,17983.5
1,631,g_a_cpu,cpu,17983.5,17984
1,631,h_a,dpu,17984,18039.5
1,631,eb_enc,cpu,18039.5,18039.7
1,631,eb_dec,cpu,18039.7,18039.8
1,631,h_s,dpu,18039.8,18056.9
1,631,gc,cpu,18056.9,18066.9
1,640,normalize,cpu,18067.4,18071
1,640,g_a_cpu,cpu,18071,18071.3
1,640,g_a,dpu,18071.3,18171.8
1,640,g_a,dpu,18171.8,18245.5
1,640,g_a_cpu,cpu,18245.5,18246.1
1,640,h_a,dpu,18246.1,18298.1
1,640,eb_enc,cpu,18298.1,18298.2
1,640,eb_dec,cpu,18298.2,18298.3
1,640,h_s,dpu,18298.3,18321.2
1,640,gc,cpu,18321.2,18330.8
1,648,normalize,cpu,18331.3,18335
1,648,g_a_cpu,cpu,18335,18335.4
1,648,g_a,dpu,18335.4,18394
1,648,g_a,dpu,18394,18466.8
1,648,g_a_cpu,cpu,18466.8,18467.2
1,648,h_a,dpu,18467.2,18525.2
1,648,eb_enc,cpu,18525.2,18525.3
1,648,eb_dec,cpu,18525.3,18525.4
1,648,h_s,dpu,18525.4,18539
1,648,gc,cpu,18539,18548.8
1,655,normalize,cpu,18549.4,18553.1
1,655,g_a_cpu,cpu,18553.1,18553.4
1,655,g_a,dpu,18553.4,18624.5
1,655,g_a,dpu,18624.5,18697.6
1,655,g_a_cpu,cpu,18697.6,18697.9
1,655,h_a,dpu,18697.9,18747.2
1,655,eb_enc,cpu,18747.2,18747.4
1,655,eb_dec,cpu,18747.4,18747.5
1,655,h_s,dpu,18747.5,18750.5
1,655,gc,cpu,18750.5,18760.1
1,663,normalize,cpu,18760.6,18764.2
1,663,g_a_cpu,cpu,18764.2,18764.6
1,663,g_a,dpu,18764.6,18847.2
1,663,g_a,dpu,18847.2,18920.4
1,663,g_a_cpu,cpu,18920.4,18920.8
1,663,h_a,dpu,18920.8,18970.5
1,663,eb_enc,cpu,18970.5,18970.6
1,663,eb_dec,cpu,18970.6,18970.8
1,663,h_s,dpu,18970.8,18973.2
1,663,gc,cpu,18973.2,18983
1,671,normalize,cpu,18983.5,18987.2
1,671,g_a_cpu,cpu,18987.2,18987.5
1,671,g_a,dpu,18987.5,19036.5
1,671,g_a,dpu,19036.5,19145.2
1,671,g_a_cpu,cpu,19145.2,19145.6
1,671,h_a,dpu,19145.6,19196.6
1,671,eb_enc,cpu,19196.6,19196.7
1,671,eb_dec,cpu,19196.7,19196.8
1,671,h_s,dpu,19196.8,19198.5
1,671,gc,cpu,19198.5,19208.4
1,681,normalize,cpu,19208.9,19212.6
1,681,g_a_cpu,cpu,19212.6,19212.9
1,681,g_a,dpu,19212.9,19260.5
1,681,g_a,dpu,19260.5,19368.3
1,681,g_a_cpu,cpu,19368.3,19368.8
1,681,h_a,dpu,19368.8,19386.7
1,681,eb_enc,cpu,19386.7,19386.8
1,681,eb_dec,cpu,19386.8,19387
1,681,h_s,dpu,19387,19406.9
1,681,gc,cpu,19406.9,19417.5
1,688,normalize,cpu,19418.1,19421.8
1,688,g_a_cpu,cpu,19421.8,19422.4
1,688,g_a,dpu,19422.4,19493.8
1,688,g_a,dpu,19493.8,19601.6
1,688,g_a_cpu,cpu,19601.6,19602
1,688,h_a,dpu,19602,19607.5
1,688,eb_enc,cpu,19607.5,19607.7
1,688,eb_dec,cpu,19607.7,19607.8
1,688,h_s,dpu,19607.8,19614
1,688,gc,cpu,19614,19624.7
1,697,normalize,cpu,19625.7,19629.5
1,697,g_a_cpu,cpu,19629.5,19630.1
1,697,g_a,dpu,19630.1,19716.4
1,697,g_a,dpu,19716.4,19824.7
1,697,g_a_cpu,cpu,19824.7,19825
1,697,h_a,dpu,19825,19843.1
1,697,eb_enc,cpu,19843.1,19843.2
1,697,eb_dec,cpu,19843.2,19843.4
1,697,h_s,dpu,19843.4,19847.4
1,697,gc,cpu,19847.4,19857.3
1,705,normalize,cpu,19857.8,19861.6
1,705,g_a_cpu,cpu,19861.6,19861.9
1,705,g_a,dpu,19861.9,19978.5
1,705,g_a,dpu,19978.5,20024.6
1,705,g_a_cpu,cpu,20024.6,20025.1
1,705,h_a,dpu,20025.1,20067.9
1,705,eb_enc,cpu,20067.9,20068.1
1,705,eb_dec,cpu,20068.1,20068.2
1,705,h_s,dpu,20068.2,20087.7
1,705,gc,cpu,20087.7,20097.3
1,713,normalize,cpu,20097.8,20101.5
1,713,g_a_cpu,cpu,20101.5,20101.7
1,713,g_a,dpu,20101.7,20209.5
1,713,g_a,dpu,20209.5,20249.1
1,713,g_a_cpu,cpu,20249.1,20249.5
1,713,h_a,dpu,20249.5,20298.5
1,713,eb_enc,cpu,20298.5,20298.7
1,713,eb_dec,cpu,20298.7,20298.9
1,713,h_s,dpu,20298.9,20347.4
1,713,gc,cpu,20347.4,20357.1
1,722,normalize,cpu,20357.6,20361.3
1,722,g_a_cpu,cpu,20361.3,20362.2
1,722,g_a,dpu,20362.2,20436.7
1,722,g_a,dpu,20436.7,20548.3
1,722,g_a_cpu,cpu,20548.3,20548.9
1,722,h_a,dpu,20548.9,20596.9
1,722,eb_enc,cpu,20596.9,20597.1
1,722,eb_dec,cpu,20597.1,20597.2
1,722,h_s,dpu,20597.2,20600.3
1,722,gc,cpu,20600.3,20610.4
1,729,normalize,cpu,20610.9,20614.7
1,729,g_a_cpu,cpu,20614.7,20614.9
1,729,g_a,dpu,20614.9,20668.4
1,729,g_a,dpu,20668.4,20776.2
1,729,g_a_cpu,cpu,20776.2,20776.6
1,729,h_a,dpu,20776.6,20819.2
1,729,eb_enc,cpu,20819.2,20819.3
1,729,eb_dec,cpu,20819.3,20819.4
1,729,h_s,dpu,20819.4,20820.8
1,729,gc,cpu,20820.8,20830.5
1,737,normalize,cpu,20831,20834.7
1,737,g_a_cpu,cpu,20834.7,20835
1,737,g_a,dpu,20835,20888.5
1,737,g_a,dpu,20888.5,21000.2
1,737,g_a_cpu,cpu,21000.3,21000.6
1,737,h_a,dpu,21000.6,21048.2
1,737,eb_enc,cpu,21048.2,21048.3
1,737,eb_dec,cpu,21048.3,21048.5
1,737,h_s,dpu,21048.5,21049.8
1,737,gc,cpu,21049.8,21060
1,745,normalize,cpu,21060.5,21064.2
1,745,g_a_cpu,cpu,21064.2,21064.5
1,745,g_a,dpu,21064.5,21113.2
1,745,g_a,dpu,21113.2,21222.2
1,745,g_a_cpu,cpu,21222.2,21222.5
1,745,h_a,dpu,21222.5,21277.1
1,745,eb_enc,cpu,21277.1,21277.2
1,745,eb_dec,cpu,21277.2,21277.4
1,745,h_s,dpu,21277.4,21278.7
1,745,gc,cpu,21278.7,21288.5
1,753,normalize,cpu,21289.3,21293.1
1,753,g_a_cpu,cpu,21293.1,21293.5
1,753,g_a,dpu,21293.6,21344.6
1,753,g_a,dpu,21344.6,21381
1,753,g_a_cpu,cpu,21381,21381.5
1,753,h_a,dpu,21381.5,21428.4
1,753,eb_enc,cpu,21428.4,21428.6
1,753,eb_dec,cpu,21428.6,21428.7
1,753,h_s,dpu,21428.7,21481.3
1,753,gc,cpu,21481.3,21491.1
1,761,normalize,cpu,21500.6,21504.3
1,761,g_a_cpu,cpu,21504.3,21504.6
1,761,g_a,dpu,21504.6,21566.8
1,761,g_a,dpu,21566.8,21640.4
1,761,g_a_cpu,cpu,21640.4,21640.8
1,761,h_a,dpu,21640.8,21726.2
1,761,eb_enc,cpu,21726.2,21726.4
1,761,eb_dec,cpu,21726.4,21726.5
1,761,h_s,dpu,21726.5,21727.7
1,761,gc,cpu,21727.7,21737.7
1,771,normalize,cpu,21738.3,21741.9
1,771,g_a_cpu,cpu,21741.9,21742.4
1,771,g_a,dpu,21742.4,21788.1
1,771,g_a,dpu,21788.1,21859.9
1,771,g_a_cpu,cpu,21860,21860.5
1,771,h_a,dpu,21860.5,21923
1,771,eb_enc,cpu,21923,21923.1
1,771,eb_dec,cpu,21923.1,21923.3
1,771,h_s,dpu,21923.3,21926.3
1,771,gc,cpu,21926.3,21936.1
1,777,normalize,cpu,21936.8,21940.5
1,777,g_a_cpu,cpu,21940.5,21941
1,777,g_a,dpu,21941,22012.8
1,777,g_a,dpu,22012.8,22084.9
1,777,g_a_cpu,cpu,22084.9,22085.4
1,777,h_a,dpu,22085.4,22159.3
1,777,eb_enc,cpu,22159.3,22159.4
1,777,eb_dec,cpu,22159.4,22159.5
1,777,h_s,dpu,22159.5,22165.5
1,777,gc,cpu,22165.5,22175.5
1,788,normalize,cpu,22176.1,22179.7
1,788,g_a_cpu,cpu,22179.7,22180.1
1,788,g_a,dpu,22180.1,22252.3
1,788,g_a,dpu,22252.3,22324.2
1,788,g_a_cpu,cpu,22324.2,22324.7
1,788,h_a,dpu,22324.7,22379.7
1,788,eb_enc,cpu,22379.7,22379.9
1,788,eb_dec,cpu,22379.9,22380
1,788,h_s,dpu,22380,22383.9
1,788,gc,cpu,22383.9,22393.9
1,795,normalize,cpu,22394.3,22398
1,795,g_a_cpu,cpu,22398,22398.5
1,795,g_a,dpu,22398.5,22473.1
1,795,g_a,dpu,22473.1,22545.8
1,795,g_a_cpu,cpu,22545.8,22546.2
1,795,h_a,dpu,22546.2,22600.8
1,795,eb_enc,cpu,22600.8,22600.9
1,795,eb_dec,cpu,22600.9,22601
1,795,h_s,dpu,22601,22604.5
1,795,gc,cpu,22604.5,22614.6
1,802,normalize,cpu,22615.1,22618.8
1,802,g_a_cpu,cpu,22618.8,22619
1,802,g_a,dpu,22619,22659
1,802,g_a,dpu,22659,22730.9
1,802,g_a_cpu,cpu,22730.9,22731.4
1,802,h_a,dpu,22731.4,22823.5
1,802,eb_enc,cpu,22823.5,22823.7
1,802,eb_dec,cpu,22823.7,22823.8
1,802,h_s,dpu,22823.8,22828.2
1,802,gc,cpu,22828.2,22838.5
1,812,normalize,cpu,22839.2,22842.9
1,812,g_a_cpu,cpu,22842.9,22843.4
1,812,g_a,dpu,22843.4,22916
1,812,g_a,dpu,22916.1,22988
1,812,g_a_cpu,cpu,22988,22988.6
1,812,h_a,dpu,22988.6,23044.9
1,812,eb_enc,cpu,23044.9,23045
1,812,eb_dec,cpu,23045,23045.2
1,812,h_s,dpu,23045.2,23049.8
1,812,gc,cpu,23049.8,23060.1
1,819,normalize,cpu,23060.7,23072.7
1,819,g_a_cpu,cpu,23072.7,23073.3
1,819,g_a,dpu,23073.3,23146.8
1,819,g_a,dpu,23146.8,23218.7
1,819,g_a_cpu,cpu,23218.7,23219.3
1,819,h_a,dpu,23219.3,23265.7
1,819,eb_enc,cpu,23265.7,23265.9
1,819,eb_dec,cpu,23265.9,23266
1,819,h_s,dpu,23266,23269.4
1,819,gc,cpu,23269.4,23279.5
1,826,normalize,cpu,23280,23283.7
1,826,g_a_cpu,cpu,23283.7,23284
1,826,g_a,dpu,23284,23335
1,826,g_a,dpu,23335,23442.8
1,826,g_a_cpu,cpu,23442.8,23443.4
1,826,h_a,dpu,23443.4,23486.7
1,826,eb_enc,cpu,23486.7,23486.9
1,826,eb_dec,cpu,23486.9,23487
1,826,h_s,dpu,23487,23490.3
1,826,gc,cpu,23490.3,23500.1
1,835,normalize,cpu,23500.5,23504.3
1,835,g_a_cpu,cpu,23504.3,23504.6
1,835,g_a,dpu,23504.6,23564.4
1,835,g_a,dpu,23564.4,23673
1,835,g_a_cpu,cpu,23673,23673.3
1,835,h_a,dpu,23673.3,23719.5
1,835,eb_enc,cpu,23719.5,23719.6
1,835,eb_dec,cpu,23719.6,23719.7
1,835,h_s,dpu,23719.7,23736.1
1,835,gc,cpu,23736.1,23746.2
1,845,normalize,cpu,23746.7,23750.4
1,845,g_a_cpu,cpu,23750.4,23750.7
1,845,g_a,dpu,23750.7,23860
1,845,g_a,dpu,23860,23973
1,845,g_a_cpu,cpu,23973,23973.4
1,845,h_a,dpu,23973.4,23986.9
1,845,eb_enc,cpu,23986.9,23987.1
1,845,eb_dec,cpu,23987.1,23987.2
1,845,h_s,dpu,23987.2,24002.4
1,845,gc,cpu,24002.4,24013.5
1,853,normalize,cpu,24014,24017.7
1,853,g_a_cpu,cpu,24017.7,24018
1,853,g_a,dpu,24018,24083.8
1,853,g_a,dpu,24083.8,24160.4
1,853,g_a_cpu,cpu,24160.4,24160.8
1,853,h_a,dpu,24160.8,24207.6
1,853,eb_enc,cpu,24207.6,24207.8
1,853,eb_dec,cpu,24207.8,24207.9
1,853,h_s,dpu,24207.9,24261
1,853,gc,cpu,24261,24270.9
1,862,normalize,cpu,24271.4,24275.1
1,862,g_a_cpu,cpu,24275.1,24275.4
1,862,g_a,dpu,24275.4,24345.2
1,862,g_a,dpu,24345.2,24383
1,862,g_a_cpu,cpu,24383,24383.5
1,862,h_a,dpu,24383.5,24427.9
1,862,eb_enc,cpu,24427.9,24428.1
1,862,eb_dec,cpu,24428.1,24428.2
1,862,h_s,dpu,24428.2,24482.3
1,862,gc,cpu,24482.3,24491.9
1,868,normalize,cpu,24492.7,24496.5
1,868,g_a_cpu,cpu,24496.5,24496.9
1,868,g_a,dpu,24496.9,24578
1,868,g_a,dpu,24578,24652.5
1,868,g_a_cpu,cpu,24652.5,24652.8
1,868,h_a,dpu,24652.8,24695.5
1,868,eb_enc,cpu,24695.5,24695.6
1,868,eb_dec,cpu,24695.6,24695.7
1,868,h_s,dpu,24695.7,24713.4
1,868,gc,cpu,24713.4,24723.1
1,877,normalize,cpu,24723.5,24727.3
1,877,g_a_cpu,cpu,24727.3,24727.6
1,877,g_a,dpu,24727.6,24806.7
1,877,g_a,dpu,24806.7,24880.9
1,877,g_a_cpu,cpu,24880.9,24881.2
1,877,h_a,dpu,24881.2,24927.1
1,877,eb_enc,cpu,24927.1,24927.2
1,877,eb_dec,cpu,24927.2,24927.3
1,877,h_s,dpu,24927.3,24928.6
1,877,gc,cpu,24928.6,24938.4
1,885,normalize,cpu,24938.8,24942.5
1,885,g_a_cpu,cpu,24942.5,24942.9
1,885,g_a,dpu,24942.9,25030.2
1,885,g_a,dpu,25030.2,25104.2
1,885,g_a_cpu,cpu,25104.2,25104.5
1,885,h_a,dpu,25104.5,25154.3
1,885,eb_enc,cpu,25154.3,25154.4
1,885,eb_dec,cpu,25154.4,25154.6
1,885,h_s,dpu,25154.6,25156
1,885,gc,cpu,25156,25166
1,893,normalize,cpu,25166.5,25170.2
1,893,g_a_cpu,cpu,25170.2,25170.5
1,893,g_a,dpu,25170.5,25215.9
1,893,g_a,dpu,25215.9,25332.3
1,893,g_a_cpu,cpu,25332.3,25332.7
1,893,h_a,dpu,25332.7,25377.4
1,893,eb_enc,cpu,25377.4,25377.5
1,893,eb_dec,cpu,25377.5,25377.7
1,893,h_s,dpu,25377.7,25388.5
1,893,gc,cpu,25388.5,25399
1,904,normalize,cpu,25399.5,25403.2
1,904,g_a_cpu,cpu,25403.2,25403.5
1,904,g_a,dpu,25403.5,25517.1
1,904,g_a,dpu,25517.1,25592.4
1,904,g_a_cpu,cpu,25592.4,25592.8
1,904,h_a,dpu,25592.8,25608.1
1,904,eb_enc,cpu,25608.1,25608.3
1,904,eb_dec,cpu,25608.3,25608.4
1,904,h_s,dpu,25608.4,25609.9
1,904,gc,cpu,25609.9,25620
1,912,normalize,cpu,25620.5,25624.2
1,912,g_a_cpu,cpu,25624.2,25624.5
1,912,g_a,dpu,25624.5,25705.1
1,912,g_a,dpu,25705.2,25813.8
1,912,g_a_cpu,cpu,25813.8,25814.2
1,912,h_a,dpu,25814.2,25815.6
1,912,eb_enc,cpu,25815.6,25815.7
1,912,eb_dec,cpu,25815.7,25815.8
1,912,h_s,dpu,25815.8,25817.2
1,912,gc,cpu,25817.2,25830.1
1,917,normalize,cpu,25830.8,25838.6
1,917,g_a_cpu,cpu,25838.6,25838.9
1,917,g_a,dpu,25838.9,25940.9
1,917,g_a,dpu,25940.9,26060.5
1,917,g_a_cpu,cpu,26060.5,26061.2
1,917,h_a,dpu,26061.2,26125.2
1,917,eb_enc,cpu,26125.2,26125.4
1,917,eb_dec,cpu,26125.4,26125.5
1,917,h_s,dpu,26125.5,26177.8
1,917,gc,cpu,26177.8,26187.5
2,1,normalize,cpu,66.1268,69.8916
2,1,g_a_cpu,cpu,75.4441,75.9747
2,1,g_a,dpu,75.9841,148.853
2,1,g_a,dpu,148.856,223.533
2,1,g_a_cpu,cpu,223.534,223.916
2,1,h_a,dpu,223.921,293.922
2,1,eb_enc,cpu,293.923,294.045
2,1,eb_dec,cpu,294.045,294.169
2,1,h_s,dpu,294.17,303.247
2,1,gc,cpu,303.251,321.664
2,12,normalize,cpu,322.195,327.827
2,12,g_a_cpu,cpu,327.83,328.233
2,12,g_a,dpu,328.236,398.217
2,12,g_a,dpu,398.218,471.7
2,12,g_a_cpu,cpu,471.701,472.09
2,12,h_a,dpu,472.092,544.34
2,12,eb_enc,cpu,544.341,544.528
2,12,eb_dec,cpu,544.531,544.663
2,12,h_s,dpu,544.663,546.668
2,12,gc,cpu,546.669,564.926
2,20,normalize,cpu,565.732,569.479
2,20,g_a_cpu,cpu,569.487,569.865
2,20,g_a,dpu,569.869,632.595
2,20,g_a,dpu,632.596,705.966
2,20,g_a_cpu,cpu,705.967,706.345
2,20,h_a,dpu,706.351,777.782
2,20,eb_enc,cpu,777.784,778.019
2,20,eb_dec,cpu,778.02,778.158
2,20,h_s,dpu,778.158,782.776
2,20,gc,cpu,782.778,809.698
2,31,normalize,cpu,810.426,814.089
2,31,g_a_cpu,cpu,814.092,814.394
2,31,g_a,dpu,814.396,870.275
2,31,g_a,dpu,870.282,942.903
2,31,g_a_cpu,cpu,942.904,943.292
2,31,h_a,dpu,943.294,1022.83
2,31,eb_enc,cpu,1022.83,1023.05
2,31,eb_dec,cpu,1023.05,1023.23
2,31,h_s,dpu,1023.23,1024.79
2,31,gc,cpu,1024.79,1034.74
2,35,normalize,cpu,1035.33,1042.73
2,35,g_a_cpu,cpu,1042.73,1043.09
2,35,g_a,dpu,1043.09,1113.81
2,35,g_a,dpu,1113.81,1186.59
2,35,g_a_cpu,cpu,1186.59,1186.98
2,35,h_a,dpu,1186.98,1251.82
2,35,eb_enc,cpu,1251.82,1251.95
2,35,eb_dec,cpu,1251.95,1252.07
2,35,h_s,dpu,1252.07,1265.29
2,35,gc,cpu,1265.29,1275.41
2,45,normalize,cpu,1275.97,1279.62
2,45,g_a_cpu,cpu,1279.63,1280.12
2,45,g_a,dpu,1280.13,1350.26
2,45,g_a,dpu,1350.26,1425.85
2,45,g_a_cpu,cpu,1425.85,1426.23
2,45,h_a,dpu,1426.23,1477.61
2,45,eb_enc,cpu,1477.61,1477.76
2,45,eb_dec,cpu,1477.76,1477.89
2,45,h_s,dpu,1477.89,1495.23
2,45,gc,cpu,1495.23,1505.46
2,52,normalize,cpu,1505.97,1509.65
2,52,g_a_cpu,cpu,1509.66,1510.15
2,52,g_a,dpu,1510.15,1583.51
2,52,g_a,dpu,1583.51,1658.42
2,52,g_a_cpu,cpu,1658.42,1658.81
2,52,h_a,dpu,1658.82,1706.3
2,52,eb_enc,cpu,1706.31,1706.43
2,52,eb_dec,cpu,1706.43,1706.55
2,52,h_s,dpu,1706.55,1755.13
2,52,gc,cpu,1755.13,1764.99
2,62,normalize,cpu,1765.44,1769.12
2,62,g_a_cpu,cpu,1769.12,1769.39
2,62,g_a,dpu,1769.39,1843.05
2,62,g_a,dpu,1843.05,1882.84
2,62,g_a_cpu,cpu,1882.85,1883.28
2,62,h_a,dpu,1883.28,1897.12
2,62,eb_enc,cpu,1897.12,1897.28
2,62,eb_dec,cpu,1897.28,1897.41
2,62,h_s,dpu,1897.41,1979.16
2,62,gc,cpu,1979.16,1988.9
2,69,normalize,cpu,1989.37,1993.07
2,69,g_a_cpu,cpu,1993.07,1993.33
2,69,g_a,dpu,1993.34,2031.05
2,69,g_a,dpu,2031.06,2067.88
2,69,g_a_cpu,cpu,2067.88,2068.26
2,69,h_a,dpu,2068.26,2119.26
2,69,eb_enc,cpu,2119.26,2119.39
2,69,eb_dec,cpu,2119.39,2119.51
2,69,h_s,dpu,2119.51,2136.59
2,69,gc,cpu,2136.59,2146.8
2,77,normalize,cpu,2147.44,2151.1
2,77,g_a_cpu,cpu,2151.1,2151.4
2,77,g_a,dpu,2151.4,2219.97
2,77,g_a,dpu,2219.97,2295.23
2,77,g_a_cpu,cpu,2295.23,2295.63
2,77,h_a,dpu,2295.63,2307.56
2,77,eb_enc,cpu,2307.57,2307.7
2,77,eb_dec,cpu,2307.7,2307.82
2,77,h_s,dpu,2307.82,2361.29
2,77,gc,cpu,2361.29,2371.45
2,85,normalize,cpu,2372.14,2375.8
2,85,g_a_cpu,cpu,2375.8,2376.1
2,85,g_a,dpu,2376.1,2445.39
2,85,g_a,dpu,2445.39,2520.53
2,85,g_a_cpu,cpu,2520.53,2520.92
2,85,h_a,dpu,2520.92,2533.25
2,85,eb_enc,cpu,2533.25,2533.42
2,85,eb_dec,cpu,2533.42,2533.54
2,85,h_s,dpu,2533.54,2550.25
2,85,gc,cpu,2550.25,2560.26
2,90,normalize,cpu,2560.87,2564.53
2,90,g_a_cpu,cpu,2564.53,2565.02
2,90,g_a,dpu,2565.02,2637.46
2,90,g_a,dpu,2637.46,2710.05
2,90,g_a_cpu,cpu,2710.06,2710.41
2,90,h_a,dpu,2710.41,2766.11
2,90,eb_enc,cpu,2766.11,2766.25
2,90,eb_dec,cpu,2766.25,2766.38
2,90,h_s,dpu,2766.38,2780.56
2,90,gc,cpu,2780.56,2791.18
2,98,normalize,cpu,2791.72,2795.41
2,98,g_a_cpu,cpu,2795.41,2795.96
2,98,g_a,dpu,2795.96,2867.98
2,98,g_a,dpu,2867.98,2940.81
2,98,g_a_cpu,cpu,2940.81,2941.19
2,98,h_a,dpu,2941.2,2990.71
2,98,eb_enc,cpu,2990.72,2990.85
2,98,eb_dec,cpu,2990.85,2990.97
2,98,h_s,dpu,2990.97,3005.54
2,98,gc,cpu,3005.55,3015.28
2,107,normalize,cpu,3015.74,3019.49
2,107,g_a_cpu,cpu,3019.5,3019.83
2,107,g_a,dpu,3019.83,3094.93
2,107,g_a,dpu,3094.93,3131.64
2,107,g_a_cpu,cpu,3131.64,3132.02
2,107,h_a,dpu,3132.02,3178.32
2,107,eb_enc,cpu,3178.32,3178.45
2,107,eb_dec,cpu,3178.45,3178.57
2,107,h_s,dpu,3178.57,3228.9
2,107,gc,cpu,3228.9,3238.77
2,114,normalize,cpu,3239.22,3242.95
2,114,g_a_cpu,cpu,3242.95,3243.44
2,114,g_a,dpu,3243.44,3322.75
2,114,g_a,dpu,3322.75,3359.99
2,114,g_a_cpu,cpu,3360,3360.35
2,114,h_a,dpu,3360.35,3401.62
2,114,eb_enc,cpu,3401.62,3401.73
2,114,eb_dec,cpu,3401.74,3401.85
2,114,h_s,dpu,3401.85,3458.59
2,114,gc,cpu,3458.59,3468.18
2,121,normalize,cpu,3468.63,3472.86
2,121,g_a_cpu,cpu,3472.87,3473.18
2,121,g_a,dpu,3473.19,3545.17
2,121,g_a,dpu,3545.17,3582.45
2,121,g_a_cpu,cpu,3582.46,3582.86
2,121,h_a,dpu,3582.86,3624.48
2,121,eb_enc,cpu,3624.48,3624.61
2,121,eb_dec,cpu,3624.61,3624.73
2,121,h_s,dpu,3624.73,3646.02
2,121,gc,cpu,3646.02,3655.98
2,129,normalize,cpu,3656.53,3660.19
2,129,g_a_cpu,cpu,3660.19,3660.55
2,129,g_a,dpu,3660.55,3732.11
2,129,g_a,dpu,3732.11,3807.4
2,129,g_a_cpu,cpu,3807.4,3807.83
2,129,h_a,dpu,3807.83,3816.45
2,129,eb_enc,cpu,3816.46,3816.62
2,129,eb_dec,cpu,3816.62,3816.75
2,129,h_s,dpu,3816.75,3866.44
2,129,gc,cpu,3866.44,3876.61
2,138,normalize,cpu,3877.15,3880.79
2,138,g_a_cpu,cpu,3880.79,3881.03
2,138,g_a,dpu,3881.03,3954.74
2,138,g_a,dpu,3954.74,3994.77
2,138,g_a_cpu,cpu,3994.77,3995.1
2,138,h_a,dpu,3995.1,4011.28
2,138,eb_enc,cpu,4011.28,4011.43
2,138,eb_dec,cpu,4011.43,4011.55
2,138,h_s,dpu,4011.55,4089.31
2,138,gc,cpu,4089.31,4099
2,145,normalize,cpu,4099.51,4103.16
2,145,g_a_cpu,cpu,4103.17,4103.47
2,145,g_a,dpu,4103.47,4144.4
2,145,g_a,dpu,4144.4,4181.31
2,145,g_a_cpu,cpu,4181.32,4181.69
2,145,h_a,dpu,4181.69,4230.89
2,145,eb_enc,cpu,4230.89,4231.01
2,145,eb_dec,cpu,4231.01,4231.14
2,145,h_s,dpu,4231.14,4284.49
2,145,gc,cpu,4284.49,4294.29
2,152,normalize,cpu,4294.79,4298.43
2,152,g_a_cpu,cpu,4298.44,4298.76
2,152,g_a,dpu,4298.76,4361.87
2,152,g_a,dpu,4361.87,4405.73
2,152,g_a_cpu,cpu,4405.73,4406.16
2,152,h_a,dpu,4406.16,4457.25
2,152,eb_enc,cpu,4457.25,4457.37
2,152,eb_dec,cpu,4457.37,4457.49
2,152,h_s,dpu,4457.49,4473.32
2,152,gc,cpu,4473.32,4483.25
2,159,normalize,cpu,4483.79,4487.47
2,159,g_a_cpu,cpu,4487.47,4487.78
2,159,g_a,dpu,4487.78,4524.56
2,159,g_a,dpu,4524.56,4561.43
2,159,g_a_cpu,cpu,4561.43,4561.82
2,159,h_a,dpu,4561.82,4608.17
2,159,eb_enc,cpu,4608.17,4608.33
2,159,eb_dec,cpu,4608.33,4608.45
2,159,h_s,dpu,4608.45,4622.17
2,159,gc,cpu,4622.17,4632.23
2,165,normalize,cpu,4633.04,4636.76
2,165,g_a_cpu,cpu,4636.76,4637.15
2,165,g_a,dpu,4637.15,4709.29
2,165,g_a,dpu,4709.29,4784.36
2,165,g_a_cpu,cpu,4784.36,4784.73
2,165,h_a,dpu,4784.73,4828.8
2,165,eb_enc,cpu,4828.8,4828.93
2,165,eb_dec,cpu,4828.93,4829.05
2,165,h_s,dpu,4829.05,4857.19
2,165,gc,cpu,4857.19,4868.9
2,174,normalize,cpu,4872.7,4876.36
2,174,g_a_cpu,cpu,4876.37,4876.76
2,174,g_a,dpu,4876.76,4980.53
2,174,g_a,dpu,4980.54,5019.68
2,174,g_a_cpu,cpu,5019.68,5020.07
2,174,h_a,dpu,5020.08,5057.87
2,174,eb_enc,cpu,5057.87,5058
2,174,eb_dec,cpu,5058,5058.11
2,174,h_s,dpu,5058.11,5059.57
2,174,gc,cpu,5059.58,5072.74
2,180,normalize,cpu,5073.36,5077.07
2,180,g_a_cpu,cpu,5077.07,5077.43
2,180,g_a,dpu,5077.43,5137.36
2,180,g_a,dpu,5137.37,5210.05
2,180,g_a_cpu,cpu,5210.05,5210.43
2,180,h_a,dpu,5210.43,5254.83
2,180,eb_enc,cpu,5254.83,5254.97
2,180,eb_dec,cpu,5254.97,5255.1
2,180,h_s,dpu,5255.1,5293.79
2,180,gc,cpu,5293.79,5303.76
2,188,normalize,cpu,5304.26,5307.9
2,188,g_a_cpu,cpu,5307.91,5308.3
2,188,g_a,dpu,5308.31,5378.81
2,188,g_a,dpu,5378.81,5453.1
2,188,g_a_cpu,cpu,5453.1,5453.49
2,188,h_a,dpu,5453.49,5478.1
2,188,eb_enc,cpu,5478.1,5478.22
2,188,eb_dec,cpu,5478.23,5478.35
2,188,h_s,dpu,5478.35,5524.43
2,188,gc,cpu,5524.43,5534.4
2,197,normalize,cpu,5534.86,5538.55
2,197,g_a_cpu,cpu,5538.56,5538.97
2,197,g_a,dpu,5538.97,5611.3
2,197,g_a,dpu,5611.3,5686.33
2,197,g_a_cpu,cpu,5686.33,5686.71
2,197,h_a,dpu,5686.71,5688.4
2,197,eb_enc,cpu,5688.4,5688.54
2,197,eb_dec,cpu,5688.55,5688.68
2,197,h_s,dpu,5688.68,5784.01
2,197,gc,cpu,5784.01,5793.87
2,204,normalize,cpu,5794.56,5798.28
2,204,g_a_cpu,cpu,5798.29,5798.51
2,204,g_a,dpu,5798.51,5837.97
2,204,g_a,dpu,5837.97,5877.21
2,204,g_a_cpu,cpu,5877.21,5877.6
2,204,h_a,dpu,5877.6,5967.29
2,204,eb_enc,cpu,5967.3,5967.45
2,204,eb_dec,cpu,5967.45,5967.59
2,204,h_s,dpu,5967.59,6045.06
2,204,gc,cpu,6045.06,6054.8
2,212,normalize,cpu,6055.3,6058.97
2,212,g_a_cpu,cpu,6058.97,6059.25
2,212,g_a,dpu,6059.25,6096.16
2,212,g_a,dpu,6096.16,6135
2,212,g_a_cpu,cpu,6135,6135.37
2,212,h_a,dpu,6135.37,6152.02
2,212,eb_enc,cpu,6152.02,6152.15
2,212,eb_dec,cpu,6152.15,6152.32
2,212,h_s,dpu,6152.32,6204.03
2,212,gc,cpu,6204.03,6213.94
2,219,normalize,cpu,6214.53,6218.25
2,219,g_a_cpu,cpu,6218.26,6218.58
2,219,g_a,dpu,6218.58,6255.49
2,219,g_a,dpu,6255.5,6293.95
2,219,g_a_cpu,cpu,6293.95,6294.28
2,219,h_a,dpu,6294.28,6337.36
2,219,eb_enc,cpu,6337.36,6337.5
2,219,eb_dec,cpu,6337.5,6337.65
2,219,h_s,dpu,6337.65,6353.9
2,219,gc,cpu,6353.9,6363.62
2,225,normalize,cpu,6364.14,6368.54
2,225,g_a_cpu,cpu,6368.55,6372.63
2,225,g_a,dpu,6372.63,6445.92
2,225,g_a,dpu,6445.92,6482.71
2,225,g_a_cpu,cpu,6482.72,6483.12
2,225,h_a,dpu,6483.13,6494.92
2,225,eb_enc,cpu,6494.92,6495.05
2,225,eb_dec,cpu,6495.05,6495.17
2,225,h_s,dpu,6495.18,6540.64
2,225,gc,cpu,6540.65,6553.1
2,232,normalize,cpu,6553.6,6557.27
2,232,g_a_cpu,cpu,6557.27,6557.65
2,232,g_a,dpu,6557.65,6624.94
2,232,g_a,dpu,6624.94,6700.94
2,232,g_a_cpu,cpu,6700.94,6701.37
2,232,h_a,dpu,6701.37,6717.59
2,232,eb_enc,cpu,6717.59,6717.73
2,232,eb_dec,cpu,6717.73,6717.85
2,232,h_s,dpu,6717.85,6729.7
2,232,gc,cpu,6729.7,6739.62
2,239,normalize,cpu,6740.14,6743.81
2,239,g_a_cpu,cpu,6743.81,6744.08
2,239,g_a,dpu,6744.08,6781.07
2,239,g_a,dpu,6781.07,6853.9
2,239,g_a_cpu,cpu,6853.9,6854.28
2,239,h_a,dpu,6854.28,6904.66
2,239,eb_enc,cpu,6904.67,6904.8
2,239,eb_dec,cpu,6904.8,6904.93
2,239,h_s,dpu,6904.93,6924.67
2,239,gc,cpu,6924.68,6934.73
2,247,normalize,cpu,6935.19,6938.85
2,247,g_a_cpu,cpu,6938.85,6939.13
2,247,g_a,dpu,6939.13,6976.05
2,247,g_a,dpu,6976.05,7050.68
2,247,g_a_cpu,cpu,7050.68,7051.13
2,247,h_a,dpu,7051.13,7130.54
2,247,eb_enc,cpu,7130.54,7130.68
2,247,eb_dec,cpu,7130.68,7130.81
2,247,h_s,dpu,7130.81,7150.05
2,247,gc,cpu,7150.05,7160.34
2,253,normalize,cpu,7160.91,7164.58
2,253,g_a_cpu,cpu,7164.58,7164.92
2,253,g_a,dpu,7164.92,7201.98
2,253,g_a,dpu,7201.98,7274.58
2,253,g_a_cpu,cpu,7274.58,7274.92
2,253,h_a,dpu,7274.92,7364.92
2,253,eb_enc,cpu,7364.92,7365.06
2,253,eb_dec,cpu,7365.06,7365.18
2,253,h_s,dpu,7365.18,7367.47
2,253,gc,cpu,7367.47,7377.78
2,261,normalize,cpu,7378.36,7382.06
2,261,g_a_cpu,cpu,7382.07,7382.46
2,261,g_a,dpu,7382.46,7419.47
2,261,g_a,dpu,7419.48,7492.34
2,261,g_a_cpu,cpu,7492.34,7492.71
2,261,h_a,dpu,7492.71,7853.38
2,261,eb_enc,cpu,7853.38,7853.5
2,261,eb_dec,cpu,7853.5,7853.63
2,261,h_s,dpu,7853.63,7868.8
2,261,gc,cpu,7868.8,7878.44
2,277,normalize,cpu,7878.95,7882.62
2,277,g_a_cpu,cpu,7882.62,7882.9
2,277,g_a,dpu,7882.9,7924.77
2,277,g_a,dpu,7924.77,7961.55
2,277,g_a_cpu,cpu,7961.56,7961.93
2,277,h_a,dpu,7961.93,7966.07
2,277,eb_enc,cpu,7966.07,7966.19
2,277,eb_dec,cpu,7966.19,7966.31
2,277,h_s,dpu,7966.31,8017.65
2,277,gc,cpu,8017.65,8034.09
2,283,normalize,cpu,8034.64,8038.33
2,283,g_a_cpu,cpu,8038.34,8038.68
2,283,g_a,dpu,8038.69,8140.74
2,283,g_a,dpu,8140.74,8177.51
2,283,g_a_cpu,cpu,8177.51,8177.95
2,283,h_a,dpu,8177.95,8237.76
2,283,eb_enc,cpu,8237.76,8237.9
2,283,eb_dec,cpu,8237.9,8238.02
2,283,h_s,dpu,8238.02,8239.18
2,283,gc,cpu,8239.18,8249.44
2,292,normalize,cpu,8250.06,8253.73
2,292,g_a_cpu,cpu,8253.73,8254.11
2,292,g_a,dpu,8254.12,8334.34
2,292,g_a,dpu,8334.34,8372.91
2,292,g_a_cpu,cpu,8372.91,8373.28
2,292,h_a,dpu,8373.28,8431.19
2,292,eb_enc,cpu,8431.19,8431.35
2,292,eb_dec,cpu,8431.35,8431.49
2,292,h_s,dpu,8431.49,8469.23
2,292,gc,cpu,8469.23,8483.3
2,300,normalize,cpu,8483.83,8487.48
2,300,g_a_cpu,cpu,8487.49,8487.81
2,300,g_a,dpu,8487.81,8555.48
2,300,g_a,dpu,8555.48,8628.15
2,300,g_a_cpu,cpu,8628.15,8628.58
2,300,h_a,dpu,8628.58,8656.25
2,300,eb_enc,cpu,8656.25,8656.41
2,300,eb_dec,cpu,8656.41,8656.53
2,300,h_s,dpu,8656.53,8689.19
2,300,gc,cpu,8689.19,8699.48
2,307,normalize,cpu,8699.96,8703.63
2,307,g_a_cpu,cpu,8703.63,8704.01
2,307,g_a,dpu,8704.01,8784.55
2,307,g_a,dpu,8784.56,8857.47
2,307,g_a_cpu,cpu,8857.48,8857.87
2,307,h_a,dpu,8857.87,8886.1
2,307,eb_enc,cpu,8886.1,8886.24
2,307,eb_dec,cpu,8886.24,8886.36
2,307,h_s,dpu,8886.36,8909.15
2,307,gc,cpu,8909.15,8919.18
2,313,normalize,cpu,8919.81,8923.47
2,313,g_a_cpu,cpu,8923.47,8923.84
2,313,g_a,dpu,8923.85,8961.3
2,313,g_a,dpu,8961.31,9034.38
2,313,g_a_cpu,cpu,9034.38,9034.91
2,313,h_a,dpu,9034.91,9071.41
2,313,eb_enc,cpu,9071.41,9071.56
2,313,eb_dec,cpu,9071.56,9071.69
2,313,h_s,dpu,9071.69,9127.26
2,313,gc,cpu,9127.26,9137.22
2,320,normalize,cpu,9137.92,9141.6
2,320,g_a_cpu,cpu,9141.6,9141.92
2,320,g_a,dpu,9141.92,9179.02
2,320,g_a,dpu,9179.02,9251.69
2,320,g_a_cpu,cpu,9251.69,9252.14
2,320,h_a,dpu,9252.15,9305.03
2,320,eb_enc,cpu,9305.03,9305.18
2,320,eb_dec,cpu,9305.18,9305.32
2,320,h_s,dpu,9305.32,9351.29
2,320,gc,cpu,9351.29,9361.42
2,329,normalize,cpu,9361.97,9365.62
2,329,g_a_cpu,cpu,9365.62,9366.06
2,329,g_a,dpu,9366.07,9403.22
2,329,g_a,dpu,9403.22,9475.84
2,329,g_a_cpu,cpu,9475.84,9476.24
2,329,h_a,dpu,9476.24,9563.09
2,329,eb_enc,cpu,9563.09,9563.23
2,329,eb_dec,cpu,9563.23,9563.35
2,329,h_s,dpu,9563.35,9581.47
2,329,gc,cpu,9581.47,9591.55
2,337,normalize,cpu,9592.18,9595.83
2,337,g_a_cpu,cpu,9595.84,9596.16
2,337,g_a,dpu,9596.17,9633.2
2,337,g_a,dpu,9633.2,9705.84
2,337,g_a_cpu,cpu,9705.84,9706.25
2,337,h_a,dpu,9706.25,9784.99
2,337,eb_enc,cpu,9784.99,9785.12
2,337,eb_dec,cpu,9785.12,9785.24
2,337,h_s,dpu,9785.24,9803.74
2,337,gc,cpu,9803.74,9814.06
2,344,normalize,cpu,9814.66,9818.39
2,344,g_a_cpu,cpu,9818.4,9818.8
2,344,g_a,dpu,9818.8,9856.83
2,344,g_a,dpu,9856.83,9930
2,344,g_a_cpu,cpu,9930.01,9930.54
2,344,h_a,dpu,9930.54,10040.2
2,344,eb_enc,cpu,10040.2,10040.4
2,344,eb_dec,cpu,10040.4,10040.6
2,344,h_s,dpu,10040.6,10044.6
2,344,gc,cpu,10044.6,10054.8
2,354,normalize,cpu,10055.3,10059
2,354,g_a_cpu,cpu,10059,10059.2
2,354,g_a,dpu,10059.3,10096.5
2,354,g_a,dpu,10096.5,10133.5
2,354,g_a_cpu,cpu,10133.5,10133.9
2,354,h_a,dpu,10133.9,10232.8
2,354,eb_enc,cpu,10232.8,10233
2,354,eb_dec,cpu,10233,10233.1
2,354,h_s,dpu,10233.1,10279.3
2,354,gc,cpu,10279.3,10289.3
2,362,normalize,cpu,10289.8,10293.5
2,362,g_a_cpu,cpu,10293.5,10293.8
2,362,g_a,dpu,10293.8,10330.8
2,362,g_a,dpu,10330.8,10408.6
2,362,g_a_cpu,cpu,10408.6,10409.1
2,362,h_a,dpu,10409.1,10454.7
2,362,eb_enc,cpu,10454.7,10454.8
2,362,eb_dec,cpu,10454.8,10454.9
2,362,h_s,dpu,10454.9,10469.9
2,362,gc,cpu,10469.9,10479.8
2,369,normalize,cpu,10480.3,10483.9
2,369,g_a_cpu,cpu,10483.9,10484.3
2,369,g_a,dpu,10484.3,10521.2
2,369,g_a,dpu,10521.2,10558
2,369,g_a_cpu,cpu,10558,10558.3
2,369,h_a,dpu,10558.3,10605.3
2,369,eb_enc,cpu,10605.3,10605.5
2,369,eb_dec,cpu,10605.5,10605.6
2,369,h_s,dpu,10605.6,10660.1
2,369,gc,cpu,10660.1,10670
2,374,normalize,cpu,10670.5,10674.2
2,374,g_a_cpu,cpu,10674.2,10674.6
2,374,g_a,dpu,10674.6,10716.8
2,374,g_a,dpu,10716.9,10790.8
2,374,g_a_cpu,cpu,10790.8,10791.2
2,374,h_a,dpu,10791.2,10862
2,374,eb_enc,cpu,10862,10862.1
2,374,eb_dec,cpu,10862.1,10862.2
2,374,h_s,dpu,10862.2,10884.8
2,374,gc,cpu,10884.8,10894.8
2,382,normalize,cpu,10895.3,10901.8
2,382,g_a_cpu,cpu,10901.8,10904.4
2,382,g_a,dpu,10904.5,11011.5
2,382,g_a,dpu,11011.5,11048.4
2,382,g_a_cpu,cpu,11048.4,11048.8
2,382,h_a,dpu,11048.8,11050.4
2,382,eb_enc,cpu,11050.4,11050.5
2,382,eb_dec,cpu,11050.5,11050.6
2,382,h_s,dpu,11050.6,11109.1
2,382,gc,cpu,11109.1,11118.7
2,391,normalize,cpu,11119.4,11123.2
2,391,g_a_cpu,cpu,11123.2,11123.5
2,391,g_a,dpu,11123.5,11208.8
2,391,g_a,dpu,11208.9,11245.6
2,391,g_a_cpu,cpu,11245.6,11245.9
2,391,h_a,dpu,11245.9,11310.2
2,391,eb_enc,cpu,11310.2,11310.4
2,391,eb_dec,cpu,11310.4,11310.5
2,391,h_s,dpu,11310.5,11340.9
2,391,gc,cpu,11340.9,11350.6
2,399,normalize,cpu,11351,11354.8
2,399,g_a_cpu,cpu,11354.8,11355.2
2,399,g_a,dpu,11355.2,11433.3
2,399,g_a,dpu,11433.3,11473.1
2,399,g_a_cpu,cpu,11473.1,11473.4
2,399,h_a,dpu,11473.4,11570.8
2,399,eb_enc,cpu,11570.8,11570.9
2,399,eb_dec,cpu,11570.9,11571
2,399,h_s,dpu,11571,11598.5
2,399,gc,cpu,11598.5,11608
2,409,normalize,cpu,11608.7,11612.5
2,409,g_a_cpu,cpu,11612.5,11613
2,409,g_a,dpu,11613,11660.7
2,409,g_a,dpu,11660.7,11697.6
2,409,g_a_cpu,cpu,11697.6,11698
2,409,h_a,dpu,11698,11759.1
2,409,eb_enc,cpu,11759.1,11759.2
2,409,eb_dec,cpu,11759.2,11759.3
2,409,h_s,dpu,11759.3,11783.7
2,409,gc,cpu,11783.7,11793.3
2,415,normalize,cpu,11793.8,11797.5
2,415,g_a_cpu,cpu,11797.5,11798.1
2,415,g_a,dpu,11798.1,11881.9
2,415,g_a,dpu,11881.9,11920.5
2,415,g_a_cpu,cpu,11920.5,11920.9
2,415,h_a,dpu,11920.9,11984.4
2,415,eb_enc,cpu,11984.4,11984.5
2,415,eb_dec,cpu,11984.5,11984.6
2,415,h_s,dpu,11984.6,12041.2
2,415,gc,cpu,12041.2,12051
2,426,normalize,cpu,12051.5,12055.1
2,426,g_a_cpu,cpu,12055.1,12055.4
2,426,g_a,dpu,12055.4,12096.6
2,426,g_a,dpu,12096.6,12133.4
2,426,g_a_cpu,cpu,12133.4,12133.7
2,426,h_a,dpu,12133.7,12175.2
2,426,eb_enc,cpu,12175.2,12175.3
2,426,eb_dec,cpu,12175.3,12175.4
2,426,h_s,dpu,12175.4,12225.2
2,426,gc,cpu,12225.2,12234.9
2,431,normalize,cpu,12235.3,12239.7
2,431,g_a_cpu,cpu,12239.7,12240
2,431,g_a,dpu,12240,12315.9
2,431,g_a,dpu,12315.9,12355.4
2,431,g_a_cpu,cpu,12355.4,12355.7
2,431,h_a,dpu,12355.7,12400.6
2,431,eb_enc,cpu,12400.6,12400.7
2,431,eb_dec,cpu,12400.7,12400.8
2,431,h_s,dpu,12400.8,12481.7
2,431,gc,cpu,12481.7,12491.5
2,441,normalize,cpu,12492,12495.7
2,441,g_a_cpu,cpu,12495.7,12495.9
2,441,g_a,dpu,12495.9,12533
2,441,g_a,dpu,12533,12573.1
2,441,g_a_cpu,cpu,12573.1,12573.5
2,441,h_a,dpu,12573.5,12697.1
2,441,eb_enc,cpu,12697.1,12697.2
2,441,eb_dec,cpu,12697.2,12697.4
2,441,h_s,dpu,12697.4,12739.2
2,441,gc,cpu,12739.2,12749.1
2,450,normalize,cpu,12749.6,12753.3
2,450,g_a_cpu,cpu,12753.3,12753.5
2,450,g_a,dpu,12753.5,12790.7
2,450,g_a,dpu,12790.7,12864.8
2,450,g_a_cpu,cpu,12864.8,12865.1
2,450,h_a,dpu,12865.1,12919.8
2,450,eb_enc,cpu,12919.8,12920
2,450,eb_dec,cpu,12920,12920.1
2,450,h_s,dpu,12920.1,12928
2,450,gc,cpu,12928,12939.1
2,459,normalize,cpu,12939.7,12943.3
2,459,g_a_cpu,cpu,12943.3,12943.8
2,459,g_a,dpu,12943.8,12980.7
2,459,g_a,dpu,12980.7,13055.9
2,459,g_a_cpu,cpu,13055.9,13056.4
2,459,h_a,dpu,13056.4,13105.2
2,459,eb_enc,cpu,13105.2,13105.3
2,459,eb_dec,cpu,13105.3,13105.4
2,459,h_s,dpu,13105.4,13151.2
2,459,gc,cpu,13151.2,13161.3
2,465,normalize,cpu,13161.9,13165.6
2,465,g_a_cpu,cpu,13165.6,13166
2,465,g_a,dpu,13166,13203.1
2,465,g_a,dpu,13203.1,13275.8
2,465,g_a_cpu,cpu,13275.8,13276.1
2,465,h_a,dpu,13276.1,13334.5
2,465,eb_enc,cpu,13334.5,13334.6
2,465,eb_dec,cpu,13334.6,13334.8
2,465,h_s,dpu,13334.8,13340.6
2,465,gc,cpu,13340.6,13352.3
2,472,normalize,cpu,13352.9,13356.7
2,472,g_a_cpu,cpu,13356.7,13357.1
2,472,g_a,dpu,13357.1,13394.2
2,472,g_a,dpu,13394.2,13466.8
2,472,g_a_cpu,cpu,13466.8,13467.2
2,472,h_a,dpu,13467.2,13569.5
2,472,eb_enc,cpu,13569.5,13569.6
2,472,eb_dec,cpu,13569.6,13569.8
2,472,h_s,dpu,13569.8,13582.4
2,472,gc,cpu,13582.4,13592.7
2,480,normalize,cpu,13593.3,13597
2,480,g_a_cpu,cpu,13597,13597.5
2,480,g_a,dpu,13597.5,13634.5
2,480,g_a,dpu,13634.5,13707.4
2,480,g_a_cpu,cpu,13707.4,13707.8
2,480,h_a,dpu,13707.8,13757.9
2,480,eb_enc,cpu,13757.9,13758.1
2,480,eb_dec,cpu,13758.1,13758.2
2,480,h_s,dpu,13758.2,13771.5
2,480,gc,cpu,13771.5,13781.4
2,486,normalize,cpu,13781.8,13785.6
2,486,g_a_cpu,cpu,13785.6,13785.9
2,486,g_a,dpu,13785.9,13823.2
2,486,g_a,dpu,13823.2,13862.9
2,486,g_a_cpu,cpu,13862.9,13863.3
2,486,h_a,dpu,13863.3,14025.3
2,486,eb_enc,cpu,14025.3,14025.4
2,486,eb_dec,cpu,14025.4,14025.5
2,486,h_s,dpu,14025.5,14033.3
2,486,gc,cpu,14033.3,14043.7
2,498,normalize,cpu,14044.3,14047.9
2,498,g_a_cpu,cpu,14047.9,14048.3
2,498,g_a,dpu,14048.3,14119.5
2,498,g_a,dpu,14119.5,14194.5
2,498,g_a_cpu,cpu,14194.5,14194.9
2,498,h_a,dpu,14194.9,14250.5
2,498,eb_enc,cpu,14250.5,14250.7
2,498,eb_dec,cpu,14250.7,14250.8
2,498,h_s,dpu,14250.8,14264.7
2,498,gc,cpu,14264.7,14274.9
2,505,normalize,cpu,14275.4,14279.1
2,505,g_a_cpu,cpu,14279.1,14279.6
2,505,g_a,dpu,14279.6,14352.9
2,505,g_a,dpu,14353,14425.6
2,505,g_a_cpu,cpu,14425.6,14426
2,505,h_a,dpu,14426,14473.3
2,505,eb_enc,cpu,14473.3,14473.4
2,505,eb_dec,cpu,14473.4,14473.5
2,505,h_s,dpu,14473.5,14489.6
2,505,gc,cpu,14489.6,14500.9
2,511,normalize,cpu,14501.5,14505.1
2,511,g_a_cpu,cpu,14505.1,14505.6
2,511,g_a,dpu,14505.6,14542.5
2,511,g_a,dpu,14542.5,14579.3
2,511,g_a_cpu,cpu,14579.3,14579.6
2,511,h_a,dpu,14579.6,14654
2,511,eb_enc,cpu,14654,14654.1
2,511,eb_dec,cpu,14654.1,14654.2
2,511,h_s,dpu,14654.2,14707.3
2,511,gc,cpu,14707.3,14717.4
2,517,normalize,cpu,14718,14721.7
2,517,g_a_cpu,cpu,14721.7,14722.1
2,517,g_a,dpu,14722.1,14760.4
2,517,g_a,dpu,14760.4,14845.8
2,517,g_a_cpu,cpu,14845.8,14846.1
2,517,h_a,dpu,14846.1,14918.7
2,517,eb_enc,cpu,14918.7,14918.8
2,517,eb_dec,cpu,14918.8,14919
2,517,h_s,dpu,14919,14963.8
2,517,gc,cpu,14963.8,14973.9
2,528,normalize,cpu,14974.5,14978.1
2,528,g_a_cpu,cpu,14978.1,14978.5
2,528,g_a,dpu,14978.5,15015.7
2,528,g_a,dpu,15015.7,15088.4
2,528,g_a_cpu,cpu,15088.4,15088.8
2,528,h_a,dpu,15088.8,15174.9
2,528,eb_enc,cpu,15174.9,15175
2,528,eb_dec,cpu,15175,15175.1
2,528,h_s,dpu,15175.1,15194.9
2,528,gc,cpu,15194.9,15205.1
2,536,normalize,cpu,15205.8,15209.4
2,536,g_a_cpu,cpu,15209.4,15209.8
2,536,g_a,dpu,15209.8,15246.9
2,536,g_a,dpu,15246.9,15319.4
2,536,g_a_cpu,cpu,15319.4,15319.8
2,536,h_a,dpu,15319.8,15399.3
2,536,eb_enc,cpu,15399.3,15399.4
2,536,eb_dec,cpu,15399.4,15399.5
2,536,h_s,dpu,15399.5,15416.2
2,536,gc,cpu,15416.3,15426.6
2,544,normalize,cpu,15427.3,15430.9
2,544,g_a_cpu,cpu,15430.9,15431.3
2,544,g_a,dpu,15431.3,15468.4
2,544,g_a,dpu,15468.4,15541
2,544,g_a_cpu,cpu,15541,15541.4
2,544,h_a,dpu,15541.4,15620.7
2,544,eb_enc,cpu,15620.7,15620.9
2,544,eb_dec,cpu,15620.9,15621
2,544,h_s,dpu,15621,15640.4
2,544,gc,cpu,15640.4,15650.7
2,553,normalize,cpu,15651.3,15655
2,553,g_a_cpu,cpu,15655,15655.3
2,553,g_a,dpu,15655.3,15692.5
2,553,g_a,dpu,15692.5,15765.1
2,553,g_a_cpu,cpu,15765.1,15765.5
2,553,h_a,dpu,15765.5,15808
2,553,eb_enc,cpu,15808,15808.2
2,553,eb_dec,cpu,15808.2,15808.5
2,553,h_s,dpu,15808.5,15859.5
2,553,gc,cpu,15859.5,15869.8
2,560,normalize,cpu,15870.5,15874.3
2,560,g_a_cpu,cpu,15874.3,15874.7
2,560,g_a,dpu,15874.7,15911.6
2,560,g_a,dpu,15911.6,15984.4
2,560,g_a_cpu,cpu,15984.4,15984.9
2,560,h_a,dpu,15984.9,16030.1
2,560,eb_enc,cpu,16030.1,16030.3
2,560,eb_dec,cpu,16030.3,16030.4
2,560,h_s,dpu,16030.4,16046.4
2,560,gc,cpu,16046.4,16056.6
2,566,normalize,cpu,16057.3,16060.9
2,566,g_a_cpu,cpu,16060.9,16061.3
2,566,g_a,dpu,16061.3,16098.5
2,566,g_a,dpu,16098.5,16140.7
2,566,g_a_cpu,cpu,16140.7,16141.1
2,566,h_a,dpu,16141.1,16221
2,566,eb_enc,cpu,16221,16221.1
2,566,eb_dec,cpu,16221.1,16221.3
2,566,h_s,dpu,16221.3,16267.4
2,566,gc,cpu,16267.4,16277.6
2,573,normalize,cpu,16278.3,16281.9
2,573,g_a_cpu,cpu,16281.9,16282.3
2,573,g_a,dpu,16282.3,16319.5
2,573,g_a,dpu,16319.5,16394.3
2,573,g_a_cpu,cpu,16394.3,16394.7
2,573,h_a,dpu,16394.7,16412
2,573,eb_enc,cpu,16412,16412.1
2,573,eb_dec,cpu,16412.1,16412.2
2,573,h_s,dpu,16412.2,16464.5
2,573,gc,cpu,16464.5,16474.3
2,582,normalize,cpu,16474.7,16478.4
2,582,g_a_cpu,cpu,16478.4,16478.7
2,582,g_a,dpu,16478.7,16515.9
2,582,g_a,dpu,16515.9,16589.6
2,582,g_a_cpu,cpu,16589.6,16590.1
2,582,h_a,dpu,16590.1,16637.6
2,582,eb_enc,cpu,16637.6,16637.8
2,582,eb_dec,cpu,16637.8,16637.9
2,582,h_s,dpu,16637.9,16686.5
2,582,gc,cpu,16686.5,16696.2
2,590,normalize,cpu,16696.8,16700.4
2,590,g_a_cpu,cpu,16700.4,16700.8
2,590,g_a,dpu,16700.8,16737.7
2,590,g_a,dpu,16737.7,16812.8
2,590,g_a_cpu,cpu,16812.8,16813.2
2,590,h_a,dpu,16813.2,16861.3
2,590,eb_enc,cpu,16861.3,16861.5
2,590,eb_dec,cpu,16861.5,16861.6
2,590,h_s,dpu,16861.6,16912.1
2,590,gc,cpu,16912.1,16922
2,599,normalize,cpu,16922.5,16926.3
2,599,g_a_cpu,cpu,16926.3,16926.6
2,599,g_a,dpu,16926.6,16963.5
2,599,g_a,dpu,16963.5,17037.2
2,599,g_a_cpu,cpu,17037.2,17037.7
2,599,h_a,dpu,17037.7,17084.2
2,599,eb_enc,cpu,17084.2,17084.3
2,599,eb_dec,cpu,17084.3,17084.4
2,599,h_s,dpu,17084.4,17137.2
2,599,gc,cpu,17137.2,17147.4
2,607,normalize,cpu,17148,17151.7
2,607,g_a_cpu,cpu,17151.8,17152
2,607,g_a,dpu,17152,17188.9
2,607,g_a,dpu,17188.9,17261.7
2,607,g_a_cpu,cpu,17261.7,17262.1
2,607,h_a,dpu,17262.1,17269.4
2,607,eb_enc,cpu,17269.4,17269.6
2,607,eb_dec,cpu,17269.6,17269.7
2,607,h_s,dpu,17269.7,17322.1
2,607,gc,cpu,17322.1,17332.1
2,613,normalize,cpu,17332.8,17336.4
2,613,g_a_cpu,cpu,17336.4,17336.7
2,613,g_a,dpu,17336.7,17373.6
2,613,g_a,dpu,17373.6,17412.7
2,613,g_a_cpu,cpu,17412.7,17413.1
2,613,h_a,dpu,17413.1,17499.9
2,613,eb_enc,cpu,17499.9,17500
2,613,eb_dec,cpu,17500,17500.2
2,613,h_s,dpu,17500.2,17543.3
2,613,gc,cpu,17543.3,17556.8
2,622,normalize,cpu,17557.3,17561
2,622,g_a_cpu,cpu,17561,17561.3
2,622,g_a,dpu,17561.3,17598.4
2,622,g_a,dpu,17598.4,17673.5
2,622,g_a_cpu,cpu,17673.5,17674
2,622,h_a,dpu,17674,17762.2
2,622,eb_enc,cpu,17762.2,17762.3
2,622,eb_dec,cpu,17762.3,17762.4
2,622,h_s,dpu,17762.4,17768.6
2,622,gc,cpu,17768.6,17778.6
2,629,normalize,cpu,17779.3,17783
2,629,g_a_cpu,cpu,17783,17783.3
2,629,g_a,dpu,17783.3,17820.2
2,629,g_a,dpu,17820.2,17857.1
2,629,g_a_cpu,cpu,17857.1,17857.5
2,629,h_a,dpu,17857.5,17946.8
2,629,eb_enc,cpu,17946.8,17946.9
2,629,eb_dec,cpu,17946.9,17947
2,629,h_s,dpu,17947,17963.4
2,629,gc,cpu,17963.4,17973.5
2,634,normalize,cpu,17974.2,17977.8
2,634,g_a_cpu,cpu,17977.8,17978.2
2,634,g_a,dpu,17978.2,18015.9
2,634,g_a,dpu,18015.9,18053
2,634,g_a_cpu,cpu,18053,18053.5
2,634,h_a,dpu,18053.5,18099
2,634,eb_enc,cpu,18099,18099.1
2,634,eb_dec,cpu,18099.1,18099.2
2,634,h_s,dpu,18099.2,18150.6
2,634,gc,cpu,18150.6,18161
2,642,normalize,cpu,18161.7,18165.3
2,642,g_a_cpu,cpu,18165.3,18165.6
2,642,g_a,dpu,18165.6,18202.7
2,642,g_a,dpu,18202.7,18241.3
2,642,g_a_cpu,cpu,18241.3,18241.7
2,642,h_a,dpu,18241.7,18283.7
2,642,eb_enc,cpu,18283.7,18283.9
2,642,eb_dec,cpu,18283.9,18284
2,642,h_s,dpu,18284,18372.5
2,642,gc,cpu,18372.5,18383
2,651,normalize,cpu,18383.6,18387.2
2,651,g_a_cpu,cpu,18387.2,18387.7
2,651,g_a,dpu,18387.7,18424.7
2,651,g_a,dpu,18424.7,18497.3
2,651,g_a_cpu,cpu,18497.3,18497.7
2,651,h_a,dpu,18497.7,18541.6
2,651,eb_enc,cpu,18541.6,18541.7
2,651,eb_dec,cpu,18541.7,18541.8
2,651,h_s,dpu,18541.8,18563.3
2,651,gc,cpu,18563.3,18573.2
2,657,normalize,cpu,18573.8,18577.5
2,657,g_a_cpu,cpu,18577.5,18577.8
2,657,g_a,dpu,18577.8,18615
2,657,g_a,dpu,18615,18688.8
2,657,g_a_cpu,cpu,18688.8,18689.2
2,657,h_a,dpu,18689.2,18771.4
2,657,eb_enc,cpu,18771.4,18771.5
2,657,eb_dec,cpu,18771.5,18771.6
2,657,h_s,dpu,18771.6,18785.4
2,657,gc,cpu,18785.4,18795.5
2,665,normalize,cpu,18796.1,18799.9
2,665,g_a_cpu,cpu,18799.9,18800.3
2,665,g_a,dpu,18800.3,18837.5
2,665,g_a,dpu,18837.5,18911.1
2,665,g_a_cpu,cpu,18911.1,18911.5
2,665,h_a,dpu,18911.5,18994.5
2,665,eb_enc,cpu,18994.5,18994.6
2,665,eb_dec,cpu,18994.6,18994.7
2,665,h_s,dpu,18994.7,19008.6
2,665,gc,cpu,19008.6,19019
2,674,normalize,cpu,19019.7,19023.4
2,674,g_a_cpu,cpu,19023.4,19023.8
2,674,g_a,dpu,19023.8,19060.9
2,674,g_a,dpu,19060.9,19133.8
2,674,g_a_cpu,cpu,19133.8,19134.3
2,674,h_a,dpu,19134.3,19183.3
2,674,eb_enc,cpu,19183.3,19183.4
2,674,eb_dec,cpu,19183.4,19183.5
2,674,h_s,dpu,19183.5,19200.5
2,674,gc,cpu,19200.5,19210.4
2,683,normalize,cpu,19210.8,19214.5
2,683,g_a_cpu,cpu,19214.5,19214.9
2,683,g_a,dpu,19214.9,19251.7
2,683,g_a,dpu,19251.7,19288.5
2,683,g_a_cpu,cpu,19288.5,19288.9
2,683,h_a,dpu,19288.9,19369.4
2,683,eb_enc,cpu,19369.4,19369.6
2,683,eb_dec,cpu,19369.6,19369.7
2,683,h_s,dpu,19369.7,19387.6
2,683,gc,cpu,19387.6,19397.4
2,686,normalize,cpu,19397.9,19401.6
2,686,g_a_cpu,cpu,19401.6,19401.9
2,686,g_a,dpu,19401.9,19446.2
2,686,g_a,dpu,19446.2,19521
2,686,g_a_cpu,cpu,19521,19521.4
2,686,h_a,dpu,19521.4,19602.6
2,686,eb_enc,cpu,19602.6,19602.7
2,686,eb_dec,cpu,19602.7,19602.9
2,686,h_s,dpu,19602.9,19608.4
2,686,gc,cpu,19608.4,19618.2
2,695,normalize,cpu,19625.1,19628.8
2,695,g_a_cpu,cpu,19628.8,19629.4
2,695,g_a,dpu,19629.4,19698.6
2,695,g_a,dpu,19698.6,19773.2
2,695,g_a_cpu,cpu,19773.2,19773.6
2,695,h_a,dpu,19773.6,19827.5
2,695,eb_enc,cpu,19827.5,19827.7
2,695,eb_dec,cpu,19827.7,19827.8
2,695,h_s,dpu,19827.8,19845.1
2,695,gc,cpu,19845.1,19855.4
2,704,normalize,cpu,19856,19859.7
2,704,g_a_cpu,cpu,19859.7,19860
2,704,g_a,dpu,19860,19931.7
2,704,g_a,dpu,19931.7,20008.3
2,704,g_a_cpu,cpu,20008.3,20008.8
2,704,h_a,dpu,20008.8,20061.9
2,704,eb_enc,cpu,20061.9,20062.1
2,704,eb_dec,cpu,20062.1,20062.2
2,704,h_s,dpu,20062.2,20104.7
2,704,gc,cpu,20104.7,20114.3
2,714,normalize,cpu,20114.7,20118.5
2,714,g_a_cpu,cpu,20118.5,20118.8
2,714,g_a,dpu,20118.8,20155.7
2,714,g_a,dpu,20155.7,20194.3
2,714,g_a_cpu,cpu,20194.3,20194.7
2,714,h_a,dpu,20194.7,20212.6
2,714,eb_enc,cpu,20212.6,20212.8
2,714,eb_dec,cpu,20212.8,20212.9
2,714,h_s,dpu,20212.9,20215.6
2,714,gc,cpu,20215.6,20225.5
2,720,normalize,cpu,20226.2,20229.8
2,720,g_a_cpu,cpu,20229.8,20230.1
2,720,g_a,dpu,20230.1,20272.8
2,720,g_a,dpu,20272.8,20346.3
2,720,g_a_cpu,cpu,20346.3,20346.7
2,720,h_a,dpu,20346.7,20399.8
2,720,eb_enc,cpu,20399.8,20399.9
2,720,eb_dec,cpu,20399.9,20400.1
2,720,h_s,dpu,20400.1,20410.7
2,720,gc,cpu,20410.7,20424.6
2,727,normalize,cpu,20425.2,20428.8
2,727,g_a_cpu,cpu,20428.8,20429.1
2,727,g_a,dpu,20429.1,20496.2
2,727,g_a,dpu,20496.2,20571.9
2,727,g_a_cpu,cpu,20571.9,20572.2
2,727,h_a,dpu,20572.2,20624.4
2,727,eb_enc,cpu,20624.4,20624.5
2,727,eb_dec,cpu,20624.5,20624.6
2,727,h_s,dpu,20624.6,20625.7
2,727,gc,cpu,20625.7,20646.2
2,736,normalize,cpu,20646.7,20650.3
2,736,g_a_cpu,cpu,20650.3,20650.6
2,736,g_a,dpu,20650.6,20711.6
2,736,g_a,dpu,20711.6,20784.3
2,736,g_a_cpu,cpu,20784.3,20784.7
2,736,h_a,dpu,20784.7,20850
2,736,eb_enc,cpu,20850,20850.2
2,736,eb_dec,cpu,20850.2,20850.3
2,736,h_s,dpu,20850.3,20862.1
2,736,gc,cpu,20862.1,20872
2,742,normalize,cpu,20872.6,20876.2
2,742,g_a_cpu,cpu,20876.2,20876.6
2,742,g_a,dpu,20876.6,20949.4
2,742,g_a,dpu,20949.4,21022
2,742,g_a_cpu,cpu,21022,21022.4
2,742,h_a,dpu,21022.4,21075.1
2,742,eb_enc,cpu,21075.1,21075.3
2,742,eb_dec,cpu,21075.3,21075.4
2,742,h_s,dpu,21075.4,21091
2,742,gc,cpu,21091,21101.1
2,750,normalize,cpu,21101.6,21105.3
2,750,g_a_cpu,cpu,21105.3,21105.8
2,750,g_a,dpu,21105.8,21178
2,750,g_a,dpu,21178,21253.1
2,750,g_a_cpu,cpu,21253.1,21253.6
2,750,h_a,dpu,21253.6,21299
2,750,eb_enc,cpu,21299,21299.1
2,750,eb_dec,cpu,21299.1,21299.3
2,750,h_s,dpu,21299.3,21317.2
2,750,gc,cpu,21317.2,21327.4
2,758,normalize,cpu,21327.9,21331.6
2,758,g_a_cpu,cpu,21331.6,21332
2,758,g_a,dpu,21332,21405.2
2,758,g_a,dpu,21405.2,21477.9
2,758,g_a_cpu,cpu,21477.9,21478.3
2,758,h_a,dpu,21478.3,21529
2,758,eb_enc,cpu,21529,21529.2
2,758,eb_dec,cpu,21529.2,21529.3
2,758,h_s,dpu,21529.3,21541.6
2,758,gc,cpu,21541.6,21551.4
2,766,normalize,cpu,21551.9,21555.5
2,766,g_a_cpu,cpu,21555.5,21556
2,766,g_a,dpu,21556,21631.8
2,766,g_a,dpu,21631.8,21668.6
2,766,g_a_cpu,cpu,21668.6,21668.9
2,766,h_a,dpu,21668.9,21714.5
2,766,eb_enc,cpu,21714.5,21714.6
2,766,eb_dec,cpu,21714.6,21714.7
2,766,h_s,dpu,21714.7,21730
2,766,gc,cpu,21730,21739.9
2,772,normalize,cpu,21740.8,21744.5
2,772,g_a_cpu,cpu,21744.5,21744.8
2,772,g_a,dpu,21744.8,21815.4
2,772,g_a,dpu,21815.4,21892.9
2,772,g_a_cpu,cpu,21892.9,21893.2
2,772,h_a,dpu,21893.2,21935.5
2,772,eb_enc,cpu,21935.5,21935.6
2,772,eb_dec,cpu,21935.6,21935.8
2,772,h_s,dpu,21935.8,21961.3
2,772,gc,cpu,21961.3,21978.5
2,781,normalize,cpu,21979.1,21982.8
2,781,g_a_cpu,cpu,21982.8,21983.2
2,781,g_a,dpu,21983.2,22085.9
2,781,g_a,dpu,22085.9,22124.9
2,781,g_a_cpu,cpu,22124.9,22125.3
2,781,h_a,dpu,22125.3,22126.8
2,781,eb_enc,cpu,22126.8,22127
2,781,eb_dec,cpu,22127,22127.1
2,781,h_s,dpu,22127.1,22161.6
2,781,gc,cpu,22161.6,22172.1
2,787,normalize,cpu,22172.8,22176.4
2,787,g_a_cpu,cpu,22176.4,22176.9
2,787,g_a,dpu,22176.9,22214
2,787,g_a,dpu,22214,22286.6
2,787,g_a_cpu,cpu,22286.6,22287
2,787,h_a,dpu,22287,22325.4
2,787,eb_enc,cpu,22325.4,22325.5
2,787,eb_dec,cpu,22325.5,22325.6
2,787,h_s,dpu,22325.6,22380.9
2,787,gc,cpu,22380.9,22391
2,793,normalize,cpu,22391.7,22395.3
2,793,g_a_cpu,cpu,22395.3,22395.8
2,793,g_a,dpu,22395.8,22432.7
2,793,g_a,dpu,22432.7,22505.4
2,793,g_a_cpu,cpu,22505.4,22505.8
2,793,h_a,dpu,22505.9,22546.9
2,793,eb_enc,cpu,22546.9,22547
2,793,eb_dec,cpu,22547,22547.1
2,793,h_s,dpu,22547.1,22601.8
2,793,gc,cpu,22601.8,22611.6
2,801,normalize,cpu,22612.2,22615.9
2,801,g_a_cpu,cpu,22615.9,22616.2
2,801,g_a,dpu,22616.2,22653.5
2,801,g_a,dpu,22653.5,22692.2
2,801,g_a_cpu,cpu,22692.2,22692.8
2,801,h_a,dpu,22692.8,22767.8
2,801,eb_enc,cpu,22767.8,22768
2,801,eb_dec,cpu,22768,22768.1
2,801,h_s,dpu,22768.1,22824.4
2,801,gc,cpu,22824.4,22834.5
2,810,normalize,cpu,22835.1,22838.8
2,810,g_a_cpu,cpu,22838.8,22839.3
2,810,g_a,dpu,22839.3,22876.3
2,810,g_a,dpu,22876.3,22948.9
2,810,g_a_cpu,cpu,22948.9,22949.3
2,810,h_a,dpu,22949.3,22989.2
2,810,eb_enc,cpu,22989.2,22989.3
2,810,eb_dec,cpu,22989.3,22989.4
2,810,h_s,dpu,22989.4,23045.9
2,810,gc,cpu,23045.9,23057.4
2,817,normalize,cpu,23058.1,23061.9
2,817,g_a_cpu,cpu,23061.9,23062.3
2,817,g_a,dpu,23062.3,23135.7
2,817,g_a,dpu,23135.7,23211
2,817,g_a_cpu,cpu,23211,23211.4
2,817,h_a,dpu,23211.4,23261.4
2,817,eb_enc,cpu,23261.4,23261.6
2,817,eb_dec,cpu,23261.6,23261.7
2,817,h_s,dpu,23261.7,23304.1
2,817,gc,cpu,23304.1,23314.1
2,829,normalize,cpu,23314.7,23318.4
2,829,g_a_cpu,cpu,23318.5,23318.9
2,829,g_a,dpu,23318.9,23397.1
2,829,g_a,dpu,23397.1,23435.5
2,829,g_a_cpu,cpu,23435.5,23435.9
2,829,h_a,dpu,23435.9,23485.5
2,829,eb_enc,cpu,23485.5,23485.7
2,829,eb_dec,cpu,23485.7,23485.9
2,829,h_s,dpu,23485.9,23528.6
2,829,gc,cpu,23528.6,23538.4
2,837,normalize,cpu,23539,23542.7
2,837,g_a_cpu,cpu,23542.7,23543
2,837,g_a,dpu,23543.1,23580
2,837,g_a,dpu,23580,23616.8
2,837,g_a_cpu,cpu,23616.8,23617.3
2,837,h_a,dpu,23617.3,23674.7
2,837,eb_enc,cpu,23674.7,23674.9
2,837,eb_dec,cpu,23674.9,23675
2,837,h_s,dpu,23675,23720.6
2,837,gc,cpu,23720.6,23730.9
2,842,normalize,cpu,23731.5,23735.2
2,842,g_a_cpu,cpu,23735.2,23735.7
2,842,g_a,dpu,23735.7,23772.8
2,842,g_a,dpu,23772.8,23845.4
2,842,g_a_cpu,cpu,23845.4,23845.8
2,842,h_a,dpu,23845.8,23897.6
2,842,eb_enc,cpu,23897.6,23897.7
2,842,eb_dec,cpu,23897.7,23897.8
2,842,h_s,dpu,23897.8,23949.4
2,842,gc,cpu,23949.4,23959.6
2,849,normalize,cpu,23960.1,23963.8
2,849,g_a_cpu,cpu,23963.8,23964.1
2,849,g_a,dpu,23964.1,24001.4
2,849,g_a,dpu,24001.4,24075.1
2,849,g_a_cpu,cpu,24075.1,24075.5
2,849,h_a,dpu,24075.5,24120.8
2,849,eb_enc,cpu,24120.8,24120.9
2,849,eb_dec,cpu,24120.9,24121.1
2,849,h_s,dpu,24121.1,24170.7
2,849,gc,cpu,24170.7,24180.8
2,857,normalize,cpu,24181.4,24185.1
2,857,g_a_cpu,cpu,24185.1,24185.5
2,857,g_a,dpu,24185.5,24222.8
2,857,g_a,dpu,24222.8,24259.8
2,857,g_a_cpu,cpu,24259.8,24260.3
2,857,h_a,dpu,24260.3,24308.7
2,857,eb_enc,cpu,24308.7,24308.8
2,857,eb_dec,cpu,24308.8,24308.9
2,857,h_s,dpu,24308.9,24354.8
2,857,gc,cpu,24354.8,24364.7
2,865,normalize,cpu,24365.2,24368.8
2,865,g_a_cpu,cpu,24368.8,24369.2
2,865,g_a,dpu,24369.2,24406.3
2,865,g_a,dpu,24406.3,24481.2
2,865,g_a_cpu,cpu,24481.2,24481.6
2,865,h_a,dpu,24481.6,24505.5
2,865,eb_enc,cpu,24505.5,24505.7
2,865,eb_dec,cpu,24505.7,24505.8
2,865,h_s,dpu,24505.8,24507.1
2,865,gc,cpu,24507.1,24517.1
2,871,normalize,cpu,24517.5,24521.2
2,871,g_a_cpu,cpu,24521.2,24521.5
2,871,g_a,dpu,24521.5,24558.9
2,871,g_a,dpu,24558.9,24596
2,871,g_a_cpu,cpu,24596,24596.4
2,871,h_a,dpu,24596.4,24654.3
2,871,eb_enc,cpu,24654.3,24654.5
2,871,eb_dec,cpu,24654.5,24654.6
2,871,h_s,dpu,24654.6,24696.7
2,871,gc,cpu,24696.7,24706.3
2,876,normalize,cpu,24706.8,24710.5
2,876,g_a_cpu,cpu,24710.5,24710.8
2,876,g_a,dpu,24710.8,24752.9
2,876,g_a,dpu,24752.9,24792.7
2,876,g_a_cpu,cpu,24792.7,24793.1
2,876,h_a,dpu,24793.1,24844.9
2,876,eb_enc,cpu,24844.9,24845.1
2,876,eb_dec,cpu,24845.1,24845.2
2,876,h_s,dpu,24845.2,24926.4
2,876,gc,cpu,24926.4,24936.5
2,884,normalize,cpu,24937.1,24940.7
2,884,g_a_cpu,cpu,24940.7,24941
2,884,g_a,dpu,24941,24978.3
2,884,g_a,dpu,24978.3,25018.1
2,884,g_a_cpu,cpu,25018.1,25018.5
2,884,h_a,dpu,25018.5,25068.1
2,884,eb_enc,cpu,25068.1,25068.3
2,884,eb_dec,cpu,25068.3,25068.4
2,884,h_s,dpu,25068.4,25153.6
2,884,gc,cpu,25153.6,25163.6
2,892,normalize,cpu,25164.2,25167.9
2,892,g_a_cpu,cpu,25167.9,25168.2
2,892,g_a,dpu,25168.2,25205.4
2,892,g_a,dpu,25205.4,25244.5
2,892,g_a_cpu,cpu,25244.5,25244.9
2,892,h_a,dpu,25244.9,25333.4
2,892,eb_enc,cpu,25333.4,25333.5
2,892,eb_dec,cpu,25333.5,25333.6
2,892,h_s,dpu,25333.6,25378.3
2,892,gc,cpu,25378.3,25388.4
2,902,normalize,cpu,25389.3,25393
2,902,g_a_cpu,cpu,25393,25393.4
2,902,g_a,dpu,25393.4,25430.4
2,902,g_a,dpu,25430.4,25503.1
2,902,g_a_cpu,cpu,25503.1,25503.5
2,902,h_a,dpu,25503.5,25554.5
2,902,eb_enc,cpu,25554.5,25554.7
2,902,eb_dec,cpu,25554.7,25554.8
2,902,h_s,dpu,25554.8,25607.5
2,902,gc,cpu,25607.5,25617.8
2,910,normalize,cpu,25618.4,25622.1
2,910,g_a_cpu,cpu,25622.2,25622.5
2,910,g_a,dpu,25622.5,25659.5
2,910,g_a,dpu,25659.5,25732.3
2,910,g_a_cpu,cpu,25732.3,25732.7
2,910,h_a,dpu,25732.7,25814.9
2,910,eb_enc,cpu,25814.9,25815
2,910,eb_dec,cpu,25815,25815.2
2,910,h_s,dpu,25815.2,25816.9
2,910,gc,cpu,25816.9,25830.2
2,918,normalize,cpu,25830.8,25834.4
2,918,g_a_cpu,cpu,25834.4,25834.8
2,918,g_a,dpu,25834.8,25871.8
2,918,g_a,dpu,25871.8,25908.6
2,918,g_a_cpu,cpu,25908.6,25908.9
2,918,h_a,dpu,25908.9,26014.7
2,918,eb_enc,cpu,26014.7,26014.8
2,918,eb_dec,cpu,26014.8,26014.9
2,918,h_s,dpu,26014.9,26050.5
2,918,gc,cpu,26050.5,26062.1
2,924,normalize,cpu,26062.7,26066.3
2,924,g_a_cpu,cpu,26066.3,26066.7
2,924,g_a,dpu,26066.7,26103.6
2,924,g_a,dpu,26103.6,26140.3
2,924,g_a_cpu,cpu,26140.3,26140.7
2,924,h_a,dpu,26140.7,26180
2,924,eb_enc,cpu,26180,26180.1
2,924,eb_dec,cpu,26180.1,26180.3
2,924,h_s,dpu,26180.3,26199.5
2,924,gc,cpu,26199.5,26209.2
3,4,normalize,cpu,74.4314,78.1154
3,4,g_a_cpu,cpu,78.1988,78.4986
3,4,g_a,dpu,78.5044,115.425
3,4,g_a,dpu,115.434,223.92
3,4,g_a_cpu,cpu,223.92,224.377
3,4,h_a,dpu,224.384,226.947
3,4,eb_enc,cpu,226.948,227.065
3,4,eb_dec,cpu,227.066,227.178
3,4,h_s,dpu,227.178,294.81
3,4,gc,cpu,294.814,314.521
3,9,normalize,cpu,315.248,327.97
3,9,g_a_cpu,cpu,327.973,328.566
3,9,g_a,dpu,328.575,387.158
3,9,g_a,dpu,387.159,494.726
3,9,g_a_cpu,cpu,494.728,495.191
3,9,h_a,dpu,495.195,497.752
3,9,eb_enc,cpu,497.753,497.87
3,9,eb_dec,cpu,497.873,497.988
3,9,h_s,dpu,497.988,550.758
3,9,gc,cpu,550.76,566.852
3,22,normalize,cpu,567.304,570.986
3,22,g_a_cpu,cpu,570.991,571.399
3,22,g_a,dpu,571.402,669.052
3,22,g_a,dpu,669.053,777.454
3,22,g_a_cpu,cpu,777.456,778.022
3,22,h_a,dpu,778.023,781.987
3,22,eb_enc,cpu,781.989,782.186
3,22,eb_dec,cpu,782.186,782.31
3,22,h_s,dpu,782.31,792.754
3,22,gc,cpu,792.755,806.413
3,29,normalize,cpu,807.085,810.771
3,29,g_a_cpu,cpu,810.776,811.296
3,29,g_a,dpu,811.303,866.556
3,29,g_a,dpu,866.561,974.106
3,29,g_a_cpu,cpu,974.108,974.523
3,29,h_a,dpu,974.525,977.024
3,29,eb_enc,cpu,977.025,977.151
3,29,eb_dec,cpu,977.152,977.263
3,29,h_s,dpu,977.263,1025.39
3,29,gc,cpu,1025.39,1035.98
3,37,normalize,cpu,1038.38,1042.11
3,37,g_a_cpu,cpu,1042.11,1042.43
3,37,g_a,dpu,1042.44,1111.76
3,37,g_a,dpu,1111.76,1219.38
3,37,g_a_cpu,cpu,1219.38,1219.85
3,37,h_a,dpu,1219.85,1226.5
3,37,eb_enc,cpu,1226.5,1226.63
3,37,eb_dec,cpu,1226.63,1226.74
3,37,h_s,dpu,1226.74,1253.51
3,37,gc,cpu,1253.51,1267.53
3,42,normalize,cpu,1268.13,1271.81
3,42,g_a_cpu,cpu,1271.81,1272.26
3,42,g_a,dpu,1272.26,1308.86
3,42,g_a,dpu,1308.86,1345.19
3,42,g_a_cpu,cpu,1345.19,1345.52
3,42,h_a,dpu,1345.52,1389.54
3,42,eb_enc,cpu,1389.54,1389.68
3,42,eb_dec,cpu,1389.68,1389.79
3,42,h_s,dpu,1389.79,1473.24
3,42,gc,cpu,1473.24,1483.01
3,49,normalize,cpu,1483.54,1487.22
3,49,g_a_cpu,cpu,1487.22,1487.52
3,49,g_a,dpu,1487.52,1640.06
3,49,g_a,dpu,1640.06,1713.5
3,49,g_a_cpu,cpu,1713.5,1713.98
3,49,h_a,dpu,1714,1719.52
3,49,eb_enc,cpu,1719.52,1719.71
3,49,eb_dec,cpu,1719.71,1719.84
3,49,h_s,dpu,1719.84,1744.48
3,49,gc,cpu,1744.48,1756.5
3,61,normalize,cpu,1756.98,1760.8
3,61,g_a_cpu,cpu,1760.81,1761.11
3,61,g_a,dpu,1761.11,1862.82
3,61,g_a,dpu,1862.82,1942.13
3,61,g_a_cpu,cpu,1942.13,1942.61
3,61,h_a,dpu,1942.61,1956.91
3,61,eb_enc,cpu,1956.91,1957.06
3,61,eb_dec,cpu,1957.06,1957.17
3,61,h_s,dpu,1957.17,2007.46
3,61,gc,cpu,2007.46,2017.13
3,71,normalize,cpu,2017.66,2021.33
3,71,g_a_cpu,cpu,2021.34,2021.6
3,71,g_a,dpu,2021.6,2126.56
3,71,g_a,dpu,2126.57,2172.46
3,71,g_a_cpu,cpu,2172.46,2173
3,71,h_a,dpu,2173,2222.09
3,71,eb_enc,cpu,2222.09,2222.21
3,71,eb_dec,cpu,2222.21,2222.32
3,71,h_s,dpu,2222.32,2269.25
3,71,gc,cpu,2269.25,2278.96
3,78,normalize,cpu,2279.42,2283.1
3,78,g_a_cpu,cpu,2283.11,2283.39
3,78,g_a,dpu,2283.4,2355.33
3,78,g_a,dpu,2355.34,2435.8
3,78,g_a_cpu,cpu,2435.8,2436.32
3,78,h_a,dpu,2436.32,2483.93
3,78,eb_enc,cpu,2483.94,2484.1
3,78,eb_dec,cpu,2484.1,2484.24
3,78,h_s,dpu,2484.25,2532.33
3,78,gc,cpu,2532.33,2542.11
3,87,normalize,cpu,2542.66,2546.3
3,87,g_a_cpu,cpu,2546.31,2546.91
3,87,g_a,dpu,2546.92,2622.61
3,87,g_a,dpu,2622.61,2731.47
3,87,g_a_cpu,cpu,2731.47,2731.82
3,87,h_a,dpu,2731.82,2734.72
3,87,eb_enc,cpu,2734.72,2734.84
3,87,eb_dec,cpu,2734.84,2734.95
3,87,h_s,dpu,2734.95,2767.81
3,87,gc,cpu,2767.82,2778.2
3,96,normalize,cpu,2779.54,2783.32
3,96,g_a_cpu,cpu,2783.33,2783.67
3,96,g_a,dpu,2783.67,2854.3
3,96,g_a,dpu,2854.3,2927.39
3,96,g_a_cpu,cpu,2927.39,2927.75
3,96,h_a,dpu,2927.75,2946.21
3,96,eb_enc,cpu,2946.21,2946.35
3,96,eb_dec,cpu,2946.35,2946.46
3,96,h_s,dpu,2946.46,2993.26
3,96,gc,cpu,2993.26,3003.55
3,106,normalize,cpu,3004.38,3008.05
3,106,g_a_cpu,cpu,3008.05,3008.53
3,106,g_a,dpu,3008.53,3080.22
3,106,g_a,dpu,3080.22,3188.72
3,106,g_a_cpu,cpu,3188.72,3189.28
3,106,h_a,dpu,3189.29,3192.65
3,106,eb_enc,cpu,3192.65,3192.79
3,106,eb_dec,cpu,3192.79,3192.91
3,106,h_s,dpu,3192.91,3218.08
3,106,gc,cpu,3218.09,3228.62
3,113,normalize,cpu,3229.42,3233.09
3,113,g_a_cpu,cpu,3233.09,3233.45
3,113,g_a,dpu,3233.46,3307.91
3,113,g_a,dpu,3307.91,3417.11
3,113,g_a_cpu,cpu,3417.12,3417.64
3,113,h_a,dpu,3417.65,3420.21
3,113,eb_enc,cpu,3420.21,3420.36
3,113,eb_dec,cpu,3420.36,3420.49
3,113,h_s,dpu,3420.49,3476.53
3,113,gc,cpu,3476.53,3486.43
3,123,normalize,cpu,3486.97,3490.69
3,123,g_a_cpu,cpu,3490.69,3490.98
3,123,g_a,dpu,3490.98,3533.56
3,123,g_a,dpu,3533.57,3607.33
3,123,g_a_cpu,cpu,3607.33,3607.73
3,123,h_a,dpu,3607.73,3610.27
3,123,eb_enc,cpu,3610.27,3610.39
3,123,eb_dec,cpu,3610.39,3610.51
3,123,h_s,dpu,3610.51,3665.33
3,123,gc,cpu,3665.33,3675.26
3,131,normalize,cpu,3675.75,3679.44
3,131,g_a_cpu,cpu,3679.44,3679.68
3,131,g_a,dpu,3679.68,3753.98
3,131,g_a,dpu,3753.98,3828.89
3,131,g_a_cpu,cpu,3828.89,3829.44
3,131,h_a,dpu,3829.44,3832.87
3,131,eb_enc,cpu,3832.87,3833
3,131,eb_dec,cpu,3833,3833.11
3,131,h_s,dpu,3833.11,3862.63
3,131,gc,cpu,3862.63,3872.97
3,137,normalize,cpu,3873.52,3877.17
3,137,g_a_cpu,cpu,3877.17,3877.53
3,137,g_a,dpu,3877.54,3977.65
3,137,g_a,dpu,3977.65,4052.17
3,137,g_a_cpu,cpu,4052.18,4052.7
3,137,h_a,dpu,4052.71,4070.39
3,137,eb_enc,cpu,4070.39,4070.54
3,137,eb_dec,cpu,4070.54,4070.66
3,137,h_s,dpu,4070.66,4121.09
3,137,gc,cpu,4121.09,4131.15
3,147,normalize,cpu,4131.61,4135.27
3,147,g_a_cpu,cpu,4135.28,4135.55
3,147,g_a,dpu,4135.55,4234.69
3,147,g_a,dpu,4234.69,4320.26
3,147,g_a_cpu,cpu,4320.26,4320.79
3,147,h_a,dpu,4320.79,4363.9
3,147,eb_enc,cpu,4363.91,4364.02
3,147,eb_dec,cpu,4364.02,4364.13
3,147,h_s,dpu,4364.13,4365.13
3,147,gc,cpu,4365.13,4378.06
3,153,normalize,cpu,4378.7,4382.48
3,153,g_a_cpu,cpu,4382.48,4382.86
3,153,g_a,dpu,4382.86,4472.51
3,153,g_a,dpu,4472.51,4545.29
3,153,g_a_cpu,cpu,4545.29,4545.85
3,153,h_a,dpu,4545.85,4563.63
3,153,eb_enc,cpu,4563.63,4563.76
3,153,eb_dec,cpu,4563.76,4563.87
3,153,h_s,dpu,4563.87,4609.13
3,153,gc,cpu,4609.13,4618.8
3,162,normalize,cpu,4619.39,4633.21
3,162,g_a_cpu,cpu,4633.22,4633.63
3,162,g_a,dpu,4633.64,4705.06
3,162,g_a,dpu,4705.06,4741.36
3,162,g_a_cpu,cpu,4741.36,4741.7
3,162,h_a,dpu,4741.7,4786.54
3,162,eb_enc,cpu,4786.54,4786.66
3,162,eb_dec,cpu,4786.66,4786.77
3,162,h_s,dpu,4786.77,4829.77
3,162,gc,cpu,4829.77,4839.56
3,171,normalize,cpu,4840,4843.64
3,171,g_a_cpu,cpu,4843.64,4843.93
3,171,g_a,dpu,4843.94,4901.87
3,171,g_a,dpu,4901.87,5009.53
3,171,g_a_cpu,cpu,5009.53,5010.05
3,171,h_a,dpu,5010.05,5021.92
3,171,eb_enc,cpu,5021.93,5022.05
3,171,eb_dec,cpu,5022.05,5022.16
3,171,h_s,dpu,5022.16,5064.8
3,171,gc,cpu,5064.8,5075.13
3,182,normalize,cpu,5084.87,5088.52
3,182,g_a_cpu,cpu,5088.53,5088.8
3,182,g_a,dpu,5088.8,5142.87
3,182,g_a,dpu,5142.87,5179.26
3,182,g_a_cpu,cpu,5179.26,5179.83
3,182,h_a,dpu,5179.83,5212.2
3,182,eb_enc,cpu,5212.21,5212.35
3,182,eb_dec,cpu,5212.35,5212.46
3,182,h_s,dpu,5212.46,5255.75
3,182,gc,cpu,5255.75,5265.61
3,185,normalize,cpu,5266.08,5269.76
3,185,g_a_cpu,cpu,5269.77,5270.01
3,185,g_a,dpu,5270.01,5336.42
3,185,g_a,dpu,5336.43,5412.18
3,185,g_a_cpu,cpu,5412.18,5412.63
3,185,h_a,dpu,5412.64,5455.32
3,185,eb_enc,cpu,5455.32,5455.47
3,185,eb_dec,cpu,5455.47,5455.58
3,185,h_s,dpu,5455.58,5479.01
3,185,gc,cpu,5479.01,5489.23
3,192,normalize,cpu,5489.85,5493.52
3,192,g_a_cpu,cpu,5493.52,5493.89
3,192,g_a,dpu,5493.89,5560.29
3,192,g_a,dpu,5560.29,5596.7
3,192,g_a_cpu,cpu,5596.7,5597.14
3,192,h_a,dpu,5597.14,5649.89
3,192,eb_enc,cpu,5649.89,5650.03
3,192,eb_dec,cpu,5650.03,5650.15
3,192,h_s,dpu,5650.15,5662.88
3,192,gc,cpu,5662.88,5672.55
3,199,normalize,cpu,5673.51,5677.23
3,199,g_a_cpu,cpu,5677.23,5677.46
3,199,g_a,dpu,5677.46,5782.85
3,199,g_a,dpu,5782.85,5819.79
3,199,g_a_cpu,cpu,5819.8,5820.14
3,199,h_a,dpu,5820.14,5839.98
3,199,eb_enc,cpu,5839.98,5840.11
3,199,eb_dec,cpu,5840.11,5840.22
3,199,h_s,dpu,5840.22,5887.45
3,199,gc,cpu,5887.45,5897.72
3,208,normalize,cpu,5898.27,5902.03
3,208,g_a_cpu,cpu,5902.04,5902.43
3,208,g_a,dpu,5902.43,6007.44
3,208,g_a,dpu,6007.44,6116.84
3,208,g_a_cpu,cpu,6116.84,6117.44
3,208,h_a,dpu,6117.44,6137.19
3,208,eb_enc,cpu,6137.19,6137.32
3,208,eb_dec,cpu,6137.33,6137.44
3,208,h_s,dpu,6137.44,6153.02
3,208,gc,cpu,6153.02,6163.01
3,218,normalize,cpu,6163.58,6167.34
3,218,g_a_cpu,cpu,6167.34,6167.61
3,218,g_a,dpu,6167.61,6275.71
3,218,g_a,dpu,6275.71,6350.86
3,218,g_a_cpu,cpu,6350.86,6351.23
3,218,h_a,dpu,6351.23,6367.46
3,218,eb_enc,cpu,6367.46,6367.58
3,218,eb_dec,cpu,6367.58,6367.69
3,218,h_s,dpu,6367.69,6417.36
3,218,gc,cpu,6417.36,6427.53
3,227,normalize,cpu,6428.03,6431.67
3,227,g_a_cpu,cpu,6431.67,6431.96
3,227,g_a,dpu,6431.97,6534.34
3,227,g_a,dpu,6534.34,6614.42
3,227,g_a_cpu,cpu,6614.42,6614.74
3,227,h_a,dpu,6614.74,6664.44
3,227,eb_enc,cpu,6664.45,6664.58
3,227,eb_dec,cpu,6664.58,6664.71
3,227,h_s,dpu,6664.71,6716.62
3,227,gc,cpu,6716.62,6727.26
3,237,normalize,cpu,6727.82,6731.7
3,237,g_a_cpu,cpu,6731.7,6732.03
3,237,g_a,dpu,6732.04,6768.68
3,237,g_a,dpu,6768.68,6840.54
3,237,g_a_cpu,cpu,6840.54,6840.92
3,237,h_a,dpu,6840.92,6892.6
3,237,eb_enc,cpu,6892.6,6892.73
3,237,eb_dec,cpu,6892.73,6892.84
3,237,h_s,dpu,6892.84,6906.74
3,237,gc,cpu,6906.74,6920.96
3,244,normalize,cpu,6921.46,6933.82
3,244,g_a_cpu,cpu,6933.83,6934.26
3,244,g_a,dpu,6934.26,7074
3,244,g_a,dpu,7074,7110.78
3,244,g_a_cpu,cpu,7110.78,7111.13
3,244,h_a,dpu,7111.13,7114.06
3,244,eb_enc,cpu,7114.06,7114.18
3,244,eb_dec,cpu,7114.18,7114.29
3,244,h_s,dpu,7114.29,7173.3
3,244,gc,cpu,7173.3,7182.88
3,256,normalize,cpu,7183.49,7187.15
3,256,g_a_cpu,cpu,7187.16,7187.42
3,256,g_a,dpu,7187.42,7260.1
3,256,g_a,dpu,7260.1,7331.82
3,256,g_a_cpu,cpu,7331.82,7332.35
3,256,h_a,dpu,7332.35,7335.04
3,256,eb_enc,cpu,7335.06,7335.18
3,256,eb_dec,cpu,7335.18,7335.29
3,256,h_s,dpu,7335.29,7377.55
3,256,gc,cpu,7377.55,7387.6
3,263,normalize,cpu,7388.16,7391.84
3,263,g_a_cpu,cpu,7391.84,7392.24
3,263,g_a,dpu,7392.25,7490.33
3,263,g_a,dpu,7490.33,7562.87
3,263,g_a_cpu,cpu,7562.87,7563.33
3,263,h_a,dpu,7563.34,7566.03
3,263,eb_enc,cpu,7566.03,7566.17
3,263,eb_dec,cpu,7566.17,7566.29
3,263,h_s,dpu,7566.29,7669.15
3,263,gc,cpu,7669.15,7678.81
3,270,normalize,cpu,7679.31,7683.01
3,270,g_a_cpu,cpu,7683.01,7683.41
3,270,g_a,dpu,7683.41,7719.8
3,270,g_a,dpu,7719.8,7756.12
3,270,g_a_cpu,cpu,7756.12,7756.65
3,270,h_a,dpu,7756.65,7759.2
3,270,eb_enc,cpu,7759.2,7759.32
3,270,eb_dec,cpu,7759.32,7759.44
3,270,h_s,dpu,7759.44,7854.27
3,270,gc,cpu,7854.27,7864.16
3,276,normalize,cpu,7864.71,7868.38
3,276,g_a_cpu,cpu,7868.38,7868.7
3,276,g_a,dpu,7868.71,7905.2
3,276,g_a,dpu,7905.2,7941.68
3,276,g_a_cpu,cpu,7941.68,7942.15
3,276,h_a,dpu,7942.15,7963.78
3,276,eb_enc,cpu,7963.78,7963.9
3,276,eb_dec,cpu,7963.9,7964.01
3,276,h_s,dpu,7964.01,7965.13
3,276,gc,cpu,7965.13,7974.81
3,280,normalize,cpu,7975.31,7979.04
3,280,g_a_cpu,cpu,7979.04,7979.31
3,280,g_a,dpu,7979.31,8060.43
3,280,g_a,dpu,8060.43,8096.71
3,280,g_a_cpu,cpu,8096.71,8097.18
3,280,h_a,dpu,8097.18,8180.73
3,280,eb_enc,cpu,8180.73,8180.85
3,280,eb_dec,cpu,8180.85,8180.97
3,280,h_s,dpu,8180.97,8230.48
3,280,gc,cpu,8230.48,8240.43
3,290,normalize,cpu,8240.98,8244.72
3,290,g_a_cpu,cpu,8244.73,8245.3
3,290,g_a,dpu,8245.3,8282.23
3,290,g_a,dpu,8282.23,8318.55
3,290,g_a_cpu,cpu,8318.55,8318.99
3,290,h_a,dpu,8319,8336.47
3,290,eb_enc,cpu,8336.47,8336.62
3,290,eb_dec,cpu,8336.62,8336.73
3,290,h_s,dpu,8336.73,8430.07
3,290,gc,cpu,8430.07,8443.83
3,296,normalize,cpu,8444.3,8447.91
3,296,g_a_cpu,cpu,8447.91,8448.2
3,296,g_a,dpu,8448.2,8505.06
3,296,g_a,dpu,8505.06,8576.84
3,296,g_a_cpu,cpu,8576.85,8577.27
3,296,h_a,dpu,8577.27,8630.39
3,296,eb_enc,cpu,8630.39,8630.54
3,296,eb_dec,cpu,8630.54,8630.65
3,296,h_s,dpu,8630.65,8657.21
3,296,gc,cpu,8657.21,8667.13
3,304,normalize,cpu,8667.76,8671.46
3,304,g_a_cpu,cpu,8671.47,8671.75
3,304,g_a,dpu,8671.76,8725.01
3,304,g_a,dpu,8725.01,8796.81
3,304,g_a_cpu,cpu,8796.81,8797.34
3,304,h_a,dpu,8797.34,8859.8
3,304,eb_enc,cpu,8859.8,8859.95
3,304,eb_dec,cpu,8859.95,8860.07
3,304,h_s,dpu,8860.07,8887.05
3,304,gc,cpu,8887.06,8896.87
3,311,normalize,cpu,8897.41,8901.08
3,311,g_a_cpu,cpu,8901.09,8901.36
3,311,g_a,dpu,8901.36,8945.01
3,311,g_a,dpu,8945.02,9052.64
3,311,g_a_cpu,cpu,9052.64,9053.17
3,311,h_a,dpu,9053.17,9073.69
3,311,eb_enc,cpu,9073.69,9073.8
3,311,eb_dec,cpu,9073.8,9073.91
3,311,h_s,dpu,9073.91,9109.77
3,311,gc,cpu,9109.77,9119.33
3,319,normalize,cpu,9119.84,9123.54
3,319,g_a_cpu,cpu,9123.55,9123.79
3,319,g_a,dpu,9123.79,9166.21
3,319,g_a,dpu,9166.21,9238.37
3,319,g_a_cpu,cpu,9238.37,9238.7
3,319,h_a,dpu,9238.7,9290.24
3,319,eb_enc,cpu,9290.24,9290.36
3,319,eb_dec,cpu,9290.36,9290.47
3,319,h_s,dpu,9290.47,9343.72
3,319,gc,cpu,9343.72,9353.95
3,327,normalize,cpu,9354.52,9358.36
3,327,g_a_cpu,cpu,9358.37,9358.73
3,327,g_a,dpu,9358.74,9395.31
3,327,g_a,dpu,9395.31,9431.68
3,327,g_a_cpu,cpu,9431.68,9432.02
3,327,h_a,dpu,9432.03,9478.07
3,327,eb_enc,cpu,9478.07,9478.2
3,327,eb_dec,cpu,9478.2,9478.31
3,327,h_s,dpu,9478.31,9564
3,327,gc,cpu,9564,9573.78
3,335,normalize,cpu,9574.31,9579.39
3,335,g_a_cpu,cpu,9579.4,9580.05
3,335,g_a,dpu,9580.06,9618.83
3,335,g_a,dpu,9618.83,9726.84
3,335,g_a_cpu,cpu,9726.85,9727.28
3,335,h_a,dpu,9727.28,9744.39
3,335,eb_enc,cpu,9744.39,9744.5
3,335,eb_dec,cpu,9744.51,9744.63
3,335,h_s,dpu,9744.63,9786.88
3,335,gc,cpu,9786.88,9796.71
3,342,normalize,cpu,9797.25,9801.95
3,342,g_a_cpu,cpu,9801.96,9802.61
3,342,g_a,dpu,9802.62,9840.6
3,342,g_a,dpu,9840.6,9877.19
3,342,g_a_cpu,cpu,9877.2,9877.58
3,342,h_a,dpu,9877.58,9932.56
3,342,eb_enc,cpu,9932.56,9932.72
3,342,eb_dec,cpu,9932.72,9932.83
3,342,h_s,dpu,9932.83,10041.7
3,342,gc,cpu,10041.7,10051.5
3,352,normalize,cpu,10052,10055.7
3,352,g_a_cpu,cpu,10055.7,10056
3,352,g_a,dpu,10056,10095.7
3,352,g_a,dpu,10095.8,10168.4
3,352,g_a_cpu,cpu,10168.4,10168.8
3,352,h_a,dpu,10168.8,10172.1
3,352,eb_enc,cpu,10172.1,10172.3
3,352,eb_dec,cpu,10172.3,10172.4
3,352,h_s,dpu,10172.4,10234.1
3,352,gc,cpu,10234.1,10243.8
3,358,normalize,cpu,10244.5,10248.2
3,358,g_a_cpu,cpu,10248.2,10248.6
3,358,g_a,dpu,10248.6,10316.4
3,358,g_a,dpu,10316.4,10389
3,358,g_a_cpu,cpu,10389,10389.5
3,358,h_a,dpu,10389.5,10447.3
3,358,eb_enc,cpu,10447.3,10447.4
3,358,eb_dec,cpu,10447.4,10447.5
3,358,h_s,dpu,10447.5,10456.6
3,358,gc,cpu,10456.6,10466.4
3,366,normalize,cpu,10468,10471.8
3,366,g_a_cpu,cpu,10471.8,10472.1
3,366,g_a,dpu,10472.1,10511.8
3,366,g_a,dpu,10511.8,10621.8
3,366,g_a_cpu,cpu,10621.8,10622.1
3,366,h_a,dpu,10622.1,10676.5
3,366,eb_enc,cpu,10676.5,10676.7
3,366,eb_dec,cpu,10676.7,10676.8
3,366,h_s,dpu,10676.8,10680.1
3,366,gc,cpu,10680.1,10690.4
3,376,normalize,cpu,10690.9,10694.5
3,376,g_a_cpu,cpu,10694.5,10695
3,376,g_a,dpu,10695,10736.3
3,376,g_a,dpu,10736.3,10845.6
3,376,g_a_cpu,cpu,10845.6,10845.9
3,376,h_a,dpu,10845.9,10848.6
3,376,eb_enc,cpu,10848.6,10848.7
3,376,eb_dec,cpu,10848.7,10848.8
3,376,h_s,dpu,10848.8,10901.1
3,376,gc,cpu,10901.1,10911.5
3,385,normalize,cpu,10912.1,10915.7
3,385,g_a_cpu,cpu,10915.7,10916.1
3,385,g_a,dpu,10916.1,10960.7
3,385,g_a,dpu,10960.7,11070.3
3,385,g_a_cpu,cpu,11070.3,11070.7
3,385,h_a,dpu,11070.7,11073.5
3,385,eb_enc,cpu,11073.5,11073.7
3,385,eb_dec,cpu,11073.7,11073.8
3,385,h_s,dpu,11073.8,11125.7
3,385,gc,cpu,11125.7,11135.6
3,392,normalize,cpu,11136.4,11140
3,392,g_a_cpu,cpu,11140,11140.4
3,392,g_a,dpu,11140.4,11192.1
3,392,g_a,dpu,11192.1,11301.3
3,392,g_a_cpu,cpu,11301.3,11301.8
3,392,h_a,dpu,11301.8,11304.5
3,392,eb_enc,cpu,11304.5,11304.6
3,392,eb_dec,cpu,11304.6,11304.7
3,392,h_s,dpu,11304.7,11386.7
3,392,gc,cpu,11386.7,11398
3,403,normalize,cpu,11398.4,11402
3,403,g_a_cpu,cpu,11402,11402.4
3,403,g_a,dpu,11402.4,11486.5
3,403,g_a,dpu,11486.5,11559.9
3,403,g_a_cpu,cpu,11559.9,11560.4
3,403,h_a,dpu,11560.4,11579.7
3,403,eb_enc,cpu,11579.7,11579.9
3,403,eb_dec,cpu,11579.9,11580
3,403,h_s,dpu,11580,11609.8
3,403,gc,cpu,11609.8,11619.6
3,410,normalize,cpu,11620.1,11626.5
3,410,g_a_cpu,cpu,11626.5,11626.8
3,410,g_a,dpu,11626.8,11707.2
3,410,g_a,dpu,11707.2,11743.6
3,410,g_a_cpu,cpu,11743.6,11744.1
3,410,h_a,dpu,11744.1,11747.1
3,410,eb_enc,cpu,11747.1,11747.3
3,410,eb_dec,cpu,11747.3,11747.4
3,410,h_s,dpu,11747.4,11797.6
3,410,gc,cpu,11797.6,11807.5
3,416,normalize,cpu,11808.2,11811.9
3,416,g_a_cpu,cpu,11811.9,11812.4
3,416,g_a,dpu,11812.4,11892.3
3,416,g_a,dpu,11892.3,12002.4
3,416,g_a_cpu,cpu,12002.4,12002.9
3,416,h_a,dpu,12002.9,12019.2
3,416,eb_enc,cpu,12019.2,12019.4
3,416,eb_dec,cpu,12019.4,12019.5
3,416,h_s,dpu,12019.5,12028.4
3,416,gc,cpu,12028.4,12038.2
3,425,normalize,cpu,12038.7,12045.8
3,425,g_a_cpu,cpu,12045.8,12046.2
3,425,g_a,dpu,12046.2,12148.8
3,425,g_a,dpu,12148.8,12222.8
3,425,g_a_cpu,cpu,12222.8,12223.2
3,425,h_a,dpu,12223.2,12240.9
3,425,eb_enc,cpu,12240.9,12241
3,425,eb_dec,cpu,12241,12241.1
3,425,h_s,dpu,12241.1,12251.4
3,425,gc,cpu,12251.4,12262.1
3,434,normalize,cpu,12262.7,12266.4
3,434,g_a_cpu,cpu,12266.4,12266.7
3,434,g_a,dpu,12266.7,12370
3,434,g_a,dpu,12370,12480.7
3,434,g_a_cpu,cpu,12480.8,12481.3
3,434,h_a,dpu,12481.3,12484.4
3,434,eb_enc,cpu,12484.4,12484.5
3,434,eb_dec,cpu,12484.5,12484.6
3,434,h_s,dpu,12484.6,12548.7
3,434,gc,cpu,12548.7,12559.2
3,443,normalize,cpu,12559.8,12563.5
3,443,g_a_cpu,cpu,12563.5,12563.8
3,443,g_a,dpu,12563.8,12629
3,443,g_a,dpu,12629,12701.5
3,443,g_a_cpu,cpu,12701.5,12702.1
3,443,h_a,dpu,12702.1,12705.1
3,443,eb_enc,cpu,12705.1,12705.2
3,443,eb_dec,cpu,12705.2,12705.4
3,443,h_s,dpu,12705.4,12772.1
3,443,gc,cpu,12772.1,12782.2
3,452,normalize,cpu,12782.7,12786.4
3,452,g_a_cpu,cpu,12786.4,12786.6
3,452,g_a,dpu,12786.7,12852.5
3,452,g_a,dpu,12852.5,12889.7
3,452,g_a_cpu,cpu,12889.7,12890.2
3,452,h_a,dpu,12890.2,12910.6
3,452,eb_enc,cpu,12910.6,12910.7
3,452,eb_dec,cpu,12910.7,12910.8
3,452,h_s,dpu,12910.8,12922.6
3,452,gc,cpu,12922.6,12941.7
3,460,normalize,cpu,12942.3,12946
3,460,g_a_cpu,cpu,12946,12946.3
3,460,g_a,dpu,12946.3,13074.4
3,460,g_a,dpu,13074.5,13113.2
3,460,g_a_cpu,cpu,13113.2,13114.1
3,460,h_a,dpu,13114.1,13118.5
3,460,eb_enc,cpu,13118.5,13118.7
3,460,eb_dec,cpu,13118.7,13118.8
3,460,h_s,dpu,13118.8,13186.2
3,460,gc,cpu,13186.2,13196.1
3,468,normalize,cpu,13196.6,13200.2
3,468,g_a_cpu,cpu,13200.2,13200.8
3,468,g_a,dpu,13200.8,13297.1
3,468,g_a,dpu,13297.1,13334.7
3,468,g_a_cpu,cpu,13334.7,13335.2
3,468,h_a,dpu,13335.2,13351.7
3,468,eb_enc,cpu,13351.7,13351.9
3,468,eb_dec,cpu,13351.9,13352
3,468,h_s,dpu,13352,13386.5
3,468,gc,cpu,13386.5,13396.1
3,476,normalize,cpu,13396.7,13400.4
3,476,g_a_cpu,cpu,13400.4,13400.7
3,476,g_a,dpu,13400.7,13505.8
3,476,g_a,dpu,13505.8,13578.5
3,476,g_a_cpu,cpu,13578.5,13578.9
3,476,h_a,dpu,13578.9,13584.6
3,476,eb_enc,cpu,13584.6,13584.8
3,476,eb_dec,cpu,13584.8,13584.9
3,476,h_s,dpu,13584.9,13718.4
3,476,gc,cpu,13718.4,13728.4
3,484,normalize,cpu,13729,13732.7
3,484,g_a_cpu,cpu,13732.7,13733.1
3,484,g_a,dpu,13733.1,13769.5
3,484,g_a,dpu,13769.5,13807.4
3,484,g_a_cpu,cpu,13807.4,13807.9
3,484,h_a,dpu,13807.9,13825.6
3,484,eb_enc,cpu,13825.6,13825.7
3,484,eb_dec,cpu,13825.7,13825.8
3,484,h_s,dpu,13825.8,13873.9
3,484,gc,cpu,13873.9,13883.7
3,492,normalize,cpu,13884.2,13887.9
3,492,g_a_cpu,cpu,13887.9,13888.2
3,492,g_a,dpu,13888.2,13991
3,492,g_a,dpu,13991,14028.5
3,492,g_a_cpu,cpu,14028.5,14029.1
3,492,h_a,dpu,14029.1,14037.4
3,492,eb_enc,cpu,14037.4,14037.6
3,492,eb_dec,cpu,14037.6,14037.7
3,492,h_s,dpu,14037.7,14103.1
3,492,gc,cpu,14103.1,14112.8
3,500,normalize,cpu,14113.4,14117
3,500,g_a_cpu,cpu,14117,14117.3
3,500,g_a,dpu,14117.3,14187.6
3,500,g_a,dpu,14187.6,14260.6
3,500,g_a_cpu,cpu,14260.6,14261.2
3,500,h_a,dpu,14261.2,14265.2
3,500,eb_enc,cpu,14265.2,14265.3
3,500,eb_dec,cpu,14265.3,14265.4
3,500,h_s,dpu,14265.4,14288.8
3,500,gc,cpu,14288.8,14298.7
3,508,normalize,cpu,14299.1,14302.8
3,508,g_a_cpu,cpu,14302.8,14303.1
3,508,g_a,dpu,14303.1,14376.1
3,508,g_a,dpu,14376.1,14483.8
3,508,g_a_cpu,cpu,14483.8,14484.6
3,508,h_a,dpu,14484.6,14488.7
3,508,eb_enc,cpu,14488.7,14489
3,508,eb_dec,cpu,14489,14489.1
3,508,h_s,dpu,14489.1,14490.8
3,508,gc,cpu,14490.8,14510.2
3,515,normalize,cpu,14510.8,14514.5
3,515,g_a_cpu,cpu,14514.5,14514.9
3,515,g_a,dpu,14514.9,14597.9
3,515,g_a,dpu,14597.9,14705.6
3,515,g_a_cpu,cpu,14705.6,14706.1
3,515,h_a,dpu,14706.1,14709.6
3,515,eb_enc,cpu,14709.6,14709.7
3,515,eb_dec,cpu,14709.7,14709.8
3,515,h_s,dpu,14709.8,14730.4
3,515,gc,cpu,14730.4,14745.7
3,522,normalize,cpu,14746.5,14750.2
3,522,g_a_cpu,cpu,14750.2,14750.7
3,522,g_a,dpu,14750.7,14852.7
3,522,g_a,dpu,14852.7,14961.4
3,522,g_a_cpu,cpu,14961.4,14962
3,522,h_a,dpu,14962,14975.4
3,522,eb_enc,cpu,14975.4,14975.5
3,522,eb_dec,cpu,14975.5,14975.6
3,522,h_s,dpu,14975.6,14994.2
3,522,gc,cpu,14994.2,15003.9
3,532,normalize,cpu,15004.4,15008
3,532,g_a_cpu,cpu,15008,15008.4
3,532,g_a,dpu,15008.4,15082.2
3,532,g_a,dpu,15082.2,15191.9
3,532,g_a_cpu,cpu,15191.9,15192.2
3,532,h_a,dpu,15192.2,15195.8
3,532,eb_enc,cpu,15195.8,15196
3,532,eb_dec,cpu,15196,15196.2
3,532,h_s,dpu,15196.2,15217.8
3,532,gc,cpu,15217.8,15227.5
3,540,normalize,cpu,15227.9,15232.3
3,540,g_a_cpu,cpu,15232.3,15232.6
3,540,g_a,dpu,15232.6,15339.9
3,540,g_a,dpu,15340,15413.1
3,540,g_a_cpu,cpu,15413.1,15413.7
3,540,h_a,dpu,15413.7,15417.9
3,540,eb_enc,cpu,15417.9,15418.1
3,540,eb_dec,cpu,15418.1,15418.2
3,540,h_s,dpu,15418.2,15439.2
3,540,gc,cpu,15439.2,15449.1
3,548,normalize,cpu,15449.7,15453.4
3,548,g_a_cpu,cpu,15453.4,15453.6
3,548,g_a,dpu,15453.6,15599.4
3,548,g_a,dpu,15599.4,15637.5
3,548,g_a_cpu,cpu,15637.5,15637.9
3,548,h_a,dpu,15637.9,15644.5
3,548,eb_enc,cpu,15644.5,15644.6
3,548,eb_dec,cpu,15644.6,15644.7
3,548,h_s,dpu,15644.7,15697.8
3,548,gc,cpu,15697.8,15707.5
3,556,normalize,cpu,15708,15711.6
3,556,g_a_cpu,cpu,15711.6,15711.9
3,556,g_a,dpu,15711.9,15784.6
3,556,g_a,dpu,15784.6,15857.4
3,556,g_a_cpu,cpu,15857.4,15858
3,556,h_a,dpu,15858,15862.1
3,556,eb_enc,cpu,15862.1,15862.3
3,556,eb_dec,cpu,15862.3,15862.5
3,556,h_s,dpu,15862.5,15957.2
3,556,gc,cpu,15957.2,15966.9
3,564,normalize,cpu,15967.4,15971.2
3,564,g_a_cpu,cpu,15971.2,15971.5
3,564,g_a,dpu,15971.6,16044.7
3,564,g_a,dpu,16044.7,16082.2
3,564,g_a_cpu,cpu,16082.2,16082.8
3,564,h_a,dpu,16082.8,16100.9
3,564,eb_enc,cpu,16100.9,16101
3,564,eb_dec,cpu,16101,16101.1
3,564,h_s,dpu,16101.1,16145.7
3,564,gc,cpu,16145.7,16155.5
3,572,normalize,cpu,16155.9,16159.6
3,572,g_a_cpu,cpu,16159.6,16159.9
3,572,g_a,dpu,16159.9,16265.7
3,572,g_a,dpu,16265.7,16316.4
3,572,g_a_cpu,cpu,16316.4,16316.9
3,572,h_a,dpu,16316.9,16357.9
3,572,eb_enc,cpu,16357.9,16358
3,572,eb_dec,cpu,16358,16358.1
3,572,h_s,dpu,16358.1,16410.7
3,572,gc,cpu,16410.7,16420.8
3,580,normalize,cpu,16421.4,16425.1
3,580,g_a_cpu,cpu,16425.1,16425.5
3,580,g_a,dpu,16425.5,16500.4
3,580,g_a,dpu,16500.4,16539.8
3,580,g_a_cpu,cpu,16539.8,16540.2
3,580,h_a,dpu,16540.2,16592
3,580,eb_enc,cpu,16592,16592.1
3,580,eb_dec,cpu,16592.1,16592.2
3,580,h_s,dpu,16592.2,16638.6
3,580,gc,cpu,16638.6,16648.8
3,588,normalize,cpu,16650.2,16657.3
3,588,g_a_cpu,cpu,16657.3,16657.6
3,588,g_a,dpu,16657.6,16727.5
3,588,g_a,dpu,16727.5,16800.6
3,588,g_a_cpu,cpu,16800.6,16800.9
3,588,h_a,dpu,16800.9,16852.2
3,588,eb_enc,cpu,16852.2,16852.4
3,588,eb_dec,cpu,16852.4,16852.5
3,588,h_s,dpu,16852.5,16863.6
3,588,gc,cpu,16863.6,16873.1
3,595,normalize,cpu,16874.1,16878
3,595,g_a_cpu,cpu,16878,16878.6
3,595,g_a,dpu,16878.6,16951.6
3,595,g_a,dpu,16951.6,17025.1
3,595,g_a_cpu,cpu,17025.1,17025.5
3,595,h_a,dpu,17025.5,17075.7
3,595,eb_enc,cpu,17075.7,17075.8
3,595,eb_dec,cpu,17075.8,17075.9
3,595,h_s,dpu,17075.9,17086
3,595,gc,cpu,17086,17095.7
3,603,normalize,cpu,17096.1,17100
3,603,g_a_cpu,cpu,17100,17100.5
3,603,g_a,dpu,17100.5,17174.2
3,603,g_a,dpu,17174.2,17210.6
3,603,g_a_cpu,cpu,17210.6,17211.1
3,603,h_a,dpu,17211.1,17263.9
3,603,eb_enc,cpu,17263.9,17264.1
3,603,eb_dec,cpu,17264.1,17264.2
3,603,h_s,dpu,17264.2,17270.3
3,603,gc,cpu,17270.3,17280.1
3,610,normalize,cpu,17280.6,17285.1
3,610,g_a_cpu,cpu,17285.1,17285.3
3,610,g_a,dpu,17285.3,17395.5
3,610,g_a,dpu,17395.5,17432.1
3,610,g_a_cpu,cpu,17432.1,17432.6
3,610,h_a,dpu,17432.6,17451.1
3,610,eb_enc,cpu,17451.1,17451.3
3,610,eb_dec,cpu,17451.3,17451.4
3,610,h_s,dpu,17451.4,17537.2
3,610,gc,cpu,17537.2,17547.2
3,619,normalize,cpu,17547.7,17551.4
3,619,g_a_cpu,cpu,17551.4,17551.8
3,619,g_a,dpu,17551.8,17617.8
3,619,g_a,dpu,17617.8,17692.5
3,619,g_a_cpu,cpu,17692.5,17693
3,619,h_a,dpu,17693,17712.2
3,619,eb_enc,cpu,17712.2,17712.4
3,619,eb_dec,cpu,17712.4,17712.5
3,619,h_s,dpu,17712.5,17764.1
3,619,gc,cpu,17764.1,17774.3
3,627,normalize,cpu,17775,17778.8
3,627,g_a_cpu,cpu,17778.9,17779.3
3,627,g_a,dpu,17779.3,17815.8
3,627,g_a,dpu,17815.8,17924.1
3,627,g_a_cpu,cpu,17924.1,17924.6
3,627,h_a,dpu,17924.6,17942.7
3,627,eb_enc,cpu,17942.7,17942.8
3,627,eb_dec,cpu,17942.8,17943
3,627,h_s,dpu,17943,17985.9
3,627,gc,cpu,17985.9,17995.6
3,637,normalize,cpu,17997.2,18001.9
3,637,g_a_cpu,cpu,18001.9,18002.5
3,637,g_a,dpu,18002.5,18075.9
3,637,g_a,dpu,18075.9,18148.1
3,637,g_a_cpu,cpu,18148.1,18148.5
3,637,h_a,dpu,18148.5,18151.7
3,637,eb_enc,cpu,18151.7,18151.8
3,637,eb_dec,cpu,18151.8,18151.9
3,637,h_s,dpu,18151.9,18173.7
3,637,gc,cpu,18173.7,18183.4
3,644,normalize,cpu,18184,18187.8
3,644,g_a_cpu,cpu,18187.8,18188
3,644,g_a,dpu,18188.1,18260.7
3,644,g_a,dpu,18260.7,18334.5
3,644,g_a_cpu,cpu,18334.5,18334.9
3,644,h_a,dpu,18334.9,18337.6
3,644,eb_enc,cpu,18337.6,18337.8
3,644,eb_dec,cpu,18337.8,18337.9
3,644,h_s,dpu,18337.9,18395
3,644,gc,cpu,18395,18404.6
3,654,normalize,cpu,18405.1,18408.7
3,654,g_a_cpu,cpu,18408.7,18409
3,654,g_a,dpu,18409.1,18487.8
3,654,g_a,dpu,18487.8,18561.5
3,654,g_a_cpu,cpu,18561.5,18562
3,654,h_a,dpu,18562,18564.9
3,654,eb_enc,cpu,18564.9,18565.1
3,654,eb_dec,cpu,18565.1,18565.2
3,654,h_s,dpu,18565.2,18625.8
3,654,gc,cpu,18625.8,18635.9
3,662,normalize,cpu,18636.4,18640
3,662,g_a_cpu,cpu,18640,18640.3
3,662,g_a,dpu,18640.3,18710.5
3,662,g_a,dpu,18710.5,18783.2
3,662,g_a_cpu,cpu,18783.2,18783.7
3,662,h_a,dpu,18783.7,18787
3,662,eb_enc,cpu,18787,18787.2
3,662,eb_dec,cpu,18787.2,18787.3
3,662,h_s,dpu,18787.3,18848.5
3,662,gc,cpu,18848.5,18858.5
3,669,normalize,cpu,18859,18862.7
3,669,g_a_cpu,cpu,18862.7,18863
3,669,g_a,dpu,18863,18933
3,669,g_a,dpu,18933,19006.5
3,669,g_a_cpu,cpu,19006.5,19007.1
3,669,h_a,dpu,19007.1,19010.9
3,669,eb_enc,cpu,19011,19011.1
3,669,eb_dec,cpu,19011.1,19011.2
3,669,h_s,dpu,19011.2,19073.4
3,669,gc,cpu,19073.4,19083.8
3,677,normalize,cpu,19084.4,19088
3,677,g_a_cpu,cpu,19088,19088.3
3,677,g_a,dpu,19088.3,19195.7
3,677,g_a,dpu,19195.7,19275.8
3,677,g_a_cpu,cpu,19275.8,19276.2
3,677,h_a,dpu,19276.2,19290.7
3,677,eb_enc,cpu,19290.7,19290.9
3,677,eb_dec,cpu,19290.9,19291
3,677,h_s,dpu,19291,19370.4
3,677,gc,cpu,19370.4,19380
3,685,normalize,cpu,19380.6,19384.2
3,685,g_a_cpu,cpu,19384.2,19384.7
3,685,g_a,dpu,19384.7,19423.5
3,685,g_a,dpu,19423.5,19461.5
3,685,g_a_cpu,cpu,19461.5,19461.8
3,685,h_a,dpu,19461.8,19524
3,685,eb_enc,cpu,19524,19524.2
3,685,eb_dec,cpu,19524.2,19524.3
3,685,h_s,dpu,19524.3,19603.9
3,685,gc,cpu,19603.9,19618.1
3,694,normalize,cpu,19618.8,19622.4
3,694,g_a_cpu,cpu,19622.5,19623
3,694,g_a,dpu,19623,19659.9
3,694,g_a,dpu,19659.9,19732.9
3,694,g_a_cpu,cpu,19732.9,19733.3
3,694,h_a,dpu,19733.3,19775.4
3,694,eb_enc,cpu,19775.4,19775.5
3,694,eb_dec,cpu,19775.5,19775.6
3,694,h_s,dpu,19775.6,19828.4
3,694,gc,cpu,19828.4,19837.9
3,702,normalize,cpu,19838.3,19842.1
3,702,g_a_cpu,cpu,19842.2,19842.7
3,702,g_a,dpu,19842.7,19882.2
3,702,g_a,dpu,19882.2,19918.5
3,702,g_a_cpu,cpu,19918.5,19918.9
3,702,h_a,dpu,19918.9,19970.5
3,702,eb_enc,cpu,19970.5,19970.6
3,702,eb_dec,cpu,19970.6,19970.7
3,702,h_s,dpu,19970.7,19984.5
3,702,gc,cpu,19984.5,19994.6
3,709,normalize,cpu,19995.3,19998.9
3,709,g_a_cpu,cpu,19998.9,19999.2
3,709,g_a,dpu,19999.2,20067
3,709,g_a,dpu,20067.1,20140.5
3,709,g_a_cpu,cpu,20140.5,20141
3,709,h_a,dpu,20141,20157.8
3,709,eb_enc,cpu,20157.8,20158
3,709,eb_dec,cpu,20158,20158.1
3,709,h_s,dpu,20158.1,20211.6
3,709,gc,cpu,20211.6,20221.8
3,719,normalize,cpu,20222.3,20226.1
3,719,g_a_cpu,cpu,20226.1,20226.5
3,719,g_a,dpu,20226.5,20297.8
3,719,g_a,dpu,20297.8,20370.5
3,719,g_a_cpu,cpu,20370.5,20370.9
3,719,h_a,dpu,20370.9,20373.4
3,719,eb_enc,cpu,20373.4,20373.5
3,719,eb_dec,cpu,20373.5,20373.7
3,719,h_s,dpu,20373.7,20437.5
3,719,gc,cpu,20437.5,20447.2
3,728,normalize,cpu,20447.7,20451.4
3,728,g_a_cpu,cpu,20451.4,20451.7
3,728,g_a,dpu,20451.7,20524
3,728,g_a,dpu,20524.1,20596
3,728,g_a_cpu,cpu,20596,20596.5
3,728,h_a,dpu,20596.5,20599.3
3,728,eb_enc,cpu,20599.3,20599.4
3,728,eb_dec,cpu,20599.4,20599.6
3,728,h_s,dpu,20599.6,20629.4
3,728,gc,cpu,20629.4,20639.6
3,733,normalize,cpu,20640.2,20643.9
3,733,g_a_cpu,cpu,20643.9,20644.4
3,733,g_a,dpu,20644.4,20710.4
3,733,g_a,dpu,20710.4,20746.7
3,733,g_a_cpu,cpu,20746.7,20747.1
3,733,h_a,dpu,20747.1,20786.5
3,733,eb_enc,cpu,20786.5,20786.6
3,733,eb_dec,cpu,20786.6,20786.8
3,733,h_s,dpu,20786.8,20851
3,733,gc,cpu,20851,20862.7
3,740,normalize,cpu,20863.2,20866.9
3,740,g_a_cpu,cpu,20866.9,20867.5
3,740,g_a,dpu,20867.6,20939
3,740,g_a,dpu,20939,21010.7
3,740,g_a_cpu,cpu,21010.7,21011
3,740,h_a,dpu,21011,21026.3
3,740,eb_enc,cpu,21026.3,21026.5
3,740,eb_dec,cpu,21026.5,21026.6
3,740,h_s,dpu,21026.6,21077.2
3,740,gc,cpu,21077.2,21089
3,748,normalize,cpu,21089.8,21093.6
3,748,g_a_cpu,cpu,21093.6,21094
3,748,g_a,dpu,21094,21130.5
3,748,g_a,dpu,21130.5,21166.8
3,748,g_a_cpu,cpu,21166.8,21167.1
3,748,h_a,dpu,21167.1,21216.5
3,748,eb_enc,cpu,21216.5,21216.6
3,748,eb_dec,cpu,21216.6,21216.7
3,748,h_s,dpu,21216.7,21298
3,748,gc,cpu,21298,21308.9
3,755,normalize,cpu,21309.7,21313.4
3,755,g_a_cpu,cpu,21313.4,21314
3,755,g_a,dpu,21314,21391.1
3,755,g_a,dpu,21391.2,21464.3
3,755,g_a_cpu,cpu,21464.3,21464.7
3,755,h_a,dpu,21464.7,21483.4
3,755,eb_enc,cpu,21483.4,21483.5
3,755,eb_dec,cpu,21483.5,21483.6
3,755,h_s,dpu,21483.6,21530.8
3,755,gc,cpu,21530.8,21542
3,765,normalize,cpu,21542.5,21546.2
3,765,g_a_cpu,cpu,21546.2,21546.5
3,765,g_a,dpu,21546.5,21617.4
3,765,g_a,dpu,21617.4,21689.2
3,765,g_a_cpu,cpu,21689.2,21689.6
3,765,h_a,dpu,21689.6,21692.2
3,765,eb_enc,cpu,21692.2,21692.3
3,765,eb_dec,cpu,21692.3,21692.4
3,765,h_s,dpu,21692.4,21752.2
3,765,gc,cpu,21752.2,21762.1
3,774,normalize,cpu,21762.6,21766.3
3,774,g_a_cpu,cpu,21766.3,21766.6
3,774,g_a,dpu,21766.6,21850.2
3,774,g_a,dpu,21850.2,21922
3,774,g_a_cpu,cpu,21922,21922.5
3,774,h_a,dpu,21922.5,21925.3
3,774,eb_enc,cpu,21925.3,21925.4
3,774,eb_dec,cpu,21925.4,21925.6
3,774,h_s,dpu,21925.6,21937.3
3,774,gc,cpu,21937.3,21947.2
3,779,normalize,cpu,21947.8,21951.4
3,779,g_a_cpu,cpu,21951.4,21951.7
3,779,g_a,dpu,21951.7,22048.6
3,779,g_a,dpu,22048.6,22158.4
3,779,g_a_cpu,cpu,22158.4,22158.8
3,779,h_a,dpu,22158.8,22162.3
3,779,eb_enc,cpu,22162.3,22162.5
3,779,eb_dec,cpu,22162.5,22162.6
3,779,h_s,dpu,22162.6,22179.1
3,779,gc,cpu,22179.1,22189.2
3,790,normalize,cpu,22189.7,22193.4
3,790,g_a_cpu,cpu,22193.4,22193.6
3,790,g_a,dpu,22193.6,22269.6
3,790,g_a,dpu,22269.6,22378.9
3,790,g_a_cpu,cpu,22378.9,22379.3
3,790,h_a,dpu,22379.3,22382.7
3,790,eb_enc,cpu,22382.7,22382.9
3,790,eb_dec,cpu,22382.9,22383.1
3,790,h_s,dpu,22383.1,22437.3
3,790,gc,cpu,22437.3,22447.1
3,797,normalize,cpu,22447.6,22451.3
3,797,g_a_cpu,cpu,22451.3,22451.5
3,797,g_a,dpu,22451.5,22492.2
3,797,g_a,dpu,22492.2,22564
3,797,g_a_cpu,cpu,22564,22564.5
3,797,h_a,dpu,22564.5,22567
3,797,eb_enc,cpu,22567,22567.1
3,797,eb_dec,cpu,22567.1,22567.2
3,797,h_s,dpu,22567.2,22622.2
3,797,gc,cpu,22622.2,22633.7
3,804,normalize,cpu,22634.2,22637.8
3,804,g_a_cpu,cpu,22637.8,22638.1
3,804,g_a,dpu,22638.1,22713.3
3,804,g_a,dpu,22713.3,22822.7
3,804,g_a_cpu,cpu,22822.7,22823.1
3,804,h_a,dpu,22823.1,22826.7
3,804,eb_enc,cpu,22826.7,22826.8
3,804,eb_dec,cpu,22826.8,22827
3,804,h_s,dpu,22827,22843.8
3,804,gc,cpu,22843.8,22853.5
3,814,normalize,cpu,22854,22857.7
3,814,g_a_cpu,cpu,22857.7,22857.9
3,814,g_a,dpu,22857.9,22934.4
3,814,g_a,dpu,22934.4,23044.1
3,814,g_a_cpu,cpu,23044.1,23044.6
3,814,h_a,dpu,23044.6,23048.4
3,814,eb_enc,cpu,23048.4,23048.5
3,814,eb_dec,cpu,23048.5,23048.6
3,814,h_s,dpu,23048.6,23073.7
3,814,gc,cpu,23073.7,23083.6
3,822,normalize,cpu,23084.3,23087.9
3,822,g_a_cpu,cpu,23087.9,23088.2
3,822,g_a,dpu,23088.2,23192.1
3,822,g_a,dpu,23192.1,23264.9
3,822,g_a_cpu,cpu,23264.9,23265.4
3,822,h_a,dpu,23265.4,23268.4
3,822,eb_enc,cpu,23268.4,23268.5
3,822,eb_dec,cpu,23268.5,23268.6
3,822,h_s,dpu,23268.6,23299.1
3,822,gc,cpu,23299.1,23309.9
3,828,normalize,cpu,23310.3,23314
3,828,g_a_cpu,cpu,23314,23314.4
3,828,g_a,dpu,23314.4,23412
3,828,g_a,dpu,23412,23485
3,828,g_a_cpu,cpu,23485,23485.5
3,828,h_a,dpu,23485.6,23489.2
3,828,eb_enc,cpu,23489.2,23489.4
3,828,eb_dec,cpu,23489.4,23489.5
3,828,h_s,dpu,23489.5,23524.3
3,828,gc,cpu,23524.3,23534
3,836,normalize,cpu,23534.5,23538.2
3,836,g_a_cpu,cpu,23538.2,23538.7
3,836,g_a,dpu,23538.7,23645.5
3,836,g_a,dpu,23645.5,23718.5
3,836,g_a_cpu,cpu,23718.5,23719.1
3,836,h_a,dpu,23719.1,23723.5
3,836,eb_enc,cpu,23723.5,23723.6
3,836,eb_dec,cpu,23723.6,23723.7
3,836,h_s,dpu,23723.7,23751.4
3,836,gc,cpu,23751.4,23761.6
3,846,normalize,cpu,23762.1,23765.8
3,846,g_a_cpu,cpu,23765.8,23766.1
3,846,g_a,dpu,23766.1,23874.5
3,846,g_a,dpu,23874.5,23947.7
3,846,g_a_cpu,cpu,23947.7,23948.2
3,846,h_a,dpu,23948.2,23951.2
3,846,eb_enc,cpu,23951.2,23951.3
3,846,eb_dec,cpu,23951.3,23951.4
3,846,h_s,dpu,23951.4,24012
3,846,gc,cpu,24012,24021.8
3,854,normalize,cpu,24022.3,24026
3,854,g_a_cpu,cpu,24026,24026.3
3,854,g_a,dpu,24026.3,24097.2
3,854,g_a,dpu,24097.2,24169
3,854,g_a_cpu,cpu,24169,24169.5
3,854,h_a,dpu,24169.5,24172.4
3,854,eb_enc,cpu,24172.4,24172.6
3,854,eb_dec,cpu,24172.6,24172.7
3,854,h_s,dpu,24172.7,24199.2
3,854,gc,cpu,24199.2,24213.5
3,860,normalize,cpu,24214.1,24217.8
3,860,g_a_cpu,cpu,24217.8,24218.2
3,860,g_a,dpu,24218.2,24316.1
3,860,g_a,dpu,24316.1,24390.6
3,860,g_a_cpu,cpu,24390.6,24391
3,860,h_a,dpu,24391,24408.4
3,860,eb_enc,cpu,24408.4,24408.6
3,860,eb_dec,cpu,24408.6,24408.7
3,860,h_s,dpu,24408.7,24493
3,860,gc,cpu,24493,24502.8
3,869,normalize,cpu,24503.3,24507.1
3,869,g_a_cpu,cpu,24507.1,24507.4
3,869,g_a,dpu,24507.4,24543.9
3,869,g_a,dpu,24543.9,24620.7
3,869,g_a_cpu,cpu,24620.7,24621.1
3,869,h_a,dpu,24621.1,24623.9
3,869,eb_enc,cpu,24623.9,24624
3,869,eb_dec,cpu,24624,24624.1
3,869,h_s,dpu,24624.1,24728.1
3,869,gc,cpu,24728.2,24738.7
3,878,normalize,cpu,24739.2,24742.9
3,878,g_a_cpu,cpu,24742.9,24743.2
3,878,g_a,dpu,24743.2,24779.8
3,878,g_a,dpu,24779.8,24853.2
3,878,g_a_cpu,cpu,24853.2,24853.6
3,878,h_a,dpu,24853.6,24871.1
3,878,eb_enc,cpu,24871.1,24871.3
3,878,eb_dec,cpu,24871.3,24871.4
3,878,h_s,dpu,24871.4,24955.3
3,878,gc,cpu,24955.3,24966
3,886,normalize,cpu,24966.5,24970.3
3,886,g_a_cpu,cpu,24970.3,24970.7
3,886,g_a,dpu,24970.7,25007.3
3,886,g_a,dpu,25007.3,25080.2
3,886,g_a_cpu,cpu,25080.2,25080.6
3,886,h_a,dpu,25080.6,25095.1
3,886,eb_enc,cpu,25095.1,25095.2
3,886,eb_dec,cpu,25095.2,25095.3
3,886,h_s,dpu,25095.3,25179.2
3,886,gc,cpu,25179.2,25189.1
3,895,normalize,cpu,25189.6,25193.4
3,895,g_a_cpu,cpu,25193.4,25193.8
3,895,g_a,dpu,25193.8,25230.4
3,895,g_a,dpu,25230.4,25302.2
3,895,g_a_cpu,cpu,25302.2,25302.7
3,895,h_a,dpu,25302.7,25320
3,895,eb_enc,cpu,25320,25320.2
3,895,eb_dec,cpu,25320.2,25320.3
3,895,h_s,dpu,25320.3,25372.1
3,895,gc,cpu,25372.1,25382.8
3,900,normalize,cpu,25383.3,25387
3,900,g_a_cpu,cpu,25387,25387.4
3,900,g_a,dpu,25387.4,25423.9
3,900,g_a,dpu,25423.9,25532
3,900,g_a_cpu,cpu,25532,25532.6
3,900,h_a,dpu,25532.6,25544
3,900,eb_enc,cpu,25544,25544.2
3,900,eb_dec,cpu,25544.2,25544.3
3,900,h_s,dpu,25544.3,25594.4
3,900,gc,cpu,25594.4,25604
3,909,normalize,cpu,25604.5,25608.3
3,909,g_a_cpu,cpu,25608.3,25608.9
3,909,g_a,dpu,25608.9,25645.5
3,909,g_a,dpu,25645.5,25681.8
3,909,g_a_cpu,cpu,25681.8,25682.2
3,909,h_a,dpu,25682.2,25734.6
3,909,eb_enc,cpu,25734.6,25734.7
3,909,eb_dec,cpu,25734.7,25734.8
3,909,h_s,dpu,25734.8,25815.9
3,909,gc,cpu,25815.9,25825.8
3,916,normalize,cpu,25826.3,25830.3
3,916,g_a_cpu,cpu,25830.3,25830.8
3,916,g_a,dpu,25830.8,25867.6
3,916,g_a,dpu,25867.6,25939.6
3,916,g_a_cpu,cpu,25939.6,25940
3,916,h_a,dpu,25940,25947.9
3,916,eb_enc,cpu,25947.9,25948.1
3,916,eb_dec,cpu,25948.1,25948.2
3,916,h_s,dpu,25948.2,26016.6
3,916,gc,cpu,26016.6,26026.4
3,923,normalize,cpu,26026.8,26030.5
3,923,g_a_cpu,cpu,26030.5,26030.7
3,923,g_a,dpu,26030.7,26124
3,923,g_a,dpu,26124,26197.1
3,923,g_a_cpu,cpu,26197.1,26197.4
3,923,h_a,dpu,26197.4,26220.6
3,923,eb_enc,cpu,26220.6,26220.8
3,923,eb_dec,cpu,26220.8,26220.9
3,923,h_s,dpu,26220.9,26222.1
3,923,gc,cpu,26222.1,26232.3
4,3,normalize,cpu,70.5441,74.2788
4,3,g_a_cpu,cpu,74.4327,74.7583
4,3,g_a,dpu,74.7634,111.767
4,3,g_a,dpu,111.772,219.967
4,3,g_a_cpu,cpu,219.969,220.442
4,3,h_a,dpu,220.448,297.238
4,3,eb_enc,cpu,297.239,297.405
4,3,eb_dec,cpu,297.406,297.536
4,3,h_s,dpu,297.536,301.26
4,3,gc,cpu,301.269,320.335
4,11,normalize,cpu,320.98,324.665
4,11,g_a_cpu,cpu,324.669,325.03
4,11,g_a,dpu,325.034,361.519
4,11,g_a,dpu,361.52,469.274
4,11,g_a_cpu,cpu,469.276,469.717
4,11,h_a,dpu,469.72,531.534
4,11,eb_enc,cpu,531.535,531.679
4,11,eb_dec,cpu,531.681,531.802
4,11,h_s,dpu,531.802,533.008
4,11,gc,cpu,533.008,542.723
4,16,normalize,cpu,543.556,557.709
4,16,g_a_cpu,cpu,557.714,558.079
4,16,g_a,dpu,558.084,594.756
4,16,g_a,dpu,594.757,702.866
4,16,g_a_cpu,cpu,702.867,703.242
4,16,h_a,dpu,703.244,778.652
4,16,eb_enc,cpu,778.653,778.82
4,16,eb_dec,cpu,778.821,778.949
4,16,h_s,dpu,778.949,783.448
4,16,gc,cpu,783.449,793.769
4,26,normalize,cpu,796.982,800.643
4,26,g_a_cpu,cpu,800.647,801.031
4,26,g_a,dpu,801.036,837.589
4,26,g_a,dpu,837.594,945.822
4,26,g_a_cpu,cpu,945.823,946.183
4,26,h_a,dpu,946.184,1010.86
4,26,eb_enc,cpu,1010.86,1011
4,26,eb_dec,cpu,1011,1011.12
4,26,h_s,dpu,1011.12,1014.41
4,26,gc,cpu,1014.41,1025.54
4,33,normalize,cpu,1026.04,1029.8
4,33,g_a_cpu,cpu,1029.8,1030.15
4,33,g_a,dpu,1030.15,1066.76
4,33,g_a,dpu,1066.76,1176.21
4,33,g_a_cpu,cpu,1176.21,1176.6
4,33,h_a,dpu,1176.6,1220.16
4,33,eb_enc,cpu,1220.16,1220.34
4,33,eb_dec,cpu,1220.34,1220.46
4,33,h_s,dpu,1220.46,1221.62
4,33,gc,cpu,1221.62,1231.29
4,40,normalize,cpu,1231.75,1235.41
4,40,g_a_cpu,cpu,1235.42,1235.71
4,40,g_a,dpu,1235.71,1289.47
4,40,g_a,dpu,1289.47,1398.47
4,40,g_a_cpu,cpu,1398.47,1398.8
4,40,h_a,dpu,1398.8,1454.91
4,40,eb_enc,cpu,1454.91,1455.05
4,40,eb_dec,cpu,1455.05,1455.17
4,40,h_s,dpu,1455.17,1458.28
4,40,gc,cpu,1458.28,1468.06
4,48,normalize,cpu,1468.7,1476.95
4,48,g_a_cpu,cpu,1476.96,1477.46
4,48,g_a,dpu,1477.46,1514.5
4,48,g_a,dpu,1514.5,1551.27
4,48,g_a_cpu,cpu,1551.27,1551.64
4,48,h_a,dpu,1551.65,1640.87
4,48,eb_enc,cpu,1640.87,1640.99
4,48,eb_dec,cpu,1640.99,1641.1
4,48,h_s,dpu,1641.11,1659.45
4,48,gc,cpu,1659.45,1669.82
4,56,normalize,cpu,1670.42,1678.82
4,56,g_a_cpu,cpu,1678.83,1679.23
4,56,g_a,dpu,1679.23,1742.73
4,56,g_a,dpu,1742.73,1820.76
4,56,g_a_cpu,cpu,1820.76,1821.2
4,56,h_a,dpu,1821.21,1863.62
4,56,eb_enc,cpu,1863.62,1863.77
4,56,eb_dec,cpu,1863.77,1863.89
4,56,h_s,dpu,1863.89,1883.99
4,56,gc,cpu,1883.99,1893.81
4,65,normalize,cpu,1906.94,1910.59
4,65,g_a_cpu,cpu,1910.59,1910.98
4,65,g_a,dpu,1910.98,1970.04
4,65,g_a,dpu,1970.04,2044.41
4,65,g_a_cpu,cpu,2044.41,2044.89
4,65,h_a,dpu,2044.9,2127.48
4,65,eb_enc,cpu,2127.48,2127.61
4,65,eb_dec,cpu,2127.61,2127.73
4,65,h_s,dpu,2127.73,2130.52
4,65,gc,cpu,2130.53,2145.62
4,76,normalize,cpu,2146.23,2150.05
4,76,g_a_cpu,cpu,2150.06,2150.4
4,76,g_a,dpu,2150.4,2232.4
4,76,g_a,dpu,2232.4,2305.15
4,76,g_a_cpu,cpu,2305.16,2305.62
4,76,h_a,dpu,2305.63,2356.19
4,76,eb_enc,cpu,2356.19,2356.36
4,76,eb_dec,cpu,2356.36,2356.48
4,76,h_s,dpu,2356.48,2357.79
4,76,gc,cpu,2357.79,2367.73
4,84,normalize,cpu,2368.23,2371.93
4,84,g_a_cpu,cpu,2371.94,2372.38
4,84,g_a,dpu,2372.38,2456.75
4,84,g_a,dpu,2456.76,2529.41
4,84,g_a_cpu,cpu,2529.41,2529.78
4,84,h_a,dpu,2529.78,2548.05
4,84,eb_enc,cpu,2548.05,2548.18
4,84,eb_dec,cpu,2548.18,2548.32
4,84,h_s,dpu,2548.32,2553.49
4,84,gc,cpu,2553.49,2563.83
4,92,normalize,cpu,2564.52,2568.21
4,92,g_a_cpu,cpu,2568.21,2568.56
4,92,g_a,dpu,2568.56,2656.43
4,92,g_a,dpu,2656.43,2764.03
4,92,g_a_cpu,cpu,2764.03,2764.44
4,92,h_a,dpu,2764.44,2778.94
4,92,eb_enc,cpu,2778.94,2779.1
4,92,eb_dec,cpu,2779.1,2779.23
4,92,h_s,dpu,2779.23,2786.35
4,92,gc,cpu,2786.35,2796.77
4,99,normalize,cpu,2797.25,2800.91
4,99,g_a_cpu,cpu,2800.92,2801.21
4,99,g_a,dpu,2801.22,2877.5
4,99,g_a,dpu,2877.5,2952.43
4,99,g_a_cpu,cpu,2952.44,2952.91
4,99,h_a,dpu,2952.91,2966.08
4,99,eb_enc,cpu,2966.08,2966.21
4,99,eb_dec,cpu,2966.21,2966.32
4,99,h_s,dpu,2966.33,2967.66
4,99,gc,cpu,2967.67,2977.69
4,104,normalize,cpu,2978.15,2981.8
4,104,g_a_cpu,cpu,2981.81,2982.19
4,104,g_a,dpu,2982.2,3065.12
4,104,g_a,dpu,3065.12,3177.22
4,104,g_a_cpu,cpu,3177.22,3177.65
4,104,h_a,dpu,3177.65,3227.96
4,104,eb_enc,cpu,3227.97,3228.12
4,104,eb_dec,cpu,3228.12,3228.24
4,104,h_s,dpu,3228.24,3246.84
4,104,gc,cpu,3246.85,3256.95
4,115,normalize,cpu,3257.7,3261.35
4,115,g_a_cpu,cpu,3261.36,3261.77
4,115,g_a,dpu,3261.78,3327.15
4,115,g_a,dpu,3327.15,3364.17
4,115,g_a_cpu,cpu,3364.18,3364.62
4,115,h_a,dpu,3364.63,3457.79
4,115,eb_enc,cpu,3457.79,3457.93
4,115,eb_dec,cpu,3457.93,3458.05
4,115,h_s,dpu,3458.05,3472.46
4,115,gc,cpu,3472.46,3482.5
4,122,normalize,cpu,3483.06,3486.81
4,122,g_a_cpu,cpu,3486.81,3487.18
4,122,g_a,dpu,3487.19,3549.3
4,122,g_a,dpu,3549.3,3586.66
4,122,g_a_cpu,cpu,3586.66,3587.02
4,122,h_a,dpu,3587.02,3645.17
4,122,eb_enc,cpu,3645.17,3645.31
4,122,eb_dec,cpu,3645.32,3645.44
4,122,h_s,dpu,3645.45,3652.61
4,122,gc,cpu,3652.61,3662.54
4,130,normalize,cpu,3662.97,3666.75
4,130,g_a_cpu,cpu,3666.76,3667.09
4,130,g_a,dpu,3667.09,3773.88
4,130,g_a,dpu,3773.88,3811.66
4,130,g_a_cpu,cpu,3811.66,3812.57
4,130,h_a,dpu,3812.57,3869.24
4,130,eb_enc,cpu,3869.24,3869.39
4,130,eb_dec,cpu,3869.39,3869.52
4,130,h_s,dpu,3869.52,3955.76
4,130,gc,cpu,3955.77,3965.56
4,139,normalize,cpu,3965.99,3969.65
4,139,g_a_cpu,cpu,3969.65,3969.99
4,139,g_a,dpu,3969.99,4010.27
4,139,g_a,dpu,4010.27,4047.29
4,139,g_a_cpu,cpu,4047.29,4047.67
4,139,h_a,dpu,4047.67,4089.95
4,139,eb_enc,cpu,4089.96,4090.08
4,139,eb_dec,cpu,4090.08,4090.19
4,139,h_s,dpu,4090.19,4107.91
4,139,gc,cpu,4107.91,4117.82
4,146,normalize,cpu,4118.34,4122.06
4,146,g_a_cpu,cpu,4122.07,4122.38
4,146,g_a,dpu,4122.38,4229.88
4,146,g_a,dpu,4229.89,4271.36
4,146,g_a_cpu,cpu,4271.36,4271.69
4,146,h_a,dpu,4271.7,4358.26
4,146,eb_enc,cpu,4358.26,4358.42
4,146,eb_dec,cpu,4358.42,4358.54
4,146,h_s,dpu,4358.54,4369.51
4,146,gc,cpu,4369.51,4379.63
4,155,normalize,cpu,4380.06,4383.77
4,155,g_a_cpu,cpu,4383.77,4384.25
4,155,g_a,dpu,4384.25,4455.85
4,155,g_a,dpu,4455.85,4569.09
4,155,g_a_cpu,cpu,4569.09,4569.49
4,155,h_a,dpu,4569.49,4619.16
4,155,eb_enc,cpu,4619.16,4619.31
4,155,eb_dec,cpu,4619.31,4619.43
4,155,h_s,dpu,4619.43,4620.9
4,155,gc,cpu,4620.9,4630.85
4,163,normalize,cpu,4631.51,4635.21
4,163,g_a_cpu,cpu,4635.22,4635.67
4,163,g_a,dpu,4635.67,4681.8
4,163,g_a,dpu,4681.8,4789.54
4,163,g_a_cpu,cpu,4789.54,4790
4,163,h_a,dpu,4790,4815.77
4,163,eb_enc,cpu,4815.77,4815.95
4,163,eb_dec,cpu,4815.95,4816.07
4,163,h_s,dpu,4816.07,4819.12
4,163,gc,cpu,4819.12,4829.34
4,170,normalize,cpu,4830.09,4833.73
4,170,g_a_cpu,cpu,4833.74,4834.05
4,170,g_a,dpu,4834.06,4980.66
4,170,g_a,dpu,4980.67,5054.19
4,170,g_a_cpu,cpu,5054.19,5054.69
4,170,h_a,dpu,5054.69,5056
4,170,eb_enc,cpu,5056,5056.13
4,170,eb_dec,cpu,5056.13,5056.24
4,170,h_s,dpu,5056.24,5058.6
4,170,gc,cpu,5058.6,5073.88
4,181,normalize,cpu,5074.38,5078.04
4,181,g_a_cpu,cpu,5078.05,5078.38
4,181,g_a,dpu,5078.38,5252.47
4,181,g_a,dpu,5252.48,5292.54
4,181,g_a_cpu,cpu,5292.54,5293.11
4,181,h_a,dpu,5293.11,5337.37
4,181,eb_enc,cpu,5337.37,5337.51
4,181,eb_dec,cpu,5337.51,5337.62
4,181,h_s,dpu,5337.62,5379.8
4,181,gc,cpu,5379.81,5389.44
4,191,normalize,cpu,5389.93,5393.59
4,191,g_a_cpu,cpu,5393.59,5393.95
4,191,g_a,dpu,5393.95,5476.15
4,191,g_a,dpu,5476.15,5514.92
4,191,g_a_cpu,cpu,5514.93,5515.3
4,191,h_a,dpu,5515.3,5633.31
4,191,eb_enc,cpu,5633.31,5633.43
4,191,eb_dec,cpu,5633.43,5633.54
4,191,h_s,dpu,5633.55,5687.43
4,191,gc,cpu,5687.44,5697.28
4,200,normalize,cpu,5697.74,5701.49
4,200,g_a_cpu,cpu,5701.49,5701.78
4,200,g_a,dpu,5701.79,5738.31
4,200,g_a,dpu,5738.31,5883.07
4,200,g_a_cpu,cpu,5883.07,5883.48
4,200,h_a,dpu,5883.48,5884.8
4,200,eb_enc,cpu,5884.8,5884.94
4,200,eb_dec,cpu,5884.94,5885.05
4,200,h_s,dpu,5885.05,5886.54
4,200,gc,cpu,5886.54,5903.82
4,209,normalize,cpu,5904.3,5907.93
4,209,g_a_cpu,cpu,5907.94,5908.24
4,209,g_a,dpu,5908.24,6003.33
4,209,g_a,dpu,6003.34,6076.32
4,209,g_a_cpu,cpu,6076.32,6076.75
4,209,h_a,dpu,6076.75,6121.36
4,209,eb_enc,cpu,6121.36,6121.5
4,209,eb_dec,cpu,6121.51,6121.63
4,209,h_s,dpu,6121.63,6139.56
4,209,gc,cpu,6139.56,6150.91
4,217,normalize,cpu,6151.58,6155.74
4,217,g_a_cpu,cpu,6155.74,6156.08
4,217,g_a,dpu,6156.09,6225.66
4,217,g_a,dpu,6225.66,6298.69
4,217,g_a_cpu,cpu,6298.69,6299.12
4,217,h_a,dpu,6299.12,6352.53
4,217,eb_enc,cpu,6352.53,6352.69
4,217,eb_dec,cpu,6352.69,6352.81
4,217,h_s,dpu,6352.81,6368.92
4,217,gc,cpu,6368.92,6378.54
4,226,normalize,cpu,6379.06,6382.77
4,226,g_a_cpu,cpu,6382.77,6383.06
4,226,g_a,dpu,6383.07,6492.26
4,226,g_a,dpu,6492.26,6531.72
4,226,g_a_cpu,cpu,6531.73,6532.18
4,226,h_a,dpu,6532.18,6577.82
4,226,eb_enc,cpu,6577.83,6577.97
4,226,eb_dec,cpu,6577.97,6578.09
4,226,h_s,dpu,6578.09,6625.99
4,226,gc,cpu,6625.99,6635.57
4,234,normalize,cpu,6636.07,6639.77
4,234,g_a_cpu,cpu,6639.78,6640.11
4,234,g_a,dpu,6640.11,6714.35
4,234,g_a,dpu,6714.35,6792.91
4,234,g_a_cpu,cpu,6792.91,6793.45
4,234,h_a,dpu,6793.45,6842.28
4,234,eb_enc,cpu,6842.28,6842.41
4,234,eb_dec,cpu,6842.41,6842.53
4,234,h_s,dpu,6842.53,6894.04
4,234,gc,cpu,6894.05,6904.79
4,242,normalize,cpu,6905.46,6911.04
4,242,g_a_cpu,cpu,6911.04,6911.37
4,242,g_a,dpu,6911.38,6947.96
4,242,g_a,dpu,6947.97,7055.67
4,242,g_a_cpu,cpu,7055.68,7056.12
4,242,h_a,dpu,7056.12,7074.81
4,242,eb_enc,cpu,7074.81,7074.99
4,242,eb_dec,cpu,7074.99,7075.11
4,242,h_s,dpu,7075.11,7090.75
4,242,gc,cpu,7090.75,7100.7
4,249,normalize,cpu,7101.27,7104.93
4,249,g_a_cpu,cpu,7104.94,7105.27
4,249,g_a,dpu,7105.28,7172.4
4,249,g_a,dpu,7172.4,7291.27
4,249,g_a_cpu,cpu,7291.27,7291.71
4,249,h_a,dpu,7291.71,7332.7
4,249,eb_enc,cpu,7332.7,7332.85
4,249,eb_dec,cpu,7332.85,7332.98
4,249,h_s,dpu,7332.98,7336.06
4,249,gc,cpu,7336.06,7346.2
4,257,normalize,cpu,7346.71,7350.43
4,257,g_a_cpu,cpu,7350.43,7350.72
4,257,g_a,dpu,7350.72,7413.39
4,257,g_a,dpu,7413.39,7521.57
4,257,g_a_cpu,cpu,7521.57,7522.05
4,257,h_a,dpu,7522.05,7563.72
4,257,eb_enc,cpu,7563.72,7563.86
4,257,eb_dec,cpu,7563.86,7563.97
4,257,h_s,dpu,7563.97,7567.04
4,257,gc,cpu,7567.04,7576.59
4,266,normalize,cpu,7577.05,7580.69
4,266,g_a_cpu,cpu,7580.69,7581.01
4,266,g_a,dpu,7581.01,7705.04
4,266,g_a,dpu,7705.05,7816.15
4,266,g_a_cpu,cpu,7816.15,7816.61
4,266,h_a,dpu,7816.61,7867.6
4,266,eb_enc,cpu,7867.6,7867.73
4,266,eb_dec,cpu,7867.73,7867.84
4,266,h_s,dpu,7867.84,7885.26
4,266,gc,cpu,7885.26,7900.49
4,278,normalize,cpu,7901.13,7904.84
4,278,g_a_cpu,cpu,7904.85,7905.2
4,278,g_a,dpu,7905.2,8002.4
4,278,g_a,dpu,8002.4,8038.98
4,278,g_a_cpu,cpu,8038.98,8039.45
4,278,h_a,dpu,8039.45,8097.56
4,278,eb_enc,cpu,8097.56,8097.71
4,278,eb_dec,cpu,8097.71,8097.85
4,278,h_s,dpu,8097.85,8178.63
4,278,gc,cpu,8178.63,8188.59
4,286,normalize,cpu,8189.09,8192.76
4,286,g_a_cpu,cpu,8192.76,8193.03
4,286,g_a,dpu,8193.03,8229.64
4,286,g_a,dpu,8229.64,8353.81
4,286,g_a_cpu,cpu,8353.81,8354.28
4,286,h_a,dpu,8354.28,8391.66
4,286,eb_enc,cpu,8391.66,8391.84
4,286,eb_dec,cpu,8391.84,8391.96
4,286,h_s,dpu,8391.96,8393.13
4,286,gc,cpu,8393.13,8402.7
4,294,normalize,cpu,8403.13,8406.85
4,294,g_a_cpu,cpu,8406.86,8407.15
4,294,g_a,dpu,8407.15,8468.08
4,294,g_a,dpu,8468.08,8618.19
4,294,g_a_cpu,cpu,8618.19,8618.62
4,294,h_a,dpu,8618.62,8650.4
4,294,eb_enc,cpu,8650.4,8650.54
4,294,eb_dec,cpu,8650.54,8650.66
4,294,h_s,dpu,8650.66,8651.83
4,294,gc,cpu,8651.83,8662.62
4,303,normalize,cpu,8663.14,8666.83
4,303,g_a_cpu,cpu,8666.84,8667.16
4,303,g_a,dpu,8667.17,8776.27
4,303,g_a,dpu,8776.27,8848.12
4,303,g_a_cpu,cpu,8848.12,8848.57
4,303,h_a,dpu,8848.57,8906.39
4,303,eb_enc,cpu,8906.39,8906.54
4,303,eb_dec,cpu,8906.54,8906.67
4,303,h_s,dpu,8906.67,8910.52
4,303,gc,cpu,8910.52,8920.55
4,315,normalize,cpu,8921.02,8925.62
4,315,g_a_cpu,cpu,8925.62,8925.98
4,315,g_a,dpu,8925.98,8997.25
4,315,g_a,dpu,8997.25,9033.6
4,315,g_a_cpu,cpu,9033.6,9033.94
4,315,h_a,dpu,9033.94,9126.46
4,315,eb_enc,cpu,9126.46,9126.61
4,315,eb_dec,cpu,9126.61,9126.73
4,315,h_s,dpu,9126.74,9130.47
4,315,gc,cpu,9130.47,9140.83
4,322,normalize,cpu,9141.29,9145.02
4,322,g_a_cpu,cpu,9145.03,9145.47
4,322,g_a,dpu,9145.47,9195.42
4,322,g_a,dpu,9195.42,9304.02
4,322,g_a_cpu,cpu,9304.02,9304.44
4,322,h_a,dpu,9304.44,9350.3
4,322,eb_enc,cpu,9350.3,9350.48
4,322,eb_dec,cpu,9350.48,9350.63
4,322,h_s,dpu,9350.63,9357.04
4,322,gc,cpu,9357.04,9369.63
4,332,normalize,cpu,9370.08,9373.75
4,332,g_a_cpu,cpu,9373.76,9374.15
4,332,g_a,dpu,9374.15,9453.41
4,332,g_a,dpu,9453.41,9562.06
4,332,g_a_cpu,cpu,9562.06,9562.44
4,332,h_a,dpu,9562.44,9580.45
4,332,eb_enc,cpu,9580.45,9580.62
4,332,eb_dec,cpu,9580.62,9580.74
4,332,h_s,dpu,9580.74,9585.09
4,332,gc,cpu,9585.09,9595
4,340,normalize,cpu,9595.51,9599.22
4,340,g_a_cpu,cpu,9599.22,9599.63
4,340,g_a,dpu,9599.63,9675.29
4,340,g_a,dpu,9675.29,9783.93
4,340,g_a_cpu,cpu,9783.93,9784.37
4,340,h_a,dpu,9784.38,9802.76
4,340,eb_enc,cpu,9802.76,9802.99
4,340,eb_dec,cpu,9802.99,9803.13
4,340,h_s,dpu,9803.13,9807.72
4,340,gc,cpu,9807.72,9821.93
4,347,normalize,cpu,9824.96,9828.65
4,347,g_a_cpu,cpu,9828.65,9829.18
4,347,g_a,dpu,9829.19,9893.74
4,347,g_a,dpu,9893.74,10002.9
4,347,g_a_cpu,cpu,10002.9,10003.3
4,347,h_a,dpu,10003.3,10024.6
4,347,eb_enc,cpu,10024.6,10024.7
4,347,eb_dec,cpu,10024.7,10024.8
4,347,h_s,dpu,10024.8,10029.3
4,347,gc,cpu,10029.3,10039.4
4,351,normalize,cpu,10040.8,10048.6
4,351,g_a_cpu,cpu,10048.6,10049
4,351,g_a,dpu,10049,10122.7
4,351,g_a,dpu,10122.7,10159.1
4,351,g_a_cpu,cpu,10159.1,10159.5
4,351,h_a,dpu,10159.5,10241.1
4,351,eb_enc,cpu,10241.1,10241.3
4,351,eb_dec,cpu,10241.3,10241.4
4,351,h_s,dpu,10241.4,10245.2
4,351,gc,cpu,10245.2,10255.1
4,359,normalize,cpu,10255.6,10259.3
4,359,g_a_cpu,cpu,10259.3,10259.7
4,359,g_a,dpu,10259.7,10307.7
4,359,g_a,dpu,10307.7,10381
4,359,g_a_cpu,cpu,10381,10381.4
4,359,h_a,dpu,10381.4,10467.5
4,359,eb_enc,cpu,10467.5,10467.7
4,359,eb_dec,cpu,10467.7,10467.9
4,359,h_s,dpu,10467.9,10469.4
4,359,gc,cpu,10469.4,10479.2
4,368,normalize,cpu,10479.7,10483.4
4,368,g_a_cpu,cpu,10483.4,10483.7
4,368,g_a,dpu,10483.7,10532.4
4,368,g_a,dpu,10532.4,10604.2
4,368,g_a_cpu,cpu,10604.2,10604.7
4,368,h_a,dpu,10604.7,10659.3
4,368,eb_enc,cpu,10659.3,10659.5
4,368,eb_dec,cpu,10659.5,10659.6
4,368,h_s,dpu,10659.6,10680.2
4,368,gc,cpu,10680.2,10690.2
4,375,normalize,cpu,10690.8,10694.5
4,375,g_a_cpu,cpu,10694.5,10694.9
4,375,g_a,dpu,10694.9,10753.1
4,375,g_a,dpu,10753.1,10824.9
4,375,g_a_cpu,cpu,10824.9,10825.3
4,375,h_a,dpu,10825.3,10882.8
4,375,eb_enc,cpu,10882.9,10883
4,375,eb_dec,cpu,10883,10883.1
4,375,h_s,dpu,10883.1,10889.8
4,375,gc,cpu,10889.8,10901.1
4,384,normalize,cpu,10902.2,10905.9
4,384,g_a_cpu,cpu,10905.9,10906.3
4,384,g_a,dpu,10906.3,10975.2
4,384,g_a,dpu,10975.2,11048.4
4,384,g_a_cpu,cpu,11048.4,11048.8
4,384,h_a,dpu,11048.8,11108
4,384,eb_enc,cpu,11108,11108.1
4,384,eb_dec,cpu,11108.1,11108.2
4,384,h_s,dpu,11108.2,11126.2
4,384,gc,cpu,11126.2,11136.1
4,393,normalize,cpu,11136.7,11140.3
4,393,g_a_cpu,cpu,11140.3,11140.8
4,393,g_a,dpu,11140.8,11200.3
4,393,g_a,dpu,11200.3,11273.1
4,393,g_a_cpu,cpu,11273.2,11273.6
4,393,h_a,dpu,11273.6,11338.9
4,393,eb_enc,cpu,11338.9,11339
4,393,eb_dec,cpu,11339.1,11339.2
4,393,h_s,dpu,11339.2,11358
4,393,gc,cpu,11358,11368.1
4,400,normalize,cpu,11368.7,11372.3
4,400,g_a_cpu,cpu,11372.3,11372.7
4,400,g_a,dpu,11372.7,11423.3
4,400,g_a,dpu,11423.3,11496.7
4,400,g_a_cpu,cpu,11496.7,11497.1
4,400,h_a,dpu,11497.1,11560.8
4,400,eb_enc,cpu,11560.8,11561
4,400,eb_dec,cpu,11561,11561.2
4,400,h_s,dpu,11561.2,11580.8
4,400,gc,cpu,11580.8,11590.6
4,408,normalize,cpu,11591.1,11594.8
4,408,g_a_cpu,cpu,11594.8,11595.1
4,408,g_a,dpu,11595.1,11648.4
4,408,g_a,dpu,11648.4,11721.8
4,408,g_a_cpu,cpu,11721.8,11722.2
4,408,h_a,dpu,11722.2,11782
4,408,eb_enc,cpu,11782,11782.2
4,408,eb_dec,cpu,11782.2,11782.3
4,408,h_s,dpu,11782.3,11801.9
4,408,gc,cpu,11801.9,11811.9
4,417,normalize,cpu,11812.7,11816.3
4,417,g_a_cpu,cpu,11816.3,11816.7
4,417,g_a,dpu,11816.7,11872.4
4,417,g_a,dpu,11872.4,11945.7
4,417,g_a_cpu,cpu,11945.7,11946.1
4,417,h_a,dpu,11946.1,12003.3
4,417,eb_enc,cpu,12003.3,12003.4
4,417,eb_dec,cpu,12003.4,12003.6
4,417,h_s,dpu,12003.6,12020.2
4,417,gc,cpu,12020.2,12030.5
4,423,normalize,cpu,12031.1,12034.8
4,423,g_a_cpu,cpu,12034.8,12035.2
4,423,g_a,dpu,12035.2,12101
4,423,g_a,dpu,12101,12174
4,423,g_a_cpu,cpu,12174,12174.4
4,423,h_a,dpu,12174.4,12224.4
4,423,eb_enc,cpu,12224.4,12224.5
4,423,eb_dec,cpu,12224.5,12224.6
4,423,h_s,dpu,12224.6,12242.3
4,423,gc,cpu,12242.3,12253.2
4,432,normalize,cpu,12253.8,12257.4
4,432,g_a_cpu,cpu,12257.4,12257.8
4,432,g_a,dpu,12257.8,12324
4,432,g_a,dpu,12324,12363.7
4,432,g_a_cpu,cpu,12363.7,12364.1
4,432,h_a,dpu,12364.1,12444.8
4,432,eb_enc,cpu,12444.8,12444.9
4,432,eb_dec,cpu,12444.9,12445
4,432,h_s,dpu,12445,12463.1
4,432,gc,cpu,12463.1,12472.7
4,439,normalize,cpu,12473.5,12477.3
4,439,g_a_cpu,cpu,12477.3,12477.6
4,439,g_a,dpu,12477.6,12547.3
4,439,g_a,dpu,12547.3,12585.5
4,439,g_a_cpu,cpu,12585.5,12585.9
4,439,h_a,dpu,12585.9,12665.6
4,439,eb_enc,cpu,12665.6,12665.7
4,439,eb_dec,cpu,12665.7,12665.8
4,439,h_s,dpu,12665.8,12667
4,439,gc,cpu,12667,12676.9
4,447,normalize,cpu,12677.4,12681.1
4,447,g_a_cpu,cpu,12681.1,12681.4
4,447,g_a,dpu,12681.4,12734.8
4,447,g_a,dpu,12734.8,12844.5
4,447,g_a_cpu,cpu,12844.5,12844.8
4,447,h_a,dpu,12844.8,12853.5
4,447,eb_enc,cpu,12853.5,12853.6
4,447,eb_dec,cpu,12853.6,12853.7
4,447,h_s,dpu,12853.7,12904.5
4,447,gc,cpu,12904.5,12914.1
4,455,normalize,cpu,12914.5,12918.2
4,455,g_a_cpu,cpu,12918.2,12918.5
4,455,g_a,dpu,12918.5,12958.5
4,455,g_a,dpu,12958.5,13066.2
4,455,g_a_cpu,cpu,13066.2,13066.5
4,455,h_a,dpu,13066.5,13075.4
4,455,eb_enc,cpu,13075.4,13075.5
4,455,eb_dec,cpu,13075.5,13075.6
4,455,h_s,dpu,13075.6,13096.6
4,455,gc,cpu,13096.6,13106.9
4,463,normalize,cpu,13108,13111.6
4,463,g_a_cpu,cpu,13111.7,13112.1
4,463,g_a,dpu,13112.1,13149.7
4,463,g_a,dpu,13149.7,13224.3
4,463,g_a_cpu,cpu,13224.3,13224.7
4,463,h_a,dpu,13224.7,13298.7
4,463,eb_enc,cpu,13298.7,13298.8
4,463,eb_dec,cpu,13298.8,13298.9
4,463,h_s,dpu,13298.9,13318.7
4,463,gc,cpu,13318.7,13328.2
4,469,normalize,cpu,13328.6,13332.3
4,469,g_a_cpu,cpu,13332.3,13332.5
4,469,g_a,dpu,13332.5,13385.6
4,469,g_a,dpu,13385.6,13496.2
4,469,g_a_cpu,cpu,13496.2,13496.6
4,469,h_a,dpu,13496.6,13542.4
4,469,eb_enc,cpu,13542.4,13542.6
4,469,eb_dec,cpu,13542.6,13542.7
4,469,h_s,dpu,13542.7,13545.8
4,469,gc,cpu,13545.8,13555.4
4,477,normalize,cpu,13555.9,13559.6
4,477,g_a_cpu,cpu,13559.6,13559.9
4,477,g_a,dpu,13559.9,13608.4
4,477,g_a,dpu,13608.4,13644.8
4,477,g_a_cpu,cpu,13644.8,13645.1
4,477,h_a,dpu,13645.1,13695.9
4,477,eb_enc,cpu,13695.9,13696
4,477,eb_dec,cpu,13696,13696.1
4,477,h_s,dpu,13696.1,13747.1
4,477,gc,cpu,13747.1,13756.9
4,485,normalize,cpu,13757.7,13761.4
4,485,g_a_cpu,cpu,13761.4,13761.6
4,485,g_a,dpu,13761.6,13836.5
4,485,g_a,dpu,13836.5,13912.4
4,485,g_a_cpu,cpu,13912.4,13912.7
4,485,h_a,dpu,13912.7,13991.7
4,485,eb_enc,cpu,13991.7,13991.9
4,485,eb_dec,cpu,13991.9,13992
4,485,h_s,dpu,13992,13993.3
4,485,gc,cpu,13993.3,14003.4
4,493,normalize,cpu,14003.9,14007.6
4,493,g_a_cpu,cpu,14007.6,14007.9
4,493,g_a,dpu,14007.9,14065.9
4,493,g_a,dpu,14065.9,14174.9
4,493,g_a_cpu,cpu,14174.9,14175.4
4,493,h_a,dpu,14175.4,14224.4
4,493,eb_enc,cpu,14224.4,14224.6
4,493,eb_dec,cpu,14224.6,14224.7
4,493,h_s,dpu,14224.7,14227.8
4,493,gc,cpu,14227.8,14237.3
4,501,normalize,cpu,14237.8,14241.6
4,501,g_a_cpu,cpu,14241.6,14241.9
4,501,g_a,dpu,14241.9,14287.9
4,501,g_a,dpu,14287.9,14399.3
4,501,g_a_cpu,cpu,14399.3,14399.8
4,501,h_a,dpu,14399.8,14485
4,501,eb_enc,cpu,14485,14485.2
4,501,eb_dec,cpu,14485.2,14485.3
4,501,h_s,dpu,14485.3,14490.6
4,501,gc,cpu,14490.6,14512.9
4,516,normalize,cpu,14513.4,14517.1
4,516,g_a_cpu,cpu,14517.1,14517.4
4,516,g_a,dpu,14517.4,14616.8
4,516,g_a,dpu,14616.8,14726.4
4,516,g_a_cpu,cpu,14726.4,14726.9
4,516,h_a,dpu,14726.9,14728.2
4,516,eb_enc,cpu,14728.2,14728.4
4,516,eb_dec,cpu,14728.4,14728.6
4,516,h_s,dpu,14728.6,14762
4,516,gc,cpu,14762,14772
4,524,normalize,cpu,14773.7,14777.4
4,524,g_a_cpu,cpu,14777.4,14777.7
4,524,g_a,dpu,14777.7,14881.1
4,524,g_a,dpu,14881.1,14954.7
4,524,g_a_cpu,cpu,14954.7,14955
4,524,h_a,dpu,14955,14972.1
4,524,eb_enc,cpu,14972.1,14972.4
4,524,eb_dec,cpu,14972.4,14972.6
4,524,h_s,dpu,14972.6,14977.1
4,524,gc,cpu,14977.1,14987
4,531,normalize,cpu,14987.5,14991.1
4,531,g_a_cpu,cpu,14991.2,14991.5
4,531,g_a,dpu,14991.5,15066.1
4,531,g_a,dpu,15066.1,15173.8
4,531,g_a_cpu,cpu,15173.8,15174.2
4,531,h_a,dpu,15174.2,15194.1
4,531,eb_enc,cpu,15194.1,15194.3
4,531,eb_dec,cpu,15194.3,15194.4
4,531,h_s,dpu,15194.4,15198
4,531,gc,cpu,15198,15207.9
4,539,normalize,cpu,15208.4,15212
4,539,g_a_cpu,cpu,15212,15212.4
4,539,g_a,dpu,15212.4,15289.5
4,539,g_a,dpu,15289.5,15398.2
4,539,g_a_cpu,cpu,15398.2,15398.6
4,539,h_a,dpu,15398.6,15415.3
4,539,eb_enc,cpu,15415.3,15415.5
4,539,eb_dec,cpu,15415.5,15415.6
4,539,h_s,dpu,15415.6,15420.2
4,539,gc,cpu,15420.2,15430.1
4,547,normalize,cpu,15430.7,15434.3
4,547,g_a_cpu,cpu,15434.3,15434.6
4,547,g_a,dpu,15434.6,15511
4,547,g_a,dpu,15511,15619.7
4,547,g_a_cpu,cpu,15619.7,15620.1
4,547,h_a,dpu,15620.1,15639.5
4,547,eb_enc,cpu,15639.5,15639.7
4,547,eb_dec,cpu,15639.7,15639.8
4,547,h_s,dpu,15639.8,15646
4,547,gc,cpu,15646,15656.1
4,555,normalize,cpu,15656.7,15660.4
4,555,g_a_cpu,cpu,15660.4,15660.7
4,555,g_a,dpu,15660.7,15770.4
4,555,g_a,dpu,15770.4,15844
4,555,g_a_cpu,cpu,15844,15844.5
4,555,h_a,dpu,15844.5,15861.5
4,555,eb_enc,cpu,15861.5,15861.7
4,555,eb_dec,cpu,15861.7,15861.8
4,555,h_s,dpu,15861.8,15871.3
4,555,gc,cpu,15871.4,15881.8
4,563,normalize,cpu,15882.4,15886
4,563,g_a_cpu,cpu,15886,15886.3
4,563,g_a,dpu,15886.3,15993.1
4,563,g_a,dpu,15993.1,16066.2
4,563,g_a_cpu,cpu,16066.2,16066.6
4,563,h_a,dpu,16066.6,16083.5
4,563,eb_enc,cpu,16083.5,16083.7
4,563,eb_dec,cpu,16083.7,16083.8
4,563,h_s,dpu,16083.8,16101.9
4,563,gc,cpu,16101.9,16111.6
4,571,normalize,cpu,16112.1,16115.8
4,571,g_a_cpu,cpu,16115.8,16116.1
4,571,g_a,dpu,16116.1,16220
4,571,g_a,dpu,16220,16294.9
4,571,g_a_cpu,cpu,16294.9,16295.2
4,571,h_a,dpu,16295.2,16353.1
4,571,eb_enc,cpu,16353.1,16353.2
4,571,eb_dec,cpu,16353.2,16353.3
4,571,h_s,dpu,16353.3,16395.4
4,571,gc,cpu,16395.4,16405
4,579,normalize,cpu,16408.9,16412.6
4,579,g_a_cpu,cpu,16412.6,16413.2
4,579,g_a,dpu,16413.2,16485
4,579,g_a,dpu,16485,16564.3
4,579,g_a_cpu,cpu,16564.3,16564.8
4,579,h_a,dpu,16564.8,16612.3
4,579,eb_enc,cpu,16612.3,16612.5
4,579,eb_dec,cpu,16612.5,16612.6
4,579,h_s,dpu,16612.6,16629.4
4,579,gc,cpu,16629.4,16639.1
4,587,normalize,cpu,16639.7,16643.4
4,587,g_a_cpu,cpu,16643.4,16643.7
4,587,g_a,dpu,16643.7,16711.6
4,587,g_a,dpu,16711.6,16787.6
4,587,g_a_cpu,cpu,16787.6,16788
4,587,h_a,dpu,16788,16874.4
4,587,eb_enc,cpu,16874.4,16874.6
4,587,eb_dec,cpu,16874.6,16874.7
4,587,h_s,dpu,16874.7,16878.2
4,587,gc,cpu,16878.2,16888
4,596,normalize,cpu,16888.5,16892.1
4,596,g_a_cpu,cpu,16892.1,16892.5
4,596,g_a,dpu,16892.5,16937.2
4,596,g_a,dpu,16937.2,17010.4
4,596,g_a_cpu,cpu,17010.4,17011
4,596,h_a,dpu,17011,17098.8
4,596,eb_enc,cpu,17098.8,17099
4,596,eb_dec,cpu,17099,17099.2
4,596,h_s,dpu,17099.2,17102.8
4,596,gc,cpu,17102.8,17112.9
4,604,normalize,cpu,17113.5,17117.2
4,604,g_a_cpu,cpu,17117.2,17117.5
4,604,g_a,dpu,17117.5,17158.8
4,604,g_a,dpu,17158.8,17231.9
4,604,g_a_cpu,cpu,17231.9,17232.4
4,604,h_a,dpu,17232.4,17284.5
4,604,eb_enc,cpu,17284.5,17284.6
4,604,eb_dec,cpu,17284.6,17284.7
4,604,h_s,dpu,17284.7,17303.5
4,604,gc,cpu,17303.5,17313.6
4,612,normalize,cpu,17314.1,17317.7
4,612,g_a_cpu,cpu,17317.7,17318
4,612,g_a,dpu,17318,17388.5
4,612,g_a,dpu,17388.6,17498.6
4,612,g_a_cpu,cpu,17498.6,17499
4,612,h_a,dpu,17499,17541.8
4,612,eb_enc,cpu,17541.8,17541.9
4,612,eb_dec,cpu,17541.9,17542.1
4,612,h_s,dpu,17542.1,17543.8
4,612,gc,cpu,17543.8,17553.9
4,620,normalize,cpu,17554.5,17558.1
4,620,g_a_cpu,cpu,17558.1,17558.5
4,620,g_a,dpu,17558.5,17616.4
4,620,g_a,dpu,17616.4,17725.2
4,620,g_a_cpu,cpu,17725.2,17725.6
4,620,h_a,dpu,17725.6,17766.4
4,620,eb_enc,cpu,17766.4,17766.6
4,620,eb_dec,cpu,17766.6,17766.7
4,620,h_s,dpu,17766.7,17768.2
4,620,gc,cpu,17768.2,17781.7
4,630,normalize,cpu,17782.3,17786
4,630,g_a_cpu,cpu,17786,17786.3
4,630,g_a,dpu,17786.3,17837.2
4,630,g_a,dpu,17837.2,17944.9
4,630,g_a_cpu,cpu,17944.9,17945.3
4,630,h_a,dpu,17945.3,17962.5
4,630,eb_enc,cpu,17962.5,17962.7
4,630,eb_dec,cpu,17962.7,17962.8
4,630,h_s,dpu,17962.8,17966.4
4,630,gc,cpu,17966.4,17976.7
4,636,normalize,cpu,17977.2,17980.9
4,636,g_a_cpu,cpu,17980.9,17981.2
4,636,g_a,dpu,17981.2,18061.4
4,636,g_a,dpu,18061.4,18097.9
4,636,g_a_cpu,cpu,18097.9,18098.3
4,636,h_a,dpu,18098.3,18149.7
4,636,eb_enc,cpu,18149.7,18149.9
4,636,eb_dec,cpu,18149.9,18150
4,636,h_s,dpu,18150,18152.7
4,636,gc,cpu,18152.7,18163.1
4,643,normalize,cpu,18163.6,18167.3
4,643,g_a_cpu,cpu,18167.3,18167.6
4,643,g_a,dpu,18167.6,18209.5
4,643,g_a,dpu,18209.5,18282.6
4,643,g_a_cpu,cpu,18282.6,18283
4,643,h_a,dpu,18283,18371.2
4,643,eb_enc,cpu,18371.2,18371.3
4,643,eb_dec,cpu,18371.3,18371.4
4,643,h_s,dpu,18371.4,18372.9
4,643,gc,cpu,18372.9,18382.8
4,650,normalize,cpu,18383.6,18387.2
4,650,g_a_cpu,cpu,18387.2,18387.7
4,650,g_a,dpu,18387.7,18503.6
4,650,g_a,dpu,18503.6,18540.5
4,650,g_a_cpu,cpu,18540.5,18540.9
4,650,h_a,dpu,18540.9,18562.4
4,650,eb_enc,cpu,18562.4,18562.5
4,650,eb_dec,cpu,18562.5,18562.6
4,650,h_s,dpu,18562.6,18566
4,650,gc,cpu,18566,18575.8
4,658,normalize,cpu,18576.4,18580
4,658,g_a_cpu,cpu,18580,18580.3
4,658,g_a,dpu,18580.3,18661.7
4,658,g_a,dpu,18661.7,18770.3
4,658,g_a_cpu,cpu,18770.3,18770.7
4,658,h_a,dpu,18770.7,18784.2
4,658,eb_enc,cpu,18784.2,18784.3
4,658,eb_dec,cpu,18784.3,18784.4
4,658,h_s,dpu,18784.4,18788.2
4,658,gc,cpu,18788.2,18798.6
4,667,normalize,cpu,18799.2,18802.9
4,667,g_a_cpu,cpu,18802.9,18803.2
4,667,g_a,dpu,18803.2,18884.5
4,667,g_a,dpu,18884.5,18957.1
4,667,g_a_cpu,cpu,18957.2,18957.7
4,667,h_a,dpu,18957.7,19007.6
4,667,eb_enc,cpu,19007.6,19007.7
4,667,eb_dec,cpu,19007.7,19007.9
4,667,h_s,dpu,19007.9,19012.2
4,667,gc,cpu,19012.2,19022.6
4,676,normalize,cpu,19023.2,19026.9
4,676,g_a_cpu,cpu,19026.9,19027.2
4,676,g_a,dpu,19027.2,19109.3
4,676,g_a,dpu,19109.3,19182.1
4,676,g_a_cpu,cpu,19182.1,19182.5
4,676,h_a,dpu,19182.5,19198.1
4,676,eb_enc,cpu,19198.1,19198.3
4,676,eb_dec,cpu,19198.3,19198.4
4,676,h_s,dpu,19198.4,19199.6
4,676,gc,cpu,19199.6,19209.9
4,682,normalize,cpu,19210.5,19214.1
4,682,g_a_cpu,cpu,19214.1,19214.5
4,682,g_a,dpu,19214.5,19296.4
4,682,g_a,dpu,19296.4,19408.5
4,682,g_a_cpu,cpu,19408.5,19408.9
4,682,h_a,dpu,19408.9,19424.4
4,682,eb_enc,cpu,19424.4,19424.5
4,682,eb_dec,cpu,19424.5,19424.6
4,682,h_s,dpu,19424.6,19447.3
4,682,gc,cpu,19447.3,19457
4,692,normalize,cpu,19457.5,19461.2
4,692,g_a_cpu,cpu,19461.2,19461.5
4,692,g_a,dpu,19461.5,19565.6
4,692,g_a,dpu,19565.6,19641.3
4,692,g_a_cpu,cpu,19641.3,19641.8
4,692,h_a,dpu,19641.8,19660.7
4,692,eb_enc,cpu,19660.7,19660.8
4,692,eb_dec,cpu,19660.8,19660.9
4,692,h_s,dpu,19660.9,19699.6
4,692,gc,cpu,19699.6,19709.5
4,700,normalize,cpu,19710,19713.6
4,700,g_a_cpu,cpu,19713.6,19714
4,700,g_a,dpu,19714,19788.7
4,700,g_a,dpu,19788.7,19868.4
4,700,g_a_cpu,cpu,19868.4,19868.8
4,700,h_a,dpu,19868.8,19920.1
4,700,eb_enc,cpu,19920.1,19920.3
4,700,eb_dec,cpu,19920.3,19920.4
4,700,h_s,dpu,19920.4,19971.9
4,700,gc,cpu,19971.9,19983.2
4,707,normalize,cpu,19983.8,19987.5
4,707,g_a_cpu,cpu,19987.5,19987.9
4,707,g_a,dpu,19987.9,20060.6
4,707,g_a,dpu,20060.6,20136.4
4,707,g_a_cpu,cpu,20136.4,20136.8
4,707,h_a,dpu,20136.8,20177.2
4,707,eb_enc,cpu,20177.2,20177.3
4,707,eb_dec,cpu,20177.3,20177.5
4,707,h_s,dpu,20177.5,20195.4
4,707,gc,cpu,20195.4,20205.2
4,716,normalize,cpu,20205.8,20209.5
4,716,g_a_cpu,cpu,20209.5,20210.2
4,716,g_a,dpu,20210.2,20285
4,716,g_a,dpu,20285,20360.4
4,716,g_a_cpu,cpu,20360.4,20360.9
4,716,h_a,dpu,20360.9,20407.3
4,716,eb_enc,cpu,20407.3,20407.4
4,716,eb_dec,cpu,20407.4,20407.5
4,716,h_s,dpu,20407.5,20408.9
4,716,gc,cpu,20408.9,20419.2
4,725,normalize,cpu,20419.8,20423.6
4,725,g_a_cpu,cpu,20423.6,20424.1
4,725,g_a,dpu,20424.1,20476.3
4,725,g_a,dpu,20476.3,20584.2
4,725,g_a_cpu,cpu,20584.2,20584.7
4,725,h_a,dpu,20584.7,20597.7
4,725,eb_enc,cpu,20597.7,20597.9
4,725,eb_dec,cpu,20597.9,20598
4,725,h_s,dpu,20598,20601.2
4,725,gc,cpu,20601.2,20611.3
4,730,normalize,cpu,20611.7,20615.4
4,730,g_a_cpu,cpu,20615.4,20615.7
4,730,g_a,dpu,20615.7,20704.4
4,730,g_a,dpu,20704.4,20812.1
4,730,g_a_cpu,cpu,20812.1,20812.5
4,730,h_a,dpu,20812.5,20820
4,730,eb_enc,cpu,20820,20820.1
4,730,eb_dec,cpu,20820.1,20820.3
4,730,h_s,dpu,20820.3,20825.3
4,730,gc,cpu,20825.3,20835.1
4,738,normalize,cpu,20835.7,20839.3
4,738,g_a_cpu,cpu,20839.3,20839.6
4,738,g_a,dpu,20839.6,20924.4
4,738,g_a,dpu,20924.4,21037
4,738,g_a_cpu,cpu,21037,21037.4
4,738,h_a,dpu,21037.4,21048.9
4,738,eb_enc,cpu,21048.9,21049.1
4,738,eb_dec,cpu,21049.1,21049.3
4,738,h_s,dpu,21049.3,21050.8
4,738,gc,cpu,21050.8,21061
4,746,normalize,cpu,21061.6,21065.2
4,746,g_a_cpu,cpu,21065.2,21065.5
4,746,g_a,dpu,21065.5,21149.5
4,746,g_a,dpu,21149.5,21258.8
4,746,g_a_cpu,cpu,21258.8,21259.3
4,746,h_a,dpu,21259.3,21277.9
4,746,eb_enc,cpu,21277.9,21278.1
4,746,eb_dec,cpu,21278.1,21278.2
4,746,h_s,dpu,21278.2,21279.6
4,746,gc,cpu,21279.6,21289.6
4,754,normalize,cpu,21290.5,21294.2
4,754,g_a_cpu,cpu,21294.2,21294.7
4,754,g_a,dpu,21294.7,21453.8
4,754,g_a,dpu,21453.8,21527.9
4,754,g_a_cpu,cpu,21527.9,21528.3
4,754,h_a,dpu,21528.3,21540.5
4,754,eb_enc,cpu,21540.5,21540.7
4,754,eb_dec,cpu,21540.7,21540.8
4,754,h_s,dpu,21540.8,21559.1
4,754,gc,cpu,21559.1,21568.8
4,767,normalize,cpu,21569.3,21573
4,767,g_a_cpu,cpu,21573,21573.2
4,767,g_a,dpu,21573.2,21676.3
4,767,g_a,dpu,21676.3,21751.3
4,767,g_a_cpu,cpu,21751.3,21751.7
4,767,h_a,dpu,21751.7,21814
4,767,eb_enc,cpu,21814,21814.1
4,767,eb_dec,cpu,21814.1,21814.2
4,767,h_s,dpu,21814.2,21854.8
4,767,gc,cpu,21854.8,21868.3
4,775,normalize,cpu,21869,21872.7
4,775,g_a_cpu,cpu,21872.7,21873.1
4,775,g_a,dpu,21873.1,21934.4
4,775,g_a,dpu,21934.4,21976.6
4,775,g_a_cpu,cpu,21976.6,21977.2
4,775,h_a,dpu,21977.2,22086.5
4,775,eb_enc,cpu,22086.5,22086.7
4,775,eb_dec,cpu,22086.7,22086.8
4,775,h_s,dpu,22086.8,22127
4,775,gc,cpu,22127,22136.9
4,784,normalize,cpu,22137.4,22141.1
4,784,g_a_cpu,cpu,22141.1,22141.5
4,784,g_a,dpu,22141.5,22178.2
4,784,g_a,dpu,22178.2,22216.4
4,784,g_a_cpu,cpu,22216.4,22216.8
4,784,h_a,dpu,22216.8,22307
4,784,eb_enc,cpu,22307,22307.2
4,784,eb_dec,cpu,22307.2,22307.3
4,784,h_s,dpu,22307.3,22326.9
4,784,gc,cpu,22326.9,22336.9
4,791,normalize,cpu,22337.4,22341.1
4,791,g_a_cpu,cpu,22341.1,22341.3
4,791,g_a,dpu,22341.3,22399.4
4,791,g_a,dpu,22399.4,22435.8
4,791,g_a_cpu,cpu,22435.8,22436.1
4,791,h_a,dpu,22436.1,22456.2
4,791,eb_enc,cpu,22456.2,22456.4
4,791,eb_dec,cpu,22456.4,22456.5
4,791,h_s,dpu,22456.5,22508.7
4,791,gc,cpu,22508.7,22518.8
4,799,normalize,cpu,22519.3,22523
4,799,g_a_cpu,cpu,22523,22523.3
4,799,g_a,dpu,22523.3,22620.2
4,799,g_a,dpu,22620.2,22695
4,799,g_a_cpu,cpu,22695,22695.4
4,799,h_a,dpu,22695.4,22786.7
4,799,eb_enc,cpu,22786.7,22786.8
4,799,eb_dec,cpu,22786.8,22786.9
4,799,h_s,dpu,22786.9,22789.4
4,799,gc,cpu,22789.4,22799
4,807,normalize,cpu,22799.5,22803.1
4,807,g_a_cpu,cpu,22803.1,22803.4
4,807,g_a,dpu,22803.4,22842.7
4,807,g_a,dpu,22842.7,22880.1
4,807,g_a_cpu,cpu,22880.1,22880.6
4,807,h_a,dpu,22880.6,22971.3
4,807,eb_enc,cpu,22971.3,22971.4
4,807,eb_dec,cpu,22971.4,22971.6
4,807,h_s,dpu,22971.6,22988.8
4,807,gc,cpu,22988.8,22998.7
4,815,normalize,cpu,22999.1,23002.8
4,815,g_a_cpu,cpu,23002.8,23003.1
4,815,g_a,dpu,23003.1,23063.5
4,815,g_a,dpu,23063.5,23110.1
4,815,g_a_cpu,cpu,23110.1,23110.5
4,815,h_a,dpu,23110.5,23192.9
4,815,eb_enc,cpu,23192.9,23193
4,815,eb_dec,cpu,23193,23193.2
4,815,h_s,dpu,23193.2,23212.1
4,815,gc,cpu,23212.1,23221.9
4,823,normalize,cpu,23222.3,23226.1
4,823,g_a_cpu,cpu,23226.1,23226.4
4,823,g_a,dpu,23226.5,23297.5
4,823,g_a,dpu,23297.5,23370.9
4,823,g_a_cpu,cpu,23370.9,23371.4
4,823,h_a,dpu,23371.4,23413.1
4,823,eb_enc,cpu,23413.1,23413.3
4,823,eb_dec,cpu,23413.3,23413.4
4,823,h_s,dpu,23413.4,23436.6
4,823,gc,cpu,23436.6,23450
4,831,normalize,cpu,23450.6,23454.3
4,831,g_a_cpu,cpu,23454.3,23454.6
4,831,g_a,dpu,23454.6,23523.3
4,831,g_a,dpu,23523.3,23600.3
4,831,g_a_cpu,cpu,23600.3,23600.7
4,831,h_a,dpu,23600.7,23682.1
4,831,eb_enc,cpu,23682.1,23682.2
4,831,eb_dec,cpu,23682.2,23682.3
4,831,h_s,dpu,23682.3,23685.4
4,831,gc,cpu,23685.4,23695
4,839,normalize,cpu,23695.4,23699.1
4,839,g_a_cpu,cpu,23699.1,23699.4
4,839,g_a,dpu,23699.4,23749.9
4,839,g_a,dpu,23749.9,23823.2
4,839,g_a_cpu,cpu,23823.2,23823.6
4,839,h_a,dpu,23823.6,23875.4
4,839,eb_enc,cpu,23875.4,23875.5
4,839,eb_dec,cpu,23875.5,23875.6
4,839,h_s,dpu,23875.6,23885.3
4,839,gc,cpu,23885.3,23894.9
4,847,normalize,cpu,23895.3,23899.2
4,847,g_a_cpu,cpu,23899.2,23899.5
4,847,g_a,dpu,23899.5,23935.9
4,847,g_a,dpu,23935.9,24010
4,847,g_a_cpu,cpu,24010,24010.4
4,847,h_a,dpu,24010.4,24060.9
4,847,eb_enc,cpu,24060.9,24061
4,847,eb_dec,cpu,24061,24061.1
4,847,h_s,dpu,24061.1,24115.2
4,847,gc,cpu,24115.2,24128.3
4,855,normalize,cpu,24128.8,24132.6
4,855,g_a_cpu,cpu,24132.6,24132.9
4,855,g_a,dpu,24132.9,24197.5
4,855,g_a,dpu,24197.5,24307.6
4,855,g_a_cpu,cpu,24307.6,24308
4,855,h_a,dpu,24308,24353.9
4,855,eb_enc,cpu,24353.9,24354.1
4,855,eb_dec,cpu,24354.1,24354.2
4,855,h_s,dpu,24354.2,24361.7
4,855,gc,cpu,24361.7,24371.8
4,866,normalize,cpu,24372.2,24375.9
4,866,g_a_cpu,cpu,24375.9,24376.2
4,866,g_a,dpu,24376.2,24492.2
4,866,g_a,dpu,24492.2,24542.1
4,866,g_a_cpu,cpu,24542.1,24542.5
4,866,h_a,dpu,24542.5,24584.4
4,866,eb_enc,cpu,24584.4,24584.5
4,866,eb_dec,cpu,24584.5,24584.6
4,866,h_s,dpu,24584.6,24597
4,866,gc,cpu,24597,24606.8
4,874,normalize,cpu,24607.3,24611
4,874,g_a_cpu,cpu,24611,24611.2
4,874,g_a,dpu,24611.2,24690.3
4,874,g_a,dpu,24690.3,24768.6
4,874,g_a_cpu,cpu,24768.6,24769.1
4,874,h_a,dpu,24769.1,24816.5
4,874,eb_enc,cpu,24816.5,24816.7
4,874,eb_dec,cpu,24816.7,24816.8
4,874,h_s,dpu,24816.8,24818.1
4,874,gc,cpu,24818.1,24828
4,883,normalize,cpu,24828.4,24832.1
4,883,g_a_cpu,cpu,24832.1,24832.5
4,883,g_a,dpu,24832.5,24917.6
4,883,g_a,dpu,24917.6,24993.2
4,883,g_a_cpu,cpu,24993.2,24993.6
4,883,h_a,dpu,24993.6,25044.2
4,883,eb_enc,cpu,25044.2,25044.4
4,883,eb_dec,cpu,25044.4,25044.5
4,883,h_s,dpu,25044.5,25055.5
4,883,gc,cpu,25055.5,25065.3
4,891,normalize,cpu,25065.7,25069.6
4,891,g_a_cpu,cpu,25069.6,25069.9
4,891,g_a,dpu,25069.9,25176.9
4,891,g_a,dpu,25176.9,25287.8
4,891,g_a_cpu,cpu,25287.8,25288.2
4,891,h_a,dpu,25288.2,25338.9
4,891,eb_enc,cpu,25338.9,25339
4,891,eb_dec,cpu,25339,25339.1
4,891,h_s,dpu,25339.1,25342.5
4,891,gc,cpu,25342.5,25352.1
4,899,normalize,cpu,25352.6,25356.2
4,899,g_a_cpu,cpu,25356.2,25356.5
4,899,g_a,dpu,25356.5,25408.8
4,899,g_a,dpu,25408.8,25445.2
4,899,g_a_cpu,cpu,25445.2,25445.6
4,899,h_a,dpu,25445.6,25533.3
4,899,eb_enc,cpu,25533.3,25533.4
4,899,eb_dec,cpu,25533.4,25533.6
4,899,h_s,dpu,25533.6,25545
4,899,gc,cpu,25545,25555.3
4,906,normalize,cpu,25555.8,25559.5
4,906,g_a_cpu,cpu,25559.5,25559.9
4,906,g_a,dpu,25559.9,25632.4
4,906,g_a,dpu,25632.4,25741.1
4,906,g_a_cpu,cpu,25741.1,25741.5
4,906,h_a,dpu,25741.5,25755.2
4,906,eb_enc,cpu,25755.2,25755.4
4,906,eb_dec,cpu,25755.4,25755.5
4,906,h_s,dpu,25755.5,25774.2
4,906,gc,cpu,25774.2,25784.3
4,914,normalize,cpu,25784.8,25788.4
4,914,g_a_cpu,cpu,25788.4,25788.7
4,914,g_a,dpu,25788.7,25867.7
4,914,g_a,dpu,25867.7,25976.9
4,914,g_a_cpu,cpu,25976.9,25977.4
4,914,h_a,dpu,25977.4,26049
4,914,eb_enc,cpu,26049,26049.1
4,914,eb_dec,cpu,26049.1,26049.3
4,914,h_s,dpu,26049.3,26054.1
4,914,gc,cpu,26054.1,26065.9
4,926,normalize,cpu,26066.4,26070.1
4,926,g_a_cpu,cpu,26070.1,26070.6
4,926,g_a,dpu,26070.6,26142.1
4,926,g_a,dpu,26142.1,26216
4,926,g_a_cpu,cpu,26216,26216.5
4,926,h_a,dpu,26216.5,26217.7
4,926,eb_enc,cpu,26217.7,26217.9
4,926,eb_dec,cpu,26217.9,26218
4,926,h_s,dpu,26218,26228.6
4,926,gc,cpu,26228.6,26238.4
5,2,normalize,cpu,68.9546,72.7026
5,2,g_a_cpu,cpu,72.8398,73.1364
5,2,g_a,dpu,73.1621,111.229
5,2,g_a,dpu,111.238,186.215
5,2,g_a_cpu,cpu,186.219,186.596
5,2,h_a,dpu,186.605,292.89
5,2,eb_enc,cpu,292.891,293.022
5,2,eb_dec,cpu,293.022,293.142
5,2,h_s,dpu,293.143,302.308
5,2,gc,cpu,302.312,319.705
5,10,normalize,cpu,320.39,324.001
5,10,g_a_cpu,cpu,324.005,324.372
5,10,g_a,dpu,324.376,361.348
5,10,g_a,dpu,361.349,434.587
5,10,g_a_cpu,cpu,434.588,434.898
5,10,h_a,dpu,434.9,542.303
5,10,eb_enc,cpu,542.303,542.429
5,10,eb_dec,cpu,542.431,542.545
5,10,h_s,dpu,542.545,543.759
5,10,gc,cpu,543.759,554.044
5,18,normalize,cpu,554.703,558.451
5,18,g_a_cpu,cpu,558.454,558.845
5,18,g_a,dpu,558.85,595.902
5,18,g_a,dpu,595.904,668.997
5,18,g_a_cpu,cpu,668.998,669.49
5,18,h_a,dpu,669.494,776.579
5,18,eb_enc,cpu,776.58,776.712
5,18,eb_dec,cpu,776.712,776.827
5,18,h_s,dpu,776.827,781.953
5,18,gc,cpu,781.954,792.089
5,25,normalize,cpu,792.831,796.586
5,25,g_a_cpu,cpu,796.591,796.997
5,25,g_a,dpu,797.001,834
5,25,g_a,dpu,834.006,906.551
5,25,g_a_cpu,cpu,906.552,906.958
5,25,h_a,dpu,906.96,983.634
5,25,eb_enc,cpu,983.635,983.784
5,25,eb_dec,cpu,983.784,983.901
5,25,h_s,dpu,983.901,1012.56
5,25,gc,cpu,1012.56,1023.68
5,32,normalize,cpu,1024.98,1039.76
5,32,g_a_cpu,cpu,1039.76,1040.26
5,32,g_a,dpu,1040.3,1077.46
5,32,g_a,dpu,1077.47,1150.13
5,32,g_a_cpu,cpu,1150.13,1150.59
5,32,h_a,dpu,1150.59,1250.8
5,32,eb_enc,cpu,1250.8,1250.93
5,32,eb_dec,cpu,1250.93,1251.05
5,32,h_s,dpu,1251.05,1261.26
5,32,gc,cpu,1261.26,1272.13
5,43,normalize,cpu,1272.78,1276.43
5,43,g_a_cpu,cpu,1276.43,1276.79
5,43,g_a,dpu,1276.79,1313.98
5,43,g_a,dpu,1313.98,1386.7
5,43,g_a_cpu,cpu,1386.7,1387.07
5,43,h_a,dpu,1387.07,1472.33
5,43,eb_enc,cpu,1472.33,1472.46
5,43,eb_dec,cpu,1472.46,1472.58
5,43,h_s,dpu,1472.58,1494.29
5,43,gc,cpu,1494.29,1505.22
5,51,normalize,cpu,1505.96,1509.62
5,51,g_a_cpu,cpu,1509.62,1510.1
5,51,g_a,dpu,1510.1,1547.24
5,51,g_a,dpu,1547.24,1619.85
5,51,g_a_cpu,cpu,1619.85,1620.2
5,51,h_a,dpu,1620.21,1661.61
5,51,eb_enc,cpu,1661.62,1661.75
5,51,eb_dec,cpu,1661.76,1661.87
5,51,h_s,dpu,1661.87,1717.39
5,51,gc,cpu,1717.4,1728.25
5,58,normalize,cpu,1728.83,1732.51
5,58,g_a_cpu,cpu,1732.52,1732.83
5,58,g_a,dpu,1732.84,1770.03
5,58,g_a,dpu,1770.03,1806.77
5,58,g_a_cpu,cpu,1806.77,1807.24
5,58,h_a,dpu,1807.24,1858.9
5,58,eb_enc,cpu,1858.9,1859.03
5,58,eb_dec,cpu,1859.03,1859.15
5,58,h_s,dpu,1859.15,1902.71
5,58,gc,cpu,1902.71,1913.09
5,66,normalize,cpu,1913.63,1917.3
5,66,g_a_cpu,cpu,1917.3,1917.59
5,66,g_a,dpu,1917.59,1954.83
5,66,g_a,dpu,1954.83,1993.58
5,66,g_a_cpu,cpu,1993.58,1994.08
5,66,h_a,dpu,1994.09,2045.58
5,66,eb_enc,cpu,2045.58,2045.74
5,66,eb_dec,cpu,2045.74,2045.86
5,66,h_s,dpu,2045.86,2129.15
5,66,gc,cpu,2129.15,2141.88
5,74,normalize,cpu,2142.55,2146.21
5,74,g_a_cpu,cpu,2146.22,2146.66
5,74,g_a,dpu,2146.67,2183.68
5,74,g_a,dpu,2183.68,2258.83
5,74,g_a_cpu,cpu,2258.83,2259.29
5,74,h_a,dpu,2259.29,2306.4
5,74,eb_enc,cpu,2306.4,2306.54
5,74,eb_dec,cpu,2306.55,2306.67
5,74,h_s,dpu,2306.67,2356.99
5,74,gc,cpu,2356.99,2367.28
5,83,normalize,cpu,2367.9,2371.54
5,83,g_a_cpu,cpu,2371.54,2371.98
5,83,g_a,dpu,2371.99,2409.03
5,83,g_a,dpu,2409.03,2481.74
5,83,g_a_cpu,cpu,2481.74,2482.11
5,83,h_a,dpu,2482.11,2531.36
5,83,eb_enc,cpu,2531.36,2531.5
5,83,eb_dec,cpu,2531.5,2531.62
5,83,h_s,dpu,2531.62,2549.2
5,83,gc,cpu,2549.2,2559.26
5,89,normalize,cpu,2559.87,2563.54
5,89,g_a_cpu,cpu,2563.54,2563.9
5,89,g_a,dpu,2563.9,2601.1
5,89,g_a,dpu,2601.11,2673.73
5,89,g_a_cpu,cpu,2673.73,2674.19
5,89,h_a,dpu,2674.19,2765.09
5,89,eb_enc,cpu,2765.09,2765.23
5,89,eb_dec,cpu,2765.23,2765.36
5,89,h_s,dpu,2765.36,2779.81
5,89,gc,cpu,2779.81,2789.88
5,97,normalize,cpu,2790.4,2794.06
5,97,g_a_cpu,cpu,2794.07,2794.5
5,97,g_a,dpu,2794.5,2831.66
5,97,g_a,dpu,2831.66,2904.35
5,97,g_a_cpu,cpu,2904.35,2904.76
5,97,h_a,dpu,2904.77,2953.59
5,97,eb_enc,cpu,2953.59,2953.82
5,97,eb_dec,cpu,2953.82,2953.94
5,97,h_s,dpu,2953.94,2966.92
5,97,gc,cpu,2966.93,2977.04
5,103,normalize,cpu,2977.59,2981.24
5,103,g_a_cpu,cpu,2981.24,2981.53
5,103,g_a,dpu,2981.53,3018.78
5,103,g_a,dpu,3018.78,3058.53
5,103,g_a_cpu,cpu,3058.53,3058.94
5,103,h_a,dpu,3058.94,3141.27
5,103,eb_enc,cpu,3141.27,3141.44
5,103,eb_dec,cpu,3141.44,3141.56
5,103,h_s,dpu,3141.56,3190.95
5,103,gc,cpu,3190.95,3201.36
5,111,normalize,cpu,3201.91,3205.56
5,111,g_a_cpu,cpu,3205.56,3205.95
5,111,g_a,dpu,3205.95,3243.14
5,111,g_a,dpu,3243.15,3285.02
5,111,g_a_cpu,cpu,3285.02,3285.41
5,111,h_a,dpu,3285.41,3328.21
5,111,eb_enc,cpu,3328.21,3328.4
5,111,eb_dec,cpu,3328.4,3328.52
5,111,h_s,dpu,3328.52,3418.05
5,111,gc,cpu,3418.05,3427.67
5,120,normalize,cpu,3428.13,3431.85
5,120,g_a_cpu,cpu,3431.85,3432.11
5,120,g_a,dpu,3432.12,3469.12
5,120,g_a,dpu,3469.13,3508.81
5,120,g_a_cpu,cpu,3508.81,3509.23
5,120,h_a,dpu,3509.23,3550.3
5,120,eb_enc,cpu,3550.3,3550.42
5,120,eb_dec,cpu,3550.42,3550.54
5,120,h_s,dpu,3550.54,3643.99
5,120,gc,cpu,3644,3653.99
5,128,normalize,cpu,3654.63,3658.39
5,128,g_a_cpu,cpu,3658.39,3658.75
5,128,g_a,dpu,3658.75,3695.73
5,128,g_a,dpu,3695.73,3768.42
5,128,g_a_cpu,cpu,3768.42,3768.77
5,128,h_a,dpu,3768.77,3774.86
5,128,eb_enc,cpu,3774.86,3775
5,128,eb_dec,cpu,3775,3775.11
5,128,h_s,dpu,3775.11,3829.86
5,128,gc,cpu,3829.86,3839.95
5,136,normalize,cpu,3840.44,3844.04
5,136,g_a_cpu,cpu,3844.05,3844.38
5,136,g_a,dpu,3844.38,3881.64
5,136,g_a,dpu,3881.64,3918.38
5,136,g_a_cpu,cpu,3918.38,3918.83
5,136,h_a,dpu,3918.84,3973.53
5,136,eb_enc,cpu,3973.53,3973.68
5,136,eb_dec,cpu,3973.68,3973.79
5,136,h_s,dpu,3973.79,4016.4
5,136,gc,cpu,4016.4,4026.45
5,141,normalize,cpu,4027.03,4030.86
5,141,g_a_cpu,cpu,4030.87,4031.21
5,141,g_a,dpu,4031.21,4068.3
5,141,g_a,dpu,4068.3,4106.89
5,141,g_a_cpu,cpu,4106.89,4107.31
5,141,h_a,dpu,4107.31,4158.01
5,141,eb_enc,cpu,4158.01,4158.17
5,141,eb_dec,cpu,4158.17,4158.3
5,141,h_s,dpu,4158.3,4236.57
5,141,gc,cpu,4236.57,4246.96
5,150,normalize,cpu,4247.66,4251.32
5,150,g_a_cpu,cpu,4251.32,4251.76
5,150,g_a,dpu,4251.77,4288.67
5,150,g_a,dpu,4288.67,4325.5
5,150,g_a_cpu,cpu,4325.5,4325.92
5,150,h_a,dpu,4325.92,4345.59
5,150,eb_enc,cpu,4345.59,4345.71
5,150,eb_dec,cpu,4345.71,4345.83
5,150,h_s,dpu,4345.83,4396.54
5,150,gc,cpu,4396.54,4406.24
5,156,normalize,cpu,4406.88,4410.59
5,156,g_a_cpu,cpu,4410.59,4410.89
5,156,g_a,dpu,4410.89,4447.86
5,156,g_a,dpu,4447.86,4486.88
5,156,g_a_cpu,cpu,4486.88,4487.26
5,156,h_a,dpu,4487.26,4571.1
5,156,eb_enc,cpu,4571.1,4571.27
5,156,eb_dec,cpu,4571.27,4571.4
5,156,h_s,dpu,4571.4,4620.5
5,156,gc,cpu,4620.5,4631.14
5,164,normalize,cpu,4631.7,4635.51
5,164,g_a_cpu,cpu,4635.52,4635.98
5,164,g_a,dpu,4635.98,4672.98
5,164,g_a,dpu,4672.98,4748.04
5,164,g_a_cpu,cpu,4748.04,4748.5
5,164,h_a,dpu,4748.5,4827.68
5,164,eb_enc,cpu,4827.69,4827.85
5,164,eb_dec,cpu,4827.85,4827.98
5,164,h_s,dpu,4827.98,4853.32
5,164,gc,cpu,4853.32,4863.18
5,172,normalize,cpu,4863.69,4867.36
5,172,g_a_cpu,cpu,4867.37,4867.71
5,172,g_a,dpu,4867.71,4906.16
5,172,g_a,dpu,4906.16,4943.35
5,172,g_a_cpu,cpu,4943.35,4943.7
5,172,h_a,dpu,4943.7,5018.13
5,172,eb_enc,cpu,5018.13,5018.28
5,172,eb_dec,cpu,5018.28,5018.39
5,172,h_s,dpu,5018.39,5048.23
5,172,gc,cpu,5048.23,5058.88
5,177,normalize,cpu,5059.71,5063.46
5,177,g_a_cpu,cpu,5063.47,5063.83
5,177,g_a,dpu,5063.84,5101
5,177,g_a,dpu,5101.01,5173.69
5,177,g_a_cpu,cpu,5173.69,5174.16
5,177,h_a,dpu,5174.16,5253.69
5,177,eb_enc,cpu,5253.69,5253.85
5,177,eb_dec,cpu,5253.85,5253.97
5,177,h_s,dpu,5253.97,5289.93
5,177,gc,cpu,5289.93,5300.23
5,186,normalize,cpu,5301.2,5304.85
5,186,g_a_cpu,cpu,5304.85,5305.2
5,186,g_a,dpu,5305.2,5342.48
5,186,g_a,dpu,5342.49,5416.77
5,186,g_a_cpu,cpu,5416.77,5417.16
5,186,h_a,dpu,5417.16,5477.13
5,186,eb_enc,cpu,5477.13,5477.26
5,186,eb_dec,cpu,5477.27,5477.38
5,186,h_s,dpu,5477.38,5523.65
5,186,gc,cpu,5523.65,5533.61
5,196,normalize,cpu,5534.07,5537.76
5,196,g_a_cpu,cpu,5537.76,5538.06
5,196,g_a,dpu,5538.07,5574.95
5,196,g_a,dpu,5574.95,5647.67
5,196,g_a_cpu,cpu,5647.67,5648.04
5,196,h_a,dpu,5648.04,5661.99
5,196,eb_enc,cpu,5661.99,5662.12
5,196,eb_dec,cpu,5662.14,5662.26
5,196,h_s,dpu,5662.26,5711.23
5,196,gc,cpu,5711.23,5721.12
5,202,normalize,cpu,5721.59,5725.28
5,202,g_a_cpu,cpu,5725.29,5725.58
5,202,g_a,dpu,5725.58,5762.67
5,202,g_a,dpu,5762.67,5801.61
5,202,g_a_cpu,cpu,5801.61,5802.12
5,202,h_a,dpu,5802.12,5886.35
5,202,eb_enc,cpu,5886.35,5886.55
5,202,eb_dec,cpu,5886.55,5886.7
5,202,h_s,dpu,5886.7,5894.73
5,202,gc,cpu,5894.73,5904.73
5,210,normalize,cpu,5905.17,5908.83
5,210,g_a_cpu,cpu,5908.83,5909.1
5,210,g_a,dpu,5909.1,5945.93
5,210,g_a,dpu,5945.93,5982.64
5,210,g_a_cpu,cpu,5982.64,5982.95
5,210,h_a,dpu,5982.95,6040.3
5,210,eb_enc,cpu,6040.31,6040.45
5,210,eb_dec,cpu,6040.46,6040.58
5,210,h_s,dpu,6040.59,6118.69
5,210,gc,cpu,6118.69,6128.78
5,215,normalize,cpu,6129.5,6133.2
5,215,g_a_cpu,cpu,6133.21,6133.58
5,215,g_a,dpu,6133.58,6175.87
5,215,g_a,dpu,6175.88,6212.87
5,215,g_a_cpu,cpu,6212.87,6213.32
5,215,h_a,dpu,6213.33,6262.71
5,215,eb_enc,cpu,6262.72,6262.87
5,215,eb_dec,cpu,6262.87,6262.99
5,215,h_s,dpu,6262.99,6313.27
5,215,gc,cpu,6313.28,6323.31
5,221,normalize,cpu,6323.92,6327.58
5,221,g_a_cpu,cpu,6327.58,6327.91
5,221,g_a,dpu,6327.91,6365.16
5,221,g_a,dpu,6365.17,6408.73
5,221,g_a_cpu,cpu,6408.73,6409.05
5,221,h_a,dpu,6409.05,6493.49
5,221,eb_enc,cpu,6493.49,6493.62
5,221,eb_dec,cpu,6493.62,6493.73
5,221,h_s,dpu,6493.73,6535.89
5,221,gc,cpu,6535.89,6545.88
5,230,normalize,cpu,6546.41,6550.06
5,230,g_a_cpu,cpu,6550.07,6550.49
5,230,g_a,dpu,6550.49,6588.06
5,230,g_a,dpu,6588.06,6662.21
5,230,g_a_cpu,cpu,6662.21,6662.6
5,230,h_a,dpu,6662.6,6715.63
5,230,eb_enc,cpu,6715.63,6715.77
5,230,eb_dec,cpu,6715.77,6715.89
5,230,h_s,dpu,6715.89,6725.96
5,230,gc,cpu,6725.96,6735.96
5,240,normalize,cpu,6745.64,6749.31
5,240,g_a_cpu,cpu,6749.31,6749.59
5,240,g_a,dpu,6749.59,6817.45
5,240,g_a,dpu,6817.46,6890.3
5,240,g_a_cpu,cpu,6890.3,6890.65
5,240,h_a,dpu,6890.65,6905.82
5,240,eb_enc,cpu,6905.82,6905.97
5,240,eb_dec,cpu,6905.97,6906.08
5,240,h_s,dpu,6906.08,6925.48
5,240,gc,cpu,6925.48,6935.47
5,248,normalize,cpu,6935.84,6939.48
5,248,g_a_cpu,cpu,6939.49,6939.81
5,248,g_a,dpu,6939.82,7012.31
5,248,g_a,dpu,7012.32,7087.11
5,248,g_a_cpu,cpu,7087.11,7087.53
5,248,h_a,dpu,7087.53,7131.57
5,248,eb_enc,cpu,7131.57,7131.7
5,248,eb_dec,cpu,7131.7,7131.82
5,248,h_s,dpu,7131.82,7150.8
5,248,gc,cpu,7150.8,7161.11
5,255,normalize,cpu,7161.53,7165.19
5,255,g_a_cpu,cpu,7165.2,7165.82
5,255,g_a,dpu,7165.83,7238.26
5,255,g_a,dpu,7238.26,7313.88
5,255,g_a_cpu,cpu,7313.88,7314.27
5,255,h_a,dpu,7314.28,7367.34
5,255,eb_enc,cpu,7367.34,7367.48
5,255,eb_dec,cpu,7367.48,7367.6
5,255,h_s,dpu,7367.6,7376.49
5,255,gc,cpu,7376.49,7391.86
5,264,normalize,cpu,7392.55,7396.15
5,264,g_a_cpu,cpu,7396.16,7396.5
5,264,g_a,dpu,7396.5,7455.92
5,264,g_a,dpu,7455.92,7530.97
5,264,g_a_cpu,cpu,7530.98,7531.41
5,264,h_a,dpu,7531.42,7595.77
5,264,eb_enc,cpu,7595.77,7595.93
5,264,eb_dec,cpu,7595.94,7596.05
5,264,h_s,dpu,7596.05,7601.53
5,264,gc,cpu,7601.53,7611.42
5,268,normalize,cpu,7611.93,7615.62
5,268,g_a_cpu,cpu,7615.62,7615.95
5,268,g_a,dpu,7615.95,7652.81
5,268,g_a,dpu,7652.82,7689.62
5,268,g_a_cpu,cpu,7689.62,7689.96
5,268,h_a,dpu,7689.97,7779.34
5,268,eb_enc,cpu,7779.36,7779.49
5,268,eb_dec,cpu,7779.5,7779.61
5,268,h_s,dpu,7779.61,7794.14
5,268,gc,cpu,7794.14,7804.12
5,274,normalize,cpu,7804.66,7808.32
5,274,g_a_cpu,cpu,7808.32,7808.6
5,274,g_a,dpu,7808.6,7845.5
5,274,g_a,dpu,7845.5,7884.13
5,274,g_a_cpu,cpu,7884.13,7884.63
5,274,h_a,dpu,7884.63,7928.04
5,274,eb_enc,cpu,7928.04,7928.21
5,274,eb_dec,cpu,7928.21,7928.36
5,274,h_s,dpu,7928.36,8015.1
5,274,gc,cpu,8015.1,8025.46
5,281,normalize,cpu,8026,8029.65
5,281,g_a_cpu,cpu,8029.65,8029.98
5,281,g_a,dpu,8029.98,8067.05
5,281,g_a,dpu,8067.05,8103.82
5,281,g_a_cpu,cpu,8103.82,8104.16
5,281,h_a,dpu,8104.16,8157.18
5,281,eb_enc,cpu,8157.18,8157.3
5,281,eb_dec,cpu,8157.3,8157.41
5,281,h_s,dpu,8157.41,8207.11
5,281,gc,cpu,8207.12,8216.96
5,287,normalize,cpu,8217.52,8221.31
5,287,g_a_cpu,cpu,8221.32,8221.79
5,287,g_a,dpu,8221.8,8259.99
5,287,g_a,dpu,8259.99,8297.16
5,287,g_a_cpu,cpu,8297.16,8297.5
5,287,h_a,dpu,8297.5,8390.93
5,287,eb_enc,cpu,8390.93,8391.12
5,287,eb_dec,cpu,8391.12,8391.25
5,287,h_s,dpu,8391.25,8466.74
5,287,gc,cpu,8466.75,8477.17
5,297,normalize,cpu,8477.8,8481.49
5,297,g_a_cpu,cpu,8481.49,8481.88
5,297,g_a,dpu,8481.89,8518.89
5,297,g_a,dpu,8518.89,8591.79
5,297,g_a_cpu,cpu,8591.79,8592.25
5,297,h_a,dpu,8592.25,8655.23
5,297,eb_enc,cpu,8655.23,8655.37
5,297,eb_dec,cpu,8655.38,8655.49
5,297,h_s,dpu,8655.49,8688.43
5,297,gc,cpu,8688.43,8698.46
5,306,normalize,cpu,8699.01,8703.33
5,306,g_a_cpu,cpu,8703.33,8703.67
5,306,g_a,dpu,8703.68,8748.26
5,306,g_a,dpu,8748.27,8821.13
5,306,g_a_cpu,cpu,8821.14,8821.59
5,306,h_a,dpu,8821.6,8885.11
5,306,eb_enc,cpu,8885.11,8885.24
5,306,eb_dec,cpu,8885.24,8885.36
5,306,h_s,dpu,8885.36,8908.41
5,306,gc,cpu,8908.41,8919.95
5,314,normalize,cpu,8920.62,8924.46
5,314,g_a_cpu,cpu,8924.47,8925.15
5,314,g_a,dpu,8925.15,8997.93
5,314,g_a,dpu,8997.93,9071.27
5,314,g_a_cpu,cpu,9071.27,9071.7
5,314,h_a,dpu,9071.7,9108.95
5,314,eb_enc,cpu,9108.95,9109.07
5,314,eb_dec,cpu,9109.08,9109.19
5,314,h_s,dpu,9109.19,9130.11
5,314,gc,cpu,9130.11,9140.46
5,321,normalize,cpu,9141.18,9144.88
5,321,g_a_cpu,cpu,9144.88,9145.3
5,321,g_a,dpu,9145.31,9215.36
5,321,g_a,dpu,9215.36,9288.01
5,321,g_a_cpu,cpu,9288.01,9288.42
5,321,h_a,dpu,9288.42,9342.77
5,321,eb_enc,cpu,9342.77,9342.9
5,321,eb_dec,cpu,9342.9,9343.02
5,321,h_s,dpu,9343.02,9353.05
5,321,gc,cpu,9353.05,9369.02
5,331,normalize,cpu,9369.57,9373.26
5,331,g_a_cpu,cpu,9373.26,9373.67
5,331,g_a,dpu,9373.67,9439.54
5,331,g_a,dpu,9439.54,9514.72
5,331,g_a_cpu,cpu,9514.72,9515.06
5,331,h_a,dpu,9515.06,9564.94
5,331,eb_enc,cpu,9564.94,9565.06
5,331,eb_dec,cpu,9565.06,9565.17
5,331,h_s,dpu,9565.17,9582.21
5,331,gc,cpu,9582.21,9592.42
5,338,normalize,cpu,9593.17,9596.92
5,338,g_a_cpu,cpu,9596.93,9597.4
5,338,g_a,dpu,9597.4,9669.52
5,338,g_a,dpu,9669.53,9742.17
5,338,g_a_cpu,cpu,9742.17,9742.57
5,338,h_a,dpu,9742.57,9785.99
5,338,eb_enc,cpu,9785.99,9786.11
5,338,eb_dec,cpu,9786.11,9786.24
5,338,h_s,dpu,9786.24,9804.49
5,338,gc,cpu,9804.49,9815.15
5,345,normalize,cpu,9815.72,9819.44
5,345,g_a_cpu,cpu,9819.45,9820.03
5,345,g_a,dpu,9820.03,9893.58
5,345,g_a,dpu,9893.58,9968.96
5,345,g_a_cpu,cpu,9968.96,9969.28
5,345,h_a,dpu,9969.28,10086.3
5,345,eb_enc,cpu,10086.3,10086.4
5,345,eb_dec,cpu,10086.4,10086.5
5,345,h_s,dpu,10086.5,10096.6
5,345,gc,cpu,10096.6,10106.7
5,357,normalize,cpu,10107.2,10110.9
5,357,g_a_cpu,cpu,10111,10111.3
5,357,g_a,dpu,10111.3,10170
5,357,g_a,dpu,10170,10208.5
5,357,g_a_cpu,cpu,10208.5,10208.8
5,357,h_a,dpu,10208.8,10235
5,357,eb_enc,cpu,10235,10235.1
5,357,eb_dec,cpu,10235.1,10235.3
5,357,h_s,dpu,10235.3,10280.1
5,357,gc,cpu,10280.1,10290
5,363,normalize,cpu,10290.4,10294.2
5,363,g_a_cpu,cpu,10294.2,10294.5
5,363,g_a,dpu,10294.5,10367.2
5,363,g_a,dpu,10367.2,10445
5,363,g_a_cpu,cpu,10445,10445.4
5,363,h_a,dpu,10445.4,10455.7
5,363,eb_enc,cpu,10455.7,10455.8
5,363,eb_dec,cpu,10455.8,10455.9
5,363,h_s,dpu,10455.9,10585.1
5,363,gc,cpu,10585.1,10595.3
5,371,normalize,cpu,10595.9,10599.7
5,371,g_a_cpu,cpu,10599.7,10600.1
5,371,g_a,dpu,10600.1,10637
5,371,g_a,dpu,10637,10673.9
5,371,g_a_cpu,cpu,10673.9,10674.5
5,371,h_a,dpu,10674.5,10679.1
5,371,eb_enc,cpu,10679.1,10679.3
5,371,eb_dec,cpu,10679.3,10679.4
5,371,h_s,dpu,10679.4,10698
5,371,gc,cpu,10698,10707.7
5,377,normalize,cpu,10708.2,10712
5,377,g_a_cpu,cpu,10712,10712.2
5,377,g_a,dpu,10712.2,10754.5
5,377,g_a,dpu,10754.5,10828.2
5,377,g_a_cpu,cpu,10828.2,10828.6
5,377,h_a,dpu,10828.6,10863
5,377,eb_enc,cpu,10863,10863.2
5,377,eb_dec,cpu,10863.2,10863.3
5,377,h_s,dpu,10863.3,10885.6
5,377,gc,cpu,10885.6,10895.7
5,383,normalize,cpu,10896.2,10899.9
5,383,g_a_cpu,cpu,10900,10900.6
5,383,g_a,dpu,10900.6,10937.7
5,383,g_a,dpu,10937.7,10974.4
5,383,g_a_cpu,cpu,10974.4,10974.7
5,383,h_a,dpu,10974.7,10976.4
5,383,eb_enc,cpu,10976.4,10976.6
5,383,eb_dec,cpu,10976.6,10976.7
5,383,h_s,dpu,10976.7,11071.2
5,383,gc,cpu,11071.2,11080.9
5,389,normalize,cpu,11081.4,11085.1
5,389,g_a_cpu,cpu,11085.1,11085.4
5,389,g_a,dpu,11085.4,11122.6
5,389,g_a,dpu,11122.6,11172.4
5,389,g_a_cpu,cpu,11172.4,11173
5,389,h_a,dpu,11173,11237.2
5,389,eb_enc,cpu,11237.2,11237.3
5,389,eb_dec,cpu,11237.3,11237.5
5,389,h_s,dpu,11237.5,11302.2
5,389,gc,cpu,11302.2,11313.1
5,397,normalize,cpu,11313.5,11317.2
5,397,g_a_cpu,cpu,11317.2,11317.5
5,397,g_a,dpu,11317.5,11354.6
5,397,g_a,dpu,11354.7,11396.9
5,397,g_a_cpu,cpu,11396.9,11397.4
5,397,h_a,dpu,11397.4,11460.4
5,397,eb_enc,cpu,11460.4,11460.5
5,397,eb_dec,cpu,11460.5,11460.6
5,397,h_s,dpu,11460.6,11524.1
5,397,gc,cpu,11524.1,11535.9
5,406,normalize,cpu,11536.5,11540.1
5,406,g_a_cpu,cpu,11540.1,11540.5
5,406,g_a,dpu,11540.5,11577.4
5,406,g_a,dpu,11577.4,11620.8
5,406,g_a_cpu,cpu,11620.8,11621.3
5,406,h_a,dpu,11621.3,11649.4
5,406,eb_enc,cpu,11649.4,11649.6
5,406,eb_dec,cpu,11649.6,11649.7
5,406,h_s,dpu,11649.7,11744.4
5,406,gc,cpu,11744.5,11754.1
5,413,normalize,cpu,11754.6,11758.4
5,413,g_a_cpu,cpu,11758.4,11758.8
5,413,g_a,dpu,11758.8,11796.6
5,413,g_a,dpu,11796.6,11845.5
5,413,g_a_cpu,cpu,11845.5,11846.1
5,413,h_a,dpu,11846.1,11909.4
5,413,eb_enc,cpu,11909.4,11909.5
5,413,eb_dec,cpu,11909.5,11909.6
5,413,h_s,dpu,11909.6,11966.3
5,413,gc,cpu,11966.3,11975.9
5,422,normalize,cpu,11976.3,11980
5,422,g_a_cpu,cpu,11980,11980.2
5,422,g_a,dpu,11980.3,12017.1
5,422,g_a,dpu,12017.1,12056.9
5,422,g_a_cpu,cpu,12056.9,12057.4
5,422,h_a,dpu,12057.4,12102
5,422,eb_enc,cpu,12102,12102.2
5,422,eb_dec,cpu,12102.2,12102.3
5,422,h_s,dpu,12102.3,12187.1
5,422,gc,cpu,12187.1,12197
5,430,normalize,cpu,12197.4,12201.1
5,430,g_a_cpu,cpu,12201.1,12201.4
5,430,g_a,dpu,12201.4,12238.5
5,430,g_a,dpu,12238.5,12278.7
5,430,g_a_cpu,cpu,12278.7,12279
5,430,h_a,dpu,12279,12325.2
5,430,eb_enc,cpu,12325.2,12325.3
5,430,eb_dec,cpu,12325.3,12325.4
5,430,h_s,dpu,12325.4,12372
5,430,gc,cpu,12372,12381.9
5,437,normalize,cpu,12382.5,12386.1
5,437,g_a_cpu,cpu,12386.1,12386.4
5,437,g_a,dpu,12386.4,12423.4
5,437,g_a,dpu,12423.4,12462
5,437,g_a_cpu,cpu,12462,12462.4
5,437,h_a,dpu,12462.4,12510.9
5,437,eb_enc,cpu,12510.9,12511
5,437,eb_dec,cpu,12511,12511.1
5,437,h_s,dpu,12511.1,12557.4
5,437,gc,cpu,12557.4,12567.4
5,445,normalize,cpu,12567.8,12571.5
5,445,g_a_cpu,cpu,12571.5,12571.8
5,445,g_a,dpu,12571.8,12612.7
5,445,g_a,dpu,12612.7,12651.1
5,445,g_a_cpu,cpu,12651.1,12651.5
5,445,h_a,dpu,12651.5,12698.5
5,445,eb_enc,cpu,12698.5,12698.6
5,445,eb_dec,cpu,12698.6,12698.7
5,445,h_s,dpu,12698.7,12740.2
5,445,gc,cpu,12740.2,12750.3
5,451,normalize,cpu,12750.8,12754.5
5,451,g_a_cpu,cpu,12754.5,12754.9
5,451,g_a,dpu,12754.9,12827.1
5,451,g_a,dpu,12827.1,12903.3
5,451,g_a_cpu,cpu,12903.3,12903.7
5,451,h_a,dpu,12903.7,12921.7
5,451,eb_enc,cpu,12921.7,12921.8
5,451,eb_dec,cpu,12921.8,12921.9
5,451,h_s,dpu,12921.9,12928.8
5,451,gc,cpu,12928.8,12939
5,458,normalize,cpu,12939.7,12943.4
5,458,g_a_cpu,cpu,12943.4,12943.9
5,458,g_a,dpu,12943.9,13017
5,458,g_a,dpu,13017,13092.4
5,458,g_a_cpu,cpu,13092.4,13092.7
5,458,h_a,dpu,13092.7,13107.5
5,458,eb_enc,cpu,13107.5,13107.8
5,458,eb_dec,cpu,13107.8,13108
5,458,h_s,dpu,13108,13153.1
5,458,gc,cpu,13153.1,13163.2
5,466,normalize,cpu,13163.7,13167.5
5,466,g_a_cpu,cpu,13167.5,13167.9
5,466,g_a,dpu,13167.9,13239.4
5,466,g_a,dpu,13239.4,13315.4
5,466,g_a_cpu,cpu,13315.4,13315.8
5,466,h_a,dpu,13315.8,13348.4
5,466,eb_enc,cpu,13348.4,13348.6
5,466,eb_dec,cpu,13348.6,13348.7
5,466,h_s,dpu,13348.7,13350.3
5,466,gc,cpu,13350.3,13360.6
5,475,normalize,cpu,13361,13364.7
5,475,g_a_cpu,cpu,13364.7,13365
5,475,g_a,dpu,13365,13430.5
5,475,g_a,dpu,13430.5,13503.1
5,475,g_a_cpu,cpu,13503.1,13503.5
5,475,h_a,dpu,13503.5,13570.5
5,475,eb_enc,cpu,13570.5,13570.7
5,475,eb_dec,cpu,13570.7,13570.8
5,475,h_s,dpu,13570.8,13585.4
5,475,gc,cpu,13585.4,13596.7
5,481,normalize,cpu,13597.6,13601.3
5,481,g_a_cpu,cpu,13601.3,13601.6
5,481,g_a,dpu,13601.6,13670.9
5,481,g_a,dpu,13670.9,13743.9
5,481,g_a_cpu,cpu,13743.9,13744.2
5,481,h_a,dpu,13744.2,13795
5,481,eb_enc,cpu,13795,13795.2
5,481,eb_dec,cpu,13795.2,13795.3
5,481,h_s,dpu,13795.3,13809.4
5,481,gc,cpu,13809.4,13819.4
5,490,normalize,cpu,13819.9,13823.8
5,490,g_a_cpu,cpu,13823.8,13824
5,490,g_a,dpu,13824,13899.3
5,490,g_a,dpu,13899.3,13936
5,490,g_a_cpu,cpu,13936,13936.5
5,490,h_a,dpu,13936.5,14023.1
5,490,eb_enc,cpu,14023.1,14023.2
5,490,eb_dec,cpu,14023.2,14023.3
5,490,h_s,dpu,14023.3,14030.4
5,490,gc,cpu,14030.4,14041.3
5,497,normalize,cpu,14041.9,14045.6
5,497,g_a_cpu,cpu,14045.7,14046.1
5,497,g_a,dpu,14046.1,14083.1
5,497,g_a,dpu,14083.1,14155.9
5,497,g_a_cpu,cpu,14155.9,14156.2
5,497,h_a,dpu,14156.2,14248.7
5,497,eb_enc,cpu,14248.7,14248.8
5,497,eb_dec,cpu,14248.8,14248.9
5,497,h_s,dpu,14248.9,14263.9
5,497,gc,cpu,14263.9,14274.5
5,504,normalize,cpu,14275.3,14279
5,504,g_a_cpu,cpu,14279,14279.6
5,504,g_a,dpu,14279.6,14316.6
5,504,g_a,dpu,14316.7,14389.2
5,504,g_a_cpu,cpu,14389.2,14389.7
5,504,h_a,dpu,14389.7,14472.2
5,504,eb_enc,cpu,14472.2,14472.4
5,504,eb_dec,cpu,14472.4,14472.5
5,504,h_s,dpu,14472.5,14488.5
5,504,gc,cpu,14488.5,14509.1
5,514,normalize,cpu,14509.7,14514
5,514,g_a_cpu,cpu,14514,14514.3
5,514,g_a,dpu,14514.3,14616.4
5,514,g_a,dpu,14616.4,14653.6
5,514,g_a_cpu,cpu,14653.6,14654.6
5,514,h_a,dpu,14654.6,14727.5
5,514,eb_enc,cpu,14727.5,14727.7
5,514,eb_dec,cpu,14727.7,14727.8
5,514,h_s,dpu,14727.8,14729.2
5,514,gc,cpu,14729.2,14747.4
5,523,normalize,cpu,14748.2,14751.9
5,523,g_a_cpu,cpu,14751.9,14752.4
5,523,g_a,dpu,14752.4,14809.2
5,523,g_a,dpu,14809.2,14882.4
5,523,g_a_cpu,cpu,14882.4,14882.7
5,523,h_a,dpu,14882.7,14955.7
5,523,eb_enc,cpu,14955.7,14955.8
5,523,eb_dec,cpu,14955.8,14955.9
5,523,h_s,dpu,14955.9,14973.3
5,523,gc,cpu,14973.3,14983.4
5,529,normalize,cpu,14984.1,14987.7
5,529,g_a_cpu,cpu,14987.7,14988.1
5,529,g_a,dpu,14988.1,15051.9
5,529,g_a,dpu,15051.9,15126.9
5,529,g_a_cpu,cpu,15126.9,15127.2
5,529,h_a,dpu,15127.2,15176.7
5,529,eb_enc,cpu,15176.7,15176.9
5,529,eb_dec,cpu,15176.9,15177
5,529,h_s,dpu,15177,15195.7
5,529,gc,cpu,15195.7,15205.8
5,537,normalize,cpu,15206.3,15210
5,537,g_a_cpu,cpu,15210,15210.3
5,537,g_a,dpu,15210.3,15283.1
5,537,g_a,dpu,15283.1,15355.7
5,537,g_a_cpu,cpu,15355.7,15356.1
5,537,h_a,dpu,15356.1,15400.3
5,537,eb_enc,cpu,15400.3,15400.5
5,537,eb_dec,cpu,15400.5,15400.6
5,537,h_s,dpu,15400.6,15417.2
5,537,gc,cpu,15417.2,15427.3
5,545,normalize,cpu,15427.9,15431.5
5,545,g_a_cpu,cpu,15431.5,15431.9
5,545,g_a,dpu,15431.9,15504.7
5,545,g_a,dpu,15504.7,15577.3
5,545,g_a_cpu,cpu,15577.3,15577.6
5,545,h_a,dpu,15577.6,15621.7
5,545,eb_enc,cpu,15621.7,15621.9
5,545,eb_dec,cpu,15621.9,15622
5,545,h_s,dpu,15622,15641.1
5,545,gc,cpu,15641.1,15651.1
5,554,normalize,cpu,15651.5,15655.2
5,554,g_a_cpu,cpu,15655.2,15655.6
5,554,g_a,dpu,15655.6,15728.8
5,554,g_a,dpu,15728.8,15801.4
5,554,g_a_cpu,cpu,15801.4,15801.8
5,554,h_a,dpu,15801.8,15845.1
5,554,eb_enc,cpu,15845.1,15845.3
5,554,eb_dec,cpu,15845.3,15845.4
5,554,h_s,dpu,15845.4,15863.1
5,554,gc,cpu,15863.1,15873.6
5,561,normalize,cpu,15874.2,15877.9
5,561,g_a_cpu,cpu,15877.9,15878.3
5,561,g_a,dpu,15878.3,15947.9
5,561,g_a,dpu,15947.9,16020.9
5,561,g_a_cpu,cpu,16020.9,16021.3
5,561,h_a,dpu,16021.3,16067.3
5,561,eb_enc,cpu,16067.3,16067.4
5,561,eb_dec,cpu,16067.4,16067.5
5,561,h_s,dpu,16067.5,16084.8
5,561,gc,cpu,16084.8,16094.4
5,570,normalize,cpu,16094.9,16098.7
5,570,g_a_cpu,cpu,16098.7,16099.1
5,570,g_a,dpu,16099.1,16177
5,570,g_a,dpu,16177,16213.8
5,570,g_a_cpu,cpu,16213.8,16214.1
5,570,h_a,dpu,16214.1,16258
5,570,eb_enc,cpu,16258,16258.1
5,570,eb_dec,cpu,16258.1,16258.2
5,570,h_s,dpu,16258.2,16269.4
5,570,gc,cpu,16269.4,16279.7
5,575,normalize,cpu,16280.2,16283.9
5,575,g_a_cpu,cpu,16283.9,16284.4
5,575,g_a,dpu,16284.4,16355.8
5,575,g_a,dpu,16355.8,16432.3
5,575,g_a_cpu,cpu,16432.3,16432.8
5,575,h_a,dpu,16432.8,16486
5,575,eb_enc,cpu,16486,16486.2
5,575,eb_dec,cpu,16486.2,16486.3
5,575,h_s,dpu,16486.3,16502.3
5,575,gc,cpu,16502.3,16511.9
5,584,normalize,cpu,16512.4,16516.1
5,584,g_a_cpu,cpu,16516.1,16516.5
5,584,g_a,dpu,16516.5,16553.3
5,584,g_a,dpu,16553.3,16628.4
5,584,g_a_cpu,cpu,16628.4,16628.8
5,584,h_a,dpu,16628.8,16639.7
5,584,eb_enc,cpu,16639.7,16639.9
5,584,eb_dec,cpu,16639.9,16640
5,584,h_s,dpu,16640,16689.2
5,584,gc,cpu,16689.2,16699.1
5,591,normalize,cpu,16699.6,16703.3
5,591,g_a_cpu,cpu,16703.3,16703.7
5,591,g_a,dpu,16703.7,16774.1
5,591,g_a,dpu,16774.1,16850
5,591,g_a_cpu,cpu,16850,16850.4
5,591,h_a,dpu,16850.4,16862.7
5,591,eb_enc,cpu,16862.7,16862.9
5,591,eb_dec,cpu,16862.9,16863
5,591,h_s,dpu,16863,16915.8
5,591,gc,cpu,16915.8,16925.7
5,600,normalize,cpu,16926.2,16929.9
5,600,g_a_cpu,cpu,16929.9,16930.2
5,600,g_a,dpu,16930.2,16999.9
5,600,g_a,dpu,16999.9,17073.5
5,600,g_a_cpu,cpu,17073.5,17073.8
5,600,h_a,dpu,17073.8,17085.1
5,600,eb_enc,cpu,17085.1,17085.3
5,600,eb_dec,cpu,17085.3,17085.4
5,600,h_s,dpu,17085.4,17138.4
5,600,gc,cpu,17138.4,17148.8
5,608,normalize,cpu,17149.3,17153
5,608,g_a_cpu,cpu,17153,17153.5
5,608,g_a,dpu,17153.5,17225.3
5,608,g_a,dpu,17225.3,17300.7
5,608,g_a_cpu,cpu,17300.7,17301.1
5,608,h_a,dpu,17301.1,17304.4
5,608,eb_enc,cpu,17304.4,17304.5
5,608,eb_dec,cpu,17304.5,17304.6
5,608,h_s,dpu,17304.6,17396.3
5,608,gc,cpu,17396.4,17406.3
5,616,normalize,cpu,17406.8,17410.4
5,616,g_a_cpu,cpu,17410.4,17410.7
5,616,g_a,dpu,17410.7,17449
5,616,g_a,dpu,17449,17487.6
5,616,g_a_cpu,cpu,17487.6,17488
5,616,h_a,dpu,17488,17542.3
5,616,eb_enc,cpu,17542.3,17542.5
5,616,eb_dec,cpu,17542.5,17542.6
5,616,h_s,dpu,17542.6,17582
5,616,gc,cpu,17582,17592.2
5,624,normalize,cpu,17592.7,17596.4
5,624,g_a_cpu,cpu,17596.4,17596.7
5,624,g_a,dpu,17596.7,17637.2
5,624,g_a,dpu,17637.2,17710
5,624,g_a_cpu,cpu,17710,17710.4
5,624,h_a,dpu,17710.4,17763.2
5,624,eb_enc,cpu,17763.2,17763.3
5,624,eb_dec,cpu,17763.3,17763.4
5,624,h_s,dpu,17763.4,17852.5
5,624,gc,cpu,17852.5,17862.4
5,632,normalize,cpu,17862.9,17866.5
5,632,g_a_cpu,cpu,17866.6,17866.8
5,632,g_a,dpu,17866.8,17903.7
5,632,g_a,dpu,17903.7,17940.5
5,632,g_a_cpu,cpu,17940.5,17940.9
5,632,h_a,dpu,17940.9,17984.6
5,632,eb_enc,cpu,17984.6,17984.8
5,632,eb_dec,cpu,17984.8,17984.9
5,632,h_s,dpu,17984.9,18038.8
5,632,gc,cpu,18038.8,18048.6
5,639,normalize,cpu,18049.1,18052.8
5,639,g_a_cpu,cpu,18052.9,18053.3
5,639,g_a,dpu,18053.3,18093.1
5,639,g_a,dpu,18093.1,18129.9
5,639,g_a_cpu,cpu,18129.9,18130.3
5,639,h_a,dpu,18130.3,18172.8
5,639,eb_enc,cpu,18172.8,18172.9
5,639,eb_dec,cpu,18172.9,18173
5,639,h_s,dpu,18173,18224.7
5,639,gc,cpu,18224.7,18234.5
5,645,normalize,cpu,18235,18238.7
5,645,g_a_cpu,cpu,18238.7,18239
5,645,g_a,dpu,18239,18280.8
5,645,g_a,dpu,18280.8,18317.6
5,645,g_a_cpu,cpu,18317.6,18318
5,645,h_a,dpu,18318,18320.8
5,645,eb_enc,cpu,18320.8,18320.9
5,645,eb_dec,cpu,18320.9,18321
5,645,h_s,dpu,18321,18376.7
5,645,gc,cpu,18376.7,18386.8
5,652,normalize,cpu,18387.5,18391.2
5,652,g_a_cpu,cpu,18391.2,18391.5
5,652,g_a,dpu,18391.5,18461
5,652,g_a,dpu,18461,18535.9
5,652,g_a_cpu,cpu,18535.9,18536.2
5,652,h_a,dpu,18536.2,18585.5
5,652,eb_enc,cpu,18585.5,18585.7
5,652,eb_dec,cpu,18585.7,18585.8
5,652,h_s,dpu,18585.8,18600.7
5,652,gc,cpu,18600.7,18610.4
5,660,normalize,cpu,18610.9,18614.6
5,660,g_a_cpu,cpu,18614.6,18614.9
5,660,g_a,dpu,18614.9,18652.5
5,660,g_a,dpu,18652.5,18727.4
5,660,g_a_cpu,cpu,18727.4,18727.8
5,660,h_a,dpu,18727.8,18773.3
5,660,eb_enc,cpu,18773.3,18773.4
5,660,eb_dec,cpu,18773.4,18773.5
5,660,h_s,dpu,18773.5,18786.2
5,660,gc,cpu,18786.2,18796.5
5,666,normalize,cpu,18797,18800.7
5,666,g_a_cpu,cpu,18800.7,18801.3
5,666,g_a,dpu,18801.3,18873.8
5,666,g_a,dpu,18873.8,18949.6
5,666,g_a_cpu,cpu,18949.6,18949.9
5,666,h_a,dpu,18949.9,18996.4
5,666,eb_enc,cpu,18996.4,18996.5
5,666,eb_dec,cpu,18996.5,18996.6
5,666,h_s,dpu,18996.6,19009.4
5,666,gc,cpu,19009.4,19019.7
5,675,normalize,cpu,19020.1,19023.8
5,675,g_a_cpu,cpu,19023.8,19024.1
5,675,g_a,dpu,19024.1,19097.4
5,675,g_a,dpu,19097.4,19170.2
5,675,g_a_cpu,cpu,19170.2,19170.6
5,675,h_a,dpu,19170.6,19184.7
5,675,eb_enc,cpu,19184.7,19184.8
5,675,eb_dec,cpu,19184.8,19184.9
5,675,h_s,dpu,19184.9,19312.5
5,675,gc,cpu,19312.5,19322
5,684,normalize,cpu,19322.5,19326.2
5,684,g_a_cpu,cpu,19326.3,19326.5
5,684,g_a,dpu,19326.5,19363.4
5,684,g_a,dpu,19363.4,19402.3
5,684,g_a_cpu,cpu,19402.3,19402.7
5,684,h_a,dpu,19402.7,19410.9
5,684,eb_enc,cpu,19410.9,19411.1
5,684,eb_dec,cpu,19411.1,19411.2
5,684,h_s,dpu,19411.2,19425.6
5,684,gc,cpu,19425.6,19435.7
5,691,normalize,cpu,19436.2,19439.9
5,691,g_a_cpu,cpu,19439.9,19440.1
5,691,g_a,dpu,19440.1,19484.8
5,691,g_a,dpu,19484.8,19560.3
5,691,g_a_cpu,cpu,19560.3,19560.7
5,691,h_a,dpu,19560.7,19604.9
5,691,eb_enc,cpu,19604.9,19605
5,691,eb_dec,cpu,19605,19605.1
5,691,h_s,dpu,19605.1,19609
5,691,gc,cpu,19609,19618.8
5,696,normalize,cpu,19619.6,19623.3
5,696,g_a_cpu,cpu,19623.3,19623.9
5,696,g_a,dpu,19623.9,19662.1
5,696,g_a,dpu,19662.1,19736.7
5,696,g_a_cpu,cpu,19736.7,19737.1
5,696,h_a,dpu,19737.2,19826.4
5,696,eb_enc,cpu,19826.4,19826.6
5,696,eb_dec,cpu,19826.6,19826.7
5,696,h_s,dpu,19826.7,19843.9
5,696,gc,cpu,19843.9,19853.8
5,703,normalize,cpu,19854.4,19858
5,703,g_a_cpu,cpu,19858,19858.4
5,703,g_a,dpu,19858.4,19895.4
5,703,g_a,dpu,19895.4,19968.2
5,703,g_a_cpu,cpu,19968.2,19968.6
5,703,h_a,dpu,19968.6,19980.4
5,703,eb_enc,cpu,19980.4,19980.5
5,703,eb_dec,cpu,19980.5,19980.6
5,703,h_s,dpu,19980.6,19994.8
5,703,gc,cpu,19994.8,20004.7
5,710,normalize,cpu,20005.1,20008.8
5,710,g_a_cpu,cpu,20008.8,20009.5
5,710,g_a,dpu,20009.5,20049
5,710,g_a,dpu,20049,20086
5,710,g_a_cpu,cpu,20086,20086.3
5,710,h_a,dpu,20086.3,20137.5
5,710,eb_enc,cpu,20137.5,20137.6
5,710,eb_dec,cpu,20137.6,20137.8
5,710,h_s,dpu,20137.8,20178
5,710,gc,cpu,20178,20187.7
5,715,normalize,cpu,20188.2,20191.8
5,715,g_a_cpu,cpu,20191.8,20192.2
5,715,g_a,dpu,20192.2,20234.3
5,715,g_a,dpu,20234.3,20309
5,715,g_a_cpu,cpu,20309,20309.4
5,715,h_a,dpu,20309.4,20361.7
5,715,eb_enc,cpu,20361.7,20361.8
5,715,eb_dec,cpu,20361.8,20361.9
5,715,h_s,dpu,20361.9,20408
5,715,gc,cpu,20408.1,20418.1
5,724,normalize,cpu,20418.7,20422.3
5,724,g_a_cpu,cpu,20422.3,20422.8
5,724,g_a,dpu,20422.8,20459.8
5,724,g_a,dpu,20459.8,20532.5
5,724,g_a_cpu,cpu,20532.5,20532.9
5,724,h_a,dpu,20532.9,20621.2
5,724,eb_enc,cpu,20621.2,20621.3
5,724,eb_dec,cpu,20621.3,20621.5
5,724,h_s,dpu,20621.5,20622.9
5,724,gc,cpu,20622.9,20633.4
5,732,normalize,cpu,20633.9,20637.6
5,732,g_a_cpu,cpu,20637.6,20638.1
5,732,g_a,dpu,20638.1,20675.2
5,732,g_a,dpu,20675.2,20748
5,732,g_a_cpu,cpu,20748,20748.4
5,732,h_a,dpu,20748.4,20849.1
5,732,eb_enc,cpu,20849.1,20849.2
5,732,eb_dec,cpu,20849.2,20849.3
5,732,h_s,dpu,20849.3,20861.4
5,732,gc,cpu,20861.4,20871.3
5,741,normalize,cpu,20871.8,20875.5
5,741,g_a_cpu,cpu,20875.5,20875.9
5,741,g_a,dpu,20875.9,20913.1
5,741,g_a,dpu,20913.1,20985.7
5,741,g_a_cpu,cpu,20985.7,20986.1
5,741,h_a,dpu,20986.1,21074.1
5,741,eb_enc,cpu,21074.1,21074.2
5,741,eb_dec,cpu,21074.2,21074.3
5,741,h_s,dpu,21074.3,21090.1
5,741,gc,cpu,21090.1,21100.2
5,749,normalize,cpu,21100.7,21104.3
5,749,g_a_cpu,cpu,21104.3,21104.7
5,749,g_a,dpu,21104.7,21141.7
5,749,g_a,dpu,21141.7,21214.3
5,749,g_a_cpu,cpu,21214.3,21214.7
5,749,h_a,dpu,21214.7,21296.8
5,749,eb_enc,cpu,21296.8,21296.9
5,749,eb_dec,cpu,21296.9,21297.1
5,749,h_s,dpu,21297.1,21316.3
5,749,gc,cpu,21316.3,21327
5,757,normalize,cpu,21327.7,21331.3
5,757,g_a_cpu,cpu,21331.3,21331.7
5,757,g_a,dpu,21331.8,21368.7
5,757,g_a,dpu,21368.7,21441.5
5,757,g_a_cpu,cpu,21441.5,21441.9
5,757,h_a,dpu,21441.9,21491.9
5,757,eb_enc,cpu,21491.9,21492
5,757,eb_dec,cpu,21492,21492.1
5,757,h_s,dpu,21492.1,21503.2
5,757,gc,cpu,21503.2,21514.1
5,763,normalize,cpu,21514.6,21518.2
5,763,g_a_cpu,cpu,21518.2,21518.7
5,763,g_a,dpu,21518.7,21555.8
5,763,g_a,dpu,21555.8,21595.4
5,763,g_a_cpu,cpu,21595.4,21595.8
5,763,h_a,dpu,21595.8,21677.3
5,763,eb_enc,cpu,21677.3,21677.5
5,763,eb_dec,cpu,21677.5,21677.6
5,763,h_s,dpu,21677.6,21727
5,763,gc,cpu,21727,21737
5,770,normalize,cpu,21737.7,21741.4
5,770,g_a_cpu,cpu,21741.4,21741.8
5,770,g_a,dpu,21741.8,21778.9
5,770,g_a,dpu,21778.9,21853.8
5,770,g_a_cpu,cpu,21853.8,21854.1
5,770,h_a,dpu,21854.1,21897.8
5,770,eb_enc,cpu,21897.8,21897.9
5,770,eb_dec,cpu,21897.9,21898.1
5,770,h_s,dpu,21898.1,21960.6
5,770,gc,cpu,21960.6,21970.4
5,780,normalize,cpu,21970.9,21974.7
5,780,g_a_cpu,cpu,21974.7,21974.9
5,780,g_a,dpu,21974.9,22011.8
5,780,g_a,dpu,22011.8,22049.2
5,780,g_a_cpu,cpu,22049.2,22049.8
5,780,h_a,dpu,22049.8,22121.8
5,780,eb_enc,cpu,22121.8,22122
5,780,eb_dec,cpu,22122,22122.1
5,780,h_s,dpu,22122.1,22161
5,780,gc,cpu,22161,22171.9
5,786,normalize,cpu,22172.8,22176.5
5,786,g_a_cpu,cpu,22176.5,22177.1
5,786,g_a,dpu,22177.1,22250.4
5,786,g_a,dpu,22250.4,22323.1
5,786,g_a_cpu,cpu,22323.1,22323.4
5,786,h_a,dpu,22323.4,22362.4
5,786,eb_enc,cpu,22362.4,22362.5
5,786,eb_dec,cpu,22362.5,22362.6
5,786,h_s,dpu,22362.6,22382.5
5,786,gc,cpu,22382.5,22393.2
5,794,normalize,cpu,22394.1,22397.8
5,794,g_a_cpu,cpu,22397.8,22398.2
5,794,g_a,dpu,22398.2,22469.1
5,794,g_a,dpu,22469.1,22545
5,794,g_a_cpu,cpu,22545,22545.3
5,794,h_a,dpu,22545.3,22621.3
5,794,eb_enc,cpu,22621.3,22621.4
5,794,eb_dec,cpu,22621.4,22621.5
5,794,h_s,dpu,22621.5,22641.2
5,794,gc,cpu,22641.2,22650.8
5,805,normalize,cpu,22651.4,22655
5,805,g_a_cpu,cpu,22655,22655.3
5,805,g_a,dpu,22655.3,22728.5
5,805,g_a,dpu,22728.5,22765.3
5,805,g_a_cpu,cpu,22765.3,22765.7
5,805,h_a,dpu,22765.7,22768.9
5,805,eb_enc,cpu,22768.9,22769
5,805,eb_dec,cpu,22769,22769.1
5,805,h_s,dpu,22769.1,22825.2
5,805,gc,cpu,22825.2,22835.8
5,811,normalize,cpu,22836.7,22840.4
5,811,g_a_cpu,cpu,22840.4,22840.9
5,811,g_a,dpu,22840.9,22912.6
5,811,g_a,dpu,22912.6,22985.3
5,811,g_a_cpu,cpu,22985.3,22985.7
5,811,h_a,dpu,22985.7,23026.6
5,811,eb_enc,cpu,23026.6,23026.8
5,811,eb_dec,cpu,23026.8,23026.9
5,811,h_s,dpu,23026.9,23047.5
5,811,gc,cpu,23047.5,23057.5
5,818,normalize,cpu,23058.1,23061.8
5,818,g_a_cpu,cpu,23061.8,23062.2
5,818,g_a,dpu,23062.2,23099.4
5,818,g_a,dpu,23099.4,23172
5,818,g_a_cpu,cpu,23172,23172.4
5,818,h_a,dpu,23172.4,23220
5,818,eb_enc,cpu,23220,23220.1
5,818,eb_dec,cpu,23220.1,23220.2
5,818,h_s,dpu,23220.2,23266.6
5,818,gc,cpu,23266.6,23276.4
5,825,normalize,cpu,23276.9,23280.6
5,825,g_a_cpu,cpu,23280.6,23280.9
5,825,g_a,dpu,23280.9,23318.3
5,825,g_a,dpu,23318.3,23360.7
5,825,g_a_cpu,cpu,23360.7,23361.2
5,825,h_a,dpu,23361.2,23444
5,825,eb_enc,cpu,23444,23444.2
5,825,eb_dec,cpu,23444.2,23444.3
5,825,h_s,dpu,23444.3,23487.7
5,825,gc,cpu,23487.7,23497.7
5,833,normalize,cpu,23498.2,23501.9
5,833,g_a_cpu,cpu,23501.9,23502.3
5,833,g_a,dpu,23502.3,23539.7
5,833,g_a,dpu,23539.7,23653.1
5,833,g_a_cpu,cpu,23653.1,23653.5
5,833,h_a,dpu,23653.5,23712.1
5,833,eb_enc,cpu,23712.1,23712.2
5,833,eb_dec,cpu,23712.2,23712.4
5,833,h_s,dpu,23712.4,23724.2
5,833,gc,cpu,23724.2,23734.5
5,843,normalize,cpu,23735.1,23738.9
5,843,g_a_cpu,cpu,23738.9,23739.3
5,843,g_a,dpu,23739.3,23809.1
5,843,g_a,dpu,23809.1,23884.1
5,843,g_a_cpu,cpu,23884.1,23884.6
5,843,h_a,dpu,23884.6,23937
5,843,eb_enc,cpu,23937,23937.1
5,843,eb_dec,cpu,23937.1,23937.2
5,843,h_s,dpu,23937.2,23986.2
5,843,gc,cpu,23986.2,23996.2
5,852,normalize,cpu,23996.8,24000.5
5,852,g_a_cpu,cpu,24000.5,24000.8
5,852,g_a,dpu,24000.8,24038.8
5,852,g_a,dpu,24038.8,24114.1
5,852,g_a_cpu,cpu,24114.1,24114.5
5,852,h_a,dpu,24114.5,24161.5
5,852,eb_enc,cpu,24161.5,24161.6
5,852,eb_dec,cpu,24161.6,24161.7
5,852,h_s,dpu,24161.7,24208.5
5,852,gc,cpu,24208.5,24218.5
5,861,normalize,cpu,24219,24222.7
5,861,g_a_cpu,cpu,24222.7,24223.1
5,861,g_a,dpu,24223.1,24297.3
5,861,g_a,dpu,24297.3,24335.8
5,861,g_a_cpu,cpu,24335.8,24336.2
5,861,h_a,dpu,24336.2,24347
5,861,eb_enc,cpu,24347,24347.2
5,861,eb_dec,cpu,24347.2,24347.4
5,861,h_s,dpu,24347.4,24391.4
5,861,gc,cpu,24391.4,24401.3
5,867,normalize,cpu,24401.8,24405.5
5,867,g_a_cpu,cpu,24405.5,24405.7
5,867,g_a,dpu,24405.7,24444.8
5,867,g_a,dpu,24444.8,24518.8
5,867,g_a_cpu,cpu,24518.8,24519.2
5,867,h_a,dpu,24519.2,24579.4
5,867,eb_enc,cpu,24579.4,24579.6
5,867,eb_dec,cpu,24579.6,24579.7
5,867,h_s,dpu,24579.7,24622.3
5,867,gc,cpu,24622.3,24632.1
5,875,normalize,cpu,24632.6,24636.2
5,875,g_a_cpu,cpu,24636.2,24636.5
5,875,g_a,dpu,24636.5,24673.4
5,875,g_a,dpu,24673.4,24712.4
5,875,g_a_cpu,cpu,24712.4,24712.8
5,875,h_a,dpu,24712.8,24770.6
5,875,eb_enc,cpu,24770.6,24770.8
5,875,eb_dec,cpu,24770.8,24771
5,875,h_s,dpu,24771,24817.4
5,875,gc,cpu,24817.4,24827.4
5,882,normalize,cpu,24827.8,24831.5
5,882,g_a_cpu,cpu,24831.5,24831.8
5,882,g_a,dpu,24831.8,24868.9
5,882,g_a,dpu,24868.9,24907.6
5,882,g_a_cpu,cpu,24907.6,24907.9
5,882,h_a,dpu,24907.9,24956.2
5,882,eb_enc,cpu,24956.2,24956.4
5,882,eb_dec,cpu,24956.4,24956.5
5,882,h_s,dpu,24956.5,24965.9
5,882,gc,cpu,24965.9,24975.8
5,888,normalize,cpu,24976.2,24979.9
5,888,g_a_cpu,cpu,24979.9,24980.2
5,888,g_a,dpu,24980.2,25054.6
5,888,g_a,dpu,25054.6,25092.8
5,888,g_a_cpu,cpu,25092.8,25093.1
5,888,h_a,dpu,25093.1,25178.3
5,888,eb_enc,cpu,25178.3,25178.5
5,888,eb_dec,cpu,25178.5,25178.6
5,888,h_s,dpu,25178.6,25192.1
5,888,gc,cpu,25192.1,25202.1
5,897,normalize,cpu,25202.5,25206.3
5,897,g_a_cpu,cpu,25206.3,25206.6
5,897,g_a,dpu,25206.6,25280.9
5,897,g_a,dpu,25280.9,25317.8
5,897,g_a_cpu,cpu,25317.8,25318.2
5,897,h_a,dpu,25318.2,25371.1
5,897,eb_enc,cpu,25371.1,25371.3
5,897,eb_dec,cpu,25371.3,25371.4
5,897,h_s,dpu,25371.4,25384.6
5,897,gc,cpu,25384.6,25396.7
5,903,normalize,cpu,25397.4,25401.1
5,903,g_a_cpu,cpu,25401.2,25401.5
5,903,g_a,dpu,25401.5,25466.8
5,903,g_a,dpu,25466.8,25541.7
5,903,g_a_cpu,cpu,25541.7,25542.1
5,903,h_a,dpu,25542.1,25593.4
5,903,eb_enc,cpu,25593.4,25593.6
5,903,eb_dec,cpu,25593.6,25593.7
5,903,h_s,dpu,25593.7,25609.1
5,903,gc,cpu,25609.1,25619
5,911,normalize,cpu,25619.5,25623.2
5,911,g_a_cpu,cpu,25623.2,25623.8
5,911,g_a,dpu,25623.8,25695.9
5,911,g_a,dpu,25695.9,25771
5,911,g_a_cpu,cpu,25771,25771.4
5,911,h_a,dpu,25771.4,25821.1
5,911,eb_enc,cpu,25821.1,25821.2
5,911,eb_dec,cpu,25821.2,25821.3
5,911,h_s,dpu,25821.3,25831.6
5,911,gc,cpu,25831.6,25841.6
5,920,normalize,cpu,25842.1,25845.7
5,920,g_a_cpu,cpu,25845.7,25846
5,920,g_a,dpu,25846,25945.9
5,920,g_a,dpu,25945.9,25984.4
5,920,g_a_cpu,cpu,25984.4,25984.7
5,920,h_a,dpu,25984.7,26017.5
5,920,eb_enc,cpu,26017.5,26017.7
5,920,eb_dec,cpu,26017.7,26017.8
5,920,h_s,dpu,26017.8,26052.4
5,920,gc,cpu,26052.4,26069.4
5,927,normalize,cpu,26070,26073.7
5,927,g_a_cpu,cpu,26073.7,26074
5,927,g_a,dpu,26074,26176.7
5,927,g_a,dpu,26176.7,26218.2
5,927,g_a_cpu,cpu,26218.2,26218.6
5,927,h_a,dpu,26218.6,26220
5,927,eb_enc,cpu,26220,26220.2
5,927,eb_dec,cpu,26220.2,26220.3
5,927,h_s,dpu,26220.3,26221.2
5,927,gc,cpu,26221.2,26234.5
6,6,normalize,cpu,77.05,80.7079
6,6,g_a_cpu,cpu,80.7973,81.1607
6,6,g_a,dpu,81.1654,152
6,6,g_a,dpu,152.003,260.359
6,6,g_a_cpu,cpu,260.36,260.764
6,6,h_a,dpu,260.773,263.252
6,6,eb_enc,cpu,263.253,263.378
6,6,eb_dec,cpu,263.379,263.488
6,6,h_s,dpu,263.488,295.629
6,6,gc,cpu,295.633,309.313
6,8,normalize,cpu,310.474,314.234
6,8,g_a_cpu,cpu,314.24,314.586
6,8,g_a,dpu,314.589,351.254
6,8,g_a,dpu,351.256,458.873
6,8,g_a_cpu,cpu,458.875,459.345
6,8,h_a,dpu,459.348,473.956
6,8,eb_enc,cpu,473.957,474.098
6,8,eb_dec,cpu,474.101,474.212
6,8,h_s,dpu,474.212,545.661
6,8,gc,cpu,545.662,556.099
6,19,normalize,cpu,556.674,560.469
6,19,g_a_cpu,cpu,560.475,560.804
6,19,g_a,dpu,560.808,597.251
6,19,g_a,dpu,597.253,704.894
6,19,g_a_cpu,cpu,704.898,705.323
6,19,h_a,dpu,705.325,708.176
6,19,eb_enc,cpu,708.178,708.34
6,19,eb_dec,cpu,708.34,708.452
6,19,h_s,dpu,708.452,779.306
6,19,gc,cpu,779.307,789.597
6,24,normalize,cpu,790.17,793.948
6,24,g_a_cpu,cpu,793.95,794.259
6,24,g_a,dpu,794.262,830.708
6,24,g_a,dpu,830.715,938.233
6,24,g_a_cpu,cpu,938.235,938.653
6,24,h_a,dpu,938.657,945.127
6,24,eb_enc,cpu,945.128,945.25
6,24,eb_dec,cpu,945.25,945.36
6,24,h_s,dpu,945.36,1024.44
6,24,gc,cpu,1024.45,1034.87
6,36,normalize,cpu,1035.33,1039.02
6,36,g_a_cpu,cpu,1039.03,1039.35
6,36,g_a,dpu,1039.36,1075.91
6,36,g_a,dpu,1075.92,1147.61
6,36,g_a_cpu,cpu,1147.62,1148.05
6,36,h_a,dpu,1148.05,1188.76
6,36,eb_enc,cpu,1188.76,1188.89
6,36,eb_dec,cpu,1188.89,1189
6,36,h_s,dpu,1189,1252.66
6,36,gc,cpu,1252.66,1262.81
6,41,normalize,cpu,1263.44,1275.12
6,41,g_a_cpu,cpu,1275.12,1275.65
6,41,g_a,dpu,1275.66,1417.7
6,41,g_a,dpu,1417.71,1491.28
6,41,g_a_cpu,cpu,1491.28,1491.79
6,41,h_a,dpu,1491.8,1500.46
6,41,eb_enc,cpu,1500.46,1500.62
6,41,eb_dec,cpu,1500.62,1500.74
6,41,h_s,dpu,1500.74,1515.44
6,41,gc,cpu,1515.45,1525.31
6,55,normalize,cpu,1525.8,1529.51
6,55,g_a_cpu,cpu,1529.51,1529.76
6,55,g_a,dpu,1529.76,1604.21
6,55,g_a,dpu,1604.21,1677.28
6,55,g_a_cpu,cpu,1677.28,1677.82
6,55,h_a,dpu,1677.84,1681
6,55,eb_enc,cpu,1681,1681.12
6,55,eb_dec,cpu,1681.12,1681.24
6,55,h_s,dpu,1681.24,1743.64
6,55,gc,cpu,1743.64,1753.72
6,60,normalize,cpu,1754.96,1758.6
6,60,g_a_cpu,cpu,1758.6,1758.98
6,60,g_a,dpu,1758.98,1826.79
6,60,g_a,dpu,1826.79,1900.87
6,60,g_a_cpu,cpu,1900.87,1901.38
6,60,h_a,dpu,1901.38,1906.24
6,60,eb_enc,cpu,1906.24,1906.48
6,60,eb_dec,cpu,1906.48,1906.61
6,60,h_s,dpu,1906.62,1934.17
6,60,gc,cpu,1934.17,1944.47
6,68,normalize,cpu,1944.98,1948.61
6,68,g_a_cpu,cpu,1948.61,1948.88
6,68,g_a,dpu,1948.88,2017.54
6,68,g_a,dpu,2017.54,2089.77
6,68,g_a_cpu,cpu,2089.77,2090.11
6,68,h_a,dpu,2090.11,2092.76
6,68,eb_enc,cpu,2092.76,2092.89
6,68,eb_dec,cpu,2092.89,2093
6,68,h_s,dpu,2093,2120.91
6,68,gc,cpu,2120.91,2131.1
6,73,normalize,cpu,2131.61,2135.34
6,73,g_a_cpu,cpu,2135.34,2135.78
6,73,g_a,dpu,2135.79,2244.3
6,73,g_a,dpu,2244.31,2317.49
6,73,g_a_cpu,cpu,2317.5,2317.84
6,73,h_a,dpu,2317.84,2321.14
6,73,eb_enc,cpu,2321.14,2321.28
6,73,eb_dec,cpu,2321.28,2321.39
6,73,h_s,dpu,2321.39,2348.53
6,73,gc,cpu,2348.53,2358.79
6,82,normalize,cpu,2359.32,2363.08
6,82,g_a_cpu,cpu,2363.08,2363.44
6,82,g_a,dpu,2363.45,2399.95
6,82,g_a,dpu,2399.96,2545.18
6,82,g_a_cpu,cpu,2545.18,2545.54
6,82,h_a,dpu,2545.54,2549.58
6,82,eb_enc,cpu,2549.58,2549.79
6,82,eb_dec,cpu,2549.79,2549.92
6,82,h_s,dpu,2549.92,2577.26
6,82,gc,cpu,2577.26,2587.51
6,93,normalize,cpu,2588.05,2591.72
6,93,g_a_cpu,cpu,2591.73,2591.96
6,93,g_a,dpu,2591.97,2695.62
6,93,g_a,dpu,2695.62,2776.65
6,93,g_a_cpu,cpu,2776.66,2777.24
6,93,h_a,dpu,2777.25,2782.62
6,93,eb_enc,cpu,2782.62,2782.77
6,93,eb_dec,cpu,2782.77,2782.89
6,93,h_s,dpu,2782.89,2914.31
6,93,gc,cpu,2914.32,2924.16
6,101,normalize,cpu,2924.78,2928.5
6,101,g_a_cpu,cpu,2928.51,2928.81
6,101,g_a,dpu,2928.82,2965.34
6,101,g_a,dpu,2965.34,3002.8
6,101,g_a_cpu,cpu,3002.8,3003.21
6,101,h_a,dpu,3003.21,3021.23
6,101,eb_enc,cpu,3021.23,3021.37
6,101,eb_dec,cpu,3021.37,3021.48
6,101,h_s,dpu,3021.48,3065.99
6,101,gc,cpu,3065.99,3075.62
6,109,normalize,cpu,3076.09,3079.72
6,109,g_a_cpu,cpu,3079.73,3080.11
6,109,g_a,dpu,3080.11,3152.8
6,109,g_a,dpu,3152.8,3226.87
6,109,g_a_cpu,cpu,3226.88,3227.44
6,109,h_a,dpu,3227.45,3245.83
6,109,eb_enc,cpu,3245.83,3245.98
6,109,eb_dec,cpu,3245.98,3246.09
6,109,h_s,dpu,3246.09,3255
6,109,gc,cpu,3255,3265.45
6,116,normalize,cpu,3265.95,3269.6
6,116,g_a_cpu,cpu,3269.61,3269.95
6,116,g_a,dpu,3269.95,3343.86
6,116,g_a,dpu,3343.86,3380.18
6,116,g_a_cpu,cpu,3380.18,3380.67
6,116,h_a,dpu,3380.67,3383.41
6,116,eb_enc,cpu,3383.41,3383.54
6,116,eb_dec,cpu,3383.54,3383.65
6,116,h_s,dpu,3383.65,3402.87
6,116,gc,cpu,3402.87,3412.48
6,119,normalize,cpu,3412.94,3416.61
6,119,g_a_cpu,cpu,3416.62,3416.89
6,119,g_a,dpu,3416.9,3496.44
6,119,g_a,dpu,3496.45,3569.46
6,119,g_a_cpu,cpu,3569.46,3569.78
6,119,h_a,dpu,3569.78,3584.71
6,119,eb_enc,cpu,3584.71,3584.84
6,119,eb_dec,cpu,3584.84,3584.95
6,119,h_s,dpu,3584.95,3625.37
6,119,gc,cpu,3625.37,3635.29
6,127,normalize,cpu,3635.77,3639.45
6,127,g_a_cpu,cpu,3639.45,3639.67
6,127,g_a,dpu,3639.67,3681.83
6,127,g_a,dpu,3681.83,3789.98
6,127,g_a_cpu,cpu,3789.98,3790.4
6,127,h_a,dpu,3790.4,3809.69
6,127,eb_enc,cpu,3809.69,3809.83
6,127,eb_dec,cpu,3809.84,3809.95
6,127,h_s,dpu,3809.95,3817.54
6,127,gc,cpu,3817.54,3827.67
6,134,normalize,cpu,3828.23,3831.89
6,134,g_a_cpu,cpu,3831.89,3832.35
6,134,g_a,dpu,3832.35,3905.14
6,134,g_a,dpu,3905.15,4013.51
6,134,g_a_cpu,cpu,4013.51,4014.01
6,134,h_a,dpu,4014.01,4017.12
6,134,eb_enc,cpu,4017.12,4017.24
6,134,eb_dec,cpu,4017.24,4017.35
6,134,h_s,dpu,4017.35,4048.19
6,134,gc,cpu,4048.19,4057.97
6,144,normalize,cpu,4058.49,4062.23
6,144,g_a_cpu,cpu,4062.23,4062.56
6,144,g_a,dpu,4062.56,4126.32
6,144,g_a,dpu,4126.33,4198.81
6,144,g_a_cpu,cpu,4198.82,4199.23
6,144,h_a,dpu,4199.23,4201.71
6,144,eb_enc,cpu,4201.71,4201.84
6,144,eb_dec,cpu,4201.84,4201.95
6,144,h_s,dpu,4201.95,4232.57
6,144,gc,cpu,4232.57,4246.47
6,149,normalize,cpu,4247.17,4250.87
6,149,g_a_cpu,cpu,4250.87,4251.18
6,149,g_a,dpu,4251.19,4357.53
6,149,g_a,dpu,4357.54,4436.34
6,149,g_a_cpu,cpu,4436.34,4436.75
6,149,h_a,dpu,4436.75,4449.91
6,149,eb_enc,cpu,4449.91,4450.04
6,149,eb_dec,cpu,4450.04,4450.16
6,149,h_s,dpu,4450.16,4533.19
6,149,gc,cpu,4533.19,4542.93
6,160,normalize,cpu,4543.45,4548.37
6,160,g_a_cpu,cpu,4548.38,4548.68
6,160,g_a,dpu,4548.69,4618.31
6,160,g_a,dpu,4618.31,4668.41
6,160,g_a_cpu,cpu,4668.41,4668.74
6,160,h_a,dpu,4668.74,4711.35
6,160,eb_enc,cpu,4711.35,4711.47
6,160,eb_dec,cpu,4711.47,4711.58
6,160,h_s,dpu,4711.58,4790.52
6,160,gc,cpu,4790.52,4800.66
6,169,normalize,cpu,4801.17,4804.86
6,169,g_a_cpu,cpu,4804.86,4805.12
6,169,g_a,dpu,4805.12,4851.77
6,169,g_a,dpu,4851.78,4937.8
6,169,g_a_cpu,cpu,4937.81,4938.21
6,169,h_a,dpu,4938.22,4982.8
6,169,eb_enc,cpu,4982.8,4982.92
6,169,eb_dec,cpu,4982.92,4983.04
6,169,h_s,dpu,4983.04,5055.14
6,169,gc,cpu,5055.14,5065.69
6,179,normalize,cpu,5066.22,5069.91
6,179,g_a_cpu,cpu,5069.92,5070.31
6,179,g_a,dpu,5070.31,5106.9
6,179,g_a,dpu,5106.9,5251.43
6,179,g_a_cpu,cpu,5251.44,5251.9
6,179,h_a,dpu,5251.9,5256.75
6,179,eb_enc,cpu,5256.75,5256.91
6,179,eb_dec,cpu,5256.91,5257.02
6,179,h_s,dpu,5257.02,5293.64
6,179,gc,cpu,5293.65,5304.12
6,189,normalize,cpu,5304.6,5308.33
6,189,g_a_cpu,cpu,5308.34,5308.67
6,189,g_a,dpu,5308.68,5376.33
6,189,g_a,dpu,5376.33,5483.95
6,189,g_a_cpu,cpu,5483.96,5484.51
6,189,h_a,dpu,5484.52,5487.92
6,189,eb_enc,cpu,5487.92,5488.06
6,189,eb_dec,cpu,5488.06,5488.17
6,189,h_s,dpu,5488.17,5515.81
6,189,gc,cpu,5515.81,5525.66
6,195,normalize,cpu,5526.26,5529.91
6,195,g_a_cpu,cpu,5529.92,5530.28
6,195,g_a,dpu,5530.28,5632.51
6,195,g_a,dpu,5632.51,5709.53
6,195,g_a_cpu,cpu,5709.54,5710
6,195,h_a,dpu,5710,5714.63
6,195,eb_enc,cpu,5714.63,5714.76
6,195,eb_dec,cpu,5714.77,5714.88
6,195,h_s,dpu,5714.88,5885.32
6,195,gc,cpu,5885.32,5895.51
6,207,normalize,cpu,5896.02,5899.69
6,207,g_a_cpu,cpu,5899.69,5900.1
6,207,g_a,dpu,5900.1,5971.58
6,207,g_a,dpu,5971.58,6080.85
6,207,g_a_cpu,cpu,6080.85,6081.27
6,207,h_a,dpu,6081.27,6098.24
6,207,eb_enc,cpu,6098.24,6098.42
6,207,eb_dec,cpu,6098.43,6098.54
6,207,h_s,dpu,6098.55,6113.94
6,207,gc,cpu,6113.94,6124.74
6,213,normalize,cpu,6125.42,6129.13
6,213,g_a_cpu,cpu,6129.13,6129.62
6,213,g_a,dpu,6129.62,6166.16
6,213,g_a,dpu,6166.16,6239.81
6,213,g_a_cpu,cpu,6239.81,6240.24
6,213,h_a,dpu,6240.24,6257.55
6,213,eb_enc,cpu,6257.55,6257.72
6,213,eb_dec,cpu,6257.72,6257.85
6,213,h_s,dpu,6257.85,6335.55
6,213,gc,cpu,6335.55,6345.36
6,223,normalize,cpu,6345.85,6349.49
6,223,g_a_cpu,cpu,6349.49,6349.83
6,223,g_a,dpu,6349.84,6389.68
6,223,g_a,dpu,6389.68,6461.5
6,223,g_a_cpu,cpu,6461.5,6461.97
6,223,h_a,dpu,6461.98,6485
6,223,eb_enc,cpu,6485.02,6485.16
6,223,eb_dec,cpu,6485.16,6485.29
6,223,h_s,dpu,6485.29,6495.89
6,223,gc,cpu,6495.89,6505.89
6,229,normalize,cpu,6506.33,6509.97
6,229,g_a_cpu,cpu,6509.97,6510.23
6,229,g_a,dpu,6510.23,6576.53
6,229,g_a,dpu,6576.54,6651.14
6,229,g_a_cpu,cpu,6651.14,6651.59
6,229,h_a,dpu,6651.59,6703.17
6,229,eb_enc,cpu,6703.17,6703.3
6,229,eb_dec,cpu,6703.3,6703.41
6,229,h_s,dpu,6703.41,6718.45
6,229,gc,cpu,6718.45,6728.59
6,238,normalize,cpu,6729.38,6733.05
6,238,g_a_cpu,cpu,6733.05,6733.56
6,238,g_a,dpu,6733.57,6804.6
6,238,g_a,dpu,6804.6,6878.61
6,238,g_a_cpu,cpu,6878.61,6879.07
6,238,h_a,dpu,6879.07,6896.09
6,238,eb_enc,cpu,6896.09,6896.21
6,238,eb_dec,cpu,6896.21,6896.35
6,238,h_s,dpu,6896.35,6909.22
6,238,gc,cpu,6909.22,6919.81
6,243,normalize,cpu,6920.37,6924
6,243,g_a_cpu,cpu,6924,6924.45
6,243,g_a,dpu,6924.45,7001.03
6,243,g_a,dpu,7001.04,7037.31
6,243,g_a_cpu,cpu,7037.31,7037.64
6,243,h_a,dpu,7037.65,7089.41
6,243,eb_enc,cpu,7089.41,7089.54
6,243,eb_dec,cpu,7089.54,7089.64
6,243,h_s,dpu,7089.64,7132.48
6,243,gc,cpu,7132.48,7142.3
6,252,normalize,cpu,7142.82,7146.5
6,252,g_a_cpu,cpu,7146.51,7146.74
6,252,g_a,dpu,7146.74,7188.4
6,252,g_a,dpu,7188.4,7295.99
6,252,g_a_cpu,cpu,7295.99,7296.44
6,252,h_a,dpu,7296.44,7316.15
6,252,eb_enc,cpu,7316.15,7316.3
6,252,eb_dec,cpu,7316.3,7316.41
6,252,h_s,dpu,7316.41,7368.89
6,252,gc,cpu,7368.89,7379.61
6,262,normalize,cpu,7380.13,7385.93
6,262,g_a_cpu,cpu,7385.93,7386.33
6,262,g_a,dpu,7386.33,7526.17
6,262,g_a,dpu,7526.17,7599.79
6,262,g_a_cpu,cpu,7599.79,7600.35
6,262,h_a,dpu,7600.36,7603.41
6,262,eb_enc,cpu,7603.42,7603.56
6,262,eb_dec,cpu,7603.56,7603.68
6,262,h_s,dpu,7603.68,7706
6,262,gc,cpu,7706,7715.93
6,272,normalize,cpu,7716.47,7720.73
6,272,g_a_cpu,cpu,7720.73,7721.03
6,272,g_a,dpu,7721.03,7792.4
6,272,g_a,dpu,7792.4,7829.93
6,272,g_a_cpu,cpu,7829.93,7830.26
6,272,h_a,dpu,7830.27,7847.59
6,272,eb_enc,cpu,7847.59,7847.73
6,272,eb_dec,cpu,7847.73,7847.85
6,272,h_s,dpu,7847.85,7891.1
6,272,gc,cpu,7891.11,7901.23
6,279,normalize,cpu,7901.69,7905.35
6,279,g_a_cpu,cpu,7905.35,7905.75
6,279,g_a,dpu,7905.75,8013.49
6,279,g_a,dpu,8013.49,8169.4
6,279,g_a_cpu,cpu,8169.41,8169.87
6,279,h_a,dpu,8169.87,8183.37
6,279,eb_enc,cpu,8183.37,8183.51
6,279,eb_dec,cpu,8183.51,8183.63
6,279,h_s,dpu,8183.63,8233.3
6,279,gc,cpu,8233.3,8243.39
6,291,normalize,cpu,8244,8248.71
6,291,g_a_cpu,cpu,8248.71,8249.13
6,291,g_a,dpu,8249.13,8390.8
6,291,g_a,dpu,8390.81,8466.03
6,291,g_a_cpu,cpu,8466.03,8466.46
6,291,h_a,dpu,8466.46,8477.41
6,291,eb_enc,cpu,8477.41,8477.58
6,291,eb_dec,cpu,8477.58,8477.7
6,291,h_s,dpu,8477.7,8546.42
6,291,gc,cpu,8546.42,8556.18
6,301,normalize,cpu,8556.72,8560.37
6,301,g_a_cpu,cpu,8560.37,8560.64
6,301,g_a,dpu,8560.64,8649.63
6,301,g_a,dpu,8649.63,8686.35
6,301,g_a_cpu,cpu,8686.36,8686.83
6,301,h_a,dpu,8686.83,8692.46
6,301,eb_enc,cpu,8692.46,8692.6
6,301,eb_dec,cpu,8692.6,8692.71
6,301,h_s,dpu,8692.71,8737.99
6,301,gc,cpu,8737.99,8747.86
6,309,normalize,cpu,8748.63,8752.24
6,309,g_a_cpu,cpu,8752.24,8752.6
6,309,g_a,dpu,8752.61,8833.7
6,309,g_a,dpu,8833.7,8905.56
6,309,g_a_cpu,cpu,8905.57,8906.02
6,309,h_a,dpu,8906.02,8909.36
6,309,eb_enc,cpu,8909.36,8909.54
6,309,eb_dec,cpu,8909.54,8909.68
6,309,h_s,dpu,8909.68,8925.13
6,309,gc,cpu,8925.13,8935.22
6,317,normalize,cpu,8935.76,8939.4
6,317,g_a_cpu,cpu,8939.4,8939.69
6,317,g_a,dpu,8939.69,9016.73
6,317,g_a,dpu,9016.73,9125.52
6,317,g_a_cpu,cpu,9125.52,9126
6,317,h_a,dpu,9126,9129.12
6,317,eb_enc,cpu,9129.12,9129.33
6,317,eb_dec,cpu,9129.33,9129.47
6,317,h_s,dpu,9129.47,9154.79
6,317,gc,cpu,9154.79,9164.63
6,325,normalize,cpu,9165.12,9169.4
6,325,g_a_cpu,cpu,9169.4,9169.65
6,325,g_a,dpu,9169.66,9275.05
6,325,g_a,dpu,9275.05,9348.49
6,325,g_a_cpu,cpu,9348.5,9348.87
6,325,h_a,dpu,9348.88,9354.14
6,325,eb_enc,cpu,9354.14,9354.3
6,325,eb_dec,cpu,9354.3,9354.42
6,325,h_s,dpu,9354.42,9381.68
6,325,gc,cpu,9381.69,9391.61
6,333,normalize,cpu,9392.22,9395.87
6,333,g_a_cpu,cpu,9395.87,9396.26
6,333,g_a,dpu,9396.26,9504.67
6,333,g_a,dpu,9504.67,9578.09
6,333,g_a_cpu,cpu,9578.09,9578.62
6,333,h_a,dpu,9578.62,9582.83
6,333,eb_enc,cpu,9582.83,9583.03
6,333,eb_dec,cpu,9583.03,9583.17
6,333,h_s,dpu,9583.17,9603.52
6,333,gc,cpu,9603.52,9613.2
6,341,normalize,cpu,9613.66,9617.31
6,341,g_a_cpu,cpu,9617.31,9617.61
6,341,g_a,dpu,9617.61,9691.02
6,341,g_a,dpu,9691.02,9799.5
6,341,g_a_cpu,cpu,9799.51,9799.99
6,341,h_a,dpu,9799.99,9804.37
6,341,eb_enc,cpu,9804.37,9804.61
6,341,eb_dec,cpu,9804.61,9804.76
6,341,h_s,dpu,9804.76,9816.55
6,341,gc,cpu,9816.55,9826.61
6,348,normalize,cpu,9827.24,9830.93
6,348,g_a_cpu,cpu,9830.93,9831.32
6,348,g_a,dpu,9831.32,9914.1
6,348,g_a,dpu,9914.1,9986.26
6,348,g_a_cpu,cpu,9986.26,9986.65
6,348,h_a,dpu,9986.65,9989.18
6,348,eb_enc,cpu,9989.18,9989.3
6,348,eb_dec,cpu,9989.3,9989.41
6,348,h_s,dpu,9989.41,10081.2
6,348,gc,cpu,10081.2,10091
6,355,normalize,cpu,10091.5,10095.3
6,355,g_a_cpu,cpu,10095.3,10095.8
6,355,g_a,dpu,10095.8,10132.5
6,355,g_a,dpu,10132.5,10240.2
6,355,g_a_cpu,cpu,10240.2,10240.7
6,355,h_a,dpu,10240.7,10244.1
6,355,eb_enc,cpu,10244.1,10244.3
6,355,eb_dec,cpu,10244.3,10244.4
6,355,h_s,dpu,10244.4,10271.9
6,355,gc,cpu,10271.9,10281.8
6,361,normalize,cpu,10282.4,10286
6,361,g_a_cpu,cpu,10286,10286.4
6,361,g_a,dpu,10286.4,10353.1
6,361,g_a,dpu,10353.1,10424.9
6,361,g_a_cpu,cpu,10424.9,10425.3
6,361,h_a,dpu,10425.3,10449.4
6,361,eb_enc,cpu,10449.4,10449.5
6,361,eb_dec,cpu,10449.5,10449.6
6,361,h_s,dpu,10449.6,10457.4
6,361,gc,cpu,10457.4,10467.2
6,367,normalize,cpu,10468,10474.8
6,367,g_a_cpu,cpu,10474.8,10475.2
6,367,g_a,dpu,10475.2,10584.3
6,367,g_a,dpu,10584.3,10658.4
6,367,g_a_cpu,cpu,10658.4,10658.9
6,367,h_a,dpu,10658.9,10678.9
6,367,eb_enc,cpu,10678.9,10679.1
6,367,eb_dec,cpu,10679.1,10679.2
6,367,h_s,dpu,10679.2,10717
6,367,gc,cpu,10717,10727
6,378,normalize,cpu,10727.5,10731.2
6,378,g_a_cpu,cpu,10731.2,10731.6
6,378,g_a,dpu,10731.6,10809.5
6,378,g_a,dpu,10809.5,10881.9
6,378,g_a_cpu,cpu,10881.9,10882.4
6,378,h_a,dpu,10882.4,10888.5
6,378,eb_enc,cpu,10888.5,10888.7
6,378,eb_dec,cpu,10888.7,10888.8
6,378,h_s,dpu,10888.8,10902.6
6,378,gc,cpu,10902.6,10912.9
6,387,normalize,cpu,10913.4,10917.1
6,387,g_a_cpu,cpu,10917.1,10917.3
6,387,g_a,dpu,10917.3,10996.6
6,387,g_a,dpu,10996.6,11107
6,387,g_a_cpu,cpu,11107,11107.5
6,387,h_a,dpu,11107.5,11125
6,387,eb_enc,cpu,11125,11125.2
6,387,eb_dec,cpu,11125.2,11125.3
6,387,h_s,dpu,11125.3,11162.4
6,387,gc,cpu,11162.4,11172.5
6,395,normalize,cpu,11173.3,11177
6,395,g_a_cpu,cpu,11177,11177.2
6,395,g_a,dpu,11177.2,11265.4
6,395,g_a,dpu,11265.4,11337.9
6,395,g_a_cpu,cpu,11338,11338.4
6,395,h_a,dpu,11338.4,11357
6,395,eb_enc,cpu,11357,11357.1
6,395,eb_dec,cpu,11357.1,11357.2
6,395,h_s,dpu,11357.2,11387.5
6,395,gc,cpu,11387.5,11397.6
6,402,normalize,cpu,11398.2,11401.8
6,402,g_a_cpu,cpu,11401.9,11402.2
6,402,g_a,dpu,11402.2,11450.6
6,402,g_a,dpu,11450.6,11522.7
6,402,g_a_cpu,cpu,11522.7,11523.4
6,402,h_a,dpu,11523.5,11528.4
6,402,eb_enc,cpu,11528.4,11528.5
6,402,eb_dec,cpu,11528.5,11528.7
6,402,h_s,dpu,11528.7,11572
6,402,gc,cpu,11572,11585.7
6,407,normalize,cpu,11586.3,11589.9
6,407,g_a_cpu,cpu,11589.9,11590.2
6,407,g_a,dpu,11590.2,11634.3
6,407,g_a,dpu,11634.3,11780.4
6,407,g_a_cpu,cpu,11780.4,11780.8
6,407,h_a,dpu,11780.8,11800.4
6,407,eb_enc,cpu,11800.4,11800.5
6,407,eb_dec,cpu,11800.5,11800.6
6,407,h_s,dpu,11800.7,11835.1
6,407,gc,cpu,11835.1,11845.1
6,419,normalize,cpu,11846.1,11849.7
6,419,g_a_cpu,cpu,11849.7,11849.9
6,419,g_a,dpu,11849.9,11929
6,419,g_a,dpu,11929.1,11965.5
6,419,g_a_cpu,cpu,11965.5,11965.9
6,419,h_a,dpu,11965.9,11968.8
6,419,eb_enc,cpu,11968.8,11968.9
6,419,eb_dec,cpu,11968.9,11969
6,419,h_s,dpu,11969,12021.8
6,419,gc,cpu,12021.8,12034.4
6,424,normalize,cpu,12035.1,12038.9
6,424,g_a_cpu,cpu,12038.9,12039.4
6,424,g_a,dpu,12039.4,12077
6,424,g_a,dpu,12077,12186
6,424,g_a_cpu,cpu,12186,12186.7
6,424,h_a,dpu,12186.7,12189.6
6,424,eb_enc,cpu,12189.6,12189.8
6,424,eb_dec,cpu,12189.8,12189.9
6,424,h_s,dpu,12189.9,12250.5
6,424,gc,cpu,12250.5,12260.5
6,433,normalize,cpu,12261.4,12265.6
6,433,g_a_cpu,cpu,12265.6,12265.9
6,433,g_a,dpu,12265.9,12334.1
6,433,g_a,dpu,12334.1,12407.8
6,433,g_a_cpu,cpu,12407.8,12408.2
6,433,h_a,dpu,12408.2,12425.6
6,433,eb_enc,cpu,12425.6,12425.7
6,433,eb_dec,cpu,12425.7,12425.8
6,433,h_s,dpu,12425.8,12474
6,433,gc,cpu,12474,12483.9
6,440,normalize,cpu,12484.5,12488.1
6,440,g_a_cpu,cpu,12488.1,12488.5
6,440,g_a,dpu,12488.5,12555
6,440,g_a,dpu,12555,12593.1
6,440,g_a_cpu,cpu,12593.1,12593.6
6,440,h_a,dpu,12593.6,12614.8
6,440,eb_enc,cpu,12614.8,12615
6,440,eb_dec,cpu,12615,12615.1
6,440,h_s,dpu,12615.1,12696.2
6,440,gc,cpu,12696.2,12706.2
6,448,normalize,cpu,12706.7,12710.3
6,448,g_a_cpu,cpu,12710.3,12710.6
6,448,g_a,dpu,12710.6,12777.6
6,448,g_a,dpu,12777.6,12814.5
6,448,g_a_cpu,cpu,12814.5,12814.9
6,448,h_a,dpu,12814.9,12867
6,448,eb_enc,cpu,12867,12867.1
6,448,eb_dec,cpu,12867.1,12867.2
6,448,h_s,dpu,12867.2,12920.8
6,448,gc,cpu,12920.8,12930.8
6,456,normalize,cpu,12931.4,12935.1
6,456,g_a_cpu,cpu,12935.1,12935.5
6,456,g_a,dpu,12935.5,13001.2
6,456,g_a,dpu,13001.2,13037.5
6,456,g_a_cpu,cpu,13037.5,13038
6,456,h_a,dpu,13038,13094.6
6,456,eb_enc,cpu,13094.6,13094.7
6,456,eb_dec,cpu,13094.7,13094.9
6,456,h_s,dpu,13094.9,13108.7
6,456,gc,cpu,13108.7,13120
6,464,normalize,cpu,13120.6,13124.3
6,464,g_a_cpu,cpu,13124.3,13124.7
6,464,g_a,dpu,13124.7,13189
6,464,g_a,dpu,13189,13261
6,464,g_a_cpu,cpu,13261,13261.5
6,464,h_a,dpu,13261.5,13317.7
6,464,eb_enc,cpu,13317.7,13317.8
6,464,eb_dec,cpu,13317.8,13317.9
6,464,h_s,dpu,13317.9,13349.7
6,464,gc,cpu,13349.7,13360.3
6,474,normalize,cpu,13360.8,13364.5
6,474,g_a_cpu,cpu,13364.5,13364.8
6,474,g_a,dpu,13364.8,13434
6,474,g_a,dpu,13434,13541.6
6,474,g_a_cpu,cpu,13541.6,13542.1
6,474,h_a,dpu,13542.1,13544.8
6,474,eb_enc,cpu,13544.8,13544.9
6,474,eb_dec,cpu,13544.9,13545
6,474,h_s,dpu,13545,13572.2
6,474,gc,cpu,13572.2,13582.2
6,479,normalize,cpu,13582.8,13586.6
6,479,g_a_cpu,cpu,13586.6,13587
6,479,g_a,dpu,13587,13659.1
6,479,g_a,dpu,13659.1,13732.3
6,479,g_a_cpu,cpu,13732.3,13732.7
6,479,h_a,dpu,13732.7,13749.2
6,479,eb_enc,cpu,13749.2,13749.3
6,479,eb_dec,cpu,13749.3,13749.5
6,479,h_s,dpu,13749.5,13796.8
6,479,gc,cpu,13796.8,13806.7
6,489,normalize,cpu,13807.2,13810.9
6,489,g_a_cpu,cpu,13810.9,13811.3
6,489,g_a,dpu,13811.3,13883.3
6,489,g_a,dpu,13883.3,13955.1
6,489,g_a_cpu,cpu,13955.1,13955.5
6,489,h_a,dpu,13955.5,13958
6,489,eb_enc,cpu,13958,13958.1
6,489,eb_dec,cpu,13958.1,13958.2
6,489,h_s,dpu,13958.2,14026.5
6,489,gc,cpu,14026.5,14037.1
6,496,normalize,cpu,14037.9,14041.6
6,496,g_a_cpu,cpu,14041.6,14042
6,496,g_a,dpu,14042,14078.5
6,496,g_a,dpu,14078.5,14114.9
6,496,g_a_cpu,cpu,14114.9,14115.4
6,496,h_a,dpu,14115.4,14158.1
6,496,eb_enc,cpu,14158.1,14158.2
6,496,eb_dec,cpu,14158.2,14158.3
6,496,h_s,dpu,14158.3,14249.6
6,496,gc,cpu,14249.6,14259.7
6,502,normalize,cpu,14260.4,14265.9
6,502,g_a_cpu,cpu,14265.9,14266.2
6,502,g_a,dpu,14266.2,14304.4
6,502,g_a,dpu,14304.4,14411.9
6,502,g_a_cpu,cpu,14411.9,14412.3
6,502,h_a,dpu,14412.3,14427.9
6,502,eb_enc,cpu,14427.9,14428
6,502,eb_dec,cpu,14428,14428.1
6,502,h_s,dpu,14428.1,14474.2
6,502,gc,cpu,14474.2,14483.9
6,509,normalize,cpu,14485,14488.8
6,509,g_a_cpu,cpu,14488.8,14489.3
6,509,g_a,dpu,14489.3,14526.1
6,509,g_a,dpu,14526.1,14633.7
6,509,g_a_cpu,cpu,14633.7,14634.2
6,509,h_a,dpu,14634.2,14656.1
6,509,eb_enc,cpu,14656.1,14656.2
6,509,eb_dec,cpu,14656.2,14656.3
6,509,h_s,dpu,14656.3,14728.6
6,509,gc,cpu,14728.6,14738.9
6,520,normalize,cpu,14739.5,14743.3
6,520,g_a_cpu,cpu,14743.3,14743.9
6,520,g_a,dpu,14743.9,14780.9
6,520,g_a,dpu,14780.9,14888.5
6,520,g_a_cpu,cpu,14888.5,14888.9
6,520,h_a,dpu,14888.9,14891.4
6,520,eb_enc,cpu,14891.4,14891.5
6,520,eb_dec,cpu,14891.5,14891.6
6,520,h_s,dpu,14891.6,14956.6
6,520,gc,cpu,14956.6,14966.7
6,526,normalize,cpu,14967.3,14970.9
6,526,g_a_cpu,cpu,14970.9,14971.4
6,526,g_a,dpu,14971.4,15009.2
6,526,g_a,dpu,15009.2,15045.5
6,526,g_a_cpu,cpu,15045.5,15045.8
6,526,h_a,dpu,15045.8,15090.6
6,526,eb_enc,cpu,15090.6,15090.7
6,526,eb_dec,cpu,15090.7,15090.8
6,526,h_s,dpu,15090.8,15175.8
6,526,gc,cpu,15175.8,15185.6
6,534,normalize,cpu,15186.2,15189.8
6,534,g_a_cpu,cpu,15189.8,15190.1
6,534,g_a,dpu,15190.1,15231.6
6,534,g_a,dpu,15231.6,15303.3
6,534,g_a_cpu,cpu,15303.3,15303.6
6,534,h_a,dpu,15303.6,15357.9
6,534,eb_enc,cpu,15357.9,15358
6,534,eb_dec,cpu,15358,15358.1
6,534,h_s,dpu,15358.1,15401.2
6,534,gc,cpu,15401.2,15411
6,542,normalize,cpu,15411.5,15417.1
6,542,g_a_cpu,cpu,15417.1,15417.5
6,542,g_a,dpu,15417.5,15490.6
6,542,g_a,dpu,15490.6,15526.8
6,542,g_a_cpu,cpu,15526.8,15527.3
6,542,h_a,dpu,15527.3,15579.4
6,542,eb_enc,cpu,15579.4,15579.6
6,542,eb_dec,cpu,15579.6,15579.7
6,542,h_s,dpu,15579.7,15622.6
6,542,gc,cpu,15622.6,15632.8
6,551,normalize,cpu,15633.4,15637.1
6,551,g_a_cpu,cpu,15637.1,15638.8
6,551,g_a,dpu,15638.8,15712.8
6,551,g_a,dpu,15712.8,15820.4
6,551,g_a_cpu,cpu,15820.4,15820.9
6,551,h_a,dpu,15820.9,15823.7
6,551,eb_enc,cpu,15823.7,15823.8
6,551,eb_dec,cpu,15823.8,15823.9
6,551,h_s,dpu,15823.9,15847.2
6,551,gc,cpu,15847.2,15857
6,559,normalize,cpu,15857.8,15862
6,559,g_a_cpu,cpu,15862,15862.7
6,559,g_a,dpu,15862.7,15935.2
6,559,g_a,dpu,15935.2,16008.8
6,559,g_a_cpu,cpu,16008.8,16009.3
6,559,h_a,dpu,16009.3,16026.6
6,559,eb_enc,cpu,16026.6,16026.7
6,559,eb_dec,cpu,16026.7,16026.8
6,559,h_s,dpu,16026.8,16069
6,559,gc,cpu,16069,16079.1
6,569,normalize,cpu,16079.5,16083.3
6,569,g_a_cpu,cpu,16083.3,16083.7
6,569,g_a,dpu,16083.7,16120.7
6,569,g_a,dpu,16120.7,16193.1
6,569,g_a_cpu,cpu,16193.1,16193.5
6,569,h_a,dpu,16193.5,16216
6,569,eb_enc,cpu,16216,16216.1
6,569,eb_dec,cpu,16216.1,16216.2
6,569,h_s,dpu,16216.2,16258.9
6,569,gc,cpu,16258.9,16280.5
6,577,normalize,cpu,16281.1,16284.9
6,577,g_a_cpu,cpu,16284.9,16285.2
6,577,g_a,dpu,16285.2,16352.3
6,577,g_a,dpu,16352.3,16425.5
6,577,g_a_cpu,cpu,16425.5,16426.1
6,577,h_a,dpu,16426.1,16435
6,577,eb_enc,cpu,16435,16435.1
6,577,eb_dec,cpu,16435.1,16435.3
6,577,h_s,dpu,16435.3,16486.9
6,577,gc,cpu,16487,16496.6
6,583,normalize,cpu,16497.1,16500.8
6,583,g_a_cpu,cpu,16500.8,16501.3
6,583,g_a,dpu,16501.3,16575.7
6,583,g_a,dpu,16575.7,16648.5
6,583,g_a_cpu,cpu,16648.5,16649.1
6,583,h_a,dpu,16649.1,16652.1
6,583,eb_enc,cpu,16652.1,16652.3
6,583,eb_dec,cpu,16652.3,16652.4
6,583,h_s,dpu,16652.4,16712.5
6,583,gc,cpu,16712.5,16722.2
6,592,normalize,cpu,16722.7,16726.3
6,592,g_a_cpu,cpu,16726.3,16726.6
6,592,g_a,dpu,16726.6,16764.7
6,592,g_a,dpu,16764.7,16873.3
6,592,g_a_cpu,cpu,16873.3,16873.9
6,592,h_a,dpu,16873.9,16877.1
6,592,eb_enc,cpu,16877.1,16877.2
6,592,eb_dec,cpu,16877.2,16877.4
6,592,h_s,dpu,16877.4,16901.4
6,592,gc,cpu,16901.4,16911
6,598,normalize,cpu,16912.7,16916.5
6,598,g_a_cpu,cpu,16916.5,16916.8
6,598,g_a,dpu,16916.8,16989.2
6,598,g_a,dpu,16989.2,17097.9
6,598,g_a_cpu,cpu,17097.9,17098.4
6,598,h_a,dpu,17098.4,17101.8
6,598,eb_enc,cpu,17101.8,17101.9
6,598,eb_dec,cpu,17101.9,17102
6,598,h_s,dpu,17102,17122.9
6,598,gc,cpu,17122.9,17132.6
6,606,normalize,cpu,17133.1,17136.7
6,606,g_a_cpu,cpu,17136.7,17137.1
6,606,g_a,dpu,17137.1,17246.5
6,606,g_a,dpu,17246.5,17320.5
6,606,g_a_cpu,cpu,17320.5,17320.9
6,606,h_a,dpu,17320.9,17323.6
6,606,eb_enc,cpu,17323.6,17323.8
6,606,eb_dec,cpu,17323.8,17323.9
6,606,h_s,dpu,17323.9,17389.4
6,606,gc,cpu,17389.4,17399.4
6,615,normalize,cpu,17400,17403.6
6,615,g_a_cpu,cpu,17403.6,17404
6,615,g_a,dpu,17404,17468
6,615,g_a,dpu,17468,17504.9
6,615,g_a_cpu,cpu,17504.9,17505.3
6,615,h_a,dpu,17505.3,17507.8
6,615,eb_enc,cpu,17507.8,17507.9
6,615,eb_dec,cpu,17507.9,17508
6,615,h_s,dpu,17508,17579.7
6,615,gc,cpu,17579.7,17589.6
6,623,normalize,cpu,17590.1,17593.8
6,623,g_a_cpu,cpu,17593.8,17594.1
6,623,g_a,dpu,17594.1,17653.7
6,623,g_a,dpu,17653.7,17728.4
6,623,g_a_cpu,cpu,17728.4,17728.9
6,623,h_a,dpu,17728.9,17734.5
6,623,eb_enc,cpu,17734.5,17734.6
6,623,eb_dec,cpu,17734.6,17734.7
6,623,h_s,dpu,17734.7,17765.3
6,623,gc,cpu,17765.3,17776.1
6,628,normalize,cpu,17776.8,17780.5
6,628,g_a_cpu,cpu,17780.5,17780.8
6,628,g_a,dpu,17780.8,17888.3
6,628,g_a,dpu,17888.3,17960.1
6,628,g_a_cpu,cpu,17960.1,17960.7
6,628,h_a,dpu,17960.7,17964.2
6,628,eb_enc,cpu,17964.2,17964.4
6,628,eb_dec,cpu,17964.4,17964.5
6,628,h_s,dpu,17964.5,17989.3
6,628,gc,cpu,17989.3,17999.4
6,638,normalize,cpu,18000.2,18003.9
6,638,g_a_cpu,cpu,18003.9,18004.3
6,638,g_a,dpu,18004.3,18112.3
6,638,g_a,dpu,18112.3,18186.5
6,638,g_a_cpu,cpu,18186.5,18187
6,638,h_a,dpu,18187,18204.8
6,638,eb_enc,cpu,18204.8,18204.9
6,638,eb_dec,cpu,18204.9,18205.1
6,638,h_s,dpu,18205.1,18246.5
6,638,gc,cpu,18246.5,18256.6
6,647,normalize,cpu,18257.4,18261
6,647,g_a_cpu,cpu,18261,18261.4
6,647,g_a,dpu,18261.4,18370.4
6,647,g_a,dpu,18370.4,18523.7
6,647,g_a_cpu,cpu,18523.7,18524
6,647,h_a,dpu,18524,18538
6,647,eb_enc,cpu,18538,18538.2
6,647,eb_dec,cpu,18538.2,18538.3
6,647,h_s,dpu,18538.3,18586.5
6,647,gc,cpu,18586.5,18596.1
6,659,normalize,cpu,18596.6,18601.1
6,659,g_a_cpu,cpu,18601.1,18601.4
6,659,g_a,dpu,18601.4,18674.7
6,659,g_a,dpu,18674.7,18746.4
6,659,g_a_cpu,cpu,18746.4,18746.8
6,659,h_a,dpu,18746.8,18749.6
6,659,eb_enc,cpu,18749.6,18749.7
6,659,eb_dec,cpu,18749.7,18749.8
6,659,h_s,dpu,18749.8,18811.4
6,659,gc,cpu,18811.4,18821.3
6,668,normalize,cpu,18821.9,18826.6
6,668,g_a_cpu,cpu,18826.6,18826.9
6,668,g_a,dpu,18826.9,18897.1
6,668,g_a,dpu,18897.1,18968.9
6,668,g_a_cpu,cpu,18968.9,18969.2
6,668,h_a,dpu,18969.2,18972.2
6,668,eb_enc,cpu,18972.2,18972.3
6,668,eb_dec,cpu,18972.3,18972.5
6,668,h_s,dpu,18972.5,18997.7
6,668,gc,cpu,18997.7,19007.9
6,673,normalize,cpu,19008.9,19018.9
6,673,g_a_cpu,cpu,19018.9,19019.3
6,673,g_a,dpu,19019.3,19083.1
6,673,g_a,dpu,19083.1,19156.3
6,673,g_a_cpu,cpu,19156.3,19156.6
6,673,h_a,dpu,19156.6,19175.6
6,673,eb_enc,cpu,19175.6,19175.7
6,673,eb_dec,cpu,19175.8,19175.9
6,673,h_s,dpu,19175.9,19186.3
6,673,gc,cpu,19186.3,19197.2
6,680,normalize,cpu,19198.1,19203
6,680,g_a_cpu,cpu,19203,19203.4
6,680,g_a,dpu,19203.4,19239.9
6,680,g_a,dpu,19239.9,19348.4
6,680,g_a_cpu,cpu,19348.4,19348.8
6,680,h_a,dpu,19348.8,19365.5
6,680,eb_enc,cpu,19365.5,19365.7
6,680,eb_dec,cpu,19365.7,19365.8
6,680,h_s,dpu,19365.8,19409.5
6,680,gc,cpu,19409.5,19420.1
6,689,normalize,cpu,19420.8,19425.2
6,689,g_a_cpu,cpu,19425.2,19425.7
6,689,g_a,dpu,19425.8,19498
6,689,g_a,dpu,19498,19569.7
6,689,g_a_cpu,cpu,19569.7,19570.2
6,689,h_a,dpu,19570.2,19572.8
6,689,eb_enc,cpu,19572.8,19573
6,689,eb_dec,cpu,19573,19573.1
6,689,h_s,dpu,19573.1,19643.6
6,689,gc,cpu,19643.6,19654.1
6,698,normalize,cpu,19654.6,19658.3
6,698,g_a_cpu,cpu,19658.3,19658.5
6,698,g_a,dpu,19658.5,19697
6,698,g_a,dpu,19697,19804.7
6,698,g_a_cpu,cpu,19804.7,19805.2
6,698,h_a,dpu,19805.2,19808
6,698,eb_enc,cpu,19808,19808.1
6,698,eb_dec,cpu,19808.1,19808.2
6,698,h_s,dpu,19808.2,19869.4
6,698,gc,cpu,19869.4,19879.1
6,706,normalize,cpu,19879.7,19883.4
6,706,g_a_cpu,cpu,19883.4,19883.7
6,706,g_a,dpu,19883.7,19956
6,706,g_a,dpu,19956,19992.9
6,706,g_a_cpu,cpu,19992.9,19993.3
6,706,h_a,dpu,19993.3,20012.1
6,706,eb_enc,cpu,20012.1,20012.2
6,706,eb_dec,cpu,20012.2,20012.4
6,706,h_s,dpu,20012.4,20062.9
6,706,gc,cpu,20062.9,20072.7
6,712,normalize,cpu,20073.1,20076.7
6,712,g_a_cpu,cpu,20076.7,20077
6,712,g_a,dpu,20077,20176.5
6,712,g_a,dpu,20176.5,20214.7
6,712,g_a_cpu,cpu,20214.7,20215.2
6,712,h_a,dpu,20215.2,20236.4
6,712,eb_enc,cpu,20236.4,20236.5
6,712,eb_dec,cpu,20236.5,20236.7
6,712,h_s,dpu,20236.7,20321.8
6,712,gc,cpu,20321.8,20331.4
6,721,normalize,cpu,20331.8,20335.5
6,721,g_a_cpu,cpu,20335.5,20335.8
6,721,g_a,dpu,20335.8,20406.4
6,721,g_a,dpu,20406.4,20488.1
6,721,g_a_cpu,cpu,20488.1,20488.5
6,721,h_a,dpu,20488.5,20535.4
6,721,eb_enc,cpu,20535.4,20535.5
6,721,eb_dec,cpu,20535.5,20535.6
6,721,h_s,dpu,20535.6,20622.7
6,721,gc,cpu,20622.7,20633.3
6,731,normalize,cpu,20633.9,20637.6
6,731,g_a_cpu,cpu,20637.6,20638.1
6,731,g_a,dpu,20638.1,20674.6
6,731,g_a,dpu,20674.6,20782.5
6,731,g_a_cpu,cpu,20782.5,20782.9
6,731,h_a,dpu,20782.9,20788.6
6,731,eb_enc,cpu,20788.6,20788.7
6,731,eb_dec,cpu,20788.7,20788.8
6,731,h_s,dpu,20788.8,20851.8
6,731,gc,cpu,20851.8,20861.8
6,739,normalize,cpu,20862.4,20866.1
6,739,g_a_cpu,cpu,20866.1,20866.5
6,739,g_a,dpu,20866.5,20903
6,739,g_a,dpu,20903,20974.8
6,739,g_a_cpu,cpu,20974.8,20975.3
6,739,h_a,dpu,20975.3,21024.2
6,739,eb_enc,cpu,21024.2,21024.4
6,739,eb_dec,cpu,21024.4,21024.5
6,739,h_s,dpu,21024.5,21076.4
6,739,gc,cpu,21076.4,21086.6
6,747,normalize,cpu,21087.2,21095.3
6,747,g_a_cpu,cpu,21095.3,21095.6
6,747,g_a,dpu,21095.7,21203.5
6,747,g_a,dpu,21203.5,21239.8
6,747,g_a_cpu,cpu,21239.8,21240.1
6,747,h_a,dpu,21240.1,21255.4
6,747,eb_enc,cpu,21255.4,21255.5
6,747,eb_dec,cpu,21255.5,21255.6
6,747,h_s,dpu,21255.6,21301.8
6,747,gc,cpu,21301.8,21312.7
6,756,normalize,cpu,21313.5,21317.9
6,756,g_a_cpu,cpu,21317.9,21318.4
6,756,g_a,dpu,21318.4,21355.2
6,756,g_a,dpu,21355.2,21427.5
6,756,g_a_cpu,cpu,21427.5,21428
6,756,h_a,dpu,21428,21480.2
6,756,eb_enc,cpu,21480.2,21480.4
6,756,eb_dec,cpu,21480.4,21480.5
6,756,h_s,dpu,21480.5,21530
6,756,gc,cpu,21530,21540.1
6,764,normalize,cpu,21540.9,21544.5
6,764,g_a_cpu,cpu,21544.5,21544.9
6,764,g_a,dpu,21544.9,21581.4
6,764,g_a,dpu,21581.4,21653.3
6,764,g_a_cpu,cpu,21653.3,21653.7
6,764,h_a,dpu,21653.7,21670.8
6,764,eb_enc,cpu,21670.8,21670.9
6,764,eb_dec,cpu,21670.9,21671
6,764,h_s,dpu,21671,21715.4
6,764,gc,cpu,21715.4,21725.2
6,769,normalize,cpu,21726.1,21730.5
6,769,g_a_cpu,cpu,21730.5,21740.7
6,769,g_a,dpu,21740.7,21813.1
6,769,g_a,dpu,21813.1,21886.1
6,769,g_a_cpu,cpu,21886.1,21886.6
6,769,h_a,dpu,21886.6,21895
6,769,eb_enc,cpu,21895,21895.2
6,769,eb_dec,cpu,21895.2,21895.3
6,769,h_s,dpu,21895.3,21936.5
6,769,gc,cpu,21936.5,21946.3
6,778,normalize,cpu,21946.7,21950.4
6,778,g_a_cpu,cpu,21950.4,21950.7
6,778,g_a,dpu,21950.7,22013.3
6,778,g_a,dpu,22013.3,22122.4
6,778,g_a_cpu,cpu,22122.4,22123
6,778,h_a,dpu,22123,22129.5
6,778,eb_enc,cpu,22129.5,22129.6
6,778,eb_dec,cpu,22129.6,22129.7
6,778,h_s,dpu,22129.7,22130.8
6,778,gc,cpu,22130.8,22140.9
6,785,normalize,cpu,22141.6,22145.3
6,785,g_a_cpu,cpu,22145.3,22145.5
6,785,g_a,dpu,22145.5,22233.8
6,785,g_a,dpu,22233.8,22343
6,785,g_a_cpu,cpu,22343,22343.4
6,785,h_a,dpu,22343.4,22346
6,785,eb_enc,cpu,22346,22346.1
6,785,eb_dec,cpu,22346.1,22346.2
6,785,h_s,dpu,22346.2,22474
6,785,gc,cpu,22474,22483.7
6,798,normalize,cpu,22484.2,22487.8
6,798,g_a_cpu,cpu,22487.8,22488.1
6,798,g_a,dpu,22488.1,22528.1
6,798,g_a,dpu,22528.1,22599.9
6,798,g_a_cpu,cpu,22599.9,22600.4
6,798,h_a,dpu,22600.4,22603.3
6,798,eb_enc,cpu,22603.3,22603.5
6,798,eb_dec,cpu,22603.5,22603.6
6,798,h_s,dpu,22603.6,22623
6,798,gc,cpu,22623,22632.9
6,803,normalize,cpu,22633.4,22637.1
6,803,g_a_cpu,cpu,22637.1,22637.4
6,803,g_a,dpu,22637.4,22677
6,803,g_a,dpu,22677,22785
6,803,g_a_cpu,cpu,22785,22785.4
6,803,h_a,dpu,22785.4,22788.3
6,803,eb_enc,cpu,22788.3,22788.5
6,803,eb_dec,cpu,22788.5,22788.6
6,803,h_s,dpu,22788.6,22806.6
6,803,gc,cpu,22806.6,22816.4
6,809,normalize,cpu,22816.9,22820.6
6,809,g_a_cpu,cpu,22820.6,22820.9
6,809,g_a,dpu,22820.9,22898.1
6,809,g_a,dpu,22898.1,23007.3
6,809,g_a_cpu,cpu,23007.3,23007.6
6,809,h_a,dpu,23007.6,23010.3
6,809,eb_enc,cpu,23010.3,23010.5
6,809,eb_dec,cpu,23010.5,23010.6
6,809,h_s,dpu,23010.6,23064.4
6,809,gc,cpu,23064.4,23075.1
6,821,normalize,cpu,23075.6,23079.3
6,821,g_a_cpu,cpu,23079.3,23079.6
6,821,g_a,dpu,23079.6,23156.3
6,821,g_a,dpu,23156.3,23228.9
6,821,g_a_cpu,cpu,23228.9,23229.4
6,821,h_a,dpu,23229.4,23232.2
6,821,eb_enc,cpu,23232.2,23232.3
6,821,eb_dec,cpu,23232.3,23232.4
6,821,h_s,dpu,23232.4,23298.3
6,821,gc,cpu,23298.3,23308.8
6,827,normalize,cpu,23309.4,23313
6,827,g_a_cpu,cpu,23313.1,23313.4
6,827,g_a,dpu,23313.4,23376.1
6,827,g_a,dpu,23376.1,23449.1
6,827,g_a_cpu,cpu,23449.1,23449.6
6,827,h_a,dpu,23449.6,23452.6
6,827,eb_enc,cpu,23452.6,23452.7
6,827,eb_dec,cpu,23452.7,23452.9
6,827,h_s,dpu,23452.9,23486.9
6,827,gc,cpu,23486.9,23498.1
6,834,normalize,cpu,23498.5,23502.2
6,834,g_a_cpu,cpu,23502.2,23502.6
6,834,g_a,dpu,23502.6,23573.7
6,834,g_a,dpu,23573.7,23681.3
6,834,g_a_cpu,cpu,23681.3,23681.7
6,834,h_a,dpu,23681.7,23684.4
6,834,eb_enc,cpu,23684.4,23684.5
6,834,eb_dec,cpu,23684.5,23684.7
6,834,h_s,dpu,23684.7,23714
6,834,gc,cpu,23714,23724.1
6,840,normalize,cpu,23724.8,23728.5
6,840,g_a_cpu,cpu,23728.5,23728.9
6,840,g_a,dpu,23728.9,23765.5
6,840,g_a,dpu,23765.5,23801.9
6,840,g_a_cpu,cpu,23801.9,23802.3
6,840,h_a,dpu,23802.3,23847.6
6,840,eb_enc,cpu,23847.6,23847.8
6,840,eb_dec,cpu,23847.8,23847.9
6,840,h_s,dpu,23847.9,23898.4
6,840,gc,cpu,23898.4,23908.2
6,848,normalize,cpu,23908.7,23913.1
6,848,g_a_cpu,cpu,23913.1,23913.4
6,848,g_a,dpu,23913.4,23985.3
6,848,g_a,dpu,23985.3,24023.3
6,848,g_a_cpu,cpu,24023.3,24023.7
6,848,h_a,dpu,24023.7,24077.4
6,848,eb_enc,cpu,24077.4,24077.5
6,848,eb_dec,cpu,24077.5,24077.6
6,848,h_s,dpu,24077.6,24121.7
6,848,gc,cpu,24121.7,24131.9
6,856,normalize,cpu,24132.5,24136.2
6,856,g_a_cpu,cpu,24136.3,24136.5
6,856,g_a,dpu,24136.5,24206.6
6,856,g_a,dpu,24206.6,24244.4
6,856,g_a_cpu,cpu,24244.4,24244.8
6,856,h_a,dpu,24244.8,24299.5
6,856,eb_enc,cpu,24299.5,24299.6
6,856,eb_dec,cpu,24299.6,24299.7
6,856,h_s,dpu,24299.7,24346.1
6,856,gc,cpu,24346.1,24356.2
6,864,normalize,cpu,24356.8,24360.4
6,864,g_a_cpu,cpu,24360.4,24360.9
6,864,g_a,dpu,24360.9,24427.2
6,864,g_a,dpu,24427.2,24463.9
6,864,g_a_cpu,cpu,24463.9,24464.4
6,864,h_a,dpu,24464.4,24521.1
6,864,eb_enc,cpu,24521.1,24521.3
6,864,eb_dec,cpu,24521.3,24521.4
6,864,h_s,dpu,24521.4,24580.7
6,864,gc,cpu,24580.7,24590.5
6,873,normalize,cpu,24590.9,24594.5
6,873,g_a_cpu,cpu,24594.5,24594.9
6,873,g_a,dpu,24594.9,24694.7
6,873,g_a,dpu,24694.7,24732.6
6,873,g_a_cpu,cpu,24732.6,24733.3
6,873,h_a,dpu,24733.3,24755.4
6,873,eb_enc,cpu,24755.4,24755.5
6,873,eb_dec,cpu,24755.5,24755.6
6,873,h_s,dpu,24755.6,24808
6,873,gc,cpu,24808,24818.6
6,881,normalize,cpu,24819.1,24822.7
6,881,g_a_cpu,cpu,24822.7,24823
6,881,g_a,dpu,24823.1,24925.7
6,881,g_a,dpu,24925.7,24963.5
6,881,g_a_cpu,cpu,24963.5,24964.2
6,881,h_a,dpu,24964.2,24980.7
6,881,eb_enc,cpu,24980.7,24980.8
6,881,eb_dec,cpu,24980.8,24981
6,881,h_s,dpu,24981,25031
6,881,gc,cpu,25031,25040.6
6,890,normalize,cpu,25041,25045.3
6,890,g_a_cpu,cpu,25045.3,25045.6
6,890,g_a,dpu,25045.6,25152.8
6,890,g_a,dpu,25152.8,25191.2
6,890,g_a_cpu,cpu,25191.2,25191.7
6,890,h_a,dpu,25191.7,25208.2
6,890,eb_enc,cpu,25208.2,25208.3
6,890,eb_dec,cpu,25208.3,25208.5
6,890,h_s,dpu,25208.5,25289.3
6,890,gc,cpu,25289.3,25299.1
6,898,normalize,cpu,25299.6,25303.4
6,898,g_a_cpu,cpu,25303.4,25303.7
6,898,g_a,dpu,25303.7,25376.6
6,898,g_a,dpu,25376.6,25460.3
6,898,g_a_cpu,cpu,25460.3,25460.7
6,898,h_a,dpu,25460.7,25505.3
6,898,eb_enc,cpu,25505.3,25505.4
6,898,eb_dec,cpu,25505.4,25505.5
6,898,h_s,dpu,25505.5,25555.4
6,898,gc,cpu,25555.4,25565.2
6,907,normalize,cpu,25565.7,25569.3
6,907,g_a_cpu,cpu,25569.3,25569.9
6,907,g_a,dpu,25569.9,25606.7
6,907,g_a,dpu,25606.7,25718.5
6,907,g_a_cpu,cpu,25718.5,25719
6,907,h_a,dpu,25719,25773.3
6,907,eb_enc,cpu,25773.3,25773.4
6,907,eb_dec,cpu,25773.4,25773.5
6,907,h_s,dpu,25773.5,25822.2
6,907,gc,cpu,25822.2,25832.1
6,919,normalize,cpu,25832.6,25836.3
6,919,g_a_cpu,cpu,25836.3,25836.6
6,919,g_a,dpu,25836.6,25903.7
6,919,g_a,dpu,25903.7,26011.2
6,919,g_a_cpu,cpu,26011.3,26011.6
6,919,h_a,dpu,26011.6,26014.5
6,919,eb_enc,cpu,26014.5,26014.7
6,919,eb_dec,cpu,26014.7,26014.8
6,919,h_s,dpu,26014.8,26015.8
6,919,gc,cpu,26015.8,26025.6
6,922,normalize,cpu,26026.1,26029.7
6,922,g_a_cpu,cpu,26029.7,26030
6,922,g_a,dpu,26030,26088.2
6,922,g_a,dpu,26088.2,26161.1
6,922,g_a_cpu,cpu,26161.2,26161.6
6,922,h_a,dpu,26161.6,26180.4
6,922,eb_enc,cpu,26180.4,26180.6
6,922,eb_dec,cpu,26180.6,26180.7
6,922,h_s,dpu,26180.7,26216.9
6,922,gc,cpu,26216.9,26227.2
7,7,normalize,cpu,79.8925,83.5572
7,7,g_a_cpu,cpu,83.6883,84.034
7,7,g_a,dpu,84.0377,184.064
7,7,g_a,dpu,184.072,291.823
7,7,g_a_cpu,cpu,291.824,292.296
7,7,h_a,dpu,292.301,308.908
7,7,eb_enc,cpu,308.91,309.041
7,7,eb_dec,cpu,309.042,309.159
7,7,h_s,dpu,309.159,315.511
7,7,gc,cpu,315.516,339.391
7,15,normalize,cpu,339.934,343.588
7,15,g_a_cpu,cpu,343.591,343.948
7,15,g_a,dpu,343.952,433.353
7,15,g_a,dpu,433.355,541.194
7,15,g_a_cpu,cpu,541.197,541.723
7,15,h_a,dpu,541.725,545.291
7,15,eb_enc,cpu,545.292,545.609
7,15,eb_dec,cpu,545.614,545.779
7,15,h_s,dpu,545.779,551.643
7,15,gc,cpu,551.644,572.834
7,23,normalize,cpu,573.307,576.993
7,23,g_a_cpu,cpu,576.996,577.261
7,23,g_a,dpu,577.264,666.954
7,23,g_a,dpu,666.955,775.512
7,23,g_a_cpu,cpu,775.513,775.917
7,23,h_a,dpu,775.919,781.112
7,23,eb_enc,cpu,781.113,781.268
7,23,eb_dec,cpu,781.268,781.394
7,23,h_s,dpu,781.395,793.6
7,23,gc,cpu,793.6,806.82
7,30,normalize,cpu,807.384,811.056
7,30,g_a_cpu,cpu,811.059,811.605
7,30,g_a,dpu,811.608,909.862
7,30,g_a,dpu,909.868,1019.73
7,30,g_a_cpu,cpu,1019.73,1020.11
7,30,h_a,dpu,1020.12,1022.26
7,30,eb_enc,cpu,1022.26,1022.41
7,30,eb_dec,cpu,1022.41,1022.53
7,30,h_s,dpu,1022.53,1036.46
7,30,gc,cpu,1036.46,1046.67
7,38,normalize,cpu,1047.16,1050.83
7,38,g_a_cpu,cpu,1050.83,1051.12
7,38,g_a,dpu,1051.12,1140.31
7,38,g_a,dpu,1140.32,1249.74
7,38,g_a_cpu,cpu,1249.74,1250.12
7,38,h_a,dpu,1250.12,1258.62
7,38,eb_enc,cpu,1258.63,1258.76
7,38,eb_dec,cpu,1258.76,1258.87
7,38,h_s,dpu,1258.87,1264.51
7,38,gc,cpu,1264.51,1274.97
7,44,normalize,cpu,1275.7,1279.38
7,44,g_a_cpu,cpu,1279.38,1279.8
7,44,g_a,dpu,1279.81,1326.62
7,44,g_a,dpu,1326.62,1435.17
7,44,g_a_cpu,cpu,1435.17,1435.63
7,44,h_a,dpu,1435.63,1492.21
7,44,eb_enc,cpu,1492.21,1492.39
7,44,eb_dec,cpu,1492.4,1492.52
7,44,h_s,dpu,1492.52,1501.57
7,44,gc,cpu,1501.57,1512.04
7,53,normalize,cpu,1512.57,1516.95
7,53,g_a_cpu,cpu,1516.95,1517.34
7,53,g_a,dpu,1517.35,1588.05
7,53,g_a,dpu,1588.05,1660.45
7,53,g_a_cpu,cpu,1660.45,1660.92
7,53,h_a,dpu,1660.93,1716.11
7,53,eb_enc,cpu,1716.12,1716.42
7,53,eb_dec,cpu,1716.42,1716.59
7,53,h_s,dpu,1716.59,1721.59
7,53,gc,cpu,1721.59,1731.73
7,59,normalize,cpu,1732.42,1736.08
7,59,g_a_cpu,cpu,1736.08,1736.39
7,59,g_a,dpu,1736.4,1784.41
7,59,g_a,dpu,1784.42,1856.85
7,59,g_a_cpu,cpu,1856.85,1857.26
7,59,h_a,dpu,1857.27,1901.84
7,59,eb_enc,cpu,1901.84,1902
7,59,eb_dec,cpu,1902.01,1902.14
7,59,h_s,dpu,1902.14,1907.54
7,59,gc,cpu,1907.54,1917.72
7,67,normalize,cpu,1918.34,1922.01
7,67,g_a_cpu,cpu,1922.01,1922.31
7,67,g_a,dpu,1922.31,2006.08
7,67,g_a,dpu,2006.09,2081.57
7,67,g_a_cpu,cpu,2081.57,2081.91
7,67,h_a,dpu,2081.91,2129.9
7,67,eb_enc,cpu,2129.91,2130.03
7,67,eb_dec,cpu,2130.03,2130.14
7,67,h_s,dpu,2130.14,2131.58
7,67,gc,cpu,2131.58,2141.95
7,75,normalize,cpu,2142.55,2146.21
7,75,g_a_cpu,cpu,2146.22,2146.69
7,75,g_a,dpu,2146.69,2196.46
7,75,g_a,dpu,2196.46,2268.34
7,75,g_a_cpu,cpu,2268.34,2268.7
7,75,h_a,dpu,2268.7,2319.34
7,75,eb_enc,cpu,2319.34,2319.5
7,75,eb_dec,cpu,2319.5,2319.63
7,75,h_s,dpu,2319.63,2322.18
7,75,gc,cpu,2322.18,2332.11
7,81,normalize,cpu,2332.64,2336.25
7,81,g_a_cpu,cpu,2336.25,2336.57
7,81,g_a,dpu,2336.57,2384.47
7,81,g_a,dpu,2384.47,2492.66
7,81,g_a_cpu,cpu,2492.66,2492.99
7,81,h_a,dpu,2492.99,2547.2
7,81,eb_enc,cpu,2547.2,2547.4
7,81,eb_dec,cpu,2547.4,2547.53
7,81,h_s,dpu,2547.53,2551.09
7,81,gc,cpu,2551.09,2561.69
7,91,normalize,cpu,2562.36,2566.1
7,91,g_a_cpu,cpu,2566.1,2566.45
7,91,g_a,dpu,2566.45,2620.36
7,91,g_a,dpu,2620.36,2728.11
7,91,g_a_cpu,cpu,2728.11,2728.55
7,91,h_a,dpu,2728.55,2777.85
7,91,eb_enc,cpu,2777.85,2778.02
7,91,eb_dec,cpu,2778.02,2778.16
7,91,h_s,dpu,2778.16,2785.41
7,91,gc,cpu,2785.41,2798.25
7,100,normalize,cpu,2798.84,2802.49
7,100,g_a_cpu,cpu,2802.5,2802.81
7,100,g_a,dpu,2802.81,2913.43
7,100,g_a,dpu,2913.44,2989.67
7,100,g_a_cpu,cpu,2989.67,2990.06
7,100,h_a,dpu,2990.06,3004.7
7,100,eb_enc,cpu,3004.7,3004.85
7,100,eb_dec,cpu,3004.85,3004.96
7,100,h_s,dpu,3004.96,3022.3
7,100,gc,cpu,3022.31,3031.86
7,108,normalize,cpu,3032.44,3036.05
7,108,g_a_cpu,cpu,3036.06,3036.38
7,108,g_a,dpu,3036.38,3140.25
7,108,g_a,dpu,3140.25,3216.39
7,108,g_a_cpu,cpu,3216.39,3216.72
7,108,h_a,dpu,3216.73,3271.69
7,108,eb_enc,cpu,3271.69,3271.84
7,108,eb_dec,cpu,3271.84,3271.96
7,108,h_s,dpu,3271.97,3323.78
7,108,gc,cpu,3323.78,3334.04
7,117,normalize,cpu,3334.54,3338.2
7,117,g_a_cpu,cpu,3338.2,3338.51
7,117,g_a,dpu,3338.51,3400.21
7,117,g_a,dpu,3400.21,3474.69
7,117,g_a_cpu,cpu,3474.69,3475.06
7,117,h_a,dpu,3475.06,3497.19
7,117,eb_enc,cpu,3497.19,3497.33
7,117,eb_dec,cpu,3497.33,3497.44
7,117,h_s,dpu,3497.44,3546.17
7,117,gc,cpu,3546.17,3555.99
7,125,normalize,cpu,3556.48,3560.1
7,125,g_a_cpu,cpu,3560.11,3560.45
7,125,g_a,dpu,3560.45,3623.47
7,125,g_a,dpu,3623.48,3701.15
7,125,g_a_cpu,cpu,3701.15,3701.51
7,125,h_a,dpu,3701.51,3791.58
7,125,eb_enc,cpu,3791.58,3791.7
7,125,eb_dec,cpu,3791.7,3791.81
7,125,h_s,dpu,3791.81,3810.72
7,125,gc,cpu,3810.72,3820.63
7,133,normalize,cpu,3821.15,3824.8
7,133,g_a_cpu,cpu,3824.81,3825.14
7,133,g_a,dpu,3825.14,3861.71
7,133,g_a,dpu,3861.72,3936.19
7,133,g_a_cpu,cpu,3936.19,3936.57
7,133,h_a,dpu,3936.58,4014.41
7,133,eb_enc,cpu,4014.41,4014.57
7,133,eb_dec,cpu,4014.57,4014.69
7,133,h_s,dpu,4014.69,4018.53
7,133,gc,cpu,4018.54,4028.92
7,142,normalize,cpu,4029.5,4033.19
7,142,g_a_cpu,cpu,4033.2,4033.49
7,142,g_a,dpu,4033.5,4084.12
7,142,g_a,dpu,4084.12,4156.94
7,142,g_a_cpu,cpu,4156.94,4157.37
7,142,h_a,dpu,4157.37,4235.66
7,142,eb_enc,cpu,4235.66,4235.87
7,142,eb_dec,cpu,4235.87,4235.99
7,142,h_s,dpu,4235.99,4237.27
7,142,gc,cpu,4237.27,4247.14
7,151,normalize,cpu,4247.66,4251.32
7,151,g_a_cpu,cpu,4251.32,4251.79
7,151,g_a,dpu,4251.79,4308.08
7,151,g_a,dpu,4308.08,4344.5
7,151,g_a_cpu,cpu,4344.5,4345
7,151,h_a,dpu,4345,4395.74
7,151,eb_enc,cpu,4395.74,4395.87
7,151,eb_dec,cpu,4395.87,4395.99
7,151,h_s,dpu,4395.99,4409.33
7,151,gc,cpu,4409.34,4419.29
7,157,normalize,cpu,4419.92,4423.57
7,157,g_a_cpu,cpu,4423.57,4423.91
7,157,g_a,dpu,4423.92,4532.39
7,157,g_a,dpu,4532.4,4607.05
7,157,g_a_cpu,cpu,4607.05,4607.47
7,157,h_a,dpu,4607.47,4621.37
7,157,eb_enc,cpu,4621.37,4621.51
7,157,eb_dec,cpu,4621.51,4621.62
7,157,h_s,dpu,4621.62,4622.91
7,157,gc,cpu,4622.91,4635.14
7,166,normalize,cpu,4635.88,4639.64
7,166,g_a_cpu,cpu,4639.64,4639.91
7,166,g_a,dpu,4639.91,4717.66
7,166,g_a,dpu,4717.66,4826.48
7,166,g_a_cpu,cpu,4826.48,4826.97
7,166,h_a,dpu,4826.98,4852.52
7,166,eb_enc,cpu,4852.52,4852.65
7,166,eb_dec,cpu,4852.65,4852.76
7,166,h_s,dpu,4852.76,4853.94
7,166,gc,cpu,4853.94,4864.04
7,173,normalize,cpu,4864.91,4868.64
7,173,g_a_cpu,cpu,4868.64,4869.52
7,173,g_a,dpu,4869.52,4908.75
7,173,g_a,dpu,4908.75,5017.04
7,173,g_a_cpu,cpu,5017.04,5017.49
7,173,h_a,dpu,5017.49,5047.29
7,173,eb_enc,cpu,5047.29,5047.41
7,173,eb_dec,cpu,5047.42,5047.53
7,173,h_s,dpu,5047.53,5050.64
7,173,gc,cpu,5050.64,5062.13
7,178,normalize,cpu,5062.68,5066.66
7,178,g_a_cpu,cpu,5066.66,5066.99
7,178,g_a,dpu,5066.99,5103.67
7,178,g_a,dpu,5103.67,5215.63
7,178,g_a_cpu,cpu,5215.63,5216.12
7,178,h_a,dpu,5216.13,5289.13
7,178,eb_enc,cpu,5289.13,5289.28
7,178,eb_dec,cpu,5289.28,5289.4
7,178,h_s,dpu,5289.4,5292.69
7,178,gc,cpu,5292.69,5303.08
7,187,normalize,cpu,5303.66,5307.4
7,187,g_a_cpu,cpu,5307.4,5307.74
7,187,g_a,dpu,5307.74,5368.33
7,187,g_a,dpu,5368.33,5440.25
7,187,g_a_cpu,cpu,5440.25,5440.67
7,187,h_a,dpu,5440.67,5485.95
7,187,eb_enc,cpu,5485.95,5486.12
7,187,eb_dec,cpu,5486.12,5486.24
7,187,h_s,dpu,5486.24,5490.04
7,187,gc,cpu,5490.04,5499.98
7,194,normalize,cpu,5500.55,5504.16
7,194,g_a_cpu,cpu,5504.17,5504.51
7,194,g_a,dpu,5504.51,5588.31
7,194,g_a,dpu,5588.31,5660.93
7,194,g_a_cpu,cpu,5660.93,5661.38
7,194,h_a,dpu,5661.38,5710.33
7,194,eb_enc,cpu,5710.33,5710.47
7,194,eb_dec,cpu,5710.47,5710.58
7,194,h_s,dpu,5710.58,5711.96
7,194,gc,cpu,5711.96,5721.87
7,203,normalize,cpu,5722.35,5726.04
7,203,g_a_cpu,cpu,5726.04,5726.47
7,203,g_a,dpu,5726.47,5846.67
7,203,g_a,dpu,5846.67,5930.36
7,203,g_a_cpu,cpu,5930.36,5930.76
7,203,h_a,dpu,5930.77,6008.17
7,203,eb_enc,cpu,6008.17,6008.31
7,203,eb_dec,cpu,6008.32,6008.43
7,203,h_s,dpu,6008.43,6009.64
7,203,gc,cpu,6009.64,6019.22
7,211,normalize,cpu,6019.71,6023.4
7,211,g_a_cpu,cpu,6023.41,6023.69
7,211,g_a,dpu,6023.69,6112.22
7,211,g_a,dpu,6112.22,6149.89
7,211,g_a_cpu,cpu,6149.89,6150.26
7,211,h_a,dpu,6150.26,6202.82
7,211,eb_enc,cpu,6202.82,6202.94
7,211,eb_dec,cpu,6202.94,6203.06
7,211,h_s,dpu,6203.06,6214.03
7,211,gc,cpu,6214.03,6223.8
7,220,normalize,cpu,6224.24,6227.88
7,220,g_a_cpu,cpu,6227.89,6228.35
7,220,g_a,dpu,6228.35,6334.65
7,220,g_a,dpu,6334.66,6416.45
7,220,g_a_cpu,cpu,6416.45,6416.82
7,220,h_a,dpu,6416.82,6462.36
7,220,eb_enc,cpu,6462.36,6462.52
7,220,eb_dec,cpu,6462.53,6462.65
7,220,h_s,dpu,6462.65,6486.04
7,220,gc,cpu,6486.04,6495.95
7,228,normalize,cpu,6496.6,6500.25
7,228,g_a_cpu,cpu,6500.25,6500.66
7,228,g_a,dpu,6500.66,6567.84
7,228,g_a,dpu,6567.84,6641.54
7,228,g_a_cpu,cpu,6641.54,6641.88
7,228,h_a,dpu,6641.88,6687.82
7,228,eb_enc,cpu,6687.82,6687.93
7,228,eb_dec,cpu,6687.93,6688.04
7,228,h_s,dpu,6688.05,6704.52
7,228,gc,cpu,6704.53,6714.72
7,235,normalize,cpu,6715.47,6719.37
7,235,g_a_cpu,cpu,6719.37,6719.82
7,235,g_a,dpu,6719.83,6756.5
7,235,g_a,dpu,6756.5,6866.04
7,235,g_a_cpu,cpu,6866.04,6866.42
7,235,h_a,dpu,6866.42,6915.44
7,235,eb_enc,cpu,6915.44,6915.61
7,235,eb_dec,cpu,6915.61,6915.75
7,235,h_s,dpu,6915.75,6917.34
7,235,gc,cpu,6917.35,6928.23
7,245,normalize,cpu,6929.07,6932.73
7,245,g_a_cpu,cpu,6932.74,6933.12
7,245,g_a,dpu,6933.12,6983.88
7,245,g_a,dpu,6983.88,7091.63
7,245,g_a_cpu,cpu,7091.63,7092.03
7,245,h_a,dpu,7092.03,7112.41
7,245,eb_enc,cpu,7112.42,7112.57
7,245,eb_dec,cpu,7112.57,7112.69
7,245,h_s,dpu,7112.69,7115.4
7,245,gc,cpu,7115.4,7124.99
7,251,normalize,cpu,7125.46,7130.12
7,251,g_a_cpu,cpu,7130.12,7130.52
7,251,g_a,dpu,7130.52,7219.01
7,251,g_a,dpu,7219.01,7327.16
7,251,g_a_cpu,cpu,7327.16,7327.5
7,251,h_a,dpu,7327.5,7333.51
7,251,eb_enc,cpu,7333.51,7333.63
7,251,eb_dec,cpu,7333.63,7333.75
7,251,h_s,dpu,7333.75,7336.97
7,251,gc,cpu,7336.97,7347.03
7,258,normalize,cpu,7347.47,7351.17
7,258,g_a_cpu,cpu,7351.17,7351.44
7,258,g_a,dpu,7351.44,7449.29
7,258,g_a,dpu,7449.29,7485.62
7,258,g_a_cpu,cpu,7485.62,7486.04
7,258,h_a,dpu,7486.04,7526.96
7,258,eb_enc,cpu,7526.97,7527.11
7,258,eb_dec,cpu,7527.11,7527.22
7,258,h_s,dpu,7527.22,7532.03
7,258,gc,cpu,7532.03,7541.85
7,265,normalize,cpu,7542.43,7546.09
7,265,g_a_cpu,cpu,7546.1,7546.37
7,265,g_a,dpu,7546.38,7631.77
7,265,g_a,dpu,7631.78,7668.15
7,265,g_a_cpu,cpu,7668.15,7668.57
7,265,h_a,dpu,7668.57,7683.31
7,265,eb_enc,cpu,7683.31,7683.45
7,265,eb_dec,cpu,7683.45,7683.56
7,265,h_s,dpu,7683.56,7692.79
7,265,gc,cpu,7692.79,7702.55
7,271,normalize,cpu,7703.11,7706.82
7,271,g_a_cpu,cpu,7706.82,7707.15
7,271,g_a,dpu,7707.15,7852.07
7,271,g_a,dpu,7852.07,7926.94
7,271,g_a_cpu,cpu,7926.94,7927.37
7,271,h_a,dpu,7927.37,8014.24
7,271,eb_enc,cpu,8014.25,8014.38
7,271,eb_dec,cpu,8014.38,8014.49
7,271,h_s,dpu,8014.49,8015.94
7,271,gc,cpu,8015.94,8025.87
7,282,normalize,cpu,8026.32,8030
7,282,g_a_cpu,cpu,8030,8030.43
7,282,g_a,dpu,8030.43,8084.3
7,282,g_a,dpu,8084.3,8156.07
7,282,g_a_cpu,cpu,8156.07,8156.51
7,282,h_a,dpu,8156.51,8206.3
7,282,eb_enc,cpu,8206.3,8206.44
7,282,eb_dec,cpu,8206.44,8206.56
7,282,h_s,dpu,8206.56,8209.93
7,282,gc,cpu,8209.93,8219.78
7,288,normalize,cpu,8220.35,8226.03
7,288,g_a_cpu,cpu,8226.04,8226.38
7,288,g_a,dpu,8226.39,8317.49
7,288,g_a,dpu,8317.49,8427.36
7,288,g_a_cpu,cpu,8427.36,8427.69
7,288,h_a,dpu,8427.69,8467.47
7,288,eb_enc,cpu,8467.47,8467.59
7,288,eb_dec,cpu,8467.59,8467.7
7,288,h_s,dpu,8467.7,8469.56
7,288,gc,cpu,8469.56,8480.05
7,299,normalize,cpu,8480.56,8484.18
7,299,g_a_cpu,cpu,8484.18,8484.91
7,299,g_a,dpu,8484.91,8582.29
7,299,g_a,dpu,8582.29,8654.12
7,299,g_a_cpu,cpu,8654.13,8654.59
7,299,h_a,dpu,8654.59,8687.23
7,299,eb_enc,cpu,8687.23,8687.37
7,299,eb_dec,cpu,8687.37,8687.48
7,299,h_s,dpu,8687.48,8693.96
7,299,gc,cpu,8693.96,8703.96
7,308,normalize,cpu,8704.67,8708.31
7,308,g_a_cpu,cpu,8708.32,8708.57
7,308,g_a,dpu,8708.57,8812.19
7,308,g_a,dpu,8812.2,8884.02
7,308,g_a_cpu,cpu,8884.02,8884.51
7,308,h_a,dpu,8884.51,8907.24
7,308,eb_enc,cpu,8907.24,8907.36
7,308,eb_dec,cpu,8907.36,8907.47
7,308,h_s,dpu,8907.47,8911.48
7,308,gc,cpu,8911.48,8921.76
7,316,normalize,cpu,8922.28,8927.09
7,316,g_a_cpu,cpu,8927.1,8927.44
7,316,g_a,dpu,8927.44,9070.38
7,316,g_a,dpu,9070.38,9107.82
7,316,g_a_cpu,cpu,9107.83,9108.23
7,316,h_a,dpu,9108.23,9129.22
7,316,eb_enc,cpu,9129.22,9129.42
7,316,eb_dec,cpu,9129.42,9129.55
7,316,h_s,dpu,9129.55,9137.74
7,316,gc,cpu,9137.74,9148.01
7,323,normalize,cpu,9149.25,9152.89
7,323,g_a_cpu,cpu,9152.9,9153.21
7,323,g_a,dpu,9153.22,9268.13
7,323,g_a,dpu,9268.13,9341.06
7,323,g_a_cpu,cpu,9341.06,9341.37
7,323,h_a,dpu,9341.37,9352.12
7,323,eb_enc,cpu,9352.13,9352.33
7,323,eb_dec,cpu,9352.33,9352.47
7,323,h_s,dpu,9352.47,9358.14
7,323,gc,cpu,9358.14,9368.64
7,330,normalize,cpu,9369.3,9373.03
7,330,g_a_cpu,cpu,9373.04,9373.63
7,330,g_a,dpu,9373.63,9417.54
7,330,g_a,dpu,9417.55,9526.1
7,330,g_a_cpu,cpu,9526.1,9526.5
7,330,h_a,dpu,9526.5,9579.1
7,330,eb_enc,cpu,9579.1,9579.23
7,330,eb_dec,cpu,9579.23,9579.36
7,330,h_s,dpu,9579.36,9584.06
7,330,gc,cpu,9584.06,9594.48
7,339,normalize,cpu,9595.02,9598.7
7,339,g_a_cpu,cpu,9598.7,9599.11
7,339,g_a,dpu,9599.11,9639.41
7,339,g_a,dpu,9639.41,9748.03
7,339,g_a_cpu,cpu,9748.03,9748.52
7,339,h_a,dpu,9748.52,9801.66
7,339,eb_enc,cpu,9801.66,9801.85
7,339,eb_dec,cpu,9801.85,9801.99
7,339,h_s,dpu,9801.99,9806.75
7,339,gc,cpu,9806.75,9828.88
7,349,normalize,cpu,9829.69,9833.34
7,349,g_a_cpu,cpu,9833.34,9833.67
7,349,g_a,dpu,9833.67,9930.17
7,349,g_a,dpu,9930.17,10038.9
7,349,g_a_cpu,cpu,10038.9,10039.4
7,349,h_a,dpu,10039.4,10041.4
7,349,eb_enc,cpu,10041.4,10041.6
7,349,eb_dec,cpu,10041.6,10041.7
7,349,h_s,dpu,10041.7,10043
7,349,gc,cpu,10043,10052.9
7,353,normalize,cpu,10053.5,10057.3
7,353,g_a_cpu,cpu,10057.3,10057.7
7,353,g_a,dpu,10057.7,10231.9
7,353,g_a,dpu,10231.9,10271
7,353,g_a_cpu,cpu,10271,10271.4
7,353,h_a,dpu,10271.4,10317.1
7,353,eb_enc,cpu,10317.1,10317.2
7,353,eb_dec,cpu,10317.2,10317.3
7,353,h_s,dpu,10317.3,10368.2
7,353,gc,cpu,10368.2,10377.9
7,365,normalize,cpu,10378.4,10382.2
7,365,g_a_cpu,cpu,10382.2,10382.5
7,365,g_a,dpu,10382.5,10453.8
7,365,g_a,dpu,10453.8,10496.4
7,365,g_a_cpu,cpu,10496.4,10496.8
7,365,h_a,dpu,10496.8,10585.8
7,365,eb_enc,cpu,10585.8,10585.9
7,365,eb_dec,cpu,10585.9,10586
7,365,h_s,dpu,10586,10587.2
7,365,gc,cpu,10587.2,10597.1
7,372,normalize,cpu,10597.5,10601.2
7,372,g_a_cpu,cpu,10601.2,10601.5
7,372,g_a,dpu,10601.5,10678.1
7,372,g_a,dpu,10678.1,10716
7,372,g_a_cpu,cpu,10716,10716.5
7,372,h_a,dpu,10716.5,10773.5
7,372,eb_enc,cpu,10773.5,10773.7
7,372,eb_dec,cpu,10773.7,10773.8
7,372,h_s,dpu,10773.8,10831.4
7,372,gc,cpu,10831.4,10841
7,380,normalize,cpu,10841.5,10845.2
7,380,g_a_cpu,cpu,10845.2,10845.5
7,380,g_a,dpu,10845.5,10900
7,380,g_a,dpu,10900,10938.4
7,380,g_a_cpu,cpu,10938.4,10938.8
7,380,h_a,dpu,10938.8,11034
7,380,eb_enc,cpu,11034,11034.1
7,380,eb_dec,cpu,11034.1,11034.2
7,380,h_s,dpu,11034.2,11053.1
7,380,gc,cpu,11053.1,11062.7
7,388,normalize,cpu,11063.2,11066.9
7,388,g_a_cpu,cpu,11066.9,11067.1
7,388,g_a,dpu,11067.1,11124.4
7,388,g_a,dpu,11124.4,11161.5
7,388,g_a_cpu,cpu,11161.5,11161.9
7,388,h_a,dpu,11161.9,11229.5
7,388,eb_enc,cpu,11229.5,11229.6
7,388,eb_dec,cpu,11229.6,11229.8
7,388,h_s,dpu,11229.8,11249.4
7,388,gc,cpu,11249.4,11259.4
7,396,normalize,cpu,11259.9,11263.6
7,396,g_a_cpu,cpu,11263.6,11263.9
7,396,g_a,dpu,11263.9,11348.5
7,396,g_a,dpu,11348.5,11384.9
7,396,g_a_cpu,cpu,11384.9,11385.3
7,396,h_a,dpu,11385.3,11414.6
7,396,eb_enc,cpu,11414.6,11414.7
7,396,eb_dec,cpu,11414.7,11414.8
7,396,h_s,dpu,11414.8,11436.8
7,396,gc,cpu,11436.8,11446.4
7,404,normalize,cpu,11446.9,11450.6
7,404,g_a_cpu,cpu,11450.6,11451.2
7,404,g_a,dpu,11451.2,11533.7
7,404,g_a,dpu,11533.7,11608
7,404,g_a_cpu,cpu,11608,11608.4
7,404,h_a,dpu,11608.4,11671.1
7,404,eb_enc,cpu,11671.1,11671.2
7,404,eb_dec,cpu,11671.2,11671.3
7,404,h_s,dpu,11671.3,11700.8
7,404,gc,cpu,11700.8,11710.4
7,412,normalize,cpu,11710.9,11714.6
7,412,g_a_cpu,cpu,11714.6,11714.9
7,412,g_a,dpu,11714.9,11796
7,412,g_a,dpu,11796.1,11833.5
7,412,g_a_cpu,cpu,11833.5,11833.8
7,412,h_a,dpu,11833.8,11893.1
7,412,eb_enc,cpu,11893.1,11893.2
7,412,eb_dec,cpu,11893.2,11893.3
7,412,h_s,dpu,11893.3,11921.6
7,412,gc,cpu,11921.6,11931.7
7,420,normalize,cpu,11932.2,11935.8
7,420,g_a_cpu,cpu,11935.8,11936.1
7,420,g_a,dpu,11936.1,12020.5
7,420,g_a,dpu,12020.5,12064.1
7,420,g_a_cpu,cpu,12064.1,12064.5
7,420,h_a,dpu,12064.5,12149.6
7,420,eb_enc,cpu,12149.6,12149.7
7,420,eb_dec,cpu,12149.7,12149.8
7,420,h_s,dpu,12149.8,12151.1
7,420,gc,cpu,12151.1,12160.7
7,428,normalize,cpu,12161.2,12164.9
7,428,g_a_cpu,cpu,12164.9,12165.1
7,428,g_a,dpu,12165.1,12249.4
7,428,g_a,dpu,12249.4,12287.2
7,428,g_a_cpu,cpu,12287.2,12287.5
7,428,h_a,dpu,12287.5,12370.8
7,428,eb_enc,cpu,12370.8,12370.9
7,428,eb_dec,cpu,12370.9,12371
7,428,h_s,dpu,12371,12372.4
7,428,gc,cpu,12372.4,12382.5
7,438,normalize,cpu,12382.9,12386.6
7,438,g_a_cpu,cpu,12386.6,12386.9
7,438,g_a,dpu,12386.9,12436.9
7,438,g_a,dpu,12436.9,12509.8
7,438,g_a_cpu,cpu,12509.8,12510.2
7,438,h_a,dpu,12510.2,12556
7,438,eb_enc,cpu,12556,12556.1
7,438,eb_dec,cpu,12556.1,12556.2
7,438,h_s,dpu,12556.2,12574.2
7,438,gc,cpu,12574.2,12584
7,446,normalize,cpu,12584.6,12588.2
7,446,g_a_cpu,cpu,12588.2,12588.5
7,446,g_a,dpu,12588.5,12695.4
7,446,g_a,dpu,12695.4,12771.2
7,446,g_a_cpu,cpu,12771.2,12771.6
7,446,h_a,dpu,12771.6,12778.5
7,446,eb_enc,cpu,12778.5,12778.6
7,446,eb_dec,cpu,12778.7,12778.8
7,446,h_s,dpu,12778.8,12828.1
7,446,gc,cpu,12828.1,12837.8
7,453,normalize,cpu,12838.3,12842
7,453,g_a_cpu,cpu,12842,12842.3
7,453,g_a,dpu,12842.3,12918.9
7,453,g_a,dpu,12918.9,12994.3
7,453,g_a_cpu,cpu,12994.4,12994.8
7,453,h_a,dpu,12994.8,13038.4
7,453,eb_enc,cpu,13038.4,13038.5
7,453,eb_dec,cpu,13038.5,13038.6
7,453,h_s,dpu,13038.6,13095.7
7,453,gc,cpu,13095.7,13106.1
7,462,normalize,cpu,13106.8,13115
7,462,g_a_cpu,cpu,13115,13115.6
7,462,g_a,dpu,13115.6,13185
7,462,g_a,dpu,13185,13297.4
7,462,g_a_cpu,cpu,13297.4,13298.1
7,462,h_a,dpu,13298.1,13335.7
7,462,eb_enc,cpu,13335.7,13335.9
7,462,eb_dec,cpu,13335.9,13336
7,462,h_s,dpu,13336,13337.7
7,462,gc,cpu,13337.7,13347.9
7,471,normalize,cpu,13349.5,13360.9
7,471,g_a_cpu,cpu,13360.9,13361.2
7,471,g_a,dpu,13361.2,13460.3
7,471,g_a,dpu,13460.3,13568.4
7,471,g_a_cpu,cpu,13568.4,13568.8
7,471,h_a,dpu,13568.8,13581.5
7,471,eb_enc,cpu,13581.5,13581.6
7,471,eb_dec,cpu,13581.6,13581.8
7,471,h_s,dpu,13581.8,13588.6
7,471,gc,cpu,13588.6,13599.1
7,483,normalize,cpu,13599.6,13603.3
7,483,g_a_cpu,cpu,13603.3,13603.6
7,483,g_a,dpu,13603.6,13717.5
7,483,g_a,dpu,13717.5,13793.9
7,483,g_a_cpu,cpu,13793.9,13794.4
7,483,h_a,dpu,13794.4,13808.4
7,483,eb_enc,cpu,13808.4,13808.5
7,483,eb_dec,cpu,13808.5,13808.7
7,483,h_s,dpu,13808.7,13826.6
7,483,gc,cpu,13826.6,13836.7
7,491,normalize,cpu,13837.4,13841
7,491,g_a_cpu,cpu,13841,13841.3
7,491,g_a,dpu,13841.3,13949.1
7,491,g_a,dpu,13949.1,13985.4
7,491,g_a_cpu,cpu,13985.4,13985.8
7,491,h_a,dpu,13985.8,13992.5
7,491,eb_enc,cpu,13992.5,13992.7
7,491,eb_dec,cpu,13992.7,13992.8
7,491,h_s,dpu,13992.8,13994.2
7,491,gc,cpu,13994.2,14004
7,494,normalize,cpu,14004.5,14008.1
7,494,g_a_cpu,cpu,14008.1,14008.5
7,494,g_a,dpu,14008.5,14101.8
7,494,g_a,dpu,14101.8,14210.8
7,494,g_a_cpu,cpu,14210.8,14211.2
7,494,h_a,dpu,14211.2,14261.6
7,494,eb_enc,cpu,14261.6,14261.8
7,494,eb_dec,cpu,14261.8,14261.9
7,494,h_s,dpu,14261.9,14267.9
7,494,gc,cpu,14267.9,14278.4
7,506,normalize,cpu,14279,14282.6
7,506,g_a_cpu,cpu,14282.6,14283
7,506,g_a,dpu,14283,14327.6
7,506,g_a,dpu,14327.6,14435.3
7,506,g_a_cpu,cpu,14435.3,14435.7
7,506,h_a,dpu,14435.7,14486.3
7,506,eb_enc,cpu,14486.3,14486.4
7,506,eb_dec,cpu,14486.4,14486.5
7,506,h_s,dpu,14486.5,14492
7,506,gc,cpu,14492,14507.7
7,513,normalize,cpu,14508.4,14512
7,513,g_a_cpu,cpu,14512,14512.4
7,513,g_a,dpu,14512.4,14580.8
7,513,g_a,dpu,14580.8,14690.4
7,513,g_a_cpu,cpu,14690.4,14690.8
7,513,h_a,dpu,14690.8,14709.2
7,513,eb_enc,cpu,14709.2,14709.3
7,513,eb_dec,cpu,14709.3,14709.4
7,513,h_s,dpu,14709.4,14711.6
7,513,gc,cpu,14711.6,14721.6
7,519,normalize,cpu,14722.2,14726
7,519,g_a_cpu,cpu,14726,14726.4
7,519,g_a,dpu,14726.4,14808.7
7,519,g_a,dpu,14808.7,14916.9
7,519,g_a_cpu,cpu,14916.9,14917.3
7,519,h_a,dpu,14917.3,14962.3
7,519,eb_enc,cpu,14962.3,14962.4
7,519,eb_dec,cpu,14962.4,14962.6
7,519,h_s,dpu,14962.6,14964.4
7,519,gc,cpu,14964.4,14974.5
7,530,normalize,cpu,14984.6,14988.3
7,530,g_a_cpu,cpu,14988.3,14988.7
7,530,g_a,dpu,14988.7,15030.1
7,530,g_a,dpu,15030.1,15137.9
7,530,g_a_cpu,cpu,15137.9,15138.3
7,530,h_a,dpu,15138.3,15193.3
7,530,eb_enc,cpu,15193.3,15193.5
7,530,eb_dec,cpu,15193.5,15193.6
7,530,h_s,dpu,15193.6,15197
7,530,gc,cpu,15197,15207.1
7,538,normalize,cpu,15207.7,15211.4
7,538,g_a_cpu,cpu,15211.4,15211.7
7,538,g_a,dpu,15211.7,15253.7
7,538,g_a,dpu,15253.7,15362.3
7,538,g_a_cpu,cpu,15362.3,15362.7
7,538,h_a,dpu,15362.7,15414.1
7,538,eb_enc,cpu,15414.1,15414.2
7,538,eb_dec,cpu,15414.2,15414.3
7,538,h_s,dpu,15414.3,15419.2
7,538,gc,cpu,15419.2,15429.4
7,546,normalize,cpu,15429.9,15433.7
7,546,g_a_cpu,cpu,15433.7,15434
7,546,g_a,dpu,15434,15475.1
7,546,g_a,dpu,15475.1,15583.7
7,546,g_a_cpu,cpu,15583.7,15584.1
7,546,h_a,dpu,15584.1,15601.4
7,546,eb_enc,cpu,15601.4,15601.6
7,546,eb_dec,cpu,15601.6,15601.7
7,546,h_s,dpu,15601.7,15602.9
7,546,gc,cpu,15602.9,15612.7
7,550,normalize,cpu,15613.1,15616.8
7,550,g_a_cpu,cpu,15616.8,15617.1
7,550,g_a,dpu,15617.1,15696.9
7,550,g_a,dpu,15696.9,15806.3
7,550,g_a_cpu,cpu,15806.3,15806.6
7,550,h_a,dpu,15806.6,15858.5
7,550,eb_enc,cpu,15858.5,15858.6
7,550,eb_dec,cpu,15858.6,15858.7
7,550,h_s,dpu,15858.7,15863.7
7,550,gc,cpu,15863.7,15874
7,562,normalize,cpu,15874.5,15878.2
7,562,g_a_cpu,cpu,15878.2,15878.6
7,562,g_a,dpu,15878.6,15956.3
7,562,g_a,dpu,15956.3,16029
7,562,g_a_cpu,cpu,16029,16029.5
7,562,h_a,dpu,16029.5,16045.5
7,562,eb_enc,cpu,16045.5,16045.6
7,562,eb_dec,cpu,16045.6,16045.8
7,562,h_s,dpu,16045.8,16047.1
7,562,gc,cpu,16047.1,16056.9
7,567,normalize,cpu,16057.3,16061
7,567,g_a_cpu,cpu,16061,16061.5
7,567,g_a,dpu,16061.5,16144.8
7,567,g_a,dpu,16144.8,16256.9
7,567,g_a_cpu,cpu,16256.9,16257.4
7,567,h_a,dpu,16257.4,16268.5
7,567,eb_enc,cpu,16268.5,16268.7
7,567,eb_dec,cpu,16268.7,16268.8
7,567,h_s,dpu,16268.8,16270.1
7,567,gc,cpu,16270.1,16280.1
7,576,normalize,cpu,16283.4,16287.1
7,576,g_a_cpu,cpu,16287.1,16287.4
7,576,g_a,dpu,16287.4,16409.7
7,576,g_a,dpu,16409.7,16448.9
7,576,g_a_cpu,cpu,16448.9,16449.5
7,576,h_a,dpu,16449.5,16501.5
7,576,eb_enc,cpu,16501.5,16501.6
7,576,eb_dec,cpu,16501.6,16501.8
7,576,h_s,dpu,16501.8,16517
7,576,gc,cpu,16517,16527.4
7,585,normalize,cpu,16527.9,16531.6
7,585,g_a_cpu,cpu,16531.6,16531.9
7,585,g_a,dpu,16531.9,16636.5
7,585,g_a,dpu,16636.5,16675.7
7,585,g_a_cpu,cpu,16675.7,16676.1
7,585,h_a,dpu,16676.1,16728.3
7,585,eb_enc,cpu,16728.3,16728.5
7,585,eb_dec,cpu,16728.5,16728.6
7,585,h_s,dpu,16728.6,16775.1
7,585,gc,cpu,16775.1,16785.1
7,594,normalize,cpu,16785.6,16789.5
7,594,g_a_cpu,cpu,16789.5,16789.8
7,594,g_a,dpu,16789.8,16860.3
7,594,g_a,dpu,16860.3,16900.4
7,594,g_a_cpu,cpu,16900.4,16900.8
7,594,h_a,dpu,16900.8,16952.8
7,594,eb_enc,cpu,16952.8,16952.9
7,594,eb_dec,cpu,16952.9,16953.1
7,594,h_s,dpu,16953.1,17000.9
7,594,gc,cpu,17000.9,17010.6
7,602,normalize,cpu,17011.3,17015
7,602,g_a_cpu,cpu,17015,17015.3
7,602,g_a,dpu,17015.3,17083.1
7,602,g_a,dpu,17083.1,17122
7,602,g_a_cpu,cpu,17122,17122.4
7,602,h_a,dpu,17122.4,17247.3
7,602,eb_enc,cpu,17247.3,17247.4
7,602,eb_dec,cpu,17247.4,17247.5
7,602,h_s,dpu,17247.5,17301.8
7,602,gc,cpu,17301.8,17311.6
7,611,normalize,cpu,17312.1,17315.8
7,611,g_a_cpu,cpu,17315.8,17316.1
7,611,g_a,dpu,17316.1,17352.6
7,611,g_a,dpu,17352.6,17461.6
7,611,g_a_cpu,cpu,17461.6,17462.1
7,611,h_a,dpu,17462.1,17468.9
7,611,eb_enc,cpu,17468.9,17469.1
7,611,eb_dec,cpu,17469.1,17469.2
7,611,h_s,dpu,17469.2,17488.7
7,611,gc,cpu,17488.7,17498.4
7,618,normalize,cpu,17500.1,17503.7
7,618,g_a_cpu,cpu,17503.7,17504
7,618,g_a,dpu,17504,17578.9
7,618,g_a,dpu,17578.9,17688.3
7,618,g_a_cpu,cpu,17688.4,17688.8
7,618,h_a,dpu,17688.8,17729.2
7,618,eb_enc,cpu,17729.2,17729.4
7,618,eb_dec,cpu,17729.4,17729.5
7,618,h_s,dpu,17729.5,17730.7
7,618,gc,cpu,17730.7,17740.7
7,626,normalize,cpu,17741.1,17744.8
7,626,g_a_cpu,cpu,17744.8,17745.1
7,626,g_a,dpu,17745.1,17801.2
7,626,g_a,dpu,17801.2,17909
7,626,g_a_cpu,cpu,17909,17909.4
7,626,h_a,dpu,17909.4,17961
7,626,eb_enc,cpu,17961,17961.2
7,626,eb_dec,cpu,17961.2,17961.3
7,626,h_s,dpu,17961.3,17965.4
7,626,gc,cpu,17965.4,17975.6
7,635,normalize,cpu,17976.2,17979.8
7,635,g_a_cpu,cpu,17979.8,17980.1
7,635,g_a,dpu,17980.1,18025.4
7,635,g_a,dpu,18025.4,18135.8
7,635,g_a_cpu,cpu,18135.8,18136.2
7,635,h_a,dpu,18136.2,18223.6
7,635,eb_enc,cpu,18223.6,18223.7
7,635,eb_dec,cpu,18223.7,18223.8
7,635,h_s,dpu,18223.8,18242.4
7,635,gc,cpu,18242.4,18252.2
7,646,normalize,cpu,18252.8,18256.4
7,646,g_a_cpu,cpu,18256.4,18257
7,646,g_a,dpu,18257,18319.7
7,646,g_a,dpu,18319.7,18357.1
7,646,g_a_cpu,cpu,18357.1,18357.5
7,646,h_a,dpu,18357.5,18377.4
7,646,eb_enc,cpu,18377.4,18377.6
7,646,eb_dec,cpu,18377.6,18377.7
7,646,h_s,dpu,18377.7,18379.2
7,646,gc,cpu,18379.2,18389.5
7,653,normalize,cpu,18390,18393.6
7,653,g_a_cpu,cpu,18393.6,18394.5
7,653,g_a,dpu,18394.5,18431
7,653,g_a,dpu,18431,18584.5
7,653,g_a_cpu,cpu,18584.5,18584.9
7,653,h_a,dpu,18584.9,18599.9
7,653,eb_enc,cpu,18599.9,18600.1
7,653,eb_dec,cpu,18600.1,18600.2
7,653,h_s,dpu,18600.2,18616.1
7,653,gc,cpu,18616.1,18628.6
7,661,normalize,cpu,18629.1,18632.8
7,661,g_a_cpu,cpu,18632.8,18633.2
7,661,g_a,dpu,18633.2,18734.4
7,661,g_a,dpu,18734.4,18809.7
7,661,g_a_cpu,cpu,18809.7,18810
7,661,h_a,dpu,18810,18825.1
7,661,eb_enc,cpu,18825.1,18825.3
7,661,eb_dec,cpu,18825.3,18825.4
7,661,h_s,dpu,18825.4,18874.8
7,661,gc,cpu,18874.8,18885
7,670,normalize,cpu,18885.5,18889.2
7,670,g_a_cpu,cpu,18889.2,18889.4
7,670,g_a,dpu,18889.4,18993.1
7,670,g_a,dpu,18993.1,19072.4
7,670,g_a_cpu,cpu,19072.4,19072.8
7,670,h_a,dpu,19072.8,19120.3
7,670,eb_enc,cpu,19120.3,19120.5
7,670,eb_dec,cpu,19120.5,19120.6
7,670,h_s,dpu,19120.6,19173.6
7,670,gc,cpu,19173.6,19183.4
7,678,normalize,cpu,19184,19187.7
7,678,g_a_cpu,cpu,19187.7,19188.1
7,678,g_a,dpu,19188.1,19224.6
7,678,g_a,dpu,19224.6,19332.4
7,678,g_a_cpu,cpu,19332.4,19332.8
7,678,h_a,dpu,19332.8,19385.6
7,678,eb_enc,cpu,19385.6,19385.7
7,678,eb_dec,cpu,19385.7,19385.8
7,678,h_s,dpu,19385.8,19405.9
7,678,gc,cpu,19405.9,19416.4
7,687,normalize,cpu,19417,19420.7
7,687,g_a_cpu,cpu,19420.8,19421.2
7,687,g_a,dpu,19421.2,19457.9
7,687,g_a,dpu,19457.9,19529.7
7,687,g_a_cpu,cpu,19529.7,19530.2
7,687,h_a,dpu,19530.2,19570.5
7,687,eb_enc,cpu,19570.5,19570.7
7,687,eb_dec,cpu,19570.7,19570.8
7,687,h_s,dpu,19570.8,19573.9
7,687,gc,cpu,19573.9,19583.4
7,693,normalize,cpu,19583.9,19587.6
7,693,g_a_cpu,cpu,19587.6,19587.9
7,693,g_a,dpu,19587.9,19679.4
7,693,g_a,dpu,19679.4,19752.8
7,693,g_a_cpu,cpu,19752.8,19753.3
7,693,h_a,dpu,19753.3,19805.6
7,693,eb_enc,cpu,19805.6,19805.7
7,693,eb_dec,cpu,19805.7,19805.8
7,693,h_s,dpu,19805.8,19809.3
7,693,gc,cpu,19809.3,19818.8
7,701,normalize,cpu,19819.3,19823
7,701,g_a_cpu,cpu,19823,19823.2
7,701,g_a,dpu,19823.2,19905.3
7,701,g_a,dpu,19905.3,19941.6
7,701,g_a_cpu,cpu,19941.6,19942
7,701,h_a,dpu,19942,19956.8
7,701,eb_enc,cpu,19956.8,19957
7,701,eb_dec,cpu,19957.1,19957.2
7,701,h_s,dpu,19957.2,20009.6
7,701,gc,cpu,20009.6,20019.6
7,711,normalize,cpu,20020.1,20023.8
7,711,g_a_cpu,cpu,20023.8,20024.3
7,711,g_a,dpu,20024.3,20100.5
7,711,g_a,dpu,20100.5,20173.5
7,711,g_a_cpu,cpu,20173.5,20174
7,711,h_a,dpu,20174,20178.7
7,711,eb_enc,cpu,20178.7,20178.9
7,711,eb_dec,cpu,20178.9,20179
7,711,h_s,dpu,20179,20197.4
7,711,gc,cpu,20197.4,20207.2
7,717,normalize,cpu,20207.7,20212.5
7,717,g_a_cpu,cpu,20212.5,20213.4
7,717,g_a,dpu,20213.4,20321
7,717,g_a,dpu,20321,20398
7,717,g_a_cpu,cpu,20398,20398.4
7,717,h_a,dpu,20398.4,20409.3
7,717,eb_enc,cpu,20409.3,20409.5
7,717,eb_dec,cpu,20409.5,20409.6
7,717,h_s,dpu,20409.6,20412.6
7,717,gc,cpu,20412.6,20422.5
7,726,normalize,cpu,20423.2,20426.9
7,726,g_a_cpu,cpu,20426.9,20427.2
7,726,g_a,dpu,20427.2,20512.4
7,726,g_a,dpu,20512.4,20620.2
7,726,g_a_cpu,cpu,20620.2,20620.6
7,726,h_a,dpu,20620.6,20621.8
7,726,eb_enc,cpu,20621.8,20622
7,726,eb_dec,cpu,20622,20622.1
7,726,h_s,dpu,20622.1,20623.6
7,726,gc,cpu,20623.6,20643.7
7,734,normalize,cpu,20644.4,20648
7,734,g_a_cpu,cpu,20648,20648.6
7,734,g_a,dpu,20648.6,20740.4
7,734,g_a,dpu,20740.4,20848
7,734,g_a_cpu,cpu,20848,20848.4
7,734,h_a,dpu,20848.4,20859.9
7,734,eb_enc,cpu,20859.9,20860
7,734,eb_dec,cpu,20860,20860.1
7,734,h_s,dpu,20860.1,20867.4
7,734,gc,cpu,20867.4,20878.1
7,743,normalize,cpu,20878.6,20882.3
7,743,g_a_cpu,cpu,20882.3,20882.5
7,743,g_a,dpu,20882.5,20964.3
7,743,g_a,dpu,20964.3,21073
7,743,g_a_cpu,cpu,21073,21073.4
7,743,h_a,dpu,21073.4,21089.1
7,743,eb_enc,cpu,21089.1,21089.3
7,743,eb_dec,cpu,21089.3,21089.4
7,743,h_s,dpu,21089.4,21091.1
7,743,gc,cpu,21091.1,21101.4
7,751,normalize,cpu,21101.9,21105.6
7,751,g_a_cpu,cpu,21105.6,21106
7,751,g_a,dpu,21106,21186.2
7,751,g_a,dpu,21186.2,21295.1
7,751,g_a_cpu,cpu,21295.1,21295.9
7,751,h_a,dpu,21295.9,21315.3
7,751,eb_enc,cpu,21315.3,21315.5
7,751,eb_dec,cpu,21315.5,21315.6
7,751,h_s,dpu,21315.6,21328.6
7,751,gc,cpu,21328.6,21338.4
7,759,normalize,cpu,21338.8,21342.5
7,759,g_a_cpu,cpu,21342.5,21342.8
7,759,g_a,dpu,21342.8,21417.8
7,759,g_a,dpu,21417.8,21489.9
7,759,g_a_cpu,cpu,21489.9,21490.3
7,759,h_a,dpu,21490.3,21501.9
7,759,eb_enc,cpu,21501.9,21502.1
7,759,eb_dec,cpu,21502.1,21502.2
7,759,h_s,dpu,21502.2,21503.6
7,759,gc,cpu,21503.6,21513.7
7,762,normalize,cpu,21514.2,21517.9
7,762,g_a_cpu,cpu,21517.9,21518.2
7,762,g_a,dpu,21518.2,21602.7
7,762,g_a,dpu,21602.7,21713.3
7,762,g_a_cpu,cpu,21713.3,21713.8
7,762,h_a,dpu,21713.8,21729.2
7,762,eb_enc,cpu,21729.2,21729.3
7,762,eb_dec,cpu,21729.3,21729.5
7,762,h_s,dpu,21729.5,21730.8
7,762,gc,cpu,21730.8,21741.7
7,773,normalize,cpu,21742.4,21746.1
7,773,g_a_cpu,cpu,21746.1,21746.4
7,773,g_a,dpu,21746.4,21824
7,773,g_a,dpu,21824,21896.7
7,773,g_a_cpu,cpu,21896.7,21897.2
7,773,h_a,dpu,21897.2,21959.7
7,773,eb_enc,cpu,21959.7,21959.8
7,773,eb_dec,cpu,21959.8,21960
7,773,h_s,dpu,21960,21968.6
7,773,gc,cpu,21968.6,21978.5
7,782,normalize,cpu,21979.1,21982.8
7,782,g_a_cpu,cpu,21982.8,21983.1
7,782,g_a,dpu,21983.2,22048.8
7,782,g_a,dpu,22048.8,22120.7
7,782,g_a_cpu,cpu,22120.7,22121.1
7,782,h_a,dpu,22121.2,22160.1
7,782,eb_enc,cpu,22160.1,22160.2
7,782,eb_dec,cpu,22160.2,22160.4
7,782,h_s,dpu,22160.4,22166.5
7,782,gc,cpu,22166.5,22176.6
7,789,normalize,cpu,22177.3,22181.7
7,789,g_a_cpu,cpu,22181.7,22182
7,789,g_a,dpu,22182,22288.2
7,789,g_a,dpu,22288.2,22361.3
7,789,g_a_cpu,cpu,22361.3,22361.8
7,789,h_a,dpu,22361.8,22381.7
7,789,eb_enc,cpu,22381.7,22381.8
7,789,eb_dec,cpu,22381.8,22381.9
7,789,h_s,dpu,22381.9,22384.9
7,789,gc,cpu,22384.9,22395.3
7,796,normalize,cpu,22395.9,22399.6
7,796,g_a_cpu,cpu,22399.6,22400.1
7,796,g_a,dpu,22400.1,22509.9
7,796,g_a,dpu,22509.9,22584.3
7,796,g_a_cpu,cpu,22584.3,22584.7
7,796,h_a,dpu,22584.7,22640
7,796,eb_enc,cpu,22640,22640.1
7,796,eb_dec,cpu,22640.1,22640.2
7,796,h_s,dpu,22640.2,22654.6
7,796,gc,cpu,22654.6,22664.5
7,806,normalize,cpu,22665,22668.7
7,806,g_a_cpu,cpu,22668.7,22669
7,806,g_a,dpu,22669,22766.8
7,806,g_a,dpu,22766.8,22804.9
7,806,g_a_cpu,cpu,22804.9,22805.3
7,806,h_a,dpu,22805.3,22825.9
7,806,eb_enc,cpu,22825.9,22826
7,806,eb_dec,cpu,22826,22826.2
7,806,h_s,dpu,22826.2,22829.1
7,806,gc,cpu,22829.1,22839
7,813,normalize,cpu,22839.6,22843.3
7,813,g_a_cpu,cpu,22843.3,22843.7
7,813,g_a,dpu,22843.7,22952
7,813,g_a,dpu,22952,23025.6
7,813,g_a_cpu,cpu,23025.6,23026
7,813,h_a,dpu,23026,23046.7
7,813,eb_enc,cpu,23046.7,23046.8
7,813,eb_dec,cpu,23046.8,23047
7,813,h_s,dpu,23047,23057.7
7,813,gc,cpu,23057.7,23068.9
7,820,normalize,cpu,23069.4,23073
7,820,g_a_cpu,cpu,23073.1,23073.7
7,820,g_a,dpu,23073.7,23182.8
7,820,g_a,dpu,23182.8,23260.4
7,820,g_a_cpu,cpu,23260.4,23260.8
7,820,h_a,dpu,23260.8,23303.3
7,820,eb_enc,cpu,23303.3,23303.5
7,820,eb_dec,cpu,23303.5,23303.6
7,820,h_s,dpu,23303.6,23319.5
7,820,gc,cpu,23319.5,23329.1
7,830,normalize,cpu,23329.6,23333.3
7,830,g_a_cpu,cpu,23333.3,23333.5
7,830,g_a,dpu,23333.5,23406.8
7,830,g_a,dpu,23406.8,23484.4
7,830,g_a_cpu,cpu,23484.4,23484.8
7,830,h_a,dpu,23484.8,23537.4
7,830,eb_enc,cpu,23537.4,23537.5
7,830,eb_dec,cpu,23537.5,23537.6
7,830,h_s,dpu,23537.6,23540.7
7,830,gc,cpu,23540.7,23550.8
7,838,normalize,cpu,23551.2,23554.9
7,838,g_a_cpu,cpu,23554.9,23555.2
7,838,g_a,dpu,23555.2,23637.2
7,838,g_a,dpu,23637.2,23711.1
7,838,g_a_cpu,cpu,23711.1,23711.5
7,838,h_a,dpu,23711.5,23723.3
7,838,eb_enc,cpu,23723.3,23723.5
7,838,eb_dec,cpu,23723.5,23723.6
7,838,h_s,dpu,23723.6,23725.1
7,838,gc,cpu,23725.1,23735
7,844,normalize,cpu,23735.8,23739.4
7,844,g_a_cpu,cpu,23739.4,23739.9
7,844,g_a,dpu,23739.9,23787.3
7,844,g_a,dpu,23787.3,23896.1
7,844,g_a_cpu,cpu,23896.1,23896.5
7,844,h_a,dpu,23896.5,23948.5
7,844,eb_enc,cpu,23948.5,23948.7
7,844,eb_dec,cpu,23948.7,23948.8
7,844,h_s,dpu,23948.8,23952.2
7,844,gc,cpu,23952.2,23962.3
7,850,normalize,cpu,23962.8,23966.5
7,850,g_a_cpu,cpu,23966.5,23966.8
7,850,g_a,dpu,23966.8,24047.8
7,850,g_a,dpu,24047.8,24119.7
7,850,g_a_cpu,cpu,24119.7,24120.2
7,850,h_a,dpu,24120.2,24169.9
7,850,eb_enc,cpu,24169.9,24170
7,850,eb_dec,cpu,24170,24170.1
7,850,h_s,dpu,24170.1,24173.4
7,850,gc,cpu,24173.4,24183.4
7,858,normalize,cpu,24183.9,24187.6
7,858,g_a_cpu,cpu,24187.6,24187.9
7,858,g_a,dpu,24187.9,24235.1
7,858,g_a,dpu,24235.1,24271.8
7,858,g_a_cpu,cpu,24271.8,24272.2
7,858,h_a,dpu,24272.2,24316.9
7,858,eb_enc,cpu,24316.9,24317
7,858,eb_dec,cpu,24317,24317.1
7,858,h_s,dpu,24317.1,24336.9
7,858,gc,cpu,24336.9,24346.6
7,863,normalize,cpu,24347.2,24350.9
7,863,g_a_cpu,cpu,24350.9,24351.2
7,863,g_a,dpu,24351.2,24418.9
7,863,g_a,dpu,24418.9,24455.3
7,863,g_a_cpu,cpu,24455.3,24455.6
7,863,h_a,dpu,24455.6,24464.8
7,863,eb_enc,cpu,24464.8,24464.9
7,863,eb_dec,cpu,24464.9,24465
7,863,h_s,dpu,24465,24522.6
7,863,gc,cpu,24522.6,24532.3
7,872,normalize,cpu,24532.8,24536.4
7,872,g_a_cpu,cpu,24536.4,24536.8
7,872,g_a,dpu,24536.8,24616.6
7,872,g_a,dpu,24616.6,24726.3
7,872,g_a_cpu,cpu,24726.3,24726.6
7,872,h_a,dpu,24726.6,24734
7,872,eb_enc,cpu,24734,24734.1
7,872,eb_dec,cpu,24734.1,24734.2
7,872,h_s,dpu,24734.2,24756.4
7,872,gc,cpu,24756.4,24766.1
7,880,normalize,cpu,24766.5,24771
7,880,g_a_cpu,cpu,24771,24771.4
7,880,g_a,dpu,24771.5,24843.9
7,880,g_a,dpu,24843.9,24953.6
7,880,g_a_cpu,cpu,24953.6,24953.9
7,880,h_a,dpu,24953.9,24964.7
7,880,eb_enc,cpu,24964.7,24964.9
7,880,eb_dec,cpu,24964.9,24965
7,880,h_s,dpu,24965,24981.7
7,880,gc,cpu,24981.7,24991.4
7,889,normalize,cpu,24991.8,24995.5
7,889,g_a_cpu,cpu,24995.5,24995.9
7,889,g_a,dpu,24995.9,25067
7,889,g_a,dpu,25067,25140.9
7,889,g_a_cpu,cpu,25140.9,25141.3
7,889,h_a,dpu,25141.3,25155.1
7,889,eb_enc,cpu,25155.1,25155.3
7,889,eb_dec,cpu,25155.3,25155.5
7,889,h_s,dpu,25155.5,25156.9
7,889,gc,cpu,25156.9,25167.1
7,894,normalize,cpu,25167.6,25171.3
7,894,g_a_cpu,cpu,25171.3,25171.6
7,894,g_a,dpu,25171.6,25251.9
7,894,g_a,dpu,25251.9,25369.4
7,894,g_a_cpu,cpu,25369.4,25369.7
7,894,h_a,dpu,25369.7,25379.2
7,894,eb_enc,cpu,25379.2,25379.3
7,894,eb_dec,cpu,25379.3,25379.4
7,894,h_s,dpu,25379.4,25389.8
7,894,gc,cpu,25389.8,25399.7
7,905,normalize,cpu,25400.2,25403.8
7,905,g_a_cpu,cpu,25403.8,25404.1
7,905,g_a,dpu,25404.1,25481.2
7,905,g_a,dpu,25481.2,25553.2
7,905,g_a_cpu,cpu,25553.2,25553.8
7,905,h_a,dpu,25553.8,25570.5
7,905,eb_enc,cpu,25570.5,25570.7
7,905,eb_dec,cpu,25570.7,25570.9
7,905,h_s,dpu,25570.9,25573.8
7,905,gc,cpu,25573.8,25583.6
7,908,normalize,cpu,25584.1,25587.8
7,908,g_a_cpu,cpu,25587.8,25588
7,908,g_a,dpu,25588,25669.2
7,908,g_a,dpu,25669.2,25777
7,908,g_a_cpu,cpu,25777,25777.3
7,908,h_a,dpu,25777.3,25792.1
7,908,eb_enc,cpu,25792.1,25792.2
7,908,eb_dec,cpu,25792.2,25792.4
7,908,h_s,dpu,25792.4,25795.2
7,908,gc,cpu,25795.2,25804.9
7,915,normalize,cpu,25805.4,25809
7,915,g_a_cpu,cpu,25809,25809.4
7,915,g_a,dpu,25809.5,25904.6
7,915,g_a,dpu,25904.6,26012.9
7,915,g_a_cpu,cpu,26012.9,26013.2
7,915,h_a,dpu,26013.2,26049.7
7,915,eb_enc,cpu,26049.7,26049.9
7,915,eb_dec,cpu,26049.9,26050
7,915,h_s,dpu,26050,26055
7,915,gc,cpu,26055,26064.9
7,925,normalize,cpu,26065.4,26069.1
7,925,g_a_cpu,cpu,26069.1,26069.5
7,925,g_a,dpu,26069.5,26106.1
7,925,g_a,dpu,26106.2,26178
7,925,g_a_cpu,cpu,26178,26178.3
7,925,h_a,dpu,26178.3,26198.7
7,925,eb_enc,cpu,26198.7,26198.9
7,925,eb_dec,cpu,26198.9,26199
7,925,h_s,dpu,26199,26224.6
7,925,gc,cpu,26224.6,26234.5
