lane,patch,stage,kind,t0_ms,t1_ms
-1,0,read,read,0.27187,65.4015
-1,1,read,read,65.5131,134.036
-1,2,read,read,134.06,194.717
-1,3,read,read,1513.27,1571.76
-1,4,read,read,3020.94,3088.47
-1,5,read,read,4493.58,4561.49
-1,6,read,read,6083.14,6156.34
-1,7,read,read,7635.69,7695.07
-1,8,read,read,9187.19,9253.03
-1,9,read,read,10648.3,10682.3
-1,10,read,read,12271.5,12305.7
-1,11,read,read,13730.4,13765.4
-1,12,read,read,15400.9,15464.9
-1,13,read,read,16947.8,16997.1
-1,14,read,read,18448.2,18478.6
-1,15,read,read,19986.1,20025.2
0,0,normalize,cpu,65.9661,75.4584
0,0,g_a_cpu,cpu,75.5528,75.8555
0,0,g_a,dpu,75.8602,118.086
0,0,g_a,dpu,118.094,226.47
0,0,g_a_cpu,cpu,226.471,226.928
0,0,h_a,dpu,226.933,300.338
0,0,eb_enc,cpu,300.339,300.498
0,0,eb_dec,cpu,300.498,300.661
0,0,h_s,dpu,300.661,303.576
0,0,gc,cpu,303.581,315.085
0,12,normalize,cpu,322.129,325.821
0,12,g_a_cpu,cpu,325.825,326.3
0,12,g_a,dpu,326.303,362.867
0,12,g_a,dpu,362.868,470.427
0,12,g_a_cpu,cpu,470.429,470.863
0,12,h_a,dpu,470.865,543.736
0,12,eb_enc,cpu,543.737,543.874
0,12,eb_dec,cpu,543.876,544.016
0,12,h_s,dpu,544.016,545.021
0,12,gc,cpu,545.022,555.931
0,22,normalize,cpu,558.1,561.904
0,22,g_a_cpu,cpu,561.908,562.31
0,22,g_a,dpu,562.314,598.81
0,22,g_a,dpu,598.812,706.356
0,22,g_a_cpu,cpu,706.358,706.892
0,22,h_a,dpu,706.894,779.443
0,22,eb_enc,cpu,779.445,779.597
0,22,eb_dec,cpu,779.599,779.748
0,22,h_s,dpu,779.748,781.853
0,22,gc,cpu,781.853,807.267
0,33,normalize,cpu,807.768,811.416
0,33,g_a_cpu,cpu,811.419,811.695
0,33,g_a,dpu,811.698,907.618
0,33,g_a,dpu,907.627,1015.37
0,33,g_a_cpu,cpu,1015.37,1015.9
0,33,h_a,dpu,1015.9,1017.94
0,33,eb_enc,cpu,1017.94,1018.11
0,33,eb_dec,cpu,1018.11,1018.26
0,33,h_s,dpu,1018.26,1020.39
0,33,gc,cpu,1020.39,1040.37
0,42,normalize,cpu,1041.17,1044.81
0,42,g_a_cpu,cpu,1044.82,1045.26
0,42,g_a,dpu,1045.27,1142.84
0,42,g_a,dpu,1142.84,1251.53
0,42,g_a_cpu,cpu,1251.53,1251.87
0,42,h_a,dpu,1251.87,1253.07
0,42,eb_enc,cpu,1253.07,1253.21
0,42,eb_dec,cpu,1253.21,1253.38
0,42,h_s,dpu,1253.38,1260.54
0,42,gc,cpu,1260.54,1270.6
0,49,normalize,cpu,1271.27,1275.04
0,49,g_a_cpu,cpu,1275.04,1275.5
0,49,g_a,dpu,1275.51,1379.76
0,49,g_a,dpu,1379.76,1487.96
0,49,g_a_cpu,cpu,1487.96,1488.31
0,49,h_a,dpu,1488.31,1489.56
0,49,eb_enc,cpu,1489.56,1489.71
0,49,eb_dec,cpu,1489.71,1489.86
0,49,h_s,dpu,1489.86,1496.77
0,49,gc,cpu,1496.77,1507.16
0,58,normalize,cpu,1507.68,1511.43
0,58,g_a_cpu,cpu,1511.44,1511.79
0,58,g_a,dpu,1511.8,1548.63
0,58,g_a,dpu,1548.63,1585.31
0,58,g_a_cpu,cpu,1585.31,1585.64
0,58,h_a,dpu,1585.65,1586.85
0,58,eb_enc,cpu,1586.85,1586.98
0,58,eb_dec,cpu,1586.98,1587.12
0,58,h_s,dpu,1587.12,1733.11
0,58,gc,cpu,1733.11,1743.92
0,65,normalize,cpu,1744.55,1748.37
0,65,g_a_cpu,cpu,1748.38,1748.73
0,65,g_a,dpu,1748.73,1785.26
0,65,g_a,dpu,1785.26,1893.34
0,65,g_a_cpu,cpu,1893.34,1893.79
0,65,h_a,dpu,1893.8,1969.51
0,65,eb_enc,cpu,1969.51,1969.63
0,65,eb_dec,cpu,1969.63,1969.75
0,65,h_s,dpu,1969.76,1970.65
0,65,gc,cpu,1970.65,1980.51
0,75,normalize,cpu,1981.08,1986.25
0,75,g_a_cpu,cpu,1986.25,1986.68
0,75,g_a,dpu,1986.68,2058.13
0,75,g_a,dpu,2058.14,2094.51
0,75,g_a_cpu,cpu,2094.51,2094.91
0,75,h_a,dpu,2094.91,2133.06
0,75,eb_enc,cpu,2133.06,2133.21
0,75,eb_dec,cpu,2133.21,2134.53
0,75,h_s,dpu,2134.53,2171.03
0,75,gc,cpu,2171.03,2186.87
0,82,normalize,cpu,2187.49,2191.16
0,82,g_a_cpu,cpu,2191.16,2191.6
0,82,g_a,dpu,2191.6,2279.48
0,82,g_a,dpu,2279.48,2352.62
0,82,g_a_cpu,cpu,2352.62,2353.07
0,82,h_a,dpu,2353.07,2359.24
0,82,eb_enc,cpu,2359.24,2359.38
0,82,eb_dec,cpu,2359.38,2359.54
0,82,h_s,dpu,2359.55,2364.54
0,82,gc,cpu,2364.55,2374.49
0,91,normalize,cpu,2375.11,2378.78
0,91,g_a_cpu,cpu,2378.78,2379.05
0,91,g_a,dpu,2379.05,2477.35
0,91,g_a,dpu,2477.35,2585.15
0,91,g_a_cpu,cpu,2585.15,2585.61
0,91,h_a,dpu,2585.61,2588.05
0,91,eb_enc,cpu,2588.05,2588.19
0,91,eb_dec,cpu,2588.19,2588.34
0,91,h_s,dpu,2588.34,2590.26
0,91,gc,cpu,2590.26,2601.46
0,100,normalize,cpu,2601.98,2605.64
0,100,g_a_cpu,cpu,2605.64,2605.91
0,100,g_a,dpu,2605.91,2712.27
0,100,g_a,dpu,2712.27,2820.13
0,100,g_a_cpu,cpu,2820.13,2820.59
0,100,h_a,dpu,2820.59,2822.67
0,100,eb_enc,cpu,2822.67,2822.83
0,100,eb_dec,cpu,2822.83,2822.99
0,100,h_s,dpu,2822.99,2825.32
0,100,gc,cpu,2825.32,2835.2
0,109,normalize,cpu,2835.62,2839.3
0,109,g_a_cpu,cpu,2839.31,2839.82
0,109,g_a,dpu,2839.83,2946.49
0,109,g_a,dpu,2946.49,3055.45
0,109,g_a_cpu,cpu,3055.45,3056.27
0,109,h_a,dpu,3056.27,3060.77
0,109,eb_enc,cpu,3060.78,3060.95
0,109,eb_dec,cpu,3060.95,3061.13
0,109,h_s,dpu,3061.13,3062.9
0,109,gc,cpu,3062.91,3073.85
0,117,normalize,cpu,3074.69,3078.41
0,117,g_a_cpu,cpu,3078.42,3078.84
0,117,g_a,dpu,3078.84,3115.51
0,117,g_a,dpu,3115.51,3223.12
0,117,g_a_cpu,cpu,3223.12,3223.55
0,117,h_a,dpu,3223.55,3298.8
0,117,eb_enc,cpu,3298.8,3298.93
0,117,eb_dec,cpu,3298.93,3299.08
0,117,h_s,dpu,3299.08,3302.45
0,117,gc,cpu,3302.46,3312.37
0,127,normalize,cpu,3312.89,3316.58
0,127,g_a_cpu,cpu,3316.58,3316.87
0,127,g_a,dpu,3316.88,3386.53
0,127,g_a,dpu,3386.54,3494.23
0,127,g_a_cpu,cpu,3494.23,3494.81
0,127,h_a,dpu,3494.82,3532.53
0,127,eb_enc,cpu,3532.53,3532.67
0,127,eb_dec,cpu,3532.67,3532.84
0,127,h_s,dpu,3532.84,3535.16
0,127,gc,cpu,3535.16,3545.39
0,136,normalize,cpu,3545.87,3549.52
0,136,g_a_cpu,cpu,3549.53,3549.96
0,136,g_a,dpu,3549.97,3621.37
0,136,g_a,dpu,3621.37,3729.97
0,136,g_a_cpu,cpu,3729.98,3730.42
0,136,h_a,dpu,3730.42,3768.96
0,136,eb_enc,cpu,3768.96,3769.12
0,136,eb_dec,cpu,3769.12,3769.35
0,136,h_s,dpu,3769.35,3774.32
0,136,gc,cpu,3774.32,3784.55
0,145,normalize,cpu,3785.14,3788.87
0,145,g_a_cpu,cpu,3788.88,3789.32
0,145,g_a,dpu,3789.33,3858.75
0,145,g_a,dpu,3858.75,3966.57
0,145,g_a_cpu,cpu,3966.57,3967.01
0,145,h_a,dpu,3967.01,4004.12
0,145,eb_enc,cpu,4004.12,4004.25
0,145,eb_dec,cpu,4004.25,4004.38
0,145,h_s,dpu,4004.38,4006.78
0,145,gc,cpu,4006.78,4016.76
0,154,normalize,cpu,4017.29,4021.04
0,154,g_a_cpu,cpu,4021.04,4021.47
0,154,g_a,dpu,4021.48,4093.07
0,154,g_a,dpu,4093.07,4200.83
0,154,g_a_cpu,cpu,4200.84,4201.42
0,154,h_a,dpu,4201.43,4240.46
0,154,eb_enc,cpu,4240.46,4240.66
0,154,eb_dec,cpu,4240.66,4240.83
0,154,h_s,dpu,4240.83,4243.55
0,154,gc,cpu,4243.55,4253.65
0,163,normalize,cpu,4254.17,4257.85
0,163,g_a_cpu,cpu,4257.85,4258.27
0,163,g_a,dpu,4258.27,4329.77
0,163,g_a,dpu,4329.77,4437.47
0,163,g_a_cpu,cpu,4437.48,4437.93
0,163,h_a,dpu,4437.93,4476.91
0,163,eb_enc,cpu,4476.91,4477.07
0,163,eb_dec,cpu,4477.07,4477.27
0,163,h_s,dpu,4477.27,4482.64
0,163,gc,cpu,4482.64,4493.11
0,172,normalize,cpu,4493.74,4497.45
0,172,g_a_cpu,cpu,4497.46,4497.87
0,172,g_a,dpu,4497.87,4568.39
0,172,g_a,dpu,4568.39,4676.97
0,172,g_a_cpu,cpu,4676.97,4677.42
0,172,h_a,dpu,4677.42,4716.14
0,172,eb_enc,cpu,4716.14,4716.3
0,172,eb_dec,cpu,4716.3,4716.47
0,172,h_s,dpu,4716.47,4726.03
0,172,gc,cpu,4726.03,4736.25
0,181,normalize,cpu,4736.8,4740.48
0,181,g_a_cpu,cpu,4740.48,4740.77
0,181,g_a,dpu,4740.77,4809.68
0,181,g_a,dpu,4809.68,4917.41
0,181,g_a_cpu,cpu,4917.41,4917.83
0,181,h_a,dpu,4917.83,4969.65
0,181,eb_enc,cpu,4969.65,4969.79
0,181,eb_dec,cpu,4969.79,4969.93
0,181,h_s,dpu,4969.93,4970.85
0,181,gc,cpu,4970.85,4980.76
0,191,normalize,cpu,4981.43,4985.06
0,191,g_a_cpu,cpu,4985.07,4985.45
0,191,g_a,dpu,4985.45,5080.48
0,191,g_a,dpu,5080.48,5188.25
0,191,g_a_cpu,cpu,5188.25,5188.74
0,191,h_a,dpu,5188.74,5190.75
0,191,eb_enc,cpu,5190.75,5190.9
0,191,eb_dec,cpu,5190.9,5191.05
0,191,h_s,dpu,5191.05,5193.04
0,191,gc,cpu,5193.04,5203.05
0,196,normalize,cpu,5203.55,5207.29
0,196,g_a_cpu,cpu,5207.3,5207.79
0,196,g_a,dpu,5207.79,5280.2
0,196,g_a,dpu,5280.21,5387.84
0,196,g_a_cpu,cpu,5387.85,5388.25
0,196,h_a,dpu,5388.25,5426.01
0,196,eb_enc,cpu,5426.01,5426.14
0,196,eb_dec,cpu,5426.14,5426.3
0,196,h_s,dpu,5426.3,5428.63
0,196,gc,cpu,5428.63,5439.84
0,205,normalize,cpu,5440.4,5450.07
0,205,g_a_cpu,cpu,5450.07,5450.54
0,205,g_a,dpu,5450.54,5557.27
0,205,g_a,dpu,5557.27,5737.47
0,205,g_a_cpu,cpu,5737.47,5737.86
0,205,h_a,dpu,5737.86,5739.19
0,205,eb_enc,cpu,5739.19,5739.37
0,205,eb_dec,cpu,5739.37,5739.53
0,205,h_s,dpu,5739.53,5742.17
0,205,gc,cpu,5742.17,5752.32
0,217,normalize,cpu,5752.88,5756.53
0,217,g_a_cpu,cpu,5756.53,5756.92
0,217,g_a,dpu,5756.92,5793.43
0,217,g_a,dpu,5793.43,5901.1
0,217,g_a_cpu,cpu,5901.1,5901.58
0,217,h_a,dpu,5901.59,5974.36
0,217,eb_enc,cpu,5974.36,5974.51
0,217,eb_dec,cpu,5974.51,5974.66
0,217,h_s,dpu,5974.66,5976.87
0,217,gc,cpu,5976.87,5986.88
0,226,normalize,cpu,5987.45,5991.16
0,226,g_a_cpu,cpu,5991.17,5991.5
0,226,g_a,dpu,5991.5,6028.01
0,226,g_a,dpu,6028.02,6136.12
0,226,g_a_cpu,cpu,6136.12,6136.78
0,226,h_a,dpu,6136.79,6208.96
0,226,eb_enc,cpu,6208.96,6209.1
0,226,eb_dec,cpu,6209.11,6209.31
0,226,h_s,dpu,6209.31,6211.32
0,226,gc,cpu,6211.32,6221.27
0,234,normalize,cpu,6221.93,6225.59
0,234,g_a_cpu,cpu,6225.59,6225.89
0,234,g_a,dpu,6225.9,6262.47
0,234,g_a,dpu,6262.47,6442.51
0,234,g_a_cpu,cpu,6442.51,6443.03
0,234,h_a,dpu,6443.03,6445.02
0,234,eb_enc,cpu,6445.02,6445.15
0,234,eb_dec,cpu,6445.15,6445.37
0,234,h_s,dpu,6445.37,6447.28
0,234,gc,cpu,6447.28,6457.16
0,245,normalize,cpu,6457.66,6461.31
0,245,g_a_cpu,cpu,6461.32,6461.67
0,245,g_a,dpu,6461.68,6569.39
0,245,g_a,dpu,6569.39,6678.43
0,245,g_a_cpu,cpu,6678.43,6678.94
0,245,h_a,dpu,6678.94,6681.25
0,245,eb_enc,cpu,6681.25,6681.4
0,245,eb_dec,cpu,6681.4,6681.54
0,245,h_s,dpu,6681.54,6686.16
0,245,gc,cpu,6686.16,6696.12
0,254,normalize,cpu,6696.62,6700.82
0,254,g_a_cpu,cpu,6700.82,6701.1
0,254,g_a,dpu,6701.1,6805.55
0,254,g_a,dpu,6805.55,6913.25
0,254,g_a_cpu,cpu,6913.25,6913.73
0,254,h_a,dpu,6913.73,6915.69
0,254,eb_enc,cpu,6915.69,6915.82
0,254,eb_dec,cpu,6915.82,6915.96
0,254,h_s,dpu,6915.96,6917.94
0,254,gc,cpu,6917.94,6927.88
0,263,normalize,cpu,6928.3,6931.99
0,263,g_a_cpu,cpu,6931.99,6932.52
0,263,g_a,dpu,6932.52,7039.53
0,263,g_a,dpu,7039.53,7147.24
0,263,g_a_cpu,cpu,7147.24,7147.72
0,263,h_a,dpu,7147.73,7149.67
0,263,eb_enc,cpu,7149.67,7149.81
0,263,eb_dec,cpu,7149.81,7149.95
0,263,h_s,dpu,7149.95,7151.87
0,263,gc,cpu,7151.87,7161.75
0,272,normalize,cpu,7162.18,7165.87
0,272,g_a_cpu,cpu,7165.87,7166.44
0,272,g_a,dpu,7166.45,7237.35
0,272,g_a,dpu,7237.35,7345.95
0,272,g_a_cpu,cpu,7345.95,7346.31
0,272,h_a,dpu,7346.31,7384.65
0,272,eb_enc,cpu,7384.65,7384.79
0,272,eb_dec,cpu,7384.79,7384.93
0,272,h_s,dpu,7384.93,7387.21
0,272,gc,cpu,7387.21,7397.45
0,280,normalize,cpu,7397.94,7401.61
0,280,g_a_cpu,cpu,7401.61,7402.01
0,280,g_a,dpu,7402.02,7473.69
0,280,g_a,dpu,7473.69,7585.29
0,280,g_a_cpu,cpu,7585.3,7585.68
0,280,h_a,dpu,7585.68,7623.31
0,280,eb_enc,cpu,7623.31,7623.44
0,280,eb_dec,cpu,7623.44,7623.59
0,280,h_s,dpu,7623.59,7625.59
0,280,gc,cpu,7625.59,7635.65
0,289,normalize,cpu,7636.31,7639.97
0,289,g_a_cpu,cpu,7639.97,7640.4
0,289,g_a,dpu,7640.4,7712.21
0,289,g_a,dpu,7712.21,7824.26
0,289,g_a_cpu,cpu,7824.26,7824.77
0,289,h_a,dpu,7824.77,7862.27
0,289,eb_enc,cpu,7862.28,7862.44
0,289,eb_dec,cpu,7862.44,7862.59
0,289,h_s,dpu,7862.59,7864.86
0,289,gc,cpu,7864.86,7875.1
0,297,normalize,cpu,7875.6,7879.28
0,297,g_a_cpu,cpu,7879.28,7879.68
0,297,g_a,dpu,7879.68,7951.44
0,297,g_a,dpu,7951.44,8060.07
0,297,g_a_cpu,cpu,8060.07,8060.55
0,297,h_a,dpu,8060.55,8098.26
0,297,eb_enc,cpu,8098.26,8098.41
0,297,eb_dec,cpu,8098.42,8098.56
0,297,h_s,dpu,8098.56,8101.64
0,297,gc,cpu,8101.64,8111.72
0,306,normalize,cpu,8112.2,8115.93
0,306,g_a_cpu,cpu,8115.93,8116.26
0,306,g_a,dpu,8116.27,8193.55
0,306,g_a,dpu,8193.55,8230
0,306,g_a_cpu,cpu,8230,8230.34
0,306,h_a,dpu,8230.34,8231.51
0,306,eb_enc,cpu,8231.51,8231.65
0,306,eb_dec,cpu,8231.65,8231.8
0,306,h_s,dpu,8231.8,8342.38
0,306,gc,cpu,8342.39,8352.77
0,314,normalize,cpu,8353.37,8356.98
0,314,g_a_cpu,cpu,8356.98,8357.34
0,314,g_a,dpu,8357.34,8394.05
0,314,g_a,dpu,8394.05,8502.17
0,314,g_a_cpu,cpu,8502.17,8502.58
0,314,h_a,dpu,8502.58,8575.44
0,314,eb_enc,cpu,8575.44,8575.59
0,314,eb_dec,cpu,8575.59,8575.74
0,314,h_s,dpu,8575.74,8578.17
0,314,gc,cpu,8578.17,8588.48
0,323,normalize,cpu,8589.09,8592.74
0,323,g_a_cpu,cpu,8592.74,8593.29
0,323,g_a,dpu,8593.29,8629.8
0,323,g_a,dpu,8629.8,8812.55
0,323,g_a_cpu,cpu,8812.55,8812.89
0,323,h_a,dpu,8812.89,8865.89
0,323,eb_enc,cpu,8865.89,8866.04
0,323,eb_dec,cpu,8866.04,8866.19
0,323,h_s,dpu,8866.19,8977.13
0,323,gc,cpu,8977.13,8987.57
0,340,normalize,cpu,8988.27,8991.92
0,340,g_a_cpu,cpu,8991.93,8992.38
0,340,g_a,dpu,8992.39,9028.9
0,340,g_a,dpu,9028.9,9136.51
0,340,g_a_cpu,cpu,9136.52,9136.92
0,340,h_a,dpu,9136.92,9210.1
0,340,eb_enc,cpu,9210.1,9210.24
0,340,eb_dec,cpu,9210.24,9210.39
0,340,h_s,dpu,9210.39,9213.44
0,340,gc,cpu,9213.45,9223.67
0,349,normalize,cpu,9224.62,9228.29
0,349,g_a_cpu,cpu,9228.29,9228.92
0,349,g_a,dpu,9228.93,9265.72
0,349,g_a,dpu,9265.72,9373.34
0,349,g_a_cpu,cpu,9373.34,9373.8
0,349,h_a,dpu,9373.8,9458.86
0,349,eb_enc,cpu,9458.86,9459.02
0,349,eb_dec,cpu,9459.02,9459.16
0,349,h_s,dpu,9459.17,9461.63
0,349,gc,cpu,9461.63,9471.51
0,358,normalize,cpu,9472,9475.69
0,358,g_a_cpu,cpu,9475.69,9476.02
0,358,g_a,dpu,9476.02,9512.55
0,358,g_a,dpu,9512.55,9620.13
0,358,g_a_cpu,cpu,9620.14,9620.57
0,358,h_a,dpu,9620.58,9693.64
0,358,eb_enc,cpu,9693.64,9693.78
0,358,eb_dec,cpu,9693.78,9693.94
0,358,h_s,dpu,9693.94,9696.32
0,358,gc,cpu,9696.32,9706.29
0,367,normalize,cpu,9706.96,9710.62
0,367,g_a_cpu,cpu,9710.63,9710.98
0,367,g_a,dpu,9710.98,9747.43
0,367,g_a,dpu,9747.43,9854.98
0,367,g_a_cpu,cpu,9854.98,9855.4
0,367,h_a,dpu,9855.4,9929.12
0,367,eb_enc,cpu,9929.12,9929.27
0,367,eb_dec,cpu,9929.27,9929.41
0,367,h_s,dpu,9929.42,9934.05
0,367,gc,cpu,9934.06,9944.32
0,377,normalize,cpu,9944.8,9948.46
0,377,g_a_cpu,cpu,9948.46,9948.88
0,377,g_a,dpu,9948.89,10018.4
0,377,g_a,dpu,10018.4,10126.2
0,377,g_a_cpu,cpu,10126.2,10126.9
0,377,h_a,dpu,10126.9,10164.3
0,377,eb_enc,cpu,10164.3,10164.4
0,377,eb_dec,cpu,10164.4,10164.6
0,377,h_s,dpu,10164.6,10166.9
0,377,gc,cpu,10166.9,10177
0,386,normalize,cpu,10177.7,10181.4
0,386,g_a_cpu,cpu,10181.4,10181.9
0,386,g_a,dpu,10181.9,10253.3
0,386,g_a,dpu,10253.3,10361
0,386,g_a_cpu,cpu,10361,10361.7
0,386,h_a,dpu,10361.7,10398.9
0,386,eb_enc,cpu,10398.9,10399
0,386,eb_dec,cpu,10399,10399.2
0,386,h_s,dpu,10399.2,10401.3
0,386,gc,cpu,10401.3,10411.5
0,395,normalize,cpu,10412,10415.7
0,395,g_a_cpu,cpu,10415.7,10416.1
0,395,g_a,dpu,10416.1,10487.7
0,395,g_a,dpu,10487.7,10595.3
0,395,g_a_cpu,cpu,10595.3,10595.7
0,395,h_a,dpu,10595.7,10634.6
0,395,eb_enc,cpu,10634.6,10634.8
0,395,eb_dec,cpu,10634.8,10634.9
0,395,h_s,dpu,10634.9,10637.1
0,395,gc,cpu,10637.1,10647.3
0,404,normalize,cpu,10647.8,10652.6
0,404,g_a_cpu,cpu,10652.6,10653.8
0,404,g_a,dpu,10653.8,10832.7
0,404,g_a,dpu,10832.7,10869.1
0,404,g_a_cpu,cpu,10869.1,10869.6
0,404,h_a,dpu,10869.6,10870.9
0,404,eb_enc,cpu,10870.9,10871
0,404,eb_dec,cpu,10871,10871.1
0,404,h_s,dpu,10871.1,10872
0,404,gc,cpu,10872,10882
0,410,normalize,cpu,10882.5,10886.1
0,410,g_a_cpu,cpu,10886.1,10886.4
0,410,g_a,dpu,10886.5,10923
0,410,g_a,dpu,10923,11033.9
0,410,g_a_cpu,cpu,11033.9,11034.3
0,410,h_a,dpu,11034.3,11107.2
0,410,eb_enc,cpu,11107.2,11107.4
0,410,eb_dec,cpu,11107.4,11107.5
0,410,h_s,dpu,11107.5,11110.1
0,410,gc,cpu,11110.1,11126.9
0,421,normalize,cpu,11127.4,11131.1
0,421,g_a_cpu,cpu,11131.1,11131.3
0,421,g_a,dpu,11131.3,11310.1
0,421,g_a,dpu,11310.1,11348.3
0,421,g_a_cpu,cpu,11348.3,11348.6
0,421,h_a,dpu,11348.6,11351.4
0,421,eb_enc,cpu,11351.4,11351.5
0,421,eb_dec,cpu,11351.5,11351.6
0,421,h_s,dpu,11351.6,11352.6
0,421,gc,cpu,11352.6,11362.8
0,429,normalize,cpu,11363.4,11367.2
0,429,g_a_cpu,cpu,11367.2,11367.6
0,429,g_a,dpu,11367.6,11438.4
0,429,g_a,dpu,11438.4,11546.2
0,429,g_a_cpu,cpu,11546.2,11546.9
0,429,h_a,dpu,11546.9,11583.8
0,429,eb_enc,cpu,11583.8,11583.9
0,429,eb_dec,cpu,11583.9,11584
0,429,h_s,dpu,11584,11586.5
0,429,gc,cpu,11586.5,11596.8
0,438,normalize,cpu,11597.3,11601.1
0,438,g_a_cpu,cpu,11601.1,11601.7
0,438,g_a,dpu,11601.7,11673.8
0,438,g_a,dpu,11673.8,11781.8
0,438,g_a_cpu,cpu,11781.8,11782.4
0,438,h_a,dpu,11782.4,11819.4
0,438,eb_enc,cpu,11819.4,11819.5
0,438,eb_dec,cpu,11819.5,11819.7
0,438,h_s,dpu,11819.7,11821.7
0,438,gc,cpu,11821.7,11833
0,448,normalize,cpu,11833.5,11837.3
0,448,g_a_cpu,cpu,11837.3,11837.9
0,448,g_a,dpu,11837.9,11944
0,448,g_a,dpu,11944,12052.2
0,448,g_a_cpu,cpu,12052.2,12052.5
0,448,h_a,dpu,12052.5,12055.3
0,448,eb_enc,cpu,12055.3,12055.4
0,448,eb_dec,cpu,12055.4,12055.5
0,448,h_s,dpu,12055.5,12057.9
0,448,gc,cpu,12057.9,12068.5
0,457,normalize,cpu,12069.1,12072.9
0,457,g_a_cpu,cpu,12072.9,12073.3
0,457,g_a,dpu,12073.3,12179.6
0,457,g_a,dpu,12179.6,12287.7
0,457,g_a_cpu,cpu,12287.7,12288.1
0,457,h_a,dpu,12288.1,12292
0,457,eb_enc,cpu,12292,12292.2
0,457,eb_dec,cpu,12292.2,12292.3
0,457,h_s,dpu,12292.3,12295.4
0,457,gc,cpu,12295.4,12306.3
0,467,normalize,cpu,12306.8,12310.5
0,467,g_a_cpu,cpu,12310.5,12310.8
0,467,g_a,dpu,12310.8,12417.2
0,467,g_a,dpu,12417.2,12524.9
0,467,g_a_cpu,cpu,12524.9,12525.3
0,467,h_a,dpu,12525.3,12528.1
0,467,eb_enc,cpu,12528.1,12528.2
0,467,eb_dec,cpu,12528.2,12528.3
0,467,h_s,dpu,12528.3,12530.6
0,467,gc,cpu,12530.6,12540.5
0,476,normalize,cpu,12541,12544.7
0,476,g_a_cpu,cpu,12544.7,12545.1
0,476,g_a,dpu,12545.1,12652.8
0,476,g_a,dpu,12652.8,12760.6
0,476,g_a_cpu,cpu,12760.6,12760.9
0,476,h_a,dpu,12760.9,12763.6
0,476,eb_enc,cpu,12763.6,12763.8
0,476,eb_dec,cpu,12763.8,12763.9
0,476,h_s,dpu,12763.9,12766.2
0,476,gc,cpu,12766.2,12776.7
0,485,normalize,cpu,12777.2,12780.9
0,485,g_a_cpu,cpu,12780.9,12781.2
0,485,g_a,dpu,12781.2,12887.7
0,485,g_a,dpu,12887.7,13001.3
0,485,g_a_cpu,cpu,13001.3,13001.7
0,485,h_a,dpu,13001.8,13003.4
0,485,eb_enc,cpu,13003.4,13003.5
0,485,eb_dec,cpu,13003.5,13003.6
0,485,h_s,dpu,13003.6,13004.5
0,485,gc,cpu,13004.5,13014.7
0,493,normalize,cpu,13015.2,13018.8
0,493,g_a_cpu,cpu,13018.8,13019.2
0,493,g_a,dpu,13019.2,13081.2
0,493,g_a,dpu,13081.2,13189
0,493,g_a_cpu,cpu,13189,13189.5
0,493,h_a,dpu,13189.5,13227.9
0,493,eb_enc,cpu,13227.9,13228.1
0,493,eb_dec,cpu,13228.1,13228.3
0,493,h_s,dpu,13228.3,13230.9
0,493,gc,cpu,13230.9,13240.8
0,502,normalize,cpu,13241.2,13245.3
0,502,g_a_cpu,cpu,13245.3,13245.7
0,502,g_a,dpu,13245.7,13282.1
0,502,g_a,dpu,13282.1,13389.6
0,502,g_a_cpu,cpu,13389.6,13390.1
0,502,h_a,dpu,13390.1,13463.6
0,502,eb_enc,cpu,13463.6,13463.8
0,502,eb_dec,cpu,13463.8,13463.9
0,502,h_s,dpu,13463.9,13465.3
0,502,gc,cpu,13465.3,13479.7
0,508,normalize,cpu,13480.5,13484.2
0,508,g_a_cpu,cpu,13484.2,13484.6
0,508,g_a,dpu,13484.6,13521.2
0,508,g_a,dpu,13521.2,13628.8
0,508,g_a_cpu,cpu,13628.8,13629.2
0,508,h_a,dpu,13629.2,13705.1
0,508,eb_enc,cpu,13705.1,13705.3
0,508,eb_dec,cpu,13705.3,13705.5
0,508,h_s,dpu,13705.5,13707.3
0,508,gc,cpu,13707.3,13717.5
0,518,normalize,cpu,13718.6,13722.3
0,518,g_a_cpu,cpu,13722.3,13722.6
0,518,g_a,dpu,13722.6,13759.3
0,518,g_a,dpu,13759.3,13867
0,518,g_a_cpu,cpu,13867,13867.5
0,518,h_a,dpu,13867.5,13939.9
0,518,eb_enc,cpu,13939.9,13940
0,518,eb_dec,cpu,13940,13940.2
0,518,h_s,dpu,13940.2,13942.5
0,518,gc,cpu,13942.5,13953.7
0,522,normalize,cpu,13954.3,13958
0,522,g_a_cpu,cpu,13958.1,13969.5
0,522,g_a,dpu,13969.5,14006.1
0,522,g_a,dpu,14006.1,14113.7
0,522,g_a_cpu,cpu,14113.7,14114.1
0,522,h_a,dpu,14114.1,14186.3
0,522,eb_enc,cpu,14186.3,14186.5
0,522,eb_dec,cpu,14186.5,14186.7
0,522,h_s,dpu,14186.7,14187.9
0,522,gc,cpu,14187.9,14208
0,534,normalize,cpu,14208.5,14213.7
0,534,g_a_cpu,cpu,14213.7,14214.1
0,534,g_a,dpu,14214.1,14315.2
0,534,g_a,dpu,14315.2,14423.3
0,534,g_a_cpu,cpu,14423.3,14423.8
0,534,h_a,dpu,14423.8,14425.1
0,534,eb_enc,cpu,14425.1,14425.3
0,534,eb_dec,cpu,14425.3,14425.5
0,534,h_s,dpu,14425.5,14427.9
0,534,gc,cpu,14427.9,14447.7
0,544,normalize,cpu,14448.3,14452.2
0,544,g_a_cpu,cpu,14452.2,14452.7
0,544,g_a,dpu,14452.7,14623.2
0,544,g_a,dpu,14623.2,14661.1
0,544,g_a_cpu,cpu,14661.1,14665.5
0,544,h_a,dpu,14665.5,14675
0,544,eb_enc,cpu,14675,14675.1
0,544,eb_dec,cpu,14675.1,14675.3
0,544,h_s,dpu,14675.3,14677
0,544,gc,cpu,14677,14689
0,551,normalize,cpu,14689.7,14693.6
0,551,g_a_cpu,cpu,14693.7,14694.2
0,551,g_a,dpu,14694.2,14785.7
0,551,g_a,dpu,14785.7,14893.4
0,551,g_a_cpu,cpu,14893.4,14893.9
0,551,h_a,dpu,14893.9,14898.1
0,551,eb_enc,cpu,14898.1,14898.2
0,551,eb_dec,cpu,14898.2,14898.4
0,551,h_s,dpu,14898.4,14899.8
0,551,gc,cpu,14899.8,14909.7
0,560,normalize,cpu,14910.2,14913.9
0,560,g_a_cpu,cpu,14913.9,14914.6
0,560,g_a,dpu,14914.6,15019.1
0,560,g_a,dpu,15019.1,15127.1
0,560,g_a_cpu,cpu,15127.1,15127.5
0,560,h_a,dpu,15127.5,15130.3
0,560,eb_enc,cpu,15130.3,15130.4
0,560,eb_dec,cpu,15130.4,15130.5
0,560,h_s,dpu,15130.5,15132.8
0,560,gc,cpu,15132.8,15143.1
0,569,normalize,cpu,15143.6,15147.4
0,569,g_a_cpu,cpu,15147.4,15147.9
0,569,g_a,dpu,15147.9,15254.9
0,569,g_a,dpu,15254.9,15363
0,569,g_a_cpu,cpu,15363,15363.3
0,569,h_a,dpu,15363.3,15366.1
0,569,eb_enc,cpu,15366.1,15366.2
0,569,eb_dec,cpu,15366.2,15366.4
0,569,h_s,dpu,15366.4,15368.7
0,569,gc,cpu,15368.7,15378.9
0,578,normalize,cpu,15379.4,15383.2
0,578,g_a_cpu,cpu,15383.2,15383.6
0,578,g_a,dpu,15383.6,15491.1
0,578,g_a,dpu,15491.1,15599.2
0,578,g_a_cpu,cpu,15599.2,15599.6
0,578,h_a,dpu,15599.6,15602.4
0,578,eb_enc,cpu,15602.4,15602.5
0,578,eb_dec,cpu,15602.5,15602.6
0,578,h_s,dpu,15602.6,15605
0,578,gc,cpu,15605,15615.1
0,587,normalize,cpu,15615.5,15619.4
0,587,g_a_cpu,cpu,15619.4,15619.8
0,587,g_a,dpu,15619.8,15726.6
0,587,g_a,dpu,15726.6,15834.6
0,587,g_a_cpu,cpu,15834.6,15835
0,587,h_a,dpu,15835,15837.7
0,587,eb_enc,cpu,15837.7,15837.8
0,587,eb_dec,cpu,15837.8,15838
0,587,h_s,dpu,15838,15840.3
0,587,gc,cpu,15840.3,15850.4
0,596,normalize,cpu,15850.8,15854.6
0,596,g_a_cpu,cpu,15854.6,15855
0,596,g_a,dpu,15855,15962.2
0,596,g_a,dpu,15962.2,16070.3
0,596,g_a_cpu,cpu,16070.3,16070.6
0,596,h_a,dpu,16070.6,16073.3
0,596,eb_enc,cpu,16073.3,16073.5
0,596,eb_dec,cpu,16073.5,16073.6
0,596,h_s,dpu,16073.6,16075.9
0,596,gc,cpu,16075.9,16086.4
0,605,normalize,cpu,16086.9,16090.6
0,605,g_a_cpu,cpu,16090.6,16090.9
0,605,g_a,dpu,16090.9,16197.6
0,605,g_a,dpu,16197.6,16305.7
0,605,g_a_cpu,cpu,16305.7,16306
0,605,h_a,dpu,16306,16308.8
0,605,eb_enc,cpu,16308.8,16308.9
0,605,eb_dec,cpu,16308.9,16309
0,605,h_s,dpu,16309,16311.3
0,605,gc,cpu,16311.3,16321.4
0,614,normalize,cpu,16321.9,16325.6
0,614,g_a_cpu,cpu,16325.6,16326.3
0,614,g_a,dpu,16326.3,16509.3
0,614,g_a,dpu,16509.3,16557.3
0,614,g_a_cpu,cpu,16557.3,16557.8
0,614,h_a,dpu,16557.8,16630.2
0,614,eb_enc,cpu,16630.2,16630.4
0,614,eb_dec,cpu,16630.4,16630.6
0,614,h_s,dpu,16630.6,16703
0,614,gc,cpu,16703,16713.1
0,627,normalize,cpu,16713.7,16717.4
0,627,g_a_cpu,cpu,16717.4,16717.9
0,627,g_a,dpu,16717.9,16754.4
0,627,g_a,dpu,16754.4,16862.2
0,627,g_a_cpu,cpu,16862.2,16862.6
0,627,h_a,dpu,16862.6,16934.7
0,627,eb_enc,cpu,16934.7,16934.9
0,627,eb_dec,cpu,16934.9,16935.1
0,627,h_s,dpu,16935.1,16937.1
0,627,gc,cpu,16937.1,16947.2
0,636,normalize,cpu,16947.7,16951.4
0,636,g_a_cpu,cpu,16951.4,16951.9
0,636,g_a,dpu,16951.9,16991.2
0,636,g_a,dpu,16991.2,17171.3
0,636,g_a_cpu,cpu,17171.3,17171.7
0,636,h_a,dpu,17171.7,17175.7
0,636,eb_enc,cpu,17175.7,17175.9
0,636,eb_dec,cpu,17175.9,17176
0,636,h_s,dpu,17176,17177.3
0,636,gc,cpu,17177.3,17187.4
0,647,normalize,cpu,17187.9,17191.6
0,647,g_a_cpu,cpu,17191.7,17192
0,647,g_a,dpu,17192,17305.3
0,647,g_a,dpu,17305.3,17413.4
0,647,g_a_cpu,cpu,17413.4,17413.8
0,647,h_a,dpu,17413.8,17416.5
0,647,eb_enc,cpu,17416.5,17416.7
0,647,eb_dec,cpu,17416.7,17416.8
0,647,h_s,dpu,17416.8,17419.4
0,647,gc,cpu,17419.4,17429.1
0,656,normalize,cpu,17429.7,17433.4
0,656,g_a_cpu,cpu,17433.4,17433.8
0,656,g_a,dpu,17433.8,17541.2
0,656,g_a,dpu,17541.2,17649.3
0,656,g_a_cpu,cpu,17649.3,17649.7
0,656,h_a,dpu,17649.7,17652.5
0,656,eb_enc,cpu,17652.5,17652.6
0,656,eb_dec,cpu,17652.6,17652.8
0,656,h_s,dpu,17652.8,17655.4
0,656,gc,cpu,17655.4,17666.4
0,665,normalize,cpu,17666.9,17670.6
0,665,g_a_cpu,cpu,17670.6,17670.9
0,665,g_a,dpu,17670.9,17777.4
0,665,g_a,dpu,17777.4,17885.5
0,665,g_a_cpu,cpu,17885.5,17885.9
0,665,h_a,dpu,17885.9,17888.7
0,665,eb_enc,cpu,17888.7,17888.8
0,665,eb_dec,cpu,17888.8,17888.9
0,665,h_s,dpu,17888.9,17891.6
0,665,gc,cpu,17891.6,17901.8
0,673,normalize,cpu,17903.4,17907.1
0,673,g_a_cpu,cpu,17907.1,17907.4
0,673,g_a,dpu,17907.4,17978.1
0,673,g_a,dpu,17978.1,18085.8
0,673,g_a_cpu,cpu,18085.8,18086.2
0,673,h_a,dpu,18086.2,18123.4
0,673,eb_enc,cpu,18123.4,18123.6
0,673,eb_dec,cpu,18123.6,18123.7
0,673,h_s,dpu,18123.7,18125.9
0,673,gc,cpu,18125.9,18136.2
0,682,normalize,cpu,18136.8,18140.5
0,682,g_a_cpu,cpu,18140.5,18141
0,682,g_a,dpu,18141,18212.1
0,682,g_a,dpu,18212.1,18319.9
0,682,g_a_cpu,cpu,18319.9,18320.3
0,682,h_a,dpu,18320.3,18357.5
0,682,eb_enc,cpu,18357.5,18357.6
0,682,eb_dec,cpu,18357.6,18357.8
0,682,h_s,dpu,18357.8,18359.8
0,682,gc,cpu,18359.8,18370
0,691,normalize,cpu,18370.5,18374.2
0,691,g_a_cpu,cpu,18374.2,18374.6
0,691,g_a,dpu,18374.6,18446.6
0,691,g_a,dpu,18446.6,18554.3
0,691,g_a_cpu,cpu,18554.3,18554.7
0,691,h_a,dpu,18554.7,18556.1
0,691,eb_enc,cpu,18556.1,18556.2
0,691,eb_dec,cpu,18556.2,18556.4
0,691,h_s,dpu,18556.4,18594.6
0,691,gc,cpu,18594.6,18604.5
0,700,normalize,cpu,18605,18608.8
0,700,g_a_cpu,cpu,18608.8,18609.2
0,700,g_a,dpu,18609.2,18645.9
0,700,g_a,dpu,18645.9,18754.1
0,700,g_a_cpu,cpu,18754.1,18754.5
0,700,h_a,dpu,18754.5,18827.4
0,700,eb_enc,cpu,18827.4,18827.6
0,700,eb_dec,cpu,18827.6,18827.7
0,700,h_s,dpu,18827.7,18830.1
0,700,gc,cpu,18830.1,18840.1
0,709,normalize,cpu,18840.8,18844.5
0,709,g_a_cpu,cpu,18844.5,18844.9
0,709,g_a,dpu,18844.9,18881.6
0,709,g_a,dpu,18881.6,18990
0,709,g_a_cpu,cpu,18990,18990.4
0,709,h_a,dpu,18990.4,19063.3
0,709,eb_enc,cpu,19063.3,19063.5
0,709,eb_dec,cpu,19063.5,19063.7
0,709,h_s,dpu,19063.7,19066.1
0,709,gc,cpu,19066.1,19076
0,718,normalize,cpu,19076.6,19080.5
0,718,g_a_cpu,cpu,19080.5,19080.8
0,718,g_a,dpu,19080.8,19117.4
0,718,g_a,dpu,19117.4,19225.5
0,718,g_a_cpu,cpu,19225.5,19225.9
0,718,h_a,dpu,19225.9,19298.8
0,718,eb_enc,cpu,19298.8,19298.9
0,718,eb_dec,cpu,19298.9,19299.1
0,718,h_s,dpu,19299.1,19301.5
0,718,gc,cpu,19301.5,19311.5
0,727,normalize,cpu,19312.1,19316.1
0,727,g_a_cpu,cpu,19316.1,19316.5
0,727,g_a,dpu,19316.5,19352.9
0,727,g_a,dpu,19352.9,19460.7
0,727,g_a_cpu,cpu,19460.7,19461.1
0,727,h_a,dpu,19461.1,19542.8
0,727,eb_enc,cpu,19542.8,19542.9
0,727,eb_dec,cpu,19542.9,19543
0,727,h_s,dpu,19543,19544
0,727,gc,cpu,19544,19553.9
0,738,normalize,cpu,19554.5,19558.1
0,738,g_a_cpu,cpu,19558.1,19558.4
0,738,g_a,dpu,19558.4,19661.3
0,738,g_a,dpu,19661.3,19769.1
0,738,g_a_cpu,cpu,19769.1,19769.4
0,738,h_a,dpu,19769.4,19772
0,738,eb_enc,cpu,19772,19772.2
0,738,eb_dec,cpu,19772.2,19772.3
0,738,h_s,dpu,19772.3,19774.3
0,738,gc,cpu,19774.3,19784.5
0,747,normalize,cpu,19785,19789.5
0,747,g_a_cpu,cpu,19789.5,19789.7
0,747,g_a,dpu,19789.7,19896.2
0,747,g_a,dpu,19896.2,20004.7
0,747,g_a_cpu,cpu,20004.7,20005.1
0,747,h_a,dpu,20005.1,20009.4
0,747,eb_enc,cpu,20009.4,20009.5
0,747,eb_dec,cpu,20009.5,20009.7
0,747,h_s,dpu,20009.7,20012.7
0,747,gc,cpu,20012.7,20023.7
0,756,normalize,cpu,20024.3,20028.1
0,756,g_a_cpu,cpu,20028.1,20028.4
0,756,g_a,dpu,20028.4,20134.8
0,756,g_a,dpu,20134.8,20242.8
0,756,g_a_cpu,cpu,20242.8,20243.2
0,756,h_a,dpu,20243.2,20245.3
0,756,eb_enc,cpu,20245.3,20245.4
0,756,eb_dec,cpu,20245.4,20245.5
0,756,h_s,dpu,20245.5,20247.4
0,756,gc,cpu,20247.4,20257.9
0,765,normalize,cpu,20258.4,20262.2
0,765,g_a_cpu,cpu,20262.2,20262.5
0,765,g_a,dpu,20262.5,20369.2
0,765,g_a,dpu,20369.2,20477.1
0,765,g_a_cpu,cpu,20477.1,20477.6
0,765,h_a,dpu,20477.6,20479.6
0,765,eb_enc,cpu,20479.6,20479.8
0,765,eb_dec,cpu,20479.8,20479.9
0,765,h_s,dpu,20479.9,20482.2
0,765,gc,cpu,20482.2,20492
0,774,normalize,cpu,20492.5,20496.3
0,774,g_a_cpu,cpu,20496.3,20496.7
0,774,g_a,dpu,20496.7,20603.5
0,774,g_a,dpu,20603.5,20799.4
0,774,g_a_cpu,cpu,20799.4,20799.7
0,774,h_a,dpu,20799.7,20872.9
0,774,eb_enc,cpu,20872.9,20873
0,774,eb_dec,cpu,20873,20873.1
0,774,h_s,dpu,20873.1,20946.4
0,774,gc,cpu,20946.4,20956.3
0,790,normalize,cpu,20957,20960.7
0,790,g_a_cpu,cpu,20960.7,20961.1
0,790,g_a,dpu,20961.1,20997.7
0,790,g_a,dpu,20997.7,21106
0,790,g_a_cpu,cpu,21106,21106.6
0,790,h_a,dpu,21106.6,21179.6
0,790,eb_enc,cpu,21179.6,21179.8
0,790,eb_dec,cpu,21179.8,21179.9
0,790,h_s,dpu,21179.9,21182.4
0,790,gc,cpu,21182.4,21192.7
0,799,normalize,cpu,21193.5,21197.3
0,799,g_a_cpu,cpu,21197.3,21197.8
0,799,g_a,dpu,21197.8,21234.2
0,799,g_a,dpu,21234.2,21341.9
0,799,g_a_cpu,cpu,21341.9,21342.4
0,799,h_a,dpu,21342.4,21415.3
0,799,eb_enc,cpu,21415.3,21415.4
0,799,eb_dec,cpu,21415.4,21415.6
0,799,h_s,dpu,21415.6,21418
0,799,gc,cpu,21418,21428
0,808,normalize,cpu,21428.6,21432.3
0,808,g_a_cpu,cpu,21432.3,21432.6
0,808,g_a,dpu,21432.6,21469.2
0,808,g_a,dpu,21469.2,21576.8
0,808,g_a_cpu,cpu,21576.8,21577.3
0,808,h_a,dpu,21577.3,21650.2
0,808,eb_enc,cpu,21650.2,21650.3
0,808,eb_dec,cpu,21650.3,21650.5
0,808,h_s,dpu,21650.5,21652.6
0,808,gc,cpu,21652.6,21662.7
0,817,normalize,cpu,21663.2,21666.9
0,817,g_a_cpu,cpu,21666.9,21667.3
0,817,g_a,dpu,21667.3,21703.9
0,817,g_a,dpu,21703.9,21811.6
0,817,g_a_cpu,cpu,21811.6,21812
0,817,h_a,dpu,21812,21884.8
0,817,eb_enc,cpu,21884.8,21885
0,817,eb_dec,cpu,21885,21885.2
0,817,h_s,dpu,21885.2,21887.9
0,817,gc,cpu,21887.9,21897.8
0,826,normalize,cpu,21898.4,21902
0,826,g_a_cpu,cpu,21902,21902.4
0,826,g_a,dpu,21902.4,21939
0,826,g_a,dpu,21939,22046.6
0,826,g_a_cpu,cpu,22046.6,22047
0,826,h_a,dpu,22047,22122.8
0,826,eb_enc,cpu,22122.8,22123
0,826,eb_dec,cpu,22123.1,22123.3
0,826,h_s,dpu,22123.3,22126
0,826,gc,cpu,22126,22136
0,835,normalize,cpu,22136.5,22140.2
0,835,g_a_cpu,cpu,22140.2,22140.5
0,835,g_a,dpu,22140.5,22177.1
0,835,g_a,dpu,22177.1,22284.8
0,835,g_a_cpu,cpu,22284.8,22285.2
0,835,h_a,dpu,22285.2,22358.7
0,835,eb_enc,cpu,22358.7,22358.8
0,835,eb_dec,cpu,22358.8,22359
0,835,h_s,dpu,22359,22360.7
0,835,gc,cpu,22360.7,22371.2
0,844,normalize,cpu,22371.8,22375.5
0,844,g_a_cpu,cpu,22375.5,22375.8
0,844,g_a,dpu,22375.8,22412.3
0,844,g_a,dpu,22412.3,22519.9
0,844,g_a_cpu,cpu,22520,22520.4
0,844,h_a,dpu,22520.4,22594.1
0,844,eb_enc,cpu,22594.1,22594.3
0,844,eb_dec,cpu,22594.3,22594.5
0,844,h_s,dpu,22594.5,22597.6
0,844,gc,cpu,22597.6,22608.1
0,854,normalize,cpu,22608.8,22612.4
0,854,g_a_cpu,cpu,22612.4,22612.7
0,854,g_a,dpu,22612.7,22649.3
0,854,g_a,dpu,22649.3,22757.4
0,854,g_a_cpu,cpu,22757.4,22757.9
0,854,h_a,dpu,22757.9,22832.1
0,854,eb_enc,cpu,22832.1,22832.3
0,854,eb_dec,cpu,22832.3,22832.5
0,854,h_s,dpu,22832.5,22835.2
0,854,gc,cpu,22835.2,22845.3
0,860,normalize,cpu,22845.9,22849.6
0,860,g_a_cpu,cpu,22849.6,22850
0,860,g_a,dpu,22850,22886.6
0,860,g_a,dpu,22886.7,22923
0,860,g_a_cpu,cpu,22923,22923.4
0,860,h_a,dpu,22923.4,22995.5
0,860,eb_enc,cpu,22995.5,22995.6
0,860,eb_dec,cpu,22995.6,22995.8
0,860,h_s,dpu,22995.8,23068.5
0,860,gc,cpu,23068.5,23078.6
0,871,normalize,cpu,23079.3,23083
0,871,g_a_cpu,cpu,23083,23083.8
0,871,g_a,dpu,23083.8,23120.3
0,871,g_a,dpu,23120.3,23228
0,871,g_a_cpu,cpu,23228,23228.5
0,871,h_a,dpu,23228.5,23304.1
0,871,eb_enc,cpu,23304.1,23304.4
0,871,eb_dec,cpu,23304.4,23304.6
0,871,h_s,dpu,23304.6,23308.5
0,871,gc,cpu,23308.5,23318.7
0,879,normalize,cpu,23319.3,23322.9
0,879,g_a_cpu,cpu,23322.9,23323.5
0,879,g_a,dpu,23323.5,23394.6
0,879,g_a,dpu,23394.6,23502.2
0,879,g_a_cpu,cpu,23502.2,23502.6
0,879,h_a,dpu,23502.6,23544
0,879,eb_enc,cpu,23544,23544.1
0,879,eb_dec,cpu,23544.1,23544.3
0,879,h_s,dpu,23544.3,23545.4
0,879,gc,cpu,23545.4,23555.5
0,887,normalize,cpu,23556.1,23563.4
0,887,g_a_cpu,cpu,23563.4,23563.8
0,887,g_a,dpu,23563.8,23633.9
0,887,g_a,dpu,23633.9,23741.5
0,887,g_a_cpu,cpu,23741.5,23741.9
0,887,h_a,dpu,23741.9,23779.4
0,887,eb_enc,cpu,23779.4,23779.5
0,887,eb_dec,cpu,23779.5,23779.6
0,887,h_s,dpu,23779.6,23793.7
0,887,gc,cpu,23793.7,23804.9
0,894,normalize,cpu,23805.5,23809.1
0,894,g_a_cpu,cpu,23809.1,23809.5
0,894,g_a,dpu,23809.6,23879
0,894,g_a,dpu,23879,23986.6
0,894,g_a_cpu,cpu,23986.6,23987.1
0,894,h_a,dpu,23987.1,24024.9
0,894,eb_enc,cpu,24024.9,24025.1
0,894,eb_dec,cpu,24025.1,24025.3
0,894,h_s,dpu,24025.3,24027.5
0,894,gc,cpu,24027.5,24042.7
0,905,normalize,cpu,24043.4,24047.2
0,905,g_a_cpu,cpu,24047.2,24047.6
0,905,g_a,dpu,24047.6,24114.5
0,905,g_a,dpu,24114.5,24223.3
0,905,g_a_cpu,cpu,24223.3,24223.7
0,905,h_a,dpu,24223.7,24262.3
0,905,eb_enc,cpu,24262.3,24262.4
0,905,eb_dec,cpu,24262.4,24262.6
0,905,h_s,dpu,24262.6,24265.5
0,905,gc,cpu,24265.5,24283.3
0,913,normalize,cpu,24284.2,24288.4
0,913,g_a_cpu,cpu,24288.4,24288.8
0,913,g_a,dpu,24288.8,24355.2
0,913,g_a,dpu,24355.2,24462.9
0,913,g_a_cpu,cpu,24462.9,24463.3
0,913,h_a,dpu,24463.3,24500.8
0,913,eb_enc,cpu,24500.9,24501
0,913,eb_dec,cpu,24501,24501.2
0,913,h_s,dpu,24501.2,24503.5
0,913,gc,cpu,24503.5,24513.9
0,920,normalize,cpu,24514.5,24518.2
0,920,g_a_cpu,cpu,24518.2,24518.6
0,920,g_a,dpu,24518.6,24555.1
0,920,g_a,dpu,24555.1,24663.1
0,920,g_a_cpu,cpu,24663.1,24663.6
0,920,h_a,dpu,24663.6,24736.7
0,920,eb_enc,cpu,24736.7,24736.8
0,920,eb_dec,cpu,24736.8,24736.9
0,920,h_s,dpu,24736.9,24741.5
0,920,gc,cpu,24741.5,24753.3
1,2,normalize,cpu,69.9668,73.7278
1,2,g_a_cpu,cpu,73.8932,74.3329
1,2,g_a,dpu,74.3743,117.183
1,2,g_a,dpu,117.19,225.482
1,2,g_a_cpu,cpu,225.483,225.875
1,2,h_a,dpu,225.889,298.538
1,2,eb_enc,cpu,298.539,298.667
1,2,eb_dec,cpu,298.667,298.791
1,2,h_s,dpu,298.791,302.873
1,2,gc,cpu,302.877,314.646
1,11,normalize,cpu,316.487,320.225
1,11,g_a_cpu,cpu,320.23,320.587
1,11,g_a,dpu,320.592,357.171
1,11,g_a,dpu,357.175,464.942
1,11,g_a_cpu,cpu,464.944,465.366
1,11,h_a,dpu,465.369,539.063
1,11,eb_enc,cpu,539.064,539.194
1,11,eb_dec,cpu,539.197,539.326
1,11,h_s,dpu,539.326,542.378
1,11,gc,cpu,542.379,552.347
1,20,normalize,cpu,553.386,557.023
1,20,g_a_cpu,cpu,557.027,557.46
1,20,g_a,dpu,557.462,601.217
1,20,g_a,dpu,601.243,709.386
1,20,g_a_cpu,cpu,709.388,709.807
1,20,h_a,dpu,709.81,785.35
1,20,eb_enc,cpu,785.351,785.493
1,20,eb_dec,cpu,785.494,785.62
1,20,h_s,dpu,785.62,788.783
1,20,gc,cpu,788.783,799.403
1,31,normalize,cpu,800.266,803.932
1,31,g_a_cpu,cpu,803.935,804.268
1,31,g_a,dpu,804.273,840.886
1,31,g_a,dpu,840.892,948.612
1,31,g_a_cpu,cpu,948.617,949.078
1,31,h_a,dpu,949.079,1022.63
1,31,eb_enc,cpu,1022.63,1022.77
1,31,eb_dec,cpu,1022.77,1022.9
1,31,h_s,dpu,1022.9,1025.88
1,31,gc,cpu,1025.88,1035.86
1,41,normalize,cpu,1036.46,1040.14
1,41,g_a_cpu,cpu,1040.14,1040.58
1,41,g_a,dpu,1040.59,1112.46
1,41,g_a,dpu,1112.46,1220.31
1,41,g_a_cpu,cpu,1220.31,1220.76
1,41,h_a,dpu,1220.77,1274.68
1,41,eb_enc,cpu,1274.68,1274.81
1,41,eb_dec,cpu,1274.81,1274.92
1,41,h_s,dpu,1274.92,1276.89
1,41,gc,cpu,1276.89,1286.74
1,52,normalize,cpu,1287.26,1290.92
1,52,g_a_cpu,cpu,1290.92,1291.26
1,52,g_a,dpu,1291.26,1386.62
1,52,g_a,dpu,1386.62,1498.62
1,52,g_a_cpu,cpu,1498.62,1499.04
1,52,h_a,dpu,1499.04,1503.35
1,52,eb_enc,cpu,1503.36,1503.49
1,52,eb_dec,cpu,1503.49,1503.61
1,52,h_s,dpu,1503.61,1506.58
1,52,gc,cpu,1506.58,1516.49
1,60,normalize,cpu,1517,1520.66
1,60,g_a_cpu,cpu,1520.66,1521.15
1,60,g_a,dpu,1521.16,1593.92
1,60,g_a,dpu,1593.92,1701.78
1,60,g_a_cpu,cpu,1701.78,1702.22
1,60,h_a,dpu,1702.24,1741.46
1,60,eb_enc,cpu,1741.46,1741.6
1,60,eb_dec,cpu,1741.6,1741.71
1,60,h_s,dpu,1741.71,1744.34
1,60,gc,cpu,1744.34,1754.72
1,67,normalize,cpu,1755.34,1759.08
1,67,g_a_cpu,cpu,1759.08,1759.57
1,67,g_a,dpu,1759.58,1796.16
1,67,g_a,dpu,1796.16,1903.89
1,67,g_a_cpu,cpu,1903.89,1904.31
1,67,h_a,dpu,1904.32,1984.21
1,67,eb_enc,cpu,1984.21,1984.34
1,67,eb_dec,cpu,1984.34,1984.46
1,67,h_s,dpu,1984.46,2057.83
1,67,gc,cpu,2057.84,2067.93
1,78,normalize,cpu,2068.57,2072.24
1,78,g_a_cpu,cpu,2072.25,2072.57
1,78,g_a,dpu,2072.57,2109.07
1,78,g_a,dpu,2109.08,2221.81
1,78,g_a_cpu,cpu,2221.81,2222.27
1,78,h_a,dpu,2222.28,2297.57
1,78,eb_enc,cpu,2297.57,2297.69
1,78,eb_dec,cpu,2297.69,2297.81
1,78,h_s,dpu,2297.81,2298.83
1,78,gc,cpu,2298.83,2308.67
1,86,normalize,cpu,2309.99,2313.71
1,86,g_a_cpu,cpu,2313.72,2314.14
1,86,g_a,dpu,2314.14,2350.79
1,86,g_a,dpu,2350.79,2458.62
1,86,g_a_cpu,cpu,2458.62,2458.95
1,86,h_a,dpu,2458.95,2532.31
1,86,eb_enc,cpu,2532.32,2532.44
1,86,eb_dec,cpu,2532.44,2532.55
1,86,h_s,dpu,2532.55,2535.61
1,86,gc,cpu,2535.61,2545.5
1,95,normalize,cpu,2546.17,2549.96
1,95,g_a_cpu,cpu,2549.96,2550.38
1,95,g_a,dpu,2550.39,2586.98
1,95,g_a,dpu,2586.98,2695.3
1,95,g_a_cpu,cpu,2695.3,2695.8
1,95,h_a,dpu,2695.8,2769.36
1,95,eb_enc,cpu,2769.36,2769.49
1,95,eb_dec,cpu,2769.49,2769.63
1,95,h_s,dpu,2769.63,2772.67
1,95,gc,cpu,2772.67,2782.61
1,104,normalize,cpu,2783.29,2787
1,104,g_a_cpu,cpu,2787,2787.34
1,104,g_a,dpu,2787.35,2824.36
1,104,g_a,dpu,2824.36,2932.79
1,104,g_a_cpu,cpu,2932.79,2933.3
1,104,h_a,dpu,2933.3,3006.32
1,104,eb_enc,cpu,3006.32,3006.45
1,104,eb_dec,cpu,3006.45,3006.57
1,104,h_s,dpu,3006.57,3009.37
1,104,gc,cpu,3009.37,3019.72
1,113,normalize,cpu,3020.32,3023.98
1,113,g_a_cpu,cpu,3023.98,3024.37
1,113,g_a,dpu,3024.37,3061.45
1,113,g_a,dpu,3061.45,3170.44
1,113,g_a_cpu,cpu,3170.44,3170.88
1,113,h_a,dpu,3170.88,3243.4
1,113,eb_enc,cpu,3243.4,3243.54
1,113,eb_dec,cpu,3243.55,3243.67
1,113,h_s,dpu,3243.67,3249.05
1,113,gc,cpu,3249.06,3259.12
1,121,normalize,cpu,3259.75,3263.56
1,121,g_a_cpu,cpu,3263.56,3263.91
1,121,g_a,dpu,3263.91,3300.45
1,121,g_a,dpu,3300.45,3336.96
1,121,g_a_cpu,cpu,3336.96,3337.42
1,121,h_a,dpu,3337.42,3482.22
1,121,eb_enc,cpu,3482.22,3482.35
1,121,eb_dec,cpu,3482.35,3482.47
1,121,h_s,dpu,3482.47,3483.53
1,121,gc,cpu,3483.53,3494.56
1,129,normalize,cpu,3497.99,3505.1
1,129,g_a_cpu,cpu,3505.1,3505.59
1,129,g_a,dpu,3505.6,3649.9
1,129,g_a,dpu,3649.91,3688.03
1,129,g_a_cpu,cpu,3688.03,3688.55
1,129,h_a,dpu,3688.55,3726.74
1,129,eb_enc,cpu,3726.74,3726.88
1,129,eb_dec,cpu,3726.88,3727
1,129,h_s,dpu,3727,3764.47
1,129,gc,cpu,3764.47,3774.99
1,143,normalize,cpu,3775.53,3779.23
1,143,g_a_cpu,cpu,3779.23,3779.66
1,143,g_a,dpu,3779.67,3874.01
1,143,g_a,dpu,3874.02,3947.27
1,143,g_a_cpu,cpu,3947.27,3947.67
1,143,h_a,dpu,3947.67,3951.76
1,143,eb_enc,cpu,3951.77,3951.9
1,143,eb_dec,cpu,3951.9,3952.02
1,143,h_s,dpu,3952.02,3954.18
1,143,gc,cpu,3954.18,3964.62
1,149,normalize,cpu,3965.11,3968.8
1,149,g_a_cpu,cpu,3968.81,3969.13
1,149,g_a,dpu,3969.13,4071.83
1,149,g_a,dpu,4071.83,4180.46
1,149,g_a_cpu,cpu,4180.46,4180.81
1,149,h_a,dpu,4180.82,4184.32
1,149,eb_enc,cpu,4184.32,4184.44
1,149,eb_dec,cpu,4184.44,4184.56
1,149,h_s,dpu,4184.56,4187.23
1,149,gc,cpu,4187.23,4197.18
1,158,normalize,cpu,4197.68,4201.41
1,158,g_a_cpu,cpu,4201.42,4202.06
1,158,g_a,dpu,4202.06,4309.9
1,158,g_a,dpu,4309.9,4383.21
1,158,g_a_cpu,cpu,4383.21,4383.56
1,158,h_a,dpu,4383.56,4421.83
1,158,eb_enc,cpu,4421.83,4421.95
1,158,eb_dec,cpu,4421.95,4422.07
1,158,h_s,dpu,4422.07,4424.28
1,158,gc,cpu,4424.28,4434.4
1,166,normalize,cpu,4435.2,4438.88
1,166,g_a_cpu,cpu,4438.89,4439.23
1,166,g_a,dpu,4439.23,4581.04
1,166,g_a,dpu,4581.04,4654.25
1,166,g_a_cpu,cpu,4654.25,4654.7
1,166,h_a,dpu,4654.7,4657.26
1,166,eb_enc,cpu,4657.26,4657.41
1,166,eb_dec,cpu,4657.41,4657.53
1,166,h_s,dpu,4657.53,4659.07
1,166,gc,cpu,4659.07,4669.34
1,176,normalize,cpu,4669.86,4673.54
1,176,g_a_cpu,cpu,4673.54,4673.81
1,176,g_a,dpu,4673.82,4780.03
1,176,g_a,dpu,4780.03,4854.05
1,176,g_a_cpu,cpu,4854.05,4854.5
1,176,h_a,dpu,4854.5,4893.12
1,176,eb_enc,cpu,4893.12,4893.27
1,176,eb_dec,cpu,4893.27,4893.39
1,176,h_s,dpu,4893.39,4899.07
1,176,gc,cpu,4899.08,4909.67
1,185,normalize,cpu,4910.18,4913.83
1,185,g_a_cpu,cpu,4913.83,4914.1
1,185,g_a,dpu,4914.11,5017.27
1,185,g_a,dpu,5017.27,5125.8
1,185,g_a_cpu,cpu,5125.81,5126.28
1,185,h_a,dpu,5126.28,5129.35
1,185,eb_enc,cpu,5129.35,5129.47
1,185,eb_dec,cpu,5129.47,5129.61
1,185,h_s,dpu,5129.61,5135.12
1,185,gc,cpu,5135.12,5145.32
1,194,normalize,cpu,5145.86,5149.61
1,194,g_a_cpu,cpu,5149.61,5150.13
1,194,g_a,dpu,5150.13,5253.77
1,194,g_a,dpu,5253.77,5361.63
1,194,g_a_cpu,cpu,5361.63,5362.04
1,194,h_a,dpu,5362.04,5364.77
1,194,eb_enc,cpu,5364.77,5364.91
1,194,eb_dec,cpu,5364.91,5365.03
1,194,h_s,dpu,5365.03,5367.34
1,194,gc,cpu,5367.34,5377.19
1,203,normalize,cpu,5377.68,5381.32
1,203,g_a_cpu,cpu,5381.32,5381.62
1,203,g_a,dpu,5381.63,5488.76
1,203,g_a,dpu,5488.76,5596.53
1,203,g_a_cpu,cpu,5596.53,5596.96
1,203,h_a,dpu,5596.96,5599.62
1,203,eb_enc,cpu,5599.63,5599.75
1,203,eb_dec,cpu,5599.75,5599.87
1,203,h_s,dpu,5599.87,5602.15
1,203,gc,cpu,5602.15,5612.02
1,213,normalize,cpu,5612.46,5616.17
1,213,g_a_cpu,cpu,5616.17,5616.75
1,213,g_a,dpu,5616.76,5724.04
1,213,g_a,dpu,5724.04,5832.17
1,213,g_a_cpu,cpu,5832.17,5832.64
1,213,h_a,dpu,5832.64,5835.31
1,213,eb_enc,cpu,5835.31,5835.45
1,213,eb_dec,cpu,5835.45,5835.56
1,213,h_s,dpu,5835.56,5837.8
1,213,gc,cpu,5837.8,5848.42
1,222,normalize,cpu,5848.92,5852.59
1,222,g_a_cpu,cpu,5852.59,5852.89
1,222,g_a,dpu,5852.89,5959.59
1,222,g_a,dpu,5959.59,6067.5
1,222,g_a_cpu,cpu,6067.51,6067.97
1,222,h_a,dpu,6067.97,6070.62
1,222,eb_enc,cpu,6070.62,6070.75
1,222,eb_dec,cpu,6070.75,6070.86
1,222,h_s,dpu,6070.87,6073.12
1,222,gc,cpu,6073.12,6083.09
1,231,normalize,cpu,6083.62,6087.31
1,231,g_a_cpu,cpu,6087.32,6087.94
1,231,g_a,dpu,6087.94,6159.18
1,231,g_a,dpu,6159.18,6267
1,231,g_a_cpu,cpu,6267,6267.43
1,231,h_a,dpu,6267.43,6305.79
1,231,eb_enc,cpu,6305.79,6305.93
1,231,eb_dec,cpu,6305.94,6306.06
1,231,h_s,dpu,6306.06,6308.87
1,231,gc,cpu,6308.87,6319.58
1,239,normalize,cpu,6321.78,6325.56
1,239,g_a_cpu,cpu,6325.56,6325.95
1,239,g_a,dpu,6325.96,6431.25
1,239,g_a,dpu,6431.25,6539.52
1,239,g_a_cpu,cpu,6539.52,6539.86
1,239,h_a,dpu,6539.86,6543.33
1,239,eb_enc,cpu,6543.33,6543.46
1,239,eb_dec,cpu,6543.46,6543.58
1,239,h_s,dpu,6543.58,6546.22
1,239,gc,cpu,6546.22,6556.03
1,248,normalize,cpu,6556.48,6560.2
1,248,g_a_cpu,cpu,6560.21,6560.87
1,248,g_a,dpu,6560.88,6667.97
1,248,g_a,dpu,6667.97,6776.28
1,248,g_a_cpu,cpu,6776.28,6776.64
1,248,h_a,dpu,6776.64,6780.12
1,248,eb_enc,cpu,6780.12,6780.24
1,248,eb_dec,cpu,6780.24,6780.35
1,248,h_s,dpu,6780.36,6782.96
1,248,gc,cpu,6782.96,6793.3
1,257,normalize,cpu,6793.79,6797.53
1,257,g_a_cpu,cpu,6797.53,6797.88
1,257,g_a,dpu,6797.89,6904.74
1,257,g_a,dpu,6904.74,7012.98
1,257,g_a_cpu,cpu,7012.99,7013.37
1,257,h_a,dpu,7013.37,7016.84
1,257,eb_enc,cpu,7016.84,7016.96
1,257,eb_dec,cpu,7016.96,7017.08
1,257,h_s,dpu,7017.08,7019.74
1,257,gc,cpu,7019.74,7029.57
1,266,normalize,cpu,7030.05,7033.76
1,266,g_a_cpu,cpu,7033.76,7034.28
1,266,g_a,dpu,7034.28,7141.48
1,266,g_a,dpu,7141.49,7249.86
1,266,g_a_cpu,cpu,7249.86,7250.2
1,266,h_a,dpu,7250.2,7253.79
1,266,eb_enc,cpu,7253.8,7253.99
1,266,eb_dec,cpu,7253.99,7254.11
1,266,h_s,dpu,7254.11,7255.19
1,266,gc,cpu,7255.19,7272.22
1,275,normalize,cpu,7272.9,7276.65
1,275,g_a_cpu,cpu,7276.65,7277.09
1,275,g_a,dpu,7277.09,7383.4
1,275,g_a,dpu,7383.4,7495.33
1,275,g_a_cpu,cpu,7495.33,7495.66
1,275,h_a,dpu,7495.67,7497.7
1,275,eb_enc,cpu,7497.7,7497.85
1,275,eb_dec,cpu,7497.85,7497.97
1,275,h_s,dpu,7497.97,7508.55
1,275,gc,cpu,7508.56,7518.73
1,284,normalize,cpu,7519.21,7522.86
1,284,g_a_cpu,cpu,7522.87,7523.18
1,284,g_a,dpu,7523.18,7622.18
1,284,g_a,dpu,7622.18,7731.15
1,284,g_a_cpu,cpu,7731.15,7731.62
1,284,h_a,dpu,7731.62,7734.72
1,284,eb_enc,cpu,7734.73,7734.88
1,284,eb_dec,cpu,7734.88,7734.99
1,284,h_s,dpu,7734.99,7739.18
1,284,gc,cpu,7739.18,7748.99
1,292,normalize,cpu,7749.59,7754.7
1,292,g_a_cpu,cpu,7754.71,7755.08
1,292,g_a,dpu,7755.09,7823.45
1,292,g_a,dpu,7823.46,7932.13
1,292,g_a_cpu,cpu,7932.13,7932.58
1,292,h_a,dpu,7932.58,7970.63
1,292,eb_enc,cpu,7970.63,7970.76
1,292,eb_dec,cpu,7970.76,7970.87
1,292,h_s,dpu,7970.87,7974.17
1,292,gc,cpu,7974.17,7984.06
1,303,normalize,cpu,7984.53,7988.46
1,303,g_a_cpu,cpu,7988.46,7988.87
1,303,g_a,dpu,7988.87,8060.64
1,303,g_a,dpu,8060.64,8169
1,303,g_a_cpu,cpu,8169.01,8169.55
1,303,h_a,dpu,8169.55,8207.06
1,303,eb_enc,cpu,8207.06,8207.19
1,303,eb_dec,cpu,8207.19,8207.3
1,303,h_s,dpu,8207.31,8209.82
1,303,gc,cpu,8209.82,8219.76
1,312,normalize,cpu,8220.25,8223.9
1,312,g_a_cpu,cpu,8223.9,8224.26
1,312,g_a,dpu,8224.26,8296.24
1,312,g_a,dpu,8296.24,8404.09
1,312,g_a_cpu,cpu,8404.09,8404.53
1,312,h_a,dpu,8404.53,8442.84
1,312,eb_enc,cpu,8442.84,8442.98
1,312,eb_dec,cpu,8442.98,8443.1
1,312,h_s,dpu,8443.1,8446.25
1,312,gc,cpu,8446.25,8456.08
1,321,normalize,cpu,8456.56,8460.23
1,321,g_a_cpu,cpu,8460.24,8460.65
1,321,g_a,dpu,8460.65,8532.56
1,321,g_a,dpu,8532.56,8640.4
1,321,g_a_cpu,cpu,8640.4,8640.84
1,321,h_a,dpu,8640.84,8678.76
1,321,eb_enc,cpu,8678.76,8678.93
1,321,eb_dec,cpu,8678.93,8679.06
1,321,h_s,dpu,8679.06,8683.05
1,321,gc,cpu,8683.05,8693.59
1,329,normalize,cpu,8695.33,8699.01
1,329,g_a_cpu,cpu,8699.02,8699.38
1,329,g_a,dpu,8699.38,8735.92
1,329,g_a,dpu,8735.92,8843.69
1,329,g_a_cpu,cpu,8843.69,8844.11
1,329,h_a,dpu,8844.12,8925.45
1,329,eb_enc,cpu,8925.45,8925.6
1,329,eb_dec,cpu,8925.6,8925.73
1,329,h_s,dpu,8925.73,8927.05
1,329,gc,cpu,8927.06,8937.46
1,337,normalize,cpu,8938.05,8941.78
1,337,g_a_cpu,cpu,8941.79,8942.13
1,337,g_a,dpu,8942.14,8978.73
1,337,g_a,dpu,8978.74,9086.5
1,337,g_a_cpu,cpu,9086.5,9086.93
1,337,h_a,dpu,9086.94,9159.72
1,337,eb_enc,cpu,9159.72,9160.02
1,337,eb_dec,cpu,9160.02,9160.16
1,337,h_s,dpu,9160.16,9174.71
1,337,gc,cpu,9174.71,9189.78
1,348,normalize,cpu,9190.32,9194.02
1,348,g_a_cpu,cpu,9194.03,9194.37
1,348,g_a,dpu,9194.37,9290.31
1,348,g_a,dpu,9290.31,9326.66
1,348,g_a_cpu,cpu,9326.67,9327.11
1,348,h_a,dpu,9327.11,9403.79
1,348,eb_enc,cpu,9403.79,9403.96
1,348,eb_dec,cpu,9403.96,9404.07
1,348,h_s,dpu,9404.07,9405.15
1,348,gc,cpu,9405.15,9424.91
1,357,normalize,cpu,9425.41,9429.05
1,357,g_a_cpu,cpu,9429.05,9429.38
1,357,g_a,dpu,9429.38,9537.45
1,357,g_a,dpu,9537.45,9645.77
1,357,g_a_cpu,cpu,9645.77,9646.2
1,357,h_a,dpu,9646.21,9647.92
1,357,eb_enc,cpu,9647.93,9648.08
1,357,eb_dec,cpu,9648.08,9648.22
1,357,h_s,dpu,9648.22,9649.28
1,357,gc,cpu,9649.28,9659.21
1,364,normalize,cpu,9660.38,9665.68
1,364,g_a_cpu,cpu,9665.68,9666.04
1,364,g_a,dpu,9666.04,9706.57
1,364,g_a,dpu,9706.57,9814.36
1,364,g_a_cpu,cpu,9814.36,9814.78
1,364,h_a,dpu,9814.78,9887.34
1,364,eb_enc,cpu,9887.35,9887.49
1,364,eb_dec,cpu,9887.49,9887.61
1,364,h_s,dpu,9887.61,9890.77
1,364,gc,cpu,9890.77,9901.02
1,370,normalize,cpu,9901.97,9905.84
1,370,g_a_cpu,cpu,9905.84,9906.26
1,370,g_a,dpu,9906.27,9942.92
1,370,g_a,dpu,9942.93,10051.4
1,370,g_a_cpu,cpu,10051.4,10051.8
1,370,h_a,dpu,10051.8,10124.8
1,370,eb_enc,cpu,10124.8,10124.9
1,370,eb_dec,cpu,10124.9,10125.1
1,370,h_s,dpu,10125.1,10128.4
1,370,gc,cpu,10128.4,10138.4
1,379,normalize,cpu,10139,10142.7
1,379,g_a_cpu,cpu,10142.7,10143.2
1,379,g_a,dpu,10143.2,10179.9
1,379,g_a,dpu,10179.9,10360
1,379,g_a_cpu,cpu,10360,10360.3
1,379,h_a,dpu,10360.3,10362.3
1,379,eb_enc,cpu,10362.3,10362.5
1,379,eb_dec,cpu,10362.5,10362.6
1,379,h_s,dpu,10362.6,10365.6
1,379,gc,cpu,10365.6,10375.6
1,388,normalize,cpu,10376.1,10379.8
1,388,g_a_cpu,cpu,10379.8,10380.2
1,388,g_a,dpu,10380.2,10416.9
1,388,g_a,dpu,10416.9,10525.1
1,388,g_a_cpu,cpu,10525.1,10525.6
1,388,h_a,dpu,10525.6,10563.1
1,388,eb_enc,cpu,10563.1,10563.3
1,388,eb_dec,cpu,10563.3,10563.4
1,388,h_s,dpu,10563.4,10600.9
1,388,gc,cpu,10600.9,10611
1,398,normalize,cpu,10611.5,10615.3
1,398,g_a_cpu,cpu,10615.3,10615.9
1,398,g_a,dpu,10615.9,10653
1,398,g_a,dpu,10653,10761.1
1,398,g_a_cpu,cpu,10761.1,10761.8
1,398,h_a,dpu,10761.8,10834.6
1,398,eb_enc,cpu,10834.6,10834.7
1,398,eb_dec,cpu,10834.7,10834.9
1,398,h_s,dpu,10834.9,10837.5
1,398,gc,cpu,10837.5,10847.3
1,407,normalize,cpu,10847.9,10851.6
1,407,g_a_cpu,cpu,10851.6,10851.9
1,407,g_a,dpu,10851.9,10888.5
1,407,g_a,dpu,10888.5,10996.8
1,407,g_a_cpu,cpu,10996.8,10997.3
1,407,h_a,dpu,10997.3,11069.8
1,407,eb_enc,cpu,11069.8,11070
1,407,eb_dec,cpu,11070,11070.2
1,407,h_s,dpu,11070.2,11073.3
1,407,gc,cpu,11073.3,11083.6
1,416,normalize,cpu,11084.1,11087.8
1,416,g_a_cpu,cpu,11087.8,11088.1
1,416,g_a,dpu,11088.1,11125.1
1,416,g_a,dpu,11125.1,11237.4
1,416,g_a_cpu,cpu,11237.4,11237.8
1,416,h_a,dpu,11237.8,11310.3
1,416,eb_enc,cpu,11310.3,11310.5
1,416,eb_dec,cpu,11310.5,11310.6
1,416,h_s,dpu,11310.6,11314.1
1,416,gc,cpu,11314.1,11324
1,425,normalize,cpu,11324.6,11328.2
1,425,g_a_cpu,cpu,11328.2,11328.5
1,425,g_a,dpu,11328.5,11365.3
1,425,g_a,dpu,11365.3,11472.9
1,425,g_a_cpu,cpu,11472.9,11473.4
1,425,h_a,dpu,11473.4,11546
1,425,eb_enc,cpu,11546,11546.2
1,425,eb_dec,cpu,11546.2,11546.4
1,425,h_s,dpu,11546.4,11549.4
1,425,gc,cpu,11549.4,11559.7
1,434,normalize,cpu,11560.3,11564
1,434,g_a_cpu,cpu,11564,11564.3
1,434,g_a,dpu,11564.3,11601
1,434,g_a,dpu,11601,11708.9
1,434,g_a_cpu,cpu,11708.9,11709.3
1,434,h_a,dpu,11709.3,11782
1,434,eb_enc,cpu,11782,11782.3
1,434,eb_dec,cpu,11782.3,11782.4
1,434,h_s,dpu,11782.4,11785.3
1,434,gc,cpu,11785.3,11795.7
1,443,normalize,cpu,11796.3,11800
1,443,g_a_cpu,cpu,11800,11800.4
1,443,g_a,dpu,11800.4,11837.1
1,443,g_a,dpu,11837.1,11949.1
1,443,g_a_cpu,cpu,11949.1,11949.6
1,443,h_a,dpu,11949.6,12022.1
1,443,eb_enc,cpu,12022.1,12022.2
1,443,eb_dec,cpu,12022.2,12022.3
1,443,h_s,dpu,12022.3,12025
1,443,gc,cpu,12025,12035.3
1,452,normalize,cpu,12035.9,12039.6
1,452,g_a_cpu,cpu,12039.6,12039.9
1,452,g_a,dpu,12040,12076.6
1,452,g_a,dpu,12076.6,12184.4
1,452,g_a_cpu,cpu,12184.4,12184.9
1,452,h_a,dpu,12184.9,12257.4
1,452,eb_enc,cpu,12257.4,12257.6
1,452,eb_dec,cpu,12257.6,12257.7
1,452,h_s,dpu,12257.7,12260.4
1,452,gc,cpu,12260.4,12270.7
1,462,normalize,cpu,12271.2,12274.9
1,462,g_a_cpu,cpu,12274.9,12275.4
1,462,g_a,dpu,12275.4,12312.8
1,462,g_a,dpu,12312.9,12421
1,462,g_a_cpu,cpu,12421,12421.4
1,462,h_a,dpu,12421.4,12494
1,462,eb_enc,cpu,12494,12494.1
1,462,eb_dec,cpu,12494.1,12494.2
1,462,h_s,dpu,12494.2,12497.3
1,462,gc,cpu,12497.3,12507.3
1,471,normalize,cpu,12508,12511.8
1,471,g_a_cpu,cpu,12511.8,12512.2
1,471,g_a,dpu,12512.2,12548.8
1,471,g_a,dpu,12548.8,12656.5
1,471,g_a_cpu,cpu,12656.5,12656.9
1,471,h_a,dpu,12656.9,12729.5
1,471,eb_enc,cpu,12729.5,12729.6
1,471,eb_dec,cpu,12729.6,12729.8
1,471,h_s,dpu,12729.8,12732.4
1,471,gc,cpu,12732.4,12742.7
1,480,normalize,cpu,12743.3,12747
1,480,g_a_cpu,cpu,12747,12747.4
1,480,g_a,dpu,12747.4,12784.1
1,480,g_a,dpu,12784.1,12891.8
1,480,g_a_cpu,cpu,12891.8,12892.2
1,480,h_a,dpu,12892.2,12965.2
1,480,eb_enc,cpu,12965.2,12965.4
1,480,eb_dec,cpu,12965.4,12965.6
1,480,h_s,dpu,12965.6,12969
1,480,gc,cpu,12969,12978.9
1,490,normalize,cpu,12979.5,12984.6
1,490,g_a_cpu,cpu,12984.6,12985.1
1,490,g_a,dpu,12985.1,13021.8
1,490,g_a,dpu,13021.8,13130
1,490,g_a_cpu,cpu,13130,13130.4
1,490,h_a,dpu,13130.4,13209.6
1,490,eb_enc,cpu,13209.6,13209.7
1,490,eb_dec,cpu,13209.7,13209.9
1,490,h_s,dpu,13209.9,13213.9
1,490,gc,cpu,13213.9,13229
1,500,normalize,cpu,13229.8,13244.9
1,500,g_a_cpu,cpu,13244.9,13245.2
1,500,g_a,dpu,13245.2,13349.5
1,500,g_a,dpu,13349.5,13457.4
1,500,g_a_cpu,cpu,13457.4,13457.9
1,500,h_a,dpu,13457.9,13461.5
1,500,eb_enc,cpu,13461.5,13461.7
1,500,eb_dec,cpu,13461.7,13461.8
1,500,h_s,dpu,13461.8,13469.7
1,500,gc,cpu,13469.7,13480.2
1,509,normalize,cpu,13480.8,13484.4
1,509,g_a_cpu,cpu,13484.4,13484.9
1,509,g_a,dpu,13484.9,13551.3
1,509,g_a,dpu,13551.3,13659
1,509,g_a_cpu,cpu,13659,13659.6
1,509,h_a,dpu,13659.6,13714.6
1,509,eb_enc,cpu,13714.6,13714.7
1,509,eb_dec,cpu,13714.7,13714.8
1,509,h_s,dpu,13714.8,13716.1
1,509,gc,cpu,13716.1,13730.3
1,521,normalize,cpu,13731.2,13734.8
1,521,g_a_cpu,cpu,13734.8,13735.4
1,521,g_a,dpu,13735.5,13834.9
1,521,g_a,dpu,13834.9,13945.5
1,521,g_a_cpu,cpu,13945.5,13946.1
1,521,h_a,dpu,13946.1,13961.7
1,521,eb_enc,cpu,13961.7,13961.9
1,521,eb_dec,cpu,13961.9,13962
1,521,h_s,dpu,13962,13963.2
1,521,gc,cpu,13963.2,13980.9
1,530,normalize,cpu,13990.8,13994.4
1,530,g_a_cpu,cpu,13994.4,13994.8
1,530,g_a,dpu,13994.8,14083.1
1,530,g_a,dpu,14083.1,14156
1,530,g_a_cpu,cpu,14156,14156.4
1,530,h_a,dpu,14156.4,14197.4
1,530,eb_enc,cpu,14197.4,14197.5
1,530,eb_dec,cpu,14197.5,14197.7
1,530,h_s,dpu,14197.7,14198.8
1,530,gc,cpu,14198.8,14214.4
1,536,normalize,cpu,14215.1,14218.8
1,536,g_a_cpu,cpu,14218.8,14219.2
1,536,g_a,dpu,14219.2,14320.1
1,536,g_a,dpu,14320.1,14428.4
1,536,g_a_cpu,cpu,14428.4,14429.6
1,536,h_a,dpu,14429.6,14431.2
1,536,eb_enc,cpu,14431.2,14431.3
1,536,eb_dec,cpu,14431.3,14431.5
1,536,h_s,dpu,14431.5,14432.5
1,536,gc,cpu,14432.5,14449.5
1,545,normalize,cpu,14450.2,14454
1,545,g_a_cpu,cpu,14454,14454.3
1,545,g_a,dpu,14454.3,14560.3
1,545,g_a,dpu,14560.3,14673.6
1,545,g_a_cpu,cpu,14673.6,14674.2
1,545,h_a,dpu,14674.2,14676.2
1,545,eb_enc,cpu,14676.2,14676.4
1,545,eb_dec,cpu,14676.4,14676.5
1,545,h_s,dpu,14676.5,14683.4
1,545,gc,cpu,14683.4,14693.4
1,554,normalize,cpu,14694.1,14698.3
1,554,g_a_cpu,cpu,14698.3,14698.6
1,554,g_a,dpu,14698.6,14804.8
1,554,g_a,dpu,14804.8,14912.7
1,554,g_a_cpu,cpu,14912.7,14913.1
1,554,h_a,dpu,14913.1,14917.1
1,554,eb_enc,cpu,14917.1,14917.3
1,554,eb_dec,cpu,14917.3,14917.4
1,554,h_s,dpu,14917.4,14919.9
1,554,gc,cpu,14919.9,14930.4
1,563,normalize,cpu,14931,14934.7
1,563,g_a_cpu,cpu,14934.7,14935
1,563,g_a,dpu,14935,15041.6
1,563,g_a,dpu,15041.6,15149.5
1,563,g_a_cpu,cpu,15149.5,15149.9
1,563,h_a,dpu,15149.9,15153.3
1,563,eb_enc,cpu,15153.3,15153.4
1,563,eb_dec,cpu,15153.4,15153.5
1,563,h_s,dpu,15153.5,15156.1
1,563,gc,cpu,15156.1,15166
1,572,normalize,cpu,15166.5,15170.2
1,572,g_a_cpu,cpu,15170.3,15170.6
1,572,g_a,dpu,15170.6,15277.6
1,572,g_a,dpu,15277.6,15385.6
1,572,g_a_cpu,cpu,15385.7,15386
1,572,h_a,dpu,15386,15389.9
1,572,eb_enc,cpu,15389.9,15390.1
1,572,eb_dec,cpu,15390.1,15390.2
1,572,h_s,dpu,15390.2,15406.6
1,572,gc,cpu,15406.6,15416.4
1,581,normalize,cpu,15417,15420.8
1,581,g_a_cpu,cpu,15420.8,15421.1
1,581,g_a,dpu,15421.1,15515.4
1,581,g_a,dpu,15515.4,15624.2
1,581,g_a_cpu,cpu,15624.2,15624.6
1,581,h_a,dpu,15624.6,15627.7
1,581,eb_enc,cpu,15627.7,15627.8
1,581,eb_dec,cpu,15627.8,15628
1,581,h_s,dpu,15628,15634.3
1,581,gc,cpu,15634.3,15644.7
1,590,normalize,cpu,15645.2,15648.8
1,590,g_a_cpu,cpu,15648.8,15649.2
1,590,g_a,dpu,15649.2,15751.7
1,590,g_a,dpu,15751.7,15860
1,590,g_a_cpu,cpu,15860,15860.3
1,590,h_a,dpu,15860.3,15863.8
1,590,eb_enc,cpu,15863.8,15863.9
1,590,eb_dec,cpu,15863.9,15864
1,590,h_s,dpu,15864,15870.3
1,590,gc,cpu,15870.3,15880
1,599,normalize,cpu,15880.9,15884.5
1,599,g_a_cpu,cpu,15884.5,15884.8
1,599,g_a,dpu,15884.8,15990
1,599,g_a,dpu,15990,16098.7
1,599,g_a_cpu,cpu,16098.7,16099
1,599,h_a,dpu,16099,16102.7
1,599,eb_enc,cpu,16102.7,16102.8
1,599,eb_dec,cpu,16102.8,16102.9
1,599,h_s,dpu,16102.9,16103.9
1,599,gc,cpu,16103.9,16114.2
1,607,normalize,cpu,16114.8,16118.5
1,607,g_a_cpu,cpu,16118.5,16118.8
1,607,g_a,dpu,16118.8,16265.9
1,607,g_a,dpu,16265.9,16302.3
1,607,g_a_cpu,cpu,16302.3,16302.8
1,607,h_a,dpu,16302.8,16351.8
1,607,eb_enc,cpu,16351.8,16351.9
1,607,eb_dec,cpu,16351.9,16352.1
1,607,h_s,dpu,16352.1,16353.9
1,607,gc,cpu,16353.9,16364.2
1,618,normalize,cpu,16364.7,16368.3
1,618,g_a_cpu,cpu,16368.3,16368.8
1,618,g_a,dpu,16368.8,16468.4
1,618,g_a,dpu,16468.4,16576.2
1,618,g_a_cpu,cpu,16576.2,16576.7
1,618,h_a,dpu,16576.7,16579.4
1,618,eb_enc,cpu,16579.4,16579.5
1,618,eb_dec,cpu,16579.5,16579.7
1,618,h_s,dpu,16579.7,16582
1,618,gc,cpu,16582,16592.6
1,626,normalize,cpu,16593.1,16596.9
1,626,g_a_cpu,cpu,16596.9,16597.2
1,626,g_a,dpu,16597.2,16704.3
1,626,g_a,dpu,16704.3,16812.1
1,626,g_a_cpu,cpu,16812.1,16812.5
1,626,h_a,dpu,16812.5,16816.1
1,626,eb_enc,cpu,16816.1,16816.3
1,626,eb_dec,cpu,16816.3,16816.4
1,626,h_s,dpu,16816.4,16819
1,626,gc,cpu,16819,16829.2
1,635,normalize,cpu,16829.7,16833.4
1,635,g_a_cpu,cpu,16833.4,16833.8
1,635,g_a,dpu,16833.8,16941.5
1,635,g_a,dpu,16941.5,16978.2
1,635,g_a_cpu,cpu,16978.2,16978.6
1,635,h_a,dpu,16978.6,17055.5
1,635,eb_enc,cpu,17055.5,17055.6
1,635,eb_dec,cpu,17055.6,17055.7
1,635,h_s,dpu,17055.7,17056.7
1,635,gc,cpu,17056.7,17066.7
1,642,normalize,cpu,17067.2,17070.9
1,642,g_a_cpu,cpu,17070.9,17071.4
1,642,g_a,dpu,17071.4,17107.9
1,642,g_a,dpu,17107.9,17288.3
1,642,g_a_cpu,cpu,17288.3,17288.7
1,642,h_a,dpu,17288.7,17290.2
1,642,eb_enc,cpu,17290.2,17290.4
1,642,eb_dec,cpu,17290.4,17290.5
1,642,h_s,dpu,17290.5,17304.8
1,642,gc,cpu,17304.8,17314.9
1,653,normalize,cpu,17315.4,17319
1,653,g_a_cpu,cpu,17319,17319.3
1,653,g_a,dpu,17319.3,17418.2
1,653,g_a,dpu,17418.2,17526.2
1,653,g_a_cpu,cpu,17526.2,17526.7
1,653,h_a,dpu,17526.7,17529.4
1,653,eb_enc,cpu,17529.4,17529.6
1,653,eb_dec,cpu,17529.6,17529.7
1,653,h_s,dpu,17529.7,17532.1
1,653,gc,cpu,17532.1,17541.9
1,662,normalize,cpu,17542.5,17546.1
1,662,g_a_cpu,cpu,17546.1,17546.5
1,662,g_a,dpu,17546.5,17654.2
1,662,g_a,dpu,17654.2,17762.3
1,662,g_a_cpu,cpu,17762.3,17762.7
1,662,h_a,dpu,17762.7,17765.4
1,662,eb_enc,cpu,17765.4,17765.5
1,662,eb_dec,cpu,17765.5,17765.7
1,662,h_s,dpu,17765.7,17768.1
1,662,gc,cpu,17768.1,17778.2
1,671,normalize,cpu,17778.8,17782.5
1,671,g_a_cpu,cpu,17782.5,17783
1,671,g_a,dpu,17783,17853.7
1,671,g_a,dpu,17853.7,17961.8
1,671,g_a_cpu,cpu,17961.8,17962.3
1,671,h_a,dpu,17962.3,17999.9
1,671,eb_enc,cpu,17999.9,18000
1,671,eb_dec,cpu,18000,18000.2
1,671,h_s,dpu,18000.2,18002.9
1,671,gc,cpu,18002.9,18012.8
1,679,normalize,cpu,18013.3,18017.7
1,679,g_a_cpu,cpu,18017.7,18018.1
1,679,g_a,dpu,18018.1,18089.1
1,679,g_a,dpu,18089.1,18235.4
1,679,g_a_cpu,cpu,18235.4,18235.8
1,679,h_a,dpu,18235.8,18237.3
1,679,eb_enc,cpu,18237.3,18237.4
1,679,eb_dec,cpu,18237.4,18237.5
1,679,h_s,dpu,18237.5,18242.2
1,679,gc,cpu,18242.2,18252.2
1,688,normalize,cpu,18252.7,18256.4
1,688,g_a_cpu,cpu,18256.4,18256.7
1,688,g_a,dpu,18256.7,18327.3
1,688,g_a,dpu,18327.3,18441.4
1,688,g_a_cpu,cpu,18441.4,18441.9
1,688,h_a,dpu,18441.9,18480.6
1,688,eb_enc,cpu,18480.6,18480.8
1,688,eb_dec,cpu,18480.8,18480.9
1,688,h_s,dpu,18480.9,18553.8
1,688,gc,cpu,18553.8,18564.3
1,697,normalize,cpu,18564.9,18568.6
1,697,g_a_cpu,cpu,18568.6,18569
1,697,g_a,dpu,18569,18610.2
1,697,g_a,dpu,18610.2,18646.7
1,697,g_a_cpu,cpu,18646.7,18647.1
1,697,h_a,dpu,18647.1,18720.1
1,697,eb_enc,cpu,18720.1,18720.3
1,697,eb_dec,cpu,18720.3,18720.4
1,697,h_s,dpu,18720.4,18793.9
1,697,gc,cpu,18793.9,18803.8
1,706,normalize,cpu,18804.4,18808
1,706,g_a_cpu,cpu,18808,18808.3
1,706,g_a,dpu,18808.3,18845.1
1,706,g_a,dpu,18845.1,18953
1,706,g_a_cpu,cpu,18953,18953.4
1,706,h_a,dpu,18953.4,19026
1,706,eb_enc,cpu,19026,19026.2
1,706,eb_dec,cpu,19026.2,19026.3
1,706,h_s,dpu,19026.3,19027.4
1,706,gc,cpu,19027.4,19037.3
1,715,normalize,cpu,19037.8,19041.4
1,715,g_a_cpu,cpu,19041.4,19041.8
1,715,g_a,dpu,19041.8,19078.6
1,715,g_a,dpu,19078.6,19187
1,715,g_a_cpu,cpu,19187,19187.4
1,715,h_a,dpu,19187.4,19260.6
1,715,eb_enc,cpu,19260.6,19260.8
1,715,eb_dec,cpu,19260.8,19260.9
1,715,h_s,dpu,19260.9,19264.3
1,715,gc,cpu,19264.3,19274.2
1,724,normalize,cpu,19274.7,19278.4
1,724,g_a_cpu,cpu,19278.4,19278.7
1,724,g_a,dpu,19278.7,19315.5
1,724,g_a,dpu,19315.5,19423.9
1,724,g_a_cpu,cpu,19423.9,19424.3
1,724,h_a,dpu,19424.3,19497.9
1,724,eb_enc,cpu,19497.9,19498
1,724,eb_dec,cpu,19498,19498.2
1,724,h_s,dpu,19498.2,19501.4
1,724,gc,cpu,19501.4,19511.7
1,733,normalize,cpu,19512.2,19516
1,733,g_a_cpu,cpu,19516,19516.3
1,733,g_a,dpu,19516.3,19553.3
1,733,g_a,dpu,19553.4,19662.1
1,733,g_a_cpu,cpu,19662.1,19662.7
1,733,h_a,dpu,19662.7,19735.9
1,733,eb_enc,cpu,19735.9,19736
1,733,eb_dec,cpu,19736,19736.1
1,733,h_s,dpu,19736.1,19739.2
1,733,gc,cpu,19739.2,19749
1,742,normalize,cpu,19749.9,19753.5
1,742,g_a_cpu,cpu,19753.5,19753.9
1,742,g_a,dpu,19753.9,19790.5
1,742,g_a,dpu,19790.5,19898.3
1,742,g_a_cpu,cpu,19898.3,19898.8
1,742,h_a,dpu,19898.8,19971.3
1,742,eb_enc,cpu,19971.3,19971.5
1,742,eb_dec,cpu,19971.5,19971.6
1,742,h_s,dpu,19971.6,19974.2
1,742,gc,cpu,19974.3,19984.2
1,751,normalize,cpu,19984.9,19988.6
1,751,g_a_cpu,cpu,19988.6,19989.1
1,751,g_a,dpu,19989.1,20026.4
1,751,g_a,dpu,20026.4,20135
1,751,g_a_cpu,cpu,20135,20135.4
1,751,h_a,dpu,20135.4,20209.8
1,751,eb_enc,cpu,20209.8,20210
1,751,eb_dec,cpu,20210,20210.1
1,751,h_s,dpu,20210.1,20213.1
1,751,gc,cpu,20213.1,20223
1,760,normalize,cpu,20223.6,20227.3
1,760,g_a_cpu,cpu,20227.3,20227.7
1,760,g_a,dpu,20227.7,20264.5
1,760,g_a,dpu,20264.5,20372.6
1,760,g_a_cpu,cpu,20372.6,20373
1,760,h_a,dpu,20373,20447.1
1,760,eb_enc,cpu,20447.1,20447.2
1,760,eb_dec,cpu,20447.2,20447.4
1,760,h_s,dpu,20447.4,20450.4
1,760,gc,cpu,20450.4,20460.2
1,769,normalize,cpu,20460.8,20464.5
1,769,g_a_cpu,cpu,20464.5,20464.8
1,769,g_a,dpu,20464.8,20501.5
1,769,g_a,dpu,20501.6,20609.7
1,769,g_a_cpu,cpu,20609.7,20610.2
1,769,h_a,dpu,20610.2,20684.7
1,769,eb_enc,cpu,20684.7,20684.8
1,769,eb_dec,cpu,20684.8,20684.9
1,769,h_s,dpu,20684.9,20687.6
1,769,gc,cpu,20687.6,20697.6
1,779,normalize,cpu,20698.1,20701.8
1,779,g_a_cpu,cpu,20701.8,20702.1
1,779,g_a,dpu,20702.1,20738.8
1,779,g_a,dpu,20738.8,20846.7
1,779,g_a_cpu,cpu,20846.7,20847.1
1,779,h_a,dpu,20847.1,20919.7
1,779,eb_enc,cpu,20919.7,20920
1,779,eb_dec,cpu,20920,20920.1
1,779,h_s,dpu,20920.1,20934.9
1,779,gc,cpu,20934.9,20945
1,789,normalize,cpu,20946,20949.6
1,789,g_a_cpu,cpu,20949.6,20950
1,789,g_a,dpu,20950,21048.1
1,789,g_a,dpu,21048.1,21156.1
1,789,g_a_cpu,cpu,21156.1,21156.6
1,789,h_a,dpu,21156.6,21159.7
1,789,eb_enc,cpu,21159.7,21159.8
1,789,eb_dec,cpu,21159.8,21159.9
1,789,h_s,dpu,21159.9,21166.4
1,789,gc,cpu,21166.4,21176.8
1,798,normalize,cpu,21177.3,21181.6
1,798,g_a_cpu,cpu,21181.6,21182.1
1,798,g_a,dpu,21182.1,21284
1,798,g_a,dpu,21284,21391.9
1,798,g_a_cpu,cpu,21391.9,21392.4
1,798,h_a,dpu,21392.4,21395.1
1,798,eb_enc,cpu,21395.1,21395.3
1,798,eb_dec,cpu,21395.3,21395.4
1,798,h_s,dpu,21395.4,21397.7
1,798,gc,cpu,21397.7,21407.6
1,807,normalize,cpu,21408,21411.7
1,807,g_a_cpu,cpu,21411.7,21412.2
1,807,g_a,dpu,21412.2,21519.7
1,807,g_a,dpu,21519.7,21628.7
1,807,g_a_cpu,cpu,21628.7,21629.1
1,807,h_a,dpu,21629.1,21632.3
1,807,eb_enc,cpu,21632.3,21632.4
1,807,eb_dec,cpu,21632.4,21632.6
1,807,h_s,dpu,21632.6,21638.4
1,807,gc,cpu,21638.4,21648.7
1,816,normalize,cpu,21649.4,21657.9
1,816,g_a_cpu,cpu,21657.9,21658.3
1,816,g_a,dpu,21658.3,21756
1,816,g_a,dpu,21756,21866.9
1,816,g_a_cpu,cpu,21866.9,21867.2
1,816,h_a,dpu,21867.2,21870.4
1,816,eb_enc,cpu,21870.4,21870.5
1,816,eb_dec,cpu,21870.5,21870.6
1,816,h_s,dpu,21870.6,21871.7
1,816,gc,cpu,21871.7,21882
1,825,normalize,cpu,21882.7,21887
1,825,g_a_cpu,cpu,21887,21887.5
1,825,g_a,dpu,21887.5,21993.5
1,825,g_a,dpu,21993.5,22101.8
1,825,g_a_cpu,cpu,22101.8,22102.1
1,825,h_a,dpu,22102.1,22105.6
1,825,eb_enc,cpu,22105.6,22105.7
1,825,eb_dec,cpu,22105.7,22105.8
1,825,h_s,dpu,22105.8,22108.5
1,825,gc,cpu,22108.5,22118.4
1,834,normalize,cpu,22118.9,22122.5
1,834,g_a_cpu,cpu,22122.5,22123.3
1,834,g_a,dpu,22123.3,22231.6
1,834,g_a,dpu,22231.6,22339.9
1,834,g_a_cpu,cpu,22339.9,22340.2
1,834,h_a,dpu,22340.2,22343.7
1,834,eb_enc,cpu,22343.7,22343.8
1,834,eb_dec,cpu,22343.8,22343.9
1,834,h_s,dpu,22343.9,22346.6
1,834,gc,cpu,22346.6,22356.4
1,843,normalize,cpu,22356.9,22360.6
1,843,g_a_cpu,cpu,22360.6,22361
1,843,g_a,dpu,22361,22432.9
1,843,g_a,dpu,22432.9,22540.7
1,843,g_a_cpu,cpu,22540.7,22541.2
1,843,h_a,dpu,22541.2,22579.4
1,843,eb_enc,cpu,22579.4,22579.5
1,843,eb_dec,cpu,22579.5,22579.6
1,843,h_s,dpu,22579.6,22582.5
1,843,gc,cpu,22582.5,22592.7
1,850,normalize,cpu,22594,22597.7
1,850,g_a_cpu,cpu,22597.7,22598.3
1,850,g_a,dpu,22598.4,22641
1,850,g_a,dpu,22641,22749
1,850,g_a_cpu,cpu,22749,22749.4
1,850,h_a,dpu,22749.4,22823.8
1,850,eb_enc,cpu,22823.8,22823.9
1,850,eb_dec,cpu,22823.9,22824
1,850,h_s,dpu,22824,22827.1
1,850,gc,cpu,22827.1,22851.8
1,864,normalize,cpu,22852.6,22856.4
1,864,g_a_cpu,cpu,22856.4,22856.7
1,864,g_a,dpu,22856.7,22951.1
1,864,g_a,dpu,22951.1,23059
1,864,g_a_cpu,cpu,23059,23059.6
1,864,h_a,dpu,23059.6,23063.4
1,864,eb_enc,cpu,23063.4,23063.6
1,864,eb_dec,cpu,23063.6,23063.7
1,864,h_s,dpu,23063.7,23068.7
1,864,gc,cpu,23068.7,23078.6
1,870,normalize,cpu,23079.3,23083
1,870,g_a_cpu,cpu,23083,23083.8
1,870,g_a,dpu,23083.8,23153.3
1,870,g_a,dpu,23153.3,23261.8
1,870,g_a_cpu,cpu,23261.8,23262.3
1,870,h_a,dpu,23262.3,23307.7
1,870,eb_enc,cpu,23307.7,23307.8
1,870,eb_dec,cpu,23307.8,23307.9
1,870,h_s,dpu,23307.9,23310.9
1,870,gc,cpu,23310.9,23320.8
1,880,normalize,cpu,23322.1,23327.1
1,880,g_a_cpu,cpu,23327.1,23327.5
1,880,g_a,dpu,23327.5,23389.9
1,880,g_a,dpu,23389.9,23498.4
1,880,g_a_cpu,cpu,23498.4,23498.9
1,880,h_a,dpu,23498.9,23559.1
1,880,eb_enc,cpu,23559.1,23559.2
1,880,eb_dec,cpu,23559.2,23559.3
1,880,h_s,dpu,23559.3,23560.6
1,880,gc,cpu,23560.6,23570.6
1,891,normalize,cpu,23571.3,23574.9
1,891,g_a_cpu,cpu,23574.9,23575.3
1,891,g_a,dpu,23575.3,23671.1
1,891,g_a,dpu,23671.1,23744
1,891,g_a_cpu,cpu,23744,23744.4
1,891,h_a,dpu,23744.4,23792
1,891,eb_enc,cpu,23792,23792.2
1,891,eb_dec,cpu,23792.2,23792.3
1,891,h_s,dpu,23792.3,23834.3
1,891,gc,cpu,23834.3,23844
1,900,normalize,cpu,23844.5,23848.8
1,900,g_a_cpu,cpu,23848.8,23849.1
1,900,g_a,dpu,23849.1,23942.8
1,900,g_a,dpu,23942.8,24016.1
1,900,g_a_cpu,cpu,24016.1,24016.5
1,900,h_a,dpu,24016.5,24022.4
1,900,eb_enc,cpu,24022.4,24022.6
1,900,eb_dec,cpu,24022.6,24022.7
1,900,h_s,dpu,24022.7,24025.6
1,900,gc,cpu,24025.6,24035.8
1,901,normalize,cpu,24036.4,24040.2
1,901,g_a_cpu,cpu,24040.2,24041.4
1,901,g_a,dpu,24041.4,24078.1
1,901,g_a,dpu,24078.1,24186.3
1,901,g_a_cpu,cpu,24186.3,24186.8
1,901,h_a,dpu,24186.8,24260.1
1,901,eb_enc,cpu,24260.1,24260.3
1,901,eb_dec,cpu,24260.3,24260.5
1,901,h_s,dpu,24260.5,24264.8
1,901,gc,cpu,24264.8,24274.8
1,911,normalize,cpu,24275.3,24279.1
1,911,g_a_cpu,cpu,24279.1,24279.4
1,911,g_a,dpu,24279.4,24316
1,911,g_a,dpu,24316,24424.1
1,911,g_a_cpu,cpu,24424.1,24424.6
1,911,h_a,dpu,24424.6,24497.9
1,911,eb_enc,cpu,24497.9,24498
1,911,eb_dec,cpu,24498.1,24498.2
1,911,h_s,dpu,24498.2,24502.4
1,911,gc,cpu,24502.4,24512.5
1,919,normalize,cpu,24513,24516.7
1,919,g_a_cpu,cpu,24516.7,24517.1
1,919,g_a,dpu,24517.1,24553.8
1,919,g_a,dpu,24553.8,24661.5
1,919,g_a_cpu,cpu,24661.5,24661.9
1,919,h_a,dpu,24662,24735.2
1,919,eb_enc,cpu,24735.2,24735.3
1,919,eb_dec,cpu,24735.3,24735.5
1,919,h_s,dpu,24735.5,24739.4
1,919,gc,cpu,24739.4,24749.4
2,6,normalize,cpu,75.426,79.2017
2,6,g_a_cpu,cpu,79.2981,79.6871
2,6,g_a,dpu,79.6927,326.781
2,6,g_a,dpu,326.785,437.109
2,6,g_a_cpu,cpu,437.11,437.548
2,6,h_a,dpu,437.554,478.209
2,6,eb_enc,cpu,478.21,478.339
2,6,eb_dec,cpu,478.339,478.453
2,6,h_s,dpu,478.453,486.436
2,6,gc,cpu,486.447,498.621
2,19,normalize,cpu,499.124,502.786
2,19,g_a_cpu,cpu,502.788,503.11
2,19,g_a,dpu,503.112,606.431
2,19,g_a,dpu,606.433,716.127
2,19,g_a_cpu,cpu,716.128,716.507
2,19,h_a,dpu,716.509,722.853
2,19,eb_enc,cpu,722.853,722.979
2,19,eb_dec,cpu,722.982,723.095
2,19,h_s,dpu,723.095,726.324
2,19,gc,cpu,726.325,736.242
2,28,normalize,cpu,736.779,740.499
2,28,g_a_cpu,cpu,740.502,740.787
2,28,g_a,dpu,740.789,848.82
2,28,g_a,dpu,848.821,958.284
2,28,g_a_cpu,cpu,958.287,958.615
2,28,h_a,dpu,958.617,965.338
2,28,eb_enc,cpu,965.338,965.455
2,28,eb_dec,cpu,965.455,965.571
2,28,h_s,dpu,965.571,968.653
2,28,gc,cpu,968.654,978.962
2,37,normalize,cpu,979.694,983.407
2,37,g_a_cpu,cpu,983.409,983.716
2,37,g_a,dpu,983.718,1092.95
2,37,g_a,dpu,1092.96,1202.97
2,37,g_a_cpu,cpu,1202.97,1203.34
2,37,h_a,dpu,1203.35,1209.38
2,37,eb_enc,cpu,1209.38,1209.5
2,37,eb_dec,cpu,1209.5,1209.61
2,37,h_s,dpu,1209.61,1210.78
2,37,gc,cpu,1210.78,1222.07
2,45,normalize,cpu,1222.69,1226.33
2,45,g_a_cpu,cpu,1226.33,1226.67
2,45,g_a,dpu,1226.68,1369.78
2,45,g_a,dpu,1369.78,1444.98
2,45,g_a_cpu,cpu,1444.98,1445.36
2,45,h_a,dpu,1445.36,1451.53
2,45,eb_enc,cpu,1451.53,1451.72
2,45,eb_dec,cpu,1451.72,1451.85
2,45,h_s,dpu,1451.85,1454.36
2,45,gc,cpu,1454.36,1464.89
2,55,normalize,cpu,1465.43,1469.04
2,55,g_a_cpu,cpu,1469.05,1469.37
2,55,g_a,dpu,1469.37,1574.09
2,55,g_a,dpu,1574.09,1683.94
2,55,g_a_cpu,cpu,1683.94,1684.29
2,55,h_a,dpu,1684.3,1690.28
2,55,eb_enc,cpu,1690.29,1690.41
2,55,eb_dec,cpu,1690.41,1690.53
2,55,h_s,dpu,1690.53,1691.68
2,55,gc,cpu,1691.69,1702.98
2,63,normalize,cpu,1703.6,1707.24
2,63,g_a_cpu,cpu,1707.24,1707.55
2,63,g_a,dpu,1707.55,1777.07
2,63,g_a,dpu,1777.07,1813.91
2,63,g_a_cpu,cpu,1813.91,1814.23
2,63,h_a,dpu,1814.24,1929.08
2,63,eb_enc,cpu,1929.08,1929.25
2,63,eb_dec,cpu,1929.25,1929.38
2,63,h_s,dpu,1929.38,1930.78
2,63,gc,cpu,1930.78,1944.71
2,72,normalize,cpu,1945.26,1948.88
2,72,g_a_cpu,cpu,1948.88,1949.47
2,72,g_a,dpu,1949.48,1987.14
2,72,g_a,dpu,1987.14,2096.87
2,72,g_a_cpu,cpu,2096.87,2097.34
2,72,h_a,dpu,2097.35,2173.64
2,72,eb_enc,cpu,2173.64,2173.79
2,72,eb_dec,cpu,2173.79,2173.9
2,72,h_s,dpu,2173.9,2180
2,72,gc,cpu,2180,2190.23
2,83,normalize,cpu,2190.8,2194.47
2,83,g_a_cpu,cpu,2194.47,2194.84
2,83,g_a,dpu,2194.84,2231.93
2,83,g_a,dpu,2231.93,2418.73
2,83,g_a_cpu,cpu,2418.73,2419.06
2,83,h_a,dpu,2419.07,2421.56
2,83,eb_enc,cpu,2421.56,2421.68
2,83,eb_dec,cpu,2421.68,2421.8
2,83,h_s,dpu,2421.8,2434.41
2,83,gc,cpu,2434.41,2444.37
2,94,normalize,cpu,2444.84,2448.49
2,94,g_a_cpu,cpu,2448.49,2448.78
2,94,g_a,dpu,2448.79,2553.55
2,94,g_a,dpu,2553.55,2671.05
2,94,g_a_cpu,cpu,2671.05,2671.45
2,94,h_a,dpu,2671.46,2678.11
2,94,eb_enc,cpu,2678.11,2678.24
2,94,eb_dec,cpu,2678.24,2678.37
2,94,h_s,dpu,2678.37,2682.38
2,94,gc,cpu,2682.38,2692.36
2,103,normalize,cpu,2692.86,2696.66
2,103,g_a_cpu,cpu,2696.67,2696.97
2,103,g_a,dpu,2696.97,2804.69
2,103,g_a,dpu,2804.69,2914.59
2,103,g_a_cpu,cpu,2914.59,2914.92
2,103,h_a,dpu,2914.92,2921.58
2,103,eb_enc,cpu,2921.58,2921.7
2,103,eb_dec,cpu,2921.7,2921.82
2,103,h_s,dpu,2921.82,2924.84
2,103,gc,cpu,2924.84,2934.81
2,112,normalize,cpu,2935.29,2939.02
2,112,g_a_cpu,cpu,2939.02,2939.51
2,112,g_a,dpu,2939.52,3169.88
2,112,g_a,dpu,3169.88,3207.39
2,112,g_a_cpu,cpu,3207.39,3207.83
2,112,h_a,dpu,3207.84,3247.63
2,112,eb_enc,cpu,3247.64,3247.76
2,112,eb_dec,cpu,3247.77,3247.88
2,112,h_s,dpu,3247.88,3262.77
2,112,gc,cpu,3262.77,3272.79
2,125,normalize,cpu,3283.58,3287.25
2,125,g_a_cpu,cpu,3287.25,3287.54
2,125,g_a,dpu,3287.54,3375.93
2,125,g_a,dpu,3375.93,3485.08
2,125,g_a_cpu,cpu,3485.08,3485.69
2,125,h_a,dpu,3485.69,3493.54
2,125,eb_enc,cpu,3493.54,3493.68
2,125,eb_dec,cpu,3493.68,3493.8
2,125,h_s,dpu,3493.8,3503.18
2,125,gc,cpu,3503.19,3513.31
2,134,normalize,cpu,3513.83,3517.49
2,134,g_a_cpu,cpu,3517.49,3517.78
2,134,g_a,dpu,3517.78,3620.43
2,134,g_a,dpu,3620.43,3730.71
2,134,g_a_cpu,cpu,3730.71,3731.09
2,134,h_a,dpu,3731.09,3737.42
2,134,eb_enc,cpu,3737.42,3737.55
2,134,eb_dec,cpu,3737.55,3737.67
2,134,h_s,dpu,3737.67,3742.38
2,134,gc,cpu,3742.38,3752.32
2,141,normalize,cpu,3752.86,3756.56
2,141,g_a_cpu,cpu,3756.56,3756.86
2,141,g_a,dpu,3756.87,3863.7
2,141,g_a,dpu,3863.7,3973.49
2,141,g_a_cpu,cpu,3973.49,3973.81
2,141,h_a,dpu,3973.81,3980.45
2,141,eb_enc,cpu,3980.45,3980.57
2,141,eb_dec,cpu,3980.57,3980.68
2,141,h_s,dpu,3980.68,3983.74
2,141,gc,cpu,3983.74,3994.19
2,152,normalize,cpu,3994.71,3998.44
2,152,g_a_cpu,cpu,3998.44,3998.76
2,152,g_a,dpu,3998.76,4106.57
2,152,g_a,dpu,4106.57,4216.17
2,152,g_a_cpu,cpu,4216.17,4216.53
2,152,h_a,dpu,4216.54,4223.25
2,152,eb_enc,cpu,4223.25,4223.37
2,152,eb_dec,cpu,4223.37,4223.48
2,152,h_s,dpu,4223.48,4226.62
2,152,gc,cpu,4226.63,4237.02
2,161,normalize,cpu,4237.77,4242.17
2,161,g_a_cpu,cpu,4242.18,4242.73
2,161,g_a,dpu,4242.74,4313.18
2,161,g_a,dpu,4313.18,4423.33
2,161,g_a_cpu,cpu,4423.34,4423.87
2,161,h_a,dpu,4423.87,4471.69
2,161,eb_enc,cpu,4471.7,4471.83
2,161,eb_dec,cpu,4471.83,4471.95
2,161,h_s,dpu,4471.95,4473.57
2,161,gc,cpu,4473.57,4483.8
2,170,normalize,cpu,4484.29,4487.98
2,170,g_a_cpu,cpu,4487.99,4488.44
2,170,g_a,dpu,4488.45,4591.66
2,170,g_a,dpu,4591.66,4700.98
2,170,g_a_cpu,cpu,4700.98,4701.4
2,170,h_a,dpu,4701.4,4707.44
2,170,eb_enc,cpu,4707.45,4707.58
2,170,eb_dec,cpu,4707.58,4707.73
2,170,h_s,dpu,4707.73,4710.57
2,170,gc,cpu,4710.57,4720.71
2,179,normalize,cpu,4721.17,4724.82
2,179,g_a_cpu,cpu,4724.83,4725.67
2,179,g_a,dpu,4725.67,4834.17
2,179,g_a,dpu,4834.17,4943.74
2,179,g_a_cpu,cpu,4943.74,4944.15
2,179,h_a,dpu,4944.15,4950.32
2,179,eb_enc,cpu,4950.32,4950.45
2,179,eb_dec,cpu,4950.45,4950.57
2,179,h_s,dpu,4950.57,4953.3
2,179,gc,cpu,4953.3,4963.36
2,188,normalize,cpu,4963.84,4967.52
2,188,g_a_cpu,cpu,4967.52,4968.2
2,188,g_a,dpu,4968.2,5076.24
2,188,g_a,dpu,5076.24,5185.59
2,188,g_a_cpu,cpu,5185.6,5186.01
2,188,h_a,dpu,5186.01,5197.43
2,188,eb_enc,cpu,5197.43,5197.58
2,188,eb_dec,cpu,5197.58,5197.7
2,188,h_s,dpu,5197.7,5200.68
2,188,gc,cpu,5200.68,5210.77
2,198,normalize,cpu,5211.3,5214.95
2,198,g_a_cpu,cpu,5214.95,5215.38
2,198,g_a,dpu,5215.39,5286.81
2,198,g_a,dpu,5286.81,5395.89
2,198,g_a_cpu,cpu,5395.89,5396.35
2,198,h_a,dpu,5396.35,5437.8
2,198,eb_enc,cpu,5437.8,5437.97
2,198,eb_dec,cpu,5437.97,5438.09
2,198,h_s,dpu,5438.09,5443.01
2,198,gc,cpu,5443.01,5453.35
2,208,normalize,cpu,5453.84,5457.49
2,208,g_a_cpu,cpu,5457.49,5457.84
2,208,g_a,dpu,5457.84,5530.79
2,208,g_a,dpu,5530.79,5653.04
2,208,g_a_cpu,cpu,5653.04,5653.52
2,208,h_a,dpu,5653.53,5694.39
2,208,eb_enc,cpu,5694.39,5694.53
2,208,eb_dec,cpu,5694.53,5694.65
2,208,h_s,dpu,5694.65,5732.74
2,208,gc,cpu,5732.74,5750.07
2,216,normalize,cpu,5750.77,5754.44
2,216,g_a_cpu,cpu,5754.44,5754.79
2,216,g_a,dpu,5754.79,5882.52
2,216,g_a,dpu,5882.52,5921.92
2,216,g_a_cpu,cpu,5921.92,5922.33
2,216,h_a,dpu,5922.33,5961.67
2,216,eb_enc,cpu,5961.67,5961.8
2,216,eb_dec,cpu,5961.81,5961.92
2,216,h_s,dpu,5961.92,5963.08
2,216,gc,cpu,5963.08,5973.05
2,225,normalize,cpu,5974.2,5978.1
2,225,g_a_cpu,cpu,5978.11,5978.53
2,225,g_a,dpu,5978.53,6126.54
2,225,g_a,dpu,6126.54,6202.56
2,225,g_a_cpu,cpu,6202.56,6202.99
2,225,h_a,dpu,6202.99,6318.21
2,225,eb_enc,cpu,6318.21,6318.36
2,225,eb_dec,cpu,6318.36,6318.48
2,225,h_s,dpu,6318.48,6319.81
2,225,gc,cpu,6319.81,6331.19
2,242,normalize,cpu,6342.36,6346.07
2,242,g_a_cpu,cpu,6346.08,6346.35
2,242,g_a,dpu,6346.35,6453.49
2,242,g_a,dpu,6453.5,6490.38
2,242,g_a_cpu,cpu,6490.38,6490.72
2,242,h_a,dpu,6490.72,6493.24
2,242,eb_enc,cpu,6493.24,6493.38
2,242,eb_dec,cpu,6493.39,6493.51
2,242,h_s,dpu,6493.51,6572.5
2,242,gc,cpu,6572.5,6582.36
2,249,normalize,cpu,6583.01,6586.68
2,249,g_a_cpu,cpu,6586.68,6587.11
2,249,g_a,dpu,6587.12,6624.05
2,249,g_a,dpu,6624.05,6733.47
2,249,g_a_cpu,cpu,6733.48,6734.03
2,249,h_a,dpu,6734.03,6808.9
2,249,eb_enc,cpu,6808.91,6809.05
2,249,eb_dec,cpu,6809.06,6809.18
2,249,h_s,dpu,6809.18,6814.15
2,249,gc,cpu,6814.15,6824.54
2,258,normalize,cpu,6825.11,6828.74
2,258,g_a_cpu,cpu,6828.75,6829.1
2,258,g_a,dpu,6829.11,6866.27
2,258,g_a,dpu,6866.28,6975.28
2,258,g_a_cpu,cpu,6975.28,6975.71
2,258,h_a,dpu,6975.71,7050.25
2,258,eb_enc,cpu,7050.25,7050.38
2,258,eb_dec,cpu,7050.38,7050.5
2,258,h_s,dpu,7050.5,7055.53
2,258,gc,cpu,7055.53,7065.9
2,267,normalize,cpu,7066.59,7070.34
2,267,g_a_cpu,cpu,7070.34,7070.69
2,267,g_a,dpu,7070.69,7107.69
2,267,g_a,dpu,7107.69,7217.09
2,267,g_a_cpu,cpu,7217.1,7217.56
2,267,h_a,dpu,7217.56,7292.2
2,267,eb_enc,cpu,7292.2,7292.33
2,267,eb_dec,cpu,7292.33,7292.44
2,267,h_s,dpu,7292.44,7297.48
2,267,gc,cpu,7297.48,7307.84
2,276,normalize,cpu,7308.41,7312.28
2,276,g_a_cpu,cpu,7312.29,7312.62
2,276,g_a,dpu,7312.62,7349.65
2,276,g_a,dpu,7349.66,7459.16
2,276,g_a_cpu,cpu,7459.16,7459.59
2,276,h_a,dpu,7459.59,7535.27
2,276,eb_enc,cpu,7535.27,7535.4
2,276,eb_dec,cpu,7535.4,7535.51
2,276,h_s,dpu,7535.51,7541.02
2,276,gc,cpu,7541.02,7550.89
2,285,normalize,cpu,7551.53,7555.19
2,285,g_a_cpu,cpu,7555.19,7555.54
2,285,g_a,dpu,7555.55,7592.43
2,285,g_a,dpu,7592.43,7703.13
2,285,g_a_cpu,cpu,7703.13,7703.47
2,285,h_a,dpu,7703.47,7705.99
2,285,eb_enc,cpu,7705.99,7706.12
2,285,eb_dec,cpu,7706.12,7706.25
2,285,h_s,dpu,7706.25,7750.58
2,285,gc,cpu,7750.58,7760.75
2,295,normalize,cpu,7761.22,7764.85
2,295,g_a_cpu,cpu,7764.86,7765.18
2,295,g_a,dpu,7765.18,7860.52
2,295,g_a,dpu,7860.52,7937.11
2,295,g_a_cpu,cpu,7937.11,7937.57
2,295,h_a,dpu,7937.57,7942.91
2,295,eb_enc,cpu,7942.91,7943.04
2,295,eb_dec,cpu,7943.04,7943.17
2,295,h_s,dpu,7943.17,7946.39
2,295,gc,cpu,7946.39,7956.62
2,301,normalize,cpu,7957.14,7960.85
2,301,g_a_cpu,cpu,7960.85,7961.13
2,301,g_a,dpu,7961.13,8064.05
2,301,g_a,dpu,8064.05,8175.07
2,301,g_a_cpu,cpu,8175.07,8175.49
2,301,h_a,dpu,8175.49,8181.85
2,301,eb_enc,cpu,8181.85,8181.99
2,301,eb_dec,cpu,8181.99,8182.1
2,301,h_s,dpu,8182.1,8186.34
2,301,gc,cpu,8186.34,8196.47
2,310,normalize,cpu,8196.99,8200.64
2,310,g_a_cpu,cpu,8200.64,8200.93
2,310,g_a,dpu,8200.93,8307.66
2,310,g_a,dpu,8307.66,8419.38
2,310,g_a_cpu,cpu,8419.38,8419.78
2,310,h_a,dpu,8419.78,8426.16
2,310,eb_enc,cpu,8426.16,8426.29
2,310,eb_dec,cpu,8426.29,8426.4
2,310,h_s,dpu,8426.4,8431.63
2,310,gc,cpu,8431.63,8441.69
2,319,normalize,cpu,8442.42,8447.4
2,319,g_a_cpu,cpu,8447.4,8447.76
2,319,g_a,dpu,8447.76,8628.84
2,319,g_a,dpu,8628.84,8665.77
2,319,g_a_cpu,cpu,8665.77,8666.31
2,319,h_a,dpu,8666.32,8675.51
2,319,eb_enc,cpu,8675.51,8675.64
2,319,eb_dec,cpu,8675.64,8675.77
2,319,h_s,dpu,8675.77,8679.91
2,319,gc,cpu,8679.91,8689.97
2,327,normalize,cpu,8690.62,8694.32
2,327,g_a_cpu,cpu,8694.33,8694.75
2,327,g_a,dpu,8694.76,8760.79
2,327,g_a,dpu,8760.79,8871.12
2,327,g_a_cpu,cpu,8871.12,8871.58
2,327,h_a,dpu,8871.58,8912.02
2,327,eb_enc,cpu,8912.02,8912.15
2,327,eb_dec,cpu,8912.15,8912.27
2,327,h_s,dpu,8912.27,8918.93
2,327,gc,cpu,8918.93,8928.84
2,335,normalize,cpu,8929.47,8933.12
2,335,g_a_cpu,cpu,8933.12,8933.55
2,335,g_a,dpu,8933.55,9003.69
2,335,g_a,dpu,9003.7,9113.2
2,335,g_a_cpu,cpu,9113.2,9113.68
2,335,h_a,dpu,9113.68,9154.61
2,335,eb_enc,cpu,9154.61,9154.73
2,335,eb_dec,cpu,9154.73,9154.85
2,335,h_s,dpu,9154.85,9159.85
2,335,gc,cpu,9159.85,9170.11
2,344,normalize,cpu,9170.66,9176.12
2,344,g_a_cpu,cpu,9176.13,9176.82
2,344,g_a,dpu,9176.82,9285.64
2,344,g_a,dpu,9285.64,9395.38
2,344,g_a_cpu,cpu,9395.38,9395.76
2,344,h_a,dpu,9395.76,9402.68
2,344,eb_enc,cpu,9402.68,9402.84
2,344,eb_dec,cpu,9402.84,9402.96
2,344,h_s,dpu,9402.96,9406.32
2,344,gc,cpu,9406.32,9424.12
2,356,normalize,cpu,9424.59,9428.29
2,356,g_a_cpu,cpu,9428.29,9428.69
2,356,g_a,dpu,9428.69,9528.33
2,356,g_a,dpu,9528.33,9637.41
2,356,g_a_cpu,cpu,9637.41,9637.81
2,356,h_a,dpu,9637.81,9643.84
2,356,eb_enc,cpu,9643.84,9643.98
2,356,eb_dec,cpu,9643.98,9644.09
2,356,h_s,dpu,9644.09,9648.11
2,356,gc,cpu,9648.12,9658.3
2,363,normalize,cpu,9659.1,9663.03
2,363,g_a_cpu,cpu,9663.03,9663.39
2,363,g_a,dpu,9663.39,9774.76
2,363,g_a,dpu,9774.77,9884.08
2,363,g_a_cpu,cpu,9884.08,9884.43
2,363,h_a,dpu,9884.43,9887.38
2,363,eb_enc,cpu,9887.38,9887.51
2,363,eb_dec,cpu,9887.51,9887.62
2,363,h_s,dpu,9887.62,9902.66
2,363,gc,cpu,9902.66,9913.16
2,374,normalize,cpu,9913.88,9917.52
2,374,g_a_cpu,cpu,9917.53,9917.86
2,374,g_a,dpu,9917.86,10021.3
2,374,g_a,dpu,10021.3,10131.2
2,374,g_a_cpu,cpu,10131.2,10131.6
2,374,h_a,dpu,10131.6,10134.5
2,374,eb_enc,cpu,10134.5,10134.6
2,374,eb_dec,cpu,10134.6,10134.8
2,374,h_s,dpu,10134.8,10136
2,374,gc,cpu,10136,10146.2
2,382,normalize,cpu,10146.8,10150.4
2,382,g_a_cpu,cpu,10150.5,10151.1
2,382,g_a,dpu,10151.1,10188.3
2,382,g_a,dpu,10188.3,10297.7
2,382,g_a_cpu,cpu,10297.7,10298.1
2,382,h_a,dpu,10298.2,10374.4
2,382,eb_enc,cpu,10374.4,10374.5
2,382,eb_dec,cpu,10374.5,10374.6
2,382,h_s,dpu,10374.7,10382.2
2,382,gc,cpu,10382.2,10392.2
2,392,normalize,cpu,10392.7,10396.4
2,392,g_a_cpu,cpu,10396.4,10396.8
2,392,g_a,dpu,10396.8,10466.9
2,392,g_a,dpu,10466.9,10576
2,392,g_a_cpu,cpu,10576,10576.5
2,392,h_a,dpu,10576.5,10618.2
2,392,eb_enc,cpu,10618.2,10618.3
2,392,eb_dec,cpu,10618.3,10618.4
2,392,h_s,dpu,10618.4,10622.5
2,392,gc,cpu,10622.5,10632.8
2,401,normalize,cpu,10633.6,10639.8
2,401,g_a_cpu,cpu,10639.8,10640.2
2,401,g_a,dpu,10640.2,10794
2,401,g_a,dpu,10794,10830.9
2,401,g_a_cpu,cpu,10830.9,10831.3
2,401,h_a,dpu,10831.3,10946.1
2,401,eb_enc,cpu,10946.1,10946.2
2,401,eb_dec,cpu,10946.2,10946.3
2,401,h_s,dpu,10946.3,10947.5
2,401,gc,cpu,10947.5,10957.5
2,413,normalize,cpu,10958.1,10962
2,413,g_a_cpu,cpu,10962,10962.3
2,413,g_a,dpu,10962.3,10999.2
2,413,g_a,dpu,10999.2,11109
2,413,g_a_cpu,cpu,11109,11109.5
2,413,h_a,dpu,11109.5,11189.9
2,413,eb_enc,cpu,11189.9,11190.1
2,413,eb_dec,cpu,11190.1,11190.2
2,413,h_s,dpu,11190.2,11191.3
2,413,gc,cpu,11191.3,11201.3
2,422,normalize,cpu,11202.1,11205.7
2,422,g_a_cpu,cpu,11205.7,11206.1
2,422,g_a,dpu,11206.1,11243.1
2,422,g_a,dpu,11243.1,11432.2
2,422,g_a_cpu,cpu,11432.2,11432.6
2,422,h_a,dpu,11432.6,11435
2,422,eb_enc,cpu,11435,11435.2
2,422,eb_dec,cpu,11435.2,11435.3
2,422,h_s,dpu,11435.3,11475.4
2,422,gc,cpu,11475.4,11485.2
2,432,normalize,cpu,11486,11489.7
2,432,g_a_cpu,cpu,11489.7,11490
2,432,g_a,dpu,11490,11598.5
2,432,g_a,dpu,11598.5,11672.1
2,432,g_a_cpu,cpu,11672.1,11672.4
2,432,h_a,dpu,11672.4,11675.4
2,432,eb_enc,cpu,11675.4,11675.5
2,432,eb_dec,cpu,11675.5,11675.6
2,432,h_s,dpu,11675.6,11714.9
2,432,gc,cpu,11714.9,11724.8
2,441,normalize,cpu,11725.3,11729
2,441,g_a_cpu,cpu,11729,11729.3
2,441,g_a,dpu,11729.3,11788.8
2,441,g_a,dpu,11788.8,11826
2,441,g_a_cpu,cpu,11826,11826.4
2,441,h_a,dpu,11826.4,11907.5
2,441,eb_enc,cpu,11907.5,11907.6
2,441,eb_dec,cpu,11907.6,11907.7
2,441,h_s,dpu,11907.7,11909.1
2,441,gc,cpu,11909.1,11919.2
2,450,normalize,cpu,11919.8,11923.5
2,450,g_a_cpu,cpu,11923.5,11923.8
2,450,g_a,dpu,11923.8,11991.7
2,450,g_a,dpu,11991.7,12108.9
2,450,g_a_cpu,cpu,12108.9,12109.4
2,450,h_a,dpu,12109.4,12184.6
2,450,eb_enc,cpu,12184.6,12184.8
2,450,eb_dec,cpu,12184.8,12185
2,450,h_s,dpu,12185,12224.7
2,450,gc,cpu,12224.7,12235.1
2,459,normalize,cpu,12235.7,12239.4
2,459,g_a_cpu,cpu,12239.4,12239.7
2,459,g_a,dpu,12239.7,12278
2,459,g_a,dpu,12278,12388.4
2,459,g_a_cpu,cpu,12388.4,12388.9
2,459,h_a,dpu,12388.9,12464
2,459,eb_enc,cpu,12464,12464.1
2,459,eb_dec,cpu,12464.1,12464.2
2,459,h_s,dpu,12464.2,12469.5
2,459,gc,cpu,12469.5,12480
2,468,normalize,cpu,12480.6,12484.3
2,468,g_a_cpu,cpu,12484.3,12484.7
2,468,g_a,dpu,12484.7,12522
2,468,g_a,dpu,12522,12631.1
2,468,g_a_cpu,cpu,12631.1,12631.5
2,468,h_a,dpu,12631.5,12706.1
2,468,eb_enc,cpu,12706.1,12706.2
2,468,eb_dec,cpu,12706.2,12706.4
2,468,h_s,dpu,12706.4,12711.4
2,468,gc,cpu,12711.4,12721.4
2,477,normalize,cpu,12721.9,12726.3
2,477,g_a_cpu,cpu,12726.3,12726.8
2,477,g_a,dpu,12726.8,12764
2,477,g_a,dpu,12764,12873.3
2,477,g_a_cpu,cpu,12873.3,12873.7
2,477,h_a,dpu,12873.7,12948.2
2,477,eb_enc,cpu,12948.2,12948.3
2,477,eb_dec,cpu,12948.3,12948.4
2,477,h_s,dpu,12948.4,12953.5
2,477,gc,cpu,12953.5,12963.6
2,486,normalize,cpu,12964.7,12981.7
2,486,g_a_cpu,cpu,12981.7,12982.2
2,486,g_a,dpu,12982.2,13044.9
2,486,g_a,dpu,13044.9,13155.1
2,486,g_a_cpu,cpu,13155.1,13155.6
2,486,h_a,dpu,13155.6,13196.2
2,486,eb_enc,cpu,13196.2,13196.3
2,486,eb_dec,cpu,13196.3,13196.4
2,486,h_s,dpu,13196.4,13202.4
2,486,gc,cpu,13202.4,13213.2
2,496,normalize,cpu,13214.2,13217.9
2,496,g_a_cpu,cpu,13217.9,13218.3
2,496,g_a,dpu,13218.3,13255.6
2,496,g_a,dpu,13255.6,13437.8
2,496,g_a_cpu,cpu,13437.8,13438.1
2,496,h_a,dpu,13438.1,13440.6
2,496,eb_enc,cpu,13440.6,13440.7
2,496,eb_dec,cpu,13440.7,13440.8
2,496,h_s,dpu,13440.8,13450.4
2,496,gc,cpu,13450.4,13461.7
2,506,normalize,cpu,13463.1,13468.8
2,506,g_a_cpu,cpu,13468.8,13469.1
2,506,g_a,dpu,13469.1,13572
2,506,g_a,dpu,13572,13608.7
2,506,g_a_cpu,cpu,13608.7,13609.2
2,506,h_a,dpu,13609.2,13688.7
2,506,eb_enc,cpu,13688.7,13688.8
2,506,eb_dec,cpu,13688.8,13688.9
2,506,h_s,dpu,13688.9,13690.1
2,506,gc,cpu,13690.1,13700.7
2,513,normalize,cpu,13701.9,13705.8
2,513,g_a_cpu,cpu,13705.8,13707.3
2,513,g_a,dpu,13707.3,13791.3
2,513,g_a,dpu,13791.3,13828
2,513,g_a_cpu,cpu,13828,13828.4
2,513,h_a,dpu,13828.4,13945.4
2,513,eb_enc,cpu,13945.4,13945.6
2,513,eb_dec,cpu,13945.6,13945.7
2,513,h_s,dpu,13945.7,13947.4
2,513,gc,cpu,13947.4,13957.7
2,523,normalize,cpu,13958.6,13974.2
2,523,g_a_cpu,cpu,13974.2,13974.7
2,523,g_a,dpu,13974.7,14011.7
2,523,g_a,dpu,14011.7,14120.8
2,523,g_a_cpu,cpu,14120.8,14121.4
2,523,h_a,dpu,14121.4,14197.4
2,523,eb_enc,cpu,14197.4,14197.5
2,523,eb_dec,cpu,14197.5,14197.7
2,523,h_s,dpu,14197.7,14214.4
2,523,gc,cpu,14214.4,14224.5
2,537,normalize,cpu,14225,14228.7
2,537,g_a_cpu,cpu,14228.7,14229
2,537,g_a,dpu,14229,14266
2,537,g_a,dpu,14266,14374.9
2,537,g_a_cpu,cpu,14374.9,14375.4
2,537,h_a,dpu,14375.4,14452
2,537,eb_enc,cpu,14452,14452.2
2,537,eb_dec,cpu,14452.2,14452.3
2,537,h_s,dpu,14452.3,14457.9
2,537,gc,cpu,14457.9,14467.9
2,546,normalize,cpu,14468.5,14472.1
2,546,g_a_cpu,cpu,14472.2,14472.5
2,546,g_a,dpu,14472.5,14509.5
2,546,g_a,dpu,14509.5,14618.3
2,546,g_a_cpu,cpu,14618.3,14618.7
2,546,h_a,dpu,14618.7,14694.7
2,546,eb_enc,cpu,14694.7,14694.8
2,546,eb_dec,cpu,14694.8,14694.9
2,546,h_s,dpu,14694.9,14700.9
2,546,gc,cpu,14700.9,14710.9
2,555,normalize,cpu,14711.5,14715.2
2,555,g_a_cpu,cpu,14715.2,14715.6
2,555,g_a,dpu,14715.6,14752.6
2,555,g_a,dpu,14752.6,14861.7
2,555,g_a_cpu,cpu,14861.7,14862.1
2,555,h_a,dpu,14862.1,14938.7
2,555,eb_enc,cpu,14938.7,14938.9
2,555,eb_dec,cpu,14938.9,14939
2,555,h_s,dpu,14939,14940.1
2,555,gc,cpu,14940.1,14950.5
2,564,normalize,cpu,14951.1,14954.7
2,564,g_a_cpu,cpu,14954.7,14955.1
2,564,g_a,dpu,14955.1,14992.1
2,564,g_a,dpu,14992.1,15101
2,564,g_a_cpu,cpu,15101,15101.5
2,564,h_a,dpu,15101.5,15184.7
2,564,eb_enc,cpu,15184.7,15184.8
2,564,eb_dec,cpu,15184.8,15184.9
2,564,h_s,dpu,15184.9,15186.1
2,564,gc,cpu,15186.1,15196
2,573,normalize,cpu,15196.6,15200.3
2,573,g_a_cpu,cpu,15200.3,15200.6
2,573,g_a,dpu,15200.6,15237.5
2,573,g_a,dpu,15237.5,15274.2
2,573,g_a_cpu,cpu,15274.2,15274.6
2,573,h_a,dpu,15274.6,15349
2,573,eb_enc,cpu,15349,15349.2
2,573,eb_dec,cpu,15349.2,15349.4
2,573,h_s,dpu,15349.4,15424.7
2,573,gc,cpu,15424.7,15434.9
2,582,normalize,cpu,15435.8,15439.5
2,582,g_a_cpu,cpu,15439.5,15440.1
2,582,g_a,dpu,15440.1,15477.7
2,582,g_a,dpu,15477.7,15586.6
2,582,g_a_cpu,cpu,15586.6,15587
2,582,h_a,dpu,15587,15661.8
2,582,eb_enc,cpu,15661.8,15662
2,582,eb_dec,cpu,15662,15662.1
2,582,h_s,dpu,15662.1,15667
2,582,gc,cpu,15667,15677.1
2,591,normalize,cpu,15677.7,15681.3
2,591,g_a_cpu,cpu,15681.4,15681.7
2,591,g_a,dpu,15681.7,15718.7
2,591,g_a,dpu,15718.7,15827.9
2,591,g_a_cpu,cpu,15827.9,15828.3
2,591,h_a,dpu,15828.3,15902.9
2,591,eb_enc,cpu,15902.9,15903.1
2,591,eb_dec,cpu,15903.1,15903.2
2,591,h_s,dpu,15903.2,15908.2
2,591,gc,cpu,15908.2,15918.1
2,600,normalize,cpu,15918.8,15922.4
2,600,g_a_cpu,cpu,15922.4,15922.8
2,600,g_a,dpu,15922.8,15959.8
2,600,g_a,dpu,15959.8,16068.7
2,600,g_a_cpu,cpu,16068.7,16069.2
2,600,h_a,dpu,16069.2,16149
2,600,eb_enc,cpu,16149,16149.1
2,600,eb_dec,cpu,16149.1,16149.3
2,600,h_s,dpu,16149.3,16152.3
2,600,gc,cpu,16152.4,16162.7
2,611,normalize,cpu,16163.1,16166.8
2,611,g_a_cpu,cpu,16166.8,16167.1
2,611,g_a,dpu,16167.1,16274.9
2,611,g_a,dpu,16274.9,16399.2
2,611,g_a_cpu,cpu,16399.2,16399.7
2,611,h_a,dpu,16399.7,16440.6
2,611,eb_enc,cpu,16440.6,16440.7
2,611,eb_dec,cpu,16440.7,16440.9
2,611,h_s,dpu,16440.9,16479
2,611,gc,cpu,16479,16489
2,620,normalize,cpu,16489.6,16493.3
2,620,g_a_cpu,cpu,16493.3,16493.8
2,620,g_a,dpu,16493.8,16566
2,620,g_a,dpu,16566,16675.9
2,620,g_a_cpu,cpu,16675.9,16676.3
2,620,h_a,dpu,16676.3,16719.1
2,620,eb_enc,cpu,16719.1,16719.2
2,620,eb_dec,cpu,16719.2,16719.3
2,620,h_s,dpu,16719.3,16724.1
2,620,gc,cpu,16724.1,16733.9
2,631,normalize,cpu,16734.5,16738.2
2,631,g_a_cpu,cpu,16738.2,16738.7
2,631,g_a,dpu,16738.7,16810.8
2,631,g_a,dpu,16810.8,16920.3
2,631,g_a_cpu,cpu,16920.3,16920.8
2,631,h_a,dpu,16920.8,16966.1
2,631,eb_enc,cpu,16966.1,16966.3
2,631,eb_dec,cpu,16966.3,16966.4
2,631,h_s,dpu,16966.4,16973.6
2,631,gc,cpu,16973.6,16984.3
2,640,normalize,cpu,16985,16988.7
2,640,g_a_cpu,cpu,16988.7,16989.1
2,640,g_a,dpu,16989.1,17026.2
2,640,g_a,dpu,17026.2,17137.1
2,640,g_a_cpu,cpu,17137.1,17137.5
2,640,h_a,dpu,17137.5,17213
2,640,eb_enc,cpu,17213,17213.1
2,640,eb_dec,cpu,17213.1,17213.2
2,640,h_s,dpu,17213.2,17218.3
2,640,gc,cpu,17218.3,17228.1
2,648,normalize,cpu,17228.7,17232.4
2,648,g_a_cpu,cpu,17232.4,17232.7
2,648,g_a,dpu,17232.7,17270.6
2,648,g_a,dpu,17270.6,17381.7
2,648,g_a_cpu,cpu,17381.7,17382.3
2,648,h_a,dpu,17382.3,17458.3
2,648,eb_enc,cpu,17458.3,17458.4
2,648,eb_dec,cpu,17458.4,17458.5
2,648,h_s,dpu,17458.5,17462.7
2,648,gc,cpu,17462.7,17472.6
2,658,normalize,cpu,17473.1,17476.8
2,658,g_a_cpu,cpu,17476.8,17477.2
2,658,g_a,dpu,17477.3,17549.9
2,658,g_a,dpu,17549.9,17659.9
2,658,g_a_cpu,cpu,17659.9,17660.4
2,658,h_a,dpu,17660.4,17701
2,658,eb_enc,cpu,17701,17701.1
2,658,eb_dec,cpu,17701.1,17701.3
2,658,h_s,dpu,17701.3,17706.6
2,658,gc,cpu,17706.6,17716.9
2,667,normalize,cpu,17717.5,17721.1
2,667,g_a_cpu,cpu,17721.1,17721.5
2,667,g_a,dpu,17721.5,17792.1
2,667,g_a,dpu,17792.1,17902.4
2,667,g_a_cpu,cpu,17902.4,17902.9
2,667,h_a,dpu,17902.9,17944.1
2,667,eb_enc,cpu,17944.1,17944.2
2,667,eb_dec,cpu,17944.2,17944.4
2,667,h_s,dpu,17944.4,17948.5
2,667,gc,cpu,17948.5,17959
2,676,normalize,cpu,17959.6,17963.3
2,676,g_a_cpu,cpu,17963.3,17963.8
2,676,g_a,dpu,17963.8,18001.5
2,676,g_a,dpu,18001.5,18110.6
2,676,g_a_cpu,cpu,18110.6,18111.1
2,676,h_a,dpu,18111.1,18186.5
2,676,eb_enc,cpu,18186.5,18186.6
2,676,eb_dec,cpu,18186.6,18186.7
2,676,h_s,dpu,18186.7,18192.1
2,676,gc,cpu,18192.1,18202.4
2,684,normalize,cpu,18203,18206.6
2,684,g_a_cpu,cpu,18206.6,18207
2,684,g_a,dpu,18207,18244.3
2,684,g_a,dpu,18244.3,18281.1
2,684,g_a_cpu,cpu,18281.1,18281.7
2,684,h_a,dpu,18281.7,18430.4
2,684,eb_enc,cpu,18430.4,18430.5
2,684,eb_dec,cpu,18430.5,18430.6
2,684,h_s,dpu,18430.6,18431.8
2,684,gc,cpu,18431.8,18444.8
2,694,normalize,cpu,18445.6,18455.8
2,694,g_a_cpu,cpu,18455.8,18456.2
2,694,g_a,dpu,18456.2,18564.6
2,694,g_a,dpu,18564.6,18601.7
2,694,g_a_cpu,cpu,18601.7,18609.5
2,694,h_a,dpu,18609.5,18676.7
2,694,eb_enc,cpu,18676.7,18676.8
2,694,eb_dec,cpu,18676.8,18676.9
2,694,h_s,dpu,18676.9,18682
2,694,gc,cpu,18682,18692.2
2,703,normalize,cpu,18692.7,18696.4
2,703,g_a_cpu,cpu,18696.4,18696.8
2,703,g_a,dpu,18696.8,18733.9
2,703,g_a,dpu,18733.9,18846.4
2,703,g_a_cpu,cpu,18846.4,18847
2,703,h_a,dpu,18847,18921.5
2,703,eb_enc,cpu,18921.5,18921.7
2,703,eb_dec,cpu,18921.7,18921.8
2,703,h_s,dpu,18921.8,18926.7
2,703,gc,cpu,18926.7,18936.6
2,712,normalize,cpu,18937.2,18940.9
2,712,g_a_cpu,cpu,18940.9,18941.2
2,712,g_a,dpu,18941.2,18978.2
2,712,g_a,dpu,18978.2,19087.9
2,712,g_a_cpu,cpu,19087.9,19088.4
2,712,h_a,dpu,19088.4,19163.3
2,712,eb_enc,cpu,19163.3,19163.4
2,712,eb_dec,cpu,19163.4,19163.6
2,712,h_s,dpu,19163.6,19168.9
2,712,gc,cpu,19168.9,19178.8
2,721,normalize,cpu,19179.4,19183.1
2,721,g_a_cpu,cpu,19183.1,19183.4
2,721,g_a,dpu,19183.4,19220.3
2,721,g_a,dpu,19220.3,19329.6
2,721,g_a_cpu,cpu,19329.6,19330
2,721,h_a,dpu,19330,19405.1
2,721,eb_enc,cpu,19405.1,19405.2
2,721,eb_dec,cpu,19405.2,19405.4
2,721,h_s,dpu,19405.4,19410.7
2,721,gc,cpu,19410.7,19421.1
2,730,normalize,cpu,19421.8,19426.8
2,730,g_a_cpu,cpu,19426.8,19427.2
2,730,g_a,dpu,19427.2,19464.3
2,730,g_a,dpu,19464.3,19578.1
2,730,g_a_cpu,cpu,19578.1,19578.6
2,730,h_a,dpu,19578.6,19657.9
2,730,eb_enc,cpu,19657.9,19658
2,730,eb_dec,cpu,19658,19658.1
2,730,h_s,dpu,19658.1,19659.2
2,730,gc,cpu,19659.2,19670.3
2,739,normalize,cpu,19671,19674.6
2,739,g_a_cpu,cpu,19674.6,19675
2,739,g_a,dpu,19675,19712.1
2,739,g_a,dpu,19712.1,19823
2,739,g_a_cpu,cpu,19823,19823.5
2,739,h_a,dpu,19823.5,19899.2
2,739,eb_enc,cpu,19899.2,19899.3
2,739,eb_dec,cpu,19899.3,19899.4
2,739,h_s,dpu,19899.4,19904.7
2,739,gc,cpu,19904.7,19914.9
2,748,normalize,cpu,19915.5,19919.1
2,748,g_a_cpu,cpu,19919.1,19919.5
2,748,g_a,dpu,19919.5,19956.6
2,748,g_a,dpu,19956.6,20067.8
2,748,g_a_cpu,cpu,20067.8,20068.2
2,748,h_a,dpu,20068.2,20143.6
2,748,eb_enc,cpu,20143.6,20143.7
2,748,eb_dec,cpu,20143.7,20143.8
2,748,h_s,dpu,20143.8,20149.1
2,748,gc,cpu,20149.1,20159.6
2,757,normalize,cpu,20160.2,20163.9
2,757,g_a_cpu,cpu,20163.9,20164.2
2,757,g_a,dpu,20164.2,20201.2
2,757,g_a,dpu,20201.2,20311.1
2,757,g_a_cpu,cpu,20311.1,20311.5
2,757,h_a,dpu,20311.5,20386.5
2,757,eb_enc,cpu,20386.5,20386.6
2,757,eb_dec,cpu,20386.6,20386.8
2,757,h_s,dpu,20386.8,20392.1
2,757,gc,cpu,20392.1,20402.2
2,766,normalize,cpu,20402.9,20406.7
2,766,g_a_cpu,cpu,20406.7,20407.1
2,766,g_a,dpu,20407.1,20444.2
2,766,g_a,dpu,20444.2,20554.5
2,766,g_a_cpu,cpu,20554.5,20554.9
2,766,h_a,dpu,20554.9,20630.1
2,766,eb_enc,cpu,20630.1,20630.3
2,766,eb_dec,cpu,20630.3,20630.4
2,766,h_s,dpu,20630.4,20635.7
2,766,gc,cpu,20635.7,20645.8
2,775,normalize,cpu,20646.8,20650.5
2,775,g_a_cpu,cpu,20650.5,20650.9
2,775,g_a,dpu,20650.9,20688.5
2,775,g_a,dpu,20688.5,20725.4
2,775,g_a_cpu,cpu,20725.4,20725.8
2,775,h_a,dpu,20725.8,20801.7
2,775,eb_enc,cpu,20801.7,20801.9
2,775,eb_dec,cpu,20801.9,20802
2,775,h_s,dpu,20802,20803.1
2,775,gc,cpu,20803.1,20812.8
2,784,normalize,cpu,20813.3,20816.9
2,784,g_a_cpu,cpu,20817,20817.3
2,784,g_a,dpu,20817.3,20917
2,784,g_a,dpu,20917,20956.6
2,784,g_a_cpu,cpu,20956.6,20957
2,784,h_a,dpu,20957,21032.3
2,784,eb_enc,cpu,21032.3,21032.4
2,784,eb_dec,cpu,21032.4,21032.5
2,784,h_s,dpu,21032.5,21106.8
2,784,gc,cpu,21106.8,21116.9
2,793,normalize,cpu,21117.6,21122.6
2,793,g_a_cpu,cpu,21122.6,21123
2,793,g_a,dpu,21123,21160
2,793,g_a,dpu,21160,21269.7
2,793,g_a_cpu,cpu,21269.7,21270.3
2,793,h_a,dpu,21270.3,21345.2
2,793,eb_enc,cpu,21345.2,21345.3
2,793,eb_dec,cpu,21345.3,21345.5
2,793,h_s,dpu,21345.5,21350.4
2,793,gc,cpu,21350.4,21360.4
2,802,normalize,cpu,21361,21364.7
2,802,g_a_cpu,cpu,21364.7,21365
2,802,g_a,dpu,21365,21402.4
2,802,g_a,dpu,21402.4,21439.6
2,802,g_a_cpu,cpu,21439.6,21440
2,802,h_a,dpu,21440,21587.6
2,802,eb_enc,cpu,21587.6,21587.7
2,802,eb_dec,cpu,21587.7,21587.8
2,802,h_s,dpu,21587.8,21589
2,802,gc,cpu,21589,21599.3
2,811,normalize,cpu,21599.9,21603.6
2,811,g_a_cpu,cpu,21603.6,21604
2,811,g_a,dpu,21604,21641.5
2,811,g_a,dpu,21641.5,21678.6
2,811,g_a_cpu,cpu,21678.6,21679
2,811,h_a,dpu,21679,21826.5
2,811,eb_enc,cpu,21826.5,21826.7
2,811,eb_dec,cpu,21826.7,21826.8
2,811,h_s,dpu,21826.8,21827.9
2,811,gc,cpu,21827.9,21840.1
2,820,normalize,cpu,21840.6,21844.3
2,820,g_a_cpu,cpu,21844.3,21844.7
2,820,g_a,dpu,21844.7,21882
2,820,g_a,dpu,21882,21991.1
2,820,g_a_cpu,cpu,21991.1,21991.4
2,820,h_a,dpu,21991.4,22067.2
2,820,eb_enc,cpu,22067.2,22067.3
2,820,eb_dec,cpu,22067.3,22067.4
2,820,h_s,dpu,22067.4,22072.8
2,820,gc,cpu,22072.8,22082.7
2,829,normalize,cpu,22083.3,22087
2,829,g_a_cpu,cpu,22087,22087.4
2,829,g_a,dpu,22087.4,22125.3
2,829,g_a,dpu,22125.3,22234.6
2,829,g_a_cpu,cpu,22234.6,22235
2,829,h_a,dpu,22235,22309.7
2,829,eb_enc,cpu,22309.7,22309.8
2,829,eb_dec,cpu,22309.8,22310
2,829,h_s,dpu,22310,22314.9
2,829,gc,cpu,22314.9,22326.1
2,838,normalize,cpu,22326.7,22330.3
2,838,g_a_cpu,cpu,22330.3,22330.7
2,838,g_a,dpu,22330.7,22368.4
2,838,g_a,dpu,22368.4,22477.9
2,838,g_a_cpu,cpu,22477.9,22478.2
2,838,h_a,dpu,22478.2,22553.5
2,838,eb_enc,cpu,22553.5,22553.6
2,838,eb_dec,cpu,22553.6,22553.7
2,838,h_s,dpu,22553.7,22559.4
2,838,gc,cpu,22559.4,22569.3
2,847,normalize,cpu,22569.9,22573.5
2,847,g_a_cpu,cpu,22573.5,22573.9
2,847,g_a,dpu,22573.9,22611.6
2,847,g_a,dpu,22611.6,22720.8
2,847,g_a_cpu,cpu,22720.8,22721.2
2,847,h_a,dpu,22721.2,22796.2
2,847,eb_enc,cpu,22796.2,22796.3
2,847,eb_dec,cpu,22796.3,22796.4
2,847,h_s,dpu,22796.4,22801.7
2,847,gc,cpu,22801.7,22812
2,856,normalize,cpu,22812.6,22816.3
2,856,g_a_cpu,cpu,22816.3,22816.7
2,856,g_a,dpu,22816.7,22854.3
2,856,g_a,dpu,22854.4,22963.7
2,856,g_a_cpu,cpu,22963.7,22964.2
2,856,h_a,dpu,22964.2,23039.3
2,856,eb_enc,cpu,23039.3,23039.4
2,856,eb_dec,cpu,23039.4,23039.5
2,856,h_s,dpu,23039.5,23044.8
2,856,gc,cpu,23044.8,23054.8
2,865,normalize,cpu,23055.3,23059.1
2,865,g_a_cpu,cpu,23059.1,23059.7
2,865,g_a,dpu,23059.7,23097.1
2,865,g_a,dpu,23097.1,23206.5
2,865,g_a_cpu,cpu,23206.5,23207
2,865,h_a,dpu,23207,23282.3
2,865,eb_enc,cpu,23282.3,23282.4
2,865,eb_dec,cpu,23282.4,23282.5
2,865,h_s,dpu,23282.5,23288
2,865,gc,cpu,23288,23298.3
2,874,normalize,cpu,23299.2,23302.9
2,874,g_a_cpu,cpu,23302.9,23303.3
2,874,g_a,dpu,23303.3,23340.8
2,874,g_a,dpu,23340.8,23449.7
2,874,g_a_cpu,cpu,23449.7,23450.3
2,874,h_a,dpu,23450.3,23524.9
2,874,eb_enc,cpu,23524.9,23525
2,874,eb_dec,cpu,23525,23525.1
2,874,h_s,dpu,23525.1,23530.2
2,874,gc,cpu,23530.2,23540.3
2,883,normalize,cpu,23540.8,23545.4
2,883,g_a_cpu,cpu,23545.4,23546
2,883,g_a,dpu,23546,23594.7
2,883,g_a,dpu,23594.7,23703.6
2,883,g_a_cpu,cpu,23703.6,23704
2,883,h_a,dpu,23704,23779.3
2,883,eb_enc,cpu,23779.3,23779.4
2,883,eb_dec,cpu,23779.4,23779.5
2,883,h_s,dpu,23779.5,23795.1
2,883,gc,cpu,23795.1,23805.2
2,895,normalize,cpu,23807.8,23811.5
2,895,g_a_cpu,cpu,23811.5,23811.9
2,895,g_a,dpu,23811.9,23884.5
2,895,g_a,dpu,23884.5,23993.7
2,895,g_a_cpu,cpu,23993.7,23994.1
2,895,h_a,dpu,23994.1,24044.1
2,895,eb_enc,cpu,24044.1,24044.2
2,895,eb_dec,cpu,24044.2,24044.4
2,895,h_s,dpu,24044.4,24049.6
2,895,gc,cpu,24049.6,24059.6
2,908,normalize,cpu,24060.1,24063.8
2,908,g_a_cpu,cpu,24063.8,24064.2
2,908,g_a,dpu,24064.2,24137.1
2,908,g_a,dpu,24137.1,24246
2,908,g_a_cpu,cpu,24246,24246.5
2,908,h_a,dpu,24246.5,24289.3
2,908,eb_enc,cpu,24289.3,24289.4
2,908,eb_dec,cpu,24289.4,24289.5
2,908,h_s,dpu,24289.5,24294.5
2,908,gc,cpu,24294.5,24304.7
2,917,normalize,cpu,24305.3,24308.9
2,917,g_a_cpu,cpu,24308.9,24309.4
2,917,g_a,dpu,24309.4,24381.2
2,917,g_a,dpu,24381.2,24490.1
2,917,g_a_cpu,cpu,24490.1,24490.7
2,917,h_a,dpu,24490.7,24533.1
2,917,eb_enc,cpu,24533.1,24533.2
2,917,eb_dec,cpu,24533.2,24533.3
2,917,h_s,dpu,24533.3,24537.5
2,917,gc,cpu,24537.6,24547.6
2,926,normalize,cpu,24548.2,24551.9
2,926,g_a_cpu,cpu,24551.9,24552.3
2,926,g_a,dpu,24552.3,24624.6
2,926,g_a,dpu,24624.6,24734
2,926,g_a_cpu,cpu,24734,24734.8
2,926,h_a,dpu,24734.8,24774.6
2,926,eb_enc,cpu,24774.6,24774.7
2,926,eb_dec,cpu,24774.7,24774.8
2,926,h_s,dpu,24774.8,24778.4
2,926,gc,cpu,24778.4,24788.4
3,1,normalize,cpu,65.966,69.7268
3,1,g_a_cpu,cpu,80.7031,81.4971
3,1,g_a,dpu,81.5069,154.238
3,1,g_a,dpu,154.243,262.468
3,1,g_a_cpu,cpu,262.47,262.853
3,1,h_a,dpu,262.858,301.348
3,1,eb_enc,cpu,301.349,301.475
3,1,eb_dec,cpu,301.476,301.589
3,1,h_s,dpu,301.589,304.471
3,1,gc,cpu,304.475,315.92
3,13,normalize,cpu,322.129,325.787
3,13,g_a_cpu,cpu,325.791,326.284
3,13,g_a,dpu,326.291,398.708
3,13,g_a,dpu,398.709,506.381
3,13,g_a_cpu,cpu,506.382,506.815
3,13,h_a,dpu,506.816,554.857
3,13,eb_enc,cpu,554.858,555.004
3,13,eb_dec,cpu,555.007,555.122
3,13,h_s,dpu,555.123,557.145
3,13,gc,cpu,557.146,567.391
3,25,normalize,cpu,567.877,571.623
3,25,g_a_cpu,cpu,571.626,572.023
3,25,g_a,dpu,572.026,670.516
3,25,g_a,dpu,670.518,778.456
3,25,g_a_cpu,cpu,778.457,778.977
3,25,h_a,dpu,778.98,781.014
3,25,eb_enc,cpu,781.034,781.163
3,25,eb_dec,cpu,781.164,781.311
3,25,h_s,dpu,781.311,784.316
3,25,gc,cpu,784.316,795.079
3,30,normalize,cpu,795.612,799.39
3,30,g_a_cpu,cpu,799.394,800.048
3,30,g_a,dpu,800.053,871.782
3,30,g_a,dpu,871.791,979.525
3,30,g_a_cpu,cpu,979.527,980.038
3,30,h_a,dpu,980.042,1017.18
3,30,eb_enc,cpu,1017.18,1017.37
3,30,eb_dec,cpu,1017.37,1017.5
3,30,h_s,dpu,1017.5,1019.61
3,30,gc,cpu,1019.61,1030.43
3,39,normalize,cpu,1030.96,1034.73
3,39,g_a_cpu,cpu,1034.74,1035.36
3,39,g_a,dpu,1035.36,1106.5
3,39,g_a,dpu,1106.5,1214.64
3,39,g_a_cpu,cpu,1214.64,1215.07
3,39,h_a,dpu,1215.07,1253.92
3,39,eb_enc,cpu,1253.92,1254.04
3,39,eb_dec,cpu,1254.04,1254.15
3,39,h_s,dpu,1254.15,1257.2
3,39,gc,cpu,1257.2,1267.3
3,48,normalize,cpu,1267.77,1271.49
3,48,g_a_cpu,cpu,1271.49,1271.91
3,48,g_a,dpu,1271.91,1343.92
3,48,g_a,dpu,1343.92,1451.49
3,48,g_a_cpu,cpu,1451.49,1451.94
3,48,h_a,dpu,1451.94,1490.39
3,48,eb_enc,cpu,1490.39,1490.54
3,48,eb_dec,cpu,1490.54,1490.66
3,48,h_s,dpu,1490.66,1492.98
3,48,gc,cpu,1492.98,1504.08
3,56,normalize,cpu,1504.91,1519.94
3,56,g_a_cpu,cpu,1519.94,1520.37
3,56,g_a,dpu,1520.37,1659
3,56,g_a,dpu,1659,1695.39
3,56,g_a_cpu,cpu,1695.39,1695.82
3,56,h_a,dpu,1695.83,1740.16
3,56,eb_enc,cpu,1740.16,1740.42
3,56,eb_dec,cpu,1740.43,1740.59
3,56,h_s,dpu,1740.59,1742.97
3,56,gc,cpu,1742.97,1753.11
3,66,normalize,cpu,1753.84,1757.56
3,66,g_a_cpu,cpu,1757.56,1757.99
3,66,g_a,dpu,1757.99,1821.13
3,66,g_a,dpu,1821.13,1929.21
3,66,g_a_cpu,cpu,1929.21,1929.64
3,66,h_a,dpu,1929.64,1968.39
3,66,eb_enc,cpu,1968.39,1968.52
3,66,eb_dec,cpu,1968.52,1968.63
3,66,h_s,dpu,1968.63,1971.4
3,66,gc,cpu,1971.4,1981.27
3,76,normalize,cpu,1981.72,1985.4
3,76,g_a_cpu,cpu,1985.41,1985.82
3,76,g_a,dpu,1985.82,2022.29
3,76,g_a,dpu,2022.29,2130.41
3,76,g_a_cpu,cpu,2130.41,2130.77
3,76,h_a,dpu,2130.77,2131.96
3,76,eb_enc,cpu,2131.96,2132.09
3,76,eb_dec,cpu,2132.09,2132.2
3,76,h_s,dpu,2132.2,2170.2
3,76,gc,cpu,2170.2,2180.21
3,81,normalize,cpu,2180.99,2184.64
3,81,g_a_cpu,cpu,2184.65,2185.04
3,81,g_a,dpu,2185.04,2243.62
3,81,g_a,dpu,2243.62,2316.69
3,81,g_a_cpu,cpu,2316.7,2317.2
3,81,h_a,dpu,2317.2,2358.08
3,81,eb_enc,cpu,2358.09,2358.22
3,81,eb_dec,cpu,2358.22,2358.34
3,81,h_s,dpu,2358.34,2360.07
3,81,gc,cpu,2360.07,2370.36
3,90,normalize,cpu,2370.98,2374.72
3,90,g_a_cpu,cpu,2374.72,2375.16
3,90,g_a,dpu,2375.16,2440.86
3,90,g_a,dpu,2440.86,2549.22
3,90,g_a_cpu,cpu,2549.24,2549.75
3,90,h_a,dpu,2549.76,2586.85
3,90,eb_enc,cpu,2586.85,2587.15
3,90,eb_dec,cpu,2587.15,2587.32
3,90,h_s,dpu,2587.32,2589.57
3,90,gc,cpu,2589.58,2599.61
3,99,normalize,cpu,2600.1,2603.84
3,99,g_a_cpu,cpu,2603.84,2604.25
3,99,g_a,dpu,2604.25,2676.38
3,99,g_a,dpu,2676.38,2784.22
3,99,g_a_cpu,cpu,2784.22,2784.84
3,99,h_a,dpu,2784.84,2821.89
3,99,eb_enc,cpu,2821.89,2822.06
3,99,eb_dec,cpu,2822.07,2822.19
3,99,h_s,dpu,2822.19,2824.27
3,99,gc,cpu,2824.28,2834.8
3,108,normalize,cpu,2835.39,2839.17
3,108,g_a_cpu,cpu,2839.18,2839.72
3,108,g_a,dpu,2839.73,2910.58
3,108,g_a,dpu,2910.58,3018.39
3,108,g_a_cpu,cpu,3018.39,3018.81
3,108,h_a,dpu,3018.81,3059.02
3,108,eb_enc,cpu,3059.02,3059.16
3,108,eb_dec,cpu,3059.16,3059.28
3,108,h_s,dpu,3059.28,3064
3,108,gc,cpu,3064.02,3075.12
3,118,normalize,cpu,3075.9,3079.67
3,118,g_a_cpu,cpu,3079.68,3080.44
3,118,g_a,dpu,3080.45,3151.41
3,118,g_a,dpu,3151.41,3259.14
3,118,g_a_cpu,cpu,3259.14,3259.61
3,118,h_a,dpu,3259.61,3261.3
3,118,eb_enc,cpu,3261.3,3261.45
3,118,eb_dec,cpu,3261.45,3261.57
3,118,h_s,dpu,3261.57,3299.58
3,118,gc,cpu,3299.58,3309.59
3,126,normalize,cpu,3310.16,3313.83
3,126,g_a_cpu,cpu,3313.84,3314.22
3,126,g_a,dpu,3314.22,3350.68
3,126,g_a,dpu,3350.68,3458.3
3,126,g_a_cpu,cpu,3458.3,3458.78
3,126,h_a,dpu,3458.79,3531.72
3,126,eb_enc,cpu,3531.72,3531.86
3,126,eb_dec,cpu,3531.86,3532
3,126,h_s,dpu,3532,3534.47
3,126,gc,cpu,3534.47,3544.4
3,135,normalize,cpu,3545.08,3548.73
3,135,g_a_cpu,cpu,3548.74,3549.09
3,135,g_a,dpu,3549.1,3585.52
3,135,g_a,dpu,3585.52,3765.97
3,135,g_a_cpu,cpu,3765.97,3766.37
3,135,h_a,dpu,3766.37,3767.73
3,135,eb_enc,cpu,3767.73,3767.88
3,135,eb_dec,cpu,3767.88,3768
3,135,h_s,dpu,3768,3780.65
3,135,gc,cpu,3780.65,3790.83
3,146,normalize,cpu,3791.58,3795.28
3,146,g_a_cpu,cpu,3795.28,3795.52
3,146,g_a,dpu,3795.52,3894.58
3,146,g_a,dpu,3894.58,4002.49
3,146,g_a_cpu,cpu,4002.49,4002.94
3,146,h_a,dpu,4002.94,4005.25
3,146,eb_enc,cpu,4005.25,4005.39
3,146,eb_dec,cpu,4005.39,4005.5
3,146,h_s,dpu,4005.5,4010.13
3,146,gc,cpu,4010.13,4020.22
3,155,normalize,cpu,4020.93,4024.67
3,155,g_a_cpu,cpu,4024.68,4025.04
3,155,g_a,dpu,4025.04,4129
3,155,g_a,dpu,4129,4237.17
3,155,g_a_cpu,cpu,4237.17,4237.7
3,155,h_a,dpu,4237.7,4241.38
3,155,eb_enc,cpu,4241.38,4241.51
3,155,eb_dec,cpu,4241.51,4241.63
3,155,h_s,dpu,4241.63,4244.25
3,155,gc,cpu,4244.25,4254.22
3,164,normalize,cpu,4254.67,4258.38
3,164,g_a_cpu,cpu,4258.39,4258.89
3,164,g_a,dpu,4258.89,4365.63
3,164,g_a,dpu,4365.63,4473.5
3,164,g_a_cpu,cpu,4473.5,4473.99
3,164,h_a,dpu,4473.99,4475.56
3,164,eb_enc,cpu,4475.56,4475.72
3,164,eb_dec,cpu,4475.72,4475.85
3,164,h_s,dpu,4475.85,4483.55
3,164,gc,cpu,4483.55,4493.55
3,173,normalize,cpu,4494.3,4498.15
3,173,g_a_cpu,cpu,4498.15,4498.62
3,173,g_a,dpu,4498.62,4604.31
3,173,g_a,dpu,4604.31,4712.94
3,173,g_a_cpu,cpu,4712.95,4713.4
3,173,h_a,dpu,4713.41,4714.79
3,173,eb_enc,cpu,4714.79,4714.93
3,173,eb_dec,cpu,4714.93,4715.05
3,173,h_s,dpu,4715.05,4730.07
3,173,gc,cpu,4730.07,4739.88
3,182,normalize,cpu,4750.18,4753.89
3,182,g_a_cpu,cpu,4753.9,4754.19
3,182,g_a,dpu,4754.19,4845.55
3,182,g_a,dpu,4845.55,4953.37
3,182,g_a_cpu,cpu,4953.37,4953.78
3,182,h_a,dpu,4953.78,4955.15
3,182,eb_enc,cpu,4955.15,4955.29
3,182,eb_dec,cpu,4955.29,4955.41
3,182,h_s,dpu,4955.41,4956.37
3,182,gc,cpu,4956.37,4967.04
3,189,normalize,cpu,4968.27,4971.95
3,189,g_a_cpu,cpu,4971.95,4972.34
3,189,g_a,dpu,4972.34,5008.77
3,189,g_a,dpu,5008.77,5116.34
3,189,g_a_cpu,cpu,5116.34,5116.84
3,189,h_a,dpu,5116.84,5189.17
3,189,eb_enc,cpu,5189.17,5189.37
3,189,eb_dec,cpu,5189.37,5189.5
3,189,h_s,dpu,5189.5,5191.59
3,189,gc,cpu,5191.59,5211.92
3,199,normalize,cpu,5212.47,5216.18
3,199,g_a_cpu,cpu,5216.19,5216.53
3,199,g_a,dpu,5216.53,5316.12
3,199,g_a,dpu,5316.12,5423.71
3,199,g_a_cpu,cpu,5423.71,5424.06
3,199,h_a,dpu,5424.06,5425.24
3,199,eb_enc,cpu,5425.24,5425.38
3,199,eb_dec,cpu,5425.38,5425.5
3,199,h_s,dpu,5425.5,5430.11
3,199,gc,cpu,5430.11,5441.19
3,206,normalize,cpu,5444.26,5447.95
3,206,g_a_cpu,cpu,5447.96,5448.4
3,206,g_a,dpu,5448.4,5593.12
3,206,g_a,dpu,5593.12,5701.51
3,206,g_a_cpu,cpu,5701.51,5701.98
3,206,h_a,dpu,5701.98,5740.12
3,206,eb_enc,cpu,5740.12,5740.31
3,206,eb_dec,cpu,5740.31,5740.45
3,206,h_s,dpu,5740.45,5743.04
3,206,gc,cpu,5743.04,5753.56
3,218,normalize,cpu,5754.15,5757.92
3,218,g_a_cpu,cpu,5757.92,5758.47
3,218,g_a,dpu,5758.47,5829.29
3,218,g_a,dpu,5829.3,5937.1
3,218,g_a_cpu,cpu,5937.1,5937.66
3,218,h_a,dpu,5937.67,5975.16
3,218,eb_enc,cpu,5975.16,5975.33
3,218,eb_dec,cpu,5975.33,5975.45
3,218,h_s,dpu,5975.45,5977.65
3,218,gc,cpu,5977.65,5987.94
3,227,normalize,cpu,5988.55,5992.23
3,227,g_a_cpu,cpu,5992.24,5992.76
3,227,g_a,dpu,5992.77,6063.89
3,227,g_a,dpu,6063.89,6172.18
3,227,g_a_cpu,cpu,6172.18,6172.64
3,227,h_a,dpu,6172.64,6209.75
3,227,eb_enc,cpu,6209.75,6209.88
3,227,eb_dec,cpu,6209.89,6210.02
3,227,h_s,dpu,6210.02,6212.03
3,227,gc,cpu,6212.03,6222.21
3,235,normalize,cpu,6222.74,6226.49
3,235,g_a_cpu,cpu,6226.5,6226.94
3,235,g_a,dpu,6226.94,6298.31
3,235,g_a,dpu,6298.32,6406.61
3,235,g_a_cpu,cpu,6406.61,6407.08
3,235,h_a,dpu,6407.08,6444.26
3,235,eb_enc,cpu,6444.26,6444.4
3,235,eb_dec,cpu,6444.4,6444.52
3,235,h_s,dpu,6444.52,6446.59
3,235,gc,cpu,6446.59,6456.57
3,244,normalize,cpu,6457.04,6460.71
3,244,g_a_cpu,cpu,6460.71,6461.13
3,244,g_a,dpu,6461.14,6533.43
3,244,g_a,dpu,6533.43,6641.76
3,244,g_a_cpu,cpu,6641.77,6642.13
3,244,h_a,dpu,6642.13,6680.12
3,244,eb_enc,cpu,6680.12,6680.24
3,244,eb_dec,cpu,6680.24,6680.36
3,244,h_s,dpu,6680.36,6682.75
3,244,gc,cpu,6682.75,6692.7
3,253,normalize,cpu,6693.31,6697.07
3,253,g_a_cpu,cpu,6697.08,6697.65
3,253,g_a,dpu,6697.66,6769.63
3,253,g_a,dpu,6769.63,6877.38
3,253,g_a_cpu,cpu,6877.38,6877.81
3,253,h_a,dpu,6877.81,6914.91
3,253,eb_enc,cpu,6914.91,6915.06
3,253,eb_dec,cpu,6915.06,6915.18
3,253,h_s,dpu,6915.18,6917.19
3,253,gc,cpu,6917.19,6927.55
3,262,normalize,cpu,6928.2,6931.89
3,262,g_a_cpu,cpu,6931.89,6932.45
3,262,g_a,dpu,6932.45,7003.6
3,262,g_a,dpu,7003.61,7111.36
3,262,g_a_cpu,cpu,7111.37,7111.81
3,262,h_a,dpu,7111.81,7148.91
3,262,eb_enc,cpu,7148.91,7149.05
3,262,eb_dec,cpu,7149.05,7149.17
3,262,h_s,dpu,7149.17,7151.23
3,262,gc,cpu,7151.23,7161.52
3,271,normalize,cpu,7162.17,7165.89
3,271,g_a_cpu,cpu,7165.9,7166.48
3,271,g_a,dpu,7166.48,7273.4
3,271,g_a,dpu,7273.4,7382.41
3,271,g_a_cpu,cpu,7382.42,7382.92
3,271,h_a,dpu,7382.92,7385.42
3,271,eb_enc,cpu,7385.42,7385.55
3,271,eb_dec,cpu,7385.55,7385.67
3,271,h_s,dpu,7385.67,7387.95
3,271,gc,cpu,7387.95,7397.89
3,281,normalize,cpu,7398.33,7401.99
3,281,g_a_cpu,cpu,7401.99,7402.53
3,281,g_a,dpu,7402.54,7512.58
3,281,g_a,dpu,7512.58,7549.37
3,281,g_a_cpu,cpu,7549.38,7550.07
3,281,h_a,dpu,7550.07,7622.28
3,281,eb_enc,cpu,7622.28,7622.54
3,281,eb_dec,cpu,7622.55,7622.71
3,281,h_s,dpu,7622.71,7624.9
3,281,gc,cpu,7624.9,7634.98
3,288,normalize,cpu,7635.46,7639.13
3,288,g_a_cpu,cpu,7639.13,7639.53
3,288,g_a,dpu,7639.54,7676.39
3,288,g_a,dpu,7676.39,7860.14
3,288,g_a_cpu,cpu,7860.14,7860.55
3,288,h_a,dpu,7860.56,7863.06
3,288,eb_enc,cpu,7863.07,7863.21
3,288,eb_dec,cpu,7863.21,7863.33
3,288,h_s,dpu,7863.33,7865.56
3,288,gc,cpu,7865.56,7875.84
3,298,normalize,cpu,7876.35,7880
3,298,g_a_cpu,cpu,7880.01,7880.43
3,298,g_a,dpu,7880.43,7987.47
3,298,g_a,dpu,7987.47,8095.92
3,298,g_a_cpu,cpu,8095.92,8096.46
3,298,h_a,dpu,8096.46,8099.03
3,298,eb_enc,cpu,8099.04,8099.17
3,298,eb_dec,cpu,8099.17,8099.28
3,298,h_s,dpu,8099.28,8102.38
3,298,gc,cpu,8102.38,8112.34
3,307,normalize,cpu,8112.78,8116.49
3,307,g_a_cpu,cpu,8116.5,8116.93
3,307,g_a,dpu,8116.93,8267.43
3,307,g_a,dpu,8267.43,8341.54
3,307,g_a_cpu,cpu,8341.54,8341.99
3,307,h_a,dpu,8341.99,8346.51
3,307,eb_enc,cpu,8346.51,8346.65
3,307,eb_dec,cpu,8346.65,8346.77
3,307,h_s,dpu,8346.77,8347.81
3,307,gc,cpu,8347.81,8357.65
3,316,normalize,cpu,8358.46,8362.15
3,316,g_a_cpu,cpu,8362.16,8362.43
3,316,g_a,dpu,8362.43,8465.88
3,316,g_a,dpu,8465.88,8573.89
3,316,g_a_cpu,cpu,8573.89,8574.26
3,316,h_a,dpu,8574.26,8577
3,316,eb_enc,cpu,8577.01,8577.13
3,316,eb_dec,cpu,8577.13,8577.27
3,316,h_s,dpu,8577.27,8579.59
3,316,gc,cpu,8579.59,8589.81
3,325,normalize,cpu,8590.23,8594.05
3,325,g_a_cpu,cpu,8594.05,8594.56
3,325,g_a,dpu,8594.56,8666.8
3,325,g_a,dpu,8666.81,8774.04
3,325,g_a_cpu,cpu,8774.04,8774.37
3,325,h_a,dpu,8774.37,8775.56
3,325,eb_enc,cpu,8775.56,8775.69
3,325,eb_dec,cpu,8775.69,8775.8
3,325,h_s,dpu,8775.8,8814.07
3,325,gc,cpu,8814.07,8823.96
3,332,normalize,cpu,8824.55,8828.19
3,332,g_a_cpu,cpu,8828.19,8828.59
3,332,g_a,dpu,8828.59,8865.11
3,332,g_a,dpu,8865.12,8937.85
3,332,g_a_cpu,cpu,8937.85,8938.26
3,332,h_a,dpu,8938.26,8939.63
3,332,eb_enc,cpu,8939.63,8939.8
3,332,eb_dec,cpu,8939.8,8939.93
3,332,h_s,dpu,8939.93,8978.05
3,332,gc,cpu,8978.05,8987.97
3,341,normalize,cpu,8988.39,8992.05
3,341,g_a_cpu,cpu,8992.06,8992.54
3,341,g_a,dpu,8992.54,9064.76
3,341,g_a,dpu,9064.76,9172.69
3,341,g_a_cpu,cpu,9172.7,9173.38
3,341,h_a,dpu,9173.39,9210.95
3,341,eb_enc,cpu,9210.95,9211.08
3,341,eb_dec,cpu,9211.08,9211.19
3,341,h_s,dpu,9211.19,9214.14
3,341,gc,cpu,9214.14,9224.18
3,350,normalize,cpu,9224.88,9228.55
3,350,g_a_cpu,cpu,9228.56,9229.17
3,350,g_a,dpu,9229.18,9301.57
3,350,g_a,dpu,9301.57,9421.08
3,350,g_a_cpu,cpu,9421.09,9421.68
3,350,h_a,dpu,9421.68,9459.65
3,350,eb_enc,cpu,9459.65,9459.82
3,350,eb_dec,cpu,9459.82,9459.94
3,350,h_s,dpu,9459.94,9462.26
3,350,gc,cpu,9462.26,9472.18
3,359,normalize,cpu,9472.67,9476.4
3,359,g_a_cpu,cpu,9476.4,9476.78
3,359,g_a,dpu,9476.79,9548.41
3,359,g_a,dpu,9548.41,9656.13
3,359,g_a_cpu,cpu,9656.13,9656.62
3,359,h_a,dpu,9656.63,9694.46
3,359,eb_enc,cpu,9694.46,9694.59
3,359,eb_dec,cpu,9694.59,9694.71
3,359,h_s,dpu,9694.71,9697.02
3,359,gc,cpu,9697.02,9707.67
3,369,normalize,cpu,9708.17,9711.84
3,369,g_a_cpu,cpu,9711.84,9712.34
3,369,g_a,dpu,9712.35,9783.27
3,369,g_a,dpu,9783.27,9890.96
3,369,g_a_cpu,cpu,9890.96,9891.57
3,369,h_a,dpu,9891.57,9929.93
3,369,eb_enc,cpu,9929.93,9930.05
3,369,eb_dec,cpu,9930.05,9930.16
3,369,h_s,dpu,9930.16,9931.02
3,369,gc,cpu,9931.02,9940.97
3,376,normalize,cpu,9941.9,9945.65
3,376,g_a_cpu,cpu,9945.65,9946.05
3,376,g_a,dpu,9946.06,9982.49
3,376,g_a,dpu,9982.49,10090.3
3,376,g_a_cpu,cpu,10090.3,10090.7
3,376,h_a,dpu,10090.7,10163.4
3,376,eb_enc,cpu,10163.4,10163.6
3,376,eb_dec,cpu,10163.6,10163.7
3,376,h_s,dpu,10163.7,10166.3
3,376,gc,cpu,10166.3,10176.2
3,385,normalize,cpu,10176.8,10180.5
3,385,g_a_cpu,cpu,10180.5,10180.9
3,385,g_a,dpu,10180.9,10217.4
3,385,g_a,dpu,10217.4,10325
3,385,g_a_cpu,cpu,10325,10325.5
3,385,h_a,dpu,10325.5,10398
3,385,eb_enc,cpu,10398,10398.2
3,385,eb_dec,cpu,10398.2,10398.3
3,385,h_s,dpu,10398.3,10400.5
3,385,gc,cpu,10400.5,10410.6
3,394,normalize,cpu,10411.1,10414.9
3,394,g_a_cpu,cpu,10414.9,10415.3
3,394,g_a,dpu,10415.3,10451.8
3,394,g_a,dpu,10451.8,10559.4
3,394,g_a_cpu,cpu,10559.4,10559.9
3,394,h_a,dpu,10559.9,10635.5
3,394,eb_enc,cpu,10635.5,10635.6
3,394,eb_dec,cpu,10635.6,10635.8
3,394,h_s,dpu,10635.8,10637.9
3,394,gc,cpu,10637.9,10648.3
3,405,normalize,cpu,10649,10652.7
3,405,g_a_cpu,cpu,10652.7,10653.9
3,405,g_a,dpu,10653.9,10724.3
3,405,g_a,dpu,10724.3,10760.8
3,405,g_a_cpu,cpu,10760.8,10761.4
3,405,h_a,dpu,10761.4,10874.1
3,405,eb_enc,cpu,10874.1,10874.2
3,405,eb_dec,cpu,10874.2,10874.3
3,405,h_s,dpu,10874.3,10875.3
3,405,gc,cpu,10875.3,10885.2
3,412,normalize,cpu,10885.7,10889.5
3,412,g_a_cpu,cpu,10889.5,10889.8
3,412,g_a,dpu,10889.8,10996.9
3,412,g_a,dpu,10996.9,11105.7
3,412,g_a_cpu,cpu,11105.7,11106.1
3,412,h_a,dpu,11106.1,11108.8
3,412,eb_enc,cpu,11108.8,11108.9
3,412,eb_dec,cpu,11108.9,11109.1
3,412,h_s,dpu,11109.1,11114.8
3,412,gc,cpu,11114.8,11124.9
3,420,normalize,cpu,11125.7,11129.3
3,420,g_a_cpu,cpu,11129.3,11129.8
3,420,g_a,dpu,11129.8,11201.9
3,420,g_a,dpu,11201.9,11238.3
3,420,g_a_cpu,cpu,11238.3,11238.8
3,420,h_a,dpu,11238.8,11311.3
3,420,eb_enc,cpu,11311.3,11311.5
3,420,eb_dec,cpu,11311.5,11311.6
3,420,h_s,dpu,11311.6,11349.9
3,420,gc,cpu,11349.9,11367.5
3,430,normalize,cpu,11368.1,11371.7
3,430,g_a_cpu,cpu,11371.7,11372.1
3,430,g_a,dpu,11372.1,11474.2
3,430,g_a,dpu,11474.2,11582.1
3,430,g_a_cpu,cpu,11582.1,11582.6
3,430,h_a,dpu,11582.6,11584.9
3,430,eb_enc,cpu,11584.9,11585
3,430,eb_dec,cpu,11585,11585.1
3,430,h_s,dpu,11585.1,11590.2
3,430,gc,cpu,11590.2,11600.2
3,439,normalize,cpu,11601.1,11604.7
3,439,g_a_cpu,cpu,11604.7,11605.1
3,439,g_a,dpu,11605.1,11709.7
3,439,g_a,dpu,11709.7,11817.7
3,439,g_a_cpu,cpu,11817.7,11818.2
3,439,h_a,dpu,11818.2,11820.1
3,439,eb_enc,cpu,11820.1,11820.3
3,439,eb_dec,cpu,11820.3,11820.4
3,439,h_s,dpu,11820.4,11822.4
3,439,gc,cpu,11822.4,11832.9
3,447,normalize,cpu,11833.5,11837.3
3,447,g_a_cpu,cpu,11837.3,11837.9
3,447,g_a,dpu,11837.9,11908.1
3,447,g_a,dpu,11908.1,12016.2
3,447,g_a_cpu,cpu,12016.2,12016.7
3,447,h_a,dpu,12016.7,12054.4
3,447,eb_enc,cpu,12054.4,12054.6
3,447,eb_dec,cpu,12054.6,12054.7
3,447,h_s,dpu,12054.7,12057.3
3,447,gc,cpu,12057.3,12067.1
3,456,normalize,cpu,12067.7,12071.4
3,456,g_a_cpu,cpu,12071.4,12071.9
3,456,g_a,dpu,12071.9,12143.8
3,456,g_a,dpu,12143.8,12251.5
3,456,g_a_cpu,cpu,12251.5,12251.9
3,456,h_a,dpu,12252,12290.9
3,456,eb_enc,cpu,12290.9,12291.1
3,456,eb_dec,cpu,12291.1,12291.2
3,456,h_s,dpu,12291.3,12294.5
3,456,gc,cpu,12294.5,12305.4
3,466,normalize,cpu,12306,12309.7
3,466,g_a_cpu,cpu,12309.7,12310.2
3,466,g_a,dpu,12310.2,12381.3
3,466,g_a,dpu,12381.3,12488.9
3,466,g_a_cpu,cpu,12488.9,12489.3
3,466,h_a,dpu,12489.3,12527.3
3,466,eb_enc,cpu,12527.3,12527.4
3,466,eb_dec,cpu,12527.4,12527.5
3,466,h_s,dpu,12527.5,12530
3,466,gc,cpu,12530,12540.2
3,475,normalize,cpu,12540.7,12544.4
3,475,g_a_cpu,cpu,12544.4,12544.9
3,475,g_a,dpu,12544.9,12617
3,475,g_a,dpu,12617,12724.7
3,475,g_a_cpu,cpu,12724.7,12725.2
3,475,h_a,dpu,12725.2,12762.9
3,475,eb_enc,cpu,12762.9,12763
3,475,eb_dec,cpu,12763,12763.1
3,475,h_s,dpu,12763.1,12765.5
3,475,gc,cpu,12765.5,12775.4
3,484,normalize,cpu,12775.9,12779.6
3,484,g_a_cpu,cpu,12779.6,12780
3,484,g_a,dpu,12780,12851.9
3,484,g_a,dpu,12851.9,12959.6
3,484,g_a_cpu,cpu,12959.7,12960.1
3,484,h_a,dpu,12960.1,12961.7
3,484,eb_enc,cpu,12961.7,12961.8
3,484,eb_dec,cpu,12961.8,12962
3,484,h_s,dpu,12962,12963
3,484,gc,cpu,12963,12976.4
3,489,normalize,cpu,12977,12980.9
3,489,g_a_cpu,cpu,12980.9,12981.3
3,489,g_a,dpu,12981.3,13045.3
3,489,g_a,dpu,13045.3,13153.1
3,489,g_a_cpu,cpu,13153.1,13153.6
3,489,h_a,dpu,13153.6,13227
3,489,eb_enc,cpu,13227,13227.1
3,489,eb_dec,cpu,13227.1,13227.2
3,489,h_s,dpu,13227.2,13230.1
3,489,gc,cpu,13230.1,13240.4
3,501,normalize,cpu,13241,13249.2
3,501,g_a_cpu,cpu,13249.2,13249.5
3,501,g_a,dpu,13249.5,13353.8
3,501,g_a,dpu,13353.8,13461.7
3,501,g_a_cpu,cpu,13461.7,13462.4
3,501,h_a,dpu,13462.4,13470.3
3,501,eb_enc,cpu,13470.3,13470.4
3,501,eb_dec,cpu,13470.4,13470.5
3,501,h_s,dpu,13470.5,13471.5
3,501,gc,cpu,13471.5,13482
3,510,normalize,cpu,13482.6,13486.3
3,510,g_a_cpu,cpu,13486.3,13486.7
3,510,g_a,dpu,13486.7,13557
3,510,g_a,dpu,13557,13664.7
3,510,g_a_cpu,cpu,13664.7,13665.1
3,510,h_a,dpu,13665.1,13706.2
3,510,eb_enc,cpu,13706.2,13706.4
3,510,eb_dec,cpu,13706.4,13706.6
3,510,h_s,dpu,13706.6,13708.1
3,510,gc,cpu,13708.1,13722.7
3,519,normalize,cpu,13723.2,13726.9
3,519,g_a_cpu,cpu,13726.9,13727.3
3,519,g_a,dpu,13727.3,13795.2
3,519,g_a,dpu,13795.2,13902.9
3,519,g_a_cpu,cpu,13902.9,13903.4
3,519,h_a,dpu,13903.4,13940.7
3,519,eb_enc,cpu,13940.7,13940.8
3,519,eb_dec,cpu,13940.8,13941
3,519,h_s,dpu,13941,13943.2
3,519,gc,cpu,13943.2,13976
3,529,normalize,cpu,13976.5,13980.2
3,529,g_a_cpu,cpu,13980.2,13980.6
3,529,g_a,dpu,13980.6,14077.9
3,529,g_a,dpu,14077.9,14185.5
3,529,g_a_cpu,cpu,14185.5,14186
3,529,h_a,dpu,14186,14190.1
3,529,eb_enc,cpu,14190.1,14190.3
3,529,eb_dec,cpu,14190.3,14190.4
3,529,h_s,dpu,14190.4,14191.7
3,529,gc,cpu,14191.7,14207.7
3,533,normalize,cpu,14208.3,14211.9
3,533,g_a_cpu,cpu,14211.9,14212.4
3,533,g_a,dpu,14212.4,14351.1
3,533,g_a,dpu,14351.1,14387.3
3,533,g_a_cpu,cpu,14387.3,14387.8
3,533,h_a,dpu,14387.8,14426
3,533,eb_enc,cpu,14426,14426.1
3,533,eb_dec,cpu,14426.1,14426.2
3,533,h_s,dpu,14426.2,14428.6
3,533,gc,cpu,14428.6,14439.1
3,541,normalize,cpu,14439.7,14443.5
3,541,g_a_cpu,cpu,14443.5,14443.9
3,541,g_a,dpu,14443.9,14514.3
3,541,g_a,dpu,14514.3,14550.6
3,541,g_a_cpu,cpu,14550.6,14550.9
3,541,h_a,dpu,14550.9,14624
3,541,eb_enc,cpu,14624,14624.1
3,541,eb_dec,cpu,14624.1,14624.3
3,541,h_s,dpu,14624.3,14661.8
3,541,gc,cpu,14661.8,14671.9
3,549,normalize,cpu,14672.5,14676.3
3,549,g_a_cpu,cpu,14676.3,14677.1
3,549,g_a,dpu,14677.1,14713.8
3,549,g_a,dpu,14713.8,14821.5
3,549,g_a_cpu,cpu,14821.5,14822
3,549,h_a,dpu,14822,14894.3
3,549,eb_enc,cpu,14894.3,14894.5
3,549,eb_dec,cpu,14894.5,14894.6
3,549,h_s,dpu,14894.6,14896
3,549,gc,cpu,14896,14906
3,558,normalize,cpu,14906.6,14910.4
3,558,g_a_cpu,cpu,14910.4,14910.7
3,558,g_a,dpu,14910.7,14947.3
3,558,g_a,dpu,14947.3,15055.4
3,558,g_a_cpu,cpu,15055.4,15055.8
3,558,h_a,dpu,15055.8,15128.7
3,558,eb_enc,cpu,15128.7,15128.9
3,558,eb_dec,cpu,15128.9,15129
3,558,h_s,dpu,15129,15131.4
3,558,gc,cpu,15131.4,15141.6
3,567,normalize,cpu,15142.2,15146
3,567,g_a_cpu,cpu,15146,15146.5
3,567,g_a,dpu,15146.5,15183.1
3,567,g_a,dpu,15183.1,15291.2
3,567,g_a_cpu,cpu,15291.2,15291.7
3,567,h_a,dpu,15291.7,15364.5
3,567,eb_enc,cpu,15364.5,15364.6
3,567,eb_dec,cpu,15364.7,15364.8
3,567,h_s,dpu,15364.8,15367.3
3,567,gc,cpu,15367.3,15377.3
3,576,normalize,cpu,15378,15381.8
3,576,g_a_cpu,cpu,15381.8,15382.1
3,576,g_a,dpu,15382.1,15418.9
3,576,g_a,dpu,15418.9,15527.4
3,576,g_a_cpu,cpu,15527.4,15527.9
3,576,h_a,dpu,15527.9,15600.8
3,576,eb_enc,cpu,15600.8,15600.9
3,576,eb_dec,cpu,15600.9,15601
3,576,h_s,dpu,15601,15603.6
3,576,gc,cpu,15603.6,15613.5
3,585,normalize,cpu,15614.1,15617.8
3,585,g_a_cpu,cpu,15617.8,15618.2
3,585,g_a,dpu,15618.2,15654.8
3,585,g_a,dpu,15654.8,15762.9
3,585,g_a_cpu,cpu,15762.9,15763.3
3,585,h_a,dpu,15763.3,15836.1
3,585,eb_enc,cpu,15836.1,15836.3
3,585,eb_dec,cpu,15836.3,15836.4
3,585,h_s,dpu,15836.4,15838.9
3,585,gc,cpu,15838.9,15849
3,594,normalize,cpu,15849.7,15853.3
3,594,g_a_cpu,cpu,15853.3,15853.7
3,594,g_a,dpu,15853.7,15890.4
3,594,g_a,dpu,15890.4,15998.5
3,594,g_a_cpu,cpu,15998.5,15999
3,594,h_a,dpu,15999,16071.8
3,594,eb_enc,cpu,16071.8,16071.9
3,594,eb_dec,cpu,16071.9,16072
3,594,h_s,dpu,16072,16074.5
3,594,gc,cpu,16074.5,16084.4
3,603,normalize,cpu,16085,16088.6
3,603,g_a_cpu,cpu,16088.6,16089.1
3,603,g_a,dpu,16089.1,16125.7
3,603,g_a,dpu,16125.7,16233.9
3,603,g_a_cpu,cpu,16233.9,16234.4
3,603,h_a,dpu,16234.4,16307.2
3,603,eb_enc,cpu,16307.2,16307.3
3,603,eb_dec,cpu,16307.3,16307.5
3,603,h_s,dpu,16307.5,16309.9
3,603,gc,cpu,16309.9,16320.2
3,612,normalize,cpu,16320.7,16324.4
3,612,g_a_cpu,cpu,16324.4,16324.7
3,612,g_a,dpu,16324.8,16361.5
3,612,g_a,dpu,16361.5,16397.9
3,612,g_a_cpu,cpu,16397.9,16398.2
3,612,h_a,dpu,16398.2,16399.5
3,612,eb_enc,cpu,16399.5,16399.7
3,612,eb_dec,cpu,16399.7,16399.8
3,612,h_s,dpu,16399.8,16510
3,612,gc,cpu,16510,16519.8
3,622,normalize,cpu,16520.4,16524.1
3,622,g_a_cpu,cpu,16524.1,16524.6
3,622,g_a,dpu,16524.6,16593.5
3,622,g_a,dpu,16593.5,16666.2
3,622,g_a_cpu,cpu,16666.2,16666.7
3,622,h_a,dpu,16666.7,16703.7
3,622,eb_enc,cpu,16703.7,16703.8
3,622,eb_dec,cpu,16703.8,16704
3,622,h_s,dpu,16704,16705.7
3,622,gc,cpu,16705.7,16717
3,628,normalize,cpu,16717.7,16721.9
3,628,g_a_cpu,cpu,16722,16722.5
3,628,g_a,dpu,16722.5,16826.3
3,628,g_a,dpu,16826.3,16933.9
3,628,g_a_cpu,cpu,16933.9,16934.4
3,628,h_a,dpu,16934.4,16936.3
3,628,eb_enc,cpu,16936.3,16936.5
3,628,eb_dec,cpu,16936.5,16936.6
3,628,h_s,dpu,16936.6,16938.6
3,628,gc,cpu,16938.6,16948.5
3,638,normalize,cpu,16949.3,16953
3,638,g_a_cpu,cpu,16953,16953.8
3,638,g_a,dpu,16953.8,17063
3,638,g_a,dpu,17063,17099.4
3,638,g_a_cpu,cpu,17099.4,17099.9
3,638,h_a,dpu,17099.9,17172.1
3,638,eb_enc,cpu,17172.1,17172.2
3,638,eb_dec,cpu,17172.2,17172.3
3,638,h_s,dpu,17172.3,17173.7
3,638,gc,cpu,17173.7,17183.9
3,645,normalize,cpu,17184.5,17188.4
3,645,g_a_cpu,cpu,17188.4,17188.8
3,645,g_a,dpu,17188.8,17233.4
3,645,g_a,dpu,17233.4,17341.7
3,645,g_a_cpu,cpu,17341.7,17342.1
3,645,h_a,dpu,17342.1,17414.9
3,645,eb_enc,cpu,17414.9,17415.1
3,645,eb_dec,cpu,17415.1,17415.2
3,645,h_s,dpu,17415.2,17417.7
3,645,gc,cpu,17417.7,17427.8
3,654,normalize,cpu,17428.3,17432.1
3,654,g_a_cpu,cpu,17432.1,17432.4
3,654,g_a,dpu,17432.4,17469.2
3,654,g_a,dpu,17469.2,17577.6
3,654,g_a_cpu,cpu,17577.6,17578
3,654,h_a,dpu,17578,17650.9
3,654,eb_enc,cpu,17650.9,17651.1
3,654,eb_dec,cpu,17651.1,17651.2
3,654,h_s,dpu,17651.2,17653.7
3,654,gc,cpu,17653.7,17664.1
3,663,normalize,cpu,17664.8,17668.5
3,663,g_a_cpu,cpu,17668.5,17668.9
3,663,g_a,dpu,17668.9,17705.4
3,663,g_a,dpu,17705.4,17813.8
3,663,g_a_cpu,cpu,17813.8,17814.2
3,663,h_a,dpu,17814.2,17887.1
3,663,eb_enc,cpu,17887.1,17887.2
3,663,eb_dec,cpu,17887.2,17887.4
3,663,h_s,dpu,17887.4,17890.1
3,663,gc,cpu,17890.1,17903.1
3,674,normalize,cpu,17903.7,17907.3
3,674,g_a_cpu,cpu,17907.3,17907.7
3,674,g_a,dpu,17907.7,18014.1
3,674,g_a,dpu,18014.1,18121.7
3,674,g_a_cpu,cpu,18121.7,18122.2
3,674,h_a,dpu,18122.2,18124.2
3,674,eb_enc,cpu,18124.2,18124.3
3,674,eb_dec,cpu,18124.3,18124.4
3,674,h_s,dpu,18124.4,18126.7
3,674,gc,cpu,18126.7,18136.5
3,683,normalize,cpu,18137,18140.7
3,683,g_a_cpu,cpu,18140.7,18141.2
3,683,g_a,dpu,18141.2,18248.1
3,683,g_a,dpu,18248.1,18355.8
3,683,g_a_cpu,cpu,18355.8,18356.3
3,683,h_a,dpu,18356.3,18358.3
3,683,eb_enc,cpu,18358.3,18358.4
3,683,eb_dec,cpu,18358.4,18358.5
3,683,h_s,dpu,18358.5,18360.5
3,683,gc,cpu,18360.5,18370.3
3,692,normalize,cpu,18370.8,18374.5
3,692,g_a_cpu,cpu,18374.5,18375
3,692,g_a,dpu,18375,18482.5
3,692,g_a,dpu,18482.5,18593.7
3,692,g_a_cpu,cpu,18593.7,18594.2
3,692,h_a,dpu,18594.2,18598.1
3,692,eb_enc,cpu,18598.1,18598.2
3,692,eb_dec,cpu,18598.2,18598.3
3,692,h_s,dpu,18598.3,18599.2
3,692,gc,cpu,18599.2,18609.6
3,701,normalize,cpu,18610.3,18614
3,701,g_a_cpu,cpu,18614,18614.4
3,701,g_a,dpu,18614.4,18681.8
3,701,g_a,dpu,18681.8,18789.9
3,701,g_a_cpu,cpu,18789.9,18790.4
3,701,h_a,dpu,18790.4,18828.2
3,701,eb_enc,cpu,18828.2,18828.4
3,701,eb_dec,cpu,18828.4,18828.5
3,701,h_s,dpu,18828.5,18830.9
3,701,gc,cpu,18830.9,18841
3,710,normalize,cpu,18841.5,18845.4
3,710,g_a_cpu,cpu,18845.4,18846.1
3,710,g_a,dpu,18846.1,18917.6
3,710,g_a,dpu,18917.6,19025.9
3,710,g_a_cpu,cpu,19025.9,19026.4
3,710,h_a,dpu,19026.4,19064.1
3,710,eb_enc,cpu,19064.1,19064.3
3,710,eb_dec,cpu,19064.3,19064.4
3,710,h_s,dpu,19064.4,19066.8
3,710,gc,cpu,19066.8,19076.7
3,719,normalize,cpu,19077.2,19080.9
3,719,g_a_cpu,cpu,19080.9,19081.3
3,719,g_a,dpu,19081.3,19153.3
3,719,g_a,dpu,19153.3,19261.4
3,719,g_a_cpu,cpu,19261.4,19262
3,719,h_a,dpu,19262,19299.6
3,719,eb_enc,cpu,19299.6,19299.7
3,719,eb_dec,cpu,19299.7,19299.8
3,719,h_s,dpu,19299.8,19302.2
3,719,gc,cpu,19302.2,19312
3,728,normalize,cpu,19312.5,19316.3
3,728,g_a_cpu,cpu,19316.3,19316.7
3,728,g_a,dpu,19316.7,19388.8
3,728,g_a,dpu,19388.8,19496.6
3,728,g_a_cpu,cpu,19496.6,19497.3
3,728,h_a,dpu,19497.3,19534.9
3,728,eb_enc,cpu,19534.9,19535
3,728,eb_dec,cpu,19535,19535.1
3,728,h_s,dpu,19535.1,19536
3,728,gc,cpu,19536,19548.1
3,737,normalize,cpu,19548.6,19552.2
3,737,g_a_cpu,cpu,19552.2,19552.7
3,737,g_a,dpu,19552.7,19625.4
3,737,g_a,dpu,19625.4,19733.1
3,737,g_a_cpu,cpu,19733.1,19733.6
3,737,h_a,dpu,19733.6,19771.2
3,737,eb_enc,cpu,19771.2,19771.4
3,737,eb_dec,cpu,19771.4,19771.5
3,737,h_s,dpu,19771.5,19773.6
3,737,gc,cpu,19773.6,19783.8
3,746,normalize,cpu,19784.3,19788.1
3,746,g_a_cpu,cpu,19788.1,19788.5
3,746,g_a,dpu,19788.5,19860.3
3,746,g_a,dpu,19860.3,19968.5
3,746,g_a_cpu,cpu,19968.5,19968.9
3,746,h_a,dpu,19968.9,20008
3,746,eb_enc,cpu,20008,20008.2
3,746,eb_dec,cpu,20008.2,20008.4
3,746,h_s,dpu,20008.4,20011.8
3,746,gc,cpu,20011.8,20022.3
3,755,normalize,cpu,20023,20027.4
3,755,g_a_cpu,cpu,20027.4,20027.8
3,755,g_a,dpu,20027.8,20098.9
3,755,g_a,dpu,20098.9,20206.9
3,755,g_a_cpu,cpu,20206.9,20207.4
3,755,h_a,dpu,20207.4,20244.4
3,755,eb_enc,cpu,20244.4,20244.6
3,755,eb_dec,cpu,20244.6,20244.7
3,755,h_s,dpu,20244.7,20246.7
3,755,gc,cpu,20246.7,20256.9
3,764,normalize,cpu,20257.4,20261.2
3,764,g_a_cpu,cpu,20261.2,20261.6
3,764,g_a,dpu,20261.6,20333.3
3,764,g_a,dpu,20333.3,20441.1
3,764,g_a_cpu,cpu,20441.1,20441.6
3,764,h_a,dpu,20441.6,20478.9
3,764,eb_enc,cpu,20478.9,20479
3,764,eb_dec,cpu,20479,20479.1
3,764,h_s,dpu,20479.1,20481.2
3,764,gc,cpu,20481.2,20491.2
3,773,normalize,cpu,20491.7,20495.4
3,773,g_a_cpu,cpu,20495.4,20495.8
3,773,g_a,dpu,20495.8,20567.6
3,773,g_a,dpu,20567.6,20681.8
3,773,g_a_cpu,cpu,20681.8,20682.2
3,773,h_a,dpu,20682.2,20683.5
3,773,eb_enc,cpu,20683.5,20683.7
3,773,eb_dec,cpu,20683.7,20683.8
3,773,h_s,dpu,20683.8,20757
3,773,gc,cpu,20757,20766.9
3,782,normalize,cpu,20767.4,20771.1
3,782,g_a_cpu,cpu,20771.2,20771.5
3,782,g_a,dpu,20771.5,20836.1
3,782,g_a,dpu,20836.1,20909.2
3,782,g_a_cpu,cpu,20909.2,20909.7
3,782,h_a,dpu,20909.7,20951.3
3,782,eb_enc,cpu,20951.3,20951.4
3,782,eb_dec,cpu,20951.4,20951.5
3,782,h_s,dpu,20951.5,20952.9
3,782,gc,cpu,20952.9,20964
3,792,normalize,cpu,20964.6,20968.2
3,792,g_a_cpu,cpu,20968.2,20968.7
3,792,g_a,dpu,20968.7,21033.5
3,792,g_a,dpu,21033.5,21142
3,792,g_a_cpu,cpu,21142,21142.3
3,792,h_a,dpu,21142.3,21180.4
3,792,eb_enc,cpu,21180.4,21180.5
3,792,eb_dec,cpu,21180.5,21180.7
3,792,h_s,dpu,21180.7,21183.2
3,792,gc,cpu,21183.2,21193
3,800,normalize,cpu,21193.5,21198
3,800,g_a_cpu,cpu,21198,21198.4
3,800,g_a,dpu,21198.4,21270.2
3,800,g_a,dpu,21270.2,21377.8
3,800,g_a_cpu,cpu,21377.8,21378.3
3,800,h_a,dpu,21378.3,21416.1
3,800,eb_enc,cpu,21416.1,21416.2
3,800,eb_dec,cpu,21416.2,21416.3
3,800,h_s,dpu,21416.3,21418.7
3,800,gc,cpu,21418.7,21428.5
3,809,normalize,cpu,21429,21432.7
3,809,g_a_cpu,cpu,21432.7,21433.1
3,809,g_a,dpu,21433.1,21505
3,809,g_a,dpu,21505,21612.7
3,809,g_a_cpu,cpu,21612.7,21613.1
3,809,h_a,dpu,21613.1,21651
3,809,eb_enc,cpu,21651,21651.2
3,809,eb_dec,cpu,21651.2,21651.3
3,809,h_s,dpu,21651.3,21653.4
3,809,gc,cpu,21653.4,21663.3
3,818,normalize,cpu,21663.8,21667.5
3,818,g_a_cpu,cpu,21667.5,21668
3,818,g_a,dpu,21668,21739.8
3,818,g_a,dpu,21739.8,21847.6
3,818,g_a_cpu,cpu,21847.6,21848.1
3,818,h_a,dpu,21848.1,21886.2
3,818,eb_enc,cpu,21886.2,21886.3
3,818,eb_dec,cpu,21886.3,21886.4
3,818,h_s,dpu,21886.4,21888.6
3,818,gc,cpu,21888.6,21898.4
3,827,normalize,cpu,21898.9,21902.6
3,827,g_a_cpu,cpu,21902.6,21903
3,827,g_a,dpu,21903,21974.9
3,827,g_a,dpu,21974.9,22085.5
3,827,g_a_cpu,cpu,22085.5,22085.9
3,827,h_a,dpu,22085.9,22124.1
3,827,eb_enc,cpu,22124.2,22124.3
3,827,eb_dec,cpu,22124.3,22124.4
3,827,h_s,dpu,22124.4,22126.7
3,827,gc,cpu,22126.7,22136.6
3,836,normalize,cpu,22137,22140.7
3,836,g_a_cpu,cpu,22140.7,22141.1
3,836,g_a,dpu,22141.1,22213
3,836,g_a,dpu,22213,22321.5
3,836,g_a_cpu,cpu,22321.5,22322.1
3,836,h_a,dpu,22322.1,22362.4
3,836,eb_enc,cpu,22362.4,22362.7
3,836,eb_dec,cpu,22362.7,22362.8
3,836,h_s,dpu,22362.8,22364
3,836,gc,cpu,22364,22374.3
3,846,normalize,cpu,22374.8,22378.5
3,846,g_a_cpu,cpu,22378.5,22379
3,846,g_a,dpu,22379,22484.1
3,846,g_a,dpu,22484.1,22591.9
3,846,g_a_cpu,cpu,22591.9,22592.3
3,846,h_a,dpu,22592.3,22596.1
3,846,eb_enc,cpu,22596.1,22596.2
3,846,eb_dec,cpu,22596.2,22596.3
3,846,h_s,dpu,22596.3,22599
3,846,gc,cpu,22599,22608.8
3,855,normalize,cpu,22609.2,22613
3,855,g_a_cpu,cpu,22613,22613.5
3,855,g_a,dpu,22613.5,22685.2
3,855,g_a,dpu,22685.2,22794.4
3,855,g_a_cpu,cpu,22794.4,22795
3,855,h_a,dpu,22795,22833
3,855,eb_enc,cpu,22833,22833.2
3,855,eb_dec,cpu,22833.2,22833.4
3,855,h_s,dpu,22833.4,22835.9
3,855,gc,cpu,22835.9,22846.3
3,861,normalize,cpu,22846.8,22851.9
3,861,g_a_cpu,cpu,22851.9,22852.5
3,861,g_a,dpu,22852.5,22994.7
3,861,g_a,dpu,22994.8,23067.5
3,861,g_a_cpu,cpu,23067.5,23068.1
3,861,h_a,dpu,23068.1,23082.5
3,861,eb_enc,cpu,23082.5,23082.7
3,861,eb_dec,cpu,23082.7,23082.8
3,861,h_s,dpu,23082.8,23084.2
3,861,gc,cpu,23084.2,23094.4
3,873,normalize,cpu,23094.9,23098.7
3,873,g_a_cpu,cpu,23098.7,23099
3,873,g_a,dpu,23099,23192.2
3,873,g_a,dpu,23192.2,23300.2
3,873,g_a_cpu,cpu,23300.2,23300.8
3,873,h_a,dpu,23300.8,23321.3
3,873,eb_enc,cpu,23321.3,23321.5
3,873,eb_dec,cpu,23321.5,23321.6
3,873,h_s,dpu,23321.6,23322.9
3,873,gc,cpu,23322.9,23333
3,882,normalize,cpu,23333.4,23337
3,882,g_a_cpu,cpu,23337,23337.4
3,882,g_a,dpu,23337.4,23430.4
3,882,g_a,dpu,23430.4,23541.7
3,882,g_a_cpu,cpu,23541.7,23542.3
3,882,h_a,dpu,23542.3,23547
3,882,eb_enc,cpu,23547,23547.1
3,882,eb_dec,cpu,23547.1,23547.2
3,882,h_s,dpu,23547.2,23548.2
3,882,gc,cpu,23548.3,23560.1
3,889,normalize,cpu,23560.8,23564.5
3,889,g_a_cpu,cpu,23564.5,23564.9
3,889,g_a,dpu,23564.9,23669.7
3,889,g_a,dpu,23669.7,23777.5
3,889,g_a_cpu,cpu,23777.5,23778.1
3,889,h_a,dpu,23778.1,23791
3,889,eb_enc,cpu,23791,23791.2
3,889,eb_dec,cpu,23791.2,23791.3
3,889,h_s,dpu,23791.3,23792.6
3,889,gc,cpu,23792.6,23815.1
3,898,normalize,cpu,23815.7,23819.3
3,898,g_a_cpu,cpu,23819.3,23819.8
3,898,g_a,dpu,23819.8,23914.9
3,898,g_a,dpu,23914.9,24022.5
3,898,g_a_cpu,cpu,24022.5,24023.1
3,898,h_a,dpu,24023.1,24026
3,898,eb_enc,cpu,24026,24026.1
3,898,eb_dec,cpu,24026.1,24026.3
3,898,h_s,dpu,24026.3,24038.5
3,898,gc,cpu,24038.5,24048.7
3,906,normalize,cpu,24049.2,24052.9
3,906,g_a_cpu,cpu,24052.9,24053.3
3,906,g_a,dpu,24053.3,24151
3,906,g_a,dpu,24151,24260.2
3,906,g_a_cpu,cpu,24260.2,24260.7
3,906,h_a,dpu,24260.8,24263.6
3,906,eb_enc,cpu,24263.6,24263.8
3,906,eb_dec,cpu,24263.8,24263.9
3,906,h_s,dpu,24263.9,24278.3
3,906,gc,cpu,24278.3,24289
3,915,normalize,cpu,24289.8,24293.4
3,915,g_a_cpu,cpu,24293.4,24293.9
3,915,g_a,dpu,24293.9,24391.1
3,915,g_a,dpu,24391.1,24498.8
3,915,g_a_cpu,cpu,24498.8,24499.4
3,915,h_a,dpu,24499.4,24501.7
3,915,eb_enc,cpu,24501.7,24501.9
3,915,eb_dec,cpu,24501.9,24502
3,915,h_s,dpu,24502,24506.4
3,915,gc,cpu,24506.4,24528.2
3,924,normalize,cpu,24528.7,24532.5
3,924,g_a_cpu,cpu,24532.5,24532.8
3,924,g_a,dpu,24532.8,24626.8
3,924,g_a,dpu,24626.8,24735.1
3,924,g_a_cpu,cpu,24735.1,24735.6
3,924,h_a,dpu,24735.6,24738.9
3,924,eb_enc,cpu,24738.9,24739.1
3,924,eb_dec,cpu,24739.1,24739.2
3,924,h_s,dpu,24739.2,24751.4
3,924,gc,cpu,24751.4,24761.5
4,5,normalize,cpu,74.5199,78.2747
4,5,g_a_cpu,cpu,78.3809,78.7428
4,5,g_a,dpu,78.7514,153.359
4,5,g_a,dpu,153.365,261.535
4,5,g_a_cpu,cpu,261.539,262.016
4,5,h_a,dpu,262.03,300.321
4,5,eb_enc,cpu,300.322,300.486
4,5,eb_dec,cpu,300.487,300.613
4,5,h_s,dpu,300.614,305.661
4,5,gc,cpu,305.666,324.791
4,14,normalize,cpu,325.468,329.269
4,14,g_a_cpu,cpu,329.273,329.702
4,14,g_a,dpu,329.706,393.141
4,14,g_a,dpu,393.143,500.977
4,14,g_a_cpu,cpu,500.979,501.39
4,14,h_a,dpu,501.395,540.128
4,14,eb_enc,cpu,540.129,540.247
4,14,eb_dec,cpu,540.249,540.359
4,14,h_s,dpu,540.359,543.764
4,14,gc,cpu,543.765,553.693
4,21,normalize,cpu,554.631,558.323
4,21,g_a_cpu,cpu,558.327,558.726
4,21,g_a,dpu,558.729,637.121
4,21,g_a,dpu,637.122,745.474
4,21,g_a_cpu,cpu,745.475,745.878
4,21,h_a,dpu,745.879,786.429
4,21,eb_enc,cpu,786.43,786.57
4,21,eb_dec,cpu,786.57,786.683
4,21,h_s,dpu,786.684,789.617
4,21,gc,cpu,789.618,799.765
4,32,normalize,cpu,800.523,804.201
4,32,g_a_cpu,cpu,804.205,804.61
4,32,g_a,dpu,804.612,876.804
4,32,g_a,dpu,876.81,984.662
4,32,g_a_cpu,cpu,984.662,985.083
4,32,h_a,dpu,985.084,1023.71
4,32,eb_enc,cpu,1023.71,1023.85
4,32,eb_dec,cpu,1023.85,1023.96
4,32,h_s,dpu,1023.96,1025.04
4,32,gc,cpu,1025.04,1035.09
4,40,normalize,cpu,1035.78,1039.46
4,40,g_a_cpu,cpu,1039.46,1039.83
4,40,g_a,dpu,1039.84,1076.52
4,40,g_a,dpu,1076.52,1184.26
4,40,g_a_cpu,cpu,1184.26,1184.7
4,40,h_a,dpu,1184.7,1260.54
4,40,eb_enc,cpu,1260.54,1260.71
4,40,eb_dec,cpu,1260.71,1260.83
4,40,h_s,dpu,1260.83,1261.86
4,40,gc,cpu,1261.86,1272
4,50,normalize,cpu,1273.09,1277.92
4,50,g_a_cpu,cpu,1277.92,1278.33
4,50,g_a,dpu,1278.33,1314.79
4,50,g_a,dpu,1314.79,1422.51
4,50,g_a_cpu,cpu,1422.51,1422.95
4,50,h_a,dpu,1422.96,1500.92
4,50,eb_enc,cpu,1500.92,1501.12
4,50,eb_dec,cpu,1501.12,1501.28
4,50,h_s,dpu,1501.28,1504.73
4,50,gc,cpu,1504.73,1522.74
4,61,normalize,cpu,1523.23,1526.86
4,61,g_a_cpu,cpu,1526.86,1527.37
4,61,g_a,dpu,1527.37,1629.82
4,61,g_a,dpu,1629.82,1737.76
4,61,g_a_cpu,cpu,1737.77,1738.34
4,61,h_a,dpu,1738.36,1758.61
4,61,eb_enc,cpu,1758.61,1758.74
4,61,eb_dec,cpu,1758.74,1758.85
4,61,h_s,dpu,1758.85,1760.11
4,61,gc,cpu,1760.11,1770.11
4,70,normalize,cpu,1770.6,1774.24
4,70,g_a_cpu,cpu,1774.24,1774.66
4,70,g_a,dpu,1774.67,1867.94
4,70,g_a,dpu,1867.94,1982.96
4,70,g_a_cpu,cpu,1982.97,1983.54
4,70,h_a,dpu,1983.55,2059.79
4,70,eb_enc,cpu,2059.79,2059.93
4,70,eb_dec,cpu,2059.93,2060.04
4,70,h_s,dpu,2060.05,2061.34
4,70,gc,cpu,2061.34,2071.08
4,79,normalize,cpu,2071.62,2075.29
4,79,g_a_cpu,cpu,2075.29,2075.68
4,79,g_a,dpu,2075.68,2145.08
4,79,g_a,dpu,2145.08,2257.75
4,79,g_a_cpu,cpu,2257.75,2258.23
4,79,h_a,dpu,2258.23,2296.53
4,79,eb_enc,cpu,2296.53,2296.69
4,79,eb_dec,cpu,2296.69,2296.8
4,79,h_s,dpu,2296.8,2299.65
4,79,gc,cpu,2299.65,2309.66
4,87,normalize,cpu,2310.21,2313.95
4,87,g_a_cpu,cpu,2313.95,2314.44
4,87,g_a,dpu,2314.45,2386.74
4,87,g_a,dpu,2386.74,2495.29
4,87,g_a_cpu,cpu,2495.29,2495.8
4,87,h_a,dpu,2495.8,2533.68
4,87,eb_enc,cpu,2533.68,2533.81
4,87,eb_dec,cpu,2533.81,2533.92
4,87,h_s,dpu,2533.92,2538.22
4,87,gc,cpu,2538.22,2548.43
4,96,normalize,cpu,2549.02,2552.68
4,96,g_a_cpu,cpu,2552.68,2553.09
4,96,g_a,dpu,2553.1,2622.88
4,96,g_a,dpu,2622.89,2731.34
4,96,g_a_cpu,cpu,2731.35,2731.83
4,96,h_a,dpu,2731.83,2770.4
4,96,eb_enc,cpu,2770.4,2770.54
4,96,eb_dec,cpu,2770.54,2770.66
4,96,h_s,dpu,2770.66,2773.55
4,96,gc,cpu,2773.55,2783.72
4,105,normalize,cpu,2784.54,2788.2
4,105,g_a_cpu,cpu,2788.2,2788.68
4,105,g_a,dpu,2788.69,2860.33
4,105,g_a,dpu,2860.33,2968.74
4,105,g_a_cpu,cpu,2968.74,2969.09
4,105,h_a,dpu,2969.1,3007.38
4,105,eb_enc,cpu,3007.39,3007.51
4,105,eb_dec,cpu,3007.51,3007.63
4,105,h_s,dpu,3007.63,3010.18
4,105,gc,cpu,3010.18,3020.21
4,114,normalize,cpu,3020.62,3024.28
4,114,g_a_cpu,cpu,3024.28,3024.74
4,114,g_a,dpu,3024.75,3097.82
4,114,g_a,dpu,3097.82,3206.36
4,114,g_a_cpu,cpu,3206.37,3206.85
4,114,h_a,dpu,3206.85,3244.74
4,114,eb_enc,cpu,3244.74,3244.89
4,114,eb_dec,cpu,3244.89,3245
4,114,h_s,dpu,3245,3249.99
4,114,gc,cpu,3250,3259.93
4,122,normalize,cpu,3260.64,3265.26
4,122,g_a_cpu,cpu,3265.27,3265.72
4,122,g_a,dpu,3265.72,3408.78
4,122,g_a,dpu,3408.78,3445.2
4,122,g_a_cpu,cpu,3445.2,3445.65
4,122,h_a,dpu,3445.65,3487.25
4,122,eb_enc,cpu,3487.25,3487.38
4,122,eb_dec,cpu,3487.38,3487.5
4,122,h_s,dpu,3487.5,3488.52
4,122,gc,cpu,3488.52,3500.45
4,131,normalize,cpu,3501.06,3507.96
4,131,g_a_cpu,cpu,3507.97,3508.37
4,131,g_a,dpu,3508.37,3613.98
4,131,g_a,dpu,3613.99,3723.94
4,131,g_a_cpu,cpu,3723.94,3724.29
4,131,h_a,dpu,3724.29,3725.71
4,131,eb_enc,cpu,3725.71,3725.85
4,131,eb_dec,cpu,3725.85,3725.96
4,131,h_s,dpu,3725.96,3763.67
4,131,gc,cpu,3763.67,3773.97
4,142,normalize,cpu,3774.61,3778.29
4,142,g_a_cpu,cpu,3778.29,3778.72
4,142,g_a,dpu,3778.73,3838.16
4,142,g_a,dpu,3838.16,3911.35
4,142,g_a_cpu,cpu,3911.35,3911.76
4,142,h_a,dpu,3911.76,3950.31
4,142,eb_enc,cpu,3950.31,3950.44
4,142,eb_dec,cpu,3950.44,3950.56
4,142,h_s,dpu,3950.56,3952.68
4,142,gc,cpu,3952.68,3962.64
4,148,normalize,cpu,3963.4,3967.19
4,148,g_a_cpu,cpu,3967.2,3967.62
4,148,g_a,dpu,3967.63,4035.52
4,148,g_a,dpu,4035.52,4143.75
4,148,g_a_cpu,cpu,4143.75,4144.23
4,148,h_a,dpu,4144.23,4183.29
4,148,eb_enc,cpu,4183.29,4183.43
4,148,eb_dec,cpu,4183.43,4183.55
4,148,h_s,dpu,4183.55,4186.42
4,148,gc,cpu,4186.42,4196.68
4,157,normalize,cpu,4197.16,4200.95
4,157,g_a_cpu,cpu,4200.95,4201.79
4,157,g_a,dpu,4201.79,4346.25
4,157,g_a,dpu,4346.25,4419.92
4,157,g_a_cpu,cpu,4419.92,4420.34
4,157,h_a,dpu,4420.34,4423.22
4,157,eb_enc,cpu,4423.22,4423.38
4,157,eb_dec,cpu,4423.38,4423.52
4,157,h_s,dpu,4423.52,4426.19
4,157,gc,cpu,4426.19,4436.52
4,167,normalize,cpu,4437.02,4440.79
4,167,g_a_cpu,cpu,4440.8,4441.17
4,167,g_a,dpu,4441.17,4545.13
4,167,g_a,dpu,4545.13,4618.31
4,167,g_a_cpu,cpu,4618.31,4618.78
4,167,h_a,dpu,4618.78,4656.2
4,167,eb_enc,cpu,4656.2,4656.35
4,167,eb_dec,cpu,4656.35,4656.47
4,167,h_s,dpu,4656.47,4658.23
4,167,gc,cpu,4658.23,4668.2
4,175,normalize,cpu,4668.75,4672.41
4,175,g_a_cpu,cpu,4672.42,4672.78
4,175,g_a,dpu,4672.78,4743.69
4,175,g_a,dpu,4743.69,4889.98
4,175,g_a_cpu,cpu,4889.98,4890.33
4,175,h_a,dpu,4890.33,4891.77
4,175,eb_enc,cpu,4891.77,4891.9
4,175,eb_dec,cpu,4891.9,4892.02
4,175,h_s,dpu,4892.02,4898.26
4,175,gc,cpu,4898.26,4908.38
4,184,normalize,cpu,4909.11,4912.76
4,184,g_a_cpu,cpu,4912.77,4913.12
4,184,g_a,dpu,4913.12,4981.36
4,184,g_a,dpu,4981.36,5089.9
4,184,g_a_cpu,cpu,5089.9,5090.34
4,184,h_a,dpu,5090.34,5128.31
4,184,eb_enc,cpu,5128.31,5128.44
4,184,eb_dec,cpu,5128.44,5128.56
4,184,h_s,dpu,5128.56,5134.28
4,184,gc,cpu,5134.29,5144.17
4,193,normalize,cpu,5144.69,5148.34
4,193,g_a_cpu,cpu,5148.34,5148.7
4,193,g_a,dpu,5148.71,5217.82
4,193,g_a,dpu,5217.82,5325.68
4,193,g_a_cpu,cpu,5325.68,5326.11
4,193,h_a,dpu,5326.11,5363.75
4,193,eb_enc,cpu,5363.75,5363.88
4,193,eb_dec,cpu,5363.88,5364
4,193,h_s,dpu,5364,5366.52
4,193,gc,cpu,5366.52,5376.48
4,202,normalize,cpu,5376.98,5380.67
4,202,g_a_cpu,cpu,5380.67,5381.13
4,202,g_a,dpu,5381.14,5452.78
4,202,g_a,dpu,5452.78,5560.63
4,202,g_a_cpu,cpu,5560.63,5561.07
4,202,h_a,dpu,5561.08,5598.62
4,202,eb_enc,cpu,5598.62,5598.76
4,202,eb_dec,cpu,5598.76,5598.87
4,202,h_s,dpu,5598.87,5601.38
4,202,gc,cpu,5601.38,5611.53
4,212,normalize,cpu,5612.08,5615.76
4,212,g_a_cpu,cpu,5615.76,5616.17
4,212,g_a,dpu,5616.17,5688.13
4,212,g_a,dpu,5688.13,5796.17
4,212,g_a_cpu,cpu,5796.18,5796.63
4,212,h_a,dpu,5796.64,5834.31
4,212,eb_enc,cpu,5834.31,5834.46
4,212,eb_dec,cpu,5834.46,5834.57
4,212,h_s,dpu,5834.57,5837.01
4,212,gc,cpu,5837.01,5846.92
4,221,normalize,cpu,5847.41,5851.12
4,221,g_a_cpu,cpu,5851.12,5851.53
4,221,g_a,dpu,5851.53,5923.65
4,221,g_a,dpu,5923.65,6031.6
4,221,g_a_cpu,cpu,6031.6,6032.08
4,221,h_a,dpu,6032.08,6069.62
4,221,eb_enc,cpu,6069.62,6069.75
4,221,eb_dec,cpu,6069.75,6069.87
4,221,h_s,dpu,6069.87,6072.31
4,221,gc,cpu,6072.31,6082.39
4,230,normalize,cpu,6082.92,6090.5
4,230,g_a_cpu,cpu,6090.51,6090.95
4,230,g_a,dpu,6090.95,6195.15
4,230,g_a,dpu,6195.15,6302.92
4,230,g_a_cpu,cpu,6302.92,6303.29
4,230,h_a,dpu,6303.29,6304.76
4,230,eb_enc,cpu,6304.76,6304.89
4,230,eb_dec,cpu,6304.9,6305.02
4,230,h_s,dpu,6305.02,6310.18
4,230,gc,cpu,6310.18,6320.11
4,238,normalize,cpu,6320.6,6324.29
4,238,g_a_cpu,cpu,6324.29,6324.77
4,238,g_a,dpu,6324.77,6395.27
4,238,g_a,dpu,6395.27,6503.58
4,238,g_a_cpu,cpu,6503.58,6504.02
4,238,h_a,dpu,6504.02,6542.31
4,238,eb_enc,cpu,6542.31,6542.44
4,238,eb_dec,cpu,6542.44,6542.56
4,238,h_s,dpu,6542.56,6545.4
4,238,gc,cpu,6545.4,6555.83
4,247,normalize,cpu,6556.48,6560.14
4,247,g_a_cpu,cpu,6560.15,6560.8
4,247,g_a,dpu,6560.81,6632.05
4,247,g_a,dpu,6632.05,6740.35
4,247,g_a_cpu,cpu,6740.35,6740.8
4,247,h_a,dpu,6740.8,6779.1
4,247,eb_enc,cpu,6779.1,6779.23
4,247,eb_dec,cpu,6779.23,6779.34
4,247,h_s,dpu,6779.34,6782.16
4,247,gc,cpu,6782.16,6792.47
4,256,normalize,cpu,6793.02,6796.69
4,256,g_a_cpu,cpu,6796.7,6797.34
4,256,g_a,dpu,6797.35,6868.77
4,256,g_a,dpu,6868.77,6977.03
4,256,g_a_cpu,cpu,6977.03,6977.5
4,256,h_a,dpu,6977.5,7015.83
4,256,eb_enc,cpu,7015.84,7015.97
4,256,eb_dec,cpu,7015.97,7016.08
4,256,h_s,dpu,7016.08,7018.95
4,256,gc,cpu,7018.95,7028.9
4,265,normalize,cpu,7029.43,7033.07
4,265,g_a_cpu,cpu,7033.07,7033.49
4,265,g_a,dpu,7033.49,7105.54
4,265,g_a,dpu,7105.55,7213.9
4,265,g_a_cpu,cpu,7213.9,7214.35
4,265,h_a,dpu,7214.36,7252.66
4,265,eb_enc,cpu,7252.66,7252.79
4,265,eb_dec,cpu,7252.79,7252.91
4,265,h_s,dpu,7252.91,7257.87
4,265,gc,cpu,7257.87,7267.89
4,273,normalize,cpu,7268.45,7272.13
4,273,g_a_cpu,cpu,7272.13,7272.64
4,273,g_a,dpu,7272.64,7309.51
4,273,g_a,dpu,7309.51,7419.44
4,273,g_a_cpu,cpu,7419.44,7419.79
4,273,h_a,dpu,7419.79,7458.96
4,273,eb_enc,cpu,7458.96,7459.12
4,273,eb_dec,cpu,7459.12,7459.23
4,273,h_s,dpu,7459.24,7498.66
4,273,gc,cpu,7498.66,7508.46
4,282,normalize,cpu,7509.05,7512.78
4,282,g_a_cpu,cpu,7512.78,7513.44
4,282,g_a,dpu,7513.45,7550.19
4,282,g_a,dpu,7550.19,7658.3
4,282,g_a_cpu,cpu,7658.3,7658.69
4,282,h_a,dpu,7658.69,7732.34
4,282,eb_enc,cpu,7732.35,7732.47
4,282,eb_dec,cpu,7732.47,7732.58
4,282,h_s,dpu,7732.58,7735.64
4,282,gc,cpu,7735.64,7745.5
4,291,normalize,cpu,7746.15,7749.84
4,291,g_a_cpu,cpu,7749.85,7750.28
4,291,g_a,dpu,7750.29,7786.89
4,291,g_a,dpu,7786.89,7895.4
4,291,g_a_cpu,cpu,7895.4,7895.74
4,291,h_a,dpu,7895.74,7969.24
4,291,eb_enc,cpu,7969.24,7969.37
4,291,eb_dec,cpu,7969.37,7969.48
4,291,h_s,dpu,7969.48,7972.54
4,291,gc,cpu,7972.54,7982.42
4,302,normalize,cpu,7983.06,7986.87
4,302,g_a_cpu,cpu,7986.88,7988.09
4,302,g_a,dpu,7988.09,8024.57
4,302,g_a,dpu,8024.57,8133.08
4,302,g_a_cpu,cpu,8133.08,8133.53
4,302,h_a,dpu,8133.53,8206.03
4,302,eb_enc,cpu,8206.03,8206.17
4,302,eb_dec,cpu,8206.17,8206.29
4,302,h_s,dpu,8206.29,8208.99
4,302,gc,cpu,8208.99,8218.96
4,311,normalize,cpu,8219.58,8223.33
4,311,g_a_cpu,cpu,8223.33,8223.7
4,311,g_a,dpu,8223.71,8260.35
4,311,g_a,dpu,8260.36,8368.18
4,311,g_a_cpu,cpu,8368.18,8368.6
4,311,h_a,dpu,8368.6,8441.56
4,311,eb_enc,cpu,8441.56,8441.75
4,311,eb_dec,cpu,8441.75,8441.88
4,311,h_s,dpu,8441.88,8445.34
4,311,gc,cpu,8445.34,8455.33
4,320,normalize,cpu,8455.92,8459.72
4,320,g_a_cpu,cpu,8459.72,8460.08
4,320,g_a,dpu,8460.08,8496.66
4,320,g_a,dpu,8496.66,8604.48
4,320,g_a_cpu,cpu,8604.49,8604.9
4,320,h_a,dpu,8604.91,8677.63
4,320,eb_enc,cpu,8677.63,8677.78
4,320,eb_dec,cpu,8677.78,8677.9
4,320,h_s,dpu,8677.9,8694.57
4,320,gc,cpu,8694.57,8704.48
4,331,normalize,cpu,8704.9,8708.54
4,331,g_a_cpu,cpu,8708.55,8708.84
4,331,g_a,dpu,8708.84,8807.72
4,331,g_a,dpu,8807.72,8917.46
4,331,g_a_cpu,cpu,8917.46,8918.09
4,331,h_a,dpu,8918.09,8931.9
4,331,eb_enc,cpu,8931.9,8932.03
4,331,eb_dec,cpu,8932.03,8932.16
4,331,h_s,dpu,8932.16,8933.29
4,331,gc,cpu,8933.29,8943.57
4,338,normalize,cpu,8944.09,8947.74
4,338,g_a_cpu,cpu,8947.74,8948.12
4,338,g_a,dpu,8948.12,9014.65
4,338,g_a,dpu,9014.65,9122.41
4,338,g_a_cpu,cpu,9122.41,9122.85
4,338,h_a,dpu,9122.85,9161.17
4,338,eb_enc,cpu,9161.17,9161.33
4,338,eb_dec,cpu,9161.33,9161.44
4,338,h_s,dpu,9161.44,9162.55
4,338,gc,cpu,9162.55,9172.77
4,346,normalize,cpu,9173.95,9180.61
4,346,g_a_cpu,cpu,9180.61,9180.96
4,346,g_a,dpu,9180.97,9217.79
4,346,g_a,dpu,9217.79,9399.37
4,346,g_a_cpu,cpu,9399.37,9399.76
4,346,h_a,dpu,9399.76,9401.29
4,346,eb_enc,cpu,9401.29,9401.43
4,346,eb_dec,cpu,9401.43,9401.54
4,346,h_s,dpu,9401.54,9411.01
4,346,gc,cpu,9411.01,9420.82
4,354,normalize,cpu,9421.8,9425.46
4,354,g_a_cpu,cpu,9425.47,9425.85
4,354,g_a,dpu,9425.86,9462.54
4,354,g_a,dpu,9462.54,9501.53
4,354,g_a_cpu,cpu,9501.54,9502.02
4,354,h_a,dpu,9502.02,9659.91
4,354,eb_enc,cpu,9659.91,9660.05
4,354,eb_dec,cpu,9660.05,9660.18
4,354,h_s,dpu,9660.18,9661.87
4,354,gc,cpu,9661.87,9671.74
4,366,normalize,cpu,9672.19,9675.86
4,366,g_a_cpu,cpu,9675.87,9676.23
4,366,g_a,dpu,9676.23,9778.46
4,366,g_a,dpu,9778.46,9886.24
4,366,g_a_cpu,cpu,9886.24,9886.7
4,366,h_a,dpu,9886.7,9889.84
4,366,eb_enc,cpu,9889.84,9889.98
4,366,eb_dec,cpu,9889.98,9890.1
4,366,h_s,dpu,9890.1,9892.8
4,366,gc,cpu,9892.8,9903.15
4,371,normalize,cpu,9903.69,9907.37
4,371,g_a_cpu,cpu,9907.37,9907.85
4,371,g_a,dpu,9907.86,9978.98
4,371,g_a,dpu,9978.98,10015.4
4,371,g_a_cpu,cpu,10015.4,10015.9
4,371,h_a,dpu,10015.9,10125.9
4,371,eb_enc,cpu,10125.9,10126
4,371,eb_dec,cpu,10126,10126.1
4,371,h_s,dpu,10126.1,10129.3
4,371,gc,cpu,10129.3,10139.2
4,380,normalize,cpu,10139.8,10143.4
4,380,g_a_cpu,cpu,10143.4,10143.9
4,380,g_a,dpu,10143.9,10215.9
4,380,g_a,dpu,10215.9,10324
4,380,g_a_cpu,cpu,10324,10324.5
4,380,h_a,dpu,10324.5,10363.4
4,380,eb_enc,cpu,10363.4,10363.5
4,380,eb_dec,cpu,10363.5,10363.6
4,380,h_s,dpu,10363.6,10366.4
4,380,gc,cpu,10366.4,10376.4
4,389,normalize,cpu,10376.8,10380.5
4,389,g_a_cpu,cpu,10380.5,10381.4
4,389,g_a,dpu,10381.4,10452.9
4,389,g_a,dpu,10452.9,10489.3
4,389,g_a_cpu,cpu,10489.3,10489.7
4,389,h_a,dpu,10489.7,10562.1
4,389,eb_enc,cpu,10562.1,10562.2
4,389,eb_dec,cpu,10562.2,10562.4
4,389,h_s,dpu,10562.4,10600
4,389,gc,cpu,10600,10610
4,397,normalize,cpu,10610.6,10615.4
4,397,g_a_cpu,cpu,10615.4,10615.9
4,397,g_a,dpu,10615.9,10689
4,397,g_a,dpu,10689,10797.4
4,397,g_a_cpu,cpu,10797.4,10798
4,397,h_a,dpu,10798,10835.6
4,397,eb_enc,cpu,10835.6,10835.7
4,397,eb_dec,cpu,10835.7,10835.9
4,397,h_s,dpu,10835.9,10838.3
4,397,gc,cpu,10838.3,10848.4
4,408,normalize,cpu,10848.9,10852.6
4,408,g_a_cpu,cpu,10852.6,10853.1
4,408,g_a,dpu,10853.1,10924.4
4,408,g_a,dpu,10924.4,11032.7
4,408,g_a_cpu,cpu,11032.8,11033.3
4,408,h_a,dpu,11033.3,11071.2
4,408,eb_enc,cpu,11071.2,11071.3
4,408,eb_dec,cpu,11071.3,11071.4
4,408,h_s,dpu,11071.4,11074.1
4,408,gc,cpu,11074.1,11084.2
4,417,normalize,cpu,11084.7,11088.3
4,417,g_a_cpu,cpu,11088.3,11089.1
4,417,g_a,dpu,11089.1,11161.4
4,417,g_a,dpu,11161.4,11273.3
4,417,g_a_cpu,cpu,11273.3,11273.8
4,417,h_a,dpu,11273.8,11311.8
4,417,eb_enc,cpu,11311.8,11312
4,417,eb_dec,cpu,11312,11312.1
4,417,h_s,dpu,11312.1,11314.9
4,417,gc,cpu,11314.9,11325.1
4,426,normalize,cpu,11325.6,11329.2
4,426,g_a_cpu,cpu,11329.2,11329.7
4,426,g_a,dpu,11329.7,11401.1
4,426,g_a,dpu,11401.1,11508.9
4,426,g_a_cpu,cpu,11508.9,11509.4
4,426,h_a,dpu,11509.4,11547.5
4,426,eb_enc,cpu,11547.5,11547.6
4,426,eb_dec,cpu,11547.6,11547.7
4,426,h_s,dpu,11547.7,11550.3
4,426,gc,cpu,11550.3,11560.1
4,435,normalize,cpu,11560.6,11565
4,435,g_a_cpu,cpu,11565,11565.7
4,435,g_a,dpu,11565.7,11636.9
4,435,g_a,dpu,11636.9,11744.9
4,435,g_a_cpu,cpu,11744.9,11745.3
4,435,h_a,dpu,11745.3,11783.3
4,435,eb_enc,cpu,11783.3,11783.5
4,435,eb_dec,cpu,11783.5,11783.6
4,435,h_s,dpu,11783.6,11786.1
4,435,gc,cpu,11786.1,11796
4,444,normalize,cpu,11796.4,11800.1
4,444,g_a_cpu,cpu,11800.1,11800.5
4,444,g_a,dpu,11800.5,11873.1
4,444,g_a,dpu,11873.1,11985.1
4,444,g_a_cpu,cpu,11985.1,11985.5
4,444,h_a,dpu,11985.5,12023.1
4,444,eb_enc,cpu,12023.1,12023.2
4,444,eb_dec,cpu,12023.2,12023.4
4,444,h_s,dpu,12023.4,12025.8
4,444,gc,cpu,12025.8,12035.6
4,453,normalize,cpu,12036.1,12039.7
4,453,g_a_cpu,cpu,12039.7,12040.2
4,453,g_a,dpu,12040.2,12112.6
4,453,g_a,dpu,12112.6,12220.3
4,453,g_a_cpu,cpu,12220.3,12220.8
4,453,h_a,dpu,12220.8,12258.5
4,453,eb_enc,cpu,12258.5,12258.6
4,453,eb_dec,cpu,12258.6,12258.7
4,453,h_s,dpu,12258.7,12261.2
4,453,gc,cpu,12261.2,12271.4
4,463,normalize,cpu,12272.1,12275.8
4,463,g_a_cpu,cpu,12275.8,12276.5
4,463,g_a,dpu,12276.5,12348.7
4,463,g_a,dpu,12348.8,12456.9
4,463,g_a_cpu,cpu,12456.9,12457.4
4,463,h_a,dpu,12457.4,12495.3
4,463,eb_enc,cpu,12495.3,12495.5
4,463,eb_dec,cpu,12495.5,12495.6
4,463,h_s,dpu,12495.6,12502.2
4,463,gc,cpu,12502.2,12512
4,472,normalize,cpu,12512.7,12516.4
4,472,g_a_cpu,cpu,12516.4,12516.7
4,472,g_a,dpu,12516.7,12584.7
4,472,g_a,dpu,12584.7,12692.4
4,472,g_a_cpu,cpu,12692.4,12692.9
4,472,h_a,dpu,12692.9,12730.5
4,472,eb_enc,cpu,12730.5,12730.7
4,472,eb_dec,cpu,12730.7,12730.8
4,472,h_s,dpu,12730.8,12733.2
4,472,gc,cpu,12733.2,12743.1
4,481,normalize,cpu,12743.6,12747.2
4,481,g_a_cpu,cpu,12747.2,12747.7
4,481,g_a,dpu,12747.7,12820
4,481,g_a,dpu,12820,12927.7
4,481,g_a_cpu,cpu,12927.7,12928.1
4,481,h_a,dpu,12928.1,12966.9
4,481,eb_enc,cpu,12966.9,12967.1
4,481,eb_dec,cpu,12967.1,12967.2
4,481,h_s,dpu,12967.2,12969.9
4,481,gc,cpu,12969.9,12980.3
4,491,normalize,cpu,12980.9,12984.6
4,491,g_a_cpu,cpu,12984.6,12985
4,491,g_a,dpu,12985,13057.7
4,491,g_a,dpu,13057.7,13165.9
4,491,g_a_cpu,cpu,13165.9,13166.4
4,491,h_a,dpu,13166.4,13210.8
4,491,eb_enc,cpu,13210.8,13211
4,491,eb_dec,cpu,13211,13211.1
4,491,h_s,dpu,13211.1,13214.9
4,491,gc,cpu,13214.9,13224.9
4,498,normalize,cpu,13225.5,13229.8
4,498,g_a_cpu,cpu,13229.8,13230.6
4,498,g_a,dpu,13230.6,13277.6
4,498,g_a,dpu,13277.6,13385.3
4,498,g_a_cpu,cpu,13385.3,13385.8
4,498,h_a,dpu,13385.8,13458.6
4,498,eb_enc,cpu,13458.6,13458.8
4,498,eb_dec,cpu,13458.8,13458.9
4,498,h_s,dpu,13458.9,13463.6
4,498,gc,cpu,13463.6,13473.8
4,507,normalize,cpu,13474.7,13478.3
4,507,g_a_cpu,cpu,13478.4,13478.8
4,507,g_a,dpu,13478.8,13515.4
4,507,g_a,dpu,13515.4,13623.1
4,507,g_a_cpu,cpu,13623.1,13623.7
4,507,h_a,dpu,13623.7,13700
4,507,eb_enc,cpu,13700,13700.2
4,507,eb_dec,cpu,13700.2,13700.3
4,507,h_s,dpu,13700.3,13702.3
4,507,gc,cpu,13702.3,13713
4,516,normalize,cpu,13714.2,13725.5
4,516,g_a_cpu,cpu,13725.5,13726
4,516,g_a,dpu,13726,13798.5
4,516,g_a,dpu,13798.5,13906.7
4,516,g_a_cpu,cpu,13906.7,13907
4,516,h_a,dpu,13907,13948.1
4,516,eb_enc,cpu,13948.1,13948.3
4,516,eb_dec,cpu,13948.3,13948.4
4,516,h_s,dpu,13948.4,13949.5
4,516,gc,cpu,13949.5,13962.6
4,525,normalize,cpu,13967.5,13981.3
4,525,g_a_cpu,cpu,13981.3,13981.7
4,525,g_a,dpu,13981.7,14119.1
4,525,g_a,dpu,14119.1,14195.1
4,525,g_a_cpu,cpu,14195.1,14195.8
4,525,h_a,dpu,14195.8,14201.6
4,525,eb_enc,cpu,14201.6,14201.8
4,525,eb_dec,cpu,14201.8,14201.9
4,525,h_s,dpu,14201.9,14203.1
4,525,gc,cpu,14203.1,14212.9
4,535,normalize,cpu,14213.7,14217.9
4,535,g_a_cpu,cpu,14217.9,14218.3
4,535,g_a,dpu,14218.3,14355.9
4,535,g_a,dpu,14355.9,14392.2
4,535,g_a_cpu,cpu,14392.2,14392.7
4,535,h_a,dpu,14392.7,14433.6
4,535,eb_enc,cpu,14433.6,14433.8
4,535,eb_dec,cpu,14433.8,14433.9
4,535,h_s,dpu,14433.9,14435.8
4,535,gc,cpu,14435.8,14445.7
4,542,normalize,cpu,14446.4,14451.2
4,542,g_a_cpu,cpu,14451.2,14451.9
4,542,g_a,dpu,14451.9,14488.4
4,542,g_a,dpu,14488.4,14596.2
4,542,g_a_cpu,cpu,14596.2,14596.6
4,542,h_a,dpu,14596.6,14679
4,542,eb_enc,cpu,14679,14679.1
4,542,eb_dec,cpu,14679.1,14679.2
4,542,h_s,dpu,14679.2,14680.3
4,542,gc,cpu,14680.3,14690.6
4,552,normalize,cpu,14691.2,14696.1
4,552,g_a_cpu,cpu,14696.1,14696.6
4,552,g_a,dpu,14696.6,14768.9
4,552,g_a,dpu,14768.9,14876.7
4,552,g_a_cpu,cpu,14876.7,14877.1
4,552,h_a,dpu,14877.1,14916.1
4,552,eb_enc,cpu,14916.1,14916.2
4,552,eb_dec,cpu,14916.2,14916.3
4,552,h_s,dpu,14916.3,14919.2
4,552,gc,cpu,14919.2,14929.3
4,562,normalize,cpu,14929.8,14933.5
4,562,g_a_cpu,cpu,14933.5,14934
4,562,g_a,dpu,14934,15005.7
4,562,g_a,dpu,15005.7,15113.5
4,562,g_a_cpu,cpu,15113.5,15113.9
4,562,h_a,dpu,15113.9,15152.3
4,562,eb_enc,cpu,15152.3,15152.4
4,562,eb_dec,cpu,15152.4,15152.5
4,562,h_s,dpu,15152.5,15155.4
4,562,gc,cpu,15155.4,15165.1
4,571,normalize,cpu,15165.6,15169.3
4,571,g_a_cpu,cpu,15169.3,15169.8
4,571,g_a,dpu,15169.8,15241.7
4,571,g_a,dpu,15241.7,15349.6
4,571,g_a_cpu,cpu,15349.6,15350.1
4,571,h_a,dpu,15350.1,15388.9
4,571,eb_enc,cpu,15388.9,15389.1
4,571,eb_dec,cpu,15389.1,15389.2
4,571,h_s,dpu,15389.2,15394.2
4,571,gc,cpu,15394.2,15403.9
4,580,normalize,cpu,15404.4,15408.2
4,580,g_a_cpu,cpu,15408.2,15408.6
4,580,g_a,dpu,15408.6,15479
4,580,g_a,dpu,15479,15587.3
4,580,g_a_cpu,cpu,15587.3,15587.7
4,580,h_a,dpu,15587.7,15626.4
4,580,eb_enc,cpu,15626.4,15626.5
4,580,eb_dec,cpu,15626.5,15626.6
4,580,h_s,dpu,15626.6,15629.4
4,580,gc,cpu,15629.4,15639.6
4,589,normalize,cpu,15640.1,15643.8
4,589,g_a_cpu,cpu,15643.8,15644.4
4,589,g_a,dpu,15644.4,15715.8
4,589,g_a,dpu,15715.8,15824
4,589,g_a_cpu,cpu,15824,15824.5
4,589,h_a,dpu,15824.5,15862.8
4,589,eb_enc,cpu,15862.8,15862.9
4,589,eb_dec,cpu,15862.9,15863
4,589,h_s,dpu,15863,15866.3
4,589,gc,cpu,15866.3,15876.1
4,598,normalize,cpu,15876.6,15880.3
4,598,g_a_cpu,cpu,15880.3,15880.9
4,598,g_a,dpu,15880.9,16026.4
4,598,g_a,dpu,16026.4,16062.7
4,598,g_a_cpu,cpu,16062.7,16063.2
4,598,h_a,dpu,16063.2,16106.9
4,598,eb_enc,cpu,16106.9,16107
4,598,eb_dec,cpu,16107,16107.2
4,598,h_s,dpu,16107.2,16108.2
4,598,gc,cpu,16108.2,16118.1
4,608,normalize,cpu,16118.7,16122.3
4,608,g_a_cpu,cpu,16122.3,16122.6
4,608,g_a,dpu,16122.6,16230
4,608,g_a,dpu,16230,16338.3
4,608,g_a_cpu,cpu,16338.3,16338.7
4,608,h_a,dpu,16338.7,16350.4
4,608,eb_enc,cpu,16350.4,16350.6
4,608,eb_dec,cpu,16350.6,16350.7
4,608,h_s,dpu,16350.7,16353.1
4,608,gc,cpu,16353.1,16364.1
4,617,normalize,cpu,16364.7,16368.3
4,617,g_a_cpu,cpu,16368.3,16368.8
4,617,g_a,dpu,16368.8,16432.4
4,617,g_a,dpu,16432.4,16540.3
4,617,g_a_cpu,cpu,16540.3,16540.7
4,617,h_a,dpu,16540.7,16578.4
4,617,eb_enc,cpu,16578.4,16578.5
4,617,eb_dec,cpu,16578.5,16578.6
4,617,h_s,dpu,16578.6,16581.2
4,617,gc,cpu,16581.2,16591.4
4,625,normalize,cpu,16591.9,16595.7
4,625,g_a_cpu,cpu,16595.7,16596.1
4,625,g_a,dpu,16596.1,16668
4,625,g_a,dpu,16668,16776.2
4,625,g_a_cpu,cpu,16776.2,16776.7
4,625,h_a,dpu,16776.7,16815.1
4,625,eb_enc,cpu,16815.1,16815.2
4,625,eb_dec,cpu,16815.2,16815.3
4,625,h_s,dpu,16815.3,16818.2
4,625,gc,cpu,16818.2,16828.2
4,634,normalize,cpu,16828.8,16832.5
4,634,g_a_cpu,cpu,16832.5,16832.9
4,634,g_a,dpu,16832.9,16905.4
4,634,g_a,dpu,16905.4,17015.2
4,634,g_a_cpu,cpu,17015.2,17015.9
4,634,h_a,dpu,17015.9,17054.5
4,634,eb_enc,cpu,17054.5,17054.6
4,634,eb_dec,cpu,17054.6,17054.7
4,634,h_s,dpu,17054.7,17058.2
4,634,gc,cpu,17058.2,17068.4
4,643,normalize,cpu,17068.9,17072.6
4,643,g_a_cpu,cpu,17072.6,17073
4,643,g_a,dpu,17073,17143.8
4,643,g_a,dpu,17143.8,17252.4
4,643,g_a_cpu,cpu,17252.4,17252.9
4,643,h_a,dpu,17252.9,17291.6
4,643,eb_enc,cpu,17291.6,17291.7
4,643,eb_dec,cpu,17291.7,17291.8
4,643,h_s,dpu,17291.8,17298.2
4,643,gc,cpu,17298.2,17308.1
4,652,normalize,cpu,17308.6,17312.3
4,652,g_a_cpu,cpu,17312.3,17312.7
4,652,g_a,dpu,17312.7,17382.1
4,652,g_a,dpu,17382.1,17490.3
4,652,g_a_cpu,cpu,17490.3,17490.8
4,652,h_a,dpu,17490.8,17528.4
4,652,eb_enc,cpu,17528.4,17528.5
4,652,eb_dec,cpu,17528.5,17528.6
4,652,h_s,dpu,17528.6,17531.3
4,652,gc,cpu,17531.3,17541.1
4,661,normalize,cpu,17541.6,17545.3
4,661,g_a_cpu,cpu,17545.3,17545.7
4,661,g_a,dpu,17545.7,17582.3
4,661,g_a,dpu,17582.3,17690.3
4,661,g_a_cpu,cpu,17690.3,17690.8
4,661,h_a,dpu,17690.8,17763.4
4,661,eb_enc,cpu,17763.4,17763.5
4,661,eb_dec,cpu,17763.5,17763.6
4,661,h_s,dpu,17763.6,17766.3
4,661,gc,cpu,17766.3,17776.6
4,669,normalize,cpu,17777.1,17780.8
4,669,g_a_cpu,cpu,17780.8,17781.2
4,669,g_a,dpu,17781.3,17817.8
4,669,g_a,dpu,17817.8,17925.8
4,669,g_a_cpu,cpu,17925.8,17926.2
4,669,h_a,dpu,17926.2,17998.9
4,669,eb_enc,cpu,17998.9,17999
4,669,eb_dec,cpu,17999,17999.2
4,669,h_s,dpu,17999.2,18002
4,669,gc,cpu,18002,18011.9
4,678,normalize,cpu,18012.4,18016.2
4,678,g_a_cpu,cpu,18016.2,18016.6
4,678,g_a,dpu,18016.6,18053.1
4,678,g_a,dpu,18053.1,18161.4
4,678,g_a_cpu,cpu,18161.4,18161.8
4,678,h_a,dpu,18161.8,18163.3
4,678,eb_enc,cpu,18163.3,18163.4
4,678,eb_dec,cpu,18163.4,18163.6
4,678,h_s,dpu,18163.6,18239.2
4,678,gc,cpu,18239.2,18250.1
4,687,normalize,cpu,18250.6,18254.3
4,687,g_a_cpu,cpu,18254.3,18254.9
4,687,g_a,dpu,18254.9,18291.4
4,687,g_a,dpu,18291.4,18477.5
4,687,g_a_cpu,cpu,18477.5,18477.9
4,687,h_a,dpu,18477.9,18479.5
4,687,eb_enc,cpu,18479.5,18479.7
4,687,eb_dec,cpu,18479.7,18479.8
4,687,h_s,dpu,18479.8,18558.4
4,687,gc,cpu,18558.4,18568.2
4,699,normalize,cpu,18568.7,18572.4
4,699,g_a_cpu,cpu,18572.4,18572.7
4,699,g_a,dpu,18572.8,18682.7
4,699,g_a,dpu,18682.7,18756.1
4,699,g_a_cpu,cpu,18756.1,18756.5
4,699,h_a,dpu,18756.5,18794.8
4,699,eb_enc,cpu,18794.8,18795
4,699,eb_dec,cpu,18795,18795.1
4,699,h_s,dpu,18795.1,18797.1
4,699,gc,cpu,18797.1,18807.4
4,707,normalize,cpu,18807.9,18811.6
4,707,g_a_cpu,cpu,18811.6,18812
4,707,g_a,dpu,18812,18881.1
4,707,g_a,dpu,18881.1,18988.9
4,707,g_a_cpu,cpu,18988.9,18989.4
4,707,h_a,dpu,18989.4,19034.5
4,707,eb_enc,cpu,19034.5,19034.7
4,707,eb_dec,cpu,19034.7,19034.8
4,707,h_s,dpu,19034.8,19035.9
4,707,gc,cpu,19035.9,19045.8
4,717,normalize,cpu,19046.3,19049.9
4,717,g_a_cpu,cpu,19049.9,19050.3
4,717,g_a,dpu,19050.3,19150.4
4,717,g_a,dpu,19150.4,19258.9
4,717,g_a_cpu,cpu,19258.9,19259.2
4,717,h_a,dpu,19259.2,19263.1
4,717,eb_enc,cpu,19263.1,19263.2
4,717,eb_dec,cpu,19263.2,19263.3
4,717,h_s,dpu,19263.3,19265.9
4,717,gc,cpu,19265.9,19275.7
4,726,normalize,cpu,19276.1,19279.8
4,726,g_a_cpu,cpu,19279.8,19280.2
4,726,g_a,dpu,19280.3,19387.4
4,726,g_a,dpu,19387.4,19495.7
4,726,g_a_cpu,cpu,19495.7,19496
4,726,h_a,dpu,19496,19499.9
4,726,eb_enc,cpu,19499.9,19500.1
4,726,eb_dec,cpu,19500.1,19500.2
4,726,h_s,dpu,19500.2,19502.9
4,726,gc,cpu,19502.9,19513.2
4,735,normalize,cpu,19513.7,19517.4
4,735,g_a_cpu,cpu,19517.4,19517.9
4,735,g_a,dpu,19517.9,19625.6
4,735,g_a,dpu,19625.6,19734.1
4,735,g_a_cpu,cpu,19734.1,19734.4
4,735,h_a,dpu,19734.4,19737.9
4,735,eb_enc,cpu,19737.9,19738
4,735,eb_dec,cpu,19738,19738.1
4,735,h_s,dpu,19738.1,19740.8
4,735,gc,cpu,19740.8,19750.5
4,743,normalize,cpu,19751,19754.7
4,743,g_a_cpu,cpu,19754.7,19755.2
4,743,g_a,dpu,19755.2,19826.5
4,743,g_a,dpu,19826.5,19934.3
4,743,g_a_cpu,cpu,19934.3,19934.7
4,743,h_a,dpu,19934.7,19972.4
4,743,eb_enc,cpu,19972.4,19972.5
4,743,eb_dec,cpu,19972.5,19972.6
4,743,h_s,dpu,19972.6,19975.1
4,743,gc,cpu,19975.1,19985.5
4,752,normalize,cpu,19985.9,19989.6
4,752,g_a_cpu,cpu,19989.6,19990.4
4,752,g_a,dpu,19990.4,20062.3
4,752,g_a,dpu,20062.3,20171.2
4,752,g_a_cpu,cpu,20171.2,20171.7
4,752,h_a,dpu,20171.7,20210.9
4,752,eb_enc,cpu,20210.9,20211
4,752,eb_dec,cpu,20211,20211.1
4,752,h_s,dpu,20211.1,20213.9
4,752,gc,cpu,20213.9,20224.2
4,761,normalize,cpu,20224.7,20228.4
4,761,g_a_cpu,cpu,20228.4,20228.8
4,761,g_a,dpu,20228.9,20300.8
4,761,g_a,dpu,20300.8,20409.4
4,761,g_a_cpu,cpu,20409.4,20409.8
4,761,h_a,dpu,20409.8,20448.1
4,761,eb_enc,cpu,20448.1,20448.3
4,761,eb_dec,cpu,20448.3,20448.4
4,761,h_s,dpu,20448.4,20451.2
4,761,gc,cpu,20451.2,20461
4,770,normalize,cpu,20461.6,20465.3
4,770,g_a_cpu,cpu,20465.3,20465.8
4,770,g_a,dpu,20465.8,20537.5
4,770,g_a,dpu,20537.5,20646.1
4,770,g_a_cpu,cpu,20646.1,20646.8
4,770,h_a,dpu,20646.8,20685.7
4,770,eb_enc,cpu,20685.7,20685.8
4,770,eb_dec,cpu,20685.8,20685.9
4,770,h_s,dpu,20685.9,20688.4
4,770,gc,cpu,20688.4,20698.4
4,780,normalize,cpu,20698.9,20702.6
4,780,g_a_cpu,cpu,20702.6,20703.3
4,780,g_a,dpu,20703.3,20774.8
4,780,g_a,dpu,20774.8,20882.6
4,780,g_a_cpu,cpu,20882.6,20883.1
4,780,h_a,dpu,20883.1,20921.1
4,780,eb_enc,cpu,20921.1,20921.3
4,780,eb_dec,cpu,20921.3,20921.4
4,780,h_s,dpu,20921.4,20924.6
4,780,gc,cpu,20924.6,20935.5
4,788,normalize,cpu,20936,20939.7
4,788,g_a_cpu,cpu,20939.7,20940.2
4,788,g_a,dpu,20940.2,21012.3
4,788,g_a,dpu,21012.3,21120.2
4,788,g_a_cpu,cpu,21120.2,21120.7
4,788,h_a,dpu,21120.7,21158.4
4,788,eb_enc,cpu,21158.4,21158.5
4,788,eb_dec,cpu,21158.5,21158.6
4,788,h_s,dpu,21158.6,21161.6
4,788,gc,cpu,21161.6,21171.4
4,797,normalize,cpu,21171.9,21175.6
4,797,g_a_cpu,cpu,21175.6,21176
4,797,g_a,dpu,21176,21248.1
4,797,g_a,dpu,21248.1,21356
4,797,g_a_cpu,cpu,21356,21356.5
4,797,h_a,dpu,21356.5,21394.1
4,797,eb_enc,cpu,21394.1,21394.3
4,797,eb_dec,cpu,21394.3,21394.4
4,797,h_s,dpu,21394.4,21396.9
4,797,gc,cpu,21397,21407.2
4,806,normalize,cpu,21407.7,21411.4
4,806,g_a_cpu,cpu,21411.4,21412
4,806,g_a,dpu,21412,21483.4
4,806,g_a,dpu,21483.4,21591.7
4,806,g_a_cpu,cpu,21591.7,21592.2
4,806,h_a,dpu,21592.2,21630.9
4,806,eb_enc,cpu,21630.9,21631.1
4,806,eb_dec,cpu,21631.1,21631.2
4,806,h_s,dpu,21631.2,21634.1
4,806,gc,cpu,21634.1,21644
4,815,normalize,cpu,21644.4,21648.2
4,815,g_a_cpu,cpu,21648.2,21648.8
4,815,g_a,dpu,21648.8,21720.1
4,815,g_a,dpu,21720.1,21827.9
4,815,g_a_cpu,cpu,21827.9,21828.3
4,815,h_a,dpu,21828.3,21829.8
4,815,eb_enc,cpu,21829.8,21830
4,815,eb_dec,cpu,21830,21830.1
4,815,h_s,dpu,21830.1,21868.5
4,815,gc,cpu,21868.5,21878.4
4,823,normalize,cpu,21878.9,21883.5
4,823,g_a_cpu,cpu,21883.5,21884.3
4,823,g_a,dpu,21884.3,21921.5
4,823,g_a,dpu,21921.5,22029.8
4,823,g_a_cpu,cpu,22029.8,22030.2
4,823,h_a,dpu,22030.2,22103.5
4,823,eb_enc,cpu,22103.5,22103.7
4,823,eb_dec,cpu,22103.7,22103.8
4,823,h_s,dpu,22103.8,22106.8
4,823,gc,cpu,22106.8,22116.8
4,832,normalize,cpu,22117.3,22121
4,832,g_a_cpu,cpu,22121,22123.2
4,832,g_a,dpu,22123.2,22195.6
4,832,g_a,dpu,22195.6,22303.9
4,832,g_a_cpu,cpu,22303.9,22304.3
4,832,h_a,dpu,22304.3,22342.7
4,832,eb_enc,cpu,22342.7,22342.8
4,832,eb_dec,cpu,22342.8,22342.9
4,832,h_s,dpu,22342.9,22345.7
4,832,gc,cpu,22345.7,22355.6
4,842,normalize,cpu,22356,22361.9
4,842,g_a_cpu,cpu,22361.9,22362.5
4,842,g_a,dpu,22362.5,22468.8
4,842,g_a,dpu,22468.8,22576.7
4,842,g_a_cpu,cpu,22576.7,22577.4
4,842,h_a,dpu,22577.4,22580.8
4,842,eb_enc,cpu,22580.8,22580.9
4,842,eb_dec,cpu,22580.9,22581.1
4,842,h_s,dpu,22581.1,22586.3
4,842,gc,cpu,22586.3,22597.6
4,852,normalize,cpu,22599.4,22603.2
4,852,g_a_cpu,cpu,22603.2,22603.5
4,852,g_a,dpu,22603.5,22677.4
4,852,g_a,dpu,22677.4,22785.8
4,852,g_a_cpu,cpu,22785.8,22786.2
4,852,h_a,dpu,22786.2,22824.8
4,852,eb_enc,cpu,22824.8,22825
4,852,eb_dec,cpu,22825,22825.1
4,852,h_s,dpu,22825.1,22827.9
4,852,gc,cpu,22827.9,22837.9
4,859,normalize,cpu,22838.4,22842.2
4,859,g_a_cpu,cpu,22842.2,22842.6
4,859,g_a,dpu,22842.6,22879.3
4,859,g_a,dpu,22879.3,22987
4,859,g_a_cpu,cpu,22987,22987.4
4,859,h_a,dpu,22987.4,23060.4
4,859,eb_enc,cpu,23060.4,23060.6
4,859,eb_dec,cpu,23060.6,23060.8
4,859,h_s,dpu,23060.8,23064.3
4,859,gc,cpu,23064.3,23075.4
4,869,normalize,cpu,23082.1,23087.6
4,869,g_a_cpu,cpu,23087.6,23088
4,869,g_a,dpu,23088,23189.2
4,869,g_a,dpu,23189.2,23297.9
4,869,g_a_cpu,cpu,23298,23298.6
4,869,h_a,dpu,23298.6,23306.1
4,869,eb_enc,cpu,23306.1,23306.3
4,869,eb_dec,cpu,23306.3,23306.4
4,869,h_s,dpu,23306.4,23309.6
4,869,gc,cpu,23309.6,23327.2
4,881,normalize,cpu,23327.8,23331.5
4,881,g_a_cpu,cpu,23331.5,23331.9
4,881,g_a,dpu,23331.9,23425.8
4,881,g_a,dpu,23425.8,23534.6
4,881,g_a_cpu,cpu,23534.6,23535.2
4,881,h_a,dpu,23535.2,23550.5
4,881,eb_enc,cpu,23550.5,23550.6
4,881,eb_dec,cpu,23550.6,23550.7
4,881,h_s,dpu,23550.7,23551.9
4,881,gc,cpu,23551.9,23566.4
4,890,normalize,cpu,23566.9,23570.5
4,890,g_a_cpu,cpu,23570.5,23571
4,890,g_a,dpu,23571,23707
4,890,g_a,dpu,23707,23780
4,890,g_a_cpu,cpu,23780,23789.8
4,890,h_a,dpu,23789.8,23794.4
4,890,eb_enc,cpu,23794.4,23794.5
4,890,eb_dec,cpu,23794.5,23794.6
4,890,h_s,dpu,23794.6,23796.5
4,890,gc,cpu,23796.5,23820
4,899,normalize,cpu,23820.5,23824.2
4,899,g_a_cpu,cpu,23824.2,23824.5
4,899,g_a,dpu,23824.5,23870.1
4,899,g_a,dpu,23870.1,23978.7
4,899,g_a_cpu,cpu,23978.7,23979.1
4,899,h_a,dpu,23979.1,24017.2
4,899,eb_enc,cpu,24017.2,24017.4
4,899,eb_dec,cpu,24017.4,24017.5
4,899,h_s,dpu,24017.5,24024.5
4,899,gc,cpu,24024.5,24035.8
4,902,normalize,cpu,24036.4,24044.7
4,902,g_a_cpu,cpu,24044.7,24045.2
4,902,g_a,dpu,24045.2,24114
4,902,g_a,dpu,24114,24222.2
4,902,g_a_cpu,cpu,24222.2,24222.6
4,902,h_a,dpu,24222.6,24262
4,902,eb_enc,cpu,24262,24262.1
4,902,eb_dec,cpu,24262.1,24262.2
4,902,h_s,dpu,24262.2,24265.8
4,902,gc,cpu,24265.8,24276.2
4,912,normalize,cpu,24276.7,24280.4
4,912,g_a_cpu,cpu,24280.5,24280.9
4,912,g_a,dpu,24280.9,24351.9
4,912,g_a,dpu,24351.9,24460.1
4,912,g_a_cpu,cpu,24460.1,24460.5
4,912,h_a,dpu,24460.5,24499.2
4,912,eb_enc,cpu,24499.2,24499.4
4,912,eb_dec,cpu,24499.4,24499.5
4,912,h_s,dpu,24499.5,24505.7
4,912,gc,cpu,24505.7,24516.1
4,921,normalize,cpu,24516.6,24524.4
4,921,g_a_cpu,cpu,24524.4,24525.1
4,921,g_a,dpu,24525.1,24625.6
4,921,g_a,dpu,24625.6,24733.6
4,921,g_a_cpu,cpu,24733.6,24734.1
4,921,h_a,dpu,24734.2,24738.3
4,921,eb_enc,cpu,24738.3,24738.5
4,921,eb_dec,cpu,24738.5,24738.6
4,921,h_s,dpu,24738.6,24742.2
4,921,gc,cpu,24742.2,24752.6
5,4,normalize,cpu,70.3402,74.1028
5,4,g_a_cpu,cpu,74.1958,74.6245
5,4,g_a,dpu,74.6284,118.45
5,4,g_a,dpu,118.454,155.881
5,4,g_a_cpu,cpu,155.882,156.285
5,4,h_a,dpu,156.289,159.105
5,4,eb_enc,cpu,159.106,159.238
5,4,eb_dec,cpu,159.239,159.351
5,4,h_s,dpu,159.352,160.509
5,4,gc,cpu,160.512,172.148
5,9,normalize,cpu,172.86,176.697
5,9,g_a_cpu,cpu,176.704,177.295
5,9,g_a,dpu,177.301,289.739
5,9,g_a,dpu,289.741,400.026
5,9,g_a_cpu,cpu,400.027,400.371
5,9,h_a,dpu,400.372,475.83
5,9,eb_enc,cpu,475.836,475.956
5,9,eb_dec,cpu,475.959,476.068
5,9,h_s,dpu,476.069,481.361
5,9,gc,cpu,481.361,491.208
5,17,normalize,cpu,491.778,495.454
5,17,g_a_cpu,cpu,495.458,495.904
5,17,g_a,dpu,495.908,532.896
5,17,g_a,dpu,532.898,642.7
5,17,g_a_cpu,cpu,642.701,643.137
5,17,h_a,dpu,643.139,718.3
5,17,eb_enc,cpu,718.301,718.427
5,17,eb_dec,cpu,718.428,718.542
5,17,h_s,dpu,718.542,723.912
5,17,gc,cpu,723.912,733.868
5,26,normalize,cpu,734.424,738.105
5,26,g_a_cpu,cpu,738.112,738.479
5,26,g_a,dpu,738.483,775.528
5,26,g_a,dpu,775.534,885.61
5,26,g_a_cpu,cpu,885.612,886.073
5,26,h_a,dpu,886.076,961.09
5,26,eb_enc,cpu,961.091,961.236
5,26,eb_dec,cpu,961.237,961.349
5,26,h_s,dpu,961.35,966.693
5,26,gc,cpu,966.693,977.361
5,35,normalize,cpu,977.95,981.615
5,35,g_a_cpu,cpu,981.619,982.038
5,35,g_a,dpu,982.043,1019.34
5,35,g_a,dpu,1019.34,1056.62
5,35,g_a_cpu,cpu,1056.62,1057.07
5,35,h_a,dpu,1057.08,1205.9
5,35,eb_enc,cpu,1205.9,1206.03
5,35,eb_dec,cpu,1206.03,1206.15
5,35,h_s,dpu,1206.15,1207.25
5,35,gc,cpu,1207.25,1217.54
5,44,normalize,cpu,1218.23,1221.88
5,44,g_a_cpu,cpu,1221.89,1222.34
5,44,g_a,dpu,1222.35,1259.69
5,44,g_a,dpu,1259.69,1297.1
5,44,g_a_cpu,cpu,1297.1,1297.62
5,44,h_a,dpu,1297.63,1372.26
5,44,eb_enc,cpu,1372.26,1372.41
5,44,eb_dec,cpu,1372.41,1372.52
5,44,h_s,dpu,1372.52,1446.77
5,44,gc,cpu,1446.77,1456.9
5,53,normalize,cpu,1457.62,1461.27
5,53,g_a_cpu,cpu,1461.28,1461.8
5,53,g_a,dpu,1461.81,1499.66
5,53,g_a,dpu,1499.66,1537.04
5,53,g_a_cpu,cpu,1537.04,1537.53
5,53,h_a,dpu,1537.55,1686.85
5,53,eb_enc,cpu,1686.85,1686.98
5,53,eb_dec,cpu,1686.98,1687.1
5,53,h_s,dpu,1687.1,1688.2
5,53,gc,cpu,1688.2,1698.15
5,62,normalize,cpu,1698.67,1702.41
5,62,g_a_cpu,cpu,1702.41,1702.83
5,62,g_a,dpu,1702.83,1740.25
5,62,g_a,dpu,1740.25,1851.01
5,62,g_a_cpu,cpu,1851.01,1851.43
5,62,h_a,dpu,1851.44,1926.95
5,62,eb_enc,cpu,1926.95,1927.1
5,62,eb_dec,cpu,1927.1,1927.21
5,62,h_s,dpu,1927.21,1934.32
5,62,gc,cpu,1934.32,1944.36
5,71,normalize,cpu,1945.2,1948.95
5,71,g_a_cpu,cpu,1948.95,1949.48
5,71,g_a,dpu,1949.48,2023.63
5,71,g_a,dpu,2023.63,2133.4
5,71,g_a_cpu,cpu,2133.4,2133.93
5,71,h_a,dpu,2133.93,2176.03
5,71,eb_enc,cpu,2176.04,2176.18
5,71,eb_dec,cpu,2176.18,2176.29
5,71,h_s,dpu,2176.29,2181.25
5,71,gc,cpu,2181.25,2191.27
5,84,normalize,cpu,2191.92,2195.58
5,84,g_a_cpu,cpu,2195.58,2196.1
5,84,g_a,dpu,2196.11,2268.27
5,84,g_a,dpu,2268.27,2382.37
5,84,g_a_cpu,cpu,2382.37,2382.85
5,84,h_a,dpu,2382.85,2424.22
5,84,eb_enc,cpu,2424.22,2424.36
5,84,eb_dec,cpu,2424.36,2424.47
5,84,h_s,dpu,2424.47,2430.35
5,84,gc,cpu,2430.35,2440.54
5,93,normalize,cpu,2441.2,2444.86
5,93,g_a_cpu,cpu,2444.86,2445.21
5,93,g_a,dpu,2445.22,2516.56
5,93,g_a,dpu,2516.56,2633.92
5,93,g_a_cpu,cpu,2633.92,2634.27
5,93,h_a,dpu,2634.27,2675.42
5,93,eb_enc,cpu,2675.42,2675.54
5,93,eb_dec,cpu,2675.54,2675.65
5,93,h_s,dpu,2675.65,2680.05
5,93,gc,cpu,2680.05,2690.21
5,102,normalize,cpu,2690.72,2694.37
5,102,g_a_cpu,cpu,2694.37,2694.79
5,102,g_a,dpu,2694.79,2768.23
5,102,g_a,dpu,2768.23,2878.18
5,102,g_a_cpu,cpu,2878.18,2878.64
5,102,h_a,dpu,2878.64,2919.47
5,102,eb_enc,cpu,2919.47,2919.59
5,102,eb_dec,cpu,2919.59,2919.7
5,102,h_s,dpu,2919.7,2923.86
5,102,gc,cpu,2923.86,2934.47
5,111,normalize,cpu,2935.04,2938.74
5,111,g_a_cpu,cpu,2938.75,2939.24
5,111,g_a,dpu,2939.24,3013.5
5,111,g_a,dpu,3013.51,3050.57
5,111,g_a_cpu,cpu,3050.57,3050.98
5,111,h_a,dpu,3050.98,3054.03
5,111,eb_enc,cpu,3054.03,3054.15
5,111,eb_dec,cpu,3054.15,3054.26
5,111,h_s,dpu,3054.26,3055.92
5,111,gc,cpu,3055.95,3066.59
5,116,normalize,cpu,3067.34,3071.06
5,116,g_a_cpu,cpu,3071.07,3071.62
5,116,g_a,dpu,3071.63,3133.6
5,116,g_a,dpu,3133.6,3243.94
5,116,g_a_cpu,cpu,3243.94,3244.48
5,116,h_a,dpu,3244.48,3261.33
5,116,eb_enc,cpu,3261.33,3261.46
5,116,eb_dec,cpu,3261.46,3261.57
5,116,h_s,dpu,3261.57,3265.81
5,116,gc,cpu,3265.81,3275.66
5,124,normalize,cpu,3276.2,3279.87
5,124,g_a_cpu,cpu,3279.87,3280.25
5,124,g_a,dpu,3280.26,3339.49
5,124,g_a,dpu,3339.49,3448.68
5,124,g_a_cpu,cpu,3448.68,3449.13
5,124,h_a,dpu,3449.13,3490.85
5,124,eb_enc,cpu,3490.85,3491
5,124,eb_dec,cpu,3491,3491.12
5,124,h_s,dpu,3491.12,3498.6
5,124,gc,cpu,3498.6,3508.7
5,133,normalize,cpu,3509.26,3512.93
5,133,g_a_cpu,cpu,3512.93,3513.32
5,133,g_a,dpu,3513.32,3583.69
5,133,g_a,dpu,3583.69,3693.09
5,133,g_a_cpu,cpu,3693.09,3693.49
5,133,h_a,dpu,3693.49,3735.04
5,133,eb_enc,cpu,3735.04,3735.17
5,133,eb_dec,cpu,3735.17,3735.28
5,133,h_s,dpu,3735.28,3739.36
5,133,gc,cpu,3739.36,3749.63
5,140,normalize,cpu,3750.2,3753.87
5,140,g_a_cpu,cpu,3753.88,3754.46
5,140,g_a,dpu,3754.47,3827.34
5,140,g_a,dpu,3827.35,3936.91
5,140,g_a_cpu,cpu,3936.91,3937.41
5,140,h_a,dpu,3937.42,3978.35
5,140,eb_enc,cpu,3978.35,3978.47
5,140,eb_dec,cpu,3978.47,3978.58
5,140,h_s,dpu,3978.58,3982.8
5,140,gc,cpu,3982.8,3993.03
5,151,normalize,cpu,3993.54,3997.16
5,151,g_a_cpu,cpu,3997.16,3997.63
5,151,g_a,dpu,3997.63,4070.22
5,151,g_a,dpu,4070.22,4179.62
5,151,g_a_cpu,cpu,4179.62,4180.04
5,151,h_a,dpu,4180.04,4221.13
5,151,eb_enc,cpu,4221.13,4221.29
5,151,eb_dec,cpu,4221.29,4221.4
5,151,h_s,dpu,4221.4,4225.67
5,151,gc,cpu,4225.67,4235.88
5,160,normalize,cpu,4236.38,4241.66
5,160,g_a_cpu,cpu,4241.66,4242.18
5,160,g_a,dpu,4242.19,4349.97
5,160,g_a,dpu,4349.97,4386.77
5,160,g_a_cpu,cpu,4386.77,4387.26
5,160,h_a,dpu,4387.26,4463.5
5,160,eb_enc,cpu,4463.5,4463.63
5,160,eb_dec,cpu,4463.63,4463.74
5,160,h_s,dpu,4463.74,4464.89
5,160,gc,cpu,4464.89,4475.28
5,168,normalize,cpu,4475.98,4480.42
5,168,g_a_cpu,cpu,4480.43,4480.8
5,168,g_a,dpu,4480.8,4518.37
5,168,g_a,dpu,4518.38,4627.98
5,168,g_a_cpu,cpu,4627.99,4628.44
5,168,h_a,dpu,4628.44,4703.27
5,168,eb_enc,cpu,4703.27,4703.42
5,168,eb_dec,cpu,4703.42,4703.53
5,168,h_s,dpu,4703.53,4708.66
5,168,gc,cpu,4708.66,4719.36
5,177,normalize,cpu,4719.93,4723.64
5,177,g_a_cpu,cpu,4723.64,4724
5,177,g_a,dpu,4724.01,4761.42
5,177,g_a,dpu,4761.42,4870.49
5,177,g_a_cpu,cpu,4870.49,4870.96
5,177,h_a,dpu,4870.96,4946.22
5,177,eb_enc,cpu,4946.22,4946.35
5,177,eb_dec,cpu,4946.35,4946.46
5,177,h_s,dpu,4946.46,4951.34
5,177,gc,cpu,4951.35,4961.62
5,186,normalize,cpu,4962.19,4965.83
5,186,g_a_cpu,cpu,4965.84,4966.45
5,186,g_a,dpu,4966.46,5003.66
5,186,g_a,dpu,5003.66,5112.49
5,186,g_a_cpu,cpu,5112.49,5112.97
5,186,h_a,dpu,5112.97,5187.8
5,186,eb_enc,cpu,5187.8,5187.94
5,186,eb_dec,cpu,5187.94,5188.05
5,186,h_s,dpu,5188.05,5198.61
5,186,gc,cpu,5198.61,5208.6
5,197,normalize,cpu,5209.37,5212.99
5,197,g_a_cpu,cpu,5213,5213.44
5,197,g_a,dpu,5213.45,5250.44
5,197,g_a,dpu,5250.44,5359.46
5,197,g_a_cpu,cpu,5359.46,5359.92
5,197,h_a,dpu,5359.92,5435.15
5,197,eb_enc,cpu,5435.15,5435.31
5,197,eb_dec,cpu,5435.31,5435.42
5,197,h_s,dpu,5435.42,5441.89
5,197,gc,cpu,5441.89,5452.35
5,207,normalize,cpu,5453.13,5456.78
5,207,g_a_cpu,cpu,5456.79,5457.16
5,207,g_a,dpu,5457.17,5494.14
5,207,g_a,dpu,5494.15,5605.46
5,207,g_a_cpu,cpu,5605.47,5605.92
5,207,h_a,dpu,5605.93,5609.2
5,207,eb_enc,cpu,5609.21,5609.4
5,207,eb_dec,cpu,5609.4,5609.51
5,207,h_s,dpu,5609.51,5610.84
5,207,gc,cpu,5610.84,5620.93
5,214,normalize,cpu,5621.39,5625.08
5,214,g_a_cpu,cpu,5625.08,5625.33
5,214,g_a,dpu,5625.33,5730.77
5,214,g_a,dpu,5730.78,5770.01
5,214,g_a_cpu,cpu,5770.01,5770.43
5,214,h_a,dpu,5770.44,5846.1
5,214,eb_enc,cpu,5846.1,5846.25
5,214,eb_dec,cpu,5846.25,5846.36
5,214,h_s,dpu,5846.36,5885.61
5,214,gc,cpu,5885.61,5895.47
5,223,normalize,cpu,5895.95,5899.7
5,223,g_a_cpu,cpu,5899.71,5899.9
5,223,g_a,dpu,5899.9,5959.24
5,223,g_a,dpu,5959.24,5999.64
5,223,g_a_cpu,cpu,5999.64,6000.07
5,223,h_a,dpu,6000.07,6089.19
5,223,eb_enc,cpu,6089.19,6089.39
5,223,eb_dec,cpu,6089.4,6089.51
5,223,h_s,dpu,6089.51,6127.7
5,223,gc,cpu,6127.71,6138.21
5,233,normalize,cpu,6138.94,6142.62
5,233,g_a_cpu,cpu,6142.62,6143.16
5,233,g_a,dpu,6143.17,6239.16
5,233,g_a,dpu,6239.16,6315.34
5,233,g_a_cpu,cpu,6315.34,6315.83
5,233,h_a,dpu,6315.84,6326.47
5,233,eb_enc,cpu,6326.47,6326.61
5,233,eb_dec,cpu,6326.61,6326.72
5,233,h_s,dpu,6326.73,6328.45
5,233,gc,cpu,6328.45,6338.43
5,241,normalize,cpu,6338.92,6342.65
5,241,g_a_cpu,cpu,6342.66,6343.19
5,241,g_a,dpu,6343.2,6415.48
5,241,g_a,dpu,6415.48,6566.32
5,241,g_a_cpu,cpu,6566.32,6566.66
5,241,h_a,dpu,6566.66,6569.13
5,241,eb_enc,cpu,6569.13,6569.3
5,241,eb_dec,cpu,6569.3,6569.42
5,241,h_s,dpu,6569.42,6578.36
5,241,gc,cpu,6578.36,6588.35
5,250,normalize,cpu,6588.84,6592.51
5,250,g_a_cpu,cpu,6592.51,6592.87
5,250,g_a,dpu,6592.88,6660.34
5,250,g_a,dpu,6660.34,6770.22
5,250,g_a_cpu,cpu,6770.22,6770.66
5,250,h_a,dpu,6770.66,6811.01
5,250,eb_enc,cpu,6811.01,6811.14
5,250,eb_dec,cpu,6811.14,6811.25
5,250,h_s,dpu,6811.25,6815.04
5,250,gc,cpu,6815.04,6825.29
5,259,normalize,cpu,6825.78,6829.45
5,259,g_a_cpu,cpu,6829.46,6829.88
5,259,g_a,dpu,6829.89,6902.57
5,259,g_a,dpu,6902.58,7011.62
5,259,g_a_cpu,cpu,7011.62,7012.11
5,259,h_a,dpu,7012.11,7052.33
5,259,eb_enc,cpu,7052.33,7052.47
5,259,eb_dec,cpu,7052.47,7052.58
5,259,h_s,dpu,7052.58,7056.48
5,259,gc,cpu,7056.48,7066.41
5,268,normalize,cpu,7066.89,7071.3
5,268,g_a_cpu,cpu,7071.31,7071.77
5,268,g_a,dpu,7071.77,7144
5,268,g_a,dpu,7144,7253.52
5,268,g_a_cpu,cpu,7253.52,7254.08
5,268,h_a,dpu,7254.09,7294.32
5,268,eb_enc,cpu,7294.32,7294.45
5,268,eb_dec,cpu,7294.45,7294.56
5,268,h_s,dpu,7294.56,7298.51
5,268,gc,cpu,7298.51,7308.44
5,277,normalize,cpu,7308.83,7313.51
5,277,g_a_cpu,cpu,7313.51,7313.92
5,277,g_a,dpu,7313.93,7386.21
5,277,g_a,dpu,7386.21,7496.49
5,277,g_a_cpu,cpu,7496.49,7497.15
5,277,h_a,dpu,7497.15,7537.76
5,277,eb_enc,cpu,7537.76,7537.88
5,277,eb_dec,cpu,7537.89,7537.99
5,277,h_s,dpu,7537.99,7550.78
5,277,gc,cpu,7550.78,7560.95
5,286,normalize,cpu,7561.58,7565.21
5,286,g_a_cpu,cpu,7565.21,7565.61
5,286,g_a,dpu,7565.62,7629.47
5,286,g_a,dpu,7629.48,7787.06
5,286,g_a_cpu,cpu,7787.06,7787.63
5,286,h_a,dpu,7787.63,7863.58
5,286,eb_enc,cpu,7863.58,7863.74
5,286,eb_dec,cpu,7863.74,7863.86
5,286,h_s,dpu,7863.86,7938.18
5,286,gc,cpu,7938.18,7948.1
5,299,normalize,cpu,7948.61,7953.1
5,299,g_a_cpu,cpu,7953.11,7953.56
5,299,g_a,dpu,7953.56,7991.03
5,299,g_a,dpu,7991.03,8100.59
5,299,g_a_cpu,cpu,8100.59,8101.07
5,299,h_a,dpu,8101.08,8177.37
5,299,eb_enc,cpu,8177.37,8177.5
5,299,eb_dec,cpu,8177.5,8177.61
5,299,h_s,dpu,8177.61,8182.92
5,299,gc,cpu,8182.93,8192.78
5,308,normalize,cpu,8193.38,8197
5,308,g_a_cpu,cpu,8197.01,8197.42
5,308,g_a,dpu,8197.42,8234.58
5,308,g_a,dpu,8234.58,8345.48
5,308,g_a_cpu,cpu,8345.48,8346.07
5,308,h_a,dpu,8346.07,8421.67
5,308,eb_enc,cpu,8421.67,8421.8
5,308,eb_dec,cpu,8421.81,8421.92
5,308,h_s,dpu,8421.92,8427.17
5,308,gc,cpu,8427.17,8437.46
5,317,normalize,cpu,8438.1,8443.45
5,317,g_a_cpu,cpu,8443.46,8444.02
5,317,g_a,dpu,8444.03,8481.18
5,317,g_a,dpu,8481.18,8591.57
5,317,g_a_cpu,cpu,8591.57,8591.95
5,317,h_a,dpu,8591.95,8668.33
5,317,eb_enc,cpu,8668.33,8668.45
5,317,eb_dec,cpu,8668.45,8668.56
5,317,h_s,dpu,8668.56,8669.73
5,317,gc,cpu,8669.73,8680.63
5,326,normalize,cpu,8681.89,8686.51
5,326,g_a_cpu,cpu,8686.52,8686.9
5,326,g_a,dpu,8686.91,8724.03
5,326,g_a,dpu,8724.04,8833.71
5,326,g_a_cpu,cpu,8833.71,8834.12
5,326,h_a,dpu,8834.12,8909.63
5,326,eb_enc,cpu,8909.63,8909.75
5,326,eb_dec,cpu,8909.75,8909.86
5,326,h_s,dpu,8909.86,8915.11
5,326,gc,cpu,8915.11,8925.19
5,334,normalize,cpu,8925.83,8929.52
5,334,g_a_cpu,cpu,8929.52,8929.91
5,334,g_a,dpu,8929.92,8967.13
5,334,g_a,dpu,8967.13,9076.81
5,334,g_a_cpu,cpu,9076.81,9077.41
5,334,h_a,dpu,9077.41,9152.48
5,334,eb_enc,cpu,9152.48,9152.61
5,334,eb_dec,cpu,9152.61,9152.72
5,334,h_s,dpu,9152.72,9158.06
5,334,gc,cpu,9158.06,9168.39
5,343,normalize,cpu,9168.99,9172.79
5,343,g_a_cpu,cpu,9172.79,9173.47
5,343,g_a,dpu,9173.48,9211.26
5,343,g_a,dpu,9211.26,9321.92
5,343,g_a_cpu,cpu,9321.92,9322.38
5,343,h_a,dpu,9322.38,9397.64
5,343,eb_enc,cpu,9397.64,9397.78
5,343,eb_dec,cpu,9397.78,9397.89
5,343,h_s,dpu,9397.89,9403.82
5,343,gc,cpu,9403.83,9413.8
5,352,normalize,cpu,9414.31,9418.13
5,352,g_a_cpu,cpu,9418.13,9418.52
5,352,g_a,dpu,9418.52,9455.52
5,352,g_a,dpu,9455.52,9564.64
5,352,g_a_cpu,cpu,9564.65,9565.17
5,352,h_a,dpu,9565.17,9639.61
5,352,eb_enc,cpu,9639.61,9639.74
5,352,eb_dec,cpu,9639.74,9639.85
5,352,h_s,dpu,9639.85,9644.85
5,352,gc,cpu,9644.85,9654.99
5,361,normalize,cpu,9655.6,9660.74
5,361,g_a_cpu,cpu,9660.75,9661.44
5,361,g_a,dpu,9661.45,9701.55
5,361,g_a,dpu,9701.55,9738.42
5,361,g_a_cpu,cpu,9738.42,9738.86
5,361,h_a,dpu,9738.86,9893.29
5,361,eb_enc,cpu,9893.29,9893.42
5,361,eb_dec,cpu,9893.42,9893.53
5,361,h_s,dpu,9893.53,9894.76
5,361,gc,cpu,9894.76,9909.14
5,373,normalize,cpu,9909.78,9913.5
5,373,g_a_cpu,cpu,9913.5,9913.95
5,373,g_a,dpu,9913.95,10057.7
5,373,g_a,dpu,10057.7,10094.5
5,373,g_a_cpu,cpu,10094.5,10095
5,373,h_a,dpu,10095,10141.5
5,373,eb_enc,cpu,10141.5,10141.6
5,373,eb_dec,cpu,10141.6,10141.7
5,373,h_s,dpu,10141.7,10143.1
5,373,gc,cpu,10143.1,10153.7
5,383,normalize,cpu,10154.3,10158
5,383,g_a_cpu,cpu,10158,10158.3
5,383,g_a,dpu,10158.3,10224.6
5,383,g_a,dpu,10224.6,10334.1
5,383,g_a_cpu,cpu,10334.1,10334.5
5,383,h_a,dpu,10334.5,10377.1
5,383,eb_enc,cpu,10377.1,10377.3
5,383,eb_dec,cpu,10377.3,10377.4
5,383,h_s,dpu,10377.4,10378.7
5,383,gc,cpu,10378.7,10388.8
5,391,normalize,cpu,10389.5,10393.2
5,391,g_a_cpu,cpu,10393.2,10393.6
5,391,g_a,dpu,10393.6,10430.6
5,391,g_a,dpu,10430.6,10539.6
5,391,g_a_cpu,cpu,10539.6,10540
5,391,h_a,dpu,10540,10615.3
5,391,eb_enc,cpu,10615.3,10615.6
5,391,eb_dec,cpu,10615.6,10615.7
5,391,h_s,dpu,10615.7,10621.6
5,391,gc,cpu,10621.6,10631.8
5,400,normalize,cpu,10632.5,10640.8
5,400,g_a_cpu,cpu,10640.9,10641.4
5,400,g_a,dpu,10641.4,10757.7
5,400,g_a,dpu,10757.7,10867.3
5,400,g_a_cpu,cpu,10867.3,10867.7
5,400,h_a,dpu,10867.7,10943.6
5,400,eb_enc,cpu,10943.6,10943.8
5,400,eb_dec,cpu,10943.8,10943.9
5,400,h_s,dpu,10943.9,10948.4
5,400,gc,cpu,10948.4,10958.3
5,414,normalize,cpu,10958.9,10963.5
5,414,g_a_cpu,cpu,10963.5,10963.9
5,414,g_a,dpu,10963.9,11035.7
5,414,g_a,dpu,11035.7,11146.4
5,414,g_a_cpu,cpu,11146.4,11146.9
5,414,h_a,dpu,11146.9,11187.8
5,414,eb_enc,cpu,11187.8,11187.9
5,414,eb_dec,cpu,11187.9,11188
5,414,h_s,dpu,11188,11192.2
5,414,gc,cpu,11192.2,11202.6
5,423,normalize,cpu,11203.2,11206.9
5,423,g_a_cpu,cpu,11206.9,11207.3
5,423,g_a,dpu,11207.3,11279.5
5,423,g_a,dpu,11279.5,11396
5,423,g_a_cpu,cpu,11396,11396.4
5,423,h_a,dpu,11396.4,11437.7
5,423,eb_enc,cpu,11437.7,11437.8
5,423,eb_dec,cpu,11437.8,11438
5,423,h_s,dpu,11438,11478.3
5,423,gc,cpu,11478.3,11488
5,433,normalize,cpu,11488.5,11492.2
5,433,g_a_cpu,cpu,11492.2,11492.6
5,433,g_a,dpu,11492.6,11561.6
5,433,g_a,dpu,11561.6,11635.8
5,433,g_a_cpu,cpu,11635.8,11636.3
5,433,h_a,dpu,11636.3,11677.4
5,433,eb_enc,cpu,11677.4,11677.6
5,433,eb_dec,cpu,11677.6,11677.7
5,433,h_s,dpu,11677.7,11715.8
5,433,gc,cpu,11715.8,11725.7
5,442,normalize,cpu,11726.2,11729.8
5,442,g_a_cpu,cpu,11729.8,11730.2
5,442,g_a,dpu,11730.2,11865.4
5,442,g_a,dpu,11865.4,11902.1
5,442,g_a_cpu,cpu,11902.1,11902.5
5,442,h_a,dpu,11902.5,11915.9
5,442,eb_enc,cpu,11915.9,11916
5,442,eb_dec,cpu,11916,11916.1
5,442,h_s,dpu,11916.1,11917.4
5,442,gc,cpu,11917.4,11927.5
5,451,normalize,cpu,11928,11931.7
5,451,g_a_cpu,cpu,11931.7,11932
5,451,g_a,dpu,11932,12029.5
5,451,g_a,dpu,12029.5,12066.7
5,451,g_a_cpu,cpu,12066.7,12067.2
5,451,h_a,dpu,12067.2,12070.3
5,451,eb_enc,cpu,12070.3,12070.4
5,451,eb_dec,cpu,12070.4,12070.5
5,451,h_s,dpu,12070.5,12072.2
5,451,gc,cpu,12072.2,12082.2
5,458,normalize,cpu,12082.7,12086.3
5,458,g_a_cpu,cpu,12086.3,12086.7
5,458,g_a,dpu,12086.7,12182.4
5,458,g_a,dpu,12182.4,12223.6
5,458,g_a_cpu,cpu,12223.6,12224
5,458,h_a,dpu,12224,12231.8
5,458,eb_enc,cpu,12231.8,12231.9
5,458,eb_dec,cpu,12231.9,12232
5,458,h_s,dpu,12232,12233.4
5,458,gc,cpu,12233.4,12243.7
5,461,normalize,cpu,12244.2,12247.9
5,461,g_a_cpu,cpu,12247.9,12248.2
5,461,g_a,dpu,12248.2,12351.7
5,461,g_a,dpu,12351.8,12461.1
5,461,g_a_cpu,cpu,12461.1,12461.5
5,461,h_a,dpu,12461.5,12468.1
5,461,eb_enc,cpu,12468.1,12468.2
5,461,eb_dec,cpu,12468.2,12468.4
5,461,h_s,dpu,12468.4,12471.4
5,461,gc,cpu,12471.4,12481.4
5,470,normalize,cpu,12482,12485.7
5,470,g_a_cpu,cpu,12485.7,12486.1
5,470,g_a,dpu,12486.1,12594.8
5,470,g_a,dpu,12594.8,12703.9
5,470,g_a_cpu,cpu,12703.9,12704.3
5,470,h_a,dpu,12704.3,12710.4
5,470,eb_enc,cpu,12710.4,12710.5
5,470,eb_dec,cpu,12710.5,12710.6
5,470,h_s,dpu,12710.6,12713.4
5,470,gc,cpu,12713.4,12723.4
5,479,normalize,cpu,12723.9,12727.7
5,479,g_a_cpu,cpu,12727.7,12728.1
5,479,g_a,dpu,12728.1,12837
5,479,g_a,dpu,12837,12945.9
5,479,g_a_cpu,cpu,12945.9,12946.3
5,479,h_a,dpu,12946.3,12952.5
5,479,eb_enc,cpu,12952.5,12952.6
5,479,eb_dec,cpu,12952.6,12952.7
5,479,h_s,dpu,12952.7,12955.5
5,479,gc,cpu,12955.5,12966
5,488,normalize,cpu,12966.8,12970.7
5,488,g_a_cpu,cpu,12970.7,12971.1
5,488,g_a,dpu,12971.1,13008.1
5,488,g_a,dpu,13008.1,13117.9
5,488,g_a_cpu,cpu,13117.9,13118.2
5,488,h_a,dpu,13118.2,13193.8
5,488,eb_enc,cpu,13193.8,13193.9
5,488,eb_dec,cpu,13193.9,13194.1
5,488,h_s,dpu,13194.1,13199.3
5,488,gc,cpu,13199.3,13210.4
5,495,normalize,cpu,13211.5,13219.3
5,495,g_a_cpu,cpu,13219.3,13219.8
5,495,g_a,dpu,13219.8,13328.1
5,495,g_a,dpu,13328.1,13364.8
5,495,g_a_cpu,cpu,13364.8,13365.3
5,495,h_a,dpu,13365.3,13444.8
5,495,eb_enc,cpu,13444.8,13444.9
5,495,eb_dec,cpu,13444.9,13445
5,495,h_s,dpu,13445,13446.2
5,495,gc,cpu,13446.2,13456.5
5,504,normalize,cpu,13457.1,13460.8
5,504,g_a_cpu,cpu,13460.8,13461.4
5,504,g_a,dpu,13461.5,13499.4
5,504,g_a,dpu,13499.4,13681.4
5,504,g_a_cpu,cpu,13681.4,13681.8
5,504,h_a,dpu,13681.8,13684.5
5,504,eb_enc,cpu,13684.5,13684.6
5,504,eb_dec,cpu,13684.6,13684.7
5,504,h_s,dpu,13684.7,13694.4
5,504,gc,cpu,13694.4,13704.8
5,515,normalize,cpu,13706.6,13720.5
5,515,g_a_cpu,cpu,13720.5,13720.9
5,515,g_a,dpu,13720.9,13900.6
5,515,g_a,dpu,13900.6,13937.3
5,515,g_a_cpu,cpu,13937.3,13937.7
5,515,h_a,dpu,13937.7,13960.5
5,515,eb_enc,cpu,13960.5,13960.7
5,515,eb_dec,cpu,13960.7,13960.8
5,515,h_s,dpu,13960.8,13962.3
5,515,gc,cpu,13962.3,13972.4
5,528,normalize,cpu,13973,13978.7
5,528,g_a_cpu,cpu,13978.7,13979.1
5,528,g_a,dpu,13979.1,14084.5
5,528,g_a,dpu,14084.5,14193.9
5,528,g_a_cpu,cpu,14193.9,14194.4
5,528,h_a,dpu,14194.4,14213
5,528,eb_enc,cpu,14213,14213.2
5,528,eb_dec,cpu,14213.2,14213.3
5,528,h_s,dpu,14213.3,14220.2
5,528,gc,cpu,14220.2,14230.1
5,539,normalize,cpu,14230.7,14234.3
5,539,g_a_cpu,cpu,14234.3,14234.6
5,539,g_a,dpu,14234.6,14338.6
5,539,g_a,dpu,14338.6,14448.8
5,539,g_a_cpu,cpu,14448.8,14449.3
5,539,h_a,dpu,14449.3,14456.9
5,539,eb_enc,cpu,14456.9,14457
5,539,eb_dec,cpu,14457,14457.1
5,539,h_s,dpu,14457.1,14459.8
5,539,gc,cpu,14459.8,14469.7
5,548,normalize,cpu,14470.2,14473.9
5,548,g_a_cpu,cpu,14473.9,14474.2
5,548,g_a,dpu,14474.2,14582
5,548,g_a,dpu,14582,14691.7
5,548,g_a_cpu,cpu,14691.7,14692.2
5,548,h_a,dpu,14692.2,14699.9
5,548,eb_enc,cpu,14699.9,14700
5,548,eb_dec,cpu,14700,14700.1
5,548,h_s,dpu,14700.1,14702.8
5,548,gc,cpu,14702.8,14712.7
5,557,normalize,cpu,14713.1,14716.8
5,557,g_a_cpu,cpu,14716.8,14717.3
5,557,g_a,dpu,14717.3,14825.3
5,557,g_a,dpu,14825.3,14935.8
5,557,g_a_cpu,cpu,14935.8,14936.1
5,557,h_a,dpu,14936.1,14942.1
5,557,eb_enc,cpu,14942.1,14942.3
5,557,eb_dec,cpu,14942.3,14942.4
5,557,h_s,dpu,14942.4,14943.5
5,557,gc,cpu,14943.5,14954
5,565,normalize,cpu,14954.5,14958.3
5,565,g_a_cpu,cpu,14958.3,14958.6
5,565,g_a,dpu,14958.6,15028.5
5,565,g_a,dpu,15028.5,15145.5
5,565,g_a_cpu,cpu,15145.5,15146
5,565,h_a,dpu,15146,15195.9
5,565,eb_enc,cpu,15195.9,15196
5,565,eb_dec,cpu,15196,15196.1
5,565,h_s,dpu,15196.1,15197.5
5,565,gc,cpu,15197.5,15207.7
5,575,normalize,cpu,15208.3,15211.9
5,575,g_a_cpu,cpu,15211.9,15212.2
5,575,g_a,dpu,15212.2,15310.6
5,575,g_a,dpu,15310.6,15386.1
5,575,g_a_cpu,cpu,15386.1,15386.8
5,575,h_a,dpu,15386.8,15427.3
5,575,eb_enc,cpu,15427.3,15427.4
5,575,eb_dec,cpu,15427.4,15427.5
5,575,h_s,dpu,15427.5,15431.1
5,575,gc,cpu,15431.1,15441.6
5,583,normalize,cpu,15442.4,15446.2
5,583,g_a_cpu,cpu,15446.2,15446.8
5,583,g_a,dpu,15446.8,15514
5,583,g_a,dpu,15514,15623.2
5,583,g_a_cpu,cpu,15623.2,15623.6
5,583,h_a,dpu,15623.6,15663.9
5,583,eb_enc,cpu,15663.9,15664.1
5,583,eb_dec,cpu,15664.1,15664.2
5,583,h_s,dpu,15664.2,15668
5,583,gc,cpu,15668,15678
5,592,normalize,cpu,15678.4,15682.2
5,592,g_a_cpu,cpu,15682.2,15682.6
5,592,g_a,dpu,15682.6,15755.1
5,592,g_a,dpu,15755.1,15864.3
5,592,g_a_cpu,cpu,15864.3,15865
5,592,h_a,dpu,15865,15905
5,592,eb_enc,cpu,15905,15905.2
5,592,eb_dec,cpu,15905.2,15905.3
5,592,h_s,dpu,15905.3,15909.2
5,592,gc,cpu,15909.2,15919.2
5,601,normalize,cpu,15919.6,15923.3
5,601,g_a_cpu,cpu,15923.3,15923.9
5,601,g_a,dpu,15923.9,15996.1
5,601,g_a,dpu,15996.1,16105.4
5,601,g_a_cpu,cpu,16105.4,16106.2
5,601,h_a,dpu,16106.2,16146.9
5,601,eb_enc,cpu,16146.9,16147.1
5,601,eb_dec,cpu,16147.1,16147.2
5,601,h_s,dpu,16147.2,16151.3
5,601,gc,cpu,16151.3,16161.2
5,610,normalize,cpu,16161.9,16165.5
5,610,g_a_cpu,cpu,16165.5,16165.9
5,610,g_a,dpu,16165.9,16238.5
5,610,g_a,dpu,16238.5,16362.7
5,610,g_a_cpu,cpu,16362.7,16363.2
5,610,h_a,dpu,16363.2,16438.6
5,610,eb_enc,cpu,16438.6,16438.7
5,610,eb_dec,cpu,16438.7,16438.8
5,610,h_s,dpu,16438.8,16478
5,610,gc,cpu,16478,16487.9
5,619,normalize,cpu,16488.4,16492.1
5,619,g_a_cpu,cpu,16492.1,16492.5
5,619,g_a,dpu,16492.5,16529.6
5,619,g_a,dpu,16529.7,16639.6
5,619,g_a_cpu,cpu,16639.6,16640
5,619,h_a,dpu,16640,16716.1
5,619,eb_enc,cpu,16716.1,16716.2
5,619,eb_dec,cpu,16716.2,16716.3
5,619,h_s,dpu,16716.3,16723.2
5,619,gc,cpu,16723.2,16732.9
5,630,normalize,cpu,16733.5,16737.2
5,630,g_a_cpu,cpu,16737.2,16737.6
5,630,g_a,dpu,16737.6,16774.5
5,630,g_a,dpu,16774.5,16884
5,630,g_a_cpu,cpu,16884,16884.4
5,630,h_a,dpu,16884.4,16962.2
5,630,eb_enc,cpu,16962.2,16962.4
5,630,eb_dec,cpu,16962.4,16962.6
5,630,h_s,dpu,16962.6,16972.1
5,630,gc,cpu,16972.1,16982.8
5,639,normalize,cpu,16983.5,16988.4
5,639,g_a_cpu,cpu,16988.4,16988.9
5,639,g_a,dpu,16988.9,17063.7
5,639,g_a,dpu,17063.7,17173.8
5,639,g_a_cpu,cpu,17173.8,17174.4
5,639,h_a,dpu,17174.4,17215.2
5,639,eb_enc,cpu,17215.2,17215.3
5,639,eb_dec,cpu,17215.3,17215.4
5,639,h_s,dpu,17215.4,17216.7
5,639,gc,cpu,17216.7,17232.8
5,649,normalize,cpu,17233.4,17237
5,649,g_a_cpu,cpu,17237,17237.4
5,649,g_a,dpu,17237.4,17308.3
5,649,g_a,dpu,17308.3,17345.3
5,649,g_a_cpu,cpu,17345.3,17345.7
5,649,h_a,dpu,17345.7,17460.4
5,649,eb_enc,cpu,17460.4,17460.5
5,649,eb_dec,cpu,17460.5,17460.6
5,649,h_s,dpu,17460.6,17461.8
5,649,gc,cpu,17461.8,17471.7
5,657,normalize,cpu,17472.2,17475.9
5,657,g_a_cpu,cpu,17475.9,17476.3
5,657,g_a,dpu,17476.3,17513.3
5,657,g_a,dpu,17513.3,17622.5
5,657,g_a_cpu,cpu,17622.5,17622.9
5,657,h_a,dpu,17622.9,17698.6
5,657,eb_enc,cpu,17698.6,17698.7
5,657,eb_dec,cpu,17698.7,17698.8
5,657,h_s,dpu,17698.8,17704.1
5,657,gc,cpu,17704.1,17714
5,666,normalize,cpu,17714.6,17718.3
5,666,g_a_cpu,cpu,17718.3,17718.7
5,666,g_a,dpu,17718.7,17755.6
5,666,g_a,dpu,17755.6,17865.3
5,666,g_a_cpu,cpu,17865.3,17865.7
5,666,h_a,dpu,17865.7,17941.7
5,666,eb_enc,cpu,17941.7,17941.9
5,666,eb_dec,cpu,17941.9,17942
5,666,h_s,dpu,17942,17947.6
5,666,gc,cpu,17947.6,17958
5,675,normalize,cpu,17958.6,17963.5
5,675,g_a_cpu,cpu,17963.5,17963.9
5,675,g_a,dpu,17963.9,18037.4
5,675,g_a,dpu,18037.4,18147.2
5,675,g_a_cpu,cpu,18147.2,18147.7
5,675,h_a,dpu,18147.7,18188.6
5,675,eb_enc,cpu,18188.6,18188.7
5,675,eb_dec,cpu,18188.7,18188.8
5,675,h_s,dpu,18188.8,18193
5,675,gc,cpu,18193,18203
5,685,normalize,cpu,18203.4,18207.1
5,685,g_a_cpu,cpu,18207.1,18207.5
5,685,g_a,dpu,18207.5,18354
5,685,g_a,dpu,18354,18390.8
5,685,g_a_cpu,cpu,18390.8,18391.2
5,685,h_a,dpu,18391.2,18437.1
5,685,eb_enc,cpu,18437.1,18437.2
5,685,eb_dec,cpu,18437.2,18437.4
5,685,h_s,dpu,18437.4,18439.1
5,685,gc,cpu,18439.1,18449.1
5,696,normalize,cpu,18449.8,18453.5
5,696,g_a_cpu,cpu,18453.5,18454.2
5,696,g_a,dpu,18454.2,18527
5,696,g_a,dpu,18527,18638.1
5,696,g_a_cpu,cpu,18638.1,18638.6
5,696,h_a,dpu,18638.6,18678.8
5,696,eb_enc,cpu,18678.8,18678.9
5,696,eb_dec,cpu,18678.9,18679
5,696,h_s,dpu,18679,18683.1
5,696,gc,cpu,18683.1,18692.9
5,704,normalize,cpu,18693.5,18697.1
5,704,g_a_cpu,cpu,18697.1,18697.6
5,704,g_a,dpu,18697.6,18770.3
5,704,g_a,dpu,18770.3,18882.9
5,704,g_a_cpu,cpu,18882.9,18883.4
5,704,h_a,dpu,18883.4,18923.6
5,704,eb_enc,cpu,18923.6,18923.7
5,704,eb_dec,cpu,18923.7,18923.8
5,704,h_s,dpu,18923.8,18927.6
5,704,gc,cpu,18927.6,18937.5
5,713,normalize,cpu,18938.1,18941.7
5,713,g_a_cpu,cpu,18941.7,18942.4
5,713,g_a,dpu,18942.4,19014.6
5,713,g_a,dpu,19014.6,19124.2
5,713,g_a_cpu,cpu,19124.2,19124.6
5,713,h_a,dpu,19124.6,19165.8
5,713,eb_enc,cpu,19165.8,19165.9
5,713,eb_dec,cpu,19165.9,19166
5,713,h_s,dpu,19166,19170.3
5,713,gc,cpu,19170.3,19180.3
5,722,normalize,cpu,19180.8,19184.4
5,722,g_a_cpu,cpu,19184.4,19184.9
5,722,g_a,dpu,19184.9,19256.6
5,722,g_a,dpu,19256.6,19365.9
5,722,g_a_cpu,cpu,19365.9,19366.3
5,722,h_a,dpu,19366.3,19407.2
5,722,eb_enc,cpu,19407.2,19407.3
5,722,eb_dec,cpu,19407.3,19407.4
5,722,h_s,dpu,19407.4,19411.7
5,722,gc,cpu,19411.7,19422
5,731,normalize,cpu,19422.5,19427
5,731,g_a_cpu,cpu,19427,19427.5
5,731,g_a,dpu,19427.5,19500.7
5,731,g_a,dpu,19500.7,19614.4
5,731,g_a_cpu,cpu,19614.4,19615
5,731,h_a,dpu,19615,19655.8
5,731,eb_enc,cpu,19655.8,19656
5,731,eb_dec,cpu,19656,19656.1
5,731,h_s,dpu,19656.1,19660.2
5,731,gc,cpu,19660.2,19670.7
5,740,normalize,cpu,19671.1,19674.8
5,740,g_a_cpu,cpu,19674.8,19675.2
5,740,g_a,dpu,19675.2,19749.4
5,740,g_a,dpu,19749.4,19859.3
5,740,g_a_cpu,cpu,19859.3,19859.7
5,740,h_a,dpu,19859.7,19901.3
5,740,eb_enc,cpu,19901.3,19901.4
5,740,eb_dec,cpu,19901.4,19901.5
5,740,h_s,dpu,19901.5,19905.6
5,740,gc,cpu,19905.6,19915.6
5,749,normalize,cpu,19916.1,19919.7
5,749,g_a_cpu,cpu,19919.7,19920.1
5,749,g_a,dpu,19920.1,19994.3
5,749,g_a,dpu,19994.3,20104
5,749,g_a_cpu,cpu,20104,20104.4
5,749,h_a,dpu,20104.4,20145.7
5,749,eb_enc,cpu,20145.7,20145.8
5,749,eb_dec,cpu,20145.8,20145.9
5,749,h_s,dpu,20145.9,20150.1
5,749,gc,cpu,20150.1,20160.4
5,758,normalize,cpu,20160.9,20164.7
5,758,g_a_cpu,cpu,20164.7,20165.1
5,758,g_a,dpu,20165.1,20237.8
5,758,g_a,dpu,20237.8,20347.3
5,758,g_a_cpu,cpu,20347.3,20347.8
5,758,h_a,dpu,20347.8,20388.7
5,758,eb_enc,cpu,20388.7,20388.8
5,758,eb_dec,cpu,20388.8,20388.9
5,758,h_s,dpu,20388.9,20393.1
5,758,gc,cpu,20393.1,20403.2
5,767,normalize,cpu,20403.7,20407.5
5,767,g_a_cpu,cpu,20407.5,20407.9
5,767,g_a,dpu,20407.9,20481.2
5,767,g_a,dpu,20481.2,20590.8
5,767,g_a_cpu,cpu,20590.8,20591.2
5,767,h_a,dpu,20591.2,20632.3
5,767,eb_enc,cpu,20632.3,20632.4
5,767,eb_dec,cpu,20632.4,20632.5
5,767,h_s,dpu,20632.5,20636.7
5,767,gc,cpu,20636.7,20648.3
5,777,normalize,cpu,20648.8,20652.4
5,777,g_a_cpu,cpu,20652.4,20653
5,777,g_a,dpu,20653,20799
5,777,g_a,dpu,20799,20839.4
5,777,g_a_cpu,cpu,20839.4,20839.8
5,777,h_a,dpu,20839.8,20880.7
5,777,eb_enc,cpu,20880.7,20880.9
5,777,eb_dec,cpu,20880.9,20881
5,777,h_s,dpu,20881,20919.8
5,777,gc,cpu,20919.8,20929.9
5,786,normalize,cpu,20930.4,20934.1
5,786,g_a_cpu,cpu,20934.1,20934.7
5,786,g_a,dpu,20934.7,21030.2
5,786,g_a,dpu,21030.2,21105.3
5,786,g_a_cpu,cpu,21105.3,21105.8
5,786,h_a,dpu,21105.8,21114.1
5,786,eb_enc,cpu,21114.1,21114.2
5,786,eb_dec,cpu,21114.2,21114.3
5,786,h_s,dpu,21114.3,21118.3
5,786,gc,cpu,21118.3,21128.6
5,795,normalize,cpu,21129.1,21132.7
5,795,g_a_cpu,cpu,21132.7,21133.1
5,795,g_a,dpu,21133.1,21233.5
5,795,g_a,dpu,21233.5,21342.9
5,795,g_a_cpu,cpu,21342.9,21343.3
5,795,h_a,dpu,21343.3,21349.3
5,795,eb_enc,cpu,21349.3,21349.5
5,795,eb_dec,cpu,21349.5,21349.6
5,795,h_s,dpu,21349.6,21352.3
5,795,gc,cpu,21352.3,21362.7
5,804,normalize,cpu,21363.2,21366.9
5,804,g_a_cpu,cpu,21366.9,21367.2
5,804,g_a,dpu,21367.2,21475.9
5,804,g_a,dpu,21475.9,21585.3
5,804,g_a_cpu,cpu,21585.3,21585.7
5,804,h_a,dpu,21585.7,21591.1
5,804,eb_enc,cpu,21591.1,21591.2
5,804,eb_dec,cpu,21591.2,21591.3
5,804,h_s,dpu,21591.3,21592.9
5,804,gc,cpu,21592.9,21603
5,812,normalize,cpu,21603.5,21607.2
5,812,g_a_cpu,cpu,21607.2,21607.5
5,812,g_a,dpu,21607.6,21751.1
5,812,g_a,dpu,21751.1,21787.9
5,812,g_a_cpu,cpu,21787.9,21788.4
5,812,h_a,dpu,21788.4,21833.8
5,812,eb_enc,cpu,21833.8,21833.9
5,812,eb_dec,cpu,21833.9,21834
5,812,h_s,dpu,21834,21835.8
5,812,gc,cpu,21835.8,21846.2
5,822,normalize,cpu,21846.7,21850.4
5,822,g_a_cpu,cpu,21850.5,21850.8
5,822,g_a,dpu,21850.8,21918.4
5,822,g_a,dpu,21918.4,22028.1
5,822,g_a_cpu,cpu,22028.1,22028.5
5,822,h_a,dpu,22028.5,22069.6
5,822,eb_enc,cpu,22069.6,22069.8
5,822,eb_dec,cpu,22069.8,22069.9
5,822,h_s,dpu,22069.9,22074.3
5,822,gc,cpu,22074.3,22084.2
5,830,normalize,cpu,22084.7,22088.4
5,830,g_a_cpu,cpu,22088.4,22088.8
5,830,g_a,dpu,22088.8,22161.8
5,830,g_a,dpu,22161.8,22271
5,830,g_a_cpu,cpu,22271,22271.4
5,830,h_a,dpu,22271.4,22311.8
5,830,eb_enc,cpu,22311.8,22311.9
5,830,eb_dec,cpu,22311.9,22312.1
5,830,h_s,dpu,22312.1,22315.9
5,830,gc,cpu,22315.9,22326.4
5,839,normalize,cpu,22326.9,22330.5
5,839,g_a_cpu,cpu,22330.5,22331
5,839,g_a,dpu,22331,22405.2
5,839,g_a,dpu,22405.2,22514.9
5,839,g_a_cpu,cpu,22514.9,22515.4
5,839,h_a,dpu,22515.4,22556
5,839,eb_enc,cpu,22556,22556.2
5,839,eb_dec,cpu,22556.2,22556.3
5,839,h_s,dpu,22556.3,22562.3
5,839,gc,cpu,22562.3,22572.3
5,848,normalize,cpu,22572.8,22576.5
5,848,g_a_cpu,cpu,22576.5,22577.2
5,848,g_a,dpu,22577.2,22647.8
5,848,g_a,dpu,22647.8,22757.1
5,848,g_a_cpu,cpu,22757.1,22757.6
5,848,h_a,dpu,22757.6,22798.6
5,848,eb_enc,cpu,22798.6,22798.7
5,848,eb_dec,cpu,22798.7,22798.8
5,848,h_s,dpu,22798.8,22806.3
5,848,gc,cpu,22806.3,22816.7
5,857,normalize,cpu,22817.3,22820.9
5,857,g_a_cpu,cpu,22820.9,22821.3
5,857,g_a,dpu,22821.3,22890.6
5,857,g_a,dpu,22890.6,23000
5,857,g_a_cpu,cpu,23000,23000.5
5,857,h_a,dpu,23000.5,23041.4
5,857,eb_enc,cpu,23041.4,23041.5
5,857,eb_dec,cpu,23041.5,23041.6
5,857,h_s,dpu,23041.6,23045.8
5,857,gc,cpu,23045.8,23055.7
5,866,normalize,cpu,23056.2,23061.5
5,866,g_a_cpu,cpu,23061.5,23062.1
5,866,g_a,dpu,23062.1,23133.5
5,866,g_a,dpu,23133.5,23242.9
5,866,g_a_cpu,cpu,23242.9,23243.4
5,866,h_a,dpu,23243.4,23284.4
5,866,eb_enc,cpu,23284.4,23284.5
5,866,eb_dec,cpu,23284.5,23284.7
5,866,h_s,dpu,23284.7,23288.9
5,866,gc,cpu,23288.9,23299.3
5,875,normalize,cpu,23299.9,23303.8
5,875,g_a_cpu,cpu,23303.8,23304.4
5,875,g_a,dpu,23304.4,23377
5,875,g_a,dpu,23377,23486.1
5,875,g_a_cpu,cpu,23486.1,23486.6
5,875,h_a,dpu,23486.6,23527
5,875,eb_enc,cpu,23527,23527.2
5,875,eb_dec,cpu,23527.2,23527.3
5,875,h_s,dpu,23527.3,23531.1
5,875,gc,cpu,23531.1,23543.1
5,885,normalize,cpu,23544,23557.7
5,885,g_a_cpu,cpu,23557.7,23558.5
5,885,g_a,dpu,23558.5,23631
5,885,g_a,dpu,23631,23739.8
5,885,g_a_cpu,cpu,23739.8,23740.2
5,885,h_a,dpu,23740.2,23789.4
5,885,eb_enc,cpu,23789.4,23789.6
5,885,eb_dec,cpu,23789.6,23789.7
5,885,h_s,dpu,23789.7,23796.3
5,885,gc,cpu,23796.3,23806.4
5,896,normalize,cpu,23807,23810.6
5,896,g_a_cpu,cpu,23810.7,23811.1
5,896,g_a,dpu,23811.1,23848.2
5,896,g_a,dpu,23848.2,23957.3
5,896,g_a_cpu,cpu,23957.3,23957.7
5,896,h_a,dpu,23957.7,24040.5
5,896,eb_enc,cpu,24040.5,24040.7
5,896,eb_dec,cpu,24040.7,24040.8
5,896,h_s,dpu,24040.8,24048.6
5,896,gc,cpu,24048.6,24059
5,907,normalize,cpu,24059.6,24063.3
5,907,g_a_cpu,cpu,24063.3,24063.8
5,907,g_a,dpu,24063.8,24100.7
5,907,g_a,dpu,24100.7,24209.7
5,907,g_a_cpu,cpu,24209.7,24210.1
5,907,h_a,dpu,24210.1,24286.3
5,907,eb_enc,cpu,24286.3,24286.4
5,907,eb_dec,cpu,24286.4,24286.5
5,907,h_s,dpu,24286.5,24293.4
5,907,gc,cpu,24293.4,24303.3
5,916,normalize,cpu,24303.9,24307.5
5,916,g_a_cpu,cpu,24307.5,24308
5,916,g_a,dpu,24308,24344.9
5,916,g_a,dpu,24344.9,24453.8
5,916,g_a_cpu,cpu,24453.8,24454.2
5,916,h_a,dpu,24454.2,24530.7
5,916,eb_enc,cpu,24530.7,24530.8
5,916,eb_dec,cpu,24530.8,24530.9
5,916,h_s,dpu,24530.9,24536.6
5,916,gc,cpu,24536.6,24546.6
5,925,normalize,cpu,24547.1,24550.8
5,925,g_a_cpu,cpu,24550.8,24551.3
5,925,g_a,dpu,24551.3,24588.3
5,925,g_a,dpu,24588.3,24697.2
5,925,g_a_cpu,cpu,24697.2,24698.8
5,925,h_a,dpu,24698.8,24772.7
5,925,eb_enc,cpu,24772.7,24772.8
5,925,eb_dec,cpu,24772.8,24772.9
5,925,h_s,dpu,24772.9,24777.5
5,925,gc,cpu,24777.5,24787.4
6,3,normalize,cpu,69.9702,73.7394
6,3,g_a_cpu,cpu,80.5206,81.3307
6,3,g_a,dpu,81.3406,190.341
6,3,g_a,dpu,190.345,299.209
6,3,g_a_cpu,cpu,299.211,299.803
6,3,h_a,dpu,299.812,302.649
6,3,eb_enc,cpu,302.65,302.873
6,3,eb_dec,cpu,302.873,302.991
6,3,h_s,dpu,302.991,306.312
6,3,gc,cpu,306.316,332.239
6,16,normalize,cpu,332.718,336.408
6,16,g_a_cpu,cpu,336.412,336.693
6,16,g_a,dpu,336.697,434.631
6,16,g_a,dpu,434.632,542.283
6,16,g_a_cpu,cpu,542.285,542.999
6,16,h_a,dpu,543.002,553.716
6,16,eb_enc,cpu,553.717,553.932
6,16,eb_dec,cpu,553.935,554.075
6,16,h_s,dpu,554.076,556.206
6,16,gc,cpu,556.208,566.344
6,24,normalize,cpu,566.824,571.152
6,24,g_a_cpu,cpu,571.155,571.536
6,24,g_a,dpu,571.539,634.633
6,24,g_a,dpu,634.636,742.4
6,24,g_a_cpu,cpu,742.402,742.899
6,24,h_a,dpu,742.9,780.249
6,24,eb_enc,cpu,780.25,780.383
6,24,eb_dec,cpu,780.383,780.499
6,24,h_s,dpu,780.499,783.54
6,24,gc,cpu,783.541,794.497
6,29,normalize,cpu,795.111,798.821
6,29,g_a_cpu,cpu,798.826,799.222
6,29,g_a,dpu,799.227,835.898
6,29,g_a,dpu,835.905,943.482
6,29,g_a_cpu,cpu,943.484,943.96
6,29,h_a,dpu,943.962,1016.34
6,29,eb_enc,cpu,1016.34,1016.51
6,29,eb_dec,cpu,1016.52,1016.65
6,29,h_s,dpu,1016.65,1018.78
6,29,gc,cpu,1018.78,1029.42
6,38,normalize,cpu,1029.95,1033.72
6,38,g_a_cpu,cpu,1033.73,1034.11
6,38,g_a,dpu,1034.12,1070.6
6,38,g_a,dpu,1070.61,1178.64
6,38,g_a_cpu,cpu,1178.64,1179.22
6,38,h_a,dpu,1179.22,1255.02
6,38,eb_enc,cpu,1255.02,1255.14
6,38,eb_dec,cpu,1255.14,1255.25
6,38,h_s,dpu,1255.25,1256.15
6,38,gc,cpu,1256.15,1266.64
6,47,normalize,cpu,1267.22,1271.01
6,47,g_a_cpu,cpu,1271.01,1271.43
6,47,g_a,dpu,1271.43,1308.07
6,47,g_a,dpu,1308.07,1415.61
6,47,g_a_cpu,cpu,1415.61,1416.08
6,47,h_a,dpu,1416.08,1491.17
6,47,eb_enc,cpu,1491.17,1491.29
6,47,eb_dec,cpu,1491.29,1491.4
6,47,h_s,dpu,1491.4,1492.29
6,47,gc,cpu,1492.29,1504.94
6,57,normalize,cpu,1505.84,1515.56
6,57,g_a_cpu,cpu,1515.56,1516.03
6,57,g_a,dpu,1516.03,1623.13
6,57,g_a,dpu,1623.13,1732.3
6,57,g_a_cpu,cpu,1732.3,1732.78
6,57,h_a,dpu,1732.79,1739
6,57,eb_enc,cpu,1739,1739.15
6,57,eb_dec,cpu,1739.15,1739.28
6,57,h_s,dpu,1739.28,1742.11
6,57,gc,cpu,1742.11,1753.5
6,69,normalize,cpu,1765.92,1769.58
6,69,g_a_cpu,cpu,1769.58,1769.94
6,69,g_a,dpu,1769.95,1857.52
6,69,g_a,dpu,1857.52,1966.03
6,69,g_a_cpu,cpu,1966.03,1966.38
6,69,h_a,dpu,1966.38,1967.58
6,69,eb_enc,cpu,1967.58,1967.74
6,69,eb_dec,cpu,1967.74,1967.87
6,69,h_s,dpu,1967.87,1978.33
6,69,gc,cpu,1978.34,1989.03
6,77,normalize,cpu,1989.53,1993.14
6,77,g_a_cpu,cpu,1993.15,1993.5
6,77,g_a,dpu,1993.5,2169
6,77,g_a,dpu,2169,2206.91
6,77,g_a_cpu,cpu,2206.91,2207.26
6,77,h_a,dpu,2207.26,2280.3
6,77,eb_enc,cpu,2280.3,2280.42
6,77,eb_dec,cpu,2280.42,2280.53
6,77,h_s,dpu,2280.53,2353.46
6,77,gc,cpu,2353.46,2363.48
6,89,normalize,cpu,2364.2,2367.86
6,89,g_a_cpu,cpu,2367.86,2368.26
6,89,g_a,dpu,2368.27,2404.78
6,89,g_a,dpu,2404.78,2513.24
6,89,g_a_cpu,cpu,2513.24,2513.71
6,89,h_a,dpu,2513.72,2586.05
6,89,eb_enc,cpu,2586.05,2586.19
6,89,eb_dec,cpu,2586.19,2586.31
6,89,h_s,dpu,2586.31,2588.83
6,89,gc,cpu,2588.83,2599.14
6,98,normalize,cpu,2599.78,2603.46
6,98,g_a_cpu,cpu,2603.46,2603.83
6,98,g_a,dpu,2603.84,2640.46
6,98,g_a,dpu,2640.46,2748.17
6,98,g_a_cpu,cpu,2748.17,2748.61
6,98,h_a,dpu,2748.61,2821.03
6,98,eb_enc,cpu,2821.03,2821.17
6,98,eb_dec,cpu,2821.17,2821.35
6,98,h_s,dpu,2821.35,2823.48
6,98,gc,cpu,2823.48,2833.54
6,107,normalize,cpu,2834.09,2837.77
6,107,g_a_cpu,cpu,2837.78,2838.24
6,107,g_a,dpu,2838.25,2874.71
6,107,g_a,dpu,2874.71,2982.35
6,107,g_a_cpu,cpu,2982.35,2982.83
6,107,h_a,dpu,2982.83,3057.33
6,107,eb_enc,cpu,3057.33,3057.59
6,107,eb_dec,cpu,3057.59,3057.78
6,107,h_s,dpu,3057.78,3074
6,107,gc,cpu,3074,3084.35
6,119,normalize,cpu,3085,3088.64
6,119,g_a_cpu,cpu,3088.65,3088.98
6,119,g_a,dpu,3088.98,3187.29
6,119,g_a,dpu,3187.29,3297.8
6,119,g_a_cpu,cpu,3297.8,3298.38
6,119,h_a,dpu,3298.38,3301.32
6,119,eb_enc,cpu,3301.32,3301.46
6,119,eb_dec,cpu,3301.46,3301.57
6,119,h_s,dpu,3301.57,3303.24
6,119,gc,cpu,3303.25,3313.44
6,128,normalize,cpu,3314,3317.72
6,128,g_a_cpu,cpu,3317.73,3318.05
6,128,g_a,dpu,3318.05,3422.43
6,128,g_a,dpu,3422.43,3530.22
6,128,g_a_cpu,cpu,3530.22,3530.58
6,128,h_a,dpu,3530.58,3533.32
6,128,eb_enc,cpu,3533.32,3533.44
6,128,eb_dec,cpu,3533.44,3533.55
6,128,h_s,dpu,3533.55,3535.92
6,128,gc,cpu,3535.92,3546.28
6,137,normalize,cpu,3546.71,3550.57
6,137,g_a_cpu,cpu,3550.57,3550.92
6,137,g_a,dpu,3550.92,3657.37
6,137,g_a,dpu,3657.37,3694.1
6,137,g_a_cpu,cpu,3694.1,3694.67
6,137,h_a,dpu,3694.67,3769.86
6,137,eb_enc,cpu,3769.86,3769.98
6,137,eb_dec,cpu,3769.98,3770.09
6,137,h_s,dpu,3770.09,3771.05
6,137,gc,cpu,3771.05,3781.66
6,144,normalize,cpu,3782.27,3785.96
6,144,g_a_cpu,cpu,3785.97,3786.36
6,144,g_a,dpu,3786.37,3822.87
6,144,g_a,dpu,3822.87,3930.45
6,144,g_a_cpu,cpu,3930.46,3930.9
6,144,h_a,dpu,3930.91,4003.32
6,144,eb_enc,cpu,4003.32,4003.47
6,144,eb_dec,cpu,4003.47,4003.59
6,144,h_s,dpu,4003.59,4006.04
6,144,gc,cpu,4006.04,4015.96
6,153,normalize,cpu,4016.46,4020.11
6,153,g_a_cpu,cpu,4020.12,4020.57
6,153,g_a,dpu,4020.57,4057.26
6,153,g_a,dpu,4057.26,4164.87
6,153,g_a_cpu,cpu,4164.87,4165.42
6,153,h_a,dpu,4165.42,4239.35
6,153,eb_enc,cpu,4239.35,4239.57
6,153,eb_dec,cpu,4239.57,4239.71
6,153,h_s,dpu,4239.71,4242.8
6,153,gc,cpu,4242.8,4252.73
6,162,normalize,cpu,4253.31,4256.93
6,162,g_a_cpu,cpu,4256.94,4257.41
6,162,g_a,dpu,4257.42,4293.9
6,162,g_a,dpu,4293.9,4401.48
6,162,g_a_cpu,cpu,4401.49,4402
6,162,h_a,dpu,4402,4477.75
6,162,eb_enc,cpu,4477.75,4477.88
6,162,eb_dec,cpu,4477.88,4477.99
6,162,h_s,dpu,4477.99,4479.02
6,162,gc,cpu,4479.02,4489.85
6,171,normalize,cpu,4490.43,4494.09
6,171,g_a_cpu,cpu,4494.11,4494.71
6,171,g_a,dpu,4494.71,4531.83
6,171,g_a,dpu,4531.83,4640.15
6,171,g_a_cpu,cpu,4640.15,4640.55
6,171,h_a,dpu,4640.55,4717.04
6,171,eb_enc,cpu,4717.05,4717.18
6,171,eb_dec,cpu,4717.18,4717.33
6,171,h_s,dpu,4717.33,4718.45
6,171,gc,cpu,4718.45,4728.89
6,180,normalize,cpu,4729.75,4736.86
6,180,g_a_cpu,cpu,4736.86,4737.28
6,180,g_a,dpu,4737.28,4773.78
6,180,g_a,dpu,4773.79,4881.43
6,180,g_a_cpu,cpu,4881.43,4881.95
6,180,h_a,dpu,4881.95,4966.54
6,180,eb_enc,cpu,4966.54,4966.67
6,180,eb_dec,cpu,4966.67,4966.79
6,180,h_s,dpu,4966.79,4968.4
6,180,gc,cpu,4968.4,4978.38
6,190,normalize,cpu,4978.94,4983.32
6,190,g_a_cpu,cpu,4983.32,4983.81
6,190,g_a,dpu,4983.81,5044.62
6,190,g_a,dpu,5044.62,5152.35
6,190,g_a_cpu,cpu,5152.35,5152.82
6,190,h_a,dpu,5152.83,5189.97
6,190,eb_enc,cpu,5189.97,5190.12
6,190,eb_dec,cpu,5190.12,5190.24
6,190,h_s,dpu,5190.24,5192.34
6,190,gc,cpu,5192.34,5202.84
6,195,normalize,cpu,5203.56,5207.24
6,195,g_a_cpu,cpu,5207.24,5207.76
6,195,g_a,dpu,5207.77,5244.33
6,195,g_a,dpu,5244.33,5351.91
6,195,g_a_cpu,cpu,5351.92,5352.46
6,195,h_a,dpu,5352.46,5426.8
6,195,eb_enc,cpu,5426.8,5426.92
6,195,eb_dec,cpu,5426.92,5427.03
6,195,h_s,dpu,5427.03,5427.94
6,195,gc,cpu,5427.94,5438.02
6,204,normalize,cpu,5438.68,5442.61
6,204,g_a_cpu,cpu,5442.61,5443.25
6,204,g_a,dpu,5443.25,5479.8
6,204,g_a,dpu,5479.8,5516.1
6,204,g_a_cpu,cpu,5516.1,5516.45
6,204,h_a,dpu,5516.45,5517.6
6,204,eb_enc,cpu,5517.6,5517.72
6,204,eb_dec,cpu,5517.72,5517.84
6,204,h_s,dpu,5517.84,5518.68
6,204,gc,cpu,5518.68,5528.46
6,210,normalize,cpu,5529,5532.75
6,210,g_a_cpu,cpu,5532.75,5533.07
6,210,g_a,dpu,5533.07,5629.29
6,210,g_a,dpu,5629.29,5665.6
6,210,g_a_cpu,cpu,5665.6,5666.09
6,210,h_a,dpu,5666.09,5741.18
6,210,eb_enc,cpu,5741.18,5741.33
6,210,eb_dec,cpu,5741.33,5741.45
6,210,h_s,dpu,5741.45,5743.89
6,210,gc,cpu,5743.89,5753.93
6,219,normalize,cpu,5754.4,5758.12
6,219,g_a_cpu,cpu,5758.13,5758.66
6,219,g_a,dpu,5758.66,5865.18
6,219,g_a,dpu,5865.18,5973.09
6,219,g_a_cpu,cpu,5973.09,5973.9
6,219,h_a,dpu,5973.9,5976.02
6,219,eb_enc,cpu,5976.02,5976.15
6,219,eb_dec,cpu,5976.15,5976.26
6,219,h_s,dpu,5976.26,5978.43
6,219,gc,cpu,5978.43,5988.31
6,228,normalize,cpu,5988.76,5992.42
6,228,g_a_cpu,cpu,5992.42,5992.98
6,228,g_a,dpu,5992.99,6099.93
6,228,g_a,dpu,6099.93,6208.05
6,228,g_a_cpu,cpu,6208.05,6208.61
6,228,h_a,dpu,6208.61,6210.54
6,228,eb_enc,cpu,6210.54,6210.67
6,228,eb_dec,cpu,6210.68,6210.79
6,228,h_s,dpu,6210.79,6212.71
6,228,gc,cpu,6212.71,6222.94
6,236,normalize,cpu,6223.38,6227.08
6,236,g_a_cpu,cpu,6227.09,6227.57
6,236,g_a,dpu,6227.57,6334.35
6,236,g_a,dpu,6334.35,6370.74
6,236,g_a_cpu,cpu,6370.74,6371.19
6,236,h_a,dpu,6371.19,6443.46
6,236,eb_enc,cpu,6443.46,6443.6
6,236,eb_dec,cpu,6443.6,6443.72
6,236,h_s,dpu,6443.72,6445.84
6,236,gc,cpu,6445.84,6456.26
6,243,normalize,cpu,6456.87,6460.55
6,243,g_a_cpu,cpu,6460.56,6460.94
6,243,g_a,dpu,6460.95,6497.54
6,243,g_a,dpu,6497.55,6605.32
6,243,g_a_cpu,cpu,6605.32,6605.66
6,243,h_a,dpu,6605.66,6679.32
6,243,eb_enc,cpu,6679.32,6679.47
6,243,eb_dec,cpu,6679.47,6679.59
6,243,h_s,dpu,6679.59,6682.06
6,243,gc,cpu,6682.06,6692.31
6,252,normalize,cpu,6693.04,6696.74
6,252,g_a_cpu,cpu,6696.74,6697.29
6,252,g_a,dpu,6697.29,6733.78
6,252,g_a,dpu,6733.78,6841.52
6,252,g_a_cpu,cpu,6841.52,6841.98
6,252,h_a,dpu,6841.98,6914.13
6,252,eb_enc,cpu,6914.13,6914.28
6,252,eb_dec,cpu,6914.28,6914.39
6,252,h_s,dpu,6914.39,6916.48
6,252,gc,cpu,6916.48,6926.46
6,261,normalize,cpu,6926.99,6930.67
6,261,g_a_cpu,cpu,6930.68,6931.22
6,261,g_a,dpu,6931.23,6967.73
6,261,g_a,dpu,6967.73,7075.51
6,261,g_a_cpu,cpu,7075.51,7075.95
6,261,h_a,dpu,7075.95,7148.13
6,261,eb_enc,cpu,7148.14,7148.28
6,261,eb_dec,cpu,7148.28,7148.4
6,261,h_s,dpu,7148.4,7150.47
6,261,gc,cpu,7150.47,7160.35
6,270,normalize,cpu,7160.85,7164.53
6,270,g_a_cpu,cpu,7164.53,7164.94
6,270,g_a,dpu,7164.94,7201.46
6,270,g_a,dpu,7201.46,7309.55
6,270,g_a_cpu,cpu,7309.55,7310.23
6,270,h_a,dpu,7310.23,7383.3
6,270,eb_enc,cpu,7383.3,7383.48
6,270,eb_dec,cpu,7383.48,7383.62
6,270,h_s,dpu,7383.62,7386.3
6,270,gc,cpu,7386.3,7396.63
6,279,normalize,cpu,7397.16,7400.84
6,279,g_a_cpu,cpu,7400.84,7401.25
6,279,g_a,dpu,7401.25,7437.8
6,279,g_a,dpu,7437.8,7621.09
6,279,g_a_cpu,cpu,7621.1,7621.63
6,279,h_a,dpu,7621.63,7624.08
6,279,eb_enc,cpu,7624.08,7624.21
6,279,eb_dec,cpu,7624.21,7624.33
6,279,h_s,dpu,7624.33,7626.28
6,279,gc,cpu,7626.28,7640.87
6,290,normalize,cpu,7641.4,7645.01
6,290,g_a_cpu,cpu,7645.02,7645.39
6,290,g_a,dpu,7645.4,7751.06
6,290,g_a,dpu,7751.06,7787.66
6,290,g_a_cpu,cpu,7787.66,7788.22
6,290,h_a,dpu,7788.22,7861.49
6,290,eb_enc,cpu,7861.49,7861.65
6,290,eb_dec,cpu,7861.65,7861.77
6,290,h_s,dpu,7861.77,7863.88
6,290,gc,cpu,7863.88,7874.28
6,296,normalize,cpu,7874.82,7878.48
6,296,g_a_cpu,cpu,7878.48,7878.87
6,296,g_a,dpu,7878.87,7915.44
6,296,g_a,dpu,7915.45,8023.39
6,296,g_a_cpu,cpu,8023.4,8023.73
6,296,h_a,dpu,8023.73,8096.92
6,296,eb_enc,cpu,8096.93,8097.06
6,296,eb_dec,cpu,8097.06,8097.19
6,296,h_s,dpu,8097.19,8099.81
6,296,gc,cpu,8099.81,8109.9
6,305,normalize,cpu,8110.51,8114.2
6,305,g_a_cpu,cpu,8114.2,8114.58
6,305,g_a,dpu,8114.58,8151.07
6,305,g_a,dpu,8151.08,8303.7
6,305,g_a_cpu,cpu,8303.7,8304.03
6,305,h_a,dpu,8304.03,8305.27
6,305,eb_enc,cpu,8305.27,8305.41
6,305,eb_dec,cpu,8305.41,8305.52
6,305,h_s,dpu,8305.52,8343.07
6,305,gc,cpu,8343.07,8353.3
6,315,normalize,cpu,8353.77,8357.44
6,315,g_a_cpu,cpu,8357.44,8357.94
6,315,g_a,dpu,8357.95,8429.92
6,315,g_a,dpu,8429.93,8538.01
6,315,g_a_cpu,cpu,8538.01,8538.5
6,315,h_a,dpu,8538.5,8576.23
6,315,eb_enc,cpu,8576.23,8576.37
6,315,eb_dec,cpu,8576.37,8576.48
6,315,h_s,dpu,8576.48,8578.88
6,315,gc,cpu,8578.89,8589.17
6,324,normalize,cpu,8589.74,8594.5
6,324,g_a_cpu,cpu,8594.51,8594.97
6,324,g_a,dpu,8594.97,8701.68
6,324,g_a,dpu,8701.69,8738.13
6,324,g_a_cpu,cpu,8738.13,8738.61
6,324,h_a,dpu,8738.61,8776.67
6,324,eb_enc,cpu,8776.67,8776.81
6,324,eb_dec,cpu,8776.81,8776.93
6,324,h_s,dpu,8776.93,8822.23
6,324,gc,cpu,8822.24,8832.35
6,333,normalize,cpu,8832.86,8836.61
6,333,g_a_cpu,cpu,8836.62,8836.96
6,333,g_a,dpu,8836.96,8901.84
6,333,g_a,dpu,8901.84,8975.58
6,333,g_a_cpu,cpu,8975.58,8975.92
6,333,h_a,dpu,8975.92,8986.58
6,333,eb_enc,cpu,8986.58,8986.7
6,333,eb_dec,cpu,8986.7,8986.81
6,333,h_s,dpu,8986.81,8987.8
6,333,gc,cpu,8987.8,8997.68
6,342,normalize,cpu,8998.15,9001.8
6,342,g_a_cpu,cpu,9001.81,9002.14
6,342,g_a,dpu,9002.14,9100.64
6,342,g_a,dpu,9100.64,9208.74
6,342,g_a_cpu,cpu,9208.74,9209.56
6,342,h_a,dpu,9209.56,9212.58
6,342,eb_enc,cpu,9212.58,9212.75
6,342,eb_dec,cpu,9212.75,9212.87
6,342,h_s,dpu,9212.87,9218.45
6,342,gc,cpu,9218.45,9228.53
6,351,normalize,cpu,9229.5,9233.26
6,351,g_a_cpu,cpu,9233.26,9233.73
6,351,g_a,dpu,9233.74,9337.48
6,351,g_a,dpu,9337.48,9457.37
6,351,g_a_cpu,cpu,9457.37,9457.7
6,351,h_a,dpu,9457.7,9460.47
6,351,eb_enc,cpu,9460.47,9460.59
6,351,eb_dec,cpu,9460.59,9460.7
6,351,h_s,dpu,9460.7,9463.03
6,351,gc,cpu,9463.03,9472.84
6,360,normalize,cpu,9473.32,9477.06
6,360,g_a_cpu,cpu,9477.06,9477.5
6,360,g_a,dpu,9477.5,9584.29
6,360,g_a,dpu,9584.29,9692.09
6,360,g_a_cpu,cpu,9692.09,9692.44
6,360,h_a,dpu,9692.44,9695.22
6,360,eb_enc,cpu,9695.23,9695.34
6,360,eb_dec,cpu,9695.34,9695.45
6,360,h_s,dpu,9695.45,9697.71
6,360,gc,cpu,9697.71,9707.59
6,368,normalize,cpu,9708.17,9712.01
6,368,g_a_cpu,cpu,9712.02,9712.48
6,368,g_a,dpu,9712.48,9819.15
6,368,g_a,dpu,9819.15,9927.6
6,368,g_a_cpu,cpu,9927.6,9927.94
6,368,h_a,dpu,9927.94,9942.32
6,368,eb_enc,cpu,9942.32,9942.45
6,368,eb_dec,cpu,9942.45,9942.56
6,368,h_s,dpu,9942.56,9943.88
6,368,gc,cpu,9943.88,9953.77
6,378,normalize,cpu,9954.21,9957.84
6,378,g_a_cpu,cpu,9957.84,9958.17
6,378,g_a,dpu,9958.17,10054.4
6,378,g_a,dpu,10054.4,10162.2
6,378,g_a_cpu,cpu,10162.2,10162.8
6,378,h_a,dpu,10162.8,10165.5
6,378,eb_enc,cpu,10165.5,10165.6
6,378,eb_dec,cpu,10165.6,10165.7
6,378,h_s,dpu,10165.7,10170.2
6,378,gc,cpu,10170.2,10181.3
6,387,normalize,cpu,10182,10185.6
6,387,g_a_cpu,cpu,10185.6,10185.9
6,387,g_a,dpu,10185.9,10289.1
6,387,g_a,dpu,10289.1,10397
6,387,g_a_cpu,cpu,10397,10397.7
6,387,h_a,dpu,10397.7,10399.7
6,387,eb_enc,cpu,10399.7,10399.8
6,387,eb_dec,cpu,10399.8,10400
6,387,h_s,dpu,10400,10402
6,387,gc,cpu,10402,10412.2
6,396,normalize,cpu,10412.7,10416.4
6,396,g_a_cpu,cpu,10416.4,10417.6
6,396,g_a,dpu,10417.6,10523.6
6,396,g_a,dpu,10523.6,10631.4
6,396,g_a_cpu,cpu,10631.4,10631.9
6,396,h_a,dpu,10631.9,10633.6
6,396,eb_enc,cpu,10633.6,10633.7
6,396,eb_dec,cpu,10633.7,10633.9
6,396,h_s,dpu,10633.9,10636.3
6,396,gc,cpu,10636.3,10646.6
6,403,normalize,cpu,10647.2,10650.9
6,403,g_a_cpu,cpu,10650.9,10651.4
6,403,g_a,dpu,10651.4,10688.3
6,403,g_a,dpu,10688.3,10796.8
6,403,g_a_cpu,cpu,10796.8,10797.5
6,403,h_a,dpu,10797.5,10870
6,403,eb_enc,cpu,10870,10870.2
6,403,eb_dec,cpu,10870.2,10870.3
6,403,h_s,dpu,10870.3,10872.7
6,403,gc,cpu,10872.7,10882.6
6,411,normalize,cpu,10883.2,10886.9
6,411,g_a_cpu,cpu,10886.9,10887.5
6,411,g_a,dpu,10887.5,10960.8
6,411,g_a,dpu,10960.8,11069.8
6,411,g_a_cpu,cpu,11069.8,11070.8
6,411,h_a,dpu,11070.8,11108
6,411,eb_enc,cpu,11108,11108.2
6,411,eb_dec,cpu,11108.2,11108.3
6,411,h_s,dpu,11108.3,11114.1
6,411,gc,cpu,11114.1,11123.9
6,419,normalize,cpu,11124.5,11128.2
6,419,g_a_cpu,cpu,11128.2,11128.6
6,419,g_a,dpu,11128.6,11165.1
6,419,g_a,dpu,11165.1,11274.2
6,419,g_a_cpu,cpu,11274.2,11274.7
6,419,h_a,dpu,11274.7,11312.3
6,419,eb_enc,cpu,11312.3,11312.5
6,419,eb_dec,cpu,11312.5,11312.7
6,419,h_s,dpu,11312.7,11350.6
6,419,gc,cpu,11350.6,11360.7
6,428,normalize,cpu,11361.2,11364.8
6,428,g_a_cpu,cpu,11364.8,11366.1
6,428,g_a,dpu,11366.1,11402.5
6,428,g_a,dpu,11402.5,11510.2
6,428,g_a_cpu,cpu,11510.2,11510.7
6,428,h_a,dpu,11510.7,11583
6,428,eb_enc,cpu,11583,11583.1
6,428,eb_dec,cpu,11583.1,11583.2
6,428,h_s,dpu,11583.2,11585.7
6,428,gc,cpu,11585.7,11595.9
6,437,normalize,cpu,11596.5,11600.2
6,437,g_a_cpu,cpu,11600.2,11600.7
6,437,g_a,dpu,11600.7,11638
6,437,g_a,dpu,11638,11745.8
6,437,g_a_cpu,cpu,11745.8,11746.2
6,437,h_a,dpu,11746.2,11818.5
6,437,eb_enc,cpu,11818.5,11818.7
6,437,eb_dec,cpu,11818.7,11818.8
6,437,h_s,dpu,11818.8,11821
6,437,gc,cpu,11821,11831
6,446,normalize,cpu,11831.7,11835.3
6,446,g_a_cpu,cpu,11835.3,11835.7
6,446,g_a,dpu,11835.7,11872.2
6,446,g_a,dpu,11872.2,11980.3
6,446,g_a_cpu,cpu,11980.3,11980.8
6,446,h_a,dpu,11980.9,12053.7
6,446,eb_enc,cpu,12053.7,12053.8
6,446,eb_dec,cpu,12053.8,12053.9
6,446,h_s,dpu,12053.9,12056.4
6,446,gc,cpu,12056.4,12066.4
6,455,normalize,cpu,12067,12070.7
6,455,g_a_cpu,cpu,12070.7,12071.3
6,455,g_a,dpu,12071.3,12107.9
6,455,g_a,dpu,12107.9,12215.5
6,455,g_a_cpu,cpu,12215.5,12216
6,455,h_a,dpu,12216,12289.8
6,455,eb_enc,cpu,12289.8,12290
6,455,eb_dec,cpu,12290,12290.1
6,455,h_s,dpu,12290.1,12293.5
6,455,gc,cpu,12293.5,12303.9
6,465,normalize,cpu,12304.8,12308.4
6,465,g_a_cpu,cpu,12308.4,12308.9
6,465,g_a,dpu,12308.9,12345.4
6,465,g_a,dpu,12345.4,12453
6,465,g_a_cpu,cpu,12453,12453.5
6,465,h_a,dpu,12453.5,12526.5
6,465,eb_enc,cpu,12526.5,12526.6
6,465,eb_dec,cpu,12526.6,12526.7
6,465,h_s,dpu,12526.7,12529.3
6,465,gc,cpu,12529.3,12539.7
6,474,normalize,cpu,12540.3,12544
6,474,g_a_cpu,cpu,12544,12544.4
6,474,g_a,dpu,12544.4,12581.1
6,474,g_a,dpu,12581.1,12688.7
6,474,g_a_cpu,cpu,12688.7,12689.2
6,474,h_a,dpu,12689.2,12762.1
6,474,eb_enc,cpu,12762.1,12762.2
6,474,eb_dec,cpu,12762.2,12762.3
6,474,h_s,dpu,12762.4,12764.7
6,474,gc,cpu,12764.8,12774.7
6,483,normalize,cpu,12775.4,12779.1
6,483,g_a_cpu,cpu,12779.1,12779.5
6,483,g_a,dpu,12779.5,12816
6,483,g_a,dpu,12816,12923.6
6,483,g_a_cpu,cpu,12923.6,12924.1
6,483,h_a,dpu,12924.1,13002.3
6,483,eb_enc,cpu,13002.3,13002.4
6,483,eb_dec,cpu,13002.4,13002.5
6,483,h_s,dpu,13002.5,13005.2
6,483,gc,cpu,13005.2,13016.1
6,494,normalize,cpu,13016.7,13020.4
6,494,g_a_cpu,cpu,13020.4,13020.7
6,494,g_a,dpu,13020.7,13117.2
6,494,g_a,dpu,13117.3,13225.1
6,494,g_a_cpu,cpu,13225.1,13225.5
6,494,h_a,dpu,13225.5,13228.8
6,494,eb_enc,cpu,13228.8,13228.9
6,494,eb_dec,cpu,13228.9,13229
6,494,h_s,dpu,13229,13231.6
6,494,gc,cpu,13231.6,13243.8
6,503,normalize,cpu,13244.3,13248
6,503,g_a_cpu,cpu,13248,13248.4
6,503,g_a,dpu,13248.4,13317.9
6,503,g_a,dpu,13317.9,13425.5
6,503,g_a_cpu,cpu,13425.5,13426.1
6,503,h_a,dpu,13426.1,13475.1
6,503,eb_enc,cpu,13475.1,13475.2
6,503,eb_dec,cpu,13475.2,13475.3
6,503,h_s,dpu,13475.3,13476.3
6,503,gc,cpu,13476.3,13487
6,511,normalize,cpu,13487.6,13491.3
6,511,g_a_cpu,cpu,13491.3,13491.8
6,511,g_a,dpu,13491.8,13592.9
6,511,g_a,dpu,13592.9,13700.8
6,511,g_a_cpu,cpu,13700.8,13701.7
6,511,h_a,dpu,13701.7,13718.7
6,511,eb_enc,cpu,13718.7,13718.9
6,511,eb_dec,cpu,13718.9,13719
6,511,h_s,dpu,13719,13720
6,511,gc,cpu,13720,13730.3
6,520,normalize,cpu,13731.2,13734.8
6,520,g_a_cpu,cpu,13734.8,13735.5
6,520,g_a,dpu,13735.5,13831.1
6,520,g_a,dpu,13831.1,13938.8
6,520,g_a_cpu,cpu,13938.8,13939.5
6,520,h_a,dpu,13939.5,13941.7
6,520,eb_enc,cpu,13941.7,13941.8
6,520,eb_dec,cpu,13941.8,13941.9
6,520,h_s,dpu,13941.9,13943.9
6,520,gc,cpu,13943.9,13967
6,526,normalize,cpu,13967.5,13971.3
6,526,g_a_cpu,cpu,13971.3,13971.7
6,526,g_a,dpu,13971.7,14042
6,526,g_a,dpu,14042,14149.5
6,526,g_a_cpu,cpu,14149.5,14150
6,526,h_a,dpu,14150,14187.1
6,526,eb_enc,cpu,14187.1,14187.3
6,526,eb_dec,cpu,14187.3,14187.4
6,526,h_s,dpu,14187.4,14191
6,526,gc,cpu,14191,14201.7
6,531,normalize,cpu,14202.4,14206.1
6,531,g_a_cpu,cpu,14206.1,14206.5
6,531,g_a,dpu,14206.5,14243
6,531,g_a,dpu,14243,14279.3
6,531,g_a_cpu,cpu,14279.3,14279.8
6,531,h_a,dpu,14279.8,14424.3
6,531,eb_enc,cpu,14424.3,14424.5
6,531,eb_dec,cpu,14424.5,14424.6
6,531,h_s,dpu,14424.6,14427.1
6,531,gc,cpu,14427.1,14437.2
6,540,normalize,cpu,14437.8,14441.6
6,540,g_a_cpu,cpu,14441.6,14441.9
6,540,g_a,dpu,14441.9,14478.5
6,540,g_a,dpu,14478.5,14587.2
6,540,g_a_cpu,cpu,14587.2,14587.8
6,540,h_a,dpu,14587.8,14625.1
6,540,eb_enc,cpu,14625.1,14625.3
6,540,eb_dec,cpu,14625.3,14625.4
6,540,h_s,dpu,14625.4,14666.3
6,540,gc,cpu,14666.3,14676.6
6,550,normalize,cpu,14677.6,14681.2
6,550,g_a_cpu,cpu,14681.2,14681.9
6,550,g_a,dpu,14681.9,14749.7
6,550,g_a,dpu,14749.7,14857.4
6,550,g_a_cpu,cpu,14857.4,14857.9
6,550,h_a,dpu,14857.9,14895.1
6,550,eb_enc,cpu,14895.1,14895.3
6,550,eb_dec,cpu,14895.3,14895.4
6,550,h_s,dpu,14895.4,14899
6,550,gc,cpu,14899,14909.4
6,559,normalize,cpu,14910,14913.6
6,559,g_a_cpu,cpu,14913.6,14914.3
6,559,g_a,dpu,14914.3,14983.2
6,559,g_a,dpu,14983.2,15091.2
6,559,g_a_cpu,cpu,15091.2,15091.8
6,559,h_a,dpu,15091.8,15129.5
6,559,eb_enc,cpu,15129.5,15129.6
6,559,eb_dec,cpu,15129.6,15129.7
6,559,h_s,dpu,15129.7,15132.1
6,559,gc,cpu,15132.1,15142.3
6,568,normalize,cpu,15142.8,15146.7
6,568,g_a_cpu,cpu,15146.7,15147.2
6,568,g_a,dpu,15147.2,15219.1
6,568,g_a,dpu,15219.1,15327.1
6,568,g_a_cpu,cpu,15327.1,15327.6
6,568,h_a,dpu,15327.6,15365.3
6,568,eb_enc,cpu,15365.3,15365.5
6,568,eb_dec,cpu,15365.5,15365.6
6,568,h_s,dpu,15365.6,15368
6,568,gc,cpu,15368,15378.2
6,577,normalize,cpu,15378.7,15382.4
6,577,g_a_cpu,cpu,15382.4,15382.8
6,577,g_a,dpu,15382.8,15455.2
6,577,g_a,dpu,15455.2,15563.3
6,577,g_a_cpu,cpu,15563.3,15563.9
6,577,h_a,dpu,15563.9,15601.6
6,577,eb_enc,cpu,15601.6,15601.7
6,577,eb_dec,cpu,15601.7,15601.8
6,577,h_s,dpu,15601.8,15604.3
6,577,gc,cpu,15604.3,15614.2
6,586,normalize,cpu,15614.8,15618.6
6,586,g_a_cpu,cpu,15618.6,15619.1
6,586,g_a,dpu,15619.1,15690.7
6,586,g_a,dpu,15690.7,15798.7
6,586,g_a_cpu,cpu,15798.7,15799.2
6,586,h_a,dpu,15799.2,15836.9
6,586,eb_enc,cpu,15836.9,15837.1
6,586,eb_dec,cpu,15837.1,15837.2
6,586,h_s,dpu,15837.2,15839.6
6,586,gc,cpu,15839.6,15849.6
6,595,normalize,cpu,15850.1,15853.7
6,595,g_a_cpu,cpu,15853.7,15854.1
6,595,g_a,dpu,15854.1,15926.4
6,595,g_a,dpu,15926.4,16034.4
6,595,g_a_cpu,cpu,16034.4,16034.8
6,595,h_a,dpu,16034.8,16072.5
6,595,eb_enc,cpu,16072.5,16072.7
6,595,eb_dec,cpu,16072.7,16072.8
6,595,h_s,dpu,16072.8,16075.2
6,595,gc,cpu,16075.2,16085.1
6,604,normalize,cpu,16085.5,16089.2
6,604,g_a_cpu,cpu,16089.2,16089.6
6,604,g_a,dpu,16089.6,16161.7
6,604,g_a,dpu,16161.7,16269.8
6,604,g_a_cpu,cpu,16269.8,16270.3
6,604,h_a,dpu,16270.3,16308
6,604,eb_enc,cpu,16308,16308.1
6,604,eb_dec,cpu,16308.1,16308.2
6,604,h_s,dpu,16308.2,16310.6
6,604,gc,cpu,16310.6,16320.8
6,613,normalize,cpu,16321.4,16325
6,613,g_a_cpu,cpu,16325,16325.4
6,613,g_a,dpu,16325.4,16435.4
6,613,g_a,dpu,16435.4,16471.7
6,613,g_a_cpu,cpu,16471.7,16472.1
6,613,h_a,dpu,16472.1,16473.2
6,613,eb_enc,cpu,16473.2,16473.4
6,613,eb_dec,cpu,16473.4,16473.5
6,613,h_s,dpu,16473.5,16514.1
6,613,gc,cpu,16514.1,16524.3
6,623,normalize,cpu,16524.9,16528.7
6,623,g_a_cpu,cpu,16528.7,16529
6,623,g_a,dpu,16529,16629.3
6,623,g_a,dpu,16629.3,16702
6,623,g_a_cpu,cpu,16702,16702.6
6,623,h_a,dpu,16702.6,16704.7
6,623,eb_enc,cpu,16704.7,16704.9
6,623,eb_dec,cpu,16704.9,16705
6,623,h_s,dpu,16705,16706.4
6,623,gc,cpu,16706.4,16717.4
6,629,normalize,cpu,16718,16721.7
6,629,g_a_cpu,cpu,16721.7,16722.3
6,629,g_a,dpu,16722.3,16790.3
6,629,g_a,dpu,16790.3,16898
6,629,g_a_cpu,cpu,16898,16898.5
6,629,h_a,dpu,16898.5,16935.5
6,629,eb_enc,cpu,16935.5,16935.7
6,629,eb_dec,cpu,16935.7,16935.8
6,629,h_s,dpu,16935.8,16937.9
6,629,gc,cpu,16937.9,16947.8
6,637,normalize,cpu,16948.6,16952.3
6,637,g_a_cpu,cpu,16952.3,16952.9
6,637,g_a,dpu,16952.9,17027.1
6,637,g_a,dpu,17027.1,17135.3
6,637,g_a_cpu,cpu,17135.3,17135.8
6,637,h_a,dpu,17135.8,17172.9
6,637,eb_enc,cpu,17172.9,17173
6,637,eb_dec,cpu,17173,17173.1
6,637,h_s,dpu,17173.1,17176.5
6,637,gc,cpu,17176.5,17186.6
6,646,normalize,cpu,17187.1,17190.8
6,646,g_a_cpu,cpu,17190.8,17191.2
6,646,g_a,dpu,17191.2,17269.3
6,646,g_a,dpu,17269.3,17377.5
6,646,g_a_cpu,cpu,17377.5,17378
6,646,h_a,dpu,17378,17415.8
6,646,eb_enc,cpu,17415.8,17415.9
6,646,eb_dec,cpu,17415.9,17416
6,646,h_s,dpu,17416,17418.6
6,646,gc,cpu,17418.6,17428.5
6,655,normalize,cpu,17429,17432.6
6,655,g_a_cpu,cpu,17432.7,17433
6,655,g_a,dpu,17433,17505.1
6,655,g_a,dpu,17505.1,17613.4
6,655,g_a_cpu,cpu,17613.4,17614
6,655,h_a,dpu,17614,17651.7
6,655,eb_enc,cpu,17651.7,17651.9
6,655,eb_dec,cpu,17651.9,17652
6,655,h_s,dpu,17652,17654.5
6,655,gc,cpu,17654.5,17664.6
6,664,normalize,cpu,17665.1,17668.7
6,664,g_a_cpu,cpu,17668.7,17669.2
6,664,g_a,dpu,17669.2,17741.3
6,664,g_a,dpu,17741.3,17849.6
6,664,g_a_cpu,cpu,17849.7,17850.1
6,664,h_a,dpu,17850.1,17887.9
6,664,eb_enc,cpu,17887.9,17888
6,664,eb_dec,cpu,17888,17888.1
6,664,h_s,dpu,17888.1,17890.9
6,664,gc,cpu,17890.9,17900.8
6,672,normalize,cpu,17901.5,17905.3
6,672,g_a_cpu,cpu,17905.3,17905.7
6,672,g_a,dpu,17905.7,17942.2
6,672,g_a,dpu,17942.2,18050
6,672,g_a_cpu,cpu,18050,18050.4
6,672,h_a,dpu,18050.4,18122.6
6,672,eb_enc,cpu,18122.6,18122.8
6,672,eb_dec,cpu,18122.8,18122.9
6,672,h_s,dpu,18122.9,18125
6,672,gc,cpu,18125,18135
6,681,normalize,cpu,18135.6,18139.3
6,681,g_a_cpu,cpu,18139.3,18139.7
6,681,g_a,dpu,18139.7,18176.2
6,681,g_a,dpu,18176.2,18284.1
6,681,g_a_cpu,cpu,18284.1,18284.5
6,681,h_a,dpu,18284.5,18356.7
6,681,eb_enc,cpu,18356.7,18356.8
6,681,eb_dec,cpu,18356.8,18357
6,681,h_s,dpu,18357,18359.1
6,681,gc,cpu,18359.1,18369.3
6,690,normalize,cpu,18369.9,18373.5
6,690,g_a_cpu,cpu,18373.5,18373.9
6,690,g_a,dpu,18373.9,18410.6
6,690,g_a,dpu,18410.6,18518.4
6,690,g_a_cpu,cpu,18518.4,18518.8
6,690,h_a,dpu,18518.9,18557.3
6,690,eb_enc,cpu,18557.3,18557.5
6,690,eb_dec,cpu,18557.5,18557.6
6,690,h_s,dpu,18557.6,18602.4
6,690,gc,cpu,18602.4,18612.9
6,702,normalize,cpu,18613.4,18617
6,702,g_a_cpu,cpu,18617,18617.4
6,702,g_a,dpu,18617.5,18717.8
6,702,g_a,dpu,18717.8,18825.9
6,702,g_a_cpu,cpu,18825.9,18826.2
6,702,h_a,dpu,18826.2,18829
6,702,eb_enc,cpu,18829,18829.1
6,702,eb_dec,cpu,18829.1,18829.2
6,702,h_s,dpu,18829.2,18831.5
6,702,gc,cpu,18831.5,18841.4
6,711,normalize,cpu,18841.9,18845.7
6,711,g_a_cpu,cpu,18845.7,18846.5
6,711,g_a,dpu,18846.5,18953.6
6,711,g_a,dpu,18953.6,19061.8
6,711,g_a_cpu,cpu,19061.8,19062.2
6,711,h_a,dpu,19062.2,19064.9
6,711,eb_enc,cpu,19064.9,19065.1
6,711,eb_dec,cpu,19065.1,19065.2
6,711,h_s,dpu,19065.2,19067.6
6,711,gc,cpu,19067.6,19077.4
6,720,normalize,cpu,19077.9,19081.7
6,720,g_a_cpu,cpu,19081.7,19082.1
6,720,g_a,dpu,19082.1,19189.1
6,720,g_a,dpu,19189.1,19297.3
6,720,g_a_cpu,cpu,19297.3,19297.6
6,720,h_a,dpu,19297.6,19300.4
6,720,eb_enc,cpu,19300.4,19300.5
6,720,eb_dec,cpu,19300.5,19300.6
6,720,h_s,dpu,19300.6,19302.9
6,720,gc,cpu,19302.9,19312.9
6,729,normalize,cpu,19313.4,19317.2
6,729,g_a_cpu,cpu,19317.2,19317.7
6,729,g_a,dpu,19317.7,19424.8
6,729,g_a,dpu,19424.8,19532.5
6,729,g_a_cpu,cpu,19532.5,19532.8
6,729,h_a,dpu,19532.9,19534.1
6,729,eb_enc,cpu,19534.1,19534.2
6,729,eb_dec,cpu,19534.2,19534.3
6,729,h_s,dpu,19534.3,19538
6,729,gc,cpu,19538,19547.9
6,736,normalize,cpu,19548.5,19552.3
6,736,g_a_cpu,cpu,19552.3,19552.7
6,736,g_a,dpu,19552.7,19589.5
6,736,g_a,dpu,19589.5,19697.3
6,736,g_a_cpu,cpu,19697.3,19697.7
6,736,h_a,dpu,19697.7,19770.4
6,736,eb_enc,cpu,19770.4,19770.6
6,736,eb_dec,cpu,19770.6,19770.7
6,736,h_s,dpu,19770.7,19772.8
6,736,gc,cpu,19772.9,19782.9
6,745,normalize,cpu,19783.6,19787.5
6,745,g_a_cpu,cpu,19787.5,19787.9
6,745,g_a,dpu,19787.9,19824.4
6,745,g_a,dpu,19824.4,19932.5
6,745,g_a_cpu,cpu,19932.5,19933
6,745,h_a,dpu,19933,20006.9
6,745,eb_enc,cpu,20006.9,20007.1
6,745,eb_dec,cpu,20007.1,20007.2
6,745,h_s,dpu,20007.2,20011.1
6,745,gc,cpu,20011.1,20021.4
6,754,normalize,cpu,20022.2,20025.9
6,754,g_a_cpu,cpu,20025.9,20026.3
6,754,g_a,dpu,20026.3,20062.8
6,754,g_a,dpu,20062.8,20171
6,754,g_a_cpu,cpu,20171,20171.5
6,754,h_a,dpu,20171.5,20243.6
6,754,eb_enc,cpu,20243.6,20243.8
6,754,eb_dec,cpu,20243.8,20243.9
6,754,h_s,dpu,20243.9,20246
6,754,gc,cpu,20246,20256
6,763,normalize,cpu,20256.7,20260.4
6,763,g_a_cpu,cpu,20260.4,20260.8
6,763,g_a,dpu,20260.8,20297.4
6,763,g_a,dpu,20297.4,20405.2
6,763,g_a_cpu,cpu,20405.2,20405.7
6,763,h_a,dpu,20405.7,20478.1
6,763,eb_enc,cpu,20478.1,20478.2
6,763,eb_dec,cpu,20478.2,20478.3
6,763,h_s,dpu,20478.3,20480.4
6,763,gc,cpu,20480.4,20490.5
6,772,normalize,cpu,20491.1,20494.8
6,772,g_a_cpu,cpu,20494.8,20495.2
6,772,g_a,dpu,20495.2,20531.7
6,772,g_a,dpu,20531.7,20639.4
6,772,g_a_cpu,cpu,20639.4,20639.8
6,772,h_a,dpu,20639.8,20641.1
6,772,eb_enc,cpu,20641.1,20641.3
6,772,eb_dec,cpu,20641.3,20641.4
6,772,h_s,dpu,20641.4,20642.4
6,772,gc,cpu,20642.4,20652.8
6,778,normalize,cpu,20653.5,20657.1
6,778,g_a_cpu,cpu,20657.1,20657.4
6,778,g_a,dpu,20657.4,20719.9
6,778,g_a,dpu,20719.9,20756.2
6,778,g_a_cpu,cpu,20756.2,20756.7
6,778,h_a,dpu,20756.7,20762.1
6,778,eb_enc,cpu,20762.1,20762.2
6,778,eb_dec,cpu,20762.2,20762.3
6,778,h_s,dpu,20762.3,20763.5
6,778,gc,cpu,20763.5,20773.8
6,783,normalize,cpu,20774.2,20778
6,783,g_a_cpu,cpu,20778,20778.3
6,783,g_a,dpu,20778.3,20872
6,783,g_a,dpu,20872,20945.3
6,783,g_a_cpu,cpu,20945.3,20946.1
6,783,h_a,dpu,20946.1,20952.1
6,783,eb_enc,cpu,20952.1,20952.2
6,783,eb_dec,cpu,20952.2,20952.3
6,783,h_s,dpu,20952.3,20953.6
6,783,gc,cpu,20953.6,20963.9
6,791,normalize,cpu,20964.6,20968.2
6,791,g_a_cpu,cpu,20968.2,20968.6
6,791,g_a,dpu,20968.7,21070.1
6,791,g_a,dpu,21070.1,21178.7
6,791,g_a_cpu,cpu,21178.7,21179.3
6,791,h_a,dpu,21179.3,21181.5
6,791,eb_enc,cpu,21181.5,21181.7
6,791,eb_dec,cpu,21181.7,21181.8
6,791,h_s,dpu,21181.8,21186.1
6,791,gc,cpu,21186.1,21196.3
6,801,normalize,cpu,21196.9,21200.7
6,801,g_a_cpu,cpu,21200.7,21201
6,801,g_a,dpu,21201,21306.1
6,801,g_a,dpu,21306.1,21413.8
6,801,g_a_cpu,cpu,21413.8,21414.1
6,801,h_a,dpu,21414.1,21416.9
6,801,eb_enc,cpu,21416.9,21417
6,801,eb_dec,cpu,21417,21417.1
6,801,h_s,dpu,21417.1,21419.4
6,801,gc,cpu,21419.4,21429.2
6,810,normalize,cpu,21429.7,21433.4
6,810,g_a_cpu,cpu,21433.4,21433.9
6,810,g_a,dpu,21433.9,21540.9
6,810,g_a,dpu,21540.9,21648.9
6,810,g_a_cpu,cpu,21648.9,21649.4
6,810,h_a,dpu,21649.4,21651.8
6,810,eb_enc,cpu,21651.8,21651.9
6,810,eb_dec,cpu,21651.9,21652
6,810,h_s,dpu,21652,21654
6,810,gc,cpu,21654,21664.2
6,819,normalize,cpu,21664.6,21668.3
6,819,g_a_cpu,cpu,21668.3,21668.8
6,819,g_a,dpu,21668.8,21775.7
6,819,g_a,dpu,21775.7,21883.5
6,819,g_a_cpu,cpu,21883.5,21884.4
6,819,h_a,dpu,21884.4,21886.9
6,819,eb_enc,cpu,21887,21887.1
6,819,eb_dec,cpu,21887.1,21887.3
6,819,h_s,dpu,21887.3,21889.3
6,819,gc,cpu,21889.3,21899.4
6,828,normalize,cpu,21899.9,21903.6
6,828,g_a_cpu,cpu,21903.6,21904
6,828,g_a,dpu,21904,22010.7
6,828,g_a,dpu,22010.7,22121.5
6,828,g_a_cpu,cpu,22121.5,22122.2
6,828,h_a,dpu,22122.2,22125
6,828,eb_enc,cpu,22125,22125.1
6,828,eb_dec,cpu,22125.1,22125.3
6,828,h_s,dpu,22125.3,22127.3
6,828,gc,cpu,22127.3,22137.1
6,837,normalize,cpu,22137.6,22141.2
6,837,g_a_cpu,cpu,22141.2,22141.8
6,837,g_a,dpu,22141.8,22248.8
6,837,g_a,dpu,22248.8,22357.6
6,837,g_a_cpu,cpu,22357.6,22358.3
6,837,h_a,dpu,22358.3,22359.7
6,837,eb_enc,cpu,22359.7,22359.9
6,837,eb_dec,cpu,22359.9,22360
6,837,h_s,dpu,22360,22363.4
6,837,gc,cpu,22363.4,22374.1
6,845,normalize,cpu,22374.8,22378.4
6,845,g_a_cpu,cpu,22378.4,22378.8
6,845,g_a,dpu,22378.8,22448.1
6,845,g_a,dpu,22448.1,22555.8
6,845,g_a_cpu,cpu,22555.8,22556.4
6,845,h_a,dpu,22556.4,22595.1
6,845,eb_enc,cpu,22595.1,22595.2
6,845,eb_dec,cpu,22595.2,22595.3
6,845,h_s,dpu,22595.3,22598.2
6,845,gc,cpu,22598.2,22608.1
6,853,normalize,cpu,22608.8,22613.1
6,853,g_a_cpu,cpu,22613.1,22613.7
6,853,g_a,dpu,22613.7,22721.4
6,853,g_a,dpu,22721.4,22830.4
6,853,g_a_cpu,cpu,22830.4,22830.8
6,853,h_a,dpu,22830.8,22833.9
6,853,eb_enc,cpu,22833.9,22834
6,853,eb_dec,cpu,22834,22834.1
6,853,h_s,dpu,22834.1,22836.7
6,853,gc,cpu,22836.7,22849
6,863,normalize,cpu,22849.5,22853.2
6,863,g_a_cpu,cpu,22853.2,22853.6
6,863,g_a,dpu,22853.6,22958.9
6,863,g_a,dpu,22958.9,23031.4
6,863,g_a_cpu,cpu,23031.4,23031.9
6,863,h_a,dpu,23031.9,23074.4
6,863,eb_enc,cpu,23074.4,23074.5
6,863,eb_dec,cpu,23074.5,23074.6
6,863,h_s,dpu,23074.6,23075.8
6,863,gc,cpu,23075.8,23085.9
6,872,normalize,cpu,23086.4,23090.1
6,872,g_a_cpu,cpu,23090.1,23090.4
6,872,g_a,dpu,23090.4,23156.2
6,872,g_a,dpu,23156.2,23263.9
6,872,g_a_cpu,cpu,23263.9,23264.4
6,872,h_a,dpu,23264.4,23305.6
6,872,eb_enc,cpu,23305.6,23305.7
6,872,eb_dec,cpu,23305.7,23305.9
6,872,h_s,dpu,23305.9,23307.1
6,872,gc,cpu,23307.1,23317.2
6,878,normalize,cpu,23317.9,23321.5
6,878,g_a_cpu,cpu,23321.5,23322
6,878,g_a,dpu,23322,23358.7
6,878,g_a,dpu,23358.7,23466.3
6,878,g_a_cpu,cpu,23466.3,23466.8
6,878,h_a,dpu,23466.8,23542.8
6,878,eb_enc,cpu,23542.8,23543
6,878,eb_dec,cpu,23543,23543.1
6,878,h_s,dpu,23543.1,23546.2
6,878,gc,cpu,23546.2,23556.2
6,888,normalize,cpu,23556.7,23561.1
6,888,g_a_cpu,cpu,23561.1,23561.5
6,888,g_a,dpu,23561.5,23598
6,888,g_a,dpu,23598,23705.6
6,888,g_a_cpu,cpu,23705.6,23706.1
6,888,h_a,dpu,23706.1,23778.5
6,888,eb_enc,cpu,23778.5,23778.7
6,888,eb_dec,cpu,23778.7,23778.8
6,888,h_s,dpu,23778.8,23780.7
6,888,gc,cpu,23780.7,23790.9
6,892,normalize,cpu,23791.9,23806.1
6,892,g_a_cpu,cpu,23806.1,23806.6
6,892,g_a,dpu,23806.6,23843.2
6,892,g_a,dpu,23843.2,23950.7
6,892,g_a_cpu,cpu,23950.7,23951.2
6,892,h_a,dpu,23951.2,24023.8
6,892,eb_enc,cpu,24023.8,24023.9
6,892,eb_dec,cpu,24023.9,24024
6,892,h_s,dpu,24024,24026.8
6,892,gc,cpu,24026.8,24036.7
6,903,normalize,cpu,24037.2,24040.9
6,903,g_a_cpu,cpu,24040.9,24041.5
6,903,g_a,dpu,24041.5,24078.2
6,903,g_a,dpu,24078.2,24187.4
6,903,g_a_cpu,cpu,24187.4,24187.8
6,903,h_a,dpu,24187.8,24261.4
6,903,eb_enc,cpu,24261.4,24261.6
6,903,eb_dec,cpu,24261.6,24261.7
6,903,h_s,dpu,24261.7,24264.5
6,903,gc,cpu,24264.5,24274.4
6,910,normalize,cpu,24275.1,24282.3
6,910,g_a_cpu,cpu,24282.3,24282.8
6,910,g_a,dpu,24282.8,24319.3
6,910,g_a,dpu,24319.3,24427
6,910,g_a_cpu,cpu,24427,24427.5
6,910,h_a,dpu,24427.5,24499.9
6,910,eb_enc,cpu,24499.9,24500.1
6,910,eb_dec,cpu,24500.1,24500.2
6,910,h_s,dpu,24500.2,24502.7
6,910,gc,cpu,24502.7,24524.5
6,923,normalize,cpu,24525.2,24528.8
6,923,g_a_cpu,cpu,24528.8,24529.5
6,923,g_a,dpu,24529.5,24591
6,923,g_a,dpu,24591,24699.1
6,923,g_a_cpu,cpu,24699.1,24699.6
6,923,h_a,dpu,24699.6,24738
6,923,eb_enc,cpu,24738,24738.1
6,923,eb_dec,cpu,24738.1,24738.3
6,923,h_s,dpu,24738.3,24750.7
6,923,gc,cpu,24750.7,24760.9
7,7,normalize,cpu,76.918,80.8485
7,7,g_a_cpu,cpu,84.4008,84.9043
7,7,g_a,dpu,84.9095,189.756
7,7,g_a,dpu,189.767,297.52
7,7,g_a_cpu,cpu,297.52,297.934
7,7,h_a,dpu,297.939,301.718
7,7,eb_enc,cpu,301.719,301.869
7,7,eb_dec,cpu,301.87,301.998
7,7,h_s,dpu,301.998,314.955
7,7,gc,cpu,314.96,326.534
7,15,normalize,cpu,327.367,331.02
7,15,g_a_cpu,cpu,331.024,331.391
7,15,g_a,dpu,331.395,429.034
7,15,g_a,dpu,429.036,537.963
7,15,g_a_cpu,cpu,537.965,538.434
7,15,h_a,dpu,538.435,541.445
7,15,eb_enc,cpu,541.445,541.579
7,15,eb_dec,cpu,541.581,541.693
7,15,h_s,dpu,541.693,545.484
7,15,gc,cpu,545.485,560.154
7,23,normalize,cpu,560.71,564.487
7,23,g_a_cpu,cpu,564.49,564.91
7,23,g_a,dpu,564.913,673.396
7,23,g_a,dpu,673.398,781.678
7,23,g_a_cpu,cpu,781.679,782.118
7,23,h_a,dpu,782.12,787.849
7,23,eb_enc,cpu,787.85,788.013
7,23,eb_dec,cpu,788.014,788.133
7,23,h_s,dpu,788.134,801.816
7,23,gc,cpu,801.818,811.915
7,34,normalize,cpu,813.153,816.787
7,34,g_a_cpu,cpu,816.789,817.137
7,34,g_a,dpu,817.14,912.714
7,34,g_a,dpu,912.719,1021.39
7,34,g_a_cpu,cpu,1021.39,1021.95
7,34,h_a,dpu,1021.96,1037.35
7,34,eb_enc,cpu,1037.36,1037.49
7,34,eb_dec,cpu,1037.49,1037.61
7,34,h_s,dpu,1037.61,1038.78
7,34,gc,cpu,1038.78,1048.97
7,43,normalize,cpu,1049.47,1053.07
7,43,g_a_cpu,cpu,1053.07,1053.44
7,43,g_a,dpu,1053.44,1148.39
7,43,g_a,dpu,1148.39,1256.44
7,43,g_a_cpu,cpu,1256.44,1259.86
7,43,h_a,dpu,1259.86,1273.59
7,43,eb_enc,cpu,1273.59,1273.73
7,43,eb_dec,cpu,1273.73,1273.85
7,43,h_s,dpu,1273.85,1276.07
7,43,gc,cpu,1276.07,1285.88
7,51,normalize,cpu,1286.38,1290.03
7,51,g_a_cpu,cpu,1290.04,1290.36
7,51,g_a,dpu,1290.37,1350.69
7,51,g_a,dpu,1350.69,1461.59
7,51,g_a_cpu,cpu,1461.6,1462.08
7,51,h_a,dpu,1462.08,1502.21
7,51,eb_enc,cpu,1502.21,1502.36
7,51,eb_dec,cpu,1502.36,1502.48
7,51,h_s,dpu,1502.48,1505.73
7,51,gc,cpu,1505.74,1516.04
7,59,normalize,cpu,1516.74,1520.39
7,59,g_a_cpu,cpu,1520.4,1520.89
7,59,g_a,dpu,1520.89,1557.93
7,59,g_a,dpu,1557.94,1665.72
7,59,g_a_cpu,cpu,1665.73,1666.19
7,59,h_a,dpu,1666.2,1739.6
7,59,eb_enc,cpu,1739.6,1739.78
7,59,eb_dec,cpu,1739.78,1739.92
7,59,h_s,dpu,1739.92,1752.7
7,59,gc,cpu,1752.7,1763.04
7,68,normalize,cpu,1763.66,1767.36
7,68,g_a_cpu,cpu,1767.36,1767.77
7,68,g_a,dpu,1767.78,1832.02
7,68,g_a,dpu,1832.02,1941.45
7,68,g_a_cpu,cpu,1941.45,1941.86
7,68,h_a,dpu,1941.87,1943.73
7,68,eb_enc,cpu,1943.73,1943.87
7,68,eb_dec,cpu,1943.87,1943.99
7,68,h_s,dpu,1943.99,1945.26
7,68,gc,cpu,1945.26,1955.35
7,74,normalize,cpu,1955.81,1959.47
7,74,g_a_cpu,cpu,1959.47,1959.77
7,74,g_a,dpu,1959.77,2020.55
7,74,g_a,dpu,2020.55,2056.88
7,74,g_a_cpu,cpu,2056.89,2057.37
7,74,h_a,dpu,2057.37,2070.42
7,74,eb_enc,cpu,2070.42,2070.55
7,74,eb_dec,cpu,2070.55,2070.66
7,74,h_s,dpu,2070.66,2071.75
7,74,gc,cpu,2071.75,2081.79
7,80,normalize,cpu,2082.3,2085.96
7,80,g_a_cpu,cpu,2085.97,2086.3
7,80,g_a,dpu,2086.3,2185.98
7,80,g_a,dpu,2185.98,2293.66
7,80,g_a_cpu,cpu,2293.66,2294.03
7,80,h_a,dpu,2294.03,2295.48
7,80,eb_enc,cpu,2295.48,2295.62
7,80,eb_dec,cpu,2295.62,2295.74
7,80,h_s,dpu,2295.74,2302.27
7,80,gc,cpu,2302.27,2312.15
7,88,normalize,cpu,2312.7,2316.36
7,88,g_a_cpu,cpu,2316.37,2316.86
7,88,g_a,dpu,2316.86,2422.65
7,88,g_a,dpu,2422.65,2531.22
7,88,g_a_cpu,cpu,2531.22,2531.65
7,88,h_a,dpu,2531.65,2534.72
7,88,eb_enc,cpu,2534.72,2534.84
7,88,eb_dec,cpu,2534.84,2534.96
7,88,h_s,dpu,2534.96,2546.34
7,88,gc,cpu,2546.34,2556.32
7,97,normalize,cpu,2556.75,2560.41
7,97,g_a_cpu,cpu,2560.41,2560.73
7,97,g_a,dpu,2560.73,2658.8
7,97,g_a,dpu,2658.8,2767.34
7,97,g_a_cpu,cpu,2767.34,2767.69
7,97,h_a,dpu,2767.69,2771.44
7,97,eb_enc,cpu,2771.44,2771.56
7,97,eb_dec,cpu,2771.56,2771.66
7,97,h_s,dpu,2771.67,2774.42
7,97,gc,cpu,2774.42,2784.65
7,106,normalize,cpu,2785.35,2789.06
7,106,g_a_cpu,cpu,2789.06,2789.46
7,106,g_a,dpu,2789.46,2896.73
7,106,g_a,dpu,2896.73,3005.26
7,106,g_a_cpu,cpu,3005.26,3005.68
7,106,h_a,dpu,3005.68,3008.42
7,106,eb_enc,cpu,3008.43,3008.55
7,106,eb_dec,cpu,3008.55,3008.66
7,106,h_s,dpu,3008.66,3010.97
7,106,gc,cpu,3010.97,3020.91
7,115,normalize,cpu,3021.6,3025.26
7,115,g_a_cpu,cpu,3025.26,3025.77
7,115,g_a,dpu,3025.78,3134.15
7,115,g_a,dpu,3134.15,3242.29
7,115,g_a_cpu,cpu,3242.29,3242.74
7,115,h_a,dpu,3242.74,3247.71
7,115,eb_enc,cpu,3247.71,3247.84
7,115,eb_dec,cpu,3247.84,3247.95
7,115,h_s,dpu,3247.95,3250.88
7,115,gc,cpu,3250.88,3260.78
7,123,normalize,cpu,3262.19,3266.66
7,123,g_a_cpu,cpu,3266.66,3267.11
7,123,g_a,dpu,3267.12,3372.88
7,123,g_a,dpu,3372.88,3481.09
7,123,g_a_cpu,cpu,3481.09,3481.59
7,123,h_a,dpu,3481.59,3484.51
7,123,eb_enc,cpu,3484.51,3484.63
7,123,eb_dec,cpu,3484.63,3484.75
7,123,h_s,dpu,3484.75,3486.03
7,123,gc,cpu,3486.04,3496.53
7,130,normalize,cpu,3497.05,3500.71
7,130,g_a_cpu,cpu,3500.71,3501.15
7,130,g_a,dpu,3501.15,3541.55
7,130,g_a,dpu,3541.56,3578.06
7,130,g_a_cpu,cpu,3578.06,3578.46
7,130,h_a,dpu,3578.47,3650.9
7,130,eb_enc,cpu,3650.9,3651.03
7,130,eb_dec,cpu,3651.03,3651.14
7,130,h_s,dpu,3651.14,3652.15
7,130,gc,cpu,3652.15,3661.91
7,138,normalize,cpu,3662.36,3666.02
7,138,g_a_cpu,cpu,3666.02,3666.37
7,138,g_a,dpu,3666.37,3762.83
7,138,g_a,dpu,3762.84,3801.33
7,138,g_a_cpu,cpu,3801.33,3801.71
7,138,h_a,dpu,3801.71,3875.02
7,138,eb_enc,cpu,3875.02,3875.15
7,138,eb_dec,cpu,3875.15,3875.26
7,138,h_s,dpu,3875.26,3948.2
7,138,gc,cpu,3948.21,3958.09
7,147,normalize,cpu,3958.66,3962.38
7,147,g_a_cpu,cpu,3962.39,3962.91
7,147,g_a,dpu,3962.92,3999.63
7,147,g_a,dpu,3999.63,4107.72
7,147,g_a_cpu,cpu,4107.72,4108.17
7,147,h_a,dpu,4108.17,4182.26
7,147,eb_enc,cpu,4182.26,4182.41
7,147,eb_dec,cpu,4182.41,4182.53
7,147,h_s,dpu,4182.53,4185.53
7,147,gc,cpu,4185.53,4195.45
7,156,normalize,cpu,4196.01,4199.69
7,156,g_a_cpu,cpu,4199.69,4200.02
7,156,g_a,dpu,4200.03,4237.3
7,156,g_a,dpu,4237.3,4273.92
7,156,g_a_cpu,cpu,4273.92,4274.42
7,156,h_a,dpu,4274.42,4347.25
7,156,eb_enc,cpu,4347.26,4347.42
7,156,eb_dec,cpu,4347.42,4347.54
7,156,h_s,dpu,4347.54,4420.86
7,156,gc,cpu,4420.86,4430.72
7,165,normalize,cpu,4431.24,4434.96
7,165,g_a_cpu,cpu,4434.96,4435.38
7,165,g_a,dpu,4435.39,4472.28
7,165,g_a,dpu,4472.28,4508.85
7,165,g_a_cpu,cpu,4508.85,4509.37
7,165,h_a,dpu,4509.37,4582.36
7,165,eb_enc,cpu,4582.36,4582.52
7,165,eb_dec,cpu,4582.52,4582.64
7,165,h_s,dpu,4582.64,4655.22
7,165,gc,cpu,4655.22,4666.2
7,174,normalize,cpu,4666.83,4670.69
7,174,g_a_cpu,cpu,4670.7,4671.05
7,174,g_a,dpu,4671.06,4707.66
7,174,g_a,dpu,4707.66,4815.93
7,174,g_a_cpu,cpu,4815.94,4816.29
7,174,h_a,dpu,4816.29,4817.75
7,174,eb_enc,cpu,4817.75,4817.88
7,174,eb_dec,cpu,4817.88,4817.99
7,174,h_s,dpu,4818,4894.01
7,174,gc,cpu,4894.01,4903.93
7,183,normalize,cpu,4904.51,4908.18
7,183,g_a_cpu,cpu,4908.18,4908.67
7,183,g_a,dpu,4908.67,4945.31
7,183,g_a,dpu,4945.31,5053.14
7,183,g_a_cpu,cpu,5053.14,5053.55
7,183,h_a,dpu,5053.55,5126.96
7,183,eb_enc,cpu,5126.96,5127.09
7,183,eb_dec,cpu,5127.1,5127.21
7,183,h_s,dpu,5127.21,5130.25
7,183,gc,cpu,5130.25,5140.47
7,192,normalize,cpu,5141.16,5144.81
7,192,g_a_cpu,cpu,5144.82,5145.27
7,192,g_a,dpu,5145.27,5181.79
7,192,g_a,dpu,5181.79,5289.74
7,192,g_a_cpu,cpu,5289.75,5290.18
7,192,h_a,dpu,5290.18,5362.73
7,192,eb_enc,cpu,5362.73,5362.86
7,192,eb_dec,cpu,5362.86,5362.98
7,192,h_s,dpu,5362.98,5365.69
7,192,gc,cpu,5365.69,5375.55
7,201,normalize,cpu,5376.08,5379.75
7,201,g_a_cpu,cpu,5379.75,5380.1
7,201,g_a,dpu,5380.1,5416.66
7,201,g_a,dpu,5416.66,5524.71
7,201,g_a_cpu,cpu,5524.72,5525.27
7,201,h_a,dpu,5525.28,5597.6
7,201,eb_enc,cpu,5597.6,5597.75
7,201,eb_dec,cpu,5597.76,5597.88
7,201,h_s,dpu,5597.88,5600.51
7,201,gc,cpu,5600.51,5610.84
7,211,normalize,cpu,5611.37,5615.02
7,211,g_a_cpu,cpu,5615.02,5615.42
7,211,g_a,dpu,5615.43,5652.24
7,211,g_a,dpu,5652.24,5760.13
7,211,g_a_cpu,cpu,5760.13,5760.59
7,211,h_a,dpu,5760.59,5833.27
7,211,eb_enc,cpu,5833.27,5833.41
7,211,eb_dec,cpu,5833.41,5833.53
7,211,h_s,dpu,5833.53,5836.2
7,211,gc,cpu,5836.2,5846.35
7,220,normalize,cpu,5847.03,5850.7
7,220,g_a_cpu,cpu,5850.71,5851.08
7,220,g_a,dpu,5851.09,5887.71
7,220,g_a,dpu,5887.71,5995.67
7,220,g_a_cpu,cpu,5995.67,5996.1
7,220,h_a,dpu,5996.1,6068.6
7,220,eb_enc,cpu,6068.6,6068.73
7,220,eb_dec,cpu,6068.74,6068.87
7,220,h_s,dpu,6068.87,6071.5
7,220,gc,cpu,6071.5,6081.53
7,229,normalize,cpu,6082.09,6085.74
7,229,g_a_cpu,cpu,6085.75,6086.25
7,229,g_a,dpu,6086.26,6123.09
7,229,g_a,dpu,6123.1,6231.09
7,229,g_a_cpu,cpu,6231.09,6231.5
7,229,h_a,dpu,6231.5,6306.82
7,229,eb_enc,cpu,6306.82,6306.94
7,229,eb_dec,cpu,6306.94,6307.05
7,229,h_s,dpu,6307.05,6308.04
7,229,gc,cpu,6308.04,6318.04
7,237,normalize,cpu,6318.57,6322.24
7,237,g_a_cpu,cpu,6322.24,6322.61
7,237,g_a,dpu,6322.62,6359.34
7,237,g_a,dpu,6359.34,6467.65
7,237,g_a_cpu,cpu,6467.65,6468.08
7,237,h_a,dpu,6468.09,6541.29
7,237,eb_enc,cpu,6541.29,6541.43
7,237,eb_dec,cpu,6541.43,6541.54
7,237,h_s,dpu,6541.54,6544.56
7,237,gc,cpu,6544.56,6554.85
7,246,normalize,cpu,6555.4,6559.06
7,246,g_a_cpu,cpu,6559.06,6559.44
7,246,g_a,dpu,6559.44,6596.12
7,246,g_a,dpu,6596.13,6704.42
7,246,g_a_cpu,cpu,6704.42,6704.84
7,246,h_a,dpu,6704.84,6778.07
7,246,eb_enc,cpu,6778.07,6778.21
7,246,eb_dec,cpu,6778.21,6778.33
7,246,h_s,dpu,6778.33,6781.36
7,246,gc,cpu,6781.37,6791.26
7,255,normalize,cpu,6791.92,6795.67
7,255,g_a_cpu,cpu,6795.67,6796.07
7,255,g_a,dpu,6796.07,6832.86
7,255,g_a,dpu,6832.86,6941.13
7,255,g_a_cpu,cpu,6941.14,6941.61
7,255,h_a,dpu,6941.62,7014.8
7,255,eb_enc,cpu,7014.8,7014.93
7,255,eb_dec,cpu,7014.93,7015.05
7,255,h_s,dpu,7015.05,7018.09
7,255,gc,cpu,7018.09,7028.26
7,264,normalize,cpu,7028.85,7032.51
7,264,g_a_cpu,cpu,7032.51,7032.86
7,264,g_a,dpu,7032.86,7069.64
7,264,g_a,dpu,7069.64,7178
7,264,g_a_cpu,cpu,7178,7178.42
7,264,h_a,dpu,7178.42,7251.63
7,264,eb_enc,cpu,7251.63,7251.77
7,264,eb_dec,cpu,7251.77,7251.89
7,264,h_s,dpu,7251.89,7262.36
7,264,gc,cpu,7262.36,7272.2
7,274,normalize,cpu,7272.89,7276.58
7,274,g_a_cpu,cpu,7276.58,7277.02
7,274,g_a,dpu,7277.02,7345.99
7,274,g_a,dpu,7345.99,7456.13
7,274,g_a_cpu,cpu,7456.13,7456.51
7,274,h_a,dpu,7456.52,7457.93
7,274,eb_enc,cpu,7457.93,7458.07
7,274,eb_dec,cpu,7458.07,7458.2
7,274,h_s,dpu,7458.2,7502.17
7,274,gc,cpu,7502.17,7512.25
7,283,normalize,cpu,7512.92,7516.65
7,283,g_a_cpu,cpu,7516.65,7517.04
7,283,g_a,dpu,7517.05,7586.16
7,283,g_a,dpu,7586.16,7695.22
7,283,g_a_cpu,cpu,7695.23,7695.69
7,283,h_a,dpu,7695.69,7733.72
7,283,eb_enc,cpu,7733.72,7733.85
7,283,eb_dec,cpu,7733.86,7733.97
7,283,h_s,dpu,7733.97,7738.32
7,283,gc,cpu,7738.32,7752.95
7,293,normalize,cpu,7753.53,7757.14
7,293,g_a_cpu,cpu,7757.14,7757.64
7,293,g_a,dpu,7757.65,7859.44
7,293,g_a,dpu,7859.44,7968.1
7,293,g_a_cpu,cpu,7968.1,7968.55
7,293,h_a,dpu,7968.55,7971.64
7,293,eb_enc,cpu,7971.64,7971.77
7,293,eb_dec,cpu,7971.77,7971.88
7,293,h_s,dpu,7971.88,7974.98
7,293,gc,cpu,7974.98,7984.83
7,304,normalize,cpu,7985.34,7989.05
7,304,g_a_cpu,cpu,7989.05,7989.53
7,304,g_a,dpu,7989.54,8097.09
7,304,g_a,dpu,8097.1,8205
7,304,g_a_cpu,cpu,8205,8205.42
7,304,h_a,dpu,8205.43,8208.07
7,304,eb_enc,cpu,8208.07,8208.21
7,304,eb_dec,cpu,8208.21,8208.32
7,304,h_s,dpu,8208.32,8210.63
7,304,gc,cpu,8210.63,8220.47
7,313,normalize,cpu,8220.9,8224.6
7,313,g_a_cpu,cpu,8224.6,8225.09
7,313,g_a,dpu,8225.1,8332.25
7,313,g_a,dpu,8332.25,8440.22
7,313,g_a_cpu,cpu,8440.22,8440.79
7,313,h_a,dpu,8440.8,8444.14
7,313,eb_enc,cpu,8444.14,8444.29
7,313,eb_dec,cpu,8444.29,8444.42
7,313,h_s,dpu,8444.42,8447.07
7,313,gc,cpu,8447.07,8456.89
7,322,normalize,cpu,8457.45,8461.09
7,322,g_a_cpu,cpu,8461.09,8461.56
7,322,g_a,dpu,8461.56,8568.46
7,322,g_a,dpu,8568.46,8676.38
7,322,g_a_cpu,cpu,8676.38,8676.95
7,322,h_a,dpu,8676.95,8680.77
7,322,eb_enc,cpu,8680.77,8680.95
7,322,eb_dec,cpu,8680.95,8681.06
7,322,h_s,dpu,8681.06,8682.29
7,322,gc,cpu,8682.29,8697.58
7,330,normalize,cpu,8698.1,8701.84
7,330,g_a_cpu,cpu,8701.85,8702.28
7,330,g_a,dpu,8702.28,8771.85
7,330,g_a,dpu,8771.85,8879.62
7,330,g_a_cpu,cpu,8879.63,8880.06
7,330,h_a,dpu,8880.06,8935.59
7,330,eb_enc,cpu,8935.59,8935.72
7,330,eb_dec,cpu,8935.72,8935.83
7,330,h_s,dpu,8935.83,8936.88
7,330,gc,cpu,8936.89,8947.13
7,339,normalize,cpu,8947.65,8951.33
7,339,g_a_cpu,cpu,8951.33,8951.6
7,339,g_a,dpu,8951.6,9050.57
7,339,g_a,dpu,9050.57,9158.42
7,339,g_a_cpu,cpu,9158.42,9159.05
7,339,h_a,dpu,9159.06,9175.7
7,339,eb_enc,cpu,9175.7,9175.83
7,339,eb_dec,cpu,9175.83,9175.95
7,339,h_s,dpu,9175.95,9177.31
7,339,gc,cpu,9177.31,9187.13
7,347,normalize,cpu,9187.71,9191.37
7,347,g_a_cpu,cpu,9191.38,9191.8
7,347,g_a,dpu,9191.81,9253.9
7,347,g_a,dpu,9253.91,9362.59
7,347,g_a_cpu,cpu,9362.59,9362.96
7,347,h_a,dpu,9362.96,9402.33
7,347,eb_enc,cpu,9402.33,9402.46
7,347,eb_dec,cpu,9402.46,9402.57
7,347,h_s,dpu,9402.57,9410.16
7,347,gc,cpu,9410.17,9423.59
7,355,normalize,cpu,9424.27,9428
7,355,g_a_cpu,cpu,9428,9428.39
7,355,g_a,dpu,9428.4,9573.41
7,355,g_a,dpu,9573.42,9609.8
7,355,g_a_cpu,cpu,9609.8,9610.29
7,355,h_a,dpu,9610.29,9658.66
7,355,eb_enc,cpu,9658.66,9658.84
7,355,eb_dec,cpu,9658.84,9658.98
7,355,h_s,dpu,9658.98,9660.89
7,355,gc,cpu,9660.89,9670.88
7,365,normalize,cpu,9671.37,9675.08
7,365,g_a_cpu,cpu,9675.08,9675.47
7,365,g_a,dpu,9675.47,9742.53
7,365,g_a,dpu,9742.53,9850.29
7,365,g_a_cpu,cpu,9850.29,9850.71
7,365,h_a,dpu,9850.71,9888.8
7,365,eb_enc,cpu,9888.8,9888.94
7,365,eb_dec,cpu,9888.94,9889.05
7,365,h_s,dpu,9889.05,9891.79
7,365,gc,cpu,9891.79,9914.9
7,375,normalize,cpu,9915.38,9919.03
7,375,g_a_cpu,cpu,9919.03,9919.39
7,375,g_a,dpu,9919.39,10087.3
7,375,g_a,dpu,10087.3,10123.7
7,375,g_a_cpu,cpu,10123.7,10124.1
7,375,h_a,dpu,10124.1,10127.5
7,375,eb_enc,cpu,10127.5,10127.6
7,375,eb_dec,cpu,10127.6,10127.8
7,375,h_s,dpu,10127.8,10130
7,375,gc,cpu,10130,10140.8
7,381,normalize,cpu,10142.1,10146.8
7,381,g_a_cpu,cpu,10146.8,10147.3
7,381,g_a,dpu,10147.3,10251.8
7,381,g_a,dpu,10251.8,10288.1
7,381,g_a_cpu,cpu,10288.1,10288.6
7,381,h_a,dpu,10288.6,10364.4
7,381,eb_enc,cpu,10364.4,10364.5
7,381,eb_dec,cpu,10364.5,10364.6
7,381,h_s,dpu,10364.6,10367.2
7,381,gc,cpu,10367.2,10377.8
7,390,normalize,cpu,10378.4,10385.5
7,390,g_a_cpu,cpu,10385.5,10386
7,390,g_a,dpu,10386,10561.1
7,390,g_a,dpu,10561.1,10599.1
7,390,g_a_cpu,cpu,10599.1,10599.5
7,390,h_a,dpu,10599.5,10601.8
7,390,eb_enc,cpu,10601.8,10602
7,390,eb_dec,cpu,10602,10602.1
7,390,h_s,dpu,10602.1,10603.2
7,390,gc,cpu,10603.2,10613.2
7,399,normalize,cpu,10613.9,10618.3
7,399,g_a_cpu,cpu,10618.3,10618.7
7,399,g_a,dpu,10618.7,10725
7,399,g_a,dpu,10725,10833.4
7,399,g_a_cpu,cpu,10833.4,10834
7,399,h_a,dpu,10834,10836.6
7,399,eb_enc,cpu,10836.6,10836.7
7,399,eb_dec,cpu,10836.7,10836.9
7,399,h_s,dpu,10836.9,10839.1
7,399,gc,cpu,10839.1,10849
7,409,normalize,cpu,10849.5,10853.1
7,409,g_a_cpu,cpu,10853.2,10853.6
7,409,g_a,dpu,10853.6,10960.6
7,409,g_a,dpu,10960.6,11068.7
7,409,g_a_cpu,cpu,11068.7,11069.1
7,409,h_a,dpu,11069.1,11072.2
7,409,eb_enc,cpu,11072.2,11072.3
7,409,eb_dec,cpu,11072.3,11072.4
7,409,h_s,dpu,11072.4,11074.8
7,409,gc,cpu,11074.8,11084.8
7,418,normalize,cpu,11085.3,11088.9
7,418,g_a_cpu,cpu,11088.9,11089.5
7,418,g_a,dpu,11089.5,11201.1
7,418,g_a,dpu,11201.1,11309.2
7,418,g_a_cpu,cpu,11309.2,11309.6
7,418,h_a,dpu,11309.6,11313.2
7,418,eb_enc,cpu,11313.2,11313.4
7,418,eb_dec,cpu,11313.4,11313.5
7,418,h_s,dpu,11313.5,11315.7
7,418,gc,cpu,11315.7,11325.6
7,427,normalize,cpu,11326,11329.7
7,427,g_a_cpu,cpu,11329.7,11330.1
7,427,g_a,dpu,11330.1,11437
7,427,g_a,dpu,11437,11544.8
7,427,g_a_cpu,cpu,11544.8,11545.3
7,427,h_a,dpu,11545.3,11548.5
7,427,eb_enc,cpu,11548.5,11548.7
7,427,eb_dec,cpu,11548.7,11548.8
7,427,h_s,dpu,11548.8,11551.1
7,427,gc,cpu,11551.1,11561
7,436,normalize,cpu,11561.8,11565.4
7,436,g_a_cpu,cpu,11565.4,11565.9
7,436,g_a,dpu,11565.9,11673
7,436,g_a,dpu,11673,11780.8
7,436,g_a_cpu,cpu,11780.8,11781.2
7,436,h_a,dpu,11781.2,11784.4
7,436,eb_enc,cpu,11784.4,11784.5
7,436,eb_dec,cpu,11784.5,11784.6
7,436,h_s,dpu,11784.6,11786.9
7,436,gc,cpu,11786.9,11797.4
7,445,normalize,cpu,11797.9,11801.5
7,445,g_a_cpu,cpu,11801.6,11802
7,445,g_a,dpu,11802,11913.2
7,445,g_a,dpu,11913.2,12021
7,445,g_a_cpu,cpu,12021,12021.5
7,445,h_a,dpu,12021.5,12024.1
7,445,eb_enc,cpu,12024.1,12024.2
7,445,eb_dec,cpu,12024.2,12024.3
7,445,h_s,dpu,12024.3,12026.6
7,445,gc,cpu,12026.6,12036.9
7,454,normalize,cpu,12037.5,12041.1
7,454,g_a_cpu,cpu,12041.1,12041.5
7,454,g_a,dpu,12041.5,12148.5
7,454,g_a,dpu,12148.5,12256.3
7,454,g_a_cpu,cpu,12256.3,12256.8
7,454,h_a,dpu,12256.8,12259.5
7,454,eb_enc,cpu,12259.5,12259.6
7,454,eb_dec,cpu,12259.6,12259.7
7,454,h_s,dpu,12259.7,12262
7,454,gc,cpu,12262,12274
7,464,normalize,cpu,12274.9,12278.8
7,464,g_a_cpu,cpu,12278.8,12279.4
7,464,g_a,dpu,12279.5,12384.6
7,464,g_a,dpu,12384.6,12492.9
7,464,g_a_cpu,cpu,12492.9,12493.3
7,464,h_a,dpu,12493.3,12496.4
7,464,eb_enc,cpu,12496.4,12496.5
7,464,eb_dec,cpu,12496.5,12496.6
7,464,h_s,dpu,12496.6,12508.6
7,464,gc,cpu,12508.6,12518.8
7,473,normalize,cpu,12519.4,12523.1
7,473,g_a_cpu,cpu,12523.1,12523.4
7,473,g_a,dpu,12523.4,12620.6
7,473,g_a,dpu,12620.6,12728.4
7,473,g_a_cpu,cpu,12728.4,12728.9
7,473,h_a,dpu,12728.9,12731.5
7,473,eb_enc,cpu,12731.5,12731.7
7,473,eb_dec,cpu,12731.7,12731.8
7,473,h_s,dpu,12731.8,12734
7,473,gc,cpu,12734,12744
7,482,normalize,cpu,12744.5,12748.1
7,482,g_a_cpu,cpu,12748.1,12748.6
7,482,g_a,dpu,12748.6,12855.9
7,482,g_a,dpu,12855.9,12963.8
7,482,g_a_cpu,cpu,12963.8,12964.5
7,482,h_a,dpu,12964.5,12968
7,482,eb_enc,cpu,12968,12968.2
7,482,eb_dec,cpu,12968.2,12968.3
7,482,h_s,dpu,12968.3,12970.7
7,482,gc,cpu,12970.7,12980.6
7,492,normalize,cpu,12981.1,12985.5
7,492,g_a_cpu,cpu,12985.5,12986
7,492,g_a,dpu,12986,13093.6
7,492,g_a,dpu,13093.6,13201.9
7,492,g_a_cpu,cpu,13201.9,13202.4
7,492,h_a,dpu,13202.4,13212.3
7,492,eb_enc,cpu,13212.3,13212.4
7,492,eb_dec,cpu,13212.4,13212.5
7,492,h_s,dpu,13212.5,13215.8
7,492,gc,cpu,13215.8,13227.2
7,499,normalize,cpu,13228.2,13242.5
7,499,g_a_cpu,cpu,13242.5,13242.9
7,499,g_a,dpu,13242.9,13313.6
7,499,g_a,dpu,13313.6,13421.4
7,499,g_a_cpu,cpu,13421.4,13421.8
7,499,h_a,dpu,13421.8,13460.1
7,499,eb_enc,cpu,13460.1,13460.3
7,499,eb_dec,cpu,13460.3,13460.4
7,499,h_s,dpu,13460.4,13464.7
7,499,gc,cpu,13464.7,13494.5
7,512,normalize,cpu,13495,13498.7
7,512,g_a_cpu,cpu,13498.7,13499
7,512,g_a,dpu,13499,13587.3
7,512,g_a,dpu,13587.3,13695
7,512,g_a_cpu,cpu,13695,13695.4
7,512,h_a,dpu,13695.4,13697.1
7,512,eb_enc,cpu,13697.1,13697.2
7,512,eb_dec,cpu,13697.2,13697.4
7,512,h_s,dpu,13697.4,13698.7
7,512,gc,cpu,13698.7,13716.6
7,517,normalize,cpu,13717.2,13725.1
7,517,g_a_cpu,cpu,13725.1,13725.6
7,517,g_a,dpu,13725.6,13762.5
7,517,g_a,dpu,13762.5,13870.7
7,517,g_a_cpu,cpu,13870.7,13871.2
7,517,h_a,dpu,13871.2,13946.8
7,517,eb_enc,cpu,13946.8,13947
7,517,eb_dec,cpu,13947,13947.1
7,517,h_s,dpu,13947.1,13958.5
7,517,gc,cpu,13958.5,13968.6
7,527,normalize,cpu,13969.2,13973.7
7,527,g_a_cpu,cpu,13973.8,13974.1
7,527,g_a,dpu,13974.2,14010.9
7,527,g_a,dpu,14010.9,14047.2
7,527,g_a_cpu,cpu,14047.2,14047.6
7,527,h_a,dpu,14047.6,14120
7,527,eb_enc,cpu,14120,14120.2
7,527,eb_dec,cpu,14120.2,14120.3
7,527,h_s,dpu,14120.3,14196.3
7,527,gc,cpu,14196.3,14206.6
7,532,normalize,cpu,14207.1,14210.8
7,532,g_a_cpu,cpu,14210.8,14211.2
7,532,g_a,dpu,14211.2,14247.8
7,532,g_a,dpu,14247.8,14284.1
7,532,g_a_cpu,cpu,14284.1,14284.6
7,532,h_a,dpu,14284.6,14434.7
7,532,eb_enc,cpu,14434.7,14434.9
7,532,eb_dec,cpu,14434.9,14435
7,532,h_s,dpu,14435,14436.6
7,532,gc,cpu,14436.6,14446.6
7,543,normalize,cpu,14447.1,14450.9
7,543,g_a_cpu,cpu,14450.9,14451.4
7,543,g_a,dpu,14451.4,14524.3
7,543,g_a,dpu,14524.3,14632.1
7,543,g_a_cpu,cpu,14632.2,14632.6
7,543,h_a,dpu,14632.6,14677.6
7,543,eb_enc,cpu,14677.6,14677.8
7,543,eb_dec,cpu,14677.8,14678
7,543,h_s,dpu,14678,14681.1
7,543,gc,cpu,14681.1,14691.1
7,553,normalize,cpu,14691.8,14696
7,553,g_a_cpu,cpu,14696,14696.4
7,553,g_a,dpu,14696.4,14733
7,553,g_a,dpu,14733,14840.8
7,553,g_a_cpu,cpu,14840.8,14841.2
7,553,h_a,dpu,14841.2,14915.1
7,553,eb_enc,cpu,14915.1,14915.2
7,553,eb_dec,cpu,14915.2,14915.3
7,553,h_s,dpu,14915.3,14918.3
7,553,gc,cpu,14918.3,14928.3
7,561,normalize,cpu,14928.9,14932.7
7,561,g_a_cpu,cpu,14932.7,14933.1
7,561,g_a,dpu,14933.1,14969.8
7,561,g_a,dpu,14969.8,15077.5
7,561,g_a_cpu,cpu,15077.5,15078
7,561,h_a,dpu,15078,15151.3
7,561,eb_enc,cpu,15151.3,15151.4
7,561,eb_dec,cpu,15151.4,15151.5
7,561,h_s,dpu,15151.5,15154.5
7,561,gc,cpu,15154.5,15164.4
7,570,normalize,cpu,15164.9,15168.6
7,570,g_a_cpu,cpu,15168.6,15169
7,570,g_a,dpu,15169,15205.8
7,570,g_a,dpu,15205.8,15313.6
7,570,g_a_cpu,cpu,15313.6,15314
7,570,h_a,dpu,15314,15387.6
7,570,eb_enc,cpu,15387.6,15387.7
7,570,eb_dec,cpu,15387.7,15387.8
7,570,h_s,dpu,15387.8,15390.9
7,570,gc,cpu,15390.9,15400.8
7,579,normalize,cpu,15401.4,15405.1
7,579,g_a_cpu,cpu,15405.1,15405.8
7,579,g_a,dpu,15405.8,15442.8
7,579,g_a,dpu,15442.8,15551.3
7,579,g_a_cpu,cpu,15551.3,15551.8
7,579,h_a,dpu,15551.8,15625.3
7,579,eb_enc,cpu,15625.3,15625.4
7,579,eb_dec,cpu,15625.4,15625.6
7,579,h_s,dpu,15625.6,15628.6
7,579,gc,cpu,15628.6,15638.5
7,588,normalize,cpu,15639,15642.7
7,588,g_a_cpu,cpu,15642.7,15643.1
7,588,g_a,dpu,15643.1,15680
7,588,g_a,dpu,15680,15788.1
7,588,g_a_cpu,cpu,15788.1,15788.6
7,588,h_a,dpu,15788.6,15861.7
7,588,eb_enc,cpu,15861.7,15861.9
7,588,eb_dec,cpu,15861.9,15862
7,588,h_s,dpu,15862,15865.5
7,588,gc,cpu,15865.5,15875.3
7,597,normalize,cpu,15875.8,15879.5
7,597,g_a_cpu,cpu,15879.5,15879.9
7,597,g_a,dpu,15879.9,15917.5
7,597,g_a,dpu,15917.5,15954.1
7,597,g_a_cpu,cpu,15954.1,15954.5
7,597,h_a,dpu,15954.5,16100.4
7,597,eb_enc,cpu,16100.4,16100.6
7,597,eb_dec,cpu,16100.6,16100.7
7,597,h_s,dpu,16100.7,16101.7
7,597,gc,cpu,16101.7,16111.8
7,606,normalize,cpu,16112.4,16116.1
7,606,g_a_cpu,cpu,16116.1,16116.5
7,606,g_a,dpu,16116.5,16157.6
7,606,g_a,dpu,16157.6,16194.1
7,606,g_a_cpu,cpu,16194.1,16194.6
7,606,h_a,dpu,16194.6,16339.4
7,606,eb_enc,cpu,16339.4,16339.5
7,606,eb_dec,cpu,16339.5,16339.6
7,606,h_s,dpu,16339.6,16340.7
7,606,gc,cpu,16340.7,16350.7
7,616,normalize,cpu,16351.6,16359.4
7,616,g_a_cpu,cpu,16359.4,16359.8
7,616,g_a,dpu,16359.9,16396.4
7,616,g_a,dpu,16396.4,16504.3
7,616,g_a_cpu,cpu,16504.3,16504.7
7,616,h_a,dpu,16504.7,16577.3
7,616,eb_enc,cpu,16577.3,16577.5
7,616,eb_dec,cpu,16577.5,16577.6
7,616,h_s,dpu,16577.6,16580.3
7,616,gc,cpu,16580.3,16590.5
7,624,normalize,cpu,16591.3,16595
7,624,g_a_cpu,cpu,16595,16595.5
7,624,g_a,dpu,16595.5,16632.1
7,624,g_a,dpu,16632.1,16740.3
7,624,g_a_cpu,cpu,16740.3,16740.8
7,624,h_a,dpu,16740.8,16814
7,624,eb_enc,cpu,16814,16814.2
7,624,eb_dec,cpu,16814.2,16814.3
7,624,h_s,dpu,16814.3,16817.4
7,624,gc,cpu,16817.4,16828.2
7,633,normalize,cpu,16828.8,16832.5
7,633,g_a_cpu,cpu,16832.5,16833
7,633,g_a,dpu,16833,16869.5
7,633,g_a,dpu,16869.5,17051.2
7,633,g_a_cpu,cpu,17051.2,17051.5
7,633,h_a,dpu,17051.5,17053.1
7,633,eb_enc,cpu,17053.1,17053.2
7,633,eb_dec,cpu,17053.2,17053.3
7,633,h_s,dpu,17053.3,17062.3
7,633,gc,cpu,17062.3,17072.8
7,644,normalize,cpu,17073.4,17077.1
7,644,g_a_cpu,cpu,17077.1,17077.4
7,644,g_a,dpu,17077.4,17179.8
7,644,g_a,dpu,17179.8,17216.3
7,644,g_a_cpu,cpu,17216.3,17217
7,644,h_a,dpu,17217,17292.6
7,644,eb_enc,cpu,17292.6,17292.8
7,644,eb_dec,cpu,17292.8,17292.9
7,644,h_s,dpu,17292.9,17293.9
7,644,gc,cpu,17293.9,17303.6
7,651,normalize,cpu,17304.3,17309.1
7,651,g_a_cpu,cpu,17309.1,17309.6
7,651,g_a,dpu,17309.6,17346.1
7,651,g_a,dpu,17346.1,17454.3
7,651,g_a_cpu,cpu,17454.3,17454.7
7,651,h_a,dpu,17454.7,17527.3
7,651,eb_enc,cpu,17527.3,17527.5
7,651,eb_dec,cpu,17527.5,17527.6
7,651,h_s,dpu,17527.6,17530.4
7,651,gc,cpu,17530.4,17540.3
7,660,normalize,cpu,17540.9,17545.3
7,660,g_a_cpu,cpu,17545.4,17545.8
7,660,g_a,dpu,17545.8,17618.2
7,660,g_a,dpu,17618.2,17726.3
7,660,g_a_cpu,cpu,17726.3,17726.8
7,660,h_a,dpu,17726.8,17764.4
7,660,eb_enc,cpu,17764.4,17764.5
7,660,eb_dec,cpu,17764.5,17764.6
7,660,h_s,dpu,17764.6,17767.2
7,660,gc,cpu,17767.2,17778.2
7,670,normalize,cpu,17778.8,17782.5
7,670,g_a_cpu,cpu,17782.5,17782.9
7,670,g_a,dpu,17782.9,17889.7
7,670,g_a,dpu,17889.7,17997.8
7,670,g_a_cpu,cpu,17997.8,17998.2
7,670,h_a,dpu,17998.2,18000.9
7,670,eb_enc,cpu,18000.9,18001.1
7,670,eb_dec,cpu,18001.1,18001.3
7,670,h_s,dpu,18001.3,18003.7
7,670,gc,cpu,18003.7,18013.6
7,680,normalize,cpu,18014.3,18018
7,680,g_a_cpu,cpu,18018,18018.4
7,680,g_a,dpu,18018.4,18125.2
7,680,g_a,dpu,18125.2,18199.5
7,680,g_a_cpu,cpu,18199.5,18200
7,680,h_a,dpu,18200,18238.3
7,680,eb_enc,cpu,18238.3,18238.5
7,680,eb_dec,cpu,18238.5,18238.6
7,680,h_s,dpu,18238.6,18243
7,680,gc,cpu,18243,18253.5
7,689,normalize,cpu,18254,18257.9
7,689,g_a_cpu,cpu,18257.9,18258.2
7,689,g_a,dpu,18258.2,18365.5
7,689,g_a,dpu,18365.5,18401.9
7,689,g_a_cpu,cpu,18401.9,18402.3
7,689,h_a,dpu,18402.3,18403.8
7,689,eb_enc,cpu,18403.8,18403.9
7,689,eb_dec,cpu,18403.9,18404
7,689,h_s,dpu,18404,18405
7,689,gc,cpu,18405,18414.8
7,693,normalize,cpu,18415.3,18419
7,693,g_a_cpu,cpu,18419,18419.3
7,693,g_a,dpu,18419.3,18516.5
7,693,g_a,dpu,18516.5,18552.9
7,693,g_a_cpu,cpu,18552.9,18553.3
7,693,h_a,dpu,18553.3,18555.4
7,693,eb_enc,cpu,18555.4,18555.5
7,693,eb_dec,cpu,18555.5,18555.6
7,693,h_s,dpu,18555.6,18556.9
7,693,gc,cpu,18556.9,18566.9
7,698,normalize,cpu,18567.4,18571.1
7,698,g_a_cpu,cpu,18571.1,18571.5
7,698,g_a,dpu,18571.5,18719.1
7,698,g_a,dpu,18719.1,18792.9
7,698,g_a_cpu,cpu,18792.9,18793.4
7,698,h_a,dpu,18793.4,18796.2
7,698,eb_enc,cpu,18796.2,18796.4
7,698,eb_dec,cpu,18796.4,18796.5
7,698,h_s,dpu,18796.5,18802.4
7,698,gc,cpu,18802.4,18812.3
7,708,normalize,cpu,18812.9,18816.5
7,708,g_a_cpu,cpu,18816.5,18816.8
7,708,g_a,dpu,18816.8,18917
7,708,g_a,dpu,18917,19024.8
7,708,g_a_cpu,cpu,19024.8,19025.3
7,708,h_a,dpu,19025.3,19028.3
7,708,eb_enc,cpu,19028.3,19028.5
7,708,eb_dec,cpu,19028.5,19028.6
7,708,h_s,dpu,19028.6,19029.6
7,708,gc,cpu,19029.6,19039.7
7,716,normalize,cpu,19040.2,19043.9
7,716,g_a_cpu,cpu,19043.9,19044.3
7,716,g_a,dpu,19044.3,19114.5
7,716,g_a,dpu,19114.5,19222.9
7,716,g_a_cpu,cpu,19223,19223.4
7,716,h_a,dpu,19223.4,19262
7,716,eb_enc,cpu,19262,19262.1
7,716,eb_dec,cpu,19262.1,19262.3
7,716,h_s,dpu,19262.3,19265.1
7,716,gc,cpu,19265.1,19275.1
7,725,normalize,cpu,19275.6,19279.3
7,725,g_a_cpu,cpu,19279.3,19279.8
7,725,g_a,dpu,19279.8,19351.4
7,725,g_a,dpu,19351.4,19459.7
7,725,g_a_cpu,cpu,19459.7,19460.2
7,725,h_a,dpu,19460.2,19498.9
7,725,eb_enc,cpu,19498.9,19499
7,725,eb_dec,cpu,19499,19499.2
7,725,h_s,dpu,19499.2,19502.2
7,725,gc,cpu,19502.2,19512.5
7,734,normalize,cpu,19513,19516.7
7,734,g_a_cpu,cpu,19516.7,19517.2
7,734,g_a,dpu,19517.2,19589.5
7,734,g_a,dpu,19589.5,19698.2
7,734,g_a_cpu,cpu,19698.2,19698.7
7,734,h_a,dpu,19698.7,19736.9
7,734,eb_enc,cpu,19736.9,19737.1
7,734,eb_dec,cpu,19737.1,19737.2
7,734,h_s,dpu,19737.2,19740
7,734,gc,cpu,19740,19751.4
7,744,normalize,cpu,19751.8,19755.5
7,744,g_a_cpu,cpu,19755.5,19755.9
7,744,g_a,dpu,19755.9,19862.4
7,744,g_a,dpu,19862.4,19970.2
7,744,g_a_cpu,cpu,19970.2,19970.7
7,744,h_a,dpu,19970.7,19973.4
7,744,eb_enc,cpu,19973.4,19973.5
7,744,eb_dec,cpu,19973.5,19973.6
7,744,h_s,dpu,19973.6,19975.9
7,744,gc,cpu,19975.9,19986.1
7,753,normalize,cpu,19986.8,19990.5
7,753,g_a_cpu,cpu,19990.5,19991.2
7,753,g_a,dpu,19991.2,20098.8
7,753,g_a,dpu,20098.8,20208.1
7,753,g_a_cpu,cpu,20208.1,20208.4
7,753,h_a,dpu,20208.4,20211.9
7,753,eb_enc,cpu,20211.9,20212
7,753,eb_dec,cpu,20212,20212.1
7,753,h_s,dpu,20212.1,20214.7
7,753,gc,cpu,20214.7,20224.6
7,762,normalize,cpu,20234.7,20238.5
7,762,g_a_cpu,cpu,20238.5,20238.8
7,762,g_a,dpu,20238.9,20336.7
7,762,g_a,dpu,20336.7,20445.3
7,762,g_a_cpu,cpu,20445.3,20445.7
7,762,h_a,dpu,20445.7,20449.1
7,762,eb_enc,cpu,20449.1,20449.3
7,762,eb_dec,cpu,20449.3,20449.4
7,762,h_s,dpu,20449.4,20452
7,762,gc,cpu,20452,20462
7,771,normalize,cpu,20462.5,20466.3
7,771,g_a_cpu,cpu,20466.3,20466.7
7,771,g_a,dpu,20466.7,20573.4
7,771,g_a,dpu,20573.4,20682.8
7,771,g_a_cpu,cpu,20682.8,20683.2
7,771,h_a,dpu,20683.2,20686.7
7,771,eb_enc,cpu,20686.7,20686.8
7,771,eb_dec,cpu,20686.8,20687
7,771,h_s,dpu,20687,20689.3
7,771,gc,cpu,20689.3,20699.2
7,781,normalize,cpu,20699.7,20703.3
7,781,g_a_cpu,cpu,20703.3,20703.8
7,781,g_a,dpu,20703.8,20810.8
7,781,g_a,dpu,20810.8,20918.6
7,781,g_a_cpu,cpu,20918.6,20919.1
7,781,h_a,dpu,20919.1,20922.4
7,781,eb_enc,cpu,20922.4,20922.6
7,781,eb_dec,cpu,20922.6,20922.7
7,781,h_s,dpu,20922.7,20923.8
7,781,gc,cpu,20923.8,20934.5
7,787,normalize,cpu,20935.6,20939.3
7,787,g_a_cpu,cpu,20939.3,20939.7
7,787,g_a,dpu,20939.7,20976.3
7,787,g_a,dpu,20976.3,21084.1
7,787,g_a_cpu,cpu,21084.1,21084.6
7,787,h_a,dpu,21084.6,21157.3
7,787,eb_enc,cpu,21157.3,21157.4
7,787,eb_dec,cpu,21157.4,21157.6
7,787,h_s,dpu,21157.6,21160.8
7,787,gc,cpu,21160.8,21170.7
7,796,normalize,cpu,21171.2,21174.9
7,796,g_a_cpu,cpu,21174.9,21175.5
7,796,g_a,dpu,21175.5,21212.2
7,796,g_a,dpu,21212.2,21319.9
7,796,g_a_cpu,cpu,21319.9,21320.3
7,796,h_a,dpu,21320.3,21393.1
7,796,eb_enc,cpu,21393.1,21393.2
7,796,eb_dec,cpu,21393.2,21393.4
7,796,h_s,dpu,21393.4,21396
7,796,gc,cpu,21396,21406.3
7,805,normalize,cpu,21406.8,21410.4
7,805,g_a_cpu,cpu,21410.4,21410.9
7,805,g_a,dpu,21410.9,21447.5
7,805,g_a,dpu,21447.5,21555.6
7,805,g_a_cpu,cpu,21555.6,21556.1
7,805,h_a,dpu,21556.1,21629.9
7,805,eb_enc,cpu,21629.9,21630
7,805,eb_dec,cpu,21630,21630.1
7,805,h_s,dpu,21630.1,21633.2
7,805,gc,cpu,21633.2,21643.1
7,814,normalize,cpu,21643.5,21647.2
7,814,g_a_cpu,cpu,21647.2,21647.6
7,814,g_a,dpu,21647.6,21684.2
7,814,g_a,dpu,21684.2,21791.9
7,814,g_a_cpu,cpu,21791.9,21792.3
7,814,h_a,dpu,21792.3,21830.9
7,814,eb_enc,cpu,21830.9,21831
7,814,eb_dec,cpu,21831,21831.2
7,814,h_s,dpu,21831.2,21869.4
7,814,gc,cpu,21869.4,21879.3
7,824,normalize,cpu,21879.8,21884.9
7,824,g_a_cpu,cpu,21884.9,21885.7
7,824,g_a,dpu,21885.7,21957.5
7,824,g_a,dpu,21957.5,22065.8
7,824,g_a_cpu,cpu,22065.8,22066.3
7,824,h_a,dpu,22066.3,22104.6
7,824,eb_enc,cpu,22104.6,22104.7
7,824,eb_dec,cpu,22104.7,22104.8
7,824,h_s,dpu,22104.8,22107.7
7,824,gc,cpu,22107.7,22117.9
7,833,normalize,cpu,22118.4,22122.2
7,833,g_a_cpu,cpu,22122.2,22122.9
7,833,g_a,dpu,22122.9,22159.7
7,833,g_a,dpu,22159.7,22267.9
7,833,g_a_cpu,cpu,22267.9,22268.4
7,833,h_a,dpu,22268.4,22341.6
7,833,eb_enc,cpu,22341.6,22341.8
7,833,eb_dec,cpu,22341.8,22341.9
7,833,h_s,dpu,22341.9,22344.9
7,833,gc,cpu,22344.9,22355.2
7,841,normalize,cpu,22355.8,22359.8
7,841,g_a_cpu,cpu,22359.8,22360.4
7,841,g_a,dpu,22360.4,22397
7,841,g_a,dpu,22397,22504.7
7,841,g_a_cpu,cpu,22504.7,22505.2
7,841,h_a,dpu,22505.2,22578.3
7,841,eb_enc,cpu,22578.3,22578.4
7,841,eb_dec,cpu,22578.4,22578.6
7,841,h_s,dpu,22578.6,22581.7
7,841,gc,cpu,22581.7,22593.4
7,851,normalize,cpu,22594.3,22598.7
7,851,g_a_cpu,cpu,22598.7,22604.5
7,851,g_a,dpu,22604.5,22713.2
7,851,g_a,dpu,22713.2,22821.8
7,851,g_a_cpu,cpu,22821.8,22822.1
7,851,h_a,dpu,22822.1,22825.8
7,851,eb_enc,cpu,22825.8,22825.9
7,851,eb_dec,cpu,22825.9,22826.1
7,851,h_s,dpu,22826.1,22828.7
7,851,gc,cpu,22828.7,22847.4
7,862,normalize,cpu,22847.9,22851.7
7,862,g_a_cpu,cpu,22851.7,22852.2
7,862,g_a,dpu,22852.3,22915.2
7,862,g_a,dpu,22915.2,23023
7,862,g_a_cpu,cpu,23023,23023.4
7,862,h_a,dpu,23023.4,23062
7,862,eb_enc,cpu,23062,23062.1
7,862,eb_dec,cpu,23062.1,23062.2
7,862,h_s,dpu,23062.2,23065.2
7,862,gc,cpu,23065.2,23075.4
7,868,normalize,cpu,23076.1,23079.8
7,868,g_a_cpu,cpu,23079.8,23080.3
7,868,g_a,dpu,23080.3,23116.9
7,868,g_a,dpu,23116.9,23225.1
7,868,g_a_cpu,cpu,23225.1,23225.4
7,868,h_a,dpu,23225.4,23299.5
7,868,eb_enc,cpu,23299.5,23299.7
7,868,eb_dec,cpu,23299.7,23299.8
7,868,h_s,dpu,23299.8,23301.6
7,868,gc,cpu,23301.6,23312.2
7,877,normalize,cpu,23312.7,23316.5
7,877,g_a_cpu,cpu,23316.5,23317
7,877,g_a,dpu,23317,23353.5
7,877,g_a,dpu,23353.5,23461.7
7,877,g_a_cpu,cpu,23461.7,23462.1
7,877,h_a,dpu,23462.1,23535.9
7,877,eb_enc,cpu,23535.9,23536
7,877,eb_dec,cpu,23536,23536.1
7,877,h_s,dpu,23536.1,23537.3
7,877,gc,cpu,23537.3,23547.4
7,886,normalize,cpu,23548.1,23558.4
7,886,g_a_cpu,cpu,23558.4,23562.2
7,886,g_a,dpu,23562.2,23598.8
7,886,g_a,dpu,23598.8,23635.1
7,886,g_a_cpu,cpu,23635.1,23635.6
7,886,h_a,dpu,23635.6,23708
7,886,eb_enc,cpu,23708,23708.1
7,886,eb_dec,cpu,23708.1,23708.2
7,886,h_s,dpu,23708.2,23781.1
7,886,gc,cpu,23781.1,23791
7,893,normalize,cpu,23791.9,23795.8
7,893,g_a_cpu,cpu,23795.8,23796.3
7,893,g_a,dpu,23796.3,23832.9
7,893,g_a,dpu,23832.9,23906
7,893,g_a_cpu,cpu,23906,23906.4
7,893,h_a,dpu,23906.4,23979.8
7,893,eb_enc,cpu,23979.8,23979.9
7,893,eb_dec,cpu,23979.9,23980
7,893,h_s,dpu,23980,24018.2
7,893,gc,cpu,24018.2,24040.6
7,904,normalize,cpu,24041.3,24045.1
7,904,g_a_cpu,cpu,24045.2,24045.7
7,904,g_a,dpu,24045.7,24150.4
7,904,g_a,dpu,24150.4,24259
7,904,g_a_cpu,cpu,24259,24259.5
7,904,h_a,dpu,24259.5,24263.6
7,904,eb_enc,cpu,24263.6,24263.8
7,904,eb_dec,cpu,24263.8,24263.9
7,904,h_s,dpu,24263.9,24274.4
7,904,gc,cpu,24274.4,24286.7
7,914,normalize,cpu,24287.4,24291.4
7,914,g_a_cpu,cpu,24291.4,24292.3
7,914,g_a,dpu,24292.3,24388.2
7,914,g_a,dpu,24388.2,24496.8
7,914,g_a_cpu,cpu,24496.8,24497.3
7,914,h_a,dpu,24497.3,24501.1
7,914,eb_enc,cpu,24501.1,24501.3
7,914,eb_dec,cpu,24501.3,24501.4
7,914,h_s,dpu,24501.4,24506.8
7,914,gc,cpu,24506.8,24516.9
7,922,normalize,cpu,24519.5,24523.2
7,922,g_a_cpu,cpu,24523.2,24523.7
7,922,g_a,dpu,24523.7,24589.7
7,922,g_a,dpu,24589.7,24697.5
7,922,g_a_cpu,cpu,24697.5,24698
7,922,h_a,dpu,24698,24736.6
7,922,eb_enc,cpu,24736.6,24736.7
7,922,eb_dec,cpu,24736.7,24736.9
7,922,h_s,dpu,24736.9,24740.3
7,922,gc,cpu,24740.3,24750.7
8,8,normalize,cpu,79.8888,84.1662
8,8,g_a_cpu,cpu,85.0482,85.5238
8,8,g_a,dpu,85.5287,210.046
8,8,g_a,dpu,210.05,246.879
8,8,g_a_cpu,cpu,246.881,247.291
8,8,h_a,dpu,247.296,249.816
8,8,eb_enc,cpu,249.817,249.944
8,8,eb_dec,cpu,249.945,250.061
8,8,h_s,dpu,250.061,251.184
8,8,gc,cpu,251.186,263.635
8,10,normalize,cpu,264.173,267.832
8,10,g_a_cpu,cpu,267.835,268.182
8,10,g_a,dpu,268.185,363.689
8,10,g_a,dpu,363.69,473.593
8,10,g_a_cpu,cpu,473.594,473.993
8,10,h_a,dpu,473.994,480.311
8,10,eb_enc,cpu,480.311,480.441
8,10,eb_dec,cpu,480.443,480.553
8,10,h_s,dpu,480.554,487.333
8,10,gc,cpu,487.333,497.464
8,18,normalize,cpu,498.009,501.666
8,18,g_a_cpu,cpu,501.669,502.102
8,18,g_a,dpu,502.107,569.676
8,18,g_a,dpu,569.678,679.052
8,18,g_a_cpu,cpu,679.053,679.416
8,18,h_a,dpu,679.417,720.436
8,18,eb_enc,cpu,720.437,720.555
8,18,eb_dec,cpu,720.555,720.667
8,18,h_s,dpu,720.667,724.904
8,18,gc,cpu,724.905,734.932
8,27,normalize,cpu,735.434,739.083
8,27,g_a_cpu,cpu,739.086,739.516
8,27,g_a,dpu,739.52,812.483
8,27,g_a,dpu,812.488,921.952
8,27,g_a_cpu,cpu,921.954,922.398
8,27,h_a,dpu,922.401,963.201
8,27,eb_enc,cpu,963.202,963.341
8,27,eb_dec,cpu,963.342,963.451
8,27,h_s,dpu,963.451,967.642
8,27,gc,cpu,967.643,977.946
8,36,normalize,cpu,978.42,982.127
8,36,g_a_cpu,cpu,982.131,982.563
8,36,g_a,dpu,982.566,1129.73
8,36,g_a,dpu,1129.73,1166.43
8,36,g_a_cpu,cpu,1166.43,1166.89
8,36,h_a,dpu,1166.89,1216.31
8,36,eb_enc,cpu,1216.31,1216.44
8,36,eb_dec,cpu,1216.44,1216.55
8,36,h_s,dpu,1216.55,1217.81
8,36,gc,cpu,1217.82,1227.68
8,46,normalize,cpu,1228.15,1231.82
8,46,g_a_cpu,cpu,1231.82,1232.13
8,46,g_a,dpu,1232.13,1333.4
8,46,g_a,dpu,1333.4,1408.67
8,46,g_a_cpu,cpu,1408.67,1409.08
8,46,h_a,dpu,1409.08,1448.95
8,46,eb_enc,cpu,1448.96,1449.08
8,46,eb_dec,cpu,1449.08,1449.2
8,46,h_s,dpu,1449.2,1452.9
8,46,gc,cpu,1452.9,1463.31
8,54,normalize,cpu,1463.84,1467.48
8,54,g_a_cpu,cpu,1467.49,1467.86
8,54,g_a,dpu,1467.86,1610.89
8,54,g_a,dpu,1610.89,1647.61
8,54,g_a_cpu,cpu,1647.61,1648.07
8,54,h_a,dpu,1648.08,1695.81
8,54,eb_enc,cpu,1695.82,1695.97
8,54,eb_dec,cpu,1695.97,1696.1
8,54,h_s,dpu,1696.1,1697.52
8,54,gc,cpu,1697.52,1707.74
8,64,normalize,cpu,1708.29,1711.96
8,64,g_a_cpu,cpu,1711.97,1712.25
8,64,g_a,dpu,1712.25,1887.3
8,64,g_a,dpu,1887.3,1924.05
8,64,g_a_cpu,cpu,1924.05,1924.41
8,64,h_a,dpu,1924.42,1936.53
8,64,eb_enc,cpu,1936.54,1936.66
8,64,eb_dec,cpu,1936.66,1936.77
8,64,h_s,dpu,1936.77,1938.02
8,64,gc,cpu,1938.02,1948.24
8,73,normalize,cpu,1948.84,1952.52
8,73,g_a_cpu,cpu,1952.53,1952.92
8,73,g_a,dpu,1952.93,2060.36
8,73,g_a,dpu,2060.36,2170.83
8,73,g_a_cpu,cpu,2170.83,2171.51
8,73,h_a,dpu,2171.52,2178.88
8,73,eb_enc,cpu,2178.88,2179.03
8,73,eb_dec,cpu,2179.04,2179.16
8,73,h_s,dpu,2179.16,2187.13
8,73,gc,cpu,2187.13,2197.78
8,85,normalize,cpu,2198.34,2202.01
8,85,g_a_cpu,cpu,2202.01,2202.32
8,85,g_a,dpu,2202.33,2308.92
8,85,g_a,dpu,2308.93,2345.92
8,85,g_a_cpu,cpu,2345.92,2346.34
8,85,h_a,dpu,2346.34,2426.33
8,85,eb_enc,cpu,2426.33,2426.46
8,85,eb_dec,cpu,2426.46,2426.57
8,85,h_s,dpu,2426.57,2427.67
8,85,gc,cpu,2427.67,2437.57
8,92,normalize,cpu,2438.28,2442.66
8,92,g_a_cpu,cpu,2442.66,2443.07
8,92,g_a,dpu,2443.08,2480.08
8,92,g_a,dpu,2480.08,2597.53
8,92,g_a_cpu,cpu,2597.54,2598.03
8,92,h_a,dpu,2598.03,2673.27
8,92,eb_enc,cpu,2673.27,2673.4
8,92,eb_dec,cpu,2673.4,2673.51
8,92,h_s,dpu,2673.51,2679.11
8,92,gc,cpu,2679.11,2689.32
8,101,normalize,cpu,2689.92,2693.58
8,101,g_a_cpu,cpu,2693.58,2693.96
8,101,g_a,dpu,2693.96,2730.92
8,101,g_a,dpu,2730.92,2841.85
8,101,g_a_cpu,cpu,2841.85,2842.31
8,101,h_a,dpu,2842.31,2917.37
8,101,eb_enc,cpu,2917.37,2917.51
8,101,eb_dec,cpu,2917.51,2917.62
8,101,h_s,dpu,2917.62,2922.92
8,101,gc,cpu,2922.92,2933.49
8,110,normalize,cpu,2934.1,2937.82
8,110,g_a_cpu,cpu,2937.83,2938.26
8,110,g_a,dpu,2938.26,2975.32
8,110,g_a,dpu,2975.32,3094.34
8,110,g_a_cpu,cpu,3094.34,3094.69
8,110,h_a,dpu,3094.69,3097.2
8,110,eb_enc,cpu,3097.2,3097.39
8,110,eb_dec,cpu,3097.39,3097.51
8,110,h_s,dpu,3097.51,3245.36
8,110,gc,cpu,3245.37,3255.62
8,120,normalize,cpu,3256.22,3261.88
8,120,g_a_cpu,cpu,3261.88,3262.68
8,120,g_a,dpu,3262.68,3303.04
8,120,g_a,dpu,3303.04,3412.32
8,120,g_a_cpu,cpu,3412.32,3412.77
8,120,h_a,dpu,3412.77,3487.98
8,120,eb_enc,cpu,3487.99,3488.11
8,120,eb_dec,cpu,3488.12,3488.22
8,120,h_s,dpu,3488.22,3494.98
8,120,gc,cpu,3494.98,3505
8,132,normalize,cpu,3505.78,3509.53
8,132,g_a_cpu,cpu,3509.53,3509.91
8,132,g_a,dpu,3509.91,3547.42
8,132,g_a,dpu,3547.42,3656.73
8,132,g_a_cpu,cpu,3656.73,3657.29
8,132,h_a,dpu,3657.3,3732.96
8,132,eb_enc,cpu,3732.96,3733.09
8,132,eb_dec,cpu,3733.09,3733.2
8,132,h_s,dpu,3733.2,3738.4
8,132,gc,cpu,3738.41,3748.38
8,139,normalize,cpu,3749,3752.8
8,139,g_a_cpu,cpu,3752.8,3753.34
8,139,g_a,dpu,3753.34,3790.98
8,139,g_a,dpu,3790.99,3900.56
8,139,g_a_cpu,cpu,3900.56,3901.02
8,139,h_a,dpu,3901.02,3976.27
8,139,eb_enc,cpu,3976.27,3976.4
8,139,eb_dec,cpu,3976.4,3976.51
8,139,h_s,dpu,3976.51,3981.85
8,139,gc,cpu,3981.85,3992.07
8,150,normalize,cpu,3992.75,3996.43
8,150,g_a_cpu,cpu,3996.44,3996.79
8,150,g_a,dpu,3996.8,4033.95
8,150,g_a,dpu,4033.95,4143.27
8,150,g_a_cpu,cpu,4143.27,4143.88
8,150,h_a,dpu,4143.88,4219.01
8,150,eb_enc,cpu,4219.01,4219.14
8,150,eb_dec,cpu,4219.14,4219.26
8,150,h_s,dpu,4219.26,4224.6
8,150,gc,cpu,4224.6,4234.57
8,159,normalize,cpu,4235.12,4238.99
8,159,g_a_cpu,cpu,4238.99,4239.56
8,159,g_a,dpu,4239.57,4276.78
8,159,g_a,dpu,4276.78,4460.57
8,159,g_a_cpu,cpu,4460.57,4460.92
8,159,h_a,dpu,4460.93,4466.95
8,159,eb_enc,cpu,4466.95,4467.07
8,159,eb_dec,cpu,4467.07,4467.18
8,159,h_s,dpu,4467.18,4468.35
8,159,gc,cpu,4468.35,4478.32
8,169,normalize,cpu,4479.01,4482.73
8,169,g_a_cpu,cpu,4482.74,4483.33
8,169,g_a,dpu,4483.34,4555.36
8,169,g_a,dpu,4555.36,4664.59
8,169,g_a_cpu,cpu,4664.59,4665.08
8,169,h_a,dpu,4665.08,4705.4
8,169,eb_enc,cpu,4705.4,4705.53
8,169,eb_dec,cpu,4705.53,4705.64
8,169,h_s,dpu,4705.64,4709.6
8,169,gc,cpu,4709.6,4720.13
8,178,normalize,cpu,4720.63,4724.33
8,178,g_a_cpu,cpu,4724.33,4724.81
8,178,g_a,dpu,4724.82,4797.83
8,178,g_a,dpu,4797.83,4907.28
8,178,g_a_cpu,cpu,4907.29,4907.85
8,178,h_a,dpu,4907.85,4948.28
8,178,eb_enc,cpu,4948.28,4948.41
8,178,eb_dec,cpu,4948.41,4948.52
8,178,h_s,dpu,4948.52,4952.3
8,178,gc,cpu,4952.3,4962.76
8,187,normalize,cpu,4963.33,4967.27
8,187,g_a_cpu,cpu,4967.28,4968.2
8,187,g_a,dpu,4968.21,5039.98
8,187,g_a,dpu,5039.98,5149.19
8,187,g_a_cpu,cpu,5149.19,5149.68
8,187,h_a,dpu,5149.68,5190.87
8,187,eb_enc,cpu,5190.87,5191.02
8,187,eb_dec,cpu,5191.02,5191.13
8,187,h_s,dpu,5191.13,5199.67
8,187,gc,cpu,5199.67,5217.6
8,200,normalize,cpu,5218.35,5222.01
8,200,g_a_cpu,cpu,5222.01,5222.32
8,200,g_a,dpu,5222.32,5323.13
8,200,g_a,dpu,5323.13,5432.54
8,200,g_a_cpu,cpu,5432.54,5433.01
8,200,h_a,dpu,5433.01,5440.67
8,200,eb_enc,cpu,5440.67,5440.81
8,200,eb_dec,cpu,5440.82,5440.93
8,200,h_s,dpu,5440.93,5444.27
8,200,gc,cpu,5444.27,5454.52
8,209,normalize,cpu,5455,5458.66
8,209,g_a_cpu,cpu,5458.67,5459
8,209,g_a,dpu,5459,5567.13
8,209,g_a,dpu,5567.13,5689.4
8,209,g_a_cpu,cpu,5689.4,5689.75
8,209,h_a,dpu,5689.75,5692.28
8,209,eb_enc,cpu,5692.28,5692.41
8,209,eb_dec,cpu,5692.41,5692.51
8,209,h_s,dpu,5692.52,5731.75
8,209,gc,cpu,5731.76,5742.52
8,215,normalize,cpu,5743.48,5747.21
8,215,g_a_cpu,cpu,5747.22,5747.67
8,215,g_a,dpu,5747.68,5806.32
8,215,g_a,dpu,5806.32,5843.26
8,215,g_a_cpu,cpu,5843.26,5843.72
8,215,h_a,dpu,5843.72,5884.56
8,215,eb_enc,cpu,5884.56,5884.7
8,215,eb_dec,cpu,5884.7,5884.81
8,215,h_s,dpu,5884.81,5922.95
8,215,gc,cpu,5922.96,5932.89
8,224,normalize,cpu,5933.46,5937.18
8,224,g_a_cpu,cpu,5937.18,5937.81
8,224,g_a,dpu,5937.81,6036.03
8,224,g_a,dpu,6036.03,6073.12
8,224,g_a_cpu,cpu,6073.12,6073.58
8,224,h_a,dpu,6073.58,6076.58
8,224,eb_enc,cpu,6076.59,6076.72
8,224,eb_dec,cpu,6076.72,6076.83
8,224,h_s,dpu,6076.83,6078.11
8,224,gc,cpu,6078.11,6088.96
8,232,normalize,cpu,6090.41,6094.06
8,232,g_a_cpu,cpu,6094.07,6094.49
8,232,g_a,dpu,6094.5,6166.34
8,232,g_a,dpu,6166.34,6275.47
8,232,g_a_cpu,cpu,6275.47,6275.85
8,232,h_a,dpu,6275.85,6278.4
8,232,eb_enc,cpu,6278.41,6278.53
8,232,eb_dec,cpu,6278.54,6278.64
8,232,h_s,dpu,6278.64,6327.53
8,232,gc,cpu,6327.54,6337.39
8,240,normalize,cpu,6337.92,6341.62
8,240,g_a_cpu,cpu,6341.63,6342.07
8,240,g_a,dpu,6342.08,6379.05
8,240,g_a,dpu,6379.06,6529.59
8,240,g_a_cpu,cpu,6529.6,6530.09
8,240,h_a,dpu,6530.09,6571.48
8,240,eb_enc,cpu,6571.48,6571.62
8,240,eb_dec,cpu,6571.62,6571.73
8,240,h_s,dpu,6571.73,6583.69
8,240,gc,cpu,6583.7,6593.58
8,251,normalize,cpu,6594.09,6597.79
8,251,g_a_cpu,cpu,6597.79,6598.09
8,251,g_a,dpu,6598.1,6697.06
8,251,g_a,dpu,6697.06,6806.74
8,251,g_a_cpu,cpu,6806.74,6807.12
8,251,h_a,dpu,6807.13,6813.08
8,251,eb_enc,cpu,6813.08,6813.21
8,251,eb_dec,cpu,6813.21,6813.33
8,251,h_s,dpu,6813.33,6815.96
8,251,gc,cpu,6815.96,6826.15
8,260,normalize,cpu,6826.59,6830.28
8,260,g_a_cpu,cpu,6830.28,6830.76
8,260,g_a,dpu,6830.76,6939
8,260,g_a,dpu,6939,7048.09
8,260,g_a_cpu,cpu,7048.09,7048.43
8,260,h_a,dpu,7048.43,7054.45
8,260,eb_enc,cpu,7054.45,7054.57
8,260,eb_dec,cpu,7054.57,7054.69
8,260,h_s,dpu,7054.69,7057.47
8,260,gc,cpu,7057.47,7067.77
8,269,normalize,cpu,7068.24,7071.95
8,269,g_a_cpu,cpu,7071.95,7072.34
8,269,g_a,dpu,7072.34,7180.5
8,269,g_a,dpu,7180.5,7289.98
8,269,g_a_cpu,cpu,7289.98,7290.36
8,269,h_a,dpu,7290.36,7296.43
8,269,eb_enc,cpu,7296.43,7296.56
8,269,eb_dec,cpu,7296.56,7296.67
8,269,h_s,dpu,7296.67,7299.52
8,269,gc,cpu,7299.52,7309.5
8,278,normalize,cpu,7310.46,7314.14
8,278,g_a_cpu,cpu,7314.15,7314.51
8,278,g_a,dpu,7314.51,7422.75
8,278,g_a,dpu,7422.76,7533.08
8,278,g_a_cpu,cpu,7533.08,7533.45
8,278,h_a,dpu,7533.46,7539.94
8,278,eb_enc,cpu,7539.94,7540.07
8,278,eb_dec,cpu,7540.07,7540.19
8,278,h_s,dpu,7540.19,7551.87
8,278,gc,cpu,7551.87,7562.01
8,287,normalize,cpu,7562.52,7566.16
8,287,g_a_cpu,cpu,7566.16,7566.53
8,287,g_a,dpu,7566.53,7666.12
8,287,g_a,dpu,7666.12,7742.63
8,287,g_a_cpu,cpu,7742.63,7743.02
8,287,h_a,dpu,7743.03,7746.27
8,287,eb_enc,cpu,7746.27,7746.39
8,287,eb_dec,cpu,7746.39,7746.5
8,287,h_s,dpu,7746.5,7747.77
8,287,gc,cpu,7747.77,7757.93
8,294,normalize,cpu,7758.45,7762.1
8,294,g_a_cpu,cpu,7762.1,7762.45
8,294,g_a,dpu,7762.46,7823.76
8,294,g_a,dpu,7823.76,7900.01
8,294,g_a_cpu,cpu,7900.01,7900.38
8,294,h_a,dpu,7900.38,7940.32
8,294,eb_enc,cpu,7940.32,7940.44
8,294,eb_dec,cpu,7940.44,7940.55
8,294,h_s,dpu,7940.55,7943.93
8,294,gc,cpu,7943.93,7953.89
8,300,normalize,cpu,7954.55,7958.2
8,300,g_a_cpu,cpu,7958.2,7958.6
8,300,g_a,dpu,7958.6,8027.67
8,300,g_a,dpu,8027.67,8137.81
8,300,g_a_cpu,cpu,8137.81,8138.17
8,300,h_a,dpu,8138.18,8179.5
8,300,eb_enc,cpu,8179.5,8179.61
8,300,eb_dec,cpu,8179.61,8179.72
8,300,h_s,dpu,8179.72,8183.86
8,300,gc,cpu,8183.87,8194.1
8,309,normalize,cpu,8194.85,8198.6
8,309,g_a_cpu,cpu,8198.6,8198.97
8,309,g_a,dpu,8198.97,8270.89
8,309,g_a,dpu,8270.89,8383.05
8,309,g_a_cpu,cpu,8383.05,8383.54
8,309,h_a,dpu,8383.54,8424.07
8,309,eb_enc,cpu,8424.07,8424.19
8,309,eb_dec,cpu,8424.19,8424.3
8,309,h_s,dpu,8424.3,8430.59
8,309,gc,cpu,8430.59,8440.85
8,318,normalize,cpu,8441.71,8445.51
8,318,g_a_cpu,cpu,8445.52,8446.17
8,318,g_a,dpu,8446.18,8518.02
8,318,g_a,dpu,8518.02,8554.77
8,318,g_a_cpu,cpu,8554.77,8555.2
8,318,h_a,dpu,8555.2,8678.59
8,318,eb_enc,cpu,8678.59,8678.74
8,318,eb_dec,cpu,8678.74,8678.86
8,318,h_s,dpu,8678.86,8680.87
8,318,gc,cpu,8680.87,8691.32
8,328,normalize,cpu,8692.03,8695.74
8,328,g_a_cpu,cpu,8695.74,8696.26
8,328,g_a,dpu,8696.27,8797.12
8,328,g_a,dpu,8797.12,8907.44
8,328,g_a_cpu,cpu,8907.44,8907.82
8,328,h_a,dpu,8907.82,8914.11
8,328,eb_enc,cpu,8914.11,8914.23
8,328,eb_dec,cpu,8914.23,8914.34
8,328,h_s,dpu,8914.34,8919.8
8,328,gc,cpu,8919.8,8930.06
8,336,normalize,cpu,8930.88,8934.53
8,336,g_a_cpu,cpu,8934.53,8935.15
8,336,g_a,dpu,8935.16,9040
8,336,g_a,dpu,9040.01,9149.59
8,336,g_a_cpu,cpu,9149.59,9150
8,336,h_a,dpu,9150,9156.72
8,336,eb_enc,cpu,9156.73,9156.85
8,336,eb_dec,cpu,9156.85,9156.96
8,336,h_s,dpu,9156.96,9161.04
8,336,gc,cpu,9161.04,9171.7
8,345,normalize,cpu,9172.31,9176.11
8,345,g_a_cpu,cpu,9176.11,9176.79
8,345,g_a,dpu,9176.79,9248.74
8,345,g_a,dpu,9248.75,9358.24
8,345,g_a_cpu,cpu,9358.24,9358.62
8,345,h_a,dpu,9358.62,9399.93
8,345,eb_enc,cpu,9399.93,9400.07
8,345,eb_dec,cpu,9400.07,9400.18
8,345,h_s,dpu,9400.18,9404.79
8,345,gc,cpu,9404.79,9415.09
8,353,normalize,cpu,9415.61,9419.39
8,353,g_a_cpu,cpu,9419.4,9419.83
8,353,g_a,dpu,9419.84,9492
8,353,g_a,dpu,9492,9601.04
8,353,g_a_cpu,cpu,9601.04,9601.57
8,353,h_a,dpu,9601.57,9641.73
8,353,eb_enc,cpu,9641.73,9641.86
8,353,eb_dec,cpu,9641.86,9641.97
8,353,h_s,dpu,9641.97,9645.85
8,353,gc,cpu,9645.85,9655.75
8,362,normalize,cpu,9656.4,9662.21
8,362,g_a_cpu,cpu,9662.21,9662.68
8,362,g_a,dpu,9662.68,9811.05
8,362,g_a,dpu,9811.06,9847.81
8,362,g_a_cpu,cpu,9847.81,9848.27
8,362,h_a,dpu,9848.27,9889.85
8,362,eb_enc,cpu,9889.85,9890.02
8,362,eb_dec,cpu,9890.02,9890.14
8,362,h_s,dpu,9890.14,9895.76
8,362,gc,cpu,9895.76,9905.71
8,372,normalize,cpu,9906.37,9910.03
8,372,g_a_cpu,cpu,9910.04,9910.44
8,372,g_a,dpu,9910.45,9947.98
8,372,g_a,dpu,9947.98,9984.84
8,372,g_a_cpu,cpu,9984.84,9985.31
8,372,h_a,dpu,9985.31,10147.4
8,372,eb_enc,cpu,10147.4,10147.5
8,372,eb_dec,cpu,10147.5,10147.6
8,372,h_s,dpu,10147.6,10148.8
8,372,gc,cpu,10148.8,10158.7
8,384,normalize,cpu,10159.2,10162.9
8,384,g_a_cpu,cpu,10162.9,10163.4
8,384,g_a,dpu,10163.4,10261.4
8,384,g_a,dpu,10261.4,10371.5
8,384,g_a_cpu,cpu,10371.5,10372
8,384,h_a,dpu,10372,10388.1
8,384,eb_enc,cpu,10388.1,10388.3
8,384,eb_dec,cpu,10388.3,10388.4
8,384,h_s,dpu,10388.4,10389.7
8,384,gc,cpu,10389.7,10401.6
8,393,normalize,cpu,10402.2,10406
8,393,g_a_cpu,cpu,10406,10406.4
8,393,g_a,dpu,10406.4,10503.3
8,393,g_a,dpu,10503.3,10612.6
8,393,g_a_cpu,cpu,10612.6,10613.1
8,393,h_a,dpu,10613.1,10620.5
8,393,eb_enc,cpu,10620.5,10620.7
8,393,eb_dec,cpu,10620.7,10620.8
8,393,h_s,dpu,10620.8,10623.5
8,393,gc,cpu,10623.5,10634.1
8,402,normalize,cpu,10634.9,10638.7
8,402,g_a_cpu,cpu,10638.7,10639.1
8,402,g_a,dpu,10639.1,10677
8,402,g_a,dpu,10677,10713.9
8,402,g_a_cpu,cpu,10713.9,10714.3
8,402,h_a,dpu,10714.3,10716.8
8,402,eb_enc,cpu,10716.8,10716.9
8,402,eb_dec,cpu,10716.9,10717
8,402,h_s,dpu,10717.1,10718.1
8,402,gc,cpu,10718.1,10727.8
8,406,normalize,cpu,10728.2,10731.9
8,406,g_a_cpu,cpu,10731.9,10732.2
8,406,g_a,dpu,10732.2,10904.6
8,406,g_a,dpu,10904.6,10941.4
8,406,g_a_cpu,cpu,10941.4,10941.8
8,406,h_a,dpu,10941.8,10951.7
8,406,eb_enc,cpu,10951.7,10951.9
8,406,eb_dec,cpu,10951.9,10952
8,406,h_s,dpu,10952,10953.2
8,406,gc,cpu,10953.2,10963.2
8,415,normalize,cpu,10963.9,10967.6
8,415,g_a_cpu,cpu,10967.6,10967.9
8,415,g_a,dpu,10967.9,11072.5
8,415,g_a,dpu,11072.5,11182.8
8,415,g_a_cpu,cpu,11182.8,11183.1
8,415,h_a,dpu,11183.1,11185.7
8,415,eb_enc,cpu,11185.7,11185.8
8,415,eb_dec,cpu,11185.8,11185.9
8,415,h_s,dpu,11185.9,11194.3
8,415,gc,cpu,11194.3,11204.1
8,424,normalize,cpu,11204.6,11208.3
8,424,g_a_cpu,cpu,11208.3,11208.6
8,424,g_a,dpu,11208.6,11317.5
8,424,g_a,dpu,11317.5,11354.5
8,424,g_a_cpu,cpu,11354.5,11355
8,424,h_a,dpu,11355,11358
8,424,eb_enc,cpu,11358,11358.1
8,424,eb_dec,cpu,11358.1,11358.2
8,424,h_s,dpu,11358.2,11359.6
8,424,gc,cpu,11359.6,11369.6
8,431,normalize,cpu,11370,11373.7
8,431,g_a_cpu,cpu,11373.7,11374
8,431,g_a,dpu,11374,11474.2
8,431,g_a,dpu,11474.2,11521.8
8,431,g_a_cpu,cpu,11521.8,11522.2
8,431,h_a,dpu,11522.2,11524.7
8,431,eb_enc,cpu,11524.7,11524.8
8,431,eb_dec,cpu,11524.8,11524.9
8,431,h_s,dpu,11524.9,11599.6
8,431,gc,cpu,11599.6,11609.6
8,440,normalize,cpu,11610.1,11613.8
8,440,g_a_cpu,cpu,11613.8,11614.1
8,440,g_a,dpu,11614.1,11713.9
8,440,g_a,dpu,11713.9,11752.2
8,440,g_a_cpu,cpu,11752.2,11752.6
8,440,h_a,dpu,11752.6,11828.6
8,440,eb_enc,cpu,11828.6,11828.8
8,440,eb_dec,cpu,11828.8,11828.9
8,440,h_s,dpu,11828.9,11903.2
8,440,gc,cpu,11903.2,11912.9
8,449,normalize,cpu,11914.3,11918
8,449,g_a_cpu,cpu,11918,11918.4
8,449,g_a,dpu,11918.4,11955.4
8,449,g_a,dpu,11955.4,12145.2
8,449,g_a_cpu,cpu,12145.2,12145.6
8,449,h_a,dpu,12145.6,12186.9
8,449,eb_enc,cpu,12186.9,12187
8,449,eb_dec,cpu,12187.1,12187.2
8,449,h_s,dpu,12187.2,12225.7
8,449,gc,cpu,12225.7,12235.5
8,460,normalize,cpu,12236,12239.6
8,460,g_a_cpu,cpu,12239.6,12240.2
8,460,g_a,dpu,12240.2,12315.3
8,460,g_a,dpu,12315.3,12424.8
8,460,g_a_cpu,cpu,12424.8,12425.2
8,460,h_a,dpu,12425.2,12466
8,460,eb_enc,cpu,12466,12466.1
8,460,eb_dec,cpu,12466.1,12466.3
8,460,h_s,dpu,12466.3,12470.4
8,460,gc,cpu,12470.4,12480.3
8,469,normalize,cpu,12480.8,12484.4
8,469,g_a_cpu,cpu,12484.5,12484.9
8,469,g_a,dpu,12484.9,12558.4
8,469,g_a,dpu,12558.4,12667.5
8,469,g_a_cpu,cpu,12667.5,12667.9
8,469,h_a,dpu,12667.9,12708.2
8,469,eb_enc,cpu,12708.2,12708.4
8,469,eb_dec,cpu,12708.4,12708.5
8,469,h_s,dpu,12708.5,12712.4
8,469,gc,cpu,12712.4,12722.3
8,478,normalize,cpu,12722.8,12726.7
8,478,g_a_cpu,cpu,12726.7,12727.4
8,478,g_a,dpu,12727.4,12800.6
8,478,g_a,dpu,12800.6,12909.6
8,478,g_a_cpu,cpu,12909.6,12910
8,478,h_a,dpu,12910,12950.4
8,478,eb_enc,cpu,12950.4,12950.5
8,478,eb_dec,cpu,12950.5,12950.6
8,478,h_s,dpu,12950.6,12954.5
8,478,gc,cpu,12954.5,12965.9
8,487,normalize,cpu,12966.8,12981.8
8,487,g_a_cpu,cpu,12981.8,12982.3
8,487,g_a,dpu,12982.3,13081.3
8,487,g_a,dpu,13081.3,13191.5
8,487,g_a_cpu,cpu,13191.5,13191.9
8,487,h_a,dpu,13191.9,13198.3
8,487,eb_enc,cpu,13198.3,13198.4
8,487,eb_dec,cpu,13198.4,13198.5
8,487,h_s,dpu,13198.5,13203.4
8,487,gc,cpu,13203.4,13213.7
8,497,normalize,cpu,13214.5,13218.3
8,497,g_a_cpu,cpu,13218.3,13218.7
8,497,g_a,dpu,13218.7,13291.9
8,497,g_a,dpu,13291.9,13401.2
8,497,g_a_cpu,cpu,13401.2,13401.6
8,497,h_a,dpu,13401.6,13442.7
8,497,eb_enc,cpu,13442.7,13442.8
8,497,eb_dec,cpu,13442.8,13442.9
8,497,h_s,dpu,13442.9,13447.1
8,497,gc,cpu,13447.1,13458.6
8,505,normalize,cpu,13459.5,13464
8,505,g_a_cpu,cpu,13464,13464.8
8,505,g_a,dpu,13464.8,13535.7
8,505,g_a,dpu,13535.7,13645.1
8,505,g_a_cpu,cpu,13645.1,13645.6
8,505,h_a,dpu,13645.6,13686.6
8,505,eb_enc,cpu,13686.6,13686.8
8,505,eb_dec,cpu,13686.8,13686.9
8,505,h_s,dpu,13686.9,13691.1
8,505,gc,cpu,13691.1,13701.5
8,514,normalize,cpu,13702.4,13706.1
8,514,g_a_cpu,cpu,13706.1,13706.7
8,514,g_a,dpu,13706.7,13754.9
8,514,g_a,dpu,13754.9,13864.4
8,514,g_a_cpu,cpu,13864.4,13864.9
8,514,h_a,dpu,13864.9,13940.4
8,514,eb_enc,cpu,13940.4,13940.6
8,514,eb_dec,cpu,13940.6,13940.7
8,514,h_s,dpu,13940.7,13948.8
8,514,gc,cpu,13948.8,13959
8,524,normalize,cpu,13959.6,13974.3
8,524,g_a_cpu,cpu,13974.3,13974.8
8,524,g_a,dpu,13974.8,14048.2
8,524,g_a,dpu,14048.2,14157.3
8,524,g_a_cpu,cpu,14157.3,14157.7
8,524,h_a,dpu,14157.7,14200.3
8,524,eb_enc,cpu,14200.3,14200.5
8,524,eb_dec,cpu,14200.5,14200.6
8,524,h_s,dpu,14200.6,14215.4
8,524,gc,cpu,14215.4,14225.2
8,538,normalize,cpu,14225.7,14229.4
8,538,g_a_cpu,cpu,14229.4,14229.8
8,538,g_a,dpu,14229.8,14302.3
8,538,g_a,dpu,14302.3,14411.4
8,538,g_a_cpu,cpu,14411.4,14411.9
8,538,h_a,dpu,14411.9,14454.8
8,538,eb_enc,cpu,14454.8,14454.9
8,538,eb_dec,cpu,14454.9,14455
8,538,h_s,dpu,14455,14458.9
8,538,gc,cpu,14458.9,14468.7
8,547,normalize,cpu,14469.2,14472.8
8,547,g_a_cpu,cpu,14472.8,14473.3
8,547,g_a,dpu,14473.3,14545.7
8,547,g_a,dpu,14545.7,14654.6
8,547,g_a_cpu,cpu,14654.6,14655
8,547,h_a,dpu,14655.1,14697.6
8,547,eb_enc,cpu,14697.6,14697.7
8,547,eb_dec,cpu,14697.7,14697.9
8,547,h_s,dpu,14697.9,14701.9
8,547,gc,cpu,14701.9,14712
8,556,normalize,cpu,14712.5,14716.3
8,556,g_a_cpu,cpu,14716.3,14716.7
8,556,g_a,dpu,14716.7,14788.9
8,556,g_a,dpu,14788.9,14898.7
8,556,g_a_cpu,cpu,14898.7,14905.7
8,556,h_a,dpu,14905.7,14948
8,556,eb_enc,cpu,14948,14948.1
8,556,eb_dec,cpu,14948.1,14948.3
8,556,h_s,dpu,14948.3,14949.5
8,556,gc,cpu,14949.5,14959.5
8,566,normalize,cpu,14960,14963.6
8,566,g_a_cpu,cpu,14963.6,14963.9
8,566,g_a,dpu,14963.9,15064.7
8,566,g_a,dpu,15064.7,15182.3
8,566,g_a_cpu,cpu,15182.3,15182.6
8,566,h_a,dpu,15182.6,15188.2
8,566,eb_enc,cpu,15188.2,15188.3
8,566,eb_dec,cpu,15188.3,15188.4
8,566,h_s,dpu,15188.4,15189.6
8,566,gc,cpu,15189.6,15204
8,574,normalize,cpu,15204.4,15208.9
8,574,g_a_cpu,cpu,15208.9,15209.3
8,574,g_a,dpu,15209.3,15346.9
8,574,g_a,dpu,15346.9,15423
8,574,g_a_cpu,cpu,15423,15423.5
8,574,h_a,dpu,15423.5,15430
8,574,eb_enc,cpu,15430,15430.1
8,574,eb_dec,cpu,15430.1,15430.2
8,574,h_s,dpu,15430.2,15432.4
8,574,gc,cpu,15432.4,15443.8
8,584,normalize,cpu,15444.6,15448.3
8,584,g_a_cpu,cpu,15448.3,15448.7
8,584,g_a,dpu,15448.7,15550.2
8,584,g_a,dpu,15550.2,15659.7
8,584,g_a_cpu,cpu,15659.7,15660.1
8,584,h_a,dpu,15660.1,15666
8,584,eb_enc,cpu,15666,15666.1
8,584,eb_dec,cpu,15666.1,15666.3
8,584,h_s,dpu,15666.3,15669
8,584,gc,cpu,15669,15678.9
8,593,normalize,cpu,15679.3,15683.8
8,593,g_a_cpu,cpu,15683.8,15684.1
8,593,g_a,dpu,15684.1,15791.6
8,593,g_a,dpu,15791.6,15900.7
8,593,g_a_cpu,cpu,15900.7,15901.1
8,593,h_a,dpu,15901.1,15907.2
8,593,eb_enc,cpu,15907.2,15907.3
8,593,eb_dec,cpu,15907.3,15907.4
8,593,h_s,dpu,15907.4,15910.1
8,593,gc,cpu,15910.1,15920
8,602,normalize,cpu,15920.4,15924.1
8,602,g_a_cpu,cpu,15924.1,15924.5
8,602,g_a,dpu,15924.5,16032.4
8,602,g_a,dpu,16032.4,16141.9
8,602,g_a_cpu,cpu,16141.9,16142.3
8,602,h_a,dpu,16142.3,16144.9
8,602,eb_enc,cpu,16144.9,16145
8,602,eb_dec,cpu,16145,16145.1
8,602,h_s,dpu,16145.1,16150.3
8,602,gc,cpu,16150.3,16160.2
8,609,normalize,cpu,16160.8,16164.8
8,609,g_a_cpu,cpu,16164.8,16165.1
8,609,g_a,dpu,16165.1,16202.2
8,609,g_a,dpu,16202.2,16313.5
8,609,g_a_cpu,cpu,16313.5,16313.9
8,609,h_a,dpu,16313.9,16316.9
8,609,eb_enc,cpu,16316.9,16317
8,609,eb_dec,cpu,16317,16317.2
8,609,h_s,dpu,16317.2,16318.6
8,609,gc,cpu,16318.6,16328.5
8,615,normalize,cpu,16329,16332.6
8,615,g_a_cpu,cpu,16332.6,16332.9
8,615,g_a,dpu,16332.9,16436.5
8,615,g_a,dpu,16436.5,16477
8,615,g_a_cpu,cpu,16477,16477.4
8,615,h_a,dpu,16477.4,16481.2
8,615,eb_enc,cpu,16481.2,16481.3
8,615,eb_dec,cpu,16481.3,16481.4
8,615,h_s,dpu,16481.4,16482.7
8,615,gc,cpu,16482.7,16492.8
8,621,normalize,cpu,16493.7,16497.4
8,621,g_a_cpu,cpu,16497.4,16497.8
8,621,g_a,dpu,16497.8,16602.9
8,621,g_a,dpu,16602.9,16712.5
8,621,g_a_cpu,cpu,16712.5,16712.9
8,621,h_a,dpu,16712.9,16721.7
8,621,eb_enc,cpu,16721.7,16721.9
8,621,eb_dec,cpu,16721.9,16722.1
8,621,h_s,dpu,16722.1,16734.3
8,621,gc,cpu,16734.3,16744.6
8,632,normalize,cpu,16745.1,16748.7
8,632,g_a_cpu,cpu,16748.7,16749.1
8,632,g_a,dpu,16749.1,16847.2
8,632,g_a,dpu,16847.2,16957.7
8,632,g_a_cpu,cpu,16957.7,16958.1
8,632,h_a,dpu,16958.1,16970.2
8,632,eb_enc,cpu,16970.2,16970.3
8,632,eb_dec,cpu,16970.3,16970.4
8,632,h_s,dpu,16970.4,16975.1
8,632,gc,cpu,16975.1,16987.8
8,641,normalize,cpu,16988.3,16992.2
8,641,g_a_cpu,cpu,16992.2,16992.6
8,641,g_a,dpu,16992.6,17100.3
8,641,g_a,dpu,17100.3,17210.2
8,641,g_a_cpu,cpu,17210.2,17210.5
8,641,h_a,dpu,17210.5,17223.8
8,641,eb_enc,cpu,17223.8,17223.9
8,641,eb_dec,cpu,17223.9,17224
8,641,h_s,dpu,17224,17225.3
8,641,gc,cpu,17225.3,17235.6
8,650,normalize,cpu,17236.1,17239.7
8,650,g_a_cpu,cpu,17239.7,17240.1
8,650,g_a,dpu,17240.1,17419.1
8,650,g_a,dpu,17419.1,17456
8,650,g_a_cpu,cpu,17456,17456.4
8,650,h_a,dpu,17456.4,17467.8
8,650,eb_enc,cpu,17467.8,17467.9
8,650,eb_dec,cpu,17467.9,17468
8,650,h_s,dpu,17468,17469.4
8,650,gc,cpu,17469.4,17479.3
8,659,normalize,cpu,17479.7,17483.4
8,659,g_a_cpu,cpu,17483.4,17483.7
8,659,g_a,dpu,17483.7,17586.1
8,659,g_a,dpu,17586.1,17696.4
8,659,g_a_cpu,cpu,17696.4,17696.8
8,659,h_a,dpu,17696.8,17703.1
8,659,eb_enc,cpu,17703.1,17703.2
8,659,eb_dec,cpu,17703.2,17703.3
8,659,h_s,dpu,17703.3,17707.6
8,659,gc,cpu,17707.6,17717.7
8,668,normalize,cpu,17718.2,17721.9
8,668,g_a_cpu,cpu,17721.9,17722.3
8,668,g_a,dpu,17722.3,17828.5
8,668,g_a,dpu,17828.5,17938.8
8,668,g_a_cpu,cpu,17938.8,17939.2
8,668,h_a,dpu,17939.2,17946.2
8,668,eb_enc,cpu,17946.2,17946.3
8,668,eb_dec,cpu,17946.3,17946.5
8,668,h_s,dpu,17946.5,17949.5
8,668,gc,cpu,17949.5,17959.7
8,677,normalize,cpu,17960.1,17963.8
8,677,g_a_cpu,cpu,17963.8,17964.3
8,677,g_a,dpu,17964.3,18073.7
8,677,g_a,dpu,18073.7,18183.6
8,677,g_a_cpu,cpu,18183.6,18184
8,677,h_a,dpu,18184,18190.7
8,677,eb_enc,cpu,18190.7,18190.8
8,677,eb_dec,cpu,18190.8,18190.9
8,677,h_s,dpu,18190.9,18194
8,677,gc,cpu,18194,18203.7
8,686,normalize,cpu,18204.2,18208
8,686,g_a_cpu,cpu,18208,18208.4
8,686,g_a,dpu,18208.4,18317.7
8,686,g_a,dpu,18317.7,18428.1
8,686,g_a_cpu,cpu,18428.1,18428.5
8,686,h_a,dpu,18428.5,18434.8
8,686,eb_enc,cpu,18434.8,18434.9
8,686,eb_dec,cpu,18434.9,18435
8,686,h_s,dpu,18435,18438.2
8,686,gc,cpu,18438.2,18448.2
8,695,normalize,cpu,18448.9,18452.6
8,695,g_a_cpu,cpu,18452.6,18453.1
8,695,g_a,dpu,18453.1,18490.7
8,695,g_a,dpu,18490.7,18674.5
8,695,g_a_cpu,cpu,18674.5,18674.9
8,695,h_a,dpu,18674.9,18680.9
8,695,eb_enc,cpu,18680.9,18681
8,695,eb_dec,cpu,18681,18681.1
8,695,h_s,dpu,18681.1,18686.4
8,695,gc,cpu,18686.4,18696.6
8,705,normalize,cpu,18697.5,18701.1
8,705,g_a_cpu,cpu,18701.1,18701.5
8,705,g_a,dpu,18701.5,18809.2
8,705,g_a,dpu,18809.2,18919.4
8,705,g_a_cpu,cpu,18919.4,18919.8
8,705,h_a,dpu,18919.8,18925.7
8,705,eb_enc,cpu,18925.7,18925.8
8,705,eb_dec,cpu,18925.8,18925.9
8,705,h_s,dpu,18925.9,18930.4
8,705,gc,cpu,18930.4,18940.3
8,714,normalize,cpu,18940.7,18944.5
8,714,g_a_cpu,cpu,18944.5,18944.8
8,714,g_a,dpu,18944.8,19051.2
8,714,g_a,dpu,19051.2,19160.5
8,714,g_a_cpu,cpu,19160.5,19160.9
8,714,h_a,dpu,19160.9,19167.8
8,714,eb_enc,cpu,19167.8,19168
8,714,eb_dec,cpu,19168,19168.1
8,714,h_s,dpu,19168.1,19171.3
8,714,gc,cpu,19171.3,19181.2
8,723,normalize,cpu,19181.7,19185.4
8,723,g_a_cpu,cpu,19185.4,19185.7
8,723,g_a,dpu,19185.7,19293
8,723,g_a,dpu,19293,19402.2
8,723,g_a_cpu,cpu,19402.2,19402.6
8,723,h_a,dpu,19402.6,19409.3
8,723,eb_enc,cpu,19409.3,19409.4
8,723,eb_dec,cpu,19409.4,19409.5
8,723,h_s,dpu,19409.5,19412.6
8,723,gc,cpu,19412.6,19423
8,732,normalize,cpu,19423.4,19427.1
8,732,g_a_cpu,cpu,19427.1,19427.6
8,732,g_a,dpu,19427.6,19541.6
8,732,g_a,dpu,19541.6,19650.8
8,732,g_a_cpu,cpu,19650.8,19651.2
8,732,h_a,dpu,19651.2,19653.8
8,732,eb_enc,cpu,19653.8,19653.9
8,732,eb_dec,cpu,19653.9,19654
8,732,h_s,dpu,19654,19663.2
8,732,gc,cpu,19663.2,19673
8,741,normalize,cpu,19673.4,19677.1
8,741,g_a_cpu,cpu,19677.2,19677.5
8,741,g_a,dpu,19677.5,19786.2
8,741,g_a,dpu,19786.2,19895.6
8,741,g_a_cpu,cpu,19895.6,19896
8,741,h_a,dpu,19896,19903.7
8,741,eb_enc,cpu,19903.7,19903.8
8,741,eb_dec,cpu,19903.8,19903.9
8,741,h_s,dpu,19903.9,19910.4
8,741,gc,cpu,19910.4,19920.3
8,750,normalize,cpu,19921,19924.7
8,750,g_a_cpu,cpu,19924.7,19925
8,750,g_a,dpu,19925,20031.4
8,750,g_a,dpu,20031.4,20141.4
8,750,g_a_cpu,cpu,20141.4,20141.8
8,750,h_a,dpu,20141.8,20148.1
8,750,eb_enc,cpu,20148.1,20148.2
8,750,eb_dec,cpu,20148.2,20148.3
8,750,h_s,dpu,20148.3,20154.4
8,750,gc,cpu,20154.4,20164.4
8,759,normalize,cpu,20165,20168.7
8,759,g_a_cpu,cpu,20168.7,20169
8,759,g_a,dpu,20169,20274.3
8,759,g_a,dpu,20274.3,20383.6
8,759,g_a_cpu,cpu,20383.6,20384
8,759,h_a,dpu,20384,20390.7
8,759,eb_enc,cpu,20390.7,20390.9
8,759,eb_dec,cpu,20390.9,20391
8,759,h_s,dpu,20391,20394.1
8,759,gc,cpu,20394.1,20404.3
8,768,normalize,cpu,20404.9,20410
8,768,g_a_cpu,cpu,20410,20410.4
8,768,g_a,dpu,20410.4,20517.7
8,768,g_a,dpu,20517.7,20627.1
8,768,g_a_cpu,cpu,20627.1,20627.5
8,768,h_a,dpu,20627.5,20634.4
8,768,eb_enc,cpu,20634.4,20634.5
8,768,eb_dec,cpu,20634.5,20634.6
8,768,h_s,dpu,20634.6,20637.7
8,768,gc,cpu,20637.7,20648.1
8,776,normalize,cpu,20648.7,20652.4
8,776,g_a_cpu,cpu,20652.4,20652.9
8,776,g_a,dpu,20652.9,20762.2
8,776,g_a,dpu,20762.2,20875.8
8,776,g_a_cpu,cpu,20875.8,20876.1
8,776,h_a,dpu,20876.1,20878.6
8,776,eb_enc,cpu,20878.6,20878.7
8,776,eb_dec,cpu,20878.7,20878.9
8,776,h_s,dpu,20878.9,20918
8,776,gc,cpu,20918,20928.5
8,785,normalize,cpu,20929.2,20932.9
8,785,g_a_cpu,cpu,20932.9,20933.5
8,785,g_a,dpu,20933.5,20993.9
8,785,g_a,dpu,20993.9,21069
8,785,g_a_cpu,cpu,21069,21069.5
8,785,h_a,dpu,21069.5,21111.5
8,785,eb_enc,cpu,21111.5,21111.7
8,785,eb_dec,cpu,21111.7,21111.8
8,785,h_s,dpu,21111.8,21115.2
8,785,gc,cpu,21115.2,21125.3
8,794,normalize,cpu,21125.8,21129.5
8,794,g_a_cpu,cpu,21129.5,21129.9
8,794,g_a,dpu,21129.9,21197
8,794,g_a,dpu,21197,21306.4
8,794,g_a_cpu,cpu,21306.4,21307
8,794,h_a,dpu,21307,21347.3
8,794,eb_enc,cpu,21347.3,21347.4
8,794,eb_dec,cpu,21347.4,21347.5
8,794,h_s,dpu,21347.5,21351.3
8,794,gc,cpu,21351.3,21361.2
8,803,normalize,cpu,21361.7,21365.4
8,803,g_a_cpu,cpu,21365.4,21365.8
8,803,g_a,dpu,21365.8,21512.3
8,803,g_a,dpu,21512.3,21549
8,803,g_a_cpu,cpu,21549,21549.4
8,803,h_a,dpu,21549.4,21595.7
8,803,eb_enc,cpu,21595.7,21595.9
8,803,eb_dec,cpu,21595.9,21596
8,803,h_s,dpu,21596,21597.3
8,803,gc,cpu,21597.3,21607.2
8,813,normalize,cpu,21607.8,21611.4
8,813,g_a_cpu,cpu,21611.4,21611.8
8,813,g_a,dpu,21611.8,21714.9
8,813,g_a,dpu,21714.9,21824.3
8,813,g_a_cpu,cpu,21824.3,21824.7
8,813,h_a,dpu,21824.7,21831.5
8,813,eb_enc,cpu,21831.5,21831.6
8,813,eb_dec,cpu,21831.6,21831.8
8,813,h_s,dpu,21831.8,21834.9
8,813,gc,cpu,21834.9,21845.2
8,821,normalize,cpu,21845.9,21850.7
8,821,g_a_cpu,cpu,21850.7,21851.1
8,821,g_a,dpu,21851.1,21954.7
8,821,g_a,dpu,21954.7,22064.5
8,821,g_a_cpu,cpu,22064.5,22064.9
8,821,h_a,dpu,22064.9,22071.7
8,821,eb_enc,cpu,22071.7,22071.9
8,821,eb_dec,cpu,22071.9,22072
8,821,h_s,dpu,22072,22075.3
8,821,gc,cpu,22075.3,22086.6
8,831,normalize,cpu,22087.1,22090.8
8,831,g_a_cpu,cpu,22090.8,22091.1
8,831,g_a,dpu,22091.1,22198.2
8,831,g_a,dpu,22198.2,22307.4
8,831,g_a_cpu,cpu,22307.4,22307.8
8,831,h_a,dpu,22307.8,22313.9
8,831,eb_enc,cpu,22313.9,22314
8,831,eb_dec,cpu,22314,22314.1
8,831,h_s,dpu,22314.1,22316.8
8,831,gc,cpu,22316.8,22326.8
8,840,normalize,cpu,22327.2,22330.8
8,840,g_a_cpu,cpu,22330.8,22331.3
8,840,g_a,dpu,22331.3,22441.5
8,840,g_a,dpu,22441.5,22551.2
8,840,g_a_cpu,cpu,22551.2,22551.6
8,840,h_a,dpu,22551.6,22558.4
8,840,eb_enc,cpu,22558.4,22558.5
8,840,eb_dec,cpu,22558.5,22558.6
8,840,h_s,dpu,22558.6,22563.3
8,840,gc,cpu,22563.3,22573.1
8,849,normalize,cpu,22573.7,22577.5
8,849,g_a_cpu,cpu,22577.5,22578.2
8,849,g_a,dpu,22578.2,22684.1
8,849,g_a,dpu,22684.1,22793.5
8,849,g_a_cpu,cpu,22793.5,22793.9
8,849,h_a,dpu,22793.9,22800.7
8,849,eb_enc,cpu,22800.7,22800.8
8,849,eb_dec,cpu,22800.8,22800.9
8,849,h_s,dpu,22800.9,22807.4
8,849,gc,cpu,22807.4,22817.6
8,858,normalize,cpu,22818.1,22822.8
8,858,g_a_cpu,cpu,22822.8,22823.3
8,858,g_a,dpu,22823.3,22927
8,858,g_a,dpu,22927,23036.4
8,858,g_a_cpu,cpu,23036.4,23036.8
8,858,h_a,dpu,23036.8,23043.5
8,858,eb_enc,cpu,23043.5,23043.6
8,858,eb_dec,cpu,23043.6,23043.7
8,858,h_s,dpu,23043.7,23046.7
8,858,gc,cpu,23046.7,23056.6
8,867,normalize,cpu,23057.1,23061
8,867,g_a_cpu,cpu,23061,23061.7
8,867,g_a,dpu,23061.7,23169.8
8,867,g_a,dpu,23169.8,23279.4
8,867,g_a_cpu,cpu,23279.4,23279.8
8,867,h_a,dpu,23279.8,23286.5
8,867,eb_enc,cpu,23286.6,23286.7
8,867,eb_dec,cpu,23286.7,23286.8
8,867,h_s,dpu,23286.8,23289.9
8,867,gc,cpu,23289.9,23301
8,876,normalize,cpu,23301.8,23306.4
8,876,g_a_cpu,cpu,23306.4,23307.2
8,876,g_a,dpu,23307.2,23413.3
8,876,g_a,dpu,23413.3,23522.5
8,876,g_a_cpu,cpu,23522.5,23522.9
8,876,h_a,dpu,23522.9,23529.1
8,876,eb_enc,cpu,23529.1,23529.3
8,876,eb_dec,cpu,23529.3,23529.4
8,876,h_s,dpu,23529.4,23532.1
8,876,gc,cpu,23532.1,23542.4
8,884,normalize,cpu,23543.4,23559.7
8,884,g_a_cpu,cpu,23559.7,23560.3
8,884,g_a,dpu,23560.3,23667.3
8,884,g_a,dpu,23667.3,23776.1
8,884,g_a_cpu,cpu,23776.1,23776.5
8,884,h_a,dpu,23776.5,23793.9
8,884,eb_enc,cpu,23793.9,23794.1
8,884,eb_dec,cpu,23794.1,23794.2
8,884,h_s,dpu,23794.2,23797.5
8,884,gc,cpu,23797.5,23812.5
8,897,normalize,cpu,23812.9,23816.6
8,897,g_a_cpu,cpu,23816.6,23817
8,897,g_a,dpu,23817,23920.9
8,897,g_a,dpu,23920.9,24037.5
8,897,g_a_cpu,cpu,24037.5,24038.1
8,897,h_a,dpu,24038.1,24047
8,897,eb_enc,cpu,24047,24047.2
8,897,eb_dec,cpu,24047.2,24047.3
8,897,h_s,dpu,24047.3,24050.6
8,897,gc,cpu,24050.6,24060.9
8,909,normalize,cpu,24061.5,24065.1
8,909,g_a_cpu,cpu,24065.1,24065.5
8,909,g_a,dpu,24065.5,24173.4
8,909,g_a,dpu,24173.4,24283.2
8,909,g_a_cpu,cpu,24283.2,24283.8
8,909,h_a,dpu,24283.8,24291.8
8,909,eb_enc,cpu,24291.8,24291.9
8,909,eb_dec,cpu,24291.9,24292.1
8,909,h_s,dpu,24292.1,24295.4
8,909,gc,cpu,24295.4,24305.3
8,918,normalize,cpu,24305.8,24309.5
8,918,g_a_cpu,cpu,24309.5,24309.9
8,918,g_a,dpu,24309.9,24417.5
8,918,g_a,dpu,24417.5,24527.2
8,918,g_a_cpu,cpu,24527.2,24527.5
8,918,h_a,dpu,24527.5,24535.2
8,918,eb_enc,cpu,24535.2,24535.3
8,918,eb_dec,cpu,24535.3,24535.5
8,918,h_s,dpu,24535.5,24538.5
8,918,gc,cpu,24538.5,24548.8
8,927,normalize,cpu,24549.3,24553
8,927,g_a_cpu,cpu,24553,24553.4
8,927,g_a,dpu,24553.4,24660.9
8,927,g_a,dpu,24660.9,24770.6
8,927,g_a_cpu,cpu,24770.6,24771
8,927,h_a,dpu,24771,24776.6
8,927,eb_enc,cpu,24776.6,24776.7
8,927,eb_dec,cpu,24776.7,24776.8
8,927,h_s,dpu,24776.8,24779.3
8,927,gc,cpu,24779.3,24789
