Linux 5.15.36-xilinx-v2022.2 (xilinx-zcu102-20222) 	09/01/26 	_aarch64_	(4 CPU)

14:14:43     CPU    %usr   %nice    %sys %iowait    %irq   %soft  %steal  %guest  %gnice   %idle
14:14:44     all   22.25    0.00   15.09    0.00    0.00    0.00    0.00    0.00    0.00   62.66
14:14:44       0    0.00    0.00    1.00    0.00    0.00    0.00    0.00    0.00    0.00   99.00
14:14:44       1   19.79    0.00   27.08    0.00    0.00    0.00    0.00    0.00    0.00   53.12
14:14:44       2    0.00    0.00    1.04    0.00    0.00    0.00    0.00    0.00    0.00   98.96
14:14:44       3   68.69    0.00   31.31    0.00    0.00    0.00    0.00    0.00    0.00    0.00

14:14:44     CPU    %usr   %nice    %sys %iowait    %irq   %soft  %steal  %guest  %gnice   %idle
14:14:45     all   17.56    0.00   10.94    0.00    0.00    0.00    0.00    0.00    0.00   71.50
14:14:45       0   13.54    0.00    5.21    0.00    0.00    0.00    0.00    0.00    0.00   81.25
14:14:45       1   16.00    0.00   10.00    0.00    0.00    0.00    0.00    0.00    0.00   74.00
14:14:45       2   13.13    0.00   14.14    0.00    0.00    0.00    0.00    0.00    0.00   72.73
14:14:45       3   27.55    0.00   14.29    0.00    0.00    0.00    0.00    0.00    0.00   58.16

14:14:45     CPU    %usr   %nice    %sys %iowait    %irq   %soft  %steal  %guest  %gnice   %idle
14:14:46     all   16.62    0.00    6.14    0.00    0.00    0.00    0.00    0.00    0.00   77.24
14:14:46       0   18.56    0.00    8.25    0.00    0.00    0.00    0.00    0.00    0.00   73.20
14:14:46       1   13.27    0.00    1.02    0.00    0.00    0.00    0.00    0.00    0.00   85.71
14:14:46       2   17.71    0.00    7.29    0.00    0.00    0.00    0.00    0.00    0.00   75.00
14:14:46       3   17.00    0.00    8.00    0.00    0.00    0.00    0.00    0.00    0.00   75.00

14:14:46     CPU    %usr   %nice    %sys %iowait    %irq   %soft  %steal  %guest  %gnice   %idle
14:14:47     all   18.25    0.00    4.00    0.00    0.00    0.00    0.00    0.00    0.00   77.75
14:14:47       0   15.84    0.00    4.95    0.00    0.00    0.00    0.00    0.00    0.00   79.21
14:14:47       1   16.83    0.00    2.97    0.00    0.00    0.00    0.00    0.00    0.00   80.20
14:14:47       2   20.41    0.00    1.02    0.00    0.00    0.00    0.00    0.00    0.00   78.57
14:14:47       3   20.00    0.00    7.00    0.00    0.00    0.00    0.00    0.00    0.00   73.00

14:14:47     CPU    %usr   %nice    %sys %iowait    %irq   %soft  %steal  %guest  %gnice   %idle
14:14:48     all   17.35    0.00    4.08    0.00    0.00    0.00    0.00    0.00    0.00   78.57
14:14:48       0   23.23    0.00    5.05    0.00    0.00    0.00    0.00    0.00    0.00   71.72
14:14:48       1   16.16    0.00    5.05    0.00    0.00    0.00    0.00    0.00    0.00   78.79
14:14:48       2   16.33    0.00    4.08    0.00    0.00    0.00    0.00    0.00    0.00   79.59
14:14:48       3   13.54    0.00    2.08    0.00    0.00    0.00    0.00    0.00    0.00   84.38

14:14:48     CPU    %usr   %nice    %sys %iowait    %irq   %soft  %steal  %guest  %gnice   %idle
14:14:49     all   18.88    0.00    5.10    0.26    0.00    0.00    0.00    0.00    0.00   75.77
14:14:49       0   18.18    0.00    7.07    1.01    0.00    0.00    0.00    0.00    0.00   73.74
14:14:49       1   16.33    0.00    7.14    0.00    0.00    0.00    0.00    0.00    0.00   76.53
14:14:49       2   19.79    0.00    4.17    0.00    0.00    0.00    0.00    0.00    0.00   76.04
14:14:49       3   21.21    0.00    2.02    0.00    0.00    0.00    0.00    0.00    0.00   76.77

14:14:49     CPU    %usr   %nice    %sys %iowait    %irq   %soft  %steal  %guest  %gnice   %idle
14:14:50     all   17.18    0.00    3.85    0.00    0.00    0.00    0.00    0.00    0.00   78.97
14:14:50       0   16.33    0.00    7.14    0.00    0.00    0.00    0.00    0.00    0.00   76.53
14:14:50       1   18.18    0.00    2.02    0.00    0.00    0.00    0.00    0.00    0.00   79.80
14:14:50       2   17.89    0.00    2.11    0.00    0.00    0.00    0.00    0.00    0.00   80.00
14:14:50       3   16.33    0.00    4.08    0.00    0.00    0.00    0.00    0.00    0.00   79.59

14:14:50     CPU    %usr   %nice    %sys %iowait    %irq   %soft  %steal  %guest  %gnice   %idle
14:14:51     all   18.41    0.00    5.63    0.00    0.00    0.00    0.00    0.00    0.00   75.96
14:14:51       0   16.84    0.00    2.11    0.00    0.00    0.00    0.00    0.00    0.00   81.05
14:14:51       1   21.21    0.00    6.06    0.00    0.00    0.00    0.00    0.00    0.00   72.73
14:14:51       2   17.17    0.00    8.08    0.00    0.00    0.00    0.00    0.00    0.00   74.75
14:14:51       3   18.37    0.00    6.12    0.00    0.00    0.00    0.00    0.00    0.00   75.51

14:14:51     CPU    %usr   %nice    %sys %iowait    %irq   %soft  %steal  %guest  %gnice   %idle
14:14:52     all   18.78    0.00    5.58    0.00    0.00    0.00    0.00    0.00    0.00   75.63
14:14:52       0   15.31    0.00    8.16    0.00    0.00    0.00    0.00    0.00    0.00   76.53
14:14:52       1   19.39    0.00    6.12    0.00    0.00    0.00    0.00    0.00    0.00   74.49
14:14:52       2   19.80    0.00    5.94    0.00    0.00    0.00    0.00    0.00    0.00   74.26
14:14:52       3   20.62    0.00    2.06    0.00    0.00    0.00    0.00    0.00    0.00   77.32

14:14:52     CPU    %usr   %nice    %sys %iowait    %irq   %soft  %steal  %guest  %gnice   %idle
14:14:53     all   19.38    0.00    2.07    0.00    0.00    0.00    0.00    0.00    0.00   78.55
14:14:53       0   18.09    0.00    2.13    0.00    0.00    0.00    0.00    0.00    0.00   79.79
14:14:53       1   27.00    0.00    1.00    0.00    0.00    0.00    0.00    0.00    0.00   72.00
14:14:53       2   12.50    0.00    1.04    0.00    0.00    0.00    0.00    0.00    0.00   86.46
14:14:53       3   19.59    0.00    4.12    0.00    0.00    0.00    0.00    0.00    0.00   76.29

14:14:53     CPU    %usr   %nice    %sys %iowait    %irq   %soft  %steal  %guest  %gnice   %idle
14:14:54     all   18.53    0.00    5.58    0.00    0.00    0.00    0.00    0.00    0.00   75.89
14:14:54       0   18.56    0.00    8.25    0.00    0.00    0.00    0.00    0.00    0.00   73.20
14:14:54       1   19.19    0.00    9.09    0.00    0.00    0.00    0.00    0.00    0.00   71.72
14:14:54       2   18.81    0.00    1.98    0.00    0.00    0.00    0.00    0.00    0.00   79.21
14:14:54       3   17.53    0.00    3.09    0.00    0.00    0.00    0.00    0.00    0.00   79.38

14:14:54     CPU    %usr   %nice    %sys %iowait    %irq   %soft  %steal  %guest  %gnice   %idle
14:14:55     all   17.09    0.00    3.57    0.00    0.00    0.00    0.00    0.00    0.00   79.34
14:14:55       0   22.22    0.00    4.04    0.00    0.00    0.00    0.00    0.00    0.00   73.74
14:14:55       1   18.95    0.00    4.21    0.00    0.00    0.00    0.00    0.00    0.00   76.84
14:14:55       2   13.13    0.00    2.02    0.00    0.00    0.00    0.00    0.00    0.00   84.85
14:14:55       3   14.14    0.00    4.04    0.00    0.00    0.00    0.00    0.00    0.00   81.82

14:14:55     CPU    %usr   %nice    %sys %iowait    %irq   %soft  %steal  %guest  %gnice   %idle
14:14:56     all   16.96    0.00    4.81    0.00    0.00    0.00    0.00    0.00    0.00   78.23
14:14:56       0   18.37    0.00    4.08    0.00    0.00    0.00    0.00    0.00    0.00   77.55
14:14:56       1   15.15    0.00    3.03    0.00    0.00    0.00    0.00    0.00    0.00   81.82
14:14:56       2   15.84    0.00    7.92    0.00    0.00    0.00    0.00    0.00    0.00   76.24
14:14:56       3   18.56    0.00    4.12    0.00    0.00    0.00    0.00    0.00    0.00   77.32

14:14:56     CPU    %usr   %nice    %sys %iowait    %irq   %soft  %steal  %guest  %gnice   %idle
14:14:57     all   18.78    0.00    3.81    0.00    0.00    0.00    0.00    0.00    0.00   77.41
14:14:57       0   20.41    0.00    2.04    0.00    0.00    0.00    0.00    0.00    0.00   77.55
14:14:57       1   15.15    0.00    5.05    0.00    0.00    0.00    0.00    0.00    0.00   79.80
14:14:57       2   21.43    0.00    3.06    0.00    0.00    0.00    0.00    0.00    0.00   75.51
14:14:57       3   18.18    0.00    5.05    0.00    0.00    0.00    0.00    0.00    0.00   76.77

14:14:57     CPU    %usr   %nice    %sys %iowait    %irq   %soft  %steal  %guest  %gnice   %idle
14:14:58     all   17.42    0.00    4.80    0.00    0.00    0.00    0.00    0.00    0.00   77.78
14:14:58       0   19.19    0.00    5.05    0.00    0.00    0.00    0.00    0.00    0.00   75.76
14:14:58       1   18.81    0.00    2.97    0.00    0.00    0.00    0.00    0.00    0.00   78.22
14:14:58       2   13.13    0.00    9.09    0.00    0.00    0.00    0.00    0.00    0.00   77.78
14:14:58       3   18.56    0.00    2.06    0.00    0.00    0.00    0.00    0.00    0.00   79.38

14:14:58     CPU    %usr   %nice    %sys %iowait    %irq   %soft  %steal  %guest  %gnice   %idle
14:14:59     all   18.48    0.00    4.30    0.00    0.00    0.00    0.00    0.00    0.00   77.22
14:14:59       0   19.59    0.00    1.03    0.00    0.00    0.00    0.00    0.00    0.00   79.38
14:14:59       1   21.00    0.00    4.00    0.00    0.00    0.00    0.00    0.00    0.00   75.00
14:14:59       2   15.84    0.00    5.94    0.00    0.00    0.00    0.00    0.00    0.00   78.22
14:14:59       3   17.53    0.00    6.19    0.00    0.00    0.00    0.00    0.00    0.00   76.29

14:14:59     CPU    %usr   %nice    %sys %iowait    %irq   %soft  %steal  %guest  %gnice   %idle
14:15:00     all   17.99    0.00    3.86    0.00    0.00    0.00    0.00    0.00    0.00   78.15
14:15:00       0   12.77    0.00    1.06    0.00    0.00    0.00    0.00    0.00    0.00   86.17
14:15:00       1   24.00    0.00    2.00    0.00    0.00    0.00    0.00    0.00    0.00   74.00
14:15:00       2   17.53    0.00    2.06    0.00    0.00    0.00    0.00    0.00    0.00   80.41
14:15:00       3   17.35    0.00   10.20    0.00    0.00    0.00    0.00    0.00    0.00   72.45

14:15:00     CPU    %usr   %nice    %sys %iowait    %irq   %soft  %steal  %guest  %gnice   %idle
14:15:01     all   19.02    0.00    3.60    0.00    0.00    0.00    0.00    0.00    0.00   77.38
14:15:01       0   19.79    0.00    2.08    0.00    0.00    0.00    0.00    0.00    0.00   78.12
14:15:01       1   14.29    0.00    5.10    0.00    0.00    0.00    0.00    0.00    0.00   80.61
14:15:01       2   18.56    0.00    5.15    0.00    0.00    0.00    0.00    0.00    0.00   76.29
14:15:01       3   23.47    0.00    2.04    0.00    0.00    0.00    0.00    0.00    0.00   74.49

14:15:01     CPU    %usr   %nice    %sys %iowait    %irq   %soft  %steal  %guest  %gnice   %idle
14:15:02     all   18.88    0.00    3.57    0.00    0.00    0.00    0.00    0.00    0.00   77.55
14:15:02       0   20.41    0.00    4.08    0.00    0.00    0.00    0.00    0.00    0.00   75.51
14:15:02       1   16.33    0.00    5.10    0.00    0.00    0.00    0.00    0.00    0.00   78.57
14:15:02       2   15.31    0.00    4.08    0.00    0.00    0.00    0.00    0.00    0.00   80.61
14:15:02       3   23.47    0.00    1.02    0.00    0.00    0.00    0.00    0.00    0.00   75.51

14:15:02     CPU    %usr   %nice    %sys %iowait    %irq   %soft  %steal  %guest  %gnice   %idle
14:15:03     all   18.11    0.00    4.59    0.00    0.00    0.00    0.00    0.00    0.00   77.30
14:15:03       0   18.18    0.00    3.03    0.00    0.00    0.00    0.00    0.00    0.00   78.79
14:15:03       1   20.20    0.00    4.04    0.00    0.00    0.00    0.00    0.00    0.00   75.76
14:15:03       2   20.83    0.00    6.25    0.00    0.00    0.00    0.00    0.00    0.00   72.92
14:15:03       3   13.27    0.00    5.10    0.00    0.00    0.00    0.00    0.00    0.00   81.63

14:15:03     CPU    %usr   %nice    %sys %iowait    %irq   %soft  %steal  %guest  %gnice   %idle
14:15:04     all   18.77    0.00    3.08    0.00    0.00    0.00    0.00    0.00    0.00   78.15
14:15:04       0   19.79    0.00    2.08    0.00    0.00    0.00    0.00    0.00    0.00   78.12
14:15:04       1   22.22    0.00    0.00    0.00    0.00    0.00    0.00    0.00    0.00   77.78
14:15:04       2   17.35    0.00    6.12    0.00    0.00    0.00    0.00    0.00    0.00   76.53
14:15:04       3   15.62    0.00    4.17    0.00    0.00    0.00    0.00    0.00    0.00   80.21

14:15:04     CPU    %usr   %nice    %sys %iowait    %irq   %soft  %steal  %guest  %gnice   %idle
14:15:05     all   16.25    0.00    5.75    0.00    0.00    0.00    0.00    0.00    0.00   78.00
14:15:05       0   11.22    0.00    8.16    0.00    0.00    0.00    0.00    0.00    0.00   80.61
14:15:05       1   17.65    0.00    4.90    0.00    0.00    0.00    0.00    0.00    0.00   77.45
14:15:05       2   16.83    0.00    3.96    0.00    0.00    0.00    0.00    0.00    0.00   79.21
14:15:05       3   19.19    0.00    6.06    0.00    0.00    0.00    0.00    0.00    0.00   74.75

14:15:05     CPU    %usr   %nice    %sys %iowait    %irq   %soft  %steal  %guest  %gnice   %idle
14:15:06     all   17.99    0.00    4.11    0.00    0.00    0.00    0.00    0.00    0.00   77.89
14:15:06       0   14.43    0.00    2.06    0.00    0.00    0.00    0.00    0.00    0.00   83.51
14:15:06       1   20.20    0.00    3.03    0.00    0.00    0.00    0.00    0.00    0.00   76.77
14:15:06       2   21.65    0.00    5.15    0.00    0.00    0.00    0.00    0.00    0.00   73.20
14:15:06       3   15.62    0.00    6.25    0.00    0.00    0.00    0.00    0.00    0.00   78.12

14:15:06     CPU    %usr   %nice    %sys %iowait    %irq   %soft  %steal  %guest  %gnice   %idle
14:15:07     all   19.24    0.00    4.05    0.00    0.00    0.00    0.00    0.00    0.00   76.71
14:15:07       0   19.79    0.00    2.08    0.00    0.00    0.00    0.00    0.00    0.00   78.12
14:15:07       1   20.00    0.00    3.00    0.00    0.00    0.00    0.00    0.00    0.00   77.00
14:15:07       2   20.20    0.00    5.05    0.00    0.00    0.00    0.00    0.00    0.00   74.75
14:15:07       3   17.00    0.00    6.00    0.00    0.00    0.00    0.00    0.00    0.00   77.00

14:15:07     CPU    %usr   %nice    %sys %iowait    %irq   %soft  %steal  %guest  %gnice   %idle
14:15:08     all   17.05    0.00    3.82    0.00    0.00    0.00    0.00    0.00    0.00   79.13
14:15:08       0   16.33    0.00    2.04    0.00    0.00    0.00    0.00    0.00    0.00   81.63
14:15:08       1   20.79    0.00    5.94    0.00    0.00    0.00    0.00    0.00    0.00   73.27
14:15:08       2   14.29    0.00    1.02    0.00    0.00    0.00    0.00    0.00    0.00   84.69
14:15:08       3   16.67    0.00    6.25    0.00    0.00    0.00    0.00    0.00    0.00   77.08

14:15:08     CPU    %usr   %nice    %sys %iowait    %irq   %soft  %steal  %guest  %gnice   %idle
14:15:09     all   19.90    0.00    4.53    0.00    0.00    0.00    0.00    0.00    0.00   75.57
14:15:09       0   16.16    0.00    2.02    0.00    0.00    0.00    0.00    0.00    0.00   81.82
14:15:09       1   24.00    0.00    3.00    0.00    0.00    0.00    0.00    0.00    0.00   73.00
14:15:09       2   18.00    0.00    5.00    0.00    0.00    0.00    0.00    0.00    0.00   77.00
14:15:09       3   21.43    0.00    8.16    0.00    0.00    0.00    0.00    0.00    0.00   70.41

14:15:09     CPU    %usr   %nice    %sys %iowait    %irq   %soft  %steal  %guest  %gnice   %idle
14:15:10     all   19.40    0.00    4.53    0.00    0.00    0.00    0.00    0.00    0.00   76.07
14:15:10       0   21.43    0.00    4.08    0.00    0.00    0.00    0.00    0.00    0.00   74.49
14:15:10       1   15.69    0.00    4.90    0.00    0.00    0.00    0.00    0.00    0.00   79.41
14:15:10       2   20.41    0.00    5.10    0.00    0.00    0.00    0.00    0.00    0.00   74.49
14:15:10       3   20.20    0.00    4.04    0.00    0.00    0.00    0.00    0.00    0.00   75.76

14:15:10     CPU    %usr   %nice    %sys %iowait    %irq   %soft  %steal  %guest  %gnice   %idle
14:15:11     all   18.07    0.00    4.58    0.00    0.00    0.00    0.00    0.00    0.00   77.35
14:15:11       0   15.79    0.00    4.21    0.00    0.00    0.00    0.00    0.00    0.00   80.00
14:15:11       1   20.41    0.00    7.14    0.00    0.00    0.00    0.00    0.00    0.00   72.45
14:15:11       2   18.00    0.00    5.00    0.00    0.00    0.00    0.00    0.00    0.00   77.00
14:15:11       3   18.00    0.00    2.00    0.00    0.00    0.00    0.00    0.00    0.00   80.00

14:15:11     CPU    %usr   %nice    %sys %iowait    %irq   %soft  %steal  %guest  %gnice   %idle
14:15:12     all   17.18    0.00    4.62    0.00    0.00    0.00    0.00    0.00    0.00   78.21
14:15:12       0   18.18    0.00    7.07    0.00    0.00    0.00    0.00    0.00    0.00   74.75
14:15:12       1   16.33    0.00    6.12    0.00    0.00    0.00    0.00    0.00    0.00   77.55
14:15:12       2   17.71    0.00    3.12    0.00    0.00    0.00    0.00    0.00    0.00   79.17
14:15:12       3   16.49    0.00    2.06    0.00    0.00    0.00    0.00    0.00    0.00   81.44

14:15:12     CPU    %usr   %nice    %sys %iowait    %irq   %soft  %steal  %guest  %gnice   %idle
14:15:13     all   18.37    0.00    4.34    0.00    0.00    0.00    0.00    0.00    0.00   77.30
14:15:13       0   16.67    0.00    6.25    0.00    0.00    0.00    0.00    0.00    0.00   77.08
14:15:13       1   21.21    0.00    1.01    0.00    0.00    0.00    0.00    0.00    0.00   77.78
14:15:13       2   15.31    0.00    6.12    0.00    0.00    0.00    0.00    0.00    0.00   78.57
14:15:13       3   20.20    0.00    4.04    0.00    0.00    0.00    0.00    0.00    0.00   75.76

14:15:13     CPU    %usr   %nice    %sys %iowait    %irq   %soft  %steal  %guest  %gnice   %idle
14:15:14     all   17.35    0.00    4.08    0.00    0.00    0.00    0.00    0.00    0.00   78.57
14:15:14       0   14.58    0.00    3.12    0.00    0.00    0.00    0.00    0.00    0.00   82.29
14:15:14       1   16.16    0.00    7.07    0.00    0.00    0.00    0.00    0.00    0.00   76.77
14:15:14       2   15.15    0.00    5.05    0.00    0.00    0.00    0.00    0.00    0.00   79.80
14:15:14       3   23.47    0.00    1.02    0.00    0.00    0.00    0.00    0.00    0.00   75.51

14:15:14     CPU    %usr   %nice    %sys %iowait    %irq   %soft  %steal  %guest  %gnice   %idle
14:15:15     all   19.29    0.00    4.31    0.00    0.00    0.00    0.00    0.00    0.00   76.40
14:15:15       0   20.20    0.00    2.02    0.00    0.00    0.00    0.00    0.00    0.00   77.78
14:15:15       1   18.00    0.00    3.00    0.00    0.00    0.00    0.00    0.00    0.00   79.00
14:15:15       2   15.31    0.00    7.14    0.00    0.00    0.00    0.00    0.00    0.00   77.55
14:15:15       3   23.71    0.00    5.15    0.00    0.00    0.00    0.00    0.00    0.00   71.13

14:15:15     CPU    %usr   %nice    %sys %iowait    %irq   %soft  %steal  %guest  %gnice   %idle
14:15:16     all   18.21    0.00    4.10    0.00    0.00    0.00    0.00    0.00    0.00   77.69
14:15:16       0   19.39    0.00    4.08    0.00    0.00    0.00    0.00    0.00    0.00   76.53
14:15:16       1   16.84    0.00    7.37    0.00    0.00    0.00    0.00    0.00    0.00   75.79
14:15:16       2   20.00    0.00    4.00    0.00    0.00    0.00    0.00    0.00    0.00   76.00
14:15:16       3   16.49    0.00    1.03    0.00    0.00    0.00    0.00    0.00    0.00   82.47

14:15:16     CPU    %usr   %nice    %sys %iowait    %irq   %soft  %steal  %guest  %gnice   %idle
14:15:17     all   15.87    0.00    4.28    0.00    0.00    0.00    0.00    0.00    0.00   79.85
14:15:17       0   17.89    0.00    0.00    0.00    0.00    0.00    0.00    0.00    0.00   82.11
14:15:17       1   13.73    0.00    7.84    0.00    0.00    0.00    0.00    0.00    0.00   78.43
14:15:17       2   18.00    0.00    5.00    0.00    0.00    0.00    0.00    0.00    0.00   77.00
14:15:17       3   14.00    0.00    4.00    0.00    0.00    0.00    0.00    0.00    0.00   82.00

14:15:17     CPU    %usr   %nice    %sys %iowait    %irq   %soft  %steal  %guest  %gnice   %idle
14:15:18     all   18.72    0.00    4.87    0.00    0.00    0.00    0.00    0.00    0.00   76.41
14:15:18       0   21.05    0.00    9.47    0.00    0.00    0.00    0.00    0.00    0.00   69.47
14:15:18       1   16.16    0.00    6.06    0.00    0.00    0.00    0.00    0.00    0.00   77.78
14:15:18       2   20.62    0.00    1.03    0.00    0.00    0.00    0.00    0.00    0.00   78.35
14:15:18       3   17.17    0.00    3.03    0.00    0.00    0.00    0.00    0.00    0.00   79.80

14:15:18     CPU    %usr   %nice    %sys %iowait    %irq   %soft  %steal  %guest  %gnice   %idle
14:15:19     all   19.64    0.00    4.08    0.00    0.00    0.00    0.00    0.00    0.00   76.28
14:15:19       0   17.71    0.00    6.25    0.00    0.00    0.00    0.00    0.00    0.00   76.04
14:15:19       1   16.16    0.00    4.04    0.00    0.00    0.00    0.00    0.00    0.00   79.80
14:15:19       2   24.24    0.00    3.03    0.00    0.00    0.00    0.00    0.00    0.00   72.73
14:15:19       3   20.41    0.00    3.06    0.00    0.00    0.00    0.00    0.00    0.00   76.53

14:15:19     CPU    %usr   %nice    %sys %iowait    %irq   %soft  %steal  %guest  %gnice   %idle
14:15:20     all   16.58    0.00    4.08    0.00    0.00    0.00    0.00    0.00    0.00   79.34
14:15:20       0   20.83    0.00    3.12    0.00    0.00    0.00    0.00    0.00    0.00   76.04
14:15:20       1   12.37    0.00    5.15    0.00    0.00    0.00    0.00    0.00    0.00   82.47
14:15:20       2   14.00    0.00    5.00    0.00    0.00    0.00    0.00    0.00    0.00   81.00
14:15:20       3   19.19    0.00    3.03    0.00    0.00    0.00    0.00    0.00    0.00   77.78

14:15:20     CPU    %usr   %nice    %sys %iowait    %irq   %soft  %steal  %guest  %gnice   %idle
14:15:21     all   18.97    0.00    4.62    0.00    0.00    0.00    0.00    0.00    0.00   76.41
14:15:21       0   22.68    0.00    4.12    0.00    0.00    0.00    0.00    0.00    0.00   73.20
14:15:21       1   16.49    0.00    5.15    0.00    0.00    0.00    0.00    0.00    0.00   78.35
14:15:21       2   22.45    0.00    6.12    0.00    0.00    0.00    0.00    0.00    0.00   71.43
14:15:21       3   14.29    0.00    3.06    0.00    0.00    0.00    0.00    0.00    0.00   82.65

14:15:21     CPU    %usr   %nice    %sys %iowait    %irq   %soft  %steal  %guest  %gnice   %idle
14:15:22     all   15.09    0.00    3.84    0.00    0.00    0.00    0.00    0.00    0.00   81.07
14:15:22       0    9.38    0.00    5.21    0.00    0.00    0.00    0.00    0.00    0.00   85.42
14:15:22       1   15.31    0.00    1.02    0.00    0.00    0.00    0.00    0.00    0.00   83.67
14:15:22       2   23.53    0.00    3.92    0.00    0.00    0.00    0.00    0.00    0.00   72.55
14:15:22       3   11.58    0.00    5.26    0.00    0.00    0.00    0.00    0.00    0.00   83.16

14:15:22     CPU    %usr   %nice    %sys %iowait    %irq   %soft  %steal  %guest  %gnice   %idle
14:15:23     all   19.13    0.00    4.08    0.00    0.00    0.00    0.00    0.00    0.00   76.79
14:15:23       0   17.71    0.00    3.12    0.00    0.00    0.00    0.00    0.00    0.00   79.17
14:15:23       1   23.96    0.00    1.04    0.00    0.00    0.00    0.00    0.00    0.00   75.00
14:15:23       2   15.00    0.00    7.00    0.00    0.00    0.00    0.00    0.00    0.00   78.00
14:15:23       3   20.00    0.00    5.00    0.00    0.00    0.00    0.00    0.00    0.00   75.00

14:15:23     CPU    %usr   %nice    %sys %iowait    %irq   %soft  %steal  %guest  %gnice   %idle
14:15:24     all   18.78    0.00    4.82    0.00    0.00    0.00    0.00    0.00    0.00   76.40
14:15:24       0   16.49    0.00    7.22    0.00    0.00    0.00    0.00    0.00    0.00   76.29
14:15:24       1   18.18    0.00    2.02    0.00    0.00    0.00    0.00    0.00    0.00   79.80
14:15:24       2   23.47    0.00    3.06    0.00    0.00    0.00    0.00    0.00    0.00   73.47
14:15:24       3   17.00    0.00    7.00    0.00    0.00    0.00    0.00    0.00    0.00   76.00

14:15:24     CPU    %usr   %nice    %sys %iowait    %irq   %soft  %steal  %guest  %gnice   %idle
14:15:25     all   18.21    0.00    4.10    0.00    0.00    0.00    0.00    0.00    0.00   77.69
14:15:25       0   15.46    0.00    5.15    0.00    0.00    0.00    0.00    0.00    0.00   79.38
14:15:25       1   25.77    0.00    2.06    0.00    0.00    0.00    0.00    0.00    0.00   72.16
14:15:25       2   14.85    0.00    2.97    0.00    0.00    0.00    0.00    0.00    0.00   82.18
14:15:25       3   16.84    0.00    6.32    0.00    0.00    0.00    0.00    0.00    0.00   76.84

14:15:25     CPU    %usr   %nice    %sys %iowait    %irq   %soft  %steal  %guest  %gnice   %idle
14:15:26     all   18.18    0.00    3.79    0.00    0.00    0.00    0.00    0.00    0.00   78.03
14:15:26       0   18.63    0.00    3.92    0.00    0.00    0.00    0.00    0.00    0.00   77.45
14:15:26       1   15.31    0.00    7.14    0.00    0.00    0.00    0.00    0.00    0.00   77.55
14:15:26       2   23.23    0.00    2.02    0.00    0.00    0.00    0.00    0.00    0.00   74.75
14:15:26       3   15.46    0.00    2.06    0.00    0.00    0.00    0.00    0.00    0.00   82.47

14:15:26     CPU    %usr   %nice    %sys %iowait    %irq   %soft  %steal  %guest  %gnice   %idle
14:15:27     all   19.04    0.00    5.08    0.00    0.00    0.00    0.00    0.00    0.00   75.89
14:15:27       0   20.83    0.00    4.17    0.00    0.00    0.00    0.00    0.00    0.00   75.00
14:15:27       1   22.68    0.00    4.12    0.00    0.00    0.00    0.00    0.00    0.00   73.20
14:15:27       2   18.00    0.00    2.00    0.00    0.00    0.00    0.00    0.00    0.00   80.00
14:15:27       3   14.85    0.00    9.90    0.00    0.00    0.00    0.00    0.00    0.00   75.25

14:15:27     CPU    %usr   %nice    %sys %iowait    %irq   %soft  %steal  %guest  %gnice   %idle
14:15:28     all   18.67    0.00    4.60    0.00    0.00    0.00    0.00    0.00    0.00   76.73
14:15:28       0   19.79    0.00    3.12    0.00    0.00    0.00    0.00    0.00    0.00   77.08
14:15:28       1   18.37    0.00    6.12    0.00    0.00    0.00    0.00    0.00    0.00   75.51
14:15:28       2   18.56    0.00    4.12    0.00    0.00    0.00    0.00    0.00    0.00   77.32
14:15:28       3   18.00    0.00    5.00    0.00    0.00    0.00    0.00    0.00    0.00   77.00

14:15:28     CPU    %usr   %nice    %sys %iowait    %irq   %soft  %steal  %guest  %gnice   %idle
14:15:29     all   17.72    0.00    4.56    0.00    0.00    0.00    0.00    0.00    0.00   77.72
14:15:29       0   19.00    0.00    5.00    0.00    0.00    0.00    0.00    0.00    0.00   76.00
14:15:29       1   14.14    0.00    6.06    0.00    0.00    0.00    0.00    0.00    0.00   79.80
14:15:29       2   20.62    0.00    4.12    0.00    0.00    0.00    0.00    0.00    0.00   75.26
14:15:29       3   17.17    0.00    3.03    0.00    0.00    0.00    0.00    0.00    0.00   79.80

14:15:29     CPU    %usr   %nice    %sys %iowait    %irq   %soft  %steal  %guest  %gnice   %idle
14:15:30     all   18.41    0.00    4.09    0.00    0.00    0.00    0.00    0.00    0.00   77.49
14:15:30       0   17.53    0.00    7.22    0.00    0.00    0.00    0.00    0.00    0.00   75.26
14:15:30       1   19.00    0.00    3.00    0.00    0.00    0.00    0.00    0.00    0.00   78.00
14:15:30       2   16.67    0.00    3.12    0.00    0.00    0.00    0.00    0.00    0.00   80.21
14:15:30       3   20.41    0.00    3.06    0.00    0.00    0.00    0.00    0.00    0.00   76.53

14:15:30     CPU    %usr   %nice    %sys %iowait    %irq   %soft  %steal  %guest  %gnice   %idle
14:15:31     all   17.65    0.00    4.09    0.00    0.00    0.00    0.00    0.00    0.00   78.26
14:15:31       0   16.33    0.00    3.06    0.00    0.00    0.00    0.00    0.00    0.00   80.61
14:15:31       1   19.00    0.00    3.00    0.00    0.00    0.00    0.00    0.00    0.00   78.00
14:15:31       2   18.75    0.00    6.25    0.00    0.00    0.00    0.00    0.00    0.00   75.00
14:15:31       3   16.49    0.00    4.12    0.00    0.00    0.00    0.00    0.00    0.00   79.38

14:15:31     CPU    %usr   %nice    %sys %iowait    %irq   %soft  %steal  %guest  %gnice   %idle
14:15:32     all   18.39    0.00    4.03    0.00    0.00    0.00    0.00    0.00    0.00   77.58
14:15:32       0   19.59    0.00    2.06    0.00    0.00    0.00    0.00    0.00    0.00   78.35
14:15:32       1   21.78    0.00    2.97    0.00    0.00    0.00    0.00    0.00    0.00   75.25
14:15:32       2   17.65    0.00    4.90    0.00    0.00    0.00    0.00    0.00    0.00   77.45
14:15:32       3   14.43    0.00    6.19    0.00    0.00    0.00    0.00    0.00    0.00   79.38

14:15:32     CPU    %usr   %nice    %sys %iowait    %irq   %soft  %steal  %guest  %gnice   %idle
14:15:33     all   18.48    0.00    5.06    0.00    0.00    0.00    0.00    0.00    0.00   76.46
14:15:33       0   16.33    0.00    6.12    0.00    0.00    0.00    0.00    0.00    0.00   77.55
14:15:33       1   17.82    0.00    6.93    0.00    0.00    0.00    0.00    0.00    0.00   75.25
14:15:33       2   22.68    0.00    4.12    0.00    0.00    0.00    0.00    0.00    0.00   73.20
14:15:33       3   17.17    0.00    3.03    0.00    0.00    0.00    0.00    0.00    0.00   79.80

14:15:33     CPU    %usr   %nice    %sys %iowait    %irq   %soft  %steal  %guest  %gnice   %idle
14:15:34     all   16.62    0.00    5.63    0.00    0.00    0.00    0.00    0.00    0.00   77.75
14:15:34       0    7.29    0.00   14.58    0.00    0.00    0.00    0.00    0.00    0.00   78.12
14:15:34       1   22.22    0.00    1.01    0.00    0.00    0.00    0.00    0.00    0.00   76.77
14:15:34       2   16.49    0.00    4.12    0.00    0.00    0.00    0.00    0.00    0.00   79.38
14:15:34       3   20.20    0.00    3.03    0.00    0.00    0.00    0.00    0.00    0.00   76.77

14:15:34     CPU    %usr   %nice    %sys %iowait    %irq   %soft  %steal  %guest  %gnice   %idle
14:15:35     all   18.14    0.00    4.28    0.00    0.00    0.00    0.00    0.00    0.00   77.58
14:15:35       0   12.50    0.00    8.33    0.00    0.00    0.00    0.00    0.00    0.00   79.17
14:15:35       1   24.00    0.00    1.00    0.00    0.00    0.00    0.00    0.00    0.00   75.00
14:15:35       2   15.84    0.00    2.97    0.00    0.00    0.00    0.00    0.00    0.00   81.19
14:15:35       3   20.00    0.00    5.00    0.00    0.00    0.00    0.00    0.00    0.00   75.00

14:15:35     CPU    %usr   %nice    %sys %iowait    %irq   %soft  %steal  %guest  %gnice   %idle
14:15:36     all   18.37    0.00    4.85    0.00    0.00    0.00    0.00    0.00    0.00   76.79
14:15:36       0   18.75    0.00    8.33    0.00    0.00    0.00    0.00    0.00    0.00   72.92
14:15:36       1   16.16    0.00    8.08    0.00    0.00    0.00    0.00    0.00    0.00   75.76
14:15:36       2   19.19    0.00    3.03    0.00    0.00    0.00    0.00    0.00    0.00   77.78
14:15:36       3   19.39    0.00    0.00    0.00    0.00    0.00    0.00    0.00    0.00   80.61

14:15:36     CPU    %usr   %nice    %sys %iowait    %irq   %soft  %steal  %guest  %gnice   %idle
14:15:37     all   20.71    0.00    4.29    0.00    0.00    0.00    0.00    0.00    0.00   75.00
14:15:37       0   18.37    0.00    1.02    0.00    0.00    0.00    0.00    0.00    0.00   80.61
14:15:37       1   17.17    0.00    6.06    0.00    0.00    0.00    0.00    0.00    0.00   76.77
14:15:37       2   23.47    0.00    6.12    0.00    0.00    0.00    0.00    0.00    0.00   70.41
14:15:37       3   23.76    0.00    3.96    0.00    0.00    0.00    0.00    0.00    0.00   72.28

14:15:37     CPU    %usr   %nice    %sys %iowait    %irq   %soft  %steal  %guest  %gnice   %idle
14:15:38     all   17.05    0.00    3.82    0.00    0.00    0.00    0.00    0.00    0.00   79.13
14:15:38       0   20.62    0.00    0.00    0.00    0.00    0.00    0.00    0.00    0.00   79.38
14:15:38       1   13.40    0.00    4.12    0.00    0.00    0.00    0.00    0.00    0.00   82.47
14:15:38       2   19.00    0.00    8.00    0.00    0.00    0.00    0.00    0.00    0.00   73.00
14:15:38       3   15.15    0.00    3.03    0.00    0.00    0.00    0.00    0.00    0.00   81.82

14:15:38     CPU    %usr   %nice    %sys %iowait    %irq   %soft  %steal  %guest  %gnice   %idle
14:15:39     all   17.72    0.00    5.06    0.00    0.00    0.00    0.00    0.00    0.00   77.22
14:15:39       0   24.49    0.00    2.04    0.00    0.00    0.00    0.00    0.00    0.00   73.47
14:15:39       1   18.18    0.00    5.05    0.00    0.00    0.00    0.00    0.00    0.00   76.77
14:15:39       2    8.16    0.00   12.24    0.00    0.00    0.00    0.00    0.00    0.00   79.59
14:15:39       3   20.00    0.00    1.00    0.00    0.00    0.00    0.00    0.00    0.00   79.00

14:15:39     CPU    %usr   %nice    %sys %iowait    %irq   %soft  %steal  %guest  %gnice   %idle
14:15:40     all   18.27    0.00    4.57    0.00    0.00    0.00    0.00    0.00    0.00   77.16
14:15:40       0   18.95    0.00    5.26    0.00    0.00    0.00    0.00    0.00    0.00   75.79
14:15:40       1   18.81    0.00    3.96    0.00    0.00    0.00    0.00    0.00    0.00   77.23
14:15:40       2   19.00    0.00    5.00    0.00    0.00    0.00    0.00    0.00    0.00   76.00
14:15:40       3   16.33    0.00    4.08    0.00    0.00    0.00    0.00    0.00    0.00   79.59

14:15:40     CPU    %usr   %nice    %sys %iowait    %irq   %soft  %steal  %guest  %gnice   %idle
14:15:41     all   18.67    0.00    3.58    0.00    0.00    0.00    0.00    0.00    0.00   77.75
14:15:41       0   22.22    0.00    2.02    0.00    0.00    0.00    0.00    0.00    0.00   75.76
14:15:41       1   20.62    0.00    2.06    0.00    0.00    0.00    0.00    0.00    0.00   77.32
14:15:41       2   17.53    0.00    2.06    0.00    0.00    0.00    0.00    0.00    0.00   80.41
14:15:41       3   14.29    0.00    8.16    0.00    0.00    0.00    0.00    0.00    0.00   77.55

14:15:41     CPU    %usr   %nice    %sys %iowait    %irq   %soft  %steal  %guest  %gnice   %idle
14:15:42     all   18.70    0.00    5.99    0.00    0.00    0.00    0.00    0.00    0.00   75.31
14:15:42       0   19.19    0.00   12.12    0.00    0.00    0.00    0.00    0.00    0.00   68.69
14:15:42       1   19.61    0.00    5.88    0.00    0.00    0.00    0.00    0.00    0.00   74.51
14:15:42       2   16.83    0.00    1.98    0.00    0.00    0.00    0.00    0.00    0.00   81.19
14:15:42       3   19.19    0.00    4.04    0.00    0.00    0.00    0.00    0.00    0.00   76.77

14:15:42     CPU    %usr   %nice    %sys %iowait    %irq   %soft  %steal  %guest  %gnice   %idle
14:15:43     all   19.90    0.00    5.29    0.00    0.00    0.00    0.00    0.00    0.00   74.81
14:15:43       0   22.55    0.00    7.84    0.00    0.00    0.00    0.00    0.00    0.00   69.61
14:15:43       1   21.21    0.00    3.03    0.00    0.00    0.00    0.00    0.00    0.00   75.76
14:15:43       2   23.47    0.00    4.08    0.00    0.00    0.00    0.00    0.00    0.00   72.45
14:15:43       3   12.24    0.00    6.12    0.00    0.00    0.00    0.00    0.00    0.00   81.63

14:15:43     CPU    %usr   %nice    %sys %iowait    %irq   %soft  %steal  %guest  %gnice   %idle
14:15:44     all   18.62    0.00    3.06    0.00    0.00    0.00    0.00    0.00    0.00   78.32
14:15:44       0   16.49    0.00    2.06    0.00    0.00    0.00    0.00    0.00    0.00   81.44
14:15:44       1   20.20    0.00    2.02    0.00    0.00    0.00    0.00    0.00    0.00   77.78
14:15:44       2   20.41    0.00    4.08    0.00    0.00    0.00    0.00    0.00    0.00   75.51
14:15:44       3   17.35    0.00    4.08    0.00    0.00    0.00    0.00    0.00    0.00   78.57

14:15:44     CPU    %usr   %nice    %sys %iowait    %irq   %soft  %steal  %guest  %gnice   %idle
14:15:45     all   18.16    0.00    4.09    0.00    0.00    0.00    0.00    0.00    0.00   77.75
14:15:45       0   11.83    0.00    6.45    0.00    0.00    0.00    0.00    0.00    0.00   81.72
14:15:45       1   22.00    0.00    5.00    0.00    0.00    0.00    0.00    0.00    0.00   73.00
14:15:45       2   16.67    0.00    4.90    0.00    0.00    0.00    0.00    0.00    0.00   78.43
14:15:45       3   21.88    0.00    0.00    0.00    0.00    0.00    0.00    0.00    0.00   78.12

14:15:45     CPU    %usr   %nice    %sys %iowait    %irq   %soft  %steal  %guest  %gnice   %idle
14:15:46     all   18.65    0.00    3.37    0.00    0.00    0.00    0.00    0.00    0.00   77.98
14:15:46       0   19.35    0.00    2.15    0.00    0.00    0.00    0.00    0.00    0.00   78.49
14:15:46       1   15.46    0.00    4.12    0.00    0.00    0.00    0.00    0.00    0.00   80.41
14:15:46       2   19.39    0.00    4.08    0.00    0.00    0.00    0.00    0.00    0.00   76.53
14:15:46       3   20.41    0.00    3.06    0.00    0.00    0.00    0.00    0.00    0.00   76.53

14:15:46     CPU    %usr   %nice    %sys %iowait    %irq   %soft  %steal  %guest  %gnice   %idle
14:15:47     all   16.37    0.00    4.35    0.00    0.00    0.00    0.00    0.00    0.00   79.28
14:15:47       0   15.79    0.00    6.32    0.00    0.00    0.00    0.00    0.00    0.00   77.89
14:15:47       1   16.33    0.00    5.10    0.00    0.00    0.00    0.00    0.00    0.00   78.57
14:15:47       2   13.27    0.00    4.08    0.00    0.00    0.00    0.00    0.00    0.00   82.65
14:15:47       3   20.00    0.00    2.00    0.00    0.00    0.00    0.00    0.00    0.00   78.00

14:15:47     CPU    %usr   %nice    %sys %iowait    %irq   %soft  %steal  %guest  %gnice   %idle
14:15:48     all   17.48    0.00    4.11    0.00    0.00    0.00    0.00    0.00    0.00   78.41
14:15:48       0   12.24    0.00    6.12    0.00    0.00    0.00    0.00    0.00    0.00   81.63
14:15:48       1   19.39    0.00    1.02    0.00    0.00    0.00    0.00    0.00    0.00   79.59
14:15:48       2   23.16    0.00    2.11    0.00    0.00    0.00    0.00    0.00    0.00   74.74
14:15:48       3   15.31    0.00    7.14    0.00    0.00    0.00    0.00    0.00    0.00   77.55

14:15:48     CPU    %usr   %nice    %sys %iowait    %irq   %soft  %steal  %guest  %gnice   %idle
14:15:49     all   18.32    0.00    5.09    0.00    0.00    0.00    0.00    0.00    0.00   76.59
14:15:49       0   19.79    0.00    4.17    0.00    0.00    0.00    0.00    0.00    0.00   76.04
14:15:49       1   18.37    0.00    5.10    0.00    0.00    0.00    0.00    0.00    0.00   76.53
14:15:49       2   17.53    0.00    9.28    0.00    0.00    0.00    0.00    0.00    0.00   73.20
14:15:49       3   17.65    0.00    1.96    0.00    0.00    0.00    0.00    0.00    0.00   80.39

14:15:49     CPU    %usr   %nice    %sys %iowait    %irq   %soft  %steal  %guest  %gnice   %idle
14:15:50     all   17.56    0.00    3.05    0.00    0.00    0.00    0.00    0.00    0.00   79.39
14:15:50       0   15.62    0.00    6.25    0.00    0.00    0.00    0.00    0.00    0.00   78.12
14:15:50       1   23.00    0.00    3.00    0.00    0.00    0.00    0.00    0.00    0.00   74.00
14:15:50       2   15.00    0.00    1.00    0.00    0.00    0.00    0.00    0.00    0.00   84.00
14:15:50       3   16.49    0.00    2.06    0.00    0.00    0.00    0.00    0.00    0.00   81.44

14:15:50     CPU    %usr   %nice    %sys %iowait    %irq   %soft  %steal  %guest  %gnice   %idle
14:15:51     all   19.29    0.00    4.57    0.00    0.00    0.00    0.00    0.00    0.00   76.14
14:15:51       0   26.26    0.00    4.04    0.00    0.00    0.00    0.00    0.00    0.00   69.70
14:15:51       1   22.45    0.00    3.06    0.00    0.00    0.00    0.00    0.00    0.00   74.49
14:15:51       2   13.13    0.00    5.05    0.00    0.00    0.00    0.00    0.00    0.00   81.82
14:15:51       3   15.31    0.00    6.12    0.00    0.00    0.00    0.00    0.00    0.00   78.57

14:15:51     CPU    %usr   %nice    %sys %iowait    %irq   %soft  %steal  %guest  %gnice   %idle
14:15:52     all   18.78    0.00    5.33    0.00    0.00    0.00    0.00    0.00    0.00   75.89
14:15:52       0   14.74    0.00    6.32    0.00    0.00    0.00    0.00    0.00    0.00   78.95
14:15:52       1   19.00    0.00    5.00    0.00    0.00    0.00    0.00    0.00    0.00   76.00
14:15:52       2   24.75    0.00    2.97    0.00    0.00    0.00    0.00    0.00    0.00   72.28
14:15:52       3   16.33    0.00    7.14    0.00    0.00    0.00    0.00    0.00    0.00   76.53

14:15:52     CPU    %usr   %nice    %sys %iowait    %irq   %soft  %steal  %guest  %gnice   %idle
14:15:53     all   18.43    0.00    4.29    0.00    0.00    0.00    0.00    0.00    0.00   77.27
14:15:53       0   19.59    0.00    1.03    0.00    0.00    0.00    0.00    0.00    0.00   79.38
14:15:53       1   18.63    0.00    7.84    0.00    0.00    0.00    0.00    0.00    0.00   73.53
14:15:53       2   16.49    0.00    5.15    0.00    0.00    0.00    0.00    0.00    0.00   78.35
14:15:53       3   19.00    0.00    3.00    0.00    0.00    0.00    0.00    0.00    0.00   78.00

14:15:53     CPU    %usr   %nice    %sys %iowait    %irq   %soft  %steal  %guest  %gnice   %idle
14:15:54     all   17.90    0.00    4.60    0.00    0.00    0.00    0.00    0.00    0.00   77.49
14:15:54       0   21.43    0.00    5.10    0.00    0.00    0.00    0.00    0.00    0.00   73.47
14:15:54       1   16.49    0.00    3.09    0.00    0.00    0.00    0.00    0.00    0.00   80.41
14:15:54       2   18.37    0.00    6.12    0.00    0.00    0.00    0.00    0.00    0.00   75.51
14:15:54       3   15.31    0.00    4.08    0.00    0.00    0.00    0.00    0.00    0.00   80.61

14:15:54     CPU    %usr   %nice    %sys %iowait    %irq   %soft  %steal  %guest  %gnice   %idle
14:15:55     all   17.47    0.00    5.06    0.00    0.00    0.00    0.00    0.00    0.00   77.47
14:15:55       0   20.41    0.00    5.10    0.00    0.00    0.00    0.00    0.00    0.00   74.49
14:15:55       1   17.82    0.00    2.97    0.00    0.00    0.00    0.00    0.00    0.00   79.21
14:15:55       2   14.58    0.00    4.17    0.00    0.00    0.00    0.00    0.00    0.00   81.25
14:15:55       3   17.00    0.00    8.00    0.00    0.00    0.00    0.00    0.00    0.00   75.00

14:15:55     CPU    %usr   %nice    %sys %iowait    %irq   %soft  %steal  %guest  %gnice   %idle
14:15:56     all   19.25    0.00    4.75    0.00    0.00    0.00    0.00    0.00    0.00   76.00
14:15:56       0   20.00    0.00    6.00    0.00    0.00    0.00    0.00    0.00    0.00   74.00
14:15:56       1   18.81    0.00    2.97    0.00    0.00    0.00    0.00    0.00    0.00   78.22
14:15:56       2   18.00    0.00    9.00    0.00    0.00    0.00    0.00    0.00    0.00   73.00
14:15:56       3   20.20    0.00    1.01    0.00    0.00    0.00    0.00    0.00    0.00   78.79

14:15:56     CPU    %usr   %nice    %sys %iowait    %irq   %soft  %steal  %guest  %gnice   %idle
14:15:57     all   18.37    0.00    4.08    0.00    0.00    0.00    0.00    0.00    0.00   77.55
14:15:57       0   18.75    0.00    5.21    0.00    0.00    0.00    0.00    0.00    0.00   76.04
14:15:57       1   11.88    0.00    2.97    0.00    0.00    0.00    0.00    0.00    0.00   85.15
14:15:57       2   18.37    0.00    3.06    0.00    0.00    0.00    0.00    0.00    0.00   78.57
14:15:57       3   24.74    0.00    5.15    0.00    0.00    0.00    0.00    0.00    0.00   70.10

14:15:57     CPU    %usr   %nice    %sys %iowait    %irq   %soft  %steal  %guest  %gnice   %idle
14:15:58     all   18.21    0.00    3.85    0.00    0.00    0.00    0.00    0.00    0.00   77.95
14:15:58       0   19.57    0.00    5.43    0.00    0.00    0.00    0.00    0.00    0.00   75.00
14:15:58       1   16.33    0.00    2.04    0.00    0.00    0.00    0.00    0.00    0.00   81.63
14:15:58       2   20.79    0.00    4.95    0.00    0.00    0.00    0.00    0.00    0.00   74.26
14:15:58       3   16.16    0.00    3.03    0.00    0.00    0.00    0.00    0.00    0.00   80.81

14:15:58     CPU    %usr   %nice    %sys %iowait    %irq   %soft  %steal  %guest  %gnice   %idle
14:15:59     all   19.24    0.00    3.80    0.00    0.00    0.00    0.00    0.00    0.00   76.96
14:15:59       0   13.27    0.00    7.14    0.00    0.00    0.00    0.00    0.00    0.00   79.59
14:15:59       1   14.14    0.00    4.04    0.00    0.00    0.00    0.00    0.00    0.00   81.82
14:15:59       2   25.00    0.00    2.00    0.00    0.00    0.00    0.00    0.00    0.00   73.00
14:15:59       3   24.49    0.00    2.04    0.00    0.00    0.00    0.00    0.00    0.00   73.47

14:15:59     CPU    %usr   %nice    %sys %iowait    %irq   %soft  %steal  %guest  %gnice   %idle
14:16:00     all   19.49    0.00    4.56    0.00    0.00    0.00    0.00    0.00    0.00   75.95
14:16:00       0   14.29    0.00    9.18    0.00    0.00    0.00    0.00    0.00    0.00   76.53
14:16:00       1   26.26    0.00    4.04    0.00    0.00    0.00    0.00    0.00    0.00   69.70
14:16:00       2   17.53    0.00    4.12    0.00    0.00    0.00    0.00    0.00    0.00   78.35
14:16:00       3   19.80    0.00    0.99    0.00    0.00    0.00    0.00    0.00    0.00   79.21

14:16:00     CPU    %usr   %nice    %sys %iowait    %irq   %soft  %steal  %guest  %gnice   %idle
14:16:01     all   18.02    0.00    4.31    0.00    0.00    0.00    0.00    0.00    0.00   77.66
14:16:01       0   25.00    0.00    2.08    0.00    0.00    0.00    0.00    0.00    0.00   72.92
14:16:01       1   12.87    0.00    7.92    0.00    0.00    0.00    0.00    0.00    0.00   79.21
14:16:01       2   18.18    0.00    5.05    0.00    0.00    0.00    0.00    0.00    0.00   76.77
14:16:01       3   16.33    0.00    2.04    0.00    0.00    0.00    0.00    0.00    0.00   81.63

14:16:01     CPU    %usr   %nice    %sys %iowait    %irq   %soft  %steal  %guest  %gnice   %idle
14:16:02     all   17.01    0.00    3.81    0.00    0.00    0.00    0.00    0.00    0.00   79.19
14:16:02       0   13.40    0.00    4.12    0.00    0.00    0.00    0.00    0.00    0.00   82.47
14:16:02       1   16.33    0.00    4.08    0.00    0.00    0.00    0.00    0.00    0.00   79.59
14:16:02       2   15.84    0.00    2.97    0.00    0.00    0.00    0.00    0.00    0.00   81.19
14:16:02       3   22.45    0.00    4.08    0.00    0.00    0.00    0.00    0.00    0.00   73.47

14:16:02     CPU    %usr   %nice    %sys %iowait    %irq   %soft  %steal  %guest  %gnice   %idle
14:16:03     all   20.15    0.00    5.04    0.00    0.00    0.00    0.00    0.00    0.00   74.81
14:16:03       0   20.00    0.00    5.00    0.00    0.00    0.00    0.00    0.00    0.00   75.00
14:16:03       1   19.19    0.00    5.05    0.00    0.00    0.00    0.00    0.00    0.00   75.76
14:16:03       2   21.00    0.00    5.00    0.00    0.00    0.00    0.00    0.00    0.00   74.00
14:16:03       3   20.41    0.00    5.10    0.00    0.00    0.00    0.00    0.00    0.00   74.49

14:16:03     CPU    %usr   %nice    %sys %iowait    %irq   %soft  %steal  %guest  %gnice   %idle
14:16:04     all   18.64    0.00    5.29    0.00    0.00    0.00    0.00    0.00    0.00   76.07
14:16:04       0   22.45    0.00    6.12    0.00    0.00    0.00    0.00    0.00    0.00   71.43
14:16:04       1   16.83    0.00    6.93    0.00    0.00    0.00    0.00    0.00    0.00   76.24
14:16:04       2   18.56    0.00    7.22    0.00    0.00    0.00    0.00    0.00    0.00   74.23
14:16:04       3   16.83    0.00    0.99    0.00    0.00    0.00    0.00    0.00    0.00   82.18

14:16:04     CPU    %usr   %nice    %sys %iowait    %irq   %soft  %steal  %guest  %gnice   %idle
14:16:05     all   18.02    0.00    4.82    0.00    0.00    0.00    0.00    0.00    0.00   77.16
14:16:05       0   21.65    0.00    4.12    0.00    0.00    0.00    0.00    0.00    0.00   74.23
14:16:05       1   17.48    0.00    7.77    0.00    0.00    0.00    0.00    0.00    0.00   74.76
14:16:05       2   14.29    0.00    5.10    0.00    0.00    0.00    0.00    0.00    0.00   80.61
14:16:05       3   18.75    0.00    2.08    0.00    0.00    0.00    0.00    0.00    0.00   79.17

14:16:05     CPU    %usr   %nice    %sys %iowait    %irq   %soft  %steal  %guest  %gnice   %idle
14:16:06     all   17.56    0.00    5.09    0.00    0.00    0.00    0.00    0.00    0.00   77.35
14:16:06       0   19.39    0.00    3.06    0.00    0.00    0.00    0.00    0.00    0.00   77.55
14:16:06       1   16.33    0.00    4.08    0.00    0.00    0.00    0.00    0.00    0.00   79.59
14:16:06       2   16.49    0.00    5.15    0.00    0.00    0.00    0.00    0.00    0.00   78.35
14:16:06       3   18.00    0.00    8.00    0.00    0.00    0.00    0.00    0.00    0.00   74.00

14:16:06     CPU    %usr   %nice    %sys %iowait    %irq   %soft  %steal  %guest  %gnice   %idle
14:16:07     all   19.90    0.00    4.79    0.00    0.00    0.00    0.00    0.00    0.00   75.31
14:16:07       0   19.39    0.00    5.10    0.00    0.00    0.00    0.00    0.00    0.00   75.51
14:16:07       1   18.81    0.00    3.96    0.00    0.00    0.00    0.00    0.00    0.00   77.23
14:16:07       2   21.00    0.00    2.00    0.00    0.00    0.00    0.00    0.00    0.00   77.00
14:16:07       3   20.41    0.00    8.16    0.00    0.00    0.00    0.00    0.00    0.00   71.43

14:16:07     CPU    %usr   %nice    %sys %iowait    %irq   %soft  %steal  %guest  %gnice   %idle
14:16:08     all   16.62    0.00    4.35    0.00    0.00    0.00    0.00    0.00    0.00   79.03
14:16:08       0   25.26    0.00    1.05    0.00    0.00    0.00    0.00    0.00    0.00   73.68
14:16:08       1   12.24    0.00    5.10    0.00    0.00    0.00    0.00    0.00    0.00   82.65
14:16:08       2   17.17    0.00    1.01    0.00    0.00    0.00    0.00    0.00    0.00   81.82
14:16:08       3   12.12    0.00   10.10    0.00    0.00    0.00    0.00    0.00    0.00   77.78

14:16:08     CPU    %usr   %nice    %sys %iowait    %irq   %soft  %steal  %guest  %gnice   %idle
14:16:09     all   18.53    0.00    4.82    0.00    0.00    0.00    0.00    0.00    0.00   76.65
14:16:09       0   15.46    0.00    5.15    0.00    0.00    0.00    0.00    0.00    0.00   79.38
14:16:09       1   19.39    0.00    4.08    0.00    0.00    0.00    0.00    0.00    0.00   76.53
14:16:09       2   20.20    0.00    3.03    0.00    0.00    0.00    0.00    0.00    0.00   76.77
14:16:09       3   19.00    0.00    7.00    0.00    0.00    0.00    0.00    0.00    0.00   74.00

14:16:09     CPU    %usr   %nice    %sys %iowait    %irq   %soft  %steal  %guest  %gnice   %idle
14:16:10     all   16.92    0.00    4.10    0.00    0.00    0.00    0.00    0.00    0.00   78.97
14:16:10       0   20.41    0.00    4.08    0.00    0.00    0.00    0.00    0.00    0.00   75.51
14:16:10       1   13.40    0.00    3.09    0.00    0.00    0.00    0.00    0.00    0.00   83.51
14:16:10       2   14.29    0.00    6.12    0.00    0.00    0.00    0.00    0.00    0.00   79.59
14:16:10       3   19.59    0.00    3.09    0.00    0.00    0.00    0.00    0.00    0.00   77.32

14:16:10     CPU    %usr   %nice    %sys %iowait    %irq   %soft  %steal  %guest  %gnice   %idle
14:16:11     all   18.14    0.00    4.53    0.00    0.00    0.00    0.00    0.00    0.00   77.33
14:16:11       0   14.14    0.00    6.06    0.00    0.00    0.00    0.00    0.00    0.00   79.80
14:16:11       1   18.00    0.00    6.00    0.00    0.00    0.00    0.00    0.00    0.00   76.00
14:16:11       2   23.23    0.00    3.03    0.00    0.00    0.00    0.00    0.00    0.00   73.74
14:16:11       3   17.17    0.00    3.03    0.00    0.00    0.00    0.00    0.00    0.00   79.80

14:16:11     CPU    %usr   %nice    %sys %iowait    %irq   %soft  %steal  %guest  %gnice   %idle
14:16:12     all   18.43    0.00    5.81    0.00    0.00    0.00    0.00    0.00    0.00   75.76
14:16:12       0   21.43    0.00    3.06    0.00    0.00    0.00    0.00    0.00    0.00   75.51
14:16:12       1   24.00    0.00    1.00    0.00    0.00    0.00    0.00    0.00    0.00   75.00
14:16:12       2   13.13    0.00   14.14    0.00    0.00    0.00    0.00    0.00    0.00   72.73
14:16:12       3   15.15    0.00    5.05    0.00    0.00    0.00    0.00    0.00    0.00   79.80

14:16:12     CPU    %usr   %nice    %sys %iowait    %irq   %soft  %steal  %guest  %gnice   %idle
14:16:13     all   18.80    0.00    5.76    0.00    0.00    0.00    0.00    0.00    0.00   75.44
14:16:13       0   14.14    0.00   12.12    0.00    0.00    0.00    0.00    0.00    0.00   73.74
14:16:13       1   18.63    0.00    2.94    0.00    0.00    0.00    0.00    0.00    0.00   78.43
14:16:13       2   19.39    0.00    5.10    0.00    0.00    0.00    0.00    0.00    0.00   75.51
14:16:13       3   23.00    0.00    3.00    0.00    0.00    0.00    0.00    0.00    0.00   74.00

14:16:13     CPU    %usr   %nice    %sys %iowait    %irq   %soft  %steal  %guest  %gnice   %idle
14:16:14     all   17.22    0.00    3.34    0.00    0.00    0.00    0.00    0.00    0.00   79.43
14:16:14       0   15.62    0.00    2.08    0.00    0.00    0.00    0.00    0.00    0.00   82.29
14:16:14       1   21.43    0.00    0.00    0.00    0.00    0.00    0.00    0.00    0.00   78.57
14:16:14       2   15.31    0.00    6.12    0.00    0.00    0.00    0.00    0.00    0.00   78.57
14:16:14       3   16.49    0.00    5.15    0.00    0.00    0.00    0.00    0.00    0.00   78.35

14:16:14     CPU    %usr   %nice    %sys %iowait    %irq   %soft  %steal  %guest  %gnice   %idle
14:16:15     all   18.23    0.00    4.81    0.00    0.00    0.00    0.00    0.00    0.00   76.96
14:16:15       0   19.39    0.00   11.22    0.00    0.00    0.00    0.00    0.00    0.00   69.39
14:16:15       1   17.53    0.00    4.12    0.00    0.00    0.00    0.00    0.00    0.00   78.35
14:16:15       2   17.17    0.00    3.03    0.00    0.00    0.00    0.00    0.00    0.00   79.80
14:16:15       3   18.81    0.00    0.99    0.00    0.00    0.00    0.00    0.00    0.00   80.20

14:16:15     CPU    %usr   %nice    %sys %iowait    %irq   %soft  %steal  %guest  %gnice   %idle
14:16:16     all   17.01    0.00    4.12    0.00    0.00    0.00    0.00    0.00    0.00   78.87
14:16:16       0   17.53    0.00    1.03    0.00    0.00    0.00    0.00    0.00    0.00   81.44
14:16:16       1   16.33    0.00    7.14    0.00    0.00    0.00    0.00    0.00    0.00   76.53
14:16:16       2   17.53    0.00    4.12    0.00    0.00    0.00    0.00    0.00    0.00   78.35
14:16:16       3   16.67    0.00    4.17    0.00    0.00    0.00    0.00    0.00    0.00   79.17

14:16:16     CPU    %usr   %nice    %sys %iowait    %irq   %soft  %steal  %guest  %gnice   %idle
14:16:17     all   19.60    0.00    4.52    0.00    0.00    0.00    0.00    0.00    0.00   75.88
14:16:17       0   16.67    0.00    3.12    0.00    0.00    0.00    0.00    0.00    0.00   80.21
14:16:17       1   22.55    0.00    2.94    0.00    0.00    0.00    0.00    0.00    0.00   74.51
14:16:17       2   18.00    0.00    8.00    0.00    0.00    0.00    0.00    0.00    0.00   74.00
14:16:17       3   21.00    0.00    4.00    0.00    0.00    0.00    0.00    0.00    0.00   75.00

14:16:17     CPU    %usr   %nice    %sys %iowait    %irq   %soft  %steal  %guest  %gnice   %idle
14:16:18     all   17.48    0.00    5.14    0.00    0.00    0.00    0.00    0.00    0.00   77.38
14:16:18       0   16.49    0.00    1.03    0.00    0.00    0.00    0.00    0.00    0.00   82.47
14:16:18       1   14.74    0.00    6.32    0.00    0.00    0.00    0.00    0.00    0.00   78.95
14:16:18       2   18.18    0.00    4.04    0.00    0.00    0.00    0.00    0.00    0.00   77.78
14:16:18       3   20.41    0.00    9.18    0.00    0.00    0.00    0.00    0.00    0.00   70.41

14:16:18     CPU    %usr   %nice    %sys %iowait    %irq   %soft  %steal  %guest  %gnice   %idle
14:16:19     all   17.97    0.00    5.57    0.00    0.00    0.00    0.00    0.00    0.00   76.46
14:16:19       0   17.53    0.00    6.19    0.00    0.00    0.00    0.00    0.00    0.00   76.29
14:16:19       1   17.35    0.00    7.14    0.00    0.00    0.00    0.00    0.00    0.00   75.51
14:16:19       2   13.86    0.00    6.93    0.00    0.00    0.00    0.00    0.00    0.00   79.21
14:16:19       3   23.23    0.00    2.02    0.00    0.00    0.00    0.00    0.00    0.00   74.75

14:16:19     CPU    %usr   %nice    %sys %iowait    %irq   %soft  %steal  %guest  %gnice   %idle
14:16:20     all   17.05    0.00    3.82    0.00    0.00    0.00    0.00    0.00    0.00   79.13
14:16:20       0   20.62    0.00    9.28    0.00    0.00    0.00    0.00    0.00    0.00   70.10
14:16:20       1   15.15    0.00    2.02    0.00    0.00    0.00    0.00    0.00    0.00   82.83
14:16:20       2   15.31    0.00    2.04    0.00    0.00    0.00    0.00    0.00    0.00   82.65
14:16:20       3   17.17    0.00    2.02    0.00    0.00    0.00    0.00    0.00    0.00   80.81

14:16:20     CPU    %usr   %nice    %sys %iowait    %irq   %soft  %steal  %guest  %gnice   %idle
14:16:21     all   20.10    0.00    5.28    0.00    0.00    0.00    0.00    0.00    0.00   74.62
14:16:21       0   18.75    0.00    4.17    0.00    0.00    0.00    0.00    0.00    0.00   77.08
14:16:21       1   20.00    0.00    9.00    0.00    0.00    0.00    0.00    0.00    0.00   71.00
14:16:21       2   22.77    0.00    1.98    0.00    0.00    0.00    0.00    0.00    0.00   75.25
14:16:21       3   18.81    0.00    5.94    0.00    0.00    0.00    0.00    0.00    0.00   75.25

14:16:21     CPU    %usr   %nice    %sys %iowait    %irq   %soft  %steal  %guest  %gnice   %idle
14:16:22     all   16.88    0.00    4.60    0.00    0.00    0.00    0.00    0.00    0.00   78.52
14:16:22       0   16.33    0.00    2.04    0.00    0.00    0.00    0.00    0.00    0.00   81.63
14:16:22       1   17.35    0.00    8.16    0.00    0.00    0.00    0.00    0.00    0.00   74.49
14:16:22       2   18.18    0.00    6.06    0.00    0.00    0.00    0.00    0.00    0.00   75.76
14:16:22       3   15.62    0.00    2.08    0.00    0.00    0.00    0.00    0.00    0.00   82.29

14:16:22     CPU    %usr   %nice    %sys %iowait    %irq   %soft  %steal  %guest  %gnice   %idle
14:16:23     all   17.09    0.00    4.34    0.00    0.00    0.00    0.00    0.00    0.00   78.57
14:16:23       0   17.35    0.00    5.10    0.00    0.00    0.00    0.00    0.00    0.00   77.55
14:16:23       1   14.74    0.00    5.26    0.00    0.00    0.00    0.00    0.00    0.00   80.00
14:16:23       2   20.20    0.00    2.02    0.00    0.00    0.00    0.00    0.00    0.00   77.78
14:16:23       3   16.00    0.00    5.00    0.00    0.00    0.00    0.00    0.00    0.00   79.00

14:16:23     CPU    %usr   %nice    %sys %iowait    %irq   %soft  %steal  %guest  %gnice   %idle
14:16:24     all   18.67    0.00    4.86    0.00    0.00    0.00    0.00    0.00    0.00   76.47
14:16:24       0   16.13    0.00    7.53    0.00    0.00    0.00    0.00    0.00    0.00   76.34
14:16:24       1   19.39    0.00    6.12    0.00    0.00    0.00    0.00    0.00    0.00   74.49
14:16:24       2   19.19    0.00    1.01    0.00    0.00    0.00    0.00    0.00    0.00   79.80
14:16:24       3   19.80    0.00    4.95    0.00    0.00    0.00    0.00    0.00    0.00   75.25

14:16:24     CPU    %usr   %nice    %sys %iowait    %irq   %soft  %steal  %guest  %gnice   %idle
14:16:25     all   17.42    0.00    4.04    0.00    0.00    0.00    0.00    0.00    0.00   78.54
14:16:25       0   17.35    0.00    6.12    0.00    0.00    0.00    0.00    0.00    0.00   76.53
14:16:25       1   16.83    0.00    0.99    0.00    0.00    0.00    0.00    0.00    0.00   82.18
14:16:25       2   18.18    0.00    4.04    0.00    0.00    0.00    0.00    0.00    0.00   77.78
14:16:25       3   17.35    0.00    5.10    0.00    0.00    0.00    0.00    0.00    0.00   77.55

14:16:25     CPU    %usr   %nice    %sys %iowait    %irq   %soft  %steal  %guest  %gnice   %idle
14:16:26     all   17.68    0.00    4.04    0.00    0.00    0.00    0.00    0.00    0.00   78.28
14:16:26       0   20.41    0.00    7.14    0.00    0.00    0.00    0.00    0.00    0.00   72.45
14:16:26       1   17.00    0.00    2.00    0.00    0.00    0.00    0.00    0.00    0.00   81.00
14:16:26       2   15.15    0.00    4.04    0.00    0.00    0.00    0.00    0.00    0.00   80.81
14:16:26       3   18.18    0.00    3.03    0.00    0.00    0.00    0.00    0.00    0.00   78.79

14:16:26     CPU    %usr   %nice    %sys %iowait    %irq   %soft  %steal  %guest  %gnice   %idle
14:16:27     all   19.08    0.00    5.09    0.00    0.00    0.00    0.00    0.00    0.00   75.83
14:16:27       0   14.58    0.00    8.33    0.00    0.00    0.00    0.00    0.00    0.00   77.08
14:16:27       1   20.00    0.00    6.00    0.00    0.00    0.00    0.00    0.00    0.00   74.00
14:16:27       2   22.45    0.00    1.02    0.00    0.00    0.00    0.00    0.00    0.00   76.53
14:16:27       3   19.19    0.00    5.05    0.00    0.00    0.00    0.00    0.00    0.00   75.76

14:16:27     CPU    %usr   %nice    %sys %iowait    %irq   %soft  %steal  %guest  %gnice   %idle
14:16:28     all   18.27    0.00    5.58    0.00    0.00    0.00    0.00    0.00    0.00   76.14
14:16:28       0   16.33    0.00    5.10    0.00    0.00    0.00    0.00    0.00    0.00   78.57
14:16:28       1   22.00    0.00    4.00    0.00    0.00    0.00    0.00    0.00    0.00   74.00
14:16:28       2   12.50    0.00    8.33    0.00    0.00    0.00    0.00    0.00    0.00   79.17
14:16:28       3   22.00    0.00    5.00    0.00    0.00    0.00    0.00    0.00    0.00   73.00

14:16:28     CPU    %usr   %nice    %sys %iowait    %irq   %soft  %steal  %guest  %gnice   %idle
14:16:29     all   18.53    0.00    4.82    0.00    0.00    0.00    0.00    0.00    0.00   76.65
14:16:29       0   21.05    0.00    2.11    0.00    0.00    0.00    0.00    0.00    0.00   76.84
14:16:29       1   18.18    0.00    3.03    0.00    0.00    0.00    0.00    0.00    0.00   78.79
14:16:29       2   17.82    0.00    9.90    0.00    0.00    0.00    0.00    0.00    0.00   72.28
14:16:29       3   17.17    0.00    4.04    0.00    0.00    0.00    0.00    0.00    0.00   78.79

14:16:29     CPU    %usr   %nice    %sys %iowait    %irq   %soft  %steal  %guest  %gnice   %idle
14:16:30     all   15.95    0.00    5.82    0.00    0.00    0.00    0.00    0.00    0.00   78.23
14:16:30       0   19.19    0.00    6.06    0.00    0.00    0.00    0.00    0.00    0.00   74.75
14:16:30       1   12.12    0.00    7.07    0.00    0.00    0.00    0.00    0.00    0.00   80.81
14:16:30       2   17.17    0.00    2.02    0.00    0.00    0.00    0.00    0.00    0.00   80.81
14:16:30       3   15.31    0.00    8.16    0.00    0.00    0.00    0.00    0.00    0.00   76.53

14:16:30     CPU    %usr   %nice    %sys %iowait    %irq   %soft  %steal  %guest  %gnice   %idle
14:16:31     all   17.69    0.00    4.10    0.00    0.00    0.00    0.00    0.00    0.00   78.21
14:16:31       0   16.67    0.00    8.33    0.00    0.00    0.00    0.00    0.00    0.00   75.00
14:16:31       1   19.00    0.00    1.00    0.00    0.00    0.00    0.00    0.00    0.00   80.00
14:16:31       2   17.53    0.00    7.22    0.00    0.00    0.00    0.00    0.00    0.00   75.26
14:16:31       3   17.53    0.00    0.00    0.00    0.00    0.00    0.00    0.00    0.00   82.47

14:16:31     CPU    %usr   %nice    %sys %iowait    %irq   %soft  %steal  %guest  %gnice   %idle
14:16:32     all   18.02    0.00    4.06    0.00    0.00    0.00    0.00    0.00    0.00   77.92
14:16:32       0   13.68    0.00    7.37    0.00    0.00    0.00    0.00    0.00    0.00   78.95
14:16:32       1   15.31    0.00    5.10    0.00    0.00    0.00    0.00    0.00    0.00   79.59
14:16:32       2   21.00    0.00    2.00    0.00    0.00    0.00    0.00    0.00    0.00   77.00
14:16:32       3   21.78    0.00    1.98    0.00    0.00    0.00    0.00    0.00    0.00   76.24

14:16:32     CPU    %usr   %nice    %sys %iowait    %irq   %soft  %steal  %guest  %gnice   %idle
14:16:33     all   19.90    0.00    4.03    0.00    0.00    0.00    0.00    0.00    0.00   76.07
14:16:33       0   14.00    0.00    7.00    0.00    0.00    0.00    0.00    0.00    0.00   79.00
14:16:33       1   15.46    0.00    2.06    0.00    0.00    0.00    0.00    0.00    0.00   82.47
14:16:33       2   27.00    0.00    3.00    0.00    0.00    0.00    0.00    0.00    0.00   70.00
14:16:33       3   23.00    0.00    4.00    0.00    0.00    0.00    0.00    0.00    0.00   73.00

14:16:33     CPU    %usr   %nice    %sys %iowait    %irq   %soft  %steal  %guest  %gnice   %idle
14:16:34     all   18.37    0.00    4.59    0.00    0.00    0.00    0.00    0.00    0.00   77.04
14:16:34       0   18.75    0.00    5.21    0.00    0.00    0.00    0.00    0.00    0.00   76.04
14:16:34       1   19.39    0.00    4.08    0.00    0.00    0.00    0.00    0.00    0.00   76.53
14:16:34       2   19.19    0.00    6.06    0.00    0.00    0.00    0.00    0.00    0.00   74.75
14:16:34       3   16.16    0.00    3.03    0.00    0.00    0.00    0.00    0.00    0.00   80.81

14:16:34     CPU    %usr   %nice    %sys %iowait    %irq   %soft  %steal  %guest  %gnice   %idle
14:16:35     all   18.59    0.00    5.03    0.00    0.00    0.00    0.00    0.00    0.00   76.38
14:16:35       0   14.14    0.00    5.05    0.00    0.00    0.00    0.00    0.00    0.00   80.81
14:16:35       1   19.39    0.00    7.14    0.00    0.00    0.00    0.00    0.00    0.00   73.47
14:16:35       2   20.79    0.00    4.95    0.00    0.00    0.00    0.00    0.00    0.00   74.26
14:16:35       3   20.00    0.00    3.00    0.00    0.00    0.00    0.00    0.00    0.00   77.00

14:16:35     CPU    %usr   %nice    %sys %iowait    %irq   %soft  %steal  %guest  %gnice   %idle
14:16:36     all   17.78    0.00    4.12    0.00    0.00    0.00    0.00    0.00    0.00   78.09
14:16:36       0   14.74    0.00    4.21    0.00    0.00    0.00    0.00    0.00    0.00   81.05
14:16:36       1   21.43    0.00    2.04    0.00    0.00    0.00    0.00    0.00    0.00   76.53
14:16:36       2   18.37    0.00    4.08    0.00    0.00    0.00    0.00    0.00    0.00   77.55
14:16:36       3   16.49    0.00    6.19    0.00    0.00    0.00    0.00    0.00    0.00   77.32

14:16:36     CPU    %usr   %nice    %sys %iowait    %irq   %soft  %steal  %guest  %gnice   %idle
14:16:37     all   17.90    0.00    3.58    0.00    0.00    0.00    0.00    0.00    0.00   78.52
14:16:37       0   18.95    0.00    4.21    0.00    0.00    0.00    0.00    0.00    0.00   76.84
14:16:37       1   16.67    0.00    3.12    0.00    0.00    0.00    0.00    0.00    0.00   80.21
14:16:37       2   19.00    0.00    3.00    0.00    0.00    0.00    0.00    0.00    0.00   78.00
14:16:37       3   17.00    0.00    4.00    0.00    0.00    0.00    0.00    0.00    0.00   79.00

14:16:37     CPU    %usr   %nice    %sys %iowait    %irq   %soft  %steal  %guest  %gnice   %idle
14:16:38     all   18.34    0.00    4.27    0.00    0.00    0.00    0.00    0.00    0.00   77.39
14:16:38       0   15.62    0.00    3.12    0.00    0.00    0.00    0.00    0.00    0.00   81.25
14:16:38       1   16.00    0.00    5.00    0.00    0.00    0.00    0.00    0.00    0.00   79.00
14:16:38       2   19.80    0.00    7.92    0.00    0.00    0.00    0.00    0.00    0.00   72.28
14:16:38       3   21.78    0.00    0.99    0.00    0.00    0.00    0.00    0.00    0.00   77.23

14:16:38     CPU    %usr   %nice    %sys %iowait    %irq   %soft  %steal  %guest  %gnice   %idle
14:16:39     all   17.60    0.00    4.85    0.00    0.00    0.00    0.00    0.00    0.00   77.55
14:16:39       0   15.31    0.00    3.06    0.00    0.00    0.00    0.00    0.00    0.00   81.63
14:16:39       1   20.20    0.00    5.05    0.00    0.00    0.00    0.00    0.00    0.00   74.75
14:16:39       2   13.54    0.00    7.29    0.00    0.00    0.00    0.00    0.00    0.00   79.17
14:16:39       3   21.21    0.00    4.04    0.00    0.00    0.00    0.00    0.00    0.00   74.75

14:16:39     CPU    %usr   %nice    %sys %iowait    %irq   %soft  %steal  %guest  %gnice   %idle
14:16:40     all   18.88    0.00    4.34    0.00    0.00    0.00    0.00    0.00    0.00   76.79
14:16:40       0   16.84    0.00    2.11    0.00    0.00    0.00    0.00    0.00    0.00   81.05
14:16:40       1   17.17    0.00    5.05    0.00    0.00    0.00    0.00    0.00    0.00   77.78
14:16:40       2   19.39    0.00    5.10    0.00    0.00    0.00    0.00    0.00    0.00   75.51
14:16:40       3   22.00    0.00    5.00    0.00    0.00    0.00    0.00    0.00    0.00   73.00

14:16:40     CPU    %usr   %nice    %sys %iowait    %irq   %soft  %steal  %guest  %gnice   %idle
14:16:41     all   17.09    0.00    5.03    0.00    0.00    0.00    0.00    0.00    0.00   77.89
14:16:41       0   19.19    0.00    6.06    0.00    0.00    0.00    0.00    0.00    0.00   74.75
14:16:41       1   15.15    0.00    5.05    0.00    0.00    0.00    0.00    0.00    0.00   79.80
14:16:41       2   17.00    0.00    6.00    0.00    0.00    0.00    0.00    0.00    0.00   77.00
14:16:41       3   17.00    0.00    3.00    0.00    0.00    0.00    0.00    0.00    0.00   80.00

14:16:41     CPU    %usr   %nice    %sys %iowait    %irq   %soft  %steal  %guest  %gnice   %idle
14:16:42     all   19.65    0.00    4.79    0.00    0.00    0.00    0.00    0.00    0.00   75.57
14:16:42       0   20.20    0.00    3.03    0.00    0.00    0.00    0.00    0.00    0.00   76.77
14:16:42       1   15.84    0.00    5.94    0.00    0.00    0.00    0.00    0.00    0.00   78.22
14:16:42       2   22.45    0.00    8.16    0.00    0.00    0.00    0.00    0.00    0.00   69.39
14:16:42       3   20.20    0.00    2.02    0.00    0.00    0.00    0.00    0.00    0.00   77.78

14:16:42     CPU    %usr   %nice    %sys %iowait    %irq   %soft  %steal  %guest  %gnice   %idle
14:16:43     all   18.83    0.00    4.58    0.00    0.00    0.00    0.00    0.00    0.00   76.59
14:16:43       0   14.43    0.00    5.15    0.00    0.00    0.00    0.00    0.00    0.00   80.41
14:16:43       1   20.62    0.00    2.06    0.00    0.00    0.00    0.00    0.00    0.00   77.32
14:16:43       2   19.61    0.00    3.92    0.00    0.00    0.00    0.00    0.00    0.00   76.47
14:16:43       3   20.62    0.00    7.22    0.00    0.00    0.00    0.00    0.00    0.00   72.16

14:16:43     CPU    %usr   %nice    %sys %iowait    %irq   %soft  %steal  %guest  %gnice   %idle
14:16:44     all   18.32    0.00    4.07    0.00    0.00    0.00    0.00    0.00    0.00   77.61
14:16:44       0   21.65    0.00    4.12    0.00    0.00    0.00    0.00    0.00    0.00   74.23
14:16:44       1   17.17    0.00    8.08    0.00    0.00    0.00    0.00    0.00    0.00   74.75
14:16:44       2   16.16    0.00    3.03    0.00    0.00    0.00    0.00    0.00    0.00   80.81
14:16:44       3   18.37    0.00    1.02    0.00    0.00    0.00    0.00    0.00    0.00   80.61

14:16:44     CPU    %usr   %nice    %sys %iowait    %irq   %soft  %steal  %guest  %gnice   %idle
14:16:45     all   19.85    0.00    3.82    0.00    0.00    0.00    0.00    0.00    0.00   76.34
14:16:45       0   20.83    0.00    4.17    0.00    0.00    0.00    0.00    0.00    0.00   75.00
14:16:45       1   21.21    0.00    4.04    0.00    0.00    0.00    0.00    0.00    0.00   74.75
14:16:45       2   20.00    0.00    4.00    0.00    0.00    0.00    0.00    0.00    0.00   76.00
14:16:45       3   17.35    0.00    3.06    0.00    0.00    0.00    0.00    0.00    0.00   79.59

14:16:45     CPU    %usr   %nice    %sys %iowait    %irq   %soft  %steal  %guest  %gnice   %idle
14:16:46     all   16.84    0.00    4.59    0.00    0.00    0.00    0.00    0.00    0.00   78.57
14:16:46       0   16.67    0.00    4.17    0.00    0.00    0.00    0.00    0.00    0.00   79.17
14:16:46       1   14.43    0.00    2.06    0.00    0.00    0.00    0.00    0.00    0.00   83.51
14:16:46       2   18.18    0.00    6.06    0.00    0.00    0.00    0.00    0.00    0.00   75.76
14:16:46       3   18.00    0.00    6.00    0.00    0.00    0.00    0.00    0.00    0.00   76.00

14:16:46     CPU    %usr   %nice    %sys %iowait    %irq   %soft  %steal  %guest  %gnice   %idle
14:16:47     all   18.86    0.00    5.21    0.00    0.00    0.00    0.00    0.00    0.00   75.93
14:16:47       0   18.18    0.00    2.02    0.00    0.00    0.00    0.00    0.00    0.00   79.80
14:16:47       1   18.00    0.00    2.00    0.00    0.00    0.00    0.00    0.00    0.00   80.00
14:16:47       2   19.42    0.00    8.74    0.00    0.00    0.00    0.00    0.00    0.00   71.84
14:16:47       3   19.80    0.00    7.92    0.00    0.00    0.00    0.00    0.00    0.00   72.28

14:16:47     CPU    %usr   %nice    %sys %iowait    %irq   %soft  %steal  %guest  %gnice   %idle
14:16:48     all   18.11    0.00    5.10    0.00    0.00    0.00    0.00    0.00    0.00   76.79
14:16:48       0   15.31    0.00    4.08    0.00    0.00    0.00    0.00    0.00    0.00   80.61
14:16:48       1   16.67    0.00    2.08    0.00    0.00    0.00    0.00    0.00    0.00   81.25
14:16:48       2   17.35    0.00    4.08    0.00    0.00    0.00    0.00    0.00    0.00   78.57
14:16:48       3   23.00    0.00   10.00    0.00    0.00    0.00    0.00    0.00    0.00   67.00

14:16:48     CPU    %usr   %nice    %sys %iowait    %irq   %soft  %steal  %guest  %gnice   %idle
14:16:49     all   17.72    0.00    4.56    0.00    0.00    0.00    0.00    0.00    0.00   77.72
14:16:49       0   20.20    0.00    6.06    0.00    0.00    0.00    0.00    0.00    0.00   73.74
14:16:49       1   16.49    0.00    5.15    0.00    0.00    0.00    0.00    0.00    0.00   78.35
14:16:49       2   17.17    0.00    2.02    0.00    0.00    0.00    0.00    0.00    0.00   80.81
14:16:49       3   17.00    0.00    5.00    0.00    0.00    0.00    0.00    0.00    0.00   78.00

14:16:49     CPU    %usr   %nice    %sys %iowait    %irq   %soft  %steal  %guest  %gnice   %idle
14:16:50     all   15.95    0.00    4.05    0.00    0.00    0.00    0.00    0.00    0.00   80.00
14:16:50       0   14.43    0.00    4.12    0.00    0.00    0.00    0.00    0.00    0.00   81.44
14:16:50       1   21.78    0.00    0.99    0.00    0.00    0.00    0.00    0.00    0.00   77.23
14:16:50       2   14.43    0.00    5.15    0.00    0.00    0.00    0.00    0.00    0.00   80.41
14:16:50       3   13.00    0.00    6.00    0.00    0.00    0.00    0.00    0.00    0.00   81.00

14:16:50     CPU    %usr   %nice    %sys %iowait    %irq   %soft  %steal  %guest  %gnice   %idle
14:16:51     all   18.97    0.00    4.36    0.00    0.00    0.00    0.00    0.00    0.00   76.67
14:16:51       0   17.35    0.00    6.12    0.00    0.00    0.00    0.00    0.00    0.00   76.53
14:16:51       1   18.56    0.00    4.12    0.00    0.00    0.00    0.00    0.00    0.00   77.32
14:16:51       2   17.71    0.00    4.17    0.00    0.00    0.00    0.00    0.00    0.00   78.12
14:16:51       3   22.22    0.00    3.03    0.00    0.00    0.00    0.00    0.00    0.00   74.75

14:16:51     CPU    %usr   %nice    %sys %iowait    %irq   %soft  %steal  %guest  %gnice   %idle
14:16:52     all   16.50    0.00    4.06    0.00    0.00    0.00    0.00    0.00    0.00   79.44
14:16:52       0   18.95    0.00    4.21    0.00    0.00    0.00    0.00    0.00    0.00   76.84
14:16:52       1   14.29    0.00    2.04    0.00    0.00    0.00    0.00    0.00    0.00   83.67
14:16:52       2   17.65    0.00    6.86    0.00    0.00    0.00    0.00    0.00    0.00   75.49
14:16:52       3   15.15    0.00    3.03    0.00    0.00    0.00    0.00    0.00    0.00   81.82

14:16:52     CPU    %usr   %nice    %sys %iowait    %irq   %soft  %steal  %guest  %gnice   %idle
14:16:53     all   19.02    0.00    3.34    0.00    0.00    0.00    0.00    0.00    0.00   77.63
14:16:53       0   18.56    0.00    4.12    0.00    0.00    0.00    0.00    0.00    0.00   77.32
14:16:53       1   21.65    0.00    2.06    0.00    0.00    0.00    0.00    0.00    0.00   76.29
14:16:53       2   18.56    0.00    3.09    0.00    0.00    0.00    0.00    0.00    0.00   78.35
14:16:53       3   17.35    0.00    4.08    0.00    0.00    0.00    0.00    0.00    0.00   78.57

14:16:53     CPU    %usr   %nice    %sys %iowait    %irq   %soft  %steal  %guest  %gnice   %idle
14:16:54     all   18.58    0.00    4.83    0.00    0.00    0.00    0.00    0.00    0.00   76.59
14:16:54       0   17.17    0.00    6.06    0.00    0.00    0.00    0.00    0.00    0.00   76.77
14:16:54       1   18.18    0.00    4.04    0.00    0.00    0.00    0.00    0.00    0.00   77.78
14:16:54       2   16.49    0.00    7.22    0.00    0.00    0.00    0.00    0.00    0.00   76.29
14:16:54       3   22.45    0.00    2.04    0.00    0.00    0.00    0.00    0.00    0.00   75.51

14:16:54     CPU    %usr   %nice    %sys %iowait    %irq   %soft  %steal  %guest  %gnice   %idle
14:16:55     all   17.81    0.00    3.31    0.00    0.00    0.00    0.00    0.00    0.00   78.88
14:16:55       0   15.79    0.00    5.26    0.00    0.00    0.00    0.00    0.00    0.00   78.95
14:16:55       1   15.15    0.00    3.03    0.00    0.00    0.00    0.00    0.00    0.00   81.82
14:16:55       2   20.20    0.00    3.03    0.00    0.00    0.00    0.00    0.00    0.00   76.77
14:16:55       3   20.00    0.00    2.00    0.00    0.00    0.00    0.00    0.00    0.00   78.00

14:16:55     CPU    %usr   %nice    %sys %iowait    %irq   %soft  %steal  %guest  %gnice   %idle
14:16:56     all   18.46    0.00    4.62    0.00    0.00    0.00    0.00    0.00    0.00   76.92
14:16:56       0   17.71    0.00    2.08    0.00    0.00    0.00    0.00    0.00    0.00   80.21
14:16:56       1   17.35    0.00    5.10    0.00    0.00    0.00    0.00    0.00    0.00   77.55
14:16:56       2   19.59    0.00    7.22    0.00    0.00    0.00    0.00    0.00    0.00   73.20
14:16:56       3   19.19    0.00    4.04    0.00    0.00    0.00    0.00    0.00    0.00   76.77

14:16:56     CPU    %usr   %nice    %sys %iowait    %irq   %soft  %steal  %guest  %gnice   %idle
14:16:57     all   19.64    0.00    4.34    0.00    0.00    0.00    0.00    0.00    0.00   76.02
14:16:57       0   18.75    0.00    3.12    0.00    0.00    0.00    0.00    0.00    0.00   78.12
14:16:57       1   19.39    0.00    7.14    0.00    0.00    0.00    0.00    0.00    0.00   73.47
14:16:57       2   20.79    0.00    1.98    0.00    0.00    0.00    0.00    0.00    0.00   77.23
14:16:57       3   19.59    0.00    5.15    0.00    0.00    0.00    0.00    0.00    0.00   75.26

14:16:57     CPU    %usr   %nice    %sys %iowait    %irq   %soft  %steal  %guest  %gnice   %idle
14:16:58     all   16.97    0.00    3.08    0.00    0.00    0.00    0.00    0.00    0.00   79.95
14:16:58       0   15.96    0.00    2.13    0.00    0.00    0.00    0.00    0.00    0.00   81.91
14:16:58       1   15.31    0.00    5.10    0.00    0.00    0.00    0.00    0.00    0.00   79.59
14:16:58       2   15.31    0.00    1.02    0.00    0.00    0.00    0.00    0.00    0.00   83.67
14:16:58       3   21.21    0.00    4.04    0.00    0.00    0.00    0.00    0.00    0.00   74.75

14:16:58     CPU    %usr   %nice    %sys %iowait    %irq   %soft  %steal  %guest  %gnice   %idle
14:16:59     all   18.64    0.00    5.29    0.00    0.00    0.00    0.00    0.00    0.00   76.07
14:16:59       0   21.21    0.00    7.07    0.00    0.00    0.00    0.00    0.00    0.00   71.72
14:16:59       1   16.16    0.00    6.06    0.00    0.00    0.00    0.00    0.00    0.00   77.78
14:16:59       2   16.33    0.00    5.10    0.00    0.00    0.00    0.00    0.00    0.00   78.57
14:16:59       3   20.79    0.00    2.97    0.00    0.00    0.00    0.00    0.00    0.00   76.24

14:16:59     CPU    %usr   %nice    %sys %iowait    %irq   %soft  %steal  %guest  %gnice   %idle
14:17:00     all   17.05    0.00    5.09    0.00    0.00    0.00    0.00    0.00    0.00   77.86
14:17:00       0   17.71    0.00    5.21    0.00    0.00    0.00    0.00    0.00    0.00   77.08
14:17:00       1   16.83    0.00    5.94    0.00    0.00    0.00    0.00    0.00    0.00   77.23
14:17:00       2   20.20    0.00    3.03    0.00    0.00    0.00    0.00    0.00    0.00   76.77
14:17:00       3   13.40    0.00    6.19    0.00    0.00    0.00    0.00    0.00    0.00   80.41

14:17:00     CPU    %usr   %nice    %sys %iowait    %irq   %soft  %steal  %guest  %gnice   %idle
14:17:01     all   18.30    0.00    2.84    0.00    0.00    0.00    0.00    0.00    0.00   78.87
14:17:01       0   16.13    0.00    3.23    0.00    0.00    0.00    0.00    0.00    0.00   80.65
14:17:01       1   12.50    0.00    3.12    0.00    0.00    0.00    0.00    0.00    0.00   84.38
14:17:01       2   24.49    0.00    1.02    0.00    0.00    0.00    0.00    0.00    0.00   74.49
14:17:01       3   19.80    0.00    3.96    0.00    0.00    0.00    0.00    0.00    0.00   76.24

14:17:01     CPU    %usr   %nice    %sys %iowait    %irq   %soft  %steal  %guest  %gnice   %idle
14:17:02     all   19.28    0.00    4.11    0.00    0.00    0.00    0.00    0.00    0.00   76.61
14:17:02       0   21.05    0.00    5.26    0.00    0.00    0.00    0.00    0.00    0.00   73.68
14:17:02       1   18.18    0.00    3.03    0.00    0.00    0.00    0.00    0.00    0.00   78.79
14:17:02       2   20.20    0.00    5.05    0.00    0.00    0.00    0.00    0.00    0.00   74.75
14:17:02       3   17.71    0.00    3.12    0.00    0.00    0.00    0.00    0.00    0.00   79.17

14:17:02     CPU    %usr   %nice    %sys %iowait    %irq   %soft  %steal  %guest  %gnice   %idle
14:17:03     all   18.88    0.00    4.08    0.00    0.00    0.00    0.00    0.00    0.00   77.04
14:17:03       0   20.00    0.00    4.21    0.00    0.00    0.00    0.00    0.00    0.00   75.79
14:17:03       1   19.19    0.00    4.04    0.00    0.00    0.00    0.00    0.00    0.00   76.77
14:17:03       2   18.56    0.00    4.12    0.00    0.00    0.00    0.00    0.00    0.00   77.32
14:17:03       3   17.82    0.00    3.96    0.00    0.00    0.00    0.00    0.00    0.00   78.22

14:17:03     CPU    %usr   %nice    %sys %iowait    %irq   %soft  %steal  %guest  %gnice   %idle
14:17:04     all   18.02    0.00    5.08    0.00    0.00    0.00    0.00    0.00    0.00   76.90
14:17:04       0   17.35    0.00    8.16    0.00    0.00    0.00    0.00    0.00    0.00   74.49
14:17:04       1   17.17    0.00    4.04    0.00    0.00    0.00    0.00    0.00    0.00   78.79
14:17:04       2   19.59    0.00    4.12    0.00    0.00    0.00    0.00    0.00    0.00   76.29
14:17:04       3   18.00    0.00    4.00    0.00    0.00    0.00    0.00    0.00    0.00   78.00

14:17:04     CPU    %usr   %nice    %sys %iowait    %irq   %soft  %steal  %guest  %gnice   %idle
14:17:05     all   16.92    0.00    3.85    0.00    0.00    0.00    0.00    0.00    0.00   79.23
14:17:05       0   15.62    0.00    4.17    0.00    0.00    0.00    0.00    0.00    0.00   80.21
14:17:05       1   15.46    0.00    6.19    0.00    0.00    0.00    0.00    0.00    0.00   78.35
14:17:05       2   19.39    0.00    2.04    0.00    0.00    0.00    0.00    0.00    0.00   78.57
14:17:05       3   17.17    0.00    3.03    0.00    0.00    0.00    0.00    0.00    0.00   79.80

14:17:05     CPU    %usr   %nice    %sys %iowait    %irq   %soft  %steal  %guest  %gnice   %idle
14:17:06     all   18.11    0.00    5.10    0.00    0.00    0.00    0.00    0.00    0.00   76.79
14:17:06       0   24.49    0.00    2.04    0.00    0.00    0.00    0.00    0.00    0.00   73.47
14:17:06       1   10.64    0.00   10.64    0.00    0.00    0.00    0.00    0.00    0.00   78.72
14:17:06       2   20.20    0.00    6.06    0.00    0.00    0.00    0.00    0.00    0.00   73.74
14:17:06       3   16.83    0.00    1.98    0.00    0.00    0.00    0.00    0.00    0.00   81.19

14:17:06     CPU    %usr   %nice    %sys %iowait    %irq   %soft  %steal  %guest  %gnice   %idle
14:17:07     all   18.16    0.00    4.48    0.00    0.00    0.00    0.00    0.00    0.00   77.36
14:17:07       0   16.16    0.00    3.03    0.00    0.00    0.00    0.00    0.00    0.00   80.81
14:17:07       1   19.61    0.00    8.82    0.00    0.00    0.00    0.00    0.00    0.00   71.57
14:17:07       2   20.59    0.00    0.98    0.00    0.00    0.00    0.00    0.00    0.00   78.43
14:17:07       3   16.16    0.00    5.05    0.00    0.00    0.00    0.00    0.00    0.00   78.79

14:17:07     CPU    %usr   %nice    %sys %iowait    %irq   %soft  %steal  %guest  %gnice   %idle
14:17:08     all   18.02    0.00    5.08    0.00    0.00    0.00    0.00    0.00    0.00   76.90
14:17:08       0   15.62    0.00    6.25    0.00    0.00    0.00    0.00    0.00    0.00   78.12
14:17:08       1   22.22    0.00    3.03    0.00    0.00    0.00    0.00    0.00    0.00   74.75
14:17:08       2   17.17    0.00    5.05    0.00    0.00    0.00    0.00    0.00    0.00   77.78
14:17:08       3   17.00    0.00    6.00    0.00    0.00    0.00    0.00    0.00    0.00   77.00

14:17:08     CPU    %usr   %nice    %sys %iowait    %irq   %soft  %steal  %guest  %gnice   %idle
14:17:09     all   18.77    0.00    3.86    0.00    0.00    0.00    0.00    0.00    0.00   77.38
14:17:09       0   19.35    0.00    3.23    0.00    0.00    0.00    0.00    0.00    0.00   77.42
14:17:09       1   19.39    0.00    2.04    0.00    0.00    0.00    0.00    0.00    0.00   78.57
14:17:09       2   18.00    0.00    5.00    0.00    0.00    0.00    0.00    0.00    0.00   77.00
14:17:09       3   18.37    0.00    5.10    0.00    0.00    0.00    0.00    0.00    0.00   76.53

14:17:09     CPU    %usr   %nice    %sys %iowait    %irq   %soft  %steal  %guest  %gnice   %idle
14:17:10     all   16.24    0.00    4.82    0.00    0.00    0.00    0.00    0.00    0.00   78.93
14:17:10       0   15.46    0.00    6.19    0.00    0.00    0.00    0.00    0.00    0.00   78.35
14:17:10       1   19.39    0.00    1.02    0.00    0.00    0.00    0.00    0.00    0.00   79.59
14:17:10       2   13.13    0.00    7.07    0.00    0.00    0.00    0.00    0.00    0.00   79.80
14:17:10       3   17.00    0.00    5.00    0.00    0.00    0.00    0.00    0.00    0.00   78.00

14:17:10     CPU    %usr   %nice    %sys %iowait    %irq   %soft  %steal  %guest  %gnice   %idle
14:17:11     all   18.02    0.00    4.82    0.00    0.00    0.00    0.00    0.00    0.00   77.16
14:17:11       0   21.88    0.00    2.08    0.00    0.00    0.00    0.00    0.00    0.00   76.04
14:17:11       1   15.46    0.00    5.15    0.00    0.00    0.00    0.00    0.00    0.00   79.38
14:17:11       2   15.69    0.00    7.84    0.00    0.00    0.00    0.00    0.00    0.00   76.47
14:17:11       3   19.19    0.00    4.04    0.00    0.00    0.00    0.00    0.00    0.00   76.77

14:17:11     CPU    %usr   %nice    %sys %iowait    %irq   %soft  %steal  %guest  %gnice   %idle
14:17:12     all   19.18    0.00    4.60    0.00    0.00    0.00    0.00    0.00    0.00   76.21
14:17:12       0   17.35    0.00    8.16    0.00    0.00    0.00    0.00    0.00    0.00   74.49
14:17:12       1   24.49    0.00    3.06    0.00    0.00    0.00    0.00    0.00    0.00   72.45
14:17:12       2   16.49    0.00    4.12    0.00    0.00    0.00    0.00    0.00    0.00   79.38
14:17:12       3   18.37    0.00    3.06    0.00    0.00    0.00    0.00    0.00    0.00   78.57

14:17:12     CPU    %usr   %nice    %sys %iowait    %irq   %soft  %steal  %guest  %gnice   %idle
14:17:13     all   17.25    0.00    4.75    0.00    0.00    0.00    0.00    0.00    0.00   78.00
14:17:13       0   19.39    0.00    1.02    0.00    0.00    0.00    0.00    0.00    0.00   79.59
14:17:13       1   19.00    0.00    5.00    0.00    0.00    0.00    0.00    0.00    0.00   76.00
14:17:13       2   12.87    0.00    5.94    0.00    0.00    0.00    0.00    0.00    0.00   81.19
14:17:13       3   17.82    0.00    6.93    0.00    0.00    0.00    0.00    0.00    0.00   75.25

14:17:13     CPU    %usr   %nice    %sys %iowait    %irq   %soft  %steal  %guest  %gnice   %idle
14:17:14     all   19.85    0.00    4.58    0.00    0.00    0.00    0.00    0.00    0.00   75.57
14:17:14       0   18.37    0.00    4.08    0.00    0.00    0.00    0.00    0.00    0.00   77.55
14:17:14       1   22.22    0.00    4.04    0.00    0.00    0.00    0.00    0.00    0.00   73.74
14:17:14       2   22.22    0.00    3.03    0.00    0.00    0.00    0.00    0.00    0.00   74.75
14:17:14       3   16.49    0.00    7.22    0.00    0.00    0.00    0.00    0.00    0.00   76.29

14:17:14     CPU    %usr   %nice    %sys %iowait    %irq   %soft  %steal  %guest  %gnice   %idle
14:17:15     all   18.69    0.00    5.05    0.00    0.00    0.00    0.00    0.00    0.00   76.26
14:17:15       0   12.63    0.00    9.47    0.00    0.00    0.00    0.00    0.00    0.00   77.89
14:17:15       1   21.36    0.00    3.88    0.00    0.00    0.00    0.00    0.00    0.00   74.76
14:17:15       2   19.39    0.00    5.10    0.00    0.00    0.00    0.00    0.00    0.00   75.51
14:17:15       3   21.00    0.00    2.00    0.00    0.00    0.00    0.00    0.00    0.00   77.00

14:17:15     CPU    %usr   %nice    %sys %iowait    %irq   %soft  %steal  %guest  %gnice   %idle
14:17:16     all   17.22    0.00    4.11    0.00    0.00    0.00    0.00    0.00    0.00   78.66
14:17:16       0   12.37    0.00    6.19    0.00    0.00    0.00    0.00    0.00    0.00   81.44
14:17:16       1   19.59    0.00    2.06    0.00    0.00    0.00    0.00    0.00    0.00   78.35
14:17:16       2   17.35    0.00    1.02    0.00    0.00    0.00    0.00    0.00    0.00   81.63
14:17:16       3   19.59    0.00    7.22    0.00    0.00    0.00    0.00    0.00    0.00   73.20

14:17:16     CPU    %usr   %nice    %sys %iowait    %irq   %soft  %steal  %guest  %gnice   %idle
14:17:17     all   18.62    0.00    4.34    0.00    0.00    0.00    0.00    0.00    0.00   77.04
14:17:17       0   20.00    0.00    1.05    0.00    0.00    0.00    0.00    0.00    0.00   78.95
14:17:17       1   19.19    0.00    5.05    0.00    0.00    0.00    0.00    0.00    0.00   75.76
14:17:17       2   16.33    0.00    8.16    0.00    0.00    0.00    0.00    0.00    0.00   75.51
14:17:17       3   19.00    0.00    3.00    0.00    0.00    0.00    0.00    0.00    0.00   78.00

14:17:17     CPU    %usr   %nice    %sys %iowait    %irq   %soft  %steal  %guest  %gnice   %idle
14:17:18     all   16.92    0.00    3.85    0.00    0.00    0.00    0.00    0.00    0.00   79.23
14:17:18       0   18.37    0.00    1.02    0.00    0.00    0.00    0.00    0.00    0.00   80.61
14:17:18       1   15.62    0.00    7.29    0.00    0.00    0.00    0.00    0.00    0.00   77.08
14:17:18       2   16.16    0.00    5.05    0.00    0.00    0.00    0.00    0.00    0.00   78.79
14:17:18       3   17.53    0.00    2.06    0.00    0.00    0.00    0.00    0.00    0.00   80.41

14:17:18     CPU    %usr   %nice    %sys %iowait    %irq   %soft  %steal  %guest  %gnice   %idle
14:17:19     all   18.73    0.00    4.81    0.00    0.00    0.00    0.00    0.00    0.00   76.46
14:17:19       0   23.47    0.00    4.08    0.00    0.00    0.00    0.00    0.00    0.00   72.45
14:17:19       1   20.62    0.00    9.28    0.00    0.00    0.00    0.00    0.00    0.00   70.10
14:17:19       2   15.00    0.00    3.00    0.00    0.00    0.00    0.00    0.00    0.00   82.00
14:17:19       3   16.00    0.00    3.00    0.00    0.00    0.00    0.00    0.00    0.00   81.00

14:17:19     CPU    %usr   %nice    %sys %iowait    %irq   %soft  %steal  %guest  %gnice   %idle
14:17:20     all   18.53    0.00    3.81    0.00    0.00    0.00    0.00    0.00    0.00   77.66
14:17:20       0   18.18    0.00    5.05    0.00    0.00    0.00    0.00    0.00    0.00   76.77
14:17:20       1   19.19    0.00    1.01    0.00    0.00    0.00    0.00    0.00    0.00   79.80
14:17:20       2   17.53    0.00    2.06    0.00    0.00    0.00    0.00    0.00    0.00   80.41
14:17:20       3   19.19    0.00    7.07    0.00    0.00    0.00    0.00    0.00    0.00   73.74

14:17:20     CPU    %usr   %nice    %sys %iowait    %irq   %soft  %steal  %guest  %gnice   %idle
14:17:21     all   18.58    0.00    4.33    0.00    0.00    0.00    0.00    0.00    0.00   77.10
14:17:21       0   22.45    0.00    1.02    0.00    0.00    0.00    0.00    0.00    0.00   76.53
14:17:21       1   18.18    0.00    4.04    0.00    0.00    0.00    0.00    0.00    0.00   77.78
14:17:21       2   14.43    0.00   10.31    0.00    0.00    0.00    0.00    0.00    0.00   75.26
14:17:21       3   19.19    0.00    2.02    0.00    0.00    0.00    0.00    0.00    0.00   78.79

14:17:21     CPU    %usr   %nice    %sys %iowait    %irq   %soft  %steal  %guest  %gnice   %idle
14:17:22     all   15.36    0.00    2.34    0.00    0.00    0.00    0.00    0.00    0.00   82.29
14:17:22       0   15.31    0.00    0.00    0.00    0.00    0.00    0.00    0.00    0.00   84.69
14:17:22       1   11.96    0.00    6.52    0.00    0.00    0.00    0.00    0.00    0.00   81.52
14:17:22       2   19.19    0.00    2.02    0.00    0.00    0.00    0.00    0.00    0.00   78.79
14:17:22       3   14.74    0.00    1.05    0.00    0.00    0.00    0.00    0.00    0.00   84.21

14:17:22     CPU    %usr   %nice    %sys %iowait    %irq   %soft  %steal  %guest  %gnice   %idle
14:17:23     all   19.23    0.00    3.59    0.00    0.00    0.00    0.00    0.00    0.00   77.18
14:17:23       0   21.65    0.00    4.12    0.00    0.00    0.00    0.00    0.00    0.00   74.23
14:17:23       1   19.59    0.00    3.09    0.00    0.00    0.00    0.00    0.00    0.00   77.32
14:17:23       2   19.19    0.00    4.04    0.00    0.00    0.00    0.00    0.00    0.00   76.77
14:17:23       3   16.49    0.00    3.09    0.00    0.00    0.00    0.00    0.00    0.00   80.41

14:17:23     CPU    %usr   %nice    %sys %iowait    %irq   %soft  %steal  %guest  %gnice   %idle
14:17:24     all   18.73    0.00    5.82    0.00    0.00    0.00    0.00    0.00    0.00   75.44
14:17:24       0   17.71    0.00    6.25    0.00    0.00    0.00    0.00    0.00    0.00   76.04
14:17:24       1   20.00    0.00   10.00    0.00    0.00    0.00    0.00    0.00    0.00   70.00
14:17:24       2   20.00    0.00    2.00    0.00    0.00    0.00    0.00    0.00    0.00   78.00
14:17:24       3   17.17    0.00    5.05    0.00    0.00    0.00    0.00    0.00    0.00   77.78

14:17:24     CPU    %usr   %nice    %sys %iowait    %irq   %soft  %steal  %guest  %gnice   %idle
14:17:25     all   18.02    0.00    4.31    0.00    0.00    0.00    0.00    0.00    0.00   77.66
14:17:25       0   20.21    0.00    2.13    0.00    0.00    0.00    0.00    0.00    0.00   77.66
14:17:25       1   18.63    0.00    5.88    0.00    0.00    0.00    0.00    0.00    0.00   75.49
14:17:25       2   14.14    0.00    5.05    0.00    0.00    0.00    0.00    0.00    0.00   80.81
14:17:25       3   19.19    0.00    4.04    0.00    0.00    0.00    0.00    0.00    0.00   76.77

14:17:25     CPU    %usr   %nice    %sys %iowait    %irq   %soft  %steal  %guest  %gnice   %idle
14:17:26     all   17.95    0.00    4.10    0.00    0.00    0.00    0.00    0.00    0.00   77.95
14:17:26       0   18.56    0.00    6.19    0.00    0.00    0.00    0.00    0.00    0.00   75.26
14:17:26       1   15.15    0.00    5.05    0.00    0.00    0.00    0.00    0.00    0.00   79.80
14:17:26       2   21.65    0.00    1.03    0.00    0.00    0.00    0.00    0.00    0.00   77.32
14:17:26       3   16.49    0.00    4.12    0.00    0.00    0.00    0.00    0.00    0.00   79.38

14:17:26     CPU    %usr   %nice    %sys %iowait    %irq   %soft  %steal  %guest  %gnice   %idle
14:17:27     all   17.81    0.00    4.33    0.00    0.00    0.00    0.00    0.00    0.00   77.86
14:17:27       0   18.18    0.00    6.06    0.00    0.00    0.00    0.00    0.00    0.00   75.76
14:17:27       1   14.58    0.00    3.12    0.00    0.00    0.00    0.00    0.00    0.00   82.29
14:17:27       2   18.37    0.00    5.10    0.00    0.00    0.00    0.00    0.00    0.00   76.53
14:17:27       3   20.00    0.00    3.00    0.00    0.00    0.00    0.00    0.00    0.00   77.00

14:17:27     CPU    %usr   %nice    %sys %iowait    %irq   %soft  %steal  %guest  %gnice   %idle
14:17:28     all   19.70    0.00    5.49    0.00    0.00    0.00    0.00    0.00    0.00   74.81
14:17:28       0   17.35    0.00    2.04    0.00    0.00    0.00    0.00    0.00    0.00   80.61
14:17:28       1   22.77    0.00    2.97    0.00    0.00    0.00    0.00    0.00    0.00   74.26
14:17:28       2   18.81    0.00    8.91    0.00    0.00    0.00    0.00    0.00    0.00   72.28
14:17:28       3   19.80    0.00    7.92    0.00    0.00    0.00    0.00    0.00    0.00   72.28

14:17:28     CPU    %usr   %nice    %sys %iowait    %irq   %soft  %steal  %guest  %gnice   %idle
14:17:29     all   17.38    0.00    5.29    0.00    0.00    0.00    0.00    0.00    0.00   77.33
14:17:29       0   18.81    0.00    6.93    0.00    0.00    0.00    0.00    0.00    0.00   74.26
14:17:29       1   18.00    0.00    6.00    0.00    0.00    0.00    0.00    0.00    0.00   76.00
14:17:29       2   18.00    0.00    3.00    0.00    0.00    0.00    0.00    0.00    0.00   79.00
14:17:29       3   14.58    0.00    5.21    0.00    0.00    0.00    0.00    0.00    0.00   80.21

14:17:29     CPU    %usr   %nice    %sys %iowait    %irq   %soft  %steal  %guest  %gnice   %idle
14:17:30     all   18.62    0.00    5.10    0.00    0.00    0.00    0.00    0.00    0.00   76.28
14:17:30       0   16.67    0.00    5.21    0.00    0.00    0.00    0.00    0.00    0.00   78.12
14:17:30       1   19.19    0.00    1.01    0.00    0.00    0.00    0.00    0.00    0.00   79.80
14:17:30       2   20.00    0.00    9.00    0.00    0.00    0.00    0.00    0.00    0.00   71.00
14:17:30       3   18.56    0.00    5.15    0.00    0.00    0.00    0.00    0.00    0.00   76.29

14:17:30     CPU    %usr   %nice    %sys %iowait    %irq   %soft  %steal  %guest  %gnice   %idle
14:17:31     all   17.30    0.00    4.58    0.00    0.00    0.00    0.00    0.00    0.00   78.12
14:17:31       0   23.71    0.00    4.12    0.00    0.00    0.00    0.00    0.00    0.00   72.16
14:17:31       1   17.00    0.00    3.00    0.00    0.00    0.00    0.00    0.00    0.00   80.00
14:17:31       2   12.37    0.00    6.19    0.00    0.00    0.00    0.00    0.00    0.00   81.44
14:17:31       3   16.16    0.00    5.05    0.00    0.00    0.00    0.00    0.00    0.00   78.79

14:17:31     CPU    %usr   %nice    %sys %iowait    %irq   %soft  %steal  %guest  %gnice   %idle
14:17:32     all   19.13    0.00    3.57    0.00    0.00    0.00    0.00    0.00    0.00   77.30
14:17:32       0   20.62    0.00    2.06    0.00    0.00    0.00    0.00    0.00    0.00   77.32
14:17:32       1   17.35    0.00    3.06    0.00    0.00    0.00    0.00    0.00    0.00   79.59
14:17:32       2   19.19    0.00    4.04    0.00    0.00    0.00    0.00    0.00    0.00   76.77
14:17:32       3   19.39    0.00    5.10    0.00    0.00    0.00    0.00    0.00    0.00   75.51

14:17:32     CPU    %usr   %nice    %sys %iowait    %irq   %soft  %steal  %guest  %gnice   %idle
14:17:33     all   17.38    0.00    4.79    0.00    0.00    0.00    0.00    0.00    0.00   77.83
14:17:33       0   17.17    0.00    8.08    0.00    0.00    0.00    0.00    0.00    0.00   74.75
14:17:33       1   17.53    0.00    3.09    0.00    0.00    0.00    0.00    0.00    0.00   79.38
14:17:33       2   15.84    0.00    5.94    0.00    0.00    0.00    0.00    0.00    0.00   78.22
14:17:33       3   19.00    0.00    2.00    0.00    0.00    0.00    0.00    0.00    0.00   79.00

14:17:33     CPU    %usr   %nice    %sys %iowait    %irq   %soft  %steal  %guest  %gnice   %idle
14:17:34     all   17.26    0.00    3.55    0.00    0.00    0.00    0.00    0.00    0.00   79.19
14:17:34       0   15.46    0.00    2.06    0.00    0.00    0.00    0.00    0.00    0.00   82.47
14:17:34       1   18.63    0.00    1.96    0.00    0.00    0.00    0.00    0.00    0.00   79.41
14:17:34       2   20.41    0.00    1.02    0.00    0.00    0.00    0.00    0.00    0.00   78.57
14:17:34       3   14.43    0.00    9.28    0.00    0.00    0.00    0.00    0.00    0.00   76.29

14:17:34     CPU    %usr   %nice    %sys %iowait    %irq   %soft  %steal  %guest  %gnice   %idle
14:17:35     all   19.49    0.00    4.10    0.00    0.00    0.00    0.00    0.00    0.00   76.41
14:17:35       0   16.67    0.00    3.12    0.00    0.00    0.00    0.00    0.00    0.00   80.21
14:17:35       1   22.68    0.00    2.06    0.00    0.00    0.00    0.00    0.00    0.00   75.26
14:17:35       2   16.49    0.00    6.19    0.00    0.00    0.00    0.00    0.00    0.00   77.32
14:17:35       3   22.00    0.00    5.00    0.00    0.00    0.00    0.00    0.00    0.00   73.00

14:17:35     CPU    %usr   %nice    %sys %iowait    %irq   %soft  %steal  %guest  %gnice   %idle
14:17:36     all   16.79    0.00    5.34    0.00    0.00    0.00    0.00    0.00    0.00   77.86
14:17:36       0   16.33    0.00    3.06    0.00    0.00    0.00    0.00    0.00    0.00   80.61
14:17:36       1   16.00    0.00    2.00    0.00    0.00    0.00    0.00    0.00    0.00   82.00
14:17:36       2   15.79    0.00   14.74    0.00    0.00    0.00    0.00    0.00    0.00   69.47
14:17:36       3   19.00    0.00    2.00    0.00    0.00    0.00    0.00    0.00    0.00   79.00

14:17:36     CPU    %usr   %nice    %sys %iowait    %irq   %soft  %steal  %guest  %gnice   %idle
14:17:37     all   16.75    0.00    2.32    0.00    0.00    0.00    0.00    0.00    0.00   80.93
14:17:37       0   16.67    0.00    0.00    0.00    0.00    0.00    0.00    0.00    0.00   83.33
14:17:37       1   13.54    0.00    3.12    0.00    0.00    0.00    0.00    0.00    0.00   83.33
14:17:37       2   20.00    0.00    3.00    0.00    0.00    0.00    0.00    0.00    0.00   77.00
14:17:37       3   16.67    0.00    3.12    0.00    0.00    0.00    0.00    0.00    0.00   80.21

14:17:37     CPU    %usr   %nice    %sys %iowait    %irq   %soft  %steal  %guest  %gnice   %idle
14:17:38     all   18.27    0.00    5.58    0.00    0.00    0.00    0.00    0.00    0.00   76.14
14:17:38       0   17.17    0.00    5.05    0.00    0.00    0.00    0.00    0.00    0.00   77.78
14:17:38       1   20.20    0.00   10.10    0.00    0.00    0.00    0.00    0.00    0.00   69.70
14:17:38       2   20.41    0.00    5.10    0.00    0.00    0.00    0.00    0.00    0.00   74.49
14:17:38       3   15.31    0.00    2.04    0.00    0.00    0.00    0.00    0.00    0.00   82.65

14:17:38     CPU    %usr   %nice    %sys %iowait    %irq   %soft  %steal  %guest  %gnice   %idle
14:17:39     all   19.08    0.00    4.33    0.00    0.00    0.00    0.00    0.00    0.00   76.59
14:17:39       0   21.43    0.00    1.02    0.00    0.00    0.00    0.00    0.00    0.00   77.55
14:17:39       1   18.56    0.00   11.34    0.00    0.00    0.00    0.00    0.00    0.00   70.10
14:17:39       2   22.00    0.00    3.00    0.00    0.00    0.00    0.00    0.00    0.00   75.00
14:17:39       3   14.29    0.00    2.04    0.00    0.00    0.00    0.00    0.00    0.00   83.67

14:17:39     CPU    %usr   %nice    %sys %iowait    %irq   %soft  %steal  %guest  %gnice   %idle
14:17:40     all   17.18    0.00    4.10    0.00    0.00    0.00    0.00    0.00    0.00   78.72
14:17:40       0   12.63    0.00    6.32    0.00    0.00    0.00    0.00    0.00    0.00   81.05
14:17:40       1   17.35    0.00    4.08    0.00    0.00    0.00    0.00    0.00    0.00   78.57
14:17:40       2   22.68    0.00    3.09    0.00    0.00    0.00    0.00    0.00    0.00   74.23
14:17:40       3   16.00    0.00    3.00    0.00    0.00    0.00    0.00    0.00    0.00   81.00

14:17:40     CPU    %usr   %nice    %sys %iowait    %irq   %soft  %steal  %guest  %gnice   %idle
14:17:41     all   18.48    0.00    4.81    0.00    0.00    0.00    0.00    0.00    0.00   76.71
14:17:41       0   19.59    0.00    2.06    0.00    0.00    0.00    0.00    0.00    0.00   78.35
14:17:41       1   11.00    0.00    9.00    0.00    0.00    0.00    0.00    0.00    0.00   80.00
14:17:41       2   19.39    0.00    3.06    0.00    0.00    0.00    0.00    0.00    0.00   77.55
14:17:41       3   24.00    0.00    5.00    0.00    0.00    0.00    0.00    0.00    0.00   71.00

14:17:41     CPU    %usr   %nice    %sys %iowait    %irq   %soft  %steal  %guest  %gnice   %idle
14:17:42     all   18.34    0.00    6.28    0.00    0.00    0.00    0.00    0.00    0.00   75.38
14:17:42       0   14.14    0.00   12.12    0.00    0.00    0.00    0.00    0.00    0.00   73.74
14:17:42       1   24.00    0.00    4.00    0.00    0.00    0.00    0.00    0.00    0.00   72.00
14:17:42       2   15.00    0.00    7.00    0.00    0.00    0.00    0.00    0.00    0.00   78.00
14:17:42       3   20.20    0.00    2.02    0.00    0.00    0.00    0.00    0.00    0.00   77.78

14:17:42     CPU    %usr   %nice    %sys %iowait    %irq   %soft  %steal  %guest  %gnice   %idle
14:17:43     all   18.16    0.00    3.32    0.00    0.00    0.00    0.00    0.00    0.00   78.52
14:17:43       0   18.95    0.00    2.11    0.00    0.00    0.00    0.00    0.00    0.00   78.95
14:17:43       1   16.33    0.00    2.04    0.00    0.00    0.00    0.00    0.00    0.00   81.63
14:17:43       2   15.15    0.00    3.03    0.00    0.00    0.00    0.00    0.00    0.00   81.82
14:17:43       3   22.22    0.00    6.06    0.00    0.00    0.00    0.00    0.00    0.00   71.72

14:17:43     CPU    %usr   %nice    %sys %iowait    %irq   %soft  %steal  %guest  %gnice   %idle
14:17:44     all   19.44    0.00    4.55    0.00    0.00    0.00    0.00    0.00    0.00   76.01
14:17:44       0   17.53    0.00    8.25    0.00    0.00    0.00    0.00    0.00    0.00   74.23
14:17:44       1   22.22    0.00    3.03    0.00    0.00    0.00    0.00    0.00    0.00   74.75
14:17:44       2   18.00    0.00    3.00    0.00    0.00    0.00    0.00    0.00    0.00   79.00
14:17:44       3   20.00    0.00    4.00    0.00    0.00    0.00    0.00    0.00    0.00   76.00

14:17:44     CPU    %usr   %nice    %sys %iowait    %irq   %soft  %steal  %guest  %gnice   %idle
14:17:45     all   18.58    0.00    4.33    0.00    0.00    0.00    0.00    0.00    0.00   77.10
14:17:45       0   24.00    0.00    2.00    0.00    0.00    0.00    0.00    0.00    0.00   74.00
14:17:45       1   19.79    0.00    1.04    0.00    0.00    0.00    0.00    0.00    0.00   79.17
14:17:45       2   13.00    0.00    9.00    0.00    0.00    0.00    0.00    0.00    0.00   78.00
14:17:45       3   17.53    0.00    5.15    0.00    0.00    0.00    0.00    0.00    0.00   77.32

14:17:45     CPU    %usr   %nice    %sys %iowait    %irq   %soft  %steal  %guest  %gnice   %idle
14:17:46     all   15.27    0.00    3.82    0.00    0.00    0.00    0.00    0.00    0.00   80.92
14:17:46       0   18.75    0.00    5.21    0.00    0.00    0.00    0.00    0.00    0.00   76.04
14:17:46       1   15.31    0.00    0.00    0.00    0.00    0.00    0.00    0.00    0.00   84.69
14:17:46       2   13.00    0.00    6.00    0.00    0.00    0.00    0.00    0.00    0.00   81.00
14:17:46       3   14.14    0.00    4.04    0.00    0.00    0.00    0.00    0.00    0.00   81.82

14:17:46     CPU    %usr   %nice    %sys %iowait    %irq   %soft  %steal  %guest  %gnice   %idle
14:17:47     all   19.90    0.00    4.79    0.00    0.00    0.00    0.00    0.00    0.00   75.31
14:17:47       0   22.22    0.00    3.03    0.00    0.00    0.00    0.00    0.00    0.00   74.75
14:17:47       1   17.82    0.00    2.97    0.00    0.00    0.00    0.00    0.00    0.00   79.21
14:17:47       2   15.62    0.00    8.33    0.00    0.00    0.00    0.00    0.00    0.00   76.04
14:17:47       3   23.76    0.00    4.95    0.00    0.00    0.00    0.00    0.00    0.00   71.29

14:17:47     CPU    %usr   %nice    %sys %iowait    %irq   %soft  %steal  %guest  %gnice   %idle
14:17:48     all   17.95    0.00    4.36    0.00    0.00    0.00    0.00    0.00    0.00   77.69
14:17:48       0   14.74    0.00    4.21    0.00    0.00    0.00    0.00    0.00    0.00   81.05
14:17:48       1   20.41    0.00    7.14    0.00    0.00    0.00    0.00    0.00    0.00   72.45
14:17:48       2   18.37    0.00    3.06    0.00    0.00    0.00    0.00    0.00    0.00   78.57
14:17:48       3   18.18    0.00    3.03    0.00    0.00    0.00    0.00    0.00    0.00   78.79

14:17:48     CPU    %usr   %nice    %sys %iowait    %irq   %soft  %steal  %guest  %gnice   %idle
14:17:49     all   18.07    0.00    4.07    0.00    0.00    0.00    0.00    0.00    0.00   77.86
14:17:49       0   22.22    0.00    5.05    0.00    0.00    0.00    0.00    0.00    0.00   72.73
14:17:49       1   17.00    0.00    7.00    0.00    0.00    0.00    0.00    0.00    0.00   76.00
14:17:49       2   17.17    0.00    2.02    0.00    0.00    0.00    0.00    0.00    0.00   80.81
14:17:49       3   15.79    0.00    2.11    0.00    0.00    0.00    0.00    0.00    0.00   82.11

14:17:49     CPU    %usr   %nice    %sys %iowait    %irq   %soft  %steal  %guest  %gnice   %idle
14:17:50     all   18.34    0.00    5.03    0.00    0.00    0.00    0.00    0.00    0.00   76.63
14:17:50       0   14.43    0.00    6.19    0.00    0.00    0.00    0.00    0.00    0.00   79.38
14:17:50       1   15.46    0.00    6.19    0.00    0.00    0.00    0.00    0.00    0.00   78.35
14:17:50       2   19.00    0.00    4.00    0.00    0.00    0.00    0.00    0.00    0.00   77.00
14:17:50       3   24.04    0.00    3.85    0.00    0.00    0.00    0.00    0.00    0.00   72.12

14:17:50     CPU    %usr   %nice    %sys %iowait    %irq   %soft  %steal  %guest  %gnice   %idle
14:17:51     all   17.72    0.00    5.32    0.00    0.00    0.00    0.00    0.00    0.00   76.96
14:17:51       0   18.95    0.00    4.21    0.00    0.00    0.00    0.00    0.00    0.00   76.84
14:17:51       1   20.00    0.00    2.00    0.00    0.00    0.00    0.00    0.00    0.00   78.00
14:17:51       2   17.00    0.00    4.00    0.00    0.00    0.00    0.00    0.00    0.00   79.00
14:17:51       3   15.00    0.00   11.00    0.00    0.00    0.00    0.00    0.00    0.00   74.00

14:17:51     CPU    %usr   %nice    %sys %iowait    %irq   %soft  %steal  %guest  %gnice   %idle
14:17:52     all   18.37    0.00    4.08    0.00    0.00    0.00    0.00    0.00    0.00   77.55
14:17:52       0   17.53    0.00    5.15    0.00    0.00    0.00    0.00    0.00    0.00   77.32
14:17:52       1   16.33    0.00    3.06    0.00    0.00    0.00    0.00    0.00    0.00   80.61
14:17:52       2   14.58    0.00    5.21    0.00    0.00    0.00    0.00    0.00    0.00   80.21
14:17:52       3   24.75    0.00    2.97    0.00    0.00    0.00    0.00    0.00    0.00   72.28

14:17:52     CPU    %usr   %nice    %sys %iowait    %irq   %soft  %steal  %guest  %gnice   %idle
14:17:53     all   19.44    0.00    3.32    0.00    0.00    0.00    0.00    0.00    0.00   77.24
14:17:53       0   16.84    0.00    2.11    0.00    0.00    0.00    0.00    0.00    0.00   81.05
14:17:53       1   17.53    0.00    4.12    0.00    0.00    0.00    0.00    0.00    0.00   78.35
14:17:53       2   24.24    0.00    2.02    0.00    0.00    0.00    0.00    0.00    0.00   73.74
14:17:53       3   19.00    0.00    5.00    0.00    0.00    0.00    0.00    0.00    0.00   76.00

14:17:53     CPU    %usr   %nice    %sys %iowait    %irq   %soft  %steal  %guest  %gnice   %idle
14:17:54     all   18.58    0.00    5.60    0.00    0.00    0.00    0.00    0.00    0.00   75.83
14:17:54       0   19.79    0.00    4.17    0.00    0.00    0.00    0.00    0.00    0.00   76.04
14:17:54       1   17.00    0.00    9.00    0.00    0.00    0.00    0.00    0.00    0.00   74.00
14:17:54       2   23.00    0.00    4.00    0.00    0.00    0.00    0.00    0.00    0.00   73.00
14:17:54       3   14.43    0.00    5.15    0.00    0.00    0.00    0.00    0.00    0.00   80.41

14:17:54     CPU    %usr   %nice    %sys %iowait    %irq   %soft  %steal  %guest  %gnice   %idle
14:17:55     all   17.93    0.00    3.54    0.00    0.00    0.00    0.00    0.00    0.00   78.54
14:17:55       0   16.49    0.00    6.19    0.00    0.00    0.00    0.00    0.00    0.00   77.32
14:17:55       1   17.17    0.00    2.02    0.00    0.00    0.00    0.00    0.00    0.00   80.81
14:17:55       2   16.16    0.00    4.04    0.00    0.00    0.00    0.00    0.00    0.00   79.80
14:17:55       3   21.78    0.00    1.98    0.00    0.00    0.00    0.00    0.00    0.00   76.24

14:17:55     CPU    %usr   %nice    %sys %iowait    %irq   %soft  %steal  %guest  %gnice   %idle
14:17:56     all   18.69    0.00    4.29    0.00    0.00    0.00    0.00    0.00    0.00   77.02
14:17:56       0   17.53    0.00    8.25    0.00    0.00    0.00    0.00    0.00    0.00   74.23
14:17:56       1   25.00    0.00    3.00    0.00    0.00    0.00    0.00    0.00    0.00   72.00
14:17:56       2   14.14    0.00    3.03    0.00    0.00    0.00    0.00    0.00    0.00   82.83
14:17:56       3   18.00    0.00    3.00    0.00    0.00    0.00    0.00    0.00    0.00   79.00

14:17:56     CPU    %usr   %nice    %sys %iowait    %irq   %soft  %steal  %guest  %gnice   %idle
14:17:57     all   16.92    0.00    3.85    0.00    0.00    0.00    0.00    0.00    0.00   79.23
14:17:57       0   15.96    0.00    4.26    0.00    0.00    0.00    0.00    0.00    0.00   79.79
14:17:57       1   22.22    0.00    3.03    0.00    0.00    0.00    0.00    0.00    0.00   74.75
14:17:57       2   16.16    0.00    2.02    0.00    0.00    0.00    0.00    0.00    0.00   81.82
14:17:57       3   13.27    0.00    6.12    0.00    0.00    0.00    0.00    0.00    0.00   80.61

14:17:57     CPU    %usr   %nice    %sys %iowait    %irq   %soft  %steal  %guest  %gnice   %idle
14:17:58     all   18.43    0.00    4.29    0.00    0.00    0.00    0.00    0.00    0.00   77.27
14:17:58       0   22.45    0.00    3.06    0.00    0.00    0.00    0.00    0.00    0.00   74.49
14:17:58       1   15.62    0.00    5.21    0.00    0.00    0.00    0.00    0.00    0.00   79.17
14:17:58       2   17.65    0.00    2.94    0.00    0.00    0.00    0.00    0.00    0.00   79.41
14:17:58       3   18.00    0.00    6.00    0.00    0.00    0.00    0.00    0.00    0.00   76.00

14:17:58     CPU    %usr   %nice    %sys %iowait    %irq   %soft  %steal  %guest  %gnice   %idle
14:17:59     all   18.46    0.00    3.08    0.00    0.00    0.00    0.00    0.00    0.00   78.46
14:17:59       0   18.37    0.00    4.08    0.00    0.00    0.00    0.00    0.00    0.00   77.55
14:17:59       1   21.21    0.00    2.02    0.00    0.00    0.00    0.00    0.00    0.00   76.77
14:17:59       2   18.37    0.00    1.02    0.00    0.00    0.00    0.00    0.00    0.00   80.61
14:17:59       3   15.79    0.00    5.26    0.00    0.00    0.00    0.00    0.00    0.00   78.95

14:17:59     CPU    %usr   %nice    %sys %iowait    %irq   %soft  %steal  %guest  %gnice   %idle
14:18:00     all   16.71    0.00    5.57    0.00    0.00    0.00    0.00    0.00    0.00   77.72
14:18:00       0   17.17    0.00    4.04    0.00    0.00    0.00    0.00    0.00    0.00   78.79
14:18:00       1   16.00    0.00    3.00    0.00    0.00    0.00    0.00    0.00    0.00   81.00
14:18:00       2   12.12    0.00   10.10    0.00    0.00    0.00    0.00    0.00    0.00   77.78
14:18:00       3   21.65    0.00    5.15    0.00    0.00    0.00    0.00    0.00    0.00   73.20

14:18:00     CPU    %usr   %nice    %sys %iowait    %irq   %soft  %steal  %guest  %gnice   %idle
14:18:01     all    3.75    0.00    7.25    0.00    0.00    0.00    0.00    0.00    0.00   89.00
14:18:01       0    0.00    0.00    1.00    0.00    0.00    0.00    0.00    0.00    0.00   99.00
14:18:01       1    0.00    0.00    0.00    0.00    0.00    0.00    0.00    0.00    0.00  100.00
14:18:01       2    2.00    0.00   15.00    0.00    0.00    0.00    0.00    0.00    0.00   83.00
14:18:01       3   12.87    0.00   12.87    0.00    0.00    0.00    0.00    0.00    0.00   74.26

Average:     CPU    %usr   %nice    %sys %iowait    %irq   %soft  %steal  %guest  %gnice   %idle
Average:     all   18.10    0.00    4.54    0.00    0.00    0.00    0.00    0.00    0.00   77.36
Average:       0   17.83    0.00    4.60    0.01    0.00    0.00    0.00    0.00    0.00   77.57
Average:       1   18.10    0.00    4.41    0.00    0.00    0.00    0.00    0.00    0.00   77.48
Average:       2   17.88    0.00    4.68    0.00    0.00    0.00    0.00    0.00    0.00   77.44
Average:       3   18.60    0.00    4.47    0.00    0.00    0.00    0.00    0.00    0.00   76.94
