Linux 5.15.36-xilinx-v2022.2 (xilinx-zcu102-20222) 	09/06/26 	_aarch64_	(4 CPU)

15:07:26     CPU    %usr   %nice    %sys %iowait    %irq   %soft  %steal  %guest  %gnice   %idle
15:07:27     all    0.75    0.00    0.50    0.00    0.00    0.00    0.00    0.00    0.00   98.75
15:07:27       0    3.03    0.00    2.02    0.00    0.00    0.00    0.00    0.00    0.00   94.95
15:07:27       1    0.00    0.00    0.00    0.00    0.00    0.00    0.00    0.00    0.00  100.00
15:07:27       2    0.00    0.00    0.00    0.00    0.00    0.00    0.00    0.00    0.00  100.00
15:07:27       3    0.00    0.00    0.00    0.00    0.00    0.00    0.00    0.00    0.00  100.00

15:07:27     CPU    %usr   %nice    %sys %iowait    %irq   %soft  %steal  %guest  %gnice   %idle
15:07:28     all    0.00    0.00    0.75    0.00    0.00    0.00    0.00    0.00    0.00   99.25
15:07:28       0    0.00    0.00    0.00    0.00    0.00    0.00    0.00    0.00    0.00  100.00
15:07:28       1    0.00    0.00    0.00    0.00    0.00    0.00    0.00    0.00    0.00  100.00
15:07:28       2    0.00    0.00    3.00    0.00    0.00    0.00    0.00    0.00    0.00   97.00
15:07:28       3    0.00    0.00    0.00    0.00    0.00    0.00    0.00    0.00    0.00  100.00

15:07:28     CPU    %usr   %nice    %sys %iowait    %irq   %soft  %steal  %guest  %gnice   %idle
15:07:29     all   20.46    0.00   15.09    0.00    0.00    0.00    0.00    0.00    0.00   64.45
15:07:29       0   16.67    0.00   20.83    0.00    0.00    0.00    0.00    0.00    0.00   62.50
15:07:29       1    0.00    0.00    0.00    0.00    0.00    0.00    0.00    0.00    0.00  100.00
15:07:29       2    1.03    0.00    4.12    0.00    0.00    0.00    0.00    0.00    0.00   94.85
15:07:29       3   63.00    0.00   35.00    0.00    0.00    0.00    0.00    0.00    0.00    2.00

15:07:29     CPU    %usr   %nice    %sys %iowait    %irq   %soft  %steal  %guest  %gnice   %idle
15:07:30     all   16.45    0.00    7.20    0.00    0.00    0.00    0.00    0.00    0.00   76.35
15:07:30       0   18.95    0.00    1.05    0.00    0.00    0.00    0.00    0.00    0.00   80.00
15:07:30       1   15.31    0.00    5.10    0.00    0.00    0.00    0.00    0.00    0.00   79.59
15:07:30       2   17.53    0.00   14.43    0.00    0.00    0.00    0.00    0.00    0.00   68.04
15:07:30       3   14.14    0.00    8.08    0.00    0.00    0.00    0.00    0.00    0.00   77.78

15:07:30     CPU    %usr   %nice    %sys %iowait    %irq   %soft  %steal  %guest  %gnice   %idle
15:07:31     all   18.46    0.00    4.87    0.00    0.00    0.00    0.00    0.00    0.00   76.67
15:07:31       0   18.75    0.00    2.08    0.00    0.00    0.00    0.00    0.00    0.00   79.17
15:07:31       1   12.37    0.00    7.22    0.00    0.00    0.00    0.00    0.00    0.00   80.41
15:07:31       2   17.35    0.00    6.12    0.00    0.00    0.00    0.00    0.00    0.00   76.53
15:07:31       3   25.25    0.00    4.04    0.00    0.00    0.00    0.00    0.00    0.00   70.71

15:07:31     CPU    %usr   %nice    %sys %iowait    %irq   %soft  %steal  %guest  %gnice   %idle
15:07:32     all   17.17    0.00    6.06    0.00    0.00    0.00    0.00    0.00    0.00   76.77
15:07:32       0   15.15    0.00    4.04    0.00    0.00    0.00    0.00    0.00    0.00   80.81
15:07:32       1   16.83    0.00   11.88    0.00    0.00    0.00    0.00    0.00    0.00   71.29
15:07:32       2   20.41    0.00    3.06    0.00    0.00    0.00    0.00    0.00    0.00   76.53
15:07:32       3   16.33    0.00    5.10    0.00    0.00    0.00    0.00    0.00    0.00   78.57

15:07:32     CPU    %usr   %nice    %sys %iowait    %irq   %soft  %steal  %guest  %gnice   %idle
15:07:33     all   17.22    0.00    5.66    0.00    0.00    0.00    0.00    0.00    0.00   77.12
15:07:33       0   19.79    0.00    4.17    0.00    0.00    0.00    0.00    0.00    0.00   76.04
15:07:33       1   14.14    0.00    4.04    0.00    0.00    0.00    0.00    0.00    0.00   81.82
15:07:33       2   14.58    0.00   11.46    0.00    0.00    0.00    0.00    0.00    0.00   73.96
15:07:33       3   20.41    0.00    3.06    0.00    0.00    0.00    0.00    0.00    0.00   76.53

15:07:33     CPU    %usr   %nice    %sys %iowait    %irq   %soft  %steal  %guest  %gnice   %idle
15:07:34     all   18.58    0.00    6.11    0.00    0.00    0.00    0.00    0.00    0.00   75.32
15:07:34       0   19.39    0.00    8.16    0.00    0.00    0.00    0.00    0.00    0.00   72.45
15:07:34       1   20.41    0.00    2.04    0.00    0.00    0.00    0.00    0.00    0.00   77.55
15:07:34       2    8.16    0.00   11.22    0.00    0.00    0.00    0.00    0.00    0.00   80.61
15:07:34       3   26.26    0.00    3.03    0.00    0.00    0.00    0.00    0.00    0.00   70.71

15:07:34     CPU    %usr   %nice    %sys %iowait    %irq   %soft  %steal  %guest  %gnice   %idle
15:07:35     all   18.43    0.00    5.30    0.00    0.00    0.00    0.00    0.00    0.00   76.26
15:07:35       0   15.15    0.00    8.08    0.00    0.00    0.00    0.00    0.00    0.00   76.77
15:07:35       1   18.00    0.00    4.00    0.00    0.00    0.00    0.00    0.00    0.00   78.00
15:07:35       2   22.68    0.00    2.06    0.00    0.00    0.00    0.00    0.00    0.00   75.26
15:07:35       3   18.00    0.00    7.00    0.00    0.00    0.00    0.00    0.00    0.00   75.00

15:07:35     CPU    %usr   %nice    %sys %iowait    %irq   %soft  %steal  %guest  %gnice   %idle
15:07:36     all   17.72    0.00    5.32    0.00    0.00    0.00    0.00    0.00    0.00   76.96
15:07:36       0   15.15    0.00    2.02    0.00    0.00    0.00    0.00    0.00    0.00   82.83
15:07:36       1   13.40    0.00    7.22    0.00    0.00    0.00    0.00    0.00    0.00   79.38
15:07:36       2   22.00    0.00    4.00    0.00    0.00    0.00    0.00    0.00    0.00   74.00
15:07:36       3   20.20    0.00    8.08    0.00    0.00    0.00    0.00    0.00    0.00   71.72

15:07:36     CPU    %usr   %nice    %sys %iowait    %irq   %soft  %steal  %guest  %gnice   %idle
15:07:37     all   20.15    0.00    5.87    0.00    0.00    0.00    0.00    0.00    0.00   73.98
15:07:37       0   17.89    0.00   12.63    0.00    0.00    0.00    0.00    0.00    0.00   69.47
15:07:37       1   19.61    0.00    5.88    0.00    0.00    0.00    0.00    0.00    0.00   74.51
15:07:37       2   19.39    0.00    3.06    0.00    0.00    0.00    0.00    0.00    0.00   77.55
15:07:37       3   23.71    0.00    2.06    0.00    0.00    0.00    0.00    0.00    0.00   74.23

15:07:37     CPU    %usr   %nice    %sys %iowait    %irq   %soft  %steal  %guest  %gnice   %idle
15:07:38     all   17.51    0.00    5.58    0.00    0.00    0.00    0.00    0.00    0.00   76.90
15:07:38       0   18.00    0.00    8.00    0.00    0.00    0.00    0.00    0.00    0.00   74.00
15:07:38       1   15.00    0.00    5.00    0.00    0.00    0.00    0.00    0.00    0.00   80.00
15:07:38       2   19.59    0.00    4.12    0.00    0.00    0.00    0.00    0.00    0.00   76.29
15:07:38       3   17.53    0.00    5.15    0.00    0.00    0.00    0.00    0.00    0.00   77.32

15:07:38     CPU    %usr   %nice    %sys %iowait    %irq   %soft  %steal  %guest  %gnice   %idle
15:07:39     all   17.01    0.00    4.31    0.00    0.00    0.00    0.00    0.00    0.00   78.68
15:07:39       0   13.54    0.00    6.25    0.00    0.00    0.00    0.00    0.00    0.00   80.21
15:07:39       1   16.00    0.00    7.00    0.00    0.00    0.00    0.00    0.00    0.00   77.00
15:07:39       2   24.00    0.00    1.00    0.00    0.00    0.00    0.00    0.00    0.00   75.00
15:07:39       3   14.29    0.00    3.06    0.00    0.00    0.00    0.00    0.00    0.00   82.65

15:07:39     CPU    %usr   %nice    %sys %iowait    %irq   %soft  %steal  %guest  %gnice   %idle
15:07:40     all   20.71    0.00    5.30    0.00    0.00    0.00    0.00    0.00    0.00   73.99
15:07:40       0   22.22    0.00    6.06    0.00    0.00    0.00    0.00    0.00    0.00   71.72
15:07:40       1   22.45    0.00    2.04    0.00    0.00    0.00    0.00    0.00    0.00   75.51
15:07:40       2   18.18    0.00    7.07    0.00    0.00    0.00    0.00    0.00    0.00   74.75
15:07:40       3   20.00    0.00    6.00    0.00    0.00    0.00    0.00    0.00    0.00   74.00

15:07:40     CPU    %usr   %nice    %sys %iowait    %irq   %soft  %steal  %guest  %gnice   %idle
15:07:41     all   16.07    0.00    4.08    0.00    0.00    0.00    0.00    0.00    0.00   79.85
15:07:41       0   13.54    0.00    6.25    0.00    0.00    0.00    0.00    0.00    0.00   80.21
15:07:41       1   17.35    0.00    4.08    0.00    0.00    0.00    0.00    0.00    0.00   78.57
15:07:41       2   16.16    0.00    2.02    0.00    0.00    0.00    0.00    0.00    0.00   81.82
15:07:41       3   17.17    0.00    4.04    0.00    0.00    0.00    0.00    0.00    0.00   78.79

15:07:41     CPU    %usr   %nice    %sys %iowait    %irq   %soft  %steal  %guest  %gnice   %idle
15:07:42     all   20.30    0.00    4.57    0.00    0.00    0.00    0.00    0.00    0.00   75.13
15:07:42       0   20.00    0.00    7.00    0.00    0.00    0.00    0.00    0.00    0.00   73.00
15:07:42       1   23.00    0.00    3.00    0.00    0.00    0.00    0.00    0.00    0.00   74.00
15:07:42       2   16.67    0.00    4.17    0.00    0.00    0.00    0.00    0.00    0.00   79.17
15:07:42       3   21.43    0.00    4.08    0.00    0.00    0.00    0.00    0.00    0.00   74.49

15:07:42     CPU    %usr   %nice    %sys %iowait    %irq   %soft  %steal  %guest  %gnice   %idle
15:07:43     all   18.56    0.00    3.35    0.00    0.00    0.00    0.00    0.00    0.00   78.09
15:07:43       0   18.95    0.00    3.16    0.00    0.00    0.00    0.00    0.00    0.00   77.89
15:07:43       1   18.56    0.00    3.09    0.00    0.00    0.00    0.00    0.00    0.00   78.35
15:07:43       2   18.56    0.00    5.15    0.00    0.00    0.00    0.00    0.00    0.00   76.29
15:07:43       3   18.18    0.00    2.02    0.00    0.00    0.00    0.00    0.00    0.00   79.80

15:07:43     CPU    %usr   %nice    %sys %iowait    %irq   %soft  %steal  %guest  %gnice   %idle
15:07:44     all   19.08    0.00    5.34    0.00    0.00    0.00    0.00    0.00    0.00   75.57
15:07:44       0   20.62    0.00    2.06    0.00    0.00    0.00    0.00    0.00    0.00   77.32
15:07:44       1   18.00    0.00    5.00    0.00    0.00    0.00    0.00    0.00    0.00   77.00
15:07:44       2   18.37    0.00    4.08    0.00    0.00    0.00    0.00    0.00    0.00   77.55
15:07:44       3   19.39    0.00   10.20    0.00    0.00    0.00    0.00    0.00    0.00   70.41

15:07:44     CPU    %usr   %nice    %sys %iowait    %irq   %soft  %steal  %guest  %gnice   %idle
15:07:45     all   17.86    0.00    3.32    0.00    0.00    0.00    0.00    0.00    0.00   78.83
15:07:45       0   17.35    0.00    4.08    0.00    0.00    0.00    0.00    0.00    0.00   78.57
15:07:45       1   18.37    0.00    4.08    0.00    0.00    0.00    0.00    0.00    0.00   77.55
15:07:45       2   15.62    0.00    1.04    0.00    0.00    0.00    0.00    0.00    0.00   83.33
15:07:45       3   20.00    0.00    4.00    0.00    0.00    0.00    0.00    0.00    0.00   76.00

15:07:45     CPU    %usr   %nice    %sys %iowait    %irq   %soft  %steal  %guest  %gnice   %idle
15:07:46     all   18.93    0.00    3.84    0.00    0.00    0.00    0.00    0.00    0.00   77.24
15:07:46       0   23.23    0.00    2.02    0.00    0.00    0.00    0.00    0.00    0.00   74.75
15:07:46       1   17.89    0.00    5.26    0.00    0.00    0.00    0.00    0.00    0.00   76.84
15:07:46       2   23.00    0.00    4.00    0.00    0.00    0.00    0.00    0.00    0.00   73.00
15:07:46       3   11.34    0.00    4.12    0.00    0.00    0.00    0.00    0.00    0.00   84.54

15:07:46     CPU    %usr   %nice    %sys %iowait    %irq   %soft  %steal  %guest  %gnice   %idle
15:07:47     all   18.88    0.00    5.10    0.00    0.00    0.00    0.00    0.00    0.00   76.02
15:07:47       0   24.49    0.00    2.04    0.00    0.00    0.00    0.00    0.00    0.00   73.47
15:07:47       1   16.49    0.00    8.25    0.00    0.00    0.00    0.00    0.00    0.00   75.26
15:07:47       2   16.33    0.00    8.16    0.00    0.00    0.00    0.00    0.00    0.00   75.51
15:07:47       3   18.18    0.00    2.02    0.00    0.00    0.00    0.00    0.00    0.00   79.80

15:07:47     CPU    %usr   %nice    %sys %iowait    %irq   %soft  %steal  %guest  %gnice   %idle
15:07:48     all   17.22    0.00    5.32    0.00    0.00    0.00    0.00    0.00    0.00   77.47
15:07:48       0   20.62    0.00    2.06    0.00    0.00    0.00    0.00    0.00    0.00   77.32
15:07:48       1   16.16    0.00    1.01    0.00    0.00    0.00    0.00    0.00    0.00   82.83
15:07:48       2   16.16    0.00    8.08    0.00    0.00    0.00    0.00    0.00    0.00   75.76
15:07:48       3   16.00    0.00   10.00    0.00    0.00    0.00    0.00    0.00    0.00   74.00

15:07:48     CPU    %usr   %nice    %sys %iowait    %irq   %soft  %steal  %guest  %gnice   %idle
15:07:49     all   18.11    0.00    4.34    0.00    0.00    0.00    0.00    0.00    0.00   77.55
15:07:49       0   13.54    0.00    9.38    0.00    0.00    0.00    0.00    0.00    0.00   77.08
15:07:49       1   20.62    0.00    0.00    0.00    0.00    0.00    0.00    0.00    0.00   79.38
15:07:49       2   19.80    0.00    3.96    0.00    0.00    0.00    0.00    0.00    0.00   76.24
15:07:49       3   18.37    0.00    4.08    0.00    0.00    0.00    0.00    0.00    0.00   77.55

15:07:49     CPU    %usr   %nice    %sys %iowait    %irq   %soft  %steal  %guest  %gnice   %idle
15:07:50     all   18.46    0.00    5.13    0.00    0.00    0.00    0.00    0.00    0.00   76.41
15:07:50       0   19.79    0.00    3.12    0.00    0.00    0.00    0.00    0.00    0.00   77.08
15:07:50       1   16.00    0.00    1.00    0.00    0.00    0.00    0.00    0.00    0.00   83.00
15:07:50       2   17.71    0.00   10.42    0.00    0.00    0.00    0.00    0.00    0.00   71.88
15:07:50       3   20.41    0.00    6.12    0.00    0.00    0.00    0.00    0.00    0.00   73.47

15:07:50     CPU    %usr   %nice    %sys %iowait    %irq   %soft  %steal  %guest  %gnice   %idle
15:07:51     all   18.67    0.00    3.84    0.00    0.00    0.00    0.00    0.00    0.00   77.49
15:07:51       0   16.49    0.00    4.12    0.00    0.00    0.00    0.00    0.00    0.00   79.38
15:07:51       1   17.17    0.00    4.04    0.00    0.00    0.00    0.00    0.00    0.00   78.79
15:07:51       2   21.43    0.00    5.10    0.00    0.00    0.00    0.00    0.00    0.00   73.47
15:07:51       3   19.59    0.00    2.06    0.00    0.00    0.00    0.00    0.00    0.00   78.35

15:07:51     CPU    %usr   %nice    %sys %iowait    %irq   %soft  %steal  %guest  %gnice   %idle
15:07:52     all   18.78    0.00    4.82    0.00    0.00    0.00    0.00    0.00    0.00   76.40
15:07:52       0   16.84    0.00    3.16    0.00    0.00    0.00    0.00    0.00    0.00   80.00
15:07:52       1   17.00    0.00    7.00    0.00    0.00    0.00    0.00    0.00    0.00   76.00
15:07:52       2   24.24    0.00    5.05    0.00    0.00    0.00    0.00    0.00    0.00   70.71
15:07:52       3   17.00    0.00    4.00    0.00    0.00    0.00    0.00    0.00    0.00   79.00

15:07:52     CPU    %usr   %nice    %sys %iowait    %irq   %soft  %steal  %guest  %gnice   %idle
15:07:53     all   18.07    0.00    5.69    0.00    0.00    0.00    0.00    0.00    0.00   76.24
15:07:53       0   14.14    0.00    6.06    0.00    0.00    0.00    0.00    0.00    0.00   79.80
15:07:53       1   19.19    0.00    4.04    0.00    0.00    0.00    0.00    0.00    0.00   76.77
15:07:53       2   21.15    0.00    0.96    0.00    0.00    0.00    0.00    0.00    0.00   77.88
15:07:53       3   17.65    0.00   11.76    0.00    0.00    0.00    0.00    0.00    0.00   70.59

15:07:53     CPU    %usr   %nice    %sys %iowait    %irq   %soft  %steal  %guest  %gnice   %idle
15:07:54     all   19.40    0.00    4.53    0.00    0.00    0.00    0.00    0.00    0.00   76.07
15:07:54       0   24.74    0.00    3.09    0.00    0.00    0.00    0.00    0.00    0.00   72.16
15:07:54       1   21.00    0.00    3.00    0.00    0.00    0.00    0.00    0.00    0.00   76.00
15:07:54       2   14.14    0.00    6.06    0.00    0.00    0.00    0.00    0.00    0.00   79.80
15:07:54       3   17.82    0.00    5.94    0.00    0.00    0.00    0.00    0.00    0.00   76.24

15:07:54     CPU    %usr   %nice    %sys %iowait    %irq   %soft  %steal  %guest  %gnice   %idle
15:07:55     all   19.59    0.00    3.82    0.00    0.00    0.00    0.00    0.00    0.00   76.59
15:07:55       0   21.43    0.00    4.08    0.00    0.00    0.00    0.00    0.00    0.00   74.49
15:07:55       1   19.39    0.00    3.06    0.00    0.00    0.00    0.00    0.00    0.00   77.55
15:07:55       2   18.37    0.00    3.06    0.00    0.00    0.00    0.00    0.00    0.00   78.57
15:07:55       3   19.19    0.00    5.05    0.00    0.00    0.00    0.00    0.00    0.00   75.76

15:07:55     CPU    %usr   %nice    %sys %iowait    %irq   %soft  %steal  %guest  %gnice   %idle
15:07:56     all   18.41    0.00    5.12    0.00    0.00    0.00    0.00    0.00    0.00   76.47
15:07:56       0   19.59    0.00    5.15    0.00    0.00    0.00    0.00    0.00    0.00   75.26
15:07:56       1   16.16    0.00    3.03    0.00    0.00    0.00    0.00    0.00    0.00   80.81
15:07:56       2   16.33    0.00    9.18    0.00    0.00    0.00    0.00    0.00    0.00   74.49
15:07:56       3   21.65    0.00    3.09    0.00    0.00    0.00    0.00    0.00    0.00   75.26

15:07:56     CPU    %usr   %nice    %sys %iowait    %irq   %soft  %steal  %guest  %gnice   %idle
15:07:57     all   20.20    0.00    3.54    0.00    0.00    0.00    0.00    0.00    0.00   76.26
15:07:57       0   19.19    0.00    5.05    0.00    0.00    0.00    0.00    0.00    0.00   75.76
15:07:57       1   24.00    0.00    2.00    0.00    0.00    0.00    0.00    0.00    0.00   74.00
15:07:57       2   18.18    0.00    2.02    0.00    0.00    0.00    0.00    0.00    0.00   79.80
15:07:57       3   19.39    0.00    5.10    0.00    0.00    0.00    0.00    0.00    0.00   75.51

15:07:57     CPU    %usr   %nice    %sys %iowait    %irq   %soft  %steal  %guest  %gnice   %idle
15:07:58     all   15.99    0.00    6.09    0.00    0.00    0.00    0.00    0.00    0.00   77.92
15:07:58       0   17.53    0.00    5.15    0.00    0.00    0.00    0.00    0.00    0.00   77.32
15:07:58       1   18.00    0.00    1.00    0.00    0.00    0.00    0.00    0.00    0.00   81.00
15:07:58       2   12.50    0.00    7.29    0.00    0.00    0.00    0.00    0.00    0.00   80.21
15:07:58       3   15.84    0.00   10.89    0.00    0.00    0.00    0.00    0.00    0.00   73.27

15:07:58     CPU    %usr   %nice    %sys %iowait    %irq   %soft  %steal  %guest  %gnice   %idle
15:07:59     all   20.26    0.00    4.62    0.00    0.00    0.00    0.00    0.00    0.00   75.13
15:07:59       0   21.65    0.00    6.19    0.00    0.00    0.00    0.00    0.00    0.00   72.16
15:07:59       1   18.56    0.00    5.15    0.00    0.00    0.00    0.00    0.00    0.00   76.29
15:07:59       2   19.19    0.00    2.02    0.00    0.00    0.00    0.00    0.00    0.00   78.79
15:07:59       3   21.65    0.00    5.15    0.00    0.00    0.00    0.00    0.00    0.00   73.20

15:07:59     CPU    %usr   %nice    %sys %iowait    %irq   %soft  %steal  %guest  %gnice   %idle
15:08:00     all   18.25    0.00    3.86    0.00    0.00    0.00    0.00    0.00    0.00   77.89
15:08:00       0   23.96    0.00    1.04    0.00    0.00    0.00    0.00    0.00    0.00   75.00
15:08:00       1   20.20    0.00    1.01    0.00    0.00    0.00    0.00    0.00    0.00   78.79
15:08:00       2   11.58    0.00   10.53    0.00    0.00    0.00    0.00    0.00    0.00   77.89
15:08:00       3   17.17    0.00    3.03    0.00    0.00    0.00    0.00    0.00    0.00   79.80

15:08:00     CPU    %usr   %nice    %sys %iowait    %irq   %soft  %steal  %guest  %gnice   %idle
15:08:01     all   16.79    0.00    5.09    0.00    0.00    0.00    0.00    0.00    0.00   78.12
15:08:01       0   18.95    0.00    2.11    0.00    0.00    0.00    0.00    0.00    0.00   78.95
15:08:01       1   19.39    0.00    8.16    0.00    0.00    0.00    0.00    0.00    0.00   72.45
15:08:01       2   14.14    0.00    7.07    0.00    0.00    0.00    0.00    0.00    0.00   78.79
15:08:01       3   14.85    0.00    2.97    0.00    0.00    0.00    0.00    0.00    0.00   82.18

15:08:01     CPU    %usr   %nice    %sys %iowait    %irq   %soft  %steal  %guest  %gnice   %idle
15:08:02     all   20.00    0.00    5.06    0.00    0.00    0.00    0.00    0.00    0.00   74.94
15:08:02       0   23.23    0.00    4.04    0.00    0.00    0.00    0.00    0.00    0.00   72.73
15:08:02       1   17.00    0.00    8.00    0.00    0.00    0.00    0.00    0.00    0.00   75.00
15:08:02       2   16.49    0.00    1.03    0.00    0.00    0.00    0.00    0.00    0.00   82.47
15:08:02       3   23.23    0.00    7.07    0.00    0.00    0.00    0.00    0.00    0.00   69.70

15:08:02     CPU    %usr   %nice    %sys %iowait    %irq   %soft  %steal  %guest  %gnice   %idle
15:08:03     all   17.84    0.00    5.78    0.00    0.00    0.00    0.00    0.00    0.00   76.38
15:08:03       0   17.35    0.00    6.12    0.00    0.00    0.00    0.00    0.00    0.00   76.53
15:08:03       1   19.61    0.00    8.82    0.00    0.00    0.00    0.00    0.00    0.00   71.57
15:08:03       2   15.31    0.00    2.04    0.00    0.00    0.00    0.00    0.00    0.00   82.65
15:08:03       3   19.00    0.00    6.00    0.00    0.00    0.00    0.00    0.00    0.00   75.00

15:08:03     CPU    %usr   %nice    %sys %iowait    %irq   %soft  %steal  %guest  %gnice   %idle
15:08:04     all   19.08    0.00    5.09    0.00    0.00    0.00    0.00    0.00    0.00   75.83
15:08:04       0   17.35    0.00    5.10    0.00    0.00    0.00    0.00    0.00    0.00   77.55
15:08:04       1   19.79    0.00    7.29    0.00    0.00    0.00    0.00    0.00    0.00   72.92
15:08:04       2   19.19    0.00    4.04    0.00    0.00    0.00    0.00    0.00    0.00   76.77
15:08:04       3   20.00    0.00    4.00    0.00    0.00    0.00    0.00    0.00    0.00   76.00

15:08:04     CPU    %usr   %nice    %sys %iowait    %irq   %soft  %steal  %guest  %gnice   %idle
15:08:05     all   17.47    0.00    4.56    0.00    0.00    0.00    0.00    0.00    0.00   77.97
15:08:05       0   14.58    0.00    3.12    0.00    0.00    0.00    0.00    0.00    0.00   82.29
15:08:05       1   19.00    0.00    4.00    0.00    0.00    0.00    0.00    0.00    0.00   77.00
15:08:05       2   20.20    0.00    7.07    0.00    0.00    0.00    0.00    0.00    0.00   72.73
15:08:05       3   16.00    0.00    4.00    0.00    0.00    0.00    0.00    0.00    0.00   80.00

15:08:05     CPU    %usr   %nice    %sys %iowait    %irq   %soft  %steal  %guest  %gnice   %idle
15:08:06     all   18.53    0.00    4.57    0.00    0.00    0.00    0.00    0.00    0.00   76.90
15:08:06       0   23.71    0.00    5.15    0.00    0.00    0.00    0.00    0.00    0.00   71.13
15:08:06       1   19.00    0.00    6.00    0.00    0.00    0.00    0.00    0.00    0.00   75.00
15:08:06       2   14.14    0.00    4.04    0.00    0.00    0.00    0.00    0.00    0.00   81.82
15:08:06       3   17.35    0.00    3.06    0.00    0.00    0.00    0.00    0.00    0.00   79.59

15:08:06     CPU    %usr   %nice    %sys %iowait    %irq   %soft  %steal  %guest  %gnice   %idle
15:08:07     all   20.05    0.00    4.57    0.00    0.00    0.00    0.00    0.00    0.00   75.38
15:08:07       0   22.68    0.00    7.22    0.00    0.00    0.00    0.00    0.00    0.00   70.10
15:08:07       1   24.24    0.00    3.03    0.00    0.00    0.00    0.00    0.00    0.00   72.73
15:08:07       2   14.14    0.00    1.01    0.00    0.00    0.00    0.00    0.00    0.00   84.85
15:08:07       3   19.19    0.00    7.07    0.00    0.00    0.00    0.00    0.00    0.00   73.74

15:08:07     CPU    %usr   %nice    %sys %iowait    %irq   %soft  %steal  %guest  %gnice   %idle
15:08:08     all   17.44    0.00    4.36    0.00    0.00    0.00    0.00    0.00    0.00   78.21
15:08:08       0   16.49    0.00    3.09    0.00    0.00    0.00    0.00    0.00    0.00   80.41
15:08:08       1   14.74    0.00    5.26    0.00    0.00    0.00    0.00    0.00    0.00   80.00
15:08:08       2   18.00    0.00    2.00    0.00    0.00    0.00    0.00    0.00    0.00   80.00
15:08:08       3   20.41    0.00    7.14    0.00    0.00    0.00    0.00    0.00    0.00   72.45

15:08:08     CPU    %usr   %nice    %sys %iowait    %irq   %soft  %steal  %guest  %gnice   %idle
15:08:09     all   18.72    0.00    3.59    0.00    0.00    0.00    0.00    0.00    0.00   77.69
15:08:09       0   20.41    0.00    3.06    0.00    0.00    0.00    0.00    0.00    0.00   76.53
15:08:09       1   15.62    0.00    5.21    0.00    0.00    0.00    0.00    0.00    0.00   79.17
15:08:09       2   20.41    0.00    0.00    0.00    0.00    0.00    0.00    0.00    0.00   79.59
15:08:09       3   18.37    0.00    6.12    0.00    0.00    0.00    0.00    0.00    0.00   75.51

15:08:09     CPU    %usr   %nice    %sys %iowait    %irq   %soft  %steal  %guest  %gnice   %idle
15:08:10     all   17.48    0.00    4.11    0.00    0.00    0.00    0.00    0.00    0.00   78.41
15:08:10       0   16.49    0.00    5.15    0.00    0.00    0.00    0.00    0.00    0.00   78.35
15:08:10       1   17.53    0.00    2.06    0.00    0.00    0.00    0.00    0.00    0.00   80.41
15:08:10       2   21.43    0.00    3.06    0.00    0.00    0.00    0.00    0.00    0.00   75.51
15:08:10       3   14.43    0.00    6.19    0.00    0.00    0.00    0.00    0.00    0.00   79.38

15:08:10     CPU    %usr   %nice    %sys %iowait    %irq   %soft  %steal  %guest  %gnice   %idle
15:08:11     all   19.54    0.00    5.08    0.00    0.00    0.00    0.00    0.00    0.00   75.38
15:08:11       0   19.39    0.00    7.14    0.00    0.00    0.00    0.00    0.00    0.00   73.47
15:08:11       1   17.17    0.00    1.01    0.00    0.00    0.00    0.00    0.00    0.00   81.82
15:08:11       2   19.00    0.00    8.00    0.00    0.00    0.00    0.00    0.00    0.00   73.00
15:08:11       3   22.68    0.00    4.12    0.00    0.00    0.00    0.00    0.00    0.00   73.20

15:08:11     CPU    %usr   %nice    %sys %iowait    %irq   %soft  %steal  %guest  %gnice   %idle
15:08:12     all   16.80    0.00    3.88    0.00    0.00    0.00    0.00    0.00    0.00   79.33
15:08:12       0   15.62    0.00    6.25    0.00    0.00    0.00    0.00    0.00    0.00   78.12
15:08:12       1   14.74    0.00    3.16    0.00    0.00    0.00    0.00    0.00    0.00   82.11
15:08:12       2   20.41    0.00    3.06    0.00    0.00    0.00    0.00    0.00    0.00   76.53
15:08:12       3   16.33    0.00    3.06    0.00    0.00    0.00    0.00    0.00    0.00   80.61

15:08:12     CPU    %usr   %nice    %sys %iowait    %irq   %soft  %steal  %guest  %gnice   %idle
15:08:13     all   17.56    0.00    4.58    0.00    0.00    0.00    0.00    0.00    0.00   77.86
15:08:13       0   18.56    0.00    3.09    0.00    0.00    0.00    0.00    0.00    0.00   78.35
15:08:13       1   18.18    0.00    1.01    0.00    0.00    0.00    0.00    0.00    0.00   80.81
15:08:13       2   17.35    0.00   10.20    0.00    0.00    0.00    0.00    0.00    0.00   72.45
15:08:13       3   16.16    0.00    4.04    0.00    0.00    0.00    0.00    0.00    0.00   79.80

15:08:13     CPU    %usr   %nice    %sys %iowait    %irq   %soft  %steal  %guest  %gnice   %idle
15:08:14     all   19.64    0.00    5.36    0.00    0.00    0.00    0.00    0.00    0.00   75.00
15:08:14       0   25.25    0.00    1.01    0.00    0.00    0.00    0.00    0.00    0.00   73.74
15:08:14       1   21.78    0.00    6.93    0.00    0.00    0.00    0.00    0.00    0.00   71.29
15:08:14       2   12.50    0.00    7.29    0.00    0.00    0.00    0.00    0.00    0.00   80.21
15:08:14       3   18.75    0.00    6.25    0.00    0.00    0.00    0.00    0.00    0.00   75.00

15:08:14     CPU    %usr   %nice    %sys %iowait    %irq   %soft  %steal  %guest  %gnice   %idle
15:08:15     all   18.30    0.00    5.01    0.00    0.00    0.00    0.00    0.00    0.00   76.69
15:08:15       0   22.22    0.00    2.02    0.00    0.00    0.00    0.00    0.00    0.00   75.76
15:08:15       1   16.83    0.00    2.97    0.00    0.00    0.00    0.00    0.00    0.00   80.20
15:08:15       2   13.13    0.00   13.13    0.00    0.00    0.00    0.00    0.00    0.00   73.74
15:08:15       3   21.00    0.00    2.00    0.00    0.00    0.00    0.00    0.00    0.00   77.00

15:08:15     CPU    %usr   %nice    %sys %iowait    %irq   %soft  %steal  %guest  %gnice   %idle
15:08:16     all   18.77    0.00    4.11    0.00    0.00    0.00    0.00    0.00    0.00   77.12
15:08:16       0   21.05    0.00    5.26    0.00    0.00    0.00    0.00    0.00    0.00   73.68
15:08:16       1   14.58    0.00    4.17    0.00    0.00    0.00    0.00    0.00    0.00   81.25
15:08:16       2   20.41    0.00    4.08    0.00    0.00    0.00    0.00    0.00    0.00   75.51
15:08:16       3   19.00    0.00    3.00    0.00    0.00    0.00    0.00    0.00    0.00   78.00

15:08:16     CPU    %usr   %nice    %sys %iowait    %irq   %soft  %steal  %guest  %gnice   %idle
15:08:17     all   18.16    0.00    4.60    0.00    0.00    0.00    0.00    0.00    0.00   77.24
15:08:17       0   16.67    0.00    6.25    0.00    0.00    0.00    0.00    0.00    0.00   77.08
15:08:17       1   18.56    0.00    5.15    0.00    0.00    0.00    0.00    0.00    0.00   76.29
15:08:17       2   18.81    0.00    3.96    0.00    0.00    0.00    0.00    0.00    0.00   77.23
15:08:17       3   18.56    0.00    3.09    0.00    0.00    0.00    0.00    0.00    0.00   78.35

15:08:17     CPU    %usr   %nice    %sys %iowait    %irq   %soft  %steal  %guest  %gnice   %idle
15:08:18     all   17.47    0.00    4.56    0.00    0.00    0.00    0.00    0.00    0.00   77.97
15:08:18       0   16.49    0.00    3.09    0.00    0.00    0.00    0.00    0.00    0.00   80.41
15:08:18       1   19.42    0.00    6.80    0.00    0.00    0.00    0.00    0.00    0.00   73.79
15:08:18       2   16.33    0.00    8.16    0.00    0.00    0.00    0.00    0.00    0.00   75.51
15:08:18       3   17.53    0.00    0.00    0.00    0.00    0.00    0.00    0.00    0.00   82.47

15:08:18     CPU    %usr   %nice    %sys %iowait    %irq   %soft  %steal  %guest  %gnice   %idle
15:08:19     all   20.30    0.00    4.82    0.00    0.00    0.00    0.00    0.00    0.00   74.87
15:08:19       0   18.56    0.00    4.12    0.00    0.00    0.00    0.00    0.00    0.00   77.32
15:08:19       1   21.43    0.00    5.10    0.00    0.00    0.00    0.00    0.00    0.00   73.47
15:08:19       2   21.21    0.00    7.07    0.00    0.00    0.00    0.00    0.00    0.00   71.72
15:08:19       3   20.00    0.00    3.00    0.00    0.00    0.00    0.00    0.00    0.00   77.00

15:08:19     CPU    %usr   %nice    %sys %iowait    %irq   %soft  %steal  %guest  %gnice   %idle
15:08:20     all   15.68    0.00    3.08    0.00    0.00    0.00    0.00    0.00    0.00   81.23
15:08:20       0   17.71    0.00    2.08    0.00    0.00    0.00    0.00    0.00    0.00   80.21
15:08:20       1   17.17    0.00    6.06    0.00    0.00    0.00    0.00    0.00    0.00   76.77
15:08:20       2   12.24    0.00    2.04    0.00    0.00    0.00    0.00    0.00    0.00   85.71
15:08:20       3   15.62    0.00    2.08    0.00    0.00    0.00    0.00    0.00    0.00   82.29

15:08:20     CPU    %usr   %nice    %sys %iowait    %irq   %soft  %steal  %guest  %gnice   %idle
15:08:21     all   20.61    0.00    5.09    0.00    0.00    0.00    0.00    0.00    0.00   74.30
15:08:21       0   19.79    0.00    8.33    0.00    0.00    0.00    0.00    0.00    0.00   71.88
15:08:21       1   19.19    0.00    4.04    0.00    0.00    0.00    0.00    0.00    0.00   76.77
15:08:21       2   27.27    0.00    1.01    0.00    0.00    0.00    0.00    0.00    0.00   71.72
15:08:21       3   16.16    0.00    7.07    0.00    0.00    0.00    0.00    0.00    0.00   76.77

15:08:21     CPU    %usr   %nice    %sys %iowait    %irq   %soft  %steal  %guest  %gnice   %idle
15:08:22     all   18.93    0.00    4.60    0.00    0.00    0.00    0.00    0.00    0.00   76.47
15:08:22       0   17.89    0.00    6.32    0.00    0.00    0.00    0.00    0.00    0.00   75.79
15:08:22       1   17.35    0.00    7.14    0.00    0.00    0.00    0.00    0.00    0.00   75.51
15:08:22       2   24.00    0.00    2.00    0.00    0.00    0.00    0.00    0.00    0.00   74.00
15:08:22       3   16.33    0.00    3.06    0.00    0.00    0.00    0.00    0.00    0.00   80.61

15:08:22     CPU    %usr   %nice    %sys %iowait    %irq   %soft  %steal  %guest  %gnice   %idle
15:08:23     all   18.34    0.00    4.27    0.00    0.00    0.00    0.00    0.00    0.00   77.39
15:08:23       0   18.18    0.00    6.06    0.00    0.00    0.00    0.00    0.00    0.00   75.76
15:08:23       1   19.39    0.00    8.16    0.00    0.00    0.00    0.00    0.00    0.00   72.45
15:08:23       2   15.15    0.00    0.00    0.00    0.00    0.00    0.00    0.00    0.00   84.85
15:08:23       3   20.59    0.00    2.94    0.00    0.00    0.00    0.00    0.00    0.00   76.47

15:08:23     CPU    %usr   %nice    %sys %iowait    %irq   %soft  %steal  %guest  %gnice   %idle
15:08:24     all   19.08    0.00    4.33    0.00    0.00    0.00    0.00    0.00    0.00   76.59
15:08:24       0   20.41    0.00    5.10    0.00    0.00    0.00    0.00    0.00    0.00   74.49
15:08:24       1   17.53    0.00    7.22    0.00    0.00    0.00    0.00    0.00    0.00   75.26
15:08:24       2   19.39    0.00    1.02    0.00    0.00    0.00    0.00    0.00    0.00   79.59
15:08:24       3   19.00    0.00    4.00    0.00    0.00    0.00    0.00    0.00    0.00   77.00

15:08:24     CPU    %usr   %nice    %sys %iowait    %irq   %soft  %steal  %guest  %gnice   %idle
15:08:25     all   20.92    0.00    4.08    0.00    0.00    0.00    0.00    0.00    0.00   75.00
15:08:25       0   19.59    0.00    3.09    0.00    0.00    0.00    0.00    0.00    0.00   77.32
15:08:25       1   20.00    0.00    8.00    0.00    0.00    0.00    0.00    0.00    0.00   72.00
15:08:25       2   27.00    0.00    1.00    0.00    0.00    0.00    0.00    0.00    0.00   72.00
15:08:25       3   16.84    0.00    4.21    0.00    0.00    0.00    0.00    0.00    0.00   78.95

15:08:25     CPU    %usr   %nice    %sys %iowait    %irq   %soft  %steal  %guest  %gnice   %idle
15:08:26     all   16.41    0.00    5.05    0.00    0.00    0.00    0.00    0.00    0.00   78.54
15:08:26       0   16.49    0.00    8.25    0.00    0.00    0.00    0.00    0.00    0.00   75.26
15:08:26       1   14.14    0.00    6.06    0.00    0.00    0.00    0.00    0.00    0.00   79.80
15:08:26       2   17.00    0.00    2.00    0.00    0.00    0.00    0.00    0.00    0.00   81.00
15:08:26       3   18.00    0.00    4.00    0.00    0.00    0.00    0.00    0.00    0.00   78.00

15:08:26     CPU    %usr   %nice    %sys %iowait    %irq   %soft  %steal  %guest  %gnice   %idle
15:08:27     all   19.24    0.00    4.56    0.00    0.00    0.00    0.00    0.00    0.00   76.20
15:08:27       0   16.49    0.00    4.12    0.00    0.00    0.00    0.00    0.00    0.00   79.38
15:08:27       1   21.21    0.00    4.04    0.00    0.00    0.00    0.00    0.00    0.00   74.75
15:08:27       2   21.43    0.00    4.08    0.00    0.00    0.00    0.00    0.00    0.00   74.49
15:08:27       3   17.82    0.00    5.94    0.00    0.00    0.00    0.00    0.00    0.00   76.24

15:08:27     CPU    %usr   %nice    %sys %iowait    %irq   %soft  %steal  %guest  %gnice   %idle
15:08:28     all   19.29    0.00    4.31    0.00    0.00    0.00    0.00    0.00    0.00   76.40
15:08:28       0   22.11    0.00    4.21    0.00    0.00    0.00    0.00    0.00    0.00   73.68
15:08:28       1   15.84    0.00    8.91    0.00    0.00    0.00    0.00    0.00    0.00   75.25
15:08:28       2   20.20    0.00    0.00    0.00    0.00    0.00    0.00    0.00    0.00   79.80
15:08:28       3   19.19    0.00    4.04    0.00    0.00    0.00    0.00    0.00    0.00   76.77

15:08:28     CPU    %usr   %nice    %sys %iowait    %irq   %soft  %steal  %guest  %gnice   %idle
15:08:29     all   18.37    0.00    4.08    0.00    0.00    0.00    0.00    0.00    0.00   77.55
15:08:29       0   20.41    0.00    5.10    0.00    0.00    0.00    0.00    0.00    0.00   74.49
15:08:29       1   14.14    0.00    3.03    0.00    0.00    0.00    0.00    0.00    0.00   82.83
15:08:29       2   15.46    0.00    7.22    0.00    0.00    0.00    0.00    0.00    0.00   77.32
15:08:29       3   23.47    0.00    1.02    0.00    0.00    0.00    0.00    0.00    0.00   75.51

15:08:29     CPU    %usr   %nice    %sys %iowait    %irq   %soft  %steal  %guest  %gnice   %idle
15:08:30     all   20.25    0.00    5.19    0.00    0.00    0.00    0.00    0.00    0.00   74.57
15:08:30       0   19.19    0.00    3.03    0.00    0.00    0.00    0.00    0.00    0.00   77.78
15:08:30       1   20.00    0.00    7.00    0.00    0.00    0.00    0.00    0.00    0.00   73.00
15:08:30       2   18.63    0.00    2.94    0.00    0.00    0.00    0.00    0.00    0.00   78.43
15:08:30       3   23.08    0.00    7.69    0.00    0.00    0.00    0.00    0.00    0.00   69.23

15:08:30     CPU    %usr   %nice    %sys %iowait    %irq   %soft  %steal  %guest  %gnice   %idle
15:08:31     all   18.16    0.00    4.60    0.00    0.00    0.00    0.00    0.00    0.00   77.24
15:08:31       0   17.53    0.00    3.09    0.00    0.00    0.00    0.00    0.00    0.00   79.38
15:08:31       1   20.62    0.00    1.03    0.00    0.00    0.00    0.00    0.00    0.00   78.35
15:08:31       2   14.43    0.00    6.19    0.00    0.00    0.00    0.00    0.00    0.00   79.38
15:08:31       3   20.00    0.00    8.00    0.00    0.00    0.00    0.00    0.00    0.00   72.00

15:08:31     CPU    %usr   %nice    %sys %iowait    %irq   %soft  %steal  %guest  %gnice   %idle
15:08:32     all   17.51    0.00    5.33    0.00    0.00    0.00    0.00    0.00    0.00   77.16
15:08:32       0   15.46    0.00    1.03    0.00    0.00    0.00    0.00    0.00    0.00   83.51
15:08:32       1   20.00    0.00    5.00    0.00    0.00    0.00    0.00    0.00    0.00   75.00
15:08:32       2   17.17    0.00    9.09    0.00    0.00    0.00    0.00    0.00    0.00   73.74
15:08:32       3   17.35    0.00    6.12    0.00    0.00    0.00    0.00    0.00    0.00   76.53

15:08:32     CPU    %usr   %nice    %sys %iowait    %irq   %soft  %steal  %guest  %gnice   %idle
15:08:33     all   18.07    0.00    5.09    0.00    0.00    0.00    0.00    0.00    0.00   76.84
15:08:33       0   17.53    0.00    3.09    0.00    0.00    0.00    0.00    0.00    0.00   79.38
15:08:33       1   16.33    0.00    6.12    0.00    0.00    0.00    0.00    0.00    0.00   77.55
15:08:33       2   16.16    0.00    7.07    0.00    0.00    0.00    0.00    0.00    0.00   76.77
15:08:33       3   22.22    0.00    4.04    0.00    0.00    0.00    0.00    0.00    0.00   73.74

15:08:33     CPU    %usr   %nice    %sys %iowait    %irq   %soft  %steal  %guest  %gnice   %idle
15:08:34     all   19.02    0.00    4.63    0.00    0.00    0.00    0.00    0.00    0.00   76.35
15:08:34       0   15.31    0.00    3.06    0.00    0.00    0.00    0.00    0.00    0.00   81.63
15:08:34       1   15.79    0.00   10.53    0.00    0.00    0.00    0.00    0.00    0.00   73.68
15:08:34       2   21.21    0.00    3.03    0.00    0.00    0.00    0.00    0.00    0.00   75.76
15:08:34       3   23.71    0.00    2.06    0.00    0.00    0.00    0.00    0.00    0.00   74.23

15:08:34     CPU    %usr   %nice    %sys %iowait    %irq   %soft  %steal  %guest  %gnice   %idle
15:08:35     all   19.59    0.00    4.12    0.00    0.00    0.00    0.00    0.00    0.00   76.29
15:08:35       0   19.35    0.00    3.23    0.00    0.00    0.00    0.00    0.00    0.00   77.42
15:08:35       1   19.00    0.00    6.00    0.00    0.00    0.00    0.00    0.00    0.00   75.00
15:08:35       2   21.88    0.00    5.21    0.00    0.00    0.00    0.00    0.00    0.00   72.92
15:08:35       3   18.18    0.00    2.02    0.00    0.00    0.00    0.00    0.00    0.00   79.80

15:08:35     CPU    %usr   %nice    %sys %iowait    %irq   %soft  %steal  %guest  %gnice   %idle
15:08:36     all   16.62    0.00    4.28    0.00    0.00    0.00    0.00    0.00    0.00   79.09
15:08:36       0   16.16    0.00    7.07    0.00    0.00    0.00    0.00    0.00    0.00   76.77
15:08:36       1   17.35    0.00    3.06    0.00    0.00    0.00    0.00    0.00    0.00   79.59
15:08:36       2   18.00    0.00    3.00    0.00    0.00    0.00    0.00    0.00    0.00   79.00
15:08:36       3   15.00    0.00    4.00    0.00    0.00    0.00    0.00    0.00    0.00   81.00

15:08:36     CPU    %usr   %nice    %sys %iowait    %irq   %soft  %steal  %guest  %gnice   %idle
15:08:37     all   20.25    0.00    5.06    0.00    0.00    0.00    0.00    0.00    0.00   74.68
15:08:37       0   18.56    0.00    5.15    0.00    0.00    0.00    0.00    0.00    0.00   76.29
15:08:37       1   19.39    0.00    4.08    0.00    0.00    0.00    0.00    0.00    0.00   76.53
15:08:37       2   21.78    0.00    6.93    0.00    0.00    0.00    0.00    0.00    0.00   71.29
15:08:37       3   21.21    0.00    4.04    0.00    0.00    0.00    0.00    0.00    0.00   74.75

15:08:37     CPU    %usr   %nice    %sys %iowait    %irq   %soft  %steal  %guest  %gnice   %idle
15:08:38     all   17.84    0.00    5.03    0.00    0.00    0.00    0.00    0.00    0.00   77.14
15:08:38       0   18.18    0.00    7.07    0.00    0.00    0.00    0.00    0.00    0.00   74.75
15:08:38       1   18.81    0.00    2.97    0.00    0.00    0.00    0.00    0.00    0.00   78.22
15:08:38       2   20.41    0.00    1.02    0.00    0.00    0.00    0.00    0.00    0.00   78.57
15:08:38       3   14.00    0.00    9.00    0.00    0.00    0.00    0.00    0.00    0.00   77.00

15:08:38     CPU    %usr   %nice    %sys %iowait    %irq   %soft  %steal  %guest  %gnice   %idle
15:08:39     all   20.36    0.00    2.84    0.00    0.00    0.00    0.00    0.00    0.00   76.80
15:08:39       0   23.71    0.00    3.09    0.00    0.00    0.00    0.00    0.00    0.00   73.20
15:08:39       1   20.20    0.00    1.01    0.00    0.00    0.00    0.00    0.00    0.00   78.79
15:08:39       2   22.68    0.00    3.09    0.00    0.00    0.00    0.00    0.00    0.00   74.23
15:08:39       3   14.74    0.00    4.21    0.00    0.00    0.00    0.00    0.00    0.00   81.05

15:08:39     CPU    %usr   %nice    %sys %iowait    %irq   %soft  %steal  %guest  %gnice   %idle
15:08:40     all   19.75    0.00    4.30    0.00    0.00    0.00    0.00    0.00    0.00   75.95
15:08:40       0   17.71    0.00    9.38    0.00    0.00    0.00    0.00    0.00    0.00   72.92
15:08:40       1   20.79    0.00    0.99    0.00    0.00    0.00    0.00    0.00    0.00   78.22
15:08:40       2   22.68    0.00    2.06    0.00    0.00    0.00    0.00    0.00    0.00   75.26
15:08:40       3   17.82    0.00    4.95    0.00    0.00    0.00    0.00    0.00    0.00   77.23

15:08:40     CPU    %usr   %nice    %sys %iowait    %irq   %soft  %steal  %guest  %gnice   %idle
15:08:41     all   16.20    0.00    4.37    0.00    0.00    0.00    0.00    0.00    0.00   79.43
15:08:41       0   14.74    0.00    5.26    0.00    0.00    0.00    0.00    0.00    0.00   80.00
15:08:41       1   16.16    0.00    3.03    0.00    0.00    0.00    0.00    0.00    0.00   80.81
15:08:41       2   15.15    0.00    4.04    0.00    0.00    0.00    0.00    0.00    0.00   80.81
15:08:41       3   18.75    0.00    5.21    0.00    0.00    0.00    0.00    0.00    0.00   76.04

15:08:41     CPU    %usr   %nice    %sys %iowait    %irq   %soft  %steal  %guest  %gnice   %idle
15:08:42     all   19.23    0.00    3.85    0.00    0.00    0.00    0.00    0.00    0.00   76.92
15:08:42       0   22.45    0.00    2.04    0.00    0.00    0.00    0.00    0.00    0.00   75.51
15:08:42       1   21.65    0.00    5.15    0.00    0.00    0.00    0.00    0.00    0.00   73.20
15:08:42       2   14.58    0.00    4.17    0.00    0.00    0.00    0.00    0.00    0.00   81.25
15:08:42       3   18.18    0.00    4.04    0.00    0.00    0.00    0.00    0.00    0.00   77.78

15:08:42     CPU    %usr   %nice    %sys %iowait    %irq   %soft  %steal  %guest  %gnice   %idle
15:08:43     all   18.67    0.00    4.60    0.00    0.00    0.00    0.00    0.00    0.00   76.73
15:08:43       0   17.71    0.00    2.08    0.00    0.00    0.00    0.00    0.00    0.00   80.21
15:08:43       1   18.37    0.00    6.12    0.00    0.00    0.00    0.00    0.00    0.00   75.51
15:08:43       2   19.19    0.00    4.04    0.00    0.00    0.00    0.00    0.00    0.00   76.77
15:08:43       3   19.39    0.00    6.12    0.00    0.00    0.00    0.00    0.00    0.00   74.49

15:08:43     CPU    %usr   %nice    %sys %iowait    %irq   %soft  %steal  %guest  %gnice   %idle
15:08:44     all   16.92    0.00    5.38    0.00    0.00    0.00    0.00    0.00    0.00   77.69
15:08:44       0   14.43    0.00    5.15    0.00    0.00    0.00    0.00    0.00    0.00   80.41
15:08:44       1   13.40    0.00    8.25    0.00    0.00    0.00    0.00    0.00    0.00   78.35
15:08:44       2   17.53    0.00    0.00    0.00    0.00    0.00    0.00    0.00    0.00   82.47
15:08:44       3   22.22    0.00    8.08    0.00    0.00    0.00    0.00    0.00    0.00   69.70

15:08:44     CPU    %usr   %nice    %sys %iowait    %irq   %soft  %steal  %guest  %gnice   %idle
15:08:45     all   18.16    0.00    4.60    0.00    0.00    0.00    0.00    0.00    0.00   77.24
15:08:45       0   15.05    0.00    4.30    0.00    0.00    0.00    0.00    0.00    0.00   80.65
15:08:45       1   20.41    0.00    5.10    0.00    0.00    0.00    0.00    0.00    0.00   74.49
15:08:45       2   14.43    0.00    4.12    0.00    0.00    0.00    0.00    0.00    0.00   81.44
15:08:45       3   22.33    0.00    4.85    0.00    0.00    0.00    0.00    0.00    0.00   72.82

15:08:45     CPU    %usr   %nice    %sys %iowait    %irq   %soft  %steal  %guest  %gnice   %idle
15:08:46     all   17.90    0.00    5.12    0.00    0.00    0.00    0.00    0.00    0.00   76.98
15:08:46       0   23.16    0.00    4.21    0.00    0.00    0.00    0.00    0.00    0.00   72.63
15:08:46       1   15.31    0.00    9.18    0.00    0.00    0.00    0.00    0.00    0.00   75.51
15:08:46       2   12.12    0.00    4.04    0.00    0.00    0.00    0.00    0.00    0.00   83.84
15:08:46       3   21.21    0.00    3.03    0.00    0.00    0.00    0.00    0.00    0.00   75.76

15:08:46     CPU    %usr   %nice    %sys %iowait    %irq   %soft  %steal  %guest  %gnice   %idle
15:08:47     all   20.30    0.00    4.31    0.00    0.00    0.00    0.00    0.00    0.00   75.38
15:08:47       0   20.20    0.00    4.04    0.00    0.00    0.00    0.00    0.00    0.00   75.76
15:08:47       1   19.39    0.00    4.08    0.00    0.00    0.00    0.00    0.00    0.00   76.53
15:08:47       2   17.00    0.00    5.00    0.00    0.00    0.00    0.00    0.00    0.00   78.00
15:08:47       3   24.74    0.00    4.12    0.00    0.00    0.00    0.00    0.00    0.00   71.13

15:08:47     CPU    %usr   %nice    %sys %iowait    %irq   %soft  %steal  %guest  %gnice   %idle
15:08:48     all   18.16    0.00    4.73    0.00    0.00    0.00    0.00    0.00    0.00   77.11
15:08:48       0   19.61    0.00    7.84    0.00    0.00    0.00    0.00    0.00    0.00   72.55
15:08:48       1   18.37    0.00    4.08    0.00    0.00    0.00    0.00    0.00    0.00   77.55
15:08:48       2   17.17    0.00    5.05    0.00    0.00    0.00    0.00    0.00    0.00   77.78
15:08:48       3   17.48    0.00    1.94    0.00    0.00    0.00    0.00    0.00    0.00   80.58

15:08:48     CPU    %usr   %nice    %sys %iowait    %irq   %soft  %steal  %guest  %gnice   %idle
15:08:49     all   19.02    0.00    4.88    0.00    0.00    0.00    0.00    0.00    0.00   76.09
15:08:49       0   20.62    0.00    8.25    0.00    0.00    0.00    0.00    0.00    0.00   71.13
15:08:49       1   21.65    0.00    1.03    0.00    0.00    0.00    0.00    0.00    0.00   77.32
15:08:49       2   20.00    0.00    4.00    0.00    0.00    0.00    0.00    0.00    0.00   76.00
15:08:49       3   13.68    0.00    6.32    0.00    0.00    0.00    0.00    0.00    0.00   80.00

15:08:49     CPU    %usr   %nice    %sys %iowait    %irq   %soft  %steal  %guest  %gnice   %idle
15:08:50     all   17.18    0.00    5.64    0.00    0.00    0.00    0.00    0.00    0.00   77.18
15:08:50       0   13.68    0.00    4.21    0.00    0.00    0.00    0.00    0.00    0.00   82.11
15:08:50       1   18.75    0.00    5.21    0.00    0.00    0.00    0.00    0.00    0.00   76.04
15:08:50       2   16.33    0.00    7.14    0.00    0.00    0.00    0.00    0.00    0.00   76.53
15:08:50       3   19.80    0.00    5.94    0.00    0.00    0.00    0.00    0.00    0.00   74.26

15:08:50     CPU    %usr   %nice    %sys %iowait    %irq   %soft  %steal  %guest  %gnice   %idle
15:08:51     all   17.81    0.00    4.33    0.00    0.00    0.00    0.00    0.00    0.00   77.86
15:08:51       0   14.29    0.00   12.24    0.00    0.00    0.00    0.00    0.00    0.00   73.47
15:08:51       1   21.21    0.00    1.01    0.00    0.00    0.00    0.00    0.00    0.00   77.78
15:08:51       2   18.37    0.00    2.04    0.00    0.00    0.00    0.00    0.00    0.00   79.59
15:08:51       3   17.35    0.00    2.04    0.00    0.00    0.00    0.00    0.00    0.00   80.61

15:08:51     CPU    %usr   %nice    %sys %iowait    %irq   %soft  %steal  %guest  %gnice   %idle
15:08:52     all   19.10    0.00    5.78    0.00    0.00    0.00    0.00    0.00    0.00   75.13
15:08:52       0   15.79    0.00    6.32    0.00    0.00    0.00    0.00    0.00    0.00   77.89
15:08:52       1   17.82    0.00    5.94    0.00    0.00    0.00    0.00    0.00    0.00   76.24
15:08:52       2   20.00    0.00    4.00    0.00    0.00    0.00    0.00    0.00    0.00   76.00
15:08:52       3   22.55    0.00    6.86    0.00    0.00    0.00    0.00    0.00    0.00   70.59

15:08:52     CPU    %usr   %nice    %sys %iowait    %irq   %soft  %steal  %guest  %gnice   %idle
15:08:53     all   18.39    0.00    4.66    0.00    0.00    0.00    0.00    0.00    0.00   76.94
15:08:53       0   23.96    0.00    4.17    0.00    0.00    0.00    0.00    0.00    0.00   71.88
15:08:53       1   12.37    0.00    4.12    0.00    0.00    0.00    0.00    0.00    0.00   83.51
15:08:53       2   21.65    0.00    5.15    0.00    0.00    0.00    0.00    0.00    0.00   73.20
15:08:53       3   15.62    0.00    5.21    0.00    0.00    0.00    0.00    0.00    0.00   79.17

15:08:53     CPU    %usr   %nice    %sys %iowait    %irq   %soft  %steal  %guest  %gnice   %idle
15:08:54     all   19.13    0.00    3.57    0.00    0.00    0.00    0.00    0.00    0.00   77.30
15:08:54       0   22.68    0.00    4.12    0.00    0.00    0.00    0.00    0.00    0.00   73.20
15:08:54       1   17.17    0.00    3.03    0.00    0.00    0.00    0.00    0.00    0.00   79.80
15:08:54       2   17.00    0.00    4.00    0.00    0.00    0.00    0.00    0.00    0.00   79.00
15:08:54       3   19.79    0.00    3.12    0.00    0.00    0.00    0.00    0.00    0.00   77.08

15:08:54     CPU    %usr   %nice    %sys %iowait    %irq   %soft  %steal  %guest  %gnice   %idle
15:08:55     all   20.05    0.00    4.57    0.00    0.00    0.00    0.00    0.00    0.00   75.38
15:08:55       0   19.19    0.00    2.02    0.00    0.00    0.00    0.00    0.00    0.00   78.79
15:08:55       1   23.00    0.00    4.00    0.00    0.00    0.00    0.00    0.00    0.00   73.00
15:08:55       2   14.29    0.00    8.16    0.00    0.00    0.00    0.00    0.00    0.00   77.55
15:08:55       3   23.71    0.00    4.12    0.00    0.00    0.00    0.00    0.00    0.00   72.16

15:08:55     CPU    %usr   %nice    %sys %iowait    %irq   %soft  %steal  %guest  %gnice   %idle
15:08:56     all   16.79    0.00    5.85    0.00    0.00    0.00    0.00    0.00    0.00   77.35
15:08:56       0   15.31    0.00    6.12    0.00    0.00    0.00    0.00    0.00    0.00   78.57
15:08:56       1   13.40    0.00    7.22    0.00    0.00    0.00    0.00    0.00    0.00   79.38
15:08:56       2   20.41    0.00    2.04    0.00    0.00    0.00    0.00    0.00    0.00   77.55
15:08:56       3   18.00    0.00    8.00    0.00    0.00    0.00    0.00    0.00    0.00   74.00

15:08:56     CPU    %usr   %nice    %sys %iowait    %irq   %soft  %steal  %guest  %gnice   %idle
15:08:57     all   18.25    0.00    4.11    0.00    0.00    0.00    0.00    0.00    0.00   77.63
15:08:57       0   17.35    0.00    4.08    0.00    0.00    0.00    0.00    0.00    0.00   78.57
15:08:57       1   22.92    0.00    3.12    0.00    0.00    0.00    0.00    0.00    0.00   73.96
15:08:57       2   17.53    0.00    4.12    0.00    0.00    0.00    0.00    0.00    0.00   78.35
15:08:57       3   15.31    0.00    5.10    0.00    0.00    0.00    0.00    0.00    0.00   79.59

15:08:57     CPU    %usr   %nice    %sys %iowait    %irq   %soft  %steal  %guest  %gnice   %idle
15:08:58     all   18.67    0.00    4.60    0.00    0.00    0.00    0.00    0.00    0.00   76.73
15:08:58       0   17.53    0.00    6.19    0.00    0.00    0.00    0.00    0.00    0.00   76.29
15:08:58       1   21.21    0.00    2.02    0.00    0.00    0.00    0.00    0.00    0.00   76.77
15:08:58       2   21.43    0.00    3.06    0.00    0.00    0.00    0.00    0.00    0.00   75.51
15:08:58       3   14.43    0.00    7.22    0.00    0.00    0.00    0.00    0.00    0.00   78.35

15:08:58     CPU    %usr   %nice    %sys %iowait    %irq   %soft  %steal  %guest  %gnice   %idle
15:08:59     all   21.52    0.00    4.81    0.00    0.00    0.00    0.00    0.00    0.00   73.67
15:08:59       0   14.58    0.00    9.38    0.00    0.00    0.00    0.00    0.00    0.00   76.04
15:08:59       1   29.00    0.00    2.00    0.00    0.00    0.00    0.00    0.00    0.00   69.00
15:08:59       2   22.22    0.00    2.02    0.00    0.00    0.00    0.00    0.00    0.00   75.76
15:08:59       3   20.00    0.00    6.00    0.00    0.00    0.00    0.00    0.00    0.00   74.00

15:08:59     CPU    %usr   %nice    %sys %iowait    %irq   %soft  %steal  %guest  %gnice   %idle
15:09:00     all   16.88    0.00    3.78    0.00    0.00    0.00    0.00    0.00    0.00   79.35
15:09:00       0   15.62    0.00    5.21    0.00    0.00    0.00    0.00    0.00    0.00   79.17
15:09:00       1   18.18    0.00    0.00    0.00    0.00    0.00    0.00    0.00    0.00   81.82
15:09:00       2   18.63    0.00    7.84    0.00    0.00    0.00    0.00    0.00    0.00   73.53
15:09:00       3   15.00    0.00    2.00    0.00    0.00    0.00    0.00    0.00    0.00   83.00

15:09:00     CPU    %usr   %nice    %sys %iowait    %irq   %soft  %steal  %guest  %gnice   %idle
15:09:01     all   20.20    0.00    4.60    0.00    0.00    0.00    0.00    0.00    0.00   75.19
15:09:01       0   18.75    0.00    4.17    0.00    0.00    0.00    0.00    0.00    0.00   77.08
15:09:01       1   22.22    0.00    8.08    0.00    0.00    0.00    0.00    0.00    0.00   69.70
15:09:01       2   17.53    0.00    3.09    0.00    0.00    0.00    0.00    0.00    0.00   79.38
15:09:01       3   22.22    0.00    3.03    0.00    0.00    0.00    0.00    0.00    0.00   74.75

15:09:01     CPU    %usr   %nice    %sys %iowait    %irq   %soft  %steal  %guest  %gnice   %idle
15:09:02     all   18.89    0.00    5.79    0.00    0.00    0.00    0.00    0.00    0.00   75.31
15:09:02       0   20.41    0.00    3.06    0.00    0.00    0.00    0.00    0.00    0.00   76.53
15:09:02       1   18.00    0.00    7.00    0.00    0.00    0.00    0.00    0.00    0.00   75.00
15:09:02       2   22.00    0.00    3.00    0.00    0.00    0.00    0.00    0.00    0.00   75.00
15:09:02       3   15.15    0.00   10.10    0.00    0.00    0.00    0.00    0.00    0.00   74.75

15:09:02     CPU    %usr   %nice    %sys %iowait    %irq   %soft  %steal  %guest  %gnice   %idle
15:09:03     all   17.14    0.00    4.09    0.00    0.00    0.00    0.00    0.00    0.00   78.77
15:09:03       0   15.79    0.00    3.16    0.00    0.00    0.00    0.00    0.00    0.00   81.05
15:09:03       1   17.71    0.00    3.12    0.00    0.00    0.00    0.00    0.00    0.00   79.17
15:09:03       2   18.18    0.00    2.02    0.00    0.00    0.00    0.00    0.00    0.00   79.80
15:09:03       3   16.83    0.00    7.92    0.00    0.00    0.00    0.00    0.00    0.00   75.25

15:09:03     CPU    %usr   %nice    %sys %iowait    %irq   %soft  %steal  %guest  %gnice   %idle
15:09:04     all   20.66    0.00    3.83    0.00    0.00    0.00    0.00    0.00    0.00   75.51
15:09:04       0   21.43    0.00    1.02    0.00    0.00    0.00    0.00    0.00    0.00   77.55
15:09:04       1   20.83    0.00    5.21    0.00    0.00    0.00    0.00    0.00    0.00   73.96
15:09:04       2   20.00    0.00    2.00    0.00    0.00    0.00    0.00    0.00    0.00   78.00
15:09:04       3   20.41    0.00    7.14    0.00    0.00    0.00    0.00    0.00    0.00   72.45

15:09:04     CPU    %usr   %nice    %sys %iowait    %irq   %soft  %steal  %guest  %gnice   %idle
15:09:05     all   18.39    0.00    3.63    0.00    0.00    0.00    0.00    0.00    0.00   77.98
15:09:05       0   18.95    0.00    1.05    0.00    0.00    0.00    0.00    0.00    0.00   80.00
15:09:05       1   15.62    0.00    6.25    0.00    0.00    0.00    0.00    0.00    0.00   78.12
15:09:05       2   19.19    0.00    3.03    0.00    0.00    0.00    0.00    0.00    0.00   77.78
15:09:05       3   19.79    0.00    4.17    0.00    0.00    0.00    0.00    0.00    0.00   76.04

15:09:05     CPU    %usr   %nice    %sys %iowait    %irq   %soft  %steal  %guest  %gnice   %idle
15:09:06     all   17.56    0.00    4.07    0.00    0.00    0.00    0.00    0.00    0.00   78.37
15:09:06       0   19.39    0.00    1.02    0.00    0.00    0.00    0.00    0.00    0.00   79.59
15:09:06       1   21.21    0.00    5.05    0.00    0.00    0.00    0.00    0.00    0.00   73.74
15:09:06       2   15.46    0.00   10.31    0.00    0.00    0.00    0.00    0.00    0.00   74.23
15:09:06       3   14.14    0.00    0.00    0.00    0.00    0.00    0.00    0.00    0.00   85.86

15:09:06     CPU    %usr   %nice    %sys %iowait    %irq   %soft  %steal  %guest  %gnice   %idle
15:09:07     all   17.51    0.00    5.58    0.00    0.00    0.00    0.00    0.00    0.00   76.90
15:09:07       0   19.59    0.00    6.19    0.00    0.00    0.00    0.00    0.00    0.00   74.23
15:09:07       1   16.16    0.00    8.08    0.00    0.00    0.00    0.00    0.00    0.00   75.76
15:09:07       2   18.18    0.00    2.02    0.00    0.00    0.00    0.00    0.00    0.00   79.80
15:09:07       3   16.16    0.00    6.06    0.00    0.00    0.00    0.00    0.00    0.00   77.78

15:09:07     CPU    %usr   %nice    %sys %iowait    %irq   %soft  %steal  %guest  %gnice   %idle
15:09:08     all   17.60    0.00    6.12    0.00    0.00    0.00    0.00    0.00    0.00   76.28
15:09:08       0   14.74    0.00    6.32    0.00    0.00    0.00    0.00    0.00    0.00   78.95
15:09:08       1   17.35    0.00    4.08    0.00    0.00    0.00    0.00    0.00    0.00   78.57
15:09:08       2   21.65    0.00    5.15    0.00    0.00    0.00    0.00    0.00    0.00   73.20
15:09:08       3   16.67    0.00    8.82    0.00    0.00    0.00    0.00    0.00    0.00   74.51

15:09:08     CPU    %usr   %nice    %sys %iowait    %irq   %soft  %steal  %guest  %gnice   %idle
15:09:09     all   18.83    0.00    3.31    0.00    0.00    0.00    0.00    0.00    0.00   77.86
15:09:09       0   17.53    0.00    6.19    0.00    0.00    0.00    0.00    0.00    0.00   76.29
15:09:09       1   20.79    0.00    2.97    0.00    0.00    0.00    0.00    0.00    0.00   76.24
15:09:09       2   19.59    0.00    2.06    0.00    0.00    0.00    0.00    0.00    0.00   78.35
15:09:09       3   17.35    0.00    2.04    0.00    0.00    0.00    0.00    0.00    0.00   80.61

15:09:09     CPU    %usr   %nice    %sys %iowait    %irq   %soft  %steal  %guest  %gnice   %idle
15:09:10     all   18.55    0.00    6.02    0.00    0.00    0.00    0.00    0.00    0.00   75.44
15:09:10       0   17.35    0.00   11.22    0.00    0.00    0.00    0.00    0.00    0.00   71.43
15:09:10       1   21.00    0.00    4.00    0.00    0.00    0.00    0.00    0.00    0.00   75.00
15:09:10       2   14.00    0.00    6.00    0.00    0.00    0.00    0.00    0.00    0.00   80.00
15:09:10       3   21.78    0.00    2.97    0.00    0.00    0.00    0.00    0.00    0.00   75.25

15:09:10     CPU    %usr   %nice    %sys %iowait    %irq   %soft  %steal  %guest  %gnice   %idle
15:09:11     all   18.35    0.00    4.65    0.00    0.00    0.00    0.00    0.00    0.00   77.00
15:09:11       0   20.62    0.00    2.06    0.00    0.00    0.00    0.00    0.00    0.00   77.32
15:09:11       1   15.62    0.00    8.33    0.00    0.00    0.00    0.00    0.00    0.00   76.04
15:09:11       2   18.37    0.00    5.10    0.00    0.00    0.00    0.00    0.00    0.00   76.53
15:09:11       3   18.75    0.00    3.12    0.00    0.00    0.00    0.00    0.00    0.00   78.12

15:09:11     CPU    %usr   %nice    %sys %iowait    %irq   %soft  %steal  %guest  %gnice   %idle
15:09:12     all   17.30    0.00    4.33    0.00    0.00    0.00    0.00    0.00    0.00   78.37
15:09:12       0   21.65    0.00    4.12    0.00    0.00    0.00    0.00    0.00    0.00   74.23
15:09:12       1   12.12    0.00    0.00    0.00    0.00    0.00    0.00    0.00    0.00   87.88
15:09:12       2   18.37    0.00    4.08    0.00    0.00    0.00    0.00    0.00    0.00   77.55
15:09:12       3   17.17    0.00    9.09    0.00    0.00    0.00    0.00    0.00    0.00   73.74

15:09:12     CPU    %usr   %nice    %sys %iowait    %irq   %soft  %steal  %guest  %gnice   %idle
15:09:13     all   18.88    0.00    4.34    0.00    0.00    0.00    0.00    0.00    0.00   76.79
15:09:13       0   24.49    0.00    1.02    0.00    0.00    0.00    0.00    0.00    0.00   74.49
15:09:13       1   15.62    0.00    9.38    0.00    0.00    0.00    0.00    0.00    0.00   75.00
15:09:13       2   18.00    0.00    3.00    0.00    0.00    0.00    0.00    0.00    0.00   79.00
15:09:13       3   17.35    0.00    4.08    0.00    0.00    0.00    0.00    0.00    0.00   78.57

15:09:13     CPU    %usr   %nice    %sys %iowait    %irq   %soft  %steal  %guest  %gnice   %idle
15:09:14     all   19.74    0.00    5.64    0.00    0.00    0.00    0.00    0.00    0.00   74.62
15:09:14       0   26.73    0.00    0.99    0.00    0.00    0.00    0.00    0.00    0.00   72.28
15:09:14       1   14.29    0.00   14.29    0.00    0.00    0.00    0.00    0.00    0.00   71.43
15:09:14       2   18.75    0.00    1.04    0.00    0.00    0.00    0.00    0.00    0.00   80.21
15:09:14       3   18.95    0.00    6.32    0.00    0.00    0.00    0.00    0.00    0.00   74.74

15:09:14     CPU    %usr   %nice    %sys %iowait    %irq   %soft  %steal  %guest  %gnice   %idle
15:09:15     all   16.28    0.00    3.82    0.00    0.00    0.00    0.00    0.00    0.00   79.90
15:09:15       0   18.37    0.00    0.00    0.00    0.00    0.00    0.00    0.00    0.00   81.63
15:09:15       1   11.70    0.00    8.51    0.00    0.00    0.00    0.00    0.00    0.00   79.79
15:09:15       2   16.16    0.00    1.01    0.00    0.00    0.00    0.00    0.00    0.00   82.83
15:09:15       3   18.63    0.00    5.88    0.00    0.00    0.00    0.00    0.00    0.00   75.49

15:09:15     CPU    %usr   %nice    %sys %iowait    %irq   %soft  %steal  %guest  %gnice   %idle
15:09:16     all   19.74    0.00    4.36    0.00    0.00    0.00    0.00    0.00    0.00   75.90
15:09:16       0   20.62    0.00    1.03    0.00    0.00    0.00    0.00    0.00    0.00   78.35
15:09:16       1   20.41    0.00    5.10    0.00    0.00    0.00    0.00    0.00    0.00   74.49
15:09:16       2   14.58    0.00    5.21    0.00    0.00    0.00    0.00    0.00    0.00   80.21
15:09:16       3   23.23    0.00    6.06    0.00    0.00    0.00    0.00    0.00    0.00   70.71

15:09:16     CPU    %usr   %nice    %sys %iowait    %irq   %soft  %steal  %guest  %gnice   %idle
15:09:17     all   18.39    0.00    5.79    0.00    0.00    0.00    0.00    0.00    0.00   75.82
15:09:17       0   21.43    0.00    3.06    0.00    0.00    0.00    0.00    0.00    0.00   75.51
15:09:17       1   16.00    0.00    6.00    0.00    0.00    0.00    0.00    0.00    0.00   78.00
15:09:17       2   18.18    0.00    7.07    0.00    0.00    0.00    0.00    0.00    0.00   74.75
15:09:17       3   18.00    0.00    7.00    0.00    0.00    0.00    0.00    0.00    0.00   75.00

15:09:17     CPU    %usr   %nice    %sys %iowait    %irq   %soft  %steal  %guest  %gnice   %idle
15:09:18     all   16.88    0.00    5.29    0.00    0.00    0.00    0.00    0.00    0.00   77.83
15:09:18       0   19.59    0.00    3.09    0.00    0.00    0.00    0.00    0.00    0.00   77.32
15:09:18       1   14.71    0.00    8.82    0.00    0.00    0.00    0.00    0.00    0.00   76.47
15:09:18       2   20.00    0.00    5.00    0.00    0.00    0.00    0.00    0.00    0.00   75.00
15:09:18       3   13.27    0.00    4.08    0.00    0.00    0.00    0.00    0.00    0.00   82.65

15:09:18     CPU    %usr   %nice    %sys %iowait    %irq   %soft  %steal  %guest  %gnice   %idle
15:09:19     all   19.49    0.00    4.87    0.00    0.00    0.00    0.00    0.00    0.00   75.64
15:09:19       0   19.19    0.00    3.03    0.00    0.00    0.00    0.00    0.00    0.00   77.78
15:09:19       1   19.39    0.00    5.10    0.00    0.00    0.00    0.00    0.00    0.00   75.51
15:09:19       2   23.23    0.00    3.03    0.00    0.00    0.00    0.00    0.00    0.00   73.74
15:09:19       3   15.96    0.00    8.51    0.00    0.00    0.00    0.00    0.00    0.00   75.53

15:09:19     CPU    %usr   %nice    %sys %iowait    %irq   %soft  %steal  %guest  %gnice   %idle
15:09:20     all   18.55    0.00    5.51    0.00    0.00    0.00    0.00    0.00    0.00   75.94
15:09:20       0   11.46    0.00   10.42    0.00    0.00    0.00    0.00    0.00    0.00   78.12
15:09:20       1   19.00    0.00    2.00    0.00    0.00    0.00    0.00    0.00    0.00   79.00
15:09:20       2   18.18    0.00    3.03    0.00    0.00    0.00    0.00    0.00    0.00   78.79
15:09:20       3   25.00    0.00    6.73    0.00    0.00    0.00    0.00    0.00    0.00   68.27

15:09:20     CPU    %usr   %nice    %sys %iowait    %irq   %soft  %steal  %guest  %gnice   %idle
15:09:21     all   19.13    0.00    4.08    0.00    0.00    0.00    0.00    0.00    0.00   76.79
15:09:21       0   18.37    0.00    5.10    0.00    0.00    0.00    0.00    0.00    0.00   76.53
15:09:21       1   19.19    0.00    2.02    0.00    0.00    0.00    0.00    0.00    0.00   78.79
15:09:21       2   16.33    0.00    4.08    0.00    0.00    0.00    0.00    0.00    0.00   79.59
15:09:21       3   22.68    0.00    5.15    0.00    0.00    0.00    0.00    0.00    0.00   72.16

15:09:21     CPU    %usr   %nice    %sys %iowait    %irq   %soft  %steal  %guest  %gnice   %idle
15:09:22     all   19.80    0.00    5.51    0.00    0.00    0.00    0.00    0.00    0.00   74.69
15:09:22       0   20.62    0.00    4.12    0.00    0.00    0.00    0.00    0.00    0.00   75.26
15:09:22       1   18.00    0.00    8.00    0.00    0.00    0.00    0.00    0.00    0.00   74.00
15:09:22       2   19.00    0.00    6.00    0.00    0.00    0.00    0.00    0.00    0.00   75.00
15:09:22       3   21.57    0.00    3.92    0.00    0.00    0.00    0.00    0.00    0.00   74.51

15:09:22     CPU    %usr   %nice    %sys %iowait    %irq   %soft  %steal  %guest  %gnice   %idle
15:09:23     all   17.30    0.00    3.82    0.00    0.00    0.00    0.00    0.00    0.00   78.88
15:09:23       0   17.17    0.00    7.07    0.00    0.00    0.00    0.00    0.00    0.00   75.76
15:09:23       1   24.00    0.00    2.00    0.00    0.00    0.00    0.00    0.00    0.00   74.00
15:09:23       2   12.37    0.00    2.06    0.00    0.00    0.00    0.00    0.00    0.00   85.57
15:09:23       3   15.46    0.00    4.12    0.00    0.00    0.00    0.00    0.00    0.00   80.41

15:09:23     CPU    %usr   %nice    %sys %iowait    %irq   %soft  %steal  %guest  %gnice   %idle
15:09:24     all   19.39    0.00    3.83    0.00    0.00    0.00    0.00    0.00    0.00   76.79
15:09:24       0   19.19    0.00    4.04    0.00    0.00    0.00    0.00    0.00    0.00   76.77
15:09:24       1   21.21    0.00    1.01    0.00    0.00    0.00    0.00    0.00    0.00   77.78
15:09:24       2   20.41    0.00    6.12    0.00    0.00    0.00    0.00    0.00    0.00   73.47
15:09:24       3   16.67    0.00    4.17    0.00    0.00    0.00    0.00    0.00    0.00   79.17

15:09:24     CPU    %usr   %nice    %sys %iowait    %irq   %soft  %steal  %guest  %gnice   %idle
15:09:25     all   17.47    0.00    6.08    0.00    0.00    0.00    0.00    0.00    0.00   76.46
15:09:25       0   15.62    0.00    4.17    0.00    0.00    0.00    0.00    0.00    0.00   80.21
15:09:25       1   15.31    0.00    9.18    0.00    0.00    0.00    0.00    0.00    0.00   75.51
15:09:25       2   18.81    0.00    6.93    0.00    0.00    0.00    0.00    0.00    0.00   74.26
15:09:25       3   20.00    0.00    4.00    0.00    0.00    0.00    0.00    0.00    0.00   76.00

15:09:25     CPU    %usr   %nice    %sys %iowait    %irq   %soft  %steal  %guest  %gnice   %idle
15:09:26     all   17.14    0.00    3.90    0.00    0.00    0.00    0.00    0.00    0.00   78.96
15:09:26       0   18.09    0.00    3.19    0.00    0.00    0.00    0.00    0.00    0.00   78.72
15:09:26       1   17.53    0.00    2.06    0.00    0.00    0.00    0.00    0.00    0.00   80.41
15:09:26       2   16.33    0.00    2.04    0.00    0.00    0.00    0.00    0.00    0.00   81.63
15:09:26       3   16.67    0.00    8.33    0.00    0.00    0.00    0.00    0.00    0.00   75.00

15:09:26     CPU    %usr   %nice    %sys %iowait    %irq   %soft  %steal  %guest  %gnice   %idle
15:09:27     all   19.24    0.00    4.56    0.00    0.00    0.00    0.00    0.00    0.00   76.20
15:09:27       0   16.33    0.00    2.04    0.00    0.00    0.00    0.00    0.00    0.00   81.63
15:09:27       1   25.00    0.00    5.00    0.00    0.00    0.00    0.00    0.00    0.00   70.00
15:09:27       2   16.67    0.00    6.86    0.00    0.00    0.00    0.00    0.00    0.00   76.47
15:09:27       3   18.95    0.00    4.21    0.00    0.00    0.00    0.00    0.00    0.00   76.84

15:09:27     CPU    %usr   %nice    %sys %iowait    %irq   %soft  %steal  %guest  %gnice   %idle
15:09:28     all   17.05    0.00    4.83    0.00    0.00    0.00    0.00    0.00    0.00   78.12
15:09:28       0   12.50    0.00    3.12    0.00    0.00    0.00    0.00    0.00    0.00   84.38
15:09:28       1   18.18    0.00    2.02    0.00    0.00    0.00    0.00    0.00    0.00   79.80
15:09:28       2   17.35    0.00    4.08    0.00    0.00    0.00    0.00    0.00    0.00   78.57
15:09:28       3   20.00    0.00   10.00    0.00    0.00    0.00    0.00    0.00    0.00   70.00

15:09:28     CPU    %usr   %nice    %sys %iowait    %irq   %soft  %steal  %guest  %gnice   %idle
15:09:29     all   19.33    0.00    3.87    0.00    0.00    0.00    0.00    0.00    0.00   76.80
15:09:29       0   20.41    0.00    2.04    0.00    0.00    0.00    0.00    0.00    0.00   77.55
15:09:29       1   16.49    0.00    6.19    0.00    0.00    0.00    0.00    0.00    0.00   77.32
15:09:29       2   20.00    0.00    5.26    0.00    0.00    0.00    0.00    0.00    0.00   74.74
15:09:29       3   20.41    0.00    2.04    0.00    0.00    0.00    0.00    0.00    0.00   77.55

15:09:29     CPU    %usr   %nice    %sys %iowait    %irq   %soft  %steal  %guest  %gnice   %idle
15:09:30     all   17.77    0.00    3.30    0.00    0.00    0.00    0.00    0.00    0.00   78.93
15:09:30       0   15.46    0.00    2.06    0.00    0.00    0.00    0.00    0.00    0.00   82.47
15:09:30       1   18.18    0.00    4.04    0.00    0.00    0.00    0.00    0.00    0.00   77.78
15:09:30       2   14.43    0.00    4.12    0.00    0.00    0.00    0.00    0.00    0.00   81.44
15:09:30       3   22.77    0.00    2.97    0.00    0.00    0.00    0.00    0.00    0.00   74.26

15:09:30     CPU    %usr   %nice    %sys %iowait    %irq   %soft  %steal  %guest  %gnice   %idle
15:09:31     all   21.48    0.00    4.35    0.00    0.00    0.00    0.00    0.00    0.00   74.17
15:09:31       0   20.62    0.00    6.19    0.00    0.00    0.00    0.00    0.00    0.00   73.20
15:09:31       1   23.71    0.00    1.03    0.00    0.00    0.00    0.00    0.00    0.00   75.26
15:09:31       2   23.00    0.00    6.00    0.00    0.00    0.00    0.00    0.00    0.00   71.00
15:09:31       3   18.56    0.00    4.12    0.00    0.00    0.00    0.00    0.00    0.00   77.32

15:09:31     CPU    %usr   %nice    %sys %iowait    %irq   %soft  %steal  %guest  %gnice   %idle
15:09:32     all   16.71    0.00    4.30    0.00    0.00    0.00    0.00    0.00    0.00   78.99
15:09:32       0   18.75    0.00    2.08    0.00    0.00    0.00    0.00    0.00    0.00   79.17
15:09:32       1   14.85    0.00    2.97    0.00    0.00    0.00    0.00    0.00    0.00   82.18
15:09:32       2   16.16    0.00    6.06    0.00    0.00    0.00    0.00    0.00    0.00   77.78
15:09:32       3   17.17    0.00    6.06    0.00    0.00    0.00    0.00    0.00    0.00   76.77

15:09:32     CPU    %usr   %nice    %sys %iowait    %irq   %soft  %steal  %guest  %gnice   %idle
15:09:33     all   20.00    0.00    4.10    0.00    0.00    0.00    0.00    0.00    0.00   75.90
15:09:33       0   25.26    0.00    4.21    0.00    0.00    0.00    0.00    0.00    0.00   70.53
15:09:33       1   20.41    0.00    4.08    0.00    0.00    0.00    0.00    0.00    0.00   75.51
15:09:33       2   17.17    0.00    3.03    0.00    0.00    0.00    0.00    0.00    0.00   79.80
15:09:33       3   17.35    0.00    5.10    0.00    0.00    0.00    0.00    0.00    0.00   77.55

15:09:33     CPU    %usr   %nice    %sys %iowait    %irq   %soft  %steal  %guest  %gnice   %idle
15:09:34     all   17.56    0.00    4.83    0.00    0.00    0.00    0.00    0.00    0.00   77.61
15:09:34       0   17.53    0.00    5.15    0.00    0.00    0.00    0.00    0.00    0.00   77.32
15:09:34       1   15.46    0.00    5.15    0.00    0.00    0.00    0.00    0.00    0.00   79.38
15:09:34       2   17.00    0.00    4.00    0.00    0.00    0.00    0.00    0.00    0.00   79.00
15:09:34       3   20.20    0.00    5.05    0.00    0.00    0.00    0.00    0.00    0.00   74.75

15:09:34     CPU    %usr   %nice    %sys %iowait    %irq   %soft  %steal  %guest  %gnice   %idle
15:09:35     all   17.71    0.00    3.91    0.00    0.00    0.00    0.00    0.00    0.00   78.39
15:09:35       0   17.71    0.00    5.21    0.00    0.00    0.00    0.00    0.00    0.00   77.08
15:09:35       1   17.20    0.00    4.30    0.00    0.00    0.00    0.00    0.00    0.00   78.49
15:09:35       2   19.39    0.00    2.04    0.00    0.00    0.00    0.00    0.00    0.00   78.57
15:09:35       3   16.49    0.00    4.12    0.00    0.00    0.00    0.00    0.00    0.00   79.38

15:09:35     CPU    %usr   %nice    %sys %iowait    %irq   %soft  %steal  %guest  %gnice   %idle
15:09:36     all   18.48    0.00    4.05    0.00    0.00    0.00    0.00    0.00    0.00   77.47
15:09:36       0   19.19    0.00    7.07    0.00    0.00    0.00    0.00    0.00    0.00   73.74
15:09:36       1   19.39    0.00    5.10    0.00    0.00    0.00    0.00    0.00    0.00   75.51
15:09:36       2   13.13    0.00    2.02    0.00    0.00    0.00    0.00    0.00    0.00   84.85
15:09:36       3   22.22    0.00    2.02    0.00    0.00    0.00    0.00    0.00    0.00   75.76

15:09:36     CPU    %usr   %nice    %sys %iowait    %irq   %soft  %steal  %guest  %gnice   %idle
15:09:37     all   17.83    0.00    4.65    0.00    0.00    0.00    0.00    0.00    0.00   77.52
15:09:37       0   21.05    0.00    5.26    0.00    0.00    0.00    0.00    0.00    0.00   73.68
15:09:37       1   21.21    0.00    4.04    0.00    0.00    0.00    0.00    0.00    0.00   74.75
15:09:37       2   12.37    0.00    4.12    0.00    0.00    0.00    0.00    0.00    0.00   83.51
15:09:37       3   16.67    0.00    5.21    0.00    0.00    0.00    0.00    0.00    0.00   78.12

15:09:37     CPU    %usr   %nice    %sys %iowait    %irq   %soft  %steal  %guest  %gnice   %idle
15:09:38     all   18.58    0.00    4.83    0.00    0.00    0.00    0.00    0.00    0.00   76.59
15:09:38       0   19.79    0.00   10.42    0.00    0.00    0.00    0.00    0.00    0.00   69.79
15:09:38       1   20.41    0.00    3.06    0.00    0.00    0.00    0.00    0.00    0.00   76.53
15:09:38       2   18.81    0.00    2.97    0.00    0.00    0.00    0.00    0.00    0.00   78.22
15:09:38       3   15.31    0.00    3.06    0.00    0.00    0.00    0.00    0.00    0.00   81.63

15:09:38     CPU    %usr   %nice    %sys %iowait    %irq   %soft  %steal  %guest  %gnice   %idle
15:09:39     all   17.77    0.00    4.06    0.00    0.00    0.00    0.00    0.00    0.00   78.17
15:09:39       0   13.68    0.00    9.47    0.00    0.00    0.00    0.00    0.00    0.00   76.84
15:09:39       1   19.00    0.00    1.00    0.00    0.00    0.00    0.00    0.00    0.00   80.00
15:09:39       2   19.00    0.00    4.00    0.00    0.00    0.00    0.00    0.00    0.00   77.00
15:09:39       3   19.19    0.00    2.02    0.00    0.00    0.00    0.00    0.00    0.00   78.79

15:09:39     CPU    %usr   %nice    %sys %iowait    %irq   %soft  %steal  %guest  %gnice   %idle
15:09:40     all   19.49    0.00    4.56    0.00    0.00    0.00    0.00    0.00    0.00   75.95
15:09:40       0   17.82    0.00    4.95    0.00    0.00    0.00    0.00    0.00    0.00   77.23
15:09:40       1   23.23    0.00    6.06    0.00    0.00    0.00    0.00    0.00    0.00   70.71
15:09:40       2   19.59    0.00    5.15    0.00    0.00    0.00    0.00    0.00    0.00   75.26
15:09:40       3   17.35    0.00    2.04    0.00    0.00    0.00    0.00    0.00    0.00   80.61

15:09:40     CPU    %usr   %nice    %sys %iowait    %irq   %soft  %steal  %guest  %gnice   %idle
15:09:41     all   18.83    0.00    5.09    0.00    0.00    0.00    0.00    0.00    0.00   76.08
15:09:41       0   15.79    0.00    5.26    0.00    0.00    0.00    0.00    0.00    0.00   78.95
15:09:41       1   22.77    0.00    5.94    0.00    0.00    0.00    0.00    0.00    0.00   71.29
15:09:41       2   19.19    0.00    4.04    0.00    0.00    0.00    0.00    0.00    0.00   76.77
15:09:41       3   17.35    0.00    5.10    0.00    0.00    0.00    0.00    0.00    0.00   77.55

15:09:41     CPU    %usr   %nice    %sys %iowait    %irq   %soft  %steal  %guest  %gnice   %idle
15:09:42     all   17.26    0.00    4.57    0.00    0.00    0.00    0.00    0.00    0.00   78.17
15:09:42       0   13.40    0.00    7.22    0.00    0.00    0.00    0.00    0.00    0.00   79.38
15:09:42       1   19.19    0.00    4.04    0.00    0.00    0.00    0.00    0.00    0.00   76.77
15:09:42       2   19.00    0.00    5.00    0.00    0.00    0.00    0.00    0.00    0.00   76.00
15:09:42       3   17.35    0.00    2.04    0.00    0.00    0.00    0.00    0.00    0.00   80.61

15:09:42     CPU    %usr   %nice    %sys %iowait    %irq   %soft  %steal  %guest  %gnice   %idle
15:09:43     all   20.97    0.00    4.60    0.00    0.00    0.00    0.00    0.00    0.00   74.42
15:09:43       0   19.39    0.00    6.12    0.00    0.00    0.00    0.00    0.00    0.00   74.49
15:09:43       1   19.39    0.00    0.00    0.00    0.00    0.00    0.00    0.00    0.00   80.61
15:09:43       2   21.65    0.00    8.25    0.00    0.00    0.00    0.00    0.00    0.00   70.10
15:09:43       3   23.47    0.00    4.08    0.00    0.00    0.00    0.00    0.00    0.00   72.45

15:09:43     CPU    %usr   %nice    %sys %iowait    %irq   %soft  %steal  %guest  %gnice   %idle
15:09:44     all   17.39    0.00    4.35    0.00    0.00    0.00    0.00    0.00    0.00   78.26
15:09:44       0   19.59    0.00    2.06    0.00    0.00    0.00    0.00    0.00    0.00   78.35
15:09:44       1   18.18    0.00    1.01    0.00    0.00    0.00    0.00    0.00    0.00   80.81
15:09:44       2   12.77    0.00    8.51    0.00    0.00    0.00    0.00    0.00    0.00   78.72
15:09:44       3   18.81    0.00    5.94    0.00    0.00    0.00    0.00    0.00    0.00   75.25

15:09:44     CPU    %usr   %nice    %sys %iowait    %irq   %soft  %steal  %guest  %gnice   %idle
15:09:45     all   17.77    0.00    5.08    0.00    0.00    0.00    0.00    0.00    0.00   77.16
15:09:45       0   18.18    0.00    6.06    0.00    0.00    0.00    0.00    0.00    0.00   75.76
15:09:45       1   17.35    0.00    3.06    0.00    0.00    0.00    0.00    0.00    0.00   79.59
15:09:45       2   17.53    0.00    3.09    0.00    0.00    0.00    0.00    0.00    0.00   79.38
15:09:45       3   18.00    0.00    8.00    0.00    0.00    0.00    0.00    0.00    0.00   74.00

15:09:45     CPU    %usr   %nice    %sys %iowait    %irq   %soft  %steal  %guest  %gnice   %idle
15:09:46     all   17.01    0.00    4.57    0.00    0.00    0.00    0.00    0.00    0.00   78.43
15:09:46       0   14.58    0.00    5.21    0.00    0.00    0.00    0.00    0.00    0.00   80.21
15:09:46       1   19.39    0.00    6.12    0.00    0.00    0.00    0.00    0.00    0.00   74.49
15:09:46       2   16.00    0.00    5.00    0.00    0.00    0.00    0.00    0.00    0.00   79.00
15:09:46       3   18.00    0.00    2.00    0.00    0.00    0.00    0.00    0.00    0.00   80.00

15:09:46     CPU    %usr   %nice    %sys %iowait    %irq   %soft  %steal  %guest  %gnice   %idle
15:09:47     all   20.15    0.00    4.59    0.00    0.00    0.00    0.00    0.00    0.00   75.26
15:09:47       0   21.65    0.00    5.15    0.00    0.00    0.00    0.00    0.00    0.00   73.20
15:09:47       1   22.45    0.00    5.10    0.00    0.00    0.00    0.00    0.00    0.00   72.45
15:09:47       2   18.18    0.00    5.05    0.00    0.00    0.00    0.00    0.00    0.00   76.77
15:09:47       3   18.37    0.00    3.06    0.00    0.00    0.00    0.00    0.00    0.00   78.57

15:09:47     CPU    %usr   %nice    %sys %iowait    %irq   %soft  %steal  %guest  %gnice   %idle
15:09:48     all   16.37    0.00    4.79    0.00    0.00    0.00    0.00    0.00    0.00   78.84
15:09:48       0   18.37    0.00    4.08    0.00    0.00    0.00    0.00    0.00    0.00   77.55
15:09:48       1   16.00    0.00    4.00    0.00    0.00    0.00    0.00    0.00    0.00   80.00
15:09:48       2   16.00    0.00   10.00    0.00    0.00    0.00    0.00    0.00    0.00   74.00
15:09:48       3   15.15    0.00    1.01    0.00    0.00    0.00    0.00    0.00    0.00   83.84

15:09:48     CPU    %usr   %nice    %sys %iowait    %irq   %soft  %steal  %guest  %gnice   %idle
15:09:49     all   20.15    0.00    5.54    0.00    0.00    0.00    0.00    0.00    0.00   74.31
15:09:49       0   18.00    0.00    8.00    0.00    0.00    0.00    0.00    0.00    0.00   74.00
15:09:49       1   22.22    0.00    7.07    0.00    0.00    0.00    0.00    0.00    0.00   70.71
15:09:49       2   21.78    0.00    3.96    0.00    0.00    0.00    0.00    0.00    0.00   74.26
15:09:49       3   18.56    0.00    3.09    0.00    0.00    0.00    0.00    0.00    0.00   78.35

15:09:49     CPU    %usr   %nice    %sys %iowait    %irq   %soft  %steal  %guest  %gnice   %idle
15:09:50     all   17.86    0.00    3.57    0.00    0.00    0.00    0.00    0.00    0.00   78.57
15:09:50       0   20.41    0.00    4.08    0.00    0.00    0.00    0.00    0.00    0.00   75.51
15:09:50       1   13.27    0.00    4.08    0.00    0.00    0.00    0.00    0.00    0.00   82.65
15:09:50       2   15.62    0.00    2.08    0.00    0.00    0.00    0.00    0.00    0.00   82.29
15:09:50       3   22.00    0.00    4.00    0.00    0.00    0.00    0.00    0.00    0.00   74.00

15:09:50     CPU    %usr   %nice    %sys %iowait    %irq   %soft  %steal  %guest  %gnice   %idle
15:09:51     all   19.85    0.00    5.60    0.00    0.00    0.00    0.00    0.00    0.00   74.55
15:09:51       0   18.18    0.00    8.08    0.00    0.00    0.00    0.00    0.00    0.00   73.74
15:09:51       1   16.49    0.00    9.28    0.00    0.00    0.00    0.00    0.00    0.00   74.23
15:09:51       2   19.79    0.00    2.08    0.00    0.00    0.00    0.00    0.00    0.00   78.12
15:09:51       3   24.75    0.00    2.97    0.00    0.00    0.00    0.00    0.00    0.00   72.28

15:09:51     CPU    %usr   %nice    %sys %iowait    %irq   %soft  %steal  %guest  %gnice   %idle
15:09:52     all   16.37    0.00    5.37    0.00    0.00    0.00    0.00    0.00    0.00   78.26
15:09:52       0   17.53    0.00   10.31    0.00    0.00    0.00    0.00    0.00    0.00   72.16
15:09:52       1   19.59    0.00    2.06    0.00    0.00    0.00    0.00    0.00    0.00   78.35
15:09:52       2   13.00    0.00    8.00    0.00    0.00    0.00    0.00    0.00    0.00   79.00
15:09:52       3   15.46    0.00    1.03    0.00    0.00    0.00    0.00    0.00    0.00   83.51

15:09:52     CPU    %usr   %nice    %sys %iowait    %irq   %soft  %steal  %guest  %gnice   %idle
15:09:53     all   19.34    0.00    5.09    0.00    0.00    0.00    0.00    0.00    0.00   75.57
15:09:53       0   24.49    0.00    2.04    0.00    0.00    0.00    0.00    0.00    0.00   73.47
15:09:53       1   20.20    0.00    6.06    0.00    0.00    0.00    0.00    0.00    0.00   73.74
15:09:53       2   15.15    0.00    3.03    0.00    0.00    0.00    0.00    0.00    0.00   81.82
15:09:53       3   17.53    0.00    9.28    0.00    0.00    0.00    0.00    0.00    0.00   73.20

15:09:53     CPU    %usr   %nice    %sys %iowait    %irq   %soft  %steal  %guest  %gnice   %idle
15:09:54     all   18.02    0.00    4.57    0.00    0.00    0.00    0.00    0.00    0.00   77.41
15:09:54       0   18.00    0.00    9.00    0.00    0.00    0.00    0.00    0.00    0.00   73.00
15:09:54       1   16.00    0.00    1.00    0.00    0.00    0.00    0.00    0.00    0.00   83.00
15:09:54       2   18.37    0.00    4.08    0.00    0.00    0.00    0.00    0.00    0.00   77.55
15:09:54       3   19.79    0.00    4.17    0.00    0.00    0.00    0.00    0.00    0.00   76.04

15:09:54     CPU    %usr   %nice    %sys %iowait    %irq   %soft  %steal  %guest  %gnice   %idle
15:09:55     all   17.30    0.00    5.34    0.00    0.00    0.00    0.00    0.00    0.00   77.35
15:09:55       0   12.50    0.00    6.25    0.00    0.00    0.00    0.00    0.00    0.00   81.25
15:09:55       1   22.77    0.00    3.96    0.00    0.00    0.00    0.00    0.00    0.00   73.27
15:09:55       2   19.39    0.00    5.10    0.00    0.00    0.00    0.00    0.00    0.00   75.51
15:09:55       3   14.29    0.00    6.12    0.00    0.00    0.00    0.00    0.00    0.00   79.59

15:09:55     CPU    %usr   %nice    %sys %iowait    %irq   %soft  %steal  %guest  %gnice   %idle
15:09:56     all   20.56    0.00    4.82    0.00    0.00    0.00    0.00    0.00    0.00   74.62
15:09:56       0   17.53    0.00    5.15    0.00    0.00    0.00    0.00    0.00    0.00   77.32
15:09:56       1   21.00    0.00    3.00    0.00    0.00    0.00    0.00    0.00    0.00   76.00
15:09:56       2   25.00    0.00    7.00    0.00    0.00    0.00    0.00    0.00    0.00   68.00
15:09:56       3   18.56    0.00    4.12    0.00    0.00    0.00    0.00    0.00    0.00   77.32

15:09:56     CPU    %usr   %nice    %sys %iowait    %irq   %soft  %steal  %guest  %gnice   %idle
15:09:57     all   17.17    0.00    4.29    0.00    0.00    0.00    0.00    0.00    0.00   78.54
15:09:57       0   14.58    0.00    4.17    0.00    0.00    0.00    0.00    0.00    0.00   81.25
15:09:57       1   16.16    0.00    1.01    0.00    0.00    0.00    0.00    0.00    0.00   82.83
15:09:57       2   18.81    0.00    5.94    0.00    0.00    0.00    0.00    0.00    0.00   75.25
15:09:57       3   19.00    0.00    6.00    0.00    0.00    0.00    0.00    0.00    0.00   75.00

15:09:57     CPU    %usr   %nice    %sys %iowait    %irq   %soft  %steal  %guest  %gnice   %idle
15:09:58     all   19.95    0.00    5.81    0.00    0.00    0.00    0.00    0.00    0.00   74.24
15:09:58       0   17.35    0.00    8.16    0.00    0.00    0.00    0.00    0.00    0.00   74.49
15:09:58       1   18.00    0.00   10.00    0.00    0.00    0.00    0.00    0.00    0.00   72.00
15:09:58       2   23.47    0.00    3.06    0.00    0.00    0.00    0.00    0.00    0.00   73.47
15:09:58       3   21.00    0.00    2.00    0.00    0.00    0.00    0.00    0.00    0.00   77.00

15:09:58     CPU    %usr   %nice    %sys %iowait    %irq   %soft  %steal  %guest  %gnice   %idle
15:09:59     all   18.34    0.00    5.03    0.00    0.00    0.00    0.00    0.00    0.00   76.63
15:09:59       0   23.00    0.00    4.00    0.00    0.00    0.00    0.00    0.00    0.00   73.00
15:09:59       1   16.16    0.00    6.06    0.00    0.00    0.00    0.00    0.00    0.00   77.78
15:09:59       2   15.84    0.00    6.93    0.00    0.00    0.00    0.00    0.00    0.00   77.23
15:09:59       3   18.37    0.00    3.06    0.00    0.00    0.00    0.00    0.00    0.00   78.57

15:09:59     CPU    %usr   %nice    %sys %iowait    %irq   %soft  %steal  %guest  %gnice   %idle
15:10:00     all   17.99    0.00    4.11    0.00    0.00    0.00    0.00    0.00    0.00   77.89
15:10:00       0   15.96    0.00    1.06    0.00    0.00    0.00    0.00    0.00    0.00   82.98
15:10:00       1   18.00    0.00    3.00    0.00    0.00    0.00    0.00    0.00    0.00   79.00
15:10:00       2   21.65    0.00    7.22    0.00    0.00    0.00    0.00    0.00    0.00   71.13
15:10:00       3   16.33    0.00    5.10    0.00    0.00    0.00    0.00    0.00    0.00   78.57

15:10:00     CPU    %usr   %nice    %sys %iowait    %irq   %soft  %steal  %guest  %gnice   %idle
15:10:01     all   19.14    0.00    5.29    0.00    0.00    0.00    0.00    0.00    0.00   75.57
15:10:01       0   19.19    0.00    9.09    0.00    0.00    0.00    0.00    0.00    0.00   71.72
15:10:01       1   19.00    0.00    3.00    0.00    0.00    0.00    0.00    0.00    0.00   78.00
15:10:01       2   17.17    0.00    5.05    0.00    0.00    0.00    0.00    0.00    0.00   77.78
15:10:01       3   21.21    0.00    4.04    0.00    0.00    0.00    0.00    0.00    0.00   74.75

15:10:01     CPU    %usr   %nice    %sys %iowait    %irq   %soft  %steal  %guest  %gnice   %idle
15:10:02     all   17.13    0.00    4.79    0.00    0.00    0.00    0.00    0.00    0.00   78.09
15:10:02       0   18.56    0.00    3.09    0.00    0.00    0.00    0.00    0.00    0.00   78.35
15:10:02       1   12.24    0.00    2.04    0.00    0.00    0.00    0.00    0.00    0.00   85.71
15:10:02       2   19.80    0.00    8.91    0.00    0.00    0.00    0.00    0.00    0.00   71.29
15:10:02       3   17.82    0.00    4.95    0.00    0.00    0.00    0.00    0.00    0.00   77.23

15:10:02     CPU    %usr   %nice    %sys %iowait    %irq   %soft  %steal  %guest  %gnice   %idle
15:10:03     all   19.34    0.00    5.85    0.00    0.00    0.00    0.00    0.00    0.00   74.81
15:10:03       0   17.89    0.00    8.42    0.00    0.00    0.00    0.00    0.00    0.00   73.68
15:10:03       1   19.00    0.00    3.00    0.00    0.00    0.00    0.00    0.00    0.00   78.00
15:10:03       2   21.43    0.00    7.14    0.00    0.00    0.00    0.00    0.00    0.00   71.43
15:10:03       3   19.00    0.00    5.00    0.00    0.00    0.00    0.00    0.00    0.00   76.00

15:10:03     CPU    %usr   %nice    %sys %iowait    %irq   %soft  %steal  %guest  %gnice   %idle
15:10:04     all   17.34    0.00    5.28    0.00    0.00    0.00    0.00    0.00    0.00   77.39
15:10:04       0   16.33    0.00    7.14    0.00    0.00    0.00    0.00    0.00    0.00   76.53
15:10:04       1   14.00    0.00    5.00    0.00    0.00    0.00    0.00    0.00    0.00   81.00
15:10:04       2   22.77    0.00    2.97    0.00    0.00    0.00    0.00    0.00    0.00   74.26
15:10:04       3   16.16    0.00    6.06    0.00    0.00    0.00    0.00    0.00    0.00   77.78

15:10:04     CPU    %usr   %nice    %sys %iowait    %irq   %soft  %steal  %guest  %gnice   %idle
15:10:05     all   18.89    0.00    4.53    0.00    0.00    0.00    0.00    0.00    0.00   76.57
15:10:05       0   22.22    0.00    4.04    0.00    0.00    0.00    0.00    0.00    0.00   73.74
15:10:05       1   18.00    0.00    5.00    0.00    0.00    0.00    0.00    0.00    0.00   77.00
15:10:05       2   14.43    0.00    1.03    0.00    0.00    0.00    0.00    0.00    0.00   84.54
15:10:05       3   20.79    0.00    7.92    0.00    0.00    0.00    0.00    0.00    0.00   71.29

15:10:05     CPU    %usr   %nice    %sys %iowait    %irq   %soft  %steal  %guest  %gnice   %idle
15:10:06     all   18.62    0.00    4.59    0.00    0.00    0.00    0.00    0.00    0.00   76.79
15:10:06       0   23.76    0.00    5.94    0.00    0.00    0.00    0.00    0.00    0.00   70.30
15:10:06       1   19.79    0.00    4.17    0.00    0.00    0.00    0.00    0.00    0.00   76.04
15:10:06       2   12.12    0.00    3.03    0.00    0.00    0.00    0.00    0.00    0.00   84.85
15:10:06       3   18.75    0.00    5.21    0.00    0.00    0.00    0.00    0.00    0.00   76.04

15:10:06     CPU    %usr   %nice    %sys %iowait    %irq   %soft  %steal  %guest  %gnice   %idle
15:10:07     all   19.75    0.00    5.32    0.00    0.00    0.00    0.00    0.00    0.00   74.94
15:10:07       0   20.41    0.00    7.14    0.00    0.00    0.00    0.00    0.00    0.00   72.45
15:10:07       1   21.21    0.00    6.06    0.00    0.00    0.00    0.00    0.00    0.00   72.73
15:10:07       2   19.39    0.00    5.10    0.00    0.00    0.00    0.00    0.00    0.00   75.51
15:10:07       3   18.00    0.00    3.00    0.00    0.00    0.00    0.00    0.00    0.00   79.00

15:10:07     CPU    %usr   %nice    %sys %iowait    %irq   %soft  %steal  %guest  %gnice   %idle
15:10:08     all   17.69    0.00    4.36    0.00    0.00    0.00    0.00    0.00    0.00   77.95
15:10:08       0   18.09    0.00    3.19    0.00    0.00    0.00    0.00    0.00    0.00   78.72
15:10:08       1   16.49    0.00    5.15    0.00    0.00    0.00    0.00    0.00    0.00   78.35
15:10:08       2   22.00    0.00    2.00    0.00    0.00    0.00    0.00    0.00    0.00   76.00
15:10:08       3   14.14    0.00    7.07    0.00    0.00    0.00    0.00    0.00    0.00   78.79

15:10:08     CPU    %usr   %nice    %sys %iowait    %irq   %soft  %steal  %guest  %gnice   %idle
15:10:09     all   18.59    0.00    6.53    0.00    0.00    0.00    0.00    0.00    0.00   74.87
15:10:09       0   19.15    0.00    2.13    0.00    0.00    0.00    0.00    0.00    0.00   78.72
15:10:09       1   20.00    0.00    6.00    0.00    0.00    0.00    0.00    0.00    0.00   74.00
15:10:09       2   16.67    0.00    6.86    0.00    0.00    0.00    0.00    0.00    0.00   76.47
15:10:09       3   18.63    0.00   10.78    0.00    0.00    0.00    0.00    0.00    0.00   70.59

15:10:09     CPU    %usr   %nice    %sys %iowait    %irq   %soft  %steal  %guest  %gnice   %idle
15:10:10     all   19.20    0.00    5.74    0.00    0.00    0.00    0.00    0.00    0.00   75.06
15:10:10       0   26.73    0.00    3.96    0.00    0.00    0.00    0.00    0.00    0.00   69.31
15:10:10       1   16.16    0.00    7.07    0.00    0.00    0.00    0.00    0.00    0.00   76.77
15:10:10       2   18.18    0.00    5.05    0.00    0.00    0.00    0.00    0.00    0.00   76.77
15:10:10       3   15.69    0.00    6.86    0.00    0.00    0.00    0.00    0.00    0.00   77.45

15:10:10     CPU    %usr   %nice    %sys %iowait    %irq   %soft  %steal  %guest  %gnice   %idle
15:10:11     all   16.11    0.00    4.35    0.00    0.00    0.00    0.00    0.00    0.00   79.54
15:10:11       0   16.49    0.00    4.12    0.00    0.00    0.00    0.00    0.00    0.00   79.38
15:10:11       1   13.27    0.00    5.10    0.00    0.00    0.00    0.00    0.00    0.00   81.63
15:10:11       2   14.43    0.00    3.09    0.00    0.00    0.00    0.00    0.00    0.00   82.47
15:10:11       3   20.20    0.00    5.05    0.00    0.00    0.00    0.00    0.00    0.00   74.75

15:10:11     CPU    %usr   %nice    %sys %iowait    %irq   %soft  %steal  %guest  %gnice   %idle
15:10:12     all   21.07    0.00    4.31    0.00    0.00    0.00    0.00    0.00    0.00   74.62
15:10:12       0   19.15    0.00    1.06    0.00    0.00    0.00    0.00    0.00    0.00   79.79
15:10:12       1   21.21    0.00    5.05    0.00    0.00    0.00    0.00    0.00    0.00   73.74
15:10:12       2   20.79    0.00    6.93    0.00    0.00    0.00    0.00    0.00    0.00   72.28
15:10:12       3   23.00    0.00    4.00    0.00    0.00    0.00    0.00    0.00    0.00   73.00

15:10:12     CPU    %usr   %nice    %sys %iowait    %irq   %soft  %steal  %guest  %gnice   %idle
15:10:13     all   18.62    0.00    4.85    0.00    0.00    0.00    0.00    0.00    0.00   76.53
15:10:13       0   21.00    0.00    4.00    0.00    0.00    0.00    0.00    0.00    0.00   75.00
15:10:13       1   16.33    0.00    7.14    0.00    0.00    0.00    0.00    0.00    0.00   76.53
15:10:13       2   17.71    0.00    4.17    0.00    0.00    0.00    0.00    0.00    0.00   78.12
15:10:13       3   19.39    0.00    4.08    0.00    0.00    0.00    0.00    0.00    0.00   76.53

15:10:13     CPU    %usr   %nice    %sys %iowait    %irq   %soft  %steal  %guest  %gnice   %idle
15:10:14     all   16.45    0.00    5.66    0.00    0.00    0.00    0.00    0.00    0.00   77.89
15:10:14       0   15.79    0.00    5.26    0.00    0.00    0.00    0.00    0.00    0.00   78.95
15:10:14       1   14.29    0.00   11.22    0.00    0.00    0.00    0.00    0.00    0.00   74.49
15:10:14       2   15.31    0.00    4.08    0.00    0.00    0.00    0.00    0.00    0.00   80.61
15:10:14       3   20.41    0.00    2.04    0.00    0.00    0.00    0.00    0.00    0.00   77.55

15:10:14     CPU    %usr   %nice    %sys %iowait    %irq   %soft  %steal  %guest  %gnice   %idle
15:10:15     all   18.35    0.00    3.88    0.00    0.00    0.00    0.00    0.00    0.00   77.78
15:10:15       0   20.62    0.00    4.12    0.00    0.00    0.00    0.00    0.00    0.00   75.26
15:10:15       1   19.59    0.00    3.09    0.00    0.00    0.00    0.00    0.00    0.00   77.32
15:10:15       2   16.49    0.00    5.15    0.00    0.00    0.00    0.00    0.00    0.00   78.35
15:10:15       3   16.67    0.00    3.12    0.00    0.00    0.00    0.00    0.00    0.00   80.21

15:10:15     CPU    %usr   %nice    %sys %iowait    %irq   %soft  %steal  %guest  %gnice   %idle
15:10:16     all   16.84    0.00    3.63    0.00    0.00    0.00    0.00    0.00    0.00   79.53
15:10:16       0   20.00    0.00    1.05    0.00    0.00    0.00    0.00    0.00    0.00   78.95
15:10:16       1   19.59    0.00    5.15    0.00    0.00    0.00    0.00    0.00    0.00   75.26
15:10:16       2   13.40    0.00    0.00    0.00    0.00    0.00    0.00    0.00    0.00   86.60
15:10:16       3   14.43    0.00    8.25    0.00    0.00    0.00    0.00    0.00    0.00   77.32

15:10:16     CPU    %usr   %nice    %sys %iowait    %irq   %soft  %steal  %guest  %gnice   %idle
15:10:17     all   21.48    0.00    4.09    0.00    0.00    0.00    0.00    0.00    0.00   74.42
15:10:17       0   26.04    0.00    1.04    0.00    0.00    0.00    0.00    0.00    0.00   72.92
15:10:17       1   14.58    0.00   11.46    0.00    0.00    0.00    0.00    0.00    0.00   73.96
15:10:17       2   21.00    0.00    2.00    0.00    0.00    0.00    0.00    0.00    0.00   77.00
15:10:17       3   24.24    0.00    2.02    0.00    0.00    0.00    0.00    0.00    0.00   73.74

15:10:17     CPU    %usr   %nice    %sys %iowait    %irq   %soft  %steal  %guest  %gnice   %idle
15:10:18     all   15.70    0.00    3.80    0.00    0.00    0.00    0.00    0.00    0.00   80.51
15:10:18       0   14.43    0.00    4.12    0.00    0.00    0.00    0.00    0.00    0.00   81.44
15:10:18       1   16.16    0.00    3.03    0.00    0.00    0.00    0.00    0.00    0.00   80.81
15:10:18       2   16.16    0.00    4.04    0.00    0.00    0.00    0.00    0.00    0.00   79.80
15:10:18       3   16.00    0.00    4.00    0.00    0.00    0.00    0.00    0.00    0.00   80.00

15:10:18     CPU    %usr   %nice    %sys %iowait    %irq   %soft  %steal  %guest  %gnice   %idle
15:10:19     all   20.76    0.00    5.82    0.00    0.00    0.00    0.00    0.00    0.00   73.42
15:10:19       0   21.43    0.00    3.06    0.00    0.00    0.00    0.00    0.00    0.00   75.51
15:10:19       1   20.20    0.00    5.05    0.00    0.00    0.00    0.00    0.00    0.00   74.75
15:10:19       2   23.23    0.00    4.04    0.00    0.00    0.00    0.00    0.00    0.00   72.73
15:10:19       3   18.18    0.00   11.11    0.00    0.00    0.00    0.00    0.00    0.00   70.71

15:10:19     CPU    %usr   %nice    %sys %iowait    %irq   %soft  %steal  %guest  %gnice   %idle
15:10:20     all   16.84    0.00    4.15    0.00    0.00    0.00    0.00    0.00    0.00   79.02
15:10:20       0   14.58    0.00    3.12    0.00    0.00    0.00    0.00    0.00    0.00   82.29
15:10:20       1   19.15    0.00    2.13    0.00    0.00    0.00    0.00    0.00    0.00   78.72
15:10:20       2   14.29    0.00    7.14    0.00    0.00    0.00    0.00    0.00    0.00   78.57
15:10:20       3   19.39    0.00    4.08    0.00    0.00    0.00    0.00    0.00    0.00   76.53

15:10:20     CPU    %usr   %nice    %sys %iowait    %irq   %soft  %steal  %guest  %gnice   %idle
15:10:21     all   18.34    0.00    4.77    0.00    0.00    0.00    0.00    0.00    0.00   76.88
15:10:21       0   18.56    0.00    2.06    0.00    0.00    0.00    0.00    0.00    0.00   79.38
15:10:21       1   19.00    0.00    3.00    0.00    0.00    0.00    0.00    0.00    0.00   78.00
15:10:21       2   17.00    0.00    6.00    0.00    0.00    0.00    0.00    0.00    0.00   77.00
15:10:21       3   18.81    0.00    7.92    0.00    0.00    0.00    0.00    0.00    0.00   73.27

15:10:21     CPU    %usr   %nice    %sys %iowait    %irq   %soft  %steal  %guest  %gnice   %idle
15:10:22     all   19.38    0.00    3.88    0.00    0.00    0.00    0.00    0.00    0.00   76.74
15:10:22       0   22.11    0.00    2.11    0.00    0.00    0.00    0.00    0.00    0.00   75.79
15:10:22       1   20.62    0.00    0.00    0.00    0.00    0.00    0.00    0.00    0.00   79.38
15:10:22       2   13.27    0.00    7.14    0.00    0.00    0.00    0.00    0.00    0.00   79.59
15:10:22       3   21.65    0.00    6.19    0.00    0.00    0.00    0.00    0.00    0.00   72.16

15:10:22     CPU    %usr   %nice    %sys %iowait    %irq   %soft  %steal  %guest  %gnice   %idle
15:10:23     all   20.91    0.00    4.79    0.00    0.00    0.00    0.00    0.00    0.00   74.31
15:10:23       0   21.21    0.00    5.05    0.00    0.00    0.00    0.00    0.00    0.00   73.74
15:10:23       1   23.53    0.00    2.94    0.00    0.00    0.00    0.00    0.00    0.00   73.53
15:10:23       2   17.53    0.00    6.19    0.00    0.00    0.00    0.00    0.00    0.00   76.29
15:10:23       3   21.21    0.00    5.05    0.00    0.00    0.00    0.00    0.00    0.00   73.74

15:10:23     CPU    %usr   %nice    %sys %iowait    %irq   %soft  %steal  %guest  %gnice   %idle
15:10:24     all   16.04    0.00    4.51    0.00    0.00    0.00    0.00    0.00    0.00   79.45
15:10:24       0   17.82    0.00    4.95    0.00    0.00    0.00    0.00    0.00    0.00   77.23
15:10:24       1   16.00    0.00    7.00    0.00    0.00    0.00    0.00    0.00    0.00   77.00
15:10:24       2   16.33    0.00    3.06    0.00    0.00    0.00    0.00    0.00    0.00   80.61
15:10:24       3   14.00    0.00    3.00    0.00    0.00    0.00    0.00    0.00    0.00   83.00

15:10:24     CPU    %usr   %nice    %sys %iowait    %irq   %soft  %steal  %guest  %gnice   %idle
15:10:25     all   20.77    0.00    4.10    0.00    0.00    0.00    0.00    0.00    0.00   75.13
15:10:25       0   22.92    0.00    2.08    0.00    0.00    0.00    0.00    0.00    0.00   75.00
15:10:25       1   22.45    0.00    3.06    0.00    0.00    0.00    0.00    0.00    0.00   74.49
15:10:25       2   19.39    0.00    1.02    0.00    0.00    0.00    0.00    0.00    0.00   79.59
15:10:25       3   18.37    0.00   10.20    0.00    0.00    0.00    0.00    0.00    0.00   71.43

15:10:25     CPU    %usr   %nice    %sys %iowait    %irq   %soft  %steal  %guest  %gnice   %idle
15:10:26     all   16.58    0.00    3.52    0.00    0.00    0.00    0.00    0.00    0.00   79.90
15:10:26       0   12.12    0.00    5.05    0.00    0.00    0.00    0.00    0.00    0.00   82.83
15:10:26       1   19.80    0.00    0.99    0.00    0.00    0.00    0.00    0.00    0.00   79.21
15:10:26       2   17.35    0.00    4.08    0.00    0.00    0.00    0.00    0.00    0.00   78.57
15:10:26       3   17.00    0.00    4.00    0.00    0.00    0.00    0.00    0.00    0.00   79.00

15:10:26     CPU    %usr   %nice    %sys %iowait    %irq   %soft  %steal  %guest  %gnice   %idle
15:10:27     all   21.37    0.00    5.34    0.00    0.00    0.00    0.00    0.00    0.00   73.28
15:10:27       0   19.59    0.00    9.28    0.00    0.00    0.00    0.00    0.00    0.00   71.13
15:10:27       1   20.00    0.00    1.00    0.00    0.00    0.00    0.00    0.00    0.00   79.00
15:10:27       2   20.62    0.00   11.34    0.00    0.00    0.00    0.00    0.00    0.00   68.04
15:10:27       3   25.25    0.00    0.00    0.00    0.00    0.00    0.00    0.00    0.00   74.75

15:10:27     CPU    %usr   %nice    %sys %iowait    %irq   %soft  %steal  %guest  %gnice   %idle
15:10:28     all   16.62    0.00    5.04    0.00    0.00    0.00    0.00    0.00    0.00   78.34
15:10:28       0   14.43    0.00   11.34    0.00    0.00    0.00    0.00    0.00    0.00   74.23
15:10:28       1   25.00    0.00    2.00    0.00    0.00    0.00    0.00    0.00    0.00   73.00
15:10:28       2   14.14    0.00    3.03    0.00    0.00    0.00    0.00    0.00    0.00   82.83
15:10:28       3   12.87    0.00    3.96    0.00    0.00    0.00    0.00    0.00    0.00   83.17

15:10:28     CPU    %usr   %nice    %sys %iowait    %irq   %soft  %steal  %guest  %gnice   %idle
15:10:29     all   20.36    0.00    3.82    0.00    0.00    0.00    0.00    0.00    0.00   75.83
15:10:29       0   16.84    0.00    3.16    0.00    0.00    0.00    0.00    0.00    0.00   80.00
15:10:29       1   20.41    0.00    4.08    0.00    0.00    0.00    0.00    0.00    0.00   75.51
15:10:29       2   20.00    0.00    3.00    0.00    0.00    0.00    0.00    0.00    0.00   77.00
15:10:29       3   24.00    0.00    5.00    0.00    0.00    0.00    0.00    0.00    0.00   71.00

15:10:29     CPU    %usr   %nice    %sys %iowait    %irq   %soft  %steal  %guest  %gnice   %idle
15:10:30     all   18.07    0.00    4.33    0.00    0.00    0.00    0.00    0.00    0.00   77.61
15:10:30       0   19.39    0.00    1.02    0.00    0.00    0.00    0.00    0.00    0.00   79.59
15:10:30       1   16.83    0.00    7.92    0.00    0.00    0.00    0.00    0.00    0.00   75.25
15:10:30       2   19.19    0.00    8.08    0.00    0.00    0.00    0.00    0.00    0.00   72.73
15:10:30       3   16.84    0.00    0.00    0.00    0.00    0.00    0.00    0.00    0.00   83.16

15:10:30     CPU    %usr   %nice    %sys %iowait    %irq   %soft  %steal  %guest  %gnice   %idle
15:10:31     all   17.74    0.00    4.37    0.00    0.00    0.00    0.00    0.00    0.00   77.89
15:10:31       0   14.29    0.00    2.04    0.00    0.00    0.00    0.00    0.00    0.00   83.67
15:10:31       1   16.84    0.00    6.32    0.00    0.00    0.00    0.00    0.00    0.00   76.84
15:10:31       2   18.56    0.00    6.19    0.00    0.00    0.00    0.00    0.00    0.00   75.26
15:10:31       3   21.21    0.00    3.03    0.00    0.00    0.00    0.00    0.00    0.00   75.76

15:10:31     CPU    %usr   %nice    %sys %iowait    %irq   %soft  %steal  %guest  %gnice   %idle
15:10:32     all   19.49    0.00    4.56    0.00    0.00    0.00    0.00    0.00    0.00   75.95
15:10:32       0   21.43    0.00    5.10    0.00    0.00    0.00    0.00    0.00    0.00   73.47
15:10:32       1   20.20    0.00    4.04    0.00    0.00    0.00    0.00    0.00    0.00   75.76
15:10:32       2   17.00    0.00    5.00    0.00    0.00    0.00    0.00    0.00    0.00   78.00
15:10:32       3   19.39    0.00    4.08    0.00    0.00    0.00    0.00    0.00    0.00   76.53

15:10:32     CPU    %usr   %nice    %sys %iowait    %irq   %soft  %steal  %guest  %gnice   %idle
15:10:33     all   15.38    0.00    4.87    0.00    0.00    0.00    0.00    0.00    0.00   79.74
15:10:33       0   18.37    0.00    5.10    0.00    0.00    0.00    0.00    0.00    0.00   76.53
15:10:33       1   12.24    0.00    5.10    0.00    0.00    0.00    0.00    0.00    0.00   82.65
15:10:33       2   17.71    0.00    4.17    0.00    0.00    0.00    0.00    0.00    0.00   78.12
15:10:33       3   13.27    0.00    5.10    0.00    0.00    0.00    0.00    0.00    0.00   81.63

15:10:33     CPU    %usr   %nice    %sys %iowait    %irq   %soft  %steal  %guest  %gnice   %idle
15:10:34     all   19.74    0.00    4.62    0.00    0.00    0.00    0.00    0.00    0.00   75.64
15:10:34       0   22.68    0.00    4.12    0.00    0.00    0.00    0.00    0.00    0.00   73.20
15:10:34       1   18.56    0.00    3.09    0.00    0.00    0.00    0.00    0.00    0.00   78.35
15:10:34       2   20.20    0.00    6.06    0.00    0.00    0.00    0.00    0.00    0.00   73.74
15:10:34       3   17.53    0.00    5.15    0.00    0.00    0.00    0.00    0.00    0.00   77.32

15:10:34     CPU    %usr   %nice    %sys %iowait    %irq   %soft  %steal  %guest  %gnice   %idle
15:10:35     all   18.93    0.00    3.58    0.00    0.00    0.00    0.00    0.00    0.00   77.49
15:10:35       0   18.09    0.00    3.19    0.00    0.00    0.00    0.00    0.00    0.00   78.72
15:10:35       1   17.00    0.00    3.00    0.00    0.00    0.00    0.00    0.00    0.00   80.00
15:10:35       2   17.71    0.00    5.21    0.00    0.00    0.00    0.00    0.00    0.00   77.08
15:10:35       3   22.77    0.00    2.97    0.00    0.00    0.00    0.00    0.00    0.00   74.26

15:10:35     CPU    %usr   %nice    %sys %iowait    %irq   %soft  %steal  %guest  %gnice   %idle
15:10:36     all   17.56    0.00    4.58    0.00    0.00    0.00    0.00    0.00    0.00   77.86
15:10:36       0   13.27    0.00    2.04    0.00    0.00    0.00    0.00    0.00    0.00   84.69
15:10:36       1   20.20    0.00    6.06    0.00    0.00    0.00    0.00    0.00    0.00   73.74
15:10:36       2   16.49    0.00    1.03    0.00    0.00    0.00    0.00    0.00    0.00   82.47
15:10:36       3   20.20    0.00    9.09    0.00    0.00    0.00    0.00    0.00    0.00   70.71

15:10:36     CPU    %usr   %nice    %sys %iowait    %irq   %soft  %steal  %guest  %gnice   %idle
15:10:37     all   17.95    0.00    4.62    0.00    0.00    0.00    0.00    0.00    0.00   77.44
15:10:37       0   21.65    0.00    1.03    0.00    0.00    0.00    0.00    0.00    0.00   77.32
15:10:37       1   20.00    0.00    7.00    0.00    0.00    0.00    0.00    0.00    0.00   73.00
15:10:37       2   12.37    0.00    5.15    0.00    0.00    0.00    0.00    0.00    0.00   82.47
15:10:37       3   17.71    0.00    5.21    0.00    0.00    0.00    0.00    0.00    0.00   77.08

15:10:37     CPU    %usr   %nice    %sys %iowait    %irq   %soft  %steal  %guest  %gnice   %idle
15:10:38     all   18.46    0.00    3.85    0.00    0.00    0.00    0.00    0.00    0.00   77.69
15:10:38       0   15.46    0.00    2.06    0.00    0.00    0.00    0.00    0.00    0.00   82.47
15:10:38       1   17.35    0.00    3.06    0.00    0.00    0.00    0.00    0.00    0.00   79.59
15:10:38       2   21.43    0.00    5.10    0.00    0.00    0.00    0.00    0.00    0.00   73.47
15:10:38       3   19.59    0.00    5.15    0.00    0.00    0.00    0.00    0.00    0.00   75.26

15:10:38     CPU    %usr   %nice    %sys %iowait    %irq   %soft  %steal  %guest  %gnice   %idle
15:10:39     all   16.96    0.00    5.82    0.00    0.00    0.00    0.00    0.00    0.00   77.22
15:10:39       0   12.50    0.00   12.50    0.00    0.00    0.00    0.00    0.00    0.00   75.00
15:10:39       1   17.00    0.00    4.00    0.00    0.00    0.00    0.00    0.00    0.00   79.00
15:10:39       2   16.33    0.00    2.04    0.00    0.00    0.00    0.00    0.00    0.00   81.63
15:10:39       3   21.78    0.00    4.95    0.00    0.00    0.00    0.00    0.00    0.00   73.27

15:10:39     CPU    %usr   %nice    %sys %iowait    %irq   %soft  %steal  %guest  %gnice   %idle
15:10:40     all   19.54    0.00    4.57    0.00    0.00    0.00    0.00    0.00    0.00   75.89
15:10:40       0   22.68    0.00    4.12    0.00    0.00    0.00    0.00    0.00    0.00   73.20
15:10:40       1   18.00    0.00    3.00    0.00    0.00    0.00    0.00    0.00    0.00   79.00
15:10:40       2   18.00    0.00    3.00    0.00    0.00    0.00    0.00    0.00    0.00   79.00
15:10:40       3   19.59    0.00    8.25    0.00    0.00    0.00    0.00    0.00    0.00   72.16

15:10:40     CPU    %usr   %nice    %sys %iowait    %irq   %soft  %steal  %guest  %gnice   %idle
15:10:41     all   16.41    0.00    4.55    0.00    0.00    0.00    0.00    0.00    0.00   79.04
15:10:41       0   14.29    0.00    5.10    0.00    0.00    0.00    0.00    0.00    0.00   80.61
15:10:41       1   14.14    0.00    2.02    0.00    0.00    0.00    0.00    0.00    0.00   83.84
15:10:41       2   16.16    0.00    4.04    0.00    0.00    0.00    0.00    0.00    0.00   79.80
15:10:41       3   21.00    0.00    7.00    0.00    0.00    0.00    0.00    0.00    0.00   72.00

15:10:41     CPU    %usr   %nice    %sys %iowait    %irq   %soft  %steal  %guest  %gnice   %idle
15:10:42     all   19.02    0.00    3.60    0.00    0.00    0.00    0.00    0.00    0.00   77.38
15:10:42       0   16.84    0.00    7.37    0.00    0.00    0.00    0.00    0.00    0.00   75.79
15:10:42       1   18.00    0.00    3.00    0.00    0.00    0.00    0.00    0.00    0.00   79.00
15:10:42       2   18.37    0.00    3.06    0.00    0.00    0.00    0.00    0.00    0.00   78.57
15:10:42       3   22.92    0.00    1.04    0.00    0.00    0.00    0.00    0.00    0.00   76.04

15:10:42     CPU    %usr   %nice    %sys %iowait    %irq   %soft  %steal  %guest  %gnice   %idle
15:10:43     all   18.09    0.00    4.52    0.00    0.00    0.00    0.00    0.00    0.00   77.39
15:10:43       0   16.16    0.00    9.09    0.00    0.00    0.00    0.00    0.00    0.00   74.75
15:10:43       1   20.59    0.00    5.88    0.00    0.00    0.00    0.00    0.00    0.00   73.53
15:10:43       2   19.59    0.00    2.06    0.00    0.00    0.00    0.00    0.00    0.00   78.35
15:10:43       3   16.00    0.00    1.00    0.00    0.00    0.00    0.00    0.00    0.00   83.00

15:10:43     CPU    %usr   %nice    %sys %iowait    %irq   %soft  %steal  %guest  %gnice   %idle
15:10:44     all   19.04    0.00    4.57    0.00    0.00    0.00    0.00    0.00    0.00   76.40
15:10:44       0   20.41    0.00    7.14    0.00    0.00    0.00    0.00    0.00    0.00   72.45
15:10:44       1   19.39    0.00    3.06    0.00    0.00    0.00    0.00    0.00    0.00   77.55
15:10:44       2   19.39    0.00    7.14    0.00    0.00    0.00    0.00    0.00    0.00   73.47
15:10:44       3   17.00    0.00    1.00    0.00    0.00    0.00    0.00    0.00    0.00   82.00

15:10:44     CPU    %usr   %nice    %sys %iowait    %irq   %soft  %steal  %guest  %gnice   %idle
15:10:45     all    9.57    0.00    8.31    0.00    0.00    0.00    0.00    0.00    0.00   82.12
15:10:45       0    7.00    0.00    3.00    0.00    0.00    0.00    0.00    0.00    0.00   90.00
15:10:45       1   14.00    0.00   10.00    0.00    0.00    0.00    0.00    0.00    0.00   76.00
15:10:45       2    7.07    0.00    2.02    0.00    0.00    0.00    0.00    0.00    0.00   90.91
15:10:45       3   10.20    0.00   18.37    0.00    0.00    0.00    0.00    0.00    0.00   71.43

15:10:45     CPU    %usr   %nice    %sys %iowait    %irq   %soft  %steal  %guest  %gnice   %idle
15:10:46     all    0.25    0.00    0.25    0.00    0.00    0.00    0.00    0.00    0.00   99.50
15:10:46       0    1.00    0.00    1.00    0.00    0.00    0.00    0.00    0.00    0.00   98.00
15:10:46       1    0.00    0.00    0.00    0.00    0.00    0.00    0.00    0.00    0.00  100.00
15:10:46       2    0.00    0.00    0.00    0.00    0.00    0.00    0.00    0.00    0.00  100.00
15:10:46       3    0.00    0.00    0.00    0.00    0.00    0.00    0.00    0.00    0.00  100.00
