lane,patch,stage,kind,t0_ms,t1_ms
-1,0,read,read,0.22554,64.5783
-1,1,read,read,64.7263,185.207
-1,2,read,read,185.232,269.426
-1,3,read,read,316.871,391.177
-1,4,read,read,592.157,672.232
-1,5,read,read,873.14,975.65
-1,6,read,read,1152.39,1259.62
-1,7,read,read,1427.03,1533.21
-1,8,read,read,1702.46,1812.73
-1,9,read,read,1974.21,2017.25
-1,10,read,read,2250.86,2303.77
-1,11,read,read,2509.19,2560.44
-1,12,read,read,2784.25,2902.9
-1,13,read,read,3066.69,3106.03
-1,14,read,read,3327.68,3410.9
-1,15,read,read,3594.89,3646.78
0,0,normalize,cpu,65.1852,68.8923
0,0,g_a_cpu,cpu,69.243,69.6954
0,0,g_a,dpu,69.7237,80.5087
0,0,g_a,dpu,80.5114,85.6348
0,0,g_a_cpu,cpu,85.636,86.4957
0,0,eb_enc,cpu,86.5169,95.0974
0,13,normalize,cpu,96.6678,100.328
0,13,g_a_cpu,cpu,100.33,101.121
0,13,g_a,dpu,101.128,124.541
0,13,g_a,dpu,124.549,174.234
0,13,g_a_cpu,cpu,174.238,175.015
0,13,eb_enc,cpu,175.019,180.435
0,29,normalize,cpu,182.299,185.992
0,29,g_a_cpu,cpu,185.999,186.572
0,29,g_a,dpu,186.577,214.279
0,29,g_a,dpu,214.282,229.544
0,29,g_a_cpu,cpu,229.545,230.047
0,29,eb_enc,cpu,230.065,235.339
0,41,normalize,cpu,236.153,241.888
0,41,g_a_cpu,cpu,241.896,242.47
0,41,g_a,dpu,242.477,264.368
0,41,g_a,dpu,264.37,269.858
0,41,g_a_cpu,cpu,269.86,270.21
0,41,eb_enc,cpu,270.211,275.007
0,48,normalize,cpu,275.528,279.802
0,48,g_a_cpu,cpu,279.805,280.208
0,48,g_a,dpu,280.21,326.517
0,48,g_a,dpu,326.518,348.1
0,48,g_a_cpu,cpu,348.103,348.592
0,48,eb_enc,cpu,348.595,354.393
0,63,normalize,cpu,355.298,362.479
0,63,g_a_cpu,cpu,362.486,363.324
0,63,g_a,dpu,363.327,381.45
0,63,g_a,dpu,381.463,387.09
0,63,g_a_cpu,cpu,387.095,387.827
0,63,eb_enc,cpu,387.835,392.914
0,71,normalize,cpu,393.399,397.307
0,71,g_a_cpu,cpu,397.312,397.765
0,71,g_a,dpu,397.768,434.121
0,71,g_a,dpu,434.123,463.549
0,71,g_a_cpu,cpu,463.55,464.028
0,71,eb_enc,cpu,464.032,469.094
0,86,normalize,cpu,469.632,473.395
0,86,g_a_cpu,cpu,473.399,473.967
0,86,g_a,dpu,473.969,487.737
0,86,g_a,dpu,487.738,506.229
0,86,g_a_cpu,cpu,506.23,506.68
0,86,eb_enc,cpu,506.684,511.863
0,97,normalize,cpu,512.616,516.324
0,97,g_a_cpu,cpu,516.328,516.953
0,97,g_a,dpu,516.959,536.722
0,97,g_a,dpu,536.723,565.82
0,97,g_a_cpu,cpu,565.822,566.379
0,97,eb_enc,cpu,566.383,571.698
0,110,normalize,cpu,572.25,579.1
0,110,g_a_cpu,cpu,579.104,579.439
0,110,g_a,dpu,579.44,595.229
0,110,g_a,dpu,595.231,605.983
0,110,g_a_cpu,cpu,605.986,606.4
0,110,eb_enc,cpu,606.403,617.694
0,119,normalize,cpu,618.516,623.241
0,119,g_a_cpu,cpu,623.246,623.647
0,119,g_a,dpu,623.651,643.685
0,119,g_a,dpu,643.688,667.153
0,119,g_a_cpu,cpu,667.155,667.754
0,119,eb_enc,cpu,667.771,673.063
0,128,normalize,cpu,673.572,686.718
0,128,g_a_cpu,cpu,686.721,687.102
0,128,g_a,dpu,687.104,707.382
0,128,g_a,dpu,707.385,712.465
0,128,g_a_cpu,cpu,712.467,712.932
0,128,eb_enc,cpu,712.939,718.177
0,138,normalize,cpu,719.15,722.808
0,138,g_a_cpu,cpu,722.819,733.598
0,138,g_a,dpu,733.602,739.674
0,138,g_a,dpu,739.675,744.885
0,138,g_a_cpu,cpu,744.886,745.568
0,138,eb_enc,cpu,745.573,751.038
0,145,normalize,cpu,751.648,756.237
0,145,g_a_cpu,cpu,756.24,756.643
0,145,g_a,dpu,756.647,812.793
0,145,g_a,dpu,812.794,827.181
0,145,g_a_cpu,cpu,827.182,827.645
0,145,eb_enc,cpu,827.647,832.778
0,163,normalize,cpu,833.544,837.213
0,163,g_a_cpu,cpu,837.218,837.692
0,163,g_a,dpu,837.697,854.25
0,163,g_a,dpu,854.251,893
0,163,g_a_cpu,cpu,893.001,893.472
0,163,eb_enc,cpu,893.474,898.412
0,178,normalize,cpu,899.314,902.955
0,178,g_a_cpu,cpu,902.959,903.377
0,178,g_a,dpu,903.379,925.639
0,178,g_a,dpu,925.644,947.756
0,178,g_a_cpu,cpu,947.758,948.396
0,178,eb_enc,cpu,948.402,964.723
0,189,normalize,cpu,965.334,970.919
0,189,g_a_cpu,cpu,970.927,971.786
0,189,g_a,dpu,971.791,1003.47
0,189,g_a,dpu,1003.47,1025.12
0,189,g_a_cpu,cpu,1025.12,1025.69
0,189,eb_enc,cpu,1025.69,1030.79
0,204,normalize,cpu,1031.41,1035.08
0,204,g_a_cpu,cpu,1035.08,1035.61
0,204,g_a,dpu,1035.62,1060.5
0,204,g_a,dpu,1060.51,1078.91
0,204,g_a_cpu,cpu,1078.91,1079.47
0,204,eb_enc,cpu,1079.47,1084.48
0,215,normalize,cpu,1085.26,1088.87
0,215,g_a_cpu,cpu,1088.88,1089.3
0,215,g_a,dpu,1089.31,1101.27
0,215,g_a,dpu,1101.28,1120.22
0,215,g_a_cpu,cpu,1120.22,1120.59
0,215,eb_enc,cpu,1120.59,1133.68
0,227,normalize,cpu,1134.56,1145.24
0,227,g_a_cpu,cpu,1145.25,1145.77
0,227,g_a,dpu,1145.77,1194.33
0,227,g_a,dpu,1194.33,1205.42
0,227,g_a_cpu,cpu,1205.42,1206.31
0,227,eb_enc,cpu,1206.31,1222.99
0,244,normalize,cpu,1224,1235.78
0,244,g_a_cpu,cpu,1235.79,1236.37
0,244,g_a,dpu,1236.38,1265.04
0,244,g_a,dpu,1265.05,1282.52
0,244,g_a_cpu,cpu,1282.52,1282.86
0,244,eb_enc,cpu,1282.86,1288.78
0,257,normalize,cpu,1289.51,1293.89
0,257,g_a_cpu,cpu,1293.89,1294.27
0,257,g_a,dpu,1294.28,1299.82
0,257,g_a,dpu,1299.84,1325.01
0,257,g_a_cpu,cpu,1325.01,1325.44
0,257,eb_enc,cpu,1325.45,1330.54
0,267,normalize,cpu,1331.36,1335.15
0,267,g_a_cpu,cpu,1335.16,1335.44
0,267,g_a,dpu,1335.44,1351.46
0,267,g_a,dpu,1351.46,1430.64
0,267,g_a_cpu,cpu,1430.64,1431.17
0,267,eb_enc,cpu,1431.18,1436.14
0,291,normalize,cpu,1437,1440.65
0,291,g_a_cpu,cpu,1440.65,1441.07
0,291,g_a,dpu,1441.07,1460.79
0,291,g_a,dpu,1460.79,1465.98
0,291,g_a_cpu,cpu,1465.98,1466.65
0,291,eb_enc,cpu,1466.65,1471.95
0,296,normalize,cpu,1472.57,1477.95
0,296,g_a_cpu,cpu,1477.95,1478.32
0,296,g_a,dpu,1478.32,1528.54
0,296,g_a,dpu,1528.54,1547.56
0,296,g_a_cpu,cpu,1547.57,1548.19
0,296,eb_enc,cpu,1548.19,1553.04
0,315,normalize,cpu,1553.51,1557.25
0,315,g_a_cpu,cpu,1557.26,1558
0,315,g_a,dpu,1558,1579.47
0,315,g_a,dpu,1579.47,1605.83
0,315,g_a_cpu,cpu,1605.83,1606.43
0,315,eb_enc,cpu,1606.44,1611.38
0,325,normalize,cpu,1611.91,1615.77
0,325,g_a_cpu,cpu,1615.78,1616.24
0,325,g_a,dpu,1616.24,1661.41
0,325,g_a,dpu,1661.42,1690.75
0,325,g_a_cpu,cpu,1690.76,1691.21
0,325,eb_enc,cpu,1691.22,1696.28
0,345,normalize,cpu,1696.99,1700.75
0,345,g_a_cpu,cpu,1700.75,1701.19
0,345,g_a,dpu,1701.19,1729.82
0,345,g_a,dpu,1729.82,1735.36
0,345,g_a_cpu,cpu,1735.36,1735.73
0,345,eb_enc,cpu,1735.73,1740.73
0,354,normalize,cpu,1741.36,1749.86
0,354,g_a_cpu,cpu,1749.87,1750.43
0,354,g_a,dpu,1750.43,1765.32
0,354,g_a,dpu,1765.32,1804.82
0,354,g_a_cpu,cpu,1804.82,1805.58
0,354,eb_enc,cpu,1805.58,1812.64
0,369,normalize,cpu,1813.39,1827.17
0,369,g_a_cpu,cpu,1827.18,1827.68
0,369,g_a,dpu,1827.68,1868.89
0,369,g_a,dpu,1868.89,1874.22
0,369,g_a_cpu,cpu,1874.23,1874.73
0,369,eb_enc,cpu,1874.73,1879.63
0,383,normalize,cpu,1880.23,1883.88
0,383,g_a_cpu,cpu,1883.89,1884.55
0,383,g_a,dpu,1884.55,1925.13
0,383,g_a,dpu,1925.13,1951.62
0,383,g_a_cpu,cpu,1951.62,1952.25
0,383,eb_enc,cpu,1952.25,1957.44
0,400,normalize,cpu,1957.97,1963.85
0,400,g_a_cpu,cpu,1963.86,1964.32
0,400,g_a,dpu,1964.32,1981.45
0,400,g_a,dpu,1981.45,1986.78
0,400,g_a_cpu,cpu,1986.78,1987.24
0,400,eb_enc,cpu,1987.24,1992.5
0,408,normalize,cpu,1993.58,1997.45
0,408,g_a_cpu,cpu,1997.45,1997.91
0,408,g_a,dpu,1997.92,2026.7
0,408,g_a,dpu,2026.7,2044.64
0,408,g_a_cpu,cpu,2044.64,2045.27
0,408,eb_enc,cpu,2045.28,2050.44
0,419,normalize,cpu,2051.47,2058.59
0,419,g_a_cpu,cpu,2058.59,2059.23
0,419,g_a,dpu,2059.23,2086.27
0,419,g_a,dpu,2086.27,2091.5
0,419,g_a_cpu,cpu,2091.51,2091.97
0,419,eb_enc,cpu,2091.97,2097.38
0,430,normalize,cpu,2098.03,2102.75
0,430,g_a_cpu,cpu,2102.75,2103.24
0,430,g_a,dpu,2103.24,2127.64
0,430,g_a,dpu,2127.64,2132.88
0,430,g_a_cpu,cpu,2132.88,2133.69
0,430,eb_enc,cpu,2133.69,2139.13
0,440,normalize,cpu,2139.74,2143.66
0,440,g_a_cpu,cpu,2143.67,2144.22
0,440,g_a,dpu,2144.22,2168.37
0,440,g_a,dpu,2168.37,2194.57
0,440,g_a_cpu,cpu,2194.57,2195.04
0,440,eb_enc,cpu,2195.04,2199.85
0,453,normalize,cpu,2200.4,2204.45
0,453,g_a_cpu,cpu,2204.45,2204.92
0,453,g_a,dpu,2204.92,2226.32
0,453,g_a,dpu,2226.32,2231.49
0,453,g_a_cpu,cpu,2231.49,2231.89
0,453,eb_enc,cpu,2231.89,2237.24
0,460,normalize,cpu,2238.01,2241.9
0,460,g_a_cpu,cpu,2241.9,2242.3
0,460,g_a,dpu,2242.31,2262.15
0,460,g_a,dpu,2262.15,2298.48
0,460,g_a_cpu,cpu,2298.48,2298.96
0,460,eb_enc,cpu,2298.97,2304.28
0,472,normalize,cpu,2305.02,2309.38
0,472,g_a_cpu,cpu,2309.39,2309.94
0,472,g_a,dpu,2309.94,2326.07
0,472,g_a,dpu,2326.07,2331.35
0,472,g_a_cpu,cpu,2331.35,2331.83
0,472,eb_enc,cpu,2331.84,2336.96
0,481,normalize,cpu,2337.54,2341.37
0,481,g_a_cpu,cpu,2341.37,2341.93
0,481,g_a,dpu,2341.93,2397.77
0,481,g_a,dpu,2397.77,2403.09
0,481,g_a_cpu,cpu,2403.09,2403.68
0,481,eb_enc,cpu,2403.68,2408.6
0,498,normalize,cpu,2409.07,2413.39
0,498,g_a_cpu,cpu,2413.39,2413.75
0,498,g_a,dpu,2413.76,2427.01
0,498,g_a,dpu,2427.01,2445.96
0,498,g_a_cpu,cpu,2445.96,2446.4
0,498,eb_enc,cpu,2446.41,2451.43
0,508,normalize,cpu,2452.18,2456.53
0,508,g_a_cpu,cpu,2456.53,2456.86
0,508,g_a,dpu,2456.87,2468.74
0,508,g_a,dpu,2468.74,2473.98
0,508,g_a_cpu,cpu,2473.99,2474.38
0,508,eb_enc,cpu,2474.38,2479.34
0,513,normalize,cpu,2479.96,2483.85
0,513,g_a_cpu,cpu,2483.86,2484.45
0,513,g_a,dpu,2484.45,2543.64
0,513,g_a,dpu,2543.64,2549.55
0,513,g_a_cpu,cpu,2549.55,2550.15
0,513,eb_enc,cpu,2550.17,2555.15
0,530,normalize,cpu,2555.72,2563.43
0,530,g_a_cpu,cpu,2563.43,2563.85
0,530,g_a,dpu,2563.85,2581.35
0,530,g_a,dpu,2581.36,2586.95
0,530,g_a_cpu,cpu,2586.95,2588.83
0,530,eb_enc,cpu,2588.84,2595.26
0,536,normalize,cpu,2595.94,2599.76
0,536,g_a_cpu,cpu,2599.76,2600.25
0,536,g_a,dpu,2600.25,2605.98
0,536,g_a,dpu,2605.98,2616.79
0,536,g_a_cpu,cpu,2616.79,2617.22
0,536,eb_enc,cpu,2617.23,2622.41
0,544,normalize,cpu,2623.1,2626.83
0,544,g_a_cpu,cpu,2626.83,2627.6
0,544,g_a,dpu,2627.6,2641.41
0,544,g_a,dpu,2641.41,2648.57
0,544,g_a_cpu,cpu,2648.57,2649.12
0,544,eb_enc,cpu,2649.12,2654.26
0,549,normalize,cpu,2655.08,2658.87
0,549,g_a_cpu,cpu,2658.87,2659.47
0,549,g_a,dpu,2659.47,2669.99
0,549,g_a,dpu,2669.99,2710.4
0,549,g_a_cpu,cpu,2710.4,2711.09
0,549,eb_enc,cpu,2711.09,2716.12
0,563,normalize,cpu,2716.76,2720.54
0,563,g_a_cpu,cpu,2720.54,2720.99
0,563,g_a,dpu,2720.99,2726.35
0,563,g_a,dpu,2726.35,2731.51
0,563,g_a_cpu,cpu,2731.51,2732.16
0,563,eb_enc,cpu,2732.17,2738.18
0,569,normalize,cpu,2738.78,2752.62
0,569,g_a_cpu,cpu,2752.62,2753.31
0,569,g_a,dpu,2753.31,2769.75
0,569,g_a,dpu,2769.75,2797.78
0,569,g_a_cpu,cpu,2797.78,2798.46
0,569,eb_enc,cpu,2798.47,2814.29
0,585,normalize,cpu,2814.73,2818.52
0,585,g_a_cpu,cpu,2818.52,2818.96
0,585,g_a,dpu,2818.96,2830.78
0,585,g_a,dpu,2830.78,2836.06
0,585,g_a_cpu,cpu,2836.06,2836.6
0,585,eb_enc,cpu,2836.6,2841.57
0,591,normalize,cpu,2842.07,2849.47
0,591,g_a_cpu,cpu,2849.48,2850.2
0,591,g_a,dpu,2850.21,2856.22
0,591,g_a,dpu,2856.22,2909.35
0,591,g_a_cpu,cpu,2909.35,2909.81
0,591,eb_enc,cpu,2909.81,2914.77
0,604,normalize,cpu,2915.4,2919.22
0,604,g_a_cpu,cpu,2919.22,2919.74
0,604,g_a,dpu,2919.75,2931.43
0,604,g_a,dpu,2931.43,2953.79
0,604,g_a_cpu,cpu,2953.79,2954.3
0,604,eb_enc,cpu,2954.31,2959.13
0,615,normalize,cpu,2959.65,2963.44
0,615,g_a_cpu,cpu,2963.44,2963.77
0,615,g_a,dpu,2963.77,2979.45
0,615,g_a,dpu,2979.46,3015.43
0,615,g_a_cpu,cpu,3015.43,3015.92
0,615,eb_enc,cpu,3015.92,3020.77
0,627,normalize,cpu,3021.64,3026.08
0,627,g_a_cpu,cpu,3026.08,3026.75
0,627,g_a,dpu,3026.75,3037.01
0,627,g_a,dpu,3037.01,3074.22
0,627,g_a_cpu,cpu,3074.22,3074.85
0,627,eb_enc,cpu,3074.85,3080.38
0,640,normalize,cpu,3081.03,3084.77
0,640,g_a_cpu,cpu,3084.78,3085.29
0,640,g_a,dpu,3085.29,3106.21
0,640,g_a,dpu,3106.21,3111.21
0,640,g_a_cpu,cpu,3111.21,3111.86
0,640,eb_enc,cpu,3111.86,3117.33
0,645,normalize,cpu,3118.06,3121.92
0,645,g_a_cpu,cpu,3121.93,3122.58
0,645,g_a,dpu,3122.58,3135.36
0,645,g_a,dpu,3135.36,3140.86
0,645,g_a_cpu,cpu,3140.86,3141.45
0,645,eb_enc,cpu,3141.46,3148.48
0,654,normalize,cpu,3149.87,3154.66
0,654,g_a_cpu,cpu,3154.66,3155.34
0,654,g_a,dpu,3155.34,3173.23
0,654,g_a,dpu,3173.23,3178.54
0,654,g_a_cpu,cpu,3178.54,3179.01
0,654,eb_enc,cpu,3179.02,3184.37
0,664,normalize,cpu,3185.23,3189.06
0,664,g_a_cpu,cpu,3189.06,3189.54
0,664,g_a,dpu,3189.54,3222.29
0,664,g_a,dpu,3222.29,3243.96
0,664,g_a_cpu,cpu,3243.96,3244.57
0,664,eb_enc,cpu,3244.57,3249.46
0,677,normalize,cpu,3250.37,3254.08
0,677,g_a_cpu,cpu,3254.08,3255.77
0,677,g_a,dpu,3255.78,3288.89
0,677,g_a,dpu,3288.89,3294.2
0,677,g_a_cpu,cpu,3294.2,3294.58
0,677,eb_enc,cpu,3294.59,3299.77
0,689,normalize,cpu,3300.59,3304.39
0,689,g_a_cpu,cpu,3304.39,3304.72
0,689,g_a,dpu,3304.73,3342.69
0,689,g_a,dpu,3342.7,3348.56
0,689,g_a_cpu,cpu,3348.56,3349.07
0,689,eb_enc,cpu,3349.07,3354.23
0,700,normalize,cpu,3354.81,3358.48
0,700,g_a_cpu,cpu,3358.49,3358.87
0,700,g_a,dpu,3358.87,3375.64
0,700,g_a,dpu,3375.64,3380.9
0,700,g_a_cpu,cpu,3380.91,3381.34
0,700,eb_enc,cpu,3381.34,3386.42
0,706,normalize,cpu,3387,3390.77
0,706,g_a_cpu,cpu,3390.78,3391.22
0,706,g_a,dpu,3391.22,3433.84
0,706,g_a,dpu,3433.84,3438.84
0,706,g_a_cpu,cpu,3438.84,3439.31
0,706,eb_enc,cpu,3439.31,3444.43
0,720,normalize,cpu,3445.09,3448.86
0,720,g_a_cpu,cpu,3448.86,3449.49
0,720,g_a,dpu,3449.49,3454.78
0,720,g_a,dpu,3454.78,3485.72
0,720,g_a_cpu,cpu,3485.72,3486.12
0,720,eb_enc,cpu,3486.12,3491.75
0,730,normalize,cpu,3492.45,3497.32
0,730,g_a_cpu,cpu,3497.33,3497.73
0,730,g_a,dpu,3497.73,3530.79
0,730,g_a,dpu,3530.79,3536.1
0,730,g_a_cpu,cpu,3536.1,3536.64
0,730,eb_enc,cpu,3536.65,3541.58
0,740,normalize,cpu,3542.23,3545.89
0,740,g_a_cpu,cpu,3545.89,3546.66
0,740,g_a,dpu,3546.66,3586.87
0,740,g_a,dpu,3586.87,3591.99
0,740,g_a_cpu,cpu,3591.99,3592.48
0,740,eb_enc,cpu,3592.49,3598.41
0,754,normalize,cpu,3599.15,3603.09
0,754,g_a_cpu,cpu,3603.09,3603.68
0,754,g_a,dpu,3603.69,3634.65
0,754,g_a,dpu,3634.65,3677.57
0,754,g_a_cpu,cpu,3677.58,3678.22
0,754,eb_enc,cpu,3678.22,3683.11
0,769,normalize,cpu,3683.54,3687.34
0,769,g_a_cpu,cpu,3687.34,3687.67
0,769,g_a,dpu,3687.68,3693.08
0,769,g_a,dpu,3693.09,3717.43
0,769,g_a_cpu,cpu,3717.44,3718.03
0,769,eb_enc,cpu,3718.04,3723.22
0,777,normalize,cpu,3723.86,3727.65
0,777,g_a_cpu,cpu,3727.65,3728.05
0,777,g_a,dpu,3728.06,3738.95
0,777,g_a,dpu,3738.95,3752.98
0,777,g_a_cpu,cpu,3752.98,3753.75
0,777,eb_enc,cpu,3753.75,3762.8
0,787,normalize,cpu,3763.71,3768.35
0,787,g_a_cpu,cpu,3768.35,3768.93
0,787,g_a,dpu,3768.93,3778.95
0,787,g_a,dpu,3778.95,3787.23
0,787,g_a_cpu,cpu,3787.23,3788.53
0,787,eb_enc,cpu,3788.53,3796.22
0,795,normalize,cpu,3796.78,3801.09
0,795,g_a_cpu,cpu,3801.1,3801.49
0,795,g_a,dpu,3801.5,3818.77
0,795,g_a,dpu,3818.77,3835.29
0,795,g_a_cpu,cpu,3835.29,3835.9
0,795,eb_enc,cpu,3835.9,3842.17
0,804,normalize,cpu,3842.77,3865.22
0,804,g_a_cpu,cpu,3865.22,3865.93
0,804,g_a,dpu,3865.94,3883.14
0,804,g_a,dpu,3883.14,3906.63
0,804,g_a_cpu,cpu,3906.63,3907.19
0,804,eb_enc,cpu,3907.19,3912.47
0,821,normalize,cpu,3913.06,3916.97
0,821,g_a_cpu,cpu,3916.97,3917.66
0,821,g_a,dpu,3917.67,3946.15
0,821,g_a,dpu,3946.15,3967.61
0,821,g_a_cpu,cpu,3967.61,3968.07
0,821,eb_enc,cpu,3968.07,3973.12
0,834,normalize,cpu,3973.82,3977.5
0,834,g_a_cpu,cpu,3977.51,3978.08
0,834,g_a,dpu,3978.08,3997.51
0,834,g_a,dpu,3997.51,4002.81
0,834,g_a_cpu,cpu,4002.81,4003.24
0,834,eb_enc,cpu,4003.24,4008.46
0,842,normalize,cpu,4009.06,4012.77
0,842,g_a_cpu,cpu,4012.78,4013.2
0,842,g_a,dpu,4013.21,4034.18
0,842,g_a,dpu,4034.18,4048.48
0,842,g_a_cpu,cpu,4048.48,4048.88
0,842,eb_enc,cpu,4048.89,4054.04
0,852,normalize,cpu,4054.79,4058.62
0,852,g_a_cpu,cpu,4058.62,4059.16
0,852,g_a,dpu,4059.16,4100.11
0,852,g_a,dpu,4100.12,4126.62
0,852,g_a_cpu,cpu,4126.62,4126.99
0,852,eb_enc,cpu,4126.99,4131.96
0,870,normalize,cpu,4132.61,4136.29
0,870,g_a_cpu,cpu,4136.29,4136.68
0,870,g_a,dpu,4136.68,4161.45
0,870,g_a,dpu,4161.46,4166.71
0,870,g_a_cpu,cpu,4166.72,4167.21
0,870,eb_enc,cpu,4167.21,4173.29
0,878,normalize,cpu,4173.76,4177.5
0,878,g_a_cpu,cpu,4177.5,4177.89
0,878,g_a,dpu,4177.89,4201.61
0,878,g_a,dpu,4201.61,4207.01
0,878,g_a_cpu,cpu,4207.01,4207.56
0,878,eb_enc,cpu,4207.56,4213.12
0,887,normalize,cpu,4213.83,4221.69
0,887,g_a_cpu,cpu,4221.69,4222.15
0,887,g_a,dpu,4222.15,4227.62
0,887,g_a,dpu,4227.62,4269.84
0,887,g_a_cpu,cpu,4269.84,4270.39
0,887,eb_enc,cpu,4270.39,4275.47
0,902,normalize,cpu,4276.32,4279.97
0,902,g_a_cpu,cpu,4279.98,4280.48
0,902,g_a,dpu,4280.48,4287.04
0,902,g_a,dpu,4287.04,4295.88
0,902,g_a_cpu,cpu,4295.88,4296.42
0,902,eb_enc,cpu,4296.43,4302.79
0,908,normalize,cpu,4303.61,4308.18
0,908,g_a_cpu,cpu,4308.18,4308.73
0,908,g_a,dpu,4308.73,4323.14
0,908,g_a,dpu,4323.14,4345.01
0,908,g_a_cpu,cpu,4345.01,4345.68
0,908,eb_enc,cpu,4345.69,4350.74
0,919,normalize,cpu,4351.48,4355.64
0,919,g_a_cpu,cpu,4355.64,4356.05
0,919,g_a,dpu,4356.06,4398.7
0,919,g_a,dpu,4398.7,4407.65
0,919,g_a_cpu,cpu,4407.65,4408.08
0,919,eb_enc,cpu,4408.08,4413.59
1,7,normalize,cpu,75.5373,79.5233
1,7,g_a_cpu,cpu,83.0544,83.5878
1,7,g_a,dpu,83.5915,91.6759
1,7,g_a,dpu,91.6812,97.1012
1,7,g_a_cpu,cpu,97.1027,97.5996
1,7,eb_enc,cpu,97.6078,107.036
1,14,normalize,cpu,107.857,116.396
1,14,g_a_cpu,cpu,116.4,116.935
1,14,g_a,dpu,116.942,135.944
1,14,g_a,dpu,135.954,156.183
1,14,g_a_cpu,cpu,156.185,156.801
1,14,eb_enc,cpu,156.804,162.086
1,25,normalize,cpu,162.785,178.082
1,25,g_a_cpu,cpu,178.092,178.636
1,25,g_a,dpu,178.643,216.405
1,25,g_a,dpu,216.406,222.139
1,25,g_a_cpu,cpu,222.14,222.576
1,25,eb_enc,cpu,222.583,227.703
1,39,normalize,cpu,228.268,232.056
1,39,g_a_cpu,cpu,232.07,232.582
1,39,g_a,dpu,232.584,260.676
1,39,g_a,dpu,260.681,289.298
1,39,g_a_cpu,cpu,289.299,289.743
1,39,eb_enc,cpu,289.745,294.853
1,53,normalize,cpu,295.4,299.205
1,53,g_a_cpu,cpu,299.211,299.806
1,53,g_a,dpu,299.808,320.41
1,53,g_a,dpu,320.412,373.525
1,53,g_a_cpu,cpu,373.526,374.244
1,53,eb_enc,cpu,374.247,379.375
1,69,normalize,cpu,379.941,383.693
1,69,g_a_cpu,cpu,383.699,384.36
1,69,g_a,dpu,384.364,441.548
1,69,g_a,dpu,441.563,464.94
1,69,g_a_cpu,cpu,464.942,465.561
1,69,eb_enc,cpu,465.565,470.937
1,87,normalize,cpu,473.75,477.497
1,87,g_a_cpu,cpu,477.504,477.999
1,87,g_a,dpu,478.004,521.19
1,87,g_a,dpu,521.192,526.9
1,87,g_a_cpu,cpu,526.902,527.464
1,87,eb_enc,cpu,527.466,532.678
1,101,normalize,cpu,533.315,537.08
1,101,g_a_cpu,cpu,537.084,537.672
1,101,g_a,dpu,537.675,553.973
1,101,g_a,dpu,553.975,563.099
1,101,g_a_cpu,cpu,563.1,563.795
1,101,eb_enc,cpu,563.797,568.996
1,109,normalize,cpu,569.887,577.456
1,109,g_a_cpu,cpu,577.46,577.841
1,109,g_a,dpu,577.845,614.196
1,109,g_a,dpu,614.197,651.392
1,109,g_a_cpu,cpu,651.397,651.953
1,109,eb_enc,cpu,651.957,661.956
1,129,normalize,cpu,679.602,694.608
1,129,g_a_cpu,cpu,694.61,694.992
1,129,g_a,dpu,694.995,719.077
1,129,g_a,dpu,719.078,724.319
1,129,g_a_cpu,cpu,724.321,725.08
1,129,eb_enc,cpu,725.083,731.167
1,141,normalize,cpu,731.719,737.497
1,141,g_a_cpu,cpu,737.502,738.135
1,141,g_a,dpu,738.138,743.499
1,141,g_a,dpu,743.502,757.895
1,141,g_a_cpu,cpu,757.897,758.306
1,141,eb_enc,cpu,758.317,767.218
1,150,normalize,cpu,767.775,771.479
1,150,g_a_cpu,cpu,771.482,771.966
1,150,g_a,dpu,771.968,810.697
1,150,g_a,dpu,810.7,834.53
1,150,g_a_cpu,cpu,834.532,835.068
1,150,eb_enc,cpu,835.07,840.247
1,166,normalize,cpu,841.962,845.707
1,166,g_a_cpu,cpu,845.71,846.108
1,166,g_a,dpu,846.11,897.126
1,166,g_a,dpu,897.128,902.634
1,166,g_a_cpu,cpu,902.636,903.03
1,166,eb_enc,cpu,903.031,908.172
1,179,normalize,cpu,908.8,912.527
1,179,g_a_cpu,cpu,912.54,913.228
1,179,g_a,dpu,913.234,947.556
1,179,g_a,dpu,947.558,972.291
1,179,g_a_cpu,cpu,972.292,972.89
1,179,eb_enc,cpu,972.894,979.057
1,193,normalize,cpu,979.723,991.132
1,193,g_a_cpu,cpu,991.136,991.557
1,193,g_a,dpu,991.561,1003.69
1,193,g_a,dpu,1003.69,1037.96
1,193,g_a_cpu,cpu,1037.96,1038.32
1,193,eb_enc,cpu,1038.33,1043.57
1,207,normalize,cpu,1044.3,1048.04
1,207,g_a_cpu,cpu,1048.05,1048.44
1,207,g_a,dpu,1048.44,1095.07
1,207,g_a,dpu,1095.07,1115.1
1,207,g_a_cpu,cpu,1115.1,1115.67
1,207,eb_enc,cpu,1115.67,1120.7
1,224,normalize,cpu,1121.6,1125.29
1,224,g_a_cpu,cpu,1125.29,1125.65
1,224,g_a,dpu,1125.65,1141.36
1,224,g_a,dpu,1141.36,1146.55
1,224,g_a_cpu,cpu,1146.55,1147.25
1,224,eb_enc,cpu,1147.25,1152.33
1,231,normalize,cpu,1153.17,1156.79
1,231,g_a_cpu,cpu,1156.8,1157.19
1,231,g_a,dpu,1157.2,1181.36
1,231,g_a,dpu,1181.37,1211.05
1,231,g_a_cpu,cpu,1211.05,1211.83
1,231,eb_enc,cpu,1211.84,1216.89
1,242,normalize,cpu,1217.94,1221.66
1,242,g_a_cpu,cpu,1221.67,1223.06
1,242,g_a,dpu,1223.06,1262.09
1,242,g_a,dpu,1262.09,1292.41
1,242,g_a_cpu,cpu,1292.41,1292.78
1,242,eb_enc,cpu,1292.78,1297.98
1,259,normalize,cpu,1298.55,1302.35
1,259,g_a_cpu,cpu,1302.35,1302.68
1,259,g_a,dpu,1302.69,1336.83
1,259,g_a,dpu,1336.83,1356.57
1,259,g_a_cpu,cpu,1356.57,1357.47
1,259,eb_enc,cpu,1357.48,1362.86
1,273,normalize,cpu,1363.44,1367.1
1,273,g_a_cpu,cpu,1367.1,1367.46
1,273,g_a,dpu,1367.47,1373.02
1,273,g_a,dpu,1373.02,1415.13
1,273,g_a_cpu,cpu,1415.14,1415.8
1,273,eb_enc,cpu,1415.8,1426.98
1,289,normalize,cpu,1427.9,1442.45
1,289,g_a_cpu,cpu,1442.45,1442.96
1,289,g_a,dpu,1442.96,1458.65
1,289,g_a,dpu,1458.67,1480.12
1,289,g_a_cpu,cpu,1480.13,1480.64
1,289,eb_enc,cpu,1480.65,1485.94
1,300,normalize,cpu,1486.6,1490.52
1,300,g_a_cpu,cpu,1490.53,1491.04
1,300,g_a,dpu,1491.05,1496.7
1,300,g_a,dpu,1496.71,1502.52
1,300,g_a_cpu,cpu,1502.52,1503.24
1,300,eb_enc,cpu,1503.24,1509.79
1,305,normalize,cpu,1510.5,1514.65
1,305,g_a_cpu,cpu,1514.66,1515.37
1,305,g_a,dpu,1515.37,1542.48
1,305,g_a,dpu,1542.48,1563
1,305,g_a_cpu,cpu,1563.01,1563.57
1,305,eb_enc,cpu,1563.57,1568.71
1,316,normalize,cpu,1569.43,1573.28
1,316,g_a_cpu,cpu,1573.28,1573.68
1,316,g_a,dpu,1573.69,1600.18
1,316,g_a,dpu,1600.18,1605.84
1,316,g_a_cpu,cpu,1605.84,1606.47
1,316,eb_enc,cpu,1606.47,1612.38
1,327,normalize,cpu,1612.81,1616.51
1,327,g_a_cpu,cpu,1616.52,1616.99
1,327,g_a,dpu,1616.99,1638.15
1,327,g_a,dpu,1638.15,1644.97
1,327,g_a_cpu,cpu,1644.97,1645.85
1,327,eb_enc,cpu,1645.85,1653.19
1,335,normalize,cpu,1653.77,1663.52
1,335,g_a_cpu,cpu,1663.52,1663.99
1,335,g_a,dpu,1663.99,1681.35
1,335,g_a,dpu,1681.36,1702
1,335,g_a_cpu,cpu,1702,1702.65
1,335,eb_enc,cpu,1702.65,1707.74
1,348,normalize,cpu,1708.28,1711.99
1,348,g_a_cpu,cpu,1711.99,1712.44
1,348,g_a,dpu,1712.44,1724.27
1,348,g_a,dpu,1724.28,1744.6
1,348,g_a_cpu,cpu,1744.6,1745.23
1,348,eb_enc,cpu,1745.23,1753.31
1,357,normalize,cpu,1755.2,1758.93
1,357,g_a_cpu,cpu,1758.93,1759.63
1,357,g_a,dpu,1759.63,1786.97
1,357,g_a,dpu,1786.97,1799.83
1,357,g_a_cpu,cpu,1799.83,1800.56
1,357,eb_enc,cpu,1800.56,1805.93
1,368,normalize,cpu,1806.45,1813.8
1,368,g_a_cpu,cpu,1813.8,1814.21
1,368,g_a,dpu,1814.21,1873.5
1,368,g_a,dpu,1873.5,1892.4
1,368,g_a_cpu,cpu,1892.41,1893.04
1,368,eb_enc,cpu,1893.04,1898.3
1,386,normalize,cpu,1899.14,1902.95
1,386,g_a_cpu,cpu,1902.95,1903.44
1,386,g_a,dpu,1903.45,1911.34
1,386,g_a,dpu,1911.34,1951.86
1,386,g_a_cpu,cpu,1951.86,1952.66
1,386,eb_enc,cpu,1952.66,1963.32
1,401,normalize,cpu,1964.01,1968.53
1,401,g_a_cpu,cpu,1968.54,1969
1,401,g_a,dpu,1969,1984.59
1,401,g_a,dpu,1984.59,1999.48
1,401,g_a_cpu,cpu,1999.48,2000.14
1,401,eb_enc,cpu,2000.14,2005.54
1,409,normalize,cpu,2006.57,2010.29
1,409,g_a_cpu,cpu,2010.29,2010.79
1,409,g_a,dpu,2010.79,2035.08
1,409,g_a,dpu,2035.08,2044.69
1,409,g_a_cpu,cpu,2044.69,2045.32
1,409,eb_enc,cpu,2045.32,2051.94
1,420,normalize,cpu,2052.54,2056.26
1,420,g_a_cpu,cpu,2056.26,2056.61
1,420,g_a,dpu,2056.61,2080.75
1,420,g_a,dpu,2080.75,2086.97
1,420,g_a_cpu,cpu,2086.97,2087.53
1,420,eb_enc,cpu,2087.53,2096.82
1,429,normalize,cpu,2097.62,2102.13
1,429,g_a_cpu,cpu,2102.13,2102.7
1,429,g_a,dpu,2102.7,2118
1,429,g_a,dpu,2118,2123.21
1,429,g_a_cpu,cpu,2123.22,2123.68
1,429,eb_enc,cpu,2123.68,2128.79
1,438,normalize,cpu,2129.48,2133.19
1,438,g_a_cpu,cpu,2133.19,2133.96
1,438,g_a,dpu,2133.97,2182.42
1,438,g_a,dpu,2182.42,2187.56
1,438,g_a_cpu,cpu,2187.56,2188.11
1,438,eb_enc,cpu,2188.11,2194.29
1,451,normalize,cpu,2195,2198.77
1,451,g_a_cpu,cpu,2198.77,2199.17
1,451,g_a,dpu,2199.18,2238.47
1,451,g_a,dpu,2238.47,2274.15
1,451,g_a_cpu,cpu,2274.15,2274.8
1,451,eb_enc,cpu,2274.81,2280.32
1,468,normalize,cpu,2280.83,2284.59
1,468,g_a_cpu,cpu,2284.59,2285.04
1,468,g_a,dpu,2285.04,2304.04
1,468,g_a,dpu,2304.04,2335.22
1,468,g_a_cpu,cpu,2335.22,2335.9
1,468,eb_enc,cpu,2335.9,2341.4
1,482,normalize,cpu,2342.23,2351.52
1,482,g_a_cpu,cpu,2351.52,2352.19
1,482,g_a,dpu,2352.19,2378.39
1,482,g_a,dpu,2378.39,2383.7
1,482,g_a_cpu,cpu,2383.7,2384.24
1,482,eb_enc,cpu,2384.25,2389.77
1,493,normalize,cpu,2390.54,2407.04
1,493,g_a_cpu,cpu,2407.04,2407.42
1,493,g_a,dpu,2407.42,2429.56
1,493,g_a,dpu,2429.56,2457.25
1,493,g_a_cpu,cpu,2457.26,2457.85
1,493,eb_enc,cpu,2457.85,2462.8
1,511,normalize,cpu,2463.83,2467.58
1,511,g_a_cpu,cpu,2467.58,2467.99
1,511,g_a,dpu,2467.99,2473.26
1,511,g_a,dpu,2473.26,2502.79
1,511,g_a_cpu,cpu,2502.79,2503.24
1,511,eb_enc,cpu,2503.24,2509.12
1,521,normalize,cpu,2511,2514.7
1,521,g_a_cpu,cpu,2514.71,2515.26
1,521,g_a,dpu,2515.27,2521.26
1,521,g_a,dpu,2521.26,2557.41
1,521,g_a_cpu,cpu,2557.41,2557.91
1,521,eb_enc,cpu,2557.92,2562.92
1,532,normalize,cpu,2563.61,2567.45
1,532,g_a_cpu,cpu,2567.45,2567.95
1,532,g_a,dpu,2567.95,2606.64
1,532,g_a,dpu,2606.64,2626.74
1,532,g_a_cpu,cpu,2626.75,2627.49
1,532,eb_enc,cpu,2627.51,2632.62
1,545,normalize,cpu,2633.3,2636.91
1,545,g_a_cpu,cpu,2636.92,2637.38
1,545,g_a,dpu,2637.39,2667.15
1,545,g_a,dpu,2667.16,2672.3
1,545,g_a_cpu,cpu,2672.3,2672.68
1,545,eb_enc,cpu,2672.68,2677.84
1,555,normalize,cpu,2678.48,2682.22
1,555,g_a_cpu,cpu,2682.22,2682.66
1,555,g_a,dpu,2682.66,2701.39
1,555,g_a,dpu,2701.39,2721.92
1,555,g_a_cpu,cpu,2721.93,2722.5
1,555,eb_enc,cpu,2722.5,2727.55
1,567,normalize,cpu,2728.1,2731.76
1,567,g_a_cpu,cpu,2731.77,2732.44
1,567,g_a,dpu,2732.44,2754.07
1,567,g_a,dpu,2754.07,2778.59
1,567,g_a_cpu,cpu,2778.59,2779.15
1,567,eb_enc,cpu,2779.15,2784.19
1,579,normalize,cpu,2785.08,2788.73
1,579,g_a_cpu,cpu,2788.74,2789.42
1,579,g_a,dpu,2789.43,2826.98
1,579,g_a,dpu,2826.98,2858.95
1,579,g_a_cpu,cpu,2858.96,2859.51
1,579,eb_enc,cpu,2859.51,2864.58
1,595,normalize,cpu,2865.58,2869.27
1,595,g_a_cpu,cpu,2869.27,2869.68
1,595,g_a,dpu,2869.68,2898.11
1,595,g_a,dpu,2898.11,2903.31
1,595,g_a_cpu,cpu,2903.31,2903.68
1,595,eb_enc,cpu,2903.68,2908.64
1,603,normalize,cpu,2909.14,2912.89
1,603,g_a_cpu,cpu,2912.9,2913.26
1,603,g_a,dpu,2913.26,2965.76
1,603,g_a,dpu,2965.76,2985.42
1,603,g_a_cpu,cpu,2985.42,2985.82
1,603,eb_enc,cpu,2985.82,2993.86
1,619,normalize,cpu,2994.73,2998.6
1,619,g_a_cpu,cpu,2998.61,2999.03
1,619,g_a,dpu,2999.04,3004.43
1,619,g_a,dpu,3004.43,3009.66
1,619,g_a_cpu,cpu,3009.66,3010
1,619,eb_enc,cpu,3010,3015.07
1,625,normalize,cpu,3015.86,3019.71
1,625,g_a_cpu,cpu,3019.72,3020.1
1,625,g_a,dpu,3020.1,3035.38
1,625,g_a,dpu,3035.39,3116.34
1,625,g_a_cpu,cpu,3116.35,3117.02
1,625,eb_enc,cpu,3117.02,3122.24
1,647,normalize,cpu,3123.01,3126.69
1,647,g_a_cpu,cpu,3126.7,3127.25
1,647,g_a,dpu,3127.26,3190.29
1,647,g_a,dpu,3190.29,3195.37
1,647,g_a_cpu,cpu,3195.37,3195.74
1,647,eb_enc,cpu,3195.74,3200.66
1,667,normalize,cpu,3201.24,3204.88
1,667,g_a_cpu,cpu,3204.88,3205.57
1,667,g_a,dpu,3205.57,3220.71
1,667,g_a,dpu,3220.71,3238.19
1,667,g_a_cpu,cpu,3238.19,3238.74
1,667,eb_enc,cpu,3238.74,3244.03
1,675,normalize,cpu,3244.87,3249.42
1,675,g_a_cpu,cpu,3249.43,3250.11
1,675,g_a,dpu,3250.12,3281.89
1,675,g_a,dpu,3281.89,3305.24
1,675,g_a_cpu,cpu,3305.24,3305.6
1,675,eb_enc,cpu,3305.6,3310.42
1,691,normalize,cpu,3313.95,3318.59
1,691,g_a_cpu,cpu,3318.6,3319.21
1,691,g_a,dpu,3319.22,3329.55
1,691,g_a,dpu,3329.55,3371.1
1,691,g_a_cpu,cpu,3371.11,3371.83
1,691,eb_enc,cpu,3371.84,3378.23
1,705,normalize,cpu,3378.97,3382.82
1,705,g_a_cpu,cpu,3382.83,3397.57
1,705,g_a,dpu,3397.57,3415.97
1,705,g_a,dpu,3415.98,3421.78
1,705,g_a_cpu,cpu,3421.78,3422.36
1,705,eb_enc,cpu,3422.37,3427.33
1,716,normalize,cpu,3427.87,3431.62
1,716,g_a_cpu,cpu,3431.62,3432.16
1,716,g_a,dpu,3432.16,3478.02
1,716,g_a,dpu,3478.02,3494.51
1,716,g_a_cpu,cpu,3494.51,3495.12
1,716,eb_enc,cpu,3495.13,3500.33
1,732,normalize,cpu,3500.89,3504.65
1,732,g_a_cpu,cpu,3504.66,3504.95
1,732,g_a,dpu,3504.96,3537.43
1,732,g_a,dpu,3537.43,3557.65
1,732,g_a_cpu,cpu,3557.65,3558.2
1,732,eb_enc,cpu,3558.2,3563.93
1,745,normalize,cpu,3564.54,3568.56
1,745,g_a_cpu,cpu,3568.57,3568.97
1,745,g_a,dpu,3568.98,3592.94
1,745,g_a,dpu,3592.94,3619.79
1,745,g_a_cpu,cpu,3619.8,3620.28
1,745,eb_enc,cpu,3620.28,3630.64
1,759,normalize,cpu,3631.46,3636.1
1,759,g_a_cpu,cpu,3636.1,3636.62
1,759,g_a,dpu,3636.63,3642.26
1,759,g_a,dpu,3642.26,3647.73
1,759,g_a_cpu,cpu,3647.73,3648.18
1,759,eb_enc,cpu,3648.18,3655.15
1,763,normalize,cpu,3656.02,3660.58
1,763,g_a_cpu,cpu,3660.58,3661.02
1,763,g_a,dpu,3661.03,3682.04
1,763,g_a,dpu,3682.04,3688.55
1,763,g_a_cpu,cpu,3688.55,3689.27
1,763,eb_enc,cpu,3689.27,3694.39
1,772,normalize,cpu,3695.05,3698.83
1,772,g_a_cpu,cpu,3698.84,3699.16
1,772,g_a,dpu,3699.16,3717.83
1,772,g_a,dpu,3717.83,3753.73
1,772,g_a_cpu,cpu,3753.74,3754.51
1,772,eb_enc,cpu,3754.51,3759.77
1,786,normalize,cpu,3760.47,3766.14
1,786,g_a_cpu,cpu,3766.14,3766.72
1,786,g_a,dpu,3766.73,3797.74
1,786,g_a,dpu,3797.74,3806.41
1,786,g_a_cpu,cpu,3806.41,3806.73
1,786,eb_enc,cpu,3806.73,3811.68
1,799,normalize,cpu,3812.21,3815.9
1,799,g_a_cpu,cpu,3815.91,3816.3
1,799,g_a,dpu,3816.3,3834.06
1,799,g_a,dpu,3834.06,3859.98
1,799,g_a_cpu,cpu,3859.98,3860.56
1,799,eb_enc,cpu,3860.58,3865.77
1,812,normalize,cpu,3866.54,3870.26
1,812,g_a_cpu,cpu,3870.27,3871.11
1,812,g_a,dpu,3871.12,3887.65
1,812,g_a,dpu,3887.65,3926.08
1,812,g_a_cpu,cpu,3926.08,3926.66
1,812,eb_enc,cpu,3926.66,3931.7
1,826,normalize,cpu,3932.27,3935.96
1,826,g_a_cpu,cpu,3935.97,3936.37
1,826,g_a,dpu,3936.37,3942.3
1,826,g_a,dpu,3942.3,3994.31
1,826,g_a_cpu,cpu,3994.31,3994.85
1,826,eb_enc,cpu,3994.86,3999.93
1,839,normalize,cpu,4000.55,4004.23
1,839,g_a_cpu,cpu,4004.23,4004.63
1,839,g_a,dpu,4004.63,4018.08
1,839,g_a,dpu,4018.08,4023.31
1,839,g_a_cpu,cpu,4023.31,4023.67
1,839,eb_enc,cpu,4023.67,4028.78
1,847,normalize,cpu,4029.58,4033.29
1,847,g_a_cpu,cpu,4033.29,4033.66
1,847,g_a,dpu,4033.66,4052.19
1,847,g_a,dpu,4052.19,4057.59
1,847,g_a_cpu,cpu,4057.59,4057.98
1,847,eb_enc,cpu,4057.98,4063.01
1,854,normalize,cpu,4063.66,4067.45
1,854,g_a_cpu,cpu,4067.46,4067.84
1,854,g_a,dpu,4067.85,4090.62
1,854,g_a,dpu,4090.62,4129.02
1,854,g_a_cpu,cpu,4129.02,4129.45
1,854,eb_enc,cpu,4129.45,4134.39
1,871,normalize,cpu,4134.95,4138.69
1,871,g_a_cpu,cpu,4138.69,4139.04
1,871,g_a,dpu,4139.05,4162.92
1,871,g_a,dpu,4162.92,4189.79
1,871,g_a_cpu,cpu,4189.79,4190.37
1,871,eb_enc,cpu,4190.38,4195.79
1,883,normalize,cpu,4196.5,4200.3
1,883,g_a_cpu,cpu,4200.31,4200.97
1,883,g_a,dpu,4200.97,4215.97
1,883,g_a,dpu,4215.97,4230.1
1,883,g_a_cpu,cpu,4230.11,4230.62
1,883,eb_enc,cpu,4230.62,4235.73
1,892,normalize,cpu,4236.3,4240.04
1,892,g_a_cpu,cpu,4240.04,4240.35
1,892,g_a,dpu,4240.35,4270.06
1,892,g_a,dpu,4270.06,4291.94
1,892,g_a_cpu,cpu,4291.94,4292.31
1,892,eb_enc,cpu,4292.31,4297.48
1,907,normalize,cpu,4298.08,4301.82
1,907,g_a_cpu,cpu,4301.82,4302.61
1,907,g_a,dpu,4302.62,4308.33
1,907,g_a,dpu,4308.33,4321.33
1,907,g_a_cpu,cpu,4321.33,4321.88
1,907,eb_enc,cpu,4321.88,4326.98
1,913,normalize,cpu,4327.56,4331.22
1,913,g_a_cpu,cpu,4331.22,4331.57
1,913,g_a,dpu,4331.58,4353.25
1,913,g_a,dpu,4353.25,4373.31
1,913,g_a_cpu,cpu,4373.32,4373.93
1,913,eb_enc,cpu,4373.93,4379.31
1,925,normalize,cpu,4379.91,4383.61
1,925,g_a_cpu,cpu,4383.61,4384.08
1,925,g_a,dpu,4384.08,4389.39
1,925,g_a,dpu,4389.4,4408.41
1,925,g_a_cpu,cpu,4408.41,4408.84
1,925,eb_enc,cpu,4408.85,4413.95
2,1,normalize,cpu,65.1783,68.9139
2,1,g_a_cpu,cpu,82.4839,82.9832
2,1,g_a,dpu,82.9899,99.8961
2,1,g_a,dpu,99.9005,111.471
2,1,g_a_cpu,cpu,111.473,112.092
2,1,eb_enc,cpu,112.106,139.98
2,21,normalize,cpu,140.725,150.082
2,21,g_a_cpu,cpu,150.094,152.017
2,21,g_a,dpu,152.02,187.86
2,21,g_a,dpu,187.866,206.179
2,21,g_a_cpu,cpu,206.181,206.632
2,21,eb_enc,cpu,206.635,212.304
2,36,normalize,cpu,213.246,217.268
2,36,g_a_cpu,cpu,217.28,217.977
2,36,g_a,dpu,217.979,243.103
2,36,g_a,dpu,243.106,264.368
2,36,g_a_cpu,cpu,264.37,264.895
2,36,eb_enc,cpu,264.914,270.585
2,47,normalize,cpu,271.249,274.925
2,47,g_a_cpu,cpu,274.928,275.961
2,47,g_a,dpu,275.967,305.74
2,47,g_a,dpu,305.744,339.05
2,47,g_a_cpu,cpu,339.053,339.769
2,47,eb_enc,cpu,339.771,345.468
2,61,normalize,cpu,346.096,359.187
2,61,g_a_cpu,cpu,359.193,359.69
2,61,g_a,dpu,359.696,367.127
2,61,g_a,dpu,367.131,402.447
2,61,g_a_cpu,cpu,402.449,403.107
2,61,eb_enc,cpu,403.11,408.101
2,73,normalize,cpu,408.866,412.548
2,73,g_a_cpu,cpu,412.551,412.843
2,73,g_a,dpu,412.847,433.53
2,73,g_a,dpu,433.541,454.867
2,73,g_a_cpu,cpu,454.868,455.393
2,73,eb_enc,cpu,455.395,460.82
2,84,normalize,cpu,461.58,471.549
2,84,g_a_cpu,cpu,471.553,472.083
2,84,g_a,dpu,472.086,478.301
2,84,g_a,dpu,478.303,493.463
2,84,g_a_cpu,cpu,493.465,494.18
2,84,eb_enc,cpu,494.185,499.19
2,93,normalize,cpu,499.764,503.556
2,93,g_a_cpu,cpu,503.562,504.037
2,93,g_a,dpu,504.041,522.026
2,93,g_a,dpu,522.028,530.982
2,93,g_a_cpu,cpu,530.983,531.633
2,93,eb_enc,cpu,531.635,537.428
2,102,normalize,cpu,538.08,542.665
2,102,g_a_cpu,cpu,542.669,543.21
2,102,g_a,dpu,543.214,569.309
2,102,g_a,dpu,569.312,609.596
2,102,g_a_cpu,cpu,609.601,610.27
2,102,eb_enc,cpu,610.272,615.733
2,118,normalize,cpu,616.525,620.266
2,118,g_a_cpu,cpu,620.274,620.816
2,118,g_a,dpu,620.819,650.331
2,118,g_a,dpu,650.334,656.74
2,118,g_a_cpu,cpu,656.744,657.374
2,118,eb_enc,cpu,657.381,662.777
2,127,normalize,cpu,663.668,667.629
2,127,g_a_cpu,cpu,667.635,668.237
2,127,g_a,dpu,668.247,717.692
2,127,g_a,dpu,717.695,777.493
2,127,g_a_cpu,cpu,777.495,777.923
2,127,eb_enc,cpu,777.936,782.825
2,153,normalize,cpu,783.665,787.454
2,153,g_a_cpu,cpu,787.457,788.076
2,153,g_a,dpu,788.078,812.329
2,153,g_a,dpu,812.33,818.509
2,153,g_a_cpu,cpu,818.511,819.075
2,153,eb_enc,cpu,819.079,824.179
2,161,normalize,cpu,824.967,828.84
2,161,g_a_cpu,cpu,828.845,829.287
2,161,g_a,dpu,829.291,857
2,161,g_a,dpu,857.002,877.47
2,161,g_a_cpu,cpu,877.472,877.834
2,161,eb_enc,cpu,877.837,882.764
2,176,normalize,cpu,883.246,887.019
2,176,g_a_cpu,cpu,887.023,887.428
2,176,g_a,dpu,887.431,904.815
2,176,g_a,dpu,904.817,948.756
2,176,g_a_cpu,cpu,948.76,949.946
2,176,eb_enc,cpu,949.949,955.223
2,187,normalize,cpu,955.837,959.521
2,187,g_a_cpu,cpu,959.529,959.955
2,187,g_a,dpu,959.962,999.055
2,187,g_a,dpu,999.056,1009.35
2,187,g_a_cpu,cpu,1009.35,1009.7
2,187,eb_enc,cpu,1009.7,1014.65
2,200,normalize,cpu,1015.24,1018.9
2,200,g_a_cpu,cpu,1018.9,1019.27
2,200,g_a,dpu,1019.27,1039.76
2,200,g_a,dpu,1039.76,1082.57
2,200,g_a_cpu,cpu,1082.57,1082.99
2,200,eb_enc,cpu,1082.99,1087.81
2,217,normalize,cpu,1088.35,1094.77
2,217,g_a_cpu,cpu,1094.78,1095.19
2,217,g_a,dpu,1095.19,1115.2
2,217,g_a,dpu,1115.2,1120.99
2,217,g_a_cpu,cpu,1120.99,1121.56
2,217,eb_enc,cpu,1121.57,1126.58
2,225,normalize,cpu,1127.43,1131.21
2,225,g_a_cpu,cpu,1131.22,1131.77
2,225,g_a,dpu,1131.77,1153.39
2,225,g_a,dpu,1153.39,1159.06
2,225,g_a_cpu,cpu,1159.06,1159.48
2,225,eb_enc,cpu,1159.48,1164.29
2,235,normalize,cpu,1164.8,1168.54
2,235,g_a_cpu,cpu,1168.55,1169.03
2,235,g_a,dpu,1169.04,1186.11
2,235,g_a,dpu,1186.12,1217.42
2,235,g_a_cpu,cpu,1217.42,1218.09
2,235,eb_enc,cpu,1218.09,1223.58
2,245,normalize,cpu,1224.24,1228.01
2,245,g_a_cpu,cpu,1228.02,1228.57
2,245,g_a,dpu,1228.58,1254.56
2,245,g_a,dpu,1254.56,1265.67
2,245,g_a_cpu,cpu,1265.68,1266.19
2,245,eb_enc,cpu,1266.19,1271.18
2,253,normalize,cpu,1271.77,1275.47
2,253,g_a_cpu,cpu,1275.47,1275.87
2,253,g_a,dpu,1275.88,1281.43
2,253,g_a,dpu,1281.43,1296.31
2,253,g_a_cpu,cpu,1296.31,1296.94
2,253,eb_enc,cpu,1296.95,1302.99
2,260,normalize,cpu,1303.58,1307.45
2,260,g_a_cpu,cpu,1307.46,1308.19
2,260,g_a,dpu,1308.2,1347.5
2,260,g_a,dpu,1347.5,1353.13
2,260,g_a_cpu,cpu,1353.13,1353.6
2,260,eb_enc,cpu,1353.6,1360.97
2,272,normalize,cpu,1361.63,1365.29
2,272,g_a_cpu,cpu,1365.29,1365.69
2,272,g_a,dpu,1365.69,1384.68
2,272,g_a,dpu,1384.68,1401.24
2,272,g_a_cpu,cpu,1401.24,1401.73
2,272,eb_enc,cpu,1401.73,1406.7
2,283,normalize,cpu,1407.38,1419.63
2,283,g_a_cpu,cpu,1419.64,1420.02
2,283,g_a,dpu,1420.03,1449.64
2,283,g_a,dpu,1449.64,1455.69
2,283,g_a_cpu,cpu,1455.69,1456.29
2,283,eb_enc,cpu,1456.3,1462.1
2,295,normalize,cpu,1462.8,1474.62
2,295,g_a_cpu,cpu,1474.62,1475.05
2,295,g_a,dpu,1475.06,1499.97
2,295,g_a,dpu,1499.97,1522.45
2,295,g_a_cpu,cpu,1522.45,1522.93
2,295,eb_enc,cpu,1522.93,1528.15
2,310,normalize,cpu,1529.59,1536.42
2,310,g_a_cpu,cpu,1536.42,1536.71
2,310,g_a,dpu,1536.71,1557.44
2,310,g_a,dpu,1557.45,1563.1
2,310,g_a_cpu,cpu,1563.1,1563.66
2,310,eb_enc,cpu,1563.66,1569.53
2,317,normalize,cpu,1570.05,1573.85
2,317,g_a_cpu,cpu,1573.85,1574.26
2,317,g_a,dpu,1574.26,1598.56
2,317,g_a,dpu,1598.56,1623.9
2,317,g_a_cpu,cpu,1623.9,1624.52
2,317,eb_enc,cpu,1624.52,1634.13
2,331,normalize,cpu,1635.14,1638.83
2,331,g_a_cpu,cpu,1638.84,1639.58
2,331,g_a,dpu,1639.59,1661.25
2,331,g_a,dpu,1661.25,1671.99
2,331,g_a_cpu,cpu,1671.99,1672.37
2,331,eb_enc,cpu,1672.37,1679.87
2,341,normalize,cpu,1680.42,1688.76
2,341,g_a_cpu,cpu,1688.76,1689.24
2,341,g_a,dpu,1689.24,1715.44
2,341,g_a,dpu,1715.44,1739.92
2,341,g_a_cpu,cpu,1739.92,1740.39
2,341,eb_enc,cpu,1740.4,1745.59
2,355,normalize,cpu,1746.17,1750.73
2,355,g_a_cpu,cpu,1750.73,1751.51
2,355,g_a,dpu,1751.52,1775.33
2,355,g_a,dpu,1775.34,1781.49
2,355,g_a_cpu,cpu,1781.49,1789.36
2,355,eb_enc,cpu,1789.37,1805.05
2,367,normalize,cpu,1805.93,1812.89
2,367,g_a_cpu,cpu,1812.9,1813.45
2,367,g_a,dpu,1813.46,1881.25
2,367,g_a,dpu,1881.25,1911.21
2,367,g_a_cpu,cpu,1911.22,1911.85
2,367,eb_enc,cpu,1911.85,1916.83
2,391,normalize,cpu,1917.97,1921.62
2,391,g_a_cpu,cpu,1921.63,1922.16
2,391,g_a,dpu,1922.16,1967.13
2,391,g_a,dpu,1967.13,1972.89
2,391,g_a_cpu,cpu,1972.89,1973.39
2,391,eb_enc,cpu,1973.4,1978.68
2,406,normalize,cpu,1979.44,1983.27
2,406,g_a_cpu,cpu,1983.28,1983.76
2,406,g_a,dpu,1983.77,2005.38
2,406,g_a,dpu,2005.38,2040.59
2,406,g_a_cpu,cpu,2040.6,2041.24
2,406,eb_enc,cpu,2041.24,2046.27
2,418,normalize,cpu,2046.89,2050.56
2,418,g_a_cpu,cpu,2050.56,2051.27
2,418,g_a,dpu,2051.28,2088.08
2,418,g_a,dpu,2088.08,2094.66
2,418,g_a_cpu,cpu,2094.66,2095.46
2,418,eb_enc,cpu,2095.46,2100.36
2,431,normalize,cpu,2100.99,2104.74
2,431,g_a_cpu,cpu,2104.75,2105.25
2,431,g_a,dpu,2105.26,2131.94
2,431,g_a,dpu,2131.94,2147.53
2,431,g_a_cpu,cpu,2147.53,2148
2,431,eb_enc,cpu,2148,2152.79
2,441,normalize,cpu,2153.45,2157.11
2,441,g_a_cpu,cpu,2157.12,2157.59
2,441,g_a,dpu,2157.59,2173.35
2,441,g_a,dpu,2173.35,2193.66
2,441,g_a_cpu,cpu,2193.66,2194.04
2,441,eb_enc,cpu,2194.04,2198.77
2,452,normalize,cpu,2199.34,2203.07
2,452,g_a_cpu,cpu,2203.08,2203.53
2,452,g_a,dpu,2203.53,2227.64
2,452,g_a,dpu,2227.64,2233.39
2,452,g_a_cpu,cpu,2233.39,2234.13
2,452,eb_enc,cpu,2234.13,2239.19
2,461,normalize,cpu,2240.14,2243.8
2,461,g_a_cpu,cpu,2243.81,2244.27
2,461,g_a,dpu,2244.28,2272.31
2,461,g_a,dpu,2272.31,2301.62
2,461,g_a_cpu,cpu,2301.62,2302.29
2,461,eb_enc,cpu,2302.29,2307.16
2,473,normalize,cpu,2307.94,2311.75
2,473,g_a_cpu,cpu,2311.76,2312.22
2,473,g_a,dpu,2312.22,2330.46
2,473,g_a,dpu,2330.46,2340.07
2,473,g_a_cpu,cpu,2340.07,2340.65
2,473,eb_enc,cpu,2340.65,2352.71
2,483,normalize,cpu,2353.51,2357.14
2,483,g_a_cpu,cpu,2357.16,2368.84
2,483,g_a,dpu,2368.84,2409.34
2,483,g_a,dpu,2409.34,2431.58
2,483,g_a_cpu,cpu,2431.58,2432.13
2,483,eb_enc,cpu,2432.14,2437.29
2,503,normalize,cpu,2437.94,2445.34
2,503,g_a_cpu,cpu,2445.34,2445.78
2,503,g_a,dpu,2445.78,2474.63
2,503,g_a,dpu,2474.63,2480.45
2,503,g_a_cpu,cpu,2480.46,2481.31
2,503,eb_enc,cpu,2481.31,2487.69
2,516,normalize,cpu,2488.57,2495.26
2,516,g_a_cpu,cpu,2495.27,2495.66
2,516,g_a,dpu,2495.66,2511.63
2,516,g_a,dpu,2511.64,2536.86
2,516,g_a_cpu,cpu,2536.87,2537.33
2,516,eb_enc,cpu,2537.33,2542.44
2,527,normalize,cpu,2543.4,2548.56
2,527,g_a_cpu,cpu,2548.57,2549.29
2,527,g_a,dpu,2549.29,2571.64
2,527,g_a,dpu,2571.64,2615.43
2,527,g_a_cpu,cpu,2615.43,2615.85
2,527,eb_enc,cpu,2615.87,2620.76
2,543,normalize,cpu,2621.51,2625.18
2,543,g_a_cpu,cpu,2625.19,2625.65
2,543,g_a,dpu,2625.65,2647.8
2,543,g_a,dpu,2647.8,2664.36
2,543,g_a_cpu,cpu,2664.37,2664.82
2,543,eb_enc,cpu,2664.82,2669.85
2,554,normalize,cpu,2670.63,2674.29
2,554,g_a_cpu,cpu,2674.3,2674.83
2,554,g_a,dpu,2674.83,2705.38
2,554,g_a,dpu,2705.38,2723.06
2,554,g_a_cpu,cpu,2723.06,2723.46
2,554,eb_enc,cpu,2723.46,2728.47
2,568,normalize,cpu,2728.99,2733
2,568,g_a_cpu,cpu,2733,2733.42
2,568,g_a,dpu,2733.43,2780.61
2,568,g_a,dpu,2780.61,2802.55
2,568,g_a_cpu,cpu,2802.55,2802.94
2,568,eb_enc,cpu,2802.94,2807.88
2,584,normalize,cpu,2808.64,2812.29
2,584,g_a_cpu,cpu,2812.3,2812.66
2,584,g_a,dpu,2812.66,2825.24
2,584,g_a,dpu,2825.24,2831.54
2,584,g_a_cpu,cpu,2831.54,2832.28
2,584,eb_enc,cpu,2832.28,2846.89
2,593,normalize,cpu,2847.67,2851.39
2,593,g_a_cpu,cpu,2851.4,2852.2
2,593,g_a,dpu,2852.21,2885.5
2,593,g_a,dpu,2885.51,2939.42
2,593,g_a_cpu,cpu,2939.43,2939.95
2,593,eb_enc,cpu,2939.95,2945.53
2,612,normalize,cpu,2946.22,2954.45
2,612,g_a_cpu,cpu,2954.45,2954.93
2,612,g_a,dpu,2954.93,2974.96
2,612,g_a,dpu,2974.96,3011.85
2,612,g_a_cpu,cpu,3011.85,3012.43
2,612,eb_enc,cpu,3012.44,3017.39
2,626,normalize,cpu,3017.98,3021.74
2,626,g_a_cpu,cpu,3021.75,3022.11
2,626,g_a,dpu,3022.12,3041.64
2,626,g_a,dpu,3041.65,3047.36
2,626,g_a_cpu,cpu,3047.36,3047.91
2,626,eb_enc,cpu,3047.91,3053.07
2,634,normalize,cpu,3054.14,3057.93
2,634,g_a_cpu,cpu,3057.93,3058.36
2,634,g_a,dpu,3058.37,3086.3
2,634,g_a,dpu,3086.3,3119.44
2,634,g_a_cpu,cpu,3119.44,3119.97
2,634,eb_enc,cpu,3119.97,3125.12
2,648,normalize,cpu,3125.92,3129.66
2,648,g_a_cpu,cpu,3129.67,3130.04
2,648,g_a,dpu,3130.05,3143.46
2,648,g_a,dpu,3143.46,3173.2
2,648,g_a_cpu,cpu,3173.2,3173.68
2,648,eb_enc,cpu,3173.68,3178.73
2,663,normalize,cpu,3179.44,3183.18
2,663,g_a_cpu,cpu,3183.19,3183.57
2,663,g_a,dpu,3183.58,3206.88
2,663,g_a,dpu,3206.88,3216.34
2,663,g_a_cpu,cpu,3216.35,3217.04
2,663,eb_enc,cpu,3217.05,3222.01
2,671,normalize,cpu,3222.89,3226.53
2,671,g_a_cpu,cpu,3226.54,3226.9
2,671,g_a,dpu,3226.9,3254.76
2,671,g_a,dpu,3254.77,3284.18
2,671,g_a_cpu,cpu,3284.18,3284.75
2,671,eb_enc,cpu,3284.76,3290.26
2,686,normalize,cpu,3290.98,3294.76
2,686,g_a_cpu,cpu,3294.76,3295.16
2,686,g_a,dpu,3295.16,3301.3
2,686,g_a,dpu,3301.3,3330.82
2,686,g_a_cpu,cpu,3330.83,3331.54
2,686,eb_enc,cpu,3331.54,3337.21
2,696,normalize,cpu,3338.32,3346.6
2,696,g_a_cpu,cpu,3346.61,3347.35
2,696,g_a,dpu,3347.36,3421.18
2,696,g_a,dpu,3421.18,3443.03
2,696,g_a_cpu,cpu,3443.03,3443.69
2,696,eb_enc,cpu,3443.69,3448.54
2,721,normalize,cpu,3449.44,3453.06
2,721,g_a_cpu,cpu,3453.07,3453.58
2,721,g_a,dpu,3453.59,3490.57
2,721,g_a,dpu,3490.57,3511.4
2,721,g_a_cpu,cpu,3511.4,3511.76
2,721,eb_enc,cpu,3511.76,3516.58
2,736,normalize,cpu,3517.29,3520.94
2,736,g_a_cpu,cpu,3520.94,3521.64
2,736,g_a,dpu,3521.64,3532.79
2,736,g_a,dpu,3532.79,3557.54
2,736,g_a_cpu,cpu,3557.54,3558.07
2,736,eb_enc,cpu,3558.07,3574.25
2,749,normalize,cpu,3575.07,3578.8
2,749,g_a_cpu,cpu,3578.8,3579.2
2,749,g_a,dpu,3579.2,3633.31
2,749,g_a,dpu,3633.31,3639.06
2,749,g_a_cpu,cpu,3639.06,3639.52
2,749,eb_enc,cpu,3639.52,3644.69
2,760,normalize,cpu,3645.62,3649.28
2,760,g_a_cpu,cpu,3649.29,3649.72
2,760,g_a,dpu,3649.73,3666.1
2,760,g_a,dpu,3666.11,3718.76
2,760,g_a_cpu,cpu,3718.76,3719.3
2,760,eb_enc,cpu,3719.3,3730.19
2,779,normalize,cpu,3731.13,3746.5
2,779,g_a_cpu,cpu,3746.5,3746.91
2,779,g_a,dpu,3746.92,3771.64
2,779,g_a,dpu,3771.64,3792.13
2,779,g_a_cpu,cpu,3792.13,3792.72
2,779,eb_enc,cpu,3792.73,3798.03
2,796,normalize,cpu,3798.77,3802.48
2,796,g_a_cpu,cpu,3802.48,3802.8
2,796,g_a,dpu,3802.81,3813.47
2,796,g_a,dpu,3813.47,3850.85
2,796,g_a_cpu,cpu,3850.85,3851.3
2,796,eb_enc,cpu,3851.3,3856.59
2,809,normalize,cpu,3857.42,3861.28
2,809,g_a_cpu,cpu,3861.28,3861.87
2,809,g_a,dpu,3861.87,3880.53
2,809,g_a,dpu,3880.53,3885.9
2,809,g_a_cpu,cpu,3885.9,3886.44
2,809,eb_enc,cpu,3886.44,3891.45
2,817,normalize,cpu,3892.15,3896.71
2,817,g_a_cpu,cpu,3896.71,3897.09
2,817,g_a,dpu,3897.09,3937.06
2,817,g_a,dpu,3937.07,3942.68
2,817,g_a_cpu,cpu,3942.68,3943.04
2,817,eb_enc,cpu,3943.04,3947.98
2,830,normalize,cpu,3948.47,3952.26
2,830,g_a_cpu,cpu,3952.26,3952.75
2,830,g_a,dpu,3952.75,3963.67
2,830,g_a,dpu,3963.67,3995.24
2,830,g_a_cpu,cpu,3995.24,3995.69
2,830,eb_enc,cpu,3995.69,4000.66
2,840,normalize,cpu,4001.54,4005.25
2,840,g_a_cpu,cpu,4005.25,4005.69
2,840,g_a,dpu,4005.69,4026.91
2,840,g_a,dpu,4026.92,4058.36
2,840,g_a_cpu,cpu,4058.36,4058.8
2,840,eb_enc,cpu,4058.8,4063.73
2,855,normalize,cpu,4064.31,4068.16
2,855,g_a_cpu,cpu,4068.17,4068.48
2,855,g_a,dpu,4068.49,4091.1
2,855,g_a,dpu,4091.1,4113.67
2,855,g_a_cpu,cpu,4113.67,4114.05
2,855,eb_enc,cpu,4114.05,4118.95
2,868,normalize,cpu,4119.6,4123.94
2,868,g_a_cpu,cpu,4123.94,4125.52
2,868,g_a,dpu,4125.53,4163.82
2,868,g_a,dpu,4163.82,4183.92
2,868,g_a_cpu,cpu,4183.93,4184.42
2,868,eb_enc,cpu,4184.42,4189.32
2,881,normalize,cpu,4194.1,4199.18
2,881,g_a_cpu,cpu,4199.18,4199.52
2,881,g_a,dpu,4199.52,4205.28
2,881,g_a,dpu,4205.29,4228.33
2,881,g_a_cpu,cpu,4228.33,4228.88
2,881,eb_enc,cpu,4228.89,4238.26
2,894,normalize,cpu,4238.69,4252.72
2,894,g_a_cpu,cpu,4252.72,4253.22
2,894,g_a,dpu,4253.23,4272.59
2,894,g_a,dpu,4272.59,4278.06
2,894,g_a_cpu,cpu,4278.06,4278.58
2,894,eb_enc,cpu,4278.58,4283.67
2,903,normalize,cpu,4284.23,4288.17
2,903,g_a_cpu,cpu,4288.18,4288.59
2,903,g_a,dpu,4288.59,4306.95
2,903,g_a,dpu,4306.95,4312.88
2,903,g_a_cpu,cpu,4312.88,4313.59
2,903,eb_enc,cpu,4313.59,4318.47
2,912,normalize,cpu,4319.35,4323.05
2,912,g_a_cpu,cpu,4323.05,4323.51
2,912,g_a,dpu,4323.51,4342.71
2,912,g_a,dpu,4342.71,4348.41
2,912,g_a_cpu,cpu,4348.42,4348.86
2,912,eb_enc,cpu,4348.86,4353.78
2,921,normalize,cpu,4354.42,4358.15
2,921,g_a_cpu,cpu,4358.15,4358.5
2,921,g_a,dpu,4358.5,4390.36
2,921,g_a,dpu,4390.36,4405.09
2,921,g_a_cpu,cpu,4405.09,4405.61
2,921,eb_enc,cpu,4405.62,4410.65
3,5,normalize,cpu,71.0965,74.7972
3,5,g_a_cpu,cpu,74.9337,75.5259
3,5,g_a,dpu,75.5342,95.6138
3,5,g_a,dpu,95.6186,110.442
3,5,g_a_cpu,cpu,110.449,111.182
3,5,eb_enc,cpu,111.194,129.657
3,17,normalize,cpu,130.416,134.181
3,17,g_a_cpu,cpu,134.188,134.777
3,17,g_a,dpu,134.781,150.809
3,17,g_a,dpu,150.818,184.041
3,17,g_a_cpu,cpu,184.044,184.791
3,17,eb_enc,cpu,184.799,190.221
3,31,normalize,cpu,190.915,202.604
3,31,g_a_cpu,cpu,202.61,203.104
3,31,g_a,dpu,203.106,243.84
3,31,g_a,dpu,243.842,249.525
3,31,g_a_cpu,cpu,249.527,250.525
3,31,eb_enc,cpu,250.552,257.578
3,43,normalize,cpu,258.333,262.294
3,43,g_a_cpu,cpu,262.3,262.9
3,43,g_a,dpu,262.91,304.069
3,43,g_a,dpu,304.072,309.468
3,43,g_a_cpu,cpu,309.471,310.005
3,43,eb_enc,cpu,310.008,315.174
3,56,normalize,cpu,316.083,319.872
3,56,g_a_cpu,cpu,319.875,320.33
3,56,g_a,dpu,320.334,338.314
3,56,g_a,dpu,338.317,354.266
3,56,g_a_cpu,cpu,354.27,354.901
3,56,eb_enc,cpu,354.905,360.11
3,65,normalize,cpu,360.936,369.273
3,65,g_a_cpu,cpu,369.28,369.965
3,65,g_a,dpu,369.972,398.371
3,65,g_a,dpu,398.382,422
3,65,g_a_cpu,cpu,422.002,422.409
3,65,eb_enc,cpu,422.412,427.658
3,77,normalize,cpu,428.4,432.126
3,77,g_a_cpu,cpu,432.13,432.617
3,77,g_a,dpu,432.62,458.943
3,77,g_a,dpu,458.945,479.935
3,77,g_a_cpu,cpu,479.938,480.387
3,77,eb_enc,cpu,480.389,490.678
3,92,normalize,cpu,491.346,495.847
3,92,g_a_cpu,cpu,495.849,496.267
3,92,g_a,dpu,496.271,531.527
3,92,g_a,dpu,531.53,551.58
3,92,g_a_cpu,cpu,551.582,552.084
3,92,eb_enc,cpu,552.086,557.137
3,106,normalize,cpu,557.733,561.427
3,106,g_a_cpu,cpu,561.43,561.861
3,106,g_a,dpu,561.864,575.539
3,106,g_a,dpu,575.541,584.8
3,106,g_a_cpu,cpu,584.802,585.321
3,106,eb_enc,cpu,585.323,590.657
3,113,normalize,cpu,591.461,611.334
3,113,g_a_cpu,cpu,611.34,612.429
3,113,g_a,dpu,612.439,629.039
3,113,g_a,dpu,629.044,648.567
3,113,g_a_cpu,cpu,648.569,649.084
3,113,eb_enc,cpu,649.092,654.45
3,126,normalize,cpu,655.341,659.116
3,126,g_a_cpu,cpu,659.123,659.631
3,126,g_a,dpu,659.634,691.991
3,126,g_a,dpu,691.993,697.257
3,126,g_a_cpu,cpu,697.259,697.65
3,126,eb_enc,cpu,697.66,702.757
3,135,normalize,cpu,703.696,708.808
3,135,g_a_cpu,cpu,708.815,709.338
3,135,g_a,dpu,709.341,728.071
3,135,g_a,dpu,728.072,733.299
3,135,g_a_cpu,cpu,733.303,733.811
3,135,eb_enc,cpu,733.813,739.026
3,143,normalize,cpu,739.684,743.52
3,143,g_a_cpu,cpu,743.525,744.275
3,143,g_a,dpu,744.277,768.716
3,143,g_a,dpu,768.72,784.255
3,143,g_a_cpu,cpu,784.258,785.007
3,143,eb_enc,cpu,785.012,790.319
3,155,normalize,cpu,790.967,794.69
3,155,g_a_cpu,cpu,794.694,795.092
3,155,g_a,dpu,795.095,802.854
3,155,g_a,dpu,802.858,808.127
3,155,g_a_cpu,cpu,808.128,808.725
3,155,eb_enc,cpu,808.73,813.892
3,160,normalize,cpu,814.516,818.881
3,160,g_a_cpu,cpu,818.889,819.492
3,160,g_a,dpu,819.494,843.363
3,160,g_a,dpu,843.366,859.19
3,160,g_a_cpu,cpu,859.192,859.669
3,160,eb_enc,cpu,859.672,865.841
3,172,normalize,cpu,866.473,871.976
3,172,g_a_cpu,cpu,871.981,872.354
3,172,g_a,dpu,872.357,888.086
3,172,g_a,dpu,888.087,913.928
3,172,g_a_cpu,cpu,913.932,914.624
3,172,eb_enc,cpu,914.631,919.821
3,180,normalize,cpu,920.496,924.324
3,180,g_a_cpu,cpu,924.332,924.778
3,180,g_a,dpu,924.782,953.433
3,180,g_a,dpu,953.436,958.819
3,180,g_a_cpu,cpu,958.821,959.239
3,180,eb_enc,cpu,959.241,965.465
3,190,normalize,cpu,966.185,970.053
3,190,g_a_cpu,cpu,970.058,970.984
3,190,g_a,dpu,970.994,998.467
3,190,g_a,dpu,998.469,1017.79
3,190,g_a_cpu,cpu,1017.79,1018.24
3,190,eb_enc,cpu,1018.24,1023.28
3,202,normalize,cpu,1023.96,1027.78
3,202,g_a_cpu,cpu,1027.79,1028.28
3,202,g_a,dpu,1028.28,1055.85
3,202,g_a,dpu,1055.85,1069.74
3,202,g_a_cpu,cpu,1069.74,1070.24
3,202,eb_enc,cpu,1070.25,1075.23
3,214,normalize,cpu,1075.82,1079.68
3,214,g_a_cpu,cpu,1079.69,1080.18
3,214,g_a,dpu,1080.18,1105.86
3,214,g_a,dpu,1105.86,1111.17
3,214,g_a_cpu,cpu,1111.17,1111.59
3,214,eb_enc,cpu,1111.59,1118.03
3,223,normalize,cpu,1118.66,1127.92
3,223,g_a_cpu,cpu,1127.92,1128.49
3,223,g_a,dpu,1128.49,1151.21
3,223,g_a,dpu,1151.22,1182.71
3,223,g_a_cpu,cpu,1182.71,1183.13
3,223,eb_enc,cpu,1183.13,1188.13
3,237,normalize,cpu,1188.61,1192.31
3,237,g_a_cpu,cpu,1192.31,1192.86
3,237,g_a,dpu,1192.86,1215.77
3,237,g_a,dpu,1215.78,1225.8
3,237,g_a_cpu,cpu,1225.8,1226.24
3,237,eb_enc,cpu,1226.24,1231.45
3,247,normalize,cpu,1232.41,1246.58
3,247,g_a_cpu,cpu,1246.59,1247.06
3,247,g_a,dpu,1247.06,1277.97
3,247,g_a,dpu,1277.97,1304.33
3,247,g_a_cpu,cpu,1304.33,1304.8
3,247,eb_enc,cpu,1304.81,1310.06
3,261,normalize,cpu,1310.74,1314.53
3,261,g_a_cpu,cpu,1314.54,1314.86
3,261,g_a,dpu,1314.87,1336.19
3,261,g_a,dpu,1336.19,1356.47
3,261,g_a_cpu,cpu,1356.5,1357.24
3,261,eb_enc,cpu,1357.25,1363.18
3,274,normalize,cpu,1363.75,1369.67
3,274,g_a_cpu,cpu,1369.68,1370.27
3,274,g_a,dpu,1370.27,1398.84
3,274,g_a,dpu,1398.84,1409.19
3,274,g_a_cpu,cpu,1409.19,1409.81
3,274,eb_enc,cpu,1409.81,1414.81
3,286,normalize,cpu,1421.42,1425.18
3,286,g_a_cpu,cpu,1425.19,1425.63
3,286,g_a,dpu,1425.64,1448.76
3,286,g_a,dpu,1448.76,1486.04
3,286,g_a_cpu,cpu,1486.04,1486.49
3,286,eb_enc,cpu,1486.49,1491.77
3,303,normalize,cpu,1492.72,1496.55
3,303,g_a_cpu,cpu,1496.56,1497.14
3,303,g_a,dpu,1497.18,1506.33
3,303,g_a,dpu,1506.33,1512.37
3,303,g_a_cpu,cpu,1512.38,1513.2
3,303,eb_enc,cpu,1513.21,1519.1
3,307,normalize,cpu,1519.78,1535.48
3,307,g_a_cpu,cpu,1535.48,1535.79
3,307,g_a,dpu,1535.79,1563.94
3,307,g_a,dpu,1563.94,1588.78
3,307,g_a_cpu,cpu,1588.78,1589.14
3,307,eb_enc,cpu,1589.14,1596.79
3,323,normalize,cpu,1597.45,1601.2
3,323,g_a_cpu,cpu,1601.2,1601.79
3,323,g_a,dpu,1601.79,1628.65
3,323,g_a,dpu,1628.66,1634.17
3,323,g_a_cpu,cpu,1634.17,1634.7
3,323,eb_enc,cpu,1634.7,1640.15
3,333,normalize,cpu,1640.78,1644.6
3,333,g_a_cpu,cpu,1644.61,1645.56
3,333,g_a,dpu,1645.57,1680.71
3,333,g_a,dpu,1680.71,1685.97
3,333,g_a_cpu,cpu,1685.98,1686.56
3,333,eb_enc,cpu,1686.56,1691.83
3,344,normalize,cpu,1692.37,1696.07
3,344,g_a_cpu,cpu,1696.07,1696.44
3,344,g_a,dpu,1696.44,1718.01
3,344,g_a,dpu,1718.01,1744.54
3,344,g_a_cpu,cpu,1744.55,1745.12
3,344,eb_enc,cpu,1745.13,1750.48
3,356,normalize,cpu,1751.56,1755.47
3,356,g_a_cpu,cpu,1755.48,1756.17
3,356,g_a,dpu,1756.18,1800.07
3,356,g_a,dpu,1800.08,1814.45
3,356,g_a_cpu,cpu,1814.45,1814.93
3,356,eb_enc,cpu,1814.94,1819.86
3,370,normalize,cpu,1820.4,1824.26
3,370,g_a_cpu,cpu,1824.27,1824.65
3,370,g_a,dpu,1824.65,1837.25
3,370,g_a,dpu,1837.26,1864.22
3,370,g_a_cpu,cpu,1864.22,1864.64
3,370,eb_enc,cpu,1864.64,1869.91
3,382,normalize,cpu,1870.91,1875.25
3,382,g_a_cpu,cpu,1875.26,1875.61
3,382,g_a,dpu,1875.61,1888.54
3,382,g_a,dpu,1888.54,1897.44
3,382,g_a_cpu,cpu,1897.44,1898.03
3,382,eb_enc,cpu,1898.04,1902.98
3,388,normalize,cpu,1903.61,1907.33
3,388,g_a_cpu,cpu,1907.33,1907.81
3,388,g_a,dpu,1907.82,1920.52
3,388,g_a,dpu,1920.52,1941.39
3,388,g_a_cpu,cpu,1941.39,1941.82
3,388,eb_enc,cpu,1941.83,1947.35
3,398,normalize,cpu,1948.31,1961.98
3,398,g_a_cpu,cpu,1962,1962.74
3,398,g_a,dpu,1962.74,2000.56
3,398,g_a,dpu,2000.56,2006.17
3,398,g_a_cpu,cpu,2006.18,2006.74
3,398,eb_enc,cpu,2006.75,2012.13
3,410,normalize,cpu,2012.91,2016.7
3,410,g_a_cpu,cpu,2016.71,2017.12
3,410,g_a,dpu,2017.12,2049.28
3,410,g_a,dpu,2049.28,2063.4
3,410,g_a_cpu,cpu,2063.4,2063.94
3,410,eb_enc,cpu,2063.94,2069.04
3,423,normalize,cpu,2069.6,2073.35
3,423,g_a_cpu,cpu,2073.35,2073.67
3,423,g_a,dpu,2073.67,2111.01
3,423,g_a,dpu,2111.01,2116.1
3,423,g_a_cpu,cpu,2116.11,2116.48
3,423,eb_enc,cpu,2116.49,2121.46
3,436,normalize,cpu,2122.11,2125.81
3,436,g_a_cpu,cpu,2125.82,2126.16
3,436,g_a,dpu,2126.16,2149.32
3,436,g_a,dpu,2149.32,2154.55
3,436,g_a_cpu,cpu,2154.55,2155.03
3,436,eb_enc,cpu,2155.03,2160.18
3,443,normalize,cpu,2160.9,2164.67
3,443,g_a_cpu,cpu,2164.68,2165.32
3,443,g_a,dpu,2165.32,2189.92
3,443,g_a,dpu,2189.92,2211.31
3,443,g_a_cpu,cpu,2211.31,2211.75
3,443,eb_enc,cpu,2211.75,2216.62
3,457,normalize,cpu,2217.3,2220.93
3,457,g_a_cpu,cpu,2220.93,2221.25
3,457,g_a,dpu,2221.25,2238.28
3,457,g_a,dpu,2238.28,2244.09
3,457,g_a_cpu,cpu,2244.09,2244.77
3,457,eb_enc,cpu,2244.78,2250.8
3,463,normalize,cpu,2255.6,2259.34
3,463,g_a_cpu,cpu,2259.35,2259.89
3,463,g_a,dpu,2259.9,2277.52
3,463,g_a,dpu,2277.52,2310.87
3,463,g_a_cpu,cpu,2310.87,2311.38
3,463,eb_enc,cpu,2311.39,2316.75
3,476,normalize,cpu,2317.7,2322.18
3,476,g_a_cpu,cpu,2322.19,2322.54
3,476,g_a,dpu,2322.54,2355.33
3,476,g_a,dpu,2355.33,2360.64
3,476,g_a_cpu,cpu,2360.64,2361.12
3,476,eb_enc,cpu,2361.14,2367.34
3,488,normalize,cpu,2369.88,2373.71
3,488,g_a_cpu,cpu,2373.71,2374.36
3,488,g_a,dpu,2374.36,2379.64
3,488,g_a,dpu,2379.64,2388.04
3,488,g_a_cpu,cpu,2388.04,2388.7
3,488,eb_enc,cpu,2388.71,2395.11
3,494,normalize,cpu,2396.12,2400.76
3,494,g_a_cpu,cpu,2400.77,2401.4
3,494,g_a,dpu,2401.41,2407.66
3,494,g_a,dpu,2407.67,2422.2
3,494,g_a_cpu,cpu,2422.2,2422.69
3,494,eb_enc,cpu,2422.69,2428.05
3,501,normalize,cpu,2430.27,2443.75
3,501,g_a_cpu,cpu,2443.75,2444.21
3,501,g_a,dpu,2444.22,2458.54
3,501,g_a,dpu,2458.54,2489.82
3,501,g_a_cpu,cpu,2489.82,2490.21
3,501,eb_enc,cpu,2490.22,2495.2
3,517,normalize,cpu,2495.82,2506.12
3,517,g_a_cpu,cpu,2506.13,2506.73
3,517,g_a,dpu,2506.73,2516.47
3,517,g_a,dpu,2516.47,2522.5
3,517,g_a_cpu,cpu,2522.5,2523.21
3,517,eb_enc,cpu,2523.22,2530.19
3,523,normalize,cpu,2531,2534.8
3,523,g_a_cpu,cpu,2534.8,2535.22
3,523,g_a,dpu,2535.22,2570.87
3,523,g_a,dpu,2570.87,2591.98
3,523,g_a_cpu,cpu,2591.98,2592.52
3,523,eb_enc,cpu,2592.52,2604.23
3,540,normalize,cpu,2604.69,2608.46
3,540,g_a_cpu,cpu,2608.47,2609.18
3,540,g_a,dpu,2609.18,2635.76
3,540,g_a,dpu,2635.76,2680.08
3,540,g_a_cpu,cpu,2680.08,2680.61
3,540,eb_enc,cpu,2680.62,2685.83
3,558,normalize,cpu,2686.99,2690.71
3,558,g_a_cpu,cpu,2690.72,2691.6
3,558,g_a,dpu,2691.6,2705.66
3,558,g_a,dpu,2705.66,2717.28
3,558,g_a_cpu,cpu,2717.28,2717.87
3,558,eb_enc,cpu,2717.87,2725.66
3,566,normalize,cpu,2726.34,2730.1
3,566,g_a_cpu,cpu,2730.11,2730.66
3,566,g_a,dpu,2730.66,2754.89
3,566,g_a,dpu,2754.89,2774.4
3,566,g_a_cpu,cpu,2774.4,2774.81
3,566,eb_enc,cpu,2774.81,2779.9
3,578,normalize,cpu,2780.54,2784.32
3,578,g_a_cpu,cpu,2784.33,2784.91
3,578,g_a,dpu,2784.92,2803.96
3,578,g_a,dpu,2803.96,2809.18
3,578,g_a_cpu,cpu,2809.19,2809.64
3,578,eb_enc,cpu,2809.65,2814.68
3,586,normalize,cpu,2815.07,2827.71
3,586,g_a_cpu,cpu,2827.71,2828.48
3,586,g_a,dpu,2828.49,2865.51
3,586,g_a,dpu,2865.51,2890.78
3,586,g_a_cpu,cpu,2890.78,2891.25
3,586,eb_enc,cpu,2891.25,2896.34
3,602,normalize,cpu,2896.84,2900.51
3,602,g_a_cpu,cpu,2900.51,2900.93
3,602,g_a,dpu,2900.93,2943.85
3,602,g_a,dpu,2943.85,2949.09
3,602,g_a_cpu,cpu,2949.09,2949.8
3,602,eb_enc,cpu,2949.8,2955.29
3,614,normalize,cpu,2956.01,2959.77
3,614,g_a_cpu,cpu,2959.77,2960.03
3,614,g_a,dpu,2960.04,2965.11
3,614,g_a,dpu,2965.11,2984.34
3,614,g_a_cpu,cpu,2984.35,2984.91
3,614,eb_enc,cpu,2984.91,3001.05
3,623,normalize,cpu,3001.94,3005.68
3,623,g_a_cpu,cpu,3005.68,3006.3
3,623,g_a,dpu,3006.3,3027.7
3,623,g_a,dpu,3027.71,3042.37
3,623,g_a_cpu,cpu,3042.38,3042.84
3,623,eb_enc,cpu,3042.85,3048.19
3,633,normalize,cpu,3048.81,3052.78
3,633,g_a_cpu,cpu,3052.79,3053.6
3,633,g_a,dpu,3053.6,3086.97
3,633,g_a,dpu,3086.97,3156.34
3,633,g_a_cpu,cpu,3156.34,3156.73
3,633,eb_enc,cpu,3156.73,3162.78
3,658,normalize,cpu,3165.94,3171.38
3,658,g_a_cpu,cpu,3171.38,3171.92
3,658,g_a,dpu,3171.93,3189.03
3,658,g_a,dpu,3189.03,3194.22
3,658,g_a_cpu,cpu,3194.22,3194.74
3,658,eb_enc,cpu,3194.74,3199.84
3,666,normalize,cpu,3200.49,3204.17
3,666,g_a_cpu,cpu,3204.19,3205
3,666,g_a,dpu,3205,3210.57
3,666,g_a,dpu,3210.58,3232.33
3,666,g_a_cpu,cpu,3232.33,3232.91
3,666,eb_enc,cpu,3232.91,3238.37
3,673,normalize,cpu,3239.13,3242.9
3,673,g_a_cpu,cpu,3242.9,3243.22
3,673,g_a,dpu,3243.23,3261.78
3,673,g_a,dpu,3261.78,3266.92
3,673,g_a_cpu,cpu,3266.93,3267.46
3,673,eb_enc,cpu,3267.46,3278.62
3,684,normalize,cpu,3279.68,3283.39
3,684,g_a_cpu,cpu,3283.39,3283.87
3,684,g_a,dpu,3283.87,3302.62
3,684,g_a,dpu,3302.62,3322.05
3,684,g_a_cpu,cpu,3322.06,3322.43
3,684,eb_enc,cpu,3322.43,3327.64
3,695,normalize,cpu,3328.44,3344.05
3,695,g_a_cpu,cpu,3344.06,3345.07
3,695,g_a,dpu,3345.07,3364.93
3,695,g_a,dpu,3364.93,3389.38
3,695,g_a_cpu,cpu,3389.38,3389.98
3,695,eb_enc,cpu,3389.99,3395.79
3,709,normalize,cpu,3396.52,3401.22
3,709,g_a_cpu,cpu,3401.23,3401.71
3,709,g_a,dpu,3401.71,3416.65
3,709,g_a,dpu,3416.65,3425.37
3,709,g_a_cpu,cpu,3425.37,3425.77
3,709,eb_enc,cpu,3425.77,3431.14
3,717,normalize,cpu,3431.88,3436.26
3,717,g_a_cpu,cpu,3436.27,3436.6
3,717,g_a,dpu,3436.6,3459.4
3,717,g_a,dpu,3459.4,3473.67
3,717,g_a_cpu,cpu,3473.67,3474.15
3,717,eb_enc,cpu,3474.15,3480.36
3,728,normalize,cpu,3480.92,3484.73
3,728,g_a_cpu,cpu,3484.74,3485.09
3,728,g_a,dpu,3485.1,3515.36
3,728,g_a,dpu,3515.36,3540.7
3,728,g_a_cpu,cpu,3540.7,3541.08
3,728,eb_enc,cpu,3541.08,3546.16
3,741,normalize,cpu,3547.07,3550.76
3,741,g_a_cpu,cpu,3550.76,3551.44
3,741,g_a,dpu,3551.44,3582.29
3,741,g_a,dpu,3582.29,3597.02
3,741,g_a_cpu,cpu,3597.03,3597.76
3,741,eb_enc,cpu,3597.76,3603.71
3,755,normalize,cpu,3604.67,3609.13
3,755,g_a_cpu,cpu,3609.14,3609.5
3,755,g_a,dpu,3609.51,3627.3
3,755,g_a,dpu,3627.31,3651.65
3,755,g_a_cpu,cpu,3651.66,3652.07
3,755,eb_enc,cpu,3652.08,3657.49
3,764,normalize,cpu,3658.26,3662.6
3,764,g_a_cpu,cpu,3662.6,3662.93
3,764,g_a,dpu,3662.94,3668.1
3,764,g_a,dpu,3668.1,3707.05
3,764,g_a_cpu,cpu,3707.05,3707.61
3,764,eb_enc,cpu,3707.61,3712.82
3,774,normalize,cpu,3714.11,3729.18
3,774,g_a_cpu,cpu,3729.19,3729.75
3,774,g_a,dpu,3729.75,3743.84
3,774,g_a,dpu,3743.85,3758.31
3,774,g_a_cpu,cpu,3758.32,3765.26
3,774,eb_enc,cpu,3765.26,3770.72
3,789,normalize,cpu,3771.35,3779.93
3,789,g_a_cpu,cpu,3779.94,3780.47
3,789,g_a,dpu,3780.47,3808.36
3,789,g_a,dpu,3808.36,3813.66
3,789,g_a_cpu,cpu,3813.66,3814.25
3,789,eb_enc,cpu,3814.26,3820.11
3,800,normalize,cpu,3820.68,3824.47
3,800,g_a_cpu,cpu,3824.48,3825.34
3,800,g_a,dpu,3825.34,3830.73
3,800,g_a,dpu,3830.73,3869.95
3,800,g_a_cpu,cpu,3869.95,3870.64
3,800,eb_enc,cpu,3870.65,3876.96
3,814,normalize,cpu,3877.79,3881.56
3,814,g_a_cpu,cpu,3881.57,3881.94
3,814,g_a,dpu,3881.94,3950.9
3,814,g_a,dpu,3950.9,3956.07
3,814,g_a_cpu,cpu,3956.08,3956.49
3,814,eb_enc,cpu,3956.49,3961.57
3,832,normalize,cpu,3962.38,3966.1
3,832,g_a_cpu,cpu,3966.11,3966.75
3,832,g_a,dpu,3966.75,3981.69
3,832,g_a,dpu,3981.69,4043.77
3,832,g_a_cpu,cpu,4043.77,4044.38
3,832,eb_enc,cpu,4044.39,4050.02
3,851,normalize,cpu,4050.67,4056.69
3,851,g_a_cpu,cpu,4056.69,4057.07
3,851,g_a,dpu,4057.07,4080.32
3,851,g_a,dpu,4080.32,4086.44
3,851,g_a_cpu,cpu,4086.44,4086.81
3,851,eb_enc,cpu,4086.81,4092.84
3,860,normalize,cpu,4093.51,4098.51
3,860,g_a_cpu,cpu,4098.52,4099.09
3,860,g_a,dpu,4099.09,4121.96
3,860,g_a,dpu,4121.96,4152.79
3,860,g_a_cpu,cpu,4152.79,4153.5
3,860,eb_enc,cpu,4153.5,4159.93
3,876,normalize,cpu,4160.58,4165.04
3,876,g_a_cpu,cpu,4165.04,4165.43
3,876,g_a,dpu,4165.43,4222.27
3,876,g_a,dpu,4222.27,4232.37
3,876,g_a_cpu,cpu,4232.37,4232.83
3,876,eb_enc,cpu,4232.83,4237.83
3,893,normalize,cpu,4238.43,4242.24
3,893,g_a_cpu,cpu,4242.24,4242.93
3,893,g_a,dpu,4242.93,4275.01
3,893,g_a,dpu,4275.01,4280.42
3,893,g_a_cpu,cpu,4280.42,4280.9
3,893,eb_enc,cpu,4280.9,4286.14
3,905,normalize,cpu,4286.98,4290.71
3,905,g_a_cpu,cpu,4290.72,4291.29
3,905,g_a,dpu,4291.3,4317.96
3,905,g_a,dpu,4317.96,4338.98
3,905,g_a_cpu,cpu,4338.98,4339.35
3,905,eb_enc,cpu,4339.36,4345.11
3,917,normalize,cpu,4346.2,4349.94
3,917,g_a_cpu,cpu,4349.95,4351.24
3,917,g_a,dpu,4351.24,4372.99
3,917,g_a,dpu,4372.99,4378.45
3,917,g_a_cpu,cpu,4378.45,4378.96
3,917,eb_enc,cpu,4378.96,4388.44
4,3,normalize,cpu,69.7034,78.8248
4,3,g_a_cpu,cpu,78.9118,79.3075
4,3,g_a,dpu,79.3116,106.21
4,3,g_a,dpu,106.224,111.734
4,3,g_a_cpu,cpu,111.737,112.304
4,3,eb_enc,cpu,112.311,139.485
4,19,normalize,cpu,140.75,144.43
4,19,g_a_cpu,cpu,144.435,144.938
4,19,g_a,dpu,144.942,150.595
4,19,g_a,dpu,150.614,174.559
4,19,g_a_cpu,cpu,174.562,175.35
4,19,eb_enc,cpu,175.358,181.673
4,30,normalize,cpu,183.678,187.55
4,30,g_a_cpu,cpu,187.557,198.504
4,30,g_a,dpu,198.509,204.001
4,30,g_a,dpu,204.003,210.471
4,30,g_a_cpu,cpu,210.472,210.91
4,30,eb_enc,cpu,210.92,218.442
4,37,normalize,cpu,219.021,222.756
4,37,g_a_cpu,cpu,222.76,223.249
4,37,g_a,dpu,223.252,228.637
4,37,g_a,dpu,228.639,249.319
4,37,g_a_cpu,cpu,249.323,250.125
4,37,eb_enc,cpu,250.13,267.838
4,46,normalize,cpu,268.639,272.288
4,46,g_a_cpu,cpu,272.291,272.671
4,46,g_a,dpu,272.674,308.868
4,46,g_a,dpu,308.87,315.476
4,46,g_a_cpu,cpu,315.478,316.075
4,46,eb_enc,cpu,316.079,325.489
4,58,normalize,cpu,326.191,330.128
4,58,g_a_cpu,cpu,330.132,330.464
4,58,g_a,dpu,330.467,343.869
4,58,g_a,dpu,343.88,349.336
4,58,g_a_cpu,cpu,349.341,350.355
4,58,eb_enc,cpu,350.359,366.359
4,66,normalize,cpu,368.913,372.805
4,66,g_a_cpu,cpu,372.81,373.23
4,66,g_a,dpu,385.941,407.679
4,66,g_a,dpu,407.681,413.26
4,66,g_a_cpu,cpu,413.261,413.73
4,66,eb_enc,cpu,413.732,418.984
4,75,normalize,cpu,419.617,425.613
4,75,g_a_cpu,cpu,425.618,426.054
4,75,g_a,dpu,426.059,454.376
4,75,g_a,dpu,454.377,459.733
4,75,g_a_cpu,cpu,459.734,460.113
4,75,eb_enc,cpu,460.115,466.523
4,85,normalize,cpu,467.218,472.999
4,85,g_a_cpu,cpu,473.01,473.748
4,85,g_a,dpu,473.754,493.449
4,85,g_a,dpu,493.451,539.19
4,85,g_a_cpu,cpu,539.192,539.674
4,85,eb_enc,cpu,539.676,544.87
4,103,normalize,cpu,545.527,549.356
4,103,g_a_cpu,cpu,549.36,550.086
4,103,g_a,dpu,550.089,570.076
4,103,g_a,dpu,570.078,595.867
4,103,g_a_cpu,cpu,595.869,596.246
4,103,eb_enc,cpu,596.249,601.037
4,116,normalize,cpu,602.248,613.458
4,116,g_a_cpu,cpu,613.461,613.987
4,116,g_a,dpu,613.991,661.362
4,116,g_a,dpu,661.365,689.432
4,116,g_a_cpu,cpu,689.434,689.889
4,116,eb_enc,cpu,689.899,694.986
4,134,normalize,cpu,695.501,699.248
4,134,g_a_cpu,cpu,699.251,699.591
4,134,g_a,dpu,699.594,729.287
4,134,g_a,dpu,729.289,735.148
4,134,g_a_cpu,cpu,735.15,735.613
4,134,eb_enc,cpu,735.618,740.611
4,144,normalize,cpu,741.21,745.008
4,144,g_a_cpu,cpu,745.013,745.728
4,144,g_a,dpu,745.73,786.227
4,144,g_a,dpu,786.229,791.466
4,144,g_a_cpu,cpu,791.468,791.817
4,144,eb_enc,cpu,791.819,796.885
4,156,normalize,cpu,797.527,801.293
4,156,g_a_cpu,cpu,801.299,801.954
4,156,g_a,dpu,801.96,815.32
4,156,g_a,dpu,815.321,839.257
4,156,g_a_cpu,cpu,839.258,839.664
4,156,eb_enc,cpu,839.666,844.741
4,168,normalize,cpu,845.292,849.024
4,168,g_a_cpu,cpu,849.027,849.473
4,168,g_a,dpu,849.477,854.662
4,168,g_a,dpu,854.663,859.879
4,168,g_a_cpu,cpu,859.884,860.415
4,168,eb_enc,cpu,860.417,865.704
4,171,normalize,cpu,866.474,870.212
4,171,g_a_cpu,cpu,870.216,870.64
4,171,g_a,dpu,870.643,941.485
4,171,g_a,dpu,941.487,952.583
4,171,g_a_cpu,cpu,952.586,953.042
4,171,eb_enc,cpu,953.046,958.347
4,188,normalize,cpu,959.004,968.121
4,188,g_a_cpu,cpu,968.125,968.603
4,188,g_a,dpu,968.605,998.596
4,188,g_a,dpu,998.598,1052.08
4,188,g_a_cpu,cpu,1052.08,1052.62
4,188,eb_enc,cpu,1052.63,1057.82
4,211,normalize,cpu,1058.5,1062.71
4,211,g_a_cpu,cpu,1062.72,1063.14
4,211,g_a,dpu,1063.14,1076.04
4,211,g_a,dpu,1076.04,1121
4,211,g_a_cpu,cpu,1121,1121.61
4,211,eb_enc,cpu,1121.61,1126.65
4,226,normalize,cpu,1127.24,1131
4,226,g_a_cpu,cpu,1131,1131.43
4,226,g_a,dpu,1131.43,1151.88
4,226,g_a,dpu,1151.88,1157.93
4,226,g_a_cpu,cpu,1157.93,1158.36
4,226,eb_enc,cpu,1158.36,1163.34
4,234,normalize,cpu,1163.95,1167.65
4,234,g_a_cpu,cpu,1167.65,1168.03
4,234,g_a,dpu,1168.03,1222.38
4,234,g_a,dpu,1222.38,1247.66
4,234,g_a_cpu,cpu,1247.67,1248.04
4,234,eb_enc,cpu,1248.05,1253.07
4,250,normalize,cpu,1253.73,1259.92
4,250,g_a_cpu,cpu,1259.92,1260.35
4,250,g_a,dpu,1260.35,1287.9
4,250,g_a,dpu,1287.9,1311.33
4,250,g_a_cpu,cpu,1311.34,1311.84
4,250,eb_enc,cpu,1311.84,1318
4,263,normalize,cpu,1318.65,1322.34
4,263,g_a_cpu,cpu,1322.34,1322.72
4,263,g_a,dpu,1322.73,1341.57
4,263,g_a,dpu,1341.58,1361.76
4,263,g_a_cpu,cpu,1361.76,1362.21
4,263,eb_enc,cpu,1362.22,1367.19
4,275,normalize,cpu,1368.15,1371.82
4,275,g_a_cpu,cpu,1371.82,1372.39
4,275,g_a,dpu,1372.39,1394.12
4,275,g_a,dpu,1394.13,1409.05
4,275,g_a_cpu,cpu,1409.05,1409.69
4,275,eb_enc,cpu,1409.7,1414.8
4,285,normalize,cpu,1415.71,1419.38
4,285,g_a_cpu,cpu,1419.39,1419.86
4,285,g_a,dpu,1419.86,1453.83
4,285,g_a,dpu,1453.83,1473.4
4,285,g_a_cpu,cpu,1473.4,1473.85
4,285,eb_enc,cpu,1473.85,1478.74
4,299,normalize,cpu,1479.28,1491.78
4,299,g_a_cpu,cpu,1491.79,1492.48
4,299,g_a,dpu,1492.49,1521.53
4,299,g_a,dpu,1521.53,1547.24
4,299,g_a_cpu,cpu,1547.25,1547.83
4,299,eb_enc,cpu,1547.84,1552.77
4,314,normalize,cpu,1553.46,1557.24
4,314,g_a_cpu,cpu,1557.25,1557.67
4,314,g_a,dpu,1557.67,1572.39
4,314,g_a,dpu,1572.39,1577.51
4,314,g_a_cpu,cpu,1577.51,1577.99
4,314,eb_enc,cpu,1578,1583.09
4,319,normalize,cpu,1583.77,1587.56
4,319,g_a_cpu,cpu,1587.57,1588.02
4,319,g_a,dpu,1588.02,1649.68
4,319,g_a,dpu,1649.69,1664.95
4,319,g_a_cpu,cpu,1664.95,1665.61
4,319,eb_enc,cpu,1665.61,1670.57
4,339,normalize,cpu,1671.25,1674.94
4,339,g_a_cpu,cpu,1674.95,1675.28
4,339,g_a,dpu,1675.28,1689.88
4,339,g_a,dpu,1689.88,1696.6
4,339,g_a_cpu,cpu,1696.6,1697.03
4,339,eb_enc,cpu,1697.04,1702.4
4,347,normalize,cpu,1714.22,1718.76
4,347,g_a_cpu,cpu,1718.76,1719.22
4,347,g_a,dpu,1719.22,1754.39
4,347,g_a,dpu,1754.39,1777.4
4,347,g_a_cpu,cpu,1777.4,1778.07
4,347,eb_enc,cpu,1778.07,1783.24
4,362,normalize,cpu,1783.71,1789.89
4,362,g_a_cpu,cpu,1789.9,1790.51
4,362,g_a,dpu,1790.51,1810.71
4,362,g_a,dpu,1810.71,1828.27
4,362,g_a_cpu,cpu,1828.28,1828.66
4,362,eb_enc,cpu,1828.67,1833.73
4,374,normalize,cpu,1834.47,1838.13
4,374,g_a_cpu,cpu,1838.13,1838.47
4,374,g_a,dpu,1838.47,1878.12
4,374,g_a,dpu,1878.12,1897.11
4,374,g_a_cpu,cpu,1897.11,1897.66
4,374,eb_enc,cpu,1897.66,1902.59
4,387,normalize,cpu,1903.17,1910.29
4,387,g_a_cpu,cpu,1910.3,1910.77
4,387,g_a,dpu,1910.77,1916.14
4,387,g_a,dpu,1916.15,1940.78
4,387,g_a_cpu,cpu,1940.78,1941.21
4,387,eb_enc,cpu,1941.21,1946.23
4,397,normalize,cpu,1947.15,1950.84
4,397,g_a_cpu,cpu,1950.84,1951.21
4,397,g_a,dpu,1951.22,1989.36
4,397,g_a,dpu,1989.36,2009.25
4,397,g_a_cpu,cpu,2009.25,2009.9
4,397,eb_enc,cpu,2009.92,2015.02
4,411,normalize,cpu,2015.62,2019.39
4,411,g_a_cpu,cpu,2019.4,2019.69
4,411,g_a,dpu,2019.69,2039.89
4,411,g_a,dpu,2039.89,2061.99
4,411,g_a_cpu,cpu,2061.99,2062.33
4,411,eb_enc,cpu,2062.33,2067.48
4,422,normalize,cpu,2068.1,2071.85
4,422,g_a_cpu,cpu,2071.85,2072.24
4,422,g_a,dpu,2072.24,2093.6
4,422,g_a,dpu,2093.6,2111.68
4,422,g_a_cpu,cpu,2111.68,2112.16
4,422,eb_enc,cpu,2112.16,2117.26
4,435,normalize,cpu,2118.08,2121.82
4,435,g_a_cpu,cpu,2121.83,2122.32
4,435,g_a,dpu,2122.33,2149.35
4,435,g_a,dpu,2149.35,2154.58
4,435,g_a_cpu,cpu,2154.58,2155.07
4,435,eb_enc,cpu,2155.07,2160.34
4,444,normalize,cpu,2160.9,2164.69
4,444,g_a_cpu,cpu,2164.7,2165.29
4,444,g_a,dpu,2165.29,2208.83
4,444,g_a,dpu,2208.83,2227.15
4,444,g_a_cpu,cpu,2227.15,2227.66
4,444,eb_enc,cpu,2227.67,2232.62
4,459,normalize,cpu,2233.32,2237.05
4,459,g_a_cpu,cpu,2237.05,2237.6
4,459,g_a,dpu,2237.6,2269.33
4,459,g_a,dpu,2269.33,2291.22
4,459,g_a_cpu,cpu,2291.22,2291.52
4,459,eb_enc,cpu,2291.53,2296.55
4,471,normalize,cpu,2297.3,2301.09
4,471,g_a_cpu,cpu,2301.1,2301.8
4,471,g_a,dpu,2301.8,2345.26
4,471,g_a,dpu,2345.27,2356.15
4,471,g_a_cpu,cpu,2356.15,2356.65
4,471,eb_enc,cpu,2356.66,2361.82
4,486,normalize,cpu,2362.47,2366.31
4,486,g_a_cpu,cpu,2366.32,2367
4,486,g_a,dpu,2367,2401.39
4,486,g_a,dpu,2401.39,2411.23
4,486,g_a_cpu,cpu,2411.23,2411.85
4,486,eb_enc,cpu,2411.85,2416.87
4,499,normalize,cpu,2417.4,2421.1
4,499,g_a_cpu,cpu,2421.1,2421.54
4,499,g_a,dpu,2421.55,2439.36
4,499,g_a,dpu,2439.36,2444.71
4,499,g_a_cpu,cpu,2444.72,2445.14
4,499,eb_enc,cpu,2445.14,2450.31
4,507,normalize,cpu,2450.98,2454.95
4,507,g_a_cpu,cpu,2454.95,2455.49
4,507,g_a,dpu,2455.49,2485.07
4,507,g_a,dpu,2485.08,2490.64
4,507,g_a_cpu,cpu,2490.64,2491.01
4,507,eb_enc,cpu,2491.01,2496.11
4,518,normalize,cpu,2496.62,2500.6
4,518,g_a_cpu,cpu,2500.6,2500.9
4,518,g_a,dpu,2500.9,2544.67
4,518,g_a,dpu,2544.67,2571.05
4,518,g_a_cpu,cpu,2571.05,2571.55
4,518,eb_enc,cpu,2571.57,2576.69
4,533,normalize,cpu,2586.64,2590.41
4,533,g_a_cpu,cpu,2590.41,2590.96
4,533,g_a,dpu,2590.97,2611.33
4,533,g_a,dpu,2611.33,2636.65
4,533,g_a_cpu,cpu,2636.65,2637.03
4,533,eb_enc,cpu,2637.03,2642.15
4,546,normalize,cpu,2642.91,2646.76
4,546,g_a_cpu,cpu,2646.76,2647.06
4,546,g_a,dpu,2647.07,2652.34
4,546,g_a,dpu,2652.34,2657.73
4,546,g_a_cpu,cpu,2657.74,2658.2
4,546,eb_enc,cpu,2658.21,2663.54
4,552,normalize,cpu,2664.43,2668.96
4,552,g_a_cpu,cpu,2668.96,2669.43
4,552,g_a,dpu,2669.43,2706.19
4,552,g_a,dpu,2706.19,2713.34
4,552,g_a_cpu,cpu,2713.34,2713.75
4,552,eb_enc,cpu,2713.75,2718.9
4,565,normalize,cpu,2719.53,2723.26
4,565,g_a_cpu,cpu,2723.27,2723.71
4,565,g_a,dpu,2723.71,2738.62
4,565,g_a,dpu,2738.62,2744.96
4,565,g_a_cpu,cpu,2744.96,2745.37
4,565,eb_enc,cpu,2745.38,2752.35
4,573,normalize,cpu,2753.43,2757.2
4,573,g_a_cpu,cpu,2757.2,2757.54
4,573,g_a,dpu,2757.54,2783.23
4,573,g_a,dpu,2783.23,2797.34
4,573,g_a_cpu,cpu,2797.34,2797.95
4,573,eb_enc,cpu,2797.95,2803.05
4,582,normalize,cpu,2803.69,2807.47
4,582,g_a_cpu,cpu,2807.47,2807.92
4,582,g_a,dpu,2807.93,2832.56
4,582,g_a,dpu,2832.57,2838.05
4,582,g_a_cpu,cpu,2838.05,2838.5
4,582,eb_enc,cpu,2838.5,2843.4
4,592,normalize,cpu,2844.01,2847.67
4,592,g_a_cpu,cpu,2847.68,2848.15
4,592,g_a,dpu,2848.15,2853.87
4,592,g_a,dpu,2853.87,2909.35
4,592,g_a_cpu,cpu,2909.35,2909.76
4,592,eb_enc,cpu,2909.76,2914.83
4,605,normalize,cpu,2915.4,2919.26
4,605,g_a_cpu,cpu,2919.26,2919.92
4,605,g_a,dpu,2919.93,2942.11
4,605,g_a,dpu,2942.11,2947.28
4,605,g_a_cpu,cpu,2947.28,2947.68
4,605,eb_enc,cpu,2947.69,2952.8
4,613,normalize,cpu,2953.56,2957.5
4,613,g_a_cpu,cpu,2957.5,2957.84
4,613,g_a,dpu,2957.85,2975.63
4,613,g_a,dpu,2975.63,3020.89
4,613,g_a_cpu,cpu,3020.9,3021.43
4,613,eb_enc,cpu,3021.44,3026.65
4,629,normalize,cpu,3027.34,3031.19
4,629,g_a_cpu,cpu,3031.2,3031.77
4,629,g_a,dpu,3031.78,3054.92
4,629,g_a,dpu,3054.92,3060.17
4,629,g_a_cpu,cpu,3060.17,3060.51
4,629,eb_enc,cpu,3060.51,3066.6
4,637,normalize,cpu,3067.62,3071.57
4,637,g_a_cpu,cpu,3071.57,3072.26
4,637,g_a,dpu,3072.27,3092.16
4,637,g_a,dpu,3092.16,3097.9
4,637,g_a_cpu,cpu,3097.9,3098.46
4,637,eb_enc,cpu,3098.47,3103.83
4,643,normalize,cpu,3104.51,3108.36
4,643,g_a_cpu,cpu,3108.37,3108.8
4,643,g_a,dpu,3108.8,3140.16
4,643,g_a,dpu,3140.16,3145.39
4,643,g_a_cpu,cpu,3145.39,3145.79
4,643,eb_enc,cpu,3145.8,3158.36
4,656,normalize,cpu,3159.02,3162.86
4,656,g_a_cpu,cpu,3162.87,3163.72
4,656,g_a,dpu,3163.72,3184.29
4,656,g_a,dpu,3184.29,3210.97
4,656,g_a_cpu,cpu,3210.97,3211.59
4,656,eb_enc,cpu,3211.59,3216.56
4,670,normalize,cpu,3217.59,3221.24
4,670,g_a_cpu,cpu,3221.24,3221.64
4,670,g_a,dpu,3221.64,3248.64
4,670,g_a,dpu,3248.64,3253.94
4,670,g_a_cpu,cpu,3253.94,3254.44
4,670,eb_enc,cpu,3254.44,3259.77
4,680,normalize,cpu,3260.63,3264.31
4,680,g_a_cpu,cpu,3264.32,3264.67
4,680,g_a,dpu,3264.67,3272.11
4,680,g_a,dpu,3272.11,3286.89
4,680,g_a_cpu,cpu,3286.89,3287.32
4,680,eb_enc,cpu,3287.32,3292.85
4,687,normalize,cpu,3293.91,3297.76
4,687,g_a_cpu,cpu,3297.77,3301.03
4,687,g_a,dpu,3301.04,3320.24
4,687,g_a,dpu,3320.24,3349.11
4,687,g_a_cpu,cpu,3349.11,3349.6
4,687,eb_enc,cpu,3349.6,3354.57
4,701,normalize,cpu,3355.07,3358.8
4,701,g_a_cpu,cpu,3358.81,3359.16
4,701,g_a,dpu,3359.16,3389.8
4,701,g_a,dpu,3389.8,3399.34
4,701,g_a_cpu,cpu,3399.34,3399.69
4,701,eb_enc,cpu,3399.69,3404.8
4,712,normalize,cpu,3405.7,3410.37
4,712,g_a_cpu,cpu,3410.38,3410.95
4,712,g_a,dpu,3410.95,3442.66
4,712,g_a,dpu,3442.66,3472.62
4,712,g_a_cpu,cpu,3472.63,3473.01
4,712,eb_enc,cpu,3473.01,3478.08
4,727,normalize,cpu,3478.82,3486.61
4,727,g_a_cpu,cpu,3486.62,3487.02
4,727,g_a,dpu,3487.02,3510.56
4,727,g_a,dpu,3510.56,3525.91
4,727,g_a_cpu,cpu,3525.92,3526.43
4,727,eb_enc,cpu,3526.44,3531.74
4,739,normalize,cpu,3532.47,3536.16
4,739,g_a_cpu,cpu,3536.16,3536.83
4,739,g_a,dpu,3536.84,3542.16
4,739,g_a,dpu,3542.17,3566.02
4,739,g_a_cpu,cpu,3566.02,3566.43
4,739,eb_enc,cpu,3566.43,3571.59
4,748,normalize,cpu,3572.4,3576.14
4,748,g_a_cpu,cpu,3576.14,3576.6
4,748,g_a,dpu,3576.6,3582.34
4,748,g_a,dpu,3582.34,3588.24
4,748,g_a_cpu,cpu,3588.24,3588.8
4,748,eb_enc,cpu,3588.8,3594.82
4,753,normalize,cpu,3596.03,3600.09
4,753,g_a_cpu,cpu,3600.1,3600.7
4,753,g_a,dpu,3600.7,3632.69
4,753,g_a,dpu,3632.7,3668.85
4,753,g_a_cpu,cpu,3668.85,3669.26
4,753,eb_enc,cpu,3669.26,3674.65
4,771,normalize,cpu,3691.98,3695.77
4,771,g_a_cpu,cpu,3695.78,3696.23
4,771,g_a,dpu,3696.24,3707.25
4,771,g_a,dpu,3707.25,3743.95
4,771,g_a_cpu,cpu,3743.95,3744.43
4,771,eb_enc,cpu,3744.43,3750.12
4,784,normalize,cpu,3750.72,3763.86
4,784,g_a_cpu,cpu,3763.86,3764.27
4,784,g_a,dpu,3764.27,3777.46
4,784,g_a,dpu,3777.46,3782.66
4,784,g_a_cpu,cpu,3782.66,3783.17
4,784,eb_enc,cpu,3783.17,3788.34
4,793,normalize,cpu,3789.34,3793.11
4,793,g_a_cpu,cpu,3793.12,3794.12
4,793,g_a,dpu,3794.13,3812.88
4,793,g_a,dpu,3812.88,3827.42
4,793,g_a_cpu,cpu,3827.43,3827.81
4,793,eb_enc,cpu,3827.81,3833.13
4,803,normalize,cpu,3833.68,3837.43
4,803,g_a_cpu,cpu,3837.43,3837.95
4,803,g_a,dpu,3837.96,3864.81
4,803,g_a,dpu,3864.81,3870.26
4,803,g_a_cpu,cpu,3870.26,3871.05
4,803,eb_enc,cpu,3871.06,3876.17
4,813,normalize,cpu,3876.84,3888.27
4,813,g_a_cpu,cpu,3888.27,3888.81
4,813,g_a,dpu,3888.81,3916.21
4,813,g_a,dpu,3916.21,3930.83
4,813,g_a_cpu,cpu,3930.83,3931.26
4,813,eb_enc,cpu,3931.27,3936.11
4,827,normalize,cpu,3936.67,3940.39
4,827,g_a_cpu,cpu,3940.4,3940.71
4,827,g_a,dpu,3940.71,3955.83
4,827,g_a,dpu,3955.83,3961.25
4,827,g_a_cpu,cpu,3961.25,3961.69
4,827,eb_enc,cpu,3961.7,3966.86
4,833,normalize,cpu,3967.42,3972.37
4,833,g_a_cpu,cpu,3972.37,3972.92
4,833,g_a,dpu,3972.92,3978.76
4,833,g_a,dpu,3978.76,3999.02
4,833,g_a_cpu,cpu,3999.02,3999.38
4,833,eb_enc,cpu,3999.38,4007.27
4,841,normalize,cpu,4008.16,4011.95
4,841,g_a_cpu,cpu,4011.95,4012.43
4,841,g_a,dpu,4012.44,4034.5
4,841,g_a,dpu,4034.5,4095.6
4,841,g_a_cpu,cpu,4095.61,4096.05
4,841,eb_enc,cpu,4096.05,4101.49
4,862,normalize,cpu,4102.73,4106.67
4,862,g_a_cpu,cpu,4106.68,4107.24
4,862,g_a,dpu,4107.25,4124.48
4,862,g_a,dpu,4124.48,4151
4,862,g_a_cpu,cpu,4151,4151.37
4,862,eb_enc,cpu,4151.37,4156.67
4,875,normalize,cpu,4158.39,4162.09
4,875,g_a_cpu,cpu,4162.1,4162.76
4,875,g_a,dpu,4162.77,4183.25
4,875,g_a,dpu,4183.25,4211.23
4,875,g_a_cpu,cpu,4211.23,4211.84
4,875,eb_enc,cpu,4211.84,4222.38
4,888,normalize,cpu,4223.1,4231.74
4,888,g_a_cpu,cpu,4231.74,4232.38
4,888,g_a,dpu,4232.39,4251.88
4,888,g_a,dpu,4251.88,4279.62
4,888,g_a_cpu,cpu,4279.63,4280.04
4,888,eb_enc,cpu,4280.05,4285.09
4,904,normalize,cpu,4286,4289.69
4,904,g_a_cpu,cpu,4289.69,4290.06
4,904,g_a,dpu,4290.07,4334.34
4,904,g_a,dpu,4334.34,4339.58
4,904,g_a_cpu,cpu,4339.58,4340.49
4,904,eb_enc,cpu,4340.49,4350.88
4,920,normalize,cpu,4351.48,4355.87
4,920,g_a_cpu,cpu,4355.87,4356.28
4,920,g_a,dpu,4356.29,4398.79
4,920,g_a,dpu,4398.79,4421.84
4,920,g_a_cpu,cpu,4421.84,4422.18
4,920,eb_enc,cpu,4422.18,4426.9
5,9,normalize,cpu,76.6629,80.3471
5,9,g_a_cpu,cpu,82.5981,83.104
5,9,g_a,dpu,83.1093,89.348
5,9,g_a,dpu,89.3544,117.288
5,9,g_a_cpu,cpu,117.289,117.697
5,9,eb_enc,cpu,117.703,128.007
5,16,normalize,cpu,128.938,132.938
5,16,g_a_cpu,cpu,132.943,133.416
5,16,g_a,dpu,133.423,139.791
5,16,g_a,dpu,139.807,166.77
5,16,g_a_cpu,cpu,166.771,167.229
5,16,eb_enc,cpu,167.231,172.375
5,27,normalize,cpu,173.336,190.527
5,27,g_a_cpu,cpu,190.532,190.978
5,27,g_a,dpu,190.981,215.058
5,27,g_a,dpu,215.063,253.533
5,27,g_a_cpu,cpu,253.536,254.318
5,27,eb_enc,cpu,254.333,259.71
5,44,normalize,cpu,260.977,264.678
5,44,g_a_cpu,cpu,264.684,273.3
5,44,g_a,dpu,273.303,284.027
5,44,g_a,dpu,284.029,311.059
5,44,g_a_cpu,cpu,311.061,311.522
5,44,eb_enc,cpu,311.524,316.806
5,57,normalize,cpu,317.796,321.648
5,57,g_a_cpu,cpu,321.653,322.774
5,57,g_a,dpu,322.778,396.729
5,57,g_a,dpu,396.731,422.669
5,57,g_a_cpu,cpu,422.671,423.181
5,57,eb_enc,cpu,423.184,428.509
5,79,normalize,cpu,442.215,445.912
5,79,g_a_cpu,cpu,445.915,446.535
5,79,g_a,dpu,446.539,462.436
5,79,g_a,dpu,462.447,468.017
5,79,g_a_cpu,cpu,468.019,468.409
5,79,eb_enc,cpu,468.412,480.74
5,88,normalize,cpu,481.482,490.423
5,88,g_a_cpu,cpu,490.428,490.803
5,88,g_a,dpu,490.807,509.006
5,88,g_a,dpu,509.009,514.555
5,88,g_a_cpu,cpu,514.556,514.959
5,88,eb_enc,cpu,514.961,521.59
5,98,normalize,cpu,522.472,526.136
5,98,g_a_cpu,cpu,526.141,526.572
5,98,g_a,dpu,526.576,546.564
5,98,g_a,dpu,546.565,574.308
5,98,g_a_cpu,cpu,574.314,574.931
5,98,eb_enc,cpu,574.934,579.923
5,112,normalize,cpu,580.857,584.522
5,112,g_a_cpu,cpu,584.525,584.926
5,112,g_a,dpu,584.929,591.037
5,112,g_a,dpu,591.038,601.476
5,112,g_a_cpu,cpu,601.48,602.277
5,112,eb_enc,cpu,602.28,607.287
5,117,normalize,cpu,607.86,611.606
5,117,g_a_cpu,cpu,611.614,612.502
5,117,g_a,dpu,612.511,638.242
5,117,g_a,dpu,638.246,676.067
5,117,g_a_cpu,cpu,676.069,676.518
5,117,eb_enc,cpu,676.52,681.839
5,131,normalize,cpu,682.525,686.229
5,131,g_a_cpu,cpu,686.234,686.629
5,131,g_a,dpu,686.633,700.38
5,131,g_a,dpu,700.382,727.593
5,131,g_a_cpu,cpu,727.595,728.053
5,131,eb_enc,cpu,728.07,732.923
5,142,normalize,cpu,733.67,737.482
5,142,g_a_cpu,cpu,737.493,738.079
5,142,g_a,dpu,738.085,786.946
5,142,g_a,dpu,786.948,793.359
5,142,g_a_cpu,cpu,793.36,793.796
5,142,eb_enc,cpu,793.802,798.881
5,157,normalize,cpu,799.489,803.208
5,157,g_a_cpu,cpu,803.211,803.754
5,157,g_a,dpu,803.761,840.51
5,157,g_a,dpu,840.511,846.313
5,157,g_a_cpu,cpu,846.313,846.721
5,157,eb_enc,cpu,846.722,851.724
5,169,normalize,cpu,852.519,856.217
5,169,g_a_cpu,cpu,856.221,856.602
5,169,g_a,dpu,856.606,910.161
5,169,g_a,dpu,910.162,916.261
5,169,g_a_cpu,cpu,916.265,916.79
5,169,eb_enc,cpu,916.794,921.94
5,181,normalize,cpu,922.617,927.744
5,181,g_a_cpu,cpu,927.758,928.462
5,181,g_a,dpu,928.467,962.663
5,181,g_a,dpu,962.665,1004.23
5,181,g_a_cpu,cpu,1004.23,1004.86
5,181,eb_enc,cpu,1004.86,1009.76
5,199,normalize,cpu,1010.35,1014.12
5,199,g_a_cpu,cpu,1014.13,1014.58
5,199,g_a,dpu,1014.59,1061.13
5,199,g_a,dpu,1061.14,1066.63
5,199,g_a_cpu,cpu,1066.63,1067.15
5,199,eb_enc,cpu,1067.15,1072.19
5,213,normalize,cpu,1072.92,1076.59
5,213,g_a_cpu,cpu,1076.59,1077.02
5,213,g_a,dpu,1077.02,1100.66
5,213,g_a,dpu,1100.66,1134.44
5,213,g_a_cpu,cpu,1134.44,1135.23
5,213,eb_enc,cpu,1135.23,1140.18
5,229,normalize,cpu,1140.7,1145.05
5,229,g_a_cpu,cpu,1145.05,1145.57
5,229,g_a,dpu,1145.58,1175.77
5,229,g_a,dpu,1175.77,1196.73
5,229,g_a_cpu,cpu,1196.73,1197.2
5,229,eb_enc,cpu,1197.2,1202.14
5,239,normalize,cpu,1202.78,1206.67
5,239,g_a_cpu,cpu,1206.68,1207.68
5,239,g_a,dpu,1207.69,1230.52
5,239,g_a,dpu,1230.53,1236.83
5,239,g_a_cpu,cpu,1236.84,1237.87
5,239,eb_enc,cpu,1237.88,1243.99
5,248,normalize,cpu,1244.97,1258.58
5,248,g_a_cpu,cpu,1258.58,1259.15
5,248,g_a,dpu,1259.15,1291.37
5,248,g_a,dpu,1291.38,1306.72
5,248,g_a_cpu,cpu,1306.72,1307.43
5,248,eb_enc,cpu,1307.44,1323.78
5,265,normalize,cpu,1324.43,1328.13
5,265,g_a_cpu,cpu,1328.13,1328.48
5,265,g_a,dpu,1328.49,1342.34
5,265,g_a,dpu,1342.34,1372.91
5,265,g_a_cpu,cpu,1372.91,1373.5
5,265,eb_enc,cpu,1373.5,1378.64
5,277,normalize,cpu,1379.81,1383.51
5,277,g_a_cpu,cpu,1383.51,1384.13
5,277,g_a,dpu,1384.14,1391.11
5,277,g_a,dpu,1391.13,1417.31
5,277,g_a_cpu,cpu,1417.31,1417.77
5,277,eb_enc,cpu,1417.77,1423.56
5,287,normalize,cpu,1424.21,1442.31
5,287,g_a_cpu,cpu,1442.31,1442.73
5,287,g_a,dpu,1442.74,1460.78
5,287,g_a,dpu,1460.78,1466.8
5,287,g_a_cpu,cpu,1466.8,1467.34
5,287,eb_enc,cpu,1467.34,1473.02
5,297,normalize,cpu,1473.73,1477.59
5,297,g_a_cpu,cpu,1477.6,1477.96
5,297,g_a,dpu,1477.97,1505.41
5,297,g_a,dpu,1505.42,1543.3
5,297,g_a_cpu,cpu,1543.3,1544.02
5,297,eb_enc,cpu,1544.02,1549.41
5,313,normalize,cpu,1550,1553.8
5,313,g_a_cpu,cpu,1553.81,1554.1
5,313,g_a,dpu,1554.1,1579.95
5,313,g_a,dpu,1579.95,1608.6
5,313,g_a_cpu,cpu,1608.6,1609.02
5,313,eb_enc,cpu,1609.02,1614.05
5,328,normalize,cpu,1614.69,1618.38
5,328,g_a_cpu,cpu,1618.39,1619
5,328,g_a,dpu,1619.01,1644.21
5,328,g_a,dpu,1644.22,1650.27
5,328,g_a_cpu,cpu,1650.28,1650.89
5,328,eb_enc,cpu,1650.9,1655.77
5,336,normalize,cpu,1656.61,1660.35
5,336,g_a_cpu,cpu,1660.35,1660.91
5,336,g_a,dpu,1660.92,1688.76
5,336,g_a,dpu,1688.76,1695.14
5,336,g_a_cpu,cpu,1695.14,1695.58
5,336,eb_enc,cpu,1695.59,1701.6
5,346,normalize,cpu,1702.38,1717.29
5,346,g_a_cpu,cpu,1717.29,1717.79
5,346,g_a,dpu,1717.79,1752.4
5,346,g_a,dpu,1752.4,1794.87
5,346,g_a_cpu,cpu,1794.88,1795.52
5,346,eb_enc,cpu,1795.52,1801.1
5,366,normalize,cpu,1801.97,1811.43
5,366,g_a_cpu,cpu,1811.43,1812.02
5,366,g_a,dpu,1812.03,1838.49
5,366,g_a,dpu,1838.49,1843.84
5,366,g_a_cpu,cpu,1843.84,1844.42
5,366,eb_enc,cpu,1844.43,1849.52
5,376,normalize,cpu,1850.35,1854.8
5,376,g_a_cpu,cpu,1854.81,1855.4
5,376,g_a,dpu,1855.4,1876.34
5,376,g_a,dpu,1876.35,1922.38
5,376,g_a_cpu,cpu,1922.38,1922.98
5,376,eb_enc,cpu,1922.98,1928.13
5,393,normalize,cpu,1928.76,1932.44
5,393,g_a_cpu,cpu,1932.45,1932.78
5,393,g_a,dpu,1932.78,1996.71
5,393,g_a,dpu,1996.71,2031.37
5,393,g_a_cpu,cpu,2031.37,2031.94
5,393,eb_enc,cpu,2031.95,2037.1
5,416,normalize,cpu,2037.8,2041.5
5,416,g_a_cpu,cpu,2041.51,2041.99
5,416,g_a,dpu,2041.99,2059.89
5,416,g_a,dpu,2059.89,2082.78
5,416,g_a_cpu,cpu,2082.78,2083.4
5,416,eb_enc,cpu,2083.4,2088.73
5,428,normalize,cpu,2089.79,2093.56
5,428,g_a_cpu,cpu,2093.56,2094.31
5,428,g_a,dpu,2094.31,2137
5,428,g_a,dpu,2137,2152.38
5,428,g_a_cpu,cpu,2152.39,2152.74
5,428,eb_enc,cpu,2152.74,2157.73
5,442,normalize,cpu,2158.5,2162.2
5,442,g_a_cpu,cpu,2162.21,2162.63
5,442,g_a,dpu,2162.63,2188.74
5,442,g_a,dpu,2188.74,2210.4
5,442,g_a_cpu,cpu,2210.4,2210.77
5,442,eb_enc,cpu,2210.77,2215.67
5,456,normalize,cpu,2216.2,2219.91
5,456,g_a_cpu,cpu,2219.92,2220.27
5,456,g_a,dpu,2220.27,2239.23
5,456,g_a,dpu,2239.23,2266.83
5,456,g_a_cpu,cpu,2266.84,2267.42
5,456,eb_enc,cpu,2267.43,2272.64
5,467,normalize,cpu,2273.53,2278.31
5,467,g_a_cpu,cpu,2278.31,2278.93
5,467,g_a,dpu,2278.93,2317.61
5,467,g_a,dpu,2317.61,2323.23
5,467,g_a_cpu,cpu,2323.24,2323.66
5,467,eb_enc,cpu,2323.66,2328.81
5,479,normalize,cpu,2329.55,2333.24
5,479,g_a_cpu,cpu,2333.25,2333.66
5,479,g_a,dpu,2333.66,2366.29
5,479,g_a,dpu,2366.29,2380.14
5,479,g_a_cpu,cpu,2380.14,2380.81
5,479,eb_enc,cpu,2380.82,2386.15
5,492,normalize,cpu,2386.75,2390.45
5,492,g_a_cpu,cpu,2390.45,2391.03
5,492,g_a,dpu,2391.03,2414.23
5,492,g_a,dpu,2414.23,2436.86
5,492,g_a_cpu,cpu,2436.86,2437.3
5,492,eb_enc,cpu,2437.3,2442.65
5,505,normalize,cpu,2443.33,2447.03
5,505,g_a_cpu,cpu,2447.03,2447.45
5,505,g_a,dpu,2447.45,2469.41
5,505,g_a,dpu,2469.42,2491.45
5,505,g_a_cpu,cpu,2491.45,2491.84
5,505,eb_enc,cpu,2491.84,2496.76
5,519,normalize,cpu,2497.24,2500.86
5,519,g_a_cpu,cpu,2500.86,2502.46
5,519,g_a,dpu,2502.46,2517.11
5,519,g_a,dpu,2517.11,2542.23
5,519,g_a_cpu,cpu,2542.23,2542.88
5,519,eb_enc,cpu,2542.89,2548.48
5,528,normalize,cpu,2549.54,2562.96
5,528,g_a_cpu,cpu,2562.96,2563.47
5,528,g_a,dpu,2563.48,2576.84
5,528,g_a,dpu,2576.85,2610.37
5,528,g_a_cpu,cpu,2610.38,2610.94
5,528,eb_enc,cpu,2610.95,2616.06
5,541,normalize,cpu,2616.77,2620.53
5,541,g_a_cpu,cpu,2620.54,2620.99
5,541,g_a,dpu,2620.99,2658.76
5,541,g_a,dpu,2658.77,2676.02
5,541,g_a_cpu,cpu,2676.02,2676.45
5,541,eb_enc,cpu,2676.45,2684.83
5,557,normalize,cpu,2685.61,2689.33
5,557,g_a_cpu,cpu,2689.33,2689.69
5,557,g_a,dpu,2689.69,2716.53
5,557,g_a,dpu,2716.53,2739.81
5,557,g_a_cpu,cpu,2739.81,2740.42
5,557,eb_enc,cpu,2740.44,2745.42
5,571,normalize,cpu,2746.24,2750.01
5,571,g_a_cpu,cpu,2750.02,2750.64
5,571,g_a,dpu,2750.65,2775.43
5,571,g_a,dpu,2775.43,2797.32
5,571,g_a_cpu,cpu,2797.32,2797.95
5,571,eb_enc,cpu,2797.96,2803.35
5,583,normalize,cpu,2803.83,2807.52
5,583,g_a_cpu,cpu,2807.52,2808.05
5,583,g_a,dpu,2808.05,2848.04
5,583,g_a,dpu,2848.04,2871.16
5,583,g_a_cpu,cpu,2871.16,2871.52
5,583,eb_enc,cpu,2871.52,2876.45
5,598,normalize,cpu,2876.97,2881.55
5,598,g_a_cpu,cpu,2881.55,2882.08
5,598,g_a,dpu,2882.08,2913.92
5,598,g_a,dpu,2913.93,2919.75
5,598,g_a_cpu,cpu,2919.75,2920.44
5,598,eb_enc,cpu,2920.44,2925.46
5,607,normalize,cpu,2925.97,2929.65
5,607,g_a_cpu,cpu,2929.65,2930
5,607,g_a,dpu,2930,2960.51
5,607,g_a,dpu,2960.51,2989.47
5,607,g_a_cpu,cpu,2989.47,2989.98
5,607,eb_enc,cpu,2989.98,2996.22
5,621,normalize,cpu,2996.87,3000.6
5,621,g_a_cpu,cpu,3000.6,3000.94
5,621,g_a,dpu,3000.94,3025.35
5,621,g_a,dpu,3025.35,3052.58
5,621,g_a_cpu,cpu,3052.59,3053.34
5,621,eb_enc,cpu,3053.34,3058.76
5,635,normalize,cpu,3059.41,3063.17
5,635,g_a_cpu,cpu,3063.17,3063.55
5,635,g_a,dpu,3063.55,3073.21
5,635,g_a,dpu,3073.21,3098.17
5,635,g_a_cpu,cpu,3098.17,3098.83
5,635,eb_enc,cpu,3098.83,3104.05
5,644,normalize,cpu,3104.55,3108.33
5,644,g_a_cpu,cpu,3108.33,3108.76
5,644,g_a,dpu,3108.76,3114.45
5,644,g_a,dpu,3114.45,3137.94
5,644,g_a_cpu,cpu,3137.94,3138.54
5,644,eb_enc,cpu,3138.54,3143.86
5,653,normalize,cpu,3144.6,3148.39
5,653,g_a_cpu,cpu,3148.4,3148.86
5,653,g_a,dpu,3148.86,3182.02
5,653,g_a,dpu,3182.02,3187.47
5,653,g_a_cpu,cpu,3187.47,3187.82
5,653,eb_enc,cpu,3187.82,3192.7
5,665,normalize,cpu,3193.24,3196.89
5,665,g_a_cpu,cpu,3196.9,3197.48
5,665,g_a,dpu,3197.49,3221.48
5,665,g_a,dpu,3221.48,3241.33
5,665,g_a_cpu,cpu,3241.33,3241.78
5,665,eb_enc,cpu,3241.78,3246.78
5,676,normalize,cpu,3247.36,3251.14
5,676,g_a_cpu,cpu,3251.14,3251.51
5,676,g_a,dpu,3251.52,3278.07
5,676,g_a,dpu,3278.07,3306.27
5,676,g_a_cpu,cpu,3306.27,3306.62
5,676,eb_enc,cpu,3306.62,3311.7
5,692,normalize,cpu,3312.36,3320.54
5,692,g_a_cpu,cpu,3320.54,3321.07
5,692,g_a,dpu,3321.08,3349.59
5,692,g_a,dpu,3349.59,3355.26
5,692,g_a_cpu,cpu,3355.26,3355.66
5,692,eb_enc,cpu,3355.66,3361.02
5,702,normalize,cpu,3361.91,3365.97
5,702,g_a_cpu,cpu,3365.98,3367.02
5,702,g_a,dpu,3367.03,3407.86
5,702,g_a,dpu,3407.86,3413.77
5,702,g_a_cpu,cpu,3413.77,3414.26
5,702,eb_enc,cpu,3414.26,3419.38
5,715,normalize,cpu,3419.89,3423.66
5,715,g_a_cpu,cpu,3423.66,3424
5,715,g_a,dpu,3424.01,3448.15
5,715,g_a,dpu,3448.15,3455.4
5,715,g_a_cpu,cpu,3455.4,3455.93
5,715,eb_enc,cpu,3455.93,3461.11
5,724,normalize,cpu,3461.76,3465.49
5,724,g_a_cpu,cpu,3465.49,3465.92
5,724,g_a,dpu,3465.92,3471.35
5,724,g_a,dpu,3471.36,3498.48
5,724,g_a_cpu,cpu,3498.48,3498.89
5,724,eb_enc,cpu,3498.89,3504.97
5,733,normalize,cpu,3505.69,3509.39
5,733,g_a_cpu,cpu,3509.39,3509.85
5,733,g_a,dpu,3509.86,3537.87
5,733,g_a,dpu,3537.87,3562.67
5,733,g_a_cpu,cpu,3562.68,3563.08
5,733,eb_enc,cpu,3563.08,3568.39
5,747,normalize,cpu,3569.02,3572.7
5,747,g_a_cpu,cpu,3572.7,3574
5,747,g_a,dpu,3574,3583.04
5,747,g_a,dpu,3583.04,3622.92
5,747,g_a_cpu,cpu,3622.92,3623.38
5,747,eb_enc,cpu,3623.38,3628.81
5,758,normalize,cpu,3629.6,3633.45
5,758,g_a_cpu,cpu,3633.45,3633.79
5,758,g_a,dpu,3633.8,3655.45
5,758,g_a,dpu,3655.45,3685.35
5,758,g_a_cpu,cpu,3685.36,3685.71
5,758,eb_enc,cpu,3685.71,3691.04
5,770,normalize,cpu,3691.98,3695.69
5,770,g_a_cpu,cpu,3695.69,3696.17
5,770,g_a,dpu,3696.17,3702.34
5,770,g_a,dpu,3702.34,3735.66
5,770,g_a_cpu,cpu,3735.67,3736.08
5,770,eb_enc,cpu,3736.08,3741.44
5,782,normalize,cpu,3742.05,3745.82
5,782,g_a_cpu,cpu,3745.82,3746.29
5,782,g_a,dpu,3746.29,3766.41
5,782,g_a,dpu,3766.41,3802.69
5,782,g_a_cpu,cpu,3802.69,3803.04
5,782,eb_enc,cpu,3803.04,3807.88
5,798,normalize,cpu,3808.63,3812.31
5,798,g_a_cpu,cpu,3812.31,3812.7
5,798,g_a,dpu,3812.7,3829.65
5,798,g_a,dpu,3829.66,3838.28
5,798,g_a_cpu,cpu,3838.28,3838.94
5,798,eb_enc,cpu,3838.95,3844.01
5,805,normalize,cpu,3844.79,3848.63
5,805,g_a_cpu,cpu,3848.63,3849.18
5,805,g_a,dpu,3849.19,3898.06
5,805,g_a,dpu,3898.06,3914.24
5,805,g_a_cpu,cpu,3914.24,3914.76
5,805,eb_enc,cpu,3914.77,3924.4
5,825,normalize,cpu,3924.94,3932.02
5,825,g_a_cpu,cpu,3932.03,3932.43
5,825,g_a,dpu,3932.44,3979.42
5,825,g_a,dpu,3979.42,4011.17
5,825,g_a_cpu,cpu,4011.18,4011.61
5,825,eb_enc,cpu,4011.61,4016.61
5,844,normalize,cpu,4017.31,4020.95
5,844,g_a_cpu,cpu,4020.96,4021.33
5,844,g_a,dpu,4021.33,4036.78
5,844,g_a,dpu,4036.78,4042.16
5,844,g_a_cpu,cpu,4042.16,4042.77
5,844,eb_enc,cpu,4042.77,4049.02
5,850,normalize,cpu,4049.73,4053.6
5,850,g_a_cpu,cpu,4053.61,4054.19
5,850,g_a,dpu,4054.19,4080.66
5,850,g_a,dpu,4080.66,4096.43
5,850,g_a_cpu,cpu,4096.43,4097.19
5,850,eb_enc,cpu,4097.19,4103.43
5,863,normalize,cpu,4104.29,4107.99
5,863,g_a_cpu,cpu,4107.99,4108.39
5,863,g_a,dpu,4108.39,4137.3
5,863,g_a,dpu,4137.31,4158.43
5,863,g_a_cpu,cpu,4158.44,4159.15
5,863,eb_enc,cpu,4159.15,4164.36
5,877,normalize,cpu,4164.91,4168.57
5,877,g_a_cpu,cpu,4168.58,4169.18
5,877,g_a,dpu,4169.18,4188.97
5,877,g_a,dpu,4188.98,4195.27
5,877,g_a_cpu,cpu,4195.27,4195.75
5,877,eb_enc,cpu,4195.75,4200.9
5,885,normalize,cpu,4201.47,4205.45
5,885,g_a_cpu,cpu,4205.46,4206
5,885,g_a,dpu,4206,4233.76
5,885,g_a,dpu,4233.76,4239.19
5,885,g_a_cpu,cpu,4239.19,4239.54
5,885,eb_enc,cpu,4239.54,4244.8
5,895,normalize,cpu,4245.44,4249.35
5,895,g_a_cpu,cpu,4249.35,4249.86
5,895,g_a,dpu,4249.87,4295.78
5,895,g_a,dpu,4295.78,4323.9
5,895,g_a_cpu,cpu,4323.9,4324.37
5,895,eb_enc,cpu,4324.37,4330.47
5,914,normalize,cpu,4331.18,4338.41
5,914,g_a_cpu,cpu,4338.42,4340
5,914,g_a,dpu,4340.01,4369.49
5,914,g_a,dpu,4369.49,4375.24
5,914,g_a_cpu,cpu,4375.24,4375.92
5,914,eb_enc,cpu,4375.92,4381.18
5,926,normalize,cpu,4381.87,4385.63
5,926,g_a_cpu,cpu,4385.64,4386.32
5,926,g_a,dpu,4386.32,4400.3
5,926,g_a,dpu,4400.3,4416.29
5,926,g_a_cpu,cpu,4416.29,4416.76
5,926,eb_enc,cpu,4416.76,4421.7
6,6,normalize,cpu,73.7022,77.4052
6,6,g_a_cpu,cpu,77.5357,77.9425
6,6,g_a,dpu,77.9507,90.8921
6,6,g_a,dpu,90.898,105.638
6,6,g_a_cpu,cpu,105.646,106.404
6,6,eb_enc,cpu,106.414,118.172
6,15,normalize,cpu,119.16,122.895
6,15,g_a_cpu,cpu,122.903,123.393
6,15,g_a,dpu,123.396,135.311
6,15,g_a,dpu,135.316,156.167
6,15,g_a_cpu,cpu,156.172,156.761
6,15,eb_enc,cpu,156.766,162.022
6,24,normalize,cpu,162.786,166.522
6,24,g_a_cpu,cpu,166.525,181.58
6,24,g_a,dpu,181.585,196.364
6,24,g_a,dpu,196.367,204.928
6,24,g_a_cpu,cpu,204.929,205.474
6,24,eb_enc,cpu,205.481,210.816
6,35,normalize,cpu,211.952,215.657
6,35,g_a_cpu,cpu,215.661,217.173
6,35,g_a,dpu,217.178,238.353
6,35,g_a,dpu,238.356,254.966
6,35,g_a_cpu,cpu,254.968,255.46
6,35,eb_enc,cpu,255.465,262.743
6,45,normalize,cpu,263.73,268.469
6,45,g_a_cpu,cpu,268.478,269.037
6,45,g_a,dpu,269.045,316.542
6,45,g_a,dpu,316.545,331.179
6,45,g_a_cpu,cpu,331.18,331.532
6,45,eb_enc,cpu,331.534,336.797
6,60,normalize,cpu,337.504,342.305
6,60,g_a_cpu,cpu,342.312,342.876
6,60,g_a,dpu,342.88,365.734
6,60,g_a,dpu,365.748,372.116
6,60,g_a_cpu,cpu,372.119,372.575
6,60,eb_enc,cpu,372.579,377.732
6,67,normalize,cpu,378.241,382.134
6,67,g_a_cpu,cpu,382.14,382.773
6,67,g_a,dpu,382.779,402.996
6,67,g_a,dpu,402.997,442.033
6,67,g_a_cpu,cpu,442.035,442.568
6,67,eb_enc,cpu,442.57,448.539
6,81,normalize,cpu,449.193,452.855
6,81,g_a_cpu,cpu,452.859,453.343
6,81,g_a,dpu,453.346,470.075
6,81,g_a,dpu,470.077,475.216
6,81,g_a_cpu,cpu,475.217,477.189
6,81,eb_enc,cpu,477.199,482.313
6,89,normalize,cpu,482.883,486.641
6,89,g_a_cpu,cpu,486.647,487.054
6,89,g_a,dpu,487.058,513.467
6,89,g_a,dpu,513.468,518.64
6,89,g_a_cpu,cpu,518.641,519.06
6,89,eb_enc,cpu,519.061,524.337
6,99,normalize,cpu,524.922,528.821
6,99,g_a_cpu,cpu,528.825,529.229
6,99,g_a,dpu,529.232,546.735
6,99,g_a,dpu,546.737,570.649
6,99,g_a_cpu,cpu,570.651,571.131
6,99,eb_enc,cpu,571.134,576.224
6,111,normalize,cpu,576.779,580.493
6,111,g_a_cpu,cpu,580.498,581.09
6,111,g_a,dpu,581.095,616.002
6,111,g_a,dpu,616.004,633.963
6,111,g_a_cpu,cpu,633.968,634.467
6,111,eb_enc,cpu,634.49,639.653
6,123,normalize,cpu,640.116,643.899
6,123,g_a_cpu,cpu,643.908,644.787
6,123,g_a,dpu,644.792,678.197
6,123,g_a,dpu,678.2,683.49
6,123,g_a_cpu,cpu,683.491,683.882
6,123,eb_enc,cpu,683.884,688.934
6,132,normalize,cpu,689.831,693.621
6,132,g_a_cpu,cpu,693.625,694.008
6,132,g_a,dpu,694.011,718.41
6,132,g_a,dpu,718.412,749.705
6,132,g_a_cpu,cpu,749.706,750.266
6,132,eb_enc,cpu,750.269,759.334
6,147,normalize,cpu,759.991,763.786
6,147,g_a_cpu,cpu,763.792,764.453
6,147,g_a,dpu,764.463,773.521
6,147,g_a,dpu,773.522,778.62
6,147,g_a_cpu,cpu,778.621,779.055
6,147,eb_enc,cpu,779.057,784.533
6,154,normalize,cpu,785.622,789.967
6,154,g_a_cpu,cpu,789.972,790.451
6,154,g_a,dpu,790.454,817.879
6,154,g_a,dpu,817.881,838.547
6,154,g_a_cpu,cpu,838.548,838.992
6,154,eb_enc,cpu,838.993,844.2
6,167,normalize,cpu,844.774,848.455
6,167,g_a_cpu,cpu,848.459,848.845
6,167,g_a,dpu,848.848,863.836
6,167,g_a,dpu,863.838,869.438
6,167,g_a_cpu,cpu,869.442,869.906
6,167,eb_enc,cpu,869.909,875.418
6,174,normalize,cpu,876.309,879.979
6,174,g_a_cpu,cpu,879.983,880.367
6,174,g_a,dpu,880.37,909.111
6,174,g_a,dpu,909.116,936.072
6,174,g_a_cpu,cpu,936.084,936.421
6,174,eb_enc,cpu,936.424,942.78
6,186,normalize,cpu,943.858,948.683
6,186,g_a_cpu,cpu,948.696,949.862
6,186,g_a,dpu,949.869,975.468
6,186,g_a,dpu,975.47,980.773
6,186,g_a_cpu,cpu,980.774,981.309
6,186,eb_enc,cpu,981.312,987.157
6,196,normalize,cpu,987.778,991.504
6,196,g_a_cpu,cpu,991.509,996.844
6,196,g_a,dpu,996.847,1030.01
6,196,g_a,dpu,1030.01,1044.92
6,196,g_a_cpu,cpu,1044.92,1045.29
6,196,eb_enc,cpu,1045.3,1050.26
6,208,normalize,cpu,1050.86,1054.64
6,208,g_a_cpu,cpu,1054.64,1055.05
6,208,g_a,dpu,1055.05,1065.12
6,208,g_a,dpu,1065.12,1083.55
6,208,g_a_cpu,cpu,1083.55,1083.92
6,208,eb_enc,cpu,1083.92,1088.84
6,218,normalize,cpu,1089.83,1093.48
6,218,g_a_cpu,cpu,1093.49,1096.01
6,218,g_a,dpu,1096.02,1132.02
6,218,g_a,dpu,1132.02,1155.71
6,218,g_a_cpu,cpu,1155.71,1156.18
6,218,eb_enc,cpu,1156.18,1161.19
6,233,normalize,cpu,1161.8,1165.67
6,233,g_a_cpu,cpu,1165.67,1166.31
6,233,g_a,dpu,1166.31,1173.43
6,233,g_a,dpu,1173.45,1221.02
6,233,g_a_cpu,cpu,1221.02,1221.79
6,233,eb_enc,cpu,1221.79,1227.69
6,246,normalize,cpu,1228.44,1232.3
6,246,g_a_cpu,cpu,1232.31,1232.88
6,246,g_a,dpu,1232.88,1238.82
6,246,g_a,dpu,1238.82,1249.54
6,246,g_a_cpu,cpu,1249.54,1250.01
6,246,eb_enc,cpu,1250.02,1261.32
6,252,normalize,cpu,1261.82,1266.15
6,252,g_a_cpu,cpu,1266.16,1266.74
6,252,g_a,dpu,1266.74,1320.23
6,252,g_a,dpu,1320.23,1340.68
6,252,g_a_cpu,cpu,1340.69,1341.01
6,252,eb_enc,cpu,1341.02,1345.89
6,269,normalize,cpu,1346.8,1350.48
6,269,g_a_cpu,cpu,1350.49,1350.82
6,269,g_a,dpu,1350.83,1368.32
6,269,g_a,dpu,1368.32,1377.85
6,269,g_a_cpu,cpu,1377.85,1378.34
6,269,eb_enc,cpu,1378.34,1383.58
6,278,normalize,cpu,1384.52,1388.21
6,278,g_a_cpu,cpu,1388.21,1388.63
6,278,g_a,dpu,1388.63,1394.79
6,278,g_a,dpu,1394.79,1420.64
6,278,g_a_cpu,cpu,1420.65,1421.14
6,278,eb_enc,cpu,1421.17,1426.42
6,288,normalize,cpu,1427.27,1431.17
6,288,g_a_cpu,cpu,1431.18,1431.69
6,288,g_a,dpu,1431.7,1454.5
6,288,g_a,dpu,1454.5,1481.32
6,288,g_a_cpu,cpu,1481.33,1481.9
6,288,eb_enc,cpu,1481.91,1486.97
6,301,normalize,cpu,1487.45,1493.8
6,301,g_a_cpu,cpu,1493.8,1494.19
6,301,g_a,dpu,1494.19,1500.6
6,301,g_a,dpu,1500.6,1521.53
6,301,g_a_cpu,cpu,1521.53,1521.98
6,301,eb_enc,cpu,1521.98,1527.17
6,309,normalize,cpu,1527.94,1531.7
6,309,g_a_cpu,cpu,1531.71,1532.13
6,309,g_a,dpu,1532.13,1559.25
6,309,g_a,dpu,1559.26,1584.06
6,309,g_a_cpu,cpu,1584.07,1584.62
6,309,eb_enc,cpu,1584.63,1589.76
6,321,normalize,cpu,1590.26,1594.13
6,321,g_a_cpu,cpu,1594.13,1594.63
6,321,g_a,dpu,1594.63,1600.84
6,321,g_a,dpu,1600.84,1667.71
6,321,g_a_cpu,cpu,1667.71,1668.17
6,321,eb_enc,cpu,1668.17,1673.2
6,340,normalize,cpu,1673.93,1677.67
6,340,g_a_cpu,cpu,1677.67,1678.16
6,340,g_a,dpu,1678.17,1699.79
6,340,g_a,dpu,1699.79,1722.75
6,340,g_a_cpu,cpu,1722.75,1723.29
6,340,eb_enc,cpu,1723.29,1728.48
6,352,normalize,cpu,1729.25,1732.92
6,352,g_a_cpu,cpu,1732.92,1733.35
6,352,g_a,dpu,1733.35,1754.35
6,352,g_a,dpu,1754.35,1770.73
6,352,g_a_cpu,cpu,1770.73,1771.25
6,352,eb_enc,cpu,1771.25,1776.71
6,361,normalize,cpu,1777.79,1781.56
6,361,g_a_cpu,cpu,1781.56,1782.07
6,361,g_a,dpu,1782.08,1809.69
6,361,g_a,dpu,1809.7,1823.68
6,361,g_a_cpu,cpu,1823.69,1824.18
6,361,eb_enc,cpu,1824.19,1829.32
6,372,normalize,cpu,1829.91,1833.77
6,372,g_a_cpu,cpu,1833.77,1834.27
6,372,g_a,dpu,1834.28,1853.37
6,372,g_a,dpu,1853.37,1859.51
6,372,g_a_cpu,cpu,1859.51,1860.26
6,372,eb_enc,cpu,1860.26,1865.24
6,380,normalize,cpu,1865.76,1870.27
6,380,g_a_cpu,cpu,1870.28,1870.82
6,380,g_a,dpu,1870.82,1915.19
6,380,g_a,dpu,1915.19,1934.81
6,380,g_a_cpu,cpu,1934.81,1935.15
6,380,eb_enc,cpu,1935.15,1940.16
6,396,normalize,cpu,1940.75,1946.23
6,396,g_a_cpu,cpu,1946.24,1947.97
6,396,g_a,dpu,1947.98,1966.16
6,396,g_a,dpu,1966.16,1974.47
6,396,g_a_cpu,cpu,1974.47,1974.99
6,396,eb_enc,cpu,1975,1980.37
6,407,normalize,cpu,1981.12,1989.04
6,407,g_a_cpu,cpu,1989.04,1990.2
6,407,g_a,dpu,1990.21,1995.67
6,407,g_a,dpu,1995.68,2020.29
6,407,g_a_cpu,cpu,2020.29,2020.8
6,407,eb_enc,cpu,2020.8,2026.06
6,413,normalize,cpu,2027.07,2031.88
6,413,g_a_cpu,cpu,2031.89,2032.44
6,413,g_a,dpu,2032.45,2058.86
6,413,g_a,dpu,2058.86,2079.1
6,413,g_a_cpu,cpu,2079.1,2079.47
6,413,eb_enc,cpu,2079.47,2084.58
6,426,normalize,cpu,2085.45,2089.44
6,426,g_a_cpu,cpu,2089.45,2090.01
6,426,g_a,dpu,2090.02,2101.49
6,426,g_a,dpu,2101.49,2121.86
6,426,g_a_cpu,cpu,2121.87,2122.38
6,426,eb_enc,cpu,2122.38,2127.38
6,437,normalize,cpu,2128.13,2131.82
6,437,g_a_cpu,cpu,2131.83,2132.33
6,437,g_a,dpu,2132.33,2138.03
6,437,g_a,dpu,2138.03,2172.9
6,437,g_a_cpu,cpu,2172.9,2173.3
6,437,eb_enc,cpu,2173.3,2178.33
6,448,normalize,cpu,2179.4,2183.24
6,448,g_a_cpu,cpu,2183.24,2183.79
6,448,g_a,dpu,2183.8,2206.33
6,448,g_a,dpu,2206.33,2249.42
6,448,g_a_cpu,cpu,2249.42,2250.09
6,448,eb_enc,cpu,2250.09,2255.93
6,465,normalize,cpu,2256.66,2260.35
6,465,g_a_cpu,cpu,2260.35,2260.81
6,465,g_a,dpu,2260.81,2293.44
6,465,g_a,dpu,2293.44,2315.55
6,465,g_a_cpu,cpu,2315.55,2316.05
6,465,eb_enc,cpu,2316.06,2321.09
6,477,normalize,cpu,2321.89,2325.64
6,477,g_a_cpu,cpu,2325.65,2326.14
6,477,g_a,dpu,2326.14,2338.9
6,477,g_a,dpu,2338.9,2345.38
6,477,g_a_cpu,cpu,2345.38,2345.96
6,477,eb_enc,cpu,2345.99,2352.99
6,484,normalize,cpu,2353.63,2363.04
6,484,g_a_cpu,cpu,2363.04,2363.61
6,484,g_a,dpu,2363.61,2369.02
6,484,g_a,dpu,2369.03,2374.46
6,484,g_a_cpu,cpu,2374.47,2374.87
6,484,eb_enc,cpu,2374.87,2379.96
6,490,normalize,cpu,2388.93,2392.98
6,490,g_a_cpu,cpu,2392.98,2414.37
6,490,g_a,dpu,2414.38,2431.94
6,490,g_a,dpu,2431.95,2440.18
6,490,g_a_cpu,cpu,2440.18,2440.79
6,490,eb_enc,cpu,2440.79,2448.89
6,506,normalize,cpu,2449.77,2454.59
6,506,g_a_cpu,cpu,2454.59,2455.08
6,506,g_a,dpu,2455.08,2463.27
6,506,g_a,dpu,2463.28,2479.96
6,506,g_a_cpu,cpu,2479.96,2480.61
6,506,eb_enc,cpu,2480.62,2486.29
6,515,normalize,cpu,2487.49,2491.23
6,515,g_a_cpu,cpu,2491.24,2501.75
6,515,g_a,dpu,2501.76,2507.1
6,515,g_a,dpu,2507.1,2537.95
6,515,g_a_cpu,cpu,2537.95,2538.82
6,515,eb_enc,cpu,2538.83,2553.06
6,529,normalize,cpu,2553.67,2568.7
6,529,g_a_cpu,cpu,2568.7,2569.03
6,529,g_a,dpu,2569.03,2601.32
6,529,g_a,dpu,2601.33,2610.58
6,529,g_a_cpu,cpu,2610.58,2611.1
6,529,eb_enc,cpu,2611.1,2616.18
6,542,normalize,cpu,2616.76,2620.53
6,542,g_a_cpu,cpu,2620.54,2621
6,542,g_a,dpu,2621,2628.31
6,542,g_a,dpu,2628.31,2674.67
6,542,g_a_cpu,cpu,2674.68,2675.1
6,542,eb_enc,cpu,2675.1,2680.23
6,556,normalize,cpu,2681.2,2684.83
6,556,g_a_cpu,cpu,2684.83,2686.46
6,556,g_a,dpu,2686.47,2695.61
6,556,g_a,dpu,2695.61,2700.99
6,556,g_a_cpu,cpu,2701,2702.39
6,556,eb_enc,cpu,2702.4,2707.63
6,562,normalize,cpu,2708.32,2712.19
6,562,g_a_cpu,cpu,2712.2,2712.81
6,562,g_a,dpu,2712.81,2750.37
6,562,g_a,dpu,2750.37,2765.05
6,562,g_a_cpu,cpu,2765.05,2765.55
6,562,eb_enc,cpu,2765.55,2771.5
6,577,normalize,cpu,2771.99,2776.36
6,577,g_a_cpu,cpu,2776.36,2776.77
6,577,g_a,dpu,2776.77,2781.99
6,577,g_a,dpu,2781.99,2787.29
6,577,g_a_cpu,cpu,2787.29,2787.8
6,577,eb_enc,cpu,2787.8,2793.98
6,581,normalize,cpu,2794.57,2809.55
6,581,g_a_cpu,cpu,2809.55,2810.06
6,581,g_a,dpu,2810.07,2815.3
6,581,g_a,dpu,2815.3,2820.54
6,581,g_a_cpu,cpu,2820.54,2821.42
6,581,eb_enc,cpu,2821.42,2828.11
6,589,normalize,cpu,2829.12,2832.96
6,589,g_a_cpu,cpu,2832.96,2833.62
6,589,g_a,dpu,2833.63,2842.04
6,589,g_a,dpu,2842.04,2847.54
6,589,g_a_cpu,cpu,2847.54,2849.35
6,589,eb_enc,cpu,2849.35,2855.4
6,594,normalize,cpu,2856.6,2867.93
6,594,g_a_cpu,cpu,2867.94,2868.39
6,594,g_a,dpu,2868.4,2921.99
6,594,g_a,dpu,2921.99,2935.98
6,594,g_a_cpu,cpu,2935.98,2936.32
6,594,eb_enc,cpu,2936.32,2941.38
6,610,normalize,cpu,2942.01,2945.67
6,610,g_a_cpu,cpu,2945.68,2946.11
6,610,g_a,dpu,2946.12,2974.29
6,610,g_a,dpu,2974.29,2988.77
6,610,g_a_cpu,cpu,2988.77,2989.2
6,610,eb_enc,cpu,2989.2,2994.12
6,620,normalize,cpu,2994.73,2998.48
6,620,g_a_cpu,cpu,2998.49,2998.91
6,620,g_a,dpu,2998.91,3005.08
6,620,g_a,dpu,3005.08,3010.6
6,620,g_a_cpu,cpu,3010.6,3011.11
6,620,eb_enc,cpu,3011.11,3022.26
6,628,normalize,cpu,3022.91,3027.37
6,628,g_a_cpu,cpu,3027.37,3027.95
6,628,g_a,dpu,3027.96,3056.31
6,628,g_a,dpu,3056.31,3091.96
6,628,g_a_cpu,cpu,3091.96,3092.55
6,628,eb_enc,cpu,3092.56,3097.99
6,642,normalize,cpu,3098.93,3102.83
6,642,g_a_cpu,cpu,3102.83,3103.27
6,642,g_a,dpu,3103.28,3121.31
6,642,g_a,dpu,3121.31,3126.64
6,642,g_a_cpu,cpu,3126.64,3127.18
6,642,eb_enc,cpu,3127.18,3132.16
6,651,normalize,cpu,3132.66,3136.97
6,651,g_a_cpu,cpu,3136.97,3137.38
6,651,g_a,dpu,3137.39,3162.12
6,651,g_a,dpu,3162.12,3167.54
6,651,g_a_cpu,cpu,3167.54,3168.19
6,651,eb_enc,cpu,3168.2,3173.77
6,661,normalize,cpu,3174.63,3178.35
6,661,g_a_cpu,cpu,3178.35,3178.72
6,661,g_a,dpu,3178.72,3184.08
6,661,g_a,dpu,3184.08,3202.11
6,661,g_a_cpu,cpu,3202.11,3202.57
6,661,eb_enc,cpu,3202.58,3208.54
6,669,normalize,cpu,3209.09,3212.85
6,669,g_a_cpu,cpu,3212.86,3213.25
6,669,g_a,dpu,3213.26,3227.04
6,669,g_a,dpu,3227.05,3257.1
6,669,g_a_cpu,cpu,3257.1,3257.83
6,669,eb_enc,cpu,3257.84,3268.36
6,682,normalize,cpu,3269.11,3273.57
6,682,g_a_cpu,cpu,3273.58,3274.15
6,682,g_a,dpu,3274.15,3283.46
6,682,g_a,dpu,3283.46,3310.82
6,682,g_a_cpu,cpu,3310.83,3311.32
6,682,eb_enc,cpu,3311.33,3322.19
6,694,normalize,cpu,3327.27,3331.21
6,694,g_a_cpu,cpu,3331.22,3331.85
6,694,g_a,dpu,3331.85,3337.72
6,694,g_a,dpu,3337.72,3359.93
6,694,g_a_cpu,cpu,3359.93,3360.5
6,694,eb_enc,cpu,3360.5,3378.03
6,704,normalize,cpu,3378.97,3382.72
6,704,g_a_cpu,cpu,3382.73,3383.29
6,704,g_a,dpu,3383.29,3406.08
6,704,g_a,dpu,3406.08,3411.55
6,704,g_a_cpu,cpu,3411.55,3412.15
6,704,eb_enc,cpu,3412.15,3417.25
6,714,normalize,cpu,3418.04,3422.11
6,714,g_a_cpu,cpu,3422.12,3422.69
6,714,g_a,dpu,3422.69,3463.94
6,714,g_a,dpu,3463.94,3469
6,714,g_a_cpu,cpu,3469,3469.57
6,714,eb_enc,cpu,3469.57,3474.73
6,726,normalize,cpu,3475.36,3479.2
6,726,g_a_cpu,cpu,3479.21,3479.63
6,726,g_a,dpu,3479.63,3494.39
6,726,g_a,dpu,3494.39,3519.84
6,726,g_a_cpu,cpu,3519.84,3520.22
6,726,eb_enc,cpu,3520.22,3525.28
6,737,normalize,cpu,3526.05,3529.71
6,737,g_a_cpu,cpu,3529.72,3530.13
6,737,g_a,dpu,3530.14,3547.54
6,737,g_a,dpu,3547.54,3574.22
6,737,g_a_cpu,cpu,3574.22,3574.73
6,737,eb_enc,cpu,3574.73,3579.99
6,750,normalize,cpu,3580.51,3584.28
6,750,g_a_cpu,cpu,3584.28,3584.65
6,750,g_a,dpu,3584.66,3609.77
6,750,g_a,dpu,3609.77,3639.31
6,750,g_a_cpu,cpu,3639.31,3639.8
6,750,eb_enc,cpu,3639.81,3645.41
6,761,normalize,cpu,3646.23,3650.76
6,761,g_a_cpu,cpu,3650.77,3651.14
6,761,g_a,dpu,3651.14,3656.91
6,761,g_a,dpu,3656.91,3672.78
6,761,g_a_cpu,cpu,3672.79,3673.51
6,761,eb_enc,cpu,3673.52,3678.76
6,767,normalize,cpu,3679.35,3689.99
6,767,g_a_cpu,cpu,3690,3690.52
6,767,g_a,dpu,3690.53,3711.94
6,767,g_a,dpu,3711.94,3733.85
6,767,g_a_cpu,cpu,3733.85,3734.37
6,767,eb_enc,cpu,3734.37,3739.54
6,781,normalize,cpu,3740.55,3744.26
6,781,g_a_cpu,cpu,3744.27,3744.78
6,781,g_a,dpu,3744.78,3763.02
6,781,g_a,dpu,3763.03,3774.23
6,781,g_a_cpu,cpu,3774.24,3774.72
6,781,eb_enc,cpu,3774.72,3779.95
6,792,normalize,cpu,3780.76,3785.84
6,792,g_a_cpu,cpu,3785.84,3786.38
6,792,g_a,dpu,3786.39,3839.97
6,792,g_a,dpu,3839.97,3845.41
6,792,g_a_cpu,cpu,3845.41,3845.99
6,792,eb_enc,cpu,3846,3851.38
6,808,normalize,cpu,3851.99,3855.67
6,808,g_a_cpu,cpu,3855.68,3856.43
6,808,g_a,dpu,3856.44,3862.16
6,808,g_a,dpu,3862.17,3876.55
6,808,g_a_cpu,cpu,3876.55,3876.99
6,808,eb_enc,cpu,3876.99,3882.1
6,816,normalize,cpu,3882.58,3886.34
6,816,g_a_cpu,cpu,3886.35,3887.03
6,816,g_a,dpu,3887.03,3913.43
6,816,g_a,dpu,3913.44,3918.71
6,816,g_a_cpu,cpu,3918.71,3919.14
6,816,eb_enc,cpu,3919.14,3924.28
6,824,normalize,cpu,3924.94,3928.73
6,824,g_a_cpu,cpu,3928.74,3929.08
6,824,g_a,dpu,3929.09,3972.27
6,824,g_a,dpu,3972.27,3989.46
6,824,g_a_cpu,cpu,3989.46,3990.23
6,824,eb_enc,cpu,3990.23,3995.31
6,838,normalize,cpu,3995.99,3999.7
6,838,g_a_cpu,cpu,3999.71,4000.09
6,838,g_a,dpu,4000.1,4022.03
6,838,g_a,dpu,4022.03,4027.13
6,838,g_a_cpu,cpu,4027.14,4027.56
6,838,eb_enc,cpu,4027.57,4033.49
6,848,normalize,cpu,4034.14,4037.8
6,848,g_a_cpu,cpu,4037.8,4038.17
6,848,g_a,dpu,4038.18,4073.29
6,848,g_a,dpu,4073.29,4090.4
6,848,g_a_cpu,cpu,4090.4,4091.04
6,848,eb_enc,cpu,4091.04,4096.35
6,861,normalize,cpu,4097.52,4101.45
6,861,g_a_cpu,cpu,4101.46,4102.37
6,861,g_a,dpu,4102.38,4134.78
6,861,g_a,dpu,4134.78,4139.79
6,861,g_a_cpu,cpu,4139.8,4140.24
6,861,eb_enc,cpu,4140.24,4145.42
6,872,normalize,cpu,4146.05,4149.85
6,872,g_a_cpu,cpu,4149.85,4150.25
6,872,g_a,dpu,4150.25,4179.91
6,872,g_a,dpu,4179.91,4185.01
6,872,g_a_cpu,cpu,4185.01,4185.51
6,872,eb_enc,cpu,4185.52,4190.67
6,882,normalize,cpu,4191.38,4195.08
6,882,g_a_cpu,cpu,4195.09,4195.52
6,882,g_a,dpu,4195.53,4212.01
6,882,g_a,dpu,4212.02,4217.37
6,882,g_a_cpu,cpu,4217.37,4217.92
6,882,eb_enc,cpu,4217.93,4226.1
6,890,normalize,cpu,4226.72,4241.47
6,890,g_a_cpu,cpu,4241.48,4242.28
6,890,g_a,dpu,4242.28,4260
6,890,g_a,dpu,4260,4265.11
6,890,g_a_cpu,cpu,4265.11,4265.6
6,890,eb_enc,cpu,4265.6,4270.99
6,901,normalize,cpu,4271.59,4276.05
6,901,g_a_cpu,cpu,4276.05,4276.52
6,901,g_a,dpu,4276.52,4306.23
6,901,g_a,dpu,4306.24,4311.37
6,901,g_a_cpu,cpu,4311.37,4311.75
6,901,eb_enc,cpu,4311.76,4316.76
6,911,normalize,cpu,4317.34,4320.99
6,911,g_a_cpu,cpu,4320.99,4325.55
6,911,g_a,dpu,4325.55,4356.94
6,911,g_a,dpu,4356.94,4363.51
6,911,g_a_cpu,cpu,4363.51,4364.09
6,911,eb_enc,cpu,4364.09,4369.08
6,924,normalize,cpu,4369.69,4374.95
6,924,g_a_cpu,cpu,4374.96,4375.54
6,924,g_a,dpu,4375.55,4403.14
6,924,g_a,dpu,4403.14,4416.22
6,924,g_a_cpu,cpu,4416.22,4416.67
6,924,eb_enc,cpu,4416.67,4421.67
7,4,normalize,cpu,69.7033,73.395
7,4,g_a_cpu,cpu,73.5949,73.9608
7,4,g_a,dpu,73.9693,79.8788
7,4,g_a,dpu,79.8827,85.1179
7,4,g_a_cpu,cpu,85.1192,85.5916
7,4,eb_enc,cpu,85.6023,95.0332
7,12,normalize,cpu,96.2102,99.9116
7,12,g_a_cpu,cpu,99.92,101.415
7,12,g_a,dpu,101.425,117.652
7,12,g_a,dpu,117.657,141.055
7,12,g_a_cpu,cpu,141.057,141.459
7,12,eb_enc,cpu,141.461,147.045
7,22,normalize,cpu,147.92,152.888
7,22,g_a_cpu,cpu,152.895,153.52
7,22,g_a,dpu,153.525,182.295
7,22,g_a,dpu,182.297,193.302
7,22,g_a_cpu,cpu,193.304,193.839
7,22,eb_enc,cpu,193.848,199.064
7,33,normalize,cpu,200.056,203.726
7,33,g_a_cpu,cpu,203.729,204.129
7,33,g_a,dpu,204.132,277.302
7,33,g_a,dpu,277.303,304.099
7,33,g_a_cpu,cpu,304.1,304.67
7,33,eb_enc,cpu,304.673,309.807
7,55,normalize,cpu,310.578,314.443
7,55,g_a_cpu,cpu,314.448,314.818
7,55,g_a,dpu,314.821,338.551
7,55,g_a,dpu,338.552,386.231
7,55,g_a_cpu,cpu,386.234,386.908
7,55,eb_enc,cpu,386.911,392.279
7,70,normalize,cpu,392.763,396.516
7,70,g_a_cpu,cpu,396.521,396.968
7,70,g_a,dpu,396.971,402.091
7,70,g_a,dpu,402.098,446.259
7,70,g_a_cpu,cpu,446.261,446.685
7,70,eb_enc,cpu,446.687,452.411
7,82,normalize,cpu,452.951,456.695
7,82,g_a_cpu,cpu,456.699,457.202
7,82,g_a,dpu,457.206,498.166
7,82,g_a,dpu,498.168,504.747
7,82,g_a_cpu,cpu,504.748,505.512
7,82,eb_enc,cpu,505.514,510.794
7,96,normalize,cpu,511.445,515.221
7,96,g_a_cpu,cpu,515.225,515.607
7,96,g_a,dpu,515.61,534.655
7,96,g_a,dpu,534.658,580.857
7,96,g_a_cpu,cpu,580.858,581.374
7,96,eb_enc,cpu,581.377,592.123
7,115,normalize,cpu,605.777,609.709
7,115,g_a_cpu,cpu,609.716,610.352
7,115,g_a,dpu,610.357,629.839
7,115,g_a,dpu,629.841,635.722
7,115,g_a_cpu,cpu,635.724,636.183
7,115,eb_enc,cpu,636.187,641.323
7,124,normalize,cpu,641.873,647.496
7,124,g_a_cpu,cpu,647.501,648.16
7,124,g_a,dpu,648.168,697.278
7,124,g_a,dpu,697.278,702.34
7,124,g_a_cpu,cpu,702.342,702.855
7,124,eb_enc,cpu,702.858,708.163
7,136,normalize,cpu,708.961,712.661
7,136,g_a_cpu,cpu,712.667,713.354
7,136,g_a,dpu,713.359,748.231
7,136,g_a,dpu,748.233,773.81
7,136,g_a_cpu,cpu,773.811,774.196
7,136,eb_enc,cpu,774.209,779.263
7,152,normalize,cpu,779.943,783.8
7,152,g_a_cpu,cpu,783.804,784.352
7,152,g_a,dpu,784.357,800.856
7,152,g_a,dpu,800.858,821.451
7,152,g_a_cpu,cpu,821.455,822.052
7,152,eb_enc,cpu,822.055,834.122
7,165,normalize,cpu,837.854,841.731
7,165,g_a_cpu,cpu,841.737,842.264
7,165,g_a,dpu,842.268,849.897
7,165,g_a,dpu,849.898,864.546
7,165,g_a_cpu,cpu,864.548,865.12
7,165,eb_enc,cpu,865.131,882.247
7,175,normalize,cpu,882.806,886.636
7,175,g_a_cpu,cpu,886.641,887.005
7,175,g_a,dpu,887.01,892.461
7,175,g_a,dpu,892.462,931.183
7,175,g_a_cpu,cpu,931.187,932.005
7,175,eb_enc,cpu,932.007,937.19
7,184,normalize,cpu,937.637,941.468
7,184,g_a_cpu,cpu,941.475,942.017
7,184,g_a,dpu,942.02,962.626
7,184,g_a,dpu,962.63,977.388
7,184,g_a_cpu,cpu,977.39,977.882
7,184,eb_enc,cpu,977.885,983.059
7,195,normalize,cpu,983.714,987.508
7,195,g_a_cpu,cpu,987.512,988.142
7,195,g_a,dpu,988.146,993.519
7,195,g_a,dpu,993.521,1017.3
7,195,g_a_cpu,cpu,1017.31,1017.8
7,195,eb_enc,cpu,1017.8,1023.56
7,203,normalize,cpu,1024.1,1028.98
7,203,g_a_cpu,cpu,1028.98,1029.4
7,203,g_a,dpu,1029.4,1056.94
7,203,g_a,dpu,1056.94,1062.17
7,203,g_a_cpu,cpu,1062.17,1062.55
7,203,eb_enc,cpu,1062.55,1067.7
7,212,normalize,cpu,1068.34,1074.97
7,212,g_a_cpu,cpu,1074.98,1075.36
7,212,g_a,dpu,1075.37,1100.26
7,212,g_a,dpu,1100.26,1105.72
7,212,g_a_cpu,cpu,1105.72,1109.67
7,212,eb_enc,cpu,1109.68,1114.79
7,222,normalize,cpu,1117.68,1121.43
7,222,g_a_cpu,cpu,1121.44,1121.93
7,222,g_a,dpu,1121.93,1127.98
7,222,g_a,dpu,1127.98,1170.04
7,222,g_a_cpu,cpu,1170.04,1170.42
7,222,eb_enc,cpu,1170.43,1175.85
7,236,normalize,cpu,1176.82,1180.57
7,236,g_a_cpu,cpu,1180.57,1180.96
7,236,g_a,dpu,1180.97,1193.59
7,236,g_a,dpu,1193.59,1205.46
7,236,g_a_cpu,cpu,1205.46,1206.3
7,236,eb_enc,cpu,1206.31,1212.63
7,240,normalize,cpu,1213.17,1217.59
7,240,g_a_cpu,cpu,1217.59,1218.34
7,240,g_a,dpu,1218.34,1242.63
7,240,g_a,dpu,1242.63,1267.25
7,240,g_a_cpu,cpu,1267.25,1267.67
7,240,eb_enc,cpu,1267.67,1272.74
7,254,normalize,cpu,1273.5,1277.18
7,254,g_a_cpu,cpu,1277.19,1277.64
7,254,g_a,dpu,1277.65,1299.85
7,254,g_a,dpu,1299.86,1305.33
7,254,g_a_cpu,cpu,1305.33,1305.74
7,254,eb_enc,cpu,1305.74,1313.79
7,262,normalize,cpu,1314.4,1318.99
7,262,g_a_cpu,cpu,1319,1319.4
7,262,g_a,dpu,1319.4,1329.14
7,262,g_a,dpu,1329.14,1351.31
7,262,g_a_cpu,cpu,1351.31,1351.88
7,262,eb_enc,cpu,1351.89,1357.87
7,271,normalize,cpu,1358.83,1371.73
7,271,g_a_cpu,cpu,1371.73,1372.34
7,271,g_a,dpu,1372.35,1378.05
7,271,g_a,dpu,1378.05,1383.71
7,271,g_a_cpu,cpu,1383.71,1384.34
7,271,eb_enc,cpu,1384.35,1392.04
7,280,normalize,cpu,1392.55,1399.6
7,280,g_a_cpu,cpu,1399.6,1400.16
7,280,g_a,dpu,1400.17,1420.85
7,280,g_a,dpu,1420.85,1433.33
7,280,g_a_cpu,cpu,1433.33,1433.72
7,280,eb_enc,cpu,1433.72,1438.9
7,292,normalize,cpu,1439.55,1443.43
7,292,g_a_cpu,cpu,1443.44,1444.05
7,292,g_a,dpu,1444.05,1463.29
7,292,g_a,dpu,1463.3,1468.49
7,292,g_a_cpu,cpu,1468.49,1469.11
7,292,eb_enc,cpu,1469.11,1474.46
7,298,normalize,cpu,1475.09,1478.82
7,298,g_a_cpu,cpu,1478.83,1479.2
7,298,g_a,dpu,1479.2,1507.37
7,298,g_a,dpu,1507.37,1528.58
7,298,g_a_cpu,cpu,1528.58,1528.95
7,298,eb_enc,cpu,1528.95,1534
7,311,normalize,cpu,1534.51,1539.03
7,311,g_a_cpu,cpu,1539.03,1539.54
7,311,g_a,dpu,1539.54,1558.4
7,311,g_a,dpu,1558.4,1593.64
7,311,g_a_cpu,cpu,1593.64,1594.08
7,311,eb_enc,cpu,1594.08,1599.2
7,324,normalize,cpu,1599.7,1603.48
7,324,g_a_cpu,cpu,1603.49,1604.07
7,324,g_a,dpu,1604.08,1627.19
7,324,g_a,dpu,1627.19,1632.44
7,324,g_a_cpu,cpu,1632.44,1632.8
7,324,eb_enc,cpu,1632.81,1639.86
7,332,normalize,cpu,1640.74,1646.75
7,332,g_a_cpu,cpu,1646.75,1647.13
7,332,g_a,dpu,1647.13,1669.68
7,332,g_a,dpu,1669.68,1676.11
7,332,g_a_cpu,cpu,1676.11,1676.63
7,332,eb_enc,cpu,1676.63,1681.92
7,342,normalize,cpu,1682.54,1686.27
7,342,g_a_cpu,cpu,1686.28,1686.89
7,342,g_a,dpu,1686.89,1709.37
7,342,g_a,dpu,1709.37,1719.49
7,342,g_a_cpu,cpu,1719.49,1720.03
7,342,eb_enc,cpu,1720.03,1725.72
7,351,normalize,cpu,1726.46,1730.2
7,351,g_a_cpu,cpu,1730.21,1730.72
7,351,g_a,dpu,1730.72,1759.38
7,351,g_a,dpu,1759.39,1782.22
7,351,g_a_cpu,cpu,1782.22,1782.72
7,351,eb_enc,cpu,1782.72,1787.74
7,363,normalize,cpu,1788.36,1792.15
7,363,g_a_cpu,cpu,1792.16,1792.71
7,363,g_a,dpu,1792.72,1815.43
7,363,g_a,dpu,1815.43,1820.67
7,363,g_a_cpu,cpu,1820.67,1821.04
7,363,eb_enc,cpu,1821.04,1826.24
7,371,normalize,cpu,1826.97,1830.86
7,371,g_a_cpu,cpu,1830.87,1831.22
7,371,g_a,dpu,1831.22,1836.41
7,371,g_a,dpu,1836.42,1845.23
7,371,g_a_cpu,cpu,1845.24,1845.82
7,371,eb_enc,cpu,1845.82,1851.23
7,377,normalize,cpu,1851.97,1856.69
7,377,g_a_cpu,cpu,1856.69,1857.22
7,377,g_a,dpu,1857.23,1868.95
7,377,g_a,dpu,1868.95,1901.86
7,377,g_a_cpu,cpu,1901.86,1902.21
7,377,eb_enc,cpu,1902.22,1907.65
7,389,normalize,cpu,1908.46,1912.61
7,389,g_a_cpu,cpu,1912.61,1913.02
7,389,g_a,dpu,1913.02,1935.91
7,389,g_a,dpu,1935.91,1956.71
7,389,g_a_cpu,cpu,1956.71,1957.13
7,389,eb_enc,cpu,1957.13,1964.39
7,402,normalize,cpu,1965.18,1972.28
7,402,g_a_cpu,cpu,1972.28,1972.68
7,402,g_a,dpu,1972.68,1994.72
7,402,g_a,dpu,1994.72,2022.23
7,402,g_a_cpu,cpu,2022.24,2022.7
7,402,eb_enc,cpu,2022.7,2028.07
7,414,normalize,cpu,2028.59,2036.91
7,414,g_a_cpu,cpu,2036.91,2037.38
7,414,g_a,dpu,2037.38,2057.41
7,414,g_a,dpu,2057.41,2103.77
7,414,g_a_cpu,cpu,2103.78,2104.35
7,414,eb_enc,cpu,2104.35,2109.39
7,433,normalize,cpu,2110.12,2113.9
7,433,g_a_cpu,cpu,2113.9,2114.4
7,433,g_a,dpu,2114.41,2138.29
7,433,g_a,dpu,2138.29,2163.38
7,433,g_a_cpu,cpu,2163.39,2164.01
7,433,eb_enc,cpu,2164.01,2169.34
7,446,normalize,cpu,2169.95,2174.3
7,446,g_a_cpu,cpu,2174.3,2174.83
7,446,g_a,dpu,2174.84,2192.14
7,446,g_a,dpu,2192.14,2201.49
7,446,g_a_cpu,cpu,2201.5,2202.02
7,446,eb_enc,cpu,2202.03,2208.55
7,454,normalize,cpu,2209.18,2212.87
7,454,g_a_cpu,cpu,2212.88,2213.39
7,454,g_a,dpu,2213.4,2233.57
7,454,g_a,dpu,2233.57,2243.16
7,454,g_a_cpu,cpu,2243.16,2243.51
7,454,eb_enc,cpu,2243.52,2248.82
7,462,normalize,cpu,2249.73,2253.43
7,462,g_a_cpu,cpu,2253.44,2254.14
7,462,g_a,dpu,2254.15,2286
7,462,g_a,dpu,2286.01,2308.88
7,462,g_a_cpu,cpu,2308.88,2309.38
7,462,eb_enc,cpu,2309.38,2314.5
7,475,normalize,cpu,2315.03,2319.75
7,475,g_a_cpu,cpu,2319.75,2320.16
7,475,g_a,dpu,2320.17,2339.91
7,475,g_a,dpu,2339.92,2350.3
7,475,g_a_cpu,cpu,2350.3,2350.65
7,475,eb_enc,cpu,2350.67,2355.79
7,485,normalize,cpu,2356.64,2360.29
7,485,g_a_cpu,cpu,2360.3,2360.74
7,485,g_a,dpu,2360.75,2373.65
7,485,g_a,dpu,2373.65,2391.99
7,485,g_a_cpu,cpu,2392,2392.62
7,485,eb_enc,cpu,2392.62,2398.07
7,495,normalize,cpu,2398.78,2402.44
7,495,g_a_cpu,cpu,2402.44,2402.85
7,495,g_a,dpu,2402.85,2415.86
7,495,g_a,dpu,2415.86,2434.58
7,495,g_a_cpu,cpu,2434.58,2435.21
7,495,eb_enc,cpu,2435.21,2441.23
7,504,normalize,cpu,2442.2,2446.09
7,504,g_a_cpu,cpu,2446.09,2446.55
7,504,g_a,dpu,2446.55,2461.92
7,504,g_a,dpu,2461.92,2467.14
7,504,g_a_cpu,cpu,2467.14,2467.52
7,504,eb_enc,cpu,2467.53,2472.48
7,512,normalize,cpu,2473.03,2476.78
7,512,g_a_cpu,cpu,2476.78,2477.21
7,512,g_a,dpu,2477.22,2498.01
7,512,g_a,dpu,2498.02,2526.22
7,512,g_a_cpu,cpu,2526.22,2526.86
7,512,eb_enc,cpu,2526.87,2532.36
7,524,normalize,cpu,2533.04,2550.06
7,524,g_a_cpu,cpu,2550.07,2550.57
7,524,g_a,dpu,2550.57,2581.38
7,524,g_a,dpu,2581.38,2586.93
7,524,g_a_cpu,cpu,2586.93,2587.62
7,524,eb_enc,cpu,2587.62,2595.23
7,535,normalize,cpu,2595.94,2608.44
7,535,g_a_cpu,cpu,2608.44,2609.09
7,535,g_a,dpu,2609.11,2632.1
7,535,g_a,dpu,2632.1,2662.36
7,535,g_a_cpu,cpu,2662.36,2662.89
7,535,eb_enc,cpu,2662.9,2668.07
7,553,normalize,cpu,2668.8,2672.71
7,553,g_a_cpu,cpu,2672.71,2673.18
7,553,g_a,dpu,2673.18,2685.08
7,553,g_a,dpu,2685.08,2690.84
7,553,g_a_cpu,cpu,2690.84,2691.66
7,553,eb_enc,cpu,2691.66,2697.55
7,560,normalize,cpu,2698.09,2701.88
7,560,g_a_cpu,cpu,2701.88,2702.4
7,560,g_a,dpu,2702.4,2729.12
7,560,g_a,dpu,2729.12,2758.73
7,560,g_a_cpu,cpu,2758.74,2759.11
7,560,eb_enc,cpu,2759.11,2764.03
7,576,normalize,cpu,2764.58,2768.26
7,576,g_a_cpu,cpu,2768.26,2768.7
7,576,g_a,dpu,2768.7,2822.16
7,576,g_a,dpu,2822.16,2870.24
7,576,g_a_cpu,cpu,2870.24,2870.58
7,576,eb_enc,cpu,2870.58,2875.48
7,597,normalize,cpu,2876.01,2879.94
7,597,g_a_cpu,cpu,2879.95,2880.55
7,597,g_a,dpu,2880.55,2918.11
7,597,g_a,dpu,2918.12,2937.35
7,597,g_a_cpu,cpu,2937.35,2937.81
7,597,eb_enc,cpu,2937.82,2942.97
7,611,normalize,cpu,2943.55,2948.74
7,611,g_a_cpu,cpu,2948.75,2949.57
7,611,g_a,dpu,2949.57,2960.71
7,611,g_a,dpu,2960.71,2980.38
7,611,g_a_cpu,cpu,2980.39,2981.31
7,611,eb_enc,cpu,2981.31,3002.73
7,624,normalize,cpu,3003.33,3007.06
7,624,g_a_cpu,cpu,3007.07,3007.49
7,624,g_a,dpu,3007.49,3030.67
7,624,g_a,dpu,3030.68,3050.01
7,624,g_a_cpu,cpu,3050.02,3050.64
7,624,eb_enc,cpu,3050.64,3059.57
7,636,normalize,cpu,3065.43,3070.29
7,636,g_a_cpu,cpu,3070.3,3071.1
7,636,g_a,dpu,3071.11,3087.12
7,636,g_a,dpu,3087.12,3135.41
7,636,g_a_cpu,cpu,3135.41,3135.94
7,636,eb_enc,cpu,3135.95,3141.18
7,652,normalize,cpu,3142.27,3146
7,652,g_a_cpu,cpu,3146,3146.45
7,652,g_a,dpu,3146.45,3151.76
7,652,g_a,dpu,3151.76,3160.78
7,652,g_a_cpu,cpu,3160.79,3161.5
7,652,eb_enc,cpu,3161.5,3167.5
7,659,normalize,cpu,3168.47,3182.72
7,659,g_a_cpu,cpu,3182.72,3183.22
7,659,g_a,dpu,3183.22,3215.75
7,659,g_a,dpu,3215.75,3232.55
7,659,g_a_cpu,cpu,3232.55,3236.35
7,659,eb_enc,cpu,3236.35,3251.63
7,679,normalize,cpu,3252.3,3256.78
7,679,g_a_cpu,cpu,3256.79,3257.42
7,679,g_a,dpu,3257.42,3277.3
7,679,g_a,dpu,3277.3,3298.13
7,679,g_a_cpu,cpu,3298.13,3298.54
7,679,eb_enc,cpu,3298.54,3303.89
7,690,normalize,cpu,3304.46,3318.47
7,690,g_a_cpu,cpu,3318.48,3319.02
7,690,g_a,dpu,3319.03,3334.47
7,690,g_a,dpu,3334.47,3340.3
7,690,g_a_cpu,cpu,3340.31,3340.9
7,690,eb_enc,cpu,3340.91,3347.23
7,699,normalize,cpu,3348.36,3352.87
7,699,g_a_cpu,cpu,3352.88,3353.23
7,699,g_a,dpu,3353.23,3376.54
7,699,g_a,dpu,3376.54,3382.14
7,699,g_a_cpu,cpu,3382.14,3382.65
7,699,eb_enc,cpu,3382.66,3387.98
7,707,normalize,cpu,3388.48,3392.46
7,707,g_a_cpu,cpu,3392.46,3393.05
7,707,g_a,dpu,3393.05,3447.45
7,707,g_a,dpu,3447.45,3452.63
7,707,g_a_cpu,cpu,3452.63,3453.02
7,707,eb_enc,cpu,3453.03,3458.05
7,723,normalize,cpu,3458.68,3462.33
7,723,g_a_cpu,cpu,3462.33,3462.65
7,723,g_a,dpu,3462.65,3467.86
7,723,g_a,dpu,3467.87,3505.67
7,723,g_a_cpu,cpu,3505.68,3506.42
7,723,eb_enc,cpu,3506.43,3511.79
7,735,normalize,cpu,3512.42,3516.2
7,735,g_a_cpu,cpu,3516.2,3516.6
7,735,g_a,dpu,3516.6,3531.44
7,735,g_a,dpu,3531.44,3574.19
7,735,g_a_cpu,cpu,3574.19,3574.71
7,735,eb_enc,cpu,3574.71,3580.93
7,751,normalize,cpu,3581.54,3585.3
7,751,g_a_cpu,cpu,3585.3,3585.62
7,751,g_a,dpu,3585.62,3637.39
7,751,g_a,dpu,3637.4,3664.08
7,751,g_a_cpu,cpu,3664.09,3664.59
7,751,eb_enc,cpu,3664.6,3669.73
7,766,normalize,cpu,3670.31,3673.99
7,766,g_a_cpu,cpu,3673.99,3674.41
7,766,g_a,dpu,3674.42,3702.3
7,766,g_a,dpu,3702.3,3723.62
7,766,g_a_cpu,cpu,3723.62,3724.03
7,766,eb_enc,cpu,3724.03,3730.85
7,780,normalize,cpu,3731.53,3735.23
7,780,g_a_cpu,cpu,3735.23,3739.77
7,780,g_a,dpu,3739.78,3787.44
7,780,g_a,dpu,3787.44,3792.9
7,780,g_a_cpu,cpu,3792.9,3793.82
7,780,eb_enc,cpu,3793.82,3799.7
7,797,normalize,cpu,3800.22,3805.41
7,797,g_a_cpu,cpu,3805.42,3805.75
7,797,g_a,dpu,3805.75,3822.88
7,797,g_a,dpu,3822.89,3855.18
7,797,g_a_cpu,cpu,3855.19,3855.79
7,797,eb_enc,cpu,3855.79,3862.48
7,810,normalize,cpu,3863.25,3877.28
7,810,g_a_cpu,cpu,3877.28,3877.8
7,810,g_a,dpu,3877.8,3906
7,810,g_a,dpu,3906,3911.44
7,810,g_a_cpu,cpu,3911.44,3911.94
7,810,eb_enc,cpu,3911.95,3917.21
7,823,normalize,cpu,3917.95,3921.8
7,823,g_a_cpu,cpu,3921.8,3922.3
7,823,g_a,dpu,3922.3,3965.86
7,823,g_a,dpu,3965.86,3983.34
7,823,g_a_cpu,cpu,3983.34,3983.68
7,823,eb_enc,cpu,3983.68,3988.49
7,837,normalize,cpu,3988.94,3993.94
7,837,g_a_cpu,cpu,3993.95,4001.33
7,837,g_a,dpu,4001.33,4006.75
7,837,g_a,dpu,4006.75,4013.48
7,837,g_a_cpu,cpu,4013.48,4013.99
7,837,eb_enc,cpu,4014,4022.81
7,845,normalize,cpu,4027.84,4031.54
7,845,g_a_cpu,cpu,4031.54,4032.2
7,845,g_a,dpu,4032.2,4047.4
7,845,g_a,dpu,4047.41,4074.15
7,845,g_a_cpu,cpu,4074.15,4074.76
7,845,eb_enc,cpu,4074.77,4079.76
7,859,normalize,cpu,4080.41,4084.14
7,859,g_a_cpu,cpu,4084.14,4084.44
7,859,g_a,dpu,4084.45,4105.88
7,859,g_a,dpu,4105.88,4111.22
7,859,g_a_cpu,cpu,4111.22,4111.62
7,859,eb_enc,cpu,4111.62,4116.54
7,867,normalize,cpu,4117.08,4120.92
7,867,g_a_cpu,cpu,4120.92,4121.42
7,867,g_a,dpu,4121.42,4135.39
7,867,g_a,dpu,4135.39,4144.4
7,867,g_a_cpu,cpu,4144.4,4144.99
7,867,eb_enc,cpu,4144.99,4150.57
7,873,normalize,cpu,4151.09,4155.68
7,873,g_a_cpu,cpu,4155.68,4156.09
7,873,g_a,dpu,4156.1,4167.76
7,873,g_a,dpu,4167.77,4201.58
7,873,g_a_cpu,cpu,4201.58,4202.08
7,873,eb_enc,cpu,4202.09,4207.48
7,886,normalize,cpu,4208.25,4212.2
7,886,g_a_cpu,cpu,4212.21,4212.69
7,886,g_a,dpu,4212.7,4225.48
7,886,g_a,dpu,4225.49,4256.63
7,886,g_a_cpu,cpu,4256.63,4257.01
7,886,eb_enc,cpu,4257.01,4262.19
7,899,normalize,cpu,4262.73,4266.55
7,899,g_a_cpu,cpu,4266.55,4266.94
7,899,g_a,dpu,4266.94,4286.31
7,899,g_a,dpu,4286.31,4326.12
7,899,g_a_cpu,cpu,4326.12,4326.51
7,899,eb_enc,cpu,4326.51,4331.94
7,915,normalize,cpu,4332.48,4336.38
7,915,g_a_cpu,cpu,4336.39,4337.02
7,915,g_a,dpu,4337.02,4350.32
7,915,g_a,dpu,4350.32,4359.48
7,915,g_a_cpu,cpu,4359.49,4359.83
7,915,eb_enc,cpu,4359.83,4364.98
7,922,normalize,cpu,4365.67,4369.59
7,922,g_a_cpu,cpu,4369.6,4370.01
7,922,g_a,dpu,4370.01,4394.19
7,922,g_a,dpu,4394.19,4414.22
7,922,g_a_cpu,cpu,4414.22,4414.57
7,922,eb_enc,cpu,4414.57,4419.53
8,8,normalize,cpu,75.6124,79.3237
8,8,g_a_cpu,cpu,79.3914,79.6839
8,8,g_a,dpu,79.6871,94.7037
8,8,g_a,dpu,94.718,123.414
8,8,g_a_cpu,cpu,123.416,123.845
8,8,eb_enc,cpu,123.853,139.672
8,20,normalize,cpu,140.79,144.555
8,20,g_a_cpu,cpu,144.56,145.007
8,20,g_a,dpu,145.009,151.705
8,20,g_a,dpu,151.719,161.436
8,20,g_a_cpu,cpu,161.44,161.907
8,20,eb_enc,cpu,161.913,166.909
8,26,normalize,cpu,167.634,171.422
8,26,g_a_cpu,cpu,171.426,171.796
8,26,g_a,dpu,171.8,193.03
8,26,g_a,dpu,193.032,220.625
8,26,g_a_cpu,cpu,220.629,221.319
8,26,eb_enc,cpu,221.327,226.512
8,38,normalize,cpu,227.25,230.953
8,38,g_a_cpu,cpu,230.957,231.425
8,38,g_a,dpu,231.428,258.964
8,38,g_a,dpu,258.971,278.818
8,38,g_a_cpu,cpu,278.82,279.36
8,38,eb_enc,cpu,279.362,284.246
8,49,normalize,cpu,285.035,288.705
8,49,g_a_cpu,cpu,288.708,289.085
8,49,g_a,dpu,289.087,294.654
8,49,g_a,dpu,294.655,300.421
8,49,g_a_cpu,cpu,300.422,300.913
8,49,eb_enc,cpu,300.917,306.042
8,54,normalize,cpu,306.827,310.594
8,54,g_a_cpu,cpu,310.597,310.947
8,54,g_a,dpu,310.949,327.345
8,54,g_a,dpu,327.353,373.524
8,54,g_a_cpu,cpu,373.526,374.195
8,54,eb_enc,cpu,374.2,379.343
8,68,normalize,cpu,379.942,384.551
8,68,g_a_cpu,cpu,384.555,385.257
8,68,g_a,dpu,385.261,427.897
8,68,g_a,dpu,427.898,438.7
8,68,g_a_cpu,cpu,438.702,439.115
8,68,eb_enc,cpu,439.118,444.142
8,80,normalize,cpu,444.787,448.508
8,80,g_a_cpu,cpu,448.512,448.932
8,80,g_a,dpu,448.935,488.409
8,80,g_a,dpu,488.41,501.485
8,80,g_a_cpu,cpu,501.488,502.113
8,80,eb_enc,cpu,502.119,507.332
8,95,normalize,cpu,507.983,511.709
8,95,g_a_cpu,cpu,511.713,512.225
8,95,g_a,dpu,512.229,536.12
8,95,g_a,dpu,536.121,552.39
8,95,g_a_cpu,cpu,552.392,552.918
8,95,eb_enc,cpu,552.92,557.824
8,107,normalize,cpu,558.525,562.776
8,107,g_a_cpu,cpu,562.779,563.323
8,107,g_a,dpu,563.326,579.372
8,107,g_a,dpu,579.374,585.404
8,107,g_a_cpu,cpu,585.407,585.912
8,107,eb_enc,cpu,585.915,591.852
8,114,normalize,cpu,592.741,596.45
8,114,g_a_cpu,cpu,596.453,596.822
8,114,g_a,dpu,596.824,624.452
8,114,g_a,dpu,624.455,630.061
8,114,g_a_cpu,cpu,630.062,630.605
8,114,eb_enc,cpu,630.626,636.188
8,122,normalize,cpu,636.922,640.58
8,122,g_a_cpu,cpu,640.583,640.888
8,122,g_a,dpu,640.891,665.655
8,122,g_a,dpu,665.658,684.048
8,122,g_a_cpu,cpu,684.049,684.477
8,122,eb_enc,cpu,684.479,689.68
8,133,normalize,cpu,690.348,694.162
8,133,g_a_cpu,cpu,694.165,694.529
8,133,g_a,dpu,694.531,722.593
8,133,g_a,dpu,722.595,753.993
8,133,g_a_cpu,cpu,753.994,754.427
8,133,eb_enc,cpu,754.43,759.506
8,148,normalize,cpu,760.012,764.021
8,148,g_a_cpu,cpu,764.026,764.777
8,148,g_a,dpu,764.781,806.828
8,148,g_a,dpu,806.829,823.679
8,148,g_a_cpu,cpu,823.68,824.074
8,148,eb_enc,cpu,824.076,831.796
8,162,normalize,cpu,832.446,836.264
8,162,g_a_cpu,cpu,836.267,836.639
8,162,g_a,dpu,836.642,861.983
8,162,g_a,dpu,861.986,867.734
8,162,g_a_cpu,cpu,867.738,868.136
8,162,eb_enc,cpu,868.14,873.079
8,173,normalize,cpu,874.251,877.916
8,173,g_a_cpu,cpu,877.924,878.359
8,173,g_a,dpu,878.363,888.419
8,173,g_a,dpu,888.421,954.696
8,173,g_a_cpu,cpu,954.699,955.062
8,173,eb_enc,cpu,955.065,960.07
8,191,normalize,cpu,976.401,980.086
8,191,g_a_cpu,cpu,980.089,980.505
8,191,g_a,dpu,980.509,986.268
8,191,g_a,dpu,986.27,992.186
8,191,g_a_cpu,cpu,992.188,992.55
8,191,eb_enc,cpu,992.552,997.719
8,198,normalize,cpu,998.289,1002.18
8,198,g_a_cpu,cpu,1002.18,1002.53
8,198,g_a,dpu,1002.53,1025.5
8,198,g_a,dpu,1025.5,1033.53
8,198,g_a_cpu,cpu,1033.53,1034.1
8,198,eb_enc,cpu,1034.1,1041.3
8,206,normalize,cpu,1042.02,1045.71
8,206,g_a_cpu,cpu,1045.71,1046.06
8,206,g_a,dpu,1046.06,1071.69
8,206,g_a,dpu,1071.7,1077.35
8,206,g_a_cpu,cpu,1077.35,1077.94
8,206,eb_enc,cpu,1077.94,1091.84
8,219,normalize,cpu,1092.36,1096.75
8,219,g_a_cpu,cpu,1096.76,1097.34
8,219,g_a,dpu,1097.34,1142
8,219,g_a,dpu,1142,1147.85
8,219,g_a_cpu,cpu,1147.85,1148.26
8,219,eb_enc,cpu,1148.26,1154.31
8,232,normalize,cpu,1155.1,1168.51
8,232,g_a_cpu,cpu,1168.51,1168.99
8,232,g_a,dpu,1168.99,1180.98
8,232,g_a,dpu,1180.99,1206.89
8,232,g_a_cpu,cpu,1206.89,1207.91
8,232,eb_enc,cpu,1207.92,1213.52
8,241,normalize,cpu,1214.06,1217.93
8,241,g_a_cpu,cpu,1217.94,1218.64
8,241,g_a,dpu,1218.64,1259.8
8,241,g_a,dpu,1259.81,1286.32
8,241,g_a_cpu,cpu,1286.32,1286.83
8,241,eb_enc,cpu,1286.84,1291.72
8,258,normalize,cpu,1292.23,1295.94
8,258,g_a_cpu,cpu,1295.94,1296.33
8,258,g_a,dpu,1296.33,1315.79
8,258,g_a,dpu,1315.79,1321.43
8,258,g_a_cpu,cpu,1321.43,1321.87
8,258,eb_enc,cpu,1321.87,1326.86
8,266,normalize,cpu,1327.45,1331.18
8,266,g_a_cpu,cpu,1331.18,1331.58
8,266,g_a,dpu,1331.59,1337.3
8,266,g_a,dpu,1337.3,1379.07
8,266,g_a_cpu,cpu,1379.07,1379.83
8,266,eb_enc,cpu,1379.83,1385.23
8,279,normalize,cpu,1386.02,1389.8
8,279,g_a_cpu,cpu,1389.81,1390.35
8,279,g_a,dpu,1390.36,1406.98
8,279,g_a,dpu,1406.98,1425.65
8,279,g_a_cpu,cpu,1425.66,1426.15
8,279,eb_enc,cpu,1426.15,1431.86
8,290,normalize,cpu,1432.5,1436.15
8,290,g_a_cpu,cpu,1436.15,1436.75
8,290,g_a,dpu,1436.76,1494.53
8,290,g_a,dpu,1494.53,1516.46
8,290,g_a_cpu,cpu,1516.46,1517.26
8,290,eb_enc,cpu,1517.27,1524.82
8,308,normalize,cpu,1525.67,1538.39
8,308,g_a_cpu,cpu,1538.39,1538.96
8,308,g_a,dpu,1538.96,1574.75
8,308,g_a,dpu,1574.75,1603.5
8,308,g_a_cpu,cpu,1603.51,1604.09
8,308,eb_enc,cpu,1604.09,1611.83
8,326,normalize,cpu,1612.28,1616.01
8,326,g_a_cpu,cpu,1616.01,1616.47
8,326,g_a,dpu,1616.47,1629.59
8,326,g_a,dpu,1629.59,1655.36
8,326,g_a_cpu,cpu,1655.36,1655.75
8,326,eb_enc,cpu,1655.75,1660.92
8,337,normalize,cpu,1662.04,1672.54
8,337,g_a_cpu,cpu,1672.54,1672.96
8,337,g_a,dpu,1672.96,1678.88
8,337,g_a,dpu,1678.88,1702.8
8,337,g_a_cpu,cpu,1702.8,1703.36
8,337,eb_enc,cpu,1703.37,1708.61
8,349,normalize,cpu,1709.09,1712.93
8,349,g_a_cpu,cpu,1712.94,1713.5
8,349,g_a,dpu,1713.5,1726.06
8,349,g_a,dpu,1726.07,1764.05
8,349,g_a_cpu,cpu,1764.05,1764.57
8,349,eb_enc,cpu,1764.57,1769.99
8,360,normalize,cpu,1770.91,1775.94
8,360,g_a_cpu,cpu,1775.95,1776.78
8,360,g_a,dpu,1776.79,1809.81
8,360,g_a,dpu,1809.81,1848.97
8,360,g_a_cpu,cpu,1848.97,1849.42
8,360,eb_enc,cpu,1849.42,1854.35
8,378,normalize,cpu,1855.14,1858.84
8,378,g_a_cpu,cpu,1858.84,1859.24
8,378,g_a,dpu,1859.24,1886.19
8,378,g_a,dpu,1886.19,1916.93
8,378,g_a_cpu,cpu,1916.93,1917.6
8,378,eb_enc,cpu,1917.61,1922.83
8,392,normalize,cpu,1923.65,1927.47
8,392,g_a_cpu,cpu,1927.48,1927.81
8,392,g_a,dpu,1927.81,1948.49
8,392,g_a,dpu,1948.49,1961.55
8,392,g_a_cpu,cpu,1961.55,1962.21
8,392,eb_enc,cpu,1962.22,1974.15
8,405,normalize,cpu,1985.81,1992.27
8,405,g_a_cpu,cpu,1992.28,1992.87
8,405,g_a,dpu,1992.88,2025.77
8,405,g_a,dpu,2025.77,2054.89
8,405,g_a_cpu,cpu,2054.89,2055.42
8,405,eb_enc,cpu,2055.42,2061.28
8,421,normalize,cpu,2061.78,2065.59
8,421,g_a_cpu,cpu,2065.59,2066.11
8,421,g_a,dpu,2066.12,2071.95
8,421,g_a,dpu,2071.96,2077.63
8,421,g_a_cpu,cpu,2077.63,2078.26
8,421,eb_enc,cpu,2078.26,2087.21
8,427,normalize,cpu,2088.86,2092.56
8,427,g_a_cpu,cpu,2092.56,2092.99
8,427,g_a,dpu,2092.99,2114.84
8,427,g_a,dpu,2114.84,2126.89
8,427,g_a_cpu,cpu,2126.89,2127.33
8,427,eb_enc,cpu,2127.33,2132.58
8,439,normalize,cpu,2133.55,2138.08
8,439,g_a_cpu,cpu,2138.08,2138.73
8,439,g_a,dpu,2138.74,2183.59
8,439,g_a,dpu,2183.6,2204.99
8,439,g_a_cpu,cpu,2204.99,2205.43
8,439,eb_enc,cpu,2205.43,2211.32
8,455,normalize,cpu,2212.05,2215.95
8,455,g_a_cpu,cpu,2215.95,2216.29
8,455,g_a,dpu,2216.29,2222.26
8,455,g_a,dpu,2222.26,2245.1
8,455,g_a_cpu,cpu,2245.11,2245.88
8,455,eb_enc,cpu,2245.88,2252.53
8,464,normalize,cpu,2253.76,2257.71
8,464,g_a_cpu,cpu,2257.71,2258.3
8,464,g_a,dpu,2258.31,2277.86
8,464,g_a,dpu,2277.87,2306.84
8,464,g_a_cpu,cpu,2306.84,2307.2
8,464,eb_enc,cpu,2307.21,2312.46
8,474,normalize,cpu,2313.14,2316.87
8,474,g_a_cpu,cpu,2316.88,2317.44
8,474,g_a,dpu,2317.45,2351.35
8,474,g_a,dpu,2351.35,2357.4
8,474,g_a_cpu,cpu,2357.4,2357.9
8,474,eb_enc,cpu,2357.9,2362.96
8,487,normalize,cpu,2363.78,2367.49
8,487,g_a_cpu,cpu,2367.49,2367.99
8,487,g_a,dpu,2367.99,2387.35
8,487,g_a,dpu,2387.35,2393.98
8,487,g_a_cpu,cpu,2393.98,2394.67
8,487,eb_enc,cpu,2394.67,2400.63
8,497,normalize,cpu,2401.35,2405.63
8,497,g_a_cpu,cpu,2405.63,2406.06
8,497,g_a,dpu,2406.06,2426.49
8,497,g_a,dpu,2426.49,2448.31
8,497,g_a_cpu,cpu,2448.31,2448.85
8,497,eb_enc,cpu,2448.85,2459.65
8,510,normalize,cpu,2460.2,2464
8,510,g_a_cpu,cpu,2464.01,2464.44
8,510,g_a,dpu,2464.44,2506.3
8,510,g_a,dpu,2506.31,2531.82
8,510,g_a_cpu,cpu,2531.83,2532.3
8,510,eb_enc,cpu,2532.33,2537.32
8,526,normalize,cpu,2538.35,2546.13
8,526,g_a_cpu,cpu,2546.13,2546.76
8,526,g_a,dpu,2546.77,2566.07
8,526,g_a,dpu,2566.08,2581.89
8,526,g_a_cpu,cpu,2581.9,2582.4
8,526,eb_enc,cpu,2582.4,2587.64
8,534,normalize,cpu,2588.65,2592.48
8,534,g_a_cpu,cpu,2592.49,2593.18
8,534,g_a,dpu,2593.19,2626.65
8,534,g_a,dpu,2626.65,2653.06
8,534,g_a_cpu,cpu,2653.06,2653.89
8,534,eb_enc,cpu,2653.89,2659.06
8,550,normalize,cpu,2659.93,2663.63
8,550,g_a_cpu,cpu,2663.64,2664.19
8,550,g_a,dpu,2664.19,2670.65
8,550,g_a,dpu,2670.65,2711.25
8,550,g_a_cpu,cpu,2711.25,2711.89
8,550,eb_enc,cpu,2711.9,2717.05
8,564,normalize,cpu,2718.06,2721.77
8,564,g_a_cpu,cpu,2721.78,2722.36
8,564,g_a,dpu,2722.37,2744.84
8,564,g_a,dpu,2744.84,2751.09
8,564,g_a_cpu,cpu,2751.09,2751.69
8,564,eb_enc,cpu,2751.7,2759.47
8,574,normalize,cpu,2759.98,2763.81
8,574,g_a_cpu,cpu,2763.82,2764.21
8,574,g_a,dpu,2764.22,2770.33
8,574,g_a,dpu,2770.34,2785.73
8,574,g_a_cpu,cpu,2785.73,2786.2
8,574,eb_enc,cpu,2786.2,2792.78
8,580,normalize,cpu,2794.21,2798.02
8,580,g_a_cpu,cpu,2798.03,2798.65
8,580,g_a,dpu,2798.66,2854.89
8,580,g_a,dpu,2854.9,2865.51
8,580,g_a_cpu,cpu,2865.51,2866.11
8,580,eb_enc,cpu,2866.12,2871.37
8,596,normalize,cpu,2872.01,2875.76
8,596,g_a_cpu,cpu,2875.77,2876.11
8,596,g_a,dpu,2876.11,2902.37
8,596,g_a,dpu,2902.37,2930.77
8,596,g_a_cpu,cpu,2930.78,2931.61
8,596,eb_enc,cpu,2931.61,2936.62
8,609,normalize,cpu,2937.12,2948.87
8,609,g_a_cpu,cpu,2948.87,2949.51
8,609,g_a,dpu,2949.52,2955.63
8,609,g_a,dpu,2955.64,2980.39
8,609,g_a_cpu,cpu,2980.4,2981.31
8,609,eb_enc,cpu,2981.31,2986.74
8,618,normalize,cpu,2987.31,2991.06
8,618,g_a_cpu,cpu,2991.06,2991.48
8,618,g_a,dpu,2991.48,3001.48
8,618,g_a,dpu,3001.48,3030.25
8,618,g_a_cpu,cpu,3030.25,3030.63
8,618,eb_enc,cpu,3030.64,3035.71
8,630,normalize,cpu,3036.4,3040.07
8,630,g_a_cpu,cpu,3040.07,3041.69
8,630,g_a,dpu,3041.7,3057.91
8,630,g_a,dpu,3057.91,3063.61
8,630,g_a_cpu,cpu,3063.61,3063.98
8,630,eb_enc,cpu,3063.98,3076.21
8,639,normalize,cpu,3077.07,3080.74
8,639,g_a_cpu,cpu,3080.75,3081.24
8,639,g_a,dpu,3081.24,3132.93
8,639,g_a,dpu,3132.93,3148.87
8,639,g_a_cpu,cpu,3148.87,3149.61
8,639,eb_enc,cpu,3149.62,3154.74
8,655,normalize,cpu,3155.69,3159.39
8,655,g_a_cpu,cpu,3159.39,3159.86
8,655,g_a,dpu,3159.86,3167.66
8,655,g_a,dpu,3167.66,3198.93
8,655,g_a_cpu,cpu,3198.93,3199.28
8,655,eb_enc,cpu,3199.28,3204.76
8,668,normalize,cpu,3205.69,3209.48
8,668,g_a_cpu,cpu,3209.49,3209.91
8,668,g_a,dpu,3209.91,3227.79
8,668,g_a,dpu,3227.79,3260.32
8,668,g_a_cpu,cpu,3260.32,3260.81
8,668,eb_enc,cpu,3260.82,3265.81
8,681,normalize,cpu,3266.35,3270.25
8,681,g_a_cpu,cpu,3270.26,3271.52
8,681,g_a,dpu,3271.52,3316.42
8,681,g_a,dpu,3316.42,3322.33
8,681,g_a_cpu,cpu,3322.33,3322.76
8,681,eb_enc,cpu,3322.76,3337.72
8,697,normalize,cpu,3338.92,3342.73
8,697,g_a_cpu,cpu,3342.74,3344.4
8,697,g_a,dpu,3344.41,3376.54
8,697,g_a,dpu,3376.55,3383.13
8,697,g_a_cpu,cpu,3383.13,3383.61
8,697,eb_enc,cpu,3383.61,3388.7
8,708,normalize,cpu,3391.46,3395.45
8,708,g_a_cpu,cpu,3395.46,3396.01
8,708,g_a,dpu,3396.02,3426.01
8,708,g_a,dpu,3426.01,3431.74
8,708,g_a_cpu,cpu,3431.74,3432.26
8,708,eb_enc,cpu,3432.26,3437.31
8,719,normalize,cpu,3437.81,3441.54
8,719,g_a_cpu,cpu,3441.54,3441.98
8,719,g_a,dpu,3441.98,3460.38
8,719,g_a,dpu,3460.39,3481.39
8,719,g_a_cpu,cpu,3481.39,3481.85
8,719,eb_enc,cpu,3481.86,3489.13
8,729,normalize,cpu,3490.03,3494.73
8,729,g_a_cpu,cpu,3494.74,3495.31
8,729,g_a,dpu,3495.32,3522.39
8,729,g_a,dpu,3522.39,3550.63
8,729,g_a_cpu,cpu,3550.64,3551.06
8,729,eb_enc,cpu,3551.07,3557.17
8,743,normalize,cpu,3558.03,3570.24
8,743,g_a_cpu,cpu,3570.24,3570.62
8,743,g_a,dpu,3570.62,3577.52
8,743,g_a,dpu,3577.53,3587.94
8,743,g_a_cpu,cpu,3587.94,3588.35
8,743,eb_enc,cpu,3588.35,3593.51
8,752,normalize,cpu,3594.6,3608.45
8,752,g_a_cpu,cpu,3608.46,3608.85
8,752,g_a,dpu,3608.85,3617.52
8,752,g_a,dpu,3617.52,3644.18
8,752,g_a_cpu,cpu,3644.18,3644.67
8,752,eb_enc,cpu,3644.68,3649.9
8,762,normalize,cpu,3650.53,3654.28
8,762,g_a_cpu,cpu,3654.29,3654.72
8,762,g_a,dpu,3654.72,3672.56
8,762,g_a,dpu,3672.56,3708
8,762,g_a_cpu,cpu,3708,3708.4
8,762,eb_enc,cpu,3708.41,3713.59
8,775,normalize,cpu,3714.46,3718.15
8,775,g_a_cpu,cpu,3718.16,3718.89
8,775,g_a,dpu,3718.89,3724.75
8,775,g_a,dpu,3724.75,3750.37
8,775,g_a_cpu,cpu,3750.38,3750.79
8,775,eb_enc,cpu,3750.79,3756.14
8,785,normalize,cpu,3756.87,3760.56
8,785,g_a_cpu,cpu,3760.56,3760.97
8,785,g_a,dpu,3760.97,3778.23
8,785,g_a,dpu,3778.23,3783.97
8,785,g_a_cpu,cpu,3783.97,3784.46
8,785,eb_enc,cpu,3784.46,3789.9
8,794,normalize,cpu,3790.66,3794.52
8,794,g_a_cpu,cpu,3794.53,3794.98
8,794,g_a,dpu,3794.98,3824.41
8,794,g_a,dpu,3824.41,3843.41
8,794,g_a_cpu,cpu,3843.42,3843.86
8,794,eb_enc,cpu,3843.87,3849.23
8,807,normalize,cpu,3850.04,3853.85
8,807,g_a_cpu,cpu,3853.86,3854.3
8,807,g_a,dpu,3854.31,3860.76
8,807,g_a,dpu,3860.76,3866.66
8,807,g_a_cpu,cpu,3866.67,3867.03
8,807,eb_enc,cpu,3867.03,3881.75
8,815,normalize,cpu,3882.43,3886.11
8,815,g_a_cpu,cpu,3886.11,3886.77
8,815,g_a,dpu,3886.78,3903.46
8,815,g_a,dpu,3903.46,3908.85
8,815,g_a_cpu,cpu,3908.85,3909.58
8,815,eb_enc,cpu,3909.58,3914.86
8,822,normalize,cpu,3915.6,3920.06
8,822,g_a_cpu,cpu,3920.06,3920.44
8,822,g_a,dpu,3920.44,3973.68
8,822,g_a,dpu,3973.68,4006.08
8,822,g_a_cpu,cpu,4006.08,4006.67
8,822,eb_enc,cpu,4006.67,4011.72
8,843,normalize,cpu,4012.5,4016.2
8,843,g_a_cpu,cpu,4016.21,4016.65
8,843,g_a,dpu,4016.65,4031.94
8,843,g_a,dpu,4031.94,4052.69
8,843,g_a_cpu,cpu,4052.69,4053.31
8,843,eb_enc,cpu,4053.32,4058.6
8,853,normalize,cpu,4059.39,4063.12
8,853,g_a_cpu,cpu,4063.12,4063.56
8,853,g_a,dpu,4063.57,4085.88
8,853,g_a,dpu,4085.88,4108.61
8,853,g_a_cpu,cpu,4108.61,4109.22
8,853,eb_enc,cpu,4109.23,4114.22
8,866,normalize,cpu,4114.76,4118.49
8,866,g_a_cpu,cpu,4118.5,4118.84
8,866,g_a,dpu,4118.84,4142.06
8,866,g_a,dpu,4142.06,4147.47
8,866,g_a_cpu,cpu,4147.48,4148.07
8,866,eb_enc,cpu,4148.07,4153.27
8,874,normalize,cpu,4154.12,4157.88
8,874,g_a_cpu,cpu,4157.88,4158.71
8,874,g_a,dpu,4158.72,4178.69
8,874,g_a,dpu,4178.69,4210.41
8,874,g_a_cpu,cpu,4210.41,4215.4
8,874,eb_enc,cpu,4215.4,4225.49
8,889,normalize,cpu,4226.17,4231.53
8,889,g_a_cpu,cpu,4231.54,4233.35
8,889,g_a,dpu,4233.36,4252.72
8,889,g_a,dpu,4252.72,4258.54
8,889,g_a_cpu,cpu,4258.54,4258.98
8,889,eb_enc,cpu,4258.99,4263.99
8,900,normalize,cpu,4264.51,4268.28
8,900,g_a_cpu,cpu,4268.29,4268.67
8,900,g_a,dpu,4268.67,4285.44
8,900,g_a,dpu,4285.44,4300.97
8,900,g_a_cpu,cpu,4300.97,4301.61
8,900,eb_enc,cpu,4301.62,4307.16
8,909,normalize,cpu,4308.02,4311.99
8,909,g_a_cpu,cpu,4312,4312.44
8,909,g_a,dpu,4312.44,4318.65
8,909,g_a,dpu,4318.65,4363.39
8,909,g_a_cpu,cpu,4363.4,4363.99
8,909,eb_enc,cpu,4363.99,4368.93
8,923,normalize,cpu,4369.69,4373.45
8,923,g_a_cpu,cpu,4373.45,4374.08
8,923,g_a,dpu,4374.08,4395.35
8,923,g_a,dpu,4395.35,4410.3
8,923,g_a_cpu,cpu,4410.3,4410.73
8,923,eb_enc,cpu,4410.73,4415.9
9,2,normalize,cpu,65.6404,79.4759
9,2,g_a_cpu,cpu,81.1995,81.764
9,2,g_a,dpu,81.7694,100.328
9,2,g_a,dpu,100.331,115.355
9,2,g_a_cpu,cpu,115.357,115.906
9,2,eb_enc,cpu,115.919,132.157
9,18,normalize,cpu,132.702,136.45
9,18,g_a_cpu,cpu,136.463,137.315
9,18,g_a,dpu,137.319,179.212
9,18,g_a,dpu,179.222,188.901
9,18,g_a_cpu,cpu,188.903,189.318
9,18,eb_enc,cpu,189.321,194.484
9,32,normalize,cpu,195.088,199.678
9,32,g_a_cpu,cpu,199.681,200.25
9,32,g_a,dpu,200.253,219.566
9,32,g_a,dpu,219.567,224.936
9,32,g_a_cpu,cpu,224.939,225.554
9,32,eb_enc,cpu,225.563,230.878
9,40,normalize,cpu,231.688,235.445
9,40,g_a_cpu,cpu,235.452,235.991
9,40,g_a,dpu,236.001,275.228
9,40,g_a,dpu,275.229,280.91
9,40,g_a_cpu,cpu,280.911,281.382
9,40,eb_enc,cpu,281.384,293.483
9,51,normalize,cpu,293.988,297.88
9,51,g_a_cpu,cpu,297.884,298.23
9,51,g_a,dpu,298.234,321.819
9,51,g_a,dpu,321.82,343.335
9,51,g_a_cpu,cpu,343.34,344.077
9,51,eb_enc,cpu,344.08,349.956
9,62,normalize,cpu,351.144,362.341
9,62,g_a_cpu,cpu,362.354,363.205
9,62,g_a,dpu,363.214,407.686
9,62,g_a,dpu,407.693,413.197
9,62,g_a_cpu,cpu,413.199,413.695
9,62,eb_enc,cpu,413.699,418.939
9,74,normalize,cpu,419.617,423.557
9,74,g_a_cpu,cpu,423.561,424.007
9,74,g_a,dpu,424.01,429.466
9,74,g_a,dpu,429.467,454.164
9,74,g_a_cpu,cpu,454.172,454.764
9,74,eb_enc,cpu,454.77,460.001
9,83,normalize,cpu,460.912,475.697
9,83,g_a_cpu,cpu,475.702,476.328
9,83,g_a,dpu,476.331,492.396
9,83,g_a,dpu,492.398,497.692
9,83,g_a_cpu,cpu,497.693,498.074
9,83,eb_enc,cpu,498.076,503.197
9,94,normalize,cpu,503.908,507.751
9,94,g_a_cpu,cpu,507.755,508.172
9,94,g_a,dpu,508.176,526.773
9,94,g_a,dpu,526.775,541.375
9,94,g_a_cpu,cpu,541.376,541.976
9,94,eb_enc,cpu,541.981,547.134
9,104,normalize,cpu,547.99,551.679
9,104,g_a_cpu,cpu,551.683,562.117
9,104,g_a,dpu,562.119,580.031
9,104,g_a,dpu,580.032,620.978
9,104,g_a_cpu,cpu,620.979,621.571
9,104,eb_enc,cpu,621.574,626.761
9,121,normalize,cpu,627.329,631.04
9,121,g_a_cpu,cpu,631.046,631.721
9,121,g_a,dpu,631.726,662.183
9,121,g_a,dpu,662.185,723.117
9,121,g_a_cpu,cpu,723.119,723.637
9,121,eb_enc,cpu,723.645,728.691
9,140,normalize,cpu,729.476,733.111
9,140,g_a_cpu,cpu,733.114,734.495
9,140,g_a,dpu,734.498,754.432
9,140,g_a,dpu,754.433,759.725
9,140,g_a_cpu,cpu,759.727,760.13
9,140,eb_enc,cpu,760.132,765.554
9,149,normalize,cpu,766.067,769.825
9,149,g_a_cpu,cpu,769.829,770.325
9,149,g_a,dpu,770.327,789.062
9,149,g_a,dpu,789.064,794.139
9,149,g_a_cpu,cpu,794.141,794.526
9,149,eb_enc,cpu,794.528,799.535
9,158,normalize,cpu,800.155,803.868
9,158,g_a_cpu,cpu,803.871,804.439
9,158,g_a,dpu,804.44,822.522
9,158,g_a,dpu,822.523,847.912
9,158,g_a_cpu,cpu,847.914,848.275
9,158,eb_enc,cpu,848.277,853.375
9,170,normalize,cpu,853.944,857.935
9,170,g_a_cpu,cpu,857.938,858.291
9,170,g_a,dpu,858.293,904.077
9,170,g_a,dpu,904.079,930.929
9,170,g_a_cpu,cpu,930.931,931.707
9,170,eb_enc,cpu,931.711,937.032
9,183,normalize,cpu,937.637,941.554
9,183,g_a_cpu,cpu,941.559,942.093
9,183,g_a,dpu,942.096,965.329
9,183,g_a,dpu,965.331,970.6
9,183,g_a_cpu,cpu,970.607,971.518
9,183,eb_enc,cpu,971.521,976.64
9,192,normalize,cpu,977.222,995.467
9,192,g_a_cpu,cpu,995.471,995.986
9,192,g_a,dpu,995.99,1008.03
9,192,g_a,dpu,1008.03,1013.32
9,192,g_a_cpu,cpu,1013.32,1013.92
9,192,eb_enc,cpu,1013.93,1021.62
9,201,normalize,cpu,1022.17,1026.9
9,201,g_a_cpu,cpu,1026.9,1027.42
9,201,g_a,dpu,1027.42,1034.89
9,201,g_a,dpu,1034.89,1040.34
9,201,g_a_cpu,cpu,1040.34,1040.93
9,201,eb_enc,cpu,1040.93,1050.45
9,209,normalize,cpu,1050.9,1058.4
9,209,g_a_cpu,cpu,1058.41,1058.78
9,209,g_a,dpu,1058.78,1074.35
9,209,g_a,dpu,1074.35,1093.95
9,209,g_a_cpu,cpu,1093.95,1094.29
9,209,eb_enc,cpu,1094.29,1099.25
9,220,normalize,cpu,1099.75,1103.5
9,220,g_a_cpu,cpu,1103.5,1103.81
9,220,g_a,dpu,1103.82,1127.34
9,220,g_a,dpu,1127.34,1137.08
9,220,g_a_cpu,cpu,1137.09,1137.5
9,220,eb_enc,cpu,1137.5,1142.47
9,230,normalize,cpu,1143.31,1147.01
9,230,g_a_cpu,cpu,1147.01,1147.58
9,230,g_a,dpu,1147.58,1178.11
9,230,g_a,dpu,1178.11,1211.05
9,230,g_a_cpu,cpu,1211.05,1211.83
9,230,eb_enc,cpu,1211.83,1216.92
9,243,normalize,cpu,1219.88,1226.9
9,243,g_a_cpu,cpu,1226.9,1227.27
9,243,g_a,dpu,1227.28,1233
9,243,g_a,dpu,1233.01,1269.64
9,243,g_a_cpu,cpu,1269.65,1270.06
9,243,eb_enc,cpu,1270.06,1275.12
9,255,normalize,cpu,1275.69,1279.48
9,255,g_a_cpu,cpu,1279.49,1279.88
9,255,g_a,dpu,1279.88,1315.53
9,255,g_a,dpu,1315.54,1346.17
9,255,g_a_cpu,cpu,1346.17,1346.84
9,255,eb_enc,cpu,1346.85,1352.15
9,270,normalize,cpu,1352.92,1356.58
9,270,g_a_cpu,cpu,1356.59,1357.68
9,270,g_a,dpu,1357.69,1382.66
9,270,g_a,dpu,1382.66,1387.92
9,270,g_a_cpu,cpu,1387.93,1388.33
9,270,eb_enc,cpu,1388.33,1393.48
9,281,normalize,cpu,1394.3,1398.03
9,281,g_a_cpu,cpu,1398.03,1398.39
9,281,g_a,dpu,1398.39,1435.34
9,281,g_a,dpu,1435.34,1440.58
9,281,g_a_cpu,cpu,1440.58,1441.04
9,281,eb_enc,cpu,1441.04,1446.49
9,293,normalize,cpu,1447.29,1451.15
9,293,g_a_cpu,cpu,1451.16,1451.63
9,293,g_a,dpu,1451.63,1471.03
9,293,g_a,dpu,1471.04,1495.29
9,293,g_a_cpu,cpu,1495.29,1495.94
9,293,eb_enc,cpu,1495.94,1501.59
9,304,normalize,cpu,1502.25,1506.13
9,304,g_a_cpu,cpu,1506.14,1506.76
9,304,g_a,dpu,1506.77,1542.18
9,304,g_a,dpu,1542.18,1568.63
9,304,g_a_cpu,cpu,1568.63,1569.08
9,304,eb_enc,cpu,1569.08,1574.09
9,318,normalize,cpu,1574.98,1578.63
9,318,g_a_cpu,cpu,1578.63,1579.03
9,318,g_a,dpu,1579.03,1617.92
9,318,g_a,dpu,1617.92,1623.2
9,318,g_a_cpu,cpu,1623.2,1623.64
9,318,eb_enc,cpu,1623.64,1628.73
9,329,normalize,cpu,1629.51,1633.14
9,329,g_a_cpu,cpu,1633.17,1633.83
9,329,g_a,dpu,1633.83,1647.83
9,329,g_a,dpu,1647.83,1704.45
9,329,g_a_cpu,cpu,1704.45,1704.92
9,329,eb_enc,cpu,1704.92,1709.97
9,350,normalize,cpu,1710.78,1714.51
9,350,g_a_cpu,cpu,1714.51,1715.07
9,350,g_a,dpu,1715.07,1749.29
9,350,g_a,dpu,1749.29,1760.21
9,350,g_a_cpu,cpu,1760.21,1760.95
9,350,eb_enc,cpu,1760.96,1766.57
9,359,normalize,cpu,1767.38,1771.44
9,359,g_a_cpu,cpu,1771.45,1771.98
9,359,g_a,dpu,1771.99,1777.93
9,359,g_a,dpu,1777.93,1793.56
9,359,g_a_cpu,cpu,1793.56,1793.99
9,359,eb_enc,cpu,1794,1799.43
9,365,normalize,cpu,1800.41,1804.09
9,365,g_a_cpu,cpu,1804.1,1804.72
9,365,g_a,dpu,1804.73,1819.08
9,365,g_a,dpu,1819.09,1841.89
9,365,g_a_cpu,cpu,1841.89,1842.49
9,365,eb_enc,cpu,1842.49,1848.55
9,375,normalize,cpu,1849.26,1859.32
9,375,g_a_cpu,cpu,1859.32,1860.18
9,375,g_a,dpu,1860.19,1878.87
9,375,g_a,dpu,1878.87,1883.88
9,375,g_a_cpu,cpu,1883.88,1884.57
9,375,eb_enc,cpu,1884.57,1891.29
9,384,normalize,cpu,1891.89,1896.46
9,384,g_a_cpu,cpu,1896.47,1896.83
9,384,g_a,dpu,1896.84,1910.5
9,384,g_a,dpu,1910.5,1930.24
9,384,g_a_cpu,cpu,1930.25,1930.77
9,384,eb_enc,cpu,1930.78,1935.73
9,395,normalize,cpu,1937.13,1940.83
9,395,g_a_cpu,cpu,1940.83,1941.25
9,395,g_a,dpu,1941.25,1946.63
9,395,g_a,dpu,1946.63,1956.52
9,395,g_a_cpu,cpu,1956.52,1965.39
9,395,eb_enc,cpu,1965.39,1970.78
9,403,normalize,cpu,1971.4,1975.31
9,403,g_a_cpu,cpu,1975.31,1975.81
9,403,g_a,dpu,1975.81,2030.53
9,403,g_a,dpu,2030.53,2035.92
9,403,g_a_cpu,cpu,2035.92,2036.44
9,403,eb_enc,cpu,2036.44,2042.1
9,417,normalize,cpu,2042.79,2048.53
9,417,g_a_cpu,cpu,2048.54,2048.89
9,417,g_a,dpu,2048.9,2054.13
9,417,g_a,dpu,2054.13,2074.24
9,417,g_a_cpu,cpu,2074.24,2074.8
9,417,eb_enc,cpu,2074.8,2080.14
9,425,normalize,cpu,2081.51,2093.43
9,425,g_a_cpu,cpu,2093.43,2094.39
9,425,g_a,dpu,2094.4,2143.05
9,425,g_a,dpu,2143.06,2163.24
9,425,g_a_cpu,cpu,2163.24,2163.95
9,425,eb_enc,cpu,2163.95,2169.3
9,445,normalize,cpu,2169.95,2173.96
9,445,g_a_cpu,cpu,2173.96,2174.4
9,445,g_a,dpu,2174.41,2180.04
9,445,g_a,dpu,2180.04,2185.24
9,445,g_a_cpu,cpu,2185.24,2185.81
9,445,eb_enc,cpu,2185.81,2192.69
9,450,normalize,cpu,2193.43,2203.93
9,450,g_a_cpu,cpu,2203.93,2204.41
9,450,g_a,dpu,2204.42,2221.66
9,450,g_a,dpu,2221.66,2257.35
9,450,g_a_cpu,cpu,2257.35,2257.83
9,450,eb_enc,cpu,2257.84,2263.15
9,466,normalize,cpu,2263.93,2267.72
9,466,g_a_cpu,cpu,2267.73,2268.25
9,466,g_a,dpu,2268.26,2306.06
9,466,g_a,dpu,2306.06,2320.22
9,466,g_a_cpu,cpu,2320.22,2320.63
9,466,eb_enc,cpu,2320.63,2326.62
9,478,normalize,cpu,2327.42,2334.92
9,478,g_a_cpu,cpu,2334.92,2335.66
9,478,g_a,dpu,2335.66,2350.7
9,478,g_a,dpu,2350.71,2392.96
9,478,g_a_cpu,cpu,2392.96,2393.79
9,478,eb_enc,cpu,2393.8,2399.14
9,496,normalize,cpu,2399.7,2404.35
9,496,g_a_cpu,cpu,2404.36,2404.76
9,496,g_a,dpu,2404.76,2415.02
9,496,g_a,dpu,2415.02,2452.85
9,496,g_a_cpu,cpu,2452.85,2453.41
9,496,eb_enc,cpu,2453.43,2458.59
9,509,normalize,cpu,2459.32,2463.01
9,509,g_a_cpu,cpu,2463.01,2463.68
9,509,g_a,dpu,2463.69,2485.28
9,509,g_a,dpu,2485.29,2527.38
9,509,g_a_cpu,cpu,2527.38,2527.95
9,509,eb_enc,cpu,2527.95,2533.22
9,525,normalize,cpu,2534.02,2537.68
9,525,g_a_cpu,cpu,2537.68,2538.76
9,525,g_a,dpu,2538.77,2575.74
9,525,g_a,dpu,2575.74,2596.69
9,525,g_a_cpu,cpu,2596.7,2597.2
9,525,eb_enc,cpu,2597.2,2602.31
9,538,normalize,cpu,2603.01,2612.35
9,538,g_a_cpu,cpu,2612.36,2612.93
9,538,g_a,dpu,2612.93,2631.24
9,538,g_a,dpu,2631.25,2654.61
9,538,g_a_cpu,cpu,2654.61,2655.1
9,538,eb_enc,cpu,2655.1,2661.5
9,551,normalize,cpu,2662.1,2668.71
9,551,g_a_cpu,cpu,2668.72,2669.2
9,551,g_a,dpu,2669.21,2684.76
9,551,g_a,dpu,2684.76,2690.26
9,551,g_a_cpu,cpu,2690.27,2691
9,551,eb_enc,cpu,2691,2706.84
9,561,normalize,cpu,2707.77,2711.65
9,561,g_a_cpu,cpu,2711.66,2712.3
9,561,g_a,dpu,2712.31,2736.29
9,561,g_a,dpu,2736.3,2741.44
9,561,g_a_cpu,cpu,2741.44,2741.84
9,561,eb_enc,cpu,2741.85,2747.01
9,572,normalize,cpu,2747.66,2751.5
9,572,g_a_cpu,cpu,2751.51,2752.22
9,572,g_a,dpu,2752.23,2793.06
9,572,g_a,dpu,2793.06,2825.3
9,572,g_a_cpu,cpu,2825.3,2825.78
9,572,eb_enc,cpu,2825.78,2831.3
9,590,normalize,cpu,2832.38,2839.05
9,590,g_a_cpu,cpu,2839.06,2839.44
9,590,g_a,dpu,2839.45,2877.55
9,590,g_a,dpu,2877.56,2883.05
9,590,g_a_cpu,cpu,2883.05,2883.78
9,590,eb_enc,cpu,2883.78,2889.05
9,599,normalize,cpu,2889.73,2893.66
9,599,g_a_cpu,cpu,2893.66,2894.2
9,599,g_a,dpu,2894.2,2899.45
9,599,g_a,dpu,2899.45,2904.58
9,599,g_a_cpu,cpu,2904.59,2905.25
9,599,eb_enc,cpu,2905.25,2915.56
9,606,normalize,cpu,2916.03,2920.84
9,606,g_a_cpu,cpu,2920.85,2921.37
9,606,g_a,dpu,2921.37,2926.55
9,606,g_a,dpu,2926.55,2969.65
9,606,g_a_cpu,cpu,2969.65,2970.37
9,606,eb_enc,cpu,2970.37,2975.37
9,617,normalize,cpu,2976.4,2980.11
9,617,g_a_cpu,cpu,2980.11,2980.67
9,617,g_a,dpu,2980.67,3032.35
9,617,g_a,dpu,3032.35,3060.97
9,617,g_a_cpu,cpu,3060.97,3061.36
9,617,eb_enc,cpu,3061.36,3067
9,638,normalize,cpu,3068.08,3071.95
9,638,g_a_cpu,cpu,3071.95,3072.64
9,638,g_a,dpu,3072.65,3096.91
9,638,g_a,dpu,3096.91,3116.2
9,638,g_a_cpu,cpu,3116.2,3116.84
9,638,eb_enc,cpu,3116.84,3128.73
9,649,normalize,cpu,3129.32,3133.7
9,649,g_a_cpu,cpu,3133.71,3134.06
9,649,g_a,dpu,3134.06,3146.15
9,649,g_a,dpu,3146.16,3151.67
9,649,g_a_cpu,cpu,3151.67,3152.31
9,649,eb_enc,cpu,3152.31,3159.61
9,657,normalize,cpu,3160.33,3164.85
9,657,g_a_cpu,cpu,3164.85,3165.34
9,657,g_a,dpu,3165.34,3215.32
9,657,g_a,dpu,3215.33,3237.19
9,657,g_a_cpu,cpu,3237.19,3237.81
9,657,eb_enc,cpu,3237.81,3250.58
9,678,normalize,cpu,3251.13,3255.02
9,678,g_a_cpu,cpu,3255.03,3255.79
9,678,g_a,dpu,3255.79,3272.07
9,678,g_a,dpu,3272.07,3278.65
9,678,g_a_cpu,cpu,3278.66,3279.4
9,678,eb_enc,cpu,3279.41,3288.34
9,685,normalize,cpu,3289.26,3300.78
9,685,g_a_cpu,cpu,3300.78,3302.04
9,685,g_a,dpu,3302.04,3317.5
9,685,g_a,dpu,3317.5,3329.85
9,685,g_a_cpu,cpu,3329.85,3330.66
9,685,eb_enc,cpu,3330.67,3337.78
9,698,normalize,cpu,3338.92,3348.26
9,698,g_a_cpu,cpu,3348.27,3348.8
9,698,g_a,dpu,3348.81,3370.89
9,698,g_a,dpu,3370.9,3394.36
9,698,g_a_cpu,cpu,3394.37,3394.86
9,698,eb_enc,cpu,3394.86,3399.94
9,710,normalize,cpu,3400.51,3404.41
9,710,g_a_cpu,cpu,3404.42,3405.03
9,710,g_a,dpu,3405.04,3443.57
9,710,g_a,dpu,3443.57,3448.83
9,710,g_a_cpu,cpu,3448.83,3449.5
9,710,eb_enc,cpu,3449.5,3456.24
9,722,normalize,cpu,3456.81,3460.73
9,722,g_a_cpu,cpu,3460.74,3461.21
9,722,g_a,dpu,3461.21,3481.02
9,722,g_a,dpu,3481.02,3500.05
9,722,g_a_cpu,cpu,3500.05,3500.45
9,722,eb_enc,cpu,3500.46,3505.49
9,734,normalize,cpu,3506.52,3510.19
9,734,g_a_cpu,cpu,3510.2,3510.68
9,734,g_a,dpu,3510.68,3552.27
9,734,g_a,dpu,3552.28,3561.6
9,734,g_a_cpu,cpu,3561.6,3562.07
9,734,eb_enc,cpu,3562.08,3567.05
9,746,normalize,cpu,3567.62,3571.5
9,746,g_a_cpu,cpu,3571.51,3572.09
9,746,g_a,dpu,3572.09,3646.83
9,746,g_a,dpu,3646.83,3661.36
9,746,g_a_cpu,cpu,3661.36,3661.78
9,746,eb_enc,cpu,3661.78,3666.93
9,765,normalize,cpu,3667.5,3671.24
9,765,g_a_cpu,cpu,3671.25,3671.66
9,765,g_a,dpu,3671.66,3701.65
9,765,g_a,dpu,3701.65,3722.37
9,765,g_a_cpu,cpu,3722.37,3722.74
9,765,eb_enc,cpu,3722.74,3727.78
9,778,normalize,cpu,3728.45,3732.19
9,778,g_a_cpu,cpu,3732.19,3732.59
9,778,g_a,dpu,3732.59,3748.44
9,778,g_a,dpu,3748.45,3767.95
9,778,g_a_cpu,cpu,3767.95,3768.54
9,778,eb_enc,cpu,3768.55,3773.64
9,790,normalize,cpu,3774.35,3778.9
9,790,g_a_cpu,cpu,3778.9,3779.45
9,790,g_a,dpu,3779.46,3803.46
9,790,g_a,dpu,3803.46,3823.53
9,790,g_a_cpu,cpu,3823.53,3823.89
9,790,eb_enc,cpu,3823.89,3832.04
9,802,normalize,cpu,3832.56,3837.04
9,802,g_a_cpu,cpu,3837.04,3837.42
9,802,g_a,dpu,3837.42,3850.15
9,802,g_a,dpu,3850.16,3855.26
9,802,g_a_cpu,cpu,3855.26,3855.99
9,802,eb_enc,cpu,3855.99,3864.28
9,811,normalize,cpu,3864.91,3868.7
9,811,g_a_cpu,cpu,3868.7,3869.13
9,811,g_a,dpu,3869.13,3887.81
9,811,g_a,dpu,3887.81,3897.76
9,811,g_a_cpu,cpu,3897.76,3898.78
9,811,eb_enc,cpu,3898.78,3904.11
9,820,normalize,cpu,3904.71,3909.21
9,820,g_a_cpu,cpu,3909.22,3909.92
9,820,g_a,dpu,3909.93,3925.8
9,820,g_a,dpu,3925.8,3933.21
9,820,g_a_cpu,cpu,3933.21,3933.57
9,820,eb_enc,cpu,3933.57,3940.83
9,829,normalize,cpu,3941.45,3945.18
9,829,g_a_cpu,cpu,3945.18,3945.63
9,829,g_a,dpu,3945.63,3962.97
9,829,g_a,dpu,3962.97,3976.97
9,829,g_a_cpu,cpu,3976.98,3977.68
9,829,eb_enc,cpu,3977.69,3983.08
9,836,normalize,cpu,3985.59,3989.38
9,836,g_a_cpu,cpu,3989.39,3990.17
9,836,g_a,dpu,3990.18,4017.45
9,836,g_a,dpu,4017.45,4039.03
9,836,g_a_cpu,cpu,4039.03,4039.79
9,836,eb_enc,cpu,4039.79,4045.09
9,849,normalize,cpu,4045.69,4049.54
9,849,g_a_cpu,cpu,4049.54,4049.98
9,849,g_a,dpu,4049.98,4055.45
9,849,g_a,dpu,4055.45,4064.37
9,849,g_a_cpu,cpu,4064.37,4064.82
9,849,eb_enc,cpu,4064.82,4069.92
9,856,normalize,cpu,4070.45,4074.16
9,856,g_a_cpu,cpu,4074.16,4074.78
9,856,g_a,dpu,4074.78,4095.4
9,856,g_a,dpu,4095.4,4105.88
9,856,g_a_cpu,cpu,4105.88,4106.33
9,856,eb_enc,cpu,4106.33,4111.83
9,865,normalize,cpu,4112.39,4123.98
9,865,g_a_cpu,cpu,4123.98,4124.46
9,865,g_a,dpu,4124.47,4144.35
9,865,g_a,dpu,4144.35,4190.04
9,865,g_a_cpu,cpu,4190.04,4190.75
9,865,eb_enc,cpu,4190.75,4196.09
9,884,normalize,cpu,4196.58,4200.35
9,884,g_a_cpu,cpu,4200.35,4200.8
9,884,g_a,dpu,4200.8,4246.14
9,884,g_a,dpu,4246.14,4251.71
9,884,g_a_cpu,cpu,4251.71,4252.33
9,884,eb_enc,cpu,4252.33,4257.48
9,898,normalize,cpu,4258.02,4261.83
9,898,g_a_cpu,cpu,4261.83,4262.2
9,898,g_a,dpu,4262.21,4309.21
9,898,g_a,dpu,4309.21,4329.97
9,898,g_a_cpu,cpu,4329.98,4330.52
9,898,eb_enc,cpu,4330.53,4335.71
9,916,normalize,cpu,4336.37,4340.12
9,916,g_a_cpu,cpu,4340.13,4341.07
9,916,g_a,dpu,4341.07,4385.11
9,916,g_a,dpu,4385.11,4390.64
9,916,g_a_cpu,cpu,4390.64,4391.06
9,916,eb_enc,cpu,4391.07,4396.25
10,10,normalize,cpu,80.2591,86.2783
10,10,g_a_cpu,cpu,87.9464,90.0753
10,10,g_a,dpu,90.0814,126.24
10,10,g_a,dpu,126.254,166.056
10,10,g_a_cpu,cpu,166.058,166.45
10,10,eb_enc,cpu,166.46,173.013
10,28,normalize,cpu,173.911,179.913
10,28,g_a_cpu,cpu,179.916,180.413
10,28,g_a,dpu,180.418,254.78
10,28,g_a,dpu,254.786,281.879
10,28,g_a_cpu,cpu,281.88,282.246
10,28,eb_enc,cpu,282.247,287.202
10,50,normalize,cpu,287.789,291.714
10,50,g_a_cpu,cpu,291.719,292.116
10,50,g_a,dpu,292.121,298.946
10,50,g_a,dpu,298.949,325.113
10,50,g_a_cpu,cpu,325.114,325.58
10,50,eb_enc,cpu,325.59,330.559
10,59,normalize,cpu,331.136,334.936
10,59,g_a_cpu,cpu,334.94,335.459
10,59,g_a,dpu,335.462,367.127
10,59,g_a,dpu,367.131,391.132
10,59,g_a_cpu,cpu,391.134,391.488
10,59,eb_enc,cpu,391.491,396.326
10,72,normalize,cpu,397.027,400.672
10,72,g_a_cpu,cpu,400.674,400.99
10,72,g_a,dpu,400.992,425.403
10,72,g_a,dpu,425.407,430.788
10,72,g_a_cpu,cpu,430.789,431.215
10,72,eb_enc,cpu,431.217,436.395
10,78,normalize,cpu,436.94,440.729
10,78,g_a_cpu,cpu,440.733,441.091
10,78,g_a,dpu,441.095,470.688
10,78,g_a,dpu,470.699,476.081
10,78,g_a_cpu,cpu,476.084,476.778
10,78,eb_enc,cpu,476.781,484.679
10,90,normalize,cpu,485.255,492.13
10,90,g_a_cpu,cpu,492.134,492.529
10,90,g_a,dpu,492.531,509.796
10,90,g_a,dpu,509.802,516.334
10,90,g_a_cpu,cpu,516.336,516.955
10,90,eb_enc,cpu,516.96,524.983
10,100,normalize,cpu,525.522,529.886
10,100,g_a_cpu,cpu,529.889,530.382
10,100,g_a,dpu,530.385,543.977
10,100,g_a,dpu,543.979,549.221
10,100,g_a_cpu,cpu,549.223,549.847
10,100,eb_enc,cpu,549.852,555.239
10,105,normalize,cpu,555.784,559.539
10,105,g_a_cpu,cpu,559.543,559.925
10,105,g_a,dpu,559.929,590.264
10,105,g_a,dpu,590.268,618.961
10,105,g_a_cpu,cpu,618.965,619.657
10,105,eb_enc,cpu,619.662,625.665
10,120,normalize,cpu,626.264,632.751
10,120,g_a_cpu,cpu,632.759,633.647
10,120,g_a,dpu,633.656,666.137
10,120,g_a,dpu,666.139,676.067
10,120,g_a_cpu,cpu,676.069,676.522
10,120,eb_enc,cpu,676.523,681.575
10,130,normalize,cpu,682.525,688.716
10,130,g_a_cpu,cpu,688.718,689.095
10,130,g_a,dpu,689.098,708.062
10,130,g_a,dpu,708.063,714.146
10,130,g_a_cpu,cpu,714.149,714.779
10,130,eb_enc,cpu,714.797,720.036
10,139,normalize,cpu,720.597,724.395
10,139,g_a_cpu,cpu,724.402,725.125
10,139,g_a,dpu,725.13,753.335
10,139,g_a,dpu,753.342,768.993
10,139,g_a_cpu,cpu,768.994,769.573
10,139,eb_enc,cpu,769.582,778.382
10,151,normalize,cpu,779.061,783.041
10,151,g_a_cpu,cpu,783.047,783.587
10,151,g_a,dpu,783.591,806.06
10,151,g_a,dpu,806.061,827.175
10,151,g_a_cpu,cpu,827.177,827.624
10,151,eb_enc,cpu,827.627,832.825
10,164,normalize,cpu,833.544,837.416
10,164,g_a_cpu,cpu,837.42,837.891
10,164,g_a,dpu,837.893,873.27
10,164,g_a,dpu,873.272,878.976
10,164,g_a_cpu,cpu,878.977,879.397
10,164,eb_enc,cpu,879.399,884.348
10,177,normalize,cpu,884.932,888.827
10,177,g_a_cpu,cpu,888.838,889.437
10,177,g_a,dpu,889.44,909.256
10,177,g_a,dpu,909.259,925.662
10,177,g_a_cpu,cpu,925.666,926.433
10,177,eb_enc,cpu,926.438,933.108
10,182,normalize,cpu,933.887,944.515
10,182,g_a_cpu,cpu,944.524,945.123
10,182,g_a,dpu,945.128,967.44
10,182,g_a,dpu,967.444,986.007
10,182,g_a_cpu,cpu,986.009,986.421
10,182,eb_enc,cpu,986.424,991.3
10,197,normalize,cpu,991.916,995.698
10,197,g_a_cpu,cpu,995.704,996.204
10,197,g_a,dpu,996.206,1025.12
10,197,g_a,dpu,1025.12,1030.72
10,197,g_a_cpu,cpu,1030.72,1031.12
10,197,eb_enc,cpu,1031.12,1036.61
10,205,normalize,cpu,1037.21,1041.7
10,205,g_a_cpu,cpu,1041.7,1042.14
10,205,g_a,dpu,1042.15,1047.5
10,205,g_a,dpu,1047.5,1080.86
10,205,g_a_cpu,cpu,1080.86,1081.32
10,205,eb_enc,cpu,1081.32,1086.44
10,216,normalize,cpu,1087.06,1090.9
10,216,g_a_cpu,cpu,1090.91,1091.26
10,216,g_a,dpu,1091.27,1110.53
10,216,g_a,dpu,1110.53,1132.86
10,216,g_a_cpu,cpu,1132.86,1133.33
10,216,eb_enc,cpu,1133.33,1138.47
10,228,normalize,cpu,1139.06,1142.79
10,228,g_a_cpu,cpu,1142.8,1143.33
10,228,g_a,dpu,1143.33,1176.03
10,228,g_a,dpu,1176.03,1233.44
10,228,g_a_cpu,cpu,1233.44,1234.11
10,228,eb_enc,cpu,1234.11,1240.13
10,251,normalize,cpu,1255.95,1259.63
10,251,g_a_cpu,cpu,1259.64,1260.03
10,251,g_a,dpu,1260.04,1283.16
10,251,g_a,dpu,1283.16,1316.03
10,251,g_a_cpu,cpu,1316.04,1316.46
10,251,eb_enc,cpu,1316.46,1321.57
10,264,normalize,cpu,1322.44,1326.3
10,264,g_a_cpu,cpu,1326.3,1326.67
10,264,g_a,dpu,1326.67,1346.41
10,264,g_a,dpu,1346.43,1366.4
10,264,g_a_cpu,cpu,1366.4,1366.73
10,264,eb_enc,cpu,1366.73,1371.72
10,276,normalize,cpu,1372.55,1376.41
10,276,g_a_cpu,cpu,1376.41,1376.83
10,276,g_a,dpu,1376.83,1398.9
10,276,g_a,dpu,1398.9,1404.4
10,276,g_a_cpu,cpu,1404.41,1404.92
10,276,eb_enc,cpu,1404.93,1410.51
10,284,normalize,cpu,1411.7,1415.7
10,284,g_a_cpu,cpu,1415.71,1416.3
10,284,g_a,dpu,1416.3,1448.79
10,284,g_a,dpu,1448.79,1484.86
10,284,g_a_cpu,cpu,1484.86,1485.33
10,284,eb_enc,cpu,1485.33,1490.28
10,302,normalize,cpu,1491.08,1494.79
10,302,g_a_cpu,cpu,1494.79,1495.3
10,302,g_a,dpu,1495.3,1512.59
10,302,g_a,dpu,1512.6,1537.33
10,302,g_a_cpu,cpu,1537.33,1537.93
10,302,eb_enc,cpu,1537.93,1543.2
10,312,normalize,cpu,1544.31,1548.1
10,312,g_a_cpu,cpu,1548.11,1548.62
10,312,g_a,dpu,1548.63,1567.77
10,312,g_a,dpu,1567.78,1582.21
10,312,g_a_cpu,cpu,1582.21,1582.72
10,312,eb_enc,cpu,1582.73,1588
10,320,normalize,cpu,1588.59,1592.46
10,320,g_a_cpu,cpu,1592.46,1592.82
10,320,g_a,dpu,1592.82,1617.39
10,320,g_a,dpu,1617.39,1622.41
10,320,g_a_cpu,cpu,1622.41,1622.9
10,320,eb_enc,cpu,1622.9,1633.04
10,330,normalize,cpu,1640.79,1644.58
10,330,g_a_cpu,cpu,1644.59,1645.27
10,330,g_a,dpu,1645.28,1654.84
10,330,g_a,dpu,1654.84,1660.2
10,330,g_a_cpu,cpu,1660.21,1660.77
10,330,eb_enc,cpu,1660.77,1667.56
10,338,normalize,cpu,1668.34,1677.07
10,338,g_a_cpu,cpu,1677.08,1677.62
10,338,g_a,dpu,1677.63,1714.14
10,338,g_a,dpu,1714.14,1729.17
10,338,g_a_cpu,cpu,1729.17,1729.6
10,338,eb_enc,cpu,1729.6,1734.61
10,353,normalize,cpu,1735.14,1738.89
10,353,g_a_cpu,cpu,1738.89,1739.22
10,353,g_a,dpu,1739.23,1772.22
10,353,g_a,dpu,1772.22,1791.69
10,353,g_a_cpu,cpu,1791.7,1792.17
10,353,eb_enc,cpu,1792.17,1797.91
10,364,normalize,cpu,1798.69,1803.81
10,364,g_a_cpu,cpu,1803.82,1804.34
10,364,g_a,dpu,1804.35,1846.54
10,364,g_a,dpu,1846.54,1851.84
10,364,g_a_cpu,cpu,1851.84,1852.24
10,364,eb_enc,cpu,1852.24,1857.45
10,379,normalize,cpu,1858.13,1861.94
10,379,g_a_cpu,cpu,1861.94,1862.39
10,379,g_a,dpu,1862.47,1882.78
10,379,g_a,dpu,1882.78,1887.83
10,379,g_a_cpu,cpu,1887.83,1888.39
10,379,eb_enc,cpu,1888.4,1893.78
10,385,normalize,cpu,1894.36,1898.34
10,385,g_a_cpu,cpu,1898.35,1898.85
10,385,g_a,dpu,1898.86,1920.92
10,385,g_a,dpu,1920.92,1926.23
10,385,g_a_cpu,cpu,1926.23,1926.65
10,385,eb_enc,cpu,1926.65,1931.78
10,394,normalize,cpu,1932.38,1938.73
10,394,g_a_cpu,cpu,1938.74,1939.11
10,394,g_a,dpu,1939.12,1961.55
10,394,g_a,dpu,1961.55,1967.26
10,394,g_a_cpu,cpu,1967.26,1967.73
10,394,eb_enc,cpu,1967.73,1972.94
10,404,normalize,cpu,1973.71,1987.83
10,404,g_a_cpu,cpu,1987.83,1988.15
10,404,g_a,dpu,1988.15,2004.48
10,404,g_a,dpu,2004.48,2030.3
10,404,g_a_cpu,cpu,2030.31,2030.85
10,404,eb_enc,cpu,2030.85,2036.05
10,415,normalize,cpu,2036.79,2052.68
10,415,g_a_cpu,cpu,2052.69,2053.17
10,415,g_a,dpu,2053.18,2076.06
10,415,g_a,dpu,2076.06,2099.02
10,415,g_a_cpu,cpu,2099.02,2099.51
10,415,eb_enc,cpu,2099.52,2104.99
10,432,normalize,cpu,2105.89,2109.91
10,432,g_a_cpu,cpu,2109.92,2110.34
10,432,g_a,dpu,2110.35,2143.28
10,432,g_a,dpu,2143.28,2168.48
10,432,g_a_cpu,cpu,2168.48,2169
10,432,eb_enc,cpu,2169.01,2174.13
10,447,normalize,cpu,2174.96,2181.27
10,447,g_a_cpu,cpu,2181.28,2181.72
10,447,g_a,dpu,2181.72,2217.25
10,447,g_a,dpu,2217.25,2222.6
10,447,g_a_cpu,cpu,2222.6,2223.11
10,447,eb_enc,cpu,2223.12,2229.42
10,458,normalize,cpu,2230.05,2235.25
10,458,g_a_cpu,cpu,2235.26,2235.76
10,458,g_a,dpu,2235.77,2249.55
10,458,g_a,dpu,2249.56,2279.32
10,458,g_a_cpu,cpu,2279.32,2279.76
10,458,eb_enc,cpu,2279.76,2284.69
10,469,normalize,cpu,2285.41,2289.05
10,469,g_a_cpu,cpu,2289.05,2289.55
10,469,g_a,dpu,2289.56,2323.24
10,469,g_a,dpu,2323.24,2328.45
10,469,g_a_cpu,cpu,2328.45,2328.81
10,469,eb_enc,cpu,2328.81,2334.06
10,480,normalize,cpu,2334.88,2349.47
10,480,g_a_cpu,cpu,2349.47,2349.9
10,480,g_a,dpu,2349.9,2362.16
10,480,g_a,dpu,2362.17,2367.54
10,480,g_a_cpu,cpu,2367.54,2368.03
10,480,eb_enc,cpu,2368.04,2378.85
10,491,normalize,cpu,2381.41,2386.24
10,491,g_a_cpu,cpu,2386.24,2386.63
10,491,g_a,dpu,2386.64,2406.22
10,491,g_a,dpu,2406.22,2424.75
10,491,g_a_cpu,cpu,2424.76,2425.39
10,491,eb_enc,cpu,2425.4,2430.58
10,502,normalize,cpu,2431.21,2434.9
10,502,g_a_cpu,cpu,2434.91,2435.62
10,502,g_a,dpu,2435.63,2451.98
10,502,g_a,dpu,2451.99,2477.85
10,502,g_a_cpu,cpu,2477.85,2478.36
10,502,eb_enc,cpu,2478.38,2483.65
10,514,normalize,cpu,2484.5,2488.19
10,514,g_a_cpu,cpu,2488.2,2488.83
10,514,g_a,dpu,2488.83,2509.2
10,514,g_a,dpu,2509.2,2514.62
10,514,g_a_cpu,cpu,2514.62,2515.27
10,514,eb_enc,cpu,2515.28,2521.1
10,522,normalize,cpu,2522.22,2525.91
10,522,g_a_cpu,cpu,2545.2,2545.86
10,522,g_a,dpu,2545.87,2576.31
10,522,g_a,dpu,2576.31,2592.23
10,522,g_a_cpu,cpu,2592.23,2592.88
10,522,eb_enc,cpu,2592.88,2598.04
10,537,normalize,cpu,2598.67,2602.39
10,537,g_a_cpu,cpu,2602.4,2602.85
10,537,g_a,dpu,2602.85,2621.88
10,537,g_a,dpu,2621.89,2642.82
10,537,g_a_cpu,cpu,2642.82,2643.2
10,537,eb_enc,cpu,2643.2,2648.2
10,548,normalize,cpu,2649.1,2652.9
10,548,g_a_cpu,cpu,2652.91,2653.75
10,548,g_a,dpu,2653.75,2695.5
10,548,g_a,dpu,2695.51,2733.84
10,548,g_a_cpu,cpu,2733.85,2734.38
10,548,eb_enc,cpu,2734.38,2739.42
10,570,normalize,cpu,2740.32,2743.97
10,570,g_a_cpu,cpu,2743.98,2744.31
10,570,g_a,dpu,2744.31,2773.92
10,570,g_a,dpu,2773.92,2810.91
10,570,g_a_cpu,cpu,2810.91,2811.38
10,570,eb_enc,cpu,2811.39,2816.19
10,587,normalize,cpu,2816.75,2820.5
10,587,g_a_cpu,cpu,2820.51,2821.41
10,587,g_a,dpu,2821.41,2882.22
10,587,g_a,dpu,2882.23,2887.86
10,587,g_a_cpu,cpu,2887.86,2888.28
10,587,eb_enc,cpu,2888.28,2893.45
10,600,normalize,cpu,2894.26,2898.05
10,600,g_a_cpu,cpu,2898.05,2898.58
10,600,g_a,dpu,2898.59,2922.75
10,600,g_a,dpu,2922.75,2927.86
10,600,g_a_cpu,cpu,2927.87,2928.23
10,600,eb_enc,cpu,2928.23,2933.63
10,608,normalize,cpu,2934.28,2938.12
10,608,g_a_cpu,cpu,2938.12,2938.5
10,608,g_a,dpu,2938.51,2970.91
10,608,g_a,dpu,2970.92,2993.97
10,608,g_a_cpu,cpu,2993.97,2994.5
10,608,eb_enc,cpu,2994.5,2999.56
10,622,normalize,cpu,3000.39,3005.02
10,622,g_a_cpu,cpu,3005.02,3005.72
10,622,g_a,dpu,3005.73,3025.57
10,622,g_a,dpu,3025.57,3040.56
10,622,g_a_cpu,cpu,3040.56,3040.97
10,622,eb_enc,cpu,3040.98,3045.98
10,632,normalize,cpu,3046.58,3050.33
10,632,g_a_cpu,cpu,3050.34,3051.01
10,632,g_a,dpu,3051.01,3069.25
10,632,g_a,dpu,3069.26,3075.1
10,632,g_a_cpu,cpu,3075.1,3075.69
10,632,eb_enc,cpu,3075.69,3080.96
10,641,normalize,cpu,3081.66,3085.34
10,641,g_a_cpu,cpu,3085.35,3085.94
10,641,g_a,dpu,3085.94,3106.13
10,641,g_a,dpu,3106.13,3111.31
10,641,g_a_cpu,cpu,3111.31,3111.91
10,641,eb_enc,cpu,3111.91,3117.94
10,646,normalize,cpu,3118.55,3123.01
10,646,g_a_cpu,cpu,3123.01,3123.55
10,646,g_a,dpu,3123.56,3165.62
10,646,g_a,dpu,3165.63,3170.89
10,646,g_a_cpu,cpu,3170.89,3171.39
10,646,eb_enc,cpu,3171.39,3176.5
10,662,normalize,cpu,3177.19,3180.81
10,662,g_a_cpu,cpu,3180.81,3183.85
10,662,g_a,dpu,3183.85,3206.27
10,662,g_a,dpu,3206.27,3225.28
10,662,g_a_cpu,cpu,3225.28,3225.64
10,662,eb_enc,cpu,3225.64,3230.54
10,672,normalize,cpu,3231.04,3234.82
10,672,g_a_cpu,cpu,3234.82,3235.29
10,672,g_a,dpu,3235.3,3259.45
10,672,g_a,dpu,3259.45,3264.68
10,672,g_a_cpu,cpu,3264.68,3265.07
10,672,eb_enc,cpu,3265.08,3270.34
10,683,normalize,cpu,3271.09,3275.06
10,683,g_a_cpu,cpu,3275.07,3275.43
10,683,g_a,dpu,3275.44,3293.42
10,683,g_a,dpu,3293.42,3315.51
10,683,g_a_cpu,cpu,3315.51,3315.97
10,683,eb_enc,cpu,3315.97,3321.41
10,693,normalize,cpu,3321.92,3325.85
10,693,g_a_cpu,cpu,3325.86,3326.28
10,693,g_a,dpu,3326.28,3359.92
10,693,g_a,dpu,3359.93,3394.68
10,693,g_a_cpu,cpu,3394.68,3395.27
10,693,eb_enc,cpu,3395.27,3400.2
10,711,normalize,cpu,3400.65,3404.58
10,711,g_a_cpu,cpu,3404.58,3405.25
10,711,g_a,dpu,3405.26,3411.13
10,711,g_a,dpu,3411.13,3429.18
10,711,g_a_cpu,cpu,3429.19,3429.78
10,711,eb_enc,cpu,3429.79,3435.11
10,718,normalize,cpu,3435.68,3439.53
10,718,g_a_cpu,cpu,3439.53,3439.95
10,718,g_a,dpu,3439.96,3482.68
10,718,g_a,dpu,3482.69,3489.5
10,718,g_a_cpu,cpu,3489.51,3490.06
10,718,eb_enc,cpu,3490.06,3495.41
10,731,normalize,cpu,3496.23,3499.91
10,731,g_a_cpu,cpu,3499.91,3500.29
10,731,g_a,dpu,3500.29,3515.96
10,731,g_a,dpu,3515.96,3521.07
10,731,g_a_cpu,cpu,3521.07,3521.73
10,731,eb_enc,cpu,3521.73,3527.04
10,738,normalize,cpu,3527.7,3531.36
10,738,g_a_cpu,cpu,3531.37,3531.93
10,738,g_a,dpu,3531.94,3547.3
10,738,g_a,dpu,3547.31,3552.78
10,738,g_a_cpu,cpu,3552.78,3553.44
10,738,eb_enc,cpu,3553.45,3562.85
10,744,normalize,cpu,3563.52,3572.89
10,744,g_a_cpu,cpu,3572.89,3573.45
10,744,g_a,dpu,3573.46,3605.31
10,744,g_a,dpu,3605.31,3614.67
10,744,g_a_cpu,cpu,3614.68,3615.41
10,744,eb_enc,cpu,3615.42,3621.64
10,757,normalize,cpu,3622.36,3626.15
10,757,g_a_cpu,cpu,3626.16,3626.6
10,757,g_a,dpu,3626.61,3657.97
10,757,g_a,dpu,3657.97,3677.07
10,757,g_a_cpu,cpu,3677.07,3677.65
10,757,eb_enc,cpu,3677.65,3682.62
10,768,normalize,cpu,3683.27,3690.25
10,768,g_a_cpu,cpu,3690.25,3690.72
10,768,g_a,dpu,3690.72,3696.98
10,768,g_a,dpu,3696.99,3712.73
10,768,g_a_cpu,cpu,3712.73,3713.41
10,768,eb_enc,cpu,3713.42,3720.48
10,776,normalize,cpu,3721.28,3725.66
10,776,g_a_cpu,cpu,3725.66,3726.13
10,776,g_a,dpu,3726.13,3733.31
10,776,g_a,dpu,3733.31,3739
10,776,g_a_cpu,cpu,3739,3739.56
10,776,eb_enc,cpu,3739.56,3747.9
10,783,normalize,cpu,3748.44,3755.4
10,783,g_a_cpu,cpu,3755.4,3755.86
10,783,g_a,dpu,3755.87,3761.58
10,783,g_a,dpu,3761.58,3767.09
10,783,g_a_cpu,cpu,3767.09,3767.75
10,783,eb_enc,cpu,3767.75,3773.72
10,791,normalize,cpu,3784.33,3788.04
10,791,g_a_cpu,cpu,3788.04,3788.83
10,791,g_a,dpu,3788.84,3818.06
10,791,g_a,dpu,3818.06,3838.91
10,791,g_a_cpu,cpu,3838.91,3839.41
10,791,eb_enc,cpu,3839.41,3844.57
10,806,normalize,cpu,3845.12,3848.85
10,806,g_a_cpu,cpu,3848.86,3849.47
10,806,g_a,dpu,3849.47,3875.13
10,806,g_a,dpu,3875.13,3892.45
10,806,g_a_cpu,cpu,3892.46,3892.84
10,806,eb_enc,cpu,3892.84,3897.8
10,819,normalize,cpu,3898.32,3902.29
10,819,g_a_cpu,cpu,3902.29,3902.65
10,819,g_a,dpu,3902.65,3920.91
10,819,g_a,dpu,3920.91,3935.5
10,819,g_a_cpu,cpu,3935.5,3935.85
10,819,eb_enc,cpu,3935.85,3940.73
10,828,normalize,cpu,3941.45,3945.18
10,828,g_a_cpu,cpu,3945.18,3945.64
10,828,g_a,dpu,3945.65,3951.11
10,828,g_a,dpu,3951.11,3970.56
10,828,g_a_cpu,cpu,3970.57,3971
10,828,eb_enc,cpu,3971,3976.18
10,835,normalize,cpu,3976.69,3981.11
10,835,g_a_cpu,cpu,3981.12,3981.59
10,835,g_a,dpu,3981.6,4039.45
10,835,g_a,dpu,4039.45,4064.57
10,835,g_a_cpu,cpu,4064.58,4065.06
10,835,eb_enc,cpu,4065.07,4070.13
10,857,normalize,cpu,4070.52,4074.16
10,857,g_a_cpu,cpu,4074.17,4074.78
10,857,g_a,dpu,4074.78,4080.32
10,857,g_a,dpu,4080.32,4101.19
10,857,g_a_cpu,cpu,4101.19,4101.95
10,857,eb_enc,cpu,4101.96,4108.17
10,864,normalize,cpu,4108.98,4121.2
10,864,g_a_cpu,cpu,4121.21,4121.77
10,864,g_a,dpu,4121.77,4157.48
10,864,g_a,dpu,4157.48,4172.31
10,864,g_a_cpu,cpu,4172.32,4172.72
10,864,eb_enc,cpu,4172.72,4177.61
10,880,normalize,cpu,4178.19,4182.46
10,880,g_a_cpu,cpu,4182.47,4182.8
10,880,g_a,dpu,4182.8,4206.39
10,880,g_a,dpu,4206.39,4220.7
10,880,g_a_cpu,cpu,4220.71,4221.34
10,880,eb_enc,cpu,4221.35,4226.27
10,891,normalize,cpu,4226.75,4230.42
10,891,g_a_cpu,cpu,4230.43,4231.01
10,891,g_a,dpu,4231.01,4236.41
10,891,g_a,dpu,4236.41,4241.56
10,891,g_a_cpu,cpu,4241.56,4242.24
10,891,eb_enc,cpu,4242.24,4247.3
10,896,normalize,cpu,4248.34,4252
10,896,g_a_cpu,cpu,4252.01,4252.67
10,896,g_a,dpu,4252.67,4275.02
10,896,g_a,dpu,4275.02,4301.6
10,896,g_a_cpu,cpu,4301.6,4302.44
10,896,eb_enc,cpu,4302.44,4307.64
10,910,normalize,cpu,4308.47,4312.15
10,910,g_a_cpu,cpu,4312.15,4312.79
10,910,g_a,dpu,4312.8,4354.91
10,910,g_a,dpu,4354.92,4378.41
10,910,g_a_cpu,cpu,4378.41,4378.93
10,910,eb_enc,cpu,4378.93,4383.98
10,927,normalize,cpu,4384.61,4388.38
10,927,g_a_cpu,cpu,4388.38,4388.73
10,927,g_a,dpu,4388.73,4403.86
10,927,g_a,dpu,4403.86,4429.8
10,927,g_a_cpu,cpu,4429.8,4430.15
10,927,eb_enc,cpu,4430.15,4434.88
11,11,normalize,cpu,81.8045,87.797
11,11,g_a_cpu,cpu,87.9856,88.6651
11,11,g_a,dpu,88.6753,134.398
11,11,g_a,dpu,134.406,144.913
11,11,g_a_cpu,cpu,144.916,145.357
11,11,eb_enc,cpu,145.367,153.595
11,23,normalize,cpu,154.515,168.424
11,23,g_a_cpu,cpu,168.428,168.81
11,23,g_a,dpu,168.814,182.415
11,23,g_a,dpu,182.421,198.449
11,23,g_a_cpu,cpu,198.451,198.933
11,23,eb_enc,cpu,198.936,204.247
11,34,normalize,cpu,205.113,208.784
11,34,g_a_cpu,cpu,208.788,209.515
11,34,g_a,dpu,209.52,225.834
11,34,g_a,dpu,225.835,237.446
11,34,g_a_cpu,cpu,237.45,238.039
11,34,eb_enc,cpu,238.054,243.468
11,42,normalize,cpu,244.163,247.875
11,42,g_a_cpu,cpu,247.882,248.436
11,42,g_a,dpu,248.441,273.927
11,42,g_a,dpu,273.928,288.949
11,42,g_a_cpu,cpu,288.952,289.457
11,42,eb_enc,cpu,289.46,294.57
11,52,normalize,cpu,295.205,298.941
11,52,g_a_cpu,cpu,298.947,299.652
11,52,g_a,dpu,299.656,348.1
11,52,g_a,dpu,348.103,354.266
11,52,g_a_cpu,cpu,354.27,354.904
11,52,eb_enc,cpu,354.906,360.021
11,64,normalize,cpu,361.139,364.991
11,64,g_a_cpu,cpu,364.999,367.32
11,64,g_a,dpu,367.327,407.679
11,64,g_a,dpu,407.689,417.47
11,64,g_a_cpu,cpu,417.474,418.136
11,64,eb_enc,cpu,418.139,423.038
11,76,normalize,cpu,423.844,428.392
11,76,g_a_cpu,cpu,428.398,428.977
11,76,g_a,dpu,428.979,449.527
11,76,g_a,dpu,449.528,483.33
11,76,g_a_cpu,cpu,483.331,483.804
11,76,eb_enc,cpu,483.806,488.895
11,91,normalize,cpu,489.467,493.117
11,91,g_a_cpu,cpu,493.119,494.857
11,91,g_a,dpu,494.861,541.374
11,91,g_a,dpu,541.376,557.418
11,91,g_a_cpu,cpu,557.42,557.826
11,91,eb_enc,cpu,557.828,562.875
11,108,normalize,cpu,564.516,568.194
11,108,g_a_cpu,cpu,568.198,568.562
11,108,g_a,dpu,568.565,616.902
11,108,g_a,dpu,616.903,643.296
11,108,g_a_cpu,cpu,643.3,644.249
11,108,eb_enc,cpu,644.253,650.05
11,125,normalize,cpu,650.807,654.556
11,125,g_a_cpu,cpu,654.562,655.113
11,125,g_a,dpu,655.12,671.246
11,125,g_a,dpu,671.25,705.313
11,125,g_a_cpu,cpu,705.315,705.78
11,125,eb_enc,cpu,705.782,710.828
11,137,normalize,cpu,711.307,715.131
11,137,g_a_cpu,cpu,715.14,715.648
11,137,g_a,dpu,715.652,742.48
11,137,g_a,dpu,742.482,748.23
11,137,g_a_cpu,cpu,748.231,749.032
11,137,eb_enc,cpu,749.057,757.909
11,146,normalize,cpu,758.544,762.236
11,146,g_a_cpu,cpu,762.242,762.705
11,146,g_a,dpu,762.708,772.715
11,146,g_a,dpu,772.717,801.412
11,146,g_a_cpu,cpu,801.413,802.055
11,146,eb_enc,cpu,802.06,807.727
11,159,normalize,cpu,808.64,812.391
11,159,g_a_cpu,cpu,812.394,813.488
11,159,g_a,dpu,813.492,897.955
11,159,g_a,dpu,897.959,931.909
11,159,g_a_cpu,cpu,931.914,932.646
11,159,eb_enc,cpu,932.649,937.613
11,185,normalize,cpu,938.037,946.485
11,185,g_a_cpu,cpu,946.497,947.027
11,185,g_a,dpu,947.032,968.168
11,185,g_a,dpu,968.17,977.47
11,185,g_a_cpu,cpu,977.471,977.964
11,185,eb_enc,cpu,977.966,983.009
11,194,normalize,cpu,983.713,998.365
11,194,g_a_cpu,cpu,998.369,999.702
11,194,g_a,dpu,999.706,1020.18
11,194,g_a,dpu,1020.18,1046.78
11,194,g_a_cpu,cpu,1046.78,1047.19
11,194,eb_enc,cpu,1047.19,1052.11
11,210,normalize,cpu,1052.99,1056.84
11,210,g_a_cpu,cpu,1056.84,1057.34
11,210,g_a,dpu,1057.35,1094.95
11,210,g_a,dpu,1094.96,1105.95
11,210,g_a_cpu,cpu,1105.95,1106.42
11,210,eb_enc,cpu,1106.43,1111.64
11,221,normalize,cpu,1112.22,1116.2
11,221,g_a_cpu,cpu,1116.21,1116.7
11,221,g_a,dpu,1116.71,1170.68
11,221,g_a,dpu,1170.68,1191.57
11,221,g_a_cpu,cpu,1191.58,1192.12
11,221,eb_enc,cpu,1192.12,1197.41
11,238,normalize,cpu,1198.15,1201.91
11,238,g_a_cpu,cpu,1201.92,1202.34
11,238,g_a,dpu,1202.34,1224.73
11,238,g_a,dpu,1224.73,1242.65
11,238,g_a_cpu,cpu,1242.66,1243.38
11,238,eb_enc,cpu,1243.38,1248.61
11,249,normalize,cpu,1254.59,1258.3
11,249,g_a_cpu,cpu,1258.31,1258.87
11,249,g_a,dpu,1258.88,1270.81
11,249,g_a,dpu,1270.82,1276.3
11,249,g_a_cpu,cpu,1276.3,1276.76
11,249,eb_enc,cpu,1276.77,1282
11,256,normalize,cpu,1285.41,1289.06
11,256,g_a_cpu,cpu,1289.07,1289.54
11,256,g_a,dpu,1289.55,1301.5
11,256,g_a,dpu,1301.51,1330.27
11,256,g_a_cpu,cpu,1330.27,1330.66
11,256,eb_enc,cpu,1330.66,1335.53
11,268,normalize,cpu,1336.04,1339.73
11,268,g_a_cpu,cpu,1339.73,1340.04
11,268,g_a,dpu,1340.04,1367.75
11,268,g_a,dpu,1367.75,1396.13
11,268,g_a_cpu,cpu,1396.13,1396.66
11,268,eb_enc,cpu,1396.66,1401.76
11,282,normalize,cpu,1402.47,1406.12
11,282,g_a_cpu,cpu,1406.12,1406.48
11,282,g_a,dpu,1406.49,1412.11
11,282,g_a,dpu,1412.13,1443.64
11,282,g_a_cpu,cpu,1443.64,1444.38
11,282,eb_enc,cpu,1444.38,1449.92
11,294,normalize,cpu,1450.84,1454.67
11,294,g_a_cpu,cpu,1454.68,1455.32
11,294,g_a,dpu,1455.33,1489.4
11,294,g_a,dpu,1489.4,1510.8
11,294,g_a_cpu,cpu,1510.8,1511.6
11,294,eb_enc,cpu,1511.6,1517.43
11,306,normalize,cpu,1518.29,1522.09
11,306,g_a_cpu,cpu,1522.09,1522.56
11,306,g_a,dpu,1522.56,1537.43
11,306,g_a,dpu,1537.43,1585.19
11,306,g_a_cpu,cpu,1585.19,1585.64
11,306,eb_enc,cpu,1585.64,1590.63
11,322,normalize,cpu,1591.16,1594.92
11,322,g_a_cpu,cpu,1594.92,1595.48
11,322,g_a,dpu,1595.49,1618.57
11,322,g_a,dpu,1618.57,1638.15
11,322,g_a_cpu,cpu,1638.16,1638.59
11,322,eb_enc,cpu,1638.6,1643.58
11,334,normalize,cpu,1644.13,1647.84
11,334,g_a_cpu,cpu,1647.84,1648.48
11,334,g_a,dpu,1648.49,1666.95
11,334,g_a,dpu,1666.95,1683.75
11,334,g_a_cpu,cpu,1683.75,1684.27
11,334,eb_enc,cpu,1684.27,1689.32
11,343,normalize,cpu,1690.19,1693.93
11,343,g_a_cpu,cpu,1693.94,1694.4
11,343,g_a,dpu,1694.4,1720.69
11,343,g_a,dpu,1720.7,1758.38
11,343,g_a_cpu,cpu,1758.38,1759.02
11,343,eb_enc,cpu,1759.03,1764.52
11,358,normalize,cpu,1765.45,1769.1
11,358,g_a_cpu,cpu,1769.11,1769.81
11,358,g_a,dpu,1769.81,1815.43
11,358,g_a,dpu,1815.43,1826.53
11,358,g_a_cpu,cpu,1826.53,1827.01
11,358,eb_enc,cpu,1827.01,1831.97
11,373,normalize,cpu,1832.55,1836.24
11,373,g_a_cpu,cpu,1836.24,1836.57
11,373,g_a,dpu,1836.57,1854.86
11,373,g_a,dpu,1854.87,1860.76
11,373,g_a_cpu,cpu,1860.76,1861.21
11,373,eb_enc,cpu,1861.21,1867.21
11,381,normalize,cpu,1867.78,1871.49
11,381,g_a_cpu,cpu,1871.49,1871.82
11,381,g_a,dpu,1871.83,1892.53
11,381,g_a,dpu,1892.53,1905.51
11,381,g_a_cpu,cpu,1905.51,1906
11,381,eb_enc,cpu,1906,1913.73
11,390,normalize,cpu,1914.39,1918.91
11,390,g_a_cpu,cpu,1918.91,1919.36
11,390,g_a,dpu,1919.37,1937.36
11,390,g_a,dpu,1937.36,1942.97
11,390,g_a_cpu,cpu,1942.98,1943.53
11,390,eb_enc,cpu,1943.53,1948.86
11,399,normalize,cpu,1949.71,1953.4
11,399,g_a_cpu,cpu,1953.41,1953.81
11,399,g_a,dpu,1953.81,1991.17
11,399,g_a,dpu,1991.17,2011.69
11,399,g_a_cpu,cpu,2011.69,2012.14
11,399,eb_enc,cpu,2012.14,2017.23
11,412,normalize,cpu,2017.84,2021.62
11,412,g_a_cpu,cpu,2021.62,2022.04
11,412,g_a,dpu,2022.04,2049.89
11,412,g_a,dpu,2049.89,2065.47
11,412,g_a_cpu,cpu,2065.47,2065.97
11,412,eb_enc,cpu,2065.97,2070.99
11,424,normalize,cpu,2071.75,2075.48
11,424,g_a_cpu,cpu,2075.48,2075.9
11,424,g_a,dpu,2075.9,2100.68
11,424,g_a,dpu,2100.68,2106.75
11,424,g_a_cpu,cpu,2106.75,2107.15
11,424,eb_enc,cpu,2107.16,2112.15
11,434,normalize,cpu,2113.05,2116.74
11,434,g_a_cpu,cpu,2116.75,2117.1
11,434,g_a,dpu,2117.1,2142.53
11,434,g_a,dpu,2142.53,2178.3
11,434,g_a_cpu,cpu,2178.3,2178.91
11,434,eb_enc,cpu,2178.91,2183.95
11,449,normalize,cpu,2184.64,2188.29
11,449,g_a_cpu,cpu,2188.29,2188.74
11,449,g_a,dpu,2188.74,2261.43
11,449,g_a,dpu,2261.43,2283.48
11,449,g_a_cpu,cpu,2283.49,2283.86
11,449,eb_enc,cpu,2283.86,2288.85
11,470,normalize,cpu,2289.58,2294.06
11,470,g_a_cpu,cpu,2294.07,2294.68
11,470,g_a,dpu,2294.69,2345.27
11,470,g_a,dpu,2345.27,2371.44
11,470,g_a_cpu,cpu,2371.44,2371.81
11,470,eb_enc,cpu,2371.82,2376.9
11,489,normalize,cpu,2379.61,2383.36
11,489,g_a_cpu,cpu,2383.37,2383.8
11,489,g_a,dpu,2383.8,2399.31
11,489,g_a,dpu,2399.32,2419.15
11,489,g_a_cpu,cpu,2419.15,2419.53
11,489,eb_enc,cpu,2419.54,2424.5
11,500,normalize,cpu,2428.71,2433.39
11,500,g_a_cpu,cpu,2433.39,2433.8
11,500,g_a,dpu,2433.81,2465.05
11,500,g_a,dpu,2465.05,2486.23
11,500,g_a_cpu,cpu,2486.23,2486.99
11,500,eb_enc,cpu,2486.99,2499.51
11,520,normalize,cpu,2500.03,2503.71
11,520,g_a_cpu,cpu,2503.72,2504.06
11,520,g_a,dpu,2504.06,2526.22
11,520,g_a,dpu,2526.22,2557.4
11,520,g_a_cpu,cpu,2557.4,2557.88
11,520,eb_enc,cpu,2557.89,2562.82
11,531,normalize,cpu,2563.61,2567.44
11,531,g_a_cpu,cpu,2567.45,2567.96
11,531,g_a,dpu,2567.96,2587.89
11,531,g_a,dpu,2587.89,2597.42
11,531,g_a_cpu,cpu,2597.42,2597.85
11,531,eb_enc,cpu,2597.85,2603.47
11,539,normalize,cpu,2603.96,2608.46
11,539,g_a_cpu,cpu,2608.47,2609.12
11,539,g_a,dpu,2609.12,2632.7
11,539,g_a,dpu,2632.71,2638.2
11,539,g_a_cpu,cpu,2638.2,2638.81
11,539,eb_enc,cpu,2638.82,2643.84
11,547,normalize,cpu,2644.37,2648.17
11,547,g_a_cpu,cpu,2648.18,2648.8
11,547,g_a,dpu,2648.81,2685.52
11,547,g_a,dpu,2685.52,2691.67
11,547,g_a_cpu,cpu,2691.67,2692.25
11,547,eb_enc,cpu,2692.26,2697.42
11,559,normalize,cpu,2698.09,2707.18
11,559,g_a_cpu,cpu,2707.18,2707.8
11,559,g_a,dpu,2707.8,2734.64
11,559,g_a,dpu,2734.64,2756.09
11,559,g_a_cpu,cpu,2756.09,2756.45
11,559,eb_enc,cpu,2756.46,2761.36
11,575,normalize,cpu,2761.9,2770.46
11,575,g_a_cpu,cpu,2770.48,2771.03
11,575,g_a,dpu,2771.03,2792.26
11,575,g_a,dpu,2792.27,2817.38
11,575,g_a_cpu,cpu,2817.39,2817.97
11,575,eb_enc,cpu,2817.97,2823.43
11,588,normalize,cpu,2824.28,2836.03
11,588,g_a_cpu,cpu,2836.04,2836.53
11,588,g_a,dpu,2836.53,2842.45
11,588,g_a,dpu,2842.45,2890.79
11,588,g_a_cpu,cpu,2890.79,2891.25
11,588,eb_enc,cpu,2891.25,2896.28
11,601,normalize,cpu,2896.84,2900.67
11,601,g_a_cpu,cpu,2900.68,2901.18
11,601,g_a,dpu,2901.18,2924.86
11,601,g_a,dpu,2924.86,2966.31
11,601,g_a_cpu,cpu,2966.31,2966.73
11,601,eb_enc,cpu,2966.73,2972.64
11,616,normalize,cpu,2973.26,2977.09
11,616,g_a_cpu,cpu,2977.09,2977.5
11,616,g_a,dpu,2977.5,3006.69
11,616,g_a,dpu,3006.7,3036.48
11,616,g_a_cpu,cpu,3036.48,3037.07
11,616,eb_enc,cpu,3037.08,3042.1
11,631,normalize,cpu,3042.84,3046.74
11,631,g_a_cpu,cpu,3046.74,3047.07
11,631,g_a,dpu,3047.07,3091.78
11,631,g_a,dpu,3091.78,3124.75
11,631,g_a_cpu,cpu,3124.75,3125.21
11,631,eb_enc,cpu,3125.21,3130.42
11,650,normalize,cpu,3131.1,3134.85
11,650,g_a_cpu,cpu,3134.86,3135.19
11,650,g_a,dpu,3135.19,3154.22
11,650,g_a,dpu,3154.22,3160.17
11,650,g_a_cpu,cpu,3160.17,3163.4
11,650,eb_enc,cpu,3163.4,3170.5
11,660,normalize,cpu,3171.33,3175.89
11,660,g_a_cpu,cpu,3175.89,3176.37
11,660,g_a,dpu,3176.38,3194
11,660,g_a,dpu,3194,3233.21
11,660,g_a_cpu,cpu,3233.21,3233.74
11,660,eb_enc,cpu,3233.74,3243.64
11,674,normalize,cpu,3244.49,3248.19
11,674,g_a_cpu,cpu,3248.19,3248.56
11,674,g_a,dpu,3248.56,3273.08
11,674,g_a,dpu,3273.09,3289.54
11,674,g_a_cpu,cpu,3289.54,3290.03
11,674,eb_enc,cpu,3290.03,3295.16
11,688,normalize,cpu,3295.76,3299.5
11,688,g_a_cpu,cpu,3299.51,3299.9
11,688,g_a,dpu,3299.91,3343.21
11,688,g_a,dpu,3343.21,3365.51
11,688,g_a_cpu,cpu,3365.52,3366.4
11,688,eb_enc,cpu,3366.41,3372.4
11,703,normalize,cpu,3373.07,3376.85
11,703,g_a_cpu,cpu,3376.85,3384.32
11,703,g_a,dpu,3384.32,3390.71
11,703,g_a,dpu,3390.71,3402.46
11,703,g_a_cpu,cpu,3402.46,3402.99
11,703,eb_enc,cpu,3402.99,3408.41
11,713,normalize,cpu,3409.37,3413.2
11,713,g_a_cpu,cpu,3413.21,3413.6
11,713,g_a,dpu,3413.61,3438.1
11,713,g_a,dpu,3438.1,3465.31
11,713,g_a_cpu,cpu,3465.31,3465.71
11,713,eb_enc,cpu,3465.71,3474.32
11,725,normalize,cpu,3475.06,3478.8
11,725,g_a_cpu,cpu,3478.81,3479.17
11,725,g_a,dpu,3479.18,3506.01
11,725,g_a,dpu,3506.01,3545.38
11,725,g_a_cpu,cpu,3545.39,3545.88
11,725,eb_enc,cpu,3545.88,3551.36
11,742,normalize,cpu,3552.13,3555.85
11,742,g_a_cpu,cpu,3555.86,3556.32
11,742,g_a,dpu,3556.32,3599.16
11,742,g_a,dpu,3599.17,3605.12
11,742,g_a_cpu,cpu,3605.12,3605.56
11,742,eb_enc,cpu,3605.56,3611.07
11,756,normalize,cpu,3611.98,3616.27
11,756,g_a_cpu,cpu,3616.28,3616.8
11,756,g_a,dpu,3616.81,3660.35
11,756,g_a,dpu,3660.35,3693.75
11,756,g_a_cpu,cpu,3693.75,3694.13
11,756,eb_enc,cpu,3694.13,3699.38
11,773,normalize,cpu,3699.93,3703.77
11,773,g_a_cpu,cpu,3703.77,3704.09
11,773,g_a,dpu,3704.1,3730.47
11,773,g_a,dpu,3730.47,3759.03
11,773,g_a_cpu,cpu,3759.03,3759.46
11,773,eb_enc,cpu,3759.46,3764.65
11,788,normalize,cpu,3773.28,3776.99
11,788,g_a_cpu,cpu,3776.99,3777.44
11,788,g_a,dpu,3777.45,3797.25
11,788,g_a,dpu,3797.25,3818.94
11,788,g_a_cpu,cpu,3818.95,3819.53
11,788,eb_enc,cpu,3819.53,3824.64
11,801,normalize,cpu,3825.47,3829.12
11,801,g_a_cpu,cpu,3829.12,3830
11,801,g_a,dpu,3830,3874.9
11,801,g_a,dpu,3874.91,3891.11
11,801,g_a_cpu,cpu,3891.11,3891.49
11,801,eb_enc,cpu,3891.5,3896.42
11,818,normalize,cpu,3896.97,3900.83
11,818,g_a_cpu,cpu,3900.84,3901.26
11,818,g_a,dpu,3901.26,3923.47
11,818,g_a,dpu,3923.48,3951.66
11,818,g_a_cpu,cpu,3951.66,3952.18
11,818,eb_enc,cpu,3952.18,3957.27
11,831,normalize,cpu,3957.82,3961.65
11,831,g_a_cpu,cpu,3961.65,3962.24
11,831,g_a,dpu,3962.24,3989.58
11,831,g_a,dpu,3989.58,4018.51
11,831,g_a_cpu,cpu,4018.51,4018.95
11,831,eb_enc,cpu,4018.96,4023.95
11,846,normalize,cpu,4024.48,4028.16
11,846,g_a_cpu,cpu,4028.16,4028.51
11,846,g_a,dpu,4028.52,4047.35
11,846,g_a,dpu,4047.36,4073.41
11,846,g_a_cpu,cpu,4073.41,4073.91
11,846,eb_enc,cpu,4073.92,4078.85
11,858,normalize,cpu,4079.33,4083.11
11,858,g_a_cpu,cpu,4083.11,4083.45
11,858,g_a,dpu,4083.45,4103.22
11,858,g_a,dpu,4103.22,4122.63
11,858,g_a_cpu,cpu,4122.63,4122.99
11,858,eb_enc,cpu,4122.99,4127.91
11,869,normalize,cpu,4128.42,4132.22
11,869,g_a_cpu,cpu,4132.23,4132.66
11,869,g_a,dpu,4132.66,4152.61
11,869,g_a,dpu,4152.61,4168.87
11,869,g_a_cpu,cpu,4168.87,4169.56
11,869,eb_enc,cpu,4169.56,4174.5
11,879,normalize,cpu,4175,4178.76
11,879,g_a_cpu,cpu,4178.76,4179.34
11,879,g_a,dpu,4179.35,4215.44
11,879,g_a,dpu,4215.44,4246.8
11,879,g_a_cpu,cpu,4246.8,4247.3
11,879,eb_enc,cpu,4247.3,4254.43
11,897,normalize,cpu,4254.99,4258.73
11,897,g_a_cpu,cpu,4258.74,4259.18
11,897,g_a,dpu,4259.18,4264.82
11,897,g_a,dpu,4264.82,4290.47
11,897,g_a_cpu,cpu,4290.47,4290.94
11,897,eb_enc,cpu,4290.94,4295.96
11,906,normalize,cpu,4296.85,4300.51
11,906,g_a_cpu,cpu,4300.52,4300.88
11,906,g_a,dpu,4300.88,4328.92
11,906,g_a,dpu,4328.92,4335.05
11,906,g_a_cpu,cpu,4335.05,4335.54
11,906,eb_enc,cpu,4335.54,4346.71
11,918,normalize,cpu,4347.32,4352.66
11,918,g_a_cpu,cpu,4352.67,4353.01
11,918,g_a,dpu,4353.01,4358.6
11,918,g_a,dpu,4358.6,4381.03
11,918,g_a_cpu,cpu,4381.04,4381.52
11,918,eb_enc,cpu,4381.53,4387.59
