lane,patch,stage,kind,t0_ms,t1_ms
-1,0,read,read,0.24934,65.529
-1,1,read,read,65.7077,286.781
-1,2,read,read,286.827,409.27
-1,3,read,read,409.296,564.397
-1,4,read,read,564.417,661.549
-1,5,read,read,825.024,940.313
-1,6,read,read,1103.87,1204.4
-1,7,read,read,1381.53,1505.95
-1,8,read,read,1654.74,1784.47
-1,9,read,read,1919.71,2010.36
-1,10,read,read,2182.09,2264.33
-1,11,read,read,2467.83,2525.05
-1,12,read,read,2738.49,2813.53
-1,13,read,read,3004.1,3129.65
-1,14,read,read,3267.38,3329.54
-1,15,read,read,3532.01,3607.8
0,0,normalize,cpu,66.1027,69.8439
0,0,g_a_cpu,cpu,70.1501,70.5816
0,0,g_a,dpu,70.6239,80.4378
0,0,g_a,dpu,80.4433,89.9313
0,0,g_a_cpu,cpu,89.9323,90.2741
0,0,eb_enc,cpu,90.2848,105.65
0,21,normalize,cpu,106.579,110.268
0,21,g_a_cpu,cpu,110.275,110.696
0,21,g_a,dpu,110.698,156.729
0,21,g_a,dpu,156.737,231.117
0,21,g_a_cpu,cpu,231.119,231.846
0,21,eb_enc,cpu,231.851,237.367
0,50,normalize,cpu,238.562,242.201
0,50,g_a_cpu,cpu,242.204,242.714
0,50,g_a,dpu,242.717,248.08
0,50,g_a,dpu,248.083,278.135
0,50,g_a_cpu,cpu,278.138,278.639
0,50,eb_enc,cpu,278.653,284.007
0,58,normalize,cpu,287.419,291.259
0,58,g_a_cpu,cpu,291.264,291.618
0,58,g_a,dpu,291.621,342.84
0,58,g_a,dpu,342.844,416.785
0,58,g_a_cpu,cpu,416.787,417.359
0,58,eb_enc,cpu,417.365,422.384
0,86,normalize,cpu,422.979,428.18
0,86,g_a_cpu,cpu,428.184,428.91
0,86,g_a,dpu,428.913,451.126
0,86,g_a,dpu,451.128,456.293
0,86,g_a_cpu,cpu,456.294,456.706
0,86,eb_enc,cpu,456.708,462.379
0,95,normalize,cpu,463.619,468.134
0,95,g_a_cpu,cpu,468.146,468.847
0,95,g_a,dpu,468.852,524.197
0,95,g_a,dpu,524.217,559.742
0,95,g_a_cpu,cpu,559.745,560.621
0,95,eb_enc,cpu,560.627,566.663
0,117,normalize,cpu,567.509,571.182
0,117,g_a_cpu,cpu,571.186,571.844
0,117,g_a,dpu,571.847,612.036
0,117,g_a,dpu,612.039,661.771
0,117,g_a_cpu,cpu,661.772,662.161
0,117,eb_enc,cpu,662.163,667.975
0,139,normalize,cpu,668.627,675.837
0,139,g_a_cpu,cpu,675.843,676.435
0,139,g_a,dpu,676.438,681.724
0,139,g_a,dpu,681.726,687.404
0,139,g_a_cpu,cpu,687.411,688.009
0,139,eb_enc,cpu,688.014,699.893
0,145,normalize,cpu,700.831,709.201
0,145,g_a_cpu,cpu,709.205,709.642
0,145,g_a,dpu,709.646,738.255
0,145,g_a,dpu,738.256,787.149
0,145,g_a_cpu,cpu,787.152,787.654
0,145,eb_enc,cpu,787.657,792.749
0,165,normalize,cpu,793.401,797.232
0,165,g_a_cpu,cpu,797.236,797.765
0,165,g_a,dpu,797.768,831.647
0,165,g_a,dpu,831.649,883.704
0,165,g_a_cpu,cpu,883.706,884.375
0,165,eb_enc,cpu,884.382,889.914
0,183,normalize,cpu,890.613,894.332
0,183,g_a_cpu,cpu,894.335,894.821
0,183,g_a,dpu,894.825,979.03
0,183,g_a,dpu,979.032,988.585
0,183,g_a_cpu,cpu,988.587,989.044
0,183,eb_enc,cpu,989.06,994.026
0,207,normalize,cpu,994.6,998.317
0,207,g_a_cpu,cpu,998.321,998.771
0,207,g_a,dpu,998.776,1030.72
0,207,g_a,dpu,1030.73,1074.74
0,207,g_a_cpu,cpu,1074.74,1075.1
0,207,eb_enc,cpu,1075.1,1080.24
0,227,normalize,cpu,1080.79,1084.58
0,227,g_a_cpu,cpu,1084.59,1085.11
0,227,g_a,dpu,1085.11,1177.04
0,227,g_a,dpu,1177.05,1221.39
0,227,g_a_cpu,cpu,1221.4,1221.76
0,227,eb_enc,cpu,1221.76,1226.61
0,255,normalize,cpu,1227.16,1232.23
0,255,g_a_cpu,cpu,1232.24,1232.75
0,255,g_a,dpu,1232.75,1310.21
0,255,g_a,dpu,1310.21,1344.97
0,255,g_a_cpu,cpu,1344.97,1345.36
0,255,eb_enc,cpu,1345.36,1350.68
0,282,normalize,cpu,1351.45,1355.28
0,282,g_a_cpu,cpu,1355.29,1355.59
0,282,g_a,dpu,1355.6,1366.59
0,282,g_a,dpu,1366.59,1414.87
0,282,g_a_cpu,cpu,1414.87,1415.47
0,282,eb_enc,cpu,1415.47,1420.93
0,297,normalize,cpu,1421.62,1441.73
0,297,g_a_cpu,cpu,1441.73,1442.11
0,297,g_a,dpu,1442.11,1500.1
0,297,g_a,dpu,1500.1,1541.34
0,297,g_a_cpu,cpu,1541.34,1541.71
0,297,eb_enc,cpu,1541.71,1546.55
0,323,normalize,cpu,1548.51,1559.15
0,323,g_a_cpu,cpu,1559.15,1559.51
0,323,g_a,dpu,1559.51,1619.89
0,323,g_a,dpu,1619.89,1625.25
0,323,g_a_cpu,cpu,1625.25,1625.78
0,323,eb_enc,cpu,1625.79,1631.78
0,342,normalize,cpu,1632.33,1637.17
0,342,g_a_cpu,cpu,1637.17,1637.5
0,342,g_a,dpu,1637.51,1643.95
0,342,g_a,dpu,1643.95,1738.81
0,342,g_a_cpu,cpu,1738.81,1739.23
0,342,eb_enc,cpu,1739.24,1744.29
0,366,normalize,cpu,1744.95,1748.72
0,366,g_a_cpu,cpu,1748.73,1749.32
0,366,g_a,dpu,1749.32,1757.5
0,366,g_a,dpu,1757.51,1803.55
0,366,g_a_cpu,cpu,1803.55,1804.1
0,366,eb_enc,cpu,1804.1,1815.98
0,381,normalize,cpu,1816.77,1820.46
0,381,g_a_cpu,cpu,1820.47,1821.06
0,381,g_a,dpu,1821.07,1845.55
0,381,g_a,dpu,1845.55,1851.12
0,381,g_a_cpu,cpu,1851.12,1851.45
0,381,eb_enc,cpu,1851.45,1856.67
0,390,normalize,cpu,1857.35,1861.23
0,390,g_a_cpu,cpu,1861.24,1861.84
0,390,g_a,dpu,1861.85,1906.63
0,390,g_a,dpu,1906.63,1961.08
0,390,g_a_cpu,cpu,1961.08,1961.6
0,390,eb_enc,cpu,1961.6,1967.54
0,417,normalize,cpu,1968.13,1971.81
0,417,g_a_cpu,cpu,1971.82,1972.64
0,417,g_a,dpu,1972.64,2008.14
0,417,g_a,dpu,2008.16,2079.34
0,417,g_a_cpu,cpu,2079.34,2079.65
0,417,eb_enc,cpu,2079.65,2084.63
0,442,normalize,cpu,2085.29,2089.01
0,442,g_a_cpu,cpu,2089.01,2089.44
0,442,g_a,dpu,2089.44,2142.38
0,442,g_a,dpu,2142.38,2186.25
0,442,g_a_cpu,cpu,2186.25,2187.04
0,442,eb_enc,cpu,2187.05,2192.77
0,465,normalize,cpu,2193.68,2198.22
0,465,g_a_cpu,cpu,2198.23,2198.83
0,465,g_a,dpu,2198.83,2277.18
0,465,g_a,dpu,2277.18,2311.59
0,465,g_a_cpu,cpu,2311.59,2312.06
0,465,eb_enc,cpu,2312.06,2316.92
0,489,normalize,cpu,2317.37,2321.26
0,489,g_a_cpu,cpu,2321.26,2321.67
0,489,g_a,dpu,2321.68,2360.09
0,489,g_a,dpu,2360.09,2435.96
0,489,g_a_cpu,cpu,2435.97,2436.45
0,489,eb_enc,cpu,2436.45,2441.7
0,516,normalize,cpu,2442.46,2453.26
0,516,g_a_cpu,cpu,2453.27,2453.65
0,516,g_a,dpu,2453.66,2504.9
0,516,g_a,dpu,2504.9,2510.51
0,516,g_a_cpu,cpu,2510.56,2511.06
0,516,eb_enc,cpu,2511.06,2524.4
0,534,normalize,cpu,2525.23,2528.93
0,534,g_a_cpu,cpu,2528.93,2529.3
0,534,g_a,dpu,2529.3,2535.34
0,534,g_a,dpu,2535.34,2572.68
0,534,g_a_cpu,cpu,2572.68,2573.25
0,534,eb_enc,cpu,2573.25,2586.9
0,546,normalize,cpu,2587.84,2591.58
0,546,g_a_cpu,cpu,2591.58,2592.08
0,546,g_a,dpu,2592.09,2597.47
0,546,g_a,dpu,2597.47,2627.6
0,546,g_a_cpu,cpu,2627.6,2628.21
0,546,eb_enc,cpu,2628.21,2637.62
0,558,normalize,cpu,2638.26,2653.66
0,558,g_a_cpu,cpu,2653.67,2654.43
0,558,g_a,dpu,2654.43,2756.24
0,558,g_a,dpu,2756.25,2761.66
0,558,g_a_cpu,cpu,2761.66,2762.07
0,558,eb_enc,cpu,2762.07,2767.24
0,585,normalize,cpu,2767.87,2771.7
0,585,g_a_cpu,cpu,2771.7,2772.11
0,585,g_a,dpu,2772.12,2827.39
0,585,g_a,dpu,2827.39,2872.64
0,585,g_a_cpu,cpu,2872.64,2873.21
0,585,eb_enc,cpu,2873.21,2878.56
0,607,normalize,cpu,2879.56,2883.27
0,607,g_a_cpu,cpu,2883.28,2883.83
0,607,g_a,dpu,2883.84,2928.81
0,607,g_a,dpu,2928.81,2958.07
0,607,g_a_cpu,cpu,2958.07,2958.54
0,607,eb_enc,cpu,2958.54,2964.62
0,629,normalize,cpu,2965.2,2969.07
0,629,g_a_cpu,cpu,2969.07,2969.51
0,629,g_a,dpu,2969.51,3047.12
0,629,g_a,dpu,3047.13,3052.78
0,629,g_a_cpu,cpu,3052.78,3053.36
0,629,eb_enc,cpu,3053.36,3064.17
0,651,normalize,cpu,3065.01,3068.7
0,651,g_a_cpu,cpu,3068.71,3069.19
0,651,g_a,dpu,3069.19,3112.89
0,651,g_a,dpu,3112.89,3118.21
0,651,g_a_cpu,cpu,3118.21,3118.55
0,651,eb_enc,cpu,3118.56,3123.9
0,664,normalize,cpu,3124.56,3128.72
0,664,g_a_cpu,cpu,3128.73,3129.42
0,664,g_a,dpu,3129.43,3202.72
0,664,g_a,dpu,3202.72,3236.06
0,664,g_a_cpu,cpu,3236.06,3236.45
0,664,eb_enc,cpu,3236.45,3241.53
0,688,normalize,cpu,3242.48,3246.16
0,688,g_a_cpu,cpu,3246.17,3246.66
0,688,g_a,dpu,3246.66,3287.51
0,688,g_a,dpu,3287.51,3347.32
0,688,g_a_cpu,cpu,3347.32,3348.03
0,688,eb_enc,cpu,3348.04,3353.24
0,713,normalize,cpu,3354.05,3359.64
0,713,g_a_cpu,cpu,3359.64,3360.23
0,713,g_a,dpu,3360.24,3393.03
0,713,g_a,dpu,3393.03,3398.96
0,713,g_a_cpu,cpu,3398.96,3399.53
0,713,eb_enc,cpu,3399.54,3406.83
0,724,normalize,cpu,3407.36,3412.69
0,724,g_a_cpu,cpu,3412.7,3413.15
0,724,g_a,dpu,3413.15,3516.49
0,724,g_a,dpu,3516.5,3523.27
0,724,g_a_cpu,cpu,3523.27,3523.75
0,724,eb_enc,cpu,3523.76,3528.92
0,752,normalize,cpu,3529.59,3543.06
0,752,g_a_cpu,cpu,3543.07,3543.78
0,752,g_a,dpu,3543.78,3625.61
0,752,g_a,dpu,3625.61,3669.17
0,752,g_a_cpu,cpu,3669.17,3669.58
0,752,eb_enc,cpu,3669.58,3674.77
0,782,normalize,cpu,3675.56,3679.37
0,782,g_a_cpu,cpu,3679.38,3679.8
0,782,g_a,dpu,3679.8,3784.78
0,782,g_a,dpu,3784.79,3789.98
0,782,g_a_cpu,cpu,3789.98,3790.43
0,782,eb_enc,cpu,3790.43,3795.57
0,808,normalize,cpu,3796.62,3800.29
0,808,g_a_cpu,cpu,3800.29,3800.62
0,808,g_a,dpu,3800.62,3829.32
0,808,g_a,dpu,3829.32,3834.66
0,808,g_a_cpu,cpu,3834.67,3835.18
0,808,eb_enc,cpu,3835.19,3840.48
0,816,normalize,cpu,3841.09,3844.95
0,816,g_a_cpu,cpu,3844.95,3845.36
0,816,g_a,dpu,3845.37,3850.98
0,816,g_a,dpu,3850.98,3954.33
0,816,g_a_cpu,cpu,3954.33,3954.83
0,816,eb_enc,cpu,3954.83,3960.11
0,846,normalize,cpu,3960.66,3964.5
0,846,g_a_cpu,cpu,3964.5,3964.98
0,846,g_a,dpu,3964.99,4009.28
0,846,g_a,dpu,4009.28,4082.17
0,846,g_a_cpu,cpu,4082.17,4082.59
0,846,eb_enc,cpu,4082.6,4087.76
0,872,normalize,cpu,4088.53,4092.24
0,872,g_a_cpu,cpu,4092.25,4092.82
0,872,g_a,dpu,4092.83,4164.79
0,872,g_a,dpu,4164.79,4201.93
0,872,g_a_cpu,cpu,4201.93,4202.42
0,872,eb_enc,cpu,4202.44,4213.19
0,898,normalize,cpu,4213.83,4219.49
0,898,g_a_cpu,cpu,4219.5,4220.23
0,898,g_a,dpu,4220.23,4269.21
0,898,g_a,dpu,4269.21,4310.89
0,898,g_a_cpu,cpu,4310.89,4311.45
0,898,eb_enc,cpu,4311.46,4316.51
0,924,normalize,cpu,4317,4320.7
0,924,g_a_cpu,cpu,4320.7,4321.23
0,924,g_a,dpu,4321.23,4366.67
0,924,g_a,dpu,4366.67,4371.83
0,924,g_a_cpu,cpu,4371.83,4372.15
0,924,eb_enc,cpu,4372.16,4377.04
1,13,normalize,cpu,79.2347,88.6297
1,13,g_a_cpu,cpu,88.7302,89.3583
1,13,g_a,dpu,89.3637,99.481
1,13,g_a,dpu,99.4876,136.398
1,13,g_a_cpu,cpu,136.403,137.171
1,13,eb_enc,cpu,137.194,162.261
1,30,normalize,cpu,163.162,169.082
1,30,g_a_cpu,cpu,169.087,169.607
1,30,g_a,dpu,169.609,187.97
1,30,g_a,dpu,187.979,196.356
1,30,g_a_cpu,cpu,196.361,197.091
1,30,eb_enc,cpu,197.095,203.115
1,39,normalize,cpu,203.661,218.2
1,39,g_a_cpu,cpu,218.205,219.053
1,39,g_a,dpu,219.06,260.353
1,39,g_a,dpu,260.357,294.848
1,39,g_a_cpu,cpu,294.853,295.643
1,39,eb_enc,cpu,295.656,317.641
1,66,normalize,cpu,318.57,322.262
1,66,g_a_cpu,cpu,322.266,323.457
1,66,g_a,dpu,323.464,359.104
1,66,g_a,dpu,359.106,442.352
1,66,g_a_cpu,cpu,442.354,443.109
1,66,eb_enc,cpu,443.112,448.976
1,93,normalize,cpu,449.516,453.34
1,93,g_a_cpu,cpu,453.353,454.135
1,93,g_a,dpu,454.141,507.992
1,93,g_a,dpu,507.994,513.234
1,93,g_a_cpu,cpu,513.237,513.635
1,93,eb_enc,cpu,513.638,525.671
1,109,normalize,cpu,526.806,531.915
1,109,g_a_cpu,cpu,531.925,532.67
1,109,g_a,dpu,532.676,587.385
1,109,g_a,dpu,587.395,592.772
1,109,g_a_cpu,cpu,592.773,593.581
1,109,eb_enc,cpu,593.586,599.909
1,124,normalize,cpu,600.582,604.276
1,124,g_a_cpu,cpu,604.282,604.995
1,124,g_a,dpu,605.001,646.788
1,124,g_a,dpu,646.789,652.229
1,124,g_a_cpu,cpu,652.231,652.88
1,124,eb_enc,cpu,652.883,659.027
1,136,normalize,cpu,659.885,685.544
1,136,g_a_cpu,cpu,685.549,686.484
1,136,g_a,dpu,686.486,815.546
1,136,g_a,dpu,815.549,855.685
1,136,g_a_cpu,cpu,855.686,856.091
1,136,eb_enc,cpu,856.093,860.971
1,179,normalize,cpu,861.528,865.233
1,179,g_a_cpu,cpu,865.24,865.702
1,179,g_a,dpu,865.707,871.552
1,179,g_a,dpu,871.556,919.628
1,179,g_a_cpu,cpu,919.629,920.104
1,179,eb_enc,cpu,920.107,925.139
1,191,normalize,cpu,925.683,929.514
1,191,g_a_cpu,cpu,929.518,929.894
1,191,g_a,dpu,929.897,983.541
1,191,g_a,dpu,983.543,991.316
1,191,g_a_cpu,cpu,991.317,991.804
1,191,eb_enc,cpu,991.806,997.088
1,208,normalize,cpu,997.635,1002.21
1,208,g_a_cpu,cpu,1002.21,1002.68
1,208,g_a,dpu,1002.68,1039.59
1,208,g_a,dpu,1039.59,1071.64
1,208,g_a_cpu,cpu,1071.65,1072.14
1,208,eb_enc,cpu,1072.15,1077.14
1,226,normalize,cpu,1078.32,1082.12
1,226,g_a_cpu,cpu,1082.13,1082.73
1,226,g_a,dpu,1082.73,1123.3
1,226,g_a,dpu,1123.31,1170.71
1,226,g_a_cpu,cpu,1170.71,1171.3
1,226,eb_enc,cpu,1171.3,1177.07
1,245,normalize,cpu,1178.2,1194.42
1,245,g_a_cpu,cpu,1194.42,1194.89
1,245,g_a,dpu,1194.9,1241.24
1,245,g_a,dpu,1241.24,1246.68
1,245,g_a_cpu,cpu,1246.68,1247.36
1,245,eb_enc,cpu,1247.36,1252.58
1,259,normalize,cpu,1253.12,1257.12
1,259,g_a_cpu,cpu,1257.13,1257.87
1,259,g_a,dpu,1257.88,1299.46
1,259,g_a,dpu,1299.46,1304.76
1,259,g_a_cpu,cpu,1304.76,1305.13
1,259,eb_enc,cpu,1305.13,1310.25
1,274,normalize,cpu,1311.02,1314.82
1,274,g_a_cpu,cpu,1314.83,1315.2
1,274,g_a,dpu,1315.2,1353.71
1,274,g_a,dpu,1353.71,1407.76
1,274,g_a_cpu,cpu,1407.76,1408.28
1,274,eb_enc,cpu,1408.28,1413.76
1,296,normalize,cpu,1414.54,1418.27
1,296,g_a_cpu,cpu,1418.28,1419.14
1,296,g_a,dpu,1419.15,1459.59
1,296,g_a,dpu,1459.6,1500.1
1,296,g_a_cpu,cpu,1500.1,1500.65
1,296,eb_enc,cpu,1500.65,1505.79
1,314,normalize,cpu,1506.35,1511.08
1,314,g_a_cpu,cpu,1511.08,1511.49
1,314,g_a,dpu,1511.49,1551.3
1,314,g_a,dpu,1551.3,1562.59
1,314,g_a_cpu,cpu,1562.59,1563.39
1,314,eb_enc,cpu,1563.4,1568.68
1,327,normalize,cpu,1569.32,1573.12
1,327,g_a_cpu,cpu,1573.13,1573.54
1,327,g_a,dpu,1573.54,1658.79
1,327,g_a,dpu,1658.79,1664.15
1,327,g_a_cpu,cpu,1664.15,1664.8
1,327,eb_enc,cpu,1664.81,1670.16
1,349,normalize,cpu,1670.75,1674.47
1,349,g_a_cpu,cpu,1674.48,1674.93
1,349,g_a,dpu,1674.93,1729.5
1,349,g_a,dpu,1729.51,1735.04
1,349,g_a_cpu,cpu,1735.04,1735.57
1,349,eb_enc,cpu,1735.57,1740.55
1,365,normalize,cpu,1741.06,1749.72
1,365,g_a_cpu,cpu,1749.72,1750.33
1,365,g_a,dpu,1750.33,1789.37
1,365,g_a,dpu,1789.37,1820.05
1,365,g_a_cpu,cpu,1820.05,1820.82
1,365,eb_enc,cpu,1820.83,1826.49
1,384,normalize,cpu,1827.15,1831.12
1,384,g_a_cpu,cpu,1831.13,1831.87
1,384,g_a,dpu,1831.87,1873.58
1,384,g_a,dpu,1873.58,1913.72
1,384,g_a_cpu,cpu,1913.72,1914.24
1,384,eb_enc,cpu,1914.24,1919.68
1,405,normalize,cpu,1920.48,1924.29
1,405,g_a_cpu,cpu,1924.3,1924.9
1,405,g_a,dpu,1924.9,1963.44
1,405,g_a,dpu,1963.46,1998.87
1,405,g_a_cpu,cpu,1998.88,1999.63
1,405,eb_enc,cpu,1999.63,2004.84
1,424,normalize,cpu,2005.42,2009.89
1,424,g_a_cpu,cpu,2009.9,2010.69
1,424,g_a,dpu,2010.69,2049.16
1,424,g_a,dpu,2049.16,2092.92
1,424,g_a_cpu,cpu,2092.93,2093.33
1,424,eb_enc,cpu,2093.33,2098.15
1,444,normalize,cpu,2103.37,2107.15
1,444,g_a_cpu,cpu,2107.16,2107.79
1,444,g_a,dpu,2107.79,2183.92
1,444,g_a,dpu,2183.92,2217.68
1,444,g_a_cpu,cpu,2217.69,2218.31
1,444,eb_enc,cpu,2218.32,2224.35
1,471,normalize,cpu,2224.84,2228.67
1,471,g_a_cpu,cpu,2228.67,2229.02
1,471,g_a,dpu,2229.02,2273.07
1,471,g_a,dpu,2273.07,2310.09
1,471,g_a_cpu,cpu,2310.09,2310.47
1,471,eb_enc,cpu,2310.48,2315.44
1,488,normalize,cpu,2315.97,2319.81
1,488,g_a_cpu,cpu,2319.81,2320.5
1,488,g_a,dpu,2320.5,2365.25
1,488,g_a,dpu,2365.26,2403.46
1,488,g_a_cpu,cpu,2403.46,2403.97
1,488,eb_enc,cpu,2403.97,2409.13
1,510,normalize,cpu,2409.65,2413.31
1,510,g_a_cpu,cpu,2413.32,2413.75
1,510,g_a,dpu,2413.75,2456.74
1,510,g_a,dpu,2457.41,2507.55
1,510,g_a_cpu,cpu,2507.55,2508.33
1,510,eb_enc,cpu,2508.33,2518.01
1,531,normalize,cpu,2518.81,2522.43
1,531,g_a_cpu,cpu,2522.43,2531.13
1,531,g_a,dpu,2531.14,2568.87
1,531,g_a,dpu,2568.88,2574.45
1,531,g_a_cpu,cpu,2574.45,2574.97
1,531,eb_enc,cpu,2574.98,2580.94
1,544,normalize,cpu,2581.91,2585.63
1,544,g_a_cpu,cpu,2585.63,2586.1
1,544,g_a,dpu,2586.1,2642.26
1,544,g_a,dpu,2642.26,2678.93
1,544,g_a_cpu,cpu,2678.93,2679.57
1,544,eb_enc,cpu,2679.57,2685.61
1,570,normalize,cpu,2686.31,2690.85
1,570,g_a_cpu,cpu,2690.86,2691.46
1,570,g_a,dpu,2691.46,2731.74
1,570,g_a,dpu,2731.74,2767.39
1,570,g_a_cpu,cpu,2767.39,2767.86
1,570,eb_enc,cpu,2767.86,2773.27
1,587,normalize,cpu,2774.59,2778.27
1,587,g_a_cpu,cpu,2778.27,2779.19
1,587,g_a,dpu,2779.2,2828.29
1,587,g_a,dpu,2828.29,2834.73
1,587,g_a_cpu,cpu,2834.73,2835.3
1,587,eb_enc,cpu,2835.3,2840.25
1,600,normalize,cpu,2840.82,2844.72
1,600,g_a_cpu,cpu,2844.72,2845.23
1,600,g_a,dpu,2845.24,2850.63
1,600,g_a,dpu,2850.64,2888.61
1,600,g_a_cpu,cpu,2888.61,2889.11
1,600,eb_enc,cpu,2889.11,2894.23
1,612,normalize,cpu,2894.78,2898.69
1,612,g_a_cpu,cpu,2898.7,2899.25
1,612,g_a,dpu,2899.25,2904.93
1,612,g_a,dpu,2904.93,2943.42
1,612,g_a_cpu,cpu,2943.42,2943.95
1,612,eb_enc,cpu,2943.95,2953.55
1,625,normalize,cpu,2954.79,2958.5
1,625,g_a_cpu,cpu,2958.5,2959.09
1,625,g_a,dpu,2959.1,3031.73
1,625,g_a,dpu,3031.74,3037.89
1,625,g_a_cpu,cpu,3037.89,3038.45
1,625,eb_enc,cpu,3038.46,3043.63
1,646,normalize,cpu,3044.48,3048.26
1,646,g_a_cpu,cpu,3048.27,3049.13
1,646,g_a,dpu,3049.13,3087.68
1,646,g_a,dpu,3087.69,3122.87
1,646,g_a_cpu,cpu,3122.87,3123.55
1,646,eb_enc,cpu,3123.55,3128.73
1,665,normalize,cpu,3129.77,3133.54
1,665,g_a_cpu,cpu,3133.55,3134.09
1,665,g_a,dpu,3134.09,3186.8
1,665,g_a,dpu,3186.8,3192.14
1,665,g_a_cpu,cpu,3192.14,3192.55
1,665,eb_enc,cpu,3192.55,3197.47
1,681,normalize,cpu,3198.32,3202.14
1,681,g_a_cpu,cpu,3202.14,3202.49
1,681,g_a,dpu,3202.49,3254.27
1,681,g_a,dpu,3254.27,3299.5
1,681,g_a_cpu,cpu,3299.5,3300.11
1,681,eb_enc,cpu,3300.12,3310.36
1,704,normalize,cpu,3311.22,3316.8
1,704,g_a_cpu,cpu,3316.8,3317.28
1,704,g_a,dpu,3317.29,3355.48
1,704,g_a,dpu,3355.49,3398.95
1,704,g_a_cpu,cpu,3398.95,3399.69
1,704,eb_enc,cpu,3399.69,3404.64
1,723,normalize,cpu,3410.71,3414.33
1,723,g_a_cpu,cpu,3414.34,3414.88
1,723,g_a,dpu,3414.88,3476.52
1,723,g_a,dpu,3476.53,3481.8
1,723,g_a_cpu,cpu,3481.8,3482.49
1,723,eb_enc,cpu,3482.49,3494.1
1,745,normalize,cpu,3494.72,3498.45
1,745,g_a_cpu,cpu,3498.45,3498.89
1,745,g_a,dpu,3498.89,3550.37
1,745,g_a,dpu,3550.37,3612.55
1,745,g_a_cpu,cpu,3612.55,3613.02
1,745,eb_enc,cpu,3613.02,3618.05
1,770,normalize,cpu,3618.65,3622.38
1,770,g_a_cpu,cpu,3622.39,3622.83
1,770,g_a,dpu,3622.83,3671.53
1,770,g_a,dpu,3671.53,3680.18
1,770,g_a_cpu,cpu,3680.18,3680.57
1,770,eb_enc,cpu,3680.58,3685.49
1,784,normalize,cpu,3685.96,3689.63
1,784,g_a_cpu,cpu,3689.63,3690.03
1,784,g_a,dpu,3690.03,3732.29
1,784,g_a,dpu,3732.29,3742.55
1,784,g_a_cpu,cpu,3742.55,3743.12
1,784,eb_enc,cpu,3743.12,3749.15
1,798,normalize,cpu,3749.76,3753.53
1,798,g_a_cpu,cpu,3753.54,3753.97
1,798,g_a,dpu,3753.97,3760.8
1,798,g_a,dpu,3760.8,3766.09
1,798,g_a_cpu,cpu,3766.09,3766.82
1,798,eb_enc,cpu,3766.85,3771.99
1,803,normalize,cpu,3772.63,3776.46
1,803,g_a_cpu,cpu,3776.47,3777
1,803,g_a,dpu,3777,3822.88
1,803,g_a,dpu,3822.88,3891.75
1,803,g_a_cpu,cpu,3891.75,3892.3
1,803,eb_enc,cpu,3892.3,3897.48
1,831,normalize,cpu,3897.93,3901.58
1,831,g_a_cpu,cpu,3901.58,3902.1
1,831,g_a,dpu,3902.1,3907.63
1,831,g_a,dpu,3907.63,3916.33
1,831,g_a_cpu,cpu,3916.33,3916.92
1,831,eb_enc,cpu,3916.92,3922.19
1,837,normalize,cpu,3923.21,3927.81
1,837,g_a_cpu,cpu,3927.82,3928.46
1,837,g_a,dpu,3928.46,3967.75
1,837,g_a,dpu,3967.75,4031.13
1,837,g_a_cpu,cpu,4031.13,4031.54
1,837,eb_enc,cpu,4031.54,4036.46
1,861,normalize,cpu,4036.89,4040.73
1,861,g_a_cpu,cpu,4040.74,4041.3
1,861,g_a,dpu,4041.31,4093.8
1,861,g_a,dpu,4093.8,4098.95
1,861,g_a_cpu,cpu,4098.95,4099.41
1,861,eb_enc,cpu,4099.41,4104.68
1,876,normalize,cpu,4105.33,4109
1,876,g_a_cpu,cpu,4109.01,4109.75
1,876,g_a,dpu,4109.75,4160.12
1,876,g_a,dpu,4160.12,4165.59
1,876,g_a_cpu,cpu,4165.59,4166.23
1,876,eb_enc,cpu,4166.23,4171.3
1,891,normalize,cpu,4171.84,4175.64
1,891,g_a_cpu,cpu,4175.64,4176.44
1,891,g_a,dpu,4176.45,4215.86
1,891,g_a,dpu,4215.86,4221.75
1,891,g_a_cpu,cpu,4221.75,4222.85
1,891,eb_enc,cpu,4222.85,4228.34
1,903,normalize,cpu,4228.96,4233.44
1,903,g_a_cpu,cpu,4233.45,4234.2
1,903,g_a,dpu,4234.21,4312.45
1,903,g_a,dpu,4312.45,4359.62
1,903,g_a_cpu,cpu,4359.62,4360.24
1,903,eb_enc,cpu,4360.25,4365.29
2,1,normalize,cpu,66.1028,69.8439
2,1,g_a_cpu,cpu,96.3399,97.261
2,1,g_a,dpu,97.2742,122.787
2,1,g_a,dpu,122.791,128.653
2,1,g_a_cpu,cpu,128.655,129.245
2,1,eb_enc,cpu,129.254,144.54
2,26,normalize,cpu,145.141,167.573
2,26,g_a_cpu,cpu,167.576,168.127
2,26,g_a,dpu,168.132,248.811
2,26,g_a,dpu,248.818,297.641
2,26,g_a_cpu,cpu,297.644,298.134
2,26,eb_enc,cpu,298.136,304.531
2,62,normalize,cpu,305.302,321.045
2,62,g_a_cpu,cpu,321.049,321.536
2,62,g_a,dpu,321.54,327.111
2,62,g_a,dpu,327.117,372.243
2,62,g_a_cpu,cpu,372.246,372.814
2,62,eb_enc,cpu,372.827,380.139
2,77,normalize,cpu,381.11,385.188
2,77,g_a_cpu,cpu,385.196,385.806
2,77,g_a,dpu,385.814,464.429
2,77,g_a,dpu,464.43,470.219
2,77,g_a_cpu,cpu,470.22,470.731
2,77,eb_enc,cpu,470.734,476.673
2,99,normalize,cpu,477.457,504.712
2,99,g_a_cpu,cpu,504.717,505.231
2,99,g_a,dpu,505.237,555.892
2,99,g_a,dpu,555.894,603.336
2,99,g_a_cpu,cpu,603.339,603.927
2,99,eb_enc,cpu,603.931,613.949
2,126,normalize,cpu,614.564,618.453
2,126,g_a_cpu,cpu,618.459,619.205
2,126,g_a,dpu,619.21,666.818
2,126,g_a,dpu,666.829,672.551
2,126,g_a_cpu,cpu,672.552,673.058
2,126,eb_enc,cpu,673.06,678.464
2,140,normalize,cpu,679.197,684.043
2,140,g_a_cpu,cpu,684.052,684.474
2,140,g_a,dpu,684.476,735.044
2,140,g_a,dpu,735.047,767.68
2,140,g_a_cpu,cpu,767.682,768.366
2,140,eb_enc,cpu,768.371,773.533
2,159,normalize,cpu,774.386,778.041
2,159,g_a_cpu,cpu,778.044,778.416
2,159,g_a,dpu,778.421,795.403
2,159,g_a,dpu,795.407,801.028
2,159,g_a_cpu,cpu,801.029,801.575
2,159,eb_enc,cpu,801.577,808.287
2,168,normalize,cpu,808.9,819.674
2,168,g_a_cpu,cpu,819.68,833.348
2,168,g_a,dpu,833.351,893.285
2,168,g_a,dpu,893.287,935.372
2,168,g_a_cpu,cpu,935.375,935.947
2,168,eb_enc,cpu,935.949,941.198
2,195,normalize,cpu,942.004,947.416
2,195,g_a_cpu,cpu,947.42,947.847
2,195,g_a,dpu,947.85,1006.01
2,195,g_a,dpu,1006.02,1060.1
2,195,g_a_cpu,cpu,1060.11,1060.75
2,195,eb_enc,cpu,1060.75,1066.23
2,223,normalize,cpu,1067.32,1072.66
2,223,g_a_cpu,cpu,1072.66,1073.09
2,223,g_a,dpu,1073.09,1134.87
2,223,g_a,dpu,1134.88,1185.63
2,223,g_a_cpu,cpu,1185.63,1186.09
2,223,eb_enc,cpu,1186.11,1192.03
2,248,normalize,cpu,1192.56,1197.21
2,248,g_a_cpu,cpu,1197.21,1197.65
2,248,g_a,dpu,1197.65,1248.09
2,248,g_a,dpu,1248.09,1253.76
2,248,g_a_cpu,cpu,1253.76,1254.27
2,248,eb_enc,cpu,1254.28,1260.47
2,261,normalize,cpu,1261.26,1265.92
2,261,g_a_cpu,cpu,1265.93,1266.46
2,261,g_a,dpu,1266.47,1438.85
2,261,g_a,dpu,1438.85,1483.63
2,261,g_a_cpu,cpu,1483.64,1484.14
2,261,eb_enc,cpu,1484.14,1489.53
2,311,normalize,cpu,1490.06,1493.74
2,311,g_a_cpu,cpu,1493.75,1494.1
2,311,g_a,dpu,1494.1,1547.49
2,311,g_a,dpu,1547.49,1615.77
2,311,g_a_cpu,cpu,1615.78,1616.4
2,311,eb_enc,cpu,1616.4,1622.42
2,340,normalize,cpu,1623.25,1627.02
2,340,g_a_cpu,cpu,1627.03,1627.61
2,340,g_a,dpu,1627.61,1680.89
2,340,g_a,dpu,1680.89,1759.43
2,340,g_a_cpu,cpu,1759.43,1759.86
2,340,eb_enc,cpu,1759.86,1771.04
2,371,normalize,cpu,1771.66,1775.32
2,371,g_a_cpu,cpu,1775.33,1775.98
2,371,g_a,dpu,1775.99,1830.55
2,371,g_a,dpu,1830.55,1836.41
2,371,g_a_cpu,cpu,1836.41,1837.05
2,371,eb_enc,cpu,1837.05,1842.07
2,386,normalize,cpu,1842.98,1846.73
2,386,g_a_cpu,cpu,1846.73,1847.56
2,386,g_a,dpu,1847.57,1908.15
2,386,g_a,dpu,1908.16,1953.99
2,386,g_a_cpu,cpu,1953.99,1954.8
2,386,eb_enc,cpu,1954.81,1960.13
2,414,normalize,cpu,1960.93,1969.85
2,414,g_a_cpu,cpu,1969.86,1970.54
2,414,g_a,dpu,1970.55,2020.27
2,414,g_a,dpu,2020.27,2025.78
2,414,g_a_cpu,cpu,2025.78,2026.15
2,414,eb_enc,cpu,2026.15,2031.45
2,429,normalize,cpu,2032.1,2035.79
2,429,g_a_cpu,cpu,2035.79,2036.22
2,429,g_a,dpu,2036.22,2124.18
2,429,g_a,dpu,2124.18,2168.89
2,429,g_a_cpu,cpu,2168.89,2169.52
2,429,eb_enc,cpu,2169.53,2174.7
2,460,normalize,cpu,2175.4,2179.29
2,460,g_a_cpu,cpu,2179.29,2180.1
2,460,g_a,dpu,2180.1,2192.23
2,460,g_a,dpu,2192.24,2244.79
2,460,g_a_cpu,cpu,2244.79,2245.36
2,460,eb_enc,cpu,2245.36,2255.85
2,476,normalize,cpu,2256.36,2266.8
2,476,g_a_cpu,cpu,2266.8,2267.24
2,476,g_a,dpu,2267.25,2307.74
2,476,g_a,dpu,2307.74,2345.67
2,476,g_a_cpu,cpu,2345.67,2346.16
2,476,eb_enc,cpu,2346.16,2355.69
2,497,normalize,cpu,2356.21,2359.93
2,497,g_a_cpu,cpu,2359.93,2360.35
2,497,g_a,dpu,2360.35,2407.92
2,497,g_a,dpu,2407.93,2536.11
2,497,g_a_cpu,cpu,2536.11,2536.49
2,497,eb_enc,cpu,2536.49,2541.67
2,537,normalize,cpu,2542.25,2545.91
2,537,g_a_cpu,cpu,2545.91,2546.42
2,537,g_a,dpu,2546.42,2583.89
2,537,g_a,dpu,2583.9,2589.84
2,537,g_a_cpu,cpu,2589.84,2590.33
2,537,eb_enc,cpu,2590.33,2595.58
2,549,normalize,cpu,2596.13,2600.45
2,549,g_a_cpu,cpu,2600.46,2600.98
2,549,g_a,dpu,2600.99,2716.94
2,549,g_a,dpu,2716.94,2754.3
2,549,g_a_cpu,cpu,2754.3,2754.89
2,549,eb_enc,cpu,2754.89,2760.55
2,584,normalize,cpu,2761.18,2765.04
2,584,g_a_cpu,cpu,2765.04,2765.53
2,584,g_a,dpu,2765.53,2863.93
2,584,g_a,dpu,2863.93,2869.68
2,584,g_a_cpu,cpu,2869.68,2870.21
2,584,eb_enc,cpu,2870.21,2881.35
2,609,normalize,cpu,2881.98,2887.58
2,609,g_a_cpu,cpu,2887.59,2887.97
2,609,g_a,dpu,2887.97,2970.69
2,609,g_a,dpu,2970.69,3017.24
2,609,g_a_cpu,cpu,3017.25,3017.63
2,609,eb_enc,cpu,3017.63,3022.62
2,642,normalize,cpu,3023.5,3028.3
2,642,g_a_cpu,cpu,3028.3,3029.1
2,642,g_a,dpu,3029.11,3066.39
2,642,g_a,dpu,3066.4,3071.94
2,642,g_a_cpu,cpu,3071.95,3072.57
2,642,eb_enc,cpu,3072.57,3077.76
2,653,normalize,cpu,3078.65,3083.06
2,653,g_a_cpu,cpu,3083.07,3083.76
2,653,g_a,dpu,3083.77,3128.37
2,653,g_a,dpu,3128.37,3172.4
2,653,g_a_cpu,cpu,3172.41,3172.79
2,653,eb_enc,cpu,3172.79,3177.89
2,677,normalize,cpu,3178.5,3182.42
2,677,g_a_cpu,cpu,3182.43,3182.93
2,677,g_a,dpu,3182.94,3235.92
2,677,g_a,dpu,3235.92,3319.6
2,677,g_a_cpu,cpu,3319.61,3320.22
2,677,eb_enc,cpu,3320.22,3325.27
2,707,normalize,cpu,3326.13,3329.89
2,707,g_a_cpu,cpu,3329.89,3330.23
2,707,g_a,dpu,3330.23,3369.74
2,707,g_a,dpu,3369.75,3375.68
2,707,g_a_cpu,cpu,3375.69,3376.13
2,707,eb_enc,cpu,3376.13,3381.22
2,719,normalize,cpu,3381.72,3386.26
2,719,g_a_cpu,cpu,3386.26,3386.64
2,719,g_a,dpu,3386.65,3442.75
2,719,g_a,dpu,3442.75,3448.59
2,719,g_a_cpu,cpu,3448.59,3449.32
2,719,eb_enc,cpu,3449.32,3454.73
2,737,normalize,cpu,3455.76,3459.43
2,737,g_a_cpu,cpu,3459.44,3459.96
2,737,g_a,dpu,3459.97,3467.07
2,737,g_a,dpu,3467.07,3554.84
2,737,g_a_cpu,cpu,3554.84,3555.57
2,737,eb_enc,cpu,3555.58,3560.96
2,756,normalize,cpu,3561.66,3576.89
2,756,g_a_cpu,cpu,3576.89,3577.27
2,756,g_a,dpu,3577.27,3626.76
2,756,g_a,dpu,3626.76,3667.75
2,756,g_a_cpu,cpu,3667.76,3668.42
2,756,eb_enc,cpu,3668.42,3673.77
2,781,normalize,cpu,3674.48,3678.86
2,781,g_a_cpu,cpu,3678.86,3679.32
2,781,g_a,dpu,3679.32,3726.74
2,781,g_a,dpu,3726.75,3766.34
2,781,g_a_cpu,cpu,3766.34,3767.07
2,781,eb_enc,cpu,3767.08,3772.14
2,804,normalize,cpu,3772.63,3777.3
2,804,g_a_cpu,cpu,3777.3,3777.66
2,804,g_a,dpu,3777.66,3824.23
2,804,g_a,dpu,3824.23,3866.07
2,804,g_a_cpu,cpu,3866.07,3866.64
2,804,eb_enc,cpu,3866.64,3872.58
2,826,normalize,cpu,3873.3,3878.46
2,826,g_a_cpu,cpu,3878.46,3878.85
2,826,g_a,dpu,3878.85,3926.63
2,826,g_a,dpu,3926.63,3973.41
2,826,g_a_cpu,cpu,3973.41,3973.83
2,826,eb_enc,cpu,3973.83,3978.69
2,852,normalize,cpu,3979.1,3982.91
2,852,g_a_cpu,cpu,3982.91,3983.46
2,852,g_a,dpu,3983.46,4021.42
2,852,g_a,dpu,4021.42,4132.08
2,852,g_a_cpu,cpu,4132.08,4132.75
2,852,eb_enc,cpu,4132.75,4137.71
2,884,normalize,cpu,4138.32,4150.23
2,884,g_a_cpu,cpu,4150.24,4150.87
2,884,g_a,dpu,4150.87,4190.78
2,884,g_a,dpu,4190.78,4276.68
2,884,g_a_cpu,cpu,4276.68,4277.37
2,884,eb_enc,cpu,4277.37,4284.07
2,916,normalize,cpu,4284.7,4289.31
2,916,g_a_cpu,cpu,4289.32,4289.97
2,916,g_a,dpu,4289.98,4320.33
2,916,g_a,dpu,4320.34,4326.72
2,916,g_a_cpu,cpu,4326.73,4327.15
2,916,eb_enc,cpu,4327.15,4332.17
2,927,normalize,cpu,4333.15,4338.59
2,927,g_a_cpu,cpu,4338.59,4339.09
2,927,g_a,dpu,4339.1,4395.49
2,927,g_a,dpu,4395.5,4400.74
2,927,g_a_cpu,cpu,4400.74,4401.09
2,927,eb_enc,cpu,4401.09,4405.81
3,3,normalize,cpu,70.6794,74.359
3,3,g_a_cpu,cpu,74.5087,75.1025
3,3,g_a,dpu,75.1147,116.471
3,3,g_a,dpu,116.475,163.423
3,3,g_a_cpu,cpu,163.425,163.899
3,3,eb_enc,cpu,163.908,183.859
3,36,normalize,cpu,184.451,189.199
3,36,g_a_cpu,cpu,189.204,189.709
3,36,g_a,dpu,189.711,236.095
3,36,g_a,dpu,236.101,241.546
3,36,g_a_cpu,cpu,241.548,241.967
3,36,eb_enc,cpu,241.971,247.029
3,53,normalize,cpu,247.722,251.474
3,53,g_a_cpu,cpu,251.476,251.962
3,53,g_a,dpu,251.965,293.092
3,53,g_a,dpu,293.095,347.585
3,53,g_a_cpu,cpu,347.588,348.151
3,53,eb_enc,cpu,348.164,353.292
3,72,normalize,cpu,353.811,357.558
3,72,g_a_cpu,cpu,357.562,357.928
3,72,g_a,dpu,357.931,393.628
3,72,g_a,dpu,393.635,431.891
3,72,g_a_cpu,cpu,431.896,432.548
3,72,eb_enc,cpu,432.551,437.937
3,91,normalize,cpu,438.637,445.996
3,91,g_a_cpu,cpu,446.004,447.529
3,91,g_a,dpu,447.533,545.166
3,91,g_a,dpu,545.167,582.856
3,91,g_a_cpu,cpu,582.857,583.483
3,91,eb_enc,cpu,583.487,588.742
3,121,normalize,cpu,589.517,593.607
3,121,g_a_cpu,cpu,593.612,594.267
3,121,g_a,dpu,594.27,671.236
3,121,g_a,dpu,671.247,676.722
3,121,g_a_cpu,cpu,676.723,677.155
3,121,eb_enc,cpu,677.161,682.362
3,142,normalize,cpu,683.845,687.596
3,142,g_a_cpu,cpu,687.604,688.374
3,142,g_a,dpu,688.377,728.935
3,142,g_a,dpu,728.938,770.034
3,142,g_a_cpu,cpu,770.038,770.831
3,142,eb_enc,cpu,770.833,776.13
3,160,normalize,cpu,776.729,780.518
3,160,g_a_cpu,cpu,780.523,781.008
3,160,g_a,dpu,781.012,857.261
3,160,g_a,dpu,857.263,866.799
3,160,g_a_cpu,cpu,866.802,867.477
3,160,eb_enc,cpu,867.48,873.167
3,181,normalize,cpu,874.07,878.211
3,181,g_a_cpu,cpu,878.219,879.106
3,181,g_a,dpu,879.112,918.666
3,181,g_a,dpu,918.667,1005.07
3,181,g_a_cpu,cpu,1005.07,1005.65
3,181,eb_enc,cpu,1005.65,1010.81
3,210,normalize,cpu,1011.74,1015.57
3,210,g_a_cpu,cpu,1015.58,1016.29
3,210,g_a,dpu,1016.29,1059.38
3,210,g_a,dpu,1059.38,1064.62
3,210,g_a_cpu,cpu,1064.62,1065.07
3,210,eb_enc,cpu,1065.07,1070.75
3,225,normalize,cpu,1073.91,1077.7
3,225,g_a_cpu,cpu,1077.7,1078.35
3,225,g_a,dpu,1078.36,1116.28
3,225,g_a,dpu,1116.29,1160.19
3,225,g_a_cpu,cpu,1160.19,1160.83
3,225,eb_enc,cpu,1160.85,1166.13
3,244,normalize,cpu,1167.44,1171.13
3,244,g_a_cpu,cpu,1171.13,1172.52
3,244,g_a,dpu,1172.53,1254.11
3,244,g_a,dpu,1254.12,1259.47
3,244,g_a_cpu,cpu,1259.47,1259.95
3,244,eb_enc,cpu,1259.95,1265.32
3,263,normalize,cpu,1266.17,1270.1
3,263,g_a_cpu,cpu,1270.11,1270.99
3,263,g_a,dpu,1270.99,1329.7
3,263,g_a,dpu,1329.71,1334.86
3,263,g_a_cpu,cpu,1334.87,1335.46
3,263,eb_enc,cpu,1335.46,1340.57
3,280,normalize,cpu,1341.55,1345.3
3,280,g_a_cpu,cpu,1345.31,1345.74
3,280,g_a,dpu,1345.75,1391.65
3,280,g_a,dpu,1391.66,1524.75
3,280,g_a_cpu,cpu,1524.76,1525.16
3,280,eb_enc,cpu,1525.16,1531.51
3,319,normalize,cpu,1532.28,1535.93
3,319,g_a_cpu,cpu,1535.94,1536.44
3,319,g_a,dpu,1536.44,1577.86
3,319,g_a,dpu,1577.86,1582.9
3,319,g_a_cpu,cpu,1582.9,1583.39
3,319,eb_enc,cpu,1583.4,1588.53
3,332,normalize,cpu,1589.26,1593.02
3,332,g_a_cpu,cpu,1593.02,1593.77
3,332,g_a,dpu,1593.77,1682.24
3,332,g_a,dpu,1682.24,1734.03
3,332,g_a_cpu,cpu,1734.04,1734.81
3,332,eb_enc,cpu,1734.82,1739.83
3,364,normalize,cpu,1740.32,1750.95
3,364,g_a_cpu,cpu,1750.95,1751.44
3,364,g_a,dpu,1751.44,1829.41
3,364,g_a,dpu,1829.41,1865.31
3,364,g_a_cpu,cpu,1865.31,1865.8
3,364,eb_enc,cpu,1865.81,1871.21
3,393,normalize,cpu,1872.4,1876.18
3,393,g_a_cpu,cpu,1876.18,1876.84
3,393,g_a,dpu,1876.84,1926.62
3,393,g_a,dpu,1926.63,1938.69
3,393,g_a_cpu,cpu,1938.69,1939.15
3,393,eb_enc,cpu,1939.16,1944.45
3,412,normalize,cpu,1945.1,1950.62
3,412,g_a_cpu,cpu,1950.63,1951.15
3,412,g_a,dpu,1951.15,1987.81
3,412,g_a,dpu,1987.82,2017.57
3,412,g_a_cpu,cpu,2017.57,2018.01
3,412,eb_enc,cpu,2018.01,2023.07
3,428,normalize,cpu,2023.77,2027.54
3,428,g_a_cpu,cpu,2027.54,2028.39
3,428,g_a,dpu,2028.4,2069.36
3,428,g_a,dpu,2069.36,2154.74
3,428,g_a_cpu,cpu,2154.74,2155.13
3,428,eb_enc,cpu,2155.14,2165.4
3,459,normalize,cpu,2166.05,2169.78
3,459,g_a_cpu,cpu,2169.79,2170.3
3,459,g_a,dpu,2170.3,2206.58
3,459,g_a,dpu,2206.58,2213.04
3,459,g_a_cpu,cpu,2213.04,2213.77
3,459,eb_enc,cpu,2213.78,2224.18
3,470,normalize,cpu,2224.84,2239.42
3,470,g_a_cpu,cpu,2239.43,2240.11
3,470,g_a,dpu,2240.12,2245.47
3,470,g_a,dpu,2245.48,2251.05
3,470,g_a_cpu,cpu,2251.06,2251.91
3,470,eb_enc,cpu,2251.91,2257.21
3,477,normalize,cpu,2257.78,2261.54
3,477,g_a_cpu,cpu,2261.55,2262.07
3,477,g_a,dpu,2262.07,2344.09
3,477,g_a,dpu,2344.1,2386.75
3,477,g_a_cpu,cpu,2386.75,2387.37
3,477,eb_enc,cpu,2387.38,2392.99
3,506,normalize,cpu,2393.86,2397.5
3,506,g_a_cpu,cpu,2397.51,2397.91
3,506,g_a,dpu,2397.92,2523.79
3,506,g_a,dpu,2523.79,2529.24
3,506,g_a_cpu,cpu,2529.24,2529.65
3,506,eb_enc,cpu,2529.65,2534.74
3,536,normalize,cpu,2535.47,2539.17
3,536,g_a_cpu,cpu,2539.17,2539.52
3,536,g_a,dpu,2539.52,2577.39
3,536,g_a,dpu,2577.39,2614.29
3,536,g_a_cpu,cpu,2614.29,2614.85
3,536,eb_enc,cpu,2614.86,2619.9
3,554,normalize,cpu,2620.36,2624.08
3,554,g_a_cpu,cpu,2624.09,2624.48
3,554,g_a,dpu,2624.48,2664.27
3,554,g_a,dpu,2664.27,2669.68
3,554,g_a_cpu,cpu,2669.69,2670.18
3,554,eb_enc,cpu,2670.18,2675.27
3,567,normalize,cpu,2675.81,2683.08
3,567,g_a_cpu,cpu,2683.08,2683.43
3,567,g_a,dpu,2683.44,2721.22
3,567,g_a,dpu,2721.22,2780.26
3,567,g_a_cpu,cpu,2780.27,2780.98
3,567,eb_enc,cpu,2780.99,2786.87
3,588,normalize,cpu,2787.94,2803.96
3,588,g_a_cpu,cpu,2803.97,2804.64
3,588,g_a,dpu,2804.64,2883.68
3,588,g_a,dpu,2883.68,2922.83
3,588,g_a_cpu,cpu,2922.83,2923.47
3,588,eb_enc,cpu,2923.47,2929.07
3,620,normalize,cpu,2930.24,2935.01
3,620,g_a_cpu,cpu,2935.01,2935.53
3,620,g_a,dpu,2935.53,2972.54
3,620,g_a,dpu,2972.54,3016.14
3,620,g_a_cpu,cpu,3016.15,3016.58
3,620,eb_enc,cpu,3016.58,3021.68
3,641,normalize,cpu,3022.18,3026.2
3,641,g_a_cpu,cpu,3026.21,3026.81
3,641,g_a,dpu,3026.81,3069.95
3,641,g_a,dpu,3069.95,3075.05
3,641,g_a_cpu,cpu,3075.06,3075.64
3,641,eb_enc,cpu,3075.64,3081.05
3,654,normalize,cpu,3081.61,3085.37
3,654,g_a_cpu,cpu,3085.37,3085.91
3,654,g_a,dpu,3085.91,3091.35
3,654,g_a,dpu,3091.35,3132.96
3,654,g_a_cpu,cpu,3132.97,3133.48
3,654,eb_enc,cpu,3133.48,3138.67
3,667,normalize,cpu,3139.22,3142.95
3,667,g_a_cpu,cpu,3142.95,3143.41
3,667,g_a,dpu,3143.42,3216.44
3,667,g_a,dpu,3216.44,3259.1
3,667,g_a_cpu,cpu,3259.1,3259.46
3,667,eb_enc,cpu,3259.47,3264.62
3,694,normalize,cpu,3265.39,3271.29
3,694,g_a_cpu,cpu,3271.3,3272.16
3,694,g_a,dpu,3272.18,3360.29
3,694,g_a,dpu,3360.29,3424.83
3,694,g_a_cpu,cpu,3424.83,3425.31
3,694,eb_enc,cpu,3425.31,3433.37
3,731,normalize,cpu,3433.96,3437.69
3,731,g_a_cpu,cpu,3437.7,3438.23
3,731,g_a,dpu,3438.24,3443.33
3,731,g_a,dpu,3443.33,3448.59
3,731,g_a_cpu,cpu,3448.59,3449.29
3,731,eb_enc,cpu,3449.3,3457.15
3,738,normalize,cpu,3457.84,3461.85
3,738,g_a_cpu,cpu,3461.86,3462.3
3,738,g_a,dpu,3462.31,3502.57
3,738,g_a,dpu,3502.58,3600.79
3,738,g_a_cpu,cpu,3600.79,3601.44
3,738,eb_enc,cpu,3601.44,3606.63
3,767,normalize,cpu,3607.27,3611.63
3,767,g_a_cpu,cpu,3611.63,3611.94
3,767,g_a,dpu,3611.94,3621.12
3,767,g_a,dpu,3621.12,3663.38
3,767,g_a_cpu,cpu,3663.38,3664.1
3,767,eb_enc,cpu,3664.1,3670.96
3,780,normalize,cpu,3672.57,3676.26
3,780,g_a_cpu,cpu,3676.26,3676.69
3,780,g_a,dpu,3676.7,3703.75
3,780,g_a,dpu,3703.75,3708.94
3,780,g_a_cpu,cpu,3708.95,3709.55
3,780,eb_enc,cpu,3709.56,3716.64
3,788,normalize,cpu,3728.31,3735.21
3,788,g_a_cpu,cpu,3735.22,3735.85
3,788,g_a,dpu,3735.85,3774.89
3,788,g_a,dpu,3774.89,3806.25
3,788,g_a_cpu,cpu,3806.25,3806.73
3,788,eb_enc,cpu,3806.73,3813.75
3,812,normalize,cpu,3814.34,3818.02
3,812,g_a_cpu,cpu,3818.03,3818.55
3,812,g_a,dpu,3818.55,3884.19
3,812,g_a,dpu,3884.19,3889.45
3,812,g_a_cpu,cpu,3889.45,3889.99
3,812,eb_enc,cpu,3889.99,3896.53
3,830,normalize,cpu,3897.37,3901.14
3,830,g_a_cpu,cpu,3901.15,3901.63
3,830,g_a,dpu,3901.63,3935.79
3,830,g_a,dpu,3935.8,3970.2
3,830,g_a_cpu,cpu,3970.2,3970.94
3,830,eb_enc,cpu,3970.94,3975.98
3,850,normalize,cpu,3976.5,3980.24
3,850,g_a_cpu,cpu,3980.24,3980.57
3,850,g_a,dpu,3980.57,4014.04
3,850,g_a,dpu,4014.04,4059.28
3,850,g_a_cpu,cpu,4059.28,4059.65
3,850,eb_enc,cpu,4059.65,4064.79
3,868,normalize,cpu,4065.3,4069.18
3,868,g_a_cpu,cpu,4069.18,4069.53
3,868,g_a,dpu,4069.53,4098.16
3,868,g_a,dpu,4098.16,4103.44
3,868,g_a_cpu,cpu,4103.44,4104.07
3,868,eb_enc,cpu,4104.08,4111.41
3,878,normalize,cpu,4112.22,4116.79
3,878,g_a_cpu,cpu,4116.79,4117.15
3,878,g_a,dpu,4117.15,4150.39
3,878,g_a,dpu,4150.39,4189.36
3,878,g_a_cpu,cpu,4189.37,4189.73
3,878,eb_enc,cpu,4189.75,4194.79
3,896,normalize,cpu,4195.27,4199.14
3,896,g_a_cpu,cpu,4199.14,4199.48
3,896,g_a,dpu,4199.48,4247.53
3,896,g_a,dpu,4247.53,4252.98
3,896,g_a_cpu,cpu,4252.98,4253.35
3,896,eb_enc,cpu,4253.35,4258.21
3,911,normalize,cpu,4259.8,4263.5
3,911,g_a_cpu,cpu,4263.5,4263.98
3,911,g_a,dpu,4263.98,4306.22
3,911,g_a,dpu,4306.22,4336.96
3,911,g_a_cpu,cpu,4336.96,4337.44
3,911,eb_enc,cpu,4337.45,4342.42
4,14,normalize,cpu,83.2826,93.2147
4,14,g_a_cpu,cpu,93.288,93.7592
4,14,g_a,dpu,93.7626,104.908
4,14,g_a,dpu,104.916,141.388
4,14,g_a_cpu,cpu,141.39,141.797
4,14,eb_enc,cpu,141.807,221.033
4,46,normalize,cpu,221.685,225.445
4,46,g_a_cpu,cpu,225.449,225.858
4,46,g_a,dpu,225.861,273.029
4,46,g_a,dpu,273.038,314.837
4,46,g_a_cpu,cpu,314.841,315.465
4,46,eb_enc,cpu,315.47,320.471
4,67,normalize,cpu,321.185,324.853
4,67,g_a_cpu,cpu,324.863,325.411
4,67,g_a,dpu,325.413,371.334
4,67,g_a,dpu,371.338,416.977
4,67,g_a_cpu,cpu,416.979,417.596
4,67,eb_enc,cpu,417.607,422.644
4,87,normalize,cpu,423.099,426.842
4,87,g_a_cpu,cpu,426.853,427.531
4,87,g_a,dpu,427.533,462.568
4,87,g_a,dpu,462.571,497.786
4,87,g_a_cpu,cpu,497.787,498.189
4,87,eb_enc,cpu,498.193,503.585
4,105,normalize,cpu,504.594,508.257
4,105,g_a_cpu,cpu,508.261,508.682
4,105,g_a,dpu,508.687,574.462
4,105,g_a,dpu,574.464,611.862
4,105,g_a_cpu,cpu,611.865,612.373
4,105,eb_enc,cpu,612.376,617.466
4,127,normalize,cpu,618.302,621.979
4,127,g_a_cpu,cpu,621.985,633.959
4,127,g_a,dpu,633.967,679.99
4,127,g_a,dpu,680.004,685.213
4,127,g_a_cpu,cpu,685.215,686.03
4,127,eb_enc,cpu,686.039,691.442
4,143,normalize,cpu,692.179,696.672
4,143,g_a_cpu,cpu,696.678,697.385
4,143,g_a,dpu,697.391,726.768
4,143,g_a,dpu,726.769,732.305
4,143,g_a_cpu,cpu,732.308,733.037
4,143,eb_enc,cpu,733.039,738.574
4,154,normalize,cpu,739.282,744.17
4,154,g_a_cpu,cpu,744.174,744.588
4,154,g_a,dpu,744.593,749.964
4,154,g_a,dpu,749.97,820.338
4,154,g_a_cpu,cpu,820.34,820.847
4,154,eb_enc,cpu,820.851,826.068
4,174,normalize,cpu,828.203,831.952
4,174,g_a_cpu,cpu,831.957,832.565
4,174,g_a,dpu,832.569,882.884
4,174,g_a,dpu,882.888,927.282
4,174,g_a_cpu,cpu,927.284,927.687
4,174,eb_enc,cpu,927.691,932.553
4,194,normalize,cpu,933.095,940.048
4,194,g_a_cpu,cpu,940.056,940.482
4,194,g_a,dpu,940.486,1020.37
4,194,g_a,dpu,1020.38,1025.64
4,194,g_a_cpu,cpu,1025.65,1026.16
4,194,eb_enc,cpu,1026.16,1032.51
4,215,normalize,cpu,1033.43,1038.43
4,215,g_a_cpu,cpu,1038.44,1038.88
4,215,g_a,dpu,1038.89,1066.8
4,215,g_a,dpu,1066.8,1106.68
4,215,g_a_cpu,cpu,1106.68,1107.21
4,215,eb_enc,cpu,1107.22,1112.47
4,234,normalize,cpu,1113.28,1117.02
4,234,g_a_cpu,cpu,1117.03,1117.78
4,234,g_a,dpu,1117.78,1165.1
4,234,g_a,dpu,1165.1,1204.78
4,234,g_a_cpu,cpu,1204.78,1205.24
4,234,eb_enc,cpu,1205.25,1211.03
4,252,normalize,cpu,1211.72,1219.03
4,252,g_a_cpu,cpu,1219.03,1219.65
4,252,g_a,dpu,1219.65,1261.59
4,252,g_a,dpu,1261.59,1266.95
4,252,g_a_cpu,cpu,1266.95,1267.41
4,252,eb_enc,cpu,1267.41,1274.65
4,265,normalize,cpu,1275.55,1279.28
4,265,g_a_cpu,cpu,1279.29,1279.67
4,265,g_a,dpu,1279.67,1315.9
4,265,g_a,dpu,1315.9,1358.47
4,265,g_a_cpu,cpu,1358.47,1358.96
4,265,eb_enc,cpu,1358.96,1363.91
4,287,normalize,cpu,1364.47,1368.31
4,287,g_a_cpu,cpu,1368.31,1368.63
4,287,g_a,dpu,1368.63,1417.24
4,287,g_a,dpu,1417.25,1452.33
4,287,g_a_cpu,cpu,1452.33,1452.74
4,287,eb_enc,cpu,1452.75,1457.76
4,304,normalize,cpu,1458.22,1461.98
4,304,g_a_cpu,cpu,1461.98,1462.33
4,304,g_a,dpu,1462.33,1508.1
4,304,g_a,dpu,1508.1,1539.67
4,304,g_a_cpu,cpu,1539.67,1540.13
4,304,eb_enc,cpu,1540.13,1545.1
4,322,normalize,cpu,1545.52,1549.34
4,322,g_a_cpu,cpu,1549.35,1549.84
4,322,g_a,dpu,1549.84,1635.42
4,322,g_a,dpu,1635.42,1640.85
4,322,g_a_cpu,cpu,1640.85,1641.42
4,322,eb_enc,cpu,1641.42,1646.77
4,346,normalize,cpu,1647.37,1653.83
4,346,g_a_cpu,cpu,1653.84,1654.21
4,346,g_a,dpu,1654.22,1701.58
4,346,g_a,dpu,1701.58,1706.81
4,346,g_a_cpu,cpu,1706.81,1707.42
4,346,eb_enc,cpu,1707.43,1712.65
4,359,normalize,cpu,1713.39,1717.13
4,359,g_a_cpu,cpu,1717.13,1717.65
4,359,g_a,dpu,1717.65,1752.25
4,359,g_a,dpu,1752.25,1757.5
4,359,g_a_cpu,cpu,1757.51,1758.13
4,359,eb_enc,cpu,1758.13,1763.16
4,370,normalize,cpu,1764.45,1768.19
4,370,g_a_cpu,cpu,1768.19,1768.78
4,370,g_a,dpu,1768.79,1809.19
4,370,g_a,dpu,1809.19,1839.6
4,370,g_a_cpu,cpu,1839.6,1840.04
4,370,eb_enc,cpu,1840.04,1845.15
4,387,normalize,cpu,1845.83,1849.71
4,387,g_a_cpu,cpu,1849.71,1850.33
4,387,g_a,dpu,1850.33,1890.7
4,387,g_a,dpu,1890.7,1931.49
4,387,g_a_cpu,cpu,1931.49,1932.22
4,387,eb_enc,cpu,1932.22,1937.53
4,409,normalize,cpu,1938.13,1949.9
4,409,g_a_cpu,cpu,1949.9,1950.39
4,409,g_a,dpu,1950.39,1988.74
4,409,g_a,dpu,1988.76,2032.27
4,409,g_a_cpu,cpu,2032.28,2032.73
4,409,eb_enc,cpu,2032.73,2037.62
4,431,normalize,cpu,2038.09,2041.97
4,431,g_a_cpu,cpu,2041.97,2042.42
4,431,g_a,dpu,2042.42,2082.85
4,431,g_a,dpu,2082.85,2088.01
4,431,g_a_cpu,cpu,2088.01,2088.5
4,431,eb_enc,cpu,2088.51,2093.64
4,443,normalize,cpu,2094.18,2097.92
4,443,g_a_cpu,cpu,2097.92,2098.17
4,443,g_a,dpu,2098.18,2147.87
4,443,g_a,dpu,2147.87,2153.77
4,443,g_a_cpu,cpu,2153.77,2154.11
4,443,eb_enc,cpu,2154.11,2159.24
4,457,normalize,cpu,2159.98,2163.79
4,457,g_a_cpu,cpu,2163.8,2164.51
4,457,g_a,dpu,2164.52,2207.29
4,457,g_a,dpu,2207.29,2212.8
4,457,g_a_cpu,cpu,2212.8,2213.51
4,457,eb_enc,cpu,2213.52,2218.73
4,469,normalize,cpu,2219.28,2223.05
4,469,g_a_cpu,cpu,2223.06,2223.83
4,469,g_a,dpu,2223.83,2305.01
4,469,g_a,dpu,2305.01,2358.47
4,469,g_a_cpu,cpu,2358.48,2358.89
4,469,eb_enc,cpu,2358.9,2364.02
4,498,normalize,cpu,2364.64,2368.53
4,498,g_a_cpu,cpu,2368.54,2369.14
4,498,g_a,dpu,2369.14,2446.8
4,498,g_a,dpu,2446.8,2484.54
4,498,g_a_cpu,cpu,2484.54,2485.18
4,498,eb_enc,cpu,2485.18,2490.63
4,526,normalize,cpu,2491.44,2495.33
4,526,g_a_cpu,cpu,2495.33,2496.29
4,526,g_a,dpu,2496.3,2535.32
4,526,g_a,dpu,2535.32,2586.03
4,526,g_a_cpu,cpu,2586.04,2586.46
4,526,eb_enc,cpu,2586.46,2592.4
4,548,normalize,cpu,2593.78,2598.43
4,548,g_a_cpu,cpu,2598.43,2599.07
4,548,g_a,dpu,2599.08,2604.32
4,548,g_a,dpu,2604.32,2663.44
4,548,g_a_cpu,cpu,2663.44,2663.91
4,548,eb_enc,cpu,2663.91,2668.75
4,566,normalize,cpu,2669.51,2673.29
4,566,g_a_cpu,cpu,2673.3,2673.69
4,566,g_a,dpu,2673.69,2716.23
4,566,g_a,dpu,2716.23,2841.74
4,566,g_a_cpu,cpu,2841.74,2842.14
4,566,eb_enc,cpu,2842.14,2847.36
4,601,normalize,cpu,2847.89,2851.77
4,601,g_a_cpu,cpu,2851.78,2852.32
4,601,g_a,dpu,2852.32,2893.25
4,601,g_a,dpu,2893.25,2898.47
4,601,g_a_cpu,cpu,2898.47,2899.01
4,601,eb_enc,cpu,2899.02,2904.08
4,615,normalize,cpu,2904.67,2908.42
4,615,g_a_cpu,cpu,2908.43,2908.92
4,615,g_a,dpu,2908.92,2962.89
4,615,g_a,dpu,2962.89,2994.1
4,615,g_a_cpu,cpu,2994.1,2994.7
4,615,eb_enc,cpu,2994.71,2999.84
4,636,normalize,cpu,3000.61,3004.34
4,636,g_a_cpu,cpu,3004.34,3005.07
4,636,g_a,dpu,3005.07,3047.52
4,636,g_a,dpu,3047.52,3053.15
4,636,g_a_cpu,cpu,3053.15,3053.82
4,636,eb_enc,cpu,3053.82,3059.06
4,648,normalize,cpu,3059.73,3063.6
4,648,g_a_cpu,cpu,3063.61,3064.08
4,648,g_a,dpu,3064.09,3097.98
4,648,g_a,dpu,3097.98,3104.92
4,648,g_a_cpu,cpu,3104.92,3105.58
4,648,eb_enc,cpu,3105.58,3118.9
4,663,normalize,cpu,3119.41,3130.66
4,663,g_a_cpu,cpu,3130.67,3131.1
4,663,g_a,dpu,3131.1,3175.73
4,663,g_a,dpu,3175.73,3180.85
4,663,g_a_cpu,cpu,3180.86,3181.45
4,663,eb_enc,cpu,3181.46,3186.43
4,678,normalize,cpu,3187.09,3190.79
4,678,g_a_cpu,cpu,3190.79,3191.21
4,678,g_a,dpu,3191.22,3308.13
4,678,g_a,dpu,3308.14,3337.54
4,678,g_a_cpu,cpu,3337.54,3338.05
4,678,eb_enc,cpu,3338.05,3343.15
4,711,normalize,cpu,3343.79,3347.53
4,711,g_a_cpu,cpu,3347.54,3348.43
4,711,g_a,dpu,3348.43,3375.24
4,711,g_a,dpu,3375.24,3457.26
4,711,g_a_cpu,cpu,3457.26,3457.68
4,711,eb_enc,cpu,3457.68,3462.87
4,739,normalize,cpu,3463.43,3467.26
4,739,g_a_cpu,cpu,3467.27,3467.99
4,739,g_a,dpu,3468,3692.97
4,739,g_a,dpu,3692.97,3698.48
4,739,g_a_cpu,cpu,3698.48,3698.92
4,739,eb_enc,cpu,3698.93,3705.58
4,789,normalize,cpu,3718.55,3733.68
4,789,g_a_cpu,cpu,3733.68,3734.3
4,789,g_a,dpu,3734.3,3779.48
4,789,g_a,dpu,3779.48,3827.5
4,789,g_a_cpu,cpu,3827.5,3828
4,789,eb_enc,cpu,3828,3832.95
4,815,normalize,cpu,3833.42,3837.34
4,815,g_a_cpu,cpu,3837.35,3838.01
4,815,g_a,dpu,3838.01,3887.03
4,815,g_a,dpu,3887.03,3932.49
4,815,g_a_cpu,cpu,3932.49,3933.26
4,815,eb_enc,cpu,3933.27,3938.96
4,840,normalize,cpu,3939.7,3953.34
4,840,g_a_cpu,cpu,3953.35,3953.84
4,840,g_a,dpu,3953.85,3995.3
4,840,g_a,dpu,3995.3,4000.8
4,840,g_a_cpu,cpu,4000.8,4001.35
4,840,eb_enc,cpu,4001.35,4007.49
4,856,normalize,cpu,4008.17,4012.81
4,856,g_a_cpu,cpu,4012.81,4013.28
4,856,g_a,dpu,4013.28,4072.54
4,856,g_a,dpu,4072.54,4210.89
4,856,g_a_cpu,cpu,4210.89,4211.48
4,856,eb_enc,cpu,4211.49,4216.77
4,901,normalize,cpu,4217.77,4221.45
4,901,g_a_cpu,cpu,4221.45,4222.17
4,901,g_a,dpu,4222.18,4275.89
4,901,g_a,dpu,4275.9,4281.28
4,901,g_a_cpu,cpu,4281.28,4281.63
4,901,eb_enc,cpu,4281.65,4286.79
4,917,normalize,cpu,4287.41,4291.17
4,917,g_a_cpu,cpu,4291.17,4291.56
4,917,g_a,dpu,4291.57,4347.63
4,917,g_a,dpu,4347.63,4354.9
4,917,g_a_cpu,cpu,4354.9,4355.62
4,917,eb_enc,cpu,4355.62,4361.64
5,10,normalize,cpu,76.372,82.5921
5,10,g_a_cpu,cpu,82.7898,83.3153
5,10,g_a,dpu,83.3236,100.003
5,10,g_a,dpu,100.009,134.167
5,10,g_a_cpu,cpu,134.17,134.804
5,10,eb_enc,cpu,134.816,149.544
5,28,normalize,cpu,150.072,162.35
5,28,g_a_cpu,cpu,162.354,163.024
5,28,g_a,dpu,163.03,196.358
5,28,g_a,dpu,196.369,210.767
5,28,g_a_cpu,cpu,210.77,211.191
5,28,eb_enc,cpu,211.194,216.262
5,45,normalize,cpu,216.83,224.691
5,45,g_a_cpu,cpu,224.696,225.059
5,45,g_a,dpu,225.064,254.171
5,45,g_a,dpu,254.177,260.807
5,45,g_a_cpu,cpu,260.809,261.563
5,45,eb_enc,cpu,261.595,268.426
5,55,normalize,cpu,269.379,273.447
5,55,g_a_cpu,cpu,273.453,274.252
5,55,g_a,dpu,274.26,284.196
5,55,g_a,dpu,284.198,292.365
5,55,g_a_cpu,cpu,292.366,292.983
5,55,eb_enc,cpu,292.986,298.689
5,61,normalize,cpu,299.196,315.87
5,61,g_a_cpu,cpu,315.874,316.445
5,61,g_a,dpu,316.45,344.661
5,61,g_a,dpu,344.666,405.958
5,61,g_a_cpu,cpu,405.96,406.454
5,61,eb_enc,cpu,406.457,411.776
5,85,normalize,cpu,412.871,416.545
5,85,g_a_cpu,cpu,416.549,427.328
5,85,g_a,dpu,427.335,458.937
5,85,g_a,dpu,458.95,525.003
5,85,g_a_cpu,cpu,525.005,525.762
5,85,eb_enc,cpu,525.77,532.605
5,111,normalize,cpu,533.828,537.591
5,111,g_a_cpu,cpu,537.597,538.077
5,111,g_a,dpu,538.081,591.963
5,111,g_a,dpu,591.967,634.721
5,111,g_a_cpu,cpu,634.723,635.698
5,111,eb_enc,cpu,635.706,641.333
5,132,normalize,cpu,642.022,645.824
5,132,g_a_cpu,cpu,645.828,646.13
5,132,g_a,dpu,646.134,690.42
5,132,g_a,dpu,690.424,696.669
5,132,g_a_cpu,cpu,696.671,697.398
5,132,eb_enc,cpu,697.402,712.627
5,149,normalize,cpu,713.677,717.543
5,149,g_a_cpu,cpu,717.548,718.226
5,149,g_a,dpu,718.228,754.316
5,149,g_a,dpu,754.317,807.946
5,149,g_a_cpu,cpu,807.948,808.331
5,149,eb_enc,cpu,808.336,813.699
5,170,normalize,cpu,814.422,818.147
5,170,g_a_cpu,cpu,818.151,818.548
5,170,g_a,dpu,818.551,830.654
5,170,g_a,dpu,830.656,984.028
5,170,g_a_cpu,cpu,984.029,984.414
5,170,eb_enc,cpu,984.416,989.41
5,209,normalize,cpu,1000.24,1003.9
5,209,g_a_cpu,cpu,1003.9,1004.32
5,209,g_a,dpu,1004.32,1055.03
5,209,g_a,dpu,1055.03,1090.72
5,209,g_a_cpu,cpu,1090.72,1091.28
5,209,eb_enc,cpu,1091.29,1096.25
5,229,normalize,cpu,1096.81,1100.65
5,229,g_a_cpu,cpu,1100.65,1101.17
5,229,g_a,dpu,1101.17,1209.79
5,229,g_a,dpu,1209.79,1215.28
5,229,g_a_cpu,cpu,1215.29,1215.8
5,229,eb_enc,cpu,1215.81,1221.03
5,254,normalize,cpu,1221.59,1225.32
5,254,g_a_cpu,cpu,1225.32,1225.61
5,254,g_a,dpu,1225.62,1292.34
5,254,g_a,dpu,1292.34,1326.8
5,254,g_a_cpu,cpu,1326.8,1327.46
5,254,eb_enc,cpu,1327.46,1332.57
5,278,normalize,cpu,1333.09,1336.79
5,278,g_a_cpu,cpu,1336.8,1337.24
5,278,g_a,dpu,1337.32,1377.55
5,278,g_a,dpu,1377.55,1387
5,278,g_a_cpu,cpu,1387.01,1387.9
5,278,eb_enc,cpu,1387.9,1393.55
5,292,normalize,cpu,1394.22,1408.85
5,292,g_a_cpu,cpu,1408.86,1409.26
5,292,g_a,dpu,1409.27,1418.82
5,292,g_a,dpu,1418.82,1513.5
5,292,g_a_cpu,cpu,1513.5,1513.92
5,292,eb_enc,cpu,1513.92,1518.92
5,317,normalize,cpu,1519.63,1523.43
5,317,g_a_cpu,cpu,1523.44,1524.28
5,317,g_a,dpu,1524.29,1579.28
5,317,g_a,dpu,1579.28,1585.03
5,317,g_a_cpu,cpu,1585.04,1585.66
5,317,eb_enc,cpu,1585.66,1591.08
5,334,normalize,cpu,1591.75,1595.62
5,334,g_a_cpu,cpu,1595.62,1596.1
5,334,g_a,dpu,1596.11,1602
5,334,g_a,dpu,1602.01,1686
5,334,g_a_cpu,cpu,1686,1686.62
5,334,eb_enc,cpu,1686.62,1691.98
5,355,normalize,cpu,1693.05,1696.72
5,355,g_a_cpu,cpu,1696.73,1697.6
5,355,g_a,dpu,1697.61,1703.96
5,355,g_a,dpu,1703.97,1794.01
5,355,g_a_cpu,cpu,1794.01,1794.4
5,355,eb_enc,cpu,1794.4,1799.6
5,378,normalize,cpu,1800.26,1804.25
5,378,g_a_cpu,cpu,1804.26,1805.14
5,378,g_a,dpu,1805.15,1848.12
5,378,g_a,dpu,1848.12,1886.96
5,378,g_a_cpu,cpu,1886.96,1887.54
5,378,eb_enc,cpu,1887.55,1893.46
5,399,normalize,cpu,1894.17,1898.14
5,399,g_a_cpu,cpu,1898.15,1898.61
5,399,g_a,dpu,1898.61,1965.39
5,399,g_a,dpu,1965.4,2012.69
5,399,g_a_cpu,cpu,2012.7,2013.25
5,399,eb_enc,cpu,2013.26,2018.33
5,426,normalize,cpu,2019.01,2022.8
5,426,g_a_cpu,cpu,2022.81,2023.42
5,426,g_a,dpu,2023.43,2063.67
5,426,g_a,dpu,2063.68,2107.94
5,426,g_a_cpu,cpu,2107.94,2108.58
5,426,eb_enc,cpu,2108.59,2113.79
5,447,normalize,cpu,2114.81,2118.43
5,447,g_a_cpu,cpu,2118.43,2118.96
5,447,g_a,dpu,2118.96,2163.89
5,447,g_a,dpu,2163.9,2211.48
5,447,g_a_cpu,cpu,2211.49,2212.05
5,447,eb_enc,cpu,2212.05,2217.27
5,468,normalize,cpu,2218.19,2221.85
5,468,g_a_cpu,cpu,2221.85,2222.97
5,468,g_a,dpu,2222.98,2324.77
5,468,g_a,dpu,2324.77,2368.13
5,468,g_a_cpu,cpu,2368.13,2368.72
5,468,eb_enc,cpu,2368.73,2373.76
5,500,normalize,cpu,2374.58,2378.21
5,500,g_a_cpu,cpu,2378.22,2378.91
5,500,g_a,dpu,2378.92,2419.96
5,500,g_a,dpu,2419.96,2428.83
5,500,g_a_cpu,cpu,2428.83,2429.28
5,500,eb_enc,cpu,2429.28,2434.61
5,515,normalize,cpu,2435.21,2438.96
5,515,g_a_cpu,cpu,2438.96,2439.35
5,515,g_a,dpu,2439.36,2480.41
5,515,g_a,dpu,2480.42,2487.04
5,515,g_a_cpu,cpu,2487.04,2487.76
5,515,eb_enc,cpu,2487.77,2493.09
5,527,normalize,cpu,2493.99,2498.14
5,527,g_a_cpu,cpu,2498.15,2498.91
5,527,g_a,dpu,2498.92,2556.47
5,527,g_a,dpu,2556.48,2609.8
5,527,g_a_cpu,cpu,2609.8,2610.33
5,527,eb_enc,cpu,2610.33,2616.58
5,553,normalize,cpu,2617.44,2625.25
5,553,g_a_cpu,cpu,2625.26,2625.83
5,553,g_a,dpu,2625.83,2663.59
5,553,g_a,dpu,2663.59,2678.72
5,553,g_a_cpu,cpu,2678.72,2679.31
5,553,eb_enc,cpu,2679.32,2684.51
5,569,normalize,cpu,2685.38,2689.06
5,569,g_a_cpu,cpu,2689.07,2689.52
5,569,g_a,dpu,2689.52,2743.06
5,569,g_a,dpu,2743.06,2793.97
5,569,g_a_cpu,cpu,2793.98,2794.69
5,569,eb_enc,cpu,2794.69,2799.91
5,592,normalize,cpu,2800.51,2809.51
5,592,g_a_cpu,cpu,2809.53,2810.46
5,592,g_a,dpu,2810.46,2851.7
5,592,g_a,dpu,2851.7,2857.54
5,592,g_a_cpu,cpu,2857.54,2857.92
5,592,eb_enc,cpu,2857.92,2863.27
5,604,normalize,cpu,2863.99,2868.44
5,604,g_a_cpu,cpu,2868.44,2868.98
5,604,g_a,dpu,2868.98,2905.57
5,604,g_a,dpu,2905.57,2954.82
5,604,g_a_cpu,cpu,2954.82,2955.52
5,604,eb_enc,cpu,2955.52,2960.72
5,628,normalize,cpu,2961.32,2965.01
5,628,g_a_cpu,cpu,2965.02,2965.42
5,628,g_a,dpu,2965.43,3003.67
5,628,g_a,dpu,3003.67,3077.24
5,628,g_a_cpu,cpu,3077.24,3077.74
5,628,eb_enc,cpu,3077.74,3082.88
5,655,normalize,cpu,3083.95,3087.74
5,655,g_a_cpu,cpu,3087.75,3088.33
5,655,g_a,dpu,3088.34,3095.94
5,655,g_a,dpu,3095.95,3154.68
5,655,g_a_cpu,cpu,3154.68,3155.33
5,655,eb_enc,cpu,3155.33,3160.51
5,673,normalize,cpu,3163.67,3167.57
5,673,g_a_cpu,cpu,3167.58,3168.11
5,673,g_a,dpu,3168.12,3202.72
5,673,g_a,dpu,3202.73,3295.21
5,673,g_a_cpu,cpu,3295.21,3295.82
5,673,eb_enc,cpu,3295.83,3306.27
5,702,normalize,cpu,3306.91,3315.54
5,702,g_a_cpu,cpu,3315.55,3315.93
5,702,g_a,dpu,3315.93,3472.37
5,702,g_a,dpu,3472.38,3526.5
5,702,g_a_cpu,cpu,3526.5,3527.05
5,702,eb_enc,cpu,3527.05,3531.96
5,753,normalize,cpu,3532.75,3536.73
5,753,g_a_cpu,cpu,3536.74,3539.54
5,753,g_a,dpu,3539.55,3582.84
5,753,g_a,dpu,3582.84,3634.92
5,753,g_a_cpu,cpu,3634.93,3635.31
5,753,eb_enc,cpu,3635.32,3640.2
5,774,normalize,cpu,3640.72,3644.58
5,774,g_a_cpu,cpu,3644.58,3645.04
5,774,g_a,dpu,3645.04,3686.7
5,774,g_a,dpu,3686.71,3731.64
5,774,g_a_cpu,cpu,3731.64,3732.2
5,774,eb_enc,cpu,3732.2,3737.49
5,795,normalize,cpu,3738.17,3741.92
5,795,g_a_cpu,cpu,3741.93,3742.37
5,795,g_a,dpu,3742.38,3818.82
5,795,g_a,dpu,3818.82,3858.49
5,795,g_a_cpu,cpu,3858.49,3858.97
5,795,eb_enc,cpu,3858.97,3864.28
5,823,normalize,cpu,3864.84,3870.09
5,823,g_a_cpu,cpu,3870.09,3870.42
5,823,g_a,dpu,3870.42,3877.29
5,823,g_a,dpu,3877.29,3921.24
5,823,g_a_cpu,cpu,3921.24,3921.75
5,823,eb_enc,cpu,3921.75,3930.15
5,838,normalize,cpu,3931.61,3935.72
5,838,g_a_cpu,cpu,3935.73,3936.7
5,838,g_a,dpu,3936.71,3987.74
5,838,g_a,dpu,3987.74,4026.39
5,838,g_a_cpu,cpu,4026.39,4027.06
5,838,eb_enc,cpu,4027.07,4049.08
5,864,normalize,cpu,4050.39,4055.43
5,864,g_a_cpu,cpu,4055.44,4055.84
5,864,g_a,dpu,4055.85,4162.02
5,864,g_a,dpu,4162.02,4200.63
5,864,g_a_cpu,cpu,4200.63,4201.14
5,864,eb_enc,cpu,4201.15,4206.14
5,897,normalize,cpu,4206.73,4210.46
5,897,g_a_cpu,cpu,4210.46,4211.23
5,897,g_a,dpu,4211.24,4258.77
5,897,g_a,dpu,4258.77,4293.32
5,897,g_a_cpu,cpu,4293.32,4293.78
5,897,eb_enc,cpu,4293.79,4298.72
5,919,normalize,cpu,4299.15,4302.9
5,919,g_a_cpu,cpu,4302.9,4303.36
5,919,g_a,dpu,4303.37,4333.3
5,919,g_a,dpu,4333.3,4338.93
5,919,g_a_cpu,cpu,4338.93,4339.51
5,919,eb_enc,cpu,4339.52,4348.51
6,7,normalize,cpu,75.346,90.4933
6,7,g_a_cpu,cpu,90.6285,91.1087
6,7,g_a,dpu,91.114,126.689
6,7,g_a,dpu,126.704,168.98
6,7,g_a_cpu,cpu,168.981,169.54
6,7,eb_enc,cpu,169.551,200.208
6,38,normalize,cpu,200.935,211.203
6,38,g_a_cpu,cpu,211.207,211.648
6,38,g_a,dpu,211.652,216.947
6,38,g_a,dpu,216.952,307.929
6,38,g_a_cpu,cpu,307.931,308.333
6,38,eb_enc,cpu,308.336,313.252
6,65,normalize,cpu,313.899,317.803
6,65,g_a_cpu,cpu,317.81,318.34
6,65,g_a,dpu,318.343,398.439
6,65,g_a,dpu,398.441,404.227
6,65,g_a_cpu,cpu,404.23,404.645
6,65,eb_enc,cpu,404.655,409.745
6,84,normalize,cpu,410.272,414.763
6,84,g_a_cpu,cpu,414.767,415.321
6,84,g_a,dpu,415.325,446.424
6,84,g_a,dpu,446.426,486.768
6,84,g_a_cpu,cpu,486.77,487.196
6,84,eb_enc,cpu,487.199,492.174
6,103,normalize,cpu,492.705,500.281
6,103,g_a_cpu,cpu,500.287,500.88
6,103,g_a,dpu,500.882,565.146
6,103,g_a,dpu,565.149,606.884
6,103,g_a_cpu,cpu,606.889,607.549
6,103,eb_enc,cpu,607.559,613.053
6,125,normalize,cpu,613.62,633.334
6,125,g_a_cpu,cpu,633.342,633.945
6,125,g_a,dpu,633.953,641.103
6,125,g_a,dpu,641.114,742.874
6,125,g_a_cpu,cpu,742.875,743.363
6,125,eb_enc,cpu,743.366,751.114
6,156,normalize,cpu,751.655,755.997
6,156,g_a_cpu,cpu,756,756.403
6,156,g_a,dpu,756.405,798.694
6,156,g_a,dpu,798.699,836.543
6,156,g_a_cpu,cpu,836.545,837.304
6,156,eb_enc,cpu,837.307,843.191
6,176,normalize,cpu,843.973,847.732
6,176,g_a_cpu,cpu,847.736,848.15
6,176,g_a,dpu,848.154,899.522
6,176,g_a,dpu,899.523,904.971
6,176,g_a_cpu,cpu,904.973,905.448
6,176,eb_enc,cpu,905.45,910.637
6,188,normalize,cpu,911.259,915.107
6,188,g_a_cpu,cpu,915.123,915.753
6,188,g_a,dpu,915.756,963.329
6,188,g_a,dpu,963.331,968.652
6,188,g_a_cpu,cpu,968.653,969.124
6,188,eb_enc,cpu,969.125,974.36
6,203,normalize,cpu,974.971,978.791
6,203,g_a_cpu,cpu,978.798,979.524
6,203,g_a,dpu,979.527,1019.34
6,203,g_a,dpu,1019.34,1098.02
6,203,g_a_cpu,cpu,1098.02,1098.59
6,203,eb_enc,cpu,1098.59,1103.81
6,231,normalize,cpu,1114.57,1119.23
6,231,g_a_cpu,cpu,1119.24,1119.78
6,231,g_a,dpu,1119.79,1171.74
6,231,g_a,dpu,1171.74,1209.87
6,231,g_a_cpu,cpu,1209.87,1210.36
6,231,eb_enc,cpu,1210.37,1215.29
6,253,normalize,cpu,1216.05,1219.72
6,253,g_a_cpu,cpu,1219.72,1220.18
6,253,g_a,dpu,1220.19,1268.79
6,253,g_a,dpu,1268.79,1274.15
6,253,g_a_cpu,cpu,1274.15,1274.87
6,253,eb_enc,cpu,1274.88,1279.87
6,267,normalize,cpu,1280.6,1284.25
6,267,g_a_cpu,cpu,1284.26,1284.64
6,267,g_a,dpu,1284.64,1315.65
6,267,g_a,dpu,1315.66,1351.31
6,267,g_a_cpu,cpu,1351.31,1351.8
6,267,eb_enc,cpu,1351.8,1356.96
6,284,normalize,cpu,1357.61,1361.44
6,284,g_a_cpu,cpu,1361.45,1361.84
6,284,g_a,dpu,1361.84,1410.11
6,284,g_a,dpu,1410.11,1460.99
6,284,g_a_cpu,cpu,1460.99,1461.36
6,284,eb_enc,cpu,1461.36,1467.18
6,306,normalize,cpu,1467.9,1472.72
6,306,g_a_cpu,cpu,1472.73,1473.17
6,306,g_a,dpu,1473.17,1494.76
6,306,g_a,dpu,1494.76,1564.74
6,306,g_a_cpu,cpu,1564.74,1565.18
6,306,eb_enc,cpu,1565.18,1570.1
6,328,normalize,cpu,1570.75,1575.26
6,328,g_a_cpu,cpu,1575.27,1575.67
6,328,g_a,dpu,1575.68,1629.84
6,328,g_a,dpu,1629.84,1635.04
6,328,g_a_cpu,cpu,1635.05,1635.44
6,328,eb_enc,cpu,1635.44,1640.46
6,344,normalize,cpu,1641.39,1645.96
6,344,g_a_cpu,cpu,1645.97,1646.41
6,344,g_a,dpu,1646.41,1703.12
6,344,g_a,dpu,1703.12,1743.58
6,344,g_a_cpu,cpu,1743.58,1744.07
6,344,eb_enc,cpu,1744.07,1749.8
6,368,normalize,cpu,1750.9,1763.87
6,368,g_a_cpu,cpu,1763.89,1764.87
6,368,g_a,dpu,1764.87,1808.54
6,368,g_a,dpu,1808.54,1813.86
6,368,g_a_cpu,cpu,1813.86,1814.26
6,368,eb_enc,cpu,1814.26,1819.41
6,382,normalize,cpu,1820.38,1824.09
6,382,g_a_cpu,cpu,1824.09,1825.43
6,382,g_a,dpu,1825.44,1860.38
6,382,g_a,dpu,1860.39,1911.24
6,382,g_a_cpu,cpu,1911.24,1911.85
6,382,eb_enc,cpu,1911.86,1917.25
6,403,normalize,cpu,1918.26,1923.04
6,403,g_a_cpu,cpu,1923.05,1923.62
6,403,g_a,dpu,1923.63,1965.75
6,403,g_a,dpu,1965.75,1998.2
6,403,g_a_cpu,cpu,1998.2,1998.94
6,403,eb_enc,cpu,1998.94,2004.15
6,423,normalize,cpu,2004.87,2009.61
6,423,g_a_cpu,cpu,2009.61,2010.4
6,423,g_a,dpu,2010.41,2059.29
6,423,g_a,dpu,2059.3,2064.53
6,423,g_a_cpu,cpu,2064.53,2065.34
6,423,eb_enc,cpu,2065.34,2070.65
6,438,normalize,cpu,2071.57,2085.61
6,438,g_a_cpu,cpu,2085.61,2086.02
6,438,g_a,dpu,2086.02,2091.32
6,438,g_a,dpu,2091.34,2147.72
6,438,g_a_cpu,cpu,2147.72,2148.18
6,438,eb_enc,cpu,2148.18,2153.05
6,456,normalize,cpu,2153.52,2157.28
6,456,g_a_cpu,cpu,2157.29,2157.64
6,456,g_a,dpu,2157.65,2165.19
6,456,g_a,dpu,2165.19,2170.76
6,456,g_a_cpu,cpu,2170.76,2171.35
6,456,eb_enc,cpu,2171.36,2176.38
6,461,normalize,cpu,2176.96,2180.74
6,461,g_a_cpu,cpu,2180.74,2181.37
6,461,g_a,dpu,2181.38,2286.82
6,461,g_a,dpu,2286.82,2323.73
6,461,g_a_cpu,cpu,2323.73,2324.24
6,461,eb_enc,cpu,2324.24,2329.15
6,491,normalize,cpu,2329.78,2333.56
6,491,g_a_cpu,cpu,2333.57,2333.96
6,491,g_a,dpu,2333.96,2339.41
6,491,g_a,dpu,2339.41,2379.91
6,491,g_a_cpu,cpu,2379.91,2380.39
6,491,eb_enc,cpu,2380.39,2385.8
6,504,normalize,cpu,2386.55,2391.29
6,504,g_a_cpu,cpu,2391.29,2393.81
6,504,g_a,dpu,2393.82,2423.95
6,504,g_a,dpu,2423.95,2431.41
6,504,g_a_cpu,cpu,2431.41,2432.03
6,504,eb_enc,cpu,2432.03,2442.19
6,517,normalize,cpu,2442.8,2446.41
6,517,g_a_cpu,cpu,2446.42,2447.56
6,517,g_a,dpu,2447.56,2454.75
6,517,g_a,dpu,2454.75,2540.03
6,517,g_a_cpu,cpu,2540.03,2540.65
6,517,eb_enc,cpu,2540.65,2545.62
6,538,normalize,cpu,2546.36,2550.02
6,538,g_a_cpu,cpu,2550.03,2550.39
6,538,g_a,dpu,2550.39,2592.66
6,538,g_a,dpu,2592.67,2618.97
6,538,g_a_cpu,cpu,2618.97,2619.37
6,538,eb_enc,cpu,2619.37,2627.29
6,556,normalize,cpu,2628.19,2631.98
6,556,g_a_cpu,cpu,2631.99,2632.39
6,556,g_a,dpu,2632.39,2694.81
6,556,g_a,dpu,2694.82,2700.12
6,556,g_a_cpu,cpu,2700.12,2700.6
6,556,eb_enc,cpu,2700.6,2705.36
6,574,normalize,cpu,2706.18,2710.07
6,574,g_a_cpu,cpu,2710.07,2710.39
6,574,g_a,dpu,2710.4,2716.13
6,574,g_a,dpu,2716.14,2812.76
6,574,g_a_cpu,cpu,2812.76,2813.28
6,574,eb_enc,cpu,2813.28,2818.19
6,595,normalize,cpu,2818.73,2822.46
6,595,g_a_cpu,cpu,2822.47,2823.24
6,595,g_a,dpu,2823.25,2901.7
6,595,g_a,dpu,2901.7,2906.92
6,595,g_a_cpu,cpu,2906.92,2907.45
6,595,eb_enc,cpu,2907.45,2915.7
6,616,normalize,cpu,2916.27,2925.15
6,616,g_a_cpu,cpu,2925.16,2925.92
6,616,g_a,dpu,2925.93,2953.01
6,616,g_a,dpu,2953.01,2986.74
6,616,g_a_cpu,cpu,2986.74,2987.16
6,616,eb_enc,cpu,2987.16,2992.5
6,634,normalize,cpu,2993.3,2997.02
6,634,g_a_cpu,cpu,2997.02,2997.43
6,634,g_a,dpu,2997.44,3002.82
6,634,g_a,dpu,3002.82,3127.45
6,634,g_a_cpu,cpu,3127.45,3128
6,634,eb_enc,cpu,3128,3133.24
6,666,normalize,cpu,3134.12,3137.8
6,666,g_a_cpu,cpu,3137.81,3138.37
6,666,g_a,dpu,3138.37,3207.39
6,666,g_a,dpu,3207.39,3246.38
6,666,g_a_cpu,cpu,3246.38,3247.13
6,666,eb_enc,cpu,3247.14,3252.5
6,691,normalize,cpu,3253.04,3262.51
6,691,g_a_cpu,cpu,3262.54,3262.94
6,691,g_a,dpu,3262.95,3268.51
6,691,g_a,dpu,3268.52,3352.19
6,691,g_a_cpu,cpu,3352.19,3352.58
6,691,eb_enc,cpu,3352.58,3357.77
6,714,normalize,cpu,3358.28,3362.91
6,714,g_a_cpu,cpu,3362.91,3363.32
6,714,g_a,dpu,3363.32,3405.26
6,714,g_a,dpu,3405.26,3436.12
6,714,g_a_cpu,cpu,3436.12,3436.54
6,714,eb_enc,cpu,3436.54,3441.49
6,735,normalize,cpu,3441.97,3446.36
6,735,g_a_cpu,cpu,3446.36,3446.96
6,735,g_a,dpu,3446.96,3476.59
6,735,g_a,dpu,3476.59,3481.66
6,735,g_a_cpu,cpu,3481.66,3482.29
6,735,eb_enc,cpu,3482.29,3487.54
6,743,normalize,cpu,3488.24,3491.94
6,743,g_a_cpu,cpu,3491.94,3492.47
6,743,g_a,dpu,3492.47,3564.93
6,743,g_a,dpu,3564.93,3574.73
6,743,g_a_cpu,cpu,3574.73,3575.32
6,743,eb_enc,cpu,3575.32,3580.41
6,763,normalize,cpu,3580.92,3588.67
6,763,g_a_cpu,cpu,3588.68,3589.1
6,763,g_a,dpu,3589.1,3596.12
6,763,g_a,dpu,3596.12,3641.16
6,763,g_a_cpu,cpu,3641.16,3641.64
6,763,eb_enc,cpu,3641.65,3647.25
6,775,normalize,cpu,3648.06,3651.82
6,775,g_a_cpu,cpu,3651.83,3652.63
6,775,g_a,dpu,3652.64,3658.51
6,775,g_a,dpu,3658.51,3693.65
6,775,g_a_cpu,cpu,3693.65,3694.21
6,775,eb_enc,cpu,3694.22,3700.49
6,786,normalize,cpu,3701.08,3704.85
6,786,g_a_cpu,cpu,3704.86,3705.44
6,786,g_a,dpu,3705.44,3747.42
6,786,g_a,dpu,3747.43,3754.76
6,786,g_a_cpu,cpu,3754.76,3755.31
6,786,eb_enc,cpu,3755.31,3760.48
6,801,normalize,cpu,3761.49,3765.14
6,801,g_a_cpu,cpu,3765.15,3765.79
6,801,g_a,dpu,3765.8,3801.58
6,801,g_a,dpu,3801.59,3865.93
6,801,g_a_cpu,cpu,3865.93,3866.47
6,801,eb_enc,cpu,3866.47,3871.52
6,825,normalize,cpu,3872.29,3876.04
6,825,g_a_cpu,cpu,3876.05,3876.67
6,825,g_a,dpu,3876.67,3920.64
6,825,g_a,dpu,3920.65,3925.76
6,825,g_a_cpu,cpu,3925.76,3926.3
6,825,eb_enc,cpu,3926.33,3931.32
6,839,normalize,cpu,3931.93,3935.62
6,839,g_a_cpu,cpu,3935.63,3936.63
6,839,g_a,dpu,3936.63,3983.73
6,839,g_a,dpu,3983.74,4067.58
6,839,g_a_cpu,cpu,4067.59,4068.04
6,839,eb_enc,cpu,4068.05,4073.38
6,870,normalize,cpu,4074.1,4079.73
6,870,g_a_cpu,cpu,4079.73,4080.24
6,870,g_a,dpu,4080.24,4125.22
6,870,g_a,dpu,4125.23,4130.33
6,870,g_a_cpu,cpu,4130.34,4130.97
6,870,eb_enc,cpu,4130.97,4137.76
6,885,normalize,cpu,4138.32,4142.94
6,885,g_a_cpu,cpu,4142.94,4143.51
6,885,g_a,dpu,4143.51,4169.44
6,885,g_a,dpu,4169.44,4206.88
6,885,g_a_cpu,cpu,4206.88,4207.24
6,885,eb_enc,cpu,4207.24,4213.8
6,899,normalize,cpu,4214.37,4219.45
6,899,g_a_cpu,cpu,4219.45,4220.17
6,899,g_a,dpu,4220.18,4263.73
6,899,g_a,dpu,4263.73,4294.61
6,899,g_a_cpu,cpu,4294.61,4295.11
6,899,eb_enc,cpu,4295.12,4300.04
6,920,normalize,cpu,4300.84,4304.55
6,920,g_a_cpu,cpu,4304.56,4305.3
6,920,g_a,dpu,4305.31,4332.35
6,920,g_a,dpu,4332.35,4361.98
6,920,g_a_cpu,cpu,4361.98,4362.66
6,920,eb_enc,cpu,4362.67,4367.87
7,5,normalize,cpu,71.1235,90.9027
7,5,g_a_cpu,cpu,90.9506,91.3893
7,5,g_a,dpu,91.3929,123.949
7,5,g_a,dpu,123.953,129.385
7,5,g_a_cpu,cpu,129.386,129.898
7,5,eb_enc,cpu,129.907,146.313
7,27,normalize,cpu,153.366,158.467
7,27,g_a_cpu,cpu,158.476,169.301
7,27,g_a,dpu,169.308,180.402
7,27,g_a,dpu,180.407,202.185
7,27,g_a_cpu,cpu,202.187,202.666
7,27,eb_enc,cpu,202.669,207.619
7,42,normalize,cpu,208.14,219.913
7,42,g_a_cpu,cpu,219.917,220.514
7,42,g_a,dpu,220.518,267.214
7,42,g_a,dpu,267.216,299.682
7,42,g_a_cpu,cpu,299.684,300.038
7,42,eb_enc,cpu,300.046,305.711
7,63,normalize,cpu,306.447,310.299
7,63,g_a_cpu,cpu,310.305,310.723
7,63,g_a,dpu,310.728,343.656
7,63,g_a,dpu,343.659,390.699
7,63,g_a_cpu,cpu,390.701,391.14
7,63,eb_enc,cpu,391.143,396.447
7,82,normalize,cpu,397.226,404.81
7,82,g_a_cpu,cpu,404.814,405.23
7,82,g_a,dpu,405.234,452.574
7,82,g_a,dpu,452.577,484.421
7,82,g_a_cpu,cpu,484.424,484.79
7,82,eb_enc,cpu,484.793,489.714
7,102,normalize,cpu,490.384,501.945
7,102,g_a_cpu,cpu,501.954,502.643
7,102,g_a,dpu,502.646,554.943
7,102,g_a,dpu,554.957,661.348
7,102,g_a_cpu,cpu,661.352,661.821
7,102,eb_enc,cpu,661.823,666.764
7,138,normalize,cpu,667.473,671.203
7,138,g_a_cpu,cpu,671.211,671.683
7,138,g_a,dpu,671.687,761.725
7,138,g_a,dpu,761.726,804.679
7,138,g_a_cpu,cpu,804.68,805.106
7,138,eb_enc,cpu,805.108,814.232
7,171,normalize,cpu,814.812,819.293
7,171,g_a_cpu,cpu,819.299,819.956
7,171,g_a,dpu,819.96,827.223
7,171,g_a,dpu,827.226,876.461
7,171,g_a_cpu,cpu,876.465,876.992
7,171,eb_enc,cpu,876.997,882.493
7,182,normalize,cpu,883.616,887.283
7,182,g_a_cpu,cpu,887.289,888.036
7,182,g_a,dpu,888.045,943.486
7,182,g_a,dpu,943.487,949.005
7,182,g_a_cpu,cpu,949.006,949.464
7,182,eb_enc,cpu,949.466,957.533
7,199,normalize,cpu,958.485,962.203
7,199,g_a_cpu,cpu,962.207,962.547
7,199,g_a,dpu,962.55,968.885
7,199,g_a,dpu,968.887,1010.57
7,199,g_a_cpu,cpu,1010.58,1011.12
7,199,eb_enc,cpu,1011.13,1020
7,211,normalize,cpu,1021.49,1028.82
7,211,g_a_cpu,cpu,1028.82,1029.24
7,211,g_a,dpu,1029.24,1086.87
7,211,g_a,dpu,1086.87,1128.19
7,211,g_a_cpu,cpu,1128.19,1128.69
7,211,eb_enc,cpu,1128.71,1133.83
7,238,normalize,cpu,1134.4,1138.97
7,238,g_a_cpu,cpu,1138.98,1139.55
7,238,g_a,dpu,1139.55,1190.75
7,238,g_a,dpu,1190.75,1236.38
7,238,g_a_cpu,cpu,1236.38,1236.99
7,238,eb_enc,cpu,1237,1242.29
7,257,normalize,cpu,1243.33,1246.99
7,257,g_a_cpu,cpu,1247,1247.74
7,257,g_a,dpu,1247.74,1285.86
7,257,g_a,dpu,1285.87,1293.17
7,257,g_a_cpu,cpu,1293.17,1293.64
7,257,eb_enc,cpu,1293.64,1298.82
7,272,normalize,cpu,1299.44,1303.33
7,272,g_a_cpu,cpu,1303.34,1303.95
7,272,g_a,dpu,1303.96,1344.18
7,272,g_a,dpu,1344.18,1396.76
7,272,g_a_cpu,cpu,1396.77,1397.28
7,272,eb_enc,cpu,1397.28,1402.18
7,294,normalize,cpu,1402.93,1406.65
7,294,g_a_cpu,cpu,1406.65,1407.12
7,294,g_a,dpu,1407.12,1469.59
7,294,g_a,dpu,1469.59,1478.49
7,294,g_a_cpu,cpu,1478.49,1479
7,294,eb_enc,cpu,1479.01,1490.91
7,312,normalize,cpu,1491.5,1495.28
7,312,g_a_cpu,cpu,1495.29,1496.05
7,312,g_a,dpu,1496.05,1529.64
7,312,g_a,dpu,1529.64,1619.81
7,312,g_a_cpu,cpu,1619.81,1620.23
7,312,eb_enc,cpu,1620.23,1625.28
7,341,normalize,cpu,1626.13,1630.37
7,341,g_a_cpu,cpu,1630.37,1631.01
7,341,g_a,dpu,1631.02,1677
7,341,g_a,dpu,1677,1711.65
7,341,g_a_cpu,cpu,1711.66,1712.12
7,341,eb_enc,cpu,1712.12,1717.23
7,360,normalize,cpu,1717.93,1721.62
7,360,g_a_cpu,cpu,1721.62,1722.1
7,360,g_a,dpu,1722.1,1763.01
7,360,g_a,dpu,1763.01,1798.83
7,360,g_a_cpu,cpu,1798.84,1799.31
7,360,eb_enc,cpu,1799.32,1810.55
7,380,normalize,cpu,1811.01,1816.24
7,380,g_a_cpu,cpu,1816.25,1816.77
7,380,g_a,dpu,1816.78,1898.79
7,380,g_a,dpu,1898.79,1936.63
7,380,g_a_cpu,cpu,1936.64,1937.06
7,380,eb_enc,cpu,1937.06,1942.1
7,411,normalize,cpu,1943.71,1947.39
7,411,g_a_cpu,cpu,1947.4,1947.8
7,411,g_a,dpu,1947.8,1983.74
7,411,g_a,dpu,1983.74,2027.51
7,411,g_a_cpu,cpu,2027.51,2028.33
7,411,eb_enc,cpu,2028.33,2033.79
7,430,normalize,cpu,2034.55,2038.34
7,430,g_a_cpu,cpu,2038.35,2038.67
7,430,g_a,dpu,2038.67,2071.19
7,430,g_a,dpu,2071.2,2114.59
7,430,g_a_cpu,cpu,2114.59,2115.14
7,430,eb_enc,cpu,2115.15,2121.52
7,449,normalize,cpu,2122.19,2126.98
7,449,g_a_cpu,cpu,2126.98,2128.23
7,449,g_a,dpu,2128.24,2165.91
7,449,g_a,dpu,2165.92,2173.96
7,449,g_a_cpu,cpu,2173.97,2174.62
7,449,eb_enc,cpu,2174.62,2179.92
7,462,normalize,cpu,2180.64,2184.53
7,462,g_a_cpu,cpu,2184.54,2185.34
7,462,g_a,dpu,2185.34,2222.33
7,462,g_a,dpu,2222.33,2254.41
7,462,g_a_cpu,cpu,2254.41,2254.86
7,462,eb_enc,cpu,2254.87,2259.89
7,478,normalize,cpu,2260.6,2275.36
7,478,g_a_cpu,cpu,2275.36,2275.72
7,478,g_a,dpu,2275.73,2323.96
7,478,g_a,dpu,2323.96,2329.23
7,478,g_a_cpu,cpu,2329.23,2329.67
7,478,eb_enc,cpu,2329.67,2340.37
7,493,normalize,cpu,2341.24,2345.65
7,493,g_a_cpu,cpu,2345.65,2346.1
7,493,g_a,dpu,2346.1,2388.55
7,493,g_a,dpu,2388.55,2394.66
7,493,g_a_cpu,cpu,2394.66,2395.06
7,493,eb_enc,cpu,2395.06,2400.16
7,508,normalize,cpu,2400.64,2404.87
7,508,g_a_cpu,cpu,2404.87,2405.31
7,508,g_a,dpu,2405.31,2410.7
7,508,g_a,dpu,2410.7,2415.82
7,508,g_a_cpu,cpu,2415.82,2416.47
7,508,eb_enc,cpu,2416.47,2422.31
7,512,normalize,cpu,2423.06,2426.88
7,512,g_a_cpu,cpu,2426.89,2427.46
7,512,g_a,dpu,2427.47,2461.39
7,512,g_a,dpu,2461.39,2512.56
7,512,g_a_cpu,cpu,2512.57,2513.06
7,512,eb_enc,cpu,2513.06,2518.27
7,532,normalize,cpu,2518.85,2522.47
7,532,g_a_cpu,cpu,2522.47,2522.91
7,532,g_a,dpu,2522.91,2529.94
7,532,g_a,dpu,2529.94,2563.04
7,532,g_a_cpu,cpu,2563.04,2563.73
7,532,eb_enc,cpu,2563.73,2570.64
7,542,normalize,cpu,2571.17,2575.05
7,542,g_a_cpu,cpu,2575.06,2575.57
7,542,g_a,dpu,2575.57,2581.26
7,542,g_a,dpu,2581.26,2670.5
7,542,g_a_cpu,cpu,2670.5,2670.99
7,542,eb_enc,cpu,2670.99,2676.67
7,568,normalize,cpu,2677.16,2681
7,568,g_a_cpu,cpu,2681,2681.46
7,568,g_a,dpu,2681.47,2687.05
7,568,g_a,dpu,2687.05,2762.72
7,568,g_a_cpu,cpu,2762.72,2763.35
7,568,eb_enc,cpu,2763.36,2768.43
7,586,normalize,cpu,2768.96,2772.69
7,586,g_a_cpu,cpu,2772.7,2773.23
7,586,g_a,dpu,2773.23,2779.24
7,586,g_a,dpu,2779.24,2932.78
7,586,g_a_cpu,cpu,2932.78,2933.17
7,586,eb_enc,cpu,2933.17,2938.16
7,622,normalize,cpu,2938.78,2942.4
7,622,g_a_cpu,cpu,2942.41,2942.93
7,622,g_a,dpu,2942.94,3015.4
7,622,g_a,dpu,3015.41,3058.13
7,622,g_a_cpu,cpu,3058.14,3058.88
7,622,eb_enc,cpu,3058.88,3064.16
7,650,normalize,cpu,3065.01,3068.74
7,650,g_a_cpu,cpu,3068.75,3069.25
7,650,g_a,dpu,3069.25,3221.2
7,650,g_a,dpu,3221.2,3226.48
7,650,g_a_cpu,cpu,3226.48,3227.24
7,650,eb_enc,cpu,3227.24,3232.4
7,687,normalize,cpu,3232.94,3237.37
7,687,g_a_cpu,cpu,3237.38,3238.13
7,687,g_a,dpu,3238.13,3278.81
7,687,g_a,dpu,3278.81,3287.7
7,687,g_a_cpu,cpu,3287.7,3288.35
7,687,eb_enc,cpu,3288.36,3300.61
7,700,normalize,cpu,3304.69,3313.9
7,700,g_a_cpu,cpu,3313.91,3314.47
7,700,g_a,dpu,3314.48,3382.8
7,700,g_a,dpu,3382.8,3388.38
7,700,g_a_cpu,cpu,3388.38,3388.9
7,700,eb_enc,cpu,3388.9,3394.26
7,721,normalize,cpu,3395.05,3398.92
7,721,g_a_cpu,cpu,3398.92,3399.54
7,721,g_a,dpu,3399.55,3438.96
7,721,g_a,dpu,3438.96,3444.2
7,721,g_a_cpu,cpu,3444.2,3444.79
7,721,eb_enc,cpu,3444.8,3450.42
7,736,normalize,cpu,3451.18,3455.12
7,736,g_a_cpu,cpu,3455.13,3455.73
7,736,g_a,dpu,3455.74,3502.67
7,736,g_a,dpu,3502.67,3555.14
7,736,g_a_cpu,cpu,3555.14,3555.76
7,736,eb_enc,cpu,3555.77,3563.57
7,757,normalize,cpu,3564.29,3568.79
7,757,g_a_cpu,cpu,3568.79,3569.26
7,757,g_a,dpu,3569.27,3657.16
7,757,g_a,dpu,3657.16,3663.18
7,757,g_a_cpu,cpu,3663.18,3663.82
7,757,eb_enc,cpu,3663.83,3669.35
7,779,normalize,cpu,3670.12,3673.85
7,779,g_a_cpu,cpu,3673.86,3674.33
7,779,g_a,dpu,3674.33,3789.98
7,779,g_a,dpu,3789.98,3798.93
7,779,g_a_cpu,cpu,3798.93,3799.34
7,779,eb_enc,cpu,3799.34,3813.28
7,811,normalize,cpu,3813.85,3817.76
7,811,g_a_cpu,cpu,3817.76,3818.22
7,811,g_a,dpu,3818.22,3846.76
7,811,g_a,dpu,3846.76,3852.21
7,811,g_a_cpu,cpu,3852.21,3852.76
7,811,eb_enc,cpu,3852.76,3858.17
7,821,normalize,cpu,3860.21,3874.64
7,821,g_a_cpu,cpu,3874.65,3875.09
7,821,g_a,dpu,3875.1,3944.32
7,821,g_a,dpu,3944.33,3972.7
7,821,g_a_cpu,cpu,3972.7,3973.12
7,821,eb_enc,cpu,3973.12,3978.08
7,851,normalize,cpu,3978.63,3982.34
7,851,g_a_cpu,cpu,3982.35,3982.83
7,851,g_a,dpu,3982.83,4016.24
7,851,g_a,dpu,4016.24,4077.38
7,851,g_a_cpu,cpu,4077.38,4077.89
7,851,eb_enc,cpu,4077.89,4083.24
7,871,normalize,cpu,4083.87,4087.64
7,871,g_a_cpu,cpu,4087.64,4088.11
7,871,g_a,dpu,4088.11,4131.49
7,871,g_a,dpu,4131.49,4136.99
7,871,g_a_cpu,cpu,4136.99,4137.4
7,871,eb_enc,cpu,4137.42,4142.66
7,886,normalize,cpu,4143.57,4148.19
7,886,g_a_cpu,cpu,4148.19,4148.62
7,886,g_a,dpu,4148.62,4153.94
7,886,g_a,dpu,4153.95,4251.52
7,886,g_a_cpu,cpu,4251.52,4252.03
7,886,eb_enc,cpu,4252.04,4256.89
7,910,normalize,cpu,4257.31,4264.98
7,910,g_a_cpu,cpu,4264.98,4265.7
7,910,g_a,dpu,4265.71,4271.33
7,910,g_a,dpu,4271.33,4318.5
7,910,g_a_cpu,cpu,4318.5,4319.06
7,910,eb_enc,cpu,4319.07,4324.25
7,926,normalize,cpu,4324.77,4328.54
7,926,g_a_cpu,cpu,4328.55,4329.08
7,926,g_a,dpu,4329.09,4372.89
7,926,g_a,dpu,4372.89,4392.44
7,926,g_a_cpu,cpu,4392.44,4392.81
7,926,eb_enc,cpu,4392.82,4397.72
8,12,normalize,cpu,79.2346,83.0012
8,12,g_a_cpu,cpu,83.089,83.5192
8,12,g_a,dpu,83.5219,158.923
8,12,g_a,dpu,158.932,184.799
8,12,g_a_cpu,cpu,184.8,185.214
8,12,eb_enc,cpu,185.221,199.029
8,37,normalize,cpu,199.634,222.423
8,37,g_a_cpu,cpu,222.428,225.965
8,37,g_a,dpu,225.968,314.837
8,37,g_a,dpu,314.851,320.784
8,37,g_a_cpu,cpu,320.786,321.272
8,37,eb_enc,cpu,321.276,327.241
8,68,normalize,cpu,328.09,331.774
8,68,g_a_cpu,cpu,331.778,332.256
8,68,g_a,dpu,332.262,382.162
8,68,g_a,dpu,382.167,394.748
8,68,g_a_cpu,cpu,394.752,395.304
8,68,eb_enc,cpu,395.321,401.794
8,83,normalize,cpu,402.631,418.567
8,83,g_a_cpu,cpu,418.573,419.106
8,83,g_a,dpu,419.111,426.894
8,83,g_a,dpu,426.899,433.421
8,83,g_a_cpu,cpu,433.423,433.908
8,83,eb_enc,cpu,433.91,440.38
8,92,normalize,cpu,440.906,444.751
8,92,g_a_cpu,cpu,444.755,445.295
8,92,g_a,dpu,445.299,503.993
8,92,g_a,dpu,503.995,545.923
8,92,g_a_cpu,cpu,545.925,546.469
8,92,eb_enc,cpu,546.471,551.456
8,115,normalize,cpu,551.947,558.299
8,115,g_a_cpu,cpu,558.305,558.966
8,115,g_a,dpu,558.97,656.671
8,115,g_a,dpu,656.682,702.441
8,115,g_a_cpu,cpu,702.442,702.848
8,115,eb_enc,cpu,702.85,707.914
8,147,normalize,cpu,708.503,712.961
8,147,g_a_cpu,cpu,712.968,713.652
8,147,g_a,dpu,713.66,748.94
8,147,g_a,dpu,748.941,940.677
8,147,g_a_cpu,cpu,940.679,941.113
8,147,eb_enc,cpu,941.115,946.383
8,196,normalize,cpu,947.285,951.001
8,196,g_a_cpu,cpu,951.007,952.474
8,196,g_a,dpu,952.486,1071.31
8,196,g_a,dpu,1071.32,1122.22
8,196,g_a_cpu,cpu,1122.22,1122.87
8,196,eb_enc,cpu,1122.88,1128.36
8,236,normalize,cpu,1129.14,1142.87
8,236,g_a_cpu,cpu,1142.87,1143.34
8,236,g_a,dpu,1143.34,1200.32
8,236,g_a,dpu,1200.32,1276.76
8,236,g_a_cpu,cpu,1276.76,1277.21
8,236,eb_enc,cpu,1277.21,1285.58
8,268,normalize,cpu,1286.32,1293.44
8,268,g_a_cpu,cpu,1293.45,1293.98
8,268,g_a,dpu,1293.98,1334.86
8,268,g_a,dpu,1334.87,1341.12
8,268,g_a_cpu,cpu,1341.12,1341.76
8,268,eb_enc,cpu,1341.76,1347.25
8,281,normalize,cpu,1348.11,1351.97
8,281,g_a_cpu,cpu,1351.98,1352.4
8,281,g_a,dpu,1352.4,1392.64
8,281,g_a,dpu,1392.65,1443.97
8,281,g_a_cpu,cpu,1443.97,1444.69
8,281,eb_enc,cpu,1444.72,1450.13
8,302,normalize,cpu,1451.13,1455
8,302,g_a_cpu,cpu,1455.01,1455.65
8,302,g_a,dpu,1455.66,1508.19
8,302,g_a,dpu,1508.19,1553.37
8,302,g_a_cpu,cpu,1553.37,1553.94
8,302,eb_enc,cpu,1553.94,1562.29
8,326,normalize,cpu,1563.5,1567.35
8,326,g_a_cpu,cpu,1567.35,1567.81
8,326,g_a,dpu,1567.81,1643.91
8,326,g_a,dpu,1643.91,1649.87
8,326,g_a_cpu,cpu,1649.88,1650.59
8,326,eb_enc,cpu,1650.59,1655.71
8,348,normalize,cpu,1656.26,1660
8,348,g_a_cpu,cpu,1660.01,1660.59
8,348,g_a,dpu,1660.6,1748.26
8,348,g_a,dpu,1748.26,1754.07
8,348,g_a_cpu,cpu,1754.08,1754.83
8,348,eb_enc,cpu,1754.84,1760.22
8,369,normalize,cpu,1760.82,1767.41
8,369,g_a_cpu,cpu,1767.41,1767.78
8,369,g_a,dpu,1767.79,1867.75
8,369,g_a,dpu,1867.76,1874.14
8,369,g_a_cpu,cpu,1874.14,1874.67
8,369,eb_enc,cpu,1874.68,1881.17
8,395,normalize,cpu,1881.85,1889.31
8,395,g_a_cpu,cpu,1889.32,1890
8,395,g_a,dpu,1890.01,1959.64
8,395,g_a,dpu,1959.64,1994.5
8,395,g_a_cpu,cpu,1994.51,1995.21
8,395,eb_enc,cpu,1995.22,2001.07
8,422,normalize,cpu,2001.72,2014.1
8,422,g_a_cpu,cpu,2014.1,2014.62
8,422,g_a,dpu,2014.63,2053.68
8,422,g_a,dpu,2053.69,2135.6
8,422,g_a_cpu,cpu,2135.6,2136.04
8,422,eb_enc,cpu,2136.04,2140.87
8,454,normalize,cpu,2141.35,2145.87
8,454,g_a_cpu,cpu,2145.87,2146.24
8,454,g_a,dpu,2146.25,2197.65
8,454,g_a,dpu,2197.65,2203.64
8,454,g_a_cpu,cpu,2203.64,2204.13
8,454,eb_enc,cpu,2204.13,2209.71
8,467,normalize,cpu,2210.47,2214.48
8,467,g_a_cpu,cpu,2214.48,2215.02
8,467,g_a,dpu,2215.02,2267.82
8,467,g_a,dpu,2267.82,2273.63
8,467,g_a_cpu,cpu,2273.63,2274.03
8,467,eb_enc,cpu,2274.03,2279.73
8,482,normalize,cpu,2280.27,2284.08
8,482,g_a_cpu,cpu,2284.09,2284.61
8,482,g_a,dpu,2284.61,2329.94
8,482,g_a,dpu,2329.94,2335.55
8,482,g_a_cpu,cpu,2335.55,2336.1
8,482,eb_enc,cpu,2336.11,2341.62
8,494,normalize,cpu,2342.15,2347.79
8,494,g_a_cpu,cpu,2347.8,2348.14
8,494,g_a,dpu,2348.14,2354.32
8,494,g_a,dpu,2354.32,2362.84
8,494,g_a_cpu,cpu,2362.85,2363.48
8,494,eb_enc,cpu,2363.48,2369.23
8,499,normalize,cpu,2369.93,2373.61
8,499,g_a_cpu,cpu,2373.62,2374.17
8,499,g_a,dpu,2374.18,2414.45
8,499,g_a,dpu,2414.45,2492.69
8,499,g_a_cpu,cpu,2492.7,2493.29
8,499,eb_enc,cpu,2493.29,2498.75
8,528,normalize,cpu,2499.55,2503.42
8,528,g_a_cpu,cpu,2503.42,2503.97
8,528,g_a,dpu,2503.97,2529.93
8,528,g_a,dpu,2529.94,2578.73
8,528,g_a_cpu,cpu,2578.74,2579.33
8,528,eb_enc,cpu,2579.33,2584.38
8,545,normalize,cpu,2585.15,2589.05
8,545,g_a_cpu,cpu,2589.05,2589.53
8,545,g_a,dpu,2589.53,2597.63
8,545,g_a,dpu,2597.64,2603.37
8,545,g_a_cpu,cpu,2603.37,2603.84
8,545,eb_enc,cpu,2603.84,2608.73
8,551,normalize,cpu,2609.27,2613.06
8,551,g_a_cpu,cpu,2613.07,2613.54
8,551,g_a,dpu,2613.54,2649.33
8,551,g_a,dpu,2649.33,2655.36
8,551,g_a_cpu,cpu,2655.36,2655.73
8,551,eb_enc,cpu,2655.74,2660.86
8,564,normalize,cpu,2661.42,2665.24
8,564,g_a_cpu,cpu,2665.25,2665.9
8,564,g_a,dpu,2665.91,2722.73
8,564,g_a,dpu,2722.73,2834.74
8,564,g_a_cpu,cpu,2834.74,2835.25
8,564,eb_enc,cpu,2835.26,2840.23
8,599,normalize,cpu,2840.82,2844.55
8,599,g_a_cpu,cpu,2844.55,2844.99
8,599,g_a,dpu,2844.99,2880.51
8,599,g_a,dpu,2880.52,2910.48
8,599,g_a_cpu,cpu,2910.48,2910.9
8,599,eb_enc,cpu,2910.9,2919.8
8,618,normalize,cpu,2920.38,2925.07
8,618,g_a_cpu,cpu,2925.08,2925.86
8,618,g_a,dpu,2925.86,2965.61
8,618,g_a,dpu,2965.61,3011.65
8,618,g_a_cpu,cpu,3011.66,3012.54
8,618,eb_enc,cpu,3012.55,3018.32
8,639,normalize,cpu,3018.91,3022.76
8,639,g_a_cpu,cpu,3022.76,3023.39
8,639,g_a,dpu,3023.4,3060.52
8,639,g_a,dpu,3060.52,3101.63
8,639,g_a_cpu,cpu,3101.64,3102.09
8,639,eb_enc,cpu,3102.1,3107.52
8,660,normalize,cpu,3108.42,3112.08
8,660,g_a_cpu,cpu,3112.09,3112.6
8,660,g_a,dpu,3112.6,3186.8
8,660,g_a,dpu,3186.8,3194.83
8,660,g_a_cpu,cpu,3194.84,3195.32
8,660,eb_enc,cpu,3195.32,3200.18
8,682,normalize,cpu,3200.66,3205.32
8,682,g_a_cpu,cpu,3205.33,3205.67
8,682,g_a,dpu,3205.68,3254.4
8,682,g_a,dpu,3254.4,3301.04
8,682,g_a_cpu,cpu,3301.04,3301.61
8,682,eb_enc,cpu,3301.61,3306.68
8,703,normalize,cpu,3307.43,3318.42
8,703,g_a_cpu,cpu,3318.42,3318.84
8,703,g_a,dpu,3318.84,3358.76
8,703,g_a,dpu,3358.77,3395.79
8,703,g_a_cpu,cpu,3395.79,3396.19
8,703,eb_enc,cpu,3396.19,3407.78
8,725,normalize,cpu,3408.27,3416.84
8,725,g_a_cpu,cpu,3416.84,3417.28
8,725,g_a,dpu,3417.29,3513.67
8,725,g_a,dpu,3513.67,3519.52
8,725,g_a_cpu,cpu,3519.52,3520.01
8,725,eb_enc,cpu,3520.01,3526.17
8,751,normalize,cpu,3527.07,3530.83
8,751,g_a_cpu,cpu,3530.84,3531.18
8,751,g_a,dpu,3531.18,3537.18
8,751,g_a,dpu,3537.18,3572.97
8,751,g_a_cpu,cpu,3572.97,3573.34
8,751,eb_enc,cpu,3573.34,3578.37
8,762,normalize,cpu,3579.3,3583.05
8,762,g_a_cpu,cpu,3583.05,3595.09
8,762,g_a,dpu,3595.1,3610.72
8,762,g_a,dpu,3610.72,3617.44
8,762,g_a_cpu,cpu,3617.44,3617.83
8,762,eb_enc,cpu,3617.83,3623.1
8,771,normalize,cpu,3623.61,3628.05
8,771,g_a_cpu,cpu,3628.06,3628.48
8,771,g_a,dpu,3628.48,3675.19
8,771,g_a,dpu,3675.19,3715.6
8,771,g_a_cpu,cpu,3715.6,3716.3
8,771,eb_enc,cpu,3716.3,3727.56
8,794,normalize,cpu,3728.54,3733.28
8,794,g_a_cpu,cpu,3733.28,3734
8,794,g_a,dpu,3734,3775.76
8,794,g_a,dpu,3775.76,3781.37
8,794,g_a_cpu,cpu,3781.37,3781.87
8,794,eb_enc,cpu,3781.87,3787.6
8,805,normalize,cpu,3788.29,3793.01
8,805,g_a_cpu,cpu,3793.01,3793.46
8,805,g_a,dpu,3793.46,3829.48
8,805,g_a,dpu,3829.48,3835.44
8,805,g_a_cpu,cpu,3835.44,3836.09
8,805,eb_enc,cpu,3836.1,3841.35
8,817,normalize,cpu,3842.02,3845.68
8,817,g_a_cpu,cpu,3845.68,3846.21
8,817,g_a,dpu,3846.21,3887.38
8,817,g_a,dpu,3887.39,3932.68
8,817,g_a_cpu,cpu,3932.68,3933.56
8,817,eb_enc,cpu,3933.57,3940.12
8,841,normalize,cpu,3940.75,3944.53
8,841,g_a_cpu,cpu,3944.53,3944.92
8,841,g_a,dpu,3944.93,3956.28
8,841,g_a,dpu,3956.28,3998.14
8,841,g_a_cpu,cpu,3998.14,3998.6
8,841,eb_enc,cpu,3998.61,4004.09
8,855,normalize,cpu,4004.75,4008.4
8,855,g_a_cpu,cpu,4008.41,4008.74
8,855,g_a,dpu,4008.74,4072.33
8,855,g_a,dpu,4072.33,4122.5
8,855,g_a_cpu,cpu,4122.5,4122.89
8,855,eb_enc,cpu,4122.9,4127.97
8,883,normalize,cpu,4128.51,4132.25
8,883,g_a_cpu,cpu,4132.26,4133
8,883,g_a,dpu,4133,4172.34
8,883,g_a,dpu,4172.34,4222.56
8,883,g_a_cpu,cpu,4222.56,4223.49
8,883,eb_enc,cpu,4223.49,4228.51
8,904,normalize,cpu,4229.03,4240.32
8,904,g_a_cpu,cpu,4240.32,4240.69
8,904,g_a,dpu,4240.7,4282.11
8,904,g_a,dpu,4282.11,4287.99
8,904,g_a_cpu,cpu,4287.99,4288.53
8,904,eb_enc,cpu,4288.55,4300.9
8,921,normalize,cpu,4301.72,4305.5
8,921,g_a_cpu,cpu,4305.51,4305.99
8,921,g_a,dpu,4305.99,4372.55
8,921,g_a,dpu,4372.55,4378.74
8,921,g_a_cpu,cpu,4378.75,4379.25
8,921,eb_enc,cpu,4379.25,4384.34
9,17,normalize,cpu,84.5371,93.0496
9,17,g_a_cpu,cpu,93.0937,93.5998
9,17,g_a,dpu,93.6056,111.415
9,17,g_a,dpu,111.417,157.295
9,17,g_a_cpu,cpu,157.296,157.669
9,17,eb_enc,cpu,157.676,175.446
9,31,normalize,cpu,176.218,183.651
9,31,g_a_cpu,cpu,183.656,184.103
9,31,g_a,dpu,184.106,257.73
9,31,g_a,dpu,257.745,263.603
9,31,g_a_cpu,cpu,263.606,264.202
9,31,eb_enc,cpu,264.206,270.389
9,56,normalize,cpu,271.506,277.46
9,56,g_a_cpu,cpu,277.464,279.142
9,56,g_a,dpu,279.151,288.228
9,56,g_a,dpu,288.231,333.399
9,56,g_a_cpu,cpu,333.4,333.801
9,56,eb_enc,cpu,333.808,339.388
9,70,normalize,cpu,339.953,343.699
9,70,g_a_cpu,cpu,343.703,344.551
9,70,g_a,dpu,344.558,387.521
9,70,g_a,dpu,387.523,421.626
9,70,g_a_cpu,cpu,421.628,421.989
9,70,eb_enc,cpu,421.991,427.288
9,88,normalize,cpu,430.048,434.811
9,88,g_a_cpu,cpu,434.816,435.288
9,88,g_a,dpu,435.292,506.246
9,88,g_a,dpu,506.248,519.095
9,88,g_a_cpu,cpu,519.098,520.1
9,88,eb_enc,cpu,520.106,527.36
9,110,normalize,cpu,528.299,533.266
9,110,g_a_cpu,cpu,533.274,534.025
9,110,g_a,dpu,534.034,617.364
9,110,g_a,dpu,617.375,623.029
9,110,g_a_cpu,cpu,623.031,623.669
9,110,eb_enc,cpu,623.673,629.644
9,130,normalize,cpu,630.609,652.789
9,130,g_a_cpu,cpu,652.793,653.312
9,130,g_a,dpu,653.316,733.715
9,130,g_a,dpu,733.718,781.735
9,130,g_a_cpu,cpu,781.738,782.239
9,130,eb_enc,cpu,782.244,787.84
9,163,normalize,cpu,788.851,792.743
9,163,g_a_cpu,cpu,792.746,793.158
9,163,g_a,dpu,793.161,826.829
9,163,g_a,dpu,826.833,948.052
9,163,g_a_cpu,cpu,948.054,948.544
9,163,eb_enc,cpu,948.548,953.95
9,198,normalize,cpu,954.68,958.485
9,198,g_a_cpu,cpu,958.492,959.068
9,198,g_a,dpu,959.073,999.56
9,198,g_a,dpu,999.562,1035.36
9,198,g_a_cpu,cpu,1035.36,1035.72
9,198,eb_enc,cpu,1035.72,1040.82
9,218,normalize,cpu,1041.62,1045.28
9,218,g_a_cpu,cpu,1045.28,1045.67
9,218,g_a,dpu,1045.67,1121.45
9,218,g_a,dpu,1121.45,1126.71
9,218,g_a_cpu,cpu,1126.71,1127.46
9,218,eb_enc,cpu,1127.46,1132.64
9,237,normalize,cpu,1133.17,1136.97
9,237,g_a_cpu,cpu,1136.97,1137.53
9,237,g_a,dpu,1137.53,1144.11
9,237,g_a,dpu,1144.12,1154.86
9,237,g_a_cpu,cpu,1154.86,1155.5
9,237,eb_enc,cpu,1155.52,1162.37
9,243,normalize,cpu,1163.17,1166.84
9,243,g_a_cpu,cpu,1166.84,1167.53
9,243,g_a,dpu,1167.54,1240.48
9,243,g_a,dpu,1240.49,1284.86
9,243,g_a_cpu,cpu,1284.86,1285.24
9,243,eb_enc,cpu,1285.24,1290.59
9,270,normalize,cpu,1291.49,1295.33
9,270,g_a_cpu,cpu,1295.34,1295.8
9,270,g_a,dpu,1295.8,1325.12
9,270,g_a,dpu,1325.12,1371.45
9,270,g_a_cpu,cpu,1371.45,1371.95
9,270,eb_enc,cpu,1371.96,1377.2
9,288,normalize,cpu,1377.81,1381.51
9,288,g_a_cpu,cpu,1381.51,1382.42
9,288,g_a,dpu,1382.44,1419.65
9,288,g_a,dpu,1419.65,1469.38
9,288,g_a_cpu,cpu,1469.39,1469.9
9,288,eb_enc,cpu,1469.9,1475.16
9,309,normalize,cpu,1475.85,1483.89
9,309,g_a_cpu,cpu,1483.9,1484.49
9,309,g_a,dpu,1484.5,1531.25
9,309,g_a,dpu,1531.25,1536.76
9,309,g_a_cpu,cpu,1536.76,1537.31
9,309,eb_enc,cpu,1537.31,1544.45
9,321,normalize,cpu,1544.95,1551.91
9,321,g_a_cpu,cpu,1551.92,1552.59
9,321,g_a,dpu,1552.6,1610.04
9,321,g_a,dpu,1610.04,1648.61
9,321,g_a_cpu,cpu,1648.61,1649.11
9,321,eb_enc,cpu,1649.11,1654.7
9,347,normalize,cpu,1655.22,1658.88
9,347,g_a_cpu,cpu,1658.89,1659.3
9,347,g_a,dpu,1659.31,1708.01
9,347,g_a,dpu,1708.02,1763.12
9,347,g_a_cpu,cpu,1763.12,1763.7
9,347,eb_enc,cpu,1763.7,1775.2
9,373,normalize,cpu,1775.94,1783.09
9,373,g_a_cpu,cpu,1783.1,1783.7
9,373,g_a,dpu,1783.71,1824.62
9,373,g_a,dpu,1824.63,1891.45
9,373,g_a_cpu,cpu,1891.45,1891.8
9,373,eb_enc,cpu,1891.8,1896.83
9,400,normalize,cpu,1897.39,1901.08
9,400,g_a_cpu,cpu,1901.08,1901.45
9,400,g_a,dpu,1901.45,1943.39
9,400,g_a,dpu,1943.4,1948.69
9,400,g_a_cpu,cpu,1948.69,1949.26
9,400,eb_enc,cpu,1949.26,1962.16
9,415,normalize,cpu,1962.79,1973.63
9,415,g_a_cpu,cpu,1973.65,1974.42
9,415,g_a,dpu,1974.42,2012.87
9,415,g_a,dpu,2012.87,2098.49
9,415,g_a_cpu,cpu,2098.49,2099.02
9,415,eb_enc,cpu,2099.03,2104.28
9,445,normalize,cpu,2105.09,2113.89
9,445,g_a_cpu,cpu,2113.89,2114.55
9,445,g_a,dpu,2114.56,2123.41
9,445,g_a,dpu,2123.41,2128.85
9,445,g_a_cpu,cpu,2128.86,2129.34
9,445,eb_enc,cpu,2129.35,2134.95
9,452,normalize,cpu,2137.66,2141.38
9,452,g_a_cpu,cpu,2141.39,2141.73
9,452,g_a,dpu,2141.73,2191.54
9,452,g_a,dpu,2191.55,2234.83
9,452,g_a_cpu,cpu,2234.83,2235.32
9,452,eb_enc,cpu,2235.32,2240.86
9,473,normalize,cpu,2241.57,2246.86
9,473,g_a_cpu,cpu,2246.86,2247.25
9,473,g_a,dpu,2247.26,2296.1
9,473,g_a,dpu,2296.1,2301.16
9,473,g_a_cpu,cpu,2301.16,2301.62
9,473,eb_enc,cpu,2301.62,2306.69
9,486,normalize,cpu,2307.54,2311.34
9,486,g_a_cpu,cpu,2311.35,2311.9
9,486,g_a,dpu,2311.9,2353.54
9,486,g_a,dpu,2353.55,2391.7
9,486,g_a_cpu,cpu,2391.7,2392.58
9,486,eb_enc,cpu,2392.58,2397.79
9,507,normalize,cpu,2398.38,2402.05
9,507,g_a_cpu,cpu,2402.05,2402.44
9,507,g_a,dpu,2402.44,2408.02
9,507,g_a,dpu,2408.02,2445.36
9,507,g_a_cpu,cpu,2445.36,2445.71
9,507,eb_enc,cpu,2445.71,2450.71
9,519,normalize,cpu,2451.46,2455.16
9,519,g_a_cpu,cpu,2455.16,2455.61
9,519,g_a,dpu,2455.61,2515.73
9,519,g_a,dpu,2515.73,2582.04
9,519,g_a_cpu,cpu,2582.04,2582.44
9,519,eb_enc,cpu,2582.45,2587.86
9,547,normalize,cpu,2588.62,2600.08
9,547,g_a_cpu,cpu,2600.08,2600.59
9,547,g_a,dpu,2600.6,2643.89
9,547,g_a,dpu,2643.89,2650.32
9,547,g_a_cpu,cpu,2650.32,2650.9
9,547,eb_enc,cpu,2650.91,2661.47
9,565,normalize,cpu,2661.91,2668.98
9,565,g_a_cpu,cpu,2668.99,2669.53
9,565,g_a,dpu,2669.53,2725.65
9,565,g_a,dpu,2725.65,2785.32
9,565,g_a_cpu,cpu,2785.32,2785.92
9,565,eb_enc,cpu,2785.93,2791.62
9,589,normalize,cpu,2792.68,2805.27
9,589,g_a_cpu,cpu,2805.28,2805.97
9,589,g_a,dpu,2805.98,2855.74
9,589,g_a,dpu,2855.74,2896.74
9,589,g_a_cpu,cpu,2896.74,2897.38
9,589,eb_enc,cpu,2897.38,2902.82
9,614,normalize,cpu,2903.43,2907.14
9,614,g_a_cpu,cpu,2907.14,2907.8
9,614,g_a,dpu,2907.81,2913.19
9,614,g_a,dpu,2913.19,2948.21
9,614,g_a_cpu,cpu,2948.21,2948.74
9,614,eb_enc,cpu,2948.75,2953.96
9,626,normalize,cpu,2954.59,2958.23
9,626,g_a_cpu,cpu,2958.23,2958.85
9,626,g_a,dpu,2958.85,2967.52
9,626,g_a,dpu,2970.05,3010
9,626,g_a_cpu,cpu,3010.01,3010.94
9,626,eb_enc,cpu,3010.95,3020.47
9,640,normalize,cpu,3021.06,3024.95
9,640,g_a_cpu,cpu,3024.95,3029.44
9,640,g_a,dpu,3029.45,3153.87
9,640,g_a,dpu,3153.87,3159.61
9,640,g_a_cpu,cpu,3159.61,3160.15
9,640,eb_enc,cpu,3160.16,3165.28
9,674,normalize,cpu,3165.91,3169.62
9,674,g_a_cpu,cpu,3169.63,3170.12
9,674,g_a,dpu,3170.13,3211.95
9,674,g_a,dpu,3211.95,3251.17
9,674,g_a_cpu,cpu,3251.17,3251.61
9,674,eb_enc,cpu,3251.61,3257.25
9,693,normalize,cpu,3258.04,3263.75
9,693,g_a_cpu,cpu,3263.75,3264.31
9,693,g_a,dpu,3264.32,3303.52
9,693,g_a,dpu,3303.53,3308.91
9,693,g_a_cpu,cpu,3308.91,3309.28
9,693,eb_enc,cpu,3309.28,3320.8
9,706,normalize,cpu,3321.51,3326.26
9,706,g_a_cpu,cpu,3326.27,3326.9
9,706,g_a,dpu,3326.91,3368.92
9,706,g_a,dpu,3368.92,3374.25
9,706,g_a_cpu,cpu,3374.25,3374.88
9,706,eb_enc,cpu,3374.88,3380.16
9,718,normalize,cpu,3380.74,3384.54
9,718,g_a_cpu,cpu,3384.54,3384.99
9,718,g_a,dpu,3384.99,3453.48
9,718,g_a,dpu,3453.48,3486.76
9,718,g_a_cpu,cpu,3486.76,3487.3
9,718,eb_enc,cpu,3487.3,3492.42
9,744,normalize,cpu,3493.07,3496.83
9,744,g_a_cpu,cpu,3496.84,3497.19
9,744,g_a,dpu,3497.19,3539.76
9,744,g_a,dpu,3539.76,3579.52
9,744,g_a_cpu,cpu,3579.52,3579.88
9,744,eb_enc,cpu,3579.88,3585.05
9,764,normalize,cpu,3585.56,3592.02
9,764,g_a_cpu,cpu,3592.03,3592.63
9,764,g_a,dpu,3592.64,3630.34
9,764,g_a,dpu,3630.34,3676.95
9,764,g_a_cpu,cpu,3676.95,3677.45
9,764,eb_enc,cpu,3677.45,3682.41
9,783,normalize,cpu,3683.27,3687.56
9,783,g_a_cpu,cpu,3687.57,3688.07
9,783,g_a,dpu,3688.07,3759.69
9,783,g_a,dpu,3759.69,3764.97
9,783,g_a_cpu,cpu,3764.97,3765.35
9,783,eb_enc,cpu,3765.35,3770.56
9,802,normalize,cpu,3771.32,3775.17
9,802,g_a_cpu,cpu,3775.17,3775.81
9,802,g_a,dpu,3775.82,3815.44
9,802,g_a,dpu,3815.45,3843.92
9,802,g_a_cpu,cpu,3843.92,3844.38
9,802,eb_enc,cpu,3844.38,3849.76
9,819,normalize,cpu,3850.38,3854.14
9,819,g_a_cpu,cpu,3854.15,3854.86
9,819,g_a,dpu,3854.87,3902.58
9,819,g_a,dpu,3902.58,3940.83
9,819,g_a_cpu,cpu,3940.83,3941.44
9,819,eb_enc,cpu,3941.45,3946.76
9,843,normalize,cpu,3947.31,3954.68
9,843,g_a_cpu,cpu,3954.68,3955.3
9,843,g_a,dpu,3955.31,3988.29
9,843,g_a,dpu,3988.29,4029.99
9,843,g_a_cpu,cpu,4029.99,4030.48
9,843,eb_enc,cpu,4030.48,4035.49
9,860,normalize,cpu,4035.93,4039.65
9,860,g_a_cpu,cpu,4039.65,4040.1
9,860,g_a,dpu,4040.11,4072.23
9,860,g_a,dpu,4072.23,4108.07
9,860,g_a_cpu,cpu,4108.08,4108.59
9,860,eb_enc,cpu,4108.61,4113.96
9,879,normalize,cpu,4114.62,4118.28
9,879,g_a_cpu,cpu,4118.29,4118.86
9,879,g_a,dpu,4118.86,4155.07
9,879,g_a,dpu,4155.07,4160.19
9,879,g_a_cpu,cpu,4160.2,4160.78
9,879,eb_enc,cpu,4160.78,4167.49
9,890,normalize,cpu,4168.26,4172.04
9,890,g_a_cpu,cpu,4172.04,4172.58
9,890,g_a,dpu,4172.59,4215.98
9,890,g_a,dpu,4215.98,4221.68
9,890,g_a_cpu,cpu,4221.69,4222.39
9,890,eb_enc,cpu,4222.4,4228.07
9,902,normalize,cpu,4228.69,4232.36
9,902,g_a_cpu,cpu,4232.36,4232.87
9,902,g_a,dpu,4232.87,4242.85
9,902,g_a,dpu,4242.85,4285.2
9,902,g_a_cpu,cpu,4285.2,4285.75
9,902,eb_enc,cpu,4285.76,4297.73
9,918,normalize,cpu,4298.24,4306.69
9,918,g_a_cpu,cpu,4306.69,4307.28
9,918,g_a,dpu,4307.29,4341.67
9,918,g_a,dpu,4341.67,4346.82
9,918,g_a_cpu,cpu,4346.82,4347.42
9,918,eb_enc,cpu,4347.43,4352.56
10,8,normalize,cpu,75.3459,87.1475
10,8,g_a_cpu,cpu,87.2083,87.6371
10,8,g_a,dpu,87.6407,109.593
10,8,g_a,dpu,109.598,146.739
10,8,g_a_cpu,cpu,146.744,147.436
10,8,eb_enc,cpu,147.445,208.751
10,43,normalize,cpu,209.299,217.032
10,43,g_a_cpu,cpu,217.035,217.423
10,43,g_a,dpu,217.425,231.439
10,43,g_a,dpu,231.451,250.593
10,43,g_a_cpu,cpu,250.595,251.117
10,43,eb_enc,cpu,251.118,256.675
10,54,normalize,cpu,258.765,262.778
10,54,g_a_cpu,cpu,262.783,275.436
10,54,g_a,dpu,275.451,319.583
10,54,g_a,dpu,319.584,348.606
10,54,g_a_cpu,cpu,348.608,349.249
10,54,eb_enc,cpu,349.267,361.331
10,75,normalize,cpu,362.625,366.658
10,75,g_a_cpu,cpu,366.666,367.377
10,75,g_a,dpu,367.384,410.725
10,75,g_a,dpu,410.726,457.187
10,75,g_a_cpu,cpu,457.19,457.928
10,75,eb_enc,cpu,457.931,469.884
10,96,normalize,cpu,480.456,495.328
10,96,g_a_cpu,cpu,495.331,495.695
10,96,g_a,dpu,495.697,530.846
10,96,g_a,dpu,530.851,579.235
10,96,g_a_cpu,cpu,579.237,579.702
10,96,eb_enc,cpu,579.704,585.006
10,120,normalize,cpu,585.707,595.562
10,120,g_a_cpu,cpu,595.565,596.202
10,120,g_a,dpu,596.206,633.798
10,120,g_a,dpu,633.817,675.259
10,120,g_a_cpu,cpu,675.262,676.002
10,120,eb_enc,cpu,676.004,680.955
10,141,normalize,cpu,681.527,685.29
10,141,g_a_cpu,cpu,685.295,686.206
10,141,g_a,dpu,686.214,721.857
10,141,g_a,dpu,721.859,754.559
10,141,g_a_cpu,cpu,754.56,754.963
10,141,eb_enc,cpu,754.966,760.007
10,157,normalize,cpu,760.62,765.34
10,157,g_a_cpu,cpu,765.349,766.062
10,157,g_a,dpu,766.065,810.833
10,157,g_a,dpu,810.838,843.588
10,157,g_a_cpu,cpu,843.591,844.052
10,157,eb_enc,cpu,844.054,848.972
10,178,normalize,cpu,849.463,853.338
10,178,g_a_cpu,cpu,853.344,853.793
10,178,g_a,dpu,853.795,892.621
10,178,g_a,dpu,892.622,897.867
10,178,g_a_cpu,cpu,897.868,898.3
10,178,eb_enc,cpu,898.302,903.51
10,187,normalize,cpu,904.325,908.066
10,187,g_a_cpu,cpu,908.071,908.541
10,187,g_a,dpu,908.547,1005.25
10,187,g_a,dpu,1005.25,1046.39
10,187,g_a_cpu,cpu,1046.39,1047.17
10,187,eb_enc,cpu,1047.18,1052.35
10,221,normalize,cpu,1052.86,1057.33
10,221,g_a_cpu,cpu,1057.33,1057.94
10,221,g_a,dpu,1057.94,1092.84
10,221,g_a,dpu,1092.84,1100.23
10,221,g_a_cpu,cpu,1100.24,1100.65
10,221,eb_enc,cpu,1100.67,1109.95
10,233,normalize,cpu,1110.65,1115.16
10,233,g_a_cpu,cpu,1115.17,1115.67
10,233,g_a,dpu,1115.67,1160.15
10,233,g_a,dpu,1160.16,1195.51
10,233,g_a_cpu,cpu,1195.51,1195.87
10,233,eb_enc,cpu,1195.87,1200.91
10,250,normalize,cpu,1205.02,1208.75
10,250,g_a_cpu,cpu,1208.75,1209.06
10,250,g_a,dpu,1209.06,1215.45
10,250,g_a,dpu,1215.45,1331.49
10,250,g_a_cpu,cpu,1331.5,1331.86
10,250,eb_enc,cpu,1331.86,1337.19
10,279,normalize,cpu,1337.93,1341.84
10,279,g_a_cpu,cpu,1341.85,1342.38
10,279,g_a,dpu,1342.38,1391.78
10,279,g_a,dpu,1391.78,1432.67
10,279,g_a_cpu,cpu,1432.67,1433.19
10,279,eb_enc,cpu,1433.19,1438.15
10,301,normalize,cpu,1438.76,1442.41
10,301,g_a_cpu,cpu,1442.42,1443.03
10,301,g_a,dpu,1443.04,1487.38
10,301,g_a,dpu,1487.38,1494.76
10,301,g_a_cpu,cpu,1494.76,1495.37
10,301,eb_enc,cpu,1495.37,1500.5
10,313,normalize,cpu,1501.29,1504.96
10,313,g_a_cpu,cpu,1504.97,1505.32
10,313,g_a,dpu,1505.32,1534.96
10,313,g_a,dpu,1534.96,1594.43
10,313,g_a_cpu,cpu,1594.43,1594.89
10,313,eb_enc,cpu,1594.89,1599.93
10,336,normalize,cpu,1600.52,1604.42
10,336,g_a_cpu,cpu,1604.42,1604.91
10,336,g_a,dpu,1604.91,1716.43
10,336,g_a,dpu,1716.44,1721.9
10,336,g_a_cpu,cpu,1721.9,1722.38
10,336,eb_enc,cpu,1722.39,1727.94
10,363,normalize,cpu,1728.79,1732.56
10,363,g_a_cpu,cpu,1732.57,1733.31
10,363,g_a,dpu,1733.31,1814.93
10,363,g_a,dpu,1814.94,1846.29
10,363,g_a_cpu,cpu,1846.29,1846.9
10,363,eb_enc,cpu,1846.91,1852.05
10,389,normalize,cpu,1852.5,1856.24
10,389,g_a_cpu,cpu,1856.25,1856.69
10,389,g_a,dpu,1856.7,1903.61
10,389,g_a,dpu,1903.62,1908.97
10,389,g_a_cpu,cpu,1908.97,1909.59
10,389,eb_enc,cpu,1909.59,1926.49
10,407,normalize,cpu,1927.46,1931.26
10,407,g_a_cpu,cpu,1931.27,1932.14
10,407,g_a,dpu,1932.14,1973.24
10,407,g_a,dpu,1973.24,2054.39
10,407,g_a_cpu,cpu,2054.39,2054.95
10,407,eb_enc,cpu,2054.96,2060.07
10,436,normalize,cpu,2060.9,2064.79
10,436,g_a_cpu,cpu,2064.79,2065.51
10,436,g_a,dpu,2065.51,2136.88
10,436,g_a,dpu,2136.89,2142.16
10,436,g_a_cpu,cpu,2142.16,2142.58
10,436,eb_enc,cpu,2142.59,2147.43
10,455,normalize,cpu,2148.06,2151.77
10,455,g_a_cpu,cpu,2151.78,2152.14
10,455,g_a,dpu,2152.14,2202.49
10,455,g_a,dpu,2202.51,2239.3
10,455,g_a_cpu,cpu,2239.3,2239.95
10,455,eb_enc,cpu,2239.96,2244.9
10,474,normalize,cpu,2245.79,2256.87
10,474,g_a_cpu,cpu,2256.87,2257.42
10,474,g_a,dpu,2257.43,2262.88
10,474,g_a,dpu,2262.88,2268.47
10,474,g_a_cpu,cpu,2268.48,2269.02
10,474,eb_enc,cpu,2269.02,2274.73
10,481,normalize,cpu,2275.3,2279.08
10,481,g_a_cpu,cpu,2279.09,2279.46
10,481,g_a,dpu,2279.46,2339.5
10,481,g_a,dpu,2339.51,2378.91
10,481,g_a_cpu,cpu,2378.92,2379.63
10,481,eb_enc,cpu,2379.64,2384.66
10,503,normalize,cpu,2385.63,2389.44
10,503,g_a_cpu,cpu,2389.44,2390.05
10,503,g_a,dpu,2390.05,2436.8
10,503,g_a,dpu,2436.8,2479.27
10,503,g_a_cpu,cpu,2479.28,2479.92
10,503,eb_enc,cpu,2479.92,2485.64
10,524,normalize,cpu,2486.62,2501.48
10,524,g_a_cpu,cpu,2501.48,2501.87
10,524,g_a,dpu,2501.87,2540.3
10,524,g_a,dpu,2540.3,2592.06
10,524,g_a_cpu,cpu,2592.06,2592.48
10,524,eb_enc,cpu,2592.48,2597.34
10,550,normalize,cpu,2598.22,2601.95
10,550,g_a_cpu,cpu,2601.96,2602.39
10,550,g_a,dpu,2602.4,2658.77
10,550,g_a,dpu,2658.78,2705.62
10,550,g_a_cpu,cpu,2705.63,2706.19
10,550,eb_enc,cpu,2706.19,2711.32
10,575,normalize,cpu,2712.38,2716.21
10,575,g_a_cpu,cpu,2716.21,2716.97
10,575,g_a,dpu,2716.97,2757.79
10,575,g_a,dpu,2757.79,2798.79
10,575,g_a_cpu,cpu,2798.79,2799.18
10,575,eb_enc,cpu,2799.19,2804.9
10,593,normalize,cpu,2805.96,2810.88
10,593,g_a_cpu,cpu,2810.89,2811.79
10,593,g_a,dpu,2811.8,2855.54
10,593,g_a,dpu,2855.54,2862.22
10,593,g_a_cpu,cpu,2862.22,2862.94
10,593,eb_enc,cpu,2862.94,2868.8
10,606,normalize,cpu,2869.55,2873.32
10,606,g_a_cpu,cpu,2873.33,2873.92
10,606,g_a,dpu,2873.93,2882.82
10,606,g_a,dpu,2882.82,2914.25
10,606,g_a_cpu,cpu,2914.25,2914.65
10,606,eb_enc,cpu,2914.66,2919.66
10,617,normalize,cpu,2920.38,2928.12
10,617,g_a_cpu,cpu,2928.12,2928.67
10,617,g_a,dpu,2928.67,2978.3
10,617,g_a,dpu,2978.3,3007.46
10,617,g_a_cpu,cpu,3007.46,3007.79
10,617,eb_enc,cpu,3007.79,3014.18
10,638,normalize,cpu,3015.36,3019.13
10,638,g_a_cpu,cpu,3019.13,3019.5
10,638,g_a,dpu,3019.51,3062.85
10,638,g_a,dpu,3062.85,3093.11
10,638,g_a_cpu,cpu,3093.12,3093.62
10,638,eb_enc,cpu,3093.62,3099.02
10,658,normalize,cpu,3099.9,3103.77
10,658,g_a_cpu,cpu,3103.77,3104.18
10,658,g_a,dpu,3104.18,3153.68
10,658,g_a,dpu,3153.69,3161.23
10,658,g_a_cpu,cpu,3161.24,3161.8
10,658,eb_enc,cpu,3161.8,3166.73
10,675,normalize,cpu,3167.56,3171.27
10,675,g_a_cpu,cpu,3171.28,3171.96
10,675,g_a,dpu,3171.97,3208.64
10,675,g_a,dpu,3208.64,3261.82
10,675,g_a_cpu,cpu,3261.82,3262.32
10,675,eb_enc,cpu,3262.33,3267.32
10,695,normalize,cpu,3268.51,3272.28
10,695,g_a_cpu,cpu,3272.28,3273
10,695,g_a,dpu,3273.01,3312.89
10,695,g_a,dpu,3312.89,3342.23
10,695,g_a_cpu,cpu,3342.23,3342.58
10,695,eb_enc,cpu,3342.59,3347.47
10,712,normalize,cpu,3348.74,3352.39
10,712,g_a_cpu,cpu,3352.4,3352.84
10,712,g_a,dpu,3352.85,3393.74
10,712,g_a,dpu,3393.74,3434.16
10,712,g_a_cpu,cpu,3434.16,3434.83
10,712,eb_enc,cpu,3434.83,3439.88
10,733,normalize,cpu,3440.42,3444.11
10,733,g_a_cpu,cpu,3444.12,3444.76
10,733,g_a,dpu,3444.77,3452.73
10,733,g_a,dpu,3452.73,3517.47
10,733,g_a_cpu,cpu,3517.47,3517.86
10,733,eb_enc,cpu,3517.86,3522.93
10,750,normalize,cpu,3523.77,3538.23
10,750,g_a_cpu,cpu,3538.24,3539.38
10,750,g_a,dpu,3539.39,3596.24
10,750,g_a,dpu,3596.24,3601.66
10,750,g_a_cpu,cpu,3601.67,3602.15
10,750,eb_enc,cpu,3602.15,3608.1
10,768,normalize,cpu,3608.69,3614.28
10,768,g_a_cpu,cpu,3614.29,3614.72
10,768,g_a,dpu,3614.72,3620.24
10,768,g_a,dpu,3620.24,3784.08
10,768,g_a_cpu,cpu,3784.08,3784.72
10,768,eb_enc,cpu,3784.72,3789.64
10,806,normalize,cpu,3790.46,3794.12
10,806,g_a_cpu,cpu,3794.12,3794.84
10,806,g_a,dpu,3794.84,3837.02
10,806,g_a,dpu,3837.03,3875.82
10,806,g_a_cpu,cpu,3875.82,3876.53
10,806,eb_enc,cpu,3876.53,3881.56
10,827,normalize,cpu,3882.15,3885.88
10,827,g_a_cpu,cpu,3885.88,3886.27
10,827,g_a,dpu,3886.27,3927.71
10,827,g_a,dpu,3927.71,3961.42
10,827,g_a_cpu,cpu,3961.42,3962.04
10,827,eb_enc,cpu,3962.05,3967.17
10,848,normalize,cpu,3967.79,3971.47
10,848,g_a_cpu,cpu,3971.48,3971.88
10,848,g_a,dpu,3971.88,4011.38
10,848,g_a,dpu,4011.38,4062.72
10,848,g_a_cpu,cpu,4062.72,4063.25
10,848,eb_enc,cpu,4063.26,4068.04
10,869,normalize,cpu,4068.72,4073.19
10,869,g_a_cpu,cpu,4073.19,4073.78
10,869,g_a,dpu,4073.78,4113.84
10,869,g_a,dpu,4113.84,4119.12
10,869,g_a_cpu,cpu,4119.12,4119.57
10,869,eb_enc,cpu,4119.59,4127.43
10,882,normalize,cpu,4128.19,4131.95
10,882,g_a_cpu,cpu,4131.95,4132.54
10,882,g_a,dpu,4132.54,4201.3
10,882,g_a,dpu,4201.3,4243.64
10,882,g_a_cpu,cpu,4243.64,4244.04
10,882,eb_enc,cpu,4244.04,4250.27
10,909,normalize,cpu,4250.93,4260.54
10,909,g_a_cpu,cpu,4260.54,4260.95
10,909,g_a,dpu,4260.95,4342.8
10,909,g_a,dpu,4342.8,4382.24
10,909,g_a_cpu,cpu,4382.24,4382.64
10,909,eb_enc,cpu,4382.64,4387.29
11,18,normalize,cpu,89.1314,92.7936
11,18,g_a_cpu,cpu,94.3738,95.0785
11,18,g_a,dpu,95.093,110.786
11,18,g_a,dpu,110.792,116.334
11,18,g_a_cpu,cpu,116.335,116.78
11,18,eb_enc,cpu,116.786,124.42
11,22,normalize,cpu,125.353,130.13
11,22,g_a_cpu,cpu,130.136,131.133
11,22,g_a,dpu,131.14,163.424
11,22,g_a,dpu,163.429,169.862
11,22,g_a_cpu,cpu,169.863,170.627
11,22,eb_enc,cpu,170.635,176.051
11,33,normalize,cpu,176.562,180.56
11,33,g_a_cpu,cpu,180.568,181.502
11,33,g_a,dpu,181.514,217.609
11,33,g_a,dpu,217.611,234.067
11,33,g_a_cpu,cpu,234.075,234.694
11,33,eb_enc,cpu,234.716,244.911
11,52,normalize,cpu,245.413,249.301
11,52,g_a_cpu,cpu,249.306,249.832
11,52,g_a,dpu,249.837,302.996
11,52,g_a,dpu,302.997,337.857
11,52,g_a_cpu,cpu,337.859,338.602
11,52,eb_enc,cpu,338.605,343.967
11,71,normalize,cpu,345.261,364.133
11,71,g_a_cpu,cpu,364.14,364.737
11,71,g_a,dpu,364.741,447.04
11,71,g_a,dpu,447.043,509.268
11,71,g_a_cpu,cpu,509.268,509.731
11,71,eb_enc,cpu,509.733,514.726
11,108,normalize,cpu,515.385,519.389
11,108,g_a_cpu,cpu,519.399,520.384
11,108,g_a,dpu,520.388,575.094
11,108,g_a,dpu,575.099,582.337
11,108,g_a_cpu,cpu,582.338,582.937
11,108,eb_enc,cpu,582.942,588.977
11,122,normalize,cpu,589.596,603.414
11,122,g_a_cpu,cpu,603.421,604.01
11,122,g_a,dpu,604.015,610.571
11,122,g_a,dpu,610.578,616.624
11,122,g_a_cpu,cpu,616.626,618.367
11,122,eb_enc,cpu,618.373,647.761
11,135,normalize,cpu,648.541,655.073
11,135,g_a_cpu,cpu,655.079,655.518
11,135,g_a,dpu,655.525,740.431
11,135,g_a,dpu,740.433,816.296
11,135,g_a_cpu,cpu,816.297,816.663
11,135,eb_enc,cpu,816.665,822.164
11,172,normalize,cpu,822.995,828.709
11,172,g_a_cpu,cpu,828.712,829.188
11,172,g_a,dpu,829.192,880.053
11,172,g_a,dpu,880.055,887.918
11,172,g_a_cpu,cpu,887.919,888.862
11,172,eb_enc,cpu,888.864,894.814
11,185,normalize,cpu,895.906,900.397
11,185,g_a_cpu,cpu,900.401,901.133
11,185,g_a,dpu,901.138,946.268
11,185,g_a,dpu,946.276,975.014
11,185,g_a_cpu,cpu,975.016,975.41
11,185,eb_enc,cpu,975.412,980.731
11,206,normalize,cpu,981.316,985.669
11,206,g_a_cpu,cpu,985.672,986.01
11,206,g_a,dpu,986.012,1000.25
11,206,g_a,dpu,1000.26,1044.54
11,206,g_a_cpu,cpu,1044.54,1044.88
11,206,eb_enc,cpu,1044.89,1049.94
11,219,normalize,cpu,1050.68,1065.35
11,219,g_a_cpu,cpu,1065.36,1065.95
11,219,g_a,dpu,1065.95,1116.57
11,219,g_a,dpu,1116.57,1179.89
11,219,g_a_cpu,cpu,1179.9,1180.56
11,219,eb_enc,cpu,1180.57,1186.05
11,247,normalize,cpu,1187,1190.78
11,247,g_a_cpu,cpu,1190.79,1191.38
11,247,g_a,dpu,1191.38,1242.26
11,247,g_a,dpu,1242.26,1270.03
11,247,g_a_cpu,cpu,1270.03,1270.77
11,247,eb_enc,cpu,1270.78,1276.16
11,266,normalize,cpu,1276.77,1280.56
11,266,g_a_cpu,cpu,1280.57,1281.07
11,266,g_a,dpu,1281.07,1286.95
11,266,g_a,dpu,1286.95,1356.4
11,266,g_a_cpu,cpu,1356.4,1356.87
11,266,eb_enc,cpu,1356.87,1361.84
11,286,normalize,cpu,1362.42,1366.17
11,286,g_a_cpu,cpu,1366.17,1366.77
11,286,g_a,dpu,1366.78,1424.17
11,286,g_a,dpu,1424.17,1430.07
11,286,g_a_cpu,cpu,1430.08,1430.85
11,286,eb_enc,cpu,1430.86,1435.89
11,299,normalize,cpu,1436.47,1448.93
11,299,g_a_cpu,cpu,1448.94,1449.56
11,299,g_a,dpu,1449.57,1492.35
11,299,g_a,dpu,1492.36,1497.73
11,299,g_a_cpu,cpu,1497.73,1498.13
11,299,eb_enc,cpu,1498.13,1509.46
11,315,normalize,cpu,1510.12,1518.6
11,315,g_a_cpu,cpu,1518.61,1519.19
11,315,g_a,dpu,1519.19,1561.87
11,315,g_a,dpu,1561.88,1638.74
11,315,g_a_cpu,cpu,1638.74,1639.27
11,315,eb_enc,cpu,1639.27,1644.5
11,345,normalize,cpu,1645.29,1649.01
11,345,g_a_cpu,cpu,1649.01,1649.61
11,345,g_a,dpu,1649.61,1691.33
11,345,g_a,dpu,1691.34,1697.75
11,345,g_a_cpu,cpu,1697.76,1698.24
11,345,eb_enc,cpu,1698.24,1704.24
11,358,normalize,cpu,1704.96,1710.04
11,358,g_a_cpu,cpu,1710.05,1710.63
11,358,g_a,dpu,1710.63,1773.06
11,358,g_a,dpu,1773.07,1892.34
11,358,g_a_cpu,cpu,1892.35,1892.84
11,358,eb_enc,cpu,1892.84,1897.8
11,401,normalize,cpu,1898.48,1902.94
11,401,g_a_cpu,cpu,1902.95,1903.69
11,401,g_a,dpu,1903.7,1942.69
11,401,g_a,dpu,1942.69,1948.41
11,401,g_a_cpu,cpu,1948.41,1948.97
11,401,eb_enc,cpu,1948.98,1954.34
11,413,normalize,cpu,1955.56,1959.45
11,413,g_a_cpu,cpu,1959.46,1960.04
11,413,g_a,dpu,1960.04,2006.75
11,413,g_a,dpu,2006.75,2044.34
11,413,g_a_cpu,cpu,2044.34,2044.87
11,413,eb_enc,cpu,2044.87,2050.07
11,434,normalize,cpu,2050.91,2063.05
11,434,g_a_cpu,cpu,2063.05,2064.31
11,434,g_a,dpu,2064.31,2113.12
11,434,g_a,dpu,2113.13,2118.95
11,434,g_a_cpu,cpu,2118.95,2119.56
11,434,eb_enc,cpu,2119.56,2124.82
11,450,normalize,cpu,2125.61,2130.18
11,450,g_a_cpu,cpu,2130.19,2130.96
11,450,g_a,dpu,2130.97,2222.28
11,450,g_a,dpu,2222.28,2234.83
11,450,g_a_cpu,cpu,2234.83,2235.33
11,450,eb_enc,cpu,2235.33,2247.87
11,475,normalize,cpu,2248.4,2252.17
11,475,g_a_cpu,cpu,2252.18,2252.91
11,475,g_a,dpu,2252.92,2296.51
11,475,g_a,dpu,2296.51,2374.98
11,475,g_a_cpu,cpu,2374.99,2375.5
11,475,eb_enc,cpu,2375.5,2381.72
11,502,normalize,cpu,2382.69,2391.39
11,502,g_a_cpu,cpu,2391.39,2392.33
11,502,g_a,dpu,2392.34,2467.26
11,502,g_a,dpu,2467.26,2474.25
11,502,g_a_cpu,cpu,2474.25,2475.23
11,502,eb_enc,cpu,2475.23,2488.95
11,525,normalize,cpu,2489.74,2503.59
11,525,g_a_cpu,cpu,2503.6,2504.17
11,525,g_a,dpu,2504.17,2561.95
11,525,g_a,dpu,2561.95,2615.13
11,525,g_a_cpu,cpu,2615.13,2615.71
11,525,eb_enc,cpu,2615.71,2620.57
11,555,normalize,cpu,2621,2624.74
11,555,g_a_cpu,cpu,2624.74,2625.16
11,555,g_a,dpu,2625.17,2695.71
11,555,g_a,dpu,2695.71,2705.63
11,555,g_a_cpu,cpu,2705.63,2706.19
11,555,eb_enc,cpu,2706.19,2711.42
11,576,normalize,cpu,2712.38,2716.2
11,576,g_a_cpu,cpu,2716.21,2717.04
11,576,g_a,dpu,2717.05,2774.55
11,576,g_a,dpu,2774.55,2781.46
11,576,g_a_cpu,cpu,2781.47,2782.07
11,576,eb_enc,cpu,2782.08,2796.56
11,590,normalize,cpu,2797.33,2821.66
11,590,g_a_cpu,cpu,2821.66,2822.05
11,590,g_a,dpu,2822.05,2828.29
11,590,g_a,dpu,2828.29,2874.99
11,590,g_a_cpu,cpu,2874.99,2875.72
11,590,eb_enc,cpu,2875.72,2881.93
11,610,normalize,cpu,2882.46,2886.27
11,610,g_a_cpu,cpu,2886.27,2887
11,610,g_a,dpu,2887.01,2922.83
11,610,g_a,dpu,2922.83,2929.05
11,610,g_a_cpu,cpu,2929.05,2929.91
11,610,eb_enc,cpu,2929.92,2935.69
11,621,normalize,cpu,2936.45,2946.97
11,621,g_a_cpu,cpu,2946.98,2947.59
11,621,g_a,dpu,2947.6,2975.84
11,621,g_a,dpu,2975.84,3025.37
11,621,g_a_cpu,cpu,3025.37,3025.93
11,621,eb_enc,cpu,3025.94,3031.42
11,643,normalize,cpu,3032.02,3035.93
11,643,g_a_cpu,cpu,3035.93,3036.56
11,643,g_a,dpu,3036.57,3113.59
11,643,g_a,dpu,3113.6,3122.87
11,643,g_a_cpu,cpu,3122.87,3123.49
11,643,eb_enc,cpu,3123.49,3144.11
11,669,normalize,cpu,3144.72,3154.35
11,669,g_a_cpu,cpu,3154.35,3154.99
11,669,g_a,dpu,3155,3161.26
11,669,g_a,dpu,3161.26,3167.11
11,669,g_a_cpu,cpu,3167.12,3167.68
11,669,eb_enc,cpu,3167.68,3174.72
11,676,normalize,cpu,3175.23,3178.95
11,676,g_a_cpu,cpu,3178.95,3179.43
11,676,g_a,dpu,3179.44,3263.69
11,676,g_a,dpu,3263.69,3269.85
11,676,g_a_cpu,cpu,3269.85,3270.81
11,676,eb_enc,cpu,3270.82,3287.38
11,698,normalize,cpu,3288.42,3292.14
11,698,g_a_cpu,cpu,3292.14,3297.94
11,698,g_a,dpu,3297.95,3364.76
11,698,g_a,dpu,3364.76,3403.97
11,698,g_a_cpu,cpu,3403.97,3404.38
11,698,eb_enc,cpu,3404.38,3409.24
11,726,normalize,cpu,3409.75,3413.49
11,726,g_a_cpu,cpu,3413.5,3413.94
11,726,g_a,dpu,3413.94,3454.45
11,726,g_a,dpu,3454.45,3491.85
11,726,g_a_cpu,cpu,3491.86,3492.37
11,726,eb_enc,cpu,3492.38,3497.34
11,747,normalize,cpu,3497.82,3501.47
11,747,g_a_cpu,cpu,3501.47,3501.85
11,747,g_a,dpu,3501.86,3508.21
11,747,g_a,dpu,3508.22,3548.8
11,747,g_a_cpu,cpu,3548.8,3549.51
11,747,eb_enc,cpu,3549.51,3556.66
11,755,normalize,cpu,3557.55,3561.3
11,755,g_a_cpu,cpu,3561.3,3561.77
11,755,g_a,dpu,3561.78,3651.46
11,755,g_a,dpu,3651.46,3657.11
11,755,g_a_cpu,cpu,3657.11,3657.81
11,755,eb_enc,cpu,3657.81,3662.93
11,778,normalize,cpu,3663.85,3667.66
11,778,g_a_cpu,cpu,3667.67,3668.35
11,778,g_a,dpu,3668.35,3709.77
11,778,g_a,dpu,3709.77,3752.54
11,778,g_a_cpu,cpu,3752.54,3752.9
11,778,eb_enc,cpu,3752.9,3757.82
11,800,normalize,cpu,3758.55,3762.31
11,800,g_a_cpu,cpu,3762.32,3762.89
11,800,g_a,dpu,3762.9,3811.86
11,800,g_a,dpu,3811.86,3882.27
11,800,g_a_cpu,cpu,3882.28,3882.81
11,800,eb_enc,cpu,3882.81,3887.72
11,829,normalize,cpu,3888.46,3892.22
11,829,g_a_cpu,cpu,3892.22,3892.81
11,829,g_a,dpu,3892.81,3898.58
11,829,g_a,dpu,3898.58,3904.26
11,829,g_a_cpu,cpu,3904.26,3904.97
11,829,eb_enc,cpu,3904.98,3910.73
11,834,normalize,cpu,3911.35,3915.13
11,834,g_a_cpu,cpu,3915.14,3915.5
11,834,g_a,dpu,3915.51,3962.2
11,834,g_a,dpu,3962.2,4009.08
11,834,g_a_cpu,cpu,4009.08,4009.71
11,834,eb_enc,cpu,4009.71,4014.88
11,857,normalize,cpu,4015.52,4019.2
11,857,g_a_cpu,cpu,4019.2,4019.71
11,857,g_a,dpu,4019.72,4078.71
11,857,g_a,dpu,4078.71,4084.63
11,857,g_a_cpu,cpu,4084.64,4085.18
11,857,eb_enc,cpu,4085.2,4090.47
11,874,normalize,cpu,4091.06,4094.87
11,874,g_a_cpu,cpu,4094.87,4095.48
11,874,g_a,dpu,4095.48,4151.43
11,874,g_a,dpu,4151.43,4156.71
11,874,g_a_cpu,cpu,4156.72,4157.32
11,874,eb_enc,cpu,4157.33,4162.8
11,889,normalize,cpu,4163.39,4168.08
11,889,g_a_cpu,cpu,4168.08,4168.61
11,889,g_a,dpu,4168.61,4216.7
11,889,g_a,dpu,4216.7,4264.37
11,889,g_a_cpu,cpu,4264.37,4264.99
11,889,eb_enc,cpu,4264.99,4270.3
11,913,normalize,cpu,4271.09,4274.74
11,913,g_a_cpu,cpu,4274.74,4275.11
11,913,g_a,dpu,4275.11,4309.79
11,913,g_a,dpu,4309.79,4344.05
11,913,g_a_cpu,cpu,4344.05,4344.39
11,913,eb_enc,cpu,4344.39,4349.48
12,11,normalize,cpu,79.2349,90.202
12,11,g_a_cpu,cpu,90.287,90.7438
12,11,g_a,dpu,90.751,96.636
12,11,g_a,dpu,96.6439,121.831
12,11,g_a_cpu,cpu,121.838,122.47
12,11,eb_enc,cpu,122.488,129.31
12,24,normalize,cpu,130.046,133.801
12,24,g_a_cpu,cpu,133.808,134.436
12,24,g_a,dpu,134.441,179.658
12,24,g_a,dpu,179.665,226.452
12,24,g_a_cpu,cpu,226.453,226.913
12,24,eb_enc,cpu,226.915,244.313
12,51,normalize,cpu,244.859,249.306
12,51,g_a_cpu,cpu,249.312,249.835
12,51,g_a,dpu,249.838,376.747
12,51,g_a,dpu,376.75,382.709
12,51,g_a_cpu,cpu,382.71,383.409
12,51,eb_enc,cpu,383.438,388.483
12,80,normalize,cpu,389.155,400.953
12,80,g_a_cpu,cpu,400.959,401.524
12,80,g_a,dpu,401.529,441.61
12,80,g_a,dpu,441.611,474.996
12,80,g_a_cpu,cpu,474.999,475.703
12,80,eb_enc,cpu,475.708,481.109
12,100,normalize,cpu,481.748,489.853
12,100,g_a_cpu,cpu,489.858,490.311
12,100,g_a,dpu,490.314,496.344
12,100,g_a,dpu,496.345,501.566
12,100,g_a_cpu,cpu,501.568,502.088
12,100,eb_enc,cpu,502.092,508.771
12,106,normalize,cpu,509.642,539.029
12,106,g_a_cpu,cpu,539.033,539.455
12,106,g_a,dpu,539.459,570.007
12,106,g_a,dpu,570.023,575.542
12,106,g_a_cpu,cpu,575.544,576.201
12,106,eb_enc,cpu,576.206,589.184
12,123,normalize,cpu,589.798,598.618
12,123,g_a_cpu,cpu,598.622,599.122
12,123,g_a,dpu,599.125,695.952
12,123,g_a,dpu,695.953,701.75
12,123,g_a_cpu,cpu,701.752,702.064
12,123,eb_enc,cpu,702.066,707.045
12,146,normalize,cpu,708.068,714.764
12,146,g_a_cpu,cpu,714.767,715.2
12,146,g_a,dpu,715.203,753.756
12,146,g_a,dpu,753.759,793.849
12,146,g_a_cpu,cpu,793.85,794.381
12,146,eb_enc,cpu,794.384,799.743
12,167,normalize,cpu,800.591,812.943
12,167,g_a_cpu,cpu,812.946,813.47
12,167,g_a,dpu,813.475,841.241
12,167,g_a,dpu,841.246,894.726
12,167,g_a_cpu,cpu,894.73,895.422
12,167,eb_enc,cpu,895.427,900.512
12,186,normalize,cpu,901.465,905.173
12,186,g_a_cpu,cpu,905.179,905.64
12,186,g_a,dpu,905.642,914.002
12,186,g_a,dpu,914.005,952.944
12,186,g_a_cpu,cpu,952.946,953.341
12,186,eb_enc,cpu,953.342,959.29
12,200,normalize,cpu,959.926,966.398
12,200,g_a_cpu,cpu,966.401,966.949
12,200,g_a,dpu,966.954,1009.87
12,200,g_a,dpu,1009.87,1046.63
12,200,g_a_cpu,cpu,1046.63,1047.23
12,200,eb_enc,cpu,1047.24,1052.26
12,220,normalize,cpu,1052.86,1056.88
12,220,g_a_cpu,cpu,1056.88,1057.5
12,220,g_a,dpu,1057.5,1092.76
12,220,g_a,dpu,1092.76,1131.5
12,220,g_a_cpu,cpu,1131.5,1131.92
12,220,eb_enc,cpu,1131.92,1137.12
12,239,normalize,cpu,1137.91,1151.51
12,239,g_a_cpu,cpu,1151.52,1151.89
12,239,g_a,dpu,1151.9,1193.05
12,239,g_a,dpu,1193.05,1201.19
12,239,g_a_cpu,cpu,1201.19,1201.8
12,239,eb_enc,cpu,1201.81,1206.8
12,251,normalize,cpu,1207.37,1211.12
12,251,g_a_cpu,cpu,1211.13,1211.58
12,251,g_a,dpu,1211.58,1216.92
12,251,g_a,dpu,1216.92,1296.58
12,251,g_a_cpu,cpu,1296.59,1296.95
12,251,eb_enc,cpu,1296.95,1302.03
12,273,normalize,cpu,1302.61,1306.36
12,273,g_a_cpu,cpu,1306.37,1307.16
12,273,g_a,dpu,1307.17,1340.36
12,273,g_a,dpu,1340.36,1383.77
12,273,g_a_cpu,cpu,1383.77,1384.27
12,273,eb_enc,cpu,1384.28,1389.86
12,291,normalize,cpu,1390.6,1395.42
12,291,g_a_cpu,cpu,1395.43,1396.01
12,291,g_a,dpu,1396.01,1447.64
12,291,g_a,dpu,1447.65,1453.24
12,291,g_a_cpu,cpu,1453.24,1453.65
12,291,eb_enc,cpu,1453.65,1458.62
12,305,normalize,cpu,1459.05,1463.45
12,305,g_a_cpu,cpu,1463.45,1464
12,305,g_a,dpu,1464.01,1519.95
12,305,g_a,dpu,1519.95,1557.04
12,305,g_a_cpu,cpu,1557.05,1557.44
12,305,eb_enc,cpu,1557.44,1574.38
12,330,normalize,cpu,1575.04,1578.71
12,330,g_a_cpu,cpu,1578.71,1579.24
12,330,g_a,dpu,1579.25,1615.11
12,330,g_a,dpu,1615.11,1666.11
12,330,g_a_cpu,cpu,1666.11,1666.63
12,330,eb_enc,cpu,1666.63,1671.54
12,351,normalize,cpu,1672.03,1675.78
12,351,g_a_cpu,cpu,1675.78,1676.39
12,351,g_a,dpu,1676.39,1728.34
12,351,g_a,dpu,1728.35,1768.44
12,351,g_a_cpu,cpu,1768.44,1768.97
12,351,eb_enc,cpu,1768.97,1774.99
12,372,normalize,cpu,1775.94,1779.82
12,372,g_a_cpu,cpu,1779.83,1780.74
12,372,g_a,dpu,1780.75,1839.14
12,372,g_a,dpu,1839.14,1883.2
12,372,g_a_cpu,cpu,1883.2,1883.56
12,372,eb_enc,cpu,1883.57,1891.68
12,398,normalize,cpu,1899.51,1903.26
12,398,g_a_cpu,cpu,1903.26,1904.74
12,398,g_a,dpu,1904.74,1956.34
12,398,g_a,dpu,1956.34,1993.39
12,398,g_a_cpu,cpu,1993.4,1993.96
12,398,eb_enc,cpu,1993.97,1999.6
12,421,normalize,cpu,2000.36,2004.19
12,421,g_a_cpu,cpu,2004.19,2004.69
12,421,g_a,dpu,2004.69,2044.42
12,421,g_a,dpu,2044.43,2049.87
12,421,g_a_cpu,cpu,2049.88,2050.4
12,421,eb_enc,cpu,2050.41,2055.55
12,435,normalize,cpu,2056.15,2061.39
12,435,g_a_cpu,cpu,2061.4,2061.82
12,435,g_a,dpu,2061.82,2108.71
12,435,g_a,dpu,2108.72,2114.55
12,435,g_a_cpu,cpu,2114.55,2115.07
12,435,eb_enc,cpu,2115.07,2120.23
12,448,normalize,cpu,2120.77,2124.59
12,448,g_a_cpu,cpu,2124.6,2125.26
12,448,g_a,dpu,2125.26,2196.48
12,448,g_a,dpu,2196.48,2263.3
12,448,g_a_cpu,cpu,2263.3,2263.9
12,448,eb_enc,cpu,2263.91,2268.95
12,480,normalize,cpu,2269.66,2273.4
12,480,g_a_cpu,cpu,2273.41,2276.5
12,480,g_a,dpu,2276.5,2306.91
12,480,g_a,dpu,2306.91,2348.84
12,480,g_a_cpu,cpu,2348.84,2349.42
12,480,eb_enc,cpu,2349.43,2354.47
12,495,normalize,cpu,2355.19,2358.99
12,495,g_a_cpu,cpu,2358.99,2359.36
12,495,g_a,dpu,2359.36,2402.76
12,495,g_a,dpu,2402.76,2440.63
12,495,g_a_cpu,cpu,2440.63,2441.12
12,495,eb_enc,cpu,2441.12,2446.04
12,518,normalize,cpu,2446.85,2450.48
12,518,g_a_cpu,cpu,2450.49,2450.9
12,518,g_a,dpu,2450.9,2561.18
12,518,g_a,dpu,2561.18,2566.58
12,518,g_a_cpu,cpu,2566.59,2566.98
12,518,eb_enc,cpu,2566.98,2571.9
12,543,normalize,cpu,2572.44,2576.13
12,543,g_a_cpu,cpu,2576.14,2576.84
12,543,g_a,dpu,2576.85,2674.37
12,543,g_a,dpu,2674.37,2705.76
12,543,g_a_cpu,cpu,2705.76,2706.38
12,543,eb_enc,cpu,2706.38,2711.5
12,577,normalize,cpu,2712.38,2717.13
12,577,g_a_cpu,cpu,2717.13,2717.73
12,577,g_a,dpu,2717.73,2775.38
12,577,g_a,dpu,2775.39,2832.39
12,577,g_a_cpu,cpu,2832.39,2832.86
12,577,eb_enc,cpu,2832.86,2837.83
12,598,normalize,cpu,2838.48,2842.19
12,598,g_a_cpu,cpu,2842.2,2842.68
12,598,g_a,dpu,2842.68,2878.86
12,598,g_a,dpu,2878.87,2917.92
12,598,g_a_cpu,cpu,2917.92,2918.44
12,598,eb_enc,cpu,2918.45,2924.76
12,619,normalize,cpu,2925.84,2930.49
12,619,g_a_cpu,cpu,2930.49,2930.98
12,619,g_a,dpu,2930.99,2997.95
12,619,g_a,dpu,2997.96,3037.89
12,619,g_a_cpu,cpu,3037.89,3038.42
12,619,eb_enc,cpu,3038.42,3044.77
12,647,normalize,cpu,3045.55,3051.3
12,647,g_a_cpu,cpu,3051.31,3052.01
12,647,g_a,dpu,3052.02,3057.6
12,647,g_a,dpu,3057.61,3101.63
12,647,g_a_cpu,cpu,3101.63,3102.05
12,647,eb_enc,cpu,3102.06,3112.45
12,661,normalize,cpu,3113.13,3116.82
12,661,g_a_cpu,cpu,3116.83,3117.25
12,661,g_a,dpu,3117.25,3188.36
12,661,g_a,dpu,3188.36,3221.59
12,661,g_a_cpu,cpu,3221.59,3222.02
12,661,eb_enc,cpu,3222.02,3229.03
12,685,normalize,cpu,3229.67,3233.54
12,685,g_a_cpu,cpu,3233.54,3233.91
12,685,g_a,dpu,3233.91,3273.72
12,685,g_a,dpu,3273.72,3332.92
12,685,g_a_cpu,cpu,3332.92,3333.55
12,685,eb_enc,cpu,3333.56,3342.96
12,710,normalize,cpu,3343.79,3347.56
12,710,g_a_cpu,cpu,3347.57,3348.46
12,710,g_a,dpu,3348.47,3388.15
12,710,g_a,dpu,3388.15,3420.04
12,710,g_a_cpu,cpu,3420.04,3420.52
12,710,eb_enc,cpu,3420.53,3425.74
12,729,normalize,cpu,3426.41,3446.42
12,729,g_a_cpu,cpu,3446.42,3447.03
12,729,g_a,dpu,3447.03,3471.59
12,729,g_a,dpu,3471.6,3507.35
12,729,g_a_cpu,cpu,3507.35,3507.79
12,729,eb_enc,cpu,3507.8,3512.91
12,748,normalize,cpu,3513.89,3518.95
12,748,g_a_cpu,cpu,3518.95,3519.55
12,748,g_a,dpu,3519.55,3605.55
12,748,g_a,dpu,3605.55,3610.72
12,748,g_a_cpu,cpu,3610.72,3611.09
12,748,eb_enc,cpu,3611.09,3616.07
12,769,normalize,cpu,3616.65,3620.4
12,769,g_a_cpu,cpu,3620.4,3620.9
12,769,g_a,dpu,3620.9,3687.66
12,769,g_a,dpu,3687.67,3718.81
12,769,g_a_cpu,cpu,3718.82,3719.23
12,769,eb_enc,cpu,3719.24,3727.32
12,792,normalize,cpu,3728.53,3735.56
12,792,g_a_cpu,cpu,3735.57,3736.1
12,792,g_a,dpu,3736.1,3780.14
12,792,g_a,dpu,3780.14,3820.01
12,792,g_a_cpu,cpu,3820.01,3820.46
12,792,eb_enc,cpu,3820.46,3825.59
12,814,normalize,cpu,3826.13,3829.87
12,814,g_a_cpu,cpu,3829.87,3830.43
12,814,g_a,dpu,3830.44,3871.95
12,814,g_a,dpu,3871.96,3879.46
12,814,g_a_cpu,cpu,3879.46,3879.95
12,814,eb_enc,cpu,3879.95,3885.12
12,828,normalize,cpu,3885.78,3890.17
12,828,g_a_cpu,cpu,3890.18,3890.75
12,828,g_a,dpu,3890.76,3930.46
12,828,g_a,dpu,3930.46,3963.85
12,828,g_a_cpu,cpu,3963.85,3964.26
12,828,eb_enc,cpu,3964.26,3970.01
12,849,normalize,cpu,3971,3982.64
12,849,g_a_cpu,cpu,3982.65,3983.21
12,849,g_a,dpu,3983.21,4018.66
12,849,g_a,dpu,4018.66,4023.7
12,849,g_a_cpu,cpu,4023.7,4024.06
12,849,eb_enc,cpu,4024.07,4029.77
12,859,normalize,cpu,4030.62,4041.42
12,859,g_a_cpu,cpu,4041.43,4042
12,859,g_a,dpu,4042.01,4077.1
12,859,g_a,dpu,4077.1,4112.86
12,859,g_a_cpu,cpu,4112.86,4113.22
12,859,eb_enc,cpu,4113.24,4119.88
12,880,normalize,cpu,4120.45,4124.16
12,880,g_a_cpu,cpu,4124.16,4124.52
12,880,g_a,dpu,4124.53,4196.7
12,880,g_a,dpu,4196.7,4273.78
12,880,g_a_cpu,cpu,4273.78,4274.14
12,880,eb_enc,cpu,4274.14,4279.18
12,915,normalize,cpu,4279.79,4283.46
12,915,g_a_cpu,cpu,4283.46,4283.94
12,915,g_a,dpu,4283.94,4322.99
12,915,g_a,dpu,4322.99,4351.53
12,915,g_a_cpu,cpu,4351.53,4352.09
12,915,eb_enc,cpu,4352.1,4357.55
13,16,normalize,cpu,84.5372,88.2933
13,16,g_a_cpu,cpu,88.4349,89.0879
13,16,g_a,dpu,89.1042,114.247
13,16,g_a,dpu,114.251,151.512
13,16,g_a_cpu,cpu,151.514,151.948
13,16,eb_enc,cpu,151.96,175.787
13,32,normalize,cpu,176.497,180.163
13,32,g_a_cpu,cpu,180.169,186.879
13,32,g_a,dpu,186.884,255.384
13,32,g_a,dpu,255.396,289.936
13,32,g_a_cpu,cpu,289.94,290.584
13,32,eb_enc,cpu,290.588,296.895
13,60,normalize,cpu,297.491,301.292
13,60,g_a_cpu,cpu,301.296,301.685
13,60,g_a,dpu,301.688,334.36
13,60,g_a,dpu,334.362,381.54
13,60,g_a_cpu,cpu,381.545,382.031
13,60,eb_enc,cpu,382.051,387.485
13,79,normalize,cpu,388.083,391.777
13,79,g_a_cpu,cpu,391.785,392.164
13,79,g_a,dpu,392.167,398.742
13,79,g_a,dpu,398.743,447.219
13,79,g_a_cpu,cpu,447.22,447.743
13,79,eb_enc,cpu,447.747,452.867
13,94,normalize,cpu,453.82,463.796
13,94,g_a_cpu,cpu,463.799,464.215
13,94,g_a,dpu,464.217,538.836
13,94,g_a,dpu,538.837,544.249
13,94,g_a_cpu,cpu,544.253,544.597
13,94,eb_enc,cpu,544.6,549.581
13,114,normalize,cpu,550.292,554.032
13,114,g_a_cpu,cpu,554.036,554.352
13,114,g_a,dpu,554.355,597.629
13,114,g_a,dpu,597.636,638.792
13,114,g_a_cpu,cpu,638.794,639.355
13,114,eb_enc,cpu,639.36,644.319
13,133,normalize,cpu,644.828,648.545
13,133,g_a_cpu,cpu,648.548,648.945
13,133,g_a,dpu,648.952,695.952
13,133,g_a,dpu,695.953,706.871
13,133,g_a_cpu,cpu,706.875,707.467
13,133,eb_enc,cpu,707.472,712.579
13,148,normalize,cpu,713.677,717.352
13,148,g_a_cpu,cpu,717.361,718.197
13,148,g_a,dpu,718.205,786.49
13,148,g_a,dpu,786.491,791.939
13,148,g_a_cpu,cpu,791.94,792.29
13,148,eb_enc,cpu,792.292,797.585
13,166,normalize,cpu,798.235,801.988
13,166,g_a_cpu,cpu,801.991,802.485
13,166,g_a,dpu,802.489,838.771
13,166,g_a,dpu,838.777,887.713
13,166,g_a_cpu,cpu,887.719,888.518
13,166,eb_enc,cpu,888.526,893.616
13,184,normalize,cpu,894.324,900.008
13,184,g_a_cpu,cpu,900.015,900.585
13,184,g_a,dpu,900.59,914.773
13,184,g_a,dpu,914.775,973.491
13,184,g_a_cpu,cpu,973.492,973.898
13,184,eb_enc,cpu,973.902,980.357
13,205,normalize,cpu,981.204,987.649
13,205,g_a_cpu,cpu,987.652,988.007
13,205,g_a,dpu,988.009,1055.98
13,205,g_a,dpu,1055.98,1061.27
13,205,g_a_cpu,cpu,1061.28,1061.95
13,205,eb_enc,cpu,1061.98,1068.27
13,224,normalize,cpu,1068.9,1072.88
13,224,g_a_cpu,cpu,1072.89,1073.33
13,224,g_a,dpu,1073.33,1111.4
13,224,g_a,dpu,1111.4,1145.66
13,224,g_a_cpu,cpu,1145.67,1146.07
13,224,eb_enc,cpu,1146.07,1151.08
13,241,normalize,cpu,1151.63,1159.51
13,241,g_a_cpu,cpu,1159.52,1165.9
13,241,g_a,dpu,1165.91,1251.4
13,241,g_a,dpu,1251.4,1256.65
13,241,g_a_cpu,cpu,1256.65,1257.29
13,241,eb_enc,cpu,1257.29,1262.95
13,262,normalize,cpu,1263.7,1267.42
13,262,g_a_cpu,cpu,1267.42,1267.89
13,262,g_a,dpu,1267.89,1273.44
13,262,g_a,dpu,1273.44,1320.66
13,262,g_a_cpu,cpu,1320.66,1321.2
13,262,eb_enc,cpu,1321.21,1326.11
13,277,normalize,cpu,1327.07,1330.77
13,277,g_a_cpu,cpu,1330.77,1331.17
13,277,g_a,dpu,1331.17,1412.5
13,277,g_a,dpu,1412.51,1444.28
13,277,g_a_cpu,cpu,1444.28,1444.93
13,277,eb_enc,cpu,1444.93,1450.5
13,303,normalize,cpu,1451.42,1455.33
13,303,g_a_cpu,cpu,1455.34,1455.87
13,303,g_a,dpu,1455.87,1607.7
13,303,g_a,dpu,1607.7,1612.76
13,303,g_a_cpu,cpu,1612.76,1613.12
13,303,eb_enc,cpu,1613.13,1618.21
13,339,normalize,cpu,1618.9,1622.71
13,339,g_a_cpu,cpu,1622.72,1623.24
13,339,g_a,dpu,1623.25,1768.22
13,339,g_a,dpu,1768.22,1803.83
13,339,g_a_cpu,cpu,1803.84,1804.62
13,339,eb_enc,cpu,1804.63,1809.63
13,379,normalize,cpu,1810.26,1814.63
13,379,g_a_cpu,cpu,1814.64,1815.39
13,379,g_a,dpu,1815.4,1854.79
13,379,g_a,dpu,1854.79,1860.29
13,379,g_a_cpu,cpu,1860.29,1860.86
13,379,eb_enc,cpu,1860.86,1866.16
13,391,normalize,cpu,1866.86,1871.33
13,391,g_a_cpu,cpu,1871.34,1872.05
13,391,g_a,dpu,1872.06,1952.2
13,391,g_a,dpu,1952.2,1957.65
13,391,g_a_cpu,cpu,1957.65,1958.11
13,391,eb_enc,cpu,1958.12,1965.29
13,416,normalize,cpu,1966.43,1970.44
13,416,g_a_cpu,cpu,1970.45,1971.07
13,416,g_a,dpu,1971.07,2012.06
13,416,g_a,dpu,2012.06,2017.34
13,416,g_a_cpu,cpu,2017.34,2017.74
13,416,eb_enc,cpu,2017.74,2022.89
13,427,normalize,cpu,2023.77,2029.62
13,427,g_a_cpu,cpu,2029.63,2030.13
13,427,g_a,dpu,2030.13,2103.12
13,427,g_a,dpu,2103.13,2109.3
13,427,g_a_cpu,cpu,2109.3,2109.82
13,427,eb_enc,cpu,2109.82,2125.76
13,451,normalize,cpu,2126.33,2130.11
13,451,g_a_cpu,cpu,2130.12,2130.8
13,451,g_a,dpu,2130.81,2244.09
13,451,g_a,dpu,2244.1,2249.35
13,451,g_a_cpu,cpu,2249.36,2250.11
13,451,eb_enc,cpu,2250.12,2259.89
13,479,normalize,cpu,2260.6,2264.3
13,479,g_a_cpu,cpu,2264.31,2264.67
13,479,g_a,dpu,2264.67,2344.24
13,479,g_a,dpu,2344.24,2349.61
13,479,g_a_cpu,cpu,2349.61,2350.05
13,479,eb_enc,cpu,2350.05,2355.53
13,496,normalize,cpu,2356.21,2362.26
13,496,g_a_cpu,cpu,2362.26,2362.59
13,496,g_a,dpu,2362.6,2431.32
13,496,g_a,dpu,2431.33,2472.9
13,496,g_a_cpu,cpu,2472.91,2473.58
13,496,eb_enc,cpu,2473.58,2479.64
13,523,normalize,cpu,2480.68,2484.84
13,523,g_a_cpu,cpu,2484.85,2485.56
13,523,g_a,dpu,2485.56,2545.88
13,523,g_a,dpu,2545.89,2556.61
13,523,g_a_cpu,cpu,2556.61,2557.09
13,523,eb_enc,cpu,2557.09,2562.15
13,541,normalize,cpu,2563.35,2567
13,541,g_a_cpu,cpu,2567.01,2567.43
13,541,g_a,dpu,2567.43,2653.97
13,541,g_a,dpu,2653.97,2692.23
13,541,g_a_cpu,cpu,2692.24,2692.8
13,541,eb_enc,cpu,2692.8,2698.13
13,573,normalize,cpu,2698.74,2702.49
13,573,g_a_cpu,cpu,2702.49,2702.84
13,573,g_a,dpu,2702.84,2747.63
13,573,g_a,dpu,2747.63,2753.01
13,573,g_a_cpu,cpu,2753.01,2753.64
13,573,eb_enc,cpu,2753.65,2759.49
13,583,normalize,cpu,2760.14,2773.25
13,583,g_a_cpu,cpu,2773.25,2773.87
13,583,g_a,dpu,2773.88,2909.51
13,583,g_a,dpu,2909.52,2948.46
13,583,g_a_cpu,cpu,2948.46,2949.05
13,583,eb_enc,cpu,2949.05,2954.38
13,627,normalize,cpu,2955.29,2962.33
13,627,g_a_cpu,cpu,2962.33,2962.89
13,627,g_a,dpu,2962.89,3003.43
13,627,g_a,dpu,3003.43,3110.01
13,627,g_a_cpu,cpu,3110.01,3110.37
13,627,eb_enc,cpu,3110.37,3116.19
13,662,normalize,cpu,3116.7,3120.49
13,662,g_a_cpu,cpu,3120.49,3120.86
13,662,g_a,dpu,3120.86,3199.33
13,662,g_a,dpu,3199.33,3236.78
13,662,g_a_cpu,cpu,3236.78,3237.3
13,662,eb_enc,cpu,3237.31,3242.75
13,689,normalize,cpu,3243.44,3249.51
13,689,g_a_cpu,cpu,3249.52,3250.06
13,689,g_a,dpu,3250.07,3322.08
13,689,g_a,dpu,3322.08,3363.31
13,689,g_a_cpu,cpu,3363.31,3363.74
13,689,eb_enc,cpu,3363.75,3368.66
13,716,normalize,cpu,3369.41,3373.12
13,716,g_a_cpu,cpu,3373.12,3373.46
13,716,g_a,dpu,3373.46,3405.35
13,716,g_a,dpu,3405.35,3410.63
13,716,g_a_cpu,cpu,3410.64,3411.09
13,716,eb_enc,cpu,3411.1,3417.34
13,727,normalize,cpu,3418.05,3421.92
13,727,g_a_cpu,cpu,3421.93,3422.47
13,727,g_a,dpu,3422.48,3463.57
13,727,g_a,dpu,3463.58,3468.84
13,727,g_a_cpu,cpu,3468.84,3469.2
13,727,eb_enc,cpu,3469.2,3474.65
13,742,normalize,cpu,3475.32,3479.2
13,742,g_a_cpu,cpu,3479.2,3479.53
13,742,g_a,dpu,3479.53,3538.1
13,742,g_a,dpu,3538.11,3583.53
13,742,g_a_cpu,cpu,3583.53,3583.93
13,742,eb_enc,cpu,3583.93,3588.88
13,765,normalize,cpu,3589.44,3593.45
13,765,g_a_cpu,cpu,3593.46,3594.07
13,765,g_a,dpu,3594.08,3641.33
13,765,g_a,dpu,3641.33,3647.3
13,765,g_a_cpu,cpu,3647.3,3647.84
13,765,eb_enc,cpu,3647.84,3653.03
13,776,normalize,cpu,3653.87,3657.66
13,776,g_a_cpu,cpu,3657.66,3658.49
13,776,g_a,dpu,3658.49,3706.97
13,776,g_a,dpu,3706.97,3748.09
13,776,g_a_cpu,cpu,3748.09,3748.54
13,776,eb_enc,cpu,3748.54,3753.43
13,799,normalize,cpu,3754.08,3762.25
13,799,g_a_cpu,cpu,3762.25,3762.86
13,799,g_a,dpu,3762.86,3806.23
13,799,g_a,dpu,3806.24,3841.98
13,799,g_a_cpu,cpu,3841.98,3842.5
13,799,eb_enc,cpu,3842.51,3847.98
13,818,normalize,cpu,3848.65,3852.35
13,818,g_a_cpu,cpu,3852.37,3853.06
13,818,g_a,dpu,3853.06,3896.67
13,818,g_a,dpu,3896.67,3937.6
13,818,g_a_cpu,cpu,3937.61,3937.98
13,818,eb_enc,cpu,3937.99,3943.47
13,842,normalize,cpu,3944.14,3952.85
13,842,g_a_cpu,cpu,3952.85,3953.36
13,842,g_a,dpu,3953.37,4020.9
13,842,g_a,dpu,4020.9,4082.3
13,842,g_a_cpu,cpu,4082.3,4082.87
13,842,eb_enc,cpu,4082.87,4088.03
13,873,normalize,cpu,4088.54,4092.29
13,873,g_a_cpu,cpu,4092.29,4092.89
13,873,g_a,dpu,4092.9,4170.25
13,873,g_a,dpu,4170.26,4175.37
13,873,g_a_cpu,cpu,4175.38,4176.01
13,873,eb_enc,cpu,4176.01,4180.97
13,893,normalize,cpu,4181.48,4185.86
13,893,g_a_cpu,cpu,4185.87,4186.29
13,893,g_a,dpu,4186.29,4191.47
13,893,g_a,dpu,4191.47,4227.23
13,893,g_a_cpu,cpu,4227.23,4227.67
13,893,eb_enc,cpu,4227.68,4233.79
13,905,normalize,cpu,4234.76,4239.36
13,905,g_a_cpu,cpu,4239.36,4239.75
13,905,g_a,dpu,4239.75,4326.01
13,905,g_a,dpu,4326.01,4364.31
13,905,g_a_cpu,cpu,4364.31,4364.68
13,905,eb_enc,cpu,4364.69,4369.8
14,15,normalize,cpu,83.2827,88.5244
14,15,g_a_cpu,cpu,88.5891,89.252
14,15,g_a,dpu,89.2577,105.663
14,15,g_a,dpu,105.668,147.636
14,15,g_a_cpu,cpu,147.637,148.201
14,15,eb_enc,cpu,148.209,183.397
14,35,normalize,cpu,184.033,188.557
14,35,g_a_cpu,cpu,188.561,189.166
14,35,g_a,dpu,189.173,223.207
14,35,g_a,dpu,223.213,228.594
14,35,g_a_cpu,cpu,228.595,229.194
14,35,eb_enc,cpu,229.197,234.602
14,48,normalize,cpu,235.468,239.411
14,48,g_a_cpu,cpu,239.416,239.969
14,48,g_a,dpu,239.974,267.19
14,48,g_a,dpu,267.194,350.558
14,48,g_a_cpu,cpu,350.559,350.959
14,48,eb_enc,cpu,350.967,355.808
14,73,normalize,cpu,356.29,361.405
14,73,g_a_cpu,cpu,361.411,362.182
14,73,g_a,dpu,362.192,411.825
14,73,g_a,dpu,411.828,418.15
14,73,g_a_cpu,cpu,418.152,418.605
14,73,eb_enc,cpu,418.608,430.484
14,90,normalize,cpu,431.363,435.241
14,90,g_a_cpu,cpu,435.246,435.765
14,90,g_a,dpu,435.769,441.462
14,90,g_a,dpu,441.464,480.751
14,90,g_a_cpu,cpu,480.753,481.102
14,90,eb_enc,cpu,481.104,492.514
14,104,normalize,cpu,492.955,499.774
14,104,g_a_cpu,cpu,499.778,500.218
14,104,g_a,dpu,500.223,627.988
14,104,g_a,dpu,627.999,761.719
14,104,g_a_cpu,cpu,761.721,762.168
14,104,eb_enc,cpu,762.17,767.909
14,161,normalize,cpu,781.108,784.856
14,161,g_a_cpu,cpu,784.861,785.307
14,161,g_a,dpu,785.313,835.848
14,161,g_a,dpu,835.851,841.999
14,161,g_a_cpu,cpu,842,842.491
14,161,eb_enc,cpu,842.493,847.486
14,177,normalize,cpu,848.111,851.98
14,177,g_a_cpu,cpu,851.986,852.546
14,177,g_a,dpu,852.549,898.923
14,177,g_a,dpu,898.925,906.391
14,177,g_a_cpu,cpu,906.394,906.976
14,177,eb_enc,cpu,906.98,912.081
14,189,normalize,cpu,912.61,917.217
14,189,g_a_cpu,cpu,917.219,917.723
14,189,g_a,dpu,917.727,951.533
14,189,g_a,dpu,951.537,957.35
14,189,g_a_cpu,cpu,957.351,957.998
14,189,eb_enc,cpu,958.001,962.99
14,201,normalize,cpu,963.594,967.269
14,201,g_a_cpu,cpu,967.272,967.795
14,201,g_a,dpu,967.798,1065.43
14,201,g_a,dpu,1065.43,1095.66
14,201,g_a_cpu,cpu,1095.66,1096.05
14,201,eb_enc,cpu,1096.05,1101.25
14,230,normalize,cpu,1101.93,1105.58
14,230,g_a_cpu,cpu,1105.59,1106.01
14,230,g_a,dpu,1106.02,1174.23
14,230,g_a,dpu,1174.24,1236.6
14,230,g_a_cpu,cpu,1236.6,1237.36
14,230,eb_enc,cpu,1237.37,1243.59
14,260,normalize,cpu,1255.67,1260.65
14,260,g_a_cpu,cpu,1260.66,1261.18
14,260,g_a,dpu,1261.19,1297.39
14,260,g_a,dpu,1297.39,1302.92
14,260,g_a_cpu,cpu,1302.92,1303.51
14,260,eb_enc,cpu,1303.52,1310.48
14,275,normalize,cpu,1311.29,1316.26
14,275,g_a_cpu,cpu,1316.27,1316.8
14,275,g_a,dpu,1316.8,1365.76
14,275,g_a,dpu,1365.77,1403.05
14,275,g_a_cpu,cpu,1403.06,1403.73
14,275,eb_enc,cpu,1403.74,1408.92
14,295,normalize,cpu,1409.54,1413.22
14,295,g_a_cpu,cpu,1413.22,1413.71
14,295,g_a,dpu,1413.72,1462.74
14,295,g_a,dpu,1462.74,1468.77
14,295,g_a_cpu,cpu,1468.78,1469.47
14,295,eb_enc,cpu,1469.47,1474.67
14,308,normalize,cpu,1475.27,1479.01
14,308,g_a_cpu,cpu,1479.02,1479.54
14,308,g_a,dpu,1479.55,1523.86
14,308,g_a,dpu,1523.86,1567.08
14,308,g_a_cpu,cpu,1567.09,1567.63
14,308,eb_enc,cpu,1567.63,1572.56
14,329,normalize,cpu,1573.15,1576.83
14,329,g_a_cpu,cpu,1576.83,1577.25
14,329,g_a,dpu,1577.25,1607.55
14,329,g_a,dpu,1607.55,1665.16
14,329,g_a_cpu,cpu,1665.16,1665.84
14,329,eb_enc,cpu,1665.84,1671.22
14,350,normalize,cpu,1671.72,1675.51
14,350,g_a_cpu,cpu,1675.51,1676.11
14,350,g_a,dpu,1676.12,1709.23
14,350,g_a,dpu,1709.23,1714.92
14,350,g_a_cpu,cpu,1714.92,1715.44
14,350,eb_enc,cpu,1715.45,1720.73
14,362,normalize,cpu,1721.49,1725.2
14,362,g_a_cpu,cpu,1725.21,1725.81
14,362,g_a,dpu,1725.81,1732.2
14,362,g_a,dpu,1732.21,1787.37
14,362,g_a_cpu,cpu,1787.37,1788.05
14,362,eb_enc,cpu,1788.05,1796.65
14,376,normalize,cpu,1797.22,1800.99
14,376,g_a_cpu,cpu,1800.99,1801.46
14,376,g_a,dpu,1801.46,1813.94
14,376,g_a,dpu,1813.94,1824.83
14,376,g_a_cpu,cpu,1824.84,1825.53
14,376,eb_enc,cpu,1825.53,1831.73
14,385,normalize,cpu,1832.48,1836.19
14,385,g_a_cpu,cpu,1836.2,1836.85
14,385,g_a,dpu,1836.86,1879.75
14,385,g_a,dpu,1879.75,1913.24
14,385,g_a_cpu,cpu,1913.24,1913.78
14,385,eb_enc,cpu,1913.78,1919.24
14,404,normalize,cpu,1924.87,1940.85
14,404,g_a_cpu,cpu,1940.86,1941.26
14,404,g_a,dpu,1941.27,1971.62
14,404,g_a,dpu,1971.62,2058.58
14,404,g_a_cpu,cpu,2058.58,2059.11
14,404,eb_enc,cpu,2059.11,2064.2
14,437,normalize,cpu,2065.22,2068.93
14,437,g_a_cpu,cpu,2068.94,2069.42
14,437,g_a,dpu,2069.42,2262.72
14,437,g_a,dpu,2262.73,2301.67
14,437,g_a_cpu,cpu,2301.68,2302.18
14,437,eb_enc,cpu,2302.18,2307.36
14,487,normalize,cpu,2308.03,2319.14
14,487,g_a_cpu,cpu,2319.15,2319.8
14,487,g_a,dpu,2319.81,2389.62
14,487,g_a,dpu,2389.62,2395.41
14,487,g_a_cpu,cpu,2395.41,2395.89
14,487,eb_enc,cpu,2395.9,2400.84
14,509,normalize,cpu,2401.27,2405.13
14,509,g_a_cpu,cpu,2405.13,2405.62
14,509,g_a,dpu,2405.62,2440.81
14,509,g_a,dpu,2440.81,2450.79
14,509,g_a_cpu,cpu,2450.79,2451.29
14,509,eb_enc,cpu,2451.29,2456.28
14,520,normalize,cpu,2456.98,2460.69
14,520,g_a_cpu,cpu,2460.7,2460.99
14,520,g_a,dpu,2460.99,2498.14
14,520,g_a,dpu,2498.15,2545.76
14,520,g_a_cpu,cpu,2545.76,2546.27
14,520,eb_enc,cpu,2546.27,2551.22
14,539,normalize,cpu,2551.76,2555.51
14,539,g_a_cpu,cpu,2555.51,2555.79
14,539,g_a,dpu,2555.79,2635.81
14,539,g_a,dpu,2635.81,2642.9
14,539,g_a_cpu,cpu,2642.9,2643.59
14,539,eb_enc,cpu,2643.59,2648.8
14,562,normalize,cpu,2649.76,2653.53
14,562,g_a_cpu,cpu,2653.54,2654.31
14,562,g_a,dpu,2654.31,2822.77
14,562,g_a,dpu,2822.78,2886.02
14,562,g_a_cpu,cpu,2886.02,2886.73
14,562,eb_enc,cpu,2886.73,2891.67
14,611,normalize,cpu,2892.41,2896.14
14,611,g_a_cpu,cpu,2896.14,2896.5
14,611,g_a,dpu,2896.51,2949.53
14,611,g_a,dpu,2949.53,2983.41
14,611,g_a_cpu,cpu,2983.41,2984.01
14,611,eb_enc,cpu,2984.01,2991.56
14,633,normalize,cpu,2992.28,3001.23
14,633,g_a_cpu,cpu,3001.23,3001.6
14,633,g_a,dpu,3001.6,3042.55
14,633,g_a,dpu,3042.55,3048.92
14,633,g_a_cpu,cpu,3048.92,3049.47
14,633,eb_enc,cpu,3049.47,3060.49
14,649,normalize,cpu,3061.22,3072.09
14,649,g_a_cpu,cpu,3072.1,3072.73
14,649,g_a,dpu,3072.73,3208.09
14,649,g_a,dpu,3208.09,3216.63
14,649,g_a_cpu,cpu,3216.63,3217.18
14,649,eb_enc,cpu,3217.19,3222.2
14,684,normalize,cpu,3222.91,3226.69
14,684,g_a_cpu,cpu,3226.69,3227.47
14,684,g_a,dpu,3227.47,3421
14,684,g_a,dpu,3421,3429.54
14,684,g_a_cpu,cpu,3429.54,3430.25
14,684,eb_enc,cpu,3430.25,3440.81
14,734,normalize,cpu,3441.34,3454.41
14,734,g_a_cpu,cpu,3454.42,3455.18
14,734,g_a,dpu,3455.19,3542.74
14,734,g_a,dpu,3542.75,3588.32
14,734,g_a_cpu,cpu,3588.32,3588.67
14,734,eb_enc,cpu,3588.67,3593.97
14,766,normalize,cpu,3594.78,3598.42
14,766,g_a_cpu,cpu,3598.43,3598.98
14,766,g_a,dpu,3598.99,3697.93
14,766,g_a,dpu,3697.93,3736.88
14,766,g_a_cpu,cpu,3736.88,3737.21
14,766,eb_enc,cpu,3737.21,3742.04
14,796,normalize,cpu,3742.87,3746.65
14,796,g_a_cpu,cpu,3746.66,3747.18
14,796,g_a,dpu,3747.18,3796.36
14,796,g_a,dpu,3796.36,3802.33
14,796,g_a_cpu,cpu,3802.33,3802.72
14,796,eb_enc,cpu,3802.73,3807.71
14,810,normalize,cpu,3808.24,3811.98
14,810,g_a_cpu,cpu,3812,3812.57
14,810,g_a,dpu,3812.58,3851.84
14,810,g_a,dpu,3851.84,3893.05
14,810,g_a_cpu,cpu,3893.06,3893.56
14,810,eb_enc,cpu,3893.56,3898.85
14,832,normalize,cpu,3899.49,3903.95
14,832,g_a_cpu,cpu,3903.96,3904.76
14,832,g_a,dpu,3904.76,3992.66
14,832,g_a,dpu,3992.66,4031.79
14,832,g_a_cpu,cpu,4031.79,4032.19
14,832,eb_enc,cpu,4032.19,4037
14,862,normalize,cpu,4037.39,4041.27
14,862,g_a_cpu,cpu,4041.28,4041.91
14,862,g_a,dpu,4041.91,4144.37
14,862,g_a,dpu,4144.37,4177.63
14,862,g_a_cpu,cpu,4177.63,4178.07
14,862,eb_enc,cpu,4178.07,4183.17
14,894,normalize,cpu,4183.78,4187.51
14,894,g_a_cpu,cpu,4187.51,4187.86
14,894,g_a,dpu,4187.86,4231.89
14,894,g_a,dpu,4231.89,4241.43
14,894,g_a_cpu,cpu,4241.43,4241.77
14,894,eb_enc,cpu,4241.77,4246.71
14,908,normalize,cpu,4247.63,4251.35
14,908,g_a_cpu,cpu,4251.36,4251.8
14,908,g_a,dpu,4251.81,4314.75
14,908,g_a,dpu,4314.75,4352.95
14,908,g_a_cpu,cpu,4352.95,4353.32
14,908,eb_enc,cpu,4353.32,4358.59
15,9,normalize,cpu,75.346,79.1251
15,9,g_a_cpu,cpu,79.2745,79.6199
15,9,g_a,dpu,79.6286,101.394
15,9,g_a,dpu,101.397,131.965
15,9,g_a_cpu,cpu,131.967,132.437
15,9,eb_enc,cpu,132.448,140.309
15,25,normalize,cpu,140.955,146.355
15,25,g_a_cpu,cpu,146.359,147.054
15,25,g_a,dpu,147.06,186.806
15,25,g_a,dpu,186.817,192.228
15,25,g_a_cpu,cpu,192.229,192.624
15,25,eb_enc,cpu,192.625,204.239
15,40,normalize,cpu,204.841,215.098
15,40,g_a_cpu,cpu,215.104,215.539
15,40,g_a,dpu,215.542,272.342
15,40,g_a,dpu,272.345,352.411
15,40,g_a_cpu,cpu,352.413,352.78
15,40,eb_enc,cpu,352.79,357.638
15,74,normalize,cpu,358.209,362.477
15,74,g_a_cpu,cpu,362.489,363.281
15,74,g_a,dpu,363.288,437.057
15,74,g_a,dpu,437.058,467.547
15,74,g_a_cpu,cpu,467.55,468.352
15,74,eb_enc,cpu,468.358,473.464
15,97,normalize,cpu,474.116,477.987
15,97,g_a_cpu,cpu,477.99,478.618
15,97,g_a,dpu,478.621,529.178
15,97,g_a,dpu,529.182,534.901
15,97,g_a_cpu,cpu,534.903,535.46
15,97,eb_enc,cpu,535.464,541.015
15,112,normalize,cpu,541.944,556.73
15,112,g_a_cpu,cpu,556.74,557.364
15,112,g_a,dpu,557.368,595.798
15,112,g_a,dpu,595.809,601.459
15,112,g_a_cpu,cpu,601.463,602.009
15,112,eb_enc,cpu,602.011,619.191
15,128,normalize,cpu,619.914,640.423
15,128,g_a_cpu,cpu,640.428,641.752
15,128,g_a,dpu,641.756,724.188
15,128,g_a,dpu,724.192,758.388
15,128,g_a_cpu,cpu,758.39,758.972
15,128,eb_enc,cpu,758.975,764.716
15,158,normalize,cpu,765.614,769.487
15,158,g_a_cpu,cpu,769.491,770.202
15,158,g_a,dpu,770.216,810.94
15,158,g_a,dpu,810.942,819.381
15,158,g_a_cpu,cpu,819.383,819.986
15,158,eb_enc,cpu,819.989,824.973
15,173,normalize,cpu,825.732,829.478
15,173,g_a_cpu,cpu,829.487,829.963
15,173,g_a,dpu,829.966,878.96
15,173,g_a,dpu,878.964,923.375
15,173,g_a_cpu,cpu,923.377,923.738
15,173,eb_enc,cpu,923.74,928.556
15,192,normalize,cpu,929.117,932.837
15,192,g_a_cpu,cpu,932.841,933.22
15,192,g_a,dpu,933.222,938.39
15,192,g_a,dpu,938.393,1014.45
15,192,g_a_cpu,cpu,1014.45,1015.07
15,192,eb_enc,cpu,1015.08,1020.2
15,212,normalize,cpu,1020.8,1024.47
15,212,g_a_cpu,cpu,1024.47,1025
15,212,g_a,dpu,1025,1070.2
15,212,g_a,dpu,1070.2,1102.7
15,212,g_a_cpu,cpu,1102.7,1103.07
15,212,eb_enc,cpu,1103.08,1108.26
15,232,normalize,cpu,1108.84,1112.74
15,232,g_a_cpu,cpu,1112.75,1113.29
15,232,g_a,dpu,1113.3,1235.78
15,232,g_a,dpu,1235.78,1280.13
15,232,g_a_cpu,cpu,1280.14,1280.62
15,232,eb_enc,cpu,1280.62,1285.61
15,269,normalize,cpu,1287.69,1291.44
15,269,g_a_cpu,cpu,1291.44,1291.82
15,269,g_a,dpu,1291.82,1320.42
15,269,g_a,dpu,1320.42,1396.66
15,269,g_a_cpu,cpu,1396.67,1397.11
15,269,eb_enc,cpu,1397.12,1401.99
15,293,normalize,cpu,1402.61,1406.24
15,293,g_a_cpu,cpu,1406.24,1407.94
15,293,g_a,dpu,1407.94,1509.98
15,293,g_a,dpu,1509.99,1552.28
15,293,g_a_cpu,cpu,1552.28,1553.01
15,293,eb_enc,cpu,1553.01,1557.93
15,325,normalize,cpu,1558.61,1562.28
15,325,g_a_cpu,cpu,1562.28,1563.12
15,325,g_a,dpu,1563.13,1598.8
15,325,g_a,dpu,1598.8,1604.19
15,325,g_a_cpu,cpu,1604.19,1604.57
15,325,eb_enc,cpu,1604.57,1609.57
15,338,normalize,cpu,1610.14,1613.84
15,338,g_a_cpu,cpu,1613.84,1614.24
15,338,g_a,dpu,1614.24,1661.38
15,338,g_a,dpu,1661.38,1712.59
15,338,g_a_cpu,cpu,1712.59,1713.04
15,338,eb_enc,cpu,1713.04,1719.04
15,361,normalize,cpu,1719.76,1728.79
15,361,g_a_cpu,cpu,1728.79,1729.34
15,361,g_a,dpu,1729.35,1781.86
15,361,g_a,dpu,1781.86,1819.81
15,361,g_a_cpu,cpu,1819.81,1820.5
15,361,eb_enc,cpu,1820.51,1825.86
15,383,normalize,cpu,1826.74,1831.16
15,383,g_a_cpu,cpu,1831.16,1831.83
15,383,g_a,dpu,1831.83,1873.37
15,383,g_a,dpu,1873.37,1916.01
15,383,g_a_cpu,cpu,1916.02,1916.52
15,383,eb_enc,cpu,1916.52,1922.3
15,406,normalize,cpu,1923.19,1927.83
15,406,g_a_cpu,cpu,1927.83,1928.52
15,406,g_a,dpu,1928.53,1970.86
15,406,g_a,dpu,1970.86,1976.47
15,406,g_a_cpu,cpu,1976.47,1976.87
15,406,eb_enc,cpu,1976.88,1982.1
15,418,normalize,cpu,1983.56,1987.4
15,418,g_a_cpu,cpu,1987.41,1989.21
15,418,g_a,dpu,1989.21,2029
15,418,g_a,dpu,2029,2074.48
15,418,g_a_cpu,cpu,2074.49,2075.07
15,418,eb_enc,cpu,2075.08,2079.92
15,440,normalize,cpu,2080.49,2085.88
15,440,g_a_cpu,cpu,2085.88,2086.35
15,440,g_a,dpu,2086.35,2201.66
15,440,g_a,dpu,2201.66,2282.21
15,440,g_a_cpu,cpu,2282.22,2282.73
15,440,eb_enc,cpu,2282.73,2287.72
15,483,normalize,cpu,2288.25,2293.04
15,483,g_a_cpu,cpu,2293.04,2293.38
15,483,g_a,dpu,2293.39,2367.41
15,483,g_a,dpu,2367.42,2412.51
15,483,g_a_cpu,cpu,2412.51,2413.03
15,483,eb_enc,cpu,2413.03,2418.18
15,511,normalize,cpu,2418.97,2422.62
15,511,g_a_cpu,cpu,2422.63,2423.18
15,511,g_a,dpu,2423.19,2473.75
15,511,g_a,dpu,2473.75,2495.03
15,511,g_a_cpu,cpu,2495.04,2495.71
15,511,eb_enc,cpu,2495.71,2500.96
15,529,normalize,cpu,2501.53,2510.75
15,529,g_a_cpu,cpu,2510.76,2511.38
15,529,g_a,dpu,2511.39,2545.13
15,529,g_a,dpu,2545.13,2551.62
15,529,g_a_cpu,cpu,2551.62,2551.98
15,529,eb_enc,cpu,2551.98,2557.56
15,540,normalize,cpu,2558.4,2562.09
15,540,g_a_cpu,cpu,2562.1,2562.87
15,540,g_a,dpu,2562.87,2602.03
15,540,g_a,dpu,2602.03,2607.17
15,540,g_a_cpu,cpu,2607.18,2607.56
15,540,eb_enc,cpu,2607.57,2612.53
15,552,normalize,cpu,2613.23,2616.98
15,552,g_a_cpu,cpu,2616.99,2617.52
15,552,g_a,dpu,2617.52,2659.42
15,552,g_a,dpu,2659.43,2689.76
15,552,g_a_cpu,cpu,2689.76,2690.28
15,552,eb_enc,cpu,2690.29,2695.41
15,572,normalize,cpu,2696.28,2700
15,572,g_a_cpu,cpu,2700,2700.49
15,572,g_a,dpu,2700.5,2751.41
15,572,g_a,dpu,2751.41,2791.82
15,572,g_a_cpu,cpu,2791.82,2792.47
15,572,eb_enc,cpu,2792.48,2797.74
15,591,normalize,cpu,2798.39,2802.3
15,591,g_a_cpu,cpu,2802.31,2802.92
15,591,g_a,dpu,2802.93,2845.69
15,591,g_a,dpu,2845.69,2850.87
15,591,g_a_cpu,cpu,2850.87,2851.52
15,591,eb_enc,cpu,2851.52,2856.58
15,603,normalize,cpu,2857.14,2860.85
15,603,g_a_cpu,cpu,2860.86,2861.37
15,603,g_a,dpu,2861.37,2867.85
15,603,g_a,dpu,2867.85,2936.22
15,603,g_a_cpu,cpu,2936.22,2936.61
15,603,eb_enc,cpu,2936.61,2941.43
15,623,normalize,cpu,2941.97,2959.62
15,623,g_a_cpu,cpu,2959.63,2960.63
15,623,g_a,dpu,2960.63,2993.25
15,623,g_a,dpu,2993.25,3032.47
15,623,g_a_cpu,cpu,3032.47,3033.03
15,623,eb_enc,cpu,3033.04,3038.65
15,644,normalize,cpu,3039.24,3043.06
15,644,g_a_cpu,cpu,3043.07,3043.94
15,644,g_a,dpu,3043.95,3079.71
15,644,g_a,dpu,3079.71,3084.92
15,644,g_a_cpu,cpu,3084.92,3085.32
15,644,eb_enc,cpu,3085.32,3090.35
15,657,normalize,cpu,3090.84,3094.47
15,657,g_a_cpu,cpu,3094.47,3095.04
15,657,g_a,dpu,3095.04,3139.34
15,657,g_a,dpu,3139.34,3148.97
15,657,g_a_cpu,cpu,3148.98,3149.76
15,657,eb_enc,cpu,3149.76,3155.01
15,672,normalize,cpu,3156.08,3159.84
15,672,g_a_cpu,cpu,3159.85,3160.38
15,672,g_a,dpu,3160.39,3165.66
15,672,g_a,dpu,3165.66,3170.89
15,672,g_a_cpu,cpu,3170.89,3171.4
15,672,eb_enc,cpu,3171.4,3188.81
15,679,normalize,cpu,3189.66,3196.07
15,679,g_a_cpu,cpu,3196.08,3196.41
15,679,g_a,dpu,3196.41,3231.31
15,679,g_a,dpu,3231.31,3292.65
15,679,g_a_cpu,cpu,3292.65,3293.2
15,679,eb_enc,cpu,3293.2,3301.17
15,701,normalize,cpu,3301.98,3326.26
15,701,g_a_cpu,cpu,3326.26,3327.91
15,701,g_a,dpu,3327.92,3409.93
15,701,g_a,dpu,3409.94,3415.21
15,701,g_a_cpu,cpu,3415.21,3415.83
15,701,eb_enc,cpu,3415.84,3420.9
15,728,normalize,cpu,3421.63,3425.31
15,728,g_a_cpu,cpu,3425.31,3425.93
15,728,g_a,dpu,3425.93,3431.33
15,728,g_a,dpu,3431.34,3463.46
15,728,g_a_cpu,cpu,3463.46,3463.83
15,728,eb_enc,cpu,3463.84,3469.11
15,741,normalize,cpu,3469.74,3473.43
15,741,g_a_cpu,cpu,3473.44,3473.83
15,741,g_a,dpu,3473.84,3511.89
15,741,g_a,dpu,3511.89,3556.34
15,741,g_a_cpu,cpu,3556.34,3556.86
15,741,eb_enc,cpu,3556.87,3563.82
15,758,normalize,cpu,3564.3,3571.53
15,758,g_a_cpu,cpu,3571.53,3571.96
15,758,g_a,dpu,3571.97,3646.69
15,758,g_a,dpu,3646.69,3651.75
15,758,g_a_cpu,cpu,3651.75,3652.22
15,758,eb_enc,cpu,3652.23,3657.07
15,777,normalize,cpu,3658.21,3661.88
15,777,g_a_cpu,cpu,3661.88,3662.34
15,777,g_a,dpu,3662.34,3698.62
15,777,g_a,dpu,3698.62,3795.51
15,777,g_a_cpu,cpu,3795.51,3796.01
15,777,eb_enc,cpu,3796.02,3801.21
15,809,normalize,cpu,3802.19,3805.84
15,809,g_a_cpu,cpu,3805.84,3806.31
15,809,g_a,dpu,3806.31,3839.4
15,809,g_a,dpu,3839.4,3912.75
15,809,g_a_cpu,cpu,3912.75,3913.1
15,809,eb_enc,cpu,3913.11,3918.1
15,836,normalize,cpu,3918.72,3922.44
15,836,g_a_cpu,cpu,3922.45,3923.27
15,836,g_a,dpu,3923.28,3959.22
15,836,g_a,dpu,3959.22,3997.54
15,836,g_a_cpu,cpu,3997.54,3997.92
15,836,eb_enc,cpu,3997.92,4003.08
15,854,normalize,cpu,4003.66,4007.32
15,854,g_a_cpu,cpu,4007.33,4007.75
15,854,g_a,dpu,4007.76,4047.95
15,854,g_a,dpu,4047.95,4053.64
15,854,g_a_cpu,cpu,4053.64,4054.06
15,854,eb_enc,cpu,4054.06,4058.83
15,867,normalize,cpu,4059.35,4070.66
15,867,g_a_cpu,cpu,4070.67,4071.01
15,867,g_a,dpu,4071.01,4143.76
15,867,g_a,dpu,4143.76,4174.03
15,867,g_a_cpu,cpu,4174.03,4174.39
15,867,eb_enc,cpu,4174.41,4179.37
15,892,normalize,cpu,4179.86,4183.59
15,892,g_a_cpu,cpu,4183.59,4183.96
15,892,g_a,dpu,4183.96,4289.88
15,892,g_a,dpu,4289.89,4327.57
15,892,g_a_cpu,cpu,4327.58,4328.14
15,892,eb_enc,cpu,4328.14,4333.22
16,6,normalize,cpu,72.0943,92.8317
16,6,g_a_cpu,cpu,97.478,98.0393
16,6,g_a,dpu,98.0433,158.929
16,6,g_a,dpu,158.933,175.016
16,6,g_a_cpu,cpu,175.018,175.389
16,6,eb_enc,cpu,175.398,221.075
16,47,normalize,cpu,221.685,228.816
16,47,g_a_cpu,cpu,228.822,229.423
16,47,g_a,dpu,229.427,278.198
16,47,g_a,dpu,278.208,283.901
16,47,g_a_cpu,cpu,283.903,284.374
16,47,eb_enc,cpu,284.378,289.659
16,59,normalize,cpu,290.595,294.263
16,59,g_a_cpu,cpu,294.267,294.86
16,59,g_a,dpu,294.87,329.559
16,59,g_a,dpu,329.563,376.541
16,59,g_a_cpu,cpu,376.545,377.313
16,59,eb_enc,cpu,377.327,382.872
16,78,normalize,cpu,384.073,387.83
16,78,g_a_cpu,cpu,387.834,388.222
16,78,g_a,dpu,388.224,437.675
16,78,g_a,dpu,437.676,479.679
16,78,g_a_cpu,cpu,479.682,480.195
16,78,eb_enc,cpu,480.198,485.131
16,101,normalize,cpu,485.617,497.35
16,101,g_a_cpu,cpu,497.355,497.77
16,101,g_a,dpu,497.774,503.207
16,101,g_a,dpu,503.208,559.976
16,101,g_a_cpu,cpu,559.978,561.006
16,101,eb_enc,cpu,561.011,568.293
16,118,normalize,cpu,568.916,572.652
16,118,g_a_cpu,cpu,572.657,573.177
16,118,g_a,dpu,573.181,605.947
16,118,g_a,dpu,605.956,690.278
16,118,g_a_cpu,cpu,690.28,690.757
16,118,eb_enc,cpu,690.76,695.496
16,144,normalize,cpu,696.073,699.815
16,144,g_a_cpu,cpu,699.821,700.379
16,144,g_a,dpu,700.383,737.019
16,144,g_a,dpu,737.02,742.87
16,144,g_a_cpu,cpu,742.871,743.346
16,144,eb_enc,cpu,743.35,748.201
16,155,normalize,cpu,748.662,752.335
16,155,g_a_cpu,cpu,752.338,752.728
16,155,g_a,dpu,752.73,799.921
16,155,g_a,dpu,799.922,832.122
16,155,g_a_cpu,cpu,832.124,832.716
16,155,eb_enc,cpu,832.718,838.167
16,175,normalize,cpu,839.186,842.907
16,175,g_a_cpu,cpu,842.917,854.336
16,175,g_a,dpu,854.339,999.564
16,175,g_a,dpu,999.565,1030.79
16,175,g_a_cpu,cpu,1030.79,1031.41
16,175,eb_enc,cpu,1031.41,1036.44
16,217,normalize,cpu,1036.93,1040.68
16,217,g_a_cpu,cpu,1040.68,1041.16
16,217,g_a,dpu,1041.17,1082.28
16,217,g_a,dpu,1082.28,1116.46
16,217,g_a_cpu,cpu,1116.47,1117.08
16,217,eb_enc,cpu,1117.08,1123.43
16,235,normalize,cpu,1124.31,1139.81
16,235,g_a_cpu,cpu,1139.82,1140.41
16,235,g_a,dpu,1140.42,1182.95
16,235,g_a,dpu,1182.95,1226.26
16,235,g_a_cpu,cpu,1226.26,1226.62
16,235,eb_enc,cpu,1226.63,1231.73
16,256,normalize,cpu,1232.61,1241.13
16,256,g_a_cpu,cpu,1241.13,1241.6
16,256,g_a,dpu,1241.61,1339.39
16,256,g_a,dpu,1339.4,1376.1
16,256,g_a_cpu,cpu,1376.1,1376.54
16,256,eb_enc,cpu,1376.55,1381.43
16,289,normalize,cpu,1382.84,1386.81
16,289,g_a_cpu,cpu,1386.82,1387.68
16,289,g_a,dpu,1387.69,1427.37
16,289,g_a,dpu,1427.37,1464.44
16,289,g_a_cpu,cpu,1464.45,1465.24
16,289,eb_enc,cpu,1465.24,1470.75
16,307,normalize,cpu,1471.44,1475.19
16,307,g_a_cpu,cpu,1475.19,1475.65
16,307,g_a,dpu,1475.65,1517.44
16,307,g_a,dpu,1517.45,1522.68
16,307,g_a_cpu,cpu,1522.68,1523.23
16,307,eb_enc,cpu,1523.23,1528.42
16,318,normalize,cpu,1529.19,1532.91
16,318,g_a_cpu,cpu,1532.91,1533.3
16,318,g_a,dpu,1533.3,1589.59
16,318,g_a,dpu,1589.59,1630.72
16,318,g_a_cpu,cpu,1630.72,1631.31
16,318,eb_enc,cpu,1631.31,1636.14
16,343,normalize,cpu,1636.74,1640.48
16,343,g_a_cpu,cpu,1640.48,1641.09
16,343,g_a,dpu,1641.1,1646.77
16,343,g_a,dpu,1646.77,1652.16
16,343,g_a_cpu,cpu,1652.17,1652.89
16,343,eb_enc,cpu,1652.89,1676.97
16,353,normalize,cpu,1678.06,1683.56
16,353,g_a_cpu,cpu,1683.57,1684
16,353,g_a,dpu,1684.01,1691.41
16,353,g_a,dpu,1691.41,1696.8
16,353,g_a_cpu,cpu,1696.8,1697.67
16,353,eb_enc,cpu,1697.67,1702.76
16,357,normalize,cpu,1703.69,1707.48
16,357,g_a_cpu,cpu,1707.49,1708.93
16,357,g_a,dpu,1708.93,1747.63
16,357,g_a,dpu,1747.63,1784.4
16,357,g_a_cpu,cpu,1784.4,1784.79
16,357,eb_enc,cpu,1784.79,1790.01
16,375,normalize,cpu,1790.63,1794.24
16,375,g_a_cpu,cpu,1794.25,1794.74
16,375,g_a,dpu,1794.74,1834.89
16,375,g_a,dpu,1834.89,1878.7
16,375,g_a_cpu,cpu,1878.71,1879.17
16,375,eb_enc,cpu,1879.17,1884.12
16,397,normalize,cpu,1884.59,1888.3
16,397,g_a_cpu,cpu,1888.31,1888.82
16,397,g_a,dpu,1888.82,1968.19
16,397,g_a,dpu,1968.19,2003.67
16,397,g_a_cpu,cpu,2003.68,2004.14
16,397,eb_enc,cpu,2004.14,2009.32
16,425,normalize,cpu,2010.44,2014.21
16,425,g_a_cpu,cpu,2014.21,2014.74
16,425,g_a,dpu,2014.74,2059.98
16,425,g_a,dpu,2059.98,2066.31
16,425,g_a_cpu,cpu,2066.31,2067.04
16,425,eb_enc,cpu,2067.04,2072.82
16,439,normalize,cpu,2073.32,2077.13
16,439,g_a_cpu,cpu,2077.14,2077.6
16,439,g_a,dpu,2077.6,2127.38
16,439,g_a,dpu,2127.39,2196.47
16,439,g_a_cpu,cpu,2196.48,2197.03
16,439,eb_enc,cpu,2197.03,2202.49
16,466,normalize,cpu,2203.49,2208.08
16,466,g_a_cpu,cpu,2208.08,2208.78
16,466,g_a,dpu,2208.79,2282.91
16,466,g_a,dpu,2282.91,2288.25
16,466,g_a_cpu,cpu,2288.25,2288.62
16,466,eb_enc,cpu,2288.63,2293.71
16,484,normalize,cpu,2294.24,2297.91
16,484,g_a_cpu,cpu,2297.91,2298.27
16,484,g_a,dpu,2298.27,2383.69
16,484,g_a,dpu,2383.69,2420.5
16,484,g_a_cpu,cpu,2420.5,2420.9
16,484,eb_enc,cpu,2420.9,2425.96
16,514,normalize,cpu,2426.54,2430.17
16,514,g_a_cpu,cpu,2430.17,2430.59
16,514,g_a,dpu,2430.6,2468.18
16,514,g_a,dpu,2468.19,2519.55
16,514,g_a_cpu,cpu,2519.56,2519.98
16,514,eb_enc,cpu,2519.98,2526.23
16,535,normalize,cpu,2526.8,2531.61
16,535,g_a_cpu,cpu,2531.62,2532.05
16,535,g_a,dpu,2532.05,2614.34
16,535,g_a,dpu,2614.34,2633.77
16,535,g_a_cpu,cpu,2633.78,2634.42
16,535,eb_enc,cpu,2634.43,2639.96
16,560,normalize,cpu,2640.53,2644.53
16,560,g_a_cpu,cpu,2644.53,2645.43
16,560,g_a,dpu,2645.44,2721.78
16,560,g_a,dpu,2721.78,2726.93
16,560,g_a_cpu,cpu,2726.93,2727.4
16,560,eb_enc,cpu,2727.4,2732.39
16,578,normalize,cpu,2739.87,2743.56
16,578,g_a_cpu,cpu,2743.57,2749.11
16,578,g_a,dpu,2749.12,2785.34
16,578,g_a,dpu,2785.34,2791.82
16,578,g_a_cpu,cpu,2791.82,2792.5
16,578,eb_enc,cpu,2792.5,2819.6
16,597,normalize,cpu,2820.04,2823.79
16,597,g_a_cpu,cpu,2823.79,2824.4
16,597,g_a,dpu,2824.4,2928.04
16,597,g_a,dpu,2928.04,2972.48
16,597,g_a_cpu,cpu,2972.48,2972.89
16,597,eb_enc,cpu,2972.89,2977.84
16,631,normalize,cpu,2978.66,2982.32
16,631,g_a_cpu,cpu,2982.32,2982.74
16,631,g_a,dpu,2982.74,3026.76
16,631,g_a,dpu,3026.76,3067.54
16,631,g_a_cpu,cpu,3067.55,3068.03
16,631,eb_enc,cpu,3068.03,3074.09
16,652,normalize,cpu,3074.68,3087.56
16,652,g_a_cpu,cpu,3087.56,3088.16
16,652,g_a,dpu,3088.16,3132.43
16,652,g_a,dpu,3132.43,3213.25
16,652,g_a_cpu,cpu,3213.26,3213.61
16,652,eb_enc,cpu,3213.62,3219.36
16,683,normalize,cpu,3220.16,3223.91
16,683,g_a_cpu,cpu,3223.92,3224.37
16,683,g_a,dpu,3224.38,3266.47
16,683,g_a,dpu,3266.47,3273.71
16,683,g_a_cpu,cpu,3273.71,3274.74
16,683,eb_enc,cpu,3274.74,3282.78
16,696,normalize,cpu,3283.86,3287.85
16,696,g_a_cpu,cpu,3287.86,3288.51
16,696,g_a,dpu,3288.51,3326.94
16,696,g_a,dpu,3326.94,3368.61
16,696,g_a_cpu,cpu,3368.61,3369.07
16,696,eb_enc,cpu,3369.07,3373.92
16,717,normalize,cpu,3374.84,3378.47
16,717,g_a_cpu,cpu,3378.48,3378.96
16,717,g_a,dpu,3378.96,3419.3
16,717,g_a,dpu,3419.3,3424.67
16,717,g_a_cpu,cpu,3424.67,3427.17
16,717,eb_enc,cpu,3427.18,3432.52
16,730,normalize,cpu,3433.34,3437.46
16,730,g_a_cpu,cpu,3437.46,3437.96
16,730,g_a,dpu,3437.96,3507.43
16,730,g_a,dpu,3507.43,3512.76
16,730,g_a_cpu,cpu,3512.77,3513.31
16,730,eb_enc,cpu,3513.31,3518.41
16,749,normalize,cpu,3519.27,3522.99
16,749,g_a_cpu,cpu,3523,3523.58
16,749,g_a,dpu,3523.58,3578.74
16,749,g_a,dpu,3578.74,3630.5
16,749,g_a_cpu,cpu,3630.5,3630.93
16,749,eb_enc,cpu,3630.94,3635.94
16,773,normalize,cpu,3636.38,3640.1
16,773,g_a_cpu,cpu,3640.1,3640.4
16,773,g_a,dpu,3640.4,3687.52
16,773,g_a,dpu,3687.52,3722.13
16,773,g_a_cpu,cpu,3722.13,3722.51
16,773,eb_enc,cpu,3722.53,3727.5
16,793,normalize,cpu,3728.54,3732.28
16,793,g_a_cpu,cpu,3732.29,3732.85
16,793,g_a,dpu,3732.85,3832.19
16,793,g_a,dpu,3832.2,3901.17
16,793,g_a_cpu,cpu,3901.17,3901.66
16,793,eb_enc,cpu,3901.66,3906.79
16,833,normalize,cpu,3907.41,3911.11
16,833,g_a_cpu,cpu,3911.11,3911.54
16,833,g_a,dpu,3911.55,3985.72
16,833,g_a,dpu,3985.72,3990.67
16,833,g_a_cpu,cpu,3990.67,3991.15
16,833,eb_enc,cpu,3991.16,3996.02
16,853,normalize,cpu,3996.63,4000.34
16,853,g_a_cpu,cpu,4000.35,4000.91
16,853,g_a,dpu,4000.92,4006.33
16,853,g_a,dpu,4006.34,4048.72
16,853,g_a_cpu,cpu,4048.72,4049.44
16,853,eb_enc,cpu,4049.45,4056.19
16,866,normalize,cpu,4056.65,4060.53
16,866,g_a_cpu,cpu,4060.54,4060.89
16,866,g_a,dpu,4060.9,4141.74
16,866,g_a,dpu,4141.74,4147.05
16,866,g_a_cpu,cpu,4147.05,4147.43
16,866,eb_enc,cpu,4147.43,4152.51
16,888,normalize,cpu,4153.03,4156.7
16,888,g_a_cpu,cpu,4156.71,4157.33
16,888,g_a,dpu,4157.33,4196.3
16,888,g_a,dpu,4196.3,4264.36
16,888,g_a_cpu,cpu,4264.36,4264.99
16,888,eb_enc,cpu,4264.99,4270.49
16,914,normalize,cpu,4271.09,4275.72
16,914,g_a_cpu,cpu,4275.72,4276.24
16,914,g_a,dpu,4276.24,4332.54
16,914,g_a,dpu,4332.55,4377.54
16,914,g_a_cpu,cpu,4377.54,4377.93
16,914,eb_enc,cpu,4377.95,4382.94
17,20,normalize,cpu,93.6251,98.6453
17,20,g_a_cpu,cpu,98.6496,99.1564
17,20,g_a,dpu,99.1606,159.069
17,20,g_a,dpu,159.072,178.812
17,20,g_a_cpu,cpu,178.814,179.378
17,20,eb_enc,cpu,179.392,236.193
17,49,normalize,cpu,237.036,247.404
17,49,g_a_cpu,cpu,247.409,247.891
17,49,g_a,dpu,247.895,332.523
17,49,g_a,dpu,332.531,388.199
17,49,g_a_cpu,cpu,388.2,388.562
17,49,eb_enc,cpu,388.564,393.825
17,81,normalize,cpu,394.749,398.469
17,81,g_a_cpu,cpu,398.474,398.893
17,81,g_a,dpu,398.895,530.845
17,81,g_a,dpu,530.851,537.446
17,81,g_a_cpu,cpu,537.45,537.906
17,81,eb_enc,cpu,537.92,543.277
17,113,normalize,cpu,544.07,547.893
17,113,g_a_cpu,cpu,547.898,548.351
17,113,g_a,dpu,548.355,597.354
17,113,g_a,dpu,597.356,640.948
17,113,g_a_cpu,cpu,640.949,641.377
17,113,eb_enc,cpu,641.38,646.344
17,134,normalize,cpu,647.985,651.764
17,134,g_a_cpu,cpu,651.77,658.277
17,134,g_a,dpu,658.288,718.912
17,134,g_a,dpu,718.913,724.898
17,134,g_a_cpu,cpu,724.902,725.468
17,134,eb_enc,cpu,725.471,730.69
17,152,normalize,cpu,731.332,736.003
17,152,g_a_cpu,cpu,736.007,736.522
17,152,g_a,dpu,736.526,773.093
17,152,g_a,dpu,773.102,778.896
17,152,g_a_cpu,cpu,778.898,779.265
17,152,eb_enc,cpu,779.267,784.406
17,162,normalize,cpu,785.097,788.773
17,162,g_a_cpu,cpu,788.781,789.348
17,162,g_a,dpu,789.351,856.549
17,162,g_a,dpu,856.55,862.043
17,162,g_a_cpu,cpu,862.048,862.429
17,162,eb_enc,cpu,862.432,867.704
17,180,normalize,cpu,868.601,872.413
17,180,g_a_cpu,cpu,872.417,872.961
17,180,g_a,dpu,872.965,920.35
17,180,g_a,dpu,920.352,925.91
17,180,g_a_cpu,cpu,925.911,926.314
17,180,eb_enc,cpu,926.316,931.233
17,193,normalize,cpu,931.716,935.424
17,193,g_a_cpu,cpu,935.428,935.951
17,193,g_a,dpu,935.954,1011.08
17,193,g_a,dpu,1011.09,1016.99
17,193,g_a_cpu,cpu,1016.99,1017.36
17,193,eb_enc,cpu,1017.36,1022.51
17,213,normalize,cpu,1023.2,1027.04
17,213,g_a_cpu,cpu,1027.04,1027.53
17,213,g_a,dpu,1027.54,1079.09
17,213,g_a,dpu,1079.09,1141.04
17,213,g_a_cpu,cpu,1141.04,1141.72
17,213,eb_enc,cpu,1141.73,1146.96
17,240,normalize,cpu,1147.7,1153.28
17,240,g_a_cpu,cpu,1153.29,1153.66
17,240,g_a,dpu,1153.66,1168.69
17,240,g_a,dpu,1168.7,1230.93
17,240,g_a_cpu,cpu,1230.93,1231.41
17,240,eb_enc,cpu,1231.42,1242.33
17,258,normalize,cpu,1243.27,1247.86
17,258,g_a_cpu,cpu,1247.87,1248.35
17,258,g_a,dpu,1248.35,1313.16
17,258,g_a,dpu,1313.16,1318.42
17,258,g_a_cpu,cpu,1318.42,1318.93
17,258,eb_enc,cpu,1318.93,1323.73
17,276,normalize,cpu,1324.31,1328.12
17,276,g_a_cpu,cpu,1328.12,1328.61
17,276,g_a,dpu,1328.61,1449.84
17,276,g_a,dpu,1449.84,1533.91
17,276,g_a_cpu,cpu,1533.91,1534.29
17,276,eb_enc,cpu,1534.29,1539.42
17,320,normalize,cpu,1540.32,1548.29
17,320,g_a_cpu,cpu,1548.29,1548.99
17,320,g_a,dpu,1548.99,1590.31
17,320,g_a,dpu,1590.31,1596.03
17,320,g_a_cpu,cpu,1596.03,1596.48
17,320,eb_enc,cpu,1596.48,1601.65
17,337,normalize,cpu,1602.62,1606.37
17,337,g_a_cpu,cpu,1606.38,1606.86
17,337,g_a,dpu,1606.86,1659.55
17,337,g_a,dpu,1659.56,1742.75
17,337,g_a_cpu,cpu,1742.75,1743.34
17,337,eb_enc,cpu,1743.34,1748.64
17,367,normalize,cpu,1749.46,1764.3
17,367,g_a_cpu,cpu,1764.31,1765.04
17,367,g_a,dpu,1765.04,1854.79
17,367,g_a,dpu,1854.79,1860.97
17,367,g_a_cpu,cpu,1860.97,1861.6
17,367,eb_enc,cpu,1861.6,1866.7
17,392,normalize,cpu,1867.26,1871.1
17,392,g_a_cpu,cpu,1871.1,1871.77
17,392,g_a,dpu,1871.78,1978.74
17,392,g_a,dpu,1978.75,1985.26
17,392,g_a_cpu,cpu,1985.27,1985.81
17,392,eb_enc,cpu,1985.81,1991.61
17,420,normalize,cpu,1992.5,1996.45
17,420,g_a_cpu,cpu,1996.45,1997.08
17,420,g_a,dpu,1997.09,2068.85
17,420,g_a,dpu,2068.85,2074.7
17,420,g_a_cpu,cpu,2074.71,2075.35
17,420,eb_enc,cpu,2075.36,2080.25
17,441,normalize,cpu,2080.68,2084.51
17,441,g_a_cpu,cpu,2084.52,2084.94
17,441,g_a,dpu,2084.94,2129.69
17,441,g_a,dpu,2129.69,2173.96
17,441,g_a_cpu,cpu,2173.97,2174.5
17,441,eb_enc,cpu,2174.5,2182.03
17,463,normalize,cpu,2185.23,2189
17,463,g_a_cpu,cpu,2189.01,2189.58
17,463,g_a,dpu,2189.58,2282.99
17,463,g_a,dpu,2282.99,2288.69
17,463,g_a_cpu,cpu,2288.69,2289.12
17,463,eb_enc,cpu,2289.12,2294.18
17,485,normalize,cpu,2294.62,2298.45
17,485,g_a_cpu,cpu,2298.45,2299.01
17,485,g_a,dpu,2299.01,2340.56
17,485,g_a,dpu,2340.56,2384.4
17,485,g_a_cpu,cpu,2384.4,2384.96
17,485,eb_enc,cpu,2384.97,2391.33
17,505,normalize,cpu,2392.64,2407.22
17,505,g_a_cpu,cpu,2407.22,2407.64
17,505,g_a,dpu,2407.64,2456.91
17,505,g_a,dpu,2456.92,2462.29
17,505,g_a_cpu,cpu,2462.29,2462.83
17,505,eb_enc,cpu,2462.83,2467.78
17,521,normalize,cpu,2469.13,2472.95
17,521,g_a_cpu,cpu,2472.96,2473.54
17,521,g_a,dpu,2473.54,2568.12
17,521,g_a,dpu,2568.12,2622.85
17,521,g_a_cpu,cpu,2622.85,2623.32
17,521,eb_enc,cpu,2623.33,2628.54
17,559,normalize,cpu,2640.02,2644.62
17,559,g_a_cpu,cpu,2644.62,2645.51
17,559,g_a,dpu,2645.52,2688.97
17,559,g_a,dpu,2688.97,2732.6
17,559,g_a_cpu,cpu,2732.6,2733.06
17,559,eb_enc,cpu,2733.06,2737.95
17,580,normalize,cpu,2738.48,2742.15
17,580,g_a_cpu,cpu,2742.16,2742.77
17,580,g_a,dpu,2742.79,2749
17,580,g_a,dpu,2749.01,2808.98
17,580,g_a_cpu,cpu,2808.99,2809.79
17,580,eb_enc,cpu,2809.79,2815.02
17,594,normalize,cpu,2815.55,2824.61
17,594,g_a_cpu,cpu,2824.62,2825.17
17,594,g_a,dpu,2825.17,2934.43
17,594,g_a,dpu,2934.43,2940.07
17,594,g_a_cpu,cpu,2940.08,2940.43
17,594,eb_enc,cpu,2940.43,2946.3
17,624,normalize,cpu,2947.26,2951.07
17,624,g_a_cpu,cpu,2951.08,2951.51
17,624,g_a,dpu,2951.51,2988.51
17,624,g_a,dpu,2988.51,2998.33
17,624,g_a_cpu,cpu,2998.33,2999.04
17,624,eb_enc,cpu,2999.04,3004.03
17,637,normalize,cpu,3005.02,3008.81
17,637,g_a_cpu,cpu,3008.81,3009.16
17,637,g_a,dpu,3009.17,3055.28
17,637,g_a,dpu,3055.28,3142.7
17,637,g_a_cpu,cpu,3142.7,3143.07
17,637,eb_enc,cpu,3143.08,3148.04
17,670,normalize,cpu,3148.52,3162.62
17,670,g_a_cpu,cpu,3162.62,3163.04
17,670,g_a,dpu,3163.04,3240.92
17,670,g_a,dpu,3240.92,3247.09
17,670,g_a_cpu,cpu,3247.09,3247.87
17,670,eb_enc,cpu,3247.87,3252.91
17,692,normalize,cpu,3253.53,3257.22
17,692,g_a_cpu,cpu,3257.22,3257.69
17,692,g_a,dpu,3257.69,3306.13
17,692,g_a,dpu,3306.14,3311.93
17,692,g_a_cpu,cpu,3311.93,3312.36
17,692,eb_enc,cpu,3312.36,3317.55
17,705,normalize,cpu,3318.19,3331.3
17,705,g_a_cpu,cpu,3331.3,3331.74
17,705,g_a,dpu,3331.74,3337.54
17,705,g_a,dpu,3337.54,3353.6
17,705,g_a_cpu,cpu,3353.61,3354.11
17,705,eb_enc,cpu,3354.11,3359.2
17,715,normalize,cpu,3360.02,3363.82
17,715,g_a_cpu,cpu,3363.83,3364.36
17,715,g_a,dpu,3364.36,3415.24
17,715,g_a,dpu,3415.24,3459.96
17,715,g_a_cpu,cpu,3459.97,3460.44
17,715,eb_enc,cpu,3460.44,3466.32
17,740,normalize,cpu,3467.58,3474.41
17,740,g_a_cpu,cpu,3474.42,3474.85
17,740,g_a,dpu,3474.85,3531.53
17,740,g_a,dpu,3531.54,3567.8
17,740,g_a_cpu,cpu,3567.81,3568.38
17,740,eb_enc,cpu,3568.38,3573.34
17,761,normalize,cpu,3573.95,3585.66
17,761,g_a_cpu,cpu,3585.66,3586.05
17,761,g_a,dpu,3586.05,3646.08
17,761,g_a,dpu,3646.08,3691.58
17,761,g_a_cpu,cpu,3691.58,3691.91
17,761,eb_enc,cpu,3691.91,3696.85
17,785,normalize,cpu,3697.54,3701.22
17,785,g_a_cpu,cpu,3701.22,3701.61
17,785,g_a,dpu,3701.62,3745.19
17,785,g_a,dpu,3745.19,3787.98
17,785,g_a_cpu,cpu,3787.98,3788.41
17,785,eb_enc,cpu,3788.41,3793.41
17,807,normalize,cpu,3794.06,3797.74
17,807,g_a_cpu,cpu,3797.74,3798.29
17,807,g_a,dpu,3798.29,3840.56
17,807,g_a,dpu,3840.56,3847.07
17,807,g_a_cpu,cpu,3847.08,3847.54
17,807,eb_enc,cpu,3847.55,3853.7
17,820,normalize,cpu,3854.7,3861.61
17,820,g_a_cpu,cpu,3861.62,3862.17
17,820,g_a,dpu,3862.18,3938.82
17,820,g_a,dpu,3938.82,3945.09
17,820,g_a_cpu,cpu,3945.09,3945.63
17,820,eb_enc,cpu,3945.64,3950.88
17,844,normalize,cpu,3951.69,3958.06
17,844,g_a_cpu,cpu,3958.07,3958.57
17,844,g_a,dpu,3958.57,4003.98
17,844,g_a,dpu,4003.99,4044.03
17,844,g_a_cpu,cpu,4044.03,4044.43
17,844,eb_enc,cpu,4044.43,4049.82
17,865,normalize,cpu,4050.86,4054.64
17,865,g_a_cpu,cpu,4054.65,4055.09
17,865,g_a,dpu,4055.09,4108.96
17,865,g_a,dpu,4108.96,4117.32
17,865,g_a_cpu,cpu,4117.33,4117.81
17,865,eb_enc,cpu,4117.81,4122.79
17,881,normalize,cpu,4123.34,4127.12
17,881,g_a_cpu,cpu,4127.12,4127.74
17,881,g_a,dpu,4127.74,4167.15
17,881,g_a,dpu,4167.16,4205.62
17,881,g_a_cpu,cpu,4205.63,4206.08
17,881,eb_enc,cpu,4206.09,4215.18
17,900,normalize,cpu,4215.84,4219.66
17,900,g_a_cpu,cpu,4219.67,4220.33
17,900,g_a,dpu,4220.33,4270.03
17,900,g_a,dpu,4270.03,4304.77
17,900,g_a_cpu,cpu,4304.78,4305.47
17,900,eb_enc,cpu,4305.48,4310.46
17,923,normalize,cpu,4311.12,4314.91
17,923,g_a_cpu,cpu,4314.91,4315.33
17,923,g_a,dpu,4315.34,4360.31
17,923,g_a,dpu,4360.31,4388.52
17,923,g_a_cpu,cpu,4388.52,4388.86
17,923,eb_enc,cpu,4388.86,4393.65
18,4,normalize,cpu,71.1231,91.4064
18,4,g_a_cpu,cpu,91.479,92.102
18,4,g_a,dpu,92.1068,106.685
18,4,g_a,dpu,106.689,137.942
18,4,g_a_cpu,cpu,137.944,138.506
18,4,eb_enc,cpu,138.552,154.346
18,29,normalize,cpu,154.932,158.676
18,29,g_a_cpu,cpu,158.682,159.504
18,29,g_a,dpu,159.51,200.881
18,29,g_a,dpu,200.887,206.093
18,29,g_a_cpu,cpu,206.095,206.444
18,29,eb_enc,cpu,206.445,211.352
18,44,normalize,cpu,211.967,215.662
18,44,g_a_cpu,cpu,215.666,216.144
18,44,g_a,dpu,216.146,252.805
18,44,g_a,dpu,252.807,302.719
18,44,g_a_cpu,cpu,302.721,303.489
18,44,eb_enc,cpu,303.504,308.762
18,64,normalize,cpu,309.34,313.104
18,64,g_a_cpu,cpu,313.109,313.58
18,64,g_a,dpu,313.584,322.74
18,64,g_a,dpu,322.742,328.807
18,64,g_a_cpu,cpu,328.809,329.518
18,64,eb_enc,cpu,329.524,336.932
18,69,normalize,cpu,345.662,349.437
18,69,g_a_cpu,cpu,349.445,350.137
18,69,g_a,dpu,350.141,371.542
18,69,g_a,dpu,371.545,410.727
18,69,g_a_cpu,cpu,410.728,411.149
18,69,eb_enc,cpu,411.151,428.153
18,89,normalize,cpu,429.191,433.102
18,89,g_a_cpu,cpu,433.112,436.877
18,89,g_a,dpu,436.882,462.575
18,89,g_a,dpu,462.585,549.817
18,89,g_a_cpu,cpu,549.819,550.297
18,89,eb_enc,cpu,550.299,555.507
18,116,normalize,cpu,556.785,560.758
18,116,g_a_cpu,cpu,560.778,561.853
18,116,g_a,dpu,561.858,651.365
18,116,g_a,dpu,651.37,656.923
18,116,g_a_cpu,cpu,656.927,657.91
18,116,eb_enc,cpu,657.916,663.857
18,137,normalize,cpu,664.452,668.156
18,137,g_a_cpu,cpu,668.16,668.621
18,137,g_a,dpu,668.624,711.453
18,137,g_a,dpu,711.454,716.767
18,137,g_a_cpu,cpu,716.768,717.233
18,137,eb_enc,cpu,717.239,722.59
18,150,normalize,cpu,723.27,727.175
18,150,g_a_cpu,cpu,727.178,727.956
18,150,g_a,dpu,727.96,765.302
18,150,g_a,dpu,765.305,803.278
18,150,g_a_cpu,cpu,803.28,803.96
18,150,eb_enc,cpu,803.961,808.949
18,169,normalize,cpu,809.396,813.128
18,169,g_a_cpu,cpu,813.135,813.698
18,169,g_a,dpu,813.701,851.102
18,169,g_a,dpu,851.106,943.323
18,169,g_a_cpu,cpu,943.325,943.999
18,169,eb_enc,cpu,944.001,949.221
18,197,normalize,cpu,950.013,953.749
18,197,g_a_cpu,cpu,953.754,954.383
18,197,g_a,dpu,954.388,994.879
18,197,g_a,dpu,994.882,1023.91
18,197,g_a_cpu,cpu,1023.91,1024.31
18,197,eb_enc,cpu,1024.32,1029.45
18,214,normalize,cpu,1030.09,1034.02
18,214,g_a_cpu,cpu,1034.03,1034.58
18,214,g_a,dpu,1034.59,1083.09
18,214,g_a,dpu,1083.09,1088.16
18,214,g_a_cpu,cpu,1088.17,1088.73
18,214,eb_enc,cpu,1088.73,1094.48
18,228,normalize,cpu,1095.05,1098.95
18,228,g_a_cpu,cpu,1098.95,1099.47
18,228,g_a,dpu,1099.48,1181.99
18,228,g_a,dpu,1182,1187.6
18,228,g_a_cpu,cpu,1187.6,1187.95
18,228,eb_enc,cpu,1187.95,1193.05
18,249,normalize,cpu,1193.69,1197.35
18,249,g_a_cpu,cpu,1197.35,1197.78
18,249,g_a,dpu,1197.78,1245.11
18,249,g_a,dpu,1245.11,1289.97
18,249,g_a_cpu,cpu,1289.98,1290.37
18,249,eb_enc,cpu,1290.37,1295.57
18,271,normalize,cpu,1296.27,1300
18,271,g_a_cpu,cpu,1300.01,1300.5
18,271,g_a,dpu,1300.51,1305.66
18,271,g_a,dpu,1305.66,1376.3
18,271,g_a_cpu,cpu,1376.3,1376.74
18,271,eb_enc,cpu,1376.74,1381.66
18,290,normalize,cpu,1383.27,1387.2
18,290,g_a_cpu,cpu,1387.21,1388.06
18,290,g_a,dpu,1388.07,1426.83
18,290,g_a,dpu,1426.83,1432.63
18,290,g_a_cpu,cpu,1432.63,1433.16
18,290,eb_enc,cpu,1433.16,1438.14
18,300,normalize,cpu,1438.76,1442.38
18,300,g_a_cpu,cpu,1442.38,1443.22
18,300,g_a,dpu,1443.22,1505.39
18,300,g_a,dpu,1505.39,1547.35
18,300,g_a_cpu,cpu,1547.36,1548.22
18,300,eb_enc,cpu,1548.22,1553.48
18,324,normalize,cpu,1554.41,1558.06
18,324,g_a_cpu,cpu,1558.06,1558.47
18,324,g_a,dpu,1558.48,1587.65
18,324,g_a,dpu,1587.65,1592.89
18,324,g_a_cpu,cpu,1592.89,1593.44
18,324,eb_enc,cpu,1593.45,1598.81
18,335,normalize,cpu,1599.47,1603.15
18,335,g_a_cpu,cpu,1603.16,1603.76
18,335,g_a,dpu,1603.76,1687.03
18,335,g_a,dpu,1687.04,1692.48
18,335,g_a_cpu,cpu,1692.48,1693.11
18,335,eb_enc,cpu,1693.11,1699.04
18,356,normalize,cpu,1699.84,1705.14
18,356,g_a_cpu,cpu,1705.14,1705.55
18,356,g_a,dpu,1705.56,1786.64
18,356,g_a,dpu,1786.64,1791.94
18,356,g_a_cpu,cpu,1791.94,1792.27
18,356,eb_enc,cpu,1792.28,1797.1
18,377,normalize,cpu,1797.53,1802.38
18,377,g_a_cpu,cpu,1802.39,1803.03
18,377,g_a,dpu,1803.04,1834.02
18,377,g_a,dpu,1834.03,1878.07
18,377,g_a_cpu,cpu,1878.07,1878.42
18,377,eb_enc,cpu,1878.42,1883.55
18,396,normalize,cpu,1884.23,1888.07
18,396,g_a_cpu,cpu,1888.07,1888.54
18,396,g_a,dpu,1888.55,2002.92
18,396,g_a,dpu,2002.93,2033.75
18,396,g_a_cpu,cpu,2033.75,2034.24
18,396,eb_enc,cpu,2034.24,2043.23
18,432,normalize,cpu,2043.75,2047.43
18,432,g_a_cpu,cpu,2047.44,2047.94
18,432,g_a,dpu,2047.95,2133.59
18,432,g_a,dpu,2133.59,2178.91
18,432,g_a_cpu,cpu,2178.91,2179.44
18,432,eb_enc,cpu,2179.44,2187.07
18,464,normalize,cpu,2188.13,2191.9
18,464,g_a_cpu,cpu,2191.91,2192.65
18,464,g_a,dpu,2192.65,2291.54
18,464,g_a,dpu,2291.55,2328.34
18,464,g_a_cpu,cpu,2328.34,2328.7
18,464,eb_enc,cpu,2328.7,2333.62
18,492,normalize,cpu,2334.25,2338.03
18,492,g_a_cpu,cpu,2338.04,2338.67
18,492,g_a,dpu,2338.67,2374.2
18,492,g_a,dpu,2374.2,2417.22
18,492,g_a_cpu,cpu,2417.22,2417.62
18,492,eb_enc,cpu,2417.62,2422.72
18,513,normalize,cpu,2423.36,2427.18
18,513,g_a_cpu,cpu,2427.19,2427.72
18,513,g_a,dpu,2427.73,2459.26
18,513,g_a,dpu,2459.26,2466.06
18,513,g_a_cpu,cpu,2466.06,2466.62
18,513,eb_enc,cpu,2466.62,2476.63
18,522,normalize,cpu,2477.68,2482.82
18,522,g_a_cpu,cpu,2482.83,2483.78
18,522,g_a,dpu,2483.79,2633.12
18,522,g_a,dpu,2633.12,2638.66
18,522,g_a_cpu,cpu,2638.66,2639.02
18,522,eb_enc,cpu,2639.03,2644.23
18,561,normalize,cpu,2645.31,2649
18,561,g_a_cpu,cpu,2649,2649.63
18,561,g_a,dpu,2649.63,2679.59
18,561,g_a,dpu,2679.59,2684.77
18,561,g_a_cpu,cpu,2684.77,2685.43
18,561,eb_enc,cpu,2685.43,2690.69
18,571,normalize,cpu,2691.63,2695.31
18,571,g_a_cpu,cpu,2695.31,2696.78
18,571,g_a,dpu,2696.79,2738.6
18,571,g_a,dpu,2738.6,2743.8
18,571,g_a_cpu,cpu,2743.81,2744.31
18,571,eb_enc,cpu,2744.32,2749.88
18,582,normalize,cpu,2750.58,2754.44
18,582,g_a_cpu,cpu,2754.45,2755.17
18,582,g_a,dpu,2755.18,2808.08
18,582,g_a,dpu,2808.08,2860.41
18,582,g_a_cpu,cpu,2860.41,2860.87
18,582,eb_enc,cpu,2860.87,2866.72
18,605,normalize,cpu,2867.27,2876.25
18,605,g_a_cpu,cpu,2876.26,2876.9
18,605,g_a,dpu,2876.9,2943.32
18,605,g_a,dpu,2943.32,2978.06
18,605,g_a_cpu,cpu,2978.06,2978.61
18,605,eb_enc,cpu,2978.62,2983.78
18,632,normalize,cpu,2984.56,2988.25
18,632,g_a_cpu,cpu,2988.25,2989.88
18,632,g_a,dpu,2989.89,3027.71
18,632,g_a,dpu,3027.71,3095.95
18,632,g_a_cpu,cpu,3095.96,3096.59
18,632,eb_enc,cpu,3096.59,3102.14
18,659,normalize,cpu,3102.88,3106.63
18,659,g_a_cpu,cpu,3106.63,3107.13
18,659,g_a,dpu,3107.14,3176.38
18,659,g_a,dpu,3176.39,3183.62
18,659,g_a_cpu,cpu,3183.62,3184.18
18,659,eb_enc,cpu,3184.19,3190.06
18,680,normalize,cpu,3190.65,3194.27
18,680,g_a_cpu,cpu,3194.28,3204.77
18,680,g_a,dpu,3204.77,3241.61
18,680,g_a,dpu,3241.61,3278.78
18,680,g_a_cpu,cpu,3278.78,3279.26
18,680,eb_enc,cpu,3279.27,3284.98
18,697,normalize,cpu,3285.76,3294.83
18,697,g_a_cpu,cpu,3294.83,3316.63
18,697,g_a,dpu,3316.63,3327.96
18,697,g_a,dpu,3327.96,3379.02
18,697,g_a_cpu,cpu,3379.02,3379.4
18,697,eb_enc,cpu,3379.4,3385.19
18,720,normalize,cpu,3385.9,3390.11
18,720,g_a_cpu,cpu,3390.12,3394.01
18,720,g_a,dpu,3394.01,3458.12
18,720,g_a,dpu,3458.13,3491.72
18,720,g_a_cpu,cpu,3491.72,3492.22
18,720,eb_enc,cpu,3492.22,3497.22
18,746,normalize,cpu,3497.82,3501.5
18,746,g_a_cpu,cpu,3501.5,3501.89
18,746,g_a,dpu,3501.89,3545.29
18,746,g_a,dpu,3545.3,3551.12
18,746,g_a_cpu,cpu,3551.12,3552.03
18,746,eb_enc,cpu,3552.04,3567.91
18,760,normalize,cpu,3568.79,3574.92
18,760,g_a_cpu,cpu,3574.92,3575.54
18,760,g_a,dpu,3575.54,3682.86
18,760,g_a,dpu,3682.87,3713.71
18,760,g_a_cpu,cpu,3713.71,3714.39
18,760,eb_enc,cpu,3714.39,3720.04
18,790,normalize,cpu,3720.71,3724.52
18,790,g_a_cpu,cpu,3724.52,3724.92
18,790,g_a,dpu,3724.92,3732.29
18,790,g_a,dpu,3732.3,3739.39
18,790,g_a_cpu,cpu,3739.39,3739.78
18,790,eb_enc,cpu,3739.78,3744.93
18,797,normalize,cpu,3745.8,3749.59
18,797,g_a_cpu,cpu,3749.59,3750.18
18,797,g_a,dpu,3750.18,3824.77
18,797,g_a,dpu,3824.77,3855.63
18,797,g_a_cpu,cpu,3855.63,3856.18
18,797,eb_enc,cpu,3856.18,3861.5
18,822,normalize,cpu,3862.33,3866.03
18,822,g_a_cpu,cpu,3866.04,3866.58
18,822,g_a,dpu,3866.58,3907.49
18,822,g_a,dpu,3907.49,3945.65
18,822,g_a_cpu,cpu,3945.65,3946.06
18,822,eb_enc,cpu,3946.06,3951.22
18,845,normalize,cpu,3951.78,3955.53
18,845,g_a_cpu,cpu,3955.53,3955.89
18,845,g_a,dpu,3955.9,3992.84
18,845,g_a,dpu,3992.85,4043.34
18,845,g_a_cpu,cpu,4043.34,4043.87
18,845,eb_enc,cpu,4043.87,4048.69
18,863,normalize,cpu,4049.97,4053.68
18,863,g_a_cpu,cpu,4053.68,4054.11
18,863,g_a,dpu,4054.11,4093.57
18,863,g_a,dpu,4093.57,4138.88
18,863,g_a_cpu,cpu,4138.88,4139.49
18,863,eb_enc,cpu,4139.52,4144.81
18,887,normalize,cpu,4145.51,4149.17
18,887,g_a_cpu,cpu,4149.17,4149.74
18,887,g_a,dpu,4149.74,4184.68
18,887,g_a,dpu,4184.69,4230.81
18,887,g_a_cpu,cpu,4230.82,4231.22
18,887,eb_enc,cpu,4231.22,4236.33
18,906,normalize,cpu,4236.94,4240.63
18,906,g_a_cpu,cpu,4240.64,4241.09
18,906,g_a,dpu,4241.09,4280.52
18,906,g_a,dpu,4280.52,4315.7
18,906,g_a_cpu,cpu,4315.7,4316.1
18,906,eb_enc,cpu,4316.1,4321.1
18,925,normalize,cpu,4322.09,4325.74
18,925,g_a_cpu,cpu,4325.75,4326.19
18,925,g_a,dpu,4326.2,4356.47
18,925,g_a,dpu,4356.48,4377.04
18,925,g_a_cpu,cpu,4377.04,4378.59
18,925,eb_enc,cpu,4378.59,4384.79
19,2,normalize,cpu,67.1231,86.9251
19,2,g_a_cpu,cpu,87.0805,87.5334
19,2,g_a,dpu,87.5437,95.4647
19,2,g_a,dpu,95.4731,118.98
19,2,g_a_cpu,cpu,118.982,119.754
19,2,eb_enc,cpu,119.77,127.507
19,23,normalize,cpu,128.053,148.311
19,23,g_a_cpu,cpu,148.315,148.783
19,23,g_a,dpu,148.786,161.56
19,23,g_a,dpu,161.568,166.961
19,23,g_a_cpu,cpu,166.964,167.467
19,23,eb_enc,cpu,167.47,177.877
19,34,normalize,cpu,178.399,190.131
19,34,g_a_cpu,cpu,190.135,190.569
19,34,g_a,dpu,190.571,324.708
19,34,g_a,dpu,324.712,364.081
19,34,g_a_cpu,cpu,364.083,364.719
19,34,eb_enc,cpu,364.738,369.94
19,76,normalize,cpu,370.782,374.563
19,76,g_a_cpu,cpu,374.575,375.101
19,76,g_a,dpu,375.108,432.056
19,76,g_a,dpu,432.058,467.73
19,76,g_a_cpu,cpu,467.734,468.595
19,76,eb_enc,cpu,468.599,473.622
19,98,normalize,cpu,474.116,487.565
19,98,g_a_cpu,cpu,487.569,487.933
19,98,g_a,dpu,487.936,493.191
19,98,g_a,dpu,493.193,565.306
19,98,g_a_cpu,cpu,565.307,565.924
19,98,eb_enc,cpu,565.928,572.613
19,119,normalize,cpu,573.492,581.248
19,119,g_a_cpu,cpu,581.253,581.624
19,119,g_a,dpu,581.628,621.327
19,119,g_a,dpu,621.335,627.032
19,119,g_a_cpu,cpu,627.035,627.555
19,119,eb_enc,cpu,627.56,634.277
19,131,normalize,cpu,635.716,639.662
19,131,g_a_cpu,cpu,639.666,640.096
19,131,g_a,dpu,640.099,711.705
19,131,g_a,dpu,711.706,717.014
19,131,g_a_cpu,cpu,717.016,717.756
19,131,eb_enc,cpu,717.76,722.837
19,151,normalize,cpu,723.375,727.049
19,151,g_a_cpu,cpu,727.058,727.714
19,151,g_a,dpu,727.727,767.033
19,151,g_a,dpu,767.034,774.058
19,151,g_a_cpu,cpu,774.06,774.632
19,151,eb_enc,cpu,774.636,787.97
19,164,normalize,cpu,788.851,793.886
19,164,g_a_cpu,cpu,793.892,794.504
19,164,g_a,dpu,794.564,956.159
19,164,g_a,dpu,956.161,961.287
19,164,g_a_cpu,cpu,961.289,961.695
19,164,eb_enc,cpu,961.696,966.732
19,202,normalize,cpu,967.391,971.169
19,202,g_a_cpu,cpu,971.172,971.659
19,202,g_a,dpu,971.663,1015.51
19,202,g_a,dpu,1015.51,1051.24
19,202,g_a_cpu,cpu,1051.25,1051.75
19,202,eb_enc,cpu,1051.75,1056.99
19,222,normalize,cpu,1057.89,1061.56
19,222,g_a_cpu,cpu,1061.57,1062.29
19,222,g_a,dpu,1062.29,1140.3
19,222,g_a,dpu,1140.3,1175.9
19,222,g_a_cpu,cpu,1175.9,1176.46
19,222,eb_enc,cpu,1176.47,1182.22
19,246,normalize,cpu,1183.21,1198.97
19,246,g_a_cpu,cpu,1198.97,1199.36
19,246,g_a,dpu,1199.37,1311.09
19,246,g_a,dpu,1311.1,1348.95
19,246,g_a_cpu,cpu,1348.95,1349.57
19,246,eb_enc,cpu,1349.57,1354.59
19,283,normalize,cpu,1355.16,1358.93
19,283,g_a_cpu,cpu,1358.93,1359.4
19,283,g_a,dpu,1359.4,1371.28
19,283,g_a,dpu,1371.29,1422.55
19,283,g_a_cpu,cpu,1422.55,1423.15
19,283,eb_enc,cpu,1423.16,1428.43
19,298,normalize,cpu,1429.15,1433.08
19,298,g_a_cpu,cpu,1433.08,1433.61
19,298,g_a,dpu,1433.61,1439.58
19,298,g_a,dpu,1439.58,1512.8
19,298,g_a_cpu,cpu,1512.8,1513.32
19,298,eb_enc,cpu,1513.32,1518.21
19,316,normalize,cpu,1519.21,1522.92
19,316,g_a_cpu,cpu,1522.93,1523.64
19,316,g_a,dpu,1523.65,1573.64
19,316,g_a,dpu,1573.64,1580.85
19,316,g_a_cpu,cpu,1580.85,1581.23
19,316,eb_enc,cpu,1581.23,1590.69
19,333,normalize,cpu,1591.52,1597.05
19,333,g_a_cpu,cpu,1597.06,1597.58
19,333,g_a,dpu,1597.59,1602.96
19,333,g_a,dpu,1602.96,1682.49
19,333,g_a_cpu,cpu,1682.49,1683.11
19,333,eb_enc,cpu,1683.12,1689.57
19,354,normalize,cpu,1690.4,1706.65
19,354,g_a_cpu,cpu,1706.65,1707.31
19,354,g_a,dpu,1707.31,1773.28
19,354,g_a,dpu,1773.29,1779.3
19,354,g_a_cpu,cpu,1779.3,1780.03
19,354,eb_enc,cpu,1780.03,1785.68
19,374,normalize,cpu,1786.18,1790.71
19,374,g_a_cpu,cpu,1790.71,1791.21
19,374,g_a,dpu,1791.21,1830.23
19,374,g_a,dpu,1830.24,1865.39
19,374,g_a_cpu,cpu,1865.4,1865.91
19,374,eb_enc,cpu,1865.92,1871.24
19,394,normalize,cpu,1872.41,1876.2
19,394,g_a_cpu,cpu,1876.21,1876.8
19,394,g_a,dpu,1876.81,1920.88
19,394,g_a,dpu,1920.89,1926.41
19,394,g_a_cpu,cpu,1926.42,1927.1
19,394,eb_enc,cpu,1927.1,1932.76
19,408,normalize,cpu,1933.75,1937.43
19,408,g_a_cpu,cpu,1937.44,1937.87
19,408,g_a,dpu,1937.87,1946.58
19,408,g_a,dpu,1946.58,1978.5
19,408,g_a_cpu,cpu,1978.5,1979.25
19,408,eb_enc,cpu,1979.26,1985.06
19,419,normalize,cpu,1985.97,1991.1
19,419,g_a_cpu,cpu,1991.11,1991.65
19,419,g_a,dpu,1991.66,2043.82
19,419,g_a,dpu,2043.83,2132.06
19,419,g_a_cpu,cpu,2132.07,2132.73
19,419,eb_enc,cpu,2132.74,2137.65
19,453,normalize,cpu,2138.32,2141.96
19,453,g_a_cpu,cpu,2141.96,2142.35
19,453,g_a,dpu,2142.35,2190.9
19,453,g_a,dpu,2190.91,2227.2
19,453,g_a_cpu,cpu,2227.2,2227.59
19,453,eb_enc,cpu,2227.59,2232.39
19,472,normalize,cpu,2232.9,2236.69
19,472,g_a_cpu,cpu,2236.69,2237.13
19,472,g_a,dpu,2237.14,2277.68
19,472,g_a,dpu,2277.68,2370.59
19,472,g_a_cpu,cpu,2370.59,2371.29
19,472,eb_enc,cpu,2371.29,2376.29
19,501,normalize,cpu,2376.8,2380.56
19,501,g_a_cpu,cpu,2380.56,2381.06
19,501,g_a,dpu,2381.07,2451.53
19,501,g_a,dpu,2451.53,2499.84
19,501,g_a_cpu,cpu,2499.85,2500.25
19,501,eb_enc,cpu,2500.25,2523.98
19,533,normalize,cpu,2524.91,2528.64
19,533,g_a_cpu,cpu,2528.64,2529
19,533,g_a,dpu,2529,2599.37
19,533,g_a,dpu,2599.37,2647.58
19,533,g_a_cpu,cpu,2647.58,2648
19,533,eb_enc,cpu,2648,2653.03
19,563,normalize,cpu,2653.7,2657.37
19,563,g_a_cpu,cpu,2657.37,2657.77
19,563,g_a,dpu,2657.77,2697.23
19,563,g_a,dpu,2697.23,2736.26
19,563,g_a_cpu,cpu,2736.27,2736.7
19,563,eb_enc,cpu,2736.71,2741.69
19,581,normalize,cpu,2742.31,2746.96
19,581,g_a_cpu,cpu,2746.97,2747.69
19,581,g_a,dpu,2747.69,2807.85
19,581,g_a,dpu,2807.85,2813.79
19,581,g_a_cpu,cpu,2813.79,2814.18
19,581,eb_enc,cpu,2814.18,2819.05
19,596,normalize,cpu,2819.51,2824.19
19,596,g_a_cpu,cpu,2824.2,2824.77
19,596,g_a,dpu,2824.78,2867.14
19,596,g_a,dpu,2867.14,2872.62
19,596,g_a_cpu,cpu,2872.63,2873.25
19,596,eb_enc,cpu,2873.26,2878.63
19,608,normalize,cpu,2879.56,2883.43
19,608,g_a_cpu,cpu,2883.43,2884.09
19,608,g_a,dpu,2884.09,2922.94
19,608,g_a,dpu,2922.94,2967.68
19,608,g_a_cpu,cpu,2967.68,2968.2
19,608,eb_enc,cpu,2968.21,2973.22
19,630,normalize,cpu,2974.06,2977.76
19,630,g_a_cpu,cpu,2977.76,2978.19
19,630,g_a,dpu,2978.19,2983.85
19,630,g_a,dpu,2983.85,2989.16
19,630,g_a_cpu,cpu,2989.16,2989.96
19,630,eb_enc,cpu,2989.97,2995.37
19,635,normalize,cpu,2995.92,2999.68
19,635,g_a_cpu,cpu,2999.69,3000.15
19,635,g_a,dpu,3000.15,3072.24
19,635,g_a,dpu,3072.24,3077.81
19,635,g_a_cpu,cpu,3077.81,3078.37
19,635,eb_enc,cpu,3078.37,3083.68
19,656,normalize,cpu,3084.44,3089.11
19,656,g_a_cpu,cpu,3089.13,3089.66
19,656,g_a,dpu,3089.66,3142.71
19,656,g_a,dpu,3142.71,3148.62
19,656,g_a_cpu,cpu,3148.62,3149.27
19,656,eb_enc,cpu,3149.27,3154.66
19,671,normalize,cpu,3155.77,3159.49
19,671,g_a_cpu,cpu,3159.49,3160.03
19,671,g_a,dpu,3160.03,3204
19,671,g_a,dpu,3204,3241.85
19,671,g_a_cpu,cpu,3241.85,3242.44
19,671,eb_enc,cpu,3242.45,3248.45
19,690,normalize,cpu,3249.18,3252.95
19,690,g_a_cpu,cpu,3252.95,3253.38
19,690,g_a,dpu,3253.38,3294.55
19,690,g_a,dpu,3294.56,3332.79
19,690,g_a_cpu,cpu,3332.8,3333.46
19,690,eb_enc,cpu,3333.46,3338.62
19,709,normalize,cpu,3339.21,3343.05
19,709,g_a_cpu,cpu,3343.05,3343.63
19,709,g_a,dpu,3343.63,3350.72
19,709,g_a,dpu,3350.72,3429.35
19,709,g_a_cpu,cpu,3429.36,3429.96
19,709,eb_enc,cpu,3429.96,3435.39
19,732,normalize,cpu,3444.1,3447.79
19,732,g_a_cpu,cpu,3447.79,3448.36
19,732,g_a,dpu,3448.36,3486.91
19,732,g_a,dpu,3486.91,3543.16
19,732,g_a_cpu,cpu,3543.16,3543.86
19,732,eb_enc,cpu,3543.86,3549.23
19,754,normalize,cpu,3550.36,3554.33
19,754,g_a_cpu,cpu,3554.34,3555.07
19,754,g_a,dpu,3555.08,3570.07
19,754,g_a,dpu,3570.08,3624.82
19,754,g_a_cpu,cpu,3624.82,3625.17
19,754,eb_enc,cpu,3625.17,3630.04
19,772,normalize,cpu,3630.67,3634.29
19,772,g_a_cpu,cpu,3634.3,3634.77
19,772,g_a,dpu,3634.78,3711.67
19,772,g_a,dpu,3711.67,3717.07
19,772,g_a_cpu,cpu,3717.07,3717.98
19,772,eb_enc,cpu,3717.99,3723.08
19,791,normalize,cpu,3723.63,3733.3
19,791,g_a_cpu,cpu,3733.31,3734.04
19,791,g_a,dpu,3734.05,3774.82
19,791,g_a,dpu,3774.82,3815.45
19,791,g_a_cpu,cpu,3815.46,3816.07
19,791,eb_enc,cpu,3816.08,3821.27
19,813,normalize,cpu,3821.81,3826.35
19,813,g_a_cpu,cpu,3826.35,3826.79
19,813,g_a,dpu,3826.79,3858.49
19,813,g_a,dpu,3858.49,3864.02
19,813,g_a_cpu,cpu,3864.02,3864.44
19,813,eb_enc,cpu,3864.44,3869.39
19,824,normalize,cpu,3869.98,3873.66
19,824,g_a_cpu,cpu,3873.66,3874.1
19,824,g_a,dpu,3874.1,3949.69
19,824,g_a,dpu,3949.69,3956.15
19,824,g_a_cpu,cpu,3956.15,3956.66
19,824,eb_enc,cpu,3956.67,3961.82
19,847,normalize,cpu,3962.77,3966.49
19,847,g_a_cpu,cpu,3966.5,3966.95
19,847,g_a,dpu,3966.95,4025.75
19,847,g_a,dpu,4025.75,4089.12
19,847,g_a_cpu,cpu,4089.13,4089.62
19,847,eb_enc,cpu,4089.63,4095.52
19,875,normalize,cpu,4096.12,4102.77
19,875,g_a_cpu,cpu,4102.77,4103.27
19,875,g_a,dpu,4103.27,4109.22
19,875,g_a,dpu,4109.22,4182.78
19,875,g_a_cpu,cpu,4182.78,4183.18
19,875,eb_enc,cpu,4183.19,4188.17
19,895,normalize,cpu,4188.7,4192.39
19,895,g_a_cpu,cpu,4192.39,4192.94
19,895,g_a,dpu,4192.94,4231.89
19,895,g_a,dpu,4231.89,4237.27
19,895,g_a_cpu,cpu,4237.27,4237.88
19,895,eb_enc,cpu,4237.88,4242.89
19,907,normalize,cpu,4243.72,4247.44
19,907,g_a_cpu,cpu,4247.44,4247.91
19,907,g_a,dpu,4247.91,4287.51
19,907,g_a,dpu,4287.51,4292.95
19,907,g_a_cpu,cpu,4292.95,4293.32
19,907,eb_enc,cpu,4293.33,4304.33
19,922,normalize,cpu,4306.66,4311.07
19,922,g_a_cpu,cpu,4311.08,4311.72
19,922,g_a,dpu,4311.72,4387.92
19,922,g_a,dpu,4387.92,4398.46
19,922,g_a_cpu,cpu,4398.46,4398.85
19,922,eb_enc,cpu,4398.85,4403.61
20,19,normalize,cpu,92.4055,100.254
20,19,g_a_cpu,cpu,100.484,101.248
20,19,g_a,dpu,101.255,142.116
20,19,g_a,dpu,142.123,190.57
20,19,g_a_cpu,cpu,190.571,191.021
20,19,eb_enc,cpu,191.027,206.366
20,41,normalize,cpu,211.125,220.059
20,41,g_a_cpu,cpu,220.063,220.652
20,41,g_a,dpu,220.654,243.564
20,41,g_a,dpu,243.57,273.244
20,41,g_a_cpu,cpu,273.246,273.904
20,41,eb_enc,cpu,273.909,279.474
20,57,normalize,cpu,280.528,284.196
20,57,g_a_cpu,cpu,284.201,284.766
20,57,g_a,dpu,284.77,365.713
20,57,g_a,dpu,365.716,453.272
20,57,g_a_cpu,cpu,453.274,454.061
20,57,eb_enc,cpu,454.08,464.867
20,107,normalize,cpu,515.276,519.071
20,107,g_a_cpu,cpu,519.082,520.041
20,107,g_a,dpu,520.055,565.875
20,107,g_a,dpu,565.878,622.13
20,107,g_a_cpu,cpu,622.133,622.911
20,107,eb_enc,cpu,622.917,628.229
20,129,normalize,cpu,629.119,636.916
20,129,g_a_cpu,cpu,636.927,637.684
20,129,g_a,dpu,637.697,682.741
20,129,g_a,dpu,682.744,729.914
20,129,g_a_cpu,cpu,729.916,730.445
20,129,eb_enc,cpu,730.447,735.743
20,153,normalize,cpu,736.552,741.621
20,153,g_a_cpu,cpu,741.625,742.416
20,153,g_a,dpu,742.421,872.323
20,153,g_a,dpu,872.332,911.675
20,153,g_a_cpu,cpu,911.678,912.02
20,153,eb_enc,cpu,912.022,917.207
20,190,normalize,cpu,917.93,921.693
20,190,g_a_cpu,cpu,921.698,922.137
20,190,g_a,dpu,922.141,964.088
20,190,g_a,dpu,964.09,969.819
20,190,g_a_cpu,cpu,969.822,970.55
20,190,eb_enc,cpu,970.553,975.528
20,204,normalize,cpu,976.087,979.813
20,204,g_a_cpu,cpu,979.82,980.561
20,204,g_a,dpu,980.563,1024.62
20,204,g_a,dpu,1024.62,1030.58
20,204,g_a_cpu,cpu,1030.59,1031.2
20,204,eb_enc,cpu,1031.2,1036.27
20,216,normalize,cpu,1036.93,1040.85
20,216,g_a_cpu,cpu,1040.86,1041.4
20,216,g_a,dpu,1041.4,1084.45
20,216,g_a,dpu,1084.46,1146.64
20,216,g_a_cpu,cpu,1146.64,1147.1
20,216,eb_enc,cpu,1147.1,1152.09
20,242,normalize,cpu,1152.63,1156.52
20,242,g_a_cpu,cpu,1156.53,1157.26
20,242,g_a,dpu,1157.27,1258.97
20,242,g_a,dpu,1258.98,1264.66
20,242,g_a_cpu,cpu,1264.66,1265.23
20,242,eb_enc,cpu,1265.23,1270.55
20,264,normalize,cpu,1271.54,1275.42
20,264,g_a_cpu,cpu,1275.43,1275.84
20,264,g_a,dpu,1275.85,1308.29
20,264,g_a,dpu,1308.29,1346.63
20,264,g_a_cpu,cpu,1346.64,1347.35
20,264,eb_enc,cpu,1347.37,1360.72
20,285,normalize,cpu,1361.46,1365.34
20,285,g_a_cpu,cpu,1365.34,1365.67
20,285,g_a,dpu,1365.67,1372.19
20,285,g_a,dpu,1372.2,1474.01
20,285,g_a_cpu,cpu,1474.02,1474.48
20,285,eb_enc,cpu,1474.48,1483.96
20,310,normalize,cpu,1484.87,1488.59
20,310,g_a_cpu,cpu,1488.59,1489.32
20,310,g_a,dpu,1489.33,1528.96
20,310,g_a,dpu,1528.96,1573.54
20,310,g_a_cpu,cpu,1573.55,1573.97
20,310,eb_enc,cpu,1573.97,1578.96
20,331,normalize,cpu,1579.63,1583.48
20,331,g_a_cpu,cpu,1583.49,1584.06
20,331,g_a,dpu,1584.06,1620.96
20,331,g_a,dpu,1620.96,1670.37
20,331,g_a_cpu,cpu,1670.37,1670.78
20,331,eb_enc,cpu,1670.78,1675.68
20,352,normalize,cpu,1676.6,1680.45
20,352,g_a_cpu,cpu,1680.46,1680.91
20,352,g_a,dpu,1680.91,1778.57
20,352,g_a,dpu,1778.58,1841.54
20,352,g_a_cpu,cpu,1841.54,1842.1
20,352,eb_enc,cpu,1842.1,1849.72
20,388,normalize,cpu,1850.65,1858.69
20,388,g_a_cpu,cpu,1858.69,1859.06
20,388,g_a,dpu,1859.06,1897.41
20,388,g_a,dpu,1897.41,1902.92
20,388,g_a_cpu,cpu,1902.92,1903.6
20,388,eb_enc,cpu,1903.61,1908.61
20,402,normalize,cpu,1909.44,1913.2
20,402,g_a_cpu,cpu,1913.2,1913.73
20,402,g_a,dpu,1913.73,1926.82
20,402,g_a,dpu,1926.82,1933.26
20,402,g_a_cpu,cpu,1933.27,1934.05
20,402,eb_enc,cpu,1934.05,1939.4
20,410,normalize,cpu,1940.01,1943.73
20,410,g_a_cpu,cpu,1943.73,1944.32
20,410,g_a,dpu,1944.32,2031.65
20,410,g_a,dpu,2031.65,2039.02
20,410,g_a_cpu,cpu,2039.02,2039.54
20,410,eb_enc,cpu,2039.54,2044.65
20,433,normalize,cpu,2045.58,2049.32
20,433,g_a_cpu,cpu,2049.33,2049.82
20,433,g_a,dpu,2049.82,2087.64
20,433,g_a,dpu,2087.64,2098.56
20,433,g_a_cpu,cpu,2098.56,2099.07
20,433,eb_enc,cpu,2099.07,2104.87
20,446,normalize,cpu,2105.38,2111.22
20,446,g_a_cpu,cpu,2111.23,2111.8
20,446,g_a,dpu,2111.8,2148.53
20,446,g_a,dpu,2148.53,2158.4
20,446,g_a_cpu,cpu,2158.4,2158.92
20,446,eb_enc,cpu,2158.92,2164.01
20,458,normalize,cpu,2164.69,2168.42
20,458,g_a_cpu,cpu,2168.42,2168.8
20,458,g_a,dpu,2168.8,2216.63
20,458,g_a,dpu,2216.63,2313.2
20,458,g_a_cpu,cpu,2313.2,2313.58
20,458,eb_enc,cpu,2313.59,2318.4
20,490,normalize,cpu,2319.22,2322.9
20,490,g_a_cpu,cpu,2322.9,2323.22
20,490,g_a,dpu,2323.22,2433.94
20,490,g_a,dpu,2433.96,2503.5
20,490,g_a_cpu,cpu,2503.51,2504.07
20,490,eb_enc,cpu,2504.07,2509.55
20,530,normalize,cpu,2510.22,2514.05
20,530,g_a_cpu,cpu,2514.06,2514.75
20,530,g_a,dpu,2514.75,2573.64
20,530,g_a,dpu,2573.64,2630.51
20,530,g_a_cpu,cpu,2630.56,2631.05
20,530,eb_enc,cpu,2631.05,2636.53
20,557,normalize,cpu,2637.3,2641.03
20,557,g_a_cpu,cpu,2641.04,2641.49
20,557,g_a,dpu,2641.49,2683.96
20,557,g_a,dpu,2683.96,2727.63
20,557,g_a_cpu,cpu,2727.63,2728.2
20,557,eb_enc,cpu,2728.2,2733.22
20,579,normalize,cpu,2733.78,2737.53
20,579,g_a_cpu,cpu,2737.53,2737.85
20,579,g_a,dpu,2737.85,2788.42
20,579,g_a,dpu,2788.43,2843.39
20,579,g_a_cpu,cpu,2843.4,2843.8
20,579,eb_enc,cpu,2843.8,2848.77
20,602,normalize,cpu,2849.28,2853.05
20,602,g_a_cpu,cpu,2853.06,2853.51
20,602,g_a,dpu,2853.51,2891.16
20,602,g_a,dpu,2891.16,2896.74
20,602,g_a_cpu,cpu,2896.74,2897.37
20,602,eb_enc,cpu,2897.37,2902.71
20,613,normalize,cpu,2903.43,2907.23
20,613,g_a_cpu,cpu,2907.23,2907.93
20,613,g_a,dpu,2907.93,2960.14
20,613,g_a,dpu,2960.14,3034.49
20,613,g_a_cpu,cpu,3034.49,3035.13
20,613,eb_enc,cpu,3035.14,3040.4
20,645,normalize,cpu,3040.99,3044.79
20,645,g_a_cpu,cpu,3044.79,3045.32
20,645,g_a,dpu,3045.32,3088.61
20,645,g_a,dpu,3088.61,3134.84
20,645,g_a_cpu,cpu,3134.84,3135.37
20,645,eb_enc,cpu,3135.38,3140.25
20,668,normalize,cpu,3140.8,3150.73
20,668,g_a_cpu,cpu,3150.73,3151.24
20,668,g_a,dpu,3151.24,3180.58
20,668,g_a,dpu,3180.58,3225.14
20,668,g_a_cpu,cpu,3225.14,3225.66
20,668,eb_enc,cpu,3225.67,3230.64
20,686,normalize,cpu,3231.15,3234.83
20,686,g_a_cpu,cpu,3234.84,3235.24
20,686,g_a,dpu,3235.24,3275.82
20,686,g_a,dpu,3275.82,3282.4
20,686,g_a_cpu,cpu,3282.41,3283.26
20,686,eb_enc,cpu,3283.26,3290.8
20,699,normalize,cpu,3291.89,3295.79
20,699,g_a_cpu,cpu,3295.8,3296.57
20,699,g_a,dpu,3296.57,3324.99
20,699,g_a,dpu,3324.99,3330.85
20,699,g_a_cpu,cpu,3330.85,3331.2
20,699,eb_enc,cpu,3331.21,3336.16
20,708,normalize,cpu,3336.86,3340.57
20,708,g_a_cpu,cpu,3340.58,3341.01
20,708,g_a,dpu,3341.01,3384.91
20,708,g_a,dpu,3384.91,3390.57
20,708,g_a_cpu,cpu,3390.58,3391.16
20,708,eb_enc,cpu,3391.17,3396.32
20,722,normalize,cpu,3396.96,3400.74
20,722,g_a_cpu,cpu,3400.74,3401.41
20,722,g_a,dpu,3401.42,3477.35
20,722,g_a,dpu,3477.35,3560.18
20,722,g_a_cpu,cpu,3560.18,3560.76
20,722,eb_enc,cpu,3560.77,3565.77
20,759,normalize,cpu,3566.76,3570.77
20,759,g_a_cpu,cpu,3570.77,3571.4
20,759,g_a,dpu,3571.41,3662.49
20,759,g_a,dpu,3662.49,3703.03
20,759,g_a_cpu,cpu,3703.04,3703.38
20,759,eb_enc,cpu,3703.39,3708.42
20,787,normalize,cpu,3709.33,3713.15
20,787,g_a_cpu,cpu,3713.16,3714.75
20,787,g_a,dpu,3714.77,3760.44
20,787,g_a,dpu,3760.44,3909.47
20,787,g_a_cpu,cpu,3909.47,3909.86
20,787,eb_enc,cpu,3909.86,3914.75
20,835,normalize,cpu,3915.35,3919.27
20,835,g_a_cpu,cpu,3919.28,3919.73
20,835,g_a,dpu,3919.73,3968.38
20,835,g_a,dpu,3968.38,4014.72
20,835,g_a_cpu,cpu,4014.72,4015.15
20,835,eb_enc,cpu,4015.16,4020.11
20,858,normalize,cpu,4020.6,4024.31
20,858,g_a_cpu,cpu,4024.31,4024.75
20,858,g_a,dpu,4024.75,4094.32
20,858,g_a,dpu,4094.32,4099.89
20,858,g_a_cpu,cpu,4099.89,4100.27
20,858,eb_enc,cpu,4100.27,4105.6
20,877,normalize,cpu,4106.23,4111.23
20,877,g_a_cpu,cpu,4111.24,4111.79
20,877,g_a,dpu,4111.8,4195.66
20,877,g_a,dpu,4195.66,4248.36
20,877,g_a_cpu,cpu,4248.36,4248.94
20,877,eb_enc,cpu,4248.95,4261.49
20,912,normalize,cpu,4262.06,4268.1
20,912,g_a_cpu,cpu,4268.11,4268.58
20,912,g_a,dpu,4268.58,4299.68
20,912,g_a,dpu,4299.68,4365.66
20,912,g_a_cpu,cpu,4365.66,4366.09
20,912,eb_enc,cpu,4366.09,4370.91
