lane,patch,stage,kind,t0_ms,t1_ms
-1,0,read,read,0.26459,65.8419
-1,1,read,read,66.1022,209.082
-1,2,read,read,209.112,392.997
-1,3,read,read,393.027,475.525
-1,4,read,read,545.497,642.91
-1,5,read,read,838.939,932.669
-1,6,read,read,1113.85,1251.1
-1,7,read,read,1391.65,1484.9
-1,8,read,read,1666.03,1747.2
-1,9,read,read,1936.07,2009.47
-1,10,read,read,2191.87,2282.25
-1,11,read,read,2449.43,2534.07
-1,12,read,read,2718.73,2832.37
-1,13,read,read,2981.75,3048.33
-1,14,read,read,3248.19,3309.51
-1,15,read,read,3515.08,3577.1
0,0,normalize,cpu,66.6066,96.1566
0,0,g_a_cpu,cpu,122.581,123.154
0,0,g_a,dpu,123.159,130.238
0,0,g_a,dpu,130.248,171.604
0,0,g_a_cpu,cpu,171.607,172.199
0,0,eb_enc,cpu,172.221,183.553
0,38,normalize,cpu,185.663,189.42
0,38,g_a_cpu,cpu,189.425,190.038
0,38,g_a,dpu,190.043,195.771
0,38,g_a,dpu,195.779,256.777
0,38,g_a_cpu,cpu,256.778,257.319
0,38,eb_enc,cpu,257.321,266.061
0,55,normalize,cpu,267.008,270.817
0,55,g_a_cpu,cpu,270.82,271.273
0,55,g_a,dpu,271.274,324.989
0,55,g_a,dpu,324.99,330.295
0,55,g_a_cpu,cpu,330.296,330.839
0,55,eb_enc,cpu,330.852,336.809
0,72,normalize,cpu,337.395,355.029
0,72,g_a_cpu,cpu,355.033,355.791
0,72,g_a,dpu,355.795,414.936
0,72,g_a,dpu,414.938,469.775
0,72,g_a_cpu,cpu,469.779,470.294
0,72,eb_enc,cpu,470.297,475.314
0,97,normalize,cpu,475.853,487.734
0,97,g_a_cpu,cpu,487.74,488.228
0,97,g_a,dpu,488.231,632.943
0,97,g_a,dpu,632.945,694.307
0,97,g_a_cpu,cpu,694.309,694.875
0,97,eb_enc,cpu,694.879,699.955
0,145,normalize,cpu,700.662,704.315
0,145,g_a_cpu,cpu,704.318,704.93
0,145,g_a,dpu,704.934,767.295
0,145,g_a,dpu,767.301,881.658
0,145,g_a_cpu,cpu,881.662,882.17
0,145,eb_enc,cpu,882.173,891.364
0,183,normalize,cpu,892.013,898.887
0,183,g_a_cpu,cpu,898.895,899.424
0,183,g_a,dpu,899.429,971.614
0,183,g_a,dpu,971.615,976.938
0,183,g_a_cpu,cpu,976.939,977.525
0,183,eb_enc,cpu,977.53,982.402
0,204,normalize,cpu,982.866,987.536
0,204,g_a_cpu,cpu,987.542,988.054
0,204,g_a,dpu,988.057,1048.11
0,204,g_a,dpu,1048.12,1103.7
0,204,g_a_cpu,cpu,1103.7,1104.25
0,204,eb_enc,cpu,1104.26,1110.94
0,230,normalize,cpu,1111.72,1124.38
0,230,g_a_cpu,cpu,1124.39,1124.84
0,230,g_a,dpu,1124.84,1192.84
0,230,g_a,dpu,1192.85,1198.08
0,230,g_a_cpu,cpu,1198.08,1198.53
0,230,eb_enc,cpu,1198.53,1203.74
0,249,normalize,cpu,1204.49,1208.19
0,249,g_a_cpu,cpu,1208.2,1208.95
0,249,g_a,dpu,1208.96,1261.6
0,249,g_a,dpu,1261.6,1340.66
0,249,g_a_cpu,cpu,1340.66,1341.28
0,249,eb_enc,cpu,1341.28,1348.06
0,280,normalize,cpu,1348.69,1353.27
0,280,g_a_cpu,cpu,1353.27,1353.64
0,280,g_a,dpu,1353.65,1430.69
0,280,g_a,dpu,1430.69,1498.77
0,280,g_a_cpu,cpu,1498.77,1499.15
0,280,eb_enc,cpu,1499.16,1505.05
0,313,normalize,cpu,1505.59,1511.59
0,313,g_a_cpu,cpu,1511.6,1512.01
0,313,g_a,dpu,1512.01,1561.98
0,313,g_a,dpu,1561.98,1630.37
0,313,g_a_cpu,cpu,1630.37,1630.83
0,313,eb_enc,cpu,1630.83,1636.63
0,344,normalize,cpu,1637.2,1644.39
0,344,g_a_cpu,cpu,1644.4,1645.11
0,344,g_a,dpu,1645.11,1708.34
0,344,g_a,dpu,1708.35,1713.72
0,344,g_a_cpu,cpu,1713.72,1714.36
0,344,eb_enc,cpu,1714.36,1720.23
0,359,normalize,cpu,1721.26,1726.6
0,359,g_a_cpu,cpu,1726.61,1727.21
0,359,g_a,dpu,1727.22,1804.14
0,359,g_a,dpu,1804.14,1855.13
0,359,g_a_cpu,cpu,1855.13,1855.68
0,359,eb_enc,cpu,1855.68,1861.76
0,392,normalize,cpu,1862.44,1870.07
0,392,g_a_cpu,cpu,1870.07,1870.55
0,392,g_a,dpu,1870.55,1925.15
0,392,g_a,dpu,1925.15,2054.03
0,392,g_a_cpu,cpu,2054.03,2054.56
0,392,eb_enc,cpu,2054.57,2059.5
0,433,normalize,cpu,2060.07,2064.46
0,433,g_a_cpu,cpu,2064.46,2064.93
0,433,g_a,dpu,2064.93,2264.14
0,433,g_a,dpu,2264.14,2269.88
0,433,g_a_cpu,cpu,2269.88,2270.42
0,433,eb_enc,cpu,2270.42,2275.64
0,482,normalize,cpu,2276.17,2280.72
0,482,g_a_cpu,cpu,2280.72,2281.29
0,482,g_a,dpu,2281.3,2342.23
0,482,g_a,dpu,2342.23,2467.57
0,482,g_a_cpu,cpu,2467.57,2468.2
0,482,eb_enc,cpu,2468.2,2473.49
0,525,normalize,cpu,2474.48,2494.42
0,525,g_a_cpu,cpu,2494.42,2494.93
0,525,g_a,dpu,2494.93,2547.49
0,525,g_a,dpu,2547.49,2601.31
0,525,g_a_cpu,cpu,2601.31,2601.67
0,525,eb_enc,cpu,2601.67,2606.67
0,553,normalize,cpu,2607.39,2611.09
0,553,g_a_cpu,cpu,2611.09,2611.53
0,553,g_a,dpu,2611.53,2670.35
0,553,g_a,dpu,2670.35,2737.69
0,553,g_a_cpu,cpu,2737.69,2738.48
0,553,eb_enc,cpu,2738.48,2743.84
0,584,normalize,cpu,2744.56,2748.99
0,584,g_a_cpu,cpu,2749,2749.59
0,584,g_a,dpu,2749.59,2806.57
0,584,g_a,dpu,2806.57,2812.23
0,584,g_a_cpu,cpu,2812.24,2812.91
0,584,eb_enc,cpu,2812.91,2817.98
0,600,normalize,cpu,2818.97,2833.1
0,600,g_a_cpu,cpu,2833.1,2833.49
0,600,g_a,dpu,2833.49,2886.07
0,600,g_a,dpu,2886.07,2891.26
0,600,g_a_cpu,cpu,2891.26,2891.74
0,600,eb_enc,cpu,2891.74,2896.74
0,619,normalize,cpu,2897.65,2901.36
0,619,g_a_cpu,cpu,2901.37,2901.77
0,619,g_a,dpu,2901.77,2956.04
0,619,g_a,dpu,2956.05,3130.16
0,619,g_a_cpu,cpu,3130.16,3130.55
0,619,eb_enc,cpu,3130.55,3135.44
0,669,normalize,cpu,3136.36,3140.05
0,669,g_a_cpu,cpu,3140.06,3140.54
0,669,g_a,dpu,3140.55,3205.59
0,669,g_a,dpu,3205.59,3260.91
0,669,g_a_cpu,cpu,3260.92,3261.52
0,669,eb_enc,cpu,3261.52,3266.83
0,699,normalize,cpu,3267.48,3272.64
0,699,g_a_cpu,cpu,3272.64,3273.04
0,699,g_a,dpu,3273.04,3279.06
0,699,g_a,dpu,3279.07,3284.76
0,699,g_a_cpu,cpu,3284.76,3285.29
0,699,eb_enc,cpu,3285.29,3291.74
0,703,normalize,cpu,3292.71,3296.6
0,703,g_a_cpu,cpu,3296.6,3297.06
0,703,g_a,dpu,3297.07,3359.47
0,703,g_a,dpu,3359.47,3465.62
0,703,g_a_cpu,cpu,3465.63,3466.11
0,703,eb_enc,cpu,3466.11,3470.98
0,743,normalize,cpu,3471.51,3482.62
0,743,g_a_cpu,cpu,3482.62,3483.27
0,743,g_a,dpu,3483.28,3528.86
0,743,g_a,dpu,3528.86,3534.68
0,743,g_a_cpu,cpu,3534.69,3535.51
0,743,eb_enc,cpu,3535.51,3542.2
0,757,normalize,cpu,3542.89,3546.7
0,757,g_a_cpu,cpu,3546.71,3547.23
0,757,g_a,dpu,3547.23,3623.37
0,757,g_a,dpu,3623.37,3677.29
0,757,g_a_cpu,cpu,3677.29,3677.79
0,757,eb_enc,cpu,3677.79,3682.89
0,787,normalize,cpu,3684.42,3688.13
0,787,g_a_cpu,cpu,3688.14,3688.59
0,787,g_a,dpu,3688.59,3736.23
0,787,g_a,dpu,3736.23,3741.52
0,787,g_a_cpu,cpu,3741.52,3742.26
0,787,eb_enc,cpu,3742.27,3747.7
0,802,normalize,cpu,3748.28,3752.21
0,802,g_a_cpu,cpu,3752.21,3752.77
0,802,g_a,dpu,3752.77,3806.79
0,802,g_a,dpu,3806.79,3871.78
0,802,g_a_cpu,cpu,3871.78,3872.33
0,802,eb_enc,cpu,3872.33,3877.32
0,828,normalize,cpu,3878.22,3881.84
0,828,g_a_cpu,cpu,3881.84,3882.65
0,828,g_a,dpu,3882.66,3953.5
0,828,g_a,dpu,3953.5,4009.75
0,828,g_a_cpu,cpu,4009.75,4010.31
0,828,eb_enc,cpu,4010.31,4019.99
0,861,normalize,cpu,4020.58,4026.81
0,861,g_a_cpu,cpu,4026.81,4027.12
0,861,g_a,dpu,4027.12,4144.04
0,861,g_a,dpu,4144.04,4149.25
0,861,g_a_cpu,cpu,4149.25,4149.76
0,861,eb_enc,cpu,4149.76,4154.98
0,891,normalize,cpu,4155.8,4160.19
0,891,g_a_cpu,cpu,4160.19,4160.64
0,891,g_a,dpu,4160.64,4220.85
0,891,g_a,dpu,4220.85,4226.77
0,891,g_a_cpu,cpu,4226.77,4227.27
0,891,eb_enc,cpu,4227.27,4232.47
0,908,normalize,cpu,4232.94,4236.62
0,908,g_a_cpu,cpu,4236.63,4237.24
0,908,g_a,dpu,4237.24,4300.17
0,908,g_a,dpu,4300.17,4361.79
0,908,g_a_cpu,cpu,4361.79,4362.21
0,908,eb_enc,cpu,4362.21,4367.17
1,29,normalize,cpu,115.692,120.229
1,29,g_a_cpu,cpu,123.532,124.234
1,29,g_a,dpu,124.24,183.663
1,29,g_a,dpu,183.669,230.602
1,29,g_a_cpu,cpu,230.604,231.475
1,29,eb_enc,cpu,231.489,298.44
1,63,normalize,cpu,315.672,319.378
1,63,g_a_cpu,cpu,319.382,319.783
1,63,g_a,dpu,319.784,453.899
1,63,g_a,dpu,453.907,535.015
1,63,g_a_cpu,cpu,535.018,535.598
1,63,eb_enc,cpu,535.601,540.925
1,114,normalize,cpu,541.573,545.264
1,114,g_a_cpu,cpu,545.268,545.691
1,114,g_a,dpu,545.697,591.583
1,114,g_a,dpu,591.584,596.796
1,114,g_a_cpu,cpu,596.798,597.551
1,114,eb_enc,cpu,597.591,603.379
1,126,normalize,cpu,605.297,609.007
1,126,g_a_cpu,cpu,609.015,609.608
1,126,g_a,dpu,609.614,616.231
1,126,g_a,dpu,616.234,730.981
1,126,g_a_cpu,cpu,730.982,731.611
1,126,eb_enc,cpu,731.615,736.909
1,152,normalize,cpu,737.569,750.858
1,152,g_a_cpu,cpu,750.862,751.526
1,152,g_a,dpu,751.531,808.711
1,152,g_a,dpu,808.713,885.696
1,152,g_a_cpu,cpu,885.698,886.26
1,152,eb_enc,cpu,886.266,891.383
1,184,normalize,cpu,892.013,896.051
1,184,g_a_cpu,cpu,896.059,896.705
1,184,g_a,dpu,896.713,960.473
1,184,g_a,dpu,960.483,965.934
1,184,g_a_cpu,cpu,965.937,966.458
1,184,eb_enc,cpu,966.46,971.433
1,201,normalize,cpu,972.16,976.04
1,201,g_a_cpu,cpu,976.043,976.381
1,201,g_a,dpu,976.383,1041.17
1,201,g_a,dpu,1041.17,1048.12
1,201,g_a_cpu,cpu,1048.12,1048.58
1,201,eb_enc,cpu,1048.59,1053.73
1,219,normalize,cpu,1054.39,1058.27
1,219,g_a_cpu,cpu,1058.27,1058.68
1,219,g_a,dpu,1058.68,1114.27
1,219,g_a,dpu,1114.27,1176.19
1,219,g_a_cpu,cpu,1176.19,1176.95
1,219,eb_enc,cpu,1176.95,1181.97
1,246,normalize,cpu,1182.62,1187.44
1,246,g_a_cpu,cpu,1187.44,1187.99
1,246,g_a,dpu,1188,1247.23
1,246,g_a,dpu,1247.23,1365.67
1,246,g_a_cpu,cpu,1365.68,1366.11
1,246,eb_enc,cpu,1366.12,1372.05
1,286,normalize,cpu,1372.54,1377.46
1,286,g_a_cpu,cpu,1377.46,1377.86
1,286,g_a,dpu,1377.86,1430.52
1,286,g_a,dpu,1430.52,1538.39
1,286,g_a_cpu,cpu,1538.39,1538.86
1,286,eb_enc,cpu,1538.87,1543.89
1,322,normalize,cpu,1544.45,1548.31
1,322,g_a_cpu,cpu,1548.31,1548.74
1,322,g_a,dpu,1548.74,1602.67
1,322,g_a,dpu,1602.67,1655.38
1,322,g_a_cpu,cpu,1655.38,1655.98
1,322,eb_enc,cpu,1656.03,1661.17
1,349,normalize,cpu,1661.71,1665.4
1,349,g_a_cpu,cpu,1665.4,1665.89
1,349,g_a,dpu,1665.89,1754.28
1,349,g_a,dpu,1754.28,1811.72
1,349,g_a_cpu,cpu,1811.72,1812.21
1,349,eb_enc,cpu,1812.21,1817.15
1,382,normalize,cpu,1817.71,1822.13
1,382,g_a_cpu,cpu,1822.14,1822.79
1,382,g_a,dpu,1822.79,1883.49
1,382,g_a,dpu,1883.49,1934.98
1,382,g_a_cpu,cpu,1934.98,1935.34
1,382,eb_enc,cpu,1935.34,1941.22
1,406,normalize,cpu,1943.31,1947.28
1,406,g_a_cpu,cpu,1947.28,1947.71
1,406,g_a,dpu,1947.72,2018.98
1,406,g_a,dpu,2018.98,2074.08
1,406,g_a_cpu,cpu,2074.08,2074.76
1,406,eb_enc,cpu,2074.76,2080.31
1,437,normalize,cpu,2081.02,2084.77
1,437,g_a_cpu,cpu,2084.77,2085.1
1,437,g_a,dpu,2085.11,2186.81
1,437,g_a,dpu,2186.82,2248.93
1,437,g_a_cpu,cpu,2248.93,2249.61
1,437,eb_enc,cpu,2249.61,2257.5
1,476,normalize,cpu,2258.2,2262.06
1,476,g_a_cpu,cpu,2262.07,2262.45
1,476,g_a,dpu,2262.46,2324.76
1,476,g_a,dpu,2324.76,2377.16
1,476,g_a_cpu,cpu,2377.16,2377.78
1,476,eb_enc,cpu,2377.79,2382.98
1,504,normalize,cpu,2383.54,2387.27
1,504,g_a_cpu,cpu,2387.28,2387.88
1,504,g_a,dpu,2387.89,2438.5
1,504,g_a,dpu,2438.5,2561.45
1,504,g_a_cpu,cpu,2561.45,2561.89
1,504,eb_enc,cpu,2561.89,2566.89
1,544,normalize,cpu,2567.66,2571.34
1,544,g_a_cpu,cpu,2571.35,2571.76
1,544,g_a,dpu,2571.77,2652.23
1,544,g_a,dpu,2652.23,2657.42
1,544,g_a_cpu,cpu,2657.42,2657.76
1,544,eb_enc,cpu,2657.76,2662.69
1,566,normalize,cpu,2663.6,2667.4
1,566,g_a_cpu,cpu,2667.4,2667.78
1,566,g_a,dpu,2667.78,2722.86
1,566,g_a,dpu,2722.86,2796.08
1,566,g_a_cpu,cpu,2796.08,2796.9
1,566,eb_enc,cpu,2796.91,2803.84
1,595,normalize,cpu,2804.58,2808.41
1,595,g_a_cpu,cpu,2808.42,2809.02
1,595,g_a,dpu,2809.03,2927.02
1,595,g_a,dpu,2927.02,2932.47
1,595,g_a_cpu,cpu,2932.47,2932.85
1,595,eb_enc,cpu,2932.85,2937.92
1,628,normalize,cpu,2938.47,2942.26
1,628,g_a_cpu,cpu,2942.26,2942.69
1,628,g_a,dpu,2942.69,3014.04
1,628,g_a,dpu,3014.04,3061.08
1,628,g_a_cpu,cpu,3061.08,3062.16
1,628,eb_enc,cpu,3062.17,3067.51
1,654,normalize,cpu,3068.14,3072.02
1,654,g_a_cpu,cpu,3072.02,3072.47
1,654,g_a,dpu,3072.47,3082.67
1,654,g_a,dpu,3082.69,3140.69
1,654,g_a_cpu,cpu,3140.69,3141.18
1,654,eb_enc,cpu,3141.19,3146.79
1,673,normalize,cpu,3147.64,3151.97
1,673,g_a_cpu,cpu,3151.97,3152.45
1,673,g_a,dpu,3152.46,3281.65
1,673,g_a,dpu,3281.65,3286.98
1,673,g_a_cpu,cpu,3286.99,3287.42
1,673,eb_enc,cpu,3287.42,3292.94
1,704,normalize,cpu,3293.92,3297.73
1,704,g_a_cpu,cpu,3297.73,3298.36
1,704,g_a,dpu,3298.37,3361.19
1,704,g_a,dpu,3361.19,3366.62
1,704,g_a_cpu,cpu,3366.62,3367.13
1,704,eb_enc,cpu,3367.13,3372.26
1,722,normalize,cpu,3373.14,3376.96
1,722,g_a_cpu,cpu,3376.96,3377.6
1,722,g_a,dpu,3377.61,3433.9
1,722,g_a,dpu,3433.91,3439.29
1,722,g_a_cpu,cpu,3439.29,3440.08
1,722,eb_enc,cpu,3440.08,3445.99
1,738,normalize,cpu,3447.13,3454.41
1,738,g_a_cpu,cpu,3454.41,3454.96
1,738,g_a,dpu,3454.97,3563.9
1,738,g_a,dpu,3563.9,3630.33
1,738,g_a_cpu,cpu,3630.33,3630.87
1,738,eb_enc,cpu,3630.87,3636.36
1,778,normalize,cpu,3637.12,3640.78
1,778,g_a_cpu,cpu,3640.79,3642.08
1,778,g_a,dpu,3642.09,3707.49
1,778,g_a,dpu,3707.49,3774.59
1,778,g_a_cpu,cpu,3774.59,3775.19
1,778,eb_enc,cpu,3775.2,3780.43
1,809,normalize,cpu,3781.18,3784.91
1,809,g_a_cpu,cpu,3784.92,3785.48
1,809,g_a,dpu,3785.48,3790.75
1,809,g_a,dpu,3790.75,3901.35
1,809,g_a_cpu,cpu,3901.35,3901.74
1,809,eb_enc,cpu,3901.74,3906.76
1,835,normalize,cpu,3907.39,3911.13
1,835,g_a_cpu,cpu,3911.13,3911.48
1,835,g_a,dpu,3911.48,3977.11
1,835,g_a,dpu,3977.11,4043.1
1,835,g_a_cpu,cpu,4043.1,4043.84
1,835,eb_enc,cpu,4043.84,4048.82
1,867,normalize,cpu,4049.4,4053.1
1,867,g_a_cpu,cpu,4053.11,4053.68
1,867,g_a,dpu,4053.68,4102.69
1,867,g_a,dpu,4102.69,4153.84
1,867,g_a_cpu,cpu,4153.84,4154.36
1,867,eb_enc,cpu,4154.36,4159.6
1,893,normalize,cpu,4160.46,4164.21
1,893,g_a_cpu,cpu,4164.22,4164.97
1,893,g_a,dpu,4164.97,4230.2
1,893,g_a,dpu,4230.21,4287.12
1,893,g_a_cpu,cpu,4287.12,4287.53
1,893,eb_enc,cpu,4287.53,4292.65
1,922,normalize,cpu,4293.22,4297.76
1,922,g_a_cpu,cpu,4297.76,4298.12
1,922,g_a,dpu,4298.12,4358.07
1,922,g_a,dpu,4358.07,4366.34
1,922,g_a_cpu,cpu,4366.34,4366.89
1,922,eb_enc,cpu,4366.9,4371.83
2,22,normalize,cpu,102.194,105.911
2,22,g_a_cpu,cpu,123.617,124.214
2,22,g_a,dpu,124.22,143.483
2,22,g_a,dpu,143.489,150.434
2,22,g_a_cpu,cpu,150.435,150.874
2,22,eb_enc,cpu,150.881,160.872
2,35,normalize,cpu,162.203,168.969
2,35,g_a_cpu,cpu,168.977,169.792
2,35,g_a,dpu,169.795,228.176
2,35,g_a,dpu,228.183,234.075
2,35,g_a_cpu,cpu,234.077,234.48
2,35,eb_enc,cpu,234.482,239.234
2,49,normalize,cpu,239.648,249.068
2,49,g_a_cpu,cpu,249.071,249.502
2,49,g_a,dpu,249.506,453.729
2,49,g_a,dpu,453.731,519.173
2,49,g_a_cpu,cpu,519.175,519.784
2,49,eb_enc,cpu,519.801,524.887
2,113,normalize,cpu,537.865,541.714
2,113,g_a_cpu,cpu,541.719,542.178
2,113,g_a,dpu,542.182,593.848
2,113,g_a,dpu,593.85,663.326
2,113,g_a_cpu,cpu,663.328,663.678
2,113,eb_enc,cpu,663.681,668.763
2,138,normalize,cpu,669.314,673.064
2,138,g_a_cpu,cpu,673.071,673.564
2,138,g_a,dpu,673.566,824.881
2,138,g_a,dpu,824.882,830.246
2,138,g_a_cpu,cpu,830.248,830.724
2,138,eb_enc,cpu,830.726,835.796
2,172,normalize,cpu,836.575,846.847
2,172,g_a_cpu,cpu,846.852,847.584
2,172,g_a,dpu,847.587,918.443
2,172,g_a,dpu,918.458,1110.35
2,172,g_a_cpu,cpu,1110.35,1110.92
2,172,eb_enc,cpu,1110.92,1117.52
2,238,normalize,cpu,1150.01,1153.71
2,238,g_a_cpu,cpu,1153.72,1154.3
2,238,g_a,dpu,1154.31,1226.91
2,238,g_a,dpu,1226.92,1287.84
2,238,g_a_cpu,cpu,1287.84,1288.42
2,238,eb_enc,cpu,1288.42,1293.24
2,269,normalize,cpu,1294.04,1297.67
2,269,g_a_cpu,cpu,1297.68,1299.47
2,269,g_a,dpu,1299.47,1432.38
2,269,g_a,dpu,1432.38,1513.55
2,269,g_a_cpu,cpu,1513.55,1514.16
2,269,eb_enc,cpu,1514.16,1519.41
2,316,normalize,cpu,1520.34,1524.25
2,316,g_a_cpu,cpu,1524.25,1525.06
2,316,g_a,dpu,1525.07,1591.73
2,316,g_a,dpu,1591.73,1598
2,316,g_a_cpu,cpu,1598.01,1598.53
2,316,eb_enc,cpu,1598.53,1603.51
2,335,normalize,cpu,1604.44,1608.22
2,335,g_a_cpu,cpu,1608.23,1609.13
2,335,g_a,dpu,1609.13,1673.15
2,335,g_a,dpu,1673.15,1683.8
2,335,g_a_cpu,cpu,1683.8,1684.4
2,335,eb_enc,cpu,1684.4,1689.47
2,354,normalize,cpu,1690.12,1693.9
2,354,g_a_cpu,cpu,1693.91,1694.77
2,354,g_a,dpu,1694.77,1827.01
2,354,g_a,dpu,1827.01,1882.22
2,354,g_a_cpu,cpu,1882.22,1882.63
2,354,eb_enc,cpu,1882.64,1887.51
2,398,normalize,cpu,1888.02,1891.82
2,398,g_a_cpu,cpu,1891.83,1892.2
2,398,g_a,dpu,1892.2,1977.14
2,398,g_a,dpu,1977.15,2031.44
2,398,g_a_cpu,cpu,2031.44,2031.94
2,398,eb_enc,cpu,2031.94,2039.06
2,428,normalize,cpu,2039.71,2043.5
2,428,g_a_cpu,cpu,2043.51,2044.01
2,428,g_a,dpu,2044.01,2102.74
2,428,g_a,dpu,2102.74,2271.66
2,428,g_a_cpu,cpu,2271.66,2272.3
2,428,eb_enc,cpu,2272.3,2277.32
2,483,normalize,cpu,2288.6,2292.32
2,483,g_a_cpu,cpu,2292.33,2292.73
2,483,g_a,dpu,2292.73,2350.26
2,483,g_a,dpu,2350.26,2486.15
2,483,g_a_cpu,cpu,2486.15,2486.75
2,483,eb_enc,cpu,2486.75,2492.21
2,530,normalize,cpu,2493.37,2497.14
2,530,g_a_cpu,cpu,2497.15,2497.77
2,530,g_a,dpu,2497.78,2557.47
2,530,g_a,dpu,2557.47,2567.27
2,530,g_a_cpu,cpu,2567.27,2567.78
2,530,eb_enc,cpu,2567.79,2572.71
2,545,normalize,cpu,2573.61,2577.3
2,545,g_a_cpu,cpu,2577.31,2577.69
2,545,g_a,dpu,2577.69,2635.99
2,545,g_a,dpu,2636,2695.76
2,545,g_a_cpu,cpu,2695.76,2696.2
2,545,eb_enc,cpu,2696.2,2701.08
2,576,normalize,cpu,2701.57,2711.96
2,576,g_a_cpu,cpu,2711.96,2712.44
2,576,g_a,dpu,2712.44,2779.68
2,576,g_a,dpu,2779.68,2832.2
2,576,g_a_cpu,cpu,2832.21,2832.63
2,576,eb_enc,cpu,2832.64,2837.7
2,604,normalize,cpu,2838.75,2842.52
2,604,g_a_cpu,cpu,2842.53,2842.92
2,604,g_a,dpu,2842.93,2919.67
2,604,g_a,dpu,2919.67,2975.92
2,604,g_a_cpu,cpu,2975.93,2976.39
2,604,eb_enc,cpu,2976.39,2981.71
2,637,normalize,cpu,2987.54,3000
2,637,g_a_cpu,cpu,3000.01,3000.99
2,637,g_a,dpu,3000.99,3075.19
2,637,g_a,dpu,3075.2,3131.74
2,637,g_a_cpu,cpu,3131.74,3132.29
2,637,eb_enc,cpu,3132.29,3137.52
2,670,normalize,cpu,3138.37,3142.09
2,670,g_a_cpu,cpu,3142.1,3142.64
2,670,g_a,dpu,3142.65,3200.22
2,670,g_a,dpu,3200.23,3260.65
2,670,g_a_cpu,cpu,3260.66,3261.22
2,670,eb_enc,cpu,3261.22,3266.68
2,698,normalize,cpu,3267.48,3271.31
2,698,g_a_cpu,cpu,3271.32,3271.78
2,698,g_a,dpu,3271.78,3367.59
2,698,g_a,dpu,3367.59,3425.26
2,698,g_a_cpu,cpu,3425.26,3425.86
2,698,eb_enc,cpu,3425.86,3432.11
2,733,normalize,cpu,3432.79,3441.71
2,733,g_a_cpu,cpu,3441.71,3442.37
2,733,g_a,dpu,3442.38,3528.97
2,733,g_a,dpu,3528.99,3535.62
2,733,g_a_cpu,cpu,3535.62,3536.23
2,733,eb_enc,cpu,3536.24,3542.43
2,758,normalize,cpu,3542.92,3546.65
2,758,g_a_cpu,cpu,3546.66,3547.17
2,758,g_a,dpu,3547.17,3695.36
2,758,g_a,dpu,3695.36,3757.02
2,758,g_a_cpu,cpu,3757.02,3757.42
2,758,eb_enc,cpu,3757.42,3763.41
2,805,normalize,cpu,3764.09,3768.04
2,805,g_a_cpu,cpu,3768.05,3768.4
2,805,g_a,dpu,3768.41,3854.99
2,805,g_a,dpu,3854.99,3993.7
2,805,g_a_cpu,cpu,3993.7,3994.1
2,805,eb_enc,cpu,3994.1,3999.02
2,855,normalize,cpu,3999.59,4003.29
2,855,g_a_cpu,cpu,4003.29,4003.64
2,855,g_a,dpu,4003.64,4080.06
2,855,g_a,dpu,4080.06,4146.54
2,855,g_a_cpu,cpu,4146.55,4147.08
2,855,eb_enc,cpu,4147.08,4152.08
2,890,normalize,cpu,4152.81,4164.17
2,890,g_a_cpu,cpu,4164.17,4164.93
2,890,g_a,dpu,4164.94,4227.45
2,890,g_a,dpu,4227.45,4234.9
2,890,g_a_cpu,cpu,4234.9,4235.54
2,890,eb_enc,cpu,4235.54,4241.23
2,910,normalize,cpu,4242.07,4246.67
2,910,g_a_cpu,cpu,4246.68,4247.35
2,910,g_a,dpu,4247.35,4327.13
2,910,g_a,dpu,4327.13,4332.77
2,910,g_a_cpu,cpu,4332.77,4333.18
2,910,eb_enc,cpu,4333.18,4338.05
3,26,normalize,cpu,107.792,111.459
3,26,g_a_cpu,cpu,111.563,112.008
3,26,g_a,dpu,112.018,149.563
3,26,g_a,dpu,149.572,206.34
3,26,g_a_cpu,cpu,206.342,207.178
3,26,eb_enc,cpu,207.192,250.803
3,51,normalize,cpu,251.316,255.651
3,51,g_a_cpu,cpu,255.656,256.001
3,51,g_a,dpu,256.006,315.678
3,51,g_a,dpu,315.691,366.298
3,51,g_a_cpu,cpu,366.302,366.79
3,51,eb_enc,cpu,366.794,371.876
3,79,normalize,cpu,372.515,376.653
3,79,g_a_cpu,cpu,376.668,377.421
3,79,g_a,dpu,377.433,483.554
3,79,g_a,dpu,483.556,488.824
3,79,g_a_cpu,cpu,488.825,489.538
3,79,eb_enc,cpu,489.555,495.625
3,102,normalize,cpu,496.145,499.883
3,102,g_a_cpu,cpu,499.885,500.292
3,102,g_a,dpu,500.296,562.66
3,102,g_a,dpu,562.662,567.911
3,102,g_a_cpu,cpu,567.913,568.528
3,102,eb_enc,cpu,568.531,574.758
3,120,normalize,cpu,575.557,579.235
3,120,g_a_cpu,cpu,579.24,579.616
3,120,g_a,dpu,579.619,702.897
3,120,g_a,dpu,702.899,708.213
3,120,g_a_cpu,cpu,708.215,708.659
3,120,eb_enc,cpu,708.661,713.612
3,148,normalize,cpu,714.127,717.859
3,148,g_a_cpu,cpu,717.865,718.332
3,148,g_a,dpu,718.335,776.72
3,148,g_a,dpu,776.728,833.153
3,148,g_a_cpu,cpu,833.154,833.635
3,148,eb_enc,cpu,833.637,838.861
3,173,normalize,cpu,839.885,843.615
3,173,g_a_cpu,cpu,843.62,844.256
3,173,g_a,dpu,844.261,923.207
3,173,g_a,dpu,923.208,981.588
3,173,g_a_cpu,cpu,981.589,981.909
3,173,eb_enc,cpu,981.91,987.054
3,205,normalize,cpu,987.91,992.335
3,205,g_a_cpu,cpu,992.34,993.022
3,205,g_a,dpu,993.025,1061.17
3,205,g_a,dpu,1061.17,1119.9
3,205,g_a_cpu,cpu,1119.9,1120.41
3,205,eb_enc,cpu,1120.41,1130.67
3,234,normalize,cpu,1137.36,1174.25
3,234,g_a_cpu,cpu,1174.25,1174.61
3,234,g_a,dpu,1174.61,1235.41
3,234,g_a,dpu,1235.41,1358.87
3,234,g_a_cpu,cpu,1358.87,1359.36
3,234,eb_enc,cpu,1359.37,1364.36
3,284,normalize,cpu,1364.97,1368.75
3,284,g_a_cpu,cpu,1368.75,1369.3
3,284,g_a,dpu,1369.3,1459.09
3,284,g_a,dpu,1459.09,1517.12
3,284,g_a_cpu,cpu,1517.12,1517.68
3,284,eb_enc,cpu,1517.69,1522.94
3,317,normalize,cpu,1523.55,1527.28
3,317,g_a_cpu,cpu,1527.29,1527.73
3,317,g_a,dpu,1527.74,1639.27
3,317,g_a,dpu,1639.27,1809.21
3,317,g_a_cpu,cpu,1809.21,1809.77
3,317,eb_enc,cpu,1809.78,1814.81
3,380,normalize,cpu,1815.4,1819.17
3,380,g_a_cpu,cpu,1819.18,1819.7
3,380,g_a,dpu,1819.71,1985.79
3,380,g_a,dpu,1985.79,1994.61
3,380,g_a_cpu,cpu,1994.61,1995.47
3,380,eb_enc,cpu,1995.48,2007.91
3,421,normalize,cpu,2008.58,2012.3
3,421,g_a_cpu,cpu,2012.31,2012.74
3,421,g_a,dpu,2012.75,2059.57
3,421,g_a,dpu,2059.57,2065.46
3,421,g_a_cpu,cpu,2065.46,2065.89
3,421,eb_enc,cpu,2065.89,2070.96
3,435,normalize,cpu,2071.89,2075.64
3,435,g_a_cpu,cpu,2075.64,2077.56
3,435,g_a,dpu,2077.57,2147.48
3,435,g_a,dpu,2147.49,2212.8
3,435,g_a_cpu,cpu,2212.81,2213.28
3,435,eb_enc,cpu,2213.28,2218.69
3,468,normalize,cpu,2219.41,2223.22
3,468,g_a_cpu,cpu,2223.23,2223.67
3,468,g_a,dpu,2223.68,2277.68
3,468,g_a,dpu,2277.68,2283.36
3,468,g_a_cpu,cpu,2283.36,2283.7
3,468,eb_enc,cpu,2283.7,2289.65
3,485,normalize,cpu,2290.36,2296.45
3,485,g_a_cpu,cpu,2296.45,2296.85
3,485,g_a,dpu,2296.85,2349.9
3,485,g_a,dpu,2349.9,2414.39
3,485,g_a_cpu,cpu,2414.39,2414.87
3,485,eb_enc,cpu,2414.87,2420.78
3,515,normalize,cpu,2421.46,2436.13
3,515,g_a_cpu,cpu,2436.13,2436.63
3,515,g_a,dpu,2436.64,2446.86
3,515,g_a,dpu,2446.86,2510.28
3,515,g_a_cpu,cpu,2510.28,2510.75
3,515,eb_enc,cpu,2510.75,2515.98
3,535,normalize,cpu,2516.58,2521.26
3,535,g_a_cpu,cpu,2521.27,2537.77
3,535,g_a,dpu,2537.78,2587.26
3,535,g_a,dpu,2587.26,2659.02
3,535,g_a_cpu,cpu,2659.02,2659.59
3,535,eb_enc,cpu,2659.6,2664.84
3,567,normalize,cpu,2665.61,2670.05
3,567,g_a_cpu,cpu,2670.06,2675.23
3,567,g_a,dpu,2675.23,2746.21
3,567,g_a,dpu,2746.21,2800.63
3,567,g_a_cpu,cpu,2800.63,2801.16
3,567,eb_enc,cpu,2801.17,2813.1
3,598,normalize,cpu,2814,2847.64
3,598,g_a_cpu,cpu,2847.64,2848.03
3,598,g_a,dpu,2848.03,2944.62
3,598,g_a,dpu,2944.62,2949.91
3,598,g_a_cpu,cpu,2949.91,2950.49
3,598,eb_enc,cpu,2950.49,2957.19
3,631,normalize,cpu,2957.82,2967.48
3,631,g_a_cpu,cpu,2967.48,2967.93
3,631,g_a,dpu,2967.93,3027.06
3,631,g_a,dpu,3027.06,3095.19
3,631,g_a_cpu,cpu,3095.19,3095.77
3,631,eb_enc,cpu,3095.77,3100.86
3,662,normalize,cpu,3101.72,3105.45
3,662,g_a_cpu,cpu,3105.46,3106.18
3,662,g_a,dpu,3106.19,3166.71
3,662,g_a,dpu,3166.71,3178.25
3,662,g_a_cpu,cpu,3178.25,3178.99
3,662,eb_enc,cpu,3178.99,3189.55
3,682,normalize,cpu,3190.26,3193.89
3,682,g_a_cpu,cpu,3193.89,3194.34
3,682,g_a,dpu,3194.34,3200.9
3,682,g_a,dpu,3200.9,3306.36
3,682,g_a_cpu,cpu,3306.36,3307.1
3,682,eb_enc,cpu,3307.11,3312.16
3,707,normalize,cpu,3312.73,3316.49
3,707,g_a_cpu,cpu,3316.49,3316.91
3,707,g_a,dpu,3316.91,3322.51
3,707,g_a,dpu,3326.02,3386.85
3,707,g_a_cpu,cpu,3386.86,3387.67
3,707,eb_enc,cpu,3387.67,3392.96
3,725,normalize,cpu,3393.64,3397.38
3,725,g_a_cpu,cpu,3397.38,3398.59
3,725,g_a,dpu,3398.6,3453.89
3,725,g_a,dpu,3453.89,3459.09
3,725,g_a_cpu,cpu,3459.09,3459.45
3,725,eb_enc,cpu,3459.45,3464.96
3,742,normalize,cpu,3465.8,3474.97
3,742,g_a_cpu,cpu,3474.98,3475.37
3,742,g_a,dpu,3475.37,3513.41
3,742,g_a,dpu,3513.41,3582.37
3,742,g_a_cpu,cpu,3582.37,3582.78
3,742,eb_enc,cpu,3582.78,3588.01
3,768,normalize,cpu,3588.57,3592.36
3,768,g_a_cpu,cpu,3592.36,3592.77
3,768,g_a,dpu,3592.77,3698.75
3,768,g_a,dpu,3698.75,3704.84
3,768,g_a_cpu,cpu,3704.85,3705.55
3,768,eb_enc,cpu,3705.56,3711.04
3,793,normalize,cpu,3711.8,3715.67
3,793,g_a_cpu,cpu,3715.67,3716.15
3,793,g_a,dpu,3716.16,3778.8
3,793,g_a,dpu,3778.81,3784.21
3,793,g_a_cpu,cpu,3784.21,3784.83
3,793,eb_enc,cpu,3784.84,3789.88
3,810,normalize,cpu,3790.81,3794.58
3,810,g_a_cpu,cpu,3794.59,3794.92
3,810,g_a,dpu,3794.92,3856.56
3,810,g_a,dpu,3856.57,3972.94
3,810,g_a_cpu,cpu,3972.94,3973.35
3,810,eb_enc,cpu,3973.35,3978.55
3,851,normalize,cpu,3979.4,3983.08
3,851,g_a_cpu,cpu,3983.09,3983.48
3,851,g_a,dpu,3983.48,4058.92
3,851,g_a,dpu,4058.93,4107.38
3,851,g_a_cpu,cpu,4107.38,4107.89
3,851,eb_enc,cpu,4107.89,4112.88
3,881,normalize,cpu,4113.52,4117.37
3,881,g_a_cpu,cpu,4117.37,4118
3,881,g_a,dpu,4118.01,4173.61
3,881,g_a,dpu,4173.62,4231.5
3,881,g_a_cpu,cpu,4231.5,4231.88
3,881,eb_enc,cpu,4231.88,4237.24
3,909,normalize,cpu,4238.03,4241.73
3,909,g_a_cpu,cpu,4241.74,4242.32
3,909,g_a,dpu,4242.32,4319.11
3,909,g_a,dpu,4319.12,4372.44
3,909,g_a_cpu,cpu,4372.44,4373.1
3,909,eb_enc,cpu,4373.1,4378.32
4,3,normalize,cpu,70.7112,91.5922
4,3,g_a_cpu,cpu,91.7505,92.1565
4,3,g_a,dpu,92.1626,120.467
4,3,g_a,dpu,120.475,203.781
4,3,g_a_cpu,cpu,203.783,204.392
4,3,eb_enc,cpu,204.401,217.14
4,46,normalize,cpu,217.516,222.106
4,46,g_a_cpu,cpu,222.108,222.847
4,46,g_a,dpu,222.849,354.28
4,46,g_a,dpu,354.294,420.492
4,46,g_a_cpu,cpu,420.493,420.96
4,46,eb_enc,cpu,420.962,434.893
4,91,normalize,cpu,435.684,450.884
4,91,g_a_cpu,cpu,450.89,452.537
4,91,g_a,dpu,452.545,669.541
4,91,g_a,dpu,669.543,674.777
4,91,g_a_cpu,cpu,674.779,675.211
4,91,eb_enc,cpu,675.219,683.716
4,141,normalize,cpu,684.273,687.921
4,141,g_a_cpu,cpu,687.924,688.327
4,141,g_a,dpu,688.332,694.396
4,141,g_a,dpu,694.398,755.925
4,141,g_a_cpu,cpu,755.926,756.383
4,141,eb_enc,cpu,756.385,761.287
4,158,normalize,cpu,762.01,765.642
4,158,g_a_cpu,cpu,765.648,766.479
4,158,g_a,dpu,766.485,833.121
4,158,g_a,dpu,833.123,838.713
4,158,g_a_cpu,cpu,838.719,839.409
4,158,eb_enc,cpu,839.411,846.371
4,175,normalize,cpu,847.47,852.497
4,175,g_a_cpu,cpu,852.502,854.077
4,175,g_a,dpu,854.087,926.325
4,175,g_a,dpu,926.338,1056.49
4,175,g_a_cpu,cpu,1056.49,1057
4,175,eb_enc,cpu,1057.01,1062.39
4,220,normalize,cpu,1062.91,1068.18
4,220,g_a_cpu,cpu,1068.19,1068.57
4,220,g_a,dpu,1068.57,1131.48
4,220,g_a,dpu,1131.48,1227.88
4,220,g_a_cpu,cpu,1227.89,1228.34
4,220,eb_enc,cpu,1228.34,1233.54
4,255,normalize,cpu,1234.47,1238.33
4,255,g_a_cpu,cpu,1238.33,1238.75
4,255,g_a,dpu,1238.76,1294.89
4,255,g_a,dpu,1294.89,1350.13
4,255,g_a_cpu,cpu,1350.13,1350.54
4,255,eb_enc,cpu,1350.54,1356.31
4,283,normalize,cpu,1357.18,1361.02
4,283,g_a_cpu,cpu,1361.03,1361.57
4,283,g_a,dpu,1361.58,1425.66
4,283,g_a,dpu,1425.67,1490.23
4,283,g_a_cpu,cpu,1490.23,1490.62
4,283,eb_enc,cpu,1490.62,1502.51
4,312,normalize,cpu,1503.27,1508.49
4,312,g_a_cpu,cpu,1508.49,1509.25
4,312,g_a,dpu,1509.25,1556.59
4,312,g_a,dpu,1556.59,1562.49
4,312,g_a_cpu,cpu,1562.49,1562.96
4,312,eb_enc,cpu,1562.96,1573.82
4,328,normalize,cpu,1574.53,1585.82
4,328,g_a_cpu,cpu,1585.83,1586.47
4,328,g_a,dpu,1586.47,1695.1
4,328,g_a,dpu,1695.1,1838.08
4,328,g_a_cpu,cpu,1838.08,1838.79
4,328,eb_enc,cpu,1838.81,1844.11
4,387,normalize,cpu,1845.35,1849.11
4,387,g_a_cpu,cpu,1849.11,1849.53
4,387,g_a,dpu,1849.53,1923.18
4,387,g_a,dpu,1923.18,1999.57
4,387,g_a_cpu,cpu,1999.57,2000.07
4,387,eb_enc,cpu,2000.08,2005.24
4,420,normalize,cpu,2007.87,2013.57
4,420,g_a_cpu,cpu,2013.58,2014.1
4,420,g_a,dpu,2014.1,2069.3
4,420,g_a,dpu,2069.3,2129.43
4,420,g_a_cpu,cpu,2129.43,2129.9
4,420,eb_enc,cpu,2129.9,2134.84
4,451,normalize,cpu,2135.84,2139.6
4,451,g_a_cpu,cpu,2139.6,2140.2
4,451,g_a,dpu,2140.2,2202.28
4,451,g_a,dpu,2202.28,2263.2
4,451,g_a_cpu,cpu,2263.2,2263.75
4,451,eb_enc,cpu,2263.75,2269.42
4,480,normalize,cpu,2270.15,2285.8
4,480,g_a_cpu,cpu,2285.8,2286.35
4,480,g_a,dpu,2286.36,2340.43
4,480,g_a,dpu,2340.43,2400.33
4,480,g_a_cpu,cpu,2400.33,2400.9
4,480,eb_enc,cpu,2400.9,2405.98
4,510,normalize,cpu,2406.63,2410.46
4,510,g_a_cpu,cpu,2410.47,2411.23
4,510,g_a,dpu,2411.24,2467.78
4,510,g_a,dpu,2467.78,2473.33
4,510,g_a_cpu,cpu,2473.34,2473.92
4,510,eb_enc,cpu,2473.93,2478.95
4,527,normalize,cpu,2479.56,2483.42
4,527,g_a_cpu,cpu,2483.42,2484.12
4,527,g_a,dpu,2484.13,2556.86
4,527,g_a,dpu,2556.86,2621.82
4,527,g_a_cpu,cpu,2621.82,2622.25
4,527,eb_enc,cpu,2622.25,2627.56
4,558,normalize,cpu,2628.36,2632.16
4,558,g_a_cpu,cpu,2632.17,2632.56
4,558,g_a,dpu,2632.56,2694.4
4,558,g_a,dpu,2694.4,2702.44
4,558,g_a_cpu,cpu,2702.44,2703.42
4,558,eb_enc,cpu,2703.43,2709.36
4,578,normalize,cpu,2709.91,2713.57
4,578,g_a_cpu,cpu,2713.58,2714.14
4,578,g_a,dpu,2714.15,2774.26
4,578,g_a,dpu,2774.26,2783.22
4,578,g_a_cpu,cpu,2783.23,2783.77
4,578,eb_enc,cpu,2783.78,2789.06
4,593,normalize,cpu,2789.83,2793.79
4,593,g_a_cpu,cpu,2793.8,2794.6
4,593,g_a,dpu,2794.61,2856.55
4,593,g_a,dpu,2856.55,2916.02
4,593,g_a_cpu,cpu,2916.02,2916.52
4,593,eb_enc,cpu,2916.52,2921.64
4,625,normalize,cpu,2922.48,2926.26
4,625,g_a_cpu,cpu,2926.27,2927.71
4,625,g_a,dpu,2927.72,2977.71
4,625,g_a,dpu,2977.71,2983.11
4,625,g_a_cpu,cpu,2983.12,2983.86
4,625,eb_enc,cpu,2983.86,2990.59
4,639,normalize,cpu,2991.53,2995.34
4,639,g_a_cpu,cpu,2995.35,2996.09
4,639,g_a,dpu,2996.1,3097.47
4,639,g_a,dpu,3097.48,3153.26
4,639,g_a_cpu,cpu,3153.26,3153.66
4,639,eb_enc,cpu,3153.66,3159.36
4,677,normalize,cpu,3159.9,3164.13
4,677,g_a_cpu,cpu,3164.14,3164.57
4,677,g_a,dpu,3164.58,3234.77
4,677,g_a,dpu,3234.77,3302.98
4,677,g_a_cpu,cpu,3302.98,3303.64
4,677,eb_enc,cpu,3303.64,3308.95
4,706,normalize,cpu,3309.55,3313.3
4,706,g_a_cpu,cpu,3313.3,3313.7
4,706,g_a,dpu,3313.71,3418.93
4,706,g_a,dpu,3418.93,3487.14
4,706,g_a_cpu,cpu,3487.14,3487.51
4,706,eb_enc,cpu,3487.52,3492.37
4,749,normalize,cpu,3492.87,3496.6
4,749,g_a_cpu,cpu,3496.61,3497.08
4,749,g_a,dpu,3497.09,3559.08
4,749,g_a,dpu,3559.08,3623.56
4,749,g_a_cpu,cpu,3623.56,3624.1
4,749,eb_enc,cpu,3624.1,3629.59
4,776,normalize,cpu,3630.43,3634.09
4,776,g_a_cpu,cpu,3634.09,3634.41
4,776,g_a,dpu,3634.42,3694.77
4,776,g_a,dpu,3694.78,3766.85
4,776,g_a_cpu,cpu,3766.85,3767.4
4,776,eb_enc,cpu,3767.4,3772.42
4,807,normalize,cpu,3773.06,3782.89
4,807,g_a_cpu,cpu,3782.89,3783.34
4,807,g_a,dpu,3783.34,3841.07
4,807,g_a,dpu,3841.08,3896.63
4,807,g_a_cpu,cpu,3896.63,3897.07
4,807,eb_enc,cpu,3897.07,3902.14
4,834,normalize,cpu,3902.82,3906.54
4,834,g_a_cpu,cpu,3906.55,3906.99
4,834,g_a,dpu,3906.99,3963.62
4,834,g_a,dpu,3963.63,4087.28
4,834,g_a_cpu,cpu,4087.28,4087.74
4,834,eb_enc,cpu,4087.75,4095.02
4,875,normalize,cpu,4095.51,4103.37
4,875,g_a_cpu,cpu,4103.37,4106.79
4,875,g_a,dpu,4106.8,4159.32
4,875,g_a,dpu,4159.32,4217.74
4,875,g_a_cpu,cpu,4217.74,4218.29
4,875,eb_enc,cpu,4218.29,4224.23
4,906,normalize,cpu,4224.73,4229.85
4,906,g_a_cpu,cpu,4229.85,4234.1
4,906,g_a,dpu,4234.11,4294.74
4,906,g_a,dpu,4294.74,4353.23
4,906,g_a_cpu,cpu,4353.23,4353.74
4,906,eb_enc,cpu,4353.75,4358.99
5,28,normalize,cpu,112.216,115.95
5,28,g_a_cpu,cpu,121.931,122.505
5,28,g_a,dpu,122.509,223.139
5,28,g_a,dpu,223.143,296.996
5,28,g_a_cpu,cpu,296.998,297.611
5,28,eb_enc,cpu,297.62,311.752
5,68,normalize,cpu,312.445,331.533
5,68,g_a_cpu,cpu,331.535,331.913
5,68,g_a,dpu,331.915,418.123
5,68,g_a,dpu,418.127,552.924
5,68,g_a_cpu,cpu,552.928,553.51
5,68,eb_enc,cpu,553.512,559.059
5,118,normalize,cpu,559.685,564.142
5,118,g_a_cpu,cpu,564.145,564.707
5,118,g_a,dpu,564.711,703.389
5,118,g_a,dpu,703.391,776.376
5,118,g_a_cpu,cpu,776.377,776.94
5,118,eb_enc,cpu,776.959,782.096
5,161,normalize,cpu,783.129,786.843
5,161,g_a_cpu,cpu,786.848,787.258
5,161,g_a,dpu,787.262,855.953
5,161,g_a,dpu,855.956,924.199
5,161,g_a_cpu,cpu,924.201,924.892
5,161,eb_enc,cpu,924.895,929.989
5,191,normalize,cpu,930.69,934.406
5,191,g_a_cpu,cpu,934.409,935.002
5,191,g_a,dpu,935.005,1072.23
5,191,g_a,dpu,1072.24,1151.39
5,191,g_a_cpu,cpu,1151.4,1152.22
5,191,eb_enc,cpu,1152.23,1167.5
5,242,normalize,cpu,1168.09,1172.51
5,242,g_a_cpu,cpu,1172.52,1173.07
5,242,g_a,dpu,1173.07,1244.99
5,242,g_a,dpu,1245,1298.01
5,242,g_a_cpu,cpu,1298.01,1298.59
5,242,eb_enc,cpu,1298.59,1303.62
5,270,normalize,cpu,1304.38,1308.09
5,270,g_a_cpu,cpu,1308.09,1308.55
5,270,g_a,dpu,1308.55,1368.79
5,270,g_a,dpu,1368.8,1449.24
5,270,g_a_cpu,cpu,1449.24,1449.8
5,270,eb_enc,cpu,1449.81,1455.65
5,302,normalize,cpu,1456.49,1466.12
5,302,g_a_cpu,cpu,1466.13,1475.89
5,302,g_a,dpu,1475.89,1530.37
5,302,g_a,dpu,1530.37,1535.96
5,302,g_a_cpu,cpu,1535.97,1536.64
5,302,eb_enc,cpu,1536.64,1541.63
5,321,normalize,cpu,1542.27,1546.06
5,321,g_a_cpu,cpu,1546.06,1546.73
5,321,g_a,dpu,1546.73,1614.27
5,321,g_a,dpu,1614.27,1620.13
5,321,g_a_cpu,cpu,1620.13,1620.75
5,321,eb_enc,cpu,1620.76,1626.23
5,340,normalize,cpu,1627.14,1630.81
5,340,g_a_cpu,cpu,1630.81,1631.28
5,340,g_a,dpu,1631.28,1696.75
5,340,g_a,dpu,1696.75,1771.45
5,340,g_a_cpu,cpu,1771.45,1771.93
5,340,eb_enc,cpu,1771.93,1776.87
5,371,normalize,cpu,1777.46,1781.21
5,371,g_a_cpu,cpu,1781.21,1781.49
5,371,g_a,dpu,1781.5,1842.3
5,371,g_a,dpu,1842.31,1904.36
5,371,g_a_cpu,cpu,1904.36,1904.75
5,371,eb_enc,cpu,1904.76,1909.85
5,402,normalize,cpu,1910.69,1914.47
5,402,g_a_cpu,cpu,1914.47,1914.96
5,402,g_a,dpu,1914.96,2087.53
5,402,g_a,dpu,2087.53,2093.2
5,402,g_a_cpu,cpu,2093.2,2093.63
5,402,eb_enc,cpu,2093.64,2107.08
5,445,normalize,cpu,2108.03,2111.72
5,445,g_a_cpu,cpu,2111.73,2112.13
5,445,g_a,dpu,2112.14,2172.06
5,445,g_a,dpu,2172.06,2293.03
5,445,g_a_cpu,cpu,2293.03,2293.46
5,445,eb_enc,cpu,2293.46,2298.48
5,488,normalize,cpu,2298.97,2303.43
5,488,g_a_cpu,cpu,2303.44,2303.84
5,488,g_a,dpu,2303.84,2363.16
5,488,g_a,dpu,2363.16,2435.74
5,488,g_a_cpu,cpu,2435.74,2436.2
5,488,eb_enc,cpu,2436.2,2441.13
5,520,normalize,cpu,2441.58,2445.31
5,520,g_a_cpu,cpu,2445.31,2445.86
5,520,g_a,dpu,2445.86,2621.1
5,520,g_a,dpu,2621.11,2684.43
5,520,g_a_cpu,cpu,2684.43,2685.17
5,520,eb_enc,cpu,2685.18,2690.73
5,577,normalize,cpu,2703.55,2707.24
5,577,g_a_cpu,cpu,2707.24,2707.88
5,577,g_a,dpu,2707.88,2821.74
5,577,g_a,dpu,2821.74,2890.12
5,577,g_a_cpu,cpu,2890.13,2890.69
5,577,eb_enc,cpu,2890.69,2895.7
5,618,normalize,cpu,2896.25,2900.03
5,618,g_a_cpu,cpu,2900.03,2900.71
5,618,g_a,dpu,2900.71,3022.43
5,618,g_a,dpu,3022.44,3028.72
5,618,g_a_cpu,cpu,3028.72,3029.23
5,618,eb_enc,cpu,3029.23,3034.56
5,647,normalize,cpu,3035.25,3039.07
5,647,g_a_cpu,cpu,3039.08,3039.58
5,647,g_a,dpu,3039.59,3109.52
5,647,g_a,dpu,3109.52,3173.59
5,647,g_a_cpu,cpu,3173.59,3173.94
5,647,eb_enc,cpu,3173.94,3184.67
5,681,normalize,cpu,3185.29,3188.96
5,681,g_a_cpu,cpu,3188.97,3195.17
5,681,g_a,dpu,3195.18,3323.49
5,681,g_a,dpu,3323.49,3466.44
5,681,g_a_cpu,cpu,3466.44,3466.88
5,681,eb_enc,cpu,3466.89,3471.76
5,744,normalize,cpu,3472.53,3476.19
5,744,g_a_cpu,cpu,3476.2,3476.78
5,744,g_a,dpu,3476.78,3488.98
5,744,g_a,dpu,3488.98,3579.47
5,744,g_a_cpu,cpu,3579.47,3579.9
5,744,eb_enc,cpu,3579.91,3584.77
5,766,normalize,cpu,3585.28,3593.13
5,766,g_a_cpu,cpu,3593.13,3593.6
5,766,g_a,dpu,3593.6,3667.87
5,766,g_a,dpu,3667.87,3739.85
5,766,g_a_cpu,cpu,3739.85,3740.33
5,766,eb_enc,cpu,3740.33,3745.57
5,800,normalize,cpu,3746.21,3750.02
5,800,g_a_cpu,cpu,3750.03,3750.43
5,800,g_a,dpu,3750.44,3808.78
5,800,g_a,dpu,3808.79,3961.69
5,800,g_a_cpu,cpu,3961.7,3962.19
5,800,eb_enc,cpu,3962.19,3967.04
5,849,normalize,cpu,3967.66,3971.43
5,849,g_a_cpu,cpu,3971.43,3971.9
5,849,g_a,dpu,3971.9,4038.34
5,849,g_a,dpu,4038.34,4103.58
5,849,g_a_cpu,cpu,4103.59,4104.22
5,849,eb_enc,cpu,4104.23,4111.86
5,880,normalize,cpu,4112.34,4116.17
5,880,g_a_cpu,cpu,4116.18,4116.77
5,880,g_a,dpu,4116.77,4187.11
5,880,g_a,dpu,4187.11,4250.98
5,880,g_a_cpu,cpu,4250.99,4251.59
5,880,eb_enc,cpu,4251.6,4256.49
5,913,normalize,cpu,4257.52,4261.19
5,913,g_a_cpu,cpu,4261.19,4261.75
5,913,g_a,dpu,4261.75,4343.28
5,913,g_a,dpu,4343.28,4424.49
5,913,g_a_cpu,cpu,4424.49,4424.85
5,913,eb_enc,cpu,4424.85,4429.59
6,2,normalize,cpu,66.6067,87.0217
6,2,g_a_cpu,cpu,87.117,87.4457
6,2,g_a,dpu,87.4726,106.339
6,2,g_a,dpu,106.348,114.055
6,2,g_a_cpu,cpu,114.056,114.649
6,2,eb_enc,cpu,114.656,155.334
6,33,normalize,cpu,156.381,168.908
6,33,g_a_cpu,cpu,168.914,169.719
6,33,g_a,dpu,169.729,229.901
6,33,g_a,dpu,229.907,242.181
6,33,g_a_cpu,cpu,242.185,242.69
6,33,eb_enc,cpu,242.692,248.138
6,50,normalize,cpu,248.859,253.118
6,50,g_a_cpu,cpu,253.122,253.513
6,50,g_a,dpu,253.517,311.021
6,50,g_a,dpu,311.024,348.128
6,50,g_a_cpu,cpu,348.13,348.591
6,50,eb_enc,cpu,348.601,353.484
6,76,normalize,cpu,356.663,361.748
6,76,g_a_cpu,cpu,361.759,362.816
6,76,g_a,dpu,362.82,429.719
6,76,g_a,dpu,429.722,435.198
6,76,g_a_cpu,cpu,435.201,435.758
6,76,eb_enc,cpu,435.761,442.119
6,92,normalize,cpu,443.225,454.218
6,92,g_a_cpu,cpu,454.223,454.89
6,92,g_a,dpu,454.895,510.226
6,92,g_a,dpu,510.228,637.544
6,92,g_a_cpu,cpu,637.546,637.935
6,92,eb_enc,cpu,637.938,642.954
6,133,normalize,cpu,645.072,649.522
6,133,g_a_cpu,cpu,649.531,650.155
6,133,g_a,dpu,650.159,715.408
6,133,g_a,dpu,715.416,720.759
6,133,g_a_cpu,cpu,720.761,721.172
6,133,eb_enc,cpu,721.174,725.936
6,151,normalize,cpu,727.554,731.474
6,151,g_a_cpu,cpu,731.48,732.384
6,151,g_a,dpu,732.387,800.57
6,151,g_a,dpu,800.572,805.634
6,151,g_a_cpu,cpu,805.636,806.208
6,151,eb_enc,cpu,806.211,816.562
6,169,normalize,cpu,817.097,821.871
6,169,g_a_cpu,cpu,821.878,822.355
6,169,g_a,dpu,822.358,828.014
6,169,g_a,dpu,828.016,1040.83
6,169,g_a_cpu,cpu,1040.83,1041.24
6,169,eb_enc,cpu,1041.24,1046.2
6,217,normalize,cpu,1046.79,1050.52
6,217,g_a_cpu,cpu,1050.52,1050.89
6,217,g_a,dpu,1050.89,1108.35
6,217,g_a,dpu,1108.35,1161.66
6,217,g_a_cpu,cpu,1161.66,1162.03
6,217,eb_enc,cpu,1162.03,1172.1
6,244,normalize,cpu,1172.79,1177.59
6,244,g_a_cpu,cpu,1177.59,1178.04
6,244,g_a,dpu,1178.04,1240.65
6,244,g_a,dpu,1240.65,1304.1
6,244,g_a_cpu,cpu,1304.1,1304.6
6,244,eb_enc,cpu,1304.6,1310.46
6,273,normalize,cpu,1311.22,1314.92
6,273,g_a_cpu,cpu,1314.93,1315.4
6,273,g_a,dpu,1315.41,1463.95
6,273,g_a,dpu,1463.95,1470.27
6,273,g_a_cpu,cpu,1470.28,1470.9
6,273,eb_enc,cpu,1470.92,1476.01
6,305,normalize,cpu,1477.13,1480.8
6,305,g_a_cpu,cpu,1480.81,1481.45
6,305,g_a,dpu,1481.46,1599.04
6,305,g_a,dpu,1599.04,1659.09
6,305,g_a_cpu,cpu,1659.09,1659.56
6,305,eb_enc,cpu,1659.57,1665.35
6,350,normalize,cpu,1666.09,1669.78
6,350,g_a_cpu,cpu,1669.78,1670.2
6,350,g_a,dpu,1670.21,1677.85
6,350,g_a,dpu,1677.85,1727.77
6,350,g_a_cpu,cpu,1727.78,1728.3
6,350,eb_enc,cpu,1728.3,1743.22
6,364,normalize,cpu,1754.56,1758.23
6,364,g_a_cpu,cpu,1758.24,1761.28
6,364,g_a,dpu,1761.29,1878.31
6,364,g_a,dpu,1878.31,1935.74
6,364,g_a_cpu,cpu,1935.74,1936.35
6,364,eb_enc,cpu,1936.36,1943.86
6,407,normalize,cpu,1945.03,1949.68
6,407,g_a_cpu,cpu,1949.69,1950.21
6,407,g_a,dpu,1950.21,1956.7
6,407,g_a,dpu,1956.71,1962.16
6,407,g_a_cpu,cpu,1962.16,1962.55
6,407,eb_enc,cpu,1962.55,1972.95
6,412,normalize,cpu,1974.33,1985.16
6,412,g_a_cpu,cpu,1985.16,1986.51
6,412,g_a,dpu,1986.51,2090.49
6,412,g_a,dpu,2090.49,2219.77
6,412,g_a_cpu,cpu,2219.77,2220.15
6,412,eb_enc,cpu,2220.15,2225.14
6,470,normalize,cpu,2225.89,2242.85
6,470,g_a_cpu,cpu,2242.86,2243.29
6,470,g_a,dpu,2243.29,2299.7
6,470,g_a,dpu,2299.71,2354.78
6,470,g_a_cpu,cpu,2354.78,2355.14
6,470,eb_enc,cpu,2355.14,2359.92
6,499,normalize,cpu,2360.36,2364.2
6,499,g_a_cpu,cpu,2364.2,2364.72
6,499,g_a,dpu,2364.73,2423.45
6,499,g_a,dpu,2423.46,2434.1
6,499,g_a_cpu,cpu,2434.1,2434.71
6,499,eb_enc,cpu,2434.71,2440.32
6,519,normalize,cpu,2440.81,2444.53
6,519,g_a_cpu,cpu,2444.54,2444.92
6,519,g_a,dpu,2444.92,2501.67
6,519,g_a,dpu,2501.67,2612.31
6,519,g_a_cpu,cpu,2612.32,2612.74
6,519,eb_enc,cpu,2612.74,2617.89
6,556,normalize,cpu,2618.49,2622.22
6,556,g_a_cpu,cpu,2622.22,2623.05
6,556,g_a,dpu,2623.05,2684.69
6,556,g_a,dpu,2684.69,2751.07
6,556,g_a_cpu,cpu,2751.07,2751.52
6,556,eb_enc,cpu,2751.52,2756.66
6,586,normalize,cpu,2757.46,2761.23
6,586,g_a_cpu,cpu,2761.23,2761.73
6,586,g_a,dpu,2761.73,2770.18
6,586,g_a,dpu,2770.19,2881.28
6,586,g_a_cpu,cpu,2881.28,2882.02
6,586,eb_enc,cpu,2882.02,2886.9
6,617,normalize,cpu,2887.43,2891.2
6,617,g_a_cpu,cpu,2891.2,2891.66
6,617,g_a,dpu,2891.67,2897.07
6,617,g_a,dpu,2897.08,3009.7
6,617,g_a_cpu,cpu,3009.7,3010.15
6,617,eb_enc,cpu,3010.16,3015.21
6,643,normalize,cpu,3016.19,3030.9
6,643,g_a_cpu,cpu,3030.9,3031.48
6,643,g_a,dpu,3031.48,3100.09
6,643,g_a,dpu,3100.09,3148.3
6,643,g_a_cpu,cpu,3148.31,3148.83
6,643,eb_enc,cpu,3148.83,3154.01
6,675,normalize,cpu,3154.57,3158.39
6,675,g_a_cpu,cpu,3158.4,3158.9
6,675,g_a,dpu,3158.9,3221.02
6,675,g_a,dpu,3221.02,3267.27
6,675,g_a_cpu,cpu,3267.28,3267.71
6,675,eb_enc,cpu,3267.71,3272.62
6,700,normalize,cpu,3273.22,3276.97
6,700,g_a_cpu,cpu,3276.98,3277.93
6,700,g_a,dpu,3277.93,3391.66
6,700,g_a,dpu,3391.67,3447.84
6,700,g_a_cpu,cpu,3447.84,3448.24
6,700,eb_enc,cpu,3448.25,3457.81
6,740,normalize,cpu,3458.39,3465.2
6,740,g_a_cpu,cpu,3465.2,3465.7
6,740,g_a,dpu,3465.7,3471.03
6,740,g_a,dpu,3471.04,3476.23
6,740,g_a_cpu,cpu,3476.23,3476.84
6,740,eb_enc,cpu,3476.85,3481.94
6,746,normalize,cpu,3482.91,3486.58
6,746,g_a_cpu,cpu,3486.58,3487.91
6,746,g_a,dpu,3487.92,3539.89
6,746,g_a,dpu,3539.9,3601.69
6,746,g_a_cpu,cpu,3601.7,3602.13
6,746,eb_enc,cpu,3602.13,3606.96
6,772,normalize,cpu,3607.54,3611.98
6,772,g_a_cpu,cpu,3611.98,3612.37
6,772,g_a,dpu,3612.38,3709.73
6,772,g_a,dpu,3709.74,3715.05
6,772,g_a_cpu,cpu,3715.05,3715.4
6,772,eb_enc,cpu,3715.4,3720.31
6,794,normalize,cpu,3720.89,3724.67
6,794,g_a_cpu,cpu,3724.67,3725.05
6,794,g_a,dpu,3725.05,3788.84
6,794,g_a,dpu,3788.85,3842.25
6,794,g_a_cpu,cpu,3842.25,3842.62
6,794,eb_enc,cpu,3842.62,3847.39
6,824,normalize,cpu,3847.89,3851.59
6,824,g_a_cpu,cpu,3851.59,3852.22
6,824,g_a,dpu,3852.23,3922.24
6,824,g_a,dpu,3922.25,3927.67
6,824,g_a_cpu,cpu,3927.67,3928.34
6,824,eb_enc,cpu,3928.34,3942.3
6,845,normalize,cpu,3943.06,3946.79
6,845,g_a_cpu,cpu,3946.79,3947.26
6,845,g_a,dpu,3947.26,3999.86
6,845,g_a,dpu,3999.86,4005.03
6,845,g_a_cpu,cpu,4005.03,4005.52
6,845,eb_enc,cpu,4005.52,4019.87
6,860,normalize,cpu,4020.58,4024.41
6,860,g_a_cpu,cpu,4024.42,4024.74
6,860,g_a,dpu,4024.74,4080.63
6,860,g_a,dpu,4080.63,4085.72
6,860,g_a_cpu,cpu,4085.73,4086.23
6,860,eb_enc,cpu,4086.23,4095.43
6,876,normalize,cpu,4095.87,4099.71
6,876,g_a_cpu,cpu,4099.72,4100.29
6,876,g_a,dpu,4100.29,4158.7
6,876,g_a,dpu,4158.7,4212.68
6,876,g_a_cpu,cpu,4212.69,4213.08
6,876,eb_enc,cpu,4213.08,4218.03
6,905,normalize,cpu,4218.98,4222.7
6,905,g_a_cpu,cpu,4222.71,4223.2
6,905,g_a,dpu,4223.2,4295.45
6,905,g_a,dpu,4295.45,4357.07
6,905,g_a_cpu,cpu,4357.07,4357.63
6,905,eb_enc,cpu,4357.63,4362.63
7,25,normalize,cpu,106.823,110.529
7,25,g_a_cpu,cpu,110.673,111.017
7,25,g_a,dpu,111.022,129.71
7,25,g_a,dpu,129.717,188.522
7,25,g_a_cpu,cpu,188.524,188.959
7,25,eb_enc,cpu,188.975,195.63
7,41,normalize,cpu,196.615,205.406
7,41,g_a_cpu,cpu,205.413,206.103
7,41,g_a,dpu,206.106,261.561
7,41,g_a,dpu,261.569,306.247
7,41,g_a_cpu,cpu,306.249,306.814
7,41,eb_enc,cpu,306.817,312.082
7,69,normalize,cpu,312.73,323.997
7,69,g_a_cpu,cpu,324.003,324.422
7,69,g_a,dpu,324.426,390.353
7,69,g_a,dpu,390.355,396.763
7,69,g_a_cpu,cpu,396.764,397.208
7,69,eb_enc,cpu,397.221,402.535
7,84,normalize,cpu,403.534,407.236
7,84,g_a_cpu,cpu,407.24,407.685
7,84,g_a,dpu,407.688,465.164
7,84,g_a,dpu,465.167,478.929
7,84,g_a_cpu,cpu,478.931,479.624
7,84,eb_enc,cpu,479.626,485.385
7,100,normalize,cpu,485.849,501.899
7,100,g_a_cpu,cpu,501.904,502.725
7,100,g_a,dpu,502.73,561.893
7,100,g_a,dpu,561.895,567.906
7,100,g_a_cpu,cpu,567.908,568.475
7,100,eb_enc,cpu,568.479,576.184
7,121,normalize,cpu,576.89,584.533
7,121,g_a_cpu,cpu,584.537,584.885
7,121,g_a,dpu,584.888,643.585
7,121,g_a,dpu,643.599,750.804
7,121,g_a_cpu,cpu,750.806,751.468
7,121,eb_enc,cpu,751.471,756.7
7,156,normalize,cpu,757.412,761.102
7,156,g_a_cpu,cpu,761.106,761.553
7,156,g_a,dpu,761.557,827.984
7,156,g_a,dpu,827.986,902.746
7,156,g_a_cpu,cpu,902.751,903.432
7,156,eb_enc,cpu,903.438,909.213
7,188,normalize,cpu,910.22,914.149
7,188,g_a_cpu,cpu,914.156,914.586
7,188,g_a,dpu,914.591,920.354
7,188,g_a,dpu,920.356,984.036
7,188,g_a_cpu,cpu,984.038,984.383
7,188,eb_enc,cpu,984.384,989.53
7,206,normalize,cpu,990.144,993.848
7,206,g_a_cpu,cpu,993.853,994.22
7,206,g_a,dpu,994.222,1061.76
7,206,g_a,dpu,1061.76,1119.03
7,206,g_a_cpu,cpu,1119.04,1119.68
7,206,eb_enc,cpu,1119.68,1125.69
7,233,normalize,cpu,1126.75,1143.87
7,233,g_a_cpu,cpu,1143.87,1144.38
7,233,g_a,dpu,1144.38,1202.23
7,233,g_a,dpu,1202.23,1314.79
7,233,g_a_cpu,cpu,1314.79,1315.23
7,233,eb_enc,cpu,1315.23,1320.39
7,275,normalize,cpu,1321.34,1325.78
7,275,g_a_cpu,cpu,1325.78,1326.32
7,275,g_a,dpu,1326.32,1391
7,275,g_a,dpu,1391,1400.44
7,275,g_a_cpu,cpu,1400.44,1400.93
7,275,eb_enc,cpu,1400.94,1406.62
7,293,normalize,cpu,1407.4,1411.05
7,293,g_a_cpu,cpu,1411.05,1411.53
7,293,g_a,dpu,1411.54,1511.5
7,293,g_a,dpu,1511.5,1517.13
7,293,g_a_cpu,cpu,1517.13,1517.71
7,293,eb_enc,cpu,1517.71,1523.69
7,318,normalize,cpu,1524.4,1528.2
7,318,g_a_cpu,cpu,1528.2,1528.61
7,318,g_a,dpu,1528.62,1533.79
7,318,g_a,dpu,1533.79,1595.75
7,318,g_a_cpu,cpu,1595.76,1596.2
7,318,eb_enc,cpu,1596.2,1602.01
7,334,normalize,cpu,1602.74,1606.48
7,334,g_a_cpu,cpu,1606.48,1606.89
7,334,g_a,dpu,1606.9,1663.13
7,334,g_a,dpu,1663.13,1743.77
7,334,g_a_cpu,cpu,1743.77,1744.65
7,334,eb_enc,cpu,1744.65,1749.88
7,366,normalize,cpu,1750.74,1761.11
7,366,g_a_cpu,cpu,1761.11,1761.73
7,366,g_a,dpu,1761.73,1828.46
7,366,g_a,dpu,1828.46,1888.55
7,366,g_a_cpu,cpu,1888.55,1889.02
7,366,eb_enc,cpu,1889.02,1893.98
7,399,normalize,cpu,1894.79,1898.45
7,399,g_a_cpu,cpu,1898.45,1899.03
7,399,g_a,dpu,1899.03,1970.95
7,399,g_a,dpu,1970.95,2033.11
7,399,g_a_cpu,cpu,2033.11,2033.54
7,399,eb_enc,cpu,2033.54,2038.82
7,427,normalize,cpu,2039.6,2053.25
7,427,g_a_cpu,cpu,2053.26,2054.29
7,427,g_a,dpu,2054.29,2118.03
7,427,g_a,dpu,2118.03,2179.09
7,427,g_a_cpu,cpu,2179.09,2179.58
7,427,eb_enc,cpu,2179.58,2184.87
7,462,normalize,cpu,2185.43,2193.44
7,462,g_a_cpu,cpu,2193.45,2194.1
7,462,g_a,dpu,2194.11,2253.66
7,462,g_a,dpu,2253.66,2316.12
7,462,g_a_cpu,cpu,2316.12,2316.53
7,462,eb_enc,cpu,2316.53,2326.43
7,493,normalize,cpu,2327.12,2331
7,493,g_a_cpu,cpu,2331.01,2331.43
7,493,g_a,dpu,2331.43,2390.84
7,493,g_a,dpu,2390.85,2443.15
7,493,g_a_cpu,cpu,2443.15,2443.61
7,493,eb_enc,cpu,2443.61,2449.38
7,521,normalize,cpu,2450.38,2454.21
7,521,g_a_cpu,cpu,2454.22,2454.96
7,521,g_a,dpu,2454.96,2533.29
7,521,g_a,dpu,2533.29,2590.82
7,521,g_a_cpu,cpu,2590.82,2591.26
7,521,eb_enc,cpu,2591.26,2598.13
7,551,normalize,cpu,2598.9,2603.78
7,551,g_a_cpu,cpu,2603.78,2604.24
7,551,g_a,dpu,2604.25,2717.25
7,551,g_a,dpu,2717.25,2845.22
7,551,g_a_cpu,cpu,2845.23,2845.73
7,551,eb_enc,cpu,2845.73,2850.79
7,607,normalize,cpu,2851.49,2855.91
7,607,g_a_cpu,cpu,2855.91,2856.3
7,607,g_a,dpu,2856.3,2861.54
7,607,g_a,dpu,2861.55,2866.87
7,607,g_a_cpu,cpu,2866.88,2867.59
7,607,eb_enc,cpu,2867.59,2872.91
7,612,normalize,cpu,2873.48,2877.15
7,612,g_a_cpu,cpu,2877.15,2877.61
7,612,g_a,dpu,2877.61,2890.18
7,612,g_a,dpu,2890.19,3004.29
7,612,g_a_cpu,cpu,3004.29,3004.8
7,612,eb_enc,cpu,3004.8,3011.05
7,642,normalize,cpu,3011.61,3032.11
7,642,g_a_cpu,cpu,3032.12,3033.33
7,642,g_a,dpu,3033.33,3040.61
7,642,g_a,dpu,3040.61,3092.71
7,642,g_a_cpu,cpu,3092.72,3093.25
7,642,eb_enc,cpu,3093.25,3105.28
7,663,normalize,cpu,3106.29,3115.91
7,663,g_a_cpu,cpu,3115.92,3116.56
7,663,g_a,dpu,3116.56,3191.56
7,663,g_a,dpu,3191.56,3322.67
7,663,g_a_cpu,cpu,3322.67,3323.28
7,663,eb_enc,cpu,3323.29,3329.1
7,711,normalize,cpu,3329.89,3338.28
7,711,g_a_cpu,cpu,3338.28,3338.94
7,711,g_a,dpu,3338.94,3399.11
7,711,g_a,dpu,3399.12,3405.93
7,711,g_a_cpu,cpu,3405.94,3406.55
7,711,eb_enc,cpu,3406.55,3411.8
7,730,normalize,cpu,3412.4,3417.74
7,730,g_a_cpu,cpu,3417.74,3418.15
7,730,g_a,dpu,3418.16,3533.8
7,730,g_a,dpu,3533.8,3598.28
7,730,g_a_cpu,cpu,3598.28,3598.75
7,730,eb_enc,cpu,3598.75,3605.77
7,771,normalize,cpu,3606.27,3610.14
7,771,g_a_cpu,cpu,3610.14,3610.52
7,771,g_a,dpu,3610.53,3684.14
7,771,g_a,dpu,3684.14,3755.9
7,771,g_a_cpu,cpu,3755.91,3756.42
7,771,eb_enc,cpu,3756.42,3761.77
7,804,normalize,cpu,3762.59,3766.33
7,804,g_a_cpu,cpu,3766.33,3779.57
7,804,g_a,dpu,3779.58,3877.4
7,804,g_a,dpu,3877.4,3883.61
7,804,g_a_cpu,cpu,3883.62,3884.08
7,804,eb_enc,cpu,3884.08,3889.16
7,831,normalize,cpu,3889.71,3893.53
7,831,g_a_cpu,cpu,3893.53,3894.12
7,831,g_a,dpu,3894.12,3958.22
7,831,g_a,dpu,3958.22,4013.68
7,831,g_a_cpu,cpu,4013.68,4014.02
7,831,eb_enc,cpu,4014.02,4019.07
7,859,normalize,cpu,4019.87,4023.55
7,859,g_a_cpu,cpu,4023.56,4023.92
7,859,g_a,dpu,4023.93,4082.65
7,859,g_a,dpu,4082.66,4129.52
7,859,g_a_cpu,cpu,4129.53,4130.04
7,859,eb_enc,cpu,4130.05,4140.96
7,888,normalize,cpu,4141.9,4145.7
7,888,g_a_cpu,cpu,4145.7,4146.12
7,888,g_a,dpu,4146.13,4212.1
7,888,g_a,dpu,4212.11,4282.45
7,888,g_a_cpu,cpu,4282.45,4283.2
7,888,eb_enc,cpu,4283.2,4288.05
7,921,normalize,cpu,4288.54,4292.25
7,921,g_a_cpu,cpu,4292.26,4292.61
7,921,g_a,dpu,4292.61,4348.63
7,921,g_a,dpu,4348.64,4409.15
7,921,g_a_cpu,cpu,4409.15,4409.64
7,921,eb_enc,cpu,4409.64,4414.62
8,9,normalize,cpu,78.7042,88.5861
8,9,g_a_cpu,cpu,88.6706,89.0188
8,9,g_a,dpu,89.0239,163.56
8,9,g_a,dpu,163.567,170.435
8,9,g_a_cpu,cpu,170.441,171.209
8,9,eb_enc,cpu,171.234,191.101
8,40,normalize,cpu,191.762,195.416
8,40,g_a_cpu,cpu,195.425,196.081
8,40,g_a,dpu,196.086,275.362
8,40,g_a,dpu,275.368,337.744
8,40,g_a_cpu,cpu,337.745,338.219
8,40,eb_enc,cpu,338.222,343.174
8,74,normalize,cpu,344.255,349.022
8,74,g_a_cpu,cpu,349.026,349.553
8,74,g_a,dpu,349.557,360.371
8,74,g_a,dpu,360.373,375.521
8,74,g_a_cpu,cpu,375.527,376.265
8,74,eb_enc,cpu,376.294,391.421
8,83,normalize,cpu,392.415,396.219
8,83,g_a_cpu,cpu,396.222,396.613
8,83,g_a,dpu,396.616,481.179
8,83,g_a,dpu,481.181,588.824
8,83,g_a_cpu,cpu,588.825,589.325
8,83,eb_enc,cpu,589.327,594.32
8,125,normalize,cpu,595.089,599.009
8,125,g_a_cpu,cpu,599.014,600.015
8,125,g_a,dpu,600.019,689.217
8,125,g_a,dpu,689.219,695.707
8,125,g_a_cpu,cpu,695.708,696.073
8,125,eb_enc,cpu,696.075,701.167
8,146,normalize,cpu,701.659,705.451
8,146,g_a_cpu,cpu,705.459,705.998
8,146,g_a,dpu,706,782.163
8,146,g_a,dpu,782.173,850.197
8,146,g_a_cpu,cpu,850.199,850.962
8,146,eb_enc,cpu,850.965,856.556
8,176,normalize,cpu,857.332,861.073
8,176,g_a_cpu,cpu,861.077,861.483
8,176,g_a,dpu,861.487,930.203
8,176,g_a,dpu,930.205,938.149
8,176,g_a_cpu,cpu,938.15,938.648
8,176,eb_enc,cpu,938.65,943.573
8,194,normalize,cpu,944.532,948.298
8,194,g_a_cpu,cpu,948.303,948.674
8,194,g_a,dpu,948.678,1031.51
8,194,g_a,dpu,1031.51,1162.57
8,194,g_a_cpu,cpu,1162.57,1162.95
8,194,eb_enc,cpu,1162.95,1168.08
8,243,normalize,cpu,1168.68,1172.61
8,243,g_a_cpu,cpu,1172.61,1173.19
8,243,g_a,dpu,1173.19,1249.86
8,243,g_a,dpu,1249.86,1373.84
8,243,g_a_cpu,cpu,1373.84,1374.44
8,243,eb_enc,cpu,1374.44,1379.53
8,287,normalize,cpu,1380.2,1383.99
8,287,g_a_cpu,cpu,1384,1384.63
8,287,g_a,dpu,1384.64,1480.2
8,287,g_a,dpu,1480.2,1485.98
8,287,g_a_cpu,cpu,1485.99,1486.36
8,287,eb_enc,cpu,1486.36,1491.21
8,309,normalize,cpu,1491.85,1495.57
8,309,g_a_cpu,cpu,1495.58,1496.18
8,309,g_a,dpu,1496.18,1551.19
8,309,g_a,dpu,1551.19,1749.63
8,309,g_a_cpu,cpu,1749.63,1750.18
8,309,eb_enc,cpu,1750.19,1755.2
8,368,normalize,cpu,1755.9,1759.59
8,368,g_a_cpu,cpu,1759.59,1760.03
8,368,g_a,dpu,1760.04,1766.19
8,368,g_a,dpu,1766.19,1831.83
8,368,g_a_cpu,cpu,1831.84,1832.47
8,368,eb_enc,cpu,1832.47,1837.82
8,385,normalize,cpu,1838.83,1843.28
8,385,g_a_cpu,cpu,1843.29,1843.81
8,385,g_a,dpu,1843.81,1918
8,385,g_a,dpu,1918,1994.56
8,385,g_a_cpu,cpu,1994.57,1995.37
8,385,eb_enc,cpu,1995.38,2001.41
8,419,normalize,cpu,2002.34,2006.01
8,419,g_a_cpu,cpu,2006.02,2006.7
8,419,g_a,dpu,2006.7,2060.32
8,419,g_a,dpu,2060.32,2119.08
8,419,g_a_cpu,cpu,2119.08,2119.59
8,419,eb_enc,cpu,2119.59,2124.52
8,449,normalize,cpu,2125.4,2138.42
8,449,g_a_cpu,cpu,2138.43,2138.98
8,449,g_a,dpu,2138.99,2147.63
8,449,g_a,dpu,2147.63,2203.05
8,449,g_a_cpu,cpu,2203.06,2203.58
8,449,eb_enc,cpu,2203.59,2208.86
8,467,normalize,cpu,2210.05,2213.8
8,467,g_a_cpu,cpu,2213.81,2214.3
8,467,g_a,dpu,2214.3,2226.22
8,467,g_a,dpu,2226.23,2232.94
8,467,g_a_cpu,cpu,2232.94,2233.69
8,467,eb_enc,cpu,2233.7,2250.06
8,475,normalize,cpu,2250.62,2255.38
8,475,g_a_cpu,cpu,2255.38,2255.94
8,475,g_a,dpu,2255.94,2377.22
8,475,g_a,dpu,2377.22,2452.67
8,475,g_a_cpu,cpu,2452.67,2453.45
8,475,eb_enc,cpu,2453.46,2460.34
8,522,normalize,cpu,2461.18,2465.93
8,522,g_a_cpu,cpu,2465.94,2466.83
8,522,g_a,dpu,2466.83,2528.06
8,522,g_a,dpu,2528.06,2534.42
8,522,g_a_cpu,cpu,2534.42,2535.06
8,522,eb_enc,cpu,2535.06,2541.14
8,540,normalize,cpu,2541.79,2545.46
8,540,g_a_cpu,cpu,2545.47,2546.04
8,540,g_a,dpu,2546.04,2602.25
8,540,g_a,dpu,2602.26,2663.11
8,540,g_a_cpu,cpu,2663.11,2663.68
8,540,eb_enc,cpu,2663.69,2668.69
8,568,normalize,cpu,2669.65,2673.49
8,568,g_a_cpu,cpu,2673.49,2674.1
8,568,g_a,dpu,2674.11,2734.18
8,568,g_a,dpu,2734.18,2742.41
8,568,g_a_cpu,cpu,2742.41,2743.04
8,568,eb_enc,cpu,2743.04,2749.44
8,585,normalize,cpu,2750.36,2754.08
8,585,g_a_cpu,cpu,2754.09,2754.75
8,585,g_a,dpu,2754.76,2816.76
8,585,g_a,dpu,2816.77,2879.24
8,585,g_a_cpu,cpu,2879.24,2879.72
8,585,eb_enc,cpu,2879.72,2884.72
8,615,normalize,cpu,2885.41,2889.07
8,615,g_a_cpu,cpu,2889.08,2889.41
8,615,g_a,dpu,2889.42,2946.46
8,615,g_a,dpu,2946.47,2954.2
8,615,g_a_cpu,cpu,2954.2,2954.79
8,615,eb_enc,cpu,2954.8,2959.72
8,633,normalize,cpu,2960.31,2963.99
8,633,g_a_cpu,cpu,2963.99,2964.43
8,633,g_a,dpu,2964.43,3094.42
8,633,g_a,dpu,3094.43,3150.83
8,633,g_a_cpu,cpu,3150.83,3151.25
8,633,eb_enc,cpu,3151.25,3156.07
8,676,normalize,cpu,3156.73,3160.49
8,676,g_a_cpu,cpu,3160.49,3160.87
8,676,g_a,dpu,3160.87,3217.18
8,676,g_a,dpu,3217.18,3223.09
8,676,g_a_cpu,cpu,3223.09,3223.58
8,676,eb_enc,cpu,3223.59,3233.68
8,693,normalize,cpu,3234.44,3238.82
8,693,g_a_cpu,cpu,3238.83,3239.24
8,693,g_a,dpu,3239.24,3328.98
8,693,g_a,dpu,3328.98,3408.44
8,693,g_a_cpu,cpu,3408.45,3408.99
8,693,eb_enc,cpu,3408.99,3414.04
8,731,normalize,cpu,3414.88,3419.35
8,731,g_a_cpu,cpu,3419.36,3419.95
8,731,g_a,dpu,3419.95,3647.1
8,731,g_a,dpu,3647.1,3722.28
8,731,g_a_cpu,cpu,3722.28,3722.76
8,731,eb_enc,cpu,3722.76,3728
8,796,normalize,cpu,3728.69,3732.6
8,796,g_a_cpu,cpu,3732.61,3733
8,796,g_a,dpu,3733,3802.69
8,796,g_a,dpu,3802.69,3869.87
8,796,g_a_cpu,cpu,3869.88,3870.43
8,796,eb_enc,cpu,3870.43,3875.44
8,827,normalize,cpu,3876.08,3879.82
8,827,g_a_cpu,cpu,3879.83,3880.19
8,827,g_a,dpu,3880.2,3966.69
8,827,g_a,dpu,3966.69,4027.7
8,827,g_a_cpu,cpu,4027.7,4028.22
8,827,eb_enc,cpu,4028.22,4034.96
8,863,normalize,cpu,4035.48,4051.49
8,863,g_a_cpu,cpu,4051.49,4051.84
8,863,g_a,dpu,4051.84,4109.56
8,863,g_a,dpu,4109.56,4115.23
8,863,g_a_cpu,cpu,4115.23,4115.95
8,863,eb_enc,cpu,4115.95,4121.02
8,883,normalize,cpu,4121.65,4126.76
8,883,g_a_cpu,cpu,4126.77,4127.42
8,883,g_a,dpu,4127.43,4255.99
8,883,g_a,dpu,4255.99,4262.55
8,883,g_a_cpu,cpu,4262.55,4263.04
8,883,eb_enc,cpu,4263.05,4268.25
8,917,normalize,cpu,4269.23,4274.09
8,917,g_a_cpu,cpu,4274.09,4274.52
8,917,g_a,dpu,4274.53,4349.39
8,917,g_a,dpu,4349.39,4407.27
8,917,g_a_cpu,cpu,4407.27,4407.83
8,917,eb_enc,cpu,4407.83,4415.42
9,1,normalize,cpu,66.6066,96.0696
9,1,g_a_cpu,cpu,123.39,123.967
9,1,g_a,dpu,123.975,159.671
9,1,g_a,dpu,159.679,218.248
9,1,g_a_cpu,cpu,218.252,218.697
9,1,eb_enc,cpu,218.707,268.613
9,56,normalize,cpu,269.528,274.163
9,56,g_a_cpu,cpu,274.169,274.591
9,56,g_a,dpu,274.594,379.151
9,56,g_a,dpu,379.165,384.71
9,56,g_a_cpu,cpu,384.714,385.187
9,56,eb_enc,cpu,385.19,391.367
9,82,normalize,cpu,392.415,397.517
9,82,g_a_cpu,cpu,397.52,398.301
9,82,g_a,dpu,398.308,451.635
9,82,g_a,dpu,451.638,457.457
9,82,g_a_cpu,cpu,457.463,458.035
9,82,eb_enc,cpu,458.05,463.543
9,95,normalize,cpu,464.316,468.063
9,95,g_a_cpu,cpu,468.07,468.555
9,95,g_a,dpu,468.561,535.073
9,95,g_a,dpu,535.075,547.522
9,95,g_a_cpu,cpu,547.526,548.27
9,95,eb_enc,cpu,548.273,564.002
9,119,normalize,cpu,564.862,568.687
9,119,g_a_cpu,cpu,568.694,569.194
9,119,g_a,dpu,569.198,590.139
9,119,g_a,dpu,590.141,755.749
9,119,g_a_cpu,cpu,755.75,756.157
9,119,eb_enc,cpu,756.159,761.259
9,157,normalize,cpu,762.01,765.726
9,157,g_a_cpu,cpu,765.729,766.555
9,157,g_a,dpu,766.558,822.977
9,157,g_a,dpu,822.984,954.013
9,157,g_a_cpu,cpu,954.015,954.566
9,157,eb_enc,cpu,954.567,960.118
9,197,normalize,cpu,960.849,965.463
9,197,g_a_cpu,cpu,965.468,967.134
9,197,g_a,dpu,967.139,1031
9,197,g_a,dpu,1031,1091.32
9,197,g_a_cpu,cpu,1091.32,1091.71
9,197,eb_enc,cpu,1091.71,1097.12
9,227,normalize,cpu,1097.91,1108.95
9,227,g_a_cpu,cpu,1108.96,1109.56
9,227,g_a,dpu,1109.56,1171.1
9,227,g_a,dpu,1171.1,1230.41
9,227,g_a_cpu,cpu,1230.41,1231
9,227,eb_enc,cpu,1231,1237.29
9,256,normalize,cpu,1237.99,1243.12
9,256,g_a_cpu,cpu,1243.13,1243.6
9,256,g_a,dpu,1243.6,1374.29
9,256,g_a,dpu,1374.3,1379.55
9,256,g_a_cpu,cpu,1379.55,1380
9,256,eb_enc,cpu,1380,1385.29
9,288,normalize,cpu,1385.85,1389.66
9,288,g_a_cpu,cpu,1389.67,1390.14
9,288,g_a,dpu,1390.14,1572
9,288,g_a,dpu,1572,1579.1
9,288,g_a_cpu,cpu,1579.11,1579.45
9,288,eb_enc,cpu,1579.45,1584.47
9,331,normalize,cpu,1585.01,1588.72
9,331,g_a_cpu,cpu,1588.72,1589.11
9,331,g_a,dpu,1589.11,1649.12
9,331,g_a,dpu,1649.12,1763.37
9,331,g_a_cpu,cpu,1763.37,1763.75
9,331,eb_enc,cpu,1763.76,1768.91
9,370,normalize,cpu,1769.4,1773.06
9,370,g_a_cpu,cpu,1773.07,1773.46
9,370,g_a,dpu,1773.46,1839.03
9,370,g_a,dpu,1839.03,1844.89
9,370,g_a_cpu,cpu,1844.9,1845.49
9,370,eb_enc,cpu,1845.49,1851.64
9,389,normalize,cpu,1852.32,1856.13
9,389,g_a_cpu,cpu,1856.14,1856.57
9,389,g_a,dpu,1856.57,1909.01
9,389,g_a,dpu,1909.01,1914.26
9,389,g_a_cpu,cpu,1914.26,1914.63
9,389,eb_enc,cpu,1914.63,1919.72
9,403,normalize,cpu,1920.3,1924.53
9,403,g_a_cpu,cpu,1924.53,1924.88
9,403,g_a,dpu,1924.88,2000.1
9,403,g_a,dpu,2000.1,2005.58
9,403,g_a_cpu,cpu,2005.58,2006.29
9,403,eb_enc,cpu,2006.29,2011.55
9,422,normalize,cpu,2012.18,2016.01
9,422,g_a_cpu,cpu,2016.02,2016.64
9,422,g_a,dpu,2016.64,2118.36
9,422,g_a,dpu,2118.36,2125.61
9,422,g_a_cpu,cpu,2125.61,2126
9,422,eb_enc,cpu,2126,2139.66
9,453,normalize,cpu,2140.45,2152.85
9,453,g_a_cpu,cpu,2152.85,2153.44
9,453,g_a,dpu,2153.44,2227.04
9,453,g_a,dpu,2227.04,2329.3
9,453,g_a_cpu,cpu,2329.31,2329.78
9,453,eb_enc,cpu,2329.78,2334.86
9,496,normalize,cpu,2335.57,2339.26
9,496,g_a_cpu,cpu,2339.26,2339.79
9,496,g_a,dpu,2339.79,2461.55
9,496,g_a,dpu,2461.55,2521.85
9,496,g_a_cpu,cpu,2521.86,2522.48
9,496,eb_enc,cpu,2522.48,2529.2
9,538,normalize,cpu,2530.36,2534.22
9,538,g_a_cpu,cpu,2546.82,2547.34
9,538,g_a,dpu,2547.34,2558.08
9,538,g_a,dpu,2558.08,2689.81
9,538,g_a_cpu,cpu,2689.81,2690.37
9,538,eb_enc,cpu,2690.37,2695.48
9,574,normalize,cpu,2696.11,2699.97
9,574,g_a_cpu,cpu,2699.97,2700.32
9,574,g_a,dpu,2700.32,2756.37
9,574,g_a,dpu,2756.37,2761.65
9,574,g_a_cpu,cpu,2761.65,2762.18
9,574,eb_enc,cpu,2762.18,2767.37
9,588,normalize,cpu,2768.01,2771.68
9,588,g_a_cpu,cpu,2771.68,2772.02
9,588,g_a,dpu,2772.02,2782.33
9,588,g_a,dpu,2782.34,2840.58
9,588,g_a_cpu,cpu,2840.58,2841.12
9,588,eb_enc,cpu,2841.12,2846.31
9,606,normalize,cpu,2846.93,2850.75
9,606,g_a_cpu,cpu,2850.76,2851.23
9,606,g_a,dpu,2851.23,2902.21
9,606,g_a,dpu,2902.21,2962.33
9,606,g_a_cpu,cpu,2962.33,2962.82
9,606,eb_enc,cpu,2962.82,2969.88
9,635,normalize,cpu,2970.48,2974.77
9,635,g_a_cpu,cpu,2974.77,2975.09
9,635,g_a,dpu,2975.09,3032.53
9,635,g_a,dpu,3032.55,3037.63
9,635,g_a_cpu,cpu,3037.63,3038.38
9,635,eb_enc,cpu,3038.39,3050.95
9,651,normalize,cpu,3051.78,3055.43
9,651,g_a_cpu,cpu,3055.43,3055.79
9,651,g_a,dpu,3055.79,3120.33
9,651,g_a,dpu,3120.33,3125.52
9,651,g_a_cpu,cpu,3125.52,3126.15
9,651,eb_enc,cpu,3126.15,3131.09
9,668,normalize,cpu,3131.6,3135.31
9,668,g_a_cpu,cpu,3135.31,3135.78
9,668,g_a,dpu,3135.79,3240.71
9,668,g_a,dpu,3240.72,3245.7
9,668,g_a_cpu,cpu,3245.7,3246.15
9,668,eb_enc,cpu,3246.16,3252.48
9,696,normalize,cpu,3253.77,3257.47
9,696,g_a_cpu,cpu,3257.48,3259.35
9,696,g_a,dpu,3259.36,3422.73
9,696,g_a,dpu,3422.73,3427.75
9,696,g_a_cpu,cpu,3427.75,3428.18
9,696,eb_enc,cpu,3428.18,3441.63
9,737,normalize,cpu,3442.54,3446.23
9,737,g_a_cpu,cpu,3446.23,3447.03
9,737,g_a,dpu,3447.03,3498.85
9,737,g_a,dpu,3498.86,3613.28
9,737,g_a_cpu,cpu,3613.28,3613.65
9,737,eb_enc,cpu,3613.65,3618.8
9,775,normalize,cpu,3619.66,3623.37
9,775,g_a_cpu,cpu,3623.37,3624.89
9,775,g_a,dpu,3624.9,3682.29
9,775,g_a,dpu,3682.29,3731.38
9,775,g_a_cpu,cpu,3731.38,3731.86
9,775,eb_enc,cpu,3731.86,3737.1
9,798,normalize,cpu,3737.85,3741.64
9,798,g_a_cpu,cpu,3741.65,3742.42
9,798,g_a,dpu,3742.42,3754.36
9,798,g_a,dpu,3754.36,3811.87
9,798,g_a_cpu,cpu,3811.87,3812.31
9,798,eb_enc,cpu,3812.32,3818.3
9,816,normalize,cpu,3818.96,3822.71
9,816,g_a_cpu,cpu,3822.71,3823.16
9,816,g_a,dpu,3823.17,3877.33
9,816,g_a,dpu,3877.33,3942.18
9,816,g_a_cpu,cpu,3942.18,3942.61
9,816,eb_enc,cpu,3942.61,3947.88
9,846,normalize,cpu,3948.51,3952.27
9,846,g_a_cpu,cpu,3952.27,3952.55
9,846,g_a,dpu,3952.55,4075.93
9,846,g_a,dpu,4075.93,4129.51
9,846,g_a_cpu,cpu,4129.51,4129.93
9,846,eb_enc,cpu,4129.94,4137.21
9,886,normalize,cpu,4137.77,4142.37
9,886,g_a_cpu,cpu,4142.37,4142.78
9,886,g_a,dpu,4142.79,4202.38
9,886,g_a,dpu,4202.38,4261.58
9,886,g_a_cpu,cpu,4261.58,4262.14
9,886,eb_enc,cpu,4262.14,4267.22
9,916,normalize,cpu,4268.28,4271.99
9,916,g_a_cpu,cpu,4271.99,4272.45
9,916,g_a,dpu,4272.45,4382.25
9,916,g_a,dpu,4382.25,4403.98
9,916,g_a_cpu,cpu,4403.98,4404.58
9,916,eb_enc,cpu,4404.58,4410.13
10,8,normalize,cpu,74.7284,86.5172
10,8,g_a_cpu,cpu,120.798,121.586
10,8,g_a,dpu,121.597,135.265
10,8,g_a,dpu,135.269,143.68
10,8,g_a_cpu,cpu,143.682,144.132
10,8,eb_enc,cpu,144.141,158.938
10,34,normalize,cpu,161.117,164.904
10,34,g_a_cpu,cpu,164.91,166.173
10,34,g_a,dpu,166.183,218.913
10,34,g_a,dpu,218.92,272.647
10,34,g_a_cpu,cpu,272.649,273.331
10,34,eb_enc,cpu,273.332,278.511
10,57,normalize,cpu,279.154,282.979
10,57,g_a_cpu,cpu,282.987,283.676
10,57,g_a,dpu,283.682,359.265
10,57,g_a,dpu,359.273,425.78
10,57,g_a_cpu,cpu,425.781,426.468
10,57,eb_enc,cpu,426.481,432.759
10,90,normalize,cpu,433.354,438.948
10,90,g_a_cpu,cpu,438.96,439.696
10,90,g_a,dpu,439.702,653.927
10,90,g_a,dpu,653.929,762.496
10,90,g_a_cpu,cpu,762.499,763.059
10,90,eb_enc,cpu,763.062,768.648
10,159,normalize,cpu,769.264,773.016
10,159,g_a_cpu,cpu,773.018,773.382
10,159,g_a,dpu,773.384,848.383
10,159,g_a,dpu,848.384,971.585
10,159,g_a_cpu,cpu,971.587,972.094
10,159,eb_enc,cpu,972.097,977.415
10,203,normalize,cpu,978.329,983.067
10,203,g_a_cpu,cpu,983.07,983.387
10,203,g_a,dpu,983.39,1156.57
10,203,g_a,dpu,1156.59,1212.12
10,203,g_a_cpu,cpu,1212.12,1212.71
10,203,eb_enc,cpu,1212.72,1218.12
10,252,normalize,cpu,1219.02,1225.37
10,252,g_a_cpu,cpu,1225.37,1225.91
10,252,g_a,dpu,1225.91,1335.59
10,252,g_a,dpu,1335.59,1405.22
10,252,g_a_cpu,cpu,1405.23,1406.06
10,252,eb_enc,cpu,1406.07,1411.28
10,294,normalize,cpu,1412,1423.81
10,294,g_a_cpu,cpu,1423.81,1424.3
10,294,g_a,dpu,1424.3,1591.06
10,294,g_a,dpu,1591.06,1713.73
10,294,g_a_cpu,cpu,1713.73,1714.35
10,294,eb_enc,cpu,1714.36,1727.23
10,361,normalize,cpu,1728.12,1731.84
10,361,g_a_cpu,cpu,1731.85,1732.26
10,361,g_a,dpu,1732.26,1918.58
10,361,g_a,dpu,1918.58,1990.58
10,361,g_a_cpu,cpu,1990.58,1991.01
10,361,eb_enc,cpu,1991.01,1997.62
10,418,normalize,cpu,1998.65,2004.13
10,418,g_a_cpu,cpu,2004.13,2004.67
10,418,g_a,dpu,2004.68,2112.54
10,418,g_a,dpu,2112.54,2156.06
10,418,g_a_cpu,cpu,2156.06,2156.44
10,418,eb_enc,cpu,2156.44,2161.45
10,457,normalize,cpu,2162.39,2166.06
10,457,g_a_cpu,cpu,2166.06,2166.47
10,457,g_a,dpu,2166.47,2231.17
10,457,g_a,dpu,2231.18,2287.09
10,457,g_a_cpu,cpu,2287.1,2287.63
10,457,eb_enc,cpu,2287.66,2292.66
10,486,normalize,cpu,2293.41,2297.13
10,486,g_a_cpu,cpu,2297.13,2297.59
10,486,g_a,dpu,2297.59,2350.69
10,486,g_a,dpu,2350.7,2414.17
10,486,g_a_cpu,cpu,2414.18,2414.61
10,486,eb_enc,cpu,2414.61,2419.81
10,514,normalize,cpu,2420.38,2424.13
10,514,g_a_cpu,cpu,2424.14,2424.83
10,514,g_a,dpu,2424.83,2478.03
10,514,g_a,dpu,2478.03,2483.22
10,514,g_a_cpu,cpu,2483.23,2483.88
10,514,eb_enc,cpu,2483.88,2489.14
10,529,normalize,cpu,2490,2493.89
10,529,g_a_cpu,cpu,2493.89,2494.42
10,529,g_a,dpu,2494.43,2566.53
10,529,g_a,dpu,2566.53,2627.74
10,529,g_a_cpu,cpu,2627.74,2628.32
10,529,eb_enc,cpu,2628.32,2641.63
10,561,normalize,cpu,2642.57,2646.37
10,561,g_a_cpu,cpu,2646.38,2646.8
10,561,g_a,dpu,2646.8,2746.98
10,561,g_a,dpu,2746.98,2812.43
10,561,g_a_cpu,cpu,2812.43,2813.12
10,561,eb_enc,cpu,2813.12,2819.32
10,601,normalize,cpu,2819.87,2823.75
10,601,g_a_cpu,cpu,2823.76,2824.31
10,601,g_a,dpu,2824.31,2939.1
10,601,g_a,dpu,2939.1,2944.42
10,601,g_a_cpu,cpu,2944.42,2944.95
10,601,eb_enc,cpu,2944.95,2950.03
10,630,normalize,cpu,2950.91,2954.76
10,630,g_a_cpu,cpu,2954.76,2955.41
10,630,g_a,dpu,2955.41,3023.93
10,630,g_a,dpu,3023.93,3066.47
10,630,g_a_cpu,cpu,3066.47,3066.96
10,630,eb_enc,cpu,3066.97,3072.03
10,657,normalize,cpu,3072.71,3076.57
10,657,g_a_cpu,cpu,3076.57,3077.05
10,657,g_a,dpu,3077.06,3119.22
10,657,g_a,dpu,3119.22,3196.26
10,657,g_a_cpu,cpu,3196.26,3196.78
10,657,eb_enc,cpu,3196.78,3202.17
10,686,normalize,cpu,3202.73,3208.06
10,686,g_a_cpu,cpu,3208.07,3208.55
10,686,g_a,dpu,3208.55,3270.27
10,686,g_a,dpu,3270.27,3339.58
10,686,g_a_cpu,cpu,3339.58,3340.05
10,686,eb_enc,cpu,3340.06,3345.15
10,714,normalize,cpu,3345.72,3349.56
10,714,g_a_cpu,cpu,3349.57,3350
10,714,g_a,dpu,3350,3461.08
10,714,g_a,dpu,3461.08,3477.64
10,714,g_a_cpu,cpu,3477.64,3478.22
10,714,eb_enc,cpu,3478.23,3483.34
10,747,normalize,cpu,3484,3487.71
10,747,g_a_cpu,cpu,3487.72,3488.19
10,747,g_a,dpu,3488.2,3538.77
10,747,g_a,dpu,3538.78,3612.82
10,747,g_a_cpu,cpu,3612.82,3613.19
10,747,eb_enc,cpu,3613.19,3618.09
10,774,normalize,cpu,3619.56,3624.09
10,774,g_a_cpu,cpu,3624.1,3624.56
10,774,g_a,dpu,3624.56,3688.88
10,774,g_a,dpu,3688.89,3760.67
10,774,g_a_cpu,cpu,3760.67,3761.23
10,774,eb_enc,cpu,3761.24,3767.38
10,806,normalize,cpu,3768.08,3772.57
10,806,g_a_cpu,cpu,3772.58,3773.01
10,806,g_a,dpu,3773.02,3812.68
10,806,g_a,dpu,3812.68,3822.16
10,806,g_a_cpu,cpu,3822.16,3822.71
10,806,eb_enc,cpu,3822.72,3827.71
10,819,normalize,cpu,3828.45,3832.12
10,819,g_a_cpu,cpu,3832.13,3832.51
10,819,g_a,dpu,3832.51,3891.92
10,819,g_a,dpu,3891.93,3947.97
10,819,g_a_cpu,cpu,3947.98,3948.41
10,819,eb_enc,cpu,3948.41,3953.33
10,848,normalize,cpu,3954.24,3957.87
10,848,g_a_cpu,cpu,3957.87,3958.26
10,848,g_a,dpu,3958.27,4025.35
10,848,g_a,dpu,4025.35,4032.48
10,848,g_a_cpu,cpu,4032.49,4032.97
10,848,eb_enc,cpu,4032.97,4037.91
10,865,normalize,cpu,4040.14,4043.95
10,865,g_a_cpu,cpu,4043.96,4044.39
10,865,g_a,dpu,4044.4,4092.65
10,865,g_a,dpu,4092.66,4144.64
10,865,g_a_cpu,cpu,4144.65,4145.13
10,865,eb_enc,cpu,4145.13,4150.38
10,889,normalize,cpu,4150.94,4154.84
10,889,g_a_cpu,cpu,4154.84,4155.4
10,889,g_a,dpu,4155.4,4207.32
10,889,g_a,dpu,4207.32,4272.87
10,889,g_a_cpu,cpu,4272.87,4273.36
10,889,eb_enc,cpu,4273.36,4278.45
10,919,normalize,cpu,4278.91,4282.65
10,919,g_a_cpu,cpu,4282.65,4283.33
10,919,g_a,dpu,4283.33,4383.71
10,919,g_a,dpu,4383.72,4389.01
10,919,g_a_cpu,cpu,4389.02,4389.53
10,919,eb_enc,cpu,4389.53,4396.16
11,12,normalize,cpu,82.7171,89.8958
11,12,g_a_cpu,cpu,89.9833,90.4343
11,12,g_a,dpu,90.4428,106.395
11,12,g_a,dpu,106.399,126.406
11,12,g_a_cpu,cpu,126.407,128.142
11,12,eb_enc,cpu,128.163,139.132
11,31,normalize,cpu,139.946,144.56
11,31,g_a_cpu,cpu,144.567,145.594
11,31,g_a,dpu,145.599,268.182
11,31,g_a,dpu,268.187,381.74
11,31,g_a_cpu,cpu,381.742,382.301
11,31,eb_enc,cpu,382.304,387.507
11,81,normalize,cpu,388.128,391.89
11,81,g_a_cpu,cpu,391.895,392.567
11,81,g_a,dpu,392.576,399.035
11,81,g_a,dpu,399.037,486.929
11,81,g_a_cpu,cpu,486.931,487.463
11,81,eb_enc,cpu,487.473,492.934
11,101,normalize,cpu,493.56,497.207
11,101,g_a_cpu,cpu,497.211,497.719
11,101,g_a,dpu,497.723,559.544
11,101,g_a,dpu,559.545,565.388
11,101,g_a_cpu,cpu,565.389,565.809
11,101,eb_enc,cpu,565.813,576.445
11,122,normalize,cpu,577.008,580.958
11,122,g_a_cpu,cpu,580.961,581.329
11,122,g_a,dpu,581.333,650.873
11,122,g_a,dpu,650.874,656.523
11,122,g_a_cpu,cpu,656.525,656.976
11,122,eb_enc,cpu,656.978,662.09
11,136,normalize,cpu,662.606,666.441
11,136,g_a_cpu,cpu,666.447,666.967
11,136,g_a,dpu,666.971,672.884
11,136,g_a,dpu,672.902,819.155
11,136,g_a_cpu,cpu,819.157,819.603
11,136,eb_enc,cpu,819.605,826.209
11,171,normalize,cpu,826.7,834.036
11,171,g_a_cpu,cpu,834.041,834.533
11,171,g_a,dpu,834.535,949.129
11,171,g_a,dpu,949.13,1036.84
11,171,g_a_cpu,cpu,1036.85,1037.36
11,171,eb_enc,cpu,1037.36,1042.63
11,216,normalize,cpu,1043.32,1047.03
11,216,g_a_cpu,cpu,1047.04,1047.34
11,216,g_a,dpu,1047.34,1055.03
11,216,g_a,dpu,1055.03,1203.03
11,216,g_a_cpu,cpu,1203.03,1203.51
11,216,eb_enc,cpu,1203.52,1209.49
11,251,normalize,cpu,1210.62,1216.42
11,251,g_a_cpu,cpu,1216.43,1216.98
11,251,g_a,dpu,1216.98,1282.88
11,251,g_a,dpu,1282.88,1341.47
11,251,g_a_cpu,cpu,1341.47,1342.01
11,251,eb_enc,cpu,1342.01,1347.53
11,279,normalize,cpu,1348.34,1356.67
11,279,g_a_cpu,cpu,1356.67,1358.3
11,279,g_a,dpu,1358.3,1363.8
11,279,g_a,dpu,1363.8,1437.28
11,279,g_a_cpu,cpu,1437.28,1437.73
11,279,eb_enc,cpu,1437.74,1443.37
11,300,normalize,cpu,1444.17,1449.99
11,300,g_a_cpu,cpu,1450,1450.58
11,300,g_a,dpu,1450.59,1466.36
11,300,g_a,dpu,1466.36,1524.86
11,300,g_a_cpu,cpu,1524.87,1525.71
11,300,eb_enc,cpu,1525.72,1531.07
11,319,normalize,cpu,1531.68,1535.61
11,319,g_a_cpu,cpu,1535.61,1536.26
11,319,g_a,dpu,1536.27,1603.51
11,319,g_a,dpu,1603.51,1661.77
11,319,g_a_cpu,cpu,1661.77,1662.2
11,319,eb_enc,cpu,1662.21,1667.29
11,351,normalize,cpu,1667.99,1671.75
11,351,g_a_cpu,cpu,1671.76,1672.08
11,351,g_a,dpu,1672.08,1801.02
11,351,g_a,dpu,1801.02,1858.6
11,351,g_a_cpu,cpu,1858.6,1859.06
11,351,eb_enc,cpu,1859.06,1864.46
11,393,normalize,cpu,1865.5,1869.28
11,393,g_a_cpu,cpu,1869.28,1869.84
11,393,g_a,dpu,1869.85,2015.37
11,393,g_a,dpu,2015.37,2065.44
11,393,g_a_cpu,cpu,2065.44,2065.88
11,393,eb_enc,cpu,2065.88,2072.15
11,436,normalize,cpu,2073.06,2076.92
11,436,g_a_cpu,cpu,2076.92,2077.4
11,436,g_a,dpu,2077.41,2141.01
11,436,g_a,dpu,2141.01,2187.83
11,436,g_a_cpu,cpu,2187.84,2188.19
11,436,eb_enc,cpu,2188.19,2193.63
11,464,normalize,cpu,2194.66,2199.28
11,464,g_a_cpu,cpu,2199.28,2199.82
11,464,g_a,dpu,2199.83,2306.46
11,464,g_a,dpu,2306.46,2312
11,464,g_a_cpu,cpu,2312,2312.57
11,464,eb_enc,cpu,2312.58,2317.67
11,491,normalize,cpu,2318.21,2321.98
11,491,g_a_cpu,cpu,2321.98,2322.41
11,491,g_a,dpu,2322.42,2384.93
11,491,g_a,dpu,2384.93,2390.65
11,491,g_a_cpu,cpu,2390.65,2391.41
11,491,eb_enc,cpu,2391.42,2396.63
11,507,normalize,cpu,2397.25,2400.94
11,507,g_a_cpu,cpu,2400.94,2401.52
11,507,g_a,dpu,2401.53,2475.6
11,507,g_a,dpu,2475.6,2545.77
11,507,g_a_cpu,cpu,2545.78,2546.48
11,507,eb_enc,cpu,2546.49,2551.83
11,542,normalize,cpu,2552.59,2556.31
11,542,g_a_cpu,cpu,2556.31,2556.7
11,542,g_a,dpu,2556.7,2616.08
11,542,g_a,dpu,2616.08,2679.23
11,542,g_a_cpu,cpu,2679.23,2680
11,542,eb_enc,cpu,2680.01,2685.58
11,572,normalize,cpu,2686.51,2690.97
11,572,g_a_cpu,cpu,2690.98,2691.6
11,572,g_a,dpu,2691.6,2747.91
11,572,g_a,dpu,2747.91,2806
11,572,g_a_cpu,cpu,2806,2806.59
11,572,eb_enc,cpu,2806.6,2811.74
11,597,normalize,cpu,2817.18,2832.25
11,597,g_a_cpu,cpu,2832.26,2832.66
11,597,g_a,dpu,2832.67,2838.41
11,597,g_a,dpu,2838.41,2959.48
11,597,g_a_cpu,cpu,2959.48,2959.89
11,597,eb_enc,cpu,2959.89,2965.02
11,634,normalize,cpu,2965.52,2969.19
11,634,g_a_cpu,cpu,2969.19,2969.59
11,634,g_a,dpu,2969.59,3037.15
11,634,g_a,dpu,3037.15,3104.22
11,634,g_a_cpu,cpu,3104.22,3104.81
11,634,eb_enc,cpu,3104.82,3110.38
11,664,normalize,cpu,3111.53,3115.25
11,664,g_a_cpu,cpu,3115.25,3115.91
11,664,g_a,dpu,3115.92,3189.24
11,664,g_a,dpu,3189.24,3194.83
11,664,g_a_cpu,cpu,3194.83,3195.45
11,664,eb_enc,cpu,3195.45,3200.89
11,685,normalize,cpu,3201.75,3205.4
11,685,g_a_cpu,cpu,3205.41,3206.85
11,685,g_a,dpu,3206.85,3270.89
11,685,g_a,dpu,3270.89,3276.8
11,685,g_a_cpu,cpu,3276.8,3277.72
11,685,eb_enc,cpu,3277.73,3283.39
11,701,normalize,cpu,3283.95,3287.71
11,701,g_a_cpu,cpu,3287.71,3288.1
11,701,g_a,dpu,3288.11,3373.43
11,701,g_a,dpu,3373.43,3430.42
11,701,g_a_cpu,cpu,3430.42,3430.97
11,701,eb_enc,cpu,3430.97,3436.03
11,735,normalize,cpu,3436.51,3446.24
11,735,g_a_cpu,cpu,3446.24,3447.13
11,735,g_a,dpu,3447.13,3624.07
11,735,g_a,dpu,3624.07,3629.63
11,735,g_a_cpu,cpu,3629.63,3630.18
11,735,eb_enc,cpu,3630.19,3635.31
11,777,normalize,cpu,3636.65,3640.32
11,777,g_a_cpu,cpu,3640.32,3640.69
11,777,g_a,dpu,3640.7,3710.65
11,777,g_a,dpu,3710.65,3771.85
11,777,g_a_cpu,cpu,3771.85,3772.18
11,777,eb_enc,cpu,3772.19,3777.29
11,808,normalize,cpu,3778.06,3781.69
11,808,g_a_cpu,cpu,3781.69,3782.12
11,808,g_a,dpu,3782.13,3865.04
11,808,g_a,dpu,3865.04,3946.1
11,808,g_a_cpu,cpu,3946.11,3946.6
11,808,eb_enc,cpu,3946.61,3951.62
11,847,normalize,cpu,3952.09,3955.87
11,847,g_a_cpu,cpu,3955.88,3956.46
11,847,g_a,dpu,3956.46,4017.94
11,847,g_a,dpu,4017.94,4090.58
11,847,g_a_cpu,cpu,4090.58,4091.04
11,847,eb_enc,cpu,4091.05,4096.06
11,877,normalize,cpu,4096.56,4100.48
11,877,g_a_cpu,cpu,4100.48,4101.02
11,877,g_a,dpu,4101.02,4296.02
11,877,g_a,dpu,4296.02,4371.1
11,877,g_a_cpu,cpu,4371.1,4371.5
11,877,eb_enc,cpu,4371.5,4376.54
12,4,normalize,cpu,70.7113,94.7283
12,4,g_a_cpu,cpu,118.62,119.367
12,4,g_a,dpu,119.37,179.076
12,4,g_a,dpu,179.083,272.488
12,4,g_a_cpu,cpu,272.489,273.155
12,4,eb_enc,cpu,273.173,292.334
12,61,normalize,cpu,292.936,329.12
12,61,g_a_cpu,cpu,329.123,329.522
12,61,g_a,dpu,329.526,396.156
12,61,g_a,dpu,396.162,446.611
12,61,g_a_cpu,cpu,446.613,447.408
12,61,eb_enc,cpu,447.414,452.756
12,94,normalize,cpu,454.603,458.307
12,94,g_a_cpu,cpu,458.32,458.934
12,94,g_a,dpu,458.938,515.015
12,94,g_a,dpu,515.017,523.709
12,94,g_a_cpu,cpu,523.711,524.126
12,94,eb_enc,cpu,524.138,531.171
12,110,normalize,cpu,531.836,537.287
12,110,g_a_cpu,cpu,537.301,538.015
12,110,g_a,dpu,538.019,675.984
12,110,g_a,dpu,675.986,681.122
12,110,g_a_cpu,cpu,681.124,681.624
12,110,eb_enc,cpu,681.63,686.602
12,143,normalize,cpu,687.099,690.992
12,143,g_a_cpu,cpu,690.994,691.391
12,143,g_a,dpu,691.394,754.306
12,143,g_a,dpu,754.307,874.663
12,143,g_a_cpu,cpu,874.664,875.034
12,143,eb_enc,cpu,875.037,880.17
12,181,normalize,cpu,880.948,884.606
12,181,g_a_cpu,cpu,884.609,884.965
12,181,g_a,dpu,884.968,897.628
12,181,g_a,dpu,897.64,958.568
12,181,g_a_cpu,cpu,958.571,959.256
12,181,eb_enc,cpu,959.262,964.394
12,199,normalize,cpu,965.113,968.78
12,199,g_a_cpu,cpu,968.783,969.14
12,199,g_a,dpu,969.143,1035.71
12,199,g_a,dpu,1035.71,1098.98
12,199,g_a_cpu,cpu,1098.99,1099.49
12,199,eb_enc,cpu,1099.49,1104.63
12,229,normalize,cpu,1105.25,1108.9
12,229,g_a_cpu,cpu,1108.91,1109.51
12,229,g_a,dpu,1109.51,1186.26
12,229,g_a,dpu,1186.27,1245.7
12,229,g_a_cpu,cpu,1245.7,1246.09
12,229,eb_enc,cpu,1246.09,1251.89
12,259,normalize,cpu,1252.72,1256.41
12,259,g_a_cpu,cpu,1256.42,1257.84
12,259,g_a,dpu,1257.84,1335.76
12,259,g_a,dpu,1335.77,1395.55
12,259,g_a_cpu,cpu,1395.55,1395.98
12,259,eb_enc,cpu,1395.99,1401.28
12,292,normalize,cpu,1401.88,1405.74
12,292,g_a_cpu,cpu,1405.75,1406.53
12,292,g_a,dpu,1406.54,1481.1
12,292,g_a,dpu,1481.1,1539
12,292,g_a_cpu,cpu,1539,1539.43
12,292,eb_enc,cpu,1539.43,1544.48
12,323,normalize,cpu,1545.02,1549.76
12,323,g_a_cpu,cpu,1549.77,1550.35
12,323,g_a,dpu,1550.36,1604.4
12,323,g_a,dpu,1604.4,1611.11
12,323,g_a_cpu,cpu,1611.11,1611.55
12,323,eb_enc,cpu,1611.56,1616.73
12,339,normalize,cpu,1617.26,1621.09
12,339,g_a_cpu,cpu,1621.1,1621.55
12,339,g_a,dpu,1621.55,1743.04
12,339,g_a,dpu,1743.04,1748.62
12,339,g_a_cpu,cpu,1748.62,1748.97
12,339,eb_enc,cpu,1748.97,1753.92
12,367,normalize,cpu,1754.84,1758.53
12,367,g_a_cpu,cpu,1758.53,1759.66
12,367,g_a,dpu,1759.67,1823.93
12,367,g_a,dpu,1823.93,1829.17
12,367,g_a_cpu,cpu,1829.17,1829.62
12,367,eb_enc,cpu,1829.62,1835.37
12,384,normalize,cpu,1836.12,1840.94
12,384,g_a_cpu,cpu,1840.95,1841.45
12,384,g_a,dpu,1841.45,1897.36
12,384,g_a,dpu,1897.36,1950.86
12,384,g_a_cpu,cpu,1950.86,1951.32
12,384,eb_enc,cpu,1951.33,1956.77
12,409,normalize,cpu,1957.46,1961.14
12,409,g_a_cpu,cpu,1961.15,1961.75
12,409,g_a,dpu,1961.75,1975.09
12,409,g_a,dpu,1975.09,2076.13
12,409,g_a_cpu,cpu,2076.13,2076.52
12,409,eb_enc,cpu,2076.53,2081.72
12,438,normalize,cpu,2082.35,2086.22
12,438,g_a_cpu,cpu,2086.22,2086.78
12,438,g_a,dpu,2086.79,2152.87
12,438,g_a,dpu,2152.88,2162.29
12,438,g_a_cpu,cpu,2162.29,2162.81
12,438,eb_enc,cpu,2162.81,2168.03
12,459,normalize,cpu,2168.72,2173.04
12,459,g_a_cpu,cpu,2173.04,2173.44
12,459,g_a,dpu,2173.45,2178.86
12,459,g_a,dpu,2178.86,2304.31
12,459,g_a_cpu,cpu,2304.31,2304.85
12,459,eb_enc,cpu,2304.86,2309.85
12,490,normalize,cpu,2310.39,2314.06
12,490,g_a_cpu,cpu,2314.06,2314.5
12,490,g_a,dpu,2314.5,2380.09
12,490,g_a,dpu,2380.09,2496.99
12,490,g_a_cpu,cpu,2497,2497.6
12,490,eb_enc,cpu,2497.6,2502.55
12,532,normalize,cpu,2503.41,2511.16
12,532,g_a_cpu,cpu,2511.17,2511.61
12,532,g_a,dpu,2511.62,2566.56
12,532,g_a,dpu,2566.56,2572.17
12,532,g_a_cpu,cpu,2572.17,2572.56
12,532,eb_enc,cpu,2572.56,2577.48
12,546,normalize,cpu,2578.29,2582.15
12,546,g_a_cpu,cpu,2582.15,2582.61
12,546,g_a,dpu,2582.61,2707.93
12,546,g_a,dpu,2707.93,2713.19
12,546,g_a_cpu,cpu,2713.19,2713.54
12,546,eb_enc,cpu,2713.55,2718.68
12,579,normalize,cpu,2719.33,2723.11
12,579,g_a_cpu,cpu,2723.12,2723.89
12,579,g_a,dpu,2723.89,2790.38
12,579,g_a,dpu,2790.39,2858.86
12,579,g_a_cpu,cpu,2858.86,2859.42
12,579,eb_enc,cpu,2859.42,2864.42
12,609,normalize,cpu,2865.18,2869.13
12,609,g_a_cpu,cpu,2869.13,2869.67
12,609,g_a,dpu,2869.67,2980.18
12,609,g_a,dpu,2980.18,3110.22
12,609,g_a_cpu,cpu,3110.22,3110.88
12,609,eb_enc,cpu,3110.88,3117.34
12,666,normalize,cpu,3117.88,3122.34
12,666,g_a_cpu,cpu,3122.34,3122.83
12,666,g_a,dpu,3122.84,3289.41
12,666,g_a,dpu,3289.42,3342.82
12,666,g_a_cpu,cpu,3342.82,3343.31
12,666,eb_enc,cpu,3343.31,3348.55
12,716,normalize,cpu,3349.1,3352.96
12,716,g_a_cpu,cpu,3352.96,3353.31
12,716,g_a,dpu,3353.32,3400.89
12,716,g_a,dpu,3400.89,3405.94
12,716,g_a_cpu,cpu,3405.94,3406.5
12,716,eb_enc,cpu,3406.5,3411.74
12,729,normalize,cpu,3412.4,3416.35
12,729,g_a_cpu,cpu,3416.35,3416.81
12,729,g_a,dpu,3416.81,3518.21
12,729,g_a,dpu,3518.21,3523.57
12,729,g_a_cpu,cpu,3523.58,3524.13
12,729,eb_enc,cpu,3524.14,3529.31
12,756,normalize,cpu,3530.31,3534.06
12,756,g_a_cpu,cpu,3534.06,3534.77
12,756,g_a,dpu,3534.77,3595.21
12,756,g_a,dpu,3595.21,3656.56
12,756,g_a_cpu,cpu,3656.56,3657.03
12,756,eb_enc,cpu,3657.03,3661.99
12,783,normalize,cpu,3663.11,3666.86
12,783,g_a_cpu,cpu,3666.86,3667.31
12,783,g_a,dpu,3667.31,3721.53
12,783,g_a,dpu,3721.53,3837.56
12,783,g_a_cpu,cpu,3837.56,3838.04
12,783,eb_enc,cpu,3838.04,3844.02
12,822,normalize,cpu,3844.63,3848.44
12,822,g_a_cpu,cpu,3848.44,3848.83
12,822,g_a,dpu,3848.83,3968.3
12,822,g_a,dpu,3968.3,4039.12
12,822,g_a_cpu,cpu,4039.13,4039.81
12,822,eb_enc,cpu,4039.82,4045.34
12,866,normalize,cpu,4045.89,4050.37
12,866,g_a_cpu,cpu,4050.38,4050.8
12,866,g_a,dpu,4050.8,4102.42
12,866,g_a,dpu,4102.42,4164.08
12,866,g_a_cpu,cpu,4164.08,4164.72
12,866,eb_enc,cpu,4164.72,4170.05
12,894,normalize,cpu,4170.66,4184.04
12,894,g_a_cpu,cpu,4184.05,4184.42
12,894,g_a,dpu,4184.43,4240.12
12,894,g_a,dpu,4240.12,4304.72
12,894,g_a_cpu,cpu,4304.72,4305.15
12,894,eb_enc,cpu,4305.15,4310.04
12,924,normalize,cpu,4310.56,4314.36
12,924,g_a_cpu,cpu,4314.36,4314.91
12,924,g_a,dpu,4314.92,4367.63
12,924,g_a,dpu,4367.63,4398.63
12,924,g_a_cpu,cpu,4398.63,4399.03
12,924,eb_enc,cpu,4399.03,4404.16
13,6,normalize,cpu,74.728,95.3011
13,6,g_a_cpu,cpu,119.44,120.122
13,6,g_a,dpu,120.139,178.585
13,6,g_a,dpu,178.601,223.938
13,6,g_a_cpu,cpu,223.94,224.522
13,6,eb_enc,cpu,224.531,262.742
13,54,normalize,cpu,263.929,269.208
13,54,g_a_cpu,cpu,269.218,269.81
13,54,g_a,dpu,269.813,346.269
13,54,g_a,dpu,346.278,408.104
13,54,g_a_cpu,cpu,408.104,408.565
13,54,eb_enc,cpu,408.567,413.482
13,87,normalize,cpu,414.123,417.787
13,87,g_a_cpu,cpu,417.791,418.915
13,87,g_a,dpu,418.919,496.782
13,87,g_a,dpu,496.785,506.966
13,87,g_a_cpu,cpu,506.967,507.387
13,87,eb_enc,cpu,507.396,512.526
13,107,normalize,cpu,513.414,517.114
13,107,g_a_cpu,cpu,517.116,517.52
13,107,g_a,dpu,517.526,634.749
13,107,g_a,dpu,634.75,741.33
13,107,g_a_cpu,cpu,741.331,741.755
13,107,eb_enc,cpu,741.758,747
13,155,normalize,cpu,747.609,751.445
13,155,g_a_cpu,cpu,751.45,752.28
13,155,g_a,dpu,752.283,823.042
13,155,g_a,dpu,823.044,1012.37
13,155,g_a_cpu,cpu,1012.37,1012.75
13,155,eb_enc,cpu,1012.75,1017.72
13,212,normalize,cpu,1018.25,1030.41
13,212,g_a_cpu,cpu,1030.41,1030.84
13,212,g_a,dpu,1030.84,1036.55
13,212,g_a,dpu,1036.56,1193.5
13,212,g_a_cpu,cpu,1193.51,1194.03
13,212,eb_enc,cpu,1194.03,1208.37
13,250,normalize,cpu,1209.52,1223.33
13,250,g_a_cpu,cpu,1223.34,1224
13,250,g_a,dpu,1224.01,1278.1
13,250,g_a,dpu,1278.1,1284.32
13,250,g_a_cpu,cpu,1284.32,1284.9
13,250,eb_enc,cpu,1284.91,1292.57
13,268,normalize,cpu,1293.27,1297.79
13,268,g_a_cpu,cpu,1297.79,1298.45
13,268,g_a,dpu,1298.46,1414.76
13,268,g_a,dpu,1414.76,1419.99
13,268,g_a_cpu,cpu,1420,1420.44
13,268,eb_enc,cpu,1420.44,1425.33
13,297,normalize,cpu,1427.04,1431.33
13,297,g_a_cpu,cpu,1431.33,1431.92
13,297,g_a,dpu,1431.92,1551.64
13,297,g_a,dpu,1551.64,1608.09
13,297,g_a_cpu,cpu,1608.1,1608.8
13,297,eb_enc,cpu,1608.81,1614.17
13,337,normalize,cpu,1614.78,1619.18
13,337,g_a_cpu,cpu,1619.18,1619.73
13,337,g_a,dpu,1619.74,1765.13
13,337,g_a,dpu,1765.13,1833.3
13,337,g_a_cpu,cpu,1833.3,1833.92
13,337,eb_enc,cpu,1833.93,1839.43
13,386,normalize,cpu,1840.37,1844.13
13,386,g_a_cpu,cpu,1844.13,1844.61
13,386,g_a,dpu,1844.61,1898.79
13,386,g_a,dpu,1898.79,1966.25
13,386,g_a_cpu,cpu,1966.25,1966.74
13,386,eb_enc,cpu,1966.77,1977.87
13,414,normalize,cpu,1978.75,1993.65
13,414,g_a_cpu,cpu,1993.66,1994.14
13,414,g_a,dpu,1994.15,2051.93
13,414,g_a,dpu,2051.93,2103.76
13,414,g_a_cpu,cpu,2103.76,2104.12
13,414,eb_enc,cpu,2104.12,2109.66
13,446,normalize,cpu,2110.43,2114.97
13,446,g_a_cpu,cpu,2114.98,2115.44
13,446,g_a,dpu,2115.44,2162.29
13,446,g_a,dpu,2162.29,2278.16
13,446,g_a_cpu,cpu,2278.16,2278.63
13,446,eb_enc,cpu,2278.63,2284.02
13,484,normalize,cpu,2284.55,2294.02
13,484,g_a_cpu,cpu,2294.03,2294.4
13,484,g_a,dpu,2294.41,2345.15
13,484,g_a,dpu,2345.15,2407.37
13,484,g_a_cpu,cpu,2407.37,2407.75
13,484,eb_enc,cpu,2407.75,2413.08
13,512,normalize,cpu,2413.67,2417.44
13,512,g_a_cpu,cpu,2417.44,2418.03
13,512,g_a,dpu,2418.03,2539.08
13,512,g_a,dpu,2539.08,2602.97
13,512,g_a_cpu,cpu,2602.97,2603.5
13,512,eb_enc,cpu,2603.5,2608.8
13,554,normalize,cpu,2609.52,2613.4
13,554,g_a_cpu,cpu,2613.4,2613.89
13,554,g_a,dpu,2613.9,2676.14
13,554,g_a,dpu,2676.14,2682.22
13,554,g_a_cpu,cpu,2682.22,2682.62
13,554,eb_enc,cpu,2682.62,2688.1
13,573,normalize,cpu,2688.8,2701.79
13,573,g_a_cpu,cpu,2701.79,2702.22
13,573,g_a,dpu,2702.23,2752.41
13,573,g_a,dpu,2752.42,2875.01
13,573,g_a_cpu,cpu,2875.01,2875.42
13,573,eb_enc,cpu,2875.42,2885.6
13,616,normalize,cpu,2886.86,2890.59
13,616,g_a_cpu,cpu,2890.6,2892.55
13,616,g_a,dpu,2892.56,2949.22
13,616,g_a,dpu,2949.22,3018.79
13,616,g_a_cpu,cpu,3018.8,3019.61
13,616,eb_enc,cpu,3019.62,3025.26
13,645,normalize,cpu,3026.24,3035.19
13,645,g_a_cpu,cpu,3035.2,3035.72
13,645,g_a,dpu,3035.73,3123.91
13,645,g_a,dpu,3123.91,3131.92
13,645,g_a_cpu,cpu,3131.92,3132.47
13,645,eb_enc,cpu,3132.47,3139.32
13,671,normalize,cpu,3139.99,3143.97
13,671,g_a_cpu,cpu,3143.98,3144.57
13,671,g_a,dpu,3144.57,3215.22
13,671,g_a,dpu,3215.23,3220.83
13,671,g_a_cpu,cpu,3220.83,3221.57
13,671,eb_enc,cpu,3221.57,3228.76
13,691,normalize,cpu,3229.36,3233.78
13,691,g_a_cpu,cpu,3233.79,3234.3
13,691,g_a,dpu,3234.31,3239.87
13,691,g_a,dpu,3239.87,3317.64
13,691,g_a_cpu,cpu,3317.65,3318.18
13,691,eb_enc,cpu,3318.18,3323.73
13,710,normalize,cpu,3324.53,3328.21
13,710,g_a_cpu,cpu,3328.21,3328.58
13,710,g_a,dpu,3328.59,3334.87
13,710,g_a,dpu,3334.88,3444.07
13,710,g_a_cpu,cpu,3444.07,3444.62
13,710,eb_enc,cpu,3444.63,3449.99
13,739,normalize,cpu,3450.67,3455.07
13,739,g_a_cpu,cpu,3455.08,3455.46
13,739,g_a,dpu,3455.47,3516.24
13,739,g_a,dpu,3516.24,3574.07
13,739,g_a_cpu,cpu,3574.07,3574.84
13,739,eb_enc,cpu,3574.84,3587.18
13,767,normalize,cpu,3587.75,3591.46
13,767,g_a_cpu,cpu,3591.47,3591.88
13,767,g_a,dpu,3591.88,3662.36
13,767,g_a,dpu,3662.36,3846.28
13,767,g_a_cpu,cpu,3846.29,3846.68
13,767,eb_enc,cpu,3846.68,3851.81
13,825,normalize,cpu,3852.7,3856.39
13,825,g_a_cpu,cpu,3856.39,3856.95
13,825,g_a,dpu,3856.96,3907.64
13,825,g_a,dpu,3907.64,3913.04
13,825,g_a_cpu,cpu,3913.05,3913.44
13,825,eb_enc,cpu,3913.45,3918.48
13,838,normalize,cpu,3919.02,3922.82
13,838,g_a_cpu,cpu,3922.83,3923.62
13,838,g_a,dpu,3923.63,3982.36
13,838,g_a,dpu,3982.36,4097.44
13,838,g_a_cpu,cpu,4097.44,4098.4
13,838,eb_enc,cpu,4098.4,4104.69
13,879,normalize,cpu,4105.28,4109.09
13,879,g_a_cpu,cpu,4109.1,4110.32
13,879,g_a,dpu,4110.33,4165.7
13,879,g_a,dpu,4165.7,4170.85
13,879,g_a_cpu,cpu,4170.85,4171.45
13,879,eb_enc,cpu,4171.46,4176.68
13,896,normalize,cpu,4177.23,4188.97
13,896,g_a_cpu,cpu,4188.98,4189.51
13,896,g_a,dpu,4189.51,4247.65
13,896,g_a,dpu,4247.65,4304.6
13,896,g_a_cpu,cpu,4304.6,4305
13,896,eb_enc,cpu,4305.01,4309.98
13,923,normalize,cpu,4310.56,4314.46
13,923,g_a_cpu,cpu,4314.47,4315.06
13,923,g_a,dpu,4315.06,4372.57
13,923,g_a,dpu,4372.57,4378.54
13,923,g_a_cpu,cpu,4378.54,4379.26
13,923,eb_enc,cpu,4379.27,4385.24
14,21,normalize,cpu,102.195,105.904
14,21,g_a_cpu,cpu,121.097,121.844
14,21,g_a,dpu,121.847,188.213
14,21,g_a,dpu,188.22,194.015
14,21,g_a_cpu,cpu,194.017,194.581
14,21,eb_enc,cpu,194.594,211.995
14,44,normalize,cpu,212.608,216.354
14,44,g_a_cpu,cpu,216.358,216.685
14,44,g_a,dpu,216.688,286.327
14,44,g_a,dpu,286.335,343.366
14,44,g_a_cpu,cpu,343.368,343.998
14,44,eb_enc,cpu,344.001,356.935
14,78,normalize,cpu,357.658,361.468
14,78,g_a_cpu,cpu,361.475,362.62
14,78,g_a,dpu,362.631,470.224
14,78,g_a,dpu,470.228,476.07
14,78,g_a_cpu,cpu,476.076,476.476
14,78,eb_enc,cpu,476.485,481.833
14,98,normalize,cpu,482.553,486.205
14,98,g_a_cpu,cpu,486.209,498.504
14,98,g_a,dpu,498.508,617.469
14,98,g_a,dpu,617.472,633.558
14,98,g_a_cpu,cpu,633.559,633.935
14,98,eb_enc,cpu,633.937,639.276
14,131,normalize,cpu,640.052,646.181
14,131,g_a_cpu,cpu,646.184,646.76
14,131,g_a,dpu,646.763,710.202
14,131,g_a,dpu,710.203,798.064
14,131,g_a_cpu,cpu,798.065,798.667
14,131,eb_enc,cpu,798.671,804.819
14,166,normalize,cpu,805.384,811.168
14,166,g_a_cpu,cpu,811.172,811.643
14,166,g_a,dpu,811.646,870.513
14,166,g_a,dpu,870.526,878.389
14,166,g_a_cpu,cpu,878.392,878.868
14,166,eb_enc,cpu,878.871,884.013
14,182,normalize,cpu,884.591,888.492
14,182,g_a_cpu,cpu,888.496,888.948
14,182,g_a,dpu,888.951,897.671
14,182,g_a,dpu,897.675,962.523
14,182,g_a_cpu,cpu,962.525,963.036
14,182,eb_enc,cpu,963.039,968.308
14,200,normalize,cpu,968.86,973.462
14,200,g_a_cpu,cpu,973.465,973.866
14,200,g_a,dpu,973.87,986.333
14,200,g_a,dpu,986.336,1064.82
14,200,g_a_cpu,cpu,1064.82,1065.16
14,200,eb_enc,cpu,1065.17,1070.23
14,221,normalize,cpu,1070.76,1074.6
14,221,g_a_cpu,cpu,1074.61,1075.07
14,221,g_a,dpu,1075.07,1157.4
14,221,g_a,dpu,1157.4,1234.73
14,221,g_a_cpu,cpu,1234.73,1235.26
14,221,eb_enc,cpu,1235.26,1240.5
14,257,normalize,cpu,1241.46,1245.86
14,257,g_a_cpu,cpu,1245.86,1246.35
14,257,g_a,dpu,1246.35,1309.38
14,257,g_a,dpu,1309.38,1318.15
14,257,g_a_cpu,cpu,1318.15,1318.65
14,257,eb_enc,cpu,1318.66,1324.51
14,276,normalize,cpu,1325.1,1328.85
14,276,g_a_cpu,cpu,1328.86,1329.26
14,276,g_a,dpu,1329.26,1402.29
14,276,g_a,dpu,1402.29,1494.22
14,276,g_a_cpu,cpu,1494.23,1494.78
14,276,eb_enc,cpu,1494.81,1499.97
14,310,normalize,cpu,1500.51,1508.93
14,310,g_a_cpu,cpu,1508.94,1509.61
14,310,g_a,dpu,1509.62,1561.71
14,310,g_a,dpu,1561.71,1570.42
14,310,g_a_cpu,cpu,1570.42,1570.94
14,310,eb_enc,cpu,1570.94,1576.56
14,329,normalize,cpu,1577.3,1581.23
14,329,g_a_cpu,cpu,1581.24,1581.62
14,329,g_a,dpu,1581.62,1702.17
14,329,g_a,dpu,1702.18,1782.21
14,329,g_a_cpu,cpu,1782.21,1782.7
14,329,eb_enc,cpu,1782.71,1788.06
14,374,normalize,cpu,1788.73,1792.73
14,374,g_a_cpu,cpu,1792.73,1793.29
14,374,g_a,dpu,1793.29,1847.45
14,374,g_a,dpu,1847.45,1853.15
14,374,g_a_cpu,cpu,1853.15,1853.82
14,374,eb_enc,cpu,1853.82,1859.33
14,391,normalize,cpu,1860.42,1864.14
14,391,g_a_cpu,cpu,1864.16,1864.96
14,391,g_a,dpu,1864.96,2000.96
14,391,g_a,dpu,2000.97,2107.77
14,391,g_a_cpu,cpu,2107.77,2108.3
14,391,eb_enc,cpu,2108.3,2113.62
14,448,normalize,cpu,2114.69,2118.48
14,448,g_a_cpu,cpu,2118.48,2118.95
14,448,g_a,dpu,2118.95,2177.05
14,448,g_a,dpu,2177.06,2238.91
14,448,g_a_cpu,cpu,2238.91,2239.69
14,448,eb_enc,cpu,2239.69,2245.17
14,473,normalize,cpu,2246,2254.58
14,473,g_a_cpu,cpu,2254.58,2255.34
14,473,g_a,dpu,2255.34,2266.3
14,473,g_a,dpu,2266.3,2320.58
14,473,g_a_cpu,cpu,2320.58,2321.18
14,473,eb_enc,cpu,2321.18,2326.51
14,494,normalize,cpu,2327.12,2336.47
14,494,g_a_cpu,cpu,2336.47,2336.99
14,494,g_a,dpu,2337,2398.42
14,494,g_a,dpu,2398.42,2404.3
14,494,g_a_cpu,cpu,2404.3,2404.64
14,494,eb_enc,cpu,2404.65,2409.87
14,511,normalize,cpu,2411.23,2415.05
14,511,g_a_cpu,cpu,2415.05,2415.45
14,511,g_a,dpu,2415.46,2481.16
14,511,g_a,dpu,2481.16,2551.06
14,511,g_a_cpu,cpu,2551.06,2551.4
14,511,eb_enc,cpu,2551.4,2556.41
14,543,normalize,cpu,2557.26,2561
14,543,g_a_cpu,cpu,2561,2561.38
14,543,g_a,dpu,2561.38,2626.03
14,543,g_a,dpu,2626.04,2690.51
14,543,g_a_cpu,cpu,2690.51,2691.04
14,543,eb_enc,cpu,2691.05,2696.36
14,575,normalize,cpu,2696.97,2702.52
14,575,g_a_cpu,cpu,2702.53,2704.26
14,575,g_a,dpu,2704.27,2753.42
14,575,g_a,dpu,2753.42,2759.18
14,575,g_a_cpu,cpu,2759.18,2759.77
14,575,eb_enc,cpu,2759.78,2775.19
14,591,normalize,cpu,2776.35,2780.42
14,591,g_a_cpu,cpu,2780.43,2781.03
14,591,g_a,dpu,2781.03,2905.5
14,591,g_a,dpu,2905.51,2914.24
14,591,g_a_cpu,cpu,2914.24,2914.97
14,591,eb_enc,cpu,2914.97,2920.49
14,624,normalize,cpu,2921.17,2924.87
14,624,g_a_cpu,cpu,2924.87,2935.5
14,624,g_a,dpu,2935.51,3000.15
14,624,g_a,dpu,3000.16,3064.26
14,624,g_a_cpu,cpu,3064.27,3064.73
14,624,eb_enc,cpu,3064.73,3069.8
14,656,normalize,cpu,3070.56,3074.34
14,656,g_a_cpu,cpu,3074.34,3074.76
14,656,g_a,dpu,3074.77,3145.64
14,656,g_a,dpu,3145.64,3206.14
14,656,g_a_cpu,cpu,3206.15,3206.72
14,656,eb_enc,cpu,3206.72,3214.46
14,687,normalize,cpu,3215.96,3223.16
14,687,g_a_cpu,cpu,3223.16,3223.7
14,687,g_a,dpu,3223.7,3298.29
14,687,g_a,dpu,3298.29,3378.7
14,687,g_a_cpu,cpu,3378.7,3379.07
14,687,eb_enc,cpu,3379.07,3384.2
14,724,normalize,cpu,3384.68,3388.56
14,724,g_a_cpu,cpu,3388.56,3389.03
14,724,g_a,dpu,3389.04,3455.73
14,724,g_a,dpu,3455.73,3541.21
14,724,g_a_cpu,cpu,3541.21,3541.61
14,724,eb_enc,cpu,3541.61,3548.12
14,759,normalize,cpu,3548.95,3552.85
14,759,g_a_cpu,cpu,3552.86,3553.36
14,759,g_a,dpu,3553.36,3635.38
14,759,g_a,dpu,3635.39,3702.96
14,759,g_a_cpu,cpu,3702.97,3703.44
14,759,eb_enc,cpu,3703.44,3709.46
14,792,normalize,cpu,3710.17,3714.04
14,792,g_a_cpu,cpu,3714.04,3714.4
14,792,g_a,dpu,3714.41,3780.34
14,792,g_a,dpu,3780.34,3793.46
14,792,g_a_cpu,cpu,3793.46,3793.87
14,792,eb_enc,cpu,3793.87,3798.98
14,813,normalize,cpu,3799.53,3804.06
14,813,g_a_cpu,cpu,3804.06,3804.58
14,813,g_a,dpu,3804.58,3875.08
14,813,g_a,dpu,3875.08,3880.66
14,813,g_a_cpu,cpu,3880.67,3881.03
14,813,eb_enc,cpu,3881.03,3886.3
14,829,normalize,cpu,3887.13,3890.81
14,829,g_a_cpu,cpu,3890.81,3891.14
14,829,g_a,dpu,3891.15,3971.74
14,829,g_a,dpu,3971.74,3977.43
14,829,g_a_cpu,cpu,3977.43,3977.83
14,829,eb_enc,cpu,3977.83,3983.8
14,852,normalize,cpu,3984.52,3990.01
14,852,g_a_cpu,cpu,3990.01,3990.38
14,852,g_a,dpu,3990.38,4057.63
14,852,g_a,dpu,4057.63,4068.21
14,852,g_a_cpu,cpu,4068.21,4068.57
14,852,eb_enc,cpu,4068.57,4073.86
14,873,normalize,cpu,4074.53,4078.33
14,873,g_a_cpu,cpu,4078.34,4078.8
14,873,g_a,dpu,4078.81,4141.3
14,873,g_a,dpu,4141.3,4208.08
14,873,g_a_cpu,cpu,4208.08,4208.65
14,873,eb_enc,cpu,4208.66,4215.21
14,904,normalize,cpu,4215.89,4219.69
14,904,g_a_cpu,cpu,4219.7,4220.11
14,904,g_a,dpu,4220.11,4290.28
14,904,g_a,dpu,4290.28,4363.08
14,904,g_a_cpu,cpu,4363.08,4363.52
14,904,eb_enc,cpu,4363.52,4368.86
15,23,normalize,cpu,102.195,105.922
15,23,g_a_cpu,cpu,125.522,126.28
15,23,g_a,dpu,126.286,184.258
15,23,g_a,dpu,184.262,246.933
15,23,g_a_cpu,cpu,246.936,247.617
15,23,eb_enc,cpu,247.639,290.578
15,60,normalize,cpu,291.091,302.588
15,60,g_a_cpu,cpu,302.592,302.948
15,60,g_a,dpu,302.952,408.095
15,60,g_a,dpu,408.103,464.915
15,60,g_a_cpu,cpu,464.917,465.778
15,60,eb_enc,cpu,465.783,471.889
15,96,normalize,cpu,472.551,483.818
15,96,g_a_cpu,cpu,483.821,484.298
15,96,g_a,dpu,484.302,615.162
15,96,g_a,dpu,615.166,621.145
15,96,g_a_cpu,cpu,621.147,621.541
15,96,eb_enc,cpu,621.552,626.688
15,129,normalize,cpu,627.222,631.067
15,129,g_a_cpu,cpu,631.071,631.5
15,129,g_a,dpu,631.504,689.105
15,129,g_a,dpu,689.106,741.331
15,129,g_a_cpu,cpu,741.332,741.765
15,129,eb_enc,cpu,741.767,746.804
15,154,normalize,cpu,747.608,753.127
15,154,g_a_cpu,cpu,753.13,753.559
15,154,g_a,dpu,753.564,810.263
15,154,g_a,dpu,810.264,815.442
15,154,g_a_cpu,cpu,815.443,815.787
15,154,eb_enc,cpu,815.789,820.932
15,170,normalize,cpu,821.546,825.223
15,170,g_a_cpu,cpu,825.225,825.764
15,170,g_a,dpu,825.767,905.194
15,170,g_a,dpu,905.207,910.974
15,170,g_a_cpu,cpu,910.978,911.567
15,170,eb_enc,cpu,911.572,916.954
15,190,normalize,cpu,917.559,921.611
15,190,g_a_cpu,cpu,921.615,922.286
15,190,g_a,dpu,922.29,991.304
15,190,g_a,dpu,991.306,996.552
15,190,g_a_cpu,cpu,996.553,996.988
15,190,eb_enc,cpu,996.989,1002.09
15,207,normalize,cpu,1002.9,1006.66
15,207,g_a_cpu,cpu,1006.66,1007.05
15,207,g_a,dpu,1007.05,1076.79
15,207,g_a,dpu,1076.8,1137.81
15,207,g_a_cpu,cpu,1137.82,1138.64
15,207,eb_enc,cpu,1138.64,1143.85
15,237,normalize,cpu,1144.59,1148.26
15,237,g_a_cpu,cpu,1148.27,1148.73
15,237,g_a,dpu,1148.73,1156.57
15,237,g_a,dpu,1156.57,1218
15,237,g_a_cpu,cpu,1218,1218.66
15,237,eb_enc,cpu,1218.67,1226.2
15,253,normalize,cpu,1227.2,1233.47
15,253,g_a_cpu,cpu,1233.48,1234.1
15,253,g_a,dpu,1234.11,1283.73
15,253,g_a,dpu,1283.73,1298.11
15,253,g_a_cpu,cpu,1298.11,1298.74
15,253,eb_enc,cpu,1298.74,1303.69
15,271,normalize,cpu,1304.38,1308.09
15,271,g_a_cpu,cpu,1308.09,1308.55
15,271,g_a,dpu,1308.55,1320.6
15,271,g_a,dpu,1320.61,1388.18
15,271,g_a_cpu,cpu,1388.18,1388.8
15,271,eb_enc,cpu,1388.84,1394.77
15,290,normalize,cpu,1395.59,1399.28
15,290,g_a_cpu,cpu,1399.28,1399.73
15,290,g_a,dpu,1399.73,1475.18
15,290,g_a,dpu,1475.18,1534.3
15,290,g_a_cpu,cpu,1534.31,1534.94
15,290,eb_enc,cpu,1534.95,1540.1
15,320,normalize,cpu,1540.71,1544.76
15,320,g_a_cpu,cpu,1544.76,1545.14
15,320,g_a,dpu,1545.15,1551.92
15,320,g_a,dpu,1551.92,1667.93
15,320,g_a_cpu,cpu,1667.93,1668.38
15,320,eb_enc,cpu,1668.38,1674.23
15,352,normalize,cpu,1674.8,1678.52
15,352,g_a_cpu,cpu,1678.52,1679.27
15,352,g_a,dpu,1679.28,1737.85
15,352,g_a,dpu,1737.85,1797.3
15,352,g_a_cpu,cpu,1797.31,1797.74
15,352,eb_enc,cpu,1797.74,1802.86
15,378,normalize,cpu,1803.39,1807.78
15,378,g_a_cpu,cpu,1807.78,1808.24
15,378,g_a,dpu,1808.24,1860.01
15,378,g_a,dpu,1860.01,1865.53
15,378,g_a_cpu,cpu,1865.54,1866.01
15,378,eb_enc,cpu,1866.01,1871.99
15,395,normalize,cpu,1872.78,1876.54
15,395,g_a_cpu,cpu,1876.55,1876.94
15,395,g_a,dpu,1876.95,1930.23
15,395,g_a,dpu,1930.23,2014.4
15,395,g_a_cpu,cpu,2014.41,2015.1
15,395,eb_enc,cpu,2015.1,2020.1
15,424,normalize,cpu,2020.83,2024.65
15,424,g_a_cpu,cpu,2024.66,2025.16
15,424,g_a,dpu,2025.16,2030.31
15,424,g_a,dpu,2030.31,2083.51
15,424,g_a_cpu,cpu,2083.51,2083.9
15,424,eb_enc,cpu,2083.9,2089.03
15,441,normalize,cpu,2089.64,2093.41
15,441,g_a_cpu,cpu,2093.41,2093.85
15,441,g_a,dpu,2093.85,2166.95
15,441,g_a,dpu,2166.96,2237.45
15,441,g_a_cpu,cpu,2237.46,2238.27
15,441,eb_enc,cpu,2238.27,2243.78
15,472,normalize,cpu,2244.56,2248.23
15,472,g_a_cpu,cpu,2248.24,2248.92
15,472,g_a,dpu,2248.93,2308.91
15,472,g_a,dpu,2308.91,2372.04
15,472,g_a_cpu,cpu,2372.05,2372.66
15,472,eb_enc,cpu,2372.66,2378.04
15,503,normalize,cpu,2378.71,2383.73
15,503,g_a_cpu,cpu,2383.74,2384.2
15,503,g_a,dpu,2384.2,2451.54
15,503,g_a,dpu,2451.54,2517.07
15,503,g_a_cpu,cpu,2517.07,2517.72
15,503,eb_enc,cpu,2517.72,2523.14
15,536,normalize,cpu,2524.11,2528.85
15,536,g_a_cpu,cpu,2528.86,2529.71
15,536,g_a,dpu,2529.71,2578.24
15,536,g_a,dpu,2578.24,2644.46
15,536,g_a_cpu,cpu,2644.46,2644.99
15,536,eb_enc,cpu,2644.99,2650.16
15,565,normalize,cpu,2650.69,2655.48
15,565,g_a_cpu,cpu,2655.48,2656.02
15,565,g_a,dpu,2656.02,2719.55
15,565,g_a,dpu,2719.56,2835.64
15,565,g_a_cpu,cpu,2835.64,2836.28
15,565,eb_enc,cpu,2836.29,2841.56
15,605,normalize,cpu,2842.12,2845.76
15,605,g_a_cpu,cpu,2845.77,2846.45
15,605,g_a,dpu,2846.46,3004.92
15,605,g_a,dpu,3004.92,3075.34
15,605,g_a_cpu,cpu,3075.34,3075.81
15,605,eb_enc,cpu,3075.82,3080.84
15,659,normalize,cpu,3081.82,3086.42
15,659,g_a_cpu,cpu,3086.43,3087.07
15,659,g_a,dpu,3087.08,3143.4
15,659,g_a,dpu,3143.4,3210.22
15,659,g_a_cpu,cpu,3210.22,3210.78
15,659,eb_enc,cpu,3210.78,3215.98
15,689,normalize,cpu,3217.11,3222.05
15,689,g_a_cpu,cpu,3222.06,3222.5
15,689,g_a,dpu,3222.5,3327.27
15,689,g_a,dpu,3327.27,3333.56
15,689,g_a_cpu,cpu,3333.56,3334.23
15,689,eb_enc,cpu,3334.23,3339.56
15,713,normalize,cpu,3340.24,3355.23
15,713,g_a_cpu,cpu,3355.24,3355.67
15,713,g_a,dpu,3355.67,3572.96
15,713,g_a,dpu,3572.96,3635.18
15,713,g_a_cpu,cpu,3635.19,3636.03
15,713,eb_enc,cpu,3636.03,3641.37
15,779,normalize,cpu,3642.46,3646.19
15,779,g_a_cpu,cpu,3646.2,3646.77
15,779,g_a,dpu,3646.77,3760.48
15,779,g_a,dpu,3760.48,3816.55
15,779,g_a_cpu,cpu,3816.55,3817.17
15,779,eb_enc,cpu,3817.17,3822.18
15,817,normalize,cpu,3823.03,3826.81
15,817,g_a_cpu,cpu,3826.82,3827.2
15,817,g_a,dpu,3827.21,3833.01
15,817,g_a,dpu,3833.02,3886.88
15,817,g_a_cpu,cpu,3886.89,3887.37
15,817,eb_enc,cpu,3887.38,3893.35
15,832,normalize,cpu,3894.2,3898.64
15,832,g_a_cpu,cpu,3898.64,3899.1
15,832,g_a,dpu,3899.1,3963.42
15,832,g_a,dpu,3963.42,4032.48
15,832,g_a_cpu,cpu,4032.48,4032.95
15,832,eb_enc,cpu,4032.95,4037.85
15,864,normalize,cpu,4038.98,4042.73
15,864,g_a_cpu,cpu,4042.74,4043.73
15,864,g_a,dpu,4043.74,4207.29
15,864,g_a,dpu,4207.29,4271.77
15,864,g_a_cpu,cpu,4271.77,4272.14
15,864,eb_enc,cpu,4272.14,4277.07
15,918,normalize,cpu,4277.56,4281.99
15,918,g_a_cpu,cpu,4282,4282.54
15,918,g_a,dpu,4282.54,4387.31
15,918,g_a,dpu,4387.31,4411.65
15,918,g_a_cpu,cpu,4411.65,4412.01
15,918,eb_enc,cpu,4412.02,4416.95
16,5,normalize,cpu,70.7132,93.5865
16,5,g_a_cpu,cpu,118.606,119.358
16,5,g_a,dpu,119.365,159.771
16,5,g_a,dpu,159.775,166.167
16,5,g_a_cpu,cpu,166.172,167.01
16,5,eb_enc,cpu,167.026,187.672
16,39,normalize,cpu,188.37,204.779
16,39,g_a_cpu,cpu,204.782,205.484
16,39,g_a,dpu,205.492,263.526
16,39,g_a,dpu,263.534,335.01
16,39,g_a_cpu,cpu,335.012,335.502
16,39,eb_enc,cpu,335.505,340.681
16,73,normalize,cpu,341.348,345.098
16,73,g_a_cpu,cpu,345.104,345.548
16,73,g_a,dpu,345.554,415.542
16,73,g_a,dpu,415.544,490.907
16,73,g_a_cpu,cpu,490.908,491.451
16,73,eb_enc,cpu,491.462,496.53
16,103,normalize,cpu,497.225,500.917
16,103,g_a_cpu,cpu,500.921,501.365
16,103,g_a,dpu,501.369,557.221
16,103,g_a,dpu,557.223,607.818
16,103,g_a_cpu,cpu,607.822,608.345
16,103,eb_enc,cpu,608.348,614.072
16,127,normalize,cpu,614.871,618.682
16,127,g_a_cpu,cpu,618.692,619.315
16,127,g_a,dpu,619.318,680.547
16,127,g_a,dpu,680.549,685.874
16,127,g_a_cpu,cpu,685.875,686.248
16,127,eb_enc,cpu,686.25,692.212
16,144,normalize,cpu,692.784,699.222
16,144,g_a_cpu,cpu,699.225,699.687
16,144,g_a,dpu,699.69,770.985
16,144,g_a,dpu,770.998,911.264
16,144,g_a_cpu,cpu,911.266,911.865
16,144,eb_enc,cpu,911.866,916.94
16,189,normalize,cpu,917.559,922.442
16,189,g_a_cpu,cpu,922.447,923.05
16,189,g_a,dpu,923.054,991.293
16,189,g_a,dpu,991.295,998.583
16,189,g_a_cpu,cpu,998.584,999.013
16,189,eb_enc,cpu,999.016,1004.2
16,208,normalize,cpu,1004.89,1008.65
16,208,g_a_cpu,cpu,1008.66,1009.41
16,208,g_a,dpu,1009.41,1066.35
16,208,g_a,dpu,1066.35,1123.8
16,208,g_a_cpu,cpu,1123.8,1124.19
16,208,eb_enc,cpu,1124.19,1133.01
16,235,normalize,cpu,1133.58,1155.83
16,235,g_a_cpu,cpu,1155.83,1157.35
16,235,g_a,dpu,1157.36,1217.23
16,235,g_a,dpu,1217.23,1222.88
16,235,g_a_cpu,cpu,1222.88,1223.42
16,235,eb_enc,cpu,1223.43,1228.9
16,254,normalize,cpu,1229.58,1233.26
16,254,g_a_cpu,cpu,1233.27,1233.78
16,254,g_a,dpu,1233.79,1289.55
16,254,g_a,dpu,1289.55,1345.35
16,254,g_a_cpu,cpu,1345.35,1345.86
16,254,eb_enc,cpu,1345.86,1351.02
16,281,normalize,cpu,1351.56,1355.32
16,281,g_a_cpu,cpu,1355.33,1355.7
16,281,g_a,dpu,1355.71,1360.99
16,281,g_a,dpu,1360.99,1467.09
16,281,g_a_cpu,cpu,1467.09,1467.72
16,281,eb_enc,cpu,1467.75,1479.68
16,307,normalize,cpu,1482.56,1486.35
16,307,g_a_cpu,cpu,1486.35,1491.31
16,307,g_a,dpu,1491.32,1496.81
16,307,g_a,dpu,1496.81,1546.92
16,307,g_a_cpu,cpu,1546.92,1547.6
16,307,eb_enc,cpu,1547.61,1552.81
16,324,normalize,cpu,1553.37,1557.76
16,324,g_a_cpu,cpu,1557.76,1558.32
16,324,g_a,dpu,1558.32,1617.54
16,324,g_a,dpu,1617.54,1623.01
16,324,g_a_cpu,cpu,1623.01,1623.68
16,324,eb_enc,cpu,1623.68,1629.09
16,341,normalize,cpu,1629.66,1633.36
16,341,g_a_cpu,cpu,1633.36,1633.81
16,341,g_a,dpu,1633.81,1700.64
16,341,g_a,dpu,1700.64,1786.87
16,341,g_a_cpu,cpu,1786.87,1787.31
16,341,eb_enc,cpu,1787.32,1792.89
16,375,normalize,cpu,1793.64,1798.15
16,375,g_a_cpu,cpu,1798.16,1798.66
16,375,g_a,dpu,1798.67,1858.63
16,375,g_a,dpu,1858.63,1864.09
16,375,g_a_cpu,cpu,1864.09,1864.85
16,375,eb_enc,cpu,1864.85,1870.57
16,394,normalize,cpu,1871.17,1882.99
16,394,g_a_cpu,cpu,1882.99,1883.68
16,394,g_a,dpu,1883.68,1940.68
16,394,g_a,dpu,1940.68,1951
16,394,g_a_cpu,cpu,1951,1951.46
16,394,eb_enc,cpu,1951.46,1964.87
16,411,normalize,cpu,1965.34,1969.16
16,411,g_a_cpu,cpu,1969.17,1969.57
16,411,g_a,dpu,1969.57,2028.37
16,411,g_a,dpu,2028.37,2090.69
16,411,g_a_cpu,cpu,2090.69,2091.21
16,411,eb_enc,cpu,2091.22,2096.21
16,442,normalize,cpu,2096.84,2100.55
16,442,g_a_cpu,cpu,2100.55,2101.08
16,442,g_a,dpu,2101.09,2207.75
16,442,g_a,dpu,2207.75,2268.09
16,442,g_a_cpu,cpu,2268.09,2268.67
16,442,eb_enc,cpu,2268.68,2274.13
16,481,normalize,cpu,2274.88,2279.29
16,481,g_a_cpu,cpu,2279.3,2279.98
16,481,g_a,dpu,2279.98,2334.54
16,481,g_a,dpu,2334.55,2395.59
16,481,g_a_cpu,cpu,2395.6,2396.13
16,481,eb_enc,cpu,2396.13,2401.72
16,508,normalize,cpu,2402.47,2406.21
16,508,g_a_cpu,cpu,2406.21,2406.65
16,508,g_a,dpu,2406.66,2528
16,508,g_a,dpu,2528,2584.12
16,508,g_a_cpu,cpu,2584.12,2584.57
16,508,eb_enc,cpu,2584.57,2590.87
16,549,normalize,cpu,2591.56,2595.31
16,549,g_a_cpu,cpu,2595.32,2595.6
16,549,g_a,dpu,2595.6,2664.62
16,549,g_a,dpu,2664.62,2670.41
16,549,g_a_cpu,cpu,2670.41,2670.89
16,549,eb_enc,cpu,2670.89,2676.52
16,570,normalize,cpu,2677.45,2681.2
16,570,g_a_cpu,cpu,2681.2,2681.62
16,570,g_a,dpu,2681.62,2689.67
16,570,g_a,dpu,2689.68,2737.59
16,570,g_a_cpu,cpu,2737.59,2738.31
16,570,eb_enc,cpu,2738.31,2743.75
16,583,normalize,cpu,2744.56,2748.47
16,583,g_a_cpu,cpu,2748.47,2749.03
16,583,g_a,dpu,2749.04,2822.11
16,583,g_a,dpu,2822.11,2827.82
16,583,g_a_cpu,cpu,2827.83,2828.34
16,583,eb_enc,cpu,2828.34,2833.8
16,603,normalize,cpu,2834.39,2838.24
16,603,g_a_cpu,cpu,2838.25,2839.01
16,603,g_a,dpu,2839.02,2899.59
16,603,g_a,dpu,2899.59,2966.74
16,603,g_a_cpu,cpu,2966.75,2967.22
16,603,eb_enc,cpu,2967.23,2972.21
16,636,normalize,cpu,2972.74,2976.48
16,636,g_a_cpu,cpu,2976.49,2976.92
16,636,g_a,dpu,2976.92,3087.51
16,636,g_a,dpu,3087.51,3146.13
16,636,g_a_cpu,cpu,3146.13,3146.6
16,636,eb_enc,cpu,3146.6,3151.78
16,674,normalize,cpu,3152.48,3156.13
16,674,g_a_cpu,cpu,3156.13,3156.57
16,674,g_a,dpu,3156.58,3226.24
16,674,g_a,dpu,3226.24,3355.65
16,674,g_a_cpu,cpu,3355.66,3356.03
16,674,eb_enc,cpu,3356.03,3361.1
16,719,normalize,cpu,3361.87,3365.54
16,719,g_a_cpu,cpu,3365.55,3365.91
16,719,g_a,dpu,3365.92,3377.75
16,719,g_a,dpu,3377.75,3545.49
16,719,g_a_cpu,cpu,3545.49,3546.13
16,719,eb_enc,cpu,3546.13,3555.98
16,760,normalize,cpu,3556.88,3561.56
16,760,g_a_cpu,cpu,3561.57,3568.1
16,760,g_a,dpu,3568.11,3640.12
16,760,g_a,dpu,3640.12,3645.46
16,760,g_a_cpu,cpu,3645.46,3645.86
16,760,eb_enc,cpu,3645.87,3650.91
16,780,normalize,cpu,3651.61,3655.29
16,780,g_a_cpu,cpu,3655.3,3655.8
16,780,g_a,dpu,3655.8,3712.23
16,780,g_a,dpu,3712.23,3784.38
16,780,g_a_cpu,cpu,3784.38,3784.97
16,780,eb_enc,cpu,3784.97,3790.02
16,811,normalize,cpu,3790.57,3796.48
16,811,g_a_cpu,cpu,3796.49,3796.89
16,811,g_a,dpu,3796.9,3861.1
16,811,g_a,dpu,3861.1,3919.41
16,811,g_a_cpu,cpu,3919.41,3919.85
16,811,eb_enc,cpu,3919.85,3925.32
16,839,normalize,cpu,3925.86,3929.68
16,839,g_a_cpu,cpu,3929.69,3930.31
16,839,g_a,dpu,3930.31,3941.53
16,839,g_a,dpu,3941.53,4009.03
16,839,g_a_cpu,cpu,4009.03,4009.62
16,839,eb_enc,cpu,4009.62,4014.82
16,858,normalize,cpu,4015.29,4019.06
16,858,g_a_cpu,cpu,4019.07,4019.61
16,858,g_a,dpu,4019.61,4119.6
16,858,g_a,dpu,4119.6,4242.84
16,858,g_a_cpu,cpu,4242.85,4243.37
16,858,eb_enc,cpu,4243.38,4249.26
16,912,normalize,cpu,4249.76,4259.34
16,912,g_a_cpu,cpu,4259.35,4259.77
16,912,g_a,dpu,4259.78,4268.09
16,912,g_a,dpu,4268.1,4330.95
16,912,g_a_cpu,cpu,4330.95,4331.35
16,912,eb_enc,cpu,4331.36,4337.75
17,11,normalize,cpu,78.7043,94.4926
17,11,g_a_cpu,cpu,119.595,120.467
17,11,g_a,dpu,120.475,157.335
17,11,g_a,dpu,157.345,280.707
17,11,g_a_cpu,cpu,280.711,281.119
17,11,eb_enc,cpu,281.131,311.612
17,67,normalize,cpu,312.445,320.992
17,67,g_a_cpu,cpu,320.995,321.399
17,67,g_a,dpu,321.405,327.314
17,67,g_a,dpu,327.321,404.438
17,67,g_a_cpu,cpu,404.442,405.03
17,67,eb_enc,cpu,405.032,410.388
17,86,normalize,cpu,411.151,415.429
17,86,g_a_cpu,cpu,415.434,416.004
17,86,g_a,dpu,416.008,494.177
17,86,g_a,dpu,494.178,501.841
17,86,g_a_cpu,cpu,501.842,502.517
17,86,eb_enc,cpu,502.529,507.715
17,105,normalize,cpu,508.408,512.225
17,105,g_a_cpu,cpu,512.228,512.615
17,105,g_a,dpu,512.619,573.001
17,105,g_a,dpu,573.003,643.292
17,105,g_a_cpu,cpu,643.295,643.865
17,105,eb_enc,cpu,643.868,649.285
17,134,normalize,cpu,650.303,653.976
17,134,g_a_cpu,cpu,653.98,654.696
17,134,g_a,dpu,654.699,726.617
17,134,g_a,dpu,726.618,808.714
17,134,g_a_cpu,cpu,808.715,809.18
17,134,eb_enc,cpu,809.185,814.189
17,168,normalize,cpu,814.858,818.64
17,168,g_a_cpu,cpu,818.646,819.234
17,168,g_a,dpu,819.24,1007.84
17,168,g_a,dpu,1007.85,1022.16
17,168,g_a_cpu,cpu,1022.17,1022.54
17,168,eb_enc,cpu,1022.54,1027.82
17,214,normalize,cpu,1028.43,1033.7
17,214,g_a_cpu,cpu,1033.7,1034.22
17,214,g_a,dpu,1034.22,1103.23
17,214,g_a,dpu,1103.24,1263.59
17,214,g_a_cpu,cpu,1263.59,1264.15
17,214,eb_enc,cpu,1264.15,1269.45
17,263,normalize,cpu,1271.98,1277.59
17,263,g_a_cpu,cpu,1277.6,1279.03
17,263,g_a,dpu,1279.04,1334.95
17,263,g_a,dpu,1334.95,1414.16
17,263,g_a_cpu,cpu,1414.16,1414.56
17,263,eb_enc,cpu,1414.56,1419.54
17,296,normalize,cpu,1420.11,1423.85
17,296,g_a_cpu,cpu,1423.86,1424.34
17,296,g_a,dpu,1424.34,1502.3
17,296,g_a,dpu,1502.3,1508.08
17,296,g_a_cpu,cpu,1508.08,1508.72
17,296,eb_enc,cpu,1508.73,1514.35
17,315,normalize,cpu,1515.13,1520.58
17,315,g_a_cpu,cpu,1520.58,1521.09
17,315,g_a,dpu,1521.09,1586.14
17,315,g_a,dpu,1586.15,1649.72
17,315,g_a_cpu,cpu,1649.73,1650.35
17,315,eb_enc,cpu,1650.35,1655.94
17,347,normalize,cpu,1656.83,1660.57
17,347,g_a_cpu,cpu,1660.57,1660.95
17,347,g_a,dpu,1660.95,1734.27
17,347,g_a,dpu,1734.28,1740.53
17,347,g_a_cpu,cpu,1740.53,1740.98
17,347,eb_enc,cpu,1740.99,1747
17,365,normalize,cpu,1747.63,1751.53
17,365,g_a_cpu,cpu,1751.53,1751.99
17,365,g_a,dpu,1752,1942.31
17,365,g_a,dpu,1942.31,2009.84
17,365,g_a_cpu,cpu,2009.84,2010.51
17,365,eb_enc,cpu,2010.51,2016.01
17,423,normalize,cpu,2016.93,2021.89
17,423,g_a_cpu,cpu,2021.9,2022.41
17,423,g_a,dpu,2022.41,2072.09
17,423,g_a,dpu,2072.09,2129.84
17,423,g_a_cpu,cpu,2129.85,2130.32
17,423,eb_enc,cpu,2130.32,2135.31
17,452,normalize,cpu,2135.94,2147.96
17,452,g_a_cpu,cpu,2147.97,2148.67
17,452,g_a,dpu,2148.67,2208.47
17,452,g_a,dpu,2208.47,2214.76
17,452,g_a_cpu,cpu,2214.76,2215.21
17,452,eb_enc,cpu,2215.22,2220.63
17,469,normalize,cpu,2221.16,2224.93
17,469,g_a_cpu,cpu,2224.93,2225.38
17,469,g_a,dpu,2225.38,2287.86
17,469,g_a,dpu,2287.86,2343.94
17,469,g_a_cpu,cpu,2343.94,2344.28
17,469,eb_enc,cpu,2344.28,2349.25
17,498,normalize,cpu,2349.78,2353.48
17,498,g_a_cpu,cpu,2353.48,2353.88
17,498,g_a,dpu,2353.88,2429.34
17,498,g_a,dpu,2429.34,2491.68
17,498,g_a_cpu,cpu,2491.68,2492.52
17,498,eb_enc,cpu,2492.52,2498.27
17,531,normalize,cpu,2498.83,2502.55
17,531,g_a_cpu,cpu,2502.55,2503.15
17,531,g_a,dpu,2503.15,2572.89
17,531,g_a,dpu,2572.89,2631.06
17,531,g_a_cpu,cpu,2631.06,2631.56
17,531,eb_enc,cpu,2631.57,2636.54
17,560,normalize,cpu,2637.05,2640.92
17,560,g_a_cpu,cpu,2640.92,2641.5
17,560,g_a,dpu,2641.51,2654.28
17,560,g_a,dpu,2654.28,2713.7
17,560,g_a_cpu,cpu,2713.7,2714.28
17,560,eb_enc,cpu,2714.28,2720.93
17,580,normalize,cpu,2721.52,2725.22
17,580,g_a_cpu,cpu,2725.22,2725.71
17,580,g_a,dpu,2725.71,2792.07
17,580,g_a,dpu,2792.07,2848.22
17,580,g_a_cpu,cpu,2848.22,2848.6
17,580,eb_enc,cpu,2848.6,2853.86
17,608,normalize,cpu,2854.79,2859.19
17,608,g_a_cpu,cpu,2859.19,2859.76
17,608,g_a,dpu,2859.76,2930.68
17,608,g_a,dpu,2930.69,2982.66
17,608,g_a_cpu,cpu,2982.67,2983.43
17,608,eb_enc,cpu,2983.44,2990.45
17,638,normalize,cpu,2991.49,2995.3
17,638,g_a_cpu,cpu,2995.31,2996.05
17,638,g_a,dpu,2996.06,3058.73
17,638,g_a,dpu,3058.74,3120.08
17,638,g_a_cpu,cpu,3120.09,3120.49
17,638,eb_enc,cpu,3120.49,3125.63
17,667,normalize,cpu,3126.53,3130.27
17,667,g_a_cpu,cpu,3130.28,3130.96
17,667,g_a,dpu,3130.96,3237.02
17,667,g_a,dpu,3237.02,3242.64
17,667,g_a_cpu,cpu,3242.64,3242.98
17,667,eb_enc,cpu,3242.98,3248.11
17,695,normalize,cpu,3249.39,3253.07
17,695,g_a_cpu,cpu,3253.08,3254
17,695,g_a,dpu,3254,3334.27
17,695,g_a,dpu,3334.27,3340.25
17,695,g_a_cpu,cpu,3340.26,3340.62
17,695,eb_enc,cpu,3340.63,3345.99
17,715,normalize,cpu,3346.96,3353.86
17,715,g_a_cpu,cpu,3353.87,3354.26
17,715,g_a,dpu,3354.26,3477.16
17,715,g_a,dpu,3477.16,3554.34
17,715,g_a_cpu,cpu,3554.34,3554.97
17,715,eb_enc,cpu,3554.97,3560.32
17,762,normalize,cpu,3561.18,3564.86
17,762,g_a_cpu,cpu,3564.86,3565.39
17,762,g_a,dpu,3565.4,3641.19
17,762,g_a,dpu,3641.19,3716.2
17,762,g_a_cpu,cpu,3716.2,3716.62
17,762,eb_enc,cpu,3716.62,3721.82
17,795,normalize,cpu,3722.6,3726.38
17,795,g_a_cpu,cpu,3726.38,3726.94
17,795,g_a,dpu,3726.94,3859.79
17,795,g_a,dpu,3859.79,3934.07
17,795,g_a_cpu,cpu,3934.08,3934.48
17,795,eb_enc,cpu,3934.48,3940.47
17,844,normalize,cpu,3941.15,3945
17,844,g_a_cpu,cpu,3945.01,3945.46
17,844,g_a,dpu,3945.46,4075.11
17,844,g_a,dpu,4075.11,4134.38
17,844,g_a_cpu,cpu,4134.38,4134.86
17,844,eb_enc,cpu,4134.87,4140.31
17,887,normalize,cpu,4140.85,4148.7
17,887,g_a_cpu,cpu,4148.71,4156.24
17,887,g_a,dpu,4156.24,4161.81
17,887,g_a,dpu,4161.81,4167.35
17,887,g_a_cpu,cpu,4167.35,4167.92
17,887,eb_enc,cpu,4167.93,4173.63
17,895,normalize,cpu,4174.51,4178.95
17,895,g_a_cpu,cpu,4178.96,4179.32
17,895,g_a,dpu,4179.32,4240.05
17,895,g_a,dpu,4240.06,4307.47
17,895,g_a_cpu,cpu,4307.48,4307.87
17,895,eb_enc,cpu,4307.87,4312.84
17,925,normalize,cpu,4313.34,4317.07
17,925,g_a_cpu,cpu,4317.07,4317.41
17,925,g_a,dpu,4317.41,4383.76
17,925,g_a,dpu,4383.76,4413.71
17,925,g_a_cpu,cpu,4413.71,4414.12
17,925,eb_enc,cpu,4414.12,4419.06
18,7,normalize,cpu,74.7283,94.1522
18,7,g_a_cpu,cpu,121.029,121.812
18,7,g_a,dpu,121.817,144.757
18,7,g_a,dpu,144.766,200.561
18,7,g_a_cpu,cpu,200.564,201.08
18,7,eb_enc,cpu,201.095,233.318
18,47,normalize,cpu,233.891,240.493
18,47,g_a_cpu,cpu,240.497,240.83
18,47,g_a,dpu,240.833,281.021
18,47,g_a,dpu,281.029,294.131
18,47,g_a_cpu,cpu,294.133,294.68
18,47,eb_enc,cpu,294.686,306.564
18,66,normalize,cpu,307.355,312.638
18,66,g_a_cpu,cpu,312.643,313.118
18,66,g_a,dpu,313.121,420.364
18,66,g_a,dpu,420.366,478.785
18,66,g_a_cpu,cpu,478.788,479.421
18,66,eb_enc,cpu,479.441,484.648
18,99,normalize,cpu,485.188,489.031
18,99,g_a_cpu,cpu,489.039,489.867
18,99,g_a,dpu,489.87,557.837
18,99,g_a,dpu,557.84,627.152
18,99,g_a_cpu,cpu,627.154,627.484
18,99,eb_enc,cpu,627.486,632.519
18,130,normalize,cpu,633.107,636.772
18,130,g_a_cpu,cpu,636.777,637.176
18,130,g_a,dpu,637.18,648.288
18,130,g_a,dpu,648.29,653.649
18,130,g_a_cpu,cpu,653.652,654.394
18,130,eb_enc,cpu,654.398,676.517
18,140,normalize,cpu,677.343,681.828
18,140,g_a_cpu,cpu,681.832,682.327
18,140,g_a,dpu,682.33,736.507
18,140,g_a,dpu,736.517,938.902
18,140,g_a_cpu,cpu,938.904,939.346
18,140,eb_enc,cpu,939.348,947.129
18,195,normalize,cpu,947.872,952.423
18,195,g_a_cpu,cpu,952.425,952.79
18,195,g_a,dpu,952.793,1014.72
18,195,g_a,dpu,1014.72,1019.96
18,195,g_a_cpu,cpu,1019.96,1020.29
18,195,eb_enc,cpu,1020.3,1025.16
18,213,normalize,cpu,1025.79,1029.5
18,213,g_a_cpu,cpu,1029.5,1029.92
18,213,g_a,dpu,1029.92,1206.3
18,213,g_a,dpu,1206.3,1256.9
18,213,g_a_cpu,cpu,1256.9,1257.34
18,213,eb_enc,cpu,1257.34,1262.57
18,261,normalize,cpu,1263.24,1266.92
18,261,g_a_cpu,cpu,1266.92,1267.46
18,261,g_a,dpu,1267.47,1272.69
18,261,g_a,dpu,1272.7,1278.16
18,261,g_a_cpu,cpu,1278.17,1278.61
18,261,eb_enc,cpu,1278.62,1284.35
18,267,normalize,cpu,1285.55,1289.23
18,267,g_a_cpu,cpu,1289.24,1289.73
18,267,g_a,dpu,1289.73,1368.96
18,267,g_a,dpu,1368.96,1454.08
18,267,g_a_cpu,cpu,1454.08,1454.84
18,267,eb_enc,cpu,1454.85,1460.08
18,304,normalize,cpu,1460.73,1464.41
18,304,g_a_cpu,cpu,1464.42,1465.09
18,304,g_a,dpu,1465.09,1529.71
18,304,g_a,dpu,1529.72,1594.32
18,304,g_a_cpu,cpu,1594.32,1594.91
18,304,eb_enc,cpu,1594.92,1605.3
18,336,normalize,cpu,1606.04,1609.86
18,336,g_a_cpu,cpu,1609.86,1610.38
18,336,g_a,dpu,1610.38,1683.16
18,336,g_a,dpu,1683.17,1688.48
18,336,g_a_cpu,cpu,1688.48,1689.04
18,336,eb_enc,cpu,1689.04,1694.72
18,355,normalize,cpu,1695.42,1699.25
18,355,g_a_cpu,cpu,1699.27,1699.87
18,355,g_a,dpu,1699.88,1758.81
18,355,g_a,dpu,1758.81,1818.16
18,355,g_a_cpu,cpu,1818.16,1818.53
18,355,eb_enc,cpu,1818.53,1823.75
18,383,normalize,cpu,1824.47,1828.14
18,383,g_a_cpu,cpu,1828.15,1828.63
18,383,g_a,dpu,1828.63,1882.93
18,383,g_a,dpu,1882.93,1888.49
18,383,g_a_cpu,cpu,1888.49,1888.91
18,383,eb_enc,cpu,1888.91,1894.1
18,400,normalize,cpu,1894.79,1898.46
18,400,g_a_cpu,cpu,1898.47,1899.97
18,400,g_a,dpu,1899.98,2019.58
18,400,g_a,dpu,2019.59,2024.68
18,400,g_a_cpu,cpu,2024.68,2025.15
18,400,eb_enc,cpu,2025.15,2030.99
18,426,normalize,cpu,2031.73,2035.4
18,426,g_a_cpu,cpu,2035.41,2035.93
18,426,g_a,dpu,2035.94,2044.79
18,426,g_a,dpu,2044.8,2097.09
18,426,g_a_cpu,cpu,2097.09,2097.6
18,426,eb_enc,cpu,2097.6,2103.21
18,443,normalize,cpu,2107.5,2120.08
18,443,g_a_cpu,cpu,2120.08,2120.46
18,443,g_a,dpu,2120.47,2194.27
18,443,g_a,dpu,2194.27,2199.65
18,443,g_a_cpu,cpu,2199.66,2200.15
18,443,eb_enc,cpu,2200.15,2205.48
18,466,normalize,cpu,2206.11,2210.26
18,466,g_a_cpu,cpu,2210.26,2210.92
18,466,g_a,dpu,2210.92,2319.82
18,466,g_a,dpu,2319.83,2381.86
18,466,g_a_cpu,cpu,2381.86,2382.39
18,466,eb_enc,cpu,2382.39,2387.66
18,505,normalize,cpu,2388.43,2392.12
18,505,g_a_cpu,cpu,2392.12,2392.73
18,505,g_a,dpu,2392.74,2398.42
18,505,g_a,dpu,2398.42,2409.46
18,505,g_a_cpu,cpu,2409.46,2410.08
18,505,eb_enc,cpu,2410.09,2417.51
18,513,normalize,cpu,2418.3,2425.6
18,513,g_a_cpu,cpu,2425.61,2426.03
18,513,g_a,dpu,2426.03,2492.05
18,513,g_a,dpu,2492.06,2538.03
18,513,g_a_cpu,cpu,2538.03,2538.64
18,513,eb_enc,cpu,2538.64,2544.08
18,541,normalize,cpu,2544.75,2549.12
18,541,g_a_cpu,cpu,2549.13,2549.73
18,541,g_a,dpu,2549.74,2617.08
18,541,g_a,dpu,2617.08,2675.87
18,541,g_a_cpu,cpu,2675.87,2676.39
18,541,eb_enc,cpu,2676.39,2681.82
18,571,normalize,cpu,2682.44,2705.09
18,571,g_a_cpu,cpu,2705.1,2705.61
18,571,g_a,dpu,2705.61,2817.57
18,571,g_a,dpu,2817.58,2823.08
18,571,g_a_cpu,cpu,2823.08,2823.62
18,571,eb_enc,cpu,2823.63,2829.14
18,602,normalize,cpu,2829.9,2856.9
18,602,g_a_cpu,cpu,2856.91,2857.47
18,602,g_a,dpu,2857.47,2915.61
18,602,g_a,dpu,2915.61,2920.87
18,602,g_a_cpu,cpu,2920.87,2921.27
18,602,eb_enc,cpu,2921.27,2926.67
18,626,normalize,cpu,2927.43,2931.26
18,626,g_a_cpu,cpu,2931.27,2931.9
18,626,g_a,dpu,2931.91,2999.21
18,626,g_a,dpu,2999.21,3061.33
18,626,g_a_cpu,cpu,3061.33,3062.41
18,626,eb_enc,cpu,3062.42,3067.81
18,655,normalize,cpu,3068.34,3083.61
18,655,g_a_cpu,cpu,3083.61,3083.99
18,655,g_a,dpu,3083.99,3183.35
18,655,g_a,dpu,3183.35,3188.63
18,655,g_a_cpu,cpu,3188.63,3189
18,655,eb_enc,cpu,3189,3193.98
18,684,normalize,cpu,3194.62,3198.35
18,684,g_a_cpu,cpu,3198.35,3198.97
18,684,g_a,dpu,3198.97,3299.9
18,684,g_a,dpu,3299.9,3366.29
18,684,g_a_cpu,cpu,3366.29,3366.69
18,684,eb_enc,cpu,3366.7,3371.73
18,721,normalize,cpu,3372.55,3376.23
18,721,g_a_cpu,cpu,3376.23,3376.66
18,721,g_a,dpu,3376.66,3382.38
18,721,g_a,dpu,3382.38,3434.93
18,721,g_a_cpu,cpu,3434.94,3435.36
18,721,eb_enc,cpu,3435.36,3441.05
18,736,normalize,cpu,3441.78,3450.17
18,736,g_a_cpu,cpu,3450.17,3450.62
18,736,g_a,dpu,3450.62,3504.19
18,736,g_a,dpu,3504.2,3562.32
18,736,g_a_cpu,cpu,3562.32,3562.86
18,736,eb_enc,cpu,3562.87,3569.86
18,763,normalize,cpu,3570.64,3574.5
18,763,g_a_cpu,cpu,3574.51,3575.38
18,763,g_a,dpu,3575.38,3641
18,763,g_a,dpu,3641,3693.5
18,763,g_a_cpu,cpu,3693.5,3693.87
18,763,eb_enc,cpu,3693.87,3699.07
18,790,normalize,cpu,3699.94,3703.61
18,790,g_a_cpu,cpu,3703.61,3704.1
18,790,g_a,dpu,3704.11,3765.22
18,790,g_a,dpu,3765.23,3823.96
18,790,g_a_cpu,cpu,3823.96,3824.36
18,790,eb_enc,cpu,3824.36,3829.59
18,820,normalize,cpu,3830.16,3834.85
18,820,g_a_cpu,cpu,3834.85,3835.24
18,820,g_a,dpu,3835.24,3907.71
18,820,g_a,dpu,3907.71,3913.04
18,820,g_a_cpu,cpu,3913.05,3913.47
18,820,eb_enc,cpu,3913.47,3918.48
18,837,normalize,cpu,3919.02,3923.59
18,837,g_a_cpu,cpu,3923.6,3926.18
18,837,g_a,dpu,3926.19,3980.08
18,837,g_a,dpu,3980.08,3985.19
18,837,g_a_cpu,cpu,3985.19,3985.66
18,837,eb_enc,cpu,3985.66,3990.93
18,853,normalize,cpu,3991.5,3995.17
18,853,g_a_cpu,cpu,3995.17,3995.63
18,853,g_a,dpu,3995.63,4168.93
18,853,g_a,dpu,4168.94,4277.59
18,853,g_a_cpu,cpu,4277.59,4277.91
18,853,eb_enc,cpu,4277.91,4284.78
18,920,normalize,cpu,4285.27,4289.13
18,920,g_a_cpu,cpu,4289.13,4289.49
18,920,g_a,dpu,4289.49,4352.41
18,920,g_a,dpu,4352.41,4391.84
18,920,g_a_cpu,cpu,4391.85,4392.27
18,920,eb_enc,cpu,4392.27,4397.49
19,10,normalize,cpu,78.7042,95.7731
19,10,g_a_cpu,cpu,117.928,118.5
19,10,g_a,dpu,118.505,208.92
19,10,g_a,dpu,208.928,267.582
19,10,g_a_cpu,cpu,267.586,268.137
19,10,eb_enc,cpu,268.151,287.853
19,59,normalize,cpu,288.406,317.853
19,59,g_a_cpu,cpu,317.855,318.298
19,59,g_a,dpu,318.302,441.912
19,59,g_a,dpu,441.923,518.14
19,59,g_a_cpu,cpu,518.141,518.927
19,59,eb_enc,cpu,518.929,524.104
19,109,normalize,cpu,524.802,528.598
19,109,g_a_cpu,cpu,528.604,529.152
19,109,g_a,dpu,529.158,574.676
19,109,g_a,dpu,574.678,580.171
19,109,g_a_cpu,cpu,580.172,580.561
19,109,eb_enc,cpu,580.569,585.655
19,124,normalize,cpu,586.146,597.788
19,124,g_a_cpu,cpu,597.808,598.815
19,124,g_a,dpu,598.823,659.69
19,124,g_a,dpu,659.692,664.821
19,124,g_a_cpu,cpu,664.822,665.28
19,124,eb_enc,cpu,665.283,670.527
19,139,normalize,cpu,671.219,674.962
19,139,g_a_cpu,cpu,674.965,675.39
19,139,g_a,dpu,675.394,735.891
19,139,g_a,dpu,735.893,802.841
19,139,g_a_cpu,cpu,802.844,803.332
19,139,eb_enc,cpu,803.334,808.513
19,167,normalize,cpu,809.444,813.129
19,167,g_a_cpu,cpu,813.132,813.436
19,167,g_a,dpu,813.439,890.519
19,167,g_a,dpu,890.524,895.844
19,167,g_a_cpu,cpu,895.849,896.429
19,167,eb_enc,cpu,896.435,902.49
19,186,normalize,cpu,903.539,907.473
19,186,g_a_cpu,cpu,907.485,908.199
19,186,g_a,dpu,908.207,1136.71
19,186,g_a,dpu,1136.71,1146.27
19,186,g_a_cpu,cpu,1146.28,1146.85
19,186,eb_enc,cpu,1146.85,1158.84
19,240,normalize,cpu,1159.67,1176.01
19,240,g_a_cpu,cpu,1176.02,1186.94
19,240,g_a,dpu,1186.95,1300.3
19,240,g_a,dpu,1300.3,1309.39
19,240,g_a_cpu,cpu,1309.39,1309.88
19,240,eb_enc,cpu,1309.88,1315.08
19,274,normalize,cpu,1315.74,1319.44
19,274,g_a_cpu,cpu,1319.44,1319.86
19,274,g_a,dpu,1319.86,1378.57
19,274,g_a,dpu,1378.57,1435.11
19,274,g_a_cpu,cpu,1435.11,1435.63
19,274,eb_enc,cpu,1435.64,1440.67
19,298,normalize,cpu,1441.21,1444.9
19,298,g_a_cpu,cpu,1444.9,1445.42
19,298,g_a,dpu,1445.42,1612.91
19,298,g_a,dpu,1612.92,1673.18
19,298,g_a_cpu,cpu,1673.18,1673.81
19,298,eb_enc,cpu,1673.81,1679.35
19,353,normalize,cpu,1680.14,1683.96
19,353,g_a_cpu,cpu,1683.97,1684.59
19,353,g_a,dpu,1684.59,1770.84
19,353,g_a,dpu,1770.84,1776.34
19,353,g_a_cpu,cpu,1776.34,1776.77
19,353,eb_enc,cpu,1776.78,1781.86
19,373,normalize,cpu,1792.03,1795.8
19,373,g_a_cpu,cpu,1795.81,1796.45
19,373,g_a,dpu,1796.46,1849.48
19,373,g_a,dpu,1849.48,1903.37
19,373,g_a_cpu,cpu,1903.38,1903.71
19,373,eb_enc,cpu,1903.71,1908.67
19,401,normalize,cpu,1910.42,1914.08
19,401,g_a_cpu,cpu,1914.08,1915.96
19,401,g_a,dpu,1915.97,1985.78
19,401,g_a,dpu,1985.79,2039.01
19,401,g_a_cpu,cpu,2039.01,2039.54
19,401,eb_enc,cpu,2039.55,2045.44
19,430,normalize,cpu,2046.28,2051.4
19,430,g_a_cpu,cpu,2051.41,2051.82
19,430,g_a,dpu,2051.82,2057.22
19,430,g_a,dpu,2057.22,2122.74
19,430,g_a_cpu,cpu,2122.74,2123.13
19,430,eb_enc,cpu,2123.13,2128.34
19,450,normalize,cpu,2129.05,2137.58
19,450,g_a_cpu,cpu,2137.58,2138.03
19,450,g_a,dpu,2138.03,2197.31
19,450,g_a,dpu,2197.31,2258.43
19,450,g_a_cpu,cpu,2258.44,2258.98
19,450,eb_enc,cpu,2258.99,2264.39
19,478,normalize,cpu,2265.24,2274.45
19,478,g_a_cpu,cpu,2274.46,2274.95
19,478,g_a,dpu,2274.95,2329.91
19,478,g_a,dpu,2329.91,2385.57
19,478,g_a_cpu,cpu,2385.57,2386.07
19,478,eb_enc,cpu,2386.07,2392.68
19,506,normalize,cpu,2393.42,2397.24
19,506,g_a_cpu,cpu,2397.25,2397.63
19,506,g_a,dpu,2397.64,2572.22
19,506,g_a,dpu,2572.22,2578.1
19,506,g_a_cpu,cpu,2578.1,2578.52
19,506,eb_enc,cpu,2578.53,2583.84
19,547,normalize,cpu,2584.65,2588.33
19,547,g_a_cpu,cpu,2588.34,2588.98
19,547,g_a,dpu,2588.98,2707.23
19,547,g_a,dpu,2707.24,2757.26
19,547,g_a_cpu,cpu,2757.26,2757.7
19,547,eb_enc,cpu,2757.7,2764.35
19,587,normalize,cpu,2765.28,2769.18
19,587,g_a_cpu,cpu,2769.19,2769.53
19,587,g_a,dpu,2769.54,2895.01
19,587,g_a,dpu,2895.01,2953.78
19,587,g_a_cpu,cpu,2953.78,2954.27
19,587,eb_enc,cpu,2954.27,2959.54
19,632,normalize,cpu,2960.31,2964.21
19,632,g_a_cpu,cpu,2964.21,2964.71
19,632,g_a,dpu,2964.72,3028.85
19,632,g_a,dpu,3028.85,3071.13
19,632,g_a_cpu,cpu,3071.13,3071.49
19,632,eb_enc,cpu,3071.49,3076.75
19,658,normalize,cpu,3077.45,3081.19
19,658,g_a_cpu,cpu,3081.2,3081.85
19,658,g_a,dpu,3081.86,3258.16
19,658,g_a,dpu,3258.17,3327.47
19,658,g_a_cpu,cpu,3327.47,3327.86
19,658,eb_enc,cpu,3327.86,3332.9
19,712,normalize,cpu,3333.41,3337.09
19,712,g_a_cpu,cpu,3337.09,3337.52
19,712,g_a,dpu,3337.52,3394.43
19,712,g_a,dpu,3394.45,3451.32
19,712,g_a_cpu,cpu,3451.32,3451.82
19,712,eb_enc,cpu,3451.83,3458.29
19,741,normalize,cpu,3458.73,3462.43
19,741,g_a_cpu,cpu,3462.44,3463.03
19,741,g_a,dpu,3463.03,3582.23
19,741,g_a,dpu,3582.23,3592.63
19,741,g_a_cpu,cpu,3592.63,3593.06
19,741,eb_enc,cpu,3593.06,3598.22
19,770,normalize,cpu,3598.95,3602.6
19,770,g_a_cpu,cpu,3602.61,3602.95
19,770,g_a,dpu,3602.96,3667.16
19,770,g_a,dpu,3667.16,3672.35
19,770,g_a_cpu,cpu,3672.35,3672.71
19,770,eb_enc,cpu,3672.71,3678.05
19,785,normalize,cpu,3679.03,3682.74
19,785,g_a_cpu,cpu,3682.74,3683.78
19,785,g_a,dpu,3683.79,3795.44
19,785,g_a,dpu,3795.44,3800.61
19,785,g_a_cpu,cpu,3800.61,3800.98
19,785,eb_enc,cpu,3800.98,3806.25
19,814,normalize,cpu,3806.82,3810.56
19,814,g_a_cpu,cpu,3810.56,3811.08
19,814,g_a,dpu,3811.09,3871.89
19,814,g_a,dpu,3871.89,3929.2
19,814,g_a_cpu,cpu,3929.21,3929.82
19,814,eb_enc,cpu,3929.82,3935.68
19,842,normalize,cpu,3936.41,3940.3
19,842,g_a_cpu,cpu,3940.3,3940.72
19,842,g_a,dpu,3940.73,4058.29
19,842,g_a,dpu,4058.29,4107.48
19,842,g_a_cpu,cpu,4107.48,4107.96
19,842,eb_enc,cpu,4107.96,4113.11
19,882,normalize,cpu,4113.62,4117.45
19,882,g_a_cpu,cpu,4117.45,4118.15
19,882,g_a,dpu,4118.15,4175.63
19,882,g_a,dpu,4175.63,4180.82
19,882,g_a_cpu,cpu,4180.82,4181.19
19,882,eb_enc,cpu,4181.19,4186.38
19,899,normalize,cpu,4187.23,4190.94
19,899,g_a_cpu,cpu,4190.94,4191.64
19,899,g_a,dpu,4191.64,4252.4
19,899,g_a,dpu,4252.4,4257.72
19,899,g_a_cpu,cpu,4257.72,4258.17
19,899,eb_enc,cpu,4258.17,4263.78
19,915,normalize,cpu,4264.42,4268.36
19,915,g_a_cpu,cpu,4268.36,4269.03
19,915,g_a,dpu,4269.03,4338.42
19,915,g_a,dpu,4338.42,4343.86
19,915,g_a_cpu,cpu,4343.86,4344.39
19,915,eb_enc,cpu,4344.39,4349.82
20,20,normalize,cpu,96.7717,100.501
20,20,g_a_cpu,cpu,100.506,100.695
20,20,g_a,dpu,100.701,118.883
20,20,g_a,dpu,118.891,132.853
20,20,g_a_cpu,cpu,132.857,133.527
20,20,eb_enc,cpu,133.539,143.711
20,32,normalize,cpu,144.404,149.531
20,32,g_a_cpu,cpu,149.536,150.173
20,32,g_a,dpu,150.178,203.612
20,32,g_a,dpu,203.618,211.363
20,32,g_a_cpu,cpu,211.365,211.799
20,32,eb_enc,cpu,211.802,216.781
20,45,normalize,cpu,217.285,221.149
20,45,g_a_cpu,cpu,221.152,221.638
20,45,g_a,dpu,221.646,291.359
20,45,g_a,dpu,291.361,348.91
20,45,g_a_cpu,cpu,348.912,349.452
20,45,eb_enc,cpu,349.464,355.001
20,77,normalize,cpu,356.116,359.965
20,77,g_a_cpu,cpu,359.974,360.599
20,77,g_a,dpu,360.603,461.267
20,77,g_a,dpu,461.275,528.28
20,77,g_a_cpu,cpu,528.281,528.839
20,77,eb_enc,cpu,528.842,533.842
20,112,normalize,cpu,534.491,542.314
20,112,g_a_cpu,cpu,542.317,542.712
20,112,g_a,dpu,542.715,599.851
20,112,g_a,dpu,599.853,678.017
20,112,g_a_cpu,cpu,678.018,678.534
20,112,eb_enc,cpu,678.536,685.389
20,142,normalize,cpu,690.16,693.819
20,142,g_a_cpu,cpu,693.822,695.087
20,142,g_a,dpu,695.09,767.928
20,142,g_a,dpu,767.934,835.421
20,142,g_a_cpu,cpu,835.423,835.913
20,142,eb_enc,cpu,835.915,841.621
20,174,normalize,cpu,842.348,846.263
20,174,g_a_cpu,cpu,846.268,846.871
20,174,g_a,dpu,846.875,906.059
20,174,g_a,dpu,906.062,969.812
20,174,g_a_cpu,cpu,969.813,970.179
20,174,eb_enc,cpu,970.181,975.216
20,202,normalize,cpu,975.904,979.592
20,202,g_a_cpu,cpu,979.595,979.997
20,202,g_a,dpu,980.001,1059.96
20,202,g_a,dpu,1059.97,1140.77
20,202,g_a_cpu,cpu,1140.77,1141.26
20,202,eb_enc,cpu,1141.26,1160.9
20,241,normalize,cpu,1161.57,1165.41
20,241,g_a_cpu,cpu,1165.41,1165.75
20,241,g_a,dpu,1165.75,1176.39
20,241,g_a,dpu,1176.39,1254.9
20,241,g_a_cpu,cpu,1254.9,1255.28
20,241,eb_enc,cpu,1255.28,1260.3
20,260,normalize,cpu,1261.19,1264.95
20,260,g_a_cpu,cpu,1264.95,1265.43
20,260,g_a,dpu,1265.44,1323.18
20,260,g_a,dpu,1323.19,1388.36
20,260,g_a_cpu,cpu,1388.36,1388.92
20,260,eb_enc,cpu,1388.93,1394.89
20,291,normalize,cpu,1395.59,1399.28
20,291,g_a_cpu,cpu,1399.28,1399.73
20,291,g_a,dpu,1399.73,1655.25
20,291,g_a,dpu,1655.25,1719.33
20,291,g_a_cpu,cpu,1719.34,1720.06
20,291,eb_enc,cpu,1720.08,1725.69
20,360,normalize,cpu,1733.67,1737.35
20,360,g_a_cpu,cpu,1737.36,1738.87
20,360,g_a,dpu,1738.88,1806.01
20,360,g_a,dpu,1806.01,1811.6
20,360,g_a_cpu,cpu,1811.6,1812.09
20,360,eb_enc,cpu,1812.1,1817.1
20,381,normalize,cpu,1817.71,1821.4
20,381,g_a_cpu,cpu,1821.41,1821.8
20,381,g_a,dpu,1821.81,1877.23
20,381,g_a,dpu,1877.23,1957.61
20,381,g_a_cpu,cpu,1957.62,1958.26
20,381,eb_enc,cpu,1958.26,1963.54
20,410,normalize,cpu,1964.02,1967.93
20,410,g_a_cpu,cpu,1967.93,1968.33
20,410,g_a,dpu,1968.33,2026.41
20,410,g_a,dpu,2026.41,2078.34
20,410,g_a_cpu,cpu,2078.34,2078.9
20,410,eb_enc,cpu,2078.9,2084.01
20,439,normalize,cpu,2084.56,2088.27
20,439,g_a_cpu,cpu,2088.28,2088.78
20,439,g_a,dpu,2088.78,2153.04
20,439,g_a,dpu,2153.04,2159.02
20,439,g_a_cpu,cpu,2159.02,2159.54
20,439,eb_enc,cpu,2159.54,2165.69
20,458,normalize,cpu,2166.5,2170.42
20,458,g_a_cpu,cpu,2170.42,2170.84
20,458,g_a,dpu,2170.85,2282.15
20,458,g_a,dpu,2282.15,2338.89
20,458,g_a_cpu,cpu,2338.89,2339.39
20,458,eb_enc,cpu,2339.4,2344.49
20,497,normalize,cpu,2345.15,2348.83
20,497,g_a_cpu,cpu,2348.84,2349.16
20,497,g_a,dpu,2349.17,2418.24
20,497,g_a,dpu,2418.24,2423.92
20,497,g_a_cpu,cpu,2423.92,2424.58
20,497,eb_enc,cpu,2424.59,2429.72
20,517,normalize,cpu,2430.65,2434.36
20,517,g_a_cpu,cpu,2434.36,2434.99
20,517,g_a,dpu,2434.99,2498.55
20,517,g_a,dpu,2498.55,2504.16
20,517,g_a_cpu,cpu,2504.17,2504.6
20,517,eb_enc,cpu,2504.6,2509.68
20,534,normalize,cpu,2517.66,2545.25
20,534,g_a_cpu,cpu,2545.26,2550.26
20,534,g_a,dpu,2550.27,2607.46
20,534,g_a,dpu,2607.46,2668.29
20,534,g_a_cpu,cpu,2668.3,2668.73
20,534,eb_enc,cpu,2668.73,2674.06
20,569,normalize,cpu,2675.05,2678.77
20,569,g_a_cpu,cpu,2678.78,2679.45
20,569,g_a,dpu,2679.45,2800.15
20,569,g_a,dpu,2800.15,2925.26
20,569,g_a_cpu,cpu,2925.26,2925.84
20,569,eb_enc,cpu,2925.84,2931.1
20,627,normalize,cpu,2932.14,2936.12
20,627,g_a_cpu,cpu,2936.13,2936.74
20,627,g_a,dpu,2936.75,3009.47
20,627,g_a,dpu,3009.51,3015.53
20,627,g_a_cpu,cpu,3015.53,3016.14
20,627,eb_enc,cpu,3016.15,3021.72
20,644,normalize,cpu,3022.57,3027.46
20,644,g_a_cpu,cpu,3027.47,3028.19
20,644,g_a,dpu,3028.2,3099.36
20,644,g_a,dpu,3099.37,3282.49
20,644,g_a_cpu,cpu,3282.49,3282.95
20,644,eb_enc,cpu,3282.95,3290.39
20,702,normalize,cpu,3291.52,3300.79
20,702,g_a_cpu,cpu,3300.8,3301.41
20,702,g_a,dpu,3301.42,3392.5
20,702,g_a,dpu,3392.5,3460.89
20,702,g_a_cpu,cpu,3460.89,3461.55
20,702,eb_enc,cpu,3461.55,3475.36
20,745,normalize,cpu,3475.96,3479.76
20,745,g_a_cpu,cpu,3479.77,3480.27
20,745,g_a,dpu,3480.27,3567.46
20,745,g_a,dpu,3567.46,3573.87
20,745,g_a_cpu,cpu,3573.88,3574.65
20,745,eb_enc,cpu,3574.65,3580.24
20,764,normalize,cpu,3580.88,3584.57
20,764,g_a_cpu,cpu,3584.58,3584.95
20,764,g_a,dpu,3584.95,3594.39
20,764,g_a,dpu,3594.39,3672.92
20,764,g_a_cpu,cpu,3672.92,3673.3
20,764,eb_enc,cpu,3673.3,3678.61
20,786,normalize,cpu,3679.23,3683.07
20,786,g_a_cpu,cpu,3683.08,3683.95
20,786,g_a,dpu,3683.96,3752.02
20,786,g_a,dpu,3752.02,3821.66
20,786,g_a_cpu,cpu,3821.67,3822.03
20,786,eb_enc,cpu,3822.03,3826.99
20,818,normalize,cpu,3827.59,3831.28
20,818,g_a_cpu,cpu,3831.28,3831.71
20,818,g_a,dpu,3831.72,3897.79
20,818,g_a,dpu,3897.8,3903.73
20,818,g_a_cpu,cpu,3903.73,3904.15
20,818,eb_enc,cpu,3904.15,3909.23
20,836,normalize,cpu,3909.77,3913.52
20,836,g_a_cpu,cpu,3913.52,3913.98
20,836,g_a,dpu,3913.98,4052.59
20,836,g_a,dpu,4052.59,4172.64
20,836,g_a_cpu,cpu,4172.64,4173.04
20,836,eb_enc,cpu,4173.04,4178.06
20,897,normalize,cpu,4178.67,4185.27
20,897,g_a_cpu,cpu,4185.27,4185.59
20,897,g_a,dpu,4185.59,4245.81
20,897,g_a,dpu,4245.82,4320.51
20,897,g_a_cpu,cpu,4320.51,4320.86
20,897,eb_enc,cpu,4320.86,4329.08
20,926,normalize,cpu,4329.68,4338.51
20,926,g_a_cpu,cpu,4338.51,4339.08
20,926,g_a,dpu,4339.08,4394.18
20,926,g_a,dpu,4394.19,4400.05
20,926,g_a_cpu,cpu,4400.05,4400.46
20,926,eb_enc,cpu,4400.46,4406.62
21,14,normalize,cpu,82.7172,94.5095
21,14,g_a_cpu,cpu,107.087,107.583
21,14,g_a,dpu,107.594,117.32
21,14,g_a,dpu,117.323,122.634
21,14,g_a_cpu,cpu,122.635,123.179
21,14,eb_enc,cpu,123.185,135.312
21,30,normalize,cpu,136.195,139.917
21,30,g_a_cpu,cpu,139.923,140.506
21,30,g_a,dpu,140.515,251.661
21,30,g_a,dpu,251.667,299.459
21,30,g_a_cpu,cpu,299.461,299.88
21,30,eb_enc,cpu,299.882,304.899
21,65,normalize,cpu,305.49,325.379
21,65,g_a_cpu,cpu,325.384,326.073
21,65,g_a,dpu,326.078,670.833
21,65,g_a,dpu,670.835,771.872
21,65,g_a_cpu,cpu,771.874,772.34
21,65,eb_enc,cpu,772.352,778.516
21,163,normalize,cpu,793.273,797.035
21,163,g_a_cpu,cpu,797.039,797.399
21,163,g_a,dpu,797.403,849.833
21,163,g_a,dpu,849.835,933.159
21,163,g_a_cpu,cpu,933.161,933.534
21,163,eb_enc,cpu,933.536,941.028
21,193,normalize,cpu,941.656,945.538
21,193,g_a_cpu,cpu,945.544,946.219
21,193,g_a,dpu,946.227,1001.54
21,193,g_a,dpu,1001.55,1008.59
21,193,g_a_cpu,cpu,1008.59,1009.28
21,193,eb_enc,cpu,1009.29,1017.68
21,211,normalize,cpu,1018.25,1028.32
21,211,g_a_cpu,cpu,1028.32,1028.75
21,211,g_a,dpu,1028.76,1081.41
21,211,g_a,dpu,1081.42,1086.64
21,211,g_a_cpu,cpu,1086.64,1087.18
21,211,eb_enc,cpu,1087.18,1092.44
21,225,normalize,cpu,1093.01,1096.81
21,225,g_a_cpu,cpu,1096.81,1097.25
21,225,g_a,dpu,1097.25,1211.9
21,225,g_a,dpu,1211.91,1266.74
21,225,g_a_cpu,cpu,1266.75,1267.17
21,225,eb_enc,cpu,1267.18,1272.49
21,264,normalize,cpu,1273.24,1277
21,264,g_a_cpu,cpu,1277,1277.38
21,264,g_a,dpu,1277.38,1354.21
21,264,g_a,dpu,1354.21,1437.4
21,264,g_a_cpu,cpu,1437.4,1437.89
21,264,eb_enc,cpu,1437.89,1443.23
21,299,normalize,cpu,1444.17,1448.04
21,299,g_a_cpu,cpu,1448.04,1448.6
21,299,g_a,dpu,1448.61,1512.32
21,299,g_a,dpu,1512.33,1567.27
21,299,g_a_cpu,cpu,1567.27,1567.79
21,299,eb_enc,cpu,1567.8,1573.05
21,326,normalize,cpu,1574.1,1577.85
21,326,g_a_cpu,cpu,1577.85,1578.36
21,326,g_a,dpu,1578.36,1644.41
21,326,g_a,dpu,1644.41,1703.54
21,326,g_a_cpu,cpu,1703.54,1704.2
21,326,eb_enc,cpu,1704.21,1710.09
21,358,normalize,cpu,1710.93,1737.05
21,358,g_a_cpu,cpu,1737.05,1737.61
21,358,g_a,dpu,1737.61,1791.42
21,358,g_a,dpu,1791.42,1850.09
21,358,g_a_cpu,cpu,1850.09,1850.61
21,358,eb_enc,cpu,1850.63,1856.45
21,390,normalize,cpu,1857.29,1862.81
21,390,g_a_cpu,cpu,1862.81,1863.27
21,390,g_a,dpu,1863.27,1920.17
21,390,g_a,dpu,1920.17,2035.01
21,390,g_a_cpu,cpu,2035.01,2035.41
21,390,eb_enc,cpu,2035.41,2040.73
21,429,normalize,cpu,2041.31,2045.19
21,429,g_a_cpu,cpu,2045.19,2045.89
21,429,g_a,dpu,2045.89,2101.89
21,429,g_a,dpu,2101.89,2172.41
21,429,g_a_cpu,cpu,2172.41,2172.84
21,429,eb_enc,cpu,2172.84,2178.56
21,461,normalize,cpu,2179.31,2183.17
21,461,g_a_cpu,cpu,2183.18,2183.77
21,461,g_a,dpu,2183.77,2259.35
21,461,g_a,dpu,2259.35,2313.54
21,461,g_a_cpu,cpu,2313.54,2313.98
21,461,eb_enc,cpu,2313.98,2318.99
21,492,normalize,cpu,2319.48,2323.18
21,492,g_a_cpu,cpu,2323.19,2323.78
21,492,g_a,dpu,2323.78,2386.58
21,492,g_a,dpu,2386.58,2392.03
21,492,g_a_cpu,cpu,2392.04,2392.53
21,492,eb_enc,cpu,2392.53,2403.62
21,509,normalize,cpu,2404.33,2408.11
21,509,g_a_cpu,cpu,2408.12,2408.46
21,509,g_a,dpu,2408.47,2472.44
21,509,g_a,dpu,2472.44,2533.01
21,509,g_a_cpu,cpu,2533.02,2533.71
21,509,eb_enc,cpu,2533.72,2539.55
21,539,normalize,cpu,2540.39,2549.59
21,539,g_a_cpu,cpu,2549.59,2550.21
21,539,g_a,dpu,2550.21,2621.72
21,539,g_a,dpu,2621.72,2627.64
21,539,g_a_cpu,cpu,2627.64,2628.15
21,539,eb_enc,cpu,2628.15,2633.4
21,559,normalize,cpu,2633.92,2637.71
21,559,g_a_cpu,cpu,2637.72,2638.19
21,559,g_a,dpu,2638.19,2703.07
21,559,g_a,dpu,2703.08,2869.49
21,559,g_a_cpu,cpu,2869.49,2870.08
21,559,eb_enc,cpu,2870.08,2875.48
21,613,normalize,cpu,2876.05,2879.91
21,613,g_a_cpu,cpu,2879.92,2880.49
21,613,g_a,dpu,2880.49,2934.61
21,613,g_a,dpu,2934.61,2939.81
21,613,g_a_cpu,cpu,2939.81,2940.32
21,613,eb_enc,cpu,2940.32,2945.59
21,629,normalize,cpu,2946.29,2950.01
21,629,g_a_cpu,cpu,2950.02,2950.56
21,629,g_a,dpu,2950.56,3014.78
21,629,g_a,dpu,3014.78,3020.34
21,629,g_a_cpu,cpu,3020.35,3020.71
21,629,eb_enc,cpu,3020.71,3026.56
21,646,normalize,cpu,3027.21,3031.06
21,646,g_a_cpu,cpu,3031.07,3031.64
21,646,g_a,dpu,3031.64,3104.85
21,646,g_a,dpu,3104.86,3162.08
21,646,g_a_cpu,cpu,3162.08,3162.49
21,646,eb_enc,cpu,3162.49,3167.67
21,678,normalize,cpu,3168.17,3171.91
21,678,g_a_cpu,cpu,3171.91,3172.31
21,678,g_a,dpu,3172.31,3230.88
21,678,g_a,dpu,3230.89,3236.12
21,678,g_a_cpu,cpu,3236.13,3236.7
21,678,eb_enc,cpu,3236.7,3242.05
21,694,normalize,cpu,3242.58,3246.91
21,694,g_a_cpu,cpu,3246.91,3247.25
21,694,g_a,dpu,3247.25,3255.95
21,694,g_a,dpu,3255.95,3311.11
21,694,g_a_cpu,cpu,3311.11,3311.56
21,694,eb_enc,cpu,3311.56,3316.56
21,709,normalize,cpu,3317.1,3320.81
21,709,g_a_cpu,cpu,3320.82,3321.47
21,709,g_a,dpu,3321.48,3487.08
21,709,g_a,dpu,3487.08,3493.3
21,709,g_a_cpu,cpu,3493.3,3493.69
21,709,eb_enc,cpu,3493.7,3498.89
21,750,normalize,cpu,3499.48,3503.16
21,750,g_a_cpu,cpu,3503.16,3503.59
21,750,g_a,dpu,3503.6,3508.82
21,750,g_a,dpu,3508.82,3577.69
21,750,g_a_cpu,cpu,3577.69,3578.44
21,750,eb_enc,cpu,3578.45,3584.24
21,765,normalize,cpu,3584.76,3588.52
21,765,g_a_cpu,cpu,3588.52,3589.05
21,765,g_a,dpu,3589.05,3646.23
21,765,g_a,dpu,3646.23,3651.77
21,765,g_a_cpu,cpu,3651.77,3652.3
21,765,eb_enc,cpu,3652.3,3657.78
21,782,normalize,cpu,3658.34,3662.82
21,782,g_a_cpu,cpu,3662.83,3663.45
21,782,g_a,dpu,3663.46,3769.86
21,782,g_a,dpu,3769.86,3881.98
21,782,g_a_cpu,cpu,3881.98,3882.75
21,782,eb_enc,cpu,3882.75,3888
21,830,normalize,cpu,3888.49,3892.43
21,830,g_a_cpu,cpu,3892.43,3893.07
21,830,g_a,dpu,3893.07,3958.35
21,830,g_a,dpu,3958.35,4023.07
21,830,g_a_cpu,cpu,4023.07,4023.48
21,830,eb_enc,cpu,4023.49,4028.57
21,862,normalize,cpu,4029.22,4033.04
21,862,g_a_cpu,cpu,4033.05,4033.71
21,862,g_a,dpu,4033.72,4091.98
21,862,g_a,dpu,4091.98,4097.31
21,862,g_a_cpu,cpu,4097.31,4098.04
21,862,eb_enc,cpu,4098.05,4103.74
21,878,normalize,cpu,4104.71,4108.38
21,878,g_a_cpu,cpu,4108.38,4108.74
21,878,g_a,dpu,4108.74,4119.66
21,878,g_a,dpu,4119.66,4178.27
21,878,g_a_cpu,cpu,4178.27,4178.67
21,878,eb_enc,cpu,4178.68,4183.56
21,898,normalize,cpu,4184.14,4188.72
21,898,g_a_cpu,cpu,4188.73,4189.17
21,898,g_a,dpu,4189.18,4245.92
21,898,g_a,dpu,4245.92,4324.18
21,898,g_a_cpu,cpu,4324.18,4324.77
21,898,eb_enc,cpu,4324.77,4330.11
21,927,normalize,cpu,4330.65,4334.45
21,927,g_a_cpu,cpu,4334.46,4335.12
21,927,g_a,dpu,4335.12,4342.71
21,927,g_a,dpu,4342.71,4347.85
21,927,g_a_cpu,cpu,4347.85,4348.26
21,927,eb_enc,cpu,4348.27,4353.37
22,13,normalize,cpu,82.7172,95.4486
22,13,g_a_cpu,cpu,113.931,114.611
22,13,g_a,dpu,114.628,198.921
22,13,g_a,dpu,198.939,235.623
22,13,g_a_cpu,cpu,235.624,235.993
22,13,eb_enc,cpu,236.003,256.533
22,52,normalize,cpu,257.312,261
22,52,g_a_cpu,cpu,261.004,261.568
22,52,g_a,dpu,261.571,374.476
22,52,g_a,dpu,374.491,380.505
22,52,g_a_cpu,cpu,380.511,381.129
22,52,eb_enc,cpu,381.135,386.337
22,80,normalize,cpu,386.972,394.138
22,80,g_a_cpu,cpu,394.142,394.652
22,80,g_a,dpu,394.655,460.071
22,80,g_a,dpu,460.073,539.83
22,80,g_a_cpu,cpu,539.832,540.471
22,80,eb_enc,cpu,540.485,545.394
22,115,normalize,cpu,546.228,549.934
22,115,g_a_cpu,cpu,549.937,550.548
22,115,g_a,dpu,550.556,602.121
22,115,g_a,dpu,602.124,709.291
22,115,g_a_cpu,cpu,709.292,709.639
22,115,eb_enc,cpu,709.642,714.545
22,149,normalize,cpu,715.094,718.931
22,149,g_a_cpu,cpu,718.934,719.294
22,149,g_a,dpu,719.296,781.197
22,149,g_a,dpu,781.201,858.857
22,149,g_a_cpu,cpu,858.86,859.298
22,149,eb_enc,cpu,859.302,864.441
22,178,normalize,cpu,870.07,876.991
22,178,g_a_cpu,cpu,876.996,877.508
22,178,g_a,dpu,877.512,950.048
22,178,g_a,dpu,950.054,955.213
22,178,g_a_cpu,cpu,955.214,955.81
22,178,eb_enc,cpu,955.815,961.206
22,198,normalize,cpu,962.006,965.628
22,198,g_a_cpu,cpu,965.633,966.211
22,198,g_a,dpu,966.216,1082.18
22,198,g_a,dpu,1082.18,1087.8
22,198,g_a_cpu,cpu,1087.8,1088.24
22,198,eb_enc,cpu,1088.24,1093.31
22,226,normalize,cpu,1093.87,1097.55
22,226,g_a_cpu,cpu,1097.55,1098.13
22,226,g_a,dpu,1098.14,1171.22
22,226,g_a,dpu,1171.22,1270.15
22,226,g_a_cpu,cpu,1270.15,1270.75
22,226,eb_enc,cpu,1270.76,1275.92
22,265,normalize,cpu,1276.46,1280.25
22,265,g_a_cpu,cpu,1280.25,1280.86
22,265,g_a,dpu,1280.86,1340.53
22,265,g_a,dpu,1340.54,1410.06
22,265,g_a_cpu,cpu,1410.06,1410.6
22,265,eb_enc,cpu,1410.6,1415.61
22,295,normalize,cpu,1416.28,1419.96
22,295,g_a_cpu,cpu,1419.97,1420.4
22,295,g_a,dpu,1420.4,1475.17
22,295,g_a,dpu,1475.17,1481.14
22,295,g_a_cpu,cpu,1481.15,1481.7
22,295,eb_enc,cpu,1481.7,1491.13
22,308,normalize,cpu,1491.85,1495.55
22,308,g_a_cpu,cpu,1495.56,1496.14
22,308,g_a,dpu,1496.15,1506.55
22,308,g_a,dpu,1506.55,1567.48
22,308,g_a_cpu,cpu,1567.49,1568.05
22,308,eb_enc,cpu,1568.06,1573.22
22,327,normalize,cpu,1574.11,1577.82
22,327,g_a_cpu,cpu,1577.82,1578.32
22,327,g_a,dpu,1578.32,1683.23
22,327,g_a,dpu,1683.23,1690.13
22,327,g_a_cpu,cpu,1690.13,1690.83
22,327,eb_enc,cpu,1690.84,1696.58
22,356,normalize,cpu,1697.6,1702.22
22,356,g_a_cpu,cpu,1702.23,1702.95
22,356,g_a,dpu,1702.96,1795.01
22,356,g_a,dpu,1795.02,1842.9
22,356,g_a_cpu,cpu,1842.9,1843.32
22,356,eb_enc,cpu,1843.32,1848.55
22,388,normalize,cpu,1849.24,1853.15
22,388,g_a_cpu,cpu,1853.16,1854.05
22,388,g_a,dpu,1854.07,1913.52
22,388,g_a,dpu,1913.52,1977.47
22,388,g_a_cpu,cpu,1977.47,1978.12
22,388,eb_enc,cpu,1978.12,1983.79
22,415,normalize,cpu,1984.61,1988.57
22,415,g_a_cpu,cpu,1988.57,1989.04
22,415,g_a,dpu,1989.04,2047.27
22,415,g_a,dpu,2047.27,2098.92
22,415,g_a_cpu,cpu,2098.92,2099.52
22,415,eb_enc,cpu,2099.53,2104.77
22,444,normalize,cpu,2105.29,2115.51
22,444,g_a_cpu,cpu,2115.52,2116.04
22,444,g_a,dpu,2116.04,2174.19
22,444,g_a,dpu,2174.19,2241.71
22,444,g_a_cpu,cpu,2241.71,2242.18
22,444,eb_enc,cpu,2242.18,2247.98
22,474,normalize,cpu,2248.68,2252.34
22,474,g_a_cpu,cpu,2252.34,2252.79
22,474,g_a,dpu,2252.8,2310.86
22,474,g_a,dpu,2310.87,2367.18
22,474,g_a_cpu,cpu,2367.18,2367.73
22,474,eb_enc,cpu,2367.73,2374.59
22,502,normalize,cpu,2375.17,2379.03
22,502,g_a_cpu,cpu,2379.04,2379.45
22,502,g_a,dpu,2379.45,2543.66
22,502,g_a,dpu,2543.66,2607.75
22,502,g_a_cpu,cpu,2607.75,2608.24
22,502,eb_enc,cpu,2608.24,2615.62
22,555,normalize,cpu,2616.56,2622.39
22,555,g_a_cpu,cpu,2622.4,2623.24
22,555,g_a,dpu,2623.24,2727.79
22,555,g_a,dpu,2727.79,2801.69
22,555,g_a_cpu,cpu,2801.7,2802.26
22,555,eb_enc,cpu,2802.26,2808.62
22,596,normalize,cpu,2809.52,2834.51
22,596,g_a_cpu,cpu,2834.51,2834.87
22,596,g_a,dpu,2834.87,2840.51
22,596,g_a,dpu,2840.52,2904.24
22,596,g_a_cpu,cpu,2904.25,2904.73
22,596,eb_enc,cpu,2904.73,2910.01
22,621,normalize,cpu,2910.73,2914.43
22,621,g_a_cpu,cpu,2914.44,2915.21
22,621,g_a,dpu,2915.22,2971.35
22,621,g_a,dpu,2971.35,3033.73
22,621,g_a_cpu,cpu,3033.73,3034.25
22,621,eb_enc,cpu,3034.25,3039.89
22,648,normalize,cpu,3041.08,3044.83
22,648,g_a_cpu,cpu,3044.84,3045.34
22,648,g_a,dpu,3045.35,3102.63
22,648,g_a,dpu,3102.64,3107.78
22,648,g_a_cpu,cpu,3107.79,3108.41
22,648,eb_enc,cpu,3108.41,3113.65
22,665,normalize,cpu,3115.13,3118.86
22,665,g_a_cpu,cpu,3118.86,3120.05
22,665,g_a,dpu,3120.05,3204.25
22,665,g_a,dpu,3204.26,3209.48
22,665,g_a_cpu,cpu,3209.48,3209.88
22,665,eb_enc,cpu,3209.88,3214.91
22,688,normalize,cpu,3215.55,3219.24
22,688,g_a_cpu,cpu,3219.24,3219.68
22,688,g_a,dpu,3219.69,3275.72
22,688,g_a,dpu,3275.72,3350.97
22,688,g_a_cpu,cpu,3350.97,3351.45
22,688,eb_enc,cpu,3351.46,3356.52
22,717,normalize,cpu,3357.25,3360.97
22,717,g_a_cpu,cpu,3360.98,3361.4
22,717,g_a,dpu,3361.41,3424.03
22,717,g_a,dpu,3424.03,3429.18
22,717,g_a_cpu,cpu,3429.19,3429.66
22,717,eb_enc,cpu,3429.67,3434.67
22,734,normalize,cpu,3435.34,3439.2
22,734,g_a_cpu,cpu,3439.22,3440.08
22,734,g_a,dpu,3440.09,3504.43
22,734,g_a,dpu,3504.43,3509.69
22,734,g_a_cpu,cpu,3509.69,3510.17
22,734,eb_enc,cpu,3510.17,3515.04
22,753,normalize,cpu,3516.03,3519.98
22,753,g_a_cpu,cpu,3519.99,3520.77
22,753,g_a,dpu,3520.78,3529.82
22,753,g_a,dpu,3529.82,3650.75
22,753,g_a_cpu,cpu,3650.75,3651.12
22,753,eb_enc,cpu,3651.12,3656.14
22,781,normalize,cpu,3657.54,3661.18
22,781,g_a_cpu,cpu,3661.18,3661.52
22,781,g_a,dpu,3661.52,3717.05
22,781,g_a,dpu,3717.05,3725.92
22,781,g_a_cpu,cpu,3725.92,3726.36
22,781,eb_enc,cpu,3726.37,3734.51
22,797,normalize,cpu,3735.42,3740.01
22,797,g_a_cpu,cpu,3740.02,3740.54
22,797,g_a,dpu,3740.54,3751.25
22,797,g_a,dpu,3751.25,3808.04
22,797,g_a_cpu,cpu,3808.04,3808.51
22,797,eb_enc,cpu,3808.51,3814.66
22,815,normalize,cpu,3815.21,3820.61
22,815,g_a_cpu,cpu,3820.62,3820.94
22,815,g_a,dpu,3820.95,3991.21
22,815,g_a,dpu,3991.21,3996.44
22,815,g_a_cpu,cpu,3996.44,3996.92
22,815,eb_enc,cpu,3996.92,4001.99
22,856,normalize,cpu,4002.68,4006.42
22,856,g_a_cpu,cpu,4006.42,4006.85
22,856,g_a,dpu,4006.85,4070.26
22,856,g_a,dpu,4070.26,4076.53
22,856,g_a_cpu,cpu,4076.53,4076.96
22,856,eb_enc,cpu,4076.97,4082.06
22,874,normalize,cpu,4082.63,4086.27
22,874,g_a_cpu,cpu,4086.28,4086.75
22,874,g_a,dpu,4086.75,4139.33
22,874,g_a,dpu,4139.33,4196.18
22,874,g_a_cpu,cpu,4196.18,4196.8
22,874,eb_enc,cpu,4196.8,4201.74
22,902,normalize,cpu,4202.64,4206.31
22,902,g_a_cpu,cpu,4206.32,4206.85
22,902,g_a,dpu,4206.85,4398.52
22,902,g_a,dpu,4398.52,4403.87
22,902,g_a_cpu,cpu,4403.88,4404.48
22,902,eb_enc,cpu,4404.48,4409.79
23,16,normalize,cpu,86.6514,94.9393
23,16,g_a_cpu,cpu,112.689,113.226
23,16,g_a,dpu,113.234,123.326
23,16,g_a,dpu,123.329,138.331
23,16,g_a_cpu,cpu,138.341,139.038
23,16,eb_enc,cpu,139.047,161.265
23,36,normalize,cpu,162.568,174.199
23,36,g_a_cpu,cpu,174.208,175.214
23,36,g_a,dpu,175.225,310.227
23,36,g_a,dpu,310.235,316.279
23,36,g_a_cpu,cpu,316.28,316.707
23,36,eb_enc,cpu,316.709,321.782
23,70,normalize,cpu,322.534,326.254
23,70,g_a_cpu,cpu,326.257,326.815
23,70,g_a,dpu,326.819,535.917
23,70,g_a,dpu,535.918,542.967
23,70,g_a_cpu,cpu,542.968,543.312
23,70,eb_enc,cpu,543.318,549.902
23,116,normalize,cpu,550.783,556.018
23,116,g_a_cpu,cpu,556.031,556.639
23,116,g_a,dpu,556.642,605.481
23,116,g_a,dpu,605.485,758.753
23,116,g_a_cpu,cpu,758.758,759.197
23,116,eb_enc,cpu,759.201,768.822
23,160,normalize,cpu,769.303,775.394
23,160,g_a_cpu,cpu,775.399,775.882
23,160,g_a,dpu,775.885,843.854
23,160,g_a,dpu,843.857,900.217
23,160,g_a_cpu,cpu,900.224,901.024
23,160,eb_enc,cpu,901.027,906.671
23,187,normalize,cpu,907.831,918.861
23,187,g_a_cpu,cpu,918.875,919.606
23,187,g_a,dpu,919.608,991.995
23,187,g_a,dpu,992.003,998.583
23,187,g_a_cpu,cpu,998.585,999.057
23,187,eb_enc,cpu,999.059,1004.23
23,209,normalize,cpu,1004.89,1008.67
23,209,g_a_cpu,cpu,1008.67,1009.4
23,209,g_a,dpu,1009.41,1088.61
23,209,g_a,dpu,1088.61,1095.11
23,209,g_a_cpu,cpu,1095.11,1095.55
23,209,eb_enc,cpu,1095.56,1101.02
23,228,normalize,cpu,1101.74,1105.66
23,228,g_a_cpu,cpu,1105.66,1106.11
23,228,g_a,dpu,1106.12,1181.62
23,228,g_a,dpu,1181.62,1188.08
23,228,g_a_cpu,cpu,1188.09,1188.65
23,228,eb_enc,cpu,1188.65,1193.58
23,248,normalize,cpu,1194.32,1209.94
23,248,g_a_cpu,cpu,1209.94,1210.76
23,248,g_a,dpu,1210.77,1268.82
23,248,g_a,dpu,1268.82,1274.39
23,248,g_a_cpu,cpu,1274.39,1274.81
23,248,eb_enc,cpu,1274.81,1280.23
23,266,normalize,cpu,1281.1,1285.05
23,266,g_a_cpu,cpu,1285.07,1285.79
23,266,g_a,dpu,1285.79,1427.21
23,266,g_a,dpu,1427.21,1556.17
23,266,g_a_cpu,cpu,1556.17,1556.62
23,266,eb_enc,cpu,1556.63,1561.61
23,325,normalize,cpu,1562.25,1565.88
23,325,g_a_cpu,cpu,1565.88,1566.44
23,325,g_a,dpu,1566.45,1635.35
23,325,g_a,dpu,1635.35,1641.06
23,325,g_a_cpu,cpu,1641.07,1641.47
23,325,eb_enc,cpu,1641.48,1646.78
23,346,normalize,cpu,1647.27,1651.16
23,346,g_a_cpu,cpu,1651.17,1651.95
23,346,g_a,dpu,1651.96,1713.59
23,346,g_a,dpu,1713.6,1795.7
23,346,g_a_cpu,cpu,1795.71,1796.41
23,346,eb_enc,cpu,1796.41,1801.77
23,377,normalize,cpu,1802.32,1806.05
23,377,g_a_cpu,cpu,1806.05,1806.47
23,377,g_a,dpu,1806.47,1865.86
23,377,g_a,dpu,1865.86,1871.54
23,377,g_a_cpu,cpu,1871.54,1871.9
23,377,eb_enc,cpu,1871.91,1876.88
23,396,normalize,cpu,1877.61,1881.36
23,396,g_a_cpu,cpu,1881.36,1881.71
23,396,g_a,dpu,1881.71,1899.49
23,396,g_a,dpu,1899.49,1982.6
23,396,g_a_cpu,cpu,1982.6,1983.21
23,396,eb_enc,cpu,1983.22,1988.38
23,417,normalize,cpu,1988.97,1992.68
23,417,g_a_cpu,cpu,1992.68,1993.09
23,417,g_a,dpu,1993.09,2048.04
23,417,g_a,dpu,2048.04,2053.59
23,417,g_a_cpu,cpu,2053.59,2054.01
23,417,eb_enc,cpu,2054.01,2059.2
23,432,normalize,cpu,2059.83,2063.56
23,432,g_a_cpu,cpu,2063.56,2064.02
23,432,g_a,dpu,2064.02,2124.05
23,432,g_a,dpu,2124.06,2182.73
23,432,g_a_cpu,cpu,2182.74,2183.41
23,432,eb_enc,cpu,2183.41,2188.35
23,463,normalize,cpu,2188.88,2192.64
23,463,g_a_cpu,cpu,2192.64,2193.16
23,463,g_a,dpu,2193.16,2300.32
23,463,g_a,dpu,2300.33,2355.73
23,463,g_a_cpu,cpu,2355.73,2356.06
23,463,eb_enc,cpu,2356.06,2360.95
23,500,normalize,cpu,2361.44,2366.26
23,500,g_a_cpu,cpu,2366.26,2366.59
23,500,g_a,dpu,2366.6,2447.39
23,500,g_a,dpu,2447.39,2518.05
23,500,g_a_cpu,cpu,2518.05,2518.55
23,500,eb_enc,cpu,2518.55,2524.4
23,537,normalize,cpu,2525.34,2530.31
23,537,g_a_cpu,cpu,2530.31,2530.96
23,537,g_a,dpu,2530.96,2586.39
23,537,g_a,dpu,2586.4,2596.38
23,537,g_a_cpu,cpu,2596.38,2596.9
23,537,eb_enc,cpu,2596.91,2601.99
23,552,normalize,cpu,2602.81,2606.49
23,552,g_a_cpu,cpu,2606.5,2607.03
23,552,g_a,dpu,2607.04,2674.12
23,552,g_a,dpu,2674.12,2728.48
23,552,g_a_cpu,cpu,2728.48,2728.86
23,552,eb_enc,cpu,2728.86,2733.87
23,582,normalize,cpu,2734.55,2750.53
23,582,g_a_cpu,cpu,2750.53,2751.05
23,582,g_a,dpu,2751.06,2811.12
23,582,g_a,dpu,2811.13,2874.25
23,582,g_a_cpu,cpu,2874.25,2874.81
23,582,eb_enc,cpu,2874.81,2879.85
23,614,normalize,cpu,2880.7,2884.57
23,614,g_a_cpu,cpu,2884.58,2885.07
23,614,g_a,dpu,2885.07,2941.28
23,614,g_a,dpu,2941.3,3136.98
23,614,g_a_cpu,cpu,3136.98,3137.35
23,614,eb_enc,cpu,3137.36,3143.68
23,672,normalize,cpu,3144.64,3148.5
23,672,g_a_cpu,cpu,3148.51,3149.09
23,672,g_a,dpu,3149.1,3211.72
23,672,g_a,dpu,3211.72,3362.19
23,672,g_a_cpu,cpu,3362.19,3362.79
23,672,eb_enc,cpu,3362.8,3368.07
23,720,normalize,cpu,3368.9,3372.72
23,720,g_a_cpu,cpu,3372.73,3374.11
23,720,g_a,dpu,3374.12,3443.82
23,720,g_a,dpu,3443.82,3601.7
23,720,g_a_cpu,cpu,3601.7,3602.12
23,720,eb_enc,cpu,3602.12,3607.07
23,773,normalize,cpu,3607.54,3611.24
23,773,g_a_cpu,cpu,3611.25,3611.78
23,773,g_a,dpu,3611.79,3682.96
23,773,g_a,dpu,3682.96,3746.89
23,773,g_a_cpu,cpu,3746.89,3747.39
23,773,eb_enc,cpu,3747.39,3752.66
23,803,normalize,cpu,3753.26,3759.25
23,803,g_a_cpu,cpu,3759.26,3759.74
23,803,g_a,dpu,3759.75,3766.85
23,803,g_a,dpu,3766.85,3840.93
23,803,g_a_cpu,cpu,3840.93,3841.43
23,803,eb_enc,cpu,3841.43,3846.41
23,823,normalize,cpu,3847.01,3850.81
23,823,g_a_cpu,cpu,3850.81,3851.23
23,823,g_a,dpu,3851.23,3922.23
23,823,g_a,dpu,3922.23,3928.54
23,823,g_a_cpu,cpu,3928.55,3929.27
23,823,eb_enc,cpu,3929.27,3934.93
23,841,normalize,cpu,3935.54,3939.31
23,841,g_a_cpu,cpu,3939.31,3939.69
23,841,g_a,dpu,3939.69,4001.38
23,841,g_a,dpu,4001.38,4007.1
23,841,g_a_cpu,cpu,4007.1,4007.59
23,841,eb_enc,cpu,4007.59,4012.71
23,857,normalize,cpu,4013.23,4016.94
23,857,g_a_cpu,cpu,4016.95,4017.29
23,857,g_a,dpu,4017.29,4085.38
23,857,g_a,dpu,4085.38,4151.77
23,857,g_a_cpu,cpu,4151.77,4152.2
23,857,eb_enc,cpu,4152.2,4157.51
23,892,normalize,cpu,4158.13,4162.02
23,892,g_a_cpu,cpu,4162.02,4162.52
23,892,g_a,dpu,4162.53,4278.17
23,892,g_a,dpu,4278.17,4354.36
23,892,g_a_cpu,cpu,4354.36,4354.77
23,892,eb_enc,cpu,4354.77,4359.94
24,17,normalize,cpu,90.6059,95.8046
24,17,g_a_cpu,cpu,119.841,120.611
24,17,g_a,dpu,120.62,166.227
24,17,g_a,dpu,166.242,224.76
24,17,g_a_cpu,cpu,224.762,225.283
24,17,eb_enc,cpu,225.293,238.733
24,48,normalize,cpu,239.329,243.183
24,48,g_a_cpu,cpu,243.189,243.887
24,48,g_a,dpu,243.892,335.12
24,48,g_a,dpu,335.129,340.354
24,48,g_a_cpu,cpu,340.357,340.774
24,48,eb_enc,cpu,340.776,346.451
24,75,normalize,cpu,347.432,353.558
24,75,g_a_cpu,cpu,353.561,354
24,75,g_a,dpu,354.004,361.358
24,75,g_a,dpu,361.36,424.948
24,75,g_a_cpu,cpu,424.95,425.553
24,75,eb_enc,cpu,425.566,430.857
24,88,normalize,cpu,431.596,435.277
24,88,g_a_cpu,cpu,435.282,435.835
24,88,g_a,dpu,435.839,442.886
24,88,g_a,dpu,442.891,493.617
24,88,g_a_cpu,cpu,493.619,494.032
24,88,eb_enc,cpu,494.035,500.367
24,104,normalize,cpu,501.092,518.177
24,104,g_a_cpu,cpu,518.182,518.954
24,104,g_a,dpu,519.096,604.293
24,104,g_a,dpu,604.296,610.069
24,104,g_a_cpu,cpu,610.074,610.797
24,104,eb_enc,cpu,610.803,616.14
24,128,normalize,cpu,618.26,621.901
24,128,g_a_cpu,cpu,621.905,622.304
24,128,g_a,dpu,622.307,731.339
24,128,g_a,dpu,731.352,789.281
24,128,g_a_cpu,cpu,789.282,789.752
24,128,eb_enc,cpu,789.754,794.706
24,164,normalize,cpu,795.442,799.216
24,164,g_a_cpu,cpu,799.225,799.822
24,164,g_a,dpu,799.825,855.082
24,164,g_a,dpu,855.084,865.184
24,164,g_a_cpu,cpu,865.187,865.832
24,164,eb_enc,cpu,865.834,871.098
24,180,normalize,cpu,872.094,875.752
24,180,g_a_cpu,cpu,875.756,876.147
24,180,g_a,dpu,876.15,1056.25
24,180,g_a,dpu,1056.25,1114.02
24,180,g_a_cpu,cpu,1114.03,1114.74
24,180,eb_enc,cpu,1114.74,1120.34
24,232,normalize,cpu,1121.05,1127.59
24,232,g_a_cpu,cpu,1127.59,1128.22
24,232,g_a,dpu,1128.23,1251.65
24,232,g_a,dpu,1251.65,1325.54
24,232,g_a_cpu,cpu,1325.54,1325.89
24,232,eb_enc,cpu,1325.89,1331
24,277,normalize,cpu,1331.51,1335.25
24,277,g_a_cpu,cpu,1335.25,1335.76
24,277,g_a,dpu,1335.77,1425.82
24,277,g_a,dpu,1425.82,1487.05
24,277,g_a_cpu,cpu,1487.05,1487.47
24,277,eb_enc,cpu,1487.47,1501.25
24,311,normalize,cpu,1501.75,1505.44
24,311,g_a_cpu,cpu,1505.44,1505.87
24,311,g_a,dpu,1505.88,1556.64
24,311,g_a,dpu,1556.64,1622.95
24,311,g_a_cpu,cpu,1622.95,1623.66
24,311,eb_enc,cpu,1623.68,1629.1
24,342,normalize,cpu,1629.67,1633.49
24,342,g_a_cpu,cpu,1633.49,1634.09
24,342,g_a,dpu,1634.09,1693.27
24,342,g_a,dpu,1693.27,1698.58
24,342,g_a_cpu,cpu,1698.59,1699.15
24,342,eb_enc,cpu,1699.15,1704.93
24,357,normalize,cpu,1705.63,1710.35
24,357,g_a_cpu,cpu,1710.36,1710.89
24,357,g_a,dpu,1710.9,1770.75
24,357,g_a,dpu,1770.76,1776.25
24,357,g_a_cpu,cpu,1776.25,1776.68
24,357,eb_enc,cpu,1776.69,1781.62
24,372,normalize,cpu,1782.51,1786.18
24,372,g_a_cpu,cpu,1786.18,1786.61
24,372,g_a,dpu,1786.62,1901.87
24,372,g_a,dpu,1901.87,1980.81
24,372,g_a_cpu,cpu,1980.82,1981.41
24,372,eb_enc,cpu,1981.42,1987.72
24,416,normalize,cpu,1988.3,1992.11
24,416,g_a_cpu,cpu,1992.12,1992.47
24,416,g_a,dpu,1992.47,2049.41
24,416,g_a,dpu,2049.42,2106.92
24,416,g_a_cpu,cpu,2106.93,2107.41
24,416,eb_enc,cpu,2107.41,2112.54
24,447,normalize,cpu,2113.1,2116.91
24,447,g_a_cpu,cpu,2116.92,2117.36
24,447,g_a,dpu,2117.37,2244.21
24,447,g_a,dpu,2244.22,2253.87
24,447,g_a_cpu,cpu,2253.87,2254.51
24,447,eb_enc,cpu,2254.52,2268.13
24,479,normalize,cpu,2269.21,2277.17
24,479,g_a_cpu,cpu,2277.17,2277.73
24,479,g_a,dpu,2277.73,2324.56
24,479,g_a,dpu,2324.56,2456.47
24,479,g_a_cpu,cpu,2456.47,2457.49
24,479,eb_enc,cpu,2457.49,2463.41
24,523,normalize,cpu,2464.53,2468.45
24,523,g_a_cpu,cpu,2468.46,2469.07
24,523,g_a,dpu,2469.08,2527.19
24,523,g_a,dpu,2527.19,2638.34
24,523,g_a_cpu,cpu,2638.35,2638.88
24,523,eb_enc,cpu,2638.88,2644.09
24,562,normalize,cpu,2644.87,2648.6
24,562,g_a_cpu,cpu,2648.6,2648.96
24,562,g_a,dpu,2648.97,2654.34
24,562,g_a,dpu,2654.35,2772.24
24,562,g_a_cpu,cpu,2772.24,2772.64
24,562,eb_enc,cpu,2772.64,2778.67
24,592,normalize,cpu,2780.55,2784.34
24,592,g_a_cpu,cpu,2784.34,2784.92
24,592,g_a,dpu,2784.92,2854.15
24,592,g_a,dpu,2854.15,2908.96
24,592,g_a_cpu,cpu,2908.96,2909.53
24,592,eb_enc,cpu,2909.54,2914.67
24,622,normalize,cpu,2915.69,2919.41
24,622,g_a_cpu,cpu,2919.42,2919.96
24,622,g_a,dpu,2919.97,2985.47
24,622,g_a,dpu,2985.47,2994.41
24,622,g_a_cpu,cpu,2994.41,2995.05
24,622,eb_enc,cpu,2995.06,3002.52
24,641,normalize,cpu,3003.46,3008.07
24,641,g_a_cpu,cpu,3008.08,3008.56
24,641,g_a,dpu,3008.57,3085.36
24,641,g_a,dpu,3085.37,3090.55
24,641,g_a_cpu,cpu,3090.55,3091.06
24,641,eb_enc,cpu,3091.06,3096.2
24,661,normalize,cpu,3097.01,3100.86
24,661,g_a_cpu,cpu,3100.86,3101.42
24,661,g_a,dpu,3101.43,3157.31
24,661,g_a,dpu,3157.31,3215.22
24,661,g_a_cpu,cpu,3215.23,3215.69
24,661,eb_enc,cpu,3215.69,3220.81
24,690,normalize,cpu,3222.03,3225.76
24,690,g_a_cpu,cpu,3225.76,3226.84
24,690,g_a,dpu,3226.84,3338.14
24,690,g_a,dpu,3338.15,3396.2
24,690,g_a_cpu,cpu,3396.2,3396.74
24,690,eb_enc,cpu,3396.75,3401.91
24,727,normalize,cpu,3402.46,3406.19
24,727,g_a_cpu,cpu,3406.2,3406.76
24,727,g_a,dpu,3406.76,3418.25
24,727,g_a,dpu,3418.25,3481.04
24,727,g_a_cpu,cpu,3481.04,3481.41
24,727,eb_enc,cpu,3481.41,3486.35
24,748,normalize,cpu,3486.99,3490.76
24,748,g_a_cpu,cpu,3490.76,3491.12
24,748,g_a,dpu,3491.13,3544.7
24,748,g_a,dpu,3544.71,3550.15
24,748,g_a_cpu,cpu,3550.15,3550.76
24,748,eb_enc,cpu,3550.77,3556.17
24,761,normalize,cpu,3556.88,3560.68
24,761,g_a_cpu,cpu,3560.69,3561.25
24,761,g_a,dpu,3561.25,3627.97
24,761,g_a,dpu,3627.97,3687.55
24,761,g_a_cpu,cpu,3687.56,3687.97
24,761,eb_enc,cpu,3687.97,3692.93
24,788,normalize,cpu,3693.54,3697.39
24,788,g_a_cpu,cpu,3697.4,3697.87
24,788,g_a,dpu,3697.87,3802.2
24,788,g_a,dpu,3802.2,3861.26
24,788,g_a_cpu,cpu,3861.26,3861.63
24,788,eb_enc,cpu,3861.63,3866.64
24,826,normalize,cpu,3867.46,3871.27
24,826,g_a_cpu,cpu,3871.27,3871.7
24,826,g_a,dpu,3871.7,3937.48
24,826,g_a,dpu,3937.48,4054.16
24,826,g_a_cpu,cpu,4054.16,4054.82
24,826,eb_enc,cpu,4054.82,4059.99
24,870,normalize,cpu,4060.57,4065.09
24,870,g_a_cpu,cpu,4065.09,4065.53
24,870,g_a,dpu,4065.54,4071.14
24,870,g_a,dpu,4071.14,4124.65
24,870,g_a_cpu,cpu,4124.65,4125.15
24,870,eb_enc,cpu,4125.16,4130.38
24,884,normalize,cpu,4130.93,4134.78
24,884,g_a_cpu,cpu,4134.79,4135.49
24,884,g_a,dpu,4135.49,4190.95
24,884,g_a,dpu,4190.95,4251.25
24,884,g_a_cpu,cpu,4251.25,4251.81
24,884,eb_enc,cpu,4251.81,4256.67
24,914,normalize,cpu,4257.52,4261.18
24,914,g_a_cpu,cpu,4261.18,4261.72
24,914,g_a,dpu,4261.73,4267.04
24,914,g_a,dpu,4267.05,4377.08
24,914,g_a_cpu,cpu,4377.09,4377.47
24,914,eb_enc,cpu,4377.47,4382.93
25,19,normalize,cpu,91.8202,95.5966
25,19,g_a_cpu,cpu,116.117,116.562
25,19,g_a,dpu,116.567,125.923
25,19,g_a,dpu,125.935,172.885
25,19,g_a_cpu,cpu,172.887,173.55
25,19,eb_enc,cpu,173.571,205.155
25,42,normalize,cpu,207.31,221.31
25,42,g_a_cpu,cpu,221.313,221.833
25,42,g_a,dpu,221.837,281.834
25,42,g_a,dpu,281.839,287.189
25,42,g_a_cpu,cpu,287.191,287.581
25,42,eb_enc,cpu,287.584,292.524
25,62,normalize,cpu,292.97,305.025
25,62,g_a_cpu,cpu,305.03,305.422
25,62,g_a,dpu,305.426,364.136
25,62,g_a,dpu,364.14,436.835
25,62,g_a_cpu,cpu,436.838,437.617
25,62,eb_enc,cpu,437.639,444.251
25,93,normalize,cpu,445.123,448.835
25,93,g_a_cpu,cpu,448.842,449.376
25,93,g_a,dpu,449.381,523.011
25,93,g_a,dpu,523.013,528.185
25,93,g_a_cpu,cpu,528.188,528.674
25,93,eb_enc,cpu,528.677,533.798
25,111,normalize,cpu,534.491,538.459
25,111,g_a_cpu,cpu,538.462,539.039
25,111,g_a,dpu,539.042,586.507
25,111,g_a,dpu,586.508,648.513
25,111,g_a_cpu,cpu,648.515,648.888
25,111,eb_enc,cpu,648.892,653.841
25,135,normalize,cpu,655.147,658.807
25,135,g_a_cpu,cpu,658.812,659.34
25,135,g_a,dpu,659.343,775.703
25,135,g_a,dpu,775.71,853.232
25,135,g_a_cpu,cpu,853.234,853.736
25,135,eb_enc,cpu,853.737,859.211
25,177,normalize,cpu,860.024,863.734
25,177,g_a_cpu,cpu,863.738,864.112
25,177,g_a,dpu,864.116,938.147
25,177,g_a,dpu,938.15,1006.11
25,177,g_a_cpu,cpu,1006.11,1006.5
25,177,eb_enc,cpu,1006.5,1011.64
25,210,normalize,cpu,1012.4,1016.08
25,210,g_a_cpu,cpu,1016.08,1016.43
25,210,g_a,dpu,1016.43,1071.5
25,210,g_a,dpu,1071.5,1076.93
25,210,g_a_cpu,cpu,1076.93,1077.38
25,210,eb_enc,cpu,1077.38,1082.49
25,223,normalize,cpu,1083.38,1087.18
25,223,g_a_cpu,cpu,1087.18,1087.69
25,223,g_a,dpu,1087.69,1094.31
25,223,g_a,dpu,1094.32,1166.3
25,223,g_a_cpu,cpu,1166.3,1166.8
25,223,eb_enc,cpu,1166.8,1172.88
25,245,normalize,cpu,1173.64,1183.38
25,245,g_a_cpu,cpu,1183.38,1183.73
25,245,g_a,dpu,1183.73,1235.13
25,245,g_a,dpu,1235.13,1240.84
25,245,g_a_cpu,cpu,1240.85,1241.45
25,245,eb_enc,cpu,1241.45,1246.7
25,258,normalize,cpu,1247.4,1252.33
25,258,g_a_cpu,cpu,1252.33,1252.92
25,258,g_a,dpu,1252.92,1320.63
25,258,g_a,dpu,1320.64,1383.48
25,258,g_a_cpu,cpu,1383.48,1384
25,258,eb_enc,cpu,1384.04,1389.31
25,289,normalize,cpu,1390.03,1393.78
25,289,g_a_cpu,cpu,1393.79,1394.39
25,289,g_a,dpu,1394.39,1448.17
25,289,g_a,dpu,1448.17,1453.89
25,289,g_a_cpu,cpu,1453.89,1454.59
25,289,eb_enc,cpu,1454.59,1460.01
25,303,normalize,cpu,1460.73,1464.53
25,303,g_a_cpu,cpu,1464.54,1465.26
25,303,g_a,dpu,1465.27,1523.51
25,303,g_a,dpu,1523.51,1574.94
25,303,g_a_cpu,cpu,1574.95,1575.54
25,303,eb_enc,cpu,1575.54,1580.69
25,330,normalize,cpu,1581.33,1585.05
25,330,g_a_cpu,cpu,1585.05,1585.47
25,330,g_a,dpu,1585.47,1631.99
25,330,g_a,dpu,1631.99,1639.47
25,330,g_a_cpu,cpu,1639.47,1640.02
25,330,eb_enc,cpu,1640.03,1646.61
25,345,normalize,cpu,1647.23,1651.72
25,345,g_a_cpu,cpu,1651.73,1652.4
25,345,g_a,dpu,1652.4,1722.96
25,345,g_a,dpu,1722.96,1733.21
25,345,g_a_cpu,cpu,1733.22,1733.81
25,345,eb_enc,cpu,1733.81,1739.55
25,363,normalize,cpu,1740.31,1759.98
25,363,g_a_cpu,cpu,1759.98,1760.43
25,363,g_a,dpu,1760.44,1823.36
25,363,g_a,dpu,1823.36,1874.17
25,363,g_a_cpu,cpu,1874.17,1874.57
25,363,eb_enc,cpu,1874.57,1880.22
25,397,normalize,cpu,1880.75,1885.14
25,397,g_a_cpu,cpu,1885.14,1885.54
25,397,g_a,dpu,1885.54,2013.52
25,397,g_a,dpu,2013.52,2062.05
25,397,g_a_cpu,cpu,2062.05,2062.58
25,397,eb_enc,cpu,2062.59,2068.99
25,434,normalize,cpu,2069.92,2073.71
25,434,g_a_cpu,cpu,2073.71,2074.31
25,434,g_a,dpu,2074.32,2134.15
25,434,g_a,dpu,2134.16,2139.51
25,434,g_a_cpu,cpu,2139.51,2139.94
25,434,eb_enc,cpu,2139.94,2145.16
25,454,normalize,cpu,2145.81,2150.31
25,454,g_a_cpu,cpu,2150.31,2150.7
25,454,g_a,dpu,2150.7,2215.1
25,454,g_a,dpu,2215.1,2226.17
25,454,g_a_cpu,cpu,2226.17,2226.79
25,454,eb_enc,cpu,2226.8,2232.21
25,471,normalize,cpu,2233.23,2238.18
25,471,g_a_cpu,cpu,2238.19,2238.91
25,471,g_a,dpu,2238.92,2305.72
25,471,g_a,dpu,2305.72,2362.2
25,471,g_a_cpu,cpu,2362.2,2362.66
25,471,eb_enc,cpu,2362.66,2367.99
25,501,normalize,cpu,2368.71,2372.42
25,501,g_a_cpu,cpu,2372.43,2373.11
25,501,g_a,dpu,2373.11,2428.56
25,501,g_a,dpu,2428.56,2433.8
25,501,g_a_cpu,cpu,2433.8,2434.35
25,501,eb_enc,cpu,2434.35,2439.35
25,518,normalize,cpu,2439.83,2443.53
25,518,g_a_cpu,cpu,2443.53,2444.05
25,518,g_a,dpu,2444.06,2452.39
25,518,g_a,dpu,2452.4,2458.23
25,518,g_a_cpu,cpu,2458.23,2458.85
25,518,eb_enc,cpu,2458.85,2474.87
25,526,normalize,cpu,2476.37,2480.71
25,526,g_a_cpu,cpu,2480.71,2481.88
25,526,g_a,dpu,2481.88,2548.4
25,526,g_a,dpu,2548.4,2613.2
25,526,g_a_cpu,cpu,2613.2,2613.62
25,526,eb_enc,cpu,2613.63,2618.78
25,557,normalize,cpu,2619.33,2623.17
25,557,g_a_cpu,cpu,2623.18,2623.9
25,557,g_a,dpu,2623.91,2732.44
25,557,g_a,dpu,2732.45,2806.71
25,557,g_a_cpu,cpu,2806.71,2807.22
25,557,eb_enc,cpu,2807.23,2813.52
25,599,normalize,cpu,2814.26,2818.08
25,599,g_a_cpu,cpu,2818.08,2818.77
25,599,g_a,dpu,2818.78,3045.68
25,599,g_a,dpu,3045.68,3050.95
25,599,g_a_cpu,cpu,3050.96,3051.54
25,599,eb_enc,cpu,3051.54,3056.5
25,652,normalize,cpu,3057.19,3060.91
25,652,g_a_cpu,cpu,3060.91,3061.91
25,652,g_a,dpu,3061.92,3165.2
25,652,g_a,dpu,3165.2,3294.02
25,652,g_a_cpu,cpu,3294.03,3294.46
25,652,eb_enc,cpu,3294.46,3300.16
25,705,normalize,cpu,3301.3,3305.14
25,705,g_a_cpu,cpu,3305.15,3305.61
25,705,g_a,dpu,3305.61,3493.44
25,705,g_a,dpu,3493.45,3499.48
25,705,g_a_cpu,cpu,3499.48,3499.95
25,705,eb_enc,cpu,3499.95,3505.2
25,752,normalize,cpu,3506.04,3509.76
25,752,g_a_cpu,cpu,3509.77,3510.25
25,752,g_a,dpu,3510.25,3568.74
25,752,g_a,dpu,3568.75,3699.42
25,752,g_a_cpu,cpu,3699.42,3699.99
25,752,eb_enc,cpu,3699.99,3705.14
25,791,normalize,cpu,3706.21,3709.94
25,791,g_a_cpu,cpu,3709.97,3710.4
25,791,g_a,dpu,3710.41,3779.61
25,791,g_a,dpu,3779.61,3832.96
25,791,g_a_cpu,cpu,3832.97,3833.51
25,791,eb_enc,cpu,3833.52,3838.66
25,821,normalize,cpu,3839.17,3850.29
25,821,g_a_cpu,cpu,3850.29,3850.72
25,821,g_a,dpu,3850.73,3856.34
25,821,g_a,dpu,3856.34,3968.91
25,821,g_a_cpu,cpu,3968.91,3969.27
25,821,eb_enc,cpu,3969.28,3974.19
25,850,normalize,cpu,3974.97,3978.8
25,850,g_a_cpu,cpu,3978.81,3979.32
25,850,g_a,dpu,3979.32,4047.89
25,850,g_a,dpu,4047.89,4053.21
25,850,g_a_cpu,cpu,4053.21,4053.78
25,850,eb_enc,cpu,4053.78,4058.87
25,869,normalize,cpu,4059.77,4063.43
25,869,g_a_cpu,cpu,4063.43,4064.09
25,869,g_a,dpu,4064.09,4114.44
25,869,g_a,dpu,4114.45,4235.13
25,869,g_a_cpu,cpu,4235.13,4235.72
25,869,eb_enc,cpu,4235.72,4241.54
25,911,normalize,cpu,4242.25,4246.09
25,911,g_a_cpu,cpu,4246.1,4246.67
25,911,g_a,dpu,4246.68,4299.93
25,911,g_a,dpu,4299.93,4393.62
25,911,g_a_cpu,cpu,4393.62,4394.25
25,911,eb_enc,cpu,4394.25,4399.35
26,27,normalize,cpu,112.216,116.036
26,27,g_a_cpu,cpu,124.74,126.222
26,27,g_a,dpu,126.241,182.766
26,27,g_a,dpu,182.779,254.199
26,27,g_a_cpu,cpu,254.2,254.592
26,27,eb_enc,cpu,254.6,261.142
26,53,normalize,cpu,261.768,270.389
26,53,g_a_cpu,cpu,270.393,270.82
26,53,g_a,dpu,270.822,332.546
26,53,g_a,dpu,332.552,425.884
26,53,g_a_cpu,cpu,425.885,426.482
26,53,eb_enc,cpu,426.484,431.745
26,89,normalize,cpu,432.341,452.102
26,89,g_a_cpu,cpu,452.106,452.648
26,89,g_a,dpu,452.651,513.096
26,89,g_a,dpu,513.097,578.257
26,89,g_a_cpu,cpu,578.259,578.741
26,89,eb_enc,cpu,578.753,583.722
26,123,normalize,cpu,584.368,588.11
26,123,g_a_cpu,cpu,588.113,588.462
26,123,g_a,dpu,588.465,732.106
26,123,g_a,dpu,732.109,737.697
26,123,g_a_cpu,cpu,737.699,738.081
26,123,eb_enc,cpu,738.083,743.014
26,153,normalize,cpu,743.573,747.304
26,153,g_a_cpu,cpu,747.308,747.756
26,153,g_a,dpu,747.758,753.588
26,153,g_a,dpu,753.59,886.619
26,153,g_a_cpu,cpu,886.62,887.034
26,153,eb_enc,cpu,887.037,892.076
26,185,normalize,cpu,892.533,896.273
26,185,g_a_cpu,cpu,896.278,896.915
26,185,g_a,dpu,896.918,956.942
26,185,g_a,dpu,956.948,1043.42
26,185,g_a_cpu,cpu,1043.42,1043.87
26,185,eb_enc,cpu,1043.87,1049.59
26,218,normalize,cpu,1050.18,1053.89
26,218,g_a_cpu,cpu,1053.9,1054.36
26,218,g_a,dpu,1054.37,1122.23
26,218,g_a,dpu,1122.24,1128.26
26,218,g_a_cpu,cpu,1128.27,1128.95
26,218,eb_enc,cpu,1128.96,1134.87
26,236,normalize,cpu,1135.38,1139.34
26,236,g_a_cpu,cpu,1139.34,1139.85
26,236,g_a,dpu,1139.85,1212.94
26,236,g_a,dpu,1212.94,1329.9
26,236,g_a_cpu,cpu,1329.9,1330.36
26,236,eb_enc,cpu,1330.36,1335.31
26,278,normalize,cpu,1336.92,1340.62
26,278,g_a_cpu,cpu,1340.63,1341.29
26,278,g_a,dpu,1341.29,1351.6
26,278,g_a,dpu,1351.6,1357.32
26,278,g_a_cpu,cpu,1357.33,1357.72
26,278,eb_enc,cpu,1357.72,1365.94
26,285,normalize,cpu,1366.61,1371.22
26,285,g_a_cpu,cpu,1371.23,1371.61
26,285,g_a,dpu,1371.61,1518.89
26,285,g_a,dpu,1518.89,1626.26
26,285,g_a_cpu,cpu,1626.27,1626.76
26,285,eb_enc,cpu,1626.77,1634.47
26,343,normalize,cpu,1635.29,1638.97
26,343,g_a_cpu,cpu,1638.98,1640.37
26,343,g_a,dpu,1640.38,1707.47
26,343,g_a,dpu,1707.48,1787.65
26,343,g_a_cpu,cpu,1787.65,1788.04
26,343,eb_enc,cpu,1788.05,1794.19
26,376,normalize,cpu,1794.75,1798.58
26,376,g_a_cpu,cpu,1798.58,1799.07
26,376,g_a,dpu,1799.08,1922.86
26,376,g_a,dpu,1922.86,1930.26
26,376,g_a_cpu,cpu,1930.26,1930.83
26,376,eb_enc,cpu,1930.84,1935.97
26,405,normalize,cpu,1936.99,1940.7
26,405,g_a_cpu,cpu,1940.7,1941.42
26,405,g_a,dpu,1941.42,1950.86
26,405,g_a,dpu,1950.86,2021.06
26,405,g_a_cpu,cpu,2021.07,2021.6
26,405,eb_enc,cpu,2021.6,2026.79
26,425,normalize,cpu,2027.52,2031.18
26,425,g_a_cpu,cpu,2031.19,2031.72
26,425,g_a,dpu,2031.72,2037.65
26,425,g_a,dpu,2037.66,2197.18
26,425,g_a_cpu,cpu,2197.18,2197.78
26,425,eb_enc,cpu,2197.78,2203.57
26,465,normalize,cpu,2204.33,2209.01
26,465,g_a_cpu,cpu,2209.02,2209.89
26,465,g_a,dpu,2209.9,2276.77
26,465,g_a,dpu,2276.77,2325.77
26,465,g_a_cpu,cpu,2325.77,2326.15
26,465,eb_enc,cpu,2326.16,2331.58
26,495,normalize,cpu,2332.18,2336.5
26,495,g_a_cpu,cpu,2336.51,2337.03
26,495,g_a,dpu,2337.04,2470.21
26,495,g_a,dpu,2470.21,2578.65
26,495,g_a_cpu,cpu,2578.65,2579.22
26,495,eb_enc,cpu,2579.22,2584.41
26,548,normalize,cpu,2585.12,2588.81
26,548,g_a_cpu,cpu,2588.82,2589.38
26,548,g_a,dpu,2589.38,2708.49
26,548,g_a,dpu,2708.5,2764.75
26,548,g_a_cpu,cpu,2764.75,2765.29
26,548,eb_enc,cpu,2765.29,2770.31
26,590,normalize,cpu,2770.84,2775.59
26,590,g_a_cpu,cpu,2775.6,2776.38
26,590,g_a,dpu,2776.39,2826.97
26,590,g_a,dpu,2826.97,2899.05
26,590,g_a_cpu,cpu,2899.05,2899.43
26,590,eb_enc,cpu,2899.44,2904.6
26,620,normalize,cpu,2905.39,2909.14
26,620,g_a_cpu,cpu,2909.15,2909.71
26,620,g_a,dpu,2909.71,2971.14
26,620,g_a,dpu,2971.14,3043.58
26,620,g_a_cpu,cpu,3043.58,3044.01
26,620,eb_enc,cpu,3044.02,3049.16
26,650,normalize,cpu,3049.56,3058.05
26,650,g_a_cpu,cpu,3058.05,3058.49
26,650,g_a,dpu,3058.49,3114.76
26,650,g_a,dpu,3114.77,3183.93
26,650,g_a_cpu,cpu,3183.93,3184.37
26,650,eb_enc,cpu,3184.38,3192.53
26,683,normalize,cpu,3193.03,3198.26
26,683,g_a_cpu,cpu,3198.26,3198.88
26,683,g_a,dpu,3198.89,3255.11
26,683,g_a,dpu,3255.11,3413.63
26,683,g_a_cpu,cpu,3413.64,3414.09
26,683,eb_enc,cpu,3414.1,3419.5
26,732,normalize,cpu,3420.56,3424.78
26,732,g_a_cpu,cpu,3424.78,3425.35
26,732,g_a,dpu,3425.35,3510.92
26,732,g_a,dpu,3510.93,3516.94
26,732,g_a_cpu,cpu,3516.94,3517.59
26,732,eb_enc,cpu,3517.59,3523.77
26,754,normalize,cpu,3524.8,3528.49
26,754,g_a_cpu,cpu,3528.49,3529.09
26,754,g_a,dpu,3529.09,3618.56
26,754,g_a,dpu,3618.56,3688.98
26,754,g_a_cpu,cpu,3688.98,3689.45
26,754,eb_enc,cpu,3689.45,3696.67
26,789,normalize,cpu,3697.3,3701.65
26,789,g_a_cpu,cpu,3701.65,3702.08
26,789,g_a,dpu,3702.09,3835.91
26,789,g_a,dpu,3835.91,4044.65
26,789,g_a_cpu,cpu,4044.66,4045.05
26,789,eb_enc,cpu,4045.05,4050.08
26,868,normalize,cpu,4050.7,4055
26,868,g_a_cpu,cpu,4055.01,4055.62
26,868,g_a,dpu,4055.63,4120.41
26,868,g_a,dpu,4120.41,4126
26,868,g_a_cpu,cpu,4126.01,4126.59
26,868,eb_enc,cpu,4126.6,4136.7
26,885,normalize,cpu,4137.42,4146.82
26,885,g_a_cpu,cpu,4146.83,4147.44
26,885,g_a,dpu,4147.45,4213.18
26,885,g_a,dpu,4213.18,4220.87
26,885,g_a_cpu,cpu,4220.87,4221.25
26,885,eb_enc,cpu,4221.25,4226.24
26,907,normalize,cpu,4226.72,4230.46
26,907,g_a_cpu,cpu,4230.47,4231.03
26,907,g_a,dpu,4231.04,4300.98
26,907,g_a,dpu,4300.98,4377.74
26,907,g_a_cpu,cpu,4377.74,4378.36
26,907,eb_enc,cpu,4378.37,4384.53
27,15,normalize,cpu,86.6515,95.291
27,15,g_a_cpu,cpu,118.609,119.354
27,15,g_a,dpu,119.363,135.187
27,15,g_a,dpu,135.198,189.724
27,15,g_a_cpu,cpu,189.73,190.257
27,15,eb_enc,cpu,190.268,205.828
27,43,normalize,cpu,206.889,219.381
27,43,g_a_cpu,cpu,219.385,220.061
27,43,g_a,dpu,220.066,268.404
27,43,g_a,dpu,268.41,320.309
27,43,g_a_cpu,cpu,320.31,320.732
27,43,eb_enc,cpu,320.734,326.053
27,71,normalize,cpu,326.967,333.135
27,71,g_a_cpu,cpu,333.138,333.563
27,71,g_a,dpu,333.565,402.327
27,71,g_a,dpu,402.329,502.575
27,71,g_a_cpu,cpu,502.579,503.109
27,71,eb_enc,cpu,503.117,509.441
27,106,normalize,cpu,510.081,514.724
27,106,g_a_cpu,cpu,514.726,515.247
27,106,g_a,dpu,515.25,599.184
27,106,g_a,dpu,599.188,658.283
27,106,g_a_cpu,cpu,658.286,658.885
27,106,eb_enc,cpu,658.888,666.908
27,137,normalize,cpu,667.573,672.056
27,137,g_a_cpu,cpu,672.059,672.486
27,137,g_a,dpu,672.489,726.479
27,137,g_a,dpu,726.48,781.862
27,137,g_a_cpu,cpu,781.863,782.371
27,137,eb_enc,cpu,782.376,787.484
27,162,normalize,cpu,787.946,791.835
27,162,g_a_cpu,cpu,791.84,792.204
27,162,g_a,dpu,792.208,844.742
27,162,g_a,dpu,844.753,928.546
27,162,g_a_cpu,cpu,928.548,929.112
27,162,eb_enc,cpu,929.116,934.084
27,192,normalize,cpu,934.952,939.377
27,192,g_a_cpu,cpu,939.38,939.796
27,192,g_a,dpu,939.801,949.403
27,192,g_a,dpu,949.404,1069.23
27,192,g_a_cpu,cpu,1069.23,1069.56
27,192,eb_enc,cpu,1069.56,1074.65
27,222,normalize,cpu,1075.38,1079.11
27,222,g_a_cpu,cpu,1079.11,1079.51
27,222,g_a,dpu,1079.51,1142.58
27,222,g_a,dpu,1142.58,1147.77
27,222,g_a_cpu,cpu,1147.77,1148.19
27,222,eb_enc,cpu,1148.19,1154.39
27,239,normalize,cpu,1155.21,1159.13
27,239,g_a_cpu,cpu,1159.13,1159.76
27,239,g_a,dpu,1159.76,1224.03
27,239,g_a,dpu,1224.03,1346.85
27,239,g_a_cpu,cpu,1346.85,1347.54
27,239,eb_enc,cpu,1347.54,1352.61
27,282,normalize,cpu,1353.21,1356.95
27,282,g_a_cpu,cpu,1356.96,1357.43
27,282,g_a,dpu,1357.43,1447.26
27,282,g_a,dpu,1447.26,1506.78
27,282,g_a_cpu,cpu,1506.78,1507.31
27,282,eb_enc,cpu,1507.32,1512.74
27,314,normalize,cpu,1513.43,1517.25
27,314,g_a_cpu,cpu,1517.25,1517.83
27,314,g_a,dpu,1517.83,1524.23
27,314,g_a,dpu,1524.23,1586.92
27,314,g_a_cpu,cpu,1586.92,1587.37
27,314,eb_enc,cpu,1587.38,1592.43
27,333,normalize,cpu,1593.06,1596.76
27,333,g_a_cpu,cpu,1596.76,1597.19
27,333,g_a,dpu,1597.19,1654.37
27,333,g_a,dpu,1654.37,1722.73
27,333,g_a_cpu,cpu,1722.73,1723.55
27,333,eb_enc,cpu,1723.55,1729.15
27,362,normalize,cpu,1729.86,1733.63
27,362,g_a_cpu,cpu,1733.64,1735.25
27,362,g_a,dpu,1735.25,1834.1
27,362,g_a,dpu,1834.11,1945.47
27,362,g_a_cpu,cpu,1945.47,1945.91
27,362,eb_enc,cpu,1945.92,1954.73
27,408,normalize,cpu,1955.69,1972.43
27,408,g_a_cpu,cpu,1972.44,1973.34
27,408,g_a,dpu,1973.35,2071.28
27,408,g_a,dpu,2071.29,2142.82
27,408,g_a_cpu,cpu,2142.82,2143.43
27,408,eb_enc,cpu,2143.44,2148.54
27,455,normalize,cpu,2149.27,2152.96
27,455,g_a_cpu,cpu,2152.96,2153.53
27,455,g_a,dpu,2153.53,2232
27,455,g_a,dpu,2232,2291.78
27,455,g_a_cpu,cpu,2291.78,2292.11
27,455,eb_enc,cpu,2292.12,2297.24
27,487,normalize,cpu,2297.89,2301.7
27,487,g_a_cpu,cpu,2301.71,2302.25
27,487,g_a,dpu,2302.25,2367.11
27,487,g_a,dpu,2367.11,2477.13
27,487,g_a_cpu,cpu,2477.13,2477.48
27,487,eb_enc,cpu,2477.48,2482.58
27,528,normalize,cpu,2483.28,2486.95
27,528,g_a_cpu,cpu,2486.96,2487.46
27,528,g_a,dpu,2487.47,2542.68
27,528,g_a,dpu,2542.69,2588.73
27,528,g_a_cpu,cpu,2588.74,2589.27
27,528,eb_enc,cpu,2589.28,2594.2
27,550,normalize,cpu,2594.72,2598.42
27,550,g_a_cpu,cpu,2598.43,2598.94
27,550,g_a,dpu,2598.94,2663.99
27,550,g_a,dpu,2663.99,2724.63
27,550,g_a_cpu,cpu,2724.63,2725.06
27,550,eb_enc,cpu,2725.06,2730.28
27,581,normalize,cpu,2730.85,2734.55
27,581,g_a_cpu,cpu,2734.56,2735.08
27,581,g_a,dpu,2735.08,2795.73
27,581,g_a,dpu,2795.73,2863.5
27,581,g_a_cpu,cpu,2863.5,2863.83
27,581,eb_enc,cpu,2863.83,2869.15
27,611,normalize,cpu,2870.05,2873.68
27,611,g_a_cpu,cpu,2873.68,2874.11
27,611,g_a,dpu,2874.12,2929.92
27,611,g_a,dpu,2929.92,3042.7
27,611,g_a_cpu,cpu,3042.7,3043.19
27,611,eb_enc,cpu,3043.19,3048.53
27,649,normalize,cpu,3049,3052.68
27,649,g_a_cpu,cpu,3052.69,3053.03
27,649,g_a,dpu,3053.04,3115.24
27,649,g_a,dpu,3115.24,3226.17
27,649,g_a_cpu,cpu,3226.18,3227.03
27,649,eb_enc,cpu,3227.03,3232.24
27,692,normalize,cpu,3232.86,3236.51
27,692,g_a_cpu,cpu,3236.52,3238.03
27,692,g_a,dpu,3238.03,3295.1
27,692,g_a,dpu,3295.11,3347.55
27,692,g_a_cpu,cpu,3347.55,3347.93
27,692,eb_enc,cpu,3347.93,3357.08
27,718,normalize,cpu,3357.63,3361.54
27,718,g_a_cpu,cpu,3361.55,3366.17
27,718,g_a,dpu,3366.17,3371.47
27,718,g_a,dpu,3371.47,3376.7
27,718,g_a_cpu,cpu,3376.71,3377.12
27,718,eb_enc,cpu,3377.12,3382.52
27,723,normalize,cpu,3383.25,3387
27,723,g_a_cpu,cpu,3387.01,3387.78
27,723,g_a,dpu,3387.79,3443.07
27,723,g_a,dpu,3443.08,3590.47
27,723,g_a_cpu,cpu,3590.47,3590.98
27,723,eb_enc,cpu,3590.99,3596.25
27,769,normalize,cpu,3596.83,3600.56
27,769,g_a_cpu,cpu,3600.57,3600.91
27,769,g_a,dpu,3600.91,3661.28
27,769,g_a,dpu,3661.28,3666.62
27,769,g_a_cpu,cpu,3666.62,3666.98
27,769,eb_enc,cpu,3666.98,3671.8
27,784,normalize,cpu,3672.32,3676.12
27,784,g_a_cpu,cpu,3676.12,3676.46
27,784,g_a,dpu,3676.46,3726.87
27,784,g_a,dpu,3726.87,3793.36
27,784,g_a_cpu,cpu,3793.36,3793.76
27,784,eb_enc,cpu,3793.76,3798.86
27,812,normalize,cpu,3799.53,3803.31
27,812,g_a_cpu,cpu,3803.31,3803.92
27,812,g_a,dpu,3803.93,3867.06
27,812,g_a,dpu,3867.06,3932.43
27,812,g_a_cpu,cpu,3932.43,3933.1
27,812,eb_enc,cpu,3933.11,3938.36
27,843,normalize,cpu,3939.03,3946.36
27,843,g_a_cpu,cpu,3946.37,3946.93
27,843,g_a,dpu,3946.93,3991.93
27,843,g_a,dpu,3991.93,4064.32
27,843,g_a_cpu,cpu,4064.32,4064.78
27,843,eb_enc,cpu,4064.78,4072.22
27,872,normalize,cpu,4072.79,4076.7
27,872,g_a_cpu,cpu,4076.7,4077.21
27,872,g_a,dpu,4077.22,4139.18
27,872,g_a,dpu,4139.18,4196.01
27,872,g_a_cpu,cpu,4196.01,4196.63
27,872,eb_enc,cpu,4196.63,4201.74
27,901,normalize,cpu,4202.56,4206.22
27,901,g_a_cpu,cpu,4206.23,4206.76
27,901,g_a,dpu,4206.76,4328.96
27,901,g_a,dpu,4328.97,4334.19
27,901,g_a_cpu,cpu,4334.19,4334.63
27,901,eb_enc,cpu,4334.63,4339.8
28,18,normalize,cpu,90.6059,94.8562
28,18,g_a_cpu,cpu,112.552,113.043
28,18,g_a,dpu,113.049,122.827
28,18,g_a,dpu,122.832,149.642
28,18,g_a_cpu,cpu,149.644,150.223
28,18,eb_enc,cpu,150.232,165.327
28,37,normalize,cpu,174.547,201.761
28,37,g_a_cpu,cpu,201.769,202.605
28,37,g_a,dpu,202.619,243.082
28,37,g_a,dpu,243.097,293.424
28,37,g_a_cpu,cpu,293.426,293.775
28,37,eb_enc,cpu,293.777,303.985
28,64,normalize,cpu,304.488,308.224
28,64,g_a_cpu,cpu,308.229,308.615
28,64,g_a,dpu,308.619,330.106
28,64,g_a,dpu,330.107,402.457
28,64,g_a_cpu,cpu,402.457,402.954
28,64,eb_enc,cpu,402.985,409.07
28,85,normalize,cpu,409.536,413.221
28,85,g_a_cpu,cpu,413.224,413.557
28,85,g_a,dpu,413.561,546.713
28,85,g_a,dpu,546.715,552.01
28,85,g_a_cpu,cpu,552.011,552.619
28,85,eb_enc,cpu,552.622,558.265
28,117,normalize,cpu,558.958,569.912
28,117,g_a_cpu,cpu,569.918,570.607
28,117,g_a,dpu,570.613,623.215
28,117,g_a,dpu,623.218,628.392
28,117,g_a_cpu,cpu,628.394,628.819
28,117,eb_enc,cpu,628.823,639.389
28,132,normalize,cpu,640.052,643.921
28,132,g_a_cpu,cpu,643.929,644.787
28,132,g_a,dpu,644.791,699.088
28,132,g_a,dpu,699.098,704.566
28,132,g_a_cpu,cpu,704.569,705.237
28,132,eb_enc,cpu,705.24,710.507
28,147,normalize,cpu,711.361,715.021
28,147,g_a_cpu,cpu,715.026,716.462
28,147,g_a,dpu,716.467,726.215
28,147,g_a,dpu,726.216,789.276
28,147,g_a_cpu,cpu,789.278,789.731
28,147,eb_enc,cpu,789.735,794.707
28,165,normalize,cpu,795.442,799.312
28,165,g_a_cpu,cpu,799.316,799.915
28,165,g_a,dpu,799.918,869.739
28,165,g_a,dpu,869.743,945.136
28,165,g_a_cpu,cpu,945.139,945.689
28,165,eb_enc,cpu,945.692,951.155
28,196,normalize,cpu,951.702,955.5
28,196,g_a_cpu,cpu,955.511,956.162
28,196,g_a,dpu,956.174,1025.58
28,196,g_a,dpu,1025.58,1031.13
28,196,g_a_cpu,cpu,1031.14,1031.65
28,196,eb_enc,cpu,1031.66,1036.81
28,215,normalize,cpu,1037.62,1042.07
28,215,g_a_cpu,cpu,1042.07,1042.51
28,215,g_a,dpu,1042.51,1099.14
28,215,g_a,dpu,1099.15,1107.11
28,215,g_a_cpu,cpu,1107.11,1107.48
28,215,eb_enc,cpu,1107.48,1112.65
28,231,normalize,cpu,1113.38,1117.12
28,231,g_a_cpu,cpu,1117.13,1117.63
28,231,g_a,dpu,1117.63,1180.95
28,231,g_a,dpu,1180.95,1186.27
28,231,g_a_cpu,cpu,1186.27,1186.87
28,231,eb_enc,cpu,1186.89,1191.84
28,247,normalize,cpu,1192.29,1196.11
28,247,g_a_cpu,cpu,1196.11,1196.5
28,247,g_a,dpu,1196.5,1252.52
28,247,g_a,dpu,1252.52,1258.61
28,247,g_a_cpu,cpu,1258.61,1259.08
28,247,eb_enc,cpu,1259.08,1265.09
28,262,normalize,cpu,1266.05,1270.56
28,262,g_a_cpu,cpu,1270.57,1271.19
28,262,g_a,dpu,1271.2,1327.07
28,262,g_a,dpu,1327.07,1442.4
28,262,g_a_cpu,cpu,1442.4,1442.89
28,262,eb_enc,cpu,1442.9,1448.4
28,301,normalize,cpu,1459.2,1462.9
28,301,g_a_cpu,cpu,1462.91,1463.5
28,301,g_a,dpu,1463.51,1529.12
28,301,g_a,dpu,1529.12,1579.64
28,301,g_a_cpu,cpu,1579.64,1580.02
28,301,eb_enc,cpu,1580.03,1584.9
28,332,normalize,cpu,1585.5,1589.43
28,332,g_a_cpu,cpu,1589.43,1589.85
28,332,g_a,dpu,1589.86,1645.29
28,332,g_a,dpu,1645.29,1650.57
28,332,g_a_cpu,cpu,1650.57,1651.23
28,332,eb_enc,cpu,1651.23,1657.33
28,348,normalize,cpu,1658.04,1661.84
28,348,g_a_cpu,cpu,1661.85,1662.29
28,348,g_a,dpu,1662.29,1799.76
28,348,g_a,dpu,1799.76,1804.93
28,348,g_a_cpu,cpu,1804.93,1805.37
28,348,eb_enc,cpu,1805.37,1812.83
28,379,normalize,cpu,1813.42,1817.35
28,379,g_a_cpu,cpu,1817.35,1817.88
28,379,g_a,dpu,1817.89,1868.92
28,379,g_a,dpu,1868.92,1927.97
28,379,g_a_cpu,cpu,1927.97,1928.31
28,379,eb_enc,cpu,1928.31,1933.34
28,404,normalize,cpu,1934.16,1948.07
28,404,g_a_cpu,cpu,1948.08,1948.55
28,404,g_a,dpu,1948.55,2023.66
28,404,g_a,dpu,2023.67,2079.23
28,404,g_a_cpu,cpu,2079.23,2079.73
28,404,eb_enc,cpu,2079.74,2087.37
28,440,normalize,cpu,2087.99,2092.54
28,440,g_a_cpu,cpu,2092.55,2092.96
28,440,g_a,dpu,2092.97,2145.66
28,440,g_a,dpu,2145.66,2150.96
28,440,g_a_cpu,cpu,2150.96,2151.36
28,440,eb_enc,cpu,2151.37,2157.25
28,456,normalize,cpu,2158.11,2161.83
28,456,g_a_cpu,cpu,2161.84,2171.67
28,456,g_a,dpu,2171.67,2236.64
28,456,g_a,dpu,2236.64,2300.32
28,456,g_a_cpu,cpu,2300.33,2300.74
28,456,eb_enc,cpu,2300.74,2305.92
28,489,normalize,cpu,2306.83,2310.64
28,489,g_a_cpu,cpu,2310.65,2311.15
28,489,g_a,dpu,2311.16,2372.16
28,489,g_a,dpu,2372.17,2420.71
28,489,g_a_cpu,cpu,2420.72,2421.11
28,489,eb_enc,cpu,2421.12,2426.65
28,516,normalize,cpu,2427.18,2431.76
28,516,g_a_cpu,cpu,2431.76,2432.13
28,516,g_a,dpu,2432.14,2488.11
28,516,g_a,dpu,2488.11,2502.33
28,516,g_a_cpu,cpu,2502.33,2502.73
28,516,eb_enc,cpu,2502.73,2507.76
28,533,normalize,cpu,2508.43,2512.21
28,533,g_a_cpu,cpu,2512.21,2512.92
28,533,g_a,dpu,2512.93,2521.86
28,533,g_a,dpu,2521.86,2644.45
28,533,g_a_cpu,cpu,2644.46,2644.95
28,533,eb_enc,cpu,2644.95,2650.01
28,563,normalize,cpu,2650.69,2654.49
28,563,g_a_cpu,cpu,2654.5,2655.22
28,563,g_a,dpu,2655.23,2711.92
28,563,g_a,dpu,2711.92,2762.86
28,563,g_a_cpu,cpu,2762.86,2763.54
28,563,eb_enc,cpu,2763.54,2768.72
28,589,normalize,cpu,2769.2,2778.25
28,589,g_a_cpu,cpu,2778.26,2778.92
28,589,g_a,dpu,2778.92,2851.89
28,589,g_a,dpu,2851.89,2908.91
28,589,g_a_cpu,cpu,2908.91,2909.43
28,589,eb_enc,cpu,2909.43,2916.81
28,623,normalize,cpu,2917.53,2931.28
28,623,g_a_cpu,cpu,2931.28,2931.94
28,623,g_a,dpu,2931.94,2999.3
28,623,g_a,dpu,2999.3,3055.65
28,623,g_a_cpu,cpu,3055.65,3056.03
28,623,eb_enc,cpu,3056.03,3061.07
28,653,normalize,cpu,3062.83,3076.42
28,653,g_a_cpu,cpu,3076.42,3076.86
28,653,g_a,dpu,3076.87,3114.14
28,653,g_a,dpu,3114.14,3169.94
28,653,g_a_cpu,cpu,3169.94,3170.37
28,653,eb_enc,cpu,3170.37,3180.85
28,680,normalize,cpu,3181.48,3190.41
28,680,g_a_cpu,cpu,3190.41,3190.78
28,680,g_a,dpu,3190.79,3244.5
28,680,g_a,dpu,3244.51,3250.08
28,680,g_a_cpu,cpu,3250.08,3250.69
28,680,eb_enc,cpu,3250.69,3257.41
28,697,normalize,cpu,3258.98,3264.28
28,697,g_a_cpu,cpu,3264.28,3264.85
28,697,g_a,dpu,3264.85,3382.43
28,697,g_a,dpu,3382.43,3387.9
28,697,g_a_cpu,cpu,3387.9,3388.46
28,697,eb_enc,cpu,3388.46,3393.58
28,726,normalize,cpu,3394.1,3399.28
28,726,g_a_cpu,cpu,3399.29,3399.74
28,726,g_a,dpu,3399.75,3456.24
28,726,g_a,dpu,3456.24,3521.51
28,726,g_a_cpu,cpu,3521.51,3522.12
28,726,eb_enc,cpu,3522.12,3527.24
28,755,normalize,cpu,3527.84,3532.54
28,755,g_a_cpu,cpu,3532.55,3533.02
28,755,g_a,dpu,3533.02,3608.16
28,755,g_a,dpu,3608.16,3734.94
28,755,g_a_cpu,cpu,3734.95,3735.5
28,755,eb_enc,cpu,3735.51,3744.23
28,799,normalize,cpu,3744.9,3753.43
28,799,g_a_cpu,cpu,3753.43,3753.75
28,799,g_a,dpu,3753.76,3866.38
28,799,g_a,dpu,3866.38,3924.2
28,799,g_a_cpu,cpu,3924.21,3924.71
28,799,eb_enc,cpu,3924.71,3930.33
28,840,normalize,cpu,3930.98,3944.55
28,840,g_a_cpu,cpu,3944.55,3944.98
28,840,g_a,dpu,3944.99,4004.31
28,840,g_a,dpu,4004.32,4063.49
28,840,g_a_cpu,cpu,4063.49,4064.1
28,840,eb_enc,cpu,4064.11,4069.13
28,871,normalize,cpu,4069.63,4073.3
28,871,g_a_cpu,cpu,4073.31,4073.69
28,871,g_a,dpu,4073.7,4124.17
28,871,g_a,dpu,4124.18,4191.04
28,871,g_a_cpu,cpu,4191.05,4191.67
28,871,eb_enc,cpu,4191.67,4196.66
28,900,normalize,cpu,4197.46,4201.12
28,900,g_a_cpu,cpu,4201.13,4201.46
28,900,g_a,dpu,4201.46,4319.12
28,900,g_a,dpu,4319.12,4324.3
28,900,g_a_cpu,cpu,4324.3,4324.86
28,900,eb_enc,cpu,4324.87,4330.85
29,24,normalize,cpu,106.823,111.785
29,24,g_a_cpu,cpu,111.898,112.336
29,24,g_a,dpu,112.34,176.457
29,24,g_a,dpu,176.472,247.846
29,24,g_a_cpu,cpu,247.851,248.379
29,24,eb_enc,cpu,248.389,282.161
29,58,normalize,cpu,284.418,298.103
29,58,g_a_cpu,cpu,298.112,298.913
29,58,g_a,dpu,298.917,442.165
29,58,g_a,dpu,442.172,506.965
29,58,g_a_cpu,cpu,506.967,507.393
29,58,eb_enc,cpu,507.395,513.245
29,108,normalize,cpu,514.198,517.821
29,108,g_a_cpu,cpu,517.826,518.638
29,108,g_a,dpu,518.643,583.416
29,108,g_a,dpu,583.417,715.408
29,108,g_a_cpu,cpu,715.409,715.804
29,108,eb_enc,cpu,715.812,720.795
29,150,normalize,cpu,721.378,725.113
29,150,g_a_cpu,cpu,725.116,725.454
29,150,g_a,dpu,725.456,803.726
29,150,g_a,dpu,803.728,862.243
29,150,g_a_cpu,cpu,862.244,862.643
29,150,eb_enc,cpu,862.644,867.777
29,179,normalize,cpu,868.459,873.265
29,179,g_a_cpu,cpu,873.268,873.888
29,179,g_a,dpu,873.892,943.164
29,179,g_a,dpu,943.167,1080.23
29,179,g_a_cpu,cpu,1080.23,1080.65
29,179,eb_enc,cpu,1080.65,1085.56
29,224,normalize,cpu,1086.08,1089.78
29,224,g_a_cpu,cpu,1089.79,1090.51
29,224,g_a,dpu,1090.51,1239.9
29,224,g_a,dpu,1239.9,1292.85
29,224,g_a_cpu,cpu,1292.86,1293.39
29,224,eb_enc,cpu,1293.4,1298.41
29,272,normalize,cpu,1309.02,1312.7
29,272,g_a_cpu,cpu,1312.7,1313.19
29,272,g_a,dpu,1313.2,1378.95
29,272,g_a,dpu,1378.95,1471.71
29,272,g_a_cpu,cpu,1471.71,1472.19
29,272,eb_enc,cpu,1472.2,1477.85
29,306,normalize,cpu,1478.66,1483.34
29,306,g_a_cpu,cpu,1483.35,1483.89
29,306,g_a,dpu,1483.89,1546.02
29,306,g_a,dpu,1546.03,1608.99
29,306,g_a_cpu,cpu,1609,1609.69
29,306,eb_enc,cpu,1609.7,1614.86
29,338,normalize,cpu,1615.48,1619.25
29,338,g_a_cpu,cpu,1619.26,1619.81
29,338,g_a,dpu,1619.81,1690.77
29,338,g_a,dpu,1690.78,1755.07
29,338,g_a_cpu,cpu,1755.07,1755.47
29,338,eb_enc,cpu,1755.47,1760.61
29,369,normalize,cpu,1761.78,1765.7
29,369,g_a_cpu,cpu,1765.71,1766.48
29,369,g_a,dpu,1766.49,1837.09
29,369,g_a,dpu,1837.09,1971.51
29,369,g_a_cpu,cpu,1971.51,1972.1
29,369,eb_enc,cpu,1972.11,1977.71
29,413,normalize,cpu,1978.75,1982.59
29,413,g_a_cpu,cpu,1982.59,1983.19
29,413,g_a,dpu,1983.19,1989.37
29,413,g_a,dpu,1989.37,2042.71
29,413,g_a_cpu,cpu,2042.71,2043.4
29,413,eb_enc,cpu,2043.41,2048.39
29,431,normalize,cpu,2049.09,2052.77
29,431,g_a_cpu,cpu,2052.78,2053.29
29,431,g_a,dpu,2053.29,2113.33
29,431,g_a,dpu,2113.33,2166.98
29,431,g_a_cpu,cpu,2166.98,2167.51
29,431,eb_enc,cpu,2167.51,2172.54
29,460,normalize,cpu,2173.24,2177.64
29,460,g_a_cpu,cpu,2177.65,2178.24
29,460,g_a,dpu,2178.25,2245
29,460,g_a,dpu,2245,2253.86
29,460,g_a_cpu,cpu,2253.86,2254.45
29,460,eb_enc,cpu,2254.45,2259.96
29,477,normalize,cpu,2260.6,2279.43
29,477,g_a_cpu,cpu,2279.43,2280.07
29,477,g_a,dpu,2280.07,2334.08
29,477,g_a,dpu,2334.09,2459.27
29,477,g_a_cpu,cpu,2459.27,2459.84
29,477,eb_enc,cpu,2459.84,2465.54
29,524,normalize,cpu,2466.82,2471.9
29,524,g_a_cpu,cpu,2471.9,2472.58
29,524,g_a,dpu,2472.59,2540
29,524,g_a,dpu,2540,2640.94
29,524,g_a_cpu,cpu,2640.94,2641.5
29,524,eb_enc,cpu,2641.51,2650.05
29,564,normalize,cpu,2650.69,2655.35
29,564,g_a_cpu,cpu,2655.35,2655.92
29,564,g_a,dpu,2655.93,2722.16
29,564,g_a,dpu,2722.17,2786.27
29,564,g_a_cpu,cpu,2786.28,2786.96
29,564,eb_enc,cpu,2786.96,2793.68
29,594,normalize,cpu,2794.89,2798.69
29,594,g_a_cpu,cpu,2798.7,2799.22
29,594,g_a,dpu,2799.23,2853.55
29,594,g_a,dpu,2853.55,2860.43
29,594,g_a_cpu,cpu,2860.43,2860.81
29,594,eb_enc,cpu,2860.81,2867.37
29,610,normalize,cpu,2868.36,2873.39
29,610,g_a_cpu,cpu,2873.39,2873.77
29,610,g_a,dpu,2873.77,2936.13
29,610,g_a,dpu,2936.14,2988.46
29,610,g_a_cpu,cpu,2988.46,2989.08
29,610,eb_enc,cpu,2989.09,2997.36
29,640,normalize,cpu,2998.22,3002.22
29,640,g_a_cpu,cpu,3002.22,3002.8
29,640,g_a,dpu,3002.8,3080.17
29,640,g_a,dpu,3080.17,3086.04
29,640,g_a_cpu,cpu,3086.04,3086.72
29,640,eb_enc,cpu,3086.72,3091.8
29,660,normalize,cpu,3092.35,3096.29
29,660,g_a_cpu,cpu,3096.3,3096.83
29,660,g_a,dpu,3096.83,3163.09
29,660,g_a,dpu,3163.09,3168.54
29,660,g_a_cpu,cpu,3168.54,3169.15
29,660,eb_enc,cpu,3169.15,3174.11
29,679,normalize,cpu,3174.62,3178.36
29,679,g_a_cpu,cpu,3178.37,3179.1
29,679,g_a,dpu,3179.11,3231.51
29,679,g_a,dpu,3231.52,3311.12
29,679,g_a_cpu,cpu,3311.12,3311.55
29,679,eb_enc,cpu,3311.55,3316.47
29,708,normalize,cpu,3317.1,3320.94
29,708,g_a_cpu,cpu,3320.94,3321.64
29,708,g_a,dpu,3321.65,3397.65
29,708,g_a,dpu,3397.66,3403.2
29,708,g_a_cpu,cpu,3403.2,3403.82
29,708,eb_enc,cpu,3403.83,3408.97
29,728,normalize,cpu,3409.89,3413.71
29,728,g_a_cpu,cpu,3413.71,3414.29
29,728,g_a,dpu,3414.3,3420.3
29,728,g_a,dpu,3420.3,3494.47
29,728,g_a_cpu,cpu,3494.47,3495.01
29,728,eb_enc,cpu,3495.01,3499.91
29,751,normalize,cpu,3500.77,3504.48
29,751,g_a_cpu,cpu,3504.49,3504.96
29,751,g_a,dpu,3504.97,3656.5
29,751,g_a,dpu,3656.5,3730.74
29,751,g_a_cpu,cpu,3730.74,3731.11
29,751,eb_enc,cpu,3731.11,3736.19
29,801,normalize,cpu,3746.82,3750.49
29,801,g_a_cpu,cpu,3750.49,3750.95
29,801,g_a,dpu,3750.96,3816.64
29,801,g_a,dpu,3816.64,3891.92
29,801,g_a_cpu,cpu,3891.93,3892.44
29,801,eb_enc,cpu,3892.45,3897.47
29,833,normalize,cpu,3898.07,3901.7
29,833,g_a_cpu,cpu,3901.7,3902.27
29,833,g_a,dpu,3902.28,3983.23
29,833,g_a,dpu,3983.23,3988.7
29,833,g_a_cpu,cpu,3988.71,3989.3
29,833,eb_enc,cpu,3989.3,3994.33
29,854,normalize,cpu,3994.97,3998.63
29,854,g_a_cpu,cpu,3998.64,3999.03
29,854,g_a,dpu,3999.04,4192.22
29,854,g_a,dpu,4192.22,4198.05
29,854,g_a_cpu,cpu,4198.05,4198.51
29,854,eb_enc,cpu,4198.51,4203.95
29,903,normalize,cpu,4204.53,4213.86
29,903,g_a_cpu,cpu,4213.86,4214.38
29,903,g_a,dpu,4214.39,4388.69
29,903,g_a,dpu,4388.69,4419.71
29,903,g_a_cpu,cpu,4419.71,4420.08
29,903,eb_enc,cpu,4420.09,4424.92
