lane,patch,stage,kind,t0_ms,t1_ms
-1,0,read,read,0.26753,66.6965
-1,1,read,read,66.9677,252.821
-1,2,read,read,258.617,426.756
-1,3,read,read,426.784,557.567
-1,4,read,read,557.596,666.573
-1,5,read,read,775.833,915.756
-1,6,read,read,1038.1,1174.25
-1,7,read,read,1301.94,1399.76
-1,8,read,read,1573.04,1670.07
-1,9,read,read,1854.87,1917.16
-1,10,read,read,2120.72,2187.2
-1,11,read,read,2392.94,2449.94
-1,12,read,read,2681.43,2750.19
-1,13,read,read,2940.39,3044.45
-1,14,read,read,3223.18,3282.54
-1,15,read,read,3506.37,3558.13
0,39,normalize,cpu,115.06,128.783
0,39,g_a_cpu,cpu,128.801,129.265
0,39,g_a,dpu,129.269,329.28
0,39,g_a,dpu,329.284,427.104
0,39,g_a_cpu,cpu,427.106,427.701
0,39,eb_enc,cpu,427.725,433.995
0,105,normalize,cpu,434.696,438.356
0,105,g_a_cpu,cpu,438.36,438.755
0,105,g_a,dpu,438.759,533.64
0,105,g_a,dpu,533.648,641.6
0,105,g_a_cpu,cpu,641.603,642.026
0,105,eb_enc,cpu,642.03,647.872
0,146,normalize,cpu,648.841,652.766
0,146,g_a_cpu,cpu,652.772,653.401
0,146,g_a,dpu,653.412,749.532
0,146,g_a,dpu,749.533,758.487
0,146,g_a_cpu,cpu,758.49,758.97
0,146,eb_enc,cpu,758.981,764.256
0,171,normalize,cpu,764.93,768.613
0,171,g_a_cpu,cpu,768.622,769.182
0,171,g_a,dpu,769.184,882.538
0,171,g_a,dpu,882.539,887.954
0,171,g_a_cpu,cpu,887.955,888.523
0,171,eb_enc,cpu,888.525,899.116
0,199,normalize,cpu,900.008,915.329
0,199,g_a_cpu,cpu,915.332,915.618
0,199,g_a,dpu,915.622,927.19
0,199,g_a,dpu,927.191,1027.07
0,199,g_a_cpu,cpu,1027.07,1027.67
0,199,eb_enc,cpu,1027.68,1032.74
0,230,normalize,cpu,1033.36,1037.09
0,230,g_a_cpu,cpu,1037.1,1037.52
0,230,g_a,dpu,1037.53,1042.74
0,230,g_a,dpu,1042.75,1137.09
0,230,g_a_cpu,cpu,1137.1,1137.89
0,230,eb_enc,cpu,1137.9,1144.08
0,250,normalize,cpu,1145.13,1159.59
0,250,g_a_cpu,cpu,1159.6,1160.28
0,250,g_a,dpu,1160.29,1287.28
0,250,g_a,dpu,1287.28,1376.1
0,250,g_a_cpu,cpu,1376.1,1376.54
0,250,eb_enc,cpu,1376.54,1381.75
0,306,normalize,cpu,1382.39,1386.39
0,306,g_a_cpu,cpu,1386.39,1386.85
0,306,g_a,dpu,1386.85,1562.57
0,306,g_a,dpu,1562.57,1757.11
0,306,g_a_cpu,cpu,1757.12,1757.73
0,306,eb_enc,cpu,1757.73,1762.99
0,388,normalize,cpu,1763.94,1767.63
0,388,g_a_cpu,cpu,1767.64,1768.23
0,388,g_a,dpu,1768.23,1877.13
0,388,g_a,dpu,1877.13,1975.53
0,388,g_a_cpu,cpu,1975.54,1976.25
0,388,eb_enc,cpu,1976.26,1981.47
0,433,normalize,cpu,1982.1,1985.82
0,433,g_a_cpu,cpu,1985.83,1994.39
0,433,g_a,dpu,1994.4,2072
0,433,g_a,dpu,2072,2080.99
0,433,g_a_cpu,cpu,2080.99,2081.69
0,433,eb_enc,cpu,2081.69,2086.98
0,455,normalize,cpu,2087.67,2091.34
0,455,g_a_cpu,cpu,2091.34,2091.89
0,455,g_a,dpu,2091.89,2207
0,455,g_a,dpu,2207,2382.16
0,455,g_a_cpu,cpu,2382.16,2382.69
0,455,eb_enc,cpu,2382.71,2387.73
0,519,normalize,cpu,2388.23,2391.98
0,519,g_a_cpu,cpu,2391.99,2392.29
0,519,g_a,dpu,2392.29,2584.03
0,519,g_a,dpu,2584.03,2589.31
0,519,g_a_cpu,cpu,2589.31,2590.03
0,519,eb_enc,cpu,2590.04,2595.12
0,562,normalize,cpu,2595.65,2599.31
0,562,g_a_cpu,cpu,2599.32,2599.73
0,562,g_a,dpu,2599.73,2715.42
0,562,g_a,dpu,2715.42,2721.03
0,562,g_a_cpu,cpu,2721.03,2721.72
0,562,eb_enc,cpu,2721.72,2736.82
0,591,normalize,cpu,2737.76,2753.15
0,591,g_a_cpu,cpu,2753.15,2753.54
0,591,g_a,dpu,2753.55,2850.91
0,591,g_a,dpu,2850.91,2950.62
0,591,g_a_cpu,cpu,2950.62,2951.45
0,591,eb_enc,cpu,2951.46,2956.63
0,641,normalize,cpu,2957.22,2961.82
0,641,g_a_cpu,cpu,2961.83,2962.51
0,641,g_a,dpu,2962.51,3068.6
0,641,g_a,dpu,3068.6,3177.45
0,641,g_a_cpu,cpu,3177.45,3178.26
0,641,eb_enc,cpu,3178.27,3183.58
0,684,normalize,cpu,3184.56,3188.96
0,684,g_a_cpu,cpu,3188.97,3189.45
0,684,g_a,dpu,3189.45,3291.02
0,684,g_a,dpu,3291.03,3364.58
0,684,g_a_cpu,cpu,3364.58,3364.92
0,684,eb_enc,cpu,3364.93,3370.34
0,727,normalize,cpu,3370.98,3375.35
0,727,g_a_cpu,cpu,3375.36,3375.79
0,727,g_a,dpu,3375.79,3470.62
0,727,g_a,dpu,3470.62,3477.96
0,727,g_a_cpu,cpu,3477.96,3478.71
0,727,eb_enc,cpu,3478.71,3485.1
0,748,normalize,cpu,3485.63,3491.53
0,748,g_a_cpu,cpu,3491.54,3491.96
0,748,g_a,dpu,3491.96,3497.15
0,748,g_a,dpu,3497.15,3628.52
0,748,g_a_cpu,cpu,3628.52,3629.09
0,748,eb_enc,cpu,3629.09,3634.06
0,782,normalize,cpu,3634.77,3649.58
0,782,g_a_cpu,cpu,3649.59,3649.91
0,782,g_a,dpu,3649.92,3734.99
0,782,g_a,dpu,3734.99,3740.55
0,782,g_a_cpu,cpu,3740.55,3740.86
0,782,eb_enc,cpu,3740.86,3746.11
0,806,normalize,cpu,3746.9,3750.62
0,806,g_a_cpu,cpu,3750.62,3751.01
0,806,g_a,dpu,3751.02,3848.74
0,806,g_a,dpu,3848.74,3963
0,806,g_a_cpu,cpu,3963,3963.37
0,806,eb_enc,cpu,3963.37,3968.5
0,857,normalize,cpu,3969.03,3981.37
0,857,g_a_cpu,cpu,3981.38,3981.91
0,857,g_a,dpu,3981.91,4076.83
0,857,g_a,dpu,4076.83,4258.59
0,857,g_a_cpu,cpu,4258.59,4259.04
0,857,eb_enc,cpu,4259.05,4264.97
0,923,normalize,cpu,4265.52,4269.41
0,923,g_a_cpu,cpu,4269.41,4269.82
0,923,g_a,dpu,4269.83,4360.21
0,923,g_a,dpu,4360.23,4365.44
0,923,g_a_cpu,cpu,4365.45,4365.99
0,923,eb_enc,cpu,4365.99,4373.38
1,0,normalize,cpu,67.3082,75.703
1,0,g_a_cpu,cpu,75.8065,76.1429
1,0,g_a,dpu,76.1702,84.0382
1,0,g_a,dpu,84.0416,130.204
1,0,g_a_cpu,cpu,130.206,130.715
1,0,eb_enc,cpu,130.725,177.11
1,52,normalize,cpu,188.085,192.534
1,52,g_a_cpu,cpu,192.537,198.409
1,52,g_a,dpu,198.412,310.68
1,52,g_a,dpu,310.687,419.773
1,52,g_a_cpu,cpu,419.775,420.229
1,52,eb_enc,cpu,420.232,425.174
1,104,normalize,cpu,425.782,430.622
1,104,g_a_cpu,cpu,430.627,432.057
1,104,g_a,dpu,432.062,555.686
1,104,g_a,dpu,555.688,783.297
1,104,g_a_cpu,cpu,783.3,783.831
1,104,eb_enc,cpu,783.839,789
1,175,normalize,cpu,789.546,793.423
1,175,g_a_cpu,cpu,793.427,793.836
1,175,g_a,dpu,793.84,894.56
1,175,g_a,dpu,894.561,993.745
1,175,g_a_cpu,cpu,993.747,994.196
1,175,eb_enc,cpu,994.199,1000.27
1,222,normalize,cpu,1000.78,1004.58
1,222,g_a_cpu,cpu,1004.58,1004.94
1,222,g_a,dpu,1004.94,1122.7
1,222,g_a,dpu,1122.7,1210.49
1,222,g_a_cpu,cpu,1210.5,1211.1
1,222,eb_enc,cpu,1211.11,1216.26
1,268,normalize,cpu,1217.24,1221.12
1,268,g_a_cpu,cpu,1221.13,1221.84
1,268,g_a,dpu,1221.84,1336.89
1,268,g_a,dpu,1336.9,1442.23
1,268,g_a_cpu,cpu,1442.23,1442.94
1,268,eb_enc,cpu,1442.94,1447.82
1,318,normalize,cpu,1448.46,1452.22
1,318,g_a_cpu,cpu,1452.23,1452.61
1,318,g_a,dpu,1452.61,1558.96
1,318,g_a,dpu,1558.96,1658.75
1,318,g_a_cpu,cpu,1658.75,1659.36
1,318,eb_enc,cpu,1659.37,1679.79
1,369,normalize,cpu,1680.32,1688.82
1,369,g_a_cpu,cpu,1688.83,1689.23
1,369,g_a,dpu,1689.23,1791.31
1,369,g_a,dpu,1791.31,2011.21
1,369,g_a_cpu,cpu,2011.21,2011.62
1,369,eb_enc,cpu,2011.62,2016.35
1,442,normalize,cpu,2017.11,2020.86
1,442,g_a_cpu,cpu,2020.86,2021.43
1,442,g_a,dpu,2021.44,2101.91
1,442,g_a,dpu,2101.91,2210.58
1,442,g_a_cpu,cpu,2210.58,2211.09
1,442,eb_enc,cpu,2211.09,2216.97
1,484,normalize,cpu,2217.68,2231.63
1,484,g_a_cpu,cpu,2231.63,2232.18
1,484,g_a,dpu,2232.19,2334.1
1,484,g_a,dpu,2334.1,2576.75
1,484,g_a_cpu,cpu,2576.75,2577.32
1,484,eb_enc,cpu,2577.33,2584.28
1,560,normalize,cpu,2585.26,2589.2
1,560,g_a_cpu,cpu,2589.21,2589.94
1,560,g_a,dpu,2589.94,2698.25
1,560,g_a,dpu,2698.26,2704.51
1,560,g_a_cpu,cpu,2704.52,2705.16
1,560,eb_enc,cpu,2705.19,2718.72
1,587,normalize,cpu,2719.49,2729.1
1,587,g_a_cpu,cpu,2729.1,2729.48
1,587,g_a,dpu,2729.48,2831.09
1,587,g_a,dpu,2831.09,2924.13
1,587,g_a_cpu,cpu,2924.13,2924.64
1,587,eb_enc,cpu,2924.64,2930.77
1,636,normalize,cpu,2931.51,2935.19
1,636,g_a_cpu,cpu,2935.19,2935.76
1,636,g_a,dpu,2935.77,3033.85
1,636,g_a,dpu,3033.86,3152.99
1,636,g_a_cpu,cpu,3152.99,3153.41
1,636,eb_enc,cpu,3153.41,3158.28
1,679,normalize,cpu,3158.82,3162.53
1,679,g_a_cpu,cpu,3162.54,3162.94
1,679,g_a,dpu,3162.94,3287.88
1,679,g_a,dpu,3287.89,3293.4
1,679,g_a_cpu,cpu,3293.4,3293.79
1,679,eb_enc,cpu,3293.8,3299.02
1,712,normalize,cpu,3299.82,3303.78
1,712,g_a_cpu,cpu,3303.78,3304.29
1,712,g_a,dpu,3304.29,3409.01
1,712,g_a,dpu,3409.01,3517.86
1,712,g_a_cpu,cpu,3517.86,3518.48
1,712,eb_enc,cpu,3518.48,3523.75
1,755,normalize,cpu,3524.54,3553.85
1,755,g_a_cpu,cpu,3553.85,3554.45
1,755,g_a,dpu,3554.46,3642.77
1,755,g_a,dpu,3642.77,3648.34
1,755,g_a_cpu,cpu,3648.34,3648.8
1,755,eb_enc,cpu,3648.8,3653.75
1,786,normalize,cpu,3654.6,3658.27
1,786,g_a_cpu,cpu,3658.27,3658.68
1,786,g_a,dpu,3658.68,3847.93
1,786,g_a,dpu,3847.93,3950.74
1,786,g_a_cpu,cpu,3950.74,3951.16
1,786,eb_enc,cpu,3951.16,3957
1,854,normalize,cpu,3957.86,3961.91
1,854,g_a_cpu,cpu,3961.91,3962.34
1,854,g_a,dpu,3962.34,4073.06
1,854,g_a,dpu,4073.06,4163.49
1,854,g_a_cpu,cpu,4163.49,4164.11
1,854,eb_enc,cpu,4164.11,4169.03
1,901,normalize,cpu,4169.5,4173.98
1,901,g_a_cpu,cpu,4173.98,4174.57
1,901,g_a,dpu,4174.57,4179.82
1,901,g_a,dpu,4179.82,4278.54
1,901,g_a_cpu,cpu,4278.54,4279.16
1,901,eb_enc,cpu,4279.16,4284.12
1,926,normalize,cpu,4284.65,4292.69
1,926,g_a_cpu,cpu,4292.69,4293.02
1,926,g_a,dpu,4293.02,4380.46
1,926,g_a,dpu,4380.46,4431.83
1,926,g_a_cpu,cpu,4431.83,4432.29
1,926,eb_enc,cpu,4432.29,4437.22
2,3,normalize,cpu,71.0843,74.8585
2,3,g_a_cpu,cpu,76.9094,77.296
2,3,g_a,dpu,77.3016,84.6383
2,3,g_a,dpu,84.642,131.059
2,3,g_a_cpu,cpu,131.061,131.447
2,3,eb_enc,cpu,131.454,166.62
2,50,normalize,cpu,167.238,177.537
2,50,g_a_cpu,cpu,177.54,187.637
2,50,g_a,dpu,187.64,274.954
2,50,g_a,dpu,274.965,281.468
2,50,g_a_cpu,cpu,281.47,282.157
2,50,eb_enc,cpu,282.159,287.533
2,73,normalize,cpu,288.307,292.019
2,73,g_a_cpu,cpu,297.137,297.872
2,73,g_a,dpu,297.884,550.668
2,73,g_a,dpu,550.67,666.564
2,73,g_a_cpu,cpu,666.566,667.102
2,73,eb_enc,cpu,667.111,676.665
2,152,normalize,cpu,677.668,681.46
2,152,g_a_cpu,cpu,681.464,681.936
2,152,g_a,dpu,681.939,778.775
2,152,g_a,dpu,778.779,917.266
2,152,g_a_cpu,cpu,917.268,917.909
2,152,eb_enc,cpu,917.911,923.215
2,205,normalize,cpu,923.721,928.263
2,205,g_a_cpu,cpu,928.267,928.892
2,205,g_a,dpu,928.894,1138.07
2,205,g_a,dpu,1138.08,1244.8
2,205,g_a_cpu,cpu,1244.81,1245.3
2,205,eb_enc,cpu,1245.3,1250.41
2,277,normalize,cpu,1251,1254.68
2,277,g_a_cpu,cpu,1254.68,1255.05
2,277,g_a,dpu,1255.05,1479
2,277,g_a,dpu,1479.02,1705.63
2,277,g_a_cpu,cpu,1705.63,1706.03
2,277,eb_enc,cpu,1706.04,1711.12
2,376,normalize,cpu,1711.74,1715.51
2,376,g_a_cpu,cpu,1715.51,1715.82
2,376,g_a,dpu,1715.82,1832.35
2,376,g_a,dpu,1832.35,2049.48
2,376,g_a_cpu,cpu,2049.48,2049.9
2,376,eb_enc,cpu,2049.9,2055.79
2,449,normalize,cpu,2056.4,2060.32
2,449,g_a_cpu,cpu,2060.33,2060.91
2,449,g_a,dpu,2060.91,2201.53
2,449,g_a,dpu,2201.53,2207.06
2,449,g_a_cpu,cpu,2207.07,2207.62
2,449,eb_enc,cpu,2207.63,2212.72
2,483,normalize,cpu,2213.41,2217.12
2,483,g_a_cpu,cpu,2217.13,2217.61
2,483,g_a,dpu,2217.61,2316.24
2,483,g_a,dpu,2316.24,2450.61
2,483,g_a_cpu,cpu,2450.61,2450.97
2,483,eb_enc,cpu,2450.97,2456.07
2,531,normalize,cpu,2456.64,2462.63
2,531,g_a_cpu,cpu,2462.63,2465.15
2,531,g_a,dpu,2465.16,2570.37
2,531,g_a,dpu,2570.37,2667.39
2,531,g_a_cpu,cpu,2667.39,2667.93
2,531,eb_enc,cpu,2667.94,2673.08
2,577,normalize,cpu,2673.8,2688.08
2,577,g_a_cpu,cpu,2688.08,2688.4
2,577,g_a,dpu,2688.4,2796.37
2,577,g_a,dpu,2796.38,2802.63
2,577,g_a_cpu,cpu,2802.63,2803.13
2,577,eb_enc,cpu,2803.17,2808.65
2,607,normalize,cpu,2809.26,2813.58
2,607,g_a_cpu,cpu,2813.59,2813.95
2,607,g_a,dpu,2813.95,2821.9
2,607,g_a,dpu,2821.9,2936.57
2,607,g_a_cpu,cpu,2936.57,2937.06
2,607,eb_enc,cpu,2937.07,2942.22
2,639,normalize,cpu,2943.1,2946.91
2,639,g_a_cpu,cpu,2946.91,2947.78
2,639,g_a,dpu,2947.78,3079.29
2,639,g_a,dpu,3079.29,3198
2,639,g_a_cpu,cpu,3198,3198.59
2,639,eb_enc,cpu,3198.59,3203.55
2,690,normalize,cpu,3204.02,3207.93
2,690,g_a_cpu,cpu,3207.94,3208.47
2,690,g_a,dpu,3208.48,3424.7
2,690,g_a,dpu,3424.7,3554.64
2,690,g_a_cpu,cpu,3554.64,3555.15
2,690,eb_enc,cpu,3555.15,3560.47
2,764,normalize,cpu,3561.12,3564.95
2,764,g_a_cpu,cpu,3564.96,3565.38
2,764,g_a,dpu,3565.38,3673.09
2,764,g_a,dpu,3673.09,3678.71
2,764,g_a_cpu,cpu,3678.71,3679.3
2,764,eb_enc,cpu,3679.31,3684.38
2,793,normalize,cpu,3685.08,3688.81
2,793,g_a_cpu,cpu,3688.82,3689.41
2,793,g_a,dpu,3689.41,3698.62
2,793,g_a,dpu,3698.62,3796.76
2,793,g_a_cpu,cpu,3796.76,3797.12
2,793,eb_enc,cpu,3797.12,3802.17
2,820,normalize,cpu,3802.78,3806.46
2,820,g_a_cpu,cpu,3806.47,3806.91
2,820,g_a,dpu,3806.92,3900.87
2,820,g_a,dpu,3900.87,3918.52
2,820,g_a_cpu,cpu,3918.52,3919.01
2,820,eb_enc,cpu,3919.02,3924.18
2,846,normalize,cpu,3925.5,3929.27
2,846,g_a_cpu,cpu,3929.28,3929.67
2,846,g_a,dpu,3929.67,4120.75
2,846,g_a,dpu,4120.75,4229.54
2,846,g_a_cpu,cpu,4229.55,4230.12
2,846,eb_enc,cpu,4230.12,4236.69
2,915,normalize,cpu,4237.47,4241.26
2,915,g_a_cpu,cpu,4241.27,4241.73
2,915,g_a,dpu,4241.73,4339.36
2,915,g_a,dpu,4339.36,4418.53
2,915,g_a_cpu,cpu,4418.53,4419
2,915,eb_enc,cpu,4419,4424.02
3,37,normalize,cpu,115.073,132.923
3,37,g_a_cpu,cpu,132.929,133.406
3,37,g_a,dpu,133.411,174.159
3,37,g_a,dpu,174.168,258.747
3,37,g_a_cpu,cpu,258.752,259.625
3,37,eb_enc,cpu,259.643,275.736
3,69,normalize,cpu,276.751,286.919
3,69,g_a_cpu,cpu,286.923,287.332
3,69,g_a,dpu,287.334,400.656
3,69,g_a,dpu,400.669,406.047
3,69,g_a_cpu,cpu,406.049,406.649
3,69,eb_enc,cpu,406.653,411.992
3,101,normalize,cpu,412.688,416.424
3,101,g_a_cpu,cpu,416.427,417.063
3,101,g_a,dpu,417.067,517.163
3,101,g_a,dpu,517.165,623.45
3,101,g_a_cpu,cpu,623.452,624.309
3,101,eb_enc,cpu,624.345,629.7
3,143,normalize,cpu,630.342,633.987
3,143,g_a_cpu,cpu,633.99,634.397
3,143,g_a,dpu,634.401,739.698
3,143,g_a,dpu,739.7,853.687
3,143,g_a_cpu,cpu,853.69,854.176
3,143,eb_enc,cpu,854.18,859.727
3,191,normalize,cpu,860.968,865.93
3,191,g_a_cpu,cpu,865.933,866.322
3,191,g_a,dpu,866.326,951.132
3,191,g_a,dpu,951.133,956.313
3,191,g_a_cpu,cpu,956.318,956.888
3,191,eb_enc,cpu,956.892,963.549
3,212,normalize,cpu,964.407,968.331
3,212,g_a_cpu,cpu,968.335,968.782
3,212,g_a,dpu,968.786,1066.59
3,212,g_a,dpu,1066.6,1152.76
3,212,g_a_cpu,cpu,1152.76,1153.64
3,212,eb_enc,cpu,1153.65,1158.99
3,254,normalize,cpu,1159.99,1175.69
3,254,g_a_cpu,cpu,1175.7,1176.14
3,254,g_a,dpu,1176.15,1181.59
3,254,g_a,dpu,1181.6,1186.76
3,254,g_a_cpu,cpu,1186.76,1187.22
3,254,eb_enc,cpu,1187.23,1199.03
3,264,normalize,cpu,1199.79,1203.62
3,264,g_a_cpu,cpu,1203.62,1204.12
3,264,g_a,dpu,1204.12,1322.49
3,264,g_a,dpu,1322.49,1490.14
3,264,g_a_cpu,cpu,1490.14,1490.8
3,264,eb_enc,cpu,1490.8,1496.26
3,328,normalize,cpu,1496.96,1502.8
3,328,g_a_cpu,cpu,1502.8,1503.14
3,328,g_a,dpu,1503.15,1607.32
3,328,g_a,dpu,1607.32,1717.38
3,328,g_a_cpu,cpu,1717.39,1717.73
3,328,eb_enc,cpu,1717.73,1722.63
3,377,normalize,cpu,1723.53,1727.25
3,377,g_a_cpu,cpu,1727.26,1727.69
3,377,g_a,dpu,1727.69,1912.23
3,377,g_a,dpu,1912.23,1917.74
3,377,g_a_cpu,cpu,1917.74,1918.42
3,377,eb_enc,cpu,1918.43,1923.49
3,420,normalize,cpu,1924.22,1927.92
3,420,g_a_cpu,cpu,1927.92,1928.41
3,420,g_a,dpu,1928.41,2023.14
3,420,g_a,dpu,2023.14,2304.54
3,420,g_a_cpu,cpu,2304.54,2304.97
3,420,eb_enc,cpu,2304.99,2310.08
3,503,normalize,cpu,2310.79,2315.36
3,503,g_a_cpu,cpu,2315.36,2315.73
3,503,g_a,dpu,2315.73,2415.49
3,503,g_a,dpu,2415.5,2421.41
3,503,g_a_cpu,cpu,2421.41,2422.05
3,503,eb_enc,cpu,2422.05,2427.13
3,525,normalize,cpu,2427.97,2431.8
3,525,g_a_cpu,cpu,2431.8,2432.45
3,525,g_a,dpu,2432.45,2538.51
3,525,g_a,dpu,2538.51,2620.2
3,525,g_a_cpu,cpu,2620.21,2620.74
3,525,eb_enc,cpu,2620.74,2631.02
3,568,normalize,cpu,2631.5,2645.58
3,568,g_a_cpu,cpu,2645.59,2645.95
3,568,g_a,dpu,2645.95,3123.99
3,568,g_a,dpu,3124,3235.87
3,568,g_a_cpu,cpu,3235.87,3236.57
3,568,eb_enc,cpu,3236.58,3243.81
3,699,normalize,cpu,3244.81,3248.5
3,699,g_a_cpu,cpu,3248.51,3249.12
3,699,g_a,dpu,3249.12,3258.72
3,699,g_a,dpu,3258.72,3343.83
3,699,g_a_cpu,cpu,3343.84,3344.33
3,699,eb_enc,cpu,3344.34,3349.34
3,722,normalize,cpu,3350.02,3353.69
3,722,g_a_cpu,cpu,3353.7,3354.18
3,722,g_a,dpu,3354.19,3359.39
3,722,g_a,dpu,3359.39,3558.45
3,722,g_a_cpu,cpu,3558.45,3558.92
3,722,eb_enc,cpu,3558.92,3564.04
3,766,normalize,cpu,3564.57,3568.38
3,766,g_a_cpu,cpu,3568.38,3568.85
3,766,g_a,dpu,3568.85,3681.27
3,766,g_a,dpu,3681.27,3772.77
3,766,g_a_cpu,cpu,3772.77,3773.22
3,766,eb_enc,cpu,3773.22,3778.19
3,815,normalize,cpu,3779.11,3782.79
3,815,g_a_cpu,cpu,3782.79,3783.23
3,815,g_a,dpu,3783.23,3791.15
3,815,g_a,dpu,3791.16,3992.29
3,815,g_a_cpu,cpu,3992.29,3992.89
3,815,eb_enc,cpu,3992.89,3997.77
3,865,normalize,cpu,4000.74,4006.74
3,865,g_a_cpu,cpu,4006.74,4007.37
3,865,g_a,dpu,4007.37,4096.53
3,865,g_a,dpu,4096.53,4286.53
3,865,g_a_cpu,cpu,4286.53,4287.09
3,865,eb_enc,cpu,4287.1,4292.18
4,36,normalize,cpu,111.282,122.987
4,36,g_a_cpu,cpu,141.249,141.919
4,36,g_a,dpu,141.926,215.939
4,36,g_a,dpu,215.952,324.627
4,36,g_a_cpu,cpu,324.629,325.016
4,36,eb_enc,cpu,325.022,358.961
4,89,normalize,cpu,385.518,389.261
4,89,g_a_cpu,cpu,389.268,389.822
4,89,g_a,dpu,389.828,499.838
4,89,g_a,dpu,499.855,604.587
4,89,g_a_cpu,cpu,604.589,605.053
4,89,eb_enc,cpu,605.055,610.524
4,139,normalize,cpu,611.277,620.106
4,139,g_a_cpu,cpu,620.11,620.583
4,139,g_a,dpu,620.585,743.223
4,139,g_a,dpu,743.225,843.393
4,139,g_a_cpu,cpu,843.397,844.174
4,139,eb_enc,cpu,844.189,855.009
4,190,normalize,cpu,855.596,859.641
4,190,g_a_cpu,cpu,859.651,860.579
4,190,g_a,dpu,860.584,1050.4
4,190,g_a,dpu,1050.4,1064.83
4,190,g_a_cpu,cpu,1064.83,1065.3
4,190,eb_enc,cpu,1065.3,1070.39
4,239,normalize,cpu,1070.99,1074.75
4,239,g_a_cpu,cpu,1074.76,1075.37
4,239,g_a,dpu,1075.37,1173.38
4,239,g_a,dpu,1173.39,1265.86
4,239,g_a_cpu,cpu,1265.86,1266.51
4,239,eb_enc,cpu,1266.51,1271.52
4,282,normalize,cpu,1272.04,1284.28
4,282,g_a_cpu,cpu,1284.28,1284.71
4,282,g_a,dpu,1284.71,1390.05
4,282,g_a,dpu,1390.06,1398.48
4,282,g_a_cpu,cpu,1398.48,1399.15
4,282,eb_enc,cpu,1399.16,1404.62
4,309,normalize,cpu,1405.47,1412.09
4,309,g_a_cpu,cpu,1412.09,1412.46
4,309,g_a,dpu,1412.47,1531.2
4,309,g_a,dpu,1531.2,1536.61
4,309,g_a_cpu,cpu,1536.61,1537.34
4,309,eb_enc,cpu,1537.34,1542.79
4,340,normalize,cpu,1543.82,1547.49
4,340,g_a_cpu,cpu,1547.5,1548.89
4,340,g_a,dpu,1548.89,1652.08
4,340,g_a,dpu,1652.08,1775.97
4,340,g_a_cpu,cpu,1775.97,1776.44
4,340,eb_enc,cpu,1776.44,1786.2
4,393,normalize,cpu,1787.42,1791.92
4,393,g_a_cpu,cpu,1791.93,1792.41
4,393,g_a,dpu,1792.41,1908.78
4,393,g_a,dpu,1908.78,2035.84
4,393,g_a_cpu,cpu,2035.84,2036.44
4,393,eb_enc,cpu,2036.44,2041.49
4,445,normalize,cpu,2042.14,2045.94
4,445,g_a_cpu,cpu,2045.94,2046.48
4,445,g_a,dpu,2046.49,2128.54
4,445,g_a,dpu,2128.55,2229.07
4,445,g_a_cpu,cpu,2229.07,2229.55
4,445,eb_enc,cpu,2229.55,2235.18
4,487,normalize,cpu,2235.88,2239.59
4,487,g_a_cpu,cpu,2239.6,2240.13
4,487,g_a,dpu,2240.14,2343.73
4,487,g_a,dpu,2343.73,2479.52
4,487,g_a_cpu,cpu,2479.53,2480.19
4,487,eb_enc,cpu,2480.21,2485.72
4,540,normalize,cpu,2497.8,2501.59
4,540,g_a_cpu,cpu,2501.59,2501.97
4,540,g_a,dpu,2501.97,2601.2
4,540,g_a,dpu,2601.2,2819.31
4,540,g_a_cpu,cpu,2819.31,2819.93
4,540,eb_enc,cpu,2819.93,2825.09
4,611,normalize,cpu,2825.66,2829.53
4,611,g_a_cpu,cpu,2829.53,2830.05
4,611,g_a,dpu,2830.06,3006.02
4,611,g_a,dpu,3006.02,3112.15
4,611,g_a_cpu,cpu,3112.16,3112.72
4,611,eb_enc,cpu,3112.72,3117.99
4,670,normalize,cpu,3118.63,3122.49
4,670,g_a_cpu,cpu,3122.49,3123.11
4,670,g_a,dpu,3123.11,3241.77
4,670,g_a,dpu,3241.77,3706.21
4,670,g_a_cpu,cpu,3706.21,3706.91
4,670,eb_enc,cpu,3706.92,3715.25
4,799,normalize,cpu,3715.81,3722.11
4,799,g_a_cpu,cpu,3722.12,3723.21
4,799,g_a,dpu,3723.21,3829.66
4,799,g_a,dpu,3829.67,3834.94
4,799,g_a_cpu,cpu,3834.94,3835.45
4,799,eb_enc,cpu,3835.45,3840.67
4,827,normalize,cpu,3841.22,3845
4,827,g_a_cpu,cpu,3845.01,3845.46
4,827,g_a,dpu,3845.46,3940.71
4,827,g_a,dpu,3940.71,4251.04
4,827,g_a_cpu,cpu,4251.04,4251.47
4,827,eb_enc,cpu,4251.47,4256.51
4,921,normalize,cpu,4257.24,4260.97
4,921,g_a_cpu,cpu,4260.97,4261.34
4,921,g_a,dpu,4261.35,4360.16
4,921,g_a,dpu,4360.16,4427.13
4,921,g_a_cpu,cpu,4427.13,4427.63
4,921,eb_enc,cpu,4427.63,4432.75
5,7,normalize,cpu,79.1734,82.8991
5,7,g_a_cpu,cpu,83.0149,83.3451
5,7,g_a,dpu,83.3514,138.285
5,7,g_a,dpu,138.289,175.814
5,7,g_a_cpu,cpu,175.816,176.3
5,7,eb_enc,cpu,176.32,185.04
5,55,normalize,cpu,185.738,205.62
5,55,g_a_cpu,cpu,205.632,206.367
5,55,g_a,dpu,206.374,303.893
5,55,g_a,dpu,303.901,382.233
5,55,g_a_cpu,cpu,382.236,382.843
5,55,eb_enc,cpu,382.85,394.8
5,97,normalize,cpu,400.399,404.93
5,97,g_a_cpu,cpu,404.94,405.468
5,97,g_a,dpu,405.473,523.828
5,97,g_a,dpu,523.832,654.011
5,97,g_a_cpu,cpu,654.015,654.83
5,97,eb_enc,cpu,654.844,660.132
5,150,normalize,cpu,661.042,664.81
5,150,g_a_cpu,cpu,664.817,665.381
5,150,g_a,dpu,665.387,759.597
5,150,g_a,dpu,759.599,765.615
5,150,g_a_cpu,cpu,765.618,766.12
5,150,eb_enc,cpu,766.123,771.5
5,172,normalize,cpu,772.084,781.104
5,172,g_a_cpu,cpu,781.109,781.901
5,172,g_a,dpu,781.906,927.097
5,172,g_a,dpu,927.098,1023.45
5,172,g_a_cpu,cpu,1023.45,1024.02
5,172,eb_enc,cpu,1024.03,1029.46
5,229,normalize,cpu,1030.34,1039.32
5,229,g_a_cpu,cpu,1039.32,1039.82
5,229,g_a,dpu,1039.82,1045.51
5,229,g_a,dpu,1045.52,1149.52
5,229,g_a_cpu,cpu,1149.53,1150.19
5,229,eb_enc,cpu,1150.2,1155.84
5,253,normalize,cpu,1156.58,1162.34
5,253,g_a_cpu,cpu,1162.34,1163.45
5,253,g_a,dpu,1163.46,1410.53
5,253,g_a,dpu,1410.53,1418.68
5,253,g_a_cpu,cpu,1418.68,1419.07
5,253,eb_enc,cpu,1419.07,1423.83
5,313,normalize,cpu,1424.86,1428.54
5,313,g_a_cpu,cpu,1428.55,1429.17
5,313,g_a,dpu,1429.17,1534.88
5,313,g_a,dpu,1534.89,1656.41
5,313,g_a_cpu,cpu,1656.42,1657.17
5,313,eb_enc,cpu,1657.17,1667.26
5,364,normalize,cpu,1669.04,1672.77
5,364,g_a_cpu,cpu,1672.77,1673.18
5,364,g_a,dpu,1673.18,1784.86
5,364,g_a,dpu,1784.87,1897.24
5,364,g_a_cpu,cpu,1897.25,1897.66
5,364,eb_enc,cpu,1897.67,1903.05
5,417,normalize,cpu,1904.37,1908.17
5,417,g_a_cpu,cpu,1908.18,1910.55
5,417,g_a,dpu,1910.55,2022.27
5,417,g_a,dpu,2022.27,2142.27
5,417,g_a_cpu,cpu,2142.27,2142.76
5,417,eb_enc,cpu,2142.76,2147.55
5,469,normalize,cpu,2148.14,2151.99
5,469,g_a_cpu,cpu,2151.99,2152.51
5,469,g_a,dpu,2152.51,2493.82
5,469,g_a,dpu,2493.82,2675.49
5,469,g_a_cpu,cpu,2675.49,2676.21
5,469,eb_enc,cpu,2676.22,2681.37
5,579,normalize,cpu,2682.52,2688.53
5,579,g_a_cpu,cpu,2688.54,2688.93
5,579,g_a,dpu,2688.93,2814.65
5,579,g_a,dpu,2814.66,2920.71
5,579,g_a_cpu,cpu,2920.71,2921.23
5,579,eb_enc,cpu,2921.23,2927.8
5,635,normalize,cpu,2928.64,2933.36
5,635,g_a_cpu,cpu,2933.36,2933.79
5,635,g_a,dpu,2933.8,3177.45
5,635,g_a,dpu,3177.45,3285.26
5,635,g_a_cpu,cpu,3285.27,3285.72
5,635,eb_enc,cpu,3285.72,3290.77
5,709,normalize,cpu,3291.42,3295.1
5,709,g_a_cpu,cpu,3295.1,3295.62
5,709,g_a,dpu,3295.63,3301.22
5,709,g_a,dpu,3301.22,3414.15
5,709,g_a_cpu,cpu,3414.15,3414.7
5,709,eb_enc,cpu,3414.7,3419.72
5,736,normalize,cpu,3420.46,3425.48
5,736,g_a_cpu,cpu,3425.49,3425.84
5,736,g_a,dpu,3425.84,3668.1
5,736,g_a,dpu,3668.11,3761.83
5,736,g_a_cpu,cpu,3761.83,3762.27
5,736,eb_enc,cpu,3762.28,3767.28
5,811,normalize,cpu,3775.23,3779.06
5,811,g_a_cpu,cpu,3779.06,3779.58
5,811,g_a,dpu,3779.59,3786.7
5,811,g_a,dpu,3786.7,3878.47
5,811,g_a_cpu,cpu,3878.48,3879.23
5,811,eb_enc,cpu,3879.23,3884.36
5,837,normalize,cpu,3884.86,3888.73
5,837,g_a_cpu,cpu,3888.74,3889.4
5,837,g_a,dpu,3889.41,4009.46
5,837,g_a,dpu,4009.46,4014.92
5,837,g_a_cpu,cpu,4014.92,4015.29
5,837,eb_enc,cpu,4015.29,4020.83
5,869,normalize,cpu,4021.3,4025.76
5,869,g_a_cpu,cpu,4025.77,4026.22
5,869,g_a,dpu,4026.23,4202.76
5,869,g_a,dpu,4202.76,4208.31
5,869,g_a_cpu,cpu,4208.31,4208.84
5,869,eb_enc,cpu,4208.84,4213.68
5,912,normalize,cpu,4214.22,4218.13
5,912,g_a_cpu,cpu,4218.14,4218.62
5,912,g_a,dpu,4218.62,4316.26
5,912,g_a,dpu,4316.26,4408.64
5,912,g_a_cpu,cpu,4408.64,4409.04
5,912,eb_enc,cpu,4409.04,4413.81
6,1,normalize,cpu,67.3081,119.859
6,1,g_a_cpu,cpu,119.949,120.374
6,1,g_a,dpu,120.382,153.095
6,1,g_a,dpu,153.098,158.257
6,1,g_a_cpu,cpu,158.26,158.796
6,1,eb_enc,cpu,158.809,173.204
6,51,normalize,cpu,173.979,190.204
6,51,g_a_cpu,cpu,190.207,190.734
6,51,g_a,dpu,190.738,302.556
6,51,g_a,dpu,302.572,385.701
6,51,g_a_cpu,cpu,385.704,386.422
6,51,eb_enc,cpu,386.428,392.217
6,96,normalize,cpu,393.399,397.944
6,96,g_a_cpu,cpu,397.952,398.681
6,96,g_a,dpu,398.69,493.165
6,96,g_a,dpu,493.169,592.743
6,96,g_a_cpu,cpu,592.745,593.335
6,96,eb_enc,cpu,593.347,601.66
6,135,normalize,cpu,602.541,606.427
6,135,g_a_cpu,cpu,606.433,607.004
6,135,g_a,dpu,607.011,719.366
6,135,g_a,dpu,719.369,825.119
6,135,g_a_cpu,cpu,825.122,825.889
6,135,eb_enc,cpu,825.891,831.184
6,184,normalize,cpu,831.77,835.54
6,184,g_a_cpu,cpu,835.544,836.088
6,184,g_a,dpu,836.091,1109.93
6,184,g_a,dpu,1109.94,1205.63
6,184,g_a_cpu,cpu,1205.63,1206.21
6,184,eb_enc,cpu,1206.21,1211.6
6,266,normalize,cpu,1212.44,1216.25
6,266,g_a_cpu,cpu,1216.25,1216.81
6,266,g_a,dpu,1216.81,1423.92
6,266,g_a,dpu,1423.93,1517.7
6,266,g_a_cpu,cpu,1517.7,1518.15
6,266,eb_enc,cpu,1518.15,1523.24
6,335,normalize,cpu,1524.14,1527.93
6,335,g_a_cpu,cpu,1527.94,1528.5
6,335,g_a,dpu,1528.5,1629.51
6,335,g_a,dpu,1629.51,1733.85
6,335,g_a_cpu,cpu,1733.85,1734.38
6,335,eb_enc,cpu,1734.38,1739.89
6,382,normalize,cpu,1740.93,1744.63
6,382,g_a_cpu,cpu,1744.63,1745
6,382,g_a,dpu,1745,1840.83
6,382,g_a,dpu,1840.84,1846.25
6,382,g_a_cpu,cpu,1846.26,1846.8
6,382,eb_enc,cpu,1846.8,1852.38
6,406,normalize,cpu,1852.98,1856.76
6,406,g_a_cpu,cpu,1856.78,1857.36
6,406,g_a,dpu,1857.37,1958.28
6,406,g_a,dpu,1958.28,2037.75
6,406,g_a_cpu,cpu,2037.75,2038.23
6,406,eb_enc,cpu,2038.24,2046.12
6,446,normalize,cpu,2047,2050.84
6,446,g_a_cpu,cpu,2050.85,2051.4
6,446,g_a,dpu,2051.4,2151.72
6,446,g_a,dpu,2151.73,2261.67
6,446,g_a_cpu,cpu,2261.67,2262.14
6,446,eb_enc,cpu,2262.14,2267.31
6,495,normalize,cpu,2268.14,2272.75
6,495,g_a_cpu,cpu,2272.76,2273.52
6,495,g_a,dpu,2273.53,2356.21
6,495,g_a,dpu,2356.21,2464.96
6,495,g_a_cpu,cpu,2464.96,2465.53
6,495,eb_enc,cpu,2465.55,2470.67
6,535,normalize,cpu,2471.36,2487.07
6,535,g_a_cpu,cpu,2487.08,2487.53
6,535,g_a,dpu,2487.54,2579
6,535,g_a,dpu,2579,2676.81
6,535,g_a_cpu,cpu,2676.81,2677.19
6,535,eb_enc,cpu,2677.19,2692.74
6,582,normalize,cpu,2694.23,2698.81
6,582,g_a_cpu,cpu,2698.82,2712.14
6,582,g_a,dpu,2712.15,2812.11
6,582,g_a,dpu,2812.12,2898.59
6,582,g_a_cpu,cpu,2898.6,2899.31
6,582,eb_enc,cpu,2899.31,2904.5
6,628,normalize,cpu,2905.54,2909.27
6,628,g_a_cpu,cpu,2909.27,2910.02
6,628,g_a,dpu,2910.02,3024.21
6,628,g_a,dpu,3024.22,3029.83
6,628,g_a_cpu,cpu,3029.83,3030.51
6,628,eb_enc,cpu,3030.51,3035.65
6,654,normalize,cpu,3036.32,3039.98
6,654,g_a_cpu,cpu,3039.98,3040.32
6,654,g_a,dpu,3040.33,3148.33
6,654,g_a,dpu,3148.33,3154.62
6,654,g_a_cpu,cpu,3154.62,3155.13
6,654,eb_enc,cpu,3155.14,3160.26
6,680,normalize,cpu,3160.91,3164.59
6,680,g_a_cpu,cpu,3164.6,3165.15
6,680,g_a,dpu,3165.15,3263.87
6,680,g_a,dpu,3263.87,3353.21
6,680,g_a_cpu,cpu,3353.21,3353.65
6,680,eb_enc,cpu,3353.66,3358.96
6,725,normalize,cpu,3359.78,3363.51
6,725,g_a_cpu,cpu,3363.51,3363.89
6,725,g_a,dpu,3363.89,3460.51
6,725,g_a,dpu,3460.51,3676.56
6,725,g_a_cpu,cpu,3676.56,3677.09
6,725,eb_enc,cpu,3677.09,3682.58
6,792,normalize,cpu,3683.17,3688.66
6,792,g_a_cpu,cpu,3688.67,3689.25
6,792,g_a,dpu,3689.26,3875.34
6,792,g_a,dpu,3875.35,3880.73
6,792,g_a_cpu,cpu,3880.73,3881.22
6,792,eb_enc,cpu,3881.23,3886.25
6,838,normalize,cpu,3888.37,3892.15
6,838,g_a_cpu,cpu,3892.15,3892.8
6,838,g_a,dpu,3892.8,4006.85
6,838,g_a,dpu,4006.85,4091.86
6,838,g_a_cpu,cpu,4091.86,4092.39
6,838,eb_enc,cpu,4092.4,4097.69
6,885,normalize,cpu,4098.45,4102.07
6,885,g_a_cpu,cpu,4102.08,4102.79
6,885,g_a,dpu,4102.8,4200.41
6,885,g_a,dpu,4200.41,4206.61
6,885,g_a_cpu,cpu,4206.61,4206.97
6,885,eb_enc,cpu,4206.98,4212.2
6,911,normalize,cpu,4212.71,4216.68
6,911,g_a_cpu,cpu,4216.68,4217.15
6,911,g_a,dpu,4217.15,4315.12
6,911,g_a,dpu,4315.12,4381.26
6,911,g_a_cpu,cpu,4381.26,4381.65
6,911,eb_enc,cpu,4381.66,4388.67
7,16,normalize,cpu,90.5248,94.2768
7,16,g_a_cpu,cpu,137.999,138.544
7,16,g_a,dpu,138.556,179.95
7,16,g_a,dpu,179.954,185.38
7,16,g_a_cpu,cpu,185.382,185.817
7,16,eb_enc,cpu,185.824,192.639
7,56,normalize,cpu,193.354,197.052
7,56,g_a_cpu,cpu,197.057,197.467
7,56,g_a,dpu,197.471,284.44
7,56,g_a,dpu,284.457,401.179
7,56,g_a_cpu,cpu,401.18,401.643
7,56,eb_enc,cpu,401.647,407.336
7,100,normalize,cpu,408.214,416.068
7,100,g_a_cpu,cpu,416.074,416.679
7,100,g_a,dpu,416.684,538.479
7,100,g_a,dpu,538.482,675.394
7,100,g_a_cpu,cpu,675.397,675.888
7,100,eb_enc,cpu,675.897,681.148
7,155,normalize,cpu,681.918,686.205
7,155,g_a_cpu,cpu,686.209,686.64
7,155,g_a,dpu,686.643,697.058
7,155,g_a,dpu,697.061,799.194
7,155,g_a_cpu,cpu,799.195,799.647
7,155,eb_enc,cpu,799.65,812.732
7,181,normalize,cpu,813.371,824.373
7,181,g_a_cpu,cpu,824.376,836.658
7,181,g_a,dpu,836.66,932.623
7,181,g_a,dpu,932.624,1034.36
7,181,g_a_cpu,cpu,1034.36,1034.75
7,181,eb_enc,cpu,1034.75,1047.43
7,233,normalize,cpu,1048.52,1060.56
7,233,g_a_cpu,cpu,1060.56,1060.98
7,233,g_a,dpu,1060.98,1167.42
7,233,g_a,dpu,1167.43,1455.3
7,233,g_a_cpu,cpu,1455.3,1455.85
7,233,eb_enc,cpu,1455.85,1462.87
7,321,normalize,cpu,1463.62,1467.39
7,321,g_a_cpu,cpu,1467.39,1467.75
7,321,g_a,dpu,1467.76,1796.48
7,321,g_a,dpu,1796.49,1802.14
7,321,g_a_cpu,cpu,1802.14,1802.59
7,321,eb_enc,cpu,1802.59,1807.6
7,397,normalize,cpu,1808.31,1812.04
7,397,g_a_cpu,cpu,1812.04,1812.48
7,397,g_a,dpu,1812.49,1818.83
7,397,g_a,dpu,1818.83,2133.62
7,397,g_a_cpu,cpu,2133.63,2134.12
7,397,eb_enc,cpu,2134.12,2144.68
7,467,normalize,cpu,2145.17,2153.71
7,467,g_a_cpu,cpu,2153.72,2154.44
7,467,g_a,dpu,2154.45,2251.02
7,467,g_a,dpu,2251.03,2356.37
7,467,g_a_cpu,cpu,2356.37,2356.89
7,467,eb_enc,cpu,2356.9,2362.77
7,513,normalize,cpu,2363.37,2373.08
7,513,g_a_cpu,cpu,2373.08,2373.57
7,513,g_a,dpu,2373.57,2504.46
7,513,g_a,dpu,2504.46,2610.88
7,513,g_a_cpu,cpu,2610.88,2611.29
7,513,eb_enc,cpu,2611.3,2616.26
7,565,normalize,cpu,2616.83,2620.5
7,565,g_a_cpu,cpu,2620.5,2621.03
7,565,g_a,dpu,2621.03,2739.97
7,565,g_a,dpu,2739.97,2745.54
7,565,g_a_cpu,cpu,2745.54,2746.09
7,565,eb_enc,cpu,2746.12,2751.85
7,595,normalize,cpu,2752.42,2759.99
7,595,g_a_cpu,cpu,2760,2760.42
7,595,g_a,dpu,2760.42,3049.79
7,595,g_a,dpu,3049.8,3274.61
7,595,g_a_cpu,cpu,3274.61,3275.15
7,595,eb_enc,cpu,3275.16,3280.36
7,707,normalize,cpu,3281.59,3285.29
7,707,g_a_cpu,cpu,3285.3,3285.72
7,707,g_a,dpu,3285.72,3482.88
7,707,g_a,dpu,3482.88,3578.64
7,707,g_a_cpu,cpu,3578.64,3579.14
7,707,eb_enc,cpu,3579.14,3584.33
7,771,normalize,cpu,3585.22,3588.95
7,771,g_a_cpu,cpu,3588.95,3589.79
7,771,g_a,dpu,3589.8,3690.21
7,771,g_a,dpu,3690.22,3876.67
7,771,g_a_cpu,cpu,3876.67,3877.28
7,771,eb_enc,cpu,3877.28,3882.82
7,836,normalize,cpu,3883.37,3887.13
7,836,g_a_cpu,cpu,3887.13,3887.95
7,836,g_a,dpu,3887.96,4083.16
7,836,g_a,dpu,4083.16,4184.48
7,836,g_a_cpu,cpu,4184.48,4184.95
7,836,eb_enc,cpu,4184.95,4189.89
7,905,normalize,cpu,4194.47,4198.42
7,905,g_a_cpu,cpu,4198.43,4198.86
7,905,g_a,dpu,4198.86,4300.18
7,905,g_a,dpu,4300.19,4385.09
7,905,g_a_cpu,cpu,4385.09,4385.61
7,905,eb_enc,cpu,4385.61,4390.65
8,2,normalize,cpu,71.0838,119.066
8,2,g_a_cpu,cpu,119.148,119.487
8,2,g_a,dpu,119.493,181.872
8,2,g_a,dpu,181.878,269.759
8,2,g_a_cpu,cpu,269.762,270.442
8,2,eb_enc,cpu,270.457,282.604
8,71,normalize,cpu,288.308,312.819
8,71,g_a_cpu,cpu,312.827,313.505
8,71,g_a,dpu,313.508,511.673
8,71,g_a,dpu,511.681,625.849
8,71,g_a_cpu,cpu,625.851,626.674
8,71,eb_enc,cpu,626.677,632.903
8,144,normalize,cpu,633.522,637.237
8,144,g_a_cpu,cpu,637.242,637.771
8,144,g_a,dpu,637.775,745.323
8,144,g_a,dpu,745.325,890.652
8,144,g_a_cpu,cpu,890.655,891.366
8,144,eb_enc,cpu,891.378,909.097
8,201,normalize,cpu,916.911,920.634
8,201,g_a_cpu,cpu,920.64,921.191
8,201,g_a,dpu,921.199,1028.69
8,201,g_a,dpu,1028.69,1038.29
8,201,g_a_cpu,cpu,1038.29,1038.86
8,201,eb_enc,cpu,1038.86,1044.07
8,232,normalize,cpu,1044.65,1049.38
8,232,g_a_cpu,cpu,1049.39,1049.89
8,232,g_a,dpu,1049.9,1158.4
8,232,g_a,dpu,1158.4,1249.81
8,232,g_a_cpu,cpu,1249.81,1250.18
8,232,eb_enc,cpu,1250.18,1255.11
8,278,normalize,cpu,1255.63,1259.42
8,278,g_a_cpu,cpu,1259.43,1259.74
8,278,g_a,dpu,1259.74,1388.25
8,278,g_a,dpu,1388.26,1503.94
8,278,g_a_cpu,cpu,1503.95,1504.6
8,278,eb_enc,cpu,1504.6,1509.67
8,332,normalize,cpu,1510.79,1514.45
8,332,g_a_cpu,cpu,1514.45,1514.82
8,332,g_a,dpu,1514.83,1613.8
8,332,g_a,dpu,1613.8,1619.69
8,332,g_a_cpu,cpu,1619.7,1620.29
8,332,eb_enc,cpu,1620.29,1629.23
8,359,normalize,cpu,1630.76,1634.8
8,359,g_a_cpu,cpu,1634.81,1635.68
8,359,g_a,dpu,1635.68,1760.29
8,359,g_a,dpu,1760.29,1855.04
8,359,g_a_cpu,cpu,1855.05,1855.84
8,359,eb_enc,cpu,1855.84,1870.47
8,410,normalize,cpu,1876.97,1880.78
8,410,g_a_cpu,cpu,1880.79,1881.37
8,410,g_a,dpu,1881.37,1994.51
8,410,g_a,dpu,1994.52,2000.16
8,410,g_a_cpu,cpu,2000.16,2000.7
8,410,eb_enc,cpu,2000.7,2005.78
8,439,normalize,cpu,2006.46,2010.18
8,439,g_a_cpu,cpu,2010.19,2010.62
8,439,g_a,dpu,2010.63,2130.69
8,439,g_a,dpu,2130.69,2260.65
8,439,g_a_cpu,cpu,2260.65,2261.09
8,439,eb_enc,cpu,2261.09,2266.12
8,494,normalize,cpu,2267.02,2270.76
8,494,g_a_cpu,cpu,2270.76,2272.2
8,494,g_a,dpu,2272.2,2371.37
8,494,g_a,dpu,2371.37,2499.85
8,494,g_a_cpu,cpu,2499.85,2500.45
8,494,eb_enc,cpu,2500.47,2506.27
8,544,normalize,cpu,2507,2510.68
8,544,g_a_cpu,cpu,2510.68,2511.13
8,544,g_a,dpu,2511.13,2613.2
8,544,g_a,dpu,2613.2,2720.03
8,544,g_a_cpu,cpu,2720.03,2720.77
8,544,eb_enc,cpu,2720.77,2726.11
8,588,normalize,cpu,2727.03,2730.74
8,588,g_a_cpu,cpu,2730.75,2733.33
8,588,g_a,dpu,2733.33,2983.67
8,588,g_a,dpu,2983.68,3102.6
8,588,g_a_cpu,cpu,3102.6,3103.1
8,588,eb_enc,cpu,3103.11,3108.11
8,668,normalize,cpu,3108.62,3112.34
8,668,g_a_cpu,cpu,3112.34,3112.9
8,668,g_a,dpu,3112.9,3430.7
8,668,g_a,dpu,3430.71,3571.41
8,668,g_a_cpu,cpu,3571.41,3571.96
8,668,eb_enc,cpu,3571.96,3577.36
8,769,normalize,cpu,3578.43,3582.2
8,769,g_a_cpu,cpu,3582.21,3582.64
8,769,g_a,dpu,3582.65,3689.75
8,769,g_a,dpu,3689.75,3791.83
8,769,g_a_cpu,cpu,3791.83,3792.4
8,769,eb_enc,cpu,3792.4,3797.53
8,819,normalize,cpu,3798.02,3801.77
8,819,g_a_cpu,cpu,3801.78,3802.16
8,819,g_a,dpu,3802.16,3892.44
8,819,g_a,dpu,3892.44,4097.22
8,819,g_a_cpu,cpu,4097.22,4097.75
8,819,eb_enc,cpu,4097.75,4103.38
8,886,normalize,cpu,4104,4107.72
8,886,g_a_cpu,cpu,4107.72,4108.16
8,886,g_a,dpu,4108.16,4220.32
8,886,g_a,dpu,4220.33,4321.58
8,886,g_a_cpu,cpu,4321.58,4322.11
8,886,eb_enc,cpu,4322.12,4327.23
9,20,normalize,cpu,95.1673,110.895
9,20,g_a_cpu,cpu,110.91,111.419
9,20,g_a,dpu,111.428,142.245
9,20,g_a,dpu,142.254,148.031
9,20,g_a_cpu,cpu,148.034,148.417
9,20,eb_enc,cpu,148.424,162.836
9,49,normalize,cpu,164.943,169.598
9,49,g_a_cpu,cpu,169.604,170.247
9,49,g_a,dpu,170.411,249.196
9,49,g_a,dpu,249.21,333.931
9,49,g_a_cpu,cpu,333.933,334.454
9,49,eb_enc,cpu,334.457,339.681
9,83,normalize,cpu,340.512,344.23
9,83,g_a_cpu,cpu,344.238,344.98
9,83,g_a,dpu,344.985,447.878
9,83,g_a,dpu,447.88,539.269
9,83,g_a_cpu,cpu,539.27,540.064
9,83,eb_enc,cpu,540.075,545.044
9,125,normalize,cpu,545.513,549.288
9,125,g_a_cpu,cpu,549.293,549.719
9,125,g_a,dpu,549.722,555.427
9,125,g_a,dpu,555.428,671.401
9,125,g_a_cpu,cpu,671.402,671.75
9,125,eb_enc,cpu,671.752,677.066
9,153,normalize,cpu,677.774,688.609
9,153,g_a_cpu,cpu,688.613,688.977
9,153,g_a,dpu,688.982,892.78
9,153,g_a,dpu,892.782,975.947
9,153,g_a_cpu,cpu,975.949,976.447
9,153,eb_enc,cpu,976.449,982.419
9,218,normalize,cpu,983.331,990.768
9,218,g_a_cpu,cpu,990.776,991.487
9,218,g_a,dpu,991.492,1095.21
9,218,g_a,dpu,1095.24,1168.24
9,218,g_a_cpu,cpu,1168.24,1168.86
9,218,eb_enc,cpu,1168.86,1175.62
9,257,normalize,cpu,1176.3,1180.16
9,257,g_a_cpu,cpu,1180.16,1180.68
9,257,g_a,dpu,1180.68,1299.86
9,257,g_a,dpu,1299.86,1567.37
9,257,g_a_cpu,cpu,1567.37,1567.85
9,257,eb_enc,cpu,1567.86,1572.96
9,347,normalize,cpu,1573.97,1577.71
9,347,g_a_cpu,cpu,1577.71,1578.05
9,347,g_a,dpu,1578.05,1691.8
9,347,g_a,dpu,1691.8,1779.05
9,347,g_a_cpu,cpu,1779.05,1779.47
9,347,eb_enc,cpu,1779.48,1784.54
9,392,normalize,cpu,1785.39,1789.14
9,392,g_a_cpu,cpu,1789.14,1789.67
9,392,g_a,dpu,1789.68,1888.09
9,392,g_a,dpu,1888.09,1893.66
9,392,g_a_cpu,cpu,1893.66,1894.09
9,392,eb_enc,cpu,1894.09,1899.13
9,416,normalize,cpu,1899.8,1903.71
9,416,g_a_cpu,cpu,1903.72,1904.87
9,416,g_a,dpu,1904.88,2067.38
9,416,g_a,dpu,2067.38,2177.03
9,416,g_a_cpu,cpu,2177.03,2177.61
9,416,eb_enc,cpu,2177.61,2182.7
9,475,normalize,cpu,2183.87,2187.58
9,475,g_a_cpu,cpu,2187.58,2187.98
9,475,g_a,dpu,2187.99,2377.46
9,475,g_a,dpu,2377.46,2484.76
9,475,g_a_cpu,cpu,2484.76,2485.21
9,475,eb_enc,cpu,2485.23,2490.43
9,541,normalize,cpu,2491.14,2498.6
9,541,g_a_cpu,cpu,2498.6,2498.96
9,541,g_a,dpu,2498.97,2594.04
9,541,g_a,dpu,2594.04,2807.39
9,541,g_a_cpu,cpu,2807.4,2807.96
9,541,eb_enc,cpu,2807.96,2812.9
9,608,normalize,cpu,2813.52,2818.03
9,608,g_a_cpu,cpu,2818.05,2818.74
9,608,g_a,dpu,2818.75,2903.37
9,608,g_a,dpu,2903.38,2908.73
9,608,g_a_cpu,cpu,2908.73,2909.28
9,608,eb_enc,cpu,2909.29,2914.39
9,631,normalize,cpu,2915.26,2920.87
9,631,g_a_cpu,cpu,2920.88,2921.41
9,631,g_a,dpu,2921.42,3034.57
9,631,g_a,dpu,3034.58,3143.65
9,631,g_a_cpu,cpu,3143.66,3144.16
9,631,eb_enc,cpu,3144.16,3149.03
9,677,normalize,cpu,3149.89,3153.62
9,677,g_a_cpu,cpu,3153.62,3153.98
9,677,g_a,dpu,3153.98,3166.63
9,677,g_a,dpu,3166.63,3270.18
9,677,g_a_cpu,cpu,3270.18,3270.89
9,677,eb_enc,cpu,3270.9,3277.15
9,706,normalize,cpu,3277.92,3283.87
9,706,g_a_cpu,cpu,3283.88,3284.37
9,706,g_a,dpu,3284.37,3450.35
9,706,g_a,dpu,3450.36,3455.65
9,706,g_a_cpu,cpu,3455.65,3456.32
9,706,eb_enc,cpu,3456.33,3461.67
9,744,normalize,cpu,3462.65,3467.05
9,744,g_a_cpu,cpu,3467.06,3467.78
9,744,g_a,dpu,3467.79,3686.41
9,744,g_a,dpu,3686.41,3691.58
9,744,g_a_cpu,cpu,3691.58,3692.14
9,744,eb_enc,cpu,3692.15,3700.86
9,796,normalize,cpu,3704.26,3712.67
9,796,g_a_cpu,cpu,3712.68,3713.33
9,796,g_a,dpu,3713.33,3805.15
9,796,g_a,dpu,3805.16,3914.52
9,796,g_a_cpu,cpu,3914.52,3914.91
9,796,eb_enc,cpu,3914.91,3920.1
9,845,normalize,cpu,3920.83,3924.69
9,845,g_a_cpu,cpu,3924.7,3925.58
9,845,g_a,dpu,3925.59,4022.74
9,845,g_a,dpu,4022.74,4028.18
9,845,g_a_cpu,cpu,4028.18,4028.62
9,845,eb_enc,cpu,4028.62,4033.63
9,871,normalize,cpu,4034.16,4037.85
9,871,g_a_cpu,cpu,4037.85,4038.23
9,871,g_a,dpu,4038.23,4219.13
9,871,g_a,dpu,4219.14,4319.92
9,871,g_a_cpu,cpu,4319.92,4320.25
9,871,eb_enc,cpu,4320.25,4325.2
10,5,normalize,cpu,74.9997,125.919
10,5,g_a_cpu,cpu,126.007,126.425
10,5,g_a,dpu,126.428,157.879
10,5,g_a,dpu,157.885,163.312
10,5,g_a_cpu,cpu,163.317,164.029
10,5,eb_enc,cpu,164.044,180.622
10,53,normalize,cpu,181.55,186.396
10,53,g_a_cpu,cpu,186.402,187
10,53,g_a,dpu,187.002,279.508
10,53,g_a,dpu,279.518,385.771
10,53,g_a_cpu,cpu,385.773,386.605
10,53,eb_enc,cpu,386.609,397.313
10,98,normalize,cpu,402.483,407.011
10,98,g_a_cpu,cpu,407.018,407.668
10,98,g_a,dpu,407.675,515.798
10,98,g_a,dpu,515.802,627.626
10,98,g_a_cpu,cpu,627.627,628.074
10,98,eb_enc,cpu,628.09,634.287
10,145,normalize,cpu,634.945,638.831
10,145,g_a_cpu,cpu,638.838,639.326
10,145,g_a,dpu,639.332,752.537
10,145,g_a,dpu,752.539,757.98
10,145,g_a_cpu,cpu,757.983,758.62
10,145,eb_enc,cpu,758.623,763.769
10,170,normalize,cpu,764.557,768.415
10,170,g_a_cpu,cpu,768.423,768.911
10,170,g_a,dpu,768.919,965.466
10,170,g_a,dpu,965.468,970.786
10,170,g_a_cpu,cpu,970.789,971.438
10,170,eb_enc,cpu,971.442,976.902
10,216,normalize,cpu,977.498,985.126
10,216,g_a_cpu,cpu,985.129,985.694
10,216,g_a,dpu,985.698,1090.47
10,216,g_a,dpu,1090.49,1188.1
10,216,g_a_cpu,cpu,1188.11,1188.57
10,216,eb_enc,cpu,1188.57,1194.03
10,262,normalize,cpu,1194.71,1210.4
10,262,g_a_cpu,cpu,1210.4,1211.03
10,262,g_a,dpu,1211.04,1220.72
10,262,g_a,dpu,1220.72,1328.43
10,262,g_a_cpu,cpu,1328.43,1328.98
10,262,eb_enc,cpu,1328.99,1346.86
10,297,normalize,cpu,1347.56,1355.73
10,297,g_a_cpu,cpu,1355.73,1356.45
10,297,g_a,dpu,1356.45,1469.06
10,297,g_a,dpu,1469.06,1474.25
10,297,g_a_cpu,cpu,1474.25,1474.82
10,297,eb_enc,cpu,1474.82,1479.99
10,325,normalize,cpu,1480.55,1485.08
10,325,g_a_cpu,cpu,1485.08,1485.73
10,325,g_a,dpu,1485.74,1605.83
10,325,g_a,dpu,1605.83,1612.92
10,325,g_a_cpu,cpu,1612.92,1613.62
10,325,eb_enc,cpu,1613.63,1619.44
10,356,normalize,cpu,1620.39,1624.21
10,356,g_a_cpu,cpu,1624.22,1624.65
10,356,g_a,dpu,1624.65,1742.38
10,356,g_a,dpu,1742.38,1747.58
10,356,g_a_cpu,cpu,1747.58,1748.13
10,356,eb_enc,cpu,1748.13,1754.12
10,385,normalize,cpu,1754.82,1758.61
10,385,g_a_cpu,cpu,1758.61,1759.09
10,385,g_a,dpu,1759.1,1764.68
10,385,g_a,dpu,1764.68,1869.66
10,385,g_a_cpu,cpu,1869.66,1870.54
10,385,eb_enc,cpu,1870.55,1888.1
10,413,normalize,cpu,1889.1,1892.94
10,413,g_a_cpu,cpu,1892.94,1893.39
10,413,g_a,dpu,1893.39,2026.1
10,413,g_a,dpu,2026.1,2112.27
10,413,g_a_cpu,cpu,2112.27,2112.68
10,413,eb_enc,cpu,2112.68,2117.98
10,462,normalize,cpu,2118.73,2122.43
10,462,g_a_cpu,cpu,2122.44,2122.95
10,462,g_a,dpu,2122.96,2223.66
10,462,g_a,dpu,2223.66,2442.5
10,462,g_a_cpu,cpu,2442.5,2442.86
10,462,eb_enc,cpu,2442.86,2447.89
10,529,normalize,cpu,2448.59,2454.21
10,529,g_a_cpu,cpu,2454.22,2454.64
10,529,g_a,dpu,2454.64,2569.79
10,529,g_a,dpu,2569.79,2662.41
10,529,g_a_cpu,cpu,2662.41,2662.94
10,529,eb_enc,cpu,2662.94,2668.32
10,575,normalize,cpu,2668.96,2673.39
10,575,g_a_cpu,cpu,2673.4,2673.89
10,575,g_a,dpu,2673.89,2794.66
10,575,g_a,dpu,2794.66,2899.23
10,575,g_a_cpu,cpu,2899.24,2899.84
10,575,eb_enc,cpu,2899.85,2911.7
10,630,normalize,cpu,2912.28,2916.19
10,630,g_a_cpu,cpu,2916.19,2916.62
10,630,g_a,dpu,2916.62,3010.94
10,630,g_a,dpu,3010.94,3126.43
10,630,g_a_cpu,cpu,3126.43,3126.86
10,630,eb_enc,cpu,3126.86,3131.94
10,673,normalize,cpu,3132.62,3136.4
10,673,g_a_cpu,cpu,3136.41,3136.79
10,673,g_a,dpu,3136.79,3148.44
10,673,g_a,dpu,3148.44,3269.7
10,673,g_a_cpu,cpu,3269.7,3270.55
10,673,eb_enc,cpu,3270.56,3276.25
10,705,normalize,cpu,3277.07,3280.96
10,705,g_a_cpu,cpu,3280.97,3281.97
10,705,g_a,dpu,3281.98,3381.51
10,705,g_a,dpu,3381.51,3659.4
10,705,g_a_cpu,cpu,3659.4,3659.86
10,705,eb_enc,cpu,3659.86,3665.14
10,789,normalize,cpu,3665.84,3670.46
10,789,g_a_cpu,cpu,3670.47,3671.02
10,789,g_a,dpu,3671.03,3759.25
10,789,g_a,dpu,3759.26,3767.88
10,789,g_a_cpu,cpu,3767.88,3768.43
10,789,eb_enc,cpu,3768.44,3773.7
10,813,normalize,cpu,3775.45,3779.14
10,813,g_a_cpu,cpu,3779.14,3779.76
10,813,g_a,dpu,3779.76,3793.93
10,813,g_a,dpu,3793.93,3881.66
10,813,g_a_cpu,cpu,3881.66,3882.1
10,813,eb_enc,cpu,3882.1,3887.36
10,839,normalize,cpu,3888.37,3892.83
10,839,g_a_cpu,cpu,3892.83,3893.53
10,839,g_a,dpu,3893.53,4007.94
10,839,g_a,dpu,4007.94,4209.66
10,839,g_a_cpu,cpu,4209.66,4210.21
10,839,eb_enc,cpu,4210.21,4215.34
10,913,normalize,cpu,4216.07,4219.86
10,913,g_a_cpu,cpu,4219.87,4220.57
10,913,g_a,dpu,4220.58,4321.58
10,913,g_a,dpu,4321.59,4327.59
10,913,g_a_cpu,cpu,4327.59,4327.98
10,913,eb_enc,cpu,4327.98,4333.12
11,30,normalize,cpu,107.061,114.17
11,30,g_a_cpu,cpu,114.258,114.8
11,30,g_a,dpu,114.815,143.96
11,30,g_a,dpu,143.966,150.147
11,30,g_a_cpu,cpu,150.153,150.635
11,30,eb_enc,cpu,150.644,162.783
11,48,normalize,cpu,164.6,169.973
11,48,g_a_cpu,cpu,169.981,176.913
11,48,g_a,dpu,176.926,264.46
11,48,g_a,dpu,264.469,362.772
11,48,g_a_cpu,cpu,362.776,363.51
11,48,eb_enc,cpu,363.514,376.694
11,95,normalize,cpu,377.631,413.229
11,95,g_a_cpu,cpu,413.237,413.729
11,95,g_a,dpu,413.732,517.06
11,95,g_a,dpu,517.062,643.044
11,95,g_a_cpu,cpu,643.047,643.978
11,95,eb_enc,cpu,644.016,652.196
11,149,normalize,cpu,653.216,665.583
11,149,g_a_cpu,cpu,665.588,666.128
11,149,g_a,dpu,666.132,901.778
11,149,g_a,dpu,901.782,1005.61
11,149,g_a_cpu,cpu,1005.61,1006.21
11,149,eb_enc,cpu,1006.22,1012.26
11,224,normalize,cpu,1012.97,1024.96
11,224,g_a_cpu,cpu,1024.96,1025.55
11,224,g_a,dpu,1025.55,1131.59
11,224,g_a,dpu,1131.59,1347.38
11,224,g_a_cpu,cpu,1347.38,1347.91
11,224,eb_enc,cpu,1347.91,1353.11
11,299,normalize,cpu,1353.9,1360.57
11,299,g_a_cpu,cpu,1360.58,1360.96
11,299,g_a,dpu,1360.97,1473.43
11,299,g_a,dpu,1473.44,1576.47
11,299,g_a_cpu,cpu,1576.47,1576.93
11,299,eb_enc,cpu,1576.94,1582.14
11,349,normalize,cpu,1582.96,1588.19
11,349,g_a_cpu,cpu,1588.19,1588.89
11,349,g_a,dpu,1588.9,1713.21
11,349,g_a,dpu,1713.21,1827.29
11,349,g_a_cpu,cpu,1827.3,1827.77
11,349,eb_enc,cpu,1827.78,1833.06
11,403,normalize,cpu,1833.68,1837.49
11,403,g_a_cpu,cpu,1837.49,1838.04
11,403,g_a,dpu,1838.04,1843.68
11,403,g_a,dpu,1843.68,1849.85
11,403,g_a_cpu,cpu,1849.85,1850.58
11,403,eb_enc,cpu,1850.59,1866.63
11,409,normalize,cpu,1867.72,1885.45
11,409,g_a_cpu,cpu,1885.46,1886.01
11,409,g_a,dpu,1886.01,2090.62
11,409,g_a,dpu,2090.62,2097.25
11,409,g_a_cpu,cpu,2097.25,2097.73
11,409,eb_enc,cpu,2097.73,2103.88
11,459,normalize,cpu,2104.61,2109.1
11,459,g_a_cpu,cpu,2109.1,2109.61
11,459,g_a,dpu,2109.62,2246.55
11,459,g_a,dpu,2246.55,2252.6
11,459,g_a_cpu,cpu,2252.6,2253.02
11,459,eb_enc,cpu,2253.02,2259.36
11,493,normalize,cpu,2260.13,2264.01
11,493,g_a_cpu,cpu,2264.02,2264.45
11,493,g_a,dpu,2264.45,2270.91
11,493,g_a,dpu,2270.92,2365.43
11,493,g_a_cpu,cpu,2365.43,2365.77
11,493,eb_enc,cpu,2365.79,2371
11,515,normalize,cpu,2371.89,2375.56
11,515,g_a_cpu,cpu,2375.56,2376.1
11,515,g_a,dpu,2376.11,2513.99
11,515,g_a,dpu,2513.99,2519.95
11,515,g_a_cpu,cpu,2519.95,2520.46
11,515,eb_enc,cpu,2520.46,2525.72
11,548,normalize,cpu,2526.52,2530.24
11,548,g_a_cpu,cpu,2530.24,2532.66
11,548,g_a,dpu,2532.66,2539.38
11,548,g_a,dpu,2539.38,2637.74
11,548,g_a_cpu,cpu,2637.74,2638.14
11,548,eb_enc,cpu,2638.15,2644.33
11,572,normalize,cpu,2645.06,2648.93
11,572,g_a_cpu,cpu,2648.93,2649.43
11,572,g_a,dpu,2649.43,2770.4
11,572,g_a,dpu,2770.4,2895.14
11,572,g_a_cpu,cpu,2895.15,2895.65
11,572,eb_enc,cpu,2895.66,2902.76
11,627,normalize,cpu,2903.39,2907.28
11,627,g_a_cpu,cpu,2907.29,2907.79
11,627,g_a,dpu,2907.8,3032.41
11,627,g_a,dpu,3032.41,3038.03
11,627,g_a_cpu,cpu,3038.03,3038.58
11,627,eb_enc,cpu,3038.59,3044.08
11,655,normalize,cpu,3044.79,3048.63
11,655,g_a_cpu,cpu,3048.63,3049.01
11,655,g_a,dpu,3049.02,3165.84
11,655,g_a,dpu,3165.85,3171.95
11,655,g_a_cpu,cpu,3171.96,3172.54
11,655,eb_enc,cpu,3172.55,3184.69
11,685,normalize,cpu,3185.41,3189.85
11,685,g_a_cpu,cpu,3189.85,3190.25
11,685,g_a,dpu,3190.26,3399.81
11,685,g_a,dpu,3399.81,3499.04
11,685,g_a_cpu,cpu,3499.05,3499.88
11,685,eb_enc,cpu,3499.89,3504.91
11,753,normalize,cpu,3505.3,3509.07
11,753,g_a_cpu,cpu,3509.07,3509.55
11,753,g_a,dpu,3509.55,3662.66
11,753,g_a,dpu,3662.66,3756.79
11,753,g_a_cpu,cpu,3756.79,3757.28
11,753,eb_enc,cpu,3757.29,3762.4
11,810,normalize,cpu,3763.17,3766.85
11,810,g_a_cpu,cpu,3766.86,3767.25
11,810,g_a,dpu,3767.25,3862.6
11,810,g_a,dpu,3862.61,3974.99
11,810,g_a_cpu,cpu,3974.99,3975.62
11,810,eb_enc,cpu,3975.63,3980.85
11,861,normalize,cpu,3983.21,3987.64
11,861,g_a_cpu,cpu,3987.65,3988.19
11,861,g_a,dpu,3988.2,4079.8
11,861,g_a,dpu,4079.8,4181.84
11,861,g_a_cpu,cpu,4181.84,4182.41
11,861,eb_enc,cpu,4182.41,4191.48
11,907,normalize,cpu,4192.21,4197.62
11,907,g_a_cpu,cpu,4197.63,4198.1
11,907,g_a,dpu,4198.1,4300.56
11,907,g_a,dpu,4300.56,4391.12
11,907,g_a_cpu,cpu,4391.12,4391.67
11,907,eb_enc,cpu,4391.68,4397.07
12,26,normalize,cpu,103.051,115.979
12,26,g_a_cpu,cpu,116.068,116.436
12,26,g_a,dpu,116.441,208.284
12,26,g_a,dpu,208.289,311.993
12,26,g_a_cpu,cpu,311.995,312.533
12,26,eb_enc,cpu,312.542,321.518
12,80,normalize,cpu,322.088,325.86
12,80,g_a_cpu,cpu,325.865,326.57
12,80,g_a,dpu,326.574,411.134
12,80,g_a,dpu,411.143,502.742
12,80,g_a_cpu,cpu,502.746,503.398
12,80,eb_enc,cpu,503.4,508.939
12,118,normalize,cpu,509.41,513.969
12,118,g_a_cpu,cpu,513.973,520.753
12,118,g_a,dpu,520.758,631.223
12,118,g_a,dpu,631.224,728.884
12,118,g_a_cpu,cpu,728.885,729.221
12,118,eb_enc,cpu,729.227,734.082
12,165,normalize,cpu,734.603,738.459
12,165,g_a_cpu,cpu,738.477,739.101
12,165,g_a,dpu,739.106,744.782
12,165,g_a,dpu,744.783,863.59
12,165,g_a_cpu,cpu,863.596,864.185
12,165,eb_enc,cpu,864.192,869.306
12,194,normalize,cpu,871.663,875.669
12,194,g_a_cpu,cpu,875.676,876.27
12,194,g_a,dpu,876.273,997.39
12,194,g_a,dpu,997.392,1105.23
12,194,g_a_cpu,cpu,1105.24,1105.98
12,194,eb_enc,cpu,1105.98,1111.16
12,246,normalize,cpu,1111.64,1118.73
12,246,g_a_cpu,cpu,1118.73,1119.34
12,246,g_a,dpu,1119.34,1125.2
12,246,g_a,dpu,1125.23,1342.93
12,246,g_a_cpu,cpu,1342.94,1343.4
12,246,eb_enc,cpu,1343.4,1356.18
12,300,normalize,cpu,1357.37,1371.99
12,300,g_a_cpu,cpu,1372,1372.62
12,300,g_a,dpu,1372.62,1464.15
12,300,g_a,dpu,1464.15,1469.72
12,300,g_a_cpu,cpu,1469.73,1470.33
12,300,eb_enc,cpu,1470.33,1476.43
12,324,normalize,cpu,1477.05,1480.85
12,324,g_a_cpu,cpu,1480.86,1481.56
12,324,g_a,dpu,1481.56,1572.33
12,324,g_a,dpu,1572.34,1686.87
12,324,g_a_cpu,cpu,1686.87,1687.64
12,324,eb_enc,cpu,1687.64,1693.96
12,372,normalize,cpu,1694.51,1707.55
12,372,g_a_cpu,cpu,1707.56,1708.24
12,372,g_a,dpu,1708.25,1986.28
12,372,g_a,dpu,1986.28,1991.72
12,372,g_a_cpu,cpu,1991.72,1992.18
12,372,eb_enc,cpu,1992.18,1997.43
12,438,normalize,cpu,1998.01,2001.92
12,438,g_a_cpu,cpu,2001.93,2002.26
12,438,g_a,dpu,2002.26,2008.65
12,438,g_a,dpu,2008.65,2093.3
12,438,g_a_cpu,cpu,2093.3,2093.89
12,438,eb_enc,cpu,2093.89,2099.22
12,457,normalize,cpu,2099.8,2103.63
12,457,g_a_cpu,cpu,2103.64,2104.15
12,457,g_a,dpu,2104.15,2228.4
12,457,g_a,dpu,2228.4,2233.63
12,457,g_a_cpu,cpu,2233.63,2234.02
12,457,eb_enc,cpu,2234.03,2239.22
12,489,normalize,cpu,2240.06,2243.75
12,489,g_a_cpu,cpu,2243.76,2244.08
12,489,g_a,dpu,2244.09,2325.13
12,489,g_a,dpu,2325.13,2533.56
12,489,g_a_cpu,cpu,2533.56,2534.23
12,489,eb_enc,cpu,2534.24,2539.75
12,552,normalize,cpu,2540.67,2545.64
12,552,g_a_cpu,cpu,2545.64,2546.02
12,552,g_a,dpu,2546.03,2648.04
12,552,g_a,dpu,2648.04,2766.55
12,552,g_a_cpu,cpu,2766.55,2767
12,552,eb_enc,cpu,2767,2772.3
12,599,normalize,cpu,2772.95,2776.8
12,599,g_a_cpu,cpu,2776.81,2777.25
12,599,g_a,dpu,2777.26,2786.24
12,599,g_a,dpu,2786.24,2976.56
12,599,g_a_cpu,cpu,2976.56,2976.93
12,599,eb_enc,cpu,2976.93,2981.79
12,646,normalize,cpu,2983.75,2990.11
12,646,g_a_cpu,cpu,2990.11,2990.83
12,646,g_a,dpu,2990.83,3083.09
12,646,g_a,dpu,3083.09,3207.62
12,646,g_a_cpu,cpu,3207.62,3208.06
12,646,eb_enc,cpu,3208.06,3213.63
12,693,normalize,cpu,3214.34,3218.96
12,693,g_a_cpu,cpu,3218.97,3219.52
12,693,g_a,dpu,3219.52,3311.05
12,693,g_a,dpu,3311.05,3391.06
12,693,g_a_cpu,cpu,3391.06,3391.56
12,693,eb_enc,cpu,3391.57,3396.45
12,733,normalize,cpu,3396.98,3400.97
12,733,g_a_cpu,cpu,3400.98,3401.34
12,733,g_a,dpu,3401.35,3617.17
12,733,g_a,dpu,3617.17,3711.01
12,733,g_a_cpu,cpu,3711.01,3711.52
12,733,eb_enc,cpu,3711.52,3717.45
12,800,normalize,cpu,3718.33,3728.52
12,800,g_a_cpu,cpu,3728.52,3729.06
12,800,g_a,dpu,3729.06,3819.96
12,800,g_a,dpu,3819.96,3927.67
12,800,g_a_cpu,cpu,3927.67,3928.31
12,800,eb_enc,cpu,3928.31,3933.44
12,848,normalize,cpu,3934.37,3938.11
12,848,g_a_cpu,cpu,3938.12,3938.64
12,848,g_a,dpu,3938.65,4119.82
12,848,g_a,dpu,4119.82,4130.63
12,848,g_a_cpu,cpu,4130.63,4131.08
12,848,eb_enc,cpu,4131.08,4136.98
12,894,normalize,cpu,4137.93,4141.61
12,894,g_a_cpu,cpu,4141.61,4142.14
12,894,g_a,dpu,4142.15,4235.73
12,894,g_a,dpu,4235.74,4330.72
12,894,g_a_cpu,cpu,4330.72,4331.29
12,894,eb_enc,cpu,4331.29,4336.39
13,8,normalize,cpu,79.1733,129.811
13,8,g_a_cpu,cpu,129.818,130.338
13,8,g_a,dpu,130.343,245.49
13,8,g_a,dpu,245.498,458.025
13,8,g_a_cpu,cpu,458.027,458.633
13,8,eb_enc,cpu,458.649,475.174
13,113,normalize,cpu,475.781,480.277
13,113,g_a_cpu,cpu,480.285,480.898
13,113,g_a,dpu,480.902,591.952
13,113,g_a,dpu,591.962,598.175
13,113,g_a_cpu,cpu,598.177,598.874
13,113,eb_enc,cpu,598.877,604.597
13,136,normalize,cpu,605.277,609.086
13,136,g_a_cpu,cpu,609.091,609.861
13,136,g_a,dpu,609.866,730.551
13,136,g_a,dpu,730.553,735.828
13,136,g_a_cpu,cpu,735.83,736.23
13,136,eb_enc,cpu,736.241,741.419
13,166,normalize,cpu,741.962,745.789
13,166,g_a_cpu,cpu,745.8,746.287
13,166,g_a,dpu,746.293,848.174
13,166,g_a,dpu,848.176,942.416
13,166,g_a_cpu,cpu,942.418,942.828
13,166,eb_enc,cpu,942.831,947.798
13,209,normalize,cpu,948.401,952.139
13,209,g_a_cpu,cpu,952.145,952.553
13,209,g_a,dpu,952.554,1159.34
13,209,g_a,dpu,1159.34,1240.61
13,209,g_a_cpu,cpu,1240.61,1241.23
13,209,eb_enc,cpu,1241.23,1246.59
13,276,normalize,cpu,1247.34,1261.69
13,276,g_a_cpu,cpu,1261.7,1262.26
13,276,g_a,dpu,1262.26,1366.51
13,276,g_a,dpu,1366.52,1372.7
13,276,g_a_cpu,cpu,1372.7,1373.45
13,276,eb_enc,cpu,1373.45,1378.92
13,304,normalize,cpu,1379.55,1383.48
13,304,g_a_cpu,cpu,1383.49,1384.03
13,304,g_a,dpu,1384.03,1488.57
13,304,g_a,dpu,1488.57,1726.63
13,304,g_a_cpu,cpu,1726.63,1727.13
13,304,eb_enc,cpu,1727.13,1732.24
13,380,normalize,cpu,1732.77,1736.54
13,380,g_a_cpu,cpu,1736.54,1736.96
13,380,g_a,dpu,1736.96,1836.14
13,380,g_a,dpu,1836.14,1944.61
13,380,g_a_cpu,cpu,1944.61,1945.22
13,380,eb_enc,cpu,1945.22,1952.88
13,427,normalize,cpu,1953.41,1957.19
13,427,g_a_cpu,cpu,1957.2,1957.62
13,427,g_a,dpu,1957.62,2069.53
13,427,g_a,dpu,2069.54,2256.43
13,427,g_a_cpu,cpu,2256.43,2257.27
13,427,eb_enc,cpu,2257.28,2267.56
13,496,normalize,cpu,2268.24,2272.93
13,496,g_a_cpu,cpu,2272.94,2273.45
13,496,g_a,dpu,2273.45,2381.48
13,496,g_a,dpu,2381.48,2386.89
13,496,g_a_cpu,cpu,2386.89,2387.34
13,496,eb_enc,cpu,2387.34,2392.36
13,521,normalize,cpu,2392.76,2396.47
13,521,g_a_cpu,cpu,2396.47,2397.03
13,521,g_a,dpu,2397.04,2519.3
13,521,g_a,dpu,2519.3,2623.27
13,521,g_a_cpu,cpu,2623.28,2623.83
13,521,eb_enc,cpu,2623.85,2635.57
13,570,normalize,cpu,2636.27,2643.71
13,570,g_a_cpu,cpu,2643.72,2644.32
13,570,g_a,dpu,2644.32,2761.2
13,570,g_a,dpu,2761.2,2766.63
13,570,g_a_cpu,cpu,2766.63,2767.11
13,570,eb_enc,cpu,2767.11,2772.33
13,600,normalize,cpu,2772.95,2781.62
13,600,g_a_cpu,cpu,2781.63,2781.98
13,600,g_a,dpu,2781.99,2787.3
13,600,g_a,dpu,2787.3,2888.61
13,600,g_a_cpu,cpu,2888.62,2889.03
13,600,eb_enc,cpu,2889.03,2894.16
13,626,normalize,cpu,2895.15,2898.81
13,626,g_a_cpu,cpu,2898.82,2899.59
13,626,g_a,dpu,2899.59,3000.09
13,626,g_a,dpu,3000.1,3100.25
13,626,g_a_cpu,cpu,3100.25,3100.93
13,626,eb_enc,cpu,3100.94,3106.8
13,667,normalize,cpu,3107.26,3111.02
13,667,g_a_cpu,cpu,3111.02,3111.4
13,667,g_a,dpu,3111.4,3340.81
13,667,g_a,dpu,3340.82,3439.89
13,667,g_a_cpu,cpu,3439.89,3440.24
13,667,eb_enc,cpu,3440.25,3445.58
13,740,normalize,cpu,3446.55,3451.19
13,740,g_a_cpu,cpu,3451.2,3451.8
13,740,g_a,dpu,3451.81,3551.99
13,740,g_a,dpu,3551.99,3633.73
13,740,g_a_cpu,cpu,3633.73,3634.16
13,740,eb_enc,cpu,3634.16,3639.54
13,783,normalize,cpu,3640.1,3644.03
13,783,g_a_cpu,cpu,3644.04,3644.69
13,783,g_a,dpu,3644.7,3734.99
13,783,g_a,dpu,3734.99,3743.8
13,783,g_a_cpu,cpu,3743.81,3744.38
13,783,eb_enc,cpu,3744.38,3749.78
13,807,normalize,cpu,3750.27,3753.98
13,807,g_a_cpu,cpu,3753.99,3754.58
13,807,g_a,dpu,3754.59,3853.17
13,807,g_a,dpu,3853.18,3966.03
13,807,g_a_cpu,cpu,3966.03,3966.55
13,807,eb_enc,cpu,3966.55,3972.04
13,858,normalize,cpu,3972.68,3976.48
13,858,g_a_cpu,cpu,3976.49,3976.91
13,858,g_a,dpu,3976.91,4078.4
13,858,g_a,dpu,4078.41,4168.19
13,858,g_a_cpu,cpu,4168.19,4168.54
13,858,eb_enc,cpu,4168.55,4173.68
13,903,normalize,cpu,4174.51,4178.27
13,903,g_a_cpu,cpu,4178.27,4178.82
13,903,g_a,dpu,4178.82,4272.12
13,903,g_a,dpu,4272.12,4374.04
13,903,g_a_cpu,cpu,4374.04,4374.52
13,903,eb_enc,cpu,4374.52,4379.91
14,10,normalize,cpu,82.9659,127.368
14,10,g_a_cpu,cpu,127.407,127.866
14,10,g_a,dpu,127.872,240.552
14,10,g_a,dpu,240.556,247.332
14,10,g_a_cpu,cpu,247.335,247.95
14,10,eb_enc,cpu,247.971,255.584
14,62,normalize,cpu,256.11,313.005
14,62,g_a_cpu,cpu,313.012,313.683
14,62,g_a,dpu,313.686,426.726
14,62,g_a,dpu,426.752,433.429
14,62,g_a_cpu,cpu,433.43,433.878
14,62,eb_enc,cpu,433.881,439.032
14,106,normalize,cpu,439.568,443.463
14,106,g_a_cpu,cpu,443.471,444.253
14,106,g_a,dpu,444.258,562.19
14,106,g_a,dpu,562.192,680.7
14,106,g_a_cpu,cpu,680.705,681.308
14,106,eb_enc,cpu,681.318,686.22
14,156,normalize,cpu,687.874,695.663
14,156,g_a_cpu,cpu,695.666,696.248
14,156,g_a,dpu,696.252,703.842
14,156,g_a,dpu,703.844,833.482
14,156,g_a_cpu,cpu,833.485,833.979
14,156,eb_enc,cpu,833.981,839.251
14,186,normalize,cpu,839.952,886.844
14,186,g_a_cpu,cpu,886.849,887.327
14,186,g_a,dpu,887.331,1107.31
14,186,g_a,dpu,1107.31,1305.93
14,186,g_a_cpu,cpu,1305.93,1306.54
14,186,eb_enc,cpu,1306.55,1311.84
14,291,normalize,cpu,1312.89,1316.55
14,291,g_a_cpu,cpu,1316.56,1317.09
14,291,g_a,dpu,1317.1,1432.05
14,291,g_a,dpu,1432.06,1540.78
14,291,g_a_cpu,cpu,1540.79,1541.33
14,291,eb_enc,cpu,1541.33,1546.77
14,341,normalize,cpu,1547.76,1551.5
14,341,g_a_cpu,cpu,1551.5,1551.96
14,341,g_a,dpu,1551.97,1676.48
14,341,g_a,dpu,1676.49,1682.46
14,341,g_a_cpu,cpu,1682.46,1682.9
14,341,eb_enc,cpu,1682.9,1689.74
14,370,normalize,cpu,1690.92,1695.58
14,370,g_a_cpu,cpu,1695.59,1696.14
14,370,g_a,dpu,1696.15,1915.25
14,370,g_a,dpu,1915.25,1921.13
14,370,g_a_cpu,cpu,1921.14,1921.69
14,370,eb_enc,cpu,1921.7,1926.93
14,421,normalize,cpu,1927.81,1931.57
14,421,g_a_cpu,cpu,1931.58,1931.92
14,421,g_a,dpu,1931.92,2167
14,421,g_a,dpu,2167.01,2280.53
14,421,g_a_cpu,cpu,2280.53,2281.06
14,421,eb_enc,cpu,2281.06,2286.06
14,499,normalize,cpu,2287.28,2291.6
14,499,g_a_cpu,cpu,2291.6,2291.99
14,499,g_a,dpu,2291.99,2297.46
14,499,g_a,dpu,2297.46,2417.59
14,499,g_a_cpu,cpu,2417.59,2418.08
14,499,eb_enc,cpu,2418.08,2423.74
14,524,normalize,cpu,2424.34,2428.88
14,524,g_a_cpu,cpu,2428.89,2429.31
14,524,g_a,dpu,2429.32,2544.79
14,524,g_a,dpu,2544.79,2653.66
14,524,g_a_cpu,cpu,2653.66,2654.17
14,524,eb_enc,cpu,2654.18,2659.78
14,573,normalize,cpu,2660.37,2687.14
14,573,g_a_cpu,cpu,2687.14,2687.53
14,573,g_a,dpu,2687.53,2695.01
14,573,g_a,dpu,2695.01,3054.75
14,573,g_a_cpu,cpu,3054.75,3055.12
14,573,eb_enc,cpu,3055.12,3062.19
14,658,normalize,cpu,3062.72,3067.36
14,658,g_a_cpu,cpu,3067.36,3067.69
14,658,g_a,dpu,3067.69,3074.26
14,658,g_a,dpu,3074.27,3191.01
14,658,g_a_cpu,cpu,3191.01,3191.38
14,658,eb_enc,cpu,3191.38,3196.76
14,688,normalize,cpu,3197.44,3201.08
14,688,g_a_cpu,cpu,3201.09,3201.75
14,688,g_a,dpu,3201.75,3306.99
14,688,g_a,dpu,3306.99,3312.62
14,688,g_a_cpu,cpu,3312.63,3313.36
14,688,eb_enc,cpu,3313.37,3323.69
14,717,normalize,cpu,3324.24,3328.09
14,717,g_a_cpu,cpu,3328.1,3328.59
14,717,g_a,dpu,3328.59,3435.95
14,717,g_a,dpu,3435.96,3577.81
14,717,g_a_cpu,cpu,3577.81,3578.36
14,717,eb_enc,cpu,3578.36,3590.74
14,774,normalize,cpu,3591.4,3595.09
14,774,g_a_cpu,cpu,3595.09,3595.47
14,774,g_a,dpu,3595.47,3703.7
14,774,g_a,dpu,3703.7,3804.32
14,774,g_a_cpu,cpu,3804.32,3804.68
14,774,eb_enc,cpu,3804.68,3809.77
14,821,normalize,cpu,3810.27,3813.94
14,821,g_a_cpu,cpu,3813.95,3814.46
14,821,g_a,dpu,3814.46,4023.46
14,821,g_a,dpu,4023.46,4029.18
14,821,g_a_cpu,cpu,4029.18,4029.69
14,821,eb_enc,cpu,4029.7,4036.64
14,872,normalize,cpu,4037.17,4041.66
14,872,g_a_cpu,cpu,4041.66,4042
14,872,g_a,dpu,4042,4135.45
14,872,g_a,dpu,4135.45,4243.37
14,872,g_a_cpu,cpu,4243.38,4243.74
14,872,eb_enc,cpu,4243.75,4249.04
14,919,normalize,cpu,4249.71,4253.43
14,919,g_a_cpu,cpu,4253.43,4253.89
14,919,g_a,dpu,4253.89,4353.61
14,919,g_a,dpu,4353.61,4423.48
14,919,g_a_cpu,cpu,4423.48,4423.85
14,919,eb_enc,cpu,4423.85,4431.18
15,32,normalize,cpu,107.062,122.954
15,32,g_a_cpu,cpu,123.061,123.436
15,32,g_a,dpu,123.442,188.696
15,32,g_a,dpu,188.701,297.184
15,32,g_a_cpu,cpu,297.199,297.898
15,32,eb_enc,cpu,297.923,305.347
15,78,normalize,cpu,305.989,314.138
15,78,g_a_cpu,cpu,314.144,314.806
15,78,g_a,dpu,314.81,432.362
15,78,g_a,dpu,432.368,528.712
15,78,g_a_cpu,cpu,528.716,529.303
15,78,eb_enc,cpu,529.31,534.786
15,123,normalize,cpu,535.631,539.423
15,123,g_a_cpu,cpu,539.429,540.279
15,123,g_a,dpu,540.283,648.607
15,123,g_a,dpu,648.611,848.173
15,123,g_a_cpu,cpu,848.176,848.83
15,123,eb_enc,cpu,848.85,854.812
15,189,normalize,cpu,855.573,859.353
15,189,g_a_cpu,cpu,859.367,860.37
15,189,g_a,dpu,860.377,946.07
15,189,g_a,dpu,946.071,1052.24
15,189,g_a_cpu,cpu,1052.24,1052.61
15,189,eb_enc,cpu,1052.61,1059.12
15,236,normalize,cpu,1059.91,1063.75
15,236,g_a_cpu,cpu,1063.76,1064.11
15,236,g_a,dpu,1064.11,1148.04
15,236,g_a,dpu,1148.04,1273.74
15,236,g_a_cpu,cpu,1273.75,1274.37
15,236,eb_enc,cpu,1274.38,1279.93
15,284,normalize,cpu,1280.51,1289.73
15,284,g_a_cpu,cpu,1289.74,1290.38
15,284,g_a,dpu,1290.38,1387.41
15,284,g_a,dpu,1387.41,1651.99
15,284,g_a_cpu,cpu,1651.99,1652.55
15,284,eb_enc,cpu,1652.55,1664.41
15,363,normalize,cpu,1665.16,1680.58
15,363,g_a_cpu,cpu,1680.58,1686.88
15,363,g_a,dpu,1686.88,1871.49
15,363,g_a,dpu,1871.49,1962.91
15,363,g_a_cpu,cpu,1962.92,1963.3
15,363,eb_enc,cpu,1963.3,1968.69
15,431,normalize,cpu,1969.22,1973
15,431,g_a_cpu,cpu,1973,1973.43
15,431,g_a,dpu,1973.43,2062.79
15,431,g_a,dpu,2062.79,2172.24
15,431,g_a_cpu,cpu,2172.25,2172.9
15,431,eb_enc,cpu,2172.91,2179.12
15,474,normalize,cpu,2179.76,2183.52
15,474,g_a_cpu,cpu,2183.53,2184.41
15,474,g_a,dpu,2184.42,2271.01
15,474,g_a,dpu,2271.01,2349.01
15,474,g_a_cpu,cpu,2349.01,2349.43
15,474,eb_enc,cpu,2349.43,2354.65
15,511,normalize,cpu,2355.4,2359.09
15,511,g_a_cpu,cpu,2359.09,2359.62
15,511,g_a,dpu,2359.63,2471.59
15,511,g_a,dpu,2471.59,2574.23
15,511,g_a_cpu,cpu,2574.24,2574.72
15,511,eb_enc,cpu,2574.72,2579.99
15,559,normalize,cpu,2580.61,2584.34
15,559,g_a_cpu,cpu,2584.34,2584.91
15,559,g_a,dpu,2584.91,2699.78
15,559,g_a,dpu,2699.79,2705.95
15,559,g_a_cpu,cpu,2705.95,2706.52
15,559,eb_enc,cpu,2706.54,2716.85
15,586,normalize,cpu,2717.95,2721.74
15,586,g_a_cpu,cpu,2721.75,2722.33
15,586,g_a,dpu,2722.33,2821.77
15,586,g_a,dpu,2821.77,2827.21
15,586,g_a_cpu,cpu,2827.21,2827.79
15,586,eb_enc,cpu,2827.79,2833.6
15,614,normalize,cpu,2834.05,2837.71
15,614,g_a_cpu,cpu,2837.72,2838.16
15,614,g_a,dpu,2838.16,2929.86
15,614,g_a,dpu,2929.87,3043.19
15,614,g_a_cpu,cpu,3043.19,3043.9
15,614,eb_enc,cpu,3043.9,3049.18
15,657,normalize,cpu,3049.65,3054.12
15,657,g_a_cpu,cpu,3054.13,3054.49
15,657,g_a,dpu,3054.49,3171.3
15,657,g_a,dpu,3171.3,3280.82
15,657,g_a_cpu,cpu,3280.82,3281.99
15,657,eb_enc,cpu,3281.99,3287.48
15,708,normalize,cpu,3288.25,3301.56
15,708,g_a_cpu,cpu,3301.57,3302.43
15,708,g_a,dpu,3302.44,3386.41
15,708,g_a,dpu,3386.41,3601.84
15,708,g_a_cpu,cpu,3601.84,3602.38
15,708,eb_enc,cpu,3602.38,3607.27
15,776,normalize,cpu,3607.84,3611.55
15,776,g_a_cpu,cpu,3611.56,3611.97
15,776,g_a,dpu,3611.98,3795.8
15,776,g_a,dpu,3795.8,3896.08
15,776,g_a_cpu,cpu,3896.08,3896.51
15,776,eb_enc,cpu,3896.52,3902.64
15,840,normalize,cpu,3903.21,3907
15,840,g_a_cpu,cpu,3907,3907.32
15,840,g_a,dpu,3907.32,4011.54
15,840,g_a,dpu,4011.54,4101.71
15,840,g_a_cpu,cpu,4101.72,4102.38
15,840,eb_enc,cpu,4102.39,4111.19
15,888,normalize,cpu,4111.8,4115.62
15,888,g_a_cpu,cpu,4115.63,4116.35
15,888,g_a,dpu,4116.35,4214.2
15,888,g_a,dpu,4214.2,4309.23
15,888,g_a_cpu,cpu,4309.23,4309.57
15,888,eb_enc,cpu,4309.58,4314.46
16,25,normalize,cpu,99.0746,112.624
16,25,g_a_cpu,cpu,112.711,113.066
16,25,g_a,dpu,113.071,145.546
16,25,g_a,dpu,145.562,226.772
16,25,g_a_cpu,cpu,226.775,227.422
16,25,eb_enc,cpu,227.434,234.258
16,60,normalize,cpu,253.673,257.457
16,60,g_a_cpu,cpu,257.463,257.844
16,60,g_a,dpu,257.847,375.312
16,60,g_a,dpu,375.334,484.709
16,60,g_a_cpu,cpu,484.711,485.157
16,60,eb_enc,cpu,485.159,490.495
16,116,normalize,cpu,491.073,504.308
16,116,g_a_cpu,cpu,504.314,504.87
16,116,g_a,dpu,504.874,622.628
16,116,g_a,dpu,622.631,747.867
16,116,g_a_cpu,cpu,747.868,748.383
16,116,eb_enc,cpu,748.392,753.215
16,168,normalize,cpu,754.171,757.961
16,168,g_a_cpu,cpu,757.965,758.62
16,168,g_a,dpu,758.624,863.952
16,168,g_a,dpu,863.955,869.278
16,168,g_a_cpu,cpu,869.28,870.029
16,168,eb_enc,cpu,870.035,882.871
16,196,normalize,cpu,883.719,893.241
16,196,g_a_cpu,cpu,893.246,893.88
16,196,g_a,dpu,893.887,987.736
16,196,g_a,dpu,987.738,1095.55
16,196,g_a_cpu,cpu,1095.55,1096.15
16,196,eb_enc,cpu,1096.16,1101.46
16,244,normalize,cpu,1102.36,1106
16,244,g_a_cpu,cpu,1106.02,1106.78
16,244,g_a,dpu,1106.78,1202.79
16,244,g_a,dpu,1202.79,1296.01
16,244,g_a_cpu,cpu,1296.01,1296.59
16,244,eb_enc,cpu,1296.59,1301.86
16,289,normalize,cpu,1303.16,1307.76
16,289,g_a_cpu,cpu,1307.76,1308.1
16,289,g_a,dpu,1308.11,1432.2
16,289,g_a,dpu,1432.2,1541.51
16,289,g_a_cpu,cpu,1541.52,1541.99
16,289,eb_enc,cpu,1541.99,1548.11
16,342,normalize,cpu,1549.03,1562.67
16,342,g_a_cpu,cpu,1562.67,1563.53
16,342,g_a,dpu,1563.53,1571.51
16,342,g_a,dpu,1571.51,1586.49
16,342,g_a_cpu,cpu,1586.5,1587.22
16,342,eb_enc,cpu,1587.22,1592.84
16,351,normalize,cpu,1593.58,1597.36
16,351,g_a_cpu,cpu,1597.36,1597.69
16,351,g_a,dpu,1597.69,2021.5
16,351,g_a,dpu,2021.5,2107.42
16,351,g_a_cpu,cpu,2107.42,2108.01
16,351,eb_enc,cpu,2108.02,2113.24
16,461,normalize,cpu,2113.87,2130.56
16,461,g_a_cpu,cpu,2130.57,2131.23
16,461,g_a,dpu,2131.24,2235.01
16,461,g_a,dpu,2235.01,2339.03
16,461,g_a_cpu,cpu,2339.03,2339.58
16,461,eb_enc,cpu,2339.59,2344.66
16,509,normalize,cpu,2345.55,2351.72
16,509,g_a_cpu,cpu,2351.72,2352.49
16,509,g_a,dpu,2352.49,2488.41
16,509,g_a,dpu,2488.41,2493.81
16,509,g_a_cpu,cpu,2493.81,2494.22
16,509,eb_enc,cpu,2494.23,2499.29
16,543,normalize,cpu,2499.95,2503.67
16,543,g_a_cpu,cpu,2503.67,2504
16,543,g_a,dpu,2504,2606.27
16,543,g_a,dpu,2606.27,2725.41
16,543,g_a_cpu,cpu,2725.41,2725.8
16,543,eb_enc,cpu,2725.81,2730.94
16,589,normalize,cpu,2731.66,2739.59
16,589,g_a_cpu,cpu,2739.6,2740.29
16,589,g_a,dpu,2740.3,2843.28
16,589,g_a,dpu,2843.28,3021.04
16,589,g_a_cpu,cpu,3021.05,3021.75
16,589,eb_enc,cpu,3021.76,3028.86
16,653,normalize,cpu,3030.24,3035.28
16,653,g_a_cpu,cpu,3035.28,3035.82
16,653,g_a,dpu,3035.82,3159.11
16,653,g_a,dpu,3159.11,3164.3
16,653,g_a_cpu,cpu,3164.31,3164.9
16,653,eb_enc,cpu,3164.9,3169.93
16,681,normalize,cpu,3170.63,3174.27
16,681,g_a_cpu,cpu,3174.28,3174.93
16,681,g_a,dpu,3174.93,3387.17
16,681,g_a,dpu,3387.17,3394.21
16,681,g_a_cpu,cpu,3394.21,3394.58
16,681,eb_enc,cpu,3394.58,3399.46
16,734,normalize,cpu,3400.43,3404.09
16,734,g_a_cpu,cpu,3404.09,3404.4
16,734,g_a,dpu,3404.4,3493.16
16,734,g_a,dpu,3493.16,3694.93
16,734,g_a_cpu,cpu,3694.94,3695.52
16,734,eb_enc,cpu,3695.52,3700.69
16,795,normalize,cpu,3701.38,3705.04
16,795,g_a_cpu,cpu,3705.05,3705.4
16,795,g_a,dpu,3705.4,3803.72
16,795,g_a,dpu,3803.72,3905.63
16,795,g_a_cpu,cpu,3905.63,3905.95
16,795,eb_enc,cpu,3905.95,3910.9
16,843,normalize,cpu,3911.44,3923.36
16,843,g_a_cpu,cpu,3923.37,3923.78
16,843,g_a,dpu,3923.79,4028.27
16,843,g_a,dpu,4028.27,4033.93
16,843,g_a_cpu,cpu,4033.93,4034.35
16,843,eb_enc,cpu,4034.35,4039.3
16,873,normalize,cpu,4039.76,4047.13
16,873,g_a_cpu,cpu,4047.13,4048.47
16,873,g_a,dpu,4048.47,4144.75
16,873,g_a,dpu,4144.75,4149.92
16,873,g_a_cpu,cpu,4149.92,4150.42
16,873,eb_enc,cpu,4150.42,4155.51
16,897,normalize,cpu,4156.27,4159.94
16,897,g_a_cpu,cpu,4159.95,4160.37
16,897,g_a,dpu,4160.38,4257.13
16,897,g_a,dpu,4257.13,4413.07
16,897,g_a_cpu,cpu,4413.07,4413.41
16,897,eb_enc,cpu,4413.41,4418.18
17,34,normalize,cpu,111.282,125.623
17,34,g_a_cpu,cpu,125.664,126.063
17,34,g_a,dpu,126.066,199.356
17,34,g_a,dpu,199.359,286.632
17,34,g_a_cpu,cpu,286.633,287.083
17,34,eb_enc,cpu,287.097,294.831
17,74,normalize,cpu,295.587,311.986
17,74,g_a_cpu,cpu,311.99,312.508
17,74,g_a,dpu,312.51,404.128
17,74,g_a,dpu,404.139,409.953
17,74,g_a_cpu,cpu,409.958,410.462
17,74,eb_enc,cpu,410.464,415.796
17,102,normalize,cpu,416.706,420.382
17,102,g_a_cpu,cpu,420.385,420.838
17,102,g_a,dpu,420.842,529.607
17,102,g_a,dpu,529.609,535.722
17,102,g_a_cpu,cpu,535.725,536.241
17,102,eb_enc,cpu,536.254,541.988
17,124,normalize,cpu,542.662,548.934
17,124,g_a_cpu,cpu,548.94,549.347
17,124,g_a,dpu,549.352,659.865
17,124,g_a,dpu,659.868,752.554
17,124,g_a_cpu,cpu,752.555,752.959
17,124,eb_enc,cpu,752.961,758.022
17,169,normalize,cpu,758.914,762.613
17,169,g_a_cpu,cpu,762.617,763.035
17,169,g_a,dpu,763.039,907.368
17,169,g_a,dpu,907.371,1010.83
17,169,g_a_cpu,cpu,1010.83,1011.24
17,169,eb_enc,cpu,1011.25,1016.49
17,226,normalize,cpu,1017,1020.97
17,226,g_a_cpu,cpu,1020.97,1021.46
17,226,g_a,dpu,1021.46,1125.9
17,226,g_a,dpu,1125.91,1454.79
17,226,g_a_cpu,cpu,1454.79,1455.49
17,226,eb_enc,cpu,1455.5,1460.89
17,323,normalize,cpu,1471.32,1475.12
17,323,g_a_cpu,cpu,1475.13,1475.58
17,323,g_a,dpu,1475.58,1584.02
17,323,g_a,dpu,1584.02,1589.85
17,323,g_a_cpu,cpu,1589.86,1590.62
17,323,eb_enc,cpu,1590.63,1595.76
17,352,normalize,cpu,1596.37,1600.12
17,352,g_a_cpu,cpu,1600.13,1600.44
17,352,g_a,dpu,1600.44,1718.55
17,352,g_a,dpu,1718.55,1838.26
17,352,g_a_cpu,cpu,1838.26,1838.66
17,352,eb_enc,cpu,1838.66,1843.92
17,404,normalize,cpu,1844.72,1848.37
17,404,g_a_cpu,cpu,1848.37,1848.82
17,404,g_a,dpu,1848.82,1974.63
17,404,g_a,dpu,1974.63,1983.8
17,404,g_a_cpu,cpu,1983.8,1984.36
17,404,eb_enc,cpu,1984.36,1989.76
17,436,normalize,cpu,1990.62,1994.25
17,436,g_a_cpu,cpu,1994.26,1995.49
17,436,g_a,dpu,1995.49,2324.85
17,436,g_a,dpu,2324.85,2463.02
17,436,g_a_cpu,cpu,2463.02,2463.83
17,436,eb_enc,cpu,2463.83,2469.47
17,534,normalize,cpu,2469.96,2474.44
17,534,g_a_cpu,cpu,2474.45,2475.21
17,534,g_a,dpu,2475.22,2576.09
17,534,g_a,dpu,2576.09,2582.22
17,534,g_a_cpu,cpu,2582.22,2582.7
17,534,eb_enc,cpu,2582.72,2588.41
17,561,normalize,cpu,2588.97,2593.49
17,561,g_a_cpu,cpu,2593.5,2593.87
17,561,g_a,dpu,2593.87,2909.73
17,561,g_a,dpu,2909.73,3149.09
17,561,g_a_cpu,cpu,3149.09,3149.66
17,561,eb_enc,cpu,3149.66,3156.62
17,678,normalize,cpu,3157.19,3161.08
17,678,g_a_cpu,cpu,3161.08,3161.45
17,678,g_a,dpu,3161.45,3274.76
17,678,g_a,dpu,3274.77,3381.65
17,678,g_a_cpu,cpu,3381.65,3382.21
17,678,eb_enc,cpu,3382.22,3388.62
17,731,normalize,cpu,3389.51,3393.19
17,731,g_a_cpu,cpu,3393.19,3393.5
17,731,g_a,dpu,3393.51,3487.76
17,731,g_a,dpu,3487.77,3733.19
17,731,g_a_cpu,cpu,3733.19,3733.77
17,731,eb_enc,cpu,3733.77,3738.99
17,805,normalize,cpu,3739.82,3746.95
17,805,g_a_cpu,cpu,3746.95,3747.38
17,805,g_a,dpu,3747.39,3848.94
17,805,g_a,dpu,3848.95,3960.28
17,805,g_a_cpu,cpu,3960.28,3960.9
17,805,eb_enc,cpu,3960.9,3965.96
17,856,normalize,cpu,3966.65,3970.51
17,856,g_a_cpu,cpu,3970.52,3971.01
17,856,g_a,dpu,3971.02,4068.45
17,856,g_a,dpu,4068.45,4074.53
17,856,g_a_cpu,cpu,4074.53,4075.19
17,856,eb_enc,cpu,4075.19,4080.51
17,883,normalize,cpu,4081.34,4085.16
17,883,g_a_cpu,cpu,4085.16,4085.61
17,883,g_a,dpu,4085.62,4196.18
17,883,g_a,dpu,4196.19,4293.58
17,883,g_a_cpu,cpu,4293.58,4293.95
17,883,eb_enc,cpu,4293.96,4299.12
18,38,normalize,cpu,115.06,129.779
18,38,g_a_cpu,cpu,129.797,130.428
18,38,g_a,dpu,130.437,174.375
18,38,g_a,dpu,174.38,263.541
18,38,g_a_cpu,cpu,263.544,264.087
18,38,eb_enc,cpu,264.101,269.474
18,66,normalize,cpu,270.833,284.447
18,66,g_a_cpu,cpu,284.459,285.174
18,66,g_a,dpu,285.178,379.498
18,66,g_a,dpu,379.507,467.19
18,66,g_a_cpu,cpu,467.191,467.643
18,66,eb_enc,cpu,467.645,472.623
18,111,normalize,cpu,473.183,477.732
18,111,g_a_cpu,cpu,477.735,478.131
18,111,g_a,dpu,478.133,483.621
18,111,g_a,dpu,483.625,699.112
18,111,g_a_cpu,cpu,699.115,699.716
18,111,eb_enc,cpu,699.737,704.975
18,159,normalize,cpu,705.758,710.533
18,159,g_a_cpu,cpu,710.539,711.013
18,159,g_a,dpu,711.016,815.529
18,159,g_a,dpu,815.533,903.146
18,159,g_a_cpu,cpu,903.149,903.789
18,159,eb_enc,cpu,903.794,909.283
18,202,normalize,cpu,910.241,913.984
18,202,g_a_cpu,cpu,913.99,916.416
18,202,g_a,dpu,916.421,1008.76
18,202,g_a,dpu,1008.77,1014.29
18,202,g_a_cpu,cpu,1014.29,1014.81
18,202,eb_enc,cpu,1014.81,1019.8
18,228,normalize,cpu,1020.39,1024.16
18,228,g_a_cpu,cpu,1024.17,1024.92
18,228,g_a,dpu,1024.93,1120.12
18,228,g_a,dpu,1120.13,1231.1
18,228,g_a_cpu,cpu,1231.1,1231.75
18,228,eb_enc,cpu,1231.75,1239.06
18,274,normalize,cpu,1239.77,1243.49
18,274,g_a_cpu,cpu,1243.5,1243.99
18,274,g_a,dpu,1243.99,1351.88
18,274,g_a,dpu,1351.88,1522.95
18,274,g_a_cpu,cpu,1522.95,1523.47
18,274,eb_enc,cpu,1523.48,1528.98
18,337,normalize,cpu,1529.87,1533.6
18,337,g_a_cpu,cpu,1533.61,1534.07
18,337,g_a,dpu,1534.07,1539.63
18,337,g_a,dpu,1539.64,1639.69
18,337,g_a_cpu,cpu,1639.69,1640.09
18,337,eb_enc,cpu,1640.09,1645.21
18,361,normalize,cpu,1645.81,1649.82
18,361,g_a_cpu,cpu,1649.83,1650.56
18,361,g_a,dpu,1650.57,1750.61
18,361,g_a,dpu,1750.62,1949.11
18,361,g_a_cpu,cpu,1949.11,1949.52
18,361,eb_enc,cpu,1949.52,1959.49
18,428,normalize,cpu,1960.29,1967.52
18,428,g_a_cpu,cpu,1967.52,1967.87
18,428,g_a,dpu,1967.87,2053.43
18,428,g_a,dpu,2053.43,2166.57
18,428,g_a_cpu,cpu,2166.58,2167.59
18,428,eb_enc,cpu,2167.6,2173.63
18,473,normalize,cpu,2174.28,2189.64
18,473,g_a_cpu,cpu,2189.65,2190.45
18,473,g_a,dpu,2190.45,2280.86
18,473,g_a,dpu,2280.86,2286.25
18,473,g_a_cpu,cpu,2286.25,2287.04
18,473,eb_enc,cpu,2287.08,2292.08
18,500,normalize,cpu,2292.72,2296.54
18,500,g_a_cpu,cpu,2296.54,2296.86
18,500,g_a,dpu,2296.86,2397.72
18,500,g_a,dpu,2397.72,2511.79
18,500,g_a_cpu,cpu,2511.79,2512.3
18,500,eb_enc,cpu,2512.3,2517.42
18,547,normalize,cpu,2518.05,2521.79
18,547,g_a_cpu,cpu,2521.79,2522.38
18,547,g_a,dpu,2522.38,2609.56
18,547,g_a,dpu,2609.56,2730.89
18,547,g_a_cpu,cpu,2730.89,2731.34
18,547,eb_enc,cpu,2731.35,2737.05
18,592,normalize,cpu,2737.8,2742.43
18,592,g_a_cpu,cpu,2742.44,2742.96
18,592,g_a,dpu,2742.96,3019.32
18,592,g_a,dpu,3019.33,3109.79
18,592,g_a_cpu,cpu,3109.79,3110.27
18,592,eb_enc,cpu,3110.27,3115.28
18,669,normalize,cpu,3115.81,3119.65
18,669,g_a_cpu,cpu,3119.66,3120.11
18,669,g_a,dpu,3120.12,3230.39
18,669,g_a,dpu,3230.39,3320.64
18,669,g_a_cpu,cpu,3320.64,3320.99
18,669,eb_enc,cpu,3320.99,3326
18,718,normalize,cpu,3329.82,3340.3
18,718,g_a_cpu,cpu,3340.3,3340.93
18,718,g_a,dpu,3340.93,3435.41
18,718,g_a,dpu,3435.41,3525.07
18,718,g_a_cpu,cpu,3525.07,3525.44
18,718,eb_enc,cpu,3525.44,3530.64
18,758,normalize,cpu,3531.73,3535.44
18,758,g_a_cpu,cpu,3535.45,3546.91
18,758,g_a,dpu,3546.91,3660.27
18,758,g_a,dpu,3660.27,3665.37
18,758,g_a_cpu,cpu,3665.38,3665.84
18,758,eb_enc,cpu,3665.84,3671
18,790,normalize,cpu,3671.93,3675.71
18,790,g_a_cpu,cpu,3675.71,3676.25
18,790,g_a,dpu,3676.25,3777.47
18,790,g_a,dpu,3777.48,3782.65
18,790,g_a_cpu,cpu,3782.65,3783.05
18,790,eb_enc,cpu,3783.05,3788.34
18,817,normalize,cpu,3788.86,3792.63
18,817,g_a_cpu,cpu,3792.64,3793.11
18,817,g_a,dpu,3793.12,3891.55
18,817,g_a,dpu,3891.56,4163.73
18,817,g_a_cpu,cpu,4163.73,4164.32
18,817,eb_enc,cpu,4164.32,4169.23
18,902,normalize,cpu,4169.72,4173.62
18,902,g_a_cpu,cpu,4173.63,4174.33
18,902,g_a,dpu,4174.33,4271.19
18,902,g_a,dpu,4271.19,4276.38
18,902,g_a_cpu,cpu,4276.38,4276.94
18,902,eb_enc,cpu,4276.94,4282.13
18,925,normalize,cpu,4282.76,4287.35
18,925,g_a_cpu,cpu,4287.36,4287.79
18,925,g_a,dpu,4287.8,4370.94
18,925,g_a,dpu,4370.94,4405.7
18,925,g_a_cpu,cpu,4405.7,4406.15
18,925,eb_enc,cpu,4406.15,4411.2
19,28,normalize,cpu,103.05,121.465
19,28,g_a_cpu,cpu,121.53,121.851
19,28,g_a,dpu,121.856,150.166
19,28,g_a,dpu,150.17,338.739
19,28,g_a_cpu,cpu,338.743,339.374
19,28,eb_enc,cpu,339.386,348.237
19,86,normalize,cpu,349.089,352.924
19,86,g_a_cpu,cpu,352.929,353.268
19,86,g_a,dpu,353.271,474.653
19,86,g_a,dpu,474.662,587.113
19,86,g_a_cpu,cpu,587.114,587.812
19,86,eb_enc,cpu,587.813,611.396
19,140,normalize,cpu,611.969,615.819
19,140,g_a_cpu,cpu,615.823,616.23
19,140,g_a,dpu,616.233,838.463
19,140,g_a,dpu,838.465,937.812
19,140,g_a_cpu,cpu,937.818,938.362
19,140,eb_enc,cpu,938.371,943.536
19,208,normalize,cpu,944.393,948.065
19,208,g_a_cpu,cpu,948.069,948.47
19,208,g_a,dpu,948.472,954.512
19,208,g_a,dpu,954.513,960.455
19,208,g_a_cpu,cpu,960.457,961.551
19,208,eb_enc,cpu,961.558,967.469
19,213,normalize,cpu,968.045,971.833
19,213,g_a_cpu,cpu,971.841,972.48
19,213,g_a,dpu,972.484,1082.02
19,213,g_a,dpu,1082.02,1183.46
19,213,g_a_cpu,cpu,1183.46,1184.04
19,213,eb_enc,cpu,1184.04,1189.19
19,259,normalize,cpu,1189.69,1193.4
19,259,g_a_cpu,cpu,1193.4,1193.96
19,259,g_a,dpu,1193.97,1286.57
19,259,g_a,dpu,1286.58,1498.63
19,259,g_a_cpu,cpu,1498.63,1499.01
19,259,eb_enc,cpu,1499.01,1503.99
19,331,normalize,cpu,1504.95,1508.64
19,331,g_a_cpu,cpu,1508.64,1509.1
19,331,g_a,dpu,1509.11,1627.84
19,331,g_a,dpu,1627.84,1846.38
19,331,g_a_cpu,cpu,1846.38,1847.01
19,331,eb_enc,cpu,1847.01,1852.52
19,407,normalize,cpu,1852.98,1862.74
19,407,g_a_cpu,cpu,1862.74,1863.1
19,407,g_a,dpu,1863.1,1988.73
19,407,g_a,dpu,1988.73,2002.6
19,407,g_a_cpu,cpu,2002.6,2003.2
19,407,eb_enc,cpu,2003.2,2008.78
19,441,normalize,cpu,2009.52,2020.73
19,441,g_a_cpu,cpu,2020.73,2021.27
19,441,g_a,dpu,2021.28,2294.52
19,441,g_a,dpu,2294.52,2525.22
19,441,g_a_cpu,cpu,2525.22,2525.69
19,441,eb_enc,cpu,2525.7,2533.88
19,550,normalize,cpu,2535.13,2539.93
19,550,g_a_cpu,cpu,2539.93,2540.47
19,550,g_a,dpu,2540.47,2647.3
19,550,g_a,dpu,2647.3,2860.81
19,550,g_a_cpu,cpu,2860.81,2861.33
19,550,eb_enc,cpu,2861.34,2866.57
19,620,normalize,cpu,2867.18,2870.98
19,620,g_a_cpu,cpu,2870.98,2871.43
19,620,g_a,dpu,2871.44,2968.45
19,620,g_a,dpu,2968.45,3076.28
19,620,g_a_cpu,cpu,3076.29,3076.67
19,620,eb_enc,cpu,3076.68,3081.83
19,662,normalize,cpu,3082.39,3094.98
19,662,g_a_cpu,cpu,3094.98,3095.64
19,662,g_a,dpu,3095.65,3216.21
19,662,g_a,dpu,3216.21,3223.73
19,662,g_a_cpu,cpu,3223.74,3224.46
19,662,eb_enc,cpu,3224.47,3230.6
19,696,normalize,cpu,3231.81,3235.53
19,696,g_a_cpu,cpu,3235.54,3243
19,696,g_a,dpu,3243.02,3356.81
19,696,g_a,dpu,3356.81,3362.03
19,696,g_a_cpu,cpu,3362.03,3362.53
19,696,eb_enc,cpu,3362.53,3367.58
19,726,normalize,cpu,3368.49,3372.2
19,726,g_a_cpu,cpu,3372.21,3372.76
19,726,g_a,dpu,3372.77,3469.28
19,726,g_a,dpu,3469.28,3474.87
19,726,g_a_cpu,cpu,3474.88,3475.37
19,726,eb_enc,cpu,3475.37,3485.8
19,749,normalize,cpu,3486.35,3490.77
19,749,g_a_cpu,cpu,3490.78,3491.32
19,749,g_a,dpu,3491.33,3593.52
19,749,g_a,dpu,3593.52,3598.77
19,749,g_a_cpu,cpu,3598.77,3599.3
19,749,eb_enc,cpu,3599.31,3607.95
19,777,normalize,cpu,3608.52,3612.34
19,777,g_a_cpu,cpu,3612.35,3612.84
19,777,g_a,dpu,3612.84,3711.37
19,777,g_a,dpu,3711.38,3808.35
19,777,g_a_cpu,cpu,3808.35,3808.72
19,777,eb_enc,cpu,3808.72,3813.66
19,822,normalize,cpu,3814.44,3818.12
19,822,g_a_cpu,cpu,3818.12,3818.6
19,822,g_a,dpu,3818.61,3923.25
19,822,g_a,dpu,3923.25,4022.79
19,822,g_a_cpu,cpu,4022.79,4023.2
19,822,eb_enc,cpu,4023.2,4028.21
19,870,normalize,cpu,4028.86,4032.64
19,870,g_a_cpu,cpu,4032.65,4033.15
19,870,g_a,dpu,4033.15,4140.12
19,870,g_a,dpu,4140.12,4245.7
19,870,g_a_cpu,cpu,4245.7,4246.26
19,870,eb_enc,cpu,4246.26,4251.63
19,920,normalize,cpu,4252.34,4256.07
19,920,g_a_cpu,cpu,4256.07,4256.37
19,920,g_a,dpu,4256.37,4353.92
19,920,g_a,dpu,4353.92,4418.65
19,920,g_a_cpu,cpu,4418.65,4419.17
19,920,eb_enc,cpu,4419.18,4424.27
20,22,normalize,cpu,99.0749,126.952
20,22,g_a_cpu,cpu,127.031,127.653
20,22,g_a,dpu,127.661,157.27
20,22,g_a,dpu,157.278,233.927
20,22,g_a_cpu,cpu,233.929,234.542
20,22,eb_enc,cpu,234.558,241.901
20,64,normalize,cpu,266.032,274.911
20,64,g_a_cpu,cpu,274.916,275.499
20,64,g_a,dpu,275.502,370.616
20,64,g_a,dpu,370.623,461.433
20,64,g_a_cpu,cpu,461.435,462.194
20,64,eb_enc,cpu,462.197,468.04
20,109,normalize,cpu,468.552,472.312
20,109,g_a_cpu,cpu,472.316,472.667
20,109,g_a,dpu,472.671,597.382
20,109,g_a,dpu,597.385,690.488
20,109,g_a_cpu,cpu,690.49,691.086
20,109,eb_enc,cpu,691.093,696.073
20,157,normalize,cpu,696.74,700.499
20,157,g_a_cpu,cpu,700.503,701.123
20,157,g_a,dpu,701.129,822.501
20,157,g_a,dpu,822.503,949.589
20,157,g_a_cpu,cpu,949.594,950.205
20,157,eb_enc,cpu,950.207,955.296
20,210,normalize,cpu,956.085,959.881
20,210,g_a_cpu,cpu,959.887,960.285
20,210,g_a,dpu,960.287,1079.76
20,210,g_a,dpu,1079.76,1086.94
20,210,g_a_cpu,cpu,1086.94,1087.44
20,210,eb_enc,cpu,1087.45,1093.32
20,243,normalize,cpu,1094.12,1098.22
20,243,g_a_cpu,cpu,1098.23,1098.84
20,243,g_a,dpu,1098.85,1196.05
20,243,g_a,dpu,1196.06,1298.66
20,243,g_a_cpu,cpu,1298.66,1299.06
20,243,eb_enc,cpu,1299.06,1305.38
20,290,normalize,cpu,1306.26,1309.93
20,290,g_a_cpu,cpu,1309.93,1310.32
20,290,g_a,dpu,1310.32,1449.29
20,290,g_a,dpu,1449.29,1670.51
20,290,g_a_cpu,cpu,1670.51,1671.06
20,290,eb_enc,cpu,1671.06,1676.04
20,367,normalize,cpu,1676.82,1691.42
20,367,g_a_cpu,cpu,1691.42,1692.08
20,367,g_a,dpu,1692.08,1801.5
20,367,g_a,dpu,1801.5,1908.39
20,367,g_a_cpu,cpu,1908.39,1909.01
20,367,eb_enc,cpu,1909.02,1915.72
20,419,normalize,cpu,1916.71,1921.27
20,419,g_a_cpu,cpu,1921.28,1921.79
20,419,g_a,dpu,1921.79,2037.05
20,419,g_a,dpu,2037.05,2043.36
20,419,g_a_cpu,cpu,2043.37,2043.81
20,419,eb_enc,cpu,2043.81,2050.72
20,448,normalize,cpu,2051.53,2056.59
20,448,g_a_cpu,cpu,2056.59,2057.11
20,448,g_a,dpu,2057.11,2177.03
20,448,g_a,dpu,2177.03,2188.53
20,448,g_a_cpu,cpu,2188.53,2189.26
20,448,eb_enc,cpu,2189.27,2195.07
20,478,normalize,cpu,2195.67,2200.21
20,478,g_a_cpu,cpu,2200.21,2200.7
20,478,g_a,dpu,2200.71,2411.64
20,478,g_a,dpu,2411.64,2530.66
20,478,g_a_cpu,cpu,2530.66,2531.04
20,478,eb_enc,cpu,2531.05,2536.52
20,551,normalize,cpu,2537.14,2540.79
20,551,g_a_cpu,cpu,2540.79,2541.21
20,551,g_a,dpu,2541.21,2648.79
20,551,g_a,dpu,2648.79,2754.82
20,551,g_a_cpu,cpu,2754.83,2755.26
20,551,eb_enc,cpu,2755.26,2760.24
20,597,normalize,cpu,2760.79,2764.54
20,597,g_a_cpu,cpu,2764.55,2764.97
20,597,g_a,dpu,2764.98,2888.85
20,597,g_a,dpu,2888.85,3128.56
20,597,g_a_cpu,cpu,3128.57,3129.28
20,597,eb_enc,cpu,3129.28,3134.28
20,674,normalize,cpu,3134.91,3139.19
20,674,g_a_cpu,cpu,3139.2,3139.71
20,674,g_a,dpu,3139.71,3246.83
20,674,g_a,dpu,3246.83,3454.46
20,674,g_a_cpu,cpu,3454.46,3454.87
20,674,eb_enc,cpu,3454.87,3460.85
20,743,normalize,cpu,3462.11,3467.54
20,743,g_a_cpu,cpu,3467.55,3468.26
20,743,g_a,dpu,3468.26,3599.56
20,743,g_a,dpu,3599.57,3605.32
20,743,g_a_cpu,cpu,3605.32,3605.71
20,743,eb_enc,cpu,3605.71,3611.67
20,778,normalize,cpu,3612.33,3619.69
20,778,g_a_cpu,cpu,3619.7,3620.11
20,778,g_a,dpu,3620.12,3728.08
20,778,g_a,dpu,3728.08,3825.76
20,778,g_a_cpu,cpu,3825.77,3826.53
20,778,eb_enc,cpu,3826.54,3831.87
20,826,normalize,cpu,3832.48,3836.84
20,826,g_a_cpu,cpu,3836.85,3837.44
20,826,g_a,dpu,3837.45,3843.11
20,826,g_a,dpu,3843.11,3949.37
20,826,g_a_cpu,cpu,3949.37,3949.96
20,826,eb_enc,cpu,3949.96,3954.95
20,853,normalize,cpu,3955.64,3959.4
20,853,g_a_cpu,cpu,3959.4,3959.88
20,853,g_a,dpu,3959.89,4062.01
20,853,g_a,dpu,4062.02,4151.96
20,853,g_a_cpu,cpu,4151.96,4152.4
20,853,eb_enc,cpu,4152.4,4161.85
20,898,normalize,cpu,4162.64,4166.4
20,898,g_a_cpu,cpu,4166.4,4166.85
20,898,g_a,dpu,4166.85,4275.34
20,898,g_a,dpu,4275.34,4370.67
20,898,g_a_cpu,cpu,4370.68,4371.33
20,898,eb_enc,cpu,4371.34,4378.18
21,19,normalize,cpu,94.9968,124.495
21,19,g_a_cpu,cpu,124.549,124.965
21,19,g_a,dpu,124.969,213.809
21,19,g_a,dpu,213.821,318.576
21,19,g_a_cpu,cpu,318.579,319.073
21,19,eb_enc,cpu,319.087,359.839
21,90,normalize,cpu,360.67,364.366
21,90,g_a_cpu,cpu,364.369,364.848
21,90,g_a,dpu,364.851,560.402
21,90,g_a,dpu,560.407,565.652
21,90,g_a_cpu,cpu,565.654,566.512
21,90,eb_enc,cpu,566.523,572.139
21,128,normalize,cpu,572.754,576.43
21,128,g_a_cpu,cpu,576.434,576.91
21,128,g_a,dpu,576.914,779.01
21,128,g_a,dpu,779.014,784.333
21,128,g_a_cpu,cpu,784.334,784.785
21,128,eb_enc,cpu,784.793,796.505
21,177,normalize,cpu,796.999,804.57
21,177,g_a_cpu,cpu,804.575,805.035
21,177,g_a,dpu,805.037,810.367
21,177,g_a,dpu,810.369,898.12
21,177,g_a_cpu,cpu,898.121,898.953
21,177,eb_enc,cpu,898.956,905.399
21,200,normalize,cpu,906.351,909.999
21,200,g_a_cpu,cpu,910.005,910.795
21,200,g_a,dpu,910.8,990.498
21,200,g_a,dpu,990.5,1086.9
21,200,g_a_cpu,cpu,1086.91,1087.43
21,200,eb_enc,cpu,1087.44,1093.21
21,242,normalize,cpu,1094.12,1105.59
21,242,g_a_cpu,cpu,1105.6,1106.43
21,242,g_a,dpu,1106.44,1195.34
21,242,g_a,dpu,1195.36,1310.61
21,242,g_a_cpu,cpu,1310.62,1311.05
21,242,eb_enc,cpu,1311.06,1316.36
21,292,normalize,cpu,1317.16,1321
21,292,g_a_cpu,cpu,1321.01,1321.35
21,292,g_a,dpu,1321.35,1414.07
21,292,g_a,dpu,1414.07,1494.91
21,292,g_a_cpu,cpu,1494.91,1495.53
21,292,eb_enc,cpu,1495.53,1500.62
21,330,normalize,cpu,1501.23,1505.06
21,330,g_a_cpu,cpu,1505.07,1505.56
21,330,g_a,dpu,1505.57,1612.07
21,330,g_a,dpu,1612.07,1723.15
21,330,g_a_cpu,cpu,1723.15,1723.78
21,330,eb_enc,cpu,1723.78,1729.01
21,379,normalize,cpu,1729.74,1733.47
21,379,g_a_cpu,cpu,1733.48,1740.44
21,379,g_a,dpu,1740.45,1830.61
21,379,g_a,dpu,1830.61,2012.44
21,379,g_a_cpu,cpu,2012.44,2012.84
21,379,eb_enc,cpu,2012.84,2018.85
21,443,normalize,cpu,2019.53,2023.32
21,443,g_a_cpu,cpu,2023.33,2023.87
21,443,g_a,dpu,2023.87,2111.75
21,443,g_a,dpu,2111.75,2309.15
21,443,g_a_cpu,cpu,2309.15,2309.65
21,443,eb_enc,cpu,2309.65,2314.86
21,505,normalize,cpu,2315.48,2319.22
21,505,g_a_cpu,cpu,2319.23,2319.84
21,505,g_a,dpu,2319.84,2426.23
21,505,g_a,dpu,2426.23,2431.51
21,505,g_a_cpu,cpu,2431.51,2432.06
21,505,eb_enc,cpu,2432.08,2437.2
21,527,normalize,cpu,2437.73,2441.48
21,527,g_a_cpu,cpu,2441.49,2441.89
21,527,g_a,dpu,2441.9,2543.08
21,527,g_a,dpu,2543.08,2628
21,527,g_a_cpu,cpu,2628,2628.45
21,527,eb_enc,cpu,2628.45,2633.52
21,569,normalize,cpu,2634.12,2644.83
21,569,g_a_cpu,cpu,2644.83,2645.3
21,569,g_a,dpu,2645.3,2749.48
21,569,g_a,dpu,2749.49,2758.59
21,569,g_a_cpu,cpu,2758.6,2758.96
21,569,eb_enc,cpu,2758.96,2764.06
21,598,normalize,cpu,2764.81,2768.5
21,598,g_a_cpu,cpu,2768.51,2768.9
21,598,g_a,dpu,2768.9,2855.64
21,598,g_a,dpu,2855.64,3058.53
21,598,g_a_cpu,cpu,3058.54,3059.06
21,598,eb_enc,cpu,3059.06,3064.1
21,659,normalize,cpu,3064.63,3068.34
21,659,g_a_cpu,cpu,3068.35,3069.08
21,659,g_a,dpu,3069.08,3182.4
21,659,g_a,dpu,3182.4,3188.14
21,659,g_a_cpu,cpu,3188.15,3188.54
21,659,eb_enc,cpu,3188.55,3193.63
21,687,normalize,cpu,3194.15,3198
21,687,g_a_cpu,cpu,3198,3198.62
21,687,g_a,dpu,3198.63,3296.37
21,687,g_a,dpu,3296.37,3301.46
21,687,g_a_cpu,cpu,3301.46,3302.23
21,687,eb_enc,cpu,3302.24,3307.54
21,713,normalize,cpu,3308.3,3312.64
21,713,g_a_cpu,cpu,3312.66,3313.44
21,713,g_a,dpu,3313.45,3404.79
21,713,g_a,dpu,3404.79,3622.36
21,713,g_a_cpu,cpu,3622.36,3622.71
21,713,eb_enc,cpu,3622.71,3627.72
21,781,normalize,cpu,3628.53,3632.24
21,781,g_a_cpu,cpu,3632.24,3632.56
21,781,g_a,dpu,3632.56,3717.82
21,781,g_a,dpu,3717.82,3815.21
21,781,g_a_cpu,cpu,3815.21,3815.73
21,781,eb_enc,cpu,3815.73,3821.07
21,824,normalize,cpu,3821.97,3825.78
21,824,g_a_cpu,cpu,3825.79,3826.49
21,824,g_a,dpu,3826.5,3939.4
21,824,g_a,dpu,3939.4,3945.13
21,824,g_a_cpu,cpu,3945.14,3945.64
21,824,eb_enc,cpu,3945.64,3950.79
21,852,normalize,cpu,3951.43,3955.19
21,852,g_a_cpu,cpu,3955.19,3955.65
21,852,g_a,dpu,3955.66,4052.7
21,852,g_a,dpu,4052.71,4058.21
21,852,g_a_cpu,cpu,4058.21,4058.88
21,852,eb_enc,cpu,4058.88,4064.28
21,879,normalize,cpu,4064.82,4068.56
21,879,g_a_cpu,cpu,4068.57,4069.11
21,879,g_a,dpu,4069.11,4150.28
21,879,g_a,dpu,4150.28,4158.65
21,879,g_a_cpu,cpu,4158.65,4159.19
21,879,eb_enc,cpu,4159.2,4168.82
21,900,normalize,cpu,4169.49,4173.2
21,900,g_a_cpu,cpu,4173.2,4173.59
21,900,g_a,dpu,4173.59,4266.55
21,900,g_a,dpu,4266.57,4391.99
21,900,g_a_cpu,cpu,4391.99,4392.48
21,900,eb_enc,cpu,4392.48,4398.7
22,41,normalize,cpu,118.988,132.152
22,41,g_a_cpu,cpu,132.156,132.606
22,41,g_a,dpu,132.61,140.365
22,41,g_a,dpu,140.368,168.203
22,41,g_a_cpu,cpu,168.205,168.672
22,41,eb_enc,cpu,168.7,181.458
22,54,normalize,cpu,182.291,186.03
22,54,g_a_cpu,cpu,186.036,186.566
22,54,g_a,dpu,186.573,380.266
22,54,g_a,dpu,380.278,493.96
22,54,g_a_cpu,cpu,493.962,494.834
22,54,eb_enc,cpu,494.838,500.641
22,121,normalize,cpu,525.746,531.36
22,121,g_a_cpu,cpu,531.365,531.924
22,121,g_a,dpu,531.929,658.543
22,121,g_a,dpu,658.545,769.445
22,121,g_a_cpu,cpu,769.448,770.06
22,121,eb_enc,cpu,770.091,775.778
22,173,normalize,cpu,776.546,781.321
22,173,g_a_cpu,cpu,781.325,782.002
22,173,g_a,dpu,782.008,874.654
22,173,g_a,dpu,874.662,880.312
22,173,g_a_cpu,cpu,880.317,880.901
22,173,eb_enc,cpu,880.908,886.104
22,198,normalize,cpu,886.715,890.373
22,198,g_a_cpu,cpu,890.378,897.361
22,198,g_a,dpu,897.364,1002.16
22,198,g_a,dpu,1002.16,1198.12
22,198,g_a_cpu,cpu,1198.13,1198.75
22,198,eb_enc,cpu,1198.75,1204.22
22,265,normalize,cpu,1205.04,1208.71
22,265,g_a_cpu,cpu,1208.72,1209.12
22,265,g_a,dpu,1209.13,1300.95
22,265,g_a,dpu,1300.97,1424.16
22,265,g_a_cpu,cpu,1424.16,1424.75
22,265,eb_enc,cpu,1424.76,1430.11
22,314,normalize,cpu,1430.65,1434.94
22,314,g_a_cpu,cpu,1434.94,1435.38
22,314,g_a,dpu,1435.38,1547.99
22,314,g_a,dpu,1548,1769.34
22,314,g_a_cpu,cpu,1769.34,1769.72
22,314,eb_enc,cpu,1769.72,1777.92
22,390,normalize,cpu,1778.54,1782.26
22,390,g_a_cpu,cpu,1782.27,1782.74
22,390,g_a,dpu,1782.75,1874.64
22,390,g_a,dpu,1874.64,1880.93
22,390,g_a_cpu,cpu,1880.93,1881.48
22,390,eb_enc,cpu,1881.48,1889.66
22,414,normalize,cpu,1890.47,1894.34
22,414,g_a_cpu,cpu,1894.34,1894.75
22,414,g_a,dpu,1894.75,2030.71
22,414,g_a,dpu,2030.71,2120.07
22,414,g_a_cpu,cpu,2120.07,2120.46
22,414,eb_enc,cpu,2120.46,2126.1
22,464,normalize,cpu,2126.99,2131.88
22,464,g_a_cpu,cpu,2131.89,2132.73
22,464,g_a,dpu,2132.74,2240.86
22,464,g_a,dpu,2240.86,2246.25
22,464,g_a_cpu,cpu,2246.25,2246.96
22,464,eb_enc,cpu,2246.96,2252.16
22,492,normalize,cpu,2252.79,2267.37
22,492,g_a_cpu,cpu,2267.38,2267.94
22,492,g_a,dpu,2267.94,2370.56
22,492,g_a,dpu,2370.56,2375.89
22,492,g_a_cpu,cpu,2375.89,2376.43
22,492,eb_enc,cpu,2376.44,2381.35
22,517,normalize,cpu,2382.22,2385.89
22,517,g_a_cpu,cpu,2385.89,2386.28
22,517,g_a,dpu,2386.28,2513.9
22,517,g_a,dpu,2513.9,2617.75
22,517,g_a_cpu,cpu,2617.76,2618.14
22,517,eb_enc,cpu,2618.14,2623.61
22,566,normalize,cpu,2624.51,2628.34
22,566,g_a_cpu,cpu,2628.35,2628.83
22,566,g_a,dpu,2628.83,2848.09
22,566,g_a,dpu,2848.09,2853.33
22,566,g_a_cpu,cpu,2853.34,2853.85
22,566,eb_enc,cpu,2853.85,2862.47
22,618,normalize,cpu,2863.43,2868.57
22,618,g_a_cpu,cpu,2868.58,2869.2
22,618,g_a,dpu,2869.2,2963.4
22,618,g_a,dpu,2963.4,3180.45
22,618,g_a_cpu,cpu,3180.45,3180.91
22,618,eb_enc,cpu,3180.91,3186.18
22,686,normalize,cpu,3186.77,3190.55
22,686,g_a_cpu,cpu,3190.55,3192.52
22,686,g_a,dpu,3192.52,3413.58
22,686,g_a,dpu,3413.58,3526.53
22,686,g_a_cpu,cpu,3526.53,3527.07
22,686,eb_enc,cpu,3527.07,3532.39
22,759,normalize,cpu,3533.41,3544.24
22,759,g_a_cpu,cpu,3544.25,3545.13
22,759,g_a,dpu,3545.14,3623.62
22,759,g_a,dpu,3623.62,3716.13
22,759,g_a_cpu,cpu,3716.13,3716.57
22,759,eb_enc,cpu,3716.57,3721.62
22,801,normalize,cpu,3722.63,3726.27
22,801,g_a_cpu,cpu,3726.28,3726.79
22,801,g_a,dpu,3726.79,3929.59
22,801,g_a,dpu,3929.6,3935.86
22,801,g_a_cpu,cpu,3935.86,3936.54
22,801,eb_enc,cpu,3936.55,3942.63
22,851,normalize,cpu,3943.16,3949.23
22,851,g_a_cpu,cpu,3949.23,3949.88
22,851,g_a,dpu,3949.89,4058.73
22,851,g_a,dpu,4058.73,4067.53
22,851,g_a_cpu,cpu,4067.53,4068.06
22,851,eb_enc,cpu,4068.07,4073.45
22,881,normalize,cpu,4074.27,4080.46
22,881,g_a_cpu,cpu,4080.47,4081.09
22,881,g_a,dpu,4081.09,4262.6
22,881,g_a,dpu,4262.61,4364.66
22,881,g_a_cpu,cpu,4364.66,4365.15
22,881,eb_enc,cpu,4365.16,4370.62
23,35,normalize,cpu,111.282,131.764
23,35,g_a_cpu,cpu,136.994,137.69
23,35,g_a,dpu,137.698,216.862
23,35,g_a,dpu,216.869,325.265
23,35,g_a_cpu,cpu,325.267,325.859
23,35,eb_enc,cpu,325.868,343.457
23,85,normalize,cpu,345.254,377.715
23,85,g_a_cpu,cpu,377.719,378.632
23,85,g_a,dpu,378.639,479.038
23,85,g_a,dpu,479.058,608.729
23,85,g_a_cpu,cpu,608.731,609.369
23,85,eb_enc,cpu,609.373,614.587
23,141,normalize,cpu,615.272,619.114
23,141,g_a_cpu,cpu,619.125,619.711
23,141,g_a,dpu,619.717,725.094
23,141,g_a,dpu,725.096,844.148
23,141,g_a_cpu,cpu,844.15,844.729
23,141,eb_enc,cpu,844.743,850.681
23,188,normalize,cpu,851.602,867.666
23,188,g_a_cpu,cpu,867.669,868.126
23,188,g_a,dpu,868.129,959.74
23,188,g_a,dpu,959.742,1062.29
23,188,g_a_cpu,cpu,1062.29,1062.73
23,188,eb_enc,cpu,1062.73,1068.7
23,238,normalize,cpu,1069.21,1072.96
23,238,g_a_cpu,cpu,1072.97,1073.42
23,238,g_a,dpu,1073.42,1260.47
23,238,g_a,dpu,1260.47,1397.49
23,238,g_a_cpu,cpu,1397.49,1397.93
23,238,eb_enc,cpu,1397.93,1403.14
23,308,normalize,cpu,1404.15,1408.07
23,308,g_a_cpu,cpu,1408.07,1408.64
23,308,g_a,dpu,1408.64,1515.18
23,308,g_a,dpu,1515.19,1734.58
23,308,g_a_cpu,cpu,1734.58,1735.14
23,308,eb_enc,cpu,1735.14,1742.38
23,383,normalize,cpu,1743.04,1746.7
23,383,g_a_cpu,cpu,1746.71,1747.15
23,383,g_a,dpu,1747.15,2063.78
23,383,g_a,dpu,2063.78,2069.4
23,383,g_a_cpu,cpu,2069.4,2070.04
23,383,eb_enc,cpu,2070.04,2075.15
23,452,normalize,cpu,2076.18,2079.96
23,452,g_a_cpu,cpu,2079.97,2080.78
23,452,g_a,dpu,2080.78,2213.17
23,452,g_a,dpu,2213.17,2632.85
23,452,g_a_cpu,cpu,2632.85,2633.31
23,452,eb_enc,cpu,2633.31,2638.28
23,571,normalize,cpu,2638.9,2642.75
23,571,g_a_cpu,cpu,2642.76,2643.29
23,571,g_a,dpu,2643.3,2749.48
23,571,g_a,dpu,2749.49,2879.56
23,571,g_a_cpu,cpu,2879.56,2880
23,571,eb_enc,cpu,2880.01,2885.08
23,624,normalize,cpu,2885.63,2889.45
23,624,g_a_cpu,cpu,2889.46,2890.21
23,624,g_a,dpu,2890.22,3026.37
23,624,g_a,dpu,3026.38,3253.01
23,624,g_a_cpu,cpu,3253.01,3253.62
23,624,eb_enc,cpu,3253.63,3259.07
23,703,normalize,cpu,3259.87,3265.32
23,703,g_a_cpu,cpu,3265.34,3266.13
23,703,g_a,dpu,3266.13,3373.07
23,703,g_a,dpu,3373.07,3472.07
23,703,g_a_cpu,cpu,3472.07,3472.46
23,703,eb_enc,cpu,3472.47,3477.52
23,746,normalize,cpu,3478.62,3482.28
23,746,g_a_cpu,cpu,3482.28,3482.97
23,746,g_a,dpu,3482.97,3622.88
23,746,g_a,dpu,3622.88,3638.51
23,746,g_a_cpu,cpu,3638.51,3639.03
23,746,eb_enc,cpu,3639.03,3643.93
23,784,normalize,cpu,3644.91,3648.57
23,784,g_a_cpu,cpu,3648.58,3649
23,784,g_a,dpu,3649,3743.06
23,784,g_a,dpu,3743.06,3751.76
23,784,g_a_cpu,cpu,3751.76,3752.37
23,784,eb_enc,cpu,3752.37,3757.51
23,809,normalize,cpu,3758.25,3761.98
23,809,g_a_cpu,cpu,3761.98,3762.64
23,809,g_a,dpu,3762.64,3854.46
23,809,g_a,dpu,3854.46,3969.37
23,809,g_a_cpu,cpu,3969.38,3969.95
23,809,eb_enc,cpu,3969.95,3975.22
23,859,normalize,cpu,3976.2,3980.64
23,859,g_a_cpu,cpu,3980.64,3981.3
23,859,g_a,dpu,3981.3,4175.73
23,859,g_a,dpu,4175.74,4285.9
23,859,g_a_cpu,cpu,4285.9,4286.27
23,859,eb_enc,cpu,4286.27,4291.49
24,31,normalize,cpu,107.06,133.919
24,31,g_a_cpu,cpu,133.935,134.372
24,31,g_a,dpu,134.376,179.066
24,31,g_a,dpu,179.078,347.948
24,31,g_a_cpu,cpu,347.952,348.617
24,31,eb_enc,cpu,348.627,353.752
24,87,normalize,cpu,354.263,357.95
24,87,g_a_cpu,cpu,357.955,358.502
24,87,g_a,dpu,358.506,457.201
24,87,g_a,dpu,457.205,462.461
24,87,g_a_cpu,cpu,462.466,463.319
24,87,eb_enc,cpu,463.322,468.915
24,110,normalize,cpu,469.472,473.239
24,110,g_a_cpu,cpu,473.242,473.727
24,110,g_a,dpu,473.731,686.475
24,110,g_a,dpu,686.477,694.558
24,110,g_a_cpu,cpu,694.56,695.087
24,110,eb_enc,cpu,695.106,700.3
24,158,normalize,cpu,701.185,704.964
24,158,g_a_cpu,cpu,704.972,705.519
24,158,g_a,dpu,705.523,799.232
24,158,g_a,dpu,799.233,804.87
24,158,g_a_cpu,cpu,804.871,805.319
24,158,eb_enc,cpu,805.321,810.433
24,180,normalize,cpu,811.62,815.375
24,180,g_a_cpu,cpu,815.379,816.175
24,180,g_a,dpu,816.177,908.115
24,180,g_a,dpu,908.116,985.577
24,180,g_a_cpu,cpu,985.58,986.383
24,180,eb_enc,cpu,986.385,991.995
24,220,normalize,cpu,992.515,996.222
24,220,g_a_cpu,cpu,996.226,996.604
24,220,g_a,dpu,996.607,1100.06
24,220,g_a,dpu,1100.06,1173.58
24,220,g_a_cpu,cpu,1173.58,1174.29
24,220,eb_enc,cpu,1174.29,1192.51
24,261,normalize,cpu,1193.1,1204.35
24,261,g_a_cpu,cpu,1204.36,1204.9
24,261,g_a,dpu,1204.91,1327.53
24,261,g_a,dpu,1327.54,1333.33
24,261,g_a_cpu,cpu,1333.34,1334.18
24,261,eb_enc,cpu,1334.18,1340.8
24,295,normalize,cpu,1341.52,1345.51
24,295,g_a_cpu,cpu,1345.52,1345.92
24,295,g_a,dpu,1345.92,1433.56
24,295,g_a,dpu,1433.57,1438.7
24,295,g_a_cpu,cpu,1438.7,1439.37
24,295,eb_enc,cpu,1439.37,1444.89
24,317,normalize,cpu,1445.47,1452.94
24,317,g_a_cpu,cpu,1452.94,1453.55
24,317,g_a,dpu,1453.56,1544.32
24,317,g_a,dpu,1544.32,1549.63
24,317,g_a_cpu,cpu,1549.64,1550.33
24,317,eb_enc,cpu,1550.33,1557.04
24,343,normalize,cpu,1557.56,1566.28
24,343,g_a_cpu,cpu,1566.28,1566.74
24,343,g_a,dpu,1566.74,1668.16
24,343,g_a,dpu,1668.16,1673.48
24,343,g_a_cpu,cpu,1673.48,1673.91
24,343,eb_enc,cpu,1673.91,1679.04
24,368,normalize,cpu,1679.6,1683.83
24,368,g_a_cpu,cpu,1683.83,1684.23
24,368,g_a,dpu,1684.23,1761.89
24,368,g_a,dpu,1761.89,1858.99
24,368,g_a_cpu,cpu,1858.99,1859.41
24,368,eb_enc,cpu,1859.42,1864.47
24,408,normalize,cpu,1865.27,1874.83
24,408,g_a_cpu,cpu,1874.84,1875.58
24,408,g_a,dpu,1875.59,2043.24
24,408,g_a,dpu,2043.24,2133.68
24,408,g_a_cpu,cpu,2133.68,2134.2
24,408,eb_enc,cpu,2134.2,2139.37
24,466,normalize,cpu,2139.94,2143.76
24,466,g_a_cpu,cpu,2143.76,2144.15
24,466,g_a,dpu,2144.15,2330.52
24,466,g_a,dpu,2330.53,2443.12
24,466,g_a_cpu,cpu,2443.12,2443.68
24,466,eb_enc,cpu,2443.68,2448.71
24,530,normalize,cpu,2449.33,2452.99
24,530,g_a_cpu,cpu,2453,2453.64
24,530,g_a,dpu,2453.65,2459.95
24,530,g_a,dpu,2459.95,2564.24
24,530,g_a_cpu,cpu,2564.24,2564.77
24,530,eb_enc,cpu,2564.77,2570.03
24,557,normalize,cpu,2571.24,2574.99
24,557,g_a_cpu,cpu,2575,2575.45
24,557,g_a,dpu,2575.45,2671.3
24,557,g_a,dpu,2671.3,2790.8
24,557,g_a_cpu,cpu,2790.81,2791.59
24,557,eb_enc,cpu,2791.59,2796.83
24,604,normalize,cpu,2797.66,2801.31
24,604,g_a_cpu,cpu,2801.31,2801.73
24,604,g_a,dpu,2801.74,2995.21
24,604,g_a,dpu,2995.21,3000.93
24,604,g_a_cpu,cpu,3000.94,3001.68
24,604,eb_enc,cpu,3001.69,3007.62
24,649,normalize,cpu,3008.55,3015.33
24,649,g_a_cpu,cpu,3015.33,3015.93
24,649,g_a,dpu,3015.93,3104.75
24,649,g_a,dpu,3104.75,3220.4
24,649,g_a_cpu,cpu,3220.4,3221.06
24,649,eb_enc,cpu,3221.06,3234.26
24,697,normalize,cpu,3235.25,3240.31
24,697,g_a_cpu,cpu,3240.32,3241.06
24,697,g_a,dpu,3241.07,3327.13
24,697,g_a,dpu,3327.13,3409.71
24,697,g_a_cpu,cpu,3409.71,3410.06
24,697,eb_enc,cpu,3410.06,3415.35
24,735,normalize,cpu,3415.89,3420.94
24,735,g_a_cpu,cpu,3420.94,3421.39
24,735,g_a,dpu,3421.39,3514.72
24,735,g_a,dpu,3514.72,3638.23
24,735,g_a_cpu,cpu,3638.23,3638.8
24,735,eb_enc,cpu,3638.8,3644.79
24,785,normalize,cpu,3645.42,3649.91
24,785,g_a_cpu,cpu,3649.91,3650.35
24,785,g_a,dpu,3650.35,3825.07
24,785,g_a,dpu,3825.08,3932.39
24,785,g_a_cpu,cpu,3932.39,3933.06
24,785,eb_enc,cpu,3933.06,3941.55
24,849,normalize,cpu,3942.14,3946.1
24,849,g_a_cpu,cpu,3946.1,3946.66
24,849,g_a,dpu,3946.67,4047.56
24,849,g_a,dpu,4047.56,4135.86
24,849,g_a_cpu,cpu,4135.87,4136.61
24,849,eb_enc,cpu,4136.61,4142.27
24,895,normalize,cpu,4142.91,4147.94
24,895,g_a_cpu,cpu,4147.95,4148.41
24,895,g_a,dpu,4148.41,4338.25
24,895,g_a,dpu,4338.26,4387.14
24,895,g_a_cpu,cpu,4387.15,4387.82
24,895,eb_enc,cpu,4387.83,4393.18
25,29,normalize,cpu,103.051,127.473
25,29,g_a_cpu,cpu,127.541,128.014
25,29,g_a,dpu,128.018,265.054
25,29,g_a,dpu,265.059,274.665
25,29,g_a_cpu,cpu,274.668,275.304
25,29,eb_enc,cpu,275.318,287.323
25,72,normalize,cpu,292.447,304.531
25,72,g_a_cpu,cpu,304.535,305.085
25,72,g_a,dpu,305.09,414.543
25,72,g_a,dpu,414.55,526.23
25,72,g_a_cpu,cpu,526.234,526.915
25,72,eb_enc,cpu,526.921,532.31
25,122,normalize,cpu,533.293,537.048
25,122,g_a_cpu,cpu,537.052,537.582
25,122,g_a,dpu,537.587,764.06
25,122,g_a,dpu,764.062,1071.18
25,122,g_a_cpu,cpu,1071.18,1071.73
25,122,eb_enc,cpu,1071.74,1078.23
25,241,normalize,cpu,1091.26,1096.04
25,241,g_a_cpu,cpu,1096.05,1096.67
25,241,g_a,dpu,1096.68,1102.17
25,241,g_a,dpu,1102.17,1114.7
25,241,g_a_cpu,cpu,1114.7,1115.3
25,241,eb_enc,cpu,1115.3,1121.84
25,248,normalize,cpu,1124.28,1128.1
25,248,g_a_cpu,cpu,1128.11,1128.8
25,248,g_a,dpu,1128.8,1134.85
25,248,g_a,dpu,1134.85,1225.56
25,248,g_a_cpu,cpu,1225.57,1226.05
25,248,eb_enc,cpu,1226.05,1231.13
25,272,normalize,cpu,1232.18,1235.88
25,272,g_a_cpu,cpu,1235.89,1236.8
25,272,g_a,dpu,1236.8,1346.55
25,272,g_a,dpu,1346.56,1446.96
25,272,g_a_cpu,cpu,1446.96,1447.36
25,272,eb_enc,cpu,1447.36,1452.61
25,320,normalize,cpu,1453.59,1457.49
25,320,g_a_cpu,cpu,1457.5,1458
25,320,g_a,dpu,1458.01,1563.9
25,320,g_a,dpu,1563.9,1667.38
25,320,g_a_cpu,cpu,1667.38,1667.94
25,320,eb_enc,cpu,1667.95,1673.12
25,366,normalize,cpu,1673.78,1677.72
25,366,g_a_cpu,cpu,1677.73,1678.28
25,366,g_a,dpu,1678.28,1887.3
25,366,g_a,dpu,1887.3,1903.71
25,366,g_a_cpu,cpu,1903.71,1904.8
25,366,eb_enc,cpu,1904.8,1911.7
25,418,normalize,cpu,1912.49,1917.01
25,418,g_a_cpu,cpu,1917.01,1917.54
25,418,g_a,dpu,1917.54,2049.48
25,418,g_a,dpu,2049.48,2054.75
25,418,g_a_cpu,cpu,2054.75,2055.28
25,418,eb_enc,cpu,2055.28,2061.95
25,450,normalize,cpu,2062.62,2067.08
25,450,g_a_cpu,cpu,2067.08,2067.62
25,450,g_a,dpu,2067.63,2165.73
25,450,g_a,dpu,2165.74,2177.04
25,450,g_a_cpu,cpu,2177.04,2177.65
25,450,eb_enc,cpu,2177.65,2183.12
25,476,normalize,cpu,2184.13,2187.9
25,476,g_a_cpu,cpu,2187.9,2188.4
25,476,g_a,dpu,2188.4,2499.22
25,476,g_a,dpu,2499.22,2596.57
25,476,g_a_cpu,cpu,2596.57,2597.11
25,476,eb_enc,cpu,2597.12,2602.32
25,563,normalize,cpu,2602.88,2607.21
25,563,g_a_cpu,cpu,2607.22,2607.62
25,563,g_a,dpu,2607.62,2735.02
25,563,g_a,dpu,2735.02,2835.78
25,563,g_a_cpu,cpu,2835.79,2836.23
25,563,eb_enc,cpu,2836.23,2841.36
25,615,normalize,cpu,2842.34,2846.28
25,615,g_a_cpu,cpu,2846.28,2846.83
25,615,g_a,dpu,2846.84,2941.05
25,615,g_a,dpu,2941.06,2946.77
25,615,g_a_cpu,cpu,2946.78,2947.68
25,615,eb_enc,cpu,2947.69,2953.61
25,640,normalize,cpu,2954.18,2958.03
25,640,g_a_cpu,cpu,2958.04,2958.55
25,640,g_a,dpu,2958.55,3060.29
25,640,g_a,dpu,3060.29,3173.77
25,640,g_a_cpu,cpu,3173.78,3174.27
25,640,eb_enc,cpu,3174.27,3180.06
25,683,normalize,cpu,3180.75,3185.18
25,683,g_a_cpu,cpu,3185.18,3185.73
25,683,g_a,dpu,3185.74,3303.23
25,683,g_a,dpu,3303.23,3488.41
25,683,g_a_cpu,cpu,3488.42,3488.97
25,683,eb_enc,cpu,3488.98,3494.43
25,750,normalize,cpu,3495.03,3498.67
25,750,g_a_cpu,cpu,3498.68,3510.51
25,750,g_a,dpu,3510.51,3608.52
25,750,g_a,dpu,3608.52,3613.73
25,750,g_a_cpu,cpu,3613.73,3614.1
25,750,eb_enc,cpu,3614.1,3624.41
25,780,normalize,cpu,3625.24,3629.18
25,780,g_a_cpu,cpu,3629.18,3629.7
25,780,g_a,dpu,3629.7,3722.68
25,780,g_a,dpu,3722.68,3912.48
25,780,g_a_cpu,cpu,3912.48,3912.85
25,780,eb_enc,cpu,3912.85,3917.77
25,844,normalize,cpu,3918.28,3926.51
25,844,g_a_cpu,cpu,3926.52,3926.98
25,844,g_a,dpu,3926.99,4130.64
25,844,g_a,dpu,4130.64,4234.07
25,844,g_a_cpu,cpu,4234.08,4234.8
25,844,eb_enc,cpu,4234.8,4240.03
25,917,normalize,cpu,4240.7,4244.52
25,917,g_a_cpu,cpu,4244.53,4244.88
25,917,g_a,dpu,4244.88,4341.18
25,917,g_a,dpu,4341.18,4346.37
25,917,g_a_cpu,cpu,4346.37,4346.8
25,917,eb_enc,cpu,4346.81,4351.92
26,46,normalize,cpu,133.459,137.235
26,46,g_a_cpu,cpu,139.115,139.841
26,46,g_a,dpu,139.846,187.314
26,46,g_a,dpu,187.32,192.928
26,46,g_a_cpu,cpu,192.93,193.379
26,46,eb_enc,cpu,193.385,201.395
26,57,normalize,cpu,202.684,206.479
26,57,g_a_cpu,cpu,206.487,207.223
26,57,g_a,dpu,207.232,309.03
26,57,g_a,dpu,309.035,315.251
26,57,g_a_cpu,cpu,315.252,315.765
26,57,eb_enc,cpu,315.767,322.393
26,81,normalize,cpu,323.124,328.44
26,81,g_a_cpu,cpu,328.444,329.201
26,81,g_a,dpu,329.205,451.249
26,81,g_a,dpu,451.25,579.144
26,81,g_a_cpu,cpu,579.146,579.696
26,81,eb_enc,cpu,579.706,610.416
26,138,normalize,cpu,611.276,629.047
26,138,g_a_cpu,cpu,629.051,629.496
26,138,g_a,dpu,629.503,730.566
26,138,g_a,dpu,730.567,736.307
26,138,g_a_cpu,cpu,736.309,736.749
26,138,eb_enc,cpu,736.755,741.836
26,167,normalize,cpu,742.368,746.064
26,167,g_a_cpu,cpu,746.071,746.688
26,167,g_a,dpu,746.69,896.291
26,167,g_a,dpu,896.293,987.736
26,167,g_a_cpu,cpu,987.738,988.289
26,167,eb_enc,cpu,988.291,993.61
26,221,normalize,cpu,994.436,998.153
26,221,g_a_cpu,cpu,998.161,998.809
26,221,g_a,dpu,998.812,1119.99
26,221,g_a,dpu,1120,1220.93
26,221,g_a_cpu,cpu,1220.93,1221.61
26,221,eb_enc,cpu,1221.61,1226.87
26,271,normalize,cpu,1227.54,1231.3
26,271,g_a_cpu,cpu,1231.31,1232.03
26,271,g_a,dpu,1232.03,1239.7
26,271,g_a,dpu,1239.7,1359.97
26,271,g_a_cpu,cpu,1359.97,1360.44
26,271,eb_enc,cpu,1360.44,1365.4
26,303,normalize,cpu,1365.88,1370.39
26,303,g_a_cpu,cpu,1370.4,1371.04
26,303,g_a,dpu,1371.06,1486.44
26,303,g_a,dpu,1486.44,1602.63
26,303,g_a_cpu,cpu,1602.64,1603.55
26,303,eb_enc,cpu,1603.55,1609.9
26,354,normalize,cpu,1610.7,1623.31
26,354,g_a_cpu,cpu,1623.31,1623.86
26,354,g_a,dpu,1623.86,1964.09
26,354,g_a,dpu,1964.09,1969.61
26,354,g_a_cpu,cpu,1969.61,1970.17
26,354,eb_enc,cpu,1970.17,1975.3
26,432,normalize,cpu,1976.32,1979.99
26,432,g_a_cpu,cpu,1980,1980.68
26,432,g_a,dpu,1980.69,2085.51
26,432,g_a,dpu,2085.51,2218.92
26,432,g_a_cpu,cpu,2218.92,2219.44
26,432,eb_enc,cpu,2219.44,2224.8
26,485,normalize,cpu,2225.53,2230.11
26,485,g_a_cpu,cpu,2230.12,2231.03
26,485,g_a,dpu,2231.04,2330.17
26,485,g_a,dpu,2330.17,2468.52
26,485,g_a_cpu,cpu,2468.52,2468.92
26,485,eb_enc,cpu,2468.93,2474.01
26,536,normalize,cpu,2474.8,2490.36
26,536,g_a_cpu,cpu,2490.36,2494.51
26,536,g_a,dpu,2494.52,2592.12
26,536,g_a,dpu,2592.12,2685.85
26,536,g_a_cpu,cpu,2685.85,2686.23
26,536,eb_enc,cpu,2686.24,2692.15
26,581,normalize,cpu,2703.17,2706.85
26,581,g_a_cpu,cpu,2706.86,2707.7
26,581,g_a,dpu,2707.71,2714.37
26,581,g_a,dpu,2714.37,2827.21
26,581,g_a_cpu,cpu,2827.21,2827.8
26,581,eb_enc,cpu,2827.81,2832.91
26,613,normalize,cpu,2833.39,2837.19
26,613,g_a_cpu,cpu,2837.2,2837.71
26,613,g_a,dpu,2837.72,2958.87
26,613,g_a,dpu,2958.87,3084.92
26,613,g_a_cpu,cpu,3084.92,3085.5
26,613,eb_enc,cpu,3085.51,3090.5
26,664,normalize,cpu,3090.97,3094.87
26,664,g_a_cpu,cpu,3094.88,3095.59
26,664,g_a,dpu,3095.6,3211.32
26,664,g_a,dpu,3211.32,3217.36
26,664,g_a_cpu,cpu,3217.36,3217.76
26,664,eb_enc,cpu,3217.76,3223.11
26,695,normalize,cpu,3224.27,3228.86
26,695,g_a_cpu,cpu,3228.87,3229.57
26,695,g_a,dpu,3229.57,3340.04
26,695,g_a,dpu,3340.05,3346.02
26,695,g_a_cpu,cpu,3346.03,3346.59
26,695,eb_enc,cpu,3346.6,3351.94
26,723,normalize,cpu,3352.56,3356.35
26,723,g_a_cpu,cpu,3356.35,3357.57
26,723,g_a,dpu,3357.58,3461.45
26,723,g_a,dpu,3461.45,3588.87
26,723,g_a_cpu,cpu,3588.87,3589.64
26,723,eb_enc,cpu,3589.65,3595.65
26,775,normalize,cpu,3596.28,3601.78
26,775,g_a_cpu,cpu,3601.78,3602.29
26,775,g_a,dpu,3602.34,3820.44
26,775,g_a,dpu,3820.44,3923.96
26,775,g_a_cpu,cpu,3923.96,3924.56
26,775,eb_enc,cpu,3924.57,3930.17
26,847,normalize,cpu,3930.93,3934.62
26,847,g_a_cpu,cpu,3934.62,3935.13
26,847,g_a,dpu,3935.13,4040.37
26,847,g_a,dpu,4040.38,4126.45
26,847,g_a_cpu,cpu,4126.45,4126.88
26,847,eb_enc,cpu,4126.88,4132.88
26,893,normalize,cpu,4133.41,4137.29
26,893,g_a_cpu,cpu,4137.29,4137.87
26,893,g_a,dpu,4137.88,4251.28
26,893,g_a,dpu,4251.28,4344.31
26,893,g_a_cpu,cpu,4344.31,4344.79
26,893,eb_enc,cpu,4344.79,4349.92
27,15,normalize,cpu,89.4634,93.2532
27,15,g_a_cpu,cpu,93.362,93.7498
27,15,g_a,dpu,93.7541,163.769
27,15,g_a,dpu,163.779,244.05
27,15,g_a_cpu,cpu,244.053,244.772
27,15,eb_enc,cpu,244.799,253.834
27,61,normalize,cpu,254.523,258.15
27,61,g_a_cpu,cpu,258.153,258.796
27,61,g_a,dpu,258.8,343.246
27,61,g_a,dpu,343.253,442.73
27,61,g_a_cpu,cpu,442.738,443.495
27,61,eb_enc,cpu,443.503,449.291
27,108,normalize,cpu,449.922,454.348
27,108,g_a_cpu,cpu,454.351,454.853
27,108,g_a,dpu,454.855,659.103
27,108,g_a,dpu,659.104,664.535
27,108,g_a_cpu,cpu,664.538,665.048
27,108,eb_enc,cpu,665.064,670.194
27,151,normalize,cpu,671.201,674.985
27,151,g_a_cpu,cpu,674.99,675.398
27,151,g_a,dpu,675.401,774.224
27,151,g_a,dpu,774.225,961.299
27,151,g_a_cpu,cpu,961.304,962.269
27,151,eb_enc,cpu,962.272,968.658
27,214,normalize,cpu,969.309,983.453
27,214,g_a_cpu,cpu,983.459,984.027
27,214,g_a,dpu,984.03,1081.32
27,214,g_a,dpu,1081.32,1162.7
27,214,g_a_cpu,cpu,1162.7,1163.57
27,214,eb_enc,cpu,1163.57,1169.55
27,256,normalize,cpu,1170.44,1190.81
27,256,g_a_cpu,cpu,1190.81,1191.48
27,256,g_a,dpu,1191.48,1305.93
27,256,g_a,dpu,1305.95,1407.69
27,256,g_a_cpu,cpu,1407.69,1408.08
27,256,eb_enc,cpu,1408.09,1413.39
27,311,normalize,cpu,1414.1,1417.76
27,311,g_a_cpu,cpu,1417.77,1418.16
27,311,g_a,dpu,1418.16,1499.63
27,311,g_a,dpu,1499.63,1696.5
27,311,g_a_cpu,cpu,1696.5,1697.09
27,311,eb_enc,cpu,1697.1,1702.25
27,373,normalize,cpu,1702.82,1706.76
27,373,g_a_cpu,cpu,1706.76,1707.24
27,373,g_a,dpu,1707.24,1796.59
27,373,g_a,dpu,1796.59,1802.14
27,373,g_a_cpu,cpu,1802.14,1802.6
27,373,eb_enc,cpu,1802.6,1807.71
27,398,normalize,cpu,1808.31,1812.07
27,398,g_a_cpu,cpu,1812.07,1812.59
27,398,g_a,dpu,1812.59,1818.05
27,398,g_a,dpu,1818.05,2085.85
27,398,g_a_cpu,cpu,2085.86,2086.38
27,398,eb_enc,cpu,2086.38,2091.43
27,456,normalize,cpu,2092.22,2095.94
27,456,g_a_cpu,cpu,2095.94,2096.34
27,456,g_a,dpu,2096.35,2214.52
27,456,g_a,dpu,2214.52,2219.78
27,456,g_a_cpu,cpu,2219.78,2220.23
27,456,eb_enc,cpu,2220.23,2226.19
27,486,normalize,cpu,2226.72,2232.52
27,486,g_a_cpu,cpu,2232.53,2233.15
27,486,g_a,dpu,2233.15,2314.24
27,486,g_a,dpu,2314.24,2402.56
27,486,g_a_cpu,cpu,2402.56,2403.12
27,486,eb_enc,cpu,2403.16,2408.28
27,522,normalize,cpu,2408.94,2412.85
27,522,g_a_cpu,cpu,2412.86,2413.49
27,522,g_a,dpu,2413.5,2516.53
27,522,g_a,dpu,2516.53,2521.73
27,522,g_a_cpu,cpu,2521.73,2522.29
27,522,eb_enc,cpu,2522.29,2528.27
27,549,normalize,cpu,2528.84,2532.7
27,549,g_a_cpu,cpu,2532.71,2533.1
27,549,g_a,dpu,2533.1,2614.62
27,549,g_a,dpu,2614.62,2738.85
27,549,g_a_cpu,cpu,2738.86,2739.32
27,549,eb_enc,cpu,2739.33,2744.95
27,594,normalize,cpu,2745.86,2752.39
27,594,g_a_cpu,cpu,2752.39,2752.9
27,594,g_a,dpu,2752.9,2845.71
27,594,g_a,dpu,2845.71,2934.88
27,594,g_a_cpu,cpu,2934.88,2935.42
27,594,eb_enc,cpu,2935.43,2940.48
27,638,normalize,cpu,2941.99,2945.69
27,638,g_a_cpu,cpu,2945.7,2946.14
27,638,g_a,dpu,2946.14,3052.46
27,638,g_a,dpu,3052.46,3331.83
27,638,g_a_cpu,cpu,3331.83,3332.19
27,638,eb_enc,cpu,3332.19,3337.68
27,720,normalize,cpu,3338.39,3342.96
27,720,g_a_cpu,cpu,3342.97,3343.37
27,720,g_a,dpu,3343.37,3440.88
27,720,g_a,dpu,3440.89,3535.98
27,720,g_a_cpu,cpu,3535.98,3536.88
27,720,eb_enc,cpu,3536.89,3544.39
27,760,normalize,cpu,3545.53,3550.83
27,760,g_a_cpu,cpu,3550.84,3551.35
27,760,g_a,dpu,3551.36,3748.48
27,760,g_a,dpu,3748.49,3843.31
27,760,g_a_cpu,cpu,3843.31,3843.92
27,760,eb_enc,cpu,3843.93,3850.19
27,830,normalize,cpu,3850.74,3854.59
27,830,g_a_cpu,cpu,3854.6,3855.12
27,830,g_a,dpu,3855.13,3863.39
27,830,g_a,dpu,3863.39,3982.38
27,830,g_a_cpu,cpu,3982.38,3983.04
27,830,eb_enc,cpu,3983.05,3988.43
27,862,normalize,cpu,3989.02,4004.74
27,862,g_a_cpu,cpu,4004.75,4005.3
27,862,g_a,dpu,4005.31,4086.76
27,862,g_a,dpu,4086.76,4185.71
27,862,g_a_cpu,cpu,4185.71,4186.13
27,862,eb_enc,cpu,4186.13,4191.39
27,906,normalize,cpu,4192.21,4195.98
27,906,g_a_cpu,cpu,4196,4196.66
27,906,g_a,dpu,4196.66,4291.28
27,906,g_a,dpu,4291.28,4376.57
27,906,g_a_cpu,cpu,4376.57,4377.23
27,906,eb_enc,cpu,4377.23,4382.65
28,24,normalize,cpu,99.0749,128.556
28,24,g_a_cpu,cpu,128.562,128.982
28,24,g_a,dpu,128.989,175.088
28,24,g_a,dpu,175.092,260.04
28,24,g_a_cpu,cpu,260.045,260.936
28,24,eb_enc,cpu,260.947,274.218
28,68,normalize,cpu,276.097,279.808
28,68,g_a_cpu,cpu,279.814,280.551
28,68,g_a,dpu,280.557,395.799
28,68,g_a,dpu,395.806,510.823
28,68,g_a_cpu,cpu,510.828,511.473
28,68,eb_enc,cpu,511.476,516.784
28,120,normalize,cpu,518.783,522.483
28,120,g_a_cpu,cpu,522.488,523.258
28,120,g_a,dpu,523.265,649.561
28,120,g_a,dpu,649.566,858.785
28,120,g_a_cpu,cpu,858.79,859.504
28,120,eb_enc,cpu,859.551,865.171
28,193,normalize,cpu,865.706,876.591
28,193,g_a_cpu,cpu,876.599,877.254
28,193,g_a,dpu,877.257,1075.89
28,193,g_a,dpu,1075.89,1178.61
28,193,g_a_cpu,cpu,1178.62,1179.26
28,193,eb_enc,cpu,1179.27,1197.37
28,263,normalize,cpu,1197.93,1201.6
28,263,g_a_cpu,cpu,1201.6,1202.22
28,263,g_a,dpu,1202.22,1291.27
28,263,g_a,dpu,1291.27,1414.9
28,263,g_a_cpu,cpu,1414.9,1415.47
28,263,eb_enc,cpu,1415.47,1420.7
28,312,normalize,cpu,1421.27,1425.85
28,312,g_a_cpu,cpu,1425.85,1426.29
28,312,g_a,dpu,1426.29,1637.41
28,312,g_a,dpu,1637.41,1642.82
28,312,g_a_cpu,cpu,1642.82,1643.3
28,312,eb_enc,cpu,1643.3,1649.21
28,362,normalize,cpu,1650.11,1654.91
28,362,g_a_cpu,cpu,1654.91,1655.47
28,362,g_a,dpu,1655.48,1781.21
28,362,g_a,dpu,1781.21,1786.46
28,362,g_a_cpu,cpu,1786.46,1787.26
28,362,eb_enc,cpu,1787.26,1792.56
28,394,normalize,cpu,1793.15,1796.81
28,394,g_a_cpu,cpu,1796.81,1797.49
28,394,g_a,dpu,1797.49,1913.71
28,394,g_a,dpu,1913.71,2041.8
28,394,g_a_cpu,cpu,2041.8,2042.29
28,394,eb_enc,cpu,2042.34,2047.81
28,447,normalize,cpu,2048.39,2052.1
28,447,g_a_cpu,cpu,2052.11,2052.61
28,447,g_a,dpu,2052.61,2141.73
28,447,g_a,dpu,2141.73,2349.07
28,447,g_a_cpu,cpu,2349.07,2349.53
28,447,eb_enc,cpu,2349.53,2354.75
28,512,normalize,cpu,2355.4,2359.17
28,512,g_a_cpu,cpu,2359.18,2359.76
28,512,g_a,dpu,2359.76,2591.38
28,512,g_a,dpu,2591.38,2905.12
28,512,g_a_cpu,cpu,2905.13,2905.7
28,512,eb_enc,cpu,2905.7,2911.55
28,629,normalize,cpu,2912.28,2917.44
28,629,g_a_cpu,cpu,2917.44,2917.92
28,629,g_a,dpu,2917.92,3016.19
28,629,g_a,dpu,3016.19,3133.17
28,629,g_a_cpu,cpu,3133.17,3133.55
28,629,eb_enc,cpu,3133.56,3138.7
28,675,normalize,cpu,3139.42,3143.14
28,675,g_a_cpu,cpu,3143.15,3143.66
28,675,g_a,dpu,3143.66,3264.7
28,675,g_a,dpu,3264.71,3376.78
28,675,g_a_cpu,cpu,3376.78,3377.44
28,675,eb_enc,cpu,3377.44,3382.92
28,730,normalize,cpu,3383.75,3387.48
28,730,g_a_cpu,cpu,3387.48,3399.05
28,730,g_a,dpu,3399.06,3404.56
28,730,g_a,dpu,3404.56,3498.45
28,730,g_a_cpu,cpu,3498.45,3498.97
28,730,eb_enc,cpu,3498.98,3504.44
28,752,normalize,cpu,3504.97,3508.75
28,752,g_a_cpu,cpu,3508.75,3509.24
28,752,g_a,dpu,3509.24,3603.42
28,752,g_a,dpu,3603.42,3699.52
28,752,g_a_cpu,cpu,3699.52,3700.16
28,752,eb_enc,cpu,3700.16,3705.43
28,797,normalize,cpu,3706.04,3709.94
28,797,g_a_cpu,cpu,3709.95,3712.32
28,797,g_a,dpu,3712.33,3815.21
28,797,g_a,dpu,3815.21,3821.14
28,797,g_a_cpu,cpu,3821.14,3821.74
28,797,eb_enc,cpu,3821.74,3827.97
28,825,normalize,cpu,3828.48,3832.77
28,825,g_a_cpu,cpu,3832.77,3833.21
28,825,g_a,dpu,3833.21,4048.23
28,825,g_a,dpu,4048.23,4053.57
28,825,g_a_cpu,cpu,4053.57,4054.33
28,825,eb_enc,cpu,4054.34,4061.32
28,876,normalize,cpu,4067.33,4082.84
28,876,g_a_cpu,cpu,4082.84,4084.04
28,876,g_a,dpu,4084.04,4195.25
28,876,g_a,dpu,4195.25,4290.52
28,876,g_a_cpu,cpu,4290.52,4290.94
28,876,eb_enc,cpu,4290.94,4296.08
29,21,normalize,cpu,95.1681,126.936
29,21,g_a_cpu,cpu,136.31,136.954
29,21,g_a,dpu,136.96,228.703
29,21,g_a,dpu,228.712,344.031
29,21,g_a_cpu,cpu,344.032,344.823
29,21,eb_enc,cpu,344.839,360.031
29,91,normalize,cpu,360.681,397.584
29,91,g_a_cpu,cpu,397.597,398.818
29,91,g_a,dpu,398.824,619.398
29,91,g_a,dpu,619.413,715.489
29,91,g_a_cpu,cpu,715.491,716.03
29,91,eb_enc,cpu,716.034,721.424
29,163,normalize,cpu,721.968,725.994
29,163,g_a_cpu,cpu,726.002,726.574
29,163,g_a,dpu,726.577,870.717
29,163,g_a,dpu,870.722,877.161
29,163,g_a_cpu,cpu,877.165,877.735
29,163,eb_enc,cpu,877.742,884.104
29,197,normalize,cpu,884.658,890.108
29,197,g_a_cpu,cpu,890.111,890.745
29,197,g_a,dpu,890.749,980.981
29,197,g_a,dpu,980.983,1281.95
29,197,g_a_cpu,cpu,1281.96,1282.8
29,197,eb_enc,cpu,1282.8,1288.8
29,286,normalize,cpu,1289.78,1294.33
29,286,g_a_cpu,cpu,1294.34,1295.06
29,286,g_a,dpu,1295.07,1520.57
29,286,g_a,dpu,1520.57,1529.29
29,286,g_a_cpu,cpu,1529.29,1529.88
29,286,eb_enc,cpu,1529.88,1535.21
29,338,normalize,cpu,1536.05,1539.84
29,338,g_a_cpu,cpu,1539.85,1540.56
29,338,g_a,dpu,1540.56,1779.2
29,338,g_a,dpu,1779.2,1891.92
29,338,g_a_cpu,cpu,1891.93,1892.52
29,338,eb_enc,cpu,1892.53,1897.57
29,415,normalize,cpu,1898.26,1901.95
29,415,g_a_cpu,cpu,1901.96,1902.62
29,415,g_a,dpu,1902.63,2016.77
29,415,g_a,dpu,2016.77,2137.16
29,415,g_a_cpu,cpu,2137.17,2137.74
29,415,eb_enc,cpu,2137.74,2147.39
29,468,normalize,cpu,2148.14,2152.62
29,468,g_a_cpu,cpu,2152.62,2153.29
29,468,g_a,dpu,2153.3,2275.46
29,468,g_a,dpu,2275.46,2378.22
29,468,g_a_cpu,cpu,2378.22,2378.65
29,468,eb_enc,cpu,2378.66,2384.01
29,518,normalize,cpu,2384.7,2399.7
29,518,g_a_cpu,cpu,2399.7,2400.41
29,518,g_a,dpu,2400.41,2525.09
29,518,g_a,dpu,2525.09,2964.53
29,518,g_a_cpu,cpu,2964.54,2964.92
29,518,eb_enc,cpu,2964.92,2969.88
29,644,normalize,cpu,2970.48,2974.15
29,644,g_a_cpu,cpu,2974.16,2974.73
29,644,g_a,dpu,2974.73,3094.55
29,644,g_a,dpu,3094.55,3204.35
29,644,g_a_cpu,cpu,3204.35,3204.83
29,644,eb_enc,cpu,3204.83,3209.92
29,691,normalize,cpu,3210.62,3214.35
29,691,g_a_cpu,cpu,3214.35,3214.8
29,691,g_a,dpu,3214.81,3318.04
29,691,g_a,dpu,3318.04,3326.83
29,691,g_a_cpu,cpu,3326.83,3327.42
29,691,eb_enc,cpu,3327.43,3332.65
29,719,normalize,cpu,3333.19,3337.12
29,719,g_a_cpu,cpu,3337.13,3337.65
29,719,g_a,dpu,3337.65,3444.2
29,719,g_a,dpu,3444.2,3583.56
29,719,g_a_cpu,cpu,3583.57,3584.3
29,719,eb_enc,cpu,3584.31,3590.66
29,773,normalize,cpu,3591.4,3596.04
29,773,g_a_cpu,cpu,3596.05,3596.49
29,773,g_a,dpu,3596.5,3710.61
29,773,g_a,dpu,3710.61,3810.63
29,773,g_a_cpu,cpu,3810.63,3811.1
29,773,eb_enc,cpu,3811.11,3816.54
29,823,normalize,cpu,3817.17,3821.44
29,823,g_a_cpu,cpu,3821.45,3822.05
29,823,g_a,dpu,3822.05,3930.44
29,823,g_a,dpu,3930.44,3936.08
29,823,g_a_cpu,cpu,3936.08,3936.69
29,823,eb_enc,cpu,3936.69,3941.91
29,850,normalize,cpu,3942.44,3946.21
29,850,g_a_cpu,cpu,3946.21,3946.83
29,850,g_a,dpu,3946.83,4051.19
29,850,g_a,dpu,4051.19,4056.63
29,850,g_a_cpu,cpu,4056.63,4057.27
29,850,eb_enc,cpu,4057.28,4062.5
29,878,normalize,cpu,4063.33,4067
29,878,g_a_cpu,cpu,4067.01,4067.61
29,878,g_a,dpu,4067.61,4170.58
29,878,g_a,dpu,4170.58,4280.88
29,878,g_a_cpu,cpu,4280.88,4281.41
29,878,eb_enc,cpu,4281.41,4286.39
29,927,normalize,cpu,4287.31,4294.24
29,927,g_a_cpu,cpu,4294.25,4294.75
29,927,g_a,dpu,4294.75,4435.4
29,927,g_a,dpu,4435.4,4442.69
29,927,g_a_cpu,cpu,4442.69,4443.05
29,927,eb_enc,cpu,4443.05,4447.84
30,44,normalize,cpu,126.148,129.922
30,44,g_a_cpu,cpu,129.951,134.927
30,44,g_a,dpu,134.936,219.512
30,44,g_a,dpu,219.52,225.118
30,44,g_a_cpu,cpu,225.123,225.731
30,44,eb_enc,cpu,225.744,232.667
30,58,normalize,cpu,270.495,274.115
30,58,g_a_cpu,cpu,274.119,276.255
30,58,g_a,dpu,276.262,354.533
30,58,g_a,dpu,354.539,359.839
30,58,g_a_cpu,cpu,359.84,360.446
30,58,eb_enc,cpu,360.449,366.123
30,92,normalize,cpu,366.85,392.17
30,92,g_a_cpu,cpu,392.174,394.074
30,92,g_a,dpu,394.082,478.253
30,92,g_a,dpu,478.254,570.759
30,92,g_a_cpu,cpu,570.761,571.266
30,92,eb_enc,cpu,571.28,576.496
30,130,normalize,cpu,577.249,581.048
30,130,g_a_cpu,cpu,581.052,581.498
30,130,g_a,dpu,581.502,708.915
30,130,g_a,dpu,708.916,714.512
30,130,g_a_cpu,cpu,714.515,715.305
30,130,eb_enc,cpu,715.309,720.934
30,162,normalize,cpu,721.488,726.352
30,162,g_a_cpu,cpu,726.355,727.002
30,162,g_a,dpu,727.005,834.564
30,162,g_a,dpu,834.566,839.915
30,162,g_a_cpu,cpu,839.917,840.311
30,162,eb_enc,cpu,840.314,846.092
30,187,normalize,cpu,846.885,851.689
30,187,g_a_cpu,cpu,851.703,852.294
30,187,g_a,dpu,852.3,941.48
30,187,g_a,dpu,941.506,1047.41
30,187,g_a_cpu,cpu,1047.41,1048.11
30,187,eb_enc,cpu,1048.11,1053.42
30,234,normalize,cpu,1053.96,1057.67
30,234,g_a_cpu,cpu,1057.67,1058.42
30,234,g_a,dpu,1058.42,1142.09
30,234,g_a,dpu,1142.09,1265.25
30,234,g_a_cpu,cpu,1265.25,1265.64
30,234,eb_enc,cpu,1265.64,1270.88
30,281,normalize,cpu,1271.52,1275.51
30,281,g_a_cpu,cpu,1275.51,1275.98
30,281,g_a,dpu,1275.99,1371.03
30,281,g_a,dpu,1371.03,1533.09
30,281,g_a_cpu,cpu,1533.1,1533.52
30,281,eb_enc,cpu,1533.52,1539.16
30,339,normalize,cpu,1540.24,1546.61
30,339,g_a_cpu,cpu,1546.61,1547.38
30,339,g_a,dpu,1547.39,1657.85
30,339,g_a,dpu,1657.85,1663.3
30,339,g_a_cpu,cpu,1663.3,1663.93
30,339,eb_enc,cpu,1663.93,1669.3
30,365,normalize,cpu,1670.07,1685.83
30,365,g_a_cpu,cpu,1685.84,1686.26
30,365,g_a,dpu,1686.26,1767.12
30,365,g_a,dpu,1767.12,1772.49
30,365,g_a_cpu,cpu,1772.49,1772.97
30,365,eb_enc,cpu,1772.97,1778.29
30,391,normalize,cpu,1778.8,1783.26
30,391,g_a_cpu,cpu,1783.27,1783.9
30,391,g_a,dpu,1783.9,1882.15
30,391,g_a,dpu,1882.15,1980.36
30,391,g_a_cpu,cpu,1980.36,1980.85
30,391,eb_enc,cpu,1980.86,1988.88
30,435,normalize,cpu,1989.57,1993.42
30,435,g_a_cpu,cpu,1993.43,1993.82
30,435,g_a,dpu,1993.82,2275.98
30,435,g_a,dpu,2275.98,2476.35
30,435,g_a_cpu,cpu,2476.35,2476.92
30,435,eb_enc,cpu,2476.93,2483.47
30,539,normalize,cpu,2484.1,2492.02
30,539,g_a_cpu,cpu,2492.02,2492.56
30,539,g_a,dpu,2492.56,2694.85
30,539,g_a,dpu,2694.85,2800.12
30,539,g_a_cpu,cpu,2800.12,2800.56
30,539,eb_enc,cpu,2800.57,2805.65
30,606,normalize,cpu,2806.38,2810.05
30,606,g_a_cpu,cpu,2810.05,2810.6
30,606,g_a,dpu,2810.61,2890.95
30,606,g_a,dpu,2890.95,3011.53
30,606,g_a_cpu,cpu,3011.53,3011.99
30,606,eb_enc,cpu,3012,3018.13
30,651,normalize,cpu,3018.91,3031.02
30,651,g_a_cpu,cpu,3031.02,3031.54
30,651,g_a,dpu,3031.55,3138.5
30,651,g_a,dpu,3138.5,3241.77
30,651,g_a_cpu,cpu,3241.77,3242.72
30,651,eb_enc,cpu,3242.72,3248.46
30,700,normalize,cpu,3249.38,3253.18
30,700,g_a_cpu,cpu,3253.19,3253.86
30,700,g_a,dpu,3253.86,3339.2
30,700,g_a,dpu,3339.21,3520.09
30,700,g_a_cpu,cpu,3520.1,3520.78
30,700,eb_enc,cpu,3520.79,3526.07
30,756,normalize,cpu,3536.66,3540.48
30,756,g_a_cpu,cpu,3540.49,3546.06
30,756,g_a,dpu,3546.06,3753.21
30,756,g_a,dpu,3753.21,3763.53
30,756,g_a_cpu,cpu,3763.53,3764.01
30,756,eb_enc,cpu,3764.01,3769.43
30,812,normalize,cpu,3770.13,3773.91
30,812,g_a_cpu,cpu,3773.91,3774.4
30,812,g_a,dpu,3774.4,3974.37
30,812,g_a,dpu,3974.37,4063.42
30,812,g_a_cpu,cpu,4063.43,4063.82
30,812,eb_enc,cpu,4063.82,4070.36
30,880,normalize,cpu,4071.02,4075.49
30,880,g_a_cpu,cpu,4075.5,4076.17
30,880,g_a,dpu,4076.18,4082.13
30,880,g_a,dpu,4082.13,4176.33
30,880,g_a_cpu,cpu,4176.33,4176.91
30,880,eb_enc,cpu,4176.91,4182.33
30,904,normalize,cpu,4183.08,4188.17
30,904,g_a_cpu,cpu,4188.18,4188.53
30,904,g_a,dpu,4188.54,4195.46
30,904,g_a,dpu,4195.46,4296.37
30,904,g_a_cpu,cpu,4296.37,4296.79
30,904,eb_enc,cpu,4296.8,4302.59
31,43,normalize,cpu,122.805,135.245
31,43,g_a_cpu,cpu,135.252,135.839
31,43,g_a,dpu,135.844,319.789
31,43,g_a,dpu,319.795,436.431
31,43,g_a_cpu,cpu,436.433,436.946
31,43,eb_enc,cpu,436.956,441.985
31,107,normalize,cpu,442.929,446.744
31,107,g_a_cpu,cpu,446.751,447.277
31,107,g_a,dpu,447.28,560.619
31,107,g_a,dpu,560.625,701.993
31,107,g_a_cpu,cpu,701.994,702.423
31,107,eb_enc,cpu,702.425,707.464
31,160,normalize,cpu,708.035,712.566
31,160,g_a_cpu,cpu,712.569,713.003
31,160,g_a,dpu,713.005,905.343
31,160,g_a,dpu,905.346,1013.42
31,160,g_a_cpu,cpu,1013.42,1013.9
31,160,eb_enc,cpu,1013.92,1018.98
31,227,normalize,cpu,1019.67,1026.06
31,227,g_a_cpu,cpu,1026.06,1026.54
31,227,g_a,dpu,1026.54,1148.76
31,227,g_a,dpu,1148.76,1154.52
31,227,g_a_cpu,cpu,1154.52,1155.15
31,227,eb_enc,cpu,1155.16,1160.88
31,255,normalize,cpu,1161.81,1165.68
31,255,g_a_cpu,cpu,1165.68,1166.19
31,255,g_a,dpu,1166.19,1248.19
31,255,g_a,dpu,1248.19,1260.66
31,255,g_a_cpu,cpu,1260.67,1261.2
31,255,eb_enc,cpu,1261.21,1267.36
31,280,normalize,cpu,1268.04,1271.85
31,280,g_a_cpu,cpu,1271.85,1272.27
31,280,g_a,dpu,1272.27,1601.12
31,280,g_a,dpu,1601.13,1718.62
31,280,g_a_cpu,cpu,1718.62,1719.18
31,280,eb_enc,cpu,1719.18,1724.61
31,378,normalize,cpu,1725.15,1730.44
31,378,g_a_cpu,cpu,1730.44,1730.85
31,378,g_a,dpu,1730.86,1831.19
31,378,g_a,dpu,1831.2,1934.68
31,378,g_a_cpu,cpu,1934.68,1935.2
31,378,eb_enc,cpu,1935.2,1941.14
31,425,normalize,cpu,1941.84,1950.35
31,425,g_a_cpu,cpu,1950.36,1950.84
31,425,g_a,dpu,1950.84,1966.76
31,425,g_a,dpu,1966.76,2074.24
31,425,g_a_cpu,cpu,2074.24,2074.66
31,425,eb_enc,cpu,2074.66,2079.64
31,453,normalize,cpu,2080.79,2084.63
31,453,g_a_cpu,cpu,2084.64,2088.2
31,453,g_a,dpu,2088.21,2199.09
31,453,g_a,dpu,2199.09,2204.5
31,453,g_a_cpu,cpu,2204.5,2205.06
31,453,eb_enc,cpu,2205.07,2210.13
31,482,normalize,cpu,2210.95,2214.61
31,482,g_a_cpu,cpu,2214.61,2215.11
31,482,g_a,dpu,2215.11,2437.81
31,482,g_a,dpu,2437.81,2559.6
31,482,g_a_cpu,cpu,2559.6,2560.16
31,482,eb_enc,cpu,2560.16,2566.46
31,556,normalize,cpu,2567.14,2571.11
31,556,g_a_cpu,cpu,2571.12,2571.81
31,556,g_a,dpu,2571.81,2671.37
31,556,g_a,dpu,2671.37,2681.23
31,556,g_a_cpu,cpu,2681.23,2681.97
31,556,eb_enc,cpu,2681.99,2687.49
31,580,normalize,cpu,2688.06,2691.78
31,580,g_a_cpu,cpu,2691.78,2692.43
31,580,g_a,dpu,2692.43,2799.99
31,580,g_a,dpu,2800,2807.56
31,580,g_a_cpu,cpu,2807.56,2808.2
31,580,eb_enc,cpu,2808.2,2813.3
31,609,normalize,cpu,2813.82,2817.65
31,609,g_a_cpu,cpu,2817.66,2818.41
31,609,g_a,dpu,2818.41,2913.8
31,609,g_a,dpu,2913.8,2919.34
31,609,g_a_cpu,cpu,2919.35,2920.03
31,609,eb_enc,cpu,2920.03,2925.49
31,634,normalize,cpu,2926.18,2929.94
31,634,g_a_cpu,cpu,2929.95,2930.71
31,634,g_a,dpu,2930.72,3028.95
31,634,g_a,dpu,3028.95,3253.01
31,634,g_a_cpu,cpu,3253.01,3253.63
31,634,eb_enc,cpu,3253.63,3258.89
31,702,normalize,cpu,3259.87,3263.54
31,702,g_a_cpu,cpu,3263.54,3264.24
31,702,g_a,dpu,3264.24,3371.37
31,702,g_a,dpu,3371.37,3567.05
31,702,g_a_cpu,cpu,3567.05,3567.48
31,702,eb_enc,cpu,3567.48,3572.82
31,768,normalize,cpu,3573.37,3577.05
31,768,g_a_cpu,cpu,3577.05,3577.63
31,768,g_a,dpu,3577.63,3680.72
31,768,g_a,dpu,3680.72,3871.87
31,768,g_a_cpu,cpu,3871.88,3872.47
31,768,eb_enc,cpu,3872.47,3878.83
31,835,normalize,cpu,3880.01,3893.91
31,835,g_a_cpu,cpu,3893.92,3894.36
31,835,g_a,dpu,3894.36,4012.64
31,835,g_a,dpu,4012.64,4119.56
31,835,g_a_cpu,cpu,4119.56,4120.11
31,835,eb_enc,cpu,4120.11,4125.45
31,891,normalize,cpu,4125.98,4129.64
31,891,g_a_cpu,cpu,4129.64,4130.07
31,891,g_a,dpu,4130.07,4310.56
31,891,g_a,dpu,4310.57,4395.99
31,891,g_a_cpu,cpu,4395.99,4396.43
31,891,eb_enc,cpu,4396.43,4401.81
32,45,normalize,cpu,130.958,134.72
32,45,g_a_cpu,cpu,136.706,137.646
32,45,g_a,dpu,137.656,222.658
32,45,g_a,dpu,222.664,333.9
32,45,g_a_cpu,cpu,333.904,334.457
32,45,eb_enc,cpu,334.468,343.017
32,84,normalize,cpu,345.086,368.539
32,84,g_a_cpu,cpu,368.543,368.947
32,84,g_a,dpu,368.95,456.351
32,84,g_a,dpu,456.364,588.017
32,84,g_a_cpu,cpu,588.018,588.726
32,84,eb_enc,cpu,588.728,594.137
32,133,normalize,cpu,594.735,598.398
32,133,g_a_cpu,cpu,598.402,599.105
32,133,g_a,dpu,599.107,696.427
32,133,g_a,dpu,696.429,803.545
32,133,g_a_cpu,cpu,803.547,804.118
32,133,eb_enc,cpu,804.13,809.236
32,179,normalize,cpu,809.771,814.723
32,179,g_a_cpu,cpu,814.73,815.628
32,179,g_a,dpu,815.633,943.815
32,179,g_a,dpu,943.82,1050.96
32,179,g_a_cpu,cpu,1050.96,1051.66
32,179,eb_enc,cpu,1051.66,1057.33
32,235,normalize,cpu,1058.42,1074.18
32,235,g_a_cpu,cpu,1074.18,1074.84
32,235,g_a,dpu,1074.86,1177.89
32,235,g_a,dpu,1177.89,1184.21
32,235,g_a_cpu,cpu,1184.21,1184.73
32,235,eb_enc,cpu,1184.73,1189.78
32,260,normalize,cpu,1190.28,1204.95
32,260,g_a_cpu,cpu,1204.95,1205.42
32,260,g_a,dpu,1205.42,1317.98
32,260,g_a,dpu,1317.99,1323.57
32,260,g_a_cpu,cpu,1323.57,1324.06
32,260,eb_enc,cpu,1324.06,1329.68
32,294,normalize,cpu,1330.33,1334.12
32,294,g_a_cpu,cpu,1334.13,1334.85
32,294,g_a,dpu,1334.86,1460.42
32,294,g_a,dpu,1460.42,1559.46
32,294,g_a_cpu,cpu,1559.46,1559.9
32,294,eb_enc,cpu,1559.9,1565.72
32,346,normalize,cpu,1566.27,1570.12
32,346,g_a_cpu,cpu,1570.12,1570.66
32,346,g_a,dpu,1570.66,1694.98
32,346,g_a,dpu,1694.98,1700.6
32,346,g_a_cpu,cpu,1700.6,1701.19
32,346,eb_enc,cpu,1701.19,1706.15
32,375,normalize,cpu,1707.83,1711.57
32,375,g_a_cpu,cpu,1711.57,1712.11
32,375,g_a,dpu,1712.12,1822.24
32,375,g_a,dpu,1822.24,1927.52
32,375,g_a_cpu,cpu,1927.53,1928
32,375,eb_enc,cpu,1928,1937.45
32,424,normalize,cpu,1937.88,1942.39
32,424,g_a_cpu,cpu,1942.39,1942.88
32,424,g_a,dpu,1942.88,2058.77
32,424,g_a,dpu,2058.78,2386.77
32,424,g_a_cpu,cpu,2386.77,2387.19
32,424,eb_enc,cpu,2387.2,2392.16
32,520,normalize,cpu,2392.76,2396.44
32,520,g_a_cpu,cpu,2396.45,2397.05
32,520,g_a,dpu,2397.06,2619.49
32,520,g_a,dpu,2619.5,2625.35
32,520,g_a_cpu,cpu,2625.35,2625.81
32,520,eb_enc,cpu,2625.82,2630.89
32,567,normalize,cpu,2631.5,2635.38
32,567,g_a_cpu,cpu,2635.38,2635.9
32,567,g_a,dpu,2635.91,2743.84
32,567,g_a,dpu,2743.84,2867.93
32,567,g_a_cpu,cpu,2867.93,2868.45
32,567,eb_enc,cpu,2868.46,2876.46
32,622,normalize,cpu,2876.96,2882.76
32,622,g_a_cpu,cpu,2882.77,2883.22
32,622,g_a,dpu,2883.22,3014.76
32,622,g_a,dpu,3014.77,3020.72
32,622,g_a_cpu,cpu,3020.72,3021.46
32,622,eb_enc,cpu,3021.46,3027.81
32,652,normalize,cpu,3028.64,3036.42
32,652,g_a_cpu,cpu,3036.43,3036.88
32,652,g_a,dpu,3036.88,3259.81
32,652,g_a,dpu,3259.82,3366.79
32,652,g_a_cpu,cpu,3366.79,3367.39
32,652,eb_enc,cpu,3367.39,3373.31
32,728,normalize,cpu,3374.02,3383.56
32,728,g_a_cpu,cpu,3383.57,3384.18
32,728,g_a,dpu,3384.19,3482.67
32,728,g_a,dpu,3482.67,3617.42
32,728,g_a_cpu,cpu,3617.42,3618.05
32,728,eb_enc,cpu,3618.05,3623.13
32,779,normalize,cpu,3623.66,3627.33
32,779,g_a_cpu,cpu,3627.34,3627.82
32,779,g_a,dpu,3627.82,3738.2
32,779,g_a,dpu,3738.2,4035.4
32,779,g_a_cpu,cpu,4035.4,4035.91
32,779,eb_enc,cpu,4035.91,4041.07
32,874,normalize,cpu,4041.64,4045.31
32,874,g_a_cpu,cpu,4045.31,4045.78
32,874,g_a,dpu,4045.79,4141.29
32,874,g_a,dpu,4141.3,4146.88
32,874,g_a_cpu,cpu,4146.88,4147.48
32,874,eb_enc,cpu,4147.48,4152.61
32,896,normalize,cpu,4153.29,4157.27
32,896,g_a_cpu,cpu,4157.28,4157.67
32,896,g_a,dpu,4157.67,4263.34
32,896,g_a,dpu,4263.35,4358.51
32,896,g_a_cpu,cpu,4358.51,4358.94
32,896,eb_enc,cpu,4358.95,4363.93
33,12,normalize,cpu,85.9045,119.055
33,12,g_a_cpu,cpu,137.233,137.994
33,12,g_a,dpu,138,327.397
33,12,g_a,dpu,327.403,415.79
33,12,g_a_cpu,cpu,415.792,416.367
33,12,eb_enc,cpu,416.379,423.355
33,103,normalize,cpu,423.907,429.925
33,103,g_a_cpu,cpu,429.928,430.663
33,103,g_a,dpu,430.667,522.945
33,103,g_a,dpu,522.972,636.786
33,103,g_a_cpu,cpu,636.788,637.278
33,103,eb_enc,cpu,637.282,650.803
33,148,normalize,cpu,651.901,661.1
33,148,g_a_cpu,cpu,661.104,661.671
33,148,g_a,dpu,661.675,764.999
33,148,g_a,dpu,765.002,873.314
33,148,g_a_cpu,cpu,873.319,874.08
33,148,eb_enc,cpu,874.112,879.626
33,195,normalize,cpu,885.989,889.662
33,195,g_a_cpu,cpu,889.665,890.079
33,195,g_a,dpu,890.086,970.941
33,195,g_a,dpu,970.943,1075.78
33,195,g_a_cpu,cpu,1075.79,1076.27
33,195,eb_enc,cpu,1076.28,1081.72
33,240,normalize,cpu,1082.87,1086.52
33,240,g_a_cpu,cpu,1086.52,1099.77
33,240,g_a,dpu,1099.78,1291.92
33,240,g_a,dpu,1291.92,1392.8
33,240,g_a_cpu,cpu,1392.8,1393.43
33,240,eb_enc,cpu,1393.43,1398.66
33,307,normalize,cpu,1399.64,1403.32
33,307,g_a_cpu,cpu,1403.33,1404
33,307,g_a,dpu,1404,1485.54
33,307,g_a,dpu,1485.55,1578.78
33,307,g_a_cpu,cpu,1578.78,1579.37
33,307,eb_enc,cpu,1579.37,1585.34
33,350,normalize,cpu,1585.9,1589.62
33,350,g_a_cpu,cpu,1589.63,1591.2
33,350,g_a,dpu,1591.2,1706.53
33,350,g_a,dpu,1706.53,1788.15
33,350,g_a_cpu,cpu,1788.15,1788.82
33,350,eb_enc,cpu,1788.83,1794.14
33,395,normalize,cpu,1794.72,1798.47
33,395,g_a_cpu,cpu,1798.47,1798.91
33,395,g_a,dpu,1798.92,1907.38
33,395,g_a,dpu,1907.38,2002.6
33,395,g_a_cpu,cpu,2002.6,2003.25
33,395,eb_enc,cpu,2003.25,2008.76
33,440,normalize,cpu,2009.52,2017.5
33,440,g_a_cpu,cpu,2017.5,2017.97
33,440,g_a,dpu,2017.97,2098.03
33,440,g_a,dpu,2098.04,2103.27
33,440,g_a_cpu,cpu,2103.27,2103.67
33,440,eb_enc,cpu,2103.67,2108.91
33,460,normalize,cpu,2109.66,2113.47
33,460,g_a_cpu,cpu,2113.47,2113.93
33,460,g_a,dpu,2113.93,2239.2
33,460,g_a,dpu,2239.2,2318.91
33,460,g_a_cpu,cpu,2318.91,2319.39
33,460,eb_enc,cpu,2319.4,2324.53
33,507,normalize,cpu,2326.29,2329.99
33,507,g_a_cpu,cpu,2329.99,2330.58
33,507,g_a,dpu,2330.58,2447.75
33,507,g_a,dpu,2447.75,2547.67
33,507,g_a_cpu,cpu,2547.67,2548.06
33,507,eb_enc,cpu,2548.07,2552.93
33,554,normalize,cpu,2553.42,2558.02
33,554,g_a_cpu,cpu,2558.02,2558.55
33,554,g_a,dpu,2558.55,2652.63
33,554,g_a,dpu,2652.63,2774.37
33,554,g_a_cpu,cpu,2774.38,2775.02
33,554,eb_enc,cpu,2775.02,2780.25
33,602,normalize,cpu,2780.76,2784.42
33,602,g_a_cpu,cpu,2784.42,2784.88
33,602,g_a,dpu,2784.89,2860.78
33,602,g_a,dpu,2860.79,2971.76
33,602,g_a_cpu,cpu,2971.77,2972.58
33,602,eb_enc,cpu,2972.58,2977.8
33,645,normalize,cpu,2978.36,2982.07
33,645,g_a_cpu,cpu,2982.08,2982.92
33,645,g_a,dpu,2982.93,3078.26
33,645,g_a,dpu,3078.27,3194.62
33,645,g_a_cpu,cpu,3194.62,3195.18
33,645,eb_enc,cpu,3195.18,3201.92
33,689,normalize,cpu,3202.5,3206.28
33,689,g_a_cpu,cpu,3206.28,3206.84
33,689,g_a,dpu,3206.85,3371.25
33,689,g_a,dpu,3371.25,3376.66
33,689,g_a_cpu,cpu,3376.66,3377.22
33,689,eb_enc,cpu,3377.23,3382.64
33,729,normalize,cpu,3383.75,3388.29
33,729,g_a_cpu,cpu,3388.3,3389.05
33,729,g_a,dpu,3389.05,3483.51
33,729,g_a,dpu,3483.51,3488.81
33,729,g_a_cpu,cpu,3488.81,3489.51
33,729,eb_enc,cpu,3489.52,3494.83
33,751,normalize,cpu,3495.29,3498.94
33,751,g_a_cpu,cpu,3498.94,3499.86
33,751,g_a,dpu,3499.87,3633.16
33,751,g_a,dpu,3633.16,3723.66
33,751,g_a_cpu,cpu,3723.66,3724.3
33,751,eb_enc,cpu,3724.31,3729.64
33,803,normalize,cpu,3730.59,3734.29
33,803,g_a_cpu,cpu,3734.33,3735.69
33,803,g_a,dpu,3735.7,3829.68
33,803,g_a,dpu,3829.68,4042.59
33,803,g_a_cpu,cpu,4042.59,4043.14
33,803,eb_enc,cpu,4043.14,4049.57
33,875,normalize,cpu,4050.14,4054.58
33,875,g_a_cpu,cpu,4054.58,4055.12
33,875,g_a,dpu,4055.12,4145.77
33,875,g_a,dpu,4145.77,4240.44
33,875,g_a_cpu,cpu,4240.44,4240.93
33,875,eb_enc,cpu,4240.93,4246.15
33,918,normalize,cpu,4247.29,4252.64
33,918,g_a_cpu,cpu,4252.64,4253.19
33,918,g_a,dpu,4253.19,4348.89
33,918,g_a,dpu,4348.89,4354.11
33,918,g_a_cpu,cpu,4354.11,4354.56
33,918,eb_enc,cpu,4354.56,4359.57
34,13,normalize,cpu,86.9735,128.701
34,13,g_a_cpu,cpu,128.717,129.21
34,13,g_a,dpu,129.214,221.782
34,13,g_a,dpu,221.791,330.074
34,13,g_a_cpu,cpu,330.075,330.594
34,13,eb_enc,cpu,330.605,335.933
34,82,normalize,cpu,336.464,340.199
34,82,g_a_cpu,cpu,340.205,340.763
34,82,g_a,dpu,340.768,357.315
34,82,g_a,dpu,357.325,479.484
34,82,g_a_cpu,cpu,479.488,480.064
34,82,eb_enc,cpu,480.066,485.381
34,114,normalize,cpu,485.952,494.901
34,114,g_a_cpu,cpu,494.906,495.856
34,114,g_a,dpu,495.862,724.952
34,114,g_a,dpu,724.955,816.484
34,114,g_a_cpu,cpu,816.485,816.989
34,114,eb_enc,cpu,817.007,822.78
34,183,normalize,cpu,823.73,827.524
34,183,g_a_cpu,cpu,827.528,828.019
34,183,g_a,dpu,828.024,916.064
34,183,g_a,dpu,916.065,921.713
34,183,g_a_cpu,cpu,921.714,922.119
34,183,eb_enc,cpu,922.122,927.142
34,206,normalize,cpu,927.946,931.601
34,206,g_a_cpu,cpu,931.605,932.029
34,206,g_a,dpu,932.031,1029.1
34,206,g_a,dpu,1029.1,1341.8
34,206,g_a_cpu,cpu,1341.81,1342.4
34,206,eb_enc,cpu,1342.4,1347.64
34,298,normalize,cpu,1348.43,1353.53
34,298,g_a_cpu,cpu,1353.54,1354.17
34,298,g_a,dpu,1354.18,1463.48
34,298,g_a,dpu,1463.49,1680.97
34,298,g_a_cpu,cpu,1680.98,1681.4
34,298,eb_enc,cpu,1681.4,1693.14
34,371,normalize,cpu,1693.71,1701.59
34,371,g_a_cpu,cpu,1701.6,1702.02
34,371,g_a,dpu,1702.03,1712.86
34,371,g_a,dpu,1712.86,1823.61
34,371,g_a_cpu,cpu,1823.61,1824.22
34,371,eb_enc,cpu,1824.22,1832.73
34,402,normalize,cpu,1833.66,1837.42
34,402,g_a_cpu,cpu,1837.42,1838.02
34,402,g_a,dpu,1838.02,2064.88
34,402,g_a,dpu,2064.89,2160.6
34,402,g_a_cpu,cpu,2160.61,2161.25
34,402,eb_enc,cpu,2161.26,2185.67
34,477,normalize,cpu,2186.45,2192.93
34,477,g_a_cpu,cpu,2192.94,2193.41
34,477,g_a,dpu,2193.41,2281.59
34,477,g_a,dpu,2281.59,2509.1
34,477,g_a_cpu,cpu,2509.1,2509.72
34,477,eb_enc,cpu,2509.72,2515.81
34,546,normalize,cpu,2516.37,2531.45
34,546,g_a_cpu,cpu,2531.45,2531.83
34,546,g_a,dpu,2531.83,2538.4
34,546,g_a,dpu,2538.4,2543.93
34,546,g_a_cpu,cpu,2543.93,2544.44
34,546,eb_enc,cpu,2544.45,2550.13
34,553,normalize,cpu,2550.74,2555.61
34,553,g_a_cpu,cpu,2555.62,2556.26
34,553,g_a,dpu,2556.26,2651.87
34,553,g_a,dpu,2651.87,2774.37
34,553,g_a_cpu,cpu,2774.37,2774.98
34,553,eb_enc,cpu,2775.01,2780.1
34,601,normalize,cpu,2780.76,2784.48
34,601,g_a_cpu,cpu,2784.48,2785.09
34,601,g_a,dpu,2785.09,2883.94
34,601,g_a,dpu,2883.94,2987.62
34,601,g_a_cpu,cpu,2987.63,2988.2
34,601,eb_enc,cpu,2988.21,2993.4
34,647,normalize,cpu,2994.19,2999.3
34,647,g_a_cpu,cpu,2999.3,2999.94
34,647,g_a,dpu,2999.95,3094.55
34,647,g_a,dpu,3094.55,3211.31
34,647,g_a_cpu,cpu,3211.32,3211.97
34,647,eb_enc,cpu,3211.98,3217.99
34,694,normalize,cpu,3218.72,3222.44
34,694,g_a_cpu,cpu,3222.45,3222.88
34,694,g_a,dpu,3222.88,3345.61
34,694,g_a,dpu,3345.62,3350.87
34,694,g_a_cpu,cpu,3350.87,3351.4
34,694,eb_enc,cpu,3351.4,3356.46
34,724,normalize,cpu,3357.09,3360.77
34,724,g_a_cpu,cpu,3360.77,3361.21
34,724,g_a,dpu,3361.21,3459.34
34,724,g_a,dpu,3459.35,3464.47
34,724,g_a_cpu,cpu,3464.48,3465.05
34,724,eb_enc,cpu,3465.05,3478.83
34,747,normalize,cpu,3479.61,3484.12
34,747,g_a_cpu,cpu,3484.13,3484.74
34,747,g_a,dpu,3484.75,3588.09
34,747,g_a,dpu,3588.09,3685.43
34,747,g_a_cpu,cpu,3685.43,3685.9
34,747,eb_enc,cpu,3685.9,3691.88
34,794,normalize,cpu,3692.73,3697.16
34,794,g_a_cpu,cpu,3697.16,3697.66
34,794,g_a,dpu,3697.66,3798.52
34,794,g_a,dpu,3798.52,3897
34,794,g_a_cpu,cpu,3897,3897.42
34,794,eb_enc,cpu,3897.43,3909.8
34,842,normalize,cpu,3910.26,3920.23
34,842,g_a_cpu,cpu,3920.24,3920.75
34,842,g_a,dpu,3920.75,4017.81
34,842,g_a,dpu,4017.82,4124.26
34,842,g_a_cpu,cpu,4124.26,4124.88
34,842,eb_enc,cpu,4124.88,4129.85
34,892,normalize,cpu,4130.6,4134.25
34,892,g_a_cpu,cpu,4134.25,4134.74
34,892,g_a,dpu,4134.74,4238.77
34,892,g_a,dpu,4238.77,4335.21
34,892,g_a_cpu,cpu,4335.21,4335.59
34,892,eb_enc,cpu,4335.6,4340.66
35,17,normalize,cpu,90.7399,132.079
35,17,g_a_cpu,cpu,132.085,132.542
35,17,g_a,dpu,132.548,205.226
35,17,g_a,dpu,205.244,298.536
35,17,g_a_cpu,cpu,298.539,299.183
35,17,eb_enc,cpu,299.202,305.312
35,77,normalize,cpu,305.989,309.669
35,77,g_a_cpu,cpu,309.674,310.286
35,77,g_a,dpu,310.288,445.439
35,77,g_a,dpu,445.445,567.621
35,77,g_a_cpu,cpu,567.622,568.33
35,77,eb_enc,cpu,568.332,573.723
35,129,normalize,cpu,574.457,578.111
35,129,g_a_cpu,cpu,578.115,578.564
35,129,g_a,dpu,578.566,685.621
35,129,g_a,dpu,685.623,933.225
35,129,g_a_cpu,cpu,933.227,933.767
35,129,eb_enc,cpu,933.781,939.187
35,207,normalize,cpu,939.821,943.738
35,207,g_a_cpu,cpu,943.745,944.276
35,207,g_a,dpu,944.279,1056.25
35,207,g_a,dpu,1056.26,1164.18
35,207,g_a_cpu,cpu,1164.18,1164.7
35,207,eb_enc,cpu,1164.7,1176.26
35,258,normalize,cpu,1176.86,1180.63
35,258,g_a_cpu,cpu,1180.64,1181.16
35,258,g_a,dpu,1181.17,1287.92
35,258,g_a,dpu,1287.92,1293.53
35,258,g_a_cpu,cpu,1293.54,1294.2
35,258,eb_enc,cpu,1294.21,1299.4
35,288,normalize,cpu,1300.09,1304.01
35,288,g_a_cpu,cpu,1304.04,1304.86
35,288,g_a,dpu,1304.88,1427.1
35,288,g_a,dpu,1427.11,1631.6
35,288,g_a_cpu,cpu,1631.6,1632.02
35,288,eb_enc,cpu,1632.02,1637.72
35,360,normalize,cpu,1638.59,1650.44
35,360,g_a_cpu,cpu,1650.45,1651.29
35,360,g_a,dpu,1651.29,1772.01
35,360,g_a,dpu,1772.01,1874.47
35,360,g_a_cpu,cpu,1874.48,1875.26
35,360,eb_enc,cpu,1875.27,1881.51
35,412,normalize,cpu,1882.66,1886.34
35,412,g_a_cpu,cpu,1886.34,1889.06
35,412,g_a,dpu,1889.07,2007.86
35,412,g_a,dpu,2007.86,2114.73
35,412,g_a_cpu,cpu,2114.74,2115.33
35,412,eb_enc,cpu,2115.34,2120.69
35,463,normalize,cpu,2121.48,2125.24
35,463,g_a_cpu,cpu,2125.25,2125.79
35,463,g_a,dpu,2125.79,2344.43
35,463,g_a,dpu,2344.43,2486.54
35,463,g_a_cpu,cpu,2486.54,2486.99
35,463,eb_enc,cpu,2486.99,2492.39
35,542,normalize,cpu,2493.08,2496.84
35,542,g_a_cpu,cpu,2496.84,2497.35
35,542,g_a,dpu,2497.35,2602.37
35,542,g_a,dpu,2602.37,2707.04
35,542,g_a_cpu,cpu,2707.05,2707.58
35,542,eb_enc,cpu,2707.59,2713.15
35,585,normalize,cpu,2713.98,2731.77
35,585,g_a_cpu,cpu,2731.77,2732.28
35,585,g_a,dpu,2732.28,2852.56
35,585,g_a,dpu,2852.56,2858.09
35,585,g_a_cpu,cpu,2858.09,2858.48
35,585,eb_enc,cpu,2858.49,2863.69
35,619,normalize,cpu,2864.36,2868.12
35,619,g_a_cpu,cpu,2868.13,2868.69
35,619,g_a,dpu,2868.7,3000.21
35,619,g_a,dpu,3000.21,3122.41
35,619,g_a_cpu,cpu,3122.41,3123.02
35,619,eb_enc,cpu,3123.02,3128.22
35,672,normalize,cpu,3129.26,3137.42
35,672,g_a_cpu,cpu,3137.42,3137.92
35,672,g_a,dpu,3137.92,3235.87
35,672,g_a,dpu,3235.87,3449.39
35,672,g_a_cpu,cpu,3449.39,3450.02
35,672,eb_enc,cpu,3450.03,3455.87
35,742,normalize,cpu,3456.99,3460.67
35,742,g_a_cpu,cpu,3460.67,3461.85
35,742,g_a,dpu,3461.87,3594.38
35,742,g_a,dpu,3594.39,3867.8
35,742,g_a_cpu,cpu,3867.8,3868.43
35,742,eb_enc,cpu,3868.43,3874.03
35,833,normalize,cpu,3874.84,3881.02
35,833,g_a_cpu,cpu,3881.02,3888.97
35,833,g_a,dpu,3888.98,4004.2
35,833,g_a,dpu,4004.2,4190.65
35,833,g_a_cpu,cpu,4190.65,4191.26
35,833,eb_enc,cpu,4191.26,4197.28
35,908,normalize,cpu,4197.97,4201.65
35,908,g_a_cpu,cpu,4201.65,4202.07
35,908,g_a,dpu,4202.08,4305.97
35,908,g_a,dpu,4305.97,4396.59
35,908,g_a_cpu,cpu,4396.6,4397.16
35,908,eb_enc,cpu,4397.16,4402.51
36,18,normalize,cpu,94.9968,134.827
36,18,g_a_cpu,cpu,134.846,135.331
36,18,g_a,dpu,135.336,183.845
36,18,g_a,dpu,183.852,288.088
36,18,g_a_cpu,cpu,288.092,288.596
36,18,eb_enc,cpu,288.605,296.494
36,75,normalize,cpu,297.514,301.237
36,75,g_a_cpu,cpu,301.242,311.174
36,75,g_a,dpu,311.182,395.663
36,75,g_a,dpu,395.676,488.265
36,75,g_a_cpu,cpu,488.269,488.848
36,75,eb_enc,cpu,488.851,494.086
36,117,normalize,cpu,495.572,500.226
36,117,g_a_cpu,cpu,500.234,500.938
36,117,g_a,dpu,500.942,611.593
36,117,g_a,dpu,611.595,616.824
36,117,g_a_cpu,cpu,616.827,617.257
36,117,eb_enc,cpu,617.263,623.868
36,142,normalize,cpu,625.258,631.848
36,142,g_a_cpu,cpu,631.854,632.446
36,142,g_a,dpu,632.45,734.979
36,142,g_a,dpu,734.981,1002.42
36,142,g_a_cpu,cpu,1002.42,1003.09
36,142,eb_enc,cpu,1003.09,1008.31
36,223,normalize,cpu,1009.1,1012.76
36,223,g_a_cpu,cpu,1012.76,1013.43
36,223,g_a,dpu,1013.43,1114.63
36,223,g_a,dpu,1114.64,1210.5
36,223,g_a_cpu,cpu,1210.5,1211.16
36,223,eb_enc,cpu,1211.16,1217.54
36,269,normalize,cpu,1218.17,1221.88
36,269,g_a_cpu,cpu,1221.88,1222.45
36,269,g_a,dpu,1222.46,1338.17
36,269,g_a,dpu,1338.18,1428.8
36,269,g_a_cpu,cpu,1428.81,1429.43
36,269,eb_enc,cpu,1429.44,1435.54
36,315,normalize,cpu,1436.1,1441.02
36,315,g_a_cpu,cpu,1441.03,1441.56
36,315,g_a,dpu,1441.57,1527.73
36,315,g_a,dpu,1527.73,1621.65
36,315,g_a_cpu,cpu,1621.65,1622.1
36,315,eb_enc,cpu,1622.1,1627.47
36,357,normalize,cpu,1628.34,1632.13
36,357,g_a_cpu,cpu,1632.13,1632.65
36,357,g_a,dpu,1632.65,1738.44
36,357,g_a,dpu,1738.44,1743.57
36,357,g_a_cpu,cpu,1743.57,1743.98
36,357,eb_enc,cpu,1743.98,1749.3
36,384,normalize,cpu,1749.94,1753.65
36,384,g_a_cpu,cpu,1753.66,1754.15
36,384,g_a,dpu,1754.15,1854.29
36,384,g_a,dpu,1854.29,1953.69
36,384,g_a_cpu,cpu,1953.69,1954.29
36,384,eb_enc,cpu,1954.32,1959.56
36,429,normalize,cpu,1960.24,1966.06
36,429,g_a_cpu,cpu,1966.06,1966.87
36,429,g_a,dpu,1966.87,2048.82
36,429,g_a,dpu,2048.82,2146.99
36,429,g_a_cpu,cpu,2146.99,2147.47
36,429,eb_enc,cpu,2147.48,2152.89
36,470,normalize,cpu,2153.84,2157.52
36,470,g_a_cpu,cpu,2157.52,2157.94
36,470,g_a,dpu,2157.95,2266.39
36,470,g_a,dpu,2266.4,2452.42
36,470,g_a_cpu,cpu,2452.43,2453.1
36,470,eb_enc,cpu,2453.12,2458.66
36,532,normalize,cpu,2459.36,2463.21
36,532,g_a_cpu,cpu,2463.21,2464.06
36,532,g_a,dpu,2464.06,2569.56
36,532,g_a,dpu,2569.57,2662.23
36,532,g_a_cpu,cpu,2662.23,2662.8
36,532,eb_enc,cpu,2662.81,2675.74
36,578,normalize,cpu,2676.67,2680.6
36,578,g_a_cpu,cpu,2680.61,2681.06
36,578,g_a,dpu,2681.06,2795.56
36,578,g_a,dpu,2795.56,2879.87
36,578,g_a_cpu,cpu,2879.87,2880.35
36,578,eb_enc,cpu,2880.35,2885.54
36,625,normalize,cpu,2886.18,2889.91
36,625,g_a_cpu,cpu,2889.92,2890.68
36,625,g_a,dpu,2890.68,3006.17
36,625,g_a,dpu,3006.17,3099.79
36,625,g_a_cpu,cpu,3099.79,3100.39
36,625,eb_enc,cpu,3100.39,3105.7
36,666,normalize,cpu,3106.25,3110.09
36,666,g_a_cpu,cpu,3110.1,3110.68
36,666,g_a,dpu,3110.68,3225.23
36,666,g_a,dpu,3225.23,3315.89
36,666,g_a_cpu,cpu,3315.9,3316.55
36,666,eb_enc,cpu,3316.56,3321.82
36,716,normalize,cpu,3322.39,3326.01
36,716,g_a_cpu,cpu,3326.01,3326.82
36,716,g_a,dpu,3326.82,3418.27
36,716,g_a,dpu,3418.27,3501.76
36,716,g_a_cpu,cpu,3501.76,3502.26
36,716,eb_enc,cpu,3502.27,3511.58
36,754,normalize,cpu,3512.31,3516.77
36,754,g_a_cpu,cpu,3516.77,3517.15
36,754,g_a,dpu,3517.15,3648.34
36,754,g_a,dpu,3648.34,3728.71
36,754,g_a_cpu,cpu,3728.71,3729.21
36,754,eb_enc,cpu,3729.21,3734.59
36,804,normalize,cpu,3735.4,3739.13
36,804,g_a_cpu,cpu,3739.14,3739.73
36,804,g_a,dpu,3739.74,3834.89
36,804,g_a,dpu,3834.89,3956.42
36,804,g_a_cpu,cpu,3956.42,3956.98
36,804,eb_enc,cpu,3956.98,3963.37
36,855,normalize,cpu,3964.12,3967.81
36,855,g_a_cpu,cpu,3967.82,3968.44
36,855,g_a,dpu,3968.44,4140.68
36,855,g_a,dpu,4140.69,4326.08
36,855,g_a_cpu,cpu,4326.08,4326.74
36,855,eb_enc,cpu,4326.74,4335.11
37,23,normalize,cpu,99.0734,124.912
37,23,g_a_cpu,cpu,124.983,125.387
37,23,g_a,dpu,125.39,232.172
37,23,g_a,dpu,232.178,239.444
37,23,g_a_cpu,cpu,239.448,240.044
37,23,eb_enc,cpu,240.06,251.719
37,70,normalize,cpu,281.288,319.212
37,70,g_a_cpu,cpu,319.219,319.741
37,70,g_a,dpu,319.753,447.852
37,70,g_a,dpu,447.858,565.929
37,70,g_a_cpu,cpu,565.931,566.878
37,70,eb_enc,cpu,566.883,579.374
37,132,normalize,cpu,580.161,583.97
37,132,g_a_cpu,cpu,583.979,585.006
37,132,g_a,dpu,585.012,708.995
37,132,g_a,dpu,708.997,714.629
37,132,g_a_cpu,cpu,714.631,715.329
37,132,eb_enc,cpu,715.344,721.709
37,164,normalize,cpu,722.206,726.644
37,164,g_a_cpu,cpu,726.646,727.256
37,164,g_a,dpu,727.258,821.796
37,164,g_a,dpu,821.798,910.534
37,164,g_a_cpu,cpu,910.538,911.068
37,164,eb_enc,cpu,911.07,916.152
37,203,normalize,cpu,916.961,920.804
37,203,g_a_cpu,cpu,920.808,921.339
37,203,g_a,dpu,921.341,1024.19
37,203,g_a,dpu,1024.19,1142.25
37,203,g_a_cpu,cpu,1142.26,1142.81
37,203,eb_enc,cpu,1142.81,1148.3
37,251,normalize,cpu,1148.95,1172.78
37,251,g_a_cpu,cpu,1172.79,1182.55
37,251,g_a,dpu,1182.55,1273.06
37,251,g_a,dpu,1273.07,1483.19
37,251,g_a_cpu,cpu,1483.19,1483.62
37,251,eb_enc,cpu,1483.62,1488.88
37,327,normalize,cpu,1489.64,1493.41
37,327,g_a_cpu,cpu,1493.41,1504.12
37,327,g_a,dpu,1504.12,1617.74
37,327,g_a,dpu,1617.74,1622.94
37,327,g_a_cpu,cpu,1622.94,1623.46
37,327,eb_enc,cpu,1623.46,1628.92
37,358,normalize,cpu,1629.53,1634.12
37,358,g_a_cpu,cpu,1634.13,1634.66
37,358,g_a,dpu,1634.66,1859.6
37,358,g_a,dpu,1859.61,1864.81
37,358,g_a_cpu,cpu,1864.81,1865.46
37,358,eb_enc,cpu,1865.47,1871.53
37,411,normalize,cpu,1872.48,1877.51
37,411,g_a_cpu,cpu,1877.52,1878.4
37,411,g_a,dpu,1878.41,2084.98
37,411,g_a,dpu,2084.98,2193.84
37,411,g_a_cpu,cpu,2193.84,2194.34
37,411,eb_enc,cpu,2194.35,2199.33
37,481,normalize,cpu,2199.86,2203.54
37,481,g_a_cpu,cpu,2203.54,2204.06
37,481,g_a,dpu,2204.07,2305.64
37,481,g_a,dpu,2305.64,2311.07
37,481,g_a_cpu,cpu,2311.08,2311.61
37,481,eb_enc,cpu,2311.62,2317.24
37,506,normalize,cpu,2318.15,2323.68
37,506,g_a_cpu,cpu,2323.68,2324.09
37,506,g_a,dpu,2324.09,2329.48
37,506,g_a,dpu,2329.48,2457.05
37,506,g_a_cpu,cpu,2457.05,2457.5
37,506,eb_enc,cpu,2457.51,2462.75
37,533,normalize,cpu,2463.91,2467.67
37,533,g_a_cpu,cpu,2467.68,2468.13
37,533,g_a,dpu,2468.14,2581.54
37,533,g_a,dpu,2581.54,2872
37,533,g_a_cpu,cpu,2872,2872.39
37,533,eb_enc,cpu,2872.39,2877.6
37,623,normalize,cpu,2878.25,2881.96
37,623,g_a_cpu,cpu,2881.96,2882.43
37,623,g_a,dpu,2882.43,2982.66
37,623,g_a,dpu,2982.67,3083.79
37,623,g_a_cpu,cpu,3083.79,3084.29
37,623,eb_enc,cpu,3084.29,3089.46
37,663,normalize,cpu,3089.99,3093.78
37,663,g_a_cpu,cpu,3093.79,3094.16
37,663,g_a,dpu,3094.16,3331.11
37,663,g_a,dpu,3331.11,3427.66
37,663,g_a_cpu,cpu,3427.66,3428.01
37,663,eb_enc,cpu,3428.01,3433.23
37,737,normalize,cpu,3433.91,3437.6
37,737,g_a_cpu,cpu,3437.61,3438.13
37,737,g_a,dpu,3438.13,3541.28
37,737,g_a,dpu,3541.29,3547.02
37,737,g_a_cpu,cpu,3547.02,3547.8
37,737,eb_enc,cpu,3547.8,3553.15
37,763,normalize,cpu,3553.85,3561.21
37,763,g_a_cpu,cpu,3561.22,3561.61
37,763,g_a,dpu,3561.62,3664.09
37,763,g_a,dpu,3664.09,3669.3
37,763,g_a_cpu,cpu,3669.3,3669.68
37,763,eb_enc,cpu,3669.68,3674.85
37,791,normalize,cpu,3675.54,3679.35
37,791,g_a_cpu,cpu,3679.36,3679.96
37,791,g_a,dpu,3679.96,3774.75
37,791,g_a,dpu,3774.75,3784.16
37,791,g_a_cpu,cpu,3784.16,3784.66
37,791,eb_enc,cpu,3784.66,3789.75
37,818,normalize,cpu,3790.57,3794.41
37,818,g_a_cpu,cpu,3794.42,3794.91
37,818,g_a,dpu,3794.91,3892.18
37,818,g_a,dpu,3892.18,3995.07
37,818,g_a_cpu,cpu,3995.07,3995.51
37,818,eb_enc,cpu,3995.51,4001
37,866,normalize,cpu,4001.59,4006.22
37,866,g_a_cpu,cpu,4006.22,4006.7
37,866,g_a,dpu,4006.7,4097.7
37,866,g_a,dpu,4097.7,4105.18
37,866,g_a_cpu,cpu,4105.18,4105.6
37,866,eb_enc,cpu,4105.61,4110.63
37,887,normalize,cpu,4111.15,4115.06
37,887,g_a_cpu,cpu,4115.06,4115.95
37,887,g_a,dpu,4115.96,4219.35
37,887,g_a,dpu,4219.35,4224.75
37,887,g_a_cpu,cpu,4224.75,4225.2
37,887,eb_enc,cpu,4225.2,4230.26
37,914,normalize,cpu,4231.36,4235.08
37,914,g_a_cpu,cpu,4235.09,4235.82
37,914,g_a,dpu,4235.82,4407.93
37,914,g_a,dpu,4407.93,4436.4
37,914,g_a_cpu,cpu,4436.4,4436.77
37,914,eb_enc,cpu,4436.77,4442.49
38,27,normalize,cpu,103.05,131.254
38,27,g_a_cpu,cpu,131.276,131.698
38,27,g_a,dpu,131.703,170.43
38,27,g_a,dpu,170.441,253.713
38,27,g_a_cpu,cpu,253.715,254.179
38,27,eb_enc,cpu,254.193,267.773
38,65,normalize,cpu,268.416,304.672
38,65,g_a_cpu,cpu,304.677,305.226
38,65,g_a,dpu,305.228,391.602
38,65,g_a,dpu,391.618,398.598
38,65,g_a_cpu,cpu,398.601,399.545
38,65,eb_enc,cpu,399.549,404.787
38,99,normalize,cpu,405.666,427.516
38,99,g_a_cpu,cpu,427.523,428.571
38,99,g_a,dpu,428.574,556.479
38,99,g_a,dpu,556.481,672.238
38,99,g_a_cpu,cpu,672.239,672.641
38,99,eb_enc,cpu,672.651,677.905
38,154,normalize,cpu,678.534,682.249
38,154,g_a_cpu,cpu,682.252,682.75
38,154,g_a,dpu,682.753,784.18
38,154,g_a,dpu,784.181,792.119
38,154,g_a_cpu,cpu,792.122,792.494
38,154,eb_enc,cpu,792.496,797.331
38,178,normalize,cpu,797.8,801.541
38,178,g_a_cpu,cpu,801.547,802.113
38,178,g_a,dpu,802.116,938.672
38,178,g_a,dpu,938.674,1143.71
38,178,g_a_cpu,cpu,1143.71,1144.49
38,178,eb_enc,cpu,1144.49,1149.69
38,252,normalize,cpu,1150.78,1156.3
38,252,g_a_cpu,cpu,1156.31,1156.92
38,252,g_a,dpu,1156.92,1172.67
38,252,g_a,dpu,1172.69,1270.57
38,252,g_a_cpu,cpu,1270.57,1270.95
38,252,eb_enc,cpu,1270.95,1276.29
38,283,normalize,cpu,1276.95,1280.63
38,283,g_a_cpu,cpu,1280.64,1281.14
38,283,g_a,dpu,1281.14,1404.81
38,283,g_a,dpu,1404.81,1509.91
38,283,g_a_cpu,cpu,1509.91,1510.7
38,283,eb_enc,cpu,1510.7,1515.61
38,334,normalize,cpu,1516.19,1531.42
38,334,g_a_cpu,cpu,1531.42,1532.17
38,334,g_a,dpu,1532.18,1646.89
38,334,g_a,dpu,1646.89,1765.38
38,334,g_a_cpu,cpu,1765.39,1765.77
38,334,eb_enc,cpu,1765.78,1770.75
38,389,normalize,cpu,1771.54,1775.32
38,389,g_a_cpu,cpu,1775.32,1775.87
38,389,g_a,dpu,1775.87,1880.26
38,389,g_a,dpu,1880.27,1989.41
38,389,g_a_cpu,cpu,1989.41,1989.92
38,389,eb_enc,cpu,1989.92,1994.88
38,437,normalize,cpu,1995.59,1999.29
38,437,g_a_cpu,cpu,1999.3,1999.7
38,437,g_a,dpu,1999.7,2106.8
38,437,g_a,dpu,2106.8,2239.2
38,437,g_a_cpu,cpu,2239.2,2239.73
38,437,eb_enc,cpu,2239.74,2244.83
38,490,normalize,cpu,2245.49,2249.18
38,490,g_a_cpu,cpu,2249.18,2249.67
38,490,g_a,dpu,2249.67,2351.42
38,490,g_a,dpu,2351.42,2360.43
38,490,g_a_cpu,cpu,2360.44,2361.04
38,490,eb_enc,cpu,2361.05,2365.93
38,514,normalize,cpu,2366.67,2371.19
38,514,g_a_cpu,cpu,2371.26,2371.89
38,514,g_a,dpu,2371.89,2505.25
38,514,g_a,dpu,2505.25,2607.93
38,514,g_a_cpu,cpu,2607.93,2608.41
38,514,eb_enc,cpu,2608.41,2613.53
38,564,normalize,cpu,2614.38,2618.07
38,564,g_a_cpu,cpu,2618.07,2618.71
38,564,g_a,dpu,2618.72,2725.39
38,564,g_a,dpu,2725.39,2735.69
38,564,g_a_cpu,cpu,2735.7,2736.23
38,564,eb_enc,cpu,2736.23,2741.62
38,593,normalize,cpu,2742.44,2748.61
38,593,g_a_cpu,cpu,2748.62,2749.1
38,593,g_a,dpu,2749.1,2874.46
38,593,g_a,dpu,2874.46,3006.97
38,593,g_a_cpu,cpu,3006.97,3007.57
38,593,eb_enc,cpu,3007.57,3012.58
38,650,normalize,cpu,3013.05,3016.76
38,650,g_a_cpu,cpu,3016.76,3017.29
38,650,g_a,dpu,3017.29,3133.94
38,650,g_a,dpu,3133.94,3139.64
38,650,g_a_cpu,cpu,3139.64,3140.09
38,650,eb_enc,cpu,3140.09,3145.3
38,676,normalize,cpu,3145.8,3150.27
38,676,g_a_cpu,cpu,3150.27,3150.73
38,676,g_a,dpu,3150.74,3159.86
38,676,g_a,dpu,3159.86,3265.87
38,676,g_a_cpu,cpu,3265.87,3266.55
38,676,eb_enc,cpu,3266.56,3272.35
38,704,normalize,cpu,3273.09,3299.04
38,704,g_a_cpu,cpu,3299.05,3299.66
38,704,g_a,dpu,3299.66,3405.31
38,704,g_a,dpu,3405.31,3514.65
38,704,g_a_cpu,cpu,3514.65,3515.12
38,704,eb_enc,cpu,3515.12,3528.99
38,757,normalize,cpu,3529.52,3553.73
38,757,g_a_cpu,cpu,3553.74,3554.28
38,757,g_a,dpu,3554.29,3566.27
38,757,g_a,dpu,3566.27,3768.65
38,757,g_a_cpu,cpu,3768.65,3769.19
38,757,eb_enc,cpu,3769.2,3776.45
38,814,normalize,cpu,3777.05,3781.64
38,814,g_a_cpu,cpu,3781.64,3782.07
38,814,g_a,dpu,3782.07,3873.14
38,814,g_a,dpu,3873.15,3983.26
38,814,g_a_cpu,cpu,3983.26,3983.79
38,814,eb_enc,cpu,3983.8,3988.82
38,863,normalize,cpu,3989.51,3993.24
38,863,g_a_cpu,cpu,3993.24,3993.67
38,863,g_a,dpu,3993.67,4084.74
38,863,g_a,dpu,4084.75,4090.03
38,863,g_a_cpu,cpu,4090.03,4090.44
38,863,eb_enc,cpu,4090.44,4095.73
38,884,normalize,cpu,4096.28,4100.78
38,884,g_a_cpu,cpu,4100.79,4101.27
38,884,g_a,dpu,4101.27,4311.33
38,884,g_a,dpu,4311.33,4402.36
38,884,g_a_cpu,cpu,4402.36,4402.87
38,884,eb_enc,cpu,4402.88,4408.32
39,40,normalize,cpu,118.988,134.379
39,40,g_a_cpu,cpu,136.271,136.898
39,40,g_a,dpu,136.907,203.362
39,40,g_a,dpu,203.366,307.229
39,40,g_a_cpu,cpu,307.234,307.865
39,40,eb_enc,cpu,307.889,313.495
39,79,normalize,cpu,314.372,318.038
39,79,g_a_cpu,cpu,318.042,323.359
39,79,g_a,dpu,323.364,497.837
39,79,g_a,dpu,497.843,601.893
39,79,g_a_cpu,cpu,601.896,602.533
39,79,eb_enc,cpu,602.538,607.9
39,137,normalize,cpu,608.48,624.833
39,137,g_a_cpu,cpu,624.847,625.662
39,137,g_a,dpu,625.672,724.295
39,137,g_a,dpu,724.297,829.877
39,137,g_a_cpu,cpu,829.88,830.378
39,137,eb_enc,cpu,830.4,835.417
39,185,normalize,cpu,836.211,840.717
39,185,g_a_cpu,cpu,840.722,841.162
39,185,g_a,dpu,841.165,936.841
39,185,g_a,dpu,936.845,1217.08
39,185,g_a_cpu,cpu,1217.08,1217.5
39,185,eb_enc,cpu,1217.5,1224.46
39,270,normalize,cpu,1225.05,1236.14
39,270,g_a_cpu,cpu,1236.15,1236.97
39,270,g_a,dpu,1236.97,1247.58
39,270,g_a,dpu,1247.58,1357.56
39,270,g_a_cpu,cpu,1357.57,1358.11
39,270,eb_enc,cpu,1358.11,1363.44
39,302,normalize,cpu,1363.94,1369.15
39,302,g_a_cpu,cpu,1369.16,1369.82
39,302,g_a,dpu,1369.83,1453.84
39,302,g_a,dpu,1453.85,1459.37
39,302,g_a_cpu,cpu,1459.38,1459.91
39,302,eb_enc,cpu,1459.91,1465.07
39,322,normalize,cpu,1465.71,1469.43
39,322,g_a_cpu,cpu,1469.43,1469.98
39,322,g_a,dpu,1469.98,1475.52
39,322,g_a,dpu,1475.52,1480.7
39,322,g_a_cpu,cpu,1480.7,1481.34
39,322,eb_enc,cpu,1481.34,1486.69
39,326,normalize,cpu,1487.4,1491.15
39,326,g_a_cpu,cpu,1491.15,1491.66
39,326,g_a,dpu,1491.67,1587.24
39,326,g_a,dpu,1587.24,1592.64
39,326,g_a_cpu,cpu,1592.64,1593.16
39,326,eb_enc,cpu,1593.16,1598.25
39,353,normalize,cpu,1598.77,1602.62
39,353,g_a_cpu,cpu,1602.63,1603.54
39,353,g_a,dpu,1603.54,1712.28
39,353,g_a,dpu,1712.28,1811.61
39,353,g_a_cpu,cpu,1811.61,1812.03
39,353,eb_enc,cpu,1812.03,1816.93
39,399,normalize,cpu,1817.81,1821.56
39,399,g_a_cpu,cpu,1821.57,1821.99
39,399,g_a,dpu,1822,1922.57
39,399,g_a,dpu,1922.58,1930.6
39,399,g_a_cpu,cpu,1930.6,1931.11
39,399,eb_enc,cpu,1931.11,1937.05
39,423,normalize,cpu,1937.65,1941.54
39,423,g_a_cpu,cpu,1941.54,1942.05
39,423,g_a,dpu,1942.05,2032.33
39,423,g_a,dpu,2032.33,2116.49
39,423,g_a_cpu,cpu,2116.49,2117.12
39,423,eb_enc,cpu,2117.15,2126.8
39,465,normalize,cpu,2127.6,2131.5
39,465,g_a_cpu,cpu,2131.51,2132.37
39,465,g_a,dpu,2132.37,2250.23
39,465,g_a,dpu,2250.23,2255.58
39,465,g_a_cpu,cpu,2255.58,2256.16
39,465,eb_enc,cpu,2256.16,2270.07
39,497,normalize,cpu,2270.87,2274.65
39,497,g_a_cpu,cpu,2274.65,2275.06
39,497,g_a,dpu,2275.06,2360.98
39,497,g_a,dpu,2360.98,2366.2
39,497,g_a_cpu,cpu,2366.2,2366.71
39,497,eb_enc,cpu,2366.71,2372.09
39,516,normalize,cpu,2373.05,2376.72
39,516,g_a_cpu,cpu,2376.72,2377.45
39,516,g_a,dpu,2377.46,2489.48
39,516,g_a,dpu,2489.48,2504.62
39,516,g_a_cpu,cpu,2504.62,2505.1
39,516,eb_enc,cpu,2505.11,2510.17
39,545,normalize,cpu,2510.9,2514.6
39,545,g_a_cpu,cpu,2514.61,2515.23
39,545,g_a,dpu,2515.23,2600.44
39,545,g_a,dpu,2600.44,2817.1
39,545,g_a_cpu,cpu,2817.1,2817.67
39,545,eb_enc,cpu,2817.68,2822.77
39,610,normalize,cpu,2823.52,2827.23
39,610,g_a_cpu,cpu,2827.23,2827.83
39,610,g_a,dpu,2827.83,2835.83
39,610,g_a,dpu,2835.84,2841.15
39,610,g_a_cpu,cpu,2841.15,2841.75
39,610,eb_enc,cpu,2841.76,2848.38
39,616,normalize,cpu,2849.18,2853.03
39,616,g_a_cpu,cpu,2853.03,2853.59
39,616,g_a,dpu,2853.59,2955.42
39,616,g_a,dpu,2955.43,2960.59
39,616,g_a_cpu,cpu,2960.59,2961.15
39,616,eb_enc,cpu,2961.15,2966.21
39,643,normalize,cpu,2966.75,2970.57
39,643,g_a_cpu,cpu,2970.57,2970.97
39,643,g_a,dpu,2970.97,3073.62
39,643,g_a,dpu,3073.62,3286.34
39,643,g_a_cpu,cpu,3286.34,3286.86
39,643,eb_enc,cpu,3286.86,3292.09
39,710,normalize,cpu,3292.94,3297.27
39,710,g_a_cpu,cpu,3297.28,3297.78
39,710,g_a,dpu,3297.78,3465.99
39,710,g_a,dpu,3465.99,3583.43
39,710,g_a_cpu,cpu,3583.43,3584.1
39,710,eb_enc,cpu,3584.1,3589.27
39,772,normalize,cpu,3596.07,3599.75
39,772,g_a_cpu,cpu,3599.76,3600.25
39,772,g_a,dpu,3600.25,3696.33
39,772,g_a,dpu,3696.33,3701.59
39,772,g_a_cpu,cpu,3701.59,3702
39,772,eb_enc,cpu,3702.01,3707.39
39,798,normalize,cpu,3708.01,3711.69
39,798,g_a_cpu,cpu,3711.7,3712.59
39,798,g_a,dpu,3712.6,3800.46
39,798,g_a,dpu,3800.46,3900.85
39,798,g_a_cpu,cpu,3900.85,3901.34
39,798,eb_enc,cpu,3901.34,3906.33
39,841,normalize,cpu,3906.82,3910.56
39,841,g_a_cpu,cpu,3910.57,3910.92
39,841,g_a,dpu,3910.92,4017.86
39,841,g_a,dpu,4017.88,4111.04
39,841,g_a_cpu,cpu,4111.04,4111.44
39,841,eb_enc,cpu,4111.44,4117.04
39,890,normalize,cpu,4117.59,4121.38
39,890,g_a_cpu,cpu,4121.39,4122.07
39,890,g_a,dpu,4122.07,4224.33
39,890,g_a,dpu,4224.33,4229.4
39,890,g_a_cpu,cpu,4229.4,4229.96
39,890,eb_enc,cpu,4229.97,4237.93
39,916,normalize,cpu,4238.51,4242.22
39,916,g_a_cpu,cpu,4242.22,4242.7
39,916,g_a,dpu,4242.7,4251.09
39,916,g_a,dpu,4251.09,4343.37
39,916,g_a_cpu,cpu,4343.37,4343.72
39,916,eb_enc,cpu,4343.72,4348.88
40,33,normalize,cpu,107.06,123.535
40,33,g_a_cpu,cpu,123.606,124.021
40,33,g_a,dpu,124.026,203.232
40,33,g_a,dpu,203.238,208.915
40,33,g_a_cpu,cpu,208.917,209.535
40,33,eb_enc,cpu,209.55,218.562
40,67,normalize,cpu,293.305,314.383
40,67,g_a_cpu,cpu,314.386,315.05
40,67,g_a,dpu,315.052,431.444
40,67,g_a,dpu,431.45,543.29
40,67,g_a_cpu,cpu,543.291,543.728
40,67,eb_enc,cpu,543.73,548.696
40,126,normalize,cpu,549.288,554.027
40,126,g_a_cpu,cpu,554.033,554.768
40,126,g_a,dpu,554.772,687.121
40,126,g_a,dpu,687.123,788.011
40,126,g_a_cpu,cpu,788.013,788.442
40,126,eb_enc,cpu,788.451,793.402
40,176,normalize,cpu,794.03,797.883
40,176,g_a_cpu,cpu,797.887,798.458
40,176,g_a,dpu,798.462,899.68
40,176,g_a,dpu,899.684,1007.13
40,176,g_a_cpu,cpu,1007.13,1007.53
40,176,eb_enc,cpu,1007.53,1015.77
40,225,normalize,cpu,1016.39,1020.86
40,225,g_a_cpu,cpu,1020.87,1021.63
40,225,g_a,dpu,1021.63,1310.61
40,225,g_a,dpu,1310.62,1316.38
40,225,g_a_cpu,cpu,1316.38,1316.97
40,225,eb_enc,cpu,1316.97,1322.07
40,293,normalize,cpu,1323.64,1327.36
40,293,g_a_cpu,cpu,1327.36,1327.91
40,293,g_a,dpu,1327.92,1436.93
40,293,g_a,dpu,1436.94,1552.82
40,293,g_a_cpu,cpu,1552.83,1553.33
40,293,eb_enc,cpu,1553.33,1558.55
40,345,normalize,cpu,1559.34,1563.02
40,345,g_a_cpu,cpu,1563.03,1564.82
40,345,g_a,dpu,1564.83,1691.7
40,345,g_a,dpu,1691.71,1697.26
40,345,g_a_cpu,cpu,1697.26,1697.74
40,345,eb_enc,cpu,1697.75,1702.98
40,374,normalize,cpu,1703.42,1709.69
40,374,g_a_cpu,cpu,1709.69,1710.15
40,374,g_a,dpu,1710.15,1919.01
40,374,g_a,dpu,1919.01,1924.2
40,374,g_a_cpu,cpu,1924.21,1924.63
40,374,eb_enc,cpu,1924.64,1929.79
40,422,normalize,cpu,1930.35,1934.08
40,422,g_a_cpu,cpu,1934.08,1934.56
40,422,g_a,dpu,1934.57,2059.55
40,422,g_a,dpu,2059.55,2155.54
40,422,g_a_cpu,cpu,2155.54,2156.28
40,422,eb_enc,cpu,2156.28,2161.97
40,471,normalize,cpu,2162.9,2166.66
40,471,g_a_cpu,cpu,2166.67,2167.76
40,471,g_a,dpu,2167.77,2270.46
40,471,g_a,dpu,2270.46,2276.24
40,471,g_a_cpu,cpu,2276.24,2276.93
40,471,eb_enc,cpu,2276.93,2282
40,498,normalize,cpu,2282.93,2286.6
40,498,g_a_cpu,cpu,2286.61,2287.36
40,498,g_a,dpu,2287.36,2410.66
40,498,g_a,dpu,2410.66,2416.47
40,498,g_a_cpu,cpu,2416.47,2417.12
40,498,eb_enc,cpu,2417.16,2422.99
40,523,normalize,cpu,2423.62,2428.08
40,523,g_a_cpu,cpu,2428.09,2428.6
40,523,g_a,dpu,2428.61,2642.61
40,523,g_a,dpu,2642.61,2754.09
40,523,g_a_cpu,cpu,2754.09,2754.69
40,523,eb_enc,cpu,2754.69,2759.64
40,596,normalize,cpu,2760.22,2763.93
40,596,g_a_cpu,cpu,2763.94,2764.47
40,596,g_a,dpu,2764.48,2867.29
40,596,g_a,dpu,2867.29,2951.54
40,596,g_a_cpu,cpu,2951.54,2952.15
40,596,eb_enc,cpu,2952.16,2957.26
40,642,normalize,cpu,2957.76,2961.78
40,642,g_a_cpu,cpu,2961.78,2962.49
40,642,g_a,dpu,2962.5,3064.99
40,642,g_a,dpu,3065,3070.15
40,642,g_a_cpu,cpu,3070.15,3070.58
40,642,eb_enc,cpu,3070.58,3075.84
40,661,normalize,cpu,3076.39,3080.42
40,661,g_a_cpu,cpu,3080.42,3080.88
40,661,g_a,dpu,3080.89,3188.14
40,661,g_a,dpu,3188.15,3199.4
40,661,g_a_cpu,cpu,3199.41,3199.93
40,661,eb_enc,cpu,3199.93,3210.07
40,692,normalize,cpu,3210.62,3215.45
40,692,g_a_cpu,cpu,3215.46,3216.21
40,692,g_a,dpu,3216.21,3336
40,692,g_a,dpu,3336,3433.18
40,692,g_a_cpu,cpu,3433.18,3433.67
40,692,eb_enc,cpu,3433.67,3438.92
40,739,normalize,cpu,3439.41,3443.08
40,739,g_a_cpu,cpu,3443.08,3443.56
40,739,g_a,dpu,3443.56,3448.97
40,739,g_a,dpu,3448.97,3562.19
40,739,g_a_cpu,cpu,3562.2,3562.83
40,739,eb_enc,cpu,3562.84,3569.12
40,767,normalize,cpu,3570.12,3574.94
40,767,g_a_cpu,cpu,3574.95,3575.83
40,767,g_a,dpu,3575.83,3675.17
40,767,g_a,dpu,3675.17,3857.78
40,767,g_a_cpu,cpu,3857.78,3858.16
40,767,eb_enc,cpu,3858.16,3863.4
40,832,normalize,cpu,3864.48,3870.55
40,832,g_a_cpu,cpu,3870.57,3871.34
40,832,g_a,dpu,3871.35,3979.85
40,832,g_a,dpu,3979.85,3989.11
40,832,g_a_cpu,cpu,3989.11,3989.57
40,832,eb_enc,cpu,3989.57,3994.94
40,864,normalize,cpu,3995.59,3999.46
40,864,g_a_cpu,cpu,3999.46,4000.06
40,864,g_a,dpu,4000.06,4092.98
40,864,g_a,dpu,4092.98,4204.91
40,864,g_a_cpu,cpu,4204.91,4205.55
40,864,eb_enc,cpu,4205.55,4210.99
40,910,normalize,cpu,4211.54,4216.08
40,910,g_a_cpu,cpu,4216.09,4216.6
40,910,g_a,dpu,4216.6,4304.86
40,910,g_a,dpu,4304.86,4389.72
40,910,g_a_cpu,cpu,4389.72,4390.12
40,910,eb_enc,cpu,4390.13,4399.5
41,42,normalize,cpu,120.505,124.276
41,42,g_a_cpu,cpu,124.362,124.782
41,42,g_a,dpu,124.787,376.501
41,42,g_a,dpu,376.505,466.984
41,42,g_a_cpu,cpu,466.986,467.464
41,42,eb_enc,cpu,467.478,472.635
41,112,normalize,cpu,473.183,476.996
41,112,g_a_cpu,cpu,477.001,477.51
41,112,g_a,dpu,477.513,603.451
41,112,g_a,dpu,603.463,816.471
41,112,g_a_cpu,cpu,816.472,816.979
41,112,eb_enc,cpu,816.987,822.89
41,192,normalize,cpu,861.8,876.515
41,192,g_a_cpu,cpu,876.526,877.305
41,192,g_a,dpu,877.312,883.114
41,192,g_a,dpu,883.115,971.762
41,192,g_a_cpu,cpu,971.765,972.459
41,192,eb_enc,cpu,972.481,982.931
41,219,normalize,cpu,983.638,987.545
41,219,g_a_cpu,cpu,987.547,988.212
41,219,g_a,dpu,988.217,997.463
41,219,g_a,dpu,997.466,1112.16
41,219,g_a_cpu,cpu,1112.16,1112.57
41,219,eb_enc,cpu,1112.57,1118.16
41,247,normalize,cpu,1119.19,1122.99
41,247,g_a_cpu,cpu,1122.99,1123.78
41,247,g_a,dpu,1123.79,1226.57
41,247,g_a,dpu,1226.57,1232.43
41,247,g_a_cpu,cpu,1232.44,1232.86
41,247,eb_enc,cpu,1232.86,1238.57
41,273,normalize,cpu,1239.22,1243.14
41,273,g_a_cpu,cpu,1243.15,1243.68
41,273,g_a,dpu,1243.69,1366.95
41,273,g_a,dpu,1366.96,1373.59
41,273,g_a_cpu,cpu,1373.6,1374.25
41,273,eb_enc,cpu,1374.25,1379.56
41,305,normalize,cpu,1380.18,1384.04
41,305,g_a_cpu,cpu,1384.04,1384.63
41,305,g_a,dpu,1384.63,1491.87
41,305,g_a,dpu,1491.87,1608.33
41,305,g_a_cpu,cpu,1608.34,1608.98
41,305,eb_enc,cpu,1608.98,1615.53
41,355,normalize,cpu,1616.3,1620.07
41,355,g_a_cpu,cpu,1620.08,1620.78
41,355,g_a,dpu,1620.78,1745.35
41,355,g_a,dpu,1745.35,1751.31
41,355,g_a_cpu,cpu,1751.31,1751.7
41,355,eb_enc,cpu,1751.7,1756.83
41,386,normalize,cpu,1757.87,1763.02
41,386,g_a_cpu,cpu,1763.02,1763.7
41,386,g_a,dpu,1763.7,1869.06
41,386,g_a,dpu,1869.06,2075.5
41,386,g_a_cpu,cpu,2075.5,2076.13
41,386,eb_enc,cpu,2076.13,2081.71
41,454,normalize,cpu,2082.6,2086.68
41,454,g_a_cpu,cpu,2086.68,2087.21
41,454,g_a,dpu,2087.21,2224.27
41,454,g_a,dpu,2224.28,2229.85
41,454,g_a_cpu,cpu,2229.86,2230.71
41,454,eb_enc,cpu,2230.71,2236.42
41,488,normalize,cpu,2236.94,2242.43
41,488,g_a_cpu,cpu,2242.44,2242.96
41,488,g_a,dpu,2242.96,2336.01
41,488,g_a,dpu,2336.01,2475.95
41,488,g_a_cpu,cpu,2475.95,2476.53
41,488,eb_enc,cpu,2476.56,2482.79
41,538,normalize,cpu,2483.39,2496.35
41,538,g_a_cpu,cpu,2496.36,2496.78
41,538,g_a,dpu,2496.79,2597.33
41,538,g_a,dpu,2597.34,2701.12
41,538,g_a_cpu,cpu,2701.13,2701.95
41,538,eb_enc,cpu,2701.95,2712.85
41,584,normalize,cpu,2713.8,2722.55
41,584,g_a_cpu,cpu,2722.56,2723.14
41,584,g_a,dpu,2723.15,2839.47
41,584,g_a,dpu,2839.47,2845
41,584,g_a_cpu,cpu,2845,2845.41
41,584,eb_enc,cpu,2845.41,2850.58
41,617,normalize,cpu,2851.35,2855.06
41,617,g_a_cpu,cpu,2855.06,2855.49
41,617,g_a,dpu,2855.5,2990.09
41,617,g_a,dpu,2990.1,3117
41,617,g_a_cpu,cpu,3117.01,3117.49
41,617,eb_enc,cpu,3117.5,3122.64
41,671,normalize,cpu,3123.61,3127.27
41,671,g_a_cpu,cpu,3127.27,3127.71
41,671,g_a,dpu,3127.71,3223.75
41,671,g_a,dpu,3223.75,3334.52
41,671,g_a_cpu,cpu,3334.52,3335.32
41,671,eb_enc,cpu,3335.32,3341.52
41,721,normalize,cpu,3342.08,3346.54
41,721,g_a_cpu,cpu,3346.55,3347.11
41,721,g_a,dpu,3347.11,3361.84
41,721,g_a,dpu,3361.84,3466.8
41,721,g_a_cpu,cpu,3466.81,3467.47
41,721,eb_enc,cpu,3467.47,3472.68
41,745,normalize,cpu,3473.29,3476.98
41,745,g_a_cpu,cpu,3476.99,3477.4
41,745,g_a,dpu,3477.4,3715.56
41,745,g_a,dpu,3715.56,3721.17
41,745,g_a_cpu,cpu,3721.18,3721.79
41,745,eb_enc,cpu,3721.79,3727.08
41,802,normalize,cpu,3727.76,3731.44
41,802,g_a_cpu,cpu,3731.44,3731.93
41,802,g_a,dpu,3731.94,3831.08
41,802,g_a,dpu,3831.08,3836.55
41,802,g_a_cpu,cpu,3836.56,3837.13
41,802,eb_enc,cpu,3837.13,3842.26
41,828,normalize,cpu,3842.88,3846.68
41,828,g_a_cpu,cpu,3846.69,3847.29
41,828,g_a,dpu,3847.29,3954.57
41,828,g_a,dpu,3954.58,4256.85
41,828,g_a_cpu,cpu,4256.85,4257.26
41,828,eb_enc,cpu,4257.26,4262.36
41,922,normalize,cpu,4263.26,4266.95
41,922,g_a_cpu,cpu,4266.96,4267.57
41,922,g_a,dpu,4267.58,4365.41
41,922,g_a,dpu,4365.42,4429.14
41,922,g_a_cpu,cpu,4429.14,4429.53
41,922,eb_enc,cpu,4429.54,4435.9
42,14,normalize,cpu,86.9738,90.6308
42,14,g_a_cpu,cpu,90.7894,91.1657
42,14,g_a,dpu,91.1733,139.462
42,14,g_a,dpu,139.467,193.46
42,14,g_a_cpu,cpu,193.461,193.849
42,14,eb_enc,cpu,193.854,201.989
42,59,normalize,cpu,260.196,263.902
42,59,g_a_cpu,cpu,263.907,265.102
42,59,g_a,dpu,265.106,283.188
42,59,g_a,dpu,283.2,367.272
42,59,g_a_cpu,cpu,367.273,367.835
42,59,eb_enc,cpu,367.837,374.223
42,94,normalize,cpu,375.325,384.701
42,94,g_a_cpu,cpu,384.709,385.289
42,94,g_a,dpu,385.297,578.363
42,94,g_a,dpu,578.366,583.674
42,94,g_a_cpu,cpu,583.676,584.465
42,94,eb_enc,cpu,584.498,595.586
42,134,normalize,cpu,596.213,599.933
42,134,g_a_cpu,cpu,599.944,600.731
42,134,g_a,dpu,600.736,820.374
42,134,g_a,dpu,820.377,916.063
42,134,g_a_cpu,cpu,916.064,916.58
42,134,eb_enc,cpu,916.583,921.798
42,204,normalize,cpu,922.525,926.384
42,204,g_a_cpu,cpu,926.388,926.774
42,204,g_a,dpu,926.778,932.329
42,204,g_a,dpu,932.331,1031.75
42,204,g_a_cpu,cpu,1031.75,1032.13
42,204,eb_enc,cpu,1032.13,1037.05
42,231,normalize,cpu,1037.69,1041.47
42,231,g_a_cpu,cpu,1041.47,1042.01
42,231,g_a,dpu,1042.02,1131.58
42,231,g_a,dpu,1131.59,1252.66
42,231,g_a_cpu,cpu,1252.66,1253.06
42,231,eb_enc,cpu,1253.06,1257.96
42,279,normalize,cpu,1258.46,1262.92
42,279,g_a_cpu,cpu,1262.92,1263.41
42,279,g_a,dpu,1263.42,1366.13
42,279,g_a,dpu,1366.13,1443.44
42,279,g_a_cpu,cpu,1443.44,1443.94
42,279,eb_enc,cpu,1443.95,1449.06
42,319,normalize,cpu,1450.06,1453.77
42,319,g_a_cpu,cpu,1453.77,1454.28
42,319,g_a,dpu,1454.29,1634.74
42,319,g_a,dpu,1634.74,1822.92
42,319,g_a_cpu,cpu,1822.92,1823.51
42,319,eb_enc,cpu,1823.51,1828.85
42,401,normalize,cpu,1829.44,1833.97
42,401,g_a_cpu,cpu,1833.97,1834.47
42,401,g_a,dpu,1834.47,1939.13
42,401,g_a,dpu,1939.14,1944.43
42,401,g_a_cpu,cpu,1944.44,1944.97
42,401,eb_enc,cpu,1944.97,1950.11
42,426,normalize,cpu,1950.82,1964.97
42,426,g_a_cpu,cpu,1964.97,1965.47
42,426,g_a,dpu,1965.48,1970.97
42,426,g_a,dpu,1970.97,2058.12
42,426,g_a_cpu,cpu,2058.12,2058.8
42,426,eb_enc,cpu,2058.8,2064.09
42,451,normalize,cpu,2064.84,2068.61
42,451,g_a_cpu,cpu,2068.62,2069.01
42,451,g_a,dpu,2069.01,2187.83
42,451,g_a,dpu,2187.83,2193.69
42,451,g_a_cpu,cpu,2193.69,2194.17
42,451,eb_enc,cpu,2194.19,2199.2
42,480,normalize,cpu,2199.86,2203.61
42,480,g_a_cpu,cpu,2203.62,2204.17
42,480,g_a,dpu,2204.18,2291.07
42,480,g_a,dpu,2291.07,2299.64
42,480,g_a_cpu,cpu,2299.64,2300.15
42,480,eb_enc,cpu,2300.15,2305.4
42,502,normalize,cpu,2306.07,2316.47
42,502,g_a_cpu,cpu,2316.47,2316.96
42,502,g_a,dpu,2316.97,2604.97
42,502,g_a,dpu,2604.97,2726.08
42,502,g_a_cpu,cpu,2726.08,2726.72
42,502,eb_enc,cpu,2726.72,2731.81
42,590,normalize,cpu,2732.6,2746.39
42,590,g_a_cpu,cpu,2746.4,2747
42,590,g_a,dpu,2747.01,2913.78
42,590,g_a,dpu,2913.78,2919.23
42,590,g_a_cpu,cpu,2919.23,2919.86
42,590,eb_enc,cpu,2919.87,2925.2
42,633,normalize,cpu,2926.15,2929.86
42,633,g_a_cpu,cpu,2929.87,2930.58
42,633,g_a,dpu,2930.59,3047.93
42,633,g_a,dpu,3047.93,3247.64
42,633,g_a_cpu,cpu,3247.64,3248.19
42,633,eb_enc,cpu,3248.19,3255.46
42,701,normalize,cpu,3256.03,3260.57
42,701,g_a_cpu,cpu,3260.58,3261.14
42,701,g_a,dpu,3261.15,3348.6
42,701,g_a,dpu,3348.61,3445.48
42,701,g_a_cpu,cpu,3445.48,3446.09
42,701,eb_enc,cpu,3446.1,3451.71
42,741,normalize,cpu,3452.43,3457.5
42,741,g_a_cpu,cpu,3457.51,3458.18
42,741,g_a,dpu,3458.19,3566.9
42,741,g_a,dpu,3566.9,3574.54
42,741,g_a_cpu,cpu,3574.54,3575.2
42,741,eb_enc,cpu,3575.2,3580.52
42,770,normalize,cpu,3581.2,3585.03
42,770,g_a_cpu,cpu,3585.03,3585.58
42,770,g_a,dpu,3585.58,3597.09
42,770,g_a,dpu,3597.09,3868.33
42,770,g_a_cpu,cpu,3868.33,3868.84
42,770,eb_enc,cpu,3868.84,3874.48
42,834,normalize,cpu,3875.03,3878.91
42,834,g_a_cpu,cpu,3878.91,3879.79
42,834,g_a,dpu,3879.79,3996.96
42,834,g_a,dpu,3996.96,4002.14
42,834,g_a_cpu,cpu,4002.15,4002.95
42,834,eb_enc,cpu,4002.95,4008.22
42,868,normalize,cpu,4008.89,4012.63
42,868,g_a_cpu,cpu,4012.64,4013.1
42,868,g_a,dpu,4013.1,4106.48
42,868,g_a,dpu,4106.49,4303.93
42,868,g_a_cpu,cpu,4303.93,4304.29
42,868,eb_enc,cpu,4304.29,4309.22
43,11,normalize,cpu,82.9662,93.8871
43,11,g_a_cpu,cpu,93.934,94.3895
43,11,g_a,dpu,94.3946,197.99
43,11,g_a,dpu,197.995,292.329
43,11,g_a_cpu,cpu,292.333,293.066
43,11,eb_enc,cpu,293.083,300.88
43,76,normalize,cpu,301.697,322.261
43,76,g_a_cpu,cpu,322.264,322.855
43,76,g_a,dpu,322.862,453.187
43,76,g_a,dpu,453.195,570.956
43,76,g_a_cpu,cpu,570.958,571.445
43,76,eb_enc,cpu,571.447,576.506
43,131,normalize,cpu,577.249,585.168
43,131,g_a_cpu,cpu,585.174,585.781
43,131,g_a,dpu,585.784,805.935
43,131,g_a,dpu,805.937,811.34
43,131,g_a_cpu,cpu,811.346,812.026
43,131,eb_enc,cpu,812.044,818.169
43,182,normalize,cpu,818.894,830.623
43,182,g_a_cpu,cpu,830.627,831.094
43,182,g_a,dpu,831.096,1018.8
43,182,g_a,dpu,1018.8,1127.92
43,182,g_a_cpu,cpu,1127.92,1128.56
43,182,eb_enc,cpu,1128.56,1135.15
43,249,normalize,cpu,1136.15,1140.22
43,249,g_a_cpu,cpu,1140.23,1140.86
43,249,g_a,dpu,1140.88,1230.35
43,249,g_a,dpu,1230.35,1235.77
43,249,g_a_cpu,cpu,1235.78,1236.53
43,249,eb_enc,cpu,1236.54,1242.13
43,275,normalize,cpu,1242.78,1246.44
43,275,g_a_cpu,cpu,1246.44,1246.87
43,275,g_a,dpu,1246.87,1351.23
43,275,g_a,dpu,1351.24,1356.66
43,275,g_a_cpu,cpu,1356.67,1357.45
43,275,eb_enc,cpu,1357.45,1362.66
43,301,normalize,cpu,1363.21,1371.43
43,301,g_a_cpu,cpu,1371.43,1372.14
43,301,g_a,dpu,1372.15,1385.09
43,301,g_a,dpu,1385.09,1493.82
43,301,g_a_cpu,cpu,1493.82,1494.39
43,301,eb_enc,cpu,1494.4,1499.68
43,329,normalize,cpu,1500.28,1505.17
43,329,g_a_cpu,cpu,1505.17,1505.65
43,329,g_a,dpu,1505.66,1737.58
43,329,g_a,dpu,1737.58,1840.92
43,329,g_a_cpu,cpu,1840.92,1841.41
43,329,eb_enc,cpu,1841.41,1846.73
43,405,normalize,cpu,1847.55,1851.29
43,405,g_a_cpu,cpu,1851.3,1851.76
43,405,g_a,dpu,1851.76,1971.75
43,405,g_a,dpu,1971.75,1978.59
43,405,g_a_cpu,cpu,1978.59,1979.01
43,405,eb_enc,cpu,1979.01,1984.35
43,434,normalize,cpu,1985.32,1996.48
43,434,g_a_cpu,cpu,1996.48,1997.15
43,434,g_a,dpu,1997.15,2089.73
43,434,g_a,dpu,2089.73,2094.93
43,434,g_a_cpu,cpu,2094.93,2095.36
43,434,eb_enc,cpu,2095.36,2101.26
43,458,normalize,cpu,2101.94,2110.62
43,458,g_a_cpu,cpu,2110.63,2111.09
43,458,g_a,dpu,2111.1,2218.36
43,458,g_a,dpu,2218.36,2322.21
43,458,g_a_cpu,cpu,2322.21,2322.68
43,458,eb_enc,cpu,2322.69,2327.97
43,508,normalize,cpu,2328.5,2332.91
43,508,g_a_cpu,cpu,2332.91,2333.37
43,508,g_a,dpu,2333.37,2461.7
43,508,g_a,dpu,2461.7,2474.53
43,508,g_a_cpu,cpu,2474.53,2475.17
43,508,eb_enc,cpu,2475.18,2480.72
43,537,normalize,cpu,2481.53,2485.18
43,537,g_a_cpu,cpu,2485.19,2485.75
43,537,g_a,dpu,2485.75,2586.64
43,537,g_a,dpu,2586.64,2692.84
43,537,g_a_cpu,cpu,2692.85,2694.03
43,537,eb_enc,cpu,2694.03,2699.65
43,583,normalize,cpu,2700.57,2710.44
43,583,g_a_cpu,cpu,2710.45,2711.24
43,583,g_a,dpu,2711.25,2717.08
43,583,g_a,dpu,2717.08,2824.04
43,583,g_a_cpu,cpu,2824.05,2824.43
43,583,eb_enc,cpu,2824.43,2831.33
43,612,normalize,cpu,2832,2836.57
43,612,g_a_cpu,cpu,2836.58,2837.16
43,612,g_a,dpu,2837.17,2929.14
43,612,g_a,dpu,2929.14,2934.74
43,612,g_a_cpu,cpu,2934.74,2935.2
43,612,eb_enc,cpu,2935.21,2940.31
43,637,normalize,cpu,2942.62,2946.35
43,637,g_a_cpu,cpu,2946.36,2947.44
43,637,g_a,dpu,2947.45,3055.07
43,637,g_a,dpu,3055.07,3168.93
43,637,g_a_cpu,cpu,3168.93,3169.49
43,637,eb_enc,cpu,3169.49,3175.06
43,682,normalize,cpu,3175.91,3191.37
43,682,g_a_cpu,cpu,3191.37,3191.88
43,682,g_a,dpu,3191.89,3310.58
43,682,g_a,dpu,3310.58,3316.06
43,682,g_a_cpu,cpu,3316.06,3316.65
43,682,eb_enc,cpu,3316.65,3321.72
43,715,normalize,cpu,3322.57,3326.22
43,715,g_a_cpu,cpu,3326.22,3328.56
43,715,g_a,dpu,3328.57,3423.05
43,715,g_a,dpu,3423.06,3535.97
43,715,g_a_cpu,cpu,3535.98,3536.89
43,715,eb_enc,cpu,3536.9,3548.29
43,762,normalize,cpu,3549.08,3556.17
43,762,g_a_cpu,cpu,3556.17,3556.79
43,762,g_a,dpu,3556.8,3727.52
43,762,g_a,dpu,3727.53,3839.76
43,762,g_a_cpu,cpu,3839.76,3840.21
43,762,eb_enc,cpu,3840.21,3846.75
43,829,normalize,cpu,3847.56,3851.45
43,829,g_a_cpu,cpu,3851.46,3851.88
43,829,g_a,dpu,3851.89,3961.37
43,829,g_a,dpu,3961.37,4155.69
43,829,g_a_cpu,cpu,4155.69,4156.2
43,829,eb_enc,cpu,4156.2,4161.88
43,899,normalize,cpu,4162.64,4177.32
43,899,g_a_cpu,cpu,4177.33,4177.89
43,899,g_a,dpu,4177.9,4267.4
43,899,g_a,dpu,4267.41,4369.38
43,899,g_a_cpu,cpu,4369.38,4369.97
43,899,eb_enc,cpu,4369.97,4375.34
44,9,normalize,cpu,79.761,136.663
44,9,g_a_cpu,cpu,138.732,139.56
44,9,g_a,dpu,139.567,211.1
44,9,g_a,dpu,211.108,484.468
44,9,g_a_cpu,cpu,484.469,484.893
44,9,eb_enc,cpu,484.902,490.243
44,115,normalize,cpu,490.878,494.678
44,115,g_a_cpu,cpu,494.687,495.66
44,115,g_a,dpu,495.667,613.969
44,115,g_a,dpu,613.975,708.83
44,115,g_a_cpu,cpu,708.831,709.346
44,115,eb_enc,cpu,709.348,714.403
44,161,normalize,cpu,715.427,719.13
44,161,g_a_cpu,cpu,719.134,719.653
44,161,g_a,dpu,719.657,838.459
44,161,g_a,dpu,838.461,954.494
44,161,g_a_cpu,cpu,954.496,955.048
44,161,eb_enc,cpu,955.057,960.378
44,211,normalize,cpu,961.967,965.775
44,211,g_a_cpu,cpu,965.78,986.916
44,211,g_a,dpu,986.925,1096
44,211,g_a,dpu,1096,1101.89
44,211,g_a_cpu,cpu,1101.89,1102.59
44,211,eb_enc,cpu,1102.59,1108.17
44,245,normalize,cpu,1108.69,1116.35
44,245,g_a_cpu,cpu,1116.36,1116.92
44,245,g_a,dpu,1116.92,1215.74
44,245,g_a,dpu,1215.74,1437.32
44,245,g_a_cpu,cpu,1437.33,1438.01
44,245,eb_enc,cpu,1438.02,1443.36
44,316,normalize,cpu,1444.09,1447.93
44,316,g_a_cpu,cpu,1447.94,1448.36
44,316,g_a,dpu,1448.37,1545.92
44,316,g_a,dpu,1545.93,1552.82
44,316,g_a_cpu,cpu,1552.82,1553.32
44,316,eb_enc,cpu,1553.32,1558.43
44,344,normalize,cpu,1559.19,1564.05
44,344,g_a_cpu,cpu,1564.06,1564.86
44,344,g_a,dpu,1564.86,1689.87
44,344,g_a,dpu,1689.87,1792.85
44,344,g_a_cpu,cpu,1792.85,1793.25
44,344,eb_enc,cpu,1793.25,1799.56
44,396,normalize,cpu,1800.05,1809.4
44,396,g_a_cpu,cpu,1809.4,1809.84
44,396,g_a,dpu,1809.84,2031.38
44,396,g_a,dpu,2031.39,2156.32
44,396,g_a_cpu,cpu,2156.33,2156.94
44,396,eb_enc,cpu,2156.94,2162.88
44,472,normalize,cpu,2163.77,2168.83
44,472,g_a_cpu,cpu,2168.84,2169.55
44,472,g_a,dpu,2169.56,2285.52
44,472,g_a,dpu,2285.52,2291.55
44,472,g_a_cpu,cpu,2291.55,2291.97
44,472,eb_enc,cpu,2291.98,2297.86
44,501,normalize,cpu,2298.5,2302.21
44,501,g_a_cpu,cpu,2302.21,2302.74
44,501,g_a,dpu,2302.75,2427.01
44,501,g_a,dpu,2427.02,2438.51
44,501,g_a_cpu,cpu,2438.52,2439.23
44,501,eb_enc,cpu,2439.23,2444.43
44,528,normalize,cpu,2444.99,2451.22
44,528,g_a_cpu,cpu,2451.22,2451.64
44,528,g_a,dpu,2451.64,2458.04
44,528,g_a,dpu,2458.04,2658.88
44,528,g_a_cpu,cpu,2658.88,2659.32
44,528,eb_enc,cpu,2659.33,2669.13
44,576,normalize,cpu,2669.69,2674.14
44,576,g_a_cpu,cpu,2674.14,2674.7
44,576,g_a,dpu,2674.7,2785.61
44,576,g_a,dpu,2785.61,2904.05
44,576,g_a_cpu,cpu,2904.05,2904.77
44,576,eb_enc,cpu,2904.77,2916.99
44,632,normalize,cpu,2917.62,2923.09
44,632,g_a_cpu,cpu,2923.1,2923.54
44,632,g_a,dpu,2923.54,2931.52
44,632,g_a,dpu,2931.52,3060.86
44,632,g_a_cpu,cpu,3060.86,3061.34
44,632,eb_enc,cpu,3061.34,3066.41
44,660,normalize,cpu,3066.94,3070.67
44,660,g_a_cpu,cpu,3070.68,3071.13
44,660,g_a,dpu,3071.13,3183
44,660,g_a,dpu,3183,3291.73
44,660,g_a_cpu,cpu,3291.74,3292.37
44,660,eb_enc,cpu,3292.37,3297.6
44,711,normalize,cpu,3298.22,3304.71
44,711,g_a_cpu,cpu,3304.72,3305.15
44,711,g_a,dpu,3305.15,3419.16
44,711,g_a,dpu,3419.17,3531.95
44,711,g_a_cpu,cpu,3531.95,3532.61
44,711,eb_enc,cpu,3532.62,3545.63
44,761,normalize,cpu,3546.75,3569.77
44,761,g_a_cpu,cpu,3569.78,3570.37
44,761,g_a,dpu,3570.38,3683.99
44,761,g_a,dpu,3683.99,3780.01
44,761,g_a_cpu,cpu,3780.01,3780.51
44,761,eb_enc,cpu,3780.51,3785.66
44,816,normalize,cpu,3786.21,3789.97
44,816,g_a_cpu,cpu,3789.97,3790.51
44,816,g_a,dpu,3790.51,3886.7
44,816,g_a,dpu,3886.7,3998.49
44,816,g_a_cpu,cpu,3998.5,3999.27
44,816,eb_enc,cpu,3999.27,4004.85
44,867,normalize,cpu,4005.61,4010.06
44,867,g_a_cpu,cpu,4010.06,4010.75
44,867,g_a,dpu,4010.75,4103.81
44,867,g_a,dpu,4103.81,4109.3
44,867,g_a_cpu,cpu,4109.3,4109.65
44,867,eb_enc,cpu,4109.65,4114.89
44,889,normalize,cpu,4116.1,4120.84
44,889,g_a_cpu,cpu,4120.85,4121.67
44,889,g_a,dpu,4121.68,4236.23
44,889,g_a,dpu,4236.23,4330.72
44,889,g_a_cpu,cpu,4330.72,4331.31
44,889,eb_enc,cpu,4331.31,4336.55
45,6,normalize,cpu,74.9997,78.9036
45,6,g_a_cpu,cpu,138.473,139.198
45,6,g_a,dpu,139.205,231.431
45,6,g_a,dpu,231.438,236.735
45,6,g_a_cpu,cpu,236.737,237.109
45,6,eb_enc,cpu,237.117,246.969
45,63,normalize,cpu,259.584,280.495
45,63,g_a_cpu,cpu,280.501,281.206
45,63,g_a,dpu,281.209,452.545
45,63,g_a,dpu,452.554,544.006
45,63,g_a_cpu,cpu,544.008,544.428
45,63,eb_enc,cpu,544.43,549.282
45,127,normalize,cpu,549.908,553.659
45,127,g_a_cpu,cpu,553.666,554.292
45,127,g_a,dpu,554.321,868.292
45,127,g_a,dpu,868.293,1059.31
45,127,g_a_cpu,cpu,1059.31,1059.84
45,127,eb_enc,cpu,1059.86,1064.81
45,237,normalize,cpu,1065.49,1069.19
45,237,g_a_cpu,cpu,1069.19,1069.6
45,237,g_a,dpu,1069.6,1157.66
45,237,g_a,dpu,1157.66,1278.68
45,237,g_a_cpu,cpu,1278.68,1279.35
45,237,eb_enc,cpu,1279.35,1289.19
45,287,normalize,cpu,1290.11,1293.87
45,287,g_a_cpu,cpu,1293.88,1294.71
45,287,g_a,dpu,1294.72,1397.49
45,287,g_a,dpu,1397.49,1402.97
45,287,g_a_cpu,cpu,1402.97,1403.61
45,287,eb_enc,cpu,1403.62,1408.71
45,310,normalize,cpu,1409.29,1412.97
45,310,g_a_cpu,cpu,1412.97,1413.4
45,310,g_a,dpu,1413.4,1418.68
45,310,g_a,dpu,1418.68,1506.36
45,310,g_a_cpu,cpu,1506.36,1506.9
45,310,eb_enc,cpu,1506.9,1512.26
45,333,normalize,cpu,1512.89,1516.69
45,333,g_a_cpu,cpu,1516.7,1517.05
45,333,g_a,dpu,1517.05,1616.81
45,333,g_a,dpu,1616.82,1727.94
45,333,g_a_cpu,cpu,1727.94,1728.35
45,333,eb_enc,cpu,1728.36,1733.24
45,381,normalize,cpu,1733.82,1741.53
45,381,g_a_cpu,cpu,1741.53,1742.01
45,381,g_a,dpu,1742.01,1835.95
45,381,g_a,dpu,1835.95,2027.69
45,381,g_a_cpu,cpu,2027.69,2028.15
45,381,eb_enc,cpu,2028.15,2033.24
45,444,normalize,cpu,2033.75,2038.09
45,444,g_a_cpu,cpu,2038.1,2038.74
45,444,g_a,dpu,2038.74,2128.69
45,444,g_a,dpu,2128.7,2245.46
45,444,g_a_cpu,cpu,2245.46,2245.96
45,444,eb_enc,cpu,2245.97,2251.18
45,491,normalize,cpu,2251.97,2255.72
45,491,g_a_cpu,cpu,2255.72,2256.33
45,491,g_a,dpu,2256.33,2335.42
45,491,g_a,dpu,2335.42,2340.51
45,491,g_a_cpu,cpu,2340.51,2340.92
45,491,eb_enc,cpu,2340.92,2345.97
45,510,normalize,cpu,2346.52,2350.16
45,510,g_a_cpu,cpu,2350.16,2350.55
45,510,g_a,dpu,2350.55,2559.38
45,510,g_a,dpu,2559.39,2657.17
45,510,g_a_cpu,cpu,2657.17,2657.89
45,510,eb_enc,cpu,2657.9,2663.04
45,574,normalize,cpu,2663.64,2667.39
45,574,g_a_cpu,cpu,2667.39,2667.96
45,574,g_a,dpu,2667.97,2865.41
45,574,g_a,dpu,2865.41,2870.51
45,574,g_a_cpu,cpu,2870.51,2870.93
45,574,eb_enc,cpu,2870.93,2875.91
45,621,normalize,cpu,2876.47,2880.25
45,621,g_a_cpu,cpu,2880.25,2880.71
45,621,g_a,dpu,2880.72,2886.02
45,621,g_a,dpu,2886.02,3087.76
45,621,g_a_cpu,cpu,3087.76,3088.22
45,621,eb_enc,cpu,3088.23,3093.1
45,665,normalize,cpu,3093.61,3098.1
45,665,g_a_cpu,cpu,3098.1,3098.52
45,665,g_a,dpu,3098.52,3215.6
45,665,g_a,dpu,3215.6,3306.36
45,665,g_a_cpu,cpu,3306.36,3306.86
45,665,eb_enc,cpu,3306.87,3312.68
45,714,normalize,cpu,3313.88,3328.53
45,714,g_a_cpu,cpu,3328.53,3329.18
45,714,g_a,dpu,3329.18,3423.66
45,714,g_a,dpu,3423.66,3428.66
45,714,g_a_cpu,cpu,3428.67,3429.14
45,714,eb_enc,cpu,3429.14,3437.3
45,738,normalize,cpu,3438.01,3442.93
45,738,g_a_cpu,cpu,3442.94,3443.41
45,738,g_a,dpu,3443.41,3543.48
45,738,g_a,dpu,3543.48,3655.63
45,738,g_a_cpu,cpu,3655.63,3656.12
45,738,eb_enc,cpu,3656.12,3661.16
45,788,normalize,cpu,3662.02,3665.69
45,788,g_a_cpu,cpu,3665.7,3666.22
45,788,g_a,dpu,3666.22,3671.89
45,788,g_a,dpu,3671.9,3853.43
45,788,g_a_cpu,cpu,3853.43,3853.91
45,788,eb_enc,cpu,3853.91,3858.9
45,831,normalize,cpu,3859.44,3863.32
45,831,g_a_cpu,cpu,3863.32,3864.19
45,831,g_a,dpu,3864.19,3987.11
45,831,g_a,dpu,3987.11,4071.99
45,831,g_a_cpu,cpu,4071.99,4072.52
45,831,eb_enc,cpu,4072.52,4077.77
45,882,normalize,cpu,4078.67,4082.35
45,882,g_a_cpu,cpu,4082.35,4083
45,882,g_a,dpu,4083,4181.07
45,882,g_a,dpu,4181.07,4399.33
45,882,g_a_cpu,cpu,4399.34,4399.83
45,882,eb_enc,cpu,4399.83,4405.18
46,4,normalize,cpu,71.0841,92.3666
46,4,g_a_cpu,cpu,92.4486,92.8578
46,4,g_a,dpu,92.8636,250.68
46,4,g_a,dpu,250.693,367.271
46,4,g_a_cpu,cpu,367.273,367.824
46,4,eb_enc,cpu,367.838,373.293
46,93,normalize,cpu,374.254,408.105
46,93,g_a_cpu,cpu,408.11,408.683
46,93,g_a,dpu,408.688,520.693
46,93,g_a,dpu,520.708,642.624
46,93,g_a_cpu,cpu,642.627,643.42
46,93,eb_enc,cpu,643.425,649.194
46,147,normalize,cpu,650.052,657.401
46,147,g_a_cpu,cpu,657.408,657.85
46,147,g_a,dpu,657.855,670.622
46,147,g_a,dpu,670.628,774.189
46,147,g_a_cpu,cpu,774.191,774.681
46,147,eb_enc,cpu,774.694,780.586
46,174,normalize,cpu,781.507,786.01
46,174,g_a_cpu,cpu,786.014,786.479
46,174,g_a,dpu,786.484,885.199
46,174,g_a,dpu,885.203,975.843
46,174,g_a_cpu,cpu,975.846,976.364
46,174,eb_enc,cpu,976.367,981.481
46,217,normalize,cpu,982.212,988.915
46,217,g_a_cpu,cpu,988.919,989.715
46,217,g_a,dpu,989.725,1192.87
46,217,g_a,dpu,1192.87,1278.52
46,217,g_a_cpu,cpu,1278.52,1279.14
46,217,eb_enc,cpu,1279.14,1284.61
46,285,normalize,cpu,1285.27,1288.95
46,285,g_a_cpu,cpu,1288.96,1289.59
46,285,g_a,dpu,1289.6,1409.73
46,285,g_a,dpu,1409.74,1517.71
46,285,g_a_cpu,cpu,1517.71,1518.16
46,285,eb_enc,cpu,1518.16,1523.33
46,336,normalize,cpu,1524.15,1527.91
46,336,g_a_cpu,cpu,1527.91,1528.45
46,336,g_a,dpu,1528.45,1632.67
46,336,g_a,dpu,1632.68,1752.32
46,336,g_a_cpu,cpu,1752.32,1752.73
46,336,eb_enc,cpu,1752.74,1758.06
46,387,normalize,cpu,1758.81,1762.64
46,387,g_a_cpu,cpu,1762.64,1763.27
46,387,g_a,dpu,1763.27,2080.06
46,387,g_a,dpu,2080.06,2188.7
46,387,g_a_cpu,cpu,2188.7,2189.63
46,387,eb_enc,cpu,2189.63,2196.16
46,479,normalize,cpu,2196.68,2200.54
46,479,g_a_cpu,cpu,2200.54,2201.03
46,479,g_a,dpu,2201.03,2299.12
46,479,g_a,dpu,2299.12,2421.53
46,479,g_a_cpu,cpu,2421.54,2422.21
46,479,eb_enc,cpu,2422.22,2427.44
46,526,normalize,cpu,2428.03,2431.78
46,526,g_a_cpu,cpu,2431.79,2432.46
46,526,g_a,dpu,2432.46,2548.51
46,526,g_a,dpu,2548.51,2553.59
46,526,g_a_cpu,cpu,2553.59,2553.95
46,526,eb_enc,cpu,2553.95,2559.04
46,555,normalize,cpu,2559.93,2563.63
46,555,g_a_cpu,cpu,2563.63,2564.13
46,555,g_a,dpu,2564.13,2657.17
46,555,g_a,dpu,2657.17,2779.21
46,555,g_a_cpu,cpu,2779.21,2779.58
46,555,eb_enc,cpu,2779.59,2784.7
46,603,normalize,cpu,2785.41,2789.2
46,603,g_a_cpu,cpu,2789.2,2789.59
46,603,g_a,dpu,2789.59,2894.28
46,603,g_a,dpu,2894.28,2994.84
46,603,g_a_cpu,cpu,2994.85,2995.68
46,603,eb_enc,cpu,2995.68,3002.58
46,648,normalize,cpu,3003.52,3008.14
46,648,g_a_cpu,cpu,3008.14,3008.68
46,648,g_a,dpu,3008.68,3121.74
46,648,g_a,dpu,3121.74,3230.46
46,648,g_a_cpu,cpu,3230.46,3230.99
46,648,eb_enc,cpu,3230.99,3237.62
46,698,normalize,cpu,3238.87,3245.08
46,698,g_a_cpu,cpu,3245.09,3245.71
46,698,g_a,dpu,3245.72,3453.59
46,698,g_a,dpu,3453.59,3557.28
46,698,g_a_cpu,cpu,3557.29,3557.98
46,698,eb_enc,cpu,3557.99,3563.43
46,765,normalize,cpu,3563.98,3567.71
46,765,g_a_cpu,cpu,3567.72,3568.36
46,765,g_a,dpu,3568.37,3573.8
46,765,g_a,dpu,3573.8,3748.71
46,765,g_a_cpu,cpu,3748.71,3749.25
46,765,eb_enc,cpu,3749.26,3755.32
46,808,normalize,cpu,3755.9,3762.12
46,808,g_a_cpu,cpu,3762.13,3762.74
46,808,g_a,dpu,3762.75,3867.14
46,808,g_a,dpu,3867.15,3974.97
46,808,g_a_cpu,cpu,3974.97,3975.6
46,808,eb_enc,cpu,3975.6,3980.84
46,860,normalize,cpu,3981.84,3985.52
46,860,g_a_cpu,cpu,3985.53,3986.06
46,860,g_a,dpu,3986.06,4088.19
46,860,g_a,dpu,4088.19,4200.23
46,860,g_a_cpu,cpu,4200.23,4200.78
46,860,eb_enc,cpu,4200.79,4205.97
46,909,normalize,cpu,4206.59,4218.53
46,909,g_a_cpu,cpu,4218.53,4219.77
46,909,g_a,dpu,4219.77,4315.4
46,909,g_a,dpu,4315.4,4402.42
46,909,g_a_cpu,cpu,4402.43,4403.01
46,909,eb_enc,cpu,4403.02,4408.42
47,47,normalize,cpu,140.944,150.674
47,47,g_a_cpu,cpu,150.681,151.508
47,47,g_a,dpu,151.515,164.861
47,47,g_a,dpu,164.878,349.658
47,47,g_a_cpu,cpu,349.66,350.071
47,47,eb_enc,cpu,350.08,356.174
47,88,normalize,cpu,356.863,379.519
47,88,g_a_cpu,cpu,379.528,392.655
47,88,g_a,dpu,392.66,498.767
47,88,g_a,dpu,498.778,505.126
47,88,g_a_cpu,cpu,505.127,505.531
47,88,eb_enc,cpu,505.533,510.481
47,119,normalize,cpu,511.321,515.014
47,119,g_a_cpu,cpu,515.02,516.607
47,119,g_a,dpu,516.611,631.215
47,119,g_a,dpu,631.218,966.153
47,119,g_a_cpu,cpu,966.156,966.795
47,119,eb_enc,cpu,966.808,973.004
47,215,normalize,cpu,973.597,987.19
47,215,g_a_cpu,cpu,987.192,991.403
47,215,g_a,dpu,991.408,1201.08
47,215,g_a,dpu,1201.08,1206.93
47,215,g_a_cpu,cpu,1206.93,1207.35
47,215,eb_enc,cpu,1207.36,1214.45
47,267,normalize,cpu,1215.11,1219.51
47,267,g_a_cpu,cpu,1219.52,1219.98
47,267,g_a,dpu,1219.99,1332.57
47,267,g_a,dpu,1332.58,1338.99
47,267,g_a_cpu,cpu,1338.99,1339.61
47,267,eb_enc,cpu,1339.62,1344.96
47,296,normalize,cpu,1345.62,1354.09
47,296,g_a_cpu,cpu,1354.1,1354.85
47,296,g_a,dpu,1354.85,1468.46
47,296,g_a,dpu,1468.47,1571.35
47,296,g_a_cpu,cpu,1571.35,1571.87
47,296,eb_enc,cpu,1571.87,1577
47,348,normalize,cpu,1577.68,1581.37
47,348,g_a_cpu,cpu,1581.37,1581.82
47,348,g_a,dpu,1581.83,1806.43
47,348,g_a,dpu,1806.43,1813.31
47,348,g_a_cpu,cpu,1813.32,1813.79
47,348,eb_enc,cpu,1813.8,1818.99
47,400,normalize,cpu,1819.73,1823.63
47,400,g_a_cpu,cpu,1823.63,1824.22
47,400,g_a,dpu,1824.22,1939.85
47,400,g_a,dpu,1939.85,1953.81
47,400,g_a_cpu,cpu,1953.81,1954.38
47,400,eb_enc,cpu,1954.38,1960.21
47,430,normalize,cpu,1960.74,1965.18
47,430,g_a_cpu,cpu,1965.18,1965.67
47,430,g_a,dpu,1965.68,2302.62
47,430,g_a,dpu,2302.62,2308.16
47,430,g_a_cpu,cpu,2308.16,2308.54
47,430,eb_enc,cpu,2308.55,2313.83
47,504,normalize,cpu,2314.64,2319.18
47,504,g_a_cpu,cpu,2319.18,2319.8
47,504,g_a,dpu,2319.8,2554.63
47,504,g_a,dpu,2554.63,2564.23
47,504,g_a_cpu,cpu,2564.24,2564.75
47,504,eb_enc,cpu,2564.75,2570.79
47,558,normalize,cpu,2571.87,2577.56
47,558,g_a_cpu,cpu,2577.56,2578.18
47,558,g_a,dpu,2578.18,2680.54
47,558,g_a,dpu,2680.54,2790.75
47,558,g_a_cpu,cpu,2790.76,2791.5
47,558,eb_enc,cpu,2791.53,2796.95
47,605,normalize,cpu,2797.66,2802.24
47,605,g_a_cpu,cpu,2802.25,2802.82
47,605,g_a,dpu,2802.82,2915.52
47,605,g_a,dpu,2915.53,3043.08
47,605,g_a_cpu,cpu,3043.08,3043.7
47,605,eb_enc,cpu,3043.71,3048.82
47,656,normalize,cpu,3049.44,3053.16
47,656,g_a_cpu,cpu,3053.16,3053.63
47,656,g_a,dpu,3053.63,3280.12
47,656,g_a,dpu,3280.12,3387.86
47,656,g_a_cpu,cpu,3387.86,3388.54
47,656,eb_enc,cpu,3388.54,3393.68
47,732,normalize,cpu,3394.14,3398.02
47,732,g_a_cpu,cpu,3398.03,3398.38
47,732,g_a,dpu,3398.38,3493.75
47,732,g_a,dpu,3493.76,3650.74
47,732,g_a_cpu,cpu,3650.74,3651.23
47,732,eb_enc,cpu,3651.23,3656.45
47,787,normalize,cpu,3657.01,3661.38
47,787,g_a_cpu,cpu,3661.38,3661.93
47,787,g_a,dpu,3661.94,3944.45
47,787,g_a,dpu,3944.45,4046
47,787,g_a_cpu,cpu,4046.01,4046.82
47,787,eb_enc,cpu,4046.83,4051.8
47,877,normalize,cpu,4062.34,4065.97
47,877,g_a_cpu,cpu,4065.98,4066.5
47,877,g_a,dpu,4066.5,4160.9
47,877,g_a,dpu,4160.9,4268.91
47,877,g_a_cpu,cpu,4268.91,4269.28
47,877,eb_enc,cpu,4269.28,4274.47
47,924,normalize,cpu,4274.92,4288.73
47,924,g_a_cpu,cpu,4288.74,4289.35
47,924,g_a,dpu,4289.36,4376.77
47,924,g_a,dpu,4376.78,4383.12
47,924,g_a_cpu,cpu,4383.12,4383.67
47,924,eb_enc,cpu,4383.67,4390.85
