lane,patch,stage,kind,t0_ms,t1_ms
-1,0,read,read,0.25459,84.7697
-1,1,read,read,84.8933,165.474
-1,2,read,read,165.498,243.911
-1,3,read,read,358.927,483.851
-1,4,read,read,639.316,737.647
-1,5,read,read,925.757,1068.97
-1,6,read,read,1209.9,1294.27
-1,7,read,read,1499.48,1617.23
-1,8,read,read,1790.01,1859.68
-1,9,read,read,2063.12,2128.99
-1,10,read,read,2326.7,2368.12
-1,11,read,read,2598.59,2662.13
-1,12,read,read,2877.51,2944.77
-1,13,read,read,3147.93,3189.35
-1,14,read,read,3420.94,3482.61
-1,15,read,read,3704.22,3768.18
0,0,normalize,cpu,85.3213,89.0678
0,0,g_a_cpu,cpu,94.0144,94.5183
0,0,g_a,dpu,94.5242,105.909
0,0,g_a,dpu,105.913,121.046
0,0,g_a_cpu,cpu,121.049,121.501
0,0,eb_enc,cpu,121.513,129.541
0,9,normalize,cpu,130.532,134.257
0,9,g_a_cpu,cpu,134.265,134.758
0,9,g_a,dpu,134.764,151.594
0,9,g_a,dpu,151.609,157.226
0,9,g_a_cpu,cpu,157.228,157.753
0,9,eb_enc,cpu,157.757,163.04
0,17,normalize,cpu,163.73,167.412
0,17,g_a_cpu,cpu,167.415,168.841
0,17,g_a,dpu,168.845,174.244
0,17,g_a,dpu,174.245,180.468
0,17,g_a_cpu,cpu,180.471,181.218
0,17,eb_enc,cpu,181.23,187.049
0,20,normalize,cpu,187.681,203.586
0,20,g_a_cpu,cpu,203.591,204.141
0,20,g_a,dpu,204.148,227.583
0,20,g_a,dpu,227.587,233.207
0,20,g_a_cpu,cpu,233.209,233.854
0,20,eb_enc,cpu,233.857,239.264
0,30,normalize,cpu,240.084,243.761
0,30,g_a_cpu,cpu,243.765,244.141
0,30,g_a,dpu,244.142,266.773
0,30,g_a,dpu,266.775,271.876
0,30,g_a_cpu,cpu,271.877,272.275
0,30,eb_enc,cpu,272.278,277.067
0,38,normalize,cpu,277.637,282.88
0,38,g_a_cpu,cpu,282.886,283.385
0,38,g_a,dpu,283.389,292.436
0,38,g_a,dpu,292.448,301.803
0,38,g_a_cpu,cpu,301.806,302.322
0,38,eb_enc,cpu,302.327,307.392
0,45,normalize,cpu,307.956,313.172
0,45,g_a_cpu,cpu,313.176,313.555
0,45,g_a,dpu,313.558,324.641
0,45,g_a,dpu,324.642,334.141
0,45,g_a_cpu,cpu,334.143,334.635
0,45,eb_enc,cpu,334.637,339.638
0,52,normalize,cpu,340.387,344.124
0,52,g_a_cpu,cpu,344.127,344.682
0,52,g_a,dpu,344.687,358.658
0,52,g_a,dpu,358.66,368.195
0,52,g_a_cpu,cpu,368.197,368.583
0,52,eb_enc,cpu,368.587,373.437
0,60,normalize,cpu,374,377.756
0,60,g_a_cpu,cpu,377.759,378.359
0,60,g_a,dpu,378.365,399.851
0,60,g_a,dpu,399.853,404.876
0,60,g_a_cpu,cpu,404.879,405.309
0,60,eb_enc,cpu,405.311,410.113
0,67,normalize,cpu,410.674,414.484
0,67,g_a_cpu,cpu,414.487,414.861
0,67,g_a,dpu,414.865,420.249
0,67,g_a,dpu,420.252,425.869
0,67,g_a_cpu,cpu,425.871,426.775
0,67,eb_enc,cpu,426.783,432.768
0,72,normalize,cpu,433.646,443.176
0,72,g_a_cpu,cpu,443.179,443.7
0,72,g_a,dpu,443.702,452.739
0,72,g_a,dpu,452.743,474.257
0,72,g_a_cpu,cpu,474.259,474.717
0,72,eb_enc,cpu,474.735,479.791
0,81,normalize,cpu,480.473,488.402
0,81,g_a_cpu,cpu,488.405,488.842
0,81,g_a,dpu,488.844,499.86
0,81,g_a,dpu,499.863,509.092
0,81,g_a_cpu,cpu,509.094,509.775
0,81,eb_enc,cpu,509.778,514.673
0,88,normalize,cpu,515.303,519.043
0,88,g_a_cpu,cpu,519.047,519.517
0,88,g_a,dpu,519.518,535.022
0,88,g_a,dpu,535.024,553.508
0,88,g_a_cpu,cpu,553.509,554.056
0,88,eb_enc,cpu,554.062,558.953
0,97,normalize,cpu,559.727,563.412
0,97,g_a_cpu,cpu,563.415,563.841
0,97,g_a,dpu,563.844,575.521
0,97,g_a,dpu,575.523,589.655
0,97,g_a_cpu,cpu,589.657,590.107
0,97,eb_enc,cpu,590.111,595.972
0,105,normalize,cpu,596.669,600.544
0,105,g_a_cpu,cpu,600.55,601.233
0,105,g_a,dpu,601.235,623.776
0,105,g_a,dpu,623.779,633.08
0,105,g_a_cpu,cpu,633.086,633.595
0,105,eb_enc,cpu,633.601,638.647
0,114,normalize,cpu,639.169,642.864
0,114,g_a_cpu,cpu,642.87,643.399
0,114,g_a,dpu,643.402,654.58
0,114,g_a,dpu,654.581,686.314
0,114,g_a_cpu,cpu,686.317,686.782
0,114,eb_enc,cpu,686.785,691.725
0,125,normalize,cpu,707.739,711.422
0,125,g_a_cpu,cpu,711.427,711.855
0,125,g_a,dpu,711.858,727.628
0,125,g_a,dpu,727.63,738.584
0,125,g_a_cpu,cpu,738.585,739.135
0,125,eb_enc,cpu,739.138,744.186
0,133,normalize,cpu,744.682,748.371
0,133,g_a_cpu,cpu,748.375,748.713
0,133,g_a,dpu,748.715,765.537
0,133,g_a,dpu,765.539,775.206
0,133,g_a_cpu,cpu,775.209,775.821
0,133,eb_enc,cpu,775.83,780.894
0,140,normalize,cpu,781.703,785.366
0,140,g_a_cpu,cpu,785.373,785.82
0,140,g_a,dpu,785.824,804.755
0,140,g_a,dpu,804.757,809.922
0,140,g_a_cpu,cpu,809.923,810.294
0,140,eb_enc,cpu,810.295,815.313
0,148,normalize,cpu,816.01,819.695
0,148,g_a_cpu,cpu,819.698,820.452
0,148,g_a,dpu,820.46,835.14
0,148,g_a,dpu,835.142,840.254
0,148,g_a_cpu,cpu,840.257,840.702
0,148,eb_enc,cpu,840.704,845.699
0,156,normalize,cpu,846.803,850.469
0,156,g_a_cpu,cpu,850.474,850.873
0,156,g_a,dpu,850.876,870.595
0,156,g_a,dpu,870.596,879.971
0,156,g_a_cpu,cpu,879.974,880.454
0,156,eb_enc,cpu,880.458,885.642
0,163,normalize,cpu,886.342,890.007
0,163,g_a_cpu,cpu,890.009,890.413
0,163,g_a,dpu,890.416,895.81
0,163,g_a,dpu,895.82,908.205
0,163,g_a_cpu,cpu,908.207,908.66
0,163,eb_enc,cpu,908.663,913.743
0,170,normalize,cpu,914.686,918.365
0,170,g_a_cpu,cpu,918.367,918.898
0,170,g_a,dpu,918.902,936.037
0,170,g_a,dpu,936.039,950.082
0,170,g_a_cpu,cpu,950.084,950.636
0,170,eb_enc,cpu,950.639,955.908
0,177,normalize,cpu,956.634,960.36
0,177,g_a_cpu,cpu,960.363,960.706
0,177,g_a,dpu,960.709,966.173
0,177,g_a,dpu,966.175,971.743
0,177,g_a_cpu,cpu,971.747,972.13
0,177,eb_enc,cpu,972.133,977.209
0,181,normalize,cpu,977.879,981.579
0,181,g_a_cpu,cpu,981.582,981.969
0,181,g_a,dpu,981.975,997.744
0,181,g_a,dpu,997.747,1019.19
0,181,g_a_cpu,cpu,1019.19,1019.66
0,181,eb_enc,cpu,1019.66,1024.59
0,192,normalize,cpu,1025.24,1028.89
0,192,g_a_cpu,cpu,1028.89,1029.43
0,192,g_a,dpu,1029.44,1041.29
0,192,g_a,dpu,1041.29,1050.9
0,192,g_a_cpu,cpu,1050.9,1051.31
0,192,eb_enc,cpu,1051.32,1056.24
0,198,normalize,cpu,1056.91,1060.57
0,198,g_a_cpu,cpu,1060.57,1061.01
0,198,g_a,dpu,1061.01,1069.2
0,198,g_a,dpu,1069.2,1082.83
0,198,g_a_cpu,cpu,1082.83,1083.36
0,198,eb_enc,cpu,1083.36,1088.64
0,203,normalize,cpu,1089.3,1092.98
0,203,g_a_cpu,cpu,1092.99,1093.32
0,203,g_a,dpu,1093.33,1106.98
0,203,g_a,dpu,1106.99,1130.59
0,203,g_a_cpu,cpu,1130.6,1130.95
0,203,eb_enc,cpu,1130.95,1136.06
0,214,normalize,cpu,1136.81,1140.48
0,214,g_a_cpu,cpu,1140.48,1141.09
0,214,g_a,dpu,1141.09,1164.1
0,214,g_a,dpu,1164.11,1177.9
0,214,g_a_cpu,cpu,1177.9,1178.27
0,214,eb_enc,cpu,1178.27,1183.15
0,224,normalize,cpu,1183.79,1187.46
0,224,g_a_cpu,cpu,1187.46,1187.9
0,224,g_a,dpu,1187.91,1198.9
0,224,g_a,dpu,1198.9,1208.12
0,224,g_a_cpu,cpu,1208.13,1208.57
0,224,eb_enc,cpu,1208.57,1213.4
0,232,normalize,cpu,1213.97,1217.69
0,232,g_a_cpu,cpu,1217.7,1218.22
0,232,g_a,dpu,1218.22,1224.88
0,232,g_a,dpu,1224.88,1232.2
0,232,g_a_cpu,cpu,1232.2,1232.84
0,232,eb_enc,cpu,1232.84,1237.87
0,235,normalize,cpu,1238.37,1242.1
0,235,g_a_cpu,cpu,1242.11,1242.61
0,235,g_a,dpu,1242.62,1262.76
0,235,g_a,dpu,1262.77,1268.59
0,235,g_a_cpu,cpu,1268.6,1269.19
0,235,eb_enc,cpu,1269.19,1274.33
0,242,normalize,cpu,1275.28,1279.96
0,242,g_a_cpu,cpu,1279.96,1280.57
0,242,g_a,dpu,1280.58,1294.79
0,242,g_a,dpu,1294.79,1299.92
0,242,g_a_cpu,cpu,1299.92,1300.53
0,242,eb_enc,cpu,1300.53,1305.56
0,246,normalize,cpu,1306.12,1309.82
0,246,g_a_cpu,cpu,1309.83,1311.23
0,246,g_a,dpu,1311.23,1319.22
0,246,g_a,dpu,1319.23,1328.24
0,246,g_a_cpu,cpu,1328.24,1328.8
0,246,eb_enc,cpu,1328.8,1345.16
0,255,normalize,cpu,1345.93,1349.69
0,255,g_a_cpu,cpu,1349.7,1350.33
0,255,g_a,dpu,1350.34,1357.97
0,255,g_a,dpu,1357.97,1375.2
0,255,g_a_cpu,cpu,1375.2,1375.81
0,255,eb_enc,cpu,1375.81,1381.02
0,262,normalize,cpu,1381.78,1385.48
0,262,g_a_cpu,cpu,1385.48,1385.85
0,262,g_a,dpu,1385.86,1391.7
0,262,g_a,dpu,1391.7,1401.12
0,262,g_a_cpu,cpu,1401.12,1401.7
0,262,eb_enc,cpu,1401.71,1406.74
0,269,normalize,cpu,1407.49,1411.23
0,269,g_a_cpu,cpu,1411.23,1411.84
0,269,g_a,dpu,1411.84,1427.2
0,269,g_a,dpu,1427.2,1441.22
0,269,g_a_cpu,cpu,1441.22,1441.66
0,269,eb_enc,cpu,1441.66,1446.57
0,276,normalize,cpu,1447.05,1450.78
0,276,g_a_cpu,cpu,1450.78,1451.14
0,276,g_a,dpu,1451.15,1467.84
0,276,g_a,dpu,1467.85,1473.1
0,276,g_a_cpu,cpu,1473.1,1473.54
0,276,eb_enc,cpu,1473.55,1484.09
0,285,normalize,cpu,1484.61,1505.65
0,285,g_a_cpu,cpu,1505.65,1506.13
0,285,g_a,dpu,1506.13,1514.53
0,285,g_a,dpu,1514.53,1523.93
0,285,g_a_cpu,cpu,1523.93,1524.54
0,285,eb_enc,cpu,1524.55,1529.52
0,293,normalize,cpu,1530.27,1533.97
0,293,g_a_cpu,cpu,1533.97,1534.28
0,293,g_a,dpu,1534.29,1553.71
0,293,g_a,dpu,1553.72,1563.08
0,293,g_a_cpu,cpu,1563.09,1563.57
0,293,eb_enc,cpu,1563.58,1568.71
0,302,normalize,cpu,1569.44,1585.23
0,302,g_a_cpu,cpu,1585.23,1586.05
0,302,g_a,dpu,1586.05,1593.77
0,302,g_a,dpu,1593.78,1600.54
0,302,g_a_cpu,cpu,1600.54,1601
0,302,eb_enc,cpu,1601.01,1606.16
0,309,normalize,cpu,1606.88,1610.56
0,309,g_a_cpu,cpu,1610.57,1611.16
0,309,g_a,dpu,1611.17,1623.81
0,309,g_a,dpu,1623.81,1637.67
0,309,g_a_cpu,cpu,1637.67,1638.03
0,309,eb_enc,cpu,1638.03,1642.97
0,316,normalize,cpu,1643.62,1648.02
0,316,g_a_cpu,cpu,1648.02,1648.73
0,316,g_a,dpu,1648.74,1660.56
0,316,g_a,dpu,1660.57,1665.75
0,316,g_a_cpu,cpu,1665.76,1666.99
0,316,eb_enc,cpu,1667.01,1674.25
0,322,normalize,cpu,1674.83,1684.28
0,322,g_a_cpu,cpu,1684.29,1684.94
0,322,g_a,dpu,1684.94,1690.33
0,322,g_a,dpu,1690.33,1699.87
0,322,g_a_cpu,cpu,1699.87,1700.37
0,322,eb_enc,cpu,1700.38,1706.63
0,331,normalize,cpu,1707.12,1711.53
0,331,g_a_cpu,cpu,1711.54,1712.06
0,331,g_a,dpu,1712.07,1746.8
0,331,g_a,dpu,1746.8,1752.16
0,331,g_a_cpu,cpu,1752.16,1752.65
0,331,eb_enc,cpu,1752.65,1757.58
0,342,normalize,cpu,1758.16,1761.91
0,342,g_a_cpu,cpu,1761.92,1762.37
0,342,g_a,dpu,1762.37,1772.18
0,342,g_a,dpu,1772.19,1786.58
0,342,g_a_cpu,cpu,1786.59,1787.1
0,342,eb_enc,cpu,1787.1,1792.16
0,349,normalize,cpu,1792.75,1797.25
0,349,g_a_cpu,cpu,1797.26,1797.84
0,349,g_a,dpu,1797.84,1823.3
0,349,g_a,dpu,1823.31,1829.01
0,349,g_a_cpu,cpu,1829.01,1829.58
0,349,eb_enc,cpu,1829.58,1835.16
0,356,normalize,cpu,1835.98,1839.88
0,356,g_a_cpu,cpu,1839.88,1840.45
0,356,g_a,dpu,1840.46,1847.79
0,356,g_a,dpu,1847.79,1853.09
0,356,g_a_cpu,cpu,1853.09,1853.58
0,356,eb_enc,cpu,1853.58,1858.94
0,360,normalize,cpu,1860.03,1863.7
0,360,g_a_cpu,cpu,1863.71,1864.94
0,360,g_a,dpu,1864.94,1881.97
0,360,g_a,dpu,1881.98,1891.74
0,360,g_a_cpu,cpu,1891.74,1892.18
0,360,eb_enc,cpu,1892.18,1899.97
0,368,normalize,cpu,1904.04,1907.71
0,368,g_a_cpu,cpu,1907.71,1908.12
0,368,g_a,dpu,1908.12,1924.99
0,368,g_a,dpu,1924.99,1935.37
0,368,g_a_cpu,cpu,1935.37,1935.79
0,368,eb_enc,cpu,1935.8,1940.99
0,378,normalize,cpu,1941.89,1945.57
0,378,g_a_cpu,cpu,1945.57,1945.94
0,378,g_a,dpu,1945.95,1958.16
0,378,g_a,dpu,1958.16,1970.88
0,378,g_a_cpu,cpu,1970.89,1971.45
0,378,eb_enc,cpu,1971.46,1976.61
0,386,normalize,cpu,1977.41,1981.09
0,386,g_a_cpu,cpu,1981.1,1981.54
0,386,g_a,dpu,1981.54,1994.24
0,386,g_a,dpu,1994.24,1999.46
0,386,g_a_cpu,cpu,1999.46,1999.87
0,386,eb_enc,cpu,1999.87,2005.02
0,393,normalize,cpu,2005.81,2009.5
0,393,g_a_cpu,cpu,2009.5,2009.95
0,393,g_a,dpu,2009.95,2023.53
0,393,g_a,dpu,2023.53,2032.74
0,393,g_a_cpu,cpu,2032.74,2033.1
0,393,eb_enc,cpu,2033.1,2037.88
0,400,normalize,cpu,2040.66,2045.24
0,400,g_a_cpu,cpu,2045.25,2045.94
0,400,g_a,dpu,2045.94,2061.05
0,400,g_a,dpu,2061.05,2071.28
0,400,g_a_cpu,cpu,2071.29,2071.84
0,400,eb_enc,cpu,2071.84,2081.47
0,409,normalize,cpu,2082.13,2091.6
0,409,g_a_cpu,cpu,2091.61,2092.08
0,409,g_a,dpu,2092.08,2107.38
0,409,g_a,dpu,2107.39,2121.61
0,409,g_a_cpu,cpu,2121.61,2122.03
0,409,eb_enc,cpu,2122.03,2127.54
0,418,normalize,cpu,2128.38,2132.04
0,418,g_a_cpu,cpu,2132.04,2132.46
0,418,g_a,dpu,2132.46,2138.7
0,418,g_a,dpu,2138.7,2151.79
0,418,g_a_cpu,cpu,2151.8,2152.23
0,418,eb_enc,cpu,2152.23,2157.12
0,425,normalize,cpu,2157.76,2161.43
0,425,g_a_cpu,cpu,2161.43,2161.84
0,425,g_a,dpu,2161.84,2176.43
0,425,g_a,dpu,2176.43,2187.68
0,425,g_a_cpu,cpu,2187.69,2188.24
0,425,eb_enc,cpu,2188.25,2193.65
0,432,normalize,cpu,2194.22,2197.87
0,432,g_a_cpu,cpu,2197.88,2198.33
0,432,g_a,dpu,2198.34,2227.61
0,432,g_a,dpu,2227.61,2237.22
0,432,g_a_cpu,cpu,2237.22,2237.68
0,432,eb_enc,cpu,2237.68,2242.64
0,443,normalize,cpu,2243.24,2246.97
0,443,g_a_cpu,cpu,2246.97,2247.35
0,443,g_a,dpu,2247.36,2254.99
0,443,g_a,dpu,2254.99,2265.38
0,443,g_a_cpu,cpu,2265.38,2266.14
0,443,eb_enc,cpu,2266.14,2272.05
0,450,normalize,cpu,2272.7,2276.55
0,450,g_a_cpu,cpu,2276.55,2277.12
0,450,g_a,dpu,2277.12,2305.99
0,450,g_a,dpu,2305.99,2316.18
0,450,g_a_cpu,cpu,2316.18,2316.69
0,450,eb_enc,cpu,2316.69,2321.9
0,461,normalize,cpu,2322.37,2326.04
0,461,g_a_cpu,cpu,2326.04,2326.6
0,461,g_a,dpu,2326.61,2345.32
0,461,g_a,dpu,2345.33,2356.03
0,461,g_a_cpu,cpu,2356.04,2356.61
0,461,eb_enc,cpu,2356.61,2361.78
0,468,normalize,cpu,2362.51,2366.47
0,468,g_a_cpu,cpu,2366.48,2366.99
0,468,g_a,dpu,2366.99,2379.13
0,468,g_a,dpu,2379.13,2393.35
0,468,g_a_cpu,cpu,2393.35,2393.77
0,468,eb_enc,cpu,2393.77,2402.1
0,476,normalize,cpu,2402.72,2407.03
0,476,g_a_cpu,cpu,2407.03,2407.48
0,476,g_a,dpu,2407.48,2419.36
0,476,g_a,dpu,2419.36,2425.91
0,476,g_a_cpu,cpu,2425.91,2426.56
0,476,eb_enc,cpu,2426.56,2432.6
0,483,normalize,cpu,2433.58,2446.11
0,483,g_a_cpu,cpu,2446.11,2446.66
0,483,g_a,dpu,2446.67,2454.68
0,483,g_a,dpu,2454.68,2464.06
0,483,g_a_cpu,cpu,2464.07,2464.58
0,483,eb_enc,cpu,2464.59,2470.73
0,492,normalize,cpu,2471.66,2476.16
0,492,g_a_cpu,cpu,2476.16,2476.59
0,492,g_a,dpu,2476.59,2486.62
0,492,g_a,dpu,2486.62,2496.13
0,492,g_a_cpu,cpu,2496.13,2496.68
0,492,eb_enc,cpu,2496.68,2501.67
0,500,normalize,cpu,2502.61,2506.22
0,500,g_a_cpu,cpu,2506.22,2506.82
0,500,g_a,dpu,2506.83,2538.48
0,500,g_a,dpu,2538.48,2552.34
0,500,g_a_cpu,cpu,2552.34,2552.8
0,500,eb_enc,cpu,2552.81,2557.93
0,511,normalize,cpu,2558.55,2562.28
0,511,g_a_cpu,cpu,2562.29,2562.78
0,511,g_a,dpu,2562.78,2568.43
0,511,g_a,dpu,2568.43,2578.58
0,511,g_a_cpu,cpu,2578.59,2579.1
0,511,eb_enc,cpu,2579.11,2585.76
0,518,normalize,cpu,2586.31,2595.47
0,518,g_a_cpu,cpu,2595.47,2595.84
0,518,g_a,dpu,2595.85,2602.84
0,518,g_a,dpu,2602.85,2608.58
0,518,g_a_cpu,cpu,2608.59,2609.25
0,518,eb_enc,cpu,2609.26,2614.76
0,523,normalize,cpu,2615.63,2619.56
0,523,g_a_cpu,cpu,2619.57,2620
0,523,g_a,dpu,2620,2625.72
0,523,g_a,dpu,2625.72,2648.35
0,523,g_a_cpu,cpu,2648.35,2648.78
0,523,eb_enc,cpu,2648.78,2654.23
0,531,normalize,cpu,2655.28,2658.95
0,531,g_a_cpu,cpu,2658.96,2659.44
0,531,g_a,dpu,2659.44,2669.1
0,531,g_a,dpu,2669.1,2674.53
0,531,g_a_cpu,cpu,2674.53,2675.06
0,531,eb_enc,cpu,2675.06,2681.16
0,537,normalize,cpu,2681.7,2686.98
0,537,g_a_cpu,cpu,2686.98,2687.29
0,537,g_a,dpu,2687.29,2697.21
0,537,g_a,dpu,2697.21,2715.96
0,537,g_a_cpu,cpu,2715.96,2716.35
0,537,eb_enc,cpu,2716.35,2721.14
0,545,normalize,cpu,2721.6,2725.28
0,545,g_a_cpu,cpu,2725.29,2725.58
0,545,g_a,dpu,2725.58,2740.54
0,545,g_a,dpu,2740.54,2776.56
0,545,g_a_cpu,cpu,2776.57,2777.07
0,545,eb_enc,cpu,2777.07,2782.07
0,558,normalize,cpu,2782.89,2786.64
0,558,g_a_cpu,cpu,2786.64,2787.11
0,558,g_a,dpu,2787.12,2792.37
0,558,g_a,dpu,2792.37,2807.4
0,558,g_a_cpu,cpu,2807.4,2807.82
0,558,eb_enc,cpu,2807.83,2812.8
0,565,normalize,cpu,2813.38,2817.17
0,565,g_a_cpu,cpu,2817.18,2817.76
0,565,g_a,dpu,2817.76,2830.59
0,565,g_a,dpu,2830.59,2840.21
0,565,g_a_cpu,cpu,2840.21,2840.79
0,565,eb_enc,cpu,2840.8,2845.78
0,571,normalize,cpu,2846.56,2850.33
0,571,g_a_cpu,cpu,2850.33,2850.73
0,571,g_a,dpu,2850.74,2856.99
0,571,g_a,dpu,2856.99,2866.21
0,571,g_a_cpu,cpu,2866.22,2866.95
0,571,eb_enc,cpu,2866.95,2871.9
0,578,normalize,cpu,2878.5,2883.9
0,578,g_a_cpu,cpu,2883.9,2884.38
0,578,g_a,dpu,2884.38,2905.83
0,578,g_a,dpu,2905.83,2920.56
0,578,g_a_cpu,cpu,2920.57,2921.28
0,578,eb_enc,cpu,2921.29,2932.22
0,588,normalize,cpu,2932.99,2943.6
0,588,g_a_cpu,cpu,2943.6,2944.22
0,588,g_a,dpu,2944.23,2952.34
0,588,g_a,dpu,2952.34,2961.71
0,588,g_a_cpu,cpu,2961.72,2962.24
0,588,eb_enc,cpu,2962.24,2967.19
0,596,normalize,cpu,2968.13,2971.87
0,596,g_a_cpu,cpu,2971.87,2972.38
0,596,g_a,dpu,2972.38,2984.55
0,596,g_a,dpu,2984.55,2993.95
0,596,g_a_cpu,cpu,2993.96,2994.65
0,596,eb_enc,cpu,2994.65,2999.81
0,602,normalize,cpu,3000.56,3004.25
0,602,g_a_cpu,cpu,3004.25,3004.6
0,602,g_a,dpu,3004.61,3015.51
0,602,g_a,dpu,3015.52,3024.77
0,602,g_a_cpu,cpu,3024.77,3025.28
0,602,eb_enc,cpu,3025.28,3030.34
0,610,normalize,cpu,3031.4,3042.14
0,610,g_a_cpu,cpu,3042.15,3042.7
0,610,g_a,dpu,3042.71,3061.04
0,610,g_a,dpu,3061.05,3066.27
0,610,g_a_cpu,cpu,3066.27,3066.78
0,610,eb_enc,cpu,3066.78,3071.68
0,620,normalize,cpu,3072.27,3076
0,620,g_a_cpu,cpu,3076,3076.42
0,620,g_a,dpu,3076.42,3087.95
0,620,g_a,dpu,3087.95,3101.83
0,620,g_a_cpu,cpu,3101.83,3102.22
0,620,eb_enc,cpu,3102.22,3107.12
0,628,normalize,cpu,3107.77,3111.53
0,628,g_a_cpu,cpu,3111.53,3111.86
0,628,g_a,dpu,3111.86,3125.1
0,628,g_a,dpu,3125.1,3139.05
0,628,g_a_cpu,cpu,3139.05,3139.47
0,628,eb_enc,cpu,3139.47,3144.46
0,636,normalize,cpu,3145.06,3148.79
0,636,g_a_cpu,cpu,3148.8,3149.33
0,636,g_a,dpu,3149.33,3160.15
0,636,g_a,dpu,3160.15,3165.68
0,636,g_a_cpu,cpu,3165.68,3166.16
0,636,eb_enc,cpu,3166.16,3172.46
0,640,normalize,cpu,3173.33,3177.1
0,640,g_a_cpu,cpu,3177.11,3177.86
0,640,g_a,dpu,3177.87,3200.07
0,640,g_a,dpu,3200.07,3212.07
0,640,g_a_cpu,cpu,3212.07,3212.6
0,640,eb_enc,cpu,3212.61,3217.6
0,648,normalize,cpu,3218.34,3222.01
0,648,g_a_cpu,cpu,3222.02,3222.67
0,648,g_a,dpu,3222.67,3236.47
0,648,g_a,dpu,3236.47,3245.67
0,648,g_a_cpu,cpu,3245.68,3246.12
0,648,eb_enc,cpu,3246.12,3251.25
0,655,normalize,cpu,3251.86,3255.54
0,655,g_a_cpu,cpu,3255.55,3256.34
0,655,g_a,dpu,3256.34,3288.43
0,655,g_a,dpu,3288.47,3293.57
0,655,g_a_cpu,cpu,3293.57,3294.02
0,655,eb_enc,cpu,3294.02,3299.28
0,666,normalize,cpu,3300.3,3304.04
0,666,g_a_cpu,cpu,3304.04,3304.5
0,666,g_a,dpu,3304.51,3314.05
0,666,g_a,dpu,3314.05,3319.16
0,666,g_a_cpu,cpu,3319.16,3319.63
0,666,eb_enc,cpu,3319.63,3324.72
0,672,normalize,cpu,3325.48,3329.22
0,672,g_a_cpu,cpu,3329.23,3329.75
0,672,g_a,dpu,3329.76,3335.1
0,672,g_a,dpu,3335.1,3345.17
0,672,g_a_cpu,cpu,3345.17,3345.64
0,672,eb_enc,cpu,3345.64,3350.88
0,678,normalize,cpu,3351.42,3355.16
0,678,g_a_cpu,cpu,3355.16,3355.73
0,678,g_a,dpu,3355.74,3375.79
0,678,g_a,dpu,3375.8,3385.17
0,678,g_a_cpu,cpu,3385.17,3385.54
0,678,eb_enc,cpu,3385.55,3390.61
0,688,normalize,cpu,3391.11,3394.77
0,688,g_a_cpu,cpu,3394.77,3395.23
0,688,g_a,dpu,3395.23,3410.28
0,688,g_a,dpu,3410.28,3415.46
0,688,g_a_cpu,cpu,3415.46,3415.99
0,688,eb_enc,cpu,3416,3420.89
0,695,normalize,cpu,3431.33,3435.02
0,695,g_a_cpu,cpu,3435.02,3435.39
0,695,g_a,dpu,3435.39,3452.42
0,695,g_a,dpu,3452.43,3467.67
0,695,g_a_cpu,cpu,3467.67,3468.11
0,695,eb_enc,cpu,3468.11,3473.08
0,704,normalize,cpu,3473.55,3477.3
0,704,g_a_cpu,cpu,3477.31,3477.68
0,704,g_a,dpu,3477.69,3488.86
0,704,g_a,dpu,3488.86,3499.18
0,704,g_a_cpu,cpu,3499.18,3499.79
0,704,eb_enc,cpu,3499.8,3505.01
0,711,normalize,cpu,3505.72,3509.39
0,711,g_a_cpu,cpu,3509.39,3509.86
0,711,g_a,dpu,3509.86,3515.19
0,711,g_a,dpu,3515.2,3520.47
0,711,g_a_cpu,cpu,3520.47,3521.01
0,711,eb_enc,cpu,3521.01,3525.91
0,716,normalize,cpu,3526.64,3530.29
0,716,g_a_cpu,cpu,3530.3,3531.07
0,716,g_a,dpu,3531.08,3536.5
0,716,g_a,dpu,3536.5,3545.94
0,716,g_a_cpu,cpu,3545.94,3546.62
0,716,eb_enc,cpu,3546.63,3551.74
0,722,normalize,cpu,3552.45,3556.31
0,722,g_a_cpu,cpu,3556.32,3556.73
0,722,g_a,dpu,3556.73,3561.91
0,722,g_a,dpu,3561.92,3575.98
0,722,g_a_cpu,cpu,3575.98,3576.58
0,722,eb_enc,cpu,3576.59,3581.61
0,726,normalize,cpu,3582.17,3585.98
0,726,g_a_cpu,cpu,3585.98,3586.5
0,726,g_a,dpu,3586.5,3591.72
0,726,g_a,dpu,3591.72,3615.09
0,726,g_a_cpu,cpu,3615.09,3615.71
0,726,eb_enc,cpu,3615.71,3620.89
0,734,normalize,cpu,3621.6,3625.33
0,734,g_a_cpu,cpu,3625.33,3625.76
0,734,g_a,dpu,3625.76,3638.27
0,734,g_a,dpu,3638.27,3647.62
0,734,g_a_cpu,cpu,3647.62,3648.11
0,734,eb_enc,cpu,3648.12,3653.03
0,740,normalize,cpu,3654.34,3661.13
0,740,g_a_cpu,cpu,3661.14,3661.57
0,740,g_a,dpu,3661.57,3670.12
0,740,g_a,dpu,3670.12,3679.73
0,740,g_a_cpu,cpu,3679.73,3680.34
0,740,eb_enc,cpu,3680.34,3686.33
0,749,normalize,cpu,3687.01,3690.8
0,749,g_a_cpu,cpu,3690.8,3691.41
0,749,g_a,dpu,3691.41,3706.42
0,749,g_a,dpu,3706.43,3725.72
0,749,g_a_cpu,cpu,3725.73,3726.26
0,749,eb_enc,cpu,3726.27,3731.18
0,759,normalize,cpu,3731.68,3736.6
0,759,g_a_cpu,cpu,3736.61,3738.73
0,759,g_a,dpu,3738.74,3744.25
0,759,g_a,dpu,3744.25,3749.55
0,759,g_a_cpu,cpu,3749.56,3750.04
0,759,eb_enc,cpu,3750.04,3761.38
0,762,normalize,cpu,3762.04,3769.48
0,762,g_a_cpu,cpu,3769.48,3769.81
0,762,g_a,dpu,3769.81,3792.26
0,762,g_a,dpu,3792.26,3807.28
0,762,g_a_cpu,cpu,3807.28,3807.63
0,762,eb_enc,cpu,3807.64,3812.47
0,775,normalize,cpu,3813.19,3817.02
0,775,g_a_cpu,cpu,3817.02,3817.33
0,775,g_a,dpu,3817.34,3828.61
0,775,g_a,dpu,3828.61,3833.96
0,775,g_a_cpu,cpu,3833.96,3834.42
0,775,eb_enc,cpu,3834.43,3839.47
0,780,normalize,cpu,3840.34,3844.08
0,780,g_a_cpu,cpu,3844.08,3844.53
0,780,g_a,dpu,3844.54,3850.24
0,780,g_a,dpu,3850.24,3859.48
0,780,g_a_cpu,cpu,3859.48,3859.84
0,780,eb_enc,cpu,3859.84,3869.4
0,787,normalize,cpu,3870.01,3873.9
0,787,g_a_cpu,cpu,3873.91,3874.44
0,787,g_a,dpu,3874.45,3890.62
0,787,g_a,dpu,3890.62,3909.4
0,787,g_a_cpu,cpu,3909.4,3909.77
0,787,eb_enc,cpu,3909.77,3914.71
0,797,normalize,cpu,3915.78,3919.45
0,797,g_a_cpu,cpu,3919.45,3921.11
0,797,g_a,dpu,3921.12,3930.59
0,797,g_a,dpu,3930.59,3936.11
0,797,g_a_cpu,cpu,3936.11,3936.74
0,797,eb_enc,cpu,3936.74,3942.01
0,803,normalize,cpu,3942.82,3946.57
0,803,g_a_cpu,cpu,3946.58,3947.12
0,803,g_a,dpu,3947.12,3955.65
0,803,g_a,dpu,3955.65,3961.91
0,803,g_a_cpu,cpu,3961.91,3962.45
0,803,eb_enc,cpu,3962.46,3967.73
0,809,normalize,cpu,3968.39,3972.24
0,809,g_a_cpu,cpu,3972.24,3972.65
0,809,g_a,dpu,3972.65,3993.64
0,809,g_a,dpu,3993.64,4003.55
0,809,g_a_cpu,cpu,4003.55,4004
0,809,eb_enc,cpu,4004,4008.8
0,817,normalize,cpu,4009.18,4012.97
0,817,g_a_cpu,cpu,4012.97,4013.3
0,817,g_a,dpu,4013.31,4029.85
0,817,g_a,dpu,4029.85,4039.78
0,817,g_a_cpu,cpu,4039.78,4040.15
0,817,eb_enc,cpu,4040.16,4045.02
0,825,normalize,cpu,4045.63,4049.33
0,825,g_a_cpu,cpu,4049.33,4049.89
0,825,g_a,dpu,4049.89,4069.78
0,825,g_a,dpu,4069.78,4083.95
0,825,g_a_cpu,cpu,4083.95,4084.62
0,825,eb_enc,cpu,4084.62,4089.66
0,834,normalize,cpu,4090.16,4093.91
0,834,g_a_cpu,cpu,4093.91,4094.52
0,834,g_a,dpu,4094.52,4099.89
0,834,g_a,dpu,4099.89,4105.4
0,834,g_a_cpu,cpu,4105.4,4105.93
0,834,eb_enc,cpu,4105.94,4111.19
0,839,normalize,cpu,4112.08,4115.96
0,839,g_a_cpu,cpu,4115.96,4116.47
0,839,g_a,dpu,4116.47,4130.37
0,839,g_a,dpu,4130.37,4139.63
0,839,g_a_cpu,cpu,4139.63,4140.11
0,839,eb_enc,cpu,4140.12,4145.2
0,847,normalize,cpu,4145.71,4149.49
0,847,g_a_cpu,cpu,4149.49,4149.93
0,847,g_a,dpu,4149.93,4158.81
0,847,g_a,dpu,4158.81,4164.36
0,847,g_a_cpu,cpu,4164.36,4164.92
0,847,eb_enc,cpu,4164.93,4170.05
0,852,normalize,cpu,4170.58,4175.01
0,852,g_a_cpu,cpu,4175.01,4175.6
0,852,g_a,dpu,4175.6,4192.78
0,852,g_a,dpu,4192.78,4217.59
0,852,g_a_cpu,cpu,4217.59,4217.98
0,852,eb_enc,cpu,4217.98,4223.03
0,862,normalize,cpu,4223.74,4227.5
0,862,g_a_cpu,cpu,4227.5,4227.95
0,862,g_a,dpu,4227.95,4241.08
0,862,g_a,dpu,4241.08,4246.37
0,862,g_a_cpu,cpu,4246.37,4246.85
0,862,eb_enc,cpu,4246.85,4252.09
0,869,normalize,cpu,4252.66,4256.49
0,869,g_a_cpu,cpu,4256.5,4257.12
0,869,g_a,dpu,4257.12,4282.53
0,869,g_a,dpu,4282.54,4303.56
0,869,g_a_cpu,cpu,4303.56,4304.1
0,869,eb_enc,cpu,4304.11,4309.08
0,882,normalize,cpu,4310.07,4313.74
0,882,g_a_cpu,cpu,4313.74,4314.12
0,882,g_a,dpu,4314.13,4325.67
0,882,g_a,dpu,4325.67,4330.96
0,882,g_a_cpu,cpu,4330.97,4331.43
0,882,eb_enc,cpu,4331.43,4336.33
0,888,normalize,cpu,4336.89,4340.73
0,888,g_a_cpu,cpu,4340.74,4341.27
0,888,g_a,dpu,4341.28,4363.79
0,888,g_a,dpu,4363.79,4368.93
0,888,g_a_cpu,cpu,4368.94,4369.54
0,888,eb_enc,cpu,4369.55,4374.56
0,897,normalize,cpu,4375.44,4379.11
0,897,g_a_cpu,cpu,4379.12,4379.69
0,897,g_a,dpu,4379.69,4385.13
0,897,g_a,dpu,4385.13,4394.95
0,897,g_a_cpu,cpu,4394.95,4395.45
0,897,eb_enc,cpu,4395.45,4400.59
0,902,normalize,cpu,4401.29,4404.98
0,902,g_a_cpu,cpu,4404.98,4405.47
0,902,g_a,dpu,4405.48,4410.92
0,902,g_a,dpu,4410.93,4416.13
0,902,g_a_cpu,cpu,4416.13,4416.68
0,902,eb_enc,cpu,4416.68,4422.06
0,907,normalize,cpu,4422.81,4426.55
0,907,g_a_cpu,cpu,4426.55,4427.13
0,907,g_a,dpu,4427.13,4434.71
0,907,g_a,dpu,4434.71,4443.76
0,907,g_a_cpu,cpu,4443.76,4444.25
0,907,eb_enc,cpu,4444.25,4449.55
0,912,normalize,cpu,4450.11,4454.03
0,912,g_a_cpu,cpu,4454.04,4454.51
0,912,g_a,dpu,4454.51,4476.8
0,912,g_a,dpu,4476.81,4482.04
0,912,g_a_cpu,cpu,4482.04,4482.48
0,912,eb_enc,cpu,4482.48,4487.46
0,920,normalize,cpu,4487.99,4497.58
0,920,g_a_cpu,cpu,4497.59,4498.07
0,920,g_a,dpu,4498.07,4506.54
0,920,g_a,dpu,4506.55,4512
0,920,g_a_cpu,cpu,4512.01,4512.53
0,920,eb_enc,cpu,4512.53,4520.56
1,5,normalize,cpu,89.8698,93.6623
1,5,g_a_cpu,cpu,96.3093,96.9819
1,5,g_a,dpu,96.986,105.312
1,5,g_a,dpu,105.317,115.326
1,5,g_a_cpu,cpu,115.329,115.869
1,5,eb_enc,cpu,115.881,132.009
1,10,normalize,cpu,132.889,136.738
1,10,g_a_cpu,cpu,136.746,137.214
1,10,g_a,dpu,137.22,146.823
1,10,g_a,dpu,146.837,152.84
1,10,g_a_cpu,cpu,152.842,153.519
1,10,eb_enc,cpu,153.524,159.119
1,16,normalize,cpu,159.904,163.643
1,16,g_a_cpu,cpu,163.645,164.13
1,16,g_a,dpu,164.135,172.585
1,16,g_a,dpu,172.587,184.244
1,16,g_a_cpu,cpu,184.246,184.731
1,16,eb_enc,cpu,184.747,195.109
1,21,normalize,cpu,195.89,206.773
1,21,g_a_cpu,cpu,206.776,207.298
1,21,g_a,dpu,207.301,219.482
1,21,g_a,dpu,219.484,224.97
1,21,g_a_cpu,cpu,224.972,225.424
1,21,eb_enc,cpu,225.427,230.961
1,29,normalize,cpu,231.68,235.678
1,29,g_a_cpu,cpu,235.688,236.357
1,29,g_a,dpu,236.363,242.349
1,29,g_a,dpu,242.351,247.814
1,29,g_a_cpu,cpu,247.815,248.397
1,29,eb_enc,cpu,248.399,256.595
1,33,normalize,cpu,257.078,267.341
1,33,g_a_cpu,cpu,267.346,267.843
1,33,g_a,dpu,267.846,284.414
1,33,g_a,dpu,284.42,289.634
1,33,g_a_cpu,cpu,289.636,290.234
1,33,eb_enc,cpu,290.237,295.495
1,42,normalize,cpu,296.15,299.872
1,42,g_a_cpu,cpu,299.875,300.412
1,42,g_a,dpu,300.415,305.745
1,42,g_a,dpu,305.747,310.942
1,42,g_a_cpu,cpu,310.943,311.382
1,42,eb_enc,cpu,311.385,316.522
1,47,normalize,cpu,317.208,321.6
1,47,g_a_cpu,cpu,321.603,322.03
1,47,g_a,dpu,322.032,335.571
1,47,g_a,dpu,335.572,343.226
1,47,g_a_cpu,cpu,343.228,343.887
1,47,eb_enc,cpu,343.891,349.111
1,54,normalize,cpu,350.16,354.643
1,54,g_a_cpu,cpu,354.646,355.182
1,54,g_a,dpu,355.185,360.625
1,54,g_a,dpu,360.626,366.004
1,54,g_a_cpu,cpu,366.005,366.735
1,54,eb_enc,cpu,366.737,371.675
1,59,normalize,cpu,372.144,375.869
1,59,g_a_cpu,cpu,375.873,376.478
1,59,g_a,dpu,376.485,384.85
1,59,g_a,dpu,384.853,390.491
1,59,g_a_cpu,cpu,390.494,391.339
1,59,eb_enc,cpu,391.342,396.715
1,64,normalize,cpu,397.422,401.08
1,64,g_a_cpu,cpu,401.082,401.502
1,64,g_a,dpu,401.504,420.33
1,64,g_a,dpu,420.331,425.954
1,64,g_a_cpu,cpu,425.955,426.79
1,64,eb_enc,cpu,426.821,431.998
1,71,normalize,cpu,432.72,440.575
1,71,g_a_cpu,cpu,440.581,441.096
1,71,g_a,dpu,441.101,449.254
1,71,g_a,dpu,449.257,454.643
1,71,g_a_cpu,cpu,454.646,455.137
1,71,eb_enc,cpu,455.143,468.159
1,78,normalize,cpu,469.06,472.892
1,78,g_a_cpu,cpu,472.898,473.438
1,78,g_a,dpu,473.442,505.288
1,78,g_a,dpu,505.289,511.479
1,78,g_a_cpu,cpu,511.481,511.984
1,78,eb_enc,cpu,511.987,516.937
1,89,normalize,cpu,517.509,522.061
1,89,g_a_cpu,cpu,522.065,522.612
1,89,g_a,dpu,522.615,529.6
1,89,g_a,dpu,529.605,538.991
1,89,g_a_cpu,cpu,538.993,539.42
1,89,eb_enc,cpu,539.423,544.444
1,95,normalize,cpu,545.034,548.786
1,95,g_a_cpu,cpu,548.791,549.516
1,95,g_a,dpu,549.523,558.065
1,95,g_a,dpu,558.07,570.75
1,95,g_a_cpu,cpu,570.754,571.214
1,95,eb_enc,cpu,571.216,576.393
1,101,normalize,cpu,576.932,582.164
1,101,g_a_cpu,cpu,582.17,582.777
1,101,g_a,dpu,582.781,592.447
1,101,g_a,dpu,592.449,603.804
1,101,g_a_cpu,cpu,603.806,604.247
1,101,eb_enc,cpu,604.249,609.325
1,108,normalize,cpu,609.837,613.622
1,108,g_a_cpu,cpu,613.626,614.007
1,108,g_a,dpu,614.01,619.33
1,108,g_a,dpu,619.332,624.603
1,108,g_a_cpu,cpu,624.604,625.005
1,108,eb_enc,cpu,625.007,630.216
1,112,normalize,cpu,630.968,634.729
1,112,g_a_cpu,cpu,634.733,635.201
1,112,g_a,dpu,635.206,655.334
1,112,g_a,dpu,655.335,662.823
1,112,g_a_cpu,cpu,662.826,663.513
1,112,eb_enc,cpu,663.516,668.843
1,120,normalize,cpu,669.711,673.447
1,120,g_a_cpu,cpu,673.451,673.909
1,120,g_a,dpu,673.911,695.956
1,120,g_a,dpu,695.961,701.998
1,120,g_a_cpu,cpu,702.001,702.687
1,120,eb_enc,cpu,702.691,707.879
1,126,normalize,cpu,708.592,712.315
1,126,g_a_cpu,cpu,712.321,712.94
1,126,g_a,dpu,712.943,722.744
1,126,g_a,dpu,722.745,733.134
1,126,g_a_cpu,cpu,733.136,733.706
1,126,eb_enc,cpu,733.708,738.919
1,132,normalize,cpu,739.887,743.597
1,132,g_a_cpu,cpu,743.6,744.061
1,132,g_a,dpu,744.063,751.579
1,132,g_a,dpu,751.58,766.281
1,132,g_a_cpu,cpu,766.283,766.787
1,132,eb_enc,cpu,766.792,771.964
1,139,normalize,cpu,772.402,777.076
1,139,g_a_cpu,cpu,777.079,777.553
1,139,g_a,dpu,777.556,782.775
1,139,g_a,dpu,782.783,790.648
1,139,g_a_cpu,cpu,790.653,791.395
1,139,eb_enc,cpu,791.4,796.715
1,143,normalize,cpu,797.426,801.352
1,143,g_a_cpu,cpu,801.355,801.845
1,143,g_a,dpu,801.848,807.119
1,143,g_a,dpu,807.121,812.336
1,143,g_a_cpu,cpu,812.34,812.995
1,143,eb_enc,cpu,812.997,818.153
1,149,normalize,cpu,818.73,822.483
1,149,g_a_cpu,cpu,822.486,823.122
1,149,g_a,dpu,823.13,828.553
1,149,g_a,dpu,828.555,833.741
1,149,g_a_cpu,cpu,833.743,834.187
1,149,eb_enc,cpu,834.189,839.176
1,155,normalize,cpu,839.669,843.431
1,155,g_a_cpu,cpu,843.434,843.848
1,155,g_a,dpu,843.851,856.286
1,155,g_a,dpu,856.287,865.649
1,155,g_a_cpu,cpu,865.651,866.042
1,155,eb_enc,cpu,866.044,871.156
1,161,normalize,cpu,872.181,875.999
1,161,g_a_cpu,cpu,876.003,876.431
1,161,g_a,dpu,876.433,882.227
1,161,g_a,dpu,882.228,889.122
1,161,g_a_cpu,cpu,889.123,891.724
1,161,eb_enc,cpu,891.729,897.599
1,167,normalize,cpu,898.527,902.285
1,167,g_a_cpu,cpu,902.289,902.681
1,167,g_a,dpu,902.684,909.222
1,167,g_a,dpu,909.223,930.109
1,167,g_a_cpu,cpu,930.11,930.57
1,167,eb_enc,cpu,930.571,935.746
1,176,normalize,cpu,936.473,940.118
1,176,g_a_cpu,cpu,940.121,942.433
1,176,g_a,dpu,942.437,966.208
1,176,g_a,dpu,966.209,974.302
1,176,g_a_cpu,cpu,974.306,974.91
1,176,eb_enc,cpu,974.912,980.012
1,183,normalize,cpu,980.531,984.521
1,183,g_a_cpu,cpu,984.532,985.097
1,183,g_a,dpu,985.107,1002.79
1,183,g_a,dpu,1002.79,1007.98
1,183,g_a_cpu,cpu,1007.98,1008.39
1,183,eb_enc,cpu,1008.4,1013.4
1,189,normalize,cpu,1014.02,1017.73
1,189,g_a_cpu,cpu,1017.74,1018.19
1,189,g_a,dpu,1018.2,1023.57
1,189,g_a,dpu,1023.57,1028.71
1,189,g_a_cpu,cpu,1028.71,1029.15
1,189,eb_enc,cpu,1029.16,1034.5
1,193,normalize,cpu,1035.44,1039.19
1,193,g_a_cpu,cpu,1039.19,1039.77
1,193,g_a,dpu,1039.78,1045.5
1,193,g_a,dpu,1045.51,1054.47
1,193,g_a_cpu,cpu,1054.47,1054.88
1,193,eb_enc,cpu,1054.88,1059.85
1,199,normalize,cpu,1060.34,1064.1
1,199,g_a_cpu,cpu,1064.11,1064.54
1,199,g_a,dpu,1064.54,1075.78
1,199,g_a,dpu,1075.79,1085.1
1,199,g_a_cpu,cpu,1085.1,1085.71
1,199,eb_enc,cpu,1085.71,1091.13
1,204,normalize,cpu,1091.76,1097.64
1,204,g_a_cpu,cpu,1097.64,1098.11
1,204,g_a,dpu,1098.12,1103.39
1,204,g_a,dpu,1103.4,1112.61
1,204,g_a_cpu,cpu,1112.61,1113.24
1,204,eb_enc,cpu,1113.24,1118.26
1,209,normalize,cpu,1119.17,1122.85
1,209,g_a_cpu,cpu,1122.85,1123.45
1,209,g_a,dpu,1123.46,1128.82
1,209,g_a,dpu,1128.82,1133.98
1,209,g_a_cpu,cpu,1133.99,1134.68
1,209,eb_enc,cpu,1134.68,1139.98
1,216,normalize,cpu,1140.79,1144.45
1,216,g_a_cpu,cpu,1144.45,1144.89
1,216,g_a,dpu,1144.9,1150.07
1,216,g_a,dpu,1150.07,1155.47
1,216,g_a_cpu,cpu,1155.47,1156.12
1,216,eb_enc,cpu,1156.12,1161.75
1,220,normalize,cpu,1162.46,1166.15
1,220,g_a_cpu,cpu,1166.16,1166.64
1,220,g_a,dpu,1166.64,1176.78
1,220,g_a,dpu,1176.78,1181.82
1,220,g_a_cpu,cpu,1181.82,1182.44
1,220,eb_enc,cpu,1182.44,1187.57
1,225,normalize,cpu,1188.29,1191.97
1,225,g_a_cpu,cpu,1191.97,1192.4
1,225,g_a,dpu,1192.4,1199.02
1,225,g_a,dpu,1199.03,1204.26
1,225,g_a_cpu,cpu,1204.26,1204.79
1,225,eb_enc,cpu,1204.79,1209.84
1,231,normalize,cpu,1210.44,1214.06
1,231,g_a_cpu,cpu,1214.06,1214.53
1,231,g_a,dpu,1214.54,1223.53
1,231,g_a,dpu,1223.54,1233.28
1,231,g_a_cpu,cpu,1233.28,1233.84
1,231,eb_enc,cpu,1233.84,1238.9
1,236,normalize,cpu,1239.55,1254.75
1,236,g_a_cpu,cpu,1254.75,1255.19
1,236,g_a,dpu,1255.19,1260.48
1,236,g_a,dpu,1260.48,1266.26
1,236,g_a_cpu,cpu,1266.26,1266.91
1,236,eb_enc,cpu,1266.91,1272.15
1,241,normalize,cpu,1272.85,1276.61
1,241,g_a_cpu,cpu,1276.62,1277.2
1,241,g_a,dpu,1277.2,1302.33
1,241,g_a,dpu,1302.33,1314.73
1,241,g_a_cpu,cpu,1314.73,1315.33
1,241,eb_enc,cpu,1315.33,1320.36
1,250,normalize,cpu,1320.92,1324.58
1,250,g_a_cpu,cpu,1324.59,1324.95
1,250,g_a,dpu,1324.95,1332.24
1,250,g_a,dpu,1332.24,1346.55
1,250,g_a_cpu,cpu,1346.55,1346.91
1,250,eb_enc,cpu,1346.91,1352.15
1,257,normalize,cpu,1352.73,1356.38
1,257,g_a_cpu,cpu,1356.38,1356.82
1,257,g_a,dpu,1356.83,1365.81
1,257,g_a,dpu,1365.81,1373.16
1,257,g_a_cpu,cpu,1373.16,1373.59
1,257,eb_enc,cpu,1373.59,1381.37
1,263,normalize,cpu,1382.06,1385.73
1,263,g_a_cpu,cpu,1385.73,1386.15
1,263,g_a,dpu,1386.15,1391.78
1,263,g_a,dpu,1391.78,1397.71
1,263,g_a_cpu,cpu,1397.72,1408.62
1,263,eb_enc,cpu,1408.65,1415.09
1,270,normalize,cpu,1415.8,1420.24
1,270,g_a_cpu,cpu,1420.24,1420.63
1,270,g_a,dpu,1420.64,1427.36
1,270,g_a,dpu,1427.36,1442.43
1,270,g_a_cpu,cpu,1442.43,1443.04
1,270,eb_enc,cpu,1443.05,1449.45
1,279,normalize,cpu,1453.78,1457.55
1,279,g_a_cpu,cpu,1457.56,1457.96
1,279,g_a,dpu,1457.97,1465.66
1,279,g_a,dpu,1465.66,1470.81
1,279,g_a_cpu,cpu,1470.82,1471.48
1,279,eb_enc,cpu,1471.48,1483.61
1,284,normalize,cpu,1486.71,1490.53
1,284,g_a_cpu,cpu,1490.53,1490.96
1,284,g_a,dpu,1490.96,1514.29
1,284,g_a,dpu,1514.29,1520.01
1,284,g_a_cpu,cpu,1520.01,1520.53
1,284,eb_enc,cpu,1520.53,1526.02
1,292,normalize,cpu,1526.74,1533.08
1,292,g_a_cpu,cpu,1533.08,1533.49
1,292,g_a,dpu,1533.49,1547.34
1,292,g_a,dpu,1547.34,1552.83
1,292,g_a_cpu,cpu,1552.83,1553.36
1,292,eb_enc,cpu,1553.36,1558.77
1,299,normalize,cpu,1559.55,1565.2
1,299,g_a_cpu,cpu,1565.21,1565.63
1,299,g_a,dpu,1565.63,1587.55
1,299,g_a,dpu,1587.56,1593.06
1,299,g_a_cpu,cpu,1593.07,1593.49
1,299,eb_enc,cpu,1593.49,1598.49
1,308,normalize,cpu,1599.26,1603.19
1,308,g_a_cpu,cpu,1603.2,1603.91
1,308,g_a,dpu,1603.91,1627.25
1,308,g_a,dpu,1627.25,1632.42
1,308,g_a_cpu,cpu,1632.42,1632.85
1,308,eb_enc,cpu,1632.85,1638.06
1,314,normalize,cpu,1638.65,1642.34
1,314,g_a_cpu,cpu,1642.34,1642.77
1,314,g_a,dpu,1642.77,1648.2
1,314,g_a,dpu,1648.21,1678.23
1,314,g_a_cpu,cpu,1678.23,1678.73
1,314,eb_enc,cpu,1678.73,1683.98
1,324,normalize,cpu,1684.89,1688.71
1,324,g_a_cpu,cpu,1688.71,1689.25
1,324,g_a,dpu,1689.25,1694.62
1,324,g_a,dpu,1694.62,1699.82
1,324,g_a_cpu,cpu,1699.82,1700.39
1,324,eb_enc,cpu,1700.39,1705.47
1,330,normalize,cpu,1705.95,1709.64
1,330,g_a_cpu,cpu,1709.65,1710.15
1,330,g_a,dpu,1710.15,1715.68
1,330,g_a,dpu,1715.68,1721.09
1,330,g_a_cpu,cpu,1721.09,1721.61
1,330,eb_enc,cpu,1721.62,1728.07
1,334,normalize,cpu,1728.7,1733.14
1,334,g_a_cpu,cpu,1733.15,1733.63
1,334,g_a,dpu,1733.64,1741.91
1,334,g_a,dpu,1741.91,1751.33
1,334,g_a_cpu,cpu,1751.33,1751.72
1,334,eb_enc,cpu,1751.73,1756.81
1,341,normalize,cpu,1757.38,1761.14
1,341,g_a_cpu,cpu,1761.15,1761.49
1,341,g_a,dpu,1761.5,1766.93
1,341,g_a,dpu,1766.93,1776.89
1,341,g_a_cpu,cpu,1776.89,1777.63
1,341,eb_enc,cpu,1777.64,1783.88
1,346,normalize,cpu,1784.56,1788.31
1,346,g_a_cpu,cpu,1788.32,1788.83
1,346,g_a,dpu,1788.83,1796.05
1,346,g_a,dpu,1796.05,1831.74
1,346,g_a_cpu,cpu,1831.74,1832.25
1,346,eb_enc,cpu,1832.26,1838.85
1,357,normalize,cpu,1839.75,1855.42
1,357,g_a_cpu,cpu,1855.42,1855.93
1,357,g_a,dpu,1855.94,1875.18
1,357,g_a,dpu,1875.18,1886.75
1,357,g_a_cpu,cpu,1886.75,1887.46
1,357,eb_enc,cpu,1887.46,1892.74
1,366,normalize,cpu,1893.41,1897.17
1,366,g_a_cpu,cpu,1897.17,1897.61
1,366,g_a,dpu,1897.61,1902.91
1,366,g_a,dpu,1902.92,1908.72
1,366,g_a_cpu,cpu,1908.72,1909.38
1,366,eb_enc,cpu,1909.39,1914.57
1,371,normalize,cpu,1915.59,1919.27
1,371,g_a_cpu,cpu,1919.27,1919.88
1,371,g_a,dpu,1919.88,1925.39
1,371,g_a,dpu,1925.39,1930.7
1,371,g_a_cpu,cpu,1930.7,1931.34
1,371,eb_enc,cpu,1931.34,1940
1,377,normalize,cpu,1941.55,1945.97
1,377,g_a_cpu,cpu,1945.97,1946.46
1,377,g_a,dpu,1946.46,1953.31
1,377,g_a,dpu,1953.31,1959.68
1,377,g_a_cpu,cpu,1959.68,1960.24
1,377,eb_enc,cpu,1960.25,1969.38
1,384,normalize,cpu,1970,1974.43
1,384,g_a_cpu,cpu,1974.44,1975.01
1,384,g_a,dpu,1975.01,1981.63
1,384,g_a,dpu,1981.63,1986.89
1,384,g_a_cpu,cpu,1986.89,1987.4
1,384,eb_enc,cpu,1987.4,1993.68
1,390,normalize,cpu,1994.28,1998.07
1,390,g_a_cpu,cpu,1998.07,1998.63
1,390,g_a,dpu,1998.64,2007.17
1,390,g_a,dpu,2007.17,2018.92
1,390,g_a_cpu,cpu,2018.92,2019.59
1,390,eb_enc,cpu,2019.6,2024.93
1,398,normalize,cpu,2025.44,2030.08
1,398,g_a_cpu,cpu,2030.09,2030.76
1,398,g_a,dpu,2030.76,2045.72
1,398,g_a,dpu,2045.72,2051.15
1,398,g_a_cpu,cpu,2051.15,2051.63
1,398,eb_enc,cpu,2051.64,2075.08
1,408,normalize,cpu,2075.97,2079.69
1,408,g_a_cpu,cpu,2079.7,2080.26
1,408,g_a,dpu,2080.27,2094.46
1,408,g_a,dpu,2094.46,2099.89
1,408,g_a_cpu,cpu,2099.89,2100.33
1,408,eb_enc,cpu,2100.33,2105.66
1,415,normalize,cpu,2106.36,2110.17
1,415,g_a_cpu,cpu,2110.17,2110.66
1,415,g_a,dpu,2110.66,2119.35
1,415,g_a,dpu,2119.36,2129.62
1,415,g_a_cpu,cpu,2129.62,2130.23
1,415,eb_enc,cpu,2130.23,2135.42
1,420,normalize,cpu,2135.88,2139.63
1,420,g_a_cpu,cpu,2139.64,2140.16
1,420,g_a,dpu,2140.16,2146.92
1,420,g_a,dpu,2146.92,2162.51
1,420,g_a_cpu,cpu,2162.51,2162.88
1,420,eb_enc,cpu,2162.88,2168.17
1,428,normalize,cpu,2168.88,2172.69
1,428,g_a_cpu,cpu,2172.7,2173.24
1,428,g_a,dpu,2173.24,2182.97
1,428,g_a,dpu,2182.97,2192.55
1,428,g_a_cpu,cpu,2192.55,2193.03
1,428,eb_enc,cpu,2193.03,2198.22
1,434,normalize,cpu,2198.9,2202.68
1,434,g_a_cpu,cpu,2202.68,2203.14
1,434,g_a,dpu,2203.14,2208.49
1,434,g_a,dpu,2208.49,2213.68
1,434,g_a_cpu,cpu,2213.69,2214.16
1,434,eb_enc,cpu,2214.16,2219.73
1,439,normalize,cpu,2220.29,2224.69
1,439,g_a_cpu,cpu,2224.7,2225.23
1,439,g_a,dpu,2225.24,2233.36
1,439,g_a,dpu,2233.37,2238.77
1,439,g_a_cpu,cpu,2238.77,2239.22
1,439,eb_enc,cpu,2239.23,2244.39
1,444,normalize,cpu,2245.03,2255.03
1,444,g_a_cpu,cpu,2255.04,2255.63
1,444,g_a,dpu,2255.63,2260.78
1,444,g_a,dpu,2260.78,2266.08
1,444,g_a_cpu,cpu,2266.08,2266.88
1,444,eb_enc,cpu,2266.89,2277.05
1,452,normalize,cpu,2277.85,2281.61
1,452,g_a_cpu,cpu,2281.61,2282
1,452,g_a,dpu,2282,2290.16
1,452,g_a,dpu,2290.16,2295.42
1,452,g_a_cpu,cpu,2295.43,2295.82
1,452,eb_enc,cpu,2295.82,2300.78
1,457,normalize,cpu,2301.52,2305.19
1,457,g_a_cpu,cpu,2305.19,2305.69
1,457,g_a,dpu,2305.69,2316.44
1,457,g_a,dpu,2316.44,2323.61
1,457,g_a_cpu,cpu,2323.61,2324.08
1,457,eb_enc,cpu,2324.08,2330.12
1,464,normalize,cpu,2331.03,2340.28
1,464,g_a_cpu,cpu,2340.29,2341.13
1,464,g_a,dpu,2341.13,2355.39
1,464,g_a,dpu,2355.4,2368.58
1,464,g_a_cpu,cpu,2368.58,2369
1,464,eb_enc,cpu,2369,2373.93
1,471,normalize,cpu,2374.37,2378.13
1,471,g_a_cpu,cpu,2378.14,2378.5
1,471,g_a,dpu,2378.5,2385.49
1,471,g_a,dpu,2385.49,2398.8
1,471,g_a_cpu,cpu,2398.8,2399.37
1,471,eb_enc,cpu,2399.37,2404.45
1,477,normalize,cpu,2405.34,2409.04
1,477,g_a_cpu,cpu,2409.04,2409.51
1,477,g_a,dpu,2409.51,2416.28
1,477,g_a,dpu,2416.28,2425.69
1,477,g_a_cpu,cpu,2425.69,2426.33
1,477,eb_enc,cpu,2426.33,2431.5
1,482,normalize,cpu,2432.44,2436.14
1,482,g_a_cpu,cpu,2436.14,2437.35
1,482,g_a,dpu,2437.35,2447.29
1,482,g_a,dpu,2447.3,2452.32
1,482,g_a_cpu,cpu,2452.32,2452.81
1,482,eb_enc,cpu,2452.82,2458.03
1,488,normalize,cpu,2458.85,2462.69
1,488,g_a_cpu,cpu,2462.7,2463.2
1,488,g_a,dpu,2463.2,2468.48
1,488,g_a,dpu,2468.48,2473.78
1,488,g_a_cpu,cpu,2473.78,2474.16
1,488,eb_enc,cpu,2474.17,2479.37
1,493,normalize,cpu,2480.33,2484.12
1,493,g_a_cpu,cpu,2484.12,2484.66
1,493,g_a,dpu,2484.66,2489.97
1,493,g_a,dpu,2489.97,2495.36
1,493,g_a_cpu,cpu,2495.36,2495.8
1,493,eb_enc,cpu,2495.8,2500.91
1,499,normalize,cpu,2501.53,2505.28
1,499,g_a_cpu,cpu,2505.28,2505.71
1,499,g_a,dpu,2505.71,2511.75
1,499,g_a,dpu,2511.75,2521.31
1,499,g_a_cpu,cpu,2521.31,2521.71
1,499,eb_enc,cpu,2521.71,2526.75
1,506,normalize,cpu,2527.33,2531.56
1,506,g_a_cpu,cpu,2531.56,2531.91
1,506,g_a,dpu,2531.91,2538.59
1,506,g_a,dpu,2538.59,2543.77
1,506,g_a_cpu,cpu,2543.78,2544.35
1,506,eb_enc,cpu,2544.35,2549.71
1,508,normalize,cpu,2550.44,2554.18
1,508,g_a_cpu,cpu,2554.19,2554.88
1,508,g_a,dpu,2554.89,2560.6
1,508,g_a,dpu,2560.6,2565.66
1,508,g_a_cpu,cpu,2565.66,2566.06
1,508,eb_enc,cpu,2566.06,2572.54
1,514,normalize,cpu,2573.18,2576.94
1,514,g_a_cpu,cpu,2576.95,2577.58
1,514,g_a,dpu,2577.58,2583.81
1,514,g_a,dpu,2583.81,2589.29
1,514,g_a_cpu,cpu,2589.29,2589.71
1,514,eb_enc,cpu,2589.71,2603.25
1,522,normalize,cpu,2604.57,2608.3
1,522,g_a_cpu,cpu,2608.31,2608.96
1,522,g_a,dpu,2608.96,2631.46
1,522,g_a,dpu,2631.46,2637
1,522,g_a_cpu,cpu,2637,2637.43
1,522,eb_enc,cpu,2637.44,2642.46
1,528,normalize,cpu,2643.41,2647.28
1,528,g_a_cpu,cpu,2647.28,2647.69
1,528,g_a,dpu,2647.7,2677.53
1,528,g_a,dpu,2677.53,2682.86
1,528,g_a_cpu,cpu,2682.86,2683.43
1,528,eb_enc,cpu,2683.43,2689.03
1,538,normalize,cpu,2689.55,2693.29
1,538,g_a_cpu,cpu,2693.3,2693.86
1,538,g_a,dpu,2693.87,2717.77
1,538,g_a,dpu,2717.77,2728.1
1,538,g_a_cpu,cpu,2728.1,2728.65
1,538,eb_enc,cpu,2728.65,2734.56
1,546,normalize,cpu,2735.29,2739.23
1,546,g_a_cpu,cpu,2739.24,2739.69
1,546,g_a,dpu,2739.69,2747.45
1,546,g_a,dpu,2747.46,2752.89
1,546,g_a_cpu,cpu,2752.89,2753.49
1,546,eb_enc,cpu,2753.5,2758.81
1,552,normalize,cpu,2759.49,2767.87
1,552,g_a_cpu,cpu,2767.88,2768.53
1,552,g_a,dpu,2768.53,2773.91
1,552,g_a,dpu,2773.95,2779.59
1,552,g_a_cpu,cpu,2779.59,2780.03
1,552,eb_enc,cpu,2780.04,2785.17
1,559,normalize,cpu,2785.77,2790.08
1,559,g_a_cpu,cpu,2790.09,2790.65
1,559,g_a,dpu,2790.65,2800.59
1,559,g_a,dpu,2800.59,2810
1,559,g_a_cpu,cpu,2810,2810.51
1,559,eb_enc,cpu,2810.51,2815.41
1,566,normalize,cpu,2815.98,2819.78
1,566,g_a_cpu,cpu,2819.78,2820.33
1,566,g_a,dpu,2820.34,2827.26
1,566,g_a,dpu,2827.27,2836.95
1,566,g_a_cpu,cpu,2836.95,2837.36
1,566,eb_enc,cpu,2837.36,2847.97
1,573,normalize,cpu,2848.56,2853.11
1,573,g_a_cpu,cpu,2853.12,2853.71
1,573,g_a,dpu,2853.72,2862.37
1,573,g_a,dpu,2862.37,2872.07
1,573,g_a_cpu,cpu,2872.08,2872.49
1,573,eb_enc,cpu,2872.49,2892.18
1,582,normalize,cpu,2892.91,2896.6
1,582,g_a_cpu,cpu,2896.6,2906.48
1,582,g_a,dpu,2906.48,2911.99
1,582,g_a,dpu,2911.99,2922.46
1,582,g_a_cpu,cpu,2922.47,2923.14
1,582,eb_enc,cpu,2923.15,2928.59
1,586,normalize,cpu,2929.31,2933.29
1,586,g_a_cpu,cpu,2933.3,2933.84
1,586,g_a,dpu,2933.84,2966
1,586,g_a,dpu,2966,2971.63
1,586,g_a_cpu,cpu,2971.63,2972.14
1,586,eb_enc,cpu,2972.15,2977.24
1,598,normalize,cpu,2977.88,2981.61
1,598,g_a_cpu,cpu,2981.61,2982.16
1,598,g_a,dpu,2982.16,2989.21
1,598,g_a,dpu,2989.21,2994.61
1,598,g_a_cpu,cpu,2994.62,2995.35
1,598,eb_enc,cpu,2995.36,3000.53
1,603,normalize,cpu,3001.11,3004.8
1,603,g_a_cpu,cpu,3004.8,3005.2
1,603,g_a,dpu,3005.2,3010.86
1,603,g_a,dpu,3010.86,3022.58
1,603,g_a_cpu,cpu,3022.58,3023.09
1,603,eb_enc,cpu,3023.09,3028.5
1,609,normalize,cpu,3029.17,3033.77
1,609,g_a_cpu,cpu,3033.78,3034.2
1,609,g_a,dpu,3034.2,3045.16
1,609,g_a,dpu,3045.17,3050.57
1,609,g_a_cpu,cpu,3050.57,3051.02
1,609,eb_enc,cpu,3051.02,3056.03
1,616,normalize,cpu,3056.81,3060.46
1,616,g_a_cpu,cpu,3060.47,3060.96
1,616,g_a,dpu,3060.96,3067.63
1,616,g_a,dpu,3067.63,3072.85
1,616,g_a_cpu,cpu,3072.85,3073.4
1,616,eb_enc,cpu,3073.4,3078.44
1,621,normalize,cpu,3079.29,3083.02
1,621,g_a_cpu,cpu,3083.02,3083.56
1,621,g_a,dpu,3083.57,3089.83
1,621,g_a,dpu,3089.84,3100.14
1,621,g_a_cpu,cpu,3100.14,3100.84
1,621,eb_enc,cpu,3100.84,3106.73
1,627,normalize,cpu,3107.43,3119.38
1,627,g_a_cpu,cpu,3119.39,3119.78
1,627,g_a,dpu,3119.79,3126.04
1,627,g_a,dpu,3126.04,3142.29
1,627,g_a_cpu,cpu,3142.29,3142.8
1,627,eb_enc,cpu,3142.8,3147.87
1,637,normalize,cpu,3148.77,3152.45
1,637,g_a_cpu,cpu,3152.46,3153.25
1,637,g_a,dpu,3153.26,3175.74
1,637,g_a,dpu,3175.75,3193.32
1,637,g_a_cpu,cpu,3193.32,3193.7
1,637,eb_enc,cpu,3193.7,3198.7
1,645,normalize,cpu,3199.54,3203.27
1,645,g_a_cpu,cpu,3203.28,3203.79
1,645,g_a,dpu,3203.79,3209.42
1,645,g_a,dpu,3209.42,3222.33
1,645,g_a_cpu,cpu,3222.34,3223.01
1,645,eb_enc,cpu,3223.01,3231.89
1,653,normalize,cpu,3237.62,3241.42
1,653,g_a_cpu,cpu,3241.42,3242.05
1,653,g_a,dpu,3242.05,3254.48
1,653,g_a,dpu,3254.48,3259.95
1,653,g_a_cpu,cpu,3259.95,3260.41
1,653,eb_enc,cpu,3260.42,3265.32
1,659,normalize,cpu,3266.25,3281.81
1,659,g_a_cpu,cpu,3281.81,3282.34
1,659,g_a,dpu,3282.35,3288.44
1,659,g_a,dpu,3288.44,3297.76
1,659,g_a_cpu,cpu,3297.76,3298.43
1,659,eb_enc,cpu,3298.43,3303.48
1,667,normalize,cpu,3304.11,3307.83
1,667,g_a_cpu,cpu,3307.84,3308.31
1,667,g_a,dpu,3308.31,3321.18
1,667,g_a,dpu,3321.18,3326.48
1,667,g_a_cpu,cpu,3326.48,3326.87
1,667,eb_enc,cpu,3326.88,3333.81
1,674,normalize,cpu,3334.63,3339.2
1,674,g_a_cpu,cpu,3339.2,3339.76
1,674,g_a,dpu,3339.76,3346.03
1,674,g_a,dpu,3346.03,3351.55
1,674,g_a_cpu,cpu,3351.55,3351.99
1,674,eb_enc,cpu,3352,3358.07
1,681,normalize,cpu,3358.63,3363.25
1,681,g_a_cpu,cpu,3363.25,3363.72
1,681,g_a,dpu,3363.73,3372.11
1,681,g_a,dpu,3372.12,3377.5
1,681,g_a_cpu,cpu,3377.5,3377.89
1,681,eb_enc,cpu,3377.9,3384.06
1,686,normalize,cpu,3385.09,3388.82
1,686,g_a_cpu,cpu,3388.82,3389.31
1,686,g_a,dpu,3389.31,3398.7
1,686,g_a,dpu,3398.7,3403.99
1,686,g_a_cpu,cpu,3403.99,3404.7
1,686,eb_enc,cpu,3404.7,3409.97
1,692,normalize,cpu,3410.61,3414.28
1,692,g_a_cpu,cpu,3414.29,3414.8
1,692,g_a,dpu,3414.81,3421.63
1,692,g_a,dpu,3421.63,3431.6
1,692,g_a_cpu,cpu,3431.61,3432.03
1,692,eb_enc,cpu,3432.03,3437.21
1,699,normalize,cpu,3438.1,3441.81
1,699,g_a_cpu,cpu,3441.82,3442.3
1,699,g_a,dpu,3442.3,3453.04
1,699,g_a,dpu,3453.04,3463
1,699,g_a_cpu,cpu,3463,3463.69
1,699,eb_enc,cpu,3463.69,3473.68
1,705,normalize,cpu,3474.07,3477.85
1,705,g_a_cpu,cpu,3477.86,3478.26
1,705,g_a,dpu,3478.26,3487.86
1,705,g_a,dpu,3487.86,3493.01
1,705,g_a_cpu,cpu,3493.01,3493.38
1,705,eb_enc,cpu,3493.38,3498.33
1,709,normalize,cpu,3498.9,3512.09
1,709,g_a_cpu,cpu,3512.1,3512.54
1,709,g_a,dpu,3512.54,3517.79
1,709,g_a,dpu,3517.79,3523.03
1,709,g_a_cpu,cpu,3523.03,3523.43
1,709,eb_enc,cpu,3523.43,3528.49
1,717,normalize,cpu,3528.94,3539.08
1,717,g_a_cpu,cpu,3539.08,3539.54
1,717,g_a,dpu,3539.54,3545.01
1,717,g_a,dpu,3545.01,3550.36
1,717,g_a_cpu,cpu,3550.36,3550.88
1,717,eb_enc,cpu,3550.89,3555.88
1,723,normalize,cpu,3556.62,3560.3
1,723,g_a_cpu,cpu,3560.3,3560.8
1,723,g_a,dpu,3560.81,3566.85
1,723,g_a,dpu,3566.85,3578.67
1,723,g_a_cpu,cpu,3578.67,3579.12
1,723,eb_enc,cpu,3579.12,3587.45
1,729,normalize,cpu,3588.24,3592.61
1,729,g_a_cpu,cpu,3592.61,3593.03
1,729,g_a,dpu,3593.03,3604.73
1,729,g_a,dpu,3604.73,3615.27
1,729,g_a_cpu,cpu,3615.27,3616
1,729,eb_enc,cpu,3616.01,3627.94
1,737,normalize,cpu,3628.57,3632.33
1,737,g_a_cpu,cpu,3632.34,3633.06
1,737,g_a,dpu,3633.06,3638.46
1,737,g_a,dpu,3638.46,3643.77
1,737,g_a_cpu,cpu,3643.77,3644.37
1,737,eb_enc,cpu,3644.37,3653.09
1,742,normalize,cpu,3654.91,3658.66
1,742,g_a_cpu,cpu,3658.67,3659.09
1,742,g_a,dpu,3659.1,3665.61
1,742,g_a,dpu,3665.61,3674.05
1,742,g_a_cpu,cpu,3674.05,3674.48
1,742,eb_enc,cpu,3674.48,3681.41
1,747,normalize,cpu,3682.11,3685.91
1,747,g_a_cpu,cpu,3685.91,3686.35
1,747,g_a,dpu,3686.36,3691.81
1,747,g_a,dpu,3691.81,3696.94
1,747,g_a_cpu,cpu,3696.94,3697.66
1,747,eb_enc,cpu,3697.66,3704.98
1,754,normalize,cpu,3706.21,3710.05
1,754,g_a_cpu,cpu,3710.05,3710.73
1,754,g_a,dpu,3710.73,3716.77
1,754,g_a,dpu,3716.77,3722.71
1,754,g_a_cpu,cpu,3722.71,3723.33
1,754,eb_enc,cpu,3723.34,3728.53
1,758,normalize,cpu,3728.98,3732.72
1,758,g_a_cpu,cpu,3732.72,3733.35
1,758,g_a,dpu,3733.35,3751.49
1,758,g_a,dpu,3751.49,3760.99
1,758,g_a_cpu,cpu,3760.99,3761.39
1,758,eb_enc,cpu,3761.4,3766.52
1,766,normalize,cpu,3767.24,3781.62
1,766,g_a_cpu,cpu,3781.62,3782.02
1,766,g_a,dpu,3782.02,3787.85
1,766,g_a,dpu,3787.85,3793.16
1,766,g_a_cpu,cpu,3793.16,3793.84
1,766,eb_enc,cpu,3793.85,3798.84
1,771,normalize,cpu,3799.34,3814.56
1,771,g_a_cpu,cpu,3814.57,3815.06
1,771,g_a,dpu,3815.07,3823.82
1,771,g_a,dpu,3823.82,3833.33
1,771,g_a_cpu,cpu,3833.33,3833.72
1,771,eb_enc,cpu,3833.72,3838.71
1,779,normalize,cpu,3839.52,3843.27
1,779,g_a_cpu,cpu,3843.27,3843.66
1,779,g_a,dpu,3843.67,3850.58
1,779,g_a,dpu,3850.58,3860.27
1,779,g_a_cpu,cpu,3860.27,3860.71
1,779,eb_enc,cpu,3860.71,3865.86
1,784,normalize,cpu,3866.6,3870.27
1,784,g_a_cpu,cpu,3870.28,3870.78
1,784,g_a,dpu,3870.78,3876.09
1,784,g_a,dpu,3876.09,3881.19
1,784,g_a_cpu,cpu,3881.19,3881.81
1,784,eb_enc,cpu,3881.81,3887.06
1,790,normalize,cpu,3887.64,3891.4
1,790,g_a_cpu,cpu,3891.4,3891.99
1,790,g_a,dpu,3891.99,3897.38
1,790,g_a,dpu,3897.38,3902.82
1,790,g_a_cpu,cpu,3902.82,3903.32
1,790,eb_enc,cpu,3903.33,3908.36
1,795,normalize,cpu,3909.08,3912.84
1,795,g_a_cpu,cpu,3912.85,3913.24
1,795,g_a,dpu,3913.24,3920.18
1,795,g_a,dpu,3920.18,3931.22
1,795,g_a_cpu,cpu,3931.22,3931.91
1,795,eb_enc,cpu,3931.91,3937.28
1,802,normalize,cpu,3938.04,3941.8
1,802,g_a_cpu,cpu,3941.8,3942.53
1,802,g_a,dpu,3942.53,3950.08
1,802,g_a,dpu,3950.08,3961.26
1,802,g_a_cpu,cpu,3961.26,3965.74
1,802,eb_enc,cpu,3965.74,3971.75
1,810,normalize,cpu,3972.3,3986.58
1,810,g_a_cpu,cpu,3986.58,3987.33
1,810,g_a,dpu,3987.33,3996.72
1,810,g_a,dpu,3996.72,4010.76
1,810,g_a_cpu,cpu,4010.76,4011.28
1,810,eb_enc,cpu,4011.28,4020.58
1,819,normalize,cpu,4021.42,4025.38
1,819,g_a_cpu,cpu,4025.38,4026.15
1,819,g_a,dpu,4026.15,4033.57
1,819,g_a,dpu,4033.57,4038.71
1,819,g_a_cpu,cpu,4038.71,4039.16
1,819,eb_enc,cpu,4039.16,4054.81
1,826,normalize,cpu,4055.25,4059
1,826,g_a_cpu,cpu,4059,4059.36
1,826,g_a,dpu,4059.36,4065.02
1,826,g_a,dpu,4065.02,4083.66
1,826,g_a_cpu,cpu,4083.66,4084.18
1,826,eb_enc,cpu,4084.19,4089.43
1,833,normalize,cpu,4090.06,4093.78
1,833,g_a_cpu,cpu,4093.79,4094.37
1,833,g_a,dpu,4094.37,4105.45
1,833,g_a,dpu,4105.45,4110.9
1,833,g_a_cpu,cpu,4110.9,4111.59
1,833,eb_enc,cpu,4111.6,4117.09
1,841,normalize,cpu,4117.61,4124.3
1,841,g_a_cpu,cpu,4124.3,4124.77
1,841,g_a,dpu,4124.77,4130.56
1,841,g_a,dpu,4130.56,4135.77
1,841,g_a_cpu,cpu,4135.77,4136.21
1,841,eb_enc,cpu,4136.22,4141.4
1,846,normalize,cpu,4142.1,4145.87
1,846,g_a_cpu,cpu,4145.88,4146.29
1,846,g_a,dpu,4146.29,4153.34
1,846,g_a,dpu,4153.34,4159.6
1,846,g_a_cpu,cpu,4159.6,4160.31
1,846,eb_enc,cpu,4160.32,4174.88
1,854,normalize,cpu,4175.69,4179.46
1,854,g_a_cpu,cpu,4179.46,4179.95
1,854,g_a,dpu,4179.95,4187.27
1,854,g_a,dpu,4187.27,4196.77
1,854,g_a_cpu,cpu,4196.77,4197.22
1,854,eb_enc,cpu,4197.23,4202.29
1,859,normalize,cpu,4202.93,4206.65
1,859,g_a_cpu,cpu,4206.66,4207.15
1,859,g_a,dpu,4207.16,4212.86
1,859,g_a,dpu,4212.86,4230.31
1,859,g_a_cpu,cpu,4230.31,4230.92
1,859,eb_enc,cpu,4230.92,4239.57
1,867,normalize,cpu,4240.34,4244.76
1,867,g_a_cpu,cpu,4244.76,4245.35
1,867,g_a,dpu,4245.35,4255.58
1,867,g_a,dpu,4255.58,4261.14
1,867,g_a_cpu,cpu,4261.15,4261.65
1,867,eb_enc,cpu,4261.65,4266.68
1,873,normalize,cpu,4267.59,4271.3
1,873,g_a_cpu,cpu,4271.3,4271.71
1,873,g_a,dpu,4271.71,4276.97
1,873,g_a,dpu,4276.97,4282.45
1,873,g_a_cpu,cpu,4282.45,4283
1,873,eb_enc,cpu,4283,4288.02
1,877,normalize,cpu,4288.55,4292.29
1,877,g_a_cpu,cpu,4292.3,4292.73
1,877,g_a,dpu,4292.73,4303.54
1,877,g_a,dpu,4303.54,4308.89
1,877,g_a_cpu,cpu,4308.89,4309.62
1,877,eb_enc,cpu,4309.62,4314.68
1,883,normalize,cpu,4315.79,4319.44
1,883,g_a_cpu,cpu,4319.45,4319.95
1,883,g_a,dpu,4319.95,4325.67
1,883,g_a,dpu,4325.67,4331.02
1,883,g_a_cpu,cpu,4331.02,4331.5
1,883,eb_enc,cpu,4331.5,4336.54
1,889,normalize,cpu,4336.98,4340.81
1,889,g_a_cpu,cpu,4340.81,4341.65
1,889,g_a,dpu,4341.65,4350.04
1,889,g_a,dpu,4350.04,4363.57
1,889,g_a_cpu,cpu,4363.57,4363.99
1,889,eb_enc,cpu,4364,4369.04
1,895,normalize,cpu,4369.95,4373.6
1,895,g_a_cpu,cpu,4373.6,4374
1,895,g_a,dpu,4374,4383.34
1,895,g_a,dpu,4383.35,4388.46
1,895,g_a_cpu,cpu,4388.47,4388.99
1,895,eb_enc,cpu,4389,4399.33
1,901,normalize,cpu,4403.82,4409.49
1,901,g_a_cpu,cpu,4409.49,4410
1,901,g_a,dpu,4410.01,4415.49
1,901,g_a,dpu,4415.49,4424.97
1,901,g_a_cpu,cpu,4424.97,4425.48
1,901,eb_enc,cpu,4425.48,4432.39
1,910,normalize,cpu,4432.84,4437.4
1,910,g_a_cpu,cpu,4437.4,4437.89
1,910,g_a,dpu,4437.9,4442.98
1,910,g_a,dpu,4442.98,4458.19
1,910,g_a_cpu,cpu,4458.19,4458.65
1,910,eb_enc,cpu,4458.65,4463.84
1,917,normalize,cpu,4464.53,4468.33
1,917,g_a_cpu,cpu,4468.33,4468.83
1,917,g_a,dpu,4468.83,4474.68
1,917,g_a,dpu,4474.68,4489.69
1,917,g_a_cpu,cpu,4489.69,4490.42
1,917,eb_enc,cpu,4490.43,4497.49
1,924,normalize,cpu,4498.19,4502.09
1,924,g_a_cpu,cpu,4502.09,4502.71
1,924,g_a,dpu,4502.71,4511.01
1,924,g_a,dpu,4511.02,4516.27
1,924,g_a_cpu,cpu,4516.27,4516.73
1,924,eb_enc,cpu,4516.74,4522.63
2,4,normalize,cpu,89.8717,93.6379
2,4,g_a_cpu,cpu,95.3121,95.9492
2,4,g_a,dpu,95.9602,101.871
2,4,g_a,dpu,101.874,112.37
2,4,g_a_cpu,cpu,112.372,112.949
2,4,eb_enc,cpu,112.967,120.956
2,8,normalize,cpu,121.624,125.371
2,8,g_a_cpu,cpu,125.374,125.804
2,8,g_a,dpu,125.807,138.209
2,8,g_a,dpu,138.223,145.336
2,8,g_a_cpu,cpu,145.338,145.822
2,8,eb_enc,cpu,145.825,152.65
2,15,normalize,cpu,155.038,166.643
2,15,g_a_cpu,cpu,166.646,167.017
2,15,g_a,dpu,167.02,173.481
2,15,g_a,dpu,173.482,188.938
2,15,g_a_cpu,cpu,188.941,189.543
2,15,eb_enc,cpu,189.551,197.686
2,23,normalize,cpu,198.281,205.526
2,23,g_a_cpu,cpu,205.531,205.936
2,23,g_a,dpu,205.939,211.723
2,23,g_a,dpu,211.725,217.775
2,23,g_a_cpu,cpu,217.779,218.515
2,23,eb_enc,cpu,218.519,226.434
2,28,normalize,cpu,227.297,232.662
2,28,g_a_cpu,cpu,232.672,233.449
2,28,g_a,dpu,233.453,244.083
2,28,g_a,dpu,244.086,252.333
2,28,g_a_cpu,cpu,252.335,252.815
2,28,eb_enc,cpu,252.817,257.862
2,34,normalize,cpu,258.832,262.559
2,34,g_a_cpu,cpu,262.565,263.13
2,34,g_a,dpu,263.133,273.401
2,34,g_a,dpu,273.408,279.035
2,34,g_a_cpu,cpu,279.037,279.681
2,34,eb_enc,cpu,279.683,285.603
2,40,normalize,cpu,286.279,290.969
2,40,g_a_cpu,cpu,290.972,291.621
2,40,g_a,dpu,291.624,297.863
2,40,g_a,dpu,297.864,305.737
2,40,g_a_cpu,cpu,305.739,306.174
2,40,eb_enc,cpu,306.176,310.991
2,46,normalize,cpu,311.694,323.476
2,46,g_a_cpu,cpu,323.479,323.948
2,46,g_a,dpu,323.951,330.625
2,46,g_a,dpu,330.626,338.617
2,46,g_a_cpu,cpu,338.62,339.179
2,46,eb_enc,cpu,339.183,344.225
2,53,normalize,cpu,345.013,348.67
2,53,g_a_cpu,cpu,348.673,349.19
2,53,g_a,dpu,349.193,356.007
2,53,g_a,dpu,356.009,361.703
2,53,g_a_cpu,cpu,361.704,362.203
2,53,eb_enc,cpu,362.209,375.438
2,61,normalize,cpu,376.399,385.551
2,61,g_a_cpu,cpu,385.558,386.214
2,61,g_a,dpu,386.219,392.201
2,61,g_a,dpu,392.202,402.608
2,61,g_a_cpu,cpu,402.609,403.08
2,61,eb_enc,cpu,403.082,408.067
2,66,normalize,cpu,408.581,412.342
2,66,g_a_cpu,cpu,412.346,412.8
2,66,g_a,dpu,412.803,425.39
2,66,g_a,dpu,425.391,439.784
2,66,g_a_cpu,cpu,439.787,440.23
2,66,eb_enc,cpu,440.244,445.516
2,74,normalize,cpu,446.128,449.876
2,74,g_a_cpu,cpu,449.882,450.553
2,74,g_a,dpu,450.557,463.319
2,74,g_a,dpu,463.322,470.265
2,74,g_a_cpu,cpu,470.267,470.754
2,74,eb_enc,cpu,470.756,475.949
2,80,normalize,cpu,476.644,480.404
2,80,g_a_cpu,cpu,480.413,480.977
2,80,g_a,dpu,480.981,489.646
2,80,g_a,dpu,489.648,495.348
2,80,g_a_cpu,cpu,495.35,495.866
2,80,eb_enc,cpu,495.868,501.809
2,85,normalize,cpu,502.546,506.832
2,85,g_a_cpu,cpu,506.835,507.285
2,85,g_a,dpu,507.288,514.19
2,85,g_a,dpu,514.191,519.839
2,85,g_a_cpu,cpu,519.84,520.376
2,85,eb_enc,cpu,520.379,525.554
2,90,normalize,cpu,526.533,530.236
2,90,g_a_cpu,cpu,530.249,531.016
2,90,g_a,dpu,531.023,537.031
2,90,g_a,dpu,537.033,542.455
2,90,g_a_cpu,cpu,542.458,542.908
2,90,eb_enc,cpu,542.91,548.05
2,96,normalize,cpu,548.968,552.655
2,96,g_a_cpu,cpu,552.658,552.991
2,96,g_a,dpu,552.993,558.837
2,96,g_a,dpu,558.84,571.736
2,96,g_a_cpu,cpu,571.738,572.145
2,96,eb_enc,cpu,572.147,577.103
2,102,normalize,cpu,577.583,581.29
2,102,g_a_cpu,cpu,581.299,581.9
2,102,g_a,dpu,581.903,591.785
2,102,g_a,dpu,591.787,597.572
2,102,g_a_cpu,cpu,597.573,598.039
2,102,eb_enc,cpu,598.041,603.165
2,107,normalize,cpu,603.857,607.557
2,107,g_a_cpu,cpu,607.561,607.991
2,107,g_a,dpu,607.996,619.962
2,107,g_a,dpu,619.964,630.822
2,107,g_a_cpu,cpu,630.824,631.341
2,107,eb_enc,cpu,631.344,639.277
2,115,normalize,cpu,643.043,646.722
2,115,g_a_cpu,cpu,646.726,647.241
2,115,g_a,dpu,647.246,664.069
2,115,g_a,dpu,664.07,669.898
2,115,g_a_cpu,cpu,669.9,670.423
2,115,eb_enc,cpu,670.425,675.563
2,121,normalize,cpu,676.145,679.841
2,121,g_a_cpu,cpu,679.848,680.364
2,121,g_a,dpu,680.369,696.879
2,121,g_a,dpu,696.882,715.799
2,121,g_a_cpu,cpu,715.802,716.256
2,121,eb_enc,cpu,716.258,721.053
2,128,normalize,cpu,721.58,726.26
2,128,g_a_cpu,cpu,726.265,726.881
2,128,g_a,dpu,726.884,737.88
2,128,g_a,dpu,737.882,752.088
2,128,g_a_cpu,cpu,752.09,752.648
2,128,eb_enc,cpu,752.65,759.727
2,135,normalize,cpu,760.658,764.387
2,135,g_a_cpu,cpu,764.392,764.785
2,135,g_a,dpu,764.788,775.382
2,135,g_a,dpu,775.394,786.617
2,135,g_a_cpu,cpu,786.62,787.228
2,135,eb_enc,cpu,787.231,803.778
2,145,normalize,cpu,804.428,808.12
2,145,g_a_cpu,cpu,808.124,808.661
2,145,g_a,dpu,808.665,814.345
2,145,g_a,dpu,814.347,819.989
2,145,g_a_cpu,cpu,819.996,820.672
2,145,eb_enc,cpu,820.676,826.018
2,150,normalize,cpu,826.845,830.509
2,150,g_a_cpu,cpu,830.519,831.153
2,150,g_a,dpu,831.156,837.055
2,150,g_a,dpu,837.057,845.635
2,150,g_a_cpu,cpu,845.64,846.372
2,150,eb_enc,cpu,846.378,851.385
2,157,normalize,cpu,852.264,855.966
2,157,g_a_cpu,cpu,855.969,856.448
2,157,g_a,dpu,856.451,862.232
2,157,g_a,dpu,862.233,870.951
2,157,g_a_cpu,cpu,870.952,871.606
2,157,eb_enc,cpu,871.609,877.484
2,162,normalize,cpu,878.306,882.11
2,162,g_a_cpu,cpu,882.118,882.746
2,162,g_a,dpu,882.75,888.376
2,162,g_a,dpu,888.378,897.667
2,162,g_a_cpu,cpu,897.667,898.26
2,162,eb_enc,cpu,898.263,904.162
2,169,normalize,cpu,904.712,908.44
2,169,g_a_cpu,cpu,908.443,908.931
2,169,g_a,dpu,908.933,916.233
2,169,g_a,dpu,916.234,924.743
2,169,g_a_cpu,cpu,924.744,925.323
2,169,eb_enc,cpu,925.326,934.526
2,175,normalize,cpu,935.323,939.135
2,175,g_a_cpu,cpu,939.144,939.585
2,175,g_a,dpu,939.592,945.246
2,175,g_a,dpu,945.247,972.239
2,175,g_a_cpu,cpu,972.24,972.7
2,175,eb_enc,cpu,972.702,977.634
2,182,normalize,cpu,978.195,981.881
2,182,g_a_cpu,cpu,981.885,982.377
2,182,g_a,dpu,982.379,994.227
2,182,g_a,dpu,994.228,1000.34
2,182,g_a_cpu,cpu,1000.35,1000.85
2,182,eb_enc,cpu,1000.86,1005.87
2,188,normalize,cpu,1006.68,1010.31
2,188,g_a_cpu,cpu,1010.31,1021.55
2,188,g_a,dpu,1021.56,1027.21
2,188,g_a,dpu,1027.21,1037.71
2,188,g_a_cpu,cpu,1037.71,1038.44
2,188,eb_enc,cpu,1038.45,1043.92
2,194,normalize,cpu,1044.68,1048.35
2,194,g_a_cpu,cpu,1048.35,1048.83
2,194,g_a,dpu,1048.84,1054.97
2,194,g_a,dpu,1054.97,1060.52
2,194,g_a_cpu,cpu,1060.52,1060.99
2,194,eb_enc,cpu,1060.99,1066.1
2,201,normalize,cpu,1066.6,1070.29
2,201,g_a_cpu,cpu,1070.3,1070.71
2,201,g_a,dpu,1070.72,1078.7
2,201,g_a,dpu,1078.7,1090.68
2,201,g_a_cpu,cpu,1090.69,1091.12
2,201,eb_enc,cpu,1091.13,1095.98
2,206,normalize,cpu,1096.51,1101.35
2,206,g_a_cpu,cpu,1101.35,1101.7
2,206,g_a,dpu,1101.71,1107.45
2,206,g_a,dpu,1107.45,1117.67
2,206,g_a_cpu,cpu,1117.67,1118.1
2,206,eb_enc,cpu,1118.1,1123.53
2,211,normalize,cpu,1124.2,1139.35
2,211,g_a_cpu,cpu,1139.35,1139.92
2,211,g_a,dpu,1139.93,1146.3
2,211,g_a,dpu,1146.3,1151.95
2,211,g_a_cpu,cpu,1151.95,1152.52
2,211,eb_enc,cpu,1152.52,1157.7
2,218,normalize,cpu,1158.26,1162.03
2,218,g_a_cpu,cpu,1162.04,1162.53
2,218,g_a,dpu,1162.53,1179.88
2,218,g_a,dpu,1179.89,1190.31
2,218,g_a_cpu,cpu,1190.31,1190.74
2,218,eb_enc,cpu,1190.75,1196.2
2,226,normalize,cpu,1197.02,1200.84
2,226,g_a_cpu,cpu,1200.85,1201.36
2,226,g_a,dpu,1201.36,1214.65
2,226,g_a,dpu,1214.65,1220.89
2,226,g_a_cpu,cpu,1220.89,1221.34
2,226,eb_enc,cpu,1221.34,1226.54
2,233,normalize,cpu,1227.19,1230.94
2,233,g_a_cpu,cpu,1230.95,1231.43
2,233,g_a,dpu,1231.44,1247.68
2,233,g_a,dpu,1247.68,1253.45
2,233,g_a_cpu,cpu,1253.45,1254.02
2,233,eb_enc,cpu,1254.03,1259.08
2,239,normalize,cpu,1259.78,1264.72
2,239,g_a_cpu,cpu,1264.72,1265.45
2,239,g_a,dpu,1265.46,1278.68
2,239,g_a,dpu,1278.68,1284.98
2,239,g_a_cpu,cpu,1284.98,1285.43
2,239,eb_enc,cpu,1285.43,1290.45
2,244,normalize,cpu,1291.01,1295.56
2,244,g_a_cpu,cpu,1295.56,1296.02
2,244,g_a,dpu,1296.03,1310.71
2,244,g_a,dpu,1310.71,1330.56
2,244,g_a_cpu,cpu,1330.56,1331.22
2,244,eb_enc,cpu,1331.22,1336.22
2,252,normalize,cpu,1336.94,1340.65
2,252,g_a_cpu,cpu,1340.66,1341.07
2,252,g_a,dpu,1341.07,1350.03
2,252,g_a,dpu,1350.04,1355.58
2,252,g_a_cpu,cpu,1355.58,1355.97
2,252,eb_enc,cpu,1355.97,1360.79
2,258,normalize,cpu,1361.69,1365.38
2,258,g_a_cpu,cpu,1365.39,1365.99
2,258,g_a,dpu,1366,1374.55
2,258,g_a,dpu,1374.55,1381.32
2,258,g_a_cpu,cpu,1381.32,1382.43
2,258,eb_enc,cpu,1382.43,1389.94
2,264,normalize,cpu,1390.65,1395.19
2,264,g_a_cpu,cpu,1395.2,1395.88
2,264,g_a,dpu,1395.88,1407.78
2,264,g_a,dpu,1407.79,1413.61
2,264,g_a_cpu,cpu,1413.61,1414.14
2,264,eb_enc,cpu,1414.14,1419.11
2,273,normalize,cpu,1419.77,1424.21
2,273,g_a_cpu,cpu,1424.21,1424.68
2,273,g_a,dpu,1424.68,1430.06
2,273,g_a,dpu,1430.07,1442.56
2,273,g_a_cpu,cpu,1442.56,1443.21
2,273,eb_enc,cpu,1443.23,1448.1
2,277,normalize,cpu,1448.82,1452.5
2,277,g_a_cpu,cpu,1452.51,1452.89
2,277,g_a,dpu,1452.89,1458.42
2,277,g_a,dpu,1458.42,1463.82
2,277,g_a_cpu,cpu,1463.82,1464.38
2,277,eb_enc,cpu,1464.38,1470.51
2,282,normalize,cpu,1471.24,1474.94
2,282,g_a_cpu,cpu,1474.94,1475.46
2,282,g_a,dpu,1475.47,1482.84
2,282,g_a,dpu,1482.84,1488.51
2,282,g_a_cpu,cpu,1488.51,1488.97
2,282,eb_enc,cpu,1488.97,1493.98
2,287,normalize,cpu,1494.78,1502.83
2,287,g_a_cpu,cpu,1502.84,1503.39
2,287,g_a,dpu,1503.39,1514.21
2,287,g_a,dpu,1514.21,1529.32
2,287,g_a_cpu,cpu,1529.32,1529.81
2,287,eb_enc,cpu,1529.81,1534.82
2,295,normalize,cpu,1535.23,1539.84
2,295,g_a_cpu,cpu,1539.85,1540.37
2,295,g_a,dpu,1540.38,1546.52
2,295,g_a,dpu,1546.52,1557.53
2,295,g_a_cpu,cpu,1557.54,1557.98
2,295,eb_enc,cpu,1557.99,1563.01
2,300,normalize,cpu,1563.69,1567.52
2,300,g_a_cpu,cpu,1567.52,1568.03
2,300,g_a,dpu,1568.03,1578.92
2,300,g_a,dpu,1578.92,1584.94
2,300,g_a_cpu,cpu,1584.94,1585.58
2,300,eb_enc,cpu,1585.58,1590.98
2,306,normalize,cpu,1591.61,1600.77
2,306,g_a_cpu,cpu,1600.78,1601.2
2,306,g_a,dpu,1601.2,1622.69
2,306,g_a,dpu,1622.69,1633.38
2,306,g_a_cpu,cpu,1633.38,1633.97
2,306,eb_enc,cpu,1633.97,1638.94
2,315,normalize,cpu,1639.57,1643.7
2,315,g_a_cpu,cpu,1643.7,1644.16
2,315,g_a,dpu,1644.16,1650.56
2,315,g_a,dpu,1650.56,1660.56
2,315,g_a_cpu,cpu,1660.57,1660.99
2,315,eb_enc,cpu,1660.99,1665.97
2,321,normalize,cpu,1666.7,1670.33
2,321,g_a_cpu,cpu,1670.33,1671.05
2,321,g_a,dpu,1671.06,1677.09
2,321,g_a,dpu,1677.09,1682.72
2,321,g_a_cpu,cpu,1682.72,1683.29
2,321,eb_enc,cpu,1683.29,1697.86
2,328,normalize,cpu,1698.42,1702.05
2,328,g_a_cpu,cpu,1702.06,1702.53
2,328,g_a,dpu,1702.54,1707.97
2,328,g_a,dpu,1707.98,1713.61
2,328,g_a_cpu,cpu,1713.61,1714.12
2,328,eb_enc,cpu,1714.12,1719.21
2,333,normalize,cpu,1719.97,1723.68
2,333,g_a_cpu,cpu,1723.69,1724.19
2,333,g_a,dpu,1724.2,1730.21
2,333,g_a,dpu,1730.21,1735.86
2,333,g_a_cpu,cpu,1735.86,1736.45
2,333,eb_enc,cpu,1736.46,1741.34
2,338,normalize,cpu,1742.14,1745.8
2,338,g_a_cpu,cpu,1745.8,1746.21
2,338,g_a,dpu,1746.21,1762.36
2,338,g_a,dpu,1762.36,1773.08
2,338,g_a_cpu,cpu,1773.08,1773.47
2,338,eb_enc,cpu,1773.47,1778.85
2,344,normalize,cpu,1779.56,1783.48
2,344,g_a_cpu,cpu,1783.49,1783.95
2,344,g_a,dpu,1783.95,1794.09
2,344,g_a,dpu,1794.09,1799.93
2,344,g_a_cpu,cpu,1799.94,1800.36
2,344,eb_enc,cpu,1800.37,1806.01
2,351,normalize,cpu,1806.87,1810.53
2,351,g_a_cpu,cpu,1810.53,1810.98
2,351,g_a,dpu,1810.98,1832.99
2,351,g_a,dpu,1833,1839.28
2,351,g_a_cpu,cpu,1839.28,1839.9
2,351,eb_enc,cpu,1839.9,1845.27
2,358,normalize,cpu,1845.94,1849.6
2,358,g_a_cpu,cpu,1849.6,1850.06
2,358,g_a,dpu,1850.07,1877.95
2,358,g_a,dpu,1877.95,1883.65
2,358,g_a_cpu,cpu,1883.65,1884.02
2,358,eb_enc,cpu,1884.02,1889.58
2,365,normalize,cpu,1890.15,1893.92
2,365,g_a_cpu,cpu,1893.92,1894.32
2,365,g_a,dpu,1894.32,1908.04
2,365,g_a,dpu,1908.04,1914.23
2,365,g_a_cpu,cpu,1914.23,1914.83
2,365,eb_enc,cpu,1914.83,1919.87
2,372,normalize,cpu,1920.86,1924.52
2,372,g_a_cpu,cpu,1924.53,1924.98
2,372,g_a,dpu,1924.98,1937.68
2,372,g_a,dpu,1937.68,1943.69
2,372,g_a_cpu,cpu,1943.69,1944.22
2,372,eb_enc,cpu,1944.22,1949.28
2,379,normalize,cpu,1950.22,1953.87
2,379,g_a_cpu,cpu,1953.88,1954.48
2,379,g_a,dpu,1954.48,1960.48
2,379,g_a,dpu,1960.49,1966.21
2,379,g_a_cpu,cpu,1966.21,1967
2,379,eb_enc,cpu,1967,1972.28
2,385,normalize,cpu,1973.07,1977.48
2,385,g_a_cpu,cpu,1977.49,1978.02
2,385,g_a,dpu,1978.02,1983.69
2,385,g_a,dpu,1983.69,1996.21
2,385,g_a_cpu,cpu,1996.21,1996.88
2,385,eb_enc,cpu,1996.88,2001.89
2,392,normalize,cpu,2003.04,2006.7
2,392,g_a_cpu,cpu,2006.71,2007.26
2,392,g_a,dpu,2007.27,2012.82
2,392,g_a,dpu,2012.82,2018.9
2,392,g_a_cpu,cpu,2018.9,2019.5
2,392,eb_enc,cpu,2019.5,2024.59
2,397,normalize,cpu,2025.36,2029.03
2,397,g_a_cpu,cpu,2029.03,2029.48
2,397,g_a,dpu,2029.48,2043.65
2,397,g_a,dpu,2043.65,2050.03
2,397,g_a_cpu,cpu,2050.03,2050.69
2,397,eb_enc,cpu,2050.69,2055.99
2,404,normalize,cpu,2057.11,2061.62
2,404,g_a_cpu,cpu,2061.63,2062.37
2,404,g_a,dpu,2062.37,2068.78
2,404,g_a,dpu,2068.78,2075.13
2,404,g_a_cpu,cpu,2075.13,2075.75
2,404,eb_enc,cpu,2075.75,2085.71
2,411,normalize,cpu,2086.37,2093.34
2,411,g_a_cpu,cpu,2093.34,2093.81
2,411,g_a,dpu,2093.81,2101.85
2,411,g_a,dpu,2101.85,2108.15
2,411,g_a_cpu,cpu,2108.16,2108.61
2,411,eb_enc,cpu,2108.61,2114.12
2,416,normalize,cpu,2115.22,2119.06
2,416,g_a_cpu,cpu,2119.06,2119.66
2,416,g_a,dpu,2119.66,2139.08
2,416,g_a,dpu,2139.08,2146.92
2,416,g_a_cpu,cpu,2146.92,2147.49
2,416,eb_enc,cpu,2147.49,2152.52
2,424,normalize,cpu,2153.08,2156.78
2,424,g_a_cpu,cpu,2156.78,2157.25
2,424,g_a,dpu,2157.26,2163.43
2,424,g_a,dpu,2163.43,2169.2
2,424,g_a_cpu,cpu,2169.2,2169.61
2,424,eb_enc,cpu,2169.62,2174.67
2,430,normalize,cpu,2175.17,2181.91
2,430,g_a_cpu,cpu,2181.92,2182.27
2,430,g_a,dpu,2182.27,2201.32
2,430,g_a,dpu,2201.33,2206.98
2,430,g_a_cpu,cpu,2206.98,2207.48
2,430,eb_enc,cpu,2207.49,2212.45
2,437,normalize,cpu,2213.32,2216.99
2,437,g_a_cpu,cpu,2217,2217.76
2,437,g_a,dpu,2217.76,2223.79
2,437,g_a,dpu,2223.79,2229.62
2,437,g_a_cpu,cpu,2229.62,2230.05
2,437,eb_enc,cpu,2230.05,2235.48
2,442,normalize,cpu,2236.01,2241.03
2,442,g_a_cpu,cpu,2241.03,2241.46
2,442,g_a,dpu,2241.47,2253.34
2,442,g_a,dpu,2253.34,2263.51
2,442,g_a_cpu,cpu,2263.51,2264.04
2,442,eb_enc,cpu,2264.04,2269.18
2,449,normalize,cpu,2269.96,2273.65
2,449,g_a_cpu,cpu,2273.65,2274.11
2,449,g_a,dpu,2274.12,2279.85
2,449,g_a,dpu,2279.85,2290.93
2,449,g_a_cpu,cpu,2290.93,2291.42
2,449,eb_enc,cpu,2291.43,2299.82
2,456,normalize,cpu,2300.41,2304.25
2,456,g_a_cpu,cpu,2304.26,2304.68
2,456,g_a,dpu,2304.69,2310.46
2,456,g_a,dpu,2310.46,2317.39
2,456,g_a_cpu,cpu,2317.39,2318.17
2,456,eb_enc,cpu,2318.18,2323.22
2,462,normalize,cpu,2335,2338.68
2,462,g_a_cpu,cpu,2338.69,2339.22
2,462,g_a,dpu,2339.23,2346.28
2,462,g_a,dpu,2346.28,2352.63
2,462,g_a_cpu,cpu,2352.63,2353.17
2,462,eb_enc,cpu,2353.17,2364.55
2,469,normalize,cpu,2365.41,2369.08
2,469,g_a_cpu,cpu,2369.09,2369.57
2,469,g_a,dpu,2369.58,2403.74
2,469,g_a,dpu,2403.75,2409.67
2,469,g_a_cpu,cpu,2409.67,2410.14
2,469,eb_enc,cpu,2410.14,2415.5
2,478,normalize,cpu,2416.2,2419.86
2,478,g_a_cpu,cpu,2419.86,2420.53
2,478,g_a,dpu,2420.54,2426.53
2,478,g_a,dpu,2426.53,2432.9
2,478,g_a_cpu,cpu,2432.9,2433.5
2,478,eb_enc,cpu,2433.51,2438.71
2,484,normalize,cpu,2439.51,2443.19
2,484,g_a_cpu,cpu,2443.19,2443.64
2,484,g_a,dpu,2443.64,2449.27
2,484,g_a,dpu,2449.27,2459.33
2,484,g_a_cpu,cpu,2459.34,2459.73
2,484,eb_enc,cpu,2459.74,2464.86
2,490,normalize,cpu,2465.53,2469.21
2,490,g_a_cpu,cpu,2469.21,2469.89
2,490,g_a,dpu,2469.9,2477.35
2,490,g_a,dpu,2477.35,2490.66
2,490,g_a_cpu,cpu,2490.66,2491.22
2,490,eb_enc,cpu,2491.22,2496.27
2,498,normalize,cpu,2497,2500.77
2,498,g_a_cpu,cpu,2500.77,2501.19
2,498,g_a,dpu,2501.19,2513.05
2,498,g_a,dpu,2513.05,2518.79
2,498,g_a_cpu,cpu,2518.79,2519.26
2,498,eb_enc,cpu,2519.26,2524.33
2,505,normalize,cpu,2524.92,2528.7
2,505,g_a_cpu,cpu,2528.71,2529.25
2,505,g_a,dpu,2529.25,2539.34
2,505,g_a,dpu,2539.34,2544.91
2,505,g_a_cpu,cpu,2544.91,2545.41
2,505,eb_enc,cpu,2545.41,2550.75
2,509,normalize,cpu,2551.4,2555.2
2,509,g_a_cpu,cpu,2555.2,2555.66
2,509,g_a,dpu,2555.66,2561.99
2,509,g_a,dpu,2561.99,2574.31
2,509,g_a_cpu,cpu,2574.31,2574.73
2,509,eb_enc,cpu,2574.74,2580.01
2,516,normalize,cpu,2580.74,2584.6
2,516,g_a_cpu,cpu,2584.62,2585.28
2,516,g_a,dpu,2585.29,2610.72
2,516,g_a,dpu,2610.72,2616.81
2,516,g_a_cpu,cpu,2616.82,2617.34
2,516,eb_enc,cpu,2617.34,2622.43
2,525,normalize,cpu,2623.42,2627.12
2,525,g_a_cpu,cpu,2627.13,2627.68
2,525,g_a,dpu,2627.68,2636.98
2,525,g_a,dpu,2636.99,2642.79
2,525,g_a_cpu,cpu,2642.79,2643.43
2,525,eb_enc,cpu,2643.43,2648.41
2,529,normalize,cpu,2649.06,2652.81
2,529,g_a_cpu,cpu,2652.82,2653.21
2,529,g_a,dpu,2653.22,2662.36
2,529,g_a,dpu,2662.36,2672.72
2,529,g_a_cpu,cpu,2672.72,2673.45
2,529,eb_enc,cpu,2673.45,2678.62
2,535,normalize,cpu,2679.3,2682.96
2,535,g_a_cpu,cpu,2682.96,2683.52
2,535,g_a,dpu,2683.52,2695
2,535,g_a,dpu,2695,2700.53
2,535,g_a_cpu,cpu,2700.53,2701
2,535,eb_enc,cpu,2701,2705.92
2,541,normalize,cpu,2706.53,2710.26
2,541,g_a_cpu,cpu,2710.27,2710.73
2,541,g_a,dpu,2710.74,2726.1
2,541,g_a,dpu,2726.1,2735.95
2,541,g_a_cpu,cpu,2735.95,2736.53
2,541,eb_enc,cpu,2736.54,2741.77
2,549,normalize,cpu,2742.53,2746.19
2,549,g_a_cpu,cpu,2746.19,2746.62
2,549,g_a,dpu,2746.63,2752.3
2,549,g_a,dpu,2752.32,2762.46
2,549,g_a_cpu,cpu,2762.46,2763
2,549,eb_enc,cpu,2763,2768.19
2,554,normalize,cpu,2768.93,2772.62
2,554,g_a_cpu,cpu,2772.62,2773.11
2,554,g_a,dpu,2773.12,2779
2,554,g_a,dpu,2779,2789.29
2,554,g_a_cpu,cpu,2789.29,2789.82
2,554,eb_enc,cpu,2789.83,2795
2,561,normalize,cpu,2795.64,2799.34
2,561,g_a_cpu,cpu,2799.35,2799.77
2,561,g_a,dpu,2799.77,2805.89
2,561,g_a,dpu,2805.89,2816.34
2,561,g_a_cpu,cpu,2816.34,2816.89
2,561,eb_enc,cpu,2816.89,2822.1
2,567,normalize,cpu,2823.06,2826.75
2,567,g_a_cpu,cpu,2826.76,2827.43
2,567,g_a,dpu,2827.43,2837.82
2,567,g_a,dpu,2837.82,2844.23
2,567,g_a_cpu,cpu,2844.23,2844.64
2,567,eb_enc,cpu,2844.64,2849.77
2,574,normalize,cpu,2850.45,2855.16
2,574,g_a_cpu,cpu,2855.17,2855.83
2,574,g_a,dpu,2855.84,2868.55
2,574,g_a,dpu,2868.55,2874.24
2,574,g_a_cpu,cpu,2874.24,2874.94
2,574,eb_enc,cpu,2874.94,2880.2
2,580,normalize,cpu,2881.08,2884.73
2,580,g_a_cpu,cpu,2884.73,2885.31
2,580,g_a,dpu,2885.32,2891.44
2,580,g_a,dpu,2891.44,2897.14
2,580,g_a_cpu,cpu,2897.15,2897.52
2,580,eb_enc,cpu,2897.52,2902.44
2,585,normalize,cpu,2902.94,2907.25
2,585,g_a_cpu,cpu,2907.26,2907.98
2,585,g_a,dpu,2907.98,2917.12
2,585,g_a,dpu,2917.13,2942.64
2,585,g_a_cpu,cpu,2942.64,2943.1
2,585,eb_enc,cpu,2943.1,2948.07
2,592,normalize,cpu,2948.69,2956.36
2,592,g_a_cpu,cpu,2956.36,2956.77
2,592,g_a,dpu,2956.77,2962.74
2,592,g_a,dpu,2962.74,2968.65
2,592,g_a_cpu,cpu,2968.65,2969.14
2,592,eb_enc,cpu,2969.14,2975.9
2,597,normalize,cpu,2976.43,2980.21
2,597,g_a_cpu,cpu,2980.22,2980.91
2,597,g_a,dpu,2980.91,2990.49
2,597,g_a,dpu,2990.49,2997.55
2,597,g_a_cpu,cpu,2997.55,2997.98
2,597,eb_enc,cpu,2997.98,3003.06
2,604,normalize,cpu,3003.68,3008.31
2,604,g_a_cpu,cpu,3008.31,3008.83
2,604,g_a,dpu,3008.83,3016.18
2,604,g_a,dpu,3016.18,3021.92
2,604,g_a_cpu,cpu,3021.92,3022.33
2,604,eb_enc,cpu,3022.33,3034.59
2,611,normalize,cpu,3035.65,3039.41
2,611,g_a_cpu,cpu,3039.42,3039.86
2,611,g_a,dpu,3039.86,3056.31
2,611,g_a,dpu,3056.31,3062.2
2,611,g_a_cpu,cpu,3062.2,3062.96
2,611,eb_enc,cpu,3062.97,3068.36
2,618,normalize,cpu,3069.08,3072.8
2,618,g_a_cpu,cpu,3072.81,3073.33
2,618,g_a,dpu,3073.33,3079.36
2,618,g_a,dpu,3079.36,3085.02
2,618,g_a_cpu,cpu,3085.02,3085.7
2,618,eb_enc,cpu,3085.71,3090.78
2,623,normalize,cpu,3091.29,3098.77
2,623,g_a_cpu,cpu,3098.78,3099.31
2,623,g_a,dpu,3099.31,3105.14
2,623,g_a,dpu,3105.14,3110.57
2,623,g_a_cpu,cpu,3110.57,3111.03
2,623,eb_enc,cpu,3111.03,3116.08
2,630,normalize,cpu,3116.76,3120.51
2,630,g_a_cpu,cpu,3120.51,3121.14
2,630,g_a,dpu,3121.15,3131.58
2,630,g_a,dpu,3131.58,3137.24
2,630,g_a_cpu,cpu,3137.24,3137.69
2,630,eb_enc,cpu,3137.69,3142.75
2,635,normalize,cpu,3143.4,3147.25
2,635,g_a_cpu,cpu,3147.26,3147.81
2,635,g_a,dpu,3147.81,3164.08
2,635,g_a,dpu,3164.08,3170.35
2,635,g_a_cpu,cpu,3170.36,3171.24
2,635,eb_enc,cpu,3171.24,3176.83
2,641,normalize,cpu,3177.97,3181.72
2,641,g_a_cpu,cpu,3181.73,3182.21
2,641,g_a,dpu,3182.21,3197.3
2,641,g_a,dpu,3197.3,3202.7
2,641,g_a_cpu,cpu,3202.7,3203.11
2,641,eb_enc,cpu,3203.12,3208.16
2,647,normalize,cpu,3208.7,3212.5
2,647,g_a_cpu,cpu,3212.52,3213.19
2,647,g_a,dpu,3213.2,3226.94
2,647,g_a,dpu,3226.94,3232.7
2,647,g_a_cpu,cpu,3232.7,3233.11
2,647,eb_enc,cpu,3233.11,3238.06
2,654,normalize,cpu,3238.6,3243.05
2,654,g_a_cpu,cpu,3243.05,3243.43
2,654,g_a,dpu,3243.43,3249.84
2,654,g_a,dpu,3249.84,3258.71
2,654,g_a_cpu,cpu,3258.71,3259.11
2,654,eb_enc,cpu,3259.11,3270.78
2,660,normalize,cpu,3271.62,3275.29
2,660,g_a_cpu,cpu,3275.3,3275.73
2,660,g_a,dpu,3275.74,3281.47
2,660,g_a,dpu,3281.47,3287.16
2,660,g_a_cpu,cpu,3287.16,3287.79
2,660,eb_enc,cpu,3287.79,3292.58
2,665,normalize,cpu,3293.15,3296.84
2,665,g_a_cpu,cpu,3296.85,3297.33
2,665,g_a,dpu,3297.33,3304.7
2,665,g_a,dpu,3304.71,3321.7
2,665,g_a_cpu,cpu,3321.7,3322.29
2,665,eb_enc,cpu,3322.29,3327.42
2,673,normalize,cpu,3328.37,3332.03
2,673,g_a_cpu,cpu,3332.04,3332.51
2,673,g_a,dpu,3332.51,3339.77
2,673,g_a,dpu,3339.77,3345.92
2,673,g_a_cpu,cpu,3345.93,3346.63
2,673,eb_enc,cpu,3346.63,3351.72
2,679,normalize,cpu,3352.37,3356.14
2,679,g_a_cpu,cpu,3356.15,3356.69
2,679,g_a,dpu,3356.69,3366.62
2,679,g_a,dpu,3366.62,3372.94
2,679,g_a_cpu,cpu,3372.94,3373.56
2,679,eb_enc,cpu,3373.56,3378.68
2,685,normalize,cpu,3379.42,3383.14
2,685,g_a_cpu,cpu,3383.14,3383.56
2,685,g_a,dpu,3383.56,3389.5
2,685,g_a,dpu,3389.51,3395.91
2,685,g_a_cpu,cpu,3395.91,3396.46
2,685,eb_enc,cpu,3396.46,3401.57
2,690,normalize,cpu,3402.46,3406.19
2,690,g_a_cpu,cpu,3406.2,3406.84
2,690,g_a,dpu,3406.84,3413.13
2,690,g_a,dpu,3413.13,3422.47
2,690,g_a_cpu,cpu,3422.47,3423.24
2,690,eb_enc,cpu,3423.24,3429.98
2,696,normalize,cpu,3431.11,3445.83
2,696,g_a_cpu,cpu,3445.84,3446.48
2,696,g_a,dpu,3446.48,3453.87
2,696,g_a,dpu,3453.87,3460.11
2,696,g_a_cpu,cpu,3460.11,3460.62
2,696,eb_enc,cpu,3460.63,3470.82
2,703,normalize,cpu,3471.51,3481.7
2,703,g_a_cpu,cpu,3481.71,3482.17
2,703,g_a,dpu,3482.17,3488.47
2,703,g_a,dpu,3488.47,3499.24
2,703,g_a_cpu,cpu,3499.24,3499.83
2,703,eb_enc,cpu,3499.84,3505.88
2,712,normalize,cpu,3506.87,3514.71
2,712,g_a_cpu,cpu,3514.72,3515.31
2,712,g_a,dpu,3515.31,3521.26
2,712,g_a,dpu,3521.26,3530.18
2,712,g_a_cpu,cpu,3530.19,3531
2,712,eb_enc,cpu,3531.01,3536.17
2,718,normalize,cpu,3541.09,3544.79
2,718,g_a_cpu,cpu,3544.82,3546.02
2,718,g_a,dpu,3546.02,3561.46
2,718,g_a,dpu,3561.47,3572.09
2,718,g_a_cpu,cpu,3572.09,3572.85
2,718,eb_enc,cpu,3572.86,3578.21
2,725,normalize,cpu,3578.96,3582.72
2,725,g_a_cpu,cpu,3582.72,3583.11
2,725,g_a,dpu,3583.11,3588.7
2,725,g_a,dpu,3588.7,3594.34
2,725,g_a_cpu,cpu,3594.34,3594.92
2,725,eb_enc,cpu,3594.92,3599.84
2,731,normalize,cpu,3600.4,3604.14
2,731,g_a_cpu,cpu,3604.14,3604.47
2,731,g_a,dpu,3604.48,3610.81
2,731,g_a,dpu,3610.81,3616.55
2,731,g_a_cpu,cpu,3616.55,3616.96
2,731,eb_enc,cpu,3616.96,3622.07
2,735,normalize,cpu,3622.7,3626.35
2,735,g_a_cpu,cpu,3626.36,3626.91
2,735,g_a,dpu,3626.92,3637.67
2,735,g_a,dpu,3637.67,3648.63
2,735,g_a_cpu,cpu,3648.64,3649.05
2,735,eb_enc,cpu,3649.05,3654.01
2,741,normalize,cpu,3654.49,3658.18
2,741,g_a_cpu,cpu,3658.18,3658.6
2,741,g_a,dpu,3658.61,3664.74
2,741,g_a,dpu,3664.74,3674.89
2,741,g_a_cpu,cpu,3674.89,3675.59
2,741,eb_enc,cpu,3675.59,3685.39
2,748,normalize,cpu,3686.07,3689.85
2,748,g_a_cpu,cpu,3689.86,3690.32
2,748,g_a,dpu,3690.32,3696.34
2,748,g_a,dpu,3696.35,3707.1
2,748,g_a_cpu,cpu,3707.1,3707.76
2,748,eb_enc,cpu,3707.77,3714.83
2,755,normalize,cpu,3716.12,3720.93
2,755,g_a_cpu,cpu,3720.94,3721.69
2,755,g_a,dpu,3721.7,3734.02
2,755,g_a,dpu,3734.03,3740.49
2,755,g_a_cpu,cpu,3740.49,3741.1
2,755,eb_enc,cpu,3741.11,3746.23
2,761,normalize,cpu,3747.22,3750.96
2,761,g_a_cpu,cpu,3750.96,3752.49
2,761,g_a,dpu,3752.5,3758.45
2,761,g_a,dpu,3758.45,3770.54
2,761,g_a_cpu,cpu,3770.54,3770.92
2,761,eb_enc,cpu,3770.92,3775.84
2,767,normalize,cpu,3776.4,3780.12
2,767,g_a_cpu,cpu,3780.12,3780.55
2,767,g_a,dpu,3780.55,3788.56
2,767,g_a,dpu,3788.56,3802.69
2,767,g_a_cpu,cpu,3802.69,3803.56
2,767,eb_enc,cpu,3803.57,3808.57
2,773,normalize,cpu,3809.05,3812.83
2,773,g_a_cpu,cpu,3812.83,3813.33
2,773,g_a,dpu,3813.34,3835.21
2,773,g_a,dpu,3835.21,3843.92
2,773,g_a_cpu,cpu,3843.92,3844.36
2,773,eb_enc,cpu,3844.36,3849.29
2,782,normalize,cpu,3849.87,3853.53
2,782,g_a_cpu,cpu,3853.53,3853.99
2,782,g_a,dpu,3853.99,3862.05
2,782,g_a,dpu,3862.05,3867.88
2,782,g_a_cpu,cpu,3867.88,3868.35
2,782,eb_enc,cpu,3868.36,3873.44
2,788,normalize,cpu,3874.11,3877.78
2,788,g_a_cpu,cpu,3877.79,3878.31
2,788,g_a,dpu,3878.31,3885.29
2,788,g_a,dpu,3885.29,3891.41
2,788,g_a_cpu,cpu,3891.41,3892
2,788,eb_enc,cpu,3892,3897.2
2,792,normalize,cpu,3897.82,3901.48
2,792,g_a_cpu,cpu,3901.48,3901.97
2,792,g_a,dpu,3901.97,3909.65
2,792,g_a,dpu,3909.65,3915.11
2,792,g_a_cpu,cpu,3915.11,3915.75
2,792,eb_enc,cpu,3915.76,3921.24
2,798,normalize,cpu,3921.9,3925.68
2,798,g_a_cpu,cpu,3925.7,3926.44
2,798,g_a,dpu,3926.44,3934.13
2,798,g_a,dpu,3934.14,3939.75
2,798,g_a_cpu,cpu,3939.76,3940.21
2,798,eb_enc,cpu,3940.21,3946
2,804,normalize,cpu,3946.92,3950.84
2,804,g_a_cpu,cpu,3950.84,3951.53
2,804,g_a,dpu,3951.53,3968.22
2,804,g_a,dpu,3968.22,3973.68
2,804,g_a_cpu,cpu,3973.68,3974.04
2,804,eb_enc,cpu,3974.04,3979
2,811,normalize,cpu,3979.61,3983.36
2,811,g_a_cpu,cpu,3983.36,3983.75
2,811,g_a,dpu,3983.76,3991.19
2,811,g_a,dpu,3991.19,3997.19
2,811,g_a_cpu,cpu,3997.19,3997.74
2,811,eb_enc,cpu,3997.75,4008.02
2,816,normalize,cpu,4008.44,4012.16
2,816,g_a_cpu,cpu,4012.16,4012.55
2,816,g_a,dpu,4012.55,4024.73
2,816,g_a,dpu,4024.74,4036.15
2,816,g_a_cpu,cpu,4036.15,4036.8
2,816,eb_enc,cpu,4036.8,4043.47
2,824,normalize,cpu,4043.97,4048.38
2,824,g_a_cpu,cpu,4048.38,4048.83
2,824,g_a,dpu,4048.84,4060.13
2,824,g_a,dpu,4060.13,4065.83
2,824,g_a_cpu,cpu,4065.83,4066.21
2,824,eb_enc,cpu,4066.21,4071.7
2,830,normalize,cpu,4072.22,4075.97
2,830,g_a_cpu,cpu,4075.98,4076.38
2,830,g_a,dpu,4076.39,4086.86
2,830,g_a,dpu,4086.86,4093.74
2,830,g_a_cpu,cpu,4093.74,4094.27
2,830,eb_enc,cpu,4094.28,4103.28
2,837,normalize,cpu,4103.83,4107.57
2,837,g_a_cpu,cpu,4107.58,4108.16
2,837,g_a,dpu,4108.17,4113.85
2,837,g_a,dpu,4113.86,4122.72
2,837,g_a_cpu,cpu,4122.72,4123.22
2,837,eb_enc,cpu,4123.22,4128.21
2,843,normalize,cpu,4128.73,4132.56
2,843,g_a_cpu,cpu,4132.56,4133.01
2,843,g_a,dpu,4133.01,4157.19
2,843,g_a,dpu,4157.19,4162.61
2,843,g_a_cpu,cpu,4162.62,4163.02
2,843,eb_enc,cpu,4163.02,4168.04
2,851,normalize,cpu,4168.53,4172.26
2,851,g_a_cpu,cpu,4172.27,4172.69
2,851,g_a,dpu,4172.69,4178.37
2,851,g_a,dpu,4178.37,4193.02
2,851,g_a_cpu,cpu,4193.02,4193.85
2,851,eb_enc,cpu,4193.85,4198.99
2,857,normalize,cpu,4199.64,4203.34
2,857,g_a_cpu,cpu,4203.34,4203.72
2,857,g_a,dpu,4203.72,4209.45
2,857,g_a,dpu,4209.45,4219.54
2,857,g_a_cpu,cpu,4219.54,4220.16
2,857,eb_enc,cpu,4220.16,4235.27
2,866,normalize,cpu,4235.91,4239.72
2,866,g_a_cpu,cpu,4239.72,4240.28
2,866,g_a,dpu,4240.28,4252.88
2,866,g_a,dpu,4252.88,4258.56
2,866,g_a_cpu,cpu,4258.56,4259.01
2,866,eb_enc,cpu,4259.02,4264.03
2,872,normalize,cpu,4264.6,4268.28
2,872,g_a_cpu,cpu,4268.28,4268.78
2,872,g_a,dpu,4268.79,4278.62
2,872,g_a,dpu,4278.63,4288.67
2,872,g_a_cpu,cpu,4288.67,4289.13
2,872,eb_enc,cpu,4289.13,4294.1
2,879,normalize,cpu,4294.67,4298.29
2,879,g_a_cpu,cpu,4298.29,4298.94
2,879,g_a,dpu,4298.95,4306.68
2,879,g_a,dpu,4306.68,4320.78
2,879,g_a_cpu,cpu,4320.78,4321.28
2,879,eb_enc,cpu,4321.28,4327.07
2,886,normalize,cpu,4327.64,4342.31
2,886,g_a_cpu,cpu,4342.31,4342.73
2,886,g_a,dpu,4342.73,4354.3
2,886,g_a,dpu,4354.3,4364.74
2,886,g_a_cpu,cpu,4364.74,4365.19
2,886,eb_enc,cpu,4365.19,4370.37
2,896,normalize,cpu,4370.94,4374.79
2,896,g_a_cpu,cpu,4374.8,4375.4
2,896,g_a,dpu,4375.4,4381.23
2,896,g_a,dpu,4381.23,4386.92
2,896,g_a_cpu,cpu,4386.92,4387.35
2,896,eb_enc,cpu,4387.35,4393.94
2,900,normalize,cpu,4394.5,4398.96
2,900,g_a_cpu,cpu,4398.97,4399.45
2,900,g_a,dpu,4399.45,4413.23
2,900,g_a,dpu,4413.23,4419.46
2,900,g_a_cpu,cpu,4419.46,4419.97
2,900,eb_enc,cpu,4419.97,4424.97
2,908,normalize,cpu,4425.72,4429.38
2,908,g_a_cpu,cpu,4429.39,4429.93
2,908,g_a,dpu,4429.93,4442.11
2,908,g_a,dpu,4442.12,4452.02
2,908,g_a_cpu,cpu,4452.02,4452.47
2,908,eb_enc,cpu,4452.48,4457.51
2,914,normalize,cpu,4458.14,4461.82
2,914,g_a_cpu,cpu,4461.82,4462.24
2,914,g_a,dpu,4462.24,4468.76
2,914,g_a,dpu,4468.76,4479.9
2,914,g_a_cpu,cpu,4479.9,4480.38
2,914,eb_enc,cpu,4480.38,4490.32
2,922,normalize,cpu,4491.13,4495.6
2,922,g_a_cpu,cpu,4495.61,4496.19
2,922,g_a,dpu,4496.19,4509.24
2,922,g_a,dpu,4509.25,4514.87
2,922,g_a_cpu,cpu,4514.88,4515.54
2,922,eb_enc,cpu,4515.54,4521.96
3,1,normalize,cpu,85.3215,89.082
3,1,g_a_cpu,cpu,93.9411,94.4536
3,1,g_a,dpu,94.5031,100.196
3,1,g_a,dpu,100.203,109.815
3,1,g_a_cpu,cpu,109.815,110.545
3,1,eb_enc,cpu,110.562,118.332
3,7,normalize,cpu,119.015,122.747
3,7,g_a_cpu,cpu,122.751,123.161
3,7,g_a,dpu,123.164,128.509
3,7,g_a,dpu,128.521,143.445
3,7,g_a_cpu,cpu,143.448,144.035
3,7,eb_enc,cpu,144.039,149.869
3,13,normalize,cpu,150.879,154.557
3,13,g_a_cpu,cpu,154.561,155.199
3,13,g_a,dpu,155.202,185.125
3,13,g_a,dpu,185.126,190.345
3,13,g_a_cpu,cpu,190.347,191.187
3,13,eb_enc,cpu,191.215,196.795
3,22,normalize,cpu,197.384,201.182
3,22,g_a_cpu,cpu,201.187,201.732
3,22,g_a,dpu,201.736,207.184
3,22,g_a,dpu,207.186,212.573
3,22,g_a_cpu,cpu,212.574,213.191
3,22,eb_enc,cpu,213.195,218.914
3,26,normalize,cpu,219.684,223.583
3,26,g_a_cpu,cpu,223.589,224.221
3,26,g_a,dpu,224.229,247.74
3,26,g_a,dpu,247.743,262.167
3,26,g_a_cpu,cpu,262.17,262.682
3,26,eb_enc,cpu,262.687,267.846
3,36,normalize,cpu,270.424,276.606
3,36,g_a_cpu,cpu,276.61,276.991
3,36,g_a,dpu,276.995,282.479
3,36,g_a,dpu,282.489,287.63
3,36,g_a_cpu,cpu,287.634,288.234
3,36,eb_enc,cpu,288.239,293.804
3,41,normalize,cpu,294.49,298.278
3,41,g_a_cpu,cpu,298.28,298.944
3,41,g_a,dpu,298.948,319.264
3,41,g_a,dpu,319.266,329.435
3,41,g_a_cpu,cpu,329.437,330.171
3,41,eb_enc,cpu,330.174,335.361
3,51,normalize,cpu,336.83,340.614
3,51,g_a_cpu,cpu,340.617,341.072
3,51,g_a,dpu,341.075,354.025
3,51,g_a,dpu,354.027,363.329
3,51,g_a_cpu,cpu,363.331,364.017
3,51,eb_enc,cpu,364.022,369.365
3,58,normalize,cpu,369.977,373.764
3,58,g_a_cpu,cpu,373.769,374.147
3,58,g_a,dpu,374.15,384.876
3,58,g_a,dpu,384.877,390.512
3,58,g_a_cpu,cpu,390.514,391.341
3,58,eb_enc,cpu,391.342,397.015
3,65,normalize,cpu,397.577,401.907
3,65,g_a_cpu,cpu,401.909,402.36
3,65,g_a,dpu,402.362,430.883
3,65,g_a,dpu,430.885,436.214
3,65,g_a_cpu,cpu,436.217,436.774
3,65,eb_enc,cpu,436.779,442.126
3,73,normalize,cpu,442.787,446.464
3,73,g_a_cpu,cpu,446.467,447.082
3,73,g_a,dpu,447.09,457.758
3,73,g_a,dpu,457.763,464.399
3,73,g_a_cpu,cpu,464.403,465.14
3,73,eb_enc,cpu,465.194,471.199
3,79,normalize,cpu,471.903,475.605
3,79,g_a_cpu,cpu,475.61,476.051
3,79,g_a,dpu,476.056,481.994
3,79,g_a,dpu,481.997,491.168
3,79,g_a_cpu,cpu,491.169,491.698
3,79,eb_enc,cpu,491.7,496.903
3,84,normalize,cpu,497.567,501.224
3,84,g_a_cpu,cpu,501.228,501.729
3,84,g_a,dpu,501.732,518.648
3,84,g_a,dpu,518.65,530.204
3,84,g_a_cpu,cpu,530.206,530.991
3,84,eb_enc,cpu,530.998,536.451
3,92,normalize,cpu,537.054,540.77
3,92,g_a_cpu,cpu,540.774,541.163
3,92,g_a,dpu,541.167,559.342
3,92,g_a,dpu,559.343,564.46
3,92,g_a_cpu,cpu,564.461,564.935
3,92,eb_enc,cpu,564.936,570.115
3,99,normalize,cpu,570.857,574.682
3,99,g_a_cpu,cpu,574.685,575.082
3,99,g_a,dpu,575.084,584.998
3,99,g_a,dpu,584.999,594.291
3,99,g_a_cpu,cpu,594.294,595.005
3,99,eb_enc,cpu,595.008,601.496
3,106,normalize,cpu,602.141,605.91
3,106,g_a_cpu,cpu,605.914,606.317
3,106,g_a,dpu,606.32,611.518
3,106,g_a,dpu,611.52,616.603
3,106,g_a_cpu,cpu,616.604,616.964
3,106,eb_enc,cpu,616.966,622.267
3,111,normalize,cpu,622.817,626.68
3,111,g_a_cpu,cpu,626.684,627.143
3,111,g_a,dpu,627.146,637.688
3,111,g_a,dpu,637.689,642.776
3,111,g_a_cpu,cpu,642.777,643.329
3,111,eb_enc,cpu,643.332,649.097
3,116,normalize,cpu,649.614,653.375
3,116,g_a_cpu,cpu,653.379,653.852
3,116,g_a,dpu,653.855,667.755
3,116,g_a,dpu,667.758,681.184
3,116,g_a_cpu,cpu,681.186,681.862
3,116,eb_enc,cpu,681.867,687.456
3,123,normalize,cpu,687.919,691.728
3,123,g_a_cpu,cpu,691.731,692.261
3,123,g_a,dpu,692.264,711.242
3,123,g_a,dpu,711.243,722.634
3,123,g_a_cpu,cpu,722.636,723.21
3,123,eb_enc,cpu,723.213,728.637
3,130,normalize,cpu,729.453,733.13
3,130,g_a_cpu,cpu,733.132,733.65
3,130,g_a,dpu,733.652,751.409
3,130,g_a,dpu,751.411,756.627
3,130,g_a_cpu,cpu,756.629,757.377
3,130,eb_enc,cpu,757.379,762.625
3,137,normalize,cpu,763.137,766.833
3,137,g_a_cpu,cpu,766.837,767.458
3,137,g_a,dpu,767.463,779.968
3,137,g_a,dpu,779.97,791.191
3,137,g_a_cpu,cpu,791.194,791.792
3,137,eb_enc,cpu,791.795,797.058
3,144,normalize,cpu,797.585,801.273
3,144,g_a_cpu,cpu,801.276,801.75
3,144,g_a,dpu,801.753,815.906
3,144,g_a,dpu,815.92,821.35
3,144,g_a_cpu,cpu,821.352,821.963
3,144,eb_enc,cpu,821.967,827.496
3,151,normalize,cpu,827.999,831.825
3,151,g_a_cpu,cpu,831.829,832.532
3,151,g_a,dpu,832.537,850.067
3,151,g_a,dpu,850.07,859.146
3,151,g_a_cpu,cpu,859.148,859.726
3,151,eb_enc,cpu,859.728,865.235
3,159,normalize,cpu,865.781,869.644
3,159,g_a_cpu,cpu,869.65,870.04
3,159,g_a,dpu,870.044,875.451
3,159,g_a,dpu,875.456,889.306
3,159,g_a_cpu,cpu,889.307,889.718
3,159,eb_enc,cpu,889.72,895.006
3,166,normalize,cpu,895.651,899.344
3,166,g_a_cpu,cpu,899.347,900.012
3,166,g_a,dpu,900.017,913.972
3,166,g_a,dpu,913.977,923.406
3,166,g_a_cpu,cpu,923.409,923.941
3,166,eb_enc,cpu,923.945,929.73
3,174,normalize,cpu,930.373,934.138
3,174,g_a_cpu,cpu,934.144,934.807
3,174,g_a,dpu,934.813,945.365
3,174,g_a,dpu,945.366,960.714
3,174,g_a_cpu,cpu,960.715,961.132
3,174,eb_enc,cpu,961.134,966.46
3,180,normalize,cpu,967.185,972.898
3,180,g_a_cpu,cpu,972.902,973.367
3,180,g_a,dpu,973.37,978.707
3,180,g_a,dpu,978.708,986.737
3,180,g_a_cpu,cpu,986.741,987.326
3,180,eb_enc,cpu,987.329,998.829
3,186,normalize,cpu,999.681,1007.15
3,186,g_a_cpu,cpu,1007.16,1007.54
3,186,g_a,dpu,1007.54,1030.52
3,186,g_a,dpu,1030.52,1046
3,186,g_a_cpu,cpu,1046,1046.59
3,186,eb_enc,cpu,1046.59,1052.27
3,197,normalize,cpu,1052.85,1061.53
3,197,g_a_cpu,cpu,1061.53,1062.18
3,197,g_a,dpu,1062.19,1073.7
3,197,g_a,dpu,1073.7,1087.52
3,197,g_a_cpu,cpu,1087.52,1088.09
3,197,eb_enc,cpu,1088.09,1093.46
3,205,normalize,cpu,1094.03,1097.78
3,205,g_a_cpu,cpu,1097.79,1098.26
3,205,g_a,dpu,1098.26,1111.59
3,205,g_a,dpu,1111.59,1125.88
3,205,g_a_cpu,cpu,1125.88,1126.51
3,205,eb_enc,cpu,1126.52,1131.76
3,213,normalize,cpu,1132.28,1136.04
3,213,g_a_cpu,cpu,1136.05,1136.55
3,213,g_a,dpu,1136.55,1145.66
3,213,g_a,dpu,1145.66,1150.81
3,213,g_a_cpu,cpu,1150.81,1151.3
3,213,eb_enc,cpu,1151.31,1159.31
3,219,normalize,cpu,1159.9,1163.65
3,219,g_a_cpu,cpu,1163.65,1164.57
3,219,g_a,dpu,1164.58,1189.17
3,219,g_a,dpu,1189.17,1203.48
3,219,g_a_cpu,cpu,1203.48,1204.17
3,219,eb_enc,cpu,1204.18,1209.46
3,230,normalize,cpu,1210.1,1213.87
3,230,g_a_cpu,cpu,1213.88,1214.31
3,230,g_a,dpu,1214.31,1220.26
3,230,g_a,dpu,1220.26,1250.25
3,230,g_a_cpu,cpu,1250.26,1250.88
3,230,eb_enc,cpu,1250.88,1256.38
3,238,normalize,cpu,1257.01,1260.66
3,238,g_a_cpu,cpu,1260.67,1261.2
3,238,g_a,dpu,1261.2,1304.57
3,238,g_a,dpu,1304.57,1309.65
3,238,g_a_cpu,cpu,1309.66,1310.18
3,238,eb_enc,cpu,1310.19,1315.6
3,249,normalize,cpu,1316.2,1320.06
3,249,g_a_cpu,cpu,1320.06,1320.45
3,249,g_a,dpu,1320.46,1332.97
3,249,g_a,dpu,1332.97,1342.5
3,249,g_a_cpu,cpu,1342.5,1342.9
3,249,eb_enc,cpu,1342.9,1348.12
3,256,normalize,cpu,1348.85,1352.64
3,256,g_a_cpu,cpu,1352.64,1353.09
3,256,g_a,dpu,1353.09,1365.89
3,256,g_a,dpu,1365.89,1380.14
3,256,g_a_cpu,cpu,1380.14,1380.63
3,256,eb_enc,cpu,1380.64,1391.03
3,266,normalize,cpu,1391.65,1395.41
3,266,g_a_cpu,cpu,1395.41,1396
3,266,g_a,dpu,1396.01,1405.71
3,266,g_a,dpu,1405.71,1410.89
3,266,g_a_cpu,cpu,1410.9,1411.5
3,266,eb_enc,cpu,1411.5,1417.75
3,272,normalize,cpu,1418.2,1421.93
3,272,g_a_cpu,cpu,1421.93,1422.44
3,272,g_a,dpu,1422.45,1436.68
3,272,g_a,dpu,1436.69,1461.1
3,272,g_a_cpu,cpu,1461.1,1461.63
3,272,eb_enc,cpu,1461.63,1467.1
3,281,normalize,cpu,1468.56,1476.29
3,281,g_a_cpu,cpu,1476.29,1476.83
3,281,g_a,dpu,1476.83,1482.15
3,281,g_a,dpu,1482.15,1493.69
3,281,g_a_cpu,cpu,1493.7,1494.19
3,281,eb_enc,cpu,1494.19,1499.41
3,289,normalize,cpu,1500.39,1506.9
3,289,g_a_cpu,cpu,1506.9,1507.38
3,289,g_a,dpu,1507.38,1519.24
3,289,g_a,dpu,1519.25,1528.58
3,289,g_a_cpu,cpu,1528.59,1529.19
3,289,eb_enc,cpu,1529.2,1534.49
3,294,normalize,cpu,1534.99,1538.77
3,294,g_a_cpu,cpu,1538.78,1539.22
3,294,g_a,dpu,1539.22,1548.82
3,294,g_a,dpu,1548.83,1558.5
3,294,g_a_cpu,cpu,1558.5,1559.05
3,294,eb_enc,cpu,1559.06,1564.47
3,301,normalize,cpu,1565.16,1568.95
3,301,g_a_cpu,cpu,1568.95,1569.48
3,301,g_a,dpu,1569.48,1583.49
3,301,g_a,dpu,1583.49,1588.91
3,301,g_a_cpu,cpu,1588.91,1589.43
3,301,eb_enc,cpu,1589.43,1594.98
3,307,normalize,cpu,1595.73,1602.16
3,307,g_a_cpu,cpu,1602.16,1602.8
3,307,g_a,dpu,1602.81,1619.12
3,307,g_a,dpu,1619.12,1628.37
3,307,g_a_cpu,cpu,1628.37,1628.92
3,307,eb_enc,cpu,1628.94,1634.34
3,313,normalize,cpu,1634.96,1638.74
3,313,g_a_cpu,cpu,1638.74,1639.15
3,313,g_a,dpu,1639.16,1644.35
3,313,g_a,dpu,1644.35,1654.13
3,313,g_a_cpu,cpu,1654.14,1654.56
3,313,eb_enc,cpu,1654.56,1659.71
3,319,normalize,cpu,1660.41,1664.19
3,319,g_a_cpu,cpu,1664.19,1664.57
3,319,g_a,dpu,1664.57,1670.41
3,319,g_a,dpu,1670.42,1679.74
3,319,g_a_cpu,cpu,1679.75,1680.32
3,319,eb_enc,cpu,1680.33,1686.01
3,325,normalize,cpu,1690.19,1693.88
3,325,g_a_cpu,cpu,1693.88,1694.31
3,325,g_a,dpu,1694.31,1715.34
3,325,g_a,dpu,1715.34,1730.05
3,325,g_a_cpu,cpu,1730.05,1730.54
3,325,eb_enc,cpu,1730.54,1735.76
3,337,normalize,cpu,1736.64,1740.39
3,337,g_a_cpu,cpu,1740.4,1740.77
3,337,g_a,dpu,1740.77,1767.46
3,337,g_a,dpu,1767.46,1776.73
3,337,g_a_cpu,cpu,1776.73,1777.43
3,337,eb_enc,cpu,1777.43,1783.07
3,345,normalize,cpu,1783.66,1787.4
3,345,g_a_cpu,cpu,1787.4,1787.99
3,345,g_a,dpu,1787.99,1801.55
3,345,g_a,dpu,1801.55,1807.17
3,345,g_a_cpu,cpu,1807.17,1807.66
3,345,eb_enc,cpu,1807.67,1812.96
3,352,normalize,cpu,1813.7,1817.34
3,352,g_a_cpu,cpu,1817.34,1817.85
3,352,g_a,dpu,1817.85,1837.49
3,352,g_a,dpu,1837.49,1843.05
3,352,g_a_cpu,cpu,1843.06,1843.68
3,352,eb_enc,cpu,1843.69,1848.88
3,359,normalize,cpu,1849.53,1853.32
3,359,g_a_cpu,cpu,1853.33,1853.91
3,359,g_a,dpu,1853.92,1859.55
3,359,g_a,dpu,1859.56,1877.36
3,359,g_a_cpu,cpu,1877.37,1877.92
3,359,eb_enc,cpu,1877.92,1883.13
3,364,normalize,cpu,1883.69,1888.16
3,364,g_a_cpu,cpu,1888.17,1888.65
3,364,g_a,dpu,1888.66,1908.94
3,364,g_a,dpu,1908.95,1929.93
3,364,g_a_cpu,cpu,1929.93,1930.34
3,364,eb_enc,cpu,1930.34,1936.23
3,376,normalize,cpu,1937,1940.91
3,376,g_a_cpu,cpu,1940.93,1941.68
3,376,g_a,dpu,1941.69,1953.55
3,376,g_a,dpu,1953.55,1962.82
3,376,g_a_cpu,cpu,1962.83,1963.22
3,376,eb_enc,cpu,1963.22,1968.94
3,383,normalize,cpu,1969.84,1973.85
3,383,g_a_cpu,cpu,1973.85,1974.33
3,383,g_a,dpu,1974.34,1980.35
3,383,g_a,dpu,1980.35,1989.6
3,383,g_a_cpu,cpu,1989.6,1990.06
3,383,eb_enc,cpu,1990.06,1995.79
3,391,normalize,cpu,1996.79,2000.58
3,391,g_a_cpu,cpu,2000.58,2001
3,391,g_a,dpu,2001,2006.6
3,391,g_a,dpu,2006.6,2028.15
3,391,g_a_cpu,cpu,2028.16,2028.73
3,391,eb_enc,cpu,2028.74,2033.93
3,399,normalize,cpu,2034.64,2038.37
3,399,g_a_cpu,cpu,2038.37,2038.99
3,399,g_a,dpu,2038.99,2044.21
3,399,g_a,dpu,2044.22,2055.73
3,399,g_a_cpu,cpu,2055.74,2056.52
3,399,eb_enc,cpu,2056.52,2062.09
3,405,normalize,cpu,2064.21,2068.28
3,405,g_a_cpu,cpu,2068.29,2070.09
3,405,g_a,dpu,2070.09,2089.79
3,405,g_a,dpu,2089.79,2095.22
3,405,g_a_cpu,cpu,2095.22,2095.77
3,405,eb_enc,cpu,2095.78,2101.14
3,413,normalize,cpu,2101.66,2105.35
3,413,g_a_cpu,cpu,2105.35,2105.81
3,413,g_a,dpu,2105.82,2116.88
3,413,g_a,dpu,2116.89,2129.31
3,413,g_a_cpu,cpu,2129.32,2129.83
3,413,eb_enc,cpu,2129.83,2135.06
3,419,normalize,cpu,2135.63,2139.3
3,419,g_a_cpu,cpu,2139.3,2142.56
3,419,g_a,dpu,2142.56,2171.38
3,419,g_a,dpu,2171.38,2181
3,419,g_a_cpu,cpu,2181,2181.38
3,419,eb_enc,cpu,2181.39,2186.31
3,431,normalize,cpu,2186.87,2190.64
3,431,g_a_cpu,cpu,2190.64,2191.12
3,431,g_a,dpu,2191.13,2196.38
3,431,g_a,dpu,2196.38,2201.45
3,431,g_a_cpu,cpu,2201.45,2201.96
3,431,eb_enc,cpu,2201.96,2207.22
3,436,normalize,cpu,2208.1,2211.81
3,436,g_a_cpu,cpu,2211.81,2212.22
3,436,g_a,dpu,2212.22,2217.75
3,436,g_a,dpu,2217.75,2223.03
3,436,g_a_cpu,cpu,2223.03,2223.56
3,436,eb_enc,cpu,2223.56,2228.84
3,440,normalize,cpu,2229.48,2233.14
3,440,g_a_cpu,cpu,2233.15,2233.8
3,440,g_a,dpu,2233.81,2250.44
3,440,g_a,dpu,2250.45,2259.58
3,440,g_a_cpu,cpu,2259.58,2259.96
3,440,eb_enc,cpu,2259.96,2265.13
3,448,normalize,cpu,2265.91,2269.69
3,448,g_a_cpu,cpu,2269.69,2270.12
3,448,g_a,dpu,2270.12,2275.56
3,448,g_a,dpu,2275.56,2287.2
3,448,g_a_cpu,cpu,2287.2,2287.59
3,448,eb_enc,cpu,2287.59,2293.07
3,455,normalize,cpu,2293.72,2297.58
3,455,g_a_cpu,cpu,2297.58,2298.21
3,455,g_a,dpu,2298.21,2310.73
3,455,g_a,dpu,2310.73,2320.99
3,455,g_a_cpu,cpu,2320.99,2321.42
3,455,eb_enc,cpu,2321.42,2326.61
3,463,normalize,cpu,2328.08,2331.81
3,463,g_a_cpu,cpu,2331.82,2332.43
3,463,g_a,dpu,2332.44,2350.32
3,463,g_a,dpu,2350.32,2360.85
3,463,g_a_cpu,cpu,2360.85,2361.34
3,463,eb_enc,cpu,2361.34,2366.77
3,470,normalize,cpu,2367.65,2371.4
3,470,g_a_cpu,cpu,2371.4,2371.8
3,470,g_a,dpu,2371.8,2409
3,470,g_a,dpu,2409,2414.24
3,470,g_a_cpu,cpu,2414.24,2414.76
3,470,eb_enc,cpu,2414.77,2420.11
3,480,normalize,cpu,2420.98,2424.71
3,480,g_a_cpu,cpu,2424.72,2425.09
3,480,g_a,dpu,2425.09,2436.82
3,480,g_a,dpu,2436.83,2442.11
3,480,g_a_cpu,cpu,2442.11,2442.59
3,480,eb_enc,cpu,2442.59,2447.8
3,487,normalize,cpu,2448.49,2452.16
3,487,g_a_cpu,cpu,2452.16,2452.6
3,487,g_a,dpu,2452.61,2470.55
3,487,g_a,dpu,2470.55,2479.8
3,487,g_a_cpu,cpu,2479.8,2480.4
3,487,eb_enc,cpu,2480.4,2488.88
3,495,normalize,cpu,2489.41,2493.33
3,495,g_a_cpu,cpu,2493.34,2493.8
3,495,g_a,dpu,2493.81,2511.34
3,495,g_a,dpu,2511.35,2516.66
3,495,g_a_cpu,cpu,2516.66,2517.27
3,495,eb_enc,cpu,2517.27,2523.14
3,504,normalize,cpu,2523.68,2527.47
3,504,g_a_cpu,cpu,2527.48,2527.94
3,504,g_a,dpu,2527.94,2533.67
3,504,g_a,dpu,2533.68,2547.72
3,504,g_a_cpu,cpu,2547.72,2548.34
3,504,eb_enc,cpu,2548.34,2562.81
3,513,normalize,cpu,2563.35,2567.96
3,513,g_a_cpu,cpu,2567.96,2568.41
3,513,g_a,dpu,2568.41,2573.59
3,513,g_a,dpu,2573.6,2588.38
3,513,g_a_cpu,cpu,2588.38,2588.91
3,513,eb_enc,cpu,2588.92,2594.07
3,519,normalize,cpu,2594.71,2598.47
3,519,g_a_cpu,cpu,2598.48,2605.48
3,519,g_a,dpu,2605.48,2630.73
3,519,g_a,dpu,2630.73,2636.34
3,519,g_a_cpu,cpu,2636.35,2636.84
3,519,eb_enc,cpu,2636.85,2642.06
3,530,normalize,cpu,2653.84,2657.53
3,530,g_a_cpu,cpu,2657.54,2658.09
3,530,g_a,dpu,2658.1,2687.9
3,530,g_a,dpu,2687.9,2701.76
3,530,g_a_cpu,cpu,2701.77,2702.2
3,530,eb_enc,cpu,2702.2,2707.35
3,542,normalize,cpu,2707.85,2711.62
3,542,g_a_cpu,cpu,2711.62,2712.24
3,542,g_a,dpu,2712.24,2722.82
3,542,g_a,dpu,2722.82,2732.08
3,542,g_a_cpu,cpu,2732.09,2732.61
3,542,eb_enc,cpu,2732.62,2737.89
3,547,normalize,cpu,2738.6,2742.34
3,547,g_a_cpu,cpu,2742.35,2742.92
3,547,g_a,dpu,2742.93,2749.85
3,547,g_a,dpu,2749.85,2754.95
3,547,g_a_cpu,cpu,2754.95,2755.48
3,547,eb_enc,cpu,2755.49,2760.92
3,553,normalize,cpu,2761.73,2765.46
3,553,g_a_cpu,cpu,2765.46,2766.06
3,553,g_a,dpu,2766.06,2771.45
3,553,g_a,dpu,2771.45,2786.65
3,553,g_a_cpu,cpu,2786.65,2787.17
3,553,eb_enc,cpu,2787.17,2792.57
3,560,normalize,cpu,2793.44,2797.09
3,560,g_a_cpu,cpu,2797.09,2797.55
3,560,g_a,dpu,2797.55,2802.75
3,560,g_a,dpu,2802.76,2821.37
3,560,g_a_cpu,cpu,2821.37,2821.79
3,560,eb_enc,cpu,2821.8,2828.02
3,568,normalize,cpu,2828.54,2834.79
3,568,g_a_cpu,cpu,2834.79,2835.39
3,568,g_a,dpu,2835.4,2846.61
3,568,g_a,dpu,2846.61,2851.92
3,568,g_a_cpu,cpu,2851.92,2852.44
3,568,eb_enc,cpu,2852.44,2858.07
3,575,normalize,cpu,2858.73,2862.36
3,575,g_a_cpu,cpu,2862.36,2862.88
3,575,g_a,dpu,2862.88,2876.86
3,575,g_a,dpu,2876.86,2882.22
3,575,g_a_cpu,cpu,2882.23,2882.74
3,575,eb_enc,cpu,2882.74,2890.03
3,581,normalize,cpu,2890.75,2894.63
3,581,g_a_cpu,cpu,2894.63,2895.04
3,581,g_a,dpu,2895.05,2915.53
3,581,g_a,dpu,2915.53,2935.49
3,581,g_a_cpu,cpu,2935.49,2935.95
3,581,eb_enc,cpu,2935.96,2941.12
3,590,normalize,cpu,2941.81,2953.51
3,590,g_a_cpu,cpu,2953.51,2953.94
3,590,g_a,dpu,2953.94,2974.58
3,590,g_a,dpu,2974.58,2979.69
3,590,g_a_cpu,cpu,2979.69,2980.28
3,590,eb_enc,cpu,2980.28,2987.33
3,599,normalize,cpu,2987.89,2992.46
3,599,g_a_cpu,cpu,2992.47,2993.01
3,599,g_a,dpu,2993.02,3006.04
3,599,g_a,dpu,3006.05,3020.11
3,599,g_a_cpu,cpu,3020.11,3020.61
3,599,eb_enc,cpu,3020.62,3025.98
3,608,normalize,cpu,3026.89,3030.64
3,608,g_a_cpu,cpu,3030.65,3031.26
3,608,g_a,dpu,3031.26,3039.5
3,608,g_a,dpu,3039.5,3044.93
3,608,g_a_cpu,cpu,3044.94,3045.36
3,608,eb_enc,cpu,3045.36,3050.6
3,615,normalize,cpu,3051.37,3055.09
3,615,g_a_cpu,cpu,3055.1,3055.54
3,615,g_a,dpu,3055.55,3078.61
3,615,g_a,dpu,3078.61,3092.5
3,615,g_a_cpu,cpu,3092.5,3093.03
3,615,eb_enc,cpu,3093.03,3098.38
3,624,normalize,cpu,3099.16,3102.87
3,624,g_a_cpu,cpu,3102.87,3103.36
3,624,g_a,dpu,3103.37,3115.09
3,624,g_a,dpu,3115.1,3129.63
3,624,g_a_cpu,cpu,3129.63,3130.25
3,624,eb_enc,cpu,3130.25,3135.82
3,632,normalize,cpu,3136.44,3140.2
3,632,g_a_cpu,cpu,3140.21,3140.66
3,632,g_a,dpu,3140.66,3155.17
3,632,g_a,dpu,3155.18,3179.52
3,632,g_a_cpu,cpu,3179.53,3179.98
3,632,eb_enc,cpu,3179.99,3185.42
3,642,normalize,cpu,3186.03,3189.98
3,642,g_a_cpu,cpu,3189.99,3190.62
3,642,g_a,dpu,3190.63,3216.7
3,642,g_a,dpu,3216.73,3226.13
3,642,g_a_cpu,cpu,3226.13,3226.6
3,642,eb_enc,cpu,3226.6,3231.86
3,652,normalize,cpu,3232.68,3236.47
3,652,g_a_cpu,cpu,3236.47,3237.05
3,652,g_a,dpu,3237.05,3250.45
3,652,g_a,dpu,3250.45,3266.59
3,652,g_a_cpu,cpu,3266.59,3267.13
3,652,eb_enc,cpu,3267.14,3272.53
3,661,normalize,cpu,3273.12,3276.86
3,661,g_a_cpu,cpu,3276.86,3277.42
3,661,g_a,dpu,3277.43,3283.27
3,661,g_a,dpu,3283.28,3309.45
3,661,g_a_cpu,cpu,3309.45,3310.18
3,661,eb_enc,cpu,3310.19,3315.48
3,670,normalize,cpu,3316.11,3319.86
3,670,g_a_cpu,cpu,3319.87,3320.31
3,670,g_a,dpu,3320.31,3339.77
3,670,g_a,dpu,3339.77,3349.91
3,670,g_a_cpu,cpu,3349.91,3350.29
3,670,eb_enc,cpu,3350.29,3355.39
3,680,normalize,cpu,3356.35,3360.13
3,680,g_a_cpu,cpu,3360.14,3360.63
3,680,g_a,dpu,3360.64,3380.56
3,680,g_a,dpu,3380.56,3396.59
3,680,g_a_cpu,cpu,3396.6,3397.05
3,680,eb_enc,cpu,3397.05,3402.31
3,691,normalize,cpu,3403.09,3406.91
3,691,g_a_cpu,cpu,3406.91,3407.42
3,691,g_a,dpu,3407.43,3420.14
3,691,g_a,dpu,3420.14,3430.66
3,691,g_a_cpu,cpu,3430.66,3431.28
3,691,eb_enc,cpu,3431.28,3436.69
3,698,normalize,cpu,3437.33,3441.1
3,698,g_a_cpu,cpu,3441.11,3441.57
3,698,g_a,dpu,3441.58,3447.38
3,698,g_a,dpu,3447.39,3457.23
3,698,g_a_cpu,cpu,3457.23,3457.7
3,698,eb_enc,cpu,3457.71,3463.69
3,702,normalize,cpu,3464.71,3468.41
3,702,g_a_cpu,cpu,3468.41,3468.91
3,702,g_a,dpu,3468.91,3484.25
3,702,g_a,dpu,3484.25,3494.48
3,702,g_a_cpu,cpu,3494.48,3494.97
3,702,eb_enc,cpu,3494.97,3500.54
3,710,normalize,cpu,3501.45,3505.9
3,710,g_a_cpu,cpu,3505.9,3506.53
3,710,g_a,dpu,3506.54,3525.09
3,710,g_a,dpu,3525.09,3530.18
3,710,g_a_cpu,cpu,3530.19,3531.03
3,710,eb_enc,cpu,3531.03,3536.43
3,719,normalize,cpu,3537.35,3541.89
3,719,g_a_cpu,cpu,3541.9,3542.46
3,719,g_a,dpu,3542.47,3571.32
3,719,g_a,dpu,3571.33,3596.32
3,719,g_a_cpu,cpu,3596.32,3596.76
3,719,eb_enc,cpu,3596.76,3601.82
3,732,normalize,cpu,3602.31,3606.15
3,732,g_a_cpu,cpu,3606.15,3606.69
3,732,g_a,dpu,3606.69,3620.19
3,732,g_a,dpu,3620.19,3629.34
3,732,g_a_cpu,cpu,3629.34,3629.73
3,732,eb_enc,cpu,3629.73,3635.08
3,739,normalize,cpu,3635.8,3639.56
3,739,g_a_cpu,cpu,3639.57,3640.01
3,739,g_a,dpu,3640.02,3653.25
3,739,g_a,dpu,3653.25,3664.87
3,739,g_a_cpu,cpu,3664.87,3665.32
3,739,eb_enc,cpu,3665.33,3670.89
3,746,normalize,cpu,3671.58,3675.24
3,746,g_a_cpu,cpu,3675.24,3675.88
3,746,g_a,dpu,3675.89,3688.96
3,746,g_a,dpu,3688.97,3698.29
3,746,g_a_cpu,cpu,3698.29,3698.71
3,746,eb_enc,cpu,3698.72,3704.15
3,753,normalize,cpu,3705.33,3709.04
3,753,g_a_cpu,cpu,3709.05,3709.57
3,753,g_a,dpu,3709.57,3715.72
3,753,g_a,dpu,3715.72,3732.4
3,753,g_a_cpu,cpu,3732.4,3733.01
3,753,eb_enc,cpu,3733.01,3750.92
3,764,normalize,cpu,3763.22,3766.89
3,764,g_a_cpu,cpu,3766.89,3768.31
3,764,g_a,dpu,3768.32,3787.7
3,764,g_a,dpu,3787.7,3818.8
3,764,g_a_cpu,cpu,3818.8,3819.4
3,764,eb_enc,cpu,3819.41,3824.56
3,776,normalize,cpu,3825.07,3828.73
3,776,g_a_cpu,cpu,3828.73,3829.39
3,776,g_a,dpu,3829.4,3845.02
3,776,g_a,dpu,3845.02,3854.77
3,776,g_a_cpu,cpu,3854.77,3855.21
3,776,eb_enc,cpu,3855.21,3860.43
3,783,normalize,cpu,3861.19,3864.85
3,783,g_a_cpu,cpu,3864.85,3865.47
3,783,g_a,dpu,3865.48,3879.2
3,783,g_a,dpu,3879.2,3884.35
3,783,g_a_cpu,cpu,3884.35,3884.74
3,783,eb_enc,cpu,3884.74,3889.86
3,791,normalize,cpu,3890.49,3894.13
3,791,g_a_cpu,cpu,3894.14,3894.74
3,791,g_a,dpu,3894.74,3900.06
3,791,g_a,dpu,3900.07,3919.98
3,791,g_a_cpu,cpu,3919.98,3920.62
3,791,eb_enc,cpu,3920.63,3926.22
3,799,normalize,cpu,3927.16,3930.83
3,799,g_a_cpu,cpu,3930.83,3931.42
3,799,g_a,dpu,3931.43,3940.86
3,799,g_a,dpu,3940.86,3950.06
3,799,g_a_cpu,cpu,3950.07,3950.75
3,799,eb_enc,cpu,3950.75,3956.01
3,806,normalize,cpu,3956.81,3960.49
3,806,g_a_cpu,cpu,3960.49,3960.95
3,806,g_a,dpu,3960.95,3970.59
3,806,g_a,dpu,3970.59,3988.91
3,806,g_a_cpu,cpu,3988.91,3989.51
3,806,eb_enc,cpu,3989.51,3994.74
3,815,normalize,cpu,3995.27,3998.95
3,815,g_a_cpu,cpu,3998.95,3999.69
3,815,g_a,dpu,3999.7,4019.73
3,815,g_a,dpu,4019.73,4025.07
3,815,g_a_cpu,cpu,4025.07,4025.8
3,815,eb_enc,cpu,4025.8,4031.18
3,822,normalize,cpu,4031.9,4035.59
3,822,g_a_cpu,cpu,4035.59,4036.09
3,822,g_a,dpu,4036.09,4064.91
3,822,g_a,dpu,4064.91,4079.03
3,822,g_a_cpu,cpu,4079.03,4079.74
3,822,eb_enc,cpu,4079.75,4096.17
3,836,normalize,cpu,4096.89,4100.54
3,836,g_a_cpu,cpu,4100.54,4101.09
3,836,g_a,dpu,4101.1,4114.77
3,836,g_a,dpu,4114.77,4124.09
3,836,g_a_cpu,cpu,4124.1,4124.54
3,836,eb_enc,cpu,4124.54,4129.66
3,844,normalize,cpu,4130.24,4133.89
3,844,g_a_cpu,cpu,4133.9,4134.36
3,844,g_a,dpu,4134.36,4144.19
3,844,g_a,dpu,4144.19,4153.34
3,844,g_a_cpu,cpu,4153.34,4153.75
3,844,eb_enc,cpu,4153.75,4158.97
3,850,normalize,cpu,4159.72,4163.43
3,850,g_a_cpu,cpu,4163.44,4163.89
3,850,g_a,dpu,4163.89,4173.58
3,850,g_a,dpu,4173.58,4182.83
3,850,g_a_cpu,cpu,4182.83,4183.27
3,850,eb_enc,cpu,4183.27,4189.14
3,856,normalize,cpu,4189.62,4193.48
3,856,g_a_cpu,cpu,4193.49,4194.34
3,856,g_a,dpu,4194.35,4212.68
3,856,g_a,dpu,4212.69,4224.65
3,856,g_a_cpu,cpu,4224.65,4225.29
3,856,eb_enc,cpu,4225.3,4230.58
3,863,normalize,cpu,4231.4,4241.59
3,863,g_a_cpu,cpu,4241.59,4242.35
3,863,g_a,dpu,4242.35,4251.06
3,863,g_a,dpu,4251.06,4261.56
3,863,g_a_cpu,cpu,4261.56,4262.18
3,863,eb_enc,cpu,4262.18,4267.27
3,874,normalize,cpu,4268.13,4271.97
3,874,g_a_cpu,cpu,4271.98,4272.46
3,874,g_a,dpu,4272.46,4277.84
3,874,g_a,dpu,4277.84,4290.11
3,874,g_a_cpu,cpu,4290.11,4290.56
3,874,eb_enc,cpu,4290.57,4300.8
3,880,normalize,cpu,4301.3,4305.1
3,880,g_a_cpu,cpu,4305.1,4305.55
3,880,g_a,dpu,4305.55,4314.91
3,880,g_a,dpu,4314.91,4343.16
3,880,g_a_cpu,cpu,4343.16,4343.73
3,880,eb_enc,cpu,4343.73,4348.76
3,891,normalize,cpu,4349.4,4353.17
3,891,g_a_cpu,cpu,4353.17,4353.76
3,891,g_a,dpu,4353.76,4359
3,891,g_a,dpu,4359,4379.44
3,891,g_a_cpu,cpu,4379.44,4379.97
3,891,eb_enc,cpu,4379.97,4385.13
3,899,normalize,cpu,4385.94,4389.61
3,899,g_a_cpu,cpu,4389.61,4390.16
3,899,g_a,dpu,4390.17,4399.68
3,899,g_a,dpu,4399.68,4404.8
3,899,g_a_cpu,cpu,4404.8,4405.24
3,899,eb_enc,cpu,4405.24,4414.55
3,906,normalize,cpu,4414.99,4419.65
3,906,g_a_cpu,cpu,4419.65,4420.48
3,906,g_a,dpu,4420.48,4439.21
3,906,g_a,dpu,4439.21,4455.25
3,906,g_a_cpu,cpu,4455.25,4455.72
3,906,eb_enc,cpu,4455.73,4461.37
3,916,normalize,cpu,4462,4466.6
3,916,g_a_cpu,cpu,4466.6,4467.04
3,916,g_a,dpu,4467.04,4472.23
3,916,g_a,dpu,4472.23,4489.63
3,916,g_a_cpu,cpu,4489.64,4490.26
3,916,eb_enc,cpu,4490.27,4496.48
3,923,normalize,cpu,4497.21,4500.87
3,923,g_a_cpu,cpu,4500.88,4503.46
3,923,g_a,dpu,4503.46,4517.62
3,923,g_a,dpu,4517.62,4527.43
3,923,g_a_cpu,cpu,4527.43,4527.91
3,923,eb_enc,cpu,4527.92,4532.98
4,2,normalize,cpu,86.9896,90.7422
4,2,g_a_cpu,cpu,94.0972,94.5939
4,2,g_a,dpu,94.5981,100.377
4,2,g_a,dpu,100.383,110.076
4,2,g_a_cpu,cpu,110.079,110.927
4,2,eb_enc,cpu,110.945,139.51
4,12,normalize,cpu,140.999,144.922
4,12,g_a_cpu,cpu,144.929,154.084
4,12,g_a,dpu,154.09,167.963
4,12,g_a,dpu,167.971,177.307
4,12,g_a_cpu,cpu,177.308,177.74
4,12,eb_enc,cpu,177.742,183.074
4,19,normalize,cpu,183.869,187.622
4,19,g_a_cpu,cpu,187.627,188.085
4,19,g_a,dpu,188.088,193.651
4,19,g_a,dpu,193.654,214.309
4,19,g_a_cpu,cpu,214.313,215.044
4,19,eb_enc,cpu,215.072,220.493
4,27,normalize,cpu,221.339,225.028
4,27,g_a_cpu,cpu,225.031,225.489
4,27,g_a,dpu,225.494,231.007
4,27,g_a,dpu,231.01,237.458
4,27,g_a_cpu,cpu,237.464,243.205
4,27,eb_enc,cpu,243.212,249.257
4,32,normalize,cpu,249.8,254.24
4,32,g_a_cpu,cpu,254.242,254.695
4,32,g_a,dpu,254.698,267.363
4,32,g_a,dpu,267.365,278.608
4,32,g_a_cpu,cpu,278.611,279.247
4,32,eb_enc,cpu,279.25,284.347
4,39,normalize,cpu,284.911,288.614
4,39,g_a_cpu,cpu,288.617,289.081
4,39,g_a,dpu,289.086,294.543
4,39,g_a,dpu,294.549,299.827
4,39,g_a_cpu,cpu,299.828,300.336
4,39,eb_enc,cpu,300.341,305.368
4,44,normalize,cpu,306.859,310.521
4,44,g_a_cpu,cpu,310.526,314.79
4,44,g_a,dpu,314.795,320.089
4,44,g_a,dpu,320.09,325.387
4,44,g_a_cpu,cpu,325.389,326.045
4,44,eb_enc,cpu,326.048,331.222
4,50,normalize,cpu,331.963,335.799
4,50,g_a_cpu,cpu,335.803,336.258
4,50,g_a,dpu,336.26,347.859
4,50,g_a,dpu,347.86,353.153
4,50,g_a_cpu,cpu,353.155,353.544
4,50,eb_enc,cpu,353.546,358.88
4,57,normalize,cpu,359.816,363.54
4,57,g_a_cpu,cpu,363.546,364.283
4,57,g_a,dpu,364.286,374.678
4,57,g_a,dpu,374.68,380.13
4,57,g_a_cpu,cpu,380.131,380.734
4,57,eb_enc,cpu,380.738,387.553
4,62,normalize,cpu,388.286,392.824
4,62,g_a_cpu,cpu,392.83,393.473
4,62,g_a,dpu,393.479,398.871
4,62,g_a,dpu,398.873,413.405
4,62,g_a_cpu,cpu,413.407,413.892
4,62,eb_enc,cpu,413.896,419.05
4,68,normalize,cpu,419.647,423.527
4,68,g_a_cpu,cpu,423.53,424.037
4,68,g_a,dpu,424.041,431.57
4,68,g_a,dpu,431.572,444.488
4,68,g_a_cpu,cpu,444.49,445.04
4,68,eb_enc,cpu,445.055,451.246
4,75,normalize,cpu,451.853,455.699
4,75,g_a_cpu,cpu,455.707,456.256
4,75,g_a,dpu,456.262,462.204
4,75,g_a,dpu,462.207,477.112
4,75,g_a_cpu,cpu,477.114,477.648
4,75,eb_enc,cpu,477.652,483.728
4,82,normalize,cpu,484.257,488.097
4,82,g_a_cpu,cpu,488.1,488.516
4,82,g_a,dpu,488.519,494.623
4,82,g_a,dpu,494.628,499.86
4,82,g_a_cpu,cpu,499.863,500.422
4,82,eb_enc,cpu,500.426,505.601
4,86,normalize,cpu,506.366,510.176
4,86,g_a_cpu,cpu,510.184,510.715
4,86,g_a,dpu,510.719,524.95
4,86,g_a,dpu,524.952,534.322
4,86,g_a_cpu,cpu,534.324,535.672
4,86,eb_enc,cpu,535.675,543.162
4,94,normalize,cpu,543.662,547.433
4,94,g_a_cpu,cpu,547.437,547.836
4,94,g_a,dpu,547.838,553.45
4,94,g_a,dpu,553.451,562.666
4,94,g_a_cpu,cpu,562.67,563.184
4,94,eb_enc,cpu,563.186,570.358
4,100,normalize,cpu,571.088,578.865
4,100,g_a_cpu,cpu,578.87,579.36
4,100,g_a,dpu,579.363,585.511
4,100,g_a,dpu,585.515,599.07
4,100,g_a_cpu,cpu,599.07,599.6
4,100,eb_enc,cpu,599.603,610.185
4,110,normalize,cpu,610.634,615.098
4,110,g_a_cpu,cpu,615.102,615.741
4,110,g_a,dpu,615.742,630.117
4,110,g_a,dpu,630.118,644.24
4,110,g_a_cpu,cpu,644.241,644.877
4,110,eb_enc,cpu,644.879,650.029
4,117,normalize,cpu,650.613,654.26
4,117,g_a_cpu,cpu,654.262,655.487
4,117,g_a,dpu,655.49,667.755
4,117,g_a,dpu,667.757,674.603
4,117,g_a_cpu,cpu,674.605,675.018
4,117,eb_enc,cpu,675.02,679.913
4,122,normalize,cpu,680.747,684.502
4,122,g_a_cpu,cpu,684.509,685.13
4,122,g_a,dpu,685.136,690.759
4,122,g_a,dpu,690.762,727.8
4,122,g_a_cpu,cpu,727.801,728.397
4,122,eb_enc,cpu,728.4,733.621
4,131,normalize,cpu,734.305,738.046
4,131,g_a_cpu,cpu,738.05,738.508
4,131,g_a,dpu,738.512,746.772
4,131,g_a,dpu,746.775,756.329
4,131,g_a_cpu,cpu,756.332,756.95
4,131,eb_enc,cpu,756.953,762.428
4,136,normalize,cpu,763.136,766.963
4,136,g_a_cpu,cpu,766.967,767.563
4,136,g_a,dpu,767.565,772.775
4,136,g_a,dpu,772.776,777.899
4,136,g_a_cpu,cpu,777.901,778.486
4,136,eb_enc,cpu,778.49,783.678
4,141,normalize,cpu,784.311,788.195
4,141,g_a_cpu,cpu,788.199,788.609
4,141,g_a,dpu,788.614,795.375
4,141,g_a,dpu,795.383,800.553
4,141,g_a_cpu,cpu,800.555,801.002
4,141,eb_enc,cpu,801.004,806.078
4,147,normalize,cpu,806.646,810.338
4,147,g_a_cpu,cpu,810.343,810.793
4,147,g_a,dpu,810.795,817.049
4,147,g_a,dpu,817.051,822.339
4,147,g_a_cpu,cpu,822.34,823
4,147,eb_enc,cpu,823.003,832.255
4,152,normalize,cpu,833.083,840.721
4,152,g_a_cpu,cpu,840.728,841.169
4,152,g_a,dpu,841.174,851.457
4,152,g_a,dpu,851.459,860.956
4,152,g_a_cpu,cpu,860.959,861.57
4,152,eb_enc,cpu,861.574,866.67
4,160,normalize,cpu,867.215,871.639
4,160,g_a_cpu,cpu,871.643,872.237
4,160,g_a,dpu,872.241,877.567
4,160,g_a,dpu,877.568,897.648
4,160,g_a_cpu,cpu,897.65,898.195
4,160,eb_enc,cpu,898.199,903.242
4,168,normalize,cpu,904.233,907.912
4,168,g_a_cpu,cpu,907.914,908.345
4,168,g_a,dpu,908.347,914.055
4,168,g_a,dpu,914.057,919.837
4,168,g_a_cpu,cpu,919.839,920.244
4,168,eb_enc,cpu,920.246,925.634
4,173,normalize,cpu,926.606,941.087
4,173,g_a_cpu,cpu,941.092,941.646
4,173,g_a,dpu,941.648,946.945
4,173,g_a,dpu,946.946,952.246
4,173,g_a_cpu,cpu,952.248,952.776
4,173,eb_enc,cpu,952.778,958.12
4,179,normalize,cpu,958.704,962.514
4,179,g_a_cpu,cpu,962.52,963.086
4,179,g_a,dpu,963.09,988.89
4,179,g_a,dpu,988.894,994.447
4,179,g_a_cpu,cpu,994.451,995.001
4,179,eb_enc,cpu,995.004,1000.62
4,187,normalize,cpu,1001.43,1005.86
4,187,g_a_cpu,cpu,1005.86,1006.46
4,187,g_a,dpu,1006.46,1034.35
4,187,g_a,dpu,1034.36,1040.34
4,187,g_a_cpu,cpu,1040.34,1041.19
4,187,eb_enc,cpu,1041.2,1051.45
4,196,normalize,cpu,1052.05,1056.53
4,196,g_a_cpu,cpu,1056.53,1057
4,196,g_a,dpu,1057,1071.31
4,196,g_a,dpu,1071.31,1080.32
4,196,g_a_cpu,cpu,1080.32,1080.81
4,196,eb_enc,cpu,1080.81,1086.15
4,202,normalize,cpu,1086.89,1098.8
4,202,g_a_cpu,cpu,1098.8,1099.27
4,202,g_a,dpu,1099.27,1108.05
4,202,g_a,dpu,1108.05,1117.24
4,202,g_a_cpu,cpu,1117.24,1117.62
4,202,eb_enc,cpu,1117.62,1122.84
4,210,normalize,cpu,1123.65,1127.42
4,210,g_a_cpu,cpu,1127.42,1127.93
4,210,g_a,dpu,1127.93,1138.7
4,210,g_a,dpu,1138.7,1143.97
4,210,g_a_cpu,cpu,1143.97,1144.34
4,210,eb_enc,cpu,1144.34,1149.21
4,217,normalize,cpu,1149.72,1153.41
4,217,g_a_cpu,cpu,1153.41,1153.91
4,217,g_a,dpu,1153.91,1163.16
4,217,g_a,dpu,1163.17,1168.75
4,217,g_a_cpu,cpu,1168.75,1169.27
4,217,eb_enc,cpu,1169.27,1174.28
4,222,normalize,cpu,1174.88,1178.58
4,222,g_a_cpu,cpu,1178.59,1179.01
4,222,g_a,dpu,1179.01,1186.47
4,222,g_a,dpu,1186.47,1193.96
4,222,g_a_cpu,cpu,1193.96,1194.75
4,222,eb_enc,cpu,1194.76,1200.63
4,227,normalize,cpu,1201.37,1205.14
4,227,g_a_cpu,cpu,1205.15,1205.67
4,227,g_a,dpu,1205.68,1218.62
4,227,g_a,dpu,1218.62,1228.27
4,227,g_a_cpu,cpu,1228.27,1228.94
4,227,eb_enc,cpu,1228.95,1234.68
4,234,normalize,cpu,1235.32,1238.98
4,234,g_a_cpu,cpu,1238.98,1239.44
4,234,g_a,dpu,1239.44,1244.74
4,234,g_a,dpu,1244.74,1262.14
4,234,g_a_cpu,cpu,1262.14,1262.79
4,234,eb_enc,cpu,1262.8,1268.21
4,240,normalize,cpu,1269.11,1272.81
4,240,g_a_cpu,cpu,1272.81,1273.29
4,240,g_a,dpu,1273.29,1297.48
4,240,g_a,dpu,1297.49,1307.09
4,240,g_a_cpu,cpu,1307.09,1307.62
4,240,eb_enc,cpu,1307.63,1312.62
4,248,normalize,cpu,1313.11,1316.79
4,248,g_a_cpu,cpu,1316.79,1317.25
4,248,g_a,dpu,1317.25,1322.51
4,248,g_a,dpu,1322.51,1327.5
4,248,g_a_cpu,cpu,1327.5,1327.98
4,248,eb_enc,cpu,1327.98,1333.24
4,251,normalize,cpu,1334.05,1348.62
4,251,g_a_cpu,cpu,1348.63,1349.13
4,251,g_a,dpu,1349.14,1354.5
4,251,g_a,dpu,1354.5,1361.06
4,251,g_a_cpu,cpu,1361.06,1361.68
4,251,eb_enc,cpu,1361.68,1367.59
4,259,normalize,cpu,1368.11,1371.92
4,259,g_a_cpu,cpu,1371.93,1372.41
4,259,g_a,dpu,1372.42,1379.12
4,259,g_a,dpu,1379.12,1384.34
4,259,g_a_cpu,cpu,1384.34,1384.76
4,259,eb_enc,cpu,1384.76,1390.38
4,265,normalize,cpu,1391.06,1394.81
4,265,g_a_cpu,cpu,1394.82,1395.41
4,265,g_a,dpu,1395.42,1403.02
4,265,g_a,dpu,1403.02,1408.3
4,265,g_a_cpu,cpu,1408.31,1409.04
4,265,eb_enc,cpu,1409.05,1417.15
4,271,normalize,cpu,1417.85,1421.69
4,271,g_a_cpu,cpu,1421.7,1422.22
4,271,g_a,dpu,1422.23,1432.21
4,271,g_a,dpu,1432.22,1437.46
4,271,g_a_cpu,cpu,1437.46,1438.09
4,271,eb_enc,cpu,1438.1,1449.18
4,278,normalize,cpu,1450,1455.16
4,278,g_a_cpu,cpu,1455.16,1455.58
4,278,g_a,dpu,1455.58,1460.94
4,278,g_a,dpu,1460.95,1476.28
4,278,g_a_cpu,cpu,1476.28,1476.9
4,278,eb_enc,cpu,1476.92,1482.79
4,283,normalize,cpu,1484.23,1492.82
4,283,g_a_cpu,cpu,1492.82,1493.19
4,283,g_a,dpu,1493.19,1498.45
4,283,g_a,dpu,1498.45,1508.88
4,283,g_a_cpu,cpu,1508.88,1509.95
4,283,eb_enc,cpu,1509.96,1516.76
4,291,normalize,cpu,1517.4,1530.53
4,291,g_a_cpu,cpu,1530.54,1530.99
4,291,g_a,dpu,1531,1536.31
4,291,g_a,dpu,1536.31,1541.69
4,291,g_a_cpu,cpu,1541.69,1542.18
4,291,eb_enc,cpu,1542.19,1548.84
4,297,normalize,cpu,1549.79,1563.33
4,297,g_a_cpu,cpu,1563.33,1563.79
4,297,g_a,dpu,1563.8,1569.14
4,297,g_a,dpu,1569.14,1574.69
4,297,g_a_cpu,cpu,1574.7,1575.26
4,297,eb_enc,cpu,1575.27,1580.43
4,304,normalize,cpu,1581.21,1585.11
4,304,g_a_cpu,cpu,1585.12,1585.86
4,304,g_a,dpu,1585.86,1607.51
4,304,g_a,dpu,1607.51,1613
4,304,g_a_cpu,cpu,1613.01,1613.41
4,304,eb_enc,cpu,1613.41,1618.31
4,312,normalize,cpu,1618.83,1622.71
4,312,g_a_cpu,cpu,1622.72,1623.33
4,312,g_a,dpu,1623.33,1652.78
4,312,g_a,dpu,1652.78,1657.95
4,312,g_a_cpu,cpu,1657.95,1658.33
4,312,eb_enc,cpu,1658.33,1663.36
4,320,normalize,cpu,1664,1667.67
4,320,g_a_cpu,cpu,1667.67,1668.11
4,320,g_a,dpu,1668.11,1673.58
4,320,g_a,dpu,1673.58,1686.64
4,320,g_a_cpu,cpu,1686.65,1687.09
4,320,eb_enc,cpu,1687.1,1692.34
4,327,normalize,cpu,1692.96,1696.68
4,327,g_a_cpu,cpu,1696.68,1697.07
4,327,g_a,dpu,1697.07,1704.47
4,327,g_a,dpu,1704.47,1709.5
4,327,g_a_cpu,cpu,1709.5,1709.96
4,327,eb_enc,cpu,1709.96,1715.13
4,332,normalize,cpu,1716.27,1720.67
4,332,g_a_cpu,cpu,1720.68,1721.31
4,332,g_a,dpu,1721.32,1734.59
4,332,g_a,dpu,1734.59,1746.69
4,332,g_a_cpu,cpu,1746.69,1747.24
4,332,eb_enc,cpu,1747.24,1752.32
4,339,normalize,cpu,1753.32,1762.67
4,339,g_a_cpu,cpu,1762.68,1763.6
4,339,g_a,dpu,1763.6,1771.45
4,339,g_a,dpu,1771.45,1782.09
4,339,g_a_cpu,cpu,1782.1,1782.65
4,339,eb_enc,cpu,1782.65,1790.02
4,348,normalize,cpu,1790.83,1794.48
4,348,g_a_cpu,cpu,1794.48,1795.13
4,348,g_a,dpu,1795.14,1802.72
4,348,g_a,dpu,1802.72,1818.59
4,348,g_a_cpu,cpu,1818.59,1819.19
4,348,eb_enc,cpu,1819.2,1824.53
4,355,normalize,cpu,1825.44,1829.51
4,355,g_a_cpu,cpu,1829.52,1830.17
4,355,g_a,dpu,1830.18,1856.62
4,355,g_a,dpu,1856.62,1861.84
4,355,g_a_cpu,cpu,1861.84,1862.28
4,355,eb_enc,cpu,1862.28,1867.52
4,362,normalize,cpu,1867.96,1871.77
4,362,g_a_cpu,cpu,1871.78,1872.3
4,362,g_a,dpu,1872.3,1879.88
4,362,g_a,dpu,1879.88,1892.97
4,362,g_a_cpu,cpu,1892.97,1893.44
4,362,eb_enc,cpu,1893.44,1898.55
4,367,normalize,cpu,1899.2,1903.02
4,367,g_a_cpu,cpu,1903.03,1903.51
4,367,g_a,dpu,1903.51,1913.67
4,367,g_a,dpu,1913.67,1919.25
4,367,g_a_cpu,cpu,1919.25,1919.86
4,367,eb_enc,cpu,1919.87,1926.66
4,374,normalize,cpu,1927.16,1930.89
4,374,g_a_cpu,cpu,1930.9,1931.53
4,374,g_a,dpu,1931.53,1937.1
4,374,g_a,dpu,1937.1,1943.1
4,374,g_a_cpu,cpu,1943.1,1943.5
4,374,eb_enc,cpu,1943.51,1951.67
4,380,normalize,cpu,1952.23,1956.06
4,380,g_a_cpu,cpu,1956.06,1956.58
4,380,g_a,dpu,1956.59,1966.22
4,380,g_a,dpu,1966.22,1975.59
4,380,g_a_cpu,cpu,1975.6,1976.14
4,380,eb_enc,cpu,1976.14,1985.91
4,388,normalize,cpu,1986.61,1990.32
4,388,g_a_cpu,cpu,1990.33,1990.82
4,388,g_a,dpu,1990.83,1996.26
4,388,g_a,dpu,1996.27,2002.3
4,388,g_a_cpu,cpu,2002.31,2003.1
4,388,eb_enc,cpu,2003.1,2009.51
4,394,normalize,cpu,2010.25,2014.81
4,394,g_a_cpu,cpu,2014.81,2015.22
4,394,g_a,dpu,2015.22,2029.72
4,394,g_a,dpu,2029.72,2038.76
4,394,g_a_cpu,cpu,2038.77,2039.3
4,394,eb_enc,cpu,2039.31,2044.31
4,402,normalize,cpu,2045.46,2049.13
4,402,g_a_cpu,cpu,2049.14,2049.85
4,402,g_a,dpu,2049.86,2061.06
4,402,g_a,dpu,2061.06,2066.74
4,402,g_a_cpu,cpu,2066.74,2067.58
4,402,eb_enc,cpu,2067.59,2073.57
4,407,normalize,cpu,2074.31,2077.99
4,407,g_a_cpu,cpu,2078,2078.56
4,407,g_a,dpu,2078.57,2083.95
4,407,g_a,dpu,2083.95,2089.48
4,407,g_a_cpu,cpu,2089.48,2090.88
4,407,eb_enc,cpu,2090.89,2096.71
4,412,normalize,cpu,2097.83,2108.45
4,412,g_a_cpu,cpu,2108.46,2109
4,412,g_a,dpu,2109,2114.49
4,412,g_a,dpu,2114.49,2124.61
4,412,g_a_cpu,cpu,2124.61,2125.48
4,412,eb_enc,cpu,2125.49,2141.53
4,422,normalize,cpu,2142.1,2145.75
4,422,g_a_cpu,cpu,2145.76,2146.13
4,422,g_a,dpu,2146.14,2151.9
4,422,g_a,dpu,2151.9,2157.87
4,422,g_a_cpu,cpu,2157.87,2159.64
4,422,eb_enc,cpu,2159.64,2167.03
4,427,normalize,cpu,2167.92,2172.43
4,427,g_a_cpu,cpu,2172.43,2172.99
4,427,g_a,dpu,2173,2178.29
4,427,g_a,dpu,2178.3,2187.85
4,427,g_a_cpu,cpu,2187.85,2189.29
4,427,eb_enc,cpu,2189.29,2197.62
4,433,normalize,cpu,2198.31,2206.58
4,433,g_a_cpu,cpu,2206.58,2207.75
4,433,g_a,dpu,2207.75,2221.52
4,433,g_a,dpu,2221.52,2226.71
4,433,g_a_cpu,cpu,2226.71,2227.1
4,433,eb_enc,cpu,2227.11,2232.21
4,441,normalize,cpu,2233.44,2237.21
4,441,g_a_cpu,cpu,2237.21,2237.71
4,441,g_a,dpu,2237.72,2244.84
4,441,g_a,dpu,2244.84,2251.1
4,441,g_a_cpu,cpu,2251.1,2251.58
4,441,eb_enc,cpu,2251.58,2256.81
4,447,normalize,cpu,2257.36,2262.28
4,447,g_a_cpu,cpu,2262.28,2262.81
4,447,g_a,dpu,2262.82,2276.21
4,447,g_a,dpu,2276.21,2282.76
4,447,g_a_cpu,cpu,2282.76,2283.24
4,447,eb_enc,cpu,2283.24,2292.03
4,454,normalize,cpu,2292.56,2296.3
4,454,g_a_cpu,cpu,2296.3,2296.75
4,454,g_a,dpu,2296.75,2302.18
4,454,g_a,dpu,2302.18,2311.36
4,454,g_a_cpu,cpu,2311.36,2311.91
4,454,eb_enc,cpu,2311.92,2317.42
4,460,normalize,cpu,2318.72,2325.17
4,460,g_a_cpu,cpu,2325.18,2325.59
4,460,g_a,dpu,2325.59,2342.18
4,460,g_a,dpu,2342.19,2348.12
4,460,g_a_cpu,cpu,2348.13,2348.67
4,460,eb_enc,cpu,2348.68,2360.35
4,467,normalize,cpu,2361.05,2375.23
4,467,g_a_cpu,cpu,2375.23,2375.64
4,467,g_a,dpu,2375.64,2380.96
4,467,g_a,dpu,2380.96,2390.2
4,467,g_a_cpu,cpu,2390.21,2390.81
4,467,eb_enc,cpu,2390.82,2395.95
4,474,normalize,cpu,2396.57,2400.3
4,474,g_a_cpu,cpu,2400.3,2400.77
4,474,g_a,dpu,2400.77,2406.18
4,474,g_a,dpu,2406.18,2411.43
4,474,g_a_cpu,cpu,2411.43,2411.97
4,474,eb_enc,cpu,2411.98,2417.43
4,479,normalize,cpu,2418.11,2421.93
4,479,g_a_cpu,cpu,2421.93,2422.46
4,479,g_a,dpu,2422.46,2430.48
4,479,g_a,dpu,2430.48,2435.81
4,479,g_a_cpu,cpu,2435.81,2436.25
4,479,eb_enc,cpu,2436.25,2441.49
4,486,normalize,cpu,2442.18,2446.02
4,486,g_a_cpu,cpu,2446.03,2446.59
4,486,g_a,dpu,2446.59,2457.85
4,486,g_a,dpu,2457.85,2463.15
4,486,g_a_cpu,cpu,2463.15,2463.56
4,486,eb_enc,cpu,2463.56,2468.56
4,491,normalize,cpu,2469.2,2472.87
4,491,g_a_cpu,cpu,2472.87,2473.29
4,491,g_a,dpu,2473.29,2479.07
4,491,g_a,dpu,2479.07,2484.83
4,491,g_a_cpu,cpu,2484.83,2485.25
4,491,eb_enc,cpu,2485.25,2490.34
4,497,normalize,cpu,2496.56,2500.28
4,497,g_a_cpu,cpu,2500.29,2500.7
4,497,g_a,dpu,2500.71,2507.09
4,497,g_a,dpu,2507.09,2516.52
4,497,g_a_cpu,cpu,2516.52,2517.1
4,497,eb_enc,cpu,2517.1,2523.02
4,503,normalize,cpu,2523.68,2527.47
4,503,g_a_cpu,cpu,2527.48,2527.96
4,503,g_a,dpu,2527.96,2533.72
4,503,g_a,dpu,2533.72,2548.59
4,503,g_a_cpu,cpu,2548.59,2549.05
4,503,eb_enc,cpu,2549.06,2554.25
4,510,normalize,cpu,2555.04,2559.5
4,510,g_a_cpu,cpu,2559.51,2559.97
4,510,g_a,dpu,2559.98,2571.2
4,510,g_a,dpu,2571.21,2576.33
4,510,g_a_cpu,cpu,2576.34,2576.75
4,510,eb_enc,cpu,2576.75,2581.91
4,517,normalize,cpu,2582.65,2586.37
4,517,g_a_cpu,cpu,2586.37,2586.83
4,517,g_a,dpu,2586.83,2599.44
4,517,g_a,dpu,2599.44,2609.98
4,517,g_a_cpu,cpu,2609.98,2610.6
4,517,eb_enc,cpu,2610.6,2615.93
4,524,normalize,cpu,2616.74,2620.44
4,524,g_a_cpu,cpu,2620.45,2620.99
4,524,g_a,dpu,2620.99,2626.63
4,524,g_a,dpu,2626.63,2651.27
4,524,g_a_cpu,cpu,2651.27,2651.67
4,524,eb_enc,cpu,2651.67,2656.99
4,532,normalize,cpu,2657.76,2661.57
4,532,g_a_cpu,cpu,2661.57,2662
4,532,g_a,dpu,2662,2667.22
4,532,g_a,dpu,2667.23,2672.72
4,532,g_a_cpu,cpu,2672.72,2673.4
4,532,eb_enc,cpu,2673.4,2680.82
4,536,normalize,cpu,2681.45,2685.1
4,536,g_a_cpu,cpu,2685.1,2685.56
4,536,g_a,dpu,2685.56,2690.68
4,536,g_a,dpu,2690.68,2702.6
4,536,g_a_cpu,cpu,2702.6,2703.04
4,536,eb_enc,cpu,2703.04,2707.96
4,543,normalize,cpu,2708.4,2712.12
4,543,g_a_cpu,cpu,2712.12,2712.8
4,543,g_a,dpu,2712.81,2722.97
4,543,g_a,dpu,2722.97,2732.79
4,543,g_a_cpu,cpu,2732.79,2733.23
4,543,eb_enc,cpu,2733.24,2738.27
4,548,normalize,cpu,2738.81,2742.59
4,548,g_a_cpu,cpu,2742.6,2743.17
4,548,g_a,dpu,2743.18,2758.21
4,548,g_a,dpu,2758.21,2763.39
4,548,g_a_cpu,cpu,2763.4,2763.83
4,548,eb_enc,cpu,2763.83,2770.81
4,555,normalize,cpu,2772.5,2776.98
4,555,g_a_cpu,cpu,2776.99,2777.59
4,555,g_a,dpu,2777.6,2788.81
4,555,g_a,dpu,2788.81,2805.18
4,555,g_a_cpu,cpu,2805.18,2805.82
4,555,eb_enc,cpu,2805.83,2810.94
4,564,normalize,cpu,2811.47,2815.21
4,564,g_a_cpu,cpu,2815.22,2815.57
4,564,g_a,dpu,2815.58,2822.38
4,564,g_a,dpu,2822.46,2831.94
4,564,g_a_cpu,cpu,2831.94,2832.63
4,564,eb_enc,cpu,2832.64,2838.29
4,569,normalize,cpu,2839.18,2845.4
4,569,g_a_cpu,cpu,2845.4,2845.78
4,569,g_a,dpu,2845.78,2851.25
4,569,g_a,dpu,2851.26,2857.05
4,569,g_a_cpu,cpu,2857.05,2857.59
4,569,eb_enc,cpu,2857.59,2866.45
4,577,normalize,cpu,2867.44,2874.83
4,577,g_a_cpu,cpu,2874.83,2875.43
4,577,g_a,dpu,2875.44,2882.22
4,577,g_a,dpu,2882.23,2889.95
4,577,g_a_cpu,cpu,2889.96,2890.47
4,577,eb_enc,cpu,2890.48,2895.42
4,583,normalize,cpu,2896.02,2907.81
4,583,g_a_cpu,cpu,2907.82,2908.48
4,583,g_a,dpu,2908.48,2917.16
4,583,g_a,dpu,2917.16,2936.34
4,583,g_a_cpu,cpu,2936.35,2936.83
4,583,eb_enc,cpu,2936.83,2943.64
4,591,normalize,cpu,2944.56,2949.09
4,591,g_a_cpu,cpu,2949.09,2949.45
4,591,g_a,dpu,2949.45,2954.68
4,591,g_a,dpu,2954.68,2961.31
4,591,g_a_cpu,cpu,2961.32,2961.92
4,591,eb_enc,cpu,2961.93,2967.08
4,595,normalize,cpu,2968.13,2971.92
4,595,g_a_cpu,cpu,2971.92,2972.44
4,595,g_a,dpu,2972.44,2977.77
4,595,g_a,dpu,2977.77,2982.98
4,595,g_a_cpu,cpu,2982.98,2983.6
4,595,eb_enc,cpu,2983.6,2988.75
4,600,normalize,cpu,2989.61,2993.36
4,600,g_a_cpu,cpu,2993.36,2993.89
4,600,g_a,dpu,2993.9,2999.56
4,600,g_a,dpu,2999.56,3005.36
4,600,g_a_cpu,cpu,3005.36,3005.8
4,600,eb_enc,cpu,3005.8,3011.2
4,605,normalize,cpu,3012.46,3016.2
4,605,g_a_cpu,cpu,3016.2,3016.68
4,605,g_a,dpu,3016.69,3031.01
4,605,g_a,dpu,3031.02,3036.49
4,605,g_a_cpu,cpu,3036.5,3036.91
4,605,eb_enc,cpu,3036.91,3042.07
4,613,normalize,cpu,3042.86,3046.64
4,613,g_a_cpu,cpu,3046.65,3047.28
4,613,g_a,dpu,3047.28,3057.16
4,613,g_a,dpu,3057.16,3062.64
4,613,g_a_cpu,cpu,3062.65,3063.55
4,613,eb_enc,cpu,3063.55,3071.51
4,619,normalize,cpu,3072.27,3079.42
4,619,g_a_cpu,cpu,3079.42,3079.89
4,619,g_a,dpu,3079.89,3085.08
4,619,g_a,dpu,3085.08,3094.46
4,619,g_a_cpu,cpu,3094.46,3095.11
4,619,eb_enc,cpu,3095.11,3100.34
4,625,normalize,cpu,3101.19,3115.75
4,625,g_a_cpu,cpu,3115.75,3116.13
4,625,g_a,dpu,3116.13,3121.42
4,625,g_a,dpu,3121.42,3130.79
4,625,g_a_cpu,cpu,3130.79,3131.43
4,625,eb_enc,cpu,3131.43,3136.88
4,633,normalize,cpu,3137.52,3145.98
4,633,g_a_cpu,cpu,3145.98,3146.43
4,633,g_a,dpu,3146.43,3152.37
4,633,g_a,dpu,3152.37,3158.76
4,633,g_a_cpu,cpu,3158.76,3159.41
4,633,eb_enc,cpu,3159.41,3164.59
4,639,normalize,cpu,3165.45,3169.12
4,639,g_a_cpu,cpu,3169.13,3169.72
4,639,g_a,dpu,3169.72,3183.09
4,639,g_a,dpu,3183.09,3188.58
4,639,g_a_cpu,cpu,3188.58,3189.37
4,639,eb_enc,cpu,3189.37,3194.51
4,644,normalize,cpu,3194.96,3198.72
4,644,g_a_cpu,cpu,3198.72,3199.25
4,644,g_a,dpu,3199.26,3204.87
4,644,g_a,dpu,3204.88,3216.75
4,644,g_a_cpu,cpu,3216.75,3217.3
4,644,eb_enc,cpu,3217.31,3222.85
4,649,normalize,cpu,3223.73,3228.37
4,649,g_a_cpu,cpu,3228.37,3228.8
4,649,g_a,dpu,3228.81,3241.14
4,649,g_a,dpu,3241.14,3246.58
4,649,g_a_cpu,cpu,3246.58,3247.04
4,649,eb_enc,cpu,3247.04,3252.45
4,657,normalize,cpu,3253,3256.74
4,657,g_a_cpu,cpu,3256.74,3257.24
4,657,g_a,dpu,3257.25,3270.35
4,657,g_a,dpu,3270.35,3275.78
4,657,g_a_cpu,cpu,3275.78,3276.18
4,657,eb_enc,cpu,3276.18,3281.88
4,663,normalize,cpu,3282.86,3286.85
4,663,g_a_cpu,cpu,3286.85,3287.52
4,663,g_a,dpu,3287.52,3293.04
4,663,g_a,dpu,3293.04,3302.43
4,663,g_a_cpu,cpu,3302.44,3302.82
4,663,eb_enc,cpu,3302.82,3309.61
4,668,normalize,cpu,3310.52,3314.95
4,668,g_a_cpu,cpu,3314.95,3315.42
4,668,g_a,dpu,3315.42,3331.98
4,668,g_a,dpu,3331.98,3337.41
4,668,g_a_cpu,cpu,3337.42,3337.78
4,668,eb_enc,cpu,3337.79,3343.61
4,677,normalize,cpu,3344.53,3348.42
4,677,g_a_cpu,cpu,3348.43,3349.04
4,677,g_a,dpu,3349.04,3361.86
4,677,g_a,dpu,3361.86,3367.34
4,677,g_a_cpu,cpu,3367.34,3367.93
4,677,eb_enc,cpu,3367.93,3375.01
4,684,normalize,cpu,3375.84,3380.23
4,684,g_a_cpu,cpu,3380.23,3380.8
4,684,g_a,dpu,3380.8,3386.09
4,684,g_a,dpu,3386.09,3392.36
4,684,g_a_cpu,cpu,3392.36,3392.86
4,684,eb_enc,cpu,3392.87,3398.08
4,689,normalize,cpu,3398.83,3402.56
4,689,g_a_cpu,cpu,3402.56,3403.14
4,689,g_a,dpu,3403.15,3416.99
4,689,g_a,dpu,3417,3426.77
4,689,g_a_cpu,cpu,3426.78,3427.67
4,689,eb_enc,cpu,3427.67,3433.36
4,697,normalize,cpu,3433.91,3437.6
4,697,g_a_cpu,cpu,3437.61,3438.23
4,697,g_a,dpu,3438.24,3457.91
4,697,g_a,dpu,3457.92,3468.71
4,697,g_a_cpu,cpu,3468.72,3469.21
4,697,eb_enc,cpu,3469.21,3474.1
4,706,normalize,cpu,3474.56,3478.27
4,706,g_a_cpu,cpu,3478.27,3483.57
4,706,g_a,dpu,3483.58,3499.13
4,706,g_a,dpu,3499.13,3504.77
4,706,g_a_cpu,cpu,3504.77,3505.34
4,706,eb_enc,cpu,3505.35,3516.19
4,714,normalize,cpu,3516.99,3522.26
4,714,g_a_cpu,cpu,3522.27,3526.52
4,714,g_a,dpu,3526.53,3531.92
4,714,g_a,dpu,3531.93,3537.36
4,714,g_a_cpu,cpu,3537.36,3537.74
4,714,eb_enc,cpu,3537.75,3548.79
4,721,normalize,cpu,3549.47,3555.7
4,721,g_a_cpu,cpu,3555.71,3556.11
4,721,g_a,dpu,3556.11,3561.65
4,721,g_a,dpu,3561.65,3572.09
4,721,g_a_cpu,cpu,3572.09,3572.78
4,721,eb_enc,cpu,3572.78,3589.26
4,730,normalize,cpu,3589.93,3593.62
4,730,g_a_cpu,cpu,3593.62,3594.15
4,730,g_a,dpu,3594.15,3610.29
4,730,g_a,dpu,3610.29,3620.83
4,730,g_a_cpu,cpu,3620.83,3621.27
4,730,eb_enc,cpu,3621.27,3626.58
4,736,normalize,cpu,3627.37,3635.48
4,736,g_a_cpu,cpu,3635.48,3635.96
4,736,g_a,dpu,3635.96,3651.38
4,736,g_a,dpu,3651.38,3656.55
4,736,g_a_cpu,cpu,3656.56,3656.98
4,736,eb_enc,cpu,3656.98,3662.48
4,744,normalize,cpu,3663.1,3668.32
4,744,g_a_cpu,cpu,3668.33,3668.79
4,744,g_a,dpu,3668.8,3679.68
4,744,g_a,dpu,3679.69,3685.1
4,744,g_a_cpu,cpu,3685.1,3685.53
4,744,eb_enc,cpu,3685.53,3690.73
4,751,normalize,cpu,3691.67,3695.34
4,751,g_a_cpu,cpu,3695.35,3695.83
4,751,g_a,dpu,3695.83,3702.56
4,751,g_a,dpu,3702.56,3711.18
4,751,g_a_cpu,cpu,3711.18,3712.14
4,751,eb_enc,cpu,3712.14,3728.02
4,757,normalize,cpu,3728.65,3732.38
4,757,g_a_cpu,cpu,3732.38,3733.04
4,757,g_a,dpu,3733.04,3746.6
4,757,g_a,dpu,3746.61,3756.36
4,757,g_a_cpu,cpu,3756.36,3756.87
4,757,eb_enc,cpu,3756.88,3761.81
4,763,normalize,cpu,3762.29,3765.95
4,763,g_a_cpu,cpu,3765.95,3768.24
4,763,g_a,dpu,3768.25,3773.45
4,763,g_a,dpu,3773.45,3778.61
4,763,g_a_cpu,cpu,3778.61,3778.98
4,763,eb_enc,cpu,3778.98,3784.18
4,769,normalize,cpu,3784.8,3788.47
4,769,g_a_cpu,cpu,3788.48,3789.06
4,769,g_a,dpu,3789.07,3797.7
4,769,g_a,dpu,3797.7,3802.82
4,769,g_a_cpu,cpu,3802.83,3803.65
4,769,eb_enc,cpu,3803.65,3808.78
4,774,normalize,cpu,3809.29,3813.14
4,774,g_a_cpu,cpu,3813.14,3813.61
4,774,g_a,dpu,3813.61,3818.85
4,774,g_a,dpu,3818.86,3828.58
4,774,g_a_cpu,cpu,3828.58,3829.19
4,774,eb_enc,cpu,3829.2,3834.19
4,778,normalize,cpu,3835.03,3838.69
4,778,g_a_cpu,cpu,3838.7,3839.22
4,778,g_a,dpu,3839.23,3845.61
4,778,g_a,dpu,3845.61,3855.68
4,778,g_a_cpu,cpu,3855.68,3856.21
4,778,eb_enc,cpu,3856.22,3867.61
4,786,normalize,cpu,3868.4,3879.29
4,786,g_a_cpu,cpu,3879.3,3879.73
4,786,g_a,dpu,3879.74,3885.81
4,786,g_a,dpu,3885.81,3891.1
4,786,g_a_cpu,cpu,3891.1,3891.64
4,786,eb_enc,cpu,3891.64,3897.61
4,793,normalize,cpu,3898.41,3902.13
4,793,g_a_cpu,cpu,3902.14,3902.77
4,793,g_a,dpu,3902.78,3915.15
4,793,g_a,dpu,3915.15,3925.11
4,793,g_a_cpu,cpu,3925.11,3925.69
4,793,eb_enc,cpu,3925.7,3930.93
4,800,normalize,cpu,3931.91,3935.66
4,800,g_a_cpu,cpu,3935.67,3936.08
4,800,g_a,dpu,3936.09,3943.27
4,800,g_a,dpu,3943.27,3954.78
4,800,g_a_cpu,cpu,3954.78,3955.15
4,800,eb_enc,cpu,3955.15,3960.05
4,807,normalize,cpu,3960.67,3964.37
4,807,g_a_cpu,cpu,3964.37,3964.89
4,807,g_a,dpu,3964.9,3970.44
4,807,g_a,dpu,3970.44,3975.76
4,807,g_a_cpu,cpu,3975.76,3976.27
4,807,eb_enc,cpu,3976.27,3981.26
4,813,normalize,cpu,3981.74,3985.47
4,813,g_a_cpu,cpu,3985.47,3985.97
4,813,g_a,dpu,3985.97,3991.89
4,813,g_a,dpu,3991.9,4001.35
4,813,g_a_cpu,cpu,4001.35,4001.85
4,813,eb_enc,cpu,4001.85,4013.55
4,818,normalize,cpu,4014.14,4017.86
4,818,g_a_cpu,cpu,4017.86,4018.3
4,818,g_a,dpu,4018.3,4023.61
4,818,g_a,dpu,4023.61,4028.95
4,818,g_a_cpu,cpu,4028.95,4029.4
4,818,eb_enc,cpu,4029.4,4034.51
4,823,normalize,cpu,4035.25,4039.01
4,823,g_a_cpu,cpu,4039.01,4039.53
4,823,g_a,dpu,4039.53,4044.8
4,823,g_a,dpu,4044.8,4050.15
4,823,g_a_cpu,cpu,4050.15,4050.64
4,823,eb_enc,cpu,4050.64,4055.56
4,827,normalize,cpu,4055.98,4059.73
4,827,g_a_cpu,cpu,4059.74,4061.19
4,827,g_a,dpu,4061.2,4069.88
4,827,g_a,dpu,4069.88,4075.09
4,827,g_a_cpu,cpu,4075.09,4075.47
4,827,eb_enc,cpu,4075.47,4080.99
4,831,normalize,cpu,4081.68,4085.41
4,831,g_a_cpu,cpu,4085.41,4085.86
4,831,g_a,dpu,4085.87,4091.35
4,831,g_a,dpu,4091.35,4096.7
4,831,g_a_cpu,cpu,4096.71,4097.12
4,831,eb_enc,cpu,4097.12,4103.57
4,838,normalize,cpu,4104.02,4107.69
4,838,g_a_cpu,cpu,4107.69,4108.28
4,838,g_a,dpu,4108.28,4115.68
4,838,g_a,dpu,4115.68,4120.86
4,838,g_a_cpu,cpu,4120.86,4121.28
4,838,eb_enc,cpu,4121.29,4136.59
4,845,normalize,cpu,4137.16,4140.9
4,845,g_a_cpu,cpu,4140.9,4142.6
4,845,g_a,dpu,4142.61,4147.95
4,845,g_a,dpu,4147.95,4164.62
4,845,g_a_cpu,cpu,4164.62,4165.17
4,845,eb_enc,cpu,4165.17,4170.81
4,853,normalize,cpu,4171.25,4175.02
4,853,g_a_cpu,cpu,4175.03,4175.63
4,853,g_a,dpu,4175.63,4182.68
4,853,g_a,dpu,4182.68,4192.04
4,853,g_a_cpu,cpu,4192.04,4192.6
4,853,eb_enc,cpu,4192.61,4200.33
4,858,normalize,cpu,4200.87,4206.68
4,858,g_a_cpu,cpu,4206.69,4207.18
4,858,g_a,dpu,4207.18,4217.69
4,858,g_a,dpu,4217.69,4223.01
4,858,g_a_cpu,cpu,4223.01,4223.52
4,858,eb_enc,cpu,4223.52,4232.74
4,865,normalize,cpu,4233.28,4237.03
4,865,g_a_cpu,cpu,4237.04,4237.53
4,865,g_a,dpu,4237.54,4242.9
4,865,g_a,dpu,4242.9,4248.2
4,865,g_a_cpu,cpu,4248.2,4248.75
4,865,eb_enc,cpu,4248.75,4253.83
4,870,normalize,cpu,4254.49,4258.2
4,870,g_a_cpu,cpu,4258.2,4258.69
4,870,g_a,dpu,4258.7,4266.12
4,870,g_a,dpu,4266.12,4271.75
4,870,g_a_cpu,cpu,4271.75,4272.19
4,870,eb_enc,cpu,4272.19,4280.82
4,876,normalize,cpu,4281.31,4285.14
4,876,g_a_cpu,cpu,4285.15,4285.6
4,876,g_a,dpu,4285.6,4290.94
4,876,g_a,dpu,4290.94,4296.06
4,876,g_a_cpu,cpu,4296.06,4296.41
4,876,eb_enc,cpu,4296.41,4301.48
4,881,normalize,cpu,4301.97,4305.96
4,881,g_a_cpu,cpu,4305.97,4306.48
4,881,g_a,dpu,4306.49,4313.76
4,881,g_a,dpu,4313.76,4319.09
4,881,g_a_cpu,cpu,4319.09,4330.35
4,881,eb_enc,cpu,4330.35,4335.36
4,887,normalize,cpu,4335.83,4339.6
4,887,g_a_cpu,cpu,4339.61,4340.02
4,887,g_a,dpu,4340.02,4345.35
4,887,g_a,dpu,4345.35,4355.17
4,887,g_a_cpu,cpu,4355.17,4355.59
4,887,eb_enc,cpu,4355.59,4361.05
4,893,normalize,cpu,4361.65,4367.48
4,893,g_a_cpu,cpu,4367.48,4367.94
4,893,g_a,dpu,4367.94,4373.45
4,893,g_a,dpu,4373.45,4378.69
4,893,g_a_cpu,cpu,4378.69,4379.23
4,893,eb_enc,cpu,4379.23,4384.28
4,898,normalize,cpu,4384.85,4388.52
4,898,g_a_cpu,cpu,4388.53,4389.06
4,898,g_a,dpu,4389.07,4394.82
4,898,g_a,dpu,4394.82,4400.13
4,898,g_a_cpu,cpu,4400.13,4400.56
4,898,eb_enc,cpu,4400.56,4405.64
4,904,normalize,cpu,4406.2,4409.88
4,904,g_a_cpu,cpu,4409.88,4410.36
4,904,g_a,dpu,4410.36,4420.28
4,904,g_a,dpu,4420.29,4430.8
4,904,g_a_cpu,cpu,4430.81,4431.16
4,904,eb_enc,cpu,4431.16,4436.09
4,911,normalize,cpu,4436.73,4440.41
4,911,g_a_cpu,cpu,4440.41,4440.8
4,911,g_a,dpu,4440.81,4447.76
4,911,g_a,dpu,4447.76,4453.43
4,911,g_a_cpu,cpu,4453.43,4453.9
4,911,eb_enc,cpu,4453.91,4459.08
4,915,normalize,cpu,4459.67,4463.49
4,915,g_a_cpu,cpu,4463.49,4464.1
4,915,g_a,dpu,4464.1,4469.56
4,915,g_a,dpu,4469.56,4479.29
4,915,g_a_cpu,cpu,4479.3,4485.1
4,915,eb_enc,cpu,4485.1,4490.2
4,921,normalize,cpu,4491.13,4494.79
4,921,g_a_cpu,cpu,4494.79,4495.27
4,921,g_a,dpu,4495.27,4500.68
4,921,g_a,dpu,4500.69,4506.28
4,921,g_a_cpu,cpu,4506.29,4506.9
4,921,eb_enc,cpu,4506.91,4512.25
4,927,normalize,cpu,4512.97,4516.69
4,927,g_a_cpu,cpu,4516.7,4517.15
4,927,g_a,dpu,4517.15,4522.5
4,927,g_a,dpu,4522.5,4530.65
4,927,g_a_cpu,cpu,4530.65,4531.13
4,927,eb_enc,cpu,4531.13,4535.99
5,6,normalize,cpu,91.3192,97.8717
5,6,g_a_cpu,cpu,98.0125,98.5023
5,6,g_a,dpu,98.507,107.069
5,6,g_a,dpu,107.073,126.52
5,6,g_a_cpu,cpu,126.521,126.96
5,6,eb_enc,cpu,126.97,135.488
5,11,normalize,cpu,136.23,139.942
5,11,g_a_cpu,cpu,139.954,141.005
5,11,g_a,dpu,141.013,156.189
5,11,g_a,dpu,156.196,162.233
5,11,g_a_cpu,cpu,162.235,162.813
5,11,eb_enc,cpu,162.816,167.791
5,18,normalize,cpu,168.786,172.45
5,18,g_a_cpu,cpu,172.452,173.214
5,18,g_a,dpu,173.217,179.506
5,18,g_a,dpu,179.509,202.679
5,18,g_a_cpu,cpu,202.685,203.318
5,18,eb_enc,cpu,203.333,208.388
5,25,normalize,cpu,209.117,212.787
5,25,g_a_cpu,cpu,212.794,213.425
5,25,g_a,dpu,213.43,231.665
5,25,g_a,dpu,231.666,238.28
5,25,g_a_cpu,cpu,238.282,239.021
5,25,eb_enc,cpu,239.025,245.25
5,31,normalize,cpu,245.748,250.368
5,31,g_a_cpu,cpu,250.371,250.783
5,31,g_a,dpu,250.788,257.289
5,31,g_a,dpu,257.29,268.171
5,31,g_a_cpu,cpu,268.172,268.898
5,31,eb_enc,cpu,268.901,274.017
5,37,normalize,cpu,274.674,278.361
5,37,g_a_cpu,cpu,278.364,279.068
5,37,g_a,dpu,279.076,285.001
5,37,g_a,dpu,285.013,290.72
5,37,g_a_cpu,cpu,290.721,291.34
5,37,eb_enc,cpu,291.343,297.534
5,43,normalize,cpu,298.255,311.224
5,43,g_a_cpu,cpu,311.228,311.695
5,43,g_a,dpu,311.697,317.3
5,43,g_a,dpu,317.303,322.715
5,43,g_a_cpu,cpu,322.717,323.162
5,43,eb_enc,cpu,323.164,329.069
5,49,normalize,cpu,330.158,333.866
5,49,g_a_cpu,cpu,333.869,339.083
5,49,g_a,dpu,339.091,345.143
5,49,g_a,dpu,345.145,350.661
5,49,g_a_cpu,cpu,350.663,351.285
5,49,eb_enc,cpu,351.291,358.225
5,56,normalize,cpu,360.782,364.624
5,56,g_a_cpu,cpu,364.631,365.176
5,56,g_a,dpu,365.178,377.476
5,56,g_a,dpu,377.48,383.325
5,56,g_a_cpu,cpu,383.327,383.893
5,56,eb_enc,cpu,383.897,389.834
5,63,normalize,cpu,402.233,405.901
5,63,g_a_cpu,cpu,405.906,406.33
5,63,g_a,dpu,406.334,411.862
5,63,g_a,dpu,411.864,417.537
5,63,g_a_cpu,cpu,417.539,418.01
5,63,eb_enc,cpu,418.012,423.94
5,69,normalize,cpu,424.734,437.134
5,69,g_a_cpu,cpu,437.142,437.88
5,69,g_a,dpu,437.888,447.066
5,69,g_a,dpu,447.068,453.526
5,69,g_a_cpu,cpu,453.527,453.99
5,69,eb_enc,cpu,454.001,466.279
5,77,normalize,cpu,467.337,485.709
5,77,g_a_cpu,cpu,485.712,486.138
5,77,g_a,dpu,486.141,502.642
5,77,g_a,dpu,502.644,508.145
5,77,g_a_cpu,cpu,508.147,508.666
5,77,eb_enc,cpu,508.668,513.891
5,87,normalize,cpu,514.457,518.184
5,87,g_a_cpu,cpu,518.189,518.96
5,87,g_a,dpu,518.964,525.659
5,87,g_a,dpu,525.661,531.618
5,87,g_a_cpu,cpu,531.619,532.268
5,87,eb_enc,cpu,532.271,542.549
5,93,normalize,cpu,543.147,546.916
5,93,g_a_cpu,cpu,546.922,547.308
5,93,g_a,dpu,547.312,554.05
5,93,g_a,dpu,554.053,564.006
5,93,g_a_cpu,cpu,564.007,564.513
5,93,eb_enc,cpu,564.515,569.61
5,98,normalize,cpu,570.214,574.148
5,98,g_a_cpu,cpu,574.156,574.615
5,98,g_a,dpu,574.619,580.741
5,98,g_a,dpu,580.743,586.777
5,98,g_a_cpu,cpu,586.778,587.333
5,98,eb_enc,cpu,587.338,593.912
5,104,normalize,cpu,594.89,598.544
5,104,g_a_cpu,cpu,598.548,599.977
5,104,g_a,dpu,599.983,614.571
5,104,g_a,dpu,614.573,625.272
5,104,g_a_cpu,cpu,625.274,625.985
5,104,eb_enc,cpu,625.991,631.121
5,113,normalize,cpu,631.931,635.604
5,113,g_a_cpu,cpu,635.609,636.012
5,113,g_a,dpu,636.015,641.739
5,113,g_a,dpu,641.74,647.556
5,113,g_a_cpu,cpu,647.557,648.039
5,113,eb_enc,cpu,648.042,653.15
5,118,normalize,cpu,653.838,657.539
5,118,g_a_cpu,cpu,657.547,657.964
5,118,g_a,dpu,657.965,676.048
5,118,g_a,dpu,676.049,682.051
5,118,g_a_cpu,cpu,682.057,682.706
5,118,eb_enc,cpu,682.709,687.928
5,124,normalize,cpu,688.416,692.257
5,124,g_a_cpu,cpu,692.26,692.804
5,124,g_a,dpu,692.806,710.712
5,124,g_a,dpu,710.716,720.641
5,124,g_a_cpu,cpu,720.642,720.998
5,124,eb_enc,cpu,721,725.989
5,129,normalize,cpu,726.827,730.72
5,129,g_a_cpu,cpu,730.724,731.304
5,129,g_a,dpu,731.308,742.859
5,129,g_a,dpu,742.862,759.372
5,129,g_a_cpu,cpu,759.374,759.901
5,129,eb_enc,cpu,759.904,765.018
5,138,normalize,cpu,765.861,769.607
5,138,g_a_cpu,cpu,769.61,770.729
5,138,g_a,dpu,770.733,780.814
5,138,g_a,dpu,780.816,796.176
5,138,g_a_cpu,cpu,796.177,796.641
5,138,eb_enc,cpu,796.643,803.955
5,146,normalize,cpu,804.446,808.204
5,146,g_a_cpu,cpu,808.21,808.739
5,146,g_a,dpu,808.742,825.312
5,146,g_a,dpu,825.322,831.288
5,146,g_a_cpu,cpu,831.29,831.768
5,146,eb_enc,cpu,831.77,837.753
5,153,normalize,cpu,840.654,844.369
5,153,g_a_cpu,cpu,844.372,844.73
5,153,g_a,dpu,844.733,850.824
5,153,g_a,dpu,850.825,856.695
5,153,g_a_cpu,cpu,856.696,857.29
5,153,eb_enc,cpu,857.293,864.455
5,158,normalize,cpu,865.072,869.873
5,158,g_a_cpu,cpu,869.877,870.294
5,158,g_a,dpu,870.296,876.246
5,158,g_a,dpu,876.247,881.802
5,158,g_a_cpu,cpu,881.805,882.323
5,158,eb_enc,cpu,882.326,887.481
5,164,normalize,cpu,888.07,891.764
5,164,g_a_cpu,cpu,891.773,892.3
5,164,g_a,dpu,892.304,905.602
5,164,g_a,dpu,905.604,911.137
5,164,g_a_cpu,cpu,911.142,911.772
5,164,eb_enc,cpu,911.774,917.726
5,171,normalize,cpu,918.244,922.141
5,171,g_a_cpu,cpu,922.145,922.679
5,171,g_a,dpu,922.683,939.811
5,171,g_a,dpu,939.812,950.828
5,171,g_a_cpu,cpu,950.829,951.583
5,171,eb_enc,cpu,951.586,957.053
5,178,normalize,cpu,957.572,971.319
5,178,g_a_cpu,cpu,971.328,971.805
5,178,g_a,dpu,971.809,977.499
5,178,g_a,dpu,977.5,983.301
5,178,g_a_cpu,cpu,983.303,983.986
5,178,eb_enc,cpu,983.993,991.711
5,185,normalize,cpu,992.317,1002.29
5,185,g_a_cpu,cpu,1002.3,1003.75
5,185,g_a,dpu,1003.75,1009.31
5,185,g_a,dpu,1009.31,1014.86
5,185,g_a_cpu,cpu,1014.86,1015.33
5,185,eb_enc,cpu,1015.34,1020.61
5,191,normalize,cpu,1021.22,1025.06
5,191,g_a_cpu,cpu,1025.07,1025.52
5,191,g_a,dpu,1025.52,1032.28
5,191,g_a,dpu,1032.28,1045.5
5,191,g_a_cpu,cpu,1045.5,1055.73
5,191,eb_enc,cpu,1055.74,1063.34
5,200,normalize,cpu,1063.9,1067.65
5,200,g_a_cpu,cpu,1067.65,1068
5,200,g_a,dpu,1068,1073.54
5,200,g_a,dpu,1073.54,1083.66
5,200,g_a_cpu,cpu,1083.66,1084.21
5,200,eb_enc,cpu,1084.21,1100.77
5,208,normalize,cpu,1101.27,1105.06
5,208,g_a_cpu,cpu,1105.06,1105.47
5,208,g_a,dpu,1105.47,1112.39
5,208,g_a,dpu,1112.39,1125.98
5,208,g_a_cpu,cpu,1125.98,1126.67
5,208,eb_enc,cpu,1126.67,1137.01
5,215,normalize,cpu,1137.58,1142.75
5,215,g_a_cpu,cpu,1142.75,1143.22
5,215,g_a,dpu,1143.22,1157.96
5,215,g_a,dpu,1157.96,1163.53
5,215,g_a_cpu,cpu,1163.53,1164.38
5,215,eb_enc,cpu,1164.39,1171.45
5,221,normalize,cpu,1172.05,1175.76
5,221,g_a_cpu,cpu,1175.76,1176.16
5,221,g_a,dpu,1176.16,1185.41
5,221,g_a,dpu,1185.41,1196.71
5,221,g_a_cpu,cpu,1196.71,1197.17
5,221,eb_enc,cpu,1197.17,1205.39
5,228,normalize,cpu,1208.52,1217.7
5,228,g_a_cpu,cpu,1217.7,1218.27
5,228,g_a,dpu,1218.27,1228.76
5,228,g_a,dpu,1228.76,1242.61
5,228,g_a_cpu,cpu,1242.61,1243.25
5,228,eb_enc,cpu,1243.26,1248.32
5,237,normalize,cpu,1249.07,1252.73
5,237,g_a_cpu,cpu,1252.73,1253.2
5,237,g_a,dpu,1253.2,1259
5,237,g_a,dpu,1259,1265.29
5,237,g_a_cpu,cpu,1265.29,1265.98
5,237,eb_enc,cpu,1265.98,1283.17
5,243,normalize,cpu,1283.88,1287.57
5,243,g_a_cpu,cpu,1287.57,1288.01
5,243,g_a,dpu,1288.02,1293.68
5,243,g_a,dpu,1293.68,1299.19
5,243,g_a_cpu,cpu,1299.19,1299.77
5,243,eb_enc,cpu,1299.77,1305.86
5,247,normalize,cpu,1306.33,1310.09
5,247,g_a_cpu,cpu,1310.09,1310.7
5,247,g_a,dpu,1310.71,1325.48
5,247,g_a,dpu,1325.48,1335.65
5,247,g_a_cpu,cpu,1335.65,1336.1
5,247,eb_enc,cpu,1336.1,1341.08
5,253,normalize,cpu,1341.72,1345.38
5,253,g_a_cpu,cpu,1345.39,1345.9
5,253,g_a,dpu,1345.9,1362.8
5,253,g_a,dpu,1362.81,1368.26
5,253,g_a_cpu,cpu,1368.26,1368.82
5,253,eb_enc,cpu,1368.83,1373.93
5,260,normalize,cpu,1374.85,1378.54
5,260,g_a_cpu,cpu,1378.55,1379.11
5,260,g_a,dpu,1379.11,1392.24
5,260,g_a,dpu,1392.25,1398.1
5,260,g_a_cpu,cpu,1398.1,1398.89
5,260,eb_enc,cpu,1398.89,1404
5,268,normalize,cpu,1404.63,1408.36
5,268,g_a_cpu,cpu,1408.37,1409.16
5,268,g_a,dpu,1409.16,1418.63
5,268,g_a,dpu,1418.63,1424.2
5,268,g_a_cpu,cpu,1424.2,1424.72
5,268,eb_enc,cpu,1424.72,1429.78
5,274,normalize,cpu,1430.3,1433.95
5,274,g_a_cpu,cpu,1433.96,1434.46
5,274,g_a,dpu,1434.47,1447.65
5,274,g_a,dpu,1447.65,1453.19
5,274,g_a_cpu,cpu,1453.19,1453.68
5,274,eb_enc,cpu,1453.68,1458.9
5,280,normalize,cpu,1459.57,1463.79
5,280,g_a_cpu,cpu,1463.8,1464.55
5,280,g_a,dpu,1464.56,1470.65
5,280,g_a,dpu,1470.65,1477.01
5,280,g_a_cpu,cpu,1477.02,1477.45
5,280,eb_enc,cpu,1477.45,1498.2
5,288,normalize,cpu,1498.82,1502.57
5,288,g_a_cpu,cpu,1502.58,1503.06
5,288,g_a,dpu,1503.07,1508.7
5,288,g_a,dpu,1508.7,1519.99
5,288,g_a_cpu,cpu,1519.99,1520.57
5,288,eb_enc,cpu,1520.6,1536.47
5,296,normalize,cpu,1537.04,1540.91
5,296,g_a_cpu,cpu,1540.91,1541.51
5,296,g_a,dpu,1541.51,1552.14
5,296,g_a,dpu,1552.14,1571.86
5,296,g_a_cpu,cpu,1571.87,1572.46
5,296,eb_enc,cpu,1572.47,1578.01
5,303,normalize,cpu,1578.69,1582.34
5,303,g_a_cpu,cpu,1582.35,1587.94
5,303,g_a,dpu,1587.95,1594.56
5,303,g_a,dpu,1594.57,1602.78
5,303,g_a_cpu,cpu,1602.78,1603.51
5,303,eb_enc,cpu,1603.51,1610.16
5,310,normalize,cpu,1611.12,1617.45
5,310,g_a_cpu,cpu,1617.46,1618.04
5,310,g_a,dpu,1618.05,1627.84
5,310,g_a,dpu,1627.84,1644.35
5,310,g_a_cpu,cpu,1644.35,1644.92
5,310,eb_enc,cpu,1644.92,1650.31
5,317,normalize,cpu,1651.05,1654.79
5,317,g_a_cpu,cpu,1654.79,1655.29
5,317,g_a,dpu,1655.29,1666.46
5,317,g_a,dpu,1666.46,1672.18
5,317,g_a_cpu,cpu,1672.18,1672.77
5,317,eb_enc,cpu,1672.77,1677.85
5,323,normalize,cpu,1678.59,1682.28
5,323,g_a_cpu,cpu,1682.28,1682.91
5,323,g_a,dpu,1682.92,1688.87
5,323,g_a,dpu,1688.87,1694.82
5,323,g_a_cpu,cpu,1694.82,1695.41
5,323,eb_enc,cpu,1695.41,1703.98
5,329,normalize,cpu,1708,1711.85
5,329,g_a_cpu,cpu,1711.86,1712.49
5,329,g_a,dpu,1712.49,1718.62
5,329,g_a,dpu,1718.62,1724.38
5,329,g_a_cpu,cpu,1724.38,1724.86
5,329,eb_enc,cpu,1724.86,1730.25
5,335,normalize,cpu,1731.03,1734.82
5,335,g_a_cpu,cpu,1734.82,1735.4
5,335,g_a,dpu,1735.4,1741.14
5,335,g_a,dpu,1741.14,1747.46
5,335,g_a_cpu,cpu,1747.46,1748.18
5,335,eb_enc,cpu,1748.19,1754.43
5,340,normalize,cpu,1755.08,1758.91
5,340,g_a_cpu,cpu,1758.92,1759.32
5,340,g_a,dpu,1759.33,1768.15
5,340,g_a,dpu,1768.16,1779.66
5,340,g_a_cpu,cpu,1779.66,1780.13
5,340,eb_enc,cpu,1780.13,1789.94
5,347,normalize,cpu,1790.74,1794.52
5,347,g_a_cpu,cpu,1794.53,1795.12
5,347,g_a,dpu,1795.13,1811.75
5,347,g_a,dpu,1811.76,1817.14
5,347,g_a_cpu,cpu,1817.15,1817.61
5,347,eb_enc,cpu,1817.61,1822.86
5,353,normalize,cpu,1823.52,1827.43
5,353,g_a_cpu,cpu,1827.44,1828.3
5,353,g_a,dpu,1828.31,1856.2
5,353,g_a,dpu,1856.2,1861.86
5,353,g_a_cpu,cpu,1861.86,1862.31
5,353,eb_enc,cpu,1862.32,1867.23
5,361,normalize,cpu,1867.79,1871.66
5,361,g_a_cpu,cpu,1871.66,1872.18
5,361,g_a,dpu,1872.19,1894.99
5,361,g_a,dpu,1894.99,1900.45
5,361,g_a_cpu,cpu,1900.46,1900.83
5,361,eb_enc,cpu,1900.83,1905.99
5,370,normalize,cpu,1906.71,1911.19
5,370,g_a_cpu,cpu,1911.19,1911.66
5,370,g_a,dpu,1911.67,1922.67
5,370,g_a,dpu,1922.68,1928.29
5,370,g_a_cpu,cpu,1928.29,1928.68
5,370,eb_enc,cpu,1928.68,1933.8
5,375,normalize,cpu,1934.6,1938.24
5,375,g_a_cpu,cpu,1938.24,1938.91
5,375,g_a,dpu,1938.92,1948.96
5,375,g_a,dpu,1948.96,1954.76
5,375,g_a_cpu,cpu,1954.76,1955.55
5,375,eb_enc,cpu,1955.55,1960.82
5,382,normalize,cpu,1961.61,1965.26
5,382,g_a_cpu,cpu,1965.26,1965.64
5,382,g_a,dpu,1965.65,1971.76
5,382,g_a,dpu,1971.76,1977.7
5,382,g_a_cpu,cpu,1977.7,1978.27
5,382,eb_enc,cpu,1978.27,1983.39
5,387,normalize,cpu,1984.09,1987.78
5,387,g_a_cpu,cpu,1987.79,1988.31
5,387,g_a,dpu,1988.31,2001.55
5,387,g_a,dpu,2001.56,2007.81
5,387,g_a_cpu,cpu,2007.81,2008.33
5,387,eb_enc,cpu,2008.34,2013.24
5,395,normalize,cpu,2014.15,2017.78
5,395,g_a_cpu,cpu,2017.78,2018.18
5,395,g_a,dpu,2018.18,2028.92
5,395,g_a,dpu,2028.92,2034.8
5,395,g_a_cpu,cpu,2034.8,2035.31
5,395,eb_enc,cpu,2035.31,2040.48
5,401,normalize,cpu,2041.33,2044.99
5,401,g_a_cpu,cpu,2045,2045.72
5,401,g_a,dpu,2045.73,2055.11
5,401,g_a,dpu,2055.11,2061.71
5,401,g_a_cpu,cpu,2061.71,2062.46
5,401,eb_enc,cpu,2062.46,2069.61
5,406,normalize,cpu,2070.89,2074.72
5,406,g_a_cpu,cpu,2074.73,2075.29
5,406,g_a,dpu,2075.3,2090.57
5,406,g_a,dpu,2090.58,2096.45
5,406,g_a_cpu,cpu,2096.45,2097.23
5,406,eb_enc,cpu,2097.24,2102.31
5,414,normalize,cpu,2103.86,2107.65
5,414,g_a_cpu,cpu,2107.65,2108.16
5,414,g_a,dpu,2108.17,2122.62
5,414,g_a,dpu,2122.62,2130.5
5,414,g_a_cpu,cpu,2130.5,2130.98
5,414,eb_enc,cpu,2130.98,2136.83
5,421,normalize,cpu,2137.31,2141.97
5,421,g_a_cpu,cpu,2141.97,2142.49
5,421,g_a,dpu,2142.5,2152.49
5,421,g_a,dpu,2152.49,2158.55
5,421,g_a_cpu,cpu,2158.55,2159.12
5,421,eb_enc,cpu,2159.12,2166.53
5,426,normalize,cpu,2167.52,2180.57
5,426,g_a_cpu,cpu,2180.57,2180.98
5,426,g_a,dpu,2180.98,2188.38
5,426,g_a,dpu,2188.38,2194.06
5,426,g_a_cpu,cpu,2194.06,2194.49
5,426,eb_enc,cpu,2194.5,2199.66
5,435,normalize,cpu,2200.18,2204.77
5,435,g_a_cpu,cpu,2204.77,2205.3
5,435,g_a,dpu,2205.3,2218.57
5,435,g_a,dpu,2218.57,2242.21
5,435,g_a_cpu,cpu,2242.21,2242.72
5,435,eb_enc,cpu,2242.72,2247.97
5,445,normalize,cpu,2248.83,2252.56
5,445,g_a_cpu,cpu,2252.56,2253.01
5,445,g_a,dpu,2253.01,2258.62
5,445,g_a,dpu,2258.62,2268.77
5,445,g_a_cpu,cpu,2268.77,2269.2
5,445,eb_enc,cpu,2269.21,2274.68
5,451,normalize,cpu,2275.49,2279.17
5,451,g_a_cpu,cpu,2279.18,2279.61
5,451,g_a,dpu,2279.61,2285.28
5,451,g_a,dpu,2285.28,2302.79
5,451,g_a_cpu,cpu,2302.79,2303.26
5,451,eb_enc,cpu,2303.26,2308.41
5,459,normalize,cpu,2308.9,2312.77
5,459,g_a_cpu,cpu,2312.77,2313.43
5,459,g_a,dpu,2313.44,2322.79
5,459,g_a,dpu,2322.79,2333.39
5,459,g_a_cpu,cpu,2333.39,2333.96
5,459,eb_enc,cpu,2333.96,2339.42
5,465,normalize,cpu,2340.34,2344.12
5,465,g_a_cpu,cpu,2344.14,2344.84
5,465,g_a,dpu,2344.85,2363.79
5,465,g_a,dpu,2363.79,2369.83
5,465,g_a_cpu,cpu,2369.83,2370.23
5,465,eb_enc,cpu,2370.23,2375.11
5,472,normalize,cpu,2375.73,2379.47
5,472,g_a_cpu,cpu,2379.47,2379.93
5,472,g_a,dpu,2379.93,2385.39
5,472,g_a,dpu,2385.39,2390.99
5,472,g_a_cpu,cpu,2390.99,2391.52
5,472,eb_enc,cpu,2391.52,2396.46
5,475,normalize,cpu,2396.94,2400.76
5,475,g_a_cpu,cpu,2400.77,2401.26
5,475,g_a,dpu,2401.26,2415.42
5,475,g_a,dpu,2415.42,2421.18
5,475,g_a_cpu,cpu,2421.18,2421.8
5,475,eb_enc,cpu,2421.8,2427.22
5,481,normalize,cpu,2428.22,2437.37
5,481,g_a_cpu,cpu,2437.38,2437.98
5,481,g_a,dpu,2437.98,2443.83
5,481,g_a,dpu,2443.83,2454.23
5,481,g_a_cpu,cpu,2454.23,2454.88
5,481,eb_enc,cpu,2454.89,2460.02
5,489,normalize,cpu,2460.57,2464.31
5,489,g_a_cpu,cpu,2464.32,2464.89
5,489,g_a,dpu,2464.89,2471.34
5,489,g_a,dpu,2471.34,2482.53
5,489,g_a_cpu,cpu,2482.54,2483.16
5,489,eb_enc,cpu,2483.17,2490.18
5,496,normalize,cpu,2490.97,2494.72
5,496,g_a_cpu,cpu,2494.73,2495.14
5,496,g_a,dpu,2495.14,2501.05
5,496,g_a,dpu,2501.05,2507.42
5,496,g_a_cpu,cpu,2507.42,2508.1
5,496,eb_enc,cpu,2508.11,2513.42
5,501,normalize,cpu,2514.17,2517.87
5,501,g_a_cpu,cpu,2517.88,2518.62
5,501,g_a,dpu,2518.62,2528.73
5,501,g_a,dpu,2528.73,2534.37
5,501,g_a_cpu,cpu,2534.37,2535.01
5,501,eb_enc,cpu,2535.01,2540.21
5,507,normalize,cpu,2540.78,2544.57
5,507,g_a_cpu,cpu,2544.57,2545.09
5,507,g_a,dpu,2545.09,2557.06
5,507,g_a,dpu,2557.06,2567.17
5,507,g_a_cpu,cpu,2567.17,2567.67
5,507,eb_enc,cpu,2567.68,2572.7
5,515,normalize,cpu,2573.19,2576.9
5,515,g_a_cpu,cpu,2576.9,2577.53
5,515,g_a,dpu,2577.53,2583.86
5,515,g_a,dpu,2583.87,2589.85
5,515,g_a_cpu,cpu,2589.85,2590.32
5,515,eb_enc,cpu,2590.32,2597.34
5,520,normalize,cpu,2598.16,2602.05
5,520,g_a_cpu,cpu,2602.06,2603.73
5,520,g_a,dpu,2603.74,2621.96
5,520,g_a,dpu,2621.96,2628.16
5,520,g_a_cpu,cpu,2628.16,2628.77
5,520,eb_enc,cpu,2628.78,2634.38
5,527,normalize,cpu,2635.34,2639.28
5,527,g_a_cpu,cpu,2639.29,2639.77
5,527,g_a,dpu,2639.78,2648.11
5,527,g_a,dpu,2648.11,2667.4
5,527,g_a_cpu,cpu,2667.4,2668.16
5,527,eb_enc,cpu,2668.16,2673.41
5,534,normalize,cpu,2674.25,2678
5,534,g_a_cpu,cpu,2678.01,2678.61
5,534,g_a,dpu,2678.61,2684.4
5,534,g_a,dpu,2684.4,2689.86
5,534,g_a_cpu,cpu,2689.86,2690.45
5,534,eb_enc,cpu,2690.45,2695.77
5,539,normalize,cpu,2696.45,2700.17
5,539,g_a_cpu,cpu,2700.18,2700.69
5,539,g_a,dpu,2700.69,2706.28
5,539,g_a,dpu,2706.29,2712.01
5,539,g_a_cpu,cpu,2712.02,2712.71
5,539,eb_enc,cpu,2712.71,2717.84
5,544,normalize,cpu,2718.81,2722.53
5,544,g_a_cpu,cpu,2722.53,2723.13
5,544,g_a,dpu,2723.13,2730.98
5,544,g_a,dpu,2730.99,2741.2
5,544,g_a_cpu,cpu,2741.2,2741.68
5,544,eb_enc,cpu,2741.68,2746.82
5,550,normalize,cpu,2747.6,2751.3
5,550,g_a_cpu,cpu,2751.3,2751.76
5,550,g_a,dpu,2751.76,2757.51
5,550,g_a,dpu,2757.51,2767.59
5,550,g_a_cpu,cpu,2767.59,2768.11
5,550,eb_enc,cpu,2768.12,2773.37
5,557,normalize,cpu,2774.2,2777.89
5,557,g_a_cpu,cpu,2777.89,2778.55
5,557,g_a,dpu,2778.56,2784.11
5,557,g_a,dpu,2784.11,2794.48
5,557,g_a_cpu,cpu,2794.48,2794.91
5,557,eb_enc,cpu,2794.92,2799.98
5,562,normalize,cpu,2801.4,2805.23
5,562,g_a_cpu,cpu,2805.25,2806.03
5,562,g_a,dpu,2806.03,2826.06
5,562,g_a,dpu,2826.07,2832.24
5,562,g_a_cpu,cpu,2832.25,2832.99
5,562,eb_enc,cpu,2832.99,2838.44
5,570,normalize,cpu,2839.18,2842.96
5,570,g_a_cpu,cpu,2842.97,2843.49
5,570,g_a,dpu,2843.49,2852.73
5,570,g_a,dpu,2852.77,2858.79
5,570,g_a_cpu,cpu,2858.79,2859.2
5,570,eb_enc,cpu,2859.21,2864.32
5,576,normalize,cpu,2864.89,2868.63
5,576,g_a_cpu,cpu,2868.64,2869.15
5,576,g_a,dpu,2869.16,2879.73
5,576,g_a,dpu,2879.73,2885.91
5,576,g_a_cpu,cpu,2885.92,2886.76
5,576,eb_enc,cpu,2886.76,2900.36
5,584,normalize,cpu,2900.91,2904.65
5,584,g_a_cpu,cpu,2904.66,2905
5,584,g_a,dpu,2905,2911.37
5,584,g_a,dpu,2911.38,2925.57
5,584,g_a_cpu,cpu,2925.57,2926.21
5,584,eb_enc,cpu,2926.21,2936.38
5,589,normalize,cpu,2937.13,2940.95
5,589,g_a_cpu,cpu,2940.96,2941.41
5,589,g_a,dpu,2941.42,2949.9
5,589,g_a,dpu,2949.91,2955.31
5,589,g_a_cpu,cpu,2955.31,2955.84
5,589,eb_enc,cpu,2955.84,2960.97
5,593,normalize,cpu,2969.04,2972.79
5,593,g_a_cpu,cpu,2972.79,2973.28
5,593,g_a,dpu,2973.28,2978.85
5,593,g_a,dpu,2978.85,2985.17
5,593,g_a_cpu,cpu,2985.17,2985.8
5,593,eb_enc,cpu,2985.8,2991.87
5,601,normalize,cpu,2992.46,2996.3
5,601,g_a_cpu,cpu,2996.3,2996.8
5,601,g_a,dpu,2996.8,3004.62
5,601,g_a,dpu,3004.62,3010.31
5,601,g_a_cpu,cpu,3010.31,3012.11
5,601,eb_enc,cpu,3012.12,3017.58
5,607,normalize,cpu,3018.05,3023.98
5,607,g_a_cpu,cpu,3023.98,3024.44
5,607,g_a,dpu,3024.45,3030.29
5,607,g_a,dpu,3030.3,3040.61
5,607,g_a_cpu,cpu,3040.61,3041.31
5,607,eb_enc,cpu,3041.31,3047.51
5,614,normalize,cpu,3048.15,3053.06
5,614,g_a_cpu,cpu,3053.07,3053.53
5,614,g_a,dpu,3053.53,3068.29
5,614,g_a,dpu,3068.29,3073.88
5,614,g_a_cpu,cpu,3073.88,3074.5
5,614,eb_enc,cpu,3074.5,3079.61
5,622,normalize,cpu,3080.49,3085.1
5,622,g_a_cpu,cpu,3085.11,3085.85
5,622,g_a,dpu,3085.86,3091.39
5,622,g_a,dpu,3091.39,3104.09
5,622,g_a_cpu,cpu,3104.09,3104.49
5,622,eb_enc,cpu,3104.49,3109.45
5,629,normalize,cpu,3109.97,3113.66
5,629,g_a_cpu,cpu,3113.66,3114.16
5,629,g_a,dpu,3114.16,3119.91
5,629,g_a,dpu,3119.91,3125.69
5,629,g_a_cpu,cpu,3125.69,3126.33
5,629,eb_enc,cpu,3126.33,3133.54
5,631,normalize,cpu,3134.24,3142.37
5,631,g_a_cpu,cpu,3142.37,3142.88
5,631,g_a,dpu,3142.88,3151.61
5,631,g_a,dpu,3151.61,3157.72
5,631,g_a_cpu,cpu,3157.72,3158.14
5,631,eb_enc,cpu,3158.15,3163.55
5,638,normalize,cpu,3164.29,3168.06
5,638,g_a_cpu,cpu,3168.07,3168.55
5,638,g_a,dpu,3168.55,3176.55
5,638,g_a,dpu,3176.55,3191.39
5,638,g_a_cpu,cpu,3191.39,3191.85
5,638,eb_enc,cpu,3191.85,3202.24
5,646,normalize,cpu,3202.84,3206.49
5,646,g_a_cpu,cpu,3206.49,3206.85
5,646,g_a,dpu,3206.85,3212.57
5,646,g_a,dpu,3212.57,3218.57
5,646,g_a_cpu,cpu,3218.57,3219.03
5,646,eb_enc,cpu,3219.03,3226.26
5,650,normalize,cpu,3226.97,3230.62
5,650,g_a_cpu,cpu,3230.63,3231.05
5,650,g_a,dpu,3231.06,3239.36
5,650,g_a,dpu,3239.36,3244.7
5,650,g_a_cpu,cpu,3244.71,3245.18
5,650,eb_enc,cpu,3245.18,3252.33
5,656,normalize,cpu,3253,3257.64
5,656,g_a_cpu,cpu,3257.64,3258.1
5,656,g_a,dpu,3258.11,3264.88
5,656,g_a,dpu,3264.88,3271.13
5,656,g_a_cpu,cpu,3271.13,3271.75
5,656,eb_enc,cpu,3271.76,3277.83
5,662,normalize,cpu,3278.98,3283.46
5,662,g_a_cpu,cpu,3283.47,3284.14
5,662,g_a,dpu,3284.14,3299.39
5,662,g_a,dpu,3299.39,3310.66
5,662,g_a_cpu,cpu,3310.67,3311.13
5,662,eb_enc,cpu,3311.13,3316.25
5,671,normalize,cpu,3316.78,3320.45
5,671,g_a_cpu,cpu,3320.45,3320.94
5,671,g_a,dpu,3320.94,3327.21
5,671,g_a,dpu,3327.21,3333.01
5,671,g_a_cpu,cpu,3333.01,3333.68
5,671,eb_enc,cpu,3333.68,3338.8
5,676,normalize,cpu,3339.44,3343.19
5,676,g_a_cpu,cpu,3343.2,3343.67
5,676,g_a,dpu,3343.67,3355.9
5,676,g_a,dpu,3355.9,3361.67
5,676,g_a_cpu,cpu,3361.67,3362.24
5,676,eb_enc,cpu,3362.24,3367.17
5,682,normalize,cpu,3368.18,3371.85
5,682,g_a_cpu,cpu,3371.88,3372.43
5,682,g_a,dpu,3372.44,3378.28
5,682,g_a,dpu,3378.29,3383.85
5,682,g_a_cpu,cpu,3383.85,3384.45
5,682,eb_enc,cpu,3384.45,3389.68
5,687,normalize,cpu,3390.34,3394.06
5,687,g_a_cpu,cpu,3394.07,3394.7
5,687,g_a,dpu,3394.7,3400.97
5,687,g_a,dpu,3400.98,3408.14
5,687,g_a_cpu,cpu,3408.14,3408.71
5,687,eb_enc,cpu,3408.71,3413.86
5,694,normalize,cpu,3414.63,3418.43
5,694,g_a_cpu,cpu,3418.44,3418.91
5,694,g_a,dpu,3418.91,3428.1
5,694,g_a,dpu,3428.1,3442.69
5,694,g_a_cpu,cpu,3442.7,3443.32
5,694,eb_enc,cpu,3443.32,3449.9
5,701,normalize,cpu,3450.99,3455.02
5,701,g_a_cpu,cpu,3455.03,3455.67
5,701,g_a,dpu,3455.67,3474.67
5,701,g_a,dpu,3474.67,3480.42
5,701,g_a_cpu,cpu,3480.42,3480.95
5,701,eb_enc,cpu,3480.96,3486.07
5,708,normalize,cpu,3486.7,3490.44
5,708,g_a_cpu,cpu,3490.44,3490.85
5,708,g_a,dpu,3490.86,3505.6
5,708,g_a,dpu,3505.6,3511.48
5,708,g_a_cpu,cpu,3511.48,3511.91
5,708,eb_enc,cpu,3511.92,3517.1
5,715,normalize,cpu,3517.64,3521.47
5,715,g_a_cpu,cpu,3521.47,3522.05
5,715,g_a,dpu,3522.06,3535.46
5,715,g_a,dpu,3535.46,3541.26
5,715,g_a_cpu,cpu,3541.26,3541.9
5,715,eb_enc,cpu,3541.91,3547.18
5,720,normalize,cpu,3547.87,3551.52
5,720,g_a_cpu,cpu,3551.53,3552
5,720,g_a,dpu,3552.01,3566.72
5,720,g_a,dpu,3566.73,3577.72
5,720,g_a_cpu,cpu,3577.73,3578.16
5,720,eb_enc,cpu,3578.16,3583.2
5,727,normalize,cpu,3583.82,3587.56
5,727,g_a_cpu,cpu,3587.56,3588.1
5,727,g_a,dpu,3588.11,3599.28
5,727,g_a,dpu,3599.28,3604.73
5,727,g_a_cpu,cpu,3604.73,3605.2
5,727,eb_enc,cpu,3605.21,3610.41
5,733,normalize,cpu,3611.31,3626.33
5,733,g_a_cpu,cpu,3626.33,3626.96
5,733,g_a,dpu,3626.96,3632.72
5,733,g_a,dpu,3632.72,3643.35
5,733,g_a_cpu,cpu,3643.35,3644
5,733,eb_enc,cpu,3644,3655.04
5,743,normalize,cpu,3655.59,3659.3
5,743,g_a_cpu,cpu,3659.31,3659.89
5,743,g_a,dpu,3659.9,3669.83
5,743,g_a,dpu,3669.83,3680.59
5,743,g_a_cpu,cpu,3680.59,3681.16
5,743,eb_enc,cpu,3681.17,3688.44
5,750,normalize,cpu,3689.84,3694.29
5,750,g_a_cpu,cpu,3694.29,3694.88
5,750,g_a,dpu,3694.89,3701.69
5,750,g_a,dpu,3701.7,3716.86
5,750,g_a_cpu,cpu,3716.86,3717.41
5,750,eb_enc,cpu,3717.41,3723.68
5,756,normalize,cpu,3724.58,3740.25
5,756,g_a_cpu,cpu,3740.26,3740.91
5,756,g_a,dpu,3740.91,3746.85
5,756,g_a,dpu,3746.85,3753.13
5,756,g_a_cpu,cpu,3753.13,3753.81
5,756,eb_enc,cpu,3753.82,3764.26
5,765,normalize,cpu,3764.82,3771.36
5,765,g_a_cpu,cpu,3771.36,3771.8
5,765,g_a,dpu,3771.81,3777.36
5,765,g_a,dpu,3777.36,3782.89
5,765,g_a_cpu,cpu,3782.89,3783.6
5,765,eb_enc,cpu,3783.61,3789.04
5,770,normalize,cpu,3789.85,3794.16
5,770,g_a_cpu,cpu,3794.16,3794.63
5,770,g_a,dpu,3794.63,3815.63
5,770,g_a,dpu,3815.63,3821.02
5,770,g_a_cpu,cpu,3821.02,3821.46
5,770,eb_enc,cpu,3821.46,3827.15
5,777,normalize,cpu,3827.69,3831.5
5,777,g_a_cpu,cpu,3831.51,3831.99
5,777,g_a,dpu,3832,3851.14
5,777,g_a,dpu,3851.14,3856.86
5,777,g_a_cpu,cpu,3856.86,3857.47
5,777,eb_enc,cpu,3857.47,3866.04
5,785,normalize,cpu,3866.6,3874.01
5,785,g_a_cpu,cpu,3874.02,3874.67
5,785,g_a,dpu,3874.67,3880.34
5,785,g_a,dpu,3880.35,3898.11
5,785,g_a_cpu,cpu,3898.11,3898.69
5,785,eb_enc,cpu,3898.69,3904.05
5,794,normalize,cpu,3904.67,3908.46
5,794,g_a_cpu,cpu,3908.46,3908.96
5,794,g_a,dpu,3908.97,3923.53
5,794,g_a,dpu,3923.53,3929.14
5,794,g_a_cpu,cpu,3929.14,3929.73
5,794,eb_enc,cpu,3929.73,3936.32
5,801,normalize,cpu,3937.36,3941.8
5,801,g_a_cpu,cpu,3941.81,3942.42
5,801,g_a,dpu,3942.43,3948.33
5,801,g_a,dpu,3948.33,3953.76
5,801,g_a_cpu,cpu,3953.76,3954.2
5,801,eb_enc,cpu,3954.21,3961.67
5,808,normalize,cpu,3962.58,3967
5,808,g_a_cpu,cpu,3967,3967.55
5,808,g_a,dpu,3967.55,3980.45
5,808,g_a,dpu,3980.45,3986.06
5,808,g_a_cpu,cpu,3986.06,3986.71
5,808,eb_enc,cpu,3986.72,3992.2
5,814,normalize,cpu,3993,3997.38
5,814,g_a_cpu,cpu,3997.39,3998.01
5,814,g_a,dpu,3998.01,4013.92
5,814,g_a,dpu,4013.92,4019.63
5,814,g_a_cpu,cpu,4019.63,4020.24
5,814,eb_enc,cpu,4020.24,4026.43
5,821,normalize,cpu,4027,4031.83
5,821,g_a_cpu,cpu,4031.84,4032.31
5,821,g_a,dpu,4032.31,4041.17
5,821,g_a,dpu,4041.17,4046.64
5,821,g_a_cpu,cpu,4046.64,4047.19
5,821,eb_enc,cpu,4047.19,4063.06
5,829,normalize,cpu,4063.55,4067.19
5,829,g_a_cpu,cpu,4067.2,4067.6
5,829,g_a,dpu,4067.61,4073.1
5,829,g_a,dpu,4073.1,4078.54
5,829,g_a_cpu,cpu,4078.55,4079.21
5,829,eb_enc,cpu,4079.22,4084.93
5,832,normalize,cpu,4085.52,4092.7
5,832,g_a_cpu,cpu,4092.7,4093.11
5,832,g_a,dpu,4093.12,4100.61
5,832,g_a,dpu,4100.61,4106.44
5,832,g_a_cpu,cpu,4106.44,4107.01
5,832,eb_enc,cpu,4107.01,4112.86
5,840,normalize,cpu,4113.41,4117.85
5,840,g_a_cpu,cpu,4117.86,4118.27
5,840,g_a,dpu,4118.28,4135.69
5,840,g_a,dpu,4135.69,4141.4
5,840,g_a_cpu,cpu,4141.4,4141.89
5,840,eb_enc,cpu,4141.9,4146.92
5,848,normalize,cpu,4147.37,4151.15
5,848,g_a_cpu,cpu,4151.15,4151.7
5,848,g_a,dpu,4151.7,4187.27
5,848,g_a,dpu,4187.27,4198.61
5,848,g_a_cpu,cpu,4198.61,4199.02
5,848,eb_enc,cpu,4199.02,4204.01
5,860,normalize,cpu,4204.65,4208.43
5,860,g_a_cpu,cpu,4208.44,4209.02
5,860,g_a,dpu,4209.02,4214.58
5,860,g_a,dpu,4214.58,4224.85
5,860,g_a_cpu,cpu,4224.85,4225.59
5,860,eb_enc,cpu,4225.59,4230.76
5,864,normalize,cpu,4231.4,4235.13
5,864,g_a_cpu,cpu,4235.13,4235.59
5,864,g_a,dpu,4235.6,4241.86
5,864,g_a,dpu,4241.86,4247.56
5,864,g_a_cpu,cpu,4247.56,4248.14
5,864,eb_enc,cpu,4248.14,4255.16
5,871,normalize,cpu,4255.72,4260.38
5,871,g_a_cpu,cpu,4260.38,4260.77
5,871,g_a,dpu,4260.77,4273.25
5,871,g_a,dpu,4273.26,4283.6
5,871,g_a_cpu,cpu,4283.6,4284.17
5,871,eb_enc,cpu,4284.17,4289.19
5,878,normalize,cpu,4289.89,4293.66
5,878,g_a_cpu,cpu,4293.67,4294.07
5,878,g_a,dpu,4294.07,4299.68
5,878,g_a,dpu,4299.68,4311.61
5,878,g_a_cpu,cpu,4311.62,4312.05
5,878,eb_enc,cpu,4312.05,4317.24
5,884,normalize,cpu,4317.78,4321.58
5,884,g_a_cpu,cpu,4321.58,4322.1
5,884,g_a,dpu,4322.1,4327.86
5,884,g_a,dpu,4327.86,4333.37
5,884,g_a_cpu,cpu,4333.37,4333.82
5,884,eb_enc,cpu,4333.82,4338.77
5,890,normalize,cpu,4339.45,4343.14
5,890,g_a_cpu,cpu,4343.14,4343.73
5,890,g_a,dpu,4343.74,4349.27
5,890,g_a,dpu,4349.27,4359.6
5,890,g_a_cpu,cpu,4359.6,4360.29
5,890,eb_enc,cpu,4360.29,4366.11
5,894,normalize,cpu,4366.72,4376.31
5,894,g_a_cpu,cpu,4376.32,4376.83
5,894,g_a,dpu,4376.83,4402.56
5,894,g_a,dpu,4402.57,4408.24
5,894,g_a_cpu,cpu,4408.24,4408.77
5,894,eb_enc,cpu,4408.78,4413.83
5,905,normalize,cpu,4414.51,4418.14
5,905,g_a_cpu,cpu,4418.15,4418.73
5,905,g_a,dpu,4418.73,4437.17
5,905,g_a,dpu,4437.17,4446.98
5,905,g_a_cpu,cpu,4446.98,4447.67
5,905,eb_enc,cpu,4447.67,4452.71
5,913,normalize,cpu,4453.35,4457.06
5,913,g_a_cpu,cpu,4457.07,4457.81
5,913,g_a,dpu,4457.81,4463.59
5,913,g_a,dpu,4463.59,4473.88
5,913,g_a_cpu,cpu,4473.88,4474.27
5,913,eb_enc,cpu,4474.28,4479.43
5,919,normalize,cpu,4480.23,4483.89
5,919,g_a_cpu,cpu,4483.89,4484.27
5,919,g_a,dpu,4484.27,4495.24
5,919,g_a,dpu,4495.24,4501.29
5,919,g_a_cpu,cpu,4501.29,4501.84
5,919,eb_enc,cpu,4501.84,4507.07
5,926,normalize,cpu,4507.91,4511.56
5,926,g_a_cpu,cpu,4511.57,4512.17
5,926,g_a,dpu,4512.17,4519.98
5,926,g_a,dpu,4519.98,4525.31
5,926,g_a_cpu,cpu,4525.31,4525.69
5,926,eb_enc,cpu,4525.7,4530.65
6,3,normalize,cpu,89.8698,93.6313
6,3,g_a_cpu,cpu,95.4011,96.0326
6,3,g_a,dpu,96.0423,116.492
6,3,g_a,dpu,116.496,138.329
6,3,g_a_cpu,cpu,138.331,139.055
6,3,eb_enc,cpu,139.087,151.871
6,14,normalize,cpu,157.109,160.802
6,14,g_a_cpu,cpu,160.81,161.365
6,14,g_a,dpu,161.37,169.574
6,14,g_a,dpu,169.582,195.219
6,14,g_a_cpu,cpu,195.221,195.702
6,14,eb_enc,cpu,195.705,200.758
6,24,normalize,cpu,201.597,210.273
6,24,g_a_cpu,cpu,210.28,210.853
6,24,g_a,dpu,210.859,252.333
6,24,g_a,dpu,252.335,257.45
6,24,g_a_cpu,cpu,257.451,257.998
6,24,eb_enc,cpu,258.014,263.194
6,35,normalize,cpu,263.77,268.778
6,35,g_a_cpu,cpu,268.783,269.351
6,35,g_a,dpu,269.353,297.122
6,35,g_a,dpu,297.125,314.56
6,35,g_a_cpu,cpu,314.562,315.126
6,35,eb_enc,cpu,315.128,320.163
6,48,normalize,cpu,320.885,324.545
6,48,g_a_cpu,cpu,324.549,325.136
6,48,g_a,dpu,325.139,341.86
6,48,g_a,dpu,341.861,347.858
6,48,g_a_cpu,cpu,347.86,348.299
6,48,eb_enc,cpu,348.301,353.662
6,55,normalize,cpu,354.594,358.342
6,55,g_a_cpu,cpu,358.348,359.839
6,55,g_a,dpu,359.843,379.256
6,55,g_a,dpu,379.271,395.245
6,55,g_a_cpu,cpu,395.249,395.831
6,55,eb_enc,cpu,395.835,400.888
6,70,normalize,cpu,427.533,431.258
6,70,g_a_cpu,cpu,431.262,431.721
6,70,g_a,dpu,431.724,442.506
6,70,g_a,dpu,442.51,447.712
6,70,g_a_cpu,cpu,447.715,448.353
6,70,eb_enc,cpu,448.36,455.193
6,76,normalize,cpu,456.088,460.029
6,76,g_a_cpu,cpu,460.039,460.657
6,76,g_a,dpu,460.669,469.547
6,76,g_a,dpu,469.551,486.645
6,76,g_a_cpu,cpu,486.647,487.102
6,76,eb_enc,cpu,487.105,492.185
6,83,normalize,cpu,492.797,496.488
6,83,g_a_cpu,cpu,496.492,496.826
6,83,g_a,dpu,496.831,504.521
6,83,g_a,dpu,504.526,523.366
6,83,g_a_cpu,cpu,523.368,523.771
6,83,eb_enc,cpu,523.773,528.727
6,91,normalize,cpu,529.276,533.033
6,91,g_a_cpu,cpu,533.039,533.541
6,91,g_a,dpu,533.547,548.604
6,91,g_a,dpu,548.605,580.191
6,91,g_a_cpu,cpu,580.192,580.755
6,91,eb_enc,cpu,580.762,585.867
6,103,normalize,cpu,586.411,590.042
6,103,g_a_cpu,cpu,590.047,590.572
6,103,g_a,dpu,590.575,599.005
6,103,g_a,dpu,599.008,604.426
6,103,g_a_cpu,cpu,604.428,604.882
6,103,eb_enc,cpu,604.893,609.859
6,109,normalize,cpu,610.291,613.962
6,109,g_a_cpu,cpu,613.965,614.333
6,109,g_a,dpu,614.335,628.496
6,109,g_a,dpu,628.499,659.293
6,109,g_a_cpu,cpu,659.296,659.775
6,109,eb_enc,cpu,659.777,665.126
6,119,normalize,cpu,665.857,669.603
6,119,g_a_cpu,cpu,669.606,670.106
6,119,g_a,dpu,670.11,695.956
6,119,g_a,dpu,695.96,701.95
6,119,g_a_cpu,cpu,701.955,702.619
6,119,eb_enc,cpu,702.624,707.892
6,127,normalize,cpu,708.592,713.225
6,127,g_a_cpu,cpu,713.23,713.78
6,127,g_a,dpu,713.784,732.381
6,127,g_a,dpu,732.382,743.222
6,127,g_a_cpu,cpu,743.223,743.598
6,127,eb_enc,cpu,743.599,748.929
6,134,normalize,cpu,749.517,753.329
6,134,g_a_cpu,cpu,753.333,753.683
6,134,g_a,dpu,753.688,770.225
6,134,g_a,dpu,770.227,784.645
6,134,g_a_cpu,cpu,784.647,785.038
6,134,eb_enc,cpu,785.04,790.017
6,142,normalize,cpu,790.636,794.264
6,142,g_a_cpu,cpu,794.274,794.804
6,142,g_a,dpu,794.808,800.141
6,142,g_a,dpu,800.143,826.129
6,142,g_a_cpu,cpu,826.13,826.659
6,142,eb_enc,cpu,826.662,838.116
6,154,normalize,cpu,838.686,846.859
6,154,g_a_cpu,cpu,846.862,847.238
6,154,g_a,dpu,847.241,854.578
6,154,g_a,dpu,854.58,884.673
6,154,g_a_cpu,cpu,884.675,885.281
6,154,eb_enc,cpu,885.287,890.367
6,165,normalize,cpu,891.015,894.732
6,165,g_a_cpu,cpu,894.736,895.162
6,165,g_a,dpu,895.164,903.434
6,165,g_a,dpu,903.439,918.675
6,165,g_a_cpu,cpu,918.681,919.343
6,165,eb_enc,cpu,919.345,924.471
6,172,normalize,cpu,925.249,928.939
6,172,g_a_cpu,cpu,928.943,929.285
6,172,g_a,dpu,929.289,940.738
6,172,g_a,dpu,940.741,954.786
6,172,g_a_cpu,cpu,954.791,955.239
6,172,eb_enc,cpu,955.243,960.19
6,184,normalize,cpu,983.071,986.755
6,184,g_a_cpu,cpu,986.761,987.311
6,184,g_a,dpu,987.316,992.903
6,184,g_a,dpu,992.905,1010.57
6,184,g_a_cpu,cpu,1010.57,1010.96
6,184,eb_enc,cpu,1010.96,1015.9
6,190,normalize,cpu,1016.42,1020.08
6,190,g_a_cpu,cpu,1020.08,1020.46
6,190,g_a,dpu,1020.46,1025.8
6,190,g_a,dpu,1025.81,1035.26
6,190,g_a_cpu,cpu,1035.27,1035.84
6,190,eb_enc,cpu,1035.84,1050
6,195,normalize,cpu,1050.97,1065.42
6,195,g_a_cpu,cpu,1065.42,1065.79
6,195,g_a,dpu,1065.79,1078.22
6,195,g_a,dpu,1078.23,1092.2
6,195,g_a_cpu,cpu,1092.2,1092.59
6,195,eb_enc,cpu,1092.59,1097.53
6,207,normalize,cpu,1098.26,1101.94
6,207,g_a_cpu,cpu,1101.95,1102.31
6,207,g_a,dpu,1102.31,1116.09
6,207,g_a,dpu,1116.1,1121.27
6,207,g_a_cpu,cpu,1121.27,1121.82
6,207,eb_enc,cpu,1121.83,1129.8
6,212,normalize,cpu,1130.33,1134.2
6,212,g_a_cpu,cpu,1134.21,1134.81
6,212,g_a,dpu,1134.81,1140.09
6,212,g_a,dpu,1140.09,1169.09
6,212,g_a_cpu,cpu,1169.09,1169.64
6,212,eb_enc,cpu,1169.65,1174.66
6,223,normalize,cpu,1175.15,1178.92
6,223,g_a_cpu,cpu,1178.92,1179.31
6,223,g_a,dpu,1179.32,1184.64
6,223,g_a,dpu,1184.64,1193.81
6,223,g_a_cpu,cpu,1193.81,1194.56
6,223,eb_enc,cpu,1194.56,1206.61
6,229,normalize,cpu,1207.42,1221.96
6,229,g_a_cpu,cpu,1221.96,1222.46
6,229,g_a,dpu,1222.46,1245.52
6,229,g_a,dpu,1245.52,1279.4
6,229,g_a_cpu,cpu,1279.4,1280
6,229,eb_enc,cpu,1280.01,1285.24
6,245,normalize,cpu,1298.54,1302.44
6,245,g_a_cpu,cpu,1302.45,1303.09
6,245,g_a,dpu,1303.09,1323.71
6,245,g_a,dpu,1323.71,1337.91
6,245,g_a_cpu,cpu,1337.92,1338.36
6,245,eb_enc,cpu,1338.36,1343.4
6,254,normalize,cpu,1343.93,1347.68
6,254,g_a_cpu,cpu,1347.68,1348.04
6,254,g_a,dpu,1348.04,1353.35
6,254,g_a,dpu,1353.36,1370.51
6,254,g_a_cpu,cpu,1370.51,1371.09
6,254,eb_enc,cpu,1371.1,1376.44
6,261,normalize,cpu,1377.14,1380.81
6,261,g_a_cpu,cpu,1380.82,1381.22
6,261,g_a,dpu,1381.23,1386.57
6,261,g_a,dpu,1386.58,1396.45
6,261,g_a_cpu,cpu,1396.45,1397.05
6,261,eb_enc,cpu,1397.05,1402.26
6,267,normalize,cpu,1402.95,1406.61
6,267,g_a_cpu,cpu,1406.61,1407.11
6,267,g_a,dpu,1407.12,1422.61
6,267,g_a,dpu,1422.61,1432.06
6,267,g_a_cpu,cpu,1432.07,1432.61
6,267,eb_enc,cpu,1432.62,1437.51
6,275,normalize,cpu,1438.35,1442.03
6,275,g_a_cpu,cpu,1442.03,1442.37
6,275,g_a,dpu,1442.37,1456.36
6,275,g_a,dpu,1456.36,1486.76
6,275,g_a_cpu,cpu,1486.76,1487.27
6,275,eb_enc,cpu,1487.27,1492.34
6,286,normalize,cpu,1492.81,1496.6
6,286,g_a_cpu,cpu,1496.6,1497
6,286,g_a,dpu,1497,1504.02
6,286,g_a,dpu,1504.02,1509.21
6,286,g_a_cpu,cpu,1509.21,1509.92
6,286,eb_enc,cpu,1509.92,1516.63
6,290,normalize,cpu,1517.4,1521.35
6,290,g_a_cpu,cpu,1521.35,1521.76
6,290,g_a,dpu,1521.77,1538.6
6,290,g_a,dpu,1538.61,1543.93
6,290,g_a_cpu,cpu,1543.94,1544.65
6,290,eb_enc,cpu,1544.65,1551.13
6,298,normalize,cpu,1551.88,1555.7
6,298,g_a_cpu,cpu,1555.71,1556.28
6,298,g_a,dpu,1556.28,1571.37
6,298,g_a,dpu,1571.38,1577.1
6,298,g_a_cpu,cpu,1577.1,1577.58
6,298,eb_enc,cpu,1577.58,1584.11
6,305,normalize,cpu,1593.89,1597.75
6,305,g_a_cpu,cpu,1597.76,1598.2
6,305,g_a,dpu,1598.21,1606.65
6,305,g_a,dpu,1606.66,1612.04
6,305,g_a_cpu,cpu,1612.04,1612.39
6,305,eb_enc,cpu,1612.39,1617.36
6,311,normalize,cpu,1618.05,1621.75
6,311,g_a_cpu,cpu,1621.75,1622.09
6,311,g_a,dpu,1622.09,1632.98
6,311,g_a,dpu,1632.98,1649.55
6,311,g_a_cpu,cpu,1649.55,1650.09
6,311,eb_enc,cpu,1650.09,1655.11
6,318,normalize,cpu,1655.76,1659.42
6,318,g_a_cpu,cpu,1659.43,1659.83
6,318,g_a,dpu,1659.83,1675.21
6,318,g_a,dpu,1675.22,1685.06
6,318,g_a_cpu,cpu,1685.06,1685.46
6,318,eb_enc,cpu,1685.46,1690.63
6,326,normalize,cpu,1691.38,1698.33
6,326,g_a_cpu,cpu,1698.33,1698.74
6,326,g_a,dpu,1698.74,1720.1
6,326,g_a,dpu,1720.11,1725.32
6,326,g_a_cpu,cpu,1725.32,1726.13
6,326,eb_enc,cpu,1726.13,1731.16
6,336,normalize,cpu,1731.73,1736.17
6,336,g_a_cpu,cpu,1736.17,1736.78
6,336,g_a,dpu,1736.78,1742.08
6,336,g_a,dpu,1742.08,1757.21
6,336,g_a_cpu,cpu,1757.21,1757.59
6,336,eb_enc,cpu,1757.6,1762.74
6,343,normalize,cpu,1763.87,1767.57
6,343,g_a_cpu,cpu,1767.58,1768.25
6,343,g_a,dpu,1768.25,1781.88
6,343,g_a,dpu,1781.89,1795.87
6,343,g_a_cpu,cpu,1795.87,1796.56
6,343,eb_enc,cpu,1796.57,1801.82
6,350,normalize,cpu,1802.72,1806.36
6,350,g_a_cpu,cpu,1806.36,1807.04
6,350,g_a,dpu,1807.05,1812.42
6,350,g_a,dpu,1812.42,1817.46
6,350,g_a_cpu,cpu,1817.47,1818.01
6,350,eb_enc,cpu,1818.01,1824.47
6,354,normalize,cpu,1825.44,1841.26
6,354,g_a_cpu,cpu,1841.26,1841.8
6,354,g_a,dpu,1841.82,1864.2
6,354,g_a,dpu,1864.2,1869.3
6,354,g_a_cpu,cpu,1869.3,1869.67
6,354,eb_enc,cpu,1869.67,1874.59
6,363,normalize,cpu,1875.14,1878.79
6,363,g_a_cpu,cpu,1878.8,1879.3
6,363,g_a,dpu,1879.3,1886.56
6,363,g_a,dpu,1886.57,1896.3
6,363,g_a_cpu,cpu,1896.3,1896.73
6,363,eb_enc,cpu,1896.74,1901.63
6,369,normalize,cpu,1902.17,1905.84
6,369,g_a_cpu,cpu,1905.85,1906.29
6,369,g_a,dpu,1906.29,1913.76
6,369,g_a,dpu,1913.76,1919.24
6,369,g_a_cpu,cpu,1919.24,1919.85
6,369,eb_enc,cpu,1919.85,1925.96
6,373,normalize,cpu,1926.71,1934.62
6,373,g_a_cpu,cpu,1934.62,1935.03
6,373,g_a,dpu,1935.03,1940.31
6,373,g_a,dpu,1940.31,1947.19
6,373,g_a_cpu,cpu,1947.19,1947.68
6,373,eb_enc,cpu,1947.68,1953.08
6,381,normalize,cpu,1955.94,1961.5
6,381,g_a_cpu,cpu,1961.51,1962.02
6,381,g_a,dpu,1962.03,1975.62
6,381,g_a,dpu,1975.62,1984.96
6,381,g_a_cpu,cpu,1984.96,1985.52
6,381,eb_enc,cpu,1985.52,1990.72
6,389,normalize,cpu,1991.38,1995.04
6,389,g_a_cpu,cpu,1995.05,1995.56
6,389,g_a,dpu,1995.56,2011.7
6,389,g_a,dpu,2011.7,2016.72
6,389,g_a_cpu,cpu,2016.72,2017.08
6,389,eb_enc,cpu,2017.08,2022.07
6,396,normalize,cpu,2022.79,2026.64
6,396,g_a_cpu,cpu,2026.64,2027.12
6,396,g_a,dpu,2027.13,2039.31
6,396,g_a,dpu,2039.31,2049.15
6,396,g_a_cpu,cpu,2049.16,2049.74
6,396,eb_enc,cpu,2049.75,2055.48
6,403,normalize,cpu,2056.43,2060.16
6,403,g_a_cpu,cpu,2060.16,2060.58
6,403,g_a,dpu,2060.59,2066.34
6,403,g_a,dpu,2066.34,2079.67
6,403,g_a_cpu,cpu,2079.67,2080.24
6,403,eb_enc,cpu,2080.25,2085.38
6,410,normalize,cpu,2086.06,2089.73
6,410,g_a_cpu,cpu,2089.74,2090.28
6,410,g_a,dpu,2090.28,2102.64
6,410,g_a,dpu,2102.64,2112.02
6,410,g_a_cpu,cpu,2112.03,2112.65
6,410,eb_enc,cpu,2112.66,2117.93
6,417,normalize,cpu,2118.7,2122.32
6,417,g_a_cpu,cpu,2122.33,2123.66
6,417,g_a,dpu,2123.67,2134.11
6,417,g_a,dpu,2134.11,2143.26
6,417,g_a_cpu,cpu,2143.27,2143.64
6,417,eb_enc,cpu,2143.64,2149.42
6,423,normalize,cpu,2150.07,2153.86
6,423,g_a_cpu,cpu,2153.86,2154.3
6,423,g_a,dpu,2154.31,2159.64
6,423,g_a,dpu,2159.64,2166.62
6,423,g_a_cpu,cpu,2166.62,2167.26
6,423,eb_enc,cpu,2167.27,2172.33
6,429,normalize,cpu,2173.22,2177.53
6,429,g_a_cpu,cpu,2177.53,2177.85
6,429,g_a,dpu,2177.85,2206.15
6,429,g_a,dpu,2206.15,2211.23
6,429,g_a_cpu,cpu,2211.23,2211.62
6,429,eb_enc,cpu,2211.62,2216.57
6,438,normalize,cpu,2217.54,2221.2
6,438,g_a_cpu,cpu,2221.21,2221.56
6,438,g_a,dpu,2221.56,2232.44
6,438,g_a,dpu,2232.44,2245.57
6,438,g_a_cpu,cpu,2245.57,2246.09
6,438,eb_enc,cpu,2246.1,2251.24
6,446,normalize,cpu,2251.96,2255.63
6,446,g_a_cpu,cpu,2255.63,2256.03
6,446,g_a,dpu,2256.03,2270.71
6,446,g_a,dpu,2270.71,2280.11
6,446,g_a_cpu,cpu,2280.11,2280.64
6,446,eb_enc,cpu,2280.65,2285.96
6,453,normalize,cpu,2286.7,2290.33
6,453,g_a_cpu,cpu,2290.33,2290.79
6,453,g_a,dpu,2290.79,2296.01
6,453,g_a,dpu,2296.01,2301.38
6,453,g_a_cpu,cpu,2301.39,2301.95
6,453,eb_enc,cpu,2301.95,2307.76
6,458,normalize,cpu,2308.28,2312.04
6,458,g_a_cpu,cpu,2312.06,2312.79
6,458,g_a,dpu,2312.8,2331.64
6,458,g_a,dpu,2331.64,2337.11
6,458,g_a_cpu,cpu,2337.11,2337.63
6,458,eb_enc,cpu,2337.63,2343.19
6,466,normalize,cpu,2344.3,2348.94
6,466,g_a_cpu,cpu,2348.96,2349.58
6,466,g_a,dpu,2349.58,2383.67
6,466,g_a,dpu,2383.67,2388.6
6,466,g_a_cpu,cpu,2388.6,2389.06
6,466,eb_enc,cpu,2389.07,2394.19
6,473,normalize,cpu,2394.79,2398.53
6,473,g_a_cpu,cpu,2398.54,2399.06
6,473,g_a,dpu,2399.07,2404.41
6,473,g_a,dpu,2404.41,2432.07
6,473,g_a_cpu,cpu,2432.08,2432.74
6,473,eb_enc,cpu,2432.75,2439.33
6,485,normalize,cpu,2439.93,2444.43
6,485,g_a_cpu,cpu,2444.43,2444.88
6,485,g_a,dpu,2444.88,2449.98
6,485,g_a,dpu,2449.98,2475.16
6,485,g_a_cpu,cpu,2475.17,2475.77
6,485,eb_enc,cpu,2475.78,2481.05
6,494,normalize,cpu,2481.67,2485.49
6,494,g_a_cpu,cpu,2485.5,2486.02
6,494,g_a,dpu,2486.02,2491.38
6,494,g_a,dpu,2491.38,2506.57
6,494,g_a_cpu,cpu,2506.57,2507.98
6,494,eb_enc,cpu,2507.98,2513.97
6,502,normalize,cpu,2514.55,2520.41
6,502,g_a_cpu,cpu,2520.42,2520.94
6,502,g_a,dpu,2520.95,2543
6,502,g_a,dpu,2543,2557.01
6,502,g_a_cpu,cpu,2557.01,2557.55
6,502,eb_enc,cpu,2557.55,2562.66
6,512,normalize,cpu,2563.35,2567.05
6,512,g_a_cpu,cpu,2567.06,2567.56
6,512,g_a,dpu,2567.57,2583.35
6,512,g_a,dpu,2583.35,2593.1
6,512,g_a_cpu,cpu,2593.11,2593.48
6,512,eb_enc,cpu,2593.49,2598.55
6,521,normalize,cpu,2599.58,2603.34
6,521,g_a_cpu,cpu,2603.34,2604.35
6,521,g_a,dpu,2604.36,2613.63
6,521,g_a,dpu,2613.64,2619.07
6,521,g_a_cpu,cpu,2619.07,2619.52
6,521,eb_enc,cpu,2619.53,2625
6,526,normalize,cpu,2626.3,2629.96
6,526,g_a_cpu,cpu,2629.97,2631.68
6,526,g_a,dpu,2631.69,2659.33
6,526,g_a,dpu,2659.34,2664.43
6,526,g_a_cpu,cpu,2664.44,2664.91
6,526,eb_enc,cpu,2664.92,2670.1
6,533,normalize,cpu,2670.73,2674.35
6,533,g_a_cpu,cpu,2674.36,2674.95
6,533,g_a,dpu,2674.95,2680.26
6,533,g_a,dpu,2680.26,2692.5
6,533,g_a_cpu,cpu,2692.5,2693.1
6,533,eb_enc,cpu,2693.11,2698.08
6,540,normalize,cpu,2698.59,2702.21
6,540,g_a_cpu,cpu,2702.22,2713.71
6,540,g_a,dpu,2713.72,2727.45
6,540,g_a,dpu,2727.46,2745.24
6,540,g_a_cpu,cpu,2745.24,2745.68
6,540,eb_enc,cpu,2745.68,2750.69
6,551,normalize,cpu,2751.33,2755.01
6,551,g_a_cpu,cpu,2755.02,2755.52
6,551,g_a,dpu,2755.52,2760.76
6,551,g_a,dpu,2760.76,2766.13
6,551,g_a_cpu,cpu,2766.13,2766.64
6,551,eb_enc,cpu,2766.64,2771.68
6,556,normalize,cpu,2772.45,2776.11
6,556,g_a_cpu,cpu,2776.12,2776.57
6,556,g_a,dpu,2776.57,2782.18
6,556,g_a,dpu,2782.18,2797.44
6,556,g_a_cpu,cpu,2797.45,2797.87
6,556,eb_enc,cpu,2797.87,2803.19
6,563,normalize,cpu,2803.83,2816.58
6,563,g_a_cpu,cpu,2816.59,2817.34
6,563,g_a,dpu,2817.35,2826.04
6,563,g_a,dpu,2826.05,2835.45
6,563,g_a_cpu,cpu,2835.45,2836.26
6,563,eb_enc,cpu,2836.27,2846.12
6,572,normalize,cpu,2851.41,2855.21
6,572,g_a_cpu,cpu,2855.22,2855.91
6,572,g_a,dpu,2855.91,2861.64
6,572,g_a,dpu,2861.65,2870.89
6,572,g_a_cpu,cpu,2870.89,2871.34
6,572,eb_enc,cpu,2871.34,2876.65
6,579,normalize,cpu,2878.5,2885.93
6,579,g_a_cpu,cpu,2885.93,2886.79
6,579,g_a,dpu,2886.8,2910.45
6,579,g_a,dpu,2910.45,2925.57
6,579,g_a_cpu,cpu,2925.57,2926.19
6,579,eb_enc,cpu,2926.2,2931.71
6,587,normalize,cpu,2932.64,2942.02
6,587,g_a_cpu,cpu,2942.03,2942.47
6,587,g_a,dpu,2942.47,2947.81
6,587,g_a,dpu,2947.81,2956.93
6,587,g_a_cpu,cpu,2956.93,2957.51
6,587,eb_enc,cpu,2957.52,2962.9
6,594,normalize,cpu,2963.71,2967.47
6,594,g_a_cpu,cpu,2967.48,2968.07
6,594,g_a,dpu,2968.08,2989.13
6,594,g_a,dpu,2989.14,3010.81
6,594,g_a_cpu,cpu,3010.81,3011.41
6,594,eb_enc,cpu,3011.41,3016.66
6,606,normalize,cpu,3017.41,3021.11
6,606,g_a_cpu,cpu,3021.12,3021.47
6,606,g_a,dpu,3021.47,3029.49
6,606,g_a,dpu,3029.49,3034.78
6,606,g_a_cpu,cpu,3034.78,3035.45
6,606,eb_enc,cpu,3035.46,3040.43
6,612,normalize,cpu,3041.44,3045.19
6,612,g_a_cpu,cpu,3045.19,3045.65
6,612,g_a,dpu,3045.65,3050.98
6,612,g_a,dpu,3050.98,3056.31
6,612,g_a_cpu,cpu,3056.31,3056.85
6,612,eb_enc,cpu,3056.86,3062.05
6,617,normalize,cpu,3063.4,3067.08
6,617,g_a_cpu,cpu,3067.09,3067.59
6,617,g_a,dpu,3067.59,3083.3
6,617,g_a,dpu,3083.31,3097.06
6,617,g_a_cpu,cpu,3097.06,3097.59
6,617,eb_enc,cpu,3097.6,3102.78
6,626,normalize,cpu,3103.54,3107.22
6,626,g_a_cpu,cpu,3107.22,3107.7
6,626,g_a,dpu,3107.71,3120.37
6,626,g_a,dpu,3120.37,3134.32
6,626,g_a_cpu,cpu,3134.33,3135.11
6,626,eb_enc,cpu,3135.11,3140.07
6,634,normalize,cpu,3140.77,3149.43
6,634,g_a_cpu,cpu,3149.44,3150.03
6,634,g_a,dpu,3150.03,3174.92
6,634,g_a,dpu,3174.92,3187.75
6,634,g_a_cpu,cpu,3187.75,3188.37
6,634,eb_enc,cpu,3188.37,3193.93
6,643,normalize,cpu,3194.49,3198.99
6,643,g_a_cpu,cpu,3199,3199.51
6,643,g_a,dpu,3199.51,3207.53
6,643,g_a,dpu,3207.53,3221.42
6,643,g_a_cpu,cpu,3221.42,3221.95
6,643,eb_enc,cpu,3221.96,3227.08
6,651,normalize,cpu,3227.62,3231.33
6,651,g_a_cpu,cpu,3231.34,3231.72
6,651,g_a,dpu,3231.73,3241.07
6,651,g_a,dpu,3241.07,3255.35
6,651,g_a_cpu,cpu,3255.35,3256.02
6,651,eb_enc,cpu,3256.02,3261.1
6,658,normalize,cpu,3261.66,3265.44
6,658,g_a_cpu,cpu,3265.44,3266
6,658,g_a,dpu,3266,3271.46
6,658,g_a,dpu,3271.46,3276.67
6,658,g_a_cpu,cpu,3276.67,3277.15
6,658,eb_enc,cpu,3277.15,3282.53
6,664,normalize,cpu,3283.33,3287
6,664,g_a_cpu,cpu,3287,3287.66
6,664,g_a,dpu,3287.66,3298.57
6,664,g_a,dpu,3298.57,3303.95
6,664,g_a_cpu,cpu,3303.95,3304.44
6,664,eb_enc,cpu,3304.44,3311.34
6,669,normalize,cpu,3312.1,3315.77
6,669,g_a_cpu,cpu,3315.77,3316.16
6,669,g_a,dpu,3316.17,3323.86
6,669,g_a,dpu,3323.86,3329.14
6,669,g_a_cpu,cpu,3329.14,3329.62
6,669,eb_enc,cpu,3329.62,3336.08
6,675,normalize,cpu,3336.73,3343.61
6,675,g_a_cpu,cpu,3343.61,3344.22
6,675,g_a,dpu,3344.22,3360.32
6,675,g_a,dpu,3360.32,3365.5
6,675,g_a_cpu,cpu,3365.51,3365.85
6,675,eb_enc,cpu,3365.86,3370.8
6,683,normalize,cpu,3371.86,3376.47
6,683,g_a_cpu,cpu,3376.48,3376.92
6,683,g_a,dpu,3376.92,3391.7
6,683,g_a,dpu,3391.73,3405.51
6,683,g_a_cpu,cpu,3405.51,3406.11
6,683,eb_enc,cpu,3406.11,3411.25
6,693,normalize,cpu,3411.91,3415.63
6,693,g_a_cpu,cpu,3415.63,3416.25
6,693,g_a,dpu,3416.25,3425.54
6,693,g_a,dpu,3425.54,3438.98
6,693,g_a_cpu,cpu,3438.99,3439.47
6,693,eb_enc,cpu,3439.47,3444.77
6,700,normalize,cpu,3445.58,3449.66
6,700,g_a_cpu,cpu,3449.67,3450.36
6,700,g_a,dpu,3450.37,3462.94
6,700,g_a,dpu,3462.95,3478.61
6,700,g_a_cpu,cpu,3478.61,3479.26
6,700,eb_enc,cpu,3479.26,3484.47
6,707,normalize,cpu,3485.15,3488.89
6,707,g_a_cpu,cpu,3488.9,3489.54
6,707,g_a,dpu,3489.55,3503.95
6,707,g_a,dpu,3503.96,3509.17
6,707,g_a_cpu,cpu,3509.17,3509.63
6,707,eb_enc,cpu,3509.63,3514.63
6,713,normalize,cpu,3515.42,3519.18
6,713,g_a_cpu,cpu,3519.19,3519.63
6,713,g_a,dpu,3519.64,3541.26
6,713,g_a,dpu,3541.26,3550.64
6,713,g_a_cpu,cpu,3550.64,3551.14
6,713,eb_enc,cpu,3551.14,3556.06
6,724,normalize,cpu,3556.62,3560.38
6,724,g_a_cpu,cpu,3560.39,3560.87
6,724,g_a,dpu,3560.87,3566.52
6,724,g_a,dpu,3566.52,3580.74
6,724,g_a_cpu,cpu,3580.75,3581.11
6,724,eb_enc,cpu,3581.11,3586.04
6,728,normalize,cpu,3586.75,3590.48
6,728,g_a_cpu,cpu,3590.48,3590.88
6,728,g_a,dpu,3590.88,3610.19
6,728,g_a,dpu,3610.19,3624.71
6,728,g_a_cpu,cpu,3624.71,3625.16
6,728,eb_enc,cpu,3625.16,3630.15
6,738,normalize,cpu,3630.73,3634.47
6,738,g_a_cpu,cpu,3634.48,3634.86
6,738,g_a,dpu,3634.87,3642.84
6,738,g_a,dpu,3642.84,3659.89
6,738,g_a_cpu,cpu,3659.89,3660.54
6,738,eb_enc,cpu,3660.55,3665.75
6,745,normalize,cpu,3666.48,3670.19
6,745,g_a_cpu,cpu,3670.19,3670.76
6,745,g_a,dpu,3670.76,3684.33
6,745,g_a,dpu,3684.33,3693.56
6,745,g_a_cpu,cpu,3693.57,3694.15
6,745,eb_enc,cpu,3694.15,3699.41
6,752,normalize,cpu,3699.99,3703.73
6,752,g_a_cpu,cpu,3703.73,3704.12
6,752,g_a,dpu,3704.13,3720.54
6,752,g_a,dpu,3720.54,3737.34
6,752,g_a_cpu,cpu,3737.34,3737.96
6,752,eb_enc,cpu,3737.97,3743.3
6,760,normalize,cpu,3744.03,3747.7
6,760,g_a_cpu,cpu,3747.71,3748.37
6,760,g_a,dpu,3748.38,3767.26
6,760,g_a,dpu,3767.26,3772.58
6,760,g_a_cpu,cpu,3772.58,3773.02
6,760,eb_enc,cpu,3773.03,3777.85
6,768,normalize,cpu,3778.61,3782.28
6,768,g_a_cpu,cpu,3782.29,3782.95
6,768,g_a,dpu,3782.96,3797.36
6,768,g_a,dpu,3797.36,3802.46
6,768,g_a_cpu,cpu,3802.46,3803.18
6,768,eb_enc,cpu,3803.19,3808.41
6,772,normalize,cpu,3809.05,3812.81
6,772,g_a_cpu,cpu,3812.82,3813.3
6,772,g_a,dpu,3813.31,3823.89
6,772,g_a,dpu,3823.89,3839.28
6,772,g_a_cpu,cpu,3839.28,3839.78
6,772,eb_enc,cpu,3839.78,3845.79
6,781,normalize,cpu,3846.78,3851.68
6,781,g_a_cpu,cpu,3851.69,3852.21
6,781,g_a,dpu,3852.22,3866.68
6,781,g_a,dpu,3866.68,3871.87
6,781,g_a_cpu,cpu,3871.87,3872.28
6,781,eb_enc,cpu,3872.28,3877.4
6,789,normalize,cpu,3878.05,3881.85
6,789,g_a_cpu,cpu,3881.85,3882.36
6,789,g_a,dpu,3882.37,3895.34
6,789,g_a,dpu,3895.34,3904.81
6,789,g_a_cpu,cpu,3904.81,3905.36
6,789,eb_enc,cpu,3905.37,3910.53
6,796,normalize,cpu,3911.11,3914.81
6,796,g_a_cpu,cpu,3914.81,3916.4
6,796,g_a,dpu,3916.41,3924.86
6,796,g_a,dpu,3924.86,3945.44
6,796,g_a_cpu,cpu,3945.44,3945.99
6,796,eb_enc,cpu,3945.99,3951.21
6,805,normalize,cpu,3952.1,3955.75
6,805,g_a_cpu,cpu,3955.76,3956.15
6,805,g_a,dpu,3956.15,3965.99
6,805,g_a,dpu,3965.99,3975.34
6,805,g_a_cpu,cpu,3975.35,3975.86
6,805,eb_enc,cpu,3975.86,3980.83
6,812,normalize,cpu,3981.44,3985.14
6,812,g_a_cpu,cpu,3985.15,3985.46
6,812,g_a,dpu,3985.46,3998.77
6,812,g_a,dpu,3998.78,4015.1
6,812,g_a_cpu,cpu,4015.11,4015.57
6,812,eb_enc,cpu,4015.58,4020.68
6,820,normalize,cpu,4021.42,4025.09
6,820,g_a_cpu,cpu,4025.1,4025.88
6,820,g_a,dpu,4025.89,4035.12
6,820,g_a,dpu,4035.12,4051.12
6,820,g_a_cpu,cpu,4051.12,4051.52
6,820,eb_enc,cpu,4051.53,4056.34
6,828,normalize,cpu,4056.75,4060.5
6,828,g_a_cpu,cpu,4060.5,4061.26
6,828,g_a,dpu,4061.26,4074.32
6,828,g_a,dpu,4074.33,4088.68
6,828,g_a_cpu,cpu,4088.68,4089.04
6,828,eb_enc,cpu,4089.04,4094.29
6,835,normalize,cpu,4095.02,4098.73
6,835,g_a_cpu,cpu,4098.74,4099.2
6,835,g_a,dpu,4099.21,4110.03
6,835,g_a,dpu,4110.03,4119.41
6,835,g_a_cpu,cpu,4119.41,4119.87
6,835,eb_enc,cpu,4119.87,4125.02
6,842,normalize,cpu,4125.63,4129.33
6,842,g_a_cpu,cpu,4129.33,4129.66
6,842,g_a,dpu,4129.67,4134.98
6,842,g_a,dpu,4134.98,4148.72
6,842,g_a_cpu,cpu,4148.72,4149.21
6,842,eb_enc,cpu,4149.21,4154.27
6,849,normalize,cpu,4155.06,4158.7
6,849,g_a_cpu,cpu,4158.71,4159.12
6,849,g_a,dpu,4159.12,4168.99
6,849,g_a,dpu,4169,4178.12
6,849,g_a_cpu,cpu,4178.12,4178.76
6,849,eb_enc,cpu,4178.76,4183.75
6,855,normalize,cpu,4184.28,4187.97
6,855,g_a_cpu,cpu,4187.98,4188.59
6,855,g_a,dpu,4188.6,4197.52
6,855,g_a,dpu,4197.52,4202.66
6,855,g_a_cpu,cpu,4202.66,4203.06
6,855,eb_enc,cpu,4203.07,4208
6,861,normalize,cpu,4208.91,4212.56
6,861,g_a_cpu,cpu,4212.56,4213.16
6,861,g_a,dpu,4213.16,4229.71
6,861,g_a,dpu,4229.71,4234.84
6,861,g_a_cpu,cpu,4234.84,4235.22
6,861,eb_enc,cpu,4235.22,4240.33
6,868,normalize,cpu,4240.94,4244.66
6,868,g_a_cpu,cpu,4244.66,4245.14
6,868,g_a,dpu,4245.15,4256.27
6,868,g_a,dpu,4256.27,4272.54
6,868,g_a_cpu,cpu,4272.54,4272.99
6,868,eb_enc,cpu,4272.99,4280.34
6,875,normalize,cpu,4280.86,4288.82
6,875,g_a_cpu,cpu,4288.83,4289.3
6,875,g_a,dpu,4289.3,4308.22
6,875,g_a,dpu,4308.22,4319.64
6,875,g_a_cpu,cpu,4319.64,4320.15
6,875,eb_enc,cpu,4320.15,4325.13
6,885,normalize,cpu,4325.71,4329.42
6,885,g_a_cpu,cpu,4329.43,4329.75
6,885,g_a,dpu,4329.76,4347.77
6,885,g_a,dpu,4347.77,4352.73
6,885,g_a_cpu,cpu,4352.73,4353.09
6,885,eb_enc,cpu,4353.09,4357.99
6,892,normalize,cpu,4358.7,4362.35
6,892,g_a_cpu,cpu,4362.35,4362.92
6,892,g_a,dpu,4362.93,4374.2
6,892,g_a,dpu,4374.2,4390.03
6,892,g_a_cpu,cpu,4390.03,4390.63
6,892,eb_enc,cpu,4390.64,4400.8
6,903,normalize,cpu,4401.29,4410.88
6,903,g_a_cpu,cpu,4410.89,4411.44
6,903,g_a,dpu,4411.44,4421
6,903,g_a,dpu,4421,4426.29
6,903,g_a_cpu,cpu,4426.29,4426.84
6,903,eb_enc,cpu,4426.84,4431.86
6,909,normalize,cpu,4432.35,4436.1
6,909,g_a_cpu,cpu,4436.11,4436.52
6,909,g_a,dpu,4436.53,4448.54
6,909,g_a,dpu,4448.54,4467.15
6,909,g_a_cpu,cpu,4467.15,4467.59
6,909,eb_enc,cpu,4467.59,4472.61
6,918,normalize,cpu,4473.21,4476.87
6,918,g_a_cpu,cpu,4476.88,4477.33
6,918,g_a,dpu,4477.34,4494.47
6,918,g_a,dpu,4494.47,4499.69
6,918,g_a_cpu,cpu,4499.69,4500.07
6,918,eb_enc,cpu,4500.07,4505.1
6,925,normalize,cpu,4505.67,4509.34
6,925,g_a_cpu,cpu,4509.35,4509.83
6,925,g_a,dpu,4509.83,4522.36
6,925,g_a,dpu,4522.36,4531.98
6,925,g_a_cpu,cpu,4531.98,4532.34
6,925,eb_enc,cpu,4532.35,4537.38
