lane,patch,stage,kind,t0_ms,t1_ms
-1,0,read,read,0.2489,65.7923
-1,1,read,read,65.9338,164.142
-1,2,read,read,164.166,249.956
-1,3,read,read,332.684,414.139
-1,4,read,read,605.421,695.312
-1,5,read,read,890.915,1041.36
-1,6,read,read,1160.29,1302.94
-1,7,read,read,1431.86,1526.21
-1,8,read,read,1702.4,1807.24
-1,9,read,read,1974.7,2044.99
-1,10,read,read,2242.07,2319.2
-1,11,read,read,2511.36,2554.69
-1,12,read,read,2788.21,2886.97
-1,13,read,read,3060.66,3119.03
-1,14,read,read,3328.71,3387.53
-1,15,read,read,3589.28,3675.78
0,0,normalize,cpu,66.3791,70.1514
0,0,g_a_cpu,cpu,81.5498,82.3645
0,0,g_a,dpu,82.3805,96.0895
0,0,g_a,dpu,96.0947,113.911
0,0,g_a_cpu,cpu,113.914,114.297
0,0,eb_enc,cpu,114.305,121.292
0,14,normalize,cpu,122.322,132.198
0,14,g_a_cpu,cpu,132.205,132.865
0,14,g_a,dpu,132.869,142.783
0,14,g_a,dpu,142.795,156.624
0,14,g_a_cpu,cpu,156.626,157.074
0,14,eb_enc,cpu,157.077,167.007
0,23,normalize,cpu,167.761,185.325
0,23,g_a_cpu,cpu,185.33,186.043
0,23,g_a,dpu,186.046,194.681
0,23,g_a,dpu,194.682,199.996
0,23,g_a_cpu,cpu,199.998,200.664
0,23,eb_enc,cpu,200.683,214.183
0,32,normalize,cpu,215.322,219.678
0,32,g_a_cpu,cpu,219.687,220.347
0,32,g_a,dpu,220.351,250.911
0,32,g_a,dpu,250.913,256.091
0,32,g_a_cpu,cpu,256.094,256.699
0,32,eb_enc,cpu,256.701,261.885
0,41,normalize,cpu,262.567,266.347
0,41,g_a_cpu,cpu,266.351,267.11
0,41,g_a,dpu,267.113,292.321
0,41,g_a,dpu,292.323,305.467
0,41,g_a_cpu,cpu,305.469,306.002
0,41,eb_enc,cpu,306.004,311.111
0,53,normalize,cpu,312.037,315.716
0,53,g_a_cpu,cpu,315.718,316.372
0,53,g_a,dpu,316.377,327.764
0,53,g_a,dpu,327.785,347.271
0,53,g_a_cpu,cpu,347.273,347.668
0,53,eb_enc,cpu,347.671,360.352
0,61,normalize,cpu,361.174,365.704
0,61,g_a_cpu,cpu,365.71,366.218
0,61,g_a,dpu,366.222,384.784
0,61,g_a,dpu,384.785,390.286
0,61,g_a_cpu,cpu,390.289,390.666
0,61,eb_enc,cpu,390.668,395.605
0,68,normalize,cpu,396.353,400.137
0,68,g_a_cpu,cpu,400.146,400.71
0,68,g_a,dpu,400.714,411.666
0,68,g_a,dpu,411.668,417.032
0,68,g_a_cpu,cpu,417.034,417.46
0,68,eb_enc,cpu,417.463,422.588
0,73,normalize,cpu,423.079,438.25
0,73,g_a_cpu,cpu,438.253,438.677
0,73,g_a,dpu,438.681,455.346
0,73,g_a,dpu,455.348,470.615
0,73,g_a_cpu,cpu,470.616,471.037
0,73,eb_enc,cpu,471.04,476.099
0,85,normalize,cpu,476.883,480.608
0,85,g_a_cpu,cpu,480.612,482.104
0,85,g_a,dpu,482.109,491.208
0,85,g_a,dpu,491.209,496.471
0,85,g_a_cpu,cpu,496.473,497.046
0,85,eb_enc,cpu,497.049,502.568
0,91,normalize,cpu,503.146,506.987
0,91,g_a_cpu,cpu,506.995,507.976
0,91,g_a,dpu,507.988,519.022
0,91,g_a,dpu,519.025,524.239
0,91,g_a_cpu,cpu,524.241,524.809
0,91,eb_enc,cpu,524.837,530.261
0,97,normalize,cpu,531.101,534.868
0,97,g_a_cpu,cpu,534.872,535.234
0,97,g_a,dpu,535.236,551.238
0,97,g_a,dpu,551.239,556.448
0,97,g_a_cpu,cpu,556.45,557.093
0,97,eb_enc,cpu,557.095,562.349
0,104,normalize,cpu,563.203,567.025
0,104,g_a_cpu,cpu,567.03,567.436
0,104,g_a,dpu,567.439,575.66
0,104,g_a,dpu,575.662,581.296
0,104,g_a_cpu,cpu,581.301,581.815
0,104,eb_enc,cpu,581.817,590.759
0,111,normalize,cpu,591.599,596.024
0,111,g_a_cpu,cpu,596.026,596.569
0,111,g_a,dpu,596.572,613.914
0,111,g_a,dpu,613.916,624.529
0,111,g_a_cpu,cpu,624.531,625.148
0,111,eb_enc,cpu,625.151,634.069
0,120,normalize,cpu,634.958,638.756
0,120,g_a_cpu,cpu,638.767,639.55
0,120,g_a,dpu,639.554,702.222
0,120,g_a,dpu,702.223,707.525
0,120,g_a_cpu,cpu,707.526,707.9
0,120,eb_enc,cpu,707.902,712.901
0,134,normalize,cpu,713.544,717.258
0,134,g_a_cpu,cpu,717.265,717.724
0,134,g_a,dpu,717.727,739.563
0,134,g_a,dpu,739.564,744.891
0,134,g_a_cpu,cpu,744.893,745.239
0,134,eb_enc,cpu,745.242,750.225
0,143,normalize,cpu,751.127,754.928
0,143,g_a_cpu,cpu,754.931,755.438
0,143,g_a,dpu,755.441,765.946
0,143,g_a,dpu,765.949,788.94
0,143,g_a_cpu,cpu,788.942,789.464
0,143,eb_enc,cpu,789.468,794.537
0,152,normalize,cpu,795.326,799.004
0,152,g_a_cpu,cpu,799.01,799.402
0,152,g_a,dpu,799.406,804.772
0,152,g_a,dpu,804.775,821.835
0,152,g_a_cpu,cpu,821.838,822.329
0,152,eb_enc,cpu,822.333,827.412
0,161,normalize,cpu,828.017,831.702
0,161,g_a_cpu,cpu,831.705,832.319
0,161,g_a,dpu,832.322,843.246
0,161,g_a,dpu,843.249,858.573
0,161,g_a_cpu,cpu,858.574,859.07
0,161,eb_enc,cpu,859.076,864.315
0,167,normalize,cpu,865.251,869.072
0,167,g_a_cpu,cpu,869.075,869.488
0,167,g_a,dpu,869.491,901.467
0,167,g_a,dpu,901.471,910.72
0,167,g_a_cpu,cpu,910.722,911.127
0,167,eb_enc,cpu,911.128,916.075
0,179,normalize,cpu,916.623,920.41
0,179,g_a_cpu,cpu,920.418,920.981
0,179,g_a,dpu,920.984,931.609
0,179,g_a,dpu,931.612,941.198
0,179,g_a_cpu,cpu,941.2,941.672
0,179,eb_enc,cpu,941.677,952.391
0,185,normalize,cpu,953.245,956.872
0,185,g_a_cpu,cpu,956.877,957.267
0,185,g_a,dpu,957.271,962.617
0,185,g_a,dpu,962.627,968.319
0,185,g_a_cpu,cpu,968.323,969.27
0,185,eb_enc,cpu,969.274,974.689
0,191,normalize,cpu,975.726,979.665
0,191,g_a_cpu,cpu,979.675,980.301
0,191,g_a,dpu,980.307,1021.63
0,191,g_a,dpu,1021.64,1050.74
0,191,g_a_cpu,cpu,1050.74,1051.24
0,191,eb_enc,cpu,1051.25,1056.46
0,207,normalize,cpu,1056.96,1060.65
0,207,g_a_cpu,cpu,1060.66,1061.05
0,207,g_a,dpu,1061.05,1075.64
0,207,g_a,dpu,1075.65,1094.01
0,207,g_a_cpu,cpu,1094.01,1094.43
0,207,eb_enc,cpu,1094.43,1099.54
0,217,normalize,cpu,1100.11,1103.94
0,217,g_a_cpu,cpu,1103.95,1104.66
0,217,g_a,dpu,1104.66,1110
0,217,g_a,dpu,1110,1115.28
0,217,g_a_cpu,cpu,1115.29,1115.78
0,217,eb_enc,cpu,1115.78,1120.88
0,222,normalize,cpu,1121.6,1125.33
0,222,g_a_cpu,cpu,1125.34,1126.09
0,222,g_a,dpu,1126.09,1149.01
0,222,g_a,dpu,1149.01,1154.4
0,222,g_a_cpu,cpu,1154.4,1155.04
0,222,eb_enc,cpu,1155.04,1160.22
0,231,normalize,cpu,1160.94,1164.71
0,231,g_a_cpu,cpu,1164.72,1165.25
0,231,g_a,dpu,1165.25,1184.51
0,231,g_a,dpu,1184.51,1198.93
0,231,g_a_cpu,cpu,1198.94,1199.58
0,231,eb_enc,cpu,1199.58,1204.99
0,239,normalize,cpu,1205.64,1209.34
0,239,g_a_cpu,cpu,1209.34,1209.78
0,239,g_a,dpu,1209.78,1218.13
0,239,g_a,dpu,1218.13,1232
0,239,g_a_cpu,cpu,1232,1232.78
0,239,eb_enc,cpu,1232.79,1238
0,247,normalize,cpu,1238.74,1242.43
0,247,g_a_cpu,cpu,1242.44,1243.03
0,247,g_a,dpu,1243.03,1248.52
0,247,g_a,dpu,1248.53,1255.45
0,247,g_a_cpu,cpu,1255.45,1256.07
0,247,eb_enc,cpu,1256.08,1261.69
0,251,normalize,cpu,1262.28,1278.87
0,251,g_a_cpu,cpu,1278.88,1279.5
0,251,g_a,dpu,1279.5,1302.97
0,251,g_a,dpu,1302.98,1308.13
0,251,g_a_cpu,cpu,1308.13,1308.49
0,251,eb_enc,cpu,1308.49,1313.5
0,262,normalize,cpu,1314.15,1317.84
0,262,g_a_cpu,cpu,1317.84,1318.26
0,262,g_a,dpu,1318.26,1329.54
0,262,g_a,dpu,1329.54,1342.13
0,262,g_a_cpu,cpu,1342.13,1342.54
0,262,eb_enc,cpu,1342.54,1347.59
0,270,normalize,cpu,1348.19,1351.89
0,270,g_a_cpu,cpu,1351.89,1352.29
0,270,g_a,dpu,1352.29,1365.23
0,270,g_a,dpu,1365.23,1377.93
0,270,g_a_cpu,cpu,1377.93,1378.3
0,270,eb_enc,cpu,1378.3,1383.27
0,279,normalize,cpu,1384.4,1388.1
0,279,g_a_cpu,cpu,1388.1,1388.54
0,279,g_a,dpu,1388.55,1399.99
0,279,g_a,dpu,1399.99,1409.58
0,279,g_a_cpu,cpu,1409.58,1410.12
0,279,eb_enc,cpu,1410.12,1426.11
0,288,normalize,cpu,1427.05,1430.77
0,288,g_a_cpu,cpu,1430.77,1431.21
0,288,g_a,dpu,1431.22,1436.56
0,288,g_a,dpu,1436.56,1456.66
0,288,g_a_cpu,cpu,1456.66,1457.06
0,288,eb_enc,cpu,1457.06,1462.07
0,295,normalize,cpu,1462.53,1466.31
0,295,g_a_cpu,cpu,1466.31,1466.67
0,295,g_a,dpu,1466.67,1471.89
0,295,g_a,dpu,1471.89,1477.28
0,295,g_a_cpu,cpu,1477.28,1477.72
0,295,eb_enc,cpu,1477.72,1482.67
0,298,normalize,cpu,1483.25,1487.12
0,298,g_a_cpu,cpu,1487.13,1487.67
0,298,g_a,dpu,1487.67,1500.26
0,298,g_a,dpu,1500.26,1505.57
0,298,g_a_cpu,cpu,1505.57,1506.19
0,298,eb_enc,cpu,1506.2,1511.78
0,303,normalize,cpu,1512.25,1515.97
0,303,g_a_cpu,cpu,1515.97,1516.32
0,303,g_a,dpu,1516.33,1523.57
0,303,g_a,dpu,1523.57,1531.62
0,303,g_a_cpu,cpu,1531.63,1532.27
0,303,eb_enc,cpu,1532.27,1538.24
0,308,normalize,cpu,1538.77,1542.52
0,308,g_a_cpu,cpu,1542.52,1543.27
0,308,g_a,dpu,1543.28,1551.63
0,308,g_a,dpu,1551.64,1565.3
0,308,g_a_cpu,cpu,1565.31,1565.72
0,308,eb_enc,cpu,1565.73,1570.59
0,317,normalize,cpu,1571.26,1574.98
0,317,g_a_cpu,cpu,1574.98,1575.37
0,317,g_a,dpu,1575.38,1580.63
0,317,g_a,dpu,1580.63,1586.18
0,317,g_a_cpu,cpu,1586.18,1586.65
0,317,eb_enc,cpu,1586.66,1592.66
0,320,normalize,cpu,1593.7,1597.47
0,320,g_a_cpu,cpu,1597.48,1597.84
0,320,g_a,dpu,1597.84,1622.21
0,320,g_a,dpu,1622.21,1632.45
0,320,g_a_cpu,cpu,1632.45,1632.93
0,320,eb_enc,cpu,1632.93,1638.22
0,332,normalize,cpu,1639.35,1643.05
0,332,g_a_cpu,cpu,1643.05,1643.64
0,332,g_a,dpu,1643.65,1655.12
0,332,g_a,dpu,1655.12,1660.63
0,332,g_a_cpu,cpu,1660.63,1661.2
0,332,eb_enc,cpu,1661.2,1668.01
0,340,normalize,cpu,1668.58,1672.45
0,340,g_a_cpu,cpu,1672.45,1673.08
0,340,g_a,dpu,1673.09,1678.39
0,340,g_a,dpu,1678.39,1683.48
0,340,g_a_cpu,cpu,1683.48,1683.95
0,340,eb_enc,cpu,1683.95,1689.46
0,344,normalize,cpu,1690.21,1694
0,344,g_a_cpu,cpu,1694.01,1694.35
0,344,g_a,dpu,1694.35,1699.57
0,344,g_a,dpu,1699.57,1725.63
0,344,g_a_cpu,cpu,1725.63,1726.2
0,344,eb_enc,cpu,1726.22,1732.31
0,352,normalize,cpu,1732.96,1736.79
0,352,g_a_cpu,cpu,1736.8,1737.09
0,352,g_a,dpu,1737.1,1746.02
0,352,g_a,dpu,1746.02,1761.45
0,352,g_a_cpu,cpu,1761.45,1762.12
0,352,eb_enc,cpu,1762.13,1769.44
0,359,normalize,cpu,1781.96,1785.66
0,359,g_a_cpu,cpu,1785.67,1786.14
0,359,g_a,dpu,1786.15,1791.71
0,359,g_a,dpu,1791.72,1797.41
0,359,g_a_cpu,cpu,1797.41,1797.88
0,359,eb_enc,cpu,1797.88,1803.15
0,365,normalize,cpu,1803.91,1819.44
0,365,g_a_cpu,cpu,1819.44,1819.85
0,365,g_a,dpu,1819.85,1831.71
0,365,g_a,dpu,1831.71,1845.57
0,365,g_a_cpu,cpu,1845.57,1846.01
0,365,eb_enc,cpu,1846.01,1851.09
0,375,normalize,cpu,1851.81,1861.49
0,375,g_a_cpu,cpu,1861.49,1861.94
0,375,g_a,dpu,1861.94,1874.08
0,375,g_a,dpu,1874.08,1879.58
0,375,g_a_cpu,cpu,1879.58,1880.22
0,375,eb_enc,cpu,1880.22,1885.52
0,384,normalize,cpu,1886.06,1889.8
0,384,g_a_cpu,cpu,1889.8,1890.37
0,384,g_a,dpu,1890.37,1899.17
0,384,g_a,dpu,1899.18,1904.19
0,384,g_a_cpu,cpu,1904.19,1904.55
0,384,eb_enc,cpu,1904.55,1909.77
0,389,normalize,cpu,1910.55,1914.5
0,389,g_a_cpu,cpu,1914.5,1914.86
0,389,g_a,dpu,1914.86,1920.15
0,389,g_a,dpu,1920.15,1929.35
0,389,g_a_cpu,cpu,1929.35,1929.68
0,389,eb_enc,cpu,1929.68,1934.94
0,394,normalize,cpu,1935.79,1939.61
0,394,g_a_cpu,cpu,1939.61,1940.01
0,394,g_a,dpu,1940.01,1958.74
0,394,g_a,dpu,1958.74,1968.68
0,394,g_a_cpu,cpu,1968.69,1969.47
0,394,eb_enc,cpu,1969.47,1974.64
0,405,normalize,cpu,1975.54,1979.2
0,405,g_a_cpu,cpu,1979.2,1979.68
0,405,g_a,dpu,1979.69,1985.37
0,405,g_a,dpu,1985.37,2004.32
0,405,g_a_cpu,cpu,2004.33,2004.96
0,405,eb_enc,cpu,2004.96,2010.88
0,411,normalize,cpu,2011.68,2015.44
0,411,g_a_cpu,cpu,2015.45,2015.99
0,411,g_a,dpu,2016,2049.28
0,411,g_a,dpu,2049.28,2066.84
0,411,g_a_cpu,cpu,2066.84,2067.19
0,411,eb_enc,cpu,2067.2,2074.4
0,425,normalize,cpu,2075.32,2084.36
0,425,g_a_cpu,cpu,2084.37,2084.8
0,425,g_a,dpu,2084.81,2090.29
0,425,g_a,dpu,2090.29,2100.05
0,425,g_a_cpu,cpu,2100.05,2100.45
0,425,eb_enc,cpu,2100.46,2108.59
0,433,normalize,cpu,2109.09,2118.09
0,433,g_a_cpu,cpu,2118.1,2118.61
0,433,g_a,dpu,2118.61,2130.09
0,433,g_a,dpu,2130.09,2139.27
0,433,g_a_cpu,cpu,2139.27,2139.78
0,433,eb_enc,cpu,2139.78,2145
0,440,normalize,cpu,2145.74,2149.58
0,440,g_a_cpu,cpu,2149.59,2150.34
0,440,g_a,dpu,2150.35,2157.51
0,440,g_a,dpu,2157.52,2165.49
0,440,g_a_cpu,cpu,2165.49,2165.97
0,440,eb_enc,cpu,2165.97,2171.09
0,447,normalize,cpu,2172.14,2175.86
0,447,g_a_cpu,cpu,2175.86,2176.27
0,447,g_a,dpu,2176.27,2214.17
0,447,g_a,dpu,2214.17,2220.41
0,447,g_a_cpu,cpu,2220.41,2220.82
0,447,eb_enc,cpu,2220.82,2225.84
0,459,normalize,cpu,2226.57,2230.24
0,459,g_a_cpu,cpu,2230.25,2230.71
0,459,g_a,dpu,2230.71,2236.08
0,459,g_a,dpu,2236.09,2266.06
0,459,g_a_cpu,cpu,2266.06,2266.43
0,459,eb_enc,cpu,2266.43,2271.59
0,469,normalize,cpu,2272.43,2277.39
0,469,g_a_cpu,cpu,2277.39,2277.98
0,469,g_a,dpu,2277.99,2286.14
0,469,g_a,dpu,2286.15,2291.78
0,469,g_a_cpu,cpu,2291.78,2292.81
0,469,eb_enc,cpu,2292.82,2299.57
0,473,normalize,cpu,2300.18,2326.66
0,473,g_a_cpu,cpu,2326.66,2327.17
0,473,g_a,dpu,2327.17,2338.05
0,473,g_a,dpu,2338.05,2343.51
0,473,g_a_cpu,cpu,2343.51,2343.92
0,473,eb_enc,cpu,2343.93,2357.1
0,486,normalize,cpu,2357.85,2365.6
0,486,g_a_cpu,cpu,2365.61,2366.05
0,486,g_a,dpu,2366.05,2371.69
0,486,g_a,dpu,2371.69,2376.9
0,486,g_a_cpu,cpu,2376.91,2377.47
0,486,eb_enc,cpu,2377.47,2383.46
0,493,normalize,cpu,2384.1,2388.48
0,493,g_a_cpu,cpu,2388.48,2388.87
0,493,g_a,dpu,2388.87,2417.89
0,493,g_a,dpu,2417.89,2423.13
0,493,g_a_cpu,cpu,2423.13,2423.52
0,493,eb_enc,cpu,2423.52,2428.93
0,502,normalize,cpu,2430.02,2433.74
0,502,g_a_cpu,cpu,2433.74,2434.12
0,502,g_a,dpu,2434.12,2445.84
0,502,g_a,dpu,2445.84,2451
0,502,g_a_cpu,cpu,2451,2451.42
0,502,eb_enc,cpu,2451.42,2456.32
0,509,normalize,cpu,2456.8,2460.45
0,509,g_a_cpu,cpu,2460.46,2460.77
0,509,g_a,dpu,2460.77,2485.74
0,509,g_a,dpu,2485.75,2490.99
0,509,g_a_cpu,cpu,2490.99,2491.41
0,509,eb_enc,cpu,2491.42,2496.47
0,518,normalize,cpu,2497.06,2500.89
0,518,g_a_cpu,cpu,2500.89,2501.36
0,518,g_a,dpu,2501.37,2533.45
0,518,g_a,dpu,2533.45,2539.35
0,518,g_a_cpu,cpu,2539.35,2539.99
0,518,eb_enc,cpu,2539.99,2545.48
0,527,normalize,cpu,2546.46,2550.28
0,527,g_a_cpu,cpu,2550.28,2550.91
0,527,g_a,dpu,2550.92,2584.29
0,527,g_a,dpu,2584.3,2604.18
0,527,g_a_cpu,cpu,2604.18,2604.5
0,527,eb_enc,cpu,2604.5,2609.34
0,539,normalize,cpu,2609.96,2613.63
0,539,g_a_cpu,cpu,2613.63,2614.07
0,539,g_a,dpu,2614.08,2641.25
0,539,g_a,dpu,2641.25,2646.44
0,539,g_a_cpu,cpu,2646.44,2646.94
0,539,eb_enc,cpu,2646.94,2651.96
0,548,normalize,cpu,2652.64,2656.3
0,548,g_a_cpu,cpu,2656.31,2656.68
0,548,g_a,dpu,2656.68,2665.06
0,548,g_a,dpu,2665.06,2686.72
0,548,g_a_cpu,cpu,2686.72,2687.44
0,548,eb_enc,cpu,2687.44,2692.64
0,558,normalize,cpu,2693.49,2697.31
0,558,g_a_cpu,cpu,2697.32,2697.79
0,558,g_a,dpu,2697.79,2704.13
0,558,g_a,dpu,2704.13,2726.84
0,558,g_a_cpu,cpu,2726.84,2727.31
0,558,eb_enc,cpu,2727.32,2733.31
0,568,normalize,cpu,2734.12,2743.64
0,568,g_a_cpu,cpu,2743.64,2744.07
0,568,g_a,dpu,2744.07,2756.31
0,568,g_a,dpu,2756.31,2761.53
0,568,g_a_cpu,cpu,2761.53,2762.06
0,568,eb_enc,cpu,2762.07,2767.64
0,575,normalize,cpu,2768.23,2773.07
0,575,g_a_cpu,cpu,2773.08,2773.44
0,575,g_a,dpu,2773.44,2797.66
0,575,g_a,dpu,2797.67,2819.07
0,575,g_a_cpu,cpu,2819.07,2819.83
0,575,eb_enc,cpu,2819.84,2825.21
0,586,normalize,cpu,2825.87,2829.7
0,586,g_a_cpu,cpu,2829.7,2830.07
0,586,g_a,dpu,2830.07,2835.29
0,586,g_a,dpu,2835.3,2848.34
0,586,g_a_cpu,cpu,2848.34,2849
0,586,eb_enc,cpu,2849,2855.3
0,591,normalize,cpu,2857.32,2860.96
0,591,g_a_cpu,cpu,2860.97,2861.45
0,591,g_a,dpu,2861.45,2902.03
0,591,g_a,dpu,2902.04,2907.42
0,591,g_a_cpu,cpu,2907.42,2907.78
0,591,eb_enc,cpu,2907.78,2912.62
0,604,normalize,cpu,2913.54,2917.23
0,604,g_a_cpu,cpu,2917.23,2917.67
0,604,g_a,dpu,2917.67,2933.46
0,604,g_a,dpu,2933.47,2943.17
0,604,g_a_cpu,cpu,2943.17,2943.77
0,604,eb_enc,cpu,2943.78,2948.91
0,610,normalize,cpu,2949.75,2953.58
0,610,g_a_cpu,cpu,2953.58,2953.94
0,610,g_a,dpu,2953.95,2973.07
0,610,g_a,dpu,2973.07,2982.45
0,610,g_a_cpu,cpu,2982.45,2983.09
0,610,eb_enc,cpu,2983.09,2989.68
0,621,normalize,cpu,2990.51,2994.34
0,621,g_a_cpu,cpu,2994.34,2994.95
0,621,g_a,dpu,2994.96,3001.34
0,621,g_a,dpu,3001.34,3006.63
0,621,g_a_cpu,cpu,3006.63,3007.25
0,621,eb_enc,cpu,3007.25,3012.37
0,625,normalize,cpu,3012.93,3016.7
0,625,g_a_cpu,cpu,3016.7,3017.01
0,625,g_a,dpu,3017.02,3027.61
0,625,g_a,dpu,3027.61,3043.33
0,625,g_a_cpu,cpu,3043.33,3049.22
0,625,eb_enc,cpu,3049.22,3054.25
0,635,normalize,cpu,3054.9,3058.59
0,635,g_a_cpu,cpu,3058.59,3058.97
0,635,g_a,dpu,3058.97,3064.27
0,635,g_a,dpu,3064.27,3091.03
0,635,g_a_cpu,cpu,3091.03,3091.64
0,635,eb_enc,cpu,3091.64,3096.8
0,644,normalize,cpu,3097.49,3101.29
0,644,g_a_cpu,cpu,3101.29,3101.98
0,644,g_a,dpu,3101.99,3137.4
0,644,g_a,dpu,3137.4,3142.78
0,644,g_a_cpu,cpu,3142.78,3143.27
0,644,eb_enc,cpu,3143.28,3148.28
0,653,normalize,cpu,3149.03,3152.74
0,653,g_a_cpu,cpu,3152.74,3153.17
0,653,g_a,dpu,3153.17,3180.81
0,653,g_a,dpu,3180.81,3186.38
0,653,g_a_cpu,cpu,3186.38,3186.87
0,653,eb_enc,cpu,3186.87,3191.92
0,664,normalize,cpu,3192.59,3196.3
0,664,g_a_cpu,cpu,3196.3,3197.01
0,664,g_a,dpu,3197.02,3223.47
0,664,g_a,dpu,3223.47,3237.57
0,664,g_a_cpu,cpu,3237.57,3238.09
0,664,eb_enc,cpu,3238.1,3243.24
0,675,normalize,cpu,3243.75,3249.66
0,675,g_a_cpu,cpu,3249.66,3250.1
0,675,g_a,dpu,3250.1,3262.35
0,675,g_a,dpu,3262.35,3271.7
0,675,g_a_cpu,cpu,3271.7,3272.19
0,675,eb_enc,cpu,3272.2,3277.5
0,682,normalize,cpu,3278.09,3281.9
0,682,g_a_cpu,cpu,3281.9,3282.59
0,682,g_a,dpu,3282.59,3301.9
0,682,g_a,dpu,3301.91,3307.35
0,682,g_a_cpu,cpu,3307.35,3307.86
0,682,eb_enc,cpu,3307.86,3312.82
0,693,normalize,cpu,3315.1,3320.28
0,693,g_a_cpu,cpu,3320.29,3320.78
0,693,g_a,dpu,3320.78,3335.35
0,693,g_a,dpu,3335.35,3340.98
0,693,g_a_cpu,cpu,3340.98,3341.69
0,693,eb_enc,cpu,3341.7,3357.54
0,701,normalize,cpu,3358.4,3367.62
0,701,g_a_cpu,cpu,3367.62,3368.03
0,701,g_a,dpu,3368.03,3373.91
0,701,g_a,dpu,3373.91,3379.32
0,701,g_a_cpu,cpu,3379.32,3379.91
0,701,eb_enc,cpu,3379.92,3397.77
0,708,normalize,cpu,3398.72,3413.35
0,708,g_a_cpu,cpu,3413.35,3413.69
0,708,g_a,dpu,3413.7,3428.49
0,708,g_a,dpu,3428.49,3438.7
0,708,g_a_cpu,cpu,3438.7,3439.22
0,708,eb_enc,cpu,3439.22,3444.23
0,719,normalize,cpu,3444.78,3448.47
0,719,g_a_cpu,cpu,3448.47,3448.85
0,719,g_a,dpu,3448.85,3456.31
0,719,g_a,dpu,3456.33,3461.42
0,719,g_a_cpu,cpu,3461.42,3461.94
0,719,eb_enc,cpu,3461.94,3467.29
0,723,normalize,cpu,3467.78,3475.12
0,723,g_a_cpu,cpu,3475.13,3475.6
0,723,g_a,dpu,3475.61,3489.18
0,723,g_a,dpu,3489.18,3498.46
0,723,g_a_cpu,cpu,3498.47,3498.91
0,723,eb_enc,cpu,3498.91,3504.15
0,732,normalize,cpu,3504.7,3508.53
0,732,g_a_cpu,cpu,3508.53,3509
0,732,g_a,dpu,3509,3514.25
0,732,g_a,dpu,3514.25,3519.58
0,732,g_a_cpu,cpu,3519.58,3520.09
0,732,eb_enc,cpu,3520.1,3525.58
0,737,normalize,cpu,3526.21,3539.58
0,737,g_a_cpu,cpu,3539.59,3540.01
0,737,g_a,dpu,3540.02,3545.46
0,737,g_a,dpu,3545.46,3550.68
0,737,g_a_cpu,cpu,3550.68,3551.24
0,737,eb_enc,cpu,3551.24,3559.28
0,745,normalize,cpu,3560.4,3564.32
0,745,g_a_cpu,cpu,3564.32,3565.14
0,745,g_a,dpu,3565.15,3574.93
0,745,g_a,dpu,3574.93,3584.54
0,745,g_a_cpu,cpu,3584.55,3584.92
0,745,eb_enc,cpu,3584.92,3595.36
0,754,normalize,cpu,3596.12,3602.8
0,754,g_a_cpu,cpu,3602.81,3603.49
0,754,g_a,dpu,3603.49,3622.5
0,754,g_a,dpu,3622.51,3628.23
0,754,g_a_cpu,cpu,3628.23,3628.73
0,754,eb_enc,cpu,3628.74,3633.99
0,762,normalize,cpu,3634.74,3639.37
0,762,g_a_cpu,cpu,3639.38,3640.18
0,762,g_a,dpu,3640.18,3658.68
0,762,g_a,dpu,3658.68,3663.89
0,762,g_a_cpu,cpu,3663.9,3664.37
0,762,eb_enc,cpu,3664.37,3669.51
0,768,normalize,cpu,3670,3673.89
0,768,g_a_cpu,cpu,3673.89,3674.32
0,768,g_a,dpu,3674.32,3685.17
0,768,g_a,dpu,3685.17,3705.83
0,768,g_a_cpu,cpu,3705.83,3706.17
0,768,eb_enc,cpu,3706.18,3711.11
0,778,normalize,cpu,3711.6,3715.41
0,778,g_a_cpu,cpu,3715.41,3715.78
0,778,g_a,dpu,3715.79,3729.99
0,778,g_a,dpu,3729.99,3740.79
0,778,g_a_cpu,cpu,3740.79,3741.22
0,778,eb_enc,cpu,3741.22,3746.15
0,785,normalize,cpu,3747.18,3750.87
0,785,g_a_cpu,cpu,3750.87,3751.51
0,785,g_a,dpu,3751.52,3766.65
0,785,g_a,dpu,3766.65,3772.02
0,785,g_a_cpu,cpu,3772.02,3772.47
0,785,eb_enc,cpu,3772.48,3777.63
0,792,normalize,cpu,3778.43,3782.23
0,792,g_a_cpu,cpu,3782.24,3782.67
0,792,g_a,dpu,3782.67,3787.78
0,792,g_a,dpu,3787.78,3801.22
0,792,g_a_cpu,cpu,3801.27,3801.8
0,792,eb_enc,cpu,3801.81,3807.75
0,797,normalize,cpu,3808.9,3812.63
0,797,g_a_cpu,cpu,3812.64,3812.98
0,797,g_a,dpu,3812.99,3829.53
0,797,g_a,dpu,3829.53,3868.43
0,797,g_a_cpu,cpu,3868.44,3868.95
0,797,eb_enc,cpu,3868.96,3881.97
0,814,normalize,cpu,3882.48,3886.21
0,814,g_a_cpu,cpu,3886.21,3886.62
0,814,g_a,dpu,3886.62,3893.1
0,814,g_a,dpu,3893.1,3909.59
0,814,g_a_cpu,cpu,3909.59,3910.05
0,814,eb_enc,cpu,3910.05,3915.01
0,822,normalize,cpu,3915.45,3919.97
0,822,g_a_cpu,cpu,3919.98,3920.3
0,822,g_a,dpu,3920.31,3937.5
0,822,g_a,dpu,3937.51,3944.2
0,822,g_a_cpu,cpu,3944.21,3944.83
0,822,eb_enc,cpu,3944.84,3950.03
0,829,normalize,cpu,3950.72,3955.4
0,829,g_a_cpu,cpu,3955.4,3955.87
0,829,g_a,dpu,3955.88,3973
0,829,g_a,dpu,3973,3978.26
0,829,g_a_cpu,cpu,3978.26,3978.82
0,829,eb_enc,cpu,3978.82,3983.86
0,837,normalize,cpu,3984.45,3988.19
0,837,g_a_cpu,cpu,3988.19,3988.61
0,837,g_a,dpu,3988.61,3994.43
0,837,g_a,dpu,3994.43,4000.06
0,837,g_a_cpu,cpu,4000.06,4000.53
0,837,eb_enc,cpu,4000.54,4006.03
0,843,normalize,cpu,4006.77,4011.28
0,843,g_a_cpu,cpu,4011.28,4011.74
0,843,g_a,dpu,4011.74,4034.55
0,843,g_a,dpu,4034.55,4041.36
0,843,g_a_cpu,cpu,4041.36,4041.95
0,843,eb_enc,cpu,4041.96,4047.07
0,850,normalize,cpu,4047.68,4051.47
0,850,g_a_cpu,cpu,4051.48,4051.93
0,850,g_a,dpu,4051.94,4066.05
0,850,g_a,dpu,4066.05,4071.33
0,850,g_a_cpu,cpu,4071.33,4071.83
0,850,eb_enc,cpu,4071.84,4087.87
0,861,normalize,cpu,4088.6,4092.27
0,861,g_a_cpu,cpu,4092.27,4092.86
0,861,g_a,dpu,4092.87,4098.12
0,861,g_a,dpu,4098.12,4103.31
0,861,g_a_cpu,cpu,4103.31,4103.7
0,861,eb_enc,cpu,4103.7,4112.2
0,866,normalize,cpu,4112.7,4116.59
0,866,g_a_cpu,cpu,4116.6,4117.1
0,866,g_a,dpu,4117.1,4141.08
0,866,g_a,dpu,4141.09,4161.79
0,866,g_a_cpu,cpu,4161.79,4162.32
0,866,eb_enc,cpu,4162.33,4167.34
0,878,normalize,cpu,4167.85,4171.61
0,878,g_a_cpu,cpu,4171.61,4172.08
0,878,g_a,dpu,4172.08,4190.61
0,878,g_a,dpu,4190.61,4195.95
0,878,g_a_cpu,cpu,4195.95,4196.39
0,878,eb_enc,cpu,4196.39,4201.23
0,886,normalize,cpu,4201.71,4205.55
0,886,g_a_cpu,cpu,4205.56,4205.9
0,886,g_a,dpu,4205.9,4230.33
0,886,g_a,dpu,4230.33,4235.67
0,886,g_a_cpu,cpu,4235.67,4236.33
0,886,eb_enc,cpu,4236.34,4247.5
0,896,normalize,cpu,4248.12,4254.61
0,896,g_a_cpu,cpu,4254.61,4254.99
0,896,g_a,dpu,4254.99,4260.39
0,896,g_a,dpu,4260.39,4265.8
0,896,g_a_cpu,cpu,4265.8,4266.29
0,896,eb_enc,cpu,4266.3,4271.63
0,900,normalize,cpu,4272.21,4279.63
0,900,g_a_cpu,cpu,4279.63,4279.93
0,900,g_a,dpu,4279.93,4291.38
0,900,g_a,dpu,4291.38,4296.56
0,900,g_a_cpu,cpu,4296.56,4297.04
0,900,eb_enc,cpu,4297.05,4302.39
0,908,normalize,cpu,4303.38,4307.4
0,908,g_a_cpu,cpu,4307.4,4308.73
0,908,g_a,dpu,4308.74,4324.54
0,908,g_a,dpu,4324.54,4338.83
0,908,g_a_cpu,cpu,4338.84,4339.37
0,908,eb_enc,cpu,4339.38,4344.49
0,916,normalize,cpu,4344.97,4348.68
0,916,g_a_cpu,cpu,4348.69,4349.25
0,916,g_a,dpu,4349.25,4355.34
0,916,g_a,dpu,4355.34,4365.89
0,916,g_a_cpu,cpu,4365.89,4366.32
0,916,eb_enc,cpu,4366.32,4373.57
0,924,normalize,cpu,4374.25,4378.78
0,924,g_a_cpu,cpu,4378.78,4379.21
0,924,g_a,dpu,4379.21,4384.42
0,924,g_a,dpu,4384.42,4406.13
0,924,g_a_cpu,cpu,4406.13,4406.54
0,924,eb_enc,cpu,4406.54,4414.75
1,7,normalize,cpu,80.6148,84.3136
1,7,g_a_cpu,cpu,84.4857,84.9897
1,7,g_a,dpu,84.9943,94.0308
1,7,g_a,dpu,94.0369,130.691
1,7,g_a_cpu,cpu,130.694,131.311
1,7,eb_enc,cpu,131.331,138.966
1,18,normalize,cpu,139.805,143.504
1,18,g_a_cpu,cpu,143.51,144.166
1,18,g_a,dpu,144.175,150.188
1,18,g_a,dpu,150.196,155.909
1,18,g_a_cpu,cpu,155.912,156.375
1,18,eb_enc,cpu,156.379,169.851
1,24,normalize,cpu,170.555,176.57
1,24,g_a_cpu,cpu,176.574,177.087
1,24,g_a,dpu,177.091,198.067
1,24,g_a,dpu,198.068,203.733
1,24,g_a_cpu,cpu,203.735,204.286
1,24,eb_enc,cpu,204.302,209.87
1,31,normalize,cpu,210.84,215.698
1,31,g_a_cpu,cpu,215.704,216.509
1,31,g_a,dpu,216.514,241.604
1,31,g_a,dpu,241.607,247.53
1,31,g_a_cpu,cpu,247.533,248.495
1,31,eb_enc,cpu,248.499,254.496
1,39,normalize,cpu,255.13,268.165
1,39,g_a_cpu,cpu,268.171,268.728
1,39,g_a,dpu,268.735,285.271
1,39,g_a,dpu,285.272,291.106
1,39,g_a_cpu,cpu,291.109,291.692
1,39,eb_enc,cpu,291.698,297.827
1,50,normalize,cpu,298.469,302.265
1,50,g_a_cpu,cpu,302.27,302.679
1,50,g_a,dpu,302.683,308.022
1,50,g_a,dpu,308.034,317.414
1,50,g_a_cpu,cpu,317.415,317.814
1,50,eb_enc,cpu,317.816,323.042
1,55,normalize,cpu,323.533,327.347
1,55,g_a_cpu,cpu,327.351,328.205
1,55,g_a,dpu,328.212,344.901
1,55,g_a,dpu,344.903,367.16
1,55,g_a_cpu,cpu,367.161,367.581
1,55,eb_enc,cpu,367.583,372.749
1,65,normalize,cpu,373.719,377.408
1,65,g_a_cpu,cpu,377.417,383.667
1,65,g_a,dpu,383.673,403.532
1,65,g_a,dpu,403.538,413.757
1,65,g_a_cpu,cpu,413.759,414.188
1,65,eb_enc,cpu,414.19,419.197
1,72,normalize,cpu,419.817,431.41
1,72,g_a_cpu,cpu,431.414,431.929
1,72,g_a,dpu,431.933,439.144
1,72,g_a,dpu,439.147,453.1
1,72,g_a_cpu,cpu,453.102,453.754
1,72,eb_enc,cpu,453.756,465.069
1,82,normalize,cpu,465.761,469.434
1,82,g_a_cpu,cpu,469.444,470.033
1,82,g_a,dpu,470.036,480.983
1,82,g_a,dpu,480.985,490.463
1,82,g_a_cpu,cpu,490.465,490.917
1,82,eb_enc,cpu,490.919,496.709
1,90,normalize,cpu,497.927,513.719
1,90,g_a_cpu,cpu,513.722,514.316
1,90,g_a,dpu,514.319,521.331
1,90,g_a,dpu,521.334,531.006
1,90,g_a_cpu,cpu,531.007,531.41
1,90,eb_enc,cpu,531.429,536.46
1,99,normalize,cpu,537.343,540.957
1,99,g_a_cpu,cpu,540.961,542.346
1,99,g_a,dpu,542.356,558.069
1,99,g_a,dpu,558.071,565.317
1,99,g_a_cpu,cpu,565.32,565.704
1,99,eb_enc,cpu,565.705,570.724
1,106,normalize,cpu,571.988,575.77
1,106,g_a_cpu,cpu,575.773,576.317
1,106,g_a,dpu,576.32,594.538
1,106,g_a,dpu,594.539,599.81
1,106,g_a_cpu,cpu,599.811,600.318
1,106,eb_enc,cpu,600.32,605.35
1,115,normalize,cpu,606.071,609.845
1,115,g_a_cpu,cpu,609.849,610.263
1,115,g_a,dpu,610.267,634.045
1,115,g_a,dpu,634.047,643.711
1,115,g_a_cpu,cpu,643.712,644.133
1,115,eb_enc,cpu,644.136,649.257
1,123,normalize,cpu,650.073,664.163
1,123,g_a_cpu,cpu,664.171,664.738
1,123,g_a,dpu,664.744,673.261
1,123,g_a,dpu,673.263,678.503
1,123,g_a_cpu,cpu,678.505,679.015
1,123,eb_enc,cpu,679.019,684.028
1,130,normalize,cpu,684.805,688.532
1,130,g_a_cpu,cpu,688.545,689.401
1,130,g_a,dpu,689.406,694.959
1,130,g_a,dpu,694.963,700.298
1,130,g_a_cpu,cpu,700.299,700.722
1,130,eb_enc,cpu,700.724,705.797
1,133,normalize,cpu,706.365,710.348
1,133,g_a_cpu,cpu,710.354,710.882
1,133,g_a,dpu,710.886,730.649
1,133,g_a,dpu,730.651,762.061
1,133,g_a_cpu,cpu,762.062,762.497
1,133,eb_enc,cpu,762.5,767.794
1,147,normalize,cpu,768.461,772.156
1,147,g_a_cpu,cpu,772.161,772.752
1,147,g_a,dpu,772.754,794.462
1,147,g_a,dpu,794.464,800.179
1,147,g_a_cpu,cpu,800.18,800.868
1,147,eb_enc,cpu,800.875,805.938
1,156,normalize,cpu,807.315,811.713
1,156,g_a_cpu,cpu,811.72,812.371
1,156,g_a,dpu,812.378,829.902
1,156,g_a,dpu,829.905,835.099
1,156,g_a_cpu,cpu,835.1,835.466
1,156,eb_enc,cpu,835.468,841.408
1,162,normalize,cpu,842.103,846.031
1,162,g_a_cpu,cpu,846.035,846.49
1,162,g_a,dpu,846.493,853.234
1,162,g_a,dpu,853.236,872.045
1,162,g_a_cpu,cpu,872.047,872.491
1,162,eb_enc,cpu,872.494,877.656
1,171,normalize,cpu,878.383,882.201
1,171,g_a_cpu,cpu,882.206,882.686
1,171,g_a,dpu,882.687,888.355
1,171,g_a,dpu,888.356,902.128
1,171,g_a_cpu,cpu,902.129,902.524
1,171,eb_enc,cpu,902.527,907.787
1,178,normalize,cpu,908.497,923.082
1,178,g_a_cpu,cpu,923.087,923.693
1,178,g_a,dpu,923.701,934.546
1,178,g_a,dpu,934.553,939.754
1,178,g_a_cpu,cpu,939.757,940.248
1,178,eb_enc,cpu,940.25,950.48
1,184,normalize,cpu,958.298,961.971
1,184,g_a_cpu,cpu,961.975,963.192
1,184,g_a,dpu,963.196,973.089
1,184,g_a,dpu,973.091,979.016
1,184,g_a_cpu,cpu,979.018,979.689
1,184,eb_enc,cpu,979.691,985.063
1,193,normalize,cpu,985.745,1010.27
1,193,g_a_cpu,cpu,1010.27,1010.7
1,193,g_a,dpu,1010.7,1016.63
1,193,g_a,dpu,1016.63,1022.34
1,193,g_a_cpu,cpu,1022.35,1022.91
1,193,eb_enc,cpu,1022.91,1027.99
1,201,normalize,cpu,1028.46,1032.22
1,201,g_a_cpu,cpu,1032.22,1032.65
1,201,g_a,dpu,1032.65,1066.69
1,201,g_a,dpu,1066.69,1081.18
1,201,g_a_cpu,cpu,1081.19,1081.6
1,201,eb_enc,cpu,1081.6,1086.7
1,213,normalize,cpu,1087.28,1091.06
1,213,g_a_cpu,cpu,1091.06,1091.76
1,213,g_a,dpu,1091.76,1107.37
1,213,g_a,dpu,1107.37,1112.56
1,213,g_a_cpu,cpu,1112.56,1113.06
1,213,eb_enc,cpu,1113.06,1118.14
1,221,normalize,cpu,1118.79,1122.53
1,221,g_a_cpu,cpu,1122.53,1123
1,221,g_a,dpu,1123,1137.94
1,221,g_a,dpu,1137.94,1149.67
1,221,g_a_cpu,cpu,1149.67,1150.37
1,221,eb_enc,cpu,1150.38,1157.62
1,230,normalize,cpu,1158.43,1163.87
1,230,g_a_cpu,cpu,1163.88,1164.54
1,230,g_a,dpu,1164.55,1182
1,230,g_a,dpu,1182.01,1199.14
1,230,g_a_cpu,cpu,1199.14,1199.87
1,230,eb_enc,cpu,1199.87,1205.41
1,245,normalize,cpu,1233.81,1237.52
1,245,g_a_cpu,cpu,1237.53,1238.13
1,245,g_a,dpu,1238.13,1249.55
1,245,g_a,dpu,1249.56,1259.6
1,245,g_a_cpu,cpu,1259.6,1260.21
1,245,eb_enc,cpu,1260.21,1265.59
1,252,normalize,cpu,1266.56,1270.24
1,252,g_a_cpu,cpu,1270.24,1270.73
1,252,g_a,dpu,1270.73,1282.24
1,252,g_a,dpu,1282.25,1291.91
1,252,g_a_cpu,cpu,1291.92,1292.33
1,252,eb_enc,cpu,1292.33,1297.39
1,259,normalize,cpu,1298.56,1304.11
1,259,g_a_cpu,cpu,1304.12,1304.64
1,259,g_a,dpu,1304.65,1310.23
1,259,g_a,dpu,1310.23,1315.48
1,259,g_a_cpu,cpu,1315.48,1315.94
1,259,eb_enc,cpu,1315.94,1321.2
1,263,normalize,cpu,1322.12,1325.89
1,263,g_a_cpu,cpu,1325.9,1326.38
1,263,g_a,dpu,1326.38,1334.2
1,263,g_a,dpu,1334.2,1345.02
1,263,g_a_cpu,cpu,1345.02,1345.56
1,263,eb_enc,cpu,1345.57,1350.79
1,271,normalize,cpu,1351.6,1355.29
1,271,g_a_cpu,cpu,1355.3,1356.09
1,271,g_a,dpu,1356.09,1365.85
1,271,g_a,dpu,1365.86,1383.78
1,271,g_a_cpu,cpu,1383.79,1384.35
1,271,eb_enc,cpu,1384.35,1390.62
1,280,normalize,cpu,1391.44,1395.29
1,280,g_a_cpu,cpu,1395.3,1396.02
1,280,g_a,dpu,1396.03,1407.17
1,280,g_a,dpu,1407.17,1412.62
1,280,g_a_cpu,cpu,1412.62,1413.05
1,280,eb_enc,cpu,1413.05,1418.35
1,286,normalize,cpu,1418.94,1422.76
1,286,g_a_cpu,cpu,1422.77,1423.25
1,286,g_a,dpu,1423.25,1450.02
1,286,g_a,dpu,1450.02,1460.14
1,286,g_a_cpu,cpu,1460.15,1460.53
1,286,eb_enc,cpu,1460.53,1465.44
1,296,normalize,cpu,1466.08,1474.45
1,296,g_a_cpu,cpu,1474.45,1475.04
1,296,g_a,dpu,1475.04,1490.64
1,296,g_a,dpu,1490.64,1510.65
1,296,g_a_cpu,cpu,1510.65,1511.07
1,296,eb_enc,cpu,1511.07,1516.33
1,304,normalize,cpu,1517.16,1520.78
1,304,g_a_cpu,cpu,1520.78,1526.38
1,304,g_a,dpu,1526.39,1550.19
1,304,g_a,dpu,1550.19,1557.85
1,304,g_a_cpu,cpu,1557.85,1558.28
1,304,eb_enc,cpu,1558.28,1563.44
1,315,normalize,cpu,1564.02,1567.7
1,315,g_a_cpu,cpu,1567.71,1568.14
1,315,g_a,dpu,1568.15,1581.35
1,315,g_a,dpu,1581.35,1591.03
1,315,g_a_cpu,cpu,1591.03,1591.66
1,315,eb_enc,cpu,1591.66,1596.86
1,321,normalize,cpu,1597.47,1601.08
1,321,g_a_cpu,cpu,1601.08,1601.89
1,321,g_a,dpu,1601.9,1626.97
1,321,g_a,dpu,1626.98,1641.27
1,321,g_a_cpu,cpu,1641.28,1641.66
1,321,eb_enc,cpu,1641.67,1646.82
1,334,normalize,cpu,1647.37,1651.05
1,334,g_a_cpu,cpu,1651.06,1651.56
1,334,g_a,dpu,1651.57,1665.92
1,334,g_a,dpu,1665.92,1671.56
1,334,g_a_cpu,cpu,1671.57,1672.17
1,334,eb_enc,cpu,1672.17,1677.4
1,342,normalize,cpu,1677.91,1681.62
1,342,g_a_cpu,cpu,1681.63,1682.16
1,342,g_a,dpu,1682.16,1697.49
1,342,g_a,dpu,1697.5,1714.16
1,342,g_a_cpu,cpu,1714.16,1714.52
1,342,eb_enc,cpu,1714.52,1719.42
1,350,normalize,cpu,1719.99,1724.58
1,350,g_a_cpu,cpu,1724.58,1725.21
1,350,g_a,dpu,1725.21,1746.02
1,350,g_a,dpu,1746.02,1765.83
1,350,g_a_cpu,cpu,1765.84,1766.31
1,350,eb_enc,cpu,1766.31,1771.88
1,360,normalize,cpu,1772.67,1776.35
1,360,g_a_cpu,cpu,1776.36,1776.74
1,360,g_a,dpu,1776.74,1796.61
1,360,g_a,dpu,1796.61,1813.63
1,360,g_a_cpu,cpu,1813.63,1814.02
1,360,eb_enc,cpu,1814.04,1819.13
1,369,normalize,cpu,1819.79,1823.53
1,369,g_a_cpu,cpu,1823.53,1823.98
1,369,g_a,dpu,1823.98,1829.2
1,369,g_a,dpu,1829.2,1846.95
1,369,g_a_cpu,cpu,1846.95,1847.57
1,369,eb_enc,cpu,1847.57,1853.08
1,376,normalize,cpu,1853.89,1857.79
1,376,g_a_cpu,cpu,1857.79,1858.27
1,376,g_a,dpu,1858.27,1863.67
1,376,g_a,dpu,1863.67,1868.94
1,376,g_a_cpu,cpu,1868.94,1869.45
1,376,eb_enc,cpu,1869.45,1875.54
1,383,normalize,cpu,1876.12,1883.37
1,383,g_a_cpu,cpu,1883.37,1883.81
1,383,g_a,dpu,1883.81,1901.51
1,383,g_a,dpu,1901.51,1906.89
1,383,g_a_cpu,cpu,1906.89,1907.53
1,383,eb_enc,cpu,1907.54,1912.78
1,390,normalize,cpu,1913.38,1917.04
1,390,g_a_cpu,cpu,1917.04,1917.62
1,390,g_a,dpu,1917.63,1923.07
1,390,g_a,dpu,1923.07,1932.77
1,390,g_a_cpu,cpu,1932.77,1933.29
1,390,eb_enc,cpu,1933.29,1940.15
1,396,normalize,cpu,1940.89,1949.47
1,396,g_a_cpu,cpu,1949.48,1950.04
1,396,g_a,dpu,1950.04,1958.85
1,396,g_a,dpu,1958.85,1964.16
1,396,g_a_cpu,cpu,1964.16,1964.72
1,396,eb_enc,cpu,1964.72,1970.42
1,404,normalize,cpu,1971.23,1983.03
1,404,g_a_cpu,cpu,1983.04,1983.53
1,404,g_a,dpu,1983.53,2005.41
1,404,g_a,dpu,2005.41,2028.31
1,404,g_a_cpu,cpu,2028.31,2029.01
1,404,eb_enc,cpu,2029.02,2034.21
1,417,normalize,cpu,2034.79,2038.94
1,417,g_a_cpu,cpu,2038.94,2039.76
1,417,g_a,dpu,2039.77,2048.03
1,417,g_a,dpu,2048.03,2057.3
1,417,g_a_cpu,cpu,2057.3,2057.88
1,417,eb_enc,cpu,2057.88,2074.2
1,424,normalize,cpu,2075.32,2079
1,424,g_a_cpu,cpu,2079,2079.49
1,424,g_a,dpu,2079.49,2094.49
1,424,g_a,dpu,2094.49,2115.61
1,424,g_a_cpu,cpu,2115.61,2116.11
1,424,eb_enc,cpu,2116.11,2122.59
1,437,normalize,cpu,2123.14,2126.87
1,437,g_a_cpu,cpu,2126.87,2127.97
1,437,g_a,dpu,2127.98,2133.07
1,437,g_a,dpu,2133.07,2162.1
1,437,g_a_cpu,cpu,2162.1,2162.55
1,437,eb_enc,cpu,2162.55,2168.51
1,446,normalize,cpu,2169.32,2173.75
1,446,g_a_cpu,cpu,2173.75,2174.3
1,446,g_a,dpu,2174.3,2191.91
1,446,g_a,dpu,2191.91,2203.09
1,446,g_a_cpu,cpu,2203.09,2203.67
1,446,eb_enc,cpu,2203.68,2213.47
1,455,normalize,cpu,2215.23,2222.08
1,455,g_a_cpu,cpu,2222.09,2222.53
1,455,g_a,dpu,2222.54,2228.03
1,455,g_a,dpu,2228.03,2236.19
1,455,g_a_cpu,cpu,2236.19,2236.76
1,455,eb_enc,cpu,2236.76,2241.99
1,463,normalize,cpu,2245.17,2249.73
1,463,g_a_cpu,cpu,2249.73,2250.41
1,463,g_a,dpu,2250.42,2271.58
1,463,g_a,dpu,2271.59,2281.51
1,463,g_a_cpu,cpu,2281.52,2282.04
1,463,eb_enc,cpu,2282.04,2287.03
1,471,normalize,cpu,2287.69,2291.41
1,471,g_a_cpu,cpu,2291.41,2292.61
1,471,g_a,dpu,2292.62,2302.19
1,471,g_a,dpu,2302.19,2307.55
1,471,g_a_cpu,cpu,2307.55,2307.97
1,471,eb_enc,cpu,2307.97,2314.85
1,477,normalize,cpu,2327.08,2330.85
1,477,g_a_cpu,cpu,2330.86,2331.27
1,477,g_a,dpu,2331.27,2340.05
1,477,g_a,dpu,2340.05,2357.11
1,477,g_a_cpu,cpu,2357.11,2357.61
1,477,eb_enc,cpu,2357.61,2363.56
1,488,normalize,cpu,2365.33,2374.33
1,488,g_a_cpu,cpu,2374.34,2374.83
1,488,g_a,dpu,2374.84,2380.86
1,488,g_a,dpu,2380.86,2390.24
1,488,g_a_cpu,cpu,2390.24,2390.9
1,488,eb_enc,cpu,2390.9,2396.36
1,495,normalize,cpu,2397.54,2401.3
1,495,g_a_cpu,cpu,2401.3,2401.78
1,495,g_a,dpu,2401.78,2409.25
1,495,g_a,dpu,2409.25,2414.69
1,495,g_a_cpu,cpu,2414.69,2415.11
1,495,eb_enc,cpu,2415.11,2420.34
1,501,normalize,cpu,2420.85,2425.54
1,501,g_a_cpu,cpu,2425.55,2426.11
1,501,g_a,dpu,2426.11,2443.76
1,501,g_a,dpu,2443.76,2476.98
1,501,g_a_cpu,cpu,2476.98,2477.58
1,501,eb_enc,cpu,2477.58,2483.03
1,514,normalize,cpu,2483.9,2487.57
1,514,g_a_cpu,cpu,2487.58,2488.09
1,514,g_a,dpu,2488.09,2493.8
1,514,g_a,dpu,2493.8,2505.22
1,514,g_a_cpu,cpu,2505.22,2505.94
1,514,eb_enc,cpu,2505.94,2511.33
1,521,normalize,cpu,2512.04,2515.93
1,521,g_a_cpu,cpu,2515.93,2516.66
1,521,g_a,dpu,2516.66,2554.33
1,521,g_a,dpu,2554.33,2559.59
1,521,g_a_cpu,cpu,2559.59,2560.01
1,521,eb_enc,cpu,2560.01,2565.25
1,533,normalize,cpu,2579.65,2583.35
1,533,g_a_cpu,cpu,2583.36,2583.96
1,533,g_a,dpu,2583.96,2591.06
1,533,g_a,dpu,2591.06,2622.07
1,533,g_a_cpu,cpu,2622.07,2622.45
1,533,eb_enc,cpu,2622.45,2627.97
1,543,normalize,cpu,2628.68,2632.59
1,543,g_a_cpu,cpu,2632.59,2633.19
1,543,g_a,dpu,2633.19,2647.38
1,543,g_a,dpu,2647.38,2652.72
1,543,g_a_cpu,cpu,2652.72,2653.19
1,543,eb_enc,cpu,2653.2,2659.29
1,550,normalize,cpu,2660.08,2663.85
1,550,g_a_cpu,cpu,2663.85,2664.33
1,550,g_a,dpu,2664.34,2673.26
1,550,g_a,dpu,2673.26,2703.99
1,550,g_a_cpu,cpu,2703.99,2704.65
1,550,eb_enc,cpu,2704.66,2710.08
1,562,normalize,cpu,2710.8,2714.62
1,562,g_a_cpu,cpu,2714.62,2715.14
1,562,g_a,dpu,2715.14,2731.42
1,562,g_a,dpu,2731.42,2736.9
1,562,g_a_cpu,cpu,2736.9,2745.4
1,562,eb_enc,cpu,2745.41,2751.46
1,571,normalize,cpu,2752.24,2757.62
1,571,g_a_cpu,cpu,2757.62,2758.12
1,571,g_a,dpu,2758.12,2765.45
1,571,g_a,dpu,2765.45,2774.68
1,571,g_a_cpu,cpu,2774.68,2775.14
1,571,eb_enc,cpu,2775.14,2787.29
1,578,normalize,cpu,2787.83,2791.66
1,578,g_a_cpu,cpu,2791.67,2792.04
1,578,g_a,dpu,2792.04,2797.36
1,578,g_a,dpu,2797.37,2822.25
1,578,g_a_cpu,cpu,2822.25,2822.74
1,578,eb_enc,cpu,2822.75,2827.91
1,587,normalize,cpu,2828.39,2832.08
1,587,g_a_cpu,cpu,2832.09,2832.51
1,587,g_a,dpu,2832.52,2842.94
1,587,g_a,dpu,2842.95,2848.64
1,587,g_a_cpu,cpu,2848.64,2849.53
1,587,eb_enc,cpu,2849.53,2859.56
1,592,normalize,cpu,2860.36,2864.84
1,592,g_a_cpu,cpu,2864.85,2865.33
1,592,g_a,dpu,2865.33,2894.79
1,592,g_a,dpu,2894.79,2900.1
1,592,g_a_cpu,cpu,2900.1,2900.57
1,592,eb_enc,cpu,2900.57,2905.74
1,603,normalize,cpu,2906.22,2909.94
1,603,g_a_cpu,cpu,2909.94,2910.36
1,603,g_a,dpu,2910.36,2931.77
1,603,g_a,dpu,2931.78,2945.76
1,603,g_a_cpu,cpu,2945.76,2946.34
1,603,eb_enc,cpu,2946.34,2951.44
1,611,normalize,cpu,2961.78,2965.49
1,611,g_a_cpu,cpu,2965.5,2966.03
1,611,g_a,dpu,2966.04,2992.29
1,611,g_a,dpu,2992.3,3007.97
1,611,g_a_cpu,cpu,3007.97,3008.38
1,611,eb_enc,cpu,3008.39,3013.37
1,626,normalize,cpu,3013.86,3018.46
1,626,g_a_cpu,cpu,3018.47,3019.11
1,626,g_a,dpu,3019.11,3026.79
1,626,g_a,dpu,3026.79,3042.31
1,626,g_a_cpu,cpu,3042.31,3042.7
1,626,eb_enc,cpu,3042.7,3050.93
1,634,normalize,cpu,3051.67,3055.37
1,634,g_a_cpu,cpu,3055.38,3055.85
1,634,g_a,dpu,3055.85,3075.47
1,634,g_a,dpu,3075.47,3091.05
1,634,g_a_cpu,cpu,3091.05,3091.7
1,634,eb_enc,cpu,3091.7,3096.8
1,643,normalize,cpu,3097.59,3101.31
1,643,g_a_cpu,cpu,3101.31,3102.1
1,643,g_a,dpu,3102.11,3119.72
1,643,g_a,dpu,3119.72,3133.98
1,643,g_a_cpu,cpu,3133.98,3134.44
1,643,eb_enc,cpu,3134.44,3139.94
1,651,normalize,cpu,3140.66,3144.42
1,651,g_a_cpu,cpu,3144.43,3144.87
1,651,g_a,dpu,3144.87,3153.83
1,651,g_a,dpu,3153.84,3163.28
1,651,g_a_cpu,cpu,3163.28,3163.78
1,651,eb_enc,cpu,3163.79,3179.9
1,661,normalize,cpu,3180.52,3185.27
1,661,g_a_cpu,cpu,3185.28,3185.76
1,661,g_a,dpu,3185.76,3208
1,661,g_a,dpu,3208.01,3217.45
1,661,g_a_cpu,cpu,3217.46,3218.02
1,661,eb_enc,cpu,3218.02,3223.21
1,671,normalize,cpu,3224.74,3228.52
1,671,g_a_cpu,cpu,3228.53,3229.06
1,671,g_a,dpu,3229.06,3261.73
1,671,g_a,dpu,3261.73,3270.97
1,671,g_a_cpu,cpu,3270.97,3271.49
1,671,eb_enc,cpu,3271.5,3281.47
1,684,normalize,cpu,3282.61,3292.63
1,684,g_a_cpu,cpu,3292.63,3293.16
1,684,g_a,dpu,3293.17,3299.62
1,684,g_a,dpu,3299.62,3304.92
1,684,g_a_cpu,cpu,3304.92,3305.57
1,684,eb_enc,cpu,3305.57,3310.72
1,692,normalize,cpu,3311.27,3315.07
1,692,g_a_cpu,cpu,3315.08,3315.59
1,692,g_a,dpu,3315.59,3346.9
1,692,g_a,dpu,3346.9,3356.81
1,692,g_a_cpu,cpu,3356.81,3357.52
1,692,eb_enc,cpu,3357.53,3362.65
1,702,normalize,cpu,3363.43,3367.14
1,702,g_a_cpu,cpu,3367.15,3367.61
1,702,g_a,dpu,3367.61,3381.38
1,702,g_a,dpu,3381.39,3402.74
1,702,g_a_cpu,cpu,3402.74,3403.23
1,702,eb_enc,cpu,3403.24,3408.23
1,712,normalize,cpu,3408.69,3412.46
1,712,g_a_cpu,cpu,3412.46,3412.88
1,712,g_a,dpu,3412.88,3418.24
1,712,g_a,dpu,3418.24,3435.9
1,712,g_a_cpu,cpu,3435.9,3436.63
1,712,eb_enc,cpu,3436.64,3444.55
1,720,normalize,cpu,3445.11,3451.83
1,720,g_a_cpu,cpu,3451.83,3452.36
1,720,g_a,dpu,3452.36,3465.4
1,720,g_a,dpu,3465.41,3490.08
1,720,g_a_cpu,cpu,3490.08,3490.62
1,720,eb_enc,cpu,3490.63,3495.92
1,730,normalize,cpu,3496.52,3500.19
1,730,g_a_cpu,cpu,3500.19,3500.7
1,730,g_a,dpu,3500.7,3506.23
1,730,g_a,dpu,3506.23,3534.14
1,730,g_a_cpu,cpu,3534.15,3534.77
1,730,eb_enc,cpu,3534.77,3540.04
1,741,normalize,cpu,3540.56,3544.78
1,741,g_a_cpu,cpu,3544.78,3545.52
1,741,g_a,dpu,3545.52,3559.47
1,741,g_a,dpu,3559.47,3578.92
1,741,g_a_cpu,cpu,3578.93,3580.01
1,741,eb_enc,cpu,3580.02,3585.09
1,751,normalize,cpu,3585.76,3604.07
1,751,g_a_cpu,cpu,3604.08,3604.81
1,751,g_a,dpu,3604.81,3633.27
1,751,g_a,dpu,3633.3,3643.66
1,751,g_a_cpu,cpu,3643.66,3644.24
1,751,eb_enc,cpu,3644.25,3650.81
1,769,normalize,cpu,3672.84,3676.66
1,769,g_a_cpu,cpu,3676.66,3677.17
1,769,g_a,dpu,3677.17,3684.72
1,769,g_a,dpu,3684.72,3690.25
1,769,g_a_cpu,cpu,3690.26,3690.72
1,769,eb_enc,cpu,3690.72,3695.71
1,774,normalize,cpu,3696.29,3699.99
1,774,g_a_cpu,cpu,3699.99,3700.46
1,774,g_a,dpu,3700.47,3706.61
1,774,g_a,dpu,3706.61,3712.29
1,774,g_a_cpu,cpu,3712.29,3712.83
1,774,eb_enc,cpu,3712.84,3719.58
1,779,normalize,cpu,3720.28,3733.41
1,779,g_a_cpu,cpu,3733.42,3733.91
1,779,g_a,dpu,3733.91,3751.2
1,779,g_a,dpu,3751.2,3760.59
1,779,g_a_cpu,cpu,3760.6,3760.97
1,779,eb_enc,cpu,3760.97,3776.16
1,791,normalize,cpu,3776.66,3785.9
1,791,g_a_cpu,cpu,3785.91,3786.28
1,791,g_a,dpu,3786.28,3806.87
1,791,g_a,dpu,3806.88,3816.81
1,791,g_a_cpu,cpu,3816.81,3817.45
1,791,eb_enc,cpu,3817.45,3822.72
1,802,normalize,cpu,3823.27,3827.06
1,802,g_a_cpu,cpu,3827.07,3827.48
1,802,g_a,dpu,3827.48,3859.19
1,802,g_a,dpu,3859.19,3873.32
1,802,g_a_cpu,cpu,3873.32,3873.93
1,802,eb_enc,cpu,3873.93,3879.53
1,813,normalize,cpu,3880.06,3889.89
1,813,g_a_cpu,cpu,3889.9,3890.38
1,813,g_a,dpu,3890.38,3903.79
1,813,g_a,dpu,3903.79,3922.07
1,813,g_a_cpu,cpu,3922.07,3922.51
1,813,eb_enc,cpu,3922.52,3927.73
1,823,normalize,cpu,3928.56,3932.47
1,823,g_a_cpu,cpu,3932.47,3933.27
1,823,g_a,dpu,3933.28,3943.2
1,823,g_a,dpu,3943.2,3959.74
1,823,g_a_cpu,cpu,3959.74,3960.17
1,823,eb_enc,cpu,3960.17,3965.69
1,832,normalize,cpu,3966.24,3970.12
1,832,g_a_cpu,cpu,3970.12,3970.93
1,832,g_a,dpu,3970.94,3994.43
1,832,g_a,dpu,3994.43,4000.07
1,832,g_a_cpu,cpu,4000.07,4000.59
1,832,eb_enc,cpu,4000.59,4005.96
1,842,normalize,cpu,4006.77,4010.58
1,842,g_a_cpu,cpu,4010.58,4011.02
1,842,g_a,dpu,4011.02,4029.42
1,842,g_a,dpu,4029.42,4038.49
1,842,g_a_cpu,cpu,4038.5,4039.01
1,842,eb_enc,cpu,4039.01,4044.23
1,849,normalize,cpu,4044.79,4048.6
1,849,g_a_cpu,cpu,4048.6,4049.27
1,849,g_a,dpu,4049.27,4062.7
1,849,g_a,dpu,4062.7,4072.3
1,849,g_a_cpu,cpu,4072.3,4072.74
1,849,eb_enc,cpu,4072.74,4084.71
1,859,normalize,cpu,4085.5,4089.38
1,859,g_a_cpu,cpu,4089.38,4090.08
1,859,g_a,dpu,4090.08,4110.49
1,859,g_a,dpu,4110.49,4124.49
1,859,g_a_cpu,cpu,4124.5,4125.03
1,859,eb_enc,cpu,4125.03,4130.76
1,870,normalize,cpu,4131.42,4135.16
1,870,g_a_cpu,cpu,4135.17,4135.68
1,870,g_a,dpu,4135.68,4143.99
1,870,g_a,dpu,4143.99,4164.69
1,870,g_a_cpu,cpu,4164.7,4165.21
1,870,eb_enc,cpu,4165.21,4170.1
1,879,normalize,cpu,4170.6,4174.33
1,879,g_a_cpu,cpu,4174.34,4174.78
1,879,g_a,dpu,4174.79,4196.75
1,879,g_a,dpu,4196.75,4201.85
1,879,g_a_cpu,cpu,4201.85,4202.22
1,879,eb_enc,cpu,4202.22,4207.25
1,887,normalize,cpu,4207.77,4211.48
1,887,g_a_cpu,cpu,4211.49,4212.04
1,887,g_a,dpu,4212.05,4225.65
1,887,g_a,dpu,4225.65,4241.05
1,887,g_a_cpu,cpu,4241.05,4241.73
1,887,eb_enc,cpu,4241.73,4246.69
1,894,normalize,cpu,4247.59,4251.29
1,894,g_a_cpu,cpu,4251.29,4251.7
1,894,g_a,dpu,4251.7,4265.81
1,894,g_a,dpu,4265.81,4285.33
1,894,g_a_cpu,cpu,4285.33,4285.92
1,894,eb_enc,cpu,4285.92,4290.95
1,905,normalize,cpu,4291.42,4295.13
1,905,g_a_cpu,cpu,4295.14,4295.6
1,905,g_a,dpu,4295.61,4305.78
1,905,g_a,dpu,4305.78,4322.02
1,905,g_a_cpu,cpu,4322.03,4322.47
1,905,eb_enc,cpu,4322.48,4327.52
1,914,normalize,cpu,4328.09,4331.84
1,914,g_a_cpu,cpu,4331.84,4332.26
1,914,g_a,dpu,4332.27,4337.61
1,914,g_a,dpu,4337.61,4347.02
1,914,g_a_cpu,cpu,4347.02,4347.49
1,914,eb_enc,cpu,4347.49,4363.66
1,921,normalize,cpu,4364.22,4367.99
1,921,g_a_cpu,cpu,4368,4368.41
1,921,g_a,dpu,4368.41,4374.88
1,921,g_a,dpu,4374.89,4381.33
1,921,g_a_cpu,cpu,4381.34,4381.89
1,921,eb_enc,cpu,4381.89,4387.14
1,927,normalize,cpu,4387.94,4392.6
1,927,g_a_cpu,cpu,4392.6,4393.21
1,927,g_a,dpu,4393.22,4408.46
1,927,g_a,dpu,4408.46,4415.04
1,927,g_a_cpu,cpu,4415.04,4415.4
1,927,eb_enc,cpu,4415.4,4420.21
2,4,normalize,cpu,75.1277,78.8365
2,4,g_a_cpu,cpu,78.9665,79.3436
2,4,g_a,dpu,79.351,92.4172
2,4,g_a,dpu,92.4214,97.9943
2,4,g_a_cpu,cpu,97.9959,98.5059
2,4,eb_enc,cpu,98.512,106.147
2,11,normalize,cpu,106.799,116.602
2,11,g_a_cpu,cpu,116.605,117.199
2,11,g_a,dpu,117.203,136.271
2,11,g_a,dpu,136.278,157.265
2,11,g_a_cpu,cpu,157.267,157.764
2,11,eb_enc,cpu,157.766,163.027
2,22,normalize,cpu,163.782,177.992
2,22,g_a_cpu,cpu,177.995,178.527
2,22,g_a,dpu,178.533,197.242
2,22,g_a,dpu,197.245,222.619
2,22,g_a_cpu,cpu,222.626,223.452
2,22,eb_enc,cpu,223.476,228.755
2,34,normalize,cpu,229.35,232.983
2,34,g_a_cpu,cpu,232.989,233.454
2,34,g_a,dpu,233.457,253.194
2,34,g_a,dpu,253.196,258.681
2,34,g_a_cpu,cpu,258.684,259.223
2,34,eb_enc,cpu,259.226,264.239
2,42,normalize,cpu,264.957,268.706
2,42,g_a_cpu,cpu,268.709,269.364
2,42,g_a,dpu,269.366,274.921
2,42,g_a,dpu,274.922,285.168
2,42,g_a_cpu,cpu,285.172,285.799
2,42,eb_enc,cpu,285.802,291.117
2,48,normalize,cpu,292.122,295.861
2,48,g_a_cpu,cpu,295.865,296.337
2,48,g_a,dpu,296.34,316.525
2,48,g_a,dpu,316.537,333.264
2,48,g_a_cpu,cpu,333.265,333.702
2,48,eb_enc,cpu,333.704,339.128
2,58,normalize,cpu,339.782,343.495
2,58,g_a_cpu,cpu,343.498,343.92
2,58,g_a,dpu,343.922,350.189
2,58,g_a,dpu,350.194,360.702
2,58,g_a_cpu,cpu,360.704,361.35
2,58,eb_enc,cpu,361.354,366.69
2,63,normalize,cpu,379.093,382.791
2,63,g_a_cpu,cpu,382.802,384.335
2,63,g_a,dpu,384.347,404.394
2,63,g_a,dpu,404.397,410.428
2,63,g_a_cpu,cpu,410.43,410.987
2,63,eb_enc,cpu,410.99,423.71
2,74,normalize,cpu,424.209,427.904
2,74,g_a_cpu,cpu,427.906,428.364
2,74,g_a,dpu,428.366,433.884
2,74,g_a,dpu,433.885,457.884
2,74,g_a_cpu,cpu,457.885,458.56
2,74,eb_enc,cpu,458.565,463.667
2,83,normalize,cpu,471.302,474.984
2,83,g_a_cpu,cpu,474.988,475.359
2,83,g_a,dpu,475.362,492.441
2,83,g_a,dpu,492.443,507.093
2,83,g_a_cpu,cpu,507.094,507.862
2,83,eb_enc,cpu,507.867,513.206
2,93,normalize,cpu,514.147,517.921
2,93,g_a_cpu,cpu,517.926,518.298
2,93,g_a,dpu,518.3,524.028
2,93,g_a,dpu,524.03,541.368
2,93,g_a_cpu,cpu,541.368,541.8
2,93,eb_enc,cpu,541.81,546.896
2,101,normalize,cpu,547.74,551.491
2,101,g_a_cpu,cpu,551.494,551.898
2,101,g_a,dpu,551.902,568.347
2,101,g_a,dpu,568.349,584.096
2,101,g_a_cpu,cpu,584.098,584.454
2,101,eb_enc,cpu,584.457,592.344
2,112,normalize,cpu,593.378,597.263
2,112,g_a_cpu,cpu,597.269,597.764
2,112,g_a,dpu,597.767,627.14
2,112,g_a,dpu,627.143,632.834
2,112,g_a_cpu,cpu,632.836,633.292
2,112,eb_enc,cpu,633.295,638.346
2,121,normalize,cpu,639.2,642.899
2,121,g_a_cpu,cpu,642.904,643.364
2,121,g_a,dpu,643.369,662.354
2,121,g_a,dpu,662.356,674.214
2,121,g_a_cpu,cpu,674.215,674.657
2,121,eb_enc,cpu,674.659,679.8
2,128,normalize,cpu,680.356,684.093
2,128,g_a_cpu,cpu,684.097,684.646
2,128,g_a,dpu,684.652,700.902
2,128,g_a,dpu,700.903,721.461
2,128,g_a_cpu,cpu,721.462,722.007
2,128,eb_enc,cpu,722.009,727.166
2,138,normalize,cpu,727.757,731.496
2,138,g_a_cpu,cpu,731.498,731.942
2,138,g_a,dpu,731.944,754.274
2,138,g_a,dpu,754.276,759.912
2,138,g_a_cpu,cpu,759.914,760.465
2,138,eb_enc,cpu,760.467,765.672
2,146,normalize,cpu,766.687,770.364
2,146,g_a_cpu,cpu,770.373,771.146
2,146,g_a,dpu,771.15,783.851
2,146,g_a,dpu,783.852,795.224
2,146,g_a_cpu,cpu,795.226,795.71
2,146,eb_enc,cpu,795.713,805.708
2,154,normalize,cpu,806.604,816.406
2,154,g_a_cpu,cpu,816.409,816.839
2,154,g_a,dpu,816.841,831.261
2,154,g_a,dpu,831.262,836.818
2,154,g_a_cpu,cpu,836.82,837.425
2,154,eb_enc,cpu,837.43,842.504
2,163,normalize,cpu,843.497,847.163
2,163,g_a_cpu,cpu,847.165,847.695
2,163,g_a,dpu,847.698,886.441
2,163,g_a,dpu,886.442,892.251
2,163,g_a_cpu,cpu,892.253,892.996
2,163,eb_enc,cpu,893.001,898.37
2,176,normalize,cpu,898.95,902.709
2,176,g_a_cpu,cpu,902.715,903.288
2,176,g_a,dpu,903.291,909.606
2,176,g_a,dpu,909.61,947.395
2,176,g_a_cpu,cpu,947.396,948.15
2,176,eb_enc,cpu,948.157,953.605
2,186,normalize,cpu,954.214,957.981
2,186,g_a_cpu,cpu,957.984,958.546
2,186,g_a,dpu,958.549,972.12
2,186,g_a,dpu,972.125,988.716
2,186,g_a_cpu,cpu,988.718,989.44
2,186,eb_enc,cpu,989.445,995.263
2,195,normalize,cpu,995.889,1000.98
2,195,g_a_cpu,cpu,1000.98,1001.62
2,195,g_a,dpu,1001.63,1023.59
2,195,g_a,dpu,1023.6,1038.47
2,195,g_a_cpu,cpu,1038.47,1038.94
2,195,eb_enc,cpu,1038.94,1043.9
2,205,normalize,cpu,1044.51,1048.41
2,205,g_a_cpu,cpu,1048.42,1048.89
2,205,g_a,dpu,1048.89,1077.22
2,205,g_a,dpu,1077.23,1084.84
2,205,g_a_cpu,cpu,1084.84,1085.28
2,205,eb_enc,cpu,1085.29,1090.45
2,215,normalize,cpu,1093.42,1097.14
2,215,g_a_cpu,cpu,1097.14,1097.67
2,215,g_a,dpu,1097.67,1108.78
2,215,g_a,dpu,1108.78,1120.48
2,215,g_a_cpu,cpu,1120.49,1120.98
2,215,eb_enc,cpu,1120.98,1126.33
2,223,normalize,cpu,1126.88,1130.69
2,223,g_a_cpu,cpu,1130.7,1131.13
2,223,g_a,dpu,1131.13,1153.81
2,223,g_a,dpu,1153.81,1169.48
2,223,g_a_cpu,cpu,1169.48,1173.86
2,223,eb_enc,cpu,1173.87,1180.26
2,234,normalize,cpu,1181.16,1185.82
2,234,g_a_cpu,cpu,1185.83,1186.43
2,234,g_a,dpu,1186.43,1198.63
2,234,g_a,dpu,1198.63,1228.52
2,234,g_a_cpu,cpu,1228.52,1229.06
2,234,eb_enc,cpu,1229.06,1234.77
2,246,normalize,cpu,1235.33,1247.22
2,246,g_a_cpu,cpu,1247.23,1247.77
2,246,g_a,dpu,1247.78,1276.54
2,246,g_a,dpu,1276.54,1282.98
2,246,g_a_cpu,cpu,1282.98,1283.63
2,246,eb_enc,cpu,1283.63,1289.39
2,256,normalize,cpu,1290.51,1294.34
2,256,g_a_cpu,cpu,1294.35,1294.76
2,256,g_a,dpu,1294.76,1306.63
2,256,g_a,dpu,1306.63,1319.14
2,256,g_a_cpu,cpu,1319.15,1319.7
2,256,eb_enc,cpu,1319.7,1324.97
2,265,normalize,cpu,1325.99,1330.62
2,265,g_a_cpu,cpu,1330.62,1331.2
2,265,g_a,dpu,1331.2,1336.72
2,265,g_a,dpu,1336.72,1349.85
2,265,g_a_cpu,cpu,1349.85,1350.27
2,265,eb_enc,cpu,1350.27,1356.57
2,272,normalize,cpu,1357.34,1363.95
2,272,g_a_cpu,cpu,1363.96,1364.5
2,272,g_a,dpu,1364.51,1394.19
2,272,g_a,dpu,1394.19,1414.66
2,272,g_a_cpu,cpu,1414.66,1415.12
2,272,eb_enc,cpu,1415.12,1420.09
2,287,normalize,cpu,1420.87,1424.56
2,287,g_a_cpu,cpu,1424.56,1425.1
2,287,g_a,dpu,1425.1,1446.35
2,287,g_a,dpu,1446.35,1466.43
2,287,g_a_cpu,cpu,1466.43,1466.84
2,287,eb_enc,cpu,1466.84,1471.87
2,297,normalize,cpu,1472.6,1476.29
2,297,g_a_cpu,cpu,1476.3,1476.8
2,297,g_a,dpu,1476.8,1513.44
2,297,g_a,dpu,1513.44,1523.59
2,297,g_a_cpu,cpu,1523.59,1524.07
2,297,eb_enc,cpu,1524.07,1529.3
2,307,normalize,cpu,1529.79,1533.88
2,307,g_a_cpu,cpu,1533.89,1534.58
2,307,g_a,dpu,1534.59,1550.1
2,307,g_a,dpu,1550.1,1560.51
2,307,g_a_cpu,cpu,1560.51,1560.94
2,307,eb_enc,cpu,1560.94,1565.98
2,316,normalize,cpu,1566.54,1570.23
2,316,g_a_cpu,cpu,1570.24,1570.7
2,316,g_a,dpu,1570.7,1581.45
2,316,g_a,dpu,1581.45,1601.66
2,316,g_a_cpu,cpu,1601.66,1602.38
2,316,eb_enc,cpu,1602.38,1612.87
2,325,normalize,cpu,1613.76,1617.48
2,325,g_a_cpu,cpu,1617.49,1618.44
2,325,g_a,dpu,1618.45,1624.46
2,325,g_a,dpu,1624.47,1629.75
2,325,g_a_cpu,cpu,1629.75,1630.13
2,325,eb_enc,cpu,1630.13,1635.6
2,330,normalize,cpu,1636.31,1640.14
2,330,g_a_cpu,cpu,1640.15,1640.66
2,330,g_a,dpu,1640.67,1663.17
2,330,g_a,dpu,1663.17,1668.99
2,330,g_a_cpu,cpu,1668.99,1669.44
2,330,eb_enc,cpu,1669.44,1674.9
2,341,normalize,cpu,1675.6,1679.4
2,341,g_a_cpu,cpu,1679.4,1679.82
2,341,g_a,dpu,1679.82,1691.04
2,341,g_a,dpu,1691.04,1696.53
2,341,g_a_cpu,cpu,1696.53,1697.06
2,341,eb_enc,cpu,1697.06,1702.35
2,347,normalize,cpu,1702.93,1706.69
2,347,g_a_cpu,cpu,1706.69,1707.07
2,347,g_a,dpu,1707.08,1726.43
2,347,g_a,dpu,1726.44,1732.11
2,347,g_a_cpu,cpu,1732.11,1732.51
2,347,eb_enc,cpu,1732.51,1737.49
2,353,normalize,cpu,1738.02,1743.97
2,353,g_a_cpu,cpu,1743.97,1744.45
2,353,g_a,dpu,1744.46,1763.77
2,353,g_a,dpu,1763.77,1775.37
2,353,g_a_cpu,cpu,1775.37,1775.75
2,353,eb_enc,cpu,1775.75,1781.06
2,362,normalize,cpu,1781.96,1793.21
2,362,g_a_cpu,cpu,1793.23,1794.03
2,362,g_a,dpu,1794.04,1810.91
2,362,g_a,dpu,1810.91,1831.81
2,362,g_a_cpu,cpu,1831.82,1832.36
2,362,eb_enc,cpu,1832.36,1837.45
2,372,normalize,cpu,1838.3,1842.02
2,372,g_a_cpu,cpu,1842.02,1842.8
2,372,g_a,dpu,1842.8,1862.73
2,372,g_a,dpu,1862.73,1868.56
2,372,g_a_cpu,cpu,1868.56,1868.98
2,372,eb_enc,cpu,1868.99,1874.03
2,382,normalize,cpu,1874.65,1878.36
2,382,g_a_cpu,cpu,1878.37,1879.84
2,382,g_a,dpu,1879.85,1906.41
2,382,g_a,dpu,1906.42,1931.41
2,382,g_a_cpu,cpu,1931.41,1932.07
2,382,eb_enc,cpu,1932.08,1937.28
2,395,normalize,cpu,1938.05,1941.79
2,395,g_a_cpu,cpu,1941.79,1942.28
2,395,g_a,dpu,1942.28,1947.9
2,395,g_a,dpu,1947.91,1959.62
2,395,g_a_cpu,cpu,1959.63,1960.27
2,395,eb_enc,cpu,1960.3,1965.43
2,403,normalize,cpu,1966.11,1970.89
2,403,g_a_cpu,cpu,1970.89,1971.39
2,403,g_a,dpu,1971.4,1999.27
2,403,g_a,dpu,1999.27,2005.42
2,403,g_a_cpu,cpu,2005.42,2006.05
2,403,eb_enc,cpu,2006.06,2011.21
2,412,normalize,cpu,2011.73,2015.42
2,412,g_a_cpu,cpu,2015.42,2016.08
2,412,g_a,dpu,2016.09,2042.43
2,412,g_a,dpu,2042.43,2057.01
2,412,g_a_cpu,cpu,2057.01,2057.6
2,412,eb_enc,cpu,2057.6,2062.79
2,421,normalize,cpu,2063.48,2067.15
2,421,g_a_cpu,cpu,2067.15,2067.62
2,421,g_a,dpu,2067.62,2073.38
2,421,g_a,dpu,2073.38,2091.02
2,421,g_a_cpu,cpu,2091.03,2091.61
2,421,eb_enc,cpu,2091.61,2096.92
2,430,normalize,cpu,2097.61,2101.43
2,430,g_a_cpu,cpu,2101.44,2102.11
2,430,g_a,dpu,2102.11,2122.22
2,430,g_a,dpu,2122.22,2132.09
2,430,g_a_cpu,cpu,2132.09,2132.43
2,430,eb_enc,cpu,2132.43,2137.33
2,439,normalize,cpu,2138.09,2141.81
2,439,g_a_cpu,cpu,2141.81,2142.33
2,439,g_a,dpu,2142.34,2165.92
2,439,g_a,dpu,2165.92,2172.13
2,439,g_a_cpu,cpu,2172.13,2172.83
2,439,eb_enc,cpu,2172.83,2177.95
2,448,normalize,cpu,2178.55,2182.29
2,448,g_a_cpu,cpu,2182.29,2182.9
2,448,g_a,dpu,2182.9,2202.37
2,448,g_a,dpu,2202.37,2208.47
2,448,g_a_cpu,cpu,2208.47,2208.95
2,448,eb_enc,cpu,2208.96,2214.47
2,456,normalize,cpu,2215.24,2219.07
2,456,g_a_cpu,cpu,2219.07,2219.56
2,456,g_a,dpu,2219.57,2225.28
2,456,g_a,dpu,2225.28,2230.94
2,456,g_a_cpu,cpu,2230.94,2231.5
2,456,eb_enc,cpu,2231.51,2237.54
2,462,normalize,cpu,2238.09,2242.58
2,462,g_a_cpu,cpu,2242.59,2243.42
2,462,g_a,dpu,2243.42,2273.46
2,462,g_a,dpu,2273.46,2300.41
2,462,g_a_cpu,cpu,2300.41,2300.82
2,462,eb_enc,cpu,2300.82,2305.93
2,475,normalize,cpu,2306.59,2310.4
2,475,g_a_cpu,cpu,2310.4,2311.14
2,475,g_a,dpu,2311.15,2336.98
2,475,g_a,dpu,2336.99,2347.53
2,475,g_a_cpu,cpu,2347.53,2348.03
2,475,eb_enc,cpu,2348.03,2353.46
2,485,normalize,cpu,2354.33,2363.8
2,485,g_a_cpu,cpu,2363.8,2364.26
2,485,g_a,dpu,2364.27,2386.33
2,485,g_a,dpu,2386.33,2402.68
2,485,g_a_cpu,cpu,2402.68,2403.3
2,485,eb_enc,cpu,2403.31,2408.61
2,499,normalize,cpu,2409.41,2413.22
2,499,g_a_cpu,cpu,2413.22,2414.03
2,499,g_a,dpu,2414.03,2422.28
2,499,g_a,dpu,2422.28,2433.1
2,499,g_a_cpu,cpu,2433.11,2433.58
2,499,eb_enc,cpu,2433.58,2438.49
2,506,normalize,cpu,2439.05,2442.73
2,506,g_a_cpu,cpu,2442.74,2443.14
2,506,g_a,dpu,2443.15,2462.32
2,506,g_a,dpu,2462.32,2467.98
2,506,g_a_cpu,cpu,2467.98,2468.45
2,506,eb_enc,cpu,2468.46,2474.01
2,512,normalize,cpu,2474.6,2479.22
2,512,g_a_cpu,cpu,2479.23,2479.76
2,512,g_a,dpu,2479.76,2494.54
2,512,g_a,dpu,2494.54,2500.15
2,512,g_a_cpu,cpu,2500.15,2500.66
2,512,eb_enc,cpu,2500.67,2505.69
2,519,normalize,cpu,2506.6,2510.49
2,519,g_a_cpu,cpu,2510.49,2510.94
2,519,g_a,dpu,2510.94,2531.48
2,519,g_a,dpu,2531.48,2542.74
2,519,g_a_cpu,cpu,2542.74,2543.19
2,519,eb_enc,cpu,2543.2,2548.42
2,528,normalize,cpu,2560.92,2564.68
2,528,g_a_cpu,cpu,2564.68,2565.11
2,528,g_a,dpu,2565.11,2583.43
2,528,g_a,dpu,2583.44,2593.69
2,528,g_a_cpu,cpu,2593.69,2594.05
2,528,eb_enc,cpu,2594.06,2599.03
2,538,normalize,cpu,2599.53,2603.3
2,538,g_a_cpu,cpu,2603.3,2603.65
2,538,g_a,dpu,2603.65,2611.42
2,538,g_a,dpu,2611.42,2617.25
2,538,g_a_cpu,cpu,2617.26,2617.75
2,538,eb_enc,cpu,2617.75,2628.85
2,544,normalize,cpu,2629.55,2636.95
2,544,g_a_cpu,cpu,2636.96,2637.45
2,544,g_a,dpu,2637.45,2643.25
2,544,g_a,dpu,2643.25,2653.77
2,544,g_a_cpu,cpu,2653.77,2654.19
2,544,eb_enc,cpu,2654.2,2659.38
2,551,normalize,cpu,2660.08,2663.89
2,551,g_a_cpu,cpu,2663.89,2664.39
2,551,g_a,dpu,2664.39,2675.96
2,551,g_a,dpu,2675.96,2683.4
2,551,g_a_cpu,cpu,2683.4,2683.93
2,551,eb_enc,cpu,2683.93,2691.04
2,557,normalize,cpu,2691.75,2700.81
2,557,g_a_cpu,cpu,2700.81,2701.47
2,557,g_a,dpu,2701.47,2726.6
2,557,g_a,dpu,2726.6,2737.6
2,557,g_a_cpu,cpu,2737.6,2738.04
2,557,eb_enc,cpu,2738.04,2743.06
2,569,normalize,cpu,2743.61,2747.36
2,569,g_a_cpu,cpu,2747.36,2747.82
2,569,g_a,dpu,2747.82,2771.66
2,569,g_a,dpu,2771.66,2797.3
2,569,g_a_cpu,cpu,2797.31,2798.18
2,569,eb_enc,cpu,2798.19,2803.78
2,582,normalize,cpu,2804.44,2808.12
2,582,g_a_cpu,cpu,2808.13,2808.74
2,582,g_a,dpu,2808.75,2828.55
2,582,g_a,dpu,2828.55,2857.24
2,582,g_a_cpu,cpu,2857.24,2857.99
2,582,eb_enc,cpu,2857.99,2863.29
2,594,normalize,cpu,2863.94,2867.66
2,594,g_a_cpu,cpu,2867.67,2870.31
2,594,g_a,dpu,2870.32,2887.38
2,594,g_a,dpu,2887.38,2892.78
2,594,g_a_cpu,cpu,2892.78,2893.34
2,594,eb_enc,cpu,2893.35,2898.45
2,602,normalize,cpu,2899.14,2902.81
2,602,g_a_cpu,cpu,2902.81,2903.46
2,602,g_a,dpu,2903.46,2916.06
2,602,g_a,dpu,2916.06,2931.88
2,602,g_a_cpu,cpu,2931.88,2932.38
2,602,eb_enc,cpu,2932.38,2937.71
2,609,normalize,cpu,2939.51,2943.32
2,609,g_a_cpu,cpu,2943.33,2944.14
2,609,g_a,dpu,2944.15,2971.77
2,609,g_a,dpu,2971.78,2981.83
2,609,g_a_cpu,cpu,2981.84,2982.45
2,609,eb_enc,cpu,2982.45,2987.71
2,620,normalize,cpu,2988.56,2992.25
2,620,g_a_cpu,cpu,2992.26,2992.82
2,620,g_a,dpu,2992.82,3004.86
2,620,g_a,dpu,3004.86,3022.99
2,620,g_a_cpu,cpu,3022.99,3023.45
2,620,eb_enc,cpu,3023.45,3028.56
2,629,normalize,cpu,3029.07,3033
2,629,g_a_cpu,cpu,3033.01,3033.6
2,629,g_a,dpu,3033.6,3049.31
2,629,g_a,dpu,3049.31,3055.07
2,629,g_a_cpu,cpu,3055.07,3055.56
2,629,eb_enc,cpu,3055.56,3060.61
2,637,normalize,cpu,3061.47,3065.21
2,637,g_a_cpu,cpu,3065.21,3066.2
2,637,g_a,dpu,3066.2,3073.28
2,637,g_a,dpu,3073.29,3085.09
2,637,g_a_cpu,cpu,3085.09,3086.24
2,637,eb_enc,cpu,3086.25,3092.7
2,642,normalize,cpu,3093.31,3107.75
2,642,g_a_cpu,cpu,3107.76,3108.21
2,642,g_a,dpu,3108.21,3114.29
2,642,g_a,dpu,3114.29,3142.79
2,642,g_a_cpu,cpu,3142.79,3143.35
2,642,eb_enc,cpu,3143.35,3152.22
2,655,normalize,cpu,3152.79,3156.58
2,655,g_a_cpu,cpu,3156.58,3157.02
2,655,g_a,dpu,3157.02,3174.97
2,655,g_a,dpu,3174.97,3180.52
2,655,g_a_cpu,cpu,3180.53,3181.2
2,655,eb_enc,cpu,3181.2,3186.38
2,663,normalize,cpu,3187.23,3190.95
2,663,g_a_cpu,cpu,3190.96,3191.57
2,663,g_a,dpu,3191.57,3230.53
2,663,g_a,dpu,3230.53,3245.19
2,663,g_a_cpu,cpu,3245.19,3245.76
2,663,eb_enc,cpu,3245.76,3251.09
2,677,normalize,cpu,3251.73,3255.43
2,677,g_a_cpu,cpu,3255.44,3255.94
2,677,g_a,dpu,3255.95,3268.38
2,677,g_a,dpu,3268.39,3290.61
2,677,g_a_cpu,cpu,3290.62,3291.26
2,677,eb_enc,cpu,3291.26,3296.42
2,687,normalize,cpu,3297.03,3300.9
2,687,g_a_cpu,cpu,3300.9,3301.38
2,687,g_a,dpu,3301.38,3314.1
2,687,g_a,dpu,3314.1,3347.97
2,687,g_a_cpu,cpu,3347.97,3348.52
2,687,eb_enc,cpu,3348.52,3353.98
2,700,normalize,cpu,3354.84,3362.69
2,700,g_a_cpu,cpu,3362.69,3363.22
2,700,g_a,dpu,3363.22,3377.64
2,700,g_a,dpu,3377.64,3383.89
2,700,g_a_cpu,cpu,3383.89,3384.76
2,700,eb_enc,cpu,3384.77,3390.09
2,706,normalize,cpu,3391,3394.69
2,706,g_a_cpu,cpu,3394.69,3401.23
2,706,g_a,dpu,3401.24,3414.3
2,706,g_a,dpu,3414.3,3430.24
2,706,g_a_cpu,cpu,3430.24,3431.05
2,706,eb_enc,cpu,3431.06,3442.16
2,718,normalize,cpu,3442.71,3450.82
2,718,g_a_cpu,cpu,3450.83,3451.19
2,718,g_a,dpu,3451.19,3462.93
2,718,g_a,dpu,3462.93,3468.3
2,718,g_a_cpu,cpu,3468.3,3468.8
2,718,eb_enc,cpu,3468.8,3473.95
2,724,normalize,cpu,3474.72,3478.41
2,724,g_a_cpu,cpu,3478.42,3478.89
2,724,g_a,dpu,3478.9,3501.54
2,724,g_a,dpu,3501.54,3529
2,724,g_a_cpu,cpu,3529,3529.61
2,724,eb_enc,cpu,3529.61,3539.5
2,740,normalize,cpu,3540.17,3544.61
2,740,g_a_cpu,cpu,3544.62,3545.4
2,740,g_a,dpu,3545.41,3562.33
2,740,g_a,dpu,3562.34,3567.87
2,740,g_a_cpu,cpu,3567.88,3568.59
2,740,eb_enc,cpu,3568.59,3573.76
2,748,normalize,cpu,3575.33,3579.16
2,748,g_a_cpu,cpu,3579.17,3580.23
2,748,g_a,dpu,3580.24,3603.98
2,748,g_a,dpu,3603.98,3622.5
2,748,g_a_cpu,cpu,3622.51,3623.04
2,748,eb_enc,cpu,3623.05,3628.43
2,761,normalize,cpu,3629.41,3633.18
2,761,g_a_cpu,cpu,3633.19,3633.71
2,761,g_a,dpu,3633.71,3653.4
2,761,g_a,dpu,3653.4,3685.2
2,761,g_a_cpu,cpu,3685.2,3685.75
2,761,eb_enc,cpu,3685.76,3690.88
2,773,normalize,cpu,3691.63,3695.38
2,773,g_a_cpu,cpu,3695.38,3695.75
2,773,g_a,dpu,3695.76,3708.09
2,773,g_a,dpu,3708.09,3724.02
2,773,g_a_cpu,cpu,3724.02,3724.45
2,773,eb_enc,cpu,3724.45,3729.47
2,781,normalize,cpu,3730.28,3733.95
2,781,g_a_cpu,cpu,3733.95,3734.41
2,781,g_a,dpu,3734.41,3752
2,781,g_a,dpu,3752,3762.72
2,781,g_a_cpu,cpu,3762.72,3763.35
2,781,eb_enc,cpu,3763.36,3768.55
2,790,normalize,cpu,3769.6,3773.4
2,790,g_a_cpu,cpu,3773.41,3773.97
2,790,g_a,dpu,3773.97,3786.99
2,790,g_a,dpu,3786.99,3808.27
2,790,g_a_cpu,cpu,3808.27,3808.97
2,790,eb_enc,cpu,3808.97,3814.1
2,800,normalize,cpu,3814.91,3818.6
2,800,g_a_cpu,cpu,3818.6,3819.11
2,800,g_a,dpu,3819.11,3841.22
2,800,g_a,dpu,3841.26,3864.81
2,800,g_a_cpu,cpu,3864.81,3865.33
2,800,eb_enc,cpu,3865.33,3870.96
2,812,normalize,cpu,3871.52,3875.36
2,812,g_a_cpu,cpu,3875.37,3877.68
2,812,g_a,dpu,3877.68,3896.77
2,812,g_a,dpu,3896.77,3907.28
2,812,g_a_cpu,cpu,3907.29,3907.67
2,812,eb_enc,cpu,3907.67,3912.57
2,821,normalize,cpu,3913.25,3916.86
2,821,g_a_cpu,cpu,3916.86,3917.27
2,821,g_a,dpu,3917.28,3932.06
2,821,g_a,dpu,3932.06,3942.62
2,821,g_a_cpu,cpu,3942.62,3943.02
2,821,eb_enc,cpu,3943.02,3948.19
2,828,normalize,cpu,3948.95,3952.6
2,828,g_a_cpu,cpu,3952.6,3953
2,828,g_a,dpu,3953.01,3964.18
2,828,g_a,dpu,3964.19,3970.14
2,828,g_a_cpu,cpu,3970.15,3970.88
2,828,eb_enc,cpu,3970.88,3977.21
2,835,normalize,cpu,3977.83,3996.36
2,835,g_a_cpu,cpu,3996.36,3996.87
2,835,g_a,dpu,3996.88,4025.64
2,835,g_a,dpu,4025.64,4041.35
2,835,g_a_cpu,cpu,4041.36,4041.99
2,835,eb_enc,cpu,4042,4047.07
2,851,normalize,cpu,4047.68,4051.55
2,851,g_a_cpu,cpu,4051.56,4052.01
2,851,g_a,dpu,4052.02,4057.45
2,851,g_a,dpu,4057.45,4079.76
2,851,g_a_cpu,cpu,4079.77,4080.17
2,851,eb_enc,cpu,4080.17,4086.19
2,860,normalize,cpu,4086.89,4091.66
2,860,g_a_cpu,cpu,4091.66,4092.21
2,860,g_a,dpu,4092.21,4102.38
2,860,g_a,dpu,4102.38,4107.88
2,860,g_a_cpu,cpu,4107.88,4108.27
2,860,eb_enc,cpu,4108.27,4113.43
2,867,normalize,cpu,4113.93,4117.64
2,867,g_a_cpu,cpu,4117.65,4118.42
2,867,g_a,dpu,4118.42,4134.94
2,867,g_a,dpu,4134.94,4143.37
2,867,g_a_cpu,cpu,4143.37,4143.76
2,867,eb_enc,cpu,4143.76,4148.81
2,875,normalize,cpu,4149.32,4153
2,875,g_a_cpu,cpu,4153.01,4153.45
2,875,g_a,dpu,4153.45,4160.95
2,875,g_a,dpu,4160.95,4193.1
2,875,g_a_cpu,cpu,4193.11,4193.56
2,875,eb_enc,cpu,4193.56,4198.56
2,885,normalize,cpu,4199.08,4202.89
2,885,g_a_cpu,cpu,4202.89,4203.26
2,885,g_a,dpu,4203.26,4214.94
2,885,g_a,dpu,4214.94,4221.24
2,885,g_a_cpu,cpu,4221.24,4221.88
2,885,eb_enc,cpu,4221.88,4227.81
2,891,normalize,cpu,4228.46,4232.17
2,891,g_a_cpu,cpu,4232.17,4232.67
2,891,g_a,dpu,4232.68,4252.41
2,891,g_a,dpu,4252.41,4268.02
2,891,g_a_cpu,cpu,4268.02,4268.57
2,891,eb_enc,cpu,4268.58,4274.07
2,901,normalize,cpu,4274.78,4278.49
2,901,g_a_cpu,cpu,4278.49,4278.89
2,901,g_a,dpu,4278.9,4296.37
2,901,g_a,dpu,4296.37,4318.34
2,901,g_a_cpu,cpu,4318.35,4318.7
2,901,eb_enc,cpu,4318.7,4323.85
2,912,normalize,cpu,4324.44,4328.37
2,912,g_a_cpu,cpu,4328.37,4328.82
2,912,g_a,dpu,4328.83,4351.17
2,912,g_a,dpu,4351.17,4369.42
2,912,g_a_cpu,cpu,4369.42,4370.11
2,912,eb_enc,cpu,4370.11,4375.39
2,925,normalize,cpu,4376.23,4380.08
2,925,g_a_cpu,cpu,4380.09,4380.62
2,925,g_a,dpu,4380.62,4397.42
2,925,g_a,dpu,4397.43,4410.17
2,925,g_a_cpu,cpu,4410.17,4410.57
2,925,eb_enc,cpu,4410.57,4415.56
3,5,normalize,cpu,76.28,80.0125
3,5,g_a_cpu,cpu,81.5552,82.4608
3,5,g_a,dpu,82.4672,90.8863
3,5,g_a,dpu,90.8913,107.61
3,5,g_a_cpu,cpu,107.612,108.054
3,5,eb_enc,cpu,108.064,115.014
3,13,normalize,cpu,115.761,119.479
3,13,g_a_cpu,cpu,119.486,120.044
3,13,g_a,dpu,120.046,136.021
3,13,g_a,dpu,136.034,147.78
3,13,g_a_cpu,cpu,147.789,148.7
3,13,eb_enc,cpu,148.709,154.425
3,20,normalize,cpu,155.112,162.147
3,20,g_a_cpu,cpu,162.156,162.733
3,20,g_a,dpu,162.738,184.771
3,20,g_a,dpu,184.772,190.038
3,20,g_a_cpu,cpu,190.041,190.629
3,20,eb_enc,cpu,190.638,195.812
3,29,normalize,cpu,196.565,204.209
3,29,g_a_cpu,cpu,204.217,204.733
3,29,g_a,dpu,204.738,212.176
3,29,g_a,dpu,212.179,222.096
3,29,g_a_cpu,cpu,222.101,223.081
3,29,eb_enc,cpu,223.088,229.525
3,35,normalize,cpu,230.053,237.054
3,35,g_a_cpu,cpu,237.061,237.595
3,35,g_a,dpu,237.603,246.187
3,35,g_a,dpu,246.193,277.36
3,35,g_a_cpu,cpu,277.361,277.892
3,35,eb_enc,cpu,277.895,282.989
3,47,normalize,cpu,283.557,288.909
3,47,g_a_cpu,cpu,288.913,289.521
3,47,g_a,dpu,289.524,310.243
3,47,g_a,dpu,310.25,315.805
3,47,g_a_cpu,cpu,315.808,316.629
3,47,eb_enc,cpu,316.631,321.953
3,54,normalize,cpu,322.647,326.363
3,54,g_a_cpu,cpu,326.368,326.836
3,54,g_a,dpu,326.839,342.152
3,54,g_a,dpu,342.155,355.514
3,54,g_a_cpu,cpu,355.514,356.086
3,54,eb_enc,cpu,356.087,368.182
3,64,normalize,cpu,368.787,372.583
3,64,g_a_cpu,cpu,372.587,373.059
3,64,g_a,dpu,373.063,379.719
3,64,g_a,dpu,379.722,425.555
3,64,g_a_cpu,cpu,425.557,426.11
3,64,eb_enc,cpu,426.116,431.294
3,76,normalize,cpu,432.032,435.754
3,76,g_a_cpu,cpu,435.76,436.201
3,76,g_a,dpu,436.204,441.798
3,76,g_a,dpu,441.799,446.874
3,76,g_a_cpu,cpu,446.876,447.372
3,76,eb_enc,cpu,447.375,453.552
3,80,normalize,cpu,454.413,464.302
3,80,g_a_cpu,cpu,464.31,464.784
3,80,g_a,dpu,464.788,486.554
3,80,g_a,dpu,486.555,501.338
3,80,g_a_cpu,cpu,501.34,501.991
3,80,eb_enc,cpu,501.994,507.097
3,92,normalize,cpu,508.487,512.16
3,92,g_a_cpu,cpu,512.164,512.768
3,92,g_a,dpu,512.771,529.952
3,92,g_a,dpu,529.954,561.061
3,92,g_a_cpu,cpu,561.063,561.702
3,92,eb_enc,cpu,561.715,566.726
3,105,normalize,cpu,567.343,571.157
3,105,g_a_cpu,cpu,571.163,572.01
3,105,g_a,dpu,572.013,597.354
3,105,g_a,dpu,597.356,602.789
3,105,g_a_cpu,cpu,602.792,603.25
3,105,eb_enc,cpu,603.252,612.148
3,116,normalize,cpu,612.745,616.57
3,116,g_a_cpu,cpu,616.578,617.287
3,116,g_a,dpu,617.294,636.36
3,116,g_a,dpu,636.361,676.991
3,116,g_a_cpu,cpu,676.992,677.454
3,116,eb_enc,cpu,677.457,682.527
3,129,normalize,cpu,683.041,686.849
3,129,g_a_cpu,cpu,686.858,687.336
3,129,g_a,dpu,687.342,693.043
3,129,g_a,dpu,693.052,730.053
3,129,g_a_cpu,cpu,730.054,730.474
3,129,eb_enc,cpu,730.477,735.448
3,140,normalize,cpu,736.122,739.83
3,140,g_a_cpu,cpu,739.833,740.151
3,140,g_a,dpu,740.154,760.18
3,140,g_a,dpu,760.182,770.825
3,140,g_a_cpu,cpu,770.828,771.55
3,140,eb_enc,cpu,771.557,778.391
3,149,normalize,cpu,778.984,782.766
3,149,g_a_cpu,cpu,782.769,783.18
3,149,g_a,dpu,783.182,794.462
3,149,g_a,dpu,794.464,800.065
3,149,g_a_cpu,cpu,800.069,800.816
3,149,eb_enc,cpu,800.831,805.938
3,155,normalize,cpu,807.936,811.678
3,155,g_a_cpu,cpu,811.685,812.438
3,155,g_a,dpu,812.443,833.839
3,155,g_a,dpu,833.841,847.954
3,155,g_a_cpu,cpu,847.955,848.575
3,155,eb_enc,cpu,848.577,853.901
3,165,normalize,cpu,854.66,859.151
3,165,g_a_cpu,cpu,859.155,859.718
3,165,g_a,dpu,859.721,873.36
3,165,g_a,dpu,873.361,889.718
3,165,g_a_cpu,cpu,889.721,890.322
3,165,eb_enc,cpu,890.324,896.221
3,174,normalize,cpu,896.824,911.227
3,174,g_a_cpu,cpu,911.235,911.749
3,174,g_a,dpu,911.752,926.853
3,174,g_a,dpu,926.856,936.346
3,174,g_a_cpu,cpu,936.348,936.98
3,174,eb_enc,cpu,936.982,942.225
3,183,normalize,cpu,942.878,946.59
3,183,g_a_cpu,cpu,946.595,947.125
3,183,g_a,dpu,947.127,973.238
3,183,g_a,dpu,973.239,978.955
3,183,g_a_cpu,cpu,978.96,979.676
3,183,eb_enc,cpu,979.682,984.992
3,192,normalize,cpu,985.745,990.296
3,192,g_a_cpu,cpu,990.303,990.935
3,192,g_a,dpu,990.941,1016.63
3,192,g_a,dpu,1016.63,1030.88
3,192,g_a_cpu,cpu,1030.88,1031.4
3,192,eb_enc,cpu,1031.4,1040.5
3,203,normalize,cpu,1041.24,1047.54
3,203,g_a_cpu,cpu,1047.54,1048.05
3,203,g_a,dpu,1048.06,1057.47
3,203,g_a,dpu,1057.48,1062.74
3,203,g_a_cpu,cpu,1062.74,1063.33
3,203,eb_enc,cpu,1063.33,1068.51
3,210,normalize,cpu,1069.35,1074.49
3,210,g_a_cpu,cpu,1074.5,1074.94
3,210,g_a,dpu,1074.94,1089.48
3,210,g_a,dpu,1089.48,1103.57
3,210,g_a_cpu,cpu,1103.57,1104.31
3,210,eb_enc,cpu,1104.32,1111.34
3,220,normalize,cpu,1111.99,1118.55
3,220,g_a_cpu,cpu,1118.55,1119.02
3,220,g_a,dpu,1119.03,1125.33
3,220,g_a,dpu,1125.33,1143.89
3,220,g_a_cpu,cpu,1143.89,1144.5
3,220,eb_enc,cpu,1144.5,1149.9
3,229,normalize,cpu,1150.96,1154.8
3,229,g_a_cpu,cpu,1154.81,1155.51
3,229,g_a,dpu,1155.51,1165.36
3,229,g_a,dpu,1165.36,1178.05
3,229,g_a_cpu,cpu,1178.05,1178.5
3,229,eb_enc,cpu,1178.5,1183.64
3,236,normalize,cpu,1184.22,1187.93
3,236,g_a_cpu,cpu,1187.94,1188.59
3,236,g_a,dpu,1188.59,1203.7
3,236,g_a,dpu,1203.71,1213.22
3,236,g_a_cpu,cpu,1213.23,1213.75
3,236,eb_enc,cpu,1213.75,1224.6
3,242,normalize,cpu,1225.29,1244.99
3,242,g_a_cpu,cpu,1244.99,1245.68
3,242,g_a,dpu,1245.68,1260.57
3,242,g_a,dpu,1260.57,1265.96
3,242,g_a_cpu,cpu,1265.96,1266.69
3,242,eb_enc,cpu,1266.7,1273.46
3,254,normalize,cpu,1274.38,1278.32
3,254,g_a_cpu,cpu,1278.32,1278.95
3,254,g_a,dpu,1278.95,1285
3,254,g_a,dpu,1285.01,1297.54
3,254,g_a_cpu,cpu,1297.54,1298.32
3,254,eb_enc,cpu,1298.32,1307.28
3,261,normalize,cpu,1308.07,1311.89
3,261,g_a_cpu,cpu,1311.89,1312.31
3,261,g_a,dpu,1312.31,1318.51
3,261,g_a,dpu,1318.51,1334.32
3,261,g_a_cpu,cpu,1334.33,1334.72
3,261,eb_enc,cpu,1334.73,1339.91
3,269,normalize,cpu,1340.41,1344.21
3,269,g_a_cpu,cpu,1344.22,1344.68
3,269,g_a,dpu,1344.68,1359.98
3,269,g_a,dpu,1359.98,1369.96
3,269,g_a_cpu,cpu,1369.96,1370.39
3,269,eb_enc,cpu,1370.39,1375.8
3,276,normalize,cpu,1376.38,1380.2
3,276,g_a_cpu,cpu,1380.21,1380.61
3,276,g_a,dpu,1380.62,1386.01
3,276,g_a,dpu,1386.01,1395.26
3,276,g_a_cpu,cpu,1395.27,1396.02
3,276,eb_enc,cpu,1396.02,1401.43
3,281,normalize,cpu,1401.99,1408.16
3,281,g_a_cpu,cpu,1408.16,1408.78
3,281,g_a,dpu,1408.78,1441.2
3,281,g_a,dpu,1441.2,1446.57
3,281,g_a_cpu,cpu,1446.57,1447.13
3,281,eb_enc,cpu,1447.13,1453.14
3,293,normalize,cpu,1453.91,1468.35
3,293,g_a_cpu,cpu,1468.35,1468.81
3,293,g_a,dpu,1468.82,1490.55
3,293,g_a,dpu,1490.56,1510.73
3,293,g_a_cpu,cpu,1510.73,1511.17
3,293,eb_enc,cpu,1511.17,1516.37
3,305,normalize,cpu,1517.16,1520.81
3,305,g_a_cpu,cpu,1520.81,1521.39
3,305,g_a,dpu,1521.39,1537.4
3,305,g_a,dpu,1537.4,1547.02
3,305,g_a_cpu,cpu,1547.02,1547.64
3,305,eb_enc,cpu,1547.64,1556.74
3,313,normalize,cpu,1557.34,1561.05
3,313,g_a_cpu,cpu,1561.05,1561.88
3,313,g_a,dpu,1561.88,1591.7
3,313,g_a,dpu,1591.71,1598.54
3,313,g_a_cpu,cpu,1598.54,1598.94
3,313,eb_enc,cpu,1598.95,1604.35
3,323,normalize,cpu,1605.08,1614.18
3,323,g_a_cpu,cpu,1614.18,1614.67
3,323,g_a,dpu,1614.68,1627.74
3,323,g_a,dpu,1627.75,1638.15
3,323,g_a_cpu,cpu,1638.15,1638.89
3,323,eb_enc,cpu,1638.89,1646.48
3,333,normalize,cpu,1647.12,1651.56
3,333,g_a_cpu,cpu,1651.56,1652.18
3,333,g_a,dpu,1652.18,1665.76
3,333,g_a,dpu,1665.77,1672
3,333,g_a_cpu,cpu,1672,1672.79
3,333,eb_enc,cpu,1672.79,1677.97
3,343,normalize,cpu,1678.52,1682.23
3,343,g_a_cpu,cpu,1682.23,1682.75
3,343,g_a,dpu,1682.75,1720.6
3,343,g_a,dpu,1720.61,1735.52
3,343,g_a_cpu,cpu,1735.53,1735.94
3,343,eb_enc,cpu,1735.94,1740.78
3,354,normalize,cpu,1741.49,1745.11
3,354,g_a_cpu,cpu,1745.14,1745.59
3,354,g_a,dpu,1745.59,1766.81
3,354,g_a,dpu,1766.81,1772.36
3,354,g_a_cpu,cpu,1772.37,1772.88
3,354,eb_enc,cpu,1772.88,1788.4
3,363,normalize,cpu,1789.22,1794.12
3,363,g_a_cpu,cpu,1794.13,1794.83
3,363,g_a,dpu,1794.83,1804.18
3,363,g_a,dpu,1804.19,1811.66
3,363,g_a_cpu,cpu,1811.66,1812.07
3,363,eb_enc,cpu,1812.07,1826.61
3,371,normalize,cpu,1827.14,1830.81
3,371,g_a_cpu,cpu,1830.81,1831.13
3,371,g_a,dpu,1831.14,1840.95
3,371,g_a,dpu,1840.96,1867.02
3,371,g_a_cpu,cpu,1867.02,1867.88
3,371,eb_enc,cpu,1867.88,1872.87
3,381,normalize,cpu,1873.64,1877.3
3,381,g_a_cpu,cpu,1877.3,1877.75
3,381,g_a,dpu,1877.75,1884.72
3,381,g_a,dpu,1884.72,1911.08
3,381,g_a_cpu,cpu,1911.08,1911.44
3,381,eb_enc,cpu,1911.44,1921.28
3,392,normalize,cpu,1922.15,1926.06
3,392,g_a_cpu,cpu,1926.06,1926.5
3,392,g_a,dpu,1926.5,1945.03
3,392,g_a,dpu,1945.03,1950.37
3,392,g_a_cpu,cpu,1950.37,1950.85
3,392,eb_enc,cpu,1950.87,1962.18
3,402,normalize,cpu,1962.82,1966.78
3,402,g_a_cpu,cpu,1966.78,1967.46
3,402,g_a,dpu,1967.47,2009.06
3,402,g_a,dpu,2009.07,2021.91
3,402,g_a_cpu,cpu,2021.92,2022.42
3,402,eb_enc,cpu,2022.42,2027.81
3,415,normalize,cpu,2028.9,2032.59
3,415,g_a_cpu,cpu,2032.6,2033.05
3,415,g_a,dpu,2033.05,2054.23
3,415,g_a,dpu,2054.23,2074.01
3,415,g_a_cpu,cpu,2074.01,2074.8
3,415,eb_enc,cpu,2074.81,2081.55
3,427,normalize,cpu,2082.13,2087.99
3,427,g_a_cpu,cpu,2088,2088.49
3,427,g_a,dpu,2088.5,2095.36
3,427,g_a,dpu,2095.36,2110.32
3,427,g_a_cpu,cpu,2110.32,2110.85
3,427,eb_enc,cpu,2110.86,2115.82
3,435,normalize,cpu,2116.61,2120.27
3,435,g_a_cpu,cpu,2120.27,2120.71
3,435,g_a,dpu,2120.71,2134.64
3,435,g_a,dpu,2134.64,2177.06
3,435,g_a_cpu,cpu,2177.06,2177.58
3,435,eb_enc,cpu,2177.58,2183.32
3,450,normalize,cpu,2183.89,2188.22
3,450,g_a_cpu,cpu,2188.22,2188.65
3,450,g_a,dpu,2188.66,2194.01
3,450,g_a,dpu,2194.01,2199.21
3,450,g_a_cpu,cpu,2199.21,2199.83
3,450,eb_enc,cpu,2199.83,2206.12
3,454,normalize,cpu,2206.7,2211.23
3,454,g_a_cpu,cpu,2211.24,2211.88
3,454,g_a,dpu,2211.88,2246.1
3,454,g_a,dpu,2246.1,2251.7
3,454,g_a_cpu,cpu,2251.7,2252.78
3,454,eb_enc,cpu,2252.79,2258.61
3,465,normalize,cpu,2259.13,2262.96
3,465,g_a_cpu,cpu,2262.96,2263.57
3,465,g_a,dpu,2263.57,2297.03
3,465,g_a,dpu,2297.03,2314.4
3,465,g_a_cpu,cpu,2314.4,2314.91
3,465,eb_enc,cpu,2314.91,2320.1
3,478,normalize,cpu,2320.71,2324.37
3,478,g_a_cpu,cpu,2324.37,2324.99
3,478,g_a,dpu,2324.99,2350.08
3,478,g_a,dpu,2350.08,2355.33
3,478,g_a_cpu,cpu,2355.33,2355.88
3,478,eb_enc,cpu,2355.88,2360.89
3,487,normalize,cpu,2365.33,2368.98
3,487,g_a_cpu,cpu,2368.99,2369.51
3,487,g_a,dpu,2369.51,2381.55
3,487,g_a,dpu,2381.56,2386.9
3,487,g_a_cpu,cpu,2386.9,2387.55
3,487,eb_enc,cpu,2387.55,2392.9
3,494,normalize,cpu,2393.55,2397.51
3,494,g_a_cpu,cpu,2397.52,2398.11
3,494,g_a,dpu,2398.11,2408.55
3,494,g_a,dpu,2408.56,2440.21
3,494,g_a_cpu,cpu,2440.21,2440.57
3,494,eb_enc,cpu,2440.57,2445.67
3,507,normalize,cpu,2446.29,2461
3,507,g_a_cpu,cpu,2461.01,2461.49
3,507,g_a,dpu,2461.49,2475.74
3,507,g_a,dpu,2475.74,2480.99
3,507,g_a_cpu,cpu,2481,2481.68
3,507,eb_enc,cpu,2481.68,2487.03
3,515,normalize,cpu,2487.73,2496.14
3,515,g_a_cpu,cpu,2496.14,2496.56
3,515,g_a,dpu,2496.57,2501.88
3,515,g_a,dpu,2501.88,2528.22
3,515,g_a_cpu,cpu,2528.22,2529.05
3,515,eb_enc,cpu,2529.06,2534.92
3,525,normalize,cpu,2535.83,2540.61
3,525,g_a_cpu,cpu,2540.62,2541.24
3,525,g_a,dpu,2541.24,2550.2
3,525,g_a,dpu,2550.2,2555.76
3,525,g_a_cpu,cpu,2555.76,2556.3
3,525,eb_enc,cpu,2556.31,2571.25
3,531,normalize,cpu,2571.85,2576.43
3,531,g_a_cpu,cpu,2576.43,2576.92
3,531,g_a,dpu,2576.93,2609.78
3,531,g_a,dpu,2609.78,2620.02
3,531,g_a_cpu,cpu,2620.02,2620.4
3,531,eb_enc,cpu,2620.4,2625.43
3,542,normalize,cpu,2626.6,2630.27
3,542,g_a_cpu,cpu,2630.28,2630.8
3,542,g_a,dpu,2630.81,2656.97
3,542,g_a,dpu,2656.98,2669.62
3,542,g_a_cpu,cpu,2669.62,2670
3,542,eb_enc,cpu,2670,2675.18
3,553,normalize,cpu,2675.8,2679.55
3,553,g_a_cpu,cpu,2679.56,2680.02
3,553,g_a,dpu,2680.02,2691.53
3,553,g_a,dpu,2691.53,2696.83
3,553,g_a_cpu,cpu,2696.83,2697.32
3,553,eb_enc,cpu,2697.32,2702.63
3,561,normalize,cpu,2703.27,2706.96
3,561,g_a_cpu,cpu,2706.97,2707.54
3,561,g_a,dpu,2707.54,2722.39
3,561,g_a,dpu,2722.39,2736.99
3,561,g_a_cpu,cpu,2737,2737.59
3,561,eb_enc,cpu,2737.6,2743.59
3,570,normalize,cpu,2744.18,2757.84
3,570,g_a_cpu,cpu,2757.85,2758.33
3,570,g_a,dpu,2758.33,2767.06
3,570,g_a,dpu,2767.06,2775.44
3,570,g_a_cpu,cpu,2775.44,2775.93
3,570,eb_enc,cpu,2775.93,2781.32
3,576,normalize,cpu,2781.94,2785.78
3,576,g_a_cpu,cpu,2785.79,2786.25
3,576,g_a,dpu,2786.25,2802.71
3,576,g_a,dpu,2802.72,2808.02
3,576,g_a_cpu,cpu,2808.03,2808.61
3,576,eb_enc,cpu,2808.61,2813.92
3,584,normalize,cpu,2814.64,2818.46
3,584,g_a_cpu,cpu,2818.46,2819.24
3,584,g_a,dpu,2819.24,2840.18
3,584,g_a,dpu,2840.18,2870.35
3,584,g_a_cpu,cpu,2870.35,2870.88
3,584,eb_enc,cpu,2870.88,2876.27
3,597,normalize,cpu,2877.01,2880.79
3,597,g_a_cpu,cpu,2880.79,2881.5
3,597,g_a,dpu,2881.5,2917.66
3,597,g_a,dpu,2917.66,2925.34
3,597,g_a_cpu,cpu,2925.34,2925.75
3,597,eb_enc,cpu,2925.76,2930.63
3,608,normalize,cpu,2931.22,2934.9
3,608,g_a_cpu,cpu,2934.9,2935.43
3,608,g_a,dpu,2935.44,2947.93
3,608,g_a,dpu,2947.93,2962.16
3,608,g_a_cpu,cpu,2962.16,2962.73
3,608,eb_enc,cpu,2962.74,2970.85
3,616,normalize,cpu,2971.39,2975.22
3,616,g_a_cpu,cpu,2975.22,2975.71
3,616,g_a,dpu,2975.71,2987.12
3,616,g_a,dpu,2987.13,2993.04
3,616,g_a_cpu,cpu,2993.04,2993.66
3,616,eb_enc,cpu,2993.66,3000.44
3,624,normalize,cpu,3000.97,3004.78
3,624,g_a_cpu,cpu,3004.79,3005.41
3,624,g_a,dpu,3005.41,3022.31
3,624,g_a,dpu,3022.31,3036.93
3,624,g_a_cpu,cpu,3036.93,3037.56
3,624,eb_enc,cpu,3037.56,3042.86
3,632,normalize,cpu,3043.87,3047.57
3,632,g_a_cpu,cpu,3047.58,3048.17
3,632,g_a,dpu,3048.18,3069.73
3,632,g_a,dpu,3069.73,3075.47
3,632,g_a_cpu,cpu,3075.47,3076.14
3,632,eb_enc,cpu,3076.14,3081.61
3,640,normalize,cpu,3082.38,3086.24
3,640,g_a_cpu,cpu,3086.25,3087.53
3,640,g_a,dpu,3087.53,3111.16
3,640,g_a,dpu,3111.16,3116.45
3,640,g_a_cpu,cpu,3116.46,3117.18
3,640,eb_enc,cpu,3117.18,3122.56
3,647,normalize,cpu,3123.23,3126.94
3,647,g_a_cpu,cpu,3126.95,3127.39
3,647,g_a,dpu,3127.39,3132.73
3,647,g_a,dpu,3132.73,3157.67
3,647,g_a_cpu,cpu,3157.67,3158.21
3,647,eb_enc,cpu,3158.21,3165.54
3,657,normalize,cpu,3166.15,3170.01
3,657,g_a_cpu,cpu,3170.01,3170.65
3,657,g_a,dpu,3170.66,3176.23
3,657,g_a,dpu,3176.23,3201.91
3,657,g_a_cpu,cpu,3201.91,3202.32
3,657,eb_enc,cpu,3202.32,3207.26
3,667,normalize,cpu,3208.09,3217
3,667,g_a_cpu,cpu,3217,3222.25
3,667,g_a,dpu,3222.26,3228.33
3,667,g_a,dpu,3228.34,3242.28
3,667,g_a_cpu,cpu,3242.28,3242.67
3,667,eb_enc,cpu,3242.67,3248.03
3,676,normalize,cpu,3248.75,3255.43
3,676,g_a_cpu,cpu,3255.44,3257
3,676,g_a,dpu,3257,3267.11
3,676,g_a,dpu,3267.11,3286.27
3,676,g_a_cpu,cpu,3286.27,3286.95
3,676,eb_enc,cpu,3286.95,3297.31
3,689,normalize,cpu,3298.11,3301.83
3,689,g_a_cpu,cpu,3301.83,3302.42
3,689,g_a,dpu,3302.43,3313.38
3,689,g_a,dpu,3313.38,3322.99
3,689,g_a_cpu,cpu,3322.99,3323.58
3,689,eb_enc,cpu,3323.59,3328.63
3,695,normalize,cpu,3329.64,3333.53
3,695,g_a_cpu,cpu,3333.53,3334.24
3,695,g_a,dpu,3334.25,3378.38
3,695,g_a,dpu,3378.38,3384.11
3,695,g_a_cpu,cpu,3384.11,3385.08
3,695,eb_enc,cpu,3385.08,3390.47
3,707,normalize,cpu,3391.05,3395.58
3,707,g_a_cpu,cpu,3395.59,3396.03
3,707,g_a,dpu,3396.04,3414.46
3,707,g_a,dpu,3414.47,3422.82
3,707,g_a_cpu,cpu,3422.82,3423.27
3,707,eb_enc,cpu,3423.27,3428.88
3,715,normalize,cpu,3429.76,3433.72
3,715,g_a_cpu,cpu,3433.72,3434.27
3,715,g_a,dpu,3434.27,3451.66
3,715,g_a,dpu,3451.67,3474.04
3,715,g_a_cpu,cpu,3474.04,3474.6
3,715,eb_enc,cpu,3474.6,3479.73
3,727,normalize,cpu,3480.36,3484.05
3,727,g_a_cpu,cpu,3484.05,3484.56
3,727,g_a,dpu,3484.57,3493.89
3,727,g_a,dpu,3493.89,3507.83
3,727,g_a_cpu,cpu,3507.83,3508.28
3,727,eb_enc,cpu,3508.28,3513.48
3,734,normalize,cpu,3514.02,3517.88
3,734,g_a_cpu,cpu,3517.88,3518.71
3,734,g_a,dpu,3518.72,3524.56
3,734,g_a,dpu,3524.56,3538.75
3,734,g_a_cpu,cpu,3538.75,3539.15
3,734,eb_enc,cpu,3539.16,3544.17
3,742,normalize,cpu,3544.8,3548.47
3,742,g_a_cpu,cpu,3548.48,3548.97
3,742,g_a,dpu,3548.97,3560.03
3,742,g_a,dpu,3560.04,3570.19
3,742,g_a_cpu,cpu,3570.19,3570.83
3,742,eb_enc,cpu,3570.84,3576.08
3,749,normalize,cpu,3576.74,3580.43
3,749,g_a_cpu,cpu,3580.44,3580.98
3,749,g_a,dpu,3580.98,3602.89
3,749,g_a,dpu,3602.9,3612.65
3,749,g_a_cpu,cpu,3612.65,3613.31
3,749,eb_enc,cpu,3613.32,3618.3
3,759,normalize,cpu,3619.01,3622.82
3,759,g_a_cpu,cpu,3622.83,3623.4
3,759,g_a,dpu,3623.4,3637.98
3,759,g_a,dpu,3637.98,3654
3,759,g_a_cpu,cpu,3654,3654.51
3,759,eb_enc,cpu,3654.51,3659.58
3,766,normalize,cpu,3660.17,3663.87
3,766,g_a_cpu,cpu,3663.87,3664.37
3,766,g_a,dpu,3664.38,3675.79
3,766,g_a,dpu,3675.8,3696.53
3,766,g_a_cpu,cpu,3696.53,3697.1
3,766,eb_enc,cpu,3697.1,3702.2
3,776,normalize,cpu,3703.12,3706.82
3,776,g_a_cpu,cpu,3706.82,3707.26
3,776,g_a,dpu,3707.26,3717.16
3,776,g_a,dpu,3717.16,3734.61
3,776,g_a_cpu,cpu,3734.62,3735.3
3,776,eb_enc,cpu,3735.3,3740.69
3,783,normalize,cpu,3741.34,3745.06
3,783,g_a_cpu,cpu,3745.06,3745.54
3,783,g_a,dpu,3745.54,3754.48
3,783,g_a,dpu,3754.48,3778.17
3,783,g_a_cpu,cpu,3778.18,3778.8
3,783,eb_enc,cpu,3778.8,3783.76
3,794,normalize,cpu,3784.31,3788
3,794,g_a_cpu,cpu,3788.01,3788.57
3,794,g_a,dpu,3788.57,3806.19
3,794,g_a,dpu,3806.21,3814.6
3,794,g_a_cpu,cpu,3814.6,3815.23
3,794,eb_enc,cpu,3815.23,3820.73
3,801,normalize,cpu,3821.31,3832.77
3,801,g_a_cpu,cpu,3832.77,3833.46
3,801,g_a,dpu,3833.46,3845.86
3,801,g_a,dpu,3845.86,3850.89
3,801,g_a_cpu,cpu,3850.9,3851.39
3,801,eb_enc,cpu,3851.4,3856.65
3,808,normalize,cpu,3857.32,3860.95
3,808,g_a_cpu,cpu,3860.96,3861.6
3,808,g_a,dpu,3861.6,3873.08
3,808,g_a,dpu,3873.08,3878.73
3,808,g_a_cpu,cpu,3878.73,3879.25
3,808,eb_enc,cpu,3879.25,3884.2
3,816,normalize,cpu,3884.74,3888.41
3,816,g_a_cpu,cpu,3888.42,3888.93
3,816,g_a,dpu,3888.93,3918.09
3,816,g_a,dpu,3918.09,3932.27
3,816,g_a_cpu,cpu,3932.27,3932.89
3,816,eb_enc,cpu,3932.89,3938.31
3,826,normalize,cpu,3939.28,3942.95
3,826,g_a_cpu,cpu,3942.95,3943.46
3,826,g_a,dpu,3943.47,3958.12
3,826,g_a,dpu,3958.12,3963.43
3,826,g_a_cpu,cpu,3963.44,3964.07
3,826,eb_enc,cpu,3964.07,3969.31
3,833,normalize,cpu,3970.33,3974.01
3,833,g_a_cpu,cpu,3974.02,3974.51
3,833,g_a,dpu,3974.51,3982.96
3,833,g_a,dpu,3982.96,3988.08
3,833,g_a_cpu,cpu,3988.09,3988.53
3,833,eb_enc,cpu,3988.53,3993.71
3,839,normalize,cpu,3994.35,3998.01
3,839,g_a_cpu,cpu,3998.02,3998.52
3,839,g_a,dpu,3998.53,4016.41
3,839,g_a,dpu,4016.41,4021.54
3,839,g_a_cpu,cpu,4021.54,4022
3,839,eb_enc,cpu,4022,4027.39
3,848,normalize,cpu,4027.91,4032.37
3,848,g_a_cpu,cpu,4032.37,4032.76
3,848,g_a,dpu,4032.76,4054.5
3,848,g_a,dpu,4054.5,4076.17
3,848,g_a_cpu,cpu,4076.17,4076.66
3,848,eb_enc,cpu,4076.67,4083.03
3,858,normalize,cpu,4084.34,4088.09
3,858,g_a_cpu,cpu,4088.09,4088.59
3,858,g_a,dpu,4088.59,4111.2
3,858,g_a,dpu,4111.2,4127.67
3,858,g_a_cpu,cpu,4127.67,4129.55
3,858,eb_enc,cpu,4129.55,4135.8
3,872,normalize,cpu,4136.42,4142.19
3,872,g_a_cpu,cpu,4142.2,4142.64
3,872,g_a,dpu,4142.65,4166.49
3,872,g_a,dpu,4166.49,4176.22
3,872,g_a_cpu,cpu,4176.23,4176.88
3,872,eb_enc,cpu,4176.88,4182.06
3,881,normalize,cpu,4182.87,4186.55
3,881,g_a_cpu,cpu,4186.56,4187
3,881,g_a,dpu,4187.01,4208.69
3,881,g_a,dpu,4208.7,4225.42
3,881,g_a_cpu,cpu,4225.42,4226.07
3,881,eb_enc,cpu,4226.07,4231.45
3,892,normalize,cpu,4232.28,4236.12
3,892,g_a_cpu,cpu,4236.13,4237.11
3,892,g_a,dpu,4237.15,4246.13
3,892,g_a,dpu,4246.13,4252.62
3,892,g_a_cpu,cpu,4252.62,4253.3
3,892,eb_enc,cpu,4253.3,4261.95
3,898,normalize,cpu,4262.45,4266.97
3,898,g_a_cpu,cpu,4266.97,4267.39
3,898,g_a,dpu,4267.4,4281.31
3,898,g_a,dpu,4281.31,4286.73
3,898,g_a_cpu,cpu,4286.73,4287.29
3,898,eb_enc,cpu,4287.29,4298.72
3,907,normalize,cpu,4299.41,4304.1
3,907,g_a_cpu,cpu,4304.1,4304.61
3,907,g_a,dpu,4304.62,4329.4
3,907,g_a,dpu,4329.4,4345.61
3,907,g_a_cpu,cpu,4345.61,4346.36
3,907,eb_enc,cpu,4346.36,4352.82
3,918,normalize,cpu,4353.59,4372.91
3,918,g_a_cpu,cpu,4372.92,4373.53
3,918,g_a,dpu,4373.53,4389.21
3,918,g_a,dpu,4389.21,4394.48
3,918,g_a_cpu,cpu,4394.48,4394.89
3,918,eb_enc,cpu,4394.89,4399.85
4,1,normalize,cpu,66.3791,70.1565
4,1,g_a_cpu,cpu,80.2395,80.7362
4,1,g_a,dpu,80.7406,88.6879
4,1,g_a,dpu,88.6903,98.7205
4,1,g_a_cpu,cpu,98.7231,99.1716
4,1,eb_enc,cpu,99.1785,106.061
4,10,normalize,cpu,106.799,112.432
4,10,g_a_cpu,cpu,112.437,113.023
4,10,g_a,dpu,113.027,125.85
4,10,g_a,dpu,125.859,137.057
4,10,g_a_cpu,cpu,137.061,137.764
4,10,eb_enc,cpu,137.772,143.205
4,19,normalize,cpu,144.302,164.246
4,19,g_a_cpu,cpu,164.248,164.676
4,19,g_a,dpu,164.678,170.038
4,19,g_a,dpu,170.04,175.549
4,19,g_a_cpu,cpu,175.552,176.068
4,19,eb_enc,cpu,176.092,182.202
4,26,normalize,cpu,183.016,200.058
4,26,g_a_cpu,cpu,200.065,200.857
4,26,g_a,dpu,200.864,225.531
4,26,g_a,dpu,225.536,230.987
4,26,g_a_cpu,cpu,230.989,231.537
4,26,eb_enc,cpu,231.541,236.541
4,37,normalize,cpu,237.284,241.008
4,37,g_a_cpu,cpu,241.013,242.023
4,37,g_a,dpu,242.028,252.374
4,37,g_a,dpu,252.375,260.738
4,37,g_a_cpu,cpu,260.74,261.261
4,37,eb_enc,cpu,261.264,267.327
4,43,normalize,cpu,268.069,272.469
4,43,g_a_cpu,cpu,272.474,272.923
4,43,g_a,dpu,272.926,312.718
4,43,g_a,dpu,312.731,325.518
4,43,g_a_cpu,cpu,325.52,326.041
4,43,eb_enc,cpu,326.044,331.062
4,56,normalize,cpu,331.615,343.95
4,56,g_a_cpu,cpu,343.953,344.393
4,56,g_a,dpu,344.395,362.376
4,56,g_a,dpu,362.377,383.86
4,56,g_a_cpu,cpu,383.861,384.421
4,56,eb_enc,cpu,384.425,389.728
4,67,normalize,cpu,390.407,394.18
4,67,g_a_cpu,cpu,394.184,394.544
4,67,g_a,dpu,394.547,408.98
4,67,g_a,dpu,408.983,418.904
4,67,g_a_cpu,cpu,418.906,419.333
4,67,eb_enc,cpu,419.336,424.216
4,75,normalize,cpu,424.696,428.388
4,75,g_a_cpu,cpu,428.391,428.857
4,75,g_a,dpu,428.858,434.153
4,75,g_a,dpu,434.154,443.802
4,75,g_a_cpu,cpu,443.803,444.346
4,75,eb_enc,cpu,444.35,449.664
4,79,normalize,cpu,450.315,454.113
4,79,g_a_cpu,cpu,454.118,454.592
4,79,g_a,dpu,454.595,462.466
4,79,g_a,dpu,462.467,467.763
4,79,g_a_cpu,cpu,467.764,468.25
4,79,eb_enc,cpu,468.252,476.125
4,86,normalize,cpu,477.299,481.053
4,86,g_a_cpu,cpu,481.057,481.696
4,86,g_a,dpu,481.7,506.411
4,86,g_a,dpu,506.412,513.514
4,86,g_a_cpu,cpu,513.515,514.147
4,86,eb_enc,cpu,514.166,520.27
4,96,normalize,cpu,520.752,525.005
4,96,g_a_cpu,cpu,525.017,525.8
4,96,g_a,dpu,525.804,540.662
4,96,g_a,dpu,540.666,577.784
4,96,g_a_cpu,cpu,577.787,578.334
4,96,eb_enc,cpu,578.336,583.472
4,109,normalize,cpu,584.107,587.813
4,109,g_a_cpu,cpu,587.818,588.321
4,109,g_a,dpu,588.326,618.917
4,109,g_a,dpu,618.918,624.529
4,109,g_a_cpu,cpu,624.531,625.204
4,109,eb_enc,cpu,625.207,630.505
4,119,normalize,cpu,631.435,635.19
4,119,g_a_cpu,cpu,635.193,635.634
4,119,g_a,dpu,635.637,651.143
4,119,g_a,dpu,651.146,657.728
4,119,g_a_cpu,cpu,657.731,658.465
4,119,eb_enc,cpu,658.471,663.686
4,125,normalize,cpu,664.523,678.615
4,125,g_a_cpu,cpu,678.62,679.276
4,125,g_a,dpu,679.28,708.894
4,125,g_a,dpu,708.896,719.396
4,125,g_a_cpu,cpu,719.399,719.886
4,125,eb_enc,cpu,719.888,725.053
4,137,normalize,cpu,725.797,729.449
4,137,g_a_cpu,cpu,729.452,729.949
4,137,g_a,dpu,729.951,745.6
4,137,g_a,dpu,745.601,751.086
4,137,g_a_cpu,cpu,751.09,751.699
4,137,eb_enc,cpu,751.702,758.226
4,144,normalize,cpu,758.859,763.557
4,144,g_a_cpu,cpu,763.561,764.043
4,144,g_a,dpu,764.047,769.491
4,144,g_a,dpu,769.493,777.369
4,144,g_a_cpu,cpu,777.372,777.885
4,144,eb_enc,cpu,777.888,782.735
4,151,normalize,cpu,783.35,787.069
4,151,g_a_cpu,cpu,787.071,787.471
4,151,g_a,dpu,787.472,811.101
4,151,g_a,dpu,811.104,821.845
4,151,g_a_cpu,cpu,821.846,822.373
4,151,eb_enc,cpu,822.375,827.382
4,160,normalize,cpu,828.017,831.735
4,160,g_a_cpu,cpu,831.742,832.38
4,160,g_a,dpu,832.381,847.534
4,160,g_a,dpu,847.539,857.274
4,160,g_a_cpu,cpu,857.276,857.977
4,160,eb_enc,cpu,857.98,868.45
4,168,normalize,cpu,869.009,872.756
4,168,g_a_cpu,cpu,872.76,873.21
4,168,g_a,dpu,873.214,878.475
4,168,g_a,dpu,878.477,883.68
4,168,g_a_cpu,cpu,883.681,884.28
4,168,eb_enc,cpu,884.281,898.235
4,175,normalize,cpu,898.896,902.764
4,175,g_a_cpu,cpu,902.767,903.349
4,175,g_a,dpu,903.351,908.857
4,175,g_a,dpu,908.86,918.211
4,175,g_a_cpu,cpu,918.216,918.913
4,175,eb_enc,cpu,918.919,935.887
4,182,normalize,cpu,936.64,940.367
4,182,g_a_cpu,cpu,940.372,940.918
4,182,g_a,dpu,940.921,946.55
4,182,g_a,dpu,946.562,957.399
4,182,g_a_cpu,cpu,957.4,957.793
4,182,eb_enc,cpu,957.795,968.452
4,190,normalize,cpu,970.475,974.244
4,190,g_a_cpu,cpu,974.251,974.988
4,190,g_a,dpu,974.993,993.025
4,190,g_a,dpu,993.028,1009.25
4,190,g_a_cpu,cpu,1009.26,1009.65
4,190,eb_enc,cpu,1009.65,1015.09
4,199,normalize,cpu,1015.95,1020.8
4,199,g_a_cpu,cpu,1020.81,1021.46
4,199,g_a,dpu,1021.47,1050.01
4,199,g_a,dpu,1050.01,1055.46
4,199,g_a_cpu,cpu,1055.46,1055.87
4,199,eb_enc,cpu,1055.87,1060.8
4,209,normalize,cpu,1061.46,1065.33
4,209,g_a_cpu,cpu,1065.33,1065.78
4,209,g_a,dpu,1065.78,1076.58
4,209,g_a,dpu,1076.58,1090.62
4,209,g_a_cpu,cpu,1090.62,1091.17
4,209,eb_enc,cpu,1091.17,1096.99
4,216,normalize,cpu,1097.8,1101.59
4,216,g_a_cpu,cpu,1101.6,1102.04
4,216,g_a,dpu,1102.05,1119.72
4,216,g_a,dpu,1119.72,1143.89
4,216,g_a_cpu,cpu,1143.89,1144.47
4,216,eb_enc,cpu,1144.47,1149.6
4,228,normalize,cpu,1150.75,1157.21
4,228,g_a_cpu,cpu,1157.21,1157.68
4,228,g_a,dpu,1157.69,1175.05
4,228,g_a,dpu,1175.05,1187.4
4,228,g_a_cpu,cpu,1187.41,1187.98
4,228,eb_enc,cpu,1187.98,1193.21
4,238,normalize,cpu,1193.74,1197.49
4,238,g_a_cpu,cpu,1197.49,1198
4,238,g_a,dpu,1198,1215.15
4,238,g_a,dpu,1215.15,1220.5
4,238,g_a_cpu,cpu,1220.5,1220.92
4,238,eb_enc,cpu,1220.92,1226.28
4,243,normalize,cpu,1226.99,1230.75
4,243,g_a_cpu,cpu,1230.76,1231.23
4,243,g_a,dpu,1231.24,1254.5
4,243,g_a,dpu,1254.5,1264.48
4,243,g_a_cpu,cpu,1264.48,1265.27
4,243,eb_enc,cpu,1265.27,1270.36
4,253,normalize,cpu,1271.47,1275.17
4,253,g_a_cpu,cpu,1275.18,1275.89
4,253,g_a,dpu,1275.89,1287.03
4,253,g_a,dpu,1287.04,1303.71
4,253,g_a_cpu,cpu,1303.71,1304.26
4,253,eb_enc,cpu,1304.26,1321.51
4,264,normalize,cpu,1322.12,1326.66
4,264,g_a_cpu,cpu,1326.66,1327.17
4,264,g_a,dpu,1327.17,1355.45
4,264,g_a,dpu,1355.45,1361.05
4,264,g_a_cpu,cpu,1361.05,1361.72
4,264,eb_enc,cpu,1361.73,1367.1
4,274,normalize,cpu,1367.6,1382.72
4,274,g_a_cpu,cpu,1382.72,1383.17
4,274,g_a,dpu,1383.17,1393.25
4,274,g_a,dpu,1393.26,1402.49
4,274,g_a_cpu,cpu,1402.49,1403
4,274,eb_enc,cpu,1403,1408.02
4,283,normalize,cpu,1408.88,1419.33
4,283,g_a_cpu,cpu,1419.33,1419.86
4,283,g_a,dpu,1419.86,1429.96
4,283,g_a,dpu,1429.96,1435.3
4,283,g_a_cpu,cpu,1435.3,1435.76
4,283,eb_enc,cpu,1435.77,1440.76
4,291,normalize,cpu,1444.22,1453.35
4,291,g_a_cpu,cpu,1453.36,1453.88
4,291,g_a,dpu,1453.88,1473.93
4,291,g_a,dpu,1473.94,1485.48
4,291,g_a_cpu,cpu,1485.48,1486.03
4,291,eb_enc,cpu,1486.04,1491.58
4,300,normalize,cpu,1492.6,1506.38
4,300,g_a_cpu,cpu,1506.39,1507.48
4,300,g_a,dpu,1507.49,1528.07
4,300,g_a,dpu,1528.08,1533.36
4,300,g_a_cpu,cpu,1533.36,1533.95
4,300,eb_enc,cpu,1533.95,1539.17
4,309,normalize,cpu,1539.74,1553.93
4,309,g_a_cpu,cpu,1553.94,1554.46
4,309,g_a,dpu,1554.47,1586.34
4,309,g_a,dpu,1586.35,1595.81
4,309,g_a_cpu,cpu,1595.82,1596.31
4,309,eb_enc,cpu,1596.31,1606.09
4,324,normalize,cpu,1606.77,1610.46
4,324,g_a_cpu,cpu,1610.46,1611
4,324,g_a,dpu,1611.01,1621.92
4,324,g_a,dpu,1621.92,1631.69
4,324,g_a_cpu,cpu,1631.69,1632.26
4,324,eb_enc,cpu,1632.26,1637.48
4,331,normalize,cpu,1638.59,1642.27
4,331,g_a_cpu,cpu,1642.27,1642.74
4,331,g_a,dpu,1642.75,1648.12
4,331,g_a,dpu,1648.13,1659.84
4,331,g_a_cpu,cpu,1659.84,1660.29
4,331,eb_enc,cpu,1660.3,1665.77
4,339,normalize,cpu,1666.85,1670.56
4,339,g_a_cpu,cpu,1670.56,1671.13
4,339,g_a,dpu,1671.13,1681.09
4,339,g_a,dpu,1681.09,1686.25
4,339,g_a_cpu,cpu,1686.25,1686.72
4,339,eb_enc,cpu,1686.72,1692.37
4,345,normalize,cpu,1693.2,1705.73
4,345,g_a_cpu,cpu,1705.74,1706.15
4,345,g_a,dpu,1706.15,1730.47
4,345,g_a,dpu,1730.47,1758.68
4,345,g_a_cpu,cpu,1758.68,1759.16
4,345,eb_enc,cpu,1759.16,1764.37
4,358,normalize,cpu,1765.35,1768.98
4,358,g_a_cpu,cpu,1768.99,1769.68
4,358,g_a,dpu,1769.68,1777.52
4,358,g_a,dpu,1777.53,1801.86
4,358,g_a_cpu,cpu,1801.87,1802.33
4,358,eb_enc,cpu,1802.33,1807.97
4,366,normalize,cpu,1808.56,1820.81
4,366,g_a_cpu,cpu,1820.82,1821.23
4,366,g_a,dpu,1821.23,1851.74
4,366,g_a,dpu,1851.74,1856.94
4,366,g_a_cpu,cpu,1856.95,1857.46
4,366,eb_enc,cpu,1857.46,1862.56
4,379,normalize,cpu,1863.24,1866.93
4,379,g_a_cpu,cpu,1866.93,1867.78
4,379,g_a,dpu,1867.78,1882.68
4,379,g_a,dpu,1882.68,1892.04
4,379,g_a_cpu,cpu,1892.04,1892.53
4,379,eb_enc,cpu,1892.55,1897.48
4,386,normalize,cpu,1898.1,1901.95
4,386,g_a_cpu,cpu,1901.95,1902.51
4,386,g_a,dpu,1902.51,1911.89
4,386,g_a,dpu,1911.89,1917.19
4,386,g_a_cpu,cpu,1917.2,1917.76
4,386,eb_enc,cpu,1917.76,1922.77
4,393,normalize,cpu,1923.61,1927.38
4,393,g_a_cpu,cpu,1927.38,1927.79
4,393,g_a,dpu,1927.79,1943.03
4,393,g_a,dpu,1943.03,1948.49
4,393,g_a_cpu,cpu,1948.49,1949.2
4,393,eb_enc,cpu,1949.21,1954.51
4,399,normalize,cpu,1955.55,1959.24
4,399,g_a_cpu,cpu,1959.25,1969.78
4,399,g_a,dpu,1969.79,1980.73
4,399,g_a,dpu,1980.73,1987.09
4,399,g_a_cpu,cpu,1987.1,1987.7
4,399,eb_enc,cpu,1987.7,1994.85
4,408,normalize,cpu,1995.93,1999.84
4,408,g_a_cpu,cpu,1999.85,2000.44
4,408,g_a,dpu,2000.44,2010.17
4,408,g_a,dpu,2010.18,2023.43
4,408,g_a_cpu,cpu,2023.43,2024.23
4,408,eb_enc,cpu,2024.23,2031.94
4,416,normalize,cpu,2032.6,2037.09
4,416,g_a_cpu,cpu,2037.09,2037.84
4,416,g_a,dpu,2037.85,2043.46
4,416,g_a,dpu,2043.46,2052.63
4,416,g_a_cpu,cpu,2052.64,2053.2
4,416,eb_enc,cpu,2053.2,2058.38
4,420,normalize,cpu,2061.69,2066.27
4,420,g_a_cpu,cpu,2066.28,2070.7
4,420,g_a,dpu,2070.7,2076
4,420,g_a,dpu,2076,2089.64
4,420,g_a_cpu,cpu,2089.64,2090.37
4,420,eb_enc,cpu,2090.38,2100.9
4,431,normalize,cpu,2101.8,2105.55
4,431,g_a_cpu,cpu,2105.56,2106.08
4,431,g_a,dpu,2106.08,2142.53
4,431,g_a,dpu,2142.53,2149.23
4,431,g_a_cpu,cpu,2149.23,2150.04
4,431,eb_enc,cpu,2150.04,2155.32
4,443,normalize,cpu,2155.77,2159.53
4,443,g_a_cpu,cpu,2159.53,2160.17
4,443,g_a,dpu,2160.17,2181.49
4,443,g_a,dpu,2181.49,2186.8
4,443,g_a_cpu,cpu,2186.8,2187.2
4,443,eb_enc,cpu,2187.2,2192.26
4,452,normalize,cpu,2192.86,2196.6
4,452,g_a_cpu,cpu,2196.6,2197.15
4,452,g_a,dpu,2197.15,2207.78
4,452,g_a,dpu,2207.78,2217.36
4,452,g_a_cpu,cpu,2217.37,2217.75
4,452,eb_enc,cpu,2217.76,2227.09
4,461,normalize,cpu,2227.56,2231.25
4,461,g_a_cpu,cpu,2231.25,2232.04
4,461,g_a,dpu,2232.04,2247.02
4,461,g_a,dpu,2247.02,2257.08
4,461,g_a_cpu,cpu,2257.08,2257.59
4,461,eb_enc,cpu,2257.59,2262.68
4,466,normalize,cpu,2263.44,2267.17
4,466,g_a_cpu,cpu,2267.17,2267.87
4,466,g_a,dpu,2267.88,2276.51
4,466,g_a,dpu,2276.51,2297.34
4,466,g_a_cpu,cpu,2297.34,2297.88
4,466,eb_enc,cpu,2297.88,2303.02
4,474,normalize,cpu,2304,2307.72
4,474,g_a_cpu,cpu,2307.72,2308.19
4,474,g_a,dpu,2308.19,2319.43
4,474,g_a,dpu,2319.43,2328.79
4,474,g_a_cpu,cpu,2328.79,2329.17
4,474,eb_enc,cpu,2329.17,2334.15
4,481,normalize,cpu,2334.77,2338.44
4,481,g_a_cpu,cpu,2338.44,2339.09
4,481,g_a,dpu,2339.1,2346.8
4,481,g_a,dpu,2346.8,2352.09
4,481,g_a_cpu,cpu,2352.09,2352.73
4,481,eb_enc,cpu,2352.74,2364.44
4,489,normalize,cpu,2370.77,2374.54
4,489,g_a_cpu,cpu,2374.54,2375.08
4,489,g_a,dpu,2375.08,2385.66
4,489,g_a,dpu,2385.67,2399.67
4,489,g_a_cpu,cpu,2399.67,2400.15
4,489,eb_enc,cpu,2400.15,2405.36
4,498,normalize,cpu,2405.98,2409.8
4,498,g_a_cpu,cpu,2409.81,2410.38
4,498,g_a,dpu,2410.39,2428.85
4,498,g_a,dpu,2428.85,2448.36
4,498,g_a_cpu,cpu,2448.36,2448.85
4,498,eb_enc,cpu,2448.85,2453.86
4,508,normalize,cpu,2454.53,2459.14
4,508,g_a_cpu,cpu,2459.15,2459.55
4,508,g_a,dpu,2459.56,2472.23
4,508,g_a,dpu,2472.23,2482.59
4,508,g_a_cpu,cpu,2482.6,2483.03
4,508,eb_enc,cpu,2483.03,2488.26
4,516,normalize,cpu,2489.27,2492.91
4,516,g_a_cpu,cpu,2492.91,2493.42
4,516,g_a,dpu,2493.42,2498.76
4,516,g_a,dpu,2498.77,2519.04
4,516,g_a_cpu,cpu,2519.04,2519.63
4,516,eb_enc,cpu,2519.63,2525.18
4,523,normalize,cpu,2526.27,2543.48
4,523,g_a_cpu,cpu,2543.48,2543.94
4,523,g_a,dpu,2543.94,2572.81
4,523,g_a,dpu,2572.81,2582.61
4,523,g_a_cpu,cpu,2582.61,2582.98
4,523,eb_enc,cpu,2582.99,2588.02
4,536,normalize,cpu,2588.66,2592.47
4,536,g_a_cpu,cpu,2592.47,2592.88
4,536,g_a,dpu,2592.88,2615.42
4,536,g_a,dpu,2615.43,2630.65
4,536,g_a_cpu,cpu,2630.65,2631.21
4,536,eb_enc,cpu,2631.21,2636.31
4,545,normalize,cpu,2636.9,2640.69
4,545,g_a_cpu,cpu,2640.69,2641.06
4,545,g_a,dpu,2641.07,2666.9
4,545,g_a,dpu,2666.9,2678
4,545,g_a_cpu,cpu,2678,2678.59
4,545,eb_enc,cpu,2678.59,2683.7
4,555,normalize,cpu,2684.52,2688.21
4,555,g_a_cpu,cpu,2688.22,2688.73
4,555,g_a,dpu,2688.73,2698.61
4,555,g_a,dpu,2698.61,2709.34
4,555,g_a_cpu,cpu,2709.35,2709.86
4,555,eb_enc,cpu,2709.87,2714.84
4,564,normalize,cpu,2715.65,2719.51
4,564,g_a_cpu,cpu,2719.51,2719.94
4,564,g_a,dpu,2719.94,2750.06
4,564,g_a,dpu,2750.07,2755.38
4,564,g_a_cpu,cpu,2755.38,2755.8
4,564,eb_enc,cpu,2755.8,2760.78
4,574,normalize,cpu,2761.71,2765.36
4,574,g_a_cpu,cpu,2765.37,2766.12
4,574,g_a,dpu,2766.13,2779.47
4,574,g_a,dpu,2779.47,2802.58
4,574,g_a_cpu,cpu,2802.59,2803.03
4,574,eb_enc,cpu,2803.03,2808.3
4,583,normalize,cpu,2809.26,2812.94
4,583,g_a_cpu,cpu,2812.94,2813.55
4,583,g_a,dpu,2813.56,2833.19
4,583,g_a,dpu,2833.2,2853.67
4,583,g_a_cpu,cpu,2853.67,2854.26
4,583,eb_enc,cpu,2854.26,2859.83
4,593,normalize,cpu,2860.44,2864.2
4,593,g_a_cpu,cpu,2864.21,2864.66
4,593,g_a,dpu,2864.66,2884.5
4,593,g_a,dpu,2884.51,2889.83
4,593,g_a_cpu,cpu,2889.83,2890.59
4,593,eb_enc,cpu,2890.59,2895.89
4,600,normalize,cpu,2896.49,2900.32
4,600,g_a_cpu,cpu,2900.32,2900.98
4,600,g_a,dpu,2900.99,2906.3
4,600,g_a,dpu,2906.31,2913.1
4,600,g_a_cpu,cpu,2913.1,2913.72
4,600,eb_enc,cpu,2913.73,2919.17
4,606,normalize,cpu,2919.7,2927.87
4,606,g_a_cpu,cpu,2927.87,2928.24
4,606,g_a,dpu,2928.25,2940.96
4,606,g_a,dpu,2940.96,2956.44
4,606,g_a_cpu,cpu,2956.44,2956.84
4,606,eb_enc,cpu,2956.85,2961.85
4,615,normalize,cpu,2962.62,2966.46
4,615,g_a_cpu,cpu,2966.46,2967.31
4,615,g_a,dpu,2967.32,2974.53
4,615,g_a,dpu,2974.54,2987.12
4,615,g_a_cpu,cpu,2987.13,2987.64
4,615,eb_enc,cpu,2987.65,2997.48
4,622,normalize,cpu,2998.27,3002.07
4,622,g_a_cpu,cpu,3002.07,3002.69
4,622,g_a,dpu,3002.7,3022.18
4,622,g_a,dpu,3022.18,3036.75
4,622,g_a_cpu,cpu,3036.75,3037.28
4,622,eb_enc,cpu,3037.29,3042.74
4,631,normalize,cpu,3044.1,3048.02
4,631,g_a_cpu,cpu,3048.03,3048.6
4,631,g_a,dpu,3048.6,3070.15
4,631,g_a,dpu,3070.15,3085.25
4,631,g_a_cpu,cpu,3085.26,3086.43
4,631,eb_enc,cpu,3086.43,3092.48
4,641,normalize,cpu,3093.21,3096.84
4,641,g_a_cpu,cpu,3096.84,3097.35
4,641,g_a,dpu,3097.36,3115.01
4,641,g_a,dpu,3115.01,3129.28
4,641,g_a_cpu,cpu,3129.28,3129.8
4,641,eb_enc,cpu,3129.8,3135.02
4,650,normalize,cpu,3135.57,3139.24
4,650,g_a_cpu,cpu,3139.24,3139.7
4,650,g_a,dpu,3139.71,3148.56
4,650,g_a,dpu,3148.56,3158.6
4,650,g_a_cpu,cpu,3158.6,3159.17
4,650,eb_enc,cpu,3159.17,3164.21
4,656,normalize,cpu,3165.18,3168.92
4,656,g_a_cpu,cpu,3168.93,3169.42
4,656,g_a,dpu,3169.42,3185.47
4,656,g_a,dpu,3185.47,3190.76
4,656,g_a_cpu,cpu,3190.76,3191.3
4,656,eb_enc,cpu,3191.3,3196.3
4,665,normalize,cpu,3198.24,3206.6
4,665,g_a_cpu,cpu,3206.61,3207.11
4,665,g_a,dpu,3207.12,3223.45
4,665,g_a,dpu,3223.45,3233.67
4,665,g_a_cpu,cpu,3233.68,3234.17
4,665,eb_enc,cpu,3234.17,3239.41
4,673,normalize,cpu,3240.17,3243.96
4,673,g_a_cpu,cpu,3243.96,3244.33
4,673,g_a,dpu,3244.33,3249.73
4,673,g_a,dpu,3249.73,3255.13
4,673,g_a_cpu,cpu,3255.13,3255.57
4,673,eb_enc,cpu,3255.57,3260.79
4,680,normalize,cpu,3261.59,3267.7
4,680,g_a_cpu,cpu,3267.71,3268.16
4,680,g_a,dpu,3268.16,3284
4,680,g_a,dpu,3284,3290.65
4,680,g_a_cpu,cpu,3290.65,3291.3
4,680,eb_enc,cpu,3291.3,3304.02
4,690,normalize,cpu,3304.77,3308.49
4,690,g_a_cpu,cpu,3308.5,3309.22
4,690,g_a,dpu,3309.22,3330.48
4,690,g_a,dpu,3330.48,3336.32
4,690,g_a_cpu,cpu,3336.32,3337.18
4,690,eb_enc,cpu,3337.19,3343.12
4,698,normalize,cpu,3344.43,3348.41
4,698,g_a_cpu,cpu,3348.41,3349.05
4,698,g_a,dpu,3349.06,3361.64
4,698,g_a,dpu,3361.65,3398.03
4,698,g_a_cpu,cpu,3398.03,3398.69
4,698,eb_enc,cpu,3398.7,3403.88
4,710,normalize,cpu,3404.56,3414.42
4,710,g_a_cpu,cpu,3414.42,3415.01
4,710,g_a,dpu,3415.01,3424.05
4,710,g_a,dpu,3424.05,3429.44
4,710,g_a_cpu,cpu,3429.45,3430.22
4,710,eb_enc,cpu,3430.22,3435.69
4,716,normalize,cpu,3436.82,3442.79
4,716,g_a_cpu,cpu,3442.8,3450.25
4,716,g_a,dpu,3450.26,3460.76
4,716,g_a,dpu,3460.76,3470.06
4,716,g_a_cpu,cpu,3470.06,3470.68
4,716,eb_enc,cpu,3470.68,3478.76
4,725,normalize,cpu,3481.45,3485.47
4,725,g_a_cpu,cpu,3485.47,3486.16
4,725,g_a,dpu,3486.16,3501.32
4,725,g_a,dpu,3501.32,3510.99
4,725,g_a_cpu,cpu,3511,3511.42
4,725,eb_enc,cpu,3511.42,3517.22
4,735,normalize,cpu,3518.57,3525.11
4,735,g_a_cpu,cpu,3525.16,3525.66
4,735,g_a,dpu,3525.66,3542.27
4,735,g_a,dpu,3542.27,3547.43
4,735,g_a_cpu,cpu,3547.43,3547.82
4,735,eb_enc,cpu,3547.83,3553.04
4,744,normalize,cpu,3553.79,3557.59
4,744,g_a_cpu,cpu,3557.6,3558.23
4,744,g_a,dpu,3558.24,3574.25
4,744,g_a,dpu,3574.29,3583.83
4,744,g_a_cpu,cpu,3583.83,3584.19
4,744,eb_enc,cpu,3584.19,3589.24
4,753,normalize,cpu,3590.31,3594.12
4,753,g_a_cpu,cpu,3594.13,3594.65
4,753,g_a,dpu,3594.65,3602.94
4,753,g_a,dpu,3602.95,3608.75
4,753,g_a_cpu,cpu,3608.75,3609.33
4,753,eb_enc,cpu,3609.33,3614.44
4,758,normalize,cpu,3615.05,3634.75
4,758,g_a_cpu,cpu,3634.76,3635.3
4,758,g_a,dpu,3635.3,3648.35
4,758,g_a,dpu,3648.35,3661.64
4,758,g_a_cpu,cpu,3661.64,3662.2
4,758,eb_enc,cpu,3662.2,3667.9
4,767,normalize,cpu,3668.43,3681.31
4,767,g_a_cpu,cpu,3681.31,3681.8
4,767,g_a,dpu,3681.8,3696.53
4,767,g_a,dpu,3696.53,3701.94
4,767,g_a_cpu,cpu,3701.94,3702.61
4,767,eb_enc,cpu,3702.61,3707.76
4,777,normalize,cpu,3708.82,3713.44
4,777,g_a_cpu,cpu,3713.44,3714
4,777,g_a,dpu,3714.01,3734.82
4,777,g_a,dpu,3734.83,3755.91
4,777,g_a_cpu,cpu,3755.92,3756.41
4,777,eb_enc,cpu,3756.41,3761.36
4,787,normalize,cpu,3763.51,3767.94
4,787,g_a_cpu,cpu,3767.95,3768.49
4,787,g_a,dpu,3768.49,3784.34
4,787,g_a,dpu,3784.34,3793.54
4,787,g_a_cpu,cpu,3793.54,3793.97
4,787,eb_enc,cpu,3793.97,3803.28
4,796,normalize,cpu,3804.19,3810.11
4,796,g_a_cpu,cpu,3810.12,3810.77
4,796,g_a,dpu,3810.77,3832.64
4,796,g_a,dpu,3832.64,3837.92
4,796,g_a_cpu,cpu,3837.93,3838.41
4,796,eb_enc,cpu,3838.41,3848.85
4,807,normalize,cpu,3849.42,3853.17
4,807,g_a_cpu,cpu,3853.18,3853.59
4,807,g_a,dpu,3853.6,3863.95
4,807,g_a,dpu,3863.96,3878.27
4,807,g_a_cpu,cpu,3878.28,3878.8
4,807,eb_enc,cpu,3878.8,3883.7
4,815,normalize,cpu,3884.26,3887.98
4,815,g_a_cpu,cpu,3887.98,3888.44
4,815,g_a,dpu,3888.45,3893.85
4,815,g_a,dpu,3893.85,3898.87
4,815,g_a_cpu,cpu,3898.88,3899.43
4,815,eb_enc,cpu,3899.43,3904.75
4,819,normalize,cpu,3905.4,3909.15
4,819,g_a_cpu,cpu,3909.16,3909.66
4,819,g_a,dpu,3909.66,3926.8
4,819,g_a,dpu,3926.8,3948.05
4,819,g_a_cpu,cpu,3948.06,3948.52
4,819,eb_enc,cpu,3948.52,3958.26
4,831,normalize,cpu,3959.06,3962.76
4,831,g_a_cpu,cpu,3962.76,3963.31
4,831,g_a,dpu,3963.31,3975.6
4,831,g_a,dpu,3975.6,3989.3
4,831,g_a_cpu,cpu,3989.3,3989.85
4,831,eb_enc,cpu,3989.85,3994.94
4,840,normalize,cpu,3995.81,3999.46
4,840,g_a_cpu,cpu,3999.47,4000.05
4,840,g_a,dpu,4000.05,4005.57
4,840,g_a,dpu,4005.57,4015.67
4,840,g_a_cpu,cpu,4015.68,4016.27
4,840,eb_enc,cpu,4016.27,4021.23
4,846,normalize,cpu,4021.91,4025.75
4,846,g_a_cpu,cpu,4025.76,4026.6
4,846,g_a,dpu,4026.61,4033.96
4,846,g_a,dpu,4033.96,4067.55
4,846,g_a_cpu,cpu,4067.55,4068.1
4,846,eb_enc,cpu,4068.11,4073.4
4,855,normalize,cpu,4074,4077.77
4,855,g_a_cpu,cpu,4077.78,4078.21
4,855,g_a,dpu,4078.22,4083.81
4,855,g_a,dpu,4083.81,4089.08
4,855,g_a_cpu,cpu,4089.08,4089.67
4,855,eb_enc,cpu,4089.67,4094.88
4,862,normalize,cpu,4095.47,4099.21
4,862,g_a_cpu,cpu,4099.22,4099.79
4,862,g_a,dpu,4099.8,4105.37
4,862,g_a,dpu,4105.37,4115.13
4,862,g_a_cpu,cpu,4115.13,4115.72
4,862,eb_enc,cpu,4115.72,4120.74
4,868,normalize,cpu,4121.34,4125.02
4,868,g_a_cpu,cpu,4125.03,4125.68
4,868,g_a,dpu,4125.68,4134.14
4,868,g_a,dpu,4134.14,4139.29
4,868,g_a_cpu,cpu,4139.29,4139.89
4,868,eb_enc,cpu,4139.89,4144.99
4,874,normalize,cpu,4145.79,4149.51
4,874,g_a_cpu,cpu,4149.51,4149.92
4,874,g_a,dpu,4149.92,4177.4
4,874,g_a,dpu,4177.4,4208.85
4,874,g_a_cpu,cpu,4208.85,4209.43
4,874,eb_enc,cpu,4209.44,4214.63
4,888,normalize,cpu,4215.23,4219
4,888,g_a_cpu,cpu,4219,4219.51
4,888,g_a,dpu,4219.51,4231.02
4,888,g_a,dpu,4231.02,4249.95
4,888,g_a_cpu,cpu,4249.95,4250.36
4,888,eb_enc,cpu,4250.36,4255.34
4,897,normalize,cpu,4256.07,4259.77
4,897,g_a_cpu,cpu,4259.78,4260.23
4,897,g_a,dpu,4260.24,4270.52
4,897,g_a,dpu,4270.52,4280.65
4,897,g_a_cpu,cpu,4280.65,4281.98
4,897,eb_enc,cpu,4281.98,4290.11
4,904,normalize,cpu,4290.75,4294.58
4,904,g_a_cpu,cpu,4294.59,4294.98
4,904,g_a,dpu,4294.98,4301.2
4,904,g_a,dpu,4301.2,4329.6
4,904,g_a_cpu,cpu,4329.6,4330.09
4,904,eb_enc,cpu,4330.09,4335.3
4,915,normalize,cpu,4335.78,4339.65
4,915,g_a_cpu,cpu,4339.66,4340.13
4,915,g_a,dpu,4340.13,4355.37
4,915,g_a,dpu,4355.37,4361.09
4,915,g_a_cpu,cpu,4361.09,4361.59
4,915,eb_enc,cpu,4361.6,4366.43
4,922,normalize,cpu,4367.05,4377.26
4,922,g_a_cpu,cpu,4377.26,4377.81
4,922,g_a,dpu,4377.81,4396.19
4,922,g_a,dpu,4396.19,4401.51
4,922,g_a_cpu,cpu,4401.51,4402
4,922,eb_enc,cpu,4402,4410.09
5,3,normalize,cpu,70.7487,74.5081
5,3,g_a_cpu,cpu,74.5973,74.9773
5,3,g_a,dpu,74.9824,80.9009
5,3,g_a,dpu,80.9042,87.0748
5,3,g_a_cpu,cpu,87.0758,87.7202
5,3,eb_enc,cpu,87.7276,94.9746
5,9,normalize,cpu,95.6135,100.135
5,9,g_a_cpu,cpu,100.138,100.622
5,9,g_a,dpu,100.627,141.71
5,9,g_a,dpu,141.724,148.845
5,9,g_a_cpu,cpu,148.85,149.666
5,9,eb_enc,cpu,149.669,155.2
5,21,normalize,cpu,155.852,177.216
5,21,g_a_cpu,cpu,177.219,177.753
5,21,g_a,dpu,177.756,183.878
5,21,g_a,dpu,183.88,203.051
5,21,g_a_cpu,cpu,203.054,203.598
5,21,eb_enc,cpu,203.616,208.966
5,30,normalize,cpu,209.873,213.947
5,30,g_a_cpu,cpu,213.954,214.746
5,30,g_a,dpu,214.755,231.107
5,30,g_a,dpu,231.108,247.34
5,30,g_a_cpu,cpu,247.342,248.283
5,30,eb_enc,cpu,248.292,254.736
5,40,normalize,cpu,255.234,259.442
5,40,g_a_cpu,cpu,259.447,259.998
5,40,g_a,dpu,260.001,290.389
5,40,g_a,dpu,290.39,296.671
5,40,g_a_cpu,cpu,296.672,297.168
5,40,eb_enc,cpu,297.171,302.18
5,51,normalize,cpu,302.802,306.777
5,51,g_a_cpu,cpu,306.784,307.37
5,51,g_a,dpu,307.377,321.802
5,51,g_a,dpu,321.809,342.806
5,51,g_a_cpu,cpu,342.808,343.267
5,51,eb_enc,cpu,343.268,348.658
5,59,normalize,cpu,350.933,354.639
5,59,g_a_cpu,cpu,354.644,355.081
5,59,g_a,dpu,355.085,383.42
5,59,g_a,dpu,383.484,398.726
5,59,g_a_cpu,cpu,398.728,399.652
5,59,eb_enc,cpu,399.655,407.216
5,70,normalize,cpu,408.138,427.378
5,70,g_a_cpu,cpu,427.381,427.807
5,70,g_a,dpu,427.812,451.001
5,70,g_a,dpu,451.006,463.387
5,70,g_a_cpu,cpu,463.391,463.843
5,70,eb_enc,cpu,463.845,474.602
5,84,normalize,cpu,475.109,483.427
5,84,g_a_cpu,cpu,483.429,483.869
5,84,g_a,dpu,483.871,497.635
5,84,g_a,dpu,497.636,513.092
5,84,g_a_cpu,cpu,513.094,513.595
5,84,eb_enc,cpu,513.598,518.739
5,94,normalize,cpu,519.529,523.184
5,94,g_a_cpu,cpu,523.188,523.657
5,94,g_a,dpu,523.66,552.624
5,94,g_a,dpu,552.626,573.678
5,94,g_a_cpu,cpu,573.68,574.269
5,94,eb_enc,cpu,574.27,579.725
5,108,normalize,cpu,580.631,584.456
5,108,g_a_cpu,cpu,584.459,584.933
5,108,g_a,dpu,584.936,590.665
5,108,g_a,dpu,590.667,596.355
5,108,g_a_cpu,cpu,596.357,596.838
5,108,eb_enc,cpu,596.85,602.254
5,114,normalize,cpu,602.978,606.798
5,114,g_a_cpu,cpu,606.803,607.245
5,114,g_a,dpu,607.249,621.823
5,114,g_a,dpu,621.825,648.964
5,114,g_a_cpu,cpu,648.967,649.405
5,114,eb_enc,cpu,649.409,654.963
5,126,normalize,cpu,671.609,675.489
5,126,g_a_cpu,cpu,675.493,675.98
5,126,g_a,dpu,675.983,688.275
5,126,g_a,dpu,688.279,706.446
5,126,g_a_cpu,cpu,706.448,706.876
5,126,eb_enc,cpu,706.878,714.44
5,135,normalize,cpu,715.618,721.238
5,135,g_a_cpu,cpu,721.243,721.815
5,135,g_a,dpu,721.819,727.681
5,135,g_a,dpu,727.685,740.332
5,135,g_a_cpu,cpu,740.334,740.892
5,135,eb_enc,cpu,740.897,747.069
5,142,normalize,cpu,747.582,751.456
5,142,g_a_cpu,cpu,751.465,752.046
5,142,g_a,dpu,752.049,765.268
5,142,g_a,dpu,765.273,775.704
5,142,g_a_cpu,cpu,775.71,776.153
5,142,eb_enc,cpu,776.159,781.201
5,150,normalize,cpu,781.745,785.536
5,150,g_a_cpu,cpu,785.54,786.018
5,150,g_a,dpu,786.024,806.457
5,150,g_a,dpu,806.461,818.115
5,150,g_a_cpu,cpu,818.117,818.753
5,150,eb_enc,cpu,818.755,823.963
5,159,normalize,cpu,824.566,828.326
5,159,g_a_cpu,cpu,828.33,828.684
5,159,g_a,dpu,828.688,858.169
5,159,g_a,dpu,858.174,864.142
5,159,g_a_cpu,cpu,864.143,864.646
5,159,eb_enc,cpu,864.65,869.933
5,169,normalize,cpu,870.5,874.909
5,169,g_a_cpu,cpu,874.912,875.502
5,169,g_a,dpu,875.506,881.299
5,169,g_a,dpu,881.301,898.733
5,169,g_a_cpu,cpu,898.736,899.18
5,169,eb_enc,cpu,899.182,904.378
5,177,normalize,cpu,905.184,908.825
5,177,g_a_cpu,cpu,908.828,912.575
5,177,g_a,dpu,912.579,927.789
5,177,g_a,dpu,927.791,953.286
5,177,g_a_cpu,cpu,953.289,953.702
5,177,eb_enc,cpu,953.705,958.916
5,188,normalize,cpu,959.619,963.346
5,188,g_a_cpu,cpu,963.355,964.182
5,188,g_a,dpu,964.184,977.593
5,188,g_a,dpu,977.595,994.64
5,188,g_a_cpu,cpu,994.644,995.229
5,188,eb_enc,cpu,995.232,1000.39
5,196,normalize,cpu,1000.93,1004.69
5,196,g_a_cpu,cpu,1004.7,1005.09
5,196,g_a,dpu,1005.1,1017.71
5,196,g_a,dpu,1017.71,1030.14
5,196,g_a_cpu,cpu,1030.14,1030.6
5,196,eb_enc,cpu,1030.6,1035.85
5,202,normalize,cpu,1036.4,1040.16
5,202,g_a_cpu,cpu,1040.16,1040.6
5,202,g_a,dpu,1040.61,1046.39
5,202,g_a,dpu,1046.4,1052.17
5,202,g_a_cpu,cpu,1052.17,1052.78
5,202,eb_enc,cpu,1052.78,1058.06
5,208,normalize,cpu,1058.82,1062.54
5,208,g_a_cpu,cpu,1062.55,1063.14
5,208,g_a,dpu,1063.15,1092.87
5,208,g_a,dpu,1092.88,1103.42
5,208,g_a_cpu,cpu,1103.42,1104.03
5,208,eb_enc,cpu,1104.04,1109.59
5,219,normalize,cpu,1110.36,1114.15
5,219,g_a_cpu,cpu,1114.15,1114.57
5,219,g_a,dpu,1114.57,1134.16
5,219,g_a,dpu,1134.16,1139.88
5,219,g_a_cpu,cpu,1139.88,1140.24
5,219,eb_enc,cpu,1140.25,1145.7
5,227,normalize,cpu,1146.33,1150.17
5,227,g_a_cpu,cpu,1150.18,1150.96
5,227,g_a,dpu,1150.96,1164.25
5,227,g_a,dpu,1164.25,1185.1
5,227,g_a_cpu,cpu,1185.11,1185.56
5,227,eb_enc,cpu,1185.56,1191.03
5,237,normalize,cpu,1191.69,1196.36
5,237,g_a_cpu,cpu,1196.37,1196.85
5,237,g_a,dpu,1196.85,1217.37
5,237,g_a,dpu,1217.37,1223.24
5,237,g_a_cpu,cpu,1223.24,1223.92
5,237,eb_enc,cpu,1223.93,1229.52
5,244,normalize,cpu,1230.14,1233.95
5,244,g_a_cpu,cpu,1233.96,1234.45
5,244,g_a,dpu,1234.46,1271.92
5,244,g_a,dpu,1271.92,1288.78
5,244,g_a_cpu,cpu,1288.78,1289.58
5,244,eb_enc,cpu,1289.59,1294.91
5,258,normalize,cpu,1295.65,1304.93
5,258,g_a_cpu,cpu,1304.94,1305.57
5,258,g_a,dpu,1305.57,1324.25
5,258,g_a,dpu,1324.26,1330.31
5,258,g_a_cpu,cpu,1330.32,1330.84
5,258,eb_enc,cpu,1330.84,1339.34
5,268,normalize,cpu,1339.92,1343.69
5,268,g_a_cpu,cpu,1343.7,1344.14
5,268,g_a,dpu,1344.14,1363.21
5,268,g_a,dpu,1363.21,1373.37
5,268,g_a_cpu,cpu,1373.37,1373.92
5,268,eb_enc,cpu,1373.92,1378.89
5,278,normalize,cpu,1379.42,1383.26
5,278,g_a_cpu,cpu,1383.26,1388.86
5,278,g_a,dpu,1388.86,1399.8
5,278,g_a,dpu,1399.81,1425.91
5,278,g_a_cpu,cpu,1425.91,1426.47
5,278,eb_enc,cpu,1426.48,1431.79
5,289,normalize,cpu,1438.04,1442.64
5,289,g_a_cpu,cpu,1442.65,1443.14
5,289,g_a,dpu,1443.15,1461.35
5,289,g_a,dpu,1461.35,1477.94
5,289,g_a_cpu,cpu,1477.94,1478.44
5,289,eb_enc,cpu,1478.44,1483.49
5,299,normalize,cpu,1484.09,1492.05
5,299,g_a_cpu,cpu,1492.06,1492.72
5,299,g_a,dpu,1492.73,1537.37
5,299,g_a,dpu,1537.37,1555.28
5,299,g_a_cpu,cpu,1555.28,1555.94
5,299,eb_enc,cpu,1555.94,1561.1
5,314,normalize,cpu,1561.88,1572.39
5,314,g_a_cpu,cpu,1572.39,1572.9
5,314,g_a,dpu,1572.91,1587.05
5,314,g_a,dpu,1587.05,1606.93
5,314,g_a_cpu,cpu,1606.93,1607.49
5,314,eb_enc,cpu,1607.49,1612.89
5,326,normalize,cpu,1613.76,1617.57
5,326,g_a_cpu,cpu,1617.58,1618.47
5,326,g_a,dpu,1618.47,1642.57
5,326,g_a,dpu,1642.57,1648.75
5,326,g_a_cpu,cpu,1648.76,1649.35
5,326,eb_enc,cpu,1649.35,1654.8
5,336,normalize,cpu,1656.53,1665.75
5,336,g_a_cpu,cpu,1665.76,1666.34
5,336,g_a,dpu,1666.34,1685.45
5,336,g_a,dpu,1685.45,1701.55
5,336,g_a_cpu,cpu,1701.55,1701.96
5,336,eb_enc,cpu,1701.96,1707
5,348,normalize,cpu,1707.57,1711.37
5,348,g_a_cpu,cpu,1711.37,1711.85
5,348,g_a,dpu,1711.85,1747.89
5,348,g_a,dpu,1747.89,1769.84
5,348,g_a_cpu,cpu,1769.84,1770.47
5,348,eb_enc,cpu,1770.48,1775.83
5,361,normalize,cpu,1776.42,1780.09
5,361,g_a_cpu,cpu,1780.1,1780.67
5,361,g_a,dpu,1780.67,1792.69
5,361,g_a,dpu,1792.69,1804.8
5,361,g_a_cpu,cpu,1804.81,1805.63
5,361,eb_enc,cpu,1805.63,1810.97
5,367,normalize,cpu,1811.68,1815.36
5,367,g_a_cpu,cpu,1815.36,1815.8
5,367,g_a,dpu,1815.8,1827.08
5,367,g_a,dpu,1827.09,1848.78
5,367,g_a_cpu,cpu,1848.79,1849.38
5,367,eb_enc,cpu,1849.38,1854.61
5,377,normalize,cpu,1855.29,1859.28
5,377,g_a_cpu,cpu,1859.29,1859.86
5,377,g_a,dpu,1859.86,1884.14
5,377,g_a,dpu,1884.14,1911.88
5,377,g_a_cpu,cpu,1911.89,1912.3
5,377,eb_enc,cpu,1912.3,1917.37
5,391,normalize,cpu,1918.17,1921.89
5,391,g_a_cpu,cpu,1921.89,1922.41
5,391,g_a,dpu,1922.42,1936.99
5,391,g_a,dpu,1936.99,1942.67
5,391,g_a_cpu,cpu,1942.68,1943.16
5,391,eb_enc,cpu,1943.16,1948.44
5,398,normalize,cpu,1949.57,1953.22
5,398,g_a_cpu,cpu,1953.23,1965.58
5,398,g_a,dpu,1965.58,1971.8
5,398,g_a,dpu,1971.8,1981.26
5,398,g_a_cpu,cpu,1981.27,1981.81
5,398,eb_enc,cpu,1981.81,1987.69
5,407,normalize,cpu,1988.67,1992.38
5,407,g_a_cpu,cpu,1992.38,1993.06
5,407,g_a,dpu,1993.06,2022.59
5,407,g_a,dpu,2022.59,2029.24
5,407,g_a_cpu,cpu,2029.24,2029.79
5,407,eb_enc,cpu,2029.79,2034.97
5,418,normalize,cpu,2035.49,2039.24
5,418,g_a_cpu,cpu,2039.25,2039.96
5,418,g_a,dpu,2039.96,2052.12
5,418,g_a,dpu,2052.12,2078.34
5,418,g_a_cpu,cpu,2078.34,2078.76
5,418,eb_enc,cpu,2078.77,2083.9
5,428,normalize,cpu,2084.68,2088.41
5,428,g_a_cpu,cpu,2088.42,2089
5,428,g_a,dpu,2089,2106.42
5,428,g_a,dpu,2106.43,2112.05
5,428,g_a_cpu,cpu,2112.06,2112.47
5,428,eb_enc,cpu,2112.47,2117.88
5,436,normalize,cpu,2118.74,2123.15
5,436,g_a_cpu,cpu,2123.15,2123.55
5,436,g_a,dpu,2123.55,2138.67
5,436,g_a,dpu,2138.67,2160.71
5,436,g_a_cpu,cpu,2160.71,2161.34
5,436,eb_enc,cpu,2161.34,2166.69
5,445,normalize,cpu,2167.56,2171.36
5,445,g_a_cpu,cpu,2171.36,2172.23
5,445,g_a,dpu,2172.24,2189.62
5,445,g_a,dpu,2189.63,2213.66
5,445,g_a_cpu,cpu,2213.66,2214.16
5,445,eb_enc,cpu,2214.16,2219.28
5,458,normalize,cpu,2219.89,2223.58
5,458,g_a_cpu,cpu,2223.58,2224.18
5,458,g_a,dpu,2224.18,2241.3
5,458,g_a,dpu,2241.3,2257.48
5,458,g_a_cpu,cpu,2257.48,2257.93
5,458,eb_enc,cpu,2257.93,2263.15
5,467,normalize,cpu,2263.94,2269.92
5,467,g_a_cpu,cpu,2269.93,2270.79
5,467,g_a,dpu,2270.8,2294.93
5,467,g_a,dpu,2294.94,2324.94
5,467,g_a_cpu,cpu,2324.95,2325.41
5,467,eb_enc,cpu,2325.42,2330.4
5,480,normalize,cpu,2331.08,2338.77
5,480,g_a_cpu,cpu,2338.77,2339.5
5,480,g_a,dpu,2339.5,2361.43
5,480,g_a,dpu,2361.43,2367.28
5,480,g_a_cpu,cpu,2367.28,2367.94
5,480,eb_enc,cpu,2367.95,2373.03
5,490,normalize,cpu,2373.65,2377.49
5,490,g_a_cpu,cpu,2377.49,2378.08
5,490,g_a,dpu,2378.08,2391.52
5,490,g_a,dpu,2391.53,2412.17
5,490,g_a_cpu,cpu,2412.18,2412.67
5,490,eb_enc,cpu,2412.67,2417.94
5,500,normalize,cpu,2418.66,2422.37
5,500,g_a_cpu,cpu,2422.37,2422.79
5,500,g_a,dpu,2422.79,2446.25
5,500,g_a,dpu,2446.26,2451.74
5,500,g_a_cpu,cpu,2451.74,2452.23
5,500,eb_enc,cpu,2452.23,2457.23
5,510,normalize,cpu,2457.86,2461.6
5,510,g_a_cpu,cpu,2461.61,2462.09
5,510,g_a,dpu,2462.1,2483.37
5,510,g_a,dpu,2483.37,2505.16
5,510,g_a_cpu,cpu,2505.17,2505.84
5,510,eb_enc,cpu,2505.84,2511
5,520,normalize,cpu,2511.96,2515.67
5,520,g_a_cpu,cpu,2515.68,2516.45
5,520,g_a,dpu,2516.45,2537.2
5,520,g_a,dpu,2537.2,2551.27
5,520,g_a_cpu,cpu,2551.28,2551.87
5,520,eb_enc,cpu,2551.87,2557.25
5,530,normalize,cpu,2557.86,2561.62
5,530,g_a_cpu,cpu,2561.62,2562.03
5,530,g_a,dpu,2562.03,2568.75
5,530,g_a,dpu,2568.75,2588.76
5,530,g_a_cpu,cpu,2588.76,2589.33
5,530,eb_enc,cpu,2589.33,2594.34
5,537,normalize,cpu,2594.91,2598.69
5,537,g_a_cpu,cpu,2598.7,2599.01
5,537,g_a,dpu,2599.02,2605.98
5,537,g_a,dpu,2605.98,2631.22
5,537,g_a_cpu,cpu,2631.22,2631.88
5,537,eb_enc,cpu,2631.89,2637.16
5,546,normalize,cpu,2637.76,2642.15
5,546,g_a_cpu,cpu,2642.15,2642.91
5,546,g_a,dpu,2642.92,2648.64
5,546,g_a,dpu,2648.64,2670.59
5,546,g_a_cpu,cpu,2670.6,2671.16
5,546,eb_enc,cpu,2671.17,2676.41
5,554,normalize,cpu,2677.2,2680.9
5,554,g_a_cpu,cpu,2680.9,2681.47
5,554,g_a,dpu,2681.47,2699.98
5,554,g_a,dpu,2699.98,2705.97
5,554,g_a_cpu,cpu,2705.97,2706.48
5,554,eb_enc,cpu,2706.48,2712.01
5,563,normalize,cpu,2712.59,2716.38
5,563,g_a_cpu,cpu,2716.38,2716.97
5,563,g_a,dpu,2716.98,2732.18
5,563,g_a,dpu,2732.18,2746.57
5,563,g_a_cpu,cpu,2746.57,2747.05
5,563,eb_enc,cpu,2747.05,2752.77
5,572,normalize,cpu,2753.33,2759.86
5,572,g_a_cpu,cpu,2759.86,2760.39
5,572,g_a,dpu,2760.4,2766.38
5,572,g_a,dpu,2766.38,2783.25
5,572,g_a_cpu,cpu,2783.25,2783.93
5,572,eb_enc,cpu,2783.93,2800.93
5,581,normalize,cpu,2801.84,2805.68
5,581,g_a_cpu,cpu,2805.69,2806.31
5,581,g_a,dpu,2806.31,2823.47
5,581,g_a,dpu,2823.48,2833.77
5,581,g_a_cpu,cpu,2833.77,2834.14
5,581,eb_enc,cpu,2834.14,2842.39
5,589,normalize,cpu,2843.23,2846.92
5,589,g_a_cpu,cpu,2846.93,2847.48
5,589,g_a,dpu,2847.49,2865.81
5,589,g_a,dpu,2865.82,2879.44
5,589,g_a_cpu,cpu,2879.45,2880.06
5,589,eb_enc,cpu,2880.06,2885.68
5,599,normalize,cpu,2886.47,2895.1
5,599,g_a_cpu,cpu,2895.11,2895.65
5,599,g_a,dpu,2895.66,2903.39
5,599,g_a,dpu,2903.39,2911.08
5,599,g_a_cpu,cpu,2911.08,2911.51
5,599,eb_enc,cpu,2911.51,2916.66
5,605,normalize,cpu,2917.28,2920.91
5,605,g_a_cpu,cpu,2920.92,2921.46
5,605,g_a,dpu,2921.46,2938.72
5,605,g_a,dpu,2938.72,2949.02
5,605,g_a_cpu,cpu,2949.02,2949.6
5,605,eb_enc,cpu,2949.61,2958.66
5,614,normalize,cpu,2959.14,2966.11
5,614,g_a_cpu,cpu,2966.11,2966.7
5,614,g_a,dpu,2966.71,2976.77
5,614,g_a,dpu,2976.77,2994.37
5,614,g_a_cpu,cpu,2994.37,2994.94
5,614,eb_enc,cpu,2994.94,3000.27
5,623,normalize,cpu,3000.97,3004.64
5,623,g_a_cpu,cpu,3004.64,3005.24
5,623,g_a,dpu,3005.24,3031.83
5,623,g_a,dpu,3031.83,3043.86
5,623,g_a_cpu,cpu,3043.87,3044.44
5,623,eb_enc,cpu,3044.44,3050.13
5,633,normalize,cpu,3051.18,3055.07
5,633,g_a_cpu,cpu,3055.07,3055.53
5,633,g_a,dpu,3055.54,3078.93
5,633,g_a,dpu,3078.93,3103.18
5,633,g_a_cpu,cpu,3103.19,3103.76
5,633,eb_enc,cpu,3103.76,3109.06
5,646,normalize,cpu,3109.99,3113.65
5,646,g_a_cpu,cpu,3113.66,3114.17
5,646,g_a,dpu,3114.18,3125.34
5,646,g_a,dpu,3125.34,3133.81
5,646,g_a_cpu,cpu,3133.82,3134.34
5,646,eb_enc,cpu,3134.35,3140
5,652,normalize,cpu,3140.66,3147.77
5,652,g_a_cpu,cpu,3147.78,3148.16
5,652,g_a,dpu,3148.16,3155.35
5,652,g_a,dpu,3155.35,3169.77
5,652,g_a_cpu,cpu,3169.77,3170.38
5,652,eb_enc,cpu,3170.38,3175.58
5,660,normalize,cpu,3176.6,3180.76
5,660,g_a_cpu,cpu,3180.77,3181.51
5,660,g_a,dpu,3181.51,3187.28
5,660,g_a,dpu,3187.28,3196.57
5,660,g_a_cpu,cpu,3196.58,3197.58
5,660,eb_enc,cpu,3197.59,3202.82
5,666,normalize,cpu,3203.63,3207.36
5,666,g_a_cpu,cpu,3207.36,3207.87
5,666,g_a,dpu,3207.88,3214.18
5,666,g_a,dpu,3214.18,3219.79
5,666,g_a_cpu,cpu,3219.79,3220.31
5,666,eb_enc,cpu,3220.31,3226.39
5,672,normalize,cpu,3226.95,3230.69
5,672,g_a_cpu,cpu,3230.69,3231.23
5,672,g_a,dpu,3231.23,3250.58
5,672,g_a,dpu,3250.58,3262.44
5,672,g_a_cpu,cpu,3262.44,3263.08
5,672,eb_enc,cpu,3263.08,3268.32
5,681,normalize,cpu,3269.22,3272.84
5,681,g_a_cpu,cpu,3272.85,3273.45
5,681,g_a,dpu,3273.45,3279.8
5,681,g_a,dpu,3279.8,3285.48
5,681,g_a_cpu,cpu,3285.49,3286.11
5,681,eb_enc,cpu,3286.11,3291.51
5,686,normalize,cpu,3294.62,3298.41
5,686,g_a_cpu,cpu,3298.42,3298.94
5,686,g_a,dpu,3298.94,3319.62
5,686,g_a,dpu,3319.62,3325.21
5,686,g_a_cpu,cpu,3325.21,3325.68
5,686,eb_enc,cpu,3325.68,3339.24
5,697,normalize,cpu,3340.27,3369.22
5,697,g_a_cpu,cpu,3369.23,3370.11
5,697,g_a,dpu,3370.12,3395.4
5,697,g_a,dpu,3395.4,3401.17
5,697,g_a_cpu,cpu,3401.17,3401.63
5,697,eb_enc,cpu,3401.63,3406.69
5,711,normalize,cpu,3407.18,3410.98
5,711,g_a_cpu,cpu,3410.99,3411.36
5,711,g_a,dpu,3411.36,3424.51
5,711,g_a,dpu,3424.51,3435.63
5,711,g_a_cpu,cpu,3435.63,3436.14
5,711,eb_enc,cpu,3436.14,3441.5
5,717,normalize,cpu,3442.09,3446.02
5,717,g_a_cpu,cpu,3446.02,3446.45
5,717,g_a,dpu,3446.46,3457.98
5,717,g_a,dpu,3457.98,3473.41
5,717,g_a_cpu,cpu,3473.41,3473.86
5,717,eb_enc,cpu,3473.86,3478.93
5,726,normalize,cpu,3479.5,3483.16
5,726,g_a_cpu,cpu,3483.17,3483.58
5,726,g_a,dpu,3483.58,3489.77
5,726,g_a,dpu,3489.77,3506.82
5,726,g_a_cpu,cpu,3506.83,3507.34
5,726,eb_enc,cpu,3507.34,3512.48
5,733,normalize,cpu,3513.26,3516.9
5,733,g_a_cpu,cpu,3516.9,3517.4
5,733,g_a,dpu,3517.4,3523.68
5,733,g_a,dpu,3523.68,3534.14
5,733,g_a_cpu,cpu,3534.15,3534.78
5,733,eb_enc,cpu,3534.78,3547.67
5,743,normalize,cpu,3548.35,3558.15
5,743,g_a_cpu,cpu,3558.16,3558.71
5,743,g_a,dpu,3558.71,3573.01
5,743,g_a,dpu,3573.01,3578.59
5,743,g_a_cpu,cpu,3578.59,3579.51
5,743,eb_enc,cpu,3579.51,3587.43
5,752,normalize,cpu,3588.26,3597.76
5,752,g_a_cpu,cpu,3597.77,3599.01
5,752,g_a,dpu,3599.02,3609.41
5,752,g_a,dpu,3609.41,3615.25
5,752,g_a_cpu,cpu,3615.25,3615.72
5,752,eb_enc,cpu,3615.72,3621
5,760,normalize,cpu,3621.7,3626.65
5,760,g_a_cpu,cpu,3626.65,3627.18
5,760,g_a,dpu,3627.19,3638.06
5,760,g_a,dpu,3638.07,3644.52
5,760,g_a_cpu,cpu,3644.53,3645.24
5,760,eb_enc,cpu,3645.25,3650.8
5,764,normalize,cpu,3651.33,3655.28
5,764,g_a_cpu,cpu,3655.28,3655.7
5,764,g_a,dpu,3655.7,3661.4
5,764,g_a,dpu,3661.4,3690.92
5,764,g_a_cpu,cpu,3690.92,3691.43
5,764,eb_enc,cpu,3691.44,3696.58
5,775,normalize,cpu,3697.46,3701.08
5,775,g_a_cpu,cpu,3701.08,3703.77
5,775,g_a,dpu,3703.77,3729.11
5,775,g_a,dpu,3729.11,3735.22
5,775,g_a_cpu,cpu,3735.22,3736.21
5,775,eb_enc,cpu,3736.22,3747.24
5,786,normalize,cpu,3747.84,3753.28
5,786,g_a_cpu,cpu,3753.28,3753.72
5,786,g_a,dpu,3753.72,3774.24
5,786,g_a,dpu,3774.24,3791.7
5,786,g_a_cpu,cpu,3791.7,3792.17
5,786,eb_enc,cpu,3792.18,3797.21
5,795,normalize,cpu,3798.07,3801.73
5,795,g_a_cpu,cpu,3801.74,3802.55
5,795,g_a,dpu,3802.55,3813.41
5,795,g_a,dpu,3813.41,3819.39
5,795,g_a_cpu,cpu,3819.4,3819.96
5,795,eb_enc,cpu,3819.96,3825
5,803,normalize,cpu,3825.6,3829.4
5,803,g_a_cpu,cpu,3829.41,3830.12
5,803,g_a,dpu,3830.13,3846.61
5,803,g_a,dpu,3846.63,3852.32
5,803,g_a_cpu,cpu,3852.33,3852.82
5,803,eb_enc,cpu,3852.82,3860.73
5,809,normalize,cpu,3861.65,3876.37
5,809,g_a_cpu,cpu,3876.38,3876.9
5,809,g_a,dpu,3876.9,3883.56
5,809,g_a,dpu,3883.56,3889.4
5,809,g_a_cpu,cpu,3889.4,3889.91
5,809,eb_enc,cpu,3889.91,3895.26
5,818,normalize,cpu,3895.79,3900.07
5,818,g_a_cpu,cpu,3900.07,3900.53
5,818,g_a,dpu,3900.53,3917.7
5,818,g_a,dpu,3917.7,3937.43
5,818,g_a_cpu,cpu,3937.43,3938.14
5,818,eb_enc,cpu,3938.14,3944.31
5,827,normalize,cpu,3945.41,3949.15
5,827,g_a_cpu,cpu,3949.15,3949.58
5,827,g_a,dpu,3949.58,3958.66
5,827,g_a,dpu,3958.66,3975.52
5,827,g_a_cpu,cpu,3975.52,3976.11
5,827,eb_enc,cpu,3976.11,3981.47
5,836,normalize,cpu,3982.08,3985.92
5,836,g_a_cpu,cpu,3985.92,3986.33
5,836,g_a,dpu,3986.33,3992.1
5,836,g_a,dpu,3992.1,3997.67
5,836,g_a_cpu,cpu,3997.67,3998.07
5,836,eb_enc,cpu,3998.08,4004.17
5,841,normalize,cpu,4004.78,4009.48
5,841,g_a_cpu,cpu,4009.49,4009.97
5,841,g_a,dpu,4009.98,4031.17
5,841,g_a,dpu,4031.17,4046.52
5,841,g_a_cpu,cpu,4046.53,4046.9
5,841,eb_enc,cpu,4046.9,4052.03
5,852,normalize,cpu,4052.59,4056.24
5,852,g_a_cpu,cpu,4056.24,4056.66
5,852,g_a,dpu,4056.67,4068.41
5,852,g_a,dpu,4068.41,4074.39
5,852,g_a_cpu,cpu,4074.39,4074.98
5,852,eb_enc,cpu,4074.98,4080.39
5,857,normalize,cpu,4080.97,4084.62
5,857,g_a_cpu,cpu,4084.63,4093.24
5,857,g_a,dpu,4093.24,4122.92
5,857,g_a,dpu,4122.92,4149.23
5,857,g_a_cpu,cpu,4149.23,4149.6
5,857,eb_enc,cpu,4149.61,4154.61
5,876,normalize,cpu,4155.07,4158.88
5,876,g_a_cpu,cpu,4158.88,4159.33
5,876,g_a,dpu,4159.33,4178.15
5,876,g_a,dpu,4178.15,4185.37
5,876,g_a_cpu,cpu,4185.38,4185.75
5,876,eb_enc,cpu,4185.76,4190.9
5,884,normalize,cpu,4191.9,4195.59
5,884,g_a_cpu,cpu,4195.59,4196.04
5,884,g_a,dpu,4196.05,4226.41
5,884,g_a,dpu,4226.41,4240.62
5,884,g_a_cpu,cpu,4240.63,4241.38
5,884,eb_enc,cpu,4241.38,4246.69
5,895,normalize,cpu,4247.59,4251.35
5,895,g_a_cpu,cpu,4251.36,4251.78
5,895,g_a,dpu,4251.79,4262.73
5,895,g_a,dpu,4262.74,4273.17
5,895,g_a_cpu,cpu,4273.17,4273.72
5,895,eb_enc,cpu,4273.72,4279.07
5,902,normalize,cpu,4279.67,4283.37
5,902,g_a_cpu,cpu,4283.38,4283.89
5,902,g_a,dpu,4283.89,4307.91
5,902,g_a,dpu,4307.91,4313.46
5,902,g_a_cpu,cpu,4313.46,4314.01
5,902,eb_enc,cpu,4314.01,4319.15
5,911,normalize,cpu,4319.61,4323.4
5,911,g_a_cpu,cpu,4323.4,4323.8
5,911,g_a,dpu,4323.8,4338.2
5,911,g_a,dpu,4338.2,4356.13
5,911,g_a_cpu,cpu,4356.13,4356.68
5,911,eb_enc,cpu,4356.69,4362.05
5,920,normalize,cpu,4362.55,4369.64
5,920,g_a_cpu,cpu,4369.65,4370.35
5,920,g_a,dpu,4370.36,4376.26
5,920,g_a,dpu,4376.27,4386.12
5,920,g_a_cpu,cpu,4386.13,4386.56
5,920,eb_enc,cpu,4386.56,4391.79
6,2,normalize,cpu,69.8276,73.5698
6,2,g_a_cpu,cpu,73.6922,74.001
6,2,g_a,dpu,74.0275,86.2385
6,2,g_a,dpu,86.2429,102.897
6,2,g_a_cpu,cpu,102.9,103.426
6,2,eb_enc,cpu,103.433,110.152
6,12,normalize,cpu,110.994,114.661
6,12,g_a_cpu,cpu,114.664,115.061
6,12,g_a,dpu,115.064,121.2
6,12,g_a,dpu,121.208,126.72
6,12,g_a_cpu,cpu,126.722,127.148
6,12,eb_enc,cpu,127.15,133.023
6,17,normalize,cpu,133.934,157.742
6,17,g_a_cpu,cpu,157.747,158.224
6,17,g_a,dpu,158.23,165.434
6,17,g_a,dpu,165.437,170.925
6,17,g_a_cpu,cpu,170.926,171.6
6,17,eb_enc,cpu,171.619,186.656
6,27,normalize,cpu,187.333,206.458
6,27,g_a_cpu,cpu,206.462,206.864
6,27,g_a,dpu,206.868,217.228
6,27,g_a,dpu,217.229,227.167
6,27,g_a_cpu,cpu,227.169,227.561
6,27,eb_enc,cpu,227.563,232.49
6,36,normalize,cpu,233.073,236.742
6,36,g_a_cpu,cpu,236.746,249.265
6,36,g_a,dpu,249.27,260.846
6,36,g_a,dpu,260.847,266.113
6,36,g_a_cpu,cpu,266.117,266.763
6,36,eb_enc,cpu,266.768,271.983
6,44,normalize,cpu,272.644,276.49
6,44,g_a_cpu,cpu,276.493,276.84
6,44,g_a,dpu,276.843,282.107
6,44,g_a,dpu,282.113,287.28
6,44,g_a_cpu,cpu,287.285,287.867
6,44,eb_enc,cpu,287.87,293.312
6,49,normalize,cpu,294.117,297.766
6,49,g_a_cpu,cpu,297.769,298.21
6,49,g_a,dpu,298.214,320.667
6,49,g_a,dpu,320.67,337.536
6,49,g_a_cpu,cpu,337.539,338.134
6,49,eb_enc,cpu,338.137,351.089
6,60,normalize,cpu,351.795,356.296
6,60,g_a_cpu,cpu,356.298,356.72
6,60,g_a,dpu,356.723,362.317
6,60,g_a,dpu,362.318,367.594
6,60,g_a_cpu,cpu,367.596,368.047
6,60,eb_enc,cpu,368.05,373.367
6,66,normalize,cpu,374.391,378.096
6,66,g_a_cpu,cpu,378.102,378.973
6,66,g_a,dpu,378.982,430.284
6,66,g_a,dpu,430.286,435.314
6,66,g_a_cpu,cpu,435.315,435.673
6,66,eb_enc,cpu,435.675,440.587
6,77,normalize,cpu,441.064,444.761
6,77,g_a_cpu,cpu,444.769,445.254
6,77,g_a,dpu,445.257,460.085
6,77,g_a,dpu,460.087,465.825
6,77,g_a_cpu,cpu,465.828,466.346
6,77,eb_enc,cpu,466.353,477.593
6,87,normalize,cpu,478.056,482.843
6,87,g_a_cpu,cpu,482.847,483.212
6,87,g_a,dpu,483.214,506.249
6,87,g_a,dpu,506.251,511.94
6,87,g_a_cpu,cpu,511.944,512.428
6,87,eb_enc,cpu,512.458,519.66
6,95,normalize,cpu,520.305,524.739
6,95,g_a_cpu,cpu,524.744,525.608
6,95,g_a,dpu,525.612,541.366
6,95,g_a,dpu,541.367,546.572
6,95,g_a_cpu,cpu,546.574,547.117
6,95,eb_enc,cpu,547.121,552.078
6,102,normalize,cpu,552.797,556.462
6,102,g_a_cpu,cpu,556.466,557.183
6,102,g_a,dpu,557.19,565.602
6,102,g_a,dpu,565.603,570.739
6,102,g_a_cpu,cpu,570.744,571.446
6,102,eb_enc,cpu,571.452,576.743
6,107,normalize,cpu,577.396,586.848
6,107,g_a_cpu,cpu,586.851,587.207
6,107,g_a,dpu,587.211,592.508
6,107,g_a,dpu,592.51,618.858
6,107,g_a_cpu,cpu,618.859,619.353
6,107,eb_enc,cpu,619.355,624.596
6,118,normalize,cpu,625.5,629.224
6,118,g_a_cpu,cpu,629.228,629.918
6,118,g_a,dpu,629.929,641.407
6,118,g_a,dpu,641.409,650.995
6,118,g_a_cpu,cpu,650.999,651.616
6,118,eb_enc,cpu,651.62,656.903
6,124,normalize,cpu,657.784,665.922
6,124,g_a_cpu,cpu,665.929,666.544
6,124,g_a,dpu,666.554,672.267
6,124,g_a,dpu,672.27,697.601
6,124,g_a_cpu,cpu,697.603,698.114
6,124,eb_enc,cpu,698.117,703.128
6,132,normalize,cpu,703.922,707.613
6,132,g_a_cpu,cpu,707.616,708.04
6,132,g_a,dpu,708.043,713.499
6,132,g_a,dpu,713.501,722.743
6,132,g_a_cpu,cpu,722.745,723.327
6,132,eb_enc,cpu,723.33,729.225
6,139,normalize,cpu,730.073,733.817
6,139,g_a_cpu,cpu,733.819,734.131
6,139,g_a,dpu,734.134,750.151
6,139,g_a,dpu,750.153,755.598
6,139,g_a_cpu,cpu,755.599,756.26
6,139,eb_enc,cpu,756.262,761.424
6,145,normalize,cpu,766.233,772.128
6,145,g_a_cpu,cpu,772.132,772.735
6,145,g_a,dpu,772.744,784.407
6,145,g_a,dpu,784.408,809.36
6,145,g_a_cpu,cpu,809.362,809.75
6,145,eb_enc,cpu,809.752,814.744
6,157,normalize,cpu,815.314,819.019
6,157,g_a_cpu,cpu,819.024,819.577
6,157,g_a,dpu,819.582,838.588
6,157,g_a,dpu,838.59,852.57
6,157,g_a_cpu,cpu,852.572,853.342
6,157,eb_enc,cpu,853.344,858.435
6,166,normalize,cpu,859.382,863.138
6,166,g_a_cpu,cpu,863.142,863.53
6,166,g_a,dpu,863.535,879.76
6,166,g_a,dpu,879.761,885.016
6,166,g_a_cpu,cpu,885.017,885.666
6,166,eb_enc,cpu,885.671,890.867
6,173,normalize,cpu,891.855,895.698
6,173,g_a_cpu,cpu,895.703,896.129
6,173,g_a,dpu,896.132,906.06
6,173,g_a,dpu,906.077,922.021
6,173,g_a_cpu,cpu,922.024,922.85
6,173,eb_enc,cpu,922.858,927.969
6,181,normalize,cpu,928.681,932.426
6,181,g_a_cpu,cpu,932.43,932.933
6,181,g_a,dpu,932.937,945.812
6,181,g_a,dpu,945.814,951.27
6,181,g_a_cpu,cpu,951.272,951.861
6,181,eb_enc,cpu,951.867,957.034
6,187,normalize,cpu,959.619,963.3
6,187,g_a_cpu,cpu,963.304,969.061
6,187,g_a,dpu,969.077,993.424
6,187,g_a,dpu,993.427,999.059
6,187,g_a_cpu,cpu,999.061,999.437
6,187,eb_enc,cpu,999.439,1004.28
6,198,normalize,cpu,1004.72,1008.47
6,198,g_a_cpu,cpu,1008.47,1008.83
6,198,g_a,dpu,1008.83,1038.47
6,198,g_a,dpu,1038.47,1043.62
6,198,g_a_cpu,cpu,1043.62,1043.96
6,198,eb_enc,cpu,1043.97,1049.17
6,206,normalize,cpu,1049.71,1053.47
6,206,g_a_cpu,cpu,1053.48,1053.98
6,206,g_a,dpu,1053.99,1071.09
6,206,g_a,dpu,1071.09,1080.21
6,206,g_a_cpu,cpu,1080.21,1080.66
6,206,eb_enc,cpu,1080.67,1087.46
6,214,normalize,cpu,1088.03,1091.84
6,214,g_a_cpu,cpu,1091.84,1092.27
6,214,g_a,dpu,1092.27,1119.96
6,214,g_a,dpu,1119.96,1130.02
6,214,g_a_cpu,cpu,1130.02,1130.42
6,214,eb_enc,cpu,1130.42,1137.31
6,225,normalize,cpu,1138.06,1142.87
6,225,g_a_cpu,cpu,1142.87,1143.23
6,225,g_a,dpu,1143.23,1159.18
6,225,g_a,dpu,1159.18,1170.13
6,225,g_a_cpu,cpu,1170.13,1170.61
6,225,eb_enc,cpu,1170.61,1176.12
6,233,normalize,cpu,1176.77,1180.62
6,233,g_a_cpu,cpu,1180.62,1181.2
6,233,g_a,dpu,1181.21,1194.09
6,233,g_a,dpu,1194.1,1208.52
6,233,g_a_cpu,cpu,1208.53,1209.05
6,233,eb_enc,cpu,1209.06,1214.03
6,240,normalize,cpu,1214.65,1219.11
6,240,g_a_cpu,cpu,1219.12,1219.72
6,240,g_a,dpu,1219.72,1236.82
6,240,g_a,dpu,1236.82,1242.16
6,240,g_a_cpu,cpu,1242.16,1242.73
6,240,eb_enc,cpu,1242.73,1247.92
6,248,normalize,cpu,1248.68,1252.39
6,248,g_a_cpu,cpu,1252.4,1252.93
6,248,g_a,dpu,1252.93,1271.05
6,248,g_a,dpu,1271.06,1277.45
6,248,g_a_cpu,cpu,1277.46,1278.11
6,248,eb_enc,cpu,1278.11,1283.57
6,255,normalize,cpu,1284.63,1288.37
6,255,g_a_cpu,cpu,1288.38,1295.23
6,255,g_a,dpu,1295.24,1313.81
6,255,g_a,dpu,1313.81,1323.15
6,255,g_a_cpu,cpu,1323.15,1323.53
6,255,eb_enc,cpu,1323.54,1328.59
6,266,normalize,cpu,1329.07,1340.74
6,266,g_a_cpu,cpu,1340.75,1341.21
6,266,g_a,dpu,1341.22,1349.85
6,266,g_a,dpu,1349.85,1355.28
6,266,g_a_cpu,cpu,1355.29,1355.95
6,266,eb_enc,cpu,1355.96,1360.92
6,273,normalize,cpu,1361.95,1365.63
6,273,g_a_cpu,cpu,1365.63,1366.46
6,273,g_a,dpu,1366.47,1390.65
6,273,g_a,dpu,1390.65,1404.74
6,273,g_a_cpu,cpu,1404.74,1405.33
6,273,eb_enc,cpu,1405.34,1410.54
6,284,normalize,cpu,1411.17,1414.83
6,284,g_a_cpu,cpu,1414.83,1415.31
6,284,g_a,dpu,1415.31,1420.75
6,284,g_a,dpu,1420.75,1426.49
6,284,g_a_cpu,cpu,1426.49,1427.06
6,284,eb_enc,cpu,1427.06,1432.17
6,290,normalize,cpu,1433.32,1436.95
6,290,g_a_cpu,cpu,1436.96,1437.58
6,290,g_a,dpu,1437.58,1451.87
6,290,g_a,dpu,1451.87,1495.42
6,290,g_a_cpu,cpu,1495.43,1496.14
6,290,eb_enc,cpu,1496.15,1501.19
6,301,normalize,cpu,1501.85,1506.54
6,301,g_a_cpu,cpu,1506.54,1507.5
6,301,g_a,dpu,1507.51,1518.97
6,301,g_a,dpu,1518.97,1542.23
6,301,g_a_cpu,cpu,1542.23,1542.88
6,301,eb_enc,cpu,1542.89,1548.29
6,310,normalize,cpu,1548.84,1552.69
6,310,g_a_cpu,cpu,1552.7,1553.1
6,310,g_a,dpu,1553.1,1569.89
6,310,g_a,dpu,1569.89,1574.97
6,310,g_a_cpu,cpu,1574.98,1575.42
6,310,eb_enc,cpu,1575.43,1580.38
6,318,normalize,cpu,1580.99,1584.74
6,318,g_a_cpu,cpu,1584.75,1585.17
6,318,g_a,dpu,1585.18,1610.66
6,318,g_a,dpu,1610.66,1616.02
6,318,g_a_cpu,cpu,1616.02,1616.47
6,318,eb_enc,cpu,1616.48,1621.65
6,328,normalize,cpu,1623.52,1627.29
6,328,g_a_cpu,cpu,1627.29,1627.89
6,328,g_a,dpu,1627.89,1643.59
6,328,g_a,dpu,1643.6,1648.95
6,328,g_a_cpu,cpu,1648.95,1649.67
6,328,eb_enc,cpu,1649.68,1654.72
6,335,normalize,cpu,1655.63,1659.4
6,335,g_a_cpu,cpu,1659.41,1666.79
6,335,g_a,dpu,1666.79,1689.83
6,335,g_a,dpu,1689.83,1694.98
6,335,g_a_cpu,cpu,1694.98,1695.49
6,335,eb_enc,cpu,1695.5,1700.7
6,346,normalize,cpu,1701.31,1709.51
6,346,g_a_cpu,cpu,1709.51,1710.2
6,346,g_a,dpu,1710.21,1730.76
6,346,g_a,dpu,1730.76,1750.76
6,346,g_a_cpu,cpu,1750.76,1751.21
6,346,eb_enc,cpu,1751.21,1756.99
6,355,normalize,cpu,1758.06,1762.05
6,355,g_a_cpu,cpu,1762.05,1762.76
6,355,g_a,dpu,1762.77,1778.03
6,355,g_a,dpu,1778.03,1783.79
6,355,g_a_cpu,cpu,1783.79,1784.26
6,355,eb_enc,cpu,1784.28,1789.65
6,364,normalize,cpu,1790.46,1795.2
6,364,g_a_cpu,cpu,1795.2,1795.79
6,364,g_a,dpu,1795.8,1821.89
6,364,g_a,dpu,1821.89,1836.29
6,364,g_a_cpu,cpu,1836.29,1836.79
6,364,eb_enc,cpu,1836.79,1841.86
6,373,normalize,cpu,1842.85,1846.52
6,373,g_a_cpu,cpu,1846.53,1847.06
6,373,g_a,dpu,1847.06,1852.53
6,373,g_a,dpu,1852.53,1860.57
6,373,g_a_cpu,cpu,1860.58,1860.96
6,373,eb_enc,cpu,1860.97,1866.71
6,380,normalize,cpu,1867.81,1881.77
6,380,g_a_cpu,cpu,1881.77,1882.16
6,380,g_a,dpu,1882.16,1889.29
6,380,g_a,dpu,1889.3,1894.59
6,380,g_a_cpu,cpu,1894.6,1895.09
6,380,eb_enc,cpu,1895.09,1900.09
6,387,normalize,cpu,1900.67,1905.22
6,387,g_a_cpu,cpu,1905.22,1905.69
6,387,g_a,dpu,1905.69,1924.72
6,387,g_a,dpu,1924.72,1936.14
6,387,g_a_cpu,cpu,1936.14,1936.49
6,387,eb_enc,cpu,1936.49,1941.73
6,397,normalize,cpu,1942.51,1946.33
6,397,g_a_cpu,cpu,1946.33,1946.71
6,397,g_a,dpu,1946.71,1963.42
6,397,g_a,dpu,1963.42,1973.59
6,397,g_a_cpu,cpu,1973.59,1973.96
6,397,eb_enc,cpu,1973.96,1979.18
6,406,normalize,cpu,1979.95,1983.77
6,406,g_a_cpu,cpu,1983.77,1984.44
6,406,g_a,dpu,1984.44,1990.48
6,406,g_a,dpu,1990.49,2013.79
6,406,g_a_cpu,cpu,2013.79,2014.31
6,406,eb_enc,cpu,2014.32,2019.55
6,413,normalize,cpu,2020.11,2029.16
6,413,g_a_cpu,cpu,2029.17,2029.72
6,413,g_a,dpu,2029.72,2035.09
6,413,g_a,dpu,2035.09,2058.95
6,413,g_a_cpu,cpu,2058.95,2059.45
6,413,eb_enc,cpu,2059.45,2064.67
6,422,normalize,cpu,2065.45,2069.31
6,422,g_a_cpu,cpu,2069.32,2069.97
6,422,g_a,dpu,2069.98,2078.71
6,422,g_a,dpu,2078.71,2084
6,422,g_a_cpu,cpu,2084,2084.45
6,422,eb_enc,cpu,2084.45,2089.69
6,429,normalize,cpu,2091.08,2094.77
6,429,g_a_cpu,cpu,2094.82,2095.41
6,429,g_a,dpu,2095.42,2114.98
6,429,g_a,dpu,2114.98,2120.1
6,429,g_a_cpu,cpu,2120.1,2120.45
6,429,eb_enc,cpu,2120.45,2125.36
6,438,normalize,cpu,2126.05,2129.76
6,438,g_a_cpu,cpu,2129.76,2130.16
6,438,g_a,dpu,2130.16,2143.93
6,438,g_a,dpu,2143.93,2149.21
6,438,g_a_cpu,cpu,2149.21,2150.08
6,438,eb_enc,cpu,2150.09,2155.21
6,442,normalize,cpu,2155.77,2159.48
6,442,g_a_cpu,cpu,2159.48,2159.97
6,442,g_a,dpu,2159.98,2171.51
6,442,g_a,dpu,2171.51,2185.94
6,442,g_a_cpu,cpu,2185.94,2186.35
6,442,eb_enc,cpu,2186.35,2191.98
6,451,normalize,cpu,2192.86,2196.59
6,451,g_a_cpu,cpu,2196.6,2197.1
6,451,g_a,dpu,2197.1,2203.95
6,451,g_a,dpu,2203.96,2209.32
6,451,g_a_cpu,cpu,2209.33,2209.91
6,451,eb_enc,cpu,2209.91,2226.11
6,460,normalize,cpu,2226.62,2230.37
6,460,g_a_cpu,cpu,2230.37,2230.85
6,460,g_a,dpu,2230.85,2241.2
6,460,g_a,dpu,2241.2,2261.37
6,460,g_a_cpu,cpu,2261.37,2261.87
6,460,eb_enc,cpu,2261.88,2266.98
6,468,normalize,cpu,2267.97,2271.69
6,468,g_a_cpu,cpu,2271.69,2272.27
6,468,g_a,dpu,2272.27,2278.1
6,468,g_a,dpu,2278.1,2303.12
6,468,g_a_cpu,cpu,2303.12,2303.74
6,468,eb_enc,cpu,2303.75,2308.75
6,476,normalize,cpu,2310.09,2315.56
6,476,g_a_cpu,cpu,2315.56,2316.03
6,476,g_a,dpu,2316.04,2321.38
6,476,g_a,dpu,2321.38,2333.34
6,476,g_a_cpu,cpu,2333.35,2333.86
6,476,eb_enc,cpu,2333.87,2339.2
6,482,normalize,cpu,2339.99,2355.21
6,482,g_a_cpu,cpu,2355.21,2355.69
6,482,g_a,dpu,2355.69,2360.98
6,482,g_a,dpu,2360.99,2366.8
6,482,g_a_cpu,cpu,2366.8,2367.36
6,482,eb_enc,cpu,2367.37,2378.46
6,491,normalize,cpu,2379.27,2383.04
6,491,g_a_cpu,cpu,2383.04,2383.44
6,491,g_a,dpu,2383.44,2391.65
6,491,g_a,dpu,2391.65,2396.83
6,491,g_a_cpu,cpu,2396.84,2397.56
6,491,eb_enc,cpu,2397.56,2402.81
6,497,normalize,cpu,2403.63,2407.3
6,497,g_a_cpu,cpu,2407.31,2407.83
6,497,g_a,dpu,2407.83,2413.31
6,497,g_a,dpu,2413.31,2428.72
6,497,g_a_cpu,cpu,2428.72,2429.41
6,497,eb_enc,cpu,2429.42,2436.16
6,505,normalize,cpu,2436.72,2440.52
6,505,g_a_cpu,cpu,2440.53,2440.89
6,505,g_a,dpu,2440.89,2465.88
6,505,g_a,dpu,2465.88,2471.01
6,505,g_a_cpu,cpu,2471.02,2471.69
6,505,eb_enc,cpu,2471.7,2477.01
6,513,normalize,cpu,2478.13,2482.07
6,513,g_a_cpu,cpu,2482.08,2482.51
6,513,g_a,dpu,2482.51,2517.5
6,513,g_a,dpu,2517.5,2523.2
6,513,g_a_cpu,cpu,2523.2,2523.76
6,513,eb_enc,cpu,2523.76,2529.62
6,524,normalize,cpu,2530.6,2535.69
6,524,g_a_cpu,cpu,2535.7,2536.27
6,524,g_a,dpu,2536.28,2567.26
6,524,g_a,dpu,2567.26,2572.53
6,524,g_a_cpu,cpu,2572.54,2573.11
6,524,eb_enc,cpu,2573.11,2578.71
6,532,normalize,cpu,2579.65,2583.57
6,532,g_a_cpu,cpu,2583.57,2584.11
6,532,g_a,dpu,2584.12,2599.64
6,532,g_a,dpu,2599.64,2615.07
6,532,g_a_cpu,cpu,2615.07,2615.59
6,532,eb_enc,cpu,2615.59,2620.73
6,541,normalize,cpu,2621.31,2624.94
6,541,g_a_cpu,cpu,2624.95,2625.69
6,541,g_a,dpu,2625.7,2641.36
6,541,g_a,dpu,2641.36,2651.08
6,541,g_a_cpu,cpu,2651.08,2651.64
6,541,eb_enc,cpu,2651.65,2656.67
6,549,normalize,cpu,2657.32,2660.94
6,549,g_a_cpu,cpu,2660.94,2661.45
6,549,g_a,dpu,2661.45,2675.23
6,549,g_a,dpu,2675.23,2680.77
6,549,g_a_cpu,cpu,2680.78,2681.27
6,549,eb_enc,cpu,2681.27,2686.38
6,556,normalize,cpu,2687.67,2692.37
6,556,g_a_cpu,cpu,2692.37,2693.01
6,556,g_a,dpu,2693.01,2709.36
6,556,g_a,dpu,2709.36,2714.66
6,556,g_a_cpu,cpu,2714.66,2715.22
6,556,eb_enc,cpu,2715.23,2720.35
6,565,normalize,cpu,2720.87,2724.55
6,565,g_a_cpu,cpu,2724.55,2724.92
6,565,g_a,dpu,2724.92,2741.54
6,565,g_a,dpu,2741.55,2750.06
6,565,g_a_cpu,cpu,2750.07,2750.56
6,565,eb_enc,cpu,2750.56,2755.39
6,573,normalize,cpu,2756.03,2759.74
6,573,g_a_cpu,cpu,2759.75,2760.19
6,573,g_a,dpu,2760.19,2770.91
6,573,g_a,dpu,2770.91,2782.08
6,573,g_a_cpu,cpu,2782.09,2782.68
6,573,eb_enc,cpu,2782.68,2787.9
6,579,normalize,cpu,2788.49,2792.24
6,579,g_a_cpu,cpu,2792.24,2792.65
6,579,g_a,dpu,2792.65,2814.31
6,579,g_a,dpu,2814.31,2823.9
6,579,g_a_cpu,cpu,2823.9,2824.35
6,579,eb_enc,cpu,2824.36,2829.99
6,588,normalize,cpu,2830.57,2834.27
6,588,g_a_cpu,cpu,2834.28,2834.69
6,588,g_a,dpu,2834.69,2856.22
6,588,g_a,dpu,2856.23,2861.97
6,588,g_a_cpu,cpu,2861.97,2862.35
6,588,eb_enc,cpu,2862.35,2868.12
6,595,normalize,cpu,2868.9,2872.59
6,595,g_a_cpu,cpu,2872.59,2873.01
6,595,g_a,dpu,2873.01,2878.54
6,595,g_a,dpu,2878.54,2889.89
6,595,g_a_cpu,cpu,2889.89,2890.6
6,595,eb_enc,cpu,2890.6,2897.37
6,601,normalize,cpu,2898.4,2902.21
6,601,g_a_cpu,cpu,2902.22,2902.74
6,601,g_a,dpu,2902.75,2938.11
6,601,g_a,dpu,2938.11,2952.6
6,601,g_a_cpu,cpu,2952.6,2953.03
6,601,eb_enc,cpu,2953.03,2957.97
6,613,normalize,cpu,2958.54,2962.26
6,613,g_a_cpu,cpu,2962.27,2962.78
6,613,g_a,dpu,2962.79,2968.28
6,613,g_a,dpu,2968.28,2977.62
6,613,g_a_cpu,cpu,2977.62,2978.07
6,613,eb_enc,cpu,2978.07,2984.06
6,618,normalize,cpu,2984.9,2990.17
6,618,g_a_cpu,cpu,2990.17,2990.68
6,618,g_a,dpu,2990.68,3017.47
6,618,g_a,dpu,3017.47,3032.11
6,618,g_a_cpu,cpu,3032.11,3032.66
6,618,eb_enc,cpu,3032.67,3037.9
6,630,normalize,cpu,3039.15,3042.93
6,630,g_a_cpu,cpu,3042.93,3043.68
6,630,g_a,dpu,3043.68,3049.96
6,630,g_a,dpu,3049.96,3056.49
6,630,g_a_cpu,cpu,3056.49,3056.9
6,630,eb_enc,cpu,3056.9,3062.17
6,638,normalize,cpu,3062.94,3066.63
6,638,g_a_cpu,cpu,3066.63,3067.41
6,638,g_a,dpu,3067.41,3106.53
6,638,g_a,dpu,3106.54,3121.21
6,638,g_a_cpu,cpu,3121.21,3121.6
6,638,eb_enc,cpu,3121.6,3126.59
6,649,normalize,cpu,3127.14,3130.85
6,649,g_a_cpu,cpu,3130.85,3131.19
6,649,g_a,dpu,3131.19,3162.43
6,649,g_a,dpu,3162.43,3167.69
6,649,g_a_cpu,cpu,3167.69,3168.15
6,649,eb_enc,cpu,3168.15,3173.44
6,659,normalize,cpu,3174.02,3177.83
6,659,g_a_cpu,cpu,3177.84,3178.31
6,659,g_a,dpu,3178.31,3197.02
6,659,g_a,dpu,3197.02,3208
6,659,g_a_cpu,cpu,3208.01,3209.75
6,659,eb_enc,cpu,3209.76,3214.74
6,670,normalize,cpu,3215.32,3221.62
6,670,g_a_cpu,cpu,3221.63,3222.14
6,670,g_a,dpu,3222.15,3232.85
6,670,g_a,dpu,3232.85,3251.72
6,670,g_a_cpu,cpu,3251.72,3252.08
6,670,eb_enc,cpu,3252.08,3258.2
6,679,normalize,cpu,3258.84,3262.58
6,679,g_a_cpu,cpu,3262.58,3263.31
6,679,g_a,dpu,3263.31,3281.42
6,679,g_a,dpu,3281.42,3291.01
6,679,g_a_cpu,cpu,3291.01,3291.59
6,679,eb_enc,cpu,3291.6,3296.62
6,688,normalize,cpu,3297.06,3301.86
6,688,g_a_cpu,cpu,3301.87,3302.46
6,688,g_a,dpu,3302.46,3317.91
6,688,g_a,dpu,3317.92,3327.6
6,688,g_a_cpu,cpu,3327.6,3328.02
6,688,eb_enc,cpu,3328.03,3333.83
6,696,normalize,cpu,3334.91,3339.58
6,696,g_a_cpu,cpu,3339.59,3340.26
6,696,g_a,dpu,3340.26,3351.76
6,696,g_a,dpu,3351.76,3357.3
6,696,g_a_cpu,cpu,3357.31,3357.95
6,696,eb_enc,cpu,3357.96,3363.04
6,703,normalize,cpu,3363.6,3368.11
6,703,g_a_cpu,cpu,3368.12,3368.83
6,703,g_a,dpu,3368.83,3388.98
6,703,g_a,dpu,3388.98,3394.07
6,703,g_a_cpu,cpu,3394.07,3394.46
6,703,eb_enc,cpu,3394.46,3399.62
6,709,normalize,cpu,3400.33,3404.12
6,709,g_a_cpu,cpu,3404.13,3404.59
6,709,g_a,dpu,3404.59,3433.33
6,709,g_a,dpu,3433.36,3443.36
6,709,g_a_cpu,cpu,3443.37,3443.71
6,709,eb_enc,cpu,3443.71,3448.57
6,721,normalize,cpu,3449.23,3452.91
6,721,g_a_cpu,cpu,3452.92,3453.54
6,721,g_a,dpu,3453.55,3466.07
6,721,g_a,dpu,3466.07,3479.44
6,721,g_a_cpu,cpu,3479.44,3479.8
6,721,eb_enc,cpu,3479.81,3488.1
6,729,normalize,cpu,3488.59,3492.98
6,729,g_a_cpu,cpu,3492.98,3493.49
6,729,g_a,dpu,3493.5,3503.23
6,729,g_a,dpu,3503.23,3529.29
6,729,g_a_cpu,cpu,3529.29,3529.87
6,729,eb_enc,cpu,3529.87,3535.08
6,739,normalize,cpu,3535.73,3541.63
6,739,g_a_cpu,cpu,3541.63,3542.16
6,739,g_a,dpu,3542.16,3555.34
6,739,g_a,dpu,3555.34,3564.89
6,739,g_a_cpu,cpu,3564.89,3565.72
6,739,eb_enc,cpu,3565.73,3571.02
6,747,normalize,cpu,3571.69,3575.5
6,747,g_a_cpu,cpu,3575.51,3576.09
6,747,g_a,dpu,3576.1,3597.29
6,747,g_a,dpu,3597.29,3608
6,747,g_a_cpu,cpu,3608,3608.64
6,747,eb_enc,cpu,3608.65,3613.76
6,757,normalize,cpu,3614.38,3625.29
6,757,g_a_cpu,cpu,3625.29,3625.71
6,757,g_a,dpu,3625.71,3642.7
6,757,g_a,dpu,3642.7,3647.99
6,757,g_a_cpu,cpu,3648,3648.41
6,757,eb_enc,cpu,3648.42,3653.4
6,765,normalize,cpu,3654.13,3658.9
6,765,g_a_cpu,cpu,3658.9,3659.28
6,765,g_a,dpu,3659.28,3671.18
6,765,g_a,dpu,3671.18,3680.44
6,765,g_a_cpu,cpu,3680.45,3680.92
6,765,eb_enc,cpu,3680.92,3686.11
6,772,normalize,cpu,3686.87,3690.57
6,772,g_a_cpu,cpu,3690.58,3691.09
6,772,g_a,dpu,3691.09,3712.14
6,772,g_a,dpu,3712.14,3725.37
6,772,g_a_cpu,cpu,3725.37,3725.87
6,772,eb_enc,cpu,3725.87,3730.96
6,782,normalize,cpu,3731.49,3735.16
6,782,g_a_cpu,cpu,3735.17,3736.19
6,782,g_a,dpu,3736.2,3749.88
6,782,g_a,dpu,3749.88,3761.6
6,782,g_a_cpu,cpu,3761.6,3762.13
6,782,eb_enc,cpu,3762.14,3767.39
6,789,normalize,cpu,3768.32,3772.27
6,789,g_a_cpu,cpu,3772.27,3772.81
6,789,g_a,dpu,3772.82,3782.84
6,789,g_a,dpu,3782.84,3793.32
6,789,g_a_cpu,cpu,3793.32,3797.73
6,789,eb_enc,cpu,3797.74,3807.9
6,798,normalize,cpu,3811.76,3815.72
6,798,g_a_cpu,cpu,3815.72,3816.1
6,798,g_a,dpu,3816.1,3834.17
6,798,g_a,dpu,3834.17,3840.99
6,798,g_a_cpu,cpu,3840.99,3841.67
6,798,eb_enc,cpu,3841.67,3846.69
6,806,normalize,cpu,3847.37,3851.03
6,806,g_a_cpu,cpu,3851.03,3851.54
6,806,g_a,dpu,3851.54,3856.83
6,806,g_a,dpu,3856.83,3862.23
6,806,g_a_cpu,cpu,3862.24,3862.74
6,806,eb_enc,cpu,3862.74,3867.78
6,811,normalize,cpu,3874.32,3878.07
6,811,g_a_cpu,cpu,3878.07,3878.52
6,811,g_a,dpu,3878.52,3897.7
6,811,g_a,dpu,3897.7,3902.8
6,811,g_a_cpu,cpu,3902.8,3903.28
6,811,eb_enc,cpu,3903.29,3908.25
6,820,normalize,cpu,3908.74,3912.42
6,820,g_a_cpu,cpu,3912.43,3912.86
6,820,g_a,dpu,3912.86,3927.57
6,820,g_a,dpu,3927.57,3950.45
6,820,g_a_cpu,cpu,3950.46,3950.91
6,820,eb_enc,cpu,3950.92,3957.49
6,830,normalize,cpu,3958.6,3962.27
6,830,g_a_cpu,cpu,3962.27,3962.7
6,830,g_a,dpu,3962.7,3968.29
6,830,g_a,dpu,3968.29,4009.88
6,830,g_a_cpu,cpu,4009.88,4010.36
6,830,eb_enc,cpu,4010.36,4015.23
6,844,normalize,cpu,4015.96,4019.62
6,844,g_a_cpu,cpu,4019.62,4019.98
6,844,g_a,dpu,4019.98,4029.5
6,844,g_a,dpu,4029.5,4059.08
6,844,g_a_cpu,cpu,4059.08,4059.46
6,844,eb_enc,cpu,4059.47,4064.68
6,854,normalize,cpu,4065.42,4069.16
6,854,g_a_cpu,cpu,4069.17,4069.82
6,854,g_a,dpu,4069.82,4085.38
6,854,g_a,dpu,4085.38,4090.7
6,854,g_a_cpu,cpu,4090.71,4091.15
6,854,eb_enc,cpu,4091.15,4096.26
6,863,normalize,cpu,4096.82,4100.58
6,863,g_a_cpu,cpu,4100.59,4101.17
6,863,g_a,dpu,4101.18,4115.87
6,863,g_a,dpu,4115.87,4121.17
6,863,g_a_cpu,cpu,4121.17,4121.55
6,863,eb_enc,cpu,4121.55,4128.31
6,869,normalize,cpu,4129.1,4132.88
6,869,g_a_cpu,cpu,4132.89,4133.38
6,869,g_a,dpu,4133.38,4150.56
6,869,g_a,dpu,4150.56,4155.64
6,869,g_a_cpu,cpu,4155.65,4156.07
6,869,eb_enc,cpu,4156.07,4161.28
6,877,normalize,cpu,4162.1,4165.95
6,877,g_a_cpu,cpu,4165.95,4166.34
6,877,g_a,dpu,4166.34,4171.54
6,877,g_a,dpu,4171.54,4180.77
6,877,g_a_cpu,cpu,4180.77,4181.47
6,877,eb_enc,cpu,4181.47,4186.48
6,882,normalize,cpu,4187.14,4190.87
6,882,g_a_cpu,cpu,4190.87,4191.61
6,882,g_a,dpu,4191.62,4213.81
6,882,g_a,dpu,4213.82,4218.86
6,882,g_a_cpu,cpu,4218.86,4219.3
6,882,eb_enc,cpu,4219.3,4224.6
6,890,normalize,cpu,4227.14,4231.82
6,890,g_a_cpu,cpu,4231.83,4232.3
6,890,g_a,dpu,4232.3,4240.81
6,890,g_a,dpu,4240.81,4273.44
6,890,g_a_cpu,cpu,4273.44,4273.99
6,890,eb_enc,cpu,4273.99,4279.08
6,903,normalize,cpu,4279.67,4284.15
6,903,g_a_cpu,cpu,4284.16,4284.67
6,903,g_a,dpu,4284.67,4301.88
6,903,g_a,dpu,4301.88,4307.26
6,903,g_a_cpu,cpu,4307.26,4307.76
6,903,eb_enc,cpu,4307.76,4312.65
6,910,normalize,cpu,4313.19,4316.84
6,910,g_a_cpu,cpu,4316.85,4317.42
6,910,g_a,dpu,4317.43,4334.02
6,910,g_a,dpu,4334.02,4350.31
6,910,g_a_cpu,cpu,4350.31,4350.83
6,910,eb_enc,cpu,4350.83,4355.83
6,919,normalize,cpu,4356.72,4360.38
6,919,g_a_cpu,cpu,4360.38,4360.78
6,919,g_a,dpu,4360.79,4374.26
6,919,g_a,dpu,4374.26,4379.39
6,919,g_a_cpu,cpu,4379.4,4379.78
6,919,eb_enc,cpu,4379.79,4384.84
6,926,normalize,cpu,4385.48,4389.17
6,926,g_a_cpu,cpu,4389.18,4389.66
6,926,g_a,dpu,4389.67,4401.46
6,926,g_a,dpu,4401.46,4413.34
6,926,g_a_cpu,cpu,4413.35,4413.8
6,926,eb_enc,cpu,4413.8,4419.5
7,8,normalize,cpu,81.2614,87.5821
7,8,g_a_cpu,cpu,87.7588,88.2923
7,8,g_a,dpu,88.3017,115.015
7,8,g_a,dpu,115.019,120.692
7,8,g_a_cpu,cpu,120.694,121.373
7,8,eb_enc,cpu,121.391,128.949
7,16,normalize,cpu,129.929,148.182
7,16,g_a_cpu,cpu,148.188,149.085
7,16,g_a,dpu,149.091,180.246
7,16,g_a,dpu,180.253,185.725
7,16,g_a_cpu,cpu,185.727,186.371
7,16,eb_enc,cpu,186.375,191.583
7,28,normalize,cpu,192.157,195.95
7,28,g_a_cpu,cpu,195.954,196.45
7,28,g_a,dpu,196.453,212.165
7,28,g_a,dpu,212.167,217.994
7,28,g_a_cpu,cpu,217.996,218.759
7,28,eb_enc,cpu,218.789,228.518
7,33,normalize,cpu,229.178,233.821
7,33,g_a_cpu,cpu,233.824,234.308
7,33,g_a,dpu,234.311,270.227
7,33,g_a,dpu,270.229,275.385
7,33,g_a_cpu,cpu,275.386,275.832
7,33,eb_enc,cpu,275.835,280.927
7,46,normalize,cpu,281.517,285.287
7,46,g_a_cpu,cpu,285.291,285.883
7,46,g_a,dpu,285.887,296.089
7,46,g_a,dpu,296.092,301.431
7,46,g_a_cpu,cpu,301.433,301.774
7,46,eb_enc,cpu,301.776,307.179
7,52,normalize,cpu,308.272,313.342
7,52,g_a_cpu,cpu,313.346,313.716
7,52,g_a,dpu,313.719,332.494
7,52,g_a,dpu,332.505,350.26
7,52,g_a_cpu,cpu,350.262,350.876
7,52,eb_enc,cpu,350.879,361.576
7,62,normalize,cpu,362.304,365.978
7,62,g_a_cpu,cpu,365.983,366.536
7,62,g_a,dpu,366.54,378.599
7,62,g_a,dpu,378.602,398.437
7,62,g_a_cpu,cpu,398.478,399.452
7,62,eb_enc,cpu,399.457,405.327
7,69,normalize,cpu,406.37,410.087
7,69,g_a_cpu,cpu,410.093,410.701
7,69,g_a,dpu,410.705,448.46
7,69,g_a,dpu,448.461,457.702
7,69,g_a_cpu,cpu,457.706,458.438
7,69,eb_enc,cpu,458.444,463.663
7,81,normalize,cpu,464.55,468.3
7,81,g_a_cpu,cpu,468.309,468.858
7,81,g_a,dpu,468.861,476.307
7,81,g_a,dpu,476.309,485.668
7,81,g_a_cpu,cpu,485.669,486.167
7,81,eb_enc,cpu,486.169,491.318
7,88,normalize,cpu,491.938,495.634
7,88,g_a_cpu,cpu,495.637,495.939
7,88,g_a,dpu,495.941,501.644
7,88,g_a,dpu,501.645,526.174
7,88,g_a_cpu,cpu,526.177,526.799
7,88,eb_enc,cpu,526.802,532.097
7,98,normalize,cpu,532.649,536.511
7,98,g_a_cpu,cpu,536.518,537.066
7,98,g_a,dpu,537.071,545.378
7,98,g_a,dpu,545.379,550.556
7,98,g_a_cpu,cpu,550.558,550.948
7,98,eb_enc,cpu,550.958,557.81
7,103,normalize,cpu,558.715,562.377
7,103,g_a_cpu,cpu,562.38,562.887
7,103,g_a,dpu,562.891,573.014
7,103,g_a,dpu,573.016,589.81
7,103,g_a_cpu,cpu,589.811,590.409
7,103,eb_enc,cpu,590.412,595.542
7,113,normalize,cpu,596.263,599.93
7,113,g_a_cpu,cpu,599.933,600.467
7,113,g_a,dpu,600.469,618.138
7,113,g_a,dpu,618.139,638.819
7,113,g_a_cpu,cpu,638.823,639.61
7,113,eb_enc,cpu,639.611,644.799
7,122,normalize,cpu,645.79,649.451
7,122,g_a_cpu,cpu,649.456,650.011
7,122,g_a,dpu,650.017,683.213
7,122,g_a,dpu,683.215,688.599
7,122,g_a_cpu,cpu,688.603,689.443
7,122,eb_enc,cpu,689.446,694.883
7,131,normalize,cpu,695.487,699.193
7,131,g_a_cpu,cpu,699.197,699.589
7,131,g_a,dpu,699.592,713.726
7,131,g_a,dpu,713.727,740.323
7,131,g_a_cpu,cpu,740.324,740.944
7,131,eb_enc,cpu,740.947,746.089
7,141,normalize,cpu,746.862,750.7
7,141,g_a_cpu,cpu,750.703,751.327
7,141,g_a,dpu,751.333,756.92
7,141,g_a,dpu,756.921,789.707
7,141,g_a_cpu,cpu,789.709,790.333
7,141,eb_enc,cpu,790.336,800.597
7,153,normalize,cpu,801.513,806.001
7,153,g_a_cpu,cpu,806.005,807.047
7,153,g_a,dpu,807.058,815.831
7,153,g_a,dpu,815.835,841.658
7,153,g_a_cpu,cpu,841.659,842.159
7,153,eb_enc,cpu,842.161,847.135
7,164,normalize,cpu,847.995,851.675
7,164,g_a_cpu,cpu,851.678,851.981
7,164,g_a,dpu,851.984,862.088
7,164,g_a,dpu,862.091,867.342
7,164,g_a_cpu,cpu,867.345,867.953
7,164,eb_enc,cpu,867.957,880.161
7,172,normalize,cpu,880.936,885.369
7,172,g_a_cpu,cpu,885.374,886.018
7,172,g_a,dpu,886.024,913.467
7,172,g_a,dpu,913.469,929.338
7,172,g_a_cpu,cpu,929.341,930.057
7,172,eb_enc,cpu,930.059,935.415
7,189,normalize,cpu,959.629,963.3
7,189,g_a_cpu,cpu,963.305,964.108
7,189,g_a,dpu,964.11,988.039
7,189,g_a,dpu,988.043,997.74
7,189,g_a_cpu,cpu,997.743,998.353
7,189,eb_enc,cpu,998.356,1003.41
7,197,normalize,cpu,1003.87,1007.58
7,197,g_a_cpu,cpu,1007.59,1008.01
7,197,g_a,dpu,1008.01,1030.06
7,197,g_a,dpu,1030.06,1035.28
7,197,g_a_cpu,cpu,1035.29,1035.64
7,197,eb_enc,cpu,1035.64,1040.75
7,204,normalize,cpu,1041.26,1044.88
7,204,g_a_cpu,cpu,1044.88,1045.44
7,204,g_a,dpu,1045.45,1061.94
7,204,g_a,dpu,1061.95,1071.84
7,204,g_a_cpu,cpu,1071.84,1072.39
7,204,eb_enc,cpu,1072.39,1077.43
7,212,normalize,cpu,1078.15,1081.79
7,212,g_a_cpu,cpu,1081.8,1082.23
7,212,g_a,dpu,1082.24,1095.43
7,212,g_a,dpu,1095.44,1100.66
7,212,g_a_cpu,cpu,1100.66,1101.05
7,212,eb_enc,cpu,1101.05,1106.42
7,218,normalize,cpu,1107.05,1110.8
7,218,g_a_cpu,cpu,1110.8,1111.3
7,218,g_a,dpu,1111.3,1124.41
7,218,g_a,dpu,1124.41,1129.77
7,218,g_a_cpu,cpu,1129.77,1135.54
7,218,eb_enc,cpu,1135.55,1140.7
7,226,normalize,cpu,1141.26,1154.34
7,226,g_a_cpu,cpu,1154.35,1155.06
7,226,g_a,dpu,1155.06,1160.68
7,226,g_a,dpu,1160.68,1166.13
7,226,g_a_cpu,cpu,1166.13,1166.54
7,226,eb_enc,cpu,1166.54,1172.06
7,232,normalize,cpu,1172.73,1176.53
7,232,g_a_cpu,cpu,1176.54,1177.08
7,232,g_a,dpu,1177.08,1194.02
7,232,g_a,dpu,1194.03,1208.7
7,232,g_a_cpu,cpu,1208.7,1209.32
7,232,eb_enc,cpu,1209.32,1217.23
7,241,normalize,cpu,1217.92,1221.66
7,241,g_a_cpu,cpu,1221.67,1222.13
7,241,g_a,dpu,1222.14,1227.71
7,241,g_a,dpu,1227.71,1236.83
7,241,g_a_cpu,cpu,1236.83,1237.23
7,241,eb_enc,cpu,1237.24,1249.04
7,249,normalize,cpu,1250.13,1253.83
7,249,g_a_cpu,cpu,1253.84,1254.78
7,249,g_a,dpu,1254.78,1270.03
7,249,g_a,dpu,1270.04,1275.89
7,249,g_a_cpu,cpu,1275.89,1276.51
7,249,eb_enc,cpu,1276.51,1291.43
7,257,normalize,cpu,1292.09,1297.61
7,257,g_a_cpu,cpu,1297.61,1298.31
7,257,g_a,dpu,1298.31,1320.24
7,257,g_a,dpu,1320.24,1329.29
7,257,g_a_cpu,cpu,1329.29,1329.86
7,257,eb_enc,cpu,1329.86,1335.04
7,267,normalize,cpu,1335.56,1343.9
7,267,g_a_cpu,cpu,1343.91,1344.39
7,267,g_a,dpu,1344.4,1350.56
7,267,g_a,dpu,1350.56,1370.55
7,267,g_a_cpu,cpu,1370.55,1371.17
7,267,eb_enc,cpu,1371.17,1376.28
7,277,normalize,cpu,1376.75,1380.54
7,277,g_a_cpu,cpu,1380.54,1380.93
7,277,g_a,dpu,1380.93,1388.57
7,277,g_a,dpu,1388.57,1397.81
7,277,g_a_cpu,cpu,1397.81,1398.41
7,277,eb_enc,cpu,1398.42,1403.6
7,282,normalize,cpu,1404.19,1419.32
7,282,g_a_cpu,cpu,1419.32,1419.84
7,282,g_a,dpu,1419.84,1425.27
7,282,g_a,dpu,1425.27,1455.33
7,282,g_a_cpu,cpu,1455.33,1456.09
7,282,eb_enc,cpu,1456.09,1461.08
7,294,normalize,cpu,1461.93,1465.69
7,294,g_a_cpu,cpu,1465.69,1466.12
7,294,g_a,dpu,1466.12,1505.34
7,294,g_a,dpu,1505.34,1519.08
7,294,g_a_cpu,cpu,1519.08,1519.63
7,294,eb_enc,cpu,1519.63,1528.45
7,306,normalize,cpu,1529.22,1533
7,306,g_a_cpu,cpu,1533.01,1533.61
7,306,g_a,dpu,1533.61,1539.27
7,306,g_a,dpu,1539.27,1544.65
7,306,g_a_cpu,cpu,1544.65,1545.11
7,306,eb_enc,cpu,1545.11,1554.46
7,312,normalize,cpu,1555.09,1558.97
7,312,g_a_cpu,cpu,1558.97,1559.37
7,312,g_a,dpu,1559.37,1571.45
7,312,g_a,dpu,1571.45,1576.7
7,312,g_a_cpu,cpu,1576.7,1577.3
7,312,eb_enc,cpu,1577.3,1583.15
7,319,normalize,cpu,1583.68,1587.6
7,319,g_a_cpu,cpu,1587.6,1588.14
7,319,g_a,dpu,1588.14,1606.16
7,319,g_a,dpu,1606.16,1611.48
7,319,g_a_cpu,cpu,1611.48,1611.93
7,319,eb_enc,cpu,1611.94,1617.16
7,327,normalize,cpu,1618.32,1622.18
7,327,g_a_cpu,cpu,1622.19,1622.87
7,327,g_a,dpu,1622.87,1636.59
7,327,g_a,dpu,1636.59,1653
7,327,g_a_cpu,cpu,1653,1653.38
7,327,eb_enc,cpu,1653.38,1658.74
7,337,normalize,cpu,1659.46,1664.2
7,337,g_a_cpu,cpu,1664.21,1664.91
7,337,g_a,dpu,1664.92,1692.77
7,337,g_a,dpu,1692.77,1709.4
7,337,g_a_cpu,cpu,1709.4,1710.16
7,337,eb_enc,cpu,1710.16,1715.11
7,349,normalize,cpu,1715.66,1719.41
7,349,g_a_cpu,cpu,1719.42,1719.78
7,349,g_a,dpu,1719.78,1730.34
7,349,g_a,dpu,1730.35,1750.91
7,349,g_a_cpu,cpu,1750.91,1751.41
7,349,eb_enc,cpu,1751.41,1757.32
7,356,normalize,cpu,1758.06,1764.37
7,356,g_a_cpu,cpu,1764.38,1765.09
7,356,g_a,dpu,1765.1,1791.72
7,356,g_a,dpu,1791.72,1808.88
7,356,g_a_cpu,cpu,1808.88,1809.4
7,356,eb_enc,cpu,1809.4,1814.41
7,368,normalize,cpu,1815.03,1824.07
7,368,g_a_cpu,cpu,1824.08,1824.48
7,368,g_a,dpu,1824.48,1833.75
7,368,g_a,dpu,1833.75,1840.93
7,368,g_a_cpu,cpu,1840.93,1841.56
7,368,eb_enc,cpu,1841.56,1848.28
7,374,normalize,cpu,1849.2,1854.26
7,374,g_a_cpu,cpu,1854.27,1854.67
7,374,g_a,dpu,1854.67,1877.99
7,374,g_a,dpu,1877.99,1887.33
7,374,g_a_cpu,cpu,1887.33,1887.86
7,374,eb_enc,cpu,1887.86,1892.86
7,385,normalize,cpu,1893.47,1897.15
7,385,g_a_cpu,cpu,1897.15,1897.57
7,385,g_a,dpu,1897.57,1927.95
7,385,g_a,dpu,1927.95,1953.51
7,385,g_a_cpu,cpu,1953.51,1954.09
7,385,eb_enc,cpu,1954.11,1959.54
7,400,normalize,cpu,1960.49,1964.15
7,400,g_a_cpu,cpu,1964.15,1964.7
7,400,g_a,dpu,1964.7,1972.92
7,400,g_a,dpu,1972.92,1992.19
7,400,g_a_cpu,cpu,1992.19,1992.84
7,400,eb_enc,cpu,1992.85,1998.45
7,409,normalize,cpu,1999.13,2002.85
7,409,g_a_cpu,cpu,2002.86,2003.31
7,409,g_a,dpu,2003.31,2033.27
7,409,g_a,dpu,2033.27,2038.57
7,409,g_a_cpu,cpu,2038.57,2039.21
7,409,eb_enc,cpu,2039.22,2044.51
7,419,normalize,cpu,2045.1,2048.81
7,419,g_a_cpu,cpu,2048.81,2049.1
7,419,g_a,dpu,2049.11,2063.96
7,419,g_a,dpu,2063.96,2069.2
7,419,g_a_cpu,cpu,2069.2,2069.8
7,419,eb_enc,cpu,2069.8,2079.66
7,426,normalize,cpu,2080.48,2088.38
7,426,g_a_cpu,cpu,2088.39,2088.95
7,426,g_a,dpu,2088.95,2099.35
7,426,g_a,dpu,2099.36,2104.57
7,426,g_a_cpu,cpu,2104.57,2104.91
7,426,eb_enc,cpu,2104.92,2109.88
7,434,normalize,cpu,2110.59,2114.33
7,434,g_a_cpu,cpu,2114.34,2114.74
7,434,g_a,dpu,2114.75,2137.7
7,434,g_a,dpu,2137.7,2154.16
7,434,g_a_cpu,cpu,2154.16,2154.55
7,434,eb_enc,cpu,2154.55,2159.68
7,444,normalize,cpu,2160.43,2164.23
7,444,g_a_cpu,cpu,2164.23,2164.69
7,444,g_a,dpu,2164.69,2170.01
7,444,g_a,dpu,2170.01,2175.27
7,444,g_a_cpu,cpu,2175.27,2175.66
7,444,eb_enc,cpu,2175.66,2180.62
7,449,normalize,cpu,2181.09,2185.55
7,449,g_a_cpu,cpu,2185.55,2185.95
7,449,g_a,dpu,2185.95,2197.92
7,449,g_a,dpu,2197.92,2212.53
7,449,g_a_cpu,cpu,2212.53,2213.17
7,449,eb_enc,cpu,2213.17,2218.27
7,457,normalize,cpu,2218.84,2222.59
7,457,g_a_cpu,cpu,2222.59,2223.01
7,457,g_a,dpu,2223.01,2241.98
7,457,g_a,dpu,2241.98,2252.05
7,457,g_a_cpu,cpu,2252.05,2253.04
7,457,eb_enc,cpu,2253.04,2258.39
7,464,normalize,cpu,2259.01,2274.58
7,464,g_a_cpu,cpu,2274.59,2275.22
7,464,g_a,dpu,2275.23,2286.14
7,464,g_a,dpu,2286.15,2291.64
7,464,g_a_cpu,cpu,2291.65,2292.76
7,464,eb_enc,cpu,2292.77,2298.9
7,472,normalize,cpu,2299.47,2313.56
7,472,g_a_cpu,cpu,2313.57,2314.27
7,472,g_a,dpu,2314.28,2324.13
7,472,g_a,dpu,2324.13,2341.83
7,472,g_a_cpu,cpu,2341.83,2342.56
7,472,eb_enc,cpu,2342.57,2348.03
7,483,normalize,cpu,2348.78,2352.56
7,483,g_a_cpu,cpu,2352.56,2356.66
7,483,g_a,dpu,2356.67,2366.17
7,483,g_a,dpu,2366.17,2371.64
7,483,g_a_cpu,cpu,2371.65,2372
7,483,eb_enc,cpu,2372,2378.89
7,492,normalize,cpu,2379.58,2384.14
7,492,g_a_cpu,cpu,2384.14,2384.53
7,492,g_a,dpu,2384.53,2394.92
7,492,g_a,dpu,2394.93,2423.8
7,492,g_a_cpu,cpu,2423.8,2424.43
7,492,eb_enc,cpu,2424.43,2434.7
7,504,normalize,cpu,2435.34,2439.09
7,504,g_a_cpu,cpu,2439.1,2439.49
7,504,g_a,dpu,2439.49,2462.31
7,504,g_a,dpu,2462.31,2467.42
7,504,g_a_cpu,cpu,2467.42,2467.96
7,504,eb_enc,cpu,2467.96,2473.64
7,511,normalize,cpu,2474.39,2478.24
7,511,g_a_cpu,cpu,2478.25,2478.82
7,511,g_a,dpu,2478.83,2488.87
7,511,g_a,dpu,2488.87,2514.14
7,511,g_a_cpu,cpu,2514.14,2515
7,511,eb_enc,cpu,2515.01,2521.07
7,522,normalize,cpu,2521.88,2525.86
7,522,g_a_cpu,cpu,2525.88,2526.53
7,522,g_a,dpu,2526.54,2537.4
7,522,g_a,dpu,2537.4,2549.43
7,522,g_a_cpu,cpu,2549.43,2550.23
7,522,eb_enc,cpu,2550.23,2555.55
7,529,normalize,cpu,2556.23,2559.89
7,529,g_a_cpu,cpu,2559.9,2560.34
7,529,g_a,dpu,2560.35,2568.06
7,529,g_a,dpu,2568.06,2577.79
7,529,g_a_cpu,cpu,2577.8,2578.51
7,529,eb_enc,cpu,2578.52,2585.54
7,534,normalize,cpu,2586.17,2590.01
7,534,g_a_cpu,cpu,2590.01,2590.35
7,534,g_a,dpu,2590.35,2605.32
7,534,g_a,dpu,2605.32,2610.62
7,534,g_a_cpu,cpu,2610.62,2611.26
7,534,eb_enc,cpu,2611.26,2616.63
7,540,normalize,cpu,2617.35,2621.05
7,540,g_a_cpu,cpu,2621.05,2621.41
7,540,g_a,dpu,2621.41,2642.49
7,540,g_a,dpu,2642.5,2662.23
7,540,g_a_cpu,cpu,2662.24,2662.76
7,540,eb_enc,cpu,2662.76,2667.85
7,552,normalize,cpu,2668.37,2672.04
7,552,g_a_cpu,cpu,2672.04,2672.44
7,552,g_a,dpu,2672.44,2682.75
7,552,g_a,dpu,2682.75,2688.19
7,552,g_a_cpu,cpu,2688.19,2688.73
7,552,eb_enc,cpu,2688.73,2694.03
7,559,normalize,cpu,2694.55,2698.26
7,559,g_a_cpu,cpu,2698.27,2698.75
7,559,g_a,dpu,2698.75,2718.01
7,559,g_a,dpu,2718.02,2723.2
7,559,g_a_cpu,cpu,2723.2,2723.6
7,559,eb_enc,cpu,2723.6,2728.76
7,566,normalize,cpu,2729.42,2733.05
7,566,g_a_cpu,cpu,2733.06,2733.66
7,566,g_a,dpu,2733.67,2770.09
7,566,g_a,dpu,2770.09,2784.54
7,566,g_a_cpu,cpu,2784.54,2785.02
7,566,eb_enc,cpu,2785.02,2790.74
7,580,normalize,cpu,2791.31,2795
7,580,g_a_cpu,cpu,2795,2795.41
7,580,g_a,dpu,2795.42,2817.35
7,580,g_a,dpu,2817.36,2837.93
7,580,g_a_cpu,cpu,2837.94,2838.8
7,580,eb_enc,cpu,2838.8,2844.57
7,590,normalize,cpu,2845.35,2849
7,590,g_a_cpu,cpu,2849.01,2849.79
7,590,g_a,dpu,2849.8,2862.32
7,590,g_a,dpu,2862.32,2867.5
7,590,g_a_cpu,cpu,2867.5,2867.97
7,590,eb_enc,cpu,2867.97,2873.11
7,596,normalize,cpu,2886.16,2889.97
7,596,g_a_cpu,cpu,2889.98,2890.76
7,596,g_a,dpu,2890.77,2936.43
7,596,g_a,dpu,2936.43,2951.79
7,596,g_a_cpu,cpu,2951.79,2952.35
7,596,eb_enc,cpu,2952.36,2957.38
7,612,normalize,cpu,2957.91,2963.86
7,612,g_a_cpu,cpu,2963.87,2964.38
7,612,g_a,dpu,2964.39,2969.81
7,612,g_a,dpu,2969.82,2981.38
7,612,g_a_cpu,cpu,2981.38,2981.92
7,612,eb_enc,cpu,2981.92,2987.18
7,619,normalize,cpu,2988.11,2991.78
7,619,g_a_cpu,cpu,2991.78,2992.22
7,619,g_a,dpu,2992.22,2997.78
7,619,g_a,dpu,2997.78,3003.31
7,619,g_a_cpu,cpu,3003.32,3003.91
7,619,eb_enc,cpu,3003.92,3014.15
7,627,normalize,cpu,3014.65,3018.44
7,627,g_a_cpu,cpu,3018.44,3019.06
7,627,g_a,dpu,3019.07,3031.39
7,627,g_a,dpu,3031.39,3049.96
7,627,g_a_cpu,cpu,3049.97,3050.48
7,627,eb_enc,cpu,3050.48,3057.39
7,636,normalize,cpu,3058.05,3068.5
7,636,g_a_cpu,cpu,3068.51,3069.28
7,636,g_a,dpu,3069.28,3080.46
7,636,g_a,dpu,3080.47,3095.91
7,636,g_a_cpu,cpu,3095.92,3096.23
7,636,eb_enc,cpu,3096.24,3101.09
7,645,normalize,cpu,3102.27,3106.14
7,645,g_a_cpu,cpu,3106.15,3109.35
7,645,g_a,dpu,3109.36,3124.66
7,645,g_a,dpu,3124.66,3141.99
7,645,g_a_cpu,cpu,3141.99,3142.36
7,645,eb_enc,cpu,3142.36,3152.1
7,654,normalize,cpu,3152.79,3156.72
7,654,g_a_cpu,cpu,3156.72,3157.18
7,654,g_a,dpu,3157.18,3172.35
7,654,g_a,dpu,3172.35,3177.55
7,654,g_a_cpu,cpu,3177.55,3177.96
7,654,eb_enc,cpu,3177.96,3183.44
7,662,normalize,cpu,3184.09,3187.91
7,662,g_a_cpu,cpu,3187.91,3188.41
7,662,g_a,dpu,3188.42,3195.42
7,662,g_a,dpu,3195.42,3200.84
7,662,g_a_cpu,cpu,3200.84,3201.43
7,662,eb_enc,cpu,3201.43,3213.45
7,668,normalize,cpu,3218.2,3221.89
7,668,g_a_cpu,cpu,3221.89,3223.02
7,668,g_a,dpu,3223.02,3229.08
7,668,g_a,dpu,3229.08,3238.48
7,668,g_a_cpu,cpu,3238.49,3238.99
7,668,eb_enc,cpu,3238.99,3252.59
7,678,normalize,cpu,3255.77,3260.54
7,678,g_a_cpu,cpu,3260.55,3261.01
7,678,g_a,dpu,3261.02,3266.47
7,678,g_a,dpu,3266.48,3275.77
7,678,g_a_cpu,cpu,3275.78,3276.23
7,678,eb_enc,cpu,3276.23,3281.7
7,685,normalize,cpu,3282.61,3290.19
7,685,g_a_cpu,cpu,3290.19,3302.85
7,685,g_a,dpu,3302.85,3313.38
7,685,g_a,dpu,3313.38,3318.81
7,685,g_a_cpu,cpu,3318.81,3319.42
7,685,eb_enc,cpu,3319.42,3324.46
7,694,normalize,cpu,3325.01,3328.71
7,694,g_a_cpu,cpu,3328.71,3329.42
7,694,g_a,dpu,3329.43,3351.71
7,694,g_a,dpu,3351.72,3366.19
7,694,g_a_cpu,cpu,3366.19,3366.6
7,694,eb_enc,cpu,3366.6,3372.22
7,704,normalize,cpu,3373.53,3377.31
7,704,g_a_cpu,cpu,3377.32,3377.78
7,704,g_a,dpu,3377.78,3393.43
7,704,g_a,dpu,3393.43,3407.39
7,704,g_a_cpu,cpu,3407.39,3407.7
7,704,eb_enc,cpu,3407.7,3412.55
7,713,normalize,cpu,3413.22,3416.89
7,713,g_a_cpu,cpu,3416.9,3417.4
7,713,g_a,dpu,3417.4,3449.35
7,713,g_a,dpu,3449.35,3454.52
7,713,g_a_cpu,cpu,3454.52,3454.85
7,713,eb_enc,cpu,3454.85,3459.78
7,722,normalize,cpu,3460.24,3463.98
7,722,g_a_cpu,cpu,3463.98,3464.5
7,722,g_a,dpu,3464.5,3485.31
7,722,g_a,dpu,3485.31,3494.76
7,722,g_a_cpu,cpu,3494.76,3495.16
7,722,eb_enc,cpu,3495.16,3500.28
7,731,normalize,cpu,3500.98,3504.74
7,731,g_a_cpu,cpu,3504.74,3505.11
7,731,g_a,dpu,3505.15,3522.13
7,731,g_a,dpu,3522.13,3527.36
7,731,g_a_cpu,cpu,3527.36,3527.98
7,731,eb_enc,cpu,3527.98,3533.08
7,738,normalize,cpu,3533.57,3537.41
7,738,g_a_cpu,cpu,3537.42,3538.09
7,738,g_a,dpu,3538.1,3554.52
7,738,g_a,dpu,3554.52,3564.32
7,738,g_a_cpu,cpu,3564.33,3565.29
7,738,eb_enc,cpu,3565.29,3578.52
7,750,normalize,cpu,3582.04,3585.73
7,750,g_a_cpu,cpu,3585.73,3586.1
7,750,g_a,dpu,3586.1,3591.79
7,750,g_a,dpu,3591.79,3597.39
7,750,g_a_cpu,cpu,3597.39,3598.31
7,750,eb_enc,cpu,3598.32,3605.28
7,755,normalize,cpu,3606,3609.79
7,755,g_a_cpu,cpu,3609.79,3610.3
7,755,g_a,dpu,3610.3,3624.29
7,755,g_a,dpu,3624.29,3638.72
7,755,g_a_cpu,cpu,3638.72,3639.51
7,755,eb_enc,cpu,3639.52,3644.91
7,763,normalize,cpu,3645.92,3649.67
7,763,g_a_cpu,cpu,3649.68,3650.23
7,763,g_a,dpu,3650.24,3671.3
7,763,g_a,dpu,3671.32,3676.69
7,763,g_a_cpu,cpu,3676.69,3677.21
7,763,eb_enc,cpu,3677.21,3682.28
7,771,normalize,cpu,3682.85,3702.07
7,771,g_a_cpu,cpu,3702.07,3702.75
7,771,g_a,dpu,3702.75,3717.37
7,771,g_a,dpu,3717.37,3739.91
7,771,g_a_cpu,cpu,3739.91,3740.23
7,771,eb_enc,cpu,3740.24,3745.27
7,784,normalize,cpu,3746.01,3750.75
7,784,g_a_cpu,cpu,3750.75,3751.46
7,784,g_a,dpu,3751.47,3766.65
7,784,g_a,dpu,3766.65,3772.05
7,784,g_a_cpu,cpu,3772.05,3772.52
7,784,eb_enc,cpu,3772.53,3777.72
7,793,normalize,cpu,3778.43,3782.16
7,793,g_a_cpu,cpu,3782.17,3782.67
7,793,g_a,dpu,3782.67,3789
7,793,g_a,dpu,3789.01,3821.61
7,793,g_a_cpu,cpu,3821.61,3821.99
7,793,eb_enc,cpu,3821.99,3826.89
7,804,normalize,cpu,3827.52,3832.26
7,804,g_a_cpu,cpu,3832.26,3832.67
7,804,g_a,dpu,3832.68,3847.4
7,804,g_a,dpu,3847.4,3854.48
7,804,g_a_cpu,cpu,3854.48,3855.13
7,804,eb_enc,cpu,3855.13,3863.65
7,810,normalize,cpu,3865.27,3869
7,810,g_a_cpu,cpu,3869.01,3869.56
7,810,g_a,dpu,3869.57,3917.37
7,810,g_a,dpu,3917.37,3931.38
7,810,g_a_cpu,cpu,3931.39,3931.82
7,810,eb_enc,cpu,3931.82,3937.01
7,825,normalize,cpu,3938.05,3941.84
7,825,g_a_cpu,cpu,3941.85,3942.26
7,825,g_a,dpu,3942.26,3955.06
7,825,g_a,dpu,3955.07,3968.52
7,825,g_a_cpu,cpu,3968.52,3969.18
7,825,eb_enc,cpu,3969.18,3975.3
7,834,normalize,cpu,3976.17,3991.18
7,834,g_a_cpu,cpu,3991.18,3991.64
7,834,g_a,dpu,3991.65,4010.33
7,834,g_a,dpu,4010.33,4020.4
7,834,g_a_cpu,cpu,4020.4,4020.85
7,834,eb_enc,cpu,4020.85,4026.09
7,847,normalize,cpu,4026.98,4030.67
7,847,g_a_cpu,cpu,4030.67,4031.08
7,847,g_a,dpu,4031.08,4052.69
7,847,g_a,dpu,4052.69,4057.85
7,847,g_a_cpu,cpu,4057.85,4058.49
7,847,eb_enc,cpu,4058.49,4064.6
7,853,normalize,cpu,4065.42,4069.38
7,853,g_a_cpu,cpu,4069.38,4070.02
7,853,g_a,dpu,4070.02,4094.02
7,853,g_a,dpu,4094.02,4099.27
7,853,g_a_cpu,cpu,4099.27,4099.83
7,853,eb_enc,cpu,4099.83,4105.08
7,865,normalize,cpu,4106.08,4109.81
7,865,g_a_cpu,cpu,4109.81,4110.36
7,865,g_a,dpu,4110.36,4119.8
7,865,g_a,dpu,4119.8,4129.3
7,865,g_a_cpu,cpu,4129.3,4130.25
7,865,eb_enc,cpu,4130.26,4135.41
7,871,normalize,cpu,4136.26,4139.96
7,871,g_a_cpu,cpu,4139.97,4140.39
7,871,g_a,dpu,4140.4,4159.99
7,871,g_a,dpu,4159.99,4182.2
7,871,g_a_cpu,cpu,4182.2,4182.75
7,871,eb_enc,cpu,4182.76,4187.84
7,883,normalize,cpu,4188.66,4192.37
7,883,g_a_cpu,cpu,4192.37,4192.7
7,883,g_a,dpu,4192.71,4220.71
7,883,g_a,dpu,4220.72,4235.84
7,883,g_a_cpu,cpu,4235.84,4236.66
7,883,eb_enc,cpu,4236.67,4242.06
7,893,normalize,cpu,4242.71,4246.38
7,893,g_a_cpu,cpu,4246.39,4246.81
7,893,g_a,dpu,4246.81,4260.91
7,893,g_a,dpu,4260.91,4289.97
7,893,g_a_cpu,cpu,4289.97,4290.37
7,893,eb_enc,cpu,4290.38,4295.28
7,906,normalize,cpu,4296.17,4299.87
7,906,g_a_cpu,cpu,4299.87,4300.44
7,906,g_a,dpu,4300.44,4310.41
7,906,g_a,dpu,4310.41,4315.53
7,906,g_a_cpu,cpu,4315.53,4315.92
7,906,eb_enc,cpu,4315.92,4327.45
7,913,normalize,cpu,4328.09,4332.59
7,913,g_a_cpu,cpu,4332.59,4333.06
7,913,g_a,dpu,4333.06,4342.28
7,913,g_a,dpu,4342.28,4365.89
7,913,g_a_cpu,cpu,4365.89,4366.33
7,913,eb_enc,cpu,4366.33,4371.76
7,923,normalize,cpu,4372.45,4376.12
7,923,g_a_cpu,cpu,4376.13,4376.63
7,923,g_a,dpu,4376.63,4386.13
7,923,g_a,dpu,4386.14,4391.56
7,923,g_a_cpu,cpu,4391.56,4392.89
7,923,eb_enc,cpu,4392.9,4398.45
8,6,normalize,cpu,76.28,79.9939
8,6,g_a_cpu,cpu,80.1063,80.6853
8,6,g_a,dpu,80.6947,102.993
8,6,g_a,dpu,102.998,108.645
8,6,g_a_cpu,cpu,108.646,109.024
8,6,eb_enc,cpu,109.031,125.285
8,15,normalize,cpu,126.171,134.369
8,15,g_a_cpu,cpu,134.378,135.081
8,15,g_a,dpu,135.085,164.615
8,15,g_a,dpu,164.622,170.856
8,15,g_a_cpu,cpu,170.858,171.499
8,15,eb_enc,cpu,171.502,176.718
8,25,normalize,cpu,178.88,182.616
8,25,g_a_cpu,cpu,182.624,183.119
8,25,g_a,dpu,183.122,216.032
8,25,g_a,dpu,216.034,236.048
8,25,g_a_cpu,cpu,236.049,236.396
8,25,eb_enc,cpu,236.403,242.087
8,38,normalize,cpu,243.288,252.858
8,38,g_a_cpu,cpu,252.863,253.456
8,38,g_a,dpu,253.461,263.748
8,38,g_a,dpu,263.75,269.589
8,38,g_a_cpu,cpu,269.59,270.055
8,38,eb_enc,cpu,270.059,275.014
8,45,normalize,cpu,275.624,279.45
8,45,g_a_cpu,cpu,279.453,279.808
8,45,g_a,dpu,279.811,310.608
8,45,g_a,dpu,310.609,326.983
8,45,g_a_cpu,cpu,326.984,327.43
8,45,eb_enc,cpu,327.433,332.621
8,57,normalize,cpu,333.453,337.072
8,57,g_a_cpu,cpu,337.077,342.323
8,57,g_a,dpu,342.328,355.453
8,57,g_a,dpu,355.465,389.02
8,57,g_a_cpu,cpu,389.024,389.559
8,57,eb_enc,cpu,389.563,394.698
8,71,normalize,cpu,416.212,419.88
8,71,g_a_cpu,cpu,419.884,420.195
8,71,g_a,dpu,420.198,428.806
8,71,g_a,dpu,428.808,442.372
8,71,g_a_cpu,cpu,442.374,442.844
8,71,eb_enc,cpu,442.846,447.981
8,78,normalize,cpu,448.769,452.543
8,78,g_a_cpu,cpu,452.549,455.997
8,78,g_a,dpu,456.003,481.057
8,78,g_a,dpu,481.06,487.246
8,78,g_a_cpu,cpu,487.248,487.768
8,78,eb_enc,cpu,487.77,493.879
8,89,normalize,cpu,494.49,500.211
8,89,g_a_cpu,cpu,500.224,500.708
8,89,g_a,dpu,500.713,529.267
8,89,g_a,dpu,529.27,535.168
8,89,g_a_cpu,cpu,535.17,535.555
8,89,eb_enc,cpu,535.557,540.423
8,100,normalize,cpu,541.231,544.87
8,100,g_a_cpu,cpu,544.876,545.311
8,100,g_a,dpu,545.314,557.899
8,100,g_a,dpu,557.9,578.954
8,100,g_a_cpu,cpu,578.956,579.518
8,100,eb_enc,cpu,579.519,584.496
8,110,normalize,cpu,585.228,588.854
8,110,g_a_cpu,cpu,588.857,589.238
8,110,g_a,dpu,589.241,610.911
8,110,g_a,dpu,610.913,616.32
8,110,g_a_cpu,cpu,616.326,616.981
8,110,eb_enc,cpu,617.009,624.014
8,117,normalize,cpu,630.03,635.855
8,117,g_a_cpu,cpu,635.858,636.268
8,117,g_a,dpu,636.271,656.773
8,117,g_a,dpu,656.779,668.529
8,117,g_a_cpu,cpu,668.537,669.312
8,117,eb_enc,cpu,669.321,674.963
8,127,normalize,cpu,675.533,680.787
8,127,g_a_cpu,cpu,680.792,681.206
8,127,g_a,dpu,681.21,695.739
8,127,g_a,dpu,695.74,714.176
8,127,g_a_cpu,cpu,714.18,714.755
8,127,eb_enc,cpu,714.757,719.957
8,136,normalize,cpu,720.524,724.29
8,136,g_a_cpu,cpu,724.294,724.695
8,136,g_a,dpu,724.698,735.02
8,136,g_a,dpu,735.022,770.304
8,136,g_a_cpu,cpu,770.307,771.13
8,136,eb_enc,cpu,771.134,776.361
8,148,normalize,cpu,777.025,780.917
8,148,g_a_cpu,cpu,780.922,781.329
8,148,g_a,dpu,781.332,800.099
8,148,g_a,dpu,800.101,811.927
8,148,g_a_cpu,cpu,811.932,812.503
8,148,eb_enc,cpu,812.505,817.752
8,158,normalize,cpu,818.696,830.176
8,158,g_a_cpu,cpu,830.179,830.636
8,158,g_a,dpu,830.639,852.728
8,158,g_a,dpu,852.73,869.443
8,158,g_a_cpu,cpu,869.445,869.831
8,158,eb_enc,cpu,869.835,874.872
8,170,normalize,cpu,875.765,879.499
8,170,g_a_cpu,cpu,879.503,879.954
8,170,g_a,dpu,879.956,914.435
8,170,g_a,dpu,914.436,920.076
8,170,g_a_cpu,cpu,920.078,920.501
8,170,eb_enc,cpu,920.504,925.838
8,180,normalize,cpu,926.455,933.468
8,180,g_a_cpu,cpu,933.473,933.927
8,180,g_a,dpu,933.93,966.514
8,180,g_a,dpu,966.517,983.189
8,180,g_a_cpu,cpu,983.193,983.785
8,180,eb_enc,cpu,983.793,988.938
8,194,normalize,cpu,990.102,993.9
8,194,g_a_cpu,cpu,993.909,994.671
8,194,g_a,dpu,994.677,1006.4
8,194,g_a,dpu,1006.4,1012.22
8,194,g_a_cpu,cpu,1012.23,1012.98
8,194,eb_enc,cpu,1012.99,1018.82
8,200,normalize,cpu,1019.64,1025.1
8,200,g_a_cpu,cpu,1025.11,1025.86
8,200,g_a,dpu,1025.87,1061.79
8,200,g_a,dpu,1061.79,1067.45
8,200,g_a_cpu,cpu,1067.45,1067.87
8,200,eb_enc,cpu,1067.87,1073.18
8,211,normalize,cpu,1073.8,1078.12
8,211,g_a_cpu,cpu,1078.12,1078.55
8,211,g_a,dpu,1078.56,1098.4
8,211,g_a,dpu,1098.4,1128.67
8,211,g_a_cpu,cpu,1128.67,1129.03
8,211,eb_enc,cpu,1129.03,1133.93
8,224,normalize,cpu,1134.54,1138.23
8,224,g_a_cpu,cpu,1138.24,1138.77
8,224,g_a,dpu,1138.78,1159.04
8,224,g_a,dpu,1159.05,1175.05
8,224,g_a_cpu,cpu,1175.05,1175.6
8,224,eb_enc,cpu,1175.61,1180.69
8,235,normalize,cpu,1181.47,1185.1
8,235,g_a_cpu,cpu,1185.11,1197.5
8,235,g_a,dpu,1197.51,1237.66
8,235,g_a,dpu,1237.66,1253.52
8,235,g_a_cpu,cpu,1253.52,1254.05
8,235,eb_enc,cpu,1254.05,1259.5
8,250,normalize,cpu,1260.46,1264.11
8,250,g_a_cpu,cpu,1264.12,1265.35
8,250,g_a,dpu,1265.36,1294.2
8,250,g_a,dpu,1294.2,1300.14
8,250,g_a_cpu,cpu,1300.14,1300.53
8,250,eb_enc,cpu,1300.53,1305.98
8,260,normalize,cpu,1306.64,1310.41
8,260,g_a_cpu,cpu,1310.41,1310.92
8,260,g_a,dpu,1310.93,1358.12
8,260,g_a,dpu,1358.13,1368.25
8,260,g_a_cpu,cpu,1368.25,1368.72
8,260,eb_enc,cpu,1368.72,1374.08
8,275,normalize,cpu,1374.76,1382.29
8,275,g_a_cpu,cpu,1382.29,1382.68
8,275,g_a,dpu,1382.68,1389.33
8,275,g_a,dpu,1389.33,1409.45
8,275,g_a_cpu,cpu,1409.45,1410.1
8,275,eb_enc,cpu,1410.1,1415.26
8,285,normalize,cpu,1415.86,1424.08
8,285,g_a_cpu,cpu,1424.08,1424.43
8,285,g_a,dpu,1424.43,1431.09
8,285,g_a,dpu,1431.09,1441.16
8,285,g_a_cpu,cpu,1441.16,1441.69
8,285,eb_enc,cpu,1441.69,1447.22
8,292,normalize,cpu,1448.31,1454.86
8,292,g_a_cpu,cpu,1454.86,1455.24
8,292,g_a,dpu,1455.25,1472.64
8,292,g_a,dpu,1472.64,1496.46
8,292,g_a_cpu,cpu,1496.47,1496.94
8,292,eb_enc,cpu,1496.94,1502.19
8,302,normalize,cpu,1502.81,1508.78
8,302,g_a_cpu,cpu,1508.79,1509.35
8,302,g_a,dpu,1509.35,1532.28
8,302,g_a,dpu,1532.28,1542.9
8,302,g_a_cpu,cpu,1542.91,1543.67
8,302,eb_enc,cpu,1543.68,1548.84
8,311,normalize,cpu,1549.36,1553
8,311,g_a_cpu,cpu,1553.01,1555.35
8,311,g_a,dpu,1555.36,1573.9
8,311,g_a,dpu,1573.9,1592.95
8,311,g_a_cpu,cpu,1592.95,1593.58
8,311,eb_enc,cpu,1593.59,1598.7
8,322,normalize,cpu,1599.37,1603.09
8,322,g_a_cpu,cpu,1603.09,1603.43
8,322,g_a,dpu,1603.43,1612.37
8,322,g_a,dpu,1612.37,1619.28
8,322,g_a_cpu,cpu,1619.28,1619.83
8,322,eb_enc,cpu,1619.83,1625.86
8,329,normalize,cpu,1626.45,1630.3
8,329,g_a_cpu,cpu,1630.31,1630.75
8,329,g_a,dpu,1630.75,1637.33
8,329,g_a,dpu,1637.34,1657.64
8,329,g_a_cpu,cpu,1657.64,1658.21
8,329,eb_enc,cpu,1658.22,1663.74
8,338,normalize,cpu,1664.8,1669.28
8,338,g_a_cpu,cpu,1669.28,1669.83
8,338,g_a,dpu,1669.84,1680.47
8,338,g_a,dpu,1680.47,1714.65
8,338,g_a_cpu,cpu,1714.65,1715.05
8,338,eb_enc,cpu,1715.05,1720
8,351,normalize,cpu,1720.48,1724.16
8,351,g_a_cpu,cpu,1724.17,1724.82
8,351,g_a,dpu,1724.83,1742.78
8,351,g_a,dpu,1742.78,1753.71
8,351,g_a_cpu,cpu,1753.72,1754.39
8,351,eb_enc,cpu,1754.39,1760.33
8,357,normalize,cpu,1761,1765.45
8,357,g_a_cpu,cpu,1765.45,1766.04
8,357,g_a,dpu,1766.04,1798.45
8,357,g_a,dpu,1798.46,1816.04
8,357,g_a_cpu,cpu,1816.04,1816.43
8,357,eb_enc,cpu,1816.43,1821.57
8,370,normalize,cpu,1822.38,1826.1
8,370,g_a_cpu,cpu,1826.11,1826.41
8,370,g_a,dpu,1826.41,1837.35
8,370,g_a,dpu,1837.35,1843.28
8,370,g_a_cpu,cpu,1843.29,1843.9
8,370,eb_enc,cpu,1843.91,1856.75
8,378,normalize,cpu,1857.44,1861.09
8,378,g_a_cpu,cpu,1861.09,1861.63
8,378,g_a,dpu,1861.64,1878.66
8,378,g_a,dpu,1878.66,1889.26
8,378,g_a_cpu,cpu,1889.26,1889.69
8,378,eb_enc,cpu,1889.69,1900.88
8,388,normalize,cpu,1901.46,1905.08
8,388,g_a_cpu,cpu,1905.08,1905.54
8,388,g_a,dpu,1905.55,1926.49
8,388,g_a,dpu,1926.5,1954.02
8,388,g_a_cpu,cpu,1954.02,1954.91
8,388,eb_enc,cpu,1954.91,1961.07
8,401,normalize,cpu,1961.79,1968.55
8,401,g_a_cpu,cpu,1968.55,1969.35
8,401,g_a,dpu,1969.36,1987.2
8,401,g_a,dpu,1987.21,1993.71
8,401,g_a_cpu,cpu,1993.71,1994.48
8,401,eb_enc,cpu,1994.48,1999.64
8,410,normalize,cpu,2000.44,2004.15
8,410,g_a_cpu,cpu,2004.16,2004.89
8,410,g_a,dpu,2004.9,2011.68
8,410,g_a,dpu,2011.68,2017.3
8,410,g_a_cpu,cpu,2017.3,2017.76
8,410,eb_enc,cpu,2017.77,2022.76
8,414,normalize,cpu,2023.62,2027.31
8,414,g_a_cpu,cpu,2027.32,2027.86
8,414,g_a,dpu,2027.87,2047.32
8,414,g_a,dpu,2047.32,2062.32
8,414,g_a_cpu,cpu,2062.32,2062.83
8,414,eb_enc,cpu,2062.83,2067.89
8,423,normalize,cpu,2068.56,2072.29
8,423,g_a_cpu,cpu,2072.29,2072.67
8,423,g_a,dpu,2072.67,2085.48
8,423,g_a,dpu,2085.48,2096.3
8,423,g_a_cpu,cpu,2096.3,2096.69
8,423,eb_enc,cpu,2096.69,2101.86
8,432,normalize,cpu,2102.61,2106.42
8,432,g_a_cpu,cpu,2106.42,2106.93
8,432,g_a,dpu,2106.93,2127.28
8,432,g_a,dpu,2127.29,2143.63
8,432,g_a_cpu,cpu,2143.63,2144
8,432,eb_enc,cpu,2144.01,2148.9
8,441,normalize,cpu,2149.86,2153.53
8,441,g_a_cpu,cpu,2153.53,2153.88
8,441,g_a,dpu,2153.88,2181.38
8,441,g_a,dpu,2181.39,2194.67
8,441,g_a_cpu,cpu,2194.67,2195.13
8,441,eb_enc,cpu,2195.13,2200.37
8,453,normalize,cpu,2200.95,2204.62
8,453,g_a_cpu,cpu,2204.63,2205.27
8,453,g_a,dpu,2205.27,2247.89
8,453,g_a,dpu,2247.89,2279.03
8,453,g_a_cpu,cpu,2279.04,2279.62
8,453,eb_enc,cpu,2279.62,2284.56
8,470,normalize,cpu,2285.17,2288.84
8,470,g_a_cpu,cpu,2288.85,2289.59
8,470,g_a,dpu,2289.6,2308.33
8,470,g_a,dpu,2308.33,2315.14
8,470,g_a_cpu,cpu,2315.14,2315.58
8,470,eb_enc,cpu,2315.58,2320.83
8,479,normalize,cpu,2321.32,2325.75
8,479,g_a_cpu,cpu,2325.76,2326.19
8,479,g_a,dpu,2326.2,2331.89
8,479,g_a,dpu,2331.89,2342.22
8,479,g_a_cpu,cpu,2342.23,2342.93
8,479,eb_enc,cpu,2342.94,2348.21
8,484,normalize,cpu,2348.78,2352.68
8,484,g_a_cpu,cpu,2352.69,2353.51
8,484,g_a,dpu,2353.53,2380.76
8,484,g_a,dpu,2380.76,2396.58
8,484,g_a_cpu,cpu,2396.58,2397.27
8,484,eb_enc,cpu,2397.27,2402.5
8,496,normalize,cpu,2403.5,2407.3
8,496,g_a_cpu,cpu,2407.3,2407.83
8,496,g_a,dpu,2407.83,2417.34
8,496,g_a,dpu,2417.35,2427.9
8,496,g_a_cpu,cpu,2427.9,2428.45
8,496,eb_enc,cpu,2428.45,2434.7
8,503,normalize,cpu,2435.34,2439.2
8,503,g_a_cpu,cpu,2439.21,2439.6
8,503,g_a,dpu,2439.6,2476.66
8,503,g_a,dpu,2476.66,2488.64
8,503,g_a_cpu,cpu,2488.65,2489.29
8,503,eb_enc,cpu,2489.3,2494.45
8,517,normalize,cpu,2495.16,2498.88
8,517,g_a_cpu,cpu,2498.89,2499.46
8,517,g_a,dpu,2499.46,2510.24
8,517,g_a,dpu,2510.25,2517.52
8,517,g_a_cpu,cpu,2517.52,2518.18
8,517,eb_enc,cpu,2518.18,2538.75
8,526,normalize,cpu,2539.84,2555.83
8,526,g_a_cpu,cpu,2555.83,2556.34
8,526,g_a,dpu,2556.35,2563.45
8,526,g_a,dpu,2563.46,2577.63
8,526,g_a_cpu,cpu,2577.63,2578.29
8,526,eb_enc,cpu,2578.3,2586.19
8,535,normalize,cpu,2586.72,2595.17
8,535,g_a_cpu,cpu,2595.17,2595.55
8,535,g_a,dpu,2595.55,2601.08
8,535,g_a,dpu,2601.08,2636.46
8,535,g_a_cpu,cpu,2636.47,2636.85
8,535,eb_enc,cpu,2636.86,2641.9
8,547,normalize,cpu,2642.98,2646.71
8,547,g_a_cpu,cpu,2646.72,2647.35
8,547,g_a,dpu,2647.35,2665.75
8,547,g_a,dpu,2665.76,2694.81
8,547,g_a_cpu,cpu,2694.82,2695.27
8,547,eb_enc,cpu,2695.27,2700.4
8,560,normalize,cpu,2701.4,2705.03
8,560,g_a_cpu,cpu,2705.05,2705.63
8,560,g_a,dpu,2705.63,2715.95
8,560,g_a,dpu,2715.95,2721.48
8,560,g_a_cpu,cpu,2721.48,2721.93
8,560,eb_enc,cpu,2721.93,2729.63
8,567,normalize,cpu,2730.2,2733.9
8,567,g_a_cpu,cpu,2733.9,2734.4
8,567,g_a,dpu,2734.4,2760.91
8,567,g_a,dpu,2760.92,2777.09
8,567,g_a_cpu,cpu,2777.09,2777.66
8,567,eb_enc,cpu,2777.67,2782.88
8,577,normalize,cpu,2784.16,2787.81
8,577,g_a_cpu,cpu,2787.82,2788.22
8,577,g_a,dpu,2788.22,2807.25
8,577,g_a,dpu,2807.25,2813.04
8,577,g_a_cpu,cpu,2813.04,2813.59
8,577,eb_enc,cpu,2813.59,2820.37
8,585,normalize,cpu,2821.18,2825.68
8,585,g_a_cpu,cpu,2825.68,2826.13
8,585,g_a,dpu,2826.13,2850.83
8,585,g_a,dpu,2850.83,2874.12
8,585,g_a_cpu,cpu,2874.12,2874.72
8,585,eb_enc,cpu,2874.72,2879.99
8,598,normalize,cpu,2881.15,2884.82
8,598,g_a_cpu,cpu,2884.82,2885.44
8,598,g_a,dpu,2885.44,2897.95
8,598,g_a,dpu,2897.96,2921.02
8,598,g_a_cpu,cpu,2921.02,2921.53
8,598,eb_enc,cpu,2921.53,2926.42
8,607,normalize,cpu,2926.95,2930.68
8,607,g_a_cpu,cpu,2930.68,2931.06
8,607,g_a,dpu,2931.06,2943.97
8,607,g_a,dpu,2943.97,2966.54
8,607,g_a_cpu,cpu,2966.54,2967.22
8,607,eb_enc,cpu,2967.22,2972.37
8,617,normalize,cpu,2972.91,2976.57
8,617,g_a_cpu,cpu,2976.57,2977.08
8,617,g_a,dpu,2977.08,2999.59
8,617,g_a,dpu,2999.6,3010.66
8,617,g_a_cpu,cpu,3010.66,3011.09
8,617,eb_enc,cpu,3011.09,3016.02
8,628,normalize,cpu,3016.58,3020.46
8,628,g_a_cpu,cpu,3020.47,3020.81
8,628,g_a,dpu,3020.81,3038.49
8,628,g_a,dpu,3038.49,3064.23
8,628,g_a_cpu,cpu,3064.24,3064.61
8,628,eb_enc,cpu,3064.61,3071.77
8,639,normalize,cpu,3072.56,3076.49
8,639,g_a_cpu,cpu,3076.5,3077.03
8,639,g_a,dpu,3077.04,3098.14
8,639,g_a,dpu,3098.14,3119.45
8,639,g_a_cpu,cpu,3119.46,3119.98
8,639,eb_enc,cpu,3119.98,3125.5
8,648,normalize,cpu,3126.2,3132.49
8,648,g_a_cpu,cpu,3132.49,3133.25
8,648,g_a,dpu,3133.26,3150.34
8,648,g_a,dpu,3150.34,3160.5
8,648,g_a_cpu,cpu,3160.5,3160.89
8,648,eb_enc,cpu,3160.89,3166.06
8,658,normalize,cpu,3166.69,3170.54
8,658,g_a_cpu,cpu,3170.55,3171.09
8,658,g_a,dpu,3171.09,3202.54
8,658,g_a,dpu,3202.54,3208.46
8,658,g_a_cpu,cpu,3208.46,3209.01
8,658,eb_enc,cpu,3209.01,3214.27
8,669,normalize,cpu,3214.87,3218.6
8,669,g_a_cpu,cpu,3218.6,3218.97
8,669,g_a,dpu,3218.97,3224.98
8,669,g_a,dpu,3224.98,3235.56
8,669,g_a_cpu,cpu,3235.56,3235.96
8,669,eb_enc,cpu,3235.97,3241.31
8,674,normalize,cpu,3241.98,3245.82
8,674,g_a_cpu,cpu,3245.83,3246.4
8,674,g_a,dpu,3246.4,3256.91
8,674,g_a,dpu,3256.91,3273.89
8,674,g_a_cpu,cpu,3273.89,3274.38
8,674,eb_enc,cpu,3274.38,3279.53
8,683,normalize,cpu,3280.23,3284.94
8,683,g_a_cpu,cpu,3284.95,3285.44
8,683,g_a,dpu,3285.45,3297.54
8,683,g_a,dpu,3297.54,3303.54
8,683,g_a_cpu,cpu,3303.54,3304.14
8,683,eb_enc,cpu,3304.14,3309.73
8,691,normalize,cpu,3310.26,3314.09
8,691,g_a_cpu,cpu,3314.1,3314.81
8,691,g_a,dpu,3314.81,3335.35
8,691,g_a,dpu,3335.36,3342.3
8,691,g_a_cpu,cpu,3342.31,3343.19
8,691,eb_enc,cpu,3343.2,3348.98
8,699,normalize,cpu,3349.86,3354.78
8,699,g_a_cpu,cpu,3354.79,3355.3
8,699,g_a,dpu,3355.3,3366.12
8,699,g_a,dpu,3366.12,3372.12
8,699,g_a_cpu,cpu,3372.13,3372.96
8,699,eb_enc,cpu,3372.96,3378.43
8,705,normalize,cpu,3379.44,3383.16
8,705,g_a_cpu,cpu,3383.17,3383.66
8,705,g_a,dpu,3383.66,3390.21
8,705,g_a,dpu,3390.21,3419.4
8,705,g_a_cpu,cpu,3419.4,3419.82
8,705,eb_enc,cpu,3419.83,3425.06
8,714,normalize,cpu,3425.76,3429.63
8,714,g_a_cpu,cpu,3429.64,3430.45
8,714,g_a,dpu,3430.45,3452.92
8,714,g_a,dpu,3452.92,3481.35
8,714,g_a_cpu,cpu,3481.36,3481.76
8,714,eb_enc,cpu,3481.76,3487.21
8,728,normalize,cpu,3487.77,3495.08
8,728,g_a_cpu,cpu,3495.08,3495.73
8,728,g_a,dpu,3495.73,3511.92
8,728,g_a,dpu,3511.92,3517.6
8,728,g_a_cpu,cpu,3517.6,3518.2
8,728,eb_enc,cpu,3518.21,3523.4
8,736,normalize,cpu,3524.4,3528.22
8,736,g_a_cpu,cpu,3528.22,3528.69
8,736,g_a,dpu,3528.69,3550.05
8,736,g_a,dpu,3550.05,3556.14
8,736,g_a_cpu,cpu,3556.14,3556.5
8,736,eb_enc,cpu,3556.5,3562.64
8,746,normalize,cpu,3563.43,3576.73
8,746,g_a_cpu,cpu,3576.73,3577.11
8,746,g_a,dpu,3577.11,3587.8
8,746,g_a,dpu,3587.8,3597.61
8,746,g_a_cpu,cpu,3597.61,3598.91
8,746,eb_enc,cpu,3598.91,3606.45
8,756,normalize,cpu,3607.39,3619.84
8,756,g_a_cpu,cpu,3619.85,3620.34
8,756,g_a,dpu,3620.34,3666.52
8,756,g_a,dpu,3666.52,3672.23
8,756,g_a_cpu,cpu,3672.23,3672.92
8,756,eb_enc,cpu,3672.92,3678.28
8,770,normalize,cpu,3678.78,3683.68
8,770,g_a_cpu,cpu,3683.68,3684.07
8,770,g_a,dpu,3684.07,3713.26
8,770,g_a,dpu,3713.26,3719.02
8,770,g_a_cpu,cpu,3719.02,3719.49
8,770,eb_enc,cpu,3719.5,3724.51
8,780,normalize,cpu,3725.1,3728.86
8,780,g_a_cpu,cpu,3728.87,3729.33
8,780,g_a,dpu,3729.33,3746.4
8,780,g_a,dpu,3746.41,3756.92
8,780,g_a_cpu,cpu,3756.92,3757.37
8,780,eb_enc,cpu,3757.38,3762.98
8,788,normalize,cpu,3763.89,3768.39
8,788,g_a_cpu,cpu,3768.4,3768.97
8,788,g_a,dpu,3768.98,3796.7
8,788,g_a,dpu,3796.7,3802.86
8,788,g_a_cpu,cpu,3802.86,3803.47
8,788,eb_enc,cpu,3803.47,3808.91
8,799,normalize,cpu,3809.8,3813.57
8,799,g_a_cpu,cpu,3813.58,3813.93
8,799,g_a,dpu,3813.93,3829.35
8,799,g_a,dpu,3829.36,3835.19
8,799,g_a_cpu,cpu,3835.19,3835.67
8,799,eb_enc,cpu,3835.67,3840.61
8,805,normalize,cpu,3841.49,3845.15
8,805,g_a_cpu,cpu,3845.15,3845.62
8,805,g_a,dpu,3845.63,3859.79
8,805,g_a,dpu,3859.79,3873.6
8,805,g_a_cpu,cpu,3873.6,3874.39
8,805,eb_enc,cpu,3874.4,3885.87
8,817,normalize,cpu,3886.5,3892.02
8,817,g_a_cpu,cpu,3892.03,3892.47
8,817,g_a,dpu,3892.48,3902.2
8,817,g_a,dpu,3902.21,3925.81
8,817,g_a_cpu,cpu,3925.81,3926.18
8,817,eb_enc,cpu,3926.18,3931.35
8,824,normalize,cpu,3933.18,3936.86
8,824,g_a_cpu,cpu,3936.87,3938.41
8,824,g_a,dpu,3938.41,3953.56
8,824,g_a,dpu,3953.57,3980.67
8,824,g_a_cpu,cpu,3980.67,3981.1
8,824,eb_enc,cpu,3981.1,3986.09
8,838,normalize,cpu,3986.68,3993.53
8,838,g_a_cpu,cpu,3993.54,3993.93
8,838,g_a,dpu,3993.93,4004.33
8,838,g_a,dpu,4004.33,4012.38
8,838,g_a_cpu,cpu,4012.38,4012.75
8,838,eb_enc,cpu,4012.75,4018.22
8,845,normalize,cpu,4018.8,4023.51
8,845,g_a_cpu,cpu,4023.52,4023.93
8,845,g_a,dpu,4023.94,4036.47
8,845,g_a,dpu,4036.48,4063.05
8,845,g_a_cpu,cpu,4063.05,4063.71
8,845,eb_enc,cpu,4063.71,4074.75
8,856,normalize,cpu,4075.65,4079.56
8,856,g_a_cpu,cpu,4079.57,4081.64
8,856,g_a,dpu,4081.64,4090.88
8,856,g_a,dpu,4090.9,4096.64
8,856,g_a_cpu,cpu,4096.64,4097.06
8,856,eb_enc,cpu,4097.06,4103.75
8,864,normalize,cpu,4104.4,4109.16
8,864,g_a_cpu,cpu,4109.16,4109.61
8,864,g_a,dpu,4109.62,4117.87
8,864,g_a,dpu,4117.88,4128.31
8,864,g_a_cpu,cpu,4128.31,4128.8
8,864,eb_enc,cpu,4128.8,4141.66
8,873,normalize,cpu,4142.23,4146.63
8,873,g_a_cpu,cpu,4146.64,4147.05
8,873,g_a,dpu,4147.06,4156.09
8,873,g_a,dpu,4156.1,4172.81
8,873,g_a_cpu,cpu,4172.81,4173.43
8,873,eb_enc,cpu,4173.43,4179.35
8,880,normalize,cpu,4179.97,4189.5
8,880,g_a_cpu,cpu,4189.51,4189.88
8,880,g_a,dpu,4189.89,4204.11
8,880,g_a,dpu,4204.11,4209.82
8,880,g_a_cpu,cpu,4209.83,4210.42
8,880,eb_enc,cpu,4210.42,4215.45
8,889,normalize,cpu,4216.07,4219.74
8,889,g_a_cpu,cpu,4219.74,4220.1
8,889,g_a,dpu,4220.1,4233.03
8,889,g_a,dpu,4233.04,4257.64
8,889,g_a_cpu,cpu,4257.65,4258.08
8,889,eb_enc,cpu,4258.08,4263.31
8,899,normalize,cpu,4263.85,4267.51
8,899,g_a_cpu,cpu,4267.51,4267.95
8,899,g_a,dpu,4267.95,4281.31
8,899,g_a,dpu,4281.31,4301.66
8,899,g_a_cpu,cpu,4301.66,4302.05
8,899,eb_enc,cpu,4302.06,4307.2
8,909,normalize,cpu,4307.93,4311.6
8,909,g_a_cpu,cpu,4311.6,4311.93
8,909,g_a,dpu,4311.93,4330.07
8,909,g_a,dpu,4330.07,4343.16
8,909,g_a_cpu,cpu,4343.16,4343.53
8,909,eb_enc,cpu,4343.54,4348.75
8,917,normalize,cpu,4349.62,4353.3
8,917,g_a_cpu,cpu,4353.31,4353.76
8,917,g_a,dpu,4353.77,4392.2
8,917,g_a,dpu,4392.21,4402.46
8,917,g_a_cpu,cpu,4402.46,4402.87
8,917,eb_enc,cpu,4402.87,4407.92
